route;date;hour;prediction
1;2025-11-01;0;2
1;2025-11-01;1;0
1;2025-11-01;2;0
1;2025-11-01;3;0
1;2025-11-01;4;6
1;2025-11-01;5;115
1;2025-11-01;6;445
1;2025-11-01;7;1271
1;2025-11-01;8;1567
1;2025-11-01;9;1234
1;2025-11-01;10;1128
1;2025-11-01;11;1174
1;2025-11-01;12;1182
1;2025-11-01;13;1208
1;2025-11-01;14;1197
1;2025-11-01;15;1325
1;2025-11-01;16;1367
1;2025-11-01;17;1516
1;2025-11-01;18;1291
1;2025-11-01;19;1090
1;2025-11-01;20;690
1;2025-11-01;21;411
1;2025-11-01;22;173
1;2025-11-01;23;39
1;2025-11-02;0;1
1;2025-11-02;1;0
1;2025-11-02;2;0
1;2025-11-02;3;0
1;2025-11-02;4;0
1;2025-11-02;5;23
1;2025-11-02;6;121
1;2025-11-02;7;263
1;2025-11-02;8;360
1;2025-11-02;9;609
1;2025-11-02;10;687
1;2025-11-02;11;721
1;2025-11-02;12;828
1;2025-11-02;13;845
1;2025-11-02;14;804
1;2025-11-02;15;733
1;2025-11-02;16;685
1;2025-11-02;17;630
1;2025-11-02;18;524
1;2025-11-02;19;458
1;2025-11-02;20;342
1;2025-11-02;21;276
1;2025-11-02;22;109
1;2025-11-02;23;27
1;2025-11-03;0;1
1;2025-11-03;1;0
1;2025-11-03;2;0
1;2025-11-03;3;0
1;2025-11-03;4;0
1;2025-11-03;5;32
1;2025-11-03;6;135
1;2025-11-03;7;278
1;2025-11-03;8;369
1;2025-11-03;9;601
1;2025-11-03;10;669
1;2025-11-03;11;672
1;2025-11-03;12;772
1;2025-11-03;13;794
1;2025-11-03;14;740
1;2025-11-03;15;685
1;2025-11-03;16;669
1;2025-11-03;17;617
1;2025-11-03;18;522
1;2025-11-03;19;475
1;2025-11-03;20;362
1;2025-11-03;21;290
1;2025-11-03;22;124
1;2025-11-03;23;41
1;2025-11-04;0;1
1;2025-11-04;1;0
1;2025-11-04;2;0
1;2025-11-04;3;0
1;2025-11-04;4;0
1;2025-11-04;5;29
1;2025-11-04;6;131
1;2025-11-04;7;274
1;2025-11-04;8;364
1;2025-11-04;9;584
1;2025-11-04;10;652
1;2025-11-04;11;664
1;2025-11-04;12;756
1;2025-11-04;13;784
1;2025-11-04;14;773
1;2025-11-04;15;709
1;2025-11-04;16;666
1;2025-11-04;17;611
1;2025-11-04;18;520
1;2025-11-04;19;470
1;2025-11-04;20;359
1;2025-11-04;21;288
1;2025-11-04;22;120
1;2025-11-04;23;39
1;2025-11-05;0;3
1;2025-11-05;1;0
1;2025-11-05;2;0
1;2025-11-05;3;0
1;2025-11-05;4;8
1;2025-11-05;5;121
1;2025-11-05;6;527
1;2025-11-05;7;1505
1;2025-11-05;8;1977
1;2025-11-05;9;1513
1;2025-11-05;10;1373
1;2025-11-05;11;1381
1;2025-11-05;12;1405
1;2025-11-05;13;1445
1;2025-11-05;14;1399
1;2025-11-05;15;1497
1;2025-11-05;16;1535
1;2025-11-05;17;1802
1;2025-11-05;18;1827
1;2025-11-05;19;1355
1;2025-11-05;20;890
1;2025-11-05;21;485
1;2025-11-05;22;197
1;2025-11-05;23;37
1;2025-11-06;0;3
1;2025-11-06;1;0
1;2025-11-06;2;0
1;2025-11-06;3;0
1;2025-11-06;4;8
1;2025-11-06;5;122
1;2025-11-06;6;528
1;2025-11-06;7;1506
1;2025-11-06;8;1980
1;2025-11-06;9;1515
1;2025-11-06;10;1375
1;2025-11-06;11;1379
1;2025-11-06;12;1407
1;2025-11-06;13;1446
1;2025-11-06;14;1398
1;2025-11-06;15;1494
1;2025-11-06;16;1534
1;2025-11-06;17;1803
1;2025-11-06;18;1827
1;2025-11-06;19;1355
1;2025-11-06;20;892
1;2025-11-06;21;487
1;2025-11-06;22;199
1;2025-11-06;23;39
1;2025-11-07;0;2
1;2025-11-07;1;0
1;2025-11-07;2;0
1;2025-11-07;3;0
1;2025-11-07;4;7
1;2025-11-07;5;138
1;2025-11-07;6;522
1;2025-11-07;7;1498
1;2025-11-07;8;1839
1;2025-11-07;9;1439
1;2025-11-07;10;1314
1;2025-11-07;11;1375
1;2025-11-07;12;1379
1;2025-11-07;13;1412
1;2025-11-07;14;1399
1;2025-11-07;15;1552
1;2025-11-07;16;1603
1;2025-11-07;17;1785
1;2025-11-07;18;1512
1;2025-11-07;19;1281
1;2025-11-07;20;809
1;2025-11-07;21;484
1;2025-11-07;22;201
1;2025-11-07;23;43
1;2025-11-08;0;3
1;2025-11-08;1;0
1;2025-11-08;2;0
1;2025-11-08;3;0
1;2025-11-08;4;0
1;2025-11-08;5;35
1;2025-11-08;6;176
1;2025-11-08;7;380
1;2025-11-08;8;547
1;2025-11-08;9;799
1;2025-11-08;10;945
1;2025-11-08;11;942
1;2025-11-08;12;1107
1;2025-11-08;13;1162
1;2025-11-08;14;1094
1;2025-11-08;15;974
1;2025-11-08;16;863
1;2025-11-08;17;811
1;2025-11-08;18;711
1;2025-11-08;19;597
1;2025-11-08;20;458
1;2025-11-08;21;327
1;2025-11-08;22;130
1;2025-11-08;23;28
1;2025-11-09;0;1
1;2025-11-09;1;0
1;2025-11-09;2;0
1;2025-11-09;3;0
1;2025-11-09;4;0
1;2025-11-09;5;27
1;2025-11-09;6;124
1;2025-11-09;7;270
1;2025-11-09;8;367
1;2025-11-09;9;614
1;2025-11-09;10;686
1;2025-11-09;11;716
1;2025-11-09;12;838
1;2025-11-09;13;869
1;2025-11-09;14;805
1;2025-11-09;15;738
1;2025-11-09;16;696
1;2025-11-09;17;640
1;2025-11-09;18;527
1;2025-11-09;19;462
1;2025-11-09;20;347
1;2025-11-09;21;279
1;2025-11-09;22;109
1;2025-11-09;23;27
1;2025-11-10;0;1
1;2025-11-10;1;0
1;2025-11-10;2;0
1;2025-11-10;3;0
1;2025-11-10;4;9
1;2025-11-10;5;136
1;2025-11-10;6;512
1;2025-11-10;7;1480
1;2025-11-10;8;1963
1;2025-11-10;9;1488
1;2025-11-10;10;1274
1;2025-11-10;11;1248
1;2025-11-10;12;1341
1;2025-11-10;13;1417
1;2025-11-10;14;1443
1;2025-11-10;15;1546
1;2025-11-10;16;1607
1;2025-11-10;17;1858
1;2025-11-10;18;1958
1;2025-11-10;19;1429
1;2025-11-10;20;908
1;2025-11-10;21;458
1;2025-11-10;22;169
1;2025-11-10;23;41
1;2025-11-11;0;3
1;2025-11-11;1;0
1;2025-11-11;2;0
1;2025-11-11;3;0
1;2025-11-11;4;9
1;2025-11-11;5;122
1;2025-11-11;6;527
1;2025-11-11;7;1504
1;2025-11-11;8;1978
1;2025-11-11;9;1510
1;2025-11-11;10;1367
1;2025-11-11;11;1375
1;2025-11-11;12;1402
1;2025-11-11;13;1444
1;2025-11-11;14;1395
1;2025-11-11;15;1492
1;2025-11-11;16;1530
1;2025-11-11;17;1795
1;2025-11-11;18;1825
1;2025-11-11;19;1352
1;2025-11-11;20;889
1;2025-11-11;21;484
1;2025-11-11;22;196
1;2025-11-11;23;37
1;2025-11-12;0;3
1;2025-11-12;1;0
1;2025-11-12;2;0
1;2025-11-12;3;0
1;2025-11-12;4;9
1;2025-11-12;5;122
1;2025-11-12;6;527
1;2025-11-12;7;1503
1;2025-11-12;8;1975
1;2025-11-12;9;1510
1;2025-11-12;10;1369
1;2025-11-12;11;1374
1;2025-11-12;12;1399
1;2025-11-12;13;1443
1;2025-11-12;14;1393
1;2025-11-12;15;1491
1;2025-11-12;16;1530
1;2025-11-12;17;1797
1;2025-11-12;18;1820
1;2025-11-12;19;1351
1;2025-11-12;20;889
1;2025-11-12;21;484
1;2025-11-12;22;197
1;2025-11-12;23;37
1;2025-11-13;0;3
1;2025-11-13;1;0
1;2025-11-13;2;0
1;2025-11-13;3;0
1;2025-11-13;4;9
1;2025-11-13;5;121
1;2025-11-13;6;526
1;2025-11-13;7;1504
1;2025-11-13;8;1977
1;2025-11-13;9;1514
1;2025-11-13;10;1373
1;2025-11-13;11;1380
1;2025-11-13;12;1404
1;2025-11-13;13;1445
1;2025-11-13;14;1396
1;2025-11-13;15;1496
1;2025-11-13;16;1534
1;2025-11-13;17;1799
1;2025-11-13;18;1825
1;2025-11-13;19;1354
1;2025-11-13;20;891
1;2025-11-13;21;485
1;2025-11-13;22;198
1;2025-11-13;23;38
1;2025-11-14;0;2
1;2025-11-14;1;0
1;2025-11-14;2;0
1;2025-11-14;3;0
1;2025-11-14;4;7
1;2025-11-14;5;135
1;2025-11-14;6;520
1;2025-11-14;7;1494
1;2025-11-14;8;1837
1;2025-11-14;9;1441
1;2025-11-14;10;1319
1;2025-11-14;11;1378
1;2025-11-14;12;1381
1;2025-11-14;13;1412
1;2025-11-14;14;1400
1;2025-11-14;15;1553
1;2025-11-14;16;1602
1;2025-11-14;17;1784
1;2025-11-14;18;1509
1;2025-11-14;19;1279
1;2025-11-14;20;804
1;2025-11-14;21;480
1;2025-11-14;22;197
1;2025-11-14;23;43
1;2025-11-15;0;3
1;2025-11-15;1;0
1;2025-11-15;2;0
1;2025-11-15;3;0
1;2025-11-15;4;0
1;2025-11-15;5;35
1;2025-11-15;6;172
1;2025-11-15;7;376
1;2025-11-15;8;543
1;2025-11-15;9;797
1;2025-11-15;10;933
1;2025-11-15;11;928
1;2025-11-15;12;1084
1;2025-11-15;13;1160
1;2025-11-15;14;1115
1;2025-11-15;15;989
1;2025-11-15;16;876
1;2025-11-15;17;821
1;2025-11-15;18;716
1;2025-11-15;19;598
1;2025-11-15;20;458
1;2025-11-15;21;328
1;2025-11-15;22;129
1;2025-11-15;23;29
1;2025-11-16;0;1
1;2025-11-16;1;0
1;2025-11-16;2;0
1;2025-11-16;3;0
1;2025-11-16;4;0
1;2025-11-16;5;15
1;2025-11-16;6;118
1;2025-11-16;7;253
1;2025-11-16;8;327
1;2025-11-16;9;589
1;2025-11-16;10;666
1;2025-11-16;11;709
1;2025-11-16;12;826
1;2025-11-16;13;855
1;2025-11-16;14;796
1;2025-11-16;15;720
1;2025-11-16;16;675
1;2025-11-16;17;616
1;2025-11-16;18;506
1;2025-11-16;19;445
1;2025-11-16;20;333
1;2025-11-16;21;267
1;2025-11-16;22;103
1;2025-11-16;23;26
1;2025-11-17;0;1
1;2025-11-17;1;0
1;2025-11-17;2;0
1;2025-11-17;3;0
1;2025-11-17;4;9
1;2025-11-17;5;134
1;2025-11-17;6;511
1;2025-11-17;7;1474
1;2025-11-17;8;1950
1;2025-11-17;9;1480
1;2025-11-17;10;1276
1;2025-11-17;11;1248
1;2025-11-17;12;1343
1;2025-11-17;13;1408
1;2025-11-17;14;1437
1;2025-11-17;15;1540
1;2025-11-17;16;1602
1;2025-11-17;17;1851
1;2025-11-17;18;1954
1;2025-11-17;19;1425
1;2025-11-17;20;906
1;2025-11-17;21;462
1;2025-11-17;22;168
1;2025-11-17;23;41
1;2025-11-18;0;3
1;2025-11-18;1;0
1;2025-11-18;2;0
1;2025-11-18;3;0
1;2025-11-18;4;9
1;2025-11-18;5;117
1;2025-11-18;6;527
1;2025-11-18;7;1510
1;2025-11-18;8;1986
1;2025-11-18;9;1506
1;2025-11-18;10;1349
1;2025-11-18;11;1370
1;2025-11-18;12;1396
1;2025-11-18;13;1441
1;2025-11-18;14;1386
1;2025-11-18;15;1489
1;2025-11-18;16;1533
1;2025-11-18;17;1794
1;2025-11-18;18;1819
1;2025-11-18;19;1351
1;2025-11-18;20;890
1;2025-11-18;21;483
1;2025-11-18;22;196
1;2025-11-18;23;37
1;2025-11-19;0;3
1;2025-11-19;1;0
1;2025-11-19;2;0
1;2025-11-19;3;0
1;2025-11-19;4;9
1;2025-11-19;5;122
1;2025-11-19;6;527
1;2025-11-19;7;1504
1;2025-11-19;8;1974
1;2025-11-19;9;1510
1;2025-11-19;10;1367
1;2025-11-19;11;1375
1;2025-11-19;12;1396
1;2025-11-19;13;1439
1;2025-11-19;14;1388
1;2025-11-19;15;1488
1;2025-11-19;16;1526
1;2025-11-19;17;1793
1;2025-11-19;18;1820
1;2025-11-19;19;1350
1;2025-11-19;20;889
1;2025-11-19;21;485
1;2025-11-19;22;198
1;2025-11-19;23;38
1;2025-11-20;0;3
1;2025-11-20;1;0
1;2025-11-20;2;0
1;2025-11-20;3;0
1;2025-11-20;4;9
1;2025-11-20;5;122
1;2025-11-20;6;527
1;2025-11-20;7;1503
1;2025-11-20;8;1969
1;2025-11-20;9;1510
1;2025-11-20;10;1367
1;2025-11-20;11;1375
1;2025-11-20;12;1397
1;2025-11-20;13;1439
1;2025-11-20;14;1388
1;2025-11-20;15;1488
1;2025-11-20;16;1526
1;2025-11-20;17;1793
1;2025-11-20;18;1820
1;2025-11-20;19;1348
1;2025-11-20;20;888
1;2025-11-20;21;484
1;2025-11-20;22;197
1;2025-11-20;23;38
1;2025-11-21;0;2
1;2025-11-21;1;0
1;2025-11-21;2;0
1;2025-11-21;3;0
1;2025-11-21;4;7
1;2025-11-21;5;138
1;2025-11-21;6;523
1;2025-11-21;7;1488
1;2025-11-21;8;1832
1;2025-11-21;9;1438
1;2025-11-21;10;1315
1;2025-11-21;11;1374
1;2025-11-21;12;1362
1;2025-11-21;13;1406
1;2025-11-21;14;1393
1;2025-11-21;15;1545
1;2025-11-21;16;1596
1;2025-11-21;17;1777
1;2025-11-21;18;1505
1;2025-11-21;19;1275
1;2025-11-21;20;806
1;2025-11-21;21;483
1;2025-11-21;22;200
1;2025-11-21;23;44
1;2025-11-22;0;3
1;2025-11-22;1;0
1;2025-11-22;2;0
1;2025-11-22;3;0
1;2025-11-22;4;0
1;2025-11-22;5;34
1;2025-11-22;6;174
1;2025-11-22;7;377
1;2025-11-22;8;546
1;2025-11-22;9;800
1;2025-11-22;10;962
1;2025-11-22;11;966
1;2025-11-22;12;1129
1;2025-11-22;13;1184
1;2025-11-22;14;1115
1;2025-11-22;15;990
1;2025-11-22;16;875
1;2025-11-22;17;820
1;2025-11-22;18;717
1;2025-11-22;19;598
1;2025-11-22;20;459
1;2025-11-22;21;323
1;2025-11-22;22;128
1;2025-11-22;23;32
1;2025-11-23;0;1
1;2025-11-23;1;0
1;2025-11-23;2;0
1;2025-11-23;3;0
1;2025-11-23;4;0
1;2025-11-23;5;21
1;2025-11-23;6;120
1;2025-11-23;7;260
1;2025-11-23;8;360
1;2025-11-23;9;605
1;2025-11-23;10;682
1;2025-11-23;11;717
1;2025-11-23;12;837
1;2025-11-23;13;866
1;2025-11-23;14;807
1;2025-11-23;15;732
1;2025-11-23;16;685
1;2025-11-23;17;630
1;2025-11-23;18;509
1;2025-11-23;19;448
1;2025-11-23;20;339
1;2025-11-23;21;270
1;2025-11-23;22;106
1;2025-11-23;23;27
1;2025-11-24;0;1
1;2025-11-24;1;0
1;2025-11-24;2;0
1;2025-11-24;3;0
1;2025-11-24;4;9
1;2025-11-24;5;134
1;2025-11-24;6;511
1;2025-11-24;7;1486
1;2025-11-24;8;1960
1;2025-11-24;9;1489
1;2025-11-24;10;1264
1;2025-11-24;11;1234
1;2025-11-24;12;1346
1;2025-11-24;13;1426
1;2025-11-24;14;1444
1;2025-11-24;15;1547
1;2025-11-24;16;1609
1;2025-11-24;17;1855
1;2025-11-24;18;1954
1;2025-11-24;19;1426
1;2025-11-24;20;905
1;2025-11-24;21;457
1;2025-11-24;22;169
1;2025-11-24;23;41
1;2025-11-25;0;3
1;2025-11-25;1;0
1;2025-11-25;2;0
1;2025-11-25;3;0
1;2025-11-25;4;9
1;2025-11-25;5;122
1;2025-11-25;6;528
1;2025-11-25;7;1504
1;2025-11-25;8;1972
1;2025-11-25;9;1510
1;2025-11-25;10;1365
1;2025-11-25;11;1374
1;2025-11-25;12;1394
1;2025-11-25;13;1436
1;2025-11-25;14;1385
1;2025-11-25;15;1486
1;2025-11-25;16;1524
1;2025-11-25;17;1792
1;2025-11-25;18;1821
1;2025-11-25;19;1351
1;2025-11-25;20;889
1;2025-11-25;21;484
1;2025-11-25;22;197
1;2025-11-25;23;38
1;2025-11-26;0;3
1;2025-11-26;1;0
1;2025-11-26;2;0
1;2025-11-26;3;0
1;2025-11-26;4;8
1;2025-11-26;5;125
1;2025-11-26;6;530
1;2025-11-26;7;1512
1;2025-11-26;8;1986
1;2025-11-26;9;1517
1;2025-11-26;10;1367
1;2025-11-26;11;1378
1;2025-11-26;12;1398
1;2025-11-26;13;1442
1;2025-11-26;14;1389
1;2025-11-26;15;1488
1;2025-11-26;16;1517
1;2025-11-26;17;1787
1;2025-11-26;18;1818
1;2025-11-26;19;1351
1;2025-11-26;20;890
1;2025-11-26;21;487
1;2025-11-26;22;199
1;2025-11-26;23;39
1;2025-11-27;0;3
1;2025-11-27;1;0
1;2025-11-27;2;0
1;2025-11-27;3;0
1;2025-11-27;4;9
1;2025-11-27;5;121
1;2025-11-27;6;527
1;2025-11-27;7;1504
1;2025-11-27;8;1975
1;2025-11-27;9;1514
1;2025-11-27;10;1370
1;2025-11-27;11;1376
1;2025-11-27;12;1399
1;2025-11-27;13;1444
1;2025-11-27;14;1390
1;2025-11-27;15;1493
1;2025-11-27;16;1533
1;2025-11-27;17;1792
1;2025-11-27;18;1817
1;2025-11-27;19;1352
1;2025-11-27;20;891
1;2025-11-27;21;487
1;2025-11-27;22;200
1;2025-11-27;23;39
1;2025-11-28;0;2
1;2025-11-28;1;0
1;2025-11-28;2;0
1;2025-11-28;3;0
1;2025-11-28;4;7
1;2025-11-28;5;135
1;2025-11-28;6;520
1;2025-11-28;7;1493
1;2025-11-28;8;1833
1;2025-11-28;9;1437
1;2025-11-28;10;1314
1;2025-11-28;11;1372
1;2025-11-28;12;1373
1;2025-11-28;13;1404
1;2025-11-28;14;1392
1;2025-11-28;15;1547
1;2025-11-28;16;1596
1;2025-11-28;17;1775
1;2025-11-28;18;1503
1;2025-11-28;19;1274
1;2025-11-28;20;804
1;2025-11-28;21;482
1;2025-11-28;22;199
1;2025-11-28;23;43
1;2025-11-29;0;3
1;2025-11-29;1;0
1;2025-11-29;2;0
1;2025-11-29;3;0
1;2025-11-29;4;0
1;2025-11-29;5;34
1;2025-11-29;6;176
1;2025-11-29;7;378
1;2025-11-29;8;543
1;2025-11-29;9;811
1;2025-11-29;10;962
1;2025-11-29;11;966
1;2025-11-29;12;1129
1;2025-11-29;13;1183
1;2025-11-29;14;1115
1;2025-11-29;15;989
1;2025-11-29;16;876
1;2025-11-29;17;821
1;2025-11-29;18;716
1;2025-11-29;19;598
1;2025-11-29;20;460
1;2025-11-29;21;329
1;2025-11-29;22;133
1;2025-11-29;23;32
1;2025-11-30;0;1
1;2025-11-30;1;0
1;2025-11-30;2;0
1;2025-11-30;3;0
1;2025-11-30;4;0
1;2025-11-30;5;22
1;2025-11-30;6;121
1;2025-11-30;7;261
1;2025-11-30;8;360
1;2025-11-30;9;604
1;2025-11-30;10;682
1;2025-11-30;11;716
1;2025-11-30;12;837
1;2025-11-30;13;867
1;2025-11-30;14;810
1;2025-11-30;15;737
1;2025-11-30;16;688
1;2025-11-30;17;633
1;2025-11-30;18;519
1;2025-11-30;19;456
1;2025-11-30;20;343
1;2025-11-30;21;280
1;2025-11-30;22;109
1;2025-11-30;23;28
1;2025-12-01;0;1
1;2025-12-01;1;0
1;2025-12-01;2;0
1;2025-12-01;3;0
1;2025-12-01;4;9
1;2025-12-01;5;136
1;2025-12-01;6;515
1;2025-12-01;7;1485
1;2025-12-01;8;1965
1;2025-12-01;9;1492
1;2025-12-01;10;1277
1;2025-12-01;11;1252
1;2025-12-01;12;1346
1;2025-12-01;13;1424
1;2025-12-01;14;1443
1;2025-12-01;15;1546
1;2025-12-01;16;1606
1;2025-12-01;17;1859
1;2025-12-01;18;1961
1;2025-12-01;19;1432
1;2025-12-01;20;909
1;2025-12-01;21;459
1;2025-12-01;22;170
1;2025-12-01;23;42
1;2025-12-02;0;3
1;2025-12-02;1;0
1;2025-12-02;2;0
1;2025-12-02;3;0
1;2025-12-02;4;9
1;2025-12-02;5;123
1;2025-12-02;6;530
1;2025-12-02;7;1510
1;2025-12-02;8;1983
1;2025-12-02;9;1516
1;2025-12-02;10;1371
1;2025-12-02;11;1378
1;2025-12-02;12;1400
1;2025-12-02;13;1442
1;2025-12-02;14;1391
1;2025-12-02;15;1491
1;2025-12-02;16;1530
1;2025-12-02;17;1798
1;2025-12-02;18;1828
1;2025-12-02;19;1356
1;2025-12-02;20;892
1;2025-12-02;21;486
1;2025-12-02;22;198
1;2025-12-02;23;38
1;2025-12-03;0;3
1;2025-12-03;1;0
1;2025-12-03;2;0
1;2025-12-03;3;0
1;2025-12-03;4;9
1;2025-12-03;5;122
1;2025-12-03;6;530
1;2025-12-03;7;1509
1;2025-12-03;8;1982
1;2025-12-03;9;1516
1;2025-12-03;10;1371
1;2025-12-03;11;1379
1;2025-12-03;12;1401
1;2025-12-03;13;1444
1;2025-12-03;14;1393
1;2025-12-03;15;1493
1;2025-12-03;16;1532
1;2025-12-03;17;1800
1;2025-12-03;18;1826
1;2025-12-03;19;1355
1;2025-12-03;20;892
1;2025-12-03;21;487
1;2025-12-03;22;199
1;2025-12-03;23;39
1;2025-12-04;0;3
1;2025-12-04;1;0
1;2025-12-04;2;0
1;2025-12-04;3;0
1;2025-12-04;4;9
1;2025-12-04;5;122
1;2025-12-04;6;529
1;2025-12-04;7;1509
1;2025-12-04;8;1983
1;2025-12-04;9;1516
1;2025-12-04;10;1372
1;2025-12-04;11;1379
1;2025-12-04;12;1402
1;2025-12-04;13;1444
1;2025-12-04;14;1391
1;2025-12-04;15;1493
1;2025-12-04;16;1530
1;2025-12-04;17;1798
1;2025-12-04;18;1826
1;2025-12-04;19;1355
1;2025-12-04;20;893
1;2025-12-04;21;487
1;2025-12-04;22;199
1;2025-12-04;23;39
1;2025-12-05;0;2
1;2025-12-05;1;0
1;2025-12-05;2;0
1;2025-12-05;3;0
1;2025-12-05;4;7
1;2025-12-05;5;135
1;2025-12-05;6;522
1;2025-12-05;7;1497
1;2025-12-05;8;1841
1;2025-12-05;9;1444
1;2025-12-05;10;1319
1;2025-12-05;11;1379
1;2025-12-05;12;1380
1;2025-12-05;13;1412
1;2025-12-05;14;1396
1;2025-12-05;15;1551
1;2025-12-05;16;1602
1;2025-12-05;17;1784
1;2025-12-05;18;1509
1;2025-12-05;19;1278
1;2025-12-05;20;808
1;2025-12-05;21;483
1;2025-12-05;22;200
1;2025-12-05;23;44
1;2025-12-06;0;3
1;2025-12-06;1;0
1;2025-12-06;2;0
1;2025-12-06;3;0
1;2025-12-06;4;0
1;2025-12-06;5;35
1;2025-12-06;6;180
1;2025-12-06;7;385
1;2025-12-06;8;554
1;2025-12-06;9;827
1;2025-12-06;10;979
1;2025-12-06;11;982
1;2025-12-06;12;1151
1;2025-12-06;13;1210
1;2025-12-06;14;1140
1;2025-12-06;15;1016
1;2025-12-06;16;901
1;2025-12-06;17;840
1;2025-12-06;18;737
1;2025-12-06;19;608
1;2025-12-06;20;465
1;2025-12-06;21;337
1;2025-12-06;22;134
1;2025-12-06;23;32
1;2025-12-07;0;1
1;2025-12-07;1;0
1;2025-12-07;2;0
1;2025-12-07;3;0
1;2025-12-07;4;0
1;2025-12-07;5;23
1;2025-12-07;6;125
1;2025-12-07;7;266
1;2025-12-07;8;367
1;2025-12-07;9;619
1;2025-12-07;10;697
1;2025-12-07;11;733
1;2025-12-07;12;856
1;2025-12-07;13;886
1;2025-12-07;14;826
1;2025-12-07;15;750
1;2025-12-07;16;701
1;2025-12-07;17;644
1;2025-12-07;18;523
1;2025-12-07;19;462
1;2025-12-07;20;347
1;2025-12-07;21;279
1;2025-12-07;22;111
1;2025-12-07;23;29
1;2025-12-08;0;1
1;2025-12-08;1;0
1;2025-12-08;2;0
1;2025-12-08;3;0
1;2025-12-08;4;9
1;2025-12-08;5;136
1;2025-12-08;6;515
1;2025-12-08;7;1485
1;2025-12-08;8;1967
1;2025-12-08;9;1492
1;2025-12-08;10;1277
1;2025-12-08;11;1252
1;2025-12-08;12;1346
1;2025-12-08;13;1422
1;2025-12-08;14;1442
1;2025-12-08;15;1546
1;2025-12-08;16;1606
1;2025-12-08;17;1859
1;2025-12-08;18;1961
1;2025-12-08;19;1432
1;2025-12-08;20;909
1;2025-12-08;21;459
1;2025-12-08;22;170
1;2025-12-08;23;42
1;2025-12-09;0;3
1;2025-12-09;1;0
1;2025-12-09;2;0
1;2025-12-09;3;0
1;2025-12-09;4;9
1;2025-12-09;5;123
1;2025-12-09;6;530
1;2025-12-09;7;1510
1;2025-12-09;8;1980
1;2025-12-09;9;1517
1;2025-12-09;10;1371
1;2025-12-09;11;1378
1;2025-12-09;12;1399
1;2025-12-09;13;1441
1;2025-12-09;14;1390
1;2025-12-09;15;1491
1;2025-12-09;16;1530
1;2025-12-09;17;1799
1;2025-12-09;18;1829
1;2025-12-09;19;1357
1;2025-12-09;20;893
1;2025-12-09;21;487
1;2025-12-09;22;199
1;2025-12-09;23;38
1;2025-12-10;0;3
1;2025-12-10;1;0
1;2025-12-10;2;0
1;2025-12-10;3;0
1;2025-12-10;4;9
1;2025-12-10;5;135
1;2025-12-10;6;542
1;2025-12-10;7;1521
1;2025-12-10;8;1982
1;2025-12-10;9;1528
1;2025-12-10;10;1380
1;2025-12-10;11;1385
1;2025-12-10;12;1401
1;2025-12-10;13;1444
1;2025-12-10;14;1393
1;2025-12-10;15;1493
1;2025-12-10;16;1532
1;2025-12-10;17;1800
1;2025-12-10;18;1827
1;2025-12-10;19;1356
1;2025-12-10;20;893
1;2025-12-10;21;487
1;2025-12-10;22;199
1;2025-12-10;23;39
1;2025-12-11;0;3
1;2025-12-11;1;0
1;2025-12-11;2;0
1;2025-12-11;3;0
1;2025-12-11;4;9
1;2025-12-11;5;122
1;2025-12-11;6;529
1;2025-12-11;7;1508
1;2025-12-11;8;1982
1;2025-12-11;9;1513
1;2025-12-11;10;1371
1;2025-12-11;11;1378
1;2025-12-11;12;1400
1;2025-12-11;13;1446
1;2025-12-11;14;1393
1;2025-12-11;15;1494
1;2025-12-11;16;1528
1;2025-12-11;17;1791
1;2025-12-11;18;1818
1;2025-12-11;19;1354
1;2025-12-11;20;893
1;2025-12-11;21;489
1;2025-12-11;22;201
1;2025-12-11;23;39
1;2025-12-12;0;2
1;2025-12-12;1;0
1;2025-12-12;2;0
1;2025-12-12;3;0
1;2025-12-12;4;7
1;2025-12-12;5;135
1;2025-12-12;6;519
1;2025-12-12;7;1498
1;2025-12-12;8;1839
1;2025-12-12;9;1446
1;2025-12-12;10;1317
1;2025-12-12;11;1381
1;2025-12-12;12;1370
1;2025-12-12;13;1396
1;2025-12-12;14;1384
1;2025-12-12;15;1515
1;2025-12-12;16;1569
1;2025-12-12;17;1770
1;2025-12-12;18;1513
1;2025-12-12;19;1277
1;2025-12-12;20;811
1;2025-12-12;21;487
1;2025-12-12;22;197
1;2025-12-12;23;45
1;2025-12-13;0;3
1;2025-12-13;1;0
1;2025-12-13;2;0
1;2025-12-13;3;0
1;2025-12-13;4;0
1;2025-12-13;5;29
1;2025-12-13;6;170
1;2025-12-13;7;369
1;2025-12-13;8;531
1;2025-12-13;9;804
1;2025-12-13;10;955
1;2025-12-13;11;962
1;2025-12-13;12;1121
1;2025-12-13;13;1179
1;2025-12-13;14;1110
1;2025-12-13;15;990
1;2025-12-13;16;876
1;2025-12-13;17;818
1;2025-12-13;18;723
1;2025-12-13;19;598
1;2025-12-13;20;443
1;2025-12-13;21;314
1;2025-12-13;22;127
1;2025-12-13;23;20
1;2025-12-14;0;1
1;2025-12-14;1;0
1;2025-12-14;2;0
1;2025-12-14;3;0
1;2025-12-14;4;0
1;2025-12-14;5;15
1;2025-12-14;6;102
1;2025-12-14;7;239
1;2025-12-14;8;327
1;2025-12-14;9;591
1;2025-12-14;10;668
1;2025-12-14;11;709
1;2025-12-14;12;834
1;2025-12-14;13;868
1;2025-12-14;14;808
1;2025-12-14;15;736
1;2025-12-14;16;691
1;2025-12-14;17;633
1;2025-12-14;18;519
1;2025-12-14;19;457
1;2025-12-14;20;340
1;2025-12-14;21;273
1;2025-12-14;22;112
1;2025-12-14;23;31
1;2025-12-15;0;1
1;2025-12-15;1;0
1;2025-12-15;2;0
1;2025-12-15;3;0
1;2025-12-15;4;9
1;2025-12-15;5;134
1;2025-12-15;6;511
1;2025-12-15;7;1481
1;2025-12-15;8;1950
1;2025-12-15;9;1485
1;2025-12-15;10;1269
1;2025-12-15;11;1233
1;2025-12-15;12;1332
1;2025-12-15;13;1408
1;2025-12-15;14;1429
1;2025-12-15;15;1540
1;2025-12-15;16;1597
1;2025-12-15;17;1853
1;2025-12-15;18;1963
1;2025-12-15;19;1436
1;2025-12-15;20;911
1;2025-12-15;21;459
1;2025-12-15;22;169
1;2025-12-15;23;42
1;2025-12-16;0;3
1;2025-12-16;1;0
1;2025-12-16;2;0
1;2025-12-16;3;0
1;2025-12-16;4;9
1;2025-12-16;5;122
1;2025-12-16;6;528
1;2025-12-16;7;1506
1;2025-12-16;8;1966
1;2025-12-16;9;1510
1;2025-12-16;10;1368
1;2025-12-16;11;1386
1;2025-12-16;12;1404
1;2025-12-16;13;1432
1;2025-12-16;14;1392
1;2025-12-16;15;1491
1;2025-12-16;16;1530
1;2025-12-16;17;1798
1;2025-12-16;18;1828
1;2025-12-16;19;1355
1;2025-12-16;20;891
1;2025-12-16;21;485
1;2025-12-16;22;197
1;2025-12-16;23;37
1;2025-12-17;0;3
1;2025-12-17;1;0
1;2025-12-17;2;0
1;2025-12-17;3;0
1;2025-12-17;4;9
1;2025-12-17;5;122
1;2025-12-17;6;529
1;2025-12-17;7;1509
1;2025-12-17;8;1984
1;2025-12-17;9;1517
1;2025-12-17;10;1372
1;2025-12-17;11;1379
1;2025-12-17;12;1401
1;2025-12-17;13;1444
1;2025-12-17;14;1393
1;2025-12-17;15;1493
1;2025-12-17;16;1532
1;2025-12-17;17;1800
1;2025-12-17;18;1826
1;2025-12-17;19;1355
1;2025-12-17;20;892
1;2025-12-17;21;487
1;2025-12-17;22;199
1;2025-12-17;23;39
1;2025-12-18;0;3
1;2025-12-18;1;0
1;2025-12-18;2;0
1;2025-12-18;3;0
1;2025-12-18;4;9
1;2025-12-18;5;122
1;2025-12-18;6;529
1;2025-12-18;7;1509
1;2025-12-18;8;1980
1;2025-12-18;9;1516
1;2025-12-18;10;1372
1;2025-12-18;11;1380
1;2025-12-18;12;1402
1;2025-12-18;13;1444
1;2025-12-18;14;1393
1;2025-12-18;15;1493
1;2025-12-18;16;1532
1;2025-12-18;17;1800
1;2025-12-18;18;1826
1;2025-12-18;19;1355
1;2025-12-18;20;892
1;2025-12-18;21;486
1;2025-12-18;22;198
1;2025-12-18;23;39
1;2025-12-19;0;2
1;2025-12-19;1;0
1;2025-12-19;2;0
1;2025-12-19;3;0
1;2025-12-19;4;7
1;2025-12-19;5;135
1;2025-12-19;6;521
1;2025-12-19;7;1496
1;2025-12-19;8;1839
1;2025-12-19;9;1444
1;2025-12-19;10;1321
1;2025-12-19;11;1380
1;2025-12-19;12;1382
1;2025-12-19;13;1414
1;2025-12-19;14;1400
1;2025-12-19;15;1549
1;2025-12-19;16;1600
1;2025-12-19;17;1782
1;2025-12-19;18;1512
1;2025-12-19;19;1279
1;2025-12-19;20;809
1;2025-12-19;21;485
1;2025-12-19;22;200
1;2025-12-19;23;44
1;2025-12-20;0;3
1;2025-12-20;1;0
1;2025-12-20;2;0
1;2025-12-20;3;0
1;2025-12-20;4;0
1;2025-12-20;5;36
1;2025-12-20;6;181
1;2025-12-20;7;387
1;2025-12-20;8;554
1;2025-12-20;9;829
1;2025-12-20;10;981
1;2025-12-20;11;986
1;2025-12-20;12;1151
1;2025-12-20;13;1206
1;2025-12-20;14;1136
1;2025-12-20;15;1010
1;2025-12-20;16;896
1;2025-12-20;17;840
1;2025-12-20;18;731
1;2025-12-20;19;609
1;2025-12-20;20;468
1;2025-12-20;21;335
1;2025-12-20;22;136
1;2025-12-20;23;32
1;2025-12-21;0;1
1;2025-12-21;1;0
1;2025-12-21;2;0
1;2025-12-21;3;0
1;2025-12-21;4;0
1;2025-12-21;5;23
1;2025-12-21;6;122
1;2025-12-21;7;266
1;2025-12-21;8;369
1;2025-12-21;9;619
1;2025-12-21;10;697
1;2025-12-21;11;733
1;2025-12-21;12;856
1;2025-12-21;13;885
1;2025-12-21;14;825
1;2025-12-21;15;749
1;2025-12-21;16;701
1;2025-12-21;17;645
1;2025-12-21;18;524
1;2025-12-21;19;463
1;2025-12-21;20;347
1;2025-12-21;21;279
1;2025-12-21;22;106
1;2025-12-21;23;29
1;2025-12-22;0;1
1;2025-12-22;1;0
1;2025-12-22;2;0
1;2025-12-22;3;0
1;2025-12-22;4;9
1;2025-12-22;5;136
1;2025-12-22;6;515
1;2025-12-22;7;1486
1;2025-12-22;8;1972
1;2025-12-22;9;1497
1;2025-12-22;10;1290
1;2025-12-22;11;1254
1;2025-12-22;12;1349
1;2025-12-22;13;1423
1;2025-12-22;14;1442
1;2025-12-22;15;1547
1;2025-12-22;16;1607
1;2025-12-22;17;1859
1;2025-12-22;18;1962
1;2025-12-22;19;1433
1;2025-12-22;20;910
1;2025-12-22;21;460
1;2025-12-22;22;167
1;2025-12-22;23;37
1;2025-12-23;0;3
1;2025-12-23;1;0
1;2025-12-23;2;0
1;2025-12-23;3;0
1;2025-12-23;4;9
1;2025-12-23;5;124
1;2025-12-23;6;531
1;2025-12-23;7;1509
1;2025-12-23;8;1967
1;2025-12-23;9;1513
1;2025-12-23;10;1365
1;2025-12-23;11;1372
1;2025-12-23;12;1394
1;2025-12-23;13;1433
1;2025-12-23;14;1380
1;2025-12-23;15;1481
1;2025-12-23;16;1519
1;2025-12-23;17;1791
1;2025-12-23;18;1824
1;2025-12-23;19;1360
1;2025-12-23;20;892
1;2025-12-23;21;487
1;2025-12-23;22;199
1;2025-12-23;23;39
1;2025-12-24;0;3
1;2025-12-24;1;0
1;2025-12-24;2;0
1;2025-12-24;3;0
1;2025-12-24;4;9
1;2025-12-24;5;123
1;2025-12-24;6;530
1;2025-12-24;7;1507
1;2025-12-24;8;1963
1;2025-12-24;9;1515
1;2025-12-24;10;1370
1;2025-12-24;11;1378
1;2025-12-24;12;1392
1;2025-12-24;13;1440
1;2025-12-24;14;1388
1;2025-12-24;15;1483
1;2025-12-24;16;1527
1;2025-12-24;17;1796
1;2025-12-24;18;1816
1;2025-12-24;19;1356
1;2025-12-24;20;888
1;2025-12-24;21;479
1;2025-12-24;22;191
1;2025-12-24;23;34
1;2025-12-25;0;3
1;2025-12-25;1;0
1;2025-12-25;2;0
1;2025-12-25;3;0
1;2025-12-25;4;9
1;2025-12-25;5;124
1;2025-12-25;6;537
1;2025-12-25;7;1506
1;2025-12-25;8;1972
1;2025-12-25;9;1511
1;2025-12-25;10;1366
1;2025-12-25;11;1373
1;2025-12-25;12;1397
1;2025-12-25;13;1442
1;2025-12-25;14;1391
1;2025-12-25;15;1489
1;2025-12-25;16;1534
1;2025-12-25;17;1794
1;2025-12-25;18;1822
1;2025-12-25;19;1360
1;2025-12-25;20;896
1;2025-12-25;21;489
1;2025-12-25;22;202
1;2025-12-25;23;40
1;2025-12-26;0;2
1;2025-12-26;1;0
1;2025-12-26;2;0
1;2025-12-26;3;0
1;2025-12-26;4;7
1;2025-12-26;5;125
1;2025-12-26;6;519
1;2025-12-26;7;1495
1;2025-12-26;8;1842
1;2025-12-26;9;1439
1;2025-12-26;10;1309
1;2025-12-26;11;1373
1;2025-12-26;12;1355
1;2025-12-26;13;1401
1;2025-12-26;14;1389
1;2025-12-26;15;1541
1;2025-12-26;16;1592
1;2025-12-26;17;1768
1;2025-12-26;18;1504
1;2025-12-26;19;1275
1;2025-12-26;20;803
1;2025-12-26;21;479
1;2025-12-26;22;195
1;2025-12-26;23;45
1;2025-12-27;0;3
1;2025-12-27;1;0
1;2025-12-27;2;0
1;2025-12-27;3;0
1;2025-12-27;4;0
1;2025-12-27;5;36
1;2025-12-27;6;181
1;2025-12-27;7;387
1;2025-12-27;8;555
1;2025-12-27;9;818
1;2025-12-27;10;981
1;2025-12-27;11;986
1;2025-12-27;12;1151
1;2025-12-27;13;1205
1;2025-12-27;14;1135
1;2025-12-27;15;999
1;2025-12-27;16;885
1;2025-12-27;17;830
1;2025-12-27;18;727
1;2025-12-27;19;602
1;2025-12-27;20;461
1;2025-12-27;21;328
1;2025-12-27;22;127
1;2025-12-27;23;30
1;2025-12-28;0;1
1;2025-12-28;1;0
1;2025-12-28;2;0
1;2025-12-28;3;0
1;2025-12-28;4;0
1;2025-12-28;5;24
1;2025-12-28;6;128
1;2025-12-28;7;266
1;2025-12-28;8;369
1;2025-12-28;9;617
1;2025-12-28;10;691
1;2025-12-28;11;712
1;2025-12-28;12;831
1;2025-12-28;13;855
1;2025-12-28;14;797
1;2025-12-28;15;719
1;2025-12-28;16;688
1;2025-12-28;17;630
1;2025-12-28;18;514
1;2025-12-28;19;451
1;2025-12-28;20;335
1;2025-12-28;21;268
1;2025-12-28;22;102
1;2025-12-28;23;26
1;2025-12-29;0;1
1;2025-12-29;1;0
1;2025-12-29;2;0
1;2025-12-29;3;0
1;2025-12-29;4;8
1;2025-12-29;5;121
1;2025-12-29;6;463
1;2025-12-29;7;1327
1;2025-12-29;8;1738
1;2025-12-29;9;1327
1;2025-12-29;10;1133
1;2025-12-29;11;1112
1;2025-12-29;12;1193
1;2025-12-29;13;1263
1;2025-12-29;14;1282
1;2025-12-29;15;1373
1;2025-12-29;16;1427
1;2025-12-29;17;1653
1;2025-12-29;18;1741
1;2025-12-29;19;1282
1;2025-12-29;20;811
1;2025-12-29;21;409
1;2025-12-29;22;149
1;2025-12-29;23;32
1;2025-12-30;0;3
1;2025-12-30;1;0
1;2025-12-30;2;0
1;2025-12-30;3;0
1;2025-12-30;4;8
1;2025-12-30;5;105
1;2025-12-30;6;470
1;2025-12-30;7;1345
1;2025-12-30;8;1751
1;2025-12-30;9;1345
1;2025-12-30;10;1212
1;2025-12-30;11;1221
1;2025-12-30;12;1234
1;2025-12-30;13;1273
1;2025-12-30;14;1233
1;2025-12-30;15;1321
1;2025-12-30;16;1357
1;2025-12-30;17;1591
1;2025-12-30;18;1625
1;2025-12-30;19;1211
1;2025-12-30;20;790
1;2025-12-30;21;426
1;2025-12-30;22;172
1;2025-12-30;23;30
1;2025-12-31;0;1
1;2025-12-31;1;0
1;2025-12-31;2;0
1;2025-12-31;3;0
1;2025-12-31;4;0
1;2025-12-31;5;13
1;2025-12-31;6;67
1;2025-12-31;7;157
1;2025-12-31;8;222
1;2025-12-31;9;420
1;2025-12-31;10;482
1;2025-12-31;11;499
1;2025-12-31;12;632
1;2025-12-31;13;640
1;2025-12-31;14;589
1;2025-12-31;15;537
1;2025-12-31;16;520
1;2025-12-31;17;474
1;2025-12-31;18;373
1;2025-12-31;19;337
1;2025-12-31;20;257
1;2025-12-31;21;197
1;2025-12-31;22;59
1;2025-12-31;23;15
5;2025-11-01;0;0
5;2025-11-01;1;0
5;2025-11-01;2;0
5;2025-11-01;3;0
5;2025-11-01;4;0
5;2025-11-01;5;0
5;2025-11-01;6;0
5;2025-11-01;7;0
5;2025-11-01;8;0
5;2025-11-01;9;0
5;2025-11-01;10;0
5;2025-11-01;11;0
5;2025-11-01;12;0
5;2025-11-01;13;0
5;2025-11-01;14;0
5;2025-11-01;15;0
5;2025-11-01;16;0
5;2025-11-01;17;0
5;2025-11-01;18;0
5;2025-11-01;19;0
5;2025-11-01;20;0
5;2025-11-01;21;0
5;2025-11-01;22;0
5;2025-11-01;23;0
5;2025-11-02;0;0
5;2025-11-02;1;0
5;2025-11-02;2;0
5;2025-11-02;3;0
5;2025-11-02;4;0
5;2025-11-02;5;0
5;2025-11-02;6;0
5;2025-11-02;7;0
5;2025-11-02;8;0
5;2025-11-02;9;0
5;2025-11-02;10;0
5;2025-11-02;11;0
5;2025-11-02;12;0
5;2025-11-02;13;0
5;2025-11-02;14;0
5;2025-11-02;15;0
5;2025-11-02;16;0
5;2025-11-02;17;0
5;2025-11-02;18;0
5;2025-11-02;19;0
5;2025-11-02;20;0
5;2025-11-02;21;0
5;2025-11-02;22;0
5;2025-11-02;23;0
5;2025-11-03;0;0
5;2025-11-03;1;0
5;2025-11-03;2;0
5;2025-11-03;3;0
5;2025-11-03;4;0
5;2025-11-03;5;0
5;2025-11-03;6;0
5;2025-11-03;7;0
5;2025-11-03;8;0
5;2025-11-03;9;0
5;2025-11-03;10;0
5;2025-11-03;11;0
5;2025-11-03;12;0
5;2025-11-03;13;0
5;2025-11-03;14;0
5;2025-11-03;15;0
5;2025-11-03;16;0
5;2025-11-03;17;0
5;2025-11-03;18;0
5;2025-11-03;19;0
5;2025-11-03;20;0
5;2025-11-03;21;0
5;2025-11-03;22;0
5;2025-11-03;23;0
5;2025-11-04;0;0
5;2025-11-04;1;0
5;2025-11-04;2;0
5;2025-11-04;3;0
5;2025-11-04;4;0
5;2025-11-04;5;0
5;2025-11-04;6;0
5;2025-11-04;7;0
5;2025-11-04;8;0
5;2025-11-04;9;0
5;2025-11-04;10;0
5;2025-11-04;11;0
5;2025-11-04;12;0
5;2025-11-04;13;0
5;2025-11-04;14;0
5;2025-11-04;15;0
5;2025-11-04;16;0
5;2025-11-04;17;0
5;2025-11-04;18;0
5;2025-11-04;19;0
5;2025-11-04;20;0
5;2025-11-04;21;0
5;2025-11-04;22;0
5;2025-11-04;23;0
5;2025-11-05;0;0
5;2025-11-05;1;0
5;2025-11-05;2;0
5;2025-11-05;3;0
5;2025-11-05;4;0
5;2025-11-05;5;0
5;2025-11-05;6;0
5;2025-11-05;7;0
5;2025-11-05;8;0
5;2025-11-05;9;0
5;2025-11-05;10;0
5;2025-11-05;11;0
5;2025-11-05;12;0
5;2025-11-05;13;0
5;2025-11-05;14;0
5;2025-11-05;15;0
5;2025-11-05;16;0
5;2025-11-05;17;0
5;2025-11-05;18;0
5;2025-11-05;19;0
5;2025-11-05;20;0
5;2025-11-05;21;0
5;2025-11-05;22;0
5;2025-11-05;23;0
5;2025-11-06;0;0
5;2025-11-06;1;0
5;2025-11-06;2;0
5;2025-11-06;3;0
5;2025-11-06;4;0
5;2025-11-06;5;0
5;2025-11-06;6;0
5;2025-11-06;7;0
5;2025-11-06;8;0
5;2025-11-06;9;0
5;2025-11-06;10;0
5;2025-11-06;11;0
5;2025-11-06;12;0
5;2025-11-06;13;0
5;2025-11-06;14;0
5;2025-11-06;15;0
5;2025-11-06;16;0
5;2025-11-06;17;0
5;2025-11-06;18;0
5;2025-11-06;19;0
5;2025-11-06;20;0
5;2025-11-06;21;0
5;2025-11-06;22;0
5;2025-11-06;23;0
5;2025-11-07;0;0
5;2025-11-07;1;0
5;2025-11-07;2;0
5;2025-11-07;3;0
5;2025-11-07;4;0
5;2025-11-07;5;0
5;2025-11-07;6;0
5;2025-11-07;7;0
5;2025-11-07;8;0
5;2025-11-07;9;0
5;2025-11-07;10;0
5;2025-11-07;11;0
5;2025-11-07;12;0
5;2025-11-07;13;0
5;2025-11-07;14;0
5;2025-11-07;15;0
5;2025-11-07;16;0
5;2025-11-07;17;0
5;2025-11-07;18;0
5;2025-11-07;19;0
5;2025-11-07;20;0
5;2025-11-07;21;0
5;2025-11-07;22;0
5;2025-11-07;23;0
5;2025-11-08;0;0
5;2025-11-08;1;0
5;2025-11-08;2;0
5;2025-11-08;3;0
5;2025-11-08;4;0
5;2025-11-08;5;0
5;2025-11-08;6;0
5;2025-11-08;7;0
5;2025-11-08;8;0
5;2025-11-08;9;0
5;2025-11-08;10;0
5;2025-11-08;11;0
5;2025-11-08;12;0
5;2025-11-08;13;0
5;2025-11-08;14;0
5;2025-11-08;15;0
5;2025-11-08;16;0
5;2025-11-08;17;0
5;2025-11-08;18;0
5;2025-11-08;19;0
5;2025-11-08;20;0
5;2025-11-08;21;0
5;2025-11-08;22;0
5;2025-11-08;23;0
5;2025-11-09;0;0
5;2025-11-09;1;0
5;2025-11-09;2;0
5;2025-11-09;3;0
5;2025-11-09;4;0
5;2025-11-09;5;0
5;2025-11-09;6;0
5;2025-11-09;7;0
5;2025-11-09;8;0
5;2025-11-09;9;0
5;2025-11-09;10;0
5;2025-11-09;11;0
5;2025-11-09;12;0
5;2025-11-09;13;0
5;2025-11-09;14;0
5;2025-11-09;15;0
5;2025-11-09;16;0
5;2025-11-09;17;0
5;2025-11-09;18;0
5;2025-11-09;19;0
5;2025-11-09;20;0
5;2025-11-09;21;0
5;2025-11-09;22;0
5;2025-11-09;23;0
5;2025-11-10;0;0
5;2025-11-10;1;0
5;2025-11-10;2;0
5;2025-11-10;3;0
5;2025-11-10;4;0
5;2025-11-10;5;0
5;2025-11-10;6;0
5;2025-11-10;7;0
5;2025-11-10;8;0
5;2025-11-10;9;0
5;2025-11-10;10;0
5;2025-11-10;11;0
5;2025-11-10;12;0
5;2025-11-10;13;0
5;2025-11-10;14;0
5;2025-11-10;15;0
5;2025-11-10;16;0
5;2025-11-10;17;0
5;2025-11-10;18;0
5;2025-11-10;19;0
5;2025-11-10;20;0
5;2025-11-10;21;0
5;2025-11-10;22;0
5;2025-11-10;23;0
5;2025-11-11;0;0
5;2025-11-11;1;0
5;2025-11-11;2;0
5;2025-11-11;3;0
5;2025-11-11;4;0
5;2025-11-11;5;0
5;2025-11-11;6;0
5;2025-11-11;7;0
5;2025-11-11;8;0
5;2025-11-11;9;0
5;2025-11-11;10;0
5;2025-11-11;11;0
5;2025-11-11;12;0
5;2025-11-11;13;0
5;2025-11-11;14;0
5;2025-11-11;15;0
5;2025-11-11;16;0
5;2025-11-11;17;0
5;2025-11-11;18;0
5;2025-11-11;19;0
5;2025-11-11;20;0
5;2025-11-11;21;0
5;2025-11-11;22;0
5;2025-11-11;23;0
5;2025-11-12;0;0
5;2025-11-12;1;0
5;2025-11-12;2;0
5;2025-11-12;3;0
5;2025-11-12;4;0
5;2025-11-12;5;0
5;2025-11-12;6;0
5;2025-11-12;7;0
5;2025-11-12;8;0
5;2025-11-12;9;0
5;2025-11-12;10;0
5;2025-11-12;11;0
5;2025-11-12;12;0
5;2025-11-12;13;0
5;2025-11-12;14;0
5;2025-11-12;15;0
5;2025-11-12;16;0
5;2025-11-12;17;0
5;2025-11-12;18;0
5;2025-11-12;19;0
5;2025-11-12;20;0
5;2025-11-12;21;0
5;2025-11-12;22;0
5;2025-11-12;23;0
5;2025-11-13;0;0
5;2025-11-13;1;0
5;2025-11-13;2;0
5;2025-11-13;3;0
5;2025-11-13;4;0
5;2025-11-13;5;0
5;2025-11-13;6;0
5;2025-11-13;7;0
5;2025-11-13;8;0
5;2025-11-13;9;0
5;2025-11-13;10;0
5;2025-11-13;11;0
5;2025-11-13;12;0
5;2025-11-13;13;0
5;2025-11-13;14;0
5;2025-11-13;15;0
5;2025-11-13;16;0
5;2025-11-13;17;0
5;2025-11-13;18;0
5;2025-11-13;19;0
5;2025-11-13;20;0
5;2025-11-13;21;0
5;2025-11-13;22;0
5;2025-11-13;23;0
5;2025-11-14;0;0
5;2025-11-14;1;0
5;2025-11-14;2;0
5;2025-11-14;3;0
5;2025-11-14;4;0
5;2025-11-14;5;0
5;2025-11-14;6;0
5;2025-11-14;7;0
5;2025-11-14;8;0
5;2025-11-14;9;0
5;2025-11-14;10;0
5;2025-11-14;11;0
5;2025-11-14;12;0
5;2025-11-14;13;0
5;2025-11-14;14;0
5;2025-11-14;15;0
5;2025-11-14;16;0
5;2025-11-14;17;0
5;2025-11-14;18;0
5;2025-11-14;19;0
5;2025-11-14;20;0
5;2025-11-14;21;0
5;2025-11-14;22;0
5;2025-11-14;23;0
5;2025-11-15;0;0
5;2025-11-15;1;0
5;2025-11-15;2;0
5;2025-11-15;3;0
5;2025-11-15;4;0
5;2025-11-15;5;0
5;2025-11-15;6;0
5;2025-11-15;7;0
5;2025-11-15;8;0
5;2025-11-15;9;0
5;2025-11-15;10;0
5;2025-11-15;11;0
5;2025-11-15;12;0
5;2025-11-15;13;0
5;2025-11-15;14;0
5;2025-11-15;15;0
5;2025-11-15;16;0
5;2025-11-15;17;0
5;2025-11-15;18;0
5;2025-11-15;19;0
5;2025-11-15;20;0
5;2025-11-15;21;0
5;2025-11-15;22;0
5;2025-11-15;23;0
5;2025-11-16;0;0
5;2025-11-16;1;0
5;2025-11-16;2;0
5;2025-11-16;3;0
5;2025-11-16;4;0
5;2025-11-16;5;0
5;2025-11-16;6;0
5;2025-11-16;7;0
5;2025-11-16;8;0
5;2025-11-16;9;0
5;2025-11-16;10;0
5;2025-11-16;11;0
5;2025-11-16;12;0
5;2025-11-16;13;0
5;2025-11-16;14;0
5;2025-11-16;15;0
5;2025-11-16;16;0
5;2025-11-16;17;0
5;2025-11-16;18;0
5;2025-11-16;19;0
5;2025-11-16;20;0
5;2025-11-16;21;0
5;2025-11-16;22;0
5;2025-11-16;23;0
5;2025-11-17;0;0
5;2025-11-17;1;0
5;2025-11-17;2;0
5;2025-11-17;3;0
5;2025-11-17;4;0
5;2025-11-17;5;0
5;2025-11-17;6;0
5;2025-11-17;7;0
5;2025-11-17;8;0
5;2025-11-17;9;0
5;2025-11-17;10;0
5;2025-11-17;11;0
5;2025-11-17;12;0
5;2025-11-17;13;0
5;2025-11-17;14;0
5;2025-11-17;15;0
5;2025-11-17;16;0
5;2025-11-17;17;0
5;2025-11-17;18;0
5;2025-11-17;19;0
5;2025-11-17;20;0
5;2025-11-17;21;0
5;2025-11-17;22;0
5;2025-11-17;23;0
5;2025-11-18;0;0
5;2025-11-18;1;0
5;2025-11-18;2;0
5;2025-11-18;3;0
5;2025-11-18;4;0
5;2025-11-18;5;0
5;2025-11-18;6;0
5;2025-11-18;7;0
5;2025-11-18;8;0
5;2025-11-18;9;0
5;2025-11-18;10;0
5;2025-11-18;11;0
5;2025-11-18;12;0
5;2025-11-18;13;0
5;2025-11-18;14;0
5;2025-11-18;15;0
5;2025-11-18;16;0
5;2025-11-18;17;0
5;2025-11-18;18;0
5;2025-11-18;19;0
5;2025-11-18;20;0
5;2025-11-18;21;0
5;2025-11-18;22;0
5;2025-11-18;23;0
5;2025-11-19;0;0
5;2025-11-19;1;0
5;2025-11-19;2;0
5;2025-11-19;3;0
5;2025-11-19;4;0
5;2025-11-19;5;0
5;2025-11-19;6;0
5;2025-11-19;7;0
5;2025-11-19;8;0
5;2025-11-19;9;0
5;2025-11-19;10;0
5;2025-11-19;11;0
5;2025-11-19;12;0
5;2025-11-19;13;0
5;2025-11-19;14;0
5;2025-11-19;15;0
5;2025-11-19;16;0
5;2025-11-19;17;0
5;2025-11-19;18;0
5;2025-11-19;19;0
5;2025-11-19;20;0
5;2025-11-19;21;0
5;2025-11-19;22;0
5;2025-11-19;23;0
5;2025-11-20;0;0
5;2025-11-20;1;0
5;2025-11-20;2;0
5;2025-11-20;3;0
5;2025-11-20;4;0
5;2025-11-20;5;0
5;2025-11-20;6;0
5;2025-11-20;7;0
5;2025-11-20;8;0
5;2025-11-20;9;0
5;2025-11-20;10;0
5;2025-11-20;11;0
5;2025-11-20;12;0
5;2025-11-20;13;0
5;2025-11-20;14;0
5;2025-11-20;15;0
5;2025-11-20;16;0
5;2025-11-20;17;0
5;2025-11-20;18;0
5;2025-11-20;19;0
5;2025-11-20;20;0
5;2025-11-20;21;0
5;2025-11-20;22;0
5;2025-11-20;23;0
5;2025-11-21;0;0
5;2025-11-21;1;0
5;2025-11-21;2;0
5;2025-11-21;3;0
5;2025-11-21;4;0
5;2025-11-21;5;0
5;2025-11-21;6;0
5;2025-11-21;7;0
5;2025-11-21;8;0
5;2025-11-21;9;0
5;2025-11-21;10;0
5;2025-11-21;11;0
5;2025-11-21;12;0
5;2025-11-21;13;0
5;2025-11-21;14;0
5;2025-11-21;15;0
5;2025-11-21;16;0
5;2025-11-21;17;0
5;2025-11-21;18;0
5;2025-11-21;19;0
5;2025-11-21;20;0
5;2025-11-21;21;0
5;2025-11-21;22;0
5;2025-11-21;23;0
5;2025-11-22;0;0
5;2025-11-22;1;0
5;2025-11-22;2;0
5;2025-11-22;3;0
5;2025-11-22;4;0
5;2025-11-22;5;0
5;2025-11-22;6;0
5;2025-11-22;7;0
5;2025-11-22;8;0
5;2025-11-22;9;0
5;2025-11-22;10;0
5;2025-11-22;11;0
5;2025-11-22;12;0
5;2025-11-22;13;0
5;2025-11-22;14;0
5;2025-11-22;15;0
5;2025-11-22;16;0
5;2025-11-22;17;0
5;2025-11-22;18;0
5;2025-11-22;19;0
5;2025-11-22;20;0
5;2025-11-22;21;0
5;2025-11-22;22;0
5;2025-11-22;23;0
5;2025-11-23;0;0
5;2025-11-23;1;0
5;2025-11-23;2;0
5;2025-11-23;3;0
5;2025-11-23;4;0
5;2025-11-23;5;0
5;2025-11-23;6;0
5;2025-11-23;7;0
5;2025-11-23;8;0
5;2025-11-23;9;0
5;2025-11-23;10;0
5;2025-11-23;11;0
5;2025-11-23;12;0
5;2025-11-23;13;0
5;2025-11-23;14;0
5;2025-11-23;15;0
5;2025-11-23;16;0
5;2025-11-23;17;0
5;2025-11-23;18;0
5;2025-11-23;19;0
5;2025-11-23;20;0
5;2025-11-23;21;0
5;2025-11-23;22;0
5;2025-11-23;23;0
5;2025-11-24;0;0
5;2025-11-24;1;0
5;2025-11-24;2;0
5;2025-11-24;3;0
5;2025-11-24;4;0
5;2025-11-24;5;0
5;2025-11-24;6;0
5;2025-11-24;7;0
5;2025-11-24;8;0
5;2025-11-24;9;0
5;2025-11-24;10;0
5;2025-11-24;11;0
5;2025-11-24;12;0
5;2025-11-24;13;0
5;2025-11-24;14;0
5;2025-11-24;15;0
5;2025-11-24;16;0
5;2025-11-24;17;0
5;2025-11-24;18;0
5;2025-11-24;19;0
5;2025-11-24;20;0
5;2025-11-24;21;0
5;2025-11-24;22;0
5;2025-11-24;23;0
5;2025-11-25;0;0
5;2025-11-25;1;0
5;2025-11-25;2;0
5;2025-11-25;3;0
5;2025-11-25;4;0
5;2025-11-25;5;0
5;2025-11-25;6;0
5;2025-11-25;7;0
5;2025-11-25;8;0
5;2025-11-25;9;0
5;2025-11-25;10;0
5;2025-11-25;11;0
5;2025-11-25;12;0
5;2025-11-25;13;0
5;2025-11-25;14;0
5;2025-11-25;15;0
5;2025-11-25;16;0
5;2025-11-25;17;0
5;2025-11-25;18;0
5;2025-11-25;19;0
5;2025-11-25;20;0
5;2025-11-25;21;0
5;2025-11-25;22;0
5;2025-11-25;23;0
5;2025-11-26;0;0
5;2025-11-26;1;0
5;2025-11-26;2;0
5;2025-11-26;3;0
5;2025-11-26;4;0
5;2025-11-26;5;0
5;2025-11-26;6;0
5;2025-11-26;7;0
5;2025-11-26;8;0
5;2025-11-26;9;0
5;2025-11-26;10;0
5;2025-11-26;11;0
5;2025-11-26;12;0
5;2025-11-26;13;0
5;2025-11-26;14;0
5;2025-11-26;15;0
5;2025-11-26;16;0
5;2025-11-26;17;0
5;2025-11-26;18;0
5;2025-11-26;19;0
5;2025-11-26;20;0
5;2025-11-26;21;0
5;2025-11-26;22;0
5;2025-11-26;23;0
5;2025-11-27;0;0
5;2025-11-27;1;0
5;2025-11-27;2;0
5;2025-11-27;3;0
5;2025-11-27;4;0
5;2025-11-27;5;0
5;2025-11-27;6;0
5;2025-11-27;7;0
5;2025-11-27;8;0
5;2025-11-27;9;0
5;2025-11-27;10;0
5;2025-11-27;11;0
5;2025-11-27;12;0
5;2025-11-27;13;0
5;2025-11-27;14;0
5;2025-11-27;15;0
5;2025-11-27;16;0
5;2025-11-27;17;0
5;2025-11-27;18;0
5;2025-11-27;19;0
5;2025-11-27;20;0
5;2025-11-27;21;0
5;2025-11-27;22;0
5;2025-11-27;23;0
5;2025-11-28;0;0
5;2025-11-28;1;0
5;2025-11-28;2;0
5;2025-11-28;3;0
5;2025-11-28;4;0
5;2025-11-28;5;0
5;2025-11-28;6;0
5;2025-11-28;7;0
5;2025-11-28;8;0
5;2025-11-28;9;0
5;2025-11-28;10;0
5;2025-11-28;11;0
5;2025-11-28;12;0
5;2025-11-28;13;0
5;2025-11-28;14;0
5;2025-11-28;15;0
5;2025-11-28;16;0
5;2025-11-28;17;0
5;2025-11-28;18;0
5;2025-11-28;19;0
5;2025-11-28;20;0
5;2025-11-28;21;0
5;2025-11-28;22;0
5;2025-11-28;23;0
5;2025-11-29;0;0
5;2025-11-29;1;0
5;2025-11-29;2;0
5;2025-11-29;3;0
5;2025-11-29;4;0
5;2025-11-29;5;0
5;2025-11-29;6;0
5;2025-11-29;7;0
5;2025-11-29;8;0
5;2025-11-29;9;0
5;2025-11-29;10;0
5;2025-11-29;11;0
5;2025-11-29;12;0
5;2025-11-29;13;0
5;2025-11-29;14;0
5;2025-11-29;15;0
5;2025-11-29;16;0
5;2025-11-29;17;0
5;2025-11-29;18;0
5;2025-11-29;19;0
5;2025-11-29;20;0
5;2025-11-29;21;0
5;2025-11-29;22;0
5;2025-11-29;23;0
5;2025-11-30;0;0
5;2025-11-30;1;0
5;2025-11-30;2;0
5;2025-11-30;3;0
5;2025-11-30;4;0
5;2025-11-30;5;0
5;2025-11-30;6;0
5;2025-11-30;7;0
5;2025-11-30;8;0
5;2025-11-30;9;0
5;2025-11-30;10;0
5;2025-11-30;11;0
5;2025-11-30;12;0
5;2025-11-30;13;0
5;2025-11-30;14;0
5;2025-11-30;15;0
5;2025-11-30;16;0
5;2025-11-30;17;0
5;2025-11-30;18;0
5;2025-11-30;19;0
5;2025-11-30;20;0
5;2025-11-30;21;0
5;2025-11-30;22;0
5;2025-11-30;23;0
5;2025-12-01;0;0
5;2025-12-01;1;0
5;2025-12-01;2;0
5;2025-12-01;3;0
5;2025-12-01;4;0
5;2025-12-01;5;0
5;2025-12-01;6;0
5;2025-12-01;7;0
5;2025-12-01;8;0
5;2025-12-01;9;0
5;2025-12-01;10;0
5;2025-12-01;11;0
5;2025-12-01;12;0
5;2025-12-01;13;0
5;2025-12-01;14;0
5;2025-12-01;15;0
5;2025-12-01;16;0
5;2025-12-01;17;0
5;2025-12-01;18;0
5;2025-12-01;19;0
5;2025-12-01;20;0
5;2025-12-01;21;0
5;2025-12-01;22;0
5;2025-12-01;23;0
5;2025-12-02;0;0
5;2025-12-02;1;0
5;2025-12-02;2;0
5;2025-12-02;3;0
5;2025-12-02;4;0
5;2025-12-02;5;0
5;2025-12-02;6;0
5;2025-12-02;7;0
5;2025-12-02;8;0
5;2025-12-02;9;0
5;2025-12-02;10;0
5;2025-12-02;11;0
5;2025-12-02;12;0
5;2025-12-02;13;0
5;2025-12-02;14;0
5;2025-12-02;15;0
5;2025-12-02;16;0
5;2025-12-02;17;0
5;2025-12-02;18;0
5;2025-12-02;19;0
5;2025-12-02;20;0
5;2025-12-02;21;0
5;2025-12-02;22;0
5;2025-12-02;23;0
5;2025-12-03;0;0
5;2025-12-03;1;0
5;2025-12-03;2;0
5;2025-12-03;3;0
5;2025-12-03;4;0
5;2025-12-03;5;0
5;2025-12-03;6;0
5;2025-12-03;7;0
5;2025-12-03;8;0
5;2025-12-03;9;0
5;2025-12-03;10;0
5;2025-12-03;11;0
5;2025-12-03;12;0
5;2025-12-03;13;0
5;2025-12-03;14;0
5;2025-12-03;15;0
5;2025-12-03;16;0
5;2025-12-03;17;0
5;2025-12-03;18;0
5;2025-12-03;19;0
5;2025-12-03;20;0
5;2025-12-03;21;0
5;2025-12-03;22;0
5;2025-12-03;23;0
5;2025-12-04;0;0
5;2025-12-04;1;0
5;2025-12-04;2;0
5;2025-12-04;3;0
5;2025-12-04;4;0
5;2025-12-04;5;0
5;2025-12-04;6;0
5;2025-12-04;7;0
5;2025-12-04;8;0
5;2025-12-04;9;0
5;2025-12-04;10;0
5;2025-12-04;11;0
5;2025-12-04;12;0
5;2025-12-04;13;0
5;2025-12-04;14;0
5;2025-12-04;15;0
5;2025-12-04;16;0
5;2025-12-04;17;0
5;2025-12-04;18;0
5;2025-12-04;19;0
5;2025-12-04;20;0
5;2025-12-04;21;0
5;2025-12-04;22;0
5;2025-12-04;23;0
5;2025-12-05;0;0
5;2025-12-05;1;0
5;2025-12-05;2;0
5;2025-12-05;3;0
5;2025-12-05;4;0
5;2025-12-05;5;0
5;2025-12-05;6;0
5;2025-12-05;7;0
5;2025-12-05;8;0
5;2025-12-05;9;0
5;2025-12-05;10;0
5;2025-12-05;11;0
5;2025-12-05;12;0
5;2025-12-05;13;0
5;2025-12-05;14;0
5;2025-12-05;15;0
5;2025-12-05;16;0
5;2025-12-05;17;0
5;2025-12-05;18;0
5;2025-12-05;19;0
5;2025-12-05;20;0
5;2025-12-05;21;0
5;2025-12-05;22;0
5;2025-12-05;23;0
5;2025-12-06;0;0
5;2025-12-06;1;0
5;2025-12-06;2;0
5;2025-12-06;3;0
5;2025-12-06;4;0
5;2025-12-06;5;0
5;2025-12-06;6;0
5;2025-12-06;7;0
5;2025-12-06;8;0
5;2025-12-06;9;0
5;2025-12-06;10;0
5;2025-12-06;11;0
5;2025-12-06;12;0
5;2025-12-06;13;0
5;2025-12-06;14;0
5;2025-12-06;15;0
5;2025-12-06;16;0
5;2025-12-06;17;0
5;2025-12-06;18;0
5;2025-12-06;19;0
5;2025-12-06;20;0
5;2025-12-06;21;0
5;2025-12-06;22;0
5;2025-12-06;23;0
5;2025-12-07;0;0
5;2025-12-07;1;0
5;2025-12-07;2;0
5;2025-12-07;3;0
5;2025-12-07;4;0
5;2025-12-07;5;0
5;2025-12-07;6;0
5;2025-12-07;7;0
5;2025-12-07;8;0
5;2025-12-07;9;0
5;2025-12-07;10;0
5;2025-12-07;11;0
5;2025-12-07;12;0
5;2025-12-07;13;0
5;2025-12-07;14;0
5;2025-12-07;15;0
5;2025-12-07;16;0
5;2025-12-07;17;0
5;2025-12-07;18;0
5;2025-12-07;19;0
5;2025-12-07;20;0
5;2025-12-07;21;0
5;2025-12-07;22;0
5;2025-12-07;23;0
5;2025-12-08;0;0
5;2025-12-08;1;0
5;2025-12-08;2;0
5;2025-12-08;3;0
5;2025-12-08;4;0
5;2025-12-08;5;0
5;2025-12-08;6;0
5;2025-12-08;7;0
5;2025-12-08;8;0
5;2025-12-08;9;0
5;2025-12-08;10;0
5;2025-12-08;11;0
5;2025-12-08;12;0
5;2025-12-08;13;0
5;2025-12-08;14;0
5;2025-12-08;15;0
5;2025-12-08;16;0
5;2025-12-08;17;0
5;2025-12-08;18;0
5;2025-12-08;19;0
5;2025-12-08;20;0
5;2025-12-08;21;0
5;2025-12-08;22;0
5;2025-12-08;23;0
5;2025-12-09;0;0
5;2025-12-09;1;0
5;2025-12-09;2;0
5;2025-12-09;3;0
5;2025-12-09;4;0
5;2025-12-09;5;0
5;2025-12-09;6;0
5;2025-12-09;7;0
5;2025-12-09;8;0
5;2025-12-09;9;0
5;2025-12-09;10;0
5;2025-12-09;11;0
5;2025-12-09;12;0
5;2025-12-09;13;0
5;2025-12-09;14;0
5;2025-12-09;15;0
5;2025-12-09;16;0
5;2025-12-09;17;0
5;2025-12-09;18;0
5;2025-12-09;19;0
5;2025-12-09;20;0
5;2025-12-09;21;0
5;2025-12-09;22;0
5;2025-12-09;23;0
5;2025-12-10;0;0
5;2025-12-10;1;0
5;2025-12-10;2;0
5;2025-12-10;3;0
5;2025-12-10;4;0
5;2025-12-10;5;0
5;2025-12-10;6;0
5;2025-12-10;7;0
5;2025-12-10;8;0
5;2025-12-10;9;0
5;2025-12-10;10;0
5;2025-12-10;11;0
5;2025-12-10;12;0
5;2025-12-10;13;0
5;2025-12-10;14;0
5;2025-12-10;15;0
5;2025-12-10;16;0
5;2025-12-10;17;0
5;2025-12-10;18;0
5;2025-12-10;19;0
5;2025-12-10;20;0
5;2025-12-10;21;0
5;2025-12-10;22;0
5;2025-12-10;23;0
5;2025-12-11;0;0
5;2025-12-11;1;0
5;2025-12-11;2;0
5;2025-12-11;3;0
5;2025-12-11;4;0
5;2025-12-11;5;0
5;2025-12-11;6;0
5;2025-12-11;7;0
5;2025-12-11;8;0
5;2025-12-11;9;0
5;2025-12-11;10;0
5;2025-12-11;11;0
5;2025-12-11;12;0
5;2025-12-11;13;0
5;2025-12-11;14;0
5;2025-12-11;15;0
5;2025-12-11;16;0
5;2025-12-11;17;0
5;2025-12-11;18;0
5;2025-12-11;19;0
5;2025-12-11;20;0
5;2025-12-11;21;0
5;2025-12-11;22;0
5;2025-12-11;23;0
5;2025-12-12;0;0
5;2025-12-12;1;0
5;2025-12-12;2;0
5;2025-12-12;3;0
5;2025-12-12;4;0
5;2025-12-12;5;0
5;2025-12-12;6;0
5;2025-12-12;7;0
5;2025-12-12;8;0
5;2025-12-12;9;0
5;2025-12-12;10;0
5;2025-12-12;11;0
5;2025-12-12;12;0
5;2025-12-12;13;0
5;2025-12-12;14;0
5;2025-12-12;15;0
5;2025-12-12;16;0
5;2025-12-12;17;0
5;2025-12-12;18;0
5;2025-12-12;19;0
5;2025-12-12;20;0
5;2025-12-12;21;0
5;2025-12-12;22;0
5;2025-12-12;23;0
5;2025-12-13;0;0
5;2025-12-13;1;0
5;2025-12-13;2;0
5;2025-12-13;3;0
5;2025-12-13;4;0
5;2025-12-13;5;0
5;2025-12-13;6;0
5;2025-12-13;7;0
5;2025-12-13;8;0
5;2025-12-13;9;0
5;2025-12-13;10;0
5;2025-12-13;11;0
5;2025-12-13;12;0
5;2025-12-13;13;0
5;2025-12-13;14;0
5;2025-12-13;15;0
5;2025-12-13;16;0
5;2025-12-13;17;0
5;2025-12-13;18;0
5;2025-12-13;19;0
5;2025-12-13;20;0
5;2025-12-13;21;0
5;2025-12-13;22;0
5;2025-12-13;23;0
5;2025-12-14;0;0
5;2025-12-14;1;0
5;2025-12-14;2;0
5;2025-12-14;3;0
5;2025-12-14;4;0
5;2025-12-14;5;0
5;2025-12-14;6;0
5;2025-12-14;7;0
5;2025-12-14;8;0
5;2025-12-14;9;0
5;2025-12-14;10;0
5;2025-12-14;11;0
5;2025-12-14;12;0
5;2025-12-14;13;0
5;2025-12-14;14;0
5;2025-12-14;15;0
5;2025-12-14;16;0
5;2025-12-14;17;0
5;2025-12-14;18;0
5;2025-12-14;19;0
5;2025-12-14;20;0
5;2025-12-14;21;0
5;2025-12-14;22;0
5;2025-12-14;23;0
5;2025-12-15;0;0
5;2025-12-15;1;0
5;2025-12-15;2;0
5;2025-12-15;3;0
5;2025-12-15;4;0
5;2025-12-15;5;0
5;2025-12-15;6;0
5;2025-12-15;7;0
5;2025-12-15;8;0
5;2025-12-15;9;0
5;2025-12-15;10;0
5;2025-12-15;11;0
5;2025-12-15;12;0
5;2025-12-15;13;0
5;2025-12-15;14;0
5;2025-12-15;15;0
5;2025-12-15;16;0
5;2025-12-15;17;0
5;2025-12-15;18;0
5;2025-12-15;19;0
5;2025-12-15;20;0
5;2025-12-15;21;0
5;2025-12-15;22;0
5;2025-12-15;23;0
5;2025-12-16;0;7
5;2025-12-16;1;1
5;2025-12-16;2;0
5;2025-12-16;3;0
5;2025-12-16;4;1
5;2025-12-16;5;33
5;2025-12-16;6;165
5;2025-12-16;7;403
5;2025-12-16;8;608
5;2025-12-16;9;423
5;2025-12-16;10;348
5;2025-12-16;11;337
5;2025-12-16;12;350
5;2025-12-16;13;354
5;2025-12-16;14;359
5;2025-12-16;15;383
5;2025-12-16;16;426
5;2025-12-16;17;520
5;2025-12-16;18;541
5;2025-12-16;19;383
5;2025-12-16;20;245
5;2025-12-16;21;152
5;2025-12-16;22;64
5;2025-12-16;23;29
5;2025-12-17;0;7
5;2025-12-17;1;1
5;2025-12-17;2;0
5;2025-12-17;3;0
5;2025-12-17;4;1
5;2025-12-17;5;33
5;2025-12-17;6;165
5;2025-12-17;7;403
5;2025-12-17;8;608
5;2025-12-17;9;423
5;2025-12-17;10;348
5;2025-12-17;11;337
5;2025-12-17;12;350
5;2025-12-17;13;354
5;2025-12-17;14;359
5;2025-12-17;15;383
5;2025-12-17;16;426
5;2025-12-17;17;520
5;2025-12-17;18;541
5;2025-12-17;19;383
5;2025-12-17;20;245
5;2025-12-17;21;152
5;2025-12-17;22;64
5;2025-12-17;23;29
5;2025-12-18;0;7
5;2025-12-18;1;1
5;2025-12-18;2;0
5;2025-12-18;3;0
5;2025-12-18;4;1
5;2025-12-18;5;33
5;2025-12-18;6;165
5;2025-12-18;7;403
5;2025-12-18;8;608
5;2025-12-18;9;423
5;2025-12-18;10;348
5;2025-12-18;11;337
5;2025-12-18;12;350
5;2025-12-18;13;354
5;2025-12-18;14;359
5;2025-12-18;15;383
5;2025-12-18;16;426
5;2025-12-18;17;520
5;2025-12-18;18;541
5;2025-12-18;19;383
5;2025-12-18;20;245
5;2025-12-18;21;152
5;2025-12-18;22;64
5;2025-12-18;23;29
5;2025-12-19;0;8
5;2025-12-19;1;1
5;2025-12-19;2;0
5;2025-12-19;3;0
5;2025-12-19;4;1
5;2025-12-19;5;35
5;2025-12-19;6;172
5;2025-12-19;7;412
5;2025-12-19;8;604
5;2025-12-19;9;416
5;2025-12-19;10;345
5;2025-12-19;11;340
5;2025-12-19;12;356
5;2025-12-19;13;368
5;2025-12-19;14;368
5;2025-12-19;15;412
5;2025-12-19;16;494
5;2025-12-19;17;526
5;2025-12-19;18;440
5;2025-12-19;19;344
5;2025-12-19;20;230
5;2025-12-19;21;154
5;2025-12-19;22;68
5;2025-12-19;23;38
5;2025-12-20;0;116
5;2025-12-20;1;10
5;2025-12-20;2;0
5;2025-12-20;3;0
5;2025-12-20;4;0
5;2025-12-20;5;21
5;2025-12-20;6;90
5;2025-12-20;7;127
5;2025-12-20;8;201
5;2025-12-20;9;258
5;2025-12-20;10;273
5;2025-12-20;11;308
5;2025-12-20;12;385
5;2025-12-20;13;378
5;2025-12-20;14;382
5;2025-12-20;15;409
5;2025-12-20;16;366
5;2025-12-20;17;348
5;2025-12-20;18;288
5;2025-12-20;19;233
5;2025-12-20;20;175
5;2025-12-20;21;124
5;2025-12-20;22;72
5;2025-12-20;23;38
5;2025-12-21;0;18
5;2025-12-21;1;3
5;2025-12-21;2;0
5;2025-12-21;3;0
5;2025-12-21;4;0
5;2025-12-21;5;16
5;2025-12-21;6;71
5;2025-12-21;7;107
5;2025-12-21;8;160
5;2025-12-21;9;218
5;2025-12-21;10;254
5;2025-12-21;11;313
5;2025-12-21;12;329
5;2025-12-21;13;367
5;2025-12-21;14;407
5;2025-12-21;15;405
5;2025-12-21;16;376
5;2025-12-21;17;427
5;2025-12-21;18;340
5;2025-12-21;19;275
5;2025-12-21;20;218
5;2025-12-21;21;154
5;2025-12-21;22;101
5;2025-12-21;23;42
5;2025-12-22;0;8
5;2025-12-22;1;1
5;2025-12-22;2;0
5;2025-12-22;3;0
5;2025-12-22;4;1
5;2025-12-22;5;35
5;2025-12-22;6;170
5;2025-12-22;7;407
5;2025-12-22;8;634
5;2025-12-22;9;438
5;2025-12-22;10;340
5;2025-12-22;11;324
5;2025-12-22;12;337
5;2025-12-22;13;359
5;2025-12-22;14;356
5;2025-12-22;15;382
5;2025-12-22;16;436
5;2025-12-22;17;519
5;2025-12-22;18;548
5;2025-12-22;19;374
5;2025-12-22;20;236
5;2025-12-22;21;145
5;2025-12-22;22;60
5;2025-12-22;23;25
5;2025-12-23;0;6
5;2025-12-23;1;1
5;2025-12-23;2;0
5;2025-12-23;3;0
5;2025-12-23;4;1
5;2025-12-23;5;30
5;2025-12-23;6;148
5;2025-12-23;7;363
5;2025-12-23;8;547
5;2025-12-23;9;381
5;2025-12-23;10;313
5;2025-12-23;11;303
5;2025-12-23;12;315
5;2025-12-23;13;319
5;2025-12-23;14;323
5;2025-12-23;15;345
5;2025-12-23;16;383
5;2025-12-23;17;468
5;2025-12-23;18;487
5;2025-12-23;19;345
5;2025-12-23;20;220
5;2025-12-23;21;137
5;2025-12-23;22;58
5;2025-12-23;23;26
5;2025-12-24;0;6
5;2025-12-24;1;1
5;2025-12-24;2;0
5;2025-12-24;3;0
5;2025-12-24;4;1
5;2025-12-24;5;30
5;2025-12-24;6;148
5;2025-12-24;7;363
5;2025-12-24;8;547
5;2025-12-24;9;381
5;2025-12-24;10;313
5;2025-12-24;11;303
5;2025-12-24;12;315
5;2025-12-24;13;319
5;2025-12-24;14;323
5;2025-12-24;15;345
5;2025-12-24;16;383
5;2025-12-24;17;468
5;2025-12-24;18;487
5;2025-12-24;19;345
5;2025-12-24;20;220
5;2025-12-24;21;137
5;2025-12-24;22;58
5;2025-12-24;23;26
5;2025-12-25;0;6
5;2025-12-25;1;1
5;2025-12-25;2;0
5;2025-12-25;3;0
5;2025-12-25;4;1
5;2025-12-25;5;30
5;2025-12-25;6;148
5;2025-12-25;7;363
5;2025-12-25;8;547
5;2025-12-25;9;381
5;2025-12-25;10;313
5;2025-12-25;11;303
5;2025-12-25;12;315
5;2025-12-25;13;319
5;2025-12-25;14;323
5;2025-12-25;15;345
5;2025-12-25;16;383
5;2025-12-25;17;468
5;2025-12-25;18;487
5;2025-12-25;19;345
5;2025-12-25;20;220
5;2025-12-25;21;137
5;2025-12-25;22;58
5;2025-12-25;23;26
5;2025-12-26;0;7
5;2025-12-26;1;1
5;2025-12-26;2;0
5;2025-12-26;3;0
5;2025-12-26;4;1
5;2025-12-26;5;32
5;2025-12-26;6;155
5;2025-12-26;7;371
5;2025-12-26;8;544
5;2025-12-26;9;374
5;2025-12-26;10;310
5;2025-12-26;11;306
5;2025-12-26;12;320
5;2025-12-26;13;331
5;2025-12-26;14;331
5;2025-12-26;15;371
5;2025-12-26;16;445
5;2025-12-26;17;473
5;2025-12-26;18;396
5;2025-12-26;19;310
5;2025-12-26;20;207
5;2025-12-26;21;139
5;2025-12-26;22;61
5;2025-12-26;23;34
5;2025-12-27;0;104
5;2025-12-27;1;9
5;2025-12-27;2;0
5;2025-12-27;3;0
5;2025-12-27;4;0
5;2025-12-27;5;19
5;2025-12-27;6;81
5;2025-12-27;7;114
5;2025-12-27;8;181
5;2025-12-27;9;232
5;2025-12-27;10;246
5;2025-12-27;11;277
5;2025-12-27;12;346
5;2025-12-27;13;340
5;2025-12-27;14;344
5;2025-12-27;15;368
5;2025-12-27;16;329
5;2025-12-27;17;313
5;2025-12-27;18;259
5;2025-12-27;19;210
5;2025-12-27;20;158
5;2025-12-27;21;112
5;2025-12-27;22;65
5;2025-12-27;23;34
5;2025-12-28;0;16
5;2025-12-28;1;3
5;2025-12-28;2;0
5;2025-12-28;3;0
5;2025-12-28;4;0
5;2025-12-28;5;14
5;2025-12-28;6;64
5;2025-12-28;7;96
5;2025-12-28;8;144
5;2025-12-28;9;196
5;2025-12-28;10;229
5;2025-12-28;11;282
5;2025-12-28;12;296
5;2025-12-28;13;330
5;2025-12-28;14;366
5;2025-12-28;15;364
5;2025-12-28;16;338
5;2025-12-28;17;384
5;2025-12-28;18;306
5;2025-12-28;19;248
5;2025-12-28;20;196
5;2025-12-28;21;139
5;2025-12-28;22;91
5;2025-12-28;23;38
5;2025-12-29;0;7
5;2025-12-29;1;1
5;2025-12-29;2;0
5;2025-12-29;3;0
5;2025-12-29;4;1
5;2025-12-29;5;32
5;2025-12-29;6;153
5;2025-12-29;7;366
5;2025-12-29;8;571
5;2025-12-29;9;394
5;2025-12-29;10;306
5;2025-12-29;11;292
5;2025-12-29;12;303
5;2025-12-29;13;323
5;2025-12-29;14;320
5;2025-12-29;15;344
5;2025-12-29;16;392
5;2025-12-29;17;467
5;2025-12-29;18;493
5;2025-12-29;19;337
5;2025-12-29;20;212
5;2025-12-29;21;130
5;2025-12-29;22;54
5;2025-12-29;23;22
5;2025-12-30;0;6
5;2025-12-30;1;1
5;2025-12-30;2;0
5;2025-12-30;3;0
5;2025-12-30;4;1
5;2025-12-30;5;30
5;2025-12-30;6;148
5;2025-12-30;7;363
5;2025-12-30;8;547
5;2025-12-30;9;381
5;2025-12-30;10;313
5;2025-12-30;11;303
5;2025-12-30;12;315
5;2025-12-30;13;319
5;2025-12-30;14;323
5;2025-12-30;15;345
5;2025-12-30;16;383
5;2025-12-30;17;468
5;2025-12-30;18;487
5;2025-12-30;19;345
5;2025-12-30;20;220
5;2025-12-30;21;137
5;2025-12-30;22;58
5;2025-12-30;23;26
5;2025-12-31;0;16
5;2025-12-31;1;3
5;2025-12-31;2;0
5;2025-12-31;3;0
5;2025-12-31;4;0
5;2025-12-31;5;14
5;2025-12-31;6;64
5;2025-12-31;7;96
5;2025-12-31;8;144
5;2025-12-31;9;196
5;2025-12-31;10;229
5;2025-12-31;11;282
5;2025-12-31;12;296
5;2025-12-31;13;330
5;2025-12-31;14;366
5;2025-12-31;15;364
5;2025-12-31;16;338
5;2025-12-31;17;384
5;2025-12-31;18;306
5;2025-12-31;19;248
5;2025-12-31;20;196
5;2025-12-31;21;139
5;2025-12-31;22;91
5;2025-12-31;23;38
7;2025-11-01;0;95
7;2025-11-01;1;21
7;2025-11-01;2;0
7;2025-11-01;3;0
7;2025-11-01;4;1
7;2025-11-01;5;144
7;2025-11-01;6;492
7;2025-11-01;7;1237
7;2025-11-01;8;1899
7;2025-11-01;9;1443
7;2025-11-01;10;1343
7;2025-11-01;11;1267
7;2025-11-01;12;1342
7;2025-11-01;13;1347
7;2025-11-01;14;1370
7;2025-11-01;15;1524
7;2025-11-01;16;1682
7;2025-11-01;17;1845
7;2025-11-01;18;1645
7;2025-11-01;19;1213
7;2025-11-01;20;791
7;2025-11-01;21;484
7;2025-11-01;22;256
7;2025-11-01;23;186
7;2025-11-02;0;89
7;2025-11-02;1;21
7;2025-11-02;2;0
7;2025-11-02;3;0
7;2025-11-02;4;1
7;2025-11-02;5;28
7;2025-11-02;6;144
7;2025-11-02;7;191
7;2025-11-02;8;387
7;2025-11-02;9;513
7;2025-11-02;10;431
7;2025-11-02;11;615
7;2025-11-02;12;649
7;2025-11-02;13;637
7;2025-11-02;14;676
7;2025-11-02;15;722
7;2025-11-02;16;650
7;2025-11-02;17;648
7;2025-11-02;18;660
7;2025-11-02;19;490
7;2025-11-02;20;411
7;2025-11-02;21;318
7;2025-11-02;22;170
7;2025-11-02;23;121
7;2025-11-03;0;93
7;2025-11-03;1;5
7;2025-11-03;2;0
7;2025-11-03;3;0
7;2025-11-03;4;1
7;2025-11-03;5;48
7;2025-11-03;6;201
7;2025-11-03;7;363
7;2025-11-03;8;570
7;2025-11-03;9;652
7;2025-11-03;10;682
7;2025-11-03;11;872
7;2025-11-03;12;794
7;2025-11-03;13;867
7;2025-11-03;14;933
7;2025-11-03;15;974
7;2025-11-03;16;898
7;2025-11-03;17;872
7;2025-11-03;18;912
7;2025-11-03;19;870
7;2025-11-03;20;688
7;2025-11-03;21;519
7;2025-11-03;22;295
7;2025-11-03;23;196
7;2025-11-04;0;93
7;2025-11-04;1;5
7;2025-11-04;2;0
7;2025-11-04;3;0
7;2025-11-04;4;1
7;2025-11-04;5;46
7;2025-11-04;6;200
7;2025-11-04;7;361
7;2025-11-04;8;567
7;2025-11-04;9;634
7;2025-11-04;10;658
7;2025-11-04;11;867
7;2025-11-04;12;783
7;2025-11-04;13;863
7;2025-11-04;14;978
7;2025-11-04;15;1011
7;2025-11-04;16;898
7;2025-11-04;17;870
7;2025-11-04;18;913
7;2025-11-04;19;868
7;2025-11-04;20;687
7;2025-11-04;21;518
7;2025-11-04;22;293
7;2025-11-04;23;194
7;2025-11-05;0;58
7;2025-11-05;1;13
7;2025-11-05;2;0
7;2025-11-05;3;0
7;2025-11-05;4;1
7;2025-11-05;5;188
7;2025-11-05;6;625
7;2025-11-05;7;1626
7;2025-11-05;8;2486
7;2025-11-05;9;1862
7;2025-11-05;10;1663
7;2025-11-05;11;1561
7;2025-11-05;12;1702
7;2025-11-05;13;1580
7;2025-11-05;14;1691
7;2025-11-05;15;1760
7;2025-11-05;16;1871
7;2025-11-05;17;2376
7;2025-11-05;18;2568
7;2025-11-05;19;1700
7;2025-11-05;20;1030
7;2025-11-05;21;640
7;2025-11-05;22;311
7;2025-11-05;23;193
7;2025-11-06;0;59
7;2025-11-06;1;12
7;2025-11-06;2;0
7;2025-11-06;3;0
7;2025-11-06;4;1
7;2025-11-06;5;188
7;2025-11-06;6;620
7;2025-11-06;7;1627
7;2025-11-06;8;2487
7;2025-11-06;9;1863
7;2025-11-06;10;1665
7;2025-11-06;11;1558
7;2025-11-06;12;1701
7;2025-11-06;13;1577
7;2025-11-06;14;1691
7;2025-11-06;15;1759
7;2025-11-06;16;1870
7;2025-11-06;17;2379
7;2025-11-06;18;2569
7;2025-11-06;19;1701
7;2025-11-06;20;1035
7;2025-11-06;21;643
7;2025-11-06;22;314
7;2025-11-06;23;199
7;2025-11-07;0;72
7;2025-11-07;1;14
7;2025-11-07;2;0
7;2025-11-07;3;0
7;2025-11-07;4;2
7;2025-11-07;5;178
7;2025-11-07;6;607
7;2025-11-07;7;1520
7;2025-11-07;8;2340
7;2025-11-07;9;1778
7;2025-11-07;10;1669
7;2025-11-07;11;1568
7;2025-11-07;12;1668
7;2025-11-07;13;1670
7;2025-11-07;14;1701
7;2025-11-07;15;1893
7;2025-11-07;16;2094
7;2025-11-07;17;2287
7;2025-11-07;18;2029
7;2025-11-07;19;1480
7;2025-11-07;20;981
7;2025-11-07;21;596
7;2025-11-07;22;316
7;2025-11-07;23;233
7;2025-11-08;0;117
7;2025-11-08;1;23
7;2025-11-08;2;0
7;2025-11-08;3;0
7;2025-11-08;4;1
7;2025-11-08;5;51
7;2025-11-08;6;269
7;2025-11-08;7;324
7;2025-11-08;8;707
7;2025-11-08;9;637
7;2025-11-08;10;644
7;2025-11-08;11;700
7;2025-11-08;12;946
7;2025-11-08;13;922
7;2025-11-08;14;885
7;2025-11-08;15;854
7;2025-11-08;16;878
7;2025-11-08;17;861
7;2025-11-08;18;782
7;2025-11-08;19;678
7;2025-11-08;20;559
7;2025-11-08;21;404
7;2025-11-08;22;228
7;2025-11-08;23;183
7;2025-11-09;0;89
7;2025-11-09;1;21
7;2025-11-09;2;0
7;2025-11-09;3;0
7;2025-11-09;4;1
7;2025-11-09;5;24
7;2025-11-09;6;139
7;2025-11-09;7;184
7;2025-11-09;8;376
7;2025-11-09;9;492
7;2025-11-09;10;412
7;2025-11-09;11;595
7;2025-11-09;12;678
7;2025-11-09;13;689
7;2025-11-09;14;682
7;2025-11-09;15;750
7;2025-11-09;16;682
7;2025-11-09;17;680
7;2025-11-09;18;684
7;2025-11-09;19;513
7;2025-11-09;20;432
7;2025-11-09;21;321
7;2025-11-09;22;170
7;2025-11-09;23;121
7;2025-11-10;0;61
7;2025-11-10;1;11
7;2025-11-10;2;0
7;2025-11-10;3;0
7;2025-11-10;4;1
7;2025-11-10;5;189
7;2025-11-10;6;614
7;2025-11-10;7;1639
7;2025-11-10;8;2651
7;2025-11-10;9;1839
7;2025-11-10;10;1577
7;2025-11-10;11;1509
7;2025-11-10;12;1516
7;2025-11-10;13;1522
7;2025-11-10;14;1518
7;2025-11-10;15;1748
7;2025-11-10;16;1809
7;2025-11-10;17;2347
7;2025-11-10;18;2578
7;2025-11-10;19;1704
7;2025-11-10;20;1056
7;2025-11-10;21;607
7;2025-11-10;22;291
7;2025-11-10;23;155
7;2025-11-11;0;58
7;2025-11-11;1;12
7;2025-11-11;2;0
7;2025-11-11;3;0
7;2025-11-11;4;1
7;2025-11-11;5;188
7;2025-11-11;6;626
7;2025-11-11;7;1627
7;2025-11-11;8;2487
7;2025-11-11;9;1861
7;2025-11-11;10;1654
7;2025-11-11;11;1553
7;2025-11-11;12;1695
7;2025-11-11;13;1575
7;2025-11-11;14;1682
7;2025-11-11;15;1750
7;2025-11-11;16;1864
7;2025-11-11;17;2372
7;2025-11-11;18;2567
7;2025-11-11;19;1698
7;2025-11-11;20;1029
7;2025-11-11;21;639
7;2025-11-11;22;309
7;2025-11-11;23;187
7;2025-11-12;0;58
7;2025-11-12;1;12
7;2025-11-12;2;0
7;2025-11-12;3;0
7;2025-11-12;4;1
7;2025-11-12;5;188
7;2025-11-12;6;625
7;2025-11-12;7;1626
7;2025-11-12;8;2485
7;2025-11-12;9;1861
7;2025-11-12;10;1660
7;2025-11-12;11;1547
7;2025-11-12;12;1690
7;2025-11-12;13;1564
7;2025-11-12;14;1679
7;2025-11-12;15;1749
7;2025-11-12;16;1864
7;2025-11-12;17;2373
7;2025-11-12;18;2560
7;2025-11-12;19;1698
7;2025-11-12;20;1029
7;2025-11-12;21;640
7;2025-11-12;22;311
7;2025-11-12;23;192
7;2025-11-13;0;59
7;2025-11-13;1;12
7;2025-11-13;2;0
7;2025-11-13;3;0
7;2025-11-13;4;1
7;2025-11-13;5;188
7;2025-11-13;6;626
7;2025-11-13;7;1626
7;2025-11-13;8;2485
7;2025-11-13;9;1862
7;2025-11-13;10;1664
7;2025-11-13;11;1557
7;2025-11-13;12;1699
7;2025-11-13;13;1576
7;2025-11-13;14;1683
7;2025-11-13;15;1755
7;2025-11-13;16;1868
7;2025-11-13;17;2375
7;2025-11-13;18;2566
7;2025-11-13;19;1699
7;2025-11-13;20;1030
7;2025-11-13;21;641
7;2025-11-13;22;313
7;2025-11-13;23;196
7;2025-11-14;0;72
7;2025-11-14;1;14
7;2025-11-14;2;0
7;2025-11-14;3;0
7;2025-11-14;4;2
7;2025-11-14;5;177
7;2025-11-14;6;611
7;2025-11-14;7;1517
7;2025-11-14;8;2340
7;2025-11-14;9;1777
7;2025-11-14;10;1672
7;2025-11-14;11;1568
7;2025-11-14;12;1665
7;2025-11-14;13;1666
7;2025-11-14;14;1696
7;2025-11-14;15;1889
7;2025-11-14;16;2091
7;2025-11-14;17;2285
7;2025-11-14;18;2023
7;2025-11-14;19;1479
7;2025-11-14;20;978
7;2025-11-14;21;593
7;2025-11-14;22;312
7;2025-11-14;23;229
7;2025-11-15;0;115
7;2025-11-15;1;22
7;2025-11-15;2;0
7;2025-11-15;3;0
7;2025-11-15;4;1
7;2025-11-15;5;56
7;2025-11-15;6;271
7;2025-11-15;7;331
7;2025-11-15;8;723
7;2025-11-15;9;665
7;2025-11-15;10;659
7;2025-11-15;11;714
7;2025-11-15;12;956
7;2025-11-15;13;941
7;2025-11-15;14;936
7;2025-11-15;15;900
7;2025-11-15;16;923
7;2025-11-15;17;906
7;2025-11-15;18;808
7;2025-11-15;19;704
7;2025-11-15;20;577
7;2025-11-15;21;411
7;2025-11-15;22;234
7;2025-11-15;23;186
7;2025-11-16;0;88
7;2025-11-16;1;21
7;2025-11-16;2;0
7;2025-11-16;3;0
7;2025-11-16;4;1
7;2025-11-16;5;20
7;2025-11-16;6;144
7;2025-11-16;7;190
7;2025-11-16;8;375
7;2025-11-16;9;510
7;2025-11-16;10;432
7;2025-11-16;11;627
7;2025-11-16;12;686
7;2025-11-16;13;697
7;2025-11-16;14;713
7;2025-11-16;15;754
7;2025-11-16;16;687
7;2025-11-16;17;685
7;2025-11-16;18;679
7;2025-11-16;19;509
7;2025-11-16;20;428
7;2025-11-16;21;317
7;2025-11-16;22;170
7;2025-11-16;23;123
7;2025-11-17;0;62
7;2025-11-17;1;11
7;2025-11-17;2;0
7;2025-11-17;3;0
7;2025-11-17;4;1
7;2025-11-17;5;191
7;2025-11-17;6;620
7;2025-11-17;7;1642
7;2025-11-17;8;2652
7;2025-11-17;9;1840
7;2025-11-17;10;1590
7;2025-11-17;11;1518
7;2025-11-17;12;1523
7;2025-11-17;13;1506
7;2025-11-17;14;1513
7;2025-11-17;15;1744
7;2025-11-17;16;1806
7;2025-11-17;17;2343
7;2025-11-17;18;2576
7;2025-11-17;19;1702
7;2025-11-17;20;1053
7;2025-11-17;21;613
7;2025-11-17;22;291
7;2025-11-17;23;155
7;2025-11-18;0;58
7;2025-11-18;1;12
7;2025-11-18;2;0
7;2025-11-18;3;0
7;2025-11-18;4;2
7;2025-11-18;5;183
7;2025-11-18;6;621
7;2025-11-18;7;1632
7;2025-11-18;8;2477
7;2025-11-18;9;1862
7;2025-11-18;10;1650
7;2025-11-18;11;1555
7;2025-11-18;12;1698
7;2025-11-18;13;1567
7;2025-11-18;14;1673
7;2025-11-18;15;1745
7;2025-11-18;16;1867
7;2025-11-18;17;2372
7;2025-11-18;18;2559
7;2025-11-18;19;1702
7;2025-11-18;20;1030
7;2025-11-18;21;638
7;2025-11-18;22;308
7;2025-11-18;23;187
7;2025-11-19;0;58
7;2025-11-19;1;12
7;2025-11-19;2;0
7;2025-11-19;3;0
7;2025-11-19;4;1
7;2025-11-19;5;189
7;2025-11-19;6;628
7;2025-11-19;7;1627
7;2025-11-19;8;2488
7;2025-11-19;9;1862
7;2025-11-19;10;1657
7;2025-11-19;11;1549
7;2025-11-19;12;1684
7;2025-11-19;13;1567
7;2025-11-19;14;1674
7;2025-11-19;15;1746
7;2025-11-19;16;1863
7;2025-11-19;17;2372
7;2025-11-19;18;2566
7;2025-11-19;19;1699
7;2025-11-19;20;1029
7;2025-11-19;21;640
7;2025-11-19;22;312
7;2025-11-19;23;191
7;2025-11-20;0;59
7;2025-11-20;1;12
7;2025-11-20;2;0
7;2025-11-20;3;0
7;2025-11-20;4;1
7;2025-11-20;5;188
7;2025-11-20;6;628
7;2025-11-20;7;1627
7;2025-11-20;8;2485
7;2025-11-20;9;1861
7;2025-11-20;10;1656
7;2025-11-20;11;1549
7;2025-11-20;12;1684
7;2025-11-20;13;1567
7;2025-11-20;14;1674
7;2025-11-20;15;1747
7;2025-11-20;16;1864
7;2025-11-20;17;2372
7;2025-11-20;18;2566
7;2025-11-20;19;1696
7;2025-11-20;20;1028
7;2025-11-20;21;639
7;2025-11-20;22;311
7;2025-11-20;23;194
7;2025-11-21;0;72
7;2025-11-21;1;14
7;2025-11-21;2;0
7;2025-11-21;3;0
7;2025-11-21;4;2
7;2025-11-21;5;182
7;2025-11-21;6;619
7;2025-11-21;7;1516
7;2025-11-21;8;2339
7;2025-11-21;9;1776
7;2025-11-21;10;1667
7;2025-11-21;11;1562
7;2025-11-21;12;1645
7;2025-11-21;13;1660
7;2025-11-21;14;1690
7;2025-11-21;15;1883
7;2025-11-21;16;2090
7;2025-11-21;17;2283
7;2025-11-21;18;2022
7;2025-11-21;19;1479
7;2025-11-21;20;979
7;2025-11-21;21;595
7;2025-11-21;22;315
7;2025-11-21;23;230
7;2025-11-22;0;117
7;2025-11-22;1;23
7;2025-11-22;2;0
7;2025-11-22;3;0
7;2025-11-22;4;1
7;2025-11-22;5;55
7;2025-11-22;6;274
7;2025-11-22;7;331
7;2025-11-22;8;722
7;2025-11-22;9;664
7;2025-11-22;10;680
7;2025-11-22;11;749
7;2025-11-22;12;1000
7;2025-11-22;13;977
7;2025-11-22;14;936
7;2025-11-22;15;901
7;2025-11-22;16;923
7;2025-11-22;17;906
7;2025-11-22;18;810
7;2025-11-22;19;704
7;2025-11-22;20;578
7;2025-11-22;21;406
7;2025-11-22;22;231
7;2025-11-22;23;188
7;2025-11-23;0;88
7;2025-11-23;1;21
7;2025-11-23;2;0
7;2025-11-23;3;0
7;2025-11-23;4;1
7;2025-11-23;5;26
7;2025-11-23;6;145
7;2025-11-23;7;192
7;2025-11-23;8;391
7;2025-11-23;9;516
7;2025-11-23;10;440
7;2025-11-23;11;631
7;2025-11-23;12;696
7;2025-11-23;13;706
7;2025-11-23;14;720
7;2025-11-23;15;762
7;2025-11-23;16;691
7;2025-11-23;17;687
7;2025-11-23;18;677
7;2025-11-23;19;508
7;2025-11-23;20;431
7;2025-11-23;21;317
7;2025-11-23;22;170
7;2025-11-23;23;121
7;2025-11-24;0;62
7;2025-11-24;1;10
7;2025-11-24;2;0
7;2025-11-24;3;0
7;2025-11-24;4;1
7;2025-11-24;5;189
7;2025-11-24;6;617
7;2025-11-24;7;1651
7;2025-11-24;8;2647
7;2025-11-24;9;1846
7;2025-11-24;10;1572
7;2025-11-24;11;1504
7;2025-11-24;12;1524
7;2025-11-24;13;1527
7;2025-11-24;14;1518
7;2025-11-24;15;1748
7;2025-11-24;16;1807
7;2025-11-24;17;2345
7;2025-11-24;18;2576
7;2025-11-24;19;1703
7;2025-11-24;20;1056
7;2025-11-24;21;606
7;2025-11-24;22;290
7;2025-11-24;23;155
7;2025-11-25;0;58
7;2025-11-25;1;12
7;2025-11-25;2;0
7;2025-11-25;3;0
7;2025-11-25;4;1
7;2025-11-25;5;190
7;2025-11-25;6;631
7;2025-11-25;7;1629
7;2025-11-25;8;2488
7;2025-11-25;9;1862
7;2025-11-25;10;1656
7;2025-11-25;11;1548
7;2025-11-25;12;1682
7;2025-11-25;13;1567
7;2025-11-25;14;1673
7;2025-11-25;15;1744
7;2025-11-25;16;1861
7;2025-11-25;17;2371
7;2025-11-25;18;2566
7;2025-11-25;19;1697
7;2025-11-25;20;1028
7;2025-11-25;21;638
7;2025-11-25;22;309
7;2025-11-25;23;188
7;2025-11-26;0;58
7;2025-11-26;1;12
7;2025-11-26;2;0
7;2025-11-26;3;0
7;2025-11-26;4;1
7;2025-11-26;5;189
7;2025-11-26;6;628
7;2025-11-26;7;1640
7;2025-11-26;8;2474
7;2025-11-26;9;1868
7;2025-11-26;10;1656
7;2025-11-26;11;1550
7;2025-11-26;12;1685
7;2025-11-26;13;1567
7;2025-11-26;14;1674
7;2025-11-26;15;1745
7;2025-11-26;16;1852
7;2025-11-26;17;2358
7;2025-11-26;18;2559
7;2025-11-26;19;1701
7;2025-11-26;20;1031
7;2025-11-26;21;642
7;2025-11-26;22;314
7;2025-11-26;23;192
7;2025-11-27;0;59
7;2025-11-27;1;12
7;2025-11-27;2;0
7;2025-11-27;3;0
7;2025-11-27;4;1
7;2025-11-27;5;188
7;2025-11-27;6;625
7;2025-11-27;7;1626
7;2025-11-27;8;2485
7;2025-11-27;9;1862
7;2025-11-27;10;1661
7;2025-11-27;11;1555
7;2025-11-27;12;1693
7;2025-11-27;13;1565
7;2025-11-27;14;1671
7;2025-11-27;15;1751
7;2025-11-27;16;1868
7;2025-11-27;17;2360
7;2025-11-27;18;2542
7;2025-11-27;19;1701
7;2025-11-27;20;1034
7;2025-11-27;21;645
7;2025-11-27;22;315
7;2025-11-27;23;196
7;2025-11-28;0;70
7;2025-11-28;1;13
7;2025-11-28;2;0
7;2025-11-28;3;0
7;2025-11-28;4;2
7;2025-11-28;5;176
7;2025-11-28;6;611
7;2025-11-28;7;1517
7;2025-11-28;8;2340
7;2025-11-28;9;1776
7;2025-11-28;10;1665
7;2025-11-28;11;1559
7;2025-11-28;12;1650
7;2025-11-28;13;1661
7;2025-11-28;14;1692
7;2025-11-28;15;1887
7;2025-11-28;16;2090
7;2025-11-28;17;2282
7;2025-11-28;18;2022
7;2025-11-28;19;1477
7;2025-11-28;20;977
7;2025-11-28;21;593
7;2025-11-28;22;314
7;2025-11-28;23;230
7;2025-11-29;0;117
7;2025-11-29;1;23
7;2025-11-29;2;0
7;2025-11-29;3;0
7;2025-11-29;4;1
7;2025-11-29;5;54
7;2025-11-29;6;275
7;2025-11-29;7;333
7;2025-11-29;8;719
7;2025-11-29;9;670
7;2025-11-29;10;680
7;2025-11-29;11;749
7;2025-11-29;12;1000
7;2025-11-29;13;976
7;2025-11-29;14;936
7;2025-11-29;15;899
7;2025-11-29;16;923
7;2025-11-29;17;906
7;2025-11-29;18;808
7;2025-11-29;19;704
7;2025-11-29;20;579
7;2025-11-29;21;413
7;2025-11-29;22;235
7;2025-11-29;23;187
7;2025-11-30;0;88
7;2025-11-30;1;21
7;2025-11-30;2;0
7;2025-11-30;3;0
7;2025-11-30;4;1
7;2025-11-30;5;27
7;2025-11-30;6;145
7;2025-11-30;7;194
7;2025-11-30;8;391
7;2025-11-30;9;516
7;2025-11-30;10;439
7;2025-11-30;11;631
7;2025-11-30;12;695
7;2025-11-30;13;706
7;2025-11-30;14;721
7;2025-11-30;15;764
7;2025-11-30;16;693
7;2025-11-30;17;690
7;2025-11-30;18;687
7;2025-11-30;19;515
7;2025-11-30;20;433
7;2025-11-30;21;322
7;2025-11-30;22;171
7;2025-11-30;23;122
7;2025-12-01;0;62
7;2025-12-01;1;11
7;2025-12-01;2;0
7;2025-12-01;3;0
7;2025-12-01;4;1
7;2025-12-01;5;193
7;2025-12-01;6;625
7;2025-12-01;7;1653
7;2025-12-01;8;2667
7;2025-12-01;9;1850
7;2025-12-01;10;1589
7;2025-12-01;11;1517
7;2025-12-01;12;1525
7;2025-12-01;13;1528
7;2025-12-01;14;1519
7;2025-12-01;15;1754
7;2025-12-01;16;1815
7;2025-12-01;17;2354
7;2025-12-01;18;2584
7;2025-12-01;19;1709
7;2025-12-01;20;1058
7;2025-12-01;21;609
7;2025-12-01;22;292
7;2025-12-01;23;156
7;2025-12-02;0;58
7;2025-12-02;1;12
7;2025-12-02;2;0
7;2025-12-02;3;0
7;2025-12-02;4;1
7;2025-12-02;5;190
7;2025-12-02;6;632
7;2025-12-02;7;1633
7;2025-12-02;8;2495
7;2025-12-02;9;1868
7;2025-12-02;10;1660
7;2025-12-02;11;1550
7;2025-12-02;12;1685
7;2025-12-02;13;1571
7;2025-12-02;14;1677
7;2025-12-02;15;1749
7;2025-12-02;16;1867
7;2025-12-02;17;2377
7;2025-12-02;18;2573
7;2025-12-02;19;1703
7;2025-12-02;20;1031
7;2025-12-02;21;641
7;2025-12-02;22;310
7;2025-12-02;23;188
7;2025-12-03;0;58
7;2025-12-03;1;12
7;2025-12-03;2;0
7;2025-12-03;3;0
7;2025-12-03;4;1
7;2025-12-03;5;189
7;2025-12-03;6;631
7;2025-12-03;7;1632
7;2025-12-03;8;2495
7;2025-12-03;9;1868
7;2025-12-03;10;1661
7;2025-12-03;11;1552
7;2025-12-03;12;1688
7;2025-12-03;13;1571
7;2025-12-03;14;1678
7;2025-12-03;15;1751
7;2025-12-03;16;1869
7;2025-12-03;17;2379
7;2025-12-03;18;2574
7;2025-12-03;19;1703
7;2025-12-03;20;1032
7;2025-12-03;21;642
7;2025-12-03;22;312
7;2025-12-03;23;193
7;2025-12-04;0;59
7;2025-12-04;1;12
7;2025-12-04;2;0
7;2025-12-04;3;0
7;2025-12-04;4;1
7;2025-12-04;5;188
7;2025-12-04;6;629
7;2025-12-04;7;1631
7;2025-12-04;8;2493
7;2025-12-04;9;1867
7;2025-12-04;10;1660
7;2025-12-04;11;1552
7;2025-12-04;12;1688
7;2025-12-04;13;1572
7;2025-12-04;14;1677
7;2025-12-04;15;1752
7;2025-12-04;16;1868
7;2025-12-04;17;2378
7;2025-12-04;18;2575
7;2025-12-04;19;1704
7;2025-12-04;20;1033
7;2025-12-04;21;643
7;2025-12-04;22;313
7;2025-12-04;23;195
7;2025-12-05;0;72
7;2025-12-05;1;14
7;2025-12-05;2;0
7;2025-12-05;3;0
7;2025-12-05;4;2
7;2025-12-05;5;177
7;2025-12-05;6;615
7;2025-12-05;7;1521
7;2025-12-05;8;2346
7;2025-12-05;9;1781
7;2025-12-05;10;1670
7;2025-12-05;11;1566
7;2025-12-05;12;1658
7;2025-12-05;13;1665
7;2025-12-05;14;1693
7;2025-12-05;15;1889
7;2025-12-05;16;2096
7;2025-12-05;17;2290
7;2025-12-05;18;2028
7;2025-12-05;19;1482
7;2025-12-05;20;980
7;2025-12-05;21;595
7;2025-12-05;22;315
7;2025-12-05;23;231
7;2025-12-06;0;94
7;2025-12-06;1;23
7;2025-12-06;2;0
7;2025-12-06;3;0
7;2025-12-06;4;1
7;2025-12-06;5;62
7;2025-12-06;6;272
7;2025-12-06;7;494
7;2025-12-06;8;686
7;2025-12-06;9;804
7;2025-12-06;10;813
7;2025-12-06;11;927
7;2025-12-06;12;1015
7;2025-12-06;13;1106
7;2025-12-06;14;1121
7;2025-12-06;15;1106
7;2025-12-06;16;1049
7;2025-12-06;17;971
7;2025-12-06;18;1092
7;2025-12-06;19;1000
7;2025-12-06;20;743
7;2025-12-06;21;612
7;2025-12-06;22;309
7;2025-12-06;23;235
7;2025-12-07;0;103
7;2025-12-07;1;6
7;2025-12-07;2;0
7;2025-12-07;3;0
7;2025-12-07;4;1
7;2025-12-07;5;40
7;2025-12-07;6;203
7;2025-12-07;7;368
7;2025-12-07;8;594
7;2025-12-07;9;689
7;2025-12-07;10;725
7;2025-12-07;11;982
7;2025-12-07;12;937
7;2025-12-07;13;1030
7;2025-12-07;14;1090
7;2025-12-07;15;1118
7;2025-12-07;16;1006
7;2025-12-07;17;978
7;2025-12-07;18;977
7;2025-12-07;19;918
7;2025-12-07;20;725
7;2025-12-07;21;538
7;2025-12-07;22;300
7;2025-12-07;23;192
7;2025-12-08;0;62
7;2025-12-08;1;11
7;2025-12-08;2;0
7;2025-12-08;3;0
7;2025-12-08;4;1
7;2025-12-08;5;194
7;2025-12-08;6;626
7;2025-12-08;7;1653
7;2025-12-08;8;2667
7;2025-12-08;9;1854
7;2025-12-08;10;1588
7;2025-12-08;11;1516
7;2025-12-08;12;1525
7;2025-12-08;13;1528
7;2025-12-08;14;1521
7;2025-12-08;15;1754
7;2025-12-08;16;1815
7;2025-12-08;17;2354
7;2025-12-08;18;2584
7;2025-12-08;19;1709
7;2025-12-08;20;1058
7;2025-12-08;21;608
7;2025-12-08;22;292
7;2025-12-08;23;156
7;2025-12-09;0;58
7;2025-12-09;1;12
7;2025-12-09;2;0
7;2025-12-09;3;0
7;2025-12-09;4;1
7;2025-12-09;5;191
7;2025-12-09;6;632
7;2025-12-09;7;1634
7;2025-12-09;8;2496
7;2025-12-09;9;1869
7;2025-12-09;10;1661
7;2025-12-09;11;1550
7;2025-12-09;12;1686
7;2025-12-09;13;1572
7;2025-12-09;14;1677
7;2025-12-09;15;1749
7;2025-12-09;16;1866
7;2025-12-09;17;2377
7;2025-12-09;18;2573
7;2025-12-09;19;1703
7;2025-12-09;20;1032
7;2025-12-09;21;641
7;2025-12-09;22;313
7;2025-12-09;23;189
7;2025-12-10;0;58
7;2025-12-10;1;12
7;2025-12-10;2;0
7;2025-12-10;3;0
7;2025-12-10;4;1
7;2025-12-10;5;200
7;2025-12-10;6;641
7;2025-12-10;7;1649
7;2025-12-10;8;2494
7;2025-12-10;9;1880
7;2025-12-10;10;1672
7;2025-12-10;11;1557
7;2025-12-10;12;1689
7;2025-12-10;13;1572
7;2025-12-10;14;1679
7;2025-12-10;15;1751
7;2025-12-10;16;1868
7;2025-12-10;17;2379
7;2025-12-10;18;2573
7;2025-12-10;19;1704
7;2025-12-10;20;1032
7;2025-12-10;21;642
7;2025-12-10;22;313
7;2025-12-10;23;193
7;2025-12-11;0;59
7;2025-12-11;1;12
7;2025-12-11;2;0
7;2025-12-11;3;0
7;2025-12-11;4;1
7;2025-12-11;5;188
7;2025-12-11;6;629
7;2025-12-11;7;1631
7;2025-12-11;8;2461
7;2025-12-11;9;1865
7;2025-12-11;10;1662
7;2025-12-11;11;1551
7;2025-12-11;12;1687
7;2025-12-11;13;1571
7;2025-12-11;14;1679
7;2025-12-11;15;1752
7;2025-12-11;16;1864
7;2025-12-11;17;2362
7;2025-12-11;18;2547
7;2025-12-11;19;1709
7;2025-12-11;20;1039
7;2025-12-11;21;647
7;2025-12-11;22;317
7;2025-12-11;23;195
7;2025-12-12;0;72
7;2025-12-12;1;14
7;2025-12-12;2;0
7;2025-12-12;3;0
7;2025-12-12;4;2
7;2025-12-12;5;178
7;2025-12-12;6;610
7;2025-12-12;7;1522
7;2025-12-12;8;2344
7;2025-12-12;9;1783
7;2025-12-12;10;1670
7;2025-12-12;11;1566
7;2025-12-12;12;1647
7;2025-12-12;13;1641
7;2025-12-12;14;1675
7;2025-12-12;15;1855
7;2025-12-12;16;2062
7;2025-12-12;17;2275
7;2025-12-12;18;2028
7;2025-12-12;19;1485
7;2025-12-12;20;984
7;2025-12-12;21;599
7;2025-12-12;22;315
7;2025-12-12;23;232
7;2025-12-13;0;94
7;2025-12-13;1;22
7;2025-12-13;2;0
7;2025-12-13;3;0
7;2025-12-13;4;1
7;2025-12-13;5;62
7;2025-12-13;6;269
7;2025-12-13;7;486
7;2025-12-13;8;681
7;2025-12-13;9;796
7;2025-12-13;10;804
7;2025-12-13;11;919
7;2025-12-13;12;996
7;2025-12-13;13;1085
7;2025-12-13;14;1108
7;2025-12-13;15;1095
7;2025-12-13;16;1040
7;2025-12-13;17;964
7;2025-12-13;18;1092
7;2025-12-13;19;1000
7;2025-12-13;20;733
7;2025-12-13;21;601
7;2025-12-13;22;312
7;2025-12-13;23;235
7;2025-12-14;0;103
7;2025-12-14;1;6
7;2025-12-14;2;0
7;2025-12-14;3;0
7;2025-12-14;4;1
7;2025-12-14;5;31
7;2025-12-14;6;186
7;2025-12-14;7;349
7;2025-12-14;8;566
7;2025-12-14;9;677
7;2025-12-14;10;711
7;2025-12-14;11;970
7;2025-12-14;12;925
7;2025-12-14;13;1017
7;2025-12-14;14;1084
7;2025-12-14;15;1111
7;2025-12-14;16;1006
7;2025-12-14;17;978
7;2025-12-14;18;980
7;2025-12-14;19;918
7;2025-12-14;20;724
7;2025-12-14;21;537
7;2025-12-14;22;299
7;2025-12-14;23;190
7;2025-12-15;0;62
7;2025-12-15;1;11
7;2025-12-15;2;0
7;2025-12-15;3;0
7;2025-12-15;4;1
7;2025-12-15;5;177
7;2025-12-15;6;606
7;2025-12-15;7;1634
7;2025-12-15;8;2644
7;2025-12-15;9;1829
7;2025-12-15;10;1565
7;2025-12-15;11;1494
7;2025-12-15;12;1507
7;2025-12-15;13;1516
7;2025-12-15;14;1512
7;2025-12-15;15;1754
7;2025-12-15;16;1804
7;2025-12-15;17;2345
7;2025-12-15;18;2586
7;2025-12-15;19;1711
7;2025-12-15;20;1058
7;2025-12-15;21;609
7;2025-12-15;22;292
7;2025-12-15;23;160
7;2025-12-16;0;58
7;2025-12-16;1;12
7;2025-12-16;2;0
7;2025-12-16;3;0
7;2025-12-16;4;1
7;2025-12-16;5;195
7;2025-12-16;6;631
7;2025-12-16;7;1632
7;2025-12-16;8;2492
7;2025-12-16;9;1864
7;2025-12-16;10;1667
7;2025-12-16;11;1556
7;2025-12-16;12;1692
7;2025-12-16;13;1553
7;2025-12-16;14;1675
7;2025-12-16;15;1749
7;2025-12-16;16;1867
7;2025-12-16;17;2378
7;2025-12-16;18;2573
7;2025-12-16;19;1702
7;2025-12-16;20;1030
7;2025-12-16;21;640
7;2025-12-16;22;309
7;2025-12-16;23;187
7;2025-12-17;0;58
7;2025-12-17;1;12
7;2025-12-17;2;0
7;2025-12-17;3;0
7;2025-12-17;4;1
7;2025-12-17;5;189
7;2025-12-17;6;630
7;2025-12-17;7;1632
7;2025-12-17;8;2495
7;2025-12-17;9;1868
7;2025-12-17;10;1660
7;2025-12-17;11;1552
7;2025-12-17;12;1688
7;2025-12-17;13;1571
7;2025-12-17;14;1678
7;2025-12-17;15;1751
7;2025-12-17;16;1869
7;2025-12-17;17;2379
7;2025-12-17;18;2574
7;2025-12-17;19;1703
7;2025-12-17;20;1032
7;2025-12-17;21;642
7;2025-12-17;22;312
7;2025-12-17;23;193
7;2025-12-18;0;59
7;2025-12-18;1;12
7;2025-12-18;2;0
7;2025-12-18;3;0
7;2025-12-18;4;1
7;2025-12-18;5;188
7;2025-12-18;6;629
7;2025-12-18;7;1631
7;2025-12-18;8;2492
7;2025-12-18;9;1866
7;2025-12-18;10;1661
7;2025-12-18;11;1553
7;2025-12-18;12;1689
7;2025-12-18;13;1572
7;2025-12-18;14;1679
7;2025-12-18;15;1752
7;2025-12-18;16;1869
7;2025-12-18;17;2379
7;2025-12-18;18;2574
7;2025-12-18;19;1703
7;2025-12-18;20;1032
7;2025-12-18;21;642
7;2025-12-18;22;313
7;2025-12-18;23;194
7;2025-12-19;0;72
7;2025-12-19;1;14
7;2025-12-19;2;0
7;2025-12-19;3;0
7;2025-12-19;4;2
7;2025-12-19;5;176
7;2025-12-19;6;614
7;2025-12-19;7;1521
7;2025-12-19;8;2346
7;2025-12-19;9;1781
7;2025-12-19;10;1672
7;2025-12-19;11;1567
7;2025-12-19;12;1660
7;2025-12-19;13;1666
7;2025-12-19;14;1696
7;2025-12-19;15;1885
7;2025-12-19;16;2091
7;2025-12-19;17;2285
7;2025-12-19;18;2030
7;2025-12-19;19;1482
7;2025-12-19;20;981
7;2025-12-19;21;596
7;2025-12-19;22;315
7;2025-12-19;23;231
7;2025-12-20;0;94
7;2025-12-20;1;23
7;2025-12-20;2;0
7;2025-12-20;3;0
7;2025-12-20;4;1
7;2025-12-20;5;63
7;2025-12-20;6;273
7;2025-12-20;7;495
7;2025-12-20;8;686
7;2025-12-20;9;805
7;2025-12-20;10;815
7;2025-12-20;11;930
7;2025-12-20;12;1015
7;2025-12-20;13;1105
7;2025-12-20;14;1120
7;2025-12-20;15;1102
7;2025-12-20;16;1047
7;2025-12-20;17;971
7;2025-12-20;18;1088
7;2025-12-20;19;1000
7;2025-12-20;20;745
7;2025-12-20;21;610
7;2025-12-20;22;310
7;2025-12-20;23;234
7;2025-12-21;0;103
7;2025-12-21;1;6
7;2025-12-21;2;0
7;2025-12-21;3;0
7;2025-12-21;4;1
7;2025-12-21;5;40
7;2025-12-21;6;201
7;2025-12-21;7;364
7;2025-12-21;8;594
7;2025-12-21;9;688
7;2025-12-21;10;725
7;2025-12-21;11;982
7;2025-12-21;12;937
7;2025-12-21;13;1029
7;2025-12-21;14;1088
7;2025-12-21;15;1116
7;2025-12-21;16;1006
7;2025-12-21;17;978
7;2025-12-21;18;976
7;2025-12-21;19;918
7;2025-12-21;20;725
7;2025-12-21;21;538
7;2025-12-21;22;293
7;2025-12-21;23;191
7;2025-12-22;0;62
7;2025-12-22;1;10
7;2025-12-22;2;0
7;2025-12-22;3;0
7;2025-12-22;4;1
7;2025-12-22;5;193
7;2025-12-22;6;625
7;2025-12-22;7;1653
7;2025-12-22;8;2668
7;2025-12-22;9;1860
7;2025-12-22;10;1604
7;2025-12-22;11;1519
7;2025-12-22;12;1528
7;2025-12-22;13;1528
7;2025-12-22;14;1521
7;2025-12-22;15;1755
7;2025-12-22;16;1813
7;2025-12-22;17;2351
7;2025-12-22;18;2581
7;2025-12-22;19;1707
7;2025-12-22;20;1057
7;2025-12-22;21;607
7;2025-12-22;22;292
7;2025-12-22;23;157
7;2025-12-23;0;58
7;2025-12-23;1;12
7;2025-12-23;2;0
7;2025-12-23;3;0
7;2025-12-23;4;1
7;2025-12-23;5;189
7;2025-12-23;6;632
7;2025-12-23;7;1634
7;2025-12-23;8;2494
7;2025-12-23;9;1868
7;2025-12-23;10;1656
7;2025-12-23;11;1547
7;2025-12-23;12;1683
7;2025-12-23;13;1563
7;2025-12-23;14;1668
7;2025-12-23;15;1740
7;2025-12-23;16;1857
7;2025-12-23;17;2370
7;2025-12-23;18;2567
7;2025-12-23;19;1702
7;2025-12-23;20;1028
7;2025-12-23;21;638
7;2025-12-23;22;306
7;2025-12-23;23;185
7;2025-12-24;0;58
7;2025-12-24;1;12
7;2025-12-24;2;0
7;2025-12-24;3;0
7;2025-12-24;4;1
7;2025-12-24;5;191
7;2025-12-24;6;635
7;2025-12-24;7;1635
7;2025-12-24;8;2492
7;2025-12-24;9;1870
7;2025-12-24;10;1663
7;2025-12-24;11;1556
7;2025-12-24;12;1688
7;2025-12-24;13;1570
7;2025-12-24;14;1680
7;2025-12-24;15;1749
7;2025-12-24;16;1870
7;2025-12-24;17;2380
7;2025-12-24;18;2566
7;2025-12-24;19;1706
7;2025-12-24;20;1033
7;2025-12-24;21;642
7;2025-12-24;22;312
7;2025-12-24;23;192
7;2025-12-25;0;59
7;2025-12-25;1;12
7;2025-12-25;2;0
7;2025-12-25;3;0
7;2025-12-25;4;1
7;2025-12-25;5;191
7;2025-12-25;6;638
7;2025-12-25;7;1632
7;2025-12-25;8;2492
7;2025-12-25;9;1866
7;2025-12-25;10;1659
7;2025-12-25;11;1548
7;2025-12-25;12;1686
7;2025-12-25;13;1570
7;2025-12-25;14;1677
7;2025-12-25;15;1755
7;2025-12-25;16;1873
7;2025-12-25;17;2375
7;2025-12-25;18;2551
7;2025-12-25;19;1712
7;2025-12-25;20;1035
7;2025-12-25;21;648
7;2025-12-25;22;318
7;2025-12-25;23;193
7;2025-12-26;0;70
7;2025-12-26;1;13
7;2025-12-26;2;0
7;2025-12-26;3;0
7;2025-12-26;4;2
7;2025-12-26;5;171
7;2025-12-26;6;614
7;2025-12-26;7;1525
7;2025-12-26;8;2347
7;2025-12-26;9;1779
7;2025-12-26;10;1661
7;2025-12-26;11;1564
7;2025-12-26;12;1639
7;2025-12-26;13;1651
7;2025-12-26;14;1684
7;2025-12-26;15;1878
7;2025-12-26;16;2085
7;2025-12-26;17;2273
7;2025-12-26;18;2022
7;2025-12-26;19;1482
7;2025-12-26;20;981
7;2025-12-26;21;593
7;2025-12-26;22;312
7;2025-12-26;23;232
7;2025-12-27;0;94
7;2025-12-27;1;23
7;2025-12-27;2;0
7;2025-12-27;3;0
7;2025-12-27;4;1
7;2025-12-27;5;63
7;2025-12-27;6;273
7;2025-12-27;7;495
7;2025-12-27;8;686
7;2025-12-27;9;797
7;2025-12-27;10;814
7;2025-12-27;11;930
7;2025-12-27;12;1011
7;2025-12-27;13;1102
7;2025-12-27;14;1119
7;2025-12-27;15;1093
7;2025-12-27;16;1038
7;2025-12-27;17;968
7;2025-12-27;18;1089
7;2025-12-27;19;1001
7;2025-12-27;20;745
7;2025-12-27;21;606
7;2025-12-27;22;303
7;2025-12-27;23;237
7;2025-12-28;0;103
7;2025-12-28;1;6
7;2025-12-28;2;0
7;2025-12-28;3;0
7;2025-12-28;4;1
7;2025-12-28;5;44
7;2025-12-28;6;205
7;2025-12-28;7;367
7;2025-12-28;8;600
7;2025-12-28;9;685
7;2025-12-28;10;710
7;2025-12-28;11;950
7;2025-12-28;12;890
7;2025-12-28;13;976
7;2025-12-28;14;1040
7;2025-12-28;15;1072
7;2025-12-28;16;1003
7;2025-12-28;17;974
7;2025-12-28;18;977
7;2025-12-28;19;915
7;2025-12-28;20;712
7;2025-12-28;21;528
7;2025-12-28;22;293
7;2025-12-28;23;191
7;2025-12-29;0;56
7;2025-12-29;1;10
7;2025-12-29;2;0
7;2025-12-29;3;0
7;2025-12-29;4;0
7;2025-12-29;5;173
7;2025-12-29;6;562
7;2025-12-29;7;1477
7;2025-12-29;8;2366
7;2025-12-29;9;1658
7;2025-12-29;10;1415
7;2025-12-29;11;1355
7;2025-12-29;12;1363
7;2025-12-29;13;1364
7;2025-12-29;14;1365
7;2025-12-29;15;1568
7;2025-12-29;16;1625
7;2025-12-29;17;2105
7;2025-12-29;18;2298
7;2025-12-29;19;1541
7;2025-12-29;20;945
7;2025-12-29;21;547
7;2025-12-29;22;261
7;2025-12-29;23;140
7;2025-12-30;0;52
7;2025-12-30;1;11
7;2025-12-30;2;0
7;2025-12-30;3;0
7;2025-12-30;4;1
7;2025-12-30;5;167
7;2025-12-30;6;564
7;2025-12-30;7;1467
7;2025-12-30;8;2212
7;2025-12-30;9;1671
7;2025-12-30;10;1476
7;2025-12-30;11;1379
7;2025-12-30;12;1491
7;2025-12-30;13;1389
7;2025-12-30;14;1492
7;2025-12-30;15;1560
7;2025-12-30;16;1665
7;2025-12-30;17;2113
7;2025-12-30;18;2292
7;2025-12-30;19;1528
7;2025-12-30;20;920
7;2025-12-30;21;572
7;2025-12-30;22;277
7;2025-12-30;23;166
7;2025-12-31;0;86
7;2025-12-31;1;6
7;2025-12-31;2;0
7;2025-12-31;3;0
7;2025-12-31;4;1
7;2025-12-31;5;27
7;2025-12-31;6;141
7;2025-12-31;7;269
7;2025-12-31;8;461
7;2025-12-31;9;530
7;2025-12-31;10;550
7;2025-12-31;11;742
7;2025-12-31;12;731
7;2025-12-31;13;776
7;2025-12-31;14;833
7;2025-12-31;15;866
7;2025-12-31;16;808
7;2025-12-31;17;785
7;2025-12-31;18;786
7;2025-12-31;19;744
7;2025-12-31;20;596
7;2025-12-31;21;429
7;2025-12-31;22;225
7;2025-12-31;23;134
11;2025-11-01;0;96
11;2025-11-01;1;1
11;2025-11-01;2;0
11;2025-11-01;3;0
11;2025-11-01;4;0
11;2025-11-01;5;235
11;2025-11-01;6;1188
11;2025-11-01;7;2115
11;2025-11-01;8;2810
11;2025-11-01;9;2046
11;2025-11-01;10;1733
11;2025-11-01;11;1616
11;2025-11-01;12;1746
11;2025-11-01;13;1723
11;2025-11-01;14;1849
11;2025-11-01;15;1912
11;2025-11-01;16;2102
11;2025-11-01;17;2507
11;2025-11-01;18;2215
11;2025-11-01;19;1727
11;2025-11-01;20;1226
11;2025-11-01;21;757
11;2025-11-01;22;347
11;2025-11-01;23;284
11;2025-11-02;0;103
11;2025-11-02;1;12
11;2025-11-02;2;0
11;2025-11-02;3;0
11;2025-11-02;4;1
11;2025-11-02;5;115
11;2025-11-02;6;462
11;2025-11-02;7;469
11;2025-11-02;8;652
11;2025-11-02;9;906
11;2025-11-02;10;1018
11;2025-11-02;11;1446
11;2025-11-02;12;1530
11;2025-11-02;13;1423
11;2025-11-02;14;1587
11;2025-11-02;15;1553
11;2025-11-02;16;1507
11;2025-11-02;17;1605
11;2025-11-02;18;1230
11;2025-11-02;19;978
11;2025-11-02;20;802
11;2025-11-02;21;573
11;2025-11-02;22;338
11;2025-11-02;23;220
11;2025-11-03;0;96
11;2025-11-03;1;11
11;2025-11-03;2;0
11;2025-11-03;3;0
11;2025-11-03;4;0
11;2025-11-03;5;127
11;2025-11-03;6;487
11;2025-11-03;7;496
11;2025-11-03;8;669
11;2025-11-03;9;887
11;2025-11-03;10;992
11;2025-11-03;11;1373
11;2025-11-03;12;1419
11;2025-11-03;13;1344
11;2025-11-03;14;1459
11;2025-11-03;15;1444
11;2025-11-03;16;1460
11;2025-11-03;17;1573
11;2025-11-03;18;1237
11;2025-11-03;19;1014
11;2025-11-03;20;842
11;2025-11-03;21;609
11;2025-11-03;22;363
11;2025-11-03;23;243
11;2025-11-04;0;95
11;2025-11-04;1;11
11;2025-11-04;2;0
11;2025-11-04;3;0
11;2025-11-04;4;0
11;2025-11-04;5;126
11;2025-11-04;6;490
11;2025-11-04;7;499
11;2025-11-04;8;668
11;2025-11-04;9;881
11;2025-11-04;10;976
11;2025-11-04;11;1372
11;2025-11-04;12;1410
11;2025-11-04;13;1343
11;2025-11-04;14;1539
11;2025-11-04;15;1508
11;2025-11-04;16;1463
11;2025-11-04;17;1573
11;2025-11-04;18;1239
11;2025-11-04;19;1014
11;2025-11-04;20;839
11;2025-11-04;21;607
11;2025-11-04;22;360
11;2025-11-04;23;241
11;2025-11-05;0;57
11;2025-11-05;1;0
11;2025-11-05;2;0
11;2025-11-05;3;0
11;2025-11-05;4;0
11;2025-11-05;5;257
11;2025-11-05;6;1330
11;2025-11-05;7;2495
11;2025-11-05;8;3256
11;2025-11-05;9;2483
11;2025-11-05;10;2049
11;2025-11-05;11;1992
11;2025-11-05;12;2021
11;2025-11-05;13;2067
11;2025-11-05;14;2126
11;2025-11-05;15;2014
11;2025-11-05;16;2235
11;2025-11-05;17;2834
11;2025-11-05;18;3148
11;2025-11-05;19;2325
11;2025-11-05;20;1483
11;2025-11-05;21;839
11;2025-11-05;22;409
11;2025-11-05;23;239
11;2025-11-06;0;58
11;2025-11-06;1;0
11;2025-11-06;2;0
11;2025-11-06;3;0
11;2025-11-06;4;0
11;2025-11-06;5;257
11;2025-11-06;6;1331
11;2025-11-06;7;2493
11;2025-11-06;8;3257
11;2025-11-06;9;2483
11;2025-11-06;10;2053
11;2025-11-06;11;1978
11;2025-11-06;12;2026
11;2025-11-06;13;2073
11;2025-11-06;14;2131
11;2025-11-06;15;2011
11;2025-11-06;16;2237
11;2025-11-06;17;2839
11;2025-11-06;18;3151
11;2025-11-06;19;2323
11;2025-11-06;20;1484
11;2025-11-06;21;842
11;2025-11-06;22;411
11;2025-11-06;23;246
11;2025-11-07;0;67
11;2025-11-07;1;1
11;2025-11-07;2;0
11;2025-11-07;3;0
11;2025-11-07;4;0
11;2025-11-07;5;258
11;2025-11-07;6;1316
11;2025-11-07;7;2341
11;2025-11-07;8;3113
11;2025-11-07;9;2245
11;2025-11-07;10;1907
11;2025-11-07;11;1779
11;2025-11-07;12;1925
11;2025-11-07;13;1896
11;2025-11-07;14;2042
11;2025-11-07;15;2107
11;2025-11-07;16;2318
11;2025-11-07;17;2772
11;2025-11-07;18;2447
11;2025-11-07;19;1898
11;2025-11-07;20;1349
11;2025-11-07;21;835
11;2025-11-07;22;380
11;2025-11-07;23;316
11;2025-11-08;0;104
11;2025-11-08;1;1
11;2025-11-08;2;0
11;2025-11-08;3;0
11;2025-11-08;4;0
11;2025-11-08;5;176
11;2025-11-08;6;796
11;2025-11-08;7;777
11;2025-11-08;8;1023
11;2025-11-08;9;1157
11;2025-11-08;10;1344
11;2025-11-08;11;1677
11;2025-11-08;12;1895
11;2025-11-08;13;1785
11;2025-11-08;14;1966
11;2025-11-08;15;1895
11;2025-11-08;16;1795
11;2025-11-08;17;1854
11;2025-11-08;18;1533
11;2025-11-08;19;1478
11;2025-11-08;20;1003
11;2025-11-08;21;718
11;2025-11-08;22;413
11;2025-11-08;23;289
11;2025-11-09;0;104
11;2025-11-09;1;12
11;2025-11-09;2;0
11;2025-11-09;3;0
11;2025-11-09;4;0
11;2025-11-09;5;122
11;2025-11-09;6;475
11;2025-11-09;7;482
11;2025-11-09;8;667
11;2025-11-09;9;910
11;2025-11-09;10;1019
11;2025-11-09;11;1446
11;2025-11-09;12;1535
11;2025-11-09;13;1468
11;2025-11-09;14;1576
11;2025-11-09;15;1545
11;2025-11-09;16;1503
11;2025-11-09;17;1609
11;2025-11-09;18;1239
11;2025-11-09;19;981
11;2025-11-09;20;805
11;2025-11-09;21;575
11;2025-11-09;22;338
11;2025-11-09;23;220
11;2025-11-10;0;74
11;2025-11-10;1;10
11;2025-11-10;2;0
11;2025-11-10;3;0
11;2025-11-10;4;1
11;2025-11-10;5;258
11;2025-11-10;6;1364
11;2025-11-10;7;2427
11;2025-11-10;8;3150
11;2025-11-10;9;2409
11;2025-11-10;10;1875
11;2025-11-10;11;1874
11;2025-11-10;12;1819
11;2025-11-10;13;1908
11;2025-11-10;14;2006
11;2025-11-10;15;2105
11;2025-11-10;16;2262
11;2025-11-10;17;2844
11;2025-11-10;18;3026
11;2025-11-10;19;2201
11;2025-11-10;20;1254
11;2025-11-10;21;783
11;2025-11-10;22;347
11;2025-11-10;23;212
11;2025-11-11;0;57
11;2025-11-11;1;0
11;2025-11-11;2;0
11;2025-11-11;3;0
11;2025-11-11;4;1
11;2025-11-11;5;258
11;2025-11-11;6;1330
11;2025-11-11;7;2500
11;2025-11-11;8;3263
11;2025-11-11;9;2484
11;2025-11-11;10;2044
11;2025-11-11;11;1987
11;2025-11-11;12;2016
11;2025-11-11;13;2064
11;2025-11-11;14;2121
11;2025-11-11;15;2012
11;2025-11-11;16;2233
11;2025-11-11;17;2833
11;2025-11-11;18;3155
11;2025-11-11;19;2322
11;2025-11-11;20;1480
11;2025-11-11;21;836
11;2025-11-11;22;405
11;2025-11-11;23;234
11;2025-11-12;0;57
11;2025-11-12;1;0
11;2025-11-12;2;0
11;2025-11-12;3;0
11;2025-11-12;4;1
11;2025-11-12;5;257
11;2025-11-12;6;1330
11;2025-11-12;7;2499
11;2025-11-12;8;3257
11;2025-11-12;9;2483
11;2025-11-12;10;2040
11;2025-11-12;11;1975
11;2025-11-12;12;2007
11;2025-11-12;13;2052
11;2025-11-12;14;2117
11;2025-11-12;15;2005
11;2025-11-12;16;2234
11;2025-11-12;17;2834
11;2025-11-12;18;3139
11;2025-11-12;19;2322
11;2025-11-12;20;1481
11;2025-11-12;21;838
11;2025-11-12;22;409
11;2025-11-12;23;238
11;2025-11-13;0;58
11;2025-11-13;1;0
11;2025-11-13;2;0
11;2025-11-13;3;0
11;2025-11-13;4;0
11;2025-11-13;5;257
11;2025-11-13;6;1334
11;2025-11-13;7;2499
11;2025-11-13;8;3258
11;2025-11-13;9;2485
11;2025-11-13;10;2051
11;2025-11-13;11;1992
11;2025-11-13;12;2024
11;2025-11-13;13;2070
11;2025-11-13;14;2127
11;2025-11-13;15;2017
11;2025-11-13;16;2238
11;2025-11-13;17;2835
11;2025-11-13;18;3148
11;2025-11-13;19;2322
11;2025-11-13;20;1483
11;2025-11-13;21;841
11;2025-11-13;22;410
11;2025-11-13;23;244
11;2025-11-14;0;66
11;2025-11-14;1;1
11;2025-11-14;2;0
11;2025-11-14;3;0
11;2025-11-14;4;1
11;2025-11-14;5;258
11;2025-11-14;6;1311
11;2025-11-14;7;2340
11;2025-11-14;8;3109
11;2025-11-14;9;2255
11;2025-11-14;10;1913
11;2025-11-14;11;1780
11;2025-11-14;12;1926
11;2025-11-14;13;1896
11;2025-11-14;14;2041
11;2025-11-14;15;2106
11;2025-11-14;16;2316
11;2025-11-14;17;2771
11;2025-11-14;18;2442
11;2025-11-14;19;1897
11;2025-11-14;20;1341
11;2025-11-14;21;825
11;2025-11-14;22;371
11;2025-11-14;23;310
11;2025-11-15;0;103
11;2025-11-15;1;1
11;2025-11-15;2;0
11;2025-11-15;3;0
11;2025-11-15;4;2
11;2025-11-15;5;173
11;2025-11-15;6;781
11;2025-11-15;7;766
11;2025-11-15;8;987
11;2025-11-15;9;1072
11;2025-11-15;10;1217
11;2025-11-15;11;1485
11;2025-11-15;12;1721
11;2025-11-15;13;1719
11;2025-11-15;14;1963
11;2025-11-15;15;1887
11;2025-11-15;16;1787
11;2025-11-15;17;1848
11;2025-11-15;18;1516
11;2025-11-15;19;1467
11;2025-11-15;20;994
11;2025-11-15;21;711
11;2025-11-15;22;410
11;2025-11-15;23;284
11;2025-11-16;0;102
11;2025-11-16;1;12
11;2025-11-16;2;0
11;2025-11-16;3;0
11;2025-11-16;4;1
11;2025-11-16;5;97
11;2025-11-16;6;450
11;2025-11-16;7;453
11;2025-11-16;8;623
11;2025-11-16;9;878
11;2025-11-16;10;988
11;2025-11-16;11;1427
11;2025-11-16;12;1509
11;2025-11-16;13;1446
11;2025-11-16;14;1560
11;2025-11-16;15;1522
11;2025-11-16;16;1483
11;2025-11-16;17;1589
11;2025-11-16;18;1212
11;2025-11-16;19;960
11;2025-11-16;20;785
11;2025-11-16;21;559
11;2025-11-16;22;332
11;2025-11-16;23;218
11;2025-11-17;0;74
11;2025-11-17;1;10
11;2025-11-17;2;0
11;2025-11-17;3;0
11;2025-11-17;4;2
11;2025-11-17;5;266
11;2025-11-17;6;1372
11;2025-11-17;7;2427
11;2025-11-17;8;3151
11;2025-11-17;9;2409
11;2025-11-17;10;1870
11;2025-11-17;11;1866
11;2025-11-17;12;1810
11;2025-11-17;13;1875
11;2025-11-17;14;1984
11;2025-11-17;15;2087
11;2025-11-17;16;2254
11;2025-11-17;17;2834
11;2025-11-17;18;3027
11;2025-11-17;19;2201
11;2025-11-17;20;1254
11;2025-11-17;21;779
11;2025-11-17;22;347
11;2025-11-17;23;212
11;2025-11-18;0;57
11;2025-11-18;1;0
11;2025-11-18;2;0
11;2025-11-18;3;0
11;2025-11-18;4;0
11;2025-11-18;5;250
11;2025-11-18;6;1332
11;2025-11-18;7;2498
11;2025-11-18;8;3245
11;2025-11-18;9;2468
11;2025-11-18;10;2023
11;2025-11-18;11;1972
11;2025-11-18;12;2003
11;2025-11-18;13;2038
11;2025-11-18;14;2100
11;2025-11-18;15;1997
11;2025-11-18;16;2232
11;2025-11-18;17;2833
11;2025-11-18;18;3141
11;2025-11-18;19;2325
11;2025-11-18;20;1481
11;2025-11-18;21;838
11;2025-11-18;22;407
11;2025-11-18;23;232
11;2025-11-19;0;57
11;2025-11-19;1;0
11;2025-11-19;2;0
11;2025-11-19;3;0
11;2025-11-19;4;1
11;2025-11-19;5;258
11;2025-11-19;6;1331
11;2025-11-19;7;2502
11;2025-11-19;8;3260
11;2025-11-19;9;2488
11;2025-11-19;10;2048
11;2025-11-19;11;1988
11;2025-11-19;12;2015
11;2025-11-19;13;2065
11;2025-11-19;14;2121
11;2025-11-19;15;2011
11;2025-11-19;16;2233
11;2025-11-19;17;2834
11;2025-11-19;18;3154
11;2025-11-19;19;2324
11;2025-11-19;20;1483
11;2025-11-19;21;839
11;2025-11-19;22;409
11;2025-11-19;23;236
11;2025-11-20;0;58
11;2025-11-20;1;0
11;2025-11-20;2;0
11;2025-11-20;3;0
11;2025-11-20;4;1
11;2025-11-20;5;259
11;2025-11-20;6;1331
11;2025-11-20;7;2500
11;2025-11-20;8;3257
11;2025-11-20;9;2487
11;2025-11-20;10;2049
11;2025-11-20;11;1989
11;2025-11-20;12;2019
11;2025-11-20;13;2068
11;2025-11-20;14;2125
11;2025-11-20;15;2015
11;2025-11-20;16;2236
11;2025-11-20;17;2833
11;2025-11-20;18;3150
11;2025-11-20;19;2316
11;2025-11-20;20;1479
11;2025-11-20;21;836
11;2025-11-20;22;407
11;2025-11-20;23;239
11;2025-11-21;0;66
11;2025-11-21;1;1
11;2025-11-21;2;0
11;2025-11-21;3;0
11;2025-11-21;4;1
11;2025-11-21;5;262
11;2025-11-21;6;1314
11;2025-11-21;7;2335
11;2025-11-21;8;3108
11;2025-11-21;9;2253
11;2025-11-21;10;1909
11;2025-11-21;11;1776
11;2025-11-21;12;1905
11;2025-11-21;13;1889
11;2025-11-21;14;2030
11;2025-11-21;15;2096
11;2025-11-21;16;2314
11;2025-11-21;17;2771
11;2025-11-21;18;2441
11;2025-11-21;19;1897
11;2025-11-21;20;1349
11;2025-11-21;21;835
11;2025-11-21;22;381
11;2025-11-21;23;314
11;2025-11-22;0;104
11;2025-11-22;1;1
11;2025-11-22;2;0
11;2025-11-22;3;0
11;2025-11-22;4;1
11;2025-11-22;5;174
11;2025-11-22;6;781
11;2025-11-22;7;764
11;2025-11-22;8;1016
11;2025-11-22;9;1109
11;2025-11-22;10;1346
11;2025-11-22;11;1671
11;2025-11-22;12;1894
11;2025-11-22;13;1786
11;2025-11-22;14;1963
11;2025-11-22;15;1890
11;2025-11-22;16;1789
11;2025-11-22;17;1850
11;2025-11-22;18;1521
11;2025-11-22;19;1467
11;2025-11-22;20;999
11;2025-11-22;21;701
11;2025-11-22;22;406
11;2025-11-22;23;286
11;2025-11-23;0;102
11;2025-11-23;1;11
11;2025-11-23;2;0
11;2025-11-23;3;0
11;2025-11-23;4;1
11;2025-11-23;5;107
11;2025-11-23;6;453
11;2025-11-23;7;459
11;2025-11-23;8;646
11;2025-11-23;9;894
11;2025-11-23;10;1004
11;2025-11-23;11;1436
11;2025-11-23;12;1527
11;2025-11-23;13;1464
11;2025-11-23;14;1574
11;2025-11-23;15;1538
11;2025-11-23;16;1497
11;2025-11-23;17;1600
11;2025-11-23;18;1214
11;2025-11-23;19;962
11;2025-11-23;20;792
11;2025-11-23;21;561
11;2025-11-23;22;335
11;2025-11-23;23;218
11;2025-11-24;0;74
11;2025-11-24;1;10
11;2025-11-24;2;0
11;2025-11-24;3;0
11;2025-11-24;4;2
11;2025-11-24;5;258
11;2025-11-24;6;1369
11;2025-11-24;7;2433
11;2025-11-24;8;3144
11;2025-11-24;9;2404
11;2025-11-24;10;1853
11;2025-11-24;11;1850
11;2025-11-24;12;1810
11;2025-11-24;13;1901
11;2025-11-24;14;1992
11;2025-11-24;15;2087
11;2025-11-24;16;2262
11;2025-11-24;17;2845
11;2025-11-24;18;3027
11;2025-11-24;19;2202
11;2025-11-24;20;1255
11;2025-11-24;21;784
11;2025-11-24;22;349
11;2025-11-24;23;211
11;2025-11-25;0;57
11;2025-11-25;1;0
11;2025-11-25;2;0
11;2025-11-25;3;0
11;2025-11-25;4;1
11;2025-11-25;5;260
11;2025-11-25;6;1334
11;2025-11-25;7;2504
11;2025-11-25;8;3264
11;2025-11-25;9;2489
11;2025-11-25;10;2046
11;2025-11-25;11;1985
11;2025-11-25;12;2011
11;2025-11-25;13;2063
11;2025-11-25;14;2118
11;2025-11-25;15;2009
11;2025-11-25;16;2231
11;2025-11-25;17;2836
11;2025-11-25;18;3158
11;2025-11-25;19;2325
11;2025-11-25;20;1483
11;2025-11-25;21;838
11;2025-11-25;22;408
11;2025-11-25;23;233
11;2025-11-26;0;57
11;2025-11-26;1;0
11;2025-11-26;2;0
11;2025-11-26;3;0
11;2025-11-26;4;1
11;2025-11-26;5;262
11;2025-11-26;6;1338
11;2025-11-26;7;2504
11;2025-11-26;8;3248
11;2025-11-26;9;2483
11;2025-11-26;10;2037
11;2025-11-26;11;1979
11;2025-11-26;12;2007
11;2025-11-26;13;2057
11;2025-11-26;14;2113
11;2025-11-26;15;2002
11;2025-11-26;16;2216
11;2025-11-26;17;2809
11;2025-11-26;18;3138
11;2025-11-26;19;2320
11;2025-11-26;20;1480
11;2025-11-26;21;837
11;2025-11-26;22;409
11;2025-11-26;23;237
11;2025-11-27;0;58
11;2025-11-27;1;0
11;2025-11-27;2;0
11;2025-11-27;3;0
11;2025-11-27;4;1
11;2025-11-27;5;257
11;2025-11-27;6;1330
11;2025-11-27;7;2499
11;2025-11-27;8;3256
11;2025-11-27;9;2485
11;2025-11-27;10;2051
11;2025-11-27;11;1976
11;2025-11-27;12;2005
11;2025-11-27;13;2054
11;2025-11-27;14;2103
11;2025-11-27;15;2018
11;2025-11-27;16;2239
11;2025-11-27;17;2809
11;2025-11-27;18;3108
11;2025-11-27;19;2313
11;2025-11-27;20;1479
11;2025-11-27;21;836
11;2025-11-27;22;408
11;2025-11-27;23;240
11;2025-11-28;0;66
11;2025-11-28;1;1
11;2025-11-28;2;0
11;2025-11-28;3;0
11;2025-11-28;4;0
11;2025-11-28;5;257
11;2025-11-28;6;1311
11;2025-11-28;7;2341
11;2025-11-28;8;3106
11;2025-11-28;9;2253
11;2025-11-28;10;1906
11;2025-11-28;11;1772
11;2025-11-28;12;1914
11;2025-11-28;13;1888
11;2025-11-28;14;2032
11;2025-11-28;15;2101
11;2025-11-28;16;2314
11;2025-11-28;17;2768
11;2025-11-28;18;2438
11;2025-11-28;19;1895
11;2025-11-28;20;1347
11;2025-11-28;21;833
11;2025-11-28;22;380
11;2025-11-28;23;313
11;2025-11-29;0;104
11;2025-11-29;1;1
11;2025-11-29;2;0
11;2025-11-29;3;0
11;2025-11-29;4;2
11;2025-11-29;5;174
11;2025-11-29;6;790
11;2025-11-29;7;773
11;2025-11-29;8;1017
11;2025-11-29;9;1157
11;2025-11-29;10;1347
11;2025-11-29;11;1671
11;2025-11-29;12;1894
11;2025-11-29;13;1783
11;2025-11-29;14;1962
11;2025-11-29;15;1887
11;2025-11-29;16;1787
11;2025-11-29;17;1847
11;2025-11-29;18;1516
11;2025-11-29;19;1469
11;2025-11-29;20;1000
11;2025-11-29;21;715
11;2025-11-29;22;414
11;2025-11-29;23;288
11;2025-11-30;0;103
11;2025-11-30;1;12
11;2025-11-30;2;0
11;2025-11-30;3;0
11;2025-11-30;4;1
11;2025-11-30;5;111
11;2025-11-30;6;454
11;2025-11-30;7;461
11;2025-11-30;8;647
11;2025-11-30;9;895
11;2025-11-30;10;1004
11;2025-11-30;11;1436
11;2025-11-30;12;1526
11;2025-11-30;13;1464
11;2025-11-30;14;1579
11;2025-11-30;15;1547
11;2025-11-30;16;1505
11;2025-11-30;17;1612
11;2025-11-30;18;1235
11;2025-11-30;19;977
11;2025-11-30;20;801
11;2025-11-30;21;575
11;2025-11-30;22;337
11;2025-11-30;23;220
11;2025-12-01;0;74
11;2025-12-01;1;10
11;2025-12-01;2;0
11;2025-12-01;3;0
11;2025-12-01;4;1
11;2025-12-01;5;260
11;2025-12-01;6;1369
11;2025-12-01;7;2436
11;2025-12-01;8;3157
11;2025-12-01;9;2412
11;2025-12-01;10;1874
11;2025-12-01;11;1874
11;2025-12-01;12;1821
11;2025-12-01;13;1908
11;2025-12-01;14;2004
11;2025-12-01;15;2100
11;2025-12-01;16;2257
11;2025-12-01;17;2843
11;2025-12-01;18;3025
11;2025-12-01;19;2202
11;2025-12-01;20;1255
11;2025-12-01;21;785
11;2025-12-01;22;350
11;2025-12-01;23;212
11;2025-12-02;0;57
11;2025-12-02;1;0
11;2025-12-02;2;0
11;2025-12-02;3;0
11;2025-12-02;4;1
11;2025-12-02;5;259
11;2025-12-02;6;1332
11;2025-12-02;7;2502
11;2025-12-02;8;3263
11;2025-12-02;9;2486
11;2025-12-02;10;2045
11;2025-12-02;11;1983
11;2025-12-02;12;2011
11;2025-12-02;13;2064
11;2025-12-02;14;2120
11;2025-12-02;15;2008
11;2025-12-02;16;2230
11;2025-12-02;17;2834
11;2025-12-02;18;3157
11;2025-12-02;19;2324
11;2025-12-02;20;1482
11;2025-12-02;21;838
11;2025-12-02;22;407
11;2025-12-02;23;232
11;2025-12-03;0;57
11;2025-12-03;1;0
11;2025-12-03;2;0
11;2025-12-03;3;0
11;2025-12-03;4;1
11;2025-12-03;5;258
11;2025-12-03;6;1331
11;2025-12-03;7;2501
11;2025-12-03;8;3259
11;2025-12-03;9;2485
11;2025-12-03;10;2046
11;2025-12-03;11;1986
11;2025-12-03;12;2014
11;2025-12-03;13;2064
11;2025-12-03;14;2120
11;2025-12-03;15;2010
11;2025-12-03;16;2232
11;2025-12-03;17;2834
11;2025-12-03;18;3154
11;2025-12-03;19;2322
11;2025-12-03;20;1482
11;2025-12-03;21;838
11;2025-12-03;22;410
11;2025-12-03;23;238
11;2025-12-04;0;58
11;2025-12-04;1;0
11;2025-12-04;2;0
11;2025-12-04;3;0
11;2025-12-04;4;1
11;2025-12-04;5;257
11;2025-12-04;6;1329
11;2025-12-04;7;2498
11;2025-12-04;8;3255
11;2025-12-04;9;2484
11;2025-12-04;10;2047
11;2025-12-04;11;1988
11;2025-12-04;12;2018
11;2025-12-04;13;2069
11;2025-12-04;14;2123
11;2025-12-04;15;2015
11;2025-12-04;16;2235
11;2025-12-04;17;2833
11;2025-12-04;18;3154
11;2025-12-04;19;2320
11;2025-12-04;20;1482
11;2025-12-04;21;841
11;2025-12-04;22;412
11;2025-12-04;23;243
11;2025-12-05;0;67
11;2025-12-05;1;1
11;2025-12-05;2;0
11;2025-12-05;3;0
11;2025-12-05;4;1
11;2025-12-05;5;257
11;2025-12-05;6;1310
11;2025-12-05;7;2337
11;2025-12-05;8;3106
11;2025-12-05;9;2252
11;2025-12-05;10;1908
11;2025-12-05;11;1774
11;2025-12-05;12;1918
11;2025-12-05;13;1888
11;2025-12-05;14;2027
11;2025-12-05;15;2096
11;2025-12-05;16;2314
11;2025-12-05;17;2769
11;2025-12-05;18;2437
11;2025-12-05;19;1894
11;2025-12-05;20;1347
11;2025-12-05;21;833
11;2025-12-05;22;380
11;2025-12-05;23;314
11;2025-12-06;0;105
11;2025-12-06;1;1
11;2025-12-06;2;0
11;2025-12-06;3;0
11;2025-12-06;4;1
11;2025-12-06;5;176
11;2025-12-06;6;797
11;2025-12-06;7;782
11;2025-12-06;8;1028
11;2025-12-06;9;1169
11;2025-12-06;10;1359
11;2025-12-06;11;1685
11;2025-12-06;12;1912
11;2025-12-06;13;1804
11;2025-12-06;14;1982
11;2025-12-06;15;1910
11;2025-12-06;16;1809
11;2025-12-06;17;1868
11;2025-12-06;18;1539
11;2025-12-06;19;1479
11;2025-12-06;20;1007
11;2025-12-06;21;722
11;2025-12-06;22;416
11;2025-12-06;23;291
11;2025-12-07;0;104
11;2025-12-07;1;12
11;2025-12-07;2;0
11;2025-12-07;3;0
11;2025-12-07;4;1
11;2025-12-07;5;113
11;2025-12-07;6;458
11;2025-12-07;7;465
11;2025-12-07;8;652
11;2025-12-07;9;904
11;2025-12-07;10;1016
11;2025-12-07;11;1451
11;2025-12-07;12;1543
11;2025-12-07;13;1482
11;2025-12-07;14;1592
11;2025-12-07;15;1558
11;2025-12-07;16;1514
11;2025-12-07;17;1621
11;2025-12-07;18;1234
11;2025-12-07;19;983
11;2025-12-07;20;804
11;2025-12-07;21;570
11;2025-12-07;22;340
11;2025-12-07;23;222
11;2025-12-08;0;74
11;2025-12-08;1;10
11;2025-12-08;2;0
11;2025-12-08;3;0
11;2025-12-08;4;2
11;2025-12-08;5;261
11;2025-12-08;6;1370
11;2025-12-08;7;2436
11;2025-12-08;8;3157
11;2025-12-08;9;2415
11;2025-12-08;10;1874
11;2025-12-08;11;1874
11;2025-12-08;12;1821
11;2025-12-08;13;1906
11;2025-12-08;14;2001
11;2025-12-08;15;2100
11;2025-12-08;16;2257
11;2025-12-08;17;2843
11;2025-12-08;18;3025
11;2025-12-08;19;2202
11;2025-12-08;20;1255
11;2025-12-08;21;785
11;2025-12-08;22;350
11;2025-12-08;23;212
11;2025-12-09;0;57
11;2025-12-09;1;0
11;2025-12-09;2;0
11;2025-12-09;3;0
11;2025-12-09;4;1
11;2025-12-09;5;260
11;2025-12-09;6;1333
11;2025-12-09;7;2503
11;2025-12-09;8;3264
11;2025-12-09;9;2489
11;2025-12-09;10;2045
11;2025-12-09;11;1983
11;2025-12-09;12;2010
11;2025-12-09;13;2062
11;2025-12-09;14;2117
11;2025-12-09;15;2007
11;2025-12-09;16;2228
11;2025-12-09;17;2833
11;2025-12-09;18;3155
11;2025-12-09;19;2325
11;2025-12-09;20;1483
11;2025-12-09;21;839
11;2025-12-09;22;408
11;2025-12-09;23;234
11;2025-12-10;0;58
11;2025-12-10;1;0
11;2025-12-10;2;0
11;2025-12-10;3;0
11;2025-12-10;4;1
11;2025-12-10;5;266
11;2025-12-10;6;1343
11;2025-12-10;7;2505
11;2025-12-10;8;3253
11;2025-12-10;9;2488
11;2025-12-10;10;2043
11;2025-12-10;11;1980
11;2025-12-10;12;2013
11;2025-12-10;13;2062
11;2025-12-10;14;2119
11;2025-12-10;15;2009
11;2025-12-10;16;2231
11;2025-12-10;17;2832
11;2025-12-10;18;3153
11;2025-12-10;19;2323
11;2025-12-10;20;1482
11;2025-12-10;21;839
11;2025-12-10;22;410
11;2025-12-10;23;239
11;2025-12-11;0;58
11;2025-12-11;1;0
11;2025-12-11;2;0
11;2025-12-11;3;0
11;2025-12-11;4;1
11;2025-12-11;5;257
11;2025-12-11;6;1329
11;2025-12-11;7;2498
11;2025-12-11;8;3218
11;2025-12-11;9;2468
11;2025-12-11;10;2037
11;2025-12-11;11;1977
11;2025-12-11;12;2007
11;2025-12-11;13;2060
11;2025-12-11;14;2124
11;2025-12-11;15;2006
11;2025-12-11;16;2225
11;2025-12-11;17;2805
11;2025-12-11;18;3109
11;2025-12-11;19;2312
11;2025-12-11;20;1478
11;2025-12-11;21;836
11;2025-12-11;22;408
11;2025-12-11;23;243
11;2025-12-12;0;67
11;2025-12-12;1;1
11;2025-12-12;2;0
11;2025-12-12;3;0
11;2025-12-12;4;1
11;2025-12-12;5;258
11;2025-12-12;6;1312
11;2025-12-12;7;2338
11;2025-12-12;8;3108
11;2025-12-12;9;2254
11;2025-12-12;10;1899
11;2025-12-12;11;1774
11;2025-12-12;12;1896
11;2025-12-12;13;1848
11;2025-12-12;14;1990
11;2025-12-12;15;2033
11;2025-12-12;16;2248
11;2025-12-12;17;2738
11;2025-12-12;18;2440
11;2025-12-12;19;1891
11;2025-12-12;20;1351
11;2025-12-12;21;838
11;2025-12-12;22;379
11;2025-12-12;23;314
11;2025-12-13;0;105
11;2025-12-13;1;1
11;2025-12-13;2;0
11;2025-12-13;3;0
11;2025-12-13;4;1
11;2025-12-13;5;170
11;2025-12-13;6;790
11;2025-12-13;7;767
11;2025-12-13;8;1022
11;2025-12-13;9;1155
11;2025-12-13;10;1342
11;2025-12-13;11;1668
11;2025-12-13;12;1884
11;2025-12-13;13;1781
11;2025-12-13;14;1963
11;2025-12-13;15;1893
11;2025-12-13;16;1794
11;2025-12-13;17;1852
11;2025-12-13;18;1530
11;2025-12-13;19;1472
11;2025-12-13;20;987
11;2025-12-13;21;703
11;2025-12-13;22;416
11;2025-12-13;23;287
11;2025-12-14;0;104
11;2025-12-14;1;12
11;2025-12-14;2;0
11;2025-12-14;3;0
11;2025-12-14;4;1
11;2025-12-14;5;98
11;2025-12-14;6;439
11;2025-12-14;7;443
11;2025-12-14;8;624
11;2025-12-14;9;883
11;2025-12-14;10;994
11;2025-12-14;11;1431
11;2025-12-14;12;1523
11;2025-12-14;13;1467
11;2025-12-14;14;1580
11;2025-12-14;15;1543
11;2025-12-14;16;1508
11;2025-12-14;17;1614
11;2025-12-14;18;1233
11;2025-12-14;19;978
11;2025-12-14;20;798
11;2025-12-14;21;569
11;2025-12-14;22;338
11;2025-12-14;23;222
11;2025-12-15;0;74
11;2025-12-15;1;10
11;2025-12-15;2;0
11;2025-12-15;3;0
11;2025-12-15;4;3
11;2025-12-15;5;266
11;2025-12-15;6;1371
11;2025-12-15;7;2433
11;2025-12-15;8;3154
11;2025-12-15;9;2415
11;2025-12-15;10;1882
11;2025-12-15;11;1864
11;2025-12-15;12;1830
11;2025-12-15;13;1914
11;2025-12-15;14;2010
11;2025-12-15;15;2115
11;2025-12-15;16;2268
11;2025-12-15;17;2851
11;2025-12-15;18;3033
11;2025-12-15;19;2214
11;2025-12-15;20;1269
11;2025-12-15;21;798
11;2025-12-15;22;361
11;2025-12-15;23;222
11;2025-12-16;0;57
11;2025-12-16;1;1
11;2025-12-16;2;0
11;2025-12-16;3;0
11;2025-12-16;4;2
11;2025-12-16;5;263
11;2025-12-16;6;1332
11;2025-12-16;7;2504
11;2025-12-16;8;3264
11;2025-12-16;9;2488
11;2025-12-16;10;2037
11;2025-12-16;11;1975
11;2025-12-16;12;2002
11;2025-12-16;13;2031
11;2025-12-16;14;2110
11;2025-12-16;15;2010
11;2025-12-16;16;2232
11;2025-12-16;17;2834
11;2025-12-16;18;3157
11;2025-12-16;19;2323
11;2025-12-16;20;1481
11;2025-12-16;21;837
11;2025-12-16;22;407
11;2025-12-16;23;232
11;2025-12-17;0;57
11;2025-12-17;1;0
11;2025-12-17;2;0
11;2025-12-17;3;0
11;2025-12-17;4;1
11;2025-12-17;5;258
11;2025-12-17;6;1330
11;2025-12-17;7;2500
11;2025-12-17;8;3259
11;2025-12-17;9;2484
11;2025-12-17;10;2046
11;2025-12-17;11;1986
11;2025-12-17;12;2014
11;2025-12-17;13;2064
11;2025-12-17;14;2120
11;2025-12-17;15;2010
11;2025-12-17;16;2232
11;2025-12-17;17;2834
11;2025-12-17;18;3154
11;2025-12-17;19;2322
11;2025-12-17;20;1482
11;2025-12-17;21;838
11;2025-12-17;22;410
11;2025-12-17;23;239
11;2025-12-18;0;58
11;2025-12-18;1;0
11;2025-12-18;2;0
11;2025-12-18;3;0
11;2025-12-18;4;1
11;2025-12-18;5;257
11;2025-12-18;6;1329
11;2025-12-18;7;2498
11;2025-12-18;8;3255
11;2025-12-18;9;2485
11;2025-12-18;10;2048
11;2025-12-18;11;1989
11;2025-12-18;12;2018
11;2025-12-18;13;2067
11;2025-12-18;14;2123
11;2025-12-18;15;2013
11;2025-12-18;16;2235
11;2025-12-18;17;2835
11;2025-12-18;18;3154
11;2025-12-18;19;2320
11;2025-12-18;20;1481
11;2025-12-18;21;839
11;2025-12-18;22;410
11;2025-12-18;23;241
11;2025-12-19;0;67
11;2025-12-19;1;1
11;2025-12-19;2;0
11;2025-12-19;3;0
11;2025-12-19;4;2
11;2025-12-19;5;257
11;2025-12-19;6;1310
11;2025-12-19;7;2337
11;2025-12-19;8;3106
11;2025-12-19;9;2254
11;2025-12-19;10;1909
11;2025-12-19;11;1776
11;2025-12-19;12;1920
11;2025-12-19;13;1889
11;2025-12-19;14;2030
11;2025-12-19;15;2092
11;2025-12-19;16;2306
11;2025-12-19;17;2747
11;2025-12-19;18;2430
11;2025-12-19;19;1893
11;2025-12-19;20;1346
11;2025-12-19;21;833
11;2025-12-19;22;379
11;2025-12-19;23;313
11;2025-12-20;0;105
11;2025-12-20;1;1
11;2025-12-20;2;0
11;2025-12-20;3;0
11;2025-12-20;4;2
11;2025-12-20;5;176
11;2025-12-20;6;798
11;2025-12-20;7;783
11;2025-12-20;8;1028
11;2025-12-20;9;1171
11;2025-12-20;10;1360
11;2025-12-20;11;1686
11;2025-12-20;12;1913
11;2025-12-20;13;1803
11;2025-12-20;14;1980
11;2025-12-20;15;1907
11;2025-12-20;16;1807
11;2025-12-20;17;1868
11;2025-12-20;18;1534
11;2025-12-20;19;1477
11;2025-12-20;20;1006
11;2025-12-20;21;719
11;2025-12-20;22;416
11;2025-12-20;23;289
11;2025-12-21;0;104
11;2025-12-21;1;12
11;2025-12-21;2;0
11;2025-12-21;3;0
11;2025-12-21;4;1
11;2025-12-21;5;113
11;2025-12-21;6;452
11;2025-12-21;7;460
11;2025-12-21;8;652
11;2025-12-21;9;904
11;2025-12-21;10;1016
11;2025-12-21;11;1451
11;2025-12-21;12;1543
11;2025-12-21;13;1480
11;2025-12-21;14;1590
11;2025-12-21;15;1556
11;2025-12-21;16;1514
11;2025-12-21;17;1621
11;2025-12-21;18;1234
11;2025-12-21;19;983
11;2025-12-21;20;804
11;2025-12-21;21;570
11;2025-12-21;22;332
11;2025-12-21;23;221
11;2025-12-22;0;74
11;2025-12-22;1;10
11;2025-12-22;2;0
11;2025-12-22;3;0
11;2025-12-22;4;2
11;2025-12-22;5;260
11;2025-12-22;6;1369
11;2025-12-22;7;2435
11;2025-12-22;8;3157
11;2025-12-22;9;2413
11;2025-12-22;10;1879
11;2025-12-22;11;1867
11;2025-12-22;12;1815
11;2025-12-22;13;1908
11;2025-12-22;14;2001
11;2025-12-22;15;2090
11;2025-12-22;16;2257
11;2025-12-22;17;2842
11;2025-12-22;18;3003
11;2025-12-22;19;2202
11;2025-12-22;20;1258
11;2025-12-22;21;789
11;2025-12-22;22;349
11;2025-12-22;23;215
11;2025-12-23;0;57
11;2025-12-23;1;1
11;2025-12-23;2;0
11;2025-12-23;3;0
11;2025-12-23;4;2
11;2025-12-23;5;262
11;2025-12-23;6;1335
11;2025-12-23;7;2505
11;2025-12-23;8;3267
11;2025-12-23;9;2495
11;2025-12-23;10;2048
11;2025-12-23;11;1988
11;2025-12-23;12;2016
11;2025-12-23;13;2068
11;2025-12-23;14;2123
11;2025-12-23;15;2014
11;2025-12-23;16;2235
11;2025-12-23;17;2838
11;2025-12-23;18;3157
11;2025-12-23;19;2332
11;2025-12-23;20;1488
11;2025-12-23;21;842
11;2025-12-23;22;411
11;2025-12-23;23;235
11;2025-12-24;0;58
11;2025-12-24;1;1
11;2025-12-24;2;0
11;2025-12-24;3;0
11;2025-12-24;4;2
11;2025-12-24;5;263
11;2025-12-24;6;1336
11;2025-12-24;7;2505
11;2025-12-24;8;3260
11;2025-12-24;9;2495
11;2025-12-24;10;2051
11;2025-12-24;11;1992
11;2025-12-24;12;2003
11;2025-12-24;13;2055
11;2025-12-24;14;2127
11;2025-12-24;15;2000
11;2025-12-24;16;2236
11;2025-12-24;17;2838
11;2025-12-24;18;3137
11;2025-12-24;19;2328
11;2025-12-24;20;1487
11;2025-12-24;21;838
11;2025-12-24;22;409
11;2025-12-24;23;238
11;2025-12-25;0;58
11;2025-12-25;1;0
11;2025-12-25;2;0
11;2025-12-25;3;0
11;2025-12-25;4;2
11;2025-12-25;5;262
11;2025-12-25;6;1335
11;2025-12-25;7;2494
11;2025-12-25;8;3251
11;2025-12-25;9;2480
11;2025-12-25;10;2039
11;2025-12-25;11;1978
11;2025-12-25;12;2010
11;2025-12-25;13;2061
11;2025-12-25;14;2117
11;2025-12-25;15;2005
11;2025-12-25;16;2240
11;2025-12-25;17;2809
11;2025-12-25;18;3108
11;2025-12-25;19;2316
11;2025-12-25;20;1483
11;2025-12-25;21;837
11;2025-12-25;22;411
11;2025-12-25;23;242
11;2025-12-26;0;66
11;2025-12-26;1;1
11;2025-12-26;2;0
11;2025-12-26;3;0
11;2025-12-26;4;2
11;2025-12-26;5;251
11;2025-12-26;6;1315
11;2025-12-26;7;2333
11;2025-12-26;8;3109
11;2025-12-26;9;2233
11;2025-12-26;10;1875
11;2025-12-26;11;1748
11;2025-12-26;12;1873
11;2025-12-26;13;1870
11;2025-12-26;14;2011
11;2025-12-26;15;2076
11;2025-12-26;16;2290
11;2025-12-26;17;2737
11;2025-12-26;18;2425
11;2025-12-26;19;1892
11;2025-12-26;20;1343
11;2025-12-26;21;826
11;2025-12-26;22;373
11;2025-12-26;23;314
11;2025-12-27;0;105
11;2025-12-27;1;1
11;2025-12-27;2;0
11;2025-12-27;3;0
11;2025-12-27;4;2
11;2025-12-27;5;177
11;2025-12-27;6;798
11;2025-12-27;7;783
11;2025-12-27;8;1029
11;2025-12-27;9;1156
11;2025-12-27;10;1361
11;2025-12-27;11;1689
11;2025-12-27;12;1906
11;2025-12-27;13;1796
11;2025-12-27;14;1975
11;2025-12-27;15;1895
11;2025-12-27;16;1794
11;2025-12-27;17;1856
11;2025-12-27;18;1528
11;2025-12-27;19;1470
11;2025-12-27;20;1000
11;2025-12-27;21;705
11;2025-12-27;22;406
11;2025-12-27;23;287
11;2025-12-28;0;103
11;2025-12-28;1;11
11;2025-12-28;2;0
11;2025-12-28;3;0
11;2025-12-28;4;1
11;2025-12-28;5;105
11;2025-12-28;6;449
11;2025-12-28;7;449
11;2025-12-28;8;635
11;2025-12-28;9;854
11;2025-12-28;10;979
11;2025-12-28;11;1337
11;2025-12-28;12;1463
11;2025-12-28;13;1394
11;2025-12-28;14;1508
11;2025-12-28;15;1475
11;2025-12-28;16;1501
11;2025-12-28;17;1606
11;2025-12-28;18;1224
11;2025-12-28;19;969
11;2025-12-28;20;780
11;2025-12-28;21;552
11;2025-12-28;22;326
11;2025-12-28;23;221
11;2025-12-29;0;66
11;2025-12-29;1;8
11;2025-12-29;2;0
11;2025-12-29;3;0
11;2025-12-29;4;2
11;2025-12-29;5;236
11;2025-12-29;6;1227
11;2025-12-29;7;2175
11;2025-12-29;8;2809
11;2025-12-29;9;2150
11;2025-12-29;10;1671
11;2025-12-29;11;1664
11;2025-12-29;12;1618
11;2025-12-29;13;1695
11;2025-12-29;14;1779
11;2025-12-29;15;1870
11;2025-12-29;16;2022
11;2025-12-29;17;2539
11;2025-12-29;18;2690
11;2025-12-29;19;1978
11;2025-12-29;20;1139
11;2025-12-29;21;709
11;2025-12-29;22;318
11;2025-12-29;23;194
11;2025-12-30;0;52
11;2025-12-30;1;1
11;2025-12-30;2;0
11;2025-12-30;3;0
11;2025-12-30;4;1
11;2025-12-30;5;229
11;2025-12-30;6;1190
11;2025-12-30;7;2231
11;2025-12-30;8;2893
11;2025-12-30;9;2211
11;2025-12-30;10;1808
11;2025-12-30;11;1752
11;2025-12-30;12;1773
11;2025-12-30;13;1816
11;2025-12-30;14;1874
11;2025-12-30;15;1790
11;2025-12-30;16;1989
11;2025-12-30;17;2516
11;2025-12-30;18;2801
11;2025-12-30;19;2073
11;2025-12-30;20;1324
11;2025-12-30;21;748
11;2025-12-30;22;364
11;2025-12-30;23;205
11;2025-12-31;0;86
11;2025-12-31;1;10
11;2025-12-31;2;0
11;2025-12-31;3;0
11;2025-12-31;4;1
11;2025-12-31;5;61
11;2025-12-31;6;366
11;2025-12-31;7;363
11;2025-12-31;8;522
11;2025-12-31;9;703
11;2025-12-31;10;787
11;2025-12-31;11;1125
11;2025-12-31;12;1235
11;2025-12-31;13;1144
11;2025-12-31;14;1242
11;2025-12-31;15;1224
11;2025-12-31;16;1241
11;2025-12-31;17;1341
11;2025-12-31;18;1013
11;2025-12-31;19;816
11;2025-12-31;20;690
11;2025-12-31;21;474
11;2025-12-31;22;267
11;2025-12-31;23;166
12;2025-11-01;0;50
12;2025-11-01;1;3
12;2025-11-01;2;0
12;2025-11-01;3;0
12;2025-11-01;4;4
12;2025-11-01;5;295
12;2025-11-01;6;1251
12;2025-11-01;7;2397
12;2025-11-01;8;2991
12;2025-11-01;9;2230
12;2025-11-01;10;1691
12;2025-11-01;11;1730
12;2025-11-01;12;1789
12;2025-11-01;13;1949
12;2025-11-01;14;1802
12;2025-11-01;15;2093
12;2025-11-01;16;2556
12;2025-11-01;17;2585
12;2025-11-01;18;2307
12;2025-11-01;19;1949
12;2025-11-01;20;1261
12;2025-11-01;21;850
12;2025-11-01;22;441
12;2025-11-01;23;282
12;2025-11-02;0;84
12;2025-11-02;1;4
12;2025-11-02;2;0
12;2025-11-02;3;0
12;2025-11-02;4;3
12;2025-11-02;5;143
12;2025-11-02;6;524
12;2025-11-02;7;682
12;2025-11-02;8;728
12;2025-11-02;9;936
12;2025-11-02;10;1160
12;2025-11-02;11;1302
12;2025-11-02;12;1398
12;2025-11-02;13;1556
12;2025-11-02;14;1466
12;2025-11-02;15;1525
12;2025-11-02;16;1523
12;2025-11-02;17;1519
12;2025-11-02;18;1329
12;2025-11-02;19;1037
12;2025-11-02;20;804
12;2025-11-02;21;608
12;2025-11-02;22;388
12;2025-11-02;23;206
12;2025-11-03;0;79
12;2025-11-03;1;4
12;2025-11-03;2;0
12;2025-11-03;3;0
12;2025-11-03;4;3
12;2025-11-03;5;155
12;2025-11-03;6;547
12;2025-11-03;7;707
12;2025-11-03;8;748
12;2025-11-03;9;918
12;2025-11-03;10;1135
12;2025-11-03;11;1240
12;2025-11-03;12;1310
12;2025-11-03;13;1475
12;2025-11-03;14;1354
12;2025-11-03;15;1432
12;2025-11-03;16;1485
12;2025-11-03;17;1482
12;2025-11-03;18;1328
12;2025-11-03;19;1061
12;2025-11-03;20;835
12;2025-11-03;21;632
12;2025-11-03;22;407
12;2025-11-03;23;224
12;2025-11-04;0;77
12;2025-11-04;1;3
12;2025-11-04;2;0
12;2025-11-04;3;0
12;2025-11-04;4;3
12;2025-11-04;5;159
12;2025-11-04;6;549
12;2025-11-04;7;704
12;2025-11-04;8;734
12;2025-11-04;9;898
12;2025-11-04;10;1106
12;2025-11-04;11;1224
12;2025-11-04;12;1285
12;2025-11-04;13;1457
12;2025-11-04;14;1414
12;2025-11-04;15;1480
12;2025-11-04;16;1481
12;2025-11-04;17;1476
12;2025-11-04;18;1323
12;2025-11-04;19;1054
12;2025-11-04;20;829
12;2025-11-04;21;627
12;2025-11-04;22;401
12;2025-11-04;23;220
12;2025-11-05;0;54
12;2025-11-05;1;1
12;2025-11-05;2;0
12;2025-11-05;3;0
12;2025-11-05;4;7
12;2025-11-05;5;335
12;2025-11-05;6;1446
12;2025-11-05;7;2759
12;2025-11-05;8;3706
12;2025-11-05;9;2610
12;2025-11-05;10;2161
12;2025-11-05;11;2082
12;2025-11-05;12;2100
12;2025-11-05;13;2091
12;2025-11-05;14;2044
12;2025-11-05;15;2264
12;2025-11-05;16;2745
12;2025-11-05;17;3115
12;2025-11-05;18;3253
12;2025-11-05;19;2431
12;2025-11-05;20;1555
12;2025-11-05;21;979
12;2025-11-05;22;494
12;2025-11-05;23;261
12;2025-11-06;0;54
12;2025-11-06;1;1
12;2025-11-06;2;0
12;2025-11-06;3;0
12;2025-11-06;4;7
12;2025-11-06;5;336
12;2025-11-06;6;1450
12;2025-11-06;7;2758
12;2025-11-06;8;3692
12;2025-11-06;9;2608
12;2025-11-06;10;2164
12;2025-11-06;11;2067
12;2025-11-06;12;2103
12;2025-11-06;13;2096
12;2025-11-06;14;2047
12;2025-11-06;15;2260
12;2025-11-06;16;2745
12;2025-11-06;17;3116
12;2025-11-06;18;3253
12;2025-11-06;19;2431
12;2025-11-06;20;1551
12;2025-11-06;21;981
12;2025-11-06;22;495
12;2025-11-06;23;265
12;2025-11-07;0;58
12;2025-11-07;1;1
12;2025-11-07;2;0
12;2025-11-07;3;0
12;2025-11-07;4;4
12;2025-11-07;5;350
12;2025-11-07;6;1459
12;2025-11-07;7;2785
12;2025-11-07;8;3463
12;2025-11-07;9;2582
12;2025-11-07;10;1948
12;2025-11-07;11;1994
12;2025-11-07;12;2058
12;2025-11-07;13;2255
12;2025-11-07;14;2073
12;2025-11-07;15;2417
12;2025-11-07;16;2972
12;2025-11-07;17;2999
12;2025-11-07;18;2667
12;2025-11-07;19;2252
12;2025-11-07;20;1456
12;2025-11-07;21;992
12;2025-11-07;22;517
12;2025-11-07;23;331
12;2025-11-08;0;78
12;2025-11-08;1;2
12;2025-11-08;2;0
12;2025-11-08;3;0
12;2025-11-08;4;2
12;2025-11-08;5;243
12;2025-11-08;6;794
12;2025-11-08;7;931
12;2025-11-08;8;1056
12;2025-11-08;9;1285
12;2025-11-08;10;1482
12;2025-11-08;11;1524
12;2025-11-08;12;1579
12;2025-11-08;13;1769
12;2025-11-08;14;1634
12;2025-11-08;15;1623
12;2025-11-08;16;1730
12;2025-11-08;17;1688
12;2025-11-08;18;1597
12;2025-11-08;19;1425
12;2025-11-08;20;944
12;2025-11-08;21;783
12;2025-11-08;22;425
12;2025-11-08;23;300
12;2025-11-09;0;84
12;2025-11-09;1;4
12;2025-11-09;2;0
12;2025-11-09;3;0
12;2025-11-09;4;3
12;2025-11-09;5;159
12;2025-11-09;6;545
12;2025-11-09;7;702
12;2025-11-09;8;746
12;2025-11-09;9;943
12;2025-11-09;10;1163
12;2025-11-09;11;1300
12;2025-11-09;12;1409
12;2025-11-09;13;1596
12;2025-11-09;14;1463
12;2025-11-09;15;1531
12;2025-11-09;16;1538
12;2025-11-09;17;1537
12;2025-11-09;18;1339
12;2025-11-09;19;1040
12;2025-11-09;20;806
12;2025-11-09;21;610
12;2025-11-09;22;388
12;2025-11-09;23;206
12;2025-11-10;0;56
12;2025-11-10;1;2
12;2025-11-10;2;0
12;2025-11-10;3;0
12;2025-11-10;4;6
12;2025-11-10;5;322
12;2025-11-10;6;1460
12;2025-11-10;7;2746
12;2025-11-10;8;3665
12;2025-11-10;9;2608
12;2025-11-10;10;1970
12;2025-11-10;11;1925
12;2025-11-10;12;2087
12;2025-11-10;13;2007
12;2025-11-10;14;2035
12;2025-11-10;15;2278
12;2025-11-10;16;2797
12;2025-11-10;17;3088
12;2025-11-10;18;3289
12;2025-11-10;19;2449
12;2025-11-10;20;1664
12;2025-11-10;21;991
12;2025-11-10;22;466
12;2025-11-10;23;236
12;2025-11-11;0;54
12;2025-11-11;1;1
12;2025-11-11;2;0
12;2025-11-11;3;0
12;2025-11-11;4;7
12;2025-11-11;5;334
12;2025-11-11;6;1447
12;2025-11-11;7;2762
12;2025-11-11;8;3723
12;2025-11-11;9;2609
12;2025-11-11;10;2161
12;2025-11-11;11;2082
12;2025-11-11;12;2102
12;2025-11-11;13;2093
12;2025-11-11;14;2043
12;2025-11-11;15;2268
12;2025-11-11;16;2746
12;2025-11-11;17;3116
12;2025-11-11;18;3261
12;2025-11-11;19;2433
12;2025-11-11;20;1552
12;2025-11-11;21;976
12;2025-11-11;22;491
12;2025-11-11;23;255
12;2025-11-12;0;54
12;2025-11-12;1;1
12;2025-11-12;2;0
12;2025-11-12;3;0
12;2025-11-12;4;7
12;2025-11-12;5;333
12;2025-11-12;6;1446
12;2025-11-12;7;2761
12;2025-11-12;8;3718
12;2025-11-12;9;2608
12;2025-11-12;10;2160
12;2025-11-12;11;2080
12;2025-11-12;12;2101
12;2025-11-12;13;2086
12;2025-11-12;14;2039
12;2025-11-12;15;2261
12;2025-11-12;16;2746
12;2025-11-12;17;3116
12;2025-11-12;18;3252
12;2025-11-12;19;2432
12;2025-11-12;20;1555
12;2025-11-12;21;979
12;2025-11-12;22;494
12;2025-11-12;23;261
12;2025-11-13;0;55
12;2025-11-13;1;1
12;2025-11-13;2;0
12;2025-11-13;3;0
12;2025-11-13;4;7
12;2025-11-13;5;333
12;2025-11-13;6;1451
12;2025-11-13;7;2760
12;2025-11-13;8;3716
12;2025-11-13;9;2610
12;2025-11-13;10;2162
12;2025-11-13;11;2083
12;2025-11-13;12;2105
12;2025-11-13;13;2094
12;2025-11-13;14;2044
12;2025-11-13;15;2269
12;2025-11-13;16;2747
12;2025-11-13;17;3115
12;2025-11-13;18;3253
12;2025-11-13;19;2431
12;2025-11-13;20;1555
12;2025-11-13;21;980
12;2025-11-13;22;495
12;2025-11-13;23;264
12;2025-11-14;0;58
12;2025-11-14;1;1
12;2025-11-14;2;0
12;2025-11-14;3;0
12;2025-11-14;4;5
12;2025-11-14;5;339
12;2025-11-14;6;1451
12;2025-11-14;7;2785
12;2025-11-14;8;3477
12;2025-11-14;9;2590
12;2025-11-14;10;1956
12;2025-11-14;11;2001
12;2025-11-14;12;2071
12;2025-11-14;13;2264
12;2025-11-14;14;2082
12;2025-11-14;15;2426
12;2025-11-14;16;2970
12;2025-11-14;17;2998
12;2025-11-14;18;2665
12;2025-11-14;19;2250
12;2025-11-14;20;1452
12;2025-11-14;21;982
12;2025-11-14;22;509
12;2025-11-14;23;327
12;2025-11-15;0;76
12;2025-11-15;1;2
12;2025-11-15;2;0
12;2025-11-15;3;0
12;2025-11-15;4;2
12;2025-11-15;5;227
12;2025-11-15;6;770
12;2025-11-15;7;915
12;2025-11-15;8;1014
12;2025-11-15;9;1197
12;2025-11-15;10;1350
12;2025-11-15;11;1358
12;2025-11-15;12;1444
12;2025-11-15;13;1742
12;2025-11-15;14;1656
12;2025-11-15;15;1637
12;2025-11-15;16;1743
12;2025-11-15;17;1700
12;2025-11-15;18;1599
12;2025-11-15;19;1422
12;2025-11-15;20;940
12;2025-11-15;21;779
12;2025-11-15;22;420
12;2025-11-15;23;297
12;2025-11-16;0;84
12;2025-11-16;1;5
12;2025-11-16;2;0
12;2025-11-16;3;0
12;2025-11-16;4;3
12;2025-11-16;5;128
12;2025-11-16;6;509
12;2025-11-16;7;666
12;2025-11-16;8;702
12;2025-11-16;9;908
12;2025-11-16;10;1131
12;2025-11-16;11;1297
12;2025-11-16;12;1400
12;2025-11-16;13;1588
12;2025-11-16;14;1464
12;2025-11-16;15;1518
12;2025-11-16;16;1514
12;2025-11-16;17;1512
12;2025-11-16;18;1318
12;2025-11-16;19;1021
12;2025-11-16;20;789
12;2025-11-16;21;593
12;2025-11-16;22;380
12;2025-11-16;23;203
12;2025-11-17;0;56
12;2025-11-17;1;2
12;2025-11-17;2;0
12;2025-11-17;3;0
12;2025-11-17;4;6
12;2025-11-17;5;318
12;2025-11-17;6;1457
12;2025-11-17;7;2738
12;2025-11-17;8;3652
12;2025-11-17;9;2603
12;2025-11-17;10;1970
12;2025-11-17;11;1921
12;2025-11-17;12;2082
12;2025-11-17;13;1978
12;2025-11-17;14;2017
12;2025-11-17;15;2259
12;2025-11-17;16;2792
12;2025-11-17;17;3084
12;2025-11-17;18;3289
12;2025-11-17;19;2448
12;2025-11-17;20;1663
12;2025-11-17;21;994
12;2025-11-17;22;466
12;2025-11-17;23;236
12;2025-11-18;0;54
12;2025-11-18;1;1
12;2025-11-18;2;0
12;2025-11-18;3;0
12;2025-11-18;4;7
12;2025-11-18;5;326
12;2025-11-18;6;1452
12;2025-11-18;7;2760
12;2025-11-18;8;3702
12;2025-11-18;9;2594
12;2025-11-18;10;2122
12;2025-11-18;11;2052
12;2025-11-18;12;2072
12;2025-11-18;13;2063
12;2025-11-18;14;2016
12;2025-11-18;15;2251
12;2025-11-18;16;2746
12;2025-11-18;17;3116
12;2025-11-18;18;3253
12;2025-11-18;19;2436
12;2025-11-18;20;1552
12;2025-11-18;21;975
12;2025-11-18;22;490
12;2025-11-18;23;255
12;2025-11-19;0;54
12;2025-11-19;1;1
12;2025-11-19;2;0
12;2025-11-19;3;0
12;2025-11-19;4;6
12;2025-11-19;5;333
12;2025-11-19;6;1446
12;2025-11-19;7;2760
12;2025-11-19;8;3706
12;2025-11-19;9;2608
12;2025-11-19;10;2159
12;2025-11-19;11;2080
12;2025-11-19;12;2099
12;2025-11-19;13;2092
12;2025-11-19;14;2042
12;2025-11-19;15;2267
12;2025-11-19;16;2745
12;2025-11-19;17;3115
12;2025-11-19;18;3259
12;2025-11-19;19;2432
12;2025-11-19;20;1555
12;2025-11-19;21;979
12;2025-11-19;22;495
12;2025-11-19;23;260
12;2025-11-20;0;55
12;2025-11-20;1;1
12;2025-11-20;2;0
12;2025-11-20;3;0
12;2025-11-20;4;6
12;2025-11-20;5;332
12;2025-11-20;6;1444
12;2025-11-20;7;2759
12;2025-11-20;8;3705
12;2025-11-20;9;2608
12;2025-11-20;10;2159
12;2025-11-20;11;2080
12;2025-11-20;12;2101
12;2025-11-20;13;2094
12;2025-11-20;14;2045
12;2025-11-20;15;2269
12;2025-11-20;16;2747
12;2025-11-20;17;3115
12;2025-11-20;18;3258
12;2025-11-20;19;2427
12;2025-11-20;20;1552
12;2025-11-20;21;977
12;2025-11-20;22;493
12;2025-11-20;23;262
12;2025-11-21;0;58
12;2025-11-21;1;1
12;2025-11-21;2;0
12;2025-11-21;3;0
12;2025-11-21;4;4
12;2025-11-21;5;342
12;2025-11-21;6;1450
12;2025-11-21;7;2778
12;2025-11-21;8;3467
12;2025-11-21;9;2588
12;2025-11-21;10;1950
12;2025-11-21;11;1996
12;2025-11-21;12;2054
12;2025-11-21;13;2264
12;2025-11-21;14;2081
12;2025-11-21;15;2422
12;2025-11-21;16;2970
12;2025-11-21;17;2998
12;2025-11-21;18;2665
12;2025-11-21;19;2250
12;2025-11-21;20;1454
12;2025-11-21;21;987
12;2025-11-21;22;514
12;2025-11-21;23;329
12;2025-11-22;0;78
12;2025-11-22;1;3
12;2025-11-22;2;0
12;2025-11-22;3;0
12;2025-11-22;4;2
12;2025-11-22;5;228
12;2025-11-22;6;770
12;2025-11-22;7;913
12;2025-11-22;8;1048
12;2025-11-22;9;1242
12;2025-11-22;10;1489
12;2025-11-22;11;1542
12;2025-11-22;12;1602
12;2025-11-22;13;1792
12;2025-11-22;14;1656
12;2025-11-22;15;1637
12;2025-11-22;16;1742
12;2025-11-22;17;1700
12;2025-11-22;18;1601
12;2025-11-22;19;1422
12;2025-11-22;20;943
12;2025-11-22;21;767
12;2025-11-22;22;414
12;2025-11-22;23;297
12;2025-11-23;0;84
12;2025-11-23;1;4
12;2025-11-23;2;0
12;2025-11-23;3;0
12;2025-11-23;4;3
12;2025-11-23;5;137
12;2025-11-23;6;514
12;2025-11-23;7;672
12;2025-11-23;8;722
12;2025-11-23;9;926
12;2025-11-23;10;1149
12;2025-11-23;11;1302
12;2025-11-23;12;1411
12;2025-11-23;13;1600
12;2025-11-23;14;1474
12;2025-11-23;15;1529
12;2025-11-23;16;1527
12;2025-11-23;17;1524
12;2025-11-23;18;1320
12;2025-11-23;19;1023
12;2025-11-23;20;795
12;2025-11-23;21;597
12;2025-11-23;22;383
12;2025-11-23;23;203
12;2025-11-24;0;56
12;2025-11-24;1;2
12;2025-11-24;2;0
12;2025-11-24;3;0
12;2025-11-24;4;6
12;2025-11-24;5;318
12;2025-11-24;6;1461
12;2025-11-24;7;2753
12;2025-11-24;8;3661
12;2025-11-24;9;2615
12;2025-11-24;10;1957
12;2025-11-24;11;1908
12;2025-11-24;12;2082
12;2025-11-24;13;2003
12;2025-11-24;14;2024
12;2025-11-24;15;2256
12;2025-11-24;16;2797
12;2025-11-24;17;3088
12;2025-11-24;18;3289
12;2025-11-24;19;2448
12;2025-11-24;20;1664
12;2025-11-24;21;991
12;2025-11-24;22;466
12;2025-11-24;23;236
12;2025-11-25;0;54
12;2025-11-25;1;1
12;2025-11-25;2;0
12;2025-11-25;3;0
12;2025-11-25;4;6
12;2025-11-25;5;333
12;2025-11-25;6;1446
12;2025-11-25;7;2761
12;2025-11-25;8;3714
12;2025-11-25;9;2608
12;2025-11-25;10;2160
12;2025-11-25;11;2079
12;2025-11-25;12;2100
12;2025-11-25;13;2092
12;2025-11-25;14;2042
12;2025-11-25;15;2268
12;2025-11-25;16;2745
12;2025-11-25;17;3116
12;2025-11-25;18;3261
12;2025-11-25;19;2433
12;2025-11-25;20;1553
12;2025-11-25;21;976
12;2025-11-25;22;491
12;2025-11-25;23;255
12;2025-11-26;0;54
12;2025-11-26;1;1
12;2025-11-26;2;0
12;2025-11-26;3;0
12;2025-11-26;4;7
12;2025-11-26;5;340
12;2025-11-26;6;1457
12;2025-11-26;7;2772
12;2025-11-26;8;3711
12;2025-11-26;9;2620
12;2025-11-26;10;2160
12;2025-11-26;11;2073
12;2025-11-26;12;2092
12;2025-11-26;13;2087
12;2025-11-26;14;2037
12;2025-11-26;15;2259
12;2025-11-26;16;2737
12;2025-11-26;17;3110
12;2025-11-26;18;3251
12;2025-11-26;19;2433
12;2025-11-26;20;1554
12;2025-11-26;21;977
12;2025-11-26;22;494
12;2025-11-26;23;259
12;2025-11-27;0;54
12;2025-11-27;1;1
12;2025-11-27;2;0
12;2025-11-27;3;0
12;2025-11-27;4;7
12;2025-11-27;5;333
12;2025-11-27;6;1446
12;2025-11-27;7;2761
12;2025-11-27;8;3717
12;2025-11-27;9;2610
12;2025-11-27;10;2162
12;2025-11-27;11;2075
12;2025-11-27;12;2095
12;2025-11-27;13;2088
12;2025-11-27;14;2028
12;2025-11-27;15;2270
12;2025-11-27;16;2748
12;2025-11-27;17;3102
12;2025-11-27;18;3233
12;2025-11-27;19;2429
12;2025-11-27;20;1555
12;2025-11-27;21;977
12;2025-11-27;22;493
12;2025-11-27;23;261
12;2025-11-28;0;57
12;2025-11-28;1;1
12;2025-11-28;2;0
12;2025-11-28;3;0
12;2025-11-28;4;5
12;2025-11-28;5;338
12;2025-11-28;6;1451
12;2025-11-28;7;2785
12;2025-11-28;8;3479
12;2025-11-28;9;2588
12;2025-11-28;10;1951
12;2025-11-28;11;1996
12;2025-11-28;12;2067
12;2025-11-28;13;2266
12;2025-11-28;14;2084
12;2025-11-28;15;2426
12;2025-11-28;16;2971
12;2025-11-28;17;2998
12;2025-11-28;18;2663
12;2025-11-28;19;2249
12;2025-11-28;20;1452
12;2025-11-28;21;985
12;2025-11-28;22;513
12;2025-11-28;23;329
12;2025-11-29;0;78
12;2025-11-29;1;3
12;2025-11-29;2;0
12;2025-11-29;3;0
12;2025-11-29;4;2
12;2025-11-29;5;229
12;2025-11-29;6;780
12;2025-11-29;7;924
12;2025-11-29;8;1053
12;2025-11-29;9;1290
12;2025-11-29;10;1489
12;2025-11-29;11;1542
12;2025-11-29;12;1603
12;2025-11-29;13;1791
12;2025-11-29;14;1656
12;2025-11-29;15;1637
12;2025-11-29;16;1743
12;2025-11-29;17;1699
12;2025-11-29;18;1599
12;2025-11-29;19;1422
12;2025-11-29;20;943
12;2025-11-29;21;782
12;2025-11-29;22;424
12;2025-11-29;23;299
12;2025-11-30;0;84
12;2025-11-30;1;4
12;2025-11-30;2;0
12;2025-11-30;3;0
12;2025-11-30;4;3
12;2025-11-30;5;140
12;2025-11-30;6;515
12;2025-11-30;7;675
12;2025-11-30;8;722
12;2025-11-30;9;926
12;2025-11-30;10;1149
12;2025-11-30;11;1302
12;2025-11-30;12;1410
12;2025-11-30;13;1602
12;2025-11-30;14;1478
12;2025-11-30;15;1534
12;2025-11-30;16;1532
12;2025-11-30;17;1531
12;2025-11-30;18;1334
12;2025-11-30;19;1035
12;2025-11-30;20;802
12;2025-11-30;21;610
12;2025-11-30;22;387
12;2025-11-30;23;206
12;2025-12-01;0;56
12;2025-12-01;1;2
12;2025-12-01;2;0
12;2025-12-01;3;0
12;2025-12-01;4;6
12;2025-12-01;5;323
12;2025-12-01;6;1465
12;2025-12-01;7;2753
12;2025-12-01;8;3665
12;2025-12-01;9;2610
12;2025-12-01;10;1972
12;2025-12-01;11;1926
12;2025-12-01;12;2088
12;2025-12-01;13;2009
12;2025-12-01;14;2036
12;2025-12-01;15;2280
12;2025-12-01;16;2798
12;2025-12-01;17;3090
12;2025-12-01;18;3291
12;2025-12-01;19;2451
12;2025-12-01;20;1665
12;2025-12-01;21;992
12;2025-12-01;22;467
12;2025-12-01;23;237
12;2025-12-02;0;54
12;2025-12-02;1;1
12;2025-12-02;2;0
12;2025-12-02;3;0
12;2025-12-02;4;6
12;2025-12-02;5;334
12;2025-12-02;6;1448
12;2025-12-02;7;2765
12;2025-12-02;8;3719
12;2025-12-02;9;2611
12;2025-12-02;10;2162
12;2025-12-02;11;2082
12;2025-12-02;12;2102
12;2025-12-02;13;2095
12;2025-12-02;14;2045
12;2025-12-02;15;2270
12;2025-12-02;16;2748
12;2025-12-02;17;3119
12;2025-12-02;18;3264
12;2025-12-02;19;2436
12;2025-12-02;20;1554
12;2025-12-02;21;978
12;2025-12-02;22;491
12;2025-12-02;23;255
12;2025-12-03;0;54
12;2025-12-03;1;1
12;2025-12-03;2;0
12;2025-12-03;3;0
12;2025-12-03;4;6
12;2025-12-03;5;333
12;2025-12-03;6;1447
12;2025-12-03;7;2763
12;2025-12-03;8;3710
12;2025-12-03;9;2611
12;2025-12-03;10;2162
12;2025-12-03;11;2082
12;2025-12-03;12;2101
12;2025-12-03;13;2095
12;2025-12-03;14;2045
12;2025-12-03;15;2270
12;2025-12-03;16;2748
12;2025-12-03;17;3119
12;2025-12-03;18;3263
12;2025-12-03;19;2435
12;2025-12-03;20;1556
12;2025-12-03;21;980
12;2025-12-03;22;495
12;2025-12-03;23;261
12;2025-12-04;0;55
12;2025-12-04;1;1
12;2025-12-04;2;0
12;2025-12-04;3;0
12;2025-12-04;4;6
12;2025-12-04;5;333
12;2025-12-04;6;1447
12;2025-12-04;7;2763
12;2025-12-04;8;3715
12;2025-12-04;9;2611
12;2025-12-04;10;2162
12;2025-12-04;11;2083
12;2025-12-04;12;2104
12;2025-12-04;13;2097
12;2025-12-04;14;2047
12;2025-12-04;15;2273
12;2025-12-04;16;2751
12;2025-12-04;17;3119
12;2025-12-04;18;3263
12;2025-12-04;19;2435
12;2025-12-04;20;1556
12;2025-12-04;21;980
12;2025-12-04;22;495
12;2025-12-04;23;264
12;2025-12-05;0;58
12;2025-12-05;1;1
12;2025-12-05;2;0
12;2025-12-05;3;0
12;2025-12-05;4;4
12;2025-12-05;5;338
12;2025-12-05;6;1451
12;2025-12-05;7;2787
12;2025-12-05;8;3476
12;2025-12-05;9;2590
12;2025-12-05;10;1953
12;2025-12-05;11;1999
12;2025-12-05;12;2069
12;2025-12-05;13;2267
12;2025-12-05;14;2083
12;2025-12-05;15;2425
12;2025-12-05;16;2974
12;2025-12-05;17;3002
12;2025-12-05;18;2666
12;2025-12-05;19;2252
12;2025-12-05;20;1454
12;2025-12-05;21;986
12;2025-12-05;22;514
12;2025-12-05;23;329
12;2025-12-06;0;78
12;2025-12-06;1;3
12;2025-12-06;2;0
12;2025-12-06;3;0
12;2025-12-06;4;2
12;2025-12-06;5;231
12;2025-12-06;6;785
12;2025-12-06;7;930
12;2025-12-06;8;1059
12;2025-12-06;9;1297
12;2025-12-06;10;1497
12;2025-12-06;11;1550
12;2025-12-06;12;1613
12;2025-12-06;13;1805
12;2025-12-06;14;1669
12;2025-12-06;15;1654
12;2025-12-06;16;1758
12;2025-12-06;17;1713
12;2025-12-06;18;1615
12;2025-12-06;19;1431
12;2025-12-06;20;947
12;2025-12-06;21;788
12;2025-12-06;22;427
12;2025-12-06;23;301
12;2025-12-07;0;85
12;2025-12-07;1;4
12;2025-12-07;2;0
12;2025-12-07;3;0
12;2025-12-07;4;3
12;2025-12-07;5;142
12;2025-12-07;6;519
12;2025-12-07;7;677
12;2025-12-07;8;726
12;2025-12-07;9;932
12;2025-12-07;10;1156
12;2025-12-07;11;1312
12;2025-12-07;12;1420
12;2025-12-07;13;1611
12;2025-12-07;14;1485
12;2025-12-07;15;1539
12;2025-12-07;16;1537
12;2025-12-07;17;1535
12;2025-12-07;18;1332
12;2025-12-07;19;1035
12;2025-12-07;20;800
12;2025-12-07;21;602
12;2025-12-07;22;387
12;2025-12-07;23;205
12;2025-12-08;0;56
12;2025-12-08;1;3
12;2025-12-08;2;0
12;2025-12-08;3;0
12;2025-12-08;4;6
12;2025-12-08;5;322
12;2025-12-08;6;1465
12;2025-12-08;7;2753
12;2025-12-08;8;3665
12;2025-12-08;9;2614
12;2025-12-08;10;1972
12;2025-12-08;11;1926
12;2025-12-08;12;2088
12;2025-12-08;13;2008
12;2025-12-08;14;2036
12;2025-12-08;15;2280
12;2025-12-08;16;2798
12;2025-12-08;17;3090
12;2025-12-08;18;3291
12;2025-12-08;19;2451
12;2025-12-08;20;1665
12;2025-12-08;21;992
12;2025-12-08;22;466
12;2025-12-08;23;237
12;2025-12-09;0;54
12;2025-12-09;1;1
12;2025-12-09;2;0
12;2025-12-09;3;0
12;2025-12-09;4;6
12;2025-12-09;5;333
12;2025-12-09;6;1447
12;2025-12-09;7;2764
12;2025-12-09;8;3719
12;2025-12-09;9;2611
12;2025-12-09;10;2162
12;2025-12-09;11;2082
12;2025-12-09;12;2102
12;2025-12-09;13;2095
12;2025-12-09;14;2045
12;2025-12-09;15;2269
12;2025-12-09;16;2747
12;2025-12-09;17;3119
12;2025-12-09;18;3264
12;2025-12-09;19;2436
12;2025-12-09;20;1555
12;2025-12-09;21;978
12;2025-12-09;22;492
12;2025-12-09;23;255
12;2025-12-10;0;54
12;2025-12-10;1;1
12;2025-12-10;2;0
12;2025-12-10;3;0
12;2025-12-10;4;7
12;2025-12-10;5;342
12;2025-12-10;6;1462
12;2025-12-10;7;2775
12;2025-12-10;8;3709
12;2025-12-10;9;2620
12;2025-12-10;10;2162
12;2025-12-10;11;2080
12;2025-12-10;12;2101
12;2025-12-10;13;2094
12;2025-12-10;14;2045
12;2025-12-10;15;2269
12;2025-12-10;16;2748
12;2025-12-10;17;3119
12;2025-12-10;18;3262
12;2025-12-10;19;2435
12;2025-12-10;20;1556
12;2025-12-10;21;980
12;2025-12-10;22;496
12;2025-12-10;23;261
12;2025-12-11;0;55
12;2025-12-11;1;1
12;2025-12-11;2;0
12;2025-12-11;3;0
12;2025-12-11;4;6
12;2025-12-11;5;333
12;2025-12-11;6;1447
12;2025-12-11;7;2763
12;2025-12-11;8;3685
12;2025-12-11;9;2607
12;2025-12-11;10;2157
12;2025-12-11;11;2080
12;2025-12-11;12;2101
12;2025-12-11;13;2092
12;2025-12-11;14;2047
12;2025-12-11;15;2264
12;2025-12-11;16;2749
12;2025-12-11;17;3105
12;2025-12-11;18;3238
12;2025-12-11;19;2432
12;2025-12-11;20;1556
12;2025-12-11;21;979
12;2025-12-11;22;497
12;2025-12-11;23;264
12;2025-12-12;0;58
12;2025-12-12;1;1
12;2025-12-12;2;0
12;2025-12-12;3;0
12;2025-12-12;4;5
12;2025-12-12;5;339
12;2025-12-12;6;1456
12;2025-12-12;7;2788
12;2025-12-12;8;3481
12;2025-12-12;9;2592
12;2025-12-12;10;1948
12;2025-12-12;11;2000
12;2025-12-12;12;2054
12;2025-12-12;13;2233
12;2025-12-12;14;2052
12;2025-12-12;15;2369
12;2025-12-12;16;2923
12;2025-12-12;17;2996
12;2025-12-12;18;2668
12;2025-12-12;19;2248
12;2025-12-12;20;1459
12;2025-12-12;21;990
12;2025-12-12;22;514
12;2025-12-12;23;330
12;2025-12-13;0;78
12;2025-12-13;1;2
12;2025-12-13;2;0
12;2025-12-13;3;0
12;2025-12-13;4;2
12;2025-12-13;5;220
12;2025-12-13;6;771
12;2025-12-13;7;905
12;2025-12-13;8;1044
12;2025-12-13;9;1275
12;2025-12-13;10;1473
12;2025-12-13;11;1528
12;2025-12-13;12;1582
12;2025-12-13;13;1777
12;2025-12-13;14;1643
12;2025-12-13;15;1632
12;2025-12-13;16;1737
12;2025-12-13;17;1693
12;2025-12-13;18;1601
12;2025-12-13;19;1416
12;2025-12-13;20;917
12;2025-12-13;21;758
12;2025-12-13;22;418
12;2025-12-13;23;289
12;2025-12-14;0;85
12;2025-12-14;1;5
12;2025-12-14;2;0
12;2025-12-14;3;0
12;2025-12-14;4;3
12;2025-12-14;5;128
12;2025-12-14;6;501
12;2025-12-14;7;659
12;2025-12-14;8;698
12;2025-12-14;9;910
12;2025-12-14;10;1133
12;2025-12-14;11;1293
12;2025-12-14;12;1398
12;2025-12-14;13;1594
12;2025-12-14;14;1468
12;2025-12-14;15;1530
12;2025-12-14;16;1528
12;2025-12-14;17;1526
12;2025-12-14;18;1331
12;2025-12-14;19;1032
12;2025-12-14;20;796
12;2025-12-14;21;599
12;2025-12-14;22;386
12;2025-12-14;23;206
12;2025-12-15;0;56
12;2025-12-15;1;3
12;2025-12-15;2;0
12;2025-12-15;3;0
12;2025-12-15;4;6
12;2025-12-15;5;303
12;2025-12-15;6;1437
12;2025-12-15;7;2728
12;2025-12-15;8;3639
12;2025-12-15;9;2584
12;2025-12-15;10;1946
12;2025-12-15;11;1887
12;2025-12-15;12;2067
12;2025-12-15;13;1994
12;2025-12-15;14;2021
12;2025-12-15;15;2270
12;2025-12-15;16;2787
12;2025-12-15;17;3079
12;2025-12-15;18;3280
12;2025-12-15;19;2444
12;2025-12-15;20;1657
12;2025-12-15;21;982
12;2025-12-15;22;458
12;2025-12-15;23;232
12;2025-12-16;0;54
12;2025-12-16;1;1
12;2025-12-16;2;0
12;2025-12-16;3;0
12;2025-12-16;4;6
12;2025-12-16;5;329
12;2025-12-16;6;1444
12;2025-12-16;7;2763
12;2025-12-16;8;3717
12;2025-12-16;9;2608
12;2025-12-16;10;2159
12;2025-12-16;11;2080
12;2025-12-16;12;2094
12;2025-12-16;13;2069
12;2025-12-16;14;2039
12;2025-12-16;15;2270
12;2025-12-16;16;2749
12;2025-12-16;17;3120
12;2025-12-16;18;3265
12;2025-12-16;19;2435
12;2025-12-16;20;1553
12;2025-12-16;21;976
12;2025-12-16;22;491
12;2025-12-16;23;255
12;2025-12-17;0;54
12;2025-12-17;1;1
12;2025-12-17;2;0
12;2025-12-17;3;0
12;2025-12-17;4;6
12;2025-12-17;5;333
12;2025-12-17;6;1447
12;2025-12-17;7;2764
12;2025-12-17;8;3716
12;2025-12-17;9;2611
12;2025-12-17;10;2162
12;2025-12-17;11;2082
12;2025-12-17;12;2101
12;2025-12-17;13;2095
12;2025-12-17;14;2045
12;2025-12-17;15;2270
12;2025-12-17;16;2748
12;2025-12-17;17;3119
12;2025-12-17;18;3263
12;2025-12-17;19;2435
12;2025-12-17;20;1556
12;2025-12-17;21;979
12;2025-12-17;22;495
12;2025-12-17;23;261
12;2025-12-18;0;55
12;2025-12-18;1;1
12;2025-12-18;2;0
12;2025-12-18;3;0
12;2025-12-18;4;6
12;2025-12-18;5;332
12;2025-12-18;6;1447
12;2025-12-18;7;2763
12;2025-12-18;8;3709
12;2025-12-18;9;2611
12;2025-12-18;10;2162
12;2025-12-18;11;2082
12;2025-12-18;12;2103
12;2025-12-18;13;2096
12;2025-12-18;14;2047
12;2025-12-18;15;2271
12;2025-12-18;16;2750
12;2025-12-18;17;3118
12;2025-12-18;18;3262
12;2025-12-18;19;2434
12;2025-12-18;20;1555
12;2025-12-18;21;978
12;2025-12-18;22;495
12;2025-12-18;23;263
12;2025-12-19;0;58
12;2025-12-19;1;1
12;2025-12-19;2;0
12;2025-12-19;3;0
12;2025-12-19;4;4
12;2025-12-19;5;338
12;2025-12-19;6;1450
12;2025-12-19;7;2786
12;2025-12-19;8;3470
12;2025-12-19;9;2591
12;2025-12-19;10;1953
12;2025-12-19;11;1999
12;2025-12-19;12;2069
12;2025-12-19;13;2267
12;2025-12-19;14;2083
12;2025-12-19;15;2421
12;2025-12-19;16;2968
12;2025-12-19;17;2991
12;2025-12-19;18;2663
12;2025-12-19;19;2251
12;2025-12-19;20;1456
12;2025-12-19;21;987
12;2025-12-19;22;513
12;2025-12-19;23;328
12;2025-12-20;0;79
12;2025-12-20;1;3
12;2025-12-20;2;0
12;2025-12-20;3;0
12;2025-12-20;4;2
12;2025-12-20;5;230
12;2025-12-20;6;786
12;2025-12-20;7;931
12;2025-12-20;8;1060
12;2025-12-20;9;1298
12;2025-12-20;10;1497
12;2025-12-20;11;1550
12;2025-12-20;12;1614
12;2025-12-20;13;1803
12;2025-12-20;14;1668
12;2025-12-20;15;1649
12;2025-12-20;16;1754
12;2025-12-20;17;1712
12;2025-12-20;18;1610
12;2025-12-20;19;1427
12;2025-12-20;20;947
12;2025-12-20;21;784
12;2025-12-20;22;425
12;2025-12-20;23;300
12;2025-12-21;0;85
12;2025-12-21;1;4
12;2025-12-21;2;0
12;2025-12-21;3;0
12;2025-12-21;4;3
12;2025-12-21;5;141
12;2025-12-21;6;514
12;2025-12-21;7;670
12;2025-12-21;8;726
12;2025-12-21;9;932
12;2025-12-21;10;1156
12;2025-12-21;11;1312
12;2025-12-21;12;1420
12;2025-12-21;13;1611
12;2025-12-21;14;1484
12;2025-12-21;15;1540
12;2025-12-21;16;1537
12;2025-12-21;17;1535
12;2025-12-21;18;1333
12;2025-12-21;19;1035
12;2025-12-21;20;800
12;2025-12-21;21;602
12;2025-12-21;22;380
12;2025-12-21;23;205
12;2025-12-22;0;56
12;2025-12-22;1;2
12;2025-12-22;2;0
12;2025-12-22;3;0
12;2025-12-22;4;6
12;2025-12-22;5;322
12;2025-12-22;6;1465
12;2025-12-22;7;2753
12;2025-12-22;8;3671
12;2025-12-22;9;2623
12;2025-12-22;10;1990
12;2025-12-22;11;1923
12;2025-12-22;12;2086
12;2025-12-22;13;2009
12;2025-12-22;14;2036
12;2025-12-22;15;2274
12;2025-12-22;16;2796
12;2025-12-22;17;3086
12;2025-12-22;18;3280
12;2025-12-22;19;2444
12;2025-12-22;20;1657
12;2025-12-22;21;985
12;2025-12-22;22;460
12;2025-12-22;23;230
12;2025-12-23;0;54
12;2025-12-23;1;1
12;2025-12-23;2;0
12;2025-12-23;3;0
12;2025-12-23;4;6
12;2025-12-23;5;330
12;2025-12-23;6;1442
12;2025-12-23;7;2760
12;2025-12-23;8;3714
12;2025-12-23;9;2605
12;2025-12-23;10;2156
12;2025-12-23;11;2077
12;2025-12-23;12;2095
12;2025-12-23;13;2085
12;2025-12-23;14;2034
12;2025-12-23;15;2259
12;2025-12-23;16;2737
12;2025-12-23;17;3108
12;2025-12-23;18;3252
12;2025-12-23;19;2431
12;2025-12-23;20;1548
12;2025-12-23;21;971
12;2025-12-23;22;485
12;2025-12-23;23;249
12;2025-12-24;0;54
12;2025-12-24;1;1
12;2025-12-24;2;0
12;2025-12-24;3;0
12;2025-12-24;4;6
12;2025-12-24;5;329
12;2025-12-24;6;1443
12;2025-12-24;7;2760
12;2025-12-24;8;3707
12;2025-12-24;9;2608
12;2025-12-24;10;2159
12;2025-12-24;11;2081
12;2025-12-24;12;2080
12;2025-12-24;13;2078
12;2025-12-24;14;2045
12;2025-12-24;15;2257
12;2025-12-24;16;2749
12;2025-12-24;17;3120
12;2025-12-24;18;3250
12;2025-12-24;19;2437
12;2025-12-24;20;1555
12;2025-12-24;21;975
12;2025-12-24;22;492
12;2025-12-24;23;256
12;2025-12-25;0;55
12;2025-12-25;1;1
12;2025-12-25;2;0
12;2025-12-25;3;0
12;2025-12-25;4;7
12;2025-12-25;5;334
12;2025-12-25;6;1452
12;2025-12-25;7;2756
12;2025-12-25;8;3703
12;2025-12-25;9;2604
12;2025-12-25;10;2155
12;2025-12-25;11;2075
12;2025-12-25;12;2096
12;2025-12-25;13;2090
12;2025-12-25;14;2040
12;2025-12-25;15;2262
12;2025-12-25;16;2752
12;2025-12-25;17;3117
12;2025-12-25;18;3242
12;2025-12-25;19;2437
12;2025-12-25;20;1562
12;2025-12-25;21;981
12;2025-12-25;22;497
12;2025-12-25;23;262
12;2025-12-26;0;57
12;2025-12-26;1;1
12;2025-12-26;2;0
12;2025-12-26;3;0
12;2025-12-26;4;4
12;2025-12-26;5;328
12;2025-12-26;6;1459
12;2025-12-26;7;2786
12;2025-12-26;8;3480
12;2025-12-26;9;2575
12;2025-12-26;10;1926
12;2025-12-26;11;1967
12;2025-12-26;12;2031
12;2025-12-26;13;2253
12;2025-12-26;14;2071
12;2025-12-26;15;2410
12;2025-12-26;16;2959
12;2025-12-26;17;2994
12;2025-12-26;18;2671
12;2025-12-26;19;2250
12;2025-12-26;20;1451
12;2025-12-26;21;981
12;2025-12-26;22;508
12;2025-12-26;23;330
12;2025-12-27;0;79
12;2025-12-27;1;3
12;2025-12-27;2;0
12;2025-12-27;3;0
12;2025-12-27;4;2
12;2025-12-27;5;231
12;2025-12-27;6;786
12;2025-12-27;7;931
12;2025-12-27;8;1060
12;2025-12-27;9;1284
12;2025-12-27;10;1498
12;2025-12-27;11;1552
12;2025-12-27;12;1611
12;2025-12-27;13;1800
12;2025-12-27;14;1665
12;2025-12-27;15;1638
12;2025-12-27;16;1744
12;2025-12-27;17;1701
12;2025-12-27;18;1604
12;2025-12-27;19;1420
12;2025-12-27;20;941
12;2025-12-27;21;769
12;2025-12-27;22;412
12;2025-12-27;23;296
12;2025-12-28;0;84
12;2025-12-28;1;4
12;2025-12-28;2;0
12;2025-12-28;3;0
12;2025-12-28;4;3
12;2025-12-28;5;135
12;2025-12-28;6;512
12;2025-12-28;7;665
12;2025-12-28;8;714
12;2025-12-28;9;885
12;2025-12-28;10;1127
12;2025-12-28;11;1211
12;2025-12-28;12;1365
12;2025-12-28;13;1550
12;2025-12-28;14;1424
12;2025-12-28;15;1477
12;2025-12-28;16;1525
12;2025-12-28;17;1522
12;2025-12-28;18;1324
12;2025-12-28;19;1025
12;2025-12-28;20;781
12;2025-12-28;21;586
12;2025-12-28;22;376
12;2025-12-28;23;205
12;2025-12-29;0;51
12;2025-12-29;1;2
12;2025-12-29;2;0
12;2025-12-29;3;0
12;2025-12-29;4;5
12;2025-12-29;5;287
12;2025-12-29;6;1304
12;2025-12-29;7;2457
12;2025-12-29;8;3264
12;2025-12-29;9;2328
12;2025-12-29;10;1751
12;2025-12-29;11;1709
12;2025-12-29;12;1843
12;2025-12-29;13;1777
12;2025-12-29;14;1805
12;2025-12-29;15;2023
12;2025-12-29;16;2491
12;2025-12-29;17;2751
12;2025-12-29;18;2921
12;2025-12-29;19;2195
12;2025-12-29;20;1473
12;2025-12-29;21;873
12;2025-12-29;22;408
12;2025-12-29;23;204
12;2025-12-30;0;49
12;2025-12-30;1;1
12;2025-12-30;2;0
12;2025-12-30;3;0
12;2025-12-30;4;6
12;2025-12-30;5;293
12;2025-12-30;6;1289
12;2025-12-30;7;2472
12;2025-12-30;8;3312
12;2025-12-30;9;2334
12;2025-12-30;10;1923
12;2025-12-30;11;1845
12;2025-12-30;12;1859
12;2025-12-30;13;1848
12;2025-12-30;14;1816
12;2025-12-30;15;2023
12;2025-12-30;16;2451
12;2025-12-30;17;2782
12;2025-12-30;18;2906
12;2025-12-30;19;2181
12;2025-12-30;20;1389
12;2025-12-30;21;867
12;2025-12-30;22;437
12;2025-12-30;23;224
12;2025-12-31;0;71
12;2025-12-31;1;4
12;2025-12-31;2;0
12;2025-12-31;3;0
12;2025-12-31;4;3
12;2025-12-31;5;80
12;2025-12-31;6;408
12;2025-12-31;7;534
12;2025-12-31;8;570
12;2025-12-31;9;714
12;2025-12-31;10;897
12;2025-12-31;11;1002
12;2025-12-31;12;1118
12;2025-12-31;13;1245
12;2025-12-31;14;1138
12;2025-12-31;15;1207
12;2025-12-31;16;1253
12;2025-12-31;17;1249
12;2025-12-31;18;1074
12;2025-12-31;19;836
12;2025-12-31;20;672
12;2025-12-31;21;487
12;2025-12-31;22;298
12;2025-12-31;23;145
17;2025-11-01;0;148
17;2025-11-01;1;25
17;2025-11-01;2;0
17;2025-11-01;3;0
17;2025-11-01;4;23
17;2025-11-01;5;293
17;2025-11-01;6;1419
17;2025-11-01;7;3797
17;2025-11-01;8;4876
17;2025-11-01;9;3519
17;2025-11-01;10;2823
17;2025-11-01;11;2873
17;2025-11-01;12;2835
17;2025-11-01;13;2959
17;2025-11-01;14;3047
17;2025-11-01;15;3266
17;2025-11-01;16;3848
17;2025-11-01;17;4368
17;2025-11-01;18;4081
17;2025-11-01;19;3011
17;2025-11-01;20;2203
17;2025-11-01;21;1450
17;2025-11-01;22;708
17;2025-11-01;23;435
17;2025-11-02;0;185
17;2025-11-02;1;25
17;2025-11-02;2;0
17;2025-11-02;3;0
17;2025-11-02;4;3
17;2025-11-02;5;108
17;2025-11-02;6;439
17;2025-11-02;7;858
17;2025-11-02;8;1277
17;2025-11-02;9;1748
17;2025-11-02;10;2045
17;2025-11-02;11;2624
17;2025-11-02;12;2951
17;2025-11-02;13;3117
17;2025-11-02;14;3334
17;2025-11-02;15;3283
17;2025-11-02;16;3192
17;2025-11-02;17;3050
17;2025-11-02;18;2679
17;2025-11-02;19;2151
17;2025-11-02;20;1612
17;2025-11-02;21;1164
17;2025-11-02;22;724
17;2025-11-02;23;326
17;2025-11-03;0;173
17;2025-11-03;1;23
17;2025-11-03;2;0
17;2025-11-03;3;0
17;2025-11-03;4;3
17;2025-11-03;5;120
17;2025-11-03;6;467
17;2025-11-03;7;891
17;2025-11-03;8;1317
17;2025-11-03;9;1716
17;2025-11-03;10;1996
17;2025-11-03;11;2516
17;2025-11-03;12;2791
17;2025-11-03;13;2989
17;2025-11-03;14;3112
17;2025-11-03;15;3072
17;2025-11-03;16;3140
17;2025-11-03;17;3043
17;2025-11-03;18;2720
17;2025-11-03;19;2209
17;2025-11-03;20;1669
17;2025-11-03;21;1212
17;2025-11-03;22;766
17;2025-11-03;23;364
17;2025-11-04;0;175
17;2025-11-04;1;23
17;2025-11-04;2;0
17;2025-11-04;3;0
17;2025-11-04;4;3
17;2025-11-04;5;118
17;2025-11-04;6;465
17;2025-11-04;7;892
17;2025-11-04;8;1291
17;2025-11-04;9;1677
17;2025-11-04;10;1957
17;2025-11-04;11;2499
17;2025-11-04;12;2769
17;2025-11-04;13;2982
17;2025-11-04;14;3257
17;2025-11-04;15;3217
17;2025-11-04;16;3142
17;2025-11-04;17;3040
17;2025-11-04;18;2719
17;2025-11-04;19;2206
17;2025-11-04;20;1664
17;2025-11-04;21;1208
17;2025-11-04;22;761
17;2025-11-04;23;359
17;2025-11-05;0;121
17;2025-11-05;1;11
17;2025-11-05;2;0
17;2025-11-05;3;0
17;2025-11-05;4;25
17;2025-11-05;5;325
17;2025-11-05;6;1566
17;2025-11-05;7;4251
17;2025-11-05;8;5463
17;2025-11-05;9;3932
17;2025-11-05;10;3129
17;2025-11-05;11;3101
17;2025-11-05;12;3113
17;2025-11-05;13;3147
17;2025-11-05;14;3262
17;2025-11-05;15;3368
17;2025-11-05;16;3761
17;2025-11-05;17;4615
17;2025-11-05;18;4915
17;2025-11-05;19;3433
17;2025-11-05;20;2399
17;2025-11-05;21;1495
17;2025-11-05;22;748
17;2025-11-05;23;387
17;2025-11-06;0;123
17;2025-11-06;1;11
17;2025-11-06;2;0
17;2025-11-06;3;0
17;2025-11-06;4;25
17;2025-11-06;5;326
17;2025-11-06;6;1567
17;2025-11-06;7;4252
17;2025-11-06;8;5438
17;2025-11-06;9;3934
17;2025-11-06;10;3134
17;2025-11-06;11;3058
17;2025-11-06;12;3119
17;2025-11-06;13;3158
17;2025-11-06;14;3273
17;2025-11-06;15;3354
17;2025-11-06;16;3753
17;2025-11-06;17;4622
17;2025-11-06;18;4919
17;2025-11-06;19;3431
17;2025-11-06;20;2384
17;2025-11-06;21;1500
17;2025-11-06;22;755
17;2025-11-06;23;395
17;2025-11-07;0;148
17;2025-11-07;1;17
17;2025-11-07;2;0
17;2025-11-07;3;0
17;2025-11-07;4;24
17;2025-11-07;5;320
17;2025-11-07;6;1542
17;2025-11-07;7;4130
17;2025-11-07;8;5271
17;2025-11-07;9;3768
17;2025-11-07;10;3054
17;2025-11-07;11;3114
17;2025-11-07;12;3064
17;2025-11-07;13;3204
17;2025-11-07;14;3301
17;2025-11-07;15;3540
17;2025-11-07;16;4185
17;2025-11-07;17;4749
17;2025-11-07;18;4434
17;2025-11-07;19;3266
17;2025-11-07;20;2390
17;2025-11-07;21;1576
17;2025-11-07;22;770
17;2025-11-07;23;478
17;2025-11-08;0;206
17;2025-11-08;1;27
17;2025-11-08;2;0
17;2025-11-08;3;0
17;2025-11-08;4;5
17;2025-11-08;5;140
17;2025-11-08;6;614
17;2025-11-08;7;1312
17;2025-11-08;8;1813
17;2025-11-08;9;2289
17;2025-11-08;10;2589
17;2025-11-08;11;3057
17;2025-11-08;12;3377
17;2025-11-08;13;3601
17;2025-11-08;14;3612
17;2025-11-08;15;3643
17;2025-11-08;16;3670
17;2025-11-08;17;3405
17;2025-11-08;18;3156
17;2025-11-08;19;2504
17;2025-11-08;20;1937
17;2025-11-08;21;1372
17;2025-11-08;22;854
17;2025-11-08;23;460
17;2025-11-09;0;188
17;2025-11-09;1;25
17;2025-11-09;2;0
17;2025-11-09;3;0
17;2025-11-09;4;3
17;2025-11-09;5;114
17;2025-11-09;6;454
17;2025-11-09;7;882
17;2025-11-09;8;1300
17;2025-11-09;9;1758
17;2025-11-09;10;2047
17;2025-11-09;11;2625
17;2025-11-09;12;2950
17;2025-11-09;13;3183
17;2025-11-09;14;3310
17;2025-11-09;15;3261
17;2025-11-09;16;3182
17;2025-11-09;17;3053
17;2025-11-09;18;2695
17;2025-11-09;19;2158
17;2025-11-09;20;1617
17;2025-11-09;21;1167
17;2025-11-09;22;725
17;2025-11-09;23;327
17;2025-11-10;0;122
17;2025-11-10;1;14
17;2025-11-10;2;0
17;2025-11-10;3;0
17;2025-11-10;4;26
17;2025-11-10;5;317
17;2025-11-10;6;1600
17;2025-11-10;7;4312
17;2025-11-10;8;5584
17;2025-11-10;9;3955
17;2025-11-10;10;3043
17;2025-11-10;11;2975
17;2025-11-10;12;2973
17;2025-11-10;13;3097
17;2025-11-10;14;3109
17;2025-11-10;15;3296
17;2025-11-10;16;3776
17;2025-11-10;17;4414
17;2025-11-10;18;4766
17;2025-11-10;19;3316
17;2025-11-10;20;2276
17;2025-11-10;21;1421
17;2025-11-10;22;675
17;2025-11-10;23;332
17;2025-11-11;0;118
17;2025-11-11;1;11
17;2025-11-11;2;0
17;2025-11-11;3;0
17;2025-11-11;4;26
17;2025-11-11;5;325
17;2025-11-11;6;1565
17;2025-11-11;7;4258
17;2025-11-11;8;5483
17;2025-11-11;9;3933
17;2025-11-11;10;3116
17;2025-11-11;11;3088
17;2025-11-11;12;3103
17;2025-11-11;13;3138
17;2025-11-11;14;3248
17;2025-11-11;15;3360
17;2025-11-11;16;3758
17;2025-11-11;17;4615
17;2025-11-11;18;4926
17;2025-11-11;19;3432
17;2025-11-11;20;2394
17;2025-11-11;21;1491
17;2025-11-11;22;741
17;2025-11-11;23;375
17;2025-11-12;0;119
17;2025-11-12;1;11
17;2025-11-12;2;0
17;2025-11-12;3;0
17;2025-11-12;4;25
17;2025-11-12;5;325
17;2025-11-12;6;1565
17;2025-11-12;7;4255
17;2025-11-12;8;5476
17;2025-11-12;9;3931
17;2025-11-12;10;3110
17;2025-11-12;11;3071
17;2025-11-12;12;3088
17;2025-11-12;13;3127
17;2025-11-12;14;3246
17;2025-11-12;15;3341
17;2025-11-12;16;3760
17;2025-11-12;17;4618
17;2025-11-12;18;4890
17;2025-11-12;19;3431
17;2025-11-12;20;2397
17;2025-11-12;21;1494
17;2025-11-12;22;749
17;2025-11-12;23;386
17;2025-11-13;0;122
17;2025-11-13;1;11
17;2025-11-13;2;0
17;2025-11-13;3;0
17;2025-11-13;4;25
17;2025-11-13;5;325
17;2025-11-13;6;1571
17;2025-11-13;7;4255
17;2025-11-13;8;5468
17;2025-11-13;9;3934
17;2025-11-13;10;3132
17;2025-11-13;11;3102
17;2025-11-13;12;3120
17;2025-11-13;13;3153
17;2025-11-13;14;3264
17;2025-11-13;15;3373
17;2025-11-13;16;3766
17;2025-11-13;17;4616
17;2025-11-13;18;4914
17;2025-11-13;19;3430
17;2025-11-13;20;2400
17;2025-11-13;21;1497
17;2025-11-13;22;751
17;2025-11-13;23;391
17;2025-11-14;0;146
17;2025-11-14;1;17
17;2025-11-14;2;0
17;2025-11-14;3;0
17;2025-11-14;4;24
17;2025-11-14;5;316
17;2025-11-14;6;1537
17;2025-11-14;7;4126
17;2025-11-14;8;5298
17;2025-11-14;9;3815
17;2025-11-14;10;3062
17;2025-11-14;11;3117
17;2025-11-14;12;3072
17;2025-11-14;13;3206
17;2025-11-14;14;3303
17;2025-11-14;15;3542
17;2025-11-14;16;4181
17;2025-11-14;17;4745
17;2025-11-14;18;4428
17;2025-11-14;19;3262
17;2025-11-14;20;2385
17;2025-11-14;21;1564
17;2025-11-14;22;760
17;2025-11-14;23;468
17;2025-11-15;0;202
17;2025-11-15;1;26
17;2025-11-15;2;0
17;2025-11-15;3;0
17;2025-11-15;4;5
17;2025-11-15;5;131
17;2025-11-15;6;592
17;2025-11-15;7;1295
17;2025-11-15;8;1761
17;2025-11-15;9;2166
17;2025-11-15;10;2409
17;2025-11-15;11;2811
17;2025-11-15;12;3150
17;2025-11-15;13;3520
17;2025-11-15;14;3604
17;2025-11-15;15;3630
17;2025-11-15;16;3655
17;2025-11-15;17;3391
17;2025-11-15;18;3141
17;2025-11-15;19;2489
17;2025-11-15;20;1927
17;2025-11-15;21;1362
17;2025-11-15;22;849
17;2025-11-15;23;457
17;2025-11-16;0;184
17;2025-11-16;1;24
17;2025-11-16;2;0
17;2025-11-16;3;0
17;2025-11-16;4;3
17;2025-11-16;5;89
17;2025-11-16;6;433
17;2025-11-16;7;853
17;2025-11-16;8;1256
17;2025-11-16;9;1737
17;2025-11-16;10;2030
17;2025-11-16;11;2618
17;2025-11-16;12;2953
17;2025-11-16;13;3189
17;2025-11-16;14;3316
17;2025-11-16;15;3259
17;2025-11-16;16;3185
17;2025-11-16;17;3060
17;2025-11-16;18;2682
17;2025-11-16;19;2149
17;2025-11-16;20;1610
17;2025-11-16;21;1162
17;2025-11-16;22;725
17;2025-11-16;23;332
17;2025-11-17;0;122
17;2025-11-17;1;14
17;2025-11-17;2;0
17;2025-11-17;3;0
17;2025-11-17;4;26
17;2025-11-17;5;320
17;2025-11-17;6;1602
17;2025-11-17;7;4311
17;2025-11-17;8;5571
17;2025-11-17;9;3955
17;2025-11-17;10;3034
17;2025-11-17;11;2966
17;2025-11-17;12;2944
17;2025-11-17;13;3050
17;2025-11-17;14;3080
17;2025-11-17;15;3246
17;2025-11-17;16;3752
17;2025-11-17;17;4378
17;2025-11-17;18;4767
17;2025-11-17;19;3316
17;2025-11-17;20;2275
17;2025-11-17;21;1413
17;2025-11-17;22;675
17;2025-11-17;23;332
17;2025-11-18;0;118
17;2025-11-18;1;10
17;2025-11-18;2;0
17;2025-11-18;3;0
17;2025-11-18;4;26
17;2025-11-18;5;310
17;2025-11-18;6;1569
17;2025-11-18;7;4261
17;2025-11-18;8;5431
17;2025-11-18;9;3873
17;2025-11-18;10;3049
17;2025-11-18;11;3048
17;2025-11-18;12;3064
17;2025-11-18;13;3094
17;2025-11-18;14;3201
17;2025-11-18;15;3313
17;2025-11-18;16;3757
17;2025-11-18;17;4615
17;2025-11-18;18;4892
17;2025-11-18;19;3413
17;2025-11-18;20;2391
17;2025-11-18;21;1490
17;2025-11-18;22;741
17;2025-11-18;23;373
17;2025-11-19;0;120
17;2025-11-19;1;11
17;2025-11-19;2;0
17;2025-11-19;3;0
17;2025-11-19;4;26
17;2025-11-19;5;326
17;2025-11-19;6;1566
17;2025-11-19;7;4256
17;2025-11-19;8;5464
17;2025-11-19;9;3933
17;2025-11-19;10;3125
17;2025-11-19;11;3095
17;2025-11-19;12;3109
17;2025-11-19;13;3145
17;2025-11-19;14;3254
17;2025-11-19;15;3364
17;2025-11-19;16;3759
17;2025-11-19;17;4617
17;2025-11-19;18;4921
17;2025-11-19;19;3433
17;2025-11-19;20;2399
17;2025-11-19;21;1495
17;2025-11-19;22;750
17;2025-11-19;23;384
17;2025-11-20;0;123
17;2025-11-20;1;11
17;2025-11-20;2;0
17;2025-11-20;3;0
17;2025-11-20;4;26
17;2025-11-20;5;325
17;2025-11-20;6;1565
17;2025-11-20;7;4253
17;2025-11-20;8;5456
17;2025-11-20;9;3934
17;2025-11-20;10;3128
17;2025-11-20;11;3099
17;2025-11-20;12;3115
17;2025-11-20;13;3153
17;2025-11-20;14;3264
17;2025-11-20;15;3373
17;2025-11-20;16;3766
17;2025-11-20;17;4618
17;2025-11-20;18;4919
17;2025-11-20;19;3427
17;2025-11-20;20;2397
17;2025-11-20;21;1494
17;2025-11-20;22;750
17;2025-11-20;23;388
17;2025-11-21;0;146
17;2025-11-21;1;17
17;2025-11-21;2;0
17;2025-11-21;3;0
17;2025-11-21;4;24
17;2025-11-21;5;320
17;2025-11-21;6;1539
17;2025-11-21;7;4104
17;2025-11-21;8;5285
17;2025-11-21;9;3812
17;2025-11-21;10;3055
17;2025-11-21;11;3111
17;2025-11-21;12;3049
17;2025-11-21;13;3203
17;2025-11-21;14;3294
17;2025-11-21;15;3530
17;2025-11-21;16;4178
17;2025-11-21;17;4745
17;2025-11-21;18;4427
17;2025-11-21;19;3264
17;2025-11-21;20;2389
17;2025-11-21;21;1574
17;2025-11-21;22;766
17;2025-11-21;23;472
17;2025-11-22;0;204
17;2025-11-22;1;27
17;2025-11-22;2;0
17;2025-11-22;3;0
17;2025-11-22;4;5
17;2025-11-22;5;132
17;2025-11-22;6;600
17;2025-11-22;7;1314
17;2025-11-22;8;1809
17;2025-11-22;9;2225
17;2025-11-22;10;2587
17;2025-11-22;11;3048
17;2025-11-22;12;3370
17;2025-11-22;13;3595
17;2025-11-22;14;3604
17;2025-11-22;15;3634
17;2025-11-22;16;3658
17;2025-11-22;17;3394
17;2025-11-22;18;3145
17;2025-11-22;19;2491
17;2025-11-22;20;1932
17;2025-11-22;21;1339
17;2025-11-22;22;831
17;2025-11-22;23;449
17;2025-11-23;0;183
17;2025-11-23;1;24
17;2025-11-23;2;0
17;2025-11-23;3;0
17;2025-11-23;4;3
17;2025-11-23;5;100
17;2025-11-23;6;432
17;2025-11-23;7;851
17;2025-11-23;8;1273
17;2025-11-23;9;1742
17;2025-11-23;10;2039
17;2025-11-23;11;2624
17;2025-11-23;12;2957
17;2025-11-23;13;3197
17;2025-11-23;14;3323
17;2025-11-23;15;3270
17;2025-11-23;16;3185
17;2025-11-23;17;3051
17;2025-11-23;18;2681
17;2025-11-23;19;2147
17;2025-11-23;20;1612
17;2025-11-23;21;1161
17;2025-11-23;22;723
17;2025-11-23;23;327
17;2025-11-24;0;122
17;2025-11-24;1;13
17;2025-11-24;2;0
17;2025-11-24;3;0
17;2025-11-24;4;26
17;2025-11-24;5;308
17;2025-11-24;6;1603
17;2025-11-24;7;4301
17;2025-11-24;8;5567
17;2025-11-24;9;3911
17;2025-11-24;10;3006
17;2025-11-24;11;2936
17;2025-11-24;12;2943
17;2025-11-24;13;3089
17;2025-11-24;14;3088
17;2025-11-24;15;3246
17;2025-11-24;16;3775
17;2025-11-24;17;4414
17;2025-11-24;18;4767
17;2025-11-24;19;3317
17;2025-11-24;20;2278
17;2025-11-24;21;1421
17;2025-11-24;22;675
17;2025-11-24;23;331
17;2025-11-25;0;118
17;2025-11-25;1;11
17;2025-11-25;2;0
17;2025-11-25;3;0
17;2025-11-25;4;26
17;2025-11-25;5;326
17;2025-11-25;6;1566
17;2025-11-25;7;4259
17;2025-11-25;8;5473
17;2025-11-25;9;3936
17;2025-11-25;10;3116
17;2025-11-25;11;3085
17;2025-11-25;12;3098
17;2025-11-25;13;3135
17;2025-11-25;14;3244
17;2025-11-25;15;3356
17;2025-11-25;16;3755
17;2025-11-25;17;4615
17;2025-11-25;18;4926
17;2025-11-25;19;3433
17;2025-11-25;20;2395
17;2025-11-25;21;1490
17;2025-11-25;22;742
17;2025-11-25;23;375
17;2025-11-26;0;119
17;2025-11-26;1;11
17;2025-11-26;2;0
17;2025-11-26;3;0
17;2025-11-26;4;25
17;2025-11-26;5;330
17;2025-11-26;6;1574
17;2025-11-26;7;4219
17;2025-11-26;8;5434
17;2025-11-26;9;3889
17;2025-11-26;10;3092
17;2025-11-26;11;3058
17;2025-11-26;12;3080
17;2025-11-26;13;3137
17;2025-11-26;14;3242
17;2025-11-26;15;3337
17;2025-11-26;16;3708
17;2025-11-26;17;4472
17;2025-11-26;18;4889
17;2025-11-26;19;3407
17;2025-11-26;20;2391
17;2025-11-26;21;1485
17;2025-11-26;22;741
17;2025-11-26;23;382
17;2025-11-27;0;122
17;2025-11-27;1;11
17;2025-11-27;2;0
17;2025-11-27;3;0
17;2025-11-27;4;25
17;2025-11-27;5;325
17;2025-11-27;6;1566
17;2025-11-27;7;4255
17;2025-11-27;8;5471
17;2025-11-27;9;3934
17;2025-11-27;10;3132
17;2025-11-27;11;3065
17;2025-11-27;12;3082
17;2025-11-27;13;3131
17;2025-11-27;14;3226
17;2025-11-27;15;3376
17;2025-11-27;16;3769
17;2025-11-27;17;4472
17;2025-11-27;18;4772
17;2025-11-27;19;3400
17;2025-11-27;20;2388
17;2025-11-27;21;1483
17;2025-11-27;22;735
17;2025-11-27;23;376
17;2025-11-28;0;145
17;2025-11-28;1;16
17;2025-11-28;2;0
17;2025-11-28;3;0
17;2025-11-28;4;24
17;2025-11-28;5;316
17;2025-11-28;6;1538
17;2025-11-28;7;4126
17;2025-11-28;8;5299
17;2025-11-28;9;3812
17;2025-11-28;10;3053
17;2025-11-28;11;3109
17;2025-11-28;12;3061
17;2025-11-28;13;3204
17;2025-11-28;14;3298
17;2025-11-28;15;3534
17;2025-11-28;16;4179
17;2025-11-28;17;4742
17;2025-11-28;18;4427
17;2025-11-28;19;3262
17;2025-11-28;20;2388
17;2025-11-28;21;1573
17;2025-11-28;22;765
17;2025-11-28;23;472
17;2025-11-29;0;204
17;2025-11-29;1;27
17;2025-11-29;2;0
17;2025-11-29;3;0
17;2025-11-29;4;5
17;2025-11-29;5;135
17;2025-11-29;6;604
17;2025-11-29;7;1295
17;2025-11-29;8;1793
17;2025-11-29;9;2281
17;2025-11-29;10;2587
17;2025-11-29;11;3048
17;2025-11-29;12;3369
17;2025-11-29;13;3592
17;2025-11-29;14;3602
17;2025-11-29;15;3630
17;2025-11-29;16;3655
17;2025-11-29;17;3391
17;2025-11-29;18;3141
17;2025-11-29;19;2492
17;2025-11-29;20;1932
17;2025-11-29;21;1364
17;2025-11-29;22;849
17;2025-11-29;23;454
17;2025-11-30;0;184
17;2025-11-30;1;24
17;2025-11-30;2;0
17;2025-11-30;3;0
17;2025-11-30;4;3
17;2025-11-30;5;104
17;2025-11-30;6;432
17;2025-11-30;7;853
17;2025-11-30;8;1273
17;2025-11-30;9;1742
17;2025-11-30;10;2039
17;2025-11-30;11;2624
17;2025-11-30;12;2956
17;2025-11-30;13;3197
17;2025-11-30;14;3327
17;2025-11-30;15;3276
17;2025-11-30;16;3190
17;2025-11-30;17;3060
17;2025-11-30;18;2695
17;2025-11-30;19;2156
17;2025-11-30;20;1616
17;2025-11-30;21;1166
17;2025-11-30;22;725
17;2025-11-30;23;328
17;2025-12-01;0;122
17;2025-12-01;1;14
17;2025-12-01;2;0
17;2025-12-01;3;0
17;2025-12-01;4;26
17;2025-12-01;5;319
17;2025-12-01;6;1605
17;2025-12-01;7;4317
17;2025-12-01;8;5578
17;2025-12-01;9;3957
17;2025-12-01;10;3048
17;2025-12-01;11;2977
17;2025-12-01;12;2975
17;2025-12-01;13;3095
17;2025-12-01;14;3104
17;2025-12-01;15;3293
17;2025-12-01;16;3773
17;2025-12-01;17;4413
17;2025-12-01;18;4764
17;2025-12-01;19;3316
17;2025-12-01;20;2276
17;2025-12-01;21;1421
17;2025-12-01;22;676
17;2025-12-01;23;332
17;2025-12-02;0;118
17;2025-12-02;1;11
17;2025-12-02;2;0
17;2025-12-02;3;0
17;2025-12-02;4;26
17;2025-12-02;5;325
17;2025-12-02;6;1565
17;2025-12-02;7;4257
17;2025-12-02;8;5471
17;2025-12-02;9;3931
17;2025-12-02;10;3114
17;2025-12-02;11;3082
17;2025-12-02;12;3096
17;2025-12-02;13;3133
17;2025-12-02;14;3242
17;2025-12-02;15;3353
17;2025-12-02;16;3753
17;2025-12-02;17;4612
17;2025-12-02;18;4922
17;2025-12-02;19;3430
17;2025-12-02;20;2393
17;2025-12-02;21;1490
17;2025-12-02;22;741
17;2025-12-02;23;374
17;2025-12-03;0;119
17;2025-12-03;1;11
17;2025-12-03;2;0
17;2025-12-03;3;0
17;2025-12-03;4;26
17;2025-12-03;5;325
17;2025-12-03;6;1565
17;2025-12-03;7;4253
17;2025-12-03;8;5460
17;2025-12-03;9;3929
17;2025-12-03;10;3122
17;2025-12-03;11;3093
17;2025-12-03;12;3107
17;2025-12-03;13;3143
17;2025-12-03;14;3252
17;2025-12-03;15;3361
17;2025-12-03;16;3756
17;2025-12-03;17;4615
17;2025-12-03;18;4919
17;2025-12-03;19;3430
17;2025-12-03;20;2397
17;2025-12-03;21;1494
17;2025-12-03;22;749
17;2025-12-03;23;385
17;2025-12-04;0;122
17;2025-12-04;1;11
17;2025-12-04;2;0
17;2025-12-04;3;0
17;2025-12-04;4;25
17;2025-12-04;5;324
17;2025-12-04;6;1564
17;2025-12-04;7;4250
17;2025-12-04;8;5460
17;2025-12-04;9;3929
17;2025-12-04;10;3126
17;2025-12-04;11;3097
17;2025-12-04;12;3113
17;2025-12-04;13;3152
17;2025-12-04;14;3260
17;2025-12-04;15;3371
17;2025-12-04;16;3764
17;2025-12-04;17;4614
17;2025-12-04;18;4919
17;2025-12-04;19;3428
17;2025-12-04;20;2397
17;2025-12-04;21;1495
17;2025-12-04;22;751
17;2025-12-04;23;390
17;2025-12-05;0;146
17;2025-12-05;1;17
17;2025-12-05;2;0
17;2025-12-05;3;0
17;2025-12-05;4;24
17;2025-12-05;5;315
17;2025-12-05;6;1535
17;2025-12-05;7;4118
17;2025-12-05;8;5287
17;2025-12-05;9;3809
17;2025-12-05;10;3053
17;2025-12-05;11;3109
17;2025-12-05;12;3062
17;2025-12-05;13;3201
17;2025-12-05;14;3290
17;2025-12-05;15;3528
17;2025-12-05;16;4176
17;2025-12-05;17;4741
17;2025-12-05;18;4424
17;2025-12-05;19;3260
17;2025-12-05;20;2387
17;2025-12-05;21;1572
17;2025-12-05;22;765
17;2025-12-05;23;471
17;2025-12-06;0;204
17;2025-12-06;1;27
17;2025-12-06;2;0
17;2025-12-06;3;0
17;2025-12-06;4;5
17;2025-12-06;5;136
17;2025-12-06;6;605
17;2025-12-06;7;1298
17;2025-12-06;8;1796
17;2025-12-06;9;2285
17;2025-12-06;10;2591
17;2025-12-06;11;3051
17;2025-12-06;12;3373
17;2025-12-06;13;3598
17;2025-12-06;14;3607
17;2025-12-06;15;3638
17;2025-12-06;16;3662
17;2025-12-06;17;3398
17;2025-12-06;18;3150
17;2025-12-06;19;2492
17;2025-12-06;20;1931
17;2025-12-06;21;1367
17;2025-12-06;22;848
17;2025-12-06;23;455
17;2025-12-07;0;185
17;2025-12-07;1;24
17;2025-12-07;2;0
17;2025-12-07;3;0
17;2025-12-07;4;3
17;2025-12-07;5;105
17;2025-12-07;6;433
17;2025-12-07;7;854
17;2025-12-07;8;1275
17;2025-12-07;9;1744
17;2025-12-07;10;2042
17;2025-12-07;11;2628
17;2025-12-07;12;2961
17;2025-12-07;13;3202
17;2025-12-07;14;3328
17;2025-12-07;15;3278
17;2025-12-07;16;3189
17;2025-12-07;17;3060
17;2025-12-07;18;2691
17;2025-12-07;19;2158
17;2025-12-07;20;1617
17;2025-12-07;21;1165
17;2025-12-07;22;727
17;2025-12-07;23;329
17;2025-12-08;0;122
17;2025-12-08;1;14
17;2025-12-08;2;0
17;2025-12-08;3;0
17;2025-12-08;4;26
17;2025-12-08;5;319
17;2025-12-08;6;1605
17;2025-12-08;7;4317
17;2025-12-08;8;5578
17;2025-12-08;9;3961
17;2025-12-08;10;3047
17;2025-12-08;11;2976
17;2025-12-08;12;2975
17;2025-12-08;13;3094
17;2025-12-08;14;3106
17;2025-12-08;15;3293
17;2025-12-08;16;3773
17;2025-12-08;17;4413
17;2025-12-08;18;4764
17;2025-12-08;19;3316
17;2025-12-08;20;2276
17;2025-12-08;21;1421
17;2025-12-08;22;676
17;2025-12-08;23;332
17;2025-12-09;0;118
17;2025-12-09;1;11
17;2025-12-09;2;0
17;2025-12-09;3;0
17;2025-12-09;4;26
17;2025-12-09;5;325
17;2025-12-09;6;1565
17;2025-12-09;7;4256
17;2025-12-09;8;5470
17;2025-12-09;9;3934
17;2025-12-09;10;3114
17;2025-12-09;11;3082
17;2025-12-09;12;3095
17;2025-12-09;13;3132
17;2025-12-09;14;3241
17;2025-12-09;15;3351
17;2025-12-09;16;3750
17;2025-12-09;17;4611
17;2025-12-09;18;4921
17;2025-12-09;19;3431
17;2025-12-09;20;2394
17;2025-12-09;21;1490
17;2025-12-09;22;737
17;2025-12-09;23;373
17;2025-12-10;0;119
17;2025-12-10;1;11
17;2025-12-10;2;0
17;2025-12-10;3;0
17;2025-12-10;4;26
17;2025-12-10;5;332
17;2025-12-10;6;1577
17;2025-12-10;7;4227
17;2025-12-10;8;5445
17;2025-12-10;9;3918
17;2025-12-10;10;3110
17;2025-12-10;11;3081
17;2025-12-10;12;3107
17;2025-12-10;13;3142
17;2025-12-10;14;3251
17;2025-12-10;15;3360
17;2025-12-10;16;3754
17;2025-12-10;17;4613
17;2025-12-10;18;4918
17;2025-12-10;19;3430
17;2025-12-10;20;2397
17;2025-12-10;21;1494
17;2025-12-10;22;749
17;2025-12-10;23;386
17;2025-12-11;0;122
17;2025-12-11;1;11
17;2025-12-11;2;0
17;2025-12-11;3;0
17;2025-12-11;4;25
17;2025-12-11;5;325
17;2025-12-11;6;1564
17;2025-12-11;7;4251
17;2025-12-11;8;5417
17;2025-12-11;9;3877
17;2025-12-11;10;3093
17;2025-12-11;11;3073
17;2025-12-11;12;3090
17;2025-12-11;13;3143
17;2025-12-11;14;3261
17;2025-12-11;15;3345
17;2025-12-11;16;3734
17;2025-12-11;17;4467
17;2025-12-11;18;4770
17;2025-12-11;19;3399
17;2025-12-11;20;2388
17;2025-12-11;21;1484
17;2025-12-11;22;747
17;2025-12-11;23;390
17;2025-12-12;0;146
17;2025-12-12;1;17
17;2025-12-12;2;0
17;2025-12-12;3;0
17;2025-12-12;4;24
17;2025-12-12;5;316
17;2025-12-12;6;1544
17;2025-12-12;7;4121
17;2025-12-12;8;5282
17;2025-12-12;9;3812
17;2025-12-12;10;3039
17;2025-12-12;11;3109
17;2025-12-12;12;3019
17;2025-12-12;13;3145
17;2025-12-12;14;3233
17;2025-12-12;15;3423
17;2025-12-12;16;4078
17;2025-12-12;17;4643
17;2025-12-12;18;4423
17;2025-12-12;19;3261
17;2025-12-12;20;2389
17;2025-12-12;21;1576
17;2025-12-12;22;766
17;2025-12-12;23;470
17;2025-12-13;0;203
17;2025-12-13;1;26
17;2025-12-13;2;0
17;2025-12-13;3;0
17;2025-12-13;4;5
17;2025-12-13;5;129
17;2025-12-13;6;597
17;2025-12-13;7;1308
17;2025-12-13;8;1790
17;2025-12-13;9;2274
17;2025-12-13;10;2574
17;2025-12-13;11;3034
17;2025-12-13;12;3358
17;2025-12-13;13;3585
17;2025-12-13;14;3596
17;2025-12-13;15;3634
17;2025-12-13;16;3660
17;2025-12-13;17;3396
17;2025-12-13;18;3145
17;2025-12-13;19;2488
17;2025-12-13;20;1920
17;2025-12-13;21;1345
17;2025-12-13;22;851
17;2025-12-13;23;450
17;2025-12-14;0;184
17;2025-12-14;1;24
17;2025-12-14;2;0
17;2025-12-14;3;0
17;2025-12-14;4;3
17;2025-12-14;5;90
17;2025-12-14;6;417
17;2025-12-14;7;837
17;2025-12-14;8;1250
17;2025-12-14;9;1734
17;2025-12-14;10;2025
17;2025-12-14;11;2615
17;2025-12-14;12;2961
17;2025-12-14;13;3205
17;2025-12-14;14;3331
17;2025-12-14;15;3283
17;2025-12-14;16;3203
17;2025-12-14;17;3074
17;2025-12-14;18;2697
17;2025-12-14;19;2165
17;2025-12-14;20;1624
17;2025-12-14;21;1174
17;2025-12-14;22;735
17;2025-12-14;23;336
17;2025-12-15;0;122
17;2025-12-15;1;14
17;2025-12-15;2;0
17;2025-12-15;3;0
17;2025-12-15;4;26
17;2025-12-15;5;314
17;2025-12-15;6;1597
17;2025-12-15;7;4308
17;2025-12-15;8;5566
17;2025-12-15;9;3949
17;2025-12-15;10;3042
17;2025-12-15;11;2946
17;2025-12-15;12;2968
17;2025-12-15;13;3087
17;2025-12-15;14;3099
17;2025-12-15;15;3296
17;2025-12-15;16;3765
17;2025-12-15;17;4404
17;2025-12-15;18;4760
17;2025-12-15;19;3318
17;2025-12-15;20;2283
17;2025-12-15;21;1427
17;2025-12-15;22;681
17;2025-12-15;23;338
17;2025-12-16;0;118
17;2025-12-16;1;11
17;2025-12-16;2;0
17;2025-12-16;3;0
17;2025-12-16;4;26
17;2025-12-16;5;331
17;2025-12-16;6;1563
17;2025-12-16;7;4255
17;2025-12-16;8;5466
17;2025-12-16;9;3930
17;2025-12-16;10;3094
17;2025-12-16;11;3053
17;2025-12-16;12;3054
17;2025-12-16;13;3081
17;2025-12-16;14;3230
17;2025-12-16;15;3353
17;2025-12-16;16;3753
17;2025-12-16;17;4612
17;2025-12-16;18;4922
17;2025-12-16;19;3430
17;2025-12-16;20;2393
17;2025-12-16;21;1489
17;2025-12-16;22;740
17;2025-12-16;23;373
17;2025-12-17;0;119
17;2025-12-17;1;11
17;2025-12-17;2;0
17;2025-12-17;3;0
17;2025-12-17;4;25
17;2025-12-17;5;326
17;2025-12-17;6;1565
17;2025-12-17;7;4253
17;2025-12-17;8;5466
17;2025-12-17;9;3930
17;2025-12-17;10;3122
17;2025-12-17;11;3093
17;2025-12-17;12;3107
17;2025-12-17;13;3143
17;2025-12-17;14;3252
17;2025-12-17;15;3361
17;2025-12-17;16;3756
17;2025-12-17;17;4615
17;2025-12-17;18;4919
17;2025-12-17;19;3430
17;2025-12-17;20;2397
17;2025-12-17;21;1494
17;2025-12-17;22;749
17;2025-12-17;23;386
17;2025-12-18;0;122
17;2025-12-18;1;11
17;2025-12-18;2;0
17;2025-12-18;3;0
17;2025-12-18;4;26
17;2025-12-18;5;324
17;2025-12-18;6;1563
17;2025-12-18;7;4250
17;2025-12-18;8;5453
17;2025-12-18;9;3930
17;2025-12-18;10;3126
17;2025-12-18;11;3096
17;2025-12-18;12;3113
17;2025-12-18;13;3150
17;2025-12-18;14;3260
17;2025-12-18;15;3369
17;2025-12-18;16;3763
17;2025-12-18;17;4616
17;2025-12-18;18;4919
17;2025-12-18;19;3428
17;2025-12-18;20;2397
17;2025-12-18;21;1495
17;2025-12-18;22;750
17;2025-12-18;23;388
17;2025-12-19;0;146
17;2025-12-19;1;17
17;2025-12-19;2;0
17;2025-12-19;3;0
17;2025-12-19;4;24
17;2025-12-19;5;315
17;2025-12-19;6;1534
17;2025-12-19;7;4118
17;2025-12-19;8;5281
17;2025-12-19;9;3810
17;2025-12-19;10;3053
17;2025-12-19;11;3109
17;2025-12-19;12;3063
17;2025-12-19;13;3201
17;2025-12-19;14;3291
17;2025-12-19;15;3527
17;2025-12-19;16;4173
17;2025-12-19;17;4707
17;2025-12-19;18;4394
17;2025-12-19;19;3258
17;2025-12-19;20;2385
17;2025-12-19;21;1571
17;2025-12-19;22;764
17;2025-12-19;23;471
17;2025-12-20;0;204
17;2025-12-20;1;27
17;2025-12-20;2;0
17;2025-12-20;3;0
17;2025-12-20;4;5
17;2025-12-20;5;134
17;2025-12-20;6;605
17;2025-12-20;7;1298
17;2025-12-20;8;1796
17;2025-12-20;9;2285
17;2025-12-20;10;2589
17;2025-12-20;11;3050
17;2025-12-20;12;3374
17;2025-12-20;13;3597
17;2025-12-20;14;3606
17;2025-12-20;15;3635
17;2025-12-20;16;3660
17;2025-12-20;17;3397
17;2025-12-20;18;3146
17;2025-12-20;19;2490
17;2025-12-20;20;1931
17;2025-12-20;21;1364
17;2025-12-20;22;849
17;2025-12-20;23;454
17;2025-12-21;0;184
17;2025-12-21;1;24
17;2025-12-21;2;0
17;2025-12-21;3;0
17;2025-12-21;4;3
17;2025-12-21;5;104
17;2025-12-21;6;424
17;2025-12-21;7;850
17;2025-12-21;8;1275
17;2025-12-21;9;1744
17;2025-12-21;10;2042
17;2025-12-21;11;2628
17;2025-12-21;12;2961
17;2025-12-21;13;3201
17;2025-12-21;14;3326
17;2025-12-21;15;3275
17;2025-12-21;16;3189
17;2025-12-21;17;3060
17;2025-12-21;18;2691
17;2025-12-21;19;2158
17;2025-12-21;20;1617
17;2025-12-21;21;1165
17;2025-12-21;22;721
17;2025-12-21;23;329
17;2025-12-22;0;122
17;2025-12-22;1;13
17;2025-12-22;2;0
17;2025-12-22;3;0
17;2025-12-22;4;26
17;2025-12-22;5;319
17;2025-12-22;6;1605
17;2025-12-22;7;4317
17;2025-12-22;8;5584
17;2025-12-22;9;3948
17;2025-12-22;10;3030
17;2025-12-22;11;2960
17;2025-12-22;12;2960
17;2025-12-22;13;3095
17;2025-12-22;14;3106
17;2025-12-22;15;3268
17;2025-12-22;16;3771
17;2025-12-22;17;4408
17;2025-12-22;18;4718
17;2025-12-22;19;3315
17;2025-12-22;20;2276
17;2025-12-22;21;1421
17;2025-12-22;22;672
17;2025-12-22;23;332
17;2025-12-23;0;118
17;2025-12-23;1;11
17;2025-12-23;2;0
17;2025-12-23;3;0
17;2025-12-23;4;26
17;2025-12-23;5;327
17;2025-12-23;6;1569
17;2025-12-23;7;4262
17;2025-12-23;8;5474
17;2025-12-23;9;3937
17;2025-12-23;10;3108
17;2025-12-23;11;3078
17;2025-12-23;12;3091
17;2025-12-23;13;3129
17;2025-12-23;14;3237
17;2025-12-23;15;3348
17;2025-12-23;16;3746
17;2025-12-23;17;4605
17;2025-12-23;18;4911
17;2025-12-23;19;3432
17;2025-12-23;20;2394
17;2025-12-23;21;1490
17;2025-12-23;22;741
17;2025-12-23;23;372
17;2025-12-24;0;119
17;2025-12-24;1;11
17;2025-12-24;2;0
17;2025-12-24;3;0
17;2025-12-24;4;25
17;2025-12-24;5;324
17;2025-12-24;6;1563
17;2025-12-24;7;4251
17;2025-12-24;8;5455
17;2025-12-24;9;3928
17;2025-12-24;10;3117
17;2025-12-24;11;3089
17;2025-12-24;12;3076
17;2025-12-24;13;3123
17;2025-12-24;14;3250
17;2025-12-24;15;3324
17;2025-12-24;16;3750
17;2025-12-24;17;4608
17;2025-12-24;18;4870
17;2025-12-24;19;3431
17;2025-12-24;20;2399
17;2025-12-24;21;1490
17;2025-12-24;22;745
17;2025-12-24;23;381
17;2025-12-25;0;122
17;2025-12-25;1;11
17;2025-12-25;2;0
17;2025-12-25;3;0
17;2025-12-25;4;26
17;2025-12-25;5;326
17;2025-12-25;6;1569
17;2025-12-25;7;4251
17;2025-12-25;8;5452
17;2025-12-25;9;3929
17;2025-12-25;10;3123
17;2025-12-25;11;3090
17;2025-12-25;12;3109
17;2025-12-25;13;3147
17;2025-12-25;14;3256
17;2025-12-25;15;3369
17;2025-12-25;16;3766
17;2025-12-25;17;4508
17;2025-12-25;18;4760
17;2025-12-25;19;3401
17;2025-12-25;20;2391
17;2025-12-25;21;1489
17;2025-12-25;22;742
17;2025-12-25;23;380
17;2025-12-26;0;144
17;2025-12-26;1;16
17;2025-12-26;2;0
17;2025-12-26;3;0
17;2025-12-26;4;24
17;2025-12-26;5;312
17;2025-12-26;6;1542
17;2025-12-26;7;4073
17;2025-12-26;8;5263
17;2025-12-26;9;3744
17;2025-12-26;10;2997
17;2025-12-26;11;3042
17;2025-12-26;12;2992
17;2025-12-26;13;3190
17;2025-12-26;14;3277
17;2025-12-26;15;3499
17;2025-12-26;16;4147
17;2025-12-26;17;4645
17;2025-12-26;18;4336
17;2025-12-26;19;3238
17;2025-12-26;20;2382
17;2025-12-26;21;1568
17;2025-12-26;22;761
17;2025-12-26;23;472
17;2025-12-27;0;204
17;2025-12-27;1;27
17;2025-12-27;2;0
17;2025-12-27;3;0
17;2025-12-27;4;5
17;2025-12-27;5;136
17;2025-12-27;6;605
17;2025-12-27;7;1298
17;2025-12-27;8;1796
17;2025-12-27;9;2276
17;2025-12-27;10;2591
17;2025-12-27;11;3053
17;2025-12-27;12;3370
17;2025-12-27;13;3594
17;2025-12-27;14;3602
17;2025-12-27;15;3629
17;2025-12-27;16;3653
17;2025-12-27;17;3401
17;2025-12-27;18;3145
17;2025-12-27;19;2495
17;2025-12-27;20;1935
17;2025-12-27;21;1354
17;2025-12-27;22;829
17;2025-12-27;23;452
17;2025-12-28;0;183
17;2025-12-28;1;24
17;2025-12-28;2;0
17;2025-12-28;3;0
17;2025-12-28;4;3
17;2025-12-28;5;98
17;2025-12-28;6;428
17;2025-12-28;7;815
17;2025-12-28;8;1235
17;2025-12-28;9;1657
17;2025-12-28;10;1992
17;2025-12-28;11;2484
17;2025-12-28;12;2866
17;2025-12-28;13;3084
17;2025-12-28;14;3208
17;2025-12-28;15;3156
17;2025-12-28;16;3195
17;2025-12-28;17;3065
17;2025-12-28;18;2691
17;2025-12-28;19;2156
17;2025-12-28;20;1606
17;2025-12-28;21;1155
17;2025-12-28;22;723
17;2025-12-28;23;332
17;2025-12-29;0;109
17;2025-12-29;1;12
17;2025-12-29;2;0
17;2025-12-29;3;0
17;2025-12-29;4;23
17;2025-12-29;5;283
17;2025-12-29;6;1432
17;2025-12-29;7;3846
17;2025-12-29;8;4951
17;2025-12-29;9;3512
17;2025-12-29;10;2704
17;2025-12-29;11;2642
17;2025-12-29;12;2640
17;2025-12-29;13;2751
17;2025-12-29;14;2761
17;2025-12-29;15;2916
17;2025-12-29;16;3357
17;2025-12-29;17;3920
17;2025-12-29;18;4163
17;2025-12-29;19;2953
17;2025-12-29;20;2042
17;2025-12-29;21;1274
17;2025-12-29;22;608
17;2025-12-29;23;296
17;2025-12-30;0;105
17;2025-12-30;1;10
17;2025-12-30;2;0
17;2025-12-30;3;0
17;2025-12-30;4;23
17;2025-12-30;5;287
17;2025-12-30;6;1398
17;2025-12-30;7;3780
17;2025-12-30;8;4842
17;2025-12-30;9;3460
17;2025-12-30;10;2742
17;2025-12-30;11;2703
17;2025-12-30;12;2722
17;2025-12-30;13;2761
17;2025-12-30;14;2872
17;2025-12-30;15;2966
17;2025-12-30;16;3329
17;2025-12-30;17;4016
17;2025-12-30;18;4363
17;2025-12-30;19;3043
17;2025-12-30;20;2133
17;2025-12-30;21;1326
17;2025-12-30;22;663
17;2025-12-30;23;329
17;2025-12-31;0;155
17;2025-12-31;1;21
17;2025-12-31;2;0
17;2025-12-31;3;0
17;2025-12-31;4;3
17;2025-12-31;5;65
17;2025-12-31;6;345
17;2025-12-31;7;699
17;2025-12-31;8;1083
17;2025-12-31;9;1405
17;2025-12-31;10;1648
17;2025-12-31;11;2134
17;2025-12-31;12;2499
17;2025-12-31;13;2614
17;2025-12-31;14;2719
17;2025-12-31;15;2686
17;2025-12-31;16;2737
17;2025-12-31;17;2659
17;2025-12-31;18;2282
17;2025-12-31;19;1844
17;2025-12-31;20;1429
17;2025-12-31;21;1014
17;2025-12-31;22;624
17;2025-12-31;23;264
25;2025-11-01;0;1
25;2025-11-01;1;0
25;2025-11-01;2;0
25;2025-11-01;3;0
25;2025-11-01;4;0
25;2025-11-01;5;13
25;2025-11-01;6;230
25;2025-11-01;7;560
25;2025-11-01;8;863
25;2025-11-01;9;446
25;2025-11-01;10;390
25;2025-11-01;11;446
25;2025-11-01;12;429
25;2025-11-01;13;531
25;2025-11-01;14;477
25;2025-11-01;15;609
25;2025-11-01;16;780
25;2025-11-01;17;776
25;2025-11-01;18;689
25;2025-11-01;19;575
25;2025-11-01;20;326
25;2025-11-01;21;221
25;2025-11-01;22;109
25;2025-11-01;23;15
25;2025-11-02;0;12
25;2025-11-02;1;0
25;2025-11-02;2;0
25;2025-11-02;3;0
25;2025-11-02;4;0
25;2025-11-02;5;7
25;2025-11-02;6;86
25;2025-11-02;7;102
25;2025-11-02;8;195
25;2025-11-02;9;240
25;2025-11-02;10;240
25;2025-11-02;11;328
25;2025-11-02;12;395
25;2025-11-02;13;499
25;2025-11-02;14;573
25;2025-11-02;15;646
25;2025-11-02;16;559
25;2025-11-02;17;543
25;2025-11-02;18;457
25;2025-11-02;19;331
25;2025-11-02;20;252
25;2025-11-02;21;167
25;2025-11-02;22;105
25;2025-11-02;23;35
25;2025-11-03;0;11
25;2025-11-03;1;0
25;2025-11-03;2;0
25;2025-11-03;3;0
25;2025-11-03;4;0
25;2025-11-03;5;9
25;2025-11-03;6;88
25;2025-11-03;7;106
25;2025-11-03;8;190
25;2025-11-03;9;221
25;2025-11-03;10;216
25;2025-11-03;11;288
25;2025-11-03;12;353
25;2025-11-03;13;464
25;2025-11-03;14;520
25;2025-11-03;15;595
25;2025-11-03;16;536
25;2025-11-03;17;523
25;2025-11-03;18;446
25;2025-11-03;19;344
25;2025-11-03;20;272
25;2025-11-03;21;181
25;2025-11-03;22;115
25;2025-11-03;23;45
25;2025-11-04;0;11
25;2025-11-04;1;0
25;2025-11-04;2;0
25;2025-11-04;3;0
25;2025-11-04;4;0
25;2025-11-04;5;6
25;2025-11-04;6;84
25;2025-11-04;7;101
25;2025-11-04;8;195
25;2025-11-04;9;217
25;2025-11-04;10;209
25;2025-11-04;11;288
25;2025-11-04;12;345
25;2025-11-04;13;461
25;2025-11-04;14;550
25;2025-11-04;15;628
25;2025-11-04;16;542
25;2025-11-04;17;528
25;2025-11-04;18;453
25;2025-11-04;19;343
25;2025-11-04;20;270
25;2025-11-04;21;182
25;2025-11-04;22;114
25;2025-11-04;23;43
25;2025-11-05;0;1
25;2025-11-05;1;0
25;2025-11-05;2;0
25;2025-11-05;3;0
25;2025-11-05;4;0
25;2025-11-05;5;16
25;2025-11-05;6;246
25;2025-11-05;7;560
25;2025-11-05;8;940
25;2025-11-05;9;484
25;2025-11-05;10;401
25;2025-11-05;11;458
25;2025-11-05;12;451
25;2025-11-05;13;552
25;2025-11-05;14;513
25;2025-11-05;15;619
25;2025-11-05;16;718
25;2025-11-05;17;820
25;2025-11-05;18;821
25;2025-11-05;19;606
25;2025-11-05;20;347
25;2025-11-05;21;235
25;2025-11-05;22;101
25;2025-11-05;23;6
25;2025-11-06;0;1
25;2025-11-06;1;0
25;2025-11-06;2;0
25;2025-11-06;3;0
25;2025-11-06;4;0
25;2025-11-06;5;16
25;2025-11-06;6;247
25;2025-11-06;7;561
25;2025-11-06;8;943
25;2025-11-06;9;485
25;2025-11-06;10;403
25;2025-11-06;11;453
25;2025-11-06;12;452
25;2025-11-06;13;552
25;2025-11-06;14;512
25;2025-11-06;15;618
25;2025-11-06;16;719
25;2025-11-06;17;823
25;2025-11-06;18;821
25;2025-11-06;19;607
25;2025-11-06;20;349
25;2025-11-06;21;238
25;2025-11-06;22;103
25;2025-11-06;23;8
25;2025-11-07;0;1
25;2025-11-07;1;0
25;2025-11-07;2;0
25;2025-11-07;3;0
25;2025-11-07;4;0
25;2025-11-07;5;17
25;2025-11-07;6;260
25;2025-11-07;7;622
25;2025-11-07;8;960
25;2025-11-07;9;491
25;2025-11-07;10;427
25;2025-11-07;11;494
25;2025-11-07;12;474
25;2025-11-07;13;589
25;2025-11-07;14;529
25;2025-11-07;15;679
25;2025-11-07;16;869
25;2025-11-07;17;863
25;2025-11-07;18;769
25;2025-11-07;19;640
25;2025-11-07;20;363
25;2025-11-07;21;244
25;2025-11-07;22;122
25;2025-11-07;23;14
25;2025-11-08;0;1
25;2025-11-08;1;0
25;2025-11-08;2;0
25;2025-11-08;3;0
25;2025-11-08;4;0
25;2025-11-08;5;15
25;2025-11-08;6;117
25;2025-11-08;7;151
25;2025-11-08;8;328
25;2025-11-08;9;288
25;2025-11-08;10;315
25;2025-11-08;11;401
25;2025-11-08;12;432
25;2025-11-08;13;658
25;2025-11-08;14;667
25;2025-11-08;15;763
25;2025-11-08;16;695
25;2025-11-08;17;603
25;2025-11-08;18;548
25;2025-11-08;19;468
25;2025-11-08;20;280
25;2025-11-08;21;211
25;2025-11-08;22;128
25;2025-11-08;23;47
25;2025-11-09;0;12
25;2025-11-09;1;0
25;2025-11-09;2;0
25;2025-11-09;3;0
25;2025-11-09;4;0
25;2025-11-09;5;6
25;2025-11-09;6;85
25;2025-11-09;7;104
25;2025-11-09;8;203
25;2025-11-09;9;240
25;2025-11-09;10;238
25;2025-11-09;11;326
25;2025-11-09;12;398
25;2025-11-09;13;519
25;2025-11-09;14;571
25;2025-11-09;15;644
25;2025-11-09;16;559
25;2025-11-09;17;544
25;2025-11-09;18;459
25;2025-11-09;19;323
25;2025-11-09;20;251
25;2025-11-09;21;166
25;2025-11-09;22;103
25;2025-11-09;23;36
25;2025-11-10;0;7
25;2025-11-10;1;0
25;2025-11-10;2;0
25;2025-11-10;3;0
25;2025-11-10;4;0
25;2025-11-10;5;20
25;2025-11-10;6;239
25;2025-11-10;7;555
25;2025-11-10;8;1013
25;2025-11-10;9;530
25;2025-11-10;10;356
25;2025-11-10;11;408
25;2025-11-10;12;410
25;2025-11-10;13;537
25;2025-11-10;14;482
25;2025-11-10;15;528
25;2025-11-10;16;684
25;2025-11-10;17;755
25;2025-11-10;18;776
25;2025-11-10;19;564
25;2025-11-10;20;319
25;2025-11-10;21;199
25;2025-11-10;22;93
25;2025-11-10;23;5
25;2025-11-11;0;1
25;2025-11-11;1;0
25;2025-11-11;2;0
25;2025-11-11;3;0
25;2025-11-11;4;0
25;2025-11-11;5;16
25;2025-11-11;6;246
25;2025-11-11;7;558
25;2025-11-11;8;939
25;2025-11-11;9;474
25;2025-11-11;10;389
25;2025-11-11;11;453
25;2025-11-11;12;448
25;2025-11-11;13;546
25;2025-11-11;14;504
25;2025-11-11;15;611
25;2025-11-11;16;712
25;2025-11-11;17;813
25;2025-11-11;18;818
25;2025-11-11;19;595
25;2025-11-11;20;341
25;2025-11-11;21;231
25;2025-11-11;22;100
25;2025-11-11;23;5
25;2025-11-12;0;1
25;2025-11-12;1;0
25;2025-11-12;2;0
25;2025-11-12;3;0
25;2025-11-12;4;0
25;2025-11-12;5;15
25;2025-11-12;6;245
25;2025-11-12;7;557
25;2025-11-12;8;938
25;2025-11-12;9;474
25;2025-11-12;10;387
25;2025-11-12;11;442
25;2025-11-12;12;445
25;2025-11-12;13;541
25;2025-11-12;14;504
25;2025-11-12;15;612
25;2025-11-12;16;713
25;2025-11-12;17;816
25;2025-11-12;18;817
25;2025-11-12;19;596
25;2025-11-12;20;342
25;2025-11-12;21;233
25;2025-11-12;22;99
25;2025-11-12;23;5
25;2025-11-13;0;1
25;2025-11-13;1;0
25;2025-11-13;2;0
25;2025-11-13;3;0
25;2025-11-13;4;0
25;2025-11-13;5;16
25;2025-11-13;6;246
25;2025-11-13;7;558
25;2025-11-13;8;941
25;2025-11-13;9;485
25;2025-11-13;10;401
25;2025-11-13;11;456
25;2025-11-13;12;450
25;2025-11-13;13;550
25;2025-11-13;14;507
25;2025-11-13;15;616
25;2025-11-13;16;717
25;2025-11-13;17;819
25;2025-11-13;18;820
25;2025-11-13;19;605
25;2025-11-13;20;347
25;2025-11-13;21;236
25;2025-11-13;22;102
25;2025-11-13;23;7
25;2025-11-14;0;1
25;2025-11-14;1;0
25;2025-11-14;2;0
25;2025-11-14;3;0
25;2025-11-14;4;0
25;2025-11-14;5;15
25;2025-11-14;6;259
25;2025-11-14;7;620
25;2025-11-14;8;956
25;2025-11-14;9;491
25;2025-11-14;10;431
25;2025-11-14;11;494
25;2025-11-14;12;474
25;2025-11-14;13;587
25;2025-11-14;14;526
25;2025-11-14;15;676
25;2025-11-14;16;866
25;2025-11-14;17;860
25;2025-11-14;18;761
25;2025-11-14;19;639
25;2025-11-14;20;359
25;2025-11-14;21;241
25;2025-11-14;22;120
25;2025-11-14;23;15
25;2025-11-15;0;1
25;2025-11-15;1;0
25;2025-11-15;2;0
25;2025-11-15;3;0
25;2025-11-15;4;0
25;2025-11-15;5;17
25;2025-11-15;6;112
25;2025-11-15;7;147
25;2025-11-15;8;327
25;2025-11-15;9;276
25;2025-11-15;10;289
25;2025-11-15;11;371
25;2025-11-15;12;402
25;2025-11-15;13;610
25;2025-11-15;14;635
25;2025-11-15;15;730
25;2025-11-15;16;661
25;2025-11-15;17;567
25;2025-11-15;18;505
25;2025-11-15;19;433
25;2025-11-15;20;264
25;2025-11-15;21;200
25;2025-11-15;22;122
25;2025-11-15;23;47
25;2025-11-16;0;12
25;2025-11-16;1;0
25;2025-11-16;2;0
25;2025-11-16;3;0
25;2025-11-16;4;0
25;2025-11-16;5;6
25;2025-11-16;6;84
25;2025-11-16;7;97
25;2025-11-16;8;176
25;2025-11-16;9;221
25;2025-11-16;10;221
25;2025-11-16;11;303
25;2025-11-16;12;367
25;2025-11-16;13;476
25;2025-11-16;14;530
25;2025-11-16;15;599
25;2025-11-16;16;521
25;2025-11-16;17;505
25;2025-11-16;18;415
25;2025-11-16;19;299
25;2025-11-16;20;235
25;2025-11-16;21;156
25;2025-11-16;22;99
25;2025-11-16;23;38
25;2025-11-17;0;7
25;2025-11-17;1;0
25;2025-11-17;2;0
25;2025-11-17;3;0
25;2025-11-17;4;0
25;2025-11-17;5;19
25;2025-11-17;6;239
25;2025-11-17;7;553
25;2025-11-17;8;1010
25;2025-11-17;9;525
25;2025-11-17;10;361
25;2025-11-17;11;411
25;2025-11-17;12;414
25;2025-11-17;13;530
25;2025-11-17;14;474
25;2025-11-17;15;520
25;2025-11-17;16;677
25;2025-11-17;17;749
25;2025-11-17;18;771
25;2025-11-17;19;559
25;2025-11-17;20;317
25;2025-11-17;21;199
25;2025-11-17;22;93
25;2025-11-17;23;5
25;2025-11-18;0;1
25;2025-11-18;1;0
25;2025-11-18;2;0
25;2025-11-18;3;0
25;2025-11-18;4;0
25;2025-11-18;5;14
25;2025-11-18;6;250
25;2025-11-18;7;564
25;2025-11-18;8;956
25;2025-11-18;9;479
25;2025-11-18;10;383
25;2025-11-18;11;446
25;2025-11-18;12;442
25;2025-11-18;13;538
25;2025-11-18;14;500
25;2025-11-18;15;609
25;2025-11-18;16;714
25;2025-11-18;17;805
25;2025-11-18;18;801
25;2025-11-18;19;587
25;2025-11-18;20;333
25;2025-11-18;21;227
25;2025-11-18;22;97
25;2025-11-18;23;5
25;2025-11-19;0;1
25;2025-11-19;1;0
25;2025-11-19;2;0
25;2025-11-19;3;0
25;2025-11-19;4;0
25;2025-11-19;5;15
25;2025-11-19;6;245
25;2025-11-19;7;557
25;2025-11-19;8;940
25;2025-11-19;9;474
25;2025-11-19;10;386
25;2025-11-19;11;439
25;2025-11-19;12;432
25;2025-11-19;13;527
25;2025-11-19;14;485
25;2025-11-19;15;594
25;2025-11-19;16;696
25;2025-11-19;17;798
25;2025-11-19;18;803
25;2025-11-19;19;589
25;2025-11-19;20;337
25;2025-11-19;21;229
25;2025-11-19;22;98
25;2025-11-19;23;5
25;2025-11-20;0;1
25;2025-11-20;1;0
25;2025-11-20;2;0
25;2025-11-20;3;0
25;2025-11-20;4;0
25;2025-11-20;5;14
25;2025-11-20;6;244
25;2025-11-20;7;556
25;2025-11-20;8;936
25;2025-11-20;9;473
25;2025-11-20;10;385
25;2025-11-20;11;438
25;2025-11-20;12;431
25;2025-11-20;13;526
25;2025-11-20;14;485
25;2025-11-20;15;594
25;2025-11-20;16;696
25;2025-11-20;17;798
25;2025-11-20;18;803
25;2025-11-20;19;585
25;2025-11-20;20;336
25;2025-11-20;21;228
25;2025-11-20;22;98
25;2025-11-20;23;6
25;2025-11-21;0;1
25;2025-11-21;1;0
25;2025-11-21;2;0
25;2025-11-21;3;0
25;2025-11-21;4;0
25;2025-11-21;5;20
25;2025-11-21;6;261
25;2025-11-21;7;615
25;2025-11-21;8;949
25;2025-11-21;9;477
25;2025-11-21;10;414
25;2025-11-21;11;477
25;2025-11-21;12;447
25;2025-11-21;13;563
25;2025-11-21;14;503
25;2025-11-21;15;653
25;2025-11-21;16;845
25;2025-11-21;17;840
25;2025-11-21;18;744
25;2025-11-21;19;622
25;2025-11-21;20;350
25;2025-11-21;21;236
25;2025-11-21;22;118
25;2025-11-21;23;15
25;2025-11-22;0;1
25;2025-11-22;1;0
25;2025-11-22;2;0
25;2025-11-22;3;0
25;2025-11-22;4;0
25;2025-11-22;5;17
25;2025-11-22;6;116
25;2025-11-22;7;147
25;2025-11-22;8;323
25;2025-11-22;9;273
25;2025-11-22;10;302
25;2025-11-22;11;386
25;2025-11-22;12;416
25;2025-11-22;13;630
25;2025-11-22;14;635
25;2025-11-22;15;731
25;2025-11-22;16;661
25;2025-11-22;17;568
25;2025-11-22;18;508
25;2025-11-22;19;434
25;2025-11-22;20;265
25;2025-11-22;21;198
25;2025-11-22;22;119
25;2025-11-22;23;46
25;2025-11-23;0;12
25;2025-11-23;1;0
25;2025-11-23;2;0
25;2025-11-23;3;0
25;2025-11-23;4;0
25;2025-11-23;5;6
25;2025-11-23;6;85
25;2025-11-23;7;98
25;2025-11-23;8;191
25;2025-11-23;9;224
25;2025-11-23;10;224
25;2025-11-23;11;305
25;2025-11-23;12;372
25;2025-11-23;13;482
25;2025-11-23;14;533
25;2025-11-23;15;605
25;2025-11-23;16;519
25;2025-11-23;17;502
25;2025-11-23;18;412
25;2025-11-23;19;299
25;2025-11-23;20;237
25;2025-11-23;21;156
25;2025-11-23;22;99
25;2025-11-23;23;36
25;2025-11-24;0;7
25;2025-11-24;1;0
25;2025-11-24;2;0
25;2025-11-24;3;0
25;2025-11-24;4;0
25;2025-11-24;5;19
25;2025-11-24;6;240
25;2025-11-24;7;558
25;2025-11-24;8;1011
25;2025-11-24;9;531
25;2025-11-24;10;356
25;2025-11-24;11;413
25;2025-11-24;12;420
25;2025-11-24;13;549
25;2025-11-24;14;486
25;2025-11-24;15;535
25;2025-11-24;16;691
25;2025-11-24;17;752
25;2025-11-24;18;771
25;2025-11-24;19;562
25;2025-11-24;20;316
25;2025-11-24;21;196
25;2025-11-24;22;92
25;2025-11-24;23;5
25;2025-11-25;0;1
25;2025-11-25;1;0
25;2025-11-25;2;0
25;2025-11-25;3;0
25;2025-11-25;4;0
25;2025-11-25;5;15
25;2025-11-25;6;246
25;2025-11-25;7;558
25;2025-11-25;8;939
25;2025-11-25;9;474
25;2025-11-25;10;385
25;2025-11-25;11;439
25;2025-11-25;12;431
25;2025-11-25;13;525
25;2025-11-25;14;482
25;2025-11-25;15;592
25;2025-11-25;16;694
25;2025-11-25;17;797
25;2025-11-25;18;803
25;2025-11-25;19;588
25;2025-11-25;20;336
25;2025-11-25;21;228
25;2025-11-25;22;97
25;2025-11-25;23;5
25;2025-11-26;0;1
25;2025-11-26;1;0
25;2025-11-26;2;0
25;2025-11-26;3;0
25;2025-11-26;4;0
25;2025-11-26;5;18
25;2025-11-26;6;250
25;2025-11-26;7;565
25;2025-11-26;8;965
25;2025-11-26;9;477
25;2025-11-26;10;382
25;2025-11-26;11;440
25;2025-11-26;12;431
25;2025-11-26;13;527
25;2025-11-26;14;483
25;2025-11-26;15;594
25;2025-11-26;16;687
25;2025-11-26;17;792
25;2025-11-26;18;801
25;2025-11-26;19;587
25;2025-11-26;20;334
25;2025-11-26;21;226
25;2025-11-26;22;95
25;2025-11-26;23;4
25;2025-11-27;0;1
25;2025-11-27;1;0
25;2025-11-27;2;0
25;2025-11-27;3;0
25;2025-11-27;4;0
25;2025-11-27;5;16
25;2025-11-27;6;246
25;2025-11-27;7;558
25;2025-11-27;8;937
25;2025-11-27;9;484
25;2025-11-27;10;400
25;2025-11-27;11;450
25;2025-11-27;12;444
25;2025-11-27;13;541
25;2025-11-27;14;501
25;2025-11-27;15;615
25;2025-11-27;16;716
25;2025-11-27;17;815
25;2025-11-27;18;814
25;2025-11-27;19;601
25;2025-11-27;20;343
25;2025-11-27;21;233
25;2025-11-27;22;101
25;2025-11-27;23;7
25;2025-11-28;0;1
25;2025-11-28;1;0
25;2025-11-28;2;0
25;2025-11-28;3;0
25;2025-11-28;4;0
25;2025-11-28;5;17
25;2025-11-28;6;259
25;2025-11-28;7;619
25;2025-11-28;8;948
25;2025-11-28;9;478
25;2025-11-28;10;412
25;2025-11-28;11;474
25;2025-11-28;12;452
25;2025-11-28;13;564
25;2025-11-28;14;504
25;2025-11-28;15;658
25;2025-11-28;16;846
25;2025-11-28;17;840
25;2025-11-28;18;742
25;2025-11-28;19;620
25;2025-11-28;20;348
25;2025-11-28;21;234
25;2025-11-28;22;117
25;2025-11-28;23;14
25;2025-11-29;0;1
25;2025-11-29;1;0
25;2025-11-29;2;0
25;2025-11-29;3;0
25;2025-11-29;4;0
25;2025-11-29;5;14
25;2025-11-29;6;116
25;2025-11-29;7;145
25;2025-11-29;8;315
25;2025-11-29;9;273
25;2025-11-29;10;303
25;2025-11-29;11;387
25;2025-11-29;12;416
25;2025-11-29;13;630
25;2025-11-29;14;635
25;2025-11-29;15;730
25;2025-11-29;16;661
25;2025-11-29;17;567
25;2025-11-29;18;505
25;2025-11-29;19;434
25;2025-11-29;20;266
25;2025-11-29;21;201
25;2025-11-29;22;122
25;2025-11-29;23;47
25;2025-11-30;0;12
25;2025-11-30;1;0
25;2025-11-30;2;0
25;2025-11-30;3;0
25;2025-11-30;4;0
25;2025-11-30;5;7
25;2025-11-30;6;85
25;2025-11-30;7;99
25;2025-11-30;8;191
25;2025-11-30;9;224
25;2025-11-30;10;224
25;2025-11-30;11;305
25;2025-11-30;12;372
25;2025-11-30;13;482
25;2025-11-30;14;534
25;2025-11-30;15;607
25;2025-11-30;16;523
25;2025-11-30;17;508
25;2025-11-30;18;425
25;2025-11-30;19;306
25;2025-11-30;20;242
25;2025-11-30;21;164
25;2025-11-30;22;102
25;2025-11-30;23;37
25;2025-12-01;0;7
25;2025-12-01;1;0
25;2025-12-01;2;0
25;2025-12-01;3;0
25;2025-12-01;4;0
25;2025-12-01;5;18
25;2025-12-01;6;240
25;2025-12-01;7;559
25;2025-12-01;8;1022
25;2025-12-01;9;534
25;2025-12-01;10;360
25;2025-12-01;11;414
25;2025-12-01;12;417
25;2025-12-01;13;541
25;2025-12-01;14;478
25;2025-12-01;15;527
25;2025-12-01;16;686
25;2025-12-01;17;758
25;2025-12-01;18;781
25;2025-12-01;19;566
25;2025-12-01;20;319
25;2025-12-01;21;197
25;2025-12-01;22;92
25;2025-12-01;23;5
25;2025-12-02;0;1
25;2025-12-02;1;0
25;2025-12-02;2;0
25;2025-12-02;3;0
25;2025-12-02;4;0
25;2025-12-02;5;15
25;2025-12-02;6;247
25;2025-12-02;7;564
25;2025-12-02;8;949
25;2025-12-02;9;479
25;2025-12-02;10;389
25;2025-12-02;11;442
25;2025-12-02;12;435
25;2025-12-02;13;530
25;2025-12-02;14;488
25;2025-12-02;15;597
25;2025-12-02;16;701
25;2025-12-02;17;805
25;2025-12-02;18;811
25;2025-12-02;19;593
25;2025-12-02;20;339
25;2025-12-02;21;230
25;2025-12-02;22;98
25;2025-12-02;23;5
25;2025-12-03;0;1
25;2025-12-03;1;0
25;2025-12-03;2;0
25;2025-12-03;3;0
25;2025-12-03;4;0
25;2025-12-03;5;15
25;2025-12-03;6;247
25;2025-12-03;7;563
25;2025-12-03;8;950
25;2025-12-03;9;479
25;2025-12-03;10;388
25;2025-12-03;11;442
25;2025-12-03;12;436
25;2025-12-03;13;532
25;2025-12-03;14;489
25;2025-12-03;15;599
25;2025-12-03;16;703
25;2025-12-03;17;806
25;2025-12-03;18;812
25;2025-12-03;19;593
25;2025-12-03;20;340
25;2025-12-03;21;231
25;2025-12-03;22;98
25;2025-12-03;23;5
25;2025-12-04;0;1
25;2025-12-04;1;0
25;2025-12-04;2;0
25;2025-12-04;3;0
25;2025-12-04;4;0
25;2025-12-04;5;14
25;2025-12-04;6;245
25;2025-12-04;7;561
25;2025-12-04;8;948
25;2025-12-04;9;477
25;2025-12-04;10;387
25;2025-12-04;11;442
25;2025-12-04;12;436
25;2025-12-04;13;533
25;2025-12-04;14;492
25;2025-12-04;15;602
25;2025-12-04;16;705
25;2025-12-04;17;808
25;2025-12-04;18;814
25;2025-12-04;19;595
25;2025-12-04;20;340
25;2025-12-04;21;234
25;2025-12-04;22;101
25;2025-12-04;23;6
25;2025-12-05;0;1
25;2025-12-05;1;0
25;2025-12-05;2;0
25;2025-12-05;3;0
25;2025-12-05;4;0
25;2025-12-05;5;14
25;2025-12-05;6;258
25;2025-12-05;7;620
25;2025-12-05;8;958
25;2025-12-05;9;482
25;2025-12-05;10;417
25;2025-12-05;11;480
25;2025-12-05;12;459
25;2025-12-05;13;569
25;2025-12-05;14;508
25;2025-12-05;15;660
25;2025-12-05;16;853
25;2025-12-05;17;848
25;2025-12-05;18;749
25;2025-12-05;19;625
25;2025-12-05;20;351
25;2025-12-05;21;236
25;2025-12-05;22;119
25;2025-12-05;23;14
25;2025-12-06;0;1
25;2025-12-06;1;0
25;2025-12-06;2;0
25;2025-12-06;3;0
25;2025-12-06;4;0
25;2025-12-06;5;14
25;2025-12-06;6;118
25;2025-12-06;7;151
25;2025-12-06;8;328
25;2025-12-06;9;285
25;2025-12-06;10;316
25;2025-12-06;11;401
25;2025-12-06;12;442
25;2025-12-06;13;663
25;2025-12-06;14;668
25;2025-12-06;15;763
25;2025-12-06;16;693
25;2025-12-06;17;593
25;2025-12-06;18;535
25;2025-12-06;19;451
25;2025-12-06;20;278
25;2025-12-06;21;215
25;2025-12-06;22;129
25;2025-12-06;23;49
25;2025-12-07;0;13
25;2025-12-07;1;0
25;2025-12-07;2;0
25;2025-12-07;3;0
25;2025-12-07;4;0
25;2025-12-07;5;7
25;2025-12-07;6;88
25;2025-12-07;7;103
25;2025-12-07;8;198
25;2025-12-07;9;233
25;2025-12-07;10;234
25;2025-12-07;11;317
25;2025-12-07;12;387
25;2025-12-07;13;500
25;2025-12-07;14;551
25;2025-12-07;15;625
25;2025-12-07;16;537
25;2025-12-07;17;521
25;2025-12-07;18;431
25;2025-12-07;19;316
25;2025-12-07;20;247
25;2025-12-07;21;166
25;2025-12-07;22;104
25;2025-12-07;23;39
25;2025-12-08;0;7
25;2025-12-08;1;0
25;2025-12-08;2;0
25;2025-12-08;3;0
25;2025-12-08;4;0
25;2025-12-08;5;18
25;2025-12-08;6;240
25;2025-12-08;7;559
25;2025-12-08;8;1022
25;2025-12-08;9;533
25;2025-12-08;10;359
25;2025-12-08;11;413
25;2025-12-08;12;417
25;2025-12-08;13;539
25;2025-12-08;14;480
25;2025-12-08;15;527
25;2025-12-08;16;686
25;2025-12-08;17;758
25;2025-12-08;18;781
25;2025-12-08;19;565
25;2025-12-08;20;318
25;2025-12-08;21;197
25;2025-12-08;22;92
25;2025-12-08;23;4
25;2025-12-09;0;1
25;2025-12-09;1;0
25;2025-12-09;2;0
25;2025-12-09;3;0
25;2025-12-09;4;0
25;2025-12-09;5;15
25;2025-12-09;6;247
25;2025-12-09;7;564
25;2025-12-09;8;949
25;2025-12-09;9;480
25;2025-12-09;10;390
25;2025-12-09;11;442
25;2025-12-09;12;435
25;2025-12-09;13;530
25;2025-12-09;14;487
25;2025-12-09;15;597
25;2025-12-09;16;701
25;2025-12-09;17;804
25;2025-12-09;18;810
25;2025-12-09;19;593
25;2025-12-09;20;340
25;2025-12-09;21;230
25;2025-12-09;22;96
25;2025-12-09;23;4
25;2025-12-10;0;1
25;2025-12-10;1;0
25;2025-12-10;2;0
25;2025-12-10;3;0
25;2025-12-10;4;0
25;2025-12-10;5;28
25;2025-12-10;6;261
25;2025-12-10;7;575
25;2025-12-10;8;955
25;2025-12-10;9;485
25;2025-12-10;10;396
25;2025-12-10;11;446
25;2025-12-10;12;437
25;2025-12-10;13;532
25;2025-12-10;14;489
25;2025-12-10;15;598
25;2025-12-10;16;702
25;2025-12-10;17;806
25;2025-12-10;18;811
25;2025-12-10;19;594
25;2025-12-10;20;340
25;2025-12-10;21;231
25;2025-12-10;22;99
25;2025-12-10;23;5
25;2025-12-11;0;1
25;2025-12-11;1;0
25;2025-12-11;2;0
25;2025-12-11;3;0
25;2025-12-11;4;0
25;2025-12-11;5;14
25;2025-12-11;6;245
25;2025-12-11;7;561
25;2025-12-11;8;954
25;2025-12-11;9;470
25;2025-12-11;10;383
25;2025-12-11;11;437
25;2025-12-11;12;432
25;2025-12-11;13;530
25;2025-12-11;14;490
25;2025-12-11;15;602
25;2025-12-11;16;702
25;2025-12-11;17;805
25;2025-12-11;18;808
25;2025-12-11;19;598
25;2025-12-11;20;344
25;2025-12-11;21;232
25;2025-12-11;22;100
25;2025-12-11;23;6
25;2025-12-12;0;1
25;2025-12-12;1;0
25;2025-12-12;2;0
25;2025-12-12;3;0
25;2025-12-12;4;0
25;2025-12-12;5;15
25;2025-12-12;6;258
25;2025-12-12;7;622
25;2025-12-12;8;959
25;2025-12-12;9;496
25;2025-12-12;10;421
25;2025-12-12;11;487
25;2025-12-12;12;459
25;2025-12-12;13;556
25;2025-12-12;14;503
25;2025-12-12;15;644
25;2025-12-12;16;836
25;2025-12-12;17;841
25;2025-12-12;18;750
25;2025-12-12;19;627
25;2025-12-12;20;355
25;2025-12-12;21;241
25;2025-12-12;22;120
25;2025-12-12;23;14
25;2025-12-13;0;1
25;2025-12-13;1;0
25;2025-12-13;2;0
25;2025-12-13;3;0
25;2025-12-13;4;0
25;2025-12-13;5;14
25;2025-12-13;6;115
25;2025-12-13;7;147
25;2025-12-13;8;323
25;2025-12-13;9;280
25;2025-12-13;10;310
25;2025-12-13;11;394
25;2025-12-13;12;421
25;2025-12-13;13;640
25;2025-12-13;14;653
25;2025-12-13;15;754
25;2025-12-13;16;684
25;2025-12-13;17;589
25;2025-12-13;18;532
25;2025-12-13;19;447
25;2025-12-13;20;272
25;2025-12-13;21;206
25;2025-12-13;22;129
25;2025-12-13;23;48
25;2025-12-14;0;13
25;2025-12-14;1;0
25;2025-12-14;2;0
25;2025-12-14;3;0
25;2025-12-14;4;0
25;2025-12-14;5;6
25;2025-12-14;6;73
25;2025-12-14;7;88
25;2025-12-14;8;177
25;2025-12-14;9;226
25;2025-12-14;10;227
25;2025-12-14;11;314
25;2025-12-14;12;381
25;2025-12-14;13;495
25;2025-12-14;14;550
25;2025-12-14;15;626
25;2025-12-14;16;542
25;2025-12-14;17;526
25;2025-12-14;18;438
25;2025-12-14;19;322
25;2025-12-14;20;251
25;2025-12-14;21;170
25;2025-12-14;22;104
25;2025-12-14;23;38
25;2025-12-15;0;7
25;2025-12-15;1;0
25;2025-12-15;2;0
25;2025-12-15;3;0
25;2025-12-15;4;0
25;2025-12-15;5;18
25;2025-12-15;6;233
25;2025-12-15;7;553
25;2025-12-15;8;1015
25;2025-12-15;9;529
25;2025-12-15;10;353
25;2025-12-15;11;401
25;2025-12-15;12;414
25;2025-12-15;13;541
25;2025-12-15;14;483
25;2025-12-15;15;534
25;2025-12-15;16;690
25;2025-12-15;17;766
25;2025-12-15;18;790
25;2025-12-15;19;577
25;2025-12-15;20;324
25;2025-12-15;21;203
25;2025-12-15;22;97
25;2025-12-15;23;10
25;2025-12-16;0;1
25;2025-12-16;1;0
25;2025-12-16;2;0
25;2025-12-16;3;0
25;2025-12-16;4;0
25;2025-12-16;5;18
25;2025-12-16;6;247
25;2025-12-16;7;565
25;2025-12-16;8;948
25;2025-12-16;9;478
25;2025-12-16;10;390
25;2025-12-16;11;444
25;2025-12-16;12;438
25;2025-12-16;13;516
25;2025-12-16;14;485
25;2025-12-16;15;597
25;2025-12-16;16;701
25;2025-12-16;17;805
25;2025-12-16;18;811
25;2025-12-16;19;593
25;2025-12-16;20;338
25;2025-12-16;21;229
25;2025-12-16;22;98
25;2025-12-16;23;5
25;2025-12-17;0;1
25;2025-12-17;1;0
25;2025-12-17;2;0
25;2025-12-17;3;0
25;2025-12-17;4;0
25;2025-12-17;5;15
25;2025-12-17;6;247
25;2025-12-17;7;563
25;2025-12-17;8;950
25;2025-12-17;9;479
25;2025-12-17;10;388
25;2025-12-17;11;442
25;2025-12-17;12;436
25;2025-12-17;13;532
25;2025-12-17;14;489
25;2025-12-17;15;599
25;2025-12-17;16;703
25;2025-12-17;17;806
25;2025-12-17;18;812
25;2025-12-17;19;593
25;2025-12-17;20;340
25;2025-12-17;21;231
25;2025-12-17;22;98
25;2025-12-17;23;5
25;2025-12-18;0;1
25;2025-12-18;1;0
25;2025-12-18;2;0
25;2025-12-18;3;0
25;2025-12-18;4;0
25;2025-12-18;5;14
25;2025-12-18;6;245
25;2025-12-18;7;561
25;2025-12-18;8;946
25;2025-12-18;9;477
25;2025-12-18;10;388
25;2025-12-18;11;442
25;2025-12-18;12;436
25;2025-12-18;13;531
25;2025-12-18;14;489
25;2025-12-18;15;599
25;2025-12-18;16;702
25;2025-12-18;17;806
25;2025-12-18;18;812
25;2025-12-18;19;593
25;2025-12-18;20;339
25;2025-12-18;21;230
25;2025-12-18;22;99
25;2025-12-18;23;6
25;2025-12-19;0;1
25;2025-12-19;1;0
25;2025-12-19;2;0
25;2025-12-19;3;0
25;2025-12-19;4;0
25;2025-12-19;5;14
25;2025-12-19;6;258
25;2025-12-19;7;620
25;2025-12-19;8;958
25;2025-12-19;9;482
25;2025-12-19;10;418
25;2025-12-19;11;481
25;2025-12-19;12;460
25;2025-12-19;13;569
25;2025-12-19;14;508
25;2025-12-19;15;659
25;2025-12-19;16;852
25;2025-12-19;17;848
25;2025-12-19;18;752
25;2025-12-19;19;625
25;2025-12-19;20;353
25;2025-12-19;21;239
25;2025-12-19;22;119
25;2025-12-19;23;15
25;2025-12-20;0;1
25;2025-12-20;1;0
25;2025-12-20;2;0
25;2025-12-20;3;0
25;2025-12-20;4;0
25;2025-12-20;5;15
25;2025-12-20;6;119
25;2025-12-20;7;151
25;2025-12-20;8;328
25;2025-12-20;9;285
25;2025-12-20;10;316
25;2025-12-20;11;401
25;2025-12-20;12;435
25;2025-12-20;13;653
25;2025-12-20;14;657
25;2025-12-20;15;754
25;2025-12-20;16;683
25;2025-12-20;17;589
25;2025-12-20;18;525
25;2025-12-20;19;446
25;2025-12-20;20;276
25;2025-12-20;21;210
25;2025-12-20;22;128
25;2025-12-20;23;50
25;2025-12-21;0;13
25;2025-12-21;1;0
25;2025-12-21;2;0
25;2025-12-21;3;0
25;2025-12-21;4;0
25;2025-12-21;5;7
25;2025-12-21;6;83
25;2025-12-21;7;106
25;2025-12-21;8;200
25;2025-12-21;9;233
25;2025-12-21;10;235
25;2025-12-21;11;317
25;2025-12-21;12;387
25;2025-12-21;13;500
25;2025-12-21;14;550
25;2025-12-21;15;624
25;2025-12-21;16;537
25;2025-12-21;17;521
25;2025-12-21;18;431
25;2025-12-21;19;316
25;2025-12-21;20;247
25;2025-12-21;21;166
25;2025-12-21;22;102
25;2025-12-21;23;38
25;2025-12-22;0;7
25;2025-12-22;1;0
25;2025-12-22;2;0
25;2025-12-22;3;0
25;2025-12-22;4;0
25;2025-12-22;5;18
25;2025-12-22;6;240
25;2025-12-22;7;559
25;2025-12-22;8;1025
25;2025-12-22;9;535
25;2025-12-22;10;370
25;2025-12-22;11;415
25;2025-12-22;12;419
25;2025-12-22;13;539
25;2025-12-22;14;480
25;2025-12-22;15;527
25;2025-12-22;16;687
25;2025-12-22;17;759
25;2025-12-22;18;774
25;2025-12-22;19;566
25;2025-12-22;20;319
25;2025-12-22;21;199
25;2025-12-22;22;91
25;2025-12-22;23;4
25;2025-12-23;0;1
25;2025-12-23;1;0
25;2025-12-23;2;0
25;2025-12-23;3;0
25;2025-12-23;4;0
25;2025-12-23;5;15
25;2025-12-23;6;248
25;2025-12-23;7;566
25;2025-12-23;8;952
25;2025-12-23;9;482
25;2025-12-23;10;390
25;2025-12-23;11;444
25;2025-12-23;12;438
25;2025-12-23;13;530
25;2025-12-23;14;486
25;2025-12-23;15;596
25;2025-12-23;16;700
25;2025-12-23;17;804
25;2025-12-23;18;811
25;2025-12-23;19;599
25;2025-12-23;20;342
25;2025-12-23;21;233
25;2025-12-23;22;100
25;2025-12-23;23;6
25;2025-12-24;0;1
25;2025-12-24;1;0
25;2025-12-24;2;0
25;2025-12-24;3;0
25;2025-12-24;4;0
25;2025-12-24;5;16
25;2025-12-24;6;250
25;2025-12-24;7;567
25;2025-12-24;8;950
25;2025-12-24;9;483
25;2025-12-24;10;394
25;2025-12-24;11;448
25;2025-12-24;12;436
25;2025-12-24;13;528
25;2025-12-24;14;492
25;2025-12-24;15;596
25;2025-12-24;16;703
25;2025-12-24;17;807
25;2025-12-24;18;811
25;2025-12-24;19;599
25;2025-12-24;20;343
25;2025-12-24;21;229
25;2025-12-24;22;97
25;2025-12-24;23;5
25;2025-12-25;0;1
25;2025-12-25;1;0
25;2025-12-25;2;0
25;2025-12-25;3;0
25;2025-12-25;4;0
25;2025-12-25;5;16
25;2025-12-25;6;252
25;2025-12-25;7;562
25;2025-12-25;8;945
25;2025-12-25;9;475
25;2025-12-25;10;385
25;2025-12-25;11;437
25;2025-12-25;12;434
25;2025-12-25;13;531
25;2025-12-25;14;489
25;2025-12-25;15;604
25;2025-12-25;16;709
25;2025-12-25;17;804
25;2025-12-25;18;807
25;2025-12-25;19;591
25;2025-12-25;20;335
25;2025-12-25;21;228
25;2025-12-25;22;96
25;2025-12-25;23;5
25;2025-12-26;0;1
25;2025-12-26;1;0
25;2025-12-26;2;0
25;2025-12-26;3;0
25;2025-12-26;4;0
25;2025-12-26;5;14
25;2025-12-26;6;259
25;2025-12-26;7;621
25;2025-12-26;8;982
25;2025-12-26;9;481
25;2025-12-26;10;408
25;2025-12-26;11;482
25;2025-12-26;12;447
25;2025-12-26;13;559
25;2025-12-26;14;502
25;2025-12-26;15;655
25;2025-12-26;16;848
25;2025-12-26;17;840
25;2025-12-26;18;750
25;2025-12-26;19;622
25;2025-12-26;20;352
25;2025-12-26;21;237
25;2025-12-26;22;116
25;2025-12-26;23;15
25;2025-12-27;0;1
25;2025-12-27;1;0
25;2025-12-27;2;0
25;2025-12-27;3;0
25;2025-12-27;4;0
25;2025-12-27;5;15
25;2025-12-27;6;119
25;2025-12-27;7;152
25;2025-12-27;8;328
25;2025-12-27;9;281
25;2025-12-27;10;316
25;2025-12-27;11;401
25;2025-12-27;12;430
25;2025-12-27;13;647
25;2025-12-27;14;655
25;2025-12-27;15;747
25;2025-12-27;16;678
25;2025-12-27;17;590
25;2025-12-27;18;526
25;2025-12-27;19;447
25;2025-12-27;20;275
25;2025-12-27;21;210
25;2025-12-27;22;124
25;2025-12-27;23;48
25;2025-12-28;0;13
25;2025-12-28;1;0
25;2025-12-28;2;0
25;2025-12-28;3;0
25;2025-12-28;4;0
25;2025-12-28;5;7
25;2025-12-28;6;93
25;2025-12-28;7;101
25;2025-12-28;8;203
25;2025-12-28;9;235
25;2025-12-28;10;225
25;2025-12-28;11;306
25;2025-12-28;12;366
25;2025-12-28;13;471
25;2025-12-28;14;525
25;2025-12-28;15;603
25;2025-12-28;16;540
25;2025-12-28;17;523
25;2025-12-28;18;432
25;2025-12-28;19;312
25;2025-12-28;20;243
25;2025-12-28;21;162
25;2025-12-28;22;101
25;2025-12-28;23;39
25;2025-12-29;0;6
25;2025-12-29;1;0
25;2025-12-29;2;0
25;2025-12-29;3;0
25;2025-12-29;4;0
25;2025-12-29;5;17
25;2025-12-29;6;214
25;2025-12-29;7;506
25;2025-12-29;8;913
25;2025-12-29;9;477
25;2025-12-29;10;323
25;2025-12-29;11;369
25;2025-12-29;12;372
25;2025-12-29;13;478
25;2025-12-29;14;429
25;2025-12-29;15;474
25;2025-12-29;16;618
25;2025-12-29;17;688
25;2025-12-29;18;704
25;2025-12-29;19;509
25;2025-12-29;20;286
25;2025-12-29;21;177
25;2025-12-29;22;83
25;2025-12-29;23;4
25;2025-12-30;0;1
25;2025-12-30;1;0
25;2025-12-30;2;0
25;2025-12-30;3;0
25;2025-12-30;4;0
25;2025-12-30;5;12
25;2025-12-30;6;215
25;2025-12-30;7;507
25;2025-12-30;8;867
25;2025-12-30;9;429
25;2025-12-30;10;342
25;2025-12-30;11;385
25;2025-12-30;12;382
25;2025-12-30;13;459
25;2025-12-30;14;429
25;2025-12-30;15;530
25;2025-12-30;16;626
25;2025-12-30;17;712
25;2025-12-30;18;724
25;2025-12-30;19;524
25;2025-12-30;20;297
25;2025-12-30;21;200
25;2025-12-30;22;86
25;2025-12-30;23;4
25;2025-12-31;0;10
25;2025-12-31;1;0
25;2025-12-31;2;0
25;2025-12-31;3;0
25;2025-12-31;4;0
25;2025-12-31;5;6
25;2025-12-31;6;59
25;2025-12-31;7;58
25;2025-12-31;8;124
25;2025-12-31;9;132
25;2025-12-31;10;125
25;2025-12-31;11;188
25;2025-12-31;12;265
25;2025-12-31;13;351
25;2025-12-31;14;400
25;2025-12-31;15;474
25;2025-12-31;16;425
25;2025-12-31;17;413
25;2025-12-31;18;335
25;2025-12-31;19;243
25;2025-12-31;20;197
25;2025-12-31;21;125
25;2025-12-31;22;64
25;2025-12-31;23;20
26;2025-11-01;0;38
26;2025-11-01;1;2
26;2025-11-01;2;0
26;2025-11-01;3;0
26;2025-11-01;4;1
26;2025-11-01;5;74
26;2025-11-01;6;432
26;2025-11-01;7;938
26;2025-11-01;8;1877
26;2025-11-01;9;1229
26;2025-11-01;10;1083
26;2025-11-01;11;991
26;2025-11-01;12;1019
26;2025-11-01;13;1048
26;2025-11-01;14;1179
26;2025-11-01;15;1235
26;2025-11-01;16;1421
26;2025-11-01;17;1540
26;2025-11-01;18;1194
26;2025-11-01;19;938
26;2025-11-01;20;598
26;2025-11-01;21;410
26;2025-11-01;22;186
26;2025-11-01;23;135
26;2025-11-02;0;47
26;2025-11-02;1;4
26;2025-11-02;2;0
26;2025-11-02;3;0
26;2025-11-02;4;1
26;2025-11-02;5;24
26;2025-11-02;6;156
26;2025-11-02;7;261
26;2025-11-02;8;387
26;2025-11-02;9;525
26;2025-11-02;10;592
26;2025-11-02;11;805
26;2025-11-02;12;832
26;2025-11-02;13;847
26;2025-11-02;14;874
26;2025-11-02;15;813
26;2025-11-02;16;774
26;2025-11-02;17;787
26;2025-11-02;18;713
26;2025-11-02;19;535
26;2025-11-02;20;401
26;2025-11-02;21;289
26;2025-11-02;22;169
26;2025-11-02;23;100
26;2025-11-03;0;46
26;2025-11-03;1;3
26;2025-11-03;2;0
26;2025-11-03;3;0
26;2025-11-03;4;1
26;2025-11-03;5;37
26;2025-11-03;6;179
26;2025-11-03;7;277
26;2025-11-03;8;394
26;2025-11-03;9;507
26;2025-11-03;10;561
26;2025-11-03;11;731
26;2025-11-03;12;741
26;2025-11-03;13;780
26;2025-11-03;14;783
26;2025-11-03;15;736
26;2025-11-03;16;736
26;2025-11-03;17;753
26;2025-11-03;18;699
26;2025-11-03;19;554
26;2025-11-03;20;425
26;2025-11-03;21;309
26;2025-11-03;22;190
26;2025-11-03;23;122
26;2025-11-04;0;46
26;2025-11-04;1;3
26;2025-11-04;2;0
26;2025-11-04;3;0
26;2025-11-04;4;1
26;2025-11-04;5;35
26;2025-11-04;6;176
26;2025-11-04;7;274
26;2025-11-04;8;396
26;2025-11-04;9;497
26;2025-11-04;10;548
26;2025-11-04;11;724
26;2025-11-04;12;725
26;2025-11-04;13;771
26;2025-11-04;14;826
26;2025-11-04;15;763
26;2025-11-04;16;737
26;2025-11-04;17;752
26;2025-11-04;18;701
26;2025-11-04;19;550
26;2025-11-04;20;422
26;2025-11-04;21;307
26;2025-11-04;22;186
26;2025-11-04;23;120
26;2025-11-05;0;32
26;2025-11-05;1;0
26;2025-11-05;2;0
26;2025-11-05;3;0
26;2025-11-05;4;2
26;2025-11-05;5;97
26;2025-11-05;6;481
26;2025-11-05;7;1129
26;2025-11-05;8;2252
26;2025-11-05;9;1513
26;2025-11-05;10;1227
26;2025-11-05;11;1173
26;2025-11-05;12;1199
26;2025-11-05;13;1207
26;2025-11-05;14;1370
26;2025-11-05;15;1412
26;2025-11-05;16;1523
26;2025-11-05;17;1770
26;2025-11-05;18;1896
26;2025-11-05;19;1277
26;2025-11-05;20;785
26;2025-11-05;21;496
26;2025-11-05;22;220
26;2025-11-05;23;129
26;2025-11-06;0;32
26;2025-11-06;1;0
26;2025-11-06;2;0
26;2025-11-06;3;0
26;2025-11-06;4;2
26;2025-11-06;5;97
26;2025-11-06;6;482
26;2025-11-06;7;1130
26;2025-11-06;8;2254
26;2025-11-06;9;1513
26;2025-11-06;10;1230
26;2025-11-06;11;1165
26;2025-11-06;12;1199
26;2025-11-06;13;1207
26;2025-11-06;14;1370
26;2025-11-06;15;1407
26;2025-11-06;16;1520
26;2025-11-06;17;1773
26;2025-11-06;18;1897
26;2025-11-06;19;1278
26;2025-11-06;20;787
26;2025-11-06;21;498
26;2025-11-06;22;222
26;2025-11-06;23;133
26;2025-11-07;0;31
26;2025-11-07;1;1
26;2025-11-07;2;0
26;2025-11-07;3;0
26;2025-11-07;4;1
26;2025-11-07;5;86
26;2025-11-07;6;487
26;2025-11-07;7;1053
26;2025-11-07;8;2120
26;2025-11-07;9;1379
26;2025-11-07;10;1212
26;2025-11-07;11;1110
26;2025-11-07;12;1141
26;2025-11-07;13;1173
26;2025-11-07;14;1327
26;2025-11-07;15;1385
26;2025-11-07;16;1600
26;2025-11-07;17;1737
26;2025-11-07;18;1338
26;2025-11-07;19;1052
26;2025-11-07;20;670
26;2025-11-07;21;461
26;2025-11-07;22;209
26;2025-11-07;23;153
26;2025-11-08;0;49
26;2025-11-08;1;2
26;2025-11-08;2;0
26;2025-11-08;3;0
26;2025-11-08;4;2
26;2025-11-08;5;53
26;2025-11-08;6;248
26;2025-11-08;7;372
26;2025-11-08;8;607
26;2025-11-08;9;692
26;2025-11-08;10;821
26;2025-11-08;11;963
26;2025-11-08;12;1057
26;2025-11-08;13;1064
26;2025-11-08;14;1099
26;2025-11-08;15;1012
26;2025-11-08;16;1040
26;2025-11-08;17;973
26;2025-11-08;18;903
26;2025-11-08;19;775
26;2025-11-08;20;528
26;2025-11-08;21;354
26;2025-11-08;22;216
26;2025-11-08;23;155
26;2025-11-09;0;48
26;2025-11-09;1;4
26;2025-11-09;2;0
26;2025-11-09;3;0
26;2025-11-09;4;1
26;2025-11-09;5;30
26;2025-11-09;6;163
26;2025-11-09;7;270
26;2025-11-09;8;400
26;2025-11-09;9;530
26;2025-11-09;10;593
26;2025-11-09;11;806
26;2025-11-09;12;836
26;2025-11-09;13;878
26;2025-11-09;14;876
26;2025-11-09;15;816
26;2025-11-09;16;779
26;2025-11-09;17;795
26;2025-11-09;18;716
26;2025-11-09;19;537
26;2025-11-09;20;405
26;2025-11-09;21;291
26;2025-11-09;22;169
26;2025-11-09;23;100
26;2025-11-10;0;25
26;2025-11-10;1;2
26;2025-11-10;2;0
26;2025-11-10;3;0
26;2025-11-10;4;1
26;2025-11-10;5;94
26;2025-11-10;6;481
26;2025-11-10;7;1145
26;2025-11-10;8;2242
26;2025-11-10;9;1467
26;2025-11-10;10;1207
26;2025-11-10;11;1059
26;2025-11-10;12;1087
26;2025-11-10;13;1158
26;2025-11-10;14;1266
26;2025-11-10;15;1340
26;2025-11-10;16;1462
26;2025-11-10;17;1749
26;2025-11-10;18;1916
26;2025-11-10;19;1234
26;2025-11-10;20;754
26;2025-11-10;21;474
26;2025-11-10;22;205
26;2025-11-10;23;108
26;2025-11-11;0;31
26;2025-11-11;1;0
26;2025-11-11;2;0
26;2025-11-11;3;0
26;2025-11-11;4;2
26;2025-11-11;5;97
26;2025-11-11;6;481
26;2025-11-11;7;1128
26;2025-11-11;8;2253
26;2025-11-11;9;1512
26;2025-11-11;10;1219
26;2025-11-11;11;1162
26;2025-11-11;12;1192
26;2025-11-11;13;1205
26;2025-11-11;14;1362
26;2025-11-11;15;1402
26;2025-11-11;16;1516
26;2025-11-11;17;1764
26;2025-11-11;18;1896
26;2025-11-11;19;1274
26;2025-11-11;20;785
26;2025-11-11;21;495
26;2025-11-11;22;217
26;2025-11-11;23;125
26;2025-11-12;0;31
26;2025-11-12;1;0
26;2025-11-12;2;0
26;2025-11-12;3;0
26;2025-11-12;4;2
26;2025-11-12;5;96
26;2025-11-12;6;481
26;2025-11-12;7;1127
26;2025-11-12;8;2250
26;2025-11-12;9;1511
26;2025-11-12;10;1220
26;2025-11-12;11;1157
26;2025-11-12;12;1186
26;2025-11-12;13;1195
26;2025-11-12;14;1357
26;2025-11-12;15;1398
26;2025-11-12;16;1517
26;2025-11-12;17;1766
26;2025-11-12;18;1886
26;2025-11-12;19;1273
26;2025-11-12;20;785
26;2025-11-12;21;496
26;2025-11-12;22;219
26;2025-11-12;23;128
26;2025-11-13;0;32
26;2025-11-13;1;0
26;2025-11-13;2;0
26;2025-11-13;3;0
26;2025-11-13;4;2
26;2025-11-13;5;96
26;2025-11-13;6;481
26;2025-11-13;7;1128
26;2025-11-13;8;2251
26;2025-11-13;9;1512
26;2025-11-13;10;1228
26;2025-11-13;11;1169
26;2025-11-13;12;1197
26;2025-11-13;13;1205
26;2025-11-13;14;1365
26;2025-11-13;15;1408
26;2025-11-13;16;1521
26;2025-11-13;17;1769
26;2025-11-13;18;1894
26;2025-11-13;19;1276
26;2025-11-13;20;786
26;2025-11-13;21;497
26;2025-11-13;22;220
26;2025-11-13;23;131
26;2025-11-14;0;31
26;2025-11-14;1;1
26;2025-11-14;2;0
26;2025-11-14;3;0
26;2025-11-14;4;1
26;2025-11-14;5;82
26;2025-11-14;6;484
26;2025-11-14;7;1049
26;2025-11-14;8;2117
26;2025-11-14;9;1379
26;2025-11-14;10;1221
26;2025-11-14;11;1111
26;2025-11-14;12;1141
26;2025-11-14;13;1172
26;2025-11-14;14;1325
26;2025-11-14;15;1384
26;2025-11-14;16;1598
26;2025-11-14;17;1735
26;2025-11-14;18;1335
26;2025-11-14;19;1050
26;2025-11-14;20;663
26;2025-11-14;21;454
26;2025-11-14;22;202
26;2025-11-14;23;148
26;2025-11-15;0;47
26;2025-11-15;1;2
26;2025-11-15;2;0
26;2025-11-15;3;0
26;2025-11-15;4;2
26;2025-11-15;5;53
26;2025-11-15;6;243
26;2025-11-15;7;367
26;2025-11-15;8;612
26;2025-11-15;9;693
26;2025-11-15;10;808
26;2025-11-15;11;942
26;2025-11-15;12;1033
26;2025-11-15;13;1049
26;2025-11-15;14;1116
26;2025-11-15;15;1023
26;2025-11-15;16;1050
26;2025-11-15;17;980
26;2025-11-15;18;905
26;2025-11-15;19;777
26;2025-11-15;20;526
26;2025-11-15;21;350
26;2025-11-15;22;212
26;2025-11-15;23;149
26;2025-11-16;0;47
26;2025-11-16;1;4
26;2025-11-16;2;0
26;2025-11-16;3;0
26;2025-11-16;4;1
26;2025-11-16;5;15
26;2025-11-16;6;152
26;2025-11-16;7;249
26;2025-11-16;8;364
26;2025-11-16;9;502
26;2025-11-16;10;569
26;2025-11-16;11;791
26;2025-11-16;12;818
26;2025-11-16;13;860
26;2025-11-16;14;857
26;2025-11-16;15;794
26;2025-11-16;16;758
26;2025-11-16;17;769
26;2025-11-16;18;692
26;2025-11-16;19;522
26;2025-11-16;20;392
26;2025-11-16;21;280
26;2025-11-16;22;164
26;2025-11-16;23;99
26;2025-11-17;0;26
26;2025-11-17;1;2
26;2025-11-17;2;0
26;2025-11-17;3;0
26;2025-11-17;4;1
26;2025-11-17;5;93
26;2025-11-17;6;479
26;2025-11-17;7;1138
26;2025-11-17;8;2234
26;2025-11-17;9;1461
26;2025-11-17;10;1208
26;2025-11-17;11;1056
26;2025-11-17;12;1086
26;2025-11-17;13;1136
26;2025-11-17;14;1255
26;2025-11-17;15;1330
26;2025-11-17;16;1454
26;2025-11-17;17;1738
26;2025-11-17;18;1912
26;2025-11-17;19;1230
26;2025-11-17;20;751
26;2025-11-17;21;475
26;2025-11-17;22;205
26;2025-11-17;23;108
26;2025-11-18;0;31
26;2025-11-18;1;0
26;2025-11-18;2;0
26;2025-11-18;3;0
26;2025-11-18;4;2
26;2025-11-18;5;90
26;2025-11-18;6;480
26;2025-11-18;7;1133
26;2025-11-18;8;2262
26;2025-11-18;9;1509
26;2025-11-18;10;1204
26;2025-11-18;11;1157
26;2025-11-18;12;1186
26;2025-11-18;13;1194
26;2025-11-18;14;1352
26;2025-11-18;15;1398
26;2025-11-18;16;1519
26;2025-11-18;17;1763
26;2025-11-18;18;1885
26;2025-11-18;19;1275
26;2025-11-18;20;781
26;2025-11-18;21;494
26;2025-11-18;22;216
26;2025-11-18;23;125
26;2025-11-19;0;31
26;2025-11-19;1;0
26;2025-11-19;2;0
26;2025-11-19;3;0
26;2025-11-19;4;2
26;2025-11-19;5;96
26;2025-11-19;6;481
26;2025-11-19;7;1127
26;2025-11-19;8;2250
26;2025-11-19;9;1510
26;2025-11-19;10;1220
26;2025-11-19;11;1160
26;2025-11-19;12;1184
26;2025-11-19;13;1193
26;2025-11-19;14;1351
26;2025-11-19;15;1395
26;2025-11-19;16;1512
26;2025-11-19;17;1760
26;2025-11-19;18;1889
26;2025-11-19;19;1272
26;2025-11-19;20;784
26;2025-11-19;21;496
26;2025-11-19;22;220
26;2025-11-19;23;128
26;2025-11-20;0;32
26;2025-11-20;1;0
26;2025-11-20;2;0
26;2025-11-20;3;0
26;2025-11-20;4;2
26;2025-11-20;5;96
26;2025-11-20;6;479
26;2025-11-20;7;1125
26;2025-11-20;8;2246
26;2025-11-20;9;1509
26;2025-11-20;10;1219
26;2025-11-20;11;1160
26;2025-11-20;12;1184
26;2025-11-20;13;1193
26;2025-11-20;14;1351
26;2025-11-20;15;1396
26;2025-11-20;16;1511
26;2025-11-20;17;1760
26;2025-11-20;18;1889
26;2025-11-20;19;1267
26;2025-11-20;20;781
26;2025-11-20;21;493
26;2025-11-20;22;218
26;2025-11-20;23;130
26;2025-11-21;0;30
26;2025-11-21;1;1
26;2025-11-21;2;0
26;2025-11-21;3;0
26;2025-11-21;4;1
26;2025-11-21;5;86
26;2025-11-21;6;484
26;2025-11-21;7;1042
26;2025-11-21;8;2112
26;2025-11-21;9;1374
26;2025-11-21;10;1211
26;2025-11-21;11;1102
26;2025-11-21;12;1120
26;2025-11-21;13;1161
26;2025-11-21;14;1309
26;2025-11-21;15;1368
26;2025-11-21;16;1589
26;2025-11-21;17;1726
26;2025-11-21;18;1330
26;2025-11-21;19;1046
26;2025-11-21;20;667
26;2025-11-21;21;458
26;2025-11-21;22;208
26;2025-11-21;23;151
26;2025-11-22;0;48
26;2025-11-22;1;2
26;2025-11-22;2;0
26;2025-11-22;3;0
26;2025-11-22;4;2
26;2025-11-22;5;52
26;2025-11-22;6;244
26;2025-11-22;7;370
26;2025-11-22;8;610
26;2025-11-22;9;694
26;2025-11-22;10;838
26;2025-11-22;11;983
26;2025-11-22;12;1074
26;2025-11-22;13;1084
26;2025-11-22;14;1116
26;2025-11-22;15;1025
26;2025-11-22;16;1051
26;2025-11-22;17;982
26;2025-11-22;18;909
26;2025-11-22;19;777
26;2025-11-22;20;530
26;2025-11-22;21;346
26;2025-11-22;22;211
26;2025-11-22;23;153
26;2025-11-23;0;47
26;2025-11-23;1;4
26;2025-11-23;2;0
26;2025-11-23;3;0
26;2025-11-23;4;1
26;2025-11-23;5;24
26;2025-11-23;6;156
26;2025-11-23;7;258
26;2025-11-23;8;388
26;2025-11-23;9;522
26;2025-11-23;10;588
26;2025-11-23;11;801
26;2025-11-23;12;832
26;2025-11-23;13;872
26;2025-11-23;14;870
26;2025-11-23;15;805
26;2025-11-23;16;769
26;2025-11-23;17;781
26;2025-11-23;18;694
26;2025-11-23;19;524
26;2025-11-23;20;398
26;2025-11-23;21;282
26;2025-11-23;22;165
26;2025-11-23;23;100
26;2025-11-24;0;26
26;2025-11-24;1;2
26;2025-11-24;2;0
26;2025-11-24;3;0
26;2025-11-24;4;1
26;2025-11-24;5;90
26;2025-11-24;6;476
26;2025-11-24;7;1155
26;2025-11-24;8;2234
26;2025-11-24;9;1466
26;2025-11-24;10;1192
26;2025-11-24;11;1043
26;2025-11-24;12;1088
26;2025-11-24;13;1158
26;2025-11-24;14;1262
26;2025-11-24;15;1338
26;2025-11-24;16;1464
26;2025-11-24;17;1746
26;2025-11-24;18;1912
26;2025-11-24;19;1233
26;2025-11-24;20;752
26;2025-11-24;21;473
26;2025-11-24;22;205
26;2025-11-24;23;107
26;2025-11-25;0;31
26;2025-11-25;1;0
26;2025-11-25;2;0
26;2025-11-25;3;0
26;2025-11-25;4;2
26;2025-11-25;5;97
26;2025-11-25;6;481
26;2025-11-25;7;1127
26;2025-11-25;8;2251
26;2025-11-25;9;1511
26;2025-11-25;10;1221
26;2025-11-25;11;1160
26;2025-11-25;12;1183
26;2025-11-25;13;1195
26;2025-11-25;14;1351
26;2025-11-25;15;1394
26;2025-11-25;16;1511
26;2025-11-25;17;1760
26;2025-11-25;18;1892
26;2025-11-25;19;1273
26;2025-11-25;20;784
26;2025-11-25;21;495
26;2025-11-25;22;217
26;2025-11-25;23;125
26;2025-11-26;0;31
26;2025-11-26;1;0
26;2025-11-26;2;0
26;2025-11-26;3;0
26;2025-11-26;4;2
26;2025-11-26;5;99
26;2025-11-26;6;483
26;2025-11-26;7;1141
26;2025-11-26;8;2266
26;2025-11-26;9;1517
26;2025-11-26;10;1217
26;2025-11-26;11;1159
26;2025-11-26;12;1184
26;2025-11-26;13;1192
26;2025-11-26;14;1349
26;2025-11-26;15;1393
26;2025-11-26;16;1505
26;2025-11-26;17;1754
26;2025-11-26;18;1881
26;2025-11-26;19;1275
26;2025-11-26;20;783
26;2025-11-26;21;495
26;2025-11-26;22;218
26;2025-11-26;23;127
26;2025-11-27;0;32
26;2025-11-27;1;0
26;2025-11-27;2;0
26;2025-11-27;3;0
26;2025-11-27;4;2
26;2025-11-27;5;96
26;2025-11-27;6;481
26;2025-11-27;7;1128
26;2025-11-27;8;2248
26;2025-11-27;9;1512
26;2025-11-27;10;1225
26;2025-11-27;11;1161
26;2025-11-27;12;1188
26;2025-11-27;13;1198
26;2025-11-27;14;1355
26;2025-11-27;15;1405
26;2025-11-27;16;1521
26;2025-11-27;17;1760
26;2025-11-27;18;1879
26;2025-11-27;19;1278
26;2025-11-27;20;785
26;2025-11-27;21;497
26;2025-11-27;22;220
26;2025-11-27;23;133
26;2025-11-28;0;30
26;2025-11-28;1;1
26;2025-11-28;2;0
26;2025-11-28;3;0
26;2025-11-28;4;1
26;2025-11-28;5;82
26;2025-11-28;6;484
26;2025-11-28;7;1048
26;2025-11-28;8;2111
26;2025-11-28;9;1374
26;2025-11-28;10;1209
26;2025-11-28;11;1100
26;2025-11-28;12;1127
26;2025-11-28;13;1163
26;2025-11-28;14;1314
26;2025-11-28;15;1375
26;2025-11-28;16;1590
26;2025-11-28;17;1726
26;2025-11-28;18;1327
26;2025-11-28;19;1045
26;2025-11-28;20;664
26;2025-11-28;21;456
26;2025-11-28;22;207
26;2025-11-28;23;150
26;2025-11-29;0;48
26;2025-11-29;1;2
26;2025-11-29;2;0
26;2025-11-29;3;0
26;2025-11-29;4;2
26;2025-11-29;5;52
26;2025-11-29;6;249
26;2025-11-29;7;371
26;2025-11-29;8;603
26;2025-11-29;9;704
26;2025-11-29;10;837
26;2025-11-29;11;982
26;2025-11-29;12;1073
26;2025-11-29;13;1082
26;2025-11-29;14;1116
26;2025-11-29;15;1022
26;2025-11-29;16;1050
26;2025-11-29;17;981
26;2025-11-29;18;905
26;2025-11-29;19;777
26;2025-11-29;20;530
26;2025-11-29;21;355
26;2025-11-29;22;218
26;2025-11-29;23;155
26;2025-11-30;0;47
26;2025-11-30;1;4
26;2025-11-30;2;0
26;2025-11-30;3;0
26;2025-11-30;4;1
26;2025-11-30;5;24
26;2025-11-30;6;157
26;2025-11-30;7;261
26;2025-11-30;8;389
26;2025-11-30;9;521
26;2025-11-30;10;587
26;2025-11-30;11;801
26;2025-11-30;12;831
26;2025-11-30;13;872
26;2025-11-30;14;874
26;2025-11-30;15;811
26;2025-11-30;16;774
26;2025-11-30;17;790
26;2025-11-30;18;710
26;2025-11-30;19;534
26;2025-11-30;20;403
26;2025-11-30;21;291
26;2025-11-30;22;169
26;2025-11-30;23;102
26;2025-12-01;0;26
26;2025-12-01;1;2
26;2025-12-01;2;0
26;2025-12-01;3;0
26;2025-12-01;4;1
26;2025-12-01;5;94
26;2025-12-01;6;483
26;2025-12-01;7;1149
26;2025-12-01;8;2249
26;2025-12-01;9;1470
26;2025-12-01;10;1211
26;2025-12-01;11;1065
26;2025-12-01;12;1094
26;2025-12-01;13;1162
26;2025-12-01;14;1265
26;2025-12-01;15;1342
26;2025-12-01;16;1463
26;2025-12-01;17;1751
26;2025-12-01;18;1920
26;2025-12-01;19;1237
26;2025-12-01;20;756
26;2025-12-01;21;475
26;2025-12-01;22;206
26;2025-12-01;23;109
26;2025-12-02;0;31
26;2025-12-02;1;0
26;2025-12-02;2;0
26;2025-12-02;3;0
26;2025-12-02;4;2
26;2025-12-02;5;98
26;2025-12-02;6;484
26;2025-12-02;7;1132
26;2025-12-02;8;2261
26;2025-12-02;9;1517
26;2025-12-02;10;1226
26;2025-12-02;11;1162
26;2025-12-02;12;1186
26;2025-12-02;13;1199
26;2025-12-02;14;1355
26;2025-12-02;15;1400
26;2025-12-02;16;1516
26;2025-12-02;17;1767
26;2025-12-02;18;1899
26;2025-12-02;19;1278
26;2025-12-02;20;787
26;2025-12-02;21;497
26;2025-12-02;22;218
26;2025-12-02;23;125
26;2025-12-03;0;31
26;2025-12-03;1;0
26;2025-12-03;2;0
26;2025-12-03;3;0
26;2025-12-03;4;2
26;2025-12-03;5;97
26;2025-12-03;6;483
26;2025-12-03;7;1131
26;2025-12-03;8;2258
26;2025-12-03;9;1516
26;2025-12-03;10;1224
26;2025-12-03;11;1164
26;2025-12-03;12;1188
26;2025-12-03;13;1198
26;2025-12-03;14;1356
26;2025-12-03;15;1401
26;2025-12-03;16;1517
26;2025-12-03;17;1768
26;2025-12-03;18;1897
26;2025-12-03;19;1276
26;2025-12-03;20;787
26;2025-12-03;21;497
26;2025-12-03;22;220
26;2025-12-03;23;129
26;2025-12-04;0;32
26;2025-12-04;1;0
26;2025-12-04;2;0
26;2025-12-04;3;0
26;2025-12-04;4;2
26;2025-12-04;5;96
26;2025-12-04;6;482
26;2025-12-04;7;1130
26;2025-12-04;8;2257
26;2025-12-04;9;1514
26;2025-12-04;10;1223
26;2025-12-04;11;1164
26;2025-12-04;12;1188
26;2025-12-04;13;1199
26;2025-12-04;14;1357
26;2025-12-04;15;1403
26;2025-12-04;16;1519
26;2025-12-04;17;1769
26;2025-12-04;18;1898
26;2025-12-04;19;1277
26;2025-12-04;20;786
26;2025-12-04;21;498
26;2025-12-04;22;221
26;2025-12-04;23;131
26;2025-12-05;0;30
26;2025-12-05;1;1
26;2025-12-05;2;0
26;2025-12-05;3;0
26;2025-12-05;4;1
26;2025-12-05;5;81
26;2025-12-05;6;484
26;2025-12-05;7;1050
26;2025-12-05;8;2119
26;2025-12-05;9;1379
26;2025-12-05;10;1215
26;2025-12-05;11;1106
26;2025-12-05;12;1134
26;2025-12-05;13;1166
26;2025-12-05;14;1314
26;2025-12-05;15;1374
26;2025-12-05;16;1595
26;2025-12-05;17;1733
26;2025-12-05;18;1333
26;2025-12-05;19;1049
26;2025-12-05;20;667
26;2025-12-05;21;458
26;2025-12-05;22;208
26;2025-12-05;23;150
26;2025-12-06;0;49
26;2025-12-06;1;2
26;2025-12-06;2;0
26;2025-12-06;3;0
26;2025-12-06;4;2
26;2025-12-06;5;53
26;2025-12-06;6;253
26;2025-12-06;7;376
26;2025-12-06;8;612
26;2025-12-06;9;717
26;2025-12-06;10;851
26;2025-12-06;11;996
26;2025-12-06;12;1091
26;2025-12-06;13;1103
26;2025-12-06;14;1135
26;2025-12-06;15;1045
26;2025-12-06;16;1071
26;2025-12-06;17;999
26;2025-12-06;18;927
26;2025-12-06;19;789
26;2025-12-06;20;537
26;2025-12-06;21;361
26;2025-12-06;22;221
26;2025-12-06;23;157
26;2025-12-07;0;48
26;2025-12-07;1;4
26;2025-12-07;2;0
26;2025-12-07;3;0
26;2025-12-07;4;1
26;2025-12-07;5;25
26;2025-12-07;6;160
26;2025-12-07;7;265
26;2025-12-07;8;395
26;2025-12-07;9;531
26;2025-12-07;10;598
26;2025-12-07;11;814
26;2025-12-07;12;847
26;2025-12-07;13;888
26;2025-12-07;14;886
26;2025-12-07;15;822
26;2025-12-07;16;783
26;2025-12-07;17;800
26;2025-12-07;18;712
26;2025-12-07;19;540
26;2025-12-07;20;405
26;2025-12-07;21;291
26;2025-12-07;22;171
26;2025-12-07;23;104
26;2025-12-08;0;26
26;2025-12-08;1;2
26;2025-12-08;2;0
26;2025-12-08;3;0
26;2025-12-08;4;1
26;2025-12-08;5;94
26;2025-12-08;6;483
26;2025-12-08;7;1149
26;2025-12-08;8;2249
26;2025-12-08;9;1470
26;2025-12-08;10;1211
26;2025-12-08;11;1065
26;2025-12-08;12;1094
26;2025-12-08;13;1160
26;2025-12-08;14;1266
26;2025-12-08;15;1342
26;2025-12-08;16;1463
26;2025-12-08;17;1751
26;2025-12-08;18;1920
26;2025-12-08;19;1237
26;2025-12-08;20;756
26;2025-12-08;21;475
26;2025-12-08;22;206
26;2025-12-08;23;109
26;2025-12-09;0;31
26;2025-12-09;1;0
26;2025-12-09;2;0
26;2025-12-09;3;0
26;2025-12-09;4;2
26;2025-12-09;5;97
26;2025-12-09;6;483
26;2025-12-09;7;1131
26;2025-12-09;8;2260
26;2025-12-09;9;1518
26;2025-12-09;10;1226
26;2025-12-09;11;1163
26;2025-12-09;12;1187
26;2025-12-09;13;1200
26;2025-12-09;14;1356
26;2025-12-09;15;1399
26;2025-12-09;16;1514
26;2025-12-09;17;1766
26;2025-12-09;18;1898
26;2025-12-09;19;1278
26;2025-12-09;20;787
26;2025-12-09;21;497
26;2025-12-09;22;219
26;2025-12-09;23;126
26;2025-12-10;0;32
26;2025-12-10;1;0
26;2025-12-10;2;0
26;2025-12-10;3;0
26;2025-12-10;4;2
26;2025-12-10;5;107
26;2025-12-10;6;494
26;2025-12-10;7;1150
26;2025-12-10;8;2257
26;2025-12-10;9;1527
26;2025-12-10;10;1232
26;2025-12-10;11;1166
26;2025-12-10;12;1189
26;2025-12-10;13;1199
26;2025-12-10;14;1356
26;2025-12-10;15;1401
26;2025-12-10;16;1516
26;2025-12-10;17;1767
26;2025-12-10;18;1896
26;2025-12-10;19;1277
26;2025-12-10;20;787
26;2025-12-10;21;498
26;2025-12-10;22;221
26;2025-12-10;23;130
26;2025-12-11;0;32
26;2025-12-11;1;0
26;2025-12-11;2;0
26;2025-12-11;3;0
26;2025-12-11;4;2
26;2025-12-11;5;96
26;2025-12-11;6;482
26;2025-12-11;7;1130
26;2025-12-11;8;2252
26;2025-12-11;9;1510
26;2025-12-11;10;1221
26;2025-12-11;11;1160
26;2025-12-11;12;1185
26;2025-12-11;13;1195
26;2025-12-11;14;1356
26;2025-12-11;15;1400
26;2025-12-11;16;1513
26;2025-12-11;17;1760
26;2025-12-11;18;1883
26;2025-12-11;19;1283
26;2025-12-11;20;790
26;2025-12-11;21;499
26;2025-12-11;22;221
26;2025-12-11;23;131
26;2025-12-12;0;31
26;2025-12-12;1;1
26;2025-12-12;2;0
26;2025-12-12;3;0
26;2025-12-12;4;1
26;2025-12-12;5;82
26;2025-12-12;6;485
26;2025-12-12;7;1052
26;2025-12-12;8;2123
26;2025-12-12;9;1383
26;2025-12-12;10;1213
26;2025-12-12;11;1108
26;2025-12-12;12;1126
26;2025-12-12;13;1148
26;2025-12-12;14;1299
26;2025-12-12;15;1343
26;2025-12-12;16;1563
26;2025-12-12;17;1713
26;2025-12-12;18;1335
26;2025-12-12;19;1044
26;2025-12-12;20;670
26;2025-12-12;21;460
26;2025-12-12;22;201
26;2025-12-12;23;150
26;2025-12-13;0;48
26;2025-12-13;1;2
26;2025-12-13;2;0
26;2025-12-13;3;0
26;2025-12-13;4;2
26;2025-12-13;5;48
26;2025-12-13;6;244
26;2025-12-13;7;362
26;2025-12-13;8;599
26;2025-12-13;9;697
26;2025-12-13;10;830
26;2025-12-13;11;975
26;2025-12-13;12;1060
26;2025-12-13;13;1068
26;2025-12-13;14;1105
26;2025-12-13;15;1020
26;2025-12-13;16;1046
26;2025-12-13;17;975
26;2025-12-13;18;915
26;2025-12-13;19;778
26;2025-12-13;20;518
26;2025-12-13;21;343
26;2025-12-13;22;215
26;2025-12-13;23;150
26;2025-12-14;0;48
26;2025-12-14;1;5
26;2025-12-14;2;0
26;2025-12-14;3;0
26;2025-12-14;4;1
26;2025-12-14;5;15
26;2025-12-14;6;144
26;2025-12-14;7;241
26;2025-12-14;8;370
26;2025-12-14;9;508
26;2025-12-14;10;574
26;2025-12-14;11;793
26;2025-12-14;12;821
26;2025-12-14;13;860
26;2025-12-14;14;861
26;2025-12-14;15;802
26;2025-12-14;16;767
26;2025-12-14;17;783
26;2025-12-14;18;709
26;2025-12-14;19;536
26;2025-12-14;20;400
26;2025-12-14;21;287
26;2025-12-14;22;171
26;2025-12-14;23;104
26;2025-12-15;0;26
26;2025-12-15;1;2
26;2025-12-15;2;0
26;2025-12-15;3;0
26;2025-12-15;4;1
26;2025-12-15;5;94
26;2025-12-15;6;484
26;2025-12-15;7;1148
26;2025-12-15;8;2251
26;2025-12-15;9;1474
26;2025-12-15;10;1215
26;2025-12-15;11;1050
26;2025-12-15;12;1092
26;2025-12-15;13;1155
26;2025-12-15;14;1262
26;2025-12-15;15;1341
26;2025-12-15;16;1464
26;2025-12-15;17;1753
26;2025-12-15;18;1924
26;2025-12-15;19;1243
26;2025-12-15;20;757
26;2025-12-15;21;475
26;2025-12-15;22;206
26;2025-12-15;23;109
26;2025-12-16;0;31
26;2025-12-16;1;0
26;2025-12-16;2;0
26;2025-12-16;3;0
26;2025-12-16;4;2
26;2025-12-16;5;95
26;2025-12-16;6;481
26;2025-12-16;7;1127
26;2025-12-16;8;2254
26;2025-12-16;9;1511
26;2025-12-16;10;1223
26;2025-12-16;11;1167
26;2025-12-16;12;1194
26;2025-12-16;13;1184
26;2025-12-16;14;1352
26;2025-12-16;15;1400
26;2025-12-16;16;1516
26;2025-12-16;17;1767
26;2025-12-16;18;1899
26;2025-12-16;19;1277
26;2025-12-16;20;786
26;2025-12-16;21;495
26;2025-12-16;22;217
26;2025-12-16;23;125
26;2025-12-17;0;31
26;2025-12-17;1;0
26;2025-12-17;2;0
26;2025-12-17;3;0
26;2025-12-17;4;2
26;2025-12-17;5;96
26;2025-12-17;6;482
26;2025-12-17;7;1131
26;2025-12-17;8;2258
26;2025-12-17;9;1516
26;2025-12-17;10;1223
26;2025-12-17;11;1164
26;2025-12-17;12;1188
26;2025-12-17;13;1198
26;2025-12-17;14;1356
26;2025-12-17;15;1401
26;2025-12-17;16;1517
26;2025-12-17;17;1768
26;2025-12-17;18;1897
26;2025-12-17;19;1276
26;2025-12-17;20;787
26;2025-12-17;21;497
26;2025-12-17;22;220
26;2025-12-17;23;130
26;2025-12-18;0;32
26;2025-12-18;1;0
26;2025-12-18;2;0
26;2025-12-18;3;0
26;2025-12-18;4;2
26;2025-12-18;5;96
26;2025-12-18;6;482
26;2025-12-18;7;1130
26;2025-12-18;8;2255
26;2025-12-18;9;1514
26;2025-12-18;10;1224
26;2025-12-18;11;1165
26;2025-12-18;12;1189
26;2025-12-18;13;1198
26;2025-12-18;14;1356
26;2025-12-18;15;1401
26;2025-12-18;16;1516
26;2025-12-18;17;1768
26;2025-12-18;18;1897
26;2025-12-18;19;1276
26;2025-12-18;20;785
26;2025-12-18;21;496
26;2025-12-18;22;220
26;2025-12-18;23;131
26;2025-12-19;0;30
26;2025-12-19;1;1
26;2025-12-19;2;0
26;2025-12-19;3;0
26;2025-12-19;4;1
26;2025-12-19;5;81
26;2025-12-19;6;484
26;2025-12-19;7;1049
26;2025-12-19;8;2119
26;2025-12-19;9;1379
26;2025-12-19;10;1216
26;2025-12-19;11;1107
26;2025-12-19;12;1136
26;2025-12-19;13;1167
26;2025-12-19;14;1315
26;2025-12-19;15;1371
26;2025-12-19;16;1590
26;2025-12-19;17;1719
26;2025-12-19;18;1334
26;2025-12-19;19;1048
26;2025-12-19;20;669
26;2025-12-19;21;458
26;2025-12-19;22;207
26;2025-12-19;23;150
26;2025-12-20;0;49
26;2025-12-20;1;2
26;2025-12-20;2;0
26;2025-12-20;3;0
26;2025-12-20;4;2
26;2025-12-20;5;53
26;2025-12-20;6;253
26;2025-12-20;7;377
26;2025-12-20;8;613
26;2025-12-20;9;718
26;2025-12-20;10;850
26;2025-12-20;11;995
26;2025-12-20;12;1091
26;2025-12-20;13;1100
26;2025-12-20;14;1131
26;2025-12-20;15;1040
26;2025-12-20;16;1067
26;2025-12-20;17;997
26;2025-12-20;18;920
26;2025-12-20;19;784
26;2025-12-20;20;535
26;2025-12-20;21;357
26;2025-12-20;22;218
26;2025-12-20;23;155
26;2025-12-21;0;48
26;2025-12-21;1;4
26;2025-12-21;2;0
26;2025-12-21;3;0
26;2025-12-21;4;1
26;2025-12-21;5;25
26;2025-12-21;6;159
26;2025-12-21;7;265
26;2025-12-21;8;395
26;2025-12-21;9;531
26;2025-12-21;10;598
26;2025-12-21;11;814
26;2025-12-21;12;847
26;2025-12-21;13;886
26;2025-12-21;14;884
26;2025-12-21;15;820
26;2025-12-21;16;783
26;2025-12-21;17;799
26;2025-12-21;18;711
26;2025-12-21;19;540
26;2025-12-21;20;405
26;2025-12-21;21;291
26;2025-12-21;22;166
26;2025-12-21;23;103
26;2025-12-22;0;26
26;2025-12-22;1;2
26;2025-12-22;2;0
26;2025-12-22;3;0
26;2025-12-22;4;1
26;2025-12-22;5;94
26;2025-12-22;6;483
26;2025-12-22;7;1149
26;2025-12-22;8;2251
26;2025-12-22;9;1474
26;2025-12-22;10;1221
26;2025-12-22;11;1061
26;2025-12-22;12;1091
26;2025-12-22;13;1161
26;2025-12-22;14;1266
26;2025-12-22;15;1339
26;2025-12-22;16;1463
26;2025-12-22;17;1748
26;2025-12-22;18;1914
26;2025-12-22;19;1235
26;2025-12-22;20;754
26;2025-12-22;21;474
26;2025-12-22;22;203
26;2025-12-22;23;104
26;2025-12-23;0;31
26;2025-12-23;1;0
26;2025-12-23;2;0
26;2025-12-23;3;0
26;2025-12-23;4;2
26;2025-12-23;5;98
26;2025-12-23;6;485
26;2025-12-23;7;1133
26;2025-12-23;8;2262
26;2025-12-23;9;1522
26;2025-12-23;10;1224
26;2025-12-23;11;1163
26;2025-12-23;12;1187
26;2025-12-23;13;1197
26;2025-12-23;14;1352
26;2025-12-23;15;1396
26;2025-12-23;16;1511
26;2025-12-23;17;1762
26;2025-12-23;18;1898
26;2025-12-23;19;1281
26;2025-12-23;20;787
26;2025-12-23;21;496
26;2025-12-23;22;217
26;2025-12-23;23;124
26;2025-12-24;0;31
26;2025-12-24;1;0
26;2025-12-24;2;0
26;2025-12-24;3;0
26;2025-12-24;4;2
26;2025-12-24;5;95
26;2025-12-24;6;479
26;2025-12-24;7;1127
26;2025-12-24;8;2251
26;2025-12-24;9;1515
26;2025-12-24;10;1223
26;2025-12-24;11;1165
26;2025-12-24;12;1174
26;2025-12-24;13;1185
26;2025-12-24;14;1356
26;2025-12-24;15;1389
26;2025-12-24;16;1514
26;2025-12-24;17;1765
26;2025-12-24;18;1884
26;2025-12-24;19;1277
26;2025-12-24;20;782
26;2025-12-24;21;487
26;2025-12-24;22;211
26;2025-12-24;23;124
26;2025-12-25;0;32
26;2025-12-25;1;0
26;2025-12-25;2;0
26;2025-12-25;3;0
26;2025-12-25;4;2
26;2025-12-25;5;97
26;2025-12-25;6;486
26;2025-12-25;7;1124
26;2025-12-25;8;2247
26;2025-12-25;9;1507
26;2025-12-25;10;1217
26;2025-12-25;11;1157
26;2025-12-25;12;1182
26;2025-12-25;13;1192
26;2025-12-25;14;1350
26;2025-12-25;15;1393
26;2025-12-25;16;1519
26;2025-12-25;17;1760
26;2025-12-25;18;1885
26;2025-12-25;19;1281
26;2025-12-25;20;788
26;2025-12-25;21;499
26;2025-12-25;22;222
26;2025-12-25;23;130
26;2025-12-26;0;29
26;2025-12-26;1;1
26;2025-12-26;2;0
26;2025-12-26;3;0
26;2025-12-26;4;1
26;2025-12-26;5;75
26;2025-12-26;6;485
26;2025-12-26;7;1053
26;2025-12-26;8;2138
26;2025-12-26;9;1376
26;2025-12-26;10;1201
26;2025-12-26;11;1102
26;2025-12-26;12;1118
26;2025-12-26;13;1153
26;2025-12-26;14;1301
26;2025-12-26;15;1363
26;2025-12-26;16;1579
26;2025-12-26;17;1712
26;2025-12-26;18;1331
26;2025-12-26;19;1051
26;2025-12-26;20;665
26;2025-12-26;21;453
26;2025-12-26;22;201
26;2025-12-26;23;152
26;2025-12-27;0;49
26;2025-12-27;1;2
26;2025-12-27;2;0
26;2025-12-27;3;0
26;2025-12-27;4;2
26;2025-12-27;5;54
26;2025-12-27;6;253
26;2025-12-27;7;377
26;2025-12-27;8;613
26;2025-12-27;9;708
26;2025-12-27;10;852
26;2025-12-27;11;998
26;2025-12-27;12;1086
26;2025-12-27;13;1095
26;2025-12-27;14;1126
26;2025-12-27;15;1028
26;2025-12-27;16;1055
26;2025-12-27;17;985
26;2025-12-27;18;914
26;2025-12-27;19;777
26;2025-12-27;20;528
26;2025-12-27;21;352
26;2025-12-27;22;213
26;2025-12-27;23;154
26;2025-12-28;0;48
26;2025-12-28;1;4
26;2025-12-28;2;0
26;2025-12-28;3;0
26;2025-12-28;4;1
26;2025-12-28;5;28
26;2025-12-28;6;165
26;2025-12-28;7;270
26;2025-12-28;8;411
26;2025-12-28;9;535
26;2025-12-28;10;592
26;2025-12-28;11;795
26;2025-12-28;12;814
26;2025-12-28;13;850
26;2025-12-28;14;844
26;2025-12-28;15;783
26;2025-12-28;16;768
26;2025-12-28;17;783
26;2025-12-28;18;700
26;2025-12-28;19;528
26;2025-12-28;20;392
26;2025-12-28;21;280
26;2025-12-28;22;162
26;2025-12-28;23;100
26;2025-12-29;0;24
26;2025-12-29;1;2
26;2025-12-29;2;0
26;2025-12-29;3;0
26;2025-12-29;4;1
26;2025-12-29;5;82
26;2025-12-29;6;433
26;2025-12-29;7;1025
26;2025-12-29;8;1994
26;2025-12-29;9;1308
26;2025-12-29;10;1070
26;2025-12-29;11;940
26;2025-12-29;12;965
26;2025-12-29;13;1023
26;2025-12-29;14;1120
26;2025-12-29;15;1191
26;2025-12-29;16;1303
26;2025-12-29;17;1559
26;2025-12-29;18;1709
26;2025-12-29;19;1119
26;2025-12-29;20;674
26;2025-12-29;21;418
26;2025-12-29;22;180
26;2025-12-29;23;92
26;2025-12-30;0;28
26;2025-12-30;1;1
26;2025-12-30;2;0
26;2025-12-30;3;0
26;2025-12-30;4;2
26;2025-12-30;5;81
26;2025-12-30;6;426
26;2025-12-30;7;1012
26;2025-12-30;8;2018
26;2025-12-30;9;1348
26;2025-12-30;10;1084
26;2025-12-30;11;1025
26;2025-12-30;12;1040
26;2025-12-30;13;1050
26;2025-12-30;14;1188
26;2025-12-30;15;1240
26;2025-12-30;16;1341
26;2025-12-30;17;1560
26;2025-12-30;18;1683
26;2025-12-30;19;1143
26;2025-12-30;20;695
26;2025-12-30;21;433
26;2025-12-30;22;189
26;2025-12-30;23;107
26;2025-12-31;0;43
26;2025-12-31;1;4
26;2025-12-31;2;0
26;2025-12-31;3;0
26;2025-12-31;4;1
26;2025-12-31;5;13
26;2025-12-31;6;105
26;2025-12-31;7;171
26;2025-12-31;8;271
26;2025-12-31;9;354
26;2025-12-31;10;401
26;2025-12-31;11;559
26;2025-12-31;12;613
26;2025-12-31;13;628
26;2025-12-31;14;628
26;2025-12-31;15;593
26;2025-12-31;16;594
26;2025-12-31;17;609
26;2025-12-31;18;538
26;2025-12-31;19;413
26;2025-12-31;20;312
26;2025-12-31;21;212
26;2025-12-31;22;109
26;2025-12-31;23;59
28;2025-11-01;0;0
28;2025-11-01;1;0
28;2025-11-01;2;0
28;2025-11-01;3;0
28;2025-11-01;4;1
28;2025-11-01;5;69
28;2025-11-01;6;244
28;2025-11-01;7;738
28;2025-11-01;8;1134
28;2025-11-01;9;754
28;2025-11-01;10;552
28;2025-11-01;11;530
28;2025-11-01;12;697
28;2025-11-01;13;656
28;2025-11-01;14;631
28;2025-11-01;15;668
28;2025-11-01;16;833
28;2025-11-01;17;856
28;2025-11-01;18;767
28;2025-11-01;19;580
28;2025-11-01;20;400
28;2025-11-01;21;293
28;2025-11-01;22;108
28;2025-11-01;23;18
28;2025-11-02;0;0
28;2025-11-02;1;0
28;2025-11-02;2;0
28;2025-11-02;3;0
28;2025-11-02;4;0
28;2025-11-02;5;31
28;2025-11-02;6;80
28;2025-11-02;7;172
28;2025-11-02;8;272
28;2025-11-02;9;367
28;2025-11-02;10;409
28;2025-11-02;11;447
28;2025-11-02;12;488
28;2025-11-02;13;561
28;2025-11-02;14;557
28;2025-11-02;15;540
28;2025-11-02;16;492
28;2025-11-02;17;500
28;2025-11-02;18;457
28;2025-11-02;19;387
28;2025-11-02;20;311
28;2025-11-02;21;252
28;2025-11-02;22;114
28;2025-11-02;23;12
28;2025-11-03;0;0
28;2025-11-03;1;0
28;2025-11-03;2;0
28;2025-11-03;3;0
28;2025-11-03;4;0
28;2025-11-03;5;37
28;2025-11-03;6;90
28;2025-11-03;7;185
28;2025-11-03;8;275
28;2025-11-03;9;363
28;2025-11-03;10;398
28;2025-11-03;11;423
28;2025-11-03;12;454
28;2025-11-03;13;534
28;2025-11-03;14;521
28;2025-11-03;15;508
28;2025-11-03;16;481
28;2025-11-03;17;488
28;2025-11-03;18;448
28;2025-11-03;19;389
28;2025-11-03;20;321
28;2025-11-03;21;259
28;2025-11-03;22;125
28;2025-11-03;23;26
28;2025-11-04;0;0
28;2025-11-04;1;0
28;2025-11-04;2;0
28;2025-11-04;3;0
28;2025-11-04;4;0
28;2025-11-04;5;34
28;2025-11-04;6;86
28;2025-11-04;7;178
28;2025-11-04;8;270
28;2025-11-04;9;347
28;2025-11-04;10;378
28;2025-11-04;11;413
28;2025-11-04;12;434
28;2025-11-04;13;523
28;2025-11-04;14;538
28;2025-11-04;15;519
28;2025-11-04;16;475
28;2025-11-04;17;482
28;2025-11-04;18;446
28;2025-11-04;19;384
28;2025-11-04;20;317
28;2025-11-04;21;257
28;2025-11-04;22;121
28;2025-11-04;23;23
28;2025-11-05;0;0
28;2025-11-05;1;0
28;2025-11-05;2;0
28;2025-11-05;3;0
28;2025-11-05;4;1
28;2025-11-05;5;80
28;2025-11-05;6;261
28;2025-11-05;7;811
28;2025-11-05;8;1283
28;2025-11-05;9;868
28;2025-11-05;10;623
28;2025-11-05;11;592
28;2025-11-05;12;695
28;2025-11-05;13;710
28;2025-11-05;14;702
28;2025-11-05;15;739
28;2025-11-05;16;906
28;2025-11-05;17;1059
28;2025-11-05;18;1043
28;2025-11-05;19;803
28;2025-11-05;20;544
28;2025-11-05;21;337
28;2025-11-05;22;126
28;2025-11-05;23;12
28;2025-11-06;0;0
28;2025-11-06;1;0
28;2025-11-06;2;0
28;2025-11-06;3;0
28;2025-11-06;4;1
28;2025-11-06;5;80
28;2025-11-06;6;263
28;2025-11-06;7;813
28;2025-11-06;8;1286
28;2025-11-06;9;869
28;2025-11-06;10;625
28;2025-11-06;11;591
28;2025-11-06;12;696
28;2025-11-06;13;710
28;2025-11-06;14;701
28;2025-11-06;15;739
28;2025-11-06;16;907
28;2025-11-06;17;1060
28;2025-11-06;18;1044
28;2025-11-06;19;803
28;2025-11-06;20;546
28;2025-11-06;21;338
28;2025-11-06;22;127
28;2025-11-06;23;12
28;2025-11-07;0;0
28;2025-11-07;1;0
28;2025-11-07;2;0
28;2025-11-07;3;0
28;2025-11-07;4;2
28;2025-11-07;5;83
28;2025-11-07;6;284
28;2025-11-07;7;859
28;2025-11-07;8;1325
28;2025-11-07;9;873
28;2025-11-07;10;633
28;2025-11-07;11;612
28;2025-11-07;12;812
28;2025-11-07;13;756
28;2025-11-07;14;729
28;2025-11-07;15;769
28;2025-11-07;16;965
28;2025-11-07;17;992
28;2025-11-07;18;891
28;2025-11-07;19;668
28;2025-11-07;20;459
28;2025-11-07;21;341
28;2025-11-07;22;124
28;2025-11-07;23;20
28;2025-11-08;0;1
28;2025-11-08;1;0
28;2025-11-08;2;0
28;2025-11-08;3;0
28;2025-11-08;4;1
28;2025-11-08;5;39
28;2025-11-08;6;113
28;2025-11-08;7;243
28;2025-11-08;8;415
28;2025-11-08;9;479
28;2025-11-08;10;505
28;2025-11-08;11;518
28;2025-11-08;12;616
28;2025-11-08;13;645
28;2025-11-08;14;603
28;2025-11-08;15;619
28;2025-11-08;16;631
28;2025-11-08;17;603
28;2025-11-08;18;535
28;2025-11-08;19;410
28;2025-11-08;20;300
28;2025-11-08;21;263
28;2025-11-08;22;118
28;2025-11-08;23;15
28;2025-11-09;0;0
28;2025-11-09;1;0
28;2025-11-09;2;0
28;2025-11-09;3;0
28;2025-11-09;4;0
28;2025-11-09;5;32
28;2025-11-09;6;82
28;2025-11-09;7;176
28;2025-11-09;8;277
28;2025-11-09;9;369
28;2025-11-09;10;410
28;2025-11-09;11;448
28;2025-11-09;12;487
28;2025-11-09;13;577
28;2025-11-09;14;560
28;2025-11-09;15;541
28;2025-11-09;16;493
28;2025-11-09;17;501
28;2025-11-09;18;459
28;2025-11-09;19;390
28;2025-11-09;20;315
28;2025-11-09;21;255
28;2025-11-09;22;114
28;2025-11-09;23;12
28;2025-11-10;0;0
28;2025-11-10;1;0
28;2025-11-10;2;0
28;2025-11-10;3;0
28;2025-11-10;4;2
28;2025-11-10;5;76
28;2025-11-10;6;277
28;2025-11-10;7;781
28;2025-11-10;8;1291
28;2025-11-10;9;850
28;2025-11-10;10;646
28;2025-11-10;11;552
28;2025-11-10;12;678
28;2025-11-10;13;692
28;2025-11-10;14;639
28;2025-11-10;15;654
28;2025-11-10;16;883
28;2025-11-10;17;1005
28;2025-11-10;18;991
28;2025-11-10;19;736
28;2025-11-10;20;479
28;2025-11-10;21;303
28;2025-11-10;22;115
28;2025-11-10;23;5
28;2025-11-11;0;0
28;2025-11-11;1;0
28;2025-11-11;2;0
28;2025-11-11;3;0
28;2025-11-11;4;1
28;2025-11-11;5;80
28;2025-11-11;6;262
28;2025-11-11;7;812
28;2025-11-11;8;1287
28;2025-11-11;9;869
28;2025-11-11;10;624
28;2025-11-11;11;585
28;2025-11-11;12;690
28;2025-11-11;13;709
28;2025-11-11;14;698
28;2025-11-11;15;736
28;2025-11-11;16;902
28;2025-11-11;17;1055
28;2025-11-11;18;1041
28;2025-11-11;19;801
28;2025-11-11;20;543
28;2025-11-11;21;336
28;2025-11-11;22;126
28;2025-11-11;23;13
28;2025-11-12;0;0
28;2025-11-12;1;0
28;2025-11-12;2;0
28;2025-11-12;3;0
28;2025-11-12;4;1
28;2025-11-12;5;79
28;2025-11-12;6;260
28;2025-11-12;7;810
28;2025-11-12;8;1286
28;2025-11-12;9;867
28;2025-11-12;10;624
28;2025-11-12;11;589
28;2025-11-12;12;693
28;2025-11-12;13;708
28;2025-11-12;14;699
28;2025-11-12;15;737
28;2025-11-12;16;903
28;2025-11-12;17;1057
28;2025-11-12;18;1042
28;2025-11-12;19;801
28;2025-11-12;20;543
28;2025-11-12;21;337
28;2025-11-12;22;126
28;2025-11-12;23;13
28;2025-11-13;0;0
28;2025-11-13;1;0
28;2025-11-13;2;0
28;2025-11-13;3;0
28;2025-11-13;4;1
28;2025-11-13;5;79
28;2025-11-13;6;261
28;2025-11-13;7;811
28;2025-11-13;8;1284
28;2025-11-13;9;868
28;2025-11-13;10;624
28;2025-11-13;11;590
28;2025-11-13;12;695
28;2025-11-13;13;711
28;2025-11-13;14;700
28;2025-11-13;15;739
28;2025-11-13;16;906
28;2025-11-13;17;1059
28;2025-11-13;18;1044
28;2025-11-13;19;803
28;2025-11-13;20;544
28;2025-11-13;21;337
28;2025-11-13;22;126
28;2025-11-13;23;12
28;2025-11-14;0;0
28;2025-11-14;1;0
28;2025-11-14;2;0
28;2025-11-14;3;0
28;2025-11-14;4;2
28;2025-11-14;5;80
28;2025-11-14;6;283
28;2025-11-14;7;857
28;2025-11-14;8;1323
28;2025-11-14;9;874
28;2025-11-14;10;639
28;2025-11-14;11;614
28;2025-11-14;12;814
28;2025-11-14;13;757
28;2025-11-14;14;729
28;2025-11-14;15;770
28;2025-11-14;16;965
28;2025-11-14;17;992
28;2025-11-14;18;888
28;2025-11-14;19;668
28;2025-11-14;20;457
28;2025-11-14;21;339
28;2025-11-14;22;122
28;2025-11-14;23;20
28;2025-11-15;0;1
28;2025-11-15;1;0
28;2025-11-15;2;0
28;2025-11-15;3;0
28;2025-11-15;4;1
28;2025-11-15;5;41
28;2025-11-15;6;113
28;2025-11-15;7;244
28;2025-11-15;8;421
28;2025-11-15;9;481
28;2025-11-15;10;494
28;2025-11-15;11;502
28;2025-11-15;12;600
28;2025-11-15;13;627
28;2025-11-15;14;601
28;2025-11-15;15;616
28;2025-11-15;16;626
28;2025-11-15;17;598
28;2025-11-15;18;525
28;2025-11-15;19;400
28;2025-11-15;20;297
28;2025-11-15;21;262
28;2025-11-15;22;117
28;2025-11-15;23;16
28;2025-11-16;0;1
28;2025-11-16;1;0
28;2025-11-16;2;0
28;2025-11-16;3;0
28;2025-11-16;4;0
28;2025-11-16;5;22
28;2025-11-16;6;78
28;2025-11-16;7;165
28;2025-11-16;8;254
28;2025-11-16;9;357
28;2025-11-16;10;397
28;2025-11-16;11;440
28;2025-11-16;12;479
28;2025-11-16;13;569
28;2025-11-16;14;552
28;2025-11-16;15;530
28;2025-11-16;16;487
28;2025-11-16;17;494
28;2025-11-16;18;447
28;2025-11-16;19;378
28;2025-11-16;20;306
28;2025-11-16;21;248
28;2025-11-16;22;112
28;2025-11-16;23;13
28;2025-11-17;0;0
28;2025-11-17;1;0
28;2025-11-17;2;0
28;2025-11-17;3;0
28;2025-11-17;4;2
28;2025-11-17;5;75
28;2025-11-17;6;277
28;2025-11-17;7;777
28;2025-11-17;8;1288
28;2025-11-17;9;845
28;2025-11-17;10;650
28;2025-11-17;11;553
28;2025-11-17;12;680
28;2025-11-17;13;681
28;2025-11-17;14;634
28;2025-11-17;15;650
28;2025-11-17;16;878
28;2025-11-17;17;1001
28;2025-11-17;18;987
28;2025-11-17;19;731
28;2025-11-17;20;478
28;2025-11-17;21;306
28;2025-11-17;22;114
28;2025-11-17;23;5
28;2025-11-18;0;0
28;2025-11-18;1;0
28;2025-11-18;2;0
28;2025-11-18;3;0
28;2025-11-18;4;2
28;2025-11-18;5;71
28;2025-11-18;6;260
28;2025-11-18;7;814
28;2025-11-18;8;1295
28;2025-11-18;9;865
28;2025-11-18;10;606
28;2025-11-18;11;585
28;2025-11-18;12;691
28;2025-11-18;13;705
28;2025-11-18;14;694
28;2025-11-18;15;737
28;2025-11-18;16;904
28;2025-11-18;17;1055
28;2025-11-18;18;1039
28;2025-11-18;19;800
28;2025-11-18;20;544
28;2025-11-18;21;335
28;2025-11-18;22;125
28;2025-11-18;23;13
28;2025-11-19;0;0
28;2025-11-19;1;0
28;2025-11-19;2;0
28;2025-11-19;3;0
28;2025-11-19;4;1
28;2025-11-19;5;79
28;2025-11-19;6;261
28;2025-11-19;7;809
28;2025-11-19;8;1287
28;2025-11-19;9;868
28;2025-11-19;10;621
28;2025-11-19;11;586
28;2025-11-19;12;688
28;2025-11-19;13;704
28;2025-11-19;14;693
28;2025-11-19;15;733
28;2025-11-19;16;899
28;2025-11-19;17;1053
28;2025-11-19;18;1038
28;2025-11-19;19;798
28;2025-11-19;20;542
28;2025-11-19;21;336
28;2025-11-19;22;125
28;2025-11-19;23;13
28;2025-11-20;0;0
28;2025-11-20;1;0
28;2025-11-20;2;0
28;2025-11-20;3;0
28;2025-11-20;4;1
28;2025-11-20;5;79
28;2025-11-20;6;260
28;2025-11-20;7;808
28;2025-11-20;8;1283
28;2025-11-20;9;866
28;2025-11-20;10;621
28;2025-11-20;11;585
28;2025-11-20;12;687
28;2025-11-20;13;703
28;2025-11-20;14;692
28;2025-11-20;15;732
28;2025-11-20;16;898
28;2025-11-20;17;1052
28;2025-11-20;18;1037
28;2025-11-20;19;796
28;2025-11-20;20;540
28;2025-11-20;21;334
28;2025-11-20;22;124
28;2025-11-20;23;13
28;2025-11-21;0;0
28;2025-11-21;1;0
28;2025-11-21;2;0
28;2025-11-21;3;0
28;2025-11-21;4;2
28;2025-11-21;5;83
28;2025-11-21;6;284
28;2025-11-21;7;852
28;2025-11-21;8;1322
28;2025-11-21;9;870
28;2025-11-21;10;633
28;2025-11-21;11;607
28;2025-11-21;12;797
28;2025-11-21;13;749
28;2025-11-21;14;721
28;2025-11-21;15;764
28;2025-11-21;16;962
28;2025-11-21;17;988
28;2025-11-21;18;882
28;2025-11-21;19;663
28;2025-11-21;20;456
28;2025-11-21;21;339
28;2025-11-21;22;122
28;2025-11-21;23;21
28;2025-11-22;0;1
28;2025-11-22;1;0
28;2025-11-22;2;0
28;2025-11-22;3;0
28;2025-11-22;4;1
28;2025-11-22;5;40
28;2025-11-22;6;112
28;2025-11-22;7;240
28;2025-11-22;8;417
28;2025-11-22;9;478
28;2025-11-22;10;509
28;2025-11-22;11;518
28;2025-11-22;12;612
28;2025-11-22;13;644
28;2025-11-22;14;601
28;2025-11-22;15;617
28;2025-11-22;16;626
28;2025-11-22;17;598
28;2025-11-22;18;527
28;2025-11-22;19;401
28;2025-11-22;20;298
28;2025-11-22;21;260
28;2025-11-22;22;117
28;2025-11-22;23;17
28;2025-11-23;0;1
28;2025-11-23;1;0
28;2025-11-23;2;0
28;2025-11-23;3;0
28;2025-11-23;4;0
28;2025-11-23;5;28
28;2025-11-23;6;80
28;2025-11-23;7;169
28;2025-11-23;8;273
28;2025-11-23;9;364
28;2025-11-23;10;405
28;2025-11-23;11;444
28;2025-11-23;12;482
28;2025-11-23;13;572
28;2025-11-23;14;554
28;2025-11-23;15;536
28;2025-11-23;16;487
28;2025-11-23;17;494
28;2025-11-23;18;445
28;2025-11-23;19;378
28;2025-11-23;20;307
28;2025-11-23;21;249
28;2025-11-23;22;113
28;2025-11-23;23;12
28;2025-11-24;0;0
28;2025-11-24;1;0
28;2025-11-24;2;0
28;2025-11-24;3;0
28;2025-11-24;4;2
28;2025-11-24;5;69
28;2025-11-24;6;271
28;2025-11-24;7;785
28;2025-11-24;8;1287
28;2025-11-24;9;852
28;2025-11-24;10;635
28;2025-11-24;11;547
28;2025-11-24;12;684
28;2025-11-24;13;696
28;2025-11-24;14;640
28;2025-11-24;15;657
28;2025-11-24;16;883
28;2025-11-24;17;1002
28;2025-11-24;18;987
28;2025-11-24;19;734
28;2025-11-24;20;477
28;2025-11-24;21;303
28;2025-11-24;22;114
28;2025-11-24;23;5
28;2025-11-25;0;0
28;2025-11-25;1;0
28;2025-11-25;2;0
28;2025-11-25;3;0
28;2025-11-25;4;1
28;2025-11-25;5;80
28;2025-11-25;6;262
28;2025-11-25;7;811
28;2025-11-25;8;1286
28;2025-11-25;9;870
28;2025-11-25;10;623
28;2025-11-25;11;586
28;2025-11-25;12;685
28;2025-11-25;13;703
28;2025-11-25;14;692
28;2025-11-25;15;732
28;2025-11-25;16;898
28;2025-11-25;17;1052
28;2025-11-25;18;1038
28;2025-11-25;19;798
28;2025-11-25;20;542
28;2025-11-25;21;336
28;2025-11-25;22;125
28;2025-11-25;23;13
28;2025-11-26;0;0
28;2025-11-26;1;0
28;2025-11-26;2;0
28;2025-11-26;3;0
28;2025-11-26;4;1
28;2025-11-26;5;81
28;2025-11-26;6;263
28;2025-11-26;7;818
28;2025-11-26;8;1305
28;2025-11-26;9;877
28;2025-11-26;10;623
28;2025-11-26;11;590
28;2025-11-26;12;691
28;2025-11-26;13;706
28;2025-11-26;14;695
28;2025-11-26;15;734
28;2025-11-26;16;899
28;2025-11-26;17;1054
28;2025-11-26;18;1039
28;2025-11-26;19;801
28;2025-11-26;20;544
28;2025-11-26;21;338
28;2025-11-26;22;127
28;2025-11-26;23;12
28;2025-11-27;0;0
28;2025-11-27;1;0
28;2025-11-27;2;0
28;2025-11-27;3;0
28;2025-11-27;4;1
28;2025-11-27;5;79
28;2025-11-27;6;261
28;2025-11-27;7;811
28;2025-11-27;8;1284
28;2025-11-27;9;868
28;2025-11-27;10;622
28;2025-11-27;11;589
28;2025-11-27;12;694
28;2025-11-27;13;709
28;2025-11-27;14;699
28;2025-11-27;15;738
28;2025-11-27;16;905
28;2025-11-27;17;1059
28;2025-11-27;18;1044
28;2025-11-27;19;804
28;2025-11-27;20;546
28;2025-11-27;21;340
28;2025-11-27;22;129
28;2025-11-27;23;13
28;2025-11-28;0;0
28;2025-11-28;1;0
28;2025-11-28;2;0
28;2025-11-28;3;0
28;2025-11-28;4;2
28;2025-11-28;5;80
28;2025-11-28;6;283
28;2025-11-28;7;856
28;2025-11-28;8;1322
28;2025-11-28;9;870
28;2025-11-28;10;633
28;2025-11-28;11;606
28;2025-11-28;12;805
28;2025-11-28;13;750
28;2025-11-28;14;722
28;2025-11-28;15;767
28;2025-11-28;16;962
28;2025-11-28;17;989
28;2025-11-28;18;882
28;2025-11-28;19;662
28;2025-11-28;20;454
28;2025-11-28;21;337
28;2025-11-28;22;122
28;2025-11-28;23;21
28;2025-11-29;0;1
28;2025-11-29;1;0
28;2025-11-29;2;0
28;2025-11-29;3;0
28;2025-11-29;4;1
28;2025-11-29;5;37
28;2025-11-29;6;113
28;2025-11-29;7;240
28;2025-11-29;8;414
28;2025-11-29;9;482
28;2025-11-29;10;509
28;2025-11-29;11;518
28;2025-11-29;12;614
28;2025-11-29;13;644
28;2025-11-29;14;601
28;2025-11-29;15;617
28;2025-11-29;16;626
28;2025-11-29;17;597
28;2025-11-29;18;525
28;2025-11-29;19;400
28;2025-11-29;20;298
28;2025-11-29;21;262
28;2025-11-29;22;118
28;2025-11-29;23;15
28;2025-11-30;0;1
28;2025-11-30;1;0
28;2025-11-30;2;0
28;2025-11-30;3;0
28;2025-11-30;4;0
28;2025-11-30;5;30
28;2025-11-30;6;82
28;2025-11-30;7;171
28;2025-11-30;8;273
28;2025-11-30;9;365
28;2025-11-30;10;405
28;2025-11-30;11;444
28;2025-11-30;12;481
28;2025-11-30;13;573
28;2025-11-30;14;557
28;2025-11-30;15;539
28;2025-11-30;16;490
28;2025-11-30;17;497
28;2025-11-30;18;455
28;2025-11-30;19;386
28;2025-11-30;20;312
28;2025-11-30;21;257
28;2025-11-30;22;115
28;2025-11-30;23;13
28;2025-12-01;0;0
28;2025-12-01;1;0
28;2025-12-01;2;0
28;2025-12-01;3;0
28;2025-12-01;4;2
28;2025-12-01;5;75
28;2025-12-01;6;278
28;2025-12-01;7;779
28;2025-12-01;8;1291
28;2025-12-01;9;850
28;2025-12-01;10;646
28;2025-12-01;11;552
28;2025-12-01;12;679
28;2025-12-01;13;692
28;2025-12-01;14;634
28;2025-12-01;15;650
28;2025-12-01;16;878
28;2025-12-01;17;1001
28;2025-12-01;18;990
28;2025-12-01;19;734
28;2025-12-01;20;477
28;2025-12-01;21;302
28;2025-12-01;22;113
28;2025-12-01;23;6
28;2025-12-02;0;0
28;2025-12-02;1;0
28;2025-12-02;2;0
28;2025-12-02;3;0
28;2025-12-02;4;1
28;2025-12-02;5;80
28;2025-12-02;6;262
28;2025-12-02;7;811
28;2025-12-02;8;1289
28;2025-12-02;9;871
28;2025-12-02;10;623
28;2025-12-02;11;584
28;2025-12-02;12;685
28;2025-12-02;13;703
28;2025-12-02;14;693
28;2025-12-02;15;732
28;2025-12-02;16;899
28;2025-12-02;17;1053
28;2025-12-02;18;1039
28;2025-12-02;19;799
28;2025-12-02;20;542
28;2025-12-02;21;336
28;2025-12-02;22;125
28;2025-12-02;23;13
28;2025-12-03;0;0
28;2025-12-03;1;0
28;2025-12-03;2;0
28;2025-12-03;3;0
28;2025-12-03;4;1
28;2025-12-03;5;79
28;2025-12-03;6;262
28;2025-12-03;7;810
28;2025-12-03;8;1288
28;2025-12-03;9;868
28;2025-12-03;10;622
28;2025-12-03;11;586
28;2025-12-03;12;688
28;2025-12-03;13;705
28;2025-12-03;14;694
28;2025-12-03;15;733
28;2025-12-03;16;900
28;2025-12-03;17;1054
28;2025-12-03;18;1039
28;2025-12-03;19;799
28;2025-12-03;20;542
28;2025-12-03;21;336
28;2025-12-03;22;125
28;2025-12-03;23;13
28;2025-12-04;0;0
28;2025-12-04;1;0
28;2025-12-04;2;0
28;2025-12-04;3;0
28;2025-12-04;4;1
28;2025-12-04;5;79
28;2025-12-04;6;261
28;2025-12-04;7;809
28;2025-12-04;8;1287
28;2025-12-04;9;867
28;2025-12-04;10;621
28;2025-12-04;11;585
28;2025-12-04;12;688
28;2025-12-04;13;705
28;2025-12-04;14;694
28;2025-12-04;15;734
28;2025-12-04;16;901
28;2025-12-04;17;1054
28;2025-12-04;18;1039
28;2025-12-04;19;799
28;2025-12-04;20;542
28;2025-12-04;21;338
28;2025-12-04;22;127
28;2025-12-04;23;13
28;2025-12-05;0;0
28;2025-12-05;1;0
28;2025-12-05;2;0
28;2025-12-05;3;0
28;2025-12-05;4;2
28;2025-12-05;5;79
28;2025-12-05;6;282
28;2025-12-05;7;855
28;2025-12-05;8;1322
28;2025-12-05;9;870
28;2025-12-05;10;633
28;2025-12-05;11;608
28;2025-12-05;12;806
28;2025-12-05;13;750
28;2025-12-05;14;722
28;2025-12-05;15;765
28;2025-12-05;16;963
28;2025-12-05;17;990
28;2025-12-05;18;883
28;2025-12-05;19;662
28;2025-12-05;20;455
28;2025-12-05;21;337
28;2025-12-05;22;123
28;2025-12-05;23;22
28;2025-12-06;0;1
28;2025-12-06;1;0
28;2025-12-06;2;0
28;2025-12-06;3;0
28;2025-12-06;4;1
28;2025-12-06;5;38
28;2025-12-06;6;115
28;2025-12-06;7;244
28;2025-12-06;8;419
28;2025-12-06;9;488
28;2025-12-06;10;515
28;2025-12-06;11;524
28;2025-12-06;12;625
28;2025-12-06;13;661
28;2025-12-06;14;618
28;2025-12-06;15;631
28;2025-12-06;16;641
28;2025-12-06;17;608
28;2025-12-06;18;540
28;2025-12-06;19;407
28;2025-12-06;20;304
28;2025-12-06;21;269
28;2025-12-06;22;121
28;2025-12-06;23;16
28;2025-12-07;0;1
28;2025-12-07;1;0
28;2025-12-07;2;0
28;2025-12-07;3;0
28;2025-12-07;4;0
28;2025-12-07;5;31
28;2025-12-07;6;84
28;2025-12-07;7;172
28;2025-12-07;8;276
28;2025-12-07;9;370
28;2025-12-07;10;411
28;2025-12-07;11;450
28;2025-12-07;12;489
28;2025-12-07;13;581
28;2025-12-07;14;563
28;2025-12-07;15;544
28;2025-12-07;16;495
28;2025-12-07;17;501
28;2025-12-07;18;453
28;2025-12-07;19;386
28;2025-12-07;20;311
28;2025-12-07;21;253
28;2025-12-07;22;115
28;2025-12-07;23;13
28;2025-12-08;0;0
28;2025-12-08;1;0
28;2025-12-08;2;0
28;2025-12-08;3;0
28;2025-12-08;4;2
28;2025-12-08;5;75
28;2025-12-08;6;278
28;2025-12-08;7;779
28;2025-12-08;8;1291
28;2025-12-08;9;849
28;2025-12-08;10;646
28;2025-12-08;11;552
28;2025-12-08;12;679
28;2025-12-08;13;690
28;2025-12-08;14;635
28;2025-12-08;15;650
28;2025-12-08;16;878
28;2025-12-08;17;1001
28;2025-12-08;18;990
28;2025-12-08;19;734
28;2025-12-08;20;477
28;2025-12-08;21;302
28;2025-12-08;22;113
28;2025-12-08;23;6
28;2025-12-09;0;0
28;2025-12-09;1;0
28;2025-12-09;2;0
28;2025-12-09;3;0
28;2025-12-09;4;1
28;2025-12-09;5;80
28;2025-12-09;6;262
28;2025-12-09;7;811
28;2025-12-09;8;1288
28;2025-12-09;9;872
28;2025-12-09;10;624
28;2025-12-09;11;584
28;2025-12-09;12;685
28;2025-12-09;13;703
28;2025-12-09;14;693
28;2025-12-09;15;733
28;2025-12-09;16;899
28;2025-12-09;17;1053
28;2025-12-09;18;1039
28;2025-12-09;19;799
28;2025-12-09;20;542
28;2025-12-09;21;336
28;2025-12-09;22;127
28;2025-12-09;23;12
28;2025-12-10;0;0
28;2025-12-10;1;0
28;2025-12-10;2;0
28;2025-12-10;3;0
28;2025-12-10;4;1
28;2025-12-10;5;91
28;2025-12-10;6;272
28;2025-12-10;7;823
28;2025-12-10;8;1290
28;2025-12-10;9;879
28;2025-12-10;10;629
28;2025-12-10;11;591
28;2025-12-10;12;689
28;2025-12-10;13;705
28;2025-12-10;14;694
28;2025-12-10;15;733
28;2025-12-10;16;900
28;2025-12-10;17;1054
28;2025-12-10;18;1039
28;2025-12-10;19;799
28;2025-12-10;20;542
28;2025-12-10;21;336
28;2025-12-10;22;126
28;2025-12-10;23;13
28;2025-12-11;0;0
28;2025-12-11;1;0
28;2025-12-11;2;0
28;2025-12-11;3;0
28;2025-12-11;4;1
28;2025-12-11;5;79
28;2025-12-11;6;260
28;2025-12-11;7;808
28;2025-12-11;8;1289
28;2025-12-11;9;865
28;2025-12-11;10;618
28;2025-12-11;11;584
28;2025-12-11;12;688
28;2025-12-11;13;705
28;2025-12-11;14;693
28;2025-12-11;15;735
28;2025-12-11;16;901
28;2025-12-11;17;1054
28;2025-12-11;18;1039
28;2025-12-11;19;805
28;2025-12-11;20;548
28;2025-12-11;21;340
28;2025-12-11;22;129
28;2025-12-11;23;14
28;2025-12-12;0;0
28;2025-12-12;1;0
28;2025-12-12;2;0
28;2025-12-12;3;0
28;2025-12-12;4;2
28;2025-12-12;5;80
28;2025-12-12;6;279
28;2025-12-12;7;857
28;2025-12-12;8;1320
28;2025-12-12;9;873
28;2025-12-12;10;633
28;2025-12-12;11;610
28;2025-12-12;12;806
28;2025-12-12;13;742
28;2025-12-12;14;719
28;2025-12-12;15;748
28;2025-12-12;16;942
28;2025-12-12;17;982
28;2025-12-12;18;882
28;2025-12-12;19;663
28;2025-12-12;20;457
28;2025-12-12;21;340
28;2025-12-12;22;121
28;2025-12-12;23;20
28;2025-12-13;0;1
28;2025-12-13;1;0
28;2025-12-13;2;0
28;2025-12-13;3;0
28;2025-12-13;4;1
28;2025-12-13;5;36
28;2025-12-13;6;111
28;2025-12-13;7;237
28;2025-12-13;8;409
28;2025-12-13;9;480
28;2025-12-13;10;505
28;2025-12-13;11;514
28;2025-12-13;12;612
28;2025-12-13;13;645
28;2025-12-13;14;606
28;2025-12-13;15;624
28;2025-12-13;16;635
28;2025-12-13;17;605
28;2025-12-13;18;538
28;2025-12-13;19;405
28;2025-12-13;20;298
28;2025-12-13;21;265
28;2025-12-13;22;123
28;2025-12-13;23;17
28;2025-12-14;0;1
28;2025-12-14;1;0
28;2025-12-14;2;0
28;2025-12-14;3;0
28;2025-12-14;4;0
28;2025-12-14;5;22
28;2025-12-14;6;68
28;2025-12-14;7;156
28;2025-12-14;8;254
28;2025-12-14;9;360
28;2025-12-14;10;399
28;2025-12-14;11;443
28;2025-12-14;12;484
28;2025-12-14;13;578
28;2025-12-14;14;560
28;2025-12-14;15;543
28;2025-12-14;16;496
28;2025-12-14;17;503
28;2025-12-14;18;461
28;2025-12-14;19;391
28;2025-12-14;20;314
28;2025-12-14;21;255
28;2025-12-14;22;117
28;2025-12-14;23;15
28;2025-12-15;0;0
28;2025-12-15;1;0
28;2025-12-15;2;0
28;2025-12-15;3;0
28;2025-12-15;4;2
28;2025-12-15;5;76
28;2025-12-15;6;279
28;2025-12-15;7;781
28;2025-12-15;8;1293
28;2025-12-15;9;857
28;2025-12-15;10;655
28;2025-12-15;11;550
28;2025-12-15;12;682
28;2025-12-15;13;691
28;2025-12-15;14;635
28;2025-12-15;15;655
28;2025-12-15;16;884
28;2025-12-15;17;1007
28;2025-12-15;18;995
28;2025-12-15;19;743
28;2025-12-15;20;485
28;2025-12-15;21;308
28;2025-12-15;22;119
28;2025-12-15;23;9
28;2025-12-16;0;0
28;2025-12-16;1;0
28;2025-12-16;2;0
28;2025-12-16;3;0
28;2025-12-16;4;1
28;2025-12-16;5;79
28;2025-12-16;6;260
28;2025-12-16;7;808
28;2025-12-16;8;1284
28;2025-12-16;9;869
28;2025-12-16;10;622
28;2025-12-16;11;594
28;2025-12-16;12;696
28;2025-12-16;13;697
28;2025-12-16;14;694
28;2025-12-16;15;732
28;2025-12-16;16;899
28;2025-12-16;17;1053
28;2025-12-16;18;1039
28;2025-12-16;19;799
28;2025-12-16;20;542
28;2025-12-16;21;336
28;2025-12-16;22;125
28;2025-12-16;23;13
28;2025-12-17;0;0
28;2025-12-17;1;0
28;2025-12-17;2;0
28;2025-12-17;3;0
28;2025-12-17;4;1
28;2025-12-17;5;79
28;2025-12-17;6;261
28;2025-12-17;7;809
28;2025-12-17;8;1288
28;2025-12-17;9;868
28;2025-12-17;10;621
28;2025-12-17;11;586
28;2025-12-17;12;688
28;2025-12-17;13;705
28;2025-12-17;14;694
28;2025-12-17;15;733
28;2025-12-17;16;900
28;2025-12-17;17;1054
28;2025-12-17;18;1039
28;2025-12-17;19;799
28;2025-12-17;20;542
28;2025-12-17;21;336
28;2025-12-17;22;125
28;2025-12-17;23;13
28;2025-12-18;0;0
28;2025-12-18;1;0
28;2025-12-18;2;0
28;2025-12-18;3;0
28;2025-12-18;4;1
28;2025-12-18;5;79
28;2025-12-18;6;260
28;2025-12-18;7;809
28;2025-12-18;8;1286
28;2025-12-18;9;867
28;2025-12-18;10;621
28;2025-12-18;11;586
28;2025-12-18;12;688
28;2025-12-18;13;704
28;2025-12-18;14;693
28;2025-12-18;15;732
28;2025-12-18;16;899
28;2025-12-18;17;1053
28;2025-12-18;18;1038
28;2025-12-18;19;798
28;2025-12-18;20;541
28;2025-12-18;21;335
28;2025-12-18;22;125
28;2025-12-18;23;13
28;2025-12-19;0;0
28;2025-12-19;1;0
28;2025-12-19;2;0
28;2025-12-19;3;0
28;2025-12-19;4;2
28;2025-12-19;5;79
28;2025-12-19;6;282
28;2025-12-19;7;854
28;2025-12-19;8;1322
28;2025-12-19;9;871
28;2025-12-19;10;634
28;2025-12-19;11;608
28;2025-12-19;12;806
28;2025-12-19;13;750
28;2025-12-19;14;722
28;2025-12-19;15;764
28;2025-12-19;16;960
28;2025-12-19;17;988
28;2025-12-19;18;886
28;2025-12-19;19;663
28;2025-12-19;20;456
28;2025-12-19;21;339
28;2025-12-19;22;122
28;2025-12-19;23;21
28;2025-12-20;0;1
28;2025-12-20;1;0
28;2025-12-20;2;0
28;2025-12-20;3;0
28;2025-12-20;4;1
28;2025-12-20;5;39
28;2025-12-20;6;115
28;2025-12-20;7;244
28;2025-12-20;8;420
28;2025-12-20;9;489
28;2025-12-20;10;517
28;2025-12-20;11;527
28;2025-12-20;12;624
28;2025-12-20;13;655
28;2025-12-20;14;612
28;2025-12-20;15;627
28;2025-12-20;16;636
28;2025-12-20;17;608
28;2025-12-20;18;533
28;2025-12-20;19;405
28;2025-12-20;20;303
28;2025-12-20;21;267
28;2025-12-20;22;120
28;2025-12-20;23;16
28;2025-12-21;0;1
28;2025-12-21;1;0
28;2025-12-21;2;0
28;2025-12-21;3;0
28;2025-12-21;4;0
28;2025-12-21;5;31
28;2025-12-21;6;84
28;2025-12-21;7;173
28;2025-12-21;8;277
28;2025-12-21;9;370
28;2025-12-21;10;411
28;2025-12-21;11;450
28;2025-12-21;12;489
28;2025-12-21;13;581
28;2025-12-21;14;563
28;2025-12-21;15;545
28;2025-12-21;16;495
28;2025-12-21;17;501
28;2025-12-21;18;453
28;2025-12-21;19;386
28;2025-12-21;20;311
28;2025-12-21;21;253
28;2025-12-21;22;113
28;2025-12-21;23;13
28;2025-12-22;0;0
28;2025-12-22;1;0
28;2025-12-22;2;0
28;2025-12-22;3;0
28;2025-12-22;4;2
28;2025-12-22;5;75
28;2025-12-22;6;278
28;2025-12-22;7;780
28;2025-12-22;8;1294
28;2025-12-22;9;856
28;2025-12-22;10;659
28;2025-12-22;11;555
28;2025-12-22;12;683
28;2025-12-22;13;691
28;2025-12-22;14;635
28;2025-12-22;15;651
28;2025-12-22;16;879
28;2025-12-22;17;1002
28;2025-12-22;18;995
28;2025-12-22;19;734
28;2025-12-22;20;480
28;2025-12-22;21;306
28;2025-12-22;22;116
28;2025-12-22;23;5
28;2025-12-23;0;0
28;2025-12-23;1;0
28;2025-12-23;2;0
28;2025-12-23;3;0
28;2025-12-23;4;1
28;2025-12-23;5;80
28;2025-12-23;6;264
28;2025-12-23;7;812
28;2025-12-23;8;1288
28;2025-12-23;9;875
28;2025-12-23;10;624
28;2025-12-23;11;586
28;2025-12-23;12;688
28;2025-12-23;13;700
28;2025-12-23;14;688
28;2025-12-23;15;728
28;2025-12-23;16;894
28;2025-12-23;17;1049
28;2025-12-23;18;1038
28;2025-12-23;19;805
28;2025-12-23;20;545
28;2025-12-23;21;339
28;2025-12-23;22;128
28;2025-12-23;23;13
28;2025-12-24;0;0
28;2025-12-24;1;0
28;2025-12-24;2;0
28;2025-12-24;3;0
28;2025-12-24;4;1
28;2025-12-24;5;78
28;2025-12-24;6;259
28;2025-12-24;7;806
28;2025-12-24;8;1279
28;2025-12-24;9;869
28;2025-12-24;10;623
28;2025-12-24;11;588
28;2025-12-24;12;685
28;2025-12-24;13;706
28;2025-12-24;14;693
28;2025-12-24;15;728
28;2025-12-24;16;899
28;2025-12-24;17;1053
28;2025-12-24;18;1040
28;2025-12-24;19;803
28;2025-12-24;20;544
28;2025-12-24;21;336
28;2025-12-24;22;126
28;2025-12-24;23;11
28;2025-12-25;0;0
28;2025-12-25;1;0
28;2025-12-25;2;0
28;2025-12-25;3;0
28;2025-12-25;4;1
28;2025-12-25;5;80
28;2025-12-25;6;265
28;2025-12-25;7;809
28;2025-12-25;8;1283
28;2025-12-25;9;864
28;2025-12-25;10;618
28;2025-12-25;11;580
28;2025-12-25;12;685
28;2025-12-25;13;703
28;2025-12-25;14;692
28;2025-12-25;15;735
28;2025-12-25;16;901
28;2025-12-25;17;1058
28;2025-12-25;18;1045
28;2025-12-25;19;803
28;2025-12-25;20;543
28;2025-12-25;21;340
28;2025-12-25;22;129
28;2025-12-25;23;12
28;2025-12-26;0;0
28;2025-12-26;1;0
28;2025-12-26;2;0
28;2025-12-26;3;0
28;2025-12-26;4;2
28;2025-12-26;5;71
28;2025-12-26;6;281
28;2025-12-26;7;855
28;2025-12-26;8;1337
28;2025-12-26;9;869
28;2025-12-26;10;626
28;2025-12-26;11;609
28;2025-12-26;12;795
28;2025-12-26;13;743
28;2025-12-26;14;717
28;2025-12-26;15;760
28;2025-12-26;16;955
28;2025-12-26;17;979
28;2025-12-26;18;883
28;2025-12-26;19;662
28;2025-12-26;20;454
28;2025-12-26;21;336
28;2025-12-26;22;119
28;2025-12-26;23;21
28;2025-12-27;0;1
28;2025-12-27;1;0
28;2025-12-27;2;0
28;2025-12-27;3;0
28;2025-12-27;4;1
28;2025-12-27;5;39
28;2025-12-27;6;115
28;2025-12-27;7;245
28;2025-12-27;8;420
28;2025-12-27;9;483
28;2025-12-27;10;517
28;2025-12-27;11;527
28;2025-12-27;12;624
28;2025-12-27;13;654
28;2025-12-27;14;612
28;2025-12-27;15;620
28;2025-12-27;16;630
28;2025-12-27;17;608
28;2025-12-27;18;534
28;2025-12-27;19;405
28;2025-12-27;20;303
28;2025-12-27;21;269
28;2025-12-27;22;121
28;2025-12-27;23;20
28;2025-12-28;0;1
28;2025-12-28;1;0
28;2025-12-28;2;0
28;2025-12-28;3;0
28;2025-12-28;4;0
28;2025-12-28;5;32
28;2025-12-28;6;88
28;2025-12-28;7;179
28;2025-12-28;8;286
28;2025-12-28;9;372
28;2025-12-28;10;405
28;2025-12-28;11;449
28;2025-12-28;12;481
28;2025-12-28;13;565
28;2025-12-28;14;548
28;2025-12-28;15;533
28;2025-12-28;16;496
28;2025-12-28;17;502
28;2025-12-28;18;455
28;2025-12-28;19;385
28;2025-12-28;20;311
28;2025-12-28;21;253
28;2025-12-28;22;115
28;2025-12-28;23;13
28;2025-12-29;0;0
28;2025-12-29;1;0
28;2025-12-29;2;0
28;2025-12-29;3;0
28;2025-12-29;4;2
28;2025-12-29;5;66
28;2025-12-29;6;250
28;2025-12-29;7;700
28;2025-12-29;8;1148
28;2025-12-29;9;763
28;2025-12-29;10;575
28;2025-12-29;11;493
28;2025-12-29;12;606
28;2025-12-29;13;620
28;2025-12-29;14;574
28;2025-12-29;15;587
28;2025-12-29;16;789
28;2025-12-29;17;900
28;2025-12-29;18;888
28;2025-12-29;19;665
28;2025-12-29;20;435
28;2025-12-29;21;275
28;2025-12-29;22;105
28;2025-12-29;23;5
28;2025-12-30;0;0
28;2025-12-30;1;0
28;2025-12-30;2;0
28;2025-12-30;3;0
28;2025-12-30;4;1
28;2025-12-30;5;67
28;2025-12-30;6;229
28;2025-12-30;7;723
28;2025-12-30;8;1158
28;2025-12-30;9;782
28;2025-12-30;10;556
28;2025-12-30;11;520
28;2025-12-30;12;610
28;2025-12-30;13;626
28;2025-12-30;14;617
28;2025-12-30;15;652
28;2025-12-30;16;801
28;2025-12-30;17;936
28;2025-12-30;18;927
28;2025-12-30;19;714
28;2025-12-30;20;485
28;2025-12-30;21;299
28;2025-12-30;22;114
28;2025-12-30;23;11
28;2025-12-31;0;0
28;2025-12-31;1;0
28;2025-12-31;2;0
28;2025-12-31;3;0
28;2025-12-31;4;0
28;2025-12-31;5;19
28;2025-12-31;6;46
28;2025-12-31;7;102
28;2025-12-31;8;170
28;2025-12-31;9;234
28;2025-12-31;10;263
28;2025-12-31;11;296
28;2025-12-31;12;348
28;2025-12-31;13;415
28;2025-12-31;14;402
28;2025-12-31;15;391
28;2025-12-31;16;369
28;2025-12-31;17;374
28;2025-12-31;18;331
28;2025-12-31;19;283
28;2025-12-31;20;232
28;2025-12-31;21;182
28;2025-12-31;22;66
28;2025-12-31;23;6
50;2025-11-01;0;50
50;2025-11-01;1;5
50;2025-11-01;2;0
50;2025-11-01;3;0
50;2025-11-01;4;2
50;2025-11-01;5;44
50;2025-11-01;6;347
50;2025-11-01;7;1151
50;2025-11-01;8;1749
50;2025-11-01;9;1331
50;2025-11-01;10;1016
50;2025-11-01;11;994
50;2025-11-01;12;960
50;2025-11-01;13;1001
50;2025-11-01;14;970
50;2025-11-01;15;1156
50;2025-11-01;16;1354
50;2025-11-01;17;1419
50;2025-11-01;18;1167
50;2025-11-01;19;842
50;2025-11-01;20;571
50;2025-11-01;21;375
50;2025-11-01;22;177
50;2025-11-01;23;109
50;2025-11-02;0;5
50;2025-11-02;1;1
50;2025-11-02;2;0
50;2025-11-02;3;0
50;2025-11-02;4;0
50;2025-11-02;5;2
50;2025-11-02;6;14
50;2025-11-02;7;22
50;2025-11-02;8;36
50;2025-11-02;9;47
50;2025-11-02;10;97
50;2025-11-02;11;107
50;2025-11-02;12;78
50;2025-11-02;13;98
50;2025-11-02;14;185
50;2025-11-02;15;172
50;2025-11-02;16;173
50;2025-11-02;17;301
50;2025-11-02;18;192
50;2025-11-02;19;182
50;2025-11-02;20;145
50;2025-11-02;21;98
50;2025-11-02;22;100
50;2025-11-02;23;31
50;2025-11-03;0;28
50;2025-11-03;1;0
50;2025-11-03;2;0
50;2025-11-03;3;0
50;2025-11-03;4;1
50;2025-11-03;5;31
50;2025-11-03;6;138
50;2025-11-03;7;248
50;2025-11-03;8;387
50;2025-11-03;9;432
50;2025-11-03;10;466
50;2025-11-03;11;579
50;2025-11-03;12;592
50;2025-11-03;13;604
50;2025-11-03;14;641
50;2025-11-03;15;595
50;2025-11-03;16;596
50;2025-11-03;17;677
50;2025-11-03;18;645
50;2025-11-03;19;565
50;2025-11-03;20;545
50;2025-11-03;21;365
50;2025-11-03;22;227
50;2025-11-03;23;121
50;2025-11-04;0;27
50;2025-11-04;1;0
50;2025-11-04;2;0
50;2025-11-04;3;0
50;2025-11-04;4;1
50;2025-11-04;5;30
50;2025-11-04;6;137
50;2025-11-04;7;245
50;2025-11-04;8;386
50;2025-11-04;9;427
50;2025-11-04;10;461
50;2025-11-04;11;575
50;2025-11-04;12;585
50;2025-11-04;13;600
50;2025-11-04;14;646
50;2025-11-04;15;598
50;2025-11-04;16;594
50;2025-11-04;17;675
50;2025-11-04;18;644
50;2025-11-04;19;562
50;2025-11-04;20;543
50;2025-11-04;21;364
50;2025-11-04;22;225
50;2025-11-04;23;120
50;2025-11-05;0;29
50;2025-11-05;1;2
50;2025-11-05;2;0
50;2025-11-05;3;0
50;2025-11-05;4;3
50;2025-11-05;5;72
50;2025-11-05;6;558
50;2025-11-05;7;1783
50;2025-11-05;8;2893
50;2025-11-05;9;2199
50;2025-11-05;10;1749
50;2025-11-05;11;1549
50;2025-11-05;12;1531
50;2025-11-05;13;1510
50;2025-11-05;14;1454
50;2025-11-05;15;1711
50;2025-11-05;16;1747
50;2025-11-05;17;2439
50;2025-11-05;18;2514
50;2025-11-05;19;1505
50;2025-11-05;20;959
50;2025-11-05;21;657
50;2025-11-05;22;265
50;2025-11-05;23;150
50;2025-11-06;0;29
50;2025-11-06;1;2
50;2025-11-06;2;0
50;2025-11-06;3;0
50;2025-11-06;4;3
50;2025-11-06;5;71
50;2025-11-06;6;558
50;2025-11-06;7;1779
50;2025-11-06;8;2886
50;2025-11-06;9;2191
50;2025-11-06;10;1745
50;2025-11-06;11;1547
50;2025-11-06;12;1529
50;2025-11-06;13;1512
50;2025-11-06;14;1453
50;2025-11-06;15;1711
50;2025-11-06;16;1748
50;2025-11-06;17;2439
50;2025-11-06;18;2513
50;2025-11-06;19;1505
50;2025-11-06;20;964
50;2025-11-06;21;656
50;2025-11-06;22;264
50;2025-11-06;23;152
50;2025-11-07;0;34
50;2025-11-07;1;1
50;2025-11-07;2;0
50;2025-11-07;3;0
50;2025-11-07;4;3
50;2025-11-07;5;66
50;2025-11-07;6;521
50;2025-11-07;7;1738
50;2025-11-07;8;2668
50;2025-11-07;9;2019
50;2025-11-07;10;1507
50;2025-11-07;11;1479
50;2025-11-07;12;1415
50;2025-11-07;13;1502
50;2025-11-07;14;1445
50;2025-11-07;15;1740
50;2025-11-07;16;2101
50;2025-11-07;17;2135
50;2025-11-07;18;1697
50;2025-11-07;19;1243
50;2025-11-07;20;869
50;2025-11-07;21;562
50;2025-11-07;22;264
50;2025-11-07;23;167
50;2025-11-08;0;139
50;2025-11-08;1;11
50;2025-11-08;2;0
50;2025-11-08;3;0
50;2025-11-08;4;0
50;2025-11-08;5;1
50;2025-11-08;6;13
50;2025-11-08;7;26
50;2025-11-08;8;43
50;2025-11-08;9;99
50;2025-11-08;10;81
50;2025-11-08;11;97
50;2025-11-08;12;148
50;2025-11-08;13;108
50;2025-11-08;14;119
50;2025-11-08;15;164
50;2025-11-08;16;117
50;2025-11-08;17;115
50;2025-11-08;18;72
50;2025-11-08;19;52
50;2025-11-08;20;52
50;2025-11-08;21;32
50;2025-11-08;22;26
50;2025-11-08;23;9
50;2025-11-09;0;5
50;2025-11-09;1;0
50;2025-11-09;2;0
50;2025-11-09;3;0
50;2025-11-09;4;0
50;2025-11-09;5;0
50;2025-11-09;6;8
50;2025-11-09;7;14
50;2025-11-09;8;27
50;2025-11-09;9;39
50;2025-11-09;10;92
50;2025-11-09;11;104
50;2025-11-09;12;89
50;2025-11-09;13;113
50;2025-11-09;14;195
50;2025-11-09;15;185
50;2025-11-09;16;189
50;2025-11-09;17;316
50;2025-11-09;18;195
50;2025-11-09;19;187
50;2025-11-09;20;149
50;2025-11-09;21;99
50;2025-11-09;22;100
50;2025-11-09;23;31
50;2025-11-10;0;15
50;2025-11-10;1;2
50;2025-11-10;2;0
50;2025-11-10;3;0
50;2025-11-10;4;3
50;2025-11-10;5;70
50;2025-11-10;6;531
50;2025-11-10;7;1736
50;2025-11-10;8;2826
50;2025-11-10;9;2237
50;2025-11-10;10;1622
50;2025-11-10;11;1461
50;2025-11-10;12;1341
50;2025-11-10;13;1482
50;2025-11-10;14;1403
50;2025-11-10;15;1616
50;2025-11-10;16;1662
50;2025-11-10;17;2305
50;2025-11-10;18;2517
50;2025-11-10;19;1318
50;2025-11-10;20;864
50;2025-11-10;21;616
50;2025-11-10;22;221
50;2025-11-10;23;113
50;2025-11-11;0;28
50;2025-11-11;1;2
50;2025-11-11;2;0
50;2025-11-11;3;0
50;2025-11-11;4;3
50;2025-11-11;5;72
50;2025-11-11;6;558
50;2025-11-11;7;1787
50;2025-11-11;8;2912
50;2025-11-11;9;2202
50;2025-11-11;10;1754
50;2025-11-11;11;1554
50;2025-11-11;12;1533
50;2025-11-11;13;1514
50;2025-11-11;14;1454
50;2025-11-11;15;1714
50;2025-11-11;16;1749
50;2025-11-11;17;2441
50;2025-11-11;18;2528
50;2025-11-11;19;1508
50;2025-11-11;20;958
50;2025-11-11;21;655
50;2025-11-11;22;263
50;2025-11-11;23;146
50;2025-11-12;0;29
50;2025-11-12;1;2
50;2025-11-12;2;0
50;2025-11-12;3;0
50;2025-11-12;4;3
50;2025-11-12;5;72
50;2025-11-12;6;558
50;2025-11-12;7;1786
50;2025-11-12;8;2907
50;2025-11-12;9;2200
50;2025-11-12;10;1758
50;2025-11-12;11;1554
50;2025-11-12;12;1533
50;2025-11-12;13;1513
50;2025-11-12;14;1456
50;2025-11-12;15;1715
50;2025-11-12;16;1750
50;2025-11-12;17;2442
50;2025-11-12;18;2517
50;2025-11-12;19;1507
50;2025-11-12;20;959
50;2025-11-12;21;656
50;2025-11-12;22;265
50;2025-11-12;23;149
50;2025-11-13;0;29
50;2025-11-13;1;2
50;2025-11-13;2;0
50;2025-11-13;3;0
50;2025-11-13;4;3
50;2025-11-13;5;71
50;2025-11-13;6;557
50;2025-11-13;7;1784
50;2025-11-13;8;2901
50;2025-11-13;9;2196
50;2025-11-13;10;1747
50;2025-11-13;11;1550
50;2025-11-13;12;1532
50;2025-11-13;13;1513
50;2025-11-13;14;1454
50;2025-11-13;15;1714
50;2025-11-13;16;1750
50;2025-11-13;17;2442
50;2025-11-13;18;2517
50;2025-11-13;19;1508
50;2025-11-13;20;960
50;2025-11-13;21;657
50;2025-11-13;22;265
50;2025-11-13;23;152
50;2025-11-14;0;35
50;2025-11-14;1;1
50;2025-11-14;2;0
50;2025-11-14;3;0
50;2025-11-14;4;3
50;2025-11-14;5;66
50;2025-11-14;6;519
50;2025-11-14;7;1741
50;2025-11-14;8;2676
50;2025-11-14;9;2026
50;2025-11-14;10;1519
50;2025-11-14;11;1489
50;2025-11-14;12;1424
50;2025-11-14;13;1504
50;2025-11-14;14;1448
50;2025-11-14;15;1743
50;2025-11-14;16;2103
50;2025-11-14;17;2136
50;2025-11-14;18;1699
50;2025-11-14;19;1244
50;2025-11-14;20;867
50;2025-11-14;21;560
50;2025-11-14;22;261
50;2025-11-14;23;164
50;2025-11-15;0;139
50;2025-11-15;1;11
50;2025-11-15;2;0
50;2025-11-15;3;0
50;2025-11-15;4;0
50;2025-11-15;5;4
50;2025-11-15;6;18
50;2025-11-15;7;37
50;2025-11-15;8;59
50;2025-11-15;9;113
50;2025-11-15;10;93
50;2025-11-15;11;110
50;2025-11-15;12;161
50;2025-11-15;13;125
50;2025-11-15;14;141
50;2025-11-15;15;184
50;2025-11-15;16;138
50;2025-11-15;17;136
50;2025-11-15;18;85
50;2025-11-15;19;64
50;2025-11-15;20;59
50;2025-11-15;21;38
50;2025-11-15;22;32
50;2025-11-15;23;14
50;2025-11-16;0;6
50;2025-11-16;1;1
50;2025-11-16;2;0
50;2025-11-16;3;0
50;2025-11-16;4;0
50;2025-11-16;5;0
50;2025-11-16;6;14
50;2025-11-16;7;23
50;2025-11-16;8;33
50;2025-11-16;9;46
50;2025-11-16;10;100
50;2025-11-16;11;113
50;2025-11-16;12;94
50;2025-11-16;13;116
50;2025-11-16;14;202
50;2025-11-16;15;188
50;2025-11-16;16;191
50;2025-11-16;17;317
50;2025-11-16;18;192
50;2025-11-16;19;184
50;2025-11-16;20;146
50;2025-11-16;21;97
50;2025-11-16;22;100
50;2025-11-16;23;31
50;2025-11-17;0;16
50;2025-11-17;1;2
50;2025-11-17;2;0
50;2025-11-17;3;0
50;2025-11-17;4;3
50;2025-11-17;5;68
50;2025-11-17;6;530
50;2025-11-17;7;1731
50;2025-11-17;8;2816
50;2025-11-17;9;2229
50;2025-11-17;10;1624
50;2025-11-17;11;1459
50;2025-11-17;12;1339
50;2025-11-17;13;1471
50;2025-11-17;14;1400
50;2025-11-17;15;1614
50;2025-11-17;16;1662
50;2025-11-17;17;2302
50;2025-11-17;18;2518
50;2025-11-17;19;1319
50;2025-11-17;20;865
50;2025-11-17;21;619
50;2025-11-17;22;221
50;2025-11-17;23;113
50;2025-11-18;0;28
50;2025-11-18;1;2
50;2025-11-18;2;0
50;2025-11-18;3;0
50;2025-11-18;4;3
50;2025-11-18;5;68
50;2025-11-18;6;560
50;2025-11-18;7;1782
50;2025-11-18;8;2904
50;2025-11-18;9;2176
50;2025-11-18;10;1722
50;2025-11-18;11;1534
50;2025-11-18;12;1517
50;2025-11-18;13;1507
50;2025-11-18;14;1452
50;2025-11-18;15;1712
50;2025-11-18;16;1750
50;2025-11-18;17;2441
50;2025-11-18;18;2521
50;2025-11-18;19;1515
50;2025-11-18;20;963
50;2025-11-18;21;656
50;2025-11-18;22;264
50;2025-11-18;23;145
50;2025-11-19;0;29
50;2025-11-19;1;2
50;2025-11-19;2;0
50;2025-11-19;3;0
50;2025-11-19;4;3
50;2025-11-19;5;72
50;2025-11-19;6;558
50;2025-11-19;7;1787
50;2025-11-19;8;2903
50;2025-11-19;9;2199
50;2025-11-19;10;1752
50;2025-11-19;11;1553
50;2025-11-19;12;1532
50;2025-11-19;13;1513
50;2025-11-19;14;1454
50;2025-11-19;15;1714
50;2025-11-19;16;1750
50;2025-11-19;17;2442
50;2025-11-19;18;2526
50;2025-11-19;19;1508
50;2025-11-19;20;959
50;2025-11-19;21;656
50;2025-11-19;22;265
50;2025-11-19;23;150
50;2025-11-20;0;30
50;2025-11-20;1;2
50;2025-11-20;2;0
50;2025-11-20;3;0
50;2025-11-20;4;3
50;2025-11-20;5;71
50;2025-11-20;6;557
50;2025-11-20;7;1784
50;2025-11-20;8;2899
50;2025-11-20;9;2197
50;2025-11-20;10;1748
50;2025-11-20;11;1550
50;2025-11-20;12;1531
50;2025-11-20;13;1512
50;2025-11-20;14;1453
50;2025-11-20;15;1714
50;2025-11-20;16;1749
50;2025-11-20;17;2442
50;2025-11-20;18;2523
50;2025-11-20;19;1506
50;2025-11-20;20;959
50;2025-11-20;21;656
50;2025-11-20;22;265
50;2025-11-20;23;151
50;2025-11-21;0;35
50;2025-11-21;1;1
50;2025-11-21;2;0
50;2025-11-21;3;0
50;2025-11-21;4;3
50;2025-11-21;5;69
50;2025-11-21;6;522
50;2025-11-21;7;1739
50;2025-11-21;8;2671
50;2025-11-21;9;2026
50;2025-11-21;10;1518
50;2025-11-21;11;1489
50;2025-11-21;12;1415
50;2025-11-21;13;1503
50;2025-11-21;14;1447
50;2025-11-21;15;1743
50;2025-11-21;16;2103
50;2025-11-21;17;2136
50;2025-11-21;18;1701
50;2025-11-21;19;1243
50;2025-11-21;20;869
50;2025-11-21;21;563
50;2025-11-21;22;264
50;2025-11-21;23;167
50;2025-11-22;0;139
50;2025-11-22;1;12
50;2025-11-22;2;0
50;2025-11-22;3;0
50;2025-11-22;4;0
50;2025-11-22;5;4
50;2025-11-22;6;19
50;2025-11-22;7;36
50;2025-11-22;8;57
50;2025-11-22;9;112
50;2025-11-22;10;98
50;2025-11-22;11;119
50;2025-11-22;12;170
50;2025-11-22;13;131
50;2025-11-22;14;141
50;2025-11-22;15;184
50;2025-11-22;16;138
50;2025-11-22;17;136
50;2025-11-22;18;86
50;2025-11-22;19;64
50;2025-11-22;20;59
50;2025-11-22;21;38
50;2025-11-22;22;32
50;2025-11-22;23;15
50;2025-11-23;0;6
50;2025-11-23;1;1
50;2025-11-23;2;0
50;2025-11-23;3;0
50;2025-11-23;4;0
50;2025-11-23;5;2
50;2025-11-23;6;14
50;2025-11-23;7;24
50;2025-11-23;8;38
50;2025-11-23;9;49
50;2025-11-23;10;102
50;2025-11-23;11;114
50;2025-11-23;12;95
50;2025-11-23;13;117
50;2025-11-23;14;203
50;2025-11-23;15;189
50;2025-11-23;16;191
50;2025-11-23;17;318
50;2025-11-23;18;192
50;2025-11-23;19;184
50;2025-11-23;20;147
50;2025-11-23;21;97
50;2025-11-23;22;100
50;2025-11-23;23;31
50;2025-11-24;0;16
50;2025-11-24;1;2
50;2025-11-24;2;0
50;2025-11-24;3;0
50;2025-11-24;4;3
50;2025-11-24;5;70
50;2025-11-24;6;533
50;2025-11-24;7;1741
50;2025-11-24;8;2819
50;2025-11-24;9;2237
50;2025-11-24;10;1615
50;2025-11-24;11;1449
50;2025-11-24;12;1342
50;2025-11-24;13;1483
50;2025-11-24;14;1401
50;2025-11-24;15;1614
50;2025-11-24;16;1662
50;2025-11-24;17;2306
50;2025-11-24;18;2518
50;2025-11-24;19;1320
50;2025-11-24;20;865
50;2025-11-24;21;618
50;2025-11-24;22;223
50;2025-11-24;23;113
50;2025-11-25;0;28
50;2025-11-25;1;2
50;2025-11-25;2;0
50;2025-11-25;3;0
50;2025-11-25;4;3
50;2025-11-25;5;72
50;2025-11-25;6;559
50;2025-11-25;7;1788
50;2025-11-25;8;2905
50;2025-11-25;9;2201
50;2025-11-25;10;1750
50;2025-11-25;11;1551
50;2025-11-25;12;1531
50;2025-11-25;13;1511
50;2025-11-25;14;1451
50;2025-11-25;15;1712
50;2025-11-25;16;1747
50;2025-11-25;17;2442
50;2025-11-25;18;2529
50;2025-11-25;19;1510
50;2025-11-25;20;960
50;2025-11-25;21;656
50;2025-11-25;22;264
50;2025-11-25;23;146
50;2025-11-26;0;29
50;2025-11-26;1;2
50;2025-11-26;2;0
50;2025-11-26;3;0
50;2025-11-26;4;3
50;2025-11-26;5;73
50;2025-11-26;6;559
50;2025-11-26;7;1793
50;2025-11-26;8;2918
50;2025-11-26;9;2201
50;2025-11-26;10;1753
50;2025-11-26;11;1555
50;2025-11-26;12;1534
50;2025-11-26;13;1515
50;2025-11-26;14;1456
50;2025-11-26;15;1715
50;2025-11-26;16;1746
50;2025-11-26;17;2435
50;2025-11-26;18;2518
50;2025-11-26;19;1513
50;2025-11-26;20;962
50;2025-11-26;21;659
50;2025-11-26;22;268
50;2025-11-26;23;150
50;2025-11-27;0;29
50;2025-11-27;1;2
50;2025-11-27;2;0
50;2025-11-27;3;0
50;2025-11-27;4;3
50;2025-11-27;5;71
50;2025-11-27;6;558
50;2025-11-27;7;1784
50;2025-11-27;8;2903
50;2025-11-27;9;2196
50;2025-11-27;10;1747
50;2025-11-27;11;1550
50;2025-11-27;12;1531
50;2025-11-27;13;1512
50;2025-11-27;14;1453
50;2025-11-27;15;1714
50;2025-11-27;16;1750
50;2025-11-27;17;2435
50;2025-11-27;18;2504
50;2025-11-27;19;1511
50;2025-11-27;20;962
50;2025-11-27;21;659
50;2025-11-27;22;268
50;2025-11-27;23;149
50;2025-11-28;0;34
50;2025-11-28;1;1
50;2025-11-28;2;0
50;2025-11-28;3;0
50;2025-11-28;4;3
50;2025-11-28;5;65
50;2025-11-28;6;519
50;2025-11-28;7;1741
50;2025-11-28;8;2676
50;2025-11-28;9;2025
50;2025-11-28;10;1518
50;2025-11-28;11;1489
50;2025-11-28;12;1423
50;2025-11-28;13;1504
50;2025-11-28;14;1448
50;2025-11-28;15;1744
50;2025-11-28;16;2103
50;2025-11-28;17;2135
50;2025-11-28;18;1698
50;2025-11-28;19;1242
50;2025-11-28;20;868
50;2025-11-28;21;561
50;2025-11-28;22;264
50;2025-11-28;23;166
50;2025-11-29;0;139
50;2025-11-29;1;12
50;2025-11-29;2;0
50;2025-11-29;3;0
50;2025-11-29;4;0
50;2025-11-29;5;3
50;2025-11-29;6;19
50;2025-11-29;7;37
50;2025-11-29;8;55
50;2025-11-29;9;115
50;2025-11-29;10;98
50;2025-11-29;11;119
50;2025-11-29;12;170
50;2025-11-29;13;131
50;2025-11-29;14;141
50;2025-11-29;15;185
50;2025-11-29;16;138
50;2025-11-29;17;135
50;2025-11-29;18;85
50;2025-11-29;19;64
50;2025-11-29;20;59
50;2025-11-29;21;39
50;2025-11-29;22;32
50;2025-11-29;23;14
50;2025-11-30;0;6
50;2025-11-30;1;1
50;2025-11-30;2;0
50;2025-11-30;3;0
50;2025-11-30;4;0
50;2025-11-30;5;2
50;2025-11-30;6;14
50;2025-11-30;7;24
50;2025-11-30;8;38
50;2025-11-30;9;50
50;2025-11-30;10;103
50;2025-11-30;11;114
50;2025-11-30;12;95
50;2025-11-30;13;117
50;2025-11-30;14;204
50;2025-11-30;15;189
50;2025-11-30;16;191
50;2025-11-30;17;318
50;2025-11-30;18;195
50;2025-11-30;19;186
50;2025-11-30;20;148
50;2025-11-30;21;99
50;2025-11-30;22;100
50;2025-11-30;23;31
50;2025-12-01;0;16
50;2025-12-01;1;2
50;2025-12-01;2;0
50;2025-12-01;3;0
50;2025-12-01;4;3
50;2025-12-01;5;70
50;2025-12-01;6;536
50;2025-12-01;7;1742
50;2025-12-01;8;2829
50;2025-12-01;9;2241
50;2025-12-01;10;1623
50;2025-12-01;11;1464
50;2025-12-01;12;1344
50;2025-12-01;13;1487
50;2025-12-01;14;1408
50;2025-12-01;15;1620
50;2025-12-01;16;1666
50;2025-12-01;17;2313
50;2025-12-01;18;2527
50;2025-12-01;19;1325
50;2025-12-01;20;868
50;2025-12-01;21;620
50;2025-12-01;22;223
50;2025-12-01;23;114
50;2025-12-02;0;29
50;2025-12-02;1;2
50;2025-12-02;2;0
50;2025-12-02;3;0
50;2025-12-02;4;3
50;2025-12-02;5;72
50;2025-12-02;6;561
50;2025-12-02;7;1794
50;2025-12-02;8;2914
50;2025-12-02;9;2209
50;2025-12-02;10;1757
50;2025-12-02;11;1557
50;2025-12-02;12;1536
50;2025-12-02;13;1518
50;2025-12-02;14;1458
50;2025-12-02;15;1717
50;2025-12-02;16;1753
50;2025-12-02;17;2450
50;2025-12-02;18;2538
50;2025-12-02;19;1515
50;2025-12-02;20;963
50;2025-12-02;21;658
50;2025-12-02;22;265
50;2025-12-02;23;146
50;2025-12-03;0;29
50;2025-12-03;1;2
50;2025-12-03;2;0
50;2025-12-03;3;0
50;2025-12-03;4;3
50;2025-12-03;5;72
50;2025-12-03;6;560
50;2025-12-03;7;1793
50;2025-12-03;8;2912
50;2025-12-03;9;2208
50;2025-12-03;10;1757
50;2025-12-03;11;1558
50;2025-12-03;12;1537
50;2025-12-03;13;1518
50;2025-12-03;14;1459
50;2025-12-03;15;1720
50;2025-12-03;16;1756
50;2025-12-03;17;2450
50;2025-12-03;18;2534
50;2025-12-03;19;1512
50;2025-12-03;20;962
50;2025-12-03;21;658
50;2025-12-03;22;266
50;2025-12-03;23;150
50;2025-12-04;0;30
50;2025-12-04;1;2
50;2025-12-04;2;0
50;2025-12-04;3;0
50;2025-12-04;4;3
50;2025-12-04;5;71
50;2025-12-04;6;559
50;2025-12-04;7;1790
50;2025-12-04;8;2914
50;2025-12-04;9;2204
50;2025-12-04;10;1754
50;2025-12-04;11;1555
50;2025-12-04;12;1537
50;2025-12-04;13;1517
50;2025-12-04;14;1456
50;2025-12-04;15;1719
50;2025-12-04;16;1753
50;2025-12-04;17;2447
50;2025-12-04;18;2534
50;2025-12-04;19;1513
50;2025-12-04;20;963
50;2025-12-04;21;659
50;2025-12-04;22;266
50;2025-12-04;23;152
50;2025-12-05;0;35
50;2025-12-05;1;1
50;2025-12-05;2;0
50;2025-12-05;3;0
50;2025-12-05;4;3
50;2025-12-05;5;66
50;2025-12-05;6;521
50;2025-12-05;7;1747
50;2025-12-05;8;2685
50;2025-12-05;9;2032
50;2025-12-05;10;1524
50;2025-12-05;11;1494
50;2025-12-05;12;1428
50;2025-12-05;13;1508
50;2025-12-05;14;1451
50;2025-12-05;15;1748
50;2025-12-05;16;2109
50;2025-12-05;17;2143
50;2025-12-05;18;1705
50;2025-12-05;19;1246
50;2025-12-05;20;871
50;2025-12-05;21;563
50;2025-12-05;22;265
50;2025-12-05;23;167
50;2025-12-06;0;61
50;2025-12-06;1;1
50;2025-12-06;2;0
50;2025-12-06;3;0
50;2025-12-06;4;0
50;2025-12-06;5;39
50;2025-12-06;6;185
50;2025-12-06;7;426
50;2025-12-06;8;592
50;2025-12-06;9;660
50;2025-12-06;10;703
50;2025-12-06;11;812
50;2025-12-06;12;793
50;2025-12-06;13;824
50;2025-12-06;14;896
50;2025-12-06;15;809
50;2025-12-06;16;808
50;2025-12-06;17;894
50;2025-12-06;18;838
50;2025-12-06;19;756
50;2025-12-06;20;624
50;2025-12-06;21;443
50;2025-12-06;22;278
50;2025-12-06;23;165
50;2025-12-07;0;42
50;2025-12-07;1;2
50;2025-12-07;2;0
50;2025-12-07;3;0
50;2025-12-07;4;1
50;2025-12-07;5;34
50;2025-12-07;6;169
50;2025-12-07;7;300
50;2025-12-07;8;473
50;2025-12-07;9;549
50;2025-12-07;10;594
50;2025-12-07;11;757
50;2025-12-07;12;792
50;2025-12-07;13;813
50;2025-12-07;14;847
50;2025-12-07;15;791
50;2025-12-07;16;787
50;2025-12-07;17;864
50;2025-12-07;18;790
50;2025-12-07;19;684
50;2025-12-07;20;634
50;2025-12-07;21;440
50;2025-12-07;22;272
50;2025-12-07;23;143
50;2025-12-08;0;16
50;2025-12-08;1;2
50;2025-12-08;2;0
50;2025-12-08;3;0
50;2025-12-08;4;3
50;2025-12-08;5;70
50;2025-12-08;6;535
50;2025-12-08;7;1742
50;2025-12-08;8;2829
50;2025-12-08;9;2242
50;2025-12-08;10;1624
50;2025-12-08;11;1464
50;2025-12-08;12;1344
50;2025-12-08;13;1484
50;2025-12-08;14;1406
50;2025-12-08;15;1620
50;2025-12-08;16;1666
50;2025-12-08;17;2313
50;2025-12-08;18;2527
50;2025-12-08;19;1325
50;2025-12-08;20;869
50;2025-12-08;21;620
50;2025-12-08;22;224
50;2025-12-08;23;114
50;2025-12-09;0;29
50;2025-12-09;1;2
50;2025-12-09;2;0
50;2025-12-09;3;0
50;2025-12-09;4;3
50;2025-12-09;5;72
50;2025-12-09;6;560
50;2025-12-09;7;1793
50;2025-12-09;8;2915
50;2025-12-09;9;2209
50;2025-12-09;10;1756
50;2025-12-09;11;1556
50;2025-12-09;12;1536
50;2025-12-09;13;1516
50;2025-12-09;14;1456
50;2025-12-09;15;1717
50;2025-12-09;16;1753
50;2025-12-09;17;2450
50;2025-12-09;18;2538
50;2025-12-09;19;1515
50;2025-12-09;20;963
50;2025-12-09;21;658
50;2025-12-09;22;271
50;2025-12-09;23;149
50;2025-12-10;0;29
50;2025-12-10;1;2
50;2025-12-10;2;0
50;2025-12-10;3;0
50;2025-12-10;4;3
50;2025-12-10;5;79
50;2025-12-10;6;568
50;2025-12-10;7;1802
50;2025-12-10;8;2909
50;2025-12-10;9;2212
50;2025-12-10;10;1765
50;2025-12-10;11;1561
50;2025-12-10;12;1537
50;2025-12-10;13;1518
50;2025-12-10;14;1459
50;2025-12-10;15;1720
50;2025-12-10;16;1756
50;2025-12-10;17;2450
50;2025-12-10;18;2534
50;2025-12-10;19;1513
50;2025-12-10;20;962
50;2025-12-10;21;658
50;2025-12-10;22;266
50;2025-12-10;23;150
50;2025-12-11;0;30
50;2025-12-11;1;2
50;2025-12-11;2;0
50;2025-12-11;3;0
50;2025-12-11;4;3
50;2025-12-11;5;71
50;2025-12-11;6;559
50;2025-12-11;7;1790
50;2025-12-11;8;2907
50;2025-12-11;9;2195
50;2025-12-11;10;1755
50;2025-12-11;11;1554
50;2025-12-11;12;1535
50;2025-12-11;13;1518
50;2025-12-11;14;1458
50;2025-12-11;15;1720
50;2025-12-11;16;1753
50;2025-12-11;17;2439
50;2025-12-11;18;2514
50;2025-12-11;19;1519
50;2025-12-11;20;968
50;2025-12-11;21;661
50;2025-12-11;22;268
50;2025-12-11;23;152
50;2025-12-12;0;35
50;2025-12-12;1;1
50;2025-12-12;2;0
50;2025-12-12;3;0
50;2025-12-12;4;3
50;2025-12-12;5;66
50;2025-12-12;6;517
50;2025-12-12;7;1747
50;2025-12-12;8;2684
50;2025-12-12;9;2033
50;2025-12-12;10;1521
50;2025-12-12;11;1495
50;2025-12-12;12;1421
50;2025-12-12;13;1498
50;2025-12-12;14;1446
50;2025-12-12;15;1728
50;2025-12-12;16;2087
50;2025-12-12;17;2135
50;2025-12-12;18;1708
50;2025-12-12;19;1248
50;2025-12-12;20;874
50;2025-12-12;21;568
50;2025-12-12;22;267
50;2025-12-12;23;169
50;2025-12-13;0;61
50;2025-12-13;1;1
50;2025-12-13;2;0
50;2025-12-13;3;0
50;2025-12-13;4;0
50;2025-12-13;5;38
50;2025-12-13;6;183
50;2025-12-13;7;420
50;2025-12-13;8;588
50;2025-12-13;9;653
50;2025-12-13;10;697
50;2025-12-13;11;810
50;2025-12-13;12;790
50;2025-12-13;13;817
50;2025-12-13;14;895
50;2025-12-13;15;809
50;2025-12-13;16;808
50;2025-12-13;17;894
50;2025-12-13;18;835
50;2025-12-13;19;755
50;2025-12-13;20;615
50;2025-12-13;21;433
50;2025-12-13;22;282
50;2025-12-13;23;162
50;2025-12-14;0;42
50;2025-12-14;1;3
50;2025-12-14;2;0
50;2025-12-14;3;0
50;2025-12-14;4;1
50;2025-12-14;5;27
50;2025-12-14;6;158
50;2025-12-14;7;285
50;2025-12-14;8;454
50;2025-12-14;9;541
50;2025-12-14;10;586
50;2025-12-14;11;753
50;2025-12-14;12;793
50;2025-12-14;13;810
50;2025-12-14;14;848
50;2025-12-14;15;789
50;2025-12-14;16;791
50;2025-12-14;17;868
50;2025-12-14;18;790
50;2025-12-14;19;684
50;2025-12-14;20;633
50;2025-12-14;21;441
50;2025-12-14;22;273
50;2025-12-14;23;144
50;2025-12-15;0;16
50;2025-12-15;1;3
50;2025-12-15;2;0
50;2025-12-15;3;0
50;2025-12-15;4;3
50;2025-12-15;5;70
50;2025-12-15;6;536
50;2025-12-15;7;1745
50;2025-12-15;8;2835
50;2025-12-15;9;2248
50;2025-12-15;10;1631
50;2025-12-15;11;1462
50;2025-12-15;12;1343
50;2025-12-15;13;1481
50;2025-12-15;14;1403
50;2025-12-15;15;1625
50;2025-12-15;16;1665
50;2025-12-15;17;2314
50;2025-12-15;18;2528
50;2025-12-15;19;1335
50;2025-12-15;20;871
50;2025-12-15;21;628
50;2025-12-15;22;231
50;2025-12-15;23;121
50;2025-12-16;0;29
50;2025-12-16;1;2
50;2025-12-16;2;0
50;2025-12-16;3;0
50;2025-12-16;4;3
50;2025-12-16;5;76
50;2025-12-16;6;558
50;2025-12-16;7;1792
50;2025-12-16;8;2914
50;2025-12-16;9;2206
50;2025-12-16;10;1761
50;2025-12-16;11;1559
50;2025-12-16;12;1539
50;2025-12-16;13;1511
50;2025-12-16;14;1458
50;2025-12-16;15;1719
50;2025-12-16;16;1755
50;2025-12-16;17;2450
50;2025-12-16;18;2538
50;2025-12-16;19;1515
50;2025-12-16;20;963
50;2025-12-16;21;658
50;2025-12-16;22;265
50;2025-12-16;23;146
50;2025-12-17;0;29
50;2025-12-17;1;2
50;2025-12-17;2;0
50;2025-12-17;3;0
50;2025-12-17;4;3
50;2025-12-17;5;72
50;2025-12-17;6;560
50;2025-12-17;7;1793
50;2025-12-17;8;2918
50;2025-12-17;9;2208
50;2025-12-17;10;1757
50;2025-12-17;11;1558
50;2025-12-17;12;1537
50;2025-12-17;13;1518
50;2025-12-17;14;1459
50;2025-12-17;15;1720
50;2025-12-17;16;1756
50;2025-12-17;17;2450
50;2025-12-17;18;2534
50;2025-12-17;19;1512
50;2025-12-17;20;962
50;2025-12-17;21;658
50;2025-12-17;22;266
50;2025-12-17;23;150
50;2025-12-18;0;30
50;2025-12-18;1;2
50;2025-12-18;2;0
50;2025-12-18;3;0
50;2025-12-18;4;3
50;2025-12-18;5;71
50;2025-12-18;6;559
50;2025-12-18;7;1790
50;2025-12-18;8;2907
50;2025-12-18;9;2204
50;2025-12-18;10;1754
50;2025-12-18;11;1555
50;2025-12-18;12;1536
50;2025-12-18;13;1517
50;2025-12-18;14;1458
50;2025-12-18;15;1719
50;2025-12-18;16;1755
50;2025-12-18;17;2449
50;2025-12-18;18;2534
50;2025-12-18;19;1512
50;2025-12-18;20;962
50;2025-12-18;21;658
50;2025-12-18;22;266
50;2025-12-18;23;152
50;2025-12-19;0;35
50;2025-12-19;1;1
50;2025-12-19;2;0
50;2025-12-19;3;0
50;2025-12-19;4;3
50;2025-12-19;5;65
50;2025-12-19;6;521
50;2025-12-19;7;1746
50;2025-12-19;8;2679
50;2025-12-19;9;2032
50;2025-12-19;10;1524
50;2025-12-19;11;1495
50;2025-12-19;12;1429
50;2025-12-19;13;1509
50;2025-12-19;14;1453
50;2025-12-19;15;1748
50;2025-12-19;16;2109
50;2025-12-19;17;2140
50;2025-12-19;18;1709
50;2025-12-19;19;1247
50;2025-12-19;20;872
50;2025-12-19;21;565
50;2025-12-19;22;265
50;2025-12-19;23;168
50;2025-12-20;0;61
50;2025-12-20;1;1
50;2025-12-20;2;0
50;2025-12-20;3;0
50;2025-12-20;4;0
50;2025-12-20;5;40
50;2025-12-20;6;185
50;2025-12-20;7;426
50;2025-12-20;8;592
50;2025-12-20;9;660
50;2025-12-20;10;704
50;2025-12-20;11;817
50;2025-12-20;12;797
50;2025-12-20;13;828
50;2025-12-20;14;899
50;2025-12-20;15;811
50;2025-12-20;16;810
50;2025-12-20;17;896
50;2025-12-20;18;832
50;2025-12-20;19;758
50;2025-12-20;20;627
50;2025-12-20;21;442
50;2025-12-20;22;280
50;2025-12-20;23;165
50;2025-12-21;0;42
50;2025-12-21;1;2
50;2025-12-21;2;0
50;2025-12-21;3;0
50;2025-12-21;4;1
50;2025-12-21;5;34
50;2025-12-21;6;172
50;2025-12-21;7;298
50;2025-12-21;8;474
50;2025-12-21;9;549
50;2025-12-21;10;594
50;2025-12-21;11;757
50;2025-12-21;12;792
50;2025-12-21;13;813
50;2025-12-21;14;847
50;2025-12-21;15;792
50;2025-12-21;16;787
50;2025-12-21;17;864
50;2025-12-21;18;790
50;2025-12-21;19;684
50;2025-12-21;20;634
50;2025-12-21;21;440
50;2025-12-21;22;267
50;2025-12-21;23;143
50;2025-12-22;0;16
50;2025-12-22;1;2
50;2025-12-22;2;0
50;2025-12-22;3;0
50;2025-12-22;4;3
50;2025-12-22;5;70
50;2025-12-22;6;536
50;2025-12-22;7;1742
50;2025-12-22;8;2837
50;2025-12-22;9;2244
50;2025-12-22;10;1637
50;2025-12-22;11;1468
50;2025-12-22;12;1349
50;2025-12-22;13;1487
50;2025-12-22;14;1406
50;2025-12-22;15;1619
50;2025-12-22;16;1665
50;2025-12-22;17;2309
50;2025-12-22;18;2512
50;2025-12-22;19;1322
50;2025-12-22;20;866
50;2025-12-22;21;619
50;2025-12-22;22;223
50;2025-12-22;23;112
50;2025-12-23;0;29
50;2025-12-23;1;2
50;2025-12-23;2;0
50;2025-12-23;3;0
50;2025-12-23;4;3
50;2025-12-23;5;73
50;2025-12-23;6;564
50;2025-12-23;7;1797
50;2025-12-23;8;2919
50;2025-12-23;9;2215
50;2025-12-23;10;1761
50;2025-12-23;11;1561
50;2025-12-23;12;1541
50;2025-12-23;13;1520
50;2025-12-23;14;1458
50;2025-12-23;15;1718
50;2025-12-23;16;1754
50;2025-12-23;17;2450
50;2025-12-23;18;2535
50;2025-12-23;19;1525
50;2025-12-23;20;970
50;2025-12-23;21;664
50;2025-12-23;22;270
50;2025-12-23;23;150
50;2025-12-24;0;29
50;2025-12-24;1;2
50;2025-12-24;2;0
50;2025-12-24;3;0
50;2025-12-24;4;3
50;2025-12-24;5;72
50;2025-12-24;6;561
50;2025-12-24;7;1793
50;2025-12-24;8;2908
50;2025-12-24;9;2211
50;2025-12-24;10;1761
50;2025-12-24;11;1562
50;2025-12-24;12;1540
50;2025-12-24;13;1521
50;2025-12-24;14;1461
50;2025-12-24;15;1715
50;2025-12-24;16;1756
50;2025-12-24;17;2451
50;2025-12-24;18;2521
50;2025-12-24;19;1516
50;2025-12-24;20;965
50;2025-12-24;21;661
50;2025-12-24;22;268
50;2025-12-24;23;150
50;2025-12-25;0;30
50;2025-12-25;1;2
50;2025-12-25;2;0
50;2025-12-25;3;0
50;2025-12-25;4;3
50;2025-12-25;5;73
50;2025-12-25;6;563
50;2025-12-25;7;1789
50;2025-12-25;8;2906
50;2025-12-25;9;2202
50;2025-12-25;10;1751
50;2025-12-25;11;1550
50;2025-12-25;12;1532
50;2025-12-25;13;1514
50;2025-12-25;14;1455
50;2025-12-25;15;1718
50;2025-12-25;16;1757
50;2025-12-25;17;2442
50;2025-12-25;18;2513
50;2025-12-25;19;1518
50;2025-12-25;20;965
50;2025-12-25;21;664
50;2025-12-25;22;271
50;2025-12-25;23;152
50;2025-12-26;0;35
50;2025-12-26;1;1
50;2025-12-26;2;0
50;2025-12-26;3;0
50;2025-12-26;4;3
50;2025-12-26;5;58
50;2025-12-26;6;518
50;2025-12-26;7;1746
50;2025-12-26;8;2699
50;2025-12-26;9;2028
50;2025-12-26;10;1515
50;2025-12-26;11;1493
50;2025-12-26;12;1413
50;2025-12-26;13;1499
50;2025-12-26;14;1445
50;2025-12-26;15;1741
50;2025-12-26;16;2101
50;2025-12-26;17;2133
50;2025-12-26;18;1706
50;2025-12-26;19;1249
50;2025-12-26;20;873
50;2025-12-26;21;562
50;2025-12-26;22;262
50;2025-12-26;23;167
50;2025-12-27;0;61
50;2025-12-27;1;1
50;2025-12-27;2;0
50;2025-12-27;3;0
50;2025-12-27;4;0
50;2025-12-27;5;40
50;2025-12-27;6;185
50;2025-12-27;7;426
50;2025-12-27;8;593
50;2025-12-27;9;652
50;2025-12-27;10;705
50;2025-12-27;11;817
50;2025-12-27;12;797
50;2025-12-27;13;827
50;2025-12-27;14;899
50;2025-12-27;15;806
50;2025-12-27;16;805
50;2025-12-27;17;897
50;2025-12-27;18;832
50;2025-12-27;19;754
50;2025-12-27;20;624
50;2025-12-27;21;436
50;2025-12-27;22;273
50;2025-12-27;23;162
50;2025-12-28;0;42
50;2025-12-28;1;2
50;2025-12-28;2;0
50;2025-12-28;3;0
50;2025-12-28;4;1
50;2025-12-28;5;35
50;2025-12-28;6;173
50;2025-12-28;7;304
50;2025-12-28;8;485
50;2025-12-28;9;549
50;2025-12-28;10;588
50;2025-12-28;11;741
50;2025-12-28;12;776
50;2025-12-28;13;793
50;2025-12-28;14;827
50;2025-12-28;15;773
50;2025-12-28;16;784
50;2025-12-28;17;861
50;2025-12-28;18;787
50;2025-12-28;19;679
50;2025-12-28;20;626
50;2025-12-28;21;435
50;2025-12-28;22;267
50;2025-12-28;23;142
50;2025-12-29;0;15
50;2025-12-29;1;2
50;2025-12-29;2;0
50;2025-12-29;3;0
50;2025-12-29;4;3
50;2025-12-29;5;60
50;2025-12-29;6;478
50;2025-12-29;7;1560
50;2025-12-29;8;2517
50;2025-12-29;9;1994
50;2025-12-29;10;1448
50;2025-12-29;11;1306
50;2025-12-29;12;1205
50;2025-12-29;13;1323
50;2025-12-29;14;1258
50;2025-12-29;15;1445
50;2025-12-29;16;1488
50;2025-12-29;17;2063
50;2025-12-29;18;2244
50;2025-12-29;19;1203
50;2025-12-29;20;779
50;2025-12-29;21;554
50;2025-12-29;22;202
50;2025-12-29;23;101
50;2025-12-30;0;26
50;2025-12-30;1;2
50;2025-12-30;2;0
50;2025-12-30;3;0
50;2025-12-30;4;2
50;2025-12-30;5;60
50;2025-12-30;6;496
50;2025-12-30;7;1603
50;2025-12-30;8;2608
50;2025-12-30;9;1965
50;2025-12-30;10;1563
50;2025-12-30;11;1388
50;2025-12-30;12;1370
50;2025-12-30;13;1351
50;2025-12-30;14;1304
50;2025-12-30;15;1533
50;2025-12-30;16;1567
50;2025-12-30;17;2176
50;2025-12-30;18;2256
50;2025-12-30;19;1362
50;2025-12-30;20;859
50;2025-12-30;21;587
50;2025-12-30;22;241
50;2025-12-30;23;130
50;2025-12-31;0;36
50;2025-12-31;1;2
50;2025-12-31;2;0
50;2025-12-31;3;0
50;2025-12-31;4;1
50;2025-12-31;5;23
50;2025-12-31;6;105
50;2025-12-31;7;204
50;2025-12-31;8;356
50;2025-12-31;9;393
50;2025-12-31;10;429
50;2025-12-31;11;543
50;2025-12-31;12;586
50;2025-12-31;13;597
50;2025-12-31;14;624
50;2025-12-31;15;584
50;2025-12-31;16;595
50;2025-12-31;17;665
50;2025-12-31;18;615
50;2025-12-31;19;538
50;2025-12-31;20;503
50;2025-12-31;21;337
50;2025-12-31;22;190
50;2025-12-31;23;89
