route;date;hour;prediction
1;2025-11-01;0;2
1;2025-11-01;1;0
1;2025-11-01;2;0
1;2025-11-01;3;0
1;2025-11-01;4;6
1;2025-11-01;5;118
1;2025-11-01;6;473
1;2025-11-01;7;1321
1;2025-11-01;8;1649
1;2025-11-01;9;1313
1;2025-11-01;10;1195
1;2025-11-01;11;1230
1;2025-11-01;12;1253
1;2025-11-01;13;1279
1;2025-11-01;14;1264
1;2025-11-01;15;1393
1;2025-11-01;16;1435
1;2025-11-01;17;1565
1;2025-11-01;18;1368
1;2025-11-01;19;1138
1;2025-11-01;20;728
1;2025-11-01;21;425
1;2025-11-01;22;190
1;2025-11-01;23;44
1;2025-11-02;0;1
1;2025-11-02;1;0
1;2025-11-02;2;0
1;2025-11-02;3;0
1;2025-11-02;4;0
1;2025-11-02;5;24
1;2025-11-02;6;126
1;2025-11-02;7;263
1;2025-11-02;8;365
1;2025-11-02;9;617
1;2025-11-02;10;688
1;2025-11-02;11;733
1;2025-11-02;12;830
1;2025-11-02;13;847
1;2025-11-02;14;820
1;2025-11-02;15;751
1;2025-11-02;16;704
1;2025-11-02;17;655
1;2025-11-02;18;547
1;2025-11-02;19;469
1;2025-11-02;20;352
1;2025-11-02;21;281
1;2025-11-02;22;115
1;2025-11-02;23;27
1;2025-11-03;0;1
1;2025-11-03;1;0
1;2025-11-03;2;0
1;2025-11-03;3;0
1;2025-11-03;4;0
1;2025-11-03;5;38
1;2025-11-03;6;150
1;2025-11-03;7;287
1;2025-11-03;8;380
1;2025-11-03;9;602
1;2025-11-03;10;659
1;2025-11-03;11;653
1;2025-11-03;12;738
1;2025-11-03;13;763
1;2025-11-03;14;713
1;2025-11-03;15;672
1;2025-11-03;16;676
1;2025-11-03;17;633
1;2025-11-03;18;543
1;2025-11-03;19;498
1;2025-11-03;20;387
1;2025-11-03;21;306
1;2025-11-03;22;141
1;2025-11-03;23;51
1;2025-11-04;0;1
1;2025-11-04;1;0
1;2025-11-04;2;0
1;2025-11-04;3;0
1;2025-11-04;4;1
1;2025-11-04;5;34
1;2025-11-04;6;144
1;2025-11-04;7;281
1;2025-11-04;8;372
1;2025-11-04;9;574
1;2025-11-04;10;630
1;2025-11-04;11;638
1;2025-11-04;12;710
1;2025-11-04;13;746
1;2025-11-04;14;768
1;2025-11-04;15;712
1;2025-11-04;16;672
1;2025-11-04;17;624
1;2025-11-04;18;540
1;2025-11-04;19;489
1;2025-11-04;20;380
1;2025-11-04;21;302
1;2025-11-04;22;135
1;2025-11-04;23;47
1;2025-11-05;0;3
1;2025-11-05;1;0
1;2025-11-05;2;0
1;2025-11-05;3;0
1;2025-11-05;4;8
1;2025-11-05;5;126
1;2025-11-05;6;536
1;2025-11-05;7;1496
1;2025-11-05;8;1959
1;2025-11-05;9;1519
1;2025-11-05;10;1374
1;2025-11-05;11;1382
1;2025-11-05;12;1405
1;2025-11-05;13;1438
1;2025-11-05;14;1400
1;2025-11-05;15;1502
1;2025-11-05;16;1541
1;2025-11-05;17;1799
1;2025-11-05;18;1826
1;2025-11-05;19;1361
1;2025-11-05;20;887
1;2025-11-05;21;484
1;2025-11-05;22;211
1;2025-11-05;23;38
1;2025-11-06;0;3
1;2025-11-06;1;0
1;2025-11-06;2;0
1;2025-11-06;3;0
1;2025-11-06;4;8
1;2025-11-06;5;126
1;2025-11-06;6;537
1;2025-11-06;7;1499
1;2025-11-06;8;1965
1;2025-11-06;9;1522
1;2025-11-06;10;1378
1;2025-11-06;11;1377
1;2025-11-06;12;1407
1;2025-11-06;13;1440
1;2025-11-06;14;1398
1;2025-11-06;15;1497
1;2025-11-06;16;1539
1;2025-11-06;17;1801
1;2025-11-06;18;1826
1;2025-11-06;19;1361
1;2025-11-06;20;889
1;2025-11-06;21;487
1;2025-11-06;22;213
1;2025-11-06;23;42
1;2025-11-07;0;2
1;2025-11-07;1;0
1;2025-11-07;2;0
1;2025-11-07;3;0
1;2025-11-07;4;7
1;2025-11-07;5;138
1;2025-11-07;6;530
1;2025-11-07;7;1486
1;2025-11-07;8;1847
1;2025-11-07;9;1457
1;2025-11-07;10;1325
1;2025-11-07;11;1371
1;2025-11-07;12;1392
1;2025-11-07;13;1425
1;2025-11-07;14;1406
1;2025-11-07;15;1555
1;2025-11-07;16;1603
1;2025-11-07;17;1759
1;2025-11-07;18;1529
1;2025-11-07;19;1276
1;2025-11-07;20;814
1;2025-11-07;21;477
1;2025-11-07;22;211
1;2025-11-07;23;46
1;2025-11-08;0;3
1;2025-11-08;1;0
1;2025-11-08;2;0
1;2025-11-08;3;0
1;2025-11-08;4;0
1;2025-11-08;5;36
1;2025-11-08;6;182
1;2025-11-08;7;375
1;2025-11-08;8;541
1;2025-11-08;9;785
1;2025-11-08;10;902
1;2025-11-08;11;908
1;2025-11-08;12;1054
1;2025-11-08;13;1111
1;2025-11-08;14;1047
1;2025-11-08;15;952
1;2025-11-08;16;864
1;2025-11-08;17;809
1;2025-11-08;18;707
1;2025-11-08;19;608
1;2025-11-08;20;451
1;2025-11-08;21;327
1;2025-11-08;22;135
1;2025-11-08;23;29
1;2025-11-09;0;1
1;2025-11-09;1;0
1;2025-11-09;2;0
1;2025-11-09;3;0
1;2025-11-09;4;0
1;2025-11-09;5;30
1;2025-11-09;6;131
1;2025-11-09;7;274
1;2025-11-09;8;377
1;2025-11-09;9;624
1;2025-11-09;10;687
1;2025-11-09;11;725
1;2025-11-09;12;848
1;2025-11-09;13;887
1;2025-11-09;14;821
1;2025-11-09;15;761
1;2025-11-09;16;721
1;2025-11-09;17;672
1;2025-11-09;18;552
1;2025-11-09;19;476
1;2025-11-09;20;361
1;2025-11-09;21;286
1;2025-11-09;22;115
1;2025-11-09;23;28
1;2025-11-10;0;1
1;2025-11-10;1;0
1;2025-11-10;2;0
1;2025-11-10;3;0
1;2025-11-10;4;9
1;2025-11-10;5;136
1;2025-11-10;6;524
1;2025-11-10;7;1474
1;2025-11-10;8;1940
1;2025-11-10;9;1483
1;2025-11-10;10;1272
1;2025-11-10;11;1254
1;2025-11-10;12;1325
1;2025-11-10;13;1387
1;2025-11-10;14;1400
1;2025-11-10;15;1513
1;2025-11-10;16;1571
1;2025-11-10;17;1830
1;2025-11-10;18;1921
1;2025-11-10;19;1408
1;2025-11-10;20;894
1;2025-11-10;21;458
1;2025-11-10;22;183
1;2025-11-10;23;39
1;2025-11-11;0;3
1;2025-11-11;1;0
1;2025-11-11;2;0
1;2025-11-11;3;0
1;2025-11-11;4;9
1;2025-11-11;5;126
1;2025-11-11;6;536
1;2025-11-11;7;1495
1;2025-11-11;8;1962
1;2025-11-11;9;1514
1;2025-11-11;10;1364
1;2025-11-11;11;1372
1;2025-11-11;12;1400
1;2025-11-11;13;1436
1;2025-11-11;14;1393
1;2025-11-11;15;1494
1;2025-11-11;16;1532
1;2025-11-11;17;1789
1;2025-11-11;18;1823
1;2025-11-11;19;1356
1;2025-11-11;20;886
1;2025-11-11;21;482
1;2025-11-11;22;209
1;2025-11-11;23;39
1;2025-11-12;0;3
1;2025-11-12;1;0
1;2025-11-12;2;0
1;2025-11-12;3;0
1;2025-11-12;4;8
1;2025-11-12;5;126
1;2025-11-12;6;535
1;2025-11-12;7;1493
1;2025-11-12;8;1956
1;2025-11-12;9;1514
1;2025-11-12;10;1367
1;2025-11-12;11;1370
1;2025-11-12;12;1395
1;2025-11-12;13;1436
1;2025-11-12;14;1391
1;2025-11-12;15;1493
1;2025-11-12;16;1532
1;2025-11-12;17;1792
1;2025-11-12;18;1814
1;2025-11-12;19;1354
1;2025-11-12;20;885
1;2025-11-12;21;483
1;2025-11-12;22;210
1;2025-11-12;23;39
1;2025-11-13;0;3
1;2025-11-13;1;0
1;2025-11-13;2;0
1;2025-11-13;3;0
1;2025-11-13;4;9
1;2025-11-13;5;126
1;2025-11-13;6;535
1;2025-11-13;7;1495
1;2025-11-13;8;1960
1;2025-11-13;9;1520
1;2025-11-13;10;1374
1;2025-11-13;11;1379
1;2025-11-13;12;1403
1;2025-11-13;13;1438
1;2025-11-13;14;1395
1;2025-11-13;15;1500
1;2025-11-13;16;1539
1;2025-11-13;17;1795
1;2025-11-13;18;1822
1;2025-11-13;19;1359
1;2025-11-13;20;888
1;2025-11-13;21;485
1;2025-11-13;22;212
1;2025-11-13;23;41
1;2025-11-14;0;2
1;2025-11-14;1;0
1;2025-11-14;2;0
1;2025-11-14;3;0
1;2025-11-14;4;7
1;2025-11-14;5;133
1;2025-11-14;6;526
1;2025-11-14;7;1480
1;2025-11-14;8;1844
1;2025-11-14;9;1461
1;2025-11-14;10;1333
1;2025-11-14;11;1375
1;2025-11-14;12;1395
1;2025-11-14;13;1425
1;2025-11-14;14;1409
1;2025-11-14;15;1556
1;2025-11-14;16;1603
1;2025-11-14;17;1757
1;2025-11-14;18;1523
1;2025-11-14;19;1274
1;2025-11-14;20;805
1;2025-11-14;21;470
1;2025-11-14;22;204
1;2025-11-14;23;45
1;2025-11-15;0;3
1;2025-11-15;1;0
1;2025-11-15;2;0
1;2025-11-15;3;0
1;2025-11-15;4;0
1;2025-11-15;5;35
1;2025-11-15;6;176
1;2025-11-15;7;367
1;2025-11-15;8;535
1;2025-11-15;9;781
1;2025-11-15;10;883
1;2025-11-15;11;884
1;2025-11-15;12;1015
1;2025-11-15;13;1107
1;2025-11-15;14;1082
1;2025-11-15;15;976
1;2025-11-15;16;886
1;2025-11-15;17;827
1;2025-11-15;18;715
1;2025-11-15;19;610
1;2025-11-15;20;451
1;2025-11-15;21;328
1;2025-11-15;22;133
1;2025-11-15;23;30
1;2025-11-16;0;2
1;2025-11-16;1;0
1;2025-11-16;2;0
1;2025-11-16;3;0
1;2025-11-16;4;0
1;2025-11-16;5;11
1;2025-11-16;6;121
1;2025-11-16;7;246
1;2025-11-16;8;311
1;2025-11-16;9;582
1;2025-11-16;10;653
1;2025-11-16;11;714
1;2025-11-16;12;827
1;2025-11-16;13;865
1;2025-11-16;14;806
1;2025-11-16;15;730
1;2025-11-16;16;687
1;2025-11-16;17;631
1;2025-11-16;18;516
1;2025-11-16;19;447
1;2025-11-16;20;338
1;2025-11-16;21;266
1;2025-11-16;22;106
1;2025-11-16;23;25
1;2025-11-17;0;1
1;2025-11-17;1;0
1;2025-11-17;2;0
1;2025-11-17;3;0
1;2025-11-17;4;9
1;2025-11-17;5;133
1;2025-11-17;6;523
1;2025-11-17;7;1464
1;2025-11-17;8;1918
1;2025-11-17;9;1470
1;2025-11-17;10;1276
1;2025-11-17;11;1255
1;2025-11-17;12;1328
1;2025-11-17;13;1372
1;2025-11-17;14;1389
1;2025-11-17;15;1502
1;2025-11-17;16;1563
1;2025-11-17;17;1819
1;2025-11-17;18;1915
1;2025-11-17;19;1402
1;2025-11-17;20;891
1;2025-11-17;21;464
1;2025-11-17;22;183
1;2025-11-17;23;39
1;2025-11-18;0;3
1;2025-11-18;1;0
1;2025-11-18;2;0
1;2025-11-18;3;0
1;2025-11-18;4;8
1;2025-11-18;5;118
1;2025-11-18;6;536
1;2025-11-18;7;1505
1;2025-11-18;8;1975
1;2025-11-18;9;1507
1;2025-11-18;10;1335
1;2025-11-18;11;1363
1;2025-11-18;12;1389
1;2025-11-18;13;1432
1;2025-11-18;14;1379
1;2025-11-18;15;1489
1;2025-11-18;16;1537
1;2025-11-18;17;1787
1;2025-11-18;18;1813
1;2025-11-18;19;1355
1;2025-11-18;20;886
1;2025-11-18;21;482
1;2025-11-18;22;209
1;2025-11-18;23;39
1;2025-11-19;0;3
1;2025-11-19;1;0
1;2025-11-19;2;0
1;2025-11-19;3;0
1;2025-11-19;4;8
1;2025-11-19;5;126
1;2025-11-19;6;536
1;2025-11-19;7;1495
1;2025-11-19;8;1955
1;2025-11-19;9;1514
1;2025-11-19;10;1364
1;2025-11-19;11;1370
1;2025-11-19;12;1389
1;2025-11-19;13;1428
1;2025-11-19;14;1381
1;2025-11-19;15;1487
1;2025-11-19;16;1526
1;2025-11-19;17;1785
1;2025-11-19;18;1813
1;2025-11-19;19;1353
1;2025-11-19;20;886
1;2025-11-19;21;485
1;2025-11-19;22;212
1;2025-11-19;23;40
1;2025-11-20;0;3
1;2025-11-20;1;0
1;2025-11-20;2;0
1;2025-11-20;3;0
1;2025-11-20;4;8
1;2025-11-20;5;127
1;2025-11-20;6;536
1;2025-11-20;7;1494
1;2025-11-20;8;1946
1;2025-11-20;9;1515
1;2025-11-20;10;1364
1;2025-11-20;11;1371
1;2025-11-20;12;1391
1;2025-11-20;13;1428
1;2025-11-20;14;1381
1;2025-11-20;15;1487
1;2025-11-20;16;1526
1;2025-11-20;17;1785
1;2025-11-20;18;1813
1;2025-11-20;19;1349
1;2025-11-20;20;883
1;2025-11-20;21;483
1;2025-11-20;22;210
1;2025-11-20;23;41
1;2025-11-21;0;2
1;2025-11-21;1;0
1;2025-11-21;2;0
1;2025-11-21;3;0
1;2025-11-21;4;7
1;2025-11-21;5;139
1;2025-11-21;6;531
1;2025-11-21;7;1470
1;2025-11-21;8;1836
1;2025-11-21;9;1455
1;2025-11-21;10;1326
1;2025-11-21;11;1370
1;2025-11-21;12;1363
1;2025-11-21;13;1416
1;2025-11-21;14;1396
1;2025-11-21;15;1542
1;2025-11-21;16;1592
1;2025-11-21;17;1746
1;2025-11-21;18;1516
1;2025-11-21;19;1267
1;2025-11-21;20;809
1;2025-11-21;21;476
1;2025-11-21;22;209
1;2025-11-21;23;47
1;2025-11-22;0;3
1;2025-11-22;1;0
1;2025-11-22;2;0
1;2025-11-22;3;0
1;2025-11-22;4;0
1;2025-11-22;5;35
1;2025-11-22;6;179
1;2025-11-22;7;369
1;2025-11-22;8;539
1;2025-11-22;9;786
1;2025-11-22;10;930
1;2025-11-22;11;948
1;2025-11-22;12;1091
1;2025-11-22;13;1148
1;2025-11-22;14;1082
1;2025-11-22;15;979
1;2025-11-22;16;885
1;2025-11-22;17;825
1;2025-11-22;18;718
1;2025-11-22;19;609
1;2025-11-22;20;453
1;2025-11-22;21;320
1;2025-11-22;22;131
1;2025-11-22;23;35
1;2025-11-23;0;2
1;2025-11-23;1;0
1;2025-11-23;2;0
1;2025-11-23;3;0
1;2025-11-23;4;0
1;2025-11-23;5;20
1;2025-11-23;6;125
1;2025-11-23;7;257
1;2025-11-23;8;366
1;2025-11-23;9;610
1;2025-11-23;10;681
1;2025-11-23;11;726
1;2025-11-23;12;846
1;2025-11-23;13;883
1;2025-11-23;14;825
1;2025-11-23;15;750
1;2025-11-23;16;704
1;2025-11-23;17;655
1;2025-11-23;18;522
1;2025-11-23;19;453
1;2025-11-23;20;348
1;2025-11-23;21;273
1;2025-11-23;22;111
1;2025-11-23;23;27
1;2025-11-24;0;1
1;2025-11-24;1;0
1;2025-11-24;2;0
1;2025-11-24;3;0
1;2025-11-24;4;9
1;2025-11-24;5;132
1;2025-11-24;6;522
1;2025-11-24;7;1483
1;2025-11-24;8;1935
1;2025-11-24;9;1485
1;2025-11-24;10;1255
1;2025-11-24;11;1232
1;2025-11-24;12;1334
1;2025-11-24;13;1401
1;2025-11-24;14;1401
1;2025-11-24;15;1514
1;2025-11-24;16;1574
1;2025-11-24;17;1825
1;2025-11-24;18;1915
1;2025-11-24;19;1404
1;2025-11-24;20;890
1;2025-11-24;21;457
1;2025-11-24;22;184
1;2025-11-24;23;38
1;2025-11-25;0;3
1;2025-11-25;1;0
1;2025-11-25;2;0
1;2025-11-25;3;0
1;2025-11-25;4;9
1;2025-11-25;5;127
1;2025-11-25;6;538
1;2025-11-25;7;1496
1;2025-11-25;8;1951
1;2025-11-25;9;1514
1;2025-11-25;10;1361
1;2025-11-25;11;1369
1;2025-11-25;12;1386
1;2025-11-25;13;1423
1;2025-11-25;14;1377
1;2025-11-25;15;1483
1;2025-11-25;16;1522
1;2025-11-25;17;1783
1;2025-11-25;18;1816
1;2025-11-25;19;1354
1;2025-11-25;20;884
1;2025-11-25;21;482
1;2025-11-25;22;210
1;2025-11-25;23;40
1;2025-11-26;0;3
1;2025-11-26;1;0
1;2025-11-26;2;0
1;2025-11-26;3;0
1;2025-11-26;4;8
1;2025-11-26;5;131
1;2025-11-26;6;541
1;2025-11-26;7;1509
1;2025-11-26;8;1974
1;2025-11-26;9;1525
1;2025-11-26;10;1364
1;2025-11-26;11;1375
1;2025-11-26;12;1393
1;2025-11-26;13;1433
1;2025-11-26;14;1384
1;2025-11-26;15;1488
1;2025-11-26;16;1511
1;2025-11-26;17;1775
1;2025-11-26;18;1810
1;2025-11-26;19;1354
1;2025-11-26;20;887
1;2025-11-26;21;487
1;2025-11-26;22;213
1;2025-11-26;23;42
1;2025-11-27;0;3
1;2025-11-27;1;0
1;2025-11-27;2;0
1;2025-11-27;3;0
1;2025-11-27;4;8
1;2025-11-27;5;126
1;2025-11-27;6;536
1;2025-11-27;7;1495
1;2025-11-27;8;1956
1;2025-11-27;9;1520
1;2025-11-27;10;1369
1;2025-11-27;11;1373
1;2025-11-27;12;1394
1;2025-11-27;13;1437
1;2025-11-27;14;1385
1;2025-11-27;15;1496
1;2025-11-27;16;1538
1;2025-11-27;17;1783
1;2025-11-27;18;1809
1;2025-11-27;19;1355
1;2025-11-27;20;888
1;2025-11-27;21;487
1;2025-11-27;22;215
1;2025-11-27;23;42
1;2025-11-28;0;2
1;2025-11-28;1;0
1;2025-11-28;2;0
1;2025-11-28;3;0
1;2025-11-28;4;7
1;2025-11-28;5;132
1;2025-11-28;6;526
1;2025-11-28;7;1479
1;2025-11-28;8;1837
1;2025-11-28;9;1454
1;2025-11-28;10;1323
1;2025-11-28;11;1366
1;2025-11-28;12;1382
1;2025-11-28;13;1412
1;2025-11-28;14;1395
1;2025-11-28;15;1546
1;2025-11-28;16;1592
1;2025-11-28;17;1743
1;2025-11-28;18;1513
1;2025-11-28;19;1265
1;2025-11-28;20;806
1;2025-11-28;21;473
1;2025-11-28;22;208
1;2025-11-28;23;46
1;2025-11-29;0;3
1;2025-11-29;1;0
1;2025-11-29;2;0
1;2025-11-29;3;0
1;2025-11-29;4;0
1;2025-11-29;5;34
1;2025-11-29;6;182
1;2025-11-29;7;371
1;2025-11-29;8;535
1;2025-11-29;9;805
1;2025-11-29;10;931
1;2025-11-29;11;949
1;2025-11-29;12;1091
1;2025-11-29;13;1146
1;2025-11-29;14;1082
1;2025-11-29;15;977
1;2025-11-29;16;886
1;2025-11-29;17;826
1;2025-11-29;18;715
1;2025-11-29;19;610
1;2025-11-29;20;454
1;2025-11-29;21;330
1;2025-11-29;22;140
1;2025-11-29;23;35
1;2025-11-30;0;2
1;2025-11-30;1;0
1;2025-11-30;2;0
1;2025-11-30;3;0
1;2025-11-30;4;0
1;2025-11-30;5;22
1;2025-11-30;6;126
1;2025-11-30;7;260
1;2025-11-30;8;366
1;2025-11-30;9;609
1;2025-11-30;10;679
1;2025-11-30;11;725
1;2025-11-30;12;845
1;2025-11-30;13;885
1;2025-11-30;14;830
1;2025-11-30;15;758
1;2025-11-30;16;709
1;2025-11-30;17;660
1;2025-11-30;18;539
1;2025-11-30;19;467
1;2025-11-30;20;354
1;2025-11-30;21;289
1;2025-11-30;22;115
1;2025-11-30;23;29
1;2025-12-01;0;1
1;2025-12-01;1;0
1;2025-12-01;2;0
1;2025-12-01;3;0
1;2025-12-01;4;9
1;2025-12-01;5;136
1;2025-12-01;6;529
1;2025-12-01;7;1483
1;2025-12-01;8;1944
1;2025-12-01;9;1489
1;2025-12-01;10;1278
1;2025-12-01;11;1261
1;2025-12-01;12;1334
1;2025-12-01;13;1398
1;2025-12-01;14;1399
1;2025-12-01;15;1513
1;2025-12-01;16;1570
1;2025-12-01;17;1832
1;2025-12-01;18;1927
1;2025-12-01;19;1413
1;2025-12-01;20;896
1;2025-12-01;21;460
1;2025-12-01;22;186
1;2025-12-01;23;41
1;2025-12-02;0;3
1;2025-12-02;1;0
1;2025-12-02;2;0
1;2025-12-02;3;0
1;2025-12-02;4;9
1;2025-12-02;5;128
1;2025-12-02;6;541
1;2025-12-02;7;1505
1;2025-12-02;8;1970
1;2025-12-02;9;1525
1;2025-12-02;10;1370
1;2025-12-02;11;1376
1;2025-12-02;12;1395
1;2025-12-02;13;1433
1;2025-12-02;14;1386
1;2025-12-02;15;1493
1;2025-12-02;16;1532
1;2025-12-02;17;1794
1;2025-12-02;18;1828
1;2025-12-02;19;1363
1;2025-12-02;20;890
1;2025-12-02;21;487
1;2025-12-02;22;211
1;2025-12-02;23;41
1;2025-12-03;0;3
1;2025-12-03;1;0
1;2025-12-03;2;0
1;2025-12-03;3;0
1;2025-12-03;4;8
1;2025-12-03;5;127
1;2025-12-03;6;540
1;2025-12-03;7;1504
1;2025-12-03;8;1968
1;2025-12-03;9;1525
1;2025-12-03;10;1371
1;2025-12-03;11;1378
1;2025-12-03;12;1397
1;2025-12-03;13;1437
1;2025-12-03;14;1390
1;2025-12-03;15;1496
1;2025-12-03;16;1536
1;2025-12-03;17;1796
1;2025-12-03;18;1825
1;2025-12-03;19;1361
1;2025-12-03;20;891
1;2025-12-03;21;487
1;2025-12-03;22;213
1;2025-12-03;23;42
1;2025-12-04;0;3
1;2025-12-04;1;0
1;2025-12-04;2;0
1;2025-12-04;3;0
1;2025-12-04;4;8
1;2025-12-04;5;126
1;2025-12-04;6;539
1;2025-12-04;7;1503
1;2025-12-04;8;1970
1;2025-12-04;9;1524
1;2025-12-04;10;1373
1;2025-12-04;11;1378
1;2025-12-04;12;1399
1;2025-12-04;13;1437
1;2025-12-04;14;1387
1;2025-12-04;15;1496
1;2025-12-04;16;1532
1;2025-12-04;17;1793
1;2025-12-04;18;1825
1;2025-12-04;19;1362
1;2025-12-04;20;891
1;2025-12-04;21;488
1;2025-12-04;22;213
1;2025-12-04;23;42
1;2025-12-05;0;2
1;2025-12-05;1;0
1;2025-12-05;2;0
1;2025-12-05;3;0
1;2025-12-05;4;7
1;2025-12-05;5;133
1;2025-12-05;6;529
1;2025-12-05;7;1485
1;2025-12-05;8;1851
1;2025-12-05;9;1465
1;2025-12-05;10;1333
1;2025-12-05;11;1377
1;2025-12-05;12;1393
1;2025-12-05;13;1425
1;2025-12-05;14;1402
1;2025-12-05;15;1552
1;2025-12-05;16;1603
1;2025-12-05;17;1757
1;2025-12-05;18;1523
1;2025-12-05;19;1273
1;2025-12-05;20;811
1;2025-12-05;21;476
1;2025-12-05;22;210
1;2025-12-05;23;47
1;2025-12-06;0;3
1;2025-12-06;1;0
1;2025-12-06;2;0
1;2025-12-06;3;0
1;2025-12-06;4;0
1;2025-12-06;5;36
1;2025-12-06;6;188
1;2025-12-06;7;383
1;2025-12-06;8;552
1;2025-12-06;9;832
1;2025-12-06;10;959
1;2025-12-06;11;975
1;2025-12-06;12;1128
1;2025-12-06;13;1192
1;2025-12-06;14;1124
1;2025-12-06;15;1022
1;2025-12-06;16;927
1;2025-12-06;17;858
1;2025-12-06;18;750
1;2025-12-06;19;627
1;2025-12-06;20;463
1;2025-12-06;21;344
1;2025-12-06;22;141
1;2025-12-06;23;35
1;2025-12-07;0;2
1;2025-12-07;1;0
1;2025-12-07;2;0
1;2025-12-07;3;0
1;2025-12-07;4;0
1;2025-12-07;5;24
1;2025-12-07;6;133
1;2025-12-07;7;267
1;2025-12-07;8;378
1;2025-12-07;9;632
1;2025-12-07;10;705
1;2025-12-07;11;754
1;2025-12-07;12;877
1;2025-12-07;13;916
1;2025-12-07;14;856
1;2025-12-07;15;781
1;2025-12-07;16;731
1;2025-12-07;17;679
1;2025-12-07;18;546
1;2025-12-07;19;477
1;2025-12-07;20;361
1;2025-12-07;21;286
1;2025-12-07;22;119
1;2025-12-07;23;31
1;2025-12-08;0;1
1;2025-12-08;1;0
1;2025-12-08;2;0
1;2025-12-08;3;0
1;2025-12-08;4;9
1;2025-12-08;5;136
1;2025-12-08;6;528
1;2025-12-08;7;1483
1;2025-12-08;8;1947
1;2025-12-08;9;1490
1;2025-12-08;10;1278
1;2025-12-08;11;1261
1;2025-12-08;12;1334
1;2025-12-08;13;1395
1;2025-12-08;14;1398
1;2025-12-08;15;1513
1;2025-12-08;16;1570
1;2025-12-08;17;1832
1;2025-12-08;18;1927
1;2025-12-08;19;1413
1;2025-12-08;20;896
1;2025-12-08;21;460
1;2025-12-08;22;186
1;2025-12-08;23;41
1;2025-12-09;0;3
1;2025-12-09;1;0
1;2025-12-09;2;0
1;2025-12-09;3;0
1;2025-12-09;4;9
1;2025-12-09;5;128
1;2025-12-09;6;541
1;2025-12-09;7;1505
1;2025-12-09;8;1964
1;2025-12-09;9;1525
1;2025-12-09;10;1371
1;2025-12-09;11;1377
1;2025-12-09;12;1395
1;2025-12-09;13;1432
1;2025-12-09;14;1386
1;2025-12-09;15;1493
1;2025-12-09;16;1533
1;2025-12-09;17;1795
1;2025-12-09;18;1828
1;2025-12-09;19;1364
1;2025-12-09;20;891
1;2025-12-09;21;487
1;2025-12-09;22;213
1;2025-12-09;23;41
1;2025-12-10;0;3
1;2025-12-10;1;0
1;2025-12-10;2;0
1;2025-12-10;3;0
1;2025-12-10;4;8
1;2025-12-10;5;148
1;2025-12-10;6;560
1;2025-12-10;7;1524
1;2025-12-10;8;1968
1;2025-12-10;9;1543
1;2025-12-10;10;1387
1;2025-12-10;11;1387
1;2025-12-10;12;1398
1;2025-12-10;13;1436
1;2025-12-10;14;1390
1;2025-12-10;15;1496
1;2025-12-10;16;1536
1;2025-12-10;17;1797
1;2025-12-10;18;1825
1;2025-12-10;19;1362
1;2025-12-10;20;891
1;2025-12-10;21;488
1;2025-12-10;22;214
1;2025-12-10;23;42
1;2025-12-11;0;3
1;2025-12-11;1;0
1;2025-12-11;2;0
1;2025-12-11;3;0
1;2025-12-11;4;8
1;2025-12-11;5;127
1;2025-12-11;6;538
1;2025-12-11;7;1502
1;2025-12-11;8;1969
1;2025-12-11;9;1519
1;2025-12-11;10;1370
1;2025-12-11;11;1375
1;2025-12-11;12;1396
1;2025-12-11;13;1440
1;2025-12-11;14;1390
1;2025-12-11;15;1498
1;2025-12-11;16;1530
1;2025-12-11;17;1782
1;2025-12-11;18;1811
1;2025-12-11;19;1360
1;2025-12-11;20;892
1;2025-12-11;21;491
1;2025-12-11;22;217
1;2025-12-11;23;42
1;2025-12-12;0;2
1;2025-12-12;1;0
1;2025-12-12;2;0
1;2025-12-12;3;0
1;2025-12-12;4;7
1;2025-12-12;5;133
1;2025-12-12;6;525
1;2025-12-12;7;1487
1;2025-12-12;8;1848
1;2025-12-12;9;1469
1;2025-12-12;10;1329
1;2025-12-12;11;1380
1;2025-12-12;12;1377
1;2025-12-12;13;1399
1;2025-12-12;14;1382
1;2025-12-12;15;1492
1;2025-12-12;16;1546
1;2025-12-12;17;1734
1;2025-12-12;18;1530
1;2025-12-12;19;1271
1;2025-12-12;20;817
1;2025-12-12;21;482
1;2025-12-12;22;205
1;2025-12-12;23;49
1;2025-12-13;0;3
1;2025-12-13;1;0
1;2025-12-13;2;0
1;2025-12-13;3;0
1;2025-12-13;4;0
1;2025-12-13;5;25
1;2025-12-13;6;171
1;2025-12-13;7;356
1;2025-12-13;8;514
1;2025-12-13;9;793
1;2025-12-13;10;920
1;2025-12-13;11;941
1;2025-12-13;12;1078
1;2025-12-13;13;1140
1;2025-12-13;14;1074
1;2025-12-13;15;978
1;2025-12-13;16;886
1;2025-12-13;17;822
1;2025-12-13;18;727
1;2025-12-13;19;610
1;2025-12-13;20;426
1;2025-12-13;21;304
1;2025-12-13;22;130
1;2025-12-13;23;15
1;2025-12-14;0;2
1;2025-12-14;1;0
1;2025-12-14;2;0
1;2025-12-14;3;0
1;2025-12-14;4;0
1;2025-12-14;5;11
1;2025-12-14;6;94
1;2025-12-14;7;223
1;2025-12-14;8;311
1;2025-12-14;9;586
1;2025-12-14;10;657
1;2025-12-14;11;713
1;2025-12-14;12;841
1;2025-12-14;13;886
1;2025-12-14;14;826
1;2025-12-14;15;756
1;2025-12-14;16;713
1;2025-12-14;17;661
1;2025-12-14;18;539
1;2025-12-14;19;467
1;2025-12-14;20;350
1;2025-12-14;21;277
1;2025-12-14;22;121
1;2025-12-14;23;34
1;2025-12-15;0;1
1;2025-12-15;1;0
1;2025-12-15;2;0
1;2025-12-15;3;0
1;2025-12-15;4;9
1;2025-12-15;5;133
1;2025-12-15;6;522
1;2025-12-15;7;1476
1;2025-12-15;8;1919
1;2025-12-15;9;1479
1;2025-12-15;10;1265
1;2025-12-15;11;1230
1;2025-12-15;12;1310
1;2025-12-15;13;1372
1;2025-12-15;14;1376
1;2025-12-15;15;1502
1;2025-12-15;16;1554
1;2025-12-15;17;1822
1;2025-12-15;18;1929
1;2025-12-15;19;1420
1;2025-12-15;20;899
1;2025-12-15;21;460
1;2025-12-15;22;184
1;2025-12-15;23;41
1;2025-12-16;0;3
1;2025-12-16;1;0
1;2025-12-16;2;0
1;2025-12-16;3;0
1;2025-12-16;4;8
1;2025-12-16;5;127
1;2025-12-16;6;538
1;2025-12-16;7;1498
1;2025-12-16;8;1941
1;2025-12-16;9;1514
1;2025-12-16;10;1365
1;2025-12-16;11;1390
1;2025-12-16;12;1403
1;2025-12-16;13;1417
1;2025-12-16;14;1389
1;2025-12-16;15;1493
1;2025-12-16;16;1532
1;2025-12-16;17;1794
1;2025-12-16;18;1828
1;2025-12-16;19;1362
1;2025-12-16;20;889
1;2025-12-16;21;485
1;2025-12-16;22;210
1;2025-12-16;23;39
1;2025-12-17;0;3
1;2025-12-17;1;0
1;2025-12-17;2;0
1;2025-12-17;3;0
1;2025-12-17;4;8
1;2025-12-17;5;127
1;2025-12-17;6;539
1;2025-12-17;7;1503
1;2025-12-17;8;1971
1;2025-12-17;9;1526
1;2025-12-17;10;1373
1;2025-12-17;11;1378
1;2025-12-17;12;1397
1;2025-12-17;13;1437
1;2025-12-17;14;1390
1;2025-12-17;15;1496
1;2025-12-17;16;1536
1;2025-12-17;17;1796
1;2025-12-17;18;1825
1;2025-12-17;19;1361
1;2025-12-17;20;891
1;2025-12-17;21;487
1;2025-12-17;22;213
1;2025-12-17;23;42
1;2025-12-18;0;3
1;2025-12-18;1;0
1;2025-12-18;2;0
1;2025-12-18;3;0
1;2025-12-18;4;9
1;2025-12-18;5;126
1;2025-12-18;6;539
1;2025-12-18;7;1503
1;2025-12-18;8;1964
1;2025-12-18;9;1523
1;2025-12-18;10;1373
1;2025-12-18;11;1380
1;2025-12-18;12;1399
1;2025-12-18;13;1436
1;2025-12-18;14;1390
1;2025-12-18;15;1496
1;2025-12-18;16;1536
1;2025-12-18;17;1796
1;2025-12-18;18;1825
1;2025-12-18;19;1361
1;2025-12-18;20;890
1;2025-12-18;21;487
1;2025-12-18;22;213
1;2025-12-18;23;42
1;2025-12-19;0;2
1;2025-12-19;1;0
1;2025-12-19;2;0
1;2025-12-19;3;0
1;2025-12-19;4;7
1;2025-12-19;5;132
1;2025-12-19;6;528
1;2025-12-19;7;1484
1;2025-12-19;8;1847
1;2025-12-19;9;1465
1;2025-12-19;10;1335
1;2025-12-19;11;1380
1;2025-12-19;12;1397
1;2025-12-19;13;1428
1;2025-12-19;14;1409
1;2025-12-19;15;1550
1;2025-12-19;16;1598
1;2025-12-19;17;1754
1;2025-12-19;18;1529
1;2025-12-19;19;1274
1;2025-12-19;20;814
1;2025-12-19;21;478
1;2025-12-19;22;210
1;2025-12-19;23;48
1;2025-12-20;0;3
1;2025-12-20;1;0
1;2025-12-20;2;0
1;2025-12-20;3;0
1;2025-12-20;4;0
1;2025-12-20;5;37
1;2025-12-20;6;191
1;2025-12-20;7;385
1;2025-12-20;8;553
1;2025-12-20;9;835
1;2025-12-20;10;963
1;2025-12-20;11;982
1;2025-12-20;12;1127
1;2025-12-20;13;1184
1;2025-12-20;14;1117
1;2025-12-20;15;1012
1;2025-12-20;16;919
1;2025-12-20;17;857
1;2025-12-20;18;741
1;2025-12-20;19;629
1;2025-12-20;20;467
1;2025-12-20;21;340
1;2025-12-20;22;144
1;2025-12-20;23;36
1;2025-12-21;0;2
1;2025-12-21;1;0
1;2025-12-21;2;0
1;2025-12-21;3;0
1;2025-12-21;4;0
1;2025-12-21;5;23
1;2025-12-21;6;129
1;2025-12-21;7;267
1;2025-12-21;8;380
1;2025-12-21;9;633
1;2025-12-21;10;706
1;2025-12-21;11;754
1;2025-12-21;12;877
1;2025-12-21;13;914
1;2025-12-21;14;854
1;2025-12-21;15;779
1;2025-12-21;16;731
1;2025-12-21;17;680
1;2025-12-21;18;546
1;2025-12-21;19;478
1;2025-12-21;20;361
1;2025-12-21;21;286
1;2025-12-21;22;110
1;2025-12-21;23;31
1;2025-12-22;0;1
1;2025-12-22;1;0
1;2025-12-22;2;0
1;2025-12-22;3;0
1;2025-12-22;4;9
1;2025-12-22;5;136
1;2025-12-22;6;529
1;2025-12-22;7;1484
1;2025-12-22;8;1955
1;2025-12-22;9;1498
1;2025-12-22;10;1299
1;2025-12-22;11;1265
1;2025-12-22;12;1339
1;2025-12-22;13;1396
1;2025-12-22;14;1398
1;2025-12-22;15;1515
1;2025-12-22;16;1571
1;2025-12-22;17;1832
1;2025-12-22;18;1927
1;2025-12-22;19;1415
1;2025-12-22;20;897
1;2025-12-22;21;461
1;2025-12-22;22;180
1;2025-12-22;23;32
1;2025-12-23;0;3
1;2025-12-23;1;0
1;2025-12-23;2;0
1;2025-12-23;3;0
1;2025-12-23;4;8
1;2025-12-23;5;130
1;2025-12-23;6;543
1;2025-12-23;7;1504
1;2025-12-23;8;1942
1;2025-12-23;9;1520
1;2025-12-23;10;1361
1;2025-12-23;11;1367
1;2025-12-23;12;1386
1;2025-12-23;13;1419
1;2025-12-23;14;1369
1;2025-12-23;15;1476
1;2025-12-23;16;1515
1;2025-12-23;17;1781
1;2025-12-23;18;1821
1;2025-12-23;19;1369
1;2025-12-23;20;890
1;2025-12-23;21;487
1;2025-12-23;22;213
1;2025-12-23;23;42
1;2025-12-24;0;3
1;2025-12-24;1;0
1;2025-12-24;2;0
1;2025-12-24;3;0
1;2025-12-24;4;8
1;2025-12-24;5;129
1;2025-12-24;6;541
1;2025-12-24;7;1500
1;2025-12-24;8;1936
1;2025-12-24;9;1522
1;2025-12-24;10;1369
1;2025-12-24;11;1377
1;2025-12-24;12;1383
1;2025-12-24;13;1429
1;2025-12-24;14;1382
1;2025-12-24;15;1478
1;2025-12-24;16;1528
1;2025-12-24;17;1790
1;2025-12-24;18;1807
1;2025-12-24;19;1362
1;2025-12-24;20;883
1;2025-12-24;21;474
1;2025-12-24;22;200
1;2025-12-24;23;33
1;2025-12-25;0;3
1;2025-12-25;1;0
1;2025-12-25;2;0
1;2025-12-25;3;0
1;2025-12-25;4;9
1;2025-12-25;5;130
1;2025-12-25;6;552
1;2025-12-25;7;1498
1;2025-12-25;8;1951
1;2025-12-25;9;1515
1;2025-12-25;10;1363
1;2025-12-25;11;1368
1;2025-12-25;12;1391
1;2025-12-25;13;1433
1;2025-12-25;14;1386
1;2025-12-25;15;1488
1;2025-12-25;16;1539
1;2025-12-25;17;1787
1;2025-12-25;18;1818
1;2025-12-25;19;1370
1;2025-12-25;20;897
1;2025-12-25;21;491
1;2025-12-25;22;219
1;2025-12-25;23;44
1;2025-12-26;0;2
1;2025-12-26;1;0
1;2025-12-26;2;0
1;2025-12-26;3;0
1;2025-12-26;4;7
1;2025-12-26;5;116
1;2025-12-26;6;524
1;2025-12-26;7;1482
1;2025-12-26;8;1853
1;2025-12-26;9;1456
1;2025-12-26;10;1315
1;2025-12-26;11;1367
1;2025-12-26;12;1351
1;2025-12-26;13;1408
1;2025-12-26;14;1390
1;2025-12-26;15;1536
1;2025-12-26;16;1586
1;2025-12-26;17;1730
1;2025-12-26;18;1516
1;2025-12-26;19;1267
1;2025-12-26;20;804
1;2025-12-26;21;469
1;2025-12-26;22;201
1;2025-12-26;23;48
1;2025-12-27;0;3
1;2025-12-27;1;0
1;2025-12-27;2;0
1;2025-12-27;3;0
1;2025-12-27;4;0
1;2025-12-27;5;37
1;2025-12-27;6;191
1;2025-12-27;7;385
1;2025-12-27;8;555
1;2025-12-27;9;816
1;2025-12-27;10;962
1;2025-12-27;11;982
1;2025-12-27;12;1127
1;2025-12-27;13;1183
1;2025-12-27;14;1116
1;2025-12-27;15;993
1;2025-12-27;16;901
1;2025-12-27;17;842
1;2025-12-27;18;734
1;2025-12-27;19;616
1;2025-12-27;20;457
1;2025-12-27;21;329
1;2025-12-27;22;130
1;2025-12-27;23;32
1;2025-12-28;0;2
1;2025-12-28;1;0
1;2025-12-28;2;0
1;2025-12-28;3;0
1;2025-12-28;4;0
1;2025-12-28;5;25
1;2025-12-28;6;138
1;2025-12-28;7;267
1;2025-12-28;8;380
1;2025-12-28;9;629
1;2025-12-28;10;694
1;2025-12-28;11;719
1;2025-12-28;12;836
1;2025-12-28;13;864
1;2025-12-28;14;807
1;2025-12-28;15;728
1;2025-12-28;16;708
1;2025-12-28;17;656
1;2025-12-28;18;531
1;2025-12-28;19;458
1;2025-12-28;20;340
1;2025-12-28;21;269
1;2025-12-28;22;104
1;2025-12-28;23;26
1;2025-12-29;0;1
1;2025-12-29;1;0
1;2025-12-29;2;0
1;2025-12-29;3;0
1;2025-12-29;4;8
1;2025-12-29;5;125
1;2025-12-29;6;491
1;2025-12-29;7;1368
1;2025-12-29;8;1765
1;2025-12-29;9;1364
1;2025-12-29;10;1165
1;2025-12-29;11;1152
1;2025-12-29;12;1215
1;2025-12-29;13;1275
1;2025-12-29;14;1282
1;2025-12-29;15;1384
1;2025-12-29;16;1437
1;2025-12-29;17;1679
1;2025-12-29;18;1762
1;2025-12-29;19;1309
1;2025-12-29;20;824
1;2025-12-29;21;422
1;2025-12-29;22;165
1;2025-12-29;23;29
1;2025-12-30;0;3
1;2025-12-30;1;0
1;2025-12-30;2;0
1;2025-12-30;3;0
1;2025-12-30;4;8
1;2025-12-30;5;111
1;2025-12-30;6;491
1;2025-12-30;7;1382
1;2025-12-30;8;1784
1;2025-12-30;9;1389
1;2025-12-30;10;1244
1;2025-12-30;11;1252
1;2025-12-30;12;1260
1;2025-12-30;13;1296
1;2025-12-30;14;1264
1;2025-12-30;15;1359
1;2025-12-30;16;1396
1;2025-12-30;17;1628
1;2025-12-30;18;1672
1;2025-12-30;19;1255
1;2025-12-30;20;810
1;2025-12-30;21;435
1;2025-12-30;22;187
1;2025-12-30;23;31
1;2025-12-31;0;1
1;2025-12-31;1;0
1;2025-12-31;2;0
1;2025-12-31;3;0
1;2025-12-31;4;0
1;2025-12-31;5;9
1;2025-12-31;6;48
1;2025-12-31;7;112
1;2025-12-31;8;171
1;2025-12-31;9;361
1;2025-12-31;10;415
1;2025-12-31;11;433
1;2025-12-31;12;586
1;2025-12-31;13;590
1;2025-12-31;14;540
1;2025-12-31;15;495
1;2025-12-31;16;494
1;2025-12-31;17;454
1;2025-12-31;18;344
1;2025-12-31;19;311
1;2025-12-31;20;243
1;2025-12-31;21;177
1;2025-12-31;22;42
1;2025-12-31;23;11
5;2025-11-01;0;0
5;2025-11-01;1;0
5;2025-11-01;2;0
5;2025-11-01;3;0
5;2025-11-01;4;0
5;2025-11-01;5;0
5;2025-11-01;6;0
5;2025-11-01;7;0
5;2025-11-01;8;0
5;2025-11-01;9;0
5;2025-11-01;10;0
5;2025-11-01;11;0
5;2025-11-01;12;0
5;2025-11-01;13;0
5;2025-11-01;14;0
5;2025-11-01;15;0
5;2025-11-01;16;0
5;2025-11-01;17;0
5;2025-11-01;18;0
5;2025-11-01;19;0
5;2025-11-01;20;0
5;2025-11-01;21;0
5;2025-11-01;22;0
5;2025-11-01;23;0
5;2025-11-02;0;0
5;2025-11-02;1;0
5;2025-11-02;2;0
5;2025-11-02;3;0
5;2025-11-02;4;0
5;2025-11-02;5;0
5;2025-11-02;6;0
5;2025-11-02;7;0
5;2025-11-02;8;0
5;2025-11-02;9;0
5;2025-11-02;10;0
5;2025-11-02;11;0
5;2025-11-02;12;0
5;2025-11-02;13;0
5;2025-11-02;14;0
5;2025-11-02;15;0
5;2025-11-02;16;0
5;2025-11-02;17;0
5;2025-11-02;18;0
5;2025-11-02;19;0
5;2025-11-02;20;0
5;2025-11-02;21;0
5;2025-11-02;22;0
5;2025-11-02;23;0
5;2025-11-03;0;0
5;2025-11-03;1;0
5;2025-11-03;2;0
5;2025-11-03;3;0
5;2025-11-03;4;0
5;2025-11-03;5;0
5;2025-11-03;6;0
5;2025-11-03;7;0
5;2025-11-03;8;0
5;2025-11-03;9;0
5;2025-11-03;10;0
5;2025-11-03;11;0
5;2025-11-03;12;0
5;2025-11-03;13;0
5;2025-11-03;14;0
5;2025-11-03;15;0
5;2025-11-03;16;0
5;2025-11-03;17;0
5;2025-11-03;18;0
5;2025-11-03;19;0
5;2025-11-03;20;0
5;2025-11-03;21;0
5;2025-11-03;22;0
5;2025-11-03;23;0
5;2025-11-04;0;0
5;2025-11-04;1;0
5;2025-11-04;2;0
5;2025-11-04;3;0
5;2025-11-04;4;0
5;2025-11-04;5;0
5;2025-11-04;6;0
5;2025-11-04;7;0
5;2025-11-04;8;0
5;2025-11-04;9;0
5;2025-11-04;10;0
5;2025-11-04;11;0
5;2025-11-04;12;0
5;2025-11-04;13;0
5;2025-11-04;14;0
5;2025-11-04;15;0
5;2025-11-04;16;0
5;2025-11-04;17;0
5;2025-11-04;18;0
5;2025-11-04;19;0
5;2025-11-04;20;0
5;2025-11-04;21;0
5;2025-11-04;22;0
5;2025-11-04;23;0
5;2025-11-05;0;0
5;2025-11-05;1;0
5;2025-11-05;2;0
5;2025-11-05;3;0
5;2025-11-05;4;0
5;2025-11-05;5;0
5;2025-11-05;6;0
5;2025-11-05;7;0
5;2025-11-05;8;0
5;2025-11-05;9;0
5;2025-11-05;10;0
5;2025-11-05;11;0
5;2025-11-05;12;0
5;2025-11-05;13;0
5;2025-11-05;14;0
5;2025-11-05;15;0
5;2025-11-05;16;0
5;2025-11-05;17;0
5;2025-11-05;18;0
5;2025-11-05;19;0
5;2025-11-05;20;0
5;2025-11-05;21;0
5;2025-11-05;22;0
5;2025-11-05;23;0
5;2025-11-06;0;0
5;2025-11-06;1;0
5;2025-11-06;2;0
5;2025-11-06;3;0
5;2025-11-06;4;0
5;2025-11-06;5;0
5;2025-11-06;6;0
5;2025-11-06;7;0
5;2025-11-06;8;0
5;2025-11-06;9;0
5;2025-11-06;10;0
5;2025-11-06;11;0
5;2025-11-06;12;0
5;2025-11-06;13;0
5;2025-11-06;14;0
5;2025-11-06;15;0
5;2025-11-06;16;0
5;2025-11-06;17;0
5;2025-11-06;18;0
5;2025-11-06;19;0
5;2025-11-06;20;0
5;2025-11-06;21;0
5;2025-11-06;22;0
5;2025-11-06;23;0
5;2025-11-07;0;0
5;2025-11-07;1;0
5;2025-11-07;2;0
5;2025-11-07;3;0
5;2025-11-07;4;0
5;2025-11-07;5;0
5;2025-11-07;6;0
5;2025-11-07;7;0
5;2025-11-07;8;0
5;2025-11-07;9;0
5;2025-11-07;10;0
5;2025-11-07;11;0
5;2025-11-07;12;0
5;2025-11-07;13;0
5;2025-11-07;14;0
5;2025-11-07;15;0
5;2025-11-07;16;0
5;2025-11-07;17;0
5;2025-11-07;18;0
5;2025-11-07;19;0
5;2025-11-07;20;0
5;2025-11-07;21;0
5;2025-11-07;22;0
5;2025-11-07;23;0
5;2025-11-08;0;0
5;2025-11-08;1;0
5;2025-11-08;2;0
5;2025-11-08;3;0
5;2025-11-08;4;0
5;2025-11-08;5;0
5;2025-11-08;6;0
5;2025-11-08;7;0
5;2025-11-08;8;0
5;2025-11-08;9;0
5;2025-11-08;10;0
5;2025-11-08;11;0
5;2025-11-08;12;0
5;2025-11-08;13;0
5;2025-11-08;14;0
5;2025-11-08;15;0
5;2025-11-08;16;0
5;2025-11-08;17;0
5;2025-11-08;18;0
5;2025-11-08;19;0
5;2025-11-08;20;0
5;2025-11-08;21;0
5;2025-11-08;22;0
5;2025-11-08;23;0
5;2025-11-09;0;0
5;2025-11-09;1;0
5;2025-11-09;2;0
5;2025-11-09;3;0
5;2025-11-09;4;0
5;2025-11-09;5;0
5;2025-11-09;6;0
5;2025-11-09;7;0
5;2025-11-09;8;0
5;2025-11-09;9;0
5;2025-11-09;10;0
5;2025-11-09;11;0
5;2025-11-09;12;0
5;2025-11-09;13;0
5;2025-11-09;14;0
5;2025-11-09;15;0
5;2025-11-09;16;0
5;2025-11-09;17;0
5;2025-11-09;18;0
5;2025-11-09;19;0
5;2025-11-09;20;0
5;2025-11-09;21;0
5;2025-11-09;22;0
5;2025-11-09;23;0
5;2025-11-10;0;0
5;2025-11-10;1;0
5;2025-11-10;2;0
5;2025-11-10;3;0
5;2025-11-10;4;0
5;2025-11-10;5;0
5;2025-11-10;6;0
5;2025-11-10;7;0
5;2025-11-10;8;0
5;2025-11-10;9;0
5;2025-11-10;10;0
5;2025-11-10;11;0
5;2025-11-10;12;0
5;2025-11-10;13;0
5;2025-11-10;14;0
5;2025-11-10;15;0
5;2025-11-10;16;0
5;2025-11-10;17;0
5;2025-11-10;18;0
5;2025-11-10;19;0
5;2025-11-10;20;0
5;2025-11-10;21;0
5;2025-11-10;22;0
5;2025-11-10;23;0
5;2025-11-11;0;0
5;2025-11-11;1;0
5;2025-11-11;2;0
5;2025-11-11;3;0
5;2025-11-11;4;0
5;2025-11-11;5;0
5;2025-11-11;6;0
5;2025-11-11;7;0
5;2025-11-11;8;0
5;2025-11-11;9;0
5;2025-11-11;10;0
5;2025-11-11;11;0
5;2025-11-11;12;0
5;2025-11-11;13;0
5;2025-11-11;14;0
5;2025-11-11;15;0
5;2025-11-11;16;0
5;2025-11-11;17;0
5;2025-11-11;18;0
5;2025-11-11;19;0
5;2025-11-11;20;0
5;2025-11-11;21;0
5;2025-11-11;22;0
5;2025-11-11;23;0
5;2025-11-12;0;0
5;2025-11-12;1;0
5;2025-11-12;2;0
5;2025-11-12;3;0
5;2025-11-12;4;0
5;2025-11-12;5;0
5;2025-11-12;6;0
5;2025-11-12;7;0
5;2025-11-12;8;0
5;2025-11-12;9;0
5;2025-11-12;10;0
5;2025-11-12;11;0
5;2025-11-12;12;0
5;2025-11-12;13;0
5;2025-11-12;14;0
5;2025-11-12;15;0
5;2025-11-12;16;0
5;2025-11-12;17;0
5;2025-11-12;18;0
5;2025-11-12;19;0
5;2025-11-12;20;0
5;2025-11-12;21;0
5;2025-11-12;22;0
5;2025-11-12;23;0
5;2025-11-13;0;0
5;2025-11-13;1;0
5;2025-11-13;2;0
5;2025-11-13;3;0
5;2025-11-13;4;0
5;2025-11-13;5;0
5;2025-11-13;6;0
5;2025-11-13;7;0
5;2025-11-13;8;0
5;2025-11-13;9;0
5;2025-11-13;10;0
5;2025-11-13;11;0
5;2025-11-13;12;0
5;2025-11-13;13;0
5;2025-11-13;14;0
5;2025-11-13;15;0
5;2025-11-13;16;0
5;2025-11-13;17;0
5;2025-11-13;18;0
5;2025-11-13;19;0
5;2025-11-13;20;0
5;2025-11-13;21;0
5;2025-11-13;22;0
5;2025-11-13;23;0
5;2025-11-14;0;0
5;2025-11-14;1;0
5;2025-11-14;2;0
5;2025-11-14;3;0
5;2025-11-14;4;0
5;2025-11-14;5;0
5;2025-11-14;6;0
5;2025-11-14;7;0
5;2025-11-14;8;0
5;2025-11-14;9;0
5;2025-11-14;10;0
5;2025-11-14;11;0
5;2025-11-14;12;0
5;2025-11-14;13;0
5;2025-11-14;14;0
5;2025-11-14;15;0
5;2025-11-14;16;0
5;2025-11-14;17;0
5;2025-11-14;18;0
5;2025-11-14;19;0
5;2025-11-14;20;0
5;2025-11-14;21;0
5;2025-11-14;22;0
5;2025-11-14;23;0
5;2025-11-15;0;0
5;2025-11-15;1;0
5;2025-11-15;2;0
5;2025-11-15;3;0
5;2025-11-15;4;0
5;2025-11-15;5;0
5;2025-11-15;6;0
5;2025-11-15;7;0
5;2025-11-15;8;0
5;2025-11-15;9;0
5;2025-11-15;10;0
5;2025-11-15;11;0
5;2025-11-15;12;0
5;2025-11-15;13;0
5;2025-11-15;14;0
5;2025-11-15;15;0
5;2025-11-15;16;0
5;2025-11-15;17;0
5;2025-11-15;18;0
5;2025-11-15;19;0
5;2025-11-15;20;0
5;2025-11-15;21;0
5;2025-11-15;22;0
5;2025-11-15;23;0
5;2025-11-16;0;0
5;2025-11-16;1;0
5;2025-11-16;2;0
5;2025-11-16;3;0
5;2025-11-16;4;0
5;2025-11-16;5;0
5;2025-11-16;6;0
5;2025-11-16;7;0
5;2025-11-16;8;0
5;2025-11-16;9;0
5;2025-11-16;10;0
5;2025-11-16;11;0
5;2025-11-16;12;0
5;2025-11-16;13;0
5;2025-11-16;14;0
5;2025-11-16;15;0
5;2025-11-16;16;0
5;2025-11-16;17;0
5;2025-11-16;18;0
5;2025-11-16;19;0
5;2025-11-16;20;0
5;2025-11-16;21;0
5;2025-11-16;22;0
5;2025-11-16;23;0
5;2025-11-17;0;0
5;2025-11-17;1;0
5;2025-11-17;2;0
5;2025-11-17;3;0
5;2025-11-17;4;0
5;2025-11-17;5;0
5;2025-11-17;6;0
5;2025-11-17;7;0
5;2025-11-17;8;0
5;2025-11-17;9;0
5;2025-11-17;10;0
5;2025-11-17;11;0
5;2025-11-17;12;0
5;2025-11-17;13;0
5;2025-11-17;14;0
5;2025-11-17;15;0
5;2025-11-17;16;0
5;2025-11-17;17;0
5;2025-11-17;18;0
5;2025-11-17;19;0
5;2025-11-17;20;0
5;2025-11-17;21;0
5;2025-11-17;22;0
5;2025-11-17;23;0
5;2025-11-18;0;0
5;2025-11-18;1;0
5;2025-11-18;2;0
5;2025-11-18;3;0
5;2025-11-18;4;0
5;2025-11-18;5;0
5;2025-11-18;6;0
5;2025-11-18;7;0
5;2025-11-18;8;0
5;2025-11-18;9;0
5;2025-11-18;10;0
5;2025-11-18;11;0
5;2025-11-18;12;0
5;2025-11-18;13;0
5;2025-11-18;14;0
5;2025-11-18;15;0
5;2025-11-18;16;0
5;2025-11-18;17;0
5;2025-11-18;18;0
5;2025-11-18;19;0
5;2025-11-18;20;0
5;2025-11-18;21;0
5;2025-11-18;22;0
5;2025-11-18;23;0
5;2025-11-19;0;0
5;2025-11-19;1;0
5;2025-11-19;2;0
5;2025-11-19;3;0
5;2025-11-19;4;0
5;2025-11-19;5;0
5;2025-11-19;6;0
5;2025-11-19;7;0
5;2025-11-19;8;0
5;2025-11-19;9;0
5;2025-11-19;10;0
5;2025-11-19;11;0
5;2025-11-19;12;0
5;2025-11-19;13;0
5;2025-11-19;14;0
5;2025-11-19;15;0
5;2025-11-19;16;0
5;2025-11-19;17;0
5;2025-11-19;18;0
5;2025-11-19;19;0
5;2025-11-19;20;0
5;2025-11-19;21;0
5;2025-11-19;22;0
5;2025-11-19;23;0
5;2025-11-20;0;0
5;2025-11-20;1;0
5;2025-11-20;2;0
5;2025-11-20;3;0
5;2025-11-20;4;0
5;2025-11-20;5;0
5;2025-11-20;6;0
5;2025-11-20;7;0
5;2025-11-20;8;0
5;2025-11-20;9;0
5;2025-11-20;10;0
5;2025-11-20;11;0
5;2025-11-20;12;0
5;2025-11-20;13;0
5;2025-11-20;14;0
5;2025-11-20;15;0
5;2025-11-20;16;0
5;2025-11-20;17;0
5;2025-11-20;18;0
5;2025-11-20;19;0
5;2025-11-20;20;0
5;2025-11-20;21;0
5;2025-11-20;22;0
5;2025-11-20;23;0
5;2025-11-21;0;0
5;2025-11-21;1;0
5;2025-11-21;2;0
5;2025-11-21;3;0
5;2025-11-21;4;0
5;2025-11-21;5;0
5;2025-11-21;6;0
5;2025-11-21;7;0
5;2025-11-21;8;0
5;2025-11-21;9;0
5;2025-11-21;10;0
5;2025-11-21;11;0
5;2025-11-21;12;0
5;2025-11-21;13;0
5;2025-11-21;14;0
5;2025-11-21;15;0
5;2025-11-21;16;0
5;2025-11-21;17;0
5;2025-11-21;18;0
5;2025-11-21;19;0
5;2025-11-21;20;0
5;2025-11-21;21;0
5;2025-11-21;22;0
5;2025-11-21;23;0
5;2025-11-22;0;0
5;2025-11-22;1;0
5;2025-11-22;2;0
5;2025-11-22;3;0
5;2025-11-22;4;0
5;2025-11-22;5;0
5;2025-11-22;6;0
5;2025-11-22;7;0
5;2025-11-22;8;0
5;2025-11-22;9;0
5;2025-11-22;10;0
5;2025-11-22;11;0
5;2025-11-22;12;0
5;2025-11-22;13;0
5;2025-11-22;14;0
5;2025-11-22;15;0
5;2025-11-22;16;0
5;2025-11-22;17;0
5;2025-11-22;18;0
5;2025-11-22;19;0
5;2025-11-22;20;0
5;2025-11-22;21;0
5;2025-11-22;22;0
5;2025-11-22;23;0
5;2025-11-23;0;0
5;2025-11-23;1;0
5;2025-11-23;2;0
5;2025-11-23;3;0
5;2025-11-23;4;0
5;2025-11-23;5;0
5;2025-11-23;6;0
5;2025-11-23;7;0
5;2025-11-23;8;0
5;2025-11-23;9;0
5;2025-11-23;10;0
5;2025-11-23;11;0
5;2025-11-23;12;0
5;2025-11-23;13;0
5;2025-11-23;14;0
5;2025-11-23;15;0
5;2025-11-23;16;0
5;2025-11-23;17;0
5;2025-11-23;18;0
5;2025-11-23;19;0
5;2025-11-23;20;0
5;2025-11-23;21;0
5;2025-11-23;22;0
5;2025-11-23;23;0
5;2025-11-24;0;0
5;2025-11-24;1;0
5;2025-11-24;2;0
5;2025-11-24;3;0
5;2025-11-24;4;0
5;2025-11-24;5;0
5;2025-11-24;6;0
5;2025-11-24;7;0
5;2025-11-24;8;0
5;2025-11-24;9;0
5;2025-11-24;10;0
5;2025-11-24;11;0
5;2025-11-24;12;0
5;2025-11-24;13;0
5;2025-11-24;14;0
5;2025-11-24;15;0
5;2025-11-24;16;0
5;2025-11-24;17;0
5;2025-11-24;18;0
5;2025-11-24;19;0
5;2025-11-24;20;0
5;2025-11-24;21;0
5;2025-11-24;22;0
5;2025-11-24;23;0
5;2025-11-25;0;0
5;2025-11-25;1;0
5;2025-11-25;2;0
5;2025-11-25;3;0
5;2025-11-25;4;0
5;2025-11-25;5;0
5;2025-11-25;6;0
5;2025-11-25;7;0
5;2025-11-25;8;0
5;2025-11-25;9;0
5;2025-11-25;10;0
5;2025-11-25;11;0
5;2025-11-25;12;0
5;2025-11-25;13;0
5;2025-11-25;14;0
5;2025-11-25;15;0
5;2025-11-25;16;0
5;2025-11-25;17;0
5;2025-11-25;18;0
5;2025-11-25;19;0
5;2025-11-25;20;0
5;2025-11-25;21;0
5;2025-11-25;22;0
5;2025-11-25;23;0
5;2025-11-26;0;0
5;2025-11-26;1;0
5;2025-11-26;2;0
5;2025-11-26;3;0
5;2025-11-26;4;0
5;2025-11-26;5;0
5;2025-11-26;6;0
5;2025-11-26;7;0
5;2025-11-26;8;0
5;2025-11-26;9;0
5;2025-11-26;10;0
5;2025-11-26;11;0
5;2025-11-26;12;0
5;2025-11-26;13;0
5;2025-11-26;14;0
5;2025-11-26;15;0
5;2025-11-26;16;0
5;2025-11-26;17;0
5;2025-11-26;18;0
5;2025-11-26;19;0
5;2025-11-26;20;0
5;2025-11-26;21;0
5;2025-11-26;22;0
5;2025-11-26;23;0
5;2025-11-27;0;0
5;2025-11-27;1;0
5;2025-11-27;2;0
5;2025-11-27;3;0
5;2025-11-27;4;0
5;2025-11-27;5;0
5;2025-11-27;6;0
5;2025-11-27;7;0
5;2025-11-27;8;0
5;2025-11-27;9;0
5;2025-11-27;10;0
5;2025-11-27;11;0
5;2025-11-27;12;0
5;2025-11-27;13;0
5;2025-11-27;14;0
5;2025-11-27;15;0
5;2025-11-27;16;0
5;2025-11-27;17;0
5;2025-11-27;18;0
5;2025-11-27;19;0
5;2025-11-27;20;0
5;2025-11-27;21;0
5;2025-11-27;22;0
5;2025-11-27;23;0
5;2025-11-28;0;0
5;2025-11-28;1;0
5;2025-11-28;2;0
5;2025-11-28;3;0
5;2025-11-28;4;0
5;2025-11-28;5;0
5;2025-11-28;6;0
5;2025-11-28;7;0
5;2025-11-28;8;0
5;2025-11-28;9;0
5;2025-11-28;10;0
5;2025-11-28;11;0
5;2025-11-28;12;0
5;2025-11-28;13;0
5;2025-11-28;14;0
5;2025-11-28;15;0
5;2025-11-28;16;0
5;2025-11-28;17;0
5;2025-11-28;18;0
5;2025-11-28;19;0
5;2025-11-28;20;0
5;2025-11-28;21;0
5;2025-11-28;22;0
5;2025-11-28;23;0
5;2025-11-29;0;0
5;2025-11-29;1;0
5;2025-11-29;2;0
5;2025-11-29;3;0
5;2025-11-29;4;0
5;2025-11-29;5;0
5;2025-11-29;6;0
5;2025-11-29;7;0
5;2025-11-29;8;0
5;2025-11-29;9;0
5;2025-11-29;10;0
5;2025-11-29;11;0
5;2025-11-29;12;0
5;2025-11-29;13;0
5;2025-11-29;14;0
5;2025-11-29;15;0
5;2025-11-29;16;0
5;2025-11-29;17;0
5;2025-11-29;18;0
5;2025-11-29;19;0
5;2025-11-29;20;0
5;2025-11-29;21;0
5;2025-11-29;22;0
5;2025-11-29;23;0
5;2025-11-30;0;0
5;2025-11-30;1;0
5;2025-11-30;2;0
5;2025-11-30;3;0
5;2025-11-30;4;0
5;2025-11-30;5;0
5;2025-11-30;6;0
5;2025-11-30;7;0
5;2025-11-30;8;0
5;2025-11-30;9;0
5;2025-11-30;10;0
5;2025-11-30;11;0
5;2025-11-30;12;0
5;2025-11-30;13;0
5;2025-11-30;14;0
5;2025-11-30;15;0
5;2025-11-30;16;0
5;2025-11-30;17;0
5;2025-11-30;18;0
5;2025-11-30;19;0
5;2025-11-30;20;0
5;2025-11-30;21;0
5;2025-11-30;22;0
5;2025-11-30;23;0
5;2025-12-01;0;0
5;2025-12-01;1;0
5;2025-12-01;2;0
5;2025-12-01;3;0
5;2025-12-01;4;0
5;2025-12-01;5;0
5;2025-12-01;6;0
5;2025-12-01;7;0
5;2025-12-01;8;0
5;2025-12-01;9;0
5;2025-12-01;10;0
5;2025-12-01;11;0
5;2025-12-01;12;0
5;2025-12-01;13;0
5;2025-12-01;14;0
5;2025-12-01;15;0
5;2025-12-01;16;0
5;2025-12-01;17;0
5;2025-12-01;18;0
5;2025-12-01;19;0
5;2025-12-01;20;0
5;2025-12-01;21;0
5;2025-12-01;22;0
5;2025-12-01;23;0
5;2025-12-02;0;0
5;2025-12-02;1;0
5;2025-12-02;2;0
5;2025-12-02;3;0
5;2025-12-02;4;0
5;2025-12-02;5;0
5;2025-12-02;6;0
5;2025-12-02;7;0
5;2025-12-02;8;0
5;2025-12-02;9;0
5;2025-12-02;10;0
5;2025-12-02;11;0
5;2025-12-02;12;0
5;2025-12-02;13;0
5;2025-12-02;14;0
5;2025-12-02;15;0
5;2025-12-02;16;0
5;2025-12-02;17;0
5;2025-12-02;18;0
5;2025-12-02;19;0
5;2025-12-02;20;0
5;2025-12-02;21;0
5;2025-12-02;22;0
5;2025-12-02;23;0
5;2025-12-03;0;0
5;2025-12-03;1;0
5;2025-12-03;2;0
5;2025-12-03;3;0
5;2025-12-03;4;0
5;2025-12-03;5;0
5;2025-12-03;6;0
5;2025-12-03;7;0
5;2025-12-03;8;0
5;2025-12-03;9;0
5;2025-12-03;10;0
5;2025-12-03;11;0
5;2025-12-03;12;0
5;2025-12-03;13;0
5;2025-12-03;14;0
5;2025-12-03;15;0
5;2025-12-03;16;0
5;2025-12-03;17;0
5;2025-12-03;18;0
5;2025-12-03;19;0
5;2025-12-03;20;0
5;2025-12-03;21;0
5;2025-12-03;22;0
5;2025-12-03;23;0
5;2025-12-04;0;0
5;2025-12-04;1;0
5;2025-12-04;2;0
5;2025-12-04;3;0
5;2025-12-04;4;0
5;2025-12-04;5;0
5;2025-12-04;6;0
5;2025-12-04;7;0
5;2025-12-04;8;0
5;2025-12-04;9;0
5;2025-12-04;10;0
5;2025-12-04;11;0
5;2025-12-04;12;0
5;2025-12-04;13;0
5;2025-12-04;14;0
5;2025-12-04;15;0
5;2025-12-04;16;0
5;2025-12-04;17;0
5;2025-12-04;18;0
5;2025-12-04;19;0
5;2025-12-04;20;0
5;2025-12-04;21;0
5;2025-12-04;22;0
5;2025-12-04;23;0
5;2025-12-05;0;0
5;2025-12-05;1;0
5;2025-12-05;2;0
5;2025-12-05;3;0
5;2025-12-05;4;0
5;2025-12-05;5;0
5;2025-12-05;6;0
5;2025-12-05;7;0
5;2025-12-05;8;0
5;2025-12-05;9;0
5;2025-12-05;10;0
5;2025-12-05;11;0
5;2025-12-05;12;0
5;2025-12-05;13;0
5;2025-12-05;14;0
5;2025-12-05;15;0
5;2025-12-05;16;0
5;2025-12-05;17;0
5;2025-12-05;18;0
5;2025-12-05;19;0
5;2025-12-05;20;0
5;2025-12-05;21;0
5;2025-12-05;22;0
5;2025-12-05;23;0
5;2025-12-06;0;0
5;2025-12-06;1;0
5;2025-12-06;2;0
5;2025-12-06;3;0
5;2025-12-06;4;0
5;2025-12-06;5;0
5;2025-12-06;6;0
5;2025-12-06;7;0
5;2025-12-06;8;0
5;2025-12-06;9;0
5;2025-12-06;10;0
5;2025-12-06;11;0
5;2025-12-06;12;0
5;2025-12-06;13;0
5;2025-12-06;14;0
5;2025-12-06;15;0
5;2025-12-06;16;0
5;2025-12-06;17;0
5;2025-12-06;18;0
5;2025-12-06;19;0
5;2025-12-06;20;0
5;2025-12-06;21;0
5;2025-12-06;22;0
5;2025-12-06;23;0
5;2025-12-07;0;0
5;2025-12-07;1;0
5;2025-12-07;2;0
5;2025-12-07;3;0
5;2025-12-07;4;0
5;2025-12-07;5;0
5;2025-12-07;6;0
5;2025-12-07;7;0
5;2025-12-07;8;0
5;2025-12-07;9;0
5;2025-12-07;10;0
5;2025-12-07;11;0
5;2025-12-07;12;0
5;2025-12-07;13;0
5;2025-12-07;14;0
5;2025-12-07;15;0
5;2025-12-07;16;0
5;2025-12-07;17;0
5;2025-12-07;18;0
5;2025-12-07;19;0
5;2025-12-07;20;0
5;2025-12-07;21;0
5;2025-12-07;22;0
5;2025-12-07;23;0
5;2025-12-08;0;0
5;2025-12-08;1;0
5;2025-12-08;2;0
5;2025-12-08;3;0
5;2025-12-08;4;0
5;2025-12-08;5;0
5;2025-12-08;6;0
5;2025-12-08;7;0
5;2025-12-08;8;0
5;2025-12-08;9;0
5;2025-12-08;10;0
5;2025-12-08;11;0
5;2025-12-08;12;0
5;2025-12-08;13;0
5;2025-12-08;14;0
5;2025-12-08;15;0
5;2025-12-08;16;0
5;2025-12-08;17;0
5;2025-12-08;18;0
5;2025-12-08;19;0
5;2025-12-08;20;0
5;2025-12-08;21;0
5;2025-12-08;22;0
5;2025-12-08;23;0
5;2025-12-09;0;0
5;2025-12-09;1;0
5;2025-12-09;2;0
5;2025-12-09;3;0
5;2025-12-09;4;0
5;2025-12-09;5;0
5;2025-12-09;6;0
5;2025-12-09;7;0
5;2025-12-09;8;0
5;2025-12-09;9;0
5;2025-12-09;10;0
5;2025-12-09;11;0
5;2025-12-09;12;0
5;2025-12-09;13;0
5;2025-12-09;14;0
5;2025-12-09;15;0
5;2025-12-09;16;0
5;2025-12-09;17;0
5;2025-12-09;18;0
5;2025-12-09;19;0
5;2025-12-09;20;0
5;2025-12-09;21;0
5;2025-12-09;22;0
5;2025-12-09;23;0
5;2025-12-10;0;0
5;2025-12-10;1;0
5;2025-12-10;2;0
5;2025-12-10;3;0
5;2025-12-10;4;0
5;2025-12-10;5;0
5;2025-12-10;6;0
5;2025-12-10;7;0
5;2025-12-10;8;0
5;2025-12-10;9;0
5;2025-12-10;10;0
5;2025-12-10;11;0
5;2025-12-10;12;0
5;2025-12-10;13;0
5;2025-12-10;14;0
5;2025-12-10;15;0
5;2025-12-10;16;0
5;2025-12-10;17;0
5;2025-12-10;18;0
5;2025-12-10;19;0
5;2025-12-10;20;0
5;2025-12-10;21;0
5;2025-12-10;22;0
5;2025-12-10;23;0
5;2025-12-11;0;0
5;2025-12-11;1;0
5;2025-12-11;2;0
5;2025-12-11;3;0
5;2025-12-11;4;0
5;2025-12-11;5;0
5;2025-12-11;6;0
5;2025-12-11;7;0
5;2025-12-11;8;0
5;2025-12-11;9;0
5;2025-12-11;10;0
5;2025-12-11;11;0
5;2025-12-11;12;0
5;2025-12-11;13;0
5;2025-12-11;14;0
5;2025-12-11;15;0
5;2025-12-11;16;0
5;2025-12-11;17;0
5;2025-12-11;18;0
5;2025-12-11;19;0
5;2025-12-11;20;0
5;2025-12-11;21;0
5;2025-12-11;22;0
5;2025-12-11;23;0
5;2025-12-12;0;0
5;2025-12-12;1;0
5;2025-12-12;2;0
5;2025-12-12;3;0
5;2025-12-12;4;0
5;2025-12-12;5;0
5;2025-12-12;6;0
5;2025-12-12;7;0
5;2025-12-12;8;0
5;2025-12-12;9;0
5;2025-12-12;10;0
5;2025-12-12;11;0
5;2025-12-12;12;0
5;2025-12-12;13;0
5;2025-12-12;14;0
5;2025-12-12;15;0
5;2025-12-12;16;0
5;2025-12-12;17;0
5;2025-12-12;18;0
5;2025-12-12;19;0
5;2025-12-12;20;0
5;2025-12-12;21;0
5;2025-12-12;22;0
5;2025-12-12;23;0
5;2025-12-13;0;0
5;2025-12-13;1;0
5;2025-12-13;2;0
5;2025-12-13;3;0
5;2025-12-13;4;0
5;2025-12-13;5;0
5;2025-12-13;6;0
5;2025-12-13;7;0
5;2025-12-13;8;0
5;2025-12-13;9;0
5;2025-12-13;10;0
5;2025-12-13;11;0
5;2025-12-13;12;0
5;2025-12-13;13;0
5;2025-12-13;14;0
5;2025-12-13;15;0
5;2025-12-13;16;0
5;2025-12-13;17;0
5;2025-12-13;18;0
5;2025-12-13;19;0
5;2025-12-13;20;0
5;2025-12-13;21;0
5;2025-12-13;22;0
5;2025-12-13;23;0
5;2025-12-14;0;0
5;2025-12-14;1;0
5;2025-12-14;2;0
5;2025-12-14;3;0
5;2025-12-14;4;0
5;2025-12-14;5;0
5;2025-12-14;6;0
5;2025-12-14;7;0
5;2025-12-14;8;0
5;2025-12-14;9;0
5;2025-12-14;10;0
5;2025-12-14;11;0
5;2025-12-14;12;0
5;2025-12-14;13;0
5;2025-12-14;14;0
5;2025-12-14;15;0
5;2025-12-14;16;0
5;2025-12-14;17;0
5;2025-12-14;18;0
5;2025-12-14;19;0
5;2025-12-14;20;0
5;2025-12-14;21;0
5;2025-12-14;22;0
5;2025-12-14;23;0
5;2025-12-15;0;0
5;2025-12-15;1;0
5;2025-12-15;2;0
5;2025-12-15;3;0
5;2025-12-15;4;0
5;2025-12-15;5;0
5;2025-12-15;6;0
5;2025-12-15;7;0
5;2025-12-15;8;0
5;2025-12-15;9;0
5;2025-12-15;10;0
5;2025-12-15;11;0
5;2025-12-15;12;0
5;2025-12-15;13;0
5;2025-12-15;14;0
5;2025-12-15;15;0
5;2025-12-15;16;0
5;2025-12-15;17;0
5;2025-12-15;18;0
5;2025-12-15;19;0
5;2025-12-15;20;0
5;2025-12-15;21;0
5;2025-12-15;22;0
5;2025-12-15;23;0
5;2025-12-16;0;7
5;2025-12-16;1;1
5;2025-12-16;2;0
5;2025-12-16;3;0
5;2025-12-16;4;1
5;2025-12-16;5;33
5;2025-12-16;6;165
5;2025-12-16;7;403
5;2025-12-16;8;608
5;2025-12-16;9;423
5;2025-12-16;10;348
5;2025-12-16;11;337
5;2025-12-16;12;350
5;2025-12-16;13;354
5;2025-12-16;14;359
5;2025-12-16;15;383
5;2025-12-16;16;426
5;2025-12-16;17;520
5;2025-12-16;18;541
5;2025-12-16;19;383
5;2025-12-16;20;245
5;2025-12-16;21;152
5;2025-12-16;22;64
5;2025-12-16;23;29
5;2025-12-17;0;7
5;2025-12-17;1;1
5;2025-12-17;2;0
5;2025-12-17;3;0
5;2025-12-17;4;1
5;2025-12-17;5;33
5;2025-12-17;6;165
5;2025-12-17;7;403
5;2025-12-17;8;608
5;2025-12-17;9;423
5;2025-12-17;10;348
5;2025-12-17;11;337
5;2025-12-17;12;350
5;2025-12-17;13;354
5;2025-12-17;14;359
5;2025-12-17;15;383
5;2025-12-17;16;426
5;2025-12-17;17;520
5;2025-12-17;18;541
5;2025-12-17;19;383
5;2025-12-17;20;245
5;2025-12-17;21;152
5;2025-12-17;22;64
5;2025-12-17;23;29
5;2025-12-18;0;7
5;2025-12-18;1;1
5;2025-12-18;2;0
5;2025-12-18;3;0
5;2025-12-18;4;1
5;2025-12-18;5;33
5;2025-12-18;6;165
5;2025-12-18;7;403
5;2025-12-18;8;608
5;2025-12-18;9;423
5;2025-12-18;10;348
5;2025-12-18;11;337
5;2025-12-18;12;350
5;2025-12-18;13;354
5;2025-12-18;14;359
5;2025-12-18;15;383
5;2025-12-18;16;426
5;2025-12-18;17;520
5;2025-12-18;18;541
5;2025-12-18;19;383
5;2025-12-18;20;245
5;2025-12-18;21;152
5;2025-12-18;22;64
5;2025-12-18;23;29
5;2025-12-19;0;8
5;2025-12-19;1;1
5;2025-12-19;2;0
5;2025-12-19;3;0
5;2025-12-19;4;1
5;2025-12-19;5;35
5;2025-12-19;6;172
5;2025-12-19;7;412
5;2025-12-19;8;604
5;2025-12-19;9;416
5;2025-12-19;10;345
5;2025-12-19;11;340
5;2025-12-19;12;356
5;2025-12-19;13;368
5;2025-12-19;14;368
5;2025-12-19;15;412
5;2025-12-19;16;494
5;2025-12-19;17;526
5;2025-12-19;18;440
5;2025-12-19;19;344
5;2025-12-19;20;230
5;2025-12-19;21;154
5;2025-12-19;22;68
5;2025-12-19;23;38
5;2025-12-20;0;116
5;2025-12-20;1;10
5;2025-12-20;2;0
5;2025-12-20;3;0
5;2025-12-20;4;0
5;2025-12-20;5;21
5;2025-12-20;6;90
5;2025-12-20;7;127
5;2025-12-20;8;201
5;2025-12-20;9;258
5;2025-12-20;10;273
5;2025-12-20;11;308
5;2025-12-20;12;385
5;2025-12-20;13;378
5;2025-12-20;14;382
5;2025-12-20;15;409
5;2025-12-20;16;366
5;2025-12-20;17;348
5;2025-12-20;18;288
5;2025-12-20;19;233
5;2025-12-20;20;175
5;2025-12-20;21;124
5;2025-12-20;22;72
5;2025-12-20;23;38
5;2025-12-21;0;18
5;2025-12-21;1;3
5;2025-12-21;2;0
5;2025-12-21;3;0
5;2025-12-21;4;0
5;2025-12-21;5;16
5;2025-12-21;6;71
5;2025-12-21;7;107
5;2025-12-21;8;160
5;2025-12-21;9;218
5;2025-12-21;10;254
5;2025-12-21;11;313
5;2025-12-21;12;329
5;2025-12-21;13;367
5;2025-12-21;14;407
5;2025-12-21;15;405
5;2025-12-21;16;376
5;2025-12-21;17;427
5;2025-12-21;18;340
5;2025-12-21;19;275
5;2025-12-21;20;218
5;2025-12-21;21;154
5;2025-12-21;22;101
5;2025-12-21;23;42
5;2025-12-22;0;8
5;2025-12-22;1;1
5;2025-12-22;2;0
5;2025-12-22;3;0
5;2025-12-22;4;1
5;2025-12-22;5;35
5;2025-12-22;6;170
5;2025-12-22;7;407
5;2025-12-22;8;634
5;2025-12-22;9;438
5;2025-12-22;10;340
5;2025-12-22;11;324
5;2025-12-22;12;337
5;2025-12-22;13;359
5;2025-12-22;14;356
5;2025-12-22;15;382
5;2025-12-22;16;436
5;2025-12-22;17;519
5;2025-12-22;18;548
5;2025-12-22;19;374
5;2025-12-22;20;236
5;2025-12-22;21;145
5;2025-12-22;22;60
5;2025-12-22;23;25
5;2025-12-23;0;6
5;2025-12-23;1;1
5;2025-12-23;2;0
5;2025-12-23;3;0
5;2025-12-23;4;1
5;2025-12-23;5;30
5;2025-12-23;6;148
5;2025-12-23;7;363
5;2025-12-23;8;547
5;2025-12-23;9;381
5;2025-12-23;10;313
5;2025-12-23;11;303
5;2025-12-23;12;315
5;2025-12-23;13;319
5;2025-12-23;14;323
5;2025-12-23;15;345
5;2025-12-23;16;383
5;2025-12-23;17;468
5;2025-12-23;18;487
5;2025-12-23;19;345
5;2025-12-23;20;220
5;2025-12-23;21;137
5;2025-12-23;22;58
5;2025-12-23;23;26
5;2025-12-24;0;6
5;2025-12-24;1;1
5;2025-12-24;2;0
5;2025-12-24;3;0
5;2025-12-24;4;1
5;2025-12-24;5;30
5;2025-12-24;6;148
5;2025-12-24;7;363
5;2025-12-24;8;547
5;2025-12-24;9;381
5;2025-12-24;10;313
5;2025-12-24;11;303
5;2025-12-24;12;315
5;2025-12-24;13;319
5;2025-12-24;14;323
5;2025-12-24;15;345
5;2025-12-24;16;383
5;2025-12-24;17;468
5;2025-12-24;18;487
5;2025-12-24;19;345
5;2025-12-24;20;220
5;2025-12-24;21;137
5;2025-12-24;22;58
5;2025-12-24;23;26
5;2025-12-25;0;6
5;2025-12-25;1;1
5;2025-12-25;2;0
5;2025-12-25;3;0
5;2025-12-25;4;1
5;2025-12-25;5;30
5;2025-12-25;6;148
5;2025-12-25;7;363
5;2025-12-25;8;547
5;2025-12-25;9;381
5;2025-12-25;10;313
5;2025-12-25;11;303
5;2025-12-25;12;315
5;2025-12-25;13;319
5;2025-12-25;14;323
5;2025-12-25;15;345
5;2025-12-25;16;383
5;2025-12-25;17;468
5;2025-12-25;18;487
5;2025-12-25;19;345
5;2025-12-25;20;220
5;2025-12-25;21;137
5;2025-12-25;22;58
5;2025-12-25;23;26
5;2025-12-26;0;7
5;2025-12-26;1;1
5;2025-12-26;2;0
5;2025-12-26;3;0
5;2025-12-26;4;1
5;2025-12-26;5;32
5;2025-12-26;6;155
5;2025-12-26;7;371
5;2025-12-26;8;544
5;2025-12-26;9;374
5;2025-12-26;10;310
5;2025-12-26;11;306
5;2025-12-26;12;320
5;2025-12-26;13;331
5;2025-12-26;14;331
5;2025-12-26;15;371
5;2025-12-26;16;445
5;2025-12-26;17;473
5;2025-12-26;18;396
5;2025-12-26;19;310
5;2025-12-26;20;207
5;2025-12-26;21;139
5;2025-12-26;22;61
5;2025-12-26;23;34
5;2025-12-27;0;104
5;2025-12-27;1;9
5;2025-12-27;2;0
5;2025-12-27;3;0
5;2025-12-27;4;0
5;2025-12-27;5;19
5;2025-12-27;6;81
5;2025-12-27;7;114
5;2025-12-27;8;181
5;2025-12-27;9;232
5;2025-12-27;10;246
5;2025-12-27;11;277
5;2025-12-27;12;346
5;2025-12-27;13;340
5;2025-12-27;14;344
5;2025-12-27;15;368
5;2025-12-27;16;329
5;2025-12-27;17;313
5;2025-12-27;18;259
5;2025-12-27;19;210
5;2025-12-27;20;158
5;2025-12-27;21;112
5;2025-12-27;22;65
5;2025-12-27;23;34
5;2025-12-28;0;16
5;2025-12-28;1;3
5;2025-12-28;2;0
5;2025-12-28;3;0
5;2025-12-28;4;0
5;2025-12-28;5;14
5;2025-12-28;6;64
5;2025-12-28;7;96
5;2025-12-28;8;144
5;2025-12-28;9;196
5;2025-12-28;10;229
5;2025-12-28;11;282
5;2025-12-28;12;296
5;2025-12-28;13;330
5;2025-12-28;14;366
5;2025-12-28;15;364
5;2025-12-28;16;338
5;2025-12-28;17;384
5;2025-12-28;18;306
5;2025-12-28;19;248
5;2025-12-28;20;196
5;2025-12-28;21;139
5;2025-12-28;22;91
5;2025-12-28;23;38
5;2025-12-29;0;7
5;2025-12-29;1;1
5;2025-12-29;2;0
5;2025-12-29;3;0
5;2025-12-29;4;1
5;2025-12-29;5;32
5;2025-12-29;6;153
5;2025-12-29;7;366
5;2025-12-29;8;571
5;2025-12-29;9;394
5;2025-12-29;10;306
5;2025-12-29;11;292
5;2025-12-29;12;303
5;2025-12-29;13;323
5;2025-12-29;14;320
5;2025-12-29;15;344
5;2025-12-29;16;392
5;2025-12-29;17;467
5;2025-12-29;18;493
5;2025-12-29;19;337
5;2025-12-29;20;212
5;2025-12-29;21;130
5;2025-12-29;22;54
5;2025-12-29;23;22
5;2025-12-30;0;6
5;2025-12-30;1;1
5;2025-12-30;2;0
5;2025-12-30;3;0
5;2025-12-30;4;1
5;2025-12-30;5;30
5;2025-12-30;6;148
5;2025-12-30;7;363
5;2025-12-30;8;547
5;2025-12-30;9;381
5;2025-12-30;10;313
5;2025-12-30;11;303
5;2025-12-30;12;315
5;2025-12-30;13;319
5;2025-12-30;14;323
5;2025-12-30;15;345
5;2025-12-30;16;383
5;2025-12-30;17;468
5;2025-12-30;18;487
5;2025-12-30;19;345
5;2025-12-30;20;220
5;2025-12-30;21;137
5;2025-12-30;22;58
5;2025-12-30;23;26
5;2025-12-31;0;16
5;2025-12-31;1;3
5;2025-12-31;2;0
5;2025-12-31;3;0
5;2025-12-31;4;0
5;2025-12-31;5;14
5;2025-12-31;6;64
5;2025-12-31;7;96
5;2025-12-31;8;144
5;2025-12-31;9;196
5;2025-12-31;10;229
5;2025-12-31;11;282
5;2025-12-31;12;296
5;2025-12-31;13;330
5;2025-12-31;14;366
5;2025-12-31;15;364
5;2025-12-31;16;338
5;2025-12-31;17;384
5;2025-12-31;18;306
5;2025-12-31;19;248
5;2025-12-31;20;196
5;2025-12-31;21;139
5;2025-12-31;22;91
5;2025-12-31;23;38
7;2025-11-01;0;86
7;2025-11-01;1;18
7;2025-11-01;2;0
7;2025-11-01;3;0
7;2025-11-01;4;1
7;2025-11-01;5;156
7;2025-11-01;6;532
7;2025-11-01;7;1354
7;2025-11-01;8;2049
7;2025-11-01;9;1559
7;2025-11-01;10;1403
7;2025-11-01;11;1348
7;2025-11-01;12;1416
7;2025-11-01;13;1435
7;2025-11-01;14;1455
7;2025-11-01;15;1618
7;2025-11-01;16;1764
7;2025-11-01;17;1958
7;2025-11-01;18;1784
7;2025-11-01;19;1349
7;2025-11-01;20;840
7;2025-11-01;21;524
7;2025-11-01;22;276
7;2025-11-01;23;194
7;2025-11-02;0;84
7;2025-11-02;1;20
7;2025-11-02;2;0
7;2025-11-02;3;0
7;2025-11-02;4;1
7;2025-11-02;5;27
7;2025-11-02;6;152
7;2025-11-02;7;206
7;2025-11-02;8;382
7;2025-11-02;9;511
7;2025-11-02;10;459
7;2025-11-02;11;641
7;2025-11-02;12;665
7;2025-11-02;13;645
7;2025-11-02;14;696
7;2025-11-02;15;728
7;2025-11-02;16;675
7;2025-11-02;17;671
7;2025-11-02;18;656
7;2025-11-02;19;500
7;2025-11-02;20;420
7;2025-11-02;21;336
7;2025-11-02;22;183
7;2025-11-02;23;122
7;2025-11-03;0;82
7;2025-11-03;1;7
7;2025-11-03;2;0
7;2025-11-03;3;0
7;2025-11-03;4;1
7;2025-11-03;5;50
7;2025-11-03;6;206
7;2025-11-03;7;345
7;2025-11-03;8;522
7;2025-11-03;9;615
7;2025-11-03;10;648
7;2025-11-03;11;791
7;2025-11-03;12;741
7;2025-11-03;13;787
7;2025-11-03;14;838
7;2025-11-03;15;875
7;2025-11-03;16;853
7;2025-11-03;17;832
7;2025-11-03;18;845
7;2025-11-03;19;792
7;2025-11-03;20;638
7;2025-11-03;21;491
7;2025-11-03;22;287
7;2025-11-03;23;191
7;2025-11-04;0;82
7;2025-11-04;1;7
7;2025-11-04;2;0
7;2025-11-04;3;0
7;2025-11-04;4;1
7;2025-11-04;5;47
7;2025-11-04;6;204
7;2025-11-04;7;341
7;2025-11-04;8;518
7;2025-11-04;9;586
7;2025-11-04;10;608
7;2025-11-04;11;784
7;2025-11-04;12;722
7;2025-11-04;13;780
7;2025-11-04;14;913
7;2025-11-04;15;937
7;2025-11-04;16;852
7;2025-11-04;17;830
7;2025-11-04;18;848
7;2025-11-04;19;789
7;2025-11-04;20;636
7;2025-11-04;21;489
7;2025-11-04;22;283
7;2025-11-04;23;188
7;2025-11-05;0;59
7;2025-11-05;1;12
7;2025-11-05;2;0
7;2025-11-05;3;0
7;2025-11-05;4;2
7;2025-11-05;5;192
7;2025-11-05;6;638
7;2025-11-05;7;1635
7;2025-11-05;8;2497
7;2025-11-05;9;1869
7;2025-11-05;10;1635
7;2025-11-05;11;1558
7;2025-11-05;12;1664
7;2025-11-05;13;1590
7;2025-11-05;14;1676
7;2025-11-05;15;1765
7;2025-11-05;16;1876
7;2025-11-05;17;2370
7;2025-11-05;18;2555
7;2025-11-05;19;1724
7;2025-11-05;20;1016
7;2025-11-05;21;639
7;2025-11-05;22;316
7;2025-11-05;23;191
7;2025-11-06;0;60
7;2025-11-06;1;12
7;2025-11-06;2;0
7;2025-11-06;3;0
7;2025-11-06;4;2
7;2025-11-06;5;192
7;2025-11-06;6;630
7;2025-11-06;7;1637
7;2025-11-06;8;2498
7;2025-11-06;9;1870
7;2025-11-06;10;1638
7;2025-11-06;11;1552
7;2025-11-06;12;1662
7;2025-11-06;13;1584
7;2025-11-06;14;1675
7;2025-11-06;15;1762
7;2025-11-06;16;1875
7;2025-11-06;17;2374
7;2025-11-06;18;2557
7;2025-11-06;19;1725
7;2025-11-06;20;1025
7;2025-11-06;21;644
7;2025-11-06;22;321
7;2025-11-06;23;202
7;2025-11-07;0;70
7;2025-11-07;1;13
7;2025-11-07;2;0
7;2025-11-07;3;0
7;2025-11-07;4;2
7;2025-11-07;5;181
7;2025-11-07;6;616
7;2025-11-07;7;1559
7;2025-11-07;8;2364
7;2025-11-07;9;1799
7;2025-11-07;10;1632
7;2025-11-07;11;1562
7;2025-11-07;12;1652
7;2025-11-07;13;1670
7;2025-11-07;14;1697
7;2025-11-07;15;1887
7;2025-11-07;16;2061
7;2025-11-07;17;2277
7;2025-11-07;18;2064
7;2025-11-07;19;1542
7;2025-11-07;20;977
7;2025-11-07;21;604
7;2025-11-07;22;320
7;2025-11-07;23;229
7;2025-11-08;0;105
7;2025-11-08;1;21
7;2025-11-08;2;0
7;2025-11-08;3;0
7;2025-11-08;4;1
7;2025-11-08;5;50
7;2025-11-08;6;250
7;2025-11-08;7;322
7;2025-11-08;8;650
7;2025-11-08;9;617
7;2025-11-08;10;633
7;2025-11-08;11;701
7;2025-11-08;12;896
7;2025-11-08;13;891
7;2025-11-08;14;866
7;2025-11-08;15;851
7;2025-11-08;16;865
7;2025-11-08;17;847
7;2025-11-08;18;775
7;2025-11-08;19;681
7;2025-11-08;20;545
7;2025-11-08;21;410
7;2025-11-08;22;231
7;2025-11-08;23;175
7;2025-11-09;0;85
7;2025-11-09;1;19
7;2025-11-09;2;0
7;2025-11-09;3;0
7;2025-11-09;4;1
7;2025-11-09;5;20
7;2025-11-09;6;145
7;2025-11-09;7;194
7;2025-11-09;8;364
7;2025-11-09;9;475
7;2025-11-09;10;427
7;2025-11-09;11;607
7;2025-11-09;12;715
7;2025-11-09;13;733
7;2025-11-09;14;706
7;2025-11-09;15;775
7;2025-11-09;16;728
7;2025-11-09;17;724
7;2025-11-09;18;696
7;2025-11-09;19;539
7;2025-11-09;20;453
7;2025-11-09;21;340
7;2025-11-09;22;183
7;2025-11-09;23;122
7;2025-11-10;0;61
7;2025-11-10;1;11
7;2025-11-10;2;0
7;2025-11-10;3;0
7;2025-11-10;4;1
7;2025-11-10;5;191
7;2025-11-10;6;629
7;2025-11-10;7;1643
7;2025-11-10;8;2604
7;2025-11-10;9;1838
7;2025-11-10;10;1533
7;2025-11-10;11;1471
7;2025-11-10;12;1475
7;2025-11-10;13;1503
7;2025-11-10;14;1503
7;2025-11-10;15;1722
7;2025-11-10;16;1804
7;2025-11-10;17;2329
7;2025-11-10;18;2557
7;2025-11-10;19;1719
7;2025-11-10;20;1024
7;2025-11-10;21;600
7;2025-11-10;22;286
7;2025-11-10;23;154
7;2025-11-11;0;57
7;2025-11-11;1;11
7;2025-11-11;2;0
7;2025-11-11;3;0
7;2025-11-11;4;1
7;2025-11-11;5;192
7;2025-11-11;6;639
7;2025-11-11;7;1636
7;2025-11-11;8;2499
7;2025-11-11;9;1866
7;2025-11-11;10;1620
7;2025-11-11;11;1544
7;2025-11-11;12;1652
7;2025-11-11;13;1581
7;2025-11-11;14;1660
7;2025-11-11;15;1747
7;2025-11-11;16;1865
7;2025-11-11;17;2363
7;2025-11-11;18;2554
7;2025-11-11;19;1720
7;2025-11-11;20;1015
7;2025-11-11;21;637
7;2025-11-11;22;312
7;2025-11-11;23;182
7;2025-11-12;0;58
7;2025-11-12;1;11
7;2025-11-12;2;0
7;2025-11-12;3;0
7;2025-11-12;4;1
7;2025-11-12;5;191
7;2025-11-12;6;638
7;2025-11-12;7;1636
7;2025-11-12;8;2496
7;2025-11-12;9;1866
7;2025-11-12;10;1630
7;2025-11-12;11;1535
7;2025-11-12;12;1644
7;2025-11-12;13;1562
7;2025-11-12;14;1656
7;2025-11-12;15;1745
7;2025-11-12;16;1865
7;2025-11-12;17;2365
7;2025-11-12;18;2543
7;2025-11-12;19;1720
7;2025-11-12;20;1014
7;2025-11-12;21;638
7;2025-11-12;22;315
7;2025-11-12;23;189
7;2025-11-13;0;59
7;2025-11-13;1;12
7;2025-11-13;2;0
7;2025-11-13;3;0
7;2025-11-13;4;1
7;2025-11-13;5;191
7;2025-11-13;6;639
7;2025-11-13;7;1635
7;2025-11-13;8;2495
7;2025-11-13;9;1869
7;2025-11-13;10;1635
7;2025-11-13;11;1552
7;2025-11-13;12;1658
7;2025-11-13;13;1582
7;2025-11-13;14;1662
7;2025-11-13;15;1755
7;2025-11-13;16;1872
7;2025-11-13;17;2367
7;2025-11-13;18;2553
7;2025-11-13;19;1722
7;2025-11-13;20;1017
7;2025-11-13;21;641
7;2025-11-13;22;318
7;2025-11-13;23;196
7;2025-11-14;0;69
7;2025-11-14;1;13
7;2025-11-14;2;0
7;2025-11-14;3;0
7;2025-11-14;4;2
7;2025-11-14;5;180
7;2025-11-14;6;623
7;2025-11-14;7;1555
7;2025-11-14;8;2365
7;2025-11-14;9;1798
7;2025-11-14;10;1638
7;2025-11-14;11;1562
7;2025-11-14;12;1646
7;2025-11-14;13;1663
7;2025-11-14;14;1688
7;2025-11-14;15;1879
7;2025-11-14;16;2057
7;2025-11-14;17;2273
7;2025-11-14;18;2054
7;2025-11-14;19;1540
7;2025-11-14;20;972
7;2025-11-14;21;600
7;2025-11-14;22;313
7;2025-11-14;23;224
7;2025-11-15;0;102
7;2025-11-15;1;19
7;2025-11-15;2;0
7;2025-11-15;3;0
7;2025-11-15;4;1
7;2025-11-15;5;57
7;2025-11-15;6;253
7;2025-11-15;7;335
7;2025-11-15;8;678
7;2025-11-15;9;664
7;2025-11-15;10;657
7;2025-11-15;11;724
7;2025-11-15;12;912
7;2025-11-15;13;924
7;2025-11-15;14;951
7;2025-11-15;15;927
7;2025-11-15;16;940
7;2025-11-15;17;922
7;2025-11-15;18;818
7;2025-11-15;19;725
7;2025-11-15;20;575
7;2025-11-15;21;422
7;2025-11-15;22;240
7;2025-11-15;23;180
7;2025-11-16;0;84
7;2025-11-16;1;20
7;2025-11-16;2;0
7;2025-11-16;3;0
7;2025-11-16;4;1
7;2025-11-16;5;14
7;2025-11-16;6;152
7;2025-11-16;7;204
7;2025-11-16;8;362
7;2025-11-16;9;506
7;2025-11-16;10;462
7;2025-11-16;11;662
7;2025-11-16;12;728
7;2025-11-16;13;746
7;2025-11-16;14;757
7;2025-11-16;15;781
7;2025-11-16;16;737
7;2025-11-16;17;733
7;2025-11-16;18;687
7;2025-11-16;19;532
7;2025-11-16;20;447
7;2025-11-16;21;334
7;2025-11-16;22;183
7;2025-11-16;23;124
7;2025-11-17;0;61
7;2025-11-17;1;11
7;2025-11-17;2;0
7;2025-11-17;3;0
7;2025-11-17;4;1
7;2025-11-17;5;195
7;2025-11-17;6;639
7;2025-11-17;7;1649
7;2025-11-17;8;2605
7;2025-11-17;9;1840
7;2025-11-17;10;1556
7;2025-11-17;11;1487
7;2025-11-17;12;1485
7;2025-11-17;13;1476
7;2025-11-17;14;1495
7;2025-11-17;15;1715
7;2025-11-17;16;1799
7;2025-11-17;17;2323
7;2025-11-17;18;2554
7;2025-11-17;19;1715
7;2025-11-17;20;1020
7;2025-11-17;21;610
7;2025-11-17;22;287
7;2025-11-17;23;154
7;2025-11-18;0;57
7;2025-11-18;1;11
7;2025-11-18;2;0
7;2025-11-18;3;0
7;2025-11-18;4;2
7;2025-11-18;5;184
7;2025-11-18;6;631
7;2025-11-18;7;1645
7;2025-11-18;8;2483
7;2025-11-18;9;1869
7;2025-11-18;10;1613
7;2025-11-18;11;1547
7;2025-11-18;12;1658
7;2025-11-18;13;1568
7;2025-11-18;14;1645
7;2025-11-18;15;1739
7;2025-11-18;16;1869
7;2025-11-18;17;2363
7;2025-11-18;18;2541
7;2025-11-18;19;1726
7;2025-11-18;20;1017
7;2025-11-18;21;635
7;2025-11-18;22;311
7;2025-11-18;23;181
7;2025-11-19;0;58
7;2025-11-19;1;12
7;2025-11-19;2;0
7;2025-11-19;3;0
7;2025-11-19;4;1
7;2025-11-19;5;192
7;2025-11-19;6;643
7;2025-11-19;7;1637
7;2025-11-19;8;2500
7;2025-11-19;9;1869
7;2025-11-19;10;1624
7;2025-11-19;11;1537
7;2025-11-19;12;1633
7;2025-11-19;13;1567
7;2025-11-19;14;1647
7;2025-11-19;15;1741
7;2025-11-19;16;1864
7;2025-11-19;17;2362
7;2025-11-19;18;2553
7;2025-11-19;19;1721
7;2025-11-19;20;1015
7;2025-11-19;21;639
7;2025-11-19;22;317
7;2025-11-19;23;189
7;2025-11-20;0;59
7;2025-11-20;1;12
7;2025-11-20;2;0
7;2025-11-20;3;0
7;2025-11-20;4;1
7;2025-11-20;5;192
7;2025-11-20;6;643
7;2025-11-20;7;1637
7;2025-11-20;8;2496
7;2025-11-20;9;1867
7;2025-11-20;10;1623
7;2025-11-20;11;1537
7;2025-11-20;12;1633
7;2025-11-20;13;1567
7;2025-11-20;14;1648
7;2025-11-20;15;1742
7;2025-11-20;16;1864
7;2025-11-20;17;2363
7;2025-11-20;18;2553
7;2025-11-20;19;1717
7;2025-11-20;20;1013
7;2025-11-20;21;638
7;2025-11-20;22;316
7;2025-11-20;23;193
7;2025-11-21;0;69
7;2025-11-21;1;13
7;2025-11-21;2;0
7;2025-11-21;3;0
7;2025-11-21;4;1
7;2025-11-21;5;188
7;2025-11-21;6;636
7;2025-11-21;7;1553
7;2025-11-21;8;2362
7;2025-11-21;9;1795
7;2025-11-21;10;1629
7;2025-11-21;11;1552
7;2025-11-21;12;1614
7;2025-11-21;13;1653
7;2025-11-21;14;1678
7;2025-11-21;15;1870
7;2025-11-21;16;2054
7;2025-11-21;17;2270
7;2025-11-21;18;2052
7;2025-11-21;19;1539
7;2025-11-21;20;974
7;2025-11-21;21;603
7;2025-11-21;22;318
7;2025-11-21;23;225
7;2025-11-22;0;104
7;2025-11-22;1;21
7;2025-11-22;2;0
7;2025-11-22;3;0
7;2025-11-22;4;1
7;2025-11-22;5;56
7;2025-11-22;6;258
7;2025-11-22;7;335
7;2025-11-22;8;676
7;2025-11-22;9;661
7;2025-11-22;10;693
7;2025-11-22;11;782
7;2025-11-22;12;986
7;2025-11-22;13;982
7;2025-11-22;14;951
7;2025-11-22;15;930
7;2025-11-22;16;941
7;2025-11-22;17;923
7;2025-11-22;18;822
7;2025-11-22;19;725
7;2025-11-22;20;577
7;2025-11-22;21;413
7;2025-11-22;22;235
7;2025-11-22;23;183
7;2025-11-23;0;84
7;2025-11-23;1;20
7;2025-11-23;2;0
7;2025-11-23;3;0
7;2025-11-23;4;1
7;2025-11-23;5;24
7;2025-11-23;6;154
7;2025-11-23;7;208
7;2025-11-23;8;389
7;2025-11-23;9;516
7;2025-11-23;10;475
7;2025-11-23;11;668
7;2025-11-23;12;743
7;2025-11-23;13;761
7;2025-11-23;14;769
7;2025-11-23;15;794
7;2025-11-23;16;743
7;2025-11-23;17;736
7;2025-11-23;18;684
7;2025-11-23;19;531
7;2025-11-23;20;452
7;2025-11-23;21;334
7;2025-11-23;22;183
7;2025-11-23;23;122
7;2025-11-24;0;62
7;2025-11-24;1;10
7;2025-11-24;2;0
7;2025-11-24;3;0
7;2025-11-24;4;1
7;2025-11-24;5;192
7;2025-11-24;6;634
7;2025-11-24;7;1663
7;2025-11-24;8;2596
7;2025-11-24;9;1851
7;2025-11-24;10;1526
7;2025-11-24;11;1462
7;2025-11-24;12;1488
7;2025-11-24;13;1511
7;2025-11-24;14;1502
7;2025-11-24;15;1721
7;2025-11-24;16;1801
7;2025-11-24;17;2326
7;2025-11-24;18;2554
7;2025-11-24;19;1718
7;2025-11-24;20;1024
7;2025-11-24;21;599
7;2025-11-24;22;286
7;2025-11-24;23;153
7;2025-11-25;0;57
7;2025-11-25;1;11
7;2025-11-25;2;0
7;2025-11-25;3;0
7;2025-11-25;4;1
7;2025-11-25;5;195
7;2025-11-25;6;647
7;2025-11-25;7;1641
7;2025-11-25;8;2501
7;2025-11-25;9;1868
7;2025-11-25;10;1622
7;2025-11-25;11;1536
7;2025-11-25;12;1630
7;2025-11-25;13;1568
7;2025-11-25;14;1645
7;2025-11-25;15;1737
7;2025-11-25;16;1860
7;2025-11-25;17;2361
7;2025-11-25;18;2552
7;2025-11-25;19;1719
7;2025-11-25;20;1014
7;2025-11-25;21;636
7;2025-11-25;22;312
7;2025-11-25;23;183
7;2025-11-26;0;59
7;2025-11-26;1;12
7;2025-11-26;2;0
7;2025-11-26;3;0
7;2025-11-26;4;1
7;2025-11-26;5;192
7;2025-11-26;6;643
7;2025-11-26;7;1658
7;2025-11-26;8;2477
7;2025-11-26;9;1877
7;2025-11-26;10;1623
7;2025-11-26;11;1539
7;2025-11-26;12;1636
7;2025-11-26;13;1568
7;2025-11-26;14;1647
7;2025-11-26;15;1739
7;2025-11-26;16;1845
7;2025-11-26;17;2340
7;2025-11-26;18;2541
7;2025-11-26;19;1725
7;2025-11-26;20;1018
7;2025-11-26;21;643
7;2025-11-26;22;321
7;2025-11-26;23;190
7;2025-11-27;0;59
7;2025-11-27;1;12
7;2025-11-27;2;0
7;2025-11-27;3;0
7;2025-11-27;4;1
7;2025-11-27;5;191
7;2025-11-27;6;638
7;2025-11-27;7;1636
7;2025-11-27;8;2495
7;2025-11-27;9;1869
7;2025-11-27;10;1631
7;2025-11-27;11;1547
7;2025-11-27;12;1649
7;2025-11-27;13;1564
7;2025-11-27;14;1643
7;2025-11-27;15;1749
7;2025-11-27;16;1871
7;2025-11-27;17;2343
7;2025-11-27;18;2513
7;2025-11-27;19;1725
7;2025-11-27;20;1023
7;2025-11-27;21;647
7;2025-11-27;22;323
7;2025-11-27;23;196
7;2025-11-28;0;67
7;2025-11-28;1;12
7;2025-11-28;2;0
7;2025-11-28;3;0
7;2025-11-28;4;2
7;2025-11-28;5;179
7;2025-11-28;6;623
7;2025-11-28;7;1555
7;2025-11-28;8;2364
7;2025-11-28;9;1796
7;2025-11-28;10;1625
7;2025-11-28;11;1547
7;2025-11-28;12;1623
7;2025-11-28;13;1655
7;2025-11-28;14;1682
7;2025-11-28;15;1876
7;2025-11-28;16;2055
7;2025-11-28;17;2267
7;2025-11-28;18;2052
7;2025-11-28;19;1537
7;2025-11-28;20;971
7;2025-11-28;21;600
7;2025-11-28;22;317
7;2025-11-28;23;225
7;2025-11-29;0;104
7;2025-11-29;1;21
7;2025-11-29;2;0
7;2025-11-29;3;0
7;2025-11-29;4;1
7;2025-11-29;5;53
7;2025-11-29;6;259
7;2025-11-29;7;338
7;2025-11-29;8;672
7;2025-11-29;9;671
7;2025-11-29;10;693
7;2025-11-29;11;782
7;2025-11-29;12;985
7;2025-11-29;13;981
7;2025-11-29;14;951
7;2025-11-29;15;927
7;2025-11-29;16;940
7;2025-11-29;17;922
7;2025-11-29;18;818
7;2025-11-29;19;725
7;2025-11-29;20;578
7;2025-11-29;21;425
7;2025-11-29;22;243
7;2025-11-29;23;181
7;2025-11-30;0;84
7;2025-11-30;1;20
7;2025-11-30;2;0
7;2025-11-30;3;0
7;2025-11-30;4;0
7;2025-11-30;5;26
7;2025-11-30;6;155
7;2025-11-30;7;210
7;2025-11-30;8;389
7;2025-11-30;9;516
7;2025-11-30;10;474
7;2025-11-30;11;667
7;2025-11-30;12;742
7;2025-11-30;13;761
7;2025-11-30;14;771
7;2025-11-30;15;799
7;2025-11-30;16;746
7;2025-11-30;17;741
7;2025-11-30;18;700
7;2025-11-30;19;542
7;2025-11-30;20;455
7;2025-11-30;21;342
7;2025-11-30;22;186
7;2025-11-30;23;124
7;2025-12-01;0;62
7;2025-12-01;1;11
7;2025-12-01;2;0
7;2025-12-01;3;0
7;2025-12-01;4;1
7;2025-12-01;5;198
7;2025-12-01;6;648
7;2025-12-01;7;1667
7;2025-12-01;8;2630
7;2025-12-01;9;1857
7;2025-12-01;10;1554
7;2025-12-01;11;1484
7;2025-12-01;12;1489
7;2025-12-01;13;1513
7;2025-12-01;14;1505
7;2025-12-01;15;1732
7;2025-12-01;16;1813
7;2025-12-01;17;2342
7;2025-12-01;18;2568
7;2025-12-01;19;1727
7;2025-12-01;20;1029
7;2025-12-01;21;603
7;2025-12-01;22;288
7;2025-12-01;23;155
7;2025-12-02;0;58
7;2025-12-02;1;12
7;2025-12-02;2;0
7;2025-12-02;3;0
7;2025-12-02;4;1
7;2025-12-02;5;194
7;2025-12-02;6;649
7;2025-12-02;7;1648
7;2025-12-02;8;2513
7;2025-12-02;9;1877
7;2025-12-02;10;1630
7;2025-12-02;11;1539
7;2025-12-02;12;1635
7;2025-12-02;13;1574
7;2025-12-02;14;1652
7;2025-12-02;15;1746
7;2025-12-02;16;1869
7;2025-12-02;17;2372
7;2025-12-02;18;2564
7;2025-12-02;19;1728
7;2025-12-02;20;1018
7;2025-12-02;21;640
7;2025-12-02;22;314
7;2025-12-02;23;183
7;2025-12-03;0;58
7;2025-12-03;1;12
7;2025-12-03;2;0
7;2025-12-03;3;0
7;2025-12-03;4;1
7;2025-12-03;5;194
7;2025-12-03;6;647
7;2025-12-03;7;1645
7;2025-12-03;8;2512
7;2025-12-03;9;1878
7;2025-12-03;10;1630
7;2025-12-03;11;1543
7;2025-12-03;12;1640
7;2025-12-03;13;1575
7;2025-12-03;14;1655
7;2025-12-03;15;1749
7;2025-12-03;16;1873
7;2025-12-03;17;2374
7;2025-12-03;18;2566
7;2025-12-03;19;1729
7;2025-12-03;20;1019
7;2025-12-03;21;642
7;2025-12-03;22;318
7;2025-12-03;23;191
7;2025-12-04;0;59
7;2025-12-04;1;12
7;2025-12-04;2;0
7;2025-12-04;3;0
7;2025-12-04;4;1
7;2025-12-04;5;191
7;2025-12-04;6;644
7;2025-12-04;7;1643
7;2025-12-04;8;2509
7;2025-12-04;9;1876
7;2025-12-04;10;1629
7;2025-12-04;11;1543
7;2025-12-04;12;1640
7;2025-12-04;13;1575
7;2025-12-04;14;1653
7;2025-12-04;15;1751
7;2025-12-04;16;1871
7;2025-12-04;17;2372
7;2025-12-04;18;2567
7;2025-12-04;19;1730
7;2025-12-04;20;1022
7;2025-12-04;21;644
7;2025-12-04;22;320
7;2025-12-04;23;195
7;2025-12-05;0;69
7;2025-12-05;1;13
7;2025-12-05;2;0
7;2025-12-05;3;0
7;2025-12-05;4;2
7;2025-12-05;5;179
7;2025-12-05;6;629
7;2025-12-05;7;1561
7;2025-12-05;8;2374
7;2025-12-05;9;1804
7;2025-12-05;10;1635
7;2025-12-05;11;1558
7;2025-12-05;12;1635
7;2025-12-05;13;1662
7;2025-12-05;14;1683
7;2025-12-05;15;1880
7;2025-12-05;16;2064
7;2025-12-05;17;2282
7;2025-12-05;18;2062
7;2025-12-05;19;1545
7;2025-12-05;20;976
7;2025-12-05;21;603
7;2025-12-05;22;319
7;2025-12-05;23;226
7;2025-12-06;0;94
7;2025-12-06;1;22
7;2025-12-06;2;0
7;2025-12-06;3;0
7;2025-12-06;4;1
7;2025-12-06;5;63
7;2025-12-06;6;273
7;2025-12-06;7;478
7;2025-12-06;8;688
7;2025-12-06;9;816
7;2025-12-06;10;841
7;2025-12-06;11;970
7;2025-12-06;12;1066
7;2025-12-06;13;1148
7;2025-12-06;14;1156
7;2025-12-06;15;1152
7;2025-12-06;16;1106
7;2025-12-06;17;1040
7;2025-12-06;18;1089
7;2025-12-06;19;991
7;2025-12-06;20;734
7;2025-12-06;21;600
7;2025-12-06;22;313
7;2025-12-06;23;227
7;2025-12-07;0;100
7;2025-12-07;1;10
7;2025-12-07;2;0
7;2025-12-07;3;0
7;2025-12-07;4;1
7;2025-12-07;5;37
7;2025-12-07;6;209
7;2025-12-07;7;352
7;2025-12-07;8;562
7;2025-12-07;9;677
7;2025-12-07;10;720
7;2025-12-07;11;975
7;2025-12-07;12;979
7;2025-12-07;13;1058
7;2025-12-07;14;1099
7;2025-12-07;15;1116
7;2025-12-07;16;1032
7;2025-12-07;17;1010
7;2025-12-07;18;954
7;2025-12-07;19;873
7;2025-12-07;20;700
7;2025-12-07;21;523
7;2025-12-07;22;295
7;2025-12-07;23;184
7;2025-12-08;0;62
7;2025-12-08;1;11
7;2025-12-08;2;0
7;2025-12-08;3;0
7;2025-12-08;4;1
7;2025-12-08;5;199
7;2025-12-08;6;649
7;2025-12-08;7;1667
7;2025-12-08;8;2630
7;2025-12-08;9;1863
7;2025-12-08;10;1552
7;2025-12-08;11;1482
7;2025-12-08;12;1489
7;2025-12-08;13;1513
7;2025-12-08;14;1508
7;2025-12-08;15;1732
7;2025-12-08;16;1813
7;2025-12-08;17;2342
7;2025-12-08;18;2568
7;2025-12-08;19;1727
7;2025-12-08;20;1028
7;2025-12-08;21;603
7;2025-12-08;22;288
7;2025-12-08;23;155
7;2025-12-09;0;58
7;2025-12-09;1;12
7;2025-12-09;2;0
7;2025-12-09;3;0
7;2025-12-09;4;1
7;2025-12-09;5;196
7;2025-12-09;6;650
7;2025-12-09;7;1649
7;2025-12-09;8;2514
7;2025-12-09;9;1879
7;2025-12-09;10;1631
7;2025-12-09;11;1539
7;2025-12-09;12;1637
7;2025-12-09;13;1576
7;2025-12-09;14;1653
7;2025-12-09;15;1746
7;2025-12-09;16;1868
7;2025-12-09;17;2371
7;2025-12-09;18;2564
7;2025-12-09;19;1728
7;2025-12-09;20;1019
7;2025-12-09;21;641
7;2025-12-09;22;319
7;2025-12-09;23;186
7;2025-12-10;0;59
7;2025-12-10;1;12
7;2025-12-10;2;0
7;2025-12-10;3;0
7;2025-12-10;4;1
7;2025-12-10;5;211
7;2025-12-10;6;664
7;2025-12-10;7;1674
7;2025-12-10;8;2511
7;2025-12-10;9;1898
7;2025-12-10;10;1649
7;2025-12-10;11;1551
7;2025-12-10;12;1643
7;2025-12-10;13;1577
7;2025-12-10;14;1655
7;2025-12-10;15;1750
7;2025-12-10;16;1872
7;2025-12-10;17;2374
7;2025-12-10;18;2565
7;2025-12-10;19;1729
7;2025-12-10;20;1020
7;2025-12-10;21;642
7;2025-12-10;22;319
7;2025-12-10;23;191
7;2025-12-11;0;60
7;2025-12-11;1;12
7;2025-12-11;2;0
7;2025-12-11;3;0
7;2025-12-11;4;1
7;2025-12-11;5;192
7;2025-12-11;6;645
7;2025-12-11;7;1643
7;2025-12-11;8;2456
7;2025-12-11;9;1873
7;2025-12-11;10;1632
7;2025-12-11;11;1541
7;2025-12-11;12;1638
7;2025-12-11;13;1574
7;2025-12-11;14;1656
7;2025-12-11;15;1751
7;2025-12-11;16;1864
7;2025-12-11;17;2346
7;2025-12-11;18;2522
7;2025-12-11;19;1738
7;2025-12-11;20;1031
7;2025-12-11;21;650
7;2025-12-11;22;325
7;2025-12-11;23;195
7;2025-12-12;0;70
7;2025-12-12;1;13
7;2025-12-12;2;0
7;2025-12-12;3;0
7;2025-12-12;4;2
7;2025-12-12;5;181
7;2025-12-12;6;621
7;2025-12-12;7;1563
7;2025-12-12;8;2371
7;2025-12-12;9;1807
7;2025-12-12;10;1633
7;2025-12-12;11;1558
7;2025-12-12;12;1617
7;2025-12-12;13;1622
7;2025-12-12;14;1653
7;2025-12-12;15;1824
7;2025-12-12;16;2009
7;2025-12-12;17;2256
7;2025-12-12;18;2062
7;2025-12-12;19;1550
7;2025-12-12;20;982
7;2025-12-12;21;609
7;2025-12-12;22;318
7;2025-12-12;23;227
7;2025-12-13;0;93
7;2025-12-13;1;21
7;2025-12-13;2;0
7;2025-12-13;3;0
7;2025-12-13;4;1
7;2025-12-13;5;64
7;2025-12-13;6;269
7;2025-12-13;7;466
7;2025-12-13;8;680
7;2025-12-13;9;803
7;2025-12-13;10;825
7;2025-12-13;11;958
7;2025-12-13;12;1034
7;2025-12-13;13;1113
7;2025-12-13;14;1135
7;2025-12-13;15;1134
7;2025-12-13;16;1090
7;2025-12-13;17;1028
7;2025-12-13;18;1088
7;2025-12-13;19;992
7;2025-12-13;20;717
7;2025-12-13;21;582
7;2025-12-13;22;317
7;2025-12-13;23;228
7;2025-12-14;0;100
7;2025-12-14;1;10
7;2025-12-14;2;0
7;2025-12-14;3;0
7;2025-12-14;4;1
7;2025-12-14;5;22
7;2025-12-14;6;181
7;2025-12-14;7;321
7;2025-12-14;8;516
7;2025-12-14;9;657
7;2025-12-14;10;696
7;2025-12-14;11;955
7;2025-12-14;12;960
7;2025-12-14;13;1038
7;2025-12-14;14;1088
7;2025-12-14;15;1103
7;2025-12-14;16;1033
7;2025-12-14;17;1009
7;2025-12-14;18;959
7;2025-12-14;19;873
7;2025-12-14;20;697
7;2025-12-14;21;521
7;2025-12-14;22;294
7;2025-12-14;23;182
7;2025-12-15;0;62
7;2025-12-15;1;11
7;2025-12-15;2;0
7;2025-12-15;3;0
7;2025-12-15;4;1
7;2025-12-15;5;172
7;2025-12-15;6;616
7;2025-12-15;7;1635
7;2025-12-15;8;2592
7;2025-12-15;9;1822
7;2025-12-15;10;1514
7;2025-12-15;11;1447
7;2025-12-15;12;1459
7;2025-12-15;13;1494
7;2025-12-15;14;1492
7;2025-12-15;15;1733
7;2025-12-15;16;1796
7;2025-12-15;17;2326
7;2025-12-15;18;2571
7;2025-12-15;19;1731
7;2025-12-15;20;1028
7;2025-12-15;21;604
7;2025-12-15;22;289
7;2025-12-15;23;162
7;2025-12-16;0;58
7;2025-12-16;1;12
7;2025-12-16;2;0
7;2025-12-16;3;0
7;2025-12-16;4;1
7;2025-12-16;5;204
7;2025-12-16;6;647
7;2025-12-16;7;1646
7;2025-12-16;8;2508
7;2025-12-16;9;1872
7;2025-12-16;10;1641
7;2025-12-16;11;1550
7;2025-12-16;12;1647
7;2025-12-16;13;1544
7;2025-12-16;14;1650
7;2025-12-16;15;1746
7;2025-12-16;16;1869
7;2025-12-16;17;2372
7;2025-12-16;18;2564
7;2025-12-16;19;1726
7;2025-12-16;20;1017
7;2025-12-16;21;638
7;2025-12-16;22;312
7;2025-12-16;23;182
7;2025-12-17;0;58
7;2025-12-17;1;11
7;2025-12-17;2;0
7;2025-12-17;3;0
7;2025-12-17;4;1
7;2025-12-17;5;193
7;2025-12-17;6;647
7;2025-12-17;7;1645
7;2025-12-17;8;2512
7;2025-12-17;9;1878
7;2025-12-17;10;1630
7;2025-12-17;11;1543
7;2025-12-17;12;1640
7;2025-12-17;13;1575
7;2025-12-17;14;1655
7;2025-12-17;15;1749
7;2025-12-17;16;1873
7;2025-12-17;17;2374
7;2025-12-17;18;2566
7;2025-12-17;19;1729
7;2025-12-17;20;1019
7;2025-12-17;21;642
7;2025-12-17;22;318
7;2025-12-17;23;191
7;2025-12-18;0;60
7;2025-12-18;1;12
7;2025-12-18;2;0
7;2025-12-18;3;0
7;2025-12-18;4;1
7;2025-12-18;5;192
7;2025-12-18;6;645
7;2025-12-18;7;1643
7;2025-12-18;8;2507
7;2025-12-18;9;1875
7;2025-12-18;10;1631
7;2025-12-18;11;1544
7;2025-12-18;12;1642
7;2025-12-18;13;1576
7;2025-12-18;14;1656
7;2025-12-18;15;1751
7;2025-12-18;16;1873
7;2025-12-18;17;2375
7;2025-12-18;18;2566
7;2025-12-18;19;1728
7;2025-12-18;20;1020
7;2025-12-18;21;642
7;2025-12-18;22;319
7;2025-12-18;23;194
7;2025-12-19;0;69
7;2025-12-19;1;13
7;2025-12-19;2;0
7;2025-12-19;3;0
7;2025-12-19;4;1
7;2025-12-19;5;179
7;2025-12-19;6;629
7;2025-12-19;7;1560
7;2025-12-19;8;2373
7;2025-12-19;9;1804
7;2025-12-19;10;1637
7;2025-12-19;11;1560
7;2025-12-19;12;1638
7;2025-12-19;13;1664
7;2025-12-19;14;1688
7;2025-12-19;15;1874
7;2025-12-19;16;2057
7;2025-12-19;17;2273
7;2025-12-19;18;2064
7;2025-12-19;19;1545
7;2025-12-19;20;978
7;2025-12-19;21;604
7;2025-12-19;22;318
7;2025-12-19;23;226
7;2025-12-20;0;94
7;2025-12-20;1;22
7;2025-12-20;2;0
7;2025-12-20;3;0
7;2025-12-20;4;1
7;2025-12-20;5;66
7;2025-12-20;6;275
7;2025-12-20;7;480
7;2025-12-20;8;689
7;2025-12-20;9;818
7;2025-12-20;10;843
7;2025-12-20;11;975
7;2025-12-20;12;1066
7;2025-12-20;13;1147
7;2025-12-20;14;1154
7;2025-12-20;15;1145
7;2025-12-20;16;1102
7;2025-12-20;17;1040
7;2025-12-20;18;1081
7;2025-12-20;19;991
7;2025-12-20;20;737
7;2025-12-20;21;597
7;2025-12-20;22;313
7;2025-12-20;23;226
7;2025-12-21;0;100
7;2025-12-21;1;10
7;2025-12-21;2;0
7;2025-12-21;3;0
7;2025-12-21;4;1
7;2025-12-21;5;37
7;2025-12-21;6;207
7;2025-12-21;7;346
7;2025-12-21;8;562
7;2025-12-21;9;676
7;2025-12-21;10;719
7;2025-12-21;11;975
7;2025-12-21;12;979
7;2025-12-21;13;1056
7;2025-12-21;14;1096
7;2025-12-21;15;1112
7;2025-12-21;16;1032
7;2025-12-21;17;1009
7;2025-12-21;18;953
7;2025-12-21;19;872
7;2025-12-21;20;700
7;2025-12-21;21;523
7;2025-12-21;22;284
7;2025-12-21;23;184
7;2025-12-22;0;62
7;2025-12-22;1;10
7;2025-12-22;2;0
7;2025-12-22;3;0
7;2025-12-22;4;1
7;2025-12-22;5;198
7;2025-12-22;6;648
7;2025-12-22;7;1666
7;2025-12-22;8;2632
7;2025-12-22;9;1874
7;2025-12-22;10;1578
7;2025-12-22;11;1488
7;2025-12-22;12;1494
7;2025-12-22;13;1513
7;2025-12-22;14;1508
7;2025-12-22;15;1734
7;2025-12-22;16;1811
7;2025-12-22;17;2337
7;2025-12-22;18;2563
7;2025-12-22;19;1723
7;2025-12-22;20;1026
7;2025-12-22;21;600
7;2025-12-22;22;288
7;2025-12-22;23;156
7;2025-12-23;0;58
7;2025-12-23;1;12
7;2025-12-23;2;0
7;2025-12-23;3;0
7;2025-12-23;4;1
7;2025-12-23;5;193
7;2025-12-23;6;650
7;2025-12-23;7;1649
7;2025-12-23;8;2511
7;2025-12-23;9;1878
7;2025-12-23;10;1622
7;2025-12-23;11;1534
7;2025-12-23;12;1632
7;2025-12-23;13;1561
7;2025-12-23;14;1637
7;2025-12-23;15;1730
7;2025-12-23;16;1852
7;2025-12-23;17;2360
7;2025-12-23;18;2554
7;2025-12-23;19;1727
7;2025-12-23;20;1013
7;2025-12-23;21;635
7;2025-12-23;22;308
7;2025-12-23;23;178
7;2025-12-24;0;59
7;2025-12-24;1;12
7;2025-12-24;2;0
7;2025-12-24;3;0
7;2025-12-24;4;1
7;2025-12-24;5;197
7;2025-12-24;6;654
7;2025-12-24;7;1650
7;2025-12-24;8;2508
7;2025-12-24;9;1882
7;2025-12-24;10;1635
7;2025-12-24;11;1549
7;2025-12-24;12;1640
7;2025-12-24;13;1573
7;2025-12-24;14;1657
7;2025-12-24;15;1745
7;2025-12-24;16;1875
7;2025-12-24;17;2377
7;2025-12-24;18;2553
7;2025-12-24;19;1733
7;2025-12-24;20;1021
7;2025-12-24;21;642
7;2025-12-24;22;317
7;2025-12-24;23;190
7;2025-12-25;0;60
7;2025-12-25;1;12
7;2025-12-25;2;0
7;2025-12-25;3;0
7;2025-12-25;4;1
7;2025-12-25;5;196
7;2025-12-25;6;660
7;2025-12-25;7;1645
7;2025-12-25;8;2507
7;2025-12-25;9;1874
7;2025-12-25;10;1628
7;2025-12-25;11;1536
7;2025-12-25;12;1637
7;2025-12-25;13;1572
7;2025-12-25;14;1652
7;2025-12-25;15;1755
7;2025-12-25;16;1879
7;2025-12-25;17;2368
7;2025-12-25;18;2527
7;2025-12-25;19;1743
7;2025-12-25;20;1026
7;2025-12-25;21;652
7;2025-12-25;22;327
7;2025-12-25;23;191
7;2025-12-26;0;67
7;2025-12-26;1;12
7;2025-12-26;2;0
7;2025-12-26;3;0
7;2025-12-26;4;2
7;2025-12-26;5;170
7;2025-12-26;6;628
7;2025-12-26;7;1567
7;2025-12-26;8;2375
7;2025-12-26;9;1800
7;2025-12-26;10;1620
7;2025-12-26;11;1555
7;2025-12-26;12;1604
7;2025-12-26;13;1639
7;2025-12-26;14;1667
7;2025-12-26;15;1862
7;2025-12-26;16;2046
7;2025-12-26;17;2253
7;2025-12-26;18;2052
7;2025-12-26;19;1545
7;2025-12-26;20;977
7;2025-12-26;21;600
7;2025-12-26;22;314
7;2025-12-26;23;227
7;2025-12-27;0;94
7;2025-12-27;1;21
7;2025-12-27;2;0
7;2025-12-27;3;0
7;2025-12-27;4;1
7;2025-12-27;5;66
7;2025-12-27;6;275
7;2025-12-27;7;481
7;2025-12-27;8;689
7;2025-12-27;9;805
7;2025-12-27;10;842
7;2025-12-27;11;976
7;2025-12-27;12;1060
7;2025-12-27;13;1141
7;2025-12-27;14;1152
7;2025-12-27;15;1131
7;2025-12-27;16;1087
7;2025-12-27;17;1034
7;2025-12-27;18;1082
7;2025-12-27;19;993
7;2025-12-27;20;738
7;2025-12-27;21;589
7;2025-12-27;22;303
7;2025-12-27;23;230
7;2025-12-28;0;99
7;2025-12-28;1;9
7;2025-12-28;2;0
7;2025-12-28;3;0
7;2025-12-28;4;1
7;2025-12-28;5;43
7;2025-12-28;6;213
7;2025-12-28;7;351
7;2025-12-28;8;572
7;2025-12-28;9;672
7;2025-12-28;10;694
7;2025-12-28;11;921
7;2025-12-28;12;902
7;2025-12-28;13;969
7;2025-12-28;14;1016
7;2025-12-28;15;1039
7;2025-12-28;16;1027
7;2025-12-28;17;1002
7;2025-12-28;18;954
7;2025-12-28;19;867
7;2025-12-28;20;678
7;2025-12-28;21;507
7;2025-12-28;22;284
7;2025-12-28;23;183
7;2025-12-29;0;57
7;2025-12-29;1;10
7;2025-12-29;2;0
7;2025-12-29;3;0
7;2025-12-29;4;1
7;2025-12-29;5;183
7;2025-12-29;6;601
7;2025-12-29;7;1537
7;2025-12-29;8;2401
7;2025-12-29;9;1721
7;2025-12-29;10;1428
7;2025-12-29;11;1370
7;2025-12-29;12;1378
7;2025-12-29;13;1396
7;2025-12-29;14;1402
7;2025-12-29;15;1600
7;2025-12-29;16;1679
7;2025-12-29;17;2163
7;2025-12-29;18;2353
7;2025-12-29;19;1616
7;2025-12-29;20;950
7;2025-12-29;21;561
7;2025-12-29;22;267
7;2025-12-29;23;144
7;2025-12-30;0;54
7;2025-12-30;1;11
7;2025-12-30;2;0
7;2025-12-30;3;0
7;2025-12-30;4;1
7;2025-12-30;5;175
7;2025-12-30;6;597
7;2025-12-30;7;1532
7;2025-12-30;8;2287
7;2025-12-30;9;1734
7;2025-12-30;10;1494
7;2025-12-30;11;1411
7;2025-12-30;12;1489
7;2025-12-30;13;1428
7;2025-12-30;14;1515
7;2025-12-30;15;1606
7;2025-12-30;16;1720
7;2025-12-30;17;2169
7;2025-12-30;18;2355
7;2025-12-30;19;1603
7;2025-12-30;20;938
7;2025-12-30;21;589
7;2025-12-30;22;290
7;2025-12-30;23;166
7;2025-12-31;0;82
7;2025-12-31;1;10
7;2025-12-31;2;0
7;2025-12-31;3;0
7;2025-12-31;4;1
7;2025-12-31;5;19
7;2025-12-31;6;125
7;2025-12-31;7;226
7;2025-12-31;8;405
7;2025-12-31;9;484
7;2025-12-31;10;501
7;2025-12-31;11;674
7;2025-12-31;12;724
7;2025-12-31;13;735
7;2025-12-31;14;777
7;2025-12-31;15;807
7;2025-12-31;16;800
7;2025-12-31;17;781
7;2025-12-31;18;737
7;2025-12-31;19;682
7;2025-12-31;20;562
7;2025-12-31;21;397
7;2025-12-31;22;201
7;2025-12-31;23;108
11;2025-11-01;0;88
11;2025-11-01;1;1
11;2025-11-01;2;0
11;2025-11-01;3;0
11;2025-11-01;4;1
11;2025-11-01;5;250
11;2025-11-01;6;1228
11;2025-11-01;7;2165
11;2025-11-01;8;2858
11;2025-11-01;9;2130
11;2025-11-01;10;1787
11;2025-11-01;11;1700
11;2025-11-01;12;1812
11;2025-11-01;13;1827
11;2025-11-01;14;1923
11;2025-11-01;15;2019
11;2025-11-01;16;2199
11;2025-11-01;17;2579
11;2025-11-01;18;2318
11;2025-11-01;19;1844
11;2025-11-01;20;1294
11;2025-11-01;21;788
11;2025-11-01;22;376
11;2025-11-01;23;283
11;2025-11-02;0;102
11;2025-11-02;1;11
11;2025-11-02;2;0
11;2025-11-02;3;0
11;2025-11-02;4;1
11;2025-11-02;5;123
11;2025-11-02;6;464
11;2025-11-02;7;477
11;2025-11-02;8;649
11;2025-11-02;9;907
11;2025-11-02;10;1038
11;2025-11-02;11;1446
11;2025-11-02;12;1544
11;2025-11-02;13;1438
11;2025-11-02;14;1605
11;2025-11-02;15;1580
11;2025-11-02;16;1540
11;2025-11-02;17;1603
11;2025-11-02;18;1265
11;2025-11-02;19;1025
11;2025-11-02;20;843
11;2025-11-02;21;588
11;2025-11-02;22;350
11;2025-11-02;23;221
11;2025-11-03;0;91
11;2025-11-03;1;10
11;2025-11-03;2;0
11;2025-11-03;3;0
11;2025-11-03;4;1
11;2025-11-03;5;143
11;2025-11-03;6;505
11;2025-11-03;7;523
11;2025-11-03;8;677
11;2025-11-03;9;876
11;2025-11-03;10;994
11;2025-11-03;11;1324
11;2025-11-03;12;1359
11;2025-11-03;13;1305
11;2025-11-03;14;1391
11;2025-11-03;15;1398
11;2025-11-03;16;1462
11;2025-11-03;17;1550
11;2025-11-03;18;1277
11;2025-11-03;19;1085
11;2025-11-03;20;910
11;2025-11-03;21;648
11;2025-11-03;22;391
11;2025-11-03;23;260
11;2025-11-04;0;90
11;2025-11-04;1;9
11;2025-11-04;2;0
11;2025-11-04;3;0
11;2025-11-04;4;0
11;2025-11-04;5;141
11;2025-11-04;6;510
11;2025-11-04;7;528
11;2025-11-04;8;676
11;2025-11-04;9;866
11;2025-11-04;10;967
11;2025-11-04;11;1322
11;2025-11-04;12;1343
11;2025-11-04;13;1304
11;2025-11-04;14;1524
11;2025-11-04;15;1505
11;2025-11-04;16;1467
11;2025-11-04;17;1549
11;2025-11-04;18;1280
11;2025-11-04;19;1085
11;2025-11-04;20;906
11;2025-11-04;21;645
11;2025-11-04;22;386
11;2025-11-04;23;257
11;2025-11-05;0;59
11;2025-11-05;1;0
11;2025-11-05;2;0
11;2025-11-05;3;0
11;2025-11-05;4;0
11;2025-11-05;5;269
11;2025-11-05;6;1333
11;2025-11-05;7;2450
11;2025-11-05;8;3223
11;2025-11-05;9;2460
11;2025-11-05;10;2012
11;2025-11-05;11;1965
11;2025-11-05;12;1989
11;2025-11-05;13;2048
11;2025-11-05;14;2093
11;2025-11-05;15;2051
11;2025-11-05;16;2253
11;2025-11-05;17;2843
11;2025-11-05;18;3127
11;2025-11-05;19;2306
11;2025-11-05;20;1487
11;2025-11-05;21;850
11;2025-11-05;22;420
11;2025-11-05;23;239
11;2025-11-06;0;60
11;2025-11-06;1;0
11;2025-11-06;2;0
11;2025-11-06;3;0
11;2025-11-06;4;0
11;2025-11-06;5;269
11;2025-11-06;6;1334
11;2025-11-06;7;2446
11;2025-11-06;8;3226
11;2025-11-06;9;2460
11;2025-11-06;10;2018
11;2025-11-06;11;1943
11;2025-11-06;12;1998
11;2025-11-06;13;2058
11;2025-11-06;14;2102
11;2025-11-06;15;2046
11;2025-11-06;16;2256
11;2025-11-06;17;2852
11;2025-11-06;18;3131
11;2025-11-06;19;2303
11;2025-11-06;20;1489
11;2025-11-06;21;855
11;2025-11-06;22;425
11;2025-11-06;23;249
11;2025-11-07;0;67
11;2025-11-07;1;1
11;2025-11-07;2;0
11;2025-11-07;3;0
11;2025-11-07;4;0
11;2025-11-07;5;266
11;2025-11-07;6;1323
11;2025-11-07;7;2330
11;2025-11-07;8;3079
11;2025-11-07;9;2263
11;2025-11-07;10;1907
11;2025-11-07;11;1817
11;2025-11-07;12;1940
11;2025-11-07;13;1953
11;2025-11-07;14;2063
11;2025-11-07;15;2162
11;2025-11-07;16;2357
11;2025-11-07;17;2772
11;2025-11-07;18;2491
11;2025-11-07;19;1966
11;2025-11-07;20;1382
11;2025-11-07;21;844
11;2025-11-07;22;401
11;2025-11-07;23;308
11;2025-11-08;0;103
11;2025-11-08;1;2
11;2025-11-08;2;0
11;2025-11-08;3;0
11;2025-11-08;4;0
11;2025-11-08;5;180
11;2025-11-08;6;775
11;2025-11-08;7;785
11;2025-11-08;8;1016
11;2025-11-08;9;1147
11;2025-11-08;10;1326
11;2025-11-08;11;1653
11;2025-11-08;12;1840
11;2025-11-08;13;1779
11;2025-11-08;14;1910
11;2025-11-08;15;1871
11;2025-11-08;16;1802
11;2025-11-08;17;1839
11;2025-11-08;18;1553
11;2025-11-08;19;1474
11;2025-11-08;20;1026
11;2025-11-08;21;727
11;2025-11-08;22;419
11;2025-11-08;23;289
11;2025-11-09;0;104
11;2025-11-09;1;12
11;2025-11-09;2;0
11;2025-11-09;3;0
11;2025-11-09;4;0
11;2025-11-09;5;135
11;2025-11-09;6;486
11;2025-11-09;7;499
11;2025-11-09;8;674
11;2025-11-09;9;914
11;2025-11-09;10;1039
11;2025-11-09;11;1446
11;2025-11-09;12;1552
11;2025-11-09;13;1513
11;2025-11-09;14;1585
11;2025-11-09;15;1568
11;2025-11-09;16;1533
11;2025-11-09;17;1610
11;2025-11-09;18;1280
11;2025-11-09;19;1031
11;2025-11-09;20;849
11;2025-11-09;21;591
11;2025-11-09;22;350
11;2025-11-09;23;222
11;2025-11-10;0;72
11;2025-11-10;1;8
11;2025-11-10;2;0
11;2025-11-10;3;0
11;2025-11-10;4;1
11;2025-11-10;5;267
11;2025-11-10;6;1355
11;2025-11-10;7;2400
11;2025-11-10;8;3136
11;2025-11-10;9;2396
11;2025-11-10;10;1857
11;2025-11-10;11;1845
11;2025-11-10;12;1805
11;2025-11-10;13;1902
11;2025-11-10;14;1974
11;2025-11-10;15;2096
11;2025-11-10;16;2253
11;2025-11-10;17;2833
11;2025-11-10;18;3042
11;2025-11-10;19;2219
11;2025-11-10;20;1313
11;2025-11-10;21;796
11;2025-11-10;22;363
11;2025-11-10;23;208
11;2025-11-11;0;58
11;2025-11-11;1;1
11;2025-11-11;2;0
11;2025-11-11;3;0
11;2025-11-11;4;1
11;2025-11-11;5;270
11;2025-11-11;6;1333
11;2025-11-11;7;2458
11;2025-11-11;8;3235
11;2025-11-11;9;2461
11;2025-11-11;10;2004
11;2025-11-11;11;1958
11;2025-11-11;12;1981
11;2025-11-11;13;2044
11;2025-11-11;14;2086
11;2025-11-11;15;2048
11;2025-11-11;16;2250
11;2025-11-11;17;2843
11;2025-11-11;18;3139
11;2025-11-11;19;2303
11;2025-11-11;20;1482
11;2025-11-11;21;845
11;2025-11-11;22;415
11;2025-11-11;23;229
11;2025-11-12;0;59
11;2025-11-12;1;1
11;2025-11-12;2;0
11;2025-11-12;3;0
11;2025-11-12;4;1
11;2025-11-12;5;269
11;2025-11-12;6;1333
11;2025-11-12;7;2456
11;2025-11-12;8;3226
11;2025-11-12;9;2459
11;2025-11-12;10;1997
11;2025-11-12;11;1937
11;2025-11-12;12;1967
11;2025-11-12;13;2023
11;2025-11-12;14;2078
11;2025-11-12;15;2036
11;2025-11-12;16;2252
11;2025-11-12;17;2845
11;2025-11-12;18;3112
11;2025-11-12;19;2302
11;2025-11-12;20;1484
11;2025-11-12;21;848
11;2025-11-12;22;420
11;2025-11-12;23;237
11;2025-11-13;0;60
11;2025-11-13;1;0
11;2025-11-13;2;0
11;2025-11-13;3;0
11;2025-11-13;4;1
11;2025-11-13;5;269
11;2025-11-13;6;1339
11;2025-11-13;7;2457
11;2025-11-13;8;3227
11;2025-11-13;9;2463
11;2025-11-13;10;2015
11;2025-11-13;11;1965
11;2025-11-13;12;1994
11;2025-11-13;13;2054
11;2025-11-13;14;2095
11;2025-11-13;15;2057
11;2025-11-13;16;2259
11;2025-11-13;17;2845
11;2025-11-13;18;3127
11;2025-11-13;19;2302
11;2025-11-13;20;1488
11;2025-11-13;21;853
11;2025-11-13;22;423
11;2025-11-13;23;247
11;2025-11-14;0;67
11;2025-11-14;1;1
11;2025-11-14;2;0
11;2025-11-14;3;0
11;2025-11-14;4;1
11;2025-11-14;5;265
11;2025-11-14;6;1315
11;2025-11-14;7;2329
11;2025-11-14;8;3073
11;2025-11-14;9;2279
11;2025-11-14;10;1917
11;2025-11-14;11;1819
11;2025-11-14;12;1942
11;2025-11-14;13;1953
11;2025-11-14;14;2061
11;2025-11-14;15;2159
11;2025-11-14;16;2354
11;2025-11-14;17;2769
11;2025-11-14;18;2482
11;2025-11-14;19;1965
11;2025-11-14;20;1369
11;2025-11-14;21;827
11;2025-11-14;22;386
11;2025-11-14;23;298
11;2025-11-15;0;102
11;2025-11-15;1;2
11;2025-11-15;2;0
11;2025-11-15;3;0
11;2025-11-15;4;3
11;2025-11-15;5;175
11;2025-11-15;6;751
11;2025-11-15;7;766
11;2025-11-15;8;956
11;2025-11-15;9;1004
11;2025-11-15;10;1113
11;2025-11-15;11;1334
11;2025-11-15;12;1549
11;2025-11-15;13;1669
11;2025-11-15;14;1906
11;2025-11-15;15;1857
11;2025-11-15;16;1788
11;2025-11-15;17;1829
11;2025-11-15;18;1525
11;2025-11-15;19;1456
11;2025-11-15;20;1011
11;2025-11-15;21;715
11;2025-11-15;22;414
11;2025-11-15;23;280
11;2025-11-16;0;101
11;2025-11-16;1;11
11;2025-11-16;2;0
11;2025-11-16;3;0
11;2025-11-16;4;1
11;2025-11-16;5;93
11;2025-11-16;6;443
11;2025-11-16;7;452
11;2025-11-16;8;601
11;2025-11-16;9;861
11;2025-11-16;10;988
11;2025-11-16;11;1414
11;2025-11-16;12;1508
11;2025-11-16;13;1476
11;2025-11-16;14;1559
11;2025-11-16;15;1529
11;2025-11-16;16;1501
11;2025-11-16;17;1576
11;2025-11-16;18;1234
11;2025-11-16;19;995
11;2025-11-16;20;815
11;2025-11-16;21;564
11;2025-11-16;22;339
11;2025-11-16;23;219
11;2025-11-17;0;72
11;2025-11-17;1;8
11;2025-11-17;2;0
11;2025-11-17;3;0
11;2025-11-17;4;3
11;2025-11-17;5;281
11;2025-11-17;6;1367
11;2025-11-17;7;2400
11;2025-11-17;8;3137
11;2025-11-17;9;2396
11;2025-11-17;10;1849
11;2025-11-17;11;1831
11;2025-11-17;12;1791
11;2025-11-17;13;1848
11;2025-11-17;14;1939
11;2025-11-17;15;2066
11;2025-11-17;16;2239
11;2025-11-17;17;2816
11;2025-11-17;18;3044
11;2025-11-17;19;2220
11;2025-11-17;20;1314
11;2025-11-17;21;790
11;2025-11-17;22;363
11;2025-11-17;23;208
11;2025-11-18;0;58
11;2025-11-18;1;0
11;2025-11-18;2;0
11;2025-11-18;3;0
11;2025-11-18;4;0
11;2025-11-18;5;256
11;2025-11-18;6;1337
11;2025-11-18;7;2455
11;2025-11-18;8;3206
11;2025-11-18;9;2435
11;2025-11-18;10;1968
11;2025-11-18;11;1933
11;2025-11-18;12;1960
11;2025-11-18;13;2001
11;2025-11-18;14;2051
11;2025-11-18;15;2023
11;2025-11-18;16;2249
11;2025-11-18;17;2843
11;2025-11-18;18;3115
11;2025-11-18;19;2307
11;2025-11-18;20;1483
11;2025-11-18;21;847
11;2025-11-18;22;417
11;2025-11-18;23;226
11;2025-11-19;0;59
11;2025-11-19;1;0
11;2025-11-19;2;0
11;2025-11-19;3;0
11;2025-11-19;4;2
11;2025-11-19;5;270
11;2025-11-19;6;1334
11;2025-11-19;7;2461
11;2025-11-19;8;3231
11;2025-11-19;9;2467
11;2025-11-19;10;2009
11;2025-11-19;11;1959
11;2025-11-19;12;1980
11;2025-11-19;13;2044
11;2025-11-19;14;2085
11;2025-11-19;15;2047
11;2025-11-19;16;2250
11;2025-11-19;17;2843
11;2025-11-19;18;3137
11;2025-11-19;19;2305
11;2025-11-19;20;1487
11;2025-11-19;21;850
11;2025-11-19;22;421
11;2025-11-19;23;233
11;2025-11-20;0;60
11;2025-11-20;1;1
11;2025-11-20;2;0
11;2025-11-20;3;0
11;2025-11-20;4;2
11;2025-11-20;5;271
11;2025-11-20;6;1334
11;2025-11-20;7;2458
11;2025-11-20;8;3226
11;2025-11-20;9;2466
11;2025-11-20;10;2011
11;2025-11-20;11;1962
11;2025-11-20;12;1987
11;2025-11-20;13;2050
11;2025-11-20;14;2091
11;2025-11-20;15;2053
11;2025-11-20;16;2255
11;2025-11-20;17;2843
11;2025-11-20;18;3130
11;2025-11-20;19;2291
11;2025-11-20;20;1480
11;2025-11-20;21;845
11;2025-11-20;22;418
11;2025-11-20;23;239
11;2025-11-21;0;67
11;2025-11-21;1;1
11;2025-11-21;2;0
11;2025-11-21;3;0
11;2025-11-21;4;2
11;2025-11-21;5;272
11;2025-11-21;6;1320
11;2025-11-21;7;2320
11;2025-11-21;8;3071
11;2025-11-21;9;2276
11;2025-11-21;10;1911
11;2025-11-21;11;1813
11;2025-11-21;12;1906
11;2025-11-21;13;1941
11;2025-11-21;14;2043
11;2025-11-21;15;2144
11;2025-11-21;16;2350
11;2025-11-21;17;2770
11;2025-11-21;18;2480
11;2025-11-21;19;1966
11;2025-11-21;20;1382
11;2025-11-21;21;843
11;2025-11-21;22;402
11;2025-11-21;23;303
11;2025-11-22;0;103
11;2025-11-22;1;2
11;2025-11-22;2;0
11;2025-11-22;3;0
11;2025-11-22;4;2
11;2025-11-22;5;176
11;2025-11-22;6;751
11;2025-11-22;7;762
11;2025-11-22;8;1005
11;2025-11-22;9;1066
11;2025-11-22;10;1329
11;2025-11-22;11;1643
11;2025-11-22;12;1838
11;2025-11-22;13;1780
11;2025-11-22;14;1906
11;2025-11-22;15;1862
11;2025-11-22;16;1792
11;2025-11-22;17;1832
11;2025-11-22;18;1532
11;2025-11-22;19;1457
11;2025-11-22;20;1020
11;2025-11-22;21;698
11;2025-11-22;22;407
11;2025-11-22;23;284
11;2025-11-23;0;101
11;2025-11-23;1;10
11;2025-11-23;2;0
11;2025-11-23;3;0
11;2025-11-23;4;1
11;2025-11-23;5;109
11;2025-11-23;6;448
11;2025-11-23;7;461
11;2025-11-23;8;640
11;2025-11-23;9;888
11;2025-11-23;10;1015
11;2025-11-23;11;1428
11;2025-11-23;12;1538
11;2025-11-23;13;1505
11;2025-11-23;14;1583
11;2025-11-23;15;1555
11;2025-11-23;16;1523
11;2025-11-23;17;1595
11;2025-11-23;18;1238
11;2025-11-23;19;999
11;2025-11-23;20;827
11;2025-11-23;21;569
11;2025-11-23;22;344
11;2025-11-23;23;219
11;2025-11-24;0;72
11;2025-11-24;1;8
11;2025-11-24;2;0
11;2025-11-24;3;0
11;2025-11-24;4;3
11;2025-11-24;5;267
11;2025-11-24;6;1362
11;2025-11-24;7;2409
11;2025-11-24;8;3125
11;2025-11-24;9;2388
11;2025-11-24;10;1821
11;2025-11-24;11;1805
11;2025-11-24;12;1790
11;2025-11-24;13;1892
11;2025-11-24;14;1951
11;2025-11-24;15;2066
11;2025-11-24;16;2253
11;2025-11-24;17;2833
11;2025-11-24;18;3044
11;2025-11-24;19;2220
11;2025-11-24;20;1315
11;2025-11-24;21;798
11;2025-11-24;22;365
11;2025-11-24;23;206
11;2025-11-25;0;58
11;2025-11-25;1;1
11;2025-11-25;2;0
11;2025-11-25;3;0
11;2025-11-25;4;2
11;2025-11-25;5;273
11;2025-11-25;6;1339
11;2025-11-25;7;2465
11;2025-11-25;8;3238
11;2025-11-25;9;2470
11;2025-11-25;10;2007
11;2025-11-25;11;1955
11;2025-11-25;12;1974
11;2025-11-25;13;2041
11;2025-11-25;14;2080
11;2025-11-25;15;2043
11;2025-11-25;16;2247
11;2025-11-25;17;2847
11;2025-11-25;18;3143
11;2025-11-25;19;2307
11;2025-11-25;20;1487
11;2025-11-25;21;848
11;2025-11-25;22;419
11;2025-11-25;23;228
11;2025-11-26;0;59
11;2025-11-26;1;1
11;2025-11-26;2;0
11;2025-11-26;3;0
11;2025-11-26;4;2
11;2025-11-26;5;276
11;2025-11-26;6;1346
11;2025-11-26;7;2465
11;2025-11-26;8;3210
11;2025-11-26;9;2459
11;2025-11-26;10;1991
11;2025-11-26;11;1945
11;2025-11-26;12;1966
11;2025-11-26;13;2032
11;2025-11-26;14;2072
11;2025-11-26;15;2031
11;2025-11-26;16;2221
11;2025-11-26;17;2802
11;2025-11-26;18;3111
11;2025-11-26;19;2298
11;2025-11-26;20;1483
11;2025-11-26;21;846
11;2025-11-26;22;421
11;2025-11-26;23;236
11;2025-11-27;0;60
11;2025-11-27;1;1
11;2025-11-27;2;0
11;2025-11-27;3;0
11;2025-11-27;4;1
11;2025-11-27;5;269
11;2025-11-27;6;1333
11;2025-11-27;7;2457
11;2025-11-27;8;3224
11;2025-11-27;9;2463
11;2025-11-27;10;2015
11;2025-11-27;11;1940
11;2025-11-27;12;1963
11;2025-11-27;13;2027
11;2025-11-27;14;2055
11;2025-11-27;15;2058
11;2025-11-27;16;2260
11;2025-11-27;17;2803
11;2025-11-27;18;3059
11;2025-11-27;19;2287
11;2025-11-27;20;1481
11;2025-11-27;21;844
11;2025-11-27;22;419
11;2025-11-27;23;240
11;2025-11-28;0;65
11;2025-11-28;1;1
11;2025-11-28;2;0
11;2025-11-28;3;0
11;2025-11-28;4;0
11;2025-11-28;5;264
11;2025-11-28;6;1315
11;2025-11-28;7;2329
11;2025-11-28;8;3069
11;2025-11-28;9;2275
11;2025-11-28;10;1905
11;2025-11-28;11;1806
11;2025-11-28;12;1922
11;2025-11-28;13;1941
11;2025-11-28;14;2047
11;2025-11-28;15;2152
11;2025-11-28;16;2351
11;2025-11-28;17;2764
11;2025-11-28;18;2476
11;2025-11-28;19;1961
11;2025-11-28;20;1379
11;2025-11-28;21;841
11;2025-11-28;22;401
11;2025-11-28;23;303
11;2025-11-29;0;103
11;2025-11-29;1;2
11;2025-11-29;2;0
11;2025-11-29;3;0
11;2025-11-29;4;3
11;2025-11-29;5;176
11;2025-11-29;6;765
11;2025-11-29;7;778
11;2025-11-29;8;1007
11;2025-11-29;9;1147
11;2025-11-29;10;1330
11;2025-11-29;11;1644
11;2025-11-29;12;1838
11;2025-11-29;13;1776
11;2025-11-29;14;1903
11;2025-11-29;15;1858
11;2025-11-29;16;1788
11;2025-11-29;17;1828
11;2025-11-29;18;1525
11;2025-11-29;19;1459
11;2025-11-29;20;1022
11;2025-11-29;21;721
11;2025-11-29;22;421
11;2025-11-29;23;287
11;2025-11-30;0;102
11;2025-11-30;1;11
11;2025-11-30;2;0
11;2025-11-30;3;0
11;2025-11-30;4;2
11;2025-11-30;5;117
11;2025-11-30;6;449
11;2025-11-30;7;465
11;2025-11-30;8;641
11;2025-11-30;9;889
11;2025-11-30;10;1015
11;2025-11-30;11;1428
11;2025-11-30;12;1537
11;2025-11-30;13;1506
11;2025-11-30;14;1590
11;2025-11-30;15;1571
11;2025-11-30;16;1537
11;2025-11-30;17;1614
11;2025-11-30;18;1273
11;2025-11-30;19;1023
11;2025-11-30;20;842
11;2025-11-30;21;591
11;2025-11-30;22;348
11;2025-11-30;23;222
11;2025-12-01;0;72
11;2025-12-01;1;9
11;2025-12-01;2;0
11;2025-12-01;3;0
11;2025-12-01;4;1
11;2025-12-01;5;271
11;2025-12-01;6;1363
11;2025-12-01;7;2414
11;2025-12-01;8;3147
11;2025-12-01;9;2401
11;2025-12-01;10;1856
11;2025-12-01;11;1845
11;2025-12-01;12;1809
11;2025-12-01;13;1903
11;2025-12-01;14;1971
11;2025-12-01;15;2088
11;2025-12-01;16;2244
11;2025-12-01;17;2830
11;2025-12-01;18;3041
11;2025-12-01;19;2221
11;2025-12-01;20;1315
11;2025-12-01;21;799
11;2025-12-01;22;367
11;2025-12-01;23;208
11;2025-12-02;0;59
11;2025-12-02;1;1
11;2025-12-02;2;0
11;2025-12-02;3;0
11;2025-12-02;4;2
11;2025-12-02;5;271
11;2025-12-02;6;1336
11;2025-12-02;7;2462
11;2025-12-02;8;3235
11;2025-12-02;9;2465
11;2025-12-02;10;2005
11;2025-12-02;11;1951
11;2025-12-02;12;1972
11;2025-12-02;13;2043
11;2025-12-02;14;2083
11;2025-12-02;15;2042
11;2025-12-02;16;2245
11;2025-12-02;17;2844
11;2025-12-02;18;3141
11;2025-12-02;19;2305
11;2025-12-02;20;1486
11;2025-12-02;21;848
11;2025-12-02;22;418
11;2025-12-02;23;227
11;2025-12-03;0;59
11;2025-12-03;1;0
11;2025-12-03;2;0
11;2025-12-03;3;0
11;2025-12-03;4;2
11;2025-12-03;5;270
11;2025-12-03;6;1334
11;2025-12-03;7;2459
11;2025-12-03;8;3228
11;2025-12-03;9;2463
11;2025-12-03;10;2006
11;2025-12-03;11;1956
11;2025-12-03;12;1978
11;2025-12-03;13;2043
11;2025-12-03;14;2083
11;2025-12-03;15;2045
11;2025-12-03;16;2248
11;2025-12-03;17;2843
11;2025-12-03;18;3136
11;2025-12-03;19;2302
11;2025-12-03;20;1485
11;2025-12-03;21;849
11;2025-12-03;22;422
11;2025-12-03;23;237
11;2025-12-04;0;60
11;2025-12-04;1;1
11;2025-12-04;2;0
11;2025-12-04;3;0
11;2025-12-04;4;2
11;2025-12-04;5;269
11;2025-12-04;6;1331
11;2025-12-04;7;2454
11;2025-12-04;8;3223
11;2025-12-04;9;2461
11;2025-12-04;10;2008
11;2025-12-04;11;1959
11;2025-12-04;12;1985
11;2025-12-04;13;2051
11;2025-12-04;14;2089
11;2025-12-04;15;2054
11;2025-12-04;16;2254
11;2025-12-04;17;2842
11;2025-12-04;18;3137
11;2025-12-04;19;2299
11;2025-12-04;20;1485
11;2025-12-04;21;852
11;2025-12-04;22;425
11;2025-12-04;23;245
11;2025-12-05;0;67
11;2025-12-05;1;1
11;2025-12-05;2;0
11;2025-12-05;3;0
11;2025-12-05;4;2
11;2025-12-05;5;265
11;2025-12-05;6;1314
11;2025-12-05;7;2324
11;2025-12-05;8;3069
11;2025-12-05;9;2275
11;2025-12-05;10;1908
11;2025-12-05;11;1810
11;2025-12-05;12;1927
11;2025-12-05;13;1941
11;2025-12-05;14;2039
11;2025-12-05;15;2143
11;2025-12-05;16;2350
11;2025-12-05;17;2767
11;2025-12-05;18;2474
11;2025-12-05;19;1960
11;2025-12-05;20;1378
11;2025-12-05;21;840
11;2025-12-05;22;401
11;2025-12-05;23;303
11;2025-12-06;0;105
11;2025-12-06;1;2
11;2025-12-06;2;0
11;2025-12-06;3;0
11;2025-12-06;4;2
11;2025-12-06;5;180
11;2025-12-06;6;778
11;2025-12-06;7;793
11;2025-12-06;8;1024
11;2025-12-06;9;1166
11;2025-12-06;10;1351
11;2025-12-06;11;1666
11;2025-12-06;12;1868
11;2025-12-06;13;1811
11;2025-12-06;14;1937
11;2025-12-06;15;1896
11;2025-12-06;16;1825
11;2025-12-06;17;1862
11;2025-12-06;18;1563
11;2025-12-06;19;1476
11;2025-12-06;20;1032
11;2025-12-06;21;734
11;2025-12-06;22;425
11;2025-12-06;23;292
11;2025-12-07;0;104
11;2025-12-07;1;11
11;2025-12-07;2;0
11;2025-12-07;3;0
11;2025-12-07;4;2
11;2025-12-07;5;120
11;2025-12-07;6;457
11;2025-12-07;7;471
11;2025-12-07;8;650
11;2025-12-07;9;904
11;2025-12-07;10;1035
11;2025-12-07;11;1454
11;2025-12-07;12;1564
11;2025-12-07;13;1535
11;2025-12-07;14;1613
11;2025-12-07;15;1588
11;2025-12-07;16;1553
11;2025-12-07;17;1630
11;2025-12-07;18;1272
11;2025-12-07;19;1033
11;2025-12-07;20;847
11;2025-12-07;21;583
11;2025-12-07;22;353
11;2025-12-07;23;225
11;2025-12-08;0;72
11;2025-12-08;1;9
11;2025-12-08;2;0
11;2025-12-08;3;0
11;2025-12-08;4;3
11;2025-12-08;5;272
11;2025-12-08;6;1365
11;2025-12-08;7;2414
11;2025-12-08;8;3147
11;2025-12-08;9;2406
11;2025-12-08;10;1856
11;2025-12-08;11;1845
11;2025-12-08;12;1809
11;2025-12-08;13;1899
11;2025-12-08;14;1967
11;2025-12-08;15;2088
11;2025-12-08;16;2244
11;2025-12-08;17;2830
11;2025-12-08;18;3041
11;2025-12-08;19;2221
11;2025-12-08;20;1316
11;2025-12-08;21;800
11;2025-12-08;22;368
11;2025-12-08;23;208
11;2025-12-09;0;59
11;2025-12-09;1;1
11;2025-12-09;2;0
11;2025-12-09;3;0
11;2025-12-09;4;2
11;2025-12-09;5;273
11;2025-12-09;6;1337
11;2025-12-09;7;2463
11;2025-12-09;8;3237
11;2025-12-09;9;2470
11;2025-12-09;10;2005
11;2025-12-09;11;1952
11;2025-12-09;12;1972
11;2025-12-09;13;2040
11;2025-12-09;14;2079
11;2025-12-09;15;2039
11;2025-12-09;16;2242
11;2025-12-09;17;2842
11;2025-12-09;18;3139
11;2025-12-09;19;2306
11;2025-12-09;20;1486
11;2025-12-09;21;849
11;2025-12-09;22;420
11;2025-12-09;23;230
11;2025-12-10;0;59
11;2025-12-10;1;1
11;2025-12-10;2;0
11;2025-12-10;3;0
11;2025-12-10;4;2
11;2025-12-10;5;283
11;2025-12-10;6;1354
11;2025-12-10;7;2467
11;2025-12-10;8;3219
11;2025-12-10;9;2468
11;2025-12-10;10;2001
11;2025-12-10;11;1947
11;2025-12-10;12;1976
11;2025-12-10;13;2040
11;2025-12-10;14;2082
11;2025-12-10;15;2044
11;2025-12-10;16;2246
11;2025-12-10;17;2841
11;2025-12-10;18;3134
11;2025-12-10;19;2303
11;2025-12-10;20;1486
11;2025-12-10;21;850
11;2025-12-10;22;423
11;2025-12-10;23;238
11;2025-12-11;0;60
11;2025-12-11;1;0
11;2025-12-11;2;0
11;2025-12-11;3;0
11;2025-12-11;4;2
11;2025-12-11;5;269
11;2025-12-11;6;1332
11;2025-12-11;7;2454
11;2025-12-11;8;3161
11;2025-12-11;9;2435
11;2025-12-11;10;1992
11;2025-12-11;11;1941
11;2025-12-11;12;1966
11;2025-12-11;13;2036
11;2025-12-11;14;2090
11;2025-12-11;15;2039
11;2025-12-11;16;2236
11;2025-12-11;17;2796
11;2025-12-11;18;3062
11;2025-12-11;19;2286
11;2025-12-11;20;1479
11;2025-12-11;21;844
11;2025-12-11;22;420
11;2025-12-11;23;244
11;2025-12-12;0;67
11;2025-12-12;1;2
11;2025-12-12;2;0
11;2025-12-12;3;0
11;2025-12-12;4;2
11;2025-12-12;5;266
11;2025-12-12;6;1317
11;2025-12-12;7;2324
11;2025-12-12;8;3072
11;2025-12-12;9;2277
11;2025-12-12;10;1893
11;2025-12-12;11;1809
11;2025-12-12;12;1891
11;2025-12-12;13;1873
11;2025-12-12;14;1976
11;2025-12-12;15;2038
11;2025-12-12;16;2239
11;2025-12-12;17;2714
11;2025-12-12;18;2479
11;2025-12-12;19;1954
11;2025-12-12;20;1385
11;2025-12-12;21;849
11;2025-12-12;22;398
11;2025-12-12;23;305
11;2025-12-13;0;104
11;2025-12-13;1;2
11;2025-12-13;2;0
11;2025-12-13;3;0
11;2025-12-13;4;2
11;2025-12-13;5;169
11;2025-12-13;6;766
11;2025-12-13;7;768
11;2025-12-13;8;1014
11;2025-12-13;9;1142
11;2025-12-13;10;1322
11;2025-12-13;11;1639
11;2025-12-13;12;1822
11;2025-12-13;13;1772
11;2025-12-13;14;1905
11;2025-12-13;15;1868
11;2025-12-13;16;1800
11;2025-12-13;17;1837
11;2025-12-13;18;1547
11;2025-12-13;19;1465
11;2025-12-13;20;1000
11;2025-12-13;21;702
11;2025-12-13;22;424
11;2025-12-13;23;286
11;2025-12-14;0;104
11;2025-12-14;1;11
11;2025-12-14;2;0
11;2025-12-14;3;0
11;2025-12-14;4;1
11;2025-12-14;5;95
11;2025-12-14;6;425
11;2025-12-14;7;435
11;2025-12-14;8;602
11;2025-12-14;9;869
11;2025-12-14;10;998
11;2025-12-14;11;1421
11;2025-12-14;12;1532
11;2025-12-14;13;1511
11;2025-12-14;14;1592
11;2025-12-14;15;1564
11;2025-12-14;16;1541
11;2025-12-14;17;1618
11;2025-12-14;18;1270
11;2025-12-14;19;1026
11;2025-12-14;20;837
11;2025-12-14;21;582
11;2025-12-14;22;349
11;2025-12-14;23;226
11;2025-12-15;0;72
11;2025-12-15;1;8
11;2025-12-15;2;0
11;2025-12-15;3;0
11;2025-12-15;4;4
11;2025-12-15;5;281
11;2025-12-15;6;1365
11;2025-12-15;7;2408
11;2025-12-15;8;3142
11;2025-12-15;9;2407
11;2025-12-15;10;1870
11;2025-12-15;11;1829
11;2025-12-15;12;1824
11;2025-12-15;13;1913
11;2025-12-15;14;1982
11;2025-12-15;15;2112
11;2025-12-15;16;2263
11;2025-12-15;17;2844
11;2025-12-15;18;3053
11;2025-12-15;19;2240
11;2025-12-15;20;1338
11;2025-12-15;21;821
11;2025-12-15;22;386
11;2025-12-15;23;225
11;2025-12-16;0;59
11;2025-12-16;1;1
11;2025-12-16;2;0
11;2025-12-16;3;0
11;2025-12-16;4;3
11;2025-12-16;5;279
11;2025-12-16;6;1335
11;2025-12-16;7;2464
11;2025-12-16;8;3238
11;2025-12-16;9;2467
11;2025-12-16;10;1991
11;2025-12-16;11;1938
11;2025-12-16;12;1958
11;2025-12-16;13;1989
11;2025-12-16;14;2066
11;2025-12-16;15;2045
11;2025-12-16;16;2248
11;2025-12-16;17;2844
11;2025-12-16;18;3141
11;2025-12-16;19;2304
11;2025-12-16;20;1484
11;2025-12-16;21;847
11;2025-12-16;22;417
11;2025-12-16;23;226
11;2025-12-17;0;59
11;2025-12-17;1;1
11;2025-12-17;2;0
11;2025-12-17;3;0
11;2025-12-17;4;1
11;2025-12-17;5;269
11;2025-12-17;6;1333
11;2025-12-17;7;2459
11;2025-12-17;8;3228
11;2025-12-17;9;2462
11;2025-12-17;10;2006
11;2025-12-17;11;1956
11;2025-12-17;12;1978
11;2025-12-17;13;2043
11;2025-12-17;14;2083
11;2025-12-17;15;2045
11;2025-12-17;16;2248
11;2025-12-17;17;2843
11;2025-12-17;18;3136
11;2025-12-17;19;2302
11;2025-12-17;20;1485
11;2025-12-17;21;849
11;2025-12-17;22;422
11;2025-12-17;23;238
11;2025-12-18;0;60
11;2025-12-18;1;0
11;2025-12-18;2;0
11;2025-12-18;3;0
11;2025-12-18;4;2
11;2025-12-18;5;269
11;2025-12-18;6;1332
11;2025-12-18;7;2455
11;2025-12-18;8;3223
11;2025-12-18;9;2463
11;2025-12-18;10;2010
11;2025-12-18;11;1960
11;2025-12-18;12;1985
11;2025-12-18;13;2048
11;2025-12-18;14;2089
11;2025-12-18;15;2050
11;2025-12-18;16;2253
11;2025-12-18;17;2845
11;2025-12-18;18;3136
11;2025-12-18;19;2298
11;2025-12-18;20;1484
11;2025-12-18;21;850
11;2025-12-18;22;423
11;2025-12-18;23;242
11;2025-12-19;0;67
11;2025-12-19;1;1
11;2025-12-19;2;0
11;2025-12-19;3;0
11;2025-12-19;4;3
11;2025-12-19;5;265
11;2025-12-19;6;1313
11;2025-12-19;7;2323
11;2025-12-19;8;3068
11;2025-12-19;9;2277
11;2025-12-19;10;1910
11;2025-12-19;11;1813
11;2025-12-19;12;1931
11;2025-12-19;13;1942
11;2025-12-19;14;2043
11;2025-12-19;15;2137
11;2025-12-19;16;2337
11;2025-12-19;17;2730
11;2025-12-19;18;2463
11;2025-12-19;19;1959
11;2025-12-19;20;1377
11;2025-12-19;21;840
11;2025-12-19;22;399
11;2025-12-19;23;302
11;2025-12-20;0;105
11;2025-12-20;1;2
11;2025-12-20;2;0
11;2025-12-20;3;0
11;2025-12-20;4;3
11;2025-12-20;5;179
11;2025-12-20;6;780
11;2025-12-20;7;794
11;2025-12-20;8;1025
11;2025-12-20;9;1169
11;2025-12-20;10;1353
11;2025-12-20;11;1669
11;2025-12-20;12;1869
11;2025-12-20;13;1809
11;2025-12-20;14;1934
11;2025-12-20;15;1891
11;2025-12-20;16;1822
11;2025-12-20;17;1862
11;2025-12-20;18;1554
11;2025-12-20;19;1473
11;2025-12-20;20;1032
11;2025-12-20;21;729
11;2025-12-20;22;425
11;2025-12-20;23;289
11;2025-12-21;0;104
11;2025-12-21;1;11
11;2025-12-21;2;0
11;2025-12-21;3;0
11;2025-12-21;4;2
11;2025-12-21;5;120
11;2025-12-21;6;446
11;2025-12-21;7;462
11;2025-12-21;8;650
11;2025-12-21;9;904
11;2025-12-21;10;1035
11;2025-12-21;11;1454
11;2025-12-21;12;1564
11;2025-12-21;13;1533
11;2025-12-21;14;1609
11;2025-12-21;15;1585
11;2025-12-21;16;1553
11;2025-12-21;17;1630
11;2025-12-21;18;1272
11;2025-12-21;19;1034
11;2025-12-21;20;847
11;2025-12-21;21;583
11;2025-12-21;22;339
11;2025-12-21;23;224
11;2025-12-22;0;72
11;2025-12-22;1;8
11;2025-12-22;2;0
11;2025-12-22;3;0
11;2025-12-22;4;3
11;2025-12-22;5;271
11;2025-12-22;6;1363
11;2025-12-22;7;2412
11;2025-12-22;8;3147
11;2025-12-22;9;2404
11;2025-12-22;10;1865
11;2025-12-22;11;1832
11;2025-12-22;12;1798
11;2025-12-22;13;1903
11;2025-12-22;14;1967
11;2025-12-22;15;2071
11;2025-12-22;16;2244
11;2025-12-22;17;2828
11;2025-12-22;18;3004
11;2025-12-22;19;2220
11;2025-12-22;20;1320
11;2025-12-22;21;807
11;2025-12-22;22;366
11;2025-12-22;23;214
11;2025-12-23;0;59
11;2025-12-23;1;1
11;2025-12-23;2;0
11;2025-12-23;3;0
11;2025-12-23;4;3
11;2025-12-23;5;276
11;2025-12-23;6;1341
11;2025-12-23;7;2467
11;2025-12-23;8;3242
11;2025-12-23;9;2480
11;2025-12-23;10;2011
11;2025-12-23;11;1960
11;2025-12-23;12;1982
11;2025-12-23;13;2050
11;2025-12-23;14;2089
11;2025-12-23;15;2051
11;2025-12-23;16;2254
11;2025-12-23;17;2850
11;2025-12-23;18;3142
11;2025-12-23;19;2319
11;2025-12-23;20;1495
11;2025-12-23;21;855
11;2025-12-23;22;424
11;2025-12-23;23;232
11;2025-12-24;0;59
11;2025-12-24;1;1
11;2025-12-24;2;0
11;2025-12-24;3;0
11;2025-12-24;4;3
11;2025-12-24;5;279
11;2025-12-24;6;1343
11;2025-12-24;7;2466
11;2025-12-24;8;3231
11;2025-12-24;9;2480
11;2025-12-24;10;2016
11;2025-12-24;11;1966
11;2025-12-24;12;1960
11;2025-12-24;13;2028
11;2025-12-24;14;2095
11;2025-12-24;15;2028
11;2025-12-24;16;2255
11;2025-12-24;17;2850
11;2025-12-24;18;3108
11;2025-12-24;19;2313
11;2025-12-24;20;1494
11;2025-12-24;21;848
11;2025-12-24;22;422
11;2025-12-24;23;237
11;2025-12-25;0;60
11;2025-12-25;1;1
11;2025-12-25;2;0
11;2025-12-25;3;0
11;2025-12-25;4;3
11;2025-12-25;5;277
11;2025-12-25;6;1341
11;2025-12-25;7;2449
11;2025-12-25;8;3216
11;2025-12-25;9;2455
11;2025-12-25;10;1996
11;2025-12-25;11;1942
11;2025-12-25;12;1971
11;2025-12-25;13;2038
11;2025-12-25;14;2078
11;2025-12-25;15;2036
11;2025-12-25;16;2261
11;2025-12-25;17;2802
11;2025-12-25;18;3059
11;2025-12-25;19;2291
11;2025-12-25;20;1487
11;2025-12-25;21;846
11;2025-12-25;22;425
11;2025-12-25;23;244
11;2025-12-26;0;66
11;2025-12-26;1;2
11;2025-12-26;2;0
11;2025-12-26;3;0
11;2025-12-26;4;3
11;2025-12-26;5;254
11;2025-12-26;6;1322
11;2025-12-26;7;2316
11;2025-12-26;8;3072
11;2025-12-26;9;2243
11;2025-12-26;10;1854
11;2025-12-26;11;1765
11;2025-12-26;12;1852
11;2025-12-26;13;1909
11;2025-12-26;14;2011
11;2025-12-26;15;2111
11;2025-12-26;16;2311
11;2025-12-26;17;2713
11;2025-12-26;18;2454
11;2025-12-26;19;1956
11;2025-12-26;20;1371
11;2025-12-26;21;828
11;2025-12-26;22;389
11;2025-12-26;23;304
11;2025-12-27;0;105
11;2025-12-27;1;2
11;2025-12-27;2;0
11;2025-12-27;3;0
11;2025-12-27;4;3
11;2025-12-27;5;182
11;2025-12-27;6;780
11;2025-12-27;7;795
11;2025-12-27;8;1026
11;2025-12-27;9;1145
11;2025-12-27;10;1354
11;2025-12-27;11;1674
11;2025-12-27;12;1858
11;2025-12-27;13;1797
11;2025-12-27;14;1926
11;2025-12-27;15;1870
11;2025-12-27;16;1800
11;2025-12-27;17;1843
11;2025-12-27;18;1544
11;2025-12-27;19;1461
11;2025-12-27;20;1022
11;2025-12-27;21;706
11;2025-12-27;22;407
11;2025-12-27;23;286
11;2025-12-28;0;103
11;2025-12-28;1;10
11;2025-12-28;2;0
11;2025-12-28;3;0
11;2025-12-28;4;1
11;2025-12-28;5;107
11;2025-12-28;6;441
11;2025-12-28;7;444
11;2025-12-28;8;622
11;2025-12-28;9;821
11;2025-12-28;10;972
11;2025-12-28;11;1264
11;2025-12-28;12;1431
11;2025-12-28;13;1389
11;2025-12-28;14;1473
11;2025-12-28;15;1450
11;2025-12-28;16;1530
11;2025-12-28;17;1604
11;2025-12-28;18;1255
11;2025-12-28;19;1011
11;2025-12-28;20;806
11;2025-12-28;21;553
11;2025-12-28;22;330
11;2025-12-28;23;223
11;2025-12-29;0;66
11;2025-12-29;1;7
11;2025-12-29;2;0
11;2025-12-29;3;0
11;2025-12-29;4;3
11;2025-12-29;5;255
11;2025-12-29;6;1264
11;2025-12-29;7;2226
11;2025-12-29;8;2885
11;2025-12-29;9;2207
11;2025-12-29;10;1708
11;2025-12-29;11;1687
11;2025-12-29;12;1654
11;2025-12-29;13;1739
11;2025-12-29;14;1801
11;2025-12-29;15;1916
11;2025-12-29;16;2079
11;2025-12-29;17;2610
11;2025-12-29;18;2781
11;2025-12-29;19;2065
11;2025-12-29;20;1239
11;2025-12-29;21;750
11;2025-12-29;22;347
11;2025-12-29;23;199
11;2025-12-30;0;55
11;2025-12-30;1;1
11;2025-12-30;2;0
11;2025-12-30;3;0
11;2025-12-30;4;2
11;2025-12-30;5;246
11;2025-12-30;6;1233
11;2025-12-30;7;2267
11;2025-12-30;8;2950
11;2025-12-30;9;2258
11;2025-12-30;10;1820
11;2025-12-30;11;1768
11;2025-12-30;12;1784
11;2025-12-30;13;1839
11;2025-12-30;14;1890
11;2025-12-30;15;1875
11;2025-12-30;16;2064
11;2025-12-30;17;2595
11;2025-12-30;18;2867
11;2025-12-30;19;2121
11;2025-12-30;20;1369
11;2025-12-30;21;780
11;2025-12-30;22;385
11;2025-12-30;23;206
11;2025-12-31;0;84
11;2025-12-31;1;10
11;2025-12-31;2;0
11;2025-12-31;3;0
11;2025-12-31;4;2
11;2025-12-31;5;44
11;2025-12-31;6;349
11;2025-12-31;7;346
11;2025-12-31;8;498
11;2025-12-31;9;658
11;2025-12-31;10;751
11;2025-12-31;11;1055
11;2025-12-31;12;1203
11;2025-12-31;13;1112
11;2025-12-31;14;1185
11;2025-12-31;15;1183
11;2025-12-31;16;1243
11;2025-12-31;17;1323
11;2025-12-31;18;1021
11;2025-12-31;19;845
11;2025-12-31;20;730
11;2025-12-31;21;478
11;2025-12-31;22;264
11;2025-12-31;23;153
12;2025-11-01;0;52
12;2025-11-01;1;2
12;2025-11-01;2;0
12;2025-11-01;3;0
12;2025-11-01;4;5
12;2025-11-01;5;309
12;2025-11-01;6;1297
12;2025-11-01;7;2484
12;2025-11-01;8;3124
12;2025-11-01;9;2311
12;2025-11-01;10;1797
12;2025-11-01;11;1828
12;2025-11-01;12;1882
12;2025-11-01;13;2015
12;2025-11-01;14;1905
12;2025-11-01;15;2199
12;2025-11-01;16;2642
12;2025-11-01;17;2698
12;2025-11-01;18;2444
12;2025-11-01;19;2070
12;2025-11-01;20;1337
12;2025-11-01;21;873
12;2025-11-01;22;453
12;2025-11-01;23;283
12;2025-11-02;0;86
12;2025-11-02;1;5
12;2025-11-02;2;0
12;2025-11-02;3;0
12;2025-11-02;4;3
12;2025-11-02;5;151
12;2025-11-02;6;525
12;2025-11-02;7;663
12;2025-11-02;8;729
12;2025-11-02;9;950
12;2025-11-02;10;1162
12;2025-11-02;11;1330
12;2025-11-02;12;1420
12;2025-11-02;13;1530
12;2025-11-02;14;1492
12;2025-11-02;15;1526
12;2025-11-02;16;1526
12;2025-11-02;17;1519
12;2025-11-02;18;1334
12;2025-11-02;19;1056
12;2025-11-02;20;823
12;2025-11-02;21;609
12;2025-11-02;22;389
12;2025-11-02;23;212
12;2025-11-03;0;76
12;2025-11-03;1;4
12;2025-11-03;2;0
12;2025-11-03;3;0
12;2025-11-03;4;3
12;2025-11-03;5;171
12;2025-11-03;6;563
12;2025-11-03;7;705
12;2025-11-03;8;763
12;2025-11-03;9;919
12;2025-11-03;10;1120
12;2025-11-03;11;1227
12;2025-11-03;12;1274
12;2025-11-03;13;1396
12;2025-11-03;14;1305
12;2025-11-03;15;1371
12;2025-11-03;16;1462
12;2025-11-03;17;1458
12;2025-11-03;18;1332
12;2025-11-03;19;1096
12;2025-11-03;20;875
12;2025-11-03;21;649
12;2025-11-03;22;422
12;2025-11-03;23;242
12;2025-11-04;0;74
12;2025-11-04;1;4
12;2025-11-04;2;0
12;2025-11-04;3;0
12;2025-11-04;4;3
12;2025-11-04;5;176
12;2025-11-04;6;567
12;2025-11-04;7;700
12;2025-11-04;8;740
12;2025-11-04;9;885
12;2025-11-04;10;1072
12;2025-11-04;11;1200
12;2025-11-04;12;1232
12;2025-11-04;13;1366
12;2025-11-04;14;1405
12;2025-11-04;15;1450
12;2025-11-04;16;1456
12;2025-11-04;17;1448
12;2025-11-04;18;1325
12;2025-11-04;19;1083
12;2025-11-04;20;865
12;2025-11-04;21;642
12;2025-11-04;22;412
12;2025-11-04;23;234
12;2025-11-05;0;54
12;2025-11-05;1;1
12;2025-11-05;2;0
12;2025-11-05;3;0
12;2025-11-05;4;6
12;2025-11-05;5;340
12;2025-11-05;6;1437
12;2025-11-05;7;2754
12;2025-11-05;8;3677
12;2025-11-05;9;2595
12;2025-11-05;10;2139
12;2025-11-05;11;2081
12;2025-11-05;12;2093
12;2025-11-05;13;2099
12;2025-11-05;14;2061
12;2025-11-05;15;2286
12;2025-11-05;16;2752
12;2025-11-05;17;3113
12;2025-11-05;18;3242
12;2025-11-05;19;2451
12;2025-11-05;20;1555
12;2025-11-05;21;968
12;2025-11-05;22;493
12;2025-11-05;23;261
12;2025-11-06;0;55
12;2025-11-06;1;1
12;2025-11-06;2;0
12;2025-11-06;3;0
12;2025-11-06;4;6
12;2025-11-06;5;341
12;2025-11-06;6;1444
12;2025-11-06;7;2753
12;2025-11-06;8;3654
12;2025-11-06;9;2593
12;2025-11-06;10;2144
12;2025-11-06;11;2056
12;2025-11-06;12;2097
12;2025-11-06;13;2106
12;2025-11-06;14;2066
12;2025-11-06;15;2279
12;2025-11-06;16;2752
12;2025-11-06;17;3115
12;2025-11-06;18;3241
12;2025-11-06;19;2451
12;2025-11-06;20;1549
12;2025-11-06;21;972
12;2025-11-06;22;495
12;2025-11-06;23;268
12;2025-11-07;0;58
12;2025-11-07;1;1
12;2025-11-07;2;0
12;2025-11-07;3;0
12;2025-11-07;4;5
12;2025-11-07;5;357
12;2025-11-07;6;1451
12;2025-11-07;7;2762
12;2025-11-07;8;3457
12;2025-11-07;9;2555
12;2025-11-07;10;1976
12;2025-11-07;11;2011
12;2025-11-07;12;2062
12;2025-11-07;13;2225
12;2025-11-07;14;2090
12;2025-11-07;15;2423
12;2025-11-07;16;2941
12;2025-11-07;17;2996
12;2025-11-07;18;2703
12;2025-11-07;19;2290
12;2025-11-07;20;1477
12;2025-11-07;21;977
12;2025-11-07;22;511
12;2025-11-07;23;320
12;2025-11-08;0;81
12;2025-11-08;1;3
12;2025-11-08;2;0
12;2025-11-08;3;0
12;2025-11-08;4;2
12;2025-11-08;5;252
12;2025-11-08;6;801
12;2025-11-08;7;931
12;2025-11-08;8;1049
12;2025-11-08;9;1271
12;2025-11-08;10;1456
12;2025-11-08;11;1528
12;2025-11-08;12;1586
12;2025-11-08;13;1748
12;2025-11-08;14;1644
12;2025-11-08;15;1644
12;2025-11-08;16;1734
12;2025-11-08;17;1695
12;2025-11-08;18;1591
12;2025-11-08;19;1427
12;2025-11-08;20;961
12;2025-11-08;21;769
12;2025-11-08;22;437
12;2025-11-08;23;298
12;2025-11-09;0;86
12;2025-11-09;1;5
12;2025-11-09;2;0
12;2025-11-09;3;0
12;2025-11-09;4;3
12;2025-11-09;5;176
12;2025-11-09;6;560
12;2025-11-09;7;696
12;2025-11-09;8;759
12;2025-11-09;9;961
12;2025-11-09;10;1166
12;2025-11-09;11;1327
12;2025-11-09;12;1438
12;2025-11-09;13;1597
12;2025-11-09;14;1486
12;2025-11-09;15;1536
12;2025-11-09;16;1551
12;2025-11-09;17;1550
12;2025-11-09;18;1351
12;2025-11-09;19;1061
12;2025-11-09;20;826
12;2025-11-09;21;612
12;2025-11-09;22;390
12;2025-11-09;23;212
12;2025-11-10;0;56
12;2025-11-10;1;3
12;2025-11-10;2;0
12;2025-11-10;3;0
12;2025-11-10;4;6
12;2025-11-10;5;325
12;2025-11-10;6;1443
12;2025-11-10;7;2737
12;2025-11-10;8;3634
12;2025-11-10;9;2566
12;2025-11-10;10;1961
12;2025-11-10;11;1926
12;2025-11-10;12;2043
12;2025-11-10;13;2000
12;2025-11-10;14;2013
12;2025-11-10;15;2276
12;2025-11-10;16;2774
12;2025-11-10;17;3073
12;2025-11-10;18;3263
12;2025-11-10;19;2458
12;2025-11-10;20;1623
12;2025-11-10;21;964
12;2025-11-10;22;459
12;2025-11-10;23;234
12;2025-11-11;0;53
12;2025-11-11;1;1
12;2025-11-11;2;0
12;2025-11-11;3;0
12;2025-11-11;4;7
12;2025-11-11;5;337
12;2025-11-11;6;1438
12;2025-11-11;7;2760
12;2025-11-11;8;3705
12;2025-11-11;9;2594
12;2025-11-11;10;2139
12;2025-11-11;11;2081
12;2025-11-11;12;2096
12;2025-11-11;13;2101
12;2025-11-11;14;2058
12;2025-11-11;15;2292
12;2025-11-11;16;2753
12;2025-11-11;17;3116
12;2025-11-11;18;3254
12;2025-11-11;19;2453
12;2025-11-11;20;1551
12;2025-11-11;21;964
12;2025-11-11;22;487
12;2025-11-11;23;250
12;2025-11-12;0;54
12;2025-11-12;1;1
12;2025-11-12;2;0
12;2025-11-12;3;0
12;2025-11-12;4;6
12;2025-11-12;5;336
12;2025-11-12;6;1437
12;2025-11-12;7;2757
12;2025-11-12;8;3696
12;2025-11-12;9;2593
12;2025-11-12;10;2138
12;2025-11-12;11;2077
12;2025-11-12;12;2094
12;2025-11-12;13;2089
12;2025-11-12;14;2052
12;2025-11-12;15;2281
12;2025-11-12;16;2753
12;2025-11-12;17;3116
12;2025-11-12;18;3241
12;2025-11-12;19;2452
12;2025-11-12;20;1554
12;2025-11-12;21;968
12;2025-11-12;22;493
12;2025-11-12;23;260
12;2025-11-13;0;55
12;2025-11-13;1;1
12;2025-11-13;2;0
12;2025-11-13;3;0
12;2025-11-13;4;7
12;2025-11-13;5;337
12;2025-11-13;6;1445
12;2025-11-13;7;2756
12;2025-11-13;8;3693
12;2025-11-13;9;2597
12;2025-11-13;10;2141
12;2025-11-13;11;2082
12;2025-11-13;12;2100
12;2025-11-13;13;2103
12;2025-11-13;14;2060
12;2025-11-13;15;2294
12;2025-11-13;16;2755
12;2025-11-13;17;3113
12;2025-11-13;18;3242
12;2025-11-13;19;2451
12;2025-11-13;20;1556
12;2025-11-13;21;969
12;2025-11-13;22;494
12;2025-11-13;23;266
12;2025-11-14;0;58
12;2025-11-14;1;2
12;2025-11-14;2;0
12;2025-11-14;3;0
12;2025-11-14;4;5
12;2025-11-14;5;338
12;2025-11-14;6;1437
12;2025-11-14;7;2762
12;2025-11-14;8;3480
12;2025-11-14;9;2568
12;2025-11-14;10;1989
12;2025-11-14;11;2022
12;2025-11-14;12;2084
12;2025-11-14;13;2241
12;2025-11-14;14;2105
12;2025-11-14;15;2439
12;2025-11-14;16;2938
12;2025-11-14;17;2993
12;2025-11-14;18;2700
12;2025-11-14;19;2286
12;2025-11-14;20;1470
12;2025-11-14;21;961
12;2025-11-14;22;498
12;2025-11-14;23;313
12;2025-11-15;0;78
12;2025-11-15;1;2
12;2025-11-15;2;0
12;2025-11-15;3;0
12;2025-11-15;4;2
12;2025-11-15;5;226
12;2025-11-15;6;762
12;2025-11-15;7;905
12;2025-11-15;8;980
12;2025-11-15;9;1125
12;2025-11-15;10;1236
12;2025-11-15;11;1251
12;2025-11-15;12;1360
12;2025-11-15;13;1703
12;2025-11-15;14;1680
12;2025-11-15;15;1668
12;2025-11-15;16;1755
12;2025-11-15;17;1715
12;2025-11-15;18;1594
12;2025-11-15;19;1422
12;2025-11-15;20;954
12;2025-11-15;21;761
12;2025-11-15;22;429
12;2025-11-15;23;292
12;2025-11-16;0;86
12;2025-11-16;1;6
12;2025-11-16;2;0
12;2025-11-16;3;0
12;2025-11-16;4;3
12;2025-11-16;5;125
12;2025-11-16;6;499
12;2025-11-16;7;637
12;2025-11-16;8;686
12;2025-11-16;9;903
12;2025-11-16;10;1114
12;2025-11-16;11;1321
12;2025-11-16;12;1423
12;2025-11-16;13;1584
12;2025-11-16;14;1489
12;2025-11-16;15;1514
12;2025-11-16;16;1511
12;2025-11-16;17;1508
12;2025-11-16;18;1315
12;2025-11-16;19;1028
12;2025-11-16;20;798
12;2025-11-16;21;585
12;2025-11-16;22;377
12;2025-11-16;23;207
12;2025-11-17;0;56
12;2025-11-17;1;3
12;2025-11-17;2;0
12;2025-11-17;3;0
12;2025-11-17;4;6
12;2025-11-17;5;320
12;2025-11-17;6;1438
12;2025-11-17;7;2725
12;2025-11-17;8;3613
12;2025-11-17;9;2557
12;2025-11-17;10;1962
12;2025-11-17;11;1919
12;2025-11-17;12;2034
12;2025-11-17;13;1953
12;2025-11-17;14;1984
12;2025-11-17;15;2243
12;2025-11-17;16;2766
12;2025-11-17;17;3067
12;2025-11-17;18;3262
12;2025-11-17;19;2457
12;2025-11-17;20;1621
12;2025-11-17;21;968
12;2025-11-17;22;459
12;2025-11-17;23;234
12;2025-11-18;0;53
12;2025-11-18;1;1
12;2025-11-18;2;0
12;2025-11-18;3;0
12;2025-11-18;4;7
12;2025-11-18;5;325
12;2025-11-18;6;1447
12;2025-11-18;7;2757
12;2025-11-18;8;3670
12;2025-11-18;9;2569
12;2025-11-18;10;2075
12;2025-11-18;11;2030
12;2025-11-18;12;2046
12;2025-11-18;13;2051
12;2025-11-18;14;2015
12;2025-11-18;15;2265
12;2025-11-18;16;2753
12;2025-11-18;17;3116
12;2025-11-18;18;3241
12;2025-11-18;19;2459
12;2025-11-18;20;1550
12;2025-11-18;21;962
12;2025-11-18;22;487
12;2025-11-18;23;250
12;2025-11-19;0;54
12;2025-11-19;1;1
12;2025-11-19;2;0
12;2025-11-19;3;0
12;2025-11-19;4;6
12;2025-11-19;5;336
12;2025-11-19;6;1436
12;2025-11-19;7;2757
12;2025-11-19;8;3677
12;2025-11-19;9;2592
12;2025-11-19;10;2137
12;2025-11-19;11;2077
12;2025-11-19;12;2091
12;2025-11-19;13;2101
12;2025-11-19;14;2058
12;2025-11-19;15;2291
12;2025-11-19;16;2753
12;2025-11-19;17;3114
12;2025-11-19;18;3252
12;2025-11-19;19;2453
12;2025-11-19;20;1555
12;2025-11-19;21;968
12;2025-11-19;22;494
12;2025-11-19;23;258
12;2025-11-20;0;55
12;2025-11-20;1;1
12;2025-11-20;2;0
12;2025-11-20;3;0
12;2025-11-20;4;6
12;2025-11-20;5;334
12;2025-11-20;6;1434
12;2025-11-20;7;2754
12;2025-11-20;8;3674
12;2025-11-20;9;2593
12;2025-11-20;10;2137
12;2025-11-20;11;2077
12;2025-11-20;12;2094
12;2025-11-20;13;2104
12;2025-11-20;14;2062
12;2025-11-20;15;2295
12;2025-11-20;16;2755
12;2025-11-20;17;3114
12;2025-11-20;18;3251
12;2025-11-20;19;2444
12;2025-11-20;20;1550
12;2025-11-20;21;964
12;2025-11-20;22;491
12;2025-11-20;23;262
12;2025-11-21;0;58
12;2025-11-21;1;1
12;2025-11-21;2;0
12;2025-11-21;3;0
12;2025-11-21;4;5
12;2025-11-21;5;344
12;2025-11-21;6;1437
12;2025-11-21;7;2751
12;2025-11-21;8;3463
12;2025-11-21;9;2564
12;2025-11-21;10;1980
12;2025-11-21;11;2014
12;2025-11-21;12;2056
12;2025-11-21;13;2241
12;2025-11-21;14;2102
12;2025-11-21;15;2432
12;2025-11-21;16;2938
12;2025-11-21;17;2993
12;2025-11-21;18;2700
12;2025-11-21;19;2286
12;2025-11-21;20;1474
12;2025-11-21;21;969
12;2025-11-21;22;506
12;2025-11-21;23;317
12;2025-11-22;0;81
12;2025-11-22;1;3
12;2025-11-22;2;0
12;2025-11-22;3;0
12;2025-11-22;4;2
12;2025-11-22;5;227
12;2025-11-22;6;761
12;2025-11-22;7;902
12;2025-11-22;8;1036
12;2025-11-22;9;1199
12;2025-11-22;10;1467
12;2025-11-22;11;1558
12;2025-11-22;12;1623
12;2025-11-22;13;1786
12;2025-11-22;14;1680
12;2025-11-22;15;1668
12;2025-11-22;16;1755
12;2025-11-22;17;1715
12;2025-11-22;18;1597
12;2025-11-22;19;1422
12;2025-11-22;20;959
12;2025-11-22;21;741
12;2025-11-22;22;419
12;2025-11-22;23;292
12;2025-11-23;0;85
12;2025-11-23;1;5
12;2025-11-23;2;0
12;2025-11-23;3;0
12;2025-11-23;4;2
12;2025-11-23;5;140
12;2025-11-23;6;508
12;2025-11-23;7;647
12;2025-11-23;8;720
12;2025-11-23;9;933
12;2025-11-23;10;1143
12;2025-11-23;11;1331
12;2025-11-23;12;1442
12;2025-11-23;13;1604
12;2025-11-23;14;1506
12;2025-11-23;15;1533
12;2025-11-23;16;1533
12;2025-11-23;17;1528
12;2025-11-23;18;1320
12;2025-11-23;19;1033
12;2025-11-23;20;808
12;2025-11-23;21;590
12;2025-11-23;22;382
12;2025-11-23;23;206
12;2025-11-24;0;57
12;2025-11-24;1;3
12;2025-11-24;2;0
12;2025-11-24;3;0
12;2025-11-24;4;6
12;2025-11-24;5;319
12;2025-11-24;6;1445
12;2025-11-24;7;2749
12;2025-11-24;8;3628
12;2025-11-24;9;2577
12;2025-11-24;10;1940
12;2025-11-24;11;1898
12;2025-11-24;12;2035
12;2025-11-24;13;1993
12;2025-11-24;14;1995
12;2025-11-24;15;2238
12;2025-11-24;16;2774
12;2025-11-24;17;3073
12;2025-11-24;18;3262
12;2025-11-24;19;2458
12;2025-11-24;20;1623
12;2025-11-24;21;962
12;2025-11-24;22;459
12;2025-11-24;23;234
12;2025-11-25;0;53
12;2025-11-25;1;1
12;2025-11-25;2;0
12;2025-11-25;3;0
12;2025-11-25;4;6
12;2025-11-25;5;336
12;2025-11-25;6;1436
12;2025-11-25;7;2758
12;2025-11-25;8;3691
12;2025-11-25;9;2593
12;2025-11-25;10;2138
12;2025-11-25;11;2076
12;2025-11-25;12;2092
12;2025-11-25;13;2100
12;2025-11-25;14;2058
12;2025-11-25;15;2292
12;2025-11-25;16;2753
12;2025-11-25;17;3115
12;2025-11-25;18;3255
12;2025-11-25;19;2454
12;2025-11-25;20;1551
12;2025-11-25;21;964
12;2025-11-25;22;488
12;2025-11-25;23;251
12;2025-11-26;0;54
12;2025-11-26;1;2
12;2025-11-26;2;0
12;2025-11-26;3;0
12;2025-11-26;4;6
12;2025-11-26;5;348
12;2025-11-26;6;1456
12;2025-11-26;7;2776
12;2025-11-26;8;3684
12;2025-11-26;9;2612
12;2025-11-26;10;2137
12;2025-11-26;11;2065
12;2025-11-26;12;2079
12;2025-11-26;13;2092
12;2025-11-26;14;2049
12;2025-11-26;15;2278
12;2025-11-26;16;2739
12;2025-11-26;17;3105
12;2025-11-26;18;3238
12;2025-11-26;19;2454
12;2025-11-26;20;1553
12;2025-11-26;21;966
12;2025-11-26;22;492
12;2025-11-26;23;258
12;2025-11-27;0;54
12;2025-11-27;1;1
12;2025-11-27;2;0
12;2025-11-27;3;0
12;2025-11-27;4;6
12;2025-11-27;5;337
12;2025-11-27;6;1437
12;2025-11-27;7;2758
12;2025-11-27;8;3695
12;2025-11-27;9;2597
12;2025-11-27;10;2141
12;2025-11-27;11;2070
12;2025-11-27;12;2084
12;2025-11-27;13;2093
12;2025-11-27;14;2034
12;2025-11-27;15;2296
12;2025-11-27;16;2758
12;2025-11-27;17;3093
12;2025-11-27;18;3208
12;2025-11-27;19;2447
12;2025-11-27;20;1554
12;2025-11-27;21;966
12;2025-11-27;22;491
12;2025-11-27;23;260
12;2025-11-28;0;56
12;2025-11-28;1;1
12;2025-11-28;2;0
12;2025-11-28;3;0
12;2025-11-28;4;5
12;2025-11-28;5;337
12;2025-11-28;6;1437
12;2025-11-28;7;2762
12;2025-11-28;8;3483
12;2025-11-28;9;2564
12;2025-11-28;10;1981
12;2025-11-28;11;2015
12;2025-11-28;12;2077
12;2025-11-28;13;2243
12;2025-11-28;14;2108
12;2025-11-28;15;2438
12;2025-11-28;16;2940
12;2025-11-28;17;2994
12;2025-11-28;18;2696
12;2025-11-28;19;2285
12;2025-11-28;20;1471
12;2025-11-28;21;966
12;2025-11-28;22;505
12;2025-11-28;23;316
12;2025-11-29;0;81
12;2025-11-29;1;3
12;2025-11-29;2;0
12;2025-11-29;3;0
12;2025-11-29;4;2
12;2025-11-29;5;228
12;2025-11-29;6;778
12;2025-11-29;7;921
12;2025-11-29;8;1046
12;2025-11-29;9;1279
12;2025-11-29;10;1467
12;2025-11-29;11;1557
12;2025-11-29;12;1624
12;2025-11-29;13;1785
12;2025-11-29;14;1680
12;2025-11-29;15;1669
12;2025-11-29;16;1755
12;2025-11-29;17;1714
12;2025-11-29;18;1594
12;2025-11-29;19;1422
12;2025-11-29;20;959
12;2025-11-29;21;767
12;2025-11-29;22;435
12;2025-11-29;23;296
12;2025-11-30;0;86
12;2025-11-30;1;5
12;2025-11-30;2;0
12;2025-11-30;3;0
12;2025-11-30;4;2
12;2025-11-30;5;145
12;2025-11-30;6;510
12;2025-11-30;7;651
12;2025-11-30;8;721
12;2025-11-30;9;932
12;2025-11-30;10;1142
12;2025-11-30;11;1330
12;2025-11-30;12;1441
12;2025-11-30;13;1606
12;2025-11-30;14;1512
12;2025-11-30;15;1541
12;2025-11-30;16;1541
12;2025-11-30;17;1540
12;2025-11-30;18;1343
12;2025-11-30;19;1052
12;2025-11-30;20;819
12;2025-11-30;21;612
12;2025-11-30;22;388
12;2025-11-30;23;211
12;2025-12-01;0;57
12;2025-12-01;1;3
12;2025-12-01;2;0
12;2025-12-01;3;0
12;2025-12-01;4;6
12;2025-12-01;5;327
12;2025-12-01;6;1451
12;2025-12-01;7;2749
12;2025-12-01;8;3635
12;2025-12-01;9;2569
12;2025-12-01;10;1965
12;2025-12-01;11;1928
12;2025-12-01;12;2045
12;2025-12-01;13;2003
12;2025-12-01;14;2016
12;2025-12-01;15;2278
12;2025-12-01;16;2777
12;2025-12-01;17;3077
12;2025-12-01;18;3266
12;2025-12-01;19;2462
12;2025-12-01;20;1625
12;2025-12-01;21;965
12;2025-12-01;22;460
12;2025-12-01;23;234
12;2025-12-02;0;53
12;2025-12-02;1;1
12;2025-12-02;2;0
12;2025-12-02;3;0
12;2025-12-02;4;6
12;2025-12-02;5;337
12;2025-12-02;6;1440
12;2025-12-02;7;2764
12;2025-12-02;8;3698
12;2025-12-02;9;2598
12;2025-12-02;10;2142
12;2025-12-02;11;2081
12;2025-12-02;12;2096
12;2025-12-02;13;2105
12;2025-12-02;14;2062
12;2025-12-02;15;2296
12;2025-12-02;16;2758
12;2025-12-02;17;3121
12;2025-12-02;18;3260
12;2025-12-02;19;2458
12;2025-12-02;20;1554
12;2025-12-02;21;966
12;2025-12-02;22;488
12;2025-12-02;23;251
12;2025-12-03;0;54
12;2025-12-03;1;1
12;2025-12-03;2;0
12;2025-12-03;3;0
12;2025-12-03;4;6
12;2025-12-03;5;336
12;2025-12-03;6;1439
12;2025-12-03;7;2761
12;2025-12-03;8;3683
12;2025-12-03;9;2597
12;2025-12-03;10;2141
12;2025-12-03;11;2081
12;2025-12-03;12;2095
12;2025-12-03;13;2105
12;2025-12-03;14;2062
12;2025-12-03;15;2295
12;2025-12-03;16;2758
12;2025-12-03;17;3120
12;2025-12-03;18;3258
12;2025-12-03;19;2457
12;2025-12-03;20;1557
12;2025-12-03;21;969
12;2025-12-03;22;495
12;2025-12-03;23;261
12;2025-12-04;0;55
12;2025-12-04;1;1
12;2025-12-04;2;0
12;2025-12-04;3;0
12;2025-12-04;4;6
12;2025-12-04;5;336
12;2025-12-04;6;1438
12;2025-12-04;7;2761
12;2025-12-04;8;3692
12;2025-12-04;9;2598
12;2025-12-04;10;2141
12;2025-12-04;11;2082
12;2025-12-04;12;2099
12;2025-12-04;13;2109
12;2025-12-04;14;2066
12;2025-12-04;15;2300
12;2025-12-04;16;2762
12;2025-12-04;17;3120
12;2025-12-04;18;3258
12;2025-12-04;19;2457
12;2025-12-04;20;1557
12;2025-12-04;21;969
12;2025-12-04;22;495
12;2025-12-04;23;265
12;2025-12-05;0;58
12;2025-12-05;1;2
12;2025-12-05;2;0
12;2025-12-05;3;0
12;2025-12-05;4;5
12;2025-12-05;5;336
12;2025-12-05;6;1438
12;2025-12-05;7;2766
12;2025-12-05;8;3479
12;2025-12-05;9;2569
12;2025-12-05;10;1984
12;2025-12-05;11;2019
12;2025-12-05;12;2081
12;2025-12-05;13;2245
12;2025-12-05;14;2107
12;2025-12-05;15;2437
12;2025-12-05;16;2944
12;2025-12-05;17;2999
12;2025-12-05;18;2701
12;2025-12-05;19;2289
12;2025-12-05;20;1473
12;2025-12-05;21;967
12;2025-12-05;22;506
12;2025-12-05;23;317
12;2025-12-06;0;82
12;2025-12-06;1;3
12;2025-12-06;2;0
12;2025-12-06;3;0
12;2025-12-06;4;2
12;2025-12-06;5;231
12;2025-12-06;6;786
12;2025-12-06;7;930
12;2025-12-06;8;1056
12;2025-12-06;9;1292
12;2025-12-06;10;1481
12;2025-12-06;11;1572
12;2025-12-06;12;1642
12;2025-12-06;13;1808
12;2025-12-06;14;1702
12;2025-12-06;15;1697
12;2025-12-06;16;1780
12;2025-12-06;17;1736
12;2025-12-06;18;1620
12;2025-12-06;19;1437
12;2025-12-06;20;967
12;2025-12-06;21;777
12;2025-12-06;22;440
12;2025-12-06;23;299
12;2025-12-07;0;87
12;2025-12-07;1;5
12;2025-12-07;2;0
12;2025-12-07;3;0
12;2025-12-07;4;3
12;2025-12-07;5;148
12;2025-12-07;6;516
12;2025-12-07;7;656
12;2025-12-07;8;727
12;2025-12-07;9;943
12;2025-12-07;10;1155
12;2025-12-07;11;1346
12;2025-12-07;12;1457
12;2025-12-07;13;1621
12;2025-12-07;14;1523
12;2025-12-07;15;1549
12;2025-12-07;16;1549
12;2025-12-07;17;1547
12;2025-12-07;18;1340
12;2025-12-07;19;1052
12;2025-12-07;20;816
12;2025-12-07;21;600
12;2025-12-07;22;388
12;2025-12-07;23;210
12;2025-12-08;0;57
12;2025-12-08;1;3
12;2025-12-08;2;0
12;2025-12-08;3;0
12;2025-12-08;4;5
12;2025-12-08;5;327
12;2025-12-08;6;1451
12;2025-12-08;7;2749
12;2025-12-08;8;3635
12;2025-12-08;9;2576
12;2025-12-08;10;1965
12;2025-12-08;11;1928
12;2025-12-08;12;2045
12;2025-12-08;13;2002
12;2025-12-08;14;2015
12;2025-12-08;15;2278
12;2025-12-08;16;2777
12;2025-12-08;17;3077
12;2025-12-08;18;3266
12;2025-12-08;19;2462
12;2025-12-08;20;1625
12;2025-12-08;21;965
12;2025-12-08;22;460
12;2025-12-08;23;234
12;2025-12-09;0;53
12;2025-12-09;1;1
12;2025-12-09;2;0
12;2025-12-09;3;0
12;2025-12-09;4;6
12;2025-12-09;5;336
12;2025-12-09;6;1438
12;2025-12-09;7;2763
12;2025-12-09;8;3699
12;2025-12-09;9;2598
12;2025-12-09;10;2141
12;2025-12-09;11;2081
12;2025-12-09;12;2096
12;2025-12-09;13;2104
12;2025-12-09;14;2062
12;2025-12-09;15;2294
12;2025-12-09;16;2756
12;2025-12-09;17;3121
12;2025-12-09;18;3260
12;2025-12-09;19;2459
12;2025-12-09;20;1554
12;2025-12-09;21;967
12;2025-12-09;22;490
12;2025-12-09;23;250
12;2025-12-10;0;54
12;2025-12-10;1;2
12;2025-12-10;2;0
12;2025-12-10;3;0
12;2025-12-10;4;6
12;2025-12-10;5;351
12;2025-12-10;6;1463
12;2025-12-10;7;2780
12;2025-12-10;8;3682
12;2025-12-10;9;2613
12;2025-12-10;10;2141
12;2025-12-10;11;2077
12;2025-12-10;12;2095
12;2025-12-10;13;2104
12;2025-12-10;14;2062
12;2025-12-10;15;2295
12;2025-12-10;16;2757
12;2025-12-10;17;3120
12;2025-12-10;18;3257
12;2025-12-10;19;2457
12;2025-12-10;20;1557
12;2025-12-10;21;970
12;2025-12-10;22;495
12;2025-12-10;23;261
12;2025-12-11;0;55
12;2025-12-11;1;1
12;2025-12-11;2;0
12;2025-12-11;3;0
12;2025-12-11;4;6
12;2025-12-11;5;336
12;2025-12-11;6;1438
12;2025-12-11;7;2761
12;2025-12-11;8;3641
12;2025-12-11;9;2590
12;2025-12-11;10;2133
12;2025-12-11;11;2077
12;2025-12-11;12;2095
12;2025-12-11;13;2100
12;2025-12-11;14;2066
12;2025-12-11;15;2287
12;2025-12-11;16;2758
12;2025-12-11;17;3097
12;2025-12-11;18;3216
12;2025-12-11;19;2452
12;2025-12-11;20;1557
12;2025-12-11;21;969
12;2025-12-11;22;498
12;2025-12-11;23;266
12;2025-12-12;0;58
12;2025-12-12;1;2
12;2025-12-12;2;0
12;2025-12-12;3;0
12;2025-12-12;4;5
12;2025-12-12;5;339
12;2025-12-12;6;1446
12;2025-12-12;7;2767
12;2025-12-12;8;3488
12;2025-12-12;9;2572
12;2025-12-12;10;1977
12;2025-12-12;11;2021
12;2025-12-12;12;2055
12;2025-12-12;13;2189
12;2025-12-12;14;2055
12;2025-12-12;15;2344
12;2025-12-12;16;2860
12;2025-12-12;17;2990
12;2025-12-12;18;2704
12;2025-12-12;19;2283
12;2025-12-12;20;1481
12;2025-12-12;21;974
12;2025-12-12;22;506
12;2025-12-12;23;318
12;2025-12-13;0;82
12;2025-12-13;1;3
12;2025-12-13;2;0
12;2025-12-13;3;0
12;2025-12-13;4;2
12;2025-12-13;5;213
12;2025-12-13;6;763
12;2025-12-13;7;888
12;2025-12-13;8;1030
12;2025-12-13;9;1254
12;2025-12-13;10;1441
12;2025-12-13;11;1535
12;2025-12-13;12;1591
12;2025-12-13;13;1762
12;2025-12-13;14;1659
12;2025-12-13;15;1659
12;2025-12-13;16;1746
12;2025-12-13;17;1704
12;2025-12-13;18;1597
12;2025-12-13;19;1412
12;2025-12-13;20;917
12;2025-12-13;21;726
12;2025-12-13;22;425
12;2025-12-13;23;279
12;2025-12-14;0;87
12;2025-12-14;1;6
12;2025-12-14;2;0
12;2025-12-14;3;0
12;2025-12-14;4;3
12;2025-12-14;5;126
12;2025-12-14;6;486
12;2025-12-14;7;625
12;2025-12-14;8;679
12;2025-12-14;9;907
12;2025-12-14;10;1117
12;2025-12-14;11;1315
12;2025-12-14;12;1420
12;2025-12-14;13;1593
12;2025-12-14;14;1495
12;2025-12-14;15;1533
12;2025-12-14;16;1535
12;2025-12-14;17;1531
12;2025-12-14;18;1337
12;2025-12-14;19;1047
12;2025-12-14;20;810
12;2025-12-14;21;594
12;2025-12-14;22;386
12;2025-12-14;23;211
12;2025-12-15;0;57
12;2025-12-15;1;3
12;2025-12-15;2;0
12;2025-12-15;3;0
12;2025-12-15;4;5
12;2025-12-15;5;294
12;2025-12-15;6;1404
12;2025-12-15;7;2708
12;2025-12-15;8;3590
12;2025-12-15;9;2525
12;2025-12-15;10;1922
12;2025-12-15;11;1862
12;2025-12-15;12;2009
12;2025-12-15;13;1978
12;2025-12-15;14;1991
12;2025-12-15;15;2261
12;2025-12-15;16;2757
12;2025-12-15;17;3058
12;2025-12-15;18;3248
12;2025-12-15;19;2450
12;2025-12-15;20;1611
12;2025-12-15;21;948
12;2025-12-15;22;446
12;2025-12-15;23;226
12;2025-12-16;0;54
12;2025-12-16;1;2
12;2025-12-16;2;0
12;2025-12-16;3;0
12;2025-12-16;4;6
12;2025-12-16;5;330
12;2025-12-16;6;1434
12;2025-12-16;7;2761
12;2025-12-16;8;3696
12;2025-12-16;9;2593
12;2025-12-16;10;2136
12;2025-12-16;11;2077
12;2025-12-16;12;2083
12;2025-12-16;13;2061
12;2025-12-16;14;2053
12;2025-12-16;15;2296
12;2025-12-16;16;2758
12;2025-12-16;17;3121
12;2025-12-16;18;3261
12;2025-12-16;19;2458
12;2025-12-16;20;1552
12;2025-12-16;21;964
12;2025-12-16;22;487
12;2025-12-16;23;250
12;2025-12-17;0;54
12;2025-12-17;1;1
12;2025-12-17;2;0
12;2025-12-17;3;0
12;2025-12-17;4;6
12;2025-12-17;5;337
12;2025-12-17;6;1439
12;2025-12-17;7;2762
12;2025-12-17;8;3693
12;2025-12-17;9;2597
12;2025-12-17;10;2141
12;2025-12-17;11;2081
12;2025-12-17;12;2095
12;2025-12-17;13;2105
12;2025-12-17;14;2062
12;2025-12-17;15;2295
12;2025-12-17;16;2758
12;2025-12-17;17;3120
12;2025-12-17;18;3258
12;2025-12-17;19;2456
12;2025-12-17;20;1557
12;2025-12-17;21;969
12;2025-12-17;22;495
12;2025-12-17;23;261
12;2025-12-18;0;55
12;2025-12-18;1;1
12;2025-12-18;2;0
12;2025-12-18;3;0
12;2025-12-18;4;6
12;2025-12-18;5;335
12;2025-12-18;6;1438
12;2025-12-18;7;2760
12;2025-12-18;8;3682
12;2025-12-18;9;2597
12;2025-12-18;10;2141
12;2025-12-18;11;2081
12;2025-12-18;12;2097
12;2025-12-18;13;2107
12;2025-12-18;14;2065
12;2025-12-18;15;2298
12;2025-12-18;16;2760
12;2025-12-18;17;3119
12;2025-12-18;18;3257
12;2025-12-18;19;2455
12;2025-12-18;20;1555
12;2025-12-18;21;967
12;2025-12-18;22;495
12;2025-12-18;23;264
12;2025-12-19;0;58
12;2025-12-19;1;2
12;2025-12-19;2;0
12;2025-12-19;3;0
12;2025-12-19;4;5
12;2025-12-19;5;336
12;2025-12-19;6;1437
12;2025-12-19;7;2765
12;2025-12-19;8;3469
12;2025-12-19;9;2569
12;2025-12-19;10;1984
12;2025-12-19;11;2019
12;2025-12-19;12;2081
12;2025-12-19;13;2245
12;2025-12-19;14;2106
12;2025-12-19;15;2430
12;2025-12-19;16;2934
12;2025-12-19;17;2981
12;2025-12-19;18;2697
12;2025-12-19;19;2287
12;2025-12-19;20;1476
12;2025-12-19;21;968
12;2025-12-19;22;504
12;2025-12-19;23;316
12;2025-12-20;0;82
12;2025-12-20;1;3
12;2025-12-20;2;0
12;2025-12-20;3;0
12;2025-12-20;4;2
12;2025-12-20;5;230
12;2025-12-20;6;788
12;2025-12-20;7;932
12;2025-12-20;8;1057
12;2025-12-20;9;1293
12;2025-12-20;10;1480
12;2025-12-20;11;1571
12;2025-12-20;12;1643
12;2025-12-20;13;1805
12;2025-12-20;14;1700
12;2025-12-20;15;1688
12;2025-12-20;16;1775
12;2025-12-20;17;1735
12;2025-12-20;18;1612
12;2025-12-20;19;1430
12;2025-12-20;20;966
12;2025-12-20;21;771
12;2025-12-20;22;437
12;2025-12-20;23;297
12;2025-12-21;0;87
12;2025-12-21;1;5
12;2025-12-21;2;0
12;2025-12-21;3;0
12;2025-12-21;4;2
12;2025-12-21;5;147
12;2025-12-21;6;509
12;2025-12-21;7;643
12;2025-12-21;8;727
12;2025-12-21;9;943
12;2025-12-21;10;1155
12;2025-12-21;11;1346
12;2025-12-21;12;1457
12;2025-12-21;13;1621
12;2025-12-21;14;1523
12;2025-12-21;15;1550
12;2025-12-21;16;1549
12;2025-12-21;17;1547
12;2025-12-21;18;1340
12;2025-12-21;19;1052
12;2025-12-21;20;816
12;2025-12-21;21;600
12;2025-12-21;22;376
12;2025-12-21;23;210
12;2025-12-22;0;57
12;2025-12-22;1;2
12;2025-12-22;2;0
12;2025-12-22;3;0
12;2025-12-22;4;5
12;2025-12-22;5;327
12;2025-12-22;6;1451
12;2025-12-22;7;2750
12;2025-12-22;8;3644
12;2025-12-22;9;2590
12;2025-12-22;10;1995
12;2025-12-22;11;1923
12;2025-12-22;12;2041
12;2025-12-22;13;2003
12;2025-12-22;14;2015
12;2025-12-22;15;2269
12;2025-12-22;16;2773
12;2025-12-22;17;3070
12;2025-12-22;18;3247
12;2025-12-22;19;2451
12;2025-12-22;20;1612
12;2025-12-22;21;952
12;2025-12-22;22;450
12;2025-12-22;23;223
12;2025-12-23;0;54
12;2025-12-23;1;2
12;2025-12-23;2;0
12;2025-12-23;3;0
12;2025-12-23;4;6
12;2025-12-23;5;332
12;2025-12-23;6;1429
12;2025-12-23;7;2755
12;2025-12-23;8;3690
12;2025-12-23;9;2588
12;2025-12-23;10;2131
12;2025-12-23;11;2072
12;2025-12-23;12;2085
12;2025-12-23;13;2089
12;2025-12-23;14;2045
12;2025-12-23;15;2277
12;2025-12-23;16;2739
12;2025-12-23;17;3103
12;2025-12-23;18;3239
12;2025-12-23;19;2451
12;2025-12-23;20;1543
12;2025-12-23;21;955
12;2025-12-23;22;478
12;2025-12-23;23;240
12;2025-12-24;0;54
12;2025-12-24;1;2
12;2025-12-24;2;0
12;2025-12-24;3;0
12;2025-12-24;4;6
12;2025-12-24;5;330
12;2025-12-24;6;1432
12;2025-12-24;7;2756
12;2025-12-24;8;3678
12;2025-12-24;9;2592
12;2025-12-24;10;2136
12;2025-12-24;11;2078
12;2025-12-24;12;2060
12;2025-12-24;13;2077
12;2025-12-24;14;2063
12;2025-12-24;15;2274
12;2025-12-24;16;2759
12;2025-12-24;17;3122
12;2025-12-24;18;3237
12;2025-12-24;19;2460
12;2025-12-24;20;1555
12;2025-12-24;21;962
12;2025-12-24;22;489
12;2025-12-24;23;253
12;2025-12-25;0;55
12;2025-12-25;1;1
12;2025-12-25;2;0
12;2025-12-25;3;0
12;2025-12-25;4;6
12;2025-12-25;5;338
12;2025-12-25;6;1447
12;2025-12-25;7;2750
12;2025-12-25;8;3671
12;2025-12-25;9;2586
12;2025-12-25;10;2129
12;2025-12-25;11;2068
12;2025-12-25;12;2086
12;2025-12-25;13;2096
12;2025-12-25;14;2053
12;2025-12-25;15;2282
12;2025-12-25;16;2765
12;2025-12-25;17;3118
12;2025-12-25;18;3223
12;2025-12-25;19;2460
12;2025-12-25;20;1567
12;2025-12-25;21;972
12;2025-12-25;22;498
12;2025-12-25;23;261
12;2025-12-26;0;57
12;2025-12-26;1;1
12;2025-12-26;2;0
12;2025-12-26;3;0
12;2025-12-26;4;5
12;2025-12-26;5;321
12;2025-12-26;6;1451
12;2025-12-26;7;2764
12;2025-12-26;8;3486
12;2025-12-26;9;2543
12;2025-12-26;10;1940
12;2025-12-26;11;1965
12;2025-12-26;12;2017
12;2025-12-26;13;2221
12;2025-12-26;14;2086
12;2025-12-26;15;2412
12;2025-12-26;16;2920
12;2025-12-26;17;2987
12;2025-12-26;18;2710
12;2025-12-26;19;2286
12;2025-12-26;20;1469
12;2025-12-26;21;958
12;2025-12-26;22;496
12;2025-12-26;23;319
12;2025-12-27;0;82
12;2025-12-27;1;3
12;2025-12-27;2;0
12;2025-12-27;3;0
12;2025-12-27;4;2
12;2025-12-27;5;231
12;2025-12-27;6;788
12;2025-12-27;7;932
12;2025-12-27;8;1057
12;2025-12-27;9;1270
12;2025-12-27;10;1483
12;2025-12-27;11;1575
12;2025-12-27;12;1639
12;2025-12-27;13;1799
12;2025-12-27;14;1695
12;2025-12-27;15;1670
12;2025-12-27;16;1757
12;2025-12-27;17;1717
12;2025-12-27;18;1602
12;2025-12-27;19;1419
12;2025-12-27;20;956
12;2025-12-27;21;745
12;2025-12-27;22;416
12;2025-12-27;23;291
12;2025-12-28;0;86
12;2025-12-28;1;5
12;2025-12-28;2;0
12;2025-12-28;3;0
12;2025-12-28;4;2
12;2025-12-28;5;137
12;2025-12-28;6;505
12;2025-12-28;7;636
12;2025-12-28;8;707
12;2025-12-28;9;864
12;2025-12-28;10;1106
12;2025-12-28;11;1178
12;2025-12-28;12;1366
12;2025-12-28;13;1519
12;2025-12-28;14;1422
12;2025-12-28;15;1446
12;2025-12-28;16;1529
12;2025-12-28;17;1525
12;2025-12-28;18;1326
12;2025-12-28;19;1036
12;2025-12-28;20;784
12;2025-12-28;21;573
12;2025-12-28;22;370
12;2025-12-28;23;209
12;2025-12-29;0;52
12;2025-12-29;1;3
12;2025-12-29;2;0
12;2025-12-29;3;0
12;2025-12-29;4;5
12;2025-12-29;5;299
12;2025-12-29;6;1331
12;2025-12-29;7;2532
12;2025-12-29;8;3337
12;2025-12-29;9;2366
12;2025-12-29;10;1795
12;2025-12-29;11;1759
12;2025-12-29;12;1851
12;2025-12-29;13;1819
12;2025-12-29;14;1838
12;2025-12-29;15;2079
12;2025-12-29;16;2546
12;2025-12-29;17;2824
12;2025-12-29;18;2983
12;2025-12-29;19;2279
12;2025-12-29;20;1478
12;2025-12-29;21;870
12;2025-12-29;22;409
12;2025-12-29;23;204
12;2025-12-30;0;50
12;2025-12-30;1;1
12;2025-12-30;2;0
12;2025-12-30;3;0
12;2025-12-30;4;6
12;2025-12-30;5;302
12;2025-12-30;6;1320
12;2025-12-30;7;2553
12;2025-12-30;8;3396
12;2025-12-30;9;2400
12;2025-12-30;10;1963
12;2025-12-30;11;1894
12;2025-12-30;12;1902
12;2025-12-30;13;1901
12;2025-12-30;14;1882
12;2025-12-30;15;2107
12;2025-12-30;16;2536
12;2025-12-30;17;2870
12;2025-12-30;18;2990
12;2025-12-30;19;2275
12;2025-12-30;20;1434
12;2025-12-30;21;881
12;2025-12-30;22;447
12;2025-12-30;23;225
12;2025-12-31;0;72
12;2025-12-31;1;5
12;2025-12-31;2;0
12;2025-12-31;3;0
12;2025-12-31;4;3
12;2025-12-31;5;59
12;2025-12-31;6;384
12;2025-12-31;7;488
12;2025-12-31;8;539
12;2025-12-31;9;672
12;2025-12-31;10;839
12;2025-12-31;11;956
12;2025-12-31;12;1089
12;2025-12-31;13;1170
12;2025-12-31;14;1087
12;2025-12-31;15;1148
12;2025-12-31;16;1227
12;2025-12-31;17;1221
12;2025-12-31;18;1041
12;2025-12-31;19;821
12;2025-12-31;20;680
12;2025-12-31;21;468
12;2025-12-31;22;279
12;2025-12-31;23;130
17;2025-11-01;0;147
17;2025-11-01;1;22
17;2025-11-01;2;0
17;2025-11-01;3;0
17;2025-11-01;4;24
17;2025-11-01;5;302
17;2025-11-01;6;1458
17;2025-11-01;7;3858
17;2025-11-01;8;4990
17;2025-11-01;9;3615
17;2025-11-01;10;2910
17;2025-11-01;11;2947
17;2025-11-01;12;2928
17;2025-11-01;13;3068
17;2025-11-01;14;3152
17;2025-11-01;15;3378
17;2025-11-01;16;3906
17;2025-11-01;17;4436
17;2025-11-01;18;4194
17;2025-11-01;19;3120
17;2025-11-01;20;2262
17;2025-11-01;21;1474
17;2025-11-01;22;749
17;2025-11-01;23;436
17;2025-11-02;0;186
17;2025-11-02;1;25
17;2025-11-02;2;0
17;2025-11-02;3;0
17;2025-11-02;4;3
17;2025-11-02;5;107
17;2025-11-02;6;438
17;2025-11-02;7;855
17;2025-11-02;8;1287
17;2025-11-02;9;1772
17;2025-11-02;10;2065
17;2025-11-02;11;2630
17;2025-11-02;12;2967
17;2025-11-02;13;3064
17;2025-11-02;14;3316
17;2025-11-02;15;3288
17;2025-11-02;16;3203
17;2025-11-02;17;3064
17;2025-11-02;18;2732
17;2025-11-02;19;2200
17;2025-11-02;20;1661
17;2025-11-02;21;1184
17;2025-11-02;22;747
17;2025-11-02;23;331
17;2025-11-03;0;166
17;2025-11-03;1;23
17;2025-11-03;2;0
17;2025-11-03;3;0
17;2025-11-03;4;3
17;2025-11-03;5;127
17;2025-11-03;6;486
17;2025-11-03;7;909
17;2025-11-03;8;1353
17;2025-11-03;9;1718
17;2025-11-03;10;1983
17;2025-11-03;11;2449
17;2025-11-03;12;2700
17;2025-11-03;13;2850
17;2025-11-03;14;2946
17;2025-11-03;15;2937
17;2025-11-03;16;3116
17;2025-11-03;17;3051
17;2025-11-03;18;2800
17;2025-11-03;19;2297
17;2025-11-03;20;1756
17;2025-11-03;21;1263
17;2025-11-03;22;817
17;2025-11-03;23;394
17;2025-11-04;0;169
17;2025-11-04;1;23
17;2025-11-04;2;0
17;2025-11-04;3;0
17;2025-11-04;4;3
17;2025-11-04;5;123
17;2025-11-04;6;483
17;2025-11-04;7;912
17;2025-11-04;8;1310
17;2025-11-04;9;1654
17;2025-11-04;10;1919
17;2025-11-04;11;2421
17;2025-11-04;12;2664
17;2025-11-04;13;2839
17;2025-11-04;14;3188
17;2025-11-04;15;3179
17;2025-11-04;16;3118
17;2025-11-04;17;3046
17;2025-11-04;18;2798
17;2025-11-04;19;2292
17;2025-11-04;20;1747
17;2025-11-04;21;1257
17;2025-11-04;22;808
17;2025-11-04;23;386
17;2025-11-05;0;121
17;2025-11-05;1;11
17;2025-11-05;2;0
17;2025-11-05;3;0
17;2025-11-05;4;26
17;2025-11-05;5;328
17;2025-11-05;6;1567
17;2025-11-05;7;4187
17;2025-11-05;8;5441
17;2025-11-05;9;3915
17;2025-11-05;10;3126
17;2025-11-05;11;3102
17;2025-11-05;12;3111
17;2025-11-05;13;3158
17;2025-11-05;14;3255
17;2025-11-05;15;3390
17;2025-11-05;16;3787
17;2025-11-05;17;4621
17;2025-11-05;18;4919
17;2025-11-05;19;3454
17;2025-11-05;20;2409
17;2025-11-05;21;1505
17;2025-11-05;22;774
17;2025-11-05;23;388
17;2025-11-06;0;125
17;2025-11-06;1;11
17;2025-11-06;2;0
17;2025-11-06;3;0
17;2025-11-06;4;26
17;2025-11-06;5;328
17;2025-11-06;6;1569
17;2025-11-06;7;4189
17;2025-11-06;8;5399
17;2025-11-06;9;3918
17;2025-11-06;10;3136
17;2025-11-06;11;3031
17;2025-11-06;12;3121
17;2025-11-06;13;3176
17;2025-11-06;14;3274
17;2025-11-06;15;3367
17;2025-11-06;16;3774
17;2025-11-06;17;4632
17;2025-11-06;18;4926
17;2025-11-06;19;3451
17;2025-11-06;20;2384
17;2025-11-06;21;1514
17;2025-11-06;22;785
17;2025-11-06;23;401
17;2025-11-07;0;148
17;2025-11-07;1;16
17;2025-11-07;2;0
17;2025-11-07;3;0
17;2025-11-07;4;25
17;2025-11-07;5;323
17;2025-11-07;6;1549
17;2025-11-07;7;4103
17;2025-11-07;8;5256
17;2025-11-07;9;3747
17;2025-11-07;10;3070
17;2025-11-07;11;3117
17;2025-11-07;12;3085
17;2025-11-07;13;3243
17;2025-11-07;14;3334
17;2025-11-07;15;3577
17;2025-11-07;16;4152
17;2025-11-07;17;4714
17;2025-11-07;18;4454
17;2025-11-07;19;3305
17;2025-11-07;20;2397
17;2025-11-07;21;1566
17;2025-11-07;22;798
17;2025-11-07;23;470
17;2025-11-08;0;204
17;2025-11-08;1;26
17;2025-11-08;2;0
17;2025-11-08;3;0
17;2025-11-08;4;5
17;2025-11-08;5;143
17;2025-11-08;6;623
17;2025-11-08;7;1335
17;2025-11-08;8;1811
17;2025-11-08;9;2271
17;2025-11-08;10;2579
17;2025-11-08;11;3031
17;2025-11-08;12;3324
17;2025-11-08;13;3549
17;2025-11-08;14;3571
17;2025-11-08;15;3606
17;2025-11-08;16;3647
17;2025-11-08;17;3439
17;2025-11-08;18;3210
17;2025-11-08;19;2572
17;2025-11-08;20;1966
17;2025-11-08;21;1386
17;2025-11-08;22;876
17;2025-11-08;23;465
17;2025-11-09;0;190
17;2025-11-09;1;25
17;2025-11-09;2;0
17;2025-11-09;3;0
17;2025-11-09;4;3
17;2025-11-09;5;118
17;2025-11-09;6;463
17;2025-11-09;7;894
17;2025-11-09;8;1325
17;2025-11-09;9;1789
17;2025-11-09;10;2069
17;2025-11-09;11;2632
17;2025-11-09;12;2965
17;2025-11-09;13;3173
17;2025-11-09;14;3276
17;2025-11-09;15;3251
17;2025-11-09;16;3185
17;2025-11-09;17;3068
17;2025-11-09;18;2759
17;2025-11-09;19;2211
17;2025-11-09;20;1670
17;2025-11-09;21;1189
17;2025-11-09;22;748
17;2025-11-09;23;332
17;2025-11-10;0;118
17;2025-11-10;1;13
17;2025-11-10;2;0
17;2025-11-10;3;0
17;2025-11-10;4;26
17;2025-11-10;5;320
17;2025-11-10;6;1587
17;2025-11-10;7;4232
17;2025-11-10;8;5499
17;2025-11-10;9;3910
17;2025-11-10;10;3015
17;2025-11-10;11;2953
17;2025-11-10;12;2952
17;2025-11-10;13;3066
17;2025-11-10;14;3080
17;2025-11-10;15;3292
17;2025-11-10;16;3764
17;2025-11-10;17;4451
17;2025-11-10;18;4813
17;2025-11-10;19;3365
17;2025-11-10;20;2304
17;2025-11-10;21;1431
17;2025-11-10;22;700
17;2025-11-10;23;328
17;2025-11-11;0;115
17;2025-11-11;1;11
17;2025-11-11;2;0
17;2025-11-11;3;0
17;2025-11-11;4;26
17;2025-11-11;5;327
17;2025-11-11;6;1566
17;2025-11-11;7;4198
17;2025-11-11;8;5475
17;2025-11-11;9;3917
17;2025-11-11;10;3105
17;2025-11-11;11;3080
17;2025-11-11;12;3094
17;2025-11-11;13;3142
17;2025-11-11;14;3233
17;2025-11-11;15;3377
17;2025-11-11;16;3782
17;2025-11-11;17;4621
17;2025-11-11;18;4938
17;2025-11-11;19;3452
17;2025-11-11;20;2401
17;2025-11-11;21;1498
17;2025-11-11;22;762
17;2025-11-11;23;368
17;2025-11-12;0;118
17;2025-11-12;1;11
17;2025-11-12;2;0
17;2025-11-12;3;0
17;2025-11-12;4;26
17;2025-11-12;5;327
17;2025-11-12;6;1566
17;2025-11-12;7;4194
17;2025-11-12;8;5462
17;2025-11-12;9;3913
17;2025-11-12;10;3095
17;2025-11-12;11;3052
17;2025-11-12;12;3069
17;2025-11-12;13;3125
17;2025-11-12;14;3230
17;2025-11-12;15;3344
17;2025-11-12;16;3786
17;2025-11-12;17;4625
17;2025-11-12;18;4877
17;2025-11-12;19;3451
17;2025-11-12;20;2406
17;2025-11-12;21;1503
17;2025-11-12;22;775
17;2025-11-12;23;386
17;2025-11-13;0;123
17;2025-11-13;1;11
17;2025-11-13;2;0
17;2025-11-13;3;0
17;2025-11-13;4;26
17;2025-11-13;5;327
17;2025-11-13;6;1576
17;2025-11-13;7;4194
17;2025-11-13;8;5449
17;2025-11-13;9;3918
17;2025-11-13;10;3132
17;2025-11-13;11;3103
17;2025-11-13;12;3122
17;2025-11-13;13;3168
17;2025-11-13;14;3260
17;2025-11-13;15;3399
17;2025-11-13;16;3797
17;2025-11-13;17;4622
17;2025-11-13;18;4918
17;2025-11-13;19;3448
17;2025-11-13;20;2410
17;2025-11-13;21;1508
17;2025-11-13;22;778
17;2025-11-13;23;396
17;2025-11-14;0;145
17;2025-11-14;1;16
17;2025-11-14;2;0
17;2025-11-14;3;0
17;2025-11-14;4;25
17;2025-11-14;5;318
17;2025-11-14;6;1542
17;2025-11-14;7;4096
17;2025-11-14;8;5301
17;2025-11-14;9;3827
17;2025-11-14;10;3083
17;2025-11-14;11;3123
17;2025-11-14;12;3099
17;2025-11-14;13;3247
17;2025-11-14;14;3337
17;2025-11-14;15;3580
17;2025-11-14;16;4146
17;2025-11-14;17;4708
17;2025-11-14;18;4444
17;2025-11-14;19;3300
17;2025-11-14;20;2388
17;2025-11-14;21;1546
17;2025-11-14;22;782
17;2025-11-14;23;454
17;2025-11-15;0;197
17;2025-11-15;1;25
17;2025-11-15;2;0
17;2025-11-15;3;0
17;2025-11-15;4;5
17;2025-11-15;5;128
17;2025-11-15;6;585
17;2025-11-15;7;1306
17;2025-11-15;8;1724
17;2025-11-15;9;2067
17;2025-11-15;10;2278
17;2025-11-15;11;2622
17;2025-11-15;12;2945
17;2025-11-15;13;3414
17;2025-11-15;14;3558
17;2025-11-15;15;3585
17;2025-11-15;16;3622
17;2025-11-15;17;3416
17;2025-11-15;18;3184
17;2025-11-15;19;2548
17;2025-11-15;20;1950
17;2025-11-15;21;1370
17;2025-11-15;22;868
17;2025-11-15;23;459
17;2025-11-16;0;183
17;2025-11-16;1;24
17;2025-11-16;2;0
17;2025-11-16;3;0
17;2025-11-16;4;3
17;2025-11-16;5;76
17;2025-11-16;6;429
17;2025-11-16;7;846
17;2025-11-16;8;1251
17;2025-11-16;9;1753
17;2025-11-16;10;2039
17;2025-11-16;11;2620
17;2025-11-16;12;2970
17;2025-11-16;13;3184
17;2025-11-16;14;3287
17;2025-11-16;15;3249
17;2025-11-16;16;3190
17;2025-11-16;17;3080
17;2025-11-16;18;2737
17;2025-11-16;19;2196
17;2025-11-16;20;1657
17;2025-11-16;21;1181
17;2025-11-16;22;750
17;2025-11-16;23;341
17;2025-11-17;0;119
17;2025-11-17;1;13
17;2025-11-17;2;0
17;2025-11-17;3;0
17;2025-11-17;4;26
17;2025-11-17;5;324
17;2025-11-17;6;1589
17;2025-11-17;7;4230
17;2025-11-17;8;5478
17;2025-11-17;9;3911
17;2025-11-17;10;2999
17;2025-11-17;11;2938
17;2025-11-17;12;2903
17;2025-11-17;13;2988
17;2025-11-17;14;3032
17;2025-11-17;15;3209
17;2025-11-17;16;3724
17;2025-11-17;17;4390
17;2025-11-17;18;4814
17;2025-11-17;19;3364
17;2025-11-17;20;2303
17;2025-11-17;21;1419
17;2025-11-17;22;700
17;2025-11-17;23;328
17;2025-11-18;0;115
17;2025-11-18;1;10
17;2025-11-18;2;0
17;2025-11-18;3;0
17;2025-11-18;4;26
17;2025-11-18;5;303
17;2025-11-18;6;1573
17;2025-11-18;7;4203
17;2025-11-18;8;5387
17;2025-11-18;9;3817
17;2025-11-18;10;2994
17;2025-11-18;11;3013
17;2025-11-18;12;3028
17;2025-11-18;13;3070
17;2025-11-18;14;3155
17;2025-11-18;15;3299
17;2025-11-18;16;3780
17;2025-11-18;17;4621
17;2025-11-18;18;4882
17;2025-11-18;19;3421
17;2025-11-18;20;2396
17;2025-11-18;21;1497
17;2025-11-18;22;762
17;2025-11-18;23;366
17;2025-11-19;0;119
17;2025-11-19;1;11
17;2025-11-19;2;0
17;2025-11-19;3;0
17;2025-11-19;4;26
17;2025-11-19;5;328
17;2025-11-19;6;1567
17;2025-11-19;7;4195
17;2025-11-19;8;5442
17;2025-11-19;9;3917
17;2025-11-19;10;3120
17;2025-11-19;11;3092
17;2025-11-19;12;3104
17;2025-11-19;13;3154
17;2025-11-19;14;3243
17;2025-11-19;15;3383
17;2025-11-19;16;3784
17;2025-11-19;17;4623
17;2025-11-19;18;4930
17;2025-11-19;19;3453
17;2025-11-19;20;2408
17;2025-11-19;21;1505
17;2025-11-19;22;777
17;2025-11-19;23;384
17;2025-11-20;0;124
17;2025-11-20;1;12
17;2025-11-20;2;0
17;2025-11-20;3;0
17;2025-11-20;4;26
17;2025-11-20;5;327
17;2025-11-20;6;1565
17;2025-11-20;7;4191
17;2025-11-20;8;5430
17;2025-11-20;9;3918
17;2025-11-20;10;3125
17;2025-11-20;11;3098
17;2025-11-20;12;3114
17;2025-11-20;13;3168
17;2025-11-20;14;3259
17;2025-11-20;15;3398
17;2025-11-20;16;3796
17;2025-11-20;17;4626
17;2025-11-20;18;4926
17;2025-11-20;19;3444
17;2025-11-20;20;2406
17;2025-11-20;21;1504
17;2025-11-20;22;776
17;2025-11-20;23;389
17;2025-11-21;0;144
17;2025-11-21;1;16
17;2025-11-21;2;0
17;2025-11-21;3;0
17;2025-11-21;4;25
17;2025-11-21;5;325
17;2025-11-21;6;1545
17;2025-11-21;7;4060
17;2025-11-21;8;5278
17;2025-11-21;9;3821
17;2025-11-21;10;3071
17;2025-11-21;11;3113
17;2025-11-21;12;3059
17;2025-11-21;13;3241
17;2025-11-21;14;3321
17;2025-11-21;15;3560
17;2025-11-21;16;4140
17;2025-11-21;17;4707
17;2025-11-21;18;4443
17;2025-11-21;19;3303
17;2025-11-21;20;2395
17;2025-11-21;21;1563
17;2025-11-21;22;792
17;2025-11-21;23;460
17;2025-11-22;0;199
17;2025-11-22;1;26
17;2025-11-22;2;0
17;2025-11-22;3;0
17;2025-11-22;4;5
17;2025-11-22;5;129
17;2025-11-22;6;599
17;2025-11-22;7;1338
17;2025-11-22;8;1805
17;2025-11-22;9;2165
17;2025-11-22;10;2575
17;2025-11-22;11;3016
17;2025-11-22;12;3313
17;2025-11-22;13;3539
17;2025-11-22;14;3558
17;2025-11-22;15;3591
17;2025-11-22;16;3627
17;2025-11-22;17;3421
17;2025-11-22;18;3191
17;2025-11-22;19;2551
17;2025-11-22;20;1958
17;2025-11-22;21;1332
17;2025-11-22;22;838
17;2025-11-22;23;446
17;2025-11-23;0;182
17;2025-11-23;1;24
17;2025-11-23;2;0
17;2025-11-23;3;0
17;2025-11-23;4;3
17;2025-11-23;5;93
17;2025-11-23;6;427
17;2025-11-23;7;844
17;2025-11-23;8;1280
17;2025-11-23;9;1761
17;2025-11-23;10;2055
17;2025-11-23;11;2630
17;2025-11-23;12;2976
17;2025-11-23;13;3198
17;2025-11-23;14;3299
17;2025-11-23;15;3267
17;2025-11-23;16;3190
17;2025-11-23;17;3065
17;2025-11-23;18;2735
17;2025-11-23;19;2194
17;2025-11-23;20;1661
17;2025-11-23;21;1178
17;2025-11-23;22;746
17;2025-11-23;23;333
17;2025-11-24;0;119
17;2025-11-24;1;12
17;2025-11-24;2;0
17;2025-11-24;3;0
17;2025-11-24;4;26
17;2025-11-24;5;304
17;2025-11-24;6;1591
17;2025-11-24;7;4213
17;2025-11-24;8;5471
17;2025-11-24;9;3837
17;2025-11-24;10;2952
17;2025-11-24;11;2889
17;2025-11-24;12;2902
17;2025-11-24;13;3054
17;2025-11-24;14;3045
17;2025-11-24;15;3210
17;2025-11-24;16;3762
17;2025-11-24;17;4451
17;2025-11-24;18;4814
17;2025-11-24;19;3367
17;2025-11-24;20;2307
17;2025-11-24;21;1431
17;2025-11-24;22;700
17;2025-11-24;23;326
17;2025-11-25;0;115
17;2025-11-25;1;11
17;2025-11-25;2;0
17;2025-11-25;3;0
17;2025-11-25;4;26
17;2025-11-25;5;328
17;2025-11-25;6;1568
17;2025-11-25;7;4201
17;2025-11-25;8;5458
17;2025-11-25;9;3921
17;2025-11-25;10;3105
17;2025-11-25;11;3075
17;2025-11-25;12;3085
17;2025-11-25;13;3137
17;2025-11-25;14;3225
17;2025-11-25;15;3370
17;2025-11-25;16;3778
17;2025-11-25;17;4621
17;2025-11-25;18;4937
17;2025-11-25;19;3454
17;2025-11-25;20;2402
17;2025-11-25;21;1497
17;2025-11-25;22;763
17;2025-11-25;23;368
17;2025-11-26;0;118
17;2025-11-26;1;11
17;2025-11-26;2;0
17;2025-11-26;3;0
17;2025-11-26;4;26
17;2025-11-26;5;335
17;2025-11-26;6;1581
17;2025-11-26;7;4134
17;2025-11-26;8;5393
17;2025-11-26;9;3844
17;2025-11-26;10;3065
17;2025-11-26;11;3030
17;2025-11-26;12;3055
17;2025-11-26;13;3141
17;2025-11-26;14;3223
17;2025-11-26;15;3338
17;2025-11-26;16;3700
17;2025-11-26;17;4381
17;2025-11-26;18;4876
17;2025-11-26;19;3410
17;2025-11-26;20;2395
17;2025-11-26;21;1488
17;2025-11-26;22;762
17;2025-11-26;23;381
17;2025-11-27;0;123
17;2025-11-27;1;11
17;2025-11-27;2;0
17;2025-11-27;3;0
17;2025-11-27;4;26
17;2025-11-27;5;327
17;2025-11-27;6;1567
17;2025-11-27;7;4194
17;2025-11-27;8;5454
17;2025-11-27;9;3918
17;2025-11-27;10;3132
17;2025-11-27;11;3041
17;2025-11-27;12;3058
17;2025-11-27;13;3131
17;2025-11-27;14;3195
17;2025-11-27;15;3403
17;2025-11-27;16;3801
17;2025-11-27;17;4382
17;2025-11-27;18;4682
17;2025-11-27;19;3399
17;2025-11-27;20;2391
17;2025-11-27;21;1486
17;2025-11-27;22;752
17;2025-11-27;23;371
17;2025-11-28;0;142
17;2025-11-28;1;15
17;2025-11-28;2;0
17;2025-11-28;3;0
17;2025-11-28;4;25
17;2025-11-28;5;318
17;2025-11-28;6;1543
17;2025-11-28;7;4096
17;2025-11-28;8;5301
17;2025-11-28;9;3822
17;2025-11-28;10;3068
17;2025-11-28;11;3109
17;2025-11-28;12;3080
17;2025-11-28;13;3244
17;2025-11-28;14;3328
17;2025-11-28;15;3567
17;2025-11-28;16;4142
17;2025-11-28;17;4702
17;2025-11-28;18;4442
17;2025-11-28;19;3300
17;2025-11-28;20;2394
17;2025-11-28;21;1561
17;2025-11-28;22;791
17;2025-11-28;23;459
17;2025-11-29;0;199
17;2025-11-29;1;26
17;2025-11-29;2;0
17;2025-11-29;3;0
17;2025-11-29;4;5
17;2025-11-29;5;134
17;2025-11-29;6;606
17;2025-11-29;7;1307
17;2025-11-29;8;1777
17;2025-11-29;9;2259
17;2025-11-29;10;2575
17;2025-11-29;11;3016
17;2025-11-29;12;3310
17;2025-11-29;13;3534
17;2025-11-29;14;3555
17;2025-11-29;15;3585
17;2025-11-29;16;3622
17;2025-11-29;17;3416
17;2025-11-29;18;3184
17;2025-11-29;19;2552
17;2025-11-29;20;1957
17;2025-11-29;21;1374
17;2025-11-29;22;869
17;2025-11-29;23;454
17;2025-11-30;0;184
17;2025-11-30;1;25
17;2025-11-30;2;0
17;2025-11-30;3;0
17;2025-11-30;4;3
17;2025-11-30;5;100
17;2025-11-30;6;428
17;2025-11-30;7;846
17;2025-11-30;8;1280
17;2025-11-30;9;1762
17;2025-11-30;10;2055
17;2025-11-30;11;2631
17;2025-11-30;12;2976
17;2025-11-30;13;3198
17;2025-11-30;14;3305
17;2025-11-30;15;3277
17;2025-11-30;16;3198
17;2025-11-30;17;3080
17;2025-11-30;18;2759
17;2025-11-30;19;2209
17;2025-11-30;20;1667
17;2025-11-30;21;1188
17;2025-11-30;22;750
17;2025-11-30;23;335
17;2025-12-01;0;118
17;2025-12-01;1;13
17;2025-12-01;2;0
17;2025-12-01;3;0
17;2025-12-01;4;26
17;2025-12-01;5;322
17;2025-12-01;6;1594
17;2025-12-01;7;4240
17;2025-12-01;8;5489
17;2025-12-01;9;3914
17;2025-12-01;10;3022
17;2025-12-01;11;2956
17;2025-12-01;12;2954
17;2025-12-01;13;3063
17;2025-12-01;14;3072
17;2025-12-01;15;3287
17;2025-12-01;16;3759
17;2025-12-01;17;4449
17;2025-12-01;18;4810
17;2025-12-01;19;3364
17;2025-12-01;20;2305
17;2025-12-01;21;1431
17;2025-12-01;22;701
17;2025-12-01;23;328
17;2025-12-02;0;115
17;2025-12-02;1;11
17;2025-12-02;2;0
17;2025-12-02;3;0
17;2025-12-02;4;26
17;2025-12-02;5;328
17;2025-12-02;6;1566
17;2025-12-02;7;4196
17;2025-12-02;8;5454
17;2025-12-02;9;3914
17;2025-12-02;10;3102
17;2025-12-02;11;3070
17;2025-12-02;12;3082
17;2025-12-02;13;3134
17;2025-12-02;14;3223
17;2025-12-02;15;3366
17;2025-12-02;16;3774
17;2025-12-02;17;4615
17;2025-12-02;18;4931
17;2025-12-02;19;3449
17;2025-12-02;20;2399
17;2025-12-02;21;1497
17;2025-12-02;22;762
17;2025-12-02;23;367
17;2025-12-03;0;118
17;2025-12-03;1;11
17;2025-12-03;2;0
17;2025-12-03;3;0
17;2025-12-03;4;26
17;2025-12-03;5;328
17;2025-12-03;6;1565
17;2025-12-03;7;4190
17;2025-12-03;8;5436
17;2025-12-03;9;3910
17;2025-12-03;10;3116
17;2025-12-03;11;3088
17;2025-12-03;12;3100
17;2025-12-03;13;3151
17;2025-12-03;14;3240
17;2025-12-03;15;3379
17;2025-12-03;16;3779
17;2025-12-03;17;4620
17;2025-12-03;18;4926
17;2025-12-03;19;3449
17;2025-12-03;20;2405
17;2025-12-03;21;1503
17;2025-12-03;22;775
17;2025-12-03;23;385
17;2025-12-04;0;123
17;2025-12-04;1;11
17;2025-12-04;2;0
17;2025-12-04;3;0
17;2025-12-04;4;26
17;2025-12-04;5;326
17;2025-12-04;6;1563
17;2025-12-04;7;4186
17;2025-12-04;8;5435
17;2025-12-04;9;3911
17;2025-12-04;10;3121
17;2025-12-04;11;3094
17;2025-12-04;12;3111
17;2025-12-04;13;3165
17;2025-12-04;14;3252
17;2025-12-04;15;3395
17;2025-12-04;16;3792
17;2025-12-04;17;4618
17;2025-12-04;18;4926
17;2025-12-04;19;3446
17;2025-12-04;20;2406
17;2025-12-04;21;1506
17;2025-12-04;22;778
17;2025-12-04;23;393
17;2025-12-05;0;144
17;2025-12-05;1;16
17;2025-12-05;2;0
17;2025-12-05;3;0
17;2025-12-05;4;25
17;2025-12-05;5;316
17;2025-12-05;6;1538
17;2025-12-05;7;4084
17;2025-12-05;8;5282
17;2025-12-05;9;3817
17;2025-12-05;10;3067
17;2025-12-05;11;3109
17;2025-12-05;12;3081
17;2025-12-05;13;3238
17;2025-12-05;14;3315
17;2025-12-05;15;3557
17;2025-12-05;16;4137
17;2025-12-05;17;4700
17;2025-12-05;18;4437
17;2025-12-05;19;3296
17;2025-12-05;20;2391
17;2025-12-05;21;1559
17;2025-12-05;22;790
17;2025-12-05;23;459
17;2025-12-06;0;199
17;2025-12-06;1;26
17;2025-12-06;2;0
17;2025-12-06;3;0
17;2025-12-06;4;5
17;2025-12-06;5;136
17;2025-12-06;6;608
17;2025-12-06;7;1311
17;2025-12-06;8;1783
17;2025-12-06;9;2265
17;2025-12-06;10;2582
17;2025-12-06;11;3021
17;2025-12-06;12;3318
17;2025-12-06;13;3544
17;2025-12-06;14;3563
17;2025-12-06;15;3598
17;2025-12-06;16;3634
17;2025-12-06;17;3427
17;2025-12-06;18;3199
17;2025-12-06;19;2552
17;2025-12-06;20;1955
17;2025-12-06;21;1378
17;2025-12-06;22;867
17;2025-12-06;23;456
17;2025-12-07;0;185
17;2025-12-07;1;24
17;2025-12-07;2;0
17;2025-12-07;3;0
17;2025-12-07;4;3
17;2025-12-07;5;102
17;2025-12-07;6;429
17;2025-12-07;7;848
17;2025-12-07;8;1283
17;2025-12-07;9;1766
17;2025-12-07;10;2060
17;2025-12-07;11;2637
17;2025-12-07;12;2984
17;2025-12-07;13;3206
17;2025-12-07;14;3307
17;2025-12-07;15;3279
17;2025-12-07;16;3198
17;2025-12-07;17;3080
17;2025-12-07;18;2753
17;2025-12-07;19;2212
17;2025-12-07;20;1669
17;2025-12-07;21;1186
17;2025-12-07;22;752
17;2025-12-07;23;337
17;2025-12-08;0;118
17;2025-12-08;1;13
17;2025-12-08;2;0
17;2025-12-08;3;0
17;2025-12-08;4;26
17;2025-12-08;5;322
17;2025-12-08;6;1594
17;2025-12-08;7;4240
17;2025-12-08;8;5489
17;2025-12-08;9;3921
17;2025-12-08;10;3020
17;2025-12-08;11;2954
17;2025-12-08;12;2954
17;2025-12-08;13;3062
17;2025-12-08;14;3075
17;2025-12-08;15;3287
17;2025-12-08;16;3759
17;2025-12-08;17;4449
17;2025-12-08;18;4810
17;2025-12-08;19;3364
17;2025-12-08;20;2304
17;2025-12-08;21;1431
17;2025-12-08;22;701
17;2025-12-08;23;328
17;2025-12-09;0;115
17;2025-12-09;1;11
17;2025-12-09;2;0
17;2025-12-09;3;0
17;2025-12-09;4;26
17;2025-12-09;5;328
17;2025-12-09;6;1566
17;2025-12-09;7;4196
17;2025-12-09;8;5453
17;2025-12-09;9;3918
17;2025-12-09;10;3101
17;2025-12-09;11;3070
17;2025-12-09;12;3081
17;2025-12-09;13;3133
17;2025-12-09;14;3221
17;2025-12-09;15;3362
17;2025-12-09;16;3769
17;2025-12-09;17;4613
17;2025-12-09;18;4929
17;2025-12-09;19;3450
17;2025-12-09;20;2400
17;2025-12-09;21;1497
17;2025-12-09;22;755
17;2025-12-09;23;365
17;2025-12-10;0;118
17;2025-12-10;1;11
17;2025-12-10;2;0
17;2025-12-10;3;0
17;2025-12-10;4;26
17;2025-12-10;5;339
17;2025-12-10;6;1586
17;2025-12-10;7;4147
17;2025-12-10;8;5411
17;2025-12-10;9;3892
17;2025-12-10;10;3095
17;2025-12-10;11;3068
17;2025-12-10;12;3101
17;2025-12-10;13;3150
17;2025-12-10;14;3238
17;2025-12-10;15;3377
17;2025-12-10;16;3777
17;2025-12-10;17;4618
17;2025-12-10;18;4924
17;2025-12-10;19;3449
17;2025-12-10;20;2406
17;2025-12-10;21;1503
17;2025-12-10;22;776
17;2025-12-10;23;386
17;2025-12-11;0;123
17;2025-12-11;1;11
17;2025-12-11;2;0
17;2025-12-11;3;0
17;2025-12-11;4;26
17;2025-12-11;5;327
17;2025-12-11;6;1564
17;2025-12-11;7;4187
17;2025-12-11;8;5364
17;2025-12-11;9;3823
17;2025-12-11;10;3067
17;2025-12-11;11;3055
17;2025-12-11;12;3071
17;2025-12-11;13;3152
17;2025-12-11;14;3255
17;2025-12-11;15;3351
17;2025-12-11;16;3743
17;2025-12-11;17;4374
17;2025-12-11;18;4679
17;2025-12-11;19;3398
17;2025-12-11;20;2390
17;2025-12-11;21;1486
17;2025-12-11;22;772
17;2025-12-11;23;393
17;2025-12-12;0;144
17;2025-12-12;1;16
17;2025-12-12;2;0
17;2025-12-12;3;0
17;2025-12-12;4;25
17;2025-12-12;5;318
17;2025-12-12;6;1554
17;2025-12-12;7;4088
17;2025-12-12;8;5274
17;2025-12-12;9;3822
17;2025-12-12;10;3044
17;2025-12-12;11;3110
17;2025-12-12;12;3010
17;2025-12-12;13;3144
17;2025-12-12;14;3220
17;2025-12-12;15;3382
17;2025-12-12;16;3973
17;2025-12-12;17;4537
17;2025-12-12;18;4436
17;2025-12-12;19;3298
17;2025-12-12;20;2394
17;2025-12-12;21;1566
17;2025-12-12;22;793
17;2025-12-12;23;457
17;2025-12-13;0;199
17;2025-12-13;1;25
17;2025-12-13;2;0
17;2025-12-13;3;0
17;2025-12-13;4;5
17;2025-12-13;5;125
17;2025-12-13;6;595
17;2025-12-13;7;1328
17;2025-12-13;8;1772
17;2025-12-13;9;2246
17;2025-12-13;10;2553
17;2025-12-13;11;2993
17;2025-12-13;12;3292
17;2025-12-13;13;3522
17;2025-12-13;14;3545
17;2025-12-13;15;3592
17;2025-12-13;16;3630
17;2025-12-13;17;3424
17;2025-12-13;18;3191
17;2025-12-13;19;2547
17;2025-12-13;20;1938
17;2025-12-13;21;1341
17;2025-12-13;22;872
17;2025-12-13;23;448
17;2025-12-14;0;184
17;2025-12-14;1;24
17;2025-12-14;2;0
17;2025-12-14;3;0
17;2025-12-14;4;3
17;2025-12-14;5;77
17;2025-12-14;6;402
17;2025-12-14;7;819
17;2025-12-14;8;1241
17;2025-12-14;9;1749
17;2025-12-14;10;2032
17;2025-12-14;11;2615
17;2025-12-14;12;2983
17;2025-12-14;13;3211
17;2025-12-14;14;3312
17;2025-12-14;15;3288
17;2025-12-14;16;3220
17;2025-12-14;17;3103
17;2025-12-14;18;2762
17;2025-12-14;19;2223
17;2025-12-14;20;1680
17;2025-12-14;21;1201
17;2025-12-14;22;765
17;2025-12-14;23;348
17;2025-12-15;0;119
17;2025-12-15;1;13
17;2025-12-15;2;0
17;2025-12-15;3;0
17;2025-12-15;4;26
17;2025-12-15;5;314
17;2025-12-15;6;1582
17;2025-12-15;7;4224
17;2025-12-15;8;5469
17;2025-12-15;9;3900
17;2025-12-15;10;3013
17;2025-12-15;11;2905
17;2025-12-15;12;2943
17;2025-12-15;13;3050
17;2025-12-15;14;3063
17;2025-12-15;15;3293
17;2025-12-15;16;3745
17;2025-12-15;17;4435
17;2025-12-15;18;4802
17;2025-12-15;19;3369
17;2025-12-15;20;2316
17;2025-12-15;21;1441
17;2025-12-15;22;710
17;2025-12-15;23;339
17;2025-12-16;0;116
17;2025-12-16;1;11
17;2025-12-16;2;0
17;2025-12-16;3;0
17;2025-12-16;4;26
17;2025-12-16;5;337
17;2025-12-16;6;1563
17;2025-12-16;7;4193
17;2025-12-16;8;5446
17;2025-12-16;9;3912
17;2025-12-16;10;3069
17;2025-12-16;11;3022
17;2025-12-16;12;3013
17;2025-12-16;13;3047
17;2025-12-16;14;3202
17;2025-12-16;15;3366
17;2025-12-16;16;3774
17;2025-12-16;17;4616
17;2025-12-16;18;4932
17;2025-12-16;19;3448
17;2025-12-16;20;2398
17;2025-12-16;21;1495
17;2025-12-16;22;761
17;2025-12-16;23;365
17;2025-12-17;0;118
17;2025-12-17;1;11
17;2025-12-17;2;0
17;2025-12-17;3;0
17;2025-12-17;4;26
17;2025-12-17;5;328
17;2025-12-17;6;1565
17;2025-12-17;7;4191
17;2025-12-17;8;5446
17;2025-12-17;9;3912
17;2025-12-17;10;3116
17;2025-12-17;11;3088
17;2025-12-17;12;3100
17;2025-12-17;13;3151
17;2025-12-17;14;3240
17;2025-12-17;15;3379
17;2025-12-17;16;3779
17;2025-12-17;17;4620
17;2025-12-17;18;4926
17;2025-12-17;19;3448
17;2025-12-17;20;2405
17;2025-12-17;21;1503
17;2025-12-17;22;775
17;2025-12-17;23;386
17;2025-12-18;0;123
17;2025-12-18;1;11
17;2025-12-18;2;0
17;2025-12-18;3;0
17;2025-12-18;4;26
17;2025-12-18;5;326
17;2025-12-18;6;1563
17;2025-12-18;7;4186
17;2025-12-18;8;5425
17;2025-12-18;9;3912
17;2025-12-18;10;3122
17;2025-12-18;11;3094
17;2025-12-18;12;3110
17;2025-12-18;13;3163
17;2025-12-18;14;3253
17;2025-12-18;15;3392
17;2025-12-18;16;3792
17;2025-12-18;17;4623
17;2025-12-18;18;4927
17;2025-12-18;19;3445
17;2025-12-18;20;2405
17;2025-12-18;21;1505
17;2025-12-18;22;777
17;2025-12-18;23;390
17;2025-12-19;0;144
17;2025-12-19;1;16
17;2025-12-19;2;0
17;2025-12-19;3;0
17;2025-12-19;4;25
17;2025-12-19;5;316
17;2025-12-19;6;1537
17;2025-12-19;7;4083
17;2025-12-19;8;5272
17;2025-12-19;9;3819
17;2025-12-19;10;3068
17;2025-12-19;11;3110
17;2025-12-19;12;3084
17;2025-12-19;13;3239
17;2025-12-19;14;3317
17;2025-12-19;15;3554
17;2025-12-19;16;4131
17;2025-12-19;17;4643
17;2025-12-19;18;4387
17;2025-12-19;19;3293
17;2025-12-19;20;2389
17;2025-12-19;21;1558
17;2025-12-19;22;788
17;2025-12-19;23;458
17;2025-12-20;0;200
17;2025-12-20;1;26
17;2025-12-20;2;0
17;2025-12-20;3;0
17;2025-12-20;4;5
17;2025-12-20;5;133
17;2025-12-20;6;608
17;2025-12-20;7;1311
17;2025-12-20;8;1782
17;2025-12-20;9;2266
17;2025-12-20;10;2579
17;2025-12-20;11;3020
17;2025-12-20;12;3319
17;2025-12-20;13;3543
17;2025-12-20;14;3561
17;2025-12-20;15;3594
17;2025-12-20;16;3631
17;2025-12-20;17;3425
17;2025-12-20;18;3193
17;2025-12-20;19;2550
17;2025-12-20;20;1955
17;2025-12-20;21;1373
17;2025-12-20;22;868
17;2025-12-20;23;454
17;2025-12-21;0;184
17;2025-12-21;1;24
17;2025-12-21;2;0
17;2025-12-21;3;0
17;2025-12-21;4;3
17;2025-12-21;5;101
17;2025-12-21;6;414
17;2025-12-21;7;841
17;2025-12-21;8;1282
17;2025-12-21;9;1766
17;2025-12-21;10;2060
17;2025-12-21;11;2637
17;2025-12-21;12;2984
17;2025-12-21;13;3203
17;2025-12-21;14;3303
17;2025-12-21;15;3276
17;2025-12-21;16;3198
17;2025-12-21;17;3080
17;2025-12-21;18;2753
17;2025-12-21;19;2212
17;2025-12-21;20;1669
17;2025-12-21;21;1186
17;2025-12-21;22;742
17;2025-12-21;23;336
17;2025-12-22;0;119
17;2025-12-22;1;12
17;2025-12-22;2;0
17;2025-12-22;3;0
17;2025-12-22;4;26
17;2025-12-22;5;322
17;2025-12-22;6;1595
17;2025-12-22;7;4240
17;2025-12-22;8;5499
17;2025-12-22;9;3899
17;2025-12-22;10;2993
17;2025-12-22;11;2928
17;2025-12-22;12;2930
17;2025-12-22;13;3063
17;2025-12-22;14;3075
17;2025-12-22;15;3246
17;2025-12-22;16;3756
17;2025-12-22;17;4441
17;2025-12-22;18;4732
17;2025-12-22;19;3362
17;2025-12-22;20;2304
17;2025-12-22;21;1432
17;2025-12-22;22;695
17;2025-12-22;23;328
17;2025-12-23;0;116
17;2025-12-23;1;11
17;2025-12-23;2;0
17;2025-12-23;3;0
17;2025-12-23;4;26
17;2025-12-23;5;331
17;2025-12-23;6;1573
17;2025-12-23;7;4205
17;2025-12-23;8;5459
17;2025-12-23;9;3924
17;2025-12-23;10;3092
17;2025-12-23;11;3063
17;2025-12-23;12;3074
17;2025-12-23;13;3127
17;2025-12-23;14;3214
17;2025-12-23;15;3357
17;2025-12-23;16;3763
17;2025-12-23;17;4604
17;2025-12-23;18;4913
17;2025-12-23;19;3452
17;2025-12-23;20;2401
17;2025-12-23;21;1496
17;2025-12-23;22;761
17;2025-12-23;23;363
17;2025-12-24;0;118
17;2025-12-24;1;11
17;2025-12-24;2;0
17;2025-12-24;3;0
17;2025-12-24;4;26
17;2025-12-24;5;325
17;2025-12-24;6;1562
17;2025-12-24;7;4188
17;2025-12-24;8;5427
17;2025-12-24;9;3908
17;2025-12-24;10;3107
17;2025-12-24;11;3081
17;2025-12-24;12;3049
17;2025-12-24;13;3118
17;2025-12-24;14;3236
17;2025-12-24;15;3316
17;2025-12-24;16;3770
17;2025-12-24;17;4608
17;2025-12-24;18;4844
17;2025-12-24;19;3451
17;2025-12-24;20;2408
17;2025-12-24;21;1496
17;2025-12-24;22;769
17;2025-12-24;23;378
17;2025-12-25;0;123
17;2025-12-25;1;11
17;2025-12-25;2;0
17;2025-12-25;3;0
17;2025-12-25;4;26
17;2025-12-25;5;329
17;2025-12-25;6;1573
17;2025-12-25;7;4187
17;2025-12-25;8;5423
17;2025-12-25;9;3911
17;2025-12-25;10;3117
17;2025-12-25;11;3083
17;2025-12-25;12;3104
17;2025-12-25;13;3157
17;2025-12-25;14;3247
17;2025-12-25;15;3392
17;2025-12-25;16;3796
17;2025-12-25;17;4443
17;2025-12-25;18;4662
17;2025-12-25;19;3401
17;2025-12-25;20;2396
17;2025-12-25;21;1495
17;2025-12-25;22;764
17;2025-12-25;23;377
17;2025-12-26;0;141
17;2025-12-26;1;15
17;2025-12-26;2;0
17;2025-12-26;3;0
17;2025-12-26;4;25
17;2025-12-26;5;310
17;2025-12-26;6;1550
17;2025-12-26;7;4009
17;2025-12-26;8;5241
17;2025-12-26;9;3708
17;2025-12-26;10;2974
17;2025-12-26;11;2997
17;2025-12-26;12;2965
17;2025-12-26;13;3220
17;2025-12-26;14;3293
17;2025-12-26;15;3508
17;2025-12-26;16;4089
17;2025-12-26;17;4541
17;2025-12-26;18;4290
17;2025-12-26;19;3259
17;2025-12-26;20;2384
17;2025-12-26;21;1552
17;2025-12-26;22;784
17;2025-12-26;23;461
17;2025-12-27;0;200
17;2025-12-27;1;26
17;2025-12-27;2;0
17;2025-12-27;3;0
17;2025-12-27;4;5
17;2025-12-27;5;135
17;2025-12-27;6;608
17;2025-12-27;7;1311
17;2025-12-27;8;1783
17;2025-12-27;9;2251
17;2025-12-27;10;2582
17;2025-12-27;11;3024
17;2025-12-27;12;3313
17;2025-12-27;13;3537
17;2025-12-27;14;3554
17;2025-12-27;15;3582
17;2025-12-27;16;3619
17;2025-12-27;17;3432
17;2025-12-27;18;3191
17;2025-12-27;19;2558
17;2025-12-27;20;1963
17;2025-12-27;21;1357
17;2025-12-27;22;835
17;2025-12-27;23;450
17;2025-12-28;0;183
17;2025-12-28;1;23
17;2025-12-28;2;0
17;2025-12-28;3;0
17;2025-12-28;4;3
17;2025-12-28;5;91
17;2025-12-28;6;420
17;2025-12-28;7;783
17;2025-12-28;8;1216
17;2025-12-28;9;1621
17;2025-12-28;10;1976
17;2025-12-28;11;2396
17;2025-12-28;12;2825
17;2025-12-28;13;3009
17;2025-12-28;14;3107
17;2025-12-28;15;3077
17;2025-12-28;16;3207
17;2025-12-28;17;3088
17;2025-12-28;18;2753
17;2025-12-28;19;2209
17;2025-12-28;20;1651
17;2025-12-28;21;1169
17;2025-12-28;22;746
17;2025-12-28;23;342
17;2025-12-29;0;109
17;2025-12-29;1;12
17;2025-12-29;2;0
17;2025-12-29;3;0
17;2025-12-29;4;24
17;2025-12-29;5;295
17;2025-12-29;6;1468
17;2025-12-29;7;3899
17;2025-12-29;8;5015
17;2025-12-29;9;3574
17;2025-12-29;10;2759
17;2025-12-29;11;2698
17;2025-12-29;12;2697
17;2025-12-29;13;2804
17;2025-12-29;14;2815
17;2025-12-29;15;2990
17;2025-12-29;16;3445
17;2025-12-29;17;4063
17;2025-12-29;18;4277
17;2025-12-29;19;3084
17;2025-12-29;20;2138
17;2025-12-29;21;1327
17;2025-12-29;22;652
17;2025-12-29;23;302
17;2025-12-30;0;106
17;2025-12-30;1;11
17;2025-12-30;2;0
17;2025-12-30;3;0
17;2025-12-30;4;24
17;2025-12-30;5;295
17;2025-12-30;6;1444
17;2025-12-30;7;3836
17;2025-12-30;8;4955
17;2025-12-30;9;3525
17;2025-12-30;10;2794
17;2025-12-30;11;2748
17;2025-12-30;12;2770
17;2025-12-30;13;2826
17;2025-12-30;14;2932
17;2025-12-30;15;3054
17;2025-12-30;16;3440
17;2025-12-30;17;4083
17;2025-12-30;18;4491
17;2025-12-30;19;3144
17;2025-12-30;20;2205
17;2025-12-30;21;1371
17;2025-12-30;22;704
17;2025-12-30;23;330
17;2025-12-31;0;154
17;2025-12-31;1;22
17;2025-12-31;2;0
17;2025-12-31;3;0
17;2025-12-31;4;4
17;2025-12-31;5;46
17;2025-12-31;6;326
17;2025-12-31;7;676
17;2025-12-31;8;1090
17;2025-12-31;9;1372
17;2025-12-31;10;1605
17;2025-12-31;11;2075
17;2025-12-31;12;2507
17;2025-12-31;13;2546
17;2025-12-31;14;2627
17;2025-12-31;15;2620
17;2025-12-31;16;2761
17;2025-12-31;17;2715
17;2025-12-31;18;2331
17;2025-12-31;19;1896
17;2025-12-31;20;1509
17;2025-12-31;21;1047
17;2025-12-31;22;651
17;2025-12-31;23;259
25;2025-11-01;0;1
25;2025-11-01;1;0
25;2025-11-01;2;0
25;2025-11-01;3;0
25;2025-11-01;4;0
25;2025-11-01;5;11
25;2025-11-01;6;213
25;2025-11-01;7;572
25;2025-11-01;8;897
25;2025-11-01;9;468
25;2025-11-01;10;406
25;2025-11-01;11;451
25;2025-11-01;12;443
25;2025-11-01;13;542
25;2025-11-01;14;502
25;2025-11-01;15;617
25;2025-11-01;16;784
25;2025-11-01;17;788
25;2025-11-01;18;712
25;2025-11-01;19;572
25;2025-11-01;20;333
25;2025-11-01;21;226
25;2025-11-01;22;116
25;2025-11-01;23;15
25;2025-11-02;0;10
25;2025-11-02;1;0
25;2025-11-02;2;0
25;2025-11-02;3;0
25;2025-11-02;4;0
25;2025-11-02;5;6
25;2025-11-02;6;76
25;2025-11-02;7;104
25;2025-11-02;8;201
25;2025-11-02;9;252
25;2025-11-02;10;259
25;2025-11-02;11;343
25;2025-11-02;12;413
25;2025-11-02;13;508
25;2025-11-02;14;580
25;2025-11-02;15;640
25;2025-11-02;16;568
25;2025-11-02;17;550
25;2025-11-02;18;477
25;2025-11-02;19;356
25;2025-11-02;20;264
25;2025-11-02;21;189
25;2025-11-02;22;112
25;2025-11-02;23;37
25;2025-11-03;0;9
25;2025-11-03;1;0
25;2025-11-03;2;0
25;2025-11-03;3;0
25;2025-11-03;4;0
25;2025-11-03;5;8
25;2025-11-03;6;80
25;2025-11-03;7;111
25;2025-11-03;8;193
25;2025-11-03;9;221
25;2025-11-03;10;220
25;2025-11-03;11;276
25;2025-11-03;12;343
25;2025-11-03;13;449
25;2025-11-03;14;492
25;2025-11-03;15;556
25;2025-11-03;16;531
25;2025-11-03;17;516
25;2025-11-03;18;458
25;2025-11-03;19;377
25;2025-11-03;20;296
25;2025-11-03;21;211
25;2025-11-03;22;129
25;2025-11-03;23;53
25;2025-11-04;0;9
25;2025-11-04;1;0
25;2025-11-04;2;0
25;2025-11-04;3;0
25;2025-11-04;4;0
25;2025-11-04;5;4
25;2025-11-04;6;73
25;2025-11-04;7;104
25;2025-11-04;8;201
25;2025-11-04;9;214
25;2025-11-04;10;207
25;2025-11-04;11;275
25;2025-11-04;12;330
25;2025-11-04;13;445
25;2025-11-04;14;541
25;2025-11-04;15;610
25;2025-11-04;16;540
25;2025-11-04;17;524
25;2025-11-04;18;470
25;2025-11-04;19;374
25;2025-11-04;20;293
25;2025-11-04;21;213
25;2025-11-04;22;127
25;2025-11-04;23;49
25;2025-11-05;0;1
25;2025-11-05;1;0
25;2025-11-05;2;0
25;2025-11-05;3;0
25;2025-11-05;4;0
25;2025-11-05;5;13
25;2025-11-05;6;226
25;2025-11-05;7;574
25;2025-11-05;8;961
25;2025-11-05;9;501
25;2025-11-05;10;416
25;2025-11-05;11;462
25;2025-11-05;12;459
25;2025-11-05;13;557
25;2025-11-05;14;530
25;2025-11-05;15;621
25;2025-11-05;16;734
25;2025-11-05;17;827
25;2025-11-05;18;846
25;2025-11-05;19;599
25;2025-11-05;20;351
25;2025-11-05;21;238
25;2025-11-05;22;109
25;2025-11-05;23;6
25;2025-11-06;0;1
25;2025-11-06;1;0
25;2025-11-06;2;0
25;2025-11-06;3;0
25;2025-11-06;4;0
25;2025-11-06;5;14
25;2025-11-06;6;227
25;2025-11-06;7;576
25;2025-11-06;8;966
25;2025-11-06;9;502
25;2025-11-06;10;420
25;2025-11-06;11;453
25;2025-11-06;12;461
25;2025-11-06;13;557
25;2025-11-06;14;529
25;2025-11-06;15;619
25;2025-11-06;16;736
25;2025-11-06;17;831
25;2025-11-06;18;846
25;2025-11-06;19;601
25;2025-11-06;20;353
25;2025-11-06;21;242
25;2025-11-06;22;112
25;2025-11-06;23;9
25;2025-11-07;0;1
25;2025-11-07;1;0
25;2025-11-07;2;0
25;2025-11-07;3;0
25;2025-11-07;4;0
25;2025-11-07;5;15
25;2025-11-07;6;235
25;2025-11-07;7;618
25;2025-11-07;8;973
25;2025-11-07;9;500
25;2025-11-07;10;430
25;2025-11-07;11;485
25;2025-11-07;12;475
25;2025-11-07;13;585
25;2025-11-07;14;542
25;2025-11-07;15;671
25;2025-11-07;16;850
25;2025-11-07;17;853
25;2025-11-07;18;776
25;2025-11-07;19;620
25;2025-11-07;20;361
25;2025-11-07;21;243
25;2025-11-07;22;125
25;2025-11-07;23;13
25;2025-11-08;0;2
25;2025-11-08;1;0
25;2025-11-08;2;0
25;2025-11-08;3;0
25;2025-11-08;4;0
25;2025-11-08;5;11
25;2025-11-08;6;102
25;2025-11-08;7;158
25;2025-11-08;8;338
25;2025-11-08;9;309
25;2025-11-08;10;330
25;2025-11-08;11;406
25;2025-11-08;12;456
25;2025-11-08;13;660
25;2025-11-08;14;667
25;2025-11-08;15;745
25;2025-11-08;16;691
25;2025-11-08;17;619
25;2025-11-08;18;569
25;2025-11-08;19;483
25;2025-11-08;20;298
25;2025-11-08;21;227
25;2025-11-08;22;136
25;2025-11-08;23;49
25;2025-11-09;0;10
25;2025-11-09;1;0
25;2025-11-09;2;0
25;2025-11-09;3;0
25;2025-11-09;4;0
25;2025-11-09;5;4
25;2025-11-09;6;76
25;2025-11-09;7;109
25;2025-11-09;8;214
25;2025-11-09;9;252
25;2025-11-09;10;256
25;2025-11-09;11;339
25;2025-11-09;12;418
25;2025-11-09;13;541
25;2025-11-09;14;578
25;2025-11-09;15;637
25;2025-11-09;16;568
25;2025-11-09;17;551
25;2025-11-09;18;480
25;2025-11-09;19;342
25;2025-11-09;20;261
25;2025-11-09;21;187
25;2025-11-09;22;110
25;2025-11-09;23;39
25;2025-11-10;0;6
25;2025-11-10;1;0
25;2025-11-10;2;0
25;2025-11-10;3;0
25;2025-11-10;4;0
25;2025-11-10;5;17
25;2025-11-10;6;221
25;2025-11-10;7;569
25;2025-11-10;8;1012
25;2025-11-10;9;522
25;2025-11-10;10;360
25;2025-11-10;11;397
25;2025-11-10;12;399
25;2025-11-10;13;514
25;2025-11-10;14;476
25;2025-11-10;15;529
25;2025-11-10;16;684
25;2025-11-10;17;759
25;2025-11-10;18;796
25;2025-11-10;19;553
25;2025-11-10;20;322
25;2025-11-10;21;205
25;2025-11-10;22;100
25;2025-11-10;23;6
25;2025-11-11;0;1
25;2025-11-11;1;0
25;2025-11-11;2;0
25;2025-11-11;3;0
25;2025-11-11;4;0
25;2025-11-11;5;13
25;2025-11-11;6;226
25;2025-11-11;7;572
25;2025-11-11;8;959
25;2025-11-11;9;484
25;2025-11-11;10;395
25;2025-11-11;11;454
25;2025-11-11;12;454
25;2025-11-11;13;547
25;2025-11-11;14;516
25;2025-11-11;15;608
25;2025-11-11;16;725
25;2025-11-11;17;816
25;2025-11-11;18;841
25;2025-11-11;19;582
25;2025-11-11;20;341
25;2025-11-11;21;230
25;2025-11-11;22;107
25;2025-11-11;23;5
25;2025-11-12;0;1
25;2025-11-12;1;0
25;2025-11-12;2;0
25;2025-11-12;3;0
25;2025-11-12;4;0
25;2025-11-12;5;11
25;2025-11-12;6;224
25;2025-11-12;7;570
25;2025-11-12;8;959
25;2025-11-12;9;484
25;2025-11-12;10;393
25;2025-11-12;11;435
25;2025-11-12;12;449
25;2025-11-12;13;539
25;2025-11-12;14;515
25;2025-11-12;15;609
25;2025-11-12;16;727
25;2025-11-12;17;820
25;2025-11-12;18;839
25;2025-11-12;19;583
25;2025-11-12;20;341
25;2025-11-12;21;235
25;2025-11-12;22;105
25;2025-11-12;23;5
25;2025-11-13;0;1
25;2025-11-13;1;0
25;2025-11-13;2;0
25;2025-11-13;3;0
25;2025-11-13;4;0
25;2025-11-13;5;13
25;2025-11-13;6;225
25;2025-11-13;7;571
25;2025-11-13;8;963
25;2025-11-13;9;502
25;2025-11-13;10;416
25;2025-11-13;11;459
25;2025-11-13;12;458
25;2025-11-13;13;553
25;2025-11-13;14;520
25;2025-11-13;15;616
25;2025-11-13;16;733
25;2025-11-13;17;825
25;2025-11-13;18;844
25;2025-11-13;19;598
25;2025-11-13;20;351
25;2025-11-13;21;239
25;2025-11-13;22;110
25;2025-11-13;23;7
25;2025-11-14;0;1
25;2025-11-14;1;0
25;2025-11-14;2;0
25;2025-11-14;3;0
25;2025-11-14;4;0
25;2025-11-14;5;12
25;2025-11-14;6;234
25;2025-11-14;7;615
25;2025-11-14;8;966
25;2025-11-14;9;501
25;2025-11-14;10;436
25;2025-11-14;11;485
25;2025-11-14;12;475
25;2025-11-14;13;582
25;2025-11-14;14;537
25;2025-11-14;15;666
25;2025-11-14;16;845
25;2025-11-14;17;848
25;2025-11-14;18;764
25;2025-11-14;19;618
25;2025-11-14;20;354
25;2025-11-14;21;238
25;2025-11-14;22;123
25;2025-11-14;23;14
25;2025-11-15;0;2
25;2025-11-15;1;0
25;2025-11-15;2;0
25;2025-11-15;3;0
25;2025-11-15;4;0
25;2025-11-15;5;14
25;2025-11-15;6;94
25;2025-11-15;7;151
25;2025-11-15;8;336
25;2025-11-15;9;289
25;2025-11-15;10;287
25;2025-11-15;11;355
25;2025-11-15;12;405
25;2025-11-15;13;580
25;2025-11-15;14;614
25;2025-11-15;15;690
25;2025-11-15;16;634
25;2025-11-15;17;560
25;2025-11-15;18;498
25;2025-11-15;19;425
25;2025-11-15;20;271
25;2025-11-15;21;209
25;2025-11-15;22;126
25;2025-11-15;23;50
25;2025-11-16;0;11
25;2025-11-16;1;0
25;2025-11-16;2;0
25;2025-11-16;3;0
25;2025-11-16;4;0
25;2025-11-16;5;4
25;2025-11-16;6;74
25;2025-11-16;7;97
25;2025-11-16;8;169
25;2025-11-16;9;220
25;2025-11-16;10;228
25;2025-11-16;11;301
25;2025-11-16;12;366
25;2025-11-16;13;469
25;2025-11-16;14;508
25;2025-11-16;15;561
25;2025-11-16;16;505
25;2025-11-16;17;486
25;2025-11-16;18;406
25;2025-11-16;19;301
25;2025-11-16;20;236
25;2025-11-16;21;171
25;2025-11-16;22;103
25;2025-11-16;23;41
25;2025-11-17;0;6
25;2025-11-17;1;0
25;2025-11-17;2;0
25;2025-11-17;3;0
25;2025-11-17;4;0
25;2025-11-17;5;15
25;2025-11-17;6;221
25;2025-11-17;7;566
25;2025-11-17;8;1007
25;2025-11-17;9;513
25;2025-11-17;10;367
25;2025-11-17;11;402
25;2025-11-17;12;406
25;2025-11-17;13;503
25;2025-11-17;14;463
25;2025-11-17;15;516
25;2025-11-17;16;673
25;2025-11-17;17;748
25;2025-11-17;18;789
25;2025-11-17;19;545
25;2025-11-17;20;317
25;2025-11-17;21;205
25;2025-11-17;22;100
25;2025-11-17;23;6
25;2025-11-18;0;1
25;2025-11-18;1;0
25;2025-11-18;2;0
25;2025-11-18;3;0
25;2025-11-18;4;0
25;2025-11-18;5;10
25;2025-11-18;6;232
25;2025-11-18;7;581
25;2025-11-18;8;988
25;2025-11-18;9;492
25;2025-11-18;10;386
25;2025-11-18;11;442
25;2025-11-18;12;444
25;2025-11-18;13;534
25;2025-11-18;14;508
25;2025-11-18;15;604
25;2025-11-18;16;728
25;2025-11-18;17;802
25;2025-11-18;18;812
25;2025-11-18;19;568
25;2025-11-18;20;328
25;2025-11-18;21;224
25;2025-11-18;22;102
25;2025-11-18;23;4
25;2025-11-19;0;1
25;2025-11-19;1;0
25;2025-11-19;2;0
25;2025-11-19;3;0
25;2025-11-19;4;0
25;2025-11-19;5;11
25;2025-11-19;6;224
25;2025-11-19;7;569
25;2025-11-19;8;961
25;2025-11-19;9;483
25;2025-11-19;10;390
25;2025-11-19;11;430
25;2025-11-19;12;428
25;2025-11-19;13;516
25;2025-11-19;14;483
25;2025-11-19;15;579
25;2025-11-19;16;698
25;2025-11-19;17;790
25;2025-11-19;18;815
25;2025-11-19;19;570
25;2025-11-19;20;333
25;2025-11-19;21;227
25;2025-11-19;22;103
25;2025-11-19;23;5
25;2025-11-20;0;1
25;2025-11-20;1;0
25;2025-11-20;2;0
25;2025-11-20;3;0
25;2025-11-20;4;0
25;2025-11-20;5;10
25;2025-11-20;6;222
25;2025-11-20;7;567
25;2025-11-20;8;955
25;2025-11-20;9;482
25;2025-11-20;10;388
25;2025-11-20;11;429
25;2025-11-20;12;426
25;2025-11-20;13;514
25;2025-11-20;14;484
25;2025-11-20;15;579
25;2025-11-20;16;697
25;2025-11-20;17;790
25;2025-11-20;18;815
25;2025-11-20;19;565
25;2025-11-20;20;332
25;2025-11-20;21;226
25;2025-11-20;22;104
25;2025-11-20;23;6
25;2025-11-21;0;1
25;2025-11-21;1;0
25;2025-11-21;2;0
25;2025-11-21;3;0
25;2025-11-21;4;0
25;2025-11-21;5;20
25;2025-11-21;6;237
25;2025-11-21;7;607
25;2025-11-21;8;956
25;2025-11-21;9;478
25;2025-11-21;10;408
25;2025-11-21;11;456
25;2025-11-21;12;430
25;2025-11-21;13;542
25;2025-11-21;14;499
25;2025-11-21;15;628
25;2025-11-21;16;811
25;2025-11-21;17;814
25;2025-11-21;18;734
25;2025-11-21;19;589
25;2025-11-21;20;339
25;2025-11-21;21;230
25;2025-11-21;22;119
25;2025-11-21;23;14
25;2025-11-22;0;2
25;2025-11-22;1;0
25;2025-11-22;2;0
25;2025-11-22;3;0
25;2025-11-22;4;0
25;2025-11-22;5;14
25;2025-11-22;6;100
25;2025-11-22;7;151
25;2025-11-22;8;329
25;2025-11-22;9;283
25;2025-11-22;10;308
25;2025-11-22;11;380
25;2025-11-22;12;429
25;2025-11-22;13;612
25;2025-11-22;14;614
25;2025-11-22;15;692
25;2025-11-22;16;634
25;2025-11-22;17;560
25;2025-11-22;18;502
25;2025-11-22;19;425
25;2025-11-22;20;273
25;2025-11-22;21;206
25;2025-11-22;22;120
25;2025-11-22;23;49
25;2025-11-23;0;11
25;2025-11-23;1;0
25;2025-11-23;2;0
25;2025-11-23;3;0
25;2025-11-23;4;0
25;2025-11-23;5;4
25;2025-11-23;6;76
25;2025-11-23;7;99
25;2025-11-23;8;194
25;2025-11-23;9;225
25;2025-11-23;10;233
25;2025-11-23;11;304
25;2025-11-23;12;375
25;2025-11-23;13;479
25;2025-11-23;14;513
25;2025-11-23;15;571
25;2025-11-23;16;502
25;2025-11-23;17;480
25;2025-11-23;18;402
25;2025-11-23;19;301
25;2025-11-23;20;238
25;2025-11-23;21;169
25;2025-11-23;22;102
25;2025-11-23;23;39
25;2025-11-24;0;6
25;2025-11-24;1;0
25;2025-11-24;2;0
25;2025-11-24;3;0
25;2025-11-24;4;0
25;2025-11-24;5;15
25;2025-11-24;6;223
25;2025-11-24;7;574
25;2025-11-24;8;1008
25;2025-11-24;9;522
25;2025-11-24;10;359
25;2025-11-24;11;405
25;2025-11-24;12;416
25;2025-11-24;13;534
25;2025-11-24;14;482
25;2025-11-24;15;540
25;2025-11-24;16;696
25;2025-11-24;17;753
25;2025-11-24;18;789
25;2025-11-24;19;550
25;2025-11-24;20;316
25;2025-11-24;21;201
25;2025-11-24;22;99
25;2025-11-24;23;5
25;2025-11-25;0;1
25;2025-11-25;1;0
25;2025-11-25;2;0
25;2025-11-25;3;0
25;2025-11-25;4;0
25;2025-11-25;5;12
25;2025-11-25;6;225
25;2025-11-25;7;572
25;2025-11-25;8;959
25;2025-11-25;9;484
25;2025-11-25;10;389
25;2025-11-25;11;430
25;2025-11-25;12;426
25;2025-11-25;13;512
25;2025-11-25;14;479
25;2025-11-25;15;576
25;2025-11-25;16;695
25;2025-11-25;17;788
25;2025-11-25;18;815
25;2025-11-25;19;569
25;2025-11-25;20;332
25;2025-11-25;21;226
25;2025-11-25;22;102
25;2025-11-25;23;4
25;2025-11-26;0;1
25;2025-11-26;1;0
25;2025-11-26;2;0
25;2025-11-26;3;0
25;2025-11-26;4;0
25;2025-11-26;5;16
25;2025-11-26;6;231
25;2025-11-26;7;583
25;2025-11-26;8;1003
25;2025-11-26;9;490
25;2025-11-26;10;384
25;2025-11-26;11;432
25;2025-11-26;12;426
25;2025-11-26;13;516
25;2025-11-26;14;481
25;2025-11-26;15;579
25;2025-11-26;16;683
25;2025-11-26;17;780
25;2025-11-26;18;812
25;2025-11-26;19;567
25;2025-11-26;20;328
25;2025-11-26;21;222
25;2025-11-26;22;98
25;2025-11-26;23;3
25;2025-11-27;0;1
25;2025-11-27;1;0
25;2025-11-27;2;0
25;2025-11-27;3;0
25;2025-11-27;4;0
25;2025-11-27;5;13
25;2025-11-27;6;225
25;2025-11-27;7;572
25;2025-11-27;8;956
25;2025-11-27;9;501
25;2025-11-27;10;414
25;2025-11-27;11;449
25;2025-11-27;12;447
25;2025-11-27;13;540
25;2025-11-27;14;511
25;2025-11-27;15;614
25;2025-11-27;16;731
25;2025-11-27;17;819
25;2025-11-27;18;834
25;2025-11-27;19;591
25;2025-11-27;20;344
25;2025-11-27;21;234
25;2025-11-27;22;108
25;2025-11-27;23;7
25;2025-11-28;0;1
25;2025-11-28;1;0
25;2025-11-28;2;0
25;2025-11-28;3;0
25;2025-11-28;4;0
25;2025-11-28;5;14
25;2025-11-28;6;234
25;2025-11-28;7;614
25;2025-11-28;8;954
25;2025-11-28;9;478
25;2025-11-28;10;404
25;2025-11-28;11;451
25;2025-11-28;12;438
25;2025-11-28;13;544
25;2025-11-28;14;501
25;2025-11-28;15;635
25;2025-11-28;16;813
25;2025-11-28;17;815
25;2025-11-28;18;732
25;2025-11-28;19;587
25;2025-11-28;20;335
25;2025-11-28;21;227
25;2025-11-28;22;118
25;2025-11-28;23;12
25;2025-11-29;0;2
25;2025-11-29;1;0
25;2025-11-29;2;0
25;2025-11-29;3;0
25;2025-11-29;4;0
25;2025-11-29;5;10
25;2025-11-29;6;100
25;2025-11-29;7;149
25;2025-11-29;8;317
25;2025-11-29;9;284
25;2025-11-29;10;310
25;2025-11-29;11;382
25;2025-11-29;12;430
25;2025-11-29;13;613
25;2025-11-29;14;613
25;2025-11-29;15;691
25;2025-11-29;16;634
25;2025-11-29;17;559
25;2025-11-29;18;498
25;2025-11-29;19;426
25;2025-11-29;20;273
25;2025-11-29;21;212
25;2025-11-29;22;125
25;2025-11-29;23;49
25;2025-11-30;0;11
25;2025-11-30;1;0
25;2025-11-30;2;0
25;2025-11-30;3;0
25;2025-11-30;4;0
25;2025-11-30;5;5
25;2025-11-30;6;76
25;2025-11-30;7;100
25;2025-11-30;8;194
25;2025-11-30;9;225
25;2025-11-30;10;232
25;2025-11-30;11;304
25;2025-11-30;12;375
25;2025-11-30;13;479
25;2025-11-30;14;516
25;2025-11-30;15;576
25;2025-11-30;16;508
25;2025-11-30;17;490
25;2025-11-30;18;423
25;2025-11-30;19;314
25;2025-11-30;20;247
25;2025-11-30;21;183
25;2025-11-30;22;108
25;2025-11-30;23;40
25;2025-12-01;0;6
25;2025-12-01;1;0
25;2025-12-01;2;0
25;2025-12-01;3;0
25;2025-12-01;4;0
25;2025-12-01;5;13
25;2025-12-01;6;222
25;2025-12-01;7;577
25;2025-12-01;8;1026
25;2025-12-01;9;527
25;2025-12-01;10;367
25;2025-12-01;11;407
25;2025-12-01;12;411
25;2025-12-01;13;521
25;2025-12-01;14;470
25;2025-12-01;15;526
25;2025-12-01;16;688
25;2025-12-01;17;764
25;2025-12-01;18;804
25;2025-12-01;19;555
25;2025-12-01;20;320
25;2025-12-01;21;203
25;2025-12-01;22;98
25;2025-12-01;23;4
25;2025-12-02;0;1
25;2025-12-02;1;0
25;2025-12-02;2;0
25;2025-12-02;3;0
25;2025-12-02;4;0
25;2025-12-02;5;12
25;2025-12-02;6;227
25;2025-12-02;7;581
25;2025-12-02;8;976
25;2025-12-02;9;492
25;2025-12-02;10;396
25;2025-12-02;11;435
25;2025-12-02;12;432
25;2025-12-02;13;520
25;2025-12-02;14;488
25;2025-12-02;15;585
25;2025-12-02;16;706
25;2025-12-02;17;801
25;2025-12-02;18;829
25;2025-12-02;19;577
25;2025-12-02;20;337
25;2025-12-02;21;229
25;2025-12-02;22;104
25;2025-12-02;23;4
25;2025-12-03;0;1
25;2025-12-03;1;0
25;2025-12-03;2;0
25;2025-12-03;3;0
25;2025-12-03;4;0
25;2025-12-03;5;11
25;2025-12-03;6;226
25;2025-12-03;7;579
25;2025-12-03;8;977
25;2025-12-03;9;492
25;2025-12-03;10;395
25;2025-12-03;11;435
25;2025-12-03;12;433
25;2025-12-03;13;524
25;2025-12-03;14;491
25;2025-12-03;15;588
25;2025-12-03;16;710
25;2025-12-03;17;804
25;2025-12-03;18;830
25;2025-12-03;19;578
25;2025-12-03;20;338
25;2025-12-03;21;230
25;2025-12-03;22;105
25;2025-12-03;23;4
25;2025-12-04;0;1
25;2025-12-04;1;0
25;2025-12-04;2;0
25;2025-12-04;3;0
25;2025-12-04;4;0
25;2025-12-04;5;10
25;2025-12-04;6;224
25;2025-12-04;7;577
25;2025-12-04;8;974
25;2025-12-04;9;489
25;2025-12-04;10;393
25;2025-12-04;11;435
25;2025-12-04;12;434
25;2025-12-04;13;526
25;2025-12-04;14;495
25;2025-12-04;15;592
25;2025-12-04;16;713
25;2025-12-04;17;807
25;2025-12-04;18;833
25;2025-12-04;19;580
25;2025-12-04;20;339
25;2025-12-04;21;235
25;2025-12-04;22;109
25;2025-12-04;23;6
25;2025-12-05;0;1
25;2025-12-05;1;0
25;2025-12-05;2;0
25;2025-12-05;3;0
25;2025-12-05;4;0
25;2025-12-05;5;10
25;2025-12-05;6;233
25;2025-12-05;7;615
25;2025-12-05;8;970
25;2025-12-05;9;485
25;2025-12-05;10;412
25;2025-12-05;11;462
25;2025-12-05;12;450
25;2025-12-05;13;552
25;2025-12-05;14;508
25;2025-12-05;15;638
25;2025-12-05;16;824
25;2025-12-05;17;827
25;2025-12-05;18;743
25;2025-12-05;19;595
25;2025-12-05;20;340
25;2025-12-05;21;230
25;2025-12-05;22;120
25;2025-12-05;23;13
25;2025-12-06;0;2
25;2025-12-06;1;0
25;2025-12-06;2;0
25;2025-12-06;3;0
25;2025-12-06;4;0
25;2025-12-06;5;10
25;2025-12-06;6;103
25;2025-12-06;7;158
25;2025-12-06;8;337
25;2025-12-06;9;303
25;2025-12-06;10;332
25;2025-12-06;11;406
25;2025-12-06;12;472
25;2025-12-06;13;668
25;2025-12-06;14;669
25;2025-12-06;15;745
25;2025-12-06;16;687
25;2025-12-06;17;602
25;2025-12-06;18;547
25;2025-12-06;19;455
25;2025-12-06;20;294
25;2025-12-06;21;234
25;2025-12-06;22;137
25;2025-12-06;23;53
25;2025-12-07;0;12
25;2025-12-07;1;0
25;2025-12-07;2;0
25;2025-12-07;3;0
25;2025-12-07;4;0
25;2025-12-07;5;5
25;2025-12-07;6;79
25;2025-12-07;7;106
25;2025-12-07;8;207
25;2025-12-07;9;240
25;2025-12-07;10;250
25;2025-12-07;11;324
25;2025-12-07;12;400
25;2025-12-07;13;510
25;2025-12-07;14;544
25;2025-12-07;15;605
25;2025-12-07;16;532
25;2025-12-07;17;512
25;2025-12-07;18;432
25;2025-12-07;19;330
25;2025-12-07;20;255
25;2025-12-07;21;186
25;2025-12-07;22;112
25;2025-12-07;23;42
25;2025-12-08;0;6
25;2025-12-08;1;0
25;2025-12-08;2;0
25;2025-12-08;3;0
25;2025-12-08;4;0
25;2025-12-08;5;13
25;2025-12-08;6;222
25;2025-12-08;7;577
25;2025-12-08;8;1026
25;2025-12-08;9;527
25;2025-12-08;10;365
25;2025-12-08;11;405
25;2025-12-08;12;411
25;2025-12-08;13;518
25;2025-12-08;14;472
25;2025-12-08;15;526
25;2025-12-08;16;688
25;2025-12-08;17;764
25;2025-12-08;18;804
25;2025-12-08;19;555
25;2025-12-08;20;320
25;2025-12-08;21;203
25;2025-12-08;22;97
25;2025-12-08;23;4
25;2025-12-09;0;1
25;2025-12-09;1;0
25;2025-12-09;2;0
25;2025-12-09;3;0
25;2025-12-09;4;0
25;2025-12-09;5;11
25;2025-12-09;6;227
25;2025-12-09;7;581
25;2025-12-09;8;977
25;2025-12-09;9;494
25;2025-12-09;10;397
25;2025-12-09;11;435
25;2025-12-09;12;432
25;2025-12-09;13;520
25;2025-12-09;14;487
25;2025-12-09;15;584
25;2025-12-09;16;706
25;2025-12-09;17;800
25;2025-12-09;18;828
25;2025-12-09;19;578
25;2025-12-09;20;338
25;2025-12-09;21;230
25;2025-12-09;22;100
25;2025-12-09;23;3
25;2025-12-10;0;1
25;2025-12-10;1;0
25;2025-12-10;2;0
25;2025-12-10;3;0
25;2025-12-10;4;0
25;2025-12-10;5;33
25;2025-12-10;6;250
25;2025-12-10;7;600
25;2025-12-10;8;987
25;2025-12-10;9;502
25;2025-12-10;10;407
25;2025-12-10;11;442
25;2025-12-10;12;435
25;2025-12-10;13;524
25;2025-12-10;14;490
25;2025-12-10;15;587
25;2025-12-10;16;708
25;2025-12-10;17;803
25;2025-12-10;18;829
25;2025-12-10;19;579
25;2025-12-10;20;339
25;2025-12-10;21;231
25;2025-12-10;22;105
25;2025-12-10;23;5
25;2025-12-11;0;1
25;2025-12-11;1;0
25;2025-12-11;2;0
25;2025-12-11;3;0
25;2025-12-11;4;0
25;2025-12-11;5;10
25;2025-12-11;6;224
25;2025-12-11;7;577
25;2025-12-11;8;984
25;2025-12-11;9;477
25;2025-12-11;10;386
25;2025-12-11;11;428
25;2025-12-11;12;427
25;2025-12-11;13;520
25;2025-12-11;14;492
25;2025-12-11;15;592
25;2025-12-11;16;708
25;2025-12-11;17;801
25;2025-12-11;18;823
25;2025-12-11;19;587
25;2025-12-11;20;346
25;2025-12-11;21;233
25;2025-12-11;22;108
25;2025-12-11;23;6
25;2025-12-12;0;1
25;2025-12-12;1;0
25;2025-12-12;2;0
25;2025-12-12;3;0
25;2025-12-12;4;0
25;2025-12-12;5;12
25;2025-12-12;6;232
25;2025-12-12;7;619
25;2025-12-12;8;971
25;2025-12-12;9;508
25;2025-12-12;10;419
25;2025-12-12;11;474
25;2025-12-12;12;449
25;2025-12-12;13;530
25;2025-12-12;14;500
25;2025-12-12;15;611
25;2025-12-12;16;795
25;2025-12-12;17;817
25;2025-12-12;18;745
25;2025-12-12;19;598
25;2025-12-12;20;347
25;2025-12-12;21;238
25;2025-12-12;22;122
25;2025-12-12;23;13
25;2025-12-13;0;2
25;2025-12-13;1;0
25;2025-12-13;2;0
25;2025-12-13;3;0
25;2025-12-13;4;0
25;2025-12-13;5;10
25;2025-12-13;6;99
25;2025-12-13;7;152
25;2025-12-13;8;329
25;2025-12-13;9;295
25;2025-12-13;10;321
25;2025-12-13;11;395
25;2025-12-13;12;438
25;2025-12-13;13;629
25;2025-12-13;14;644
25;2025-12-13;15;731
25;2025-12-13;16;673
25;2025-12-13;17;596
25;2025-12-13;18;542
25;2025-12-13;19;448
25;2025-12-13;20;284
25;2025-12-13;21;220
25;2025-12-13;22;137
25;2025-12-13;23;52
25;2025-12-14;0;12
25;2025-12-14;1;0
25;2025-12-14;2;0
25;2025-12-14;3;0
25;2025-12-14;4;0
25;2025-12-14;5;4
25;2025-12-14;6;56
25;2025-12-14;7;82
25;2025-12-14;8;172
25;2025-12-14;9;229
25;2025-12-14;10;237
25;2025-12-14;11;320
25;2025-12-14;12;390
25;2025-12-14;13;502
25;2025-12-14;14;542
25;2025-12-14;15;607
25;2025-12-14;16;541
25;2025-12-14;17;521
25;2025-12-14;18;445
25;2025-12-14;19;339
25;2025-12-14;20;261
25;2025-12-14;21;193
25;2025-12-14;22;111
25;2025-12-14;23;42
25;2025-12-15;0;6
25;2025-12-15;1;0
25;2025-12-15;2;0
25;2025-12-15;3;0
25;2025-12-15;4;0
25;2025-12-15;5;12
25;2025-12-15;6;211
25;2025-12-15;7;566
25;2025-12-15;8;1015
25;2025-12-15;9;519
25;2025-12-15;10;355
25;2025-12-15;11;386
25;2025-12-15;12;406
25;2025-12-15;13;522
25;2025-12-15;14;477
25;2025-12-15;15;539
25;2025-12-15;16;694
25;2025-12-15;17;776
25;2025-12-15;18;821
25;2025-12-15;19;575
25;2025-12-15;20;330
25;2025-12-15;21;212
25;2025-12-15;22;106
25;2025-12-15;23;13
25;2025-12-16;0;1
25;2025-12-16;1;0
25;2025-12-16;2;0
25;2025-12-16;3;0
25;2025-12-16;4;0
25;2025-12-16;5;16
25;2025-12-16;6;228
25;2025-12-16;7;583
25;2025-12-16;8;974
25;2025-12-16;9;491
25;2025-12-16;10;397
25;2025-12-16;11;439
25;2025-12-16;12;437
25;2025-12-16;13;497
25;2025-12-16;14;484
25;2025-12-16;15;585
25;2025-12-16;16;706
25;2025-12-16;17;801
25;2025-12-16;18;829
25;2025-12-16;19;577
25;2025-12-16;20;336
25;2025-12-16;21;227
25;2025-12-16;22;103
25;2025-12-16;23;4
25;2025-12-17;0;1
25;2025-12-17;1;0
25;2025-12-17;2;0
25;2025-12-17;3;0
25;2025-12-17;4;0
25;2025-12-17;5;11
25;2025-12-17;6;226
25;2025-12-17;7;579
25;2025-12-17;8;977
25;2025-12-17;9;492
25;2025-12-17;10;395
25;2025-12-17;11;435
25;2025-12-17;12;433
25;2025-12-17;13;524
25;2025-12-17;14;491
25;2025-12-17;15;588
25;2025-12-17;16;710
25;2025-12-17;17;804
25;2025-12-17;18;830
25;2025-12-17;19;578
25;2025-12-17;20;338
25;2025-12-17;21;230
25;2025-12-17;22;105
25;2025-12-17;23;5
25;2025-12-18;0;1
25;2025-12-18;1;0
25;2025-12-18;2;0
25;2025-12-18;3;0
25;2025-12-18;4;0
25;2025-12-18;5;10
25;2025-12-18;6;224
25;2025-12-18;7;577
25;2025-12-18;8;972
25;2025-12-18;9;489
25;2025-12-18;10;395
25;2025-12-18;11;436
25;2025-12-18;12;433
25;2025-12-18;13;522
25;2025-12-18;14;490
25;2025-12-18;15;587
25;2025-12-18;16;709
25;2025-12-18;17;804
25;2025-12-18;18;830
25;2025-12-18;19;578
25;2025-12-18;20;337
25;2025-12-18;21;229
25;2025-12-18;22;105
25;2025-12-18;23;5
25;2025-12-19;0;1
25;2025-12-19;1;0
25;2025-12-19;2;0
25;2025-12-19;3;0
25;2025-12-19;4;0
25;2025-12-19;5;10
25;2025-12-19;6;233
25;2025-12-19;7;615
25;2025-12-19;8;970
25;2025-12-19;9;486
25;2025-12-19;10;415
25;2025-12-19;11;464
25;2025-12-19;12;451
25;2025-12-19;13;552
25;2025-12-19;14;508
25;2025-12-19;15;637
25;2025-12-19;16;823
25;2025-12-19;17;828
25;2025-12-19;18;748
25;2025-12-19;19;594
25;2025-12-19;20;344
25;2025-12-19;21;234
25;2025-12-19;22;122
25;2025-12-19;23;15
25;2025-12-20;0;2
25;2025-12-20;1;0
25;2025-12-20;2;0
25;2025-12-20;3;0
25;2025-12-20;4;0
25;2025-12-20;5;11
25;2025-12-20;6;105
25;2025-12-20;7;159
25;2025-12-20;8;338
25;2025-12-20;9;304
25;2025-12-20;10;331
25;2025-12-20;11;406
25;2025-12-20;12;461
25;2025-12-20;13;650
25;2025-12-20;14;650
25;2025-12-20;15;731
25;2025-12-20;16;671
25;2025-12-20;17;595
25;2025-12-20;18;530
25;2025-12-20;19;447
25;2025-12-20;20;290
25;2025-12-20;21;227
25;2025-12-20;22;135
25;2025-12-20;23;55
25;2025-12-21;0;12
25;2025-12-21;1;0
25;2025-12-21;2;0
25;2025-12-21;3;0
25;2025-12-21;4;0
25;2025-12-21;5;6
25;2025-12-21;6;72
25;2025-12-21;7;112
25;2025-12-21;8;209
25;2025-12-21;9;240
25;2025-12-21;10;250
25;2025-12-21;11;324
25;2025-12-21;12;400
25;2025-12-21;13;510
25;2025-12-21;14;542
25;2025-12-21;15;603
25;2025-12-21;16;532
25;2025-12-21;17;513
25;2025-12-21;18;433
25;2025-12-21;19;330
25;2025-12-21;20;255
25;2025-12-21;21;186
25;2025-12-21;22;108
25;2025-12-21;23;42
25;2025-12-22;0;6
25;2025-12-22;1;0
25;2025-12-22;2;0
25;2025-12-22;3;0
25;2025-12-22;4;0
25;2025-12-22;5;13
25;2025-12-22;6;222
25;2025-12-22;7;577
25;2025-12-22;8;1031
25;2025-12-22;9;530
25;2025-12-22;10;382
25;2025-12-22;11;408
25;2025-12-22;12;414
25;2025-12-22;13;518
25;2025-12-22;14;472
25;2025-12-22;15;526
25;2025-12-22;16;690
25;2025-12-22;17;765
25;2025-12-22;18;794
25;2025-12-22;19;556
25;2025-12-22;20;321
25;2025-12-22;21;206
25;2025-12-22;22;97
25;2025-12-22;23;3
25;2025-12-23;0;1
25;2025-12-23;1;0
25;2025-12-23;2;0
25;2025-12-23;3;0
25;2025-12-23;4;0
25;2025-12-23;5;12
25;2025-12-23;6;229
25;2025-12-23;7;585
25;2025-12-23;8;982
25;2025-12-23;9;497
25;2025-12-23;10;397
25;2025-12-23;11;438
25;2025-12-23;12;437
25;2025-12-23;13;521
25;2025-12-23;14;485
25;2025-12-23;15;582
25;2025-12-23;16;704
25;2025-12-23;17;800
25;2025-12-23;18;829
25;2025-12-23;19;588
25;2025-12-23;20;341
25;2025-12-23;21;234
25;2025-12-23;22;107
25;2025-12-23;23;6
25;2025-12-24;0;1
25;2025-12-24;1;0
25;2025-12-24;2;0
25;2025-12-24;3;0
25;2025-12-24;4;0
25;2025-12-24;5;13
25;2025-12-24;6;233
25;2025-12-24;7;586
25;2025-12-24;8;978
25;2025-12-24;9;500
25;2025-12-24;10;404
25;2025-12-24;11;446
25;2025-12-24;12;435
25;2025-12-24;13;517
25;2025-12-24;14;495
25;2025-12-24;15;583
25;2025-12-24;16;710
25;2025-12-24;17;805
25;2025-12-24;18;829
25;2025-12-24;19;588
25;2025-12-24;20;343
25;2025-12-24;21;228
25;2025-12-24;22;103
25;2025-12-24;23;4
25;2025-12-25;0;1
25;2025-12-25;1;0
25;2025-12-25;2;0
25;2025-12-25;3;0
25;2025-12-25;4;0
25;2025-12-25;5;13
25;2025-12-25;6;236
25;2025-12-25;7;577
25;2025-12-25;8;970
25;2025-12-25;9;486
25;2025-12-25;10;390
25;2025-12-25;11;428
25;2025-12-25;12;430
25;2025-12-25;13;523
25;2025-12-25;14;491
25;2025-12-25;15;596
25;2025-12-25;16;719
25;2025-12-25;17;800
25;2025-12-25;18;822
25;2025-12-25;19;574
25;2025-12-25;20;330
25;2025-12-25;21;226
25;2025-12-25;22;101
25;2025-12-25;23;5
25;2025-12-26;0;1
25;2025-12-26;1;0
25;2025-12-26;2;0
25;2025-12-26;3;0
25;2025-12-26;4;0
25;2025-12-26;5;10
25;2025-12-26;6;234
25;2025-12-26;7;617
25;2025-12-26;8;1010
25;2025-12-26;9;484
25;2025-12-26;10;399
25;2025-12-26;11;465
25;2025-12-26;12;430
25;2025-12-26;13;536
25;2025-12-26;14;497
25;2025-12-26;15;630
25;2025-12-26;16;815
25;2025-12-26;17;814
25;2025-12-26;18;745
25;2025-12-26;19;590
25;2025-12-26;20;341
25;2025-12-26;21;230
25;2025-12-26;22;117
25;2025-12-26;23;14
25;2025-12-27;0;2
25;2025-12-27;1;0
25;2025-12-27;2;0
25;2025-12-27;3;0
25;2025-12-27;4;0
25;2025-12-27;5;11
25;2025-12-27;6;105
25;2025-12-27;7;159
25;2025-12-27;8;338
25;2025-12-27;9;298
25;2025-12-27;10;331
25;2025-12-27;11;406
25;2025-12-27;12;452
25;2025-12-27;13;641
25;2025-12-27;14;648
25;2025-12-27;15;719
25;2025-12-27;16;662
25;2025-12-27;17;598
25;2025-12-27;18;533
25;2025-12-27;19;447
25;2025-12-27;20;289
25;2025-12-27;21;225
25;2025-12-27;22;129
25;2025-12-27;23;52
25;2025-12-28;0;12
25;2025-12-28;1;0
25;2025-12-28;2;0
25;2025-12-28;3;0
25;2025-12-28;4;0
25;2025-12-28;5;5
25;2025-12-28;6;88
25;2025-12-28;7;104
25;2025-12-28;8;215
25;2025-12-28;9;243
25;2025-12-28;10;234
25;2025-12-28;11;305
25;2025-12-28;12;364
25;2025-12-28;13;461
25;2025-12-28;14;500
25;2025-12-28;15;568
25;2025-12-28;16;536
25;2025-12-28;17;515
25;2025-12-28;18;435
25;2025-12-28;19;324
25;2025-12-28;20;248
25;2025-12-28;21;180
25;2025-12-28;22;106
25;2025-12-28;23;44
25;2025-12-29;0;5
25;2025-12-29;1;0
25;2025-12-29;2;0
25;2025-12-29;3;0
25;2025-12-29;4;0
25;2025-12-29;5;14
25;2025-12-29;6;206
25;2025-12-29;7;542
25;2025-12-29;8;947
25;2025-12-29;9;488
25;2025-12-29;10;340
25;2025-12-29;11;374
25;2025-12-29;12;379
25;2025-12-29;13;472
25;2025-12-29;14;437
25;2025-12-29;15;492
25;2025-12-29;16;643
25;2025-12-29;17;721
25;2025-12-29;18;752
25;2025-12-29;19;519
25;2025-12-29;20;298
25;2025-12-29;21;189
25;2025-12-29;22;92
25;2025-12-29;23;4
25;2025-12-30;0;1
25;2025-12-30;1;0
25;2025-12-30;2;0
25;2025-12-30;3;0
25;2025-12-30;4;0
25;2025-12-30;5;9
25;2025-12-30;6;201
25;2025-12-30;7;540
25;2025-12-30;8;931
25;2025-12-30;9;454
25;2025-12-30;10;354
25;2025-12-30;11;385
25;2025-12-30;12;389
25;2025-12-30;13;457
25;2025-12-30;14;439
25;2025-12-30;15;535
25;2025-12-30;16;651
25;2025-12-30;17;728
25;2025-12-30;18;763
25;2025-12-30;19;524
25;2025-12-30;20;302
25;2025-12-30;21;202
25;2025-12-30;22;93
25;2025-12-30;23;2
25;2025-12-31;0;8
25;2025-12-31;1;0
25;2025-12-31;2;0
25;2025-12-31;3;0
25;2025-12-31;4;0
25;2025-12-31;5;4
25;2025-12-31;6;42
25;2025-12-31;7;42
25;2025-12-31;8;101
25;2025-12-31;9;94
25;2025-12-31;10;90
25;2025-12-31;11;141
25;2025-12-31;12;233
25;2025-12-31;13;310
25;2025-12-31;14;349
25;2025-12-31;15;419
25;2025-12-31;16;399
25;2025-12-31;17;386
25;2025-12-31;18;316
25;2025-12-31;19;237
25;2025-12-31;20;195
25;2025-12-31;21;132
25;2025-12-31;22;54
25;2025-12-31;23;14
26;2025-11-01;0;37
26;2025-11-01;1;2
26;2025-11-01;2;0
26;2025-11-01;3;0
26;2025-11-01;4;2
26;2025-11-01;5;76
26;2025-11-01;6;454
26;2025-11-01;7;995
26;2025-11-01;8;1917
26;2025-11-01;9;1289
26;2025-11-01;10;1123
26;2025-11-01;11;1050
26;2025-11-01;12;1087
26;2025-11-01;13;1121
26;2025-11-01;14;1223
26;2025-11-01;15;1311
26;2025-11-01;16;1470
26;2025-11-01;17;1581
26;2025-11-01;18;1274
26;2025-11-01;19;1000
26;2025-11-01;20;637
26;2025-11-01;21;426
26;2025-11-01;22;201
26;2025-11-01;23;139
26;2025-11-02;0;47
26;2025-11-02;1;4
26;2025-11-02;2;0
26;2025-11-02;3;0
26;2025-11-02;4;1
26;2025-11-02;5;27
26;2025-11-02;6;157
26;2025-11-02;7;261
26;2025-11-02;8;388
26;2025-11-02;9;536
26;2025-11-02;10;602
26;2025-11-02;11;801
26;2025-11-02;12;845
26;2025-11-02;13;839
26;2025-11-02;14;885
26;2025-11-02;15;835
26;2025-11-02;16;799
26;2025-11-02;17;805
26;2025-11-02;18;727
26;2025-11-02;19;553
26;2025-11-02;20;409
26;2025-11-02;21;297
26;2025-11-02;22;174
26;2025-11-02;23;100
26;2025-11-03;0;45
26;2025-11-03;1;3
26;2025-11-03;2;0
26;2025-11-03;3;0
26;2025-11-03;4;1
26;2025-11-03;5;48
26;2025-11-03;6;195
26;2025-11-03;7;287
26;2025-11-03;8;399
26;2025-11-03;9;506
26;2025-11-03;10;550
26;2025-11-03;11;676
26;2025-11-03;12;695
26;2025-11-03;13;728
26;2025-11-03;14;734
26;2025-11-03;15;707
26;2025-11-03;16;735
26;2025-11-03;17;748
26;2025-11-03;18;705
26;2025-11-03;19;585
26;2025-11-03;20;449
26;2025-11-03;21;331
26;2025-11-03;22;209
26;2025-11-03;23;137
26;2025-11-04;0;45
26;2025-11-04;1;4
26;2025-11-04;2;0
26;2025-11-04;3;0
26;2025-11-04;4;1
26;2025-11-04;5;44
26;2025-11-04;6;190
26;2025-11-04;7;283
26;2025-11-04;8;403
26;2025-11-04;9;491
26;2025-11-04;10;527
26;2025-11-04;11;666
26;2025-11-04;12;668
26;2025-11-04;13;712
26;2025-11-04;14;806
26;2025-11-04;15;753
26;2025-11-04;16;738
26;2025-11-04;17;747
26;2025-11-04;18;707
26;2025-11-04;19;578
26;2025-11-04;20;443
26;2025-11-04;21;328
26;2025-11-04;22;203
26;2025-11-04;23;133
26;2025-11-05;0;31
26;2025-11-05;1;0
26;2025-11-05;2;0
26;2025-11-05;3;0
26;2025-11-05;4;2
26;2025-11-05;5;94
26;2025-11-05;6;491
26;2025-11-05;7;1134
26;2025-11-05;8;2222
26;2025-11-05;9;1506
26;2025-11-05;10;1228
26;2025-11-05;11;1182
26;2025-11-05;12;1206
26;2025-11-05;13;1219
26;2025-11-05;14;1345
26;2025-11-05;15;1410
26;2025-11-05;16;1513
26;2025-11-05;17;1763
26;2025-11-05;18;1884
26;2025-11-05;19;1278
26;2025-11-05;20;788
26;2025-11-05;21;492
26;2025-11-05;22;226
26;2025-11-05;23;127
26;2025-11-06;0;32
26;2025-11-06;1;0
26;2025-11-06;2;0
26;2025-11-06;3;0
26;2025-11-06;4;2
26;2025-11-06;5;94
26;2025-11-06;6;492
26;2025-11-06;7;1137
26;2025-11-06;8;2225
26;2025-11-06;9;1506
26;2025-11-06;10;1233
26;2025-11-06;11;1169
26;2025-11-06;12;1207
26;2025-11-06;13;1219
26;2025-11-06;14;1344
26;2025-11-06;15;1403
26;2025-11-06;16;1508
26;2025-11-06;17;1767
26;2025-11-06;18;1886
26;2025-11-06;19;1279
26;2025-11-06;20;790
26;2025-11-06;21;495
26;2025-11-06;22;230
26;2025-11-06;23;133
26;2025-11-07;0;32
26;2025-11-07;1;1
26;2025-11-07;2;0
26;2025-11-07;3;0
26;2025-11-07;4;1
26;2025-11-07;5;89
26;2025-11-07;6;495
26;2025-11-07;7;1081
26;2025-11-07;8;2095
26;2025-11-07;9;1396
26;2025-11-07;10;1209
26;2025-11-07;11;1136
26;2025-11-07;12;1176
26;2025-11-07;13;1212
26;2025-11-07;14;1331
26;2025-11-07;15;1422
26;2025-11-07;16;1600
26;2025-11-07;17;1724
26;2025-11-07;18;1380
26;2025-11-07;19;1083
26;2025-11-07;20;691
26;2025-11-07;21;463
26;2025-11-07;22;218
26;2025-11-07;23;152
26;2025-11-08;0;49
26;2025-11-08;1;2
26;2025-11-08;2;0
26;2025-11-08;3;0
26;2025-11-08;4;2
26;2025-11-08;5;54
26;2025-11-08;6;247
26;2025-11-08;7;370
26;2025-11-08;8;600
26;2025-11-08;9;699
26;2025-11-08;10;806
26;2025-11-08;11;937
26;2025-11-08;12;1030
26;2025-11-08;13;1041
26;2025-11-08;14;1068
26;2025-11-08;15;1011
26;2025-11-08;16;1027
26;2025-11-08;17;968
26;2025-11-08;18;894
26;2025-11-08;19;770
26;2025-11-08;20;523
26;2025-11-08;21;360
26;2025-11-08;22;221
26;2025-11-08;23;154
26;2025-11-09;0;48
26;2025-11-09;1;5
26;2025-11-09;2;0
26;2025-11-09;3;0
26;2025-11-09;4;1
26;2025-11-09;5;36
26;2025-11-09;6;168
26;2025-11-09;7;275
26;2025-11-09;8;409
26;2025-11-09;9;546
26;2025-11-09;10;603
26;2025-11-09;11;802
26;2025-11-09;12;853
26;2025-11-09;13;890
26;2025-11-09;14;889
26;2025-11-09;15;840
26;2025-11-09;16;807
26;2025-11-09;17;818
26;2025-11-09;18;732
26;2025-11-09;19;557
26;2025-11-09;20;414
26;2025-11-09;21;301
26;2025-11-09;22;174
26;2025-11-09;23;101
26;2025-11-10;0;26
26;2025-11-10;1;2
26;2025-11-10;2;0
26;2025-11-10;3;0
26;2025-11-10;4;1
26;2025-11-10;5;93
26;2025-11-10;6;490
26;2025-11-10;7;1144
26;2025-11-10;8;2205
26;2025-11-10;9;1462
26;2025-11-10;10;1189
26;2025-11-10;11;1067
26;2025-11-10;12;1088
26;2025-11-10;13;1154
26;2025-11-10;14;1234
26;2025-11-10;15;1331
26;2025-11-10;16;1447
26;2025-11-10;17;1736
26;2025-11-10;18;1901
26;2025-11-10;19;1241
26;2025-11-10;20;757
26;2025-11-10;21;465
26;2025-11-10;22;204
26;2025-11-10;23;104
26;2025-11-11;0;30
26;2025-11-11;1;0
26;2025-11-11;2;0
26;2025-11-11;3;0
26;2025-11-11;4;2
26;2025-11-11;5;95
26;2025-11-11;6;491
26;2025-11-11;7;1133
26;2025-11-11;8;2223
26;2025-11-11;9;1504
26;2025-11-11;10;1215
26;2025-11-11;11;1165
26;2025-11-11;12;1194
26;2025-11-11;13;1215
26;2025-11-11;14;1331
26;2025-11-11;15;1394
26;2025-11-11;16;1502
26;2025-11-11;17;1753
26;2025-11-11;18;1884
26;2025-11-11;19;1273
26;2025-11-11;20;786
26;2025-11-11;21;490
26;2025-11-11;22;222
26;2025-11-11;23;120
26;2025-11-12;0;31
26;2025-11-12;1;0
26;2025-11-12;2;0
26;2025-11-12;3;0
26;2025-11-12;4;2
26;2025-11-12;5;93
26;2025-11-12;6;490
26;2025-11-12;7;1132
26;2025-11-12;8;2217
26;2025-11-12;9;1502
26;2025-11-12;10;1215
26;2025-11-12;11;1156
26;2025-11-12;12;1184
26;2025-11-12;13;1198
26;2025-11-12;14;1323
26;2025-11-12;15;1388
26;2025-11-12;16;1502
26;2025-11-12;17;1756
26;2025-11-12;18;1868
26;2025-11-12;19;1272
26;2025-11-12;20;787
26;2025-11-12;21;491
26;2025-11-12;22;225
26;2025-11-12;23;126
26;2025-11-13;0;32
26;2025-11-13;1;0
26;2025-11-13;2;0
26;2025-11-13;3;0
26;2025-11-13;4;2
26;2025-11-13;5;94
26;2025-11-13;6;492
26;2025-11-13;7;1133
26;2025-11-13;8;2220
26;2025-11-13;9;1505
26;2025-11-13;10;1229
26;2025-11-13;11;1176
26;2025-11-13;12;1203
26;2025-11-13;13;1215
26;2025-11-13;14;1335
26;2025-11-13;15;1405
26;2025-11-13;16;1510
26;2025-11-13;17;1761
26;2025-11-13;18;1882
26;2025-11-13;19;1276
26;2025-11-13;20;788
26;2025-11-13;21;493
26;2025-11-13;22;227
26;2025-11-13;23;131
26;2025-11-14;0;32
26;2025-11-14;1;1
26;2025-11-14;2;0
26;2025-11-14;3;0
26;2025-11-14;4;1
26;2025-11-14;5;81
26;2025-11-14;6;490
26;2025-11-14;7;1074
26;2025-11-14;8;2089
26;2025-11-14;9;1396
26;2025-11-14;10;1223
26;2025-11-14;11;1139
26;2025-11-14;12;1177
26;2025-11-14;13;1209
26;2025-11-14;14;1328
26;2025-11-14;15;1419
26;2025-11-14;16;1596
26;2025-11-14;17;1720
26;2025-11-14;18;1375
26;2025-11-14;19;1080
26;2025-11-14;20;679
26;2025-11-14;21;451
26;2025-11-14;22;206
26;2025-11-14;23;145
26;2025-11-15;0;46
26;2025-11-15;1;1
26;2025-11-15;2;0
26;2025-11-15;3;0
26;2025-11-15;4;2
26;2025-11-15;5;54
26;2025-11-15;6;238
26;2025-11-15;7;362
26;2025-11-15;8;608
26;2025-11-15;9;702
26;2025-11-15;10;783
26;2025-11-15;11;902
26;2025-11-15;12;989
26;2025-11-15;13;1017
26;2025-11-15;14;1096
26;2025-11-15;15;1028
26;2025-11-15;16;1042
26;2025-11-15;17;981
26;2025-11-15;18;897
26;2025-11-15;19;773
26;2025-11-15;20;518
26;2025-11-15;21;353
26;2025-11-15;22;214
26;2025-11-15;23;144
26;2025-11-16;0;46
26;2025-11-16;1;5
26;2025-11-16;2;0
26;2025-11-16;3;0
26;2025-11-16;4;1
26;2025-11-16;5;10
26;2025-11-16;6;151
26;2025-11-16;7;240
26;2025-11-16;8;349
26;2025-11-16;9;498
26;2025-11-16;10;563
26;2025-11-16;11;777
26;2025-11-16;12;823
26;2025-11-16;13;861
26;2025-11-16;14;857
26;2025-11-16;15;803
26;2025-11-16;16;772
26;2025-11-16;17;775
26;2025-11-16;18;692
26;2025-11-16;19;532
26;2025-11-16;20;394
26;2025-11-16;21;283
26;2025-11-16;22;166
26;2025-11-16;23;98
26;2025-11-17;0;27
26;2025-11-17;1;2
26;2025-11-17;2;0
26;2025-11-17;3;0
26;2025-11-17;4;1
26;2025-11-17;5;90
26;2025-11-17;6;488
26;2025-11-17;7;1131
26;2025-11-17;8;2190
26;2025-11-17;9;1452
26;2025-11-17;10;1191
26;2025-11-17;11;1062
26;2025-11-17;12;1086
26;2025-11-17;13;1119
26;2025-11-17;14;1216
26;2025-11-17;15;1315
26;2025-11-17;16;1432
26;2025-11-17;17;1719
26;2025-11-17;18;1895
26;2025-11-17;19;1234
26;2025-11-17;20;753
26;2025-11-17;21;468
26;2025-11-17;22;204
26;2025-11-17;23;104
26;2025-11-18;0;30
26;2025-11-18;1;0
26;2025-11-18;2;0
26;2025-11-18;3;0
26;2025-11-18;4;3
26;2025-11-18;5;83
26;2025-11-18;6;490
26;2025-11-18;7;1141
26;2025-11-18;8;2238
26;2025-11-18;9;1500
26;2025-11-18;10;1189
26;2025-11-18;11;1156
26;2025-11-18;12;1184
26;2025-11-18;13;1196
26;2025-11-18;14;1313
26;2025-11-18;15;1388
26;2025-11-18;16;1506
26;2025-11-18;17;1751
26;2025-11-18;18;1866
26;2025-11-18;19;1275
26;2025-11-18;20;781
26;2025-11-18;21;487
26;2025-11-18;22;221
26;2025-11-18;23;120
26;2025-11-19;0;31
26;2025-11-19;1;0
26;2025-11-19;2;0
26;2025-11-19;3;0
26;2025-11-19;4;2
26;2025-11-19;5;94
26;2025-11-19;6;491
26;2025-11-19;7;1131
26;2025-11-19;8;2218
26;2025-11-19;9;1501
26;2025-11-19;10;1215
26;2025-11-19;11;1162
26;2025-11-19;12;1181
26;2025-11-19;13;1195
26;2025-11-19;14;1312
26;2025-11-19;15;1383
26;2025-11-19;16;1494
26;2025-11-19;17;1746
26;2025-11-19;18;1873
26;2025-11-19;19;1269
26;2025-11-19;20;786
26;2025-11-19;21;491
26;2025-11-19;22;226
26;2025-11-19;23;125
26;2025-11-20;0;32
26;2025-11-20;1;0
26;2025-11-20;2;0
26;2025-11-20;3;0
26;2025-11-20;4;2
26;2025-11-20;5;93
26;2025-11-20;6;488
26;2025-11-20;7;1129
26;2025-11-20;8;2211
26;2025-11-20;9;1500
26;2025-11-20;10;1215
26;2025-11-20;11;1162
26;2025-11-20;12;1181
26;2025-11-20;13;1194
26;2025-11-20;14;1313
26;2025-11-20;15;1383
26;2025-11-20;16;1492
26;2025-11-20;17;1746
26;2025-11-20;18;1872
26;2025-11-20;19;1262
26;2025-11-20;20;780
26;2025-11-20;21;487
26;2025-11-20;22;223
26;2025-11-20;23;128
26;2025-11-21;0;31
26;2025-11-21;1;1
26;2025-11-21;2;0
26;2025-11-21;3;0
26;2025-11-21;4;1
26;2025-11-21;5;88
26;2025-11-21;6;491
26;2025-11-21;7;1063
26;2025-11-21;8;2080
26;2025-11-21;9;1387
26;2025-11-21;10;1206
26;2025-11-21;11;1123
26;2025-11-21;12;1141
26;2025-11-21;13;1191
26;2025-11-21;14;1300
26;2025-11-21;15;1393
26;2025-11-21;16;1581
26;2025-11-21;17;1705
26;2025-11-21;18;1366
26;2025-11-21;19;1074
26;2025-11-21;20;684
26;2025-11-21;21;458
26;2025-11-21;22;216
26;2025-11-21;23;149
26;2025-11-22;0;47
26;2025-11-22;1;2
26;2025-11-22;2;0
26;2025-11-22;3;0
26;2025-11-22;4;2
26;2025-11-22;5;51
26;2025-11-22;6;240
26;2025-11-22;7;366
26;2025-11-22;8;605
26;2025-11-22;9;703
26;2025-11-22;10;833
26;2025-11-22;11;970
26;2025-11-22;12;1058
26;2025-11-22;13;1074
26;2025-11-22;14;1096
26;2025-11-22;15;1032
26;2025-11-22;16;1045
26;2025-11-22;17;984
26;2025-11-22;18;904
26;2025-11-22;19;773
26;2025-11-22;20;526
26;2025-11-22;21;347
26;2025-11-22;22;211
26;2025-11-22;23;151
26;2025-11-23;0;46
26;2025-11-23;1;5
26;2025-11-23;2;0
26;2025-11-23;3;0
26;2025-11-23;4;1
26;2025-11-23;5;25
26;2025-11-23;6;156
26;2025-11-23;7;256
26;2025-11-23;8;389
26;2025-11-23;9;531
26;2025-11-23;10;594
26;2025-11-23;11;794
26;2025-11-23;12;846
26;2025-11-23;13;881
26;2025-11-23;14;879
26;2025-11-23;15;822
26;2025-11-23;16;791
26;2025-11-23;17;795
26;2025-11-23;18;695
26;2025-11-23;19;535
26;2025-11-23;20;403
26;2025-11-23;21;287
26;2025-11-23;22;168
26;2025-11-23;23;100
26;2025-11-24;0;27
26;2025-11-24;1;1
26;2025-11-24;2;0
26;2025-11-24;3;0
26;2025-11-24;4;1
26;2025-11-24;5;85
26;2025-11-24;6;483
26;2025-11-24;7;1159
26;2025-11-24;8;2190
26;2025-11-24;9;1461
26;2025-11-24;10;1165
26;2025-11-24;11;1040
26;2025-11-24;12;1090
26;2025-11-24;13;1155
26;2025-11-24;14;1228
26;2025-11-24;15;1327
26;2025-11-24;16;1450
26;2025-11-24;17;1731
26;2025-11-24;18;1895
26;2025-11-24;19;1239
26;2025-11-24;20;755
26;2025-11-24;21;464
26;2025-11-24;22;205
26;2025-11-24;23;103
26;2025-11-25;0;30
26;2025-11-25;1;0
26;2025-11-25;2;0
26;2025-11-25;3;0
26;2025-11-25;4;2
26;2025-11-25;5;95
26;2025-11-25;6;492
26;2025-11-25;7;1132
26;2025-11-25;8;2220
26;2025-11-25;9;1504
26;2025-11-25;10;1218
26;2025-11-25;11;1161
26;2025-11-25;12;1179
26;2025-11-25;13;1199
26;2025-11-25;14;1313
26;2025-11-25;15;1381
26;2025-11-25;16;1493
26;2025-11-25;17;1747
26;2025-11-25;18;1878
26;2025-11-25;19;1271
26;2025-11-25;20;785
26;2025-11-25;21;489
26;2025-11-25;22;222
26;2025-11-25;23;121
26;2025-11-26;0;31
26;2025-11-26;1;1
26;2025-11-26;2;0
26;2025-11-26;3;0
26;2025-11-26;4;2
26;2025-11-26;5;98
26;2025-11-26;6;495
26;2025-11-26;7;1156
26;2025-11-26;8;2245
26;2025-11-26;9;1513
26;2025-11-26;10;1211
26;2025-11-26;11;1160
26;2025-11-26;12;1181
26;2025-11-26;13;1193
26;2025-11-26;14;1309
26;2025-11-26;15;1379
26;2025-11-26;16;1483
26;2025-11-26;17;1736
26;2025-11-26;18;1860
26;2025-11-26;19;1274
26;2025-11-26;20;783
26;2025-11-26;21;489
26;2025-11-26;22;224
26;2025-11-26;23;124
26;2025-11-27;0;32
26;2025-11-27;1;0
26;2025-11-27;2;0
26;2025-11-27;3;0
26;2025-11-27;4;2
26;2025-11-27;5;94
26;2025-11-27;6;491
26;2025-11-27;7;1134
26;2025-11-27;8;2214
26;2025-11-27;9;1505
26;2025-11-27;10;1224
26;2025-11-27;11;1163
26;2025-11-27;12;1189
26;2025-11-27;13;1203
26;2025-11-27;14;1320
26;2025-11-27;15;1399
26;2025-11-27;16;1510
26;2025-11-27;17;1746
26;2025-11-27;18;1857
26;2025-11-27;19;1279
26;2025-11-27;20;787
26;2025-11-27;21;493
26;2025-11-27;22;227
26;2025-11-27;23;133
26;2025-11-28;0;30
26;2025-11-28;1;0
26;2025-11-28;2;0
26;2025-11-28;3;0
26;2025-11-28;4;1
26;2025-11-28;5;82
26;2025-11-28;6;491
26;2025-11-28;7;1073
26;2025-11-28;8;2080
26;2025-11-28;9;1387
26;2025-11-28;10;1204
26;2025-11-28;11;1120
26;2025-11-28;12;1153
26;2025-11-28;13;1194
26;2025-11-28;14;1309
26;2025-11-28;15;1404
26;2025-11-28;16;1582
26;2025-11-28;17;1706
26;2025-11-28;18;1361
26;2025-11-28;19;1072
26;2025-11-28;20;680
26;2025-11-28;21;455
26;2025-11-28;22;215
26;2025-11-28;23;147
26;2025-11-29;0;47
26;2025-11-29;1;2
26;2025-11-29;2;0
26;2025-11-29;3;0
26;2025-11-29;4;2
26;2025-11-29;5;52
26;2025-11-29;6;248
26;2025-11-29;7;367
26;2025-11-29;8;593
26;2025-11-29;9;720
26;2025-11-29;10;832
26;2025-11-29;11;968
26;2025-11-29;12;1056
26;2025-11-29;13;1072
26;2025-11-29;14;1096
26;2025-11-29;15;1028
26;2025-11-29;16;1042
26;2025-11-29;17;982
26;2025-11-29;18;897
26;2025-11-29;19;773
26;2025-11-29;20;526
26;2025-11-29;21;362
26;2025-11-29;22;223
26;2025-11-29;23;154
26;2025-11-30;0;47
26;2025-11-30;1;5
26;2025-11-30;2;0
26;2025-11-30;3;0
26;2025-11-30;4;1
26;2025-11-30;5;26
26;2025-11-30;6;159
26;2025-11-30;7;260
26;2025-11-30;8;390
26;2025-11-30;9;531
26;2025-11-30;10;594
26;2025-11-30;11;793
26;2025-11-30;12;844
26;2025-11-30;13;881
26;2025-11-30;14;885
26;2025-11-30;15;833
26;2025-11-30;16;800
26;2025-11-30;17;810
26;2025-11-30;18;723
26;2025-11-30;19;552
26;2025-11-30;20;411
26;2025-11-30;21;301
26;2025-11-30;22;174
26;2025-11-30;23;103
26;2025-12-01;0;27
26;2025-12-01;1;2
26;2025-12-01;2;0
26;2025-12-01;3;0
26;2025-12-01;4;1
26;2025-12-01;5;92
26;2025-12-01;6;494
26;2025-12-01;7;1149
26;2025-12-01;8;2216
26;2025-12-01;9;1467
26;2025-12-01;10;1196
26;2025-12-01;11;1076
26;2025-12-01;12;1100
26;2025-12-01;13;1161
26;2025-12-01;14;1233
26;2025-12-01;15;1334
26;2025-12-01;16;1448
26;2025-12-01;17;1739
26;2025-12-01;18;1908
26;2025-12-01;19;1246
26;2025-12-01;20;760
26;2025-12-01;21;467
26;2025-12-01;22;206
26;2025-12-01;23;106
26;2025-12-02;0;30
26;2025-12-02;1;0
26;2025-12-02;2;0
26;2025-12-02;3;0
26;2025-12-02;4;2
26;2025-12-02;5;96
26;2025-12-02;6;496
26;2025-12-02;7;1140
26;2025-12-02;8;2236
26;2025-12-02;9;1513
26;2025-12-02;10;1225
26;2025-12-02;11;1165
26;2025-12-02;12;1184
26;2025-12-02;13;1204
26;2025-12-02;14;1319
26;2025-12-02;15;1390
26;2025-12-02;16;1502
26;2025-12-02;17;1757
26;2025-12-02;18;1890
26;2025-12-02;19;1279
26;2025-12-02;20;790
26;2025-12-02;21;493
26;2025-12-02;22;223
26;2025-12-02;23;121
26;2025-12-03;0;31
26;2025-12-03;1;0
26;2025-12-03;2;0
26;2025-12-03;3;0
26;2025-12-03;4;2
26;2025-12-03;5;94
26;2025-12-03;6;494
26;2025-12-03;7;1139
26;2025-12-03;8;2232
26;2025-12-03;9;1511
26;2025-12-03;10;1222
26;2025-12-03;11;1168
26;2025-12-03;12;1187
26;2025-12-03;13;1203
26;2025-12-03;14;1320
26;2025-12-03;15;1392
26;2025-12-03;16;1503
26;2025-12-03;17;1759
26;2025-12-03;18;1886
26;2025-12-03;19;1276
26;2025-12-03;20;790
26;2025-12-03;21;493
26;2025-12-03;22;227
26;2025-12-03;23;128
26;2025-12-04;0;32
26;2025-12-04;1;0
26;2025-12-04;2;0
26;2025-12-04;3;0
26;2025-12-04;4;2
26;2025-12-04;5;93
26;2025-12-04;6;492
26;2025-12-04;7;1137
26;2025-12-04;8;2229
26;2025-12-04;9;1509
26;2025-12-04;10;1221
26;2025-12-04;11;1168
26;2025-12-04;12;1188
26;2025-12-04;13;1204
26;2025-12-04;14;1323
26;2025-12-04;15;1395
26;2025-12-04;16;1506
26;2025-12-04;17;1761
26;2025-12-04;18;1889
26;2025-12-04;19;1277
26;2025-12-04;20;789
26;2025-12-04;21;495
26;2025-12-04;22;228
26;2025-12-04;23;131
26;2025-12-05;0;31
26;2025-12-05;1;1
26;2025-12-05;2;0
26;2025-12-05;3;0
26;2025-12-05;4;1
26;2025-12-05;5;79
26;2025-12-05;6;490
26;2025-12-05;7;1076
26;2025-12-05;8;2092
26;2025-12-05;9;1395
26;2025-12-05;10;1213
26;2025-12-05;11;1131
26;2025-12-05;12;1165
26;2025-12-05;13;1200
26;2025-12-05;14;1309
26;2025-12-05;15;1403
26;2025-12-05;16;1592
26;2025-12-05;17;1716
26;2025-12-05;18;1370
26;2025-12-05;19;1079
26;2025-12-05;20;685
26;2025-12-05;21;458
26;2025-12-05;22;217
26;2025-12-05;23;148
26;2025-12-06;0;48
26;2025-12-06;1;2
26;2025-12-06;2;0
26;2025-12-06;3;0
26;2025-12-06;4;2
26;2025-12-06;5;54
26;2025-12-06;6;254
26;2025-12-06;7;377
26;2025-12-06;8;608
26;2025-12-06;9;741
26;2025-12-06;10;855
26;2025-12-06;11;992
26;2025-12-06;12;1087
26;2025-12-06;13;1106
26;2025-12-06;14;1128
26;2025-12-06;15;1065
26;2025-12-06;16;1077
26;2025-12-06;17;1012
26;2025-12-06;18;934
26;2025-12-06;19;793
26;2025-12-06;20;537
26;2025-12-06;21;371
26;2025-12-06;22;228
26;2025-12-06;23;157
26;2025-12-07;0;48
26;2025-12-07;1;5
26;2025-12-07;2;0
26;2025-12-07;3;0
26;2025-12-07;4;1
26;2025-12-07;5;27
26;2025-12-07;6;163
26;2025-12-07;7;267
26;2025-12-07;8;401
26;2025-12-07;9;547
26;2025-12-07;10;612
26;2025-12-07;11;816
26;2025-12-07;12;871
26;2025-12-07;13;907
26;2025-12-07;14;905
26;2025-12-07;15;851
26;2025-12-07;16;814
26;2025-12-07;17;826
26;2025-12-07;18;726
26;2025-12-07;19;562
26;2025-12-07;20;416
26;2025-12-07;21;301
26;2025-12-07;22;178
26;2025-12-07;23;107
26;2025-12-08;0;27
26;2025-12-08;1;2
26;2025-12-08;2;0
26;2025-12-08;3;0
26;2025-12-08;4;1
26;2025-12-08;5;92
26;2025-12-08;6;494
26;2025-12-08;7;1149
26;2025-12-08;8;2216
26;2025-12-08;9;1468
26;2025-12-08;10;1196
26;2025-12-08;11;1076
26;2025-12-08;12;1100
26;2025-12-08;13;1159
26;2025-12-08;14;1234
26;2025-12-08;15;1334
26;2025-12-08;16;1448
26;2025-12-08;17;1739
26;2025-12-08;18;1908
26;2025-12-08;19;1246
26;2025-12-08;20;760
26;2025-12-08;21;467
26;2025-12-08;22;206
26;2025-12-08;23;106
26;2025-12-09;0;30
26;2025-12-09;1;0
26;2025-12-09;2;0
26;2025-12-09;3;0
26;2025-12-09;4;2
26;2025-12-09;5;95
26;2025-12-09;6;495
26;2025-12-09;7;1139
26;2025-12-09;8;2235
26;2025-12-09;9;1514
26;2025-12-09;10;1226
26;2025-12-09;11;1166
26;2025-12-09;12;1186
26;2025-12-09;13;1206
26;2025-12-09;14;1320
26;2025-12-09;15;1390
26;2025-12-09;16;1498
26;2025-12-09;17;1755
26;2025-12-09;18;1888
26;2025-12-09;19;1280
26;2025-12-09;20;791
26;2025-12-09;21;494
26;2025-12-09;22;225
26;2025-12-09;23;122
26;2025-12-10;0;31
26;2025-12-10;1;1
26;2025-12-10;2;0
26;2025-12-10;3;0
26;2025-12-10;4;2
26;2025-12-10;5;112
26;2025-12-10;6;512
26;2025-12-10;7;1171
26;2025-12-10;8;2230
26;2025-12-10;9;1530
26;2025-12-10;10;1236
26;2025-12-10;11;1171
26;2025-12-10;12;1190
26;2025-12-10;13;1205
26;2025-12-10;14;1321
26;2025-12-10;15;1392
26;2025-12-10;16;1501
26;2025-12-10;17;1757
26;2025-12-10;18;1884
26;2025-12-10;19;1277
26;2025-12-10;20;791
26;2025-12-10;21;494
26;2025-12-10;22;228
26;2025-12-10;23;128
26;2025-12-11;0;32
26;2025-12-11;1;0
26;2025-12-11;2;0
26;2025-12-11;3;0
26;2025-12-11;4;2
26;2025-12-11;5;93
26;2025-12-11;6;492
26;2025-12-11;7;1137
26;2025-12-11;8;2221
26;2025-12-11;9;1501
26;2025-12-11;10;1217
26;2025-12-11;11;1161
26;2025-12-11;12;1183
26;2025-12-11;13;1199
26;2025-12-11;14;1321
26;2025-12-11;15;1391
26;2025-12-11;16;1497
26;2025-12-11;17;1745
26;2025-12-11;18;1863
26;2025-12-11;19;1288
26;2025-12-11;20;795
26;2025-12-11;21;496
26;2025-12-11;22;228
26;2025-12-11;23;131
26;2025-12-12;0;32
26;2025-12-12;1;1
26;2025-12-12;2;0
26;2025-12-12;3;0
26;2025-12-12;4;1
26;2025-12-12;5;82
26;2025-12-12;6;492
26;2025-12-12;7;1079
26;2025-12-12;8;2099
26;2025-12-12;9;1403
26;2025-12-12;10;1211
26;2025-12-12;11;1133
26;2025-12-12;12;1152
26;2025-12-12;13;1169
26;2025-12-12;14;1285
26;2025-12-12;15;1351
26;2025-12-12;16;1537
26;2025-12-12;17;1683
26;2025-12-12;18;1374
26;2025-12-12;19;1071
26;2025-12-12;20;689
26;2025-12-12;21;461
26;2025-12-12;22;205
26;2025-12-12;23;147
26;2025-12-13;0;48
26;2025-12-13;1;2
26;2025-12-13;2;0
26;2025-12-13;3;0
26;2025-12-13;4;2
26;2025-12-13;5;45
26;2025-12-13;6;239
26;2025-12-13;7;353
26;2025-12-13;8;586
26;2025-12-13;9;708
26;2025-12-13;10;819
26;2025-12-13;11;957
26;2025-12-13;12;1035
26;2025-12-13;13;1049
26;2025-12-13;14;1079
26;2025-12-13;15;1024
26;2025-12-13;16;1036
26;2025-12-13;17;973
26;2025-12-13;18;914
26;2025-12-13;19;776
26;2025-12-13;20;505
26;2025-12-13;21;341
26;2025-12-13;22;219
26;2025-12-13;23;146
26;2025-12-14;0;48
26;2025-12-14;1;6
26;2025-12-14;2;0
26;2025-12-14;3;0
26;2025-12-14;4;1
26;2025-12-14;5;10
26;2025-12-14;6;136
26;2025-12-14;7;228
26;2025-12-14;8;359
26;2025-12-14;9;509
26;2025-12-14;10;571
26;2025-12-14;11;780
26;2025-12-14;12;827
26;2025-12-14;13;861
26;2025-12-14;14;864
26;2025-12-14;15;817
26;2025-12-14;16;788
26;2025-12-14;17;798
26;2025-12-14;18;721
26;2025-12-14;19;555
26;2025-12-14;20;406
26;2025-12-14;21;294
26;2025-12-14;22;178
26;2025-12-14;23;106
26;2025-12-15;0;27
26;2025-12-15;1;2
26;2025-12-15;2;0
26;2025-12-15;3;0
26;2025-12-15;4;1
26;2025-12-15;5;93
26;2025-12-15;6;496
26;2025-12-15;7;1148
26;2025-12-15;8;2219
26;2025-12-15;9;1474
26;2025-12-15;10;1203
26;2025-12-15;11;1051
26;2025-12-15;12;1096
26;2025-12-15;13;1150
26;2025-12-15;14;1228
26;2025-12-15;15;1333
26;2025-12-15;16;1449
26;2025-12-15;17;1742
26;2025-12-15;18;1915
26;2025-12-15;19;1256
26;2025-12-15;20;762
26;2025-12-15;21;467
26;2025-12-15;22;206
26;2025-12-15;23;107
26;2025-12-16;0;31
26;2025-12-16;1;1
26;2025-12-16;2;0
26;2025-12-16;3;0
26;2025-12-16;4;2
26;2025-12-16;5;92
26;2025-12-16;6;491
26;2025-12-16;7;1131
26;2025-12-16;8;2225
26;2025-12-16;9;1502
26;2025-12-16;10;1221
26;2025-12-16;11;1174
26;2025-12-16;12;1198
26;2025-12-16;13;1179
26;2025-12-16;14;1313
26;2025-12-16;15;1390
26;2025-12-16;16;1502
26;2025-12-16;17;1757
26;2025-12-16;18;1890
26;2025-12-16;19;1278
26;2025-12-16;20;788
26;2025-12-16;21;490
26;2025-12-16;22;222
26;2025-12-16;23;120
26;2025-12-17;0;31
26;2025-12-17;1;0
26;2025-12-17;2;0
26;2025-12-17;3;0
26;2025-12-17;4;2
26;2025-12-17;5;94
26;2025-12-17;6;493
26;2025-12-17;7;1139
26;2025-12-17;8;2232
26;2025-12-17;9;1512
26;2025-12-17;10;1222
26;2025-12-17;11;1168
26;2025-12-17;12;1187
26;2025-12-17;13;1203
26;2025-12-17;14;1320
26;2025-12-17;15;1392
26;2025-12-17;16;1503
26;2025-12-17;17;1759
26;2025-12-17;18;1886
26;2025-12-17;19;1276
26;2025-12-17;20;790
26;2025-12-17;21;493
26;2025-12-17;22;227
26;2025-12-17;23;128
26;2025-12-18;0;32
26;2025-12-18;1;0
26;2025-12-18;2;0
26;2025-12-18;3;0
26;2025-12-18;4;2
26;2025-12-18;5;93
26;2025-12-18;6;492
26;2025-12-18;7;1137
26;2025-12-18;8;2227
26;2025-12-18;9;1509
26;2025-12-18;10;1222
26;2025-12-18;11;1169
26;2025-12-18;12;1190
26;2025-12-18;13;1204
26;2025-12-18;14;1321
26;2025-12-18;15;1393
26;2025-12-18;16;1501
26;2025-12-18;17;1759
26;2025-12-18;18;1886
26;2025-12-18;19;1275
26;2025-12-18;20;787
26;2025-12-18;21;491
26;2025-12-18;22;226
26;2025-12-18;23;130
26;2025-12-19;0;31
26;2025-12-19;1;1
26;2025-12-19;2;0
26;2025-12-19;3;0
26;2025-12-19;4;1
26;2025-12-19;5;79
26;2025-12-19;6;490
26;2025-12-19;7;1075
26;2025-12-19;8;2092
26;2025-12-19;9;1396
26;2025-12-19;10;1215
26;2025-12-19;11;1132
26;2025-12-19;12;1168
26;2025-12-19;13;1202
26;2025-12-19;14;1311
26;2025-12-19;15;1397
26;2025-12-19;16;1583
26;2025-12-19;17;1694
26;2025-12-19;18;1372
26;2025-12-19;19;1078
26;2025-12-19;20;688
26;2025-12-19;21;459
26;2025-12-19;22;214
26;2025-12-19;23;148
26;2025-12-20;0;48
26;2025-12-20;1;2
26;2025-12-20;2;0
26;2025-12-20;3;0
26;2025-12-20;4;2
26;2025-12-20;5;53
26;2025-12-20;6;255
26;2025-12-20;7;377
26;2025-12-20;8;609
26;2025-12-20;9;742
26;2025-12-20;10;854
26;2025-12-20;11;990
26;2025-12-20;12;1086
26;2025-12-20;13;1102
26;2025-12-20;14;1122
26;2025-12-20;15;1058
26;2025-12-20;16;1071
26;2025-12-20;17;1010
26;2025-12-20;18;922
26;2025-12-20;19;785
26;2025-12-20;20;533
26;2025-12-20;21;365
26;2025-12-20;22;223
26;2025-12-20;23;154
26;2025-12-21;0;48
26;2025-12-21;1;5
26;2025-12-21;2;0
26;2025-12-21;3;0
26;2025-12-21;4;1
26;2025-12-21;5;28
26;2025-12-21;6;162
26;2025-12-21;7;267
26;2025-12-21;8;401
26;2025-12-21;9;546
26;2025-12-21;10;611
26;2025-12-21;11;816
26;2025-12-21;12;871
26;2025-12-21;13;905
26;2025-12-21;14;901
26;2025-12-21;15;847
26;2025-12-21;16;814
26;2025-12-21;17;825
26;2025-12-21;18;725
26;2025-12-21;19;562
26;2025-12-21;20;416
26;2025-12-21;21;301
26;2025-12-21;22;169
26;2025-12-21;23;105
26;2025-12-22;0;27
26;2025-12-22;1;1
26;2025-12-22;2;0
26;2025-12-22;3;0
26;2025-12-22;4;1
26;2025-12-22;5;92
26;2025-12-22;6;494
26;2025-12-22;7;1150
26;2025-12-22;8;2220
26;2025-12-22;9;1474
26;2025-12-22;10;1212
26;2025-12-22;11;1070
26;2025-12-22;12;1096
26;2025-12-22;13;1159
26;2025-12-22;14;1234
26;2025-12-22;15;1329
26;2025-12-22;16;1448
26;2025-12-22;17;1735
26;2025-12-22;18;1898
26;2025-12-22;19;1242
26;2025-12-22;20;757
26;2025-12-22;21;466
26;2025-12-22;22;201
26;2025-12-22;23;98
26;2025-12-23;0;31
26;2025-12-23;1;1
26;2025-12-23;2;0
26;2025-12-23;3;0
26;2025-12-23;4;2
26;2025-12-23;5;96
26;2025-12-23;6;498
26;2025-12-23;7;1141
26;2025-12-23;8;2239
26;2025-12-23;9;1521
26;2025-12-23;10;1223
26;2025-12-23;11;1167
26;2025-12-23;12;1186
26;2025-12-23;13;1202
26;2025-12-23;14;1314
26;2025-12-23;15;1385
26;2025-12-23;16;1493
26;2025-12-23;17;1749
26;2025-12-23;18;1888
26;2025-12-23;19;1285
26;2025-12-23;20;790
26;2025-12-23;21;492
26;2025-12-23;22;222
26;2025-12-23;23;119
26;2025-12-24;0;31
26;2025-12-24;1;1
26;2025-12-24;2;0
26;2025-12-24;3;0
26;2025-12-24;4;2
26;2025-12-24;5;92
26;2025-12-24;6;488
26;2025-12-24;7;1132
26;2025-12-24;8;2219
26;2025-12-24;9;1509
26;2025-12-24;10;1222
26;2025-12-24;11;1170
26;2025-12-24;12;1165
26;2025-12-24;13;1182
26;2025-12-24;14;1321
26;2025-12-24;15;1373
26;2025-12-24;16;1498
26;2025-12-24;17;1754
26;2025-12-24;18;1864
26;2025-12-24;19;1278
26;2025-12-24;20;781
26;2025-12-24;21;476
26;2025-12-24;22;211
26;2025-12-24;23;118
26;2025-12-25;0;32
26;2025-12-25;1;0
26;2025-12-25;2;0
26;2025-12-25;3;0
26;2025-12-25;4;2
26;2025-12-25;5;94
26;2025-12-25;6;500
26;2025-12-25;7;1126
26;2025-12-25;8;2213
26;2025-12-25;9;1497
26;2025-12-25;10;1211
26;2025-12-25;11;1157
26;2025-12-25;12;1179
26;2025-12-25;13;1193
26;2025-12-25;14;1310
26;2025-12-25;15;1380
26;2025-12-25;16;1506
26;2025-12-25;17;1747
26;2025-12-25;18;1866
26;2025-12-25;19;1284
26;2025-12-25;20;793
26;2025-12-25;21;496
26;2025-12-25;22;230
26;2025-12-25;23;129
26;2025-12-26;0;30
26;2025-12-26;1;0
26;2025-12-26;2;0
26;2025-12-26;3;0
26;2025-12-26;4;1
26;2025-12-26;5;69
26;2025-12-26;6;492
26;2025-12-26;7;1081
26;2025-12-26;8;2124
26;2025-12-26;9;1391
26;2025-12-26;10;1191
26;2025-12-26;11;1124
26;2025-12-26;12;1139
26;2025-12-26;13;1178
26;2025-12-26;14;1288
26;2025-12-26;15;1384
26;2025-12-26;16;1564
26;2025-12-26;17;1682
26;2025-12-26;18;1368
26;2025-12-26;19;1083
26;2025-12-26;20;682
26;2025-12-26;21;449
26;2025-12-26;22;205
26;2025-12-26;23;150
26;2025-12-27;0;48
26;2025-12-27;1;3
26;2025-12-27;2;0
26;2025-12-27;3;0
26;2025-12-27;4;2
26;2025-12-27;5;55
26;2025-12-27;6;255
26;2025-12-27;7;377
26;2025-12-27;8;609
26;2025-12-27;9;726
26;2025-12-27;10;856
26;2025-12-27;11;996
26;2025-12-27;12;1078
26;2025-12-27;13;1093
26;2025-12-27;14;1114
26;2025-12-27;15;1037
26;2025-12-27;16;1051
26;2025-12-27;17;989
26;2025-12-27;18;912
26;2025-12-27;19;774
26;2025-12-27;20;521
26;2025-12-27;21;357
26;2025-12-27;22;216
26;2025-12-27;23;153
26;2025-12-28;0;47
26;2025-12-28;1;5
26;2025-12-28;2;0
26;2025-12-28;3;0
26;2025-12-28;4;1
26;2025-12-28;5;33
26;2025-12-28;6;172
26;2025-12-28;7;277
26;2025-12-28;8;428
26;2025-12-28;9;553
26;2025-12-28;10;602
26;2025-12-28;11;784
26;2025-12-28;12;815
26;2025-12-28;13;843
26;2025-12-28;14;836
26;2025-12-28;15;785
26;2025-12-28;16;789
26;2025-12-28;17;798
26;2025-12-28;18;707
26;2025-12-28;19;542
26;2025-12-28;20;394
26;2025-12-28;21;282
26;2025-12-28;22;162
26;2025-12-28;23;100
26;2025-12-29;0;25
26;2025-12-29;1;2
26;2025-12-29;2;0
26;2025-12-29;3;0
26;2025-12-29;4;1
26;2025-12-29;5;83
26;2025-12-29;6;458
26;2025-12-29;7;1058
26;2025-12-29;8;2020
26;2025-12-29;9;1346
26;2025-12-29;10;1084
26;2025-12-29;11;973
26;2025-12-29;12;993
26;2025-12-29;13;1046
26;2025-12-29;14;1123
26;2025-12-29;15;1219
26;2025-12-29;16;1329
26;2025-12-29;17;1597
26;2025-12-29;18;1749
26;2025-12-29;19;1171
26;2025-12-29;20;698
26;2025-12-29;21;421
26;2025-12-29;22;184
26;2025-12-29;23;90
26;2025-12-30;0;29
26;2025-12-30;1;1
26;2025-12-30;2;0
26;2025-12-30;3;0
26;2025-12-30;4;2
26;2025-12-30;5;78
26;2025-12-30;6;446
26;2025-12-30;7;1052
26;2025-12-30;8;2062
26;2025-12-30;9;1384
26;2025-12-30;10;1112
26;2025-12-30;11;1052
26;2025-12-30;12;1061
26;2025-12-30;13;1076
26;2025-12-30;14;1182
26;2025-12-30;15;1265
26;2025-12-30;16;1364
26;2025-12-30;17;1591
26;2025-12-30;18;1720
26;2025-12-30;19;1182
26;2025-12-30;20;715
26;2025-12-30;21;436
26;2025-12-30;22;195
26;2025-12-30;23;104
26;2025-12-31;0;44
26;2025-12-31;1;5
26;2025-12-31;2;0
26;2025-12-31;3;0
26;2025-12-31;4;1
26;2025-12-31;5;9
26;2025-12-31;6;86
26;2025-12-31;7;137
26;2025-12-31;8;233
26;2025-12-31;9;303
26;2025-12-31;10;341
26;2025-12-31;11;472
26;2025-12-31;12;562
26;2025-12-31;13;560
26;2025-12-31;14;561
26;2025-12-31;15;547
26;2025-12-31;16;573
26;2025-12-31;17;585
26;2025-12-31;18;505
26;2025-12-31;19;401
26;2025-12-31;20;299
26;2025-12-31;21;197
26;2025-12-31;22;90
26;2025-12-31;23;42
28;2025-11-01;0;0
28;2025-11-01;1;0
28;2025-11-01;2;0
28;2025-11-01;3;0
28;2025-11-01;4;2
28;2025-11-01;5;72
28;2025-11-01;6;251
28;2025-11-01;7;756
28;2025-11-01;8;1143
28;2025-11-01;9;780
28;2025-11-01;10;583
28;2025-11-01;11;561
28;2025-11-01;12;705
28;2025-11-01;13;689
28;2025-11-01;14;662
28;2025-11-01;15;705
28;2025-11-01;16;864
28;2025-11-01;17;887
28;2025-11-01;18;795
28;2025-11-01;19;615
28;2025-11-01;20;429
28;2025-11-01;21;296
28;2025-11-01;22;117
28;2025-11-01;23;18
28;2025-11-02;0;0
28;2025-11-02;1;0
28;2025-11-02;2;0
28;2025-11-02;3;0
28;2025-11-02;4;0
28;2025-11-02;5;31
28;2025-11-02;6;82
28;2025-11-02;7;172
28;2025-11-02;8;271
28;2025-11-02;9;365
28;2025-11-02;10;406
28;2025-11-02;11;443
28;2025-11-02;12;500
28;2025-11-02;13;552
28;2025-11-02;14;556
28;2025-11-02;15;541
28;2025-11-02;16;504
28;2025-11-02;17;507
28;2025-11-02;18;458
28;2025-11-02;19;388
28;2025-11-02;20;309
28;2025-11-02;21;252
28;2025-11-02;22;116
28;2025-11-02;23;13
28;2025-11-03;0;0
28;2025-11-03;1;0
28;2025-11-03;2;0
28;2025-11-03;3;0
28;2025-11-03;4;0
28;2025-11-03;5;42
28;2025-11-03;6;100
28;2025-11-03;7;193
28;2025-11-03;8;276
28;2025-11-03;9;359
28;2025-11-03;10;388
28;2025-11-03;11;403
28;2025-11-03;12;443
28;2025-11-03;13;508
28;2025-11-03;14;495
28;2025-11-03;15;487
28;2025-11-03;16;485
28;2025-11-03;17;486
28;2025-11-03;18;442
28;2025-11-03;19;393
28;2025-11-03;20;326
28;2025-11-03;21;264
28;2025-11-03;22;134
28;2025-11-03;23;35
28;2025-11-04;0;0
28;2025-11-04;1;0
28;2025-11-04;2;0
28;2025-11-04;3;0
28;2025-11-04;4;0
28;2025-11-04;5;35
28;2025-11-04;6;92
28;2025-11-04;7;182
28;2025-11-04;8;268
28;2025-11-04;9;331
28;2025-11-04;10;355
28;2025-11-04;11;385
28;2025-11-04;12;410
28;2025-11-04;13;489
28;2025-11-04;14;523
28;2025-11-04;15;506
28;2025-11-04;16;476
28;2025-11-04;17;477
28;2025-11-04;18;439
28;2025-11-04;19;384
28;2025-11-04;20;319
28;2025-11-04;21;261
28;2025-11-04;22;128
28;2025-11-04;23;32
28;2025-11-05;0;0
28;2025-11-05;1;0
28;2025-11-05;2;0
28;2025-11-05;3;0
28;2025-11-05;4;2
28;2025-11-05;5;81
28;2025-11-05;6;266
28;2025-11-05;7;815
28;2025-11-05;8;1277
28;2025-11-05;9;872
28;2025-11-05;10;635
28;2025-11-05;11;606
28;2025-11-05;12;699
28;2025-11-05;13;720
28;2025-11-05;14;707
28;2025-11-05;15;743
28;2025-11-05;16;904
28;2025-11-05;17;1045
28;2025-11-05;18;1039
28;2025-11-05;19;791
28;2025-11-05;20;538
28;2025-11-05;21;331
28;2025-11-05;22;133
28;2025-11-05;23;13
28;2025-11-06;0;0
28;2025-11-06;1;0
28;2025-11-06;2;0
28;2025-11-06;3;0
28;2025-11-06;4;2
28;2025-11-06;5;82
28;2025-11-06;6;269
28;2025-11-06;7;818
28;2025-11-06;8;1282
28;2025-11-06;9;874
28;2025-11-06;10;638
28;2025-11-06;11;605
28;2025-11-06;12;701
28;2025-11-06;13;721
28;2025-11-06;14;706
28;2025-11-06;15;743
28;2025-11-06;16;906
28;2025-11-06;17;1047
28;2025-11-06;18;1040
28;2025-11-06;19;791
28;2025-11-06;20;542
28;2025-11-06;21;332
28;2025-11-06;22;134
28;2025-11-06;23;14
28;2025-11-07;0;0
28;2025-11-07;1;0
28;2025-11-07;2;0
28;2025-11-07;3;0
28;2025-11-07;4;2
28;2025-11-07;5;84
28;2025-11-07;6;280
28;2025-11-07;7;844
28;2025-11-07;8;1283
28;2025-11-07;9;865
28;2025-11-07;10;636
28;2025-11-07;11;620
28;2025-11-07;12;789
28;2025-11-07;13;760
28;2025-11-07;14;731
28;2025-11-07;15;777
28;2025-11-07;16;958
28;2025-11-07;17;983
28;2025-11-07;18;886
28;2025-11-07;19;678
28;2025-11-07;20;472
28;2025-11-07;21;330
28;2025-11-07;22;129
28;2025-11-07;23;19
28;2025-11-08;0;0
28;2025-11-08;1;0
28;2025-11-08;2;0
28;2025-11-08;3;0
28;2025-11-08;4;1
28;2025-11-08;5;38
28;2025-11-08;6;114
28;2025-11-08;7;246
28;2025-11-08;8;407
28;2025-11-08;9;474
28;2025-11-08;10;497
28;2025-11-08;11;517
28;2025-11-08;12;619
28;2025-11-08;13;656
28;2025-11-08;14;618
28;2025-11-08;15;628
28;2025-11-08;16;635
28;2025-11-08;17;611
28;2025-11-08;18;543
28;2025-11-08;19;424
28;2025-11-08;20;311
28;2025-11-08;21;269
28;2025-11-08;22;123
28;2025-11-08;23;16
28;2025-11-09;0;0
28;2025-11-09;1;0
28;2025-11-09;2;0
28;2025-11-09;3;0
28;2025-11-09;4;0
28;2025-11-09;5;33
28;2025-11-09;6;86
28;2025-11-09;7;179
28;2025-11-09;8;280
28;2025-11-09;9;368
28;2025-11-09;10;408
28;2025-11-09;11;445
28;2025-11-09;12;497
28;2025-11-09;13;579
28;2025-11-09;14;559
28;2025-11-09;15;543
28;2025-11-09;16;506
28;2025-11-09;17;508
28;2025-11-09;18;461
28;2025-11-09;19;394
28;2025-11-09;20;315
28;2025-11-09;21;258
28;2025-11-09;22;116
28;2025-11-09;23;13
28;2025-11-10;0;0
28;2025-11-10;1;0
28;2025-11-10;2;0
28;2025-11-10;3;0
28;2025-11-10;4;2
28;2025-11-10;5;78
28;2025-11-10;6;277
28;2025-11-10;7;792
28;2025-11-10;8;1280
28;2025-11-10;9;851
28;2025-11-10;10;635
28;2025-11-10;11;553
28;2025-11-10;12;661
28;2025-11-10;13;686
28;2025-11-10;14;640
28;2025-11-10;15;666
28;2025-11-10;16;872
28;2025-11-10;17;997
28;2025-11-10;18;1002
28;2025-11-10;19;737
28;2025-11-10;20;484
28;2025-11-10;21;300
28;2025-11-10;22;120
28;2025-11-10;23;7
28;2025-11-11;0;0
28;2025-11-11;1;0
28;2025-11-11;2;0
28;2025-11-11;3;0
28;2025-11-11;4;2
28;2025-11-11;5;81
28;2025-11-11;6;267
28;2025-11-11;7;816
28;2025-11-11;8;1284
28;2025-11-11;9;874
28;2025-11-11;10;636
28;2025-11-11;11;595
28;2025-11-11;12;692
28;2025-11-11;13;719
28;2025-11-11;14;701
28;2025-11-11;15;739
28;2025-11-11;16;899
28;2025-11-11;17;1038
28;2025-11-11;18;1036
28;2025-11-11;19;787
28;2025-11-11;20;536
28;2025-11-11;21;329
28;2025-11-11;22;132
28;2025-11-11;23;15
28;2025-11-12;0;0
28;2025-11-12;1;0
28;2025-11-12;2;0
28;2025-11-12;3;0
28;2025-11-12;4;1
28;2025-11-12;5;80
28;2025-11-12;6;265
28;2025-11-12;7;814
28;2025-11-12;8;1282
28;2025-11-12;9;870
28;2025-11-12;10;635
28;2025-11-12;11;601
28;2025-11-12;12;696
28;2025-11-12;13;717
28;2025-11-12;14;702
28;2025-11-12;15;740
28;2025-11-12;16;900
28;2025-11-12;17;1042
28;2025-11-12;18;1037
28;2025-11-12;19;788
28;2025-11-12;20;537
28;2025-11-12;21;330
28;2025-11-12;22;133
28;2025-11-12;23;15
28;2025-11-13;0;0
28;2025-11-13;1;0
28;2025-11-13;2;0
28;2025-11-13;3;0
28;2025-11-13;4;1
28;2025-11-13;5;80
28;2025-11-13;6;265
28;2025-11-13;7;815
28;2025-11-13;8;1279
28;2025-11-13;9;872
28;2025-11-13;10;635
28;2025-11-13;11;604
28;2025-11-13;12;700
28;2025-11-13;13;722
28;2025-11-13;14;704
28;2025-11-13;15;744
28;2025-11-13;16;904
28;2025-11-13;17;1045
28;2025-11-13;18;1040
28;2025-11-13;19;791
28;2025-11-13;20;538
28;2025-11-13;21;331
28;2025-11-13;22;133
28;2025-11-13;23;14
28;2025-11-14;0;0
28;2025-11-14;1;0
28;2025-11-14;2;0
28;2025-11-14;3;0
28;2025-11-14;4;2
28;2025-11-14;5;79
28;2025-11-14;6;278
28;2025-11-14;7;841
28;2025-11-14;8;1280
28;2025-11-14;9;866
28;2025-11-14;10;647
28;2025-11-14;11;625
28;2025-11-14;12;792
28;2025-11-14;13;761
28;2025-11-14;14;732
28;2025-11-14;15;778
28;2025-11-14;16;959
28;2025-11-14;17;983
28;2025-11-14;18;881
28;2025-11-14;19;678
28;2025-11-14;20;468
28;2025-11-14;21;327
28;2025-11-14;22;126
28;2025-11-14;23;20
28;2025-11-15;0;0
28;2025-11-15;1;0
28;2025-11-15;2;0
28;2025-11-15;3;0
28;2025-11-15;4;1
28;2025-11-15;5;43
28;2025-11-15;6;114
28;2025-11-15;7;247
28;2025-11-15;8;417
28;2025-11-15;9;478
28;2025-11-15;10;478
28;2025-11-15;11;490
28;2025-11-15;12;593
28;2025-11-15;13;625
28;2025-11-15;14;615
28;2025-11-15;15;623
28;2025-11-15;16;628
28;2025-11-15;17;603
28;2025-11-15;18;526
28;2025-11-15;19;408
28;2025-11-15;20;306
28;2025-11-15;21;267
28;2025-11-15;22;123
28;2025-11-15;23;18
28;2025-11-16;0;1
28;2025-11-16;1;0
28;2025-11-16;2;0
28;2025-11-16;3;0
28;2025-11-16;4;0
28;2025-11-16;5;16
28;2025-11-16;6;80
28;2025-11-16;7;161
28;2025-11-16;8;242
28;2025-11-16;9;348
28;2025-11-16;10;386
28;2025-11-16;11;431
28;2025-11-16;12;484
28;2025-11-16;13;566
28;2025-11-16;14;546
28;2025-11-16;15;525
28;2025-11-16;16;494
28;2025-11-16;17;497
28;2025-11-16;18;441
28;2025-11-16;19;374
28;2025-11-16;20;300
28;2025-11-16;21;246
28;2025-11-16;22;113
28;2025-11-16;23;14
28;2025-11-17;0;0
28;2025-11-17;1;0
28;2025-11-17;2;0
28;2025-11-17;3;0
28;2025-11-17;4;2
28;2025-11-17;5;77
28;2025-11-17;6;277
28;2025-11-17;7;786
28;2025-11-17;8;1273
28;2025-11-17;9;844
28;2025-11-17;10;641
28;2025-11-17;11;554
28;2025-11-17;12;665
28;2025-11-17;13;668
28;2025-11-17;14;632
28;2025-11-17;15;658
28;2025-11-17;16;864
28;2025-11-17;17;990
28;2025-11-17;18;996
28;2025-11-17;19;729
28;2025-11-17;20;483
28;2025-11-17;21;305
28;2025-11-17;22;119
28;2025-11-17;23;7
28;2025-11-18;0;0
28;2025-11-18;1;0
28;2025-11-18;2;0
28;2025-11-18;3;0
28;2025-11-18;4;2
28;2025-11-18;5;67
28;2025-11-18;6;264
28;2025-11-18;7;820
28;2025-11-18;8;1297
28;2025-11-18;9;868
28;2025-11-18;10;606
28;2025-11-18;11;596
28;2025-11-18;12;693
28;2025-11-18;13;713
28;2025-11-18;14;694
28;2025-11-18;15;740
28;2025-11-18;16;901
28;2025-11-18;17;1038
28;2025-11-18;18;1032
28;2025-11-18;19;786
28;2025-11-18;20;537
28;2025-11-18;21;328
28;2025-11-18;22;131
28;2025-11-18;23;15
28;2025-11-19;0;0
28;2025-11-19;1;0
28;2025-11-19;2;0
28;2025-11-19;3;0
28;2025-11-19;4;1
28;2025-11-19;5;80
28;2025-11-19;6;266
28;2025-11-19;7;812
28;2025-11-19;8;1284
28;2025-11-19;9;872
28;2025-11-19;10;632
28;2025-11-19;11;597
28;2025-11-19;12;688
28;2025-11-19;13;710
28;2025-11-19;14;693
28;2025-11-19;15;733
28;2025-11-19;16;893
28;2025-11-19;17;1035
28;2025-11-19;18;1031
28;2025-11-19;19;783
28;2025-11-19;20;534
28;2025-11-19;21;329
28;2025-11-19;22;132
28;2025-11-19;23;14
28;2025-11-20;0;0
28;2025-11-20;1;0
28;2025-11-20;2;0
28;2025-11-20;3;0
28;2025-11-20;4;1
28;2025-11-20;5;79
28;2025-11-20;6;265
28;2025-11-20;7;810
28;2025-11-20;8;1277
28;2025-11-20;9;870
28;2025-11-20;10;630
28;2025-11-20;11;595
28;2025-11-20;12;687
28;2025-11-20;13;709
28;2025-11-20;14;691
28;2025-11-20;15;732
28;2025-11-20;16;892
28;2025-11-20;17;1033
28;2025-11-20;18;1029
28;2025-11-20;19;779
28;2025-11-20;20;531
28;2025-11-20;21;326
28;2025-11-20;22;130
28;2025-11-20;23;15
28;2025-11-21;0;0
28;2025-11-21;1;0
28;2025-11-21;2;0
28;2025-11-21;3;0
28;2025-11-21;4;2
28;2025-11-21;5;84
28;2025-11-21;6;280
28;2025-11-21;7;832
28;2025-11-21;8;1277
28;2025-11-21;9;859
28;2025-11-21;10;636
28;2025-11-21;11;612
28;2025-11-21;12;764
28;2025-11-21;13;748
28;2025-11-21;14;718
28;2025-11-21;15;767
28;2025-11-21;16;953
28;2025-11-21;17;977
28;2025-11-21;18;871
28;2025-11-21;19;670
28;2025-11-21;20;466
28;2025-11-21;21;326
28;2025-11-21;22;127
28;2025-11-21;23;21
28;2025-11-22;0;0
28;2025-11-22;1;0
28;2025-11-22;2;0
28;2025-11-22;3;0
28;2025-11-22;4;1
28;2025-11-22;5;41
28;2025-11-22;6;112
28;2025-11-22;7;240
28;2025-11-22;8;410
28;2025-11-22;9;473
28;2025-11-22;10;503
28;2025-11-22;11;517
28;2025-11-22;12;614
28;2025-11-22;13;654
28;2025-11-22;14;615
28;2025-11-22;15;624
28;2025-11-22;16;627
28;2025-11-22;17;602
28;2025-11-22;18;530
28;2025-11-22;19;409
28;2025-11-22;20;308
28;2025-11-22;21;265
28;2025-11-22;22;122
28;2025-11-22;23;20
28;2025-11-23;0;1
28;2025-11-23;1;0
28;2025-11-23;2;0
28;2025-11-23;3;0
28;2025-11-23;4;0
28;2025-11-23;5;26
28;2025-11-23;6;82
28;2025-11-23;7;167
28;2025-11-23;8;272
28;2025-11-23;9;360
28;2025-11-23;10;400
28;2025-11-23;11;437
28;2025-11-23;12;490
28;2025-11-23;13;571
28;2025-11-23;14;551
28;2025-11-23;15;535
28;2025-11-23;16;495
28;2025-11-23;17;496
28;2025-11-23;18;438
28;2025-11-23;19;374
28;2025-11-23;20;302
28;2025-11-23;21;246
28;2025-11-23;22;114
28;2025-11-23;23;13
28;2025-11-24;0;0
28;2025-11-24;1;0
28;2025-11-24;2;0
28;2025-11-24;3;0
28;2025-11-24;4;2
28;2025-11-24;5;66
28;2025-11-24;6;266
28;2025-11-24;7;800
28;2025-11-24;8;1273
28;2025-11-24;9;855
28;2025-11-24;10;617
28;2025-11-24;11;544
28;2025-11-24;12;671
28;2025-11-24;13;693
28;2025-11-24;14;643
28;2025-11-24;15;670
28;2025-11-24;16;873
28;2025-11-24;17;992
28;2025-11-24;18;996
28;2025-11-24;19;734
28;2025-11-24;20;481
28;2025-11-24;21;300
28;2025-11-24;22;119
28;2025-11-24;23;7
28;2025-11-25;0;0
28;2025-11-25;1;0
28;2025-11-25;2;0
28;2025-11-25;3;0
28;2025-11-25;4;1
28;2025-11-25;5;81
28;2025-11-25;6;268
28;2025-11-25;7;815
28;2025-11-25;8;1282
28;2025-11-25;9;876
28;2025-11-25;10;634
28;2025-11-25;11;596
28;2025-11-25;12;683
28;2025-11-25;13;709
28;2025-11-25;14;691
28;2025-11-25;15;731
28;2025-11-25;16;891
28;2025-11-25;17;1033
28;2025-11-25;18;1030
28;2025-11-25;19;783
28;2025-11-25;20;534
28;2025-11-25;21;328
28;2025-11-25;22;131
28;2025-11-25;23;14
28;2025-11-26;0;0
28;2025-11-26;1;0
28;2025-11-26;2;0
28;2025-11-26;3;0
28;2025-11-26;4;1
28;2025-11-26;5;83
28;2025-11-26;6;269
28;2025-11-26;7;826
28;2025-11-26;8;1314
28;2025-11-26;9;887
28;2025-11-26;10;634
28;2025-11-26;11;604
28;2025-11-26;12;692
28;2025-11-26;13;714
28;2025-11-26;14;695
28;2025-11-26;15;735
28;2025-11-26;16;893
28;2025-11-26;17;1036
28;2025-11-26;18;1032
28;2025-11-26;19;787
28;2025-11-26;20;538
28;2025-11-26;21;332
28;2025-11-26;22;134
28;2025-11-26;23;13
28;2025-11-27;0;0
28;2025-11-27;1;0
28;2025-11-27;2;0
28;2025-11-27;3;0
28;2025-11-27;4;1
28;2025-11-27;5;80
28;2025-11-27;6;266
28;2025-11-27;7;816
28;2025-11-27;8;1278
28;2025-11-27;9;873
28;2025-11-27;10;633
28;2025-11-27;11;602
28;2025-11-27;12;698
28;2025-11-27;13;719
28;2025-11-27;14;702
28;2025-11-27;15;742
28;2025-11-27;16;903
28;2025-11-27;17;1044
28;2025-11-27;18;1041
28;2025-11-27;19;793
28;2025-11-27;20;541
28;2025-11-27;21;335
28;2025-11-27;22;138
28;2025-11-27;23;15
28;2025-11-28;0;0
28;2025-11-28;1;0
28;2025-11-28;2;0
28;2025-11-28;3;0
28;2025-11-28;4;2
28;2025-11-28;5;79
28;2025-11-28;6;279
28;2025-11-28;7;839
28;2025-11-28;8;1277
28;2025-11-28;9;859
28;2025-11-28;10;636
28;2025-11-28;11;611
28;2025-11-28;12;776
28;2025-11-28;13;750
28;2025-11-28;14;721
28;2025-11-28;15;774
28;2025-11-28;16;954
28;2025-11-28;17;978
28;2025-11-28;18;871
28;2025-11-28;19;668
28;2025-11-28;20;464
28;2025-11-28;21;324
28;2025-11-28;22;127
28;2025-11-28;23;21
28;2025-11-29;0;0
28;2025-11-29;1;0
28;2025-11-29;2;0
28;2025-11-29;3;0
28;2025-11-29;4;1
28;2025-11-29;5;36
28;2025-11-29;6;113
28;2025-11-29;7;240
28;2025-11-29;8;405
28;2025-11-29;9;479
28;2025-11-29;10;504
28;2025-11-29;11;518
28;2025-11-29;12;616
28;2025-11-29;13;654
28;2025-11-29;14;615
28;2025-11-29;15;624
28;2025-11-29;16;628
28;2025-11-29;17;602
28;2025-11-29;18;526
28;2025-11-29;19;408
28;2025-11-29;20;308
28;2025-11-29;21;268
28;2025-11-29;22;123
28;2025-11-29;23;17
28;2025-11-30;0;1
28;2025-11-30;1;0
28;2025-11-30;2;0
28;2025-11-30;3;0
28;2025-11-30;4;0
28;2025-11-30;5;29
28;2025-11-30;6;85
28;2025-11-30;7;170
28;2025-11-30;8;274
28;2025-11-30;9;361
28;2025-11-30;10;399
28;2025-11-30;11;437
28;2025-11-30;12;488
28;2025-11-30;13;573
28;2025-11-30;14;556
28;2025-11-30;15;540
28;2025-11-30;16;500
28;2025-11-30;17;502
28;2025-11-30;18;455
28;2025-11-30;19;387
28;2025-11-30;20;311
28;2025-11-30;21;260
28;2025-11-30;22;117
28;2025-11-30;23;14
28;2025-12-01;0;0
28;2025-12-01;1;0
28;2025-12-01;2;0
28;2025-12-01;3;0
28;2025-12-01;4;2
28;2025-12-01;5;76
28;2025-12-01;6;278
28;2025-12-01;7;789
28;2025-12-01;8;1280
28;2025-12-01;9;851
28;2025-12-01;10;634
28;2025-12-01;11;552
28;2025-12-01;12;663
28;2025-12-01;13;686
28;2025-12-01;14;632
28;2025-12-01;15;659
28;2025-12-01;16;865
28;2025-12-01;17;991
28;2025-12-01;18;999
28;2025-12-01;19;734
28;2025-12-01;20;482
28;2025-12-01;21;299
28;2025-12-01;22;118
28;2025-12-01;23;7
28;2025-12-02;0;0
28;2025-12-02;1;0
28;2025-12-02;2;0
28;2025-12-02;3;0
28;2025-12-02;4;1
28;2025-12-02;5;81
28;2025-12-02;6;268
28;2025-12-02;7;816
28;2025-12-02;8;1287
28;2025-12-02;9;878
28;2025-12-02;10;635
28;2025-12-02;11;593
28;2025-12-02;12;684
28;2025-12-02;13;710
28;2025-12-02;14;692
28;2025-12-02;15;732
28;2025-12-02;16;893
28;2025-12-02;17;1035
28;2025-12-02;18;1032
28;2025-12-02;19;784
28;2025-12-02;20;535
28;2025-12-02;21;329
28;2025-12-02;22;131
28;2025-12-02;23;15
28;2025-12-03;0;0
28;2025-12-03;1;0
28;2025-12-03;2;0
28;2025-12-03;3;0
28;2025-12-03;4;1
28;2025-12-03;5;80
28;2025-12-03;6;267
28;2025-12-03;7;813
28;2025-12-03;8;1286
28;2025-12-03;9;873
28;2025-12-03;10;632
28;2025-12-03;11;597
28;2025-12-03;12;689
28;2025-12-03;13;712
28;2025-12-03;14;694
28;2025-12-03;15;734
28;2025-12-03;16;895
28;2025-12-03;17;1036
28;2025-12-03;18;1032
28;2025-12-03;19;784
28;2025-12-03;20;534
28;2025-12-03;21;329
28;2025-12-03;22;131
28;2025-12-03;23;15
28;2025-12-04;0;0
28;2025-12-04;1;0
28;2025-12-04;2;0
28;2025-12-04;3;0
28;2025-12-04;4;1
28;2025-12-04;5;79
28;2025-12-04;6;265
28;2025-12-04;7;812
28;2025-12-04;8;1284
28;2025-12-04;9;871
28;2025-12-04;10;630
28;2025-12-04;11;596
28;2025-12-04;12;689
28;2025-12-04;13;712
28;2025-12-04;14;694
28;2025-12-04;15;736
28;2025-12-04;16;896
28;2025-12-04;17;1037
28;2025-12-04;18;1033
28;2025-12-04;19;784
28;2025-12-04;20;535
28;2025-12-04;21;332
28;2025-12-04;22;134
28;2025-12-04;23;16
28;2025-12-05;0;0
28;2025-12-05;1;0
28;2025-12-05;2;0
28;2025-12-05;3;0
28;2025-12-05;4;2
28;2025-12-05;5;78
28;2025-12-05;6;277
28;2025-12-05;7;837
28;2025-12-05;8;1278
28;2025-12-05;9;860
28;2025-12-05;10;637
28;2025-12-05;11;613
28;2025-12-05;12;779
28;2025-12-05;13;750
28;2025-12-05;14;720
28;2025-12-05;15;769
28;2025-12-05;16;955
28;2025-12-05;17;980
28;2025-12-05;18;873
28;2025-12-05;19;669
28;2025-12-05;20;464
28;2025-12-05;21;324
28;2025-12-05;22;127
28;2025-12-05;23;22
28;2025-12-06;0;0
28;2025-12-06;1;0
28;2025-12-06;2;0
28;2025-12-06;3;0
28;2025-12-06;4;1
28;2025-12-06;5;37
28;2025-12-06;6;116
28;2025-12-06;7;247
28;2025-12-06;8;413
28;2025-12-06;9;490
28;2025-12-06;10;514
28;2025-12-06;11;527
28;2025-12-06;12;635
28;2025-12-06;13;683
28;2025-12-06;14;642
28;2025-12-06;15;648
28;2025-12-06;16;653
28;2025-12-06;17;620
28;2025-12-06;18;551
28;2025-12-06;19;420
28;2025-12-06;20;317
28;2025-12-06;21;280
28;2025-12-06;22;129
28;2025-12-06;23;19
28;2025-12-07;0;1
28;2025-12-07;1;0
28;2025-12-07;2;0
28;2025-12-07;3;0
28;2025-12-07;4;0
28;2025-12-07;5;31
28;2025-12-07;6;89
28;2025-12-07;7;172
28;2025-12-07;8;278
28;2025-12-07;9;369
28;2025-12-07;10;410
28;2025-12-07;11;448
28;2025-12-07;12;501
28;2025-12-07;13;586
28;2025-12-07;14;565
28;2025-12-07;15;548
28;2025-12-07;16;508
28;2025-12-07;17;508
28;2025-12-07;18;451
28;2025-12-07;19;387
28;2025-12-07;20;309
28;2025-12-07;21;254
28;2025-12-07;22;117
28;2025-12-07;23;14
28;2025-12-08;0;0
28;2025-12-08;1;0
28;2025-12-08;2;0
28;2025-12-08;3;0
28;2025-12-08;4;2
28;2025-12-08;5;76
28;2025-12-08;6;278
28;2025-12-08;7;789
28;2025-12-08;8;1280
28;2025-12-08;9;851
28;2025-12-08;10;634
28;2025-12-08;11;552
28;2025-12-08;12;663
28;2025-12-08;13;683
28;2025-12-08;14;633
28;2025-12-08;15;659
28;2025-12-08;16;865
28;2025-12-08;17;991
28;2025-12-08;18;999
28;2025-12-08;19;734
28;2025-12-08;20;482
28;2025-12-08;21;299
28;2025-12-08;22;118
28;2025-12-08;23;7
28;2025-12-09;0;0
28;2025-12-09;1;0
28;2025-12-09;2;0
28;2025-12-09;3;0
28;2025-12-09;4;1
28;2025-12-09;5;81
28;2025-12-09;6;268
28;2025-12-09;7;816
28;2025-12-09;8;1285
28;2025-12-09;9;879
28;2025-12-09;10;636
28;2025-12-09;11;593
28;2025-12-09;12;684
28;2025-12-09;13;710
28;2025-12-09;14;692
28;2025-12-09;15;733
28;2025-12-09;16;894
28;2025-12-09;17;1035
28;2025-12-09;18;1032
28;2025-12-09;19;784
28;2025-12-09;20;535
28;2025-12-09;21;329
28;2025-12-09;22;135
28;2025-12-09;23;14
28;2025-12-10;0;0
28;2025-12-10;1;0
28;2025-12-10;2;0
28;2025-12-10;3;0
28;2025-12-10;4;1
28;2025-12-10;5;99
28;2025-12-10;6;285
28;2025-12-10;7;834
28;2025-12-10;8;1289
28;2025-12-10;9;891
28;2025-12-10;10;644
28;2025-12-10;11;605
28;2025-12-10;12;689
28;2025-12-10;13;712
28;2025-12-10;14;694
28;2025-12-10;15;734
28;2025-12-10;16;895
28;2025-12-10;17;1036
28;2025-12-10;18;1032
28;2025-12-10;19;784
28;2025-12-10;20;535
28;2025-12-10;21;329
28;2025-12-10;22;132
28;2025-12-10;23;15
28;2025-12-11;0;0
28;2025-12-11;1;0
28;2025-12-11;2;0
28;2025-12-11;3;0
28;2025-12-11;4;1
28;2025-12-11;5;79
28;2025-12-11;6;264
28;2025-12-11;7;811
28;2025-12-11;8;1287
28;2025-12-11;9;867
28;2025-12-11;10;626
28;2025-12-11;11;593
28;2025-12-11;12;687
28;2025-12-11;13;712
28;2025-12-11;14;693
28;2025-12-11;15;737
28;2025-12-11;16;896
28;2025-12-11;17;1036
28;2025-12-11;18;1033
28;2025-12-11;19;795
28;2025-12-11;20;545
28;2025-12-11;21;336
28;2025-12-11;22;138
28;2025-12-11;23;16
28;2025-12-12;0;0
28;2025-12-12;1;0
28;2025-12-12;2;0
28;2025-12-12;3;0
28;2025-12-12;4;2
28;2025-12-12;5;79
28;2025-12-12;6;272
28;2025-12-12;7;840
28;2025-12-12;8;1275
28;2025-12-12;9;865
28;2025-12-12;10;636
28;2025-12-12;11;617
28;2025-12-12;12;778
28;2025-12-12;13;736
28;2025-12-12;14;715
28;2025-12-12;15;741
28;2025-12-12;16;920
28;2025-12-12;17;966
28;2025-12-12;18;872
28;2025-12-12;19;671
28;2025-12-12;20;468
28;2025-12-12;21;328
28;2025-12-12;22;124
28;2025-12-12;23;19
28;2025-12-13;0;0
28;2025-12-13;1;0
28;2025-12-13;2;0
28;2025-12-13;3;0
28;2025-12-13;4;1
28;2025-12-13;5;33
28;2025-12-13;6;111
28;2025-12-13;7;235
28;2025-12-13;8;398
28;2025-12-13;9;476
28;2025-12-13;10;497
28;2025-12-13;11;511
28;2025-12-13;12;613
28;2025-12-13;13;656
28;2025-12-13;14;622
28;2025-12-13;15;636
28;2025-12-13;16;642
28;2025-12-13;17;614
28;2025-12-13;18;548
28;2025-12-13;19;417
28;2025-12-13;20;308
28;2025-12-13;21;272
28;2025-12-13;22;133
28;2025-12-13;23;20
28;2025-12-14;0;1
28;2025-12-14;1;0
28;2025-12-14;2;0
28;2025-12-14;3;0
28;2025-12-14;4;0
28;2025-12-14;5;16
28;2025-12-14;6;62
28;2025-12-14;7;145
28;2025-12-14;8;241
28;2025-12-14;9;353
28;2025-12-14;10;390
28;2025-12-14;11;435
28;2025-12-14;12;493
28;2025-12-14;13;580
28;2025-12-14;14;560
28;2025-12-14;15;546
28;2025-12-14;16;510
28;2025-12-14;17;511
28;2025-12-14;18;464
28;2025-12-14;19;395
28;2025-12-14;20;314
28;2025-12-14;21;258
28;2025-12-14;22;120
28;2025-12-14;23;17
28;2025-12-15;0;0
28;2025-12-15;1;0
28;2025-12-15;2;0
28;2025-12-15;3;0
28;2025-12-15;4;2
28;2025-12-15;5;78
28;2025-12-15;6;280
28;2025-12-15;7;793
28;2025-12-15;8;1283
28;2025-12-15;9;864
28;2025-12-15;10;650
28;2025-12-15;11;550
28;2025-12-15;12;667
28;2025-12-15;13;684
28;2025-12-15;14;634
28;2025-12-15;15;667
28;2025-12-15;16;874
28;2025-12-15;17;1001
28;2025-12-15;18;1009
28;2025-12-15;19;748
28;2025-12-15;20;494
28;2025-12-15;21;309
28;2025-12-15;22;127
28;2025-12-15;23;13
28;2025-12-16;0;0
28;2025-12-16;1;0
28;2025-12-16;2;0
28;2025-12-16;3;0
28;2025-12-16;4;1
28;2025-12-16;5;79
28;2025-12-16;6;263
28;2025-12-16;7;810
28;2025-12-16;8;1279
28;2025-12-16;9;874
28;2025-12-16;10;633
28;2025-12-16;11;610
28;2025-12-16;12;702
28;2025-12-16;13;700
28;2025-12-16;14;694
28;2025-12-16;15;732
28;2025-12-16;16;893
28;2025-12-16;17;1035
28;2025-12-16;18;1032
28;2025-12-16;19;784
28;2025-12-16;20;535
28;2025-12-16;21;328
28;2025-12-16;22;131
28;2025-12-16;23;15
28;2025-12-17;0;0
28;2025-12-17;1;0
28;2025-12-17;2;0
28;2025-12-17;3;0
28;2025-12-17;4;1
28;2025-12-17;5;80
28;2025-12-17;6;265
28;2025-12-17;7;812
28;2025-12-17;8;1286
28;2025-12-17;9;872
28;2025-12-17;10;632
28;2025-12-17;11;597
28;2025-12-17;12;689
28;2025-12-17;13;712
28;2025-12-17;14;694
28;2025-12-17;15;734
28;2025-12-17;16;895
28;2025-12-17;17;1036
28;2025-12-17;18;1032
28;2025-12-17;19;784
28;2025-12-17;20;534
28;2025-12-17;21;329
28;2025-12-17;22;131
28;2025-12-17;23;15
28;2025-12-18;0;0
28;2025-12-18;1;0
28;2025-12-18;2;0
28;2025-12-18;3;0
28;2025-12-18;4;1
28;2025-12-18;5;79
28;2025-12-18;6;265
28;2025-12-18;7;811
28;2025-12-18;8;1282
28;2025-12-18;9;871
28;2025-12-18;10;631
28;2025-12-18;11;596
28;2025-12-18;12;688
28;2025-12-18;13;710
28;2025-12-18;14;692
28;2025-12-18;15;733
28;2025-12-18;16;893
28;2025-12-18;17;1035
28;2025-12-18;18;1030
28;2025-12-18;19;782
28;2025-12-18;20;533
28;2025-12-18;21;327
28;2025-12-18;22;131
28;2025-12-18;23;15
28;2025-12-19;0;0
28;2025-12-19;1;0
28;2025-12-19;2;0
28;2025-12-19;3;0
28;2025-12-19;4;2
28;2025-12-19;5;77
28;2025-12-19;6;276
28;2025-12-19;7;836
28;2025-12-19;8;1278
28;2025-12-19;9;860
28;2025-12-19;10;638
28;2025-12-19;11;614
28;2025-12-19;12;779
28;2025-12-19;13;749
28;2025-12-19;14;721
28;2025-12-19;15;768
28;2025-12-19;16;950
28;2025-12-19;17;977
28;2025-12-19;18;877
28;2025-12-19;19;670
28;2025-12-19;20;467
28;2025-12-19;21;327
28;2025-12-19;22;127
28;2025-12-19;23;22
28;2025-12-20;0;0
28;2025-12-20;1;0
28;2025-12-20;2;0
28;2025-12-20;3;0
28;2025-12-20;4;1
28;2025-12-20;5;38
28;2025-12-20;6;117
28;2025-12-20;7;247
28;2025-12-20;8;415
28;2025-12-20;9;491
28;2025-12-20;10;516
28;2025-12-20;11;532
28;2025-12-20;12;633
28;2025-12-20;13;672
28;2025-12-20;14;633
28;2025-12-20;15;641
28;2025-12-20;16;645
28;2025-12-20;17;619
28;2025-12-20;18;540
28;2025-12-20;19;417
28;2025-12-20;20;316
28;2025-12-20;21;275
28;2025-12-20;22;127
28;2025-12-20;23;19
28;2025-12-21;0;1
28;2025-12-21;1;0
28;2025-12-21;2;0
28;2025-12-21;3;0
28;2025-12-21;4;0
28;2025-12-21;5;30
28;2025-12-21;6;89
28;2025-12-21;7;174
28;2025-12-21;8;280
28;2025-12-21;9;370
28;2025-12-21;10;410
28;2025-12-21;11;448
28;2025-12-21;12;501
28;2025-12-21;13;586
28;2025-12-21;14;564
28;2025-12-21;15;549
28;2025-12-21;16;508
28;2025-12-21;17;509
28;2025-12-21;18;451
28;2025-12-21;19;387
28;2025-12-21;20;309
28;2025-12-21;21;254
28;2025-12-21;22;114
28;2025-12-21;23;14
28;2025-12-22;0;0
28;2025-12-22;1;0
28;2025-12-22;2;0
28;2025-12-22;3;0
28;2025-12-22;4;2
28;2025-12-22;5;76
28;2025-12-22;6;278
28;2025-12-22;7;790
28;2025-12-22;8;1284
28;2025-12-22;9;861
28;2025-12-22;10;657
28;2025-12-22;11;557
28;2025-12-22;12;669
28;2025-12-22;13;684
28;2025-12-22;14;633
28;2025-12-22;15;661
28;2025-12-22;16;866
28;2025-12-22;17;991
28;2025-12-22;18;1008
28;2025-12-22;19;735
28;2025-12-22;20;487
28;2025-12-22;21;305
28;2025-12-22;22;122
28;2025-12-22;23;6
28;2025-12-23;0;0
28;2025-12-23;1;0
28;2025-12-23;2;0
28;2025-12-23;3;0
28;2025-12-23;4;1
28;2025-12-23;5;81
28;2025-12-23;6;271
28;2025-12-23;7;817
28;2025-12-23;8;1285
28;2025-12-23;9;885
28;2025-12-23;10;636
28;2025-12-23;11;596
28;2025-12-23;12;688
28;2025-12-23;13;705
28;2025-12-23;14;684
28;2025-12-23;15;725
28;2025-12-23;16;885
28;2025-12-23;17;1029
28;2025-12-23;18;1030
28;2025-12-23;19;794
28;2025-12-23;20;539
28;2025-12-23;21;333
28;2025-12-23;22;135
28;2025-12-23;23;15
28;2025-12-24;0;0
28;2025-12-24;1;0
28;2025-12-24;2;0
28;2025-12-24;3;0
28;2025-12-24;4;1
28;2025-12-24;5;78
28;2025-12-24;6;262
28;2025-12-24;7;807
28;2025-12-24;8;1271
28;2025-12-24;9;875
28;2025-12-24;10;634
28;2025-12-24;11;600
28;2025-12-24;12;683
28;2025-12-24;13;714
28;2025-12-24;14;692
28;2025-12-24;15;725
28;2025-12-24;16;893
28;2025-12-24;17;1035
28;2025-12-24;18;1034
28;2025-12-24;19;790
28;2025-12-24;20;538
28;2025-12-24;21;329
28;2025-12-24;22;132
28;2025-12-24;23;12
28;2025-12-25;0;0
28;2025-12-25;1;0
28;2025-12-25;2;0
28;2025-12-25;3;0
28;2025-12-25;4;1
28;2025-12-25;5;81
28;2025-12-25;6;273
28;2025-12-25;7;811
28;2025-12-25;8;1276
28;2025-12-25;9;867
28;2025-12-25;10;626
28;2025-12-25;11;587
28;2025-12-25;12;683
28;2025-12-25;13;709
28;2025-12-25;14;691
28;2025-12-25;15;737
28;2025-12-25;16;897
28;2025-12-25;17;1044
28;2025-12-25;18;1042
28;2025-12-25;19;791
28;2025-12-25;20;537
28;2025-12-25;21;335
28;2025-12-25;22;138
28;2025-12-25;23;13
28;2025-12-26;0;0
28;2025-12-26;1;0
28;2025-12-26;2;0
28;2025-12-26;3;0
28;2025-12-26;4;2
28;2025-12-26;5;64
28;2025-12-26;6;275
28;2025-12-26;7;837
28;2025-12-26;8;1303
28;2025-12-26;9;858
28;2025-12-26;10;625
28;2025-12-26;11;616
28;2025-12-26;12;760
28;2025-12-26;13;738
28;2025-12-26;14;712
28;2025-12-26;15;761
28;2025-12-26;16;942
28;2025-12-26;17;962
28;2025-12-26;18;873
28;2025-12-26;19;668
28;2025-12-26;20;464
28;2025-12-26;21;321
28;2025-12-26;22;122
28;2025-12-26;23;21
28;2025-12-27;0;0
28;2025-12-27;1;0
28;2025-12-27;2;0
28;2025-12-27;3;0
28;2025-12-27;4;1
28;2025-12-27;5;38
28;2025-12-27;6;117
28;2025-12-27;7;248
28;2025-12-27;8;415
28;2025-12-27;9;482
28;2025-12-27;10;517
28;2025-12-27;11;532
28;2025-12-27;12;633
28;2025-12-27;13;671
28;2025-12-27;14;632
28;2025-12-27;15;630
28;2025-12-27;16;635
28;2025-12-27;17;619
28;2025-12-27;18;541
28;2025-12-27;19;417
28;2025-12-27;20;316
28;2025-12-27;21;278
28;2025-12-27;22;129
28;2025-12-27;23;26
28;2025-12-28;0;1
28;2025-12-28;1;0
28;2025-12-28;2;0
28;2025-12-28;3;0
28;2025-12-28;4;0
28;2025-12-28;5;33
28;2025-12-28;6;96
28;2025-12-28;7;183
28;2025-12-28;8;294
28;2025-12-28;9;374
28;2025-12-28;10;399
28;2025-12-28;11;446
28;2025-12-28;12;488
28;2025-12-28;13;560
28;2025-12-28;14;540
28;2025-12-28;15;530
28;2025-12-28;16;509
28;2025-12-28;17;510
28;2025-12-28;18;454
28;2025-12-28;19;386
28;2025-12-28;20;308
28;2025-12-28;21;253
28;2025-12-28;22;118
28;2025-12-28;23;15
28;2025-12-29;0;0
28;2025-12-29;1;0
28;2025-12-29;2;0
28;2025-12-29;3;0
28;2025-12-29;4;2
28;2025-12-29;5;69
28;2025-12-29;6;258
28;2025-12-29;7;734
28;2025-12-29;8;1172
28;2025-12-29;9;792
28;2025-12-29;10;583
28;2025-12-29;11;510
28;2025-12-29;12;610
28;2025-12-29;13;636
28;2025-12-29;14;595
28;2025-12-29;15;618
28;2025-12-29;16;806
28;2025-12-29;17;924
28;2025-12-29;18;927
28;2025-12-29;19;693
28;2025-12-29;20;459
28;2025-12-29;21;284
28;2025-12-29;22;114
28;2025-12-29;23;7
28;2025-12-30;0;0
28;2025-12-30;1;0
28;2025-12-30;2;0
28;2025-12-30;3;0
28;2025-12-30;4;1
28;2025-12-30;5;68
28;2025-12-30;6;238
28;2025-12-30;7;749
28;2025-12-30;8;1197
28;2025-12-30;9;815
28;2025-12-30;10;583
28;2025-12-30;11;544
28;2025-12-30;12;626
28;2025-12-30;13;650
28;2025-12-30;14;635
28;2025-12-30;15;672
28;2025-12-30;16;820
28;2025-12-30;17;948
28;2025-12-30;18;951
28;2025-12-30;19;725
28;2025-12-30;20;495
28;2025-12-30;21;302
28;2025-12-30;22;124
28;2025-12-30;23;12
28;2025-12-31;0;0
28;2025-12-31;1;0
28;2025-12-31;2;0
28;2025-12-31;3;0
28;2025-12-31;4;0
28;2025-12-31;5;14
28;2025-12-31;6;32
28;2025-12-31;7;73
28;2025-12-31;8;128
28;2025-12-31;9;180
28;2025-12-31;10;204
28;2025-12-31;11;236
28;2025-12-31;12;314
28;2025-12-31;13;367
28;2025-12-31;14;353
28;2025-12-31;15;348
28;2025-12-31;16;345
28;2025-12-31;17;345
28;2025-12-31;18;293
28;2025-12-31;19;254
28;2025-12-31;20;209
28;2025-12-31;21;161
28;2025-12-31;22;47
28;2025-12-31;23;4
50;2025-11-01;0;47
50;2025-11-01;1;4
50;2025-11-01;2;0
50;2025-11-01;3;0
50;2025-11-01;4;2
50;2025-11-01;5;49
50;2025-11-01;6;403
50;2025-11-01;7;1315
50;2025-11-01;8;1973
50;2025-11-01;9;1505
50;2025-11-01;10;1176
50;2025-11-01;11;1147
50;2025-11-01;12;1124
50;2025-11-01;13;1150
50;2025-11-01;14;1126
50;2025-11-01;15;1324
50;2025-11-01;16;1487
50;2025-11-01;17;1626
50;2025-11-01;18;1396
50;2025-11-01;19;989
50;2025-11-01;20;642
50;2025-11-01;21;433
50;2025-11-01;22;205
50;2025-11-01;23;124
50;2025-11-02;0;9
50;2025-11-02;1;1
50;2025-11-02;2;0
50;2025-11-02;3;0
50;2025-11-02;4;0
50;2025-11-02;5;4
50;2025-11-02;6;23
50;2025-11-02;7;37
50;2025-11-02;8;61
50;2025-11-02;9;78
50;2025-11-02;10;115
50;2025-11-02;11;135
50;2025-11-02;12;113
50;2025-11-02;13;127
50;2025-11-02;14;190
50;2025-11-02;15;179
50;2025-11-02;16;180
50;2025-11-02;17;271
50;2025-11-02;18;195
50;2025-11-02;19;177
50;2025-11-02;20;140
50;2025-11-02;21;102
50;2025-11-02;22;91
50;2025-11-02;23;32
50;2025-11-03;0;24
50;2025-11-03;1;1
50;2025-11-03;2;0
50;2025-11-03;3;0
50;2025-11-03;4;1
50;2025-11-03;5;26
50;2025-11-03;6;115
50;2025-11-03;7;205
50;2025-11-03;8;316
50;2025-11-03;9;356
50;2025-11-03;10;383
50;2025-11-03;11;468
50;2025-11-03;12;482
50;2025-11-03;13;490
50;2025-11-03;14;516
50;2025-11-03;15;486
50;2025-11-03;16;492
50;2025-11-03;17;549
50;2025-11-03;18;520
50;2025-11-03;19;459
50;2025-11-03;20;433
50;2025-11-03;21;299
50;2025-11-03;22;186
50;2025-11-03;23;102
50;2025-11-04;0;24
50;2025-11-04;1;1
50;2025-11-04;2;0
50;2025-11-04;3;0
50;2025-11-04;4;1
50;2025-11-04;5;25
50;2025-11-04;6;113
50;2025-11-04;7;201
50;2025-11-04;8;314
50;2025-11-04;9;349
50;2025-11-04;10;374
50;2025-11-04;11;460
50;2025-11-04;12;470
50;2025-11-04;13;483
50;2025-11-04;14;526
50;2025-11-04;15;491
50;2025-11-04;16;488
50;2025-11-04;17;545
50;2025-11-04;18;519
50;2025-11-04;19;455
50;2025-11-04;20;430
50;2025-11-04;21;297
50;2025-11-04;22;184
50;2025-11-04;23;100
50;2025-11-05;0;30
50;2025-11-05;1;2
50;2025-11-05;2;0
50;2025-11-05;3;0
50;2025-11-05;4;3
50;2025-11-05;5;72
50;2025-11-05;6;556
50;2025-11-05;7;1780
50;2025-11-05;8;2847
50;2025-11-05;9;2163
50;2025-11-05;10;1712
50;2025-11-05;11;1543
50;2025-11-05;12;1527
50;2025-11-05;13;1503
50;2025-11-05;14;1464
50;2025-11-05;15;1693
50;2025-11-05;16;1740
50;2025-11-05;17;2408
50;2025-11-05;18;2503
50;2025-11-05;19;1498
50;2025-11-05;20;942
50;2025-11-05;21;643
50;2025-11-05;22;271
50;2025-11-05;23;148
50;2025-11-06;0;31
50;2025-11-06;1;2
50;2025-11-06;2;0
50;2025-11-06;3;0
50;2025-11-06;4;3
50;2025-11-06;5;71
50;2025-11-06;6;556
50;2025-11-06;7;1774
50;2025-11-06;8;2835
50;2025-11-06;9;2150
50;2025-11-06;10;1705
50;2025-11-06;11;1540
50;2025-11-06;12;1525
50;2025-11-06;13;1507
50;2025-11-06;14;1462
50;2025-11-06;15;1693
50;2025-11-06;16;1742
50;2025-11-06;17;2408
50;2025-11-06;18;2500
50;2025-11-06;19;1496
50;2025-11-06;20;949
50;2025-11-06;21;641
50;2025-11-06;22;269
50;2025-11-06;23;151
50;2025-11-07;0;35
50;2025-11-07;1;1
50;2025-11-07;2;0
50;2025-11-07;3;0
50;2025-11-07;4;3
50;2025-11-07;5;65
50;2025-11-07;6;528
50;2025-11-07;7;1733
50;2025-11-07;8;2632
50;2025-11-07;9;1989
50;2025-11-07;10;1516
50;2025-11-07;11;1483
50;2025-11-07;12;1439
50;2025-11-07;13;1505
50;2025-11-07;14;1462
50;2025-11-07;15;1739
50;2025-11-07;16;2019
50;2025-11-07;17;2136
50;2025-11-07;18;1774
50;2025-11-07;19;1274
50;2025-11-07;20;854
50;2025-11-07;21;565
50;2025-11-07;22;268
50;2025-11-07;23;166
50;2025-11-08;0;104
50;2025-11-08;1;8
50;2025-11-08;2;0
50;2025-11-08;3;0
50;2025-11-08;4;0
50;2025-11-08;5;0
50;2025-11-08;6;22
50;2025-11-08;7;40
50;2025-11-08;8;70
50;2025-11-08;9;120
50;2025-11-08;10;110
50;2025-11-08;11;127
50;2025-11-08;12;168
50;2025-11-08;13;142
50;2025-11-08;14;149
50;2025-11-08;15;182
50;2025-11-08;16;149
50;2025-11-08;17;142
50;2025-11-08;18;105
50;2025-11-08;19;86
50;2025-11-08;20;73
50;2025-11-08;21;54
50;2025-11-08;22;36
50;2025-11-08;23;15
50;2025-11-09;0;9
50;2025-11-09;1;1
50;2025-11-09;2;0
50;2025-11-09;3;0
50;2025-11-09;4;0
50;2025-11-09;5;0
50;2025-11-09;6;13
50;2025-11-09;7;23
50;2025-11-09;8;45
50;2025-11-09;9;64
50;2025-11-09;10;105
50;2025-11-09;11;131
50;2025-11-09;12;131
50;2025-11-09;13;152
50;2025-11-09;14;208
50;2025-11-09;15;202
50;2025-11-09;16;205
50;2025-11-09;17;296
50;2025-11-09;18;200
50;2025-11-09;19;185
50;2025-11-09;20;146
50;2025-11-09;21;105
50;2025-11-09;22;91
50;2025-11-09;23;32
50;2025-11-10;0;21
50;2025-11-10;1;3
50;2025-11-10;2;0
50;2025-11-10;3;0
50;2025-11-10;4;3
50;2025-11-10;5;69
50;2025-11-10;6;535
50;2025-11-10;7;1746
50;2025-11-10;8;2802
50;2025-11-10;9;2180
50;2025-11-10;10;1598
50;2025-11-10;11;1458
50;2025-11-10;12;1368
50;2025-11-10;13;1462
50;2025-11-10;14;1401
50;2025-11-10;15;1612
50;2025-11-10;16;1667
50;2025-11-10;17;2296
50;2025-11-10;18;2509
50;2025-11-10;19;1361
50;2025-11-10;20;866
50;2025-11-10;21;602
50;2025-11-10;22;229
50;2025-11-10;23;115
50;2025-11-11;0;30
50;2025-11-11;1;2
50;2025-11-11;2;0
50;2025-11-11;3;0
50;2025-11-11;4;3
50;2025-11-11;5;72
50;2025-11-11;6;557
50;2025-11-11;7;1787
50;2025-11-11;8;2878
50;2025-11-11;9;2168
50;2025-11-11;10;1719
50;2025-11-11;11;1550
50;2025-11-11;12;1531
50;2025-11-11;13;1510
50;2025-11-11;14;1464
50;2025-11-11;15;1697
50;2025-11-11;16;1744
50;2025-11-11;17;2411
50;2025-11-11;18;2525
50;2025-11-11;19;1502
50;2025-11-11;20;940
50;2025-11-11;21;639
50;2025-11-11;22;268
50;2025-11-11;23;141
50;2025-11-12;0;31
50;2025-11-12;1;2
50;2025-11-12;2;0
50;2025-11-12;3;0
50;2025-11-12;4;3
50;2025-11-12;5;72
50;2025-11-12;6;557
50;2025-11-12;7;1786
50;2025-11-12;8;2870
50;2025-11-12;9;2164
50;2025-11-12;10;1726
50;2025-11-12;11;1551
50;2025-11-12;12;1532
50;2025-11-12;13;1509
50;2025-11-12;14;1467
50;2025-11-12;15;1700
50;2025-11-12;16;1745
50;2025-11-12;17;2413
50;2025-11-12;18;2508
50;2025-11-12;19;1501
50;2025-11-12;20;940
50;2025-11-12;21;641
50;2025-11-12;22;270
50;2025-11-12;23;147
50;2025-11-13;0;32
50;2025-11-13;1;2
50;2025-11-13;2;0
50;2025-11-13;3;0
50;2025-11-13;4;2
50;2025-11-13;5;71
50;2025-11-13;6;555
50;2025-11-13;7;1782
50;2025-11-13;8;2860
50;2025-11-13;9;2157
50;2025-11-13;10;1708
50;2025-11-13;11;1544
50;2025-11-13;12;1530
50;2025-11-13;13;1508
50;2025-11-13;14;1463
50;2025-11-13;15;1697
50;2025-11-13;16;1745
50;2025-11-13;17;2412
50;2025-11-13;18;2508
50;2025-11-13;19;1502
50;2025-11-13;20;943
50;2025-11-13;21;644
50;2025-11-13;22;271
50;2025-11-13;23;151
50;2025-11-14;0;36
50;2025-11-14;1;1
50;2025-11-14;2;0
50;2025-11-14;3;0
50;2025-11-14;4;3
50;2025-11-14;5;65
50;2025-11-14;6;525
50;2025-11-14;7;1738
50;2025-11-14;8;2645
50;2025-11-14;9;2001
50;2025-11-14;10;1536
50;2025-11-14;11;1500
50;2025-11-14;12;1454
50;2025-11-14;13;1510
50;2025-11-14;14;1467
50;2025-11-14;15;1743
50;2025-11-14;16;2022
50;2025-11-14;17;2138
50;2025-11-14;18;1776
50;2025-11-14;19;1275
50;2025-11-14;20;851
50;2025-11-14;21;562
50;2025-11-14;22;263
50;2025-11-14;23;160
50;2025-11-15;0;104
50;2025-11-15;1;8
50;2025-11-15;2;0
50;2025-11-15;3;0
50;2025-11-15;4;0
50;2025-11-15;5;6
50;2025-11-15;6;30
50;2025-11-15;7;57
50;2025-11-15;8;96
50;2025-11-15;9;143
50;2025-11-15;10;130
50;2025-11-15;11;149
50;2025-11-15;12;190
50;2025-11-15;13;169
50;2025-11-15;14;186
50;2025-11-15;15;217
50;2025-11-15;16;183
50;2025-11-15;17;177
50;2025-11-15;18;128
50;2025-11-15;19;106
50;2025-11-15;20;86
50;2025-11-15;21;64
50;2025-11-15;22;46
50;2025-11-15;23;23
50;2025-11-16;0;9
50;2025-11-16;1;1
50;2025-11-16;2;0
50;2025-11-16;3;0
50;2025-11-16;4;0
50;2025-11-16;5;0
50;2025-11-16;6;23
50;2025-11-16;7;38
50;2025-11-16;8;55
50;2025-11-16;9;77
50;2025-11-16;10;119
50;2025-11-16;11;145
50;2025-11-16;12;140
50;2025-11-16;13;158
50;2025-11-16;14;219
50;2025-11-16;15;206
50;2025-11-16;16;209
50;2025-11-16;17;297
50;2025-11-16;18;195
50;2025-11-16;19;180
50;2025-11-16;20;142
50;2025-11-16;21;101
50;2025-11-16;22;91
50;2025-11-16;23;33
50;2025-11-17;0;22
50;2025-11-17;1;3
50;2025-11-17;2;0
50;2025-11-17;3;0
50;2025-11-17;4;3
50;2025-11-17;5;65
50;2025-11-17;6;533
50;2025-11-17;7;1738
50;2025-11-17;8;2785
50;2025-11-17;9;2166
50;2025-11-17;10;1601
50;2025-11-17;11;1455
50;2025-11-17;12;1365
50;2025-11-17;13;1444
50;2025-11-17;14;1396
50;2025-11-17;15;1608
50;2025-11-17;16;1666
50;2025-11-17;17;2291
50;2025-11-17;18;2511
50;2025-11-17;19;1362
50;2025-11-17;20;868
50;2025-11-17;21;608
50;2025-11-17;22;229
50;2025-11-17;23;115
50;2025-11-18;0;30
50;2025-11-18;1;2
50;2025-11-18;2;0
50;2025-11-18;3;0
50;2025-11-18;4;3
50;2025-11-18;5;66
50;2025-11-18;6;560
50;2025-11-18;7;1778
50;2025-11-18;8;2866
50;2025-11-18;9;2124
50;2025-11-18;10;1666
50;2025-11-18;11;1518
50;2025-11-18;12;1505
50;2025-11-18;13;1498
50;2025-11-18;14;1461
50;2025-11-18;15;1694
50;2025-11-18;16;1745
50;2025-11-18;17;2411
50;2025-11-18;18;2514
50;2025-11-18;19;1514
50;2025-11-18;20;948
50;2025-11-18;21;641
50;2025-11-18;22;270
50;2025-11-18;23;140
50;2025-11-19;0;31
50;2025-11-19;1;2
50;2025-11-19;2;0
50;2025-11-19;3;0
50;2025-11-19;4;3
50;2025-11-19;5;72
50;2025-11-19;6;557
50;2025-11-19;7;1787
50;2025-11-19;8;2863
50;2025-11-19;9;2163
50;2025-11-19;10;1715
50;2025-11-19;11;1549
50;2025-11-19;12;1529
50;2025-11-19;13;1508
50;2025-11-19;14;1463
50;2025-11-19;15;1699
50;2025-11-19;16;1745
50;2025-11-19;17;2413
50;2025-11-19;18;2523
50;2025-11-19;19;1502
50;2025-11-19;20;941
50;2025-11-19;21;642
50;2025-11-19;22;271
50;2025-11-19;23;148
50;2025-11-20;0;32
50;2025-11-20;1;2
50;2025-11-20;2;0
50;2025-11-20;3;0
50;2025-11-20;4;3
50;2025-11-20;5;71
50;2025-11-20;6;555
50;2025-11-20;7;1782
50;2025-11-20;8;2857
50;2025-11-20;9;2159
50;2025-11-20;10;1710
50;2025-11-20;11;1544
50;2025-11-20;12;1528
50;2025-11-20;13;1507
50;2025-11-20;14;1463
50;2025-11-20;15;1698
50;2025-11-20;16;1744
50;2025-11-20;17;2412
50;2025-11-20;18;2518
50;2025-11-20;19;1498
50;2025-11-20;20;940
50;2025-11-20;21;641
50;2025-11-20;22;270
50;2025-11-20;23;150
50;2025-11-21;0;36
50;2025-11-21;1;1
50;2025-11-21;2;0
50;2025-11-21;3;0
50;2025-11-21;4;3
50;2025-11-21;5;70
50;2025-11-21;6;530
50;2025-11-21;7;1734
50;2025-11-21;8;2638
50;2025-11-21;9;2000
50;2025-11-21;10;1535
50;2025-11-21;11;1501
50;2025-11-21;12;1440
50;2025-11-21;13;1508
50;2025-11-21;14;1465
50;2025-11-21;15;1743
50;2025-11-21;16;2022
50;2025-11-21;17;2138
50;2025-11-21;18;1780
50;2025-11-21;19;1274
50;2025-11-21;20;854
50;2025-11-21;21;567
50;2025-11-21;22;268
50;2025-11-21;23;165
50;2025-11-22;0;105
50;2025-11-22;1;9
50;2025-11-22;2;0
50;2025-11-22;3;0
50;2025-11-22;4;0
50;2025-11-22;5;5
50;2025-11-22;6;31
50;2025-11-22;7;56
50;2025-11-22;8;93
50;2025-11-22;9;142
50;2025-11-22;10;138
50;2025-11-22;11;163
50;2025-11-22;12;205
50;2025-11-22;13;179
50;2025-11-22;14;186
50;2025-11-22;15;217
50;2025-11-22;16;183
50;2025-11-22;17;177
50;2025-11-22;18;130
50;2025-11-22;19;107
50;2025-11-22;20;86
50;2025-11-22;21;63
50;2025-11-22;22;45
50;2025-11-22;23;24
50;2025-11-23;0;9
50;2025-11-23;1;1
50;2025-11-23;2;0
50;2025-11-23;3;0
50;2025-11-23;4;0
50;2025-11-23;5;3
50;2025-11-23;6;23
50;2025-11-23;7;40
50;2025-11-23;8;63
50;2025-11-23;9;82
50;2025-11-23;10;123
50;2025-11-23;11;147
50;2025-11-23;12;142
50;2025-11-23;13;159
50;2025-11-23;14;220
50;2025-11-23;15;208
50;2025-11-23;16;210
50;2025-11-23;17;299
50;2025-11-23;18;194
50;2025-11-23;19;181
50;2025-11-23;20;143
50;2025-11-23;21;101
50;2025-11-23;22;91
50;2025-11-23;23;32
50;2025-11-24;0;22
50;2025-11-24;1;3
50;2025-11-24;2;0
50;2025-11-24;3;0
50;2025-11-24;4;3
50;2025-11-24;5;69
50;2025-11-24;6;538
50;2025-11-24;7;1756
50;2025-11-24;8;2791
50;2025-11-24;9;2180
50;2025-11-24;10;1586
50;2025-11-24;11;1438
50;2025-11-24;12;1370
50;2025-11-24;13;1465
50;2025-11-24;14;1398
50;2025-11-24;15;1608
50;2025-11-24;16;1667
50;2025-11-24;17;2299
50;2025-11-24;18;2511
50;2025-11-24;19;1364
50;2025-11-24;20;868
50;2025-11-24;21;605
50;2025-11-24;22;232
50;2025-11-24;23;114
50;2025-11-25;0;30
50;2025-11-25;1;2
50;2025-11-25;2;0
50;2025-11-25;3;0
50;2025-11-25;4;3
50;2025-11-25;5;72
50;2025-11-25;6;558
50;2025-11-25;7;1788
50;2025-11-25;8;2867
50;2025-11-25;9;2166
50;2025-11-25;10;1713
50;2025-11-25;11;1545
50;2025-11-25;12;1527
50;2025-11-25;13;1506
50;2025-11-25;14;1459
50;2025-11-25;15;1694
50;2025-11-25;16;1741
50;2025-11-25;17;2413
50;2025-11-25;18;2528
50;2025-11-25;19;1505
50;2025-11-25;20;942
50;2025-11-25;21;641
50;2025-11-25;22;270
50;2025-11-25;23;141
50;2025-11-26;0;31
50;2025-11-26;1;2
50;2025-11-26;2;0
50;2025-11-26;3;0
50;2025-11-26;4;2
50;2025-11-26;5;74
50;2025-11-26;6;558
50;2025-11-26;7;1798
50;2025-11-26;8;2889
50;2025-11-26;9;2165
50;2025-11-26;10;1718
50;2025-11-26;11;1552
50;2025-11-26;12;1532
50;2025-11-26;13;1512
50;2025-11-26;14;1467
50;2025-11-26;15;1700
50;2025-11-26;16;1738
50;2025-11-26;17;2401
50;2025-11-26;18;2509
50;2025-11-26;19;1510
50;2025-11-26;20;946
50;2025-11-26;21;647
50;2025-11-26;22;276
50;2025-11-26;23;147
50;2025-11-27;0;32
50;2025-11-27;1;2
50;2025-11-27;2;0
50;2025-11-27;3;0
50;2025-11-27;4;2
50;2025-11-27;5;71
50;2025-11-27;6;556
50;2025-11-27;7;1782
50;2025-11-27;8;2863
50;2025-11-27;9;2157
50;2025-11-27;10;1708
50;2025-11-27;11;1544
50;2025-11-27;12;1528
50;2025-11-27;13;1507
50;2025-11-27;14;1462
50;2025-11-27;15;1698
50;2025-11-27;16;1745
50;2025-11-27;17;2401
50;2025-11-27;18;2485
50;2025-11-27;19;1507
50;2025-11-27;20;946
50;2025-11-27;21;646
50;2025-11-27;22;275
50;2025-11-27;23;147
50;2025-11-28;0;34
50;2025-11-28;1;1
50;2025-11-28;2;0
50;2025-11-28;3;0
50;2025-11-28;4;3
50;2025-11-28;5;64
50;2025-11-28;6;525
50;2025-11-28;7;1738
50;2025-11-28;8;2645
50;2025-11-28;9;2000
50;2025-11-28;10;1534
50;2025-11-28;11;1500
50;2025-11-28;12;1453
50;2025-11-28;13;1510
50;2025-11-28;14;1467
50;2025-11-28;15;1745
50;2025-11-28;16;2023
50;2025-11-28;17;2135
50;2025-11-28;18;1775
50;2025-11-28;19;1272
50;2025-11-28;20;852
50;2025-11-28;21;564
50;2025-11-28;22;267
50;2025-11-28;23;165
50;2025-11-29;0;105
50;2025-11-29;1;9
50;2025-11-29;2;0
50;2025-11-29;3;0
50;2025-11-29;4;0
50;2025-11-29;5;5
50;2025-11-29;6;31
50;2025-11-29;7;57
50;2025-11-29;8;89
50;2025-11-29;9;146
50;2025-11-29;10;139
50;2025-11-29;11;163
50;2025-11-29;12;205
50;2025-11-29;13;180
50;2025-11-29;14;186
50;2025-11-29;15;217
50;2025-11-29;16;183
50;2025-11-29;17;176
50;2025-11-29;18;128
50;2025-11-29;19;106
50;2025-11-29;20;86
50;2025-11-29;21;64
50;2025-11-29;22;46
50;2025-11-29;23;23
50;2025-11-30;0;9
50;2025-11-30;1;1
50;2025-11-30;2;0
50;2025-11-30;3;0
50;2025-11-30;4;0
50;2025-11-30;5;3
50;2025-11-30;6;23
50;2025-11-30;7;40
50;2025-11-30;8;63
50;2025-11-30;9;83
50;2025-11-30;10;124
50;2025-11-30;11;147
50;2025-11-30;12;142
50;2025-11-30;13;159
50;2025-11-30;14;221
50;2025-11-30;15;208
50;2025-11-30;16;209
50;2025-11-30;17;299
50;2025-11-30;18;200
50;2025-11-30;19;184
50;2025-11-30;20;145
50;2025-11-30;21;105
50;2025-11-30;22;91
50;2025-11-30;23;33
50;2025-12-01;0;22
50;2025-12-01;1;3
50;2025-12-01;2;0
50;2025-12-01;3;0
50;2025-12-01;4;3
50;2025-12-01;5;70
50;2025-12-01;6;542
50;2025-12-01;7;1756
50;2025-12-01;8;2806
50;2025-12-01;9;2186
50;2025-12-01;10;1599
50;2025-12-01;11;1463
50;2025-12-01;12;1373
50;2025-12-01;13;1471
50;2025-12-01;14;1409
50;2025-12-01;15;1617
50;2025-12-01;16;1673
50;2025-12-01;17;2310
50;2025-12-01;18;2525
50;2025-12-01;19;1372
50;2025-12-01;20;873
50;2025-12-01;21;608
50;2025-12-01;22;233
50;2025-12-01;23;116
50;2025-12-02;0;31
50;2025-12-02;1;2
50;2025-12-02;2;0
50;2025-12-02;3;0
50;2025-12-02;4;3
50;2025-12-02;5;73
50;2025-12-02;6;561
50;2025-12-02;7;1798
50;2025-12-02;8;2883
50;2025-12-02;9;2180
50;2025-12-02;10;1724
50;2025-12-02;11;1555
50;2025-12-02;12;1535
50;2025-12-02;13;1517
50;2025-12-02;14;1471
50;2025-12-02;15;1704
50;2025-12-02;16;1751
50;2025-12-02;17;2426
50;2025-12-02;18;2542
50;2025-12-02;19;1513
50;2025-12-02;20;947
50;2025-12-02;21;645
50;2025-12-02;22;272
50;2025-12-02;23;141
50;2025-12-03;0;31
50;2025-12-03;1;2
50;2025-12-03;2;0
50;2025-12-03;3;0
50;2025-12-03;4;2
50;2025-12-03;5;73
50;2025-12-03;6;560
50;2025-12-03;7;1797
50;2025-12-03;8;2879
50;2025-12-03;9;2177
50;2025-12-03;10;1725
50;2025-12-03;11;1558
50;2025-12-03;12;1538
50;2025-12-03;13;1516
50;2025-12-03;14;1472
50;2025-12-03;15;1708
50;2025-12-03;16;1755
50;2025-12-03;17;2426
50;2025-12-03;18;2537
50;2025-12-03;19;1509
50;2025-12-03;20;946
50;2025-12-03;21;645
50;2025-12-03;22;272
50;2025-12-03;23;148
50;2025-12-04;0;32
50;2025-12-04;1;2
50;2025-12-04;2;0
50;2025-12-04;3;0
50;2025-12-04;4;2
50;2025-12-04;5;70
50;2025-12-04;6;558
50;2025-12-04;7;1792
50;2025-12-04;8;2883
50;2025-12-04;9;2170
50;2025-12-04;10;1719
50;2025-12-04;11;1553
50;2025-12-04;12;1537
50;2025-12-04;13;1516
50;2025-12-04;14;1467
50;2025-12-04;15;1707
50;2025-12-04;16;1751
50;2025-12-04;17;2421
50;2025-12-04;18;2536
50;2025-12-04;19;1510
50;2025-12-04;20;948
50;2025-12-04;21;646
50;2025-12-04;22;273
50;2025-12-04;23;151
50;2025-12-05;0;37
50;2025-12-05;1;1
50;2025-12-05;2;0
50;2025-12-05;3;0
50;2025-12-05;4;3
50;2025-12-05;5;65
50;2025-12-05;6;528
50;2025-12-05;7;1747
50;2025-12-05;8;2661
50;2025-12-05;9;2010
50;2025-12-05;10;1544
50;2025-12-05;11;1509
50;2025-12-05;12;1462
50;2025-12-05;13;1516
50;2025-12-05;14;1471
50;2025-12-05;15;1753
50;2025-12-05;16;2032
50;2025-12-05;17;2150
50;2025-12-05;18;1786
50;2025-12-05;19;1280
50;2025-12-05;20;857
50;2025-12-05;21;567
50;2025-12-05;22;269
50;2025-12-05;23;166
50;2025-12-06;0;62
50;2025-12-06;1;2
50;2025-12-06;2;0
50;2025-12-06;3;0
50;2025-12-06;4;0
50;2025-12-06;5;37
50;2025-12-06;6;192
50;2025-12-06;7;409
50;2025-12-06;8;592
50;2025-12-06;9;688
50;2025-12-06;10;733
50;2025-12-06;11;841
50;2025-12-06;12;845
50;2025-12-06;13;878
50;2025-12-06;14;928
50;2025-12-06;15;865
50;2025-12-06;16;862
50;2025-12-06;17;907
50;2025-12-06;18;833
50;2025-12-06;19;744
50;2025-12-06;20;592
50;2025-12-06;21;442
50;2025-12-06;22;274
50;2025-12-06;23;163
50;2025-12-07;0;48
50;2025-12-07;1;3
50;2025-12-07;2;0
50;2025-12-07;3;0
50;2025-12-07;4;1
50;2025-12-07;5;32
50;2025-12-07;6;166
50;2025-12-07;7;292
50;2025-12-07;8;459
50;2025-12-07;9;552
50;2025-12-07;10;595
50;2025-12-07;11;764
50;2025-12-07;12;815
50;2025-12-07;13;837
50;2025-12-07;14;861
50;2025-12-07;15;813
50;2025-12-07;16;810
50;2025-12-07;17;861
50;2025-12-07;18;761
50;2025-12-07;19;658
50;2025-12-07;20;582
50;2025-12-07;21;424
50;2025-12-07;22;261
50;2025-12-07;23;138
50;2025-12-08;0;22
50;2025-12-08;1;3
50;2025-12-08;2;0
50;2025-12-08;3;0
50;2025-12-08;4;3
50;2025-12-08;5;70
50;2025-12-08;6;542
50;2025-12-08;7;1756
50;2025-12-08;8;2806
50;2025-12-08;9;2189
50;2025-12-08;10;1601
50;2025-12-08;11;1463
50;2025-12-08;12;1373
50;2025-12-08;13;1466
50;2025-12-08;14;1406
50;2025-12-08;15;1617
50;2025-12-08;16;1673
50;2025-12-08;17;2310
50;2025-12-08;18;2525
50;2025-12-08;19;1373
50;2025-12-08;20;874
50;2025-12-08;21;608
50;2025-12-08;22;233
50;2025-12-08;23;116
50;2025-12-09;0;31
50;2025-12-09;1;2
50;2025-12-09;2;0
50;2025-12-09;3;0
50;2025-12-09;4;3
50;2025-12-09;5;72
50;2025-12-09;6;561
50;2025-12-09;7;1798
50;2025-12-09;8;2884
50;2025-12-09;9;2178
50;2025-12-09;10;1722
50;2025-12-09;11;1553
50;2025-12-09;12;1535
50;2025-12-09;13;1514
50;2025-12-09;14;1467
50;2025-12-09;15;1704
50;2025-12-09;16;1751
50;2025-12-09;17;2426
50;2025-12-09;18;2542
50;2025-12-09;19;1514
50;2025-12-09;20;948
50;2025-12-09;21;645
50;2025-12-09;22;281
50;2025-12-09;23;146
50;2025-12-10;0;31
50;2025-12-10;1;2
50;2025-12-10;2;0
50;2025-12-10;3;0
50;2025-12-10;4;3
50;2025-12-10;5;85
50;2025-12-10;6;573
50;2025-12-10;7;1812
50;2025-12-10;8;2873
50;2025-12-10;9;2185
50;2025-12-10;10;1738
50;2025-12-10;11;1562
50;2025-12-10;12;1538
50;2025-12-10;13;1516
50;2025-12-10;14;1472
50;2025-12-10;15;1708
50;2025-12-10;16;1755
50;2025-12-10;17;2426
50;2025-12-10;18;2537
50;2025-12-10;19;1510
50;2025-12-10;20;946
50;2025-12-10;21;645
50;2025-12-10;22;273
50;2025-12-10;23;148
50;2025-12-11;0;32
50;2025-12-11;1;2
50;2025-12-11;2;0
50;2025-12-11;3;0
50;2025-12-11;4;2
50;2025-12-11;5;71
50;2025-12-11;6;558
50;2025-12-11;7;1792
50;2025-12-11;8;2870
50;2025-12-11;9;2156
50;2025-12-11;10;1722
50;2025-12-11;11;1551
50;2025-12-11;12;1535
50;2025-12-11;13;1517
50;2025-12-11;14;1471
50;2025-12-11;15;1708
50;2025-12-11;16;1751
50;2025-12-11;17;2408
50;2025-12-11;18;2503
50;2025-12-11;19;1520
50;2025-12-11;20;955
50;2025-12-11;21;650
50;2025-12-11;22;277
50;2025-12-11;23;152
50;2025-12-12;0;37
50;2025-12-12;1;1
50;2025-12-12;2;0
50;2025-12-12;3;0
50;2025-12-12;4;3
50;2025-12-12;5;65
50;2025-12-12;6;522
50;2025-12-12;7;1748
50;2025-12-12;8;2659
50;2025-12-12;9;2012
50;2025-12-12;10;1540
50;2025-12-12;11;1510
50;2025-12-12;12;1450
50;2025-12-12;13;1500
50;2025-12-12;14;1463
50;2025-12-12;15;1719
50;2025-12-12;16;1996
50;2025-12-12;17;2135
50;2025-12-12;18;1791
50;2025-12-12;19;1282
50;2025-12-12;20;862
50;2025-12-12;21;575
50;2025-12-12;22;272
50;2025-12-12;23;169
50;2025-12-13;0;61
50;2025-12-13;1;2
50;2025-12-13;2;0
50;2025-12-13;3;0
50;2025-12-13;4;0
50;2025-12-13;5;35
50;2025-12-13;6;189
50;2025-12-13;7;400
50;2025-12-13;8;586
50;2025-12-13;9;676
50;2025-12-13;10;723
50;2025-12-13;11;837
50;2025-12-13;12;841
50;2025-12-13;13;866
50;2025-12-13;14;925
50;2025-12-13;15;864
50;2025-12-13;16;863
50;2025-12-13;17;907
50;2025-12-13;18;827
50;2025-12-13;19;743
50;2025-12-13;20;577
50;2025-12-13;21;426
50;2025-12-13;22;281
50;2025-12-13;23;158
50;2025-12-14;0;48
50;2025-12-14;1;4
50;2025-12-14;2;0
50;2025-12-14;3;0
50;2025-12-14;4;1
50;2025-12-14;5;19
50;2025-12-14;6;148
50;2025-12-14;7;267
50;2025-12-14;8;428
50;2025-12-14;9;538
50;2025-12-14;10;582
50;2025-12-14;11;758
50;2025-12-14;12;817
50;2025-12-14;13;833
50;2025-12-14;14;862
50;2025-12-14;15;809
50;2025-12-14;16;816
50;2025-12-14;17;868
50;2025-12-14;18;761
50;2025-12-14;19;657
50;2025-12-14;20;580
50;2025-12-14;21;425
50;2025-12-14;22;263
50;2025-12-14;23;141
50;2025-12-15;0;22
50;2025-12-15;1;3
50;2025-12-15;2;0
50;2025-12-15;3;0
50;2025-12-15;4;3
50;2025-12-15;5;69
50;2025-12-15;6;543
50;2025-12-15;7;1762
50;2025-12-15;8;2817
50;2025-12-15;9;2198
50;2025-12-15;10;1613
50;2025-12-15;11;1459
50;2025-12-15;12;1370
50;2025-12-15;13;1461
50;2025-12-15;14;1401
50;2025-12-15;15;1626
50;2025-12-15;16;1672
50;2025-12-15;17;2312
50;2025-12-15;18;2528
50;2025-12-15;19;1388
50;2025-12-15;20;878
50;2025-12-15;21;621
50;2025-12-15;22;245
50;2025-12-15;23;128
50;2025-12-16;0;31
50;2025-12-16;1;2
50;2025-12-16;2;0
50;2025-12-16;3;0
50;2025-12-16;4;3
50;2025-12-16;5;79
50;2025-12-16;6;557
50;2025-12-16;7;1795
50;2025-12-16;8;2882
50;2025-12-16;9;2174
50;2025-12-16;10;1731
50;2025-12-16;11;1560
50;2025-12-16;12;1540
50;2025-12-16;13;1505
50;2025-12-16;14;1471
50;2025-12-16;15;1707
50;2025-12-16;16;1754
50;2025-12-16;17;2426
50;2025-12-16;18;2542
50;2025-12-16;19;1513
50;2025-12-16;20;947
50;2025-12-16;21;644
50;2025-12-16;22;272
50;2025-12-16;23;141
50;2025-12-17;0;31
50;2025-12-17;1;2
50;2025-12-17;2;0
50;2025-12-17;3;0
50;2025-12-17;4;3
50;2025-12-17;5;73
50;2025-12-17;6;560
50;2025-12-17;7;1797
50;2025-12-17;8;2888
50;2025-12-17;9;2177
50;2025-12-17;10;1725
50;2025-12-17;11;1558
50;2025-12-17;12;1538
50;2025-12-17;13;1516
50;2025-12-17;14;1472
50;2025-12-17;15;1708
50;2025-12-17;16;1755
50;2025-12-17;17;2426
50;2025-12-17;18;2537
50;2025-12-17;19;1509
50;2025-12-17;20;946
50;2025-12-17;21;645
50;2025-12-17;22;272
50;2025-12-17;23;148
50;2025-12-18;0;32
50;2025-12-18;1;2
50;2025-12-18;2;0
50;2025-12-18;3;0
50;2025-12-18;4;3
50;2025-12-18;5;70
50;2025-12-18;6;558
50;2025-12-18;7;1792
50;2025-12-18;8;2871
50;2025-12-18;9;2170
50;2025-12-18;10;1719
50;2025-12-18;11;1552
50;2025-12-18;12;1536
50;2025-12-18;13;1515
50;2025-12-18;14;1471
50;2025-12-18;15;1707
50;2025-12-18;16;1754
50;2025-12-18;17;2425
50;2025-12-18;18;2536
50;2025-12-18;19;1509
50;2025-12-18;20;946
50;2025-12-18;21;645
50;2025-12-18;22;273
50;2025-12-18;23;151
50;2025-12-19;0;37
50;2025-12-19;1;1
50;2025-12-19;2;0
50;2025-12-19;3;0
50;2025-12-19;4;3
50;2025-12-19;5;64
50;2025-12-19;6;528
50;2025-12-19;7;1747
50;2025-12-19;8;2651
50;2025-12-19;9;2011
50;2025-12-19;10;1544
50;2025-12-19;11;1510
50;2025-12-19;12;1463
50;2025-12-19;13;1517
50;2025-12-19;14;1475
50;2025-12-19;15;1752
50;2025-12-19;16;2032
50;2025-12-19;17;2145
50;2025-12-19;18;1794
50;2025-12-19;19;1281
50;2025-12-19;20;859
50;2025-12-19;21;570
50;2025-12-19;22;269
50;2025-12-19;23;167
50;2025-12-20;0;62
50;2025-12-20;1;2
50;2025-12-20;2;0
50;2025-12-20;3;0
50;2025-12-20;4;1
50;2025-12-20;5;38
50;2025-12-20;6;193
50;2025-12-20;7;410
50;2025-12-20;8;593
50;2025-12-20;9;688
50;2025-12-20;10;734
50;2025-12-20;11;850
50;2025-12-20;12;853
50;2025-12-20;13;883
50;2025-12-20;14;933
50;2025-12-20;15;868
50;2025-12-20;16;866
50;2025-12-20;17;911
50;2025-12-20;18;823
50;2025-12-20;19;747
50;2025-12-20;20;596
50;2025-12-20;21;440
50;2025-12-20;22;277
50;2025-12-20;23;163
50;2025-12-21;0;49
50;2025-12-21;1;4
50;2025-12-21;2;0
50;2025-12-21;3;0
50;2025-12-21;4;1
50;2025-12-21;5;31
50;2025-12-21;6;171
50;2025-12-21;7;289
50;2025-12-21;8;461
50;2025-12-21;9;552
50;2025-12-21;10;595
50;2025-12-21;11;764
50;2025-12-21;12;815
50;2025-12-21;13;837
50;2025-12-21;14;861
50;2025-12-21;15;814
50;2025-12-21;16;810
50;2025-12-21;17;861
50;2025-12-21;18;761
50;2025-12-21;19;658
50;2025-12-21;20;582
50;2025-12-21;21;424
50;2025-12-21;22;253
50;2025-12-21;23;138
50;2025-12-22;0;22
50;2025-12-22;1;2
50;2025-12-22;2;0
50;2025-12-22;3;0
50;2025-12-22;4;3
50;2025-12-22;5;70
50;2025-12-22;6;542
50;2025-12-22;7;1757
50;2025-12-22;8;2820
50;2025-12-22;9;2192
50;2025-12-22;10;1624
50;2025-12-22;11;1470
50;2025-12-22;12;1380
50;2025-12-22;13;1470
50;2025-12-22;14;1406
50;2025-12-22;15;1617
50;2025-12-22;16;1672
50;2025-12-22;17;2303
50;2025-12-22;18;2501
50;2025-12-22;19;1367
50;2025-12-22;20;870
50;2025-12-22;21;607
50;2025-12-22;22;233
50;2025-12-22;23;113
50;2025-12-23;0;31
50;2025-12-23;1;2
50;2025-12-23;2;0
50;2025-12-23;3;0
50;2025-12-23;4;3
50;2025-12-23;5;74
50;2025-12-23;6;566
50;2025-12-23;7;1804
50;2025-12-23;8;2890
50;2025-12-23;9;2189
50;2025-12-23;10;1732
50;2025-12-23;11;1563
50;2025-12-23;12;1544
50;2025-12-23;13;1520
50;2025-12-23;14;1471
50;2025-12-23;15;1705
50;2025-12-23;16;1752
50;2025-12-23;17;2426
50;2025-12-23;18;2537
50;2025-12-23;19;1530
50;2025-12-23;20;959
50;2025-12-23;21;654
50;2025-12-23;22;280
50;2025-12-23;23;148
50;2025-12-24;0;31
50;2025-12-24;1;2
50;2025-12-24;2;0
50;2025-12-24;3;0
50;2025-12-24;4;3
50;2025-12-24;5;73
50;2025-12-24;6;561
50;2025-12-24;7;1798
50;2025-12-24;8;2872
50;2025-12-24;9;2183
50;2025-12-24;10;1731
50;2025-12-24;11;1564
50;2025-12-24;12;1542
50;2025-12-24;13;1522
50;2025-12-24;14;1476
50;2025-12-24;15;1700
50;2025-12-24;16;1756
50;2025-12-24;17;2427
50;2025-12-24;18;2515
50;2025-12-24;19;1516
50;2025-12-24;20;951
50;2025-12-24;21;649
50;2025-12-24;22;276
50;2025-12-24;23;148
50;2025-12-25;0;32
50;2025-12-25;1;2
50;2025-12-25;2;0
50;2025-12-25;3;0
50;2025-12-25;4;2
50;2025-12-25;5;74
50;2025-12-25;6;565
50;2025-12-25;7;1791
50;2025-12-25;8;2869
50;2025-12-25;9;2167
50;2025-12-25;10;1714
50;2025-12-25;11;1544
50;2025-12-25;12;1530
50;2025-12-25;13;1510
50;2025-12-25;14;1465
50;2025-12-25;15;1705
50;2025-12-25;16;1757
50;2025-12-25;17;2413
50;2025-12-25;18;2501
50;2025-12-25;19;1519
50;2025-12-25;20;951
50;2025-12-25;21;654
50;2025-12-25;22;281
50;2025-12-25;23;152
50;2025-12-26;0;36
50;2025-12-26;1;1
50;2025-12-26;2;0
50;2025-12-26;3;0
50;2025-12-26;4;3
50;2025-12-26;5;51
50;2025-12-26;6;523
50;2025-12-26;7;1745
50;2025-12-26;8;2684
50;2025-12-26;9;2005
50;2025-12-26;10;1530
50;2025-12-26;11;1508
50;2025-12-26;12;1436
50;2025-12-26;13;1501
50;2025-12-26;14;1462
50;2025-12-26;15;1740
50;2025-12-26;16;2019
50;2025-12-26;17;2132
50;2025-12-26;18;1788
50;2025-12-26;19;1284
50;2025-12-26;20;860
50;2025-12-26;21;566
50;2025-12-26;22;265
50;2025-12-26;23;166
50;2025-12-27;0;62
50;2025-12-27;1;2
50;2025-12-27;2;0
50;2025-12-27;3;0
50;2025-12-27;4;1
50;2025-12-27;5;38
50;2025-12-27;6;193
50;2025-12-27;7;411
50;2025-12-27;8;594
50;2025-12-27;9;673
50;2025-12-27;10;736
50;2025-12-27;11;850
50;2025-12-27;12;853
50;2025-12-27;13;883
50;2025-12-27;14;932
50;2025-12-27;15;860
50;2025-12-27;16;857
50;2025-12-27;17;912
50;2025-12-27;18;823
50;2025-12-27;19;740
50;2025-12-27;20;592
50;2025-12-27;21;431
50;2025-12-27;22;266
50;2025-12-27;23;159
50;2025-12-28;0;47
50;2025-12-28;1;3
50;2025-12-28;2;0
50;2025-12-28;3;0
50;2025-12-28;4;1
50;2025-12-28;5;33
50;2025-12-28;6;174
50;2025-12-28;7;299
50;2025-12-28;8;480
50;2025-12-28;9;551
50;2025-12-28;10;586
50;2025-12-28;11;737
50;2025-12-28;12;788
50;2025-12-28;13;804
50;2025-12-28;14;828
50;2025-12-28;15;782
50;2025-12-28;16;804
50;2025-12-28;17;856
50;2025-12-28;18;756
50;2025-12-28;19;648
50;2025-12-28;20;569
50;2025-12-28;21;415
50;2025-12-28;22;254
50;2025-12-28;23;138
50;2025-12-29;0;21
50;2025-12-29;1;2
50;2025-12-29;2;0
50;2025-12-29;3;0
50;2025-12-29;4;2
50;2025-12-29;5;59
50;2025-12-29;6;498
50;2025-12-29;7;1625
50;2025-12-29;8;2573
50;2025-12-29;9;2006
50;2025-12-29;10;1474
50;2025-12-29;11;1346
50;2025-12-29;12;1271
50;2025-12-29;13;1349
50;2025-12-29;14;1300
50;2025-12-29;15;1489
50;2025-12-29;16;1542
50;2025-12-29;17;2126
50;2025-12-29;18;2306
50;2025-12-29;19;1294
50;2025-12-29;20;811
50;2025-12-29;21;563
50;2025-12-29;22;217
50;2025-12-29;23;105
50;2025-12-30;0;29
50;2025-12-30;1;3
50;2025-12-30;2;0
50;2025-12-30;3;0
50;2025-12-30;4;2
50;2025-12-30;5;59
50;2025-12-30;6;509
50;2025-12-30;7;1658
50;2025-12-30;8;2668
50;2025-12-30;9;1998
50;2025-12-30;10;1582
50;2025-12-30;11;1429
50;2025-12-30;12;1413
50;2025-12-30;13;1390
50;2025-12-30;14;1358
50;2025-12-30;15;1570
50;2025-12-30;16;1616
50;2025-12-30;17;2217
50;2025-12-30;18;2325
50;2025-12-30;19;1410
50;2025-12-30;20;874
50;2025-12-30;21;594
50;2025-12-30;22;256
50;2025-12-30;23;130
50;2025-12-31;0;41
50;2025-12-31;1;4
50;2025-12-31;2;0
50;2025-12-31;3;0
50;2025-12-31;4;1
50;2025-12-31;5;16
50;2025-12-31;6;76
50;2025-12-31;7;163
50;2025-12-31;8;314
50;2025-12-31;9;346
50;2025-12-31;10;380
50;2025-12-31;11;483
50;2025-12-31;12;549
50;2025-12-31;13;555
50;2025-12-31;14;571
50;2025-12-31;15;544
50;2025-12-31;16;565
50;2025-12-31;17;615
50;2025-12-31;18;553
50;2025-12-31;19;486
50;2025-12-31;20;435
50;2025-12-31;21;299
50;2025-12-31;22;154
50;2025-12-31;23;64
