route;date;hour;prediction
1;2025-11-01;0;2
1;2025-11-01;1;0
1;2025-11-01;2;0
1;2025-11-01;3;0
1;2025-11-01;4;6
1;2025-11-01;5;122
1;2025-11-01;6;501
1;2025-11-01;7;1371
1;2025-11-01;8;1732
1;2025-11-01;9;1392
1;2025-11-01;10;1263
1;2025-11-01;11;1286
1;2025-11-01;12;1324
1;2025-11-01;13;1351
1;2025-11-01;14;1331
1;2025-11-01;15;1460
1;2025-11-01;16;1502
1;2025-11-01;17;1615
1;2025-11-01;18;1444
1;2025-11-01;19;1187
1;2025-11-01;20;766
1;2025-11-01;21;438
1;2025-11-01;22;207
1;2025-11-01;23;49
1;2025-11-02;0;1
1;2025-11-02;1;0
1;2025-11-02;2;0
1;2025-11-02;3;0
1;2025-11-02;4;0
1;2025-11-02;5;25
1;2025-11-02;6;131
1;2025-11-02;7;262
1;2025-11-02;8;371
1;2025-11-02;9;624
1;2025-11-02;10;689
1;2025-11-02;11;746
1;2025-11-02;12;833
1;2025-11-02;13;849
1;2025-11-02;14;836
1;2025-11-02;15;769
1;2025-11-02;16;723
1;2025-11-02;17;680
1;2025-11-02;18;570
1;2025-11-02;19;480
1;2025-11-02;20;363
1;2025-11-02;21;287
1;2025-11-02;22;121
1;2025-11-02;23;28
1;2025-11-03;0;1
1;2025-11-03;1;0
1;2025-11-03;2;0
1;2025-11-03;3;0
1;2025-11-03;4;0
1;2025-11-03;5;45
1;2025-11-03;6;165
1;2025-11-03;7;297
1;2025-11-03;8;391
1;2025-11-03;9;604
1;2025-11-03;10;648
1;2025-11-03;11;633
1;2025-11-03;12;703
1;2025-11-03;13;732
1;2025-11-03;14;685
1;2025-11-03;15;659
1;2025-11-03;16;684
1;2025-11-03;17;650
1;2025-11-03;18;564
1;2025-11-03;19;520
1;2025-11-03;20;411
1;2025-11-03;21;321
1;2025-11-03;22;158
1;2025-11-03;23;61
1;2025-11-04;0;2
1;2025-11-04;1;0
1;2025-11-04;2;0
1;2025-11-04;3;0
1;2025-11-04;4;1
1;2025-11-04;5;38
1;2025-11-04;6;156
1;2025-11-04;7;288
1;2025-11-04;8;380
1;2025-11-04;9;564
1;2025-11-04;10;607
1;2025-11-04;11;613
1;2025-11-04;12;665
1;2025-11-04;13;708
1;2025-11-04;14;763
1;2025-11-04;15;715
1;2025-11-04;16;678
1;2025-11-04;17;637
1;2025-11-04;18;560
1;2025-11-04;19;509
1;2025-11-04;20;402
1;2025-11-04;21;317
1;2025-11-04;22;149
1;2025-11-04;23;56
1;2025-11-05;0;2
1;2025-11-05;1;0
1;2025-11-05;2;0
1;2025-11-05;3;0
1;2025-11-05;4;8
1;2025-11-05;5;130
1;2025-11-05;6;544
1;2025-11-05;7;1488
1;2025-11-05;8;1941
1;2025-11-05;9;1525
1;2025-11-05;10;1375
1;2025-11-05;11;1382
1;2025-11-05;12;1405
1;2025-11-05;13;1431
1;2025-11-05;14;1401
1;2025-11-05;15;1507
1;2025-11-05;16;1548
1;2025-11-05;17;1797
1;2025-11-05;18;1824
1;2025-11-05;19;1367
1;2025-11-05;20;884
1;2025-11-05;21;483
1;2025-11-05;22;224
1;2025-11-05;23;40
1;2025-11-06;0;2
1;2025-11-06;1;0
1;2025-11-06;2;0
1;2025-11-06;3;0
1;2025-11-06;4;7
1;2025-11-06;5;131
1;2025-11-06;6;546
1;2025-11-06;7;1492
1;2025-11-06;8;1950
1;2025-11-06;9;1529
1;2025-11-06;10;1381
1;2025-11-06;11;1375
1;2025-11-06;12;1407
1;2025-11-06;13;1434
1;2025-11-06;14;1398
1;2025-11-06;15;1500
1;2025-11-06;16;1544
1;2025-11-06;17;1800
1;2025-11-06;18;1824
1;2025-11-06;19;1367
1;2025-11-06;20;887
1;2025-11-06;21;488
1;2025-11-06;22;228
1;2025-11-06;23;45
1;2025-11-07;0;2
1;2025-11-07;1;0
1;2025-11-07;2;0
1;2025-11-07;3;0
1;2025-11-07;4;7
1;2025-11-07;5;137
1;2025-11-07;6;538
1;2025-11-07;7;1475
1;2025-11-07;8;1856
1;2025-11-07;9;1474
1;2025-11-07;10;1335
1;2025-11-07;11;1367
1;2025-11-07;12;1405
1;2025-11-07;13;1438
1;2025-11-07;14;1414
1;2025-11-07;15;1557
1;2025-11-07;16;1604
1;2025-11-07;17;1733
1;2025-11-07;18;1546
1;2025-11-07;19;1272
1;2025-11-07;20;819
1;2025-11-07;21;470
1;2025-11-07;22;222
1;2025-11-07;23;49
1;2025-11-08;0;3
1;2025-11-08;1;0
1;2025-11-08;2;0
1;2025-11-08;3;0
1;2025-11-08;4;0
1;2025-11-08;5;37
1;2025-11-08;6;188
1;2025-11-08;7;369
1;2025-11-08;8;535
1;2025-11-08;9;770
1;2025-11-08;10;859
1;2025-11-08;11;874
1;2025-11-08;12;1001
1;2025-11-08;13;1060
1;2025-11-08;14;1000
1;2025-11-08;15;930
1;2025-11-08;16;866
1;2025-11-08;17;808
1;2025-11-08;18;703
1;2025-11-08;19;619
1;2025-11-08;20;445
1;2025-11-08;21;326
1;2025-11-08;22;140
1;2025-11-08;23;30
1;2025-11-09;0;1
1;2025-11-09;1;0
1;2025-11-09;2;0
1;2025-11-09;3;0
1;2025-11-09;4;0
1;2025-11-09;5;33
1;2025-11-09;6;139
1;2025-11-09;7;277
1;2025-11-09;8;387
1;2025-11-09;9;634
1;2025-11-09;10;688
1;2025-11-09;11;734
1;2025-11-09;12;857
1;2025-11-09;13;906
1;2025-11-09;14;838
1;2025-11-09;15;783
1;2025-11-09;16;747
1;2025-11-09;17;704
1;2025-11-09;18;576
1;2025-11-09;19;491
1;2025-11-09;20;376
1;2025-11-09;21;294
1;2025-11-09;22;121
1;2025-11-09;23;29
1;2025-11-10;0;1
1;2025-11-10;1;0
1;2025-11-10;2;0
1;2025-11-10;3;0
1;2025-11-10;4;9
1;2025-11-10;5;136
1;2025-11-10;6;536
1;2025-11-10;7;1468
1;2025-11-10;8;1917
1;2025-11-10;9;1478
1;2025-11-10;10;1271
1;2025-11-10;11;1260
1;2025-11-10;12;1309
1;2025-11-10;13;1357
1;2025-11-10;14;1356
1;2025-11-10;15;1480
1;2025-11-10;16;1535
1;2025-11-10;17;1802
1;2025-11-10;18;1884
1;2025-11-10;19;1388
1;2025-11-10;20;880
1;2025-11-10;21;458
1;2025-11-10;22;198
1;2025-11-10;23;36
1;2025-11-11;0;2
1;2025-11-11;1;0
1;2025-11-11;2;0
1;2025-11-11;3;0
1;2025-11-11;4;8
1;2025-11-11;5;131
1;2025-11-11;6;545
1;2025-11-11;7;1486
1;2025-11-11;8;1945
1;2025-11-11;9;1518
1;2025-11-11;10;1362
1;2025-11-11;11;1368
1;2025-11-11;12;1398
1;2025-11-11;13;1429
1;2025-11-11;14;1392
1;2025-11-11;15;1495
1;2025-11-11;16;1535
1;2025-11-11;17;1783
1;2025-11-11;18;1820
1;2025-11-11;19;1360
1;2025-11-11;20;882
1;2025-11-11;21;481
1;2025-11-11;22;222
1;2025-11-11;23;41
1;2025-11-12;0;2
1;2025-11-12;1;0
1;2025-11-12;2;0
1;2025-11-12;3;0
1;2025-11-12;4;8
1;2025-11-12;5;130
1;2025-11-12;6;544
1;2025-11-12;7;1484
1;2025-11-12;8;1938
1;2025-11-12;9;1519
1;2025-11-12;10;1366
1;2025-11-12;11;1366
1;2025-11-12;12;1391
1;2025-11-12;13;1428
1;2025-11-12;14;1388
1;2025-11-12;15;1495
1;2025-11-12;16;1535
1;2025-11-12;17;1786
1;2025-11-12;18;1808
1;2025-11-12;19;1357
1;2025-11-12;20;882
1;2025-11-12;21;482
1;2025-11-12;22;223
1;2025-11-12;23;41
1;2025-11-13;0;2
1;2025-11-13;1;0
1;2025-11-13;2;0
1;2025-11-13;3;0
1;2025-11-13;4;8
1;2025-11-13;5;130
1;2025-11-13;6;543
1;2025-11-13;7;1486
1;2025-11-13;8;1943
1;2025-11-13;9;1526
1;2025-11-13;10;1376
1;2025-11-13;11;1379
1;2025-11-13;12;1402
1;2025-11-13;13;1431
1;2025-11-13;14;1394
1;2025-11-13;15;1505
1;2025-11-13;16;1545
1;2025-11-13;17;1792
1;2025-11-13;18;1819
1;2025-11-13;19;1364
1;2025-11-13;20;885
1;2025-11-13;21;485
1;2025-11-13;22;226
1;2025-11-13;23;44
1;2025-11-14;0;2
1;2025-11-14;1;0
1;2025-11-14;2;0
1;2025-11-14;3;0
1;2025-11-14;4;7
1;2025-11-14;5;130
1;2025-11-14;6;533
1;2025-11-14;7;1466
1;2025-11-14;8;1851
1;2025-11-14;9;1480
1;2025-11-14;10;1346
1;2025-11-14;11;1373
1;2025-11-14;12;1409
1;2025-11-14;13;1439
1;2025-11-14;14;1418
1;2025-11-14;15;1559
1;2025-11-14;16;1603
1;2025-11-14;17;1730
1;2025-11-14;18;1538
1;2025-11-14;19;1269
1;2025-11-14;20;807
1;2025-11-14;21;460
1;2025-11-14;22;211
1;2025-11-14;23;48
1;2025-11-15;0;3
1;2025-11-15;1;0
1;2025-11-15;2;0
1;2025-11-15;3;0
1;2025-11-15;4;0
1;2025-11-15;5;36
1;2025-11-15;6;179
1;2025-11-15;7;358
1;2025-11-15;8;527
1;2025-11-15;9;766
1;2025-11-15;10;832
1;2025-11-15;11;840
1;2025-11-15;12;947
1;2025-11-15;13;1055
1;2025-11-15;14;1050
1;2025-11-15;15;964
1;2025-11-15;16;896
1;2025-11-15;17;832
1;2025-11-15;18;714
1;2025-11-15;19;622
1;2025-11-15;20;444
1;2025-11-15;21;327
1;2025-11-15;22;137
1;2025-11-15;23;31
1;2025-11-16;0;3
1;2025-11-16;1;0
1;2025-11-16;2;0
1;2025-11-16;3;0
1;2025-11-16;4;0
1;2025-11-16;5;7
1;2025-11-16;6;124
1;2025-11-16;7;238
1;2025-11-16;8;294
1;2025-11-16;9;576
1;2025-11-16;10;640
1;2025-11-16;11;719
1;2025-11-16;12;828
1;2025-11-16;13;874
1;2025-11-16;14;817
1;2025-11-16;15;740
1;2025-11-16;16;699
1;2025-11-16;17;647
1;2025-11-16;18;527
1;2025-11-16;19;450
1;2025-11-16;20;342
1;2025-11-16;21;266
1;2025-11-16;22;109
1;2025-11-16;23;25
1;2025-11-17;0;1
1;2025-11-17;1;0
1;2025-11-17;2;0
1;2025-11-17;3;0
1;2025-11-17;4;9
1;2025-11-17;5;131
1;2025-11-17;6;534
1;2025-11-17;7;1454
1;2025-11-17;8;1886
1;2025-11-17;9;1460
1;2025-11-17;10;1275
1;2025-11-17;11;1262
1;2025-11-17;12;1313
1;2025-11-17;13;1335
1;2025-11-17;14;1342
1;2025-11-17;15;1465
1;2025-11-17;16;1524
1;2025-11-17;17;1786
1;2025-11-17;18;1875
1;2025-11-17;19;1378
1;2025-11-17;20;876
1;2025-11-17;21;466
1;2025-11-17;22;197
1;2025-11-17;23;36
1;2025-11-18;0;2
1;2025-11-18;1;0
1;2025-11-18;2;0
1;2025-11-18;3;0
1;2025-11-18;4;8
1;2025-11-18;5;119
1;2025-11-18;6;545
1;2025-11-18;7;1500
1;2025-11-18;8;1964
1;2025-11-18;9;1508
1;2025-11-18;10;1320
1;2025-11-18;11;1356
1;2025-11-18;12;1382
1;2025-11-18;13;1423
1;2025-11-18;14;1372
1;2025-11-18;15;1489
1;2025-11-18;16;1542
1;2025-11-18;17;1780
1;2025-11-18;18;1806
1;2025-11-18;19;1358
1;2025-11-18;20;883
1;2025-11-18;21;480
1;2025-11-18;22;221
1;2025-11-18;23;41
1;2025-11-19;0;2
1;2025-11-19;1;0
1;2025-11-19;2;0
1;2025-11-19;3;0
1;2025-11-19;4;8
1;2025-11-19;5;131
1;2025-11-19;6;545
1;2025-11-19;7;1486
1;2025-11-19;8;1936
1;2025-11-19;9;1518
1;2025-11-19;10;1361
1;2025-11-19;11;1366
1;2025-11-19;12;1382
1;2025-11-19;13;1417
1;2025-11-19;14;1375
1;2025-11-19;15;1486
1;2025-11-19;16;1525
1;2025-11-19;17;1777
1;2025-11-19;18;1807
1;2025-11-19;19;1356
1;2025-11-19;20;882
1;2025-11-19;21;485
1;2025-11-19;22;226
1;2025-11-19;23;43
1;2025-11-20;0;2
1;2025-11-20;1;0
1;2025-11-20;2;0
1;2025-11-20;3;0
1;2025-11-20;4;8
1;2025-11-20;5;131
1;2025-11-20;6;545
1;2025-11-20;7;1485
1;2025-11-20;8;1923
1;2025-11-20;9;1519
1;2025-11-20;10;1362
1;2025-11-20;11;1367
1;2025-11-20;12;1384
1;2025-11-20;13;1417
1;2025-11-20;14;1375
1;2025-11-20;15;1486
1;2025-11-20;16;1526
1;2025-11-20;17;1777
1;2025-11-20;18;1807
1;2025-11-20;19;1351
1;2025-11-20;20;878
1;2025-11-20;21;482
1;2025-11-20;22;223
1;2025-11-20;23;44
1;2025-11-21;0;2
1;2025-11-21;1;0
1;2025-11-21;2;0
1;2025-11-21;3;0
1;2025-11-21;4;7
1;2025-11-21;5;139
1;2025-11-21;6;539
1;2025-11-21;7;1452
1;2025-11-21;8;1840
1;2025-11-21;9;1473
1;2025-11-21;10;1336
1;2025-11-21;11;1365
1;2025-11-21;12;1364
1;2025-11-21;13;1425
1;2025-11-21;14;1400
1;2025-11-21;15;1539
1;2025-11-21;16;1588
1;2025-11-21;17;1715
1;2025-11-21;18;1528
1;2025-11-21;19;1260
1;2025-11-21;20;812
1;2025-11-21;21;468
1;2025-11-21;22;218
1;2025-11-21;23;50
1;2025-11-22;0;3
1;2025-11-22;1;0
1;2025-11-22;2;0
1;2025-11-22;3;0
1;2025-11-22;4;0
1;2025-11-22;5;35
1;2025-11-22;6;184
1;2025-11-22;7;362
1;2025-11-22;8;532
1;2025-11-22;9;772
1;2025-11-22;10;898
1;2025-11-22;11;930
1;2025-11-22;12;1053
1;2025-11-22;13;1113
1;2025-11-22;14;1050
1;2025-11-22;15;968
1;2025-11-22;16;894
1;2025-11-22;17;830
1;2025-11-22;18;718
1;2025-11-22;19;621
1;2025-11-22;20;448
1;2025-11-22;21;316
1;2025-11-22;22;134
1;2025-11-22;23;38
1;2025-11-23;0;3
1;2025-11-23;1;0
1;2025-11-23;2;0
1;2025-11-23;3;0
1;2025-11-23;4;0
1;2025-11-23;5;19
1;2025-11-23;6;130
1;2025-11-23;7;254
1;2025-11-23;8;371
1;2025-11-23;9;614
1;2025-11-23;10;679
1;2025-11-23;11;736
1;2025-11-23;12;855
1;2025-11-23;13;900
1;2025-11-23;14;842
1;2025-11-23;15;767
1;2025-11-23;16;723
1;2025-11-23;17;680
1;2025-11-23;18;535
1;2025-11-23;19;457
1;2025-11-23;20;357
1;2025-11-23;21;275
1;2025-11-23;22;116
1;2025-11-23;23;28
1;2025-11-24;0;1
1;2025-11-24;1;0
1;2025-11-24;2;0
1;2025-11-24;3;0
1;2025-11-24;4;8
1;2025-11-24;5;130
1;2025-11-24;6;533
1;2025-11-24;7;1481
1;2025-11-24;8;1911
1;2025-11-24;9;1481
1;2025-11-24;10;1247
1;2025-11-24;11;1229
1;2025-11-24;12;1321
1;2025-11-24;13;1376
1;2025-11-24;14;1359
1;2025-11-24;15;1482
1;2025-11-24;16;1539
1;2025-11-24;17;1794
1;2025-11-24;18;1875
1;2025-11-24;19;1382
1;2025-11-24;20;874
1;2025-11-24;21;457
1;2025-11-24;22;199
1;2025-11-24;23;36
1;2025-11-25;0;2
1;2025-11-25;1;0
1;2025-11-25;2;0
1;2025-11-25;3;0
1;2025-11-25;4;8
1;2025-11-25;5;132
1;2025-11-25;6;547
1;2025-11-25;7;1488
1;2025-11-25;8;1930
1;2025-11-25;9;1518
1;2025-11-25;10;1358
1;2025-11-25;11;1364
1;2025-11-25;12;1379
1;2025-11-25;13;1411
1;2025-11-25;14;1369
1;2025-11-25;15;1481
1;2025-11-25;16;1521
1;2025-11-25;17;1774
1;2025-11-25;18;1811
1;2025-11-25;19;1357
1;2025-11-25;20;880
1;2025-11-25;21;481
1;2025-11-25;22;223
1;2025-11-25;23;43
1;2025-11-26;0;2
1;2025-11-26;1;0
1;2025-11-26;2;0
1;2025-11-26;3;0
1;2025-11-26;4;8
1;2025-11-26;5;137
1;2025-11-26;6;551
1;2025-11-26;7;1506
1;2025-11-26;8;1962
1;2025-11-26;9;1533
1;2025-11-26;10;1361
1;2025-11-26;11;1373
1;2025-11-26;12;1388
1;2025-11-26;13;1425
1;2025-11-26;14;1378
1;2025-11-26;15;1488
1;2025-11-26;16;1505
1;2025-11-26;17;1762
1;2025-11-26;18;1803
1;2025-11-26;19;1357
1;2025-11-26;20;884
1;2025-11-26;21;487
1;2025-11-26;22;228
1;2025-11-26;23;45
1;2025-11-27;0;2
1;2025-11-27;1;0
1;2025-11-27;2;0
1;2025-11-27;3;0
1;2025-11-27;4;8
1;2025-11-27;5;130
1;2025-11-27;6;544
1;2025-11-27;7;1486
1;2025-11-27;8;1937
1;2025-11-27;9;1527
1;2025-11-27;10;1369
1;2025-11-27;11;1369
1;2025-11-27;12;1389
1;2025-11-27;13;1430
1;2025-11-27;14;1380
1;2025-11-27;15;1499
1;2025-11-27;16;1543
1;2025-11-27;17;1774
1;2025-11-27;18;1800
1;2025-11-27;19;1359
1;2025-11-27;20;885
1;2025-11-27;21;488
1;2025-11-27;22;230
1;2025-11-27;23;45
1;2025-11-28;0;2
1;2025-11-28;1;0
1;2025-11-28;2;0
1;2025-11-28;3;0
1;2025-11-28;4;7
1;2025-11-28;5;130
1;2025-11-28;6;533
1;2025-11-28;7;1464
1;2025-11-28;8;1841
1;2025-11-28;9;1471
1;2025-11-28;10;1333
1;2025-11-28;11;1361
1;2025-11-28;12;1391
1;2025-11-28;13;1420
1;2025-11-28;14;1399
1;2025-11-28;15;1545
1;2025-11-28;16;1588
1;2025-11-28;17;1710
1;2025-11-28;18;1524
1;2025-11-28;19;1256
1;2025-11-28;20;808
1;2025-11-28;21;464
1;2025-11-28;22;217
1;2025-11-28;23;49
1;2025-11-29;0;3
1;2025-11-29;1;0
1;2025-11-29;2;0
1;2025-11-29;3;0
1;2025-11-29;4;0
1;2025-11-29;5;34
1;2025-11-29;6;187
1;2025-11-29;7;363
1;2025-11-29;8;526
1;2025-11-29;9;798
1;2025-11-29;10;900
1;2025-11-29;11;931
1;2025-11-29;12;1052
1;2025-11-29;13;1109
1;2025-11-29;14;1049
1;2025-11-29;15;965
1;2025-11-29;16;896
1;2025-11-29;17;831
1;2025-11-29;18;714
1;2025-11-29;19;622
1;2025-11-29;20;449
1;2025-11-29;21;331
1;2025-11-29;22;147
1;2025-11-29;23;38
1;2025-11-30;0;3
1;2025-11-30;1;0
1;2025-11-30;2;0
1;2025-11-30;3;0
1;2025-11-30;4;0
1;2025-11-30;5;22
1;2025-11-30;6;131
1;2025-11-30;7;258
1;2025-11-30;8;371
1;2025-11-30;9;613
1;2025-11-30;10;677
1;2025-11-30;11;734
1;2025-11-30;12;853
1;2025-11-30;13;902
1;2025-11-30;14;850
1;2025-11-30;15;780
1;2025-11-30;16;730
1;2025-11-30;17;687
1;2025-11-30;18;558
1;2025-11-30;19;477
1;2025-11-30;20;365
1;2025-11-30;21;297
1;2025-11-30;22;121
1;2025-11-30;23;30
1;2025-12-01;0;1
1;2025-12-01;1;0
1;2025-12-01;2;0
1;2025-12-01;3;0
1;2025-12-01;4;9
1;2025-12-01;5;136
1;2025-12-01;6;543
1;2025-12-01;7;1481
1;2025-12-01;8;1922
1;2025-12-01;9;1487
1;2025-12-01;10;1278
1;2025-12-01;11;1270
1;2025-12-01;12;1322
1;2025-12-01;13;1371
1;2025-12-01;14;1356
1;2025-12-01;15;1479
1;2025-12-01;16;1534
1;2025-12-01;17;1805
1;2025-12-01;18;1892
1;2025-12-01;19;1394
1;2025-12-01;20;883
1;2025-12-01;21;461
1;2025-12-01;22;201
1;2025-12-01;23;39
1;2025-12-02;0;2
1;2025-12-02;1;0
1;2025-12-02;2;0
1;2025-12-02;3;0
1;2025-12-02;4;8
1;2025-12-02;5;133
1;2025-12-02;6;552
1;2025-12-02;7;1501
1;2025-12-02;8;1957
1;2025-12-02;9;1533
1;2025-12-02;10;1370
1;2025-12-02;11;1374
1;2025-12-02;12;1391
1;2025-12-02;13;1424
1;2025-12-02;14;1382
1;2025-12-02;15;1494
1;2025-12-02;16;1534
1;2025-12-02;17;1790
1;2025-12-02;18;1827
1;2025-12-02;19;1369
1;2025-12-02;20;888
1;2025-12-02;21;487
1;2025-12-02;22;225
1;2025-12-02;23;43
1;2025-12-03;0;2
1;2025-12-03;1;0
1;2025-12-03;2;0
1;2025-12-03;3;0
1;2025-12-03;4;8
1;2025-12-03;5;132
1;2025-12-03;6;551
1;2025-12-03;7;1499
1;2025-12-03;8;1953
1;2025-12-03;9;1533
1;2025-12-03;10;1371
1;2025-12-03;11;1376
1;2025-12-03;12;1394
1;2025-12-03;13;1430
1;2025-12-03;14;1388
1;2025-12-03;15;1499
1;2025-12-03;16;1539
1;2025-12-03;17;1793
1;2025-12-03;18;1823
1;2025-12-03;19;1367
1;2025-12-03;20;889
1;2025-12-03;21;488
1;2025-12-03;22;228
1;2025-12-03;23;45
1;2025-12-04;0;2
1;2025-12-04;1;0
1;2025-12-04;2;0
1;2025-12-04;3;0
1;2025-12-04;4;8
1;2025-12-04;5;131
1;2025-12-04;6;549
1;2025-12-04;7;1498
1;2025-12-04;8;1957
1;2025-12-04;9;1532
1;2025-12-04;10;1374
1;2025-12-04;11;1377
1;2025-12-04;12;1396
1;2025-12-04;13;1430
1;2025-12-04;14;1382
1;2025-12-04;15;1499
1;2025-12-04;16;1534
1;2025-12-04;17;1788
1;2025-12-04;18;1823
1;2025-12-04;19;1368
1;2025-12-04;20;890
1;2025-12-04;21;489
1;2025-12-04;22;228
1;2025-12-04;23;46
1;2025-12-05;0;2
1;2025-12-05;1;0
1;2025-12-05;2;0
1;2025-12-05;3;0
1;2025-12-05;4;7
1;2025-12-05;5;131
1;2025-12-05;6;537
1;2025-12-05;7;1473
1;2025-12-05;8;1861
1;2025-12-05;9;1486
1;2025-12-05;10;1347
1;2025-12-05;11;1375
1;2025-12-05;12;1406
1;2025-12-05;13;1438
1;2025-12-05;14;1407
1;2025-12-05;15;1553
1;2025-12-05;16;1603
1;2025-12-05;17;1730
1;2025-12-05;18;1538
1;2025-12-05;19;1267
1;2025-12-05;20;815
1;2025-12-05;21;468
1;2025-12-05;22;219
1;2025-12-05;23;50
1;2025-12-06;0;3
1;2025-12-06;1;0
1;2025-12-06;2;0
1;2025-12-06;3;0
1;2025-12-06;4;0
1;2025-12-06;5;36
1;2025-12-06;6;197
1;2025-12-06;7;380
1;2025-12-06;8;551
1;2025-12-06;9;836
1;2025-12-06;10;939
1;2025-12-06;11;967
1;2025-12-06;12;1105
1;2025-12-06;13;1174
1;2025-12-06;14;1108
1;2025-12-06;15;1028
1;2025-12-06;16;954
1;2025-12-06;17;876
1;2025-12-06;18;763
1;2025-12-06;19;646
1;2025-12-06;20;461
1;2025-12-06;21;350
1;2025-12-06;22;149
1;2025-12-06;23;38
1;2025-12-07;0;3
1;2025-12-07;1;0
1;2025-12-07;2;0
1;2025-12-07;3;0
1;2025-12-07;4;0
1;2025-12-07;5;24
1;2025-12-07;6;140
1;2025-12-07;7;268
1;2025-12-07;8;388
1;2025-12-07;9;646
1;2025-12-07;10;713
1;2025-12-07;11;774
1;2025-12-07;12;898
1;2025-12-07;13;946
1;2025-12-07;14;887
1;2025-12-07;15;811
1;2025-12-07;16;761
1;2025-12-07;17;713
1;2025-12-07;18;568
1;2025-12-07;19;491
1;2025-12-07;20;375
1;2025-12-07;21;294
1;2025-12-07;22;127
1;2025-12-07;23;34
1;2025-12-08;0;1
1;2025-12-08;1;0
1;2025-12-08;2;0
1;2025-12-08;3;0
1;2025-12-08;4;9
1;2025-12-08;5;135
1;2025-12-08;6;542
1;2025-12-08;7;1481
1;2025-12-08;8;1927
1;2025-12-08;9;1487
1;2025-12-08;10;1278
1;2025-12-08;11;1270
1;2025-12-08;12;1322
1;2025-12-08;13;1367
1;2025-12-08;14;1355
1;2025-12-08;15;1479
1;2025-12-08;16;1534
1;2025-12-08;17;1805
1;2025-12-08;18;1892
1;2025-12-08;19;1394
1;2025-12-08;20;883
1;2025-12-08;21;461
1;2025-12-08;22;201
1;2025-12-08;23;39
1;2025-12-09;0;2
1;2025-12-09;1;0
1;2025-12-09;2;0
1;2025-12-09;3;0
1;2025-12-09;4;8
1;2025-12-09;5;133
1;2025-12-09;6;552
1;2025-12-09;7;1501
1;2025-12-09;8;1949
1;2025-12-09;9;1534
1;2025-12-09;10;1371
1;2025-12-09;11;1375
1;2025-12-09;12;1391
1;2025-12-09;13;1423
1;2025-12-09;14;1381
1;2025-12-09;15;1495
1;2025-12-09;16;1536
1;2025-12-09;17;1790
1;2025-12-09;18;1828
1;2025-12-09;19;1371
1;2025-12-09;20;889
1;2025-12-09;21;488
1;2025-12-09;22;228
1;2025-12-09;23;43
1;2025-12-10;0;2
1;2025-12-10;1;0
1;2025-12-10;2;0
1;2025-12-10;3;0
1;2025-12-10;4;8
1;2025-12-10;5;161
1;2025-12-10;6;579
1;2025-12-10;7;1526
1;2025-12-10;8;1954
1;2025-12-10;9;1559
1;2025-12-10;10;1393
1;2025-12-10;11;1390
1;2025-12-10;12;1395
1;2025-12-10;13;1429
1;2025-12-10;14;1387
1;2025-12-10;15;1499
1;2025-12-10;16;1540
1;2025-12-10;17;1793
1;2025-12-10;18;1824
1;2025-12-10;19;1369
1;2025-12-10;20;890
1;2025-12-10;21;489
1;2025-12-10;22;229
1;2025-12-10;23;45
1;2025-12-11;0;2
1;2025-12-11;1;0
1;2025-12-11;2;0
1;2025-12-11;3;0
1;2025-12-11;4;8
1;2025-12-11;5;131
1;2025-12-11;6;548
1;2025-12-11;7;1496
1;2025-12-11;8;1955
1;2025-12-11;9;1525
1;2025-12-11;10;1370
1;2025-12-11;11;1373
1;2025-12-11;12;1392
1;2025-12-11;13;1434
1;2025-12-11;14;1388
1;2025-12-11;15;1501
1;2025-12-11;16;1532
1;2025-12-11;17;1773
1;2025-12-11;18;1804
1;2025-12-11;19;1365
1;2025-12-11;20;891
1;2025-12-11;21;492
1;2025-12-11;22;233
1;2025-12-11;23;46
1;2025-12-12;0;2
1;2025-12-12;1;0
1;2025-12-12;2;0
1;2025-12-12;3;0
1;2025-12-12;4;7
1;2025-12-12;5;132
1;2025-12-12;6;530
1;2025-12-12;7;1476
1;2025-12-12;8;1857
1;2025-12-12;9;1492
1;2025-12-12;10;1341
1;2025-12-12;11;1380
1;2025-12-12;12;1383
1;2025-12-12;13;1402
1;2025-12-12;14;1380
1;2025-12-12;15;1469
1;2025-12-12;16;1524
1;2025-12-12;17;1698
1;2025-12-12;18;1547
1;2025-12-12;19;1264
1;2025-12-12;20;823
1;2025-12-12;21;476
1;2025-12-12;22;212
1;2025-12-12;23;54
1;2025-12-13;0;3
1;2025-12-13;1;0
1;2025-12-13;2;0
1;2025-12-13;3;0
1;2025-12-13;4;0
1;2025-12-13;5;21
1;2025-12-13;6;173
1;2025-12-13;7;343
1;2025-12-13;8;498
1;2025-12-13;9;782
1;2025-12-13;10;884
1;2025-12-13;11;920
1;2025-12-13;12;1034
1;2025-12-13;13;1101
1;2025-12-13;14;1038
1;2025-12-13;15;966
1;2025-12-13;16;896
1;2025-12-13;17;826
1;2025-12-13;18;731
1;2025-12-13;19;622
1;2025-12-13;20;409
1;2025-12-13;21;294
1;2025-12-13;22;133
1;2025-12-13;23;10
1;2025-12-14;0;3
1;2025-12-14;1;0
1;2025-12-14;2;0
1;2025-12-14;3;0
1;2025-12-14;4;0
1;2025-12-14;5;7
1;2025-12-14;6;87
1;2025-12-14;7;206
1;2025-12-14;8;295
1;2025-12-14;9;582
1;2025-12-14;10;646
1;2025-12-14;11;718
1;2025-12-14;12;848
1;2025-12-14;13;904
1;2025-12-14;14;843
1;2025-12-14;15;776
1;2025-12-14;16;736
1;2025-12-14;17;689
1;2025-12-14;18;558
1;2025-12-14;19;478
1;2025-12-14;20;360
1;2025-12-14;21;281
1;2025-12-14;22;130
1;2025-12-14;23;38
1;2025-12-15;0;1
1;2025-12-15;1;0
1;2025-12-15;2;0
1;2025-12-15;3;0
1;2025-12-15;4;8
1;2025-12-15;5;131
1;2025-12-15;6;534
1;2025-12-15;7;1471
1;2025-12-15;8;1888
1;2025-12-15;9;1472
1;2025-12-15;10;1261
1;2025-12-15;11;1227
1;2025-12-15;12;1288
1;2025-12-15;13;1335
1;2025-12-15;14;1323
1;2025-12-15;15;1464
1;2025-12-15;16;1511
1;2025-12-15;17;1791
1;2025-12-15;18;1896
1;2025-12-15;19;1404
1;2025-12-15;20;887
1;2025-12-15;21;461
1;2025-12-15;22;199
1;2025-12-15;23;40
1;2025-12-16;0;3
1;2025-12-16;1;0
1;2025-12-16;2;0
1;2025-12-16;3;0
1;2025-12-16;4;8
1;2025-12-16;5;132
1;2025-12-16;6;547
1;2025-12-16;7;1491
1;2025-12-16;8;1916
1;2025-12-16;9;1518
1;2025-12-16;10;1363
1;2025-12-16;11;1393
1;2025-12-16;12;1402
1;2025-12-16;13;1401
1;2025-12-16;14;1385
1;2025-12-16;15;1494
1;2025-12-16;16;1535
1;2025-12-16;17;1790
1;2025-12-16;18;1827
1;2025-12-16;19;1368
1;2025-12-16;20;887
1;2025-12-16;21;484
1;2025-12-16;22;223
1;2025-12-16;23;41
1;2025-12-17;0;2
1;2025-12-17;1;0
1;2025-12-17;2;0
1;2025-12-17;3;0
1;2025-12-17;4;8
1;2025-12-17;5;132
1;2025-12-17;6;549
1;2025-12-17;7;1497
1;2025-12-17;8;1958
1;2025-12-17;9;1535
1;2025-12-17;10;1373
1;2025-12-17;11;1376
1;2025-12-17;12;1394
1;2025-12-17;13;1430
1;2025-12-17;14;1388
1;2025-12-17;15;1499
1;2025-12-17;16;1539
1;2025-12-17;17;1793
1;2025-12-17;18;1823
1;2025-12-17;19;1367
1;2025-12-17;20;889
1;2025-12-17;21;488
1;2025-12-17;22;227
1;2025-12-17;23;45
1;2025-12-18;0;2
1;2025-12-18;1;0
1;2025-12-18;2;0
1;2025-12-18;3;0
1;2025-12-18;4;8
1;2025-12-18;5;130
1;2025-12-18;6;549
1;2025-12-18;7;1497
1;2025-12-18;8;1949
1;2025-12-18;9;1531
1;2025-12-18;10;1374
1;2025-12-18;11;1380
1;2025-12-18;12;1396
1;2025-12-18;13;1429
1;2025-12-18;14;1387
1;2025-12-18;15;1499
1;2025-12-18;16;1540
1;2025-12-18;17;1793
1;2025-12-18;18;1823
1;2025-12-18;19;1367
1;2025-12-18;20;888
1;2025-12-18;21;487
1;2025-12-18;22;227
1;2025-12-18;23;45
1;2025-12-19;0;2
1;2025-12-19;1;0
1;2025-12-19;2;0
1;2025-12-19;3;0
1;2025-12-19;4;7
1;2025-12-19;5;130
1;2025-12-19;6;535
1;2025-12-19;7;1472
1;2025-12-19;8;1856
1;2025-12-19;9;1486
1;2025-12-19;10;1350
1;2025-12-19;11;1379
1;2025-12-19;12;1412
1;2025-12-19;13;1442
1;2025-12-19;14;1418
1;2025-12-19;15;1550
1;2025-12-19;16;1597
1;2025-12-19;17;1725
1;2025-12-19;18;1546
1;2025-12-19;19;1269
1;2025-12-19;20;819
1;2025-12-19;21;471
1;2025-12-19;22;219
1;2025-12-19;23;51
1;2025-12-20;0;3
1;2025-12-20;1;0
1;2025-12-20;2;0
1;2025-12-20;3;0
1;2025-12-20;4;0
1;2025-12-20;5;38
1;2025-12-20;6;200
1;2025-12-20;7;384
1;2025-12-20;8;552
1;2025-12-20;9;840
1;2025-12-20;10;944
1;2025-12-20;11;978
1;2025-12-20;12;1104
1;2025-12-20;13;1162
1;2025-12-20;14;1099
1;2025-12-20;15;1014
1;2025-12-20;16;942
1;2025-12-20;17;875
1;2025-12-20;18;751
1;2025-12-20;19;649
1;2025-12-20;20;467
1;2025-12-20;21;345
1;2025-12-20;22;152
1;2025-12-20;23;40
1;2025-12-21;0;3
1;2025-12-21;1;0
1;2025-12-21;2;0
1;2025-12-21;3;0
1;2025-12-21;4;0
1;2025-12-21;5;23
1;2025-12-21;6;135
1;2025-12-21;7;269
1;2025-12-21;8;391
1;2025-12-21;9;647
1;2025-12-21;10;714
1;2025-12-21;11;774
1;2025-12-21;12;898
1;2025-12-21;13;943
1;2025-12-21;14;883
1;2025-12-21;15;808
1;2025-12-21;16;761
1;2025-12-21;17;716
1;2025-12-21;18;569
1;2025-12-21;19;493
1;2025-12-21;20;375
1;2025-12-21;21;294
1;2025-12-21;22;114
1;2025-12-21;23;33
1;2025-12-22;0;1
1;2025-12-22;1;0
1;2025-12-22;2;0
1;2025-12-22;3;0
1;2025-12-22;4;9
1;2025-12-22;5;136
1;2025-12-22;6;543
1;2025-12-22;7;1481
1;2025-12-22;8;1939
1;2025-12-22;9;1499
1;2025-12-22;10;1308
1;2025-12-22;11;1276
1;2025-12-22;12;1329
1;2025-12-22;13;1369
1;2025-12-22;14;1355
1;2025-12-22;15;1482
1;2025-12-22;16;1534
1;2025-12-22;17;1805
1;2025-12-22;18;1893
1;2025-12-22;19;1397
1;2025-12-22;20;884
1;2025-12-22;21;462
1;2025-12-22;22;193
1;2025-12-22;23;28
1;2025-12-23;0;3
1;2025-12-23;1;0
1;2025-12-23;2;0
1;2025-12-23;3;0
1;2025-12-23;4;8
1;2025-12-23;5;136
1;2025-12-23;6;554
1;2025-12-23;7;1499
1;2025-12-23;8;1918
1;2025-12-23;9;1526
1;2025-12-23;10;1357
1;2025-12-23;11;1361
1;2025-12-23;12;1378
1;2025-12-23;13;1404
1;2025-12-23;14;1358
1;2025-12-23;15;1471
1;2025-12-23;16;1510
1;2025-12-23;17;1772
1;2025-12-23;18;1818
1;2025-12-23;19;1378
1;2025-12-23;20;888
1;2025-12-23;21;488
1;2025-12-23;22;228
1;2025-12-23;23;46
1;2025-12-24;0;2
1;2025-12-24;1;0
1;2025-12-24;2;0
1;2025-12-24;3;0
1;2025-12-24;4;8
1;2025-12-24;5;135
1;2025-12-24;6;552
1;2025-12-24;7;1494
1;2025-12-24;8;1909
1;2025-12-24;9;1529
1;2025-12-24;10;1368
1;2025-12-24;11;1375
1;2025-12-24;12;1373
1;2025-12-24;13;1419
1;2025-12-24;14;1376
1;2025-12-24;15;1474
1;2025-12-24;16;1529
1;2025-12-24;17;1783
1;2025-12-24;18;1798
1;2025-12-24;19;1369
1;2025-12-24;20;878
1;2025-12-24;21;469
1;2025-12-24;22;209
1;2025-12-24;23;33
1;2025-12-25;0;3
1;2025-12-25;1;0
1;2025-12-25;2;0
1;2025-12-25;3;0
1;2025-12-25;4;8
1;2025-12-25;5;135
1;2025-12-25;6;567
1;2025-12-25;7;1490
1;2025-12-25;8;1930
1;2025-12-25;9;1520
1;2025-12-25;10;1360
1;2025-12-25;11;1363
1;2025-12-25;12;1384
1;2025-12-25;13;1424
1;2025-12-25;14;1382
1;2025-12-25;15;1488
1;2025-12-25;16;1544
1;2025-12-25;17;1780
1;2025-12-25;18;1814
1;2025-12-25;19;1379
1;2025-12-25;20;898
1;2025-12-25;21;493
1;2025-12-25;22;235
1;2025-12-25;23;48
1;2025-12-26;0;2
1;2025-12-26;1;0
1;2025-12-26;2;0
1;2025-12-26;3;0
1;2025-12-26;4;7
1;2025-12-26;5;108
1;2025-12-26;6;529
1;2025-12-26;7;1468
1;2025-12-26;8;1864
1;2025-12-26;9;1474
1;2025-12-26;10;1322
1;2025-12-26;11;1362
1;2025-12-26;12;1348
1;2025-12-26;13;1414
1;2025-12-26;14;1391
1;2025-12-26;15;1531
1;2025-12-26;16;1580
1;2025-12-26;17;1693
1;2025-12-26;18;1527
1;2025-12-26;19;1259
1;2025-12-26;20;805
1;2025-12-26;21;459
1;2025-12-26;22;207
1;2025-12-26;23;52
1;2025-12-27;0;3
1;2025-12-27;1;0
1;2025-12-27;2;0
1;2025-12-27;3;0
1;2025-12-27;4;0
1;2025-12-27;5;38
1;2025-12-27;6;200
1;2025-12-27;7;384
1;2025-12-27;8;554
1;2025-12-27;9;813
1;2025-12-27;10;943
1;2025-12-27;11;978
1;2025-12-27;12;1104
1;2025-12-27;13;1161
1;2025-12-27;14;1097
1;2025-12-27;15;987
1;2025-12-27;16;917
1;2025-12-27;17;854
1;2025-12-27;18;741
1;2025-12-27;19;630
1;2025-12-27;20;452
1;2025-12-27;21;329
1;2025-12-27;22;132
1;2025-12-27;23;33
1;2025-12-28;0;3
1;2025-12-28;1;0
1;2025-12-28;2;0
1;2025-12-28;3;0
1;2025-12-28;4;0
1;2025-12-28;5;26
1;2025-12-28;6;149
1;2025-12-28;7;268
1;2025-12-28;8;392
1;2025-12-28;9;642
1;2025-12-28;10;698
1;2025-12-28;11;725
1;2025-12-28;12;840
1;2025-12-28;13;874
1;2025-12-28;14;817
1;2025-12-28;15;737
1;2025-12-28;16;729
1;2025-12-28;17;681
1;2025-12-28;18;547
1;2025-12-28;19;465
1;2025-12-28;20;346
1;2025-12-28;21;270
1;2025-12-28;22;106
1;2025-12-28;23;26
1;2025-12-29;0;1
1;2025-12-29;1;0
1;2025-12-29;2;0
1;2025-12-29;3;0
1;2025-12-29;4;8
1;2025-12-29;5;129
1;2025-12-29;6;519
1;2025-12-29;7;1409
1;2025-12-29;8;1792
1;2025-12-29;9;1402
1;2025-12-29;10;1198
1;2025-12-29;11;1192
1;2025-12-29;12;1237
1;2025-12-29;13;1288
1;2025-12-29;14;1282
1;2025-12-29;15;1395
1;2025-12-29;16;1448
1;2025-12-29;17;1704
1;2025-12-29;18;1782
1;2025-12-29;19;1336
1;2025-12-29;20;838
1;2025-12-29;21;435
1;2025-12-29;22;182
1;2025-12-29;23;26
1;2025-12-30;0;3
1;2025-12-30;1;0
1;2025-12-30;2;0
1;2025-12-30;3;0
1;2025-12-30;4;7
1;2025-12-30;5;116
1;2025-12-30;6;513
1;2025-12-30;7;1419
1;2025-12-30;8;1817
1;2025-12-30;9;1433
1;2025-12-30;10;1275
1;2025-12-30;11;1283
1;2025-12-30;12;1286
1;2025-12-30;13;1320
1;2025-12-30;14;1294
1;2025-12-30;15;1396
1;2025-12-30;16;1436
1;2025-12-30;17;1665
1;2025-12-30;18;1719
1;2025-12-30;19;1299
1;2025-12-30;20;829
1;2025-12-30;21;444
1;2025-12-30;22;201
1;2025-12-30;23;32
1;2025-12-31;0;1
1;2025-12-31;1;0
1;2025-12-31;2;0
1;2025-12-31;3;0
1;2025-12-31;4;0
1;2025-12-31;5;5
1;2025-12-31;6;29
1;2025-12-31;7;67
1;2025-12-31;8;120
1;2025-12-31;9;302
1;2025-12-31;10;348
1;2025-12-31;11;367
1;2025-12-31;12;540
1;2025-12-31;13;540
1;2025-12-31;14;491
1;2025-12-31;15;452
1;2025-12-31;16;468
1;2025-12-31;17;435
1;2025-12-31;18;314
1;2025-12-31;19;286
1;2025-12-31;20;229
1;2025-12-31;21;157
1;2025-12-31;22;25
1;2025-12-31;23;7
5;2025-11-01;0;0
5;2025-11-01;1;0
5;2025-11-01;2;0
5;2025-11-01;3;0
5;2025-11-01;4;0
5;2025-11-01;5;0
5;2025-11-01;6;0
5;2025-11-01;7;0
5;2025-11-01;8;0
5;2025-11-01;9;0
5;2025-11-01;10;0
5;2025-11-01;11;0
5;2025-11-01;12;0
5;2025-11-01;13;0
5;2025-11-01;14;0
5;2025-11-01;15;0
5;2025-11-01;16;0
5;2025-11-01;17;0
5;2025-11-01;18;0
5;2025-11-01;19;0
5;2025-11-01;20;0
5;2025-11-01;21;0
5;2025-11-01;22;0
5;2025-11-01;23;0
5;2025-11-02;0;0
5;2025-11-02;1;0
5;2025-11-02;2;0
5;2025-11-02;3;0
5;2025-11-02;4;0
5;2025-11-02;5;0
5;2025-11-02;6;0
5;2025-11-02;7;0
5;2025-11-02;8;0
5;2025-11-02;9;0
5;2025-11-02;10;0
5;2025-11-02;11;0
5;2025-11-02;12;0
5;2025-11-02;13;0
5;2025-11-02;14;0
5;2025-11-02;15;0
5;2025-11-02;16;0
5;2025-11-02;17;0
5;2025-11-02;18;0
5;2025-11-02;19;0
5;2025-11-02;20;0
5;2025-11-02;21;0
5;2025-11-02;22;0
5;2025-11-02;23;0
5;2025-11-03;0;0
5;2025-11-03;1;0
5;2025-11-03;2;0
5;2025-11-03;3;0
5;2025-11-03;4;0
5;2025-11-03;5;0
5;2025-11-03;6;0
5;2025-11-03;7;0
5;2025-11-03;8;0
5;2025-11-03;9;0
5;2025-11-03;10;0
5;2025-11-03;11;0
5;2025-11-03;12;0
5;2025-11-03;13;0
5;2025-11-03;14;0
5;2025-11-03;15;0
5;2025-11-03;16;0
5;2025-11-03;17;0
5;2025-11-03;18;0
5;2025-11-03;19;0
5;2025-11-03;20;0
5;2025-11-03;21;0
5;2025-11-03;22;0
5;2025-11-03;23;0
5;2025-11-04;0;0
5;2025-11-04;1;0
5;2025-11-04;2;0
5;2025-11-04;3;0
5;2025-11-04;4;0
5;2025-11-04;5;0
5;2025-11-04;6;0
5;2025-11-04;7;0
5;2025-11-04;8;0
5;2025-11-04;9;0
5;2025-11-04;10;0
5;2025-11-04;11;0
5;2025-11-04;12;0
5;2025-11-04;13;0
5;2025-11-04;14;0
5;2025-11-04;15;0
5;2025-11-04;16;0
5;2025-11-04;17;0
5;2025-11-04;18;0
5;2025-11-04;19;0
5;2025-11-04;20;0
5;2025-11-04;21;0
5;2025-11-04;22;0
5;2025-11-04;23;0
5;2025-11-05;0;0
5;2025-11-05;1;0
5;2025-11-05;2;0
5;2025-11-05;3;0
5;2025-11-05;4;0
5;2025-11-05;5;0
5;2025-11-05;6;0
5;2025-11-05;7;0
5;2025-11-05;8;0
5;2025-11-05;9;0
5;2025-11-05;10;0
5;2025-11-05;11;0
5;2025-11-05;12;0
5;2025-11-05;13;0
5;2025-11-05;14;0
5;2025-11-05;15;0
5;2025-11-05;16;0
5;2025-11-05;17;0
5;2025-11-05;18;0
5;2025-11-05;19;0
5;2025-11-05;20;0
5;2025-11-05;21;0
5;2025-11-05;22;0
5;2025-11-05;23;0
5;2025-11-06;0;0
5;2025-11-06;1;0
5;2025-11-06;2;0
5;2025-11-06;3;0
5;2025-11-06;4;0
5;2025-11-06;5;0
5;2025-11-06;6;0
5;2025-11-06;7;0
5;2025-11-06;8;0
5;2025-11-06;9;0
5;2025-11-06;10;0
5;2025-11-06;11;0
5;2025-11-06;12;0
5;2025-11-06;13;0
5;2025-11-06;14;0
5;2025-11-06;15;0
5;2025-11-06;16;0
5;2025-11-06;17;0
5;2025-11-06;18;0
5;2025-11-06;19;0
5;2025-11-06;20;0
5;2025-11-06;21;0
5;2025-11-06;22;0
5;2025-11-06;23;0
5;2025-11-07;0;0
5;2025-11-07;1;0
5;2025-11-07;2;0
5;2025-11-07;3;0
5;2025-11-07;4;0
5;2025-11-07;5;0
5;2025-11-07;6;0
5;2025-11-07;7;0
5;2025-11-07;8;0
5;2025-11-07;9;0
5;2025-11-07;10;0
5;2025-11-07;11;0
5;2025-11-07;12;0
5;2025-11-07;13;0
5;2025-11-07;14;0
5;2025-11-07;15;0
5;2025-11-07;16;0
5;2025-11-07;17;0
5;2025-11-07;18;0
5;2025-11-07;19;0
5;2025-11-07;20;0
5;2025-11-07;21;0
5;2025-11-07;22;0
5;2025-11-07;23;0
5;2025-11-08;0;0
5;2025-11-08;1;0
5;2025-11-08;2;0
5;2025-11-08;3;0
5;2025-11-08;4;0
5;2025-11-08;5;0
5;2025-11-08;6;0
5;2025-11-08;7;0
5;2025-11-08;8;0
5;2025-11-08;9;0
5;2025-11-08;10;0
5;2025-11-08;11;0
5;2025-11-08;12;0
5;2025-11-08;13;0
5;2025-11-08;14;0
5;2025-11-08;15;0
5;2025-11-08;16;0
5;2025-11-08;17;0
5;2025-11-08;18;0
5;2025-11-08;19;0
5;2025-11-08;20;0
5;2025-11-08;21;0
5;2025-11-08;22;0
5;2025-11-08;23;0
5;2025-11-09;0;0
5;2025-11-09;1;0
5;2025-11-09;2;0
5;2025-11-09;3;0
5;2025-11-09;4;0
5;2025-11-09;5;0
5;2025-11-09;6;0
5;2025-11-09;7;0
5;2025-11-09;8;0
5;2025-11-09;9;0
5;2025-11-09;10;0
5;2025-11-09;11;0
5;2025-11-09;12;0
5;2025-11-09;13;0
5;2025-11-09;14;0
5;2025-11-09;15;0
5;2025-11-09;16;0
5;2025-11-09;17;0
5;2025-11-09;18;0
5;2025-11-09;19;0
5;2025-11-09;20;0
5;2025-11-09;21;0
5;2025-11-09;22;0
5;2025-11-09;23;0
5;2025-11-10;0;0
5;2025-11-10;1;0
5;2025-11-10;2;0
5;2025-11-10;3;0
5;2025-11-10;4;0
5;2025-11-10;5;0
5;2025-11-10;6;0
5;2025-11-10;7;0
5;2025-11-10;8;0
5;2025-11-10;9;0
5;2025-11-10;10;0
5;2025-11-10;11;0
5;2025-11-10;12;0
5;2025-11-10;13;0
5;2025-11-10;14;0
5;2025-11-10;15;0
5;2025-11-10;16;0
5;2025-11-10;17;0
5;2025-11-10;18;0
5;2025-11-10;19;0
5;2025-11-10;20;0
5;2025-11-10;21;0
5;2025-11-10;22;0
5;2025-11-10;23;0
5;2025-11-11;0;0
5;2025-11-11;1;0
5;2025-11-11;2;0
5;2025-11-11;3;0
5;2025-11-11;4;0
5;2025-11-11;5;0
5;2025-11-11;6;0
5;2025-11-11;7;0
5;2025-11-11;8;0
5;2025-11-11;9;0
5;2025-11-11;10;0
5;2025-11-11;11;0
5;2025-11-11;12;0
5;2025-11-11;13;0
5;2025-11-11;14;0
5;2025-11-11;15;0
5;2025-11-11;16;0
5;2025-11-11;17;0
5;2025-11-11;18;0
5;2025-11-11;19;0
5;2025-11-11;20;0
5;2025-11-11;21;0
5;2025-11-11;22;0
5;2025-11-11;23;0
5;2025-11-12;0;0
5;2025-11-12;1;0
5;2025-11-12;2;0
5;2025-11-12;3;0
5;2025-11-12;4;0
5;2025-11-12;5;0
5;2025-11-12;6;0
5;2025-11-12;7;0
5;2025-11-12;8;0
5;2025-11-12;9;0
5;2025-11-12;10;0
5;2025-11-12;11;0
5;2025-11-12;12;0
5;2025-11-12;13;0
5;2025-11-12;14;0
5;2025-11-12;15;0
5;2025-11-12;16;0
5;2025-11-12;17;0
5;2025-11-12;18;0
5;2025-11-12;19;0
5;2025-11-12;20;0
5;2025-11-12;21;0
5;2025-11-12;22;0
5;2025-11-12;23;0
5;2025-11-13;0;0
5;2025-11-13;1;0
5;2025-11-13;2;0
5;2025-11-13;3;0
5;2025-11-13;4;0
5;2025-11-13;5;0
5;2025-11-13;6;0
5;2025-11-13;7;0
5;2025-11-13;8;0
5;2025-11-13;9;0
5;2025-11-13;10;0
5;2025-11-13;11;0
5;2025-11-13;12;0
5;2025-11-13;13;0
5;2025-11-13;14;0
5;2025-11-13;15;0
5;2025-11-13;16;0
5;2025-11-13;17;0
5;2025-11-13;18;0
5;2025-11-13;19;0
5;2025-11-13;20;0
5;2025-11-13;21;0
5;2025-11-13;22;0
5;2025-11-13;23;0
5;2025-11-14;0;0
5;2025-11-14;1;0
5;2025-11-14;2;0
5;2025-11-14;3;0
5;2025-11-14;4;0
5;2025-11-14;5;0
5;2025-11-14;6;0
5;2025-11-14;7;0
5;2025-11-14;8;0
5;2025-11-14;9;0
5;2025-11-14;10;0
5;2025-11-14;11;0
5;2025-11-14;12;0
5;2025-11-14;13;0
5;2025-11-14;14;0
5;2025-11-14;15;0
5;2025-11-14;16;0
5;2025-11-14;17;0
5;2025-11-14;18;0
5;2025-11-14;19;0
5;2025-11-14;20;0
5;2025-11-14;21;0
5;2025-11-14;22;0
5;2025-11-14;23;0
5;2025-11-15;0;0
5;2025-11-15;1;0
5;2025-11-15;2;0
5;2025-11-15;3;0
5;2025-11-15;4;0
5;2025-11-15;5;0
5;2025-11-15;6;0
5;2025-11-15;7;0
5;2025-11-15;8;0
5;2025-11-15;9;0
5;2025-11-15;10;0
5;2025-11-15;11;0
5;2025-11-15;12;0
5;2025-11-15;13;0
5;2025-11-15;14;0
5;2025-11-15;15;0
5;2025-11-15;16;0
5;2025-11-15;17;0
5;2025-11-15;18;0
5;2025-11-15;19;0
5;2025-11-15;20;0
5;2025-11-15;21;0
5;2025-11-15;22;0
5;2025-11-15;23;0
5;2025-11-16;0;0
5;2025-11-16;1;0
5;2025-11-16;2;0
5;2025-11-16;3;0
5;2025-11-16;4;0
5;2025-11-16;5;0
5;2025-11-16;6;0
5;2025-11-16;7;0
5;2025-11-16;8;0
5;2025-11-16;9;0
5;2025-11-16;10;0
5;2025-11-16;11;0
5;2025-11-16;12;0
5;2025-11-16;13;0
5;2025-11-16;14;0
5;2025-11-16;15;0
5;2025-11-16;16;0
5;2025-11-16;17;0
5;2025-11-16;18;0
5;2025-11-16;19;0
5;2025-11-16;20;0
5;2025-11-16;21;0
5;2025-11-16;22;0
5;2025-11-16;23;0
5;2025-11-17;0;0
5;2025-11-17;1;0
5;2025-11-17;2;0
5;2025-11-17;3;0
5;2025-11-17;4;0
5;2025-11-17;5;0
5;2025-11-17;6;0
5;2025-11-17;7;0
5;2025-11-17;8;0
5;2025-11-17;9;0
5;2025-11-17;10;0
5;2025-11-17;11;0
5;2025-11-17;12;0
5;2025-11-17;13;0
5;2025-11-17;14;0
5;2025-11-17;15;0
5;2025-11-17;16;0
5;2025-11-17;17;0
5;2025-11-17;18;0
5;2025-11-17;19;0
5;2025-11-17;20;0
5;2025-11-17;21;0
5;2025-11-17;22;0
5;2025-11-17;23;0
5;2025-11-18;0;0
5;2025-11-18;1;0
5;2025-11-18;2;0
5;2025-11-18;3;0
5;2025-11-18;4;0
5;2025-11-18;5;0
5;2025-11-18;6;0
5;2025-11-18;7;0
5;2025-11-18;8;0
5;2025-11-18;9;0
5;2025-11-18;10;0
5;2025-11-18;11;0
5;2025-11-18;12;0
5;2025-11-18;13;0
5;2025-11-18;14;0
5;2025-11-18;15;0
5;2025-11-18;16;0
5;2025-11-18;17;0
5;2025-11-18;18;0
5;2025-11-18;19;0
5;2025-11-18;20;0
5;2025-11-18;21;0
5;2025-11-18;22;0
5;2025-11-18;23;0
5;2025-11-19;0;0
5;2025-11-19;1;0
5;2025-11-19;2;0
5;2025-11-19;3;0
5;2025-11-19;4;0
5;2025-11-19;5;0
5;2025-11-19;6;0
5;2025-11-19;7;0
5;2025-11-19;8;0
5;2025-11-19;9;0
5;2025-11-19;10;0
5;2025-11-19;11;0
5;2025-11-19;12;0
5;2025-11-19;13;0
5;2025-11-19;14;0
5;2025-11-19;15;0
5;2025-11-19;16;0
5;2025-11-19;17;0
5;2025-11-19;18;0
5;2025-11-19;19;0
5;2025-11-19;20;0
5;2025-11-19;21;0
5;2025-11-19;22;0
5;2025-11-19;23;0
5;2025-11-20;0;0
5;2025-11-20;1;0
5;2025-11-20;2;0
5;2025-11-20;3;0
5;2025-11-20;4;0
5;2025-11-20;5;0
5;2025-11-20;6;0
5;2025-11-20;7;0
5;2025-11-20;8;0
5;2025-11-20;9;0
5;2025-11-20;10;0
5;2025-11-20;11;0
5;2025-11-20;12;0
5;2025-11-20;13;0
5;2025-11-20;14;0
5;2025-11-20;15;0
5;2025-11-20;16;0
5;2025-11-20;17;0
5;2025-11-20;18;0
5;2025-11-20;19;0
5;2025-11-20;20;0
5;2025-11-20;21;0
5;2025-11-20;22;0
5;2025-11-20;23;0
5;2025-11-21;0;0
5;2025-11-21;1;0
5;2025-11-21;2;0
5;2025-11-21;3;0
5;2025-11-21;4;0
5;2025-11-21;5;0
5;2025-11-21;6;0
5;2025-11-21;7;0
5;2025-11-21;8;0
5;2025-11-21;9;0
5;2025-11-21;10;0
5;2025-11-21;11;0
5;2025-11-21;12;0
5;2025-11-21;13;0
5;2025-11-21;14;0
5;2025-11-21;15;0
5;2025-11-21;16;0
5;2025-11-21;17;0
5;2025-11-21;18;0
5;2025-11-21;19;0
5;2025-11-21;20;0
5;2025-11-21;21;0
5;2025-11-21;22;0
5;2025-11-21;23;0
5;2025-11-22;0;0
5;2025-11-22;1;0
5;2025-11-22;2;0
5;2025-11-22;3;0
5;2025-11-22;4;0
5;2025-11-22;5;0
5;2025-11-22;6;0
5;2025-11-22;7;0
5;2025-11-22;8;0
5;2025-11-22;9;0
5;2025-11-22;10;0
5;2025-11-22;11;0
5;2025-11-22;12;0
5;2025-11-22;13;0
5;2025-11-22;14;0
5;2025-11-22;15;0
5;2025-11-22;16;0
5;2025-11-22;17;0
5;2025-11-22;18;0
5;2025-11-22;19;0
5;2025-11-22;20;0
5;2025-11-22;21;0
5;2025-11-22;22;0
5;2025-11-22;23;0
5;2025-11-23;0;0
5;2025-11-23;1;0
5;2025-11-23;2;0
5;2025-11-23;3;0
5;2025-11-23;4;0
5;2025-11-23;5;0
5;2025-11-23;6;0
5;2025-11-23;7;0
5;2025-11-23;8;0
5;2025-11-23;9;0
5;2025-11-23;10;0
5;2025-11-23;11;0
5;2025-11-23;12;0
5;2025-11-23;13;0
5;2025-11-23;14;0
5;2025-11-23;15;0
5;2025-11-23;16;0
5;2025-11-23;17;0
5;2025-11-23;18;0
5;2025-11-23;19;0
5;2025-11-23;20;0
5;2025-11-23;21;0
5;2025-11-23;22;0
5;2025-11-23;23;0
5;2025-11-24;0;0
5;2025-11-24;1;0
5;2025-11-24;2;0
5;2025-11-24;3;0
5;2025-11-24;4;0
5;2025-11-24;5;0
5;2025-11-24;6;0
5;2025-11-24;7;0
5;2025-11-24;8;0
5;2025-11-24;9;0
5;2025-11-24;10;0
5;2025-11-24;11;0
5;2025-11-24;12;0
5;2025-11-24;13;0
5;2025-11-24;14;0
5;2025-11-24;15;0
5;2025-11-24;16;0
5;2025-11-24;17;0
5;2025-11-24;18;0
5;2025-11-24;19;0
5;2025-11-24;20;0
5;2025-11-24;21;0
5;2025-11-24;22;0
5;2025-11-24;23;0
5;2025-11-25;0;0
5;2025-11-25;1;0
5;2025-11-25;2;0
5;2025-11-25;3;0
5;2025-11-25;4;0
5;2025-11-25;5;0
5;2025-11-25;6;0
5;2025-11-25;7;0
5;2025-11-25;8;0
5;2025-11-25;9;0
5;2025-11-25;10;0
5;2025-11-25;11;0
5;2025-11-25;12;0
5;2025-11-25;13;0
5;2025-11-25;14;0
5;2025-11-25;15;0
5;2025-11-25;16;0
5;2025-11-25;17;0
5;2025-11-25;18;0
5;2025-11-25;19;0
5;2025-11-25;20;0
5;2025-11-25;21;0
5;2025-11-25;22;0
5;2025-11-25;23;0
5;2025-11-26;0;0
5;2025-11-26;1;0
5;2025-11-26;2;0
5;2025-11-26;3;0
5;2025-11-26;4;0
5;2025-11-26;5;0
5;2025-11-26;6;0
5;2025-11-26;7;0
5;2025-11-26;8;0
5;2025-11-26;9;0
5;2025-11-26;10;0
5;2025-11-26;11;0
5;2025-11-26;12;0
5;2025-11-26;13;0
5;2025-11-26;14;0
5;2025-11-26;15;0
5;2025-11-26;16;0
5;2025-11-26;17;0
5;2025-11-26;18;0
5;2025-11-26;19;0
5;2025-11-26;20;0
5;2025-11-26;21;0
5;2025-11-26;22;0
5;2025-11-26;23;0
5;2025-11-27;0;0
5;2025-11-27;1;0
5;2025-11-27;2;0
5;2025-11-27;3;0
5;2025-11-27;4;0
5;2025-11-27;5;0
5;2025-11-27;6;0
5;2025-11-27;7;0
5;2025-11-27;8;0
5;2025-11-27;9;0
5;2025-11-27;10;0
5;2025-11-27;11;0
5;2025-11-27;12;0
5;2025-11-27;13;0
5;2025-11-27;14;0
5;2025-11-27;15;0
5;2025-11-27;16;0
5;2025-11-27;17;0
5;2025-11-27;18;0
5;2025-11-27;19;0
5;2025-11-27;20;0
5;2025-11-27;21;0
5;2025-11-27;22;0
5;2025-11-27;23;0
5;2025-11-28;0;0
5;2025-11-28;1;0
5;2025-11-28;2;0
5;2025-11-28;3;0
5;2025-11-28;4;0
5;2025-11-28;5;0
5;2025-11-28;6;0
5;2025-11-28;7;0
5;2025-11-28;8;0
5;2025-11-28;9;0
5;2025-11-28;10;0
5;2025-11-28;11;0
5;2025-11-28;12;0
5;2025-11-28;13;0
5;2025-11-28;14;0
5;2025-11-28;15;0
5;2025-11-28;16;0
5;2025-11-28;17;0
5;2025-11-28;18;0
5;2025-11-28;19;0
5;2025-11-28;20;0
5;2025-11-28;21;0
5;2025-11-28;22;0
5;2025-11-28;23;0
5;2025-11-29;0;0
5;2025-11-29;1;0
5;2025-11-29;2;0
5;2025-11-29;3;0
5;2025-11-29;4;0
5;2025-11-29;5;0
5;2025-11-29;6;0
5;2025-11-29;7;0
5;2025-11-29;8;0
5;2025-11-29;9;0
5;2025-11-29;10;0
5;2025-11-29;11;0
5;2025-11-29;12;0
5;2025-11-29;13;0
5;2025-11-29;14;0
5;2025-11-29;15;0
5;2025-11-29;16;0
5;2025-11-29;17;0
5;2025-11-29;18;0
5;2025-11-29;19;0
5;2025-11-29;20;0
5;2025-11-29;21;0
5;2025-11-29;22;0
5;2025-11-29;23;0
5;2025-11-30;0;0
5;2025-11-30;1;0
5;2025-11-30;2;0
5;2025-11-30;3;0
5;2025-11-30;4;0
5;2025-11-30;5;0
5;2025-11-30;6;0
5;2025-11-30;7;0
5;2025-11-30;8;0
5;2025-11-30;9;0
5;2025-11-30;10;0
5;2025-11-30;11;0
5;2025-11-30;12;0
5;2025-11-30;13;0
5;2025-11-30;14;0
5;2025-11-30;15;0
5;2025-11-30;16;0
5;2025-11-30;17;0
5;2025-11-30;18;0
5;2025-11-30;19;0
5;2025-11-30;20;0
5;2025-11-30;21;0
5;2025-11-30;22;0
5;2025-11-30;23;0
5;2025-12-01;0;0
5;2025-12-01;1;0
5;2025-12-01;2;0
5;2025-12-01;3;0
5;2025-12-01;4;0
5;2025-12-01;5;0
5;2025-12-01;6;0
5;2025-12-01;7;0
5;2025-12-01;8;0
5;2025-12-01;9;0
5;2025-12-01;10;0
5;2025-12-01;11;0
5;2025-12-01;12;0
5;2025-12-01;13;0
5;2025-12-01;14;0
5;2025-12-01;15;0
5;2025-12-01;16;0
5;2025-12-01;17;0
5;2025-12-01;18;0
5;2025-12-01;19;0
5;2025-12-01;20;0
5;2025-12-01;21;0
5;2025-12-01;22;0
5;2025-12-01;23;0
5;2025-12-02;0;0
5;2025-12-02;1;0
5;2025-12-02;2;0
5;2025-12-02;3;0
5;2025-12-02;4;0
5;2025-12-02;5;0
5;2025-12-02;6;0
5;2025-12-02;7;0
5;2025-12-02;8;0
5;2025-12-02;9;0
5;2025-12-02;10;0
5;2025-12-02;11;0
5;2025-12-02;12;0
5;2025-12-02;13;0
5;2025-12-02;14;0
5;2025-12-02;15;0
5;2025-12-02;16;0
5;2025-12-02;17;0
5;2025-12-02;18;0
5;2025-12-02;19;0
5;2025-12-02;20;0
5;2025-12-02;21;0
5;2025-12-02;22;0
5;2025-12-02;23;0
5;2025-12-03;0;0
5;2025-12-03;1;0
5;2025-12-03;2;0
5;2025-12-03;3;0
5;2025-12-03;4;0
5;2025-12-03;5;0
5;2025-12-03;6;0
5;2025-12-03;7;0
5;2025-12-03;8;0
5;2025-12-03;9;0
5;2025-12-03;10;0
5;2025-12-03;11;0
5;2025-12-03;12;0
5;2025-12-03;13;0
5;2025-12-03;14;0
5;2025-12-03;15;0
5;2025-12-03;16;0
5;2025-12-03;17;0
5;2025-12-03;18;0
5;2025-12-03;19;0
5;2025-12-03;20;0
5;2025-12-03;21;0
5;2025-12-03;22;0
5;2025-12-03;23;0
5;2025-12-04;0;0
5;2025-12-04;1;0
5;2025-12-04;2;0
5;2025-12-04;3;0
5;2025-12-04;4;0
5;2025-12-04;5;0
5;2025-12-04;6;0
5;2025-12-04;7;0
5;2025-12-04;8;0
5;2025-12-04;9;0
5;2025-12-04;10;0
5;2025-12-04;11;0
5;2025-12-04;12;0
5;2025-12-04;13;0
5;2025-12-04;14;0
5;2025-12-04;15;0
5;2025-12-04;16;0
5;2025-12-04;17;0
5;2025-12-04;18;0
5;2025-12-04;19;0
5;2025-12-04;20;0
5;2025-12-04;21;0
5;2025-12-04;22;0
5;2025-12-04;23;0
5;2025-12-05;0;0
5;2025-12-05;1;0
5;2025-12-05;2;0
5;2025-12-05;3;0
5;2025-12-05;4;0
5;2025-12-05;5;0
5;2025-12-05;6;0
5;2025-12-05;7;0
5;2025-12-05;8;0
5;2025-12-05;9;0
5;2025-12-05;10;0
5;2025-12-05;11;0
5;2025-12-05;12;0
5;2025-12-05;13;0
5;2025-12-05;14;0
5;2025-12-05;15;0
5;2025-12-05;16;0
5;2025-12-05;17;0
5;2025-12-05;18;0
5;2025-12-05;19;0
5;2025-12-05;20;0
5;2025-12-05;21;0
5;2025-12-05;22;0
5;2025-12-05;23;0
5;2025-12-06;0;0
5;2025-12-06;1;0
5;2025-12-06;2;0
5;2025-12-06;3;0
5;2025-12-06;4;0
5;2025-12-06;5;0
5;2025-12-06;6;0
5;2025-12-06;7;0
5;2025-12-06;8;0
5;2025-12-06;9;0
5;2025-12-06;10;0
5;2025-12-06;11;0
5;2025-12-06;12;0
5;2025-12-06;13;0
5;2025-12-06;14;0
5;2025-12-06;15;0
5;2025-12-06;16;0
5;2025-12-06;17;0
5;2025-12-06;18;0
5;2025-12-06;19;0
5;2025-12-06;20;0
5;2025-12-06;21;0
5;2025-12-06;22;0
5;2025-12-06;23;0
5;2025-12-07;0;0
5;2025-12-07;1;0
5;2025-12-07;2;0
5;2025-12-07;3;0
5;2025-12-07;4;0
5;2025-12-07;5;0
5;2025-12-07;6;0
5;2025-12-07;7;0
5;2025-12-07;8;0
5;2025-12-07;9;0
5;2025-12-07;10;0
5;2025-12-07;11;0
5;2025-12-07;12;0
5;2025-12-07;13;0
5;2025-12-07;14;0
5;2025-12-07;15;0
5;2025-12-07;16;0
5;2025-12-07;17;0
5;2025-12-07;18;0
5;2025-12-07;19;0
5;2025-12-07;20;0
5;2025-12-07;21;0
5;2025-12-07;22;0
5;2025-12-07;23;0
5;2025-12-08;0;0
5;2025-12-08;1;0
5;2025-12-08;2;0
5;2025-12-08;3;0
5;2025-12-08;4;0
5;2025-12-08;5;0
5;2025-12-08;6;0
5;2025-12-08;7;0
5;2025-12-08;8;0
5;2025-12-08;9;0
5;2025-12-08;10;0
5;2025-12-08;11;0
5;2025-12-08;12;0
5;2025-12-08;13;0
5;2025-12-08;14;0
5;2025-12-08;15;0
5;2025-12-08;16;0
5;2025-12-08;17;0
5;2025-12-08;18;0
5;2025-12-08;19;0
5;2025-12-08;20;0
5;2025-12-08;21;0
5;2025-12-08;22;0
5;2025-12-08;23;0
5;2025-12-09;0;0
5;2025-12-09;1;0
5;2025-12-09;2;0
5;2025-12-09;3;0
5;2025-12-09;4;0
5;2025-12-09;5;0
5;2025-12-09;6;0
5;2025-12-09;7;0
5;2025-12-09;8;0
5;2025-12-09;9;0
5;2025-12-09;10;0
5;2025-12-09;11;0
5;2025-12-09;12;0
5;2025-12-09;13;0
5;2025-12-09;14;0
5;2025-12-09;15;0
5;2025-12-09;16;0
5;2025-12-09;17;0
5;2025-12-09;18;0
5;2025-12-09;19;0
5;2025-12-09;20;0
5;2025-12-09;21;0
5;2025-12-09;22;0
5;2025-12-09;23;0
5;2025-12-10;0;0
5;2025-12-10;1;0
5;2025-12-10;2;0
5;2025-12-10;3;0
5;2025-12-10;4;0
5;2025-12-10;5;0
5;2025-12-10;6;0
5;2025-12-10;7;0
5;2025-12-10;8;0
5;2025-12-10;9;0
5;2025-12-10;10;0
5;2025-12-10;11;0
5;2025-12-10;12;0
5;2025-12-10;13;0
5;2025-12-10;14;0
5;2025-12-10;15;0
5;2025-12-10;16;0
5;2025-12-10;17;0
5;2025-12-10;18;0
5;2025-12-10;19;0
5;2025-12-10;20;0
5;2025-12-10;21;0
5;2025-12-10;22;0
5;2025-12-10;23;0
5;2025-12-11;0;0
5;2025-12-11;1;0
5;2025-12-11;2;0
5;2025-12-11;3;0
5;2025-12-11;4;0
5;2025-12-11;5;0
5;2025-12-11;6;0
5;2025-12-11;7;0
5;2025-12-11;8;0
5;2025-12-11;9;0
5;2025-12-11;10;0
5;2025-12-11;11;0
5;2025-12-11;12;0
5;2025-12-11;13;0
5;2025-12-11;14;0
5;2025-12-11;15;0
5;2025-12-11;16;0
5;2025-12-11;17;0
5;2025-12-11;18;0
5;2025-12-11;19;0
5;2025-12-11;20;0
5;2025-12-11;21;0
5;2025-12-11;22;0
5;2025-12-11;23;0
5;2025-12-12;0;0
5;2025-12-12;1;0
5;2025-12-12;2;0
5;2025-12-12;3;0
5;2025-12-12;4;0
5;2025-12-12;5;0
5;2025-12-12;6;0
5;2025-12-12;7;0
5;2025-12-12;8;0
5;2025-12-12;9;0
5;2025-12-12;10;0
5;2025-12-12;11;0
5;2025-12-12;12;0
5;2025-12-12;13;0
5;2025-12-12;14;0
5;2025-12-12;15;0
5;2025-12-12;16;0
5;2025-12-12;17;0
5;2025-12-12;18;0
5;2025-12-12;19;0
5;2025-12-12;20;0
5;2025-12-12;21;0
5;2025-12-12;22;0
5;2025-12-12;23;0
5;2025-12-13;0;0
5;2025-12-13;1;0
5;2025-12-13;2;0
5;2025-12-13;3;0
5;2025-12-13;4;0
5;2025-12-13;5;0
5;2025-12-13;6;0
5;2025-12-13;7;0
5;2025-12-13;8;0
5;2025-12-13;9;0
5;2025-12-13;10;0
5;2025-12-13;11;0
5;2025-12-13;12;0
5;2025-12-13;13;0
5;2025-12-13;14;0
5;2025-12-13;15;0
5;2025-12-13;16;0
5;2025-12-13;17;0
5;2025-12-13;18;0
5;2025-12-13;19;0
5;2025-12-13;20;0
5;2025-12-13;21;0
5;2025-12-13;22;0
5;2025-12-13;23;0
5;2025-12-14;0;0
5;2025-12-14;1;0
5;2025-12-14;2;0
5;2025-12-14;3;0
5;2025-12-14;4;0
5;2025-12-14;5;0
5;2025-12-14;6;0
5;2025-12-14;7;0
5;2025-12-14;8;0
5;2025-12-14;9;0
5;2025-12-14;10;0
5;2025-12-14;11;0
5;2025-12-14;12;0
5;2025-12-14;13;0
5;2025-12-14;14;0
5;2025-12-14;15;0
5;2025-12-14;16;0
5;2025-12-14;17;0
5;2025-12-14;18;0
5;2025-12-14;19;0
5;2025-12-14;20;0
5;2025-12-14;21;0
5;2025-12-14;22;0
5;2025-12-14;23;0
5;2025-12-15;0;0
5;2025-12-15;1;0
5;2025-12-15;2;0
5;2025-12-15;3;0
5;2025-12-15;4;0
5;2025-12-15;5;0
5;2025-12-15;6;0
5;2025-12-15;7;0
5;2025-12-15;8;0
5;2025-12-15;9;0
5;2025-12-15;10;0
5;2025-12-15;11;0
5;2025-12-15;12;0
5;2025-12-15;13;0
5;2025-12-15;14;0
5;2025-12-15;15;0
5;2025-12-15;16;0
5;2025-12-15;17;0
5;2025-12-15;18;0
5;2025-12-15;19;0
5;2025-12-15;20;0
5;2025-12-15;21;0
5;2025-12-15;22;0
5;2025-12-15;23;0
5;2025-12-16;0;7
5;2025-12-16;1;1
5;2025-12-16;2;0
5;2025-12-16;3;0
5;2025-12-16;4;1
5;2025-12-16;5;33
5;2025-12-16;6;165
5;2025-12-16;7;403
5;2025-12-16;8;608
5;2025-12-16;9;423
5;2025-12-16;10;348
5;2025-12-16;11;337
5;2025-12-16;12;350
5;2025-12-16;13;354
5;2025-12-16;14;359
5;2025-12-16;15;383
5;2025-12-16;16;426
5;2025-12-16;17;520
5;2025-12-16;18;541
5;2025-12-16;19;383
5;2025-12-16;20;245
5;2025-12-16;21;152
5;2025-12-16;22;64
5;2025-12-16;23;29
5;2025-12-17;0;7
5;2025-12-17;1;1
5;2025-12-17;2;0
5;2025-12-17;3;0
5;2025-12-17;4;1
5;2025-12-17;5;33
5;2025-12-17;6;165
5;2025-12-17;7;403
5;2025-12-17;8;608
5;2025-12-17;9;423
5;2025-12-17;10;348
5;2025-12-17;11;337
5;2025-12-17;12;350
5;2025-12-17;13;354
5;2025-12-17;14;359
5;2025-12-17;15;383
5;2025-12-17;16;426
5;2025-12-17;17;520
5;2025-12-17;18;541
5;2025-12-17;19;383
5;2025-12-17;20;245
5;2025-12-17;21;152
5;2025-12-17;22;64
5;2025-12-17;23;29
5;2025-12-18;0;7
5;2025-12-18;1;1
5;2025-12-18;2;0
5;2025-12-18;3;0
5;2025-12-18;4;1
5;2025-12-18;5;33
5;2025-12-18;6;165
5;2025-12-18;7;403
5;2025-12-18;8;608
5;2025-12-18;9;423
5;2025-12-18;10;348
5;2025-12-18;11;337
5;2025-12-18;12;350
5;2025-12-18;13;354
5;2025-12-18;14;359
5;2025-12-18;15;383
5;2025-12-18;16;426
5;2025-12-18;17;520
5;2025-12-18;18;541
5;2025-12-18;19;383
5;2025-12-18;20;245
5;2025-12-18;21;152
5;2025-12-18;22;64
5;2025-12-18;23;29
5;2025-12-19;0;8
5;2025-12-19;1;1
5;2025-12-19;2;0
5;2025-12-19;3;0
5;2025-12-19;4;1
5;2025-12-19;5;35
5;2025-12-19;6;172
5;2025-12-19;7;412
5;2025-12-19;8;604
5;2025-12-19;9;416
5;2025-12-19;10;345
5;2025-12-19;11;340
5;2025-12-19;12;356
5;2025-12-19;13;368
5;2025-12-19;14;368
5;2025-12-19;15;412
5;2025-12-19;16;494
5;2025-12-19;17;526
5;2025-12-19;18;440
5;2025-12-19;19;344
5;2025-12-19;20;230
5;2025-12-19;21;154
5;2025-12-19;22;68
5;2025-12-19;23;38
5;2025-12-20;0;116
5;2025-12-20;1;10
5;2025-12-20;2;0
5;2025-12-20;3;0
5;2025-12-20;4;0
5;2025-12-20;5;21
5;2025-12-20;6;90
5;2025-12-20;7;127
5;2025-12-20;8;201
5;2025-12-20;9;258
5;2025-12-20;10;273
5;2025-12-20;11;308
5;2025-12-20;12;385
5;2025-12-20;13;378
5;2025-12-20;14;382
5;2025-12-20;15;409
5;2025-12-20;16;366
5;2025-12-20;17;348
5;2025-12-20;18;288
5;2025-12-20;19;233
5;2025-12-20;20;175
5;2025-12-20;21;124
5;2025-12-20;22;72
5;2025-12-20;23;38
5;2025-12-21;0;18
5;2025-12-21;1;3
5;2025-12-21;2;0
5;2025-12-21;3;0
5;2025-12-21;4;0
5;2025-12-21;5;16
5;2025-12-21;6;71
5;2025-12-21;7;107
5;2025-12-21;8;160
5;2025-12-21;9;218
5;2025-12-21;10;254
5;2025-12-21;11;313
5;2025-12-21;12;329
5;2025-12-21;13;367
5;2025-12-21;14;407
5;2025-12-21;15;405
5;2025-12-21;16;376
5;2025-12-21;17;427
5;2025-12-21;18;340
5;2025-12-21;19;275
5;2025-12-21;20;218
5;2025-12-21;21;154
5;2025-12-21;22;101
5;2025-12-21;23;42
5;2025-12-22;0;8
5;2025-12-22;1;1
5;2025-12-22;2;0
5;2025-12-22;3;0
5;2025-12-22;4;1
5;2025-12-22;5;35
5;2025-12-22;6;170
5;2025-12-22;7;407
5;2025-12-22;8;634
5;2025-12-22;9;438
5;2025-12-22;10;340
5;2025-12-22;11;324
5;2025-12-22;12;337
5;2025-12-22;13;359
5;2025-12-22;14;356
5;2025-12-22;15;382
5;2025-12-22;16;436
5;2025-12-22;17;519
5;2025-12-22;18;548
5;2025-12-22;19;374
5;2025-12-22;20;236
5;2025-12-22;21;145
5;2025-12-22;22;60
5;2025-12-22;23;25
5;2025-12-23;0;6
5;2025-12-23;1;1
5;2025-12-23;2;0
5;2025-12-23;3;0
5;2025-12-23;4;1
5;2025-12-23;5;30
5;2025-12-23;6;148
5;2025-12-23;7;363
5;2025-12-23;8;547
5;2025-12-23;9;381
5;2025-12-23;10;313
5;2025-12-23;11;303
5;2025-12-23;12;315
5;2025-12-23;13;319
5;2025-12-23;14;323
5;2025-12-23;15;345
5;2025-12-23;16;383
5;2025-12-23;17;468
5;2025-12-23;18;487
5;2025-12-23;19;345
5;2025-12-23;20;220
5;2025-12-23;21;137
5;2025-12-23;22;58
5;2025-12-23;23;26
5;2025-12-24;0;6
5;2025-12-24;1;1
5;2025-12-24;2;0
5;2025-12-24;3;0
5;2025-12-24;4;1
5;2025-12-24;5;30
5;2025-12-24;6;148
5;2025-12-24;7;363
5;2025-12-24;8;547
5;2025-12-24;9;381
5;2025-12-24;10;313
5;2025-12-24;11;303
5;2025-12-24;12;315
5;2025-12-24;13;319
5;2025-12-24;14;323
5;2025-12-24;15;345
5;2025-12-24;16;383
5;2025-12-24;17;468
5;2025-12-24;18;487
5;2025-12-24;19;345
5;2025-12-24;20;220
5;2025-12-24;21;137
5;2025-12-24;22;58
5;2025-12-24;23;26
5;2025-12-25;0;6
5;2025-12-25;1;1
5;2025-12-25;2;0
5;2025-12-25;3;0
5;2025-12-25;4;1
5;2025-12-25;5;30
5;2025-12-25;6;148
5;2025-12-25;7;363
5;2025-12-25;8;547
5;2025-12-25;9;381
5;2025-12-25;10;313
5;2025-12-25;11;303
5;2025-12-25;12;315
5;2025-12-25;13;319
5;2025-12-25;14;323
5;2025-12-25;15;345
5;2025-12-25;16;383
5;2025-12-25;17;468
5;2025-12-25;18;487
5;2025-12-25;19;345
5;2025-12-25;20;220
5;2025-12-25;21;137
5;2025-12-25;22;58
5;2025-12-25;23;26
5;2025-12-26;0;7
5;2025-12-26;1;1
5;2025-12-26;2;0
5;2025-12-26;3;0
5;2025-12-26;4;1
5;2025-12-26;5;32
5;2025-12-26;6;155
5;2025-12-26;7;371
5;2025-12-26;8;544
5;2025-12-26;9;374
5;2025-12-26;10;310
5;2025-12-26;11;306
5;2025-12-26;12;320
5;2025-12-26;13;331
5;2025-12-26;14;331
5;2025-12-26;15;371
5;2025-12-26;16;445
5;2025-12-26;17;473
5;2025-12-26;18;396
5;2025-12-26;19;310
5;2025-12-26;20;207
5;2025-12-26;21;139
5;2025-12-26;22;61
5;2025-12-26;23;34
5;2025-12-27;0;104
5;2025-12-27;1;9
5;2025-12-27;2;0
5;2025-12-27;3;0
5;2025-12-27;4;0
5;2025-12-27;5;19
5;2025-12-27;6;81
5;2025-12-27;7;114
5;2025-12-27;8;181
5;2025-12-27;9;232
5;2025-12-27;10;246
5;2025-12-27;11;277
5;2025-12-27;12;346
5;2025-12-27;13;340
5;2025-12-27;14;344
5;2025-12-27;15;368
5;2025-12-27;16;329
5;2025-12-27;17;313
5;2025-12-27;18;259
5;2025-12-27;19;210
5;2025-12-27;20;158
5;2025-12-27;21;112
5;2025-12-27;22;65
5;2025-12-27;23;34
5;2025-12-28;0;16
5;2025-12-28;1;3
5;2025-12-28;2;0
5;2025-12-28;3;0
5;2025-12-28;4;0
5;2025-12-28;5;14
5;2025-12-28;6;64
5;2025-12-28;7;96
5;2025-12-28;8;144
5;2025-12-28;9;196
5;2025-12-28;10;229
5;2025-12-28;11;282
5;2025-12-28;12;296
5;2025-12-28;13;330
5;2025-12-28;14;366
5;2025-12-28;15;364
5;2025-12-28;16;338
5;2025-12-28;17;384
5;2025-12-28;18;306
5;2025-12-28;19;248
5;2025-12-28;20;196
5;2025-12-28;21;139
5;2025-12-28;22;91
5;2025-12-28;23;38
5;2025-12-29;0;7
5;2025-12-29;1;1
5;2025-12-29;2;0
5;2025-12-29;3;0
5;2025-12-29;4;1
5;2025-12-29;5;32
5;2025-12-29;6;153
5;2025-12-29;7;366
5;2025-12-29;8;571
5;2025-12-29;9;394
5;2025-12-29;10;306
5;2025-12-29;11;292
5;2025-12-29;12;303
5;2025-12-29;13;323
5;2025-12-29;14;320
5;2025-12-29;15;344
5;2025-12-29;16;392
5;2025-12-29;17;467
5;2025-12-29;18;493
5;2025-12-29;19;337
5;2025-12-29;20;212
5;2025-12-29;21;130
5;2025-12-29;22;54
5;2025-12-29;23;22
5;2025-12-30;0;6
5;2025-12-30;1;1
5;2025-12-30;2;0
5;2025-12-30;3;0
5;2025-12-30;4;1
5;2025-12-30;5;30
5;2025-12-30;6;148
5;2025-12-30;7;363
5;2025-12-30;8;547
5;2025-12-30;9;381
5;2025-12-30;10;313
5;2025-12-30;11;303
5;2025-12-30;12;315
5;2025-12-30;13;319
5;2025-12-30;14;323
5;2025-12-30;15;345
5;2025-12-30;16;383
5;2025-12-30;17;468
5;2025-12-30;18;487
5;2025-12-30;19;345
5;2025-12-30;20;220
5;2025-12-30;21;137
5;2025-12-30;22;58
5;2025-12-30;23;26
5;2025-12-31;0;16
5;2025-12-31;1;3
5;2025-12-31;2;0
5;2025-12-31;3;0
5;2025-12-31;4;0
5;2025-12-31;5;14
5;2025-12-31;6;64
5;2025-12-31;7;96
5;2025-12-31;8;144
5;2025-12-31;9;196
5;2025-12-31;10;229
5;2025-12-31;11;282
5;2025-12-31;12;296
5;2025-12-31;13;330
5;2025-12-31;14;366
5;2025-12-31;15;364
5;2025-12-31;16;338
5;2025-12-31;17;384
5;2025-12-31;18;306
5;2025-12-31;19;248
5;2025-12-31;20;196
5;2025-12-31;21;139
5;2025-12-31;22;91
5;2025-12-31;23;38
7;2025-11-01;0;77
7;2025-11-01;1;16
7;2025-11-01;2;0
7;2025-11-01;3;0
7;2025-11-01;4;1
7;2025-11-01;5;168
7;2025-11-01;6;573
7;2025-11-01;7;1471
7;2025-11-01;8;2199
7;2025-11-01;9;1675
7;2025-11-01;10;1462
7;2025-11-01;11;1428
7;2025-11-01;12;1491
7;2025-11-01;13;1524
7;2025-11-01;14;1540
7;2025-11-01;15;1711
7;2025-11-01;16;1847
7;2025-11-01;17;2072
7;2025-11-01;18;1922
7;2025-11-01;19;1486
7;2025-11-01;20;889
7;2025-11-01;21;564
7;2025-11-01;22;297
7;2025-11-01;23;202
7;2025-11-02;0;80
7;2025-11-02;1;18
7;2025-11-02;2;0
7;2025-11-02;3;0
7;2025-11-02;4;0
7;2025-11-02;5;26
7;2025-11-02;6;160
7;2025-11-02;7;220
7;2025-11-02;8;377
7;2025-11-02;9;508
7;2025-11-02;10;488
7;2025-11-02;11;666
7;2025-11-02;12;682
7;2025-11-02;13;653
7;2025-11-02;14;716
7;2025-11-02;15;734
7;2025-11-02;16;700
7;2025-11-02;17;694
7;2025-11-02;18;652
7;2025-11-02;19;510
7;2025-11-02;20;428
7;2025-11-02;21;354
7;2025-11-02;22;196
7;2025-11-02;23;123
7;2025-11-03;0;72
7;2025-11-03;1;10
7;2025-11-03;2;0
7;2025-11-03;3;0
7;2025-11-03;4;0
7;2025-11-03;5;52
7;2025-11-03;6;211
7;2025-11-03;7;327
7;2025-11-03;8;474
7;2025-11-03;9;579
7;2025-11-03;10;614
7;2025-11-03;11;711
7;2025-11-03;12;688
7;2025-11-03;13;708
7;2025-11-03;14;742
7;2025-11-03;15;777
7;2025-11-03;16;808
7;2025-11-03;17;793
7;2025-11-03;18;779
7;2025-11-03;19;715
7;2025-11-03;20;589
7;2025-11-03;21;462
7;2025-11-03;22;279
7;2025-11-03;23;186
7;2025-11-04;0;72
7;2025-11-04;1;10
7;2025-11-04;2;0
7;2025-11-04;3;0
7;2025-11-04;4;1
7;2025-11-04;5;48
7;2025-11-04;6;209
7;2025-11-04;7;321
7;2025-11-04;8;468
7;2025-11-04;9;538
7;2025-11-04;10;558
7;2025-11-04;11;700
7;2025-11-04;12;662
7;2025-11-04;13;697
7;2025-11-04;14;847
7;2025-11-04;15;862
7;2025-11-04;16;806
7;2025-11-04;17;790
7;2025-11-04;18;783
7;2025-11-04;19;710
7;2025-11-04;20;585
7;2025-11-04;21;460
7;2025-11-04;22;274
7;2025-11-04;23;182
7;2025-11-05;0;59
7;2025-11-05;1;12
7;2025-11-05;2;0
7;2025-11-05;3;0
7;2025-11-05;4;2
7;2025-11-05;5;195
7;2025-11-05;6;650
7;2025-11-05;7;1644
7;2025-11-05;8;2508
7;2025-11-05;9;1875
7;2025-11-05;10;1607
7;2025-11-05;11;1555
7;2025-11-05;12;1626
7;2025-11-05;13;1599
7;2025-11-05;14;1661
7;2025-11-05;15;1769
7;2025-11-05;16;1881
7;2025-11-05;17;2363
7;2025-11-05;18;2543
7;2025-11-05;19;1747
7;2025-11-05;20;1002
7;2025-11-05;21;638
7;2025-11-05;22;321
7;2025-11-05;23;190
7;2025-11-06;0;60
7;2025-11-06;1;11
7;2025-11-06;2;0
7;2025-11-06;3;0
7;2025-11-06;4;2
7;2025-11-06;5;195
7;2025-11-06;6;640
7;2025-11-06;7;1648
7;2025-11-06;8;2510
7;2025-11-06;9;1876
7;2025-11-06;10;1610
7;2025-11-06;11;1547
7;2025-11-06;12;1624
7;2025-11-06;13;1591
7;2025-11-06;14;1659
7;2025-11-06;15;1765
7;2025-11-06;16;1880
7;2025-11-06;17;2370
7;2025-11-06;18;2546
7;2025-11-06;19;1748
7;2025-11-06;20;1015
7;2025-11-06;21;644
7;2025-11-06;22;328
7;2025-11-06;23;204
7;2025-11-07;0;68
7;2025-11-07;1;13
7;2025-11-07;2;0
7;2025-11-07;3;0
7;2025-11-07;4;2
7;2025-11-07;5;184
7;2025-11-07;6;625
7;2025-11-07;7;1598
7;2025-11-07;8;2387
7;2025-11-07;9;1820
7;2025-11-07;10;1595
7;2025-11-07;11;1557
7;2025-11-07;12;1636
7;2025-11-07;13;1670
7;2025-11-07;14;1693
7;2025-11-07;15;1881
7;2025-11-07;16;2028
7;2025-11-07;17;2266
7;2025-11-07;18;2098
7;2025-11-07;19;1603
7;2025-11-07;20;973
7;2025-11-07;21;612
7;2025-11-07;22;324
7;2025-11-07;23;226
7;2025-11-08;0;93
7;2025-11-08;1;18
7;2025-11-08;2;0
7;2025-11-08;3;0
7;2025-11-08;4;0
7;2025-11-08;5;48
7;2025-11-08;6;231
7;2025-11-08;7;321
7;2025-11-08;8;594
7;2025-11-08;9;596
7;2025-11-08;10;622
7;2025-11-08;11;701
7;2025-11-08;12;845
7;2025-11-08;13;861
7;2025-11-08;14;847
7;2025-11-08;15;848
7;2025-11-08;16;852
7;2025-11-08;17;834
7;2025-11-08;18;769
7;2025-11-08;19;685
7;2025-11-08;20;531
7;2025-11-08;21;416
7;2025-11-08;22;234
7;2025-11-08;23;166
7;2025-11-09;0;80
7;2025-11-09;1;18
7;2025-11-09;2;0
7;2025-11-09;3;0
7;2025-11-09;4;1
7;2025-11-09;5;17
7;2025-11-09;6;150
7;2025-11-09;7;204
7;2025-11-09;8;352
7;2025-11-09;9;459
7;2025-11-09;10;443
7;2025-11-09;11;620
7;2025-11-09;12;751
7;2025-11-09;13;777
7;2025-11-09;14;729
7;2025-11-09;15;799
7;2025-11-09;16;774
7;2025-11-09;17;769
7;2025-11-09;18;707
7;2025-11-09;19;565
7;2025-11-09;20;475
7;2025-11-09;21;359
7;2025-11-09;22;196
7;2025-11-09;23;123
7;2025-11-10;0;61
7;2025-11-10;1;11
7;2025-11-10;2;0
7;2025-11-10;3;0
7;2025-11-10;4;1
7;2025-11-10;5;193
7;2025-11-10;6;644
7;2025-11-10;7;1648
7;2025-11-10;8;2557
7;2025-11-10;9;1837
7;2025-11-10;10;1490
7;2025-11-10;11;1433
7;2025-11-10;12;1433
7;2025-11-10;13;1484
7;2025-11-10;14;1488
7;2025-11-10;15;1696
7;2025-11-10;16;1798
7;2025-11-10;17;2311
7;2025-11-10;18;2537
7;2025-11-10;19;1733
7;2025-11-10;20;993
7;2025-11-10;21;594
7;2025-11-10;22;282
7;2025-11-10;23;153
7;2025-11-11;0;57
7;2025-11-11;1;11
7;2025-11-11;2;0
7;2025-11-11;3;0
7;2025-11-11;4;2
7;2025-11-11;5;195
7;2025-11-11;6;652
7;2025-11-11;7;1646
7;2025-11-11;8;2511
7;2025-11-11;9;1871
7;2025-11-11;10;1585
7;2025-11-11;11;1535
7;2025-11-11;12;1609
7;2025-11-11;13;1587
7;2025-11-11;14;1639
7;2025-11-11;15;1744
7;2025-11-11;16;1866
7;2025-11-11;17;2354
7;2025-11-11;18;2541
7;2025-11-11;19;1742
7;2025-11-11;20;1001
7;2025-11-11;21;635
7;2025-11-11;22;315
7;2025-11-11;23;177
7;2025-11-12;0;58
7;2025-11-12;1;11
7;2025-11-12;2;0
7;2025-11-12;3;0
7;2025-11-12;4;1
7;2025-11-12;5;195
7;2025-11-12;6;651
7;2025-11-12;7;1645
7;2025-11-12;8;2506
7;2025-11-12;9;1872
7;2025-11-12;10;1599
7;2025-11-12;11;1522
7;2025-11-12;12;1599
7;2025-11-12;13;1561
7;2025-11-12;14;1633
7;2025-11-12;15;1742
7;2025-11-12;16;1866
7;2025-11-12;17;2356
7;2025-11-12;18;2526
7;2025-11-12;19;1742
7;2025-11-12;20;1000
7;2025-11-12;21;637
7;2025-11-12;22;320
7;2025-11-12;23;187
7;2025-11-13;0;60
7;2025-11-13;1;11
7;2025-11-13;2;0
7;2025-11-13;3;0
7;2025-11-13;4;1
7;2025-11-13;5;195
7;2025-11-13;6;652
7;2025-11-13;7;1645
7;2025-11-13;8;2506
7;2025-11-13;9;1875
7;2025-11-13;10;1607
7;2025-11-13;11;1546
7;2025-11-13;12;1618
7;2025-11-13;13;1589
7;2025-11-13;14;1642
7;2025-11-13;15;1755
7;2025-11-13;16;1875
7;2025-11-13;17;2360
7;2025-11-13;18;2540
7;2025-11-13;19;1745
7;2025-11-13;20;1004
7;2025-11-13;21;641
7;2025-11-13;22;324
7;2025-11-13;23;197
7;2025-11-14;0;67
7;2025-11-14;1;12
7;2025-11-14;2;0
7;2025-11-14;3;0
7;2025-11-14;4;2
7;2025-11-14;5;182
7;2025-11-14;6;635
7;2025-11-14;7;1593
7;2025-11-14;8;2389
7;2025-11-14;9;1819
7;2025-11-14;10;1603
7;2025-11-14;11;1556
7;2025-11-14;12;1628
7;2025-11-14;13;1661
7;2025-11-14;14;1679
7;2025-11-14;15;1870
7;2025-11-14;16;2023
7;2025-11-14;17;2261
7;2025-11-14;18;2084
7;2025-11-14;19;1600
7;2025-11-14;20;965
7;2025-11-14;21;607
7;2025-11-14;22;315
7;2025-11-14;23;218
7;2025-11-15;0;89
7;2025-11-15;1;16
7;2025-11-15;2;0
7;2025-11-15;3;0
7;2025-11-15;4;1
7;2025-11-15;5;59
7;2025-11-15;6;236
7;2025-11-15;7;338
7;2025-11-15;8;633
7;2025-11-15;9;662
7;2025-11-15;10;655
7;2025-11-15;11;734
7;2025-11-15;12;868
7;2025-11-15;13;906
7;2025-11-15;14;967
7;2025-11-15;15;955
7;2025-11-15;16;957
7;2025-11-15;17;938
7;2025-11-15;18;829
7;2025-11-15;19;746
7;2025-11-15;20;572
7;2025-11-15;21;432
7;2025-11-15;22;247
7;2025-11-15;23;173
7;2025-11-16;0;79
7;2025-11-16;1;18
7;2025-11-16;2;0
7;2025-11-16;3;0
7;2025-11-16;4;0
7;2025-11-16;5;9
7;2025-11-16;6;161
7;2025-11-16;7;218
7;2025-11-16;8;350
7;2025-11-16;9;502
7;2025-11-16;10;492
7;2025-11-16;11;696
7;2025-11-16;12;769
7;2025-11-16;13;794
7;2025-11-16;14;800
7;2025-11-16;15;808
7;2025-11-16;16;786
7;2025-11-16;17;780
7;2025-11-16;18;694
7;2025-11-16;19;555
7;2025-11-16;20;466
7;2025-11-16;21;351
7;2025-11-16;22;197
7;2025-11-16;23;126
7;2025-11-17;0;61
7;2025-11-17;1;11
7;2025-11-17;2;0
7;2025-11-17;3;0
7;2025-11-17;4;1
7;2025-11-17;5;199
7;2025-11-17;6;658
7;2025-11-17;7;1655
7;2025-11-17;8;2558
7;2025-11-17;9;1840
7;2025-11-17;10;1522
7;2025-11-17;11;1455
7;2025-11-17;12;1448
7;2025-11-17;13;1447
7;2025-11-17;14;1477
7;2025-11-17;15;1686
7;2025-11-17;16;1792
7;2025-11-17;17;2304
7;2025-11-17;18;2532
7;2025-11-17;19;1728
7;2025-11-17;20;987
7;2025-11-17;21;607
7;2025-11-17;22;282
7;2025-11-17;23;153
7;2025-11-18;0;57
7;2025-11-18;1;10
7;2025-11-18;2;0
7;2025-11-18;3;0
7;2025-11-18;4;2
7;2025-11-18;5;184
7;2025-11-18;6;642
7;2025-11-18;7;1658
7;2025-11-18;8;2489
7;2025-11-18;9;1875
7;2025-11-18;10;1576
7;2025-11-18;11;1540
7;2025-11-18;12;1618
7;2025-11-18;13;1569
7;2025-11-18;14;1617
7;2025-11-18;15;1733
7;2025-11-18;16;1871
7;2025-11-18;17;2354
7;2025-11-18;18;2523
7;2025-11-18;19;1751
7;2025-11-18;20;1004
7;2025-11-18;21;633
7;2025-11-18;22;313
7;2025-11-18;23;176
7;2025-11-19;0;58
7;2025-11-19;1;11
7;2025-11-19;2;0
7;2025-11-19;3;0
7;2025-11-19;4;1
7;2025-11-19;5;196
7;2025-11-19;6;658
7;2025-11-19;7;1647
7;2025-11-19;8;2512
7;2025-11-19;9;1875
7;2025-11-19;10;1592
7;2025-11-19;11;1526
7;2025-11-19;12;1583
7;2025-11-19;13;1568
7;2025-11-19;14;1620
7;2025-11-19;15;1735
7;2025-11-19;16;1864
7;2025-11-19;17;2353
7;2025-11-19;18;2539
7;2025-11-19;19;1743
7;2025-11-19;20;1002
7;2025-11-19;21;638
7;2025-11-19;22;322
7;2025-11-19;23;186
7;2025-11-20;0;60
7;2025-11-20;1;11
7;2025-11-20;2;0
7;2025-11-20;3;0
7;2025-11-20;4;1
7;2025-11-20;5;196
7;2025-11-20;6;658
7;2025-11-20;7;1647
7;2025-11-20;8;2507
7;2025-11-20;9;1873
7;2025-11-20;10;1590
7;2025-11-20;11;1526
7;2025-11-20;12;1583
7;2025-11-20;13;1568
7;2025-11-20;14;1621
7;2025-11-20;15;1737
7;2025-11-20;16;1864
7;2025-11-20;17;2354
7;2025-11-20;18;2540
7;2025-11-20;19;1737
7;2025-11-20;20;998
7;2025-11-20;21;636
7;2025-11-20;22;321
7;2025-11-20;23;192
7;2025-11-21;0;67
7;2025-11-21;1;13
7;2025-11-21;2;0
7;2025-11-21;3;0
7;2025-11-21;4;1
7;2025-11-21;5;194
7;2025-11-21;6;653
7;2025-11-21;7;1589
7;2025-11-21;8;2386
7;2025-11-21;9;1815
7;2025-11-21;10;1591
7;2025-11-21;11;1542
7;2025-11-21;12;1582
7;2025-11-21;13;1647
7;2025-11-21;14;1666
7;2025-11-21;15;1857
7;2025-11-21;16;2019
7;2025-11-21;17;2257
7;2025-11-21;18;2081
7;2025-11-21;19;1599
7;2025-11-21;20;969
7;2025-11-21;21;610
7;2025-11-21;22;321
7;2025-11-21;23;220
7;2025-11-22;0;92
7;2025-11-22;1;19
7;2025-11-22;2;0
7;2025-11-22;3;0
7;2025-11-22;4;1
7;2025-11-22;5;56
7;2025-11-22;6;241
7;2025-11-22;7;339
7;2025-11-22;8;630
7;2025-11-22;9;658
7;2025-11-22;10;706
7;2025-11-22;11;816
7;2025-11-22;12;971
7;2025-11-22;13;988
7;2025-11-22;14;967
7;2025-11-22;15;958
7;2025-11-22;16;959
7;2025-11-22;17;939
7;2025-11-22;18;834
7;2025-11-22;19;746
7;2025-11-22;20;576
7;2025-11-22;21;420
7;2025-11-22;22;240
7;2025-11-22;23;177
7;2025-11-23;0;79
7;2025-11-23;1;18
7;2025-11-23;2;0
7;2025-11-23;3;0
7;2025-11-23;4;0
7;2025-11-23;5;22
7;2025-11-23;6;163
7;2025-11-23;7;223
7;2025-11-23;8;387
7;2025-11-23;9;516
7;2025-11-23;10;509
7;2025-11-23;11;705
7;2025-11-23;12;791
7;2025-11-23;13;815
7;2025-11-23;14;818
7;2025-11-23;15;826
7;2025-11-23;16;795
7;2025-11-23;17;786
7;2025-11-23;18;691
7;2025-11-23;19;554
7;2025-11-23;20;473
7;2025-11-23;21;351
7;2025-11-23;22;196
7;2025-11-23;23;123
7;2025-11-24;0;62
7;2025-11-24;1;10
7;2025-11-24;2;0
7;2025-11-24;3;0
7;2025-11-24;4;1
7;2025-11-24;5;195
7;2025-11-24;6;651
7;2025-11-24;7;1675
7;2025-11-24;8;2546
7;2025-11-24;9;1855
7;2025-11-24;10;1479
7;2025-11-24;11;1421
7;2025-11-24;12;1451
7;2025-11-24;13;1495
7;2025-11-24;14;1486
7;2025-11-24;15;1695
7;2025-11-24;16;1794
7;2025-11-24;17;2307
7;2025-11-24;18;2532
7;2025-11-24;19;1732
7;2025-11-24;20;993
7;2025-11-24;21;592
7;2025-11-24;22;281
7;2025-11-24;23;152
7;2025-11-25;0;57
7;2025-11-25;1;11
7;2025-11-25;2;0
7;2025-11-25;3;0
7;2025-11-25;4;1
7;2025-11-25;5;200
7;2025-11-25;6;663
7;2025-11-25;7;1652
7;2025-11-25;8;2513
7;2025-11-25;9;1874
7;2025-11-25;10;1589
7;2025-11-25;11;1523
7;2025-11-25;12;1578
7;2025-11-25;13;1569
7;2025-11-25;14;1618
7;2025-11-25;15;1731
7;2025-11-25;16;1859
7;2025-11-25;17;2350
7;2025-11-25;18;2538
7;2025-11-25;19;1741
7;2025-11-25;20;999
7;2025-11-25;21;633
7;2025-11-25;22;315
7;2025-11-25;23;178
7;2025-11-26;0;59
7;2025-11-26;1;12
7;2025-11-26;2;0
7;2025-11-26;3;0
7;2025-11-26;4;1
7;2025-11-26;5;196
7;2025-11-26;6;658
7;2025-11-26;7;1677
7;2025-11-26;8;2480
7;2025-11-26;9;1887
7;2025-11-26;10;1589
7;2025-11-26;11;1529
7;2025-11-26;12;1587
7;2025-11-26;13;1569
7;2025-11-26;14;1620
7;2025-11-26;15;1734
7;2025-11-26;16;1837
7;2025-11-26;17;2321
7;2025-11-26;18;2523
7;2025-11-26;19;1749
7;2025-11-26;20;1006
7;2025-11-26;21;643
7;2025-11-26;22;327
7;2025-11-26;23;188
7;2025-11-27;0;60
7;2025-11-27;1;11
7;2025-11-27;2;0
7;2025-11-27;3;0
7;2025-11-27;4;1
7;2025-11-27;5;195
7;2025-11-27;6;651
7;2025-11-27;7;1645
7;2025-11-27;8;2506
7;2025-11-27;9;1875
7;2025-11-27;10;1601
7;2025-11-27;11;1540
7;2025-11-27;12;1605
7;2025-11-27;13;1563
7;2025-11-27;14;1614
7;2025-11-27;15;1748
7;2025-11-27;16;1874
7;2025-11-27;17;2326
7;2025-11-27;18;2483
7;2025-11-27;19;1750
7;2025-11-27;20;1012
7;2025-11-27;21;648
7;2025-11-27;22;330
7;2025-11-27;23;196
7;2025-11-28;0;64
7;2025-11-28;1;11
7;2025-11-28;2;0
7;2025-11-28;3;0
7;2025-11-28;4;2
7;2025-11-28;5;181
7;2025-11-28;6;635
7;2025-11-28;7;1592
7;2025-11-28;8;2388
7;2025-11-28;9;1816
7;2025-11-28;10;1586
7;2025-11-28;11;1535
7;2025-11-28;12;1595
7;2025-11-28;13;1649
7;2025-11-28;14;1671
7;2025-11-28;15;1865
7;2025-11-28;16;2020
7;2025-11-28;17;2253
7;2025-11-28;18;2081
7;2025-11-28;19;1596
7;2025-11-28;20;965
7;2025-11-28;21;607
7;2025-11-28;22;320
7;2025-11-28;23;219
7;2025-11-29;0;92
7;2025-11-29;1;19
7;2025-11-29;2;0
7;2025-11-29;3;0
7;2025-11-29;4;0
7;2025-11-29;5;53
7;2025-11-29;6;244
7;2025-11-29;7;343
7;2025-11-29;8;624
7;2025-11-29;9;672
7;2025-11-29;10;706
7;2025-11-29;11;815
7;2025-11-29;12;970
7;2025-11-29;13;986
7;2025-11-29;14;967
7;2025-11-29;15;955
7;2025-11-29;16;957
7;2025-11-29;17;939
7;2025-11-29;18;829
7;2025-11-29;19;746
7;2025-11-29;20;577
7;2025-11-29;21;436
7;2025-11-29;22;251
7;2025-11-29;23;175
7;2025-11-30;0;79
7;2025-11-30;1;18
7;2025-11-30;2;0
7;2025-11-30;3;0
7;2025-11-30;4;0
7;2025-11-30;5;24
7;2025-11-30;6;164
7;2025-11-30;7;226
7;2025-11-30;8;388
7;2025-11-30;9;515
7;2025-11-30;10;508
7;2025-11-30;11;703
7;2025-11-30;12;789
7;2025-11-30;13;815
7;2025-11-30;14;820
7;2025-11-30;15;833
7;2025-11-30;16;799
7;2025-11-30;17;792
7;2025-11-30;18;713
7;2025-11-30;19;570
7;2025-11-30;20;478
7;2025-11-30;21;361
7;2025-11-30;22;200
7;2025-11-30;23;125
7;2025-12-01;0;62
7;2025-12-01;1;11
7;2025-12-01;2;0
7;2025-12-01;3;0
7;2025-12-01;4;1
7;2025-12-01;5;203
7;2025-12-01;6;670
7;2025-12-01;7;1681
7;2025-12-01;8;2593
7;2025-12-01;9;1864
7;2025-12-01;10;1518
7;2025-12-01;11;1451
7;2025-12-01;12;1453
7;2025-12-01;13;1499
7;2025-12-01;14;1491
7;2025-12-01;15;1710
7;2025-12-01;16;1812
7;2025-12-01;17;2330
7;2025-12-01;18;2552
7;2025-12-01;19;1745
7;2025-12-01;20;999
7;2025-12-01;21;597
7;2025-12-01;22;285
7;2025-12-01;23;154
7;2025-12-02;0;58
7;2025-12-02;1;11
7;2025-12-02;2;0
7;2025-12-02;3;0
7;2025-12-02;4;1
7;2025-12-02;5;199
7;2025-12-02;6;666
7;2025-12-02;7;1662
7;2025-12-02;8;2530
7;2025-12-02;9;1887
7;2025-12-02;10;1599
7;2025-12-02;11;1529
7;2025-12-02;12;1586
7;2025-12-02;13;1578
7;2025-12-02;14;1627
7;2025-12-02;15;1742
7;2025-12-02;16;1872
7;2025-12-02;17;2366
7;2025-12-02;18;2555
7;2025-12-02;19;1753
7;2025-12-02;20;1006
7;2025-12-02;21;639
7;2025-12-02;22;317
7;2025-12-02;23;178
7;2025-12-03;0;58
7;2025-12-03;1;11
7;2025-12-03;2;0
7;2025-12-03;3;0
7;2025-12-03;4;1
7;2025-12-03;5;198
7;2025-12-03;6;663
7;2025-12-03;7;1659
7;2025-12-03;8;2530
7;2025-12-03;9;1888
7;2025-12-03;10;1600
7;2025-12-03;11;1534
7;2025-12-03;12;1592
7;2025-12-03;13;1578
7;2025-12-03;14;1631
7;2025-12-03;15;1747
7;2025-12-03;16;1877
7;2025-12-03;17;2370
7;2025-12-03;18;2558
7;2025-12-03;19;1754
7;2025-12-03;20;1007
7;2025-12-03;21;642
7;2025-12-03;22;323
7;2025-12-03;23;189
7;2025-12-04;0;60
7;2025-12-04;1;11
7;2025-12-04;2;0
7;2025-12-04;3;0
7;2025-12-04;4;1
7;2025-12-04;5;194
7;2025-12-04;6;660
7;2025-12-04;7;1655
7;2025-12-04;8;2525
7;2025-12-04;9;1885
7;2025-12-04;10;1598
7;2025-12-04;11;1534
7;2025-12-04;12;1593
7;2025-12-04;13;1579
7;2025-12-04;14;1628
7;2025-12-04;15;1750
7;2025-12-04;16;1874
7;2025-12-04;17;2367
7;2025-12-04;18;2559
7;2025-12-04;19;1756
7;2025-12-04;20;1010
7;2025-12-04;21;645
7;2025-12-04;22;326
7;2025-12-04;23;195
7;2025-12-05;0;67
7;2025-12-05;1;12
7;2025-12-05;2;0
7;2025-12-05;3;0
7;2025-12-05;4;1
7;2025-12-05;5;182
7;2025-12-05;6;643
7;2025-12-05;7;1601
7;2025-12-05;8;2402
7;2025-12-05;9;1827
7;2025-12-05;10;1599
7;2025-12-05;11;1551
7;2025-12-05;12;1612
7;2025-12-05;13;1659
7;2025-12-05;14;1674
7;2025-12-05;15;1870
7;2025-12-05;16;2033
7;2025-12-05;17;2273
7;2025-12-05;18;2096
7;2025-12-05;19;1608
7;2025-12-05;20;971
7;2025-12-05;21;611
7;2025-12-05;22;322
7;2025-12-05;23;221
7;2025-12-06;0;93
7;2025-12-06;1;21
7;2025-12-06;2;0
7;2025-12-06;3;0
7;2025-12-06;4;1
7;2025-12-06;5;65
7;2025-12-06;6;274
7;2025-12-06;7;463
7;2025-12-06;8;691
7;2025-12-06;9;828
7;2025-12-06;10;868
7;2025-12-06;11;1013
7;2025-12-06;12;1117
7;2025-12-06;13;1189
7;2025-12-06;14;1191
7;2025-12-06;15;1199
7;2025-12-06;16;1162
7;2025-12-06;17;1109
7;2025-12-06;18;1085
7;2025-12-06;19;982
7;2025-12-06;20;726
7;2025-12-06;21;587
7;2025-12-06;22;316
7;2025-12-06;23;219
7;2025-12-07;0;97
7;2025-12-07;1;13
7;2025-12-07;2;0
7;2025-12-07;3;0
7;2025-12-07;4;0
7;2025-12-07;5;34
7;2025-12-07;6;216
7;2025-12-07;7;337
7;2025-12-07;8;530
7;2025-12-07;9;666
7;2025-12-07;10;715
7;2025-12-07;11;968
7;2025-12-07;12;1021
7;2025-12-07;13;1087
7;2025-12-07;14;1108
7;2025-12-07;15;1113
7;2025-12-07;16;1059
7;2025-12-07;17;1041
7;2025-12-07;18;931
7;2025-12-07;19;827
7;2025-12-07;20;674
7;2025-12-07;21;508
7;2025-12-07;22;290
7;2025-12-07;23;176
7;2025-12-08;0;62
7;2025-12-08;1;11
7;2025-12-08;2;0
7;2025-12-08;3;0
7;2025-12-08;4;1
7;2025-12-08;5;205
7;2025-12-08;6;672
7;2025-12-08;7;1681
7;2025-12-08;8;2593
7;2025-12-08;9;1872
7;2025-12-08;10;1516
7;2025-12-08;11;1449
7;2025-12-08;12;1453
7;2025-12-08;13;1498
7;2025-12-08;14;1495
7;2025-12-08;15;1710
7;2025-12-08;16;1812
7;2025-12-08;17;2330
7;2025-12-08;18;2552
7;2025-12-08;19;1745
7;2025-12-08;20;998
7;2025-12-08;21;597
7;2025-12-08;22;284
7;2025-12-08;23;154
7;2025-12-09;0;58
7;2025-12-09;1;11
7;2025-12-09;2;0
7;2025-12-09;3;0
7;2025-12-09;4;1
7;2025-12-09;5;201
7;2025-12-09;6;668
7;2025-12-09;7;1663
7;2025-12-09;8;2532
7;2025-12-09;9;1889
7;2025-12-09;10;1601
7;2025-12-09;11;1529
7;2025-12-09;12;1588
7;2025-12-09;13;1580
7;2025-12-09;14;1628
7;2025-12-09;15;1743
7;2025-12-09;16;1871
7;2025-12-09;17;2365
7;2025-12-09;18;2555
7;2025-12-09;19;1754
7;2025-12-09;20;1007
7;2025-12-09;21;640
7;2025-12-09;22;326
7;2025-12-09;23;182
7;2025-12-10;0;59
7;2025-12-10;1;12
7;2025-12-10;2;0
7;2025-12-10;3;0
7;2025-12-10;4;1
7;2025-12-10;5;223
7;2025-12-10;6;688
7;2025-12-10;7;1699
7;2025-12-10;8;2527
7;2025-12-10;9;1915
7;2025-12-10;10;1626
7;2025-12-10;11;1545
7;2025-12-10;12;1596
7;2025-12-10;13;1581
7;2025-12-10;14;1632
7;2025-12-10;15;1748
7;2025-12-10;16;1876
7;2025-12-10;17;2369
7;2025-12-10;18;2557
7;2025-12-10;19;1755
7;2025-12-10;20;1008
7;2025-12-10;21;643
7;2025-12-10;22;324
7;2025-12-10;23;190
7;2025-12-11;0;60
7;2025-12-11;1;12
7;2025-12-11;2;0
7;2025-12-11;3;0
7;2025-12-11;4;1
7;2025-12-11;5;195
7;2025-12-11;6;661
7;2025-12-11;7;1655
7;2025-12-11;8;2451
7;2025-12-11;9;1881
7;2025-12-11;10;1603
7;2025-12-11;11;1531
7;2025-12-11;12;1590
7;2025-12-11;13;1577
7;2025-12-11;14;1633
7;2025-12-11;15;1750
7;2025-12-11;16;1864
7;2025-12-11;17;2331
7;2025-12-11;18;2496
7;2025-12-11;19;1767
7;2025-12-11;20;1023
7;2025-12-11;21;653
7;2025-12-11;22;334
7;2025-12-11;23;196
7;2025-12-12;0;67
7;2025-12-12;1;13
7;2025-12-12;2;0
7;2025-12-12;3;0
7;2025-12-12;4;2
7;2025-12-12;5;184
7;2025-12-12;6;632
7;2025-12-12;7;1603
7;2025-12-12;8;2397
7;2025-12-12;9;1832
7;2025-12-12;10;1597
7;2025-12-12;11;1551
7;2025-12-12;12;1587
7;2025-12-12;13;1602
7;2025-12-12;14;1631
7;2025-12-12;15;1792
7;2025-12-12;16;1955
7;2025-12-12;17;2237
7;2025-12-12;18;2096
7;2025-12-12;19;1614
7;2025-12-12;20;979
7;2025-12-12;21;619
7;2025-12-12;22;321
7;2025-12-12;23;223
7;2025-12-13;0;93
7;2025-12-13;1;19
7;2025-12-13;2;0
7;2025-12-13;3;0
7;2025-12-13;4;0
7;2025-12-13;5;65
7;2025-12-13;6;268
7;2025-12-13;7;445
7;2025-12-13;8;680
7;2025-12-13;9;810
7;2025-12-13;10;847
7;2025-12-13;11;996
7;2025-12-13;12;1072
7;2025-12-13;13;1141
7;2025-12-13;14;1161
7;2025-12-13;15;1172
7;2025-12-13;16;1140
7;2025-12-13;17;1092
7;2025-12-13;18;1084
7;2025-12-13;19;983
7;2025-12-13;20;702
7;2025-12-13;21;563
7;2025-12-13;22;322
7;2025-12-13;23;220
7;2025-12-14;0;96
7;2025-12-14;1;14
7;2025-12-14;2;0
7;2025-12-14;3;0
7;2025-12-14;4;1
7;2025-12-14;5;14
7;2025-12-14;6;176
7;2025-12-14;7;293
7;2025-12-14;8;466
7;2025-12-14;9;638
7;2025-12-14;10;681
7;2025-12-14;11;940
7;2025-12-14;12;995
7;2025-12-14;13;1058
7;2025-12-14;14;1092
7;2025-12-14;15;1095
7;2025-12-14;16;1059
7;2025-12-14;17;1040
7;2025-12-14;18;938
7;2025-12-14;19;828
7;2025-12-14;20;671
7;2025-12-14;21;505
7;2025-12-14;22;288
7;2025-12-14;23;173
7;2025-12-15;0;62
7;2025-12-15;1;11
7;2025-12-15;2;0
7;2025-12-15;3;0
7;2025-12-15;4;1
7;2025-12-15;5;167
7;2025-12-15;6;625
7;2025-12-15;7;1636
7;2025-12-15;8;2540
7;2025-12-15;9;1815
7;2025-12-15;10;1463
7;2025-12-15;11;1399
7;2025-12-15;12;1411
7;2025-12-15;13;1471
7;2025-12-15;14;1473
7;2025-12-15;15;1711
7;2025-12-15;16;1787
7;2025-12-15;17;2308
7;2025-12-15;18;2556
7;2025-12-15;19;1751
7;2025-12-15;20;998
7;2025-12-15;21;599
7;2025-12-15;22;286
7;2025-12-15;23;163
7;2025-12-16;0;58
7;2025-12-16;1;11
7;2025-12-16;2;0
7;2025-12-16;3;0
7;2025-12-16;4;1
7;2025-12-16;5;212
7;2025-12-16;6;664
7;2025-12-16;7;1659
7;2025-12-16;8;2523
7;2025-12-16;9;1879
7;2025-12-16;10;1615
7;2025-12-16;11;1544
7;2025-12-16;12;1603
7;2025-12-16;13;1536
7;2025-12-16;14;1624
7;2025-12-16;15;1742
7;2025-12-16;16;1872
7;2025-12-16;17;2366
7;2025-12-16;18;2556
7;2025-12-16;19;1751
7;2025-12-16;20;1004
7;2025-12-16;21;637
7;2025-12-16;22;316
7;2025-12-16;23;177
7;2025-12-17;0;59
7;2025-12-17;1;11
7;2025-12-17;2;0
7;2025-12-17;3;0
7;2025-12-17;4;1
7;2025-12-17;5;197
7;2025-12-17;6;663
7;2025-12-17;7;1658
7;2025-12-17;8;2530
7;2025-12-17;9;1888
7;2025-12-17;10;1600
7;2025-12-17;11;1534
7;2025-12-17;12;1592
7;2025-12-17;13;1578
7;2025-12-17;14;1631
7;2025-12-17;15;1747
7;2025-12-17;16;1877
7;2025-12-17;17;2370
7;2025-12-17;18;2558
7;2025-12-17;19;1754
7;2025-12-17;20;1007
7;2025-12-17;21;641
7;2025-12-17;22;323
7;2025-12-17;23;190
7;2025-12-18;0;60
7;2025-12-18;1;12
7;2025-12-18;2;0
7;2025-12-18;3;0
7;2025-12-18;4;1
7;2025-12-18;5;195
7;2025-12-18;6;660
7;2025-12-18;7;1656
7;2025-12-18;8;2522
7;2025-12-18;9;1884
7;2025-12-18;10;1601
7;2025-12-18;11;1536
7;2025-12-18;12;1595
7;2025-12-18;13;1580
7;2025-12-18;14;1633
7;2025-12-18;15;1749
7;2025-12-18;16;1877
7;2025-12-18;17;2370
7;2025-12-18;18;2558
7;2025-12-18;19;1754
7;2025-12-18;20;1008
7;2025-12-18;21;642
7;2025-12-18;22;325
7;2025-12-18;23;194
7;2025-12-19;0;67
7;2025-12-19;1;12
7;2025-12-19;2;0
7;2025-12-19;3;0
7;2025-12-19;4;1
7;2025-12-19;5;181
7;2025-12-19;6;643
7;2025-12-19;7;1600
7;2025-12-19;8;2401
7;2025-12-19;9;1828
7;2025-12-19;10;1602
7;2025-12-19;11;1554
7;2025-12-19;12;1617
7;2025-12-19;13;1662
7;2025-12-19;14;1680
7;2025-12-19;15;1862
7;2025-12-19;16;2023
7;2025-12-19;17;2261
7;2025-12-19;18;2098
7;2025-12-19;19;1608
7;2025-12-19;20;974
7;2025-12-19;21;613
7;2025-12-19;22;321
7;2025-12-19;23;221
7;2025-12-20;0;94
7;2025-12-20;1;21
7;2025-12-20;2;0
7;2025-12-20;3;0
7;2025-12-20;4;1
7;2025-12-20;5;68
7;2025-12-20;6;277
7;2025-12-20;7;465
7;2025-12-20;8;691
7;2025-12-20;9;831
7;2025-12-20;10;872
7;2025-12-20;11;1021
7;2025-12-20;12;1117
7;2025-12-20;13;1188
7;2025-12-20;14;1188
7;2025-12-20;15;1189
7;2025-12-20;16;1156
7;2025-12-20;17;1109
7;2025-12-20;18;1074
7;2025-12-20;19;983
7;2025-12-20;20;729
7;2025-12-20;21;584
7;2025-12-20;22;317
7;2025-12-20;23;217
7;2025-12-21;0;97
7;2025-12-21;1;14
7;2025-12-21;2;0
7;2025-12-21;3;0
7;2025-12-21;4;0
7;2025-12-21;5;34
7;2025-12-21;6;213
7;2025-12-21;7;327
7;2025-12-21;8;531
7;2025-12-21;9;664
7;2025-12-21;10;713
7;2025-12-21;11;968
7;2025-12-21;12;1021
7;2025-12-21;13;1084
7;2025-12-21;14;1104
7;2025-12-21;15;1108
7;2025-12-21;16;1059
7;2025-12-21;17;1040
7;2025-12-21;18;930
7;2025-12-21;19;827
7;2025-12-21;20;674
7;2025-12-21;21;508
7;2025-12-21;22;275
7;2025-12-21;23;176
7;2025-12-22;0;62
7;2025-12-22;1;10
7;2025-12-22;2;0
7;2025-12-22;3;0
7;2025-12-22;4;1
7;2025-12-22;5;203
7;2025-12-22;6;670
7;2025-12-22;7;1679
7;2025-12-22;8;2596
7;2025-12-22;9;1887
7;2025-12-22;10;1552
7;2025-12-22;11;1456
7;2025-12-22;12;1459
7;2025-12-22;13;1499
7;2025-12-22;14;1495
7;2025-12-22;15;1713
7;2025-12-22;16;1808
7;2025-12-22;17;2322
7;2025-12-22;18;2545
7;2025-12-22;19;1740
7;2025-12-22;20;995
7;2025-12-22;21;593
7;2025-12-22;22;285
7;2025-12-22;23;156
7;2025-12-23;0;58
7;2025-12-23;1;11
7;2025-12-23;2;0
7;2025-12-23;3;0
7;2025-12-23;4;1
7;2025-12-23;5;198
7;2025-12-23;6;668
7;2025-12-23;7;1664
7;2025-12-23;8;2528
7;2025-12-23;9;1889
7;2025-12-23;10;1588
7;2025-12-23;11;1521
7;2025-12-23;12;1581
7;2025-12-23;13;1560
7;2025-12-23;14;1606
7;2025-12-23;15;1720
7;2025-12-23;16;1848
7;2025-12-23;17;2350
7;2025-12-23;18;2541
7;2025-12-23;19;1752
7;2025-12-23;20;998
7;2025-12-23;21;632
7;2025-12-23;22;310
7;2025-12-23;23;171
7;2025-12-24;0;59
7;2025-12-24;1;11
7;2025-12-24;2;0
7;2025-12-24;3;0
7;2025-12-24;4;1
7;2025-12-24;5;202
7;2025-12-24;6;673
7;2025-12-24;7;1665
7;2025-12-24;8;2524
7;2025-12-24;9;1894
7;2025-12-24;10;1606
7;2025-12-24;11;1542
7;2025-12-24;12;1593
7;2025-12-24;13;1575
7;2025-12-24;14;1635
7;2025-12-24;15;1742
7;2025-12-24;16;1879
7;2025-12-24;17;2373
7;2025-12-24;18;2540
7;2025-12-24;19;1760
7;2025-12-24;20;1009
7;2025-12-24;21;641
7;2025-12-24;22;323
7;2025-12-24;23;188
7;2025-12-25;0;60
7;2025-12-25;1;11
7;2025-12-25;2;0
7;2025-12-25;3;0
7;2025-12-25;4;1
7;2025-12-25;5;202
7;2025-12-25;6;681
7;2025-12-25;7;1658
7;2025-12-25;8;2523
7;2025-12-25;9;1882
7;2025-12-25;10;1596
7;2025-12-25;11;1525
7;2025-12-25;12;1589
7;2025-12-25;13;1575
7;2025-12-25;14;1627
7;2025-12-25;15;1756
7;2025-12-25;16;1886
7;2025-12-25;17;2361
7;2025-12-25;18;2503
7;2025-12-25;19;1774
7;2025-12-25;20;1016
7;2025-12-25;21;657
7;2025-12-25;22;336
7;2025-12-25;23;190
7;2025-12-26;0;64
7;2025-12-26;1;11
7;2025-12-26;2;0
7;2025-12-26;3;0
7;2025-12-26;4;1
7;2025-12-26;5;169
7;2025-12-26;6;642
7;2025-12-26;7;1609
7;2025-12-26;8;2403
7;2025-12-26;9;1822
7;2025-12-26;10;1578
7;2025-12-26;11;1547
7;2025-12-26;12;1568
7;2025-12-26;13;1627
7;2025-12-26;14;1651
7;2025-12-26;15;1845
7;2025-12-26;16;2007
7;2025-12-26;17;2233
7;2025-12-26;18;2081
7;2025-12-26;19;1608
7;2025-12-26;20;973
7;2025-12-26;21;607
7;2025-12-26;22;316
7;2025-12-26;23;223
7;2025-12-27;0;94
7;2025-12-27;1;20
7;2025-12-27;2;0
7;2025-12-27;3;0
7;2025-12-27;4;1
7;2025-12-27;5;68
7;2025-12-27;6;277
7;2025-12-27;7;466
7;2025-12-27;8;692
7;2025-12-27;9;813
7;2025-12-27;10;870
7;2025-12-27;11;1021
7;2025-12-27;12;1108
7;2025-12-27;13;1180
7;2025-12-27;14;1186
7;2025-12-27;15;1168
7;2025-12-27;16;1136
7;2025-12-27;17;1101
7;2025-12-27;18;1076
7;2025-12-27;19;986
7;2025-12-27;20;730
7;2025-12-27;21;573
7;2025-12-27;22;303
7;2025-12-27;23;223
7;2025-12-28;0;95
7;2025-12-28;1;13
7;2025-12-28;2;0
7;2025-12-28;3;0
7;2025-12-28;4;0
7;2025-12-28;5;42
7;2025-12-28;6;222
7;2025-12-28;7;335
7;2025-12-28;8;544
7;2025-12-28;9;658
7;2025-12-28;10;679
7;2025-12-28;11;893
7;2025-12-28;12;913
7;2025-12-28;13;962
7;2025-12-28;14;991
7;2025-12-28;15;1005
7;2025-12-28;16;1051
7;2025-12-28;17;1030
7;2025-12-28;18;931
7;2025-12-28;19;820
7;2025-12-28;20;644
7;2025-12-28;21;485
7;2025-12-28;22;274
7;2025-12-28;23;174
7;2025-12-29;0;59
7;2025-12-29;1;10
7;2025-12-29;2;0
7;2025-12-29;3;0
7;2025-12-29;4;1
7;2025-12-29;5;192
7;2025-12-29;6;639
7;2025-12-29;7;1596
7;2025-12-29;8;2436
7;2025-12-29;9;1783
7;2025-12-29;10;1441
7;2025-12-29;11;1385
7;2025-12-29;12;1392
7;2025-12-29;13;1427
7;2025-12-29;14;1439
7;2025-12-29;15;1632
7;2025-12-29;16;1732
7;2025-12-29;17;2222
7;2025-12-29;18;2407
7;2025-12-29;19;1690
7;2025-12-29;20;955
7;2025-12-29;21;576
7;2025-12-29;22;273
7;2025-12-29;23;148
7;2025-12-30;0;56
7;2025-12-30;1;11
7;2025-12-30;2;0
7;2025-12-30;3;0
7;2025-12-30;4;1
7;2025-12-30;5;183
7;2025-12-30;6;629
7;2025-12-30;7;1596
7;2025-12-30;8;2363
7;2025-12-30;9;1798
7;2025-12-30;10;1512
7;2025-12-30;11;1443
7;2025-12-30;12;1487
7;2025-12-30;13;1467
7;2025-12-30;14;1539
7;2025-12-30;15;1653
7;2025-12-30;16;1775
7;2025-12-30;17;2225
7;2025-12-30;18;2417
7;2025-12-30;19;1678
7;2025-12-30;20;957
7;2025-12-30;21;607
7;2025-12-30;22;303
7;2025-12-30;23;167
7;2025-12-31;0;79
7;2025-12-31;1;14
7;2025-12-31;2;0
7;2025-12-31;3;0
7;2025-12-31;4;0
7;2025-12-31;5;11
7;2025-12-31;6;109
7;2025-12-31;7;184
7;2025-12-31;8;348
7;2025-12-31;9;437
7;2025-12-31;10;453
7;2025-12-31;11;606
7;2025-12-31;12;716
7;2025-12-31;13;693
7;2025-12-31;14;721
7;2025-12-31;15;748
7;2025-12-31;16;791
7;2025-12-31;17;776
7;2025-12-31;18;688
7;2025-12-31;19;619
7;2025-12-31;20;528
7;2025-12-31;21;364
7;2025-12-31;22;177
7;2025-12-31;23;83
11;2025-11-01;0;80
11;2025-11-01;1;1
11;2025-11-01;2;0
11;2025-11-01;3;0
11;2025-11-01;4;1
11;2025-11-01;5;265
11;2025-11-01;6;1267
11;2025-11-01;7;2215
11;2025-11-01;8;2906
11;2025-11-01;9;2214
11;2025-11-01;10;1842
11;2025-11-01;11;1785
11;2025-11-01;12;1878
11;2025-11-01;13;1932
11;2025-11-01;14;1996
11;2025-11-01;15;2126
11;2025-11-01;16;2296
11;2025-11-01;17;2651
11;2025-11-01;18;2421
11;2025-11-01;19;1960
11;2025-11-01;20;1362
11;2025-11-01;21;819
11;2025-11-01;22;406
11;2025-11-01;23;283
11;2025-11-02;0;102
11;2025-11-02;1;10
11;2025-11-02;2;0
11;2025-11-02;3;0
11;2025-11-02;4;2
11;2025-11-02;5;131
11;2025-11-02;6;465
11;2025-11-02;7;485
11;2025-11-02;8;647
11;2025-11-02;9;909
11;2025-11-02;10;1058
11;2025-11-02;11;1445
11;2025-11-02;12;1557
11;2025-11-02;13;1452
11;2025-11-02;14;1622
11;2025-11-02;15;1607
11;2025-11-02;16;1573
11;2025-11-02;17;1600
11;2025-11-02;18;1300
11;2025-11-02;19;1072
11;2025-11-02;20;885
11;2025-11-02;21;604
11;2025-11-02;22;361
11;2025-11-02;23;223
11;2025-11-03;0;86
11;2025-11-03;1;9
11;2025-11-03;2;0
11;2025-11-03;3;0
11;2025-11-03;4;1
11;2025-11-03;5;159
11;2025-11-03;6;523
11;2025-11-03;7;550
11;2025-11-03;8;685
11;2025-11-03;9;864
11;2025-11-03;10;996
11;2025-11-03;11;1275
11;2025-11-03;12;1298
11;2025-11-03;13;1266
11;2025-11-03;14;1323
11;2025-11-03;15;1352
11;2025-11-03;16;1465
11;2025-11-03;17;1526
11;2025-11-03;18;1317
11;2025-11-03;19;1156
11;2025-11-03;20;979
11;2025-11-03;21;687
11;2025-11-03;22;419
11;2025-11-03;23;278
11;2025-11-04;0;84
11;2025-11-04;1;8
11;2025-11-04;2;0
11;2025-11-04;3;0
11;2025-11-04;4;0
11;2025-11-04;5;156
11;2025-11-04;6;530
11;2025-11-04;7;557
11;2025-11-04;8;684
11;2025-11-04;9;850
11;2025-11-04;10;959
11;2025-11-04;11;1272
11;2025-11-04;12;1276
11;2025-11-04;13;1265
11;2025-11-04;14;1509
11;2025-11-04;15;1502
11;2025-11-04;16;1471
11;2025-11-04;17;1525
11;2025-11-04;18;1321
11;2025-11-04;19;1156
11;2025-11-04;20;972
11;2025-11-04;21;684
11;2025-11-04;22;411
11;2025-11-04;23;273
11;2025-11-05;0;60
11;2025-11-05;1;0
11;2025-11-05;2;0
11;2025-11-05;3;0
11;2025-11-05;4;0
11;2025-11-05;5;280
11;2025-11-05;6;1335
11;2025-11-05;7;2404
11;2025-11-05;8;3191
11;2025-11-05;9;2437
11;2025-11-05;10;1975
11;2025-11-05;11;1939
11;2025-11-05;12;1958
11;2025-11-05;13;2029
11;2025-11-05;14;2060
11;2025-11-05;15;2088
11;2025-11-05;16;2271
11;2025-11-05;17;2853
11;2025-11-05;18;3106
11;2025-11-05;19;2288
11;2025-11-05;20;1492
11;2025-11-05;21;860
11;2025-11-05;22;432
11;2025-11-05;23;238
11;2025-11-06;0;62
11;2025-11-06;1;0
11;2025-11-06;2;0
11;2025-11-06;3;0
11;2025-11-06;4;0
11;2025-11-06;5;280
11;2025-11-06;6;1337
11;2025-11-06;7;2400
11;2025-11-06;8;3194
11;2025-11-06;9;2437
11;2025-11-06;10;1983
11;2025-11-06;11;1907
11;2025-11-06;12;1969
11;2025-11-06;13;2044
11;2025-11-06;14;2073
11;2025-11-06;15;2081
11;2025-11-06;16;2275
11;2025-11-06;17;2866
11;2025-11-06;18;3111
11;2025-11-06;19;2283
11;2025-11-06;20;1493
11;2025-11-06;21;867
11;2025-11-06;22;438
11;2025-11-06;23;253
11;2025-11-07;0;67
11;2025-11-07;1;1
11;2025-11-07;2;0
11;2025-11-07;3;0
11;2025-11-07;4;0
11;2025-11-07;5;274
11;2025-11-07;6;1331
11;2025-11-07;7;2319
11;2025-11-07;8;3046
11;2025-11-07;9;2280
11;2025-11-07;10;1907
11;2025-11-07;11;1856
11;2025-11-07;12;1955
11;2025-11-07;13;2010
11;2025-11-07;14;2084
11;2025-11-07;15;2216
11;2025-11-07;16;2395
11;2025-11-07;17;2772
11;2025-11-07;18;2535
11;2025-11-07;19;2035
11;2025-11-07;20;1415
11;2025-11-07;21;852
11;2025-11-07;22;422
11;2025-11-07;23;300
11;2025-11-08;0;102
11;2025-11-08;1;2
11;2025-11-08;2;0
11;2025-11-08;3;0
11;2025-11-08;4;0
11;2025-11-08;5;184
11;2025-11-08;6;755
11;2025-11-08;7;792
11;2025-11-08;8;1009
11;2025-11-08;9;1136
11;2025-11-08;10;1307
11;2025-11-08;11;1629
11;2025-11-08;12;1785
11;2025-11-08;13;1773
11;2025-11-08;14;1854
11;2025-11-08;15;1848
11;2025-11-08;16;1808
11;2025-11-08;17;1824
11;2025-11-08;18;1573
11;2025-11-08;19;1470
11;2025-11-08;20;1050
11;2025-11-08;21;736
11;2025-11-08;22;424
11;2025-11-08;23;289
11;2025-11-09;0;104
11;2025-11-09;1;11
11;2025-11-09;2;0
11;2025-11-09;3;0
11;2025-11-09;4;0
11;2025-11-09;5;148
11;2025-11-09;6;496
11;2025-11-09;7;516
11;2025-11-09;8;681
11;2025-11-09;9;918
11;2025-11-09;10;1059
11;2025-11-09;11;1445
11;2025-11-09;12;1569
11;2025-11-09;13;1557
11;2025-11-09;14;1595
11;2025-11-09;15;1590
11;2025-11-09;16;1563
11;2025-11-09;17;1611
11;2025-11-09;18;1321
11;2025-11-09;19;1080
11;2025-11-09;20;892
11;2025-11-09;21;608
11;2025-11-09;22;361
11;2025-11-09;23;224
11;2025-11-10;0;69
11;2025-11-10;1;7
11;2025-11-10;2;0
11;2025-11-10;3;0
11;2025-11-10;4;2
11;2025-11-10;5;277
11;2025-11-10;6;1345
11;2025-11-10;7;2372
11;2025-11-10;8;3121
11;2025-11-10;9;2383
11;2025-11-10;10;1840
11;2025-11-10;11;1816
11;2025-11-10;12;1791
11;2025-11-10;13;1897
11;2025-11-10;14;1942
11;2025-11-10;15;2087
11;2025-11-10;16;2244
11;2025-11-10;17;2821
11;2025-11-10;18;3057
11;2025-11-10;19;2237
11;2025-11-10;20;1372
11;2025-11-10;21;809
11;2025-11-10;22;378
11;2025-11-10;23;204
11;2025-11-11;0;60
11;2025-11-11;1;1
11;2025-11-11;2;0
11;2025-11-11;3;0
11;2025-11-11;4;1
11;2025-11-11;5;281
11;2025-11-11;6;1336
11;2025-11-11;7;2416
11;2025-11-11;8;3208
11;2025-11-11;9;2439
11;2025-11-11;10;1963
11;2025-11-11;11;1928
11;2025-11-11;12;1946
11;2025-11-11;13;2023
11;2025-11-11;14;2050
11;2025-11-11;15;2084
11;2025-11-11;16;2267
11;2025-11-11;17;2852
11;2025-11-11;18;3123
11;2025-11-11;19;2283
11;2025-11-11;20;1485
11;2025-11-11;21;854
11;2025-11-11;22;425
11;2025-11-11;23;225
11;2025-11-12;0;60
11;2025-11-12;1;1
11;2025-11-12;2;0
11;2025-11-12;3;0
11;2025-11-12;4;1
11;2025-11-12;5;280
11;2025-11-12;6;1336
11;2025-11-12;7;2414
11;2025-11-12;8;3194
11;2025-11-12;9;2436
11;2025-11-12;10;1954
11;2025-11-12;11;1899
11;2025-11-12;12;1926
11;2025-11-12;13;1994
11;2025-11-12;14;2039
11;2025-11-12;15;2068
11;2025-11-12;16;2269
11;2025-11-12;17;2855
11;2025-11-12;18;3085
11;2025-11-12;19;2281
11;2025-11-12;20;1486
11;2025-11-12;21;857
11;2025-11-12;22;432
11;2025-11-12;23;236
11;2025-11-13;0;62
11;2025-11-13;1;1
11;2025-11-13;2;0
11;2025-11-13;3;0
11;2025-11-13;4;1
11;2025-11-13;5;281
11;2025-11-13;6;1344
11;2025-11-13;7;2414
11;2025-11-13;8;3196
11;2025-11-13;9;2441
11;2025-11-13;10;1979
11;2025-11-13;11;1939
11;2025-11-13;12;1965
11;2025-11-13;13;2038
11;2025-11-13;14;2063
11;2025-11-13;15;2096
11;2025-11-13;16;2279
11;2025-11-13;17;2855
11;2025-11-13;18;3105
11;2025-11-13;19;2283
11;2025-11-13;20;1492
11;2025-11-13;21;864
11;2025-11-13;22;436
11;2025-11-13;23;250
11;2025-11-14;0;67
11;2025-11-14;1;1
11;2025-11-14;2;0
11;2025-11-14;3;0
11;2025-11-14;4;2
11;2025-11-14;5;273
11;2025-11-14;6;1318
11;2025-11-14;7;2317
11;2025-11-14;8;3037
11;2025-11-14;9;2303
11;2025-11-14;10;1921
11;2025-11-14;11;1859
11;2025-11-14;12;1957
11;2025-11-14;13;2010
11;2025-11-14;14;2082
11;2025-11-14;15;2213
11;2025-11-14;16;2392
11;2025-11-14;17;2768
11;2025-11-14;18;2522
11;2025-11-14;19;2034
11;2025-11-14;20;1397
11;2025-11-14;21;829
11;2025-11-14;22;401
11;2025-11-14;23;285
11;2025-11-15;0;100
11;2025-11-15;1;3
11;2025-11-15;2;0
11;2025-11-15;3;0
11;2025-11-15;4;4
11;2025-11-15;5;177
11;2025-11-15;6;720
11;2025-11-15;7;766
11;2025-11-15;8;925
11;2025-11-15;9;937
11;2025-11-15;10;1010
11;2025-11-15;11;1182
11;2025-11-15;12;1378
11;2025-11-15;13;1619
11;2025-11-15;14;1848
11;2025-11-15;15;1827
11;2025-11-15;16;1790
11;2025-11-15;17;1810
11;2025-11-15;18;1534
11;2025-11-15;19;1445
11;2025-11-15;20;1029
11;2025-11-15;21;719
11;2025-11-15;22;417
11;2025-11-15;23;277
11;2025-11-16;0;100
11;2025-11-16;1;10
11;2025-11-16;2;0
11;2025-11-16;3;0
11;2025-11-16;4;2
11;2025-11-16;5;89
11;2025-11-16;6;436
11;2025-11-16;7;450
11;2025-11-16;8;578
11;2025-11-16;9;844
11;2025-11-16;10;987
11;2025-11-16;11;1400
11;2025-11-16;12;1508
11;2025-11-16;13;1506
11;2025-11-16;14;1558
11;2025-11-16;15;1536
11;2025-11-16;16;1518
11;2025-11-16;17;1563
11;2025-11-16;18;1256
11;2025-11-16;19;1030
11;2025-11-16;20;845
11;2025-11-16;21;570
11;2025-11-16;22;346
11;2025-11-16;23;219
11;2025-11-17;0;70
11;2025-11-17;1;7
11;2025-11-17;2;0
11;2025-11-17;3;0
11;2025-11-17;4;4
11;2025-11-17;5;296
11;2025-11-17;6;1362
11;2025-11-17;7;2372
11;2025-11-17;8;3123
11;2025-11-17;9;2383
11;2025-11-17;10;1828
11;2025-11-17;11;1796
11;2025-11-17;12;1771
11;2025-11-17;13;1820
11;2025-11-17;14;1893
11;2025-11-17;15;2046
11;2025-11-17;16;2224
11;2025-11-17;17;2797
11;2025-11-17;18;3060
11;2025-11-17;19;2238
11;2025-11-17;20;1373
11;2025-11-17;21;800
11;2025-11-17;22;378
11;2025-11-17;23;204
11;2025-11-18;0;60
11;2025-11-18;1;0
11;2025-11-18;2;0
11;2025-11-18;3;0
11;2025-11-18;4;0
11;2025-11-18;5;263
11;2025-11-18;6;1341
11;2025-11-18;7;2412
11;2025-11-18;8;3167
11;2025-11-18;9;2402
11;2025-11-18;10;1913
11;2025-11-18;11;1893
11;2025-11-18;12;1917
11;2025-11-18;13;1963
11;2025-11-18;14;2001
11;2025-11-18;15;2048
11;2025-11-18;16;2265
11;2025-11-18;17;2852
11;2025-11-18;18;3089
11;2025-11-18;19;2289
11;2025-11-18;20;1485
11;2025-11-18;21;857
11;2025-11-18;22;428
11;2025-11-18;23;221
11;2025-11-19;0;61
11;2025-11-19;1;1
11;2025-11-19;2;0
11;2025-11-19;3;0
11;2025-11-19;4;3
11;2025-11-19;5;282
11;2025-11-19;6;1338
11;2025-11-19;7;2420
11;2025-11-19;8;3201
11;2025-11-19;9;2447
11;2025-11-19;10;1971
11;2025-11-19;11;1931
11;2025-11-19;12;1945
11;2025-11-19;13;2024
11;2025-11-19;14;2049
11;2025-11-19;15;2082
11;2025-11-19;16;2267
11;2025-11-19;17;2853
11;2025-11-19;18;3119
11;2025-11-19;19;2286
11;2025-11-19;20;1491
11;2025-11-19;21;861
11;2025-11-19;22;432
11;2025-11-19;23;230
11;2025-11-20;0;62
11;2025-11-20;1;1
11;2025-11-20;2;0
11;2025-11-20;3;0
11;2025-11-20;4;3
11;2025-11-20;5;283
11;2025-11-20;6;1338
11;2025-11-20;7;2416
11;2025-11-20;8;3195
11;2025-11-20;9;2445
11;2025-11-20;10;1974
11;2025-11-20;11;1934
11;2025-11-20;12;1955
11;2025-11-20;13;2032
11;2025-11-20;14;2058
11;2025-11-20;15;2091
11;2025-11-20;16;2273
11;2025-11-20;17;2852
11;2025-11-20;18;3110
11;2025-11-20;19;2267
11;2025-11-20;20;1481
11;2025-11-20;21;854
11;2025-11-20;22;429
11;2025-11-20;23;238
11;2025-11-21;0;67
11;2025-11-21;1;1
11;2025-11-21;2;0
11;2025-11-21;3;0
11;2025-11-21;4;3
11;2025-11-21;5;283
11;2025-11-21;6;1325
11;2025-11-21;7;2304
11;2025-11-21;8;3034
11;2025-11-21;9;2299
11;2025-11-21;10;1913
11;2025-11-21;11;1850
11;2025-11-21;12;1908
11;2025-11-21;13;1993
11;2025-11-21;14;2057
11;2025-11-21;15;2191
11;2025-11-21;16;2387
11;2025-11-21;17;2768
11;2025-11-21;18;2520
11;2025-11-21;19;2034
11;2025-11-21;20;1414
11;2025-11-21;21;852
11;2025-11-21;22;423
11;2025-11-21;23;293
11;2025-11-22;0;102
11;2025-11-22;1;3
11;2025-11-22;2;0
11;2025-11-22;3;0
11;2025-11-22;4;3
11;2025-11-22;5;178
11;2025-11-22;6;721
11;2025-11-22;7;761
11;2025-11-22;8;994
11;2025-11-22;9;1023
11;2025-11-22;10;1312
11;2025-11-22;11;1616
11;2025-11-22;12;1781
11;2025-11-22;13;1775
11;2025-11-22;14;1848
11;2025-11-22;15;1835
11;2025-11-22;16;1795
11;2025-11-22;17;1815
11;2025-11-22;18;1544
11;2025-11-22;19;1447
11;2025-11-22;20;1041
11;2025-11-22;21;695
11;2025-11-22;22;408
11;2025-11-22;23;281
11;2025-11-23;0;100
11;2025-11-23;1;9
11;2025-11-23;2;0
11;2025-11-23;3;0
11;2025-11-23;4;2
11;2025-11-23;5;112
11;2025-11-23;6;444
11;2025-11-23;7;463
11;2025-11-23;8;633
11;2025-11-23;9;882
11;2025-11-23;10;1026
11;2025-11-23;11;1421
11;2025-11-23;12;1549
11;2025-11-23;13;1546
11;2025-11-23;14;1592
11;2025-11-23;15;1573
11;2025-11-23;16;1550
11;2025-11-23;17;1589
11;2025-11-23;18;1262
11;2025-11-23;19;1036
11;2025-11-23;20;862
11;2025-11-23;21;576
11;2025-11-23;22;353
11;2025-11-23;23;220
11;2025-11-24;0;70
11;2025-11-24;1;7
11;2025-11-24;2;0
11;2025-11-24;3;0
11;2025-11-24;4;3
11;2025-11-24;5;276
11;2025-11-24;6;1355
11;2025-11-24;7;2385
11;2025-11-24;8;3107
11;2025-11-24;9;2372
11;2025-11-24;10;1790
11;2025-11-24;11;1760
11;2025-11-24;12;1770
11;2025-11-24;13;1882
11;2025-11-24;14;1910
11;2025-11-24;15;2046
11;2025-11-24;16;2244
11;2025-11-24;17;2822
11;2025-11-24;18;3060
11;2025-11-24;19;2239
11;2025-11-24;20;1376
11;2025-11-24;21;812
11;2025-11-24;22;382
11;2025-11-24;23;201
11;2025-11-25;0;60
11;2025-11-25;1;1
11;2025-11-25;2;0
11;2025-11-25;3;0
11;2025-11-25;4;3
11;2025-11-25;5;286
11;2025-11-25;6;1344
11;2025-11-25;7;2426
11;2025-11-25;8;3211
11;2025-11-25;9;2450
11;2025-11-25;10;1967
11;2025-11-25;11;1924
11;2025-11-25;12;1936
11;2025-11-25;13;2019
11;2025-11-25;14;2042
11;2025-11-25;15;2078
11;2025-11-25;16;2263
11;2025-11-25;17;2858
11;2025-11-25;18;3129
11;2025-11-25;19;2289
11;2025-11-25;20;1491
11;2025-11-25;21;858
11;2025-11-25;22;430
11;2025-11-25;23;223
11;2025-11-26;0;61
11;2025-11-26;1;1
11;2025-11-26;2;0
11;2025-11-26;3;0
11;2025-11-26;4;3
11;2025-11-26;5;290
11;2025-11-26;6;1354
11;2025-11-26;7;2426
11;2025-11-26;8;3173
11;2025-11-26;9;2436
11;2025-11-26;10;1946
11;2025-11-26;11;1910
11;2025-11-26;12;1925
11;2025-11-26;13;2007
11;2025-11-26;14;2030
11;2025-11-26;15;2061
11;2025-11-26;16;2226
11;2025-11-26;17;2795
11;2025-11-26;18;3083
11;2025-11-26;19;2277
11;2025-11-26;20;1485
11;2025-11-26;21;856
11;2025-11-26;22;433
11;2025-11-26;23;234
11;2025-11-27;0;62
11;2025-11-27;1;1
11;2025-11-27;2;0
11;2025-11-27;3;0
11;2025-11-27;4;1
11;2025-11-27;5;281
11;2025-11-27;6;1336
11;2025-11-27;7;2414
11;2025-11-27;8;3192
11;2025-11-27;9;2441
11;2025-11-27;10;1978
11;2025-11-27;11;1903
11;2025-11-27;12;1921
11;2025-11-27;13;2000
11;2025-11-27;14;2008
11;2025-11-27;15;2097
11;2025-11-27;16;2280
11;2025-11-27;17;2797
11;2025-11-27;18;3011
11;2025-11-27;19;2261
11;2025-11-27;20;1482
11;2025-11-27;21;852
11;2025-11-27;22;431
11;2025-11-27;23;240
11;2025-11-28;0;65
11;2025-11-28;1;1
11;2025-11-28;2;0
11;2025-11-28;3;0
11;2025-11-28;4;0
11;2025-11-28;5;271
11;2025-11-28;6;1320
11;2025-11-28;7;2317
11;2025-11-28;8;3031
11;2025-11-28;9;2298
11;2025-11-28;10;1904
11;2025-11-28;11;1840
11;2025-11-28;12;1930
11;2025-11-28;13;1993
11;2025-11-28;14;2062
11;2025-11-28;15;2203
11;2025-11-28;16;2387
11;2025-11-28;17;2761
11;2025-11-28;18;2514
11;2025-11-28;19;2028
11;2025-11-28;20;1410
11;2025-11-28;21;848
11;2025-11-28;22;422
11;2025-11-28;23;292
11;2025-11-29;0;102
11;2025-11-29;1;3
11;2025-11-29;2;0
11;2025-11-29;3;0
11;2025-11-29;4;4
11;2025-11-29;5;178
11;2025-11-29;6;741
11;2025-11-29;7;783
11;2025-11-29;8;997
11;2025-11-29;9;1137
11;2025-11-29;10;1314
11;2025-11-29;11;1617
11;2025-11-29;12;1781
11;2025-11-29;13;1769
11;2025-11-29;14;1845
11;2025-11-29;15;1828
11;2025-11-29;16;1789
11;2025-11-29;17;1809
11;2025-11-29;18;1534
11;2025-11-29;19;1450
11;2025-11-29;20;1043
11;2025-11-29;21;727
11;2025-11-29;22;428
11;2025-11-29;23;286
11;2025-11-30;0;102
11;2025-11-30;1;11
11;2025-11-30;2;0
11;2025-11-30;3;0
11;2025-11-30;4;2
11;2025-11-30;5;122
11;2025-11-30;6;445
11;2025-11-30;7;468
11;2025-11-30;8;635
11;2025-11-30;9;883
11;2025-11-30;10;1026
11;2025-11-30;11;1421
11;2025-11-30;12;1547
11;2025-11-30;13;1547
11;2025-11-30;14;1602
11;2025-11-30;15;1594
11;2025-11-30;16;1569
11;2025-11-30;17;1617
11;2025-11-30;18;1311
11;2025-11-30;19;1070
11;2025-11-30;20;882
11;2025-11-30;21;608
11;2025-11-30;22;359
11;2025-11-30;23;224
11;2025-12-01;0;70
11;2025-12-01;1;7
11;2025-12-01;2;0
11;2025-12-01;3;0
11;2025-12-01;4;2
11;2025-12-01;5;281
11;2025-12-01;6;1357
11;2025-12-01;7;2392
11;2025-12-01;8;3137
11;2025-12-01;9;2390
11;2025-12-01;10;1838
11;2025-12-01;11;1816
11;2025-12-01;12;1796
11;2025-12-01;13;1898
11;2025-12-01;14;1938
11;2025-12-01;15;2075
11;2025-12-01;16;2232
11;2025-12-01;17;2817
11;2025-12-01;18;3057
11;2025-12-01;19;2240
11;2025-12-01;20;1375
11;2025-12-01;21;814
11;2025-12-01;22;384
11;2025-12-01;23;204
11;2025-12-02;0;60
11;2025-12-02;1;1
11;2025-12-02;2;0
11;2025-12-02;3;0
11;2025-12-02;4;3
11;2025-12-02;5;284
11;2025-12-02;6;1340
11;2025-12-02;7;2422
11;2025-12-02;8;3207
11;2025-12-02;9;2444
11;2025-12-02;10;1965
11;2025-12-02;11;1920
11;2025-12-02;12;1934
11;2025-12-02;13;2022
11;2025-12-02;14;2047
11;2025-12-02;15;2075
11;2025-12-02;16;2260
11;2025-12-02;17;2855
11;2025-12-02;18;3126
11;2025-12-02;19;2287
11;2025-12-02;20;1489
11;2025-12-02;21;859
11;2025-12-02;22;429
11;2025-12-02;23;222
11;2025-12-03;0;61
11;2025-12-03;1;1
11;2025-12-03;2;0
11;2025-12-03;3;0
11;2025-12-03;4;3
11;2025-12-03;5;282
11;2025-12-03;6;1337
11;2025-12-03;7;2417
11;2025-12-03;8;3198
11;2025-12-03;9;2441
11;2025-12-03;10;1967
11;2025-12-03;11;1927
11;2025-12-03;12;1942
11;2025-12-03;13;2022
11;2025-12-03;14;2047
11;2025-12-03;15;2080
11;2025-12-03;16;2265
11;2025-12-03;17;2853
11;2025-12-03;18;3119
11;2025-12-03;19;2282
11;2025-12-03;20;1488
11;2025-12-03;21;859
11;2025-12-03;22;435
11;2025-12-03;23;236
11;2025-12-04;0;62
11;2025-12-04;1;1
11;2025-12-04;2;0
11;2025-12-04;3;0
11;2025-12-04;4;3
11;2025-12-04;5;280
11;2025-12-04;6;1333
11;2025-12-04;7;2411
11;2025-12-04;8;3191
11;2025-12-04;9;2438
11;2025-12-04;10;1969
11;2025-12-04;11;1930
11;2025-12-04;12;1952
11;2025-12-04;13;2034
11;2025-12-04;14;2054
11;2025-12-04;15;2092
11;2025-12-04;16;2272
11;2025-12-04;17;2851
11;2025-12-04;18;3119
11;2025-12-04;19;2278
11;2025-12-04;20;1489
11;2025-12-04;21;864
11;2025-12-04;22;439
11;2025-12-04;23;247
11;2025-12-05;0;67
11;2025-12-05;1;2
11;2025-12-05;2;0
11;2025-12-05;3;0
11;2025-12-05;4;3
11;2025-12-05;5;273
11;2025-12-05;6;1317
11;2025-12-05;7;2310
11;2025-12-05;8;3031
11;2025-12-05;9;2297
11;2025-12-05;10;1908
11;2025-12-05;11;1845
11;2025-12-05;12;1937
11;2025-12-05;13;1993
11;2025-12-05;14;2050
11;2025-12-05;15;2191
11;2025-12-05;16;2386
11;2025-12-05;17;2764
11;2025-12-05;18;2511
11;2025-12-05;19;2026
11;2025-12-05;20;1409
11;2025-12-05;21;847
11;2025-12-05;22;422
11;2025-12-05;23;293
11;2025-12-06;0;104
11;2025-12-06;1;3
11;2025-12-06;2;0
11;2025-12-06;3;0
11;2025-12-06;4;3
11;2025-12-06;5;184
11;2025-12-06;6;759
11;2025-12-06;7;803
11;2025-12-06;8;1020
11;2025-12-06;9;1163
11;2025-12-06;10;1343
11;2025-12-06;11;1648
11;2025-12-06;12;1825
11;2025-12-06;13;1818
11;2025-12-06;14;1892
11;2025-12-06;15;1882
11;2025-12-06;16;1841
11;2025-12-06;17;1856
11;2025-12-06;18;1587
11;2025-12-06;19;1474
11;2025-12-06;20;1058
11;2025-12-06;21;746
11;2025-12-06;22;433
11;2025-12-06;23;294
11;2025-12-07;0;104
11;2025-12-07;1;10
11;2025-12-07;2;0
11;2025-12-07;3;0
11;2025-12-07;4;2
11;2025-12-07;5;127
11;2025-12-07;6;456
11;2025-12-07;7;477
11;2025-12-07;8;647
11;2025-12-07;9;904
11;2025-12-07;10;1053
11;2025-12-07;11;1457
11;2025-12-07;12;1586
11;2025-12-07;13;1588
11;2025-12-07;14;1634
11;2025-12-07;15;1618
11;2025-12-07;16;1591
11;2025-12-07;17;1638
11;2025-12-07;18;1309
11;2025-12-07;19;1083
11;2025-12-07;20;890
11;2025-12-07;21;596
11;2025-12-07;22;366
11;2025-12-07;23;228
11;2025-12-08;0;70
11;2025-12-08;1;7
11;2025-12-08;2;0
11;2025-12-08;3;0
11;2025-12-08;4;4
11;2025-12-08;5;284
11;2025-12-08;6;1359
11;2025-12-08;7;2392
11;2025-12-08;8;3137
11;2025-12-08;9;2398
11;2025-12-08;10;1838
11;2025-12-08;11;1816
11;2025-12-08;12;1796
11;2025-12-08;13;1893
11;2025-12-08;14;1932
11;2025-12-08;15;2075
11;2025-12-08;16;2232
11;2025-12-08;17;2817
11;2025-12-08;18;3057
11;2025-12-08;19;2240
11;2025-12-08;20;1376
11;2025-12-08;21;815
11;2025-12-08;22;385
11;2025-12-08;23;204
11;2025-12-09;0;60
11;2025-12-09;1;1
11;2025-12-09;2;0
11;2025-12-09;3;0
11;2025-12-09;4;3
11;2025-12-09;5;286
11;2025-12-09;6;1342
11;2025-12-09;7;2423
11;2025-12-09;8;3210
11;2025-12-09;9;2450
11;2025-12-09;10;1965
11;2025-12-09;11;1920
11;2025-12-09;12;1934
11;2025-12-09;13;2017
11;2025-12-09;14;2040
11;2025-12-09;15;2071
11;2025-12-09;16;2255
11;2025-12-09;17;2852
11;2025-12-09;18;3123
11;2025-12-09;19;2288
11;2025-12-09;20;1490
11;2025-12-09;21;860
11;2025-12-09;22;432
11;2025-12-09;23;225
11;2025-12-10;0;61
11;2025-12-10;1;1
11;2025-12-10;2;0
11;2025-12-10;3;0
11;2025-12-10;4;3
11;2025-12-10;5;300
11;2025-12-10;6;1365
11;2025-12-10;7;2429
11;2025-12-10;8;3184
11;2025-12-10;9;2447
11;2025-12-10;10;1960
11;2025-12-10;11;1913
11;2025-12-10;12;1940
11;2025-12-10;13;2018
11;2025-12-10;14;2045
11;2025-12-10;15;2078
11;2025-12-10;16;2262
11;2025-12-10;17;2850
11;2025-12-10;18;3116
11;2025-12-10;19;2283
11;2025-12-10;20;1489
11;2025-12-10;21;860
11;2025-12-10;22;436
11;2025-12-10;23;237
11;2025-12-11;0;62
11;2025-12-11;1;1
11;2025-12-11;2;0
11;2025-12-11;3;0
11;2025-12-11;4;3
11;2025-12-11;5;281
11;2025-12-11;6;1334
11;2025-12-11;7;2411
11;2025-12-11;8;3103
11;2025-12-11;9;2402
11;2025-12-11;10;1947
11;2025-12-11;11;1905
11;2025-12-11;12;1926
11;2025-12-11;13;2013
11;2025-12-11;14;2056
11;2025-12-11;15;2071
11;2025-12-11;16;2247
11;2025-12-11;17;2787
11;2025-12-11;18;3015
11;2025-12-11;19;2259
11;2025-12-11;20;1480
11;2025-12-11;21;852
11;2025-12-11;22;432
11;2025-12-11;23;246
11;2025-12-12;0;67
11;2025-12-12;1;2
11;2025-12-12;2;0
11;2025-12-12;3;0
11;2025-12-12;4;2
11;2025-12-12;5;273
11;2025-12-12;6;1321
11;2025-12-12;7;2310
11;2025-12-12;8;3036
11;2025-12-12;9;2300
11;2025-12-12;10;1888
11;2025-12-12;11;1844
11;2025-12-12;12;1886
11;2025-12-12;13;1898
11;2025-12-12;14;1962
11;2025-12-12;15;2044
11;2025-12-12;16;2231
11;2025-12-12;17;2691
11;2025-12-12;18;2518
11;2025-12-12;19;2018
11;2025-12-12;20;1419
11;2025-12-12;21;860
11;2025-12-12;22;418
11;2025-12-12;23;295
11;2025-12-13;0;104
11;2025-12-13;1;3
11;2025-12-13;2;0
11;2025-12-13;3;0
11;2025-12-13;4;3
11;2025-12-13;5;169
11;2025-12-13;6;742
11;2025-12-13;7;768
11;2025-12-13;8;1007
11;2025-12-13;9;1130
11;2025-12-13;10;1302
11;2025-12-13;11;1610
11;2025-12-13;12;1759
11;2025-12-13;13;1763
11;2025-12-13;14;1848
11;2025-12-13;15;1843
11;2025-12-13;16;1805
11;2025-12-13;17;1821
11;2025-12-13;18;1565
11;2025-12-13;19;1457
11;2025-12-13;20;1013
11;2025-12-13;21;700
11;2025-12-13;22;431
11;2025-12-13;23;285
11;2025-12-14;0;103
11;2025-12-14;1;11
11;2025-12-14;2;0
11;2025-12-14;3;0
11;2025-12-14;4;2
11;2025-12-14;5;91
11;2025-12-14;6;411
11;2025-12-14;7;426
11;2025-12-14;8;580
11;2025-12-14;9;856
11;2025-12-14;10;1001
11;2025-12-14;11;1410
11;2025-12-14;12;1541
11;2025-12-14;13;1554
11;2025-12-14;14;1605
11;2025-12-14;15;1585
11;2025-12-14;16;1575
11;2025-12-14;17;1621
11;2025-12-14;18;1306
11;2025-12-14;19;1074
11;2025-12-14;20;876
11;2025-12-14;21;595
11;2025-12-14;22;360
11;2025-12-14;23;229
11;2025-12-15;0;70
11;2025-12-15;1;7
11;2025-12-15;2;0
11;2025-12-15;3;0
11;2025-12-15;4;5
11;2025-12-15;5;295
11;2025-12-15;6;1359
11;2025-12-15;7;2384
11;2025-12-15;8;3130
11;2025-12-15;9;2398
11;2025-12-15;10;1857
11;2025-12-15;11;1793
11;2025-12-15;12;1817
11;2025-12-15;13;1912
11;2025-12-15;14;1954
11;2025-12-15;15;2110
11;2025-12-15;16;2258
11;2025-12-15;17;2837
11;2025-12-15;18;3074
11;2025-12-15;19;2267
11;2025-12-15;20;1408
11;2025-12-15;21;844
11;2025-12-15;22;411
11;2025-12-15;23;228
11;2025-12-16;0;60
11;2025-12-16;1;2
11;2025-12-16;2;0
11;2025-12-16;3;0
11;2025-12-16;4;4
11;2025-12-16;5;294
11;2025-12-16;6;1339
11;2025-12-16;7;2424
11;2025-12-16;8;3212
11;2025-12-16;9;2447
11;2025-12-16;10;1946
11;2025-12-16;11;1901
11;2025-12-16;12;1914
11;2025-12-16;13;1946
11;2025-12-16;14;2023
11;2025-12-16;15;2080
11;2025-12-16;16;2265
11;2025-12-16;17;2855
11;2025-12-16;18;3126
11;2025-12-16;19;2285
11;2025-12-16;20;1487
11;2025-12-16;21;856
11;2025-12-16;22;427
11;2025-12-16;23;221
11;2025-12-17;0;61
11;2025-12-17;1;1
11;2025-12-17;2;0
11;2025-12-17;3;0
11;2025-12-17;4;1
11;2025-12-17;5;281
11;2025-12-17;6;1336
11;2025-12-17;7;2417
11;2025-12-17;8;3198
11;2025-12-17;9;2440
11;2025-12-17;10;1966
11;2025-12-17;11;1927
11;2025-12-17;12;1942
11;2025-12-17;13;2022
11;2025-12-17;14;2047
11;2025-12-17;15;2080
11;2025-12-17;16;2265
11;2025-12-17;17;2853
11;2025-12-17;18;3119
11;2025-12-17;19;2282
11;2025-12-17;20;1488
11;2025-12-17;21;859
11;2025-12-17;22;435
11;2025-12-17;23;237
11;2025-12-18;0;62
11;2025-12-18;1;1
11;2025-12-18;2;0
11;2025-12-18;3;0
11;2025-12-18;4;3
11;2025-12-18;5;281
11;2025-12-18;6;1334
11;2025-12-18;7;2411
11;2025-12-18;8;3191
11;2025-12-18;9;2441
11;2025-12-18;10;1972
11;2025-12-18;11;1932
11;2025-12-18;12;1952
11;2025-12-18;13;2029
11;2025-12-18;14;2054
11;2025-12-18;15;2087
11;2025-12-18;16;2271
11;2025-12-18;17;2856
11;2025-12-18;18;3119
11;2025-12-18;19;2276
11;2025-12-18;20;1487
11;2025-12-18;21;860
11;2025-12-18;22;436
11;2025-12-18;23;243
11;2025-12-19;0;67
11;2025-12-19;1;2
11;2025-12-19;2;0
11;2025-12-19;3;0
11;2025-12-19;4;4
11;2025-12-19;5;272
11;2025-12-19;6;1316
11;2025-12-19;7;2309
11;2025-12-19;8;3030
11;2025-12-19;9;2300
11;2025-12-19;10;1912
11;2025-12-19;11;1849
11;2025-12-19;12;1943
11;2025-12-19;13;1995
11;2025-12-19;14;2057
11;2025-12-19;15;2182
11;2025-12-19;16;2368
11;2025-12-19;17;2713
11;2025-12-19;18;2496
11;2025-12-19;19;2024
11;2025-12-19;20;1408
11;2025-12-19;21;847
11;2025-12-19;22;419
11;2025-12-19;23;291
11;2025-12-20;0;105
11;2025-12-20;1;3
11;2025-12-20;2;0
11;2025-12-20;3;0
11;2025-12-20;4;4
11;2025-12-20;5;183
11;2025-12-20;6;762
11;2025-12-20;7;805
11;2025-12-20;8;1022
11;2025-12-20;9;1168
11;2025-12-20;10;1345
11;2025-12-20;11;1652
11;2025-12-20;12;1826
11;2025-12-20;13;1816
11;2025-12-20;14;1888
11;2025-12-20;15;1875
11;2025-12-20;16;1836
11;2025-12-20;17;1856
11;2025-12-20;18;1574
11;2025-12-20;19;1469
11;2025-12-20;20;1057
11;2025-12-20;21;739
11;2025-12-20;22;433
11;2025-12-20;23;289
11;2025-12-21;0;103
11;2025-12-21;1;10
11;2025-12-21;2;0
11;2025-12-21;3;0
11;2025-12-21;4;2
11;2025-12-21;5;127
11;2025-12-21;6;440
11;2025-12-21;7;465
11;2025-12-21;8;648
11;2025-12-21;9;905
11;2025-12-21;10;1054
11;2025-12-21;11;1457
11;2025-12-21;12;1586
11;2025-12-21;13;1585
11;2025-12-21;14;1629
11;2025-12-21;15;1614
11;2025-12-21;16;1591
11;2025-12-21;17;1639
11;2025-12-21;18;1310
11;2025-12-21;19;1085
11;2025-12-21;20;890
11;2025-12-21;21;596
11;2025-12-21;22;346
11;2025-12-21;23;226
11;2025-12-22;0;70
11;2025-12-22;1;6
11;2025-12-22;2;0
11;2025-12-22;3;0
11;2025-12-22;4;4
11;2025-12-22;5;281
11;2025-12-22;6;1356
11;2025-12-22;7;2390
11;2025-12-22;8;3137
11;2025-12-22;9;2394
11;2025-12-22;10;1850
11;2025-12-22;11;1798
11;2025-12-22;12;1781
11;2025-12-22;13;1898
11;2025-12-22;14;1932
11;2025-12-22;15;2052
11;2025-12-22;16;2232
11;2025-12-22;17;2815
11;2025-12-22;18;3005
11;2025-12-22;19;2238
11;2025-12-22;20;1382
11;2025-12-22;21;825
11;2025-12-22;22;382
11;2025-12-22;23;212
11;2025-12-23;0;60
11;2025-12-23;1;2
11;2025-12-23;2;0
11;2025-12-23;3;0
11;2025-12-23;4;4
11;2025-12-23;5;291
11;2025-12-23;6;1346
11;2025-12-23;7;2428
11;2025-12-23;8;3218
11;2025-12-23;9;2465
11;2025-12-23;10;1973
11;2025-12-23;11;1931
11;2025-12-23;12;1947
11;2025-12-23;13;2032
11;2025-12-23;14;2055
11;2025-12-23;15;2088
11;2025-12-23;16;2272
11;2025-12-23;17;2863
11;2025-12-23;18;3126
11;2025-12-23;19;2306
11;2025-12-23;20;1502
11;2025-12-23;21;867
11;2025-12-23;22;438
11;2025-12-23;23;229
11;2025-12-24;0;61
11;2025-12-24;1;2
11;2025-12-24;2;0
11;2025-12-24;3;0
11;2025-12-24;4;4
11;2025-12-24;5;294
11;2025-12-24;6;1350
11;2025-12-24;7;2428
11;2025-12-24;8;3202
11;2025-12-24;9;2465
11;2025-12-24;10;1980
11;2025-12-24;11;1940
11;2025-12-24;12;1917
11;2025-12-24;13;2001
11;2025-12-24;14;2063
11;2025-12-24;15;2056
11;2025-12-24;16;2273
11;2025-12-24;17;2863
11;2025-12-24;18;3079
11;2025-12-24;19;2297
11;2025-12-24;20;1500
11;2025-12-24;21;859
11;2025-12-24;22;434
11;2025-12-24;23;235
11;2025-12-25;0;62
11;2025-12-25;1;1
11;2025-12-25;2;0
11;2025-12-25;3;0
11;2025-12-25;4;4
11;2025-12-25;5;291
11;2025-12-25;6;1346
11;2025-12-25;7;2403
11;2025-12-25;8;3181
11;2025-12-25;9;2430
11;2025-12-25;10;1952
11;2025-12-25;11;1907
11;2025-12-25;12;1932
11;2025-12-25;13;2015
11;2025-12-25;14;2039
11;2025-12-25;15;2067
11;2025-12-25;16;2283
11;2025-12-25;17;2796
11;2025-12-25;18;3011
11;2025-12-25;19;2267
11;2025-12-25;20;1491
11;2025-12-25;21;855
11;2025-12-25;22;438
11;2025-12-25;23;245
11;2025-12-26;0;66
11;2025-12-26;1;2
11;2025-12-26;2;0
11;2025-12-26;3;0
11;2025-12-26;4;4
11;2025-12-26;5;257
11;2025-12-26;6;1329
11;2025-12-26;7;2299
11;2025-12-26;8;3036
11;2025-12-26;9;2253
11;2025-12-26;10;1833
11;2025-12-26;11;1783
11;2025-12-26;12;1832
11;2025-12-26;13;1949
11;2025-12-26;14;2011
11;2025-12-26;15;2145
11;2025-12-26;16;2331
11;2025-12-26;17;2688
11;2025-12-26;18;2484
11;2025-12-26;19;2020
11;2025-12-26;20;1400
11;2025-12-26;21;831
11;2025-12-26;22;405
11;2025-12-26;23;294
11;2025-12-27;0;104
11;2025-12-27;1;3
11;2025-12-27;2;0
11;2025-12-27;3;0
11;2025-12-27;4;4
11;2025-12-27;5;187
11;2025-12-27;6;762
11;2025-12-27;7;806
11;2025-12-27;8;1023
11;2025-12-27;9;1133
11;2025-12-27;10;1347
11;2025-12-27;11;1659
11;2025-12-27;12;1810
11;2025-12-27;13;1798
11;2025-12-27;14;1877
11;2025-12-27;15;1846
11;2025-12-27;16;1806
11;2025-12-27;17;1830
11;2025-12-27;18;1561
11;2025-12-27;19;1452
11;2025-12-27;20;1043
11;2025-12-27;21;706
11;2025-12-27;22;408
11;2025-12-27;23;285
11;2025-12-28;0;102
11;2025-12-28;1;9
11;2025-12-28;2;0
11;2025-12-28;3;0
11;2025-12-28;4;2
11;2025-12-28;5;108
11;2025-12-28;6;434
11;2025-12-28;7;439
11;2025-12-28;8;608
11;2025-12-28;9;788
11;2025-12-28;10;966
11;2025-12-28;11;1191
11;2025-12-28;12;1399
11;2025-12-28;13;1383
11;2025-12-28;14;1438
11;2025-12-28;15;1425
11;2025-12-28;16;1559
11;2025-12-28;17;1603
11;2025-12-28;18;1286
11;2025-12-28;19;1052
11;2025-12-28;20;833
11;2025-12-28;21;554
11;2025-12-28;22;333
11;2025-12-28;23;225
11;2025-12-29;0;66
11;2025-12-29;1;6
11;2025-12-29;2;0
11;2025-12-29;3;0
11;2025-12-29;4;3
11;2025-12-29;5;275
11;2025-12-29;6;1301
11;2025-12-29;7;2277
11;2025-12-29;8;2960
11;2025-12-29;9;2265
11;2025-12-29;10;1745
11;2025-12-29;11;1709
11;2025-12-29;12;1690
11;2025-12-29;13;1783
11;2025-12-29;14;1823
11;2025-12-29;15;1963
11;2025-12-29;16;2137
11;2025-12-29;17;2681
11;2025-12-29;18;2873
11;2025-12-29;19;2152
11;2025-12-29;20;1338
11;2025-12-29;21;791
11;2025-12-29;22;376
11;2025-12-29;23;204
11;2025-12-30;0;58
11;2025-12-30;1;2
11;2025-12-30;2;0
11;2025-12-30;3;0
11;2025-12-30;4;3
11;2025-12-30;5;263
11;2025-12-30;6;1275
11;2025-12-30;7;2302
11;2025-12-30;8;3006
11;2025-12-30;9;2305
11;2025-12-30;10;1833
11;2025-12-30;11;1785
11;2025-12-30;12;1795
11;2025-12-30;13;1863
11;2025-12-30;14;1906
11;2025-12-30;15;1959
11;2025-12-30;16;2139
11;2025-12-30;17;2675
11;2025-12-30;18;2933
11;2025-12-30;19;2170
11;2025-12-30;20;1414
11;2025-12-30;21;811
11;2025-12-30;22;406
11;2025-12-30;23;206
11;2025-12-31;0;83
11;2025-12-31;1;10
11;2025-12-31;2;0
11;2025-12-31;3;0
11;2025-12-31;4;3
11;2025-12-31;5;26
11;2025-12-31;6;332
11;2025-12-31;7;329
11;2025-12-31;8;475
11;2025-12-31;9;614
11;2025-12-31;10;715
11;2025-12-31;11;985
11;2025-12-31;12;1171
11;2025-12-31;13;1080
11;2025-12-31;14;1128
11;2025-12-31;15;1142
11;2025-12-31;16;1244
11;2025-12-31;17;1306
11;2025-12-31;18;1029
11;2025-12-31;19;875
11;2025-12-31;20;771
11;2025-12-31;21;482
11;2025-12-31;22;260
11;2025-12-31;23;140
12;2025-11-01;0;54
12;2025-11-01;1;2
12;2025-11-01;2;0
12;2025-11-01;3;0
12;2025-11-01;4;5
12;2025-11-01;5;323
12;2025-11-01;6;1342
12;2025-11-01;7;2570
12;2025-11-01;8;3257
12;2025-11-01;9;2391
12;2025-11-01;10;1903
12;2025-11-01;11;1926
12;2025-11-01;12;1974
12;2025-11-01;13;2082
12;2025-11-01;14;2008
12;2025-11-01;15;2304
12;2025-11-01;16;2728
12;2025-11-01;17;2811
12;2025-11-01;18;2581
12;2025-11-01;19;2192
12;2025-11-01;20;1413
12;2025-11-01;21;896
12;2025-11-01;22;465
12;2025-11-01;23;285
12;2025-11-02;0;87
12;2025-11-02;1;6
12;2025-11-02;2;0
12;2025-11-02;3;0
12;2025-11-02;4;2
12;2025-11-02;5;158
12;2025-11-02;6;525
12;2025-11-02;7;644
12;2025-11-02;8;731
12;2025-11-02;9;963
12;2025-11-02;10;1163
12;2025-11-02;11;1358
12;2025-11-02;12;1443
12;2025-11-02;13;1504
12;2025-11-02;14;1518
12;2025-11-02;15;1527
12;2025-11-02;16;1529
12;2025-11-02;17;1520
12;2025-11-02;18;1339
12;2025-11-02;19;1075
12;2025-11-02;20;842
12;2025-11-02;21;610
12;2025-11-02;22;391
12;2025-11-02;23;218
12;2025-11-03;0;74
12;2025-11-03;1;4
12;2025-11-03;2;0
12;2025-11-03;3;0
12;2025-11-03;4;3
12;2025-11-03;5;186
12;2025-11-03;6;580
12;2025-11-03;7;703
12;2025-11-03;8;778
12;2025-11-03;9;920
12;2025-11-03;10;1105
12;2025-11-03;11;1214
12;2025-11-03;12;1238
12;2025-11-03;13;1316
12;2025-11-03;14;1257
12;2025-11-03;15;1310
12;2025-11-03;16;1440
12;2025-11-03;17;1435
12;2025-11-03;18;1337
12;2025-11-03;19;1131
12;2025-11-03;20;914
12;2025-11-03;21;666
12;2025-11-03;22;437
12;2025-11-03;23;259
12;2025-11-04;0;71
12;2025-11-04;1;4
12;2025-11-04;2;0
12;2025-11-04;3;0
12;2025-11-04;4;3
12;2025-11-04;5;194
12;2025-11-04;6;584
12;2025-11-04;7;696
12;2025-11-04;8;746
12;2025-11-04;9;873
12;2025-11-04;10;1037
12;2025-11-04;11;1176
12;2025-11-04;12;1179
12;2025-11-04;13;1274
12;2025-11-04;14;1396
12;2025-11-04;15;1420
12;2025-11-04;16;1431
12;2025-11-04;17;1420
12;2025-11-04;18;1326
12;2025-11-04;19;1113
12;2025-11-04;20;901
12;2025-11-04;21;656
12;2025-11-04;22;423
12;2025-11-04;23;249
12;2025-11-05;0;54
12;2025-11-05;1;1
12;2025-11-05;2;0
12;2025-11-05;3;0
12;2025-11-05;4;6
12;2025-11-05;5;345
12;2025-11-05;6;1428
12;2025-11-05;7;2749
12;2025-11-05;8;3648
12;2025-11-05;9;2581
12;2025-11-05;10;2118
12;2025-11-05;11;2080
12;2025-11-05;12;2086
12;2025-11-05;13;2107
12;2025-11-05;14;2078
12;2025-11-05;15;2308
12;2025-11-05;16;2759
12;2025-11-05;17;3112
12;2025-11-05;18;3231
12;2025-11-05;19;2471
12;2025-11-05;20;1555
12;2025-11-05;21;957
12;2025-11-05;22;492
12;2025-11-05;23;260
12;2025-11-06;0;55
12;2025-11-06;1;1
12;2025-11-06;2;0
12;2025-11-06;3;0
12;2025-11-06;4;6
12;2025-11-06;5;346
12;2025-11-06;6;1437
12;2025-11-06;7;2747
12;2025-11-06;8;3615
12;2025-11-06;9;2578
12;2025-11-06;10;2124
12;2025-11-06;11;2044
12;2025-11-06;12;2092
12;2025-11-06;13;2117
12;2025-11-06;14;2085
12;2025-11-06;15;2298
12;2025-11-06;16;2759
12;2025-11-06;17;3115
12;2025-11-06;18;3230
12;2025-11-06;19;2471
12;2025-11-06;20;1546
12;2025-11-06;21;963
12;2025-11-06;22;495
12;2025-11-06;23;270
12;2025-11-07;0;58
12;2025-11-07;1;1
12;2025-11-07;2;0
12;2025-11-07;3;0
12;2025-11-07;4;5
12;2025-11-07;5;364
12;2025-11-07;6;1443
12;2025-11-07;7;2739
12;2025-11-07;8;3451
12;2025-11-07;9;2528
12;2025-11-07;10;2004
12;2025-11-07;11;2027
12;2025-11-07;12;2066
12;2025-11-07;13;2195
12;2025-11-07;14;2107
12;2025-11-07;15;2429
12;2025-11-07;16;2910
12;2025-11-07;17;2992
12;2025-11-07;18;2738
12;2025-11-07;19;2327
12;2025-11-07;20;1497
12;2025-11-07;21;963
12;2025-11-07;22;505
12;2025-11-07;23;309
12;2025-11-08;0;84
12;2025-11-08;1;3
12;2025-11-08;2;0
12;2025-11-08;3;0
12;2025-11-08;4;2
12;2025-11-08;5;260
12;2025-11-08;6;808
12;2025-11-08;7;931
12;2025-11-08;8;1043
12;2025-11-08;9;1257
12;2025-11-08;10;1430
12;2025-11-08;11;1532
12;2025-11-08;12;1592
12;2025-11-08;13;1727
12;2025-11-08;14;1653
12;2025-11-08;15;1666
12;2025-11-08;16;1738
12;2025-11-08;17;1702
12;2025-11-08;18;1584
12;2025-11-08;19;1429
12;2025-11-08;20;978
12;2025-11-08;21;754
12;2025-11-08;22;449
12;2025-11-08;23;295
12;2025-11-09;0;88
12;2025-11-09;1;6
12;2025-11-09;2;0
12;2025-11-09;3;0
12;2025-11-09;4;3
12;2025-11-09;5;194
12;2025-11-09;6;575
12;2025-11-09;7;691
12;2025-11-09;8;773
12;2025-11-09;9;979
12;2025-11-09;10;1169
12;2025-11-09;11;1354
12;2025-11-09;12;1468
12;2025-11-09;13;1598
12;2025-11-09;14;1510
12;2025-11-09;15;1541
12;2025-11-09;16;1563
12;2025-11-09;17;1562
12;2025-11-09;18;1362
12;2025-11-09;19;1081
12;2025-11-09;20;846
12;2025-11-09;21;615
12;2025-11-09;22;392
12;2025-11-09;23;218
12;2025-11-10;0;56
12;2025-11-10;1;3
12;2025-11-10;2;0
12;2025-11-10;3;0
12;2025-11-10;4;6
12;2025-11-10;5;329
12;2025-11-10;6;1425
12;2025-11-10;7;2728
12;2025-11-10;8;3603
12;2025-11-10;9;2523
12;2025-11-10;10;1952
12;2025-11-10;11;1927
12;2025-11-10;12;1998
12;2025-11-10;13;1993
12;2025-11-10;14;1991
12;2025-11-10;15;2273
12;2025-11-10;16;2751
12;2025-11-10;17;3059
12;2025-11-10;18;3236
12;2025-11-10;19;2468
12;2025-11-10;20;1582
12;2025-11-10;21;936
12;2025-11-10;22;453
12;2025-11-10;23;231
12;2025-11-11;0;53
12;2025-11-11;1;1
12;2025-11-11;2;0
12;2025-11-11;3;0
12;2025-11-11;4;6
12;2025-11-11;5;341
12;2025-11-11;6;1429
12;2025-11-11;7;2758
12;2025-11-11;8;3687
12;2025-11-11;9;2579
12;2025-11-11;10;2118
12;2025-11-11;11;2080
12;2025-11-11;12;2090
12;2025-11-11;13;2109
12;2025-11-11;14;2074
12;2025-11-11;15;2316
12;2025-11-11;16;2761
12;2025-11-11;17;3115
12;2025-11-11;18;3248
12;2025-11-11;19;2474
12;2025-11-11;20;1549
12;2025-11-11;21;952
12;2025-11-11;22;484
12;2025-11-11;23;245
12;2025-11-12;0;54
12;2025-11-12;1;1
12;2025-11-12;2;0
12;2025-11-12;3;0
12;2025-11-12;4;6
12;2025-11-12;5;340
12;2025-11-12;6;1427
12;2025-11-12;7;2754
12;2025-11-12;8;3674
12;2025-11-12;9;2578
12;2025-11-12;10;2116
12;2025-11-12;11;2074
12;2025-11-12;12;2087
12;2025-11-12;13;2093
12;2025-11-12;14;2065
12;2025-11-12;15;2302
12;2025-11-12;16;2761
12;2025-11-12;17;3115
12;2025-11-12;18;3229
12;2025-11-12;19;2473
12;2025-11-12;20;1554
12;2025-11-12;21;957
12;2025-11-12;22;492
12;2025-11-12;23;259
12;2025-11-13;0;55
12;2025-11-13;1;2
12;2025-11-13;2;0
12;2025-11-13;3;0
12;2025-11-13;4;6
12;2025-11-13;5;340
12;2025-11-13;6;1439
12;2025-11-13;7;2753
12;2025-11-13;8;3670
12;2025-11-13;9;2583
12;2025-11-13;10;2120
12;2025-11-13;11;2082
12;2025-11-13;12;2096
12;2025-11-13;13;2112
12;2025-11-13;14;2077
12;2025-11-13;15;2319
12;2025-11-13;16;2763
12;2025-11-13;17;3112
12;2025-11-13;18;3231
12;2025-11-13;19;2470
12;2025-11-13;20;1556
12;2025-11-13;21;959
12;2025-11-13;22;494
12;2025-11-13;23;268
12;2025-11-14;0;58
12;2025-11-14;1;2
12;2025-11-14;2;0
12;2025-11-14;3;0
12;2025-11-14;4;5
12;2025-11-14;5;337
12;2025-11-14;6;1424
12;2025-11-14;7;2740
12;2025-11-14;8;3483
12;2025-11-14;9;2545
12;2025-11-14;10;2022
12;2025-11-14;11;2043
12;2025-11-14;12;2096
12;2025-11-14;13;2217
12;2025-11-14;14;2128
12;2025-11-14;15;2451
12;2025-11-14;16;2906
12;2025-11-14;17;2988
12;2025-11-14;18;2735
12;2025-11-14;19;2322
12;2025-11-14;20;1488
12;2025-11-14;21;940
12;2025-11-14;22;486
12;2025-11-14;23;299
12;2025-11-15;0;81
12;2025-11-15;1;2
12;2025-11-15;2;0
12;2025-11-15;3;0
12;2025-11-15;4;2
12;2025-11-15;5;224
12;2025-11-15;6;753
12;2025-11-15;7;894
12;2025-11-15;8;946
12;2025-11-15;9;1053
12;2025-11-15;10;1122
12;2025-11-15;11;1144
12;2025-11-15;12;1276
12;2025-11-15;13;1664
12;2025-11-15;14;1704
12;2025-11-15;15;1699
12;2025-11-15;16;1767
12;2025-11-15;17;1731
12;2025-11-15;18;1589
12;2025-11-15;19;1422
12;2025-11-15;20;969
12;2025-11-15;21;743
12;2025-11-15;22;437
12;2025-11-15;23;288
12;2025-11-16;0;87
12;2025-11-16;1;7
12;2025-11-16;2;0
12;2025-11-16;3;0
12;2025-11-16;4;2
12;2025-11-16;5;122
12;2025-11-16;6;490
12;2025-11-16;7;607
12;2025-11-16;8;671
12;2025-11-16;9;898
12;2025-11-16;10;1096
12;2025-11-16;11;1346
12;2025-11-16;12;1447
12;2025-11-16;13;1580
12;2025-11-16;14;1513
12;2025-11-16;15;1511
12;2025-11-16;16;1508
12;2025-11-16;17;1504
12;2025-11-16;18;1313
12;2025-11-16;19;1036
12;2025-11-16;20;807
12;2025-11-16;21;576
12;2025-11-16;22;374
12;2025-11-16;23;210
12;2025-11-17;0;56
12;2025-11-17;1;3
12;2025-11-17;2;0
12;2025-11-17;3;0
12;2025-11-17;4;5
12;2025-11-17;5;322
12;2025-11-17;6;1419
12;2025-11-17;7;2711
12;2025-11-17;8;3573
12;2025-11-17;9;2511
12;2025-11-17;10;1953
12;2025-11-17;11;1917
12;2025-11-17;12;1987
12;2025-11-17;13;1927
12;2025-11-17;14;1951
12;2025-11-17;15;2227
12;2025-11-17;16;2741
12;2025-11-17;17;3049
12;2025-11-17;18;3235
12;2025-11-17;19;2467
12;2025-11-17;20;1579
12;2025-11-17;21;942
12;2025-11-17;22;453
12;2025-11-17;23;231
12;2025-11-18;0;53
12;2025-11-18;1;1
12;2025-11-18;2;0
12;2025-11-18;3;0
12;2025-11-18;4;7
12;2025-11-18;5;324
12;2025-11-18;6;1442
12;2025-11-18;7;2753
12;2025-11-18;8;3637
12;2025-11-18;9;2544
12;2025-11-18;10;2027
12;2025-11-18;11;2009
12;2025-11-18;12;2020
12;2025-11-18;13;2040
12;2025-11-18;14;2013
12;2025-11-18;15;2279
12;2025-11-18;16;2761
12;2025-11-18;17;3115
12;2025-11-18;18;3230
12;2025-11-18;19;2482
12;2025-11-18;20;1548
12;2025-11-18;21;949
12;2025-11-18;22;483
12;2025-11-18;23;245
12;2025-11-19;0;54
12;2025-11-19;1;1
12;2025-11-19;2;0
12;2025-11-19;3;0
12;2025-11-19;4;6
12;2025-11-19;5;339
12;2025-11-19;6;1427
12;2025-11-19;7;2753
12;2025-11-19;8;3648
12;2025-11-19;9;2577
12;2025-11-19;10;2114
12;2025-11-19;11;2074
12;2025-11-19;12;2083
12;2025-11-19;13;2109
12;2025-11-19;14;2074
12;2025-11-19;15;2315
12;2025-11-19;16;2760
12;2025-11-19;17;3113
12;2025-11-19;18;3244
12;2025-11-19;19;2473
12;2025-11-19;20;1554
12;2025-11-19;21;957
12;2025-11-19;22;494
12;2025-11-19;23;256
12;2025-11-20;0;56
12;2025-11-20;1;2
12;2025-11-20;2;0
12;2025-11-20;3;0
12;2025-11-20;4;6
12;2025-11-20;5;336
12;2025-11-20;6;1423
12;2025-11-20;7;2749
12;2025-11-20;8;3644
12;2025-11-20;9;2578
12;2025-11-20;10;2115
12;2025-11-20;11;2074
12;2025-11-20;12;2087
12;2025-11-20;13;2114
12;2025-11-20;14;2079
12;2025-11-20;15;2320
12;2025-11-20;16;2764
12;2025-11-20;17;3112
12;2025-11-20;18;3243
12;2025-11-20;19;2461
12;2025-11-20;20;1548
12;2025-11-20;21;952
12;2025-11-20;22;490
12;2025-11-20;23;263
12;2025-11-21;0;58
12;2025-11-21;1;1
12;2025-11-21;2;0
12;2025-11-21;3;0
12;2025-11-21;4;5
12;2025-11-21;5;346
12;2025-11-21;6;1423
12;2025-11-21;7;2724
12;2025-11-21;8;3460
12;2025-11-21;9;2541
12;2025-11-21;10;2010
12;2025-11-21;11;2032
12;2025-11-21;12;2057
12;2025-11-21;13;2217
12;2025-11-21;14;2124
12;2025-11-21;15;2441
12;2025-11-21;16;2907
12;2025-11-21;17;2989
12;2025-11-21;18;2735
12;2025-11-21;19;2322
12;2025-11-21;20;1494
12;2025-11-21;21;950
12;2025-11-21;22;498
12;2025-11-21;23;305
12;2025-11-22;0;85
12;2025-11-22;1;4
12;2025-11-22;2;0
12;2025-11-22;3;0
12;2025-11-22;4;2
12;2025-11-22;5;226
12;2025-11-22;6;753
12;2025-11-22;7;890
12;2025-11-22;8;1025
12;2025-11-22;9;1156
12;2025-11-22;10;1446
12;2025-11-22;11;1574
12;2025-11-22;12;1644
12;2025-11-22;13;1781
12;2025-11-22;14;1704
12;2025-11-22;15;1700
12;2025-11-22;16;1767
12;2025-11-22;17;1730
12;2025-11-22;18;1592
12;2025-11-22;19;1422
12;2025-11-22;20;975
12;2025-11-22;21;716
12;2025-11-22;22;424
12;2025-11-22;23;287
12;2025-11-23;0;86
12;2025-11-23;1;6
12;2025-11-23;2;0
12;2025-11-23;3;0
12;2025-11-23;4;2
12;2025-11-23;5;143
12;2025-11-23;6;502
12;2025-11-23;7;622
12;2025-11-23;8;718
12;2025-11-23;9;939
12;2025-11-23;10;1137
12;2025-11-23;11;1359
12;2025-11-23;12;1473
12;2025-11-23;13;1608
12;2025-11-23;14;1538
12;2025-11-23;15;1537
12;2025-11-23;16;1538
12;2025-11-23;17;1531
12;2025-11-23;18;1320
12;2025-11-23;19;1043
12;2025-11-23;20;820
12;2025-11-23;21;584
12;2025-11-23;22;380
12;2025-11-23;23;209
12;2025-11-24;0;57
12;2025-11-24;1;3
12;2025-11-24;2;0
12;2025-11-24;3;0
12;2025-11-24;4;6
12;2025-11-24;5;321
12;2025-11-24;6;1428
12;2025-11-24;7;2745
12;2025-11-24;8;3595
12;2025-11-24;9;2538
12;2025-11-24;10;1923
12;2025-11-24;11;1888
12;2025-11-24;12;1988
12;2025-11-24;13;1984
12;2025-11-24;14;1967
12;2025-11-24;15;2221
12;2025-11-24;16;2751
12;2025-11-24;17;3058
12;2025-11-24;18;3235
12;2025-11-24;19;2468
12;2025-11-24;20;1583
12;2025-11-24;21;934
12;2025-11-24;22;453
12;2025-11-24;23;231
12;2025-11-25;0;53
12;2025-11-25;1;1
12;2025-11-25;2;0
12;2025-11-25;3;0
12;2025-11-25;4;6
12;2025-11-25;5;339
12;2025-11-25;6;1427
12;2025-11-25;7;2755
12;2025-11-25;8;3667
12;2025-11-25;9;2578
12;2025-11-25;10;2116
12;2025-11-25;11;2073
12;2025-11-25;12;2085
12;2025-11-25;13;2109
12;2025-11-25;14;2074
12;2025-11-25;15;2316
12;2025-11-25;16;2761
12;2025-11-25;17;3115
12;2025-11-25;18;3249
12;2025-11-25;19;2475
12;2025-11-25;20;1550
12;2025-11-25;21;952
12;2025-11-25;22;484
12;2025-11-25;23;246
12;2025-11-26;0;54
12;2025-11-26;1;2
12;2025-11-26;2;0
12;2025-11-26;3;0
12;2025-11-26;4;6
12;2025-11-26;5;355
12;2025-11-26;6;1454
12;2025-11-26;7;2780
12;2025-11-26;8;3658
12;2025-11-26;9;2604
12;2025-11-26;10;2115
12;2025-11-26;11;2058
12;2025-11-26;12;2066
12;2025-11-26;13;2097
12;2025-11-26;14;2062
12;2025-11-26;15;2297
12;2025-11-26;16;2741
12;2025-11-26;17;3100
12;2025-11-26;18;3226
12;2025-11-26;19;2474
12;2025-11-26;20;1552
12;2025-11-26;21;954
12;2025-11-26;22;490
12;2025-11-26;23;256
12;2025-11-27;0;55
12;2025-11-27;1;2
12;2025-11-27;2;0
12;2025-11-27;3;0
12;2025-11-27;4;6
12;2025-11-27;5;340
12;2025-11-27;6;1428
12;2025-11-27;7;2754
12;2025-11-27;8;3674
12;2025-11-27;9;2583
12;2025-11-27;10;2120
12;2025-11-27;11;2064
12;2025-11-27;12;2073
12;2025-11-27;13;2098
12;2025-11-27;14;2040
12;2025-11-27;15;2322
12;2025-11-27;16;2767
12;2025-11-27;17;3083
12;2025-11-27;18;3184
12;2025-11-27;19;2465
12;2025-11-27;20;1554
12;2025-11-27;21;954
12;2025-11-27;22;489
12;2025-11-27;23;260
12;2025-11-28;0;55
12;2025-11-28;1;1
12;2025-11-28;2;0
12;2025-11-28;3;0
12;2025-11-28;4;5
12;2025-11-28;5;336
12;2025-11-28;6;1424
12;2025-11-28;7;2740
12;2025-11-28;8;3487
12;2025-11-28;9;2541
12;2025-11-28;10;2011
12;2025-11-28;11;2033
12;2025-11-28;12;2086
12;2025-11-28;13;2221
12;2025-11-28;14;2132
12;2025-11-28;15;2450
12;2025-11-28;16;2909
12;2025-11-28;17;2990
12;2025-11-28;18;2729
12;2025-11-28;19;2320
12;2025-11-28;20;1489
12;2025-11-28;21;946
12;2025-11-28;22;496
12;2025-11-28;23;304
12;2025-11-29;0;85
12;2025-11-29;1;4
12;2025-11-29;2;0
12;2025-11-29;3;0
12;2025-11-29;4;2
12;2025-11-29;5;227
12;2025-11-29;6;776
12;2025-11-29;7;917
12;2025-11-29;8;1038
12;2025-11-29;9;1268
12;2025-11-29;10;1446
12;2025-11-29;11;1573
12;2025-11-29;12;1646
12;2025-11-29;13;1779
12;2025-11-29;14;1704
12;2025-11-29;15;1700
12;2025-11-29;16;1767
12;2025-11-29;17;1729
12;2025-11-29;18;1589
12;2025-11-29;19;1422
12;2025-11-29;20;975
12;2025-11-29;21;751
12;2025-11-29;22;447
12;2025-11-29;23;293
12;2025-11-30;0;87
12;2025-11-30;1;6
12;2025-11-30;2;0
12;2025-11-30;3;0
12;2025-11-30;4;2
12;2025-11-30;5;150
12;2025-11-30;6;505
12;2025-11-30;7;628
12;2025-11-30;8;719
12;2025-11-30;9;939
12;2025-11-30;10;1136
12;2025-11-30;11;1358
12;2025-11-30;12;1471
12;2025-11-30;13;1611
12;2025-11-30;14;1546
12;2025-11-30;15;1547
12;2025-11-30;16;1549
12;2025-11-30;17;1548
12;2025-11-30;18;1351
12;2025-11-30;19;1070
12;2025-11-30;20;836
12;2025-11-30;21;615
12;2025-11-30;22;389
12;2025-11-30;23;217
12;2025-12-01;0;57
12;2025-12-01;1;3
12;2025-12-01;2;0
12;2025-12-01;3;0
12;2025-12-01;4;6
12;2025-12-01;5;331
12;2025-12-01;6;1437
12;2025-12-01;7;2745
12;2025-12-01;8;3604
12;2025-12-01;9;2528
12;2025-12-01;10;1958
12;2025-12-01;11;1929
12;2025-12-01;12;2002
12;2025-12-01;13;1997
12;2025-12-01;14;1996
12;2025-12-01;15;2277
12;2025-12-01;16;2755
12;2025-12-01;17;3064
12;2025-12-01;18;3241
12;2025-12-01;19;2473
12;2025-12-01;20;1585
12;2025-12-01;21;938
12;2025-12-01;22;454
12;2025-12-01;23;232
12;2025-12-02;0;53
12;2025-12-02;1;1
12;2025-12-02;2;0
12;2025-12-02;3;0
12;2025-12-02;4;6
12;2025-12-02;5;341
12;2025-12-02;6;1432
12;2025-12-02;7;2763
12;2025-12-02;8;3678
12;2025-12-02;9;2585
12;2025-12-02;10;2121
12;2025-12-02;11;2080
12;2025-12-02;12;2090
12;2025-12-02;13;2115
12;2025-12-02;14;2079
12;2025-12-02;15;2322
12;2025-12-02;16;2767
12;2025-12-02;17;3122
12;2025-12-02;18;3257
12;2025-12-02;19;2480
12;2025-12-02;20;1553
12;2025-12-02;21;955
12;2025-12-02;22;485
12;2025-12-02;23;247
12;2025-12-03;0;54
12;2025-12-03;1;1
12;2025-12-03;2;0
12;2025-12-03;3;0
12;2025-12-03;4;6
12;2025-12-03;5;340
12;2025-12-03;6;1430
12;2025-12-03;7;2760
12;2025-12-03;8;3657
12;2025-12-03;9;2583
12;2025-12-03;10;2120
12;2025-12-03;11;2079
12;2025-12-03;12;2089
12;2025-12-03;13;2114
12;2025-12-03;14;2079
12;2025-12-03;15;2321
12;2025-12-03;16;2767
12;2025-12-03;17;3122
12;2025-12-03;18;3253
12;2025-12-03;19;2479
12;2025-12-03;20;1558
12;2025-12-03;21;959
12;2025-12-03;22;494
12;2025-12-03;23;260
12;2025-12-04;0;56
12;2025-12-04;1;2
12;2025-12-04;2;0
12;2025-12-04;3;0
12;2025-12-04;4;6
12;2025-12-04;5;339
12;2025-12-04;6;1429
12;2025-12-04;7;2760
12;2025-12-04;8;3668
12;2025-12-04;9;2585
12;2025-12-04;10;2120
12;2025-12-04;11;2081
12;2025-12-04;12;2095
12;2025-12-04;13;2120
12;2025-12-04;14;2085
12;2025-12-04;15;2328
12;2025-12-04;16;2773
12;2025-12-04;17;3122
12;2025-12-04;18;3253
12;2025-12-04;19;2479
12;2025-12-04;20;1558
12;2025-12-04;21;959
12;2025-12-04;22;495
12;2025-12-04;23;266
12;2025-12-05;0;58
12;2025-12-05;1;2
12;2025-12-05;2;0
12;2025-12-05;3;0
12;2025-12-05;4;5
12;2025-12-05;5;335
12;2025-12-05;6;1424
12;2025-12-05;7;2745
12;2025-12-05;8;3481
12;2025-12-05;9;2547
12;2025-12-05;10;2015
12;2025-12-05;11;2039
12;2025-12-05;12;2092
12;2025-12-05;13;2224
12;2025-12-05;14;2131
12;2025-12-05;15;2449
12;2025-12-05;16;2915
12;2025-12-05;17;2997
12;2025-12-05;18;2736
12;2025-12-05;19;2326
12;2025-12-05;20;1493
12;2025-12-05;21;949
12;2025-12-05;22;498
12;2025-12-05;23;305
12;2025-12-06;0;86
12;2025-12-06;1;4
12;2025-12-06;2;0
12;2025-12-06;3;0
12;2025-12-06;4;2
12;2025-12-06;5;231
12;2025-12-06;6;788
12;2025-12-06;7;930
12;2025-12-06;8;1052
12;2025-12-06;9;1286
12;2025-12-06;10;1465
12;2025-12-06;11;1594
12;2025-12-06;12;1670
12;2025-12-06;13;1811
12;2025-12-06;14;1734
12;2025-12-06;15;1740
12;2025-12-06;16;1802
12;2025-12-06;17;1760
12;2025-12-06;18;1625
12;2025-12-06;19;1443
12;2025-12-06;20;987
12;2025-12-06;21;765
12;2025-12-06;22;453
12;2025-12-06;23;297
12;2025-12-07;0;89
12;2025-12-07;1;6
12;2025-12-07;2;0
12;2025-12-07;3;0
12;2025-12-07;4;2
12;2025-12-07;5;155
12;2025-12-07;6;513
12;2025-12-07;7;634
12;2025-12-07;8;728
12;2025-12-07;9;954
12;2025-12-07;10;1154
12;2025-12-07;11;1380
12;2025-12-07;12;1494
12;2025-12-07;13;1632
12;2025-12-07;14;1562
12;2025-12-07;15;1559
12;2025-12-07;16;1561
12;2025-12-07;17;1558
12;2025-12-07;18;1348
12;2025-12-07;19;1070
12;2025-12-07;20;832
12;2025-12-07;21;597
12;2025-12-07;22;389
12;2025-12-07;23;215
12;2025-12-08;0;57
12;2025-12-08;1;3
12;2025-12-08;2;0
12;2025-12-08;3;0
12;2025-12-08;4;5
12;2025-12-08;5;331
12;2025-12-08;6;1437
12;2025-12-08;7;2745
12;2025-12-08;8;3604
12;2025-12-08;9;2538
12;2025-12-08;10;1958
12;2025-12-08;11;1929
12;2025-12-08;12;2002
12;2025-12-08;13;1996
12;2025-12-08;14;1994
12;2025-12-08;15;2277
12;2025-12-08;16;2755
12;2025-12-08;17;3064
12;2025-12-08;18;3241
12;2025-12-08;19;2473
12;2025-12-08;20;1585
12;2025-12-08;21;937
12;2025-12-08;22;454
12;2025-12-08;23;232
12;2025-12-09;0;53
12;2025-12-09;1;1
12;2025-12-09;2;0
12;2025-12-09;3;0
12;2025-12-09;4;6
12;2025-12-09;5;340
12;2025-12-09;6;1430
12;2025-12-09;7;2761
12;2025-12-09;8;3678
12;2025-12-09;9;2585
12;2025-12-09;10;2120
12;2025-12-09;11;2080
12;2025-12-09;12;2089
12;2025-12-09;13;2114
12;2025-12-09;14;2079
12;2025-12-09;15;2319
12;2025-12-09;16;2765
12;2025-12-09;17;3122
12;2025-12-09;18;3257
12;2025-12-09;19;2481
12;2025-12-09;20;1554
12;2025-12-09;21;956
12;2025-12-09;22;487
12;2025-12-09;23;245
12;2025-12-10;0;54
12;2025-12-10;1;2
12;2025-12-10;2;0
12;2025-12-10;3;0
12;2025-12-10;4;6
12;2025-12-10;5;361
12;2025-12-10;6;1464
12;2025-12-10;7;2786
12;2025-12-10;8;3655
12;2025-12-10;9;2606
12;2025-12-10;10;2121
12;2025-12-10;11;2074
12;2025-12-10;12;2089
12;2025-12-10;13;2114
12;2025-12-10;14;2079
12;2025-12-10;15;2321
12;2025-12-10;16;2766
12;2025-12-10;17;3121
12;2025-12-10;18;3252
12;2025-12-10;19;2479
12;2025-12-10;20;1558
12;2025-12-10;21;960
12;2025-12-10;22;495
12;2025-12-10;23;261
12;2025-12-11;0;56
12;2025-12-11;1;2
12;2025-12-11;2;0
12;2025-12-11;3;0
12;2025-12-11;4;6
12;2025-12-11;5;339
12;2025-12-11;6;1429
12;2025-12-11;7;2760
12;2025-12-11;8;3598
12;2025-12-11;9;2574
12;2025-12-11;10;2109
12;2025-12-11;11;2075
12;2025-12-11;12;2089
12;2025-12-11;13;2108
12;2025-12-11;14;2085
12;2025-12-11;15;2309
12;2025-12-11;16;2768
12;2025-12-11;17;3089
12;2025-12-11;18;3195
12;2025-12-11;19;2472
12;2025-12-11;20;1558
12;2025-12-11;21;958
12;2025-12-11;22;499
12;2025-12-11;23;267
12;2025-12-12;0;59
12;2025-12-12;1;2
12;2025-12-12;2;0
12;2025-12-12;3;0
12;2025-12-12;4;5
12;2025-12-12;5;338
12;2025-12-12;6;1436
12;2025-12-12;7;2747
12;2025-12-12;8;3494
12;2025-12-12;9;2552
12;2025-12-12;10;2005
12;2025-12-12;11;2042
12;2025-12-12;12;2056
12;2025-12-12;13;2145
12;2025-12-12;14;2057
12;2025-12-12;15;2318
12;2025-12-12;16;2797
12;2025-12-12;17;2984
12;2025-12-12;18;2741
12;2025-12-12;19;2318
12;2025-12-12;20;1504
12;2025-12-12;21;958
12;2025-12-12;22;497
12;2025-12-12;23;306
12;2025-12-13;0;86
12;2025-12-13;1;3
12;2025-12-13;2;0
12;2025-12-13;3;0
12;2025-12-13;4;2
12;2025-12-13;5;206
12;2025-12-13;6;754
12;2025-12-13;7;871
12;2025-12-13;8;1016
12;2025-12-13;9;1233
12;2025-12-13;10;1409
12;2025-12-13;11;1541
12;2025-12-13;12;1599
12;2025-12-13;13;1746
12;2025-12-13;14;1674
12;2025-12-13;15;1687
12;2025-12-13;16;1755
12;2025-12-13;17;1715
12;2025-12-13;18;1593
12;2025-12-13;19;1408
12;2025-12-13;20;916
12;2025-12-13;21;694
12;2025-12-13;22;432
12;2025-12-13;23;269
12;2025-12-14;0;89
12;2025-12-14;1;7
12;2025-12-14;2;0
12;2025-12-14;3;0
12;2025-12-14;4;2
12;2025-12-14;5;124
12;2025-12-14;6;472
12;2025-12-14;7;591
12;2025-12-14;8;661
12;2025-12-14;9;903
12;2025-12-14;10;1100
12;2025-12-14;11;1337
12;2025-12-14;12;1443
12;2025-12-14;13;1593
12;2025-12-14;14;1522
12;2025-12-14;15;1537
12;2025-12-14;16;1541
12;2025-12-14;17;1536
12;2025-12-14;18;1344
12;2025-12-14;19;1063
12;2025-12-14;20;824
12;2025-12-14;21;589
12;2025-12-14;22;387
12;2025-12-14;23;217
12;2025-12-15;0;57
12;2025-12-15;1;3
12;2025-12-15;2;0
12;2025-12-15;3;0
12;2025-12-15;4;5
12;2025-12-15;5;285
12;2025-12-15;6;1372
12;2025-12-15;7;2688
12;2025-12-15;8;3542
12;2025-12-15;9;2467
12;2025-12-15;10;1897
12;2025-12-15;11;1838
12;2025-12-15;12;1952
12;2025-12-15;13;1963
12;2025-12-15;14;1960
12;2025-12-15;15;2253
12;2025-12-15;16;2727
12;2025-12-15;17;3038
12;2025-12-15;18;3215
12;2025-12-15;19;2457
12;2025-12-15;20;1565
12;2025-12-15;21;915
12;2025-12-15;22;434
12;2025-12-15;23;220
12;2025-12-16;0;54
12;2025-12-16;1;2
12;2025-12-16;2;0
12;2025-12-16;3;0
12;2025-12-16;4;6
12;2025-12-16;5;330
12;2025-12-16;6;1423
12;2025-12-16;7;2759
12;2025-12-16;8;3674
12;2025-12-16;9;2578
12;2025-12-16;10;2114
12;2025-12-16;11;2075
12;2025-12-16;12;2071
12;2025-12-16;13;2053
12;2025-12-16;14;2067
12;2025-12-16;15;2322
12;2025-12-16;16;2768
12;2025-12-16;17;3123
12;2025-12-16;18;3257
12;2025-12-16;19;2480
12;2025-12-16;20;1551
12;2025-12-16;21;952
12;2025-12-16;22;484
12;2025-12-16;23;245
12;2025-12-17;0;54
12;2025-12-17;1;1
12;2025-12-17;2;0
12;2025-12-17;3;0
12;2025-12-17;4;6
12;2025-12-17;5;340
12;2025-12-17;6;1431
12;2025-12-17;7;2761
12;2025-12-17;8;3671
12;2025-12-17;9;2584
12;2025-12-17;10;2120
12;2025-12-17;11;2079
12;2025-12-17;12;2089
12;2025-12-17;13;2114
12;2025-12-17;14;2079
12;2025-12-17;15;2321
12;2025-12-17;16;2767
12;2025-12-17;17;3122
12;2025-12-17;18;3253
12;2025-12-17;19;2478
12;2025-12-17;20;1557
12;2025-12-17;21;959
12;2025-12-17;22;494
12;2025-12-17;23;261
12;2025-12-18;0;56
12;2025-12-18;1;2
12;2025-12-18;2;0
12;2025-12-18;3;0
12;2025-12-18;4;6
12;2025-12-18;5;338
12;2025-12-18;6;1429
12;2025-12-18;7;2758
12;2025-12-18;8;3655
12;2025-12-18;9;2584
12;2025-12-18;10;2120
12;2025-12-18;11;2079
12;2025-12-18;12;2092
12;2025-12-18;13;2118
12;2025-12-18;14;2083
12;2025-12-18;15;2325
12;2025-12-18;16;2771
12;2025-12-18;17;3120
12;2025-12-18;18;3252
12;2025-12-18;19;2477
12;2025-12-18;20;1555
12;2025-12-18;21;956
12;2025-12-18;22;494
12;2025-12-18;23;265
12;2025-12-19;0;58
12;2025-12-19;1;2
12;2025-12-19;2;0
12;2025-12-19;3;0
12;2025-12-19;4;5
12;2025-12-19;5;335
12;2025-12-19;6;1423
12;2025-12-19;7;2743
12;2025-12-19;8;3468
12;2025-12-19;9;2547
12;2025-12-19;10;2016
12;2025-12-19;11;2039
12;2025-12-19;12;2092
12;2025-12-19;13;2223
12;2025-12-19;14;2129
12;2025-12-19;15;2440
12;2025-12-19;16;2901
12;2025-12-19;17;2972
12;2025-12-19;18;2731
12;2025-12-19;19;2324
12;2025-12-19;20;1497
12;2025-12-19;21;950
12;2025-12-19;22;495
12;2025-12-19;23;304
12;2025-12-20;0;86
12;2025-12-20;1;4
12;2025-12-20;2;0
12;2025-12-20;3;0
12;2025-12-20;4;2
12;2025-12-20;5;230
12;2025-12-20;6;790
12;2025-12-20;7;932
12;2025-12-20;8;1054
12;2025-12-20;9;1287
12;2025-12-20;10;1464
12;2025-12-20;11;1593
12;2025-12-20;12;1672
12;2025-12-20;13;1806
12;2025-12-20;14;1731
12;2025-12-20;15;1727
12;2025-12-20;16;1795
12;2025-12-20;17;1758
12;2025-12-20;18;1614
12;2025-12-20;19;1433
12;2025-12-20;20;985
12;2025-12-20;21;757
12;2025-12-20;22;449
12;2025-12-20;23;295
12;2025-12-21;0;89
12;2025-12-21;1;6
12;2025-12-21;2;0
12;2025-12-21;3;0
12;2025-12-21;4;2
12;2025-12-21;5;153
12;2025-12-21;6;503
12;2025-12-21;7;617
12;2025-12-21;8;728
12;2025-12-21;9;954
12;2025-12-21;10;1154
12;2025-12-21;11;1380
12;2025-12-21;12;1494
12;2025-12-21;13;1631
12;2025-12-21;14;1561
12;2025-12-21;15;1560
12;2025-12-21;16;1561
12;2025-12-21;17;1559
12;2025-12-21;18;1348
12;2025-12-21;19;1070
12;2025-12-21;20;832
12;2025-12-21;21;597
12;2025-12-21;22;372
12;2025-12-21;23;215
12;2025-12-22;0;57
12;2025-12-22;1;2
12;2025-12-22;2;0
12;2025-12-22;3;0
12;2025-12-22;4;5
12;2025-12-22;5;331
12;2025-12-22;6;1438
12;2025-12-22;7;2746
12;2025-12-22;8;3618
12;2025-12-22;9;2557
12;2025-12-22;10;2000
12;2025-12-22;11;1924
12;2025-12-22;12;1996
12;2025-12-22;13;1997
12;2025-12-22;14;1994
12;2025-12-22;15;2263
12;2025-12-22;16;2750
12;2025-12-22;17;3055
12;2025-12-22;18;3214
12;2025-12-22;19;2458
12;2025-12-22;20;1567
12;2025-12-22;21;920
12;2025-12-22;22;439
12;2025-12-22;23;216
12;2025-12-23;0;54
12;2025-12-23;1;2
12;2025-12-23;2;0
12;2025-12-23;3;0
12;2025-12-23;4;6
12;2025-12-23;5;333
12;2025-12-23;6;1417
12;2025-12-23;7;2751
12;2025-12-23;8;3667
12;2025-12-23;9;2571
12;2025-12-23;10;2107
12;2025-12-23;11;2067
12;2025-12-23;12;2074
12;2025-12-23;13;2092
12;2025-12-23;14;2055
12;2025-12-23;15;2295
12;2025-12-23;16;2741
12;2025-12-23;17;3097
12;2025-12-23;18;3227
12;2025-12-23;19;2470
12;2025-12-23;20;1538
12;2025-12-23;21;939
12;2025-12-23;22;470
12;2025-12-23;23;231
12;2025-12-24;0;55
12;2025-12-24;1;2
12;2025-12-24;2;0
12;2025-12-24;3;0
12;2025-12-24;4;5
12;2025-12-24;5;331
12;2025-12-24;6;1421
12;2025-12-24;7;2751
12;2025-12-24;8;3649
12;2025-12-24;9;2577
12;2025-12-24;10;2114
12;2025-12-24;11;2076
12;2025-12-24;12;2040
12;2025-12-24;13;2075
12;2025-12-24;14;2080
12;2025-12-24;15;2291
12;2025-12-24;16;2769
12;2025-12-24;17;3124
12;2025-12-24;18;3224
12;2025-12-24;19;2483
12;2025-12-24;20;1555
12;2025-12-24;21;948
12;2025-12-24;22;486
12;2025-12-24;23;249
12;2025-12-25;0;56
12;2025-12-25;1;1
12;2025-12-25;2;0
12;2025-12-25;3;0
12;2025-12-25;4;6
12;2025-12-25;5;341
12;2025-12-25;6;1442
12;2025-12-25;7;2744
12;2025-12-25;8;3639
12;2025-12-25;9;2568
12;2025-12-25;10;2104
12;2025-12-25;11;2062
12;2025-12-25;12;2076
12;2025-12-25;13;2102
12;2025-12-25;14;2067
12;2025-12-25;15;2303
12;2025-12-25;16;2777
12;2025-12-25;17;3118
12;2025-12-25;18;3204
12;2025-12-25;19;2483
12;2025-12-25;20;1572
12;2025-12-25;21;963
12;2025-12-25;22;499
12;2025-12-25;23;261
12;2025-12-26;0;56
12;2025-12-26;1;1
12;2025-12-26;2;0
12;2025-12-26;3;0
12;2025-12-26;4;5
12;2025-12-26;5;313
12;2025-12-26;6;1444
12;2025-12-26;7;2742
12;2025-12-26;8;3491
12;2025-12-26;9;2511
12;2025-12-26;10;1953
12;2025-12-26;11;1964
12;2025-12-26;12;2003
12;2025-12-26;13;2190
12;2025-12-26;14;2101
12;2025-12-26;15;2414
12;2025-12-26;16;2881
12;2025-12-26;17;2980
12;2025-12-26;18;2748
12;2025-12-26;19;2321
12;2025-12-26;20;1486
12;2025-12-26;21;936
12;2025-12-26;22;483
12;2025-12-26;23;307
12;2025-12-27;0;86
12;2025-12-27;1;3
12;2025-12-27;2;0
12;2025-12-27;3;0
12;2025-12-27;4;2
12;2025-12-27;5;232
12;2025-12-27;6;790
12;2025-12-27;7;933
12;2025-12-27;8;1054
12;2025-12-27;9;1255
12;2025-12-27;10;1468
12;2025-12-27;11;1598
12;2025-12-27;12;1666
12;2025-12-27;13;1799
12;2025-12-27;14;1724
12;2025-12-27;15;1702
12;2025-12-27;16;1770
12;2025-12-27;17;1733
12;2025-12-27;18;1601
12;2025-12-27;19;1418
12;2025-12-27;20;971
12;2025-12-27;21;720
12;2025-12-27;22;419
12;2025-12-27;23;286
12;2025-12-28;0;87
12;2025-12-28;1;5
12;2025-12-28;2;0
12;2025-12-28;3;0
12;2025-12-28;4;2
12;2025-12-28;5;139
12;2025-12-28;6;497
12;2025-12-28;7;606
12;2025-12-28;8;700
12;2025-12-28;9;843
12;2025-12-28;10;1085
12;2025-12-28;11;1145
12;2025-12-28;12;1367
12;2025-12-28;13;1489
12;2025-12-28;14;1420
12;2025-12-28;15;1415
12;2025-12-28;16;1532
12;2025-12-28;17;1527
12;2025-12-28;18;1328
12;2025-12-28;19;1047
12;2025-12-28;20;787
12;2025-12-28;21;560
12;2025-12-28;22;364
12;2025-12-28;23;213
12;2025-12-29;0;54
12;2025-12-29;1;3
12;2025-12-29;2;0
12;2025-12-29;3;0
12;2025-12-29;4;5
12;2025-12-29;5;311
12;2025-12-29;6;1358
12;2025-12-29;7;2607
12;2025-12-29;8;3410
12;2025-12-29;9;2404
12;2025-12-29;10;1840
12;2025-12-29;11;1808
12;2025-12-29;12;1860
12;2025-12-29;13;1861
12;2025-12-29;14;1870
12;2025-12-29;15;2134
12;2025-12-29;16;2602
12;2025-12-29;17;2896
12;2025-12-29;18;3045
12;2025-12-29;19;2362
12;2025-12-29;20;1483
12;2025-12-29;21;867
12;2025-12-29;22;411
12;2025-12-29;23;204
12;2025-12-30;0;52
12;2025-12-30;1;2
12;2025-12-30;2;0
12;2025-12-30;3;0
12;2025-12-30;4;6
12;2025-12-30;5;311
12;2025-12-30;6;1352
12;2025-12-30;7;2634
12;2025-12-30;8;3479
12;2025-12-30;9;2465
12;2025-12-30;10;2003
12;2025-12-30;11;1944
12;2025-12-30;12;1945
12;2025-12-30;13;1955
12;2025-12-30;14;1949
12;2025-12-30;15;2191
12;2025-12-30;16;2621
12;2025-12-30;17;2958
12;2025-12-30;18;3075
12;2025-12-30;19;2368
12;2025-12-30;20;1479
12;2025-12-30;21;895
12;2025-12-30;22;457
12;2025-12-30;23;226
12;2025-12-31;0;73
12;2025-12-31;1;6
12;2025-12-31;2;0
12;2025-12-31;3;0
12;2025-12-31;4;2
12;2025-12-31;5;37
12;2025-12-31;6;361
12;2025-12-31;7;442
12;2025-12-31;8;508
12;2025-12-31;9;629
12;2025-12-31;10;780
12;2025-12-31;11;910
12;2025-12-31;12;1061
12;2025-12-31;13;1096
12;2025-12-31;14;1037
12;2025-12-31;15;1089
12;2025-12-31;16;1201
12;2025-12-31;17;1194
12;2025-12-31;18;1009
12;2025-12-31;19;806
12;2025-12-31;20;689
12;2025-12-31;21;449
12;2025-12-31;22;260
12;2025-12-31;23;115
17;2025-11-01;0;145
17;2025-11-01;1;19
17;2025-11-01;2;0
17;2025-11-01;3;0
17;2025-11-01;4;25
17;2025-11-01;5;311
17;2025-11-01;6;1498
17;2025-11-01;7;3919
17;2025-11-01;8;5105
17;2025-11-01;9;3711
17;2025-11-01;10;2997
17;2025-11-01;11;3021
17;2025-11-01;12;3021
17;2025-11-01;13;3178
17;2025-11-01;14;3256
17;2025-11-01;15;3490
17;2025-11-01;16;3963
17;2025-11-01;17;4504
17;2025-11-01;18;4307
17;2025-11-01;19;3229
17;2025-11-01;20;2321
17;2025-11-01;21;1499
17;2025-11-01;22;790
17;2025-11-01;23;436
17;2025-11-02;0;187
17;2025-11-02;1;25
17;2025-11-02;2;0
17;2025-11-02;3;0
17;2025-11-02;4;3
17;2025-11-02;5;107
17;2025-11-02;6;438
17;2025-11-02;7;851
17;2025-11-02;8;1296
17;2025-11-02;9;1796
17;2025-11-02;10;2085
17;2025-11-02;11;2636
17;2025-11-02;12;2983
17;2025-11-02;13;3011
17;2025-11-02;14;3299
17;2025-11-02;15;3294
17;2025-11-02;16;3213
17;2025-11-02;17;3077
17;2025-11-02;18;2786
17;2025-11-02;19;2250
17;2025-11-02;20;1710
17;2025-11-02;21;1204
17;2025-11-02;22;771
17;2025-11-02;23;337
17;2025-11-03;0;159
17;2025-11-03;1;23
17;2025-11-03;2;0
17;2025-11-03;3;0
17;2025-11-03;4;4
17;2025-11-03;5;134
17;2025-11-03;6;504
17;2025-11-03;7;928
17;2025-11-03;8;1389
17;2025-11-03;9;1720
17;2025-11-03;10;1971
17;2025-11-03;11;2383
17;2025-11-03;12;2610
17;2025-11-03;13;2711
17;2025-11-03;14;2781
17;2025-11-03;15;2801
17;2025-11-03;16;3091
17;2025-11-03;17;3059
17;2025-11-03;18;2881
17;2025-11-03;19;2385
17;2025-11-03;20;1842
17;2025-11-03;21;1315
17;2025-11-03;22;868
17;2025-11-03;23;424
17;2025-11-04;0;163
17;2025-11-04;1;23
17;2025-11-04;2;0
17;2025-11-04;3;0
17;2025-11-04;4;4
17;2025-11-04;5;129
17;2025-11-04;6;501
17;2025-11-04;7;931
17;2025-11-04;8;1329
17;2025-11-04;9;1631
17;2025-11-04;10;1880
17;2025-11-04;11;2344
17;2025-11-04;12;2559
17;2025-11-04;13;2696
17;2025-11-04;14;3119
17;2025-11-04;15;3140
17;2025-11-04;16;3095
17;2025-11-04;17;3053
17;2025-11-04;18;2878
17;2025-11-04;19;2378
17;2025-11-04;20;1830
17;2025-11-04;21;1306
17;2025-11-04;22;856
17;2025-11-04;23;414
17;2025-11-05;0;121
17;2025-11-05;1;12
17;2025-11-05;2;0
17;2025-11-05;3;0
17;2025-11-05;4;26
17;2025-11-05;5;330
17;2025-11-05;6;1568
17;2025-11-05;7;4123
17;2025-11-05;8;5419
17;2025-11-05;9;3898
17;2025-11-05;10;3124
17;2025-11-05;11;3103
17;2025-11-05;12;3108
17;2025-11-05;13;3169
17;2025-11-05;14;3249
17;2025-11-05;15;3413
17;2025-11-05;16;3814
17;2025-11-05;17;4626
17;2025-11-05;18;4924
17;2025-11-05;19;3474
17;2025-11-05;20;2420
17;2025-11-05;21;1515
17;2025-11-05;22;800
17;2025-11-05;23;389
17;2025-11-06;0;126
17;2025-11-06;1;12
17;2025-11-06;2;0
17;2025-11-06;3;0
17;2025-11-06;4;26
17;2025-11-06;5;331
17;2025-11-06;6;1571
17;2025-11-06;7;4126
17;2025-11-06;8;5360
17;2025-11-06;9;3903
17;2025-11-06;10;3138
17;2025-11-06;11;3003
17;2025-11-06;12;3123
17;2025-11-06;13;3194
17;2025-11-06;14;3276
17;2025-11-06;15;3379
17;2025-11-06;16;3796
17;2025-11-06;17;4643
17;2025-11-06;18;4934
17;2025-11-06;19;3470
17;2025-11-06;20;2384
17;2025-11-06;21;1528
17;2025-11-06;22;815
17;2025-11-06;23;408
17;2025-11-07;0;148
17;2025-11-07;1;15
17;2025-11-07;2;0
17;2025-11-07;3;0
17;2025-11-07;4;25
17;2025-11-07;5;327
17;2025-11-07;6;1557
17;2025-11-07;7;4077
17;2025-11-07;8;5240
17;2025-11-07;9;3727
17;2025-11-07;10;3085
17;2025-11-07;11;3120
17;2025-11-07;12;3106
17;2025-11-07;13;3282
17;2025-11-07;14;3366
17;2025-11-07;15;3614
17;2025-11-07;16;4118
17;2025-11-07;17;4678
17;2025-11-07;18;4474
17;2025-11-07;19;3345
17;2025-11-07;20;2404
17;2025-11-07;21;1556
17;2025-11-07;22;827
17;2025-11-07;23;462
17;2025-11-08;0;202
17;2025-11-08;1;25
17;2025-11-08;2;0
17;2025-11-08;3;0
17;2025-11-08;4;5
17;2025-11-08;5;146
17;2025-11-08;6;632
17;2025-11-08;7;1358
17;2025-11-08;8;1809
17;2025-11-08;9;2254
17;2025-11-08;10;2569
17;2025-11-08;11;3006
17;2025-11-08;12;3271
17;2025-11-08;13;3497
17;2025-11-08;14;3530
17;2025-11-08;15;3569
17;2025-11-08;16;3625
17;2025-11-08;17;3473
17;2025-11-08;18;3263
17;2025-11-08;19;2641
17;2025-11-08;20;1995
17;2025-11-08;21;1401
17;2025-11-08;22;898
17;2025-11-08;23;469
17;2025-11-09;0;192
17;2025-11-09;1;26
17;2025-11-09;2;0
17;2025-11-09;3;0
17;2025-11-09;4;4
17;2025-11-09;5;122
17;2025-11-09;6;473
17;2025-11-09;7;907
17;2025-11-09;8;1350
17;2025-11-09;9;1820
17;2025-11-09;10;2091
17;2025-11-09;11;2639
17;2025-11-09;12;2980
17;2025-11-09;13;3164
17;2025-11-09;14;3243
17;2025-11-09;15;3242
17;2025-11-09;16;3189
17;2025-11-09;17;3083
17;2025-11-09;18;2823
17;2025-11-09;19;2265
17;2025-11-09;20;1722
17;2025-11-09;21;1211
17;2025-11-09;22;772
17;2025-11-09;23;338
17;2025-11-10;0;115
17;2025-11-10;1;12
17;2025-11-10;2;0
17;2025-11-10;3;0
17;2025-11-10;4;26
17;2025-11-10;5;322
17;2025-11-10;6;1573
17;2025-11-10;7;4151
17;2025-11-10;8;5414
17;2025-11-10;9;3866
17;2025-11-10;10;2987
17;2025-11-10;11;2931
17;2025-11-10;12;2931
17;2025-11-10;13;3035
17;2025-11-10;14;3051
17;2025-11-10;15;3289
17;2025-11-10;16;3752
17;2025-11-10;17;4488
17;2025-11-10;18;4860
17;2025-11-10;19;3414
17;2025-11-10;20;2332
17;2025-11-10;21;1442
17;2025-11-10;22;725
17;2025-11-10;23;325
17;2025-11-11;0;113
17;2025-11-11;1;10
17;2025-11-11;2;0
17;2025-11-11;3;0
17;2025-11-11;4;26
17;2025-11-11;5;329
17;2025-11-11;6;1567
17;2025-11-11;7;4138
17;2025-11-11;8;5466
17;2025-11-11;9;3901
17;2025-11-11;10;3095
17;2025-11-11;11;3073
17;2025-11-11;12;3084
17;2025-11-11;13;3146
17;2025-11-11;14;3217
17;2025-11-11;15;3393
17;2025-11-11;16;3806
17;2025-11-11;17;4627
17;2025-11-11;18;4949
17;2025-11-11;19;3472
17;2025-11-11;20;2408
17;2025-11-11;21;1505
17;2025-11-11;22;783
17;2025-11-11;23;361
17;2025-11-12;0;117
17;2025-11-12;1;11
17;2025-11-12;2;0
17;2025-11-12;3;0
17;2025-11-12;4;26
17;2025-11-12;5;330
17;2025-11-12;6;1567
17;2025-11-12;7;4132
17;2025-11-12;8;5449
17;2025-11-12;9;3896
17;2025-11-12;10;3080
17;2025-11-12;11;3032
17;2025-11-12;12;3050
17;2025-11-12;13;3122
17;2025-11-12;14;3214
17;2025-11-12;15;3348
17;2025-11-12;16;3812
17;2025-11-12;17;4632
17;2025-11-12;18;4865
17;2025-11-12;19;3470
17;2025-11-12;20;2415
17;2025-11-12;21;1513
17;2025-11-12;22;800
17;2025-11-12;23;387
17;2025-11-13;0;124
17;2025-11-13;1;12
17;2025-11-13;2;0
17;2025-11-13;3;0
17;2025-11-13;4;26
17;2025-11-13;5;329
17;2025-11-13;6;1581
17;2025-11-13;7;4133
17;2025-11-13;8;5431
17;2025-11-13;9;3902
17;2025-11-13;10;3131
17;2025-11-13;11;3104
17;2025-11-13;12;3125
17;2025-11-13;13;3182
17;2025-11-13;14;3255
17;2025-11-13;15;3424
17;2025-11-13;16;3827
17;2025-11-13;17;4628
17;2025-11-13;18;4922
17;2025-11-13;19;3467
17;2025-11-13;20;2420
17;2025-11-13;21;1519
17;2025-11-13;22;805
17;2025-11-13;23;400
17;2025-11-14;0;144
17;2025-11-14;1;15
17;2025-11-14;2;0
17;2025-11-14;3;0
17;2025-11-14;4;25
17;2025-11-14;5;319
17;2025-11-14;6;1547
17;2025-11-14;7;4066
17;2025-11-14;8;5303
17;2025-11-14;9;3839
17;2025-11-14;10;3104
17;2025-11-14;11;3129
17;2025-11-14;12;3125
17;2025-11-14;13;3288
17;2025-11-14;14;3370
17;2025-11-14;15;3618
17;2025-11-14;16;4110
17;2025-11-14;17;4670
17;2025-11-14;18;4460
17;2025-11-14;19;3338
17;2025-11-14;20;2392
17;2025-11-14;21;1528
17;2025-11-14;22;805
17;2025-11-14;23;440
17;2025-11-15;0;192
17;2025-11-15;1;23
17;2025-11-15;2;0
17;2025-11-15;3;0
17;2025-11-15;4;5
17;2025-11-15;5;124
17;2025-11-15;6;579
17;2025-11-15;7;1317
17;2025-11-15;8;1687
17;2025-11-15;9;1968
17;2025-11-15;10;2147
17;2025-11-15;11;2432
17;2025-11-15;12;2741
17;2025-11-15;13;3308
17;2025-11-15;14;3512
17;2025-11-15;15;3539
17;2025-11-15;16;3589
17;2025-11-15;17;3441
17;2025-11-15;18;3227
17;2025-11-15;19;2607
17;2025-11-15;20;1972
17;2025-11-15;21;1378
17;2025-11-15;22;888
17;2025-11-15;23;462
17;2025-11-16;0;183
17;2025-11-16;1;24
17;2025-11-16;2;0
17;2025-11-16;3;0
17;2025-11-16;4;4
17;2025-11-16;5;63
17;2025-11-16;6;425
17;2025-11-16;7;839
17;2025-11-16;8;1246
17;2025-11-16;9;1769
17;2025-11-16;10;2049
17;2025-11-16;11;2622
17;2025-11-16;12;2987
17;2025-11-16;13;3179
17;2025-11-16;14;3258
17;2025-11-16;15;3238
17;2025-11-16;16;3195
17;2025-11-16;17;3100
17;2025-11-16;18;2793
17;2025-11-16;19;2244
17;2025-11-16;20;1704
17;2025-11-16;21;1199
17;2025-11-16;22;774
17;2025-11-16;23;350
17;2025-11-17;0;115
17;2025-11-17;1;12
17;2025-11-17;2;0
17;2025-11-17;3;0
17;2025-11-17;4;27
17;2025-11-17;5;327
17;2025-11-17;6;1577
17;2025-11-17;7;4149
17;2025-11-17;8;5384
17;2025-11-17;9;3867
17;2025-11-17;10;2964
17;2025-11-17;11;2910
17;2025-11-17;12;2862
17;2025-11-17;13;2927
17;2025-11-17;14;2983
17;2025-11-17;15;3172
17;2025-11-17;16;3696
17;2025-11-17;17;4402
17;2025-11-17;18;4861
17;2025-11-17;19;3412
17;2025-11-17;20;2330
17;2025-11-17;21;1424
17;2025-11-17;22;725
17;2025-11-17;23;325
17;2025-11-18;0;113
17;2025-11-18;1;10
17;2025-11-18;2;0
17;2025-11-18;3;0
17;2025-11-18;4;27
17;2025-11-18;5;295
17;2025-11-18;6;1576
17;2025-11-18;7;4145
17;2025-11-18;8;5344
17;2025-11-18;9;3761
17;2025-11-18;10;2939
17;2025-11-18;11;2978
17;2025-11-18;12;2993
17;2025-11-18;13;3045
17;2025-11-18;14;3108
17;2025-11-18;15;3285
17;2025-11-18;16;3804
17;2025-11-18;17;4627
17;2025-11-18;18;4872
17;2025-11-18;19;3428
17;2025-11-18;20;2401
17;2025-11-18;21;1503
17;2025-11-18;22;782
17;2025-11-18;23;358
17;2025-11-19;0;118
17;2025-11-19;1;11
17;2025-11-19;2;0
17;2025-11-19;3;0
17;2025-11-19;4;27
17;2025-11-19;5;330
17;2025-11-19;6;1568
17;2025-11-19;7;4134
17;2025-11-19;8;5421
17;2025-11-19;9;3901
17;2025-11-19;10;3115
17;2025-11-19;11;3089
17;2025-11-19;12;3099
17;2025-11-19;13;3164
17;2025-11-19;14;3232
17;2025-11-19;15;3402
17;2025-11-19;16;3809
17;2025-11-19;17;4629
17;2025-11-19;18;4938
17;2025-11-19;19;3473
17;2025-11-19;20;2418
17;2025-11-19;21;1515
17;2025-11-19;22;803
17;2025-11-19;23;383
17;2025-11-20;0;125
17;2025-11-20;1;12
17;2025-11-20;2;0
17;2025-11-20;3;0
17;2025-11-20;4;26
17;2025-11-20;5;329
17;2025-11-20;6;1566
17;2025-11-20;7;4128
17;2025-11-20;8;5403
17;2025-11-20;9;3902
17;2025-11-20;10;3123
17;2025-11-20;11;3097
17;2025-11-20;12;3113
17;2025-11-20;13;3182
17;2025-11-20;14;3254
17;2025-11-20;15;3423
17;2025-11-20;16;3826
17;2025-11-20;17;4634
17;2025-11-20;18;4934
17;2025-11-20;19;3461
17;2025-11-20;20;2415
17;2025-11-20;21;1514
17;2025-11-20;22;803
17;2025-11-20;23;391
17;2025-11-21;0;143
17;2025-11-21;1;15
17;2025-11-21;2;0
17;2025-11-21;3;0
17;2025-11-21;4;25
17;2025-11-21;5;329
17;2025-11-21;6;1551
17;2025-11-21;7;4015
17;2025-11-21;8;5271
17;2025-11-21;9;3830
17;2025-11-21;10;3087
17;2025-11-21;11;3114
17;2025-11-21;12;3070
17;2025-11-21;13;3279
17;2025-11-21;14;3348
17;2025-11-21;15;3590
17;2025-11-21;16;4103
17;2025-11-21;17;4669
17;2025-11-21;18;4458
17;2025-11-21;19;3341
17;2025-11-21;20;2401
17;2025-11-21;21;1552
17;2025-11-21;22;818
17;2025-11-21;23;448
17;2025-11-22;0;195
17;2025-11-22;1;25
17;2025-11-22;2;0
17;2025-11-22;3;0
17;2025-11-22;4;6
17;2025-11-22;5;127
17;2025-11-22;6;599
17;2025-11-22;7;1362
17;2025-11-22;8;1800
17;2025-11-22;9;2105
17;2025-11-22;10;2564
17;2025-11-22;11;2984
17;2025-11-22;12;3256
17;2025-11-22;13;3483
17;2025-11-22;14;3512
17;2025-11-22;15;3548
17;2025-11-22;16;3596
17;2025-11-22;17;3448
17;2025-11-22;18;3237
17;2025-11-22;19;2612
17;2025-11-22;20;1983
17;2025-11-22;21;1325
17;2025-11-22;22;845
17;2025-11-22;23;442
17;2025-11-23;0;182
17;2025-11-23;1;23
17;2025-11-23;2;0
17;2025-11-23;3;0
17;2025-11-23;4;4
17;2025-11-23;5;87
17;2025-11-23;6;422
17;2025-11-23;7;836
17;2025-11-23;8;1287
17;2025-11-23;9;1781
17;2025-11-23;10;2071
17;2025-11-23;11;2637
17;2025-11-23;12;2996
17;2025-11-23;13;3198
17;2025-11-23;14;3274
17;2025-11-23;15;3264
17;2025-11-23;16;3195
17;2025-11-23;17;3079
17;2025-11-23;18;2790
17;2025-11-23;19;2241
17;2025-11-23;20;1710
17;2025-11-23;21;1196
17;2025-11-23;22;769
17;2025-11-23;23;340
17;2025-11-24;0;115
17;2025-11-24;1;11
17;2025-11-24;2;0
17;2025-11-24;3;0
17;2025-11-24;4;27
17;2025-11-24;5;301
17;2025-11-24;6;1580
17;2025-11-24;7;4125
17;2025-11-24;8;5375
17;2025-11-24;9;3764
17;2025-11-24;10;2898
17;2025-11-24;11;2841
17;2025-11-24;12;2861
17;2025-11-24;13;3018
17;2025-11-24;14;3002
17;2025-11-24;15;3173
17;2025-11-24;16;3749
17;2025-11-24;17;4487
17;2025-11-24;18;4861
17;2025-11-24;19;3417
17;2025-11-24;20;2336
17;2025-11-24;21;1441
17;2025-11-24;22;725
17;2025-11-24;23;322
17;2025-11-25;0;113
17;2025-11-25;1;10
17;2025-11-25;2;0
17;2025-11-25;3;0
17;2025-11-25;4;27
17;2025-11-25;5;331
17;2025-11-25;6;1570
17;2025-11-25;7;4142
17;2025-11-25;8;5442
17;2025-11-25;9;3907
17;2025-11-25;10;3095
17;2025-11-25;11;3065
17;2025-11-25;12;3072
17;2025-11-25;13;3140
17;2025-11-25;14;3207
17;2025-11-25;15;3383
17;2025-11-25;16;3801
17;2025-11-25;17;4626
17;2025-11-25;18;4949
17;2025-11-25;19;3474
17;2025-11-25;20;2409
17;2025-11-25;21;1504
17;2025-11-25;22;784
17;2025-11-25;23;361
17;2025-11-26;0;117
17;2025-11-26;1;12
17;2025-11-26;2;0
17;2025-11-26;3;0
17;2025-11-26;4;26
17;2025-11-26;5;340
17;2025-11-26;6;1588
17;2025-11-26;7;4048
17;2025-11-26;8;5352
17;2025-11-26;9;3799
17;2025-11-26;10;3038
17;2025-11-26;11;3002
17;2025-11-26;12;3030
17;2025-11-26;13;3146
17;2025-11-26;14;3204
17;2025-11-26;15;3340
17;2025-11-26;16;3691
17;2025-11-26;17;4291
17;2025-11-26;18;4863
17;2025-11-26;19;3413
17;2025-11-26;20;2400
17;2025-11-26;21;1492
17;2025-11-26;22;782
17;2025-11-26;23;379
17;2025-11-27;0;123
17;2025-11-27;1;12
17;2025-11-27;2;0
17;2025-11-27;3;0
17;2025-11-27;4;26
17;2025-11-27;5;329
17;2025-11-27;6;1568
17;2025-11-27;7;4133
17;2025-11-27;8;5438
17;2025-11-27;9;3902
17;2025-11-27;10;3131
17;2025-11-27;11;3018
17;2025-11-27;12;3035
17;2025-11-27;13;3132
17;2025-11-27;14;3165
17;2025-11-27;15;3430
17;2025-11-27;16;3833
17;2025-11-27;17;4292
17;2025-11-27;18;4592
17;2025-11-27;19;3398
17;2025-11-27;20;2394
17;2025-11-27;21;1488
17;2025-11-27;22;769
17;2025-11-27;23;365
17;2025-11-28;0;140
17;2025-11-28;1;13
17;2025-11-28;2;0
17;2025-11-28;3;0
17;2025-11-28;4;25
17;2025-11-28;5;319
17;2025-11-28;6;1548
17;2025-11-28;7;4067
17;2025-11-28;8;5304
17;2025-11-28;9;3832
17;2025-11-28;10;3082
17;2025-11-28;11;3109
17;2025-11-28;12;3099
17;2025-11-28;13;3283
17;2025-11-28;14;3359
17;2025-11-28;15;3600
17;2025-11-28;16;4104
17;2025-11-28;17;4662
17;2025-11-28;18;4457
17;2025-11-28;19;3338
17;2025-11-28;20;2399
17;2025-11-28;21;1549
17;2025-11-28;22;817
17;2025-11-28;23;447
17;2025-11-29;0;195
17;2025-11-29;1;25
17;2025-11-29;2;0
17;2025-11-29;3;0
17;2025-11-29;4;5
17;2025-11-29;5;133
17;2025-11-29;6;608
17;2025-11-29;7;1318
17;2025-11-29;8;1762
17;2025-11-29;9;2237
17;2025-11-29;10;2564
17;2025-11-29;11;2984
17;2025-11-29;12;3252
17;2025-11-29;13;3476
17;2025-11-29;14;3508
17;2025-11-29;15;3539
17;2025-11-29;16;3589
17;2025-11-29;17;3441
17;2025-11-29;18;3227
17;2025-11-29;19;2612
17;2025-11-29;20;1983
17;2025-11-29;21;1383
17;2025-11-29;22;888
17;2025-11-29;23;455
17;2025-11-30;0;184
17;2025-11-30;1;25
17;2025-11-30;2;0
17;2025-11-30;3;0
17;2025-11-30;4;4
17;2025-11-30;5;97
17;2025-11-30;6;423
17;2025-11-30;7;840
17;2025-11-30;8;1287
17;2025-11-30;9;1783
17;2025-11-30;10;2071
17;2025-11-30;11;2637
17;2025-11-30;12;2996
17;2025-11-30;13;3198
17;2025-11-30;14;3283
17;2025-11-30;15;3278
17;2025-11-30;16;3206
17;2025-11-30;17;3100
17;2025-11-30;18;2822
17;2025-11-30;19;2262
17;2025-11-30;20;1719
17;2025-11-30;21;1209
17;2025-11-30;22;774
17;2025-11-30;23;342
17;2025-12-01;0;115
17;2025-12-01;1;12
17;2025-12-01;2;0
17;2025-12-01;3;0
17;2025-12-01;4;26
17;2025-12-01;5;325
17;2025-12-01;6;1584
17;2025-12-01;7;4162
17;2025-12-01;8;5400
17;2025-12-01;9;3872
17;2025-12-01;10;2997
17;2025-12-01;11;2935
17;2025-12-01;12;2934
17;2025-12-01;13;3031
17;2025-12-01;14;3040
17;2025-12-01;15;3281
17;2025-12-01;16;3745
17;2025-12-01;17;4485
17;2025-12-01;18;4855
17;2025-12-01;19;3413
17;2025-12-01;20;2333
17;2025-12-01;21;1442
17;2025-12-01;22;726
17;2025-12-01;23;324
17;2025-12-02;0;113
17;2025-12-02;1;10
17;2025-12-02;2;0
17;2025-12-02;3;0
17;2025-12-02;4;27
17;2025-12-02;5;330
17;2025-12-02;6;1567
17;2025-12-02;7;4136
17;2025-12-02;8;5437
17;2025-12-02;9;3897
17;2025-12-02;10;3090
17;2025-12-02;11;3058
17;2025-12-02;12;3067
17;2025-12-02;13;3135
17;2025-12-02;14;3204
17;2025-12-02;15;3378
17;2025-12-02;16;3795
17;2025-12-02;17;4619
17;2025-12-02;18;4941
17;2025-12-02;19;3468
17;2025-12-02;20;2405
17;2025-12-02;21;1503
17;2025-12-02;22;783
17;2025-12-02;23;359
17;2025-12-03;0;117
17;2025-12-03;1;11
17;2025-12-03;2;0
17;2025-12-03;3;0
17;2025-12-03;4;26
17;2025-12-03;5;330
17;2025-12-03;6;1565
17;2025-12-03;7;4127
17;2025-12-03;8;5412
17;2025-12-03;9;3891
17;2025-12-03;10;3110
17;2025-12-03;11;3083
17;2025-12-03;12;3094
17;2025-12-03;13;3159
17;2025-12-03;14;3227
17;2025-12-03;15;3396
17;2025-12-03;16;3803
17;2025-12-03;17;4625
17;2025-12-03;18;4934
17;2025-12-03;19;3467
17;2025-12-03;20;2414
17;2025-12-03;21;1512
17;2025-12-03;22;801
17;2025-12-03;23;385
17;2025-12-04;0;124
17;2025-12-04;1;12
17;2025-12-04;2;0
17;2025-12-04;3;0
17;2025-12-04;4;26
17;2025-12-04;5;328
17;2025-12-04;6;1563
17;2025-12-04;7;4122
17;2025-12-04;8;5411
17;2025-12-04;9;3892
17;2025-12-04;10;3117
17;2025-12-04;11;3092
17;2025-12-04;12;3108
17;2025-12-04;13;3179
17;2025-12-04;14;3245
17;2025-12-04;15;3419
17;2025-12-04;16;3820
17;2025-12-04;17;4622
17;2025-12-04;18;4933
17;2025-12-04;19;3464
17;2025-12-04;20;2415
17;2025-12-04;21;1516
17;2025-12-04;22;805
17;2025-12-04;23;396
17;2025-12-05;0;143
17;2025-12-05;1;15
17;2025-12-05;2;0
17;2025-12-05;3;0
17;2025-12-05;4;25
17;2025-12-05;5;317
17;2025-12-05;6;1542
17;2025-12-05;7;4049
17;2025-12-05;8;5277
17;2025-12-05;9;3824
17;2025-12-05;10;3081
17;2025-12-05;11;3109
17;2025-12-05;12;3100
17;2025-12-05;13;3276
17;2025-12-05;14;3339
17;2025-12-05;15;3586
17;2025-12-05;16;4098
17;2025-12-05;17;4659
17;2025-12-05;18;4450
17;2025-12-05;19;3332
17;2025-12-05;20;2395
17;2025-12-05;21;1547
17;2025-12-05;22;815
17;2025-12-05;23;446
17;2025-12-06;0;195
17;2025-12-06;1;25
17;2025-12-06;2;0
17;2025-12-06;3;0
17;2025-12-06;4;5
17;2025-12-06;5;135
17;2025-12-06;6;611
17;2025-12-06;7;1324
17;2025-12-06;8;1769
17;2025-12-06;9;2245
17;2025-12-06;10;2573
17;2025-12-06;11;2992
17;2025-12-06;12;3263
17;2025-12-06;13;3489
17;2025-12-06;14;3519
17;2025-12-06;15;3558
17;2025-12-06;16;3606
17;2025-12-06;17;3457
17;2025-12-06;18;3248
17;2025-12-06;19;2612
17;2025-12-06;20;1980
17;2025-12-06;21;1389
17;2025-12-06;22;886
17;2025-12-06;23;456
17;2025-12-07;0;185
17;2025-12-07;1;25
17;2025-12-07;2;0
17;2025-12-07;3;0
17;2025-12-07;4;3
17;2025-12-07;5;99
17;2025-12-07;6;425
17;2025-12-07;7;842
17;2025-12-07;8;1290
17;2025-12-07;9;1788
17;2025-12-07;10;2078
17;2025-12-07;11;2646
17;2025-12-07;12;3006
17;2025-12-07;13;3209
17;2025-12-07;14;3286
17;2025-12-07;15;3281
17;2025-12-07;16;3206
17;2025-12-07;17;3100
17;2025-12-07;18;2815
17;2025-12-07;19;2266
17;2025-12-07;20;1721
17;2025-12-07;21;1207
17;2025-12-07;22;777
17;2025-12-07;23;345
17;2025-12-08;0;115
17;2025-12-08;1;12
17;2025-12-08;2;0
17;2025-12-08;3;0
17;2025-12-08;4;27
17;2025-12-08;5;325
17;2025-12-08;6;1584
17;2025-12-08;7;4162
17;2025-12-08;8;5400
17;2025-12-08;9;3881
17;2025-12-08;10;2994
17;2025-12-08;11;2932
17;2025-12-08;12;2934
17;2025-12-08;13;3030
17;2025-12-08;14;3044
17;2025-12-08;15;3281
17;2025-12-08;16;3745
17;2025-12-08;17;4485
17;2025-12-08;18;4855
17;2025-12-08;19;3413
17;2025-12-08;20;2332
17;2025-12-08;21;1441
17;2025-12-08;22;726
17;2025-12-08;23;323
17;2025-12-09;0;113
17;2025-12-09;1;10
17;2025-12-09;2;0
17;2025-12-09;3;0
17;2025-12-09;4;27
17;2025-12-09;5;330
17;2025-12-09;6;1567
17;2025-12-09;7;4135
17;2025-12-09;8;5435
17;2025-12-09;9;3903
17;2025-12-09;10;3089
17;2025-12-09;11;3058
17;2025-12-09;12;3066
17;2025-12-09;13;3134
17;2025-12-09;14;3202
17;2025-12-09;15;3372
17;2025-12-09;16;3789
17;2025-12-09;17;4616
17;2025-12-09;18;4938
17;2025-12-09;19;3469
17;2025-12-09;20;2406
17;2025-12-09;21;1504
17;2025-12-09;22;774
17;2025-12-09;23;357
17;2025-12-10;0;117
17;2025-12-10;1;12
17;2025-12-10;2;0
17;2025-12-10;3;0
17;2025-12-10;4;27
17;2025-12-10;5;346
17;2025-12-10;6;1595
17;2025-12-10;7;4067
17;2025-12-10;8;5378
17;2025-12-10;9;3866
17;2025-12-10;10;3080
17;2025-12-10;11;3055
17;2025-12-10;12;3094
17;2025-12-10;13;3158
17;2025-12-10;14;3225
17;2025-12-10;15;3394
17;2025-12-10;16;3799
17;2025-12-10;17;4622
17;2025-12-10;18;4930
17;2025-12-10;19;3468
17;2025-12-10;20;2414
17;2025-12-10;21;1513
17;2025-12-10;22;802
17;2025-12-10;23;386
17;2025-12-11;0;124
17;2025-12-11;1;12
17;2025-12-11;2;0
17;2025-12-11;3;0
17;2025-12-11;4;26
17;2025-12-11;5;328
17;2025-12-11;6;1564
17;2025-12-11;7;4122
17;2025-12-11;8;5311
17;2025-12-11;9;3770
17;2025-12-11;10;3041
17;2025-12-11;11;3038
17;2025-12-11;12;3053
17;2025-12-11;13;3160
17;2025-12-11;14;3248
17;2025-12-11;15;3357
17;2025-12-11;16;3751
17;2025-12-11;17;4281
17;2025-12-11;18;4587
17;2025-12-11;19;3396
17;2025-12-11;20;2392
17;2025-12-11;21;1489
17;2025-12-11;22;797
17;2025-12-11;23;396
17;2025-12-12;0;142
17;2025-12-12;1;15
17;2025-12-12;2;0
17;2025-12-12;3;0
17;2025-12-12;4;25
17;2025-12-12;5;320
17;2025-12-12;6;1564
17;2025-12-12;7;4055
17;2025-12-12;8;5265
17;2025-12-12;9;3831
17;2025-12-12;10;3049
17;2025-12-12;11;3110
17;2025-12-12;12;3000
17;2025-12-12;13;3144
17;2025-12-12;14;3206
17;2025-12-12;15;3341
17;2025-12-12;16;3868
17;2025-12-12;17;4432
17;2025-12-12;18;4449
17;2025-12-12;19;3335
17;2025-12-12;20;2400
17;2025-12-12;21;1555
17;2025-12-12;22;819
17;2025-12-12;23;443
17;2025-12-13;0;195
17;2025-12-13;1;24
17;2025-12-13;2;0
17;2025-12-13;3;0
17;2025-12-13;4;5
17;2025-12-13;5;121
17;2025-12-13;6;592
17;2025-12-13;7;1349
17;2025-12-13;8;1754
17;2025-12-13;9;2219
17;2025-12-13;10;2532
17;2025-12-13;11;2952
17;2025-12-13;12;3227
17;2025-12-13;13;3459
17;2025-12-13;14;3493
17;2025-12-13;15;3550
17;2025-12-13;16;3601
17;2025-12-13;17;3452
17;2025-12-13;18;3238
17;2025-12-13;19;2605
17;2025-12-13;20;1955
17;2025-12-13;21;1338
17;2025-12-13;22;892
17;2025-12-13;23;445
17;2025-12-14;0;184
17;2025-12-14;1;24
17;2025-12-14;2;0
17;2025-12-14;3;0
17;2025-12-14;4;4
17;2025-12-14;5;64
17;2025-12-14;6;387
17;2025-12-14;7;802
17;2025-12-14;8;1232
17;2025-12-14;9;1763
17;2025-12-14;10;2039
17;2025-12-14;11;2615
17;2025-12-14;12;3006
17;2025-12-14;13;3216
17;2025-12-14;14;3293
17;2025-12-14;15;3293
17;2025-12-14;16;3238
17;2025-12-14;17;3132
17;2025-12-14;18;2827
17;2025-12-14;19;2281
17;2025-12-14;20;1737
17;2025-12-14;21;1228
17;2025-12-14;22;796
17;2025-12-14;23;360
17;2025-12-15;0;115
17;2025-12-15;1;12
17;2025-12-15;2;0
17;2025-12-15;3;0
17;2025-12-15;4;26
17;2025-12-15;5;315
17;2025-12-15;6;1566
17;2025-12-15;7;4140
17;2025-12-15;8;5372
17;2025-12-15;9;3852
17;2025-12-15;10;2983
17;2025-12-15;11;2864
17;2025-12-15;12;2918
17;2025-12-15;13;3012
17;2025-12-15;14;3027
17;2025-12-15;15;3289
17;2025-12-15;16;3726
17;2025-12-15;17;4465
17;2025-12-15;18;4845
17;2025-12-15;19;3419
17;2025-12-15;20;2349
17;2025-12-15;21;1456
17;2025-12-15;22;739
17;2025-12-15;23;339
17;2025-12-16;0;113
17;2025-12-16;1;11
17;2025-12-16;2;0
17;2025-12-16;3;0
17;2025-12-16;4;27
17;2025-12-16;5;343
17;2025-12-16;6;1562
17;2025-12-16;7;4131
17;2025-12-16;8;5426
17;2025-12-16;9;3894
17;2025-12-16;10;3043
17;2025-12-16;11;2990
17;2025-12-16;12;2971
17;2025-12-16;13;3014
17;2025-12-16;14;3174
17;2025-12-16;15;3378
17;2025-12-16;16;3795
17;2025-12-16;17;4619
17;2025-12-16;18;4941
17;2025-12-16;19;3467
17;2025-12-16;20;2404
17;2025-12-16;21;1501
17;2025-12-16;22;781
17;2025-12-16;23;357
17;2025-12-17;0;117
17;2025-12-17;1;11
17;2025-12-17;2;0
17;2025-12-17;3;0
17;2025-12-17;4;26
17;2025-12-17;5;330
17;2025-12-17;6;1566
17;2025-12-17;7;4128
17;2025-12-17;8;5426
17;2025-12-17;9;3894
17;2025-12-17;10;3110
17;2025-12-17;11;3083
17;2025-12-17;12;3094
17;2025-12-17;13;3159
17;2025-12-17;14;3227
17;2025-12-17;15;3396
17;2025-12-17;16;3803
17;2025-12-17;17;4625
17;2025-12-17;18;4934
17;2025-12-17;19;3467
17;2025-12-17;20;2413
17;2025-12-17;21;1512
17;2025-12-17;22;801
17;2025-12-17;23;386
17;2025-12-18;0;124
17;2025-12-18;1;12
17;2025-12-18;2;0
17;2025-12-18;3;0
17;2025-12-18;4;26
17;2025-12-18;5;327
17;2025-12-18;6;1562
17;2025-12-18;7;4121
17;2025-12-18;8;5397
17;2025-12-18;9;3895
17;2025-12-18;10;3118
17;2025-12-18;11;3091
17;2025-12-18;12;3107
17;2025-12-18;13;3176
17;2025-12-18;14;3246
17;2025-12-18;15;3414
17;2025-12-18;16;3820
17;2025-12-18;17;4629
17;2025-12-18;18;4934
17;2025-12-18;19;3462
17;2025-12-18;20;2414
17;2025-12-18;21;1514
17;2025-12-18;22;804
17;2025-12-18;23;392
17;2025-12-19;0;143
17;2025-12-19;1;15
17;2025-12-19;2;0
17;2025-12-19;3;0
17;2025-12-19;4;25
17;2025-12-19;5;316
17;2025-12-19;6;1540
17;2025-12-19;7;4048
17;2025-12-19;8;5262
17;2025-12-19;9;3827
17;2025-12-19;10;3082
17;2025-12-19;11;3110
17;2025-12-19;12;3104
17;2025-12-19;13;3276
17;2025-12-19;14;3343
17;2025-12-19;15;3582
17;2025-12-19;16;4090
17;2025-12-19;17;4580
17;2025-12-19;18;4381
17;2025-12-19;19;3328
17;2025-12-19;20;2392
17;2025-12-19;21;1545
17;2025-12-19;22;813
17;2025-12-19;23;446
17;2025-12-20;0;195
17;2025-12-20;1;26
17;2025-12-20;2;0
17;2025-12-20;3;0
17;2025-12-20;4;5
17;2025-12-20;5;131
17;2025-12-20;6;611
17;2025-12-20;7;1324
17;2025-12-20;8;1768
17;2025-12-20;9;2246
17;2025-12-20;10;2568
17;2025-12-20;11;2989
17;2025-12-20;12;3264
17;2025-12-20;13;3489
17;2025-12-20;14;3516
17;2025-12-20;15;3552
17;2025-12-20;16;3602
17;2025-12-20;17;3454
17;2025-12-20;18;3239
17;2025-12-20;19;2609
17;2025-12-20;20;1979
17;2025-12-20;21;1383
17;2025-12-20;22;887
17;2025-12-20;23;453
17;2025-12-21;0;184
17;2025-12-21;1;23
17;2025-12-21;2;0
17;2025-12-21;3;0
17;2025-12-21;4;4
17;2025-12-21;5;97
17;2025-12-21;6;403
17;2025-12-21;7;832
17;2025-12-21;8;1290
17;2025-12-21;9;1788
17;2025-12-21;10;2078
17;2025-12-21;11;2646
17;2025-12-21;12;3006
17;2025-12-21;13;3206
17;2025-12-21;14;3281
17;2025-12-21;15;3276
17;2025-12-21;16;3206
17;2025-12-21;17;3100
17;2025-12-21;18;2815
17;2025-12-21;19;2266
17;2025-12-21;20;1721
17;2025-12-21;21;1207
17;2025-12-21;22;763
17;2025-12-21;23;343
17;2025-12-22;0;115
17;2025-12-22;1;11
17;2025-12-22;2;0
17;2025-12-22;3;0
17;2025-12-22;4;27
17;2025-12-22;5;325
17;2025-12-22;6;1585
17;2025-12-22;7;4163
17;2025-12-22;8;5414
17;2025-12-22;9;3850
17;2025-12-22;10;2956
17;2025-12-22;11;2897
17;2025-12-22;12;2901
17;2025-12-22;13;3031
17;2025-12-22;14;3044
17;2025-12-22;15;3223
17;2025-12-22;16;3740
17;2025-12-22;17;4473
17;2025-12-22;18;4746
17;2025-12-22;19;3410
17;2025-12-22;20;2332
17;2025-12-22;21;1442
17;2025-12-22;22;718
17;2025-12-22;23;323
17;2025-12-23;0;113
17;2025-12-23;1;11
17;2025-12-23;2;0
17;2025-12-23;3;0
17;2025-12-23;4;27
17;2025-12-23;5;335
17;2025-12-23;6;1576
17;2025-12-23;7;4149
17;2025-12-23;8;5444
17;2025-12-23;9;3910
17;2025-12-23;10;3075
17;2025-12-23;11;3048
17;2025-12-23;12;3057
17;2025-12-23;13;3126
17;2025-12-23;14;3192
17;2025-12-23;15;3365
17;2025-12-23;16;3780
17;2025-12-23;17;4603
17;2025-12-23;18;4915
17;2025-12-23;19;3472
17;2025-12-23;20;2408
17;2025-12-23;21;1503
17;2025-12-23;22;781
17;2025-12-23;23;355
17;2025-12-24;0;117
17;2025-12-24;1;12
17;2025-12-24;2;0
17;2025-12-24;3;0
17;2025-12-24;4;26
17;2025-12-24;5;326
17;2025-12-24;6;1561
17;2025-12-24;7;4124
17;2025-12-24;8;5400
17;2025-12-24;9;3889
17;2025-12-24;10;3097
17;2025-12-24;11;3074
17;2025-12-24;12;3022
17;2025-12-24;13;3113
17;2025-12-24;14;3222
17;2025-12-24;15;3309
17;2025-12-24;16;3790
17;2025-12-24;17;4609
17;2025-12-24;18;4819
17;2025-12-24;19;3470
17;2025-12-24;20;2418
17;2025-12-24;21;1503
17;2025-12-24;22;792
17;2025-12-24;23;375
17;2025-12-25;0;123
17;2025-12-25;1;11
17;2025-12-25;2;0
17;2025-12-25;3;0
17;2025-12-25;4;26
17;2025-12-25;5;332
17;2025-12-25;6;1576
17;2025-12-25;7;4123
17;2025-12-25;8;5394
17;2025-12-25;9;3893
17;2025-12-25;10;3110
17;2025-12-25;11;3076
17;2025-12-25;12;3099
17;2025-12-25;13;3168
17;2025-12-25;14;3237
17;2025-12-25;15;3415
17;2025-12-25;16;3826
17;2025-12-25;17;4377
17;2025-12-25;18;4563
17;2025-12-25;19;3400
17;2025-12-25;20;2400
17;2025-12-25;21;1501
17;2025-12-25;22;785
17;2025-12-25;23;374
17;2025-12-26;0;139
17;2025-12-26;1;14
17;2025-12-26;2;0
17;2025-12-26;3;0
17;2025-12-26;4;25
17;2025-12-26;5;308
17;2025-12-26;6;1558
17;2025-12-26;7;3944
17;2025-12-26;8;5219
17;2025-12-26;9;3672
17;2025-12-26;10;2951
17;2025-12-26;11;2952
17;2025-12-26;12;2937
17;2025-12-26;13;3250
17;2025-12-26;14;3308
17;2025-12-26;15;3517
17;2025-12-26;16;4031
17;2025-12-26;17;4436
17;2025-12-26;18;4245
17;2025-12-26;19;3280
17;2025-12-26;20;2385
17;2025-12-26;21;1537
17;2025-12-26;22;807
17;2025-12-26;23;449
17;2025-12-27;0;195
17;2025-12-27;1;25
17;2025-12-27;2;0
17;2025-12-27;3;0
17;2025-12-27;4;5
17;2025-12-27;5;135
17;2025-12-27;6;611
17;2025-12-27;7;1324
17;2025-12-27;8;1770
17;2025-12-27;9;2225
17;2025-12-27;10;2573
17;2025-12-27;11;2995
17;2025-12-27;12;3256
17;2025-12-27;13;3480
17;2025-12-27;14;3507
17;2025-12-27;15;3536
17;2025-12-27;16;3586
17;2025-12-27;17;3463
17;2025-12-27;18;3236
17;2025-12-27;19;2620
17;2025-12-27;20;1991
17;2025-12-27;21;1359
17;2025-12-27;22;842
17;2025-12-27;23;449
17;2025-12-28;0;182
17;2025-12-28;1;23
17;2025-12-28;2;0
17;2025-12-28;3;0
17;2025-12-28;4;4
17;2025-12-28;5;84
17;2025-12-28;6;412
17;2025-12-28;7;751
17;2025-12-28;8;1197
17;2025-12-28;9;1584
17;2025-12-28;10;1960
17;2025-12-28;11;2309
17;2025-12-28;12;2784
17;2025-12-28;13;2934
17;2025-12-28;14;3005
17;2025-12-28;15;2998
17;2025-12-28;16;3219
17;2025-12-28;17;3112
17;2025-12-28;18;2814
17;2025-12-28;19;2262
17;2025-12-28;20;1695
17;2025-12-28;21;1183
17;2025-12-28;22;769
17;2025-12-28;23;352
17;2025-12-29;0;109
17;2025-12-29;1;11
17;2025-12-29;2;0
17;2025-12-29;3;0
17;2025-12-29;4;25
17;2025-12-29;5;306
17;2025-12-29;6;1505
17;2025-12-29;7;3951
17;2025-12-29;8;5080
17;2025-12-29;9;3637
17;2025-12-29;10;2813
17;2025-12-29;11;2755
17;2025-12-29;12;2754
17;2025-12-29;13;2857
17;2025-12-29;14;2869
17;2025-12-29;15;3063
17;2025-12-29;16;3533
17;2025-12-29;17;4206
17;2025-12-29;18;4392
17;2025-12-29;19;3215
17;2025-12-29;20;2234
17;2025-12-29;21;1380
17;2025-12-29;22;696
17;2025-12-29;23;309
17;2025-12-30;0;108
17;2025-12-30;1;11
17;2025-12-30;2;0
17;2025-12-30;3;0
17;2025-12-30;4;25
17;2025-12-30;5;304
17;2025-12-30;6;1491
17;2025-12-30;7;3893
17;2025-12-30;8;5068
17;2025-12-30;9;3590
17;2025-12-30;10;2847
17;2025-12-30;11;2793
17;2025-12-30;12;2818
17;2025-12-30;13;2892
17;2025-12-30;14;2992
17;2025-12-30;15;3141
17;2025-12-30;16;3552
17;2025-12-30;17;4150
17;2025-12-30;18;4618
17;2025-12-30;19;3245
17;2025-12-30;20;2277
17;2025-12-30;21;1416
17;2025-12-30;22;744
17;2025-12-30;23;331
17;2025-12-31;0;154
17;2025-12-31;1;23
17;2025-12-31;2;0
17;2025-12-31;3;0
17;2025-12-31;4;4
17;2025-12-31;5;28
17;2025-12-31;6;307
17;2025-12-31;7;653
17;2025-12-31;8;1097
17;2025-12-31;9;1339
17;2025-12-31;10;1562
17;2025-12-31;11;2016
17;2025-12-31;12;2515
17;2025-12-31;13;2478
17;2025-12-31;14;2535
17;2025-12-31;15;2554
17;2025-12-31;16;2785
17;2025-12-31;17;2771
17;2025-12-31;18;2380
17;2025-12-31;19;1949
17;2025-12-31;20;1590
17;2025-12-31;21;1081
17;2025-12-31;22;677
17;2025-12-31;23;255
25;2025-11-01;0;1
25;2025-11-01;1;0
25;2025-11-01;2;0
25;2025-11-01;3;0
25;2025-11-01;4;0
25;2025-11-01;5;8
25;2025-11-01;6;196
25;2025-11-01;7;584
25;2025-11-01;8;932
25;2025-11-01;9;491
25;2025-11-01;10;422
25;2025-11-01;11;456
25;2025-11-01;12;458
25;2025-11-01;13;553
25;2025-11-01;14;527
25;2025-11-01;15;625
25;2025-11-01;16;788
25;2025-11-01;17;801
25;2025-11-01;18;735
25;2025-11-01;19;569
25;2025-11-01;20;339
25;2025-11-01;21;231
25;2025-11-01;22;122
25;2025-11-01;23;15
25;2025-11-02;0;9
25;2025-11-02;1;0
25;2025-11-02;2;0
25;2025-11-02;3;0
25;2025-11-02;4;0
25;2025-11-02;5;5
25;2025-11-02;6;67
25;2025-11-02;7;107
25;2025-11-02;8;207
25;2025-11-02;9;264
25;2025-11-02;10;278
25;2025-11-02;11;357
25;2025-11-02;12;430
25;2025-11-02;13;517
25;2025-11-02;14;588
25;2025-11-02;15;634
25;2025-11-02;16;577
25;2025-11-02;17;556
25;2025-11-02;18;497
25;2025-11-02;19;380
25;2025-11-02;20;275
25;2025-11-02;21;211
25;2025-11-02;22;120
25;2025-11-02;23;39
25;2025-11-03;0;7
25;2025-11-03;1;0
25;2025-11-03;2;0
25;2025-11-03;3;0
25;2025-11-03;4;0
25;2025-11-03;5;8
25;2025-11-03;6;71
25;2025-11-03;7;116
25;2025-11-03;8;196
25;2025-11-03;9;221
25;2025-11-03;10;223
25;2025-11-03;11;264
25;2025-11-03;12;333
25;2025-11-03;13;434
25;2025-11-03;14;464
25;2025-11-03;15;516
25;2025-11-03;16;525
25;2025-11-03;17;509
25;2025-11-03;18;470
25;2025-11-03;19;409
25;2025-11-03;20;320
25;2025-11-03;21;242
25;2025-11-03;22;143
25;2025-11-03;23;60
25;2025-11-04;0;7
25;2025-11-04;1;0
25;2025-11-04;2;0
25;2025-11-04;3;0
25;2025-11-04;4;0
25;2025-11-04;5;3
25;2025-11-04;6;62
25;2025-11-04;7;106
25;2025-11-04;8;208
25;2025-11-04;9;211
25;2025-11-04;10;205
25;2025-11-04;11;263
25;2025-11-04;12;315
25;2025-11-04;13;429
25;2025-11-04;14;533
25;2025-11-04;15;592
25;2025-11-04;16;538
25;2025-11-04;17;520
25;2025-11-04;18;486
25;2025-11-04;19;406
25;2025-11-04;20;316
25;2025-11-04;21;245
25;2025-11-04;22;141
25;2025-11-04;23;56
25;2025-11-05;0;1
25;2025-11-05;1;0
25;2025-11-05;2;0
25;2025-11-05;3;0
25;2025-11-05;4;0
25;2025-11-05;5;10
25;2025-11-05;6;205
25;2025-11-05;7;589
25;2025-11-05;8;983
25;2025-11-05;9;518
25;2025-11-05;10;431
25;2025-11-05;11;466
25;2025-11-05;12;467
25;2025-11-05;13;562
25;2025-11-05;14;547
25;2025-11-05;15;623
25;2025-11-05;16;751
25;2025-11-05;17;834
25;2025-11-05;18;871
25;2025-11-05;19;593
25;2025-11-05;20;354
25;2025-11-05;21;241
25;2025-11-05;22;117
25;2025-11-05;23;6
25;2025-11-06;0;1
25;2025-11-06;1;0
25;2025-11-06;2;0
25;2025-11-06;3;0
25;2025-11-06;4;0
25;2025-11-06;5;11
25;2025-11-06;6;207
25;2025-11-06;7;592
25;2025-11-06;8;989
25;2025-11-06;9;520
25;2025-11-06;10;436
25;2025-11-06;11;454
25;2025-11-06;12;469
25;2025-11-06;13;562
25;2025-11-06;14;546
25;2025-11-06;15;621
25;2025-11-06;16;753
25;2025-11-06;17;839
25;2025-11-06;18;871
25;2025-11-06;19;594
25;2025-11-06;20;357
25;2025-11-06;21;247
25;2025-11-06;22;122
25;2025-11-06;23;10
25;2025-11-07;0;1
25;2025-11-07;1;0
25;2025-11-07;2;0
25;2025-11-07;3;0
25;2025-11-07;4;0
25;2025-11-07;5;14
25;2025-11-07;6;211
25;2025-11-07;7;615
25;2025-11-07;8;987
25;2025-11-07;9;510
25;2025-11-07;10;433
25;2025-11-07;11;476
25;2025-11-07;12;476
25;2025-11-07;13;582
25;2025-11-07;14;555
25;2025-11-07;15;663
25;2025-11-07;16;831
25;2025-11-07;17;843
25;2025-11-07;18;783
25;2025-11-07;19;599
25;2025-11-07;20;358
25;2025-11-07;21;242
25;2025-11-07;22;129
25;2025-11-07;23;12
25;2025-11-08;0;3
25;2025-11-08;1;0
25;2025-11-08;2;0
25;2025-11-08;3;0
25;2025-11-08;4;0
25;2025-11-08;5;8
25;2025-11-08;6;87
25;2025-11-08;7;165
25;2025-11-08;8;348
25;2025-11-08;9;329
25;2025-11-08;10;345
25;2025-11-08;11;411
25;2025-11-08;12;479
25;2025-11-08;13;661
25;2025-11-08;14;667
25;2025-11-08;15;728
25;2025-11-08;16;687
25;2025-11-08;17;635
25;2025-11-08;18;590
25;2025-11-08;19;498
25;2025-11-08;20;315
25;2025-11-08;21;244
25;2025-11-08;22;143
25;2025-11-08;23;51
25;2025-11-09;0;9
25;2025-11-09;1;0
25;2025-11-09;2;0
25;2025-11-09;3;0
25;2025-11-09;4;0
25;2025-11-09;5;3
25;2025-11-09;6;66
25;2025-11-09;7;113
25;2025-11-09;8;225
25;2025-11-09;9;264
25;2025-11-09;10;274
25;2025-11-09;11;352
25;2025-11-09;12;438
25;2025-11-09;13;563
25;2025-11-09;14;584
25;2025-11-09;15;630
25;2025-11-09;16;578
25;2025-11-09;17;557
25;2025-11-09;18;501
25;2025-11-09;19;361
25;2025-11-09;20;272
25;2025-11-09;21;207
25;2025-11-09;22;117
25;2025-11-09;23;41
25;2025-11-10;0;5
25;2025-11-10;1;0
25;2025-11-10;2;0
25;2025-11-10;3;0
25;2025-11-10;4;0
25;2025-11-10;5;14
25;2025-11-10;6;203
25;2025-11-10;7;584
25;2025-11-10;8;1010
25;2025-11-10;9;513
25;2025-11-10;10;364
25;2025-11-10;11;386
25;2025-11-10;12;388
25;2025-11-10;13;491
25;2025-11-10;14;471
25;2025-11-10;15;530
25;2025-11-10;16;685
25;2025-11-10;17;763
25;2025-11-10;18;817
25;2025-11-10;19;542
25;2025-11-10;20;324
25;2025-11-10;21;212
25;2025-11-10;22;107
25;2025-11-10;23;6
25;2025-11-11;0;1
25;2025-11-11;1;0
25;2025-11-11;2;0
25;2025-11-11;3;0
25;2025-11-11;4;0
25;2025-11-11;5;10
25;2025-11-11;6;206
25;2025-11-11;7;585
25;2025-11-11;8;980
25;2025-11-11;9;494
25;2025-11-11;10;402
25;2025-11-11;11;455
25;2025-11-11;12;461
25;2025-11-11;13;549
25;2025-11-11;14;527
25;2025-11-11;15;605
25;2025-11-11;16;737
25;2025-11-11;17;818
25;2025-11-11;18;864
25;2025-11-11;19;568
25;2025-11-11;20;340
25;2025-11-11;21;230
25;2025-11-11;22;114
25;2025-11-11;23;4
25;2025-11-12;0;1
25;2025-11-12;1;0
25;2025-11-12;2;0
25;2025-11-12;3;0
25;2025-11-12;4;0
25;2025-11-12;5;8
25;2025-11-12;6;203
25;2025-11-12;7;583
25;2025-11-12;8;979
25;2025-11-12;9;494
25;2025-11-12;10;398
25;2025-11-12;11;429
25;2025-11-12;12;453
25;2025-11-12;13;537
25;2025-11-12;14;526
25;2025-11-12;15;606
25;2025-11-12;16;740
25;2025-11-12;17;824
25;2025-11-12;18;862
25;2025-11-12;19;570
25;2025-11-12;20;341
25;2025-11-12;21;236
25;2025-11-12;22;112
25;2025-11-12;23;4
25;2025-11-13;0;1
25;2025-11-13;1;0
25;2025-11-13;2;0
25;2025-11-13;3;0
25;2025-11-13;4;0
25;2025-11-13;5;10
25;2025-11-13;6;204
25;2025-11-13;7;584
25;2025-11-13;8;985
25;2025-11-13;9;519
25;2025-11-13;10;430
25;2025-11-13;11;461
25;2025-11-13;12;465
25;2025-11-13;13;557
25;2025-11-13;14;534
25;2025-11-13;15;616
25;2025-11-13;16;749
25;2025-11-13;17;832
25;2025-11-13;18;868
25;2025-11-13;19;591
25;2025-11-13;20;354
25;2025-11-13;21;242
25;2025-11-13;22;118
25;2025-11-13;23;8
25;2025-11-14;0;1
25;2025-11-14;1;0
25;2025-11-14;2;0
25;2025-11-14;3;0
25;2025-11-14;4;0
25;2025-11-14;5;9
25;2025-11-14;6;208
25;2025-11-14;7;610
25;2025-11-14;8;976
25;2025-11-14;9;511
25;2025-11-14;10;441
25;2025-11-14;11;476
25;2025-11-14;12;476
25;2025-11-14;13;577
25;2025-11-14;14;548
25;2025-11-14;15;656
25;2025-11-14;16;824
25;2025-11-14;17;837
25;2025-11-14;18;766
25;2025-11-14;19;596
25;2025-11-14;20;349
25;2025-11-14;21;235
25;2025-11-14;22;126
25;2025-11-14;23;13
25;2025-11-15;0;3
25;2025-11-15;1;0
25;2025-11-15;2;0
25;2025-11-15;3;0
25;2025-11-15;4;0
25;2025-11-15;5;12
25;2025-11-15;6;76
25;2025-11-15;7;156
25;2025-11-15;8;345
25;2025-11-15;9;302
25;2025-11-15;10;284
25;2025-11-15;11;340
25;2025-11-15;12;409
25;2025-11-15;13;549
25;2025-11-15;14;592
25;2025-11-15;15;651
25;2025-11-15;16;607
25;2025-11-15;17;552
25;2025-11-15;18;491
25;2025-11-15;19;417
25;2025-11-15;20;278
25;2025-11-15;21;218
25;2025-11-15;22;129
25;2025-11-15;23;53
25;2025-11-16;0;10
25;2025-11-16;1;0
25;2025-11-16;2;0
25;2025-11-16;3;0
25;2025-11-16;4;0
25;2025-11-16;5;3
25;2025-11-16;6;63
25;2025-11-16;7;96
25;2025-11-16;8;162
25;2025-11-16;9;220
25;2025-11-16;10;235
25;2025-11-16;11;299
25;2025-11-16;12;365
25;2025-11-16;13;463
25;2025-11-16;14;487
25;2025-11-16;15;524
25;2025-11-16;16;489
25;2025-11-16;17;467
25;2025-11-16;18;398
25;2025-11-16;19;304
25;2025-11-16;20;236
25;2025-11-16;21;185
25;2025-11-16;22;107
25;2025-11-16;23;44
25;2025-11-17;0;5
25;2025-11-17;1;0
25;2025-11-17;2;0
25;2025-11-17;3;0
25;2025-11-17;4;0
25;2025-11-17;5;11
25;2025-11-17;6;203
25;2025-11-17;7;579
25;2025-11-17;8;1003
25;2025-11-17;9;501
25;2025-11-17;10;373
25;2025-11-17;11;393
25;2025-11-17;12;398
25;2025-11-17;13;476
25;2025-11-17;14;452
25;2025-11-17;15;511
25;2025-11-17;16;669
25;2025-11-17;17;747
25;2025-11-17;18;807
25;2025-11-17;19;530
25;2025-11-17;20;318
25;2025-11-17;21;212
25;2025-11-17;22;106
25;2025-11-17;23;6
25;2025-11-18;0;1
25;2025-11-18;1;0
25;2025-11-18;2;0
25;2025-11-18;3;0
25;2025-11-18;4;0
25;2025-11-18;5;6
25;2025-11-18;6;214
25;2025-11-18;7;598
25;2025-11-18;8;1021
25;2025-11-18;9;505
25;2025-11-18;10;388
25;2025-11-18;11;438
25;2025-11-18;12;446
25;2025-11-18;13;529
25;2025-11-18;14;517
25;2025-11-18;15;599
25;2025-11-18;16;742
25;2025-11-18;17;798
25;2025-11-18;18;824
25;2025-11-18;19;548
25;2025-11-18;20;322
25;2025-11-18;21;221
25;2025-11-18;22;107
25;2025-11-18;23;3
25;2025-11-19;0;1
25;2025-11-19;1;0
25;2025-11-19;2;0
25;2025-11-19;3;0
25;2025-11-19;4;0
25;2025-11-19;5;8
25;2025-11-19;6;202
25;2025-11-19;7;582
25;2025-11-19;8;982
25;2025-11-19;9;493
25;2025-11-19;10;395
25;2025-11-19;11;422
25;2025-11-19;12;423
25;2025-11-19;13;504
25;2025-11-19;14;482
25;2025-11-19;15;564
25;2025-11-19;16;700
25;2025-11-19;17;782
25;2025-11-19;18;828
25;2025-11-19;19;552
25;2025-11-19;20;330
25;2025-11-19;21;226
25;2025-11-19;22;109
25;2025-11-19;23;4
25;2025-11-20;0;1
25;2025-11-20;1;0
25;2025-11-20;2;0
25;2025-11-20;3;0
25;2025-11-20;4;0
25;2025-11-20;5;6
25;2025-11-20;6;199
25;2025-11-20;7;579
25;2025-11-20;8;974
25;2025-11-20;9;491
25;2025-11-20;10;392
25;2025-11-20;11;420
25;2025-11-20;12;421
25;2025-11-20;13;503
25;2025-11-20;14;482
25;2025-11-20;15;565
25;2025-11-20;16;699
25;2025-11-20;17;782
25;2025-11-20;18;827
25;2025-11-20;19;544
25;2025-11-20;20;328
25;2025-11-20;21;223
25;2025-11-20;22;110
25;2025-11-20;23;7
25;2025-11-21;0;1
25;2025-11-21;1;0
25;2025-11-21;2;0
25;2025-11-21;3;0
25;2025-11-21;4;0
25;2025-11-21;5;20
25;2025-11-21;6;213
25;2025-11-21;7;599
25;2025-11-21;8;962
25;2025-11-21;9;478
25;2025-11-21;10;402
25;2025-11-21;11;436
25;2025-11-21;12;413
25;2025-11-21;13;521
25;2025-11-21;14;495
25;2025-11-21;15;602
25;2025-11-21;16;776
25;2025-11-21;17;789
25;2025-11-21;18;725
25;2025-11-21;19;556
25;2025-11-21;20;328
25;2025-11-21;21;224
25;2025-11-21;22;121
25;2025-11-21;23;13
25;2025-11-22;0;3
25;2025-11-22;1;0
25;2025-11-22;2;0
25;2025-11-22;3;0
25;2025-11-22;4;0
25;2025-11-22;5;12
25;2025-11-22;6;84
25;2025-11-22;7;155
25;2025-11-22;8;336
25;2025-11-22;9;293
25;2025-11-22;10;314
25;2025-11-22;11;374
25;2025-11-22;12;442
25;2025-11-22;13;594
25;2025-11-22;14;592
25;2025-11-22;15;653
25;2025-11-22;16;608
25;2025-11-22;17;553
25;2025-11-22;18;497
25;2025-11-22;19;417
25;2025-11-22;20;280
25;2025-11-22;21;214
25;2025-11-22;22;122
25;2025-11-22;23;51
25;2025-11-23;0;10
25;2025-11-23;1;0
25;2025-11-23;2;0
25;2025-11-23;3;0
25;2025-11-23;4;0
25;2025-11-23;5;3
25;2025-11-23;6;66
25;2025-11-23;7;99
25;2025-11-23;8;198
25;2025-11-23;9;226
25;2025-11-23;10;242
25;2025-11-23;11;304
25;2025-11-23;12;377
25;2025-11-23;13;476
25;2025-11-23;14;494
25;2025-11-23;15;538
25;2025-11-23;16;485
25;2025-11-23;17;459
25;2025-11-23;18;392
25;2025-11-23;19;303
25;2025-11-23;20;240
25;2025-11-23;21;183
25;2025-11-23;22;106
25;2025-11-23;23;41
25;2025-11-24;0;5
25;2025-11-24;1;0
25;2025-11-24;2;0
25;2025-11-24;3;0
25;2025-11-24;4;0
25;2025-11-24;5;11
25;2025-11-24;6;205
25;2025-11-24;7;590
25;2025-11-24;8;1006
25;2025-11-24;9;514
25;2025-11-24;10;363
25;2025-11-24;11;397
25;2025-11-24;12;412
25;2025-11-24;13;519
25;2025-11-24;14;478
25;2025-11-24;15;545
25;2025-11-24;16;701
25;2025-11-24;17;754
25;2025-11-24;18;807
25;2025-11-24;19;538
25;2025-11-24;20;316
25;2025-11-24;21;206
25;2025-11-24;22;105
25;2025-11-24;23;5
25;2025-11-25;0;1
25;2025-11-25;1;0
25;2025-11-25;2;0
25;2025-11-25;3;0
25;2025-11-25;4;0
25;2025-11-25;5;9
25;2025-11-25;6;204
25;2025-11-25;7;585
25;2025-11-25;8;979
25;2025-11-25;9;494
25;2025-11-25;10;393
25;2025-11-25;11;421
25;2025-11-25;12;421
25;2025-11-25;13;500
25;2025-11-25;14;476
25;2025-11-25;15;560
25;2025-11-25;16;696
25;2025-11-25;17;780
25;2025-11-25;18;827
25;2025-11-25;19;550
25;2025-11-25;20;328
25;2025-11-25;21;224
25;2025-11-25;22;107
25;2025-11-25;23;4
25;2025-11-26;0;1
25;2025-11-26;1;0
25;2025-11-26;2;0
25;2025-11-26;3;0
25;2025-11-26;4;0
25;2025-11-26;5;15
25;2025-11-26;6;213
25;2025-11-26;7;601
25;2025-11-26;8;1040
25;2025-11-26;9;502
25;2025-11-26;10;386
25;2025-11-26;11;424
25;2025-11-26;12;421
25;2025-11-26;13;505
25;2025-11-26;14;479
25;2025-11-26;15;564
25;2025-11-26;16;679
25;2025-11-26;17;769
25;2025-11-26;18;823
25;2025-11-26;19;548
25;2025-11-26;20;323
25;2025-11-26;21;218
25;2025-11-26;22;102
25;2025-11-26;23;2
25;2025-11-27;0;1
25;2025-11-27;1;0
25;2025-11-27;2;0
25;2025-11-27;3;0
25;2025-11-27;4;0
25;2025-11-27;5;10
25;2025-11-27;6;205
25;2025-11-27;7;586
25;2025-11-27;8;975
25;2025-11-27;9;518
25;2025-11-27;10;429
25;2025-11-27;11;448
25;2025-11-27;12;451
25;2025-11-27;13;538
25;2025-11-27;14;520
25;2025-11-27;15;613
25;2025-11-27;16;746
25;2025-11-27;17;822
25;2025-11-27;18;854
25;2025-11-27;19;581
25;2025-11-27;20;345
25;2025-11-27;21;235
25;2025-11-27;22;116
25;2025-11-27;23;8
25;2025-11-28;0;1
25;2025-11-28;1;0
25;2025-11-28;2;0
25;2025-11-28;3;0
25;2025-11-28;4;0
25;2025-11-28;5;12
25;2025-11-28;6;208
25;2025-11-28;7;609
25;2025-11-28;8;959
25;2025-11-28;9;478
25;2025-11-28;10;396
25;2025-11-28;11;429
25;2025-11-28;12;424
25;2025-11-28;13;524
25;2025-11-28;14;498
25;2025-11-28;15;612
25;2025-11-28;16;779
25;2025-11-28;17;790
25;2025-11-28;18;721
25;2025-11-28;19;553
25;2025-11-28;20;322
25;2025-11-28;21;219
25;2025-11-28;22;119
25;2025-11-28;23;11
25;2025-11-29;0;3
25;2025-11-29;1;0
25;2025-11-29;2;0
25;2025-11-29;3;0
25;2025-11-29;4;0
25;2025-11-29;5;6
25;2025-11-29;6;84
25;2025-11-29;7;152
25;2025-11-29;8;318
25;2025-11-29;9;294
25;2025-11-29;10;316
25;2025-11-29;11;377
25;2025-11-29;12;443
25;2025-11-29;13;595
25;2025-11-29;14;592
25;2025-11-29;15;652
25;2025-11-29;16;607
25;2025-11-29;17;551
25;2025-11-29;18;491
25;2025-11-29;19;418
25;2025-11-29;20;281
25;2025-11-29;21;222
25;2025-11-29;22;129
25;2025-11-29;23;52
25;2025-11-30;0;10
25;2025-11-30;1;0
25;2025-11-30;2;0
25;2025-11-30;3;0
25;2025-11-30;4;0
25;2025-11-30;5;3
25;2025-11-30;6;66
25;2025-11-30;7;100
25;2025-11-30;8;197
25;2025-11-30;9;227
25;2025-11-30;10;241
25;2025-11-30;11;303
25;2025-11-30;12;377
25;2025-11-30;13;476
25;2025-11-30;14;497
25;2025-11-30;15;544
25;2025-11-30;16;493
25;2025-11-30;17;472
25;2025-11-30;18;421
25;2025-11-30;19;321
25;2025-11-30;20;252
25;2025-11-30;21;203
25;2025-11-30;22;114
25;2025-11-30;23;42
25;2025-12-01;0;5
25;2025-12-01;1;0
25;2025-12-01;2;0
25;2025-12-01;3;0
25;2025-12-01;4;0
25;2025-12-01;5;9
25;2025-12-01;6;205
25;2025-12-01;7;594
25;2025-12-01;8;1031
25;2025-12-01;9;521
25;2025-12-01;10;373
25;2025-12-01;11;400
25;2025-12-01;12;405
25;2025-12-01;13;500
25;2025-12-01;14;461
25;2025-12-01;15;526
25;2025-12-01;16;689
25;2025-12-01;17;769
25;2025-12-01;18;828
25;2025-12-01;19;545
25;2025-12-01;20;322
25;2025-12-01;21;209
25;2025-12-01;22;103
25;2025-12-01;23;4
25;2025-12-02;0;1
25;2025-12-02;1;0
25;2025-12-02;2;0
25;2025-12-02;3;0
25;2025-12-02;4;0
25;2025-12-02;5;8
25;2025-12-02;6;207
25;2025-12-02;7;598
25;2025-12-02;8;1003
25;2025-12-02;9;506
25;2025-12-02;10;402
25;2025-12-02;11;428
25;2025-12-02;12;430
25;2025-12-02;13;511
25;2025-12-02;14;488
25;2025-12-02;15;572
25;2025-12-02;16;712
25;2025-12-02;17;797
25;2025-12-02;18;847
25;2025-12-02;19;562
25;2025-12-02;20;335
25;2025-12-02;21;229
25;2025-12-02;22;110
25;2025-12-02;23;4
25;2025-12-03;0;1
25;2025-12-03;1;0
25;2025-12-03;2;0
25;2025-12-03;3;0
25;2025-12-03;4;0
25;2025-12-03;5;8
25;2025-12-03;6;206
25;2025-12-03;7;596
25;2025-12-03;8;1005
25;2025-12-03;9;505
25;2025-12-03;10;401
25;2025-12-03;11;428
25;2025-12-03;12;431
25;2025-12-03;13;515
25;2025-12-03;14;493
25;2025-12-03;15;577
25;2025-12-03;16;716
25;2025-12-03;17;802
25;2025-12-03;18;849
25;2025-12-03;19;563
25;2025-12-03;20;336
25;2025-12-03;21;230
25;2025-12-03;22;111
25;2025-12-03;23;4
25;2025-12-04;0;1
25;2025-12-04;1;0
25;2025-12-04;2;0
25;2025-12-04;3;0
25;2025-12-04;4;0
25;2025-12-04;5;6
25;2025-12-04;6;203
25;2025-12-04;7;593
25;2025-12-04;8;1001
25;2025-12-04;9;502
25;2025-12-04;10;398
25;2025-12-04;11;428
25;2025-12-04;12;432
25;2025-12-04;13;518
25;2025-12-04;14;498
25;2025-12-04;15;583
25;2025-12-04;16;721
25;2025-12-04;17;806
25;2025-12-04;18;853
25;2025-12-04;19;566
25;2025-12-04;20;338
25;2025-12-04;21;237
25;2025-12-04;22;117
25;2025-12-04;23;6
25;2025-12-05;0;1
25;2025-12-05;1;0
25;2025-12-05;2;0
25;2025-12-05;3;0
25;2025-12-05;4;0
25;2025-12-05;5;6
25;2025-12-05;6;207
25;2025-12-05;7;610
25;2025-12-05;8;983
25;2025-12-05;9;488
25;2025-12-05;10;408
25;2025-12-05;11;444
25;2025-12-05;12;440
25;2025-12-05;13;534
25;2025-12-05;14;508
25;2025-12-05;15;616
25;2025-12-05;16;794
25;2025-12-05;17;807
25;2025-12-05;18;737
25;2025-12-05;19;565
25;2025-12-05;20;329
25;2025-12-05;21;224
25;2025-12-05;22;122
25;2025-12-05;23;12
25;2025-12-06;0;3
25;2025-12-06;1;0
25;2025-12-06;2;0
25;2025-12-06;3;0
25;2025-12-06;4;0
25;2025-12-06;5;6
25;2025-12-06;6;89
25;2025-12-06;7;166
25;2025-12-06;8;347
25;2025-12-06;9;322
25;2025-12-06;10;348
25;2025-12-06;11;410
25;2025-12-06;12;502
25;2025-12-06;13;673
25;2025-12-06;14;669
25;2025-12-06;15;728
25;2025-12-06;16;681
25;2025-12-06;17;611
25;2025-12-06;18;560
25;2025-12-06;19;458
25;2025-12-06;20;310
25;2025-12-06;21;253
25;2025-12-06;22;145
25;2025-12-06;23;57
25;2025-12-07;0;11
25;2025-12-07;1;0
25;2025-12-07;2;0
25;2025-12-07;3;0
25;2025-12-07;4;0
25;2025-12-07;5;4
25;2025-12-07;6;71
25;2025-12-07;7;109
25;2025-12-07;8;215
25;2025-12-07;9;247
25;2025-12-07;10;265
25;2025-12-07;11;332
25;2025-12-07;12;412
25;2025-12-07;13;519
25;2025-12-07;14;537
25;2025-12-07;15;584
25;2025-12-07;16;527
25;2025-12-07;17;504
25;2025-12-07;18;434
25;2025-12-07;19;343
25;2025-12-07;20;263
25;2025-12-07;21;207
25;2025-12-07;22;119
25;2025-12-07;23;46
25;2025-12-08;0;5
25;2025-12-08;1;0
25;2025-12-08;2;0
25;2025-12-08;3;0
25;2025-12-08;4;0
25;2025-12-08;5;9
25;2025-12-08;6;205
25;2025-12-08;7;594
25;2025-12-08;8;1031
25;2025-12-08;9;521
25;2025-12-08;10;370
25;2025-12-08;11;397
25;2025-12-08;12;405
25;2025-12-08;13;497
25;2025-12-08;14;464
25;2025-12-08;15;526
25;2025-12-08;16;689
25;2025-12-08;17;769
25;2025-12-08;18;828
25;2025-12-08;19;545
25;2025-12-08;20;321
25;2025-12-08;21;208
25;2025-12-08;22;103
25;2025-12-08;23;4
25;2025-12-09;0;1
25;2025-12-09;1;0
25;2025-12-09;2;0
25;2025-12-09;3;0
25;2025-12-09;4;0
25;2025-12-09;5;8
25;2025-12-09;6;207
25;2025-12-09;7;598
25;2025-12-09;8;1005
25;2025-12-09;9;508
25;2025-12-09;10;404
25;2025-12-09;11;429
25;2025-12-09;12;430
25;2025-12-09;13;511
25;2025-12-09;14;486
25;2025-12-09;15;572
25;2025-12-09;16;711
25;2025-12-09;17;795
25;2025-12-09;18;845
25;2025-12-09;19;563
25;2025-12-09;20;336
25;2025-12-09;21;230
25;2025-12-09;22;105
25;2025-12-09;23;2
25;2025-12-10;0;1
25;2025-12-10;1;0
25;2025-12-10;2;0
25;2025-12-10;3;0
25;2025-12-10;4;0
25;2025-12-10;5;38
25;2025-12-10;6;239
25;2025-12-10;7;625
25;2025-12-10;8;1018
25;2025-12-10;9;519
25;2025-12-10;10;418
25;2025-12-10;11;438
25;2025-12-10;12;433
25;2025-12-10;13;515
25;2025-12-10;14;491
25;2025-12-10;15;575
25;2025-12-10;16;715
25;2025-12-10;17;800
25;2025-12-10;18;847
25;2025-12-10;19;564
25;2025-12-10;20;337
25;2025-12-10;21;231
25;2025-12-10;22;112
25;2025-12-10;23;4
25;2025-12-11;0;1
25;2025-12-11;1;0
25;2025-12-11;2;0
25;2025-12-11;3;0
25;2025-12-11;4;0
25;2025-12-11;5;6
25;2025-12-11;6;203
25;2025-12-11;7;593
25;2025-12-11;8;1014
25;2025-12-11;9;485
25;2025-12-11;10;389
25;2025-12-11;11;418
25;2025-12-11;12;422
25;2025-12-11;13;511
25;2025-12-11;14;495
25;2025-12-11;15;583
25;2025-12-11;16;714
25;2025-12-11;17;798
25;2025-12-11;18;839
25;2025-12-11;19;575
25;2025-12-11;20;347
25;2025-12-11;21;234
25;2025-12-11;22;115
25;2025-12-11;23;7
25;2025-12-12;0;1
25;2025-12-12;1;0
25;2025-12-12;2;0
25;2025-12-12;3;0
25;2025-12-12;4;0
25;2025-12-12;5;9
25;2025-12-12;6;206
25;2025-12-12;7;616
25;2025-12-12;8;984
25;2025-12-12;9;520
25;2025-12-12;10;418
25;2025-12-12;11;460
25;2025-12-12;12;439
25;2025-12-12;13;504
25;2025-12-12;14;496
25;2025-12-12;15;579
25;2025-12-12;16;754
25;2025-12-12;17;792
25;2025-12-12;18;740
25;2025-12-12;19;569
25;2025-12-12;20;339
25;2025-12-12;21;235
25;2025-12-12;22;124
25;2025-12-12;23;11
25;2025-12-13;0;3
25;2025-12-13;1;0
25;2025-12-13;2;0
25;2025-12-13;3;0
25;2025-12-13;4;0
25;2025-12-13;5;6
25;2025-12-13;6;83
25;2025-12-13;7;156
25;2025-12-13;8;336
25;2025-12-13;9;310
25;2025-12-13;10;332
25;2025-12-13;11;395
25;2025-12-13;12;454
25;2025-12-13;13;618
25;2025-12-13;14;635
25;2025-12-13;15;708
25;2025-12-13;16;662
25;2025-12-13;17;603
25;2025-12-13;18;553
25;2025-12-13;19;448
25;2025-12-13;20;296
25;2025-12-13;21;234
25;2025-12-13;22;145
25;2025-12-13;23;55
25;2025-12-14;0;11
25;2025-12-14;1;0
25;2025-12-14;2;0
25;2025-12-14;3;0
25;2025-12-14;4;0
25;2025-12-14;5;3
25;2025-12-14;6;38
25;2025-12-14;7;76
25;2025-12-14;8;166
25;2025-12-14;9;231
25;2025-12-14;10;248
25;2025-12-14;11;326
25;2025-12-14;12;399
25;2025-12-14;13;508
25;2025-12-14;14;534
25;2025-12-14;15;587
25;2025-12-14;16;539
25;2025-12-14;17;516
25;2025-12-14;18;451
25;2025-12-14;19;357
25;2025-12-14;20;272
25;2025-12-14;21;216
25;2025-12-14;22;119
25;2025-12-14;23;46
25;2025-12-15;0;5
25;2025-12-15;1;0
25;2025-12-15;2;0
25;2025-12-15;3;0
25;2025-12-15;4;0
25;2025-12-15;5;8
25;2025-12-15;6;188
25;2025-12-15;7;580
25;2025-12-15;8;1015
25;2025-12-15;9;509
25;2025-12-15;10;356
25;2025-12-15;11;370
25;2025-12-15;12;399
25;2025-12-15;13;502
25;2025-12-15;14;472
25;2025-12-15;15;544
25;2025-12-15;16;699
25;2025-12-15;17;787
25;2025-12-15;18;851
25;2025-12-15;19;572
25;2025-12-15;20;336
25;2025-12-15;21;221
25;2025-12-15;22;115
25;2025-12-15;23;16
25;2025-12-16;0;2
25;2025-12-16;1;0
25;2025-12-16;2;0
25;2025-12-16;3;0
25;2025-12-16;4;0
25;2025-12-16;5;15
25;2025-12-16;6;208
25;2025-12-16;7;602
25;2025-12-16;8;1001
25;2025-12-16;9;503
25;2025-12-16;10;405
25;2025-12-16;11;434
25;2025-12-16;12;436
25;2025-12-16;13;478
25;2025-12-16;14;483
25;2025-12-16;15;572
25;2025-12-16;16;712
25;2025-12-16;17;797
25;2025-12-16;18;847
25;2025-12-16;19;562
25;2025-12-16;20;334
25;2025-12-16;21;226
25;2025-12-16;22;109
25;2025-12-16;23;3
25;2025-12-17;0;1
25;2025-12-17;1;0
25;2025-12-17;2;0
25;2025-12-17;3;0
25;2025-12-17;4;0
25;2025-12-17;5;8
25;2025-12-17;6;206
25;2025-12-17;7;596
25;2025-12-17;8;1005
25;2025-12-17;9;505
25;2025-12-17;10;401
25;2025-12-17;11;428
25;2025-12-17;12;431
25;2025-12-17;13;515
25;2025-12-17;14;493
25;2025-12-17;15;577
25;2025-12-17;16;716
25;2025-12-17;17;802
25;2025-12-17;18;849
25;2025-12-17;19;563
25;2025-12-17;20;336
25;2025-12-17;21;230
25;2025-12-17;22;111
25;2025-12-17;23;4
25;2025-12-18;0;1
25;2025-12-18;1;0
25;2025-12-18;2;0
25;2025-12-18;3;0
25;2025-12-18;4;0
25;2025-12-18;5;6
25;2025-12-18;6;203
25;2025-12-18;7;593
25;2025-12-18;8;998
25;2025-12-18;9;502
25;2025-12-18;10;401
25;2025-12-18;11;429
25;2025-12-18;12;431
25;2025-12-18;13;514
25;2025-12-18;14;491
25;2025-12-18;15;575
25;2025-12-18;16;715
25;2025-12-18;17;801
25;2025-12-18;18;849
25;2025-12-18;19;563
25;2025-12-18;20;334
25;2025-12-18;21;228
25;2025-12-18;22;112
25;2025-12-18;23;5
25;2025-12-19;0;1
25;2025-12-19;1;0
25;2025-12-19;2;0
25;2025-12-19;3;0
25;2025-12-19;4;0
25;2025-12-19;5;6
25;2025-12-19;6;207
25;2025-12-19;7;610
25;2025-12-19;8;983
25;2025-12-19;9;489
25;2025-12-19;10;412
25;2025-12-19;11;447
25;2025-12-19;12;443
25;2025-12-19;13;534
25;2025-12-19;14;507
25;2025-12-19;15;615
25;2025-12-19;16;793
25;2025-12-19;17;808
25;2025-12-19;18;744
25;2025-12-19;19;563
25;2025-12-19;20;335
25;2025-12-19;21;230
25;2025-12-19;22;124
25;2025-12-19;23;14
25;2025-12-20;0;3
25;2025-12-20;1;0
25;2025-12-20;2;0
25;2025-12-20;3;0
25;2025-12-20;4;0
25;2025-12-20;5;8
25;2025-12-20;6;90
25;2025-12-20;7;167
25;2025-12-20;8;348
25;2025-12-20;9;323
25;2025-12-20;10;346
25;2025-12-20;11;411
25;2025-12-20;12;487
25;2025-12-20;13;648
25;2025-12-20;14;643
25;2025-12-20;15;707
25;2025-12-20;16;659
25;2025-12-20;17;602
25;2025-12-20;18;536
25;2025-12-20;19;447
25;2025-12-20;20;305
25;2025-12-20;21;243
25;2025-12-20;22;142
25;2025-12-20;23;60
25;2025-12-21;0;11
25;2025-12-21;1;0
25;2025-12-21;2;0
25;2025-12-21;3;0
25;2025-12-21;4;0
25;2025-12-21;5;4
25;2025-12-21;6;61
25;2025-12-21;7;117
25;2025-12-21;8;218
25;2025-12-21;9;248
25;2025-12-21;10;266
25;2025-12-21;11;332
25;2025-12-21;12;412
25;2025-12-21;13;519
25;2025-12-21;14;534
25;2025-12-21;15;583
25;2025-12-21;16;527
25;2025-12-21;17;504
25;2025-12-21;18;435
25;2025-12-21;19;344
25;2025-12-21;20;263
25;2025-12-21;21;207
25;2025-12-21;22;114
25;2025-12-21;23;45
25;2025-12-22;0;5
25;2025-12-22;1;0
25;2025-12-22;2;0
25;2025-12-22;3;0
25;2025-12-22;4;0
25;2025-12-22;5;9
25;2025-12-22;6;205
25;2025-12-22;7;594
25;2025-12-22;8;1037
25;2025-12-22;9;525
25;2025-12-22;10;395
25;2025-12-22;11;401
25;2025-12-22;12;409
25;2025-12-22;13;497
25;2025-12-22;14;464
25;2025-12-22;15;526
25;2025-12-22;16;692
25;2025-12-22;17;772
25;2025-12-22;18;813
25;2025-12-22;19;546
25;2025-12-22;20;322
25;2025-12-22;21;213
25;2025-12-22;22;103
25;2025-12-22;23;2
25;2025-12-23;0;2
25;2025-12-23;1;0
25;2025-12-23;2;0
25;2025-12-23;3;0
25;2025-12-23;4;0
25;2025-12-23;5;9
25;2025-12-23;6;210
25;2025-12-23;7;603
25;2025-12-23;8;1011
25;2025-12-23;9;513
25;2025-12-23;10;404
25;2025-12-23;11;433
25;2025-12-23;12;437
25;2025-12-23;13;512
25;2025-12-23;14;484
25;2025-12-23;15;569
25;2025-12-23;16;708
25;2025-12-23;17;796
25;2025-12-23;18;847
25;2025-12-23;19;576
25;2025-12-23;20;341
25;2025-12-23;21;235
25;2025-12-23;22;114
25;2025-12-23;23;6
25;2025-12-24;0;1
25;2025-12-24;1;0
25;2025-12-24;2;0
25;2025-12-24;3;0
25;2025-12-24;4;0
25;2025-12-24;5;10
25;2025-12-24;6;215
25;2025-12-24;7;605
25;2025-12-24;8;1005
25;2025-12-24;9;516
25;2025-12-24;10;413
25;2025-12-24;11;444
25;2025-12-24;12;433
25;2025-12-24;13;507
25;2025-12-24;14;498
25;2025-12-24;15;570
25;2025-12-24;16;717
25;2025-12-24;17;803
25;2025-12-24;18;847
25;2025-12-24;19;576
25;2025-12-24;20;344
25;2025-12-24;21;227
25;2025-12-24;22;108
25;2025-12-24;23;3
25;2025-12-25;0;2
25;2025-12-25;1;0
25;2025-12-25;2;0
25;2025-12-25;3;0
25;2025-12-25;4;0
25;2025-12-25;5;10
25;2025-12-25;6;219
25;2025-12-25;7;593
25;2025-12-25;8;995
25;2025-12-25;9;496
25;2025-12-25;10;394
25;2025-12-25;11;418
25;2025-12-25;12;426
25;2025-12-25;13;515
25;2025-12-25;14;492
25;2025-12-25;15;587
25;2025-12-25;16;730
25;2025-12-25;17;796
25;2025-12-25;18;837
25;2025-12-25;19;558
25;2025-12-25;20;325
25;2025-12-25;21;224
25;2025-12-25;22;105
25;2025-12-25;23;4
25;2025-12-26;0;1
25;2025-12-26;1;0
25;2025-12-26;2;0
25;2025-12-26;3;0
25;2025-12-26;4;0
25;2025-12-26;5;6
25;2025-12-26;6;209
25;2025-12-26;7;613
25;2025-12-26;8;1039
25;2025-12-26;9;487
25;2025-12-26;10;389
25;2025-12-26;11;448
25;2025-12-26;12;413
25;2025-12-26;13;512
25;2025-12-26;14;492
25;2025-12-26;15;605
25;2025-12-26;16;783
25;2025-12-26;17;788
25;2025-12-26;18;740
25;2025-12-26;19;558
25;2025-12-26;20;331
25;2025-12-26;21;224
25;2025-12-26;22;117
25;2025-12-26;23;13
25;2025-12-27;0;3
25;2025-12-27;1;0
25;2025-12-27;2;0
25;2025-12-27;3;0
25;2025-12-27;4;0
25;2025-12-27;5;8
25;2025-12-27;6;90
25;2025-12-27;7;167
25;2025-12-27;8;349
25;2025-12-27;9;314
25;2025-12-27;10;347
25;2025-12-27;11;411
25;2025-12-27;12;474
25;2025-12-27;13;635
25;2025-12-27;14;640
25;2025-12-27;15;691
25;2025-12-27;16;646
25;2025-12-27;17;605
25;2025-12-27;18;540
25;2025-12-27;19;448
25;2025-12-27;20;303
25;2025-12-27;21;241
25;2025-12-27;22;133
25;2025-12-27;23;55
25;2025-12-28;0;11
25;2025-12-28;1;0
25;2025-12-28;2;0
25;2025-12-28;3;0
25;2025-12-28;4;0
25;2025-12-28;5;3
25;2025-12-28;6;83
25;2025-12-28;7;106
25;2025-12-28;8;226
25;2025-12-28;9;251
25;2025-12-28;10;244
25;2025-12-28;11;305
25;2025-12-28;12;362
25;2025-12-28;13;451
25;2025-12-28;14;476
25;2025-12-28;15;534
25;2025-12-28;16;533
25;2025-12-28;17;508
25;2025-12-28;18;438
25;2025-12-28;19;335
25;2025-12-28;20;253
25;2025-12-28;21;198
25;2025-12-28;22;111
25;2025-12-28;23;48
25;2025-12-29;0;5
25;2025-12-29;1;0
25;2025-12-29;2;0
25;2025-12-29;3;0
25;2025-12-29;4;0
25;2025-12-29;5;10
25;2025-12-29;6;198
25;2025-12-29;7;577
25;2025-12-29;8;981
25;2025-12-29;9;498
25;2025-12-29;10;356
25;2025-12-29;11;379
25;2025-12-29;12;386
25;2025-12-29;13;466
25;2025-12-29;14;446
25;2025-12-29;15;509
25;2025-12-29;16;668
25;2025-12-29;17;754
25;2025-12-29;18;799
25;2025-12-29;19;529
25;2025-12-29;20;310
25;2025-12-29;21;200
25;2025-12-29;22;100
25;2025-12-29;23;4
25;2025-12-30;0;2
25;2025-12-30;1;0
25;2025-12-30;2;0
25;2025-12-30;3;0
25;2025-12-30;4;0
25;2025-12-30;5;5
25;2025-12-30;6;187
25;2025-12-30;7;573
25;2025-12-30;8;995
25;2025-12-30;9;479
25;2025-12-30;10;367
25;2025-12-30;11;386
25;2025-12-30;12;395
25;2025-12-30;13;455
25;2025-12-30;14;449
25;2025-12-30;15;540
25;2025-12-30;16;676
25;2025-12-30;17;743
25;2025-12-30;18;802
25;2025-12-30;19;524
25;2025-12-30;20;307
25;2025-12-30;21;205
25;2025-12-30;22;100
25;2025-12-30;23;2
25;2025-12-31;0;7
25;2025-12-31;1;0
25;2025-12-31;2;0
25;2025-12-31;3;0
25;2025-12-31;4;0
25;2025-12-31;5;2
25;2025-12-31;6;26
25;2025-12-31;7;25
25;2025-12-31;8;78
25;2025-12-31;9;57
25;2025-12-31;10;54
25;2025-12-31;11;93
25;2025-12-31;12;202
25;2025-12-31;13;269
25;2025-12-31;14;297
25;2025-12-31;15;364
25;2025-12-31;16;374
25;2025-12-31;17;359
25;2025-12-31;18;296
25;2025-12-31;19;231
25;2025-12-31;20;193
25;2025-12-31;21;139
25;2025-12-31;22;44
25;2025-12-31;23;8
26;2025-11-01;0;36
26;2025-11-01;1;2
26;2025-11-01;2;0
26;2025-11-01;3;0
26;2025-11-01;4;2
26;2025-11-01;5;79
26;2025-11-01;6;475
26;2025-11-01;7;1053
26;2025-11-01;8;1956
26;2025-11-01;9;1349
26;2025-11-01;10;1163
26;2025-11-01;11;1110
26;2025-11-01;12;1156
26;2025-11-01;13;1193
26;2025-11-01;14;1268
26;2025-11-01;15;1388
26;2025-11-01;16;1519
26;2025-11-01;17;1622
26;2025-11-01;18;1354
26;2025-11-01;19;1062
26;2025-11-01;20;676
26;2025-11-01;21;442
26;2025-11-01;22;216
26;2025-11-01;23;143
26;2025-11-02;0;47
26;2025-11-02;1;5
26;2025-11-02;2;0
26;2025-11-02;3;0
26;2025-11-02;4;1
26;2025-11-02;5;29
26;2025-11-02;6;158
26;2025-11-02;7;260
26;2025-11-02;8;389
26;2025-11-02;9;548
26;2025-11-02;10;612
26;2025-11-02;11;796
26;2025-11-02;12;859
26;2025-11-02;13;830
26;2025-11-02;14;896
26;2025-11-02;15;858
26;2025-11-02;16;825
26;2025-11-02;17;823
26;2025-11-02;18;741
26;2025-11-02;19;571
26;2025-11-02;20;416
26;2025-11-02;21;306
26;2025-11-02;22;179
26;2025-11-02;23;101
26;2025-11-03;0;43
26;2025-11-03;1;4
26;2025-11-03;2;0
26;2025-11-03;3;0
26;2025-11-03;4;1
26;2025-11-03;5;59
26;2025-11-03;6;211
26;2025-11-03;7;298
26;2025-11-03;8;405
26;2025-11-03;9;506
26;2025-11-03;10;539
26;2025-11-03;11;622
26;2025-11-03;12;649
26;2025-11-03;13;675
26;2025-11-03;14;684
26;2025-11-03;15;678
26;2025-11-03;16;735
26;2025-11-03;17;743
26;2025-11-03;18;710
26;2025-11-03;19;616
26;2025-11-03;20;472
26;2025-11-03;21;353
26;2025-11-03;22;229
26;2025-11-03;23;151
26;2025-11-04;0;44
26;2025-11-04;1;4
26;2025-11-04;2;0
26;2025-11-04;3;0
26;2025-11-04;4;1
26;2025-11-04;5;53
26;2025-11-04;6;204
26;2025-11-04;7;292
26;2025-11-04;8;410
26;2025-11-04;9;484
26;2025-11-04;10;507
26;2025-11-04;11;607
26;2025-11-04;12;611
26;2025-11-04;13;653
26;2025-11-04;14;785
26;2025-11-04;15;742
26;2025-11-04;16;739
26;2025-11-04;17;742
26;2025-11-04;18;714
26;2025-11-04;19;606
26;2025-11-04;20;464
26;2025-11-04;21;349
26;2025-11-04;22;220
26;2025-11-04;23;147
26;2025-11-05;0;31
26;2025-11-05;1;1
26;2025-11-05;2;0
26;2025-11-05;3;0
26;2025-11-05;4;3
26;2025-11-05;5;92
26;2025-11-05;6;501
26;2025-11-05;7;1140
26;2025-11-05;8;2191
26;2025-11-05;9;1500
26;2025-11-05;10;1228
26;2025-11-05;11;1192
26;2025-11-05;12;1213
26;2025-11-05;13;1231
26;2025-11-05;14;1319
26;2025-11-05;15;1409
26;2025-11-05;16;1503
26;2025-11-05;17;1756
26;2025-11-05;18;1872
26;2025-11-05;19;1279
26;2025-11-05;20;790
26;2025-11-05;21;488
26;2025-11-05;22;232
26;2025-11-05;23;125
26;2025-11-06;0;33
26;2025-11-06;1;1
26;2025-11-06;2;0
26;2025-11-06;3;0
26;2025-11-06;4;2
26;2025-11-06;5;92
26;2025-11-06;6;503
26;2025-11-06;7;1144
26;2025-11-06;8;2196
26;2025-11-06;9;1500
26;2025-11-06;10;1236
26;2025-11-06;11;1174
26;2025-11-06;12;1214
26;2025-11-06;13;1230
26;2025-11-06;14;1318
26;2025-11-06;15;1398
26;2025-11-06;16;1496
26;2025-11-06;17;1762
26;2025-11-06;18;1875
26;2025-11-06;19;1280
26;2025-11-06;20;794
26;2025-11-06;21;492
26;2025-11-06;22;238
26;2025-11-06;23;134
26;2025-11-07;0;34
26;2025-11-07;1;1
26;2025-11-07;2;0
26;2025-11-07;3;0
26;2025-11-07;4;2
26;2025-11-07;5;91
26;2025-11-07;6;504
26;2025-11-07;7;1109
26;2025-11-07;8;2069
26;2025-11-07;9;1413
26;2025-11-07;10;1206
26;2025-11-07;11;1162
26;2025-11-07;12;1211
26;2025-11-07;13;1250
26;2025-11-07;14;1335
26;2025-11-07;15;1458
26;2025-11-07;16;1599
26;2025-11-07;17;1711
26;2025-11-07;18;1421
26;2025-11-07;19;1115
26;2025-11-07;20;711
26;2025-11-07;21;465
26;2025-11-07;22;228
26;2025-11-07;23;151
26;2025-11-08;0;49
26;2025-11-08;1;2
26;2025-11-08;2;0
26;2025-11-08;3;0
26;2025-11-08;4;2
26;2025-11-08;5;55
26;2025-11-08;6;246
26;2025-11-08;7;367
26;2025-11-08;8;593
26;2025-11-08;9;706
26;2025-11-08;10;790
26;2025-11-08;11;911
26;2025-11-08;12;1003
26;2025-11-08;13;1019
26;2025-11-08;14;1038
26;2025-11-08;15;1010
26;2025-11-08;16;1013
26;2025-11-08;17;964
26;2025-11-08;18;885
26;2025-11-08;19;765
26;2025-11-08;20;517
26;2025-11-08;21;365
26;2025-11-08;22;225
26;2025-11-08;23;154
26;2025-11-09;0;48
26;2025-11-09;1;5
26;2025-11-09;2;0
26;2025-11-09;3;0
26;2025-11-09;4;1
26;2025-11-09;5;42
26;2025-11-09;6;174
26;2025-11-09;7;281
26;2025-11-09;8;418
26;2025-11-09;9;561
26;2025-11-09;10;613
26;2025-11-09;11;798
26;2025-11-09;12;870
26;2025-11-09;13;903
26;2025-11-09;14;902
26;2025-11-09;15;865
26;2025-11-09;16;835
26;2025-11-09;17;841
26;2025-11-09;18;749
26;2025-11-09;19;577
26;2025-11-09;20;424
26;2025-11-09;21;310
26;2025-11-09;22;179
26;2025-11-09;23;101
26;2025-11-10;0;27
26;2025-11-10;1;2
26;2025-11-10;2;0
26;2025-11-10;3;0
26;2025-11-10;4;2
26;2025-11-10;5;92
26;2025-11-10;6;500
26;2025-11-10;7;1142
26;2025-11-10;8;2167
26;2025-11-10;9;1457
26;2025-11-10;10;1171
26;2025-11-10;11;1074
26;2025-11-10;12;1089
26;2025-11-10;13;1150
26;2025-11-10;14;1203
26;2025-11-10;15;1322
26;2025-11-10;16;1431
26;2025-11-10;17;1723
26;2025-11-10;18;1885
26;2025-11-10;19;1247
26;2025-11-10;20;760
26;2025-11-10;21;456
26;2025-11-10;22;203
26;2025-11-10;23;100
26;2025-11-11;0;29
26;2025-11-11;1;0
26;2025-11-11;2;0
26;2025-11-11;3;0
26;2025-11-11;4;2
26;2025-11-11;5;92
26;2025-11-11;6;502
26;2025-11-11;7;1138
26;2025-11-11;8;2194
26;2025-11-11;9;1497
26;2025-11-11;10;1211
26;2025-11-11;11;1168
26;2025-11-11;12;1196
26;2025-11-11;13;1224
26;2025-11-11;14;1300
26;2025-11-11;15;1386
26;2025-11-11;16;1487
26;2025-11-11;17;1742
26;2025-11-11;18;1872
26;2025-11-11;19;1272
26;2025-11-11;20;788
26;2025-11-11;21;484
26;2025-11-11;22;227
26;2025-11-11;23;115
26;2025-11-12;0;30
26;2025-11-12;1;1
26;2025-11-12;2;0
26;2025-11-12;3;0
26;2025-11-12;4;2
26;2025-11-12;5;91
26;2025-11-12;6;500
26;2025-11-12;7;1137
26;2025-11-12;8;2185
26;2025-11-12;9;1494
26;2025-11-12;10;1211
26;2025-11-12;11;1155
26;2025-11-12;12;1182
26;2025-11-12;13;1201
26;2025-11-12;14;1288
26;2025-11-12;15;1377
26;2025-11-12;16;1488
26;2025-11-12;17;1747
26;2025-11-12;18;1850
26;2025-11-12;19;1270
26;2025-11-12;20;789
26;2025-11-12;21;487
26;2025-11-12;22;231
26;2025-11-12;23;124
26;2025-11-13;0;32
26;2025-11-13;1;1
26;2025-11-13;2;0
26;2025-11-13;3;0
26;2025-11-13;4;2
26;2025-11-13;5;91
26;2025-11-13;6;502
26;2025-11-13;7;1138
26;2025-11-13;8;2189
26;2025-11-13;9;1497
26;2025-11-13;10;1231
26;2025-11-13;11;1183
26;2025-11-13;12;1209
26;2025-11-13;13;1225
26;2025-11-13;14;1305
26;2025-11-13;15;1401
26;2025-11-13;16;1499
26;2025-11-13;17;1753
26;2025-11-13;18;1869
26;2025-11-13;19;1276
26;2025-11-13;20;791
26;2025-11-13;21;489
26;2025-11-13;22;233
26;2025-11-13;23;130
26;2025-11-14;0;33
26;2025-11-14;1;1
26;2025-11-14;2;0
26;2025-11-14;3;0
26;2025-11-14;4;2
26;2025-11-14;5;81
26;2025-11-14;6;496
26;2025-11-14;7;1100
26;2025-11-14;8;2061
26;2025-11-14;9;1413
26;2025-11-14;10;1226
26;2025-11-14;11;1167
26;2025-11-14;12;1212
26;2025-11-14;13;1247
26;2025-11-14;14;1331
26;2025-11-14;15;1454
26;2025-11-14;16;1595
26;2025-11-14;17;1706
26;2025-11-14;18;1414
26;2025-11-14;19;1111
26;2025-11-14;20;694
26;2025-11-14;21;448
26;2025-11-14;22;211
26;2025-11-14;23;141
26;2025-11-15;0;45
26;2025-11-15;1;1
26;2025-11-15;2;0
26;2025-11-15;3;0
26;2025-11-15;4;2
26;2025-11-15;5;55
26;2025-11-15;6;233
26;2025-11-15;7;356
26;2025-11-15;8;604
26;2025-11-15;9;710
26;2025-11-15;10;758
26;2025-11-15;11;861
26;2025-11-15;12;946
26;2025-11-15;13;984
26;2025-11-15;14;1077
26;2025-11-15;15;1034
26;2025-11-15;16;1034
26;2025-11-15;17;982
26;2025-11-15;18;889
26;2025-11-15;19;770
26;2025-11-15;20;511
26;2025-11-15;21;356
26;2025-11-15;22;215
26;2025-11-15;23;139
26;2025-11-16;0;46
26;2025-11-16;1;6
26;2025-11-16;2;0
26;2025-11-16;3;0
26;2025-11-16;4;1
26;2025-11-16;5;6
26;2025-11-16;6;149
26;2025-11-16;7;232
26;2025-11-16;8;335
26;2025-11-16;9;495
26;2025-11-16;10;557
26;2025-11-16;11;763
26;2025-11-16;12;827
26;2025-11-16;13;862
26;2025-11-16;14;857
26;2025-11-16;15;813
26;2025-11-16;16;786
26;2025-11-16;17;781
26;2025-11-16;18;693
26;2025-11-16;19;543
26;2025-11-16;20;396
26;2025-11-16;21;286
26;2025-11-16;22;168
26;2025-11-16;23;97
26;2025-11-17;0;28
26;2025-11-17;1;2
26;2025-11-17;2;0
26;2025-11-17;3;0
26;2025-11-17;4;1
26;2025-11-17;5;88
26;2025-11-17;6;497
26;2025-11-17;7;1124
26;2025-11-17;8;2147
26;2025-11-17;9;1443
26;2025-11-17;10;1174
26;2025-11-17;11;1067
26;2025-11-17;12;1086
26;2025-11-17;13;1101
26;2025-11-17;14;1178
26;2025-11-17;15;1300
26;2025-11-17;16;1410
26;2025-11-17;17;1699
26;2025-11-17;18;1877
26;2025-11-17;19;1238
26;2025-11-17;20;755
26;2025-11-17;21;460
26;2025-11-17;22;203
26;2025-11-17;23;100
26;2025-11-18;0;29
26;2025-11-18;1;0
26;2025-11-18;2;0
26;2025-11-18;3;0
26;2025-11-18;4;3
26;2025-11-18;5;76
26;2025-11-18;6;500
26;2025-11-18;7;1150
26;2025-11-18;8;2214
26;2025-11-18;9;1490
26;2025-11-18;10;1175
26;2025-11-18;11;1155
26;2025-11-18;12;1183
26;2025-11-18;13;1199
26;2025-11-18;14;1275
26;2025-11-18;15;1377
26;2025-11-18;16;1493
26;2025-11-18;17;1739
26;2025-11-18;18;1848
26;2025-11-18;19;1274
26;2025-11-18;20;781
26;2025-11-18;21;481
26;2025-11-18;22;225
26;2025-11-18;23;115
26;2025-11-19;0;30
26;2025-11-19;1;1
26;2025-11-19;2;0
26;2025-11-19;3;0
26;2025-11-19;4;2
26;2025-11-19;5;91
26;2025-11-19;6;500
26;2025-11-19;7;1136
26;2025-11-19;8;2186
26;2025-11-19;9;1493
26;2025-11-19;10;1211
26;2025-11-19;11;1163
26;2025-11-19;12;1178
26;2025-11-19;13;1197
26;2025-11-19;14;1274
26;2025-11-19;15;1371
26;2025-11-19;16;1477
26;2025-11-19;17;1732
26;2025-11-19;18;1856
26;2025-11-19;19;1267
26;2025-11-19;20;787
26;2025-11-19;21;487
26;2025-11-19;22;233
26;2025-11-19;23;122
26;2025-11-20;0;32
26;2025-11-20;1;1
26;2025-11-20;2;0
26;2025-11-20;3;0
26;2025-11-20;4;1
26;2025-11-20;5;90
26;2025-11-20;6;497
26;2025-11-20;7;1132
26;2025-11-20;8;2176
26;2025-11-20;9;1490
26;2025-11-20;10;1210
26;2025-11-20;11;1163
26;2025-11-20;12;1178
26;2025-11-20;13;1196
26;2025-11-20;14;1274
26;2025-11-20;15;1371
26;2025-11-20;16;1474
26;2025-11-20;17;1732
26;2025-11-20;18;1856
26;2025-11-20;19;1256
26;2025-11-20;20;780
26;2025-11-20;21;480
26;2025-11-20;22;228
26;2025-11-20;23;127
26;2025-11-21;0;32
26;2025-11-21;1;1
26;2025-11-21;2;0
26;2025-11-21;3;0
26;2025-11-21;4;1
26;2025-11-21;5;89
26;2025-11-21;6;498
26;2025-11-21;7;1084
26;2025-11-21;8;2048
26;2025-11-21;9;1401
26;2025-11-21;10;1202
26;2025-11-21;11;1145
26;2025-11-21;12;1163
26;2025-11-21;13;1221
26;2025-11-21;14;1292
26;2025-11-21;15;1418
26;2025-11-21;16;1573
26;2025-11-21;17;1684
26;2025-11-21;18;1402
26;2025-11-21;19;1102
26;2025-11-21;20;702
26;2025-11-21;21;459
26;2025-11-21;22;225
26;2025-11-21;23;146
26;2025-11-22;0;46
26;2025-11-22;1;2
26;2025-11-22;2;0
26;2025-11-22;3;0
26;2025-11-22;4;2
26;2025-11-22;5;51
26;2025-11-22;6;236
26;2025-11-22;7;362
26;2025-11-22;8;599
26;2025-11-22;9;712
26;2025-11-22;10;828
26;2025-11-22;11;957
26;2025-11-22;12;1041
26;2025-11-22;13;1065
26;2025-11-22;14;1077
26;2025-11-22;15;1039
26;2025-11-22;16;1038
26;2025-11-22;17;986
26;2025-11-22;18;899
26;2025-11-22;19;769
26;2025-11-22;20;521
26;2025-11-22;21;348
26;2025-11-22;22;212
26;2025-11-22;23;149
26;2025-11-23;0;46
26;2025-11-23;1;5
26;2025-11-23;2;0
26;2025-11-23;3;0
26;2025-11-23;4;1
26;2025-11-23;5;27
26;2025-11-23;6;157
26;2025-11-23;7;254
26;2025-11-23;8;390
26;2025-11-23;9;541
26;2025-11-23;10;601
26;2025-11-23;11;786
26;2025-11-23;12;860
26;2025-11-23;13;890
26;2025-11-23;14;888
26;2025-11-23;15;839
26;2025-11-23;16;812
26;2025-11-23;17;809
26;2025-11-23;18;697
26;2025-11-23;19;547
26;2025-11-23;20;408
26;2025-11-23;21;291
26;2025-11-23;22;171
26;2025-11-23;23;100
26;2025-11-24;0;28
26;2025-11-24;1;1
26;2025-11-24;2;0
26;2025-11-24;3;0
26;2025-11-24;4;2
26;2025-11-24;5;81
26;2025-11-24;6;490
26;2025-11-24;7;1164
26;2025-11-24;8;2147
26;2025-11-24;9;1456
26;2025-11-24;10;1137
26;2025-11-24;11;1036
26;2025-11-24;12;1091
26;2025-11-24;13;1152
26;2025-11-24;14;1194
26;2025-11-24;15;1317
26;2025-11-24;16;1436
26;2025-11-24;17;1716
26;2025-11-24;18;1877
26;2025-11-24;19;1245
26;2025-11-24;20;757
26;2025-11-24;21;455
26;2025-11-24;22;204
26;2025-11-24;23;100
26;2025-11-25;0;29
26;2025-11-25;1;0
26;2025-11-25;2;0
26;2025-11-25;3;0
26;2025-11-25;4;2
26;2025-11-25;5;93
26;2025-11-25;6;502
26;2025-11-25;7;1136
26;2025-11-25;8;2188
26;2025-11-25;9;1496
26;2025-11-25;10;1214
26;2025-11-25;11;1162
26;2025-11-25;12;1176
26;2025-11-25;13;1202
26;2025-11-25;14;1274
26;2025-11-25;15;1368
26;2025-11-25;16;1474
26;2025-11-25;17;1733
26;2025-11-25;18;1865
26;2025-11-25;19;1269
26;2025-11-25;20;786
26;2025-11-25;21;484
26;2025-11-25;22;226
26;2025-11-25;23;116
26;2025-11-26;0;31
26;2025-11-26;1;1
26;2025-11-26;2;0
26;2025-11-26;3;0
26;2025-11-26;4;2
26;2025-11-26;5;97
26;2025-11-26;6;507
26;2025-11-26;7;1170
26;2025-11-26;8;2224
26;2025-11-26;9;1510
26;2025-11-26;10;1205
26;2025-11-26;11;1161
26;2025-11-26;12;1179
26;2025-11-26;13;1195
26;2025-11-26;14;1269
26;2025-11-26;15;1365
26;2025-11-26;16;1461
26;2025-11-26;17;1717
26;2025-11-26;18;1839
26;2025-11-26;19;1273
26;2025-11-26;20;783
26;2025-11-26;21;484
26;2025-11-26;22;230
26;2025-11-26;23;121
26;2025-11-27;0;32
26;2025-11-27;1;1
26;2025-11-27;2;0
26;2025-11-27;3;0
26;2025-11-27;4;2
26;2025-11-27;5;91
26;2025-11-27;6;501
26;2025-11-27;7;1139
26;2025-11-27;8;2181
26;2025-11-27;9;1498
26;2025-11-27;10;1224
26;2025-11-27;11;1165
26;2025-11-27;12;1189
26;2025-11-27;13;1208
26;2025-11-27;14;1284
26;2025-11-27;15;1393
26;2025-11-27;16;1498
26;2025-11-27;17;1732
26;2025-11-27;18;1835
26;2025-11-27;19;1281
26;2025-11-27;20;789
26;2025-11-27;21;489
26;2025-11-27;22;234
26;2025-11-27;23;133
26;2025-11-28;0;31
26;2025-11-28;1;0
26;2025-11-28;2;0
26;2025-11-28;3;0
26;2025-11-28;4;2
26;2025-11-28;5;81
26;2025-11-28;6;498
26;2025-11-28;7;1098
26;2025-11-28;8;2048
26;2025-11-28;9;1401
26;2025-11-28;10;1198
26;2025-11-28;11;1139
26;2025-11-28;12;1179
26;2025-11-28;13;1226
26;2025-11-28;14;1304
26;2025-11-28;15;1434
26;2025-11-28;16;1575
26;2025-11-28;17;1685
26;2025-11-28;18;1396
26;2025-11-28;19;1099
26;2025-11-28;20;696
26;2025-11-28;21;454
26;2025-11-28;22;223
26;2025-11-28;23;145
26;2025-11-29;0;46
26;2025-11-29;1;2
26;2025-11-29;2;0
26;2025-11-29;3;0
26;2025-11-29;4;2
26;2025-11-29;5;52
26;2025-11-29;6;247
26;2025-11-29;7;364
26;2025-11-29;8;583
26;2025-11-29;9;736
26;2025-11-29;10;827
26;2025-11-29;11;955
26;2025-11-29;12;1039
26;2025-11-29;13;1061
26;2025-11-29;14;1077
26;2025-11-29;15;1034
26;2025-11-29;16;1034
26;2025-11-29;17;983
26;2025-11-29;18;889
26;2025-11-29;19;770
26;2025-11-29;20;522
26;2025-11-29;21;368
26;2025-11-29;22;228
26;2025-11-29;23;154
26;2025-11-30;0;46
26;2025-11-30;1;5
26;2025-11-30;2;0
26;2025-11-30;3;0
26;2025-11-30;4;1
26;2025-11-30;5;28
26;2025-11-30;6;161
26;2025-11-30;7;260
26;2025-11-30;8;392
26;2025-11-30;9;540
26;2025-11-30;10;600
26;2025-11-30;11;785
26;2025-11-30;12;858
26;2025-11-30;13;890
26;2025-11-30;14;896
26;2025-11-30;15;854
26;2025-11-30;16;825
26;2025-11-30;17;830
26;2025-11-30;18;736
26;2025-11-30;19;571
26;2025-11-30;20;419
26;2025-11-30;21;311
26;2025-11-30;22;179
26;2025-11-30;23;104
26;2025-12-01;0;28
26;2025-12-01;1;2
26;2025-12-01;2;0
26;2025-12-01;3;0
26;2025-12-01;4;1
26;2025-12-01;5;90
26;2025-12-01;6;505
26;2025-12-01;7;1150
26;2025-12-01;8;2182
26;2025-12-01;9;1465
26;2025-12-01;10;1181
26;2025-12-01;11;1087
26;2025-12-01;12;1106
26;2025-12-01;13;1161
26;2025-12-01;14;1201
26;2025-12-01;15;1327
26;2025-12-01;16;1433
26;2025-12-01;17;1728
26;2025-12-01;18;1896
26;2025-12-01;19;1255
26;2025-12-01;20;765
26;2025-12-01;21;459
26;2025-12-01;22;205
26;2025-12-01;23;103
26;2025-12-02;0;30
26;2025-12-02;1;0
26;2025-12-02;2;0
26;2025-12-02;3;0
26;2025-12-02;4;2
26;2025-12-02;5;94
26;2025-12-02;6;508
26;2025-12-02;7;1148
26;2025-12-02;8;2211
26;2025-12-02;9;1509
26;2025-12-02;10;1225
26;2025-12-02;11;1168
26;2025-12-02;12;1183
26;2025-12-02;13;1210
26;2025-12-02;14;1284
26;2025-12-02;15;1380
26;2025-12-02;16;1487
26;2025-12-02;17;1748
26;2025-12-02;18;1881
26;2025-12-02;19;1280
26;2025-12-02;20;793
26;2025-12-02;21;489
26;2025-12-02;22;229
26;2025-12-02;23;117
26;2025-12-03;0;30
26;2025-12-03;1;1
26;2025-12-03;2;0
26;2025-12-03;3;0
26;2025-12-03;4;1
26;2025-12-03;5;92
26;2025-12-03;6;505
26;2025-12-03;7;1146
26;2025-12-03;8;2205
26;2025-12-03;9;1506
26;2025-12-03;10;1220
26;2025-12-03;11;1172
26;2025-12-03;12;1187
26;2025-12-03;13;1208
26;2025-12-03;14;1284
26;2025-12-03;15;1383
26;2025-12-03;16;1489
26;2025-12-03;17;1750
26;2025-12-03;18;1875
26;2025-12-03;19;1276
26;2025-12-03;20;793
26;2025-12-03;21;489
26;2025-12-03;22;233
26;2025-12-03;23;126
26;2025-12-04;0;32
26;2025-12-04;1;1
26;2025-12-04;2;0
26;2025-12-04;3;0
26;2025-12-04;4;1
26;2025-12-04;5;90
26;2025-12-04;6;502
26;2025-12-04;7;1144
26;2025-12-04;8;2202
26;2025-12-04;9;1503
26;2025-12-04;10;1219
26;2025-12-04;11;1172
26;2025-12-04;12;1188
26;2025-12-04;13;1210
26;2025-12-04;14;1288
26;2025-12-04;15;1387
26;2025-12-04;16;1493
26;2025-12-04;17;1753
26;2025-12-04;18;1879
26;2025-12-04;19;1278
26;2025-12-04;20;792
26;2025-12-04;21;492
26;2025-12-04;22;236
26;2025-12-04;23;130
26;2025-12-05;0;32
26;2025-12-05;1;1
26;2025-12-05;2;0
26;2025-12-05;3;0
26;2025-12-05;4;1
26;2025-12-05;5;78
26;2025-12-05;6;497
26;2025-12-05;7;1101
26;2025-12-05;8;2065
26;2025-12-05;9;1412
26;2025-12-05;10;1212
26;2025-12-05;11;1155
26;2025-12-05;12;1195
26;2025-12-05;13;1233
26;2025-12-05;14;1305
26;2025-12-05;15;1432
26;2025-12-05;16;1588
26;2025-12-05;17;1700
26;2025-12-05;18;1408
26;2025-12-05;19;1109
26;2025-12-05;20;703
26;2025-12-05;21;458
26;2025-12-05;22;225
26;2025-12-05;23;146
26;2025-12-06;0;48
26;2025-12-06;1;3
26;2025-12-06;2;0
26;2025-12-06;3;0
26;2025-12-06;4;2
26;2025-12-06;5;54
26;2025-12-06;6;256
26;2025-12-06;7;377
26;2025-12-06;8;604
26;2025-12-06;9;765
26;2025-12-06;10;858
26;2025-12-06;11;988
26;2025-12-06;12;1082
26;2025-12-06;13;1109
26;2025-12-06;14;1122
26;2025-12-06;15;1086
26;2025-12-06;16;1083
26;2025-12-06;17;1025
26;2025-12-06;18;941
26;2025-12-06;19;798
26;2025-12-06;20;536
26;2025-12-06;21;382
26;2025-12-06;22;236
26;2025-12-06;23;158
26;2025-12-07;0;48
26;2025-12-07;1;5
26;2025-12-07;2;0
26;2025-12-07;3;0
26;2025-12-07;4;1
26;2025-12-07;5;30
26;2025-12-07;6;167
26;2025-12-07;7;269
26;2025-12-07;8;407
26;2025-12-07;9;564
26;2025-12-07;10;625
26;2025-12-07;11;818
26;2025-12-07;12;894
26;2025-12-07;13;926
26;2025-12-07;14;924
26;2025-12-07;15;880
26;2025-12-07;16;846
26;2025-12-07;17;852
26;2025-12-07;18;740
26;2025-12-07;19;585
26;2025-12-07;20;426
26;2025-12-07;21;311
26;2025-12-07;22;185
26;2025-12-07;23;109
26;2025-12-08;0;28
26;2025-12-08;1;2
26;2025-12-08;2;0
26;2025-12-08;3;0
26;2025-12-08;4;1
26;2025-12-08;5;91
26;2025-12-08;6;506
26;2025-12-08;7;1150
26;2025-12-08;8;2182
26;2025-12-08;9;1465
26;2025-12-08;10;1181
26;2025-12-08;11;1087
26;2025-12-08;12;1106
26;2025-12-08;13;1157
26;2025-12-08;14;1203
26;2025-12-08;15;1327
26;2025-12-08;16;1433
26;2025-12-08;17;1728
26;2025-12-08;18;1896
26;2025-12-08;19;1255
26;2025-12-08;20;765
26;2025-12-08;21;459
26;2025-12-08;22;205
26;2025-12-08;23;103
26;2025-12-09;0;30
26;2025-12-09;1;0
26;2025-12-09;2;0
26;2025-12-09;3;0
26;2025-12-09;4;2
26;2025-12-09;5;93
26;2025-12-09;6;506
26;2025-12-09;7;1146
26;2025-12-09;8;2209
26;2025-12-09;9;1510
26;2025-12-09;10;1226
26;2025-12-09;11;1169
26;2025-12-09;12;1186
26;2025-12-09;13;1213
26;2025-12-09;14;1285
26;2025-12-09;15;1380
26;2025-12-09;16;1483
26;2025-12-09;17;1745
26;2025-12-09;18;1878
26;2025-12-09;19;1281
26;2025-12-09;20;794
26;2025-12-09;21;490
26;2025-12-09;22;231
26;2025-12-09;23;117
26;2025-12-10;0;31
26;2025-12-10;1;1
26;2025-12-10;2;0
26;2025-12-10;3;0
26;2025-12-10;4;2
26;2025-12-10;5;116
26;2025-12-10;6;531
26;2025-12-10;7;1191
26;2025-12-10;8;2203
26;2025-12-10;9;1532
26;2025-12-10;10;1240
26;2025-12-10;11;1176
26;2025-12-10;12;1191
26;2025-12-10;13;1211
26;2025-12-10;14;1285
26;2025-12-10;15;1384
26;2025-12-10;16;1486
26;2025-12-10;17;1747
26;2025-12-10;18;1873
26;2025-12-10;19;1278
26;2025-12-10;20;794
26;2025-12-10;21;491
26;2025-12-10;22;235
26;2025-12-10;23;127
26;2025-12-11;0;32
26;2025-12-11;1;1
26;2025-12-11;2;0
26;2025-12-11;3;0
26;2025-12-11;4;1
26;2025-12-11;5;90
26;2025-12-11;6;502
26;2025-12-11;7;1144
26;2025-12-11;8;2190
26;2025-12-11;9;1492
26;2025-12-11;10;1214
26;2025-12-11;11;1162
26;2025-12-11;12;1181
26;2025-12-11;13;1202
26;2025-12-11;14;1286
26;2025-12-11;15;1382
26;2025-12-11;16;1480
26;2025-12-11;17;1731
26;2025-12-11;18;1843
26;2025-12-11;19;1292
26;2025-12-11;20;800
26;2025-12-11;21;493
26;2025-12-11;22;236
26;2025-12-11;23;130
26;2025-12-12;0;33
26;2025-12-12;1;1
26;2025-12-12;2;0
26;2025-12-12;3;0
26;2025-12-12;4;2
26;2025-12-12;5;82
26;2025-12-12;6;499
26;2025-12-12;7;1106
26;2025-12-12;8;2075
26;2025-12-12;9;1422
26;2025-12-12;10;1208
26;2025-12-12;11;1158
26;2025-12-12;12;1177
26;2025-12-12;13;1190
26;2025-12-12;14;1270
26;2025-12-12;15;1360
26;2025-12-12;16;1511
26;2025-12-12;17;1654
26;2025-12-12;18;1413
26;2025-12-12;19;1098
26;2025-12-12;20;709
26;2025-12-12;21;462
26;2025-12-12;22;209
26;2025-12-12;23;144
26;2025-12-13;0;48
26;2025-12-13;1;2
26;2025-12-13;2;0
26;2025-12-13;3;0
26;2025-12-13;4;2
26;2025-12-13;5;42
26;2025-12-13;6;235
26;2025-12-13;7;344
26;2025-12-13;8;573
26;2025-12-13;9;719
26;2025-12-13;10;809
26;2025-12-13;11;939
26;2025-12-13;12;1009
26;2025-12-13;13;1029
26;2025-12-13;14;1052
26;2025-12-13;15;1028
26;2025-12-13;16;1026
26;2025-12-13;17;971
26;2025-12-13;18;912
26;2025-12-13;19;773
26;2025-12-13;20;493
26;2025-12-13;21;339
26;2025-12-13;22;223
26;2025-12-13;23;142
26;2025-12-14;0;48
26;2025-12-14;1;7
26;2025-12-14;2;0
26;2025-12-14;3;0
26;2025-12-14;4;1
26;2025-12-14;5;6
26;2025-12-14;6;128
26;2025-12-14;7;215
26;2025-12-14;8;348
26;2025-12-14;9;509
26;2025-12-14;10;568
26;2025-12-14;11;767
26;2025-12-14;12;833
26;2025-12-14;13;862
26;2025-12-14;14;866
26;2025-12-14;15;832
26;2025-12-14;16;809
26;2025-12-14;17;814
26;2025-12-14;18;733
26;2025-12-14;19;574
26;2025-12-14;20;413
26;2025-12-14;21;301
26;2025-12-14;22;184
26;2025-12-14;23;109
26;2025-12-15;0;28
26;2025-12-15;1;2
26;2025-12-15;2;0
26;2025-12-15;3;0
26;2025-12-15;4;1
26;2025-12-15;5;92
26;2025-12-15;6;507
26;2025-12-15;7;1149
26;2025-12-15;8;2187
26;2025-12-15;9;1474
26;2025-12-15;10;1191
26;2025-12-15;11;1053
26;2025-12-15;12;1101
26;2025-12-15;13;1145
26;2025-12-15;14;1194
26;2025-12-15;15;1325
26;2025-12-15;16;1434
26;2025-12-15;17;1732
26;2025-12-15;18;1905
26;2025-12-15;19;1269
26;2025-12-15;20;768
26;2025-12-15;21;458
26;2025-12-15;22;207
26;2025-12-15;23;104
26;2025-12-16;0;30
26;2025-12-16;1;1
26;2025-12-16;2;0
26;2025-12-16;3;0
26;2025-12-16;4;1
26;2025-12-16;5;89
26;2025-12-16;6;500
26;2025-12-16;7;1136
26;2025-12-16;8;2195
26;2025-12-16;9;1494
26;2025-12-16;10;1219
26;2025-12-16;11;1180
26;2025-12-16;12;1202
26;2025-12-16;13;1175
26;2025-12-16;14;1275
26;2025-12-16;15;1380
26;2025-12-16;16;1487
26;2025-12-16;17;1748
26;2025-12-16;18;1881
26;2025-12-16;19;1279
26;2025-12-16;20;790
26;2025-12-16;21;485
26;2025-12-16;22;227
26;2025-12-16;23;115
26;2025-12-17;0;31
26;2025-12-17;1;1
26;2025-12-17;2;0
26;2025-12-17;3;0
26;2025-12-17;4;1
26;2025-12-17;5;91
26;2025-12-17;6;504
26;2025-12-17;7;1146
26;2025-12-17;8;2205
26;2025-12-17;9;1508
26;2025-12-17;10;1220
26;2025-12-17;11;1172
26;2025-12-17;12;1187
26;2025-12-17;13;1208
26;2025-12-17;14;1284
26;2025-12-17;15;1383
26;2025-12-17;16;1489
26;2025-12-17;17;1750
26;2025-12-17;18;1875
26;2025-12-17;19;1276
26;2025-12-17;20;793
26;2025-12-17;21;489
26;2025-12-17;22;233
26;2025-12-17;23;127
26;2025-12-18;0;32
26;2025-12-18;1;1
26;2025-12-18;2;0
26;2025-12-18;3;0
26;2025-12-18;4;2
26;2025-12-18;5;91
26;2025-12-18;6;503
26;2025-12-18;7;1143
26;2025-12-18;8;2199
26;2025-12-18;9;1503
26;2025-12-18;10;1221
26;2025-12-18;11;1173
26;2025-12-18;12;1191
26;2025-12-18;13;1209
26;2025-12-18;14;1286
26;2025-12-18;15;1384
26;2025-12-18;16;1487
26;2025-12-18;17;1750
26;2025-12-18;18;1875
26;2025-12-18;19;1275
26;2025-12-18;20;790
26;2025-12-18;21;486
26;2025-12-18;22;233
26;2025-12-18;23;129
26;2025-12-19;0;32
26;2025-12-19;1;1
26;2025-12-19;2;0
26;2025-12-19;3;0
26;2025-12-19;4;1
26;2025-12-19;5;77
26;2025-12-19;6;497
26;2025-12-19;7;1101
26;2025-12-19;8;2065
26;2025-12-19;9;1413
26;2025-12-19;10;1214
26;2025-12-19;11;1157
26;2025-12-19;12;1200
26;2025-12-19;13;1236
26;2025-12-19;14;1307
26;2025-12-19;15;1424
26;2025-12-19;16;1575
26;2025-12-19;17;1669
26;2025-12-19;18;1410
26;2025-12-19;19;1108
26;2025-12-19;20;707
26;2025-12-19;21;459
26;2025-12-19;22;222
26;2025-12-19;23;146
26;2025-12-20;0;48
26;2025-12-20;1;3
26;2025-12-20;2;0
26;2025-12-20;3;0
26;2025-12-20;4;2
26;2025-12-20;5;53
26;2025-12-20;6;257
26;2025-12-20;7;378
26;2025-12-20;8;605
26;2025-12-20;9;767
26;2025-12-20;10;858
26;2025-12-20;11;986
26;2025-12-20;12;1081
26;2025-12-20;13;1103
26;2025-12-20;14;1113
26;2025-12-20;15;1075
26;2025-12-20;16;1075
26;2025-12-20;17;1022
26;2025-12-20;18;925
26;2025-12-20;19;786
26;2025-12-20;20;532
26;2025-12-20;21;373
26;2025-12-20;22;228
26;2025-12-20;23;153
26;2025-12-21;0;48
26;2025-12-21;1;5
26;2025-12-21;2;0
26;2025-12-21;3;0
26;2025-12-21;4;1
26;2025-12-21;5;30
26;2025-12-21;6;165
26;2025-12-21;7;270
26;2025-12-21;8;407
26;2025-12-21;9;562
26;2025-12-21;10;624
26;2025-12-21;11;818
26;2025-12-21;12;894
26;2025-12-21;13;923
26;2025-12-21;14;919
26;2025-12-21;15;874
26;2025-12-21;16;846
26;2025-12-21;17;851
26;2025-12-21;18;738
26;2025-12-21;19;584
26;2025-12-21;20;426
26;2025-12-21;21;311
26;2025-12-21;22;173
26;2025-12-21;23;108
26;2025-12-22;0;29
26;2025-12-22;1;1
26;2025-12-22;2;0
26;2025-12-22;3;0
26;2025-12-22;4;1
26;2025-12-22;5;90
26;2025-12-22;6;505
26;2025-12-22;7;1151
26;2025-12-22;8;2188
26;2025-12-22;9;1473
26;2025-12-22;10;1203
26;2025-12-22;11;1079
26;2025-12-22;12;1100
26;2025-12-22;13;1158
26;2025-12-22;14;1203
26;2025-12-22;15;1320
26;2025-12-22;16;1432
26;2025-12-22;17;1722
26;2025-12-22;18;1881
26;2025-12-22;19;1249
26;2025-12-22;20;760
26;2025-12-22;21;457
26;2025-12-22;22;199
26;2025-12-22;23;92
26;2025-12-23;0;30
26;2025-12-23;1;1
26;2025-12-23;2;0
26;2025-12-23;3;0
26;2025-12-23;4;1
26;2025-12-23;5;95
26;2025-12-23;6;511
26;2025-12-23;7;1149
26;2025-12-23;8;2215
26;2025-12-23;9;1520
26;2025-12-23;10;1222
26;2025-12-23;11;1170
26;2025-12-23;12;1186
26;2025-12-23;13;1207
26;2025-12-23;14;1276
26;2025-12-23;15;1373
26;2025-12-23;16;1476
26;2025-12-23;17;1737
26;2025-12-23;18;1878
26;2025-12-23;19;1288
26;2025-12-23;20;793
26;2025-12-23;21;487
26;2025-12-23;22;227
26;2025-12-23;23;114
26;2025-12-24;0;31
26;2025-12-24;1;1
26;2025-12-24;2;0
26;2025-12-24;3;0
26;2025-12-24;4;1
26;2025-12-24;5;89
26;2025-12-24;6;497
26;2025-12-24;7;1136
26;2025-12-24;8;2188
26;2025-12-24;9;1503
26;2025-12-24;10;1220
26;2025-12-24;11;1175
26;2025-12-24;12;1156
26;2025-12-24;13;1179
26;2025-12-24;14;1286
26;2025-12-24;15;1357
26;2025-12-24;16;1482
26;2025-12-24;17;1743
26;2025-12-24;18;1845
26;2025-12-24;19;1278
26;2025-12-24;20;781
26;2025-12-24;21;466
26;2025-12-24;22;212
26;2025-12-24;23;112
26;2025-12-25;0;32
26;2025-12-25;1;1
26;2025-12-25;2;0
26;2025-12-25;3;0
26;2025-12-25;4;1
26;2025-12-25;5;92
26;2025-12-25;6;514
26;2025-12-25;7;1129
26;2025-12-25;8;2179
26;2025-12-25;9;1487
26;2025-12-25;10;1205
26;2025-12-25;11;1157
26;2025-12-25;12;1175
26;2025-12-25;13;1195
26;2025-12-25;14;1271
26;2025-12-25;15;1366
26;2025-12-25;16;1493
26;2025-12-25;17;1733
26;2025-12-25;18;1847
26;2025-12-25;19;1287
26;2025-12-25;20;797
26;2025-12-25;21;493
26;2025-12-25;22;238
26;2025-12-25;23;128
26;2025-12-26;0;30
26;2025-12-26;1;0
26;2025-12-26;2;0
26;2025-12-26;3;0
26;2025-12-26;4;1
26;2025-12-26;5;64
26;2025-12-26;6;500
26;2025-12-26;7;1109
26;2025-12-26;8;2109
26;2025-12-26;9;1406
26;2025-12-26;10;1180
26;2025-12-26;11;1145
26;2025-12-26;12;1159
26;2025-12-26;13;1203
26;2025-12-26;14;1274
26;2025-12-26;15;1405
26;2025-12-26;16;1549
26;2025-12-26;17;1652
26;2025-12-26;18;1405
26;2025-12-26;19;1115
26;2025-12-26;20;699
26;2025-12-26;21;446
26;2025-12-26;22;209
26;2025-12-26;23;149
26;2025-12-27;0;48
26;2025-12-27;1;3
26;2025-12-27;2;0
26;2025-12-27;3;0
26;2025-12-27;4;2
26;2025-12-27;5;56
26;2025-12-27;6;257
26;2025-12-27;7;378
26;2025-12-27;8;606
26;2025-12-27;9;744
26;2025-12-27;10;860
26;2025-12-27;11;993
26;2025-12-27;12;1070
26;2025-12-27;13;1091
26;2025-12-27;14;1101
26;2025-12-27;15;1047
26;2025-12-27;16;1047
26;2025-12-27;17;993
26;2025-12-27;18;910
26;2025-12-27;19;770
26;2025-12-27;20;515
26;2025-12-27;21;362
26;2025-12-27;22;218
26;2025-12-27;23;152
26;2025-12-28;0;47
26;2025-12-28;1;5
26;2025-12-28;2;0
26;2025-12-28;3;0
26;2025-12-28;4;1
26;2025-12-28;5;38
26;2025-12-28;6;179
26;2025-12-28;7;283
26;2025-12-28;8;445
26;2025-12-28;9;571
26;2025-12-28;10;611
26;2025-12-28;11;773
26;2025-12-28;12;817
26;2025-12-28;13;837
26;2025-12-28;14;828
26;2025-12-28;15;787
26;2025-12-28;16;810
26;2025-12-28;17;813
26;2025-12-28;18;713
26;2025-12-28;19;556
26;2025-12-28;20;396
26;2025-12-28;21;284
26;2025-12-28;22;162
26;2025-12-28;23;101
26;2025-12-29;0;27
26;2025-12-29;1;2
26;2025-12-29;2;0
26;2025-12-29;3;0
26;2025-12-29;4;1
26;2025-12-29;5;84
26;2025-12-29;6;482
26;2025-12-29;7;1092
26;2025-12-29;8;2046
26;2025-12-29;9;1383
26;2025-12-29;10;1098
26;2025-12-29;11;1006
26;2025-12-29;12;1022
26;2025-12-29;13;1069
26;2025-12-29;14;1126
26;2025-12-29;15;1246
26;2025-12-29;16;1355
26;2025-12-29;17;1635
26;2025-12-29;18;1790
26;2025-12-29;19;1224
26;2025-12-29;20;723
26;2025-12-29;21;424
26;2025-12-29;22;187
26;2025-12-29;23;87
26;2025-12-30;0;29
26;2025-12-30;1;2
26;2025-12-30;2;0
26;2025-12-30;3;0
26;2025-12-30;4;1
26;2025-12-30;5;75
26;2025-12-30;6;465
26;2025-12-30;7;1092
26;2025-12-30;8;2105
26;2025-12-30;9;1420
26;2025-12-30;10;1140
26;2025-12-30;11;1079
26;2025-12-30;12;1081
26;2025-12-30;13;1102
26;2025-12-30;14;1176
26;2025-12-30;15;1290
26;2025-12-30;16;1387
26;2025-12-30;17;1621
26;2025-12-30;18;1758
26;2025-12-30;19;1221
26;2025-12-30;20;736
26;2025-12-30;21;439
26;2025-12-30;22;202
26;2025-12-30;23;101
26;2025-12-31;0;45
26;2025-12-31;1;6
26;2025-12-31;2;0
26;2025-12-31;3;0
26;2025-12-31;4;1
26;2025-12-31;5;5
26;2025-12-31;6;68
26;2025-12-31;7;103
26;2025-12-31;8;195
26;2025-12-31;9;252
26;2025-12-31;10;280
26;2025-12-31;11;385
26;2025-12-31;12;512
26;2025-12-31;13;492
26;2025-12-31;14;494
26;2025-12-31;15;501
26;2025-12-31;16;551
26;2025-12-31;17;560
26;2025-12-31;18;472
26;2025-12-31;19;388
26;2025-12-31;20;286
26;2025-12-31;21;182
26;2025-12-31;22;72
26;2025-12-31;23;26
28;2025-11-01;0;0
28;2025-11-01;1;0
28;2025-11-01;2;0
28;2025-11-01;3;0
28;2025-11-01;4;2
28;2025-11-01;5;74
28;2025-11-01;6;257
28;2025-11-01;7;774
28;2025-11-01;8;1152
28;2025-11-01;9;806
28;2025-11-01;10;613
28;2025-11-01;11;592
28;2025-11-01;12;714
28;2025-11-01;13;722
28;2025-11-01;14;692
28;2025-11-01;15;742
28;2025-11-01;16;896
28;2025-11-01;17;917
28;2025-11-01;18;823
28;2025-11-01;19;651
28;2025-11-01;20;459
28;2025-11-01;21;299
28;2025-11-01;22;127
28;2025-11-01;23;18
28;2025-11-02;0;0
28;2025-11-02;1;0
28;2025-11-02;2;0
28;2025-11-02;3;0
28;2025-11-02;4;0
28;2025-11-02;5;31
28;2025-11-02;6;85
28;2025-11-02;7;172
28;2025-11-02;8;270
28;2025-11-02;9;363
28;2025-11-02;10;403
28;2025-11-02;11;438
28;2025-11-02;12;511
28;2025-11-02;13;544
28;2025-11-02;14;554
28;2025-11-02;15;542
28;2025-11-02;16;515
28;2025-11-02;17;514
28;2025-11-02;18;458
28;2025-11-02;19;390
28;2025-11-02;20;307
28;2025-11-02;21;253
28;2025-11-02;22;118
28;2025-11-02;23;13
28;2025-11-03;0;0
28;2025-11-03;1;0
28;2025-11-03;2;0
28;2025-11-03;3;0
28;2025-11-03;4;0
28;2025-11-03;5;46
28;2025-11-03;6;110
28;2025-11-03;7;202
28;2025-11-03;8;277
28;2025-11-03;9;354
28;2025-11-03;10;378
28;2025-11-03;11;383
28;2025-11-03;12;432
28;2025-11-03;13;481
28;2025-11-03;14;468
28;2025-11-03;15;467
28;2025-11-03;16;489
28;2025-11-03;17;485
28;2025-11-03;18;437
28;2025-11-03;19;397
28;2025-11-03;20;331
28;2025-11-03;21;269
28;2025-11-03;22;143
28;2025-11-03;23;45
28;2025-11-04;0;1
28;2025-11-04;1;0
28;2025-11-04;2;0
28;2025-11-04;3;0
28;2025-11-04;4;0
28;2025-11-04;5;37
28;2025-11-04;6;98
28;2025-11-04;7;186
28;2025-11-04;8;266
28;2025-11-04;9;315
28;2025-11-04;10;332
28;2025-11-04;11;358
28;2025-11-04;12;386
28;2025-11-04;13;455
28;2025-11-04;14;508
28;2025-11-04;15;493
28;2025-11-04;16;476
28;2025-11-04;17;471
28;2025-11-04;18;432
28;2025-11-04;19;384
28;2025-11-04;20;321
28;2025-11-04;21;265
28;2025-11-04;22;135
28;2025-11-04;23;40
28;2025-11-05;0;0
28;2025-11-05;1;0
28;2025-11-05;2;0
28;2025-11-05;3;0
28;2025-11-05;4;2
28;2025-11-05;5;82
28;2025-11-05;6;271
28;2025-11-05;7;819
28;2025-11-05;8;1271
28;2025-11-05;9;876
28;2025-11-05;10;647
28;2025-11-05;11;621
28;2025-11-05;12;704
28;2025-11-05;13;730
28;2025-11-05;14;712
28;2025-11-05;15;748
28;2025-11-05;16;902
28;2025-11-05;17;1031
28;2025-11-05;18;1035
28;2025-11-05;19;779
28;2025-11-05;20;532
28;2025-11-05;21;324
28;2025-11-05;22;140
28;2025-11-05;23;14
28;2025-11-06;0;0
28;2025-11-06;1;0
28;2025-11-06;2;0
28;2025-11-06;3;0
28;2025-11-06;4;2
28;2025-11-06;5;83
28;2025-11-06;6;275
28;2025-11-06;7;823
28;2025-11-06;8;1279
28;2025-11-06;9;879
28;2025-11-06;10;650
28;2025-11-06;11;619
28;2025-11-06;12;706
28;2025-11-06;13;732
28;2025-11-06;14;711
28;2025-11-06;15;748
28;2025-11-06;16;905
28;2025-11-06;17;1034
28;2025-11-06;18;1036
28;2025-11-06;19;779
28;2025-11-06;20;537
28;2025-11-06;21;326
28;2025-11-06;22;141
28;2025-11-06;23;15
28;2025-11-07;0;0
28;2025-11-07;1;0
28;2025-11-07;2;0
28;2025-11-07;3;0
28;2025-11-07;4;2
28;2025-11-07;5;85
28;2025-11-07;6;277
28;2025-11-07;7;829
28;2025-11-07;8;1241
28;2025-11-07;9;857
28;2025-11-07;10;639
28;2025-11-07;11;629
28;2025-11-07;12;765
28;2025-11-07;13;764
28;2025-11-07;14;733
28;2025-11-07;15;784
28;2025-11-07;16;952
28;2025-11-07;17;974
28;2025-11-07;18;881
28;2025-11-07;19;688
28;2025-11-07;20;485
28;2025-11-07;21;319
28;2025-11-07;22;134
28;2025-11-07;23;19
28;2025-11-08;0;0
28;2025-11-08;1;0
28;2025-11-08;2;0
28;2025-11-08;3;0
28;2025-11-08;4;1
28;2025-11-08;5;38
28;2025-11-08;6;115
28;2025-11-08;7;248
28;2025-11-08;8;399
28;2025-11-08;9;470
28;2025-11-08;10;489
28;2025-11-08;11;516
28;2025-11-08;12;623
28;2025-11-08;13;666
28;2025-11-08;14;633
28;2025-11-08;15;637
28;2025-11-08;16;640
28;2025-11-08;17;619
28;2025-11-08;18;551
28;2025-11-08;19;438
28;2025-11-08;20;321
28;2025-11-08;21;274
28;2025-11-08;22;129
28;2025-11-08;23;18
28;2025-11-09;0;0
28;2025-11-09;1;0
28;2025-11-09;2;0
28;2025-11-09;3;0
28;2025-11-09;4;0
28;2025-11-09;5;33
28;2025-11-09;6;89
28;2025-11-09;7;181
28;2025-11-09;8;283
28;2025-11-09;9;367
28;2025-11-09;10;406
28;2025-11-09;11;441
28;2025-11-09;12;507
28;2025-11-09;13;582
28;2025-11-09;14;559
28;2025-11-09;15;545
28;2025-11-09;16;518
28;2025-11-09;17;515
28;2025-11-09;18;464
28;2025-11-09;19;398
28;2025-11-09;20;316
28;2025-11-09;21;260
28;2025-11-09;22;118
28;2025-11-09;23;13
28;2025-11-10;0;0
28;2025-11-10;1;0
28;2025-11-10;2;0
28;2025-11-10;3;0
28;2025-11-10;4;2
28;2025-11-10;5;80
28;2025-11-10;6;276
28;2025-11-10;7;803
28;2025-11-10;8;1268
28;2025-11-10;9;853
28;2025-11-10;10;624
28;2025-11-10;11;553
28;2025-11-10;12;643
28;2025-11-10;13;681
28;2025-11-10;14;641
28;2025-11-10;15;677
28;2025-11-10;16;861
28;2025-11-10;17;990
28;2025-11-10;18;1013
28;2025-11-10;19;738
28;2025-11-10;20;490
28;2025-11-10;21;297
28;2025-11-10;22;125
28;2025-11-10;23;9
28;2025-11-11;0;0
28;2025-11-11;1;0
28;2025-11-11;2;0
28;2025-11-11;3;0
28;2025-11-11;4;2
28;2025-11-11;5;82
28;2025-11-11;6;272
28;2025-11-11;7;821
28;2025-11-11;8;1280
28;2025-11-11;9;879
28;2025-11-11;10;648
28;2025-11-11;11;605
28;2025-11-11;12;693
28;2025-11-11;13;729
28;2025-11-11;14;704
28;2025-11-11;15;741
28;2025-11-11;16;895
28;2025-11-11;17;1022
28;2025-11-11;18;1030
28;2025-11-11;19;774
28;2025-11-11;20;530
28;2025-11-11;21;322
28;2025-11-11;22;139
28;2025-11-11;23;17
28;2025-11-12;0;0
28;2025-11-12;1;0
28;2025-11-12;2;0
28;2025-11-12;3;0
28;2025-11-12;4;2
28;2025-11-12;5;81
28;2025-11-12;6;269
28;2025-11-12;7;817
28;2025-11-12;8;1278
28;2025-11-12;9;874
28;2025-11-12;10;647
28;2025-11-12;11;614
28;2025-11-12;12;699
28;2025-11-12;13;726
28;2025-11-12;14;705
28;2025-11-12;15;743
28;2025-11-12;16;897
28;2025-11-12;17;1027
28;2025-11-12;18;1033
28;2025-11-12;19;775
28;2025-11-12;20;531
28;2025-11-12;21;324
28;2025-11-12;22;140
28;2025-11-12;23;17
28;2025-11-13;0;0
28;2025-11-13;1;0
28;2025-11-13;2;0
28;2025-11-13;3;0
28;2025-11-13;4;2
28;2025-11-13;5;81
28;2025-11-13;6;269
28;2025-11-13;7;818
28;2025-11-13;8;1273
28;2025-11-13;9;877
28;2025-11-13;10;647
28;2025-11-13;11;618
28;2025-11-13;12;705
28;2025-11-13;13;733
28;2025-11-13;14;708
28;2025-11-13;15;749
28;2025-11-13;16;903
28;2025-11-13;17;1031
28;2025-11-13;18;1036
28;2025-11-13;19;779
28;2025-11-13;20;533
28;2025-11-13;21;324
28;2025-11-13;22;140
28;2025-11-13;23;15
28;2025-11-14;0;0
28;2025-11-14;1;0
28;2025-11-14;2;0
28;2025-11-14;3;0
28;2025-11-14;4;2
28;2025-11-14;5;78
28;2025-11-14;6;274
28;2025-11-14;7;825
28;2025-11-14;8;1237
28;2025-11-14;9;857
28;2025-11-14;10;654
28;2025-11-14;11;635
28;2025-11-14;12;769
28;2025-11-14;13;765
28;2025-11-14;14;734
28;2025-11-14;15;785
28;2025-11-14;16;953
28;2025-11-14;17;975
28;2025-11-14;18;874
28;2025-11-14;19;689
28;2025-11-14;20;479
28;2025-11-14;21;315
28;2025-11-14;22;130
28;2025-11-14;23;19
28;2025-11-15;0;0
28;2025-11-15;1;0
28;2025-11-15;2;0
28;2025-11-15;3;0
28;2025-11-15;4;1
28;2025-11-15;5;45
28;2025-11-15;6;115
28;2025-11-15;7;250
28;2025-11-15;8;412
28;2025-11-15;9;475
28;2025-11-15;10;463
28;2025-11-15;11;479
28;2025-11-15;12;586
28;2025-11-15;13;623
28;2025-11-15;14;628
28;2025-11-15;15;630
28;2025-11-15;16;629
28;2025-11-15;17;607
28;2025-11-15;18;528
28;2025-11-15;19;415
28;2025-11-15;20;315
28;2025-11-15;21;272
28;2025-11-15;22;128
28;2025-11-15;23;21
28;2025-11-16;0;2
28;2025-11-16;1;0
28;2025-11-16;2;0
28;2025-11-16;3;0
28;2025-11-16;4;0
28;2025-11-16;5;9
28;2025-11-16;6;81
28;2025-11-16;7;157
28;2025-11-16;8;229
28;2025-11-16;9;339
28;2025-11-16;10;375
28;2025-11-16;11;422
28;2025-11-16;12;489
28;2025-11-16;13;563
28;2025-11-16;14;541
28;2025-11-16;15;520
28;2025-11-16;16;502
28;2025-11-16;17;500
28;2025-11-16;18;434
28;2025-11-16;19;370
28;2025-11-16;20;295
28;2025-11-16;21;243
28;2025-11-16;22;114
28;2025-11-16;23;16
28;2025-11-17;0;0
28;2025-11-17;1;0
28;2025-11-17;2;0
28;2025-11-17;3;0
28;2025-11-17;4;2
28;2025-11-17;5;78
28;2025-11-17;6;276
28;2025-11-17;7;795
28;2025-11-17;8;1259
28;2025-11-17;9;842
28;2025-11-17;10;632
28;2025-11-17;11;555
28;2025-11-17;12;649
28;2025-11-17;13;656
28;2025-11-17;14;630
28;2025-11-17;15;667
28;2025-11-17;16;850
28;2025-11-17;17;979
28;2025-11-17;18;1004
28;2025-11-17;19;727
28;2025-11-17;20;488
28;2025-11-17;21;304
28;2025-11-17;22;124
28;2025-11-17;23;9
28;2025-11-18;0;0
28;2025-11-18;1;0
28;2025-11-18;2;0
28;2025-11-18;3;0
28;2025-11-18;4;2
28;2025-11-18;5;62
28;2025-11-18;6;268
28;2025-11-18;7;825
28;2025-11-18;8;1299
28;2025-11-18;9;871
28;2025-11-18;10;606
28;2025-11-18;11;606
28;2025-11-18;12;695
28;2025-11-18;13;720
28;2025-11-18;14;694
28;2025-11-18;15;744
28;2025-11-18;16;899
28;2025-11-18;17;1022
28;2025-11-18;18;1025
28;2025-11-18;19;772
28;2025-11-18;20;531
28;2025-11-18;21;320
28;2025-11-18;22;136
28;2025-11-18;23;16
28;2025-11-19;0;0
28;2025-11-19;1;0
28;2025-11-19;2;0
28;2025-11-19;3;0
28;2025-11-19;4;1
28;2025-11-19;5;81
28;2025-11-19;6;271
28;2025-11-19;7;815
28;2025-11-19;8;1281
28;2025-11-19;9;877
28;2025-11-19;10;642
28;2025-11-19;11;608
28;2025-11-19;12;687
28;2025-11-19;13;717
28;2025-11-19;14;692
28;2025-11-19;15;734
28;2025-11-19;16;887
28;2025-11-19;17;1017
28;2025-11-19;18;1023
28;2025-11-19;19;768
28;2025-11-19;20;527
28;2025-11-19;21;321
28;2025-11-19;22;138
28;2025-11-19;23;16
28;2025-11-20;0;0
28;2025-11-20;1;0
28;2025-11-20;2;0
28;2025-11-20;3;0
28;2025-11-20;4;1
28;2025-11-20;5;80
28;2025-11-20;6;269
28;2025-11-20;7;813
28;2025-11-20;8;1271
28;2025-11-20;9;874
28;2025-11-20;10;640
28;2025-11-20;11;606
28;2025-11-20;12;686
28;2025-11-20;13;715
28;2025-11-20;14;690
28;2025-11-20;15;731
28;2025-11-20;16;885
28;2025-11-20;17;1014
28;2025-11-20;18;1021
28;2025-11-20;19;762
28;2025-11-20;20;522
28;2025-11-20;21;318
28;2025-11-20;22;135
28;2025-11-20;23;16
28;2025-11-21;0;0
28;2025-11-21;1;0
28;2025-11-21;2;0
28;2025-11-21;3;0
28;2025-11-21;4;2
28;2025-11-21;5;84
28;2025-11-21;6;276
28;2025-11-21;7;812
28;2025-11-21;8;1233
28;2025-11-21;9;849
28;2025-11-21;10;640
28;2025-11-21;11;617
28;2025-11-21;12;730
28;2025-11-21;13;746
28;2025-11-21;14;716
28;2025-11-21;15;771
28;2025-11-21;16;944
28;2025-11-21;17;966
28;2025-11-21;18;860
28;2025-11-21;19;677
28;2025-11-21;20;477
28;2025-11-21;21;314
28;2025-11-21;22;131
28;2025-11-21;23;22
28;2025-11-22;0;0
28;2025-11-22;1;0
28;2025-11-22;2;0
28;2025-11-22;3;0
28;2025-11-22;4;1
28;2025-11-22;5;42
28;2025-11-22;6;112
28;2025-11-22;7;240
28;2025-11-22;8;403
28;2025-11-22;9;469
28;2025-11-22;10;498
28;2025-11-22;11;516
28;2025-11-22;12;616
28;2025-11-22;13;665
28;2025-11-22;14;628
28;2025-11-22;15;631
28;2025-11-22;16;628
28;2025-11-22;17;607
28;2025-11-22;18;532
28;2025-11-22;19;417
28;2025-11-22;20;317
28;2025-11-22;21;269
28;2025-11-22;22;128
28;2025-11-22;23;23
28;2025-11-23;0;2
28;2025-11-23;1;0
28;2025-11-23;2;0
28;2025-11-23;3;0
28;2025-11-23;4;0
28;2025-11-23;5;25
28;2025-11-23;6;85
28;2025-11-23;7;165
28;2025-11-23;8;272
28;2025-11-23;9;356
28;2025-11-23;10;394
28;2025-11-23;11;430
28;2025-11-23;12;498
28;2025-11-23;13;570
28;2025-11-23;14;547
28;2025-11-23;15;534
28;2025-11-23;16;503
28;2025-11-23;17;498
28;2025-11-23;18;431
28;2025-11-23;19;370
28;2025-11-23;20;298
28;2025-11-23;21;244
28;2025-11-23;22;115
28;2025-11-23;23;14
28;2025-11-24;0;0
28;2025-11-24;1;0
28;2025-11-24;2;0
28;2025-11-24;3;0
28;2025-11-24;4;2
28;2025-11-24;5;63
28;2025-11-24;6;262
28;2025-11-24;7;814
28;2025-11-24;8;1258
28;2025-11-24;9;858
28;2025-11-24;10;598
28;2025-11-24;11;541
28;2025-11-24;12;658
28;2025-11-24;13;691
28;2025-11-24;14;645
28;2025-11-24;15;683
28;2025-11-24;16;862
28;2025-11-24;17;981
28;2025-11-24;18;1004
28;2025-11-24;19;734
28;2025-11-24;20;485
28;2025-11-24;21;297
28;2025-11-24;22;124
28;2025-11-24;23;8
28;2025-11-25;0;0
28;2025-11-25;1;0
28;2025-11-25;2;0
28;2025-11-25;3;0
28;2025-11-25;4;2
28;2025-11-25;5;83
28;2025-11-25;6;273
28;2025-11-25;7;819
28;2025-11-25;8;1278
28;2025-11-25;9;882
28;2025-11-25;10;645
28;2025-11-25;11;607
28;2025-11-25;12;681
28;2025-11-25;13;714
28;2025-11-25;14;689
28;2025-11-25;15;731
28;2025-11-25;16;885
28;2025-11-25;17;1014
28;2025-11-25;18;1023
28;2025-11-25;19;767
28;2025-11-25;20;526
28;2025-11-25;21;321
28;2025-11-25;22;136
28;2025-11-25;23;16
28;2025-11-26;0;0
28;2025-11-26;1;0
28;2025-11-26;2;0
28;2025-11-26;3;0
28;2025-11-26;4;1
28;2025-11-26;5;85
28;2025-11-26;6;275
28;2025-11-26;7;835
28;2025-11-26;8;1322
28;2025-11-26;9;897
28;2025-11-26;10;645
28;2025-11-26;11;618
28;2025-11-26;12;694
28;2025-11-26;13;722
28;2025-11-26;14;696
28;2025-11-26;15;736
28;2025-11-26;16;887
28;2025-11-26;17;1018
28;2025-11-26;18;1026
28;2025-11-26;19;774
28;2025-11-26;20;532
28;2025-11-26;21;326
28;2025-11-26;22;142
28;2025-11-26;23;15
28;2025-11-27;0;0
28;2025-11-27;1;0
28;2025-11-27;2;0
28;2025-11-27;3;0
28;2025-11-27;4;2
28;2025-11-27;5;81
28;2025-11-27;6;271
28;2025-11-27;7;820
28;2025-11-27;8;1273
28;2025-11-27;9;878
28;2025-11-27;10;644
28;2025-11-27;11;615
28;2025-11-27;12;702
28;2025-11-27;13;728
28;2025-11-27;14;705
28;2025-11-27;15;746
28;2025-11-27;16;901
28;2025-11-27;17;1030
28;2025-11-27;18;1038
28;2025-11-27;19;782
28;2025-11-27;20;536
28;2025-11-27;21;331
28;2025-11-27;22;146
28;2025-11-27;23;17
28;2025-11-28;0;0
28;2025-11-28;1;0
28;2025-11-28;2;0
28;2025-11-28;3;0
28;2025-11-28;4;2
28;2025-11-28;5;77
28;2025-11-28;6;274
28;2025-11-28;7;823
28;2025-11-28;8;1233
28;2025-11-28;9;848
28;2025-11-28;10;639
28;2025-11-28;11;616
28;2025-11-28;12;747
28;2025-11-28;13;749
28;2025-11-28;14;719
28;2025-11-28;15;780
28;2025-11-28;16;946
28;2025-11-28;17;967
28;2025-11-28;18;861
28;2025-11-28;19;674
28;2025-11-28;20;473
28;2025-11-28;21;311
28;2025-11-28;22;131
28;2025-11-28;23;22
28;2025-11-29;0;0
28;2025-11-29;1;0
28;2025-11-29;2;0
28;2025-11-29;3;0
28;2025-11-29;4;1
28;2025-11-29;5;35
28;2025-11-29;6;113
28;2025-11-29;7;240
28;2025-11-29;8;396
28;2025-11-29;9;477
28;2025-11-29;10;499
28;2025-11-29;11;517
28;2025-11-29;12;618
28;2025-11-29;13;663
28;2025-11-29;14;628
28;2025-11-29;15;631
28;2025-11-29;16;629
28;2025-11-29;17;606
28;2025-11-29;18;528
28;2025-11-29;19;415
28;2025-11-29;20;317
28;2025-11-29;21;274
28;2025-11-29;22;129
28;2025-11-29;23;19
28;2025-11-30;0;2
28;2025-11-30;1;0
28;2025-11-30;2;0
28;2025-11-30;3;0
28;2025-11-30;4;0
28;2025-11-30;5;29
28;2025-11-30;6;89
28;2025-11-30;7;170
28;2025-11-30;8;274
28;2025-11-30;9;357
28;2025-11-30;10;394
28;2025-11-30;11;430
28;2025-11-30;12;495
28;2025-11-30;13;572
28;2025-11-30;14;554
28;2025-11-30;15;540
28;2025-11-30;16;510
28;2025-11-30;17;507
28;2025-11-30;18;454
28;2025-11-30;19;388
28;2025-11-30;20;310
28;2025-11-30;21;263
28;2025-11-30;22;120
28;2025-11-30;23;16
28;2025-12-01;0;0
28;2025-12-01;1;0
28;2025-12-01;2;0
28;2025-12-01;3;0
28;2025-12-01;4;2
28;2025-12-01;5;78
28;2025-12-01;6;278
28;2025-12-01;7;799
28;2025-12-01;8;1268
28;2025-12-01;9;853
28;2025-12-01;10;623
28;2025-12-01;11;553
28;2025-12-01;12;646
28;2025-12-01;13;681
28;2025-12-01;14;630
28;2025-12-01;15;668
28;2025-12-01;16;851
28;2025-12-01;17;980
28;2025-12-01;18;1009
28;2025-12-01;19;733
28;2025-12-01;20;487
28;2025-12-01;21;295
28;2025-12-01;22;122
28;2025-12-01;23;9
28;2025-12-02;0;0
28;2025-12-02;1;0
28;2025-12-02;2;0
28;2025-12-02;3;0
28;2025-12-02;4;2
28;2025-12-02;5;82
28;2025-12-02;6;273
28;2025-12-02;7;820
28;2025-12-02;8;1285
28;2025-12-02;9;884
28;2025-12-02;10;647
28;2025-12-02;11;602
28;2025-12-02;12;682
28;2025-12-02;13;716
28;2025-12-02;14;691
28;2025-12-02;15;733
28;2025-12-02;16;887
28;2025-12-02;17;1016
28;2025-12-02;18;1025
28;2025-12-02;19;769
28;2025-12-02;20;528
28;2025-12-02;21;322
28;2025-12-02;22;137
28;2025-12-02;23;16
28;2025-12-03;0;0
28;2025-12-03;1;0
28;2025-12-03;2;0
28;2025-12-03;3;0
28;2025-12-03;4;1
28;2025-12-03;5;81
28;2025-12-03;6;272
28;2025-12-03;7;817
28;2025-12-03;8;1283
28;2025-12-03;9;878
28;2025-12-03;10;642
28;2025-12-03;11;608
28;2025-12-03;12;689
28;2025-12-03;13;719
28;2025-12-03;14;693
28;2025-12-03;15;735
28;2025-12-03;16;889
28;2025-12-03;17;1019
28;2025-12-03;18;1025
28;2025-12-03;19;769
28;2025-12-03;20;527
28;2025-12-03;21;321
28;2025-12-03;22;138
28;2025-12-03;23;17
28;2025-12-04;0;0
28;2025-12-04;1;0
28;2025-12-04;2;0
28;2025-12-04;3;0
28;2025-12-04;4;1
28;2025-12-04;5;80
28;2025-12-04;6;269
28;2025-12-04;7;815
28;2025-12-04;8;1281
28;2025-12-04;9;875
28;2025-12-04;10;640
28;2025-12-04;11;606
28;2025-12-04;12;689
28;2025-12-04;13;720
28;2025-12-04;14;695
28;2025-12-04;15;737
28;2025-12-04;16;891
28;2025-12-04;17;1020
28;2025-12-04;18;1027
28;2025-12-04;19;770
28;2025-12-04;20;528
28;2025-12-04;21;326
28;2025-12-04;22;142
28;2025-12-04;23;18
28;2025-12-05;0;0
28;2025-12-05;1;0
28;2025-12-05;2;0
28;2025-12-05;3;0
28;2025-12-05;4;2
28;2025-12-05;5;76
28;2025-12-05;6;272
28;2025-12-05;7;819
28;2025-12-05;8;1235
28;2025-12-05;9;849
28;2025-12-05;10;640
28;2025-12-05;11;619
28;2025-12-05;12;751
28;2025-12-05;13;749
28;2025-12-05;14;718
28;2025-12-05;15;774
28;2025-12-05;16;947
28;2025-12-05;17;969
28;2025-12-05;18;862
28;2025-12-05;19;676
28;2025-12-05;20;474
28;2025-12-05;21;311
28;2025-12-05;22;131
28;2025-12-05;23;23
28;2025-12-06;0;0
28;2025-12-06;1;0
28;2025-12-06;2;0
28;2025-12-06;3;0
28;2025-12-06;4;1
28;2025-12-06;5;37
28;2025-12-06;6;118
28;2025-12-06;7;250
28;2025-12-06;8;408
28;2025-12-06;9;492
28;2025-12-06;10;513
28;2025-12-06;11;530
28;2025-12-06;12;645
28;2025-12-06;13;704
28;2025-12-06;14;667
28;2025-12-06;15;664
28;2025-12-06;16;664
28;2025-12-06;17;632
28;2025-12-06;18;562
28;2025-12-06;19;432
28;2025-12-06;20;330
28;2025-12-06;21;290
28;2025-12-06;22;137
28;2025-12-06;23;21
28;2025-12-07;0;2
28;2025-12-07;1;0
28;2025-12-07;2;0
28;2025-12-07;3;0
28;2025-12-07;4;0
28;2025-12-07;5;31
28;2025-12-07;6;94
28;2025-12-07;7;171
28;2025-12-07;8;280
28;2025-12-07;9;369
28;2025-12-07;10;409
28;2025-12-07;11;445
28;2025-12-07;12;513
28;2025-12-07;13;590
28;2025-12-07;14;567
28;2025-12-07;15;552
28;2025-12-07;16;521
28;2025-12-07;17;516
28;2025-12-07;18;449
28;2025-12-07;19;389
28;2025-12-07;20;308
28;2025-12-07;21;255
28;2025-12-07;22;120
28;2025-12-07;23;15
28;2025-12-08;0;0
28;2025-12-08;1;0
28;2025-12-08;2;0
28;2025-12-08;3;0
28;2025-12-08;4;2
28;2025-12-08;5;78
28;2025-12-08;6;278
28;2025-12-08;7;799
28;2025-12-08;8;1268
28;2025-12-08;9;853
28;2025-12-08;10;623
28;2025-12-08;11;553
28;2025-12-08;12;646
28;2025-12-08;13;677
28;2025-12-08;14;632
28;2025-12-08;15;668
28;2025-12-08;16;851
28;2025-12-08;17;980
28;2025-12-08;18;1009
28;2025-12-08;19;733
28;2025-12-08;20;487
28;2025-12-08;21;295
28;2025-12-08;22;122
28;2025-12-08;23;9
28;2025-12-09;0;0
28;2025-12-09;1;0
28;2025-12-09;2;0
28;2025-12-09;3;0
28;2025-12-09;4;2
28;2025-12-09;5;83
28;2025-12-09;6;274
28;2025-12-09;7;820
28;2025-12-09;8;1283
28;2025-12-09;9;886
28;2025-12-09;10;648
28;2025-12-09;11;603
28;2025-12-09;12;682
28;2025-12-09;13;716
28;2025-12-09;14;691
28;2025-12-09;15;734
28;2025-12-09;16;888
28;2025-12-09;17;1016
28;2025-12-09;18;1025
28;2025-12-09;19;770
28;2025-12-09;20;528
28;2025-12-09;21;322
28;2025-12-09;22;142
28;2025-12-09;23;16
28;2025-12-10;0;0
28;2025-12-10;1;0
28;2025-12-10;2;0
28;2025-12-10;3;0
28;2025-12-10;4;1
28;2025-12-10;5;107
28;2025-12-10;6;297
28;2025-12-10;7;846
28;2025-12-10;8;1288
28;2025-12-10;9;904
28;2025-12-10;10;659
28;2025-12-10;11;618
28;2025-12-10;12;689
28;2025-12-10;13;719
28;2025-12-10;14;693
28;2025-12-10;15;735
28;2025-12-10;16;889
28;2025-12-10;17;1019
28;2025-12-10;18;1025
28;2025-12-10;19;770
28;2025-12-10;20;528
28;2025-12-10;21;322
28;2025-12-10;22;138
28;2025-12-10;23;17
28;2025-12-11;0;0
28;2025-12-11;1;0
28;2025-12-11;2;0
28;2025-12-11;3;0
28;2025-12-11;4;1
28;2025-12-11;5;80
28;2025-12-11;6;268
28;2025-12-11;7;813
28;2025-12-11;8;1285
28;2025-12-11;9;869
28;2025-12-11;10;635
28;2025-12-11;11;603
28;2025-12-11;12;687
28;2025-12-11;13;719
28;2025-12-11;14;692
28;2025-12-11;15;739
28;2025-12-11;16;891
28;2025-12-11;17;1018
28;2025-12-11;18;1027
28;2025-12-11;19;784
28;2025-12-11;20;542
28;2025-12-11;21;331
28;2025-12-11;22;147
28;2025-12-11;23;18
28;2025-12-12;0;0
28;2025-12-12;1;0
28;2025-12-12;2;0
28;2025-12-12;3;0
28;2025-12-12;4;2
28;2025-12-12;5;78
28;2025-12-12;6;265
28;2025-12-12;7;824
28;2025-12-12;8;1230
28;2025-12-12;9;857
28;2025-12-12;10;639
28;2025-12-12;11;625
28;2025-12-12;12;750
28;2025-12-12;13;729
28;2025-12-12;14;711
28;2025-12-12;15;734
28;2025-12-12;16;898
28;2025-12-12;17;951
28;2025-12-12;18;861
28;2025-12-12;19;678
28;2025-12-12;20;479
28;2025-12-12;21;317
28;2025-12-12;22;127
28;2025-12-12;23;18
28;2025-12-13;0;0
28;2025-12-13;1;0
28;2025-12-13;2;0
28;2025-12-13;3;0
28;2025-12-13;4;1
28;2025-12-13;5;31
28;2025-12-13;6;110
28;2025-12-13;7;234
28;2025-12-13;8;386
28;2025-12-13;9;473
28;2025-12-13;10;489
28;2025-12-13;11;508
28;2025-12-13;12;614
28;2025-12-13;13;667
28;2025-12-13;14;638
28;2025-12-13;15;648
28;2025-12-13;16;649
28;2025-12-13;17;624
28;2025-12-13;18;558
28;2025-12-13;19;429
28;2025-12-13;20;318
28;2025-12-13;21;279
28;2025-12-13;22;142
28;2025-12-13;23;23
28;2025-12-14;0;2
28;2025-12-14;1;0
28;2025-12-14;2;0
28;2025-12-14;3;0
28;2025-12-14;4;0
28;2025-12-14;5;9
28;2025-12-14;6;57
28;2025-12-14;7;134
28;2025-12-14;8;228
28;2025-12-14;9;346
28;2025-12-14;10;381
28;2025-12-14;11;427
28;2025-12-14;12;502
28;2025-12-14;13;583
28;2025-12-14;14;560
28;2025-12-14;15;549
28;2025-12-14;16;524
28;2025-12-14;17;520
28;2025-12-14;18;467
28;2025-12-14;19;399
28;2025-12-14;20;314
28;2025-12-14;21;260
28;2025-12-14;22;124
28;2025-12-14;23;20
28;2025-12-15;0;0
28;2025-12-15;1;0
28;2025-12-15;2;0
28;2025-12-15;3;0
28;2025-12-15;4;1
28;2025-12-15;5;79
28;2025-12-15;6;281
28;2025-12-15;7;804
28;2025-12-15;8;1273
28;2025-12-15;9;871
28;2025-12-15;10;644
28;2025-12-15;11;549
28;2025-12-15;12;652
28;2025-12-15;13;678
28;2025-12-15;14;633
28;2025-12-15;15;679
28;2025-12-15;16;864
28;2025-12-15;17;995
28;2025-12-15;18;1022
28;2025-12-15;19;754
28;2025-12-15;20;504
28;2025-12-15;21;310
28;2025-12-15;22;135
28;2025-12-15;23;17
28;2025-12-16;0;0
28;2025-12-16;1;0
28;2025-12-16;2;0
28;2025-12-16;3;0
28;2025-12-16;4;1
28;2025-12-16;5;80
28;2025-12-16;6;267
28;2025-12-16;7;812
28;2025-12-16;8;1274
28;2025-12-16;9;879
28;2025-12-16;10;644
28;2025-12-16;11;625
28;2025-12-16;12;707
28;2025-12-16;13;702
28;2025-12-16;14;695
28;2025-12-16;15;733
28;2025-12-16;16;887
28;2025-12-16;17;1016
28;2025-12-16;18;1025
28;2025-12-16;19;769
28;2025-12-16;20;528
28;2025-12-16;21;321
28;2025-12-16;22;137
28;2025-12-16;23;16
28;2025-12-17;0;0
28;2025-12-17;1;0
28;2025-12-17;2;0
28;2025-12-17;3;0
28;2025-12-17;4;1
28;2025-12-17;5;81
28;2025-12-17;6;270
28;2025-12-17;7;815
28;2025-12-17;8;1283
28;2025-12-17;9;877
28;2025-12-17;10;642
28;2025-12-17;11;608
28;2025-12-17;12;689
28;2025-12-17;13;719
28;2025-12-17;14;693
28;2025-12-17;15;735
28;2025-12-17;16;889
28;2025-12-17;17;1019
28;2025-12-17;18;1025
28;2025-12-17;19;769
28;2025-12-17;20;527
28;2025-12-17;21;321
28;2025-12-17;22;138
28;2025-12-17;23;17
28;2025-12-18;0;0
28;2025-12-18;1;0
28;2025-12-18;2;0
28;2025-12-18;3;0
28;2025-12-18;4;2
28;2025-12-18;5;80
28;2025-12-18;6;269
28;2025-12-18;7;814
28;2025-12-18;8;1278
28;2025-12-18;9;875
28;2025-12-18;10;641
28;2025-12-18;11;607
28;2025-12-18;12;688
28;2025-12-18;13;716
28;2025-12-18;14;691
28;2025-12-18;15;733
28;2025-12-18;16;887
28;2025-12-18;17;1017
28;2025-12-18;18;1023
28;2025-12-18;19;767
28;2025-12-18;20;525
28;2025-12-18;21;319
28;2025-12-18;22;137
28;2025-12-18;23;17
28;2025-12-19;0;0
28;2025-12-19;1;0
28;2025-12-19;2;0
28;2025-12-19;3;0
28;2025-12-19;4;2
28;2025-12-19;5;76
28;2025-12-19;6;271
28;2025-12-19;7;817
28;2025-12-19;8;1235
28;2025-12-19;9;850
28;2025-12-19;10;642
28;2025-12-19;11;620
28;2025-12-19;12;751
28;2025-12-19;13;749
28;2025-12-19;14;719
28;2025-12-19;15;773
28;2025-12-19;16;940
28;2025-12-19;17;965
28;2025-12-19;18;869
28;2025-12-19;19;677
28;2025-12-19;20;478
28;2025-12-19;21;314
28;2025-12-19;22;131
28;2025-12-19;23;22
28;2025-12-20;0;0
28;2025-12-20;1;0
28;2025-12-20;2;0
28;2025-12-20;3;0
28;2025-12-20;4;1
28;2025-12-20;5;38
28;2025-12-20;6;120
28;2025-12-20;7;250
28;2025-12-20;8;410
28;2025-12-20;9;493
28;2025-12-20;10;516
28;2025-12-20;11;537
28;2025-12-20;12;642
28;2025-12-20;13;689
28;2025-12-20;14;653
28;2025-12-20;15;655
28;2025-12-20;16;653
28;2025-12-20;17;630
28;2025-12-20;18;547
28;2025-12-20;19;429
28;2025-12-20;20;329
28;2025-12-20;21;284
28;2025-12-20;22;134
28;2025-12-20;23;22
28;2025-12-21;0;2
28;2025-12-21;1;0
28;2025-12-21;2;0
28;2025-12-21;3;0
28;2025-12-21;4;0
28;2025-12-21;5;30
28;2025-12-21;6;95
28;2025-12-21;7;174
28;2025-12-21;8;283
28;2025-12-21;9;370
28;2025-12-21;10;409
28;2025-12-21;11;445
28;2025-12-21;12;513
28;2025-12-21;13;590
28;2025-12-21;14;566
28;2025-12-21;15;554
28;2025-12-21;16;521
28;2025-12-21;17;516
28;2025-12-21;18;449
28;2025-12-21;19;389
28;2025-12-21;20;308
28;2025-12-21;21;255
28;2025-12-21;22;116
28;2025-12-21;23;15
28;2025-12-22;0;0
28;2025-12-22;1;0
28;2025-12-22;2;0
28;2025-12-22;3;0
28;2025-12-22;4;2
28;2025-12-22;5;78
28;2025-12-22;6;278
28;2025-12-22;7;800
28;2025-12-22;8;1274
28;2025-12-22;9;867
28;2025-12-22;10;654
28;2025-12-22;11;560
28;2025-12-22;12;655
28;2025-12-22;13;678
28;2025-12-22;14;632
28;2025-12-22;15;671
28;2025-12-22;16;853
28;2025-12-22;17;981
28;2025-12-22;18;1021
28;2025-12-22;19;735
28;2025-12-22;20;494
28;2025-12-22;21;305
28;2025-12-22;22;128
28;2025-12-22;23;7
28;2025-12-23;0;0
28;2025-12-23;1;0
28;2025-12-23;2;0
28;2025-12-23;3;0
28;2025-12-23;4;1
28;2025-12-23;5;82
28;2025-12-23;6;277
28;2025-12-23;7;822
28;2025-12-23;8;1282
28;2025-12-23;9;894
28;2025-12-23;10;649
28;2025-12-23;11;607
28;2025-12-23;12;688
28;2025-12-23;13;709
28;2025-12-23;14;680
28;2025-12-23;15;722
28;2025-12-23;16;876
28;2025-12-23;17;1008
28;2025-12-23;18;1023
28;2025-12-23;19;784
28;2025-12-23;20;533
28;2025-12-23;21;327
28;2025-12-23;22;143
28;2025-12-23;23;18
28;2025-12-24;0;0
28;2025-12-24;1;0
28;2025-12-24;2;0
28;2025-12-24;3;0
28;2025-12-24;4;1
28;2025-12-24;5;78
28;2025-12-24;6;266
28;2025-12-24;7;808
28;2025-12-24;8;1262
28;2025-12-24;9;881
28;2025-12-24;10;646
28;2025-12-24;11;612
28;2025-12-24;12;682
28;2025-12-24;13;722
28;2025-12-24;14;691
28;2025-12-24;15;722
28;2025-12-24;16;887
28;2025-12-24;17;1017
28;2025-12-24;18;1028
28;2025-12-24;19;778
28;2025-12-24;20;531
28;2025-12-24;21;322
28;2025-12-24;22;138
28;2025-12-24;23;13
28;2025-12-25;0;0
28;2025-12-25;1;0
28;2025-12-25;2;0
28;2025-12-25;3;0
28;2025-12-25;4;1
28;2025-12-25;5;82
28;2025-12-25;6;280
28;2025-12-25;7;813
28;2025-12-25;8;1270
28;2025-12-25;9;869
28;2025-12-25;10;634
28;2025-12-25;11;594
28;2025-12-25;12;681
28;2025-12-25;13;715
28;2025-12-25;14;690
28;2025-12-25;15;739
28;2025-12-25;16;893
28;2025-12-25;17;1030
28;2025-12-25;18;1040
28;2025-12-25;19;779
28;2025-12-25;20;531
28;2025-12-25;21;331
28;2025-12-25;22;147
28;2025-12-25;23;15
28;2025-12-26;0;0
28;2025-12-26;1;0
28;2025-12-26;2;0
28;2025-12-26;3;0
28;2025-12-26;4;2
28;2025-12-26;5;57
28;2025-12-26;6;269
28;2025-12-26;7;820
28;2025-12-26;8;1269
28;2025-12-26;9;846
28;2025-12-26;10;623
28;2025-12-26;11;623
28;2025-12-26;12;724
28;2025-12-26;13;732
28;2025-12-26;14;707
28;2025-12-26;15;762
28;2025-12-26;16;928
28;2025-12-26;17;945
28;2025-12-26;18;863
28;2025-12-26;19;675
28;2025-12-26;20;473
28;2025-12-26;21;307
28;2025-12-26;22;124
28;2025-12-26;23;21
28;2025-12-27;0;0
28;2025-12-27;1;0
28;2025-12-27;2;0
28;2025-12-27;3;0
28;2025-12-27;4;1
28;2025-12-27;5;38
28;2025-12-27;6;120
28;2025-12-27;7;251
28;2025-12-27;8;411
28;2025-12-27;9;481
28;2025-12-27;10;518
28;2025-12-27;11;537
28;2025-12-27;12;642
28;2025-12-27;13;688
28;2025-12-27;14;652
28;2025-12-27;15;639
28;2025-12-27;16;639
28;2025-12-27;17;630
28;2025-12-27;18;548
28;2025-12-27;19;428
28;2025-12-27;20;329
28;2025-12-27;21;288
28;2025-12-27;22;137
28;2025-12-27;23;31
28;2025-12-28;0;2
28;2025-12-28;1;0
28;2025-12-28;2;0
28;2025-12-28;3;0
28;2025-12-28;4;0
28;2025-12-28;5;34
28;2025-12-28;6;104
28;2025-12-28;7;188
28;2025-12-28;8;303
28;2025-12-28;9;375
28;2025-12-28;10;394
28;2025-12-28;11;443
28;2025-12-28;12;494
28;2025-12-28;13;554
28;2025-12-28;14;533
28;2025-12-28;15;527
28;2025-12-28;16;523
28;2025-12-28;17;518
28;2025-12-28;18;454
28;2025-12-28;19;387
28;2025-12-28;20;306
28;2025-12-28;21;254
28;2025-12-28;22;120
28;2025-12-28;23;17
28;2025-12-29;0;0
28;2025-12-29;1;0
28;2025-12-29;2;0
28;2025-12-29;3;0
28;2025-12-29;4;2
28;2025-12-29;5;72
28;2025-12-29;6;267
28;2025-12-29;7;767
28;2025-12-29;8;1195
28;2025-12-29;9;821
28;2025-12-29;10;590
28;2025-12-29;11;526
28;2025-12-29;12;615
28;2025-12-29;13;653
28;2025-12-29;14;616
28;2025-12-29;15;648
28;2025-12-29;16;823
28;2025-12-29;17;948
28;2025-12-29;18;967
28;2025-12-29;19;721
28;2025-12-29;20;482
28;2025-12-29;21;294
28;2025-12-29;22;123
28;2025-12-29;23;9
28;2025-12-30;0;0
28;2025-12-30;1;0
28;2025-12-30;2;0
28;2025-12-30;3;0
28;2025-12-30;4;1
28;2025-12-30;5;68
28;2025-12-30;6;246
28;2025-12-30;7;775
28;2025-12-30;8;1236
28;2025-12-30;9;848
28;2025-12-30;10;610
28;2025-12-30;11;568
28;2025-12-30;12;643
28;2025-12-30;13;673
28;2025-12-30;14;653
28;2025-12-30;15;692
28;2025-12-30;16;839
28;2025-12-30;17;960
28;2025-12-30;18;974
28;2025-12-30;19;736
28;2025-12-30;20;505
28;2025-12-30;21;305
28;2025-12-30;22;134
28;2025-12-30;23;14
28;2025-12-31;0;0
28;2025-12-31;1;0
28;2025-12-31;2;0
28;2025-12-31;3;0
28;2025-12-31;4;0
28;2025-12-31;5;8
28;2025-12-31;6;20
28;2025-12-31;7;44
28;2025-12-31;8;87
28;2025-12-31;9;126
28;2025-12-31;10;145
28;2025-12-31;11;176
28;2025-12-31;12;279
28;2025-12-31;13;319
28;2025-12-31;14;304
28;2025-12-31;15;304
28;2025-12-31;16;322
28;2025-12-31;17;317
28;2025-12-31;18;255
28;2025-12-31;19;224
28;2025-12-31;20;186
28;2025-12-31;21;139
28;2025-12-31;22;28
28;2025-12-31;23;3
50;2025-11-01;0;44
50;2025-11-01;1;3
50;2025-11-01;2;0
50;2025-11-01;3;0
50;2025-11-01;4;2
50;2025-11-01;5;55
50;2025-11-01;6;458
50;2025-11-01;7;1479
50;2025-11-01;8;2197
50;2025-11-01;9;1678
50;2025-11-01;10;1337
50;2025-11-01;11;1301
50;2025-11-01;12;1287
50;2025-11-01;13;1300
50;2025-11-01;14;1281
50;2025-11-01;15;1492
50;2025-11-01;16;1621
50;2025-11-01;17;1834
50;2025-11-01;18;1626
50;2025-11-01;19;1136
50;2025-11-01;20;714
50;2025-11-01;21;490
50;2025-11-01;22;234
50;2025-11-01;23;138
50;2025-11-02;0;13
50;2025-11-02;1;1
50;2025-11-02;2;0
50;2025-11-02;3;0
50;2025-11-02;4;0
50;2025-11-02;5;5
50;2025-11-02;6;32
50;2025-11-02;7;52
50;2025-11-02;8;85
50;2025-11-02;9;109
50;2025-11-02;10;133
50;2025-11-02;11;164
50;2025-11-02;12;148
50;2025-11-02;13;156
50;2025-11-02;14;196
50;2025-11-02;15;186
50;2025-11-02;16;186
50;2025-11-02;17;240
50;2025-11-02;18;198
50;2025-11-02;19;172
50;2025-11-02;20;135
50;2025-11-02;21;106
50;2025-11-02;22;82
50;2025-11-02;23;34
50;2025-11-03;0;21
50;2025-11-03;1;1
50;2025-11-03;2;0
50;2025-11-03;3;0
50;2025-11-03;4;0
50;2025-11-03;5;22
50;2025-11-03;6;92
50;2025-11-03;7;162
50;2025-11-03;8;245
50;2025-11-03;9;281
50;2025-11-03;10;299
50;2025-11-03;11;357
50;2025-11-03;12;372
50;2025-11-03;13;375
50;2025-11-03;14;392
50;2025-11-03;15;377
50;2025-11-03;16;387
50;2025-11-03;17;421
50;2025-11-03;18;395
50;2025-11-03;19;353
50;2025-11-03;20;321
50;2025-11-03;21;232
50;2025-11-03;22;146
50;2025-11-03;23;83
50;2025-11-04;0;20
50;2025-11-04;1;1
50;2025-11-04;2;0
50;2025-11-04;3;0
50;2025-11-04;4;0
50;2025-11-04;5;19
50;2025-11-04;6;88
50;2025-11-04;7;157
50;2025-11-04;8;242
50;2025-11-04;9;270
50;2025-11-04;10;286
50;2025-11-04;11;346
50;2025-11-04;12;355
50;2025-11-04;13;366
50;2025-11-04;14;405
50;2025-11-04;15;384
50;2025-11-04;16;382
50;2025-11-04;17;415
50;2025-11-04;18;393
50;2025-11-04;19;347
50;2025-11-04;20;317
50;2025-11-04;21;230
50;2025-11-04;22;142
50;2025-11-04;23;81
50;2025-11-05;0;32
50;2025-11-05;1;2
50;2025-11-05;2;0
50;2025-11-05;3;0
50;2025-11-05;4;3
50;2025-11-05;5;72
50;2025-11-05;6;555
50;2025-11-05;7;1777
50;2025-11-05;8;2801
50;2025-11-05;9;2127
50;2025-11-05;10;1674
50;2025-11-05;11;1536
50;2025-11-05;12;1524
50;2025-11-05;13;1497
50;2025-11-05;14;1474
50;2025-11-05;15;1675
50;2025-11-05;16;1733
50;2025-11-05;17;2376
50;2025-11-05;18;2492
50;2025-11-05;19;1490
50;2025-11-05;20;924
50;2025-11-05;21;629
50;2025-11-05;22;276
50;2025-11-05;23;146
50;2025-11-06;0;34
50;2025-11-06;1;2
50;2025-11-06;2;0
50;2025-11-06;3;0
50;2025-11-06;4;3
50;2025-11-06;5;72
50;2025-11-06;6;555
50;2025-11-06;7;1769
50;2025-11-06;8;2784
50;2025-11-06;9;2108
50;2025-11-06;10;1664
50;2025-11-06;11;1532
50;2025-11-06;12;1520
50;2025-11-06;13;1502
50;2025-11-06;14;1471
50;2025-11-06;15;1675
50;2025-11-06;16;1736
50;2025-11-06;17;2377
50;2025-11-06;18;2488
50;2025-11-06;19;1488
50;2025-11-06;20;935
50;2025-11-06;21;626
50;2025-11-06;22;274
50;2025-11-06;23;151
50;2025-11-07;0;36
50;2025-11-07;1;1
50;2025-11-07;2;0
50;2025-11-07;3;0
50;2025-11-07;4;3
50;2025-11-07;5;65
50;2025-11-07;6;535
50;2025-11-07;7;1728
50;2025-11-07;8;2596
50;2025-11-07;9;1958
50;2025-11-07;10;1525
50;2025-11-07;11;1488
50;2025-11-07;12;1464
50;2025-11-07;13;1509
50;2025-11-07;14;1479
50;2025-11-07;15;1737
50;2025-11-07;16;1937
50;2025-11-07;17;2137
50;2025-11-07;18;1850
50;2025-11-07;19;1305
50;2025-11-07;20;839
50;2025-11-07;21;568
50;2025-11-07;22;271
50;2025-11-07;23;164
50;2025-11-08;0;70
50;2025-11-08;1;5
50;2025-11-08;2;0
50;2025-11-08;3;0
50;2025-11-08;4;0
50;2025-11-08;5;0
50;2025-11-08;6;30
50;2025-11-08;7;53
50;2025-11-08;8;97
50;2025-11-08;9;141
50;2025-11-08;10;139
50;2025-11-08;11;157
50;2025-11-08;12;188
50;2025-11-08;13;176
50;2025-11-08;14;180
50;2025-11-08;15;201
50;2025-11-08;16;180
50;2025-11-08;17;169
50;2025-11-08;18;139
50;2025-11-08;19;121
50;2025-11-08;20;95
50;2025-11-08;21;75
50;2025-11-08;22;45
50;2025-11-08;23;21
50;2025-11-09;0;13
50;2025-11-09;1;1
50;2025-11-09;2;0
50;2025-11-09;3;0
50;2025-11-09;4;0
50;2025-11-09;5;0
50;2025-11-09;6;19
50;2025-11-09;7;32
50;2025-11-09;8;63
50;2025-11-09;9;90
50;2025-11-09;10;119
50;2025-11-09;11;158
50;2025-11-09;12;174
50;2025-11-09;13;191
50;2025-11-09;14;220
50;2025-11-09;15;218
50;2025-11-09;16;222
50;2025-11-09;17;276
50;2025-11-09;18;204
50;2025-11-09;19;182
50;2025-11-09;20;143
50;2025-11-09;21;110
50;2025-11-09;22;82
50;2025-11-09;23;34
50;2025-11-10;0;27
50;2025-11-10;1;3
50;2025-11-10;2;0
50;2025-11-10;3;0
50;2025-11-10;4;3
50;2025-11-10;5;69
50;2025-11-10;6;539
50;2025-11-10;7;1757
50;2025-11-10;8;2778
50;2025-11-10;9;2122
50;2025-11-10;10;1574
50;2025-11-10;11;1456
50;2025-11-10;12;1394
50;2025-11-10;13;1442
50;2025-11-10;14;1399
50;2025-11-10;15;1607
50;2025-11-10;16;1671
50;2025-11-10;17;2287
50;2025-11-10;18;2501
50;2025-11-10;19;1404
50;2025-11-10;20;868
50;2025-11-10;21;588
50;2025-11-10;22;237
50;2025-11-10;23;117
50;2025-11-11;0;32
50;2025-11-11;1;2
50;2025-11-11;2;0
50;2025-11-11;3;0
50;2025-11-11;4;2
50;2025-11-11;5;72
50;2025-11-11;6;556
50;2025-11-11;7;1787
50;2025-11-11;8;2844
50;2025-11-11;9;2133
50;2025-11-11;10;1684
50;2025-11-11;11;1547
50;2025-11-11;12;1529
50;2025-11-11;13;1506
50;2025-11-11;14;1473
50;2025-11-11;15;1681
50;2025-11-11;16;1739
50;2025-11-11;17;2381
50;2025-11-11;18;2523
50;2025-11-11;19;1497
50;2025-11-11;20;921
50;2025-11-11;21;624
50;2025-11-11;22;273
50;2025-11-11;23;137
50;2025-11-12;0;33
50;2025-11-12;1;2
50;2025-11-12;2;0
50;2025-11-12;3;0
50;2025-11-12;4;2
50;2025-11-12;5;73
50;2025-11-12;6;556
50;2025-11-12;7;1785
50;2025-11-12;8;2833
50;2025-11-12;9;2129
50;2025-11-12;10;1693
50;2025-11-12;11;1548
50;2025-11-12;12;1530
50;2025-11-12;13;1504
50;2025-11-12;14;1478
50;2025-11-12;15;1684
50;2025-11-12;16;1740
50;2025-11-12;17;2383
50;2025-11-12;18;2499
50;2025-11-12;19;1494
50;2025-11-12;20;922
50;2025-11-12;21;627
50;2025-11-12;22;276
50;2025-11-12;23;145
50;2025-11-13;0;34
50;2025-11-13;1;2
50;2025-11-13;2;0
50;2025-11-13;3;0
50;2025-11-13;4;2
50;2025-11-13;5;71
50;2025-11-13;6;553
50;2025-11-13;7;1780
50;2025-11-13;8;2820
50;2025-11-13;9;2119
50;2025-11-13;10;1668
50;2025-11-13;11;1539
50;2025-11-13;12;1527
50;2025-11-13;13;1503
50;2025-11-13;14;1473
50;2025-11-13;15;1681
50;2025-11-13;16;1740
50;2025-11-13;17;2383
50;2025-11-13;18;2499
50;2025-11-13;19;1496
50;2025-11-13;20;926
50;2025-11-13;21;630
50;2025-11-13;22;277
50;2025-11-13;23;150
50;2025-11-14;0;37
50;2025-11-14;1;2
50;2025-11-14;2;0
50;2025-11-14;3;0
50;2025-11-14;4;3
50;2025-11-14;5;64
50;2025-11-14;6;531
50;2025-11-14;7;1734
50;2025-11-14;8;2615
50;2025-11-14;9;1976
50;2025-11-14;10;1553
50;2025-11-14;11;1512
50;2025-11-14;12;1485
50;2025-11-14;13;1515
50;2025-11-14;14;1486
50;2025-11-14;15;1744
50;2025-11-14;16;1942
50;2025-11-14;17;2140
50;2025-11-14;18;1853
50;2025-11-14;19;1307
50;2025-11-14;20;834
50;2025-11-14;21;564
50;2025-11-14;22;264
50;2025-11-14;23;157
50;2025-11-15;0;69
50;2025-11-15;1;5
50;2025-11-15;2;0
50;2025-11-15;3;0
50;2025-11-15;4;0
50;2025-11-15;5;8
50;2025-11-15;6;41
50;2025-11-15;7;77
50;2025-11-15;8;133
50;2025-11-15;9;173
50;2025-11-15;10;167
50;2025-11-15;11;188
50;2025-11-15;12;219
50;2025-11-15;13;214
50;2025-11-15;14;231
50;2025-11-15;15;249
50;2025-11-15;16;228
50;2025-11-15;17;218
50;2025-11-15;18;171
50;2025-11-15;19;149
50;2025-11-15;20;112
50;2025-11-15;21;89
50;2025-11-15;22;59
50;2025-11-15;23;32
50;2025-11-16;0;13
50;2025-11-16;1;2
50;2025-11-16;2;0
50;2025-11-16;3;0
50;2025-11-16;4;0
50;2025-11-16;5;0
50;2025-11-16;6;33
50;2025-11-16;7;53
50;2025-11-16;8;76
50;2025-11-16;9;108
50;2025-11-16;10;139
50;2025-11-16;11;177
50;2025-11-16;12;185
50;2025-11-16;13;200
50;2025-11-16;14;235
50;2025-11-16;15;223
50;2025-11-16;16;227
50;2025-11-16;17;277
50;2025-11-16;18;198
50;2025-11-16;19;176
50;2025-11-16;20;138
50;2025-11-16;21;106
50;2025-11-16;22;82
50;2025-11-16;23;35
50;2025-11-17;0;27
50;2025-11-17;1;3
50;2025-11-17;2;0
50;2025-11-17;3;0
50;2025-11-17;4;3
50;2025-11-17;5;63
50;2025-11-17;6;536
50;2025-11-17;7;1745
50;2025-11-17;8;2754
50;2025-11-17;9;2103
50;2025-11-17;10;1579
50;2025-11-17;11;1452
50;2025-11-17;12;1391
50;2025-11-17;13;1418
50;2025-11-17;14;1392
50;2025-11-17;15;1602
50;2025-11-17;16;1670
50;2025-11-17;17;2280
50;2025-11-17;18;2503
50;2025-11-17;19;1406
50;2025-11-17;20;871
50;2025-11-17;21;596
50;2025-11-17;22;236
50;2025-11-17;23;117
50;2025-11-18;0;32
50;2025-11-18;1;1
50;2025-11-18;2;0
50;2025-11-18;3;0
50;2025-11-18;4;3
50;2025-11-18;5;65
50;2025-11-18;6;560
50;2025-11-18;7;1775
50;2025-11-18;8;2828
50;2025-11-18;9;2072
50;2025-11-18;10;1610
50;2025-11-18;11;1501
50;2025-11-18;12;1492
50;2025-11-18;13;1489
50;2025-11-18;14;1470
50;2025-11-18;15;1677
50;2025-11-18;16;1740
50;2025-11-18;17;2381
50;2025-11-18;18;2508
50;2025-11-18;19;1513
50;2025-11-18;20;933
50;2025-11-18;21;626
50;2025-11-18;22;276
50;2025-11-18;23;135
50;2025-11-19;0;33
50;2025-11-19;1;2
50;2025-11-19;2;0
50;2025-11-19;3;0
50;2025-11-19;4;2
50;2025-11-19;5;72
50;2025-11-19;6;556
50;2025-11-19;7;1786
50;2025-11-19;8;2824
50;2025-11-19;9;2126
50;2025-11-19;10;1679
50;2025-11-19;11;1545
50;2025-11-19;12;1527
50;2025-11-19;13;1503
50;2025-11-19;14;1473
50;2025-11-19;15;1683
50;2025-11-19;16;1741
50;2025-11-19;17;2383
50;2025-11-19;18;2519
50;2025-11-19;19;1495
50;2025-11-19;20;924
50;2025-11-19;21;627
50;2025-11-19;22;277
50;2025-11-19;23;145
50;2025-11-20;0;35
50;2025-11-20;1;2
50;2025-11-20;2;0
50;2025-11-20;3;0
50;2025-11-20;4;2
50;2025-11-20;5;70
50;2025-11-20;6;554
50;2025-11-20;7;1780
50;2025-11-20;8;2815
50;2025-11-20;9;2121
50;2025-11-20;10;1672
50;2025-11-20;11;1538
50;2025-11-20;12;1525
50;2025-11-20;13;1502
50;2025-11-20;14;1472
50;2025-11-20;15;1682
50;2025-11-20;16;1739
50;2025-11-20;17;2382
50;2025-11-20;18;2513
50;2025-11-20;19;1491
50;2025-11-20;20;922
50;2025-11-20;21;626
50;2025-11-20;22;276
50;2025-11-20;23;149
50;2025-11-21;0;38
50;2025-11-21;1;1
50;2025-11-21;2;0
50;2025-11-21;3;0
50;2025-11-21;4;3
50;2025-11-21;5;72
50;2025-11-21;6;538
50;2025-11-21;7;1729
50;2025-11-21;8;2604
50;2025-11-21;9;1974
50;2025-11-21;10;1551
50;2025-11-21;11;1512
50;2025-11-21;12;1465
50;2025-11-21;13;1512
50;2025-11-21;14;1483
50;2025-11-21;15;1743
50;2025-11-21;16;1941
50;2025-11-21;17;2139
50;2025-11-21;18;1859
50;2025-11-21;19;1306
50;2025-11-21;20;839
50;2025-11-21;21;571
50;2025-11-21;22;272
50;2025-11-21;23;164
50;2025-11-22;0;70
50;2025-11-22;1;6
50;2025-11-22;2;0
50;2025-11-22;3;0
50;2025-11-22;4;0
50;2025-11-22;5;7
50;2025-11-22;6;43
50;2025-11-22;7;77
50;2025-11-22;8;129
50;2025-11-22;9;171
50;2025-11-22;10;179
50;2025-11-22;11;207
50;2025-11-22;12;239
50;2025-11-22;13;228
50;2025-11-22;14;231
50;2025-11-22;15;249
50;2025-11-22;16;228
50;2025-11-22;17;218
50;2025-11-22;18;173
50;2025-11-22;19;149
50;2025-11-22;20;113
50;2025-11-22;21;88
50;2025-11-22;22;58
50;2025-11-22;23;34
50;2025-11-23;0;13
50;2025-11-23;1;1
50;2025-11-23;2;0
50;2025-11-23;3;0
50;2025-11-23;4;0
50;2025-11-23;5;4
50;2025-11-23;6;33
50;2025-11-23;7;56
50;2025-11-23;8;88
50;2025-11-23;9;115
50;2025-11-23;10;144
50;2025-11-23;11;180
50;2025-11-23;12;188
50;2025-11-23;13;202
50;2025-11-23;14;238
50;2025-11-23;15;227
50;2025-11-23;16;228
50;2025-11-23;17;280
50;2025-11-23;18;197
50;2025-11-23;19;177
50;2025-11-23;20;139
50;2025-11-23;21;105
50;2025-11-23;22;82
50;2025-11-23;23;34
50;2025-11-24;0;28
50;2025-11-24;1;3
50;2025-11-24;2;0
50;2025-11-24;3;0
50;2025-11-24;4;3
50;2025-11-24;5;68
50;2025-11-24;6;543
50;2025-11-24;7;1770
50;2025-11-24;8;2762
50;2025-11-24;9;2123
50;2025-11-24;10;1557
50;2025-11-24;11;1427
50;2025-11-24;12;1397
50;2025-11-24;13;1446
50;2025-11-24;14;1395
50;2025-11-24;15;1602
50;2025-11-24;16;1672
50;2025-11-24;17;2291
50;2025-11-24;18;2503
50;2025-11-24;19;1409
50;2025-11-24;20;870
50;2025-11-24;21;593
50;2025-11-24;22;241
50;2025-11-24;23;116
50;2025-11-25;0;32
50;2025-11-25;1;2
50;2025-11-25;2;0
50;2025-11-25;3;0
50;2025-11-25;4;2
50;2025-11-25;5;72
50;2025-11-25;6;557
50;2025-11-25;7;1788
50;2025-11-25;8;2830
50;2025-11-25;9;2130
50;2025-11-25;10;1676
50;2025-11-25;11;1539
50;2025-11-25;12;1524
50;2025-11-25;13;1500
50;2025-11-25;14;1467
50;2025-11-25;15;1677
50;2025-11-25;16;1735
50;2025-11-25;17;2383
50;2025-11-25;18;2526
50;2025-11-25;19;1500
50;2025-11-25;20;924
50;2025-11-25;21;627
50;2025-11-25;22;276
50;2025-11-25;23;136
50;2025-11-26;0;33
50;2025-11-26;1;2
50;2025-11-26;2;0
50;2025-11-26;3;0
50;2025-11-26;4;2
50;2025-11-26;5;75
50;2025-11-26;6;558
50;2025-11-26;7;1802
50;2025-11-26;8;2859
50;2025-11-26;9;2130
50;2025-11-26;10;1682
50;2025-11-26;11;1550
50;2025-11-26;12;1530
50;2025-11-26;13;1509
50;2025-11-26;14;1478
50;2025-11-26;15;1684
50;2025-11-26;16;1731
50;2025-11-26;17;2367
50;2025-11-26;18;2501
50;2025-11-26;19;1507
50;2025-11-26;20;930
50;2025-11-26;21;634
50;2025-11-26;22;284
50;2025-11-26;23;145
50;2025-11-27;0;34
50;2025-11-27;1;2
50;2025-11-27;2;0
50;2025-11-27;3;0
50;2025-11-27;4;2
50;2025-11-27;5;71
50;2025-11-27;6;554
50;2025-11-27;7;1780
50;2025-11-27;8;2823
50;2025-11-27;9;2118
50;2025-11-27;10;1668
50;2025-11-27;11;1538
50;2025-11-27;12;1525
50;2025-11-27;13;1502
50;2025-11-27;14;1471
50;2025-11-27;15;1682
50;2025-11-27;16;1740
50;2025-11-27;17;2367
50;2025-11-27;18;2467
50;2025-11-27;19;1502
50;2025-11-27;20;929
50;2025-11-27;21;633
50;2025-11-27;22;283
50;2025-11-27;23;144
50;2025-11-28;0;35
50;2025-11-28;1;1
50;2025-11-28;2;0
50;2025-11-28;3;0
50;2025-11-28;4;3
50;2025-11-28;5;63
50;2025-11-28;6;531
50;2025-11-28;7;1735
50;2025-11-28;8;2614
50;2025-11-28;9;1974
50;2025-11-28;10;1550
50;2025-11-28;11;1511
50;2025-11-28;12;1484
50;2025-11-28;13;1515
50;2025-11-28;14;1486
50;2025-11-28;15;1746
50;2025-11-28;16;1943
50;2025-11-28;17;2135
50;2025-11-28;18;1852
50;2025-11-28;19;1302
50;2025-11-28;20;836
50;2025-11-28;21;566
50;2025-11-28;22;271
50;2025-11-28;23;163
50;2025-11-29;0;70
50;2025-11-29;1;6
50;2025-11-29;2;0
50;2025-11-29;3;0
50;2025-11-29;4;0
50;2025-11-29;5;7
50;2025-11-29;6;44
50;2025-11-29;7;78
50;2025-11-29;8;123
50;2025-11-29;9;177
50;2025-11-29;10;179
50;2025-11-29;11;208
50;2025-11-29;12;240
50;2025-11-29;13;228
50;2025-11-29;14;231
50;2025-11-29;15;249
50;2025-11-29;16;228
50;2025-11-29;17;217
50;2025-11-29;18;171
50;2025-11-29;19;149
50;2025-11-29;20;113
50;2025-11-29;21;90
50;2025-11-29;22;60
50;2025-11-29;23;32
50;2025-11-30;0;13
50;2025-11-30;1;1
50;2025-11-30;2;0
50;2025-11-30;3;0
50;2025-11-30;4;0
50;2025-11-30;5;5
50;2025-11-30;6;33
50;2025-11-30;7;57
50;2025-11-30;8;88
50;2025-11-30;9;116
50;2025-11-30;10;145
50;2025-11-30;11;181
50;2025-11-30;12;188
50;2025-11-30;13;202
50;2025-11-30;14;239
50;2025-11-30;15;227
50;2025-11-30;16;227
50;2025-11-30;17;280
50;2025-11-30;18;204
50;2025-11-30;19;181
50;2025-11-30;20;141
50;2025-11-30;21;110
50;2025-11-30;22;83
50;2025-11-30;23;35
50;2025-12-01;0;28
50;2025-12-01;1;3
50;2025-12-01;2;0
50;2025-12-01;3;0
50;2025-12-01;4;3
50;2025-12-01;5;70
50;2025-12-01;6;549
50;2025-12-01;7;1770
50;2025-12-01;8;2784
50;2025-12-01;9;2132
50;2025-12-01;10;1575
50;2025-12-01;11;1462
50;2025-12-01;12;1402
50;2025-12-01;13;1456
50;2025-12-01;14;1410
50;2025-12-01;15;1615
50;2025-12-01;16;1680
50;2025-12-01;17;2306
50;2025-12-01;18;2523
50;2025-12-01;19;1419
50;2025-12-01;20;878
50;2025-12-01;21;596
50;2025-12-01;22;242
50;2025-12-01;23;118
50;2025-12-02;0;32
50;2025-12-02;1;2
50;2025-12-02;2;0
50;2025-12-02;3;0
50;2025-12-02;4;2
50;2025-12-02;5;73
50;2025-12-02;6;562
50;2025-12-02;7;1802
50;2025-12-02;8;2851
50;2025-12-02;9;2150
50;2025-12-02;10;1691
50;2025-12-02;11;1554
50;2025-12-02;12;1535
50;2025-12-02;13;1516
50;2025-12-02;14;1483
50;2025-12-02;15;1690
50;2025-12-02;16;1748
50;2025-12-02;17;2402
50;2025-12-02;18;2546
50;2025-12-02;19;1512
50;2025-12-02;20;931
50;2025-12-02;21;631
50;2025-12-02;22;278
50;2025-12-02;23;136
50;2025-12-03;0;33
50;2025-12-03;1;2
50;2025-12-03;2;0
50;2025-12-03;3;0
50;2025-12-03;4;2
50;2025-12-03;5;73
50;2025-12-03;6;560
50;2025-12-03;7;1800
50;2025-12-03;8;2845
50;2025-12-03;9;2146
50;2025-12-03;10;1692
50;2025-12-03;11;1557
50;2025-12-03;12;1539
50;2025-12-03;13;1515
50;2025-12-03;14;1485
50;2025-12-03;15;1696
50;2025-12-03;16;1754
50;2025-12-03;17;2402
50;2025-12-03;18;2539
50;2025-12-03;19;1506
50;2025-12-03;20;930
50;2025-12-03;21;631
50;2025-12-03;22;279
50;2025-12-03;23;146
50;2025-12-04;0;35
50;2025-12-04;1;2
50;2025-12-04;2;0
50;2025-12-04;3;0
50;2025-12-04;4;2
50;2025-12-04;5;70
50;2025-12-04;6;557
50;2025-12-04;7;1793
50;2025-12-04;8;2851
50;2025-12-04;9;2137
50;2025-12-04;10;1684
50;2025-12-04;11;1551
50;2025-12-04;12;1538
50;2025-12-04;13;1514
50;2025-12-04;14;1479
50;2025-12-04;15;1695
50;2025-12-04;16;1748
50;2025-12-04;17;2396
50;2025-12-04;18;2538
50;2025-12-04;19;1508
50;2025-12-04;20;932
50;2025-12-04;21;633
50;2025-12-04;22;280
50;2025-12-04;23;151
50;2025-12-05;0;38
50;2025-12-05;1;2
50;2025-12-05;2;0
50;2025-12-05;3;0
50;2025-12-05;4;3
50;2025-12-05;5;64
50;2025-12-05;6;535
50;2025-12-05;7;1747
50;2025-12-05;8;2637
50;2025-12-05;9;1989
50;2025-12-05;10;1563
50;2025-12-05;11;1524
50;2025-12-05;12;1496
50;2025-12-05;13;1524
50;2025-12-05;14;1491
50;2025-12-05;15;1757
50;2025-12-05;16;1956
50;2025-12-05;17;2156
50;2025-12-05;18;1868
50;2025-12-05;19;1313
50;2025-12-05;20;843
50;2025-12-05;21;571
50;2025-12-05;22;273
50;2025-12-05;23;165
50;2025-12-06;0;62
50;2025-12-06;1;3
50;2025-12-06;2;0
50;2025-12-06;3;0
50;2025-12-06;4;1
50;2025-12-06;5;35
50;2025-12-06;6;199
50;2025-12-06;7;393
50;2025-12-06;8;593
50;2025-12-06;9;715
50;2025-12-06;10;763
50;2025-12-06;11;870
50;2025-12-06;12;897
50;2025-12-06;13;932
50;2025-12-06;14;959
50;2025-12-06;15;921
50;2025-12-06;16;917
50;2025-12-06;17;921
50;2025-12-06;18;828
50;2025-12-06;19;732
50;2025-12-06;20;559
50;2025-12-06;21;441
50;2025-12-06;22;271
50;2025-12-06;23;161
50;2025-12-07;0;54
50;2025-12-07;1;5
50;2025-12-07;2;0
50;2025-12-07;3;0
50;2025-12-07;4;1
50;2025-12-07;5;29
50;2025-12-07;6;163
50;2025-12-07;7;284
50;2025-12-07;8;445
50;2025-12-07;9;554
50;2025-12-07;10;596
50;2025-12-07;11;771
50;2025-12-07;12;838
50;2025-12-07;13;862
50;2025-12-07;14;875
50;2025-12-07;15;834
50;2025-12-07;16;832
50;2025-12-07;17;858
50;2025-12-07;18;732
50;2025-12-07;19;631
50;2025-12-07;20;531
50;2025-12-07;21;408
50;2025-12-07;22;251
50;2025-12-07;23;134
50;2025-12-08;0;28
50;2025-12-08;1;3
50;2025-12-08;2;0
50;2025-12-08;3;0
50;2025-12-08;4;3
50;2025-12-08;5;69
50;2025-12-08;6;548
50;2025-12-08;7;1770
50;2025-12-08;8;2784
50;2025-12-08;9;2135
50;2025-12-08;10;1578
50;2025-12-08;11;1462
50;2025-12-08;12;1402
50;2025-12-08;13;1449
50;2025-12-08;14;1406
50;2025-12-08;15;1615
50;2025-12-08;16;1680
50;2025-12-08;17;2306
50;2025-12-08;18;2523
50;2025-12-08;19;1420
50;2025-12-08;20;879
50;2025-12-08;21;597
50;2025-12-08;22;243
50;2025-12-08;23;118
50;2025-12-09;0;32
50;2025-12-09;1;2
50;2025-12-09;2;0
50;2025-12-09;3;0
50;2025-12-09;4;2
50;2025-12-09;5;72
50;2025-12-09;6;561
50;2025-12-09;7;1802
50;2025-12-09;8;2853
50;2025-12-09;9;2148
50;2025-12-09;10;1689
50;2025-12-09;11;1551
50;2025-12-09;12;1535
50;2025-12-09;13;1512
50;2025-12-09;14;1479
50;2025-12-09;15;1690
50;2025-12-09;16;1748
50;2025-12-09;17;2402
50;2025-12-09;18;2546
50;2025-12-09;19;1512
50;2025-12-09;20;932
50;2025-12-09;21;632
50;2025-12-09;22;292
50;2025-12-09;23;143
50;2025-12-10;0;33
50;2025-12-10;1;3
50;2025-12-10;2;0
50;2025-12-10;3;0
50;2025-12-10;4;2
50;2025-12-10;5;91
50;2025-12-10;6;578
50;2025-12-10;7;1822
50;2025-12-10;8;2838
50;2025-12-10;9;2157
50;2025-12-10;10;1710
50;2025-12-10;11;1563
50;2025-12-10;12;1539
50;2025-12-10;13;1515
50;2025-12-10;14;1485
50;2025-12-10;15;1696
50;2025-12-10;16;1754
50;2025-12-10;17;2402
50;2025-12-10;18;2539
50;2025-12-10;19;1507
50;2025-12-10;20;931
50;2025-12-10;21;632
50;2025-12-10;22;279
50;2025-12-10;23;147
50;2025-12-11;0;35
50;2025-12-11;1;2
50;2025-12-11;2;0
50;2025-12-11;3;0
50;2025-12-11;4;2
50;2025-12-11;5;71
50;2025-12-11;6;558
50;2025-12-11;7;1794
50;2025-12-11;8;2833
50;2025-12-11;9;2117
50;2025-12-11;10;1688
50;2025-12-11;11;1547
50;2025-12-11;12;1535
50;2025-12-11;13;1516
50;2025-12-11;14;1484
50;2025-12-11;15;1696
50;2025-12-11;16;1749
50;2025-12-11;17;2377
50;2025-12-11;18;2492
50;2025-12-11;19;1521
50;2025-12-11;20;943
50;2025-12-11;21;639
50;2025-12-11;22;285
50;2025-12-11;23;151
50;2025-12-12;0;38
50;2025-12-12;1;2
50;2025-12-12;2;0
50;2025-12-12;3;0
50;2025-12-12;4;3
50;2025-12-12;5;65
50;2025-12-12;6;526
50;2025-12-12;7;1749
50;2025-12-12;8;2633
50;2025-12-12;9;1991
50;2025-12-12;10;1558
50;2025-12-12;11;1525
50;2025-12-12;12;1478
50;2025-12-12;13;1501
50;2025-12-12;14;1480
50;2025-12-12;15;1710
50;2025-12-12;16;1905
50;2025-12-12;17;2136
50;2025-12-12;18;1875
50;2025-12-12;19;1316
50;2025-12-12;20;850
50;2025-12-12;21;582
50;2025-12-12;22;277
50;2025-12-12;23;169
50;2025-12-13;0;61
50;2025-12-13;1;3
50;2025-12-13;2;0
50;2025-12-13;3;0
50;2025-12-13;4;1
50;2025-12-13;5;33
50;2025-12-13;6;195
50;2025-12-13;7;380
50;2025-12-13;8;585
50;2025-12-13;9;699
50;2025-12-13;10;749
50;2025-12-13;11;865
50;2025-12-13;12;892
50;2025-12-13;13;915
50;2025-12-13;14;955
50;2025-12-13;15;920
50;2025-12-13;16;917
50;2025-12-13;17;921
50;2025-12-13;18;820
50;2025-12-13;19;730
50;2025-12-13;20;538
50;2025-12-13;21;419
50;2025-12-13;22;281
50;2025-12-13;23;154
50;2025-12-14;0;54
50;2025-12-14;1;6
50;2025-12-14;2;0
50;2025-12-14;3;0
50;2025-12-14;4;1
50;2025-12-14;5;11
50;2025-12-14;6;138
50;2025-12-14;7;249
50;2025-12-14;8;401
50;2025-12-14;9;536
50;2025-12-14;10;579
50;2025-12-14;11;762
50;2025-12-14;12;841
50;2025-12-14;13;856
50;2025-12-14;14;876
50;2025-12-14;15;829
50;2025-12-14;16;841
50;2025-12-14;17;867
50;2025-12-14;18;733
50;2025-12-14;19;631
50;2025-12-14;20;527
50;2025-12-14;21;409
50;2025-12-14;22;252
50;2025-12-14;23;138
50;2025-12-15;0;28
50;2025-12-15;1;3
50;2025-12-15;2;0
50;2025-12-15;3;0
50;2025-12-15;4;3
50;2025-12-15;5;68
50;2025-12-15;6;550
50;2025-12-15;7;1779
50;2025-12-15;8;2799
50;2025-12-15;9;2148
50;2025-12-15;10;1595
50;2025-12-15;11;1457
50;2025-12-15;12;1398
50;2025-12-15;13;1441
50;2025-12-15;14;1400
50;2025-12-15;15;1628
50;2025-12-15;16;1679
50;2025-12-15;17;2310
50;2025-12-15;18;2528
50;2025-12-15;19;1442
50;2025-12-15;20;885
50;2025-12-15;21;615
50;2025-12-15;22;260
50;2025-12-15;23;134
50;2025-12-16;0;33
50;2025-12-16;1;3
50;2025-12-16;2;0
50;2025-12-16;3;0
50;2025-12-16;4;2
50;2025-12-16;5;83
50;2025-12-16;6;555
50;2025-12-16;7;1798
50;2025-12-16;8;2850
50;2025-12-16;9;2142
50;2025-12-16;10;1702
50;2025-12-16;11;1560
50;2025-12-16;12;1542
50;2025-12-16;13;1499
50;2025-12-16;14;1484
50;2025-12-16;15;1694
50;2025-12-16;16;1753
50;2025-12-16;17;2402
50;2025-12-16;18;2546
50;2025-12-16;19;1512
50;2025-12-16;20;932
50;2025-12-16;21;630
50;2025-12-16;22;278
50;2025-12-16;23;136
50;2025-12-17;0;33
50;2025-12-17;1;2
50;2025-12-17;2;0
50;2025-12-17;3;0
50;2025-12-17;4;2
50;2025-12-17;5;73
50;2025-12-17;6;560
50;2025-12-17;7;1800
50;2025-12-17;8;2859
50;2025-12-17;9;2146
50;2025-12-17;10;1692
50;2025-12-17;11;1557
50;2025-12-17;12;1539
50;2025-12-17;13;1515
50;2025-12-17;14;1485
50;2025-12-17;15;1696
50;2025-12-17;16;1754
50;2025-12-17;17;2402
50;2025-12-17;18;2539
50;2025-12-17;19;1506
50;2025-12-17;20;930
50;2025-12-17;21;631
50;2025-12-17;22;279
50;2025-12-17;23;147
50;2025-12-18;0;35
50;2025-12-18;1;2
50;2025-12-18;2;0
50;2025-12-18;3;0
50;2025-12-18;4;2
50;2025-12-18;5;70
50;2025-12-18;6;557
50;2025-12-18;7;1793
50;2025-12-18;8;2835
50;2025-12-18;9;2136
50;2025-12-18;10;1684
50;2025-12-18;11;1550
50;2025-12-18;12;1537
50;2025-12-18;13;1514
50;2025-12-18;14;1484
50;2025-12-18;15;1695
50;2025-12-18;16;1753
50;2025-12-18;17;2400
50;2025-12-18;18;2538
50;2025-12-18;19;1506
50;2025-12-18;20;931
50;2025-12-18;21;632
50;2025-12-18;22;279
50;2025-12-18;23;150
50;2025-12-19;0;38
50;2025-12-19;1;2
50;2025-12-19;2;0
50;2025-12-19;3;0
50;2025-12-19;4;3
50;2025-12-19;5;63
50;2025-12-19;6;535
50;2025-12-19;7;1747
50;2025-12-19;8;2623
50;2025-12-19;9;1990
50;2025-12-19;10;1565
50;2025-12-19;11;1526
50;2025-12-19;12;1498
50;2025-12-19;13;1526
50;2025-12-19;14;1497
50;2025-12-19;15;1757
50;2025-12-19;16;1955
50;2025-12-19;17;2149
50;2025-12-19;18;1878
50;2025-12-19;19;1315
50;2025-12-19;20;846
50;2025-12-19;21;575
50;2025-12-19;22;274
50;2025-12-19;23;166
50;2025-12-20;0;62
50;2025-12-20;1;3
50;2025-12-20;2;0
50;2025-12-20;3;0
50;2025-12-20;4;1
50;2025-12-20;5;37
50;2025-12-20;6;200
50;2025-12-20;7;395
50;2025-12-20;8;593
50;2025-12-20;9;715
50;2025-12-20;10;765
50;2025-12-20;11;883
50;2025-12-20;12;909
50;2025-12-20;13;939
50;2025-12-20;14;966
50;2025-12-20;15;925
50;2025-12-20;16;921
50;2025-12-20;17;926
50;2025-12-20;18;813
50;2025-12-20;19;736
50;2025-12-20;20;565
50;2025-12-20;21;438
50;2025-12-20;22;275
50;2025-12-20;23;161
50;2025-12-21;0;55
50;2025-12-21;1;5
50;2025-12-21;2;0
50;2025-12-21;3;0
50;2025-12-21;4;1
50;2025-12-21;5;29
50;2025-12-21;6;170
50;2025-12-21;7;280
50;2025-12-21;8;448
50;2025-12-21;9;555
50;2025-12-21;10;596
50;2025-12-21;11;771
50;2025-12-21;12;838
50;2025-12-21;13;862
50;2025-12-21;14;874
50;2025-12-21;15;836
50;2025-12-21;16;832
50;2025-12-21;17;858
50;2025-12-21;18;732
50;2025-12-21;19;631
50;2025-12-21;20;531
50;2025-12-21;21;408
50;2025-12-21;22;240
50;2025-12-21;23;134
50;2025-12-22;0;28
50;2025-12-22;1;2
50;2025-12-22;2;0
50;2025-12-22;3;0
50;2025-12-22;4;3
50;2025-12-22;5;70
50;2025-12-22;6;549
50;2025-12-22;7;1772
50;2025-12-22;8;2803
50;2025-12-22;9;2139
50;2025-12-22;10;1610
50;2025-12-22;11;1473
50;2025-12-22;12;1412
50;2025-12-22;13;1454
50;2025-12-22;14;1406
50;2025-12-22;15;1615
50;2025-12-22;16;1678
50;2025-12-22;17;2297
50;2025-12-22;18;2490
50;2025-12-22;19;1412
50;2025-12-22;20;874
50;2025-12-22;21;595
50;2025-12-22;22;242
50;2025-12-22;23;114
50;2025-12-23;0;33
50;2025-12-23;1;3
50;2025-12-23;2;0
50;2025-12-23;3;0
50;2025-12-23;4;2
50;2025-12-23;5;75
50;2025-12-23;6;569
50;2025-12-23;7;1811
50;2025-12-23;8;2861
50;2025-12-23;9;2163
50;2025-12-23;10;1702
50;2025-12-23;11;1564
50;2025-12-23;12;1548
50;2025-12-23;13;1520
50;2025-12-23;14;1484
50;2025-12-23;15;1692
50;2025-12-23;16;1750
50;2025-12-23;17;2402
50;2025-12-23;18;2540
50;2025-12-23;19;1535
50;2025-12-23;20;948
50;2025-12-23;21;645
50;2025-12-23;22;290
50;2025-12-23;23;146
50;2025-12-24;0;33
50;2025-12-24;1;3
50;2025-12-24;2;0
50;2025-12-24;3;0
50;2025-12-24;4;2
50;2025-12-24;5;73
50;2025-12-24;6;562
50;2025-12-24;7;1802
50;2025-12-24;8;2836
50;2025-12-24;9;2154
50;2025-12-24;10;1701
50;2025-12-24;11;1567
50;2025-12-24;12;1544
50;2025-12-24;13;1522
50;2025-12-24;14;1490
50;2025-12-24;15;1685
50;2025-12-24;16;1755
50;2025-12-24;17;2403
50;2025-12-24;18;2508
50;2025-12-24;19;1515
50;2025-12-24;20;937
50;2025-12-24;21;638
50;2025-12-24;22;284
50;2025-12-24;23;146
50;2025-12-25;0;34
50;2025-12-25;1;2
50;2025-12-25;2;0
50;2025-12-25;3;0
50;2025-12-25;4;2
50;2025-12-25;5;75
50;2025-12-25;6;567
50;2025-12-25;7;1792
50;2025-12-25;8;2831
50;2025-12-25;9;2132
50;2025-12-25;10;1678
50;2025-12-25;11;1539
50;2025-12-25;12;1528
50;2025-12-25;13;1506
50;2025-12-25;14;1476
50;2025-12-25;15;1692
50;2025-12-25;16;1757
50;2025-12-25;17;2384
50;2025-12-25;18;2489
50;2025-12-25;19;1519
50;2025-12-25;20;937
50;2025-12-25;21;645
50;2025-12-25;22;292
50;2025-12-25;23;152
50;2025-12-26;0;37
50;2025-12-26;1;2
50;2025-12-26;2;0
50;2025-12-26;3;0
50;2025-12-26;4;3
50;2025-12-26;5;45
50;2025-12-26;6;528
50;2025-12-26;7;1745
50;2025-12-26;8;2668
50;2025-12-26;9;1981
50;2025-12-26;10;1544
50;2025-12-26;11;1522
50;2025-12-26;12;1459
50;2025-12-26;13;1502
50;2025-12-26;14;1479
50;2025-12-26;15;1739
50;2025-12-26;16;1936
50;2025-12-26;17;2131
50;2025-12-26;18;1870
50;2025-12-26;19;1319
50;2025-12-26;20;847
50;2025-12-26;21;569
50;2025-12-26;22;267
50;2025-12-26;23;165
50;2025-12-27;0;62
50;2025-12-27;1;3
50;2025-12-27;2;0
50;2025-12-27;3;0
50;2025-12-27;4;1
50;2025-12-27;5;37
50;2025-12-27;6;200
50;2025-12-27;7;395
50;2025-12-27;8;595
50;2025-12-27;9;695
50;2025-12-27;10;767
50;2025-12-27;11;883
50;2025-12-27;12;909
50;2025-12-27;13;938
50;2025-12-27;14;966
50;2025-12-27;15;914
50;2025-12-27;16;910
50;2025-12-27;17;927
50;2025-12-27;18;814
50;2025-12-27;19;727
50;2025-12-27;20;560
50;2025-12-27;21;426
50;2025-12-27;22;260
50;2025-12-27;23;155
50;2025-12-28;0;53
50;2025-12-28;1;5
50;2025-12-28;2;0
50;2025-12-28;3;0
50;2025-12-28;4;1
50;2025-12-28;5;32
50;2025-12-28;6;174
50;2025-12-28;7;294
50;2025-12-28;8;475
50;2025-12-28;9;554
50;2025-12-28;10;584
50;2025-12-28;11;733
50;2025-12-28;12;801
50;2025-12-28;13;816
50;2025-12-28;14;828
50;2025-12-28;15;791
50;2025-12-28;16;825
50;2025-12-28;17;851
50;2025-12-28;18;725
50;2025-12-28;19;618
50;2025-12-28;20;512
50;2025-12-28;21;395
50;2025-12-28;22;240
50;2025-12-28;23;133
50;2025-12-29;0;27
50;2025-12-29;1;3
50;2025-12-29;2;0
50;2025-12-29;3;0
50;2025-12-29;4;2
50;2025-12-29;5;58
50;2025-12-29;6;518
50;2025-12-29;7;1690
50;2025-12-29;8;2629
50;2025-12-29;9;2019
50;2025-12-29;10;1501
50;2025-12-29;11;1386
50;2025-12-29;12;1336
50;2025-12-29;13;1375
50;2025-12-29;14;1342
50;2025-12-29;15;1532
50;2025-12-29;16;1596
50;2025-12-29;17;2188
50;2025-12-29;18;2368
50;2025-12-29;19;1386
50;2025-12-29;20;843
50;2025-12-29;21;572
50;2025-12-29;22;233
50;2025-12-29;23;110
50;2025-12-30;0;32
50;2025-12-30;1;3
50;2025-12-30;2;0
50;2025-12-30;3;0
50;2025-12-30;4;2
50;2025-12-30;5;58
50;2025-12-30;6;522
50;2025-12-30;7;1714
50;2025-12-30;8;2727
50;2025-12-30;9;2030
50;2025-12-30;10;1601
50;2025-12-30;11;1471
50;2025-12-30;12;1455
50;2025-12-30;13;1429
50;2025-12-30;14;1411
50;2025-12-30;15;1607
50;2025-12-30;16;1664
50;2025-12-30;17;2259
50;2025-12-30;18;2395
50;2025-12-30;19;1458
50;2025-12-30;20;888
50;2025-12-30;21;601
50;2025-12-30;22;271
50;2025-12-30;23;130
50;2025-12-31;0;47
50;2025-12-31;1;6
50;2025-12-31;2;0
50;2025-12-31;3;0
50;2025-12-31;4;1
50;2025-12-31;5;10
50;2025-12-31;6;48
50;2025-12-31;7;121
50;2025-12-31;8;272
50;2025-12-31;9;299
50;2025-12-31;10;331
50;2025-12-31;11;422
50;2025-12-31;12;511
50;2025-12-31;13;514
50;2025-12-31;14;518
50;2025-12-31;15;503
50;2025-12-31;16;536
50;2025-12-31;17;565
50;2025-12-31;18;491
50;2025-12-31;19;435
50;2025-12-31;20;367
50;2025-12-31;21;260
50;2025-12-31;22;117
50;2025-12-31;23;38
