route;date;hour;prediction
1;2025-11-01;0;2
1;2025-11-01;1;0
1;2025-11-01;2;0
1;2025-11-01;3;0
1;2025-11-01;4;6
1;2025-11-01;5;106
1;2025-11-01;6;462
1;2025-11-01;7;1309
1;2025-11-01;8;1639
1;2025-11-01;9;1298
1;2025-11-01;10;1180
1;2025-11-01;11;1223
1;2025-11-01;12;1247
1;2025-11-01;13;1280
1;2025-11-01;14;1259
1;2025-11-01;15;1383
1;2025-11-01;16;1427
1;2025-11-01;17;1550
1;2025-11-01;18;1360
1;2025-11-01;19;1137
1;2025-11-01;20;726
1;2025-11-01;21;421
1;2025-11-01;22;187
1;2025-11-01;23;39
1;2025-11-02;0;2
1;2025-11-02;1;0
1;2025-11-02;2;0
1;2025-11-02;3;0
1;2025-11-02;4;0
1;2025-11-02;5;22
1;2025-11-02;6;124
1;2025-11-02;7;257
1;2025-11-02;8;372
1;2025-11-02;9;602
1;2025-11-02;10;669
1;2025-11-02;11;713
1;2025-11-02;12;841
1;2025-11-02;13;874
1;2025-11-02;14;815
1;2025-11-02;15;748
1;2025-11-02;16;712
1;2025-11-02;17;655
1;2025-11-02;18;531
1;2025-11-02;19;462
1;2025-11-02;20;349
1;2025-11-02;21;277
1;2025-11-02;22;114
1;2025-11-02;23;29
1;2025-11-03;0;1
1;2025-11-03;1;0
1;2025-11-03;2;0
1;2025-11-03;3;0
1;2025-11-03;4;0
1;2025-11-03;5;29
1;2025-11-03;6;135
1;2025-11-03;7;256
1;2025-11-03;8;355
1;2025-11-03;9;568
1;2025-11-03;10;626
1;2025-11-03;11;651
1;2025-11-03;12;769
1;2025-11-03;13;795
1;2025-11-03;14;738
1;2025-11-03;15;676
1;2025-11-03;16;641
1;2025-11-03;17;591
1;2025-11-03;18;493
1;2025-11-03;19;432
1;2025-11-03;20;334
1;2025-11-03;21;271
1;2025-11-03;22;110
1;2025-11-03;23;26
1;2025-11-04;0;1
1;2025-11-04;1;0
1;2025-11-04;2;0
1;2025-11-04;3;0
1;2025-11-04;4;0
1;2025-11-04;5;26
1;2025-11-04;6;131
1;2025-11-04;7;247
1;2025-11-04;8;339
1;2025-11-04;9;555
1;2025-11-04;10;639
1;2025-11-04;11;656
1;2025-11-04;12;760
1;2025-11-04;13;784
1;2025-11-04;14;733
1;2025-11-04;15;694
1;2025-11-04;16;635
1;2025-11-04;17;585
1;2025-11-04;18;500
1;2025-11-04;19;449
1;2025-11-04;20;325
1;2025-11-04;21;262
1;2025-11-04;22;107
1;2025-11-04;23;22
1;2025-11-05;0;3
1;2025-11-05;1;0
1;2025-11-05;2;0
1;2025-11-05;3;0
1;2025-11-05;4;8
1;2025-11-05;5;129
1;2025-11-05;6;541
1;2025-11-05;7;1515
1;2025-11-05;8;1969
1;2025-11-05;9;1535
1;2025-11-05;10;1379
1;2025-11-05;11;1381
1;2025-11-05;12;1408
1;2025-11-05;13;1448
1;2025-11-05;14;1398
1;2025-11-05;15;1503
1;2025-11-05;16;1536
1;2025-11-05;17;1791
1;2025-11-05;18;1823
1;2025-11-05;19;1363
1;2025-11-05;20;892
1;2025-11-05;21;490
1;2025-11-05;22;215
1;2025-11-05;23;41
1;2025-11-06;0;3
1;2025-11-06;1;0
1;2025-11-06;2;0
1;2025-11-06;3;0
1;2025-11-06;4;8
1;2025-11-06;5;125
1;2025-11-06;6;537
1;2025-11-06;7;1499
1;2025-11-06;8;1965
1;2025-11-06;9;1528
1;2025-11-06;10;1371
1;2025-11-06;11;1376
1;2025-11-06;12;1406
1;2025-11-06;13;1446
1;2025-11-06;14;1396
1;2025-11-06;15;1502
1;2025-11-06;16;1533
1;2025-11-06;17;1787
1;2025-11-06;18;1817
1;2025-11-06;19;1363
1;2025-11-06;20;895
1;2025-11-06;21;492
1;2025-11-06;22;216
1;2025-11-06;23;43
1;2025-11-07;0;2
1;2025-11-07;1;0
1;2025-11-07;2;0
1;2025-11-07;3;0
1;2025-11-07;4;7
1;2025-11-07;5;120
1;2025-11-07;6;516
1;2025-11-07;7;1471
1;2025-11-07;8;1838
1;2025-11-07;9;1453
1;2025-11-07;10;1325
1;2025-11-07;11;1371
1;2025-11-07;12;1388
1;2025-11-07;13;1422
1;2025-11-07;14;1405
1;2025-11-07;15;1552
1;2025-11-07;16;1596
1;2025-11-07;17;1747
1;2025-11-07;18;1516
1;2025-11-07;19;1272
1;2025-11-07;20;808
1;2025-11-07;21;473
1;2025-11-07;22;205
1;2025-11-07;23;47
1;2025-11-08;0;3
1;2025-11-08;1;0
1;2025-11-08;2;0
1;2025-11-08;3;0
1;2025-11-08;4;0
1;2025-11-08;5;32
1;2025-11-08;6;179
1;2025-11-08;7;371
1;2025-11-08;8;533
1;2025-11-08;9;782
1;2025-11-08;10;905
1;2025-11-08;11;918
1;2025-11-08;12;1057
1;2025-11-08;13;1111
1;2025-11-08;14;1045
1;2025-11-08;15;950
1;2025-11-08;16;862
1;2025-11-08;17;801
1;2025-11-08;18;698
1;2025-11-08;19;607
1;2025-11-08;20;437
1;2025-11-08;21;329
1;2025-11-08;22;140
1;2025-11-08;23;34
1;2025-11-09;0;2
1;2025-11-09;1;0
1;2025-11-09;2;0
1;2025-11-09;3;0
1;2025-11-09;4;0
1;2025-11-09;5;21
1;2025-11-09;6;125
1;2025-11-09;7;258
1;2025-11-09;8;362
1;2025-11-09;9;602
1;2025-11-09;10;685
1;2025-11-09;11;730
1;2025-11-09;12;854
1;2025-11-09;13;903
1;2025-11-09;14;815
1;2025-11-09;15;747
1;2025-11-09;16;685
1;2025-11-09;17;630
1;2025-11-09;18;536
1;2025-11-09;19;462
1;2025-11-09;20;349
1;2025-11-09;21;276
1;2025-11-09;22;107
1;2025-11-09;23;28
1;2025-11-10;0;1
1;2025-11-10;1;0
1;2025-11-10;2;0
1;2025-11-10;3;0
1;2025-11-10;4;8
1;2025-11-10;5;140
1;2025-11-10;6;530
1;2025-11-10;7;1490
1;2025-11-10;8;1957
1;2025-11-10;9;1493
1;2025-11-10;10;1277
1;2025-11-10;11;1262
1;2025-11-10;12;1336
1;2025-11-10;13;1403
1;2025-11-10;14;1409
1;2025-11-10;15;1522
1;2025-11-10;16;1572
1;2025-11-10;17;1831
1;2025-11-10;18;1924
1;2025-11-10;19;1414
1;2025-11-10;20;900
1;2025-11-10;21;466
1;2025-11-10;22;186
1;2025-11-10;23;39
1;2025-11-11;0;3
1;2025-11-11;1;0
1;2025-11-11;2;0
1;2025-11-11;3;0
1;2025-11-11;4;8
1;2025-11-11;5;129
1;2025-11-11;6;541
1;2025-11-11;7;1510
1;2025-11-11;8;1971
1;2025-11-11;9;1533
1;2025-11-11;10;1373
1;2025-11-11;11;1375
1;2025-11-11;12;1397
1;2025-11-11;13;1437
1;2025-11-11;14;1386
1;2025-11-11;15;1495
1;2025-11-11;16;1531
1;2025-11-11;17;1788
1;2025-11-11;18;1821
1;2025-11-11;19;1360
1;2025-11-11;20;890
1;2025-11-11;21;488
1;2025-11-11;22;212
1;2025-11-11;23;40
1;2025-11-12;0;3
1;2025-11-12;1;0
1;2025-11-12;2;0
1;2025-11-12;3;0
1;2025-11-12;4;8
1;2025-11-12;5;129
1;2025-11-12;6;541
1;2025-11-12;7;1512
1;2025-11-12;8;1964
1;2025-11-12;9;1532
1;2025-11-12;10;1373
1;2025-11-12;11;1379
1;2025-11-12;12;1399
1;2025-11-12;13;1441
1;2025-11-12;14;1387
1;2025-11-12;15;1495
1;2025-11-12;16;1535
1;2025-11-12;17;1790
1;2025-11-12;18;1818
1;2025-11-12;19;1361
1;2025-11-12;20;889
1;2025-11-12;21;491
1;2025-11-12;22;216
1;2025-11-12;23;43
1;2025-11-13;0;3
1;2025-11-13;1;0
1;2025-11-13;2;0
1;2025-11-13;3;0
1;2025-11-13;4;8
1;2025-11-13;5;127
1;2025-11-13;6;538
1;2025-11-13;7;1509
1;2025-11-13;8;1961
1;2025-11-13;9;1528
1;2025-11-13;10;1369
1;2025-11-13;11;1376
1;2025-11-13;12;1399
1;2025-11-13;13;1437
1;2025-11-13;14;1386
1;2025-11-13;15;1493
1;2025-11-13;16;1532
1;2025-11-13;17;1793
1;2025-11-13;18;1817
1;2025-11-13;19;1358
1;2025-11-13;20;892
1;2025-11-13;21;490
1;2025-11-13;22;216
1;2025-11-13;23;43
1;2025-11-14;0;2
1;2025-11-14;1;0
1;2025-11-14;2;0
1;2025-11-14;3;0
1;2025-11-14;4;7
1;2025-11-14;5;127
1;2025-11-14;6;521
1;2025-11-14;7;1475
1;2025-11-14;8;1829
1;2025-11-14;9;1456
1;2025-11-14;10;1320
1;2025-11-14;11;1359
1;2025-11-14;12;1369
1;2025-11-14;13;1404
1;2025-11-14;14;1388
1;2025-11-14;15;1534
1;2025-11-14;16;1583
1;2025-11-14;17;1736
1;2025-11-14;18;1517
1;2025-11-14;19;1268
1;2025-11-14;20;804
1;2025-11-14;21;468
1;2025-11-14;22;210
1;2025-11-14;23;43
1;2025-11-15;0;3
1;2025-11-15;1;0
1;2025-11-15;2;0
1;2025-11-15;3;0
1;2025-11-15;4;0
1;2025-11-15;5;42
1;2025-11-15;6;190
1;2025-11-15;7;382
1;2025-11-15;8;546
1;2025-11-15;9;809
1;2025-11-15;10;921
1;2025-11-15;11;927
1;2025-11-15;12;1064
1;2025-11-15;13;1113
1;2025-11-15;14;1050
1;2025-11-15;15;947
1;2025-11-15;16;855
1;2025-11-15;17;791
1;2025-11-15;18;685
1;2025-11-15;19;584
1;2025-11-15;20;444
1;2025-11-15;21;326
1;2025-11-15;22;134
1;2025-11-15;23;32
1;2025-11-16;0;2
1;2025-11-16;1;0
1;2025-11-16;2;0
1;2025-11-16;3;0
1;2025-11-16;4;0
1;2025-11-16;5;23
1;2025-11-16;6;129
1;2025-11-16;7;261
1;2025-11-16;8;363
1;2025-11-16;9;611
1;2025-11-16;10;674
1;2025-11-16;11;715
1;2025-11-16;12;823
1;2025-11-16;13;859
1;2025-11-16;14;801
1;2025-11-16;15;729
1;2025-11-16;16;684
1;2025-11-16;17;627
1;2025-11-16;18;525
1;2025-11-16;19;455
1;2025-11-16;20;344
1;2025-11-16;21;265
1;2025-11-16;22;104
1;2025-11-16;23;25
1;2025-11-17;0;1
1;2025-11-17;1;0
1;2025-11-17;2;0
1;2025-11-17;3;0
1;2025-11-17;4;9
1;2025-11-17;5;145
1;2025-11-17;6;532
1;2025-11-17;7;1490
1;2025-11-17;8;1938
1;2025-11-17;9;1501
1;2025-11-17;10;1281
1;2025-11-17;11;1259
1;2025-11-17;12;1332
1;2025-11-17;13;1397
1;2025-11-17;14;1396
1;2025-11-17;15;1510
1;2025-11-17;16;1570
1;2025-11-17;17;1825
1;2025-11-17;18;1919
1;2025-11-17;19;1407
1;2025-11-17;20;895
1;2025-11-17;21;463
1;2025-11-17;22;186
1;2025-11-17;23;40
1;2025-11-18;0;3
1;2025-11-18;1;0
1;2025-11-18;2;0
1;2025-11-18;3;0
1;2025-11-18;4;8
1;2025-11-18;5;135
1;2025-11-18;6;547
1;2025-11-18;7;1518
1;2025-11-18;8;1966
1;2025-11-18;9;1540
1;2025-11-18;10;1380
1;2025-11-18;11;1381
1;2025-11-18;12;1399
1;2025-11-18;13;1436
1;2025-11-18;14;1386
1;2025-11-18;15;1490
1;2025-11-18;16;1532
1;2025-11-18;17;1790
1;2025-11-18;18;1822
1;2025-11-18;19;1361
1;2025-11-18;20;892
1;2025-11-18;21;490
1;2025-11-18;22;215
1;2025-11-18;23;42
1;2025-11-19;0;3
1;2025-11-19;1;0
1;2025-11-19;2;0
1;2025-11-19;3;0
1;2025-11-19;4;8
1;2025-11-19;5;136
1;2025-11-19;6;548
1;2025-11-19;7;1518
1;2025-11-19;8;1963
1;2025-11-19;9;1534
1;2025-11-19;10;1375
1;2025-11-19;11;1380
1;2025-11-19;12;1399
1;2025-11-19;13;1440
1;2025-11-19;14;1390
1;2025-11-19;15;1494
1;2025-11-19;16;1534
1;2025-11-19;17;1790
1;2025-11-19;18;1818
1;2025-11-19;19;1361
1;2025-11-19;20;893
1;2025-11-19;21;490
1;2025-11-19;22;216
1;2025-11-19;23;43
1;2025-11-20;0;3
1;2025-11-20;1;0
1;2025-11-20;2;0
1;2025-11-20;3;0
1;2025-11-20;4;8
1;2025-11-20;5;128
1;2025-11-20;6;547
1;2025-11-20;7;1511
1;2025-11-20;8;1976
1;2025-11-20;9;1533
1;2025-11-20;10;1385
1;2025-11-20;11;1390
1;2025-11-20;12;1404
1;2025-11-20;13;1439
1;2025-11-20;14;1390
1;2025-11-20;15;1494
1;2025-11-20;16;1534
1;2025-11-20;17;1790
1;2025-11-20;18;1818
1;2025-11-20;19;1362
1;2025-11-20;20;896
1;2025-11-20;21;494
1;2025-11-20;22;220
1;2025-11-20;23;47
1;2025-11-21;0;2
1;2025-11-21;1;0
1;2025-11-21;2;0
1;2025-11-21;3;0
1;2025-11-21;4;7
1;2025-11-21;5;144
1;2025-11-21;6;539
1;2025-11-21;7;1494
1;2025-11-21;8;1849
1;2025-11-21;9;1477
1;2025-11-21;10;1340
1;2025-11-21;11;1378
1;2025-11-21;12;1385
1;2025-11-21;13;1416
1;2025-11-21;14;1394
1;2025-11-21;15;1540
1;2025-11-21;16;1597
1;2025-11-21;17;1748
1;2025-11-21;18;1518
1;2025-11-21;19;1268
1;2025-11-21;20;808
1;2025-11-21;21;474
1;2025-11-21;22;211
1;2025-11-21;23;50
1;2025-11-22;0;3
1;2025-11-22;1;0
1;2025-11-22;2;0
1;2025-11-22;3;0
1;2025-11-22;4;0
1;2025-11-22;5;43
1;2025-11-22;6;189
1;2025-11-22;7;377
1;2025-11-22;8;529
1;2025-11-22;9;774
1;2025-11-22;10;902
1;2025-11-22;11;931
1;2025-11-22;12;1062
1;2025-11-22;13;1106
1;2025-11-22;14;1036
1;2025-11-22;15;934
1;2025-11-22;16;841
1;2025-11-22;17;772
1;2025-11-22;18;673
1;2025-11-22;19;569
1;2025-11-22;20;431
1;2025-11-22;21;313
1;2025-11-22;22;126
1;2025-11-22;23;28
1;2025-11-23;0;2
1;2025-11-23;1;0
1;2025-11-23;2;0
1;2025-11-23;3;0
1;2025-11-23;4;0
1;2025-11-23;5;23
1;2025-11-23;6;128
1;2025-11-23;7;248
1;2025-11-23;8;336
1;2025-11-23;9;570
1;2025-11-23;10;643
1;2025-11-23;11;701
1;2025-11-23;12;814
1;2025-11-23;13;840
1;2025-11-23;14;781
1;2025-11-23;15;710
1;2025-11-23;16;662
1;2025-11-23;17;610
1;2025-11-23;18;493
1;2025-11-23;19;426
1;2025-11-23;20;328
1;2025-11-23;21;259
1;2025-11-23;22;99
1;2025-11-23;23;24
1;2025-11-24;0;1
1;2025-11-24;1;0
1;2025-11-24;2;0
1;2025-11-24;3;0
1;2025-11-24;4;9
1;2025-11-24;5;135
1;2025-11-24;6;522
1;2025-11-24;7;1477
1;2025-11-24;8;1907
1;2025-11-24;9;1470
1;2025-11-24;10;1259
1;2025-11-24;11;1253
1;2025-11-24;12;1332
1;2025-11-24;13;1390
1;2025-11-24;14;1392
1;2025-11-24;15;1507
1;2025-11-24;16;1567
1;2025-11-24;17;1827
1;2025-11-24;18;1925
1;2025-11-24;19;1417
1;2025-11-24;20;899
1;2025-11-24;21;464
1;2025-11-24;22;184
1;2025-11-24;23;39
1;2025-11-25;0;3
1;2025-11-25;1;0
1;2025-11-25;2;0
1;2025-11-25;3;0
1;2025-11-25;4;8
1;2025-11-25;5;130
1;2025-11-25;6;542
1;2025-11-25;7;1506
1;2025-11-25;8;1934
1;2025-11-25;9;1509
1;2025-11-25;10;1366
1;2025-11-25;11;1384
1;2025-11-25;12;1382
1;2025-11-25;13;1426
1;2025-11-25;14;1393
1;2025-11-25;15;1498
1;2025-11-25;16;1526
1;2025-11-25;17;1788
1;2025-11-25;18;1821
1;2025-11-25;19;1356
1;2025-11-25;20;883
1;2025-11-25;21;481
1;2025-11-25;22;207
1;2025-11-25;23;38
1;2025-11-26;0;3
1;2025-11-26;1;0
1;2025-11-26;2;0
1;2025-11-26;3;0
1;2025-11-26;4;8
1;2025-11-26;5;131
1;2025-11-26;6;542
1;2025-11-26;7;1503
1;2025-11-26;8;1934
1;2025-11-26;9;1509
1;2025-11-26;10;1358
1;2025-11-26;11;1366
1;2025-11-26;12;1386
1;2025-11-26;13;1450
1;2025-11-26;14;1399
1;2025-11-26;15;1501
1;2025-11-26;16;1539
1;2025-11-26;17;1795
1;2025-11-26;18;1820
1;2025-11-26;19;1367
1;2025-11-26;20;897
1;2025-11-26;21;491
1;2025-11-26;22;210
1;2025-11-26;23;42
1;2025-11-27;0;3
1;2025-11-27;1;0
1;2025-11-27;2;0
1;2025-11-27;3;0
1;2025-11-27;4;8
1;2025-11-27;5;137
1;2025-11-27;6;548
1;2025-11-27;7;1518
1;2025-11-27;8;1974
1;2025-11-27;9;1547
1;2025-11-27;10;1393
1;2025-11-27;11;1394
1;2025-11-27;12;1411
1;2025-11-27;13;1443
1;2025-11-27;14;1394
1;2025-11-27;15;1492
1;2025-11-27;16;1538
1;2025-11-27;17;1797
1;2025-11-27;18;1823
1;2025-11-27;19;1366
1;2025-11-27;20;898
1;2025-11-27;21;496
1;2025-11-27;22;224
1;2025-11-27;23;49
1;2025-11-28;0;2
1;2025-11-28;1;0
1;2025-11-28;2;0
1;2025-11-28;3;0
1;2025-11-28;4;7
1;2025-11-28;5;144
1;2025-11-28;6;539
1;2025-11-28;7;1494
1;2025-11-28;8;1847
1;2025-11-28;9;1474
1;2025-11-28;10;1343
1;2025-11-28;11;1386
1;2025-11-28;12;1389
1;2025-11-28;13;1419
1;2025-11-28;14;1397
1;2025-11-28;15;1545
1;2025-11-28;16;1589
1;2025-11-28;17;1737
1;2025-11-28;18;1521
1;2025-11-28;19;1266
1;2025-11-28;20;810
1;2025-11-28;21;475
1;2025-11-28;22;206
1;2025-11-28;23;52
1;2025-11-29;0;3
1;2025-11-29;1;0
1;2025-11-29;2;0
1;2025-11-29;3;0
1;2025-11-29;4;0
1;2025-11-29;5;17
1;2025-11-29;6;133
1;2025-11-29;7;316
1;2025-11-29;8;464
1;2025-11-29;9;700
1;2025-11-29;10;864
1;2025-11-29;11;940
1;2025-11-29;12;1083
1;2025-11-29;13;1137
1;2025-11-29;14;1036
1;2025-11-29;15;927
1;2025-11-29;16;829
1;2025-11-29;17;760
1;2025-11-29;18;669
1;2025-11-29;19;560
1;2025-11-29;20;424
1;2025-11-29;21;306
1;2025-11-29;22;114
1;2025-11-29;23;20
1;2025-11-30;0;2
1;2025-11-30;1;0
1;2025-11-30;2;0
1;2025-11-30;3;0
1;2025-11-30;4;0
1;2025-11-30;5;22
1;2025-11-30;6;130
1;2025-11-30;7;266
1;2025-11-30;8;372
1;2025-11-30;9;597
1;2025-11-30;10;664
1;2025-11-30;11;710
1;2025-11-30;12;810
1;2025-11-30;13;839
1;2025-11-30;14;781
1;2025-11-30;15;681
1;2025-11-30;16;666
1;2025-11-30;17;608
1;2025-11-30;18;498
1;2025-11-30;19;430
1;2025-11-30;20;329
1;2025-11-30;21;261
1;2025-11-30;22;101
1;2025-11-30;23;27
1;2025-12-01;0;1
1;2025-12-01;1;0
1;2025-12-01;2;0
1;2025-12-01;3;0
1;2025-12-01;4;9
1;2025-12-01;5;129
1;2025-12-01;6;517
1;2025-12-01;7;1475
1;2025-12-01;8;1911
1;2025-12-01;9;1473
1;2025-12-01;10;1259
1;2025-12-01;11;1246
1;2025-12-01;12;1329
1;2025-12-01;13;1397
1;2025-12-01;14;1399
1;2025-12-01;15;1514
1;2025-12-01;16;1572
1;2025-12-01;17;1833
1;2025-12-01;18;1931
1;2025-12-01;19;1421
1;2025-12-01;20;902
1;2025-12-01;21;461
1;2025-12-01;22;179
1;2025-12-01;23;34
1;2025-12-02;0;3
1;2025-12-02;1;0
1;2025-12-02;2;0
1;2025-12-02;3;0
1;2025-12-02;4;8
1;2025-12-02;5;130
1;2025-12-02;6;544
1;2025-12-02;7;1510
1;2025-12-02;8;1935
1;2025-12-02;9;1508
1;2025-12-02;10;1353
1;2025-12-02;11;1359
1;2025-12-02;12;1380
1;2025-12-02;13;1433
1;2025-12-02;14;1382
1;2025-12-02;15;1479
1;2025-12-02;16;1520
1;2025-12-02;17;1777
1;2025-12-02;18;1813
1;2025-12-02;19;1355
1;2025-12-02;20;885
1;2025-12-02;21;478
1;2025-12-02;22;203
1;2025-12-02;23;36
1;2025-12-03;0;3
1;2025-12-03;1;0
1;2025-12-03;2;0
1;2025-12-03;3;0
1;2025-12-03;4;8
1;2025-12-03;5;131
1;2025-12-03;6;540
1;2025-12-03;7;1506
1;2025-12-03;8;1934
1;2025-12-03;9;1511
1;2025-12-03;10;1358
1;2025-12-03;11;1378
1;2025-12-03;12;1407
1;2025-12-03;13;1450
1;2025-12-03;14;1402
1;2025-12-03;15;1504
1;2025-12-03;16;1541
1;2025-12-03;17;1798
1;2025-12-03;18;1818
1;2025-12-03;19;1353
1;2025-12-03;20;882
1;2025-12-03;21;481
1;2025-12-03;22;206
1;2025-12-03;23;37
1;2025-12-04;0;3
1;2025-12-04;1;0
1;2025-12-04;2;0
1;2025-12-04;3;0
1;2025-12-04;4;8
1;2025-12-04;5;125
1;2025-12-04;6;539
1;2025-12-04;7;1506
1;2025-12-04;8;1935
1;2025-12-04;9;1517
1;2025-12-04;10;1361
1;2025-12-04;11;1379
1;2025-12-04;12;1408
1;2025-12-04;13;1451
1;2025-12-04;14;1401
1;2025-12-04;15;1505
1;2025-12-04;16;1545
1;2025-12-04;17;1795
1;2025-12-04;18;1822
1;2025-12-04;19;1360
1;2025-12-04;20;887
1;2025-12-04;21;484
1;2025-12-04;22;207
1;2025-12-04;23;40
1;2025-12-05;0;2
1;2025-12-05;1;0
1;2025-12-05;2;0
1;2025-12-05;3;0
1;2025-12-05;4;7
1;2025-12-05;5;130
1;2025-12-05;6;527
1;2025-12-05;7;1479
1;2025-12-05;8;1816
1;2025-12-05;9;1444
1;2025-12-05;10;1316
1;2025-12-05;11;1364
1;2025-12-05;12;1371
1;2025-12-05;13;1414
1;2025-12-05;14;1399
1;2025-12-05;15;1541
1;2025-12-05;16;1589
1;2025-12-05;17;1736
1;2025-12-05;18;1525
1;2025-12-05;19;1270
1;2025-12-05;20;804
1;2025-12-05;21;468
1;2025-12-05;22;200
1;2025-12-05;23;46
1;2025-12-06;0;3
1;2025-12-06;1;0
1;2025-12-06;2;0
1;2025-12-06;3;0
1;2025-12-06;4;0
1;2025-12-06;5;23
1;2025-12-06;6;169
1;2025-12-06;7;353
1;2025-12-06;8;472
1;2025-12-06;9;712
1;2025-12-06;10;835
1;2025-12-06;11;896
1;2025-12-06;12;1029
1;2025-12-06;13;1103
1;2025-12-06;14;1032
1;2025-12-06;15;926
1;2025-12-06;16;835
1;2025-12-06;17;768
1;2025-12-06;18;679
1;2025-12-06;19;575
1;2025-12-06;20;426
1;2025-12-06;21;306
1;2025-12-06;22;111
1;2025-12-06;23;16
1;2025-12-07;0;2
1;2025-12-07;1;0
1;2025-12-07;2;0
1;2025-12-07;3;0
1;2025-12-07;4;0
1;2025-12-07;5;18
1;2025-12-07;6;92
1;2025-12-07;7;219
1;2025-12-07;8;313
1;2025-12-07;9;536
1;2025-12-07;10;652
1;2025-12-07;11;693
1;2025-12-07;12;807
1;2025-12-07;13;851
1;2025-12-07;14;795
1;2025-12-07;15;722
1;2025-12-07;16;678
1;2025-12-07;17;622
1;2025-12-07;18;514
1;2025-12-07;19;441
1;2025-12-07;20;338
1;2025-12-07;21;270
1;2025-12-07;22;106
1;2025-12-07;23;30
1;2025-12-08;0;1
1;2025-12-08;1;0
1;2025-12-08;2;0
1;2025-12-08;3;0
1;2025-12-08;4;9
1;2025-12-08;5;125
1;2025-12-08;6;516
1;2025-12-08;7;1475
1;2025-12-08;8;1908
1;2025-12-08;9;1469
1;2025-12-08;10;1254
1;2025-12-08;11;1238
1;2025-12-08;12;1316
1;2025-12-08;13;1385
1;2025-12-08;14;1390
1;2025-12-08;15;1499
1;2025-12-08;16;1556
1;2025-12-08;17;1817
1;2025-12-08;18;1920
1;2025-12-08;19;1415
1;2025-12-08;20;894
1;2025-12-08;21;456
1;2025-12-08;22;175
1;2025-12-08;23;30
1;2025-12-09;0;3
1;2025-12-09;1;0
1;2025-12-09;2;0
1;2025-12-09;3;0
1;2025-12-09;4;8
1;2025-12-09;5;117
1;2025-12-09;6;531
1;2025-12-09;7;1498
1;2025-12-09;8;1926
1;2025-12-09;9;1503
1;2025-12-09;10;1331
1;2025-12-09;11;1345
1;2025-12-09;12;1375
1;2025-12-09;13;1422
1;2025-12-09;14;1373
1;2025-12-09;15;1479
1;2025-12-09;16;1517
1;2025-12-09;17;1775
1;2025-12-09;18;1811
1;2025-12-09;19;1355
1;2025-12-09;20;882
1;2025-12-09;21;478
1;2025-12-09;22;203
1;2025-12-09;23;34
1;2025-12-10;0;3
1;2025-12-10;1;0
1;2025-12-10;2;0
1;2025-12-10;3;0
1;2025-12-10;4;8
1;2025-12-10;5;131
1;2025-12-10;6;545
1;2025-12-10;7;1511
1;2025-12-10;8;1939
1;2025-12-10;9;1511
1;2025-12-10;10;1357
1;2025-12-10;11;1365
1;2025-12-10;12;1385
1;2025-12-10;13;1428
1;2025-12-10;14;1388
1;2025-12-10;15;1494
1;2025-12-10;16;1525
1;2025-12-10;17;1782
1;2025-12-10;18;1813
1;2025-12-10;19;1356
1;2025-12-10;20;882
1;2025-12-10;21;479
1;2025-12-10;22;204
1;2025-12-10;23;37
1;2025-12-11;0;3
1;2025-12-11;1;0
1;2025-12-11;2;0
1;2025-12-11;3;0
1;2025-12-11;4;8
1;2025-12-11;5;130
1;2025-12-11;6;544
1;2025-12-11;7;1511
1;2025-12-11;8;1940
1;2025-12-11;9;1512
1;2025-12-11;10;1359
1;2025-12-11;11;1368
1;2025-12-11;12;1400
1;2025-12-11;13;1440
1;2025-12-11;14;1398
1;2025-12-11;15;1498
1;2025-12-11;16;1528
1;2025-12-11;17;1786
1;2025-12-11;18;1816
1;2025-12-11;19;1360
1;2025-12-11;20;888
1;2025-12-11;21;485
1;2025-12-11;22;209
1;2025-12-11;23;44
1;2025-12-12;0;2
1;2025-12-12;1;0
1;2025-12-12;2;0
1;2025-12-12;3;0
1;2025-12-12;4;7
1;2025-12-12;5;130
1;2025-12-12;6;527
1;2025-12-12;7;1479
1;2025-12-12;8;1816
1;2025-12-12;9;1444
1;2025-12-12;10;1316
1;2025-12-12;11;1364
1;2025-12-12;12;1386
1;2025-12-12;13;1424
1;2025-12-12;14;1404
1;2025-12-12;15;1551
1;2025-12-12;16;1589
1;2025-12-12;17;1736
1;2025-12-12;18;1527
1;2025-12-12;19;1272
1;2025-12-12;20;809
1;2025-12-12;21;480
1;2025-12-12;22;211
1;2025-12-12;23;55
1;2025-12-13;0;3
1;2025-12-13;1;0
1;2025-12-13;2;0
1;2025-12-13;3;0
1;2025-12-13;4;0
1;2025-12-13;5;38
1;2025-12-13;6;194
1;2025-12-13;7;387
1;2025-12-13;8;529
1;2025-12-13;9;793
1;2025-12-13;10;906
1;2025-12-13;11;923
1;2025-12-13;12;1067
1;2025-12-13;13;1121
1;2025-12-13;14;1049
1;2025-12-13;15;939
1;2025-12-13;16;842
1;2025-12-13;17;776
1;2025-12-13;18;688
1;2025-12-13;19;578
1;2025-12-13;20;429
1;2025-12-13;21;308
1;2025-12-13;22;108
1;2025-12-13;23;15
1;2025-12-14;0;2
1;2025-12-14;1;0
1;2025-12-14;2;0
1;2025-12-14;3;0
1;2025-12-14;4;0
1;2025-12-14;5;11
1;2025-12-14;6;93
1;2025-12-14;7;219
1;2025-12-14;8;310
1;2025-12-14;9;536
1;2025-12-14;10;649
1;2025-12-14;11;695
1;2025-12-14;12;807
1;2025-12-14;13;851
1;2025-12-14;14;795
1;2025-12-14;15;720
1;2025-12-14;16;677
1;2025-12-14;17;622
1;2025-12-14;18;515
1;2025-12-14;19;442
1;2025-12-14;20;339
1;2025-12-14;21;268
1;2025-12-14;22;104
1;2025-12-14;23;28
1;2025-12-15;0;1
1;2025-12-15;1;0
1;2025-12-15;2;0
1;2025-12-15;3;0
1;2025-12-15;4;9
1;2025-12-15;5;132
1;2025-12-15;6;523
1;2025-12-15;7;1480
1;2025-12-15;8;1913
1;2025-12-15;9;1473
1;2025-12-15;10;1256
1;2025-12-15;11;1243
1;2025-12-15;12;1319
1;2025-12-15;13;1387
1;2025-12-15;14;1390
1;2025-12-15;15;1506
1;2025-12-15;16;1564
1;2025-12-15;17;1826
1;2025-12-15;18;1926
1;2025-12-15;19;1415
1;2025-12-15;20;896
1;2025-12-15;21;458
1;2025-12-15;22;177
1;2025-12-15;23;32
1;2025-12-16;0;3
1;2025-12-16;1;0
1;2025-12-16;2;0
1;2025-12-16;3;0
1;2025-12-16;4;8
1;2025-12-16;5;130
1;2025-12-16;6;544
1;2025-12-16;7;1511
1;2025-12-16;8;1940
1;2025-12-16;9;1514
1;2025-12-16;10;1353
1;2025-12-16;11;1359
1;2025-12-16;12;1380
1;2025-12-16;13;1433
1;2025-12-16;14;1382
1;2025-12-16;15;1489
1;2025-12-16;16;1529
1;2025-12-16;17;1786
1;2025-12-16;18;1813
1;2025-12-16;19;1355
1;2025-12-16;20;885
1;2025-12-16;21;484
1;2025-12-16;22;209
1;2025-12-16;23;40
1;2025-12-17;0;3
1;2025-12-17;1;0
1;2025-12-17;2;0
1;2025-12-17;3;0
1;2025-12-17;4;8
1;2025-12-17;5;135
1;2025-12-17;6;554
1;2025-12-17;7;1528
1;2025-12-17;8;1973
1;2025-12-17;9;1551
1;2025-12-17;10;1393
1;2025-12-17;11;1398
1;2025-12-17;12;1417
1;2025-12-17;13;1452
1;2025-12-17;14;1404
1;2025-12-17;15;1508
1;2025-12-17;16;1544
1;2025-12-17;17;1801
1;2025-12-17;18;1828
1;2025-12-17;19;1368
1;2025-12-17;20;898
1;2025-12-17;21;492
1;2025-12-17;22;211
1;2025-12-17;23;39
1;2025-12-18;0;3
1;2025-12-18;1;0
1;2025-12-18;2;0
1;2025-12-18;3;0
1;2025-12-18;4;8
1;2025-12-18;5;128
1;2025-12-18;6;545
1;2025-12-18;7;1506
1;2025-12-18;8;1940
1;2025-12-18;9;1517
1;2025-12-18;10;1361
1;2025-12-18;11;1368
1;2025-12-18;12;1400
1;2025-12-18;13;1448
1;2025-12-18;14;1398
1;2025-12-18;15;1504
1;2025-12-18;16;1545
1;2025-12-18;17;1795
1;2025-12-18;18;1822
1;2025-12-18;19;1360
1;2025-12-18;20;888
1;2025-12-18;21;485
1;2025-12-18;22;210
1;2025-12-18;23;44
1;2025-12-19;0;2
1;2025-12-19;1;0
1;2025-12-19;2;0
1;2025-12-19;3;0
1;2025-12-19;4;7
1;2025-12-19;5;138
1;2025-12-19;6;535
1;2025-12-19;7;1483
1;2025-12-19;8;1823
1;2025-12-19;9;1451
1;2025-12-19;10;1327
1;2025-12-19;11;1389
1;2025-12-19;12;1396
1;2025-12-19;13;1426
1;2025-12-19;14;1401
1;2025-12-19;15;1550
1;2025-12-19;16;1594
1;2025-12-19;17;1747
1;2025-12-19;18;1531
1;2025-12-19;19;1280
1;2025-12-19;20;817
1;2025-12-19;21;480
1;2025-12-19;22;211
1;2025-12-19;23;54
1;2025-12-20;0;3
1;2025-12-20;1;0
1;2025-12-20;2;0
1;2025-12-20;3;0
1;2025-12-20;4;0
1;2025-12-20;5;46
1;2025-12-20;6;200
1;2025-12-20;7;393
1;2025-12-20;8;557
1;2025-12-20;9;816
1;2025-12-20;10;935
1;2025-12-20;11;950
1;2025-12-20;12;1084
1;2025-12-20;13;1131
1;2025-12-20;14;1058
1;2025-12-20;15;939
1;2025-12-20;16;842
1;2025-12-20;17;776
1;2025-12-20;18;734
1;2025-12-20;19;575
1;2025-12-20;20;426
1;2025-12-20;21;305
1;2025-12-20;22;113
1;2025-12-20;23;22
1;2025-12-21;0;2
1;2025-12-21;1;0
1;2025-12-21;2;0
1;2025-12-21;3;0
1;2025-12-21;4;0
1;2025-12-21;5;27
1;2025-12-21;6;139
1;2025-12-21;7;274
1;2025-12-21;8;375
1;2025-12-21;9;615
1;2025-12-21;10;687
1;2025-12-21;11;741
1;2025-12-21;12;830
1;2025-12-21;13;862
1;2025-12-21;14;803
1;2025-12-21;15;729
1;2025-12-21;16;684
1;2025-12-21;17;628
1;2025-12-21;18;511
1;2025-12-21;19;444
1;2025-12-21;20;344
1;2025-12-21;21;271
1;2025-12-21;22;106
1;2025-12-21;23;26
1;2025-12-22;0;1
1;2025-12-22;1;0
1;2025-12-22;2;0
1;2025-12-22;3;0
1;2025-12-22;4;9
1;2025-12-22;5;139
1;2025-12-22;6;530
1;2025-12-22;7;1492
1;2025-12-22;8;1917
1;2025-12-22;9;1478
1;2025-12-22;10;1263
1;2025-12-22;11;1257
1;2025-12-22;12;1332
1;2025-12-22;13;1397
1;2025-12-22;14;1399
1;2025-12-22;15;1512
1;2025-12-22;16;1572
1;2025-12-22;17;1826
1;2025-12-22;18;1935
1;2025-12-22;19;1421
1;2025-12-22;20;901
1;2025-12-22;21;462
1;2025-12-22;22;185
1;2025-12-22;23;39
1;2025-12-23;0;3
1;2025-12-23;1;0
1;2025-12-23;2;0
1;2025-12-23;3;0
1;2025-12-23;4;8
1;2025-12-23;5;133
1;2025-12-23;6;551
1;2025-12-23;7;1526
1;2025-12-23;8;1975
1;2025-12-23;9;1546
1;2025-12-23;10;1389
1;2025-12-23;11;1365
1;2025-12-23;12;1387
1;2025-12-23;13;1430
1;2025-12-23;14;1386
1;2025-12-23;15;1502
1;2025-12-23;16;1537
1;2025-12-23;17;1796
1;2025-12-23;18;1827
1;2025-12-23;19;1367
1;2025-12-23;20;895
1;2025-12-23;21;491
1;2025-12-23;22;217
1;2025-12-23;23;41
1;2025-12-24;0;3
1;2025-12-24;1;0
1;2025-12-24;2;0
1;2025-12-24;3;0
1;2025-12-24;4;8
1;2025-12-24;5;144
1;2025-12-24;6;559
1;2025-12-24;7;1531
1;2025-12-24;8;1977
1;2025-12-24;9;1553
1;2025-12-24;10;1395
1;2025-12-24;11;1398
1;2025-12-24;12;1419
1;2025-12-24;13;1452
1;2025-12-24;14;1398
1;2025-12-24;15;1508
1;2025-12-24;16;1544
1;2025-12-24;17;1801
1;2025-12-24;18;1826
1;2025-12-24;19;1368
1;2025-12-24;20;900
1;2025-12-24;21;492
1;2025-12-24;22;211
1;2025-12-24;23;42
1;2025-12-25;0;3
1;2025-12-25;1;0
1;2025-12-25;2;0
1;2025-12-25;3;0
1;2025-12-25;4;8
1;2025-12-25;5;132
1;2025-12-25;6;546
1;2025-12-25;7;1512
1;2025-12-25;8;1941
1;2025-12-25;9;1519
1;2025-12-25;10;1361
1;2025-12-25;11;1368
1;2025-12-25;12;1400
1;2025-12-25;13;1440
1;2025-12-25;14;1390
1;2025-12-25;15;1488
1;2025-12-25;16;1528
1;2025-12-25;17;1786
1;2025-12-25;18;1816
1;2025-12-25;19;1360
1;2025-12-25;20;888
1;2025-12-25;21;485
1;2025-12-25;22;209
1;2025-12-25;23;40
1;2025-12-26;0;2
1;2025-12-26;1;0
1;2025-12-26;2;0
1;2025-12-26;3;0
1;2025-12-26;4;7
1;2025-12-26;5;136
1;2025-12-26;6;534
1;2025-12-26;7;1493
1;2025-12-26;8;1839
1;2025-12-26;9;1459
1;2025-12-26;10;1345
1;2025-12-26;11;1390
1;2025-12-26;12;1394
1;2025-12-26;13;1424
1;2025-12-26;14;1401
1;2025-12-26;15;1542
1;2025-12-26;16;1596
1;2025-12-26;17;1749
1;2025-12-26;18;1534
1;2025-12-26;19;1277
1;2025-12-26;20;819
1;2025-12-26;21;483
1;2025-12-26;22;211
1;2025-12-26;23;51
1;2025-12-27;0;3
1;2025-12-27;1;0
1;2025-12-27;2;0
1;2025-12-27;3;0
1;2025-12-27;4;0
1;2025-12-27;5;34
1;2025-12-27;6;187
1;2025-12-27;7;363
1;2025-12-27;8;512
1;2025-12-27;9;766
1;2025-12-27;10;889
1;2025-12-27;11;916
1;2025-12-27;12;1060
1;2025-12-27;13;1130
1;2025-12-27;14;1058
1;2025-12-27;15;949
1;2025-12-27;16;842
1;2025-12-27;17;776
1;2025-12-27;18;679
1;2025-12-27;19;575
1;2025-12-27;20;433
1;2025-12-27;21;313
1;2025-12-27;22;118
1;2025-12-27;23;22
1;2025-12-28;0;2
1;2025-12-28;1;0
1;2025-12-28;2;0
1;2025-12-28;3;0
1;2025-12-28;4;0
1;2025-12-28;5;11
1;2025-12-28;6;108
1;2025-12-28;7;234
1;2025-12-28;8;326
1;2025-12-28;9;536
1;2025-12-28;10;604
1;2025-12-28;11;693
1;2025-12-28;12;801
1;2025-12-28;13;852
1;2025-12-28;14;793
1;2025-12-28;15;722
1;2025-12-28;16;678
1;2025-12-28;17;650
1;2025-12-28;18;537
1;2025-12-28;19;460
1;2025-12-28;20;347
1;2025-12-28;21;277
1;2025-12-28;22;118
1;2025-12-28;23;34
1;2025-12-29;0;1
1;2025-12-29;1;0
1;2025-12-29;2;0
1;2025-12-29;3;0
1;2025-12-29;4;8
1;2025-12-29;5;120
1;2025-12-29;6;480
1;2025-12-29;7;1363
1;2025-12-29;8;1751
1;2025-12-29;9;1354
1;2025-12-29;10;1148
1;2025-12-29;11;1144
1;2025-12-29;12;1222
1;2025-12-29;13;1277
1;2025-12-29;14;1281
1;2025-12-29;15;1386
1;2025-12-29;16;1438
1;2025-12-29;17;1691
1;2025-12-29;18;1783
1;2025-12-29;19;1310
1;2025-12-29;20;828
1;2025-12-29;21;428
1;2025-12-29;22;169
1;2025-12-29;23;31
1;2025-12-30;0;3
1;2025-12-30;1;0
1;2025-12-30;2;0
1;2025-12-30;3;0
1;2025-12-30;4;8
1;2025-12-30;5;122
1;2025-12-30;6;505
1;2025-12-30;7;1396
1;2025-12-30;8;1789
1;2025-12-30;9;1414
1;2025-12-30;10;1267
1;2025-12-30;11;1282
1;2025-12-30;12;1303
1;2025-12-30;13;1335
1;2025-12-30;14;1292
1;2025-12-30;15;1382
1;2025-12-30;16;1421
1;2025-12-30;17;1660
1;2025-12-30;18;1690
1;2025-12-30;19;1266
1;2025-12-30;20;829
1;2025-12-30;21;456
1;2025-12-30;22;206
1;2025-12-30;23;40
1;2025-12-31;0;1
1;2025-12-31;1;0
1;2025-12-31;2;0
1;2025-12-31;3;0
1;2025-12-31;4;0
1;2025-12-31;5;9
1;2025-12-31;6;84
1;2025-12-31;7;179
1;2025-12-31;8;259
1;2025-12-31;9;467
1;2025-12-31;10;516
1;2025-12-31;11;537
1;2025-12-31;12;583
1;2025-12-31;13;605
1;2025-12-31;14;614
1;2025-12-31;15;528
1;2025-12-31;16;485
1;2025-12-31;17;435
1;2025-12-31;18;348
1;2025-12-31;19;324
1;2025-12-31;20;0
1;2025-12-31;21;0
1;2025-12-31;22;0
1;2025-12-31;23;0
5;2025-11-01;0;0
5;2025-11-01;1;0
5;2025-11-01;2;0
5;2025-11-01;3;0
5;2025-11-01;4;0
5;2025-11-01;5;0
5;2025-11-01;6;0
5;2025-11-01;7;0
5;2025-11-01;8;0
5;2025-11-01;9;0
5;2025-11-01;10;0
5;2025-11-01;11;0
5;2025-11-01;12;0
5;2025-11-01;13;0
5;2025-11-01;14;0
5;2025-11-01;15;0
5;2025-11-01;16;0
5;2025-11-01;17;0
5;2025-11-01;18;0
5;2025-11-01;19;0
5;2025-11-01;20;0
5;2025-11-01;21;0
5;2025-11-01;22;0
5;2025-11-01;23;0
5;2025-11-02;0;0
5;2025-11-02;1;0
5;2025-11-02;2;0
5;2025-11-02;3;0
5;2025-11-02;4;0
5;2025-11-02;5;0
5;2025-11-02;6;0
5;2025-11-02;7;0
5;2025-11-02;8;0
5;2025-11-02;9;0
5;2025-11-02;10;0
5;2025-11-02;11;0
5;2025-11-02;12;0
5;2025-11-02;13;0
5;2025-11-02;14;0
5;2025-11-02;15;0
5;2025-11-02;16;0
5;2025-11-02;17;0
5;2025-11-02;18;0
5;2025-11-02;19;0
5;2025-11-02;20;0
5;2025-11-02;21;0
5;2025-11-02;22;0
5;2025-11-02;23;0
5;2025-11-03;0;0
5;2025-11-03;1;0
5;2025-11-03;2;0
5;2025-11-03;3;0
5;2025-11-03;4;0
5;2025-11-03;5;0
5;2025-11-03;6;0
5;2025-11-03;7;0
5;2025-11-03;8;0
5;2025-11-03;9;0
5;2025-11-03;10;0
5;2025-11-03;11;0
5;2025-11-03;12;0
5;2025-11-03;13;0
5;2025-11-03;14;0
5;2025-11-03;15;0
5;2025-11-03;16;0
5;2025-11-03;17;0
5;2025-11-03;18;0
5;2025-11-03;19;0
5;2025-11-03;20;0
5;2025-11-03;21;0
5;2025-11-03;22;0
5;2025-11-03;23;0
5;2025-11-04;0;0
5;2025-11-04;1;0
5;2025-11-04;2;0
5;2025-11-04;3;0
5;2025-11-04;4;0
5;2025-11-04;5;0
5;2025-11-04;6;0
5;2025-11-04;7;0
5;2025-11-04;8;0
5;2025-11-04;9;0
5;2025-11-04;10;0
5;2025-11-04;11;0
5;2025-11-04;12;0
5;2025-11-04;13;0
5;2025-11-04;14;0
5;2025-11-04;15;0
5;2025-11-04;16;0
5;2025-11-04;17;0
5;2025-11-04;18;0
5;2025-11-04;19;0
5;2025-11-04;20;0
5;2025-11-04;21;0
5;2025-11-04;22;0
5;2025-11-04;23;0
5;2025-11-05;0;0
5;2025-11-05;1;0
5;2025-11-05;2;0
5;2025-11-05;3;0
5;2025-11-05;4;0
5;2025-11-05;5;0
5;2025-11-05;6;0
5;2025-11-05;7;0
5;2025-11-05;8;0
5;2025-11-05;9;0
5;2025-11-05;10;0
5;2025-11-05;11;0
5;2025-11-05;12;0
5;2025-11-05;13;0
5;2025-11-05;14;0
5;2025-11-05;15;0
5;2025-11-05;16;0
5;2025-11-05;17;0
5;2025-11-05;18;0
5;2025-11-05;19;0
5;2025-11-05;20;0
5;2025-11-05;21;0
5;2025-11-05;22;0
5;2025-11-05;23;0
5;2025-11-06;0;0
5;2025-11-06;1;0
5;2025-11-06;2;0
5;2025-11-06;3;0
5;2025-11-06;4;0
5;2025-11-06;5;0
5;2025-11-06;6;0
5;2025-11-06;7;0
5;2025-11-06;8;0
5;2025-11-06;9;0
5;2025-11-06;10;0
5;2025-11-06;11;0
5;2025-11-06;12;0
5;2025-11-06;13;0
5;2025-11-06;14;0
5;2025-11-06;15;0
5;2025-11-06;16;0
5;2025-11-06;17;0
5;2025-11-06;18;0
5;2025-11-06;19;0
5;2025-11-06;20;0
5;2025-11-06;21;0
5;2025-11-06;22;0
5;2025-11-06;23;0
5;2025-11-07;0;0
5;2025-11-07;1;0
5;2025-11-07;2;0
5;2025-11-07;3;0
5;2025-11-07;4;0
5;2025-11-07;5;0
5;2025-11-07;6;0
5;2025-11-07;7;0
5;2025-11-07;8;0
5;2025-11-07;9;0
5;2025-11-07;10;0
5;2025-11-07;11;0
5;2025-11-07;12;0
5;2025-11-07;13;0
5;2025-11-07;14;0
5;2025-11-07;15;0
5;2025-11-07;16;0
5;2025-11-07;17;0
5;2025-11-07;18;0
5;2025-11-07;19;0
5;2025-11-07;20;0
5;2025-11-07;21;0
5;2025-11-07;22;0
5;2025-11-07;23;0
5;2025-11-08;0;0
5;2025-11-08;1;0
5;2025-11-08;2;0
5;2025-11-08;3;0
5;2025-11-08;4;0
5;2025-11-08;5;0
5;2025-11-08;6;0
5;2025-11-08;7;0
5;2025-11-08;8;0
5;2025-11-08;9;0
5;2025-11-08;10;0
5;2025-11-08;11;0
5;2025-11-08;12;0
5;2025-11-08;13;0
5;2025-11-08;14;0
5;2025-11-08;15;0
5;2025-11-08;16;0
5;2025-11-08;17;0
5;2025-11-08;18;0
5;2025-11-08;19;0
5;2025-11-08;20;0
5;2025-11-08;21;0
5;2025-11-08;22;0
5;2025-11-08;23;0
5;2025-11-09;0;0
5;2025-11-09;1;0
5;2025-11-09;2;0
5;2025-11-09;3;0
5;2025-11-09;4;0
5;2025-11-09;5;0
5;2025-11-09;6;0
5;2025-11-09;7;0
5;2025-11-09;8;0
5;2025-11-09;9;0
5;2025-11-09;10;0
5;2025-11-09;11;0
5;2025-11-09;12;0
5;2025-11-09;13;0
5;2025-11-09;14;0
5;2025-11-09;15;0
5;2025-11-09;16;0
5;2025-11-09;17;0
5;2025-11-09;18;0
5;2025-11-09;19;0
5;2025-11-09;20;0
5;2025-11-09;21;0
5;2025-11-09;22;0
5;2025-11-09;23;0
5;2025-11-10;0;0
5;2025-11-10;1;0
5;2025-11-10;2;0
5;2025-11-10;3;0
5;2025-11-10;4;0
5;2025-11-10;5;0
5;2025-11-10;6;0
5;2025-11-10;7;0
5;2025-11-10;8;0
5;2025-11-10;9;0
5;2025-11-10;10;0
5;2025-11-10;11;0
5;2025-11-10;12;0
5;2025-11-10;13;0
5;2025-11-10;14;0
5;2025-11-10;15;0
5;2025-11-10;16;0
5;2025-11-10;17;0
5;2025-11-10;18;0
5;2025-11-10;19;0
5;2025-11-10;20;0
5;2025-11-10;21;0
5;2025-11-10;22;0
5;2025-11-10;23;0
5;2025-11-11;0;0
5;2025-11-11;1;0
5;2025-11-11;2;0
5;2025-11-11;3;0
5;2025-11-11;4;0
5;2025-11-11;5;0
5;2025-11-11;6;0
5;2025-11-11;7;0
5;2025-11-11;8;0
5;2025-11-11;9;0
5;2025-11-11;10;0
5;2025-11-11;11;0
5;2025-11-11;12;0
5;2025-11-11;13;0
5;2025-11-11;14;0
5;2025-11-11;15;0
5;2025-11-11;16;0
5;2025-11-11;17;0
5;2025-11-11;18;0
5;2025-11-11;19;0
5;2025-11-11;20;0
5;2025-11-11;21;0
5;2025-11-11;22;0
5;2025-11-11;23;0
5;2025-11-12;0;0
5;2025-11-12;1;0
5;2025-11-12;2;0
5;2025-11-12;3;0
5;2025-11-12;4;0
5;2025-11-12;5;0
5;2025-11-12;6;0
5;2025-11-12;7;0
5;2025-11-12;8;0
5;2025-11-12;9;0
5;2025-11-12;10;0
5;2025-11-12;11;0
5;2025-11-12;12;0
5;2025-11-12;13;0
5;2025-11-12;14;0
5;2025-11-12;15;0
5;2025-11-12;16;0
5;2025-11-12;17;0
5;2025-11-12;18;0
5;2025-11-12;19;0
5;2025-11-12;20;0
5;2025-11-12;21;0
5;2025-11-12;22;0
5;2025-11-12;23;0
5;2025-11-13;0;0
5;2025-11-13;1;0
5;2025-11-13;2;0
5;2025-11-13;3;0
5;2025-11-13;4;0
5;2025-11-13;5;0
5;2025-11-13;6;0
5;2025-11-13;7;0
5;2025-11-13;8;0
5;2025-11-13;9;0
5;2025-11-13;10;0
5;2025-11-13;11;0
5;2025-11-13;12;0
5;2025-11-13;13;0
5;2025-11-13;14;0
5;2025-11-13;15;0
5;2025-11-13;16;0
5;2025-11-13;17;0
5;2025-11-13;18;0
5;2025-11-13;19;0
5;2025-11-13;20;0
5;2025-11-13;21;0
5;2025-11-13;22;0
5;2025-11-13;23;0
5;2025-11-14;0;0
5;2025-11-14;1;0
5;2025-11-14;2;0
5;2025-11-14;3;0
5;2025-11-14;4;0
5;2025-11-14;5;0
5;2025-11-14;6;0
5;2025-11-14;7;0
5;2025-11-14;8;0
5;2025-11-14;9;0
5;2025-11-14;10;0
5;2025-11-14;11;0
5;2025-11-14;12;0
5;2025-11-14;13;0
5;2025-11-14;14;0
5;2025-11-14;15;0
5;2025-11-14;16;0
5;2025-11-14;17;0
5;2025-11-14;18;0
5;2025-11-14;19;0
5;2025-11-14;20;0
5;2025-11-14;21;0
5;2025-11-14;22;0
5;2025-11-14;23;0
5;2025-11-15;0;0
5;2025-11-15;1;0
5;2025-11-15;2;0
5;2025-11-15;3;0
5;2025-11-15;4;0
5;2025-11-15;5;0
5;2025-11-15;6;0
5;2025-11-15;7;0
5;2025-11-15;8;0
5;2025-11-15;9;0
5;2025-11-15;10;0
5;2025-11-15;11;0
5;2025-11-15;12;0
5;2025-11-15;13;0
5;2025-11-15;14;0
5;2025-11-15;15;0
5;2025-11-15;16;0
5;2025-11-15;17;0
5;2025-11-15;18;0
5;2025-11-15;19;0
5;2025-11-15;20;0
5;2025-11-15;21;0
5;2025-11-15;22;0
5;2025-11-15;23;0
5;2025-11-16;0;0
5;2025-11-16;1;0
5;2025-11-16;2;0
5;2025-11-16;3;0
5;2025-11-16;4;0
5;2025-11-16;5;0
5;2025-11-16;6;0
5;2025-11-16;7;0
5;2025-11-16;8;0
5;2025-11-16;9;0
5;2025-11-16;10;0
5;2025-11-16;11;0
5;2025-11-16;12;0
5;2025-11-16;13;0
5;2025-11-16;14;0
5;2025-11-16;15;0
5;2025-11-16;16;0
5;2025-11-16;17;0
5;2025-11-16;18;0
5;2025-11-16;19;0
5;2025-11-16;20;0
5;2025-11-16;21;0
5;2025-11-16;22;0
5;2025-11-16;23;0
5;2025-11-17;0;0
5;2025-11-17;1;0
5;2025-11-17;2;0
5;2025-11-17;3;0
5;2025-11-17;4;0
5;2025-11-17;5;0
5;2025-11-17;6;0
5;2025-11-17;7;0
5;2025-11-17;8;0
5;2025-11-17;9;0
5;2025-11-17;10;0
5;2025-11-17;11;0
5;2025-11-17;12;0
5;2025-11-17;13;0
5;2025-11-17;14;0
5;2025-11-17;15;0
5;2025-11-17;16;0
5;2025-11-17;17;0
5;2025-11-17;18;0
5;2025-11-17;19;0
5;2025-11-17;20;0
5;2025-11-17;21;0
5;2025-11-17;22;0
5;2025-11-17;23;0
5;2025-11-18;0;0
5;2025-11-18;1;0
5;2025-11-18;2;0
5;2025-11-18;3;0
5;2025-11-18;4;0
5;2025-11-18;5;0
5;2025-11-18;6;0
5;2025-11-18;7;0
5;2025-11-18;8;0
5;2025-11-18;9;0
5;2025-11-18;10;0
5;2025-11-18;11;0
5;2025-11-18;12;0
5;2025-11-18;13;0
5;2025-11-18;14;0
5;2025-11-18;15;0
5;2025-11-18;16;0
5;2025-11-18;17;0
5;2025-11-18;18;0
5;2025-11-18;19;0
5;2025-11-18;20;0
5;2025-11-18;21;0
5;2025-11-18;22;0
5;2025-11-18;23;0
5;2025-11-19;0;0
5;2025-11-19;1;0
5;2025-11-19;2;0
5;2025-11-19;3;0
5;2025-11-19;4;0
5;2025-11-19;5;0
5;2025-11-19;6;0
5;2025-11-19;7;0
5;2025-11-19;8;0
5;2025-11-19;9;0
5;2025-11-19;10;0
5;2025-11-19;11;0
5;2025-11-19;12;0
5;2025-11-19;13;0
5;2025-11-19;14;0
5;2025-11-19;15;0
5;2025-11-19;16;0
5;2025-11-19;17;0
5;2025-11-19;18;0
5;2025-11-19;19;0
5;2025-11-19;20;0
5;2025-11-19;21;0
5;2025-11-19;22;0
5;2025-11-19;23;0
5;2025-11-20;0;0
5;2025-11-20;1;0
5;2025-11-20;2;0
5;2025-11-20;3;0
5;2025-11-20;4;0
5;2025-11-20;5;0
5;2025-11-20;6;0
5;2025-11-20;7;0
5;2025-11-20;8;0
5;2025-11-20;9;0
5;2025-11-20;10;0
5;2025-11-20;11;0
5;2025-11-20;12;0
5;2025-11-20;13;0
5;2025-11-20;14;0
5;2025-11-20;15;0
5;2025-11-20;16;0
5;2025-11-20;17;0
5;2025-11-20;18;0
5;2025-11-20;19;0
5;2025-11-20;20;0
5;2025-11-20;21;0
5;2025-11-20;22;0
5;2025-11-20;23;0
5;2025-11-21;0;0
5;2025-11-21;1;0
5;2025-11-21;2;0
5;2025-11-21;3;0
5;2025-11-21;4;0
5;2025-11-21;5;0
5;2025-11-21;6;0
5;2025-11-21;7;0
5;2025-11-21;8;0
5;2025-11-21;9;0
5;2025-11-21;10;0
5;2025-11-21;11;0
5;2025-11-21;12;0
5;2025-11-21;13;0
5;2025-11-21;14;0
5;2025-11-21;15;0
5;2025-11-21;16;0
5;2025-11-21;17;0
5;2025-11-21;18;0
5;2025-11-21;19;0
5;2025-11-21;20;0
5;2025-11-21;21;0
5;2025-11-21;22;0
5;2025-11-21;23;0
5;2025-11-22;0;0
5;2025-11-22;1;0
5;2025-11-22;2;0
5;2025-11-22;3;0
5;2025-11-22;4;0
5;2025-11-22;5;0
5;2025-11-22;6;0
5;2025-11-22;7;0
5;2025-11-22;8;0
5;2025-11-22;9;0
5;2025-11-22;10;0
5;2025-11-22;11;0
5;2025-11-22;12;0
5;2025-11-22;13;0
5;2025-11-22;14;0
5;2025-11-22;15;0
5;2025-11-22;16;0
5;2025-11-22;17;0
5;2025-11-22;18;0
5;2025-11-22;19;0
5;2025-11-22;20;0
5;2025-11-22;21;0
5;2025-11-22;22;0
5;2025-11-22;23;0
5;2025-11-23;0;0
5;2025-11-23;1;0
5;2025-11-23;2;0
5;2025-11-23;3;0
5;2025-11-23;4;0
5;2025-11-23;5;0
5;2025-11-23;6;0
5;2025-11-23;7;0
5;2025-11-23;8;0
5;2025-11-23;9;0
5;2025-11-23;10;0
5;2025-11-23;11;0
5;2025-11-23;12;0
5;2025-11-23;13;0
5;2025-11-23;14;0
5;2025-11-23;15;0
5;2025-11-23;16;0
5;2025-11-23;17;0
5;2025-11-23;18;0
5;2025-11-23;19;0
5;2025-11-23;20;0
5;2025-11-23;21;0
5;2025-11-23;22;0
5;2025-11-23;23;0
5;2025-11-24;0;0
5;2025-11-24;1;0
5;2025-11-24;2;0
5;2025-11-24;3;0
5;2025-11-24;4;0
5;2025-11-24;5;0
5;2025-11-24;6;0
5;2025-11-24;7;0
5;2025-11-24;8;0
5;2025-11-24;9;0
5;2025-11-24;10;0
5;2025-11-24;11;0
5;2025-11-24;12;0
5;2025-11-24;13;0
5;2025-11-24;14;0
5;2025-11-24;15;0
5;2025-11-24;16;0
5;2025-11-24;17;0
5;2025-11-24;18;0
5;2025-11-24;19;0
5;2025-11-24;20;0
5;2025-11-24;21;0
5;2025-11-24;22;0
5;2025-11-24;23;0
5;2025-11-25;0;0
5;2025-11-25;1;0
5;2025-11-25;2;0
5;2025-11-25;3;0
5;2025-11-25;4;0
5;2025-11-25;5;0
5;2025-11-25;6;0
5;2025-11-25;7;0
5;2025-11-25;8;0
5;2025-11-25;9;0
5;2025-11-25;10;0
5;2025-11-25;11;0
5;2025-11-25;12;0
5;2025-11-25;13;0
5;2025-11-25;14;0
5;2025-11-25;15;0
5;2025-11-25;16;0
5;2025-11-25;17;0
5;2025-11-25;18;0
5;2025-11-25;19;0
5;2025-11-25;20;0
5;2025-11-25;21;0
5;2025-11-25;22;0
5;2025-11-25;23;0
5;2025-11-26;0;0
5;2025-11-26;1;0
5;2025-11-26;2;0
5;2025-11-26;3;0
5;2025-11-26;4;0
5;2025-11-26;5;0
5;2025-11-26;6;0
5;2025-11-26;7;0
5;2025-11-26;8;0
5;2025-11-26;9;0
5;2025-11-26;10;0
5;2025-11-26;11;0
5;2025-11-26;12;0
5;2025-11-26;13;0
5;2025-11-26;14;0
5;2025-11-26;15;0
5;2025-11-26;16;0
5;2025-11-26;17;0
5;2025-11-26;18;0
5;2025-11-26;19;0
5;2025-11-26;20;0
5;2025-11-26;21;0
5;2025-11-26;22;0
5;2025-11-26;23;0
5;2025-11-27;0;0
5;2025-11-27;1;0
5;2025-11-27;2;0
5;2025-11-27;3;0
5;2025-11-27;4;0
5;2025-11-27;5;0
5;2025-11-27;6;0
5;2025-11-27;7;0
5;2025-11-27;8;0
5;2025-11-27;9;0
5;2025-11-27;10;0
5;2025-11-27;11;0
5;2025-11-27;12;0
5;2025-11-27;13;0
5;2025-11-27;14;0
5;2025-11-27;15;0
5;2025-11-27;16;0
5;2025-11-27;17;0
5;2025-11-27;18;0
5;2025-11-27;19;0
5;2025-11-27;20;0
5;2025-11-27;21;0
5;2025-11-27;22;0
5;2025-11-27;23;0
5;2025-11-28;0;0
5;2025-11-28;1;0
5;2025-11-28;2;0
5;2025-11-28;3;0
5;2025-11-28;4;0
5;2025-11-28;5;0
5;2025-11-28;6;0
5;2025-11-28;7;0
5;2025-11-28;8;0
5;2025-11-28;9;0
5;2025-11-28;10;0
5;2025-11-28;11;0
5;2025-11-28;12;0
5;2025-11-28;13;0
5;2025-11-28;14;0
5;2025-11-28;15;0
5;2025-11-28;16;0
5;2025-11-28;17;0
5;2025-11-28;18;0
5;2025-11-28;19;0
5;2025-11-28;20;0
5;2025-11-28;21;0
5;2025-11-28;22;0
5;2025-11-28;23;0
5;2025-11-29;0;0
5;2025-11-29;1;0
5;2025-11-29;2;0
5;2025-11-29;3;0
5;2025-11-29;4;0
5;2025-11-29;5;0
5;2025-11-29;6;0
5;2025-11-29;7;0
5;2025-11-29;8;0
5;2025-11-29;9;0
5;2025-11-29;10;0
5;2025-11-29;11;0
5;2025-11-29;12;0
5;2025-11-29;13;0
5;2025-11-29;14;0
5;2025-11-29;15;0
5;2025-11-29;16;0
5;2025-11-29;17;0
5;2025-11-29;18;0
5;2025-11-29;19;0
5;2025-11-29;20;0
5;2025-11-29;21;0
5;2025-11-29;22;0
5;2025-11-29;23;0
5;2025-11-30;0;0
5;2025-11-30;1;0
5;2025-11-30;2;0
5;2025-11-30;3;0
5;2025-11-30;4;0
5;2025-11-30;5;0
5;2025-11-30;6;0
5;2025-11-30;7;0
5;2025-11-30;8;0
5;2025-11-30;9;0
5;2025-11-30;10;0
5;2025-11-30;11;0
5;2025-11-30;12;0
5;2025-11-30;13;0
5;2025-11-30;14;0
5;2025-11-30;15;0
5;2025-11-30;16;0
5;2025-11-30;17;0
5;2025-11-30;18;0
5;2025-11-30;19;0
5;2025-11-30;20;0
5;2025-11-30;21;0
5;2025-11-30;22;0
5;2025-11-30;23;0
5;2025-12-01;0;0
5;2025-12-01;1;0
5;2025-12-01;2;0
5;2025-12-01;3;0
5;2025-12-01;4;0
5;2025-12-01;5;0
5;2025-12-01;6;0
5;2025-12-01;7;0
5;2025-12-01;8;0
5;2025-12-01;9;0
5;2025-12-01;10;0
5;2025-12-01;11;0
5;2025-12-01;12;0
5;2025-12-01;13;0
5;2025-12-01;14;0
5;2025-12-01;15;0
5;2025-12-01;16;0
5;2025-12-01;17;0
5;2025-12-01;18;0
5;2025-12-01;19;0
5;2025-12-01;20;0
5;2025-12-01;21;0
5;2025-12-01;22;0
5;2025-12-01;23;0
5;2025-12-02;0;0
5;2025-12-02;1;0
5;2025-12-02;2;0
5;2025-12-02;3;0
5;2025-12-02;4;0
5;2025-12-02;5;0
5;2025-12-02;6;0
5;2025-12-02;7;0
5;2025-12-02;8;0
5;2025-12-02;9;0
5;2025-12-02;10;0
5;2025-12-02;11;0
5;2025-12-02;12;0
5;2025-12-02;13;0
5;2025-12-02;14;0
5;2025-12-02;15;0
5;2025-12-02;16;0
5;2025-12-02;17;0
5;2025-12-02;18;0
5;2025-12-02;19;0
5;2025-12-02;20;0
5;2025-12-02;21;0
5;2025-12-02;22;0
5;2025-12-02;23;0
5;2025-12-03;0;0
5;2025-12-03;1;0
5;2025-12-03;2;0
5;2025-12-03;3;0
5;2025-12-03;4;0
5;2025-12-03;5;0
5;2025-12-03;6;0
5;2025-12-03;7;0
5;2025-12-03;8;0
5;2025-12-03;9;0
5;2025-12-03;10;0
5;2025-12-03;11;0
5;2025-12-03;12;0
5;2025-12-03;13;0
5;2025-12-03;14;0
5;2025-12-03;15;0
5;2025-12-03;16;0
5;2025-12-03;17;0
5;2025-12-03;18;0
5;2025-12-03;19;0
5;2025-12-03;20;0
5;2025-12-03;21;0
5;2025-12-03;22;0
5;2025-12-03;23;0
5;2025-12-04;0;0
5;2025-12-04;1;0
5;2025-12-04;2;0
5;2025-12-04;3;0
5;2025-12-04;4;0
5;2025-12-04;5;0
5;2025-12-04;6;0
5;2025-12-04;7;0
5;2025-12-04;8;0
5;2025-12-04;9;0
5;2025-12-04;10;0
5;2025-12-04;11;0
5;2025-12-04;12;0
5;2025-12-04;13;0
5;2025-12-04;14;0
5;2025-12-04;15;0
5;2025-12-04;16;0
5;2025-12-04;17;0
5;2025-12-04;18;0
5;2025-12-04;19;0
5;2025-12-04;20;0
5;2025-12-04;21;0
5;2025-12-04;22;0
5;2025-12-04;23;0
5;2025-12-05;0;0
5;2025-12-05;1;0
5;2025-12-05;2;0
5;2025-12-05;3;0
5;2025-12-05;4;0
5;2025-12-05;5;0
5;2025-12-05;6;0
5;2025-12-05;7;0
5;2025-12-05;8;0
5;2025-12-05;9;0
5;2025-12-05;10;0
5;2025-12-05;11;0
5;2025-12-05;12;0
5;2025-12-05;13;0
5;2025-12-05;14;0
5;2025-12-05;15;0
5;2025-12-05;16;0
5;2025-12-05;17;0
5;2025-12-05;18;0
5;2025-12-05;19;0
5;2025-12-05;20;0
5;2025-12-05;21;0
5;2025-12-05;22;0
5;2025-12-05;23;0
5;2025-12-06;0;0
5;2025-12-06;1;0
5;2025-12-06;2;0
5;2025-12-06;3;0
5;2025-12-06;4;0
5;2025-12-06;5;0
5;2025-12-06;6;0
5;2025-12-06;7;0
5;2025-12-06;8;0
5;2025-12-06;9;0
5;2025-12-06;10;0
5;2025-12-06;11;0
5;2025-12-06;12;0
5;2025-12-06;13;0
5;2025-12-06;14;0
5;2025-12-06;15;0
5;2025-12-06;16;0
5;2025-12-06;17;0
5;2025-12-06;18;0
5;2025-12-06;19;0
5;2025-12-06;20;0
5;2025-12-06;21;0
5;2025-12-06;22;0
5;2025-12-06;23;0
5;2025-12-07;0;0
5;2025-12-07;1;0
5;2025-12-07;2;0
5;2025-12-07;3;0
5;2025-12-07;4;0
5;2025-12-07;5;0
5;2025-12-07;6;0
5;2025-12-07;7;0
5;2025-12-07;8;0
5;2025-12-07;9;0
5;2025-12-07;10;0
5;2025-12-07;11;0
5;2025-12-07;12;0
5;2025-12-07;13;0
5;2025-12-07;14;0
5;2025-12-07;15;0
5;2025-12-07;16;0
5;2025-12-07;17;0
5;2025-12-07;18;0
5;2025-12-07;19;0
5;2025-12-07;20;0
5;2025-12-07;21;0
5;2025-12-07;22;0
5;2025-12-07;23;0
5;2025-12-08;0;0
5;2025-12-08;1;0
5;2025-12-08;2;0
5;2025-12-08;3;0
5;2025-12-08;4;0
5;2025-12-08;5;0
5;2025-12-08;6;0
5;2025-12-08;7;0
5;2025-12-08;8;0
5;2025-12-08;9;0
5;2025-12-08;10;0
5;2025-12-08;11;0
5;2025-12-08;12;0
5;2025-12-08;13;0
5;2025-12-08;14;0
5;2025-12-08;15;0
5;2025-12-08;16;0
5;2025-12-08;17;0
5;2025-12-08;18;0
5;2025-12-08;19;0
5;2025-12-08;20;0
5;2025-12-08;21;0
5;2025-12-08;22;0
5;2025-12-08;23;0
5;2025-12-09;0;0
5;2025-12-09;1;0
5;2025-12-09;2;0
5;2025-12-09;3;0
5;2025-12-09;4;0
5;2025-12-09;5;0
5;2025-12-09;6;0
5;2025-12-09;7;0
5;2025-12-09;8;0
5;2025-12-09;9;0
5;2025-12-09;10;0
5;2025-12-09;11;0
5;2025-12-09;12;0
5;2025-12-09;13;0
5;2025-12-09;14;0
5;2025-12-09;15;0
5;2025-12-09;16;0
5;2025-12-09;17;0
5;2025-12-09;18;0
5;2025-12-09;19;0
5;2025-12-09;20;0
5;2025-12-09;21;0
5;2025-12-09;22;0
5;2025-12-09;23;0
5;2025-12-10;0;0
5;2025-12-10;1;0
5;2025-12-10;2;0
5;2025-12-10;3;0
5;2025-12-10;4;0
5;2025-12-10;5;0
5;2025-12-10;6;0
5;2025-12-10;7;0
5;2025-12-10;8;0
5;2025-12-10;9;0
5;2025-12-10;10;0
5;2025-12-10;11;0
5;2025-12-10;12;0
5;2025-12-10;13;0
5;2025-12-10;14;0
5;2025-12-10;15;0
5;2025-12-10;16;0
5;2025-12-10;17;0
5;2025-12-10;18;0
5;2025-12-10;19;0
5;2025-12-10;20;0
5;2025-12-10;21;0
5;2025-12-10;22;0
5;2025-12-10;23;0
5;2025-12-11;0;0
5;2025-12-11;1;0
5;2025-12-11;2;0
5;2025-12-11;3;0
5;2025-12-11;4;0
5;2025-12-11;5;0
5;2025-12-11;6;0
5;2025-12-11;7;0
5;2025-12-11;8;0
5;2025-12-11;9;0
5;2025-12-11;10;0
5;2025-12-11;11;0
5;2025-12-11;12;0
5;2025-12-11;13;0
5;2025-12-11;14;0
5;2025-12-11;15;0
5;2025-12-11;16;0
5;2025-12-11;17;0
5;2025-12-11;18;0
5;2025-12-11;19;0
5;2025-12-11;20;0
5;2025-12-11;21;0
5;2025-12-11;22;0
5;2025-12-11;23;0
5;2025-12-12;0;0
5;2025-12-12;1;0
5;2025-12-12;2;0
5;2025-12-12;3;0
5;2025-12-12;4;0
5;2025-12-12;5;0
5;2025-12-12;6;0
5;2025-12-12;7;0
5;2025-12-12;8;0
5;2025-12-12;9;0
5;2025-12-12;10;0
5;2025-12-12;11;0
5;2025-12-12;12;0
5;2025-12-12;13;0
5;2025-12-12;14;0
5;2025-12-12;15;0
5;2025-12-12;16;0
5;2025-12-12;17;0
5;2025-12-12;18;0
5;2025-12-12;19;0
5;2025-12-12;20;0
5;2025-12-12;21;0
5;2025-12-12;22;0
5;2025-12-12;23;0
5;2025-12-13;0;0
5;2025-12-13;1;0
5;2025-12-13;2;0
5;2025-12-13;3;0
5;2025-12-13;4;0
5;2025-12-13;5;0
5;2025-12-13;6;0
5;2025-12-13;7;0
5;2025-12-13;8;0
5;2025-12-13;9;0
5;2025-12-13;10;0
5;2025-12-13;11;0
5;2025-12-13;12;0
5;2025-12-13;13;0
5;2025-12-13;14;0
5;2025-12-13;15;0
5;2025-12-13;16;0
5;2025-12-13;17;0
5;2025-12-13;18;0
5;2025-12-13;19;0
5;2025-12-13;20;0
5;2025-12-13;21;0
5;2025-12-13;22;0
5;2025-12-13;23;0
5;2025-12-14;0;0
5;2025-12-14;1;0
5;2025-12-14;2;0
5;2025-12-14;3;0
5;2025-12-14;4;0
5;2025-12-14;5;0
5;2025-12-14;6;0
5;2025-12-14;7;0
5;2025-12-14;8;0
5;2025-12-14;9;0
5;2025-12-14;10;0
5;2025-12-14;11;0
5;2025-12-14;12;0
5;2025-12-14;13;0
5;2025-12-14;14;0
5;2025-12-14;15;0
5;2025-12-14;16;0
5;2025-12-14;17;0
5;2025-12-14;18;0
5;2025-12-14;19;0
5;2025-12-14;20;0
5;2025-12-14;21;0
5;2025-12-14;22;0
5;2025-12-14;23;0
5;2025-12-15;0;0
5;2025-12-15;1;0
5;2025-12-15;2;0
5;2025-12-15;3;0
5;2025-12-15;4;0
5;2025-12-15;5;0
5;2025-12-15;6;0
5;2025-12-15;7;0
5;2025-12-15;8;0
5;2025-12-15;9;0
5;2025-12-15;10;0
5;2025-12-15;11;0
5;2025-12-15;12;0
5;2025-12-15;13;0
5;2025-12-15;14;0
5;2025-12-15;15;0
5;2025-12-15;16;0
5;2025-12-15;17;0
5;2025-12-15;18;0
5;2025-12-15;19;0
5;2025-12-15;20;0
5;2025-12-15;21;0
5;2025-12-15;22;0
5;2025-12-15;23;0
5;2025-12-16;0;9
5;2025-12-16;1;1
5;2025-12-16;2;0
5;2025-12-16;3;0
5;2025-12-16;4;1
5;2025-12-16;5;46
5;2025-12-16;6;231
5;2025-12-16;7;565
5;2025-12-16;8;851
5;2025-12-16;9;592
5;2025-12-16;10;487
5;2025-12-16;11;471
5;2025-12-16;12;489
5;2025-12-16;13;497
5;2025-12-16;14;503
5;2025-12-16;15;536
5;2025-12-16;16;596
5;2025-12-16;17;729
5;2025-12-16;18;758
5;2025-12-16;19;536
5;2025-12-16;20;343
5;2025-12-16;21;213
5;2025-12-16;22;90
5;2025-12-16;23;40
5;2025-12-17;0;9
5;2025-12-17;1;1
5;2025-12-17;2;0
5;2025-12-17;3;0
5;2025-12-17;4;1
5;2025-12-17;5;46
5;2025-12-17;6;231
5;2025-12-17;7;565
5;2025-12-17;8;851
5;2025-12-17;9;592
5;2025-12-17;10;487
5;2025-12-17;11;471
5;2025-12-17;12;489
5;2025-12-17;13;497
5;2025-12-17;14;503
5;2025-12-17;15;536
5;2025-12-17;16;596
5;2025-12-17;17;729
5;2025-12-17;18;758
5;2025-12-17;19;536
5;2025-12-17;20;343
5;2025-12-17;21;213
5;2025-12-17;22;90
5;2025-12-17;23;40
5;2025-12-18;0;9
5;2025-12-18;1;1
5;2025-12-18;2;0
5;2025-12-18;3;0
5;2025-12-18;4;1
5;2025-12-18;5;46
5;2025-12-18;6;231
5;2025-12-18;7;565
5;2025-12-18;8;851
5;2025-12-18;9;592
5;2025-12-18;10;487
5;2025-12-18;11;471
5;2025-12-18;12;489
5;2025-12-18;13;497
5;2025-12-18;14;503
5;2025-12-18;15;536
5;2025-12-18;16;596
5;2025-12-18;17;729
5;2025-12-18;18;758
5;2025-12-18;19;536
5;2025-12-18;20;343
5;2025-12-18;21;213
5;2025-12-18;22;90
5;2025-12-18;23;40
5;2025-12-19;0;11
5;2025-12-19;1;1
5;2025-12-19;2;0
5;2025-12-19;3;0
5;2025-12-19;4;1
5;2025-12-19;5;48
5;2025-12-19;6;240
5;2025-12-19;7;578
5;2025-12-19;8;845
5;2025-12-19;9;583
5;2025-12-19;10;483
5;2025-12-19;11;477
5;2025-12-19;12;499
5;2025-12-19;13;516
5;2025-12-19;14;515
5;2025-12-19;15;576
5;2025-12-19;16;691
5;2025-12-19;17;736
5;2025-12-19;18;616
5;2025-12-19;19;482
5;2025-12-19;20;322
5;2025-12-19;21;216
5;2025-12-19;22;95
5;2025-12-19;23;54
5;2025-12-20;0;176
5;2025-12-20;1;16
5;2025-12-20;2;0
5;2025-12-20;3;0
5;2025-12-20;4;0
5;2025-12-20;5;31
5;2025-12-20;6;136
5;2025-12-20;7;192
5;2025-12-20;8;305
5;2025-12-20;9;391
5;2025-12-20;10;414
5;2025-12-20;11;468
5;2025-12-20;12;586
5;2025-12-20;13;574
5;2025-12-20;14;579
5;2025-12-20;15;621
5;2025-12-20;16;555
5;2025-12-20;17;528
5;2025-12-20;18;436
5;2025-12-20;19;354
5;2025-12-20;20;267
5;2025-12-20;21;187
5;2025-12-20;22;110
5;2025-12-20;23;57
5;2025-12-21;0;27
5;2025-12-21;1;4
5;2025-12-21;2;0
5;2025-12-21;3;0
5;2025-12-21;4;0
5;2025-12-21;5;24
5;2025-12-21;6;109
5;2025-12-21;7;162
5;2025-12-21;8;243
5;2025-12-21;9;331
5;2025-12-21;10;386
5;2025-12-21;11;476
5;2025-12-21;12;499
5;2025-12-21;13;557
5;2025-12-21;14;618
5;2025-12-21;15;615
5;2025-12-21;16;571
5;2025-12-21;17;648
5;2025-12-21;18;517
5;2025-12-21;19;418
5;2025-12-21;20;330
5;2025-12-21;21;234
5;2025-12-21;22;154
5;2025-12-21;23;64
5;2025-12-22;0;10
5;2025-12-22;1;1
5;2025-12-22;2;0
5;2025-12-22;3;0
5;2025-12-22;4;1
5;2025-12-22;5;48
5;2025-12-22;6;237
5;2025-12-22;7;570
5;2025-12-22;8;888
5;2025-12-22;9;612
5;2025-12-22;10;477
5;2025-12-22;11;454
5;2025-12-22;12;471
5;2025-12-22;13;502
5;2025-12-22;14;498
5;2025-12-22;15;534
5;2025-12-22;16;610
5;2025-12-22;17;727
5;2025-12-22;18;767
5;2025-12-22;19;523
5;2025-12-22;20;331
5;2025-12-22;21;204
5;2025-12-22;22;83
5;2025-12-22;23;35
5;2025-12-23;0;9
5;2025-12-23;1;1
5;2025-12-23;2;0
5;2025-12-23;3;0
5;2025-12-23;4;1
5;2025-12-23;5;46
5;2025-12-23;6;231
5;2025-12-23;7;565
5;2025-12-23;8;851
5;2025-12-23;9;592
5;2025-12-23;10;487
5;2025-12-23;11;471
5;2025-12-23;12;489
5;2025-12-23;13;497
5;2025-12-23;14;503
5;2025-12-23;15;536
5;2025-12-23;16;596
5;2025-12-23;17;729
5;2025-12-23;18;758
5;2025-12-23;19;536
5;2025-12-23;20;343
5;2025-12-23;21;213
5;2025-12-23;22;90
5;2025-12-23;23;40
5;2025-12-24;0;9
5;2025-12-24;1;1
5;2025-12-24;2;0
5;2025-12-24;3;0
5;2025-12-24;4;1
5;2025-12-24;5;46
5;2025-12-24;6;231
5;2025-12-24;7;565
5;2025-12-24;8;851
5;2025-12-24;9;592
5;2025-12-24;10;487
5;2025-12-24;11;471
5;2025-12-24;12;489
5;2025-12-24;13;497
5;2025-12-24;14;503
5;2025-12-24;15;536
5;2025-12-24;16;596
5;2025-12-24;17;729
5;2025-12-24;18;758
5;2025-12-24;19;536
5;2025-12-24;20;343
5;2025-12-24;21;213
5;2025-12-24;22;90
5;2025-12-24;23;40
5;2025-12-25;0;9
5;2025-12-25;1;1
5;2025-12-25;2;0
5;2025-12-25;3;0
5;2025-12-25;4;1
5;2025-12-25;5;46
5;2025-12-25;6;231
5;2025-12-25;7;565
5;2025-12-25;8;851
5;2025-12-25;9;592
5;2025-12-25;10;487
5;2025-12-25;11;471
5;2025-12-25;12;489
5;2025-12-25;13;497
5;2025-12-25;14;503
5;2025-12-25;15;536
5;2025-12-25;16;596
5;2025-12-25;17;729
5;2025-12-25;18;758
5;2025-12-25;19;536
5;2025-12-25;20;343
5;2025-12-25;21;213
5;2025-12-25;22;90
5;2025-12-25;23;40
5;2025-12-26;0;11
5;2025-12-26;1;1
5;2025-12-26;2;0
5;2025-12-26;3;0
5;2025-12-26;4;1
5;2025-12-26;5;48
5;2025-12-26;6;240
5;2025-12-26;7;578
5;2025-12-26;8;845
5;2025-12-26;9;583
5;2025-12-26;10;483
5;2025-12-26;11;477
5;2025-12-26;12;499
5;2025-12-26;13;516
5;2025-12-26;14;515
5;2025-12-26;15;576
5;2025-12-26;16;691
5;2025-12-26;17;736
5;2025-12-26;18;616
5;2025-12-26;19;482
5;2025-12-26;20;322
5;2025-12-26;21;216
5;2025-12-26;22;95
5;2025-12-26;23;54
5;2025-12-27;0;176
5;2025-12-27;1;16
5;2025-12-27;2;0
5;2025-12-27;3;0
5;2025-12-27;4;0
5;2025-12-27;5;31
5;2025-12-27;6;136
5;2025-12-27;7;192
5;2025-12-27;8;305
5;2025-12-27;9;391
5;2025-12-27;10;414
5;2025-12-27;11;468
5;2025-12-27;12;586
5;2025-12-27;13;574
5;2025-12-27;14;579
5;2025-12-27;15;621
5;2025-12-27;16;555
5;2025-12-27;17;528
5;2025-12-27;18;436
5;2025-12-27;19;354
5;2025-12-27;20;267
5;2025-12-27;21;187
5;2025-12-27;22;110
5;2025-12-27;23;57
5;2025-12-28;0;27
5;2025-12-28;1;4
5;2025-12-28;2;0
5;2025-12-28;3;0
5;2025-12-28;4;0
5;2025-12-28;5;24
5;2025-12-28;6;109
5;2025-12-28;7;162
5;2025-12-28;8;243
5;2025-12-28;9;331
5;2025-12-28;10;386
5;2025-12-28;11;476
5;2025-12-28;12;499
5;2025-12-28;13;557
5;2025-12-28;14;618
5;2025-12-28;15;615
5;2025-12-28;16;571
5;2025-12-28;17;648
5;2025-12-28;18;517
5;2025-12-28;19;418
5;2025-12-28;20;330
5;2025-12-28;21;234
5;2025-12-28;22;154
5;2025-12-28;23;64
5;2025-12-29;0;10
5;2025-12-29;1;1
5;2025-12-29;2;0
5;2025-12-29;3;0
5;2025-12-29;4;1
5;2025-12-29;5;48
5;2025-12-29;6;237
5;2025-12-29;7;570
5;2025-12-29;8;888
5;2025-12-29;9;612
5;2025-12-29;10;477
5;2025-12-29;11;454
5;2025-12-29;12;471
5;2025-12-29;13;502
5;2025-12-29;14;498
5;2025-12-29;15;534
5;2025-12-29;16;610
5;2025-12-29;17;727
5;2025-12-29;18;767
5;2025-12-29;19;523
5;2025-12-29;20;331
5;2025-12-29;21;204
5;2025-12-29;22;83
5;2025-12-29;23;35
5;2025-12-30;0;9
5;2025-12-30;1;1
5;2025-12-30;2;0
5;2025-12-30;3;0
5;2025-12-30;4;1
5;2025-12-30;5;46
5;2025-12-30;6;231
5;2025-12-30;7;565
5;2025-12-30;8;851
5;2025-12-30;9;592
5;2025-12-30;10;487
5;2025-12-30;11;471
5;2025-12-30;12;489
5;2025-12-30;13;497
5;2025-12-30;14;503
5;2025-12-30;15;536
5;2025-12-30;16;596
5;2025-12-30;17;729
5;2025-12-30;18;758
5;2025-12-30;19;536
5;2025-12-30;20;343
5;2025-12-30;21;213
5;2025-12-30;22;90
5;2025-12-30;23;40
5;2025-12-31;0;27
5;2025-12-31;1;4
5;2025-12-31;2;0
5;2025-12-31;3;0
5;2025-12-31;4;0
5;2025-12-31;5;24
5;2025-12-31;6;109
5;2025-12-31;7;162
5;2025-12-31;8;243
5;2025-12-31;9;331
5;2025-12-31;10;386
5;2025-12-31;11;476
5;2025-12-31;12;499
5;2025-12-31;13;557
5;2025-12-31;14;618
5;2025-12-31;15;615
5;2025-12-31;16;571
5;2025-12-31;17;648
5;2025-12-31;18;517
5;2025-12-31;19;418
5;2025-12-31;20;0
5;2025-12-31;21;0
5;2025-12-31;22;0
5;2025-12-31;23;0
7;2025-11-01;0;60
7;2025-11-01;1;12
7;2025-11-01;2;0
7;2025-11-01;3;0
7;2025-11-01;4;1
7;2025-11-01;5;149
7;2025-11-01;6;544
7;2025-11-01;7;1362
7;2025-11-01;8;2063
7;2025-11-01;9;1571
7;2025-11-01;10;1400
7;2025-11-01;11;1350
7;2025-11-01;12;1428
7;2025-11-01;13;1441
7;2025-11-01;14;1463
7;2025-11-01;15;1620
7;2025-11-01;16;1777
7;2025-11-01;17;1964
7;2025-11-01;18;1799
7;2025-11-01;19;1371
7;2025-11-01;20;852
7;2025-11-01;21;528
7;2025-11-01;22;277
7;2025-11-01;23;192
7;2025-11-02;0;94
7;2025-11-02;1;21
7;2025-11-02;2;0
7;2025-11-02;3;0
7;2025-11-02;4;1
7;2025-11-02;5;29
7;2025-11-02;6;175
7;2025-11-02;7;237
7;2025-11-02;8;447
7;2025-11-02;9;582
7;2025-11-02;10;528
7;2025-11-02;11;723
7;2025-11-02;12;807
7;2025-11-02;13;818
7;2025-11-02;14;827
7;2025-11-02;15;861
7;2025-11-02;16;874
7;2025-11-02;17;866
7;2025-11-02;18;799
7;2025-11-02;19;627
7;2025-11-02;20;525
7;2025-11-02;21;395
7;2025-11-02;22;219
7;2025-11-02;23;143
7;2025-11-03;0;91
7;2025-11-03;1;10
7;2025-11-03;2;0
7;2025-11-03;3;0
7;2025-11-03;4;0
7;2025-11-03;5;51
7;2025-11-03;6;226
7;2025-11-03;7;365
7;2025-11-03;8;572
7;2025-11-03;9;683
7;2025-11-03;10;706
7;2025-11-03;11;889
7;2025-11-03;12;864
7;2025-11-03;13;945
7;2025-11-03;14;990
7;2025-11-03;15;1010
7;2025-11-03;16;929
7;2025-11-03;17;905
7;2025-11-03;18;916
7;2025-11-03;19;846
7;2025-11-03;20;691
7;2025-11-03;21;516
7;2025-11-03;22;293
7;2025-11-03;23;185
7;2025-11-04;0;91
7;2025-11-04;1;10
7;2025-11-04;2;0
7;2025-11-04;3;0
7;2025-11-04;4;1
7;2025-11-04;5;50
7;2025-11-04;6;222
7;2025-11-04;7;358
7;2025-11-04;8;556
7;2025-11-04;9;668
7;2025-11-04;10;706
7;2025-11-04;11;905
7;2025-11-04;12;876
7;2025-11-04;13;947
7;2025-11-04;14;991
7;2025-11-04;15;1071
7;2025-11-04;16;927
7;2025-11-04;17;902
7;2025-11-04;18;923
7;2025-11-04;19;854
7;2025-11-04;20;680
7;2025-11-04;21;512
7;2025-11-04;22;289
7;2025-11-04;23;181
7;2025-11-05;0;59
7;2025-11-05;1;12
7;2025-11-05;2;0
7;2025-11-05;3;0
7;2025-11-05;4;1
7;2025-11-05;5;196
7;2025-11-05;6;649
7;2025-11-05;7;1677
7;2025-11-05;8;2523
7;2025-11-05;9;1908
7;2025-11-05;10;1663
7;2025-11-05;11;1570
7;2025-11-05;12;1681
7;2025-11-05;13;1600
7;2025-11-05;14;1680
7;2025-11-05;15;1774
7;2025-11-05;16;1880
7;2025-11-05;17;2372
7;2025-11-05;18;2574
7;2025-11-05;19;1749
7;2025-11-05;20;1034
7;2025-11-05;21;653
7;2025-11-05;22;326
7;2025-11-05;23;193
7;2025-11-06;0;60
7;2025-11-06;1;12
7;2025-11-06;2;0
7;2025-11-06;3;0
7;2025-11-06;4;1
7;2025-11-06;5;194
7;2025-11-06;6;647
7;2025-11-06;7;1656
7;2025-11-06;8;2519
7;2025-11-06;9;1902
7;2025-11-06;10;1652
7;2025-11-06;11;1558
7;2025-11-06;12;1674
7;2025-11-06;13;1593
7;2025-11-06;14;1667
7;2025-11-06;15;1772
7;2025-11-06;16;1880
7;2025-11-06;17;2381
7;2025-11-06;18;2561
7;2025-11-06;19;1754
7;2025-11-06;20;1038
7;2025-11-06;21;656
7;2025-11-06;22;329
7;2025-11-06;23;199
7;2025-11-07;0;70
7;2025-11-07;1;14
7;2025-11-07;2;1
7;2025-11-07;3;0
7;2025-11-07;4;2
7;2025-11-07;5;173
7;2025-11-07;6;622
7;2025-11-07;7;1566
7;2025-11-07;8;2385
7;2025-11-07;9;1815
7;2025-11-07;10;1646
7;2025-11-07;11;1569
7;2025-11-07;12;1659
7;2025-11-07;13;1668
7;2025-11-07;14;1698
7;2025-11-07;15;1892
7;2025-11-07;16;2072
7;2025-11-07;17;2290
7;2025-11-07;18;2070
7;2025-11-07;19;1561
7;2025-11-07;20;987
7;2025-11-07;21;610
7;2025-11-07;22;321
7;2025-11-07;23;230
7;2025-11-08;0;115
7;2025-11-08;1;23
7;2025-11-08;2;0
7;2025-11-08;3;0
7;2025-11-08;4;1
7;2025-11-08;5;61
7;2025-11-08;6;285
7;2025-11-08;7;382
7;2025-11-08;8;741
7;2025-11-08;9;751
7;2025-11-08;10;762
7;2025-11-08;11;837
7;2025-11-08;12;1044
7;2025-11-08;13;1039
7;2025-11-08;14;1009
7;2025-11-08;15;996
7;2025-11-08;16;1008
7;2025-11-08;17;996
7;2025-11-08;18;904
7;2025-11-08;19;834
7;2025-11-08;20;637
7;2025-11-08;21;489
7;2025-11-08;22;280
7;2025-11-08;23;204
7;2025-11-09;0;95
7;2025-11-09;1;22
7;2025-11-09;2;0
7;2025-11-09;3;0
7;2025-11-09;4;0
7;2025-11-09;5;28
7;2025-11-09;6;176
7;2025-11-09;7;238
7;2025-11-09;8;430
7;2025-11-09;9;582
7;2025-11-09;10;557
7;2025-11-09;11;779
7;2025-11-09;12;870
7;2025-11-09;13;893
7;2025-11-09;14;829
7;2025-11-09;15;861
7;2025-11-09;16;800
7;2025-11-09;17;793
7;2025-11-09;18;804
7;2025-11-09;19;627
7;2025-11-09;20;526
7;2025-11-09;21;394
7;2025-11-09;22;209
7;2025-11-09;23;143
7;2025-11-10;0;62
7;2025-11-10;1;11
7;2025-11-10;2;0
7;2025-11-10;3;0
7;2025-11-10;4;1
7;2025-11-10;5;201
7;2025-11-10;6;653
7;2025-11-10;7;1699
7;2025-11-10;8;2632
7;2025-11-10;9;1874
7;2025-11-10;10;1564
7;2025-11-10;11;1494
7;2025-11-10;12;1499
7;2025-11-10;13;1526
7;2025-11-10;14;1522
7;2025-11-10;15;1747
7;2025-11-10;16;1820
7;2025-11-10;17;2355
7;2025-11-10;18;2580
7;2025-11-10;19;1751
7;2025-11-10;20;1044
7;2025-11-10;21;619
7;2025-11-10;22;299
7;2025-11-10;23;161
7;2025-11-11;0;59
7;2025-11-11;1;12
7;2025-11-11;2;0
7;2025-11-11;3;0
7;2025-11-11;4;1
7;2025-11-11;5;195
7;2025-11-11;6;648
7;2025-11-11;7;1672
7;2025-11-11;8;2523
7;2025-11-11;9;1906
7;2025-11-11;10;1652
7;2025-11-11;11;1553
7;2025-11-11;12;1652
7;2025-11-11;13;1586
7;2025-11-11;14;1668
7;2025-11-11;15;1766
7;2025-11-11;16;1884
7;2025-11-11;17;2386
7;2025-11-11;18;2574
7;2025-11-11;19;1747
7;2025-11-11;20;1031
7;2025-11-11;21;650
7;2025-11-11;22;320
7;2025-11-11;23;185
7;2025-11-12;0;59
7;2025-11-12;1;12
7;2025-11-12;2;0
7;2025-11-12;3;0
7;2025-11-12;4;1
7;2025-11-12;5;196
7;2025-11-12;6;653
7;2025-11-12;7;1678
7;2025-11-12;8;2522
7;2025-11-12;9;1907
7;2025-11-12;10;1654
7;2025-11-12;11;1558
7;2025-11-12;12;1655
7;2025-11-12;13;1586
7;2025-11-12;14;1664
7;2025-11-12;15;1763
7;2025-11-12;16;1887
7;2025-11-12;17;2388
7;2025-11-12;18;2575
7;2025-11-12;19;1752
7;2025-11-12;20;1027
7;2025-11-12;21;652
7;2025-11-12;22;325
7;2025-11-12;23;193
7;2025-11-13;0;60
7;2025-11-13;1;12
7;2025-11-13;2;0
7;2025-11-13;3;0
7;2025-11-13;4;1
7;2025-11-13;5;193
7;2025-11-13;6;650
7;2025-11-13;7;1671
7;2025-11-13;8;2517
7;2025-11-13;9;1903
7;2025-11-13;10;1651
7;2025-11-13;11;1559
7;2025-11-13;12;1659
7;2025-11-13;13;1588
7;2025-11-13;14;1667
7;2025-11-13;15;1765
7;2025-11-13;16;1889
7;2025-11-13;17;2394
7;2025-11-13;18;2575
7;2025-11-13;19;1743
7;2025-11-13;20;1033
7;2025-11-13;21;652
7;2025-11-13;22;326
7;2025-11-13;23;197
7;2025-11-14;0;70
7;2025-11-14;1;14
7;2025-11-14;2;1
7;2025-11-14;3;0
7;2025-11-14;4;1
7;2025-11-14;5;181
7;2025-11-14;6;634
7;2025-11-14;7;1576
7;2025-11-14;8;2389
7;2025-11-14;9;1818
7;2025-11-14;10;1646
7;2025-11-14;11;1564
7;2025-11-14;12;1634
7;2025-11-14;13;1654
7;2025-11-14;14;1681
7;2025-11-14;15;1878
7;2025-11-14;16;2063
7;2025-11-14;17;2280
7;2025-11-14;18;2074
7;2025-11-14;19;1560
7;2025-11-14;20;982
7;2025-11-14;21;605
7;2025-11-14;22;321
7;2025-11-14;23;227
7;2025-11-15;0;95
7;2025-11-15;1;22
7;2025-11-15;2;0
7;2025-11-15;3;0
7;2025-11-15;4;1
7;2025-11-15;5;73
7;2025-11-15;6;283
7;2025-11-15;7;493
7;2025-11-15;8;699
7;2025-11-15;9;829
7;2025-11-15;10;830
7;2025-11-15;11;932
7;2025-11-15;12;1017
7;2025-11-15;13;1091
7;2025-11-15;14;1102
7;2025-11-15;15;1096
7;2025-11-15;16;1047
7;2025-11-15;17;984
7;2025-11-15;18;1047
7;2025-11-15;19;974
7;2025-11-15;20;732
7;2025-11-15;21;596
7;2025-11-15;22;312
7;2025-11-15;23;232
7;2025-11-16;0;101
7;2025-11-16;1;10
7;2025-11-16;2;0
7;2025-11-16;3;0
7;2025-11-16;4;1
7;2025-11-16;5;43
7;2025-11-16;6;213
7;2025-11-16;7;355
7;2025-11-16;8;557
7;2025-11-16;9;679
7;2025-11-16;10;704
7;2025-11-16;11;935
7;2025-11-16;12;926
7;2025-11-16;13;1000
7;2025-11-16;14;1044
7;2025-11-16;15;1057
7;2025-11-16;16;976
7;2025-11-16;17;947
7;2025-11-16;18;961
7;2025-11-16;19;875
7;2025-11-16;20;702
7;2025-11-16;21;509
7;2025-11-16;22;283
7;2025-11-16;23;181
7;2025-11-17;0;62
7;2025-11-17;1;11
7;2025-11-17;2;0
7;2025-11-17;3;0
7;2025-11-17;4;1
7;2025-11-17;5;211
7;2025-11-17;6;655
7;2025-11-17;7;1691
7;2025-11-17;8;2637
7;2025-11-17;9;1885
7;2025-11-17;10;1576
7;2025-11-17;11;1501
7;2025-11-17;12;1509
7;2025-11-17;13;1534
7;2025-11-17;14;1524
7;2025-11-17;15;1746
7;2025-11-17;16;1828
7;2025-11-17;17;2360
7;2025-11-17;18;2582
7;2025-11-17;19;1749
7;2025-11-17;20;1045
7;2025-11-17;21;616
7;2025-11-17;22;297
7;2025-11-17;23;159
7;2025-11-18;0;59
7;2025-11-18;1;12
7;2025-11-18;2;0
7;2025-11-18;3;0
7;2025-11-18;4;1
7;2025-11-18;5;204
7;2025-11-18;6;662
7;2025-11-18;7;1684
7;2025-11-18;8;2532
7;2025-11-18;9;1915
7;2025-11-18;10;1660
7;2025-11-18;11;1561
7;2025-11-18;12;1655
7;2025-11-18;13;1586
7;2025-11-18;14;1664
7;2025-11-18;15;1759
7;2025-11-18;16;1883
7;2025-11-18;17;2387
7;2025-11-18;18;2575
7;2025-11-18;19;1750
7;2025-11-18;20;1033
7;2025-11-18;21;651
7;2025-11-18;22;322
7;2025-11-18;23;187
7;2025-11-19;0;60
7;2025-11-19;1;12
7;2025-11-19;2;0
7;2025-11-19;3;0
7;2025-11-19;4;1
7;2025-11-19;5;206
7;2025-11-19;6;661
7;2025-11-19;7;1683
7;2025-11-19;8;2528
7;2025-11-19;9;1907
7;2025-11-19;10;1654
7;2025-11-19;11;1562
7;2025-11-19;12;1658
7;2025-11-19;13;1587
7;2025-11-19;14;1668
7;2025-11-19;15;1762
7;2025-11-19;16;1886
7;2025-11-19;17;2387
7;2025-11-19;18;2574
7;2025-11-19;19;1752
7;2025-11-19;20;1032
7;2025-11-19;21;652
7;2025-11-19;22;325
7;2025-11-19;23;193
7;2025-11-20;0;60
7;2025-11-20;1;12
7;2025-11-20;2;0
7;2025-11-20;3;0
7;2025-11-20;4;1
7;2025-11-20;5;196
7;2025-11-20;6;659
7;2025-11-20;7;1679
7;2025-11-20;8;2510
7;2025-11-20;9;1907
7;2025-11-20;10;1663
7;2025-11-20;11;1569
7;2025-11-20;12;1661
7;2025-11-20;13;1586
7;2025-11-20;14;1668
7;2025-11-20;15;1764
7;2025-11-20;16;1887
7;2025-11-20;17;2387
7;2025-11-20;18;2574
7;2025-11-20;19;1753
7;2025-11-20;20;1038
7;2025-11-20;21;657
7;2025-11-20;22;331
7;2025-11-20;23;202
7;2025-11-21;0;70
7;2025-11-21;1;14
7;2025-11-21;2;1
7;2025-11-21;3;0
7;2025-11-21;4;1
7;2025-11-21;5;194
7;2025-11-21;6;647
7;2025-11-21;7;1586
7;2025-11-21;8;2404
7;2025-11-21;9;1835
7;2025-11-21;10;1661
7;2025-11-21;11;1579
7;2025-11-21;12;1646
7;2025-11-21;13;1662
7;2025-11-21;14;1688
7;2025-11-21;15;1883
7;2025-11-21;16;2074
7;2025-11-21;17;2289
7;2025-11-21;18;2069
7;2025-11-21;19;1553
7;2025-11-21;20;979
7;2025-11-21;21;604
7;2025-11-21;22;318
7;2025-11-21;23;231
7;2025-11-22;0;94
7;2025-11-22;1;21
7;2025-11-22;2;0
7;2025-11-22;3;0
7;2025-11-22;4;1
7;2025-11-22;5;75
7;2025-11-22;6;277
7;2025-11-22;7;484
7;2025-11-22;8;708
7;2025-11-22;9;813
7;2025-11-22;10;821
7;2025-11-22;11;939
7;2025-11-22;12;1012
7;2025-11-22;13;1085
7;2025-11-22;14;1097
7;2025-11-22;15;1095
7;2025-11-22;16;1048
7;2025-11-22;17;986
7;2025-11-22;18;1056
7;2025-11-22;19;977
7;2025-11-22;20;735
7;2025-11-22;21;598
7;2025-11-22;22;315
7;2025-11-22;23;235
7;2025-11-23;0;100
7;2025-11-23;1;10
7;2025-11-23;2;0
7;2025-11-23;3;0
7;2025-11-23;4;1
7;2025-11-23;5;40
7;2025-11-23;6;210
7;2025-11-23;7;347
7;2025-11-23;8;549
7;2025-11-23;9;665
7;2025-11-23;10;690
7;2025-11-23;11;931
7;2025-11-23;12;916
7;2025-11-23;13;986
7;2025-11-23;14;1028
7;2025-11-23;15;1052
7;2025-11-23;16;972
7;2025-11-23;17;946
7;2025-11-23;18;916
7;2025-11-23;19;847
7;2025-11-23;20;686
7;2025-11-23;21;512
7;2025-11-23;22;286
7;2025-11-23;23;183
7;2025-11-24;0;62
7;2025-11-24;1;11
7;2025-11-24;2;0
7;2025-11-24;3;0
7;2025-11-24;4;1
7;2025-11-24;5;198
7;2025-11-24;6;648
7;2025-11-24;7;1683
7;2025-11-24;8;2624
7;2025-11-24;9;1873
7;2025-11-24;10;1563
7;2025-11-24;11;1508
7;2025-11-24;12;1517
7;2025-11-24;13;1534
7;2025-11-24;14;1530
7;2025-11-24;15;1751
7;2025-11-24;16;1833
7;2025-11-24;17;2363
7;2025-11-24;18;2584
7;2025-11-24;19;1755
7;2025-11-24;20;1045
7;2025-11-24;21;616
7;2025-11-24;22;296
7;2025-11-24;23;154
7;2025-11-25;0;59
7;2025-11-25;1;12
7;2025-11-25;2;0
7;2025-11-25;3;0
7;2025-11-25;4;1
7;2025-11-25;5;197
7;2025-11-25;6;656
7;2025-11-25;7;1674
7;2025-11-25;8;2518
7;2025-11-25;9;1900
7;2025-11-25;10;1656
7;2025-11-25;11;1564
7;2025-11-25;12;1646
7;2025-11-25;13;1585
7;2025-11-25;14;1676
7;2025-11-25;15;1769
7;2025-11-25;16;1887
7;2025-11-25;17;2390
7;2025-11-25;18;2586
7;2025-11-25;19;1742
7;2025-11-25;20;1026
7;2025-11-25;21;644
7;2025-11-25;22;315
7;2025-11-25;23;184
7;2025-11-26;0;59
7;2025-11-26;1;12
7;2025-11-26;2;0
7;2025-11-26;3;0
7;2025-11-26;4;1
7;2025-11-26;5;198
7;2025-11-26;6;658
7;2025-11-26;7;1664
7;2025-11-26;8;2529
7;2025-11-26;9;1889
7;2025-11-26;10;1640
7;2025-11-26;11;1555
7;2025-11-26;12;1651
7;2025-11-26;13;1598
7;2025-11-26;14;1678
7;2025-11-26;15;1774
7;2025-11-26;16;1896
7;2025-11-26;17;2397
7;2025-11-26;18;2583
7;2025-11-26;19;1760
7;2025-11-26;20;1039
7;2025-11-26;21;658
7;2025-11-26;22;326
7;2025-11-26;23;194
7;2025-11-27;0;60
7;2025-11-27;1;12
7;2025-11-27;2;0
7;2025-11-27;3;0
7;2025-11-27;4;1
7;2025-11-27;5;203
7;2025-11-27;6;658
7;2025-11-27;7;1687
7;2025-11-27;8;2519
7;2025-11-27;9;1918
7;2025-11-27;10;1670
7;2025-11-27;11;1575
7;2025-11-27;12;1669
7;2025-11-27;13;1590
7;2025-11-27;14;1672
7;2025-11-27;15;1764
7;2025-11-27;16;1892
7;2025-11-27;17;2395
7;2025-11-27;18;2578
7;2025-11-27;19;1757
7;2025-11-27;20;1036
7;2025-11-27;21;656
7;2025-11-27;22;331
7;2025-11-27;23;202
7;2025-11-28;0;70
7;2025-11-28;1;14
7;2025-11-28;2;1
7;2025-11-28;3;0
7;2025-11-28;4;1
7;2025-11-28;5;193
7;2025-11-28;6;647
7;2025-11-28;7;1586
7;2025-11-28;8;2402
7;2025-11-28;9;1832
7;2025-11-28;10;1662
7;2025-11-28;11;1584
7;2025-11-28;12;1648
7;2025-11-28;13;1663
7;2025-11-28;14;1687
7;2025-11-28;15;1888
7;2025-11-28;16;2071
7;2025-11-28;17;2283
7;2025-11-28;18;2082
7;2025-11-28;19;1562
7;2025-11-28;20;990
7;2025-11-28;21;614
7;2025-11-28;22;324
7;2025-11-28;23;233
7;2025-11-29;0;95
7;2025-11-29;1;22
7;2025-11-29;2;0
7;2025-11-29;3;0
7;2025-11-29;4;1
7;2025-11-29;5;38
7;2025-11-29;6;242
7;2025-11-29;7;445
7;2025-11-29;8;649
7;2025-11-29;9;763
7;2025-11-29;10;803
7;2025-11-29;11;983
7;2025-11-29;12;1065
7;2025-11-29;13;1151
7;2025-11-29;14;1102
7;2025-11-29;15;1094
7;2025-11-29;16;1040
7;2025-11-29;17;976
7;2025-11-29;18;1052
7;2025-11-29;19;970
7;2025-11-29;20;728
7;2025-11-29;21;591
7;2025-11-29;22;307
7;2025-11-29;23;228
7;2025-11-30;0;101
7;2025-11-30;1;10
7;2025-11-30;2;0
7;2025-11-30;3;0
7;2025-11-30;4;1
7;2025-11-30;5;38
7;2025-11-30;6;210
7;2025-11-30;7;354
7;2025-11-30;8;572
7;2025-11-30;9;677
7;2025-11-30;10;704
7;2025-11-30;11;934
7;2025-11-30;12;916
7;2025-11-30;13;986
7;2025-11-30;14;1032
7;2025-11-30;15;1030
7;2025-11-30;16;970
7;2025-11-30;17;942
7;2025-11-30;18;923
7;2025-11-30;19;850
7;2025-11-30;20;688
7;2025-11-30;21;514
7;2025-11-30;22;286
7;2025-11-30;23;183
7;2025-12-01;0;62
7;2025-12-01;1;12
7;2025-12-01;2;0
7;2025-12-01;3;0
7;2025-12-01;4;1
7;2025-12-01;5;194
7;2025-12-01;6;643
7;2025-12-01;7;1679
7;2025-12-01;8;2624
7;2025-12-01;9;1874
7;2025-12-01;10;1564
7;2025-12-01;11;1501
7;2025-12-01;12;1516
7;2025-12-01;13;1536
7;2025-12-01;14;1534
7;2025-12-01;15;1753
7;2025-12-01;16;1833
7;2025-12-01;17;2364
7;2025-12-01;18;2585
7;2025-12-01;19;1755
7;2025-12-01;20;1044
7;2025-12-01;21;614
7;2025-12-01;22;295
7;2025-12-01;23;157
7;2025-12-02;0;59
7;2025-12-02;1;12
7;2025-12-02;2;0
7;2025-12-02;3;0
7;2025-12-02;4;1
7;2025-12-02;5;197
7;2025-12-02;6;656
7;2025-12-02;7;1676
7;2025-12-02;8;2519
7;2025-12-02;9;1899
7;2025-12-02;10;1643
7;2025-12-02;11;1550
7;2025-12-02;12;1649
7;2025-12-02;13;1589
7;2025-12-02;14;1668
7;2025-12-02;15;1758
7;2025-12-02;16;1881
7;2025-12-02;17;2384
7;2025-12-02;18;2572
7;2025-12-02;19;1750
7;2025-12-02;20;1027
7;2025-12-02;21;646
7;2025-12-02;22;316
7;2025-12-02;23;182
7;2025-12-03;0;59
7;2025-12-03;1;12
7;2025-12-03;2;0
7;2025-12-03;3;0
7;2025-12-03;4;1
7;2025-12-03;5;198
7;2025-12-03;6;655
7;2025-12-03;7;1675
7;2025-12-03;8;2518
7;2025-12-03;9;1902
7;2025-12-03;10;1648
7;2025-12-03;11;1568
7;2025-12-03;12;1674
7;2025-12-03;13;1597
7;2025-12-03;14;1679
7;2025-12-03;15;1777
7;2025-12-03;16;1898
7;2025-12-03;17;2399
7;2025-12-03;18;2579
7;2025-12-03;19;1747
7;2025-12-03;20;1027
7;2025-12-03;21;649
7;2025-12-03;22;322
7;2025-12-03;23;192
7;2025-12-04;0;60
7;2025-12-04;1;12
7;2025-12-04;2;0
7;2025-12-04;3;0
7;2025-12-04;4;1
7;2025-12-04;5;195
7;2025-12-04;6;654
7;2025-12-04;7;1674
7;2025-12-04;8;2518
7;2025-12-04;9;1905
7;2025-12-04;10;1650
7;2025-12-04;11;1568
7;2025-12-04;12;1673
7;2025-12-04;13;1598
7;2025-12-04;14;1682
7;2025-12-04;15;1780
7;2025-12-04;16;1901
7;2025-12-04;17;2396
7;2025-12-04;18;2582
7;2025-12-04;19;1756
7;2025-12-04;20;1034
7;2025-12-04;21;653
7;2025-12-04;22;326
7;2025-12-04;23;198
7;2025-12-05;0;70
7;2025-12-05;1;15
7;2025-12-05;2;1
7;2025-12-05;3;0
7;2025-12-05;4;1
7;2025-12-05;5;183
7;2025-12-05;6;637
7;2025-12-05;7;1576
7;2025-12-05;8;2392
7;2025-12-05;9;1820
7;2025-12-05;10;1648
7;2025-12-05;11;1572
7;2025-12-05;12;1639
7;2025-12-05;13;1660
7;2025-12-05;14;1693
7;2025-12-05;15;1883
7;2025-12-05;16;2068
7;2025-12-05;17;2282
7;2025-12-05;18;2085
7;2025-12-05;19;1564
7;2025-12-05;20;987
7;2025-12-05;21;611
7;2025-12-05;22;320
7;2025-12-05;23;230
7;2025-12-06;0;96
7;2025-12-06;1;22
7;2025-12-06;2;0
7;2025-12-06;3;0
7;2025-12-06;4;1
7;2025-12-06;5;64
7;2025-12-06;6;276
7;2025-12-06;7;482
7;2025-12-06;8;665
7;2025-12-06;9;783
7;2025-12-06;10;785
7;2025-12-06;11;934
7;2025-12-06;12;1009
7;2025-12-06;13;1087
7;2025-12-06;14;1107
7;2025-12-06;15;1109
7;2025-12-06;16;1063
7;2025-12-06;17;1000
7;2025-12-06;18;1080
7;2025-12-06;19;1001
7;2025-12-06;20;749
7;2025-12-06;21;608
7;2025-12-06;22;318
7;2025-12-06;23;236
7;2025-12-07;0;104
7;2025-12-07;1;11
7;2025-12-07;2;0
7;2025-12-07;3;0
7;2025-12-07;4;1
7;2025-12-07;5;35
7;2025-12-07;6;182
7;2025-12-07;7;326
7;2025-12-07;8;533
7;2025-12-07;9;643
7;2025-12-07;10;702
7;2025-12-07;11;939
7;2025-12-07;12;926
7;2025-12-07;13;1002
7;2025-12-07;14;1048
7;2025-12-07;15;1071
7;2025-12-07;16;990
7;2025-12-07;17;964
7;2025-12-07;18;947
7;2025-12-07;19;869
7;2025-12-07;20;704
7;2025-12-07;21;530
7;2025-12-07;22;296
7;2025-12-07;23;190
7;2025-12-08;0;63
7;2025-12-08;1;11
7;2025-12-08;2;0
7;2025-12-08;3;0
7;2025-12-08;4;1
7;2025-12-08;5;192
7;2025-12-08;6;643
7;2025-12-08;7;1679
7;2025-12-08;8;2623
7;2025-12-08;9;1870
7;2025-12-08;10;1557
7;2025-12-08;11;1493
7;2025-12-08;12;1508
7;2025-12-08;13;1527
7;2025-12-08;14;1527
7;2025-12-08;15;1745
7;2025-12-08;16;1825
7;2025-12-08;17;2356
7;2025-12-08;18;2579
7;2025-12-08;19;1753
7;2025-12-08;20;1040
7;2025-12-08;21;611
7;2025-12-08;22;290
7;2025-12-08;23;156
7;2025-12-09;0;59
7;2025-12-09;1;12
7;2025-12-09;2;0
7;2025-12-09;3;0
7;2025-12-09;4;1
7;2025-12-09;5;189
7;2025-12-09;6;648
7;2025-12-09;7;1670
7;2025-12-09;8;2525
7;2025-12-09;9;1905
7;2025-12-09;10;1627
7;2025-12-09;11;1539
7;2025-12-09;12;1647
7;2025-12-09;13;1580
7;2025-12-09;14;1659
7;2025-12-09;15;1758
7;2025-12-09;16;1881
7;2025-12-09;17;2384
7;2025-12-09;18;2572
7;2025-12-09;19;1750
7;2025-12-09;20;1028
7;2025-12-09;21;646
7;2025-12-09;22;316
7;2025-12-09;23;183
7;2025-12-10;0;59
7;2025-12-10;1;12
7;2025-12-10;2;0
7;2025-12-10;3;0
7;2025-12-10;4;1
7;2025-12-10;5;198
7;2025-12-10;6;658
7;2025-12-10;7;1677
7;2025-12-10;8;2521
7;2025-12-10;9;1902
7;2025-12-10;10;1647
7;2025-12-10;11;1557
7;2025-12-10;12;1656
7;2025-12-10;13;1582
7;2025-12-10;14;1672
7;2025-12-10;15;1769
7;2025-12-10;16;1886
7;2025-12-10;17;2388
7;2025-12-10;18;2576
7;2025-12-10;19;1753
7;2025-12-10;20;1027
7;2025-12-10;21;647
7;2025-12-10;22;320
7;2025-12-10;23;192
7;2025-12-11;0;61
7;2025-12-11;1;12
7;2025-12-11;2;0
7;2025-12-11;3;0
7;2025-12-11;4;1
7;2025-12-11;5;197
7;2025-12-11;6;657
7;2025-12-11;7;1676
7;2025-12-11;8;2521
7;2025-12-11;9;1902
7;2025-12-11;10;1649
7;2025-12-11;11;1558
7;2025-12-11;12;1667
7;2025-12-11;13;1592
7;2025-12-11;14;1681
7;2025-12-11;15;1772
7;2025-12-11;16;1890
7;2025-12-11;17;2391
7;2025-12-11;18;2578
7;2025-12-11;19;1756
7;2025-12-11;20;1034
7;2025-12-11;21;653
7;2025-12-11;22;325
7;2025-12-11;23;190
7;2025-12-12;0;69
7;2025-12-12;1;14
7;2025-12-12;2;1
7;2025-12-12;3;0
7;2025-12-12;4;1
7;2025-12-12;5;183
7;2025-12-12;6;637
7;2025-12-12;7;1576
7;2025-12-12;8;2392
7;2025-12-12;9;1820
7;2025-12-12;10;1648
7;2025-12-12;11;1572
7;2025-12-12;12;1652
7;2025-12-12;13;1667
7;2025-12-12;14;1693
7;2025-12-12;15;1891
7;2025-12-12;16;2068
7;2025-12-12;17;2284
7;2025-12-12;18;2084
7;2025-12-12;19;1564
7;2025-12-12;20;987
7;2025-12-12;21;617
7;2025-12-12;22;327
7;2025-12-12;23;236
7;2025-12-13;0;97
7;2025-12-13;1;22
7;2025-12-13;2;0
7;2025-12-13;3;0
7;2025-12-13;4;1
7;2025-12-13;5;71
7;2025-12-13;6;285
7;2025-12-13;7;496
7;2025-12-13;8;703
7;2025-12-13;9;836
7;2025-12-13;10;833
7;2025-12-13;11;953
7;2025-12-13;12;1031
7;2025-12-13;13;1106
7;2025-12-13;14;1120
7;2025-12-13;15;1115
7;2025-12-13;16;1064
7;2025-12-13;17;1001
7;2025-12-13;18;1079
7;2025-12-13;19;994
7;2025-12-13;20;746
7;2025-12-13;21;606
7;2025-12-13;22;315
7;2025-12-13;23;236
7;2025-12-14;0;102
7;2025-12-14;1;10
7;2025-12-14;2;0
7;2025-12-14;3;0
7;2025-12-14;4;1
7;2025-12-14;5;22
7;2025-12-14;6;184
7;2025-12-14;7;326
7;2025-12-14;8;534
7;2025-12-14;9;643
7;2025-12-14;10;702
7;2025-12-14;11;940
7;2025-12-14;12;926
7;2025-12-14;13;1002
7;2025-12-14;14;1048
7;2025-12-14;15;1070
7;2025-12-14;16;990
7;2025-12-14;17;964
7;2025-12-14;18;947
7;2025-12-14;19;869
7;2025-12-14;20;704
7;2025-12-14;21;527
7;2025-12-14;22;293
7;2025-12-14;23;188
7;2025-12-15;0;63
7;2025-12-15;1;11
7;2025-12-15;2;0
7;2025-12-15;3;0
7;2025-12-15;4;1
7;2025-12-15;5;198
7;2025-12-15;6;648
7;2025-12-15;7;1684
7;2025-12-15;8;2627
7;2025-12-15;9;1874
7;2025-12-15;10;1560
7;2025-12-15;11;1499
7;2025-12-15;12;1510
7;2025-12-15;13;1530
7;2025-12-15;14;1527
7;2025-12-15;15;1750
7;2025-12-15;16;1832
7;2025-12-15;17;2363
7;2025-12-15;18;2584
7;2025-12-15;19;1754
7;2025-12-15;20;1044
7;2025-12-15;21;614
7;2025-12-15;22;294
7;2025-12-15;23;158
7;2025-12-16;0;59
7;2025-12-16;1;12
7;2025-12-16;2;0
7;2025-12-16;3;0
7;2025-12-16;4;1
7;2025-12-16;5;197
7;2025-12-16;6;656
7;2025-12-16;7;1676
7;2025-12-16;8;2521
7;2025-12-16;9;1902
7;2025-12-16;10;1644
7;2025-12-16;11;1550
7;2025-12-16;12;1649
7;2025-12-16;13;1589
7;2025-12-16;14;1668
7;2025-12-16;15;1764
7;2025-12-16;16;1887
7;2025-12-16;17;2389
7;2025-12-16;18;2572
7;2025-12-16;19;1750
7;2025-12-16;20;1029
7;2025-12-16;21;650
7;2025-12-16;22;320
7;2025-12-16;23;185
7;2025-12-17;0;60
7;2025-12-17;1;12
7;2025-12-17;2;0
7;2025-12-17;3;0
7;2025-12-17;4;1
7;2025-12-17;5;207
7;2025-12-17;6;668
7;2025-12-17;7;1691
7;2025-12-17;8;2536
7;2025-12-17;9;1923
7;2025-12-17;10;1670
7;2025-12-17;11;1573
7;2025-12-17;12;1674
7;2025-12-17;13;1597
7;2025-12-17;14;1680
7;2025-12-17;15;1776
7;2025-12-17;16;1897
7;2025-12-17;17;2398
7;2025-12-17;18;2586
7;2025-12-17;19;1760
7;2025-12-17;20;1038
7;2025-12-17;21;659
7;2025-12-17;22;326
7;2025-12-17;23;192
7;2025-12-18;0;60
7;2025-12-18;1;12
7;2025-12-18;2;0
7;2025-12-18;3;0
7;2025-12-18;4;1
7;2025-12-18;5;192
7;2025-12-18;6;657
7;2025-12-18;7;1674
7;2025-12-18;8;2521
7;2025-12-18;9;1905
7;2025-12-18;10;1650
7;2025-12-18;11;1558
7;2025-12-18;12;1667
7;2025-12-18;13;1598
7;2025-12-18;14;1681
7;2025-12-18;15;1778
7;2025-12-18;16;1901
7;2025-12-18;17;2396
7;2025-12-18;18;2582
7;2025-12-18;19;1756
7;2025-12-18;20;1034
7;2025-12-18;21;653
7;2025-12-18;22;326
7;2025-12-18;23;197
7;2025-12-19;0;69
7;2025-12-19;1;14
7;2025-12-19;2;1
7;2025-12-19;3;0
7;2025-12-19;4;2
7;2025-12-19;5;186
7;2025-12-19;6;641
7;2025-12-19;7;1577
7;2025-12-19;8;2395
7;2025-12-19;9;1824
7;2025-12-19;10;1656
7;2025-12-19;11;1586
7;2025-12-19;12;1652
7;2025-12-19;13;1667
7;2025-12-19;14;1689
7;2025-12-19;15;1891
7;2025-12-19;16;2064
7;2025-12-19;17;2282
7;2025-12-19;18;2080
7;2025-12-19;19;1567
7;2025-12-19;20;990
7;2025-12-19;21;608
7;2025-12-19;22;318
7;2025-12-19;23;232
7;2025-12-20;0;97
7;2025-12-20;1;22
7;2025-12-20;2;0
7;2025-12-20;3;0
7;2025-12-20;4;1
7;2025-12-20;5;79
7;2025-12-20;6;294
7;2025-12-20;7;505
7;2025-12-20;8;716
7;2025-12-20;9;847
7;2025-12-20;10;852
7;2025-12-20;11;964
7;2025-12-20;12;1041
7;2025-12-20;13;1115
7;2025-12-20;14;1128
7;2025-12-20;15;1115
7;2025-12-20;16;1068
7;2025-12-20;17;1001
7;2025-12-20;18;1134
7;2025-12-20;19;994
7;2025-12-20;20;746
7;2025-12-20;21;606
7;2025-12-20;22;316
7;2025-12-20;23;234
7;2025-12-21;0;104
7;2025-12-21;1;11
7;2025-12-21;2;0
7;2025-12-21;3;0
7;2025-12-21;4;1
7;2025-12-21;5;43
7;2025-12-21;6;218
7;2025-12-21;7;365
7;2025-12-21;8;572
7;2025-12-21;9;696
7;2025-12-21;10;722
7;2025-12-21;11;1009
7;2025-12-21;12;939
7;2025-12-21;13;1012
7;2025-12-21;14;1057
7;2025-12-21;15;1078
7;2025-12-21;16;997
7;2025-12-21;17;970
7;2025-12-21;18;941
7;2025-12-21;19;868
7;2025-12-21;20;704
7;2025-12-21;21;526
7;2025-12-21;22;295
7;2025-12-21;23;189
7;2025-12-22;0;63
7;2025-12-22;1;11
7;2025-12-22;2;0
7;2025-12-22;3;0
7;2025-12-22;4;1
7;2025-12-22;5;201
7;2025-12-22;6;652
7;2025-12-22;7;1690
7;2025-12-22;8;2628
7;2025-12-22;9;1875
7;2025-12-22;10;1563
7;2025-12-22;11;1509
7;2025-12-22;12;1518
7;2025-12-22;13;1536
7;2025-12-22;14;1534
7;2025-12-22;15;1750
7;2025-12-22;16;1833
7;2025-12-22;17;2360
7;2025-12-22;18;2592
7;2025-12-22;19;1744
7;2025-12-22;20;1038
7;2025-12-22;21;609
7;2025-12-22;22;287
7;2025-12-22;23;154
7;2025-12-23;0;59
7;2025-12-23;1;11
7;2025-12-23;2;0
7;2025-12-23;3;0
7;2025-12-23;4;1
7;2025-12-23;5;202
7;2025-12-23;6;665
7;2025-12-23;7;1688
7;2025-12-23;8;2536
7;2025-12-23;9;1917
7;2025-12-23;10;1665
7;2025-12-23;11;1546
7;2025-12-23;12;1648
7;2025-12-23;13;1587
7;2025-12-23;14;1665
7;2025-12-23;15;1771
7;2025-12-23;16;1890
7;2025-12-23;17;2390
7;2025-12-23;18;2580
7;2025-12-23;19;1756
7;2025-12-23;20;1033
7;2025-12-23;21;652
7;2025-12-23;22;322
7;2025-12-23;23;187
7;2025-12-24;0;59
7;2025-12-24;1;12
7;2025-12-24;2;0
7;2025-12-24;3;0
7;2025-12-24;4;1
7;2025-12-24;5;211
7;2025-12-24;6;669
7;2025-12-24;7;1695
7;2025-12-24;8;2539
7;2025-12-24;9;1923
7;2025-12-24;10;1670
7;2025-12-24;11;1577
7;2025-12-24;12;1677
7;2025-12-24;13;1597
7;2025-12-24;14;1674
7;2025-12-24;15;1776
7;2025-12-24;16;1897
7;2025-12-24;17;2398
7;2025-12-24;18;2586
7;2025-12-24;19;1760
7;2025-12-24;20;1040
7;2025-12-24;21;659
7;2025-12-24;22;326
7;2025-12-24;23;194
7;2025-12-25;0;60
7;2025-12-25;1;12
7;2025-12-25;2;0
7;2025-12-25;3;0
7;2025-12-25;4;1
7;2025-12-25;5;197
7;2025-12-25;6;657
7;2025-12-25;7;1676
7;2025-12-25;8;2521
7;2025-12-25;9;1906
7;2025-12-25;10;1650
7;2025-12-25;11;1558
7;2025-12-25;12;1667
7;2025-12-25;13;1592
7;2025-12-25;14;1675
7;2025-12-25;15;1767
7;2025-12-25;16;1890
7;2025-12-25;17;2391
7;2025-12-25;18;2578
7;2025-12-25;19;1756
7;2025-12-25;20;1034
7;2025-12-25;21;653
7;2025-12-25;22;326
7;2025-12-25;23;198
7;2025-12-26;0;70
7;2025-12-26;1;15
7;2025-12-26;2;1
7;2025-12-26;3;0
7;2025-12-26;4;1
7;2025-12-26;5;185
7;2025-12-26;6;640
7;2025-12-26;7;1582
7;2025-12-26;8;2399
7;2025-12-26;9;1828
7;2025-12-26;10;1663
7;2025-12-26;11;1586
7;2025-12-26;12;1650
7;2025-12-26;13;1664
7;2025-12-26;14;1689
7;2025-12-26;15;1884
7;2025-12-26;16;2072
7;2025-12-26;17;2290
7;2025-12-26;18;2090
7;2025-12-26;19;1568
7;2025-12-26;20;993
7;2025-12-26;21;617
7;2025-12-26;22;327
7;2025-12-26;23;229
7;2025-12-27;0;97
7;2025-12-27;1;22
7;2025-12-27;2;0
7;2025-12-27;3;0
7;2025-12-27;4;1
7;2025-12-27;5;69
7;2025-12-27;6;282
7;2025-12-27;7;487
7;2025-12-27;8;697
7;2025-12-27;9;826
7;2025-12-27;10;828
7;2025-12-27;11;943
7;2025-12-27;12;1025
7;2025-12-27;13;1112
7;2025-12-27;14;1128
7;2025-12-27;15;1121
7;2025-12-27;16;1064
7;2025-12-27;17;1001
7;2025-12-27;18;1073
7;2025-12-27;19;994
7;2025-12-27;20;746
7;2025-12-27;21;606
7;2025-12-27;22;316
7;2025-12-27;23;234
7;2025-12-28;0;104
7;2025-12-28;1;11
7;2025-12-28;2;0
7;2025-12-28;3;0
7;2025-12-28;4;1
7;2025-12-28;5;22
7;2025-12-28;6;203
7;2025-12-28;7;345
7;2025-12-28;8;553
7;2025-12-28;9;643
7;2025-12-28;10;664
7;2025-12-28;11;937
7;2025-12-28;12;921
7;2025-12-28;13;993
7;2025-12-28;14;1045
7;2025-12-28;15;1071
7;2025-12-28;16;990
7;2025-12-28;17;1040
7;2025-12-28;18;999
7;2025-12-28;19;901
7;2025-12-28;20;724
7;2025-12-28;21;545
7;2025-12-28;22;309
7;2025-12-28;23;193
7;2025-12-29;0;58
7;2025-12-29;1;11
7;2025-12-29;2;0
7;2025-12-29;3;0
7;2025-12-29;4;1
7;2025-12-29;5;183
7;2025-12-29;6;597
7;2025-12-29;7;1556
7;2025-12-29;8;2417
7;2025-12-29;9;1731
7;2025-12-29;10;1425
7;2025-12-29;11;1375
7;2025-12-29;12;1388
7;2025-12-29;13;1412
7;2025-12-29;14;1418
7;2025-12-29;15;1615
7;2025-12-29;16;1693
7;2025-12-29;17;2189
7;2025-12-29;18;2398
7;2025-12-29;19;1617
7;2025-12-29;20;961
7;2025-12-29;21;562
7;2025-12-29;22;271
7;2025-12-29;23;145
7;2025-12-30;0;54
7;2025-12-30;1;11
7;2025-12-30;2;0
7;2025-12-30;3;0
7;2025-12-30;4;1
7;2025-12-30;5;183
7;2025-12-30;6;610
7;2025-12-30;7;1554
7;2025-12-30;8;2335
7;2025-12-30;9;1771
7;2025-12-30;10;1529
7;2025-12-30;11;1447
7;2025-12-30;12;1532
7;2025-12-30;13;1477
7;2025-12-30;14;1547
7;2025-12-30;15;1628
7;2025-12-30;16;1750
7;2025-12-30;17;2210
7;2025-12-30;18;2382
7;2025-12-30;19;1628
7;2025-12-30;20;953
7;2025-12-30;21;602
7;2025-12-30;22;298
7;2025-12-30;23;172
7;2025-12-31;0;84
7;2025-12-31;1;9
7;2025-12-31;2;0
7;2025-12-31;3;0
7;2025-12-31;4;1
7;2025-12-31;5;20
7;2025-12-31;6;179
7;2025-12-31;7;290
7;2025-12-31;8;471
7;2025-12-31;9;583
7;2025-12-31;10;605
7;2025-12-31;11;779
7;2025-12-31;12;708
7;2025-12-31;13;762
7;2025-12-31;14;856
7;2025-12-31;15;865
7;2025-12-31;16;798
7;2025-12-31;17;776
7;2025-12-31;18;785
7;2025-12-31;19;722
7;2025-12-31;20;0
7;2025-12-31;21;0
7;2025-12-31;22;0
7;2025-12-31;23;0
11;2025-11-01;0;63
11;2025-11-01;1;2
11;2025-11-01;2;0
11;2025-11-01;3;0
11;2025-11-01;4;2
11;2025-11-01;5;241
11;2025-11-01;6;1237
11;2025-11-01;7;2183
11;2025-11-01;8;2882
11;2025-11-01;9;2141
11;2025-11-01;10;1779
11;2025-11-01;11;1702
11;2025-11-01;12;1816
11;2025-11-01;13;1827
11;2025-11-01;14;1917
11;2025-11-01;15;2007
11;2025-11-01;16;2200
11;2025-11-01;17;2570
11;2025-11-01;18;2325
11;2025-11-01;19;1856
11;2025-11-01;20;1298
11;2025-11-01;21;786
11;2025-11-01;22;370
11;2025-11-01;23;274
11;2025-11-02;0;105
11;2025-11-02;1;12
11;2025-11-02;2;0
11;2025-11-02;3;0
11;2025-11-02;4;2
11;2025-11-02;5;121
11;2025-11-02;6;452
11;2025-11-02;7;465
11;2025-11-02;8;663
11;2025-11-02;9;900
11;2025-11-02;10;998
11;2025-11-02;11;1390
11;2025-11-02;12;1506
11;2025-11-02;13;1468
11;2025-11-02;14;1548
11;2025-11-02;15;1553
11;2025-11-02;16;1592
11;2025-11-02;17;1656
11;2025-11-02;18;1298
11;2025-11-02;19;1048
11;2025-11-02;20;860
11;2025-11-02;21;591
11;2025-11-02;22;361
11;2025-11-02;23;227
11;2025-11-03;0;94
11;2025-11-03;1;11
11;2025-11-03;2;0
11;2025-11-03;3;0
11;2025-11-03;4;1
11;2025-11-03;5;131
11;2025-11-03;6;478
11;2025-11-03;7;487
11;2025-11-03;8;658
11;2025-11-03;9;870
11;2025-11-03;10;966
11;2025-11-03;11;1307
11;2025-11-03;12;1377
11;2025-11-03;13;1358
11;2025-11-03;14;1474
11;2025-11-03;15;1424
11;2025-11-03;16;1391
11;2025-11-03;17;1500
11;2025-11-03;18;1249
11;2025-11-03;19;1006
11;2025-11-03;20;856
11;2025-11-03;21;589
11;2025-11-03;22;361
11;2025-11-03;23;228
11;2025-11-04;0;93
11;2025-11-04;1;10
11;2025-11-04;2;0
11;2025-11-04;3;0
11;2025-11-04;4;1
11;2025-11-04;5;130
11;2025-11-04;6;470
11;2025-11-04;7;476
11;2025-11-04;8;641
11;2025-11-04;9;852
11;2025-11-04;10;976
11;2025-11-04;11;1321
11;2025-11-04;12;1383
11;2025-11-04;13;1357
11;2025-11-04;14;1431
11;2025-11-04;15;1506
11;2025-11-04;16;1415
11;2025-11-04;17;1497
11;2025-11-04;18;1257
11;2025-11-04;19;1045
11;2025-11-04;20;839
11;2025-11-04;21;590
11;2025-11-04;22;352
11;2025-11-04;23;230
11;2025-11-05;0;59
11;2025-11-05;1;1
11;2025-11-05;2;0
11;2025-11-05;3;0
11;2025-11-05;4;1
11;2025-11-05;5;271
11;2025-11-05;6;1355
11;2025-11-05;7;2496
11;2025-11-05;8;3253
11;2025-11-05;9;2492
11;2025-11-05;10;2031
11;2025-11-05;11;1967
11;2025-11-05;12;2002
11;2025-11-05;13;2059
11;2025-11-05;14;2099
11;2025-11-05;15;2058
11;2025-11-05;16;2261
11;2025-11-05;17;2833
11;2025-11-05;18;3142
11;2025-11-05;19;2317
11;2025-11-05;20;1497
11;2025-11-05;21;854
11;2025-11-05;22;423
11;2025-11-05;23;237
11;2025-11-06;0;60
11;2025-11-06;1;1
11;2025-11-06;2;0
11;2025-11-06;3;0
11;2025-11-06;4;1
11;2025-11-06;5;269
11;2025-11-06;6;1349
11;2025-11-06;7;2486
11;2025-11-06;8;3250
11;2025-11-06;9;2490
11;2025-11-06;10;2029
11;2025-11-06;11;1969
11;2025-11-06;12;2008
11;2025-11-06;13;2065
11;2025-11-06;14;2093
11;2025-11-06;15;2068
11;2025-11-06;16;2268
11;2025-11-06;17;2851
11;2025-11-06;18;3118
11;2025-11-06;19;2331
11;2025-11-06;20;1505
11;2025-11-06;21;862
11;2025-11-06;22;430
11;2025-11-06;23;247
11;2025-11-07;0;67
11;2025-11-07;1;2
11;2025-11-07;2;0
11;2025-11-07;3;0
11;2025-11-07;4;2
11;2025-11-07;5;257
11;2025-11-07;6;1325
11;2025-11-07;7;2342
11;2025-11-07;8;3101
11;2025-11-07;9;2297
11;2025-11-07;10;1915
11;2025-11-07;11;1819
11;2025-11-07;12;1945
11;2025-11-07;13;1947
11;2025-11-07;14;2054
11;2025-11-07;15;2155
11;2025-11-07;16;2354
11;2025-11-07;17;2769
11;2025-11-07;18;2485
11;2025-11-07;19;1977
11;2025-11-07;20;1384
11;2025-11-07;21;837
11;2025-11-07;22;392
11;2025-11-07;23;299
11;2025-11-08;0;106
11;2025-11-08;1;2
11;2025-11-08;2;0
11;2025-11-08;3;0
11;2025-11-08;4;2
11;2025-11-08;5;175
11;2025-11-08;6;776
11;2025-11-08;7;789
11;2025-11-08;8;1021
11;2025-11-08;9;1158
11;2025-11-08;10;1306
11;2025-11-08;11;1620
11;2025-11-08;12;1817
11;2025-11-08;13;1751
11;2025-11-08;14;1868
11;2025-11-08;15;1836
11;2025-11-08;16;1761
11;2025-11-08;17;1803
11;2025-11-08;18;1529
11;2025-11-08;19;1498
11;2025-11-08;20;1016
11;2025-11-08;21;744
11;2025-11-08;22;435
11;2025-11-08;23;296
11;2025-11-09;0;106
11;2025-11-09;1;12
11;2025-11-09;2;0
11;2025-11-09;3;0
11;2025-11-09;4;2
11;2025-11-09;5;120
11;2025-11-09;6;456
11;2025-11-09;7;468
11;2025-11-09;8;648
11;2025-11-09;9;906
11;2025-11-09;10;1052
11;2025-11-09;11;1448
11;2025-11-09;12;1599
11;2025-11-09;13;1580
11;2025-11-09;14;1578
11;2025-11-09;15;1553
11;2025-11-09;16;1502
11;2025-11-09;17;1575
11;2025-11-09;18;1305
11;2025-11-09;19;1047
11;2025-11-09;20;860
11;2025-11-09;21;591
11;2025-11-09;22;346
11;2025-11-09;23;225
11;2025-11-10;0;73
11;2025-11-10;1;9
11;2025-11-10;2;0
11;2025-11-10;3;0
11;2025-11-10;4;1
11;2025-11-10;5;272
11;2025-11-10;6;1384
11;2025-11-10;7;2439
11;2025-11-10;8;3160
11;2025-11-10;9;2424
11;2025-11-10;10;1871
11;2025-11-10;11;1849
11;2025-11-10;12;1813
11;2025-11-10;13;1911
11;2025-11-10;14;1983
11;2025-11-10;15;2106
11;2025-11-10;16;2259
11;2025-11-10;17;2845
11;2025-11-10;18;3052
11;2025-11-10;19;2247
11;2025-11-10;20;1331
11;2025-11-10;21;808
11;2025-11-10;22;369
11;2025-11-10;23;210
11;2025-11-11;0;59
11;2025-11-11;1;1
11;2025-11-11;2;0
11;2025-11-11;3;0
11;2025-11-11;4;1
11;2025-11-11;5;273
11;2025-11-11;6;1357
11;2025-11-11;7;2497
11;2025-11-11;8;3263
11;2025-11-11;9;2495
11;2025-11-11;10;2025
11;2025-11-11;11;1960
11;2025-11-11;12;1983
11;2025-11-11;13;2051
11;2025-11-11;14;2095
11;2025-11-11;15;2058
11;2025-11-11;16;2268
11;2025-11-11;17;2863
11;2025-11-11;18;3155
11;2025-11-11;19;2332
11;2025-11-11;20;1504
11;2025-11-11;21;860
11;2025-11-11;22;426
11;2025-11-11;23;232
11;2025-11-12;0;60
11;2025-11-12;1;1
11;2025-11-12;2;0
11;2025-11-12;3;0
11;2025-11-12;4;2
11;2025-11-12;5;273
11;2025-11-12;6;1357
11;2025-11-12;7;2487
11;2025-11-12;8;3257
11;2025-11-12;9;2495
11;2025-11-12;10;2026
11;2025-11-12;11;1966
11;2025-11-12;12;1989
11;2025-11-12;13;2055
11;2025-11-12;14;2092
11;2025-11-12;15;2057
11;2025-11-12;16;2268
11;2025-11-12;17;2862
11;2025-11-12;18;3150
11;2025-11-12;19;2334
11;2025-11-12;20;1504
11;2025-11-12;21;859
11;2025-11-12;22;430
11;2025-11-12;23;242
11;2025-11-13;0;60
11;2025-11-13;1;1
11;2025-11-13;2;0
11;2025-11-13;3;0
11;2025-11-13;4;2
11;2025-11-13;5;270
11;2025-11-13;6;1349
11;2025-11-13;7;2490
11;2025-11-13;8;3250
11;2025-11-13;9;2490
11;2025-11-13;10;2028
11;2025-11-13;11;1973
11;2025-11-13;12;2001
11;2025-11-13;13;2065
11;2025-11-13;14;2102
11;2025-11-13;15;2082
11;2025-11-13;16;2285
11;2025-11-13;17;2883
11;2025-11-13;18;3150
11;2025-11-13;19;2328
11;2025-11-13;20;1500
11;2025-11-13;21;858
11;2025-11-13;22;428
11;2025-11-13;23;248
11;2025-11-14;0;67
11;2025-11-14;1;1
11;2025-11-14;2;0
11;2025-11-14;3;0
11;2025-11-14;4;3
11;2025-11-14;5;264
11;2025-11-14;6;1331
11;2025-11-14;7;2337
11;2025-11-14;8;3102
11;2025-11-14;9;2301
11;2025-11-14;10;1912
11;2025-11-14;11;1816
11;2025-11-14;12;1930
11;2025-11-14;13;1937
11;2025-11-14;14;2038
11;2025-11-14;15;2139
11;2025-11-14;16;2341
11;2025-11-14;17;2760
11;2025-11-14;18;2494
11;2025-11-14;19;1978
11;2025-11-14;20;1388
11;2025-11-14;21;839
11;2025-11-14;22;405
11;2025-11-14;23;302
11;2025-11-15;0;106
11;2025-11-15;1;2
11;2025-11-15;2;0
11;2025-11-15;3;0
11;2025-11-15;4;2
11;2025-11-15;5;176
11;2025-11-15;6;775
11;2025-11-15;7;787
11;2025-11-15;8;1023
11;2025-11-15;9;1166
11;2025-11-15;10;1317
11;2025-11-15;11;1599
11;2025-11-15;12;1790
11;2025-11-15;13;1722
11;2025-11-15;14;1851
11;2025-11-15;15;1807
11;2025-11-15;16;1731
11;2025-11-15;17;1773
11;2025-11-15;18;1491
11;2025-11-15;19;1431
11;2025-11-15;20;1028
11;2025-11-15;21;722
11;2025-11-15;22;417
11;2025-11-15;23;290
11;2025-11-16;0;104
11;2025-11-16;1;11
11;2025-11-16;2;0
11;2025-11-16;3;0
11;2025-11-16;4;1
11;2025-11-16;5;111
11;2025-11-16;6;448
11;2025-11-16;7;460
11;2025-11-16;8;640
11;2025-11-16;9;898
11;2025-11-16;10;998
11;2025-11-16;11;1389
11;2025-11-16;12;1516
11;2025-11-16;13;1451
11;2025-11-16;14;1560
11;2025-11-16;15;1532
11;2025-11-16;16;1471
11;2025-11-16;17;1566
11;2025-11-16;18;1281
11;2025-11-16;19;1035
11;2025-11-16;20;849
11;2025-11-16;21;565
11;2025-11-16;22;339
11;2025-11-16;23;223
11;2025-11-17;0;73
11;2025-11-17;1;8
11;2025-11-17;2;0
11;2025-11-17;3;0
11;2025-11-17;4;3
11;2025-11-17;5;280
11;2025-11-17;6;1388
11;2025-11-17;7;2450
11;2025-11-17;8;3174
11;2025-11-17;9;2438
11;2025-11-17;10;1873
11;2025-11-17;11;1869
11;2025-11-17;12;1832
11;2025-11-17;13;1909
11;2025-11-17;14;1992
11;2025-11-17;15;2115
11;2025-11-17;16;2261
11;2025-11-17;17;2847
11;2025-11-17;18;3050
11;2025-11-17;19;2243
11;2025-11-17;20;1331
11;2025-11-17;21;809
11;2025-11-17;22;368
11;2025-11-17;23;207
11;2025-11-18;0;59
11;2025-11-18;1;0
11;2025-11-18;2;0
11;2025-11-18;3;0
11;2025-11-18;4;2
11;2025-11-18;5;275
11;2025-11-18;6;1360
11;2025-11-18;7;2502
11;2025-11-18;8;3266
11;2025-11-18;9;2506
11;2025-11-18;10;2028
11;2025-11-18;11;1969
11;2025-11-18;12;1989
11;2025-11-18;13;2052
11;2025-11-18;14;2091
11;2025-11-18;15;2052
11;2025-11-18;16;2261
11;2025-11-18;17;2858
11;2025-11-18;18;3146
11;2025-11-18;19;2331
11;2025-11-18;20;1501
11;2025-11-18;21;857
11;2025-11-18;22;423
11;2025-11-18;23;230
11;2025-11-19;0;60
11;2025-11-19;1;1
11;2025-11-19;2;0
11;2025-11-19;3;0
11;2025-11-19;4;2
11;2025-11-19;5;274
11;2025-11-19;6;1358
11;2025-11-19;7;2498
11;2025-11-19;8;3257
11;2025-11-19;9;2499
11;2025-11-19;10;2027
11;2025-11-19;11;1972
11;2025-11-19;12;1995
11;2025-11-19;13;2057
11;2025-11-19;14;2098
11;2025-11-19;15;2057
11;2025-11-19;16;2266
11;2025-11-19;17;2860
11;2025-11-19;18;3148
11;2025-11-19;19;2336
11;2025-11-19;20;1505
11;2025-11-19;21;861
11;2025-11-19;22;428
11;2025-11-19;23;240
11;2025-11-20;0;60
11;2025-11-20;1;1
11;2025-11-20;2;0
11;2025-11-20;3;0
11;2025-11-20;4;2
11;2025-11-20;5;272
11;2025-11-20;6;1355
11;2025-11-20;7;2480
11;2025-11-20;8;3245
11;2025-11-20;9;2492
11;2025-11-20;10;2032
11;2025-11-20;11;1974
11;2025-11-20;12;2001
11;2025-11-20;13;2058
11;2025-11-20;14;2101
11;2025-11-20;15;2062
11;2025-11-20;16;2270
11;2025-11-20;17;2860
11;2025-11-20;18;3142
11;2025-11-20;19;2324
11;2025-11-20;20;1498
11;2025-11-20;21;856
11;2025-11-20;22;426
11;2025-11-20;23;243
11;2025-11-21;0;67
11;2025-11-21;1;1
11;2025-11-21;2;0
11;2025-11-21;3;0
11;2025-11-21;4;2
11;2025-11-21;5;270
11;2025-11-21;6;1338
11;2025-11-21;7;2357
11;2025-11-21;8;3113
11;2025-11-21;9;2313
11;2025-11-21;10;1927
11;2025-11-21;11;1822
11;2025-11-21;12;1940
11;2025-11-21;13;1941
11;2025-11-21;14;2045
11;2025-11-21;15;2145
11;2025-11-21;16;2345
11;2025-11-21;17;2762
11;2025-11-21;18;2483
11;2025-11-21;19;1968
11;2025-11-21;20;1383
11;2025-11-21;21;836
11;2025-11-21;22;395
11;2025-11-21;23;302
11;2025-11-22;0;106
11;2025-11-22;1;2
11;2025-11-22;2;0
11;2025-11-22;3;0
11;2025-11-22;4;3
11;2025-11-22;5;173
11;2025-11-22;6;775
11;2025-11-22;7;786
11;2025-11-22;8;1026
11;2025-11-22;9;1146
11;2025-11-22;10;1175
11;2025-11-22;11;1586
11;2025-11-22;12;1761
11;2025-11-22;13;1723
11;2025-11-22;14;1853
11;2025-11-22;15;1785
11;2025-11-22;16;1712
11;2025-11-22;17;1749
11;2025-11-22;18;1472
11;2025-11-22;19;1410
11;2025-11-22;20;1012
11;2025-11-22;21;709
11;2025-11-22;22;411
11;2025-11-22;23;283
11;2025-11-23;0;104
11;2025-11-23;1;11
11;2025-11-23;2;0
11;2025-11-23;3;0
11;2025-11-23;4;1
11;2025-11-23;5;118
11;2025-11-23;6;454
11;2025-11-23;7;461
11;2025-11-23;8;637
11;2025-11-23;9;811
11;2025-11-23;10;888
11;2025-11-23;11;1367
11;2025-11-23;12;1455
11;2025-11-23;13;1413
11;2025-11-23;14;1491
11;2025-11-23;15;1477
11;2025-11-23;16;1437
11;2025-11-23;17;1516
11;2025-11-23;18;1199
11;2025-11-23;19;973
11;2025-11-23;20;823
11;2025-11-23;21;565
11;2025-11-23;22;338
11;2025-11-23;23;225
11;2025-11-24;0;72
11;2025-11-24;1;9
11;2025-11-24;2;0
11;2025-11-24;3;0
11;2025-11-24;4;3
11;2025-11-24;5;280
11;2025-11-24;6;1386
11;2025-11-24;7;2441
11;2025-11-24;8;3164
11;2025-11-24;9;2421
11;2025-11-24;10;1869
11;2025-11-24;11;1857
11;2025-11-24;12;1818
11;2025-11-24;13;1895
11;2025-11-24;14;1961
11;2025-11-24;15;2089
11;2025-11-24;16;2264
11;2025-11-24;17;2850
11;2025-11-24;18;3051
11;2025-11-24;19;2250
11;2025-11-24;20;1335
11;2025-11-24;21;814
11;2025-11-24;22;372
11;2025-11-24;23;218
11;2025-11-25;0;59
11;2025-11-25;1;1
11;2025-11-25;2;0
11;2025-11-25;3;0
11;2025-11-25;4;2
11;2025-11-25;5;273
11;2025-11-25;6;1356
11;2025-11-25;7;2496
11;2025-11-25;8;3261
11;2025-11-25;9;2491
11;2025-11-25;10;2019
11;2025-11-25;11;1961
11;2025-11-25;12;1985
11;2025-11-25;13;2055
11;2025-11-25;14;2084
11;2025-11-25;15;2045
11;2025-11-25;16;2267
11;2025-11-25;17;2855
11;2025-11-25;18;3178
11;2025-11-25;19;2334
11;2025-11-25;20;1503
11;2025-11-25;21;858
11;2025-11-25;22;424
11;2025-11-25;23;231
11;2025-11-26;0;59
11;2025-11-26;1;1
11;2025-11-26;2;0
11;2025-11-26;3;0
11;2025-11-26;4;2
11;2025-11-26;5;274
11;2025-11-26;6;1359
11;2025-11-26;7;2499
11;2025-11-26;8;3275
11;2025-11-26;9;2499
11;2025-11-26;10;2029
11;2025-11-26;11;1967
11;2025-11-26;12;1988
11;2025-11-26;13;2044
11;2025-11-26;14;2084
11;2025-11-26;15;2046
11;2025-11-26;16;2258
11;2025-11-26;17;2852
11;2025-11-26;18;3135
11;2025-11-26;19;2331
11;2025-11-26;20;1502
11;2025-11-26;21;861
11;2025-11-26;22;432
11;2025-11-26;23;244
11;2025-11-27;0;60
11;2025-11-27;1;1
11;2025-11-27;2;0
11;2025-11-27;3;0
11;2025-11-27;4;2
11;2025-11-27;5;283
11;2025-11-27;6;1365
11;2025-11-27;7;2483
11;2025-11-27;8;3245
11;2025-11-27;9;2505
11;2025-11-27;10;2035
11;2025-11-27;11;1979
11;2025-11-27;12;1997
11;2025-11-27;13;2055
11;2025-11-27;14;2096
11;2025-11-27;15;2072
11;2025-11-27;16;2265
11;2025-11-27;17;2857
11;2025-11-27;18;3138
11;2025-11-27;19;2325
11;2025-11-27;20;1500
11;2025-11-27;21;857
11;2025-11-27;22;429
11;2025-11-27;23;241
11;2025-11-28;0;67
11;2025-11-28;1;1
11;2025-11-28;2;0
11;2025-11-28;3;0
11;2025-11-28;4;2
11;2025-11-28;5;270
11;2025-11-28;6;1338
11;2025-11-28;7;2355
11;2025-11-28;8;3109
11;2025-11-28;9;2308
11;2025-11-28;10;1924
11;2025-11-28;11;1824
11;2025-11-28;12;1927
11;2025-11-28;13;1930
11;2025-11-28;14;2032
11;2025-11-28;15;2137
11;2025-11-28;16;2335
11;2025-11-28;17;2765
11;2025-11-28;18;2504
11;2025-11-28;19;1988
11;2025-11-28;20;1408
11;2025-11-28;21;861
11;2025-11-28;22;414
11;2025-11-28;23;315
11;2025-11-29;0;107
11;2025-11-29;1;3
11;2025-11-29;2;0
11;2025-11-29;3;0
11;2025-11-29;4;2
11;2025-11-29;5;145
11;2025-11-29;6;741
11;2025-11-29;7;752
11;2025-11-29;8;982
11;2025-11-29;9;1092
11;2025-11-29;10;1297
11;2025-11-29;11;1677
11;2025-11-29;12;1867
11;2025-11-29;13;1809
11;2025-11-29;14;1853
11;2025-11-29;15;1807
11;2025-11-29;16;1736
11;2025-11-29;17;1776
11;2025-11-29;18;1481
11;2025-11-29;19;1413
11;2025-11-29;20;1016
11;2025-11-29;21;713
11;2025-11-29;22;408
11;2025-11-29;23;286
11;2025-11-30;0;105
11;2025-11-30;1;11
11;2025-11-30;2;0
11;2025-11-30;3;0
11;2025-11-30;4;1
11;2025-11-30;5;114
11;2025-11-30;6;450
11;2025-11-30;7;466
11;2025-11-30;8;657
11;2025-11-30;9;888
11;2025-11-30;10;981
11;2025-11-30;11;1372
11;2025-11-30;12;1448
11;2025-11-30;13;1409
11;2025-11-30;14;1492
11;2025-11-30;15;1352
11;2025-11-30;16;1445
11;2025-11-30;17;1520
11;2025-11-30;18;1206
11;2025-11-30;19;981
11;2025-11-30;20;824
11;2025-11-30;21;566
11;2025-11-30;22;340
11;2025-11-30;23;226
11;2025-12-01;0;72
11;2025-12-01;1;9
11;2025-12-01;2;0
11;2025-12-01;3;0
11;2025-12-01;4;3
11;2025-12-01;5;277
11;2025-12-01;6;1381
11;2025-12-01;7;2437
11;2025-12-01;8;3160
11;2025-12-01;9;2420
11;2025-12-01;10;1873
11;2025-12-01;11;1852
11;2025-12-01;12;1816
11;2025-12-01;13;1905
11;2025-12-01;14;1974
11;2025-12-01;15;2098
11;2025-12-01;16;2267
11;2025-12-01;17;2853
11;2025-12-01;18;3054
11;2025-12-01;19;2253
11;2025-12-01;20;1338
11;2025-12-01;21;811
11;2025-12-01;22;371
11;2025-12-01;23;211
11;2025-12-02;0;59
11;2025-12-02;1;0
11;2025-12-02;2;0
11;2025-12-02;3;0
11;2025-12-02;4;2
11;2025-12-02;5;272
11;2025-12-02;6;1355
11;2025-12-02;7;2493
11;2025-12-02;8;3257
11;2025-12-02;9;2486
11;2025-12-02;10;2008
11;2025-12-02;11;1948
11;2025-12-02;12;1968
11;2025-12-02;13;2043
11;2025-12-02;14;2084
11;2025-12-02;15;2042
11;2025-12-02;16;2252
11;2025-12-02;17;2853
11;2025-12-02;18;3144
11;2025-12-02;19;2331
11;2025-12-02;20;1504
11;2025-12-02;21;853
11;2025-12-02;22;419
11;2025-12-02;23;226
11;2025-12-03;0;59
11;2025-12-03;1;0
11;2025-12-03;2;0
11;2025-12-03;3;0
11;2025-12-03;4;2
11;2025-12-03;5;272
11;2025-12-03;6;1355
11;2025-12-03;7;2494
11;2025-12-03;8;3254
11;2025-12-03;9;2488
11;2025-12-03;10;2015
11;2025-12-03;11;1963
11;2025-12-03;12;1983
11;2025-12-03;13;2037
11;2025-12-03;14;2081
11;2025-12-03;15;2042
11;2025-12-03;16;2263
11;2025-12-03;17;2857
11;2025-12-03;18;3144
11;2025-12-03;19;2319
11;2025-12-03;20;1499
11;2025-12-03;21;857
11;2025-12-03;22;426
11;2025-12-03;23;240
11;2025-12-04;0;60
11;2025-12-04;1;1
11;2025-12-04;2;0
11;2025-12-04;3;0
11;2025-12-04;4;2
11;2025-12-04;5;272
11;2025-12-04;6;1356
11;2025-12-04;7;2492
11;2025-12-04;8;3250
11;2025-12-04;9;2487
11;2025-12-04;10;2023
11;2025-12-04;11;1971
11;2025-12-04;12;1996
11;2025-12-04;13;2054
11;2025-12-04;14;2087
11;2025-12-04;15;2052
11;2025-12-04;16;2276
11;2025-12-04;17;2865
11;2025-12-04;18;3147
11;2025-12-04;19;2327
11;2025-12-04;20;1504
11;2025-12-04;21;863
11;2025-12-04;22;432
11;2025-12-04;23;248
11;2025-12-05;0;67
11;2025-12-05;1;2
11;2025-12-05;2;0
11;2025-12-05;3;0
11;2025-12-05;4;3
11;2025-12-05;5;270
11;2025-12-05;6;1338
11;2025-12-05;7;2355
11;2025-12-05;8;3107
11;2025-12-05;9;2298
11;2025-12-05;10;1914
11;2025-12-05;11;1818
11;2025-12-05;12;1925
11;2025-12-05;13;1935
11;2025-12-05;14;2038
11;2025-12-05;15;2143
11;2025-12-05;16;2343
11;2025-12-05;17;2759
11;2025-12-05;18;2506
11;2025-12-05;19;1987
11;2025-12-05;20;1395
11;2025-12-05;21;847
11;2025-12-05;22;402
11;2025-12-05;23;308
11;2025-12-06;0;107
11;2025-12-06;1;3
11;2025-12-06;2;0
11;2025-12-06;3;0
11;2025-12-06;4;3
11;2025-12-06;5;172
11;2025-12-06;6;777
11;2025-12-06;7;788
11;2025-12-06;8;993
11;2025-12-06;9;1099
11;2025-12-06;10;1253
11;2025-12-06;11;1575
11;2025-12-06;12;1752
11;2025-12-06;13;1705
11;2025-12-06;14;1837
11;2025-12-06;15;1805
11;2025-12-06;16;1732
11;2025-12-06;17;1772
11;2025-12-06;18;1507
11;2025-12-06;19;1448
11;2025-12-06;20;1034
11;2025-12-06;21;727
11;2025-12-06;22;417
11;2025-12-06;23;294
11;2025-12-07;0;106
11;2025-12-07;1;12
11;2025-12-07;2;0
11;2025-12-07;3;0
11;2025-12-07;4;1
11;2025-12-07;5;114
11;2025-12-07;6;425
11;2025-12-07;7;437
11;2025-12-07;8;617
11;2025-12-07;9;839
11;2025-12-07;10;892
11;2025-12-07;11;1367
11;2025-12-07;12;1458
11;2025-12-07;13;1431
11;2025-12-07;14;1515
11;2025-12-07;15;1503
11;2025-12-07;16;1470
11;2025-12-07;17;1541
11;2025-12-07;18;1227
11;2025-12-07;19;993
11;2025-12-07;20;834
11;2025-12-07;21;579
11;2025-12-07;22;349
11;2025-12-07;23;233
11;2025-12-08;0;73
11;2025-12-08;1;9
11;2025-12-08;2;0
11;2025-12-08;3;0
11;2025-12-08;4;3
11;2025-12-08;5;275
11;2025-12-08;6;1381
11;2025-12-08;7;2437
11;2025-12-08;8;3158
11;2025-12-08;9;2416
11;2025-12-08;10;1873
11;2025-12-08;11;1860
11;2025-12-08;12;1821
11;2025-12-08;13;1914
11;2025-12-08;14;1984
11;2025-12-08;15;2113
11;2025-12-08;16;2277
11;2025-12-08;17;2854
11;2025-12-08;18;3054
11;2025-12-08;19;2260
11;2025-12-08;20;1343
11;2025-12-08;21;818
11;2025-12-08;22;375
11;2025-12-08;23;216
11;2025-12-09;0;59
11;2025-12-09;1;1
11;2025-12-09;2;0
11;2025-12-09;3;0
11;2025-12-09;4;3
11;2025-12-09;5;262
11;2025-12-09;6;1345
11;2025-12-09;7;2492
11;2025-12-09;8;3266
11;2025-12-09;9;2495
11;2025-12-09;10;1998
11;2025-12-09;11;1947
11;2025-12-09;12;1968
11;2025-12-09;13;2037
11;2025-12-09;14;2078
11;2025-12-09;15;2046
11;2025-12-09;16;2257
11;2025-12-09;17;2853
11;2025-12-09;18;3144
11;2025-12-09;19;2331
11;2025-12-09;20;1497
11;2025-12-09;21;853
11;2025-12-09;22;419
11;2025-12-09;23;226
11;2025-12-10;0;59
11;2025-12-10;1;1
11;2025-12-10;2;0
11;2025-12-10;3;0
11;2025-12-10;4;2
11;2025-12-10;5;272
11;2025-12-10;6;1356
11;2025-12-10;7;2494
11;2025-12-10;8;3255
11;2025-12-10;9;2488
11;2025-12-10;10;2013
11;2025-12-10;11;1957
11;2025-12-10;12;1978
11;2025-12-10;13;2042
11;2025-12-10;14;2088
11;2025-12-10;15;2053
11;2025-12-10;16;2257
11;2025-12-10;17;2852
11;2025-12-10;18;3143
11;2025-12-10;19;2331
11;2025-12-10;20;1499
11;2025-12-10;21;856
11;2025-12-10;22;425
11;2025-12-10;23;240
11;2025-12-11;0;61
11;2025-12-11;1;1
11;2025-12-11;2;0
11;2025-12-11;3;0
11;2025-12-11;4;2
11;2025-12-11;5;273
11;2025-12-11;6;1356
11;2025-12-11;7;2492
11;2025-12-11;8;3250
11;2025-12-11;9;2486
11;2025-12-11;10;2021
11;2025-12-11;11;1966
11;2025-12-11;12;1996
11;2025-12-11;13;2059
11;2025-12-11;14;2101
11;2025-12-11;15;2066
11;2025-12-11;16;2270
11;2025-12-11;17;2860
11;2025-12-11;18;3142
11;2025-12-11;19;2327
11;2025-12-11;20;1505
11;2025-12-11;21;863
11;2025-12-11;22;431
11;2025-12-11;23;248
11;2025-12-12;0;67
11;2025-12-12;1;1
11;2025-12-12;2;0
11;2025-12-12;3;0
11;2025-12-12;4;3
11;2025-12-12;5;270
11;2025-12-12;6;1338
11;2025-12-12;7;2355
11;2025-12-12;8;3107
11;2025-12-12;9;2298
11;2025-12-12;10;1914
11;2025-12-12;11;1818
11;2025-12-12;12;1927
11;2025-12-12;13;1926
11;2025-12-12;14;2032
11;2025-12-12;15;2140
11;2025-12-12;16;2343
11;2025-12-12;17;2761
11;2025-12-12;18;2503
11;2025-12-12;19;1984
11;2025-12-12;20;1396
11;2025-12-12;21;847
11;2025-12-12;22;403
11;2025-12-12;23;306
11;2025-12-13;0;107
11;2025-12-13;1;2
11;2025-12-13;2;0
11;2025-12-13;3;0
11;2025-12-13;4;3
11;2025-12-13;5;176
11;2025-12-13;6;784
11;2025-12-13;7;796
11;2025-12-13;8;1029
11;2025-12-13;9;1160
11;2025-12-13;10;1304
11;2025-12-13;11;1505
11;2025-12-13;12;1773
11;2025-12-13;13;1712
11;2025-12-13;14;1843
11;2025-12-13;15;1801
11;2025-12-13;16;1725
11;2025-12-13;17;1765
11;2025-12-13;18;1506
11;2025-12-13;19;1437
11;2025-12-13;20;1028
11;2025-12-13;21;722
11;2025-12-13;22;413
11;2025-12-13;23;294
11;2025-12-14;0;105
11;2025-12-14;1;11
11;2025-12-14;2;0
11;2025-12-14;3;0
11;2025-12-14;4;1
11;2025-12-14;5;94
11;2025-12-14;6;428
11;2025-12-14;7;437
11;2025-12-14;8;617
11;2025-12-14;9;839
11;2025-12-14;10;978
11;2025-12-14;11;1369
11;2025-12-14;12;1458
11;2025-12-14;13;1431
11;2025-12-14;14;1515
11;2025-12-14;15;1497
11;2025-12-14;16;1470
11;2025-12-14;17;1541
11;2025-12-14;18;1228
11;2025-12-14;19;994
11;2025-12-14;20;835
11;2025-12-14;21;573
11;2025-12-14;22;344
11;2025-12-14;23;229
11;2025-12-15;0;73
11;2025-12-15;1;8
11;2025-12-15;2;0
11;2025-12-15;3;0
11;2025-12-15;4;3
11;2025-12-15;5;279
11;2025-12-15;6;1385
11;2025-12-15;7;2440
11;2025-12-15;8;3161
11;2025-12-15;9;2420
11;2025-12-15;10;1874
11;2025-12-15;11;1859
11;2025-12-15;12;1821
11;2025-12-15;13;1907
11;2025-12-15;14;1977
11;2025-12-15;15;2101
11;2025-12-15;16;2278
11;2025-12-15;17;2860
11;2025-12-15;18;3058
11;2025-12-15;19;2257
11;2025-12-15;20;1343
11;2025-12-15;21;817
11;2025-12-15;22;376
11;2025-12-15;23;216
11;2025-12-16;0;59
11;2025-12-16;1;1
11;2025-12-16;2;0
11;2025-12-16;3;0
11;2025-12-16;4;2
11;2025-12-16;5;271
11;2025-12-16;6;1354
11;2025-12-16;7;2494
11;2025-12-16;8;3259
11;2025-12-16;9;2489
11;2025-12-16;10;2010
11;2025-12-16;11;1948
11;2025-12-16;12;1968
11;2025-12-16;13;2043
11;2025-12-16;14;2084
11;2025-12-16;15;2048
11;2025-12-16;16;2258
11;2025-12-16;17;2854
11;2025-12-16;18;3139
11;2025-12-16;19;2326
11;2025-12-16;20;1502
11;2025-12-16;21;856
11;2025-12-16;22;424
11;2025-12-16;23;230
11;2025-12-17;0;60
11;2025-12-17;1;1
11;2025-12-17;2;0
11;2025-12-17;3;0
11;2025-12-17;4;3
11;2025-12-17;5;276
11;2025-12-17;6;1361
11;2025-12-17;7;2502
11;2025-12-17;8;3259
11;2025-12-17;9;2500
11;2025-12-17;10;2022
11;2025-12-17;11;1968
11;2025-12-17;12;1982
11;2025-12-17;13;2041
11;2025-12-17;14;2082
11;2025-12-17;15;2045
11;2025-12-17;16;2255
11;2025-12-17;17;2849
11;2025-12-17;18;3137
11;2025-12-17;19;2321
11;2025-12-17;20;1495
11;2025-12-17;21;860
11;2025-12-17;22;431
11;2025-12-17;23;240
11;2025-12-18;0;60
11;2025-12-18;1;0
11;2025-12-18;2;0
11;2025-12-18;3;0
11;2025-12-18;4;2
11;2025-12-18;5;271
11;2025-12-18;6;1362
11;2025-12-18;7;2492
11;2025-12-18;8;3250
11;2025-12-18;9;2487
11;2025-12-18;10;2023
11;2025-12-18;11;1966
11;2025-12-18;12;1996
11;2025-12-18;13;2059
11;2025-12-18;14;2101
11;2025-12-18;15;2065
11;2025-12-18;16;2276
11;2025-12-18;17;2865
11;2025-12-18;18;3147
11;2025-12-18;19;2327
11;2025-12-18;20;1505
11;2025-12-18;21;863
11;2025-12-18;22;432
11;2025-12-18;23;248
11;2025-12-19;0;67
11;2025-12-19;1;1
11;2025-12-19;2;0
11;2025-12-19;3;0
11;2025-12-19;4;3
11;2025-12-19;5;275
11;2025-12-19;6;1344
11;2025-12-19;7;2347
11;2025-12-19;8;3108
11;2025-12-19;9;2300
11;2025-12-19;10;1919
11;2025-12-19;11;1825
11;2025-12-19;12;1927
11;2025-12-19;13;1930
11;2025-12-19;14;2030
11;2025-12-19;15;2136
11;2025-12-19;16;2332
11;2025-12-19;17;2753
11;2025-12-19;18;2494
11;2025-12-19;19;1980
11;2025-12-19;20;1390
11;2025-12-19;21;842
11;2025-12-19;22;398
11;2025-12-19;23;303
11;2025-12-20;0;107
11;2025-12-20;1;2
11;2025-12-20;2;0
11;2025-12-20;3;0
11;2025-12-20;4;2
11;2025-12-20;5;174
11;2025-12-20;6;782
11;2025-12-20;7;795
11;2025-12-20;8;1031
11;2025-12-20;9;1166
11;2025-12-20;10;1335
11;2025-12-20;11;1600
11;2025-12-20;12;1777
11;2025-12-20;13;1711
11;2025-12-20;14;1841
11;2025-12-20;15;1801
11;2025-12-20;16;1727
11;2025-12-20;17;1765
11;2025-12-20;18;1590
11;2025-12-20;19;1460
11;2025-12-20;20;1022
11;2025-12-20;21;719
11;2025-12-20;22;414
11;2025-12-20;23;291
11;2025-12-21;0;106
11;2025-12-21;1;12
11;2025-12-21;2;0
11;2025-12-21;3;0
11;2025-12-21;4;2
11;2025-12-21;5;121
11;2025-12-21;6;461
11;2025-12-21;7;470
11;2025-12-21;8;649
11;2025-12-21;9;897
11;2025-12-21;10;998
11;2025-12-21;11;1475
11;2025-12-21;12;1497
11;2025-12-21;13;1430
11;2025-12-21;14;1512
11;2025-12-21;15;1494
11;2025-12-21;16;1460
11;2025-12-21;17;1533
11;2025-12-21;18;1210
11;2025-12-21;19;986
11;2025-12-21;20;831
11;2025-12-21;21;569
11;2025-12-21;22;341
11;2025-12-21;23;223
11;2025-12-22;0;73
11;2025-12-22;1;8
11;2025-12-22;2;0
11;2025-12-22;3;0
11;2025-12-22;4;3
11;2025-12-22;5;280
11;2025-12-22;6;1385
11;2025-12-22;7;2443
11;2025-12-22;8;3163
11;2025-12-22;9;2422
11;2025-12-22;10;1868
11;2025-12-22;11;1856
11;2025-12-22;12;1815
11;2025-12-22;13;1905
11;2025-12-22;14;1974
11;2025-12-22;15;2126
11;2025-12-22;16;2267
11;2025-12-22;17;2851
11;2025-12-22;18;3089
11;2025-12-22;19;2260
11;2025-12-22;20;1345
11;2025-12-22;21;820
11;2025-12-22;22;379
11;2025-12-22;23;218
11;2025-12-23;0;59
11;2025-12-23;1;0
11;2025-12-23;2;0
11;2025-12-23;3;0
11;2025-12-23;4;2
11;2025-12-23;5;276
11;2025-12-23;6;1359
11;2025-12-23;7;2502
11;2025-12-23;8;3267
11;2025-12-23;9;2504
11;2025-12-23;10;2023
11;2025-12-23;11;1958
11;2025-12-23;12;1983
11;2025-12-23;13;2054
11;2025-12-23;14;2099
11;2025-12-23;15;2044
11;2025-12-23;16;2253
11;2025-12-23;17;2851
11;2025-12-23;18;3142
11;2025-12-23;19;2329
11;2025-12-23;20;1500
11;2025-12-23;21;856
11;2025-12-23;22;425
11;2025-12-23;23;231
11;2025-12-24;0;59
11;2025-12-24;1;1
11;2025-12-24;2;0
11;2025-12-24;3;0
11;2025-12-24;4;2
11;2025-12-24;5;278
11;2025-12-24;6;1368
11;2025-12-24;7;2497
11;2025-12-24;8;3261
11;2025-12-24;9;2504
11;2025-12-24;10;2026
11;2025-12-24;11;1966
11;2025-12-24;12;1986
11;2025-12-24;13;2046
11;2025-12-24;14;2083
11;2025-12-24;15;2045
11;2025-12-24;16;2255
11;2025-12-24;17;2849
11;2025-12-24;18;3133
11;2025-12-24;19;2321
11;2025-12-24;20;1501
11;2025-12-24;21;860
11;2025-12-24;22;431
11;2025-12-24;23;244
11;2025-12-25;0;60
11;2025-12-25;1;0
11;2025-12-25;2;0
11;2025-12-25;3;0
11;2025-12-25;4;2
11;2025-12-25;5;275
11;2025-12-25;6;1358
11;2025-12-25;7;2494
11;2025-12-25;8;3252
11;2025-12-25;9;2489
11;2025-12-25;10;2023
11;2025-12-25;11;1966
11;2025-12-25;12;1996
11;2025-12-25;13;2059
11;2025-12-25;14;2101
11;2025-12-25;15;2060
11;2025-12-25;16;2270
11;2025-12-25;17;2860
11;2025-12-25;18;3142
11;2025-12-25;19;2327
11;2025-12-25;20;1505
11;2025-12-25;21;863
11;2025-12-25;22;432
11;2025-12-25;23;248
11;2025-12-26;0;67
11;2025-12-26;1;2
11;2025-12-26;2;0
11;2025-12-26;3;0
11;2025-12-26;4;3
11;2025-12-26;5;271
11;2025-12-26;6;1339
11;2025-12-26;7;2358
11;2025-12-26;8;3110
11;2025-12-26;9;2302
11;2025-12-26;10;1923
11;2025-12-26;11;1822
11;2025-12-26;12;1925
11;2025-12-26;13;1929
11;2025-12-26;14;2031
11;2025-12-26;15;2155
11;2025-12-26;16;2335
11;2025-12-26;17;2755
11;2025-12-26;18;2497
11;2025-12-26;19;1974
11;2025-12-26;20;1391
11;2025-12-26;21;844
11;2025-12-26;22;403
11;2025-12-26;23;310
11;2025-12-27;0;107
11;2025-12-27;1;3
11;2025-12-27;2;0
11;2025-12-27;3;0
11;2025-12-27;4;3
11;2025-12-27;5;175
11;2025-12-27;6;782
11;2025-12-27;7;791
11;2025-12-27;8;1024
11;2025-12-27;9;1143
11;2025-12-27;10;1297
11;2025-12-27;11;1585
11;2025-12-27;12;1772
11;2025-12-27;13;1709
11;2025-12-27;14;1841
11;2025-12-27;15;1799
11;2025-12-27;16;1725
11;2025-12-27;17;1765
11;2025-12-27;18;1491
11;2025-12-27;19;1429
11;2025-12-27;20;1027
11;2025-12-27;21;722
11;2025-12-27;22;414
11;2025-12-27;23;291
11;2025-12-28;0;106
11;2025-12-28;1;12
11;2025-12-28;2;0
11;2025-12-28;3;0
11;2025-12-28;4;1
11;2025-12-28;5;94
11;2025-12-28;6;448
11;2025-12-28;7;457
11;2025-12-28;8;637
11;2025-12-28;9;839
11;2025-12-28;10;938
11;2025-12-28;11;1367
11;2025-12-28;12;1452
11;2025-12-28;13;1431
11;2025-12-28;14;1514
11;2025-12-28;15;1503
11;2025-12-28;16;1470
11;2025-12-28;17;1647
11;2025-12-28;18;1301
11;2025-12-28;19;1043
11;2025-12-28;20;854
11;2025-12-28;21;598
11;2025-12-28;22;365
11;2025-12-28;23;237
11;2025-12-29;0;67
11;2025-12-29;1;8
11;2025-12-29;2;0
11;2025-12-29;3;0
11;2025-12-29;4;3
11;2025-12-29;5;265
11;2025-12-29;6;1277
11;2025-12-29;7;2250
11;2025-12-29;8;2918
11;2025-12-29;9;2233
11;2025-12-29;10;1720
11;2025-12-29;11;1715
11;2025-12-29;12;1710
11;2025-12-29;13;1769
11;2025-12-29;14;1851
11;2025-12-29;15;1941
11;2025-12-29;16;2106
11;2025-12-29;17;2667
11;2025-12-29;18;2864
11;2025-12-29;19;2096
11;2025-12-29;20;1255
11;2025-12-29;21;767
11;2025-12-29;22;347
11;2025-12-29;23;200
11;2025-12-30;0;55
11;2025-12-30;1;1
11;2025-12-30;2;0
11;2025-12-30;3;0
11;2025-12-30;4;2
11;2025-12-30;5;254
11;2025-12-30;6;1255
11;2025-12-30;7;2300
11;2025-12-30;8;3009
11;2025-12-30;9;2305
11;2025-12-30;10;1858
11;2025-12-30;11;1803
11;2025-12-30;12;1819
11;2025-12-30;13;1881
11;2025-12-30;14;1916
11;2025-12-30;15;1888
11;2025-12-30;16;2086
11;2025-12-30;17;2638
11;2025-12-30;18;2901
11;2025-12-30;19;2150
11;2025-12-30;20;1388
11;2025-12-30;21;793
11;2025-12-30;22;396
11;2025-12-30;23;214
11;2025-12-31;0;85
11;2025-12-31;1;8
11;2025-12-31;2;0
11;2025-12-31;3;0
11;2025-12-31;4;2
11;2025-12-31;5;84
11;2025-12-31;6;399
11;2025-12-31;7;396
11;2025-12-31;8;543
11;2025-12-31;9;745
11;2025-12-31;10;832
11;2025-12-31;11;1155
11;2025-12-31;12;1091
11;2025-12-31;13;1060
11;2025-12-31;14;1260
11;2025-12-31;15;1214
11;2025-12-31;16;1217
11;2025-12-31;17;1258
11;2025-12-31;18;1045
11;2025-12-31;19;902
11;2025-12-31;20;0
11;2025-12-31;21;0
11;2025-12-31;22;0
11;2025-12-31;23;0
12;2025-11-01;0;52
12;2025-11-01;1;1
12;2025-11-01;2;0
12;2025-11-01;3;0
12;2025-11-01;4;4
12;2025-11-01;5;292
12;2025-11-01;6;1294
12;2025-11-01;7;2492
12;2025-11-01;8;3142
12;2025-11-01;9;2314
12;2025-11-01;10;1794
12;2025-11-01;11;1828
12;2025-11-01;12;1891
12;2025-11-01;13;2023
12;2025-11-01;14;1908
12;2025-11-01;15;2202
12;2025-11-01;16;2653
12;2025-11-01;17;2713
12;2025-11-01;18;2462
12;2025-11-01;19;2082
12;2025-11-01;20;1342
12;2025-11-01;21;870
12;2025-11-01;22;451
12;2025-11-01;23;281
12;2025-11-02;0;86
12;2025-11-02;1;5
12;2025-11-02;2;0
12;2025-11-02;3;0
12;2025-11-02;4;3
12;2025-11-02;5;146
12;2025-11-02;6;502
12;2025-11-02;7;636
12;2025-11-02;8;724
12;2025-11-02;9;927
12;2025-11-02;10;1109
12;2025-11-02;11;1278
12;2025-11-02;12;1396
12;2025-11-02;13;1551
12;2025-11-02;14;1454
12;2025-11-02;15;1517
12;2025-11-02;16;1561
12;2025-11-02;17;1551
12;2025-11-02;18;1345
12;2025-11-02;19;1055
12;2025-11-02;20;817
12;2025-11-02;21;600
12;2025-11-02;22;388
12;2025-11-02;23;206
12;2025-11-03;0;78
12;2025-11-03;1;5
12;2025-11-03;2;0
12;2025-11-03;3;0
12;2025-11-03;4;2
12;2025-11-03;5;158
12;2025-11-03;6;531
12;2025-11-03;7;663
12;2025-11-03;8;733
12;2025-11-03;9;903
12;2025-11-03;10;1088
12;2025-11-03;11;1213
12;2025-11-03;12;1289
12;2025-11-03;13;1448
12;2025-11-03;14;1384
12;2025-11-03;15;1403
12;2025-11-03;16;1398
12;2025-11-03;17;1415
12;2025-11-03;18;1289
12;2025-11-03;19;1004
12;2025-11-03;20;814
12;2025-11-03;21;594
12;2025-11-03;22;392
12;2025-11-03;23;215
12;2025-11-04;0;77
12;2025-11-04;1;4
12;2025-11-04;2;0
12;2025-11-04;3;0
12;2025-11-04;4;3
12;2025-11-04;5;158
12;2025-11-04;6;521
12;2025-11-04;7;651
12;2025-11-04;8;711
12;2025-11-04;9;879
12;2025-11-04;10;1092
12;2025-11-04;11;1213
12;2025-11-04;12;1284
12;2025-11-04;13;1439
12;2025-11-04;14;1348
12;2025-11-04;15;1460
12;2025-11-04;16;1418
12;2025-11-04;17;1407
12;2025-11-04;18;1292
12;2025-11-04;19;1033
12;2025-11-04;20;794
12;2025-11-04;21;592
12;2025-11-04;22;381
12;2025-11-04;23;214
12;2025-11-05;0;55
12;2025-11-05;1;1
12;2025-11-05;2;0
12;2025-11-05;3;0
12;2025-11-05;4;6
12;2025-11-05;5;340
12;2025-11-05;6;1457
12;2025-11-05;7;2798
12;2025-11-05;8;3729
12;2025-11-05;9;2636
12;2025-11-05;10;2158
12;2025-11-05;11;2098
12;2025-11-05;12;2110
12;2025-11-05;13;2108
12;2025-11-05;14;2064
12;2025-11-05;15;2296
12;2025-11-05;16;2776
12;2025-11-05;17;3118
12;2025-11-05;18;3264
12;2025-11-05;19;2469
12;2025-11-05;20;1568
12;2025-11-05;21;977
12;2025-11-05;22;500
12;2025-11-05;23;262
12;2025-11-06;0;55
12;2025-11-06;1;1
12;2025-11-06;2;0
12;2025-11-06;3;0
12;2025-11-06;4;7
12;2025-11-06;5;337
12;2025-11-06;6;1448
12;2025-11-06;7;2779
12;2025-11-06;8;3709
12;2025-11-06;9;2626
12;2025-11-06;10;2155
12;2025-11-06;11;2090
12;2025-11-06;12;2112
12;2025-11-06;13;2116
12;2025-11-06;14;2071
12;2025-11-06;15;2305
12;2025-11-06;16;2780
12;2025-11-06;17;3141
12;2025-11-06;18;3252
12;2025-11-06;19;2475
12;2025-11-06;20;1569
12;2025-11-06;21;978
12;2025-11-06;22;500
12;2025-11-06;23;266
12;2025-11-07;0;58
12;2025-11-07;1;2
12;2025-11-07;2;0
12;2025-11-07;3;0
12;2025-11-07;4;5
12;2025-11-07;5;326
12;2025-11-07;6;1440
12;2025-11-07;7;2770
12;2025-11-07;8;3499
12;2025-11-07;9;2581
12;2025-11-07;10;1986
12;2025-11-07;11;2023
12;2025-11-07;12;2090
12;2025-11-07;13;2250
12;2025-11-07;14;2110
12;2025-11-07;15;2440
12;2025-11-07;16;2951
12;2025-11-07;17;3002
12;2025-11-07;18;2720
12;2025-11-07;19;2298
12;2025-11-07;20;1480
12;2025-11-07;21;969
12;2025-11-07;22;502
12;2025-11-07;23;315
12;2025-11-08;0;82
12;2025-11-08;1;3
12;2025-11-08;2;0
12;2025-11-08;3;0
12;2025-11-08;4;2
12;2025-11-08;5;222
12;2025-11-08;6;774
12;2025-11-08;7;914
12;2025-11-08;8;1036
12;2025-11-08;9;1271
12;2025-11-08;10;1428
12;2025-11-08;11;1526
12;2025-11-08;12;1594
12;2025-11-08;13;1750
12;2025-11-08;14;1643
12;2025-11-08;15;1638
12;2025-11-08;16;1722
12;2025-11-08;17;1685
12;2025-11-08;18;1575
12;2025-11-08;19;1440
12;2025-11-08;20;940
12;2025-11-08;21;774
12;2025-11-08;22;440
12;2025-11-08;23;299
12;2025-11-09;0;87
12;2025-11-09;1;5
12;2025-11-09;2;0
12;2025-11-09;3;0
12;2025-11-09;4;2
12;2025-11-09;5;145
12;2025-11-09;6;509
12;2025-11-09;7;644
12;2025-11-09;8;714
12;2025-11-09;9;933
12;2025-11-09;10;1159
12;2025-11-09;11;1320
12;2025-11-09;12;1467
12;2025-11-09;13;1641
12;2025-11-09;14;1482
12;2025-11-09;15;1512
12;2025-11-09;16;1500
12;2025-11-09;17;1498
12;2025-11-09;18;1352
12;2025-11-09;19;1056
12;2025-11-09;20;818
12;2025-11-09;21;600
12;2025-11-09;22;377
12;2025-11-09;23;206
12;2025-11-10;0;56
12;2025-11-10;1;3
12;2025-11-10;2;0
12;2025-11-10;3;0
12;2025-11-10;4;6
12;2025-11-10;5;329
12;2025-11-10;6;1466
12;2025-11-10;7;2772
12;2025-11-10;8;3655
12;2025-11-10;9;2601
12;2025-11-10;10;1979
12;2025-11-10;11;1934
12;2025-11-10;12;2054
12;2025-11-10;13;2007
12;2025-11-10;14;2025
12;2025-11-10;15;2285
12;2025-11-10;16;2783
12;2025-11-10;17;3091
12;2025-11-10;18;3277
12;2025-11-10;19;2484
12;2025-11-10;20;1638
12;2025-11-10;21;976
12;2025-11-10;22;469
12;2025-11-10;23;238
12;2025-11-11;0;54
12;2025-11-11;1;1
12;2025-11-11;2;0
12;2025-11-11;3;0
12;2025-11-11;4;6
12;2025-11-11;5;341
12;2025-11-11;6;1456
12;2025-11-11;7;2795
12;2025-11-11;8;3731
12;2025-11-11;9;2630
12;2025-11-11;10;2155
12;2025-11-11;11;2088
12;2025-11-11;12;2103
12;2025-11-11;13;2110
12;2025-11-11;14;2066
12;2025-11-11;15;2298
12;2025-11-11;16;2768
12;2025-11-11;17;3134
12;2025-11-11;18;3268
12;2025-11-11;19;2474
12;2025-11-11;20;1560
12;2025-11-11;21;970
12;2025-11-11;22;491
12;2025-11-11;23;250
12;2025-11-12;0;55
12;2025-11-12;1;1
12;2025-11-12;2;0
12;2025-11-12;3;0
12;2025-11-12;4;6
12;2025-11-12;5;339
12;2025-11-12;6;1454
12;2025-11-12;7;2786
12;2025-11-12;8;3704
12;2025-11-12;9;2629
12;2025-11-12;10;2154
12;2025-11-12;11;2092
12;2025-11-12;12;2109
12;2025-11-12;13;2110
12;2025-11-12;14;2066
12;2025-11-12;15;2298
12;2025-11-12;16;2768
12;2025-11-12;17;3133
12;2025-11-12;18;3265
12;2025-11-12;19;2479
12;2025-11-12;20;1566
12;2025-11-12;21;976
12;2025-11-12;22;500
12;2025-11-12;23;261
12;2025-11-13;0;55
12;2025-11-13;1;2
12;2025-11-13;2;0
12;2025-11-13;3;0
12;2025-11-13;4;6
12;2025-11-13;5;336
12;2025-11-13;6;1447
12;2025-11-13;7;2789
12;2025-11-13;8;3700
12;2025-11-13;9;2627
12;2025-11-13;10;2153
12;2025-11-13;11;2088
12;2025-11-13;12;2107
12;2025-11-13;13;2113
12;2025-11-13;14;2071
12;2025-11-13;15;2314
12;2025-11-13;16;2778
12;2025-11-13;17;3139
12;2025-11-13;18;3264
12;2025-11-13;19;2471
12;2025-11-13;20;1567
12;2025-11-13;21;976
12;2025-11-13;22;501
12;2025-11-13;23;266
12;2025-11-14;0;58
12;2025-11-14;1;2
12;2025-11-14;2;0
12;2025-11-14;3;0
12;2025-11-14;4;5
12;2025-11-14;5;330
12;2025-11-14;6;1446
12;2025-11-14;7;2767
12;2025-11-14;8;3479
12;2025-11-14;9;2578
12;2025-11-14;10;1981
12;2025-11-14;11;2010
12;2025-11-14;12;2072
12;2025-11-14;13;2236
12;2025-11-14;14;2099
12;2025-11-14;15;2428
12;2025-11-14;16;2939
12;2025-11-14;17;2992
12;2025-11-14;18;2710
12;2025-11-14;19;2298
12;2025-11-14;20;1476
12;2025-11-14;21;964
12;2025-11-14;22;508
12;2025-11-14;23;313
12;2025-11-15;0;82
12;2025-11-15;1;3
12;2025-11-15;2;0
12;2025-11-15;3;0
12;2025-11-15;4;2
12;2025-11-15;5;225
12;2025-11-15;6;776
12;2025-11-15;7;911
12;2025-11-15;8;1037
12;2025-11-15;9;1277
12;2025-11-15;10;1435
12;2025-11-15;11;1505
12;2025-11-15;12;1572
12;2025-11-15;13;1725
12;2025-11-15;14;1619
12;2025-11-15;15;1606
12;2025-11-15;16;1690
12;2025-11-15;17;1648
12;2025-11-15;18;1539
12;2025-11-15;19;1366
12;2025-11-15;20;946
12;2025-11-15;21;757
12;2025-11-15;22;428
12;2025-11-15;23;291
12;2025-11-16;0;86
12;2025-11-16;1;4
12;2025-11-16;2;0
12;2025-11-16;3;0
12;2025-11-16;4;2
12;2025-11-16;5;140
12;2025-11-16;6;505
12;2025-11-16;7;642
12;2025-11-16;8;713
12;2025-11-16;9;935
12;2025-11-16;10;1111
12;2025-11-16;11;1281
12;2025-11-16;12;1415
12;2025-11-16;13;1541
12;2025-11-16;14;1473
12;2025-11-16;15;1501
12;2025-11-16;16;1472
12;2025-11-16;17;1492
12;2025-11-16;18;1337
12;2025-11-16;19;1047
12;2025-11-16;20;813
12;2025-11-16;21;580
12;2025-11-16;22;376
12;2025-11-16;23;206
12;2025-11-17;0;56
12;2025-11-17;1;3
12;2025-11-17;2;0
12;2025-11-17;3;0
12;2025-11-17;4;6
12;2025-11-17;5;331
12;2025-11-17;6;1465
12;2025-11-17;7;2772
12;2025-11-17;8;3651
12;2025-11-17;9;2605
12;2025-11-17;10;1980
12;2025-11-17;11;1940
12;2025-11-17;12;2058
12;2025-11-17;13;2007
12;2025-11-17;14;2028
12;2025-11-17;15;2292
12;2025-11-17;16;2788
12;2025-11-17;17;3088
12;2025-11-17;18;3274
12;2025-11-17;19;2478
12;2025-11-17;20;1640
12;2025-11-17;21;975
12;2025-11-17;22;467
12;2025-11-17;23;237
12;2025-11-18;0;54
12;2025-11-18;1;1
12;2025-11-18;2;0
12;2025-11-18;3;0
12;2025-11-18;4;6
12;2025-11-18;5;342
12;2025-11-18;6;1457
12;2025-11-18;7;2795
12;2025-11-18;8;3722
12;2025-11-18;9;2633
12;2025-11-18;10;2157
12;2025-11-18;11;2090
12;2025-11-18;12;2106
12;2025-11-18;13;2110
12;2025-11-18;14;2066
12;2025-11-18;15;2298
12;2025-11-18;16;2766
12;2025-11-18;17;3133
12;2025-11-18;18;3263
12;2025-11-18;19;2475
12;2025-11-18;20;1564
12;2025-11-18;21;973
12;2025-11-18;22;495
12;2025-11-18;23;253
12;2025-11-19;0;55
12;2025-11-19;1;2
12;2025-11-19;2;0
12;2025-11-19;3;0
12;2025-11-19;4;6
12;2025-11-19;5;340
12;2025-11-19;6;1454
12;2025-11-19;7;2791
12;2025-11-19;8;3704
12;2025-11-19;9;2631
12;2025-11-19;10;2155
12;2025-11-19;11;2088
12;2025-11-19;12;2103
12;2025-11-19;13;2110
12;2025-11-19;14;2066
12;2025-11-19;15;2297
12;2025-11-19;16;2767
12;2025-11-19;17;3133
12;2025-11-19;18;3265
12;2025-11-19;19;2478
12;2025-11-19;20;1568
12;2025-11-19;21;976
12;2025-11-19;22;501
12;2025-11-19;23;262
12;2025-11-20;0;55
12;2025-11-20;1;1
12;2025-11-20;2;0
12;2025-11-20;3;0
12;2025-11-20;4;6
12;2025-11-20;5;336
12;2025-11-20;6;1450
12;2025-11-20;7;2780
12;2025-11-20;8;3708
12;2025-11-20;9;2632
12;2025-11-20;10;2157
12;2025-11-20;11;2090
12;2025-11-20;12;2107
12;2025-11-20;13;2113
12;2025-11-20;14;2070
12;2025-11-20;15;2301
12;2025-11-20;16;2771
12;2025-11-20;17;3132
12;2025-11-20;18;3263
12;2025-11-20;19;2472
12;2025-11-20;20;1567
12;2025-11-20;21;976
12;2025-11-20;22;502
12;2025-11-20;23;267
12;2025-11-21;0;58
12;2025-11-21;1;2
12;2025-11-21;2;0
12;2025-11-21;3;0
12;2025-11-21;4;5
12;2025-11-21;5;338
12;2025-11-21;6;1450
12;2025-11-21;7;2781
12;2025-11-21;8;3488
12;2025-11-21;9;2587
12;2025-11-21;10;1990
12;2025-11-21;11;2019
12;2025-11-21;12;2082
12;2025-11-21;13;2243
12;2025-11-21;14;2103
12;2025-11-21;15;2432
12;2025-11-21;16;2947
12;2025-11-21;17;2995
12;2025-11-21;18;2718
12;2025-11-21;19;2292
12;2025-11-21;20;1478
12;2025-11-21;21;968
12;2025-11-21;22;508
12;2025-11-21;23;317
12;2025-11-22;0;82
12;2025-11-22;1;3
12;2025-11-22;2;0
12;2025-11-22;3;0
12;2025-11-22;4;2
12;2025-11-22;5;222
12;2025-11-22;6;775
12;2025-11-22;7;912
12;2025-11-22;8;1038
12;2025-11-22;9;1258
12;2025-11-22;10;1295
12;2025-11-22;11;1501
12;2025-11-22;12;1556
12;2025-11-22;13;1738
12;2025-11-22;14;1628
12;2025-11-22;15;1587
12;2025-11-22;16;1670
12;2025-11-22;17;1623
12;2025-11-22;18;1519
12;2025-11-22;19;1348
12;2025-11-22;20;931
12;2025-11-22;21;742
12;2025-11-22;22;417
12;2025-11-22;23;287
12;2025-11-23;0;86
12;2025-11-23;1;5
12;2025-11-23;2;0
12;2025-11-23;3;0
12;2025-11-23;4;2
12;2025-11-23;5;140
12;2025-11-23;6;503
12;2025-11-23;7;636
12;2025-11-23;8;700
12;2025-11-23;9;836
12;2025-11-23;10;995
12;2025-11-23;11;1267
12;2025-11-23;12;1368
12;2025-11-23;13;1521
12;2025-11-23;14;1427
12;2025-11-23;15;1457
12;2025-11-23;16;1449
12;2025-11-23;17;1446
12;2025-11-23;18;1260
12;2025-11-23;19;983
12;2025-11-23;20;785
12;2025-11-23;21;574
12;2025-11-23;22;371
12;2025-11-23;23;205
12;2025-11-24;0;56
12;2025-11-24;1;3
12;2025-11-24;2;0
12;2025-11-24;3;0
12;2025-11-24;4;6
12;2025-11-24;5;323
12;2025-11-24;6;1450
12;2025-11-24;7;2759
12;2025-11-24;8;3634
12;2025-11-24;9;2579
12;2025-11-24;10;1958
12;2025-11-24;11;1924
12;2025-11-24;12;2044
12;2025-11-24;13;1999
12;2025-11-24;14;2013
12;2025-11-24;15;2276
12;2025-11-24;16;2780
12;2025-11-24;17;3083
12;2025-11-24;18;3263
12;2025-11-24;19;2475
12;2025-11-24;20;1630
12;2025-11-24;21;966
12;2025-11-24;22;461
12;2025-11-24;23;229
12;2025-11-25;0;54
12;2025-11-25;1;1
12;2025-11-25;2;0
12;2025-11-25;3;0
12;2025-11-25;4;6
12;2025-11-25;5;338
12;2025-11-25;6;1451
12;2025-11-25;7;2790
12;2025-11-25;8;3715
12;2025-11-25;9;2618
12;2025-11-25;10;2155
12;2025-11-25;11;2091
12;2025-11-25;12;2097
12;2025-11-25;13;2108
12;2025-11-25;14;2065
12;2025-11-25;15;2298
12;2025-11-25;16;2767
12;2025-11-25;17;3132
12;2025-11-25;18;3276
12;2025-11-25;19;2469
12;2025-11-25;20;1558
12;2025-11-25;21;967
12;2025-11-25;22;490
12;2025-11-25;23;250
12;2025-11-26;0;55
12;2025-11-26;1;1
12;2025-11-26;2;0
12;2025-11-26;3;0
12;2025-11-26;4;6
12;2025-11-26;5;339
12;2025-11-26;6;1448
12;2025-11-26;7;2783
12;2025-11-26;8;3707
12;2025-11-26;9;2611
12;2025-11-26;10;2152
12;2025-11-26;11;2082
12;2025-11-26;12;2095
12;2025-11-26;13;2109
12;2025-11-26;14;2065
12;2025-11-26;15;2298
12;2025-11-26;16;2767
12;2025-11-26;17;3133
12;2025-11-26;18;3258
12;2025-11-26;19;2478
12;2025-11-26;20;1569
12;2025-11-26;21;979
12;2025-11-26;22;502
12;2025-11-26;23;263
12;2025-11-27;0;55
12;2025-11-27;1;2
12;2025-11-27;2;0
12;2025-11-27;3;0
12;2025-11-27;4;6
12;2025-11-27;5;350
12;2025-11-27;6;1470
12;2025-11-27;7;2783
12;2025-11-27;8;3709
12;2025-11-27;9;2651
12;2025-11-27;10;2161
12;2025-11-27;11;2092
12;2025-11-27;12;2106
12;2025-11-27;13;2110
12;2025-11-27;14;2067
12;2025-11-27;15;2310
12;2025-11-27;16;2770
12;2025-11-27;17;3130
12;2025-11-27;18;3260
12;2025-11-27;19;2477
12;2025-11-27;20;1567
12;2025-11-27;21;976
12;2025-11-27;22;505
12;2025-11-27;23;268
12;2025-11-28;0;58
12;2025-11-28;1;2
12;2025-11-28;2;0
12;2025-11-28;3;0
12;2025-11-28;4;5
12;2025-11-28;5;338
12;2025-11-28;6;1450
12;2025-11-28;7;2780
12;2025-11-28;8;3487
12;2025-11-28;9;2585
12;2025-11-28;10;1991
12;2025-11-28;11;2025
12;2025-11-28;12;2077
12;2025-11-28;13;2238
12;2025-11-28;14;2099
12;2025-11-28;15;2429
12;2025-11-28;16;2937
12;2025-11-28;17;2995
12;2025-11-28;18;2718
12;2025-11-28;19;2303
12;2025-11-28;20;1490
12;2025-11-28;21;980
12;2025-11-28;22;513
12;2025-11-28;23;324
12;2025-11-29;0;83
12;2025-11-29;1;3
12;2025-11-29;2;0
12;2025-11-29;3;0
12;2025-11-29;4;2
12;2025-11-29;5;194
12;2025-11-29;6;733
12;2025-11-29;7;869
12;2025-11-29;8;992
12;2025-11-29;9;1200
12;2025-11-29;10;1405
12;2025-11-29;11;1565
12;2025-11-29;12;1627
12;2025-11-29;13;1792
12;2025-11-29;14;1624
12;2025-11-29;15;1609
12;2025-11-29;16;1690
12;2025-11-29;17;1647
12;2025-11-29;18;1522
12;2025-11-29;19;1345
12;2025-11-29;20;929
12;2025-11-29;21;740
12;2025-11-29;22;411
12;2025-11-29;23;285
12;2025-11-30;0;87
12;2025-11-30;1;5
12;2025-11-30;2;0
12;2025-11-30;3;0
12;2025-11-30;4;3
12;2025-11-30;5;135
12;2025-11-30;6;502
12;2025-11-30;7;646
12;2025-11-30;8;722
12;2025-11-30;9;918
12;2025-11-30;10;1101
12;2025-11-30;11;1273
12;2025-11-30;12;1365
12;2025-11-30;13;1517
12;2025-11-30;14;1421
12;2025-11-30;15;1341
12;2025-11-30;16;1452
12;2025-11-30;17;1446
12;2025-11-30;18;1267
12;2025-11-30;19;991
12;2025-11-30;20;786
12;2025-11-30;21;575
12;2025-11-30;22;372
12;2025-11-30;23;207
12;2025-12-01;0;56
12;2025-12-01;1;3
12;2025-12-01;2;0
12;2025-12-01;3;0
12;2025-12-01;4;6
12;2025-12-01;5;316
12;2025-12-01;6;1445
12;2025-12-01;7;2756
12;2025-12-01;8;3636
12;2025-12-01;9;2581
12;2025-12-01;10;1955
12;2025-12-01;11;1918
12;2025-12-01;12;2037
12;2025-12-01;13;1998
12;2025-12-01;14;2012
12;2025-12-01;15;2275
12;2025-12-01;16;2781
12;2025-12-01;17;3084
12;2025-12-01;18;3264
12;2025-12-01;19;2476
12;2025-12-01;20;1629
12;2025-12-01;21;961
12;2025-12-01;22;454
12;2025-12-01;23;227
12;2025-12-02;0;54
12;2025-12-02;1;1
12;2025-12-02;2;0
12;2025-12-02;3;0
12;2025-12-02;4;6
12;2025-12-02;5;338
12;2025-12-02;6;1453
12;2025-12-02;7;2792
12;2025-12-02;8;3715
12;2025-12-02;9;2615
12;2025-12-02;10;2141
12;2025-12-02;11;2075
12;2025-12-02;12;2086
12;2025-12-02;13;2105
12;2025-12-02;14;2062
12;2025-12-02;15;2292
12;2025-12-02;16;2762
12;2025-12-02;17;3133
12;2025-12-02;18;3263
12;2025-12-02;19;2477
12;2025-12-02;20;1562
12;2025-12-02;21;967
12;2025-12-02;22;490
12;2025-12-02;23;248
12;2025-12-03;0;54
12;2025-12-03;1;1
12;2025-12-03;2;0
12;2025-12-03;3;0
12;2025-12-03;4;6
12;2025-12-03;5;338
12;2025-12-03;6;1450
12;2025-12-03;7;2789
12;2025-12-03;8;3701
12;2025-12-03;9;2617
12;2025-12-03;10;2145
12;2025-12-03;11;2086
12;2025-12-03;12;2101
12;2025-12-03;13;2106
12;2025-12-03;14;2066
12;2025-12-03;15;2297
12;2025-12-03;16;2773
12;2025-12-03;17;3139
12;2025-12-03;18;3263
12;2025-12-03;19;2468
12;2025-12-03;20;1563
12;2025-12-03;21;974
12;2025-12-03;22;498
12;2025-12-03;23;258
12;2025-12-04;0;55
12;2025-12-04;1;1
12;2025-12-04;2;0
12;2025-12-04;3;0
12;2025-12-04;4;6
12;2025-12-04;5;333
12;2025-12-04;6;1448
12;2025-12-04;7;2787
12;2025-12-04;8;3699
12;2025-12-04;9;2620
12;2025-12-04;10;2146
12;2025-12-04;11;2088
12;2025-12-04;12;2105
12;2025-12-04;13;2114
12;2025-12-04;14;2066
12;2025-12-04;15;2300
12;2025-12-04;16;2780
12;2025-12-04;17;3138
12;2025-12-04;18;3266
12;2025-12-04;19;2476
12;2025-12-04;20;1568
12;2025-12-04;21;977
12;2025-12-04;22;498
12;2025-12-04;23;264
12;2025-12-05;0;59
12;2025-12-05;1;2
12;2025-12-05;2;0
12;2025-12-05;3;0
12;2025-12-05;4;5
12;2025-12-05;5;333
12;2025-12-05;6;1447
12;2025-12-05;7;2780
12;2025-12-05;8;3485
12;2025-12-05;9;2574
12;2025-12-05;10;1979
12;2025-12-05;11;2016
12;2025-12-05;12;2066
12;2025-12-05;13;2239
12;2025-12-05;14;2104
12;2025-12-05;15;2434
12;2025-12-05;16;2946
12;2025-12-05;17;2995
12;2025-12-05;18;2726
12;2025-12-05;19;2306
12;2025-12-05;20;1483
12;2025-12-05;21;972
12;2025-12-05;22;505
12;2025-12-05;23;317
12;2025-12-06;0;82
12;2025-12-06;1;4
12;2025-12-06;2;0
12;2025-12-06;3;0
12;2025-12-06;4;2
12;2025-12-06;5;213
12;2025-12-06;6;761
12;2025-12-06;7;897
12;2025-12-06;8;1000
12;2025-12-06;9;1205
12;2025-12-06;10;1366
12;2025-12-06;11;1469
12;2025-12-06;12;1522
12;2025-12-06;13;1701
12;2025-12-06;14;1590
12;2025-12-06;15;1591
12;2025-12-06;16;1674
12;2025-12-06;17;1631
12;2025-12-06;18;1535
12;2025-12-06;19;1365
12;2025-12-06;20;932
12;2025-12-06;21;741
12;2025-12-06;22;410
12;2025-12-06;23;281
12;2025-12-07;0;88
12;2025-12-07;1;6
12;2025-12-07;2;0
12;2025-12-07;3;0
12;2025-12-07;4;3
12;2025-12-07;5;133
12;2025-12-07;6;478
12;2025-12-07;7;620
12;2025-12-07;8;688
12;2025-12-07;9;873
12;2025-12-07;10;996
12;2025-12-07;11;1257
12;2025-12-07;12;1356
12;2025-12-07;13;1524
12;2025-12-07;14;1430
12;2025-12-07;15;1471
12;2025-12-07;16;1469
12;2025-12-07;17;1464
12;2025-12-07;18;1286
12;2025-12-07;19;999
12;2025-12-07;20;793
12;2025-12-07;21;583
12;2025-12-07;22;378
12;2025-12-07;23;212
12;2025-12-08;0;57
12;2025-12-08;1;3
12;2025-12-08;2;0
12;2025-12-08;3;0
12;2025-12-08;4;6
12;2025-12-08;5;314
12;2025-12-08;6;1445
12;2025-12-08;7;2756
12;2025-12-08;8;3634
12;2025-12-08;9;2576
12;2025-12-08;10;1950
12;2025-12-08;11;1911
12;2025-12-08;12;2024
12;2025-12-08;13;1982
12;2025-12-08;14;1999
12;2025-12-08;15;2264
12;2025-12-08;16;2770
12;2025-12-08;17;3072
12;2025-12-08;18;3254
12;2025-12-08;19;2471
12;2025-12-08;20;1617
12;2025-12-08;21;953
12;2025-12-08;22;445
12;2025-12-08;23;221
12;2025-12-09;0;55
12;2025-12-09;1;2
12;2025-12-09;2;0
12;2025-12-09;3;0
12;2025-12-09;4;6
12;2025-12-09;5;321
12;2025-12-09;6;1436
12;2025-12-09;7;2783
12;2025-12-09;8;3709
12;2025-12-09;9;2610
12;2025-12-09;10;2132
12;2025-12-09;11;2066
12;2025-12-09;12;2082
12;2025-12-09;13;2096
12;2025-12-09;14;2052
12;2025-12-09;15;2296
12;2025-12-09;16;2763
12;2025-12-09;17;3130
12;2025-12-09;18;3260
12;2025-12-09;19;2477
12;2025-12-09;20;1559
12;2025-12-09;21;967
12;2025-12-09;22;490
12;2025-12-09;23;246
12;2025-12-10;0;55
12;2025-12-10;1;1
12;2025-12-10;2;0
12;2025-12-10;3;0
12;2025-12-10;4;6
12;2025-12-10;5;338
12;2025-12-10;6;1453
12;2025-12-10;7;2793
12;2025-12-10;8;3705
12;2025-12-10;9;2617
12;2025-12-10;10;2143
12;2025-12-10;11;2077
12;2025-12-10;12;2087
12;2025-12-10;13;2098
12;2025-12-10;14;2063
12;2025-12-10;15;2299
12;2025-12-10;16;2763
12;2025-12-10;17;3130
12;2025-12-10;18;3263
12;2025-12-10;19;2478
12;2025-12-10;20;1563
12;2025-12-10;21;971
12;2025-12-10;22;495
12;2025-12-10;23;258
12;2025-12-11;0;56
12;2025-12-11;1;2
12;2025-12-11;2;0
12;2025-12-11;3;0
12;2025-12-11;4;6
12;2025-12-11;5;336
12;2025-12-11;6;1451
12;2025-12-11;7;2791
12;2025-12-11;8;3702
12;2025-12-11;9;2617
12;2025-12-11;10;2144
12;2025-12-11;11;2078
12;2025-12-11;12;2100
12;2025-12-11;13;2112
12;2025-12-11;14;2074
12;2025-12-11;15;2305
12;2025-12-11;16;2770
12;2025-12-11;17;3132
12;2025-12-11;18;3261
12;2025-12-11;19;2476
12;2025-12-11;20;1569
12;2025-12-11;21;977
12;2025-12-11;22;499
12;2025-12-11;23;267
12;2025-12-12;0;58
12;2025-12-12;1;1
12;2025-12-12;2;0
12;2025-12-12;3;0
12;2025-12-12;4;5
12;2025-12-12;5;333
12;2025-12-12;6;1447
12;2025-12-12;7;2780
12;2025-12-12;8;3485
12;2025-12-12;9;2574
12;2025-12-12;10;1979
12;2025-12-12;11;2016
12;2025-12-12;12;2076
12;2025-12-12;13;2236
12;2025-12-12;14;2100
12;2025-12-12;15;2435
12;2025-12-12;16;2946
12;2025-12-12;17;2997
12;2025-12-12;18;2722
12;2025-12-12;19;2303
12;2025-12-12;20;1487
12;2025-12-12;21;978
12;2025-12-12;22;513
12;2025-12-12;23;322
12;2025-12-13;0;83
12;2025-12-13;1;3
12;2025-12-13;2;0
12;2025-12-13;3;0
12;2025-12-13;4;2
12;2025-12-13;5;224
12;2025-12-13;6;783
12;2025-12-13;7;921
12;2025-12-13;8;1041
12;2025-12-13;9;1270
12;2025-12-13;10;1418
12;2025-12-13;11;1409
12;2025-12-13;12;1560
12;2025-12-13;13;1718
12;2025-12-13;14;1608
12;2025-12-13;15;1594
12;2025-12-13;16;1674
12;2025-12-13;17;1631
12;2025-12-13;18;1546
12;2025-12-13;19;1366
12;2025-12-13;20;934
12;2025-12-13;21;742
12;2025-12-13;22;405
12;2025-12-13;23;283
12;2025-12-14;0;86
12;2025-12-14;1;5
12;2025-12-14;2;0
12;2025-12-14;3;0
12;2025-12-14;4;3
12;2025-12-14;5;124
12;2025-12-14;6;484
12;2025-12-14;7;620
12;2025-12-14;8;688
12;2025-12-14;9;873
12;2025-12-14;10;1086
12;2025-12-14;11;1260
12;2025-12-14;12;1356
12;2025-12-14;13;1524
12;2025-12-14;14;1430
12;2025-12-14;15;1465
12;2025-12-14;16;1470
12;2025-12-14;17;1464
12;2025-12-14;18;1287
12;2025-12-14;19;1000
12;2025-12-14;20;794
12;2025-12-14;21;581
12;2025-12-14;22;376
12;2025-12-14;23;210
12;2025-12-15;0;57
12;2025-12-15;1;2
12;2025-12-15;2;0
12;2025-12-15;3;0
12;2025-12-15;4;6
12;2025-12-15;5;320
12;2025-12-15;6;1452
12;2025-12-15;7;2761
12;2025-12-15;8;3638
12;2025-12-15;9;2581
12;2025-12-15;10;1953
12;2025-12-15;11;1914
12;2025-12-15;12;2028
12;2025-12-15;13;1985
12;2025-12-15;14;1999
12;2025-12-15;15;2267
12;2025-12-15;16;2779
12;2025-12-15;17;3084
12;2025-12-15;18;3264
12;2025-12-15;19;2472
12;2025-12-15;20;1622
12;2025-12-15;21;957
12;2025-12-15;22;451
12;2025-12-15;23;225
12;2025-12-16;0;54
12;2025-12-16;1;2
12;2025-12-16;2;0
12;2025-12-16;3;0
12;2025-12-16;4;6
12;2025-12-16;5;337
12;2025-12-16;6;1452
12;2025-12-16;7;2793
12;2025-12-16;8;3720
12;2025-12-16;9;2621
12;2025-12-16;10;2143
12;2025-12-16;11;2075
12;2025-12-16;12;2086
12;2025-12-16;13;2105
12;2025-12-16;14;2062
12;2025-12-16;15;2298
12;2025-12-16;16;2768
12;2025-12-16;17;3134
12;2025-12-16;18;3259
12;2025-12-16;19;2473
12;2025-12-16;20;1565
12;2025-12-16;21;973
12;2025-12-16;22;496
12;2025-12-16;23;252
12;2025-12-17;0;55
12;2025-12-17;1;1
12;2025-12-17;2;0
12;2025-12-17;3;0
12;2025-12-17;4;6
12;2025-12-17;5;351
12;2025-12-17;6;1460
12;2025-12-17;7;2802
12;2025-12-17;8;3714
12;2025-12-17;9;2636
12;2025-12-17;10;2160
12;2025-12-17;11;2093
12;2025-12-17;12;2104
12;2025-12-17;13;2110
12;2025-12-17;14;2068
12;2025-12-17;15;2300
12;2025-12-17;16;2771
12;2025-12-17;17;3137
12;2025-12-17;18;3265
12;2025-12-17;19;2477
12;2025-12-17;20;1566
12;2025-12-17;21;980
12;2025-12-17;22;503
12;2025-12-17;23;260
12;2025-12-18;0;55
12;2025-12-18;1;1
12;2025-12-18;2;0
12;2025-12-18;3;0
12;2025-12-18;4;6
12;2025-12-18;5;342
12;2025-12-18;6;1463
12;2025-12-18;7;2787
12;2025-12-18;8;3702
12;2025-12-18;9;2620
12;2025-12-18;10;2146
12;2025-12-18;11;2078
12;2025-12-18;12;2100
12;2025-12-18;13;2117
12;2025-12-18;14;2074
12;2025-12-18;15;2309
12;2025-12-18;16;2780
12;2025-12-18;17;3138
12;2025-12-18;18;3266
12;2025-12-18;19;2476
12;2025-12-18;20;1569
12;2025-12-18;21;977
12;2025-12-18;22;501
12;2025-12-18;23;267
12;2025-12-19;0;58
12;2025-12-19;1;1
12;2025-12-19;2;0
12;2025-12-19;3;0
12;2025-12-19;4;5
12;2025-12-19;5;344
12;2025-12-19;6;1465
12;2025-12-19;7;2787
12;2025-12-19;8;3490
12;2025-12-19;9;2579
12;2025-12-19;10;1988
12;2025-12-19;11;2029
12;2025-12-19;12;2078
12;2025-12-19;13;2240
12;2025-12-19;14;2101
12;2025-12-19;15;2432
12;2025-12-19;16;2944
12;2025-12-19;17;2997
12;2025-12-19;18;2720
12;2025-12-19;19;2299
12;2025-12-19;20;1482
12;2025-12-19;21;973
12;2025-12-19;22;509
12;2025-12-19;23;320
12;2025-12-20;0;82
12;2025-12-20;1;3
12;2025-12-20;2;0
12;2025-12-20;3;0
12;2025-12-20;4;2
12;2025-12-20;5;225
12;2025-12-20;6;783
12;2025-12-20;7;921
12;2025-12-20;8;1046
12;2025-12-20;9;1281
12;2025-12-20;10;1461
12;2025-12-20;11;1513
12;2025-12-20;12;1570
12;2025-12-20;13;1723
12;2025-12-20;14;1612
12;2025-12-20;15;1594
12;2025-12-20;16;1676
12;2025-12-20;17;1631
12;2025-12-20;18;1628
12;2025-12-20;19;1391
12;2025-12-20;20;931
12;2025-12-20;21;740
12;2025-12-20;22;412
12;2025-12-20;23;290
12;2025-12-21;0;88
12;2025-12-21;1;6
12;2025-12-21;2;0
12;2025-12-21;3;0
12;2025-12-21;4;2
12;2025-12-21;5;144
12;2025-12-21;6;514
12;2025-12-21;7;652
12;2025-12-21;8;719
12;2025-12-21;9;929
12;2025-12-21;10;1117
12;2025-12-21;11;1352
12;2025-12-21;12;1412
12;2025-12-21;13;1537
12;2025-12-21;14;1440
12;2025-12-21;15;1472
12;2025-12-21;16;1471
12;2025-12-21;17;1466
12;2025-12-21;18;1279
12;2025-12-21;19;999
12;2025-12-21;20;794
12;2025-12-21;21;582
12;2025-12-21;22;376
12;2025-12-21;23;207
12;2025-12-22;0;57
12;2025-12-22;1;3
12;2025-12-22;2;0
12;2025-12-22;3;0
12;2025-12-22;4;6
12;2025-12-22;5;328
12;2025-12-22;6;1461
12;2025-12-22;7;2771
12;2025-12-22;8;3644
12;2025-12-22;9;2587
12;2025-12-22;10;1960
12;2025-12-22;11;1927
12;2025-12-22;12;2041
12;2025-12-22;13;1998
12;2025-12-22;14;2012
12;2025-12-22;15;2287
12;2025-12-22;16;2781
12;2025-12-22;17;3079
12;2025-12-22;18;3279
12;2025-12-22;19;2470
12;2025-12-22;20;1625
12;2025-12-22;21;960
12;2025-12-22;22;454
12;2025-12-22;23;229
12;2025-12-23;0;54
12;2025-12-23;1;1
12;2025-12-23;2;0
12;2025-12-23;3;0
12;2025-12-23;4;6
12;2025-12-23;5;344
12;2025-12-23;6;1458
12;2025-12-23;7;2801
12;2025-12-23;8;3730
12;2025-12-23;9;2638
12;2025-12-23;10;2164
12;2025-12-23;11;2085
12;2025-12-23;12;2101
12;2025-12-23;13;2110
12;2025-12-23;14;2075
12;2025-12-23;15;2301
12;2025-12-23;16;2771
12;2025-12-23;17;3137
12;2025-12-23;18;3268
12;2025-12-23;19;2481
12;2025-12-23;20;1565
12;2025-12-23;21;973
12;2025-12-23;22;498
12;2025-12-23;23;253
12;2025-12-24;0;55
12;2025-12-24;1;1
12;2025-12-24;2;0
12;2025-12-24;3;0
12;2025-12-24;4;6
12;2025-12-24;5;346
12;2025-12-24;6;1474
12;2025-12-24;7;2804
12;2025-12-24;8;3714
12;2025-12-24;9;2639
12;2025-12-24;10;2163
12;2025-12-24;11;2095
12;2025-12-24;12;2107
12;2025-12-24;13;2109
12;2025-12-24;14;2065
12;2025-12-24;15;2300
12;2025-12-24;16;2771
12;2025-12-24;17;3137
12;2025-12-24;18;3262
12;2025-12-24;19;2477
12;2025-12-24;20;1571
12;2025-12-24;21;980
12;2025-12-24;22;503
12;2025-12-24;23;263
12;2025-12-25;0;55
12;2025-12-25;1;1
12;2025-12-25;2;0
12;2025-12-25;3;0
12;2025-12-25;4;6
12;2025-12-25;5;338
12;2025-12-25;6;1453
12;2025-12-25;7;2792
12;2025-12-25;8;3704
12;2025-12-25;9;2623
12;2025-12-25;10;2146
12;2025-12-25;11;2078
12;2025-12-25;12;2100
12;2025-12-25;13;2112
12;2025-12-25;14;2069
12;2025-12-25;15;2299
12;2025-12-25;16;2770
12;2025-12-25;17;3132
12;2025-12-25;18;3261
12;2025-12-25;19;2476
12;2025-12-25;20;1569
12;2025-12-25;21;977
12;2025-12-25;22;501
12;2025-12-25;23;264
12;2025-12-26;0;59
12;2025-12-26;1;2
12;2025-12-26;2;0
12;2025-12-26;3;0
12;2025-12-26;4;5
12;2025-12-26;5;337
12;2025-12-26;6;1451
12;2025-12-26;7;2786
12;2025-12-26;8;3492
12;2025-12-26;9;2582
12;2025-12-26;10;1995
12;2025-12-26;11;2028
12;2025-12-26;12;2079
12;2025-12-26;13;2241
12;2025-12-26;14;2101
12;2025-12-26;15;2438
12;2025-12-26;16;2944
12;2025-12-26;17;2997
12;2025-12-26;18;2720
12;2025-12-26;19;2298
12;2025-12-26;20;1487
12;2025-12-26;21;975
12;2025-12-26;22;513
12;2025-12-26;23;321
12;2025-12-27;0;83
12;2025-12-27;1;3
12;2025-12-27;2;0
12;2025-12-27;3;0
12;2025-12-27;4;2
12;2025-12-27;5;222
12;2025-12-27;6;777
12;2025-12-27;7;907
12;2025-12-27;8;1027
12;2025-12-27;9;1245
12;2025-12-27;10;1407
12;2025-12-27;11;1489
12;2025-12-27;12;1555
12;2025-12-27;13;1722
12;2025-12-27;14;1612
12;2025-12-27;15;1598
12;2025-12-27;16;1674
12;2025-12-27;17;1631
12;2025-12-27;18;1531
12;2025-12-27;19;1358
12;2025-12-27;20;937
12;2025-12-27;21;747
12;2025-12-27;22;417
12;2025-12-27;23;290
12;2025-12-28;0;88
12;2025-12-28;1;6
12;2025-12-28;2;0
12;2025-12-28;3;0
12;2025-12-28;4;3
12;2025-12-28;5;123
12;2025-12-28;6;496
12;2025-12-28;7;632
12;2025-12-28;8;700
12;2025-12-28;9;872
12;2025-12-28;10;1054
12;2025-12-28;11;1256
12;2025-12-28;12;1349
12;2025-12-28;13;1522
12;2025-12-28;14;1426
12;2025-12-28;15;1471
12;2025-12-28;16;1469
12;2025-12-28;17;1542
12;2025-12-28;18;1352
12;2025-12-28;19;1051
12;2025-12-28;20;816
12;2025-12-28;21;601
12;2025-12-28;22;392
12;2025-12-28;23;217
12;2025-12-29;0;53
12;2025-12-29;1;3
12;2025-12-29;2;0
12;2025-12-29;3;0
12;2025-12-29;4;6
12;2025-12-29;5;298
12;2025-12-29;6;1334
12;2025-12-29;7;2547
12;2025-12-29;8;3353
12;2025-12-29;9;2375
12;2025-12-29;10;1799
12;2025-12-29;11;1766
12;2025-12-29;12;1884
12;2025-12-29;13;1833
12;2025-12-29;14;1865
12;2025-12-29;15;2095
12;2025-12-29;16;2564
12;2025-12-29;17;2857
12;2025-12-29;18;3027
12;2025-12-29;19;2286
12;2025-12-29;20;1495
12;2025-12-29;21;882
12;2025-12-29;22;417
12;2025-12-29;23;209
12;2025-12-30;0;50
12;2025-12-30;1;1
12;2025-12-30;2;0
12;2025-12-30;3;0
12;2025-12-30;4;6
12;2025-12-30;5;313
12;2025-12-30;6;1343
12;2025-12-30;7;2584
12;2025-12-30;8;3436
12;2025-12-30;9;2428
12;2025-12-30;10;1992
12;2025-12-30;11;1933
12;2025-12-30;12;1945
12;2025-12-30;13;1952
12;2025-12-30;14;1915
12;2025-12-30;15;2119
12;2025-12-30;16;2565
12;2025-12-30;17;2902
12;2025-12-30;18;3021
12;2025-12-30;19;2299
12;2025-12-30;20;1447
12;2025-12-30;21;897
12;2025-12-30;22;461
12;2025-12-30;23;233
12;2025-12-31;0;70
12;2025-12-31;1;3
12;2025-12-31;2;0
12;2025-12-31;3;0
12;2025-12-31;4;2
12;2025-12-31;5;108
12;2025-12-31;6;446
12;2025-12-31;7;553
12;2025-12-31;8;605
12;2025-12-31;9;768
12;2025-12-31;10;929
12;2025-12-31;11;1054
12;2025-12-31;12;993
12;2025-12-31;13;1127
12;2025-12-31;14;1175
12;2025-12-31;15;1188
12;2025-12-31;16;1214
12;2025-12-31;17;1168
12;2025-12-31;18;1064
12;2025-12-31;19;877
12;2025-12-31;20;0
12;2025-12-31;21;0
12;2025-12-31;22;0
12;2025-12-31;23;0
17;2025-11-01;0;135
17;2025-11-01;1;15
17;2025-11-01;2;0
17;2025-11-01;3;0
17;2025-11-01;4;23
17;2025-11-01;5;293
17;2025-11-01;6;1455
17;2025-11-01;7;3828
17;2025-11-01;8;4961
17;2025-11-01;9;3580
17;2025-11-01;10;2870
17;2025-11-01;11;2916
17;2025-11-01;12;2902
17;2025-11-01;13;3059
17;2025-11-01;14;3128
17;2025-11-01;15;3300
17;2025-11-01;16;3865
17;2025-11-01;17;4282
17;2025-11-01;18;4048
17;2025-11-01;19;3082
17;2025-11-01;20;2255
17;2025-11-01;21;1470
17;2025-11-01;22;744
17;2025-11-01;23;421
17;2025-11-02;0;183
17;2025-11-02;1;24
17;2025-11-02;2;0
17;2025-11-02;3;0
17;2025-11-02;4;3
17;2025-11-02;5;100
17;2025-11-02;6;421
17;2025-11-02;7;816
17;2025-11-02;8;1261
17;2025-11-02;9;1701
17;2025-11-02;10;1976
17;2025-11-02;11;2509
17;2025-11-02;12;2833
17;2025-11-02;13;3023
17;2025-11-02;14;3119
17;2025-11-02;15;3105
17;2025-11-02;16;3186
17;2025-11-02;17;3063
17;2025-11-02;18;2739
17;2025-11-02;19;2196
17;2025-11-02;20;1656
17;2025-11-02;21;1178
17;2025-11-02;22;748
17;2025-11-02;23;333
17;2025-11-03;0;164
17;2025-11-03;1;23
17;2025-11-03;2;0
17;2025-11-03;3;0
17;2025-11-03;4;3
17;2025-11-03;5;114
17;2025-11-03;6;448
17;2025-11-03;7;850
17;2025-11-03;8;1309
17;2025-11-03;9;1651
17;2025-11-03;10;1906
17;2025-11-03;11;2408
17;2025-11-03;12;2715
17;2025-11-03;13;2913
17;2025-11-03;14;3027
17;2025-11-03;15;2969
17;2025-11-03;16;2916
17;2025-11-03;17;2877
17;2025-11-03;18;2634
17;2025-11-03;19;2127
17;2025-11-03;20;1677
17;2025-11-03;21;1176
17;2025-11-03;22;755
17;2025-11-03;23;345
17;2025-11-04;0;164
17;2025-11-04;1;23
17;2025-11-04;2;0
17;2025-11-04;3;0
17;2025-11-04;4;4
17;2025-11-04;5;114
17;2025-11-04;6;446
17;2025-11-04;7;846
17;2025-11-04;8;1295
17;2025-11-04;9;1635
17;2025-11-04;10;1903
17;2025-11-04;11;2416
17;2025-11-04;12;2711
17;2025-11-04;13;2901
17;2025-11-04;14;2982
17;2025-11-04;15;3142
17;2025-11-04;16;2938
17;2025-11-04;17;2873
17;2025-11-04;18;2638
17;2025-11-04;19;2156
17;2025-11-04;20;1663
17;2025-11-04;21;1189
17;2025-11-04;22;759
17;2025-11-04;23;345
17;2025-11-05;0;119
17;2025-11-05;1;11
17;2025-11-05;2;0
17;2025-11-05;3;0
17;2025-11-05;4;26
17;2025-11-05;5;328
17;2025-11-05;6;1577
17;2025-11-05;7;4180
17;2025-11-05;8;5444
17;2025-11-05;9;3897
17;2025-11-05;10;3105
17;2025-11-05;11;3057
17;2025-11-05;12;3092
17;2025-11-05;13;3143
17;2025-11-05;14;3228
17;2025-11-05;15;3342
17;2025-11-05;16;3739
17;2025-11-05;17;4381
17;2025-11-05;18;4876
17;2025-11-05;19;3399
17;2025-11-05;20;2400
17;2025-11-05;21;1496
17;2025-11-05;22;771
17;2025-11-05;23;382
17;2025-11-06;0;123
17;2025-11-06;1;12
17;2025-11-06;2;0
17;2025-11-06;3;0
17;2025-11-06;4;26
17;2025-11-06;5;325
17;2025-11-06;6;1566
17;2025-11-06;7;4194
17;2025-11-06;8;5418
17;2025-11-06;9;3893
17;2025-11-06;10;3104
17;2025-11-06;11;3074
17;2025-11-06;12;3102
17;2025-11-06;13;3159
17;2025-11-06;14;3218
17;2025-11-06;15;3359
17;2025-11-06;16;3749
17;2025-11-06;17;4464
17;2025-11-06;18;4691
17;2025-11-06;19;3416
17;2025-11-06;20;2406
17;2025-11-06;21;1505
17;2025-11-06;22;771
17;2025-11-06;23;391
17;2025-11-07;0;143
17;2025-11-07;1;16
17;2025-11-07;2;0
17;2025-11-07;3;0
17;2025-11-07;4;25
17;2025-11-07;5;311
17;2025-11-07;6;1541
17;2025-11-07;7;4062
17;2025-11-07;8;5271
17;2025-11-07;9;3803
17;2025-11-07;10;3045
17;2025-11-07;11;3090
17;2025-11-07;12;3072
17;2025-11-07;13;3233
17;2025-11-07;14;3310
17;2025-11-07;15;3527
17;2025-11-07;16;4103
17;2025-11-07;17;4658
17;2025-11-07;18;4295
17;2025-11-07;19;3262
17;2025-11-07;20;2380
17;2025-11-07;21;1546
17;2025-11-07;22;778
17;2025-11-07;23;450
17;2025-11-08;0;197
17;2025-11-08;1;26
17;2025-11-08;2;0
17;2025-11-08;3;0
17;2025-11-08;4;5
17;2025-11-08;5;132
17;2025-11-08;6;604
17;2025-11-08;7;1340
17;2025-11-08;8;1801
17;2025-11-08;9;2241
17;2025-11-08;10;2505
17;2025-11-08;11;2933
17;2025-11-08;12;3215
17;2025-11-08;13;3427
17;2025-11-08;14;3428
17;2025-11-08;15;3464
17;2025-11-08;16;3505
17;2025-11-08;17;3312
17;2025-11-08;18;3105
17;2025-11-08;19;2535
17;2025-11-08;20;1917
17;2025-11-08;21;1367
17;2025-11-08;22;864
17;2025-11-08;23;452
17;2025-11-09;0;184
17;2025-11-09;1;25
17;2025-11-09;2;0
17;2025-11-09;3;0
17;2025-11-09;4;3
17;2025-11-09;5;99
17;2025-11-09;6;424
17;2025-11-09;7;835
17;2025-11-09;8;1261
17;2025-11-09;9;1706
17;2025-11-09;10;2047
17;2025-11-09;11;2592
17;2025-11-09;12;2969
17;2025-11-09;13;3193
17;2025-11-09;14;3150
17;2025-11-09;15;3105
17;2025-11-09;16;3020
17;2025-11-09;17;2911
17;2025-11-09;18;2741
17;2025-11-09;19;2195
17;2025-11-09;20;1657
17;2025-11-09;21;1177
17;2025-11-09;22;738
17;2025-11-09;23;330
17;2025-11-10;0;119
17;2025-11-10;1;13
17;2025-11-10;2;0
17;2025-11-10;3;0
17;2025-11-10;4;26
17;2025-11-10;5;324
17;2025-11-10;6;1604
17;2025-11-10;7;4193
17;2025-11-10;8;5458
17;2025-11-10;9;3891
17;2025-11-10;10;2994
17;2025-11-10;11;2927
17;2025-11-10;12;2931
17;2025-11-10;13;3053
17;2025-11-10;14;3063
17;2025-11-10;15;3253
17;2025-11-10;16;3712
17;2025-11-10;17;4390
17;2025-11-10;18;4761
17;2025-11-10;19;3333
17;2025-11-10;20;2304
17;2025-11-10;21;1428
17;2025-11-10;22;701
17;2025-11-10;23;329
17;2025-11-11;0;116
17;2025-11-11;1;11
17;2025-11-11;2;0
17;2025-11-11;3;0
17;2025-11-11;4;26
17;2025-11-11;5;328
17;2025-11-11;6;1574
17;2025-11-11;7;4181
17;2025-11-11;8;5452
17;2025-11-11;9;3901
17;2025-11-11;10;3083
17;2025-11-11;11;3046
17;2025-11-11;12;3062
17;2025-11-11;13;3128
17;2025-11-11;14;3215
17;2025-11-11;15;3332
17;2025-11-11;16;3745
17;2025-11-11;17;4563
17;2025-11-11;18;4886
17;2025-11-11;19;3415
17;2025-11-11;20;2394
17;2025-11-11;21;1490
17;2025-11-11;22;757
17;2025-11-11;23;366
17;2025-11-12;0;119
17;2025-11-12;1;11
17;2025-11-12;2;0
17;2025-11-12;3;0
17;2025-11-12;4;26
17;2025-11-12;5;329
17;2025-11-12;6;1575
17;2025-11-12;7;4144
17;2025-11-12;8;5420
17;2025-11-12;9;3895
17;2025-11-12;10;3098
17;2025-11-12;11;3055
17;2025-11-12;12;3070
17;2025-11-12;13;3142
17;2025-11-12;14;3222
17;2025-11-12;15;3340
17;2025-11-12;16;3750
17;2025-11-12;17;4567
17;2025-11-12;18;4880
17;2025-11-12;19;3423
17;2025-11-12;20;2408
17;2025-11-12;21;1501
17;2025-11-12;22;776
17;2025-11-12;23;385
17;2025-11-13;0;123
17;2025-11-13;1;12
17;2025-11-13;2;0
17;2025-11-13;3;0
17;2025-11-13;4;26
17;2025-11-13;5;325
17;2025-11-13;6;1565
17;2025-11-13;7;4170
17;2025-11-13;8;5407
17;2025-11-13;9;3893
17;2025-11-13;10;3104
17;2025-11-13;11;3075
17;2025-11-13;12;3095
17;2025-11-13;13;3158
17;2025-11-13;14;3239
17;2025-11-13;15;3400
17;2025-11-13;16;3800
17;2025-11-13;17;4631
17;2025-11-13;18;4881
17;2025-11-13;19;3450
17;2025-11-13;20;2403
17;2025-11-13;21;1501
17;2025-11-13;22;775
17;2025-11-13;23;391
17;2025-11-14;0;143
17;2025-11-14;1;16
17;2025-11-14;2;0
17;2025-11-14;3;0
17;2025-11-14;4;25
17;2025-11-14;5;311
17;2025-11-14;6;1546
17;2025-11-14;7;4032
17;2025-11-14;8;5246
17;2025-11-14;9;3799
17;2025-11-14;10;3028
17;2025-11-14;11;3088
17;2025-11-14;12;3061
17;2025-11-14;13;3226
17;2025-11-14;14;3298
17;2025-11-14;15;3514
17;2025-11-14;16;4097
17;2025-11-14;17;4651
17;2025-11-14;18;4394
17;2025-11-14;19;3265
17;2025-11-14;20;2390
17;2025-11-14;21;1554
17;2025-11-14;22;789
17;2025-11-14;23;454
17;2025-11-15;0;197
17;2025-11-15;1;26
17;2025-11-15;2;0
17;2025-11-15;3;0
17;2025-11-15;4;5
17;2025-11-15;5;130
17;2025-11-15;6;599
17;2025-11-15;7;1335
17;2025-11-15;8;1803
17;2025-11-15;9;2242
17;2025-11-15;10;2508
17;2025-11-15;11;2908
17;2025-11-15;12;3193
17;2025-11-15;13;3405
17;2025-11-15;14;3418
17;2025-11-15;15;3442
17;2025-11-15;16;3475
17;2025-11-15;17;3282
17;2025-11-15;18;3072
17;2025-11-15;19;2455
17;2025-11-15;20;1929
17;2025-11-15;21;1347
17;2025-11-15;22;853
17;2025-11-15;23;446
17;2025-11-16;0;181
17;2025-11-16;1;23
17;2025-11-16;2;0
17;2025-11-16;3;0
17;2025-11-16;4;3
17;2025-11-16;5;93
17;2025-11-16;6;418
17;2025-11-16;7;829
17;2025-11-16;8;1257
17;2025-11-16;9;1699
17;2025-11-16;10;1977
17;2025-11-16;11;2515
17;2025-11-16;12;2856
17;2025-11-16;13;3019
17;2025-11-16;14;3144
17;2025-11-16;15;3096
17;2025-11-16;16;2989
17;2025-11-16;17;2902
17;2025-11-16;18;2725
17;2025-11-16;19;2185
17;2025-11-16;20;1647
17;2025-11-16;21;1151
17;2025-11-16;22;730
17;2025-11-16;23;328
17;2025-11-17;0;119
17;2025-11-17;1;13
17;2025-11-17;2;0
17;2025-11-17;3;0
17;2025-11-17;4;27
17;2025-11-17;5;326
17;2025-11-17;6;1602
17;2025-11-17;7;4222
17;2025-11-17;8;5469
17;2025-11-17;9;3905
17;2025-11-17;10;3003
17;2025-11-17;11;2966
17;2025-11-17;12;2965
17;2025-11-17;13;3060
17;2025-11-17;14;3083
17;2025-11-17;15;3293
17;2025-11-17;16;3729
17;2025-11-17;17;4392
17;2025-11-17;18;4759
17;2025-11-17;19;3329
17;2025-11-17;20;2304
17;2025-11-17;21;1429
17;2025-11-17;22;696
17;2025-11-17;23;323
17;2025-11-18;0;116
17;2025-11-18;1;11
17;2025-11-18;2;0
17;2025-11-18;3;0
17;2025-11-18;4;26
17;2025-11-18;5;330
17;2025-11-18;6;1577
17;2025-11-18;7;4185
17;2025-11-18;8;5440
17;2025-11-18;9;3909
17;2025-11-18;10;3088
17;2025-11-18;11;3056
17;2025-11-18;12;3066
17;2025-11-18;13;3124
17;2025-11-18;14;3206
17;2025-11-18;15;3325
17;2025-11-18;16;3740
17;2025-11-18;17;4556
17;2025-11-18;18;4871
17;2025-11-18;19;3418
17;2025-11-18;20;2397
17;2025-11-18;21;1493
17;2025-11-18;22;760
17;2025-11-18;23;365
17;2025-11-19;0;119
17;2025-11-19;1;11
17;2025-11-19;2;0
17;2025-11-19;3;0
17;2025-11-19;4;26
17;2025-11-19;5;329
17;2025-11-19;6;1575
17;2025-11-19;7;4177
17;2025-11-19;8;5418
17;2025-11-19;9;3899
17;2025-11-19;10;3101
17;2025-11-19;11;3071
17;2025-11-19;12;3085
17;2025-11-19;13;3143
17;2025-11-19;14;3227
17;2025-11-19;15;3340
17;2025-11-19;16;3748
17;2025-11-19;17;4565
17;2025-11-19;18;4878
17;2025-11-19;19;3424
17;2025-11-19;20;2406
17;2025-11-19;21;1503
17;2025-11-19;22;777
17;2025-11-19;23;387
17;2025-11-20;0;123
17;2025-11-20;1;12
17;2025-11-20;2;0
17;2025-11-20;3;0
17;2025-11-20;4;26
17;2025-11-20;5;326
17;2025-11-20;6;1572
17;2025-11-20;7;4138
17;2025-11-20;8;5382
17;2025-11-20;9;3871
17;2025-11-20;10;3109
17;2025-11-20;11;3078
17;2025-11-20;12;3097
17;2025-11-20;13;3154
17;2025-11-20;14;3238
17;2025-11-20;15;3353
17;2025-11-20;16;3762
17;2025-11-20;17;4568
17;2025-11-20;18;4874
17;2025-11-20;19;3417
17;2025-11-20;20;2403
17;2025-11-20;21;1502
17;2025-11-20;22;776
17;2025-11-20;23;389
17;2025-11-21;0;143
17;2025-11-21;1;16
17;2025-11-21;2;0
17;2025-11-21;3;0
17;2025-11-21;4;25
17;2025-11-21;5;317
17;2025-11-21;6;1546
17;2025-11-21;7;4069
17;2025-11-21;8;5255
17;2025-11-21;9;3808
17;2025-11-21;10;3054
17;2025-11-21;11;3089
17;2025-11-21;12;3066
17;2025-11-21;13;3226
17;2025-11-21;14;3300
17;2025-11-21;15;3515
17;2025-11-21;16;4095
17;2025-11-21;17;4649
17;2025-11-21;18;4286
17;2025-11-21;19;3245
17;2025-11-21;20;2374
17;2025-11-21;21;1540
17;2025-11-21;22;780
17;2025-11-21;23;454
17;2025-11-22;0;197
17;2025-11-22;1;26
17;2025-11-22;2;0
17;2025-11-22;3;0
17;2025-11-22;4;5
17;2025-11-22;5;131
17;2025-11-22;6;601
17;2025-11-22;7;1333
17;2025-11-22;8;1787
17;2025-11-22;9;2229
17;2025-11-22;10;2318
17;2025-11-22;11;2899
17;2025-11-22;12;3181
17;2025-11-22;13;3423
17;2025-11-22;14;3432
17;2025-11-22;15;3441
17;2025-11-22;16;3479
17;2025-11-22;17;3286
17;2025-11-22;18;3071
17;2025-11-22;19;2454
17;2025-11-22;20;1930
17;2025-11-22;21;1350
17;2025-11-22;22;855
17;2025-11-22;23;450
17;2025-11-23;0;181
17;2025-11-23;1;23
17;2025-11-23;2;0
17;2025-11-23;3;0
17;2025-11-23;4;3
17;2025-11-23;5;98
17;2025-11-23;6;423
17;2025-11-23;7;836
17;2025-11-23;8;1262
17;2025-11-23;9;1607
17;2025-11-23;10;1849
17;2025-11-23;11;2501
17;2025-11-23;12;2818
17;2025-11-23;13;2999
17;2025-11-23;14;3086
17;2025-11-23;15;3063
17;2025-11-23;16;2983
17;2025-11-23;17;2885
17;2025-11-23;18;2581
17;2025-11-23;19;2090
17;2025-11-23;20;1645
17;2025-11-23;21;1168
17;2025-11-23;22;746
17;2025-11-23;23;336
17;2025-11-24;0;119
17;2025-11-24;1;13
17;2025-11-24;2;0
17;2025-11-24;3;0
17;2025-11-24;4;27
17;2025-11-24;5;322
17;2025-11-24;6;1597
17;2025-11-24;7;4212
17;2025-11-24;8;5451
17;2025-11-24;9;3882
17;2025-11-24;10;2990
17;2025-11-24;11;2936
17;2025-11-24;12;2937
17;2025-11-24;13;3041
17;2025-11-24;14;3045
17;2025-11-24;15;3233
17;2025-11-24;16;3723
17;2025-11-24;17;4389
17;2025-11-24;18;4746
17;2025-11-24;19;3328
17;2025-11-24;20;2302
17;2025-11-24;21;1428
17;2025-11-24;22;695
17;2025-11-24;23;329
17;2025-11-25;0;116
17;2025-11-25;1;11
17;2025-11-25;2;0
17;2025-11-25;3;0
17;2025-11-25;4;26
17;2025-11-25;5;326
17;2025-11-25;6;1572
17;2025-11-25;7;4178
17;2025-11-25;8;5431
17;2025-11-25;9;3890
17;2025-11-25;10;3076
17;2025-11-25;11;3045
17;2025-11-25;12;3078
17;2025-11-25;13;3130
17;2025-11-25;14;3194
17;2025-11-25;15;3312
17;2025-11-25;16;3774
17;2025-11-25;17;4549
17;2025-11-25;18;4930
17;2025-11-25;19;3453
17;2025-11-25;20;2403
17;2025-11-25;21;1499
17;2025-11-25;22;764
17;2025-11-25;23;368
17;2025-11-26;0;118
17;2025-11-26;1;11
17;2025-11-26;2;0
17;2025-11-26;3;0
17;2025-11-26;4;26
17;2025-11-26;5;327
17;2025-11-26;6;1570
17;2025-11-26;7;4201
17;2025-11-26;8;5440
17;2025-11-26;9;3913
17;2025-11-26;10;3111
17;2025-11-26;11;3084
17;2025-11-26;12;3097
17;2025-11-26;13;3131
17;2025-11-26;14;3209
17;2025-11-26;15;3324
17;2025-11-26;16;3734
17;2025-11-26;17;4551
17;2025-11-26;18;4858
17;2025-11-26;19;3414
17;2025-11-26;20;2402
17;2025-11-26;21;1498
17;2025-11-26;22;776
17;2025-11-26;23;384
17;2025-11-27;0;123
17;2025-11-27;1;12
17;2025-11-27;2;0
17;2025-11-27;3;0
17;2025-11-27;4;26
17;2025-11-27;5;334
17;2025-11-27;6;1572
17;2025-11-27;7;4141
17;2025-11-27;8;5397
17;2025-11-27;9;3883
17;2025-11-27;10;3112
17;2025-11-27;11;3083
17;2025-11-27;12;3092
17;2025-11-27;13;3151
17;2025-11-27;14;3235
17;2025-11-27;15;3395
17;2025-11-27;16;3757
17;2025-11-27;17;4560
17;2025-11-27;18;4858
17;2025-11-27;19;3409
17;2025-11-27;20;2401
17;2025-11-27;21;1498
17;2025-11-27;22;774
17;2025-11-27;23;385
17;2025-11-28;0;143
17;2025-11-28;1;16
17;2025-11-28;2;0
17;2025-11-28;3;0
17;2025-11-28;4;25
17;2025-11-28;5;317
17;2025-11-28;6;1547
17;2025-11-28;7;4068
17;2025-11-28;8;5252
17;2025-11-28;9;3804
17;2025-11-28;10;3049
17;2025-11-28;11;3089
17;2025-11-28;12;3058
17;2025-11-28;13;3220
17;2025-11-28;14;3288
17;2025-11-28;15;3519
17;2025-11-28;16;4098
17;2025-11-28;17;4660
17;2025-11-28;18;4392
17;2025-11-28;19;3271
17;2025-11-28;20;2402
17;2025-11-28;21;1568
17;2025-11-28;22;796
17;2025-11-28;23;465
17;2025-11-29;0;198
17;2025-11-29;1;26
17;2025-11-29;2;0
17;2025-11-29;3;0
17;2025-11-29;4;5
17;2025-11-29;5;97
17;2025-11-29;6;558
17;2025-11-29;7;1291
17;2025-11-29;8;1756
17;2025-11-29;9;2174
17;2025-11-29;10;2492
17;2025-11-29;11;2998
17;2025-11-29;12;3297
17;2025-11-29;13;3523
17;2025-11-29;14;3436
17;2025-11-29;15;3476
17;2025-11-29;16;3515
17;2025-11-29;17;3322
17;2025-11-29;18;3080
17;2025-11-29;19;2458
17;2025-11-29;20;1935
17;2025-11-29;21;1356
17;2025-11-29;22;862
17;2025-11-29;23;453
17;2025-11-30;0;182
17;2025-11-30;1;23
17;2025-11-30;2;0
17;2025-11-30;3;0
17;2025-11-30;4;3
17;2025-11-30;5;94
17;2025-11-30;6;421
17;2025-11-30;7;835
17;2025-11-30;8;1261
17;2025-11-30;9;1696
17;2025-11-30;10;1966
17;2025-11-30;11;2506
17;2025-11-30;12;2806
17;2025-11-30;13;2996
17;2025-11-30;14;3090
17;2025-11-30;15;2892
17;2025-11-30;16;2995
17;2025-11-30;17;2889
17;2025-11-30;18;2587
17;2025-11-30;19;2098
17;2025-11-30;20;1648
17;2025-11-30;21;1171
17;2025-11-30;22;747
17;2025-11-30;23;337
17;2025-12-01;0;118
17;2025-12-01;1;13
17;2025-12-01;2;0
17;2025-12-01;3;0
17;2025-12-01;4;27
17;2025-12-01;5;318
17;2025-12-01;6;1590
17;2025-12-01;7;4203
17;2025-12-01;8;5444
17;2025-12-01;9;3876
17;2025-12-01;10;2991
17;2025-12-01;11;2927
17;2025-12-01;12;2930
17;2025-12-01;13;3047
17;2025-12-01;14;3052
17;2025-12-01;15;3238
17;2025-12-01;16;3721
17;2025-12-01;17;4386
17;2025-12-01;18;4743
17;2025-12-01;19;3327
17;2025-12-01;20;2304
17;2025-12-01;21;1425
17;2025-12-01;22;693
17;2025-12-01;23;323
17;2025-12-02;0;115
17;2025-12-02;1;10
17;2025-12-02;2;0
17;2025-12-02;3;0
17;2025-12-02;4;26
17;2025-12-02;5;325
17;2025-12-02;6;1571
17;2025-12-02;7;4172
17;2025-12-02;8;5422
17;2025-12-02;9;3883
17;2025-12-02;10;3059
17;2025-12-02;11;3027
17;2025-12-02;12;3037
17;2025-12-02;13;3109
17;2025-12-02;14;3189
17;2025-12-02;15;3307
17;2025-12-02;16;3723
17;2025-12-02;17;4546
17;2025-12-02;18;4863
17;2025-12-02;19;3412
17;2025-12-02;20;2402
17;2025-12-02;21;1491
17;2025-12-02;22;758
17;2025-12-02;23;361
17;2025-12-03;0;118
17;2025-12-03;1;11
17;2025-12-03;2;0
17;2025-12-03;3;0
17;2025-12-03;4;26
17;2025-12-03;5;325
17;2025-12-03;6;1569
17;2025-12-03;7;4168
17;2025-12-03;8;5404
17;2025-12-03;9;3879
17;2025-12-03;10;3078
17;2025-12-03;11;3057
17;2025-12-03;12;3067
17;2025-12-03;13;3122
17;2025-12-03;14;3202
17;2025-12-03;15;3320
17;2025-12-03;16;3733
17;2025-12-03;17;4549
17;2025-12-03;18;4858
17;2025-12-03;19;3397
17;2025-12-03;20;2393
17;2025-12-03;21;1498
17;2025-12-03;22;771
17;2025-12-03;23;379
17;2025-12-04;0;122
17;2025-12-04;1;11
17;2025-12-04;2;0
17;2025-12-04;3;0
17;2025-12-04;4;26
17;2025-12-04;5;322
17;2025-12-04;6;1567
17;2025-12-04;7;4163
17;2025-12-04;8;5395
17;2025-12-04;9;3882
17;2025-12-04;10;3089
17;2025-12-04;11;3066
17;2025-12-04;12;3081
17;2025-12-04;13;3144
17;2025-12-04;14;3222
17;2025-12-04;15;3341
17;2025-12-04;16;3754
17;2025-12-04;17;4559
17;2025-12-04;18;4862
17;2025-12-04;19;3408
17;2025-12-04;20;2405
17;2025-12-04;21;1504
17;2025-12-04;22;777
17;2025-12-04;23;387
17;2025-12-05;0;144
17;2025-12-05;1;16
17;2025-12-05;2;0
17;2025-12-05;3;0
17;2025-12-05;4;25
17;2025-12-05;5;313
17;2025-12-05;6;1542
17;2025-12-05;7;4060
17;2025-12-05;8;5242
17;2025-12-05;9;3787
17;2025-12-05;10;3033
17;2025-12-05;11;3076
17;2025-12-05;12;3046
17;2025-12-05;13;3221
17;2025-12-05;14;3291
17;2025-12-05;15;3520
17;2025-12-05;16;4099
17;2025-12-05;17;4650
17;2025-12-05;18;4392
17;2025-12-05;19;3267
17;2025-12-05;20;2394
17;2025-12-05;21;1560
17;2025-12-05;22;791
17;2025-12-05;23;457
17;2025-12-06;0;197
17;2025-12-06;1;26
17;2025-12-06;2;0
17;2025-12-06;3;0
17;2025-12-06;4;5
17;2025-12-06;5;123
17;2025-12-06;6;588
17;2025-12-06;7;1322
17;2025-12-06;8;1758
17;2025-12-06;9;2172
17;2025-12-06;10;2435
17;2025-12-06;11;2874
17;2025-12-06;12;3160
17;2025-12-06;13;3395
17;2025-12-06;14;3407
17;2025-12-06;15;3446
17;2025-12-06;16;3483
17;2025-12-06;17;3290
17;2025-12-06;18;3079
17;2025-12-06;19;2465
17;2025-12-06;20;1933
17;2025-12-06;21;1353
17;2025-12-06;22;856
17;2025-12-06;23;446
17;2025-12-07;0;183
17;2025-12-07;1;24
17;2025-12-07;2;0
17;2025-12-07;3;0
17;2025-12-07;4;3
17;2025-12-07;5;95
17;2025-12-07;6;391
17;2025-12-07;7;809
17;2025-12-07;8;1236
17;2025-12-07;9;1652
17;2025-12-07;10;1845
17;2025-12-07;11;2493
17;2025-12-07;12;2816
17;2025-12-07;13;3014
17;2025-12-07;14;3106
17;2025-12-07;15;3088
17;2025-12-07;16;3010
17;2025-12-07;17;2901
17;2025-12-07;18;2598
17;2025-12-07;19;2101
17;2025-12-07;20;1651
17;2025-12-07;21;1179
17;2025-12-07;22;753
17;2025-12-07;23;341
17;2025-12-08;0;119
17;2025-12-08;1;13
17;2025-12-08;2;0
17;2025-12-08;3;0
17;2025-12-08;4;27
17;2025-12-08;5;315
17;2025-12-08;6;1589
17;2025-12-08;7;4203
17;2025-12-08;8;5442
17;2025-12-08;9;3873
17;2025-12-08;10;2984
17;2025-12-08;11;2924
17;2025-12-08;12;2929
17;2025-12-08;13;3050
17;2025-12-08;14;3058
17;2025-12-08;15;3244
17;2025-12-08;16;3724
17;2025-12-08;17;4383
17;2025-12-08;18;4741
17;2025-12-08;19;3330
17;2025-12-08;20;2306
17;2025-12-08;21;1433
17;2025-12-08;22;699
17;2025-12-08;23;326
17;2025-12-09;0;116
17;2025-12-09;1;11
17;2025-12-09;2;0
17;2025-12-09;3;0
17;2025-12-09;4;26
17;2025-12-09;5;319
17;2025-12-09;6;1564
17;2025-12-09;7;4167
17;2025-12-09;8;5429
17;2025-12-09;9;3890
17;2025-12-09;10;3044
17;2025-12-09;11;3019
17;2025-12-09;12;3035
17;2025-12-09;13;3102
17;2025-12-09;14;3181
17;2025-12-09;15;3312
17;2025-12-09;16;3727
17;2025-12-09;17;4545
17;2025-12-09;18;4862
17;2025-12-09;19;3412
17;2025-12-09;20;2394
17;2025-12-09;21;1491
17;2025-12-09;22;758
17;2025-12-09;23;360
17;2025-12-10;0;118
17;2025-12-10;1;11
17;2025-12-10;2;0
17;2025-12-10;3;0
17;2025-12-10;4;26
17;2025-12-10;5;325
17;2025-12-10;6;1570
17;2025-12-10;7;4169
17;2025-12-10;8;5406
17;2025-12-10;9;3879
17;2025-12-10;10;3076
17;2025-12-10;11;3047
17;2025-12-10;12;3055
17;2025-12-10;13;3115
17;2025-12-10;14;3206
17;2025-12-10;15;3325
17;2025-12-10;16;3726
17;2025-12-10;17;4543
17;2025-12-10;18;4855
17;2025-12-10;19;3412
17;2025-12-10;20;2393
17;2025-12-10;21;1490
17;2025-12-10;22;764
17;2025-12-10;23;379
17;2025-12-11;0;123
17;2025-12-11;1;12
17;2025-12-11;2;0
17;2025-12-11;3;0
17;2025-12-11;4;26
17;2025-12-11;5;323
17;2025-12-11;6;1568
17;2025-12-11;7;4164
17;2025-12-11;8;5397
17;2025-12-11;9;3881
17;2025-12-11;10;3087
17;2025-12-11;11;3058
17;2025-12-11;12;3082
17;2025-12-11;13;3145
17;2025-12-11;14;3226
17;2025-12-11;15;3346
17;2025-12-11;16;3746
17;2025-12-11;17;4552
17;2025-12-11;18;4854
17;2025-12-11;19;3408
17;2025-12-11;20;2405
17;2025-12-11;21;1504
17;2025-12-11;22;770
17;2025-12-11;23;381
17;2025-12-12;0;143
17;2025-12-12;1;16
17;2025-12-12;2;0
17;2025-12-12;3;0
17;2025-12-12;4;25
17;2025-12-12;5;313
17;2025-12-12;6;1542
17;2025-12-12;7;4060
17;2025-12-12;8;5242
17;2025-12-12;9;3787
17;2025-12-12;10;3033
17;2025-12-12;11;3076
17;2025-12-12;12;3054
17;2025-12-12;13;3217
17;2025-12-12;14;3288
17;2025-12-12;15;3519
17;2025-12-12;16;4099
17;2025-12-12;17;4650
17;2025-12-12;18;4392
17;2025-12-12;19;3264
17;2025-12-12;20;2396
17;2025-12-12;21;1558
17;2025-12-12;22;790
17;2025-12-12;23;458
17;2025-12-13;0;197
17;2025-12-13;1;26
17;2025-12-13;2;0
17;2025-12-13;3;0
17;2025-12-13;4;5
17;2025-12-13;5;132
17;2025-12-13;6;602
17;2025-12-13;7;1335
17;2025-12-13;8;1800
17;2025-12-13;9;2232
17;2025-12-13;10;2471
17;2025-12-13;11;2785
17;2025-12-13;12;3187
17;2025-12-13;13;3405
17;2025-12-13;14;3417
17;2025-12-13;15;3454
17;2025-12-13;16;3490
17;2025-12-13;17;3298
17;2025-12-13;18;3089
17;2025-12-13;19;2466
17;2025-12-13;20;1933
17;2025-12-13;21;1353
17;2025-12-13;22;841
17;2025-12-13;23;444
17;2025-12-14;0;181
17;2025-12-14;1;23
17;2025-12-14;2;0
17;2025-12-14;3;0
17;2025-12-14;4;3
17;2025-12-14;5;71
17;2025-12-14;6;395
17;2025-12-14;7;809
17;2025-12-14;8;1235
17;2025-12-14;9;1652
17;2025-12-14;10;1959
17;2025-12-14;11;2497
17;2025-12-14;12;2816
17;2025-12-14;13;3014
17;2025-12-14;14;3106
17;2025-12-14;15;3081
17;2025-12-14;16;3010
17;2025-12-14;17;2901
17;2025-12-14;18;2598
17;2025-12-14;19;2101
17;2025-12-14;20;1652
17;2025-12-14;21;1173
17;2025-12-14;22;749
17;2025-12-14;23;337
17;2025-12-15;0;119
17;2025-12-15;1;13
17;2025-12-15;2;0
17;2025-12-15;3;0
17;2025-12-15;4;27
17;2025-12-15;5;320
17;2025-12-15;6;1595
17;2025-12-15;7;4206
17;2025-12-15;8;5445
17;2025-12-15;9;3876
17;2025-12-15;10;2985
17;2025-12-15;11;2930
17;2025-12-15;12;2932
17;2025-12-15;13;3046
17;2025-12-15;14;3051
17;2025-12-15;15;3240
17;2025-12-15;16;3732
17;2025-12-15;17;4394
17;2025-12-15;18;4748
17;2025-12-15;19;3331
17;2025-12-15;20;2309
17;2025-12-15;21;1435
17;2025-12-15;22;703
17;2025-12-15;23;328
17;2025-12-16;0;115
17;2025-12-16;1;11
17;2025-12-16;2;0
17;2025-12-16;3;0
17;2025-12-16;4;26
17;2025-12-16;5;324
17;2025-12-16;6;1569
17;2025-12-16;7;4174
17;2025-12-16;8;5425
17;2025-12-16;9;3886
17;2025-12-16;10;3061
17;2025-12-16;11;3027
17;2025-12-16;12;3037
17;2025-12-16;13;3109
17;2025-12-16;14;3189
17;2025-12-16;15;3311
17;2025-12-16;16;3728
17;2025-12-16;17;4545
17;2025-12-16;18;4859
17;2025-12-16;19;3408
17;2025-12-16;20;2389
17;2025-12-16;21;1481
17;2025-12-16;22;753
17;2025-12-16;23;363
17;2025-12-17;0;118
17;2025-12-17;1;11
17;2025-12-17;2;0
17;2025-12-17;3;0
17;2025-12-17;4;26
17;2025-12-17;5;328
17;2025-12-17;6;1576
17;2025-12-17;7;4176
17;2025-12-17;8;5415
17;2025-12-17;9;3897
17;2025-12-17;10;3095
17;2025-12-17;11;3044
17;2025-12-17;12;3070
17;2025-12-17;13;3123
17;2025-12-17;14;3206
17;2025-12-17;15;3322
17;2025-12-17;16;3729
17;2025-12-17;17;4546
17;2025-12-17;18;4855
17;2025-12-17;19;3406
17;2025-12-17;20;2397
17;2025-12-17;21;1497
17;2025-12-17;22;775
17;2025-12-17;23;380
17;2025-12-18;0;122
17;2025-12-18;1;11
17;2025-12-18;2;0
17;2025-12-18;3;0
17;2025-12-18;4;26
17;2025-12-18;5;315
17;2025-12-18;6;1575
17;2025-12-18;7;4163
17;2025-12-18;8;5397
17;2025-12-18;9;3882
17;2025-12-18;10;3089
17;2025-12-18;11;3058
17;2025-12-18;12;3082
17;2025-12-18;13;3144
17;2025-12-18;14;3226
17;2025-12-18;15;3345
17;2025-12-18;16;3754
17;2025-12-18;17;4559
17;2025-12-18;18;4862
17;2025-12-18;19;3408
17;2025-12-18;20;2405
17;2025-12-18;21;1504
17;2025-12-18;22;777
17;2025-12-18;23;388
17;2025-12-19;0;143
17;2025-12-19;1;16
17;2025-12-19;2;0
17;2025-12-19;3;0
17;2025-12-19;4;25
17;2025-12-19;5;319
17;2025-12-19;6;1554
17;2025-12-19;7;4005
17;2025-12-19;8;5243
17;2025-12-19;9;3790
17;2025-12-19;10;3039
17;2025-12-19;11;3089
17;2025-12-19;12;3057
17;2025-12-19;13;3218
17;2025-12-19;14;3284
17;2025-12-19;15;3516
17;2025-12-19;16;4078
17;2025-12-19;17;4635
17;2025-12-19;18;4380
17;2025-12-19;19;3263
17;2025-12-19;20;2391
17;2025-12-19;21;1551
17;2025-12-19;22;782
17;2025-12-19;23;452
17;2025-12-20;0;197
17;2025-12-20;1;26
17;2025-12-20;2;0
17;2025-12-20;3;0
17;2025-12-20;4;5
17;2025-12-20;5;131
17;2025-12-20;6;601
17;2025-12-20;7;1335
17;2025-12-20;8;1802
17;2025-12-20;9;2239
17;2025-12-20;10;2526
17;2025-12-20;11;2905
17;2025-12-20;12;3185
17;2025-12-20;13;3398
17;2025-12-20;14;3414
17;2025-12-20;15;3454
17;2025-12-20;16;3490
17;2025-12-20;17;3298
17;2025-12-20;18;3186
17;2025-12-20;19;2483
17;2025-12-20;20;1922
17;2025-12-20;21;1346
17;2025-12-20;22;858
17;2025-12-20;23;454
17;2025-12-21;0;183
17;2025-12-21;1;24
17;2025-12-21;2;0
17;2025-12-21;3;0
17;2025-12-21;4;3
17;2025-12-21;5;100
17;2025-12-21;6;425
17;2025-12-21;7;835
17;2025-12-21;8;1263
17;2025-12-21;9;1697
17;2025-12-21;10;1974
17;2025-12-21;11;2612
17;2025-12-21;12;2842
17;2025-12-21;13;3003
17;2025-12-21;14;3095
17;2025-12-21;15;3067
17;2025-12-21;16;2989
17;2025-12-21;17;2879
17;2025-12-21;18;2570
17;2025-12-21;19;2083
17;2025-12-21;20;1635
17;2025-12-21;21;1159
17;2025-12-21;22;738
17;2025-12-21;23;333
17;2025-12-22;0;119
17;2025-12-22;1;13
17;2025-12-22;2;0
17;2025-12-22;3;0
17;2025-12-22;4;27
17;2025-12-22;5;322
17;2025-12-22;6;1596
17;2025-12-22;7;4211
17;2025-12-22;8;5451
17;2025-12-22;9;3881
17;2025-12-22;10;2985
17;2025-12-22;11;2933
17;2025-12-22;12;2929
17;2025-12-22;13;3047
17;2025-12-22;14;3052
17;2025-12-22;15;3292
17;2025-12-22;16;3721
17;2025-12-22;17;4384
17;2025-12-22;18;4806
17;2025-12-22;19;3369
17;2025-12-22;20;2311
17;2025-12-22;21;1437
17;2025-12-22;22;703
17;2025-12-22;23;328
17;2025-12-23;0;116
17;2025-12-23;1;10
17;2025-12-23;2;0
17;2025-12-23;3;0
17;2025-12-23;4;26
17;2025-12-23;5;330
17;2025-12-23;6;1576
17;2025-12-23;7;4181
17;2025-12-23;8;5435
17;2025-12-23;9;3902
17;2025-12-23;10;3080
17;2025-12-23;11;3059
17;2025-12-23;12;3075
17;2025-12-23;13;3127
17;2025-12-23;14;3219
17;2025-12-23;15;3309
17;2025-12-23;16;3723
17;2025-12-23;17;4539
17;2025-12-23;18;4858
17;2025-12-23;19;3408
17;2025-12-23;20;2393
17;2025-12-23;21;1490
17;2025-12-23;22;758
17;2025-12-23;23;362
17;2025-12-24;0;118
17;2025-12-24;1;11
17;2025-12-24;2;0
17;2025-12-24;3;0
17;2025-12-24;4;26
17;2025-12-24;5;332
17;2025-12-24;6;1585
17;2025-12-24;7;4151
17;2025-12-24;8;5416
17;2025-12-24;9;3899
17;2025-12-24;10;3096
17;2025-12-24;11;3065
17;2025-12-24;12;3075
17;2025-12-24;13;3133
17;2025-12-24;14;3208
17;2025-12-24;15;3322
17;2025-12-24;16;3729
17;2025-12-24;17;4546
17;2025-12-24;18;4853
17;2025-12-24;19;3406
17;2025-12-24;20;2399
17;2025-12-24;21;1497
17;2025-12-24;22;775
17;2025-12-24;23;384
17;2025-12-25;0;122
17;2025-12-25;1;11
17;2025-12-25;2;0
17;2025-12-25;3;0
17;2025-12-25;4;26
17;2025-12-25;5;324
17;2025-12-25;6;1569
17;2025-12-25;7;4165
17;2025-12-25;8;5398
17;2025-12-25;9;3884
17;2025-12-25;10;3089
17;2025-12-25;11;3058
17;2025-12-25;12;3082
17;2025-12-25;13;3145
17;2025-12-25;14;3226
17;2025-12-25;15;3338
17;2025-12-25;16;3746
17;2025-12-25;17;4552
17;2025-12-25;18;4854
17;2025-12-25;19;3408
17;2025-12-25;20;2405
17;2025-12-25;21;1504
17;2025-12-25;22;777
17;2025-12-25;23;387
17;2025-12-26;0;144
17;2025-12-26;1;16
17;2025-12-26;2;0
17;2025-12-26;3;0
17;2025-12-26;4;25
17;2025-12-26;5;314
17;2025-12-26;6;1543
17;2025-12-26;7;4062
17;2025-12-26;8;5245
17;2025-12-26;9;3793
17;2025-12-26;10;3047
17;2025-12-26;11;3086
17;2025-12-26;12;3055
17;2025-12-26;13;3217
17;2025-12-26;14;3285
17;2025-12-26;15;3552
17;2025-12-26;16;4095
17;2025-12-26;17;4651
17;2025-12-26;18;4389
17;2025-12-26;19;3259
17;2025-12-26;20;2392
17;2025-12-26;21;1558
17;2025-12-26;22;790
17;2025-12-26;23;459
17;2025-12-27;0;197
17;2025-12-27;1;26
17;2025-12-27;2;0
17;2025-12-27;3;0
17;2025-12-27;4;5
17;2025-12-27;5;130
17;2025-12-27;6;600
17;2025-12-27;7;1328
17;2025-12-27;8;1794
17;2025-12-27;9;2221
17;2025-12-27;10;2487
17;2025-12-27;11;2892
17;2025-12-27;12;3183
17;2025-12-27;13;3402
17;2025-12-27;14;3414
17;2025-12-27;15;3451
17;2025-12-27;16;3490
17;2025-12-27;17;3298
17;2025-12-27;18;3079
17;2025-12-27;19;2461
17;2025-12-27;20;1938
17;2025-12-27;21;1358
17;2025-12-27;22;863
17;2025-12-27;23;454
17;2025-12-28;0;183
17;2025-12-28;1;24
17;2025-12-28;2;0
17;2025-12-28;3;0
17;2025-12-28;4;3
17;2025-12-28;5;73
17;2025-12-28;6;415
17;2025-12-28;7;829
17;2025-12-28;8;1256
17;2025-12-28;9;1652
17;2025-12-28;10;1917
17;2025-12-28;11;2493
17;2025-12-28;12;2809
17;2025-12-28;13;3015
17;2025-12-28;14;3108
17;2025-12-28;15;3088
17;2025-12-28;16;3010
17;2025-12-28;17;3075
17;2025-12-28;18;2747
17;2025-12-28;19;2200
17;2025-12-28;20;1664
17;2025-12-28;21;1196
17;2025-12-28;22;763
17;2025-12-28;23;347
17;2025-12-29;0;110
17;2025-12-29;1;12
17;2025-12-29;2;0
17;2025-12-29;3;0
17;2025-12-29;4;25
17;2025-12-29;5;298
17;2025-12-29;6;1466
17;2025-12-29;7;3868
17;2025-12-29;8;5010
17;2025-12-29;9;3568
17;2025-12-29;10;2742
17;2025-12-29;11;2697
17;2025-12-29;12;2740
17;2025-12-29;13;2815
17;2025-12-29;14;2853
17;2025-12-29;15;2990
17;2025-12-29;16;3444
17;2025-12-29;17;4132
17;2025-12-29;18;4454
17;2025-12-29;19;3124
17;2025-12-29;20;2140
17;2025-12-29;21;1336
17;2025-12-29;22;650
17;2025-12-29;23;302
17;2025-12-30;0;106
17;2025-12-30;1;10
17;2025-12-30;2;0
17;2025-12-30;3;0
17;2025-12-30;4;24
17;2025-12-30;5;301
17;2025-12-30;6;1453
17;2025-12-30;7;3845
17;2025-12-30;8;5010
17;2025-12-30;9;3595
17;2025-12-30;10;2836
17;2025-12-30;11;2806
17;2025-12-30;12;2813
17;2025-12-30;13;2869
17;2025-12-30;14;2941
17;2025-12-30;15;3028
17;2025-12-30;16;3442
17;2025-12-30;17;4191
17;2025-12-30;18;4486
17;2025-12-30;19;3149
17;2025-12-30;20;2210
17;2025-12-30;21;1376
17;2025-12-30;22;703
17;2025-12-30;23;335
17;2025-12-31;0;152
17;2025-12-31;1;20
17;2025-12-31;2;0
17;2025-12-31;3;0
17;2025-12-31;4;4
17;2025-12-31;5;67
17;2025-12-31;6;377
17;2025-12-31;7;719
17;2025-12-31;8;1134
17;2025-12-31;9;1446
17;2025-12-31;10;1675
17;2025-12-31;11;2162
17;2025-12-31;12;2294
17;2025-12-31;13;2439
17;2025-12-31;14;2684
17;2025-12-31;15;2635
17;2025-12-31;16;2625
17;2025-12-31;17;2543
17;2025-12-31;18;2329
17;2025-12-31;19;1934
17;2025-12-31;20;0
17;2025-12-31;21;0
17;2025-12-31;22;0
17;2025-12-31;23;0
25;2025-11-01;0;1
25;2025-11-01;1;0
25;2025-11-01;2;0
25;2025-11-01;3;0
25;2025-11-01;4;0
25;2025-11-01;5;8
25;2025-11-01;6;196
25;2025-11-01;7;540
25;2025-11-01;8;856
25;2025-11-01;9;424
25;2025-11-01;10;359
25;2025-11-01;11;407
25;2025-11-01;12;427
25;2025-11-01;13;520
25;2025-11-01;14;482
25;2025-11-01;15;595
25;2025-11-01;16;760
25;2025-11-01;17;741
25;2025-11-01;18;667
25;2025-11-01;19;535
25;2025-11-01;20;312
25;2025-11-01;21;211
25;2025-11-01;22;109
25;2025-11-01;23;11
25;2025-11-02;0;12
25;2025-11-02;1;0
25;2025-11-02;2;0
25;2025-11-02;3;0
25;2025-11-02;4;0
25;2025-11-02;5;6
25;2025-11-02;6;76
25;2025-11-02;7;102
25;2025-11-02;8;209
25;2025-11-02;9;224
25;2025-11-02;10;220
25;2025-11-02;11;292
25;2025-11-02;12;372
25;2025-11-02;13;461
25;2025-11-02;14;523
25;2025-11-02;15;569
25;2025-11-02;16;504
25;2025-11-02;17;482
25;2025-11-02;18;408
25;2025-11-02;19;305
25;2025-11-02;20;237
25;2025-11-02;21;170
25;2025-11-02;22;102
25;2025-11-02;23;37
25;2025-11-03;0;9
25;2025-11-03;1;0
25;2025-11-03;2;0
25;2025-11-03;3;0
25;2025-11-03;4;0
25;2025-11-03;5;8
25;2025-11-03;6;77
25;2025-11-03;7;93
25;2025-11-03;8;177
25;2025-11-03;9;198
25;2025-11-03;10;187
25;2025-11-03;11;254
25;2025-11-03;12;335
25;2025-11-03;13;446
25;2025-11-03;14;496
25;2025-11-03;15;557
25;2025-11-03;16;482
25;2025-11-03;17;446
25;2025-11-03;18;382
25;2025-11-03;19;286
25;2025-11-03;20;232
25;2025-11-03;21;168
25;2025-11-03;22;100
25;2025-11-03;23;36
25;2025-11-04;0;9
25;2025-11-04;1;0
25;2025-11-04;2;0
25;2025-11-04;3;0
25;2025-11-04;4;0
25;2025-11-04;5;7
25;2025-11-04;6;78
25;2025-11-04;7;96
25;2025-11-04;8;173
25;2025-11-04;9;199
25;2025-11-04;10;191
25;2025-11-04;11;286
25;2025-11-04;12;353
25;2025-11-04;13;462
25;2025-11-04;14;500
25;2025-11-04;15;588
25;2025-11-04;16;500
25;2025-11-04;17;468
25;2025-11-04;18;398
25;2025-11-04;19;298
25;2025-11-04;20;234
25;2025-11-04;21;171
25;2025-11-04;22;100
25;2025-11-04;23;34
25;2025-11-05;0;1
25;2025-11-05;1;0
25;2025-11-05;2;0
25;2025-11-05;3;0
25;2025-11-05;4;0
25;2025-11-05;5;16
25;2025-11-05;6;225
25;2025-11-05;7;568
25;2025-11-05;8;941
25;2025-11-05;9;494
25;2025-11-05;10;407
25;2025-11-05;11;441
25;2025-11-05;12;447
25;2025-11-05;13;539
25;2025-11-05;14;503
25;2025-11-05;15;598
25;2025-11-05;16;706
25;2025-11-05;17;800
25;2025-11-05;18;816
25;2025-11-05;19;579
25;2025-11-05;20;336
25;2025-11-05;21;230
25;2025-11-05;22;104
25;2025-11-05;23;5
25;2025-11-06;0;1
25;2025-11-06;1;0
25;2025-11-06;2;0
25;2025-11-06;3;0
25;2025-11-06;4;0
25;2025-11-06;5;11
25;2025-11-06;6;219
25;2025-11-06;7;554
25;2025-11-06;8;933
25;2025-11-06;9;470
25;2025-11-06;10;381
25;2025-11-06;11;421
25;2025-11-06;12;446
25;2025-11-06;13;533
25;2025-11-06;14;499
25;2025-11-06;15;599
25;2025-11-06;16;705
25;2025-11-06;17;784
25;2025-11-06;18;799
25;2025-11-06;19;565
25;2025-11-06;20;332
25;2025-11-06;21;227
25;2025-11-06;22;102
25;2025-11-06;23;6
25;2025-11-07;0;1
25;2025-11-07;1;0
25;2025-11-07;2;0
25;2025-11-07;3;0
25;2025-11-07;4;0
25;2025-11-07;5;10
25;2025-11-07;6;217
25;2025-11-07;7;586
25;2025-11-07;8;927
25;2025-11-07;9;462
25;2025-11-07;10;393
25;2025-11-07;11;444
25;2025-11-07;12;457
25;2025-11-07;13;559
25;2025-11-07;14;517
25;2025-11-07;15;647
25;2025-11-07;16;822
25;2025-11-07;17;813
25;2025-11-07;18;726
25;2025-11-07;19;583
25;2025-11-07;20;334
25;2025-11-07;21;227
25;2025-11-07;22;115
25;2025-11-07;23;12
25;2025-11-08;0;2
25;2025-11-08;1;0
25;2025-11-08;2;0
25;2025-11-08;3;0
25;2025-11-08;4;0
25;2025-11-08;5;10
25;2025-11-08;6;98
25;2025-11-08;7;151
25;2025-11-08;8;311
25;2025-11-08;9;271
25;2025-11-08;10;300
25;2025-11-08;11;386
25;2025-11-08;12;432
25;2025-11-08;13;618
25;2025-11-08;14;619
25;2025-11-08;15;693
25;2025-11-08;16;641
25;2025-11-08;17;540
25;2025-11-08;18;487
25;2025-11-08;19;424
25;2025-11-08;20;261
25;2025-11-08;21;207
25;2025-11-08;22;123
25;2025-11-08;23;48
25;2025-11-09;0;12
25;2025-11-09;1;0
25;2025-11-09;2;0
25;2025-11-09;3;0
25;2025-11-09;4;0
25;2025-11-09;5;5
25;2025-11-09;6;75
25;2025-11-09;7;102
25;2025-11-09;8;190
25;2025-11-09;9;222
25;2025-11-09;10;230
25;2025-11-09;11;303
25;2025-11-09;12;375
25;2025-11-09;13;486
25;2025-11-09;14;499
25;2025-11-09;15;554
25;2025-11-09;16;475
25;2025-11-09;17;461
25;2025-11-09;18;416
25;2025-11-09;19;306
25;2025-11-09;20;238
25;2025-11-09;21;169
25;2025-11-09;22;100
25;2025-11-09;23;36
25;2025-11-10;0;6
25;2025-11-10;1;0
25;2025-11-10;2;0
25;2025-11-10;3;0
25;2025-11-10;4;0
25;2025-11-10;5;18
25;2025-11-10;6;218
25;2025-11-10;7;563
25;2025-11-10;8;1009
25;2025-11-10;9;509
25;2025-11-10;10;351
25;2025-11-10;11;391
25;2025-11-10;12;396
25;2025-11-10;13;510
25;2025-11-10;14;474
25;2025-11-10;15;527
25;2025-11-10;16;670
25;2025-11-10;17;738
25;2025-11-10;18;772
25;2025-11-10;19;540
25;2025-11-10;20;310
25;2025-11-10;21;198
25;2025-11-10;22;97
25;2025-11-10;23;6
25;2025-11-11;0;1
25;2025-11-11;1;0
25;2025-11-11;2;0
25;2025-11-11;3;0
25;2025-11-11;4;0
25;2025-11-11;5;14
25;2025-11-11;6;222
25;2025-11-11;7;560
25;2025-11-11;8;939
25;2025-11-11;9;478
25;2025-11-11;10;383
25;2025-11-11;11;418
25;2025-11-11;12;417
25;2025-11-11;13;500
25;2025-11-11;14;469
25;2025-11-11;15;569
25;2025-11-11;16;680
25;2025-11-11;17;771
25;2025-11-11;18;793
25;2025-11-11;19;555
25;2025-11-11;20;320
25;2025-11-11;21;217
25;2025-11-11;22;95
25;2025-11-11;23;3
25;2025-11-12;0;1
25;2025-11-12;1;0
25;2025-11-12;2;0
25;2025-11-12;3;0
25;2025-11-12;4;0
25;2025-11-12;5;13
25;2025-11-12;6;222
25;2025-11-12;7;563
25;2025-11-12;8;938
25;2025-11-12;9;477
25;2025-11-12;10;383
25;2025-11-12;11;419
25;2025-11-12;12;418
25;2025-11-12;13;504
25;2025-11-12;14;471
25;2025-11-12;15;567
25;2025-11-12;16;683
25;2025-11-12;17;774
25;2025-11-12;18;794
25;2025-11-12;19;560
25;2025-11-12;20;325
25;2025-11-12;21;220
25;2025-11-12;22;99
25;2025-11-12;23;4
25;2025-11-13;0;1
25;2025-11-13;1;0
25;2025-11-13;2;0
25;2025-11-13;3;0
25;2025-11-13;4;0
25;2025-11-13;5;11
25;2025-11-13;6;218
25;2025-11-13;7;556
25;2025-11-13;8;933
25;2025-11-13;9;472
25;2025-11-13;10;376
25;2025-11-13;11;417
25;2025-11-13;12;419
25;2025-11-13;13;505
25;2025-11-13;14;476
25;2025-11-13;15;570
25;2025-11-13;16;683
25;2025-11-13;17;774
25;2025-11-13;18;793
25;2025-11-13;19;558
25;2025-11-13;20;323
25;2025-11-13;21;219
25;2025-11-13;22;98
25;2025-11-13;23;5
25;2025-11-14;0;1
25;2025-11-14;1;0
25;2025-11-14;2;0
25;2025-11-14;3;0
25;2025-11-14;4;0
25;2025-11-14;5;10
25;2025-11-14;6;226
25;2025-11-14;7;594
25;2025-11-14;8;932
25;2025-11-14;9;467
25;2025-11-14;10;395
25;2025-11-14;11;436
25;2025-11-14;12;422
25;2025-11-14;13;520
25;2025-11-14;14;480
25;2025-11-14;15;610
25;2025-11-14;16;789
25;2025-11-14;17;790
25;2025-11-14;18;717
25;2025-11-14;19;578
25;2025-11-14;20;330
25;2025-11-14;21;222
25;2025-11-14;22;117
25;2025-11-14;23;10
25;2025-11-15;0;2
25;2025-11-15;1;0
25;2025-11-15;2;0
25;2025-11-15;3;0
25;2025-11-15;4;0
25;2025-11-15;5;17
25;2025-11-15;6;106
25;2025-11-15;7;163
25;2025-11-15;8;322
25;2025-11-15;9;290
25;2025-11-15;10;298
25;2025-11-15;11;365
25;2025-11-15;12;409
25;2025-11-15;13;576
25;2025-11-15;14;576
25;2025-11-15;15;653
25;2025-11-15;16;599
25;2025-11-15;17;526
25;2025-11-15;18;467
25;2025-11-15;19;405
25;2025-11-15;20;269
25;2025-11-15;21;207
25;2025-11-15;22;121
25;2025-11-15;23;47
25;2025-11-16;0;12
25;2025-11-16;1;0
25;2025-11-16;2;0
25;2025-11-16;3;0
25;2025-11-16;4;0
25;2025-11-16;5;4
25;2025-11-16;6;74
25;2025-11-16;7;102
25;2025-11-16;8;185
25;2025-11-16;9;221
25;2025-11-16;10;225
25;2025-11-16;11;294
25;2025-11-16;12;359
25;2025-11-16;13;450
25;2025-11-16;14;487
25;2025-11-16;15;541
25;2025-11-16;16;477
25;2025-11-16;17;456
25;2025-11-16;18;399
25;2025-11-16;19;298
25;2025-11-16;20;233
25;2025-11-16;21;160
25;2025-11-16;22;93
25;2025-11-16;23;31
25;2025-11-17;0;6
25;2025-11-17;1;0
25;2025-11-17;2;0
25;2025-11-17;3;0
25;2025-11-17;4;0
25;2025-11-17;5;25
25;2025-11-17;6;221
25;2025-11-17;7;563
25;2025-11-17;8;996
25;2025-11-17;9;518
25;2025-11-17;10;359
25;2025-11-17;11;394
25;2025-11-17;12;398
25;2025-11-17;13;503
25;2025-11-17;14;458
25;2025-11-17;15;507
25;2025-11-17;16;662
25;2025-11-17;17;734
25;2025-11-17;18;767
25;2025-11-17;19;529
25;2025-11-17;20;301
25;2025-11-17;21;191
25;2025-11-17;22;89
25;2025-11-17;23;2
25;2025-11-18;0;1
25;2025-11-18;1;0
25;2025-11-18;2;0
25;2025-11-18;3;0
25;2025-11-18;4;0
25;2025-11-18;5;16
25;2025-11-18;6;225
25;2025-11-18;7;568
25;2025-11-18;8;945
25;2025-11-18;9;483
25;2025-11-18;10;390
25;2025-11-18;11;423
25;2025-11-18;12;419
25;2025-11-18;13;500
25;2025-11-18;14;465
25;2025-11-18;15;562
25;2025-11-18;16;679
25;2025-11-18;17;768
25;2025-11-18;18;789
25;2025-11-18;19;551
25;2025-11-18;20;320
25;2025-11-18;21;217
25;2025-11-18;22;96
25;2025-11-18;23;3
25;2025-11-19;0;1
25;2025-11-19;1;0
25;2025-11-19;2;0
25;2025-11-19;3;0
25;2025-11-19;4;0
25;2025-11-19;5;18
25;2025-11-19;6;227
25;2025-11-19;7;566
25;2025-11-19;8;943
25;2025-11-19;9;477
25;2025-11-19;10;383
25;2025-11-19;11;423
25;2025-11-19;12;420
25;2025-11-19;13;505
25;2025-11-19;14;472
25;2025-11-19;15;567
25;2025-11-19;16;681
25;2025-11-19;17;773
25;2025-11-19;18;792
25;2025-11-19;19;559
25;2025-11-19;20;324
25;2025-11-19;21;221
25;2025-11-19;22;99
25;2025-11-19;23;5
25;2025-11-20;0;1
25;2025-11-20;1;0
25;2025-11-20;2;0
25;2025-11-20;3;0
25;2025-11-20;4;0
25;2025-11-20;5;12
25;2025-11-20;6;224
25;2025-11-20;7;561
25;2025-11-20;8;977
25;2025-11-20;9;478
25;2025-11-20;10;391
25;2025-11-20;11;428
25;2025-11-20;12;421
25;2025-11-20;13;501
25;2025-11-20;14;469
25;2025-11-20;15;566
25;2025-11-20;16;681
25;2025-11-20;17;772
25;2025-11-20;18;792
25;2025-11-20;19;558
25;2025-11-20;20;324
25;2025-11-20;21;220
25;2025-11-20;22;100
25;2025-11-20;23;7
25;2025-11-21;0;1
25;2025-11-21;1;0
25;2025-11-21;2;0
25;2025-11-21;3;0
25;2025-11-21;4;0
25;2025-11-21;5;20
25;2025-11-21;6;237
25;2025-11-21;7;608
25;2025-11-21;8;948
25;2025-11-21;9;485
25;2025-11-21;10;411
25;2025-11-21;11;453
25;2025-11-21;12;434
25;2025-11-21;13;528
25;2025-11-21;14;485
25;2025-11-21;15;613
25;2025-11-21;16;797
25;2025-11-21;17;799
25;2025-11-21;18;712
25;2025-11-21;19;562
25;2025-11-21;20;318
25;2025-11-21;21;212
25;2025-11-21;22;111
25;2025-11-21;23;10
25;2025-11-22;0;2
25;2025-11-22;1;0
25;2025-11-22;2;0
25;2025-11-22;3;0
25;2025-11-22;4;0
25;2025-11-22;5;17
25;2025-11-22;6;100
25;2025-11-22;7;149
25;2025-11-22;8;331
25;2025-11-22;9;268
25;2025-11-22;10;288
25;2025-11-22;11;365
25;2025-11-22;12;399
25;2025-11-22;13;572
25;2025-11-22;14;576
25;2025-11-22;15;656
25;2025-11-22;16;603
25;2025-11-22;17;529
25;2025-11-22;18;471
25;2025-11-22;19;401
25;2025-11-22;20;265
25;2025-11-22;21;207
25;2025-11-22;22;125
25;2025-11-22;23;49
25;2025-11-23;0;12
25;2025-11-23;1;0
25;2025-11-23;2;0
25;2025-11-23;3;0
25;2025-11-23;4;0
25;2025-11-23;5;6
25;2025-11-23;6;76
25;2025-11-23;7;99
25;2025-11-23;8;182
25;2025-11-23;9;217
25;2025-11-23;10;214
25;2025-11-23;11;287
25;2025-11-23;12;346
25;2025-11-23;13;433
25;2025-11-23;14;472
25;2025-11-23;15;535
25;2025-11-23;16;473
25;2025-11-23;17;460
25;2025-11-23;18;386
25;2025-11-23;19;287
25;2025-11-23;20;234
25;2025-11-23;21;168
25;2025-11-23;22;101
25;2025-11-23;23;38
25;2025-11-24;0;6
25;2025-11-24;1;0
25;2025-11-24;2;0
25;2025-11-24;3;0
25;2025-11-24;4;0
25;2025-11-24;5;14
25;2025-11-24;6;216
25;2025-11-24;7;557
25;2025-11-24;8;986
25;2025-11-24;9;509
25;2025-11-24;10;353
25;2025-11-24;11;395
25;2025-11-24;12;396
25;2025-11-24;13;493
25;2025-11-24;14;446
25;2025-11-24;15;500
25;2025-11-24;16;661
25;2025-11-24;17;738
25;2025-11-24;18;771
25;2025-11-24;19;536
25;2025-11-24;20;301
25;2025-11-24;21;190
25;2025-11-24;22;88
25;2025-11-24;23;6
25;2025-11-25;0;1
25;2025-11-25;1;0
25;2025-11-25;2;0
25;2025-11-25;3;0
25;2025-11-25;4;0
25;2025-11-25;5;12
25;2025-11-25;6;222
25;2025-11-25;7;561
25;2025-11-25;8;934
25;2025-11-25;9;471
25;2025-11-25;10;383
25;2025-11-25;11;419
25;2025-11-25;12;415
25;2025-11-25;13;503
25;2025-11-25;14;471
25;2025-11-25;15;565
25;2025-11-25;16;685
25;2025-11-25;17;771
25;2025-11-25;18;800
25;2025-11-25;19;559
25;2025-11-25;20;325
25;2025-11-25;21;222
25;2025-11-25;22;102
25;2025-11-25;23;7
25;2025-11-26;0;1
25;2025-11-26;1;0
25;2025-11-26;2;0
25;2025-11-26;3;0
25;2025-11-26;4;0
25;2025-11-26;5;14
25;2025-11-26;6;226
25;2025-11-26;7;561
25;2025-11-26;8;935
25;2025-11-26;9;471
25;2025-11-26;10;379
25;2025-11-26;11;422
25;2025-11-26;12;417
25;2025-11-26;13;509
25;2025-11-26;14;475
25;2025-11-26;15;570
25;2025-11-26;16;685
25;2025-11-26;17;777
25;2025-11-26;18;796
25;2025-11-26;19;561
25;2025-11-26;20;326
25;2025-11-26;21;222
25;2025-11-26;22;100
25;2025-11-26;23;5
25;2025-11-27;0;1
25;2025-11-27;1;0
25;2025-11-27;2;0
25;2025-11-27;3;0
25;2025-11-27;4;0
25;2025-11-27;5;21
25;2025-11-27;6;227
25;2025-11-27;7;570
25;2025-11-27;8;959
25;2025-11-27;9;490
25;2025-11-27;10;399
25;2025-11-27;11;432
25;2025-11-27;12;422
25;2025-11-27;13;506
25;2025-11-27;14;473
25;2025-11-27;15;567
25;2025-11-27;16;683
25;2025-11-27;17;775
25;2025-11-27;18;790
25;2025-11-27;19;555
25;2025-11-27;20;320
25;2025-11-27;21;217
25;2025-11-27;22;100
25;2025-11-27;23;7
25;2025-11-28;0;1
25;2025-11-28;1;0
25;2025-11-28;2;0
25;2025-11-28;3;0
25;2025-11-28;4;0
25;2025-11-28;5;18
25;2025-11-28;6;236
25;2025-11-28;7;605
25;2025-11-28;8;943
25;2025-11-28;9;478
25;2025-11-28;10;409
25;2025-11-28;11;453
25;2025-11-28;12;437
25;2025-11-28;13;532
25;2025-11-28;14;486
25;2025-11-28;15;621
25;2025-11-28;16;800
25;2025-11-28;17;801
25;2025-11-28;18;723
25;2025-11-28;19;576
25;2025-11-28;20;336
25;2025-11-28;21;230
25;2025-11-28;22;120
25;2025-11-28;23;18
25;2025-11-29;0;2
25;2025-11-29;1;0
25;2025-11-29;2;0
25;2025-11-29;3;0
25;2025-11-29;4;0
25;2025-11-29;5;10
25;2025-11-29;6;72
25;2025-11-29;7;120
25;2025-11-29;8;276
25;2025-11-29;9;228
25;2025-11-29;10;275
25;2025-11-29;11;374
25;2025-11-29;12;416
25;2025-11-29;13;599
25;2025-11-29;14;579
25;2025-11-29;15;657
25;2025-11-29;16;600
25;2025-11-29;17;524
25;2025-11-29;18;474
25;2025-11-29;19;399
25;2025-11-29;20;263
25;2025-11-29;21;204
25;2025-11-29;22;121
25;2025-11-29;23;47
25;2025-11-30;0;12
25;2025-11-30;1;0
25;2025-11-30;2;0
25;2025-11-30;3;0
25;2025-11-30;4;0
25;2025-11-30;5;5
25;2025-11-30;6;77
25;2025-11-30;7;105
25;2025-11-30;8;205
25;2025-11-30;9;221
25;2025-11-30;10;220
25;2025-11-30;11;288
25;2025-11-30;12;341
25;2025-11-30;13;433
25;2025-11-30;14;474
25;2025-11-30;15;523
25;2025-11-30;16;476
25;2025-11-30;17;460
25;2025-11-30;18;394
25;2025-11-30;19;287
25;2025-11-30;20;234
25;2025-11-30;21;168
25;2025-11-30;22;101
25;2025-11-30;23;38
25;2025-12-01;0;6
25;2025-12-01;1;0
25;2025-12-01;2;0
25;2025-12-01;3;0
25;2025-12-01;4;0
25;2025-12-01;5;13
25;2025-12-01;6;212
25;2025-12-01;7;554
25;2025-12-01;8;984
25;2025-12-01;9;510
25;2025-12-01;10;351
25;2025-12-01;11;391
25;2025-12-01;12;400
25;2025-12-01;13;498
25;2025-12-01;14;453
25;2025-12-01;15;506
25;2025-12-01;16;665
25;2025-12-01;17;743
25;2025-12-01;18;775
25;2025-12-01;19;541
25;2025-12-01;20;306
25;2025-12-01;21;194
25;2025-12-01;22;92
25;2025-12-01;23;3
25;2025-12-02;0;1
25;2025-12-02;1;0
25;2025-12-02;2;0
25;2025-12-02;3;0
25;2025-12-02;4;0
25;2025-12-02;5;12
25;2025-12-02;6;222
25;2025-12-02;7;560
25;2025-12-02;8;932
25;2025-12-02;9;469
25;2025-12-02;10;371
25;2025-12-02;11;409
25;2025-12-02;12;408
25;2025-12-02;13;498
25;2025-12-02;14;465
25;2025-12-02;15;560
25;2025-12-02;16;675
25;2025-12-02;17;768
25;2025-12-02;18;789
25;2025-12-02;19;554
25;2025-12-02;20;326
25;2025-12-02;21;216
25;2025-12-02;22;95
25;2025-12-02;23;3
25;2025-12-03;0;1
25;2025-12-03;1;0
25;2025-12-03;2;0
25;2025-12-03;3;0
25;2025-12-03;4;0
25;2025-12-03;5;12
25;2025-12-03;6;222
25;2025-12-03;7;559
25;2025-12-03;8;933
25;2025-12-03;9;471
25;2025-12-03;10;376
25;2025-12-03;11;422
25;2025-12-03;12;423
25;2025-12-03;13;504
25;2025-12-03;14;471
25;2025-12-03;15;572
25;2025-12-03;16;686
25;2025-12-03;17;778
25;2025-12-03;18;794
25;2025-12-03;19;553
25;2025-12-03;20;318
25;2025-12-03;21;218
25;2025-12-03;22;98
25;2025-12-03;23;4
25;2025-12-04;0;1
25;2025-12-04;1;0
25;2025-12-04;2;0
25;2025-12-04;3;0
25;2025-12-04;4;0
25;2025-12-04;5;11
25;2025-12-04;6;222
25;2025-12-04;7;559
25;2025-12-04;8;933
25;2025-12-04;9;472
25;2025-12-04;10;376
25;2025-12-04;11;423
25;2025-12-04;12;424
25;2025-12-04;13;505
25;2025-12-04;14;473
25;2025-12-04;15;574
25;2025-12-04;16;689
25;2025-12-04;17;779
25;2025-12-04;18;797
25;2025-12-04;19;560
25;2025-12-04;20;325
25;2025-12-04;21;221
25;2025-12-04;22;101
25;2025-12-04;23;6
25;2025-12-05;0;1
25;2025-12-05;1;0
25;2025-12-05;2;0
25;2025-12-05;3;0
25;2025-12-05;4;0
25;2025-12-05;5;10
25;2025-12-05;6;228
25;2025-12-05;7;594
25;2025-12-05;8;931
25;2025-12-05;9;465
25;2025-12-05;10;393
25;2025-12-05;11;439
25;2025-12-05;12;427
25;2025-12-05;13;531
25;2025-12-05;14;490
25;2025-12-05;15;619
25;2025-12-05;16;799
25;2025-12-05;17;798
25;2025-12-05;18;723
25;2025-12-05;19;576
25;2025-12-05;20;331
25;2025-12-05;21;225
25;2025-12-05;22;115
25;2025-12-05;23;12
25;2025-12-06;0;2
25;2025-12-06;1;0
25;2025-12-06;2;0
25;2025-12-06;3;0
25;2025-12-06;4;0
25;2025-12-06;5;10
25;2025-12-06;6;95
25;2025-12-06;7;142
25;2025-12-06;8;281
25;2025-12-06;9;232
25;2025-12-06;10;243
25;2025-12-06;11;349
25;2025-12-06;12;387
25;2025-12-06;13;569
25;2025-12-06;14;576
25;2025-12-06;15;661
25;2025-12-06;16;609
25;2025-12-06;17;535
25;2025-12-06;18;484
25;2025-12-06;19;418
25;2025-12-06;20;274
25;2025-12-06;21;214
25;2025-12-06;22;125
25;2025-12-06;23;48
25;2025-12-07;0;12
25;2025-12-07;1;0
25;2025-12-07;2;0
25;2025-12-07;3;0
25;2025-12-07;4;0
25;2025-12-07;5;4
25;2025-12-07;6;53
25;2025-12-07;7;79
25;2025-12-07;8;164
25;2025-12-07;9;182
25;2025-12-07;10;216
25;2025-12-07;11;282
25;2025-12-07;12;347
25;2025-12-07;13;443
25;2025-12-07;14;485
25;2025-12-07;15;550
25;2025-12-07;16;486
25;2025-12-07;17;467
25;2025-12-07;18;402
25;2025-12-07;19;293
25;2025-12-07;20;239
25;2025-12-07;21;178
25;2025-12-07;22;106
25;2025-12-07;23;41
25;2025-12-08;0;6
25;2025-12-08;1;0
25;2025-12-08;2;0
25;2025-12-08;3;0
25;2025-12-08;4;0
25;2025-12-08;5;13
25;2025-12-08;6;210
25;2025-12-08;7;554
25;2025-12-08;8;982
25;2025-12-08;9;507
25;2025-12-08;10;351
25;2025-12-08;11;392
25;2025-12-08;12;396
25;2025-12-08;13;499
25;2025-12-08;14;455
25;2025-12-08;15;512
25;2025-12-08;16;669
25;2025-12-08;17;743
25;2025-12-08;18;775
25;2025-12-08;19;547
25;2025-12-08;20;309
25;2025-12-08;21;195
25;2025-12-08;22;92
25;2025-12-08;23;2
25;2025-12-09;0;1
25;2025-12-09;1;0
25;2025-12-09;2;0
25;2025-12-09;3;0
25;2025-12-09;4;0
25;2025-12-09;5;10
25;2025-12-09;6;215
25;2025-12-09;7;555
25;2025-12-09;8;936
25;2025-12-09;9;473
25;2025-12-09;10;368
25;2025-12-09;11;408
25;2025-12-09;12;408
25;2025-12-09;13;490
25;2025-12-09;14;458
25;2025-12-09;15;560
25;2025-12-09;16;675
25;2025-12-09;17;768
25;2025-12-09;18;789
25;2025-12-09;19;554
25;2025-12-09;20;319
25;2025-12-09;21;216
25;2025-12-09;22;95
25;2025-12-09;23;3
25;2025-12-10;0;1
25;2025-12-10;1;0
25;2025-12-10;2;0
25;2025-12-10;3;0
25;2025-12-10;4;0
25;2025-12-10;5;12
25;2025-12-10;6;223
25;2025-12-10;7;560
25;2025-12-10;8;933
25;2025-12-10;9;471
25;2025-12-10;10;374
25;2025-12-10;11;413
25;2025-12-10;12;412
25;2025-12-10;13;495
25;2025-12-10;14;470
25;2025-12-10;15;568
25;2025-12-10;16;680
25;2025-12-10;17;773
25;2025-12-10;18;793
25;2025-12-10;19;557
25;2025-12-10;20;318
25;2025-12-10;21;214
25;2025-12-10;22;94
25;2025-12-10;23;4
25;2025-12-11;0;1
25;2025-12-11;1;0
25;2025-12-11;2;0
25;2025-12-11;3;0
25;2025-12-11;4;0
25;2025-12-11;5;11
25;2025-12-11;6;222
25;2025-12-11;7;559
25;2025-12-11;8;933
25;2025-12-11;9;472
25;2025-12-11;10;375
25;2025-12-11;11;414
25;2025-12-11;12;421
25;2025-12-11;13;504
25;2025-12-11;14;476
25;2025-12-11;15;572
25;2025-12-11;16;683
25;2025-12-11;17;776
25;2025-12-11;18;796
25;2025-12-11;19;560
25;2025-12-11;20;325
25;2025-12-11;21;221
25;2025-12-11;22;99
25;2025-12-11;23;3
25;2025-12-12;0;1
25;2025-12-12;1;0
25;2025-12-12;2;0
25;2025-12-12;3;0
25;2025-12-12;4;0
25;2025-12-12;5;10
25;2025-12-12;6;228
25;2025-12-12;7;594
25;2025-12-12;8;931
25;2025-12-12;9;465
25;2025-12-12;10;393
25;2025-12-12;11;439
25;2025-12-12;12;439
25;2025-12-12;13;532
25;2025-12-12;14;489
25;2025-12-12;15;623
25;2025-12-12;16;799
25;2025-12-12;17;798
25;2025-12-12;18;724
25;2025-12-12;19;578
25;2025-12-12;20;333
25;2025-12-12;21;229
25;2025-12-12;22;119
25;2025-12-12;23;16
25;2025-12-13;0;2
25;2025-12-13;1;0
25;2025-12-13;2;0
25;2025-12-13;3;0
25;2025-12-13;4;0
25;2025-12-13;5;11
25;2025-12-13;6;101
25;2025-12-13;7;153
25;2025-12-13;8;308
25;2025-12-13;9;274
25;2025-12-13;10;282
25;2025-12-13;11;366
25;2025-12-13;12;404
25;2025-12-13;13;576
25;2025-12-13;14;583
25;2025-12-13;15;663
25;2025-12-13;16;608
25;2025-12-13;17;534
25;2025-12-13;18;484
25;2025-12-13;19;406
25;2025-12-13;20;269
25;2025-12-13;21;209
25;2025-12-13;22;122
25;2025-12-13;23;49
25;2025-12-14;0;12
25;2025-12-14;1;0
25;2025-12-14;2;0
25;2025-12-14;3;0
25;2025-12-14;4;0
25;2025-12-14;5;4
25;2025-12-14;6;54
25;2025-12-14;7;79
25;2025-12-14;8;164
25;2025-12-14;9;182
25;2025-12-14;10;211
25;2025-12-14;11;283
25;2025-12-14;12;347
25;2025-12-14;13;443
25;2025-12-14;14;485
25;2025-12-14;15;550
25;2025-12-14;16;486
25;2025-12-14;17;467
25;2025-12-14;18;402
25;2025-12-14;19;293
25;2025-12-14;20;239
25;2025-12-14;21;173
25;2025-12-14;22;103
25;2025-12-14;23;39
25;2025-12-15;0;6
25;2025-12-15;1;0
25;2025-12-15;2;0
25;2025-12-15;3;0
25;2025-12-15;4;0
25;2025-12-15;5;14
25;2025-12-15;6;216
25;2025-12-15;7;558
25;2025-12-15;8;985
25;2025-12-15;9;510
25;2025-12-15;10;352
25;2025-12-15;11;391
25;2025-12-15;12;396
25;2025-12-15;13;499
25;2025-12-15;14;455
25;2025-12-15;15;511
25;2025-12-15;16;668
25;2025-12-15;17;746
25;2025-12-15;18;778
25;2025-12-15;19;544
25;2025-12-15;20;310
25;2025-12-15;21;195
25;2025-12-15;22;93
25;2025-12-15;23;3
25;2025-12-16;0;1
25;2025-12-16;1;0
25;2025-12-16;2;0
25;2025-12-16;3;0
25;2025-12-16;4;0
25;2025-12-16;5;11
25;2025-12-16;6;221
25;2025-12-16;7;561
25;2025-12-16;8;934
25;2025-12-16;9;471
25;2025-12-16;10;373
25;2025-12-16;11;409
25;2025-12-16;12;408
25;2025-12-16;13;498
25;2025-12-16;14;465
25;2025-12-16;15;564
25;2025-12-16;16;679
25;2025-12-16;17;770
25;2025-12-16;18;789
25;2025-12-16;19;554
25;2025-12-16;20;318
25;2025-12-16;21;212
25;2025-12-16;22;93
25;2025-12-16;23;3
25;2025-12-17;0;1
25;2025-12-17;1;0
25;2025-12-17;2;0
25;2025-12-17;3;0
25;2025-12-17;4;0
25;2025-12-17;5;18
25;2025-12-17;6;232
25;2025-12-17;7;571
25;2025-12-17;8;945
25;2025-12-17;9;488
25;2025-12-17;10;395
25;2025-12-17;11;429
25;2025-12-17;12;422
25;2025-12-17;13;504
25;2025-12-17;14;474
25;2025-12-17;15;570
25;2025-12-17;16;683
25;2025-12-17;17;775
25;2025-12-17;18;796
25;2025-12-17;19;558
25;2025-12-17;20;325
25;2025-12-17;21;222
25;2025-12-17;22;100
25;2025-12-17;23;4
25;2025-12-18;0;1
25;2025-12-18;1;0
25;2025-12-18;2;0
25;2025-12-18;3;0
25;2025-12-18;4;0
25;2025-12-18;5;10
25;2025-12-18;6;227
25;2025-12-18;7;559
25;2025-12-18;8;933
25;2025-12-18;9;472
25;2025-12-18;10;376
25;2025-12-18;11;414
25;2025-12-18;12;421
25;2025-12-18;13;506
25;2025-12-18;14;476
25;2025-12-18;15;574
25;2025-12-18;16;689
25;2025-12-18;17;779
25;2025-12-18;18;797
25;2025-12-18;19;560
25;2025-12-18;20;325
25;2025-12-18;21;221
25;2025-12-18;22;101
25;2025-12-18;23;6
25;2025-12-19;0;1
25;2025-12-19;1;0
25;2025-12-19;2;0
25;2025-12-19;3;0
25;2025-12-19;4;0
25;2025-12-19;5;13
25;2025-12-19;6;232
25;2025-12-19;7;591
25;2025-12-19;8;931
25;2025-12-19;9;465
25;2025-12-19;10;401
25;2025-12-19;11;454
25;2025-12-19;12;437
25;2025-12-19;13;532
25;2025-12-19;14;486
25;2025-12-19;15;620
25;2025-12-19;16;789
25;2025-12-19;17;792
25;2025-12-19;18;714
25;2025-12-19;19;577
25;2025-12-19;20;331
25;2025-12-19;21;219
25;2025-12-19;22;111
25;2025-12-19;23;13
25;2025-12-20;0;2
25;2025-12-20;1;0
25;2025-12-20;2;0
25;2025-12-20;3;0
25;2025-12-20;4;0
25;2025-12-20;5;22
25;2025-12-20;6;110
25;2025-12-20;7;162
25;2025-12-20;8;323
25;2025-12-20;9;285
25;2025-12-20;10;299
25;2025-12-20;11;371
25;2025-12-20;12;408
25;2025-12-20;13;580
25;2025-12-20;14;586
25;2025-12-20;15;663
25;2025-12-20;16;608
25;2025-12-20;17;534
25;2025-12-20;18;515
25;2025-12-20;19;405
25;2025-12-20;20;268
25;2025-12-20;21;208
25;2025-12-20;22;123
25;2025-12-20;23;48
25;2025-12-21;0;12
25;2025-12-21;1;0
25;2025-12-21;2;0
25;2025-12-21;3;0
25;2025-12-21;4;0
25;2025-12-21;5;8
25;2025-12-21;6;78
25;2025-12-21;7;108
25;2025-12-21;8;194
25;2025-12-21;9;227
25;2025-12-21;10;225
25;2025-12-21;11;305
25;2025-12-21;12;345
25;2025-12-21;13;441
25;2025-12-21;14;480
25;2025-12-21;15;544
25;2025-12-21;16;480
25;2025-12-21;17;461
25;2025-12-21;18;387
25;2025-12-21;19;288
25;2025-12-21;20;237
25;2025-12-21;21;170
25;2025-12-21;22;101
25;2025-12-21;23;36
25;2025-12-22;0;6
25;2025-12-22;1;0
25;2025-12-22;2;0
25;2025-12-22;3;0
25;2025-12-22;4;0
25;2025-12-22;5;18
25;2025-12-22;6;219
25;2025-12-22;7;560
25;2025-12-22;8;986
25;2025-12-22;9;511
25;2025-12-22;10;352
25;2025-12-22;11;395
25;2025-12-22;12;396
25;2025-12-22;13;498
25;2025-12-22;14;453
25;2025-12-22;15;514
25;2025-12-22;16;665
25;2025-12-22;17;746
25;2025-12-22;18;788
25;2025-12-22;19;549
25;2025-12-22;20;316
25;2025-12-22;21;200
25;2025-12-22;22;99
25;2025-12-22;23;8
25;2025-12-23;0;1
25;2025-12-23;1;0
25;2025-12-23;2;0
25;2025-12-23;3;0
25;2025-12-23;4;0
25;2025-12-23;5;14
25;2025-12-23;6;229
25;2025-12-23;7;569
25;2025-12-23;8;944
25;2025-12-23;9;481
25;2025-12-23;10;390
25;2025-12-23;11;412
25;2025-12-23;12;413
25;2025-12-23;13;501
25;2025-12-23;14;467
25;2025-12-23;15;565
25;2025-12-23;16;676
25;2025-12-23;17;765
25;2025-12-23;18;788
25;2025-12-23;19;552
25;2025-12-23;20;318
25;2025-12-23;21;214
25;2025-12-23;22;95
25;2025-12-23;23;3
25;2025-12-24;0;1
25;2025-12-24;1;0
25;2025-12-24;2;0
25;2025-12-24;3;0
25;2025-12-24;4;0
25;2025-12-24;5;26
25;2025-12-24;6;240
25;2025-12-24;7;579
25;2025-12-24;8;949
25;2025-12-24;9;488
25;2025-12-24;10;395
25;2025-12-24;11;432
25;2025-12-24;12;428
25;2025-12-24;13;506
25;2025-12-24;14;471
25;2025-12-24;15;570
25;2025-12-24;16;683
25;2025-12-24;17;775
25;2025-12-24;18;796
25;2025-12-24;19;558
25;2025-12-24;20;326
25;2025-12-24;21;222
25;2025-12-24;22;100
25;2025-12-24;23;5
25;2025-12-25;0;1
25;2025-12-25;1;0
25;2025-12-25;2;0
25;2025-12-25;3;0
25;2025-12-25;4;0
25;2025-12-25;5;13
25;2025-12-25;6;223
25;2025-12-25;7;560
25;2025-12-25;8;935
25;2025-12-25;9;473
25;2025-12-25;10;376
25;2025-12-25;11;414
25;2025-12-25;12;421
25;2025-12-25;13;504
25;2025-12-25;14;473
25;2025-12-25;15;568
25;2025-12-25;16;683
25;2025-12-25;17;776
25;2025-12-25;18;796
25;2025-12-25;19;560
25;2025-12-25;20;325
25;2025-12-25;21;221
25;2025-12-25;22;101
25;2025-12-25;23;6
25;2025-12-26;0;1
25;2025-12-26;1;0
25;2025-12-26;2;0
25;2025-12-26;3;0
25;2025-12-26;4;0
25;2025-12-26;5;10
25;2025-12-26;6;228
25;2025-12-26;7;598
25;2025-12-26;8;936
25;2025-12-26;9;471
25;2025-12-26;10;408
25;2025-12-26;11;453
25;2025-12-26;12;437
25;2025-12-26;13;532
25;2025-12-26;14;486
25;2025-12-26;15;610
25;2025-12-26;16;797
25;2025-12-26;17;800
25;2025-12-26;18;725
25;2025-12-26;19;576
25;2025-12-26;20;335
25;2025-12-26;21;229
25;2025-12-26;22;119
25;2025-12-26;23;14
25;2025-12-27;0;2
25;2025-12-27;1;0
25;2025-12-27;2;0
25;2025-12-27;3;0
25;2025-12-27;4;0
25;2025-12-27;5;10
25;2025-12-27;6;99
25;2025-12-27;7;147
25;2025-12-27;8;306
25;2025-12-27;9;272
25;2025-12-27;10;284
25;2025-12-27;11;356
25;2025-12-27;12;396
25;2025-12-27;13;579
25;2025-12-27;14;586
25;2025-12-27;15;665
25;2025-12-27;16;608
25;2025-12-27;17;534
25;2025-12-27;18;475
25;2025-12-27;19;406
25;2025-12-27;20;269
25;2025-12-27;21;209
25;2025-12-27;22;123
25;2025-12-27;23;48
25;2025-12-28;0;12
25;2025-12-28;1;0
25;2025-12-28;2;0
25;2025-12-28;3;0
25;2025-12-28;4;0
25;2025-12-28;5;4
25;2025-12-28;6;69
25;2025-12-28;7;95
25;2025-12-28;8;180
25;2025-12-28;9;182
25;2025-12-28;10;176
25;2025-12-28;11;280
25;2025-12-28;12;341
25;2025-12-28;13;442
25;2025-12-28;14;484
25;2025-12-28;15;550
25;2025-12-28;16;486
25;2025-12-28;17;488
25;2025-12-28;18;421
25;2025-12-28;19;307
25;2025-12-28;20;240
25;2025-12-28;21;180
25;2025-12-28;22;110
25;2025-12-28;23;45
25;2025-12-29;0;5
25;2025-12-29;1;0
25;2025-12-29;2;0
25;2025-12-29;3;0
25;2025-12-29;4;0
25;2025-12-29;5;11
25;2025-12-29;6;191
25;2025-12-29;7;514
25;2025-12-29;8;904
25;2025-12-29;9;465
25;2025-12-29;10;322
25;2025-12-29;11;360
25;2025-12-29;12;374
25;2025-12-29;13;456
25;2025-12-29;14;432
25;2025-12-29;15;471
25;2025-12-29;16;616
25;2025-12-29;17;696
25;2025-12-29;18;732
25;2025-12-29;19;505
25;2025-12-29;20;286
25;2025-12-29;21;186
25;2025-12-29;22;87
25;2025-12-29;23;2
25;2025-12-30;0;1
25;2025-12-30;1;0
25;2025-12-30;2;0
25;2025-12-30;3;0
25;2025-12-30;4;0
25;2025-12-30;5;11
25;2025-12-30;6;201
25;2025-12-30;7;520
25;2025-12-30;8;865
25;2025-12-30;9;443
25;2025-12-30;10;354
25;2025-12-30;11;385
25;2025-12-30;12;381
25;2025-12-30;13;457
25;2025-12-30;14;432
25;2025-12-30;15;513
25;2025-12-30;16;624
25;2025-12-30;17;704
25;2025-12-30;18;726
25;2025-12-30;19;502
25;2025-12-30;20;290
25;2025-12-30;21;194
25;2025-12-30;22;87
25;2025-12-30;23;2
25;2025-12-31;0;8
25;2025-12-31;1;0
25;2025-12-31;2;0
25;2025-12-31;3;0
25;2025-12-31;4;0
25;2025-12-31;5;4
25;2025-12-31;6;62
25;2025-12-31;7;70
25;2025-12-31;8;145
25;2025-12-31;9;164
25;2025-12-31;10;157
25;2025-12-31;11;213
25;2025-12-31;12;264
25;2025-12-31;13;348
25;2025-12-31;14;402
25;2025-12-31;15;434
25;2025-12-31;16;384
25;2025-12-31;17;372
25;2025-12-31;18;314
25;2025-12-31;19;245
25;2025-12-31;20;0
25;2025-12-31;21;0
25;2025-12-31;22;0
25;2025-12-31;23;0
26;2025-11-01;0;29
26;2025-11-01;1;1
26;2025-11-01;2;0
26;2025-11-01;3;0
26;2025-11-01;4;1
26;2025-11-01;5;66
26;2025-11-01;6;444
26;2025-11-01;7;984
26;2025-11-01;8;1908
26;2025-11-01;9;1275
26;2025-11-01;10;1104
26;2025-11-01;11;1038
26;2025-11-01;12;1078
26;2025-11-01;13;1105
26;2025-11-01;14;1200
26;2025-11-01;15;1289
26;2025-11-01;16;1446
26;2025-11-01;17;1550
26;2025-11-01;18;1261
26;2025-11-01;19;1002
26;2025-11-01;20;632
26;2025-11-01;21;415
26;2025-11-01;22;192
26;2025-11-01;23;132
26;2025-11-02;0;47
26;2025-11-02;1;5
26;2025-11-02;2;0
26;2025-11-02;3;0
26;2025-11-02;4;2
26;2025-11-02;5;28
26;2025-11-02;6;155
26;2025-11-02;7;259
26;2025-11-02;8;409
26;2025-11-02;9;532
26;2025-11-02;10;586
26;2025-11-02;11;778
26;2025-11-02;12;833
26;2025-11-02;13;858
26;2025-11-02;14;856
26;2025-11-02;15;809
26;2025-11-02;16;814
26;2025-11-02;17;818
26;2025-11-02;18;724
26;2025-11-02;19;555
26;2025-11-02;20;410
26;2025-11-02;21;296
26;2025-11-02;22;175
26;2025-11-02;23;103
26;2025-11-03;0;46
26;2025-11-03;1;4
26;2025-11-03;2;0
26;2025-11-03;3;0
26;2025-11-03;4;1
26;2025-11-03;5;37
26;2025-11-03;6;181
26;2025-11-03;7;254
26;2025-11-03;8;383
26;2025-11-03;9;486
26;2025-11-03;10;524
26;2025-11-03;11;670
26;2025-11-03;12;713
26;2025-11-03;13;766
26;2025-11-03;14;764
26;2025-11-03;15;718
26;2025-11-03;16;696
26;2025-11-03;17;703
26;2025-11-03;18;656
26;2025-11-03;19;522
26;2025-11-03;20;399
26;2025-11-03;21;293
26;2025-11-03;22;176
26;2025-11-03;23;105
26;2025-11-04;0;45
26;2025-11-04;1;4
26;2025-11-04;2;0
26;2025-11-04;3;0
26;2025-11-04;4;2
26;2025-11-04;5;36
26;2025-11-04;6;172
26;2025-11-04;7;244
26;2025-11-04;8;367
26;2025-11-04;9;472
26;2025-11-04;10;535
26;2025-11-04;11;684
26;2025-11-04;12;719
26;2025-11-04;13;767
26;2025-11-04;14;765
26;2025-11-04;15;757
26;2025-11-04;16;695
26;2025-11-04;17;702
26;2025-11-04;18;664
26;2025-11-04;19;534
26;2025-11-04;20;385
26;2025-11-04;21;282
26;2025-11-04;22;167
26;2025-11-04;23;103
26;2025-11-05;0;31
26;2025-11-05;1;1
26;2025-11-05;2;0
26;2025-11-05;3;0
26;2025-11-05;4;2
26;2025-11-05;5;95
26;2025-11-05;6;493
26;2025-11-05;7;1156
26;2025-11-05;8;2222
26;2025-11-05;9;1524
26;2025-11-05;10;1231
26;2025-11-05;11;1168
26;2025-11-05;12;1201
26;2025-11-05;13;1211
26;2025-11-05;14;1331
26;2025-11-05;15;1400
26;2025-11-05;16;1502
26;2025-11-05;17;1752
26;2025-11-05;18;1873
26;2025-11-05;19;1285
26;2025-11-05;20;789
26;2025-11-05;21;493
26;2025-11-05;22;227
26;2025-11-05;23;126
26;2025-11-06;0;31
26;2025-11-06;1;1
26;2025-11-06;2;0
26;2025-11-06;3;0
26;2025-11-06;4;2
26;2025-11-06;5;91
26;2025-11-06;6;491
26;2025-11-06;7;1134
26;2025-11-06;8;2215
26;2025-11-06;9;1512
26;2025-11-06;10;1223
26;2025-11-06;11;1163
26;2025-11-06;12;1196
26;2025-11-06;13;1207
26;2025-11-06;14;1326
26;2025-11-06;15;1399
26;2025-11-06;16;1500
26;2025-11-06;17;1748
26;2025-11-06;18;1874
26;2025-11-06;19;1285
26;2025-11-06;20;791
26;2025-11-06;21;495
26;2025-11-06;22;229
26;2025-11-06;23;130
26;2025-11-07;0;31
26;2025-11-07;1;1
26;2025-11-07;2;0
26;2025-11-07;3;0
26;2025-11-07;4;1
26;2025-11-07;5;73
26;2025-11-07;6;483
26;2025-11-07;7;1067
26;2025-11-07;8;2085
26;2025-11-07;9;1390
26;2025-11-07;10;1206
26;2025-11-07;11;1126
26;2025-11-07;12;1166
26;2025-11-07;13;1189
26;2025-11-07;14;1305
26;2025-11-07;15;1399
26;2025-11-07;16;1574
26;2025-11-07;17;1693
26;2025-11-07;18;1362
26;2025-11-07;19;1081
26;2025-11-07;20;682
26;2025-11-07;21;453
26;2025-11-07;22;208
26;2025-11-07;23;145
26;2025-11-08;0;47
26;2025-11-08;1;3
26;2025-11-08;2;0
26;2025-11-08;3;0
26;2025-11-08;4;2
26;2025-11-08;5;49
26;2025-11-08;6;243
26;2025-11-08;7;369
26;2025-11-08;8;599
26;2025-11-08;9;710
26;2025-11-08;10;815
26;2025-11-08;11;936
26;2025-11-08;12;1026
26;2025-11-08;13;1036
26;2025-11-08;14;1059
26;2025-11-08;15;998
26;2025-11-08;16;1010
26;2025-11-08;17;945
26;2025-11-08;18;878
26;2025-11-08;19;784
26;2025-11-08;20;511
26;2025-11-08;21;364
26;2025-11-08;22;224
26;2025-11-08;23;155
26;2025-11-09;0;47
26;2025-11-09;1;4
26;2025-11-09;2;0
26;2025-11-09;3;0
26;2025-11-09;4;2
26;2025-11-09;5;27
26;2025-11-09;6;161
26;2025-11-09;7;264
26;2025-11-09;8;396
26;2025-11-09;9;532
26;2025-11-09;10;606
26;2025-11-09;11;807
26;2025-11-09;12;866
26;2025-11-09;13;905
26;2025-11-09;14;858
26;2025-11-09;15;809
26;2025-11-09;16;764
26;2025-11-09;17;770
26;2025-11-09;18;730
26;2025-11-09;19;556
26;2025-11-09;20;410
26;2025-11-09;21;296
26;2025-11-09;22;168
26;2025-11-09;23;101
26;2025-11-10;0;27
26;2025-11-10;1;2
26;2025-11-10;2;0
26;2025-11-10;3;0
26;2025-11-10;4;1
26;2025-11-10;5;92
26;2025-11-10;6;493
26;2025-11-10;7;1166
26;2025-11-10;8;2218
26;2025-11-10;9;1470
26;2025-11-10;10;1190
26;2025-11-10;11;1064
26;2025-11-10;12;1089
26;2025-11-10;13;1153
26;2025-11-10;14;1233
26;2025-11-10;15;1333
26;2025-11-10;16;1441
26;2025-11-10;17;1731
26;2025-11-10;18;1895
26;2025-11-10;19;1252
26;2025-11-10;20;758
26;2025-11-10;21;468
26;2025-11-10;22;208
26;2025-11-10;23;106
26;2025-11-11;0;31
26;2025-11-11;1;1
26;2025-11-11;2;0
26;2025-11-11;3;0
26;2025-11-11;4;2
26;2025-11-11;5;94
26;2025-11-11;6;492
26;2025-11-11;7;1151
26;2025-11-11;8;2224
26;2025-11-11;9;1522
26;2025-11-11;10;1223
26;2025-11-11;11;1155
26;2025-11-11;12;1177
26;2025-11-11;13;1196
26;2025-11-11;14;1315
26;2025-11-11;15;1388
26;2025-11-11;16;1495
26;2025-11-11;17;1745
26;2025-11-11;18;1873
26;2025-11-11;19;1279
26;2025-11-11;20;785
26;2025-11-11;21;490
26;2025-11-11;22;221
26;2025-11-11;23;118
26;2025-11-12;0;31
26;2025-11-12;1;1
26;2025-11-12;2;0
26;2025-11-12;3;0
26;2025-11-12;4;2
26;2025-11-12;5;93
26;2025-11-12;6;491
26;2025-11-12;7;1153
26;2025-11-12;8;2219
26;2025-11-12;9;1517
26;2025-11-12;10;1222
26;2025-11-12;11;1163
26;2025-11-12;12;1184
26;2025-11-12;13;1194
26;2025-11-12;14;1313
26;2025-11-12;15;1385
26;2025-11-12;16;1496
26;2025-11-12;17;1747
26;2025-11-12;18;1870
26;2025-11-12;19;1279
26;2025-11-12;20;787
26;2025-11-12;21;491
26;2025-11-12;22;226
26;2025-11-12;23;126
26;2025-11-13;0;32
26;2025-11-13;1;1
26;2025-11-13;2;0
26;2025-11-13;3;0
26;2025-11-13;4;2
26;2025-11-13;5;90
26;2025-11-13;6;490
26;2025-11-13;7;1147
26;2025-11-13;8;2213
26;2025-11-13;9;1512
26;2025-11-13;10;1220
26;2025-11-13;11;1162
26;2025-11-13;12;1186
26;2025-11-13;13;1198
26;2025-11-13;14;1317
26;2025-11-13;15;1391
26;2025-11-13;16;1500
26;2025-11-13;17;1755
26;2025-11-13;18;1869
26;2025-11-13;19;1272
26;2025-11-13;20;785
26;2025-11-13;21;490
26;2025-11-13;22;226
26;2025-11-13;23;129
26;2025-11-14;0;31
26;2025-11-14;1;1
26;2025-11-14;2;0
26;2025-11-14;3;0
26;2025-11-14;4;1
26;2025-11-14;5;74
26;2025-11-14;6;482
26;2025-11-14;7;1067
26;2025-11-14;8;2081
26;2025-11-14;9;1386
26;2025-11-14;10;1198
26;2025-11-14;11;1116
26;2025-11-14;12;1145
26;2025-11-14;13;1176
26;2025-11-14;14;1285
26;2025-11-14;15;1380
26;2025-11-14;16;1561
26;2025-11-14;17;1680
26;2025-11-14;18;1362
26;2025-11-14;19;1077
26;2025-11-14;20;678
26;2025-11-14;21;448
26;2025-11-14;22;215
26;2025-11-14;23;144
26;2025-11-15;0;47
26;2025-11-15;1;3
26;2025-11-15;2;0
26;2025-11-15;3;0
26;2025-11-15;4;2
26;2025-11-15;5;58
26;2025-11-15;6;255
26;2025-11-15;7;382
26;2025-11-15;8;613
26;2025-11-15;9;734
26;2025-11-15;10;826
26;2025-11-15;11;942
26;2025-11-15;12;1026
26;2025-11-15;13;1033
26;2025-11-15;14;1057
26;2025-11-15;15;994
26;2025-11-15;16;1004
26;2025-11-15;17;939
26;2025-11-15;18;865
26;2025-11-15;19;751
26;2025-11-15;20;519
26;2025-11-15;21;356
26;2025-11-15;22;215
26;2025-11-15;23;152
26;2025-11-16;0;47
26;2025-11-16;1;5
26;2025-11-16;2;0
26;2025-11-16;3;0
26;2025-11-16;4;2
26;2025-11-16;5;32
26;2025-11-16;6;166
26;2025-11-16;7;269
26;2025-11-16;8;400
26;2025-11-16;9;543
26;2025-11-16;10;590
26;2025-11-16;11;776
26;2025-11-16;12;818
26;2025-11-16;13;850
26;2025-11-16;14;850
26;2025-11-16;15;792
26;2025-11-16;16;760
26;2025-11-16;17;762
26;2025-11-16;18;707
26;2025-11-16;19;544
26;2025-11-16;20;403
26;2025-11-16;21;282
26;2025-11-16;22;164
26;2025-11-16;23;100
26;2025-11-17;0;27
26;2025-11-17;1;2
26;2025-11-17;2;0
26;2025-11-17;3;0
26;2025-11-17;4;1
26;2025-11-17;5;100
26;2025-11-17;6;499
26;2025-11-17;7;1167
26;2025-11-17;8;2207
26;2025-11-17;9;1481
26;2025-11-17;10;1197
26;2025-11-17;11;1073
26;2025-11-17;12;1099
26;2025-11-17;13;1150
26;2025-11-17;14;1234
26;2025-11-17;15;1332
26;2025-11-17;16;1439
26;2025-11-17;17;1724
26;2025-11-17;18;1889
26;2025-11-17;19;1240
26;2025-11-17;20;756
26;2025-11-17;21;469
26;2025-11-17;22;208
26;2025-11-17;23;107
26;2025-11-18;0;31
26;2025-11-18;1;1
26;2025-11-18;2;0
26;2025-11-18;3;0
26;2025-11-18;4;2
26;2025-11-18;5;101
26;2025-11-18;6;500
26;2025-11-18;7;1159
26;2025-11-18;8;2230
26;2025-11-18;9;1531
26;2025-11-18;10;1233
26;2025-11-18;11;1166
26;2025-11-18;12;1184
26;2025-11-18;13;1197
26;2025-11-18;14;1312
26;2025-11-18;15;1383
26;2025-11-18;16;1492
26;2025-11-18;17;1744
26;2025-11-18;18;1872
26;2025-11-18;19;1277
26;2025-11-18;20;787
26;2025-11-18;21;492
26;2025-11-18;22;224
26;2025-11-18;23;121
26;2025-11-19;0;31
26;2025-11-19;1;1
26;2025-11-19;2;0
26;2025-11-19;3;0
26;2025-11-19;4;2
26;2025-11-19;5;102
26;2025-11-19;6;498
26;2025-11-19;7;1158
26;2025-11-19;8;2223
26;2025-11-19;9;1520
26;2025-11-19;10;1224
26;2025-11-19;11;1163
26;2025-11-19;12;1184
26;2025-11-19;13;1196
26;2025-11-19;14;1314
26;2025-11-19;15;1384
26;2025-11-19;16;1494
26;2025-11-19;17;1744
26;2025-11-19;18;1867
26;2025-11-19;19;1279
26;2025-11-19;20;787
26;2025-11-19;21;492
26;2025-11-19;22;226
26;2025-11-19;23;127
26;2025-11-20;0;32
26;2025-11-20;1;1
26;2025-11-20;2;0
26;2025-11-20;3;0
26;2025-11-20;4;2
26;2025-11-20;5;91
26;2025-11-20;6;494
26;2025-11-20;7;1150
26;2025-11-20;8;2252
26;2025-11-20;9;1517
26;2025-11-20;10;1234
26;2025-11-20;11;1174
26;2025-11-20;12;1190
26;2025-11-20;13;1195
26;2025-11-20;14;1313
26;2025-11-20;15;1385
26;2025-11-20;16;1494
26;2025-11-20;17;1744
26;2025-11-20;18;1867
26;2025-11-20;19;1276
26;2025-11-20;20;790
26;2025-11-20;21;495
26;2025-11-20;22;231
26;2025-11-20;23;134
26;2025-11-21;0;31
26;2025-11-21;1;1
26;2025-11-21;2;0
26;2025-11-21;3;0
26;2025-11-21;4;1
26;2025-11-21;5;88
26;2025-11-21;6;497
26;2025-11-21;7;1081
26;2025-11-21;8;2095
26;2025-11-21;9;1403
26;2025-11-21;10;1217
26;2025-11-21;11;1131
26;2025-11-21;12;1156
26;2025-11-21;13;1181
26;2025-11-21;14;1292
26;2025-11-21;15;1385
26;2025-11-21;16;1569
26;2025-11-21;17;1686
26;2025-11-21;18;1359
26;2025-11-21;19;1073
26;2025-11-21;20;679
26;2025-11-21;21;451
26;2025-11-21;22;214
26;2025-11-21;23;148
26;2025-11-22;0;47
26;2025-11-22;1;3
26;2025-11-22;2;0
26;2025-11-22;3;0
26;2025-11-22;4;2
26;2025-11-22;5;57
26;2025-11-22;6;247
26;2025-11-22;7;371
26;2025-11-22;8;614
26;2025-11-22;9;697
26;2025-11-22;10;810
26;2025-11-22;11;948
26;2025-11-22;12;1020
26;2025-11-22;13;1028
26;2025-11-22;14;1049
26;2025-11-22;15;983
26;2025-11-22;16;995
26;2025-11-22;17;925
26;2025-11-22;18;856
26;2025-11-22;19;738
26;2025-11-22;20;509
26;2025-11-22;21;346
26;2025-11-22;22;213
26;2025-11-22;23;149
26;2025-11-23;0;47
26;2025-11-23;1;5
26;2025-11-23;2;0
26;2025-11-23;3;0
26;2025-11-23;4;2
26;2025-11-23;5;28
26;2025-11-23;6;159
26;2025-11-23;7;248
26;2025-11-23;8;374
26;2025-11-23;9;498
26;2025-11-23;10;555
26;2025-11-23;11;761
26;2025-11-23;12;802
26;2025-11-23;13;831
26;2025-11-23;14;829
26;2025-11-23;15;779
26;2025-11-23;16;743
26;2025-11-23;17;744
26;2025-11-23;18;666
26;2025-11-23;19;514
26;2025-11-23;20;387
26;2025-11-23;21;276
26;2025-11-23;22;158
26;2025-11-23;23;97
26;2025-11-24;0;27
26;2025-11-24;1;3
26;2025-11-24;2;0
26;2025-11-24;3;0
26;2025-11-24;4;1
26;2025-11-24;5;89
26;2025-11-24;6;482
26;2025-11-24;7;1148
26;2025-11-24;8;2185
26;2025-11-24;9;1451
26;2025-11-24;10;1175
26;2025-11-24;11;1059
26;2025-11-24;12;1089
26;2025-11-24;13;1142
26;2025-11-24;14;1219
26;2025-11-24;15;1324
26;2025-11-24;16;1439
26;2025-11-24;17;1728
26;2025-11-24;18;1894
26;2025-11-24;19;1249
26;2025-11-24;20;756
26;2025-11-24;21;464
26;2025-11-24;22;206
26;2025-11-24;23;105
26;2025-11-25;0;30
26;2025-11-25;1;1
26;2025-11-25;2;0
26;2025-11-25;3;0
26;2025-11-25;4;2
26;2025-11-25;5;94
26;2025-11-25;6;492
26;2025-11-25;7;1145
26;2025-11-25;8;2210
26;2025-11-25;9;1501
26;2025-11-25;10;1221
26;2025-11-25;11;1168
26;2025-11-25;12;1173
26;2025-11-25;13;1194
26;2025-11-25;14;1318
26;2025-11-25;15;1389
26;2025-11-25;16;1490
26;2025-11-25;17;1743
26;2025-11-25;18;1882
26;2025-11-25;19;1270
26;2025-11-25;20;781
26;2025-11-25;21;485
26;2025-11-25;22;220
26;2025-11-25;23;120
26;2025-11-26;0;31
26;2025-11-26;1;1
26;2025-11-26;2;0
26;2025-11-26;3;0
26;2025-11-26;4;2
26;2025-11-26;5;94
26;2025-11-26;6;492
26;2025-11-26;7;1132
26;2025-11-26;8;2212
26;2025-11-26;9;1494
26;2025-11-26;10;1208
26;2025-11-26;11;1154
26;2025-11-26;12;1175
26;2025-11-26;13;1202
26;2025-11-26;14;1319
26;2025-11-26;15;1393
26;2025-11-26;16;1500
26;2025-11-26;17;1750
26;2025-11-26;18;1871
26;2025-11-26;19;1281
26;2025-11-26;20;791
26;2025-11-26;21;492
26;2025-11-26;22;222
26;2025-11-26;23;127
26;2025-11-27;0;32
26;2025-11-27;1;1
26;2025-11-27;2;0
26;2025-11-27;3;0
26;2025-11-27;4;2
26;2025-11-27;5;105
26;2025-11-27;6;506
26;2025-11-27;7;1158
26;2025-11-27;8;2236
26;2025-11-27;9;1537
26;2025-11-27;10;1241
26;2025-11-27;11;1179
26;2025-11-27;12;1196
26;2025-11-27;13;1196
26;2025-11-27;14;1314
26;2025-11-27;15;1388
26;2025-11-27;16;1498
26;2025-11-27;17;1750
26;2025-11-27;18;1871
26;2025-11-27;19;1282
26;2025-11-27;20;789
26;2025-11-27;21;495
26;2025-11-27;22;235
26;2025-11-27;23;136
26;2025-11-28;0;31
26;2025-11-28;1;1
26;2025-11-28;2;0
26;2025-11-28;3;0
26;2025-11-28;4;1
26;2025-11-28;5;87
26;2025-11-28;6;496
26;2025-11-28;7;1080
26;2025-11-28;8;2094
26;2025-11-28;9;1400
26;2025-11-28;10;1219
26;2025-11-28;11;1137
26;2025-11-28;12;1157
26;2025-11-28;13;1181
26;2025-11-28;14;1290
26;2025-11-28;15;1386
26;2025-11-28;16;1560
26;2025-11-28;17;1675
26;2025-11-28;18;1360
26;2025-11-28;19;1071
26;2025-11-28;20;682
26;2025-11-28;21;455
26;2025-11-28;22;211
26;2025-11-28;23;152
26;2025-11-29;0;48
26;2025-11-29;1;3
26;2025-11-29;2;0
26;2025-11-29;3;0
26;2025-11-29;4;2
26;2025-11-29;5;26
26;2025-11-29;6;213
26;2025-11-29;7;330
26;2025-11-29;8;557
26;2025-11-29;9;645
26;2025-11-29;10;774
26;2025-11-29;11;964
26;2025-11-29;12;1050
26;2025-11-29;13;1067
26;2025-11-29;14;1046
26;2025-11-29;15;974
26;2025-11-29;16;978
26;2025-11-29;17;908
26;2025-11-29;18;851
26;2025-11-29;19;728
26;2025-11-29;20;500
26;2025-11-29;21;337
26;2025-11-29;22;198
26;2025-11-29;23;140
26;2025-11-30;0;47
26;2025-11-30;1;5
26;2025-11-30;2;0
26;2025-11-30;3;0
26;2025-11-30;4;2
26;2025-11-30;5;24
26;2025-11-30;6;158
26;2025-11-30;7;267
26;2025-11-30;8;407
26;2025-11-30;9;525
26;2025-11-30;10;580
26;2025-11-30;11;770
26;2025-11-30;12;805
26;2025-11-30;13;830
26;2025-11-30;14;827
26;2025-11-30;15;772
26;2025-11-30;16;739
26;2025-11-30;17;742
26;2025-11-30;18;671
26;2025-11-30;19;522
26;2025-11-30;20;388
26;2025-11-30;21;278
26;2025-11-30;22;160
26;2025-11-30;23;99
26;2025-12-01;0;27
26;2025-12-01;1;3
26;2025-12-01;2;0
26;2025-12-01;3;0
26;2025-12-01;4;1
26;2025-12-01;5;84
26;2025-12-01;6;479
26;2025-12-01;7;1147
26;2025-12-01;8;2191
26;2025-12-01;9;1455
26;2025-12-01;10;1175
26;2025-12-01;11;1053
26;2025-12-01;12;1086
26;2025-12-01;13;1147
26;2025-12-01;14;1225
26;2025-12-01;15;1329
26;2025-12-01;16;1443
26;2025-12-01;17;1734
26;2025-12-01;18;1901
26;2025-12-01;19;1253
26;2025-12-01;20;759
26;2025-12-01;21;462
26;2025-12-01;22;201
26;2025-12-01;23;100
26;2025-12-02;0;30
26;2025-12-02;1;1
26;2025-12-02;2;0
26;2025-12-02;3;0
26;2025-12-02;4;2
26;2025-12-02;5;95
26;2025-12-02;6;493
26;2025-12-02;7;1148
26;2025-12-02;8;2211
26;2025-12-02;9;1499
26;2025-12-02;10;1205
26;2025-12-02;11;1141
26;2025-12-02;12;1159
26;2025-12-02;13;1190
26;2025-12-02;14;1306
26;2025-12-02;15;1372
26;2025-12-02;16;1481
26;2025-12-02;17;1737
26;2025-12-02;18;1868
26;2025-12-02;19;1275
26;2025-12-02;20;782
26;2025-12-02;21;479
26;2025-12-02;22;213
26;2025-12-02;23;116
26;2025-12-03;0;31
26;2025-12-03;1;1
26;2025-12-03;2;0
26;2025-12-03;3;0
26;2025-12-03;4;2
26;2025-12-03;5;94
26;2025-12-03;6;488
26;2025-12-03;7;1144
26;2025-12-03;8;2206
26;2025-12-03;9;1498
26;2025-12-03;10;1207
26;2025-12-03;11;1161
26;2025-12-03;12;1187
26;2025-12-03;13;1203
26;2025-12-03;14;1323
26;2025-12-03;15;1397
26;2025-12-03;16;1500
26;2025-12-03;17;1751
26;2025-12-03;18;1867
26;2025-12-03;19;1267
26;2025-12-03;20;775
26;2025-12-03;21;482
26;2025-12-03;22;218
26;2025-12-03;23;122
26;2025-12-04;0;31
26;2025-12-04;1;1
26;2025-12-04;2;0
26;2025-12-04;3;0
26;2025-12-04;4;2
26;2025-12-04;5;86
26;2025-12-04;6;486
26;2025-12-04;7;1142
26;2025-12-04;8;2204
26;2025-12-04;9;1501
26;2025-12-04;10;1210
26;2025-12-04;11;1164
26;2025-12-04;12;1190
26;2025-12-04;13;1201
26;2025-12-04;14;1321
26;2025-12-04;15;1397
26;2025-12-04;16;1505
26;2025-12-04;17;1748
26;2025-12-04;18;1871
26;2025-12-04;19;1274
26;2025-12-04;20;781
26;2025-12-04;21;485
26;2025-12-04;22;218
26;2025-12-04;23;126
26;2025-12-05;0;32
26;2025-12-05;1;2
26;2025-12-05;2;0
26;2025-12-05;3;0
26;2025-12-05;4;1
26;2025-12-05;5;72
26;2025-12-05;6;483
26;2025-12-05;7;1063
26;2025-12-05;8;2075
26;2025-12-05;9;1370
26;2025-12-05;10;1189
26;2025-12-05;11;1109
26;2025-12-05;12;1129
26;2025-12-05;13;1169
26;2025-12-05;14;1287
26;2025-12-05;15;1380
26;2025-12-05;16;1559
26;2025-12-05;17;1672
26;2025-12-05;18;1368
26;2025-12-05;19;1075
26;2025-12-05;20;673
26;2025-12-05;21;444
26;2025-12-05;22;201
26;2025-12-05;23;144
26;2025-12-06;0;48
26;2025-12-06;1;3
26;2025-12-06;2;0
26;2025-12-06;3;0
26;2025-12-06;4;2
26;2025-12-06;5;43
26;2025-12-06;6;237
26;2025-12-06;7;355
26;2025-12-06;8;565
26;2025-12-06;9;655
26;2025-12-06;10;753
26;2025-12-06;11;909
26;2025-12-06;12;981
26;2025-12-06;13;999
26;2025-12-06;14;1027
26;2025-12-06;15;977
26;2025-12-06;16;990
26;2025-12-06;17;925
26;2025-12-06;18;876
26;2025-12-06;19;760
26;2025-12-06;20;513
26;2025-12-06;21;348
26;2025-12-06;22;206
26;2025-12-06;23;147
26;2025-12-07;0;48
26;2025-12-07;1;5
26;2025-12-07;2;0
26;2025-12-07;3;0
26;2025-12-07;4;2
26;2025-12-07;5;20
26;2025-12-07;6;132
26;2025-12-07;7;231
26;2025-12-07;8;362
26;2025-12-07;9;473
26;2025-12-07;10;558
26;2025-12-07;11;746
26;2025-12-07;12;785
26;2025-12-07;13;825
26;2025-12-07;14;824
26;2025-12-07;15;783
26;2025-12-07;16;749
26;2025-12-07;17;755
26;2025-12-07;18;692
26;2025-12-07;19;532
26;2025-12-07;20;396
26;2025-12-07;21;287
26;2025-12-07;22;167
26;2025-12-07;23;103
26;2025-12-08;0;28
26;2025-12-08;1;3
26;2025-12-08;2;0
26;2025-12-08;3;0
26;2025-12-08;4;1
26;2025-12-08;5;80
26;2025-12-08;6;478
26;2025-12-08;7;1147
26;2025-12-08;8;2188
26;2025-12-08;9;1451
26;2025-12-08;10;1173
26;2025-12-08;11;1049
26;2025-12-08;12;1073
26;2025-12-08;13;1131
26;2025-12-08;14;1213
26;2025-12-08;15;1323
26;2025-12-08;16;1438
26;2025-12-08;17;1725
26;2025-12-08;18;1895
26;2025-12-08;19;1254
26;2025-12-08;20;752
26;2025-12-08;21;457
26;2025-12-08;22;196
26;2025-12-08;23;95
26;2025-12-09;0;31
26;2025-12-09;1;2
26;2025-12-09;2;0
26;2025-12-09;3;0
26;2025-12-09;4;2
26;2025-12-09;5;81
26;2025-12-09;6;479
26;2025-12-09;7;1136
26;2025-12-09;8;2206
26;2025-12-09;9;1494
26;2025-12-09;10;1194
26;2025-12-09;11;1131
26;2025-12-09;12;1154
26;2025-12-09;13;1177
26;2025-12-09;14;1293
26;2025-12-09;15;1376
26;2025-12-09;16;1483
26;2025-12-09;17;1735
26;2025-12-09;18;1866
26;2025-12-09;19;1275
26;2025-12-09;20;775
26;2025-12-09;21;479
26;2025-12-09;22;213
26;2025-12-09;23;114
26;2025-12-10;0;31
26;2025-12-10;1;1
26;2025-12-10;2;0
26;2025-12-10;3;0
26;2025-12-10;4;2
26;2025-12-10;5;94
26;2025-12-10;6;492
26;2025-12-10;7;1148
26;2025-12-10;8;2211
26;2025-12-10;9;1498
26;2025-12-10;10;1205
26;2025-12-10;11;1147
26;2025-12-10;12;1164
26;2025-12-10;13;1176
26;2025-12-10;14;1307
26;2025-12-10;15;1384
26;2025-12-10;16;1483
26;2025-12-10;17;1735
26;2025-12-10;18;1866
26;2025-12-10;19;1274
26;2025-12-10;20;775
26;2025-12-10;21;480
26;2025-12-10;22;215
26;2025-12-10;23;122
26;2025-12-11;0;32
26;2025-12-11;1;2
26;2025-12-11;2;0
26;2025-12-11;3;0
26;2025-12-11;4;2
26;2025-12-11;5;91
26;2025-12-11;6;490
26;2025-12-11;7;1147
26;2025-12-11;8;2208
26;2025-12-11;9;1496
26;2025-12-11;10;1206
26;2025-12-11;11;1149
26;2025-12-11;12;1182
26;2025-12-11;13;1191
26;2025-12-11;14;1318
26;2025-12-11;15;1389
26;2025-12-11;16;1488
26;2025-12-11;17;1739
26;2025-12-11;18;1865
26;2025-12-11;19;1274
26;2025-12-11;20;782
26;2025-12-11;21;486
26;2025-12-11;22;219
26;2025-12-11;23;127
26;2025-12-12;0;31
26;2025-12-12;1;1
26;2025-12-12;2;0
26;2025-12-12;3;0
26;2025-12-12;4;1
26;2025-12-12;5;72
26;2025-12-12;6;483
26;2025-12-12;7;1063
26;2025-12-12;8;2075
26;2025-12-12;9;1370
26;2025-12-12;10;1189
26;2025-12-12;11;1109
26;2025-12-12;12;1148
26;2025-12-12;13;1181
26;2025-12-12;14;1293
26;2025-12-12;15;1391
26;2025-12-12;16;1559
26;2025-12-12;17;1674
26;2025-12-12;18;1367
26;2025-12-12;19;1073
26;2025-12-12;20;678
26;2025-12-12;21;455
26;2025-12-12;22;212
26;2025-12-12;23;153
26;2025-12-13;0;48
26;2025-12-13;1;3
26;2025-12-13;2;0
26;2025-12-13;3;0
26;2025-12-13;4;2
26;2025-12-13;5;51
26;2025-12-13;6;252
26;2025-12-13;7;379
26;2025-12-13;8;601
26;2025-12-13;9;712
26;2025-12-13;10;801
26;2025-12-13;11;940
26;2025-12-13;12;1015
26;2025-12-13;13;1025
26;2025-12-13;14;1048
26;2025-12-13;15;982
26;2025-12-13;16;985
26;2025-12-13;17;920
26;2025-12-13;18;876
26;2025-12-13;19;750
26;2025-12-13;20;510
26;2025-12-13;21;344
26;2025-12-13;22;203
26;2025-12-13;23;146
26;2025-12-14;0;47
26;2025-12-14;1;5
26;2025-12-14;2;0
26;2025-12-14;3;0
26;2025-12-14;4;2
26;2025-12-14;5;11
26;2025-12-14;6;136
26;2025-12-14;7;231
26;2025-12-14;8;362
26;2025-12-14;9;473
26;2025-12-14;10;556
26;2025-12-14;11;750
26;2025-12-14;12;785
26;2025-12-14;13;825
26;2025-12-14;14;824
26;2025-12-14;15;776
26;2025-12-14;16;749
26;2025-12-14;17;755
26;2025-12-14;18;693
26;2025-12-14;19;533
26;2025-12-14;20;397
26;2025-12-14;21;283
26;2025-12-14;22;163
26;2025-12-14;23;101
26;2025-12-15;0;28
26;2025-12-15;1;2
26;2025-12-15;2;0
26;2025-12-15;3;0
26;2025-12-15;4;1
26;2025-12-15;5;86
26;2025-12-15;6;484
26;2025-12-15;7;1151
26;2025-12-15;8;2192
26;2025-12-15;9;1455
26;2025-12-15;10;1174
26;2025-12-15;11;1050
26;2025-12-15;12;1076
26;2025-12-15;13;1135
26;2025-12-15;14;1213
26;2025-12-15;15;1322
26;2025-12-15;16;1442
26;2025-12-15;17;1734
26;2025-12-15;18;1902
26;2025-12-15;19;1254
26;2025-12-15;20;755
26;2025-12-15;21;458
26;2025-12-15;22;199
26;2025-12-15;23;98
26;2025-12-16;0;30
26;2025-12-16;1;2
26;2025-12-16;2;0
26;2025-12-16;3;0
26;2025-12-16;4;2
26;2025-12-16;5;93
26;2025-12-16;6;492
26;2025-12-16;7;1149
26;2025-12-16;8;2217
26;2025-12-16;9;1506
26;2025-12-16;10;1207
26;2025-12-16;11;1141
26;2025-12-16;12;1159
26;2025-12-16;13;1190
26;2025-12-16;14;1306
26;2025-12-16;15;1382
26;2025-12-16;16;1491
26;2025-12-16;17;1742
26;2025-12-16;18;1864
26;2025-12-16;19;1271
26;2025-12-16;20;780
26;2025-12-16;21;486
26;2025-12-16;22;219
26;2025-12-16;23;119
26;2025-12-17;0;31
26;2025-12-17;1;1
26;2025-12-17;2;0
26;2025-12-17;3;0
26;2025-12-17;4;2
26;2025-12-17;5;107
26;2025-12-17;6;503
26;2025-12-17;7;1166
26;2025-12-17;8;2234
26;2025-12-17;9;1538
26;2025-12-17;10;1244
26;2025-12-17;11;1183
26;2025-12-17;12;1200
26;2025-12-17;13;1205
26;2025-12-17;14;1323
26;2025-12-17;15;1398
26;2025-12-17;16;1504
26;2025-12-17;17;1755
26;2025-12-17;18;1879
26;2025-12-17;19;1284
26;2025-12-17;20;792
26;2025-12-17;21;493
26;2025-12-17;22;223
26;2025-12-17;23;124
26;2025-12-18;0;31
26;2025-12-18;1;1
26;2025-12-18;2;0
26;2025-12-18;3;0
26;2025-12-18;4;2
26;2025-12-18;5;96
26;2025-12-18;6;499
26;2025-12-18;7;1142
26;2025-12-18;8;2208
26;2025-12-18;9;1501
26;2025-12-18;10;1210
26;2025-12-18;11;1149
26;2025-12-18;12;1182
26;2025-12-18;13;1199
26;2025-12-18;14;1318
26;2025-12-18;15;1396
26;2025-12-18;16;1505
26;2025-12-18;17;1748
26;2025-12-18;18;1871
26;2025-12-18;19;1274
26;2025-12-18;20;782
26;2025-12-18;21;486
26;2025-12-18;22;221
26;2025-12-18;23;129
26;2025-12-19;0;31
26;2025-12-19;1;1
26;2025-12-19;2;0
26;2025-12-19;3;0
26;2025-12-19;4;1
26;2025-12-19;5;84
26;2025-12-19;6;497
26;2025-12-19;7;1079
26;2025-12-19;8;2081
26;2025-12-19;9;1377
26;2025-12-19;10;1203
26;2025-12-19;11;1138
26;2025-12-19;12;1159
26;2025-12-19;13;1183
26;2025-12-19;14;1294
26;2025-12-19;15;1391
26;2025-12-19;16;1567
26;2025-12-19;17;1689
26;2025-12-19;18;1374
26;2025-12-19;19;1082
26;2025-12-19;20;687
26;2025-12-19;21;457
26;2025-12-19;22;215
26;2025-12-19;23;151
26;2025-12-20;0;48
26;2025-12-20;1;3
26;2025-12-20;2;0
26;2025-12-20;3;0
26;2025-12-20;4;2
26;2025-12-20;5;62
26;2025-12-20;6;263
26;2025-12-20;7;390
26;2025-12-20;8;624
26;2025-12-20;9;736
26;2025-12-20;10;836
26;2025-12-20;11;959
26;2025-12-20;12;1037
26;2025-12-20;13;1042
26;2025-12-20;14;1059
26;2025-12-20;15;982
26;2025-12-20;16;989
26;2025-12-20;17;920
26;2025-12-20;18;922
26;2025-12-20;19;752
26;2025-12-20;20;512
26;2025-12-20;21;346
26;2025-12-20;22;204
26;2025-12-20;23;144
26;2025-12-21;0;48
26;2025-12-21;1;5
26;2025-12-21;2;0
26;2025-12-21;3;0
26;2025-12-21;4;2
26;2025-12-21;5;31
26;2025-12-21;6;168
26;2025-12-21;7;274
26;2025-12-21;8;406
26;2025-12-21;9;539
26;2025-12-21;10;598
26;2025-12-21;11;814
26;2025-12-21;12;821
26;2025-12-21;13;848
26;2025-12-21;14;843
26;2025-12-21;15;795
26;2025-12-21;16;762
26;2025-12-21;17;767
26;2025-12-21;18;689
26;2025-12-21;19;536
26;2025-12-21;20;404
26;2025-12-21;21;289
26;2025-12-21;22;168
26;2025-12-21;23;101
26;2025-12-22;0;28
26;2025-12-22;1;2
26;2025-12-22;2;0
26;2025-12-22;3;0
26;2025-12-22;4;1
26;2025-12-22;5;94
26;2025-12-22;6;491
26;2025-12-22;7;1163
26;2025-12-22;8;2197
26;2025-12-22;9;1459
26;2025-12-22;10;1179
26;2025-12-22;11;1063
26;2025-12-22;12;1089
26;2025-12-22;13;1147
26;2025-12-22;14;1225
26;2025-12-22;15;1338
26;2025-12-22;16;1443
26;2025-12-22;17;1729
26;2025-12-22;18;1920
26;2025-12-22;19;1255
26;2025-12-22;20;764
26;2025-12-22;21;467
26;2025-12-22;22;207
26;2025-12-22;23;105
26;2025-12-23;0;31
26;2025-12-23;1;1
26;2025-12-23;2;0
26;2025-12-23;3;0
26;2025-12-23;4;2
26;2025-12-23;5;99
26;2025-12-23;6;501
26;2025-12-23;7;1165
26;2025-12-23;8;2239
26;2025-12-23;9;1536
26;2025-12-23;10;1243
26;2025-12-23;11;1156
26;2025-12-23;12;1178
26;2025-12-23;13;1198
26;2025-12-23;14;1317
26;2025-12-23;15;1394
26;2025-12-23;16;1499
26;2025-12-23;17;1750
26;2025-12-23;18;1878
26;2025-12-23;19;1285
26;2025-12-23;20;788
26;2025-12-23;21;491
26;2025-12-23;22;227
26;2025-12-23;23;122
26;2025-12-24;0;31
26;2025-12-24;1;1
26;2025-12-24;2;0
26;2025-12-24;3;0
26;2025-12-24;4;2
26;2025-12-24;5;110
26;2025-12-24;6;514
26;2025-12-24;7;1178
26;2025-12-24;8;2239
26;2025-12-24;9;1540
26;2025-12-24;10;1246
26;2025-12-24;11;1185
26;2025-12-24;12;1203
26;2025-12-24;13;1204
26;2025-12-24;14;1318
26;2025-12-24;15;1398
26;2025-12-24;16;1504
26;2025-12-24;17;1755
26;2025-12-24;18;1877
26;2025-12-24;19;1284
26;2025-12-24;20;794
26;2025-12-24;21;493
26;2025-12-24;22;223
26;2025-12-24;23;127
26;2025-12-25;0;31
26;2025-12-25;1;1
26;2025-12-25;2;0
26;2025-12-25;3;0
26;2025-12-25;4;2
26;2025-12-25;5;94
26;2025-12-25;6;493
26;2025-12-25;7;1149
26;2025-12-25;8;2211
26;2025-12-25;9;1504
26;2025-12-25;10;1210
26;2025-12-25;11;1149
26;2025-12-25;12;1182
26;2025-12-25;13;1191
26;2025-12-25;14;1310
26;2025-12-25;15;1378
26;2025-12-25;16;1488
26;2025-12-25;17;1739
26;2025-12-25;18;1865
26;2025-12-25;19;1274
26;2025-12-25;20;782
26;2025-12-25;21;486
26;2025-12-25;22;220
26;2025-12-25;23;126
26;2025-12-26;0;32
26;2025-12-26;1;2
26;2025-12-26;2;0
26;2025-12-26;3;0
26;2025-12-26;4;1
26;2025-12-26;5;78
26;2025-12-26;6;489
26;2025-12-26;7;1077
26;2025-12-26;8;2088
26;2025-12-26;9;1386
26;2025-12-26;10;1221
26;2025-12-26;11;1141
26;2025-12-26;12;1161
26;2025-12-26;13;1185
26;2025-12-26;14;1294
26;2025-12-26;15;1388
26;2025-12-26;16;1567
26;2025-12-26;17;1688
26;2025-12-26;18;1376
26;2025-12-26;19;1080
26;2025-12-26;20;688
26;2025-12-26;21;459
26;2025-12-26;22;212
26;2025-12-26;23;149
26;2025-12-27;0;48
26;2025-12-27;1;3
26;2025-12-27;2;0
26;2025-12-27;3;0
26;2025-12-27;4;2
26;2025-12-27;5;49
26;2025-12-27;6;246
26;2025-12-27;7;359
26;2025-12-27;8;589
26;2025-12-27;9;692
26;2025-12-27;10;792
26;2025-12-27;11;922
26;2025-12-27;12;1004
26;2025-12-27;13;1035
26;2025-12-27;14;1059
26;2025-12-27;15;991
26;2025-12-27;16;985
26;2025-12-27;17;920
26;2025-12-27;18;860
26;2025-12-27;19;742
26;2025-12-27;20;509
26;2025-12-27;21;344
26;2025-12-27;22;204
26;2025-12-27;23;144
26;2025-12-28;0;48
26;2025-12-28;1;5
26;2025-12-28;2;0
26;2025-12-28;3;0
26;2025-12-28;4;2
26;2025-12-28;5;11
26;2025-12-28;6;150
26;2025-12-28;7;244
26;2025-12-28;8;377
26;2025-12-28;9;473
26;2025-12-28;10;524
26;2025-12-28;11;745
26;2025-12-28;12;777
26;2025-12-28;13;814
26;2025-12-28;14;817
26;2025-12-28;15;783
26;2025-12-28;16;749
26;2025-12-28;17;798
26;2025-12-28;18;723
26;2025-12-28;19;549
26;2025-12-28;20;405
26;2025-12-28;21;296
26;2025-12-28;22;179
26;2025-12-28;23;108
26;2025-12-29;0;26
26;2025-12-29;1;3
26;2025-12-29;2;0
26;2025-12-29;3;0
26;2025-12-29;4;1
26;2025-12-29;5;81
26;2025-12-29;6;446
26;2025-12-29;7;1060
26;2025-12-29;8;2013
26;2025-12-29;9;1338
26;2025-12-29;10;1077
26;2025-12-29;11;969
26;2025-12-29;12;1017
26;2025-12-29;13;1047
26;2025-12-29;14;1139
26;2025-12-29;15;1220
26;2025-12-29;16;1329
26;2025-12-29;17;1614
26;2025-12-29;18;1774
26;2025-12-29;19;1162
26;2025-12-29;20;701
26;2025-12-29;21;431
26;2025-12-29;22;186
26;2025-12-29;23;91
26;2025-12-30;0;28
26;2025-12-30;1;0
26;2025-12-30;2;0
26;2025-12-30;3;0
26;2025-12-30;4;2
26;2025-12-30;5;87
26;2025-12-30;6;458
26;2025-12-30;7;1065
26;2025-12-30;8;2043
26;2025-12-30;9;1403
26;2025-12-30;10;1133
26;2025-12-30;11;1082
26;2025-12-30;12;1100
26;2025-12-30;13;1114
26;2025-12-30;14;1214
26;2025-12-30;15;1281
26;2025-12-30;16;1383
26;2025-12-30;17;1616
26;2025-12-30;18;1734
26;2025-12-30;19;1187
26;2025-12-30;20;728
26;2025-12-30;21;453
26;2025-12-30;22;211
26;2025-12-30;23;112
26;2025-12-31;0;42
26;2025-12-31;1;3
26;2025-12-31;2;0
26;2025-12-31;3;0
26;2025-12-31;4;1
26;2025-12-31;5;9
26;2025-12-31;6;132
26;2025-12-31;7;186
26;2025-12-31;8;295
26;2025-12-31;9;399
26;2025-12-31;10;433
26;2025-12-31;11;563
26;2025-12-31;12;569
26;2025-12-31;13;604
26;2025-12-31;14;635
26;2025-12-31;15;584
26;2025-12-31;16;560
26;2025-12-31;17;562
26;2025-12-31;18;523
26;2025-12-31;19;408
26;2025-12-31;20;0
26;2025-12-31;21;0
26;2025-12-31;22;0
26;2025-12-31;23;0
28;2025-11-01;0;0
28;2025-11-01;1;0
28;2025-11-01;2;0
28;2025-11-01;3;0
28;2025-11-01;4;1
28;2025-11-01;5;59
28;2025-11-01;6;238
28;2025-11-01;7;736
28;2025-11-01;8;1126
28;2025-11-01;9;759
28;2025-11-01;10;565
28;2025-11-01;11;549
28;2025-11-01;12;698
28;2025-11-01;13;679
28;2025-11-01;14;652
28;2025-11-01;15;697
28;2025-11-01;16;854
28;2025-11-01;17;875
28;2025-11-01;18;786
28;2025-11-01;19;608
28;2025-11-01;20;424
28;2025-11-01;21;290
28;2025-11-01;22;115
28;2025-11-01;23;20
28;2025-11-02;0;1
28;2025-11-02;1;0
28;2025-11-02;2;0
28;2025-11-02;3;0
28;2025-11-02;4;0
28;2025-11-02;5;30
28;2025-11-02;6;81
28;2025-11-02;7;167
28;2025-11-02;8;280
28;2025-11-02;9;354
28;2025-11-02;10;387
28;2025-11-02;11;428
28;2025-11-02;12;486
28;2025-11-02;13;562
28;2025-11-02;14;540
28;2025-11-02;15;525
28;2025-11-02;16;498
28;2025-11-02;17;494
28;2025-11-02;18;442
28;2025-11-02;19;378
28;2025-11-02;20;302
28;2025-11-02;21;247
28;2025-11-02;22;115
28;2025-11-02;23;16
28;2025-11-03;0;0
28;2025-11-03;1;0
28;2025-11-03;2;0
28;2025-11-03;3;0
28;2025-11-03;4;0
28;2025-11-03;5;38
28;2025-11-03;6;94
28;2025-11-03;7;173
28;2025-11-03;8;260
28;2025-11-03;9;338
28;2025-11-03;10;364
28;2025-11-03;11;390
28;2025-11-03;12;445
28;2025-11-03;13;522
28;2025-11-03;14;502
28;2025-11-03;15;490
28;2025-11-03;16;456
28;2025-11-03;17;454
28;2025-11-03;18;402
28;2025-11-03;19;345
28;2025-11-03;20;292
28;2025-11-03;21;246
28;2025-11-03;22;117
28;2025-11-03;23;20
28;2025-11-04;0;0
28;2025-11-04;1;0
28;2025-11-04;2;0
28;2025-11-04;3;0
28;2025-11-04;4;0
28;2025-11-04;5;35
28;2025-11-04;6;91
28;2025-11-04;7;174
28;2025-11-04;8;250
28;2025-11-04;9;330
28;2025-11-04;10;365
28;2025-11-04;11;392
28;2025-11-04;12;439
28;2025-11-04;13;515
28;2025-11-04;14;497
28;2025-11-04;15;506
28;2025-11-04;16;449
28;2025-11-04;17;448
28;2025-11-04;18;409
28;2025-11-04;19;354
28;2025-11-04;20;290
28;2025-11-04;21;240
28;2025-11-04;22;115
28;2025-11-04;23;16
28;2025-11-05;0;0
28;2025-11-05;1;0
28;2025-11-05;2;0
28;2025-11-05;3;0
28;2025-11-05;4;1
28;2025-11-05;5;80
28;2025-11-05;6;265
28;2025-11-05;7;822
28;2025-11-05;8;1274
28;2025-11-05;9;878
28;2025-11-05;10;632
28;2025-11-05;11;600
28;2025-11-05;12;696
28;2025-11-05;13;718
28;2025-11-05;14;700
28;2025-11-05;15;739
28;2025-11-05;16;899
28;2025-11-05;17;1041
28;2025-11-05;18;1033
28;2025-11-05;19;790
28;2025-11-05;20;538
28;2025-11-05;21;333
28;2025-11-05;22;136
28;2025-11-05;23;15
28;2025-11-06;0;0
28;2025-11-06;1;0
28;2025-11-06;2;0
28;2025-11-06;3;0
28;2025-11-06;4;1
28;2025-11-06;5;78
28;2025-11-06;6;263
28;2025-11-06;7;805
28;2025-11-06;8;1275
28;2025-11-06;9;872
28;2025-11-06;10;629
28;2025-11-06;11;596
28;2025-11-06;12;695
28;2025-11-06;13;717
28;2025-11-06;14;700
28;2025-11-06;15;739
28;2025-11-06;16;896
28;2025-11-06;17;1039
28;2025-11-06;18;1036
28;2025-11-06;19;790
28;2025-11-06;20;541
28;2025-11-06;21;335
28;2025-11-06;22;138
28;2025-11-06;23;16
28;2025-11-07;0;0
28;2025-11-07;1;0
28;2025-11-07;2;0
28;2025-11-07;3;0
28;2025-11-07;4;2
28;2025-11-07;5;68
28;2025-11-07;6;266
28;2025-11-07;7;824
28;2025-11-07;8;1267
28;2025-11-07;9;849
28;2025-11-07;10;631
28;2025-11-07;11;609
28;2025-11-07;12;778
28;2025-11-07;13;751
28;2025-11-07;14;722
28;2025-11-07;15;770
28;2025-11-07;16;948
28;2025-11-07;17;971
28;2025-11-07;18;874
28;2025-11-07;19;673
28;2025-11-07;20;466
28;2025-11-07;21;326
28;2025-11-07;22;126
28;2025-11-07;23;23
28;2025-11-08;0;0
28;2025-11-08;1;0
28;2025-11-08;2;0
28;2025-11-08;3;0
28;2025-11-08;4;1
28;2025-11-08;5;34
28;2025-11-08;6;111
28;2025-11-08;7;238
28;2025-11-08;8;395
28;2025-11-08;9;459
28;2025-11-08;10;484
28;2025-11-08;11;497
28;2025-11-08;12;597
28;2025-11-08;13;628
28;2025-11-08;14;588
28;2025-11-08;15;598
28;2025-11-08;16;604
28;2025-11-08;17;582
28;2025-11-08;18;515
28;2025-11-08;19;407
28;2025-11-08;20;298
28;2025-11-08;21;266
28;2025-11-08;22;123
28;2025-11-08;23;17
28;2025-11-09;0;1
28;2025-11-09;1;0
28;2025-11-09;2;0
28;2025-11-09;3;0
28;2025-11-09;4;0
28;2025-11-09;5;29
28;2025-11-09;6;83
28;2025-11-09;7;168
28;2025-11-09;8;267
28;2025-11-09;9;354
28;2025-11-09;10;401
28;2025-11-09;11;437
28;2025-11-09;12;493
28;2025-11-09;13;583
28;2025-11-09;14;539
28;2025-11-09;15;523
28;2025-11-09;16;474
28;2025-11-09;17;473
28;2025-11-09;18;448
28;2025-11-09;19;379
28;2025-11-09;20;303
28;2025-11-09;21;247
28;2025-11-09;22;112
28;2025-11-09;23;16
28;2025-11-10;0;0
28;2025-11-10;1;0
28;2025-11-10;2;0
28;2025-11-10;3;0
28;2025-11-10;4;2
28;2025-11-10;5;77
28;2025-11-10;6;275
28;2025-11-10;7;791
28;2025-11-10;8;1287
28;2025-11-10;9;852
28;2025-11-10;10;632
28;2025-11-10;11;552
28;2025-11-10;12;665
28;2025-11-10;13;688
28;2025-11-10;14;638
28;2025-11-10;15;663
28;2025-11-10;16;867
28;2025-11-10;17;990
28;2025-11-10;18;997
28;2025-11-10;19;735
28;2025-11-10;20;486
28;2025-11-10;21;302
28;2025-11-10;22;120
28;2025-11-10;23;5
28;2025-11-11;0;0
28;2025-11-11;1;0
28;2025-11-11;2;0
28;2025-11-11;3;0
28;2025-11-11;4;1
28;2025-11-11;5;80
28;2025-11-11;6;265
28;2025-11-11;7;818
28;2025-11-11;8;1278
28;2025-11-11;9;882
28;2025-11-11;10;634
28;2025-11-11;11;590
28;2025-11-11;12;683
28;2025-11-11;13;707
28;2025-11-11;14;688
28;2025-11-11;15;732
28;2025-11-11;16;890
28;2025-11-11;17;1032
28;2025-11-11;18;1028
28;2025-11-11;19;783
28;2025-11-11;20;536
28;2025-11-11;21;330
28;2025-11-11;22;133
28;2025-11-11;23;13
28;2025-11-12;0;0
28;2025-11-12;1;0
28;2025-11-12;2;0
28;2025-11-12;3;0
28;2025-11-12;4;1
28;2025-11-12;5;79
28;2025-11-12;6;265
28;2025-11-12;7;817
28;2025-11-12;8;1279
28;2025-11-12;9;879
28;2025-11-12;10;631
28;2025-11-12;11;597
28;2025-11-12;12;689
28;2025-11-12;13;711
28;2025-11-12;14;692
28;2025-11-12;15;732
28;2025-11-12;16;891
28;2025-11-12;17;1033
28;2025-11-12;18;1028
28;2025-11-12;19;785
28;2025-11-12;20;532
28;2025-11-12;21;332
28;2025-11-12;22;135
28;2025-11-12;23;15
28;2025-11-13;0;0
28;2025-11-13;1;0
28;2025-11-13;2;0
28;2025-11-13;3;0
28;2025-11-13;4;1
28;2025-11-13;5;79
28;2025-11-13;6;263
28;2025-11-13;7;816
28;2025-11-13;8;1275
28;2025-11-13;9;875
28;2025-11-13;10;626
28;2025-11-13;11;591
28;2025-11-13;12;687
28;2025-11-13;13;709
28;2025-11-13;14;693
28;2025-11-13;15;731
28;2025-11-13;16;888
28;2025-11-13;17;1029
28;2025-11-13;18;1026
28;2025-11-13;19;778
28;2025-11-13;20;534
28;2025-11-13;21;329
28;2025-11-13;22;134
28;2025-11-13;23;14
28;2025-11-14;0;0
28;2025-11-14;1;0
28;2025-11-14;2;0
28;2025-11-14;3;0
28;2025-11-14;4;2
28;2025-11-14;5;73
28;2025-11-14;6;269
28;2025-11-14;7;826
28;2025-11-14;8;1266
28;2025-11-14;9;853
28;2025-11-14;10;627
28;2025-11-14;11;595
28;2025-11-14;12;761
28;2025-11-14;13;733
28;2025-11-14;14;709
28;2025-11-14;15;757
28;2025-11-14;16;936
28;2025-11-14;17;959
28;2025-11-14;18;865
28;2025-11-14;19;665
28;2025-11-14;20;460
28;2025-11-14;21;320
28;2025-11-14;22;126
28;2025-11-14;23;19
28;2025-11-15;0;0
28;2025-11-15;1;0
28;2025-11-15;2;0
28;2025-11-15;3;0
28;2025-11-15;4;1
28;2025-11-15;5;42
28;2025-11-15;6;118
28;2025-11-15;7;248
28;2025-11-15;8;405
28;2025-11-15;9;479
28;2025-11-15;10;495
28;2025-11-15;11;504
28;2025-11-15;12;597
28;2025-11-15;13;623
28;2025-11-15;14;584
28;2025-11-15;15;594
28;2025-11-15;16;599
28;2025-11-15;17;573
28;2025-11-15;18;500
28;2025-11-15;19;389
28;2025-11-15;20;305
28;2025-11-15;21;268
28;2025-11-15;22;124
28;2025-11-15;23;22
28;2025-11-16;0;1
28;2025-11-16;1;0
28;2025-11-16;2;0
28;2025-11-16;3;0
28;2025-11-16;4;0
28;2025-11-16;5;32
28;2025-11-16;6;85
28;2025-11-16;7;170
28;2025-11-16;8;264
28;2025-11-16;9;356
28;2025-11-16;10;390
28;2025-11-16;11;428
28;2025-11-16;12;473
28;2025-11-16;13;548
28;2025-11-16;14;526
28;2025-11-16;15;513
28;2025-11-16;16;474
28;2025-11-16;17;472
28;2025-11-16;18;438
28;2025-11-16;19;373
28;2025-11-16;20;300
28;2025-11-16;21;242
28;2025-11-16;22;110
28;2025-11-16;23;14
28;2025-11-17;0;0
28;2025-11-17;1;0
28;2025-11-17;2;0
28;2025-11-17;3;0
28;2025-11-17;4;2
28;2025-11-17;5;88
28;2025-11-17;6;282
28;2025-11-17;7;798
28;2025-11-17;8;1275
28;2025-11-17;9;862
28;2025-11-17;10;638
28;2025-11-17;11;549
28;2025-11-17;12;660
28;2025-11-17;13;683
28;2025-11-17;14;629
28;2025-11-17;15;655
28;2025-11-17;16;862
28;2025-11-17;17;986
28;2025-11-17;18;993
28;2025-11-17;19;729
28;2025-11-17;20;483
28;2025-11-17;21;304
28;2025-11-17;22;119
28;2025-11-17;23;7
28;2025-11-18;0;0
28;2025-11-18;1;0
28;2025-11-18;2;0
28;2025-11-18;3;0
28;2025-11-18;4;1
28;2025-11-18;5;86
28;2025-11-18;6;271
28;2025-11-18;7;825
28;2025-11-18;8;1283
28;2025-11-18;9;889
28;2025-11-18;10;642
28;2025-11-18;11;598
28;2025-11-18;12;686
28;2025-11-18;13;708
28;2025-11-18;14;690
28;2025-11-18;15;730
28;2025-11-18;16;890
28;2025-11-18;17;1034
28;2025-11-18;18;1030
28;2025-11-18;19;784
28;2025-11-18;20;538
28;2025-11-18;21;333
28;2025-11-18;22;136
28;2025-11-18;23;17
28;2025-11-19;0;0
28;2025-11-19;1;0
28;2025-11-19;2;0
28;2025-11-19;3;0
28;2025-11-19;4;1
28;2025-11-19;5;86
28;2025-11-19;6;269
28;2025-11-19;7;823
28;2025-11-19;8;1279
28;2025-11-19;9;881
28;2025-11-19;10;633
28;2025-11-19;11;596
28;2025-11-19;12;687
28;2025-11-19;13;710
28;2025-11-19;14;692
28;2025-11-19;15;731
28;2025-11-19;16;891
28;2025-11-19;17;1033
28;2025-11-19;18;1028
28;2025-11-19;19;785
28;2025-11-19;20;536
28;2025-11-19;21;331
28;2025-11-19;22;135
28;2025-11-19;23;15
28;2025-11-20;0;0
28;2025-11-20;1;0
28;2025-11-20;2;0
28;2025-11-20;3;0
28;2025-11-20;4;1
28;2025-11-20;5;79
28;2025-11-20;6;268
28;2025-11-20;7;814
28;2025-11-20;8;1303
28;2025-11-20;9;881
28;2025-11-20;10;641
28;2025-11-20;11;603
28;2025-11-20;12;691
28;2025-11-20;13;709
28;2025-11-20;14;690
28;2025-11-20;15;730
28;2025-11-20;16;889
28;2025-11-20;17;1031
28;2025-11-20;18;1026
28;2025-11-20;19;784
28;2025-11-20;20;539
28;2025-11-20;21;334
28;2025-11-20;22;139
28;2025-11-20;23;20
28;2025-11-21;0;0
28;2025-11-21;1;0
28;2025-11-21;2;0
28;2025-11-21;3;0
28;2025-11-21;4;2
28;2025-11-21;5;84
28;2025-11-21;6;281
28;2025-11-21;7;839
28;2025-11-21;8;1278
28;2025-11-21;9;868
28;2025-11-21;10;642
28;2025-11-21;11;613
28;2025-11-21;12;774
28;2025-11-21;13;743
28;2025-11-21;14;712
28;2025-11-21;15;761
28;2025-11-21;16;948
28;2025-11-21;17;970
28;2025-11-21;18;866
28;2025-11-21;19;659
28;2025-11-21;20;455
28;2025-11-21;21;316
28;2025-11-21;22;123
28;2025-11-21;23;21
28;2025-11-22;0;0
28;2025-11-22;1;0
28;2025-11-22;2;0
28;2025-11-22;3;0
28;2025-11-22;4;1
28;2025-11-22;5;43
28;2025-11-22;6;113
28;2025-11-22;7;240
28;2025-11-22;8;408
28;2025-11-22;9;454
28;2025-11-22;10;489
28;2025-11-22;11;508
28;2025-11-22;12;602
28;2025-11-22;13;626
28;2025-11-22;14;586
28;2025-11-22;15;602
28;2025-11-22;16;605
28;2025-11-22;17;579
28;2025-11-22;18;507
28;2025-11-22;19;390
28;2025-11-22;20;306
28;2025-11-22;21;269
28;2025-11-22;22;127
28;2025-11-22;23;24
28;2025-11-23;0;1
28;2025-11-23;1;0
28;2025-11-23;2;0
28;2025-11-23;3;0
28;2025-11-23;4;0
28;2025-11-23;5;28
28;2025-11-23;6;83
28;2025-11-23;7;162
28;2025-11-23;8;254
28;2025-11-23;9;340
28;2025-11-23;10;376
28;2025-11-23;11;417
28;2025-11-23;12;473
28;2025-11-23;13;547
28;2025-11-23;14;524
28;2025-11-23;15;515
28;2025-11-23;16;477
28;2025-11-23;17;476
28;2025-11-23;18;423
28;2025-11-23;19;360
28;2025-11-23;20;299
28;2025-11-23;21;246
28;2025-11-23;22;113
28;2025-11-23;23;16
28;2025-11-24;0;0
28;2025-11-24;1;0
28;2025-11-24;2;0
28;2025-11-24;3;0
28;2025-11-24;4;2
28;2025-11-24;5;75
28;2025-11-24;6;272
28;2025-11-24;7;788
28;2025-11-24;8;1262
28;2025-11-24;9;850
28;2025-11-24;10;629
28;2025-11-24;11;552
28;2025-11-24;12;670
28;2025-11-24;13;686
28;2025-11-24;14;635
28;2025-11-24;15;660
28;2025-11-24;16;870
28;2025-11-24;17;995
28;2025-11-24;18;1002
28;2025-11-24;19;741
28;2025-11-24;20;489
28;2025-11-24;21;307
28;2025-11-24;22;123
28;2025-11-24;23;9
28;2025-11-25;0;0
28;2025-11-25;1;0
28;2025-11-25;2;0
28;2025-11-25;3;0
28;2025-11-25;4;1
28;2025-11-25;5;77
28;2025-11-25;6;263
28;2025-11-25;7;813
28;2025-11-25;8;1269
28;2025-11-25;9;872
28;2025-11-25;10;631
28;2025-11-25;11;598
28;2025-11-25;12;677
28;2025-11-25;13;703
28;2025-11-25;14;699
28;2025-11-25;15;738
28;2025-11-25;16;890
28;2025-11-25;17;1035
28;2025-11-25;18;1026
28;2025-11-25;19;780
28;2025-11-25;20;531
28;2025-11-25;21;326
28;2025-11-25;22;131
28;2025-11-25;23;14
28;2025-11-26;0;0
28;2025-11-26;1;0
28;2025-11-26;2;0
28;2025-11-26;3;0
28;2025-11-26;4;1
28;2025-11-26;5;78
28;2025-11-26;6;267
28;2025-11-26;7;809
28;2025-11-26;8;1269
28;2025-11-26;9;863
28;2025-11-26;10;623
28;2025-11-26;11;591
28;2025-11-26;12;682
28;2025-11-26;13;722
28;2025-11-26;14;703
28;2025-11-26;15;744
28;2025-11-26;16;901
28;2025-11-26;17;1043
28;2025-11-26;18;1037
28;2025-11-26;19;791
28;2025-11-26;20;541
28;2025-11-26;21;337
28;2025-11-26;22;135
28;2025-11-26;23;14
28;2025-11-27;0;0
28;2025-11-27;1;0
28;2025-11-27;2;0
28;2025-11-27;3;0
28;2025-11-27;4;1
28;2025-11-27;5;87
28;2025-11-27;6;271
28;2025-11-27;7;823
28;2025-11-27;8;1295
28;2025-11-27;9;894
28;2025-11-27;10;647
28;2025-11-27;11;606
28;2025-11-27;12;697
28;2025-11-27;13;713
28;2025-11-27;14;694
28;2025-11-27;15;728
28;2025-11-27;16;895
28;2025-11-27;17;1037
28;2025-11-27;18;1030
28;2025-11-27;19;787
28;2025-11-27;20;536
28;2025-11-27;21;331
28;2025-11-27;22;139
28;2025-11-27;23;19
28;2025-11-28;0;0
28;2025-11-28;1;0
28;2025-11-28;2;0
28;2025-11-28;3;0
28;2025-11-28;4;2
28;2025-11-28;5;83
28;2025-11-28;6;281
28;2025-11-28;7;838
28;2025-11-28;8;1276
28;2025-11-28;9;864
28;2025-11-28;10;641
28;2025-11-28;11;617
28;2025-11-28;12;779
28;2025-11-28;13;749
28;2025-11-28;14;719
28;2025-11-28;15;773
28;2025-11-28;16;950
28;2025-11-28;17;965
28;2025-11-28;18;870
28;2025-11-28;19;666
28;2025-11-28;20;465
28;2025-11-28;21;327
28;2025-11-28;22;127
28;2025-11-28;23;23
28;2025-11-29;0;0
28;2025-11-29;1;0
28;2025-11-29;2;0
28;2025-11-29;3;0
28;2025-11-29;4;1
28;2025-11-29;5;20
28;2025-11-29;6;85
28;2025-11-29;7;208
28;2025-11-29;8;360
28;2025-11-29;9;411
28;2025-11-29;10;462
28;2025-11-29;11;510
28;2025-11-29;12;610
28;2025-11-29;13;647
28;2025-11-29;14;589
28;2025-11-29;15;599
28;2025-11-29;16;597
28;2025-11-29;17;568
28;2025-11-29;18;503
28;2025-11-29;19;382
28;2025-11-29;20;299
28;2025-11-29;21;262
28;2025-11-29;22;118
28;2025-11-29;23;16
28;2025-11-30;0;1
28;2025-11-30;1;0
28;2025-11-30;2;0
28;2025-11-30;3;0
28;2025-11-30;4;0
28;2025-11-30;5;27
28;2025-11-30;6;82
28;2025-11-30;7;170
28;2025-11-30;8;276
28;2025-11-30;9;347
28;2025-11-30;10;383
28;2025-11-30;11;425
28;2025-11-30;12;474
28;2025-11-30;13;547
28;2025-11-30;14;526
28;2025-11-30;15;513
28;2025-11-30;16;474
28;2025-11-30;17;472
28;2025-11-30;18;429
28;2025-11-30;19;360
28;2025-11-30;20;300
28;2025-11-30;21;246
28;2025-11-30;22;113
28;2025-11-30;23;16
28;2025-12-01;0;0
28;2025-12-01;1;0
28;2025-12-01;2;0
28;2025-12-01;3;0
28;2025-12-01;4;2
28;2025-12-01;5;71
28;2025-12-01;6;265
28;2025-12-01;7;780
28;2025-12-01;8;1259
28;2025-12-01;9;849
28;2025-12-01;10;629
28;2025-12-01;11;547
28;2025-12-01;12;664
28;2025-12-01;13;690
28;2025-12-01;14;639
28;2025-12-01;15;664
28;2025-12-01;16;870
28;2025-12-01;17;996
28;2025-12-01;18;1003
28;2025-12-01;19;741
28;2025-12-01;20;490
28;2025-12-01;21;304
28;2025-12-01;22;120
28;2025-12-01;23;6
28;2025-12-02;0;0
28;2025-12-02;1;0
28;2025-12-02;2;0
28;2025-12-02;3;0
28;2025-12-02;4;1
28;2025-12-02;5;77
28;2025-12-02;6;263
28;2025-12-02;7;813
28;2025-12-02;8;1268
28;2025-12-02;9;870
28;2025-12-02;10;620
28;2025-12-02;11;579
28;2025-12-02;12;672
28;2025-12-02;13;708
28;2025-12-02;14;689
28;2025-12-02;15;725
28;2025-12-02;16;884
28;2025-12-02;17;1026
28;2025-12-02;18;1023
28;2025-12-02;19;781
28;2025-12-02;20;531
28;2025-12-02;21;327
28;2025-12-02;22;131
28;2025-12-02;23;12
28;2025-12-03;0;0
28;2025-12-03;1;0
28;2025-12-03;2;0
28;2025-12-03;3;0
28;2025-12-03;4;1
28;2025-12-03;5;78
28;2025-12-03;6;262
28;2025-12-03;7;811
28;2025-12-03;8;1267
28;2025-12-03;9;868
28;2025-12-03;10;619
28;2025-12-03;11;592
28;2025-12-03;12;692
28;2025-12-03;13;721
28;2025-12-03;14;701
28;2025-12-03;15;744
28;2025-12-03;16;898
28;2025-12-03;17;1040
28;2025-12-03;18;1028
28;2025-12-03;19;781
28;2025-12-03;20;532
28;2025-12-03;21;328
28;2025-12-03;22;132
28;2025-12-03;23;13
28;2025-12-04;0;0
28;2025-12-04;1;0
28;2025-12-04;2;0
28;2025-12-04;3;0
28;2025-12-04;4;1
28;2025-12-04;5;77
28;2025-12-04;6;263
28;2025-12-04;7;812
28;2025-12-04;8;1266
28;2025-12-04;9;866
28;2025-12-04;10;619
28;2025-12-04;11;592
28;2025-12-04;12;692
28;2025-12-04;13;716
28;2025-12-04;14;700
28;2025-12-04;15;742
28;2025-12-04;16;899
28;2025-12-04;17;1035
28;2025-12-04;18;1029
28;2025-12-04;19;783
28;2025-12-04;20;534
28;2025-12-04;21;329
28;2025-12-04;22;133
28;2025-12-04;23;12
28;2025-12-05;0;0
28;2025-12-05;1;0
28;2025-12-05;2;0
28;2025-12-05;3;0
28;2025-12-05;4;2
28;2025-12-05;5;74
28;2025-12-05;6;272
28;2025-12-05;7;826
28;2025-12-05;8;1261
28;2025-12-05;9;843
28;2025-12-05;10;619
28;2025-12-05;11;597
28;2025-12-05;12;763
28;2025-12-05;13;742
28;2025-12-05;14;719
28;2025-12-05;15;763
28;2025-12-05;16;942
28;2025-12-05;17;963
28;2025-12-05;18;870
28;2025-12-05;19;665
28;2025-12-05;20;462
28;2025-12-05;21;323
28;2025-12-05;22;123
28;2025-12-05;23;19
28;2025-12-06;0;0
28;2025-12-06;1;0
28;2025-12-06;2;0
28;2025-12-06;3;0
28;2025-12-06;4;1
28;2025-12-06;5;30
28;2025-12-06;6;108
28;2025-12-06;7;230
28;2025-12-06;8;363
28;2025-12-06;9;414
28;2025-12-06;10;432
28;2025-12-06;11;479
28;2025-12-06;12;576
28;2025-12-06;13;620
28;2025-12-06;14;582
28;2025-12-06;15;594
28;2025-12-06;16;600
28;2025-12-06;17;574
28;2025-12-06;18;511
28;2025-12-06;19;396
28;2025-12-06;20;306
28;2025-12-06;21;269
28;2025-12-06;22;123
28;2025-12-06;23;19
28;2025-12-07;0;1
28;2025-12-07;1;0
28;2025-12-07;2;0
28;2025-12-07;3;0
28;2025-12-07;4;0
28;2025-12-07;5;24
28;2025-12-07;6;59
28;2025-12-07;7;142
28;2025-12-07;8;238
28;2025-12-07;9;305
28;2025-12-07;10;378
28;2025-12-07;11;410
28;2025-12-07;12;465
28;2025-12-07;13;548
28;2025-12-07;14;529
28;2025-12-07;15;514
28;2025-12-07;16;476
28;2025-12-07;17;475
28;2025-12-07;18;435
28;2025-12-07;19;365
28;2025-12-07;20;304
28;2025-12-07;21;252
28;2025-12-07;22;117
28;2025-12-07;23;19
28;2025-12-08;0;0
28;2025-12-08;1;0
28;2025-12-08;2;0
28;2025-12-08;3;0
28;2025-12-08;4;2
28;2025-12-08;5;66
28;2025-12-08;6;264
28;2025-12-08;7;780
28;2025-12-08;8;1255
28;2025-12-08;9;843
28;2025-12-08;10;626
28;2025-12-08;11;545
28;2025-12-08;12;659
28;2025-12-08;13;684
28;2025-12-08;14;635
28;2025-12-08;15;659
28;2025-12-08;16;866
28;2025-12-08;17;987
28;2025-12-08;18;997
28;2025-12-08;19;741
28;2025-12-08;20;488
28;2025-12-08;21;304
28;2025-12-08;22;120
28;2025-12-08;23;5
28;2025-12-09;0;0
28;2025-12-09;1;0
28;2025-12-09;2;0
28;2025-12-09;3;0
28;2025-12-09;4;1
28;2025-12-09;5;69
28;2025-12-09;6;255
28;2025-12-09;7;804
28;2025-12-09;8;1265
28;2025-12-09;9;867
28;2025-12-09;10;613
28;2025-12-09;11;574
28;2025-12-09;12;672
28;2025-12-09;13;701
28;2025-12-09;14;683
28;2025-12-09;15;725
28;2025-12-09;16;884
28;2025-12-09;17;1026
28;2025-12-09;18;1023
28;2025-12-09;19;781
28;2025-12-09;20;532
28;2025-12-09;21;327
28;2025-12-09;22;131
28;2025-12-09;23;13
28;2025-12-10;0;0
28;2025-12-10;1;0
28;2025-12-10;2;0
28;2025-12-10;3;0
28;2025-12-10;4;1
28;2025-12-10;5;78
28;2025-12-10;6;263
28;2025-12-10;7;812
28;2025-12-10;8;1267
28;2025-12-10;9;868
28;2025-12-10;10;618
28;2025-12-10;11;584
28;2025-12-10;12;677
28;2025-12-10;13;704
28;2025-12-10;14;691
28;2025-12-10;15;733
28;2025-12-10;16;886
28;2025-12-10;17;1029
28;2025-12-10;18;1024
28;2025-12-10;19;782
28;2025-12-10;20;532
28;2025-12-10;21;327
28;2025-12-10;22;131
28;2025-12-10;23;13
28;2025-12-11;0;0
28;2025-12-11;1;0
28;2025-12-11;2;0
28;2025-12-11;3;0
28;2025-12-11;4;1
28;2025-12-11;5;78
28;2025-12-11;6;264
28;2025-12-11;7;813
28;2025-12-11;8;1266
28;2025-12-11;9;866
28;2025-12-11;10;619
28;2025-12-11;11;584
28;2025-12-11;12;685
28;2025-12-11;13;710
28;2025-12-11;14;699
28;2025-12-11;15;734
28;2025-12-11;16;887
28;2025-12-11;17;1030
28;2025-12-11;18;1025
28;2025-12-11;19;783
28;2025-12-11;20;534
28;2025-12-11;21;329
28;2025-12-11;22;132
28;2025-12-11;23;10
28;2025-12-12;0;0
28;2025-12-12;1;0
28;2025-12-12;2;0
28;2025-12-12;3;0
28;2025-12-12;4;2
28;2025-12-12;5;74
28;2025-12-12;6;272
28;2025-12-12;7;826
28;2025-12-12;8;1261
28;2025-12-12;9;843
28;2025-12-12;10;619
28;2025-12-12;11;597
28;2025-12-12;12;774
28;2025-12-12;13;751
28;2025-12-12;14;721
28;2025-12-12;15;770
28;2025-12-12;16;942
28;2025-12-12;17;963
28;2025-12-12;18;870
28;2025-12-12;19;665
28;2025-12-12;20;461
28;2025-12-12;21;328
28;2025-12-12;22;129
28;2025-12-12;23;24
28;2025-12-13;0;0
28;2025-12-13;1;0
28;2025-12-13;2;0
28;2025-12-13;3;0
28;2025-12-13;4;1
28;2025-12-13;5;37
28;2025-12-13;6;115
28;2025-12-13;7;243
28;2025-12-13;8;391
28;2025-12-13;9;460
28;2025-12-13;10;478
28;2025-12-13;11;504
28;2025-12-13;12;594
28;2025-12-13;13;626
28;2025-12-13;14;587
28;2025-12-13;15;598
28;2025-12-13;16;601
28;2025-12-13;17;574
28;2025-12-13;18;510
28;2025-12-13;19;388
28;2025-12-13;20;303
28;2025-12-13;21;266
28;2025-12-13;22;122
28;2025-12-13;23;21
28;2025-12-14;0;1
28;2025-12-14;1;0
28;2025-12-14;2;0
28;2025-12-14;3;0
28;2025-12-14;4;0
28;2025-12-14;5;16
28;2025-12-14;6;61
28;2025-12-14;7;142
28;2025-12-14;8;238
28;2025-12-14;9;305
28;2025-12-14;10;372
28;2025-12-14;11;411
28;2025-12-14;12;465
28;2025-12-14;13;548
28;2025-12-14;14;529
28;2025-12-14;15;516
28;2025-12-14;16;476
28;2025-12-14;17;475
28;2025-12-14;18;435
28;2025-12-14;19;365
28;2025-12-14;20;304
28;2025-12-14;21;249
28;2025-12-14;22;115
28;2025-12-14;23;19
28;2025-12-15;0;0
28;2025-12-15;1;0
28;2025-12-15;2;0
28;2025-12-15;3;0
28;2025-12-15;4;2
28;2025-12-15;5;74
28;2025-12-15;6;272
28;2025-12-15;7;787
28;2025-12-15;8;1261
28;2025-12-15;9;849
28;2025-12-15;10;628
28;2025-12-15;11;547
28;2025-12-15;12;659
28;2025-12-15;13;684
28;2025-12-15;14;635
28;2025-12-15;15;661
28;2025-12-15;16;868
28;2025-12-15;17;995
28;2025-12-15;18;1002
28;2025-12-15;19;742
28;2025-12-15;20;490
28;2025-12-15;21;305
28;2025-12-15;22;121
28;2025-12-15;23;6
28;2025-12-16;0;0
28;2025-12-16;1;0
28;2025-12-16;2;0
28;2025-12-16;3;0
28;2025-12-16;4;1
28;2025-12-16;5;77
28;2025-12-16;6;263
28;2025-12-16;7;813
28;2025-12-16;8;1269
28;2025-12-16;9;871
28;2025-12-16;10;620
28;2025-12-16;11;579
28;2025-12-16;12;672
28;2025-12-16;13;708
28;2025-12-16;14;689
28;2025-12-16;15;731
28;2025-12-16;16;890
28;2025-12-16;17;1032
28;2025-12-16;18;1023
28;2025-12-16;19;781
28;2025-12-16;20;534
28;2025-12-16;21;331
28;2025-12-16;22;135
28;2025-12-16;23;14
28;2025-12-17;0;0
28;2025-12-17;1;0
28;2025-12-17;2;0
28;2025-12-17;3;0
28;2025-12-17;4;1
28;2025-12-17;5;87
28;2025-12-17;6;272
28;2025-12-17;7;826
28;2025-12-17;8;1283
28;2025-12-17;9;894
28;2025-12-17;10;645
28;2025-12-17;11;613
28;2025-12-17;12;700
28;2025-12-17;13;721
28;2025-12-17;14;703
28;2025-12-17;15;742
28;2025-12-17;16;901
28;2025-12-17;17;1043
28;2025-12-17;18;1037
28;2025-12-17;19;792
28;2025-12-17;20;542
28;2025-12-17;21;337
28;2025-12-17;22;135
28;2025-12-17;23;12
28;2025-12-18;0;0
28;2025-12-18;1;0
28;2025-12-18;2;0
28;2025-12-18;3;0
28;2025-12-18;4;1
28;2025-12-18;5;78
28;2025-12-18;6;267
28;2025-12-18;7;812
28;2025-12-18;8;1266
28;2025-12-18;9;866
28;2025-12-18;10;619
28;2025-12-18;11;584
28;2025-12-18;12;685
28;2025-12-18;13;717
28;2025-12-18;14;699
28;2025-12-18;15;740
28;2025-12-18;16;899
28;2025-12-18;17;1035
28;2025-12-18;18;1029
28;2025-12-18;19;783
28;2025-12-18;20;534
28;2025-12-18;21;329
28;2025-12-18;22;133
28;2025-12-18;23;12
28;2025-12-19;0;0
28;2025-12-19;1;0
28;2025-12-19;2;0
28;2025-12-19;3;0
28;2025-12-19;4;2
28;2025-12-19;5;79
28;2025-12-19;6;277
28;2025-12-19;7;828
28;2025-12-19;8;1262
28;2025-12-19;9;845
28;2025-12-19;10;626
28;2025-12-19;11;614
28;2025-12-19;12;781
28;2025-12-19;13;751
28;2025-12-19;14;719
28;2025-12-19;15;772
28;2025-12-19;16;942
28;2025-12-19;17;965
28;2025-12-19;18;868
28;2025-12-19;19;669
28;2025-12-19;20;465
28;2025-12-19;21;321
28;2025-12-19;22;123
28;2025-12-19;23;24
28;2025-12-20;0;0
28;2025-12-20;1;0
28;2025-12-20;2;0
28;2025-12-20;3;0
28;2025-12-20;4;1
28;2025-12-20;5;47
28;2025-12-20;6;123
28;2025-12-20;7;251
28;2025-12-20;8;407
28;2025-12-20;9;479
28;2025-12-20;10;497
28;2025-12-20;11;512
28;2025-12-20;12;611
28;2025-12-20;13;637
28;2025-12-20;14;595
28;2025-12-20;15;598
28;2025-12-20;16;601
28;2025-12-20;17;574
28;2025-12-20;18;540
28;2025-12-20;19;390
28;2025-12-20;20;305
28;2025-12-20;21;268
28;2025-12-20;22;120
28;2025-12-20;23;17
28;2025-12-21;0;1
28;2025-12-21;1;0
28;2025-12-21;2;0
28;2025-12-21;3;0
28;2025-12-21;4;0
28;2025-12-21;5;31
28;2025-12-21;6;87
28;2025-12-21;7;174
28;2025-12-21;8;269
28;2025-12-21;9;353
28;2025-12-21;10;394
28;2025-12-21;11;438
28;2025-12-21;12;479
28;2025-12-21;13;554
28;2025-12-21;14;533
28;2025-12-21;15;523
28;2025-12-21;16;484
28;2025-12-21;17;483
28;2025-12-21;18;433
28;2025-12-21;19;366
28;2025-12-21;20;305
28;2025-12-21;21;250
28;2025-12-21;22;116
28;2025-12-21;23;18
28;2025-12-22;0;0
28;2025-12-22;1;0
28;2025-12-22;2;0
28;2025-12-22;3;0
28;2025-12-22;4;2
28;2025-12-22;5;78
28;2025-12-22;6;276
28;2025-12-22;7;794
28;2025-12-22;8;1262
28;2025-12-22;9;850
28;2025-12-22;10;629
28;2025-12-22;11;552
28;2025-12-22;12;665
28;2025-12-22;13;690
28;2025-12-22;14;639
28;2025-12-22;15;661
28;2025-12-22;16;870
28;2025-12-22;17;995
28;2025-12-22;18;1003
28;2025-12-22;19;740
28;2025-12-22;20;489
28;2025-12-22;21;304
28;2025-12-22;22;124
28;2025-12-22;23;10
28;2025-12-23;0;0
28;2025-12-23;1;0
28;2025-12-23;2;0
28;2025-12-23;3;0
28;2025-12-23;4;1
28;2025-12-23;5;81
28;2025-12-23;6;271
28;2025-12-23;7;825
28;2025-12-23;8;1284
28;2025-12-23;9;891
28;2025-12-23;10;644
28;2025-12-23;11;579
28;2025-12-23;12;674
28;2025-12-23;13;703
28;2025-12-23;14;687
28;2025-12-23;15;738
28;2025-12-23;16;895
28;2025-12-23;17;1032
28;2025-12-23;18;1033
28;2025-12-23;19;788
28;2025-12-23;20;537
28;2025-12-23;21;332
28;2025-12-23;22;137
28;2025-12-23;23;15
28;2025-12-24;0;0
28;2025-12-24;1;0
28;2025-12-24;2;0
28;2025-12-24;3;0
28;2025-12-24;4;1
28;2025-12-24;5;91
28;2025-12-24;6;279
28;2025-12-24;7;831
28;2025-12-24;8;1288
28;2025-12-24;9;894
28;2025-12-24;10;645
28;2025-12-24;11;610
28;2025-12-24;12;703
28;2025-12-24;13;718
28;2025-12-24;14;698
28;2025-12-24;15;742
28;2025-12-24;16;901
28;2025-12-24;17;1043
28;2025-12-24;18;1037
28;2025-12-24;19;792
28;2025-12-24;20;541
28;2025-12-24;21;337
28;2025-12-24;22;135
28;2025-12-24;23;14
28;2025-12-25;0;0
28;2025-12-25;1;0
28;2025-12-25;2;0
28;2025-12-25;3;0
28;2025-12-25;4;1
28;2025-12-25;5;78
28;2025-12-25;6;264
28;2025-12-25;7;813
28;2025-12-25;8;1266
28;2025-12-25;9;867
28;2025-12-25;10;619
28;2025-12-25;11;584
28;2025-12-25;12;685
28;2025-12-25;13;710
28;2025-12-25;14;692
28;2025-12-25;15;728
28;2025-12-25;16;887
28;2025-12-25;17;1030
28;2025-12-25;18;1025
28;2025-12-25;19;783
28;2025-12-25;20;534
28;2025-12-25;21;329
28;2025-12-25;22;133
28;2025-12-25;23;12
28;2025-12-26;0;0
28;2025-12-26;1;0
28;2025-12-26;2;0
28;2025-12-26;3;0
28;2025-12-26;4;2
28;2025-12-26;5;75
28;2025-12-26;6;273
28;2025-12-26;7;831
28;2025-12-26;8;1267
28;2025-12-26;9;849
28;2025-12-26;10;639
28;2025-12-26;11;616
28;2025-12-26;12;779
28;2025-12-26;13;749
28;2025-12-26;14;719
28;2025-12-26;15;756
28;2025-12-26;16;950
28;2025-12-26;17;973
28;2025-12-26;18;877
28;2025-12-26;19;670
28;2025-12-26;20;467
28;2025-12-26;21;328
28;2025-12-26;22;129
28;2025-12-26;23;18
28;2025-12-27;0;0
28;2025-12-27;1;0
28;2025-12-27;2;0
28;2025-12-27;3;0
28;2025-12-27;4;1
28;2025-12-27;5;34
28;2025-12-27;6;113
28;2025-12-27;7;236
28;2025-12-27;8;386
28;2025-12-27;9;451
28;2025-12-27;10;469
28;2025-12-27;11;486
28;2025-12-27;12;590
28;2025-12-27;13;634
28;2025-12-27;14;595
28;2025-12-27;15;606
28;2025-12-27;16;601
28;2025-12-27;17;574
28;2025-12-27;18;503
28;2025-12-27;19;388
28;2025-12-27;20;303
28;2025-12-27;21;266
28;2025-12-27;22;120
28;2025-12-27;23;17
28;2025-12-28;0;1
28;2025-12-28;1;0
28;2025-12-28;2;0
28;2025-12-28;3;0
28;2025-12-28;4;0
28;2025-12-28;5;16
28;2025-12-28;6;76
28;2025-12-28;7;157
28;2025-12-28;8;253
28;2025-12-28;9;305
28;2025-12-28;10;339
28;2025-12-28;11;409
28;2025-12-28;12;459
28;2025-12-28;13;547
28;2025-12-28;14;527
28;2025-12-28;15;514
28;2025-12-28;16;476
28;2025-12-28;17;497
28;2025-12-28;18;453
28;2025-12-28;19;381
28;2025-12-28;20;307
28;2025-12-28;21;254
28;2025-12-28;22;121
28;2025-12-28;23;19
28;2025-12-29;0;0
28;2025-12-29;1;0
28;2025-12-29;2;0
28;2025-12-29;3;0
28;2025-12-29;4;2
28;2025-12-29;5;67
28;2025-12-29;6;244
28;2025-12-29;7;722
28;2025-12-29;8;1155
28;2025-12-29;9;778
28;2025-12-29;10;572
28;2025-12-29;11;504
28;2025-12-29;12;610
28;2025-12-29;13;631
28;2025-12-29;14;588
28;2025-12-29;15;613
28;2025-12-29;16;800
28;2025-12-29;17;918
28;2025-12-29;18;929
28;2025-12-29;19;685
28;2025-12-29;20;455
28;2025-12-29;21;281
28;2025-12-29;22;113
28;2025-12-29;23;6
28;2025-12-30;0;0
28;2025-12-30;1;0
28;2025-12-30;2;0
28;2025-12-30;3;0
28;2025-12-30;4;1
28;2025-12-30;5;72
28;2025-12-30;6;244
28;2025-12-30;7;752
28;2025-12-30;8;1171
28;2025-12-30;9;815
28;2025-12-30;10;585
28;2025-12-30;11;555
28;2025-12-30;12;639
28;2025-12-30;13;664
28;2025-12-30;14;646
28;2025-12-30;15;683
28;2025-12-30;16;827
28;2025-12-30;17;951
28;2025-12-30;18;949
28;2025-12-30;19;721
28;2025-12-30;20;492
28;2025-12-30;21;302
28;2025-12-30;22;126
28;2025-12-30;23;14
28;2025-12-31;0;0
28;2025-12-31;1;0
28;2025-12-31;2;0
28;2025-12-31;3;0
28;2025-12-31;4;0
28;2025-12-31;5;14
28;2025-12-31;6;55
28;2025-12-31;7;122
28;2025-12-31;8;194
28;2025-12-31;9;265
28;2025-12-31;10;289
28;2025-12-31;11;309
28;2025-12-31;12;319
28;2025-12-31;13;385
28;2025-12-31;14;407
28;2025-12-31;15;389
28;2025-12-31;16;364
28;2025-12-31;17;361
28;2025-12-31;18;318
28;2025-12-31;19;272
28;2025-12-31;20;0
28;2025-12-31;21;0
28;2025-12-31;22;0
28;2025-12-31;23;0
50;2025-11-01;0;28
50;2025-11-01;1;1
50;2025-11-01;2;0
50;2025-11-01;3;0
50;2025-11-01;4;2
50;2025-11-01;5;36
50;2025-11-01;6;393
50;2025-11-01;7;1312
50;2025-11-01;8;1991
50;2025-11-01;9;1501
50;2025-11-01;10;1172
50;2025-11-01;11;1151
50;2025-11-01;12;1131
50;2025-11-01;13;1155
50;2025-11-01;14;1130
50;2025-11-01;15;1326
50;2025-11-01;16;1493
50;2025-11-01;17;1626
50;2025-11-01;18;1403
50;2025-11-01;19;994
50;2025-11-01;20;642
50;2025-11-01;21;436
50;2025-11-01;22;203
50;2025-11-01;23;119
50;2025-11-02;0;26
50;2025-11-02;1;3
50;2025-11-02;2;0
50;2025-11-02;3;0
50;2025-11-02;4;0
50;2025-11-02;5;10
50;2025-11-02;6;65
50;2025-11-02;7;111
50;2025-11-02;8;192
50;2025-11-02;9;229
50;2025-11-02;10;276
50;2025-11-02;11;342
50;2025-11-02;12;367
50;2025-11-02;13;386
50;2025-11-02;14;446
50;2025-11-02;15;426
50;2025-11-02;16;446
50;2025-11-02;17;533
50;2025-11-02;18;388
50;2025-11-02;19;344
50;2025-11-02;20;268
50;2025-11-02;21;207
50;2025-11-02;22;158
50;2025-11-02;23;71
50;2025-11-03;0;40
50;2025-11-03;1;3
50;2025-11-03;2;0
50;2025-11-03;3;0
50;2025-11-03;4;1
50;2025-11-03;5;37
50;2025-11-03;6;166
50;2025-11-03;7;283
50;2025-11-03;8;445
50;2025-11-03;9;508
50;2025-11-03;10;540
50;2025-11-03;11;649
50;2025-11-03;12;690
50;2025-11-03;13;708
50;2025-11-03;14;725
50;2025-11-03;15;686
50;2025-11-03;16;681
50;2025-11-03;17;733
50;2025-11-03;18;685
50;2025-11-03;19;601
50;2025-11-03;20;549
50;2025-11-03;21;400
50;2025-11-03;22;251
50;2025-11-03;23;138
50;2025-11-04;0;39
50;2025-11-04;1;3
50;2025-11-04;2;0
50;2025-11-04;3;0
50;2025-11-04;4;1
50;2025-11-04;5;34
50;2025-11-04;6;157
50;2025-11-04;7;271
50;2025-11-04;8;422
50;2025-11-04;9;486
50;2025-11-04;10;541
50;2025-11-04;11;647
50;2025-11-04;12;682
50;2025-11-04;13;699
50;2025-11-04;14;718
50;2025-11-04;15;689
50;2025-11-04;16;672
50;2025-11-04;17;727
50;2025-11-04;18;688
50;2025-11-04;19;607
50;2025-11-04;20;535
50;2025-11-04;21;385
50;2025-11-04;22;241
50;2025-11-04;23;135
50;2025-11-05;0;31
50;2025-11-05;1;2
50;2025-11-05;2;0
50;2025-11-05;3;0
50;2025-11-05;4;2
50;2025-11-05;5;75
50;2025-11-05;6;563
50;2025-11-05;7;1811
50;2025-11-05;8;2883
50;2025-11-05;9;2185
50;2025-11-05;10;1733
50;2025-11-05;11;1560
50;2025-11-05;12;1546
50;2025-11-05;13;1524
50;2025-11-05;14;1477
50;2025-11-05;15;1712
50;2025-11-05;16;1755
50;2025-11-05;17;2419
50;2025-11-05;18;2518
50;2025-11-05;19;1519
50;2025-11-05;20;951
50;2025-11-05;21;649
50;2025-11-05;22;276
50;2025-11-05;23;147
50;2025-11-06;0;31
50;2025-11-06;1;2
50;2025-11-06;2;0
50;2025-11-06;3;0
50;2025-11-06;4;2
50;2025-11-06;5;70
50;2025-11-06;6;560
50;2025-11-06;7;1795
50;2025-11-06;8;2875
50;2025-11-06;9;2176
50;2025-11-06;10;1728
50;2025-11-06;11;1557
50;2025-11-06;12;1545
50;2025-11-06;13;1522
50;2025-11-06;14;1474
50;2025-11-06;15;1712
50;2025-11-06;16;1754
50;2025-11-06;17;2419
50;2025-11-06;18;2524
50;2025-11-06;19;1525
50;2025-11-06;20;958
50;2025-11-06;21;656
50;2025-11-06;22;283
50;2025-11-06;23;156
50;2025-11-07;0;36
50;2025-11-07;1;1
50;2025-11-07;2;0
50;2025-11-07;3;0
50;2025-11-07;4;3
50;2025-11-07;5;53
50;2025-11-07;6;516
50;2025-11-07;7;1736
50;2025-11-07;8;2656
50;2025-11-07;9;2007
50;2025-11-07;10;1542
50;2025-11-07;11;1509
50;2025-11-07;12;1462
50;2025-11-07;13;1517
50;2025-11-07;14;1474
50;2025-11-07;15;1752
50;2025-11-07;16;2032
50;2025-11-07;17;2147
50;2025-11-07;18;1786
50;2025-11-07;19;1283
50;2025-11-07;20;857
50;2025-11-07;21;567
50;2025-11-07;22;267
50;2025-11-07;23;164
50;2025-11-08;0;121
50;2025-11-08;1;11
50;2025-11-08;2;0
50;2025-11-08;3;0
50;2025-11-08;4;0
50;2025-11-08;5;13
50;2025-11-08;6;88
50;2025-11-08;7;153
50;2025-11-08;8;245
50;2025-11-08;9;333
50;2025-11-08;10;337
50;2025-11-08;11;374
50;2025-11-08;12;432
50;2025-11-08;13;417
50;2025-11-08;14;418
50;2025-11-08;15;457
50;2025-11-08;16;421
50;2025-11-08;17;399
50;2025-11-08;18;323
50;2025-11-08;19;300
50;2025-11-08;20;213
50;2025-11-08;21;183
50;2025-11-08;22;120
50;2025-11-08;23;66
50;2025-11-09;0;27
50;2025-11-09;1;3
50;2025-11-09;2;0
50;2025-11-09;3;0
50;2025-11-09;4;0
50;2025-11-09;5;9
50;2025-11-09;6;66
50;2025-11-09;7;111
50;2025-11-09;8;175
50;2025-11-09;9;227
50;2025-11-09;10;287
50;2025-11-09;11;363
50;2025-11-09;12;380
50;2025-11-09;13;409
50;2025-11-09;14;445
50;2025-11-09;15;426
50;2025-11-09;16;423
50;2025-11-09;17;507
50;2025-11-09;18;394
50;2025-11-09;19;345
50;2025-11-09;20;268
50;2025-11-09;21;207
50;2025-11-09;22;151
50;2025-11-09;23;69
50;2025-11-10;0;22
50;2025-11-10;1;3
50;2025-11-10;2;0
50;2025-11-10;3;0
50;2025-11-10;4;3
50;2025-11-10;5;73
50;2025-11-10;6;542
50;2025-11-10;7;1768
50;2025-11-10;8;2828
50;2025-11-10;9;2197
50;2025-11-10;10;1616
50;2025-11-10;11;1471
50;2025-11-10;12;1381
50;2025-11-10;13;1475
50;2025-11-10;14;1413
50;2025-11-10;15;1623
50;2025-11-10;16;1674
50;2025-11-10;17;2306
50;2025-11-10;18;2517
50;2025-11-10;19;1386
50;2025-11-10;20;883
50;2025-11-10;21;619
50;2025-11-10;22;239
50;2025-11-10;23;117
50;2025-11-11;0;30
50;2025-11-11;1;2
50;2025-11-11;2;0
50;2025-11-11;3;0
50;2025-11-11;4;3
50;2025-11-11;5;75
50;2025-11-11;6;564
50;2025-11-11;7;1809
50;2025-11-11;8;2888
50;2025-11-11;9;2191
50;2025-11-11;10;1743
50;2025-11-11;11;1566
50;2025-11-11;12;1546
50;2025-11-11;13;1524
50;2025-11-11;14;1476
50;2025-11-11;15;1710
50;2025-11-11;16;1758
50;2025-11-11;17;2423
50;2025-11-11;18;2533
50;2025-11-11;19;1528
50;2025-11-11;20;958
50;2025-11-11;21;655
50;2025-11-11;22;281
50;2025-11-11;23;145
50;2025-11-12;0;31
50;2025-11-12;1;2
50;2025-11-12;2;0
50;2025-11-12;3;0
50;2025-11-12;4;2
50;2025-11-12;5;75
50;2025-11-12;6;563
50;2025-11-12;7;1809
50;2025-11-12;8;2873
50;2025-11-12;9;2187
50;2025-11-12;10;1739
50;2025-11-12;11;1563
50;2025-11-12;12;1544
50;2025-11-12;13;1524
50;2025-11-12;14;1474
50;2025-11-12;15;1712
50;2025-11-12;16;1760
50;2025-11-12;17;2423
50;2025-11-12;18;2528
50;2025-11-12;19;1523
50;2025-11-12;20;948
50;2025-11-12;21;653
50;2025-11-12;22;282
50;2025-11-12;23;152
50;2025-11-13;0;31
50;2025-11-13;1;2
50;2025-11-13;2;0
50;2025-11-13;3;0
50;2025-11-13;4;2
50;2025-11-13;5;73
50;2025-11-13;6;559
50;2025-11-13;7;1802
50;2025-11-13;8;2866
50;2025-11-13;9;2178
50;2025-11-13;10;1729
50;2025-11-13;11;1556
50;2025-11-13;12;1543
50;2025-11-13;13;1520
50;2025-11-13;14;1473
50;2025-11-13;15;1710
50;2025-11-13;16;1757
50;2025-11-13;17;2429
50;2025-11-13;18;2526
50;2025-11-13;19;1512
50;2025-11-13;20;953
50;2025-11-13;21;651
50;2025-11-13;22;278
50;2025-11-13;23;155
50;2025-11-14;0;36
50;2025-11-14;1;1
50;2025-11-14;2;0
50;2025-11-14;3;0
50;2025-11-14;4;3
50;2025-11-14;5;62
50;2025-11-14;6;525
50;2025-11-14;7;1746
50;2025-11-14;8;2653
50;2025-11-14;9;2010
50;2025-11-14;10;1540
50;2025-11-14;11;1499
50;2025-11-14;12;1451
50;2025-11-14;13;1503
50;2025-11-14;14;1465
50;2025-11-14;15;1743
50;2025-11-14;16;2023
50;2025-11-14;17;2138
50;2025-11-14;18;1789
50;2025-11-14;19;1280
50;2025-11-14;20;860
50;2025-11-14;21;567
50;2025-11-14;22;270
50;2025-11-14;23;163
50;2025-11-15;0;56
50;2025-11-15;1;2
50;2025-11-15;2;0
50;2025-11-15;3;0
50;2025-11-15;4;0
50;2025-11-15;5;38
50;2025-11-15;6;179
50;2025-11-15;7;389
50;2025-11-15;8;556
50;2025-11-15;9;631
50;2025-11-15;10;660
50;2025-11-15;11;755
50;2025-11-15;12;752
50;2025-11-15;13;775
50;2025-11-15;14;823
50;2025-11-15;15;759
50;2025-11-15;16;757
50;2025-11-15;17;805
50;2025-11-15;18;730
50;2025-11-15;19;673
50;2025-11-15;20;552
50;2025-11-15;21;403
50;2025-11-15;22;253
50;2025-11-15;23;148
50;2025-11-16;0;43
50;2025-11-16;1;2
50;2025-11-16;2;0
50;2025-11-16;3;0
50;2025-11-16;4;1
50;2025-11-16;5;31
50;2025-11-16;6;155
50;2025-11-16;7;270
50;2025-11-16;8;423
50;2025-11-16;9;506
50;2025-11-16;10;541
50;2025-11-16;11;690
50;2025-11-16;12;729
50;2025-11-16;13;746
50;2025-11-16;14;768
50;2025-11-16;15;725
50;2025-11-16;16;720
50;2025-11-16;17;768
50;2025-11-16;18;706
50;2025-11-16;19;608
50;2025-11-16;20;545
50;2025-11-16;21;382
50;2025-11-16;22;233
50;2025-11-16;23;126
50;2025-11-17;0;22
50;2025-11-17;1;2
50;2025-11-17;2;0
50;2025-11-17;3;0
50;2025-11-17;4;3
50;2025-11-17;5;77
50;2025-11-17;6;543
50;2025-11-17;7;1768
50;2025-11-17;8;2802
50;2025-11-17;9;2198
50;2025-11-17;10;1613
50;2025-11-17;11;1463
50;2025-11-17;12;1375
50;2025-11-17;13;1472
50;2025-11-17;14;1408
50;2025-11-17;15;1620
50;2025-11-17;16;1675
50;2025-11-17;17;2306
50;2025-11-17;18;2512
50;2025-11-17;19;1379
50;2025-11-17;20;880
50;2025-11-17;21;615
50;2025-11-17;22;236
50;2025-11-17;23;114
50;2025-11-18;0;30
50;2025-11-18;1;2
50;2025-11-18;2;0
50;2025-11-18;3;0
50;2025-11-18;4;3
50;2025-11-18;5;75
50;2025-11-18;6;565
50;2025-11-18;7;1812
50;2025-11-18;8;2882
50;2025-11-18;9;2192
50;2025-11-18;10;1741
50;2025-11-18;11;1561
50;2025-11-18;12;1544
50;2025-11-18;13;1521
50;2025-11-18;14;1473
50;2025-11-18;15;1707
50;2025-11-18;16;1755
50;2025-11-18;17;2421
50;2025-11-18;18;2523
50;2025-11-18;19;1523
50;2025-11-18;20;955
50;2025-11-18;21;652
50;2025-11-18;22;279
50;2025-11-18;23;143
50;2025-11-19;0;31
50;2025-11-19;1;2
50;2025-11-19;2;0
50;2025-11-19;3;0
50;2025-11-19;4;2
50;2025-11-19;5;79
50;2025-11-19;6;567
50;2025-11-19;7;1812
50;2025-11-19;8;2876
50;2025-11-19;9;2185
50;2025-11-19;10;1735
50;2025-11-19;11;1564
50;2025-11-19;12;1545
50;2025-11-19;13;1523
50;2025-11-19;14;1477
50;2025-11-19;15;1711
50;2025-11-19;16;1759
50;2025-11-19;17;2423
50;2025-11-19;18;2527
50;2025-11-19;19;1525
50;2025-11-19;20;957
50;2025-11-19;21;655
50;2025-11-19;22;282
50;2025-11-19;23;152
50;2025-11-20;0;32
50;2025-11-20;1;2
50;2025-11-20;2;0
50;2025-11-20;3;0
50;2025-11-20;4;3
50;2025-11-20;5;73
50;2025-11-20;6;565
50;2025-11-20;7;1805
50;2025-11-20;8;2906
50;2025-11-20;9;2183
50;2025-11-20;10;1740
50;2025-11-20;11;1564
50;2025-11-20;12;1544
50;2025-11-20;13;1522
50;2025-11-20;14;1476
50;2025-11-20;15;1711
50;2025-11-20;16;1758
50;2025-11-20;17;2422
50;2025-11-20;18;2523
50;2025-11-20;19;1525
50;2025-11-20;20;957
50;2025-11-20;21;655
50;2025-11-20;22;282
50;2025-11-20;23;155
50;2025-11-21;0;36
50;2025-11-21;1;1
50;2025-11-21;2;0
50;2025-11-21;3;0
50;2025-11-21;4;3
50;2025-11-21;5;73
50;2025-11-21;6;537
50;2025-11-21;7;1760
50;2025-11-21;8;2669
50;2025-11-21;9;2028
50;2025-11-21;10;1555
50;2025-11-21;11;1513
50;2025-11-21;12;1461
50;2025-11-21;13;1512
50;2025-11-21;14;1469
50;2025-11-21;15;1747
50;2025-11-21;16;2033
50;2025-11-21;17;2148
50;2025-11-21;18;1787
50;2025-11-21;19;1274
50;2025-11-21;20;849
50;2025-11-21;21;559
50;2025-11-21;22;263
50;2025-11-21;23;163
50;2025-11-22;0;56
50;2025-11-22;1;2
50;2025-11-22;2;0
50;2025-11-22;3;0
50;2025-11-22;4;0
50;2025-11-22;5;39
50;2025-11-22;6;176
50;2025-11-22;7;380
50;2025-11-22;8;562
50;2025-11-22;9;611
50;2025-11-22;10;656
50;2025-11-22;11;760
50;2025-11-22;12;754
50;2025-11-22;13;776
50;2025-11-22;14;821
50;2025-11-22;15;761
50;2025-11-22;16;756
50;2025-11-22;17;800
50;2025-11-22;18;725
50;2025-11-22;19;661
50;2025-11-22;20;543
50;2025-11-22;21;397
50;2025-11-22;22;249
50;2025-11-22;23;146
50;2025-11-23;0;43
50;2025-11-23;1;3
50;2025-11-23;2;0
50;2025-11-23;3;0
50;2025-11-23;4;1
50;2025-11-23;5;29
50;2025-11-23;6;154
50;2025-11-23;7;265
50;2025-11-23;8;416
50;2025-11-23;9;489
50;2025-11-23;10;530
50;2025-11-23;11;684
50;2025-11-23;12;724
50;2025-11-23;13;741
50;2025-11-23;14;764
50;2025-11-23;15;723
50;2025-11-23;16;715
50;2025-11-23;17;764
50;2025-11-23;18;680
50;2025-11-23;19;590
50;2025-11-23;20;539
50;2025-11-23;21;390
50;2025-11-23;22;240
50;2025-11-23;23;129
50;2025-11-24;0;21
50;2025-11-24;1;3
50;2025-11-24;2;0
50;2025-11-24;3;0
50;2025-11-24;4;3
50;2025-11-24;5;64
50;2025-11-24;6;534
50;2025-11-24;7;1757
50;2025-11-24;8;2793
50;2025-11-24;9;2185
50;2025-11-24;10;1602
50;2025-11-24;11;1463
50;2025-11-24;12;1371
50;2025-11-24;13;1466
50;2025-11-24;14;1402
50;2025-11-24;15;1613
50;2025-11-24;16;1669
50;2025-11-24;17;2303
50;2025-11-24;18;2505
50;2025-11-24;19;1381
50;2025-11-24;20;876
50;2025-11-24;21;613
50;2025-11-24;22;234
50;2025-11-24;23;115
50;2025-11-25;0;30
50;2025-11-25;1;2
50;2025-11-25;2;0
50;2025-11-25;3;0
50;2025-11-25;4;2
50;2025-11-25;5;69
50;2025-11-25;6;558
50;2025-11-25;7;1800
50;2025-11-25;8;2871
50;2025-11-25;9;2179
50;2025-11-25;10;1736
50;2025-11-25;11;1563
50;2025-11-25;12;1532
50;2025-11-25;13;1510
50;2025-11-25;14;1476
50;2025-11-25;15;1709
50;2025-11-25;16;1754
50;2025-11-25;17;2420
50;2025-11-25;18;2537
50;2025-11-25;19;1514
50;2025-11-25;20;947
50;2025-11-25;21;644
50;2025-11-25;22;271
50;2025-11-25;23;141
50;2025-11-26;0;31
50;2025-11-26;1;2
50;2025-11-26;2;0
50;2025-11-26;3;0
50;2025-11-26;4;2
50;2025-11-26;5;69
50;2025-11-26;6;563
50;2025-11-26;7;1799
50;2025-11-26;8;2879
50;2025-11-26;9;2175
50;2025-11-26;10;1722
50;2025-11-26;11;1554
50;2025-11-26;12;1534
50;2025-11-26;13;1528
50;2025-11-26;14;1482
50;2025-11-26;15;1716
50;2025-11-26;16;1761
50;2025-11-26;17;2424
50;2025-11-26;18;2520
50;2025-11-26;19;1523
50;2025-11-26;20;954
50;2025-11-26;21;654
50;2025-11-26;22;279
50;2025-11-26;23;150
50;2025-11-27;0;32
50;2025-11-27;1;2
50;2025-11-27;2;0
50;2025-11-27;3;0
50;2025-11-27;4;2
50;2025-11-27;5;79
50;2025-11-27;6;568
50;2025-11-27;7;1808
50;2025-11-27;8;2895
50;2025-11-27;9;2189
50;2025-11-27;10;1747
50;2025-11-27;11;1567
50;2025-11-27;12;1546
50;2025-11-27;13;1525
50;2025-11-27;14;1480
50;2025-11-27;15;1709
50;2025-11-27;16;1759
50;2025-11-27;17;2422
50;2025-11-27;18;2518
50;2025-11-27;19;1523
50;2025-11-27;20;953
50;2025-11-27;21;651
50;2025-11-27;22;280
50;2025-11-27;23;151
50;2025-11-28;0;36
50;2025-11-28;1;1
50;2025-11-28;2;0
50;2025-11-28;3;0
50;2025-11-28;4;3
50;2025-11-28;5;73
50;2025-11-28;6;537
50;2025-11-28;7;1758
50;2025-11-28;8;2665
50;2025-11-28;9;2023
50;2025-11-28;10;1554
50;2025-11-28;11;1520
50;2025-11-28;12;1467
50;2025-11-28;13;1519
50;2025-11-28;14;1475
50;2025-11-28;15;1757
50;2025-11-28;16;2034
50;2025-11-28;17;2150
50;2025-11-28;18;1799
50;2025-11-28;19;1290
50;2025-11-28;20;868
50;2025-11-28;21;576
50;2025-11-28;22;275
50;2025-11-28;23;172
50;2025-11-29;0;57
50;2025-11-29;1;2
50;2025-11-29;2;0
50;2025-11-29;3;0
50;2025-11-29;4;0
50;2025-11-29;5;21
50;2025-11-29;6;155
50;2025-11-29;7;358
50;2025-11-29;8;520
50;2025-11-29;9;576
50;2025-11-29;10;643
50;2025-11-29;11;773
50;2025-11-29;12;772
50;2025-11-29;13;801
50;2025-11-29;14;821
50;2025-11-29;15;755
50;2025-11-29;16;748
50;2025-11-29;17;795
50;2025-11-29;18;727
50;2025-11-29;19;659
50;2025-11-29;20;541
50;2025-11-29;21;396
50;2025-11-29;22;246
50;2025-11-29;23;145
50;2025-11-30;0;43
50;2025-11-30;1;3
50;2025-11-30;2;0
50;2025-11-30;3;0
50;2025-11-30;4;1
50;2025-11-30;5;28
50;2025-11-30;6;154
50;2025-11-30;7;269
50;2025-11-30;8;436
50;2025-11-30;9;499
50;2025-11-30;10;537
50;2025-11-30;11;685
50;2025-11-30;12;725
50;2025-11-30;13;740
50;2025-11-30;14;763
50;2025-11-30;15;708
50;2025-11-30;16;712
50;2025-11-30;17;764
50;2025-11-30;18;686
50;2025-11-30;19;592
50;2025-11-30;20;540
50;2025-11-30;21;390
50;2025-11-30;22;240
50;2025-11-30;23;130
50;2025-12-01;0;22
50;2025-12-01;1;3
50;2025-12-01;2;0
50;2025-12-01;3;0
50;2025-12-01;4;3
50;2025-12-01;5;61
50;2025-12-01;6;530
50;2025-12-01;7;1758
50;2025-12-01;8;2800
50;2025-12-01;9;2193
50;2025-12-01;10;1607
50;2025-12-01;11;1464
50;2025-12-01;12;1380
50;2025-12-01;13;1472
50;2025-12-01;14;1409
50;2025-12-01;15;1619
50;2025-12-01;16;1678
50;2025-12-01;17;2315
50;2025-12-01;18;2518
50;2025-12-01;19;1390
50;2025-12-01;20;883
50;2025-12-01;21;615
50;2025-12-01;22;234
50;2025-12-01;23;113
50;2025-12-02;0;30
50;2025-12-02;1;2
50;2025-12-02;2;0
50;2025-12-02;3;0
50;2025-12-02;4;2
50;2025-12-02;5;69
50;2025-12-02;6;560
50;2025-12-02;7;1807
50;2025-12-02;8;2881
50;2025-12-02;9;2186
50;2025-12-02;10;1734
50;2025-12-02;11;1559
50;2025-12-02;12;1541
50;2025-12-02;13;1526
50;2025-12-02;14;1478
50;2025-12-02;15;1708
50;2025-12-02;16;1756
50;2025-12-02;17;2425
50;2025-12-02;18;2529
50;2025-12-02;19;1527
50;2025-12-02;20;952
50;2025-12-02;21;651
50;2025-12-02;22;276
50;2025-12-02;23;142
50;2025-12-03;0;31
50;2025-12-03;1;2
50;2025-12-03;2;0
50;2025-12-03;3;0
50;2025-12-03;4;2
50;2025-12-03;5;69
50;2025-12-03;6;561
50;2025-12-03;7;1807
50;2025-12-03;8;2875
50;2025-12-03;9;2184
50;2025-12-03;10;1734
50;2025-12-03;11;1567
50;2025-12-03;12;1552
50;2025-12-03;13;1529
50;2025-12-03;14;1485
50;2025-12-03;15;1720
50;2025-12-03;16;1766
50;2025-12-03;17;2432
50;2025-12-03;18;2527
50;2025-12-03;19;1522
50;2025-12-03;20;951
50;2025-12-03;21;651
50;2025-12-03;22;277
50;2025-12-03;23;149
50;2025-12-04;0;31
50;2025-12-04;1;2
50;2025-12-04;2;0
50;2025-12-04;3;0
50;2025-12-04;4;2
50;2025-12-04;5;72
50;2025-12-04;6;563
50;2025-12-04;7;1808
50;2025-12-04;8;2874
50;2025-12-04;9;2183
50;2025-12-04;10;1733
50;2025-12-04;11;1566
50;2025-12-04;12;1553
50;2025-12-04;13;1529
50;2025-12-04;14;1484
50;2025-12-04;15;1721
50;2025-12-04;16;1769
50;2025-12-04;17;2433
50;2025-12-04;18;2531
50;2025-12-04;19;1528
50;2025-12-04;20;957
50;2025-12-04;21;654
50;2025-12-04;22;280
50;2025-12-04;23;155
50;2025-12-05;0;36
50;2025-12-05;1;2
50;2025-12-05;2;0
50;2025-12-05;3;0
50;2025-12-05;4;3
50;2025-12-05;5;67
50;2025-12-05;6;533
50;2025-12-05;7;1757
50;2025-12-05;8;2666
50;2025-12-05;9;2021
50;2025-12-05;10;1551
50;2025-12-05;11;1518
50;2025-12-05;12;1470
50;2025-12-05;13;1524
50;2025-12-05;14;1483
50;2025-12-05;15;1760
50;2025-12-05;16;2042
50;2025-12-05;17;2157
50;2025-12-05;18;1807
50;2025-12-05;19;1295
50;2025-12-05;20;868
50;2025-12-05;21;575
50;2025-12-05;22;273
50;2025-12-05;23;170
50;2025-12-06;0;60
50;2025-12-06;1;3
50;2025-12-06;2;0
50;2025-12-06;3;0
50;2025-12-06;4;1
50;2025-12-06;5;33
50;2025-12-06;6;185
50;2025-12-06;7;397
50;2025-12-06;8;556
50;2025-12-06;9;617
50;2025-12-06;10;660
50;2025-12-06;11;797
50;2025-12-06;12;799
50;2025-12-06;13;826
50;2025-12-06;14;876
50;2025-12-06;15;813
50;2025-12-06;16;810
50;2025-12-06;17;854
50;2025-12-06;18;777
50;2025-12-06;19;713
50;2025-12-06;20;577
50;2025-12-06;21;427
50;2025-12-06;22;264
50;2025-12-06;23;157
50;2025-12-07;0;48
50;2025-12-07;1;4
50;2025-12-07;2;0
50;2025-12-07;3;0
50;2025-12-07;4;1
50;2025-12-07;5;28
50;2025-12-07;6;144
50;2025-12-07;7;262
50;2025-12-07;8;424
50;2025-12-07;9;492
50;2025-12-07;10;564
50;2025-12-07;11;724
50;2025-12-07;12;777
50;2025-12-07;13;795
50;2025-12-07;14;818
50;2025-12-07;15;773
50;2025-12-07;16;768
50;2025-12-07;17;817
50;2025-12-07;18;729
50;2025-12-07;19;627
50;2025-12-07;20;567
50;2025-12-07;21;417
50;2025-12-07;22;257
50;2025-12-07;23;141
50;2025-12-08;0;22
50;2025-12-08;1;3
50;2025-12-08;2;0
50;2025-12-08;3;0
50;2025-12-08;4;3
50;2025-12-08;5;58
50;2025-12-08;6;530
50;2025-12-08;7;1758
50;2025-12-08;8;2797
50;2025-12-08;9;2188
50;2025-12-08;10;1606
50;2025-12-08;11;1464
50;2025-12-08;12;1375
50;2025-12-08;13;1469
50;2025-12-08;14;1409
50;2025-12-08;15;1619
50;2025-12-08;16;1673
50;2025-12-08;17;2307
50;2025-12-08;18;2511
50;2025-12-08;19;1389
50;2025-12-08;20;880
50;2025-12-08;21;615
50;2025-12-08;22;233
50;2025-12-08;23;113
50;2025-12-09;0;31
50;2025-12-09;1;3
50;2025-12-09;2;0
50;2025-12-09;3;0
50;2025-12-09;4;3
50;2025-12-09;5;63
50;2025-12-09;6;554
50;2025-12-09;7;1805
50;2025-12-09;8;2889
50;2025-12-09;9;2193
50;2025-12-09;10;1729
50;2025-12-09;11;1556
50;2025-12-09;12;1541
50;2025-12-09;13;1520
50;2025-12-09;14;1473
50;2025-12-09;15;1708
50;2025-12-09;16;1756
50;2025-12-09;17;2425
50;2025-12-09;18;2529
50;2025-12-09;19;1527
50;2025-12-09;20;954
50;2025-12-09;21;651
50;2025-12-09;22;276
50;2025-12-09;23;142
50;2025-12-10;0;31
50;2025-12-10;1;2
50;2025-12-10;2;0
50;2025-12-10;3;0
50;2025-12-10;4;2
50;2025-12-10;5;69
50;2025-12-10;6;561
50;2025-12-10;7;1807
50;2025-12-10;8;2875
50;2025-12-10;9;2184
50;2025-12-10;10;1733
50;2025-12-10;11;1560
50;2025-12-10;12;1543
50;2025-12-10;13;1521
50;2025-12-10;14;1481
50;2025-12-10;15;1716
50;2025-12-10;16;1759
50;2025-12-10;17;2425
50;2025-12-10;18;2524
50;2025-12-10;19;1524
50;2025-12-10;20;951
50;2025-12-10;21;649
50;2025-12-10;22;275
50;2025-12-10;23;149
50;2025-12-11;0;32
50;2025-12-11;1;3
50;2025-12-11;2;0
50;2025-12-11;3;0
50;2025-12-11;4;2
50;2025-12-11;5;72
50;2025-12-11;6;564
50;2025-12-11;7;1808
50;2025-12-11;8;2874
50;2025-12-11;9;2182
50;2025-12-11;10;1732
50;2025-12-11;11;1560
50;2025-12-11;12;1551
50;2025-12-11;13;1529
50;2025-12-11;14;1486
50;2025-12-11;15;1719
50;2025-12-11;16;1762
50;2025-12-11;17;2428
50;2025-12-11;18;2527
50;2025-12-11;19;1528
50;2025-12-11;20;957
50;2025-12-11;21;655
50;2025-12-11;22;279
50;2025-12-11;23;152
50;2025-12-12;0;36
50;2025-12-12;1;1
50;2025-12-12;2;0
50;2025-12-12;3;0
50;2025-12-12;4;3
50;2025-12-12;5;67
50;2025-12-12;6;533
50;2025-12-12;7;1757
50;2025-12-12;8;2666
50;2025-12-12;9;2021
50;2025-12-12;10;1551
50;2025-12-12;11;1518
50;2025-12-12;12;1475
50;2025-12-12;13;1524
50;2025-12-12;14;1483
50;2025-12-12;15;1763
50;2025-12-12;16;2042
50;2025-12-12;17;2157
50;2025-12-12;18;1806
50;2025-12-12;19;1295
50;2025-12-12;20;868
50;2025-12-12;21;577
50;2025-12-12;22;275
50;2025-12-12;23;171
50;2025-12-13;0;60
50;2025-12-13;1;2
50;2025-12-13;2;0
50;2025-12-13;3;0
50;2025-12-13;4;0
50;2025-12-13;5;37
50;2025-12-13;6;190
50;2025-12-13;7;405
50;2025-12-13;8;579
50;2025-12-13;9;658
50;2025-12-13;10;694
50;2025-12-13;11;798
50;2025-12-13;12;809
50;2025-12-13;13;834
50;2025-12-13;14;878
50;2025-12-13;15;812
50;2025-12-13;16;807
50;2025-12-13;17;851
50;2025-12-13;18;777
50;2025-12-13;19;704
50;2025-12-13;20;573
50;2025-12-13;21;423
50;2025-12-13;22;262
50;2025-12-13;23;156
50;2025-12-14;0;47
50;2025-12-14;1;4
50;2025-12-14;2;0
50;2025-12-14;3;0
50;2025-12-14;4;1
50;2025-12-14;5;20
50;2025-12-14;6;145
50;2025-12-14;7;262
50;2025-12-14;8;424
50;2025-12-14;9;492
50;2025-12-14;10;564
50;2025-12-14;11;726
50;2025-12-14;12;777
50;2025-12-14;13;795
50;2025-12-14;14;818
50;2025-12-14;15;771
50;2025-12-14;16;768
50;2025-12-14;17;817
50;2025-12-14;18;730
50;2025-12-14;19;628
50;2025-12-14;20;568
50;2025-12-14;21;414
50;2025-12-14;22;255
50;2025-12-14;23;138
50;2025-12-15;0;22
50;2025-12-15;1;3
50;2025-12-15;2;0
50;2025-12-15;3;0
50;2025-12-15;4;3
50;2025-12-15;5;64
50;2025-12-15;6;536
50;2025-12-15;7;1764
50;2025-12-15;8;2803
50;2025-12-15;9;2193
50;2025-12-15;10;1608
50;2025-12-15;11;1463
50;2025-12-15;12;1375
50;2025-12-15;13;1470
50;2025-12-15;14;1409
50;2025-12-15;15;1619
50;2025-12-15;16;1675
50;2025-12-15;17;2312
50;2025-12-15;18;2514
50;2025-12-15;19;1388
50;2025-12-15;20;880
50;2025-12-15;21;615
50;2025-12-15;22;234
50;2025-12-15;23;114
50;2025-12-16;0;30
50;2025-12-16;1;3
50;2025-12-16;2;0
50;2025-12-16;3;0
50;2025-12-16;4;2
50;2025-12-16;5;69
50;2025-12-16;6;560
50;2025-12-16;7;1807
50;2025-12-16;8;2881
50;2025-12-16;9;2187
50;2025-12-16;10;1735
50;2025-12-16;11;1559
50;2025-12-16;12;1541
50;2025-12-16;13;1526
50;2025-12-16;14;1478
50;2025-12-16;15;1713
50;2025-12-16;16;1761
50;2025-12-16;17;2429
50;2025-12-16;18;2529
50;2025-12-16;19;1527
50;2025-12-16;20;955
50;2025-12-16;21;650
50;2025-12-16;22;276
50;2025-12-16;23;140
50;2025-12-17;0;31
50;2025-12-17;1;2
50;2025-12-17;2;0
50;2025-12-17;3;0
50;2025-12-17;4;2
50;2025-12-17;5;78
50;2025-12-17;6;569
50;2025-12-17;7;1819
50;2025-12-17;8;2886
50;2025-12-17;9;2198
50;2025-12-17;10;1748
50;2025-12-17;11;1573
50;2025-12-17;12;1553
50;2025-12-17;13;1531
50;2025-12-17;14;1487
50;2025-12-17;15;1721
50;2025-12-17;16;1767
50;2025-12-17;17;2433
50;2025-12-17;18;2531
50;2025-12-17;19;1527
50;2025-12-17;20;956
50;2025-12-17;21;656
50;2025-12-17;22;281
50;2025-12-17;23;149
50;2025-12-18;0;31
50;2025-12-18;1;2
50;2025-12-18;2;0
50;2025-12-18;3;0
50;2025-12-18;4;2
50;2025-12-18;5;72
50;2025-12-18;6;565
50;2025-12-18;7;1808
50;2025-12-18;8;2874
50;2025-12-18;9;2183
50;2025-12-18;10;1733
50;2025-12-18;11;1560
50;2025-12-18;12;1551
50;2025-12-18;13;1531
50;2025-12-18;14;1486
50;2025-12-18;15;1721
50;2025-12-18;16;1769
50;2025-12-18;17;2433
50;2025-12-18;18;2531
50;2025-12-18;19;1528
50;2025-12-18;20;957
50;2025-12-18;21;655
50;2025-12-18;22;281
50;2025-12-18;23;155
50;2025-12-19;0;36
50;2025-12-19;1;1
50;2025-12-19;2;0
50;2025-12-19;3;0
50;2025-12-19;4;3
50;2025-12-19;5;70
50;2025-12-19;6;536
50;2025-12-19;7;1758
50;2025-12-19;8;2667
50;2025-12-19;9;2023
50;2025-12-19;10;1555
50;2025-12-19;11;1524
50;2025-12-19;12;1475
50;2025-12-19;13;1526
50;2025-12-19;14;1481
50;2025-12-19;15;1764
50;2025-12-19;16;2035
50;2025-12-19;17;2152
50;2025-12-19;18;1799
50;2025-12-19;19;1294
50;2025-12-19;20;867
50;2025-12-19;21;570
50;2025-12-19;22;268
50;2025-12-19;23;166
50;2025-12-20;0;60
50;2025-12-20;1;2
50;2025-12-20;2;0
50;2025-12-20;3;0
50;2025-12-20;4;1
50;2025-12-20;5;45
50;2025-12-20;6;197
50;2025-12-20;7;413
50;2025-12-20;8;591
50;2025-12-20;9;667
50;2025-12-20;10;707
50;2025-12-20;11;813
50;2025-12-20;12;814
50;2025-12-20;13;839
50;2025-12-20;14;880
50;2025-12-20;15;812
50;2025-12-20;16;807
50;2025-12-20;17;851
50;2025-12-20;18;819
50;2025-12-20;19;702
50;2025-12-20;20;571
50;2025-12-20;21;421
50;2025-12-20;22;263
50;2025-12-20;23;155
50;2025-12-21;0;48
50;2025-12-21;1;4
50;2025-12-21;2;0
50;2025-12-21;3;0
50;2025-12-21;4;1
50;2025-12-21;5;32
50;2025-12-21;6;166
50;2025-12-21;7;288
50;2025-12-21;8;450
50;2025-12-21;9;535
50;2025-12-21;10;574
50;2025-12-21;11;750
50;2025-12-21;12;779
50;2025-12-21;13;797
50;2025-12-21;14;820
50;2025-12-21;15;777
50;2025-12-21;16;772
50;2025-12-21;17;820
50;2025-12-21;18;725
50;2025-12-21;19;628
50;2025-12-21;20;568
50;2025-12-21;21;412
50;2025-12-21;22;253
50;2025-12-21;23;136
50;2025-12-22;0;22
50;2025-12-22;1;3
50;2025-12-22;2;0
50;2025-12-22;3;0
50;2025-12-22;4;3
50;2025-12-22;5;67
50;2025-12-22;6;540
50;2025-12-22;7;1768
50;2025-12-22;8;2802
50;2025-12-22;9;2193
50;2025-12-22;10;1608
50;2025-12-22;11;1468
50;2025-12-22;12;1378
50;2025-12-22;13;1472
50;2025-12-22;14;1409
50;2025-12-22;15;1624
50;2025-12-22;16;1678
50;2025-12-22;17;2312
50;2025-12-22;18;2532
50;2025-12-22;19;1380
50;2025-12-22;20;876
50;2025-12-22;21;611
50;2025-12-22;22;234
50;2025-12-22;23;116
50;2025-12-23;0;31
50;2025-12-23;1;2
50;2025-12-23;2;0
50;2025-12-23;3;0
50;2025-12-23;4;2
50;2025-12-23;5;71
50;2025-12-23;6;565
50;2025-12-23;7;1817
50;2025-12-23;8;2892
50;2025-12-23;9;2197
50;2025-12-23;10;1746
50;2025-12-23;11;1553
50;2025-12-23;12;1536
50;2025-12-23;13;1515
50;2025-12-23;14;1474
50;2025-12-23;15;1716
50;2025-12-23;16;1760
50;2025-12-23;17;2427
50;2025-12-23;18;2533
50;2025-12-23;19;1530
50;2025-12-23;20;955
50;2025-12-23;21;652
50;2025-12-23;22;278
50;2025-12-23;23;142
50;2025-12-24;0;31
50;2025-12-24;1;2
50;2025-12-24;2;0
50;2025-12-24;3;0
50;2025-12-24;4;3
50;2025-12-24;5;81
50;2025-12-24;6;573
50;2025-12-24;7;1823
50;2025-12-24;8;2890
50;2025-12-24;9;2200
50;2025-12-24;10;1750
50;2025-12-24;11;1577
50;2025-12-24;12;1557
50;2025-12-24;13;1529
50;2025-12-24;14;1483
50;2025-12-24;15;1721
50;2025-12-24;16;1767
50;2025-12-24;17;2433
50;2025-12-24;18;2529
50;2025-12-24;19;1527
50;2025-12-24;20;958
50;2025-12-24;21;656
50;2025-12-24;22;281
50;2025-12-24;23;150
50;2025-12-25;0;31
50;2025-12-25;1;2
50;2025-12-25;2;0
50;2025-12-25;3;0
50;2025-12-25;4;2
50;2025-12-25;5;72
50;2025-12-25;6;564
50;2025-12-25;7;1808
50;2025-12-25;8;2874
50;2025-12-25;9;2184
50;2025-12-25;10;1733
50;2025-12-25;11;1560
50;2025-12-25;12;1551
50;2025-12-25;13;1529
50;2025-12-25;14;1484
50;2025-12-25;15;1714
50;2025-12-25;16;1762
50;2025-12-25;17;2428
50;2025-12-25;18;2527
50;2025-12-25;19;1528
50;2025-12-25;20;957
50;2025-12-25;21;655
50;2025-12-25;22;280
50;2025-12-25;23;155
50;2025-12-26;0;36
50;2025-12-26;1;2
50;2025-12-26;2;0
50;2025-12-26;3;0
50;2025-12-26;4;3
50;2025-12-26;5;68
50;2025-12-26;6;534
50;2025-12-26;7;1761
50;2025-12-26;8;2670
50;2025-12-26;9;2026
50;2025-12-26;10;1559
50;2025-12-26;11;1526
50;2025-12-26;12;1473
50;2025-12-26;13;1525
50;2025-12-26;14;1481
50;2025-12-26;15;1757
50;2025-12-26;16;2043
50;2025-12-26;17;2159
50;2025-12-26;18;1807
50;2025-12-26;19;1292
50;2025-12-26;20;868
50;2025-12-26;21;575
50;2025-12-26;22;275
50;2025-12-26;23;170
50;2025-12-27;0;60
50;2025-12-27;1;2
50;2025-12-27;2;0
50;2025-12-27;3;0
50;2025-12-27;4;0
50;2025-12-27;5;35
50;2025-12-27;6;188
50;2025-12-27;7;400
50;2025-12-27;8;578
50;2025-12-27;9;652
50;2025-12-27;10;695
50;2025-12-27;11;801
50;2025-12-27;12;806
50;2025-12-27;13;836
50;2025-12-27;14;880
50;2025-12-27;15;814
50;2025-12-27;16;807
50;2025-12-27;17;851
50;2025-12-27;18;768
50;2025-12-27;19;702
50;2025-12-27;20;573
50;2025-12-27;21;423
50;2025-12-27;22;263
50;2025-12-27;23;155
50;2025-12-28;0;48
50;2025-12-28;1;4
50;2025-12-28;2;0
50;2025-12-28;3;0
50;2025-12-28;4;1
50;2025-12-28;5;20
50;2025-12-28;6;166
50;2025-12-28;7;283
50;2025-12-28;8;445
50;2025-12-28;9;492
50;2025-12-28;10;533
50;2025-12-28;11;724
50;2025-12-28;12;771
50;2025-12-28;13;789
50;2025-12-28;14;818
50;2025-12-28;15;773
50;2025-12-28;16;768
50;2025-12-28;17;847
50;2025-12-28;18;757
50;2025-12-28;19;644
50;2025-12-28;20;574
50;2025-12-28;21;423
50;2025-12-28;22;265
50;2025-12-28;23;143
50;2025-12-29;0;22
50;2025-12-29;1;3
50;2025-12-29;2;0
50;2025-12-29;3;0
50;2025-12-29;4;2
50;2025-12-29;5;58
50;2025-12-29;6;491
50;2025-12-29;7;1628
50;2025-12-29;8;2582
50;2025-12-29;9;2012
50;2025-12-29;10;1477
50;2025-12-29;11;1354
50;2025-12-29;12;1279
50;2025-12-29;13;1356
50;2025-12-29;14;1305
50;2025-12-29;15;1496
50;2025-12-29;16;1550
50;2025-12-29;17;2148
50;2025-12-29;18;2341
50;2025-12-29;19;1285
50;2025-12-29;20;815
50;2025-12-29;21;563
50;2025-12-29;22;218
50;2025-12-29;23;105
50;2025-12-30;0;28
50;2025-12-30;1;2
50;2025-12-30;2;0
50;2025-12-30;3;0
50;2025-12-30;4;2
50;2025-12-30;5;63
50;2025-12-30;6;518
50;2025-12-30;7;1672
50;2025-12-30;8;2657
50;2025-12-30;9;2023
50;2025-12-30;10;1605
50;2025-12-30;11;1449
50;2025-12-30;12;1430
50;2025-12-30;13;1412
50;2025-12-30;14;1373
50;2025-12-30;15;1581
50;2025-12-30;16;1627
50;2025-12-30;17;2239
50;2025-12-30;18;2338
50;2025-12-30;19;1412
50;2025-12-30;20;879
50;2025-12-30;21;599
50;2025-12-30;22;258
50;2025-12-30;23;131
50;2025-12-31;0;39
50;2025-12-31;1;2
50;2025-12-31;2;0
50;2025-12-31;3;0
50;2025-12-31;4;1
50;2025-12-31;5;16
50;2025-12-31;6;118
50;2025-12-31;7;219
50;2025-12-31;8;366
50;2025-12-31;9;433
50;2025-12-31;10;463
50;2025-12-31;11;556
50;2025-12-31;12;553
50;2025-12-31;13;569
50;2025-12-31;14;628
50;2025-12-31;15;578
50;2025-12-31;16;575
50;2025-12-31;17;614
50;2025-12-31;18;568
50;2025-12-31;19;495
50;2025-12-31;20;0
50;2025-12-31;21;0
50;2025-12-31;22;0
50;2025-12-31;23;0
