route;date;hour;prediction
1;2025-11-01;0;2
1;2025-11-01;1;0
1;2025-11-01;2;0
1;2025-11-01;3;0
1;2025-11-01;4;6
1;2025-11-01;5;102
1;2025-11-01;6;450
1;2025-11-01;7;1309
1;2025-11-01;8;1661
1;2025-11-01;9;1309
1;2025-11-01;10;1190
1;2025-11-01;11;1232
1;2025-11-01;12;1257
1;2025-11-01;13;1292
1;2025-11-01;14;1274
1;2025-11-01;15;1397
1;2025-11-01;16;1447
1;2025-11-01;17;1560
1;2025-11-01;18;1340
1;2025-11-01;19;1094
1;2025-11-01;20;695
1;2025-11-01;21;405
1;2025-11-01;22;178
1;2025-11-01;23;38
1;2025-11-02;0;2
1;2025-11-02;1;0
1;2025-11-02;2;0
1;2025-11-02;3;0
1;2025-11-02;4;0
1;2025-11-02;5;21
1;2025-11-02;6;121
1;2025-11-02;7;256
1;2025-11-02;8;377
1;2025-11-02;9;607
1;2025-11-02;10;675
1;2025-11-02;11;718
1;2025-11-02;12;847
1;2025-11-02;13;883
1;2025-11-02;14;825
1;2025-11-02;15;755
1;2025-11-02;16;722
1;2025-11-02;17;659
1;2025-11-02;18;522
1;2025-11-02;19;443
1;2025-11-02;20;332
1;2025-11-02;21;266
1;2025-11-02;22;108
1;2025-11-02;23;28
1;2025-11-03;0;1
1;2025-11-03;1;0
1;2025-11-03;2;0
1;2025-11-03;3;0
1;2025-11-03;4;0
1;2025-11-03;5;28
1;2025-11-03;6;131
1;2025-11-03;7;256
1;2025-11-03;8;360
1;2025-11-03;9;573
1;2025-11-03;10;631
1;2025-11-03;11;656
1;2025-11-03;12;776
1;2025-11-03;13;804
1;2025-11-03;14;748
1;2025-11-03;15;683
1;2025-11-03;16;651
1;2025-11-03;17;595
1;2025-11-03;18;484
1;2025-11-03;19;413
1;2025-11-03;20;317
1;2025-11-03;21;260
1;2025-11-03;22;104
1;2025-11-03;23;25
1;2025-11-04;0;1
1;2025-11-04;1;0
1;2025-11-04;2;0
1;2025-11-04;3;0
1;2025-11-04;4;0
1;2025-11-04;5;25
1;2025-11-04;6;128
1;2025-11-04;7;247
1;2025-11-04;8;344
1;2025-11-04;9;560
1;2025-11-04;10;644
1;2025-11-04;11;660
1;2025-11-04;12;766
1;2025-11-04;13;793
1;2025-11-04;14;743
1;2025-11-04;15;701
1;2025-11-04;16;644
1;2025-11-04;17;589
1;2025-11-04;18;491
1;2025-11-04;19;430
1;2025-11-04;20;309
1;2025-11-04;21;251
1;2025-11-04;22;101
1;2025-11-04;23;21
1;2025-11-05;0;3
1;2025-11-05;1;0
1;2025-11-05;2;0
1;2025-11-05;3;0
1;2025-11-05;4;8
1;2025-11-05;5;125
1;2025-11-05;6;526
1;2025-11-05;7;1516
1;2025-11-05;8;2001
1;2025-11-05;9;1550
1;2025-11-05;10;1392
1;2025-11-05;11;1394
1;2025-11-05;12;1421
1;2025-11-05;13;1465
1;2025-11-05;14;1418
1;2025-11-05;15;1520
1;2025-11-05;16;1561
1;2025-11-05;17;1806
1;2025-11-05;18;1793
1;2025-11-05;19;1306
1;2025-11-05;20;849
1;2025-11-05;21;470
1;2025-11-05;22;205
1;2025-11-05;23;40
1;2025-11-06;0;3
1;2025-11-06;1;0
1;2025-11-06;2;0
1;2025-11-06;3;0
1;2025-11-06;4;8
1;2025-11-06;5;121
1;2025-11-06;6;522
1;2025-11-06;7;1500
1;2025-11-06;8;1997
1;2025-11-06;9;1543
1;2025-11-06;10;1385
1;2025-11-06;11;1389
1;2025-11-06;12;1419
1;2025-11-06;13;1463
1;2025-11-06;14;1416
1;2025-11-06;15;1520
1;2025-11-06;16;1558
1;2025-11-06;17;1801
1;2025-11-06;18;1787
1;2025-11-06;19;1307
1;2025-11-06;20;852
1;2025-11-06;21;472
1;2025-11-06;22;205
1;2025-11-06;23;42
1;2025-11-07;0;2
1;2025-11-07;1;0
1;2025-11-07;2;0
1;2025-11-07;3;0
1;2025-11-07;4;6
1;2025-11-07;5;116
1;2025-11-07;6;501
1;2025-11-07;7;1471
1;2025-11-07;8;1867
1;2025-11-07;9;1466
1;2025-11-07;10;1337
1;2025-11-07;11;1382
1;2025-11-07;12;1400
1;2025-11-07;13;1438
1;2025-11-07;14;1424
1;2025-11-07;15;1570
1;2025-11-07;16;1621
1;2025-11-07;17;1761
1;2025-11-07;18;1491
1;2025-11-07;19;1218
1;2025-11-07;20;769
1;2025-11-07;21;453
1;2025-11-07;22;194
1;2025-11-07;23;45
1;2025-11-08;0;3
1;2025-11-08;1;0
1;2025-11-08;2;0
1;2025-11-08;3;0
1;2025-11-08;4;0
1;2025-11-08;5;31
1;2025-11-08;6;174
1;2025-11-08;7;370
1;2025-11-08;8;541
1;2025-11-08;9;788
1;2025-11-08;10;913
1;2025-11-08;11;925
1;2025-11-08;12;1065
1;2025-11-08;13;1123
1;2025-11-08;14;1059
1;2025-11-08;15;960
1;2025-11-08;16;875
1;2025-11-08;17;805
1;2025-11-08;18;685
1;2025-11-08;19;582
1;2025-11-08;20;413
1;2025-11-08;21;316
1;2025-11-08;22;132
1;2025-11-08;23;33
1;2025-11-09;0;2
1;2025-11-09;1;0
1;2025-11-09;2;0
1;2025-11-09;3;0
1;2025-11-09;4;0
1;2025-11-09;5;20
1;2025-11-09;6;122
1;2025-11-09;7;258
1;2025-11-09;8;367
1;2025-11-09;9;607
1;2025-11-09;10;690
1;2025-11-09;11;735
1;2025-11-09;12;860
1;2025-11-09;13;911
1;2025-11-09;14;824
1;2025-11-09;15;754
1;2025-11-09;16;695
1;2025-11-09;17;634
1;2025-11-09;18;527
1;2025-11-09;19;443
1;2025-11-09;20;333
1;2025-11-09;21;265
1;2025-11-09;22;101
1;2025-11-09;23;27
1;2025-11-10;0;1
1;2025-11-10;1;0
1;2025-11-10;2;0
1;2025-11-10;3;0
1;2025-11-10;4;8
1;2025-11-10;5;135
1;2025-11-10;6;516
1;2025-11-10;7;1491
1;2025-11-10;8;1989
1;2025-11-10;9;1508
1;2025-11-10;10;1290
1;2025-11-10;11;1273
1;2025-11-10;12;1349
1;2025-11-10;13;1420
1;2025-11-10;14;1430
1;2025-11-10;15;1541
1;2025-11-10;16;1600
1;2025-11-10;17;1846
1;2025-11-10;18;1892
1;2025-11-10;19;1353
1;2025-11-10;20;855
1;2025-11-10;21;448
1;2025-11-10;22;178
1;2025-11-10;23;38
1;2025-11-11;0;3
1;2025-11-11;1;0
1;2025-11-11;2;0
1;2025-11-11;3;0
1;2025-11-11;4;8
1;2025-11-11;5;126
1;2025-11-11;6;526
1;2025-11-11;7;1511
1;2025-11-11;8;2003
1;2025-11-11;9;1548
1;2025-11-11;10;1386
1;2025-11-11;11;1388
1;2025-11-11;12;1411
1;2025-11-11;13;1453
1;2025-11-11;14;1406
1;2025-11-11;15;1513
1;2025-11-11;16;1555
1;2025-11-11;17;1802
1;2025-11-11;18;1792
1;2025-11-11;19;1304
1;2025-11-11;20;847
1;2025-11-11;21;468
1;2025-11-11;22;202
1;2025-11-11;23;39
1;2025-11-12;0;3
1;2025-11-12;1;0
1;2025-11-12;2;0
1;2025-11-12;3;0
1;2025-11-12;4;8
1;2025-11-12;5;126
1;2025-11-12;6;526
1;2025-11-12;7;1513
1;2025-11-12;8;1996
1;2025-11-12;9;1547
1;2025-11-12;10;1386
1;2025-11-12;11;1392
1;2025-11-12;12;1413
1;2025-11-12;13;1458
1;2025-11-12;14;1407
1;2025-11-12;15;1512
1;2025-11-12;16;1559
1;2025-11-12;17;1805
1;2025-11-12;18;1789
1;2025-11-12;19;1305
1;2025-11-12;20;845
1;2025-11-12;21;471
1;2025-11-12;22;206
1;2025-11-12;23;42
1;2025-11-13;0;3
1;2025-11-13;1;0
1;2025-11-13;2;0
1;2025-11-13;3;0
1;2025-11-13;4;8
1;2025-11-13;5;123
1;2025-11-13;6;523
1;2025-11-13;7;1510
1;2025-11-13;8;1993
1;2025-11-13;9;1543
1;2025-11-13;10;1383
1;2025-11-13;11;1388
1;2025-11-13;12;1412
1;2025-11-13;13;1454
1;2025-11-13;14;1406
1;2025-11-13;15;1510
1;2025-11-13;16;1557
1;2025-11-13;17;1807
1;2025-11-13;18;1788
1;2025-11-13;19;1302
1;2025-11-13;20;849
1;2025-11-13;21;471
1;2025-11-13;22;205
1;2025-11-13;23;42
1;2025-11-14;0;2
1;2025-11-14;1;0
1;2025-11-14;2;0
1;2025-11-14;3;0
1;2025-11-14;4;6
1;2025-11-14;5;122
1;2025-11-14;6;506
1;2025-11-14;7;1475
1;2025-11-14;8;1858
1;2025-11-14;9;1469
1;2025-11-14;10;1333
1;2025-11-14;11;1370
1;2025-11-14;12;1381
1;2025-11-14;13;1420
1;2025-11-14;14;1407
1;2025-11-14;15;1552
1;2025-11-14;16;1608
1;2025-11-14;17;1750
1;2025-11-14;18;1492
1;2025-11-14;19;1213
1;2025-11-14;20;765
1;2025-11-14;21;448
1;2025-11-14;22;199
1;2025-11-14;23;41
1;2025-11-15;0;3
1;2025-11-15;1;0
1;2025-11-15;2;0
1;2025-11-15;3;0
1;2025-11-15;4;0
1;2025-11-15;5;41
1;2025-11-15;6;185
1;2025-11-15;7;382
1;2025-11-15;8;554
1;2025-11-15;9;816
1;2025-11-15;10;929
1;2025-11-15;11;934
1;2025-11-15;12;1072
1;2025-11-15;13;1125
1;2025-11-15;14;1064
1;2025-11-15;15;957
1;2025-11-15;16;867
1;2025-11-15;17;796
1;2025-11-15;18;672
1;2025-11-15;19;559
1;2025-11-15;20;421
1;2025-11-15;21;312
1;2025-11-15;22;126
1;2025-11-15;23;31
1;2025-11-16;0;2
1;2025-11-16;1;0
1;2025-11-16;2;0
1;2025-11-16;3;0
1;2025-11-16;4;0
1;2025-11-16;5;22
1;2025-11-16;6;126
1;2025-11-16;7;260
1;2025-11-16;8;368
1;2025-11-16;9;616
1;2025-11-16;10;679
1;2025-11-16;11;720
1;2025-11-16;12;830
1;2025-11-16;13;868
1;2025-11-16;14;811
1;2025-11-16;15;736
1;2025-11-16;16;694
1;2025-11-16;17;631
1;2025-11-16;18;516
1;2025-11-16;19;436
1;2025-11-16;20;328
1;2025-11-16;21;254
1;2025-11-16;22;98
1;2025-11-16;23;24
1;2025-11-17;0;1
1;2025-11-17;1;0
1;2025-11-17;2;0
1;2025-11-17;3;0
1;2025-11-17;4;8
1;2025-11-17;5;140
1;2025-11-17;6;518
1;2025-11-17;7;1491
1;2025-11-17;8;1971
1;2025-11-17;9;1516
1;2025-11-17;10;1294
1;2025-11-17;11;1270
1;2025-11-17;12;1345
1;2025-11-17;13;1414
1;2025-11-17;14;1418
1;2025-11-17;15;1529
1;2025-11-17;16;1597
1;2025-11-17;17;1840
1;2025-11-17;18;1887
1;2025-11-17;19;1346
1;2025-11-17;20;850
1;2025-11-17;21;445
1;2025-11-17;22;178
1;2025-11-17;23;38
1;2025-11-18;0;3
1;2025-11-18;1;0
1;2025-11-18;2;0
1;2025-11-18;3;0
1;2025-11-18;4;8
1;2025-11-18;5;131
1;2025-11-18;6;532
1;2025-11-18;7;1519
1;2025-11-18;8;1998
1;2025-11-18;9;1555
1;2025-11-18;10;1394
1;2025-11-18;11;1393
1;2025-11-18;12;1413
1;2025-11-18;13;1452
1;2025-11-18;14;1406
1;2025-11-18;15;1508
1;2025-11-18;16;1556
1;2025-11-18;17;1804
1;2025-11-18;18;1793
1;2025-11-18;19;1304
1;2025-11-18;20;848
1;2025-11-18;21;470
1;2025-11-18;22;204
1;2025-11-18;23;41
1;2025-11-19;0;3
1;2025-11-19;1;0
1;2025-11-19;2;0
1;2025-11-19;3;0
1;2025-11-19;4;8
1;2025-11-19;5;133
1;2025-11-19;6;533
1;2025-11-19;7;1519
1;2025-11-19;8;1995
1;2025-11-19;9;1549
1;2025-11-19;10;1389
1;2025-11-19;11;1392
1;2025-11-19;12;1413
1;2025-11-19;13;1457
1;2025-11-19;14;1410
1;2025-11-19;15;1512
1;2025-11-19;16;1559
1;2025-11-19;17;1805
1;2025-11-19;18;1788
1;2025-11-19;19;1305
1;2025-11-19;20;849
1;2025-11-19;21;471
1;2025-11-19;22;206
1;2025-11-19;23;42
1;2025-11-20;0;3
1;2025-11-20;1;0
1;2025-11-20;2;0
1;2025-11-20;3;0
1;2025-11-20;4;8
1;2025-11-20;5;125
1;2025-11-20;6;532
1;2025-11-20;7;1512
1;2025-11-20;8;2008
1;2025-11-20;9;1548
1;2025-11-20;10;1399
1;2025-11-20;11;1403
1;2025-11-20;12;1417
1;2025-11-20;13;1456
1;2025-11-20;14;1410
1;2025-11-20;15;1511
1;2025-11-20;16;1559
1;2025-11-20;17;1805
1;2025-11-20;18;1788
1;2025-11-20;19;1305
1;2025-11-20;20;852
1;2025-11-20;21;474
1;2025-11-20;22;209
1;2025-11-20;23;46
1;2025-11-21;0;2
1;2025-11-21;1;0
1;2025-11-21;2;0
1;2025-11-21;3;0
1;2025-11-21;4;6
1;2025-11-21;5;140
1;2025-11-21;6;525
1;2025-11-21;7;1494
1;2025-11-21;8;1877
1;2025-11-21;9;1491
1;2025-11-21;10;1353
1;2025-11-21;11;1390
1;2025-11-21;12;1397
1;2025-11-21;13;1431
1;2025-11-21;14;1413
1;2025-11-21;15;1558
1;2025-11-21;16;1623
1;2025-11-21;17;1762
1;2025-11-21;18;1494
1;2025-11-21;19;1213
1;2025-11-21;20;769
1;2025-11-21;21;454
1;2025-11-21;22;200
1;2025-11-21;23;48
1;2025-11-22;0;3
1;2025-11-22;1;0
1;2025-11-22;2;0
1;2025-11-22;3;0
1;2025-11-22;4;0
1;2025-11-22;5;42
1;2025-11-22;6;184
1;2025-11-22;7;377
1;2025-11-22;8;537
1;2025-11-22;9;781
1;2025-11-22;10;910
1;2025-11-22;11;938
1;2025-11-22;12;1070
1;2025-11-22;13;1118
1;2025-11-22;14;1050
1;2025-11-22;15;944
1;2025-11-22;16;853
1;2025-11-22;17;777
1;2025-11-22;18;660
1;2025-11-22;19;544
1;2025-11-22;20;408
1;2025-11-22;21;300
1;2025-11-22;22;118
1;2025-11-22;23;27
1;2025-11-23;0;2
1;2025-11-23;1;0
1;2025-11-23;2;0
1;2025-11-23;3;0
1;2025-11-23;4;0
1;2025-11-23;5;22
1;2025-11-23;6;125
1;2025-11-23;7;247
1;2025-11-23;8;341
1;2025-11-23;9;575
1;2025-11-23;10;649
1;2025-11-23;11;706
1;2025-11-23;12;821
1;2025-11-23;13;848
1;2025-11-23;14;791
1;2025-11-23;15;717
1;2025-11-23;16;671
1;2025-11-23;17;614
1;2025-11-23;18;485
1;2025-11-23;19;406
1;2025-11-23;20;311
1;2025-11-23;21;248
1;2025-11-23;22;93
1;2025-11-23;23;23
1;2025-11-24;0;1
1;2025-11-24;1;0
1;2025-11-24;2;0
1;2025-11-24;3;0
1;2025-11-24;4;8
1;2025-11-24;5;130
1;2025-11-24;6;508
1;2025-11-24;7;1478
1;2025-11-24;8;1939
1;2025-11-24;9;1485
1;2025-11-24;10;1271
1;2025-11-24;11;1264
1;2025-11-24;12;1345
1;2025-11-24;13;1407
1;2025-11-24;14;1414
1;2025-11-24;15;1526
1;2025-11-24;16;1595
1;2025-11-24;17;1842
1;2025-11-24;18;1893
1;2025-11-24;19;1356
1;2025-11-24;20;854
1;2025-11-24;21;446
1;2025-11-24;22;176
1;2025-11-24;23;37
1;2025-11-25;0;3
1;2025-11-25;1;0
1;2025-11-25;2;0
1;2025-11-25;3;0
1;2025-11-25;4;8
1;2025-11-25;5;126
1;2025-11-25;6;527
1;2025-11-25;7;1507
1;2025-11-25;8;1966
1;2025-11-25;9;1524
1;2025-11-25;10;1380
1;2025-11-25;11;1396
1;2025-11-25;12;1396
1;2025-11-25;13;1442
1;2025-11-25;14;1413
1;2025-11-25;15;1515
1;2025-11-25;16;1551
1;2025-11-25;17;1802
1;2025-11-25;18;1791
1;2025-11-25;19;1300
1;2025-11-25;20;840
1;2025-11-25;21;461
1;2025-11-25;22;196
1;2025-11-25;23;37
1;2025-11-26;0;3
1;2025-11-26;1;0
1;2025-11-26;2;0
1;2025-11-26;3;0
1;2025-11-26;4;8
1;2025-11-26;5;127
1;2025-11-26;6;527
1;2025-11-26;7;1504
1;2025-11-26;8;1966
1;2025-11-26;9;1524
1;2025-11-26;10;1372
1;2025-11-26;11;1379
1;2025-11-26;12;1399
1;2025-11-26;13;1466
1;2025-11-26;14;1419
1;2025-11-26;15;1519
1;2025-11-26;16;1564
1;2025-11-26;17;1810
1;2025-11-26;18;1791
1;2025-11-26;19;1311
1;2025-11-26;20;854
1;2025-11-26;21;471
1;2025-11-26;22;200
1;2025-11-26;23;41
1;2025-11-27;0;3
1;2025-11-27;1;0
1;2025-11-27;2;0
1;2025-11-27;3;0
1;2025-11-27;4;8
1;2025-11-27;5;133
1;2025-11-27;6;533
1;2025-11-27;7;1519
1;2025-11-27;8;2006
1;2025-11-27;9;1562
1;2025-11-27;10;1407
1;2025-11-27;11;1407
1;2025-11-27;12;1424
1;2025-11-27;13;1460
1;2025-11-27;14;1414
1;2025-11-27;15;1510
1;2025-11-27;16;1563
1;2025-11-27;17;1812
1;2025-11-27;18;1793
1;2025-11-27;19;1310
1;2025-11-27;20;855
1;2025-11-27;21;477
1;2025-11-27;22;213
1;2025-11-27;23;48
1;2025-11-28;0;2
1;2025-11-28;1;0
1;2025-11-28;2;0
1;2025-11-28;3;0
1;2025-11-28;4;6
1;2025-11-28;5;140
1;2025-11-28;6;524
1;2025-11-28;7;1494
1;2025-11-28;8;1875
1;2025-11-28;9;1487
1;2025-11-28;10;1356
1;2025-11-28;11;1397
1;2025-11-28;12;1402
1;2025-11-28;13;1435
1;2025-11-28;14;1416
1;2025-11-28;15;1563
1;2025-11-28;16;1614
1;2025-11-28;17;1750
1;2025-11-28;18;1497
1;2025-11-28;19;1212
1;2025-11-28;20;770
1;2025-11-28;21;455
1;2025-11-28;22;195
1;2025-11-28;23;50
1;2025-11-29;0;3
1;2025-11-29;1;0
1;2025-11-29;2;0
1;2025-11-29;3;0
1;2025-11-29;4;0
1;2025-11-29;5;16
1;2025-11-29;6;128
1;2025-11-29;7;315
1;2025-11-29;8;472
1;2025-11-29;9;706
1;2025-11-29;10;872
1;2025-11-29;11;947
1;2025-11-29;12;1091
1;2025-11-29;13;1149
1;2025-11-29;14;1050
1;2025-11-29;15;937
1;2025-11-29;16;842
1;2025-11-29;17;765
1;2025-11-29;18;656
1;2025-11-29;19;535
1;2025-11-29;20;400
1;2025-11-29;21;292
1;2025-11-29;22;106
1;2025-11-29;23;19
1;2025-11-30;0;2
1;2025-11-30;1;0
1;2025-11-30;2;0
1;2025-11-30;3;0
1;2025-11-30;4;0
1;2025-11-30;5;21
1;2025-11-30;6;126
1;2025-11-30;7;265
1;2025-11-30;8;377
1;2025-11-30;9;602
1;2025-11-30;10;670
1;2025-11-30;11;715
1;2025-11-30;12;816
1;2025-11-30;13;847
1;2025-11-30;14;791
1;2025-11-30;15;688
1;2025-11-30;16;675
1;2025-11-30;17;612
1;2025-11-30;18;489
1;2025-11-30;19;410
1;2025-11-30;20;313
1;2025-11-30;21;250
1;2025-11-30;22;95
1;2025-11-30;23;26
1;2025-12-01;0;1
1;2025-12-01;1;0
1;2025-12-01;2;0
1;2025-12-01;3;0
1;2025-12-01;4;8
1;2025-12-01;5;125
1;2025-12-01;6;503
1;2025-12-01;7;1476
1;2025-12-01;8;1943
1;2025-12-01;9;1489
1;2025-12-01;10;1272
1;2025-12-01;11;1257
1;2025-12-01;12;1342
1;2025-12-01;13;1414
1;2025-12-01;14;1421
1;2025-12-01;15;1533
1;2025-12-01;16;1599
1;2025-12-01;17;1848
1;2025-12-01;18;1899
1;2025-12-01;19;1360
1;2025-12-01;20;857
1;2025-12-01;21;443
1;2025-12-01;22;171
1;2025-12-01;23;33
1;2025-12-02;0;3
1;2025-12-02;1;0
1;2025-12-02;2;0
1;2025-12-02;3;0
1;2025-12-02;4;8
1;2025-12-02;5;127
1;2025-12-02;6;529
1;2025-12-02;7;1512
1;2025-12-02;8;1967
1;2025-12-02;9;1523
1;2025-12-02;10;1366
1;2025-12-02;11;1372
1;2025-12-02;12;1393
1;2025-12-02;13;1449
1;2025-12-02;14;1402
1;2025-12-02;15;1497
1;2025-12-02;16;1544
1;2025-12-02;17;1792
1;2025-12-02;18;1784
1;2025-12-02;19;1299
1;2025-12-02;20;842
1;2025-12-02;21;458
1;2025-12-02;22;193
1;2025-12-02;23;35
1;2025-12-03;0;3
1;2025-12-03;1;0
1;2025-12-03;2;0
1;2025-12-03;3;0
1;2025-12-03;4;8
1;2025-12-03;5;127
1;2025-12-03;6;525
1;2025-12-03;7;1507
1;2025-12-03;8;1966
1;2025-12-03;9;1526
1;2025-12-03;10;1371
1;2025-12-03;11;1391
1;2025-12-03;12;1420
1;2025-12-03;13;1467
1;2025-12-03;14;1422
1;2025-12-03;15;1522
1;2025-12-03;16;1566
1;2025-12-03;17;1812
1;2025-12-03;18;1789
1;2025-12-03;19;1297
1;2025-12-03;20;838
1;2025-12-03;21;462
1;2025-12-03;22;196
1;2025-12-03;23;36
1;2025-12-04;0;3
1;2025-12-04;1;0
1;2025-12-04;2;0
1;2025-12-04;3;0
1;2025-12-04;4;8
1;2025-12-04;5;121
1;2025-12-04;6;524
1;2025-12-04;7;1507
1;2025-12-04;8;1967
1;2025-12-04;9;1532
1;2025-12-04;10;1374
1;2025-12-04;11;1391
1;2025-12-04;12;1421
1;2025-12-04;13;1468
1;2025-12-04;14;1421
1;2025-12-04;15;1523
1;2025-12-04;16;1569
1;2025-12-04;17;1809
1;2025-12-04;18;1792
1;2025-12-04;19;1303
1;2025-12-04;20;844
1;2025-12-04;21;465
1;2025-12-04;22;196
1;2025-12-04;23;39
1;2025-12-05;0;2
1;2025-12-05;1;0
1;2025-12-05;2;0
1;2025-12-05;3;0
1;2025-12-05;4;6
1;2025-12-05;5;125
1;2025-12-05;6;512
1;2025-12-05;7;1479
1;2025-12-05;8;1845
1;2025-12-05;9;1457
1;2025-12-05;10;1329
1;2025-12-05;11;1376
1;2025-12-05;12;1383
1;2025-12-05;13;1429
1;2025-12-05;14;1418
1;2025-12-05;15;1559
1;2025-12-05;16;1614
1;2025-12-05;17;1750
1;2025-12-05;18;1500
1;2025-12-05;19;1216
1;2025-12-05;20;765
1;2025-12-05;21;448
1;2025-12-05;22;189
1;2025-12-05;23;45
1;2025-12-06;0;3
1;2025-12-06;1;0
1;2025-12-06;2;0
1;2025-12-06;3;0
1;2025-12-06;4;0
1;2025-12-06;5;22
1;2025-12-06;6;164
1;2025-12-06;7;353
1;2025-12-06;8;480
1;2025-12-06;9;719
1;2025-12-06;10;843
1;2025-12-06;11;903
1;2025-12-06;12;1037
1;2025-12-06;13;1115
1;2025-12-06;14;1046
1;2025-12-06;15;936
1;2025-12-06;16;847
1;2025-12-06;17;773
1;2025-12-06;18;666
1;2025-12-06;19;550
1;2025-12-06;20;403
1;2025-12-06;21;292
1;2025-12-06;22;103
1;2025-12-06;23;15
1;2025-12-07;0;2
1;2025-12-07;1;0
1;2025-12-07;2;0
1;2025-12-07;3;0
1;2025-12-07;4;0
1;2025-12-07;5;17
1;2025-12-07;6;88
1;2025-12-07;7;219
1;2025-12-07;8;318
1;2025-12-07;9;541
1;2025-12-07;10;658
1;2025-12-07;11;698
1;2025-12-07;12;813
1;2025-12-07;13;860
1;2025-12-07;14;805
1;2025-12-07;15;729
1;2025-12-07;16;688
1;2025-12-07;17;626
1;2025-12-07;18;506
1;2025-12-07;19;421
1;2025-12-07;20;321
1;2025-12-07;21;259
1;2025-12-07;22;100
1;2025-12-07;23;29
1;2025-12-08;0;1
1;2025-12-08;1;0
1;2025-12-08;2;0
1;2025-12-08;3;0
1;2025-12-08;4;8
1;2025-12-08;5;121
1;2025-12-08;6;502
1;2025-12-08;7;1476
1;2025-12-08;8;1941
1;2025-12-08;9;1484
1;2025-12-08;10;1266
1;2025-12-08;11;1249
1;2025-12-08;12;1329
1;2025-12-08;13;1402
1;2025-12-08;14;1411
1;2025-12-08;15;1518
1;2025-12-08;16;1584
1;2025-12-08;17;1832
1;2025-12-08;18;1888
1;2025-12-08;19;1354
1;2025-12-08;20;849
1;2025-12-08;21;438
1;2025-12-08;22;167
1;2025-12-08;23;29
1;2025-12-09;0;3
1;2025-12-09;1;0
1;2025-12-09;2;0
1;2025-12-09;3;0
1;2025-12-09;4;8
1;2025-12-09;5;114
1;2025-12-09;6;516
1;2025-12-09;7;1499
1;2025-12-09;8;1958
1;2025-12-09;9;1518
1;2025-12-09;10;1345
1;2025-12-09;11;1357
1;2025-12-09;12;1388
1;2025-12-09;13;1439
1;2025-12-09;14;1393
1;2025-12-09;15;1497
1;2025-12-09;16;1541
1;2025-12-09;17;1789
1;2025-12-09;18;1781
1;2025-12-09;19;1299
1;2025-12-09;20;838
1;2025-12-09;21;458
1;2025-12-09;22;193
1;2025-12-09;23;33
1;2025-12-10;0;3
1;2025-12-10;1;0
1;2025-12-10;2;0
1;2025-12-10;3;0
1;2025-12-10;4;8
1;2025-12-10;5;127
1;2025-12-10;6;530
1;2025-12-10;7;1512
1;2025-12-10;8;1971
1;2025-12-10;9;1526
1;2025-12-10;10;1371
1;2025-12-10;11;1377
1;2025-12-10;12;1399
1;2025-12-10;13;1445
1;2025-12-10;14;1408
1;2025-12-10;15;1512
1;2025-12-10;16;1550
1;2025-12-10;17;1797
1;2025-12-10;18;1783
1;2025-12-10;19;1300
1;2025-12-10;20;838
1;2025-12-10;21;459
1;2025-12-10;22;193
1;2025-12-10;23;36
1;2025-12-11;0;3
1;2025-12-11;1;0
1;2025-12-11;2;0
1;2025-12-11;3;0
1;2025-12-11;4;8
1;2025-12-11;5;126
1;2025-12-11;6;529
1;2025-12-11;7;1512
1;2025-12-11;8;1972
1;2025-12-11;9;1527
1;2025-12-11;10;1372
1;2025-12-11;11;1380
1;2025-12-11;12;1413
1;2025-12-11;13;1457
1;2025-12-11;14;1418
1;2025-12-11;15;1515
1;2025-12-11;16;1553
1;2025-12-11;17;1800
1;2025-12-11;18;1787
1;2025-12-11;19;1303
1;2025-12-11;20;845
1;2025-12-11;21;466
1;2025-12-11;22;199
1;2025-12-11;23;43
1;2025-12-12;0;2
1;2025-12-12;1;0
1;2025-12-12;2;0
1;2025-12-12;3;0
1;2025-12-12;4;6
1;2025-12-12;5;125
1;2025-12-12;6;512
1;2025-12-12;7;1479
1;2025-12-12;8;1845
1;2025-12-12;9;1457
1;2025-12-12;10;1329
1;2025-12-12;11;1376
1;2025-12-12;12;1399
1;2025-12-12;13;1439
1;2025-12-12;14;1423
1;2025-12-12;15;1569
1;2025-12-12;16;1614
1;2025-12-12;17;1750
1;2025-12-12;18;1503
1;2025-12-12;19;1217
1;2025-12-12;20;769
1;2025-12-12;21;460
1;2025-12-12;22;200
1;2025-12-12;23;54
1;2025-12-13;0;3
1;2025-12-13;1;0
1;2025-12-13;2;0
1;2025-12-13;3;0
1;2025-12-13;4;0
1;2025-12-13;5;37
1;2025-12-13;6;189
1;2025-12-13;7;386
1;2025-12-13;8;537
1;2025-12-13;9;800
1;2025-12-13;10;914
1;2025-12-13;11;930
1;2025-12-13;12;1076
1;2025-12-13;13;1133
1;2025-12-13;14;1063
1;2025-12-13;15;949
1;2025-12-13;16;855
1;2025-12-13;17;781
1;2025-12-13;18;675
1;2025-12-13;19;553
1;2025-12-13;20;405
1;2025-12-13;21;295
1;2025-12-13;22;100
1;2025-12-13;23;14
1;2025-12-14;0;2
1;2025-12-14;1;0
1;2025-12-14;2;0
1;2025-12-14;3;0
1;2025-12-14;4;0
1;2025-12-14;5;10
1;2025-12-14;6;89
1;2025-12-14;7;219
1;2025-12-14;8;315
1;2025-12-14;9;541
1;2025-12-14;10;655
1;2025-12-14;11;700
1;2025-12-14;12;813
1;2025-12-14;13;860
1;2025-12-14;14;805
1;2025-12-14;15;727
1;2025-12-14;16;687
1;2025-12-14;17;626
1;2025-12-14;18;507
1;2025-12-14;19;422
1;2025-12-14;20;323
1;2025-12-14;21;257
1;2025-12-14;22;98
1;2025-12-14;23;27
1;2025-12-15;0;1
1;2025-12-15;1;0
1;2025-12-15;2;0
1;2025-12-15;3;0
1;2025-12-15;4;8
1;2025-12-15;5;127
1;2025-12-15;6;509
1;2025-12-15;7;1481
1;2025-12-15;8;1945
1;2025-12-15;9;1489
1;2025-12-15;10;1268
1;2025-12-15;11;1254
1;2025-12-15;12;1332
1;2025-12-15;13;1404
1;2025-12-15;14;1411
1;2025-12-15;15;1525
1;2025-12-15;16;1592
1;2025-12-15;17;1841
1;2025-12-15;18;1894
1;2025-12-15;19;1354
1;2025-12-15;20;851
1;2025-12-15;21;440
1;2025-12-15;22;169
1;2025-12-15;23;31
1;2025-12-16;0;3
1;2025-12-16;1;0
1;2025-12-16;2;0
1;2025-12-16;3;0
1;2025-12-16;4;8
1;2025-12-16;5;126
1;2025-12-16;6;529
1;2025-12-16;7;1512
1;2025-12-16;8;1972
1;2025-12-16;9;1529
1;2025-12-16;10;1367
1;2025-12-16;11;1372
1;2025-12-16;12;1393
1;2025-12-16;13;1449
1;2025-12-16;14;1402
1;2025-12-16;15;1506
1;2025-12-16;16;1554
1;2025-12-16;17;1801
1;2025-12-16;18;1784
1;2025-12-16;19;1299
1;2025-12-16;20;841
1;2025-12-16;21;464
1;2025-12-16;22;198
1;2025-12-16;23;39
1;2025-12-17;0;3
1;2025-12-17;1;0
1;2025-12-17;2;0
1;2025-12-17;3;0
1;2025-12-17;4;8
1;2025-12-17;5;132
1;2025-12-17;6;539
1;2025-12-17;7;1529
1;2025-12-17;8;2005
1;2025-12-17;9;1566
1;2025-12-17;10;1406
1;2025-12-17;11;1410
1;2025-12-17;12;1431
1;2025-12-17;13;1469
1;2025-12-17;14;1424
1;2025-12-17;15;1526
1;2025-12-17;16;1569
1;2025-12-17;17;1815
1;2025-12-17;18;1799
1;2025-12-17;19;1311
1;2025-12-17;20;855
1;2025-12-17;21;473
1;2025-12-17;22;201
1;2025-12-17;23;38
1;2025-12-18;0;3
1;2025-12-18;1;0
1;2025-12-18;2;0
1;2025-12-18;3;0
1;2025-12-18;4;8
1;2025-12-18;5;124
1;2025-12-18;6;530
1;2025-12-18;7;1507
1;2025-12-18;8;1972
1;2025-12-18;9;1532
1;2025-12-18;10;1374
1;2025-12-18;11;1380
1;2025-12-18;12;1413
1;2025-12-18;13;1465
1;2025-12-18;14;1418
1;2025-12-18;15;1522
1;2025-12-18;16;1569
1;2025-12-18;17;1809
1;2025-12-18;18;1792
1;2025-12-18;19;1303
1;2025-12-18;20;845
1;2025-12-18;21;466
1;2025-12-18;22;200
1;2025-12-18;23;43
1;2025-12-19;0;2
1;2025-12-19;1;0
1;2025-12-19;2;0
1;2025-12-19;3;0
1;2025-12-19;4;6
1;2025-12-19;5;133
1;2025-12-19;6;520
1;2025-12-19;7;1483
1;2025-12-19;8;1851
1;2025-12-19;9;1465
1;2025-12-19;10;1340
1;2025-12-19;11;1401
1;2025-12-19;12;1408
1;2025-12-19;13;1441
1;2025-12-19;14;1420
1;2025-12-19;15;1568
1;2025-12-19;16;1619
1;2025-12-19;17;1761
1;2025-12-19;18;1507
1;2025-12-19;19;1225
1;2025-12-19;20;777
1;2025-12-19;21;460
1;2025-12-19;22;200
1;2025-12-19;23;52
1;2025-12-20;0;3
1;2025-12-20;1;0
1;2025-12-20;2;0
1;2025-12-20;3;0
1;2025-12-20;4;0
1;2025-12-20;5;45
1;2025-12-20;6;195
1;2025-12-20;7;392
1;2025-12-20;8;565
1;2025-12-20;9;823
1;2025-12-20;10;943
1;2025-12-20;11;957
1;2025-12-20;12;1092
1;2025-12-20;13;1143
1;2025-12-20;14;1073
1;2025-12-20;15;949
1;2025-12-20;16;855
1;2025-12-20;17;781
1;2025-12-20;18;721
1;2025-12-20;19;550
1;2025-12-20;20;402
1;2025-12-20;21;292
1;2025-12-20;22;105
1;2025-12-20;23;21
1;2025-12-21;0;2
1;2025-12-21;1;0
1;2025-12-21;2;0
1;2025-12-21;3;0
1;2025-12-21;4;0
1;2025-12-21;5;26
1;2025-12-21;6;135
1;2025-12-21;7;273
1;2025-12-21;8;380
1;2025-12-21;9;620
1;2025-12-21;10;693
1;2025-12-21;11;746
1;2025-12-21;12;837
1;2025-12-21;13;870
1;2025-12-21;14;812
1;2025-12-21;15;736
1;2025-12-21;16;693
1;2025-12-21;17;632
1;2025-12-21;18;502
1;2025-12-21;19;425
1;2025-12-21;20;328
1;2025-12-21;21;260
1;2025-12-21;22;100
1;2025-12-21;23;25
1;2025-12-22;0;1
1;2025-12-22;1;0
1;2025-12-22;2;0
1;2025-12-22;3;0
1;2025-12-22;4;8
1;2025-12-22;5;134
1;2025-12-22;6;516
1;2025-12-22;7;1493
1;2025-12-22;8;1950
1;2025-12-22;9;1493
1;2025-12-22;10;1275
1;2025-12-22;11;1268
1;2025-12-22;12;1345
1;2025-12-22;13;1414
1;2025-12-22;14;1421
1;2025-12-22;15;1531
1;2025-12-22;16;1599
1;2025-12-22;17;1841
1;2025-12-22;18;1903
1;2025-12-22;19;1360
1;2025-12-22;20;856
1;2025-12-22;21;444
1;2025-12-22;22;176
1;2025-12-22;23;37
1;2025-12-23;0;3
1;2025-12-23;1;0
1;2025-12-23;2;0
1;2025-12-23;3;0
1;2025-12-23;4;8
1;2025-12-23;5;130
1;2025-12-23;6;536
1;2025-12-23;7;1527
1;2025-12-23;8;2007
1;2025-12-23;9;1561
1;2025-12-23;10;1402
1;2025-12-23;11;1378
1;2025-12-23;12;1401
1;2025-12-23;13;1447
1;2025-12-23;14;1406
1;2025-12-23;15;1520
1;2025-12-23;16;1561
1;2025-12-23;17;1810
1;2025-12-23;18;1798
1;2025-12-23;19;1311
1;2025-12-23;20;851
1;2025-12-23;21;472
1;2025-12-23;22;207
1;2025-12-23;23;40
1;2025-12-24;0;3
1;2025-12-24;1;0
1;2025-12-24;2;0
1;2025-12-24;3;0
1;2025-12-24;4;8
1;2025-12-24;5;141
1;2025-12-24;6;544
1;2025-12-24;7;1532
1;2025-12-24;8;2010
1;2025-12-24;9;1568
1;2025-12-24;10;1408
1;2025-12-24;11;1411
1;2025-12-24;12;1433
1;2025-12-24;13;1468
1;2025-12-24;14;1418
1;2025-12-24;15;1526
1;2025-12-24;16;1569
1;2025-12-24;17;1815
1;2025-12-24;18;1797
1;2025-12-24;19;1311
1;2025-12-24;20;856
1;2025-12-24;21;473
1;2025-12-24;22;201
1;2025-12-24;23;41
1;2025-12-25;0;3
1;2025-12-25;1;0
1;2025-12-25;2;0
1;2025-12-25;3;0
1;2025-12-25;4;8
1;2025-12-25;5;128
1;2025-12-25;6;531
1;2025-12-25;7;1513
1;2025-12-25;8;1973
1;2025-12-25;9;1534
1;2025-12-25;10;1374
1;2025-12-25;11;1380
1;2025-12-25;12;1413
1;2025-12-25;13;1457
1;2025-12-25;14;1410
1;2025-12-25;15;1505
1;2025-12-25;16;1553
1;2025-12-25;17;1800
1;2025-12-25;18;1787
1;2025-12-25;19;1303
1;2025-12-25;20;845
1;2025-12-25;21;466
1;2025-12-25;22;199
1;2025-12-25;23;39
1;2025-12-26;0;2
1;2025-12-26;1;0
1;2025-12-26;2;0
1;2025-12-26;3;0
1;2025-12-26;4;6
1;2025-12-26;5;132
1;2025-12-26;6;519
1;2025-12-26;7;1493
1;2025-12-26;8;1868
1;2025-12-26;9;1473
1;2025-12-26;10;1357
1;2025-12-26;11;1402
1;2025-12-26;12;1406
1;2025-12-26;13;1439
1;2025-12-26;14;1420
1;2025-12-26;15;1560
1;2025-12-26;16;1621
1;2025-12-26;17;1763
1;2025-12-26;18;1510
1;2025-12-26;19;1223
1;2025-12-26;20;779
1;2025-12-26;21;463
1;2025-12-26;22;200
1;2025-12-26;23;49
1;2025-12-27;0;3
1;2025-12-27;1;0
1;2025-12-27;2;0
1;2025-12-27;3;0
1;2025-12-27;4;0
1;2025-12-27;5;33
1;2025-12-27;6;182
1;2025-12-27;7;362
1;2025-12-27;8;520
1;2025-12-27;9;773
1;2025-12-27;10;897
1;2025-12-27;11;923
1;2025-12-27;12;1068
1;2025-12-27;13;1142
1;2025-12-27;14;1073
1;2025-12-27;15;959
1;2025-12-27;16;855
1;2025-12-27;17;781
1;2025-12-27;18;666
1;2025-12-27;19;550
1;2025-12-27;20;409
1;2025-12-27;21;300
1;2025-12-27;22;110
1;2025-12-27;23;21
1;2025-12-28;0;2
1;2025-12-28;1;0
1;2025-12-28;2;0
1;2025-12-28;3;0
1;2025-12-28;4;0
1;2025-12-28;5;10
1;2025-12-28;6;104
1;2025-12-28;7;234
1;2025-12-28;8;331
1;2025-12-28;9;541
1;2025-12-28;10;610
1;2025-12-28;11;698
1;2025-12-28;12;807
1;2025-12-28;13;860
1;2025-12-28;14;803
1;2025-12-28;15;729
1;2025-12-28;16;688
1;2025-12-28;17;654
1;2025-12-28;18;529
1;2025-12-28;19;441
1;2025-12-28;20;331
1;2025-12-28;21;266
1;2025-12-28;22;112
1;2025-12-28;23;33
1;2025-12-29;0;1
1;2025-12-29;1;0
1;2025-12-29;2;0
1;2025-12-29;3;0
1;2025-12-29;4;8
1;2025-12-29;5;117
1;2025-12-29;6;468
1;2025-12-29;7;1363
1;2025-12-29;8;1779
1;2025-12-29;9;1367
1;2025-12-29;10;1159
1;2025-12-29;11;1154
1;2025-12-29;12;1233
1;2025-12-29;13;1291
1;2025-12-29;14;1299
1;2025-12-29;15;1402
1;2025-12-29;16;1461
1;2025-12-29;17;1704
1;2025-12-29;18;1756
1;2025-12-29;19;1259
1;2025-12-29;20;790
1;2025-12-29;21;412
1;2025-12-29;22;161
1;2025-12-29;23;30
1;2025-12-30;0;3
1;2025-12-30;1;0
1;2025-12-30;2;0
1;2025-12-30;3;0
1;2025-12-30;4;7
1;2025-12-30;5;119
1;2025-12-30;6;493
1;2025-12-30;7;1397
1;2025-12-30;8;1816
1;2025-12-30;9;1427
1;2025-12-30;10;1278
1;2025-12-30;11;1292
1;2025-12-30;12;1314
1;2025-12-30;13;1349
1;2025-12-30;14;1308
1;2025-12-30;15;1397
1;2025-12-30;16;1442
1;2025-12-30;17;1672
1;2025-12-30;18;1665
1;2025-12-30;19;1218
1;2025-12-30;20;792
1;2025-12-30;21;439
1;2025-12-30;22;196
1;2025-12-30;23;39
1;2025-12-31;0;1
1;2025-12-31;1;0
1;2025-12-31;2;0
1;2025-12-31;3;0
1;2025-12-31;4;0
1;2025-12-31;5;8
1;2025-12-31;6;81
1;2025-12-31;7;178
1;2025-12-31;8;263
1;2025-12-31;9;472
1;2025-12-31;10;521
1;2025-12-31;11;541
1;2025-12-31;12;589
1;2025-12-31;13;612
1;2025-12-31;14;622
1;2025-12-31;15;534
1;2025-12-31;16;493
1;2025-12-31;17;438
1;2025-12-31;18;340
1;2025-12-31;19;308
1;2025-12-31;20;0
1;2025-12-31;21;0
1;2025-12-31;22;0
1;2025-12-31;23;0
5;2025-11-01;0;0
5;2025-11-01;1;0
5;2025-11-01;2;0
5;2025-11-01;3;0
5;2025-11-01;4;0
5;2025-11-01;5;0
5;2025-11-01;6;0
5;2025-11-01;7;0
5;2025-11-01;8;0
5;2025-11-01;9;0
5;2025-11-01;10;0
5;2025-11-01;11;0
5;2025-11-01;12;0
5;2025-11-01;13;0
5;2025-11-01;14;0
5;2025-11-01;15;0
5;2025-11-01;16;0
5;2025-11-01;17;0
5;2025-11-01;18;0
5;2025-11-01;19;0
5;2025-11-01;20;0
5;2025-11-01;21;0
5;2025-11-01;22;0
5;2025-11-01;23;0
5;2025-11-02;0;0
5;2025-11-02;1;0
5;2025-11-02;2;0
5;2025-11-02;3;0
5;2025-11-02;4;0
5;2025-11-02;5;0
5;2025-11-02;6;0
5;2025-11-02;7;0
5;2025-11-02;8;0
5;2025-11-02;9;0
5;2025-11-02;10;0
5;2025-11-02;11;0
5;2025-11-02;12;0
5;2025-11-02;13;0
5;2025-11-02;14;0
5;2025-11-02;15;0
5;2025-11-02;16;0
5;2025-11-02;17;0
5;2025-11-02;18;0
5;2025-11-02;19;0
5;2025-11-02;20;0
5;2025-11-02;21;0
5;2025-11-02;22;0
5;2025-11-02;23;0
5;2025-11-03;0;0
5;2025-11-03;1;0
5;2025-11-03;2;0
5;2025-11-03;3;0
5;2025-11-03;4;0
5;2025-11-03;5;0
5;2025-11-03;6;0
5;2025-11-03;7;0
5;2025-11-03;8;0
5;2025-11-03;9;0
5;2025-11-03;10;0
5;2025-11-03;11;0
5;2025-11-03;12;0
5;2025-11-03;13;0
5;2025-11-03;14;0
5;2025-11-03;15;0
5;2025-11-03;16;0
5;2025-11-03;17;0
5;2025-11-03;18;0
5;2025-11-03;19;0
5;2025-11-03;20;0
5;2025-11-03;21;0
5;2025-11-03;22;0
5;2025-11-03;23;0
5;2025-11-04;0;0
5;2025-11-04;1;0
5;2025-11-04;2;0
5;2025-11-04;3;0
5;2025-11-04;4;0
5;2025-11-04;5;0
5;2025-11-04;6;0
5;2025-11-04;7;0
5;2025-11-04;8;0
5;2025-11-04;9;0
5;2025-11-04;10;0
5;2025-11-04;11;0
5;2025-11-04;12;0
5;2025-11-04;13;0
5;2025-11-04;14;0
5;2025-11-04;15;0
5;2025-11-04;16;0
5;2025-11-04;17;0
5;2025-11-04;18;0
5;2025-11-04;19;0
5;2025-11-04;20;0
5;2025-11-04;21;0
5;2025-11-04;22;0
5;2025-11-04;23;0
5;2025-11-05;0;0
5;2025-11-05;1;0
5;2025-11-05;2;0
5;2025-11-05;3;0
5;2025-11-05;4;0
5;2025-11-05;5;0
5;2025-11-05;6;0
5;2025-11-05;7;0
5;2025-11-05;8;0
5;2025-11-05;9;0
5;2025-11-05;10;0
5;2025-11-05;11;0
5;2025-11-05;12;0
5;2025-11-05;13;0
5;2025-11-05;14;0
5;2025-11-05;15;0
5;2025-11-05;16;0
5;2025-11-05;17;0
5;2025-11-05;18;0
5;2025-11-05;19;0
5;2025-11-05;20;0
5;2025-11-05;21;0
5;2025-11-05;22;0
5;2025-11-05;23;0
5;2025-11-06;0;0
5;2025-11-06;1;0
5;2025-11-06;2;0
5;2025-11-06;3;0
5;2025-11-06;4;0
5;2025-11-06;5;0
5;2025-11-06;6;0
5;2025-11-06;7;0
5;2025-11-06;8;0
5;2025-11-06;9;0
5;2025-11-06;10;0
5;2025-11-06;11;0
5;2025-11-06;12;0
5;2025-11-06;13;0
5;2025-11-06;14;0
5;2025-11-06;15;0
5;2025-11-06;16;0
5;2025-11-06;17;0
5;2025-11-06;18;0
5;2025-11-06;19;0
5;2025-11-06;20;0
5;2025-11-06;21;0
5;2025-11-06;22;0
5;2025-11-06;23;0
5;2025-11-07;0;0
5;2025-11-07;1;0
5;2025-11-07;2;0
5;2025-11-07;3;0
5;2025-11-07;4;0
5;2025-11-07;5;0
5;2025-11-07;6;0
5;2025-11-07;7;0
5;2025-11-07;8;0
5;2025-11-07;9;0
5;2025-11-07;10;0
5;2025-11-07;11;0
5;2025-11-07;12;0
5;2025-11-07;13;0
5;2025-11-07;14;0
5;2025-11-07;15;0
5;2025-11-07;16;0
5;2025-11-07;17;0
5;2025-11-07;18;0
5;2025-11-07;19;0
5;2025-11-07;20;0
5;2025-11-07;21;0
5;2025-11-07;22;0
5;2025-11-07;23;0
5;2025-11-08;0;0
5;2025-11-08;1;0
5;2025-11-08;2;0
5;2025-11-08;3;0
5;2025-11-08;4;0
5;2025-11-08;5;0
5;2025-11-08;6;0
5;2025-11-08;7;0
5;2025-11-08;8;0
5;2025-11-08;9;0
5;2025-11-08;10;0
5;2025-11-08;11;0
5;2025-11-08;12;0
5;2025-11-08;13;0
5;2025-11-08;14;0
5;2025-11-08;15;0
5;2025-11-08;16;0
5;2025-11-08;17;0
5;2025-11-08;18;0
5;2025-11-08;19;0
5;2025-11-08;20;0
5;2025-11-08;21;0
5;2025-11-08;22;0
5;2025-11-08;23;0
5;2025-11-09;0;0
5;2025-11-09;1;0
5;2025-11-09;2;0
5;2025-11-09;3;0
5;2025-11-09;4;0
5;2025-11-09;5;0
5;2025-11-09;6;0
5;2025-11-09;7;0
5;2025-11-09;8;0
5;2025-11-09;9;0
5;2025-11-09;10;0
5;2025-11-09;11;0
5;2025-11-09;12;0
5;2025-11-09;13;0
5;2025-11-09;14;0
5;2025-11-09;15;0
5;2025-11-09;16;0
5;2025-11-09;17;0
5;2025-11-09;18;0
5;2025-11-09;19;0
5;2025-11-09;20;0
5;2025-11-09;21;0
5;2025-11-09;22;0
5;2025-11-09;23;0
5;2025-11-10;0;0
5;2025-11-10;1;0
5;2025-11-10;2;0
5;2025-11-10;3;0
5;2025-11-10;4;0
5;2025-11-10;5;0
5;2025-11-10;6;0
5;2025-11-10;7;0
5;2025-11-10;8;0
5;2025-11-10;9;0
5;2025-11-10;10;0
5;2025-11-10;11;0
5;2025-11-10;12;0
5;2025-11-10;13;0
5;2025-11-10;14;0
5;2025-11-10;15;0
5;2025-11-10;16;0
5;2025-11-10;17;0
5;2025-11-10;18;0
5;2025-11-10;19;0
5;2025-11-10;20;0
5;2025-11-10;21;0
5;2025-11-10;22;0
5;2025-11-10;23;0
5;2025-11-11;0;0
5;2025-11-11;1;0
5;2025-11-11;2;0
5;2025-11-11;3;0
5;2025-11-11;4;0
5;2025-11-11;5;0
5;2025-11-11;6;0
5;2025-11-11;7;0
5;2025-11-11;8;0
5;2025-11-11;9;0
5;2025-11-11;10;0
5;2025-11-11;11;0
5;2025-11-11;12;0
5;2025-11-11;13;0
5;2025-11-11;14;0
5;2025-11-11;15;0
5;2025-11-11;16;0
5;2025-11-11;17;0
5;2025-11-11;18;0
5;2025-11-11;19;0
5;2025-11-11;20;0
5;2025-11-11;21;0
5;2025-11-11;22;0
5;2025-11-11;23;0
5;2025-11-12;0;0
5;2025-11-12;1;0
5;2025-11-12;2;0
5;2025-11-12;3;0
5;2025-11-12;4;0
5;2025-11-12;5;0
5;2025-11-12;6;0
5;2025-11-12;7;0
5;2025-11-12;8;0
5;2025-11-12;9;0
5;2025-11-12;10;0
5;2025-11-12;11;0
5;2025-11-12;12;0
5;2025-11-12;13;0
5;2025-11-12;14;0
5;2025-11-12;15;0
5;2025-11-12;16;0
5;2025-11-12;17;0
5;2025-11-12;18;0
5;2025-11-12;19;0
5;2025-11-12;20;0
5;2025-11-12;21;0
5;2025-11-12;22;0
5;2025-11-12;23;0
5;2025-11-13;0;0
5;2025-11-13;1;0
5;2025-11-13;2;0
5;2025-11-13;3;0
5;2025-11-13;4;0
5;2025-11-13;5;0
5;2025-11-13;6;0
5;2025-11-13;7;0
5;2025-11-13;8;0
5;2025-11-13;9;0
5;2025-11-13;10;0
5;2025-11-13;11;0
5;2025-11-13;12;0
5;2025-11-13;13;0
5;2025-11-13;14;0
5;2025-11-13;15;0
5;2025-11-13;16;0
5;2025-11-13;17;0
5;2025-11-13;18;0
5;2025-11-13;19;0
5;2025-11-13;20;0
5;2025-11-13;21;0
5;2025-11-13;22;0
5;2025-11-13;23;0
5;2025-11-14;0;0
5;2025-11-14;1;0
5;2025-11-14;2;0
5;2025-11-14;3;0
5;2025-11-14;4;0
5;2025-11-14;5;0
5;2025-11-14;6;0
5;2025-11-14;7;0
5;2025-11-14;8;0
5;2025-11-14;9;0
5;2025-11-14;10;0
5;2025-11-14;11;0
5;2025-11-14;12;0
5;2025-11-14;13;0
5;2025-11-14;14;0
5;2025-11-14;15;0
5;2025-11-14;16;0
5;2025-11-14;17;0
5;2025-11-14;18;0
5;2025-11-14;19;0
5;2025-11-14;20;0
5;2025-11-14;21;0
5;2025-11-14;22;0
5;2025-11-14;23;0
5;2025-11-15;0;0
5;2025-11-15;1;0
5;2025-11-15;2;0
5;2025-11-15;3;0
5;2025-11-15;4;0
5;2025-11-15;5;0
5;2025-11-15;6;0
5;2025-11-15;7;0
5;2025-11-15;8;0
5;2025-11-15;9;0
5;2025-11-15;10;0
5;2025-11-15;11;0
5;2025-11-15;12;0
5;2025-11-15;13;0
5;2025-11-15;14;0
5;2025-11-15;15;0
5;2025-11-15;16;0
5;2025-11-15;17;0
5;2025-11-15;18;0
5;2025-11-15;19;0
5;2025-11-15;20;0
5;2025-11-15;21;0
5;2025-11-15;22;0
5;2025-11-15;23;0
5;2025-11-16;0;0
5;2025-11-16;1;0
5;2025-11-16;2;0
5;2025-11-16;3;0
5;2025-11-16;4;0
5;2025-11-16;5;0
5;2025-11-16;6;0
5;2025-11-16;7;0
5;2025-11-16;8;0
5;2025-11-16;9;0
5;2025-11-16;10;0
5;2025-11-16;11;0
5;2025-11-16;12;0
5;2025-11-16;13;0
5;2025-11-16;14;0
5;2025-11-16;15;0
5;2025-11-16;16;0
5;2025-11-16;17;0
5;2025-11-16;18;0
5;2025-11-16;19;0
5;2025-11-16;20;0
5;2025-11-16;21;0
5;2025-11-16;22;0
5;2025-11-16;23;0
5;2025-11-17;0;0
5;2025-11-17;1;0
5;2025-11-17;2;0
5;2025-11-17;3;0
5;2025-11-17;4;0
5;2025-11-17;5;0
5;2025-11-17;6;0
5;2025-11-17;7;0
5;2025-11-17;8;0
5;2025-11-17;9;0
5;2025-11-17;10;0
5;2025-11-17;11;0
5;2025-11-17;12;0
5;2025-11-17;13;0
5;2025-11-17;14;0
5;2025-11-17;15;0
5;2025-11-17;16;0
5;2025-11-17;17;0
5;2025-11-17;18;0
5;2025-11-17;19;0
5;2025-11-17;20;0
5;2025-11-17;21;0
5;2025-11-17;22;0
5;2025-11-17;23;0
5;2025-11-18;0;0
5;2025-11-18;1;0
5;2025-11-18;2;0
5;2025-11-18;3;0
5;2025-11-18;4;0
5;2025-11-18;5;0
5;2025-11-18;6;0
5;2025-11-18;7;0
5;2025-11-18;8;0
5;2025-11-18;9;0
5;2025-11-18;10;0
5;2025-11-18;11;0
5;2025-11-18;12;0
5;2025-11-18;13;0
5;2025-11-18;14;0
5;2025-11-18;15;0
5;2025-11-18;16;0
5;2025-11-18;17;0
5;2025-11-18;18;0
5;2025-11-18;19;0
5;2025-11-18;20;0
5;2025-11-18;21;0
5;2025-11-18;22;0
5;2025-11-18;23;0
5;2025-11-19;0;0
5;2025-11-19;1;0
5;2025-11-19;2;0
5;2025-11-19;3;0
5;2025-11-19;4;0
5;2025-11-19;5;0
5;2025-11-19;6;0
5;2025-11-19;7;0
5;2025-11-19;8;0
5;2025-11-19;9;0
5;2025-11-19;10;0
5;2025-11-19;11;0
5;2025-11-19;12;0
5;2025-11-19;13;0
5;2025-11-19;14;0
5;2025-11-19;15;0
5;2025-11-19;16;0
5;2025-11-19;17;0
5;2025-11-19;18;0
5;2025-11-19;19;0
5;2025-11-19;20;0
5;2025-11-19;21;0
5;2025-11-19;22;0
5;2025-11-19;23;0
5;2025-11-20;0;0
5;2025-11-20;1;0
5;2025-11-20;2;0
5;2025-11-20;3;0
5;2025-11-20;4;0
5;2025-11-20;5;0
5;2025-11-20;6;0
5;2025-11-20;7;0
5;2025-11-20;8;0
5;2025-11-20;9;0
5;2025-11-20;10;0
5;2025-11-20;11;0
5;2025-11-20;12;0
5;2025-11-20;13;0
5;2025-11-20;14;0
5;2025-11-20;15;0
5;2025-11-20;16;0
5;2025-11-20;17;0
5;2025-11-20;18;0
5;2025-11-20;19;0
5;2025-11-20;20;0
5;2025-11-20;21;0
5;2025-11-20;22;0
5;2025-11-20;23;0
5;2025-11-21;0;0
5;2025-11-21;1;0
5;2025-11-21;2;0
5;2025-11-21;3;0
5;2025-11-21;4;0
5;2025-11-21;5;0
5;2025-11-21;6;0
5;2025-11-21;7;0
5;2025-11-21;8;0
5;2025-11-21;9;0
5;2025-11-21;10;0
5;2025-11-21;11;0
5;2025-11-21;12;0
5;2025-11-21;13;0
5;2025-11-21;14;0
5;2025-11-21;15;0
5;2025-11-21;16;0
5;2025-11-21;17;0
5;2025-11-21;18;0
5;2025-11-21;19;0
5;2025-11-21;20;0
5;2025-11-21;21;0
5;2025-11-21;22;0
5;2025-11-21;23;0
5;2025-11-22;0;0
5;2025-11-22;1;0
5;2025-11-22;2;0
5;2025-11-22;3;0
5;2025-11-22;4;0
5;2025-11-22;5;0
5;2025-11-22;6;0
5;2025-11-22;7;0
5;2025-11-22;8;0
5;2025-11-22;9;0
5;2025-11-22;10;0
5;2025-11-22;11;0
5;2025-11-22;12;0
5;2025-11-22;13;0
5;2025-11-22;14;0
5;2025-11-22;15;0
5;2025-11-22;16;0
5;2025-11-22;17;0
5;2025-11-22;18;0
5;2025-11-22;19;0
5;2025-11-22;20;0
5;2025-11-22;21;0
5;2025-11-22;22;0
5;2025-11-22;23;0
5;2025-11-23;0;0
5;2025-11-23;1;0
5;2025-11-23;2;0
5;2025-11-23;3;0
5;2025-11-23;4;0
5;2025-11-23;5;0
5;2025-11-23;6;0
5;2025-11-23;7;0
5;2025-11-23;8;0
5;2025-11-23;9;0
5;2025-11-23;10;0
5;2025-11-23;11;0
5;2025-11-23;12;0
5;2025-11-23;13;0
5;2025-11-23;14;0
5;2025-11-23;15;0
5;2025-11-23;16;0
5;2025-11-23;17;0
5;2025-11-23;18;0
5;2025-11-23;19;0
5;2025-11-23;20;0
5;2025-11-23;21;0
5;2025-11-23;22;0
5;2025-11-23;23;0
5;2025-11-24;0;0
5;2025-11-24;1;0
5;2025-11-24;2;0
5;2025-11-24;3;0
5;2025-11-24;4;0
5;2025-11-24;5;0
5;2025-11-24;6;0
5;2025-11-24;7;0
5;2025-11-24;8;0
5;2025-11-24;9;0
5;2025-11-24;10;0
5;2025-11-24;11;0
5;2025-11-24;12;0
5;2025-11-24;13;0
5;2025-11-24;14;0
5;2025-11-24;15;0
5;2025-11-24;16;0
5;2025-11-24;17;0
5;2025-11-24;18;0
5;2025-11-24;19;0
5;2025-11-24;20;0
5;2025-11-24;21;0
5;2025-11-24;22;0
5;2025-11-24;23;0
5;2025-11-25;0;0
5;2025-11-25;1;0
5;2025-11-25;2;0
5;2025-11-25;3;0
5;2025-11-25;4;0
5;2025-11-25;5;0
5;2025-11-25;6;0
5;2025-11-25;7;0
5;2025-11-25;8;0
5;2025-11-25;9;0
5;2025-11-25;10;0
5;2025-11-25;11;0
5;2025-11-25;12;0
5;2025-11-25;13;0
5;2025-11-25;14;0
5;2025-11-25;15;0
5;2025-11-25;16;0
5;2025-11-25;17;0
5;2025-11-25;18;0
5;2025-11-25;19;0
5;2025-11-25;20;0
5;2025-11-25;21;0
5;2025-11-25;22;0
5;2025-11-25;23;0
5;2025-11-26;0;0
5;2025-11-26;1;0
5;2025-11-26;2;0
5;2025-11-26;3;0
5;2025-11-26;4;0
5;2025-11-26;5;0
5;2025-11-26;6;0
5;2025-11-26;7;0
5;2025-11-26;8;0
5;2025-11-26;9;0
5;2025-11-26;10;0
5;2025-11-26;11;0
5;2025-11-26;12;0
5;2025-11-26;13;0
5;2025-11-26;14;0
5;2025-11-26;15;0
5;2025-11-26;16;0
5;2025-11-26;17;0
5;2025-11-26;18;0
5;2025-11-26;19;0
5;2025-11-26;20;0
5;2025-11-26;21;0
5;2025-11-26;22;0
5;2025-11-26;23;0
5;2025-11-27;0;0
5;2025-11-27;1;0
5;2025-11-27;2;0
5;2025-11-27;3;0
5;2025-11-27;4;0
5;2025-11-27;5;0
5;2025-11-27;6;0
5;2025-11-27;7;0
5;2025-11-27;8;0
5;2025-11-27;9;0
5;2025-11-27;10;0
5;2025-11-27;11;0
5;2025-11-27;12;0
5;2025-11-27;13;0
5;2025-11-27;14;0
5;2025-11-27;15;0
5;2025-11-27;16;0
5;2025-11-27;17;0
5;2025-11-27;18;0
5;2025-11-27;19;0
5;2025-11-27;20;0
5;2025-11-27;21;0
5;2025-11-27;22;0
5;2025-11-27;23;0
5;2025-11-28;0;0
5;2025-11-28;1;0
5;2025-11-28;2;0
5;2025-11-28;3;0
5;2025-11-28;4;0
5;2025-11-28;5;0
5;2025-11-28;6;0
5;2025-11-28;7;0
5;2025-11-28;8;0
5;2025-11-28;9;0
5;2025-11-28;10;0
5;2025-11-28;11;0
5;2025-11-28;12;0
5;2025-11-28;13;0
5;2025-11-28;14;0
5;2025-11-28;15;0
5;2025-11-28;16;0
5;2025-11-28;17;0
5;2025-11-28;18;0
5;2025-11-28;19;0
5;2025-11-28;20;0
5;2025-11-28;21;0
5;2025-11-28;22;0
5;2025-11-28;23;0
5;2025-11-29;0;0
5;2025-11-29;1;0
5;2025-11-29;2;0
5;2025-11-29;3;0
5;2025-11-29;4;0
5;2025-11-29;5;0
5;2025-11-29;6;0
5;2025-11-29;7;0
5;2025-11-29;8;0
5;2025-11-29;9;0
5;2025-11-29;10;0
5;2025-11-29;11;0
5;2025-11-29;12;0
5;2025-11-29;13;0
5;2025-11-29;14;0
5;2025-11-29;15;0
5;2025-11-29;16;0
5;2025-11-29;17;0
5;2025-11-29;18;0
5;2025-11-29;19;0
5;2025-11-29;20;0
5;2025-11-29;21;0
5;2025-11-29;22;0
5;2025-11-29;23;0
5;2025-11-30;0;0
5;2025-11-30;1;0
5;2025-11-30;2;0
5;2025-11-30;3;0
5;2025-11-30;4;0
5;2025-11-30;5;0
5;2025-11-30;6;0
5;2025-11-30;7;0
5;2025-11-30;8;0
5;2025-11-30;9;0
5;2025-11-30;10;0
5;2025-11-30;11;0
5;2025-11-30;12;0
5;2025-11-30;13;0
5;2025-11-30;14;0
5;2025-11-30;15;0
5;2025-11-30;16;0
5;2025-11-30;17;0
5;2025-11-30;18;0
5;2025-11-30;19;0
5;2025-11-30;20;0
5;2025-11-30;21;0
5;2025-11-30;22;0
5;2025-11-30;23;0
5;2025-12-01;0;0
5;2025-12-01;1;0
5;2025-12-01;2;0
5;2025-12-01;3;0
5;2025-12-01;4;0
5;2025-12-01;5;0
5;2025-12-01;6;0
5;2025-12-01;7;0
5;2025-12-01;8;0
5;2025-12-01;9;0
5;2025-12-01;10;0
5;2025-12-01;11;0
5;2025-12-01;12;0
5;2025-12-01;13;0
5;2025-12-01;14;0
5;2025-12-01;15;0
5;2025-12-01;16;0
5;2025-12-01;17;0
5;2025-12-01;18;0
5;2025-12-01;19;0
5;2025-12-01;20;0
5;2025-12-01;21;0
5;2025-12-01;22;0
5;2025-12-01;23;0
5;2025-12-02;0;0
5;2025-12-02;1;0
5;2025-12-02;2;0
5;2025-12-02;3;0
5;2025-12-02;4;0
5;2025-12-02;5;0
5;2025-12-02;6;0
5;2025-12-02;7;0
5;2025-12-02;8;0
5;2025-12-02;9;0
5;2025-12-02;10;0
5;2025-12-02;11;0
5;2025-12-02;12;0
5;2025-12-02;13;0
5;2025-12-02;14;0
5;2025-12-02;15;0
5;2025-12-02;16;0
5;2025-12-02;17;0
5;2025-12-02;18;0
5;2025-12-02;19;0
5;2025-12-02;20;0
5;2025-12-02;21;0
5;2025-12-02;22;0
5;2025-12-02;23;0
5;2025-12-03;0;0
5;2025-12-03;1;0
5;2025-12-03;2;0
5;2025-12-03;3;0
5;2025-12-03;4;0
5;2025-12-03;5;0
5;2025-12-03;6;0
5;2025-12-03;7;0
5;2025-12-03;8;0
5;2025-12-03;9;0
5;2025-12-03;10;0
5;2025-12-03;11;0
5;2025-12-03;12;0
5;2025-12-03;13;0
5;2025-12-03;14;0
5;2025-12-03;15;0
5;2025-12-03;16;0
5;2025-12-03;17;0
5;2025-12-03;18;0
5;2025-12-03;19;0
5;2025-12-03;20;0
5;2025-12-03;21;0
5;2025-12-03;22;0
5;2025-12-03;23;0
5;2025-12-04;0;0
5;2025-12-04;1;0
5;2025-12-04;2;0
5;2025-12-04;3;0
5;2025-12-04;4;0
5;2025-12-04;5;0
5;2025-12-04;6;0
5;2025-12-04;7;0
5;2025-12-04;8;0
5;2025-12-04;9;0
5;2025-12-04;10;0
5;2025-12-04;11;0
5;2025-12-04;12;0
5;2025-12-04;13;0
5;2025-12-04;14;0
5;2025-12-04;15;0
5;2025-12-04;16;0
5;2025-12-04;17;0
5;2025-12-04;18;0
5;2025-12-04;19;0
5;2025-12-04;20;0
5;2025-12-04;21;0
5;2025-12-04;22;0
5;2025-12-04;23;0
5;2025-12-05;0;0
5;2025-12-05;1;0
5;2025-12-05;2;0
5;2025-12-05;3;0
5;2025-12-05;4;0
5;2025-12-05;5;0
5;2025-12-05;6;0
5;2025-12-05;7;0
5;2025-12-05;8;0
5;2025-12-05;9;0
5;2025-12-05;10;0
5;2025-12-05;11;0
5;2025-12-05;12;0
5;2025-12-05;13;0
5;2025-12-05;14;0
5;2025-12-05;15;0
5;2025-12-05;16;0
5;2025-12-05;17;0
5;2025-12-05;18;0
5;2025-12-05;19;0
5;2025-12-05;20;0
5;2025-12-05;21;0
5;2025-12-05;22;0
5;2025-12-05;23;0
5;2025-12-06;0;0
5;2025-12-06;1;0
5;2025-12-06;2;0
5;2025-12-06;3;0
5;2025-12-06;4;0
5;2025-12-06;5;0
5;2025-12-06;6;0
5;2025-12-06;7;0
5;2025-12-06;8;0
5;2025-12-06;9;0
5;2025-12-06;10;0
5;2025-12-06;11;0
5;2025-12-06;12;0
5;2025-12-06;13;0
5;2025-12-06;14;0
5;2025-12-06;15;0
5;2025-12-06;16;0
5;2025-12-06;17;0
5;2025-12-06;18;0
5;2025-12-06;19;0
5;2025-12-06;20;0
5;2025-12-06;21;0
5;2025-12-06;22;0
5;2025-12-06;23;0
5;2025-12-07;0;0
5;2025-12-07;1;0
5;2025-12-07;2;0
5;2025-12-07;3;0
5;2025-12-07;4;0
5;2025-12-07;5;0
5;2025-12-07;6;0
5;2025-12-07;7;0
5;2025-12-07;8;0
5;2025-12-07;9;0
5;2025-12-07;10;0
5;2025-12-07;11;0
5;2025-12-07;12;0
5;2025-12-07;13;0
5;2025-12-07;14;0
5;2025-12-07;15;0
5;2025-12-07;16;0
5;2025-12-07;17;0
5;2025-12-07;18;0
5;2025-12-07;19;0
5;2025-12-07;20;0
5;2025-12-07;21;0
5;2025-12-07;22;0
5;2025-12-07;23;0
5;2025-12-08;0;0
5;2025-12-08;1;0
5;2025-12-08;2;0
5;2025-12-08;3;0
5;2025-12-08;4;0
5;2025-12-08;5;0
5;2025-12-08;6;0
5;2025-12-08;7;0
5;2025-12-08;8;0
5;2025-12-08;9;0
5;2025-12-08;10;0
5;2025-12-08;11;0
5;2025-12-08;12;0
5;2025-12-08;13;0
5;2025-12-08;14;0
5;2025-12-08;15;0
5;2025-12-08;16;0
5;2025-12-08;17;0
5;2025-12-08;18;0
5;2025-12-08;19;0
5;2025-12-08;20;0
5;2025-12-08;21;0
5;2025-12-08;22;0
5;2025-12-08;23;0
5;2025-12-09;0;0
5;2025-12-09;1;0
5;2025-12-09;2;0
5;2025-12-09;3;0
5;2025-12-09;4;0
5;2025-12-09;5;0
5;2025-12-09;6;0
5;2025-12-09;7;0
5;2025-12-09;8;0
5;2025-12-09;9;0
5;2025-12-09;10;0
5;2025-12-09;11;0
5;2025-12-09;12;0
5;2025-12-09;13;0
5;2025-12-09;14;0
5;2025-12-09;15;0
5;2025-12-09;16;0
5;2025-12-09;17;0
5;2025-12-09;18;0
5;2025-12-09;19;0
5;2025-12-09;20;0
5;2025-12-09;21;0
5;2025-12-09;22;0
5;2025-12-09;23;0
5;2025-12-10;0;0
5;2025-12-10;1;0
5;2025-12-10;2;0
5;2025-12-10;3;0
5;2025-12-10;4;0
5;2025-12-10;5;0
5;2025-12-10;6;0
5;2025-12-10;7;0
5;2025-12-10;8;0
5;2025-12-10;9;0
5;2025-12-10;10;0
5;2025-12-10;11;0
5;2025-12-10;12;0
5;2025-12-10;13;0
5;2025-12-10;14;0
5;2025-12-10;15;0
5;2025-12-10;16;0
5;2025-12-10;17;0
5;2025-12-10;18;0
5;2025-12-10;19;0
5;2025-12-10;20;0
5;2025-12-10;21;0
5;2025-12-10;22;0
5;2025-12-10;23;0
5;2025-12-11;0;0
5;2025-12-11;1;0
5;2025-12-11;2;0
5;2025-12-11;3;0
5;2025-12-11;4;0
5;2025-12-11;5;0
5;2025-12-11;6;0
5;2025-12-11;7;0
5;2025-12-11;8;0
5;2025-12-11;9;0
5;2025-12-11;10;0
5;2025-12-11;11;0
5;2025-12-11;12;0
5;2025-12-11;13;0
5;2025-12-11;14;0
5;2025-12-11;15;0
5;2025-12-11;16;0
5;2025-12-11;17;0
5;2025-12-11;18;0
5;2025-12-11;19;0
5;2025-12-11;20;0
5;2025-12-11;21;0
5;2025-12-11;22;0
5;2025-12-11;23;0
5;2025-12-12;0;0
5;2025-12-12;1;0
5;2025-12-12;2;0
5;2025-12-12;3;0
5;2025-12-12;4;0
5;2025-12-12;5;0
5;2025-12-12;6;0
5;2025-12-12;7;0
5;2025-12-12;8;0
5;2025-12-12;9;0
5;2025-12-12;10;0
5;2025-12-12;11;0
5;2025-12-12;12;0
5;2025-12-12;13;0
5;2025-12-12;14;0
5;2025-12-12;15;0
5;2025-12-12;16;0
5;2025-12-12;17;0
5;2025-12-12;18;0
5;2025-12-12;19;0
5;2025-12-12;20;0
5;2025-12-12;21;0
5;2025-12-12;22;0
5;2025-12-12;23;0
5;2025-12-13;0;0
5;2025-12-13;1;0
5;2025-12-13;2;0
5;2025-12-13;3;0
5;2025-12-13;4;0
5;2025-12-13;5;0
5;2025-12-13;6;0
5;2025-12-13;7;0
5;2025-12-13;8;0
5;2025-12-13;9;0
5;2025-12-13;10;0
5;2025-12-13;11;0
5;2025-12-13;12;0
5;2025-12-13;13;0
5;2025-12-13;14;0
5;2025-12-13;15;0
5;2025-12-13;16;0
5;2025-12-13;17;0
5;2025-12-13;18;0
5;2025-12-13;19;0
5;2025-12-13;20;0
5;2025-12-13;21;0
5;2025-12-13;22;0
5;2025-12-13;23;0
5;2025-12-14;0;0
5;2025-12-14;1;0
5;2025-12-14;2;0
5;2025-12-14;3;0
5;2025-12-14;4;0
5;2025-12-14;5;0
5;2025-12-14;6;0
5;2025-12-14;7;0
5;2025-12-14;8;0
5;2025-12-14;9;0
5;2025-12-14;10;0
5;2025-12-14;11;0
5;2025-12-14;12;0
5;2025-12-14;13;0
5;2025-12-14;14;0
5;2025-12-14;15;0
5;2025-12-14;16;0
5;2025-12-14;17;0
5;2025-12-14;18;0
5;2025-12-14;19;0
5;2025-12-14;20;0
5;2025-12-14;21;0
5;2025-12-14;22;0
5;2025-12-14;23;0
5;2025-12-15;0;0
5;2025-12-15;1;0
5;2025-12-15;2;0
5;2025-12-15;3;0
5;2025-12-15;4;0
5;2025-12-15;5;0
5;2025-12-15;6;0
5;2025-12-15;7;0
5;2025-12-15;8;0
5;2025-12-15;9;0
5;2025-12-15;10;0
5;2025-12-15;11;0
5;2025-12-15;12;0
5;2025-12-15;13;0
5;2025-12-15;14;0
5;2025-12-15;15;0
5;2025-12-15;16;0
5;2025-12-15;17;0
5;2025-12-15;18;0
5;2025-12-15;19;0
5;2025-12-15;20;0
5;2025-12-15;21;0
5;2025-12-15;22;0
5;2025-12-15;23;0
5;2025-12-16;0;9
5;2025-12-16;1;1
5;2025-12-16;2;0
5;2025-12-16;3;0
5;2025-12-16;4;1
5;2025-12-16;5;44
5;2025-12-16;6;218
5;2025-12-16;7;566
5;2025-12-16;8;880
5;2025-12-16;9;604
5;2025-12-16;10;498
5;2025-12-16;11;480
5;2025-12-16;12;499
5;2025-12-16;13;509
5;2025-12-16;14;518
5;2025-12-16;15;550
5;2025-12-16;16;616
5;2025-12-16;17;742
5;2025-12-16;18;735
5;2025-12-16;19;493
5;2025-12-16;20;310
5;2025-12-16;21;197
5;2025-12-16;22;79
5;2025-12-16;23;38
5;2025-12-17;0;9
5;2025-12-17;1;1
5;2025-12-17;2;0
5;2025-12-17;3;0
5;2025-12-17;4;1
5;2025-12-17;5;44
5;2025-12-17;6;218
5;2025-12-17;7;566
5;2025-12-17;8;880
5;2025-12-17;9;604
5;2025-12-17;10;498
5;2025-12-17;11;480
5;2025-12-17;12;499
5;2025-12-17;13;509
5;2025-12-17;14;518
5;2025-12-17;15;550
5;2025-12-17;16;616
5;2025-12-17;17;742
5;2025-12-17;18;735
5;2025-12-17;19;493
5;2025-12-17;20;310
5;2025-12-17;21;197
5;2025-12-17;22;79
5;2025-12-17;23;38
5;2025-12-18;0;9
5;2025-12-18;1;1
5;2025-12-18;2;0
5;2025-12-18;3;0
5;2025-12-18;4;1
5;2025-12-18;5;44
5;2025-12-18;6;218
5;2025-12-18;7;566
5;2025-12-18;8;880
5;2025-12-18;9;604
5;2025-12-18;10;498
5;2025-12-18;11;480
5;2025-12-18;12;499
5;2025-12-18;13;509
5;2025-12-18;14;518
5;2025-12-18;15;550
5;2025-12-18;16;616
5;2025-12-18;17;742
5;2025-12-18;18;735
5;2025-12-18;19;493
5;2025-12-18;20;310
5;2025-12-18;21;197
5;2025-12-18;22;79
5;2025-12-18;23;38
5;2025-12-19;0;11
5;2025-12-19;1;1
5;2025-12-19;2;0
5;2025-12-19;3;0
5;2025-12-19;4;1
5;2025-12-19;5;45
5;2025-12-19;6;226
5;2025-12-19;7;579
5;2025-12-19;8;873
5;2025-12-19;9;594
5;2025-12-19;10;492
5;2025-12-19;11;485
5;2025-12-19;12;509
5;2025-12-19;13;528
5;2025-12-19;14;529
5;2025-12-19;15;590
5;2025-12-19;16;713
5;2025-12-19;17;747
5;2025-12-19;18;596
5;2025-12-19;19;442
5;2025-12-19;20;291
5;2025-12-19;21;199
5;2025-12-19;22;84
5;2025-12-19;23;51
5;2025-12-20;0;166
5;2025-12-20;1;18
5;2025-12-20;2;0
5;2025-12-20;3;0
5;2025-12-20;4;0
5;2025-12-20;5;29
5;2025-12-20;6;128
5;2025-12-20;7;192
5;2025-12-20;8;315
5;2025-12-20;9;399
5;2025-12-20;10;422
5;2025-12-20;11;476
5;2025-12-20;12;597
5;2025-12-20;13;587
5;2025-12-20;14;596
5;2025-12-20;15;636
5;2025-12-20;16;573
5;2025-12-20;17;536
5;2025-12-20;18;423
5;2025-12-20;19;325
5;2025-12-20;20;241
5;2025-12-20;21;173
5;2025-12-20;22;97
5;2025-12-20;23;53
5;2025-12-21;0;25
5;2025-12-21;1;4
5;2025-12-21;2;0
5;2025-12-21;3;0
5;2025-12-21;4;0
5;2025-12-21;5;22
5;2025-12-21;6;103
5;2025-12-21;7;163
5;2025-12-21;8;252
5;2025-12-21;9;338
5;2025-12-21;10;395
5;2025-12-21;11;486
5;2025-12-21;12;510
5;2025-12-21;13;571
5;2025-12-21;14;637
5;2025-12-21;15;631
5;2025-12-21;16;591
5;2025-12-21;17;660
5;2025-12-21;18;502
5;2025-12-21;19;384
5;2025-12-21;20;299
5;2025-12-21;21;216
5;2025-12-21;22;136
5;2025-12-21;23;60
5;2025-12-22;0;10
5;2025-12-22;1;1
5;2025-12-22;2;0
5;2025-12-22;3;0
5;2025-12-22;4;1
5;2025-12-22;5;45
5;2025-12-22;6;224
5;2025-12-22;7;571
5;2025-12-22;8;917
5;2025-12-22;9;625
5;2025-12-22;10;487
5;2025-12-22;11;462
5;2025-12-22;12;481
5;2025-12-22;13;515
5;2025-12-22;14;513
5;2025-12-22;15;547
5;2025-12-22;16;631
5;2025-12-22;17;739
5;2025-12-22;18;743
5;2025-12-22;19;480
5;2025-12-22;20;299
5;2025-12-22;21;188
5;2025-12-22;22;74
5;2025-12-22;23;33
5;2025-12-23;0;9
5;2025-12-23;1;1
5;2025-12-23;2;0
5;2025-12-23;3;0
5;2025-12-23;4;1
5;2025-12-23;5;44
5;2025-12-23;6;218
5;2025-12-23;7;566
5;2025-12-23;8;880
5;2025-12-23;9;604
5;2025-12-23;10;498
5;2025-12-23;11;480
5;2025-12-23;12;499
5;2025-12-23;13;509
5;2025-12-23;14;518
5;2025-12-23;15;550
5;2025-12-23;16;616
5;2025-12-23;17;742
5;2025-12-23;18;735
5;2025-12-23;19;493
5;2025-12-23;20;310
5;2025-12-23;21;197
5;2025-12-23;22;79
5;2025-12-23;23;38
5;2025-12-24;0;9
5;2025-12-24;1;1
5;2025-12-24;2;0
5;2025-12-24;3;0
5;2025-12-24;4;1
5;2025-12-24;5;44
5;2025-12-24;6;218
5;2025-12-24;7;566
5;2025-12-24;8;880
5;2025-12-24;9;604
5;2025-12-24;10;498
5;2025-12-24;11;480
5;2025-12-24;12;499
5;2025-12-24;13;509
5;2025-12-24;14;518
5;2025-12-24;15;550
5;2025-12-24;16;616
5;2025-12-24;17;742
5;2025-12-24;18;735
5;2025-12-24;19;493
5;2025-12-24;20;310
5;2025-12-24;21;197
5;2025-12-24;22;79
5;2025-12-24;23;38
5;2025-12-25;0;9
5;2025-12-25;1;1
5;2025-12-25;2;0
5;2025-12-25;3;0
5;2025-12-25;4;1
5;2025-12-25;5;44
5;2025-12-25;6;218
5;2025-12-25;7;566
5;2025-12-25;8;880
5;2025-12-25;9;604
5;2025-12-25;10;498
5;2025-12-25;11;480
5;2025-12-25;12;499
5;2025-12-25;13;509
5;2025-12-25;14;518
5;2025-12-25;15;550
5;2025-12-25;16;616
5;2025-12-25;17;742
5;2025-12-25;18;735
5;2025-12-25;19;493
5;2025-12-25;20;310
5;2025-12-25;21;197
5;2025-12-25;22;79
5;2025-12-25;23;38
5;2025-12-26;0;11
5;2025-12-26;1;1
5;2025-12-26;2;0
5;2025-12-26;3;0
5;2025-12-26;4;1
5;2025-12-26;5;45
5;2025-12-26;6;226
5;2025-12-26;7;579
5;2025-12-26;8;873
5;2025-12-26;9;594
5;2025-12-26;10;492
5;2025-12-26;11;485
5;2025-12-26;12;509
5;2025-12-26;13;528
5;2025-12-26;14;529
5;2025-12-26;15;590
5;2025-12-26;16;713
5;2025-12-26;17;747
5;2025-12-26;18;596
5;2025-12-26;19;442
5;2025-12-26;20;291
5;2025-12-26;21;199
5;2025-12-26;22;84
5;2025-12-26;23;51
5;2025-12-27;0;166
5;2025-12-27;1;18
5;2025-12-27;2;0
5;2025-12-27;3;0
5;2025-12-27;4;0
5;2025-12-27;5;29
5;2025-12-27;6;128
5;2025-12-27;7;192
5;2025-12-27;8;315
5;2025-12-27;9;399
5;2025-12-27;10;422
5;2025-12-27;11;476
5;2025-12-27;12;597
5;2025-12-27;13;587
5;2025-12-27;14;596
5;2025-12-27;15;636
5;2025-12-27;16;573
5;2025-12-27;17;536
5;2025-12-27;18;423
5;2025-12-27;19;325
5;2025-12-27;20;241
5;2025-12-27;21;173
5;2025-12-27;22;97
5;2025-12-27;23;53
5;2025-12-28;0;25
5;2025-12-28;1;4
5;2025-12-28;2;0
5;2025-12-28;3;0
5;2025-12-28;4;0
5;2025-12-28;5;22
5;2025-12-28;6;103
5;2025-12-28;7;163
5;2025-12-28;8;252
5;2025-12-28;9;338
5;2025-12-28;10;395
5;2025-12-28;11;486
5;2025-12-28;12;510
5;2025-12-28;13;571
5;2025-12-28;14;637
5;2025-12-28;15;631
5;2025-12-28;16;591
5;2025-12-28;17;660
5;2025-12-28;18;502
5;2025-12-28;19;384
5;2025-12-28;20;299
5;2025-12-28;21;216
5;2025-12-28;22;136
5;2025-12-28;23;60
5;2025-12-29;0;10
5;2025-12-29;1;1
5;2025-12-29;2;0
5;2025-12-29;3;0
5;2025-12-29;4;1
5;2025-12-29;5;45
5;2025-12-29;6;224
5;2025-12-29;7;571
5;2025-12-29;8;917
5;2025-12-29;9;625
5;2025-12-29;10;487
5;2025-12-29;11;462
5;2025-12-29;12;481
5;2025-12-29;13;515
5;2025-12-29;14;513
5;2025-12-29;15;547
5;2025-12-29;16;631
5;2025-12-29;17;739
5;2025-12-29;18;743
5;2025-12-29;19;480
5;2025-12-29;20;299
5;2025-12-29;21;188
5;2025-12-29;22;74
5;2025-12-29;23;33
5;2025-12-30;0;9
5;2025-12-30;1;1
5;2025-12-30;2;0
5;2025-12-30;3;0
5;2025-12-30;4;1
5;2025-12-30;5;44
5;2025-12-30;6;218
5;2025-12-30;7;566
5;2025-12-30;8;880
5;2025-12-30;9;604
5;2025-12-30;10;498
5;2025-12-30;11;480
5;2025-12-30;12;499
5;2025-12-30;13;509
5;2025-12-30;14;518
5;2025-12-30;15;550
5;2025-12-30;16;616
5;2025-12-30;17;742
5;2025-12-30;18;735
5;2025-12-30;19;493
5;2025-12-30;20;310
5;2025-12-30;21;197
5;2025-12-30;22;79
5;2025-12-30;23;38
5;2025-12-31;0;25
5;2025-12-31;1;4
5;2025-12-31;2;0
5;2025-12-31;3;0
5;2025-12-31;4;0
5;2025-12-31;5;22
5;2025-12-31;6;103
5;2025-12-31;7;163
5;2025-12-31;8;252
5;2025-12-31;9;338
5;2025-12-31;10;395
5;2025-12-31;11;486
5;2025-12-31;12;510
5;2025-12-31;13;571
5;2025-12-31;14;637
5;2025-12-31;15;631
5;2025-12-31;16;591
5;2025-12-31;17;660
5;2025-12-31;18;502
5;2025-12-31;19;384
5;2025-12-31;20;0
5;2025-12-31;21;0
5;2025-12-31;22;0
5;2025-12-31;23;0
7;2025-11-01;0;58
7;2025-11-01;1;13
7;2025-11-01;2;0
7;2025-11-01;3;0
7;2025-11-01;4;1
7;2025-11-01;5;145
7;2025-11-01;6;532
7;2025-11-01;7;1362
7;2025-11-01;8;2089
7;2025-11-01;9;1583
7;2025-11-01;10;1412
7;2025-11-01;11;1360
7;2025-11-01;12;1439
7;2025-11-01;13;1455
7;2025-11-01;14;1480
7;2025-11-01;15;1636
7;2025-11-01;16;1802
7;2025-11-01;17;1977
7;2025-11-01;18;1775
7;2025-11-01;19;1328
7;2025-11-01;20;817
7;2025-11-01;21;511
7;2025-11-01;22;264
7;2025-11-01;23;186
7;2025-11-02;0;91
7;2025-11-02;1;23
7;2025-11-02;2;0
7;2025-11-02;3;0
7;2025-11-02;4;0
7;2025-11-02;5;28
7;2025-11-02;6;171
7;2025-11-02;7;237
7;2025-11-02;8;454
7;2025-11-02;9;588
7;2025-11-02;10;533
7;2025-11-02;11;730
7;2025-11-02;12;815
7;2025-11-02;13;827
7;2025-11-02;14;837
7;2025-11-02;15;870
7;2025-11-02;16;885
7;2025-11-02;17;871
7;2025-11-02;18;789
7;2025-11-02;19;608
7;2025-11-02;20;507
7;2025-11-02;21;383
7;2025-11-02;22;210
7;2025-11-02;23;139
7;2025-11-03;0;88
7;2025-11-03;1;10
7;2025-11-03;2;0
7;2025-11-03;3;0
7;2025-11-03;4;0
7;2025-11-03;5;50
7;2025-11-03;6;222
7;2025-11-03;7;366
7;2025-11-03;8;585
7;2025-11-03;9;692
7;2025-11-03;10;716
7;2025-11-03;11;902
7;2025-11-03;12;875
7;2025-11-03;13;960
7;2025-11-03;14;1009
7;2025-11-03;15;1027
7;2025-11-03;16;949
7;2025-11-03;17;915
7;2025-11-03;18;903
7;2025-11-03;19;807
7;2025-11-03;20;656
7;2025-11-03;21;495
7;2025-11-03;22;275
7;2025-11-03;23;179
7;2025-11-04;0;88
7;2025-11-04;1;10
7;2025-11-04;2;0
7;2025-11-04;3;0
7;2025-11-04;4;1
7;2025-11-04;5;49
7;2025-11-04;6;217
7;2025-11-04;7;360
7;2025-11-04;8;569
7;2025-11-04;9;677
7;2025-11-04;10;716
7;2025-11-04;11;918
7;2025-11-04;12;887
7;2025-11-04;13;962
7;2025-11-04;14;1010
7;2025-11-04;15;1088
7;2025-11-04;16;946
7;2025-11-04;17;913
7;2025-11-04;18;910
7;2025-11-04;19;815
7;2025-11-04;20;645
7;2025-11-04;21;491
7;2025-11-04;22;272
7;2025-11-04;23;175
7;2025-11-05;0;57
7;2025-11-05;1;13
7;2025-11-05;2;0
7;2025-11-05;3;0
7;2025-11-05;4;1
7;2025-11-05;5;191
7;2025-11-05;6;632
7;2025-11-05;7;1679
7;2025-11-05;8;2565
7;2025-11-05;9;1928
7;2025-11-05;10;1681
7;2025-11-05;11;1585
7;2025-11-05;12;1699
7;2025-11-05;13;1619
7;2025-11-05;14;1705
7;2025-11-05;15;1796
7;2025-11-05;16;1912
7;2025-11-05;17;2393
7;2025-11-05;18;2534
7;2025-11-05;19;1680
7;2025-11-05;20;983
7;2025-11-05;21;628
7;2025-11-05;22;308
7;2025-11-05;23;187
7;2025-11-06;0;58
7;2025-11-06;1;13
7;2025-11-06;2;0
7;2025-11-06;3;0
7;2025-11-06;4;1
7;2025-11-06;5;189
7;2025-11-06;6;629
7;2025-11-06;7;1658
7;2025-11-06;8;2560
7;2025-11-06;9;1922
7;2025-11-06;10;1670
7;2025-11-06;11;1573
7;2025-11-06;12;1692
7;2025-11-06;13;1612
7;2025-11-06;14;1693
7;2025-11-06;15;1794
7;2025-11-06;16;1912
7;2025-11-06;17;2402
7;2025-11-06;18;2521
7;2025-11-06;19;1685
7;2025-11-06;20;987
7;2025-11-06;21;631
7;2025-11-06;22;311
7;2025-11-06;23;192
7;2025-11-07;0;68
7;2025-11-07;1;15
7;2025-11-07;2;1
7;2025-11-07;3;0
7;2025-11-07;4;1
7;2025-11-07;5;168
7;2025-11-07;6;605
7;2025-11-07;7;1566
7;2025-11-07;8;2422
7;2025-11-07;9;1831
7;2025-11-07;10;1662
7;2025-11-07;11;1582
7;2025-11-07;12;1675
7;2025-11-07;13;1686
7;2025-11-07;14;1722
7;2025-11-07;15;1914
7;2025-11-07;16;2106
7;2025-11-07;17;2307
7;2025-11-07;18;2038
7;2025-11-07;19;1503
7;2025-11-07;20;939
7;2025-11-07;21;587
7;2025-11-07;22;303
7;2025-11-07;23;222
7;2025-11-08;0;111
7;2025-11-08;1;25
7;2025-11-08;2;0
7;2025-11-08;3;0
7;2025-11-08;4;1
7;2025-11-08;5;59
7;2025-11-08;6;277
7;2025-11-08;7;383
7;2025-11-08;8;755
7;2025-11-08;9;759
7;2025-11-08;10;770
7;2025-11-08;11;845
7;2025-11-08;12;1056
7;2025-11-08;13;1052
7;2025-11-08;14;1023
7;2025-11-08;15;1007
7;2025-11-08;16;1024
7;2025-11-08;17;1004
7;2025-11-08;18;892
7;2025-11-08;19;807
7;2025-11-08;20;610
7;2025-11-08;21;474
7;2025-11-08;22;267
7;2025-11-08;23;198
7;2025-11-09;0;92
7;2025-11-09;1;24
7;2025-11-09;2;0
7;2025-11-09;3;0
7;2025-11-09;4;0
7;2025-11-09;5;27
7;2025-11-09;6;173
7;2025-11-09;7;238
7;2025-11-09;8;437
7;2025-11-09;9;588
7;2025-11-09;10;561
7;2025-11-09;11;785
7;2025-11-09;12;877
7;2025-11-09;13;902
7;2025-11-09;14;839
7;2025-11-09;15;870
7;2025-11-09;16;811
7;2025-11-09;17;798
7;2025-11-09;18;795
7;2025-11-09;19;608
7;2025-11-09;20;507
7;2025-11-09;21;383
7;2025-11-09;22;200
7;2025-11-09;23;139
7;2025-11-10;0;60
7;2025-11-10;1;11
7;2025-11-10;2;0
7;2025-11-10;3;0
7;2025-11-10;4;0
7;2025-11-10;5;195
7;2025-11-10;6;637
7;2025-11-10;7;1701
7;2025-11-10;8;2678
7;2025-11-10;9;1893
7;2025-11-10;10;1581
7;2025-11-10;11;1509
7;2025-11-10;12;1516
7;2025-11-10;13;1545
7;2025-11-10;14;1545
7;2025-11-10;15;1769
7;2025-11-10;16;1851
7;2025-11-10;17;2375
7;2025-11-10;18;2540
7;2025-11-10;19;1682
7;2025-11-10;20;992
7;2025-11-10;21;595
7;2025-11-10;22;282
7;2025-11-10;23;156
7;2025-11-11;0;57
7;2025-11-11;1;13
7;2025-11-11;2;0
7;2025-11-11;3;0
7;2025-11-11;4;1
7;2025-11-11;5;189
7;2025-11-11;6;630
7;2025-11-11;7;1674
7;2025-11-11;8;2564
7;2025-11-11;9;1925
7;2025-11-11;10;1670
7;2025-11-11;11;1568
7;2025-11-11;12;1670
7;2025-11-11;13;1605
7;2025-11-11;14;1694
7;2025-11-11;15;1788
7;2025-11-11;16;1916
7;2025-11-11;17;2406
7;2025-11-11;18;2534
7;2025-11-11;19;1678
7;2025-11-11;20;981
7;2025-11-11;21;625
7;2025-11-11;22;302
7;2025-11-11;23;178
7;2025-11-12;0;57
7;2025-11-12;1;13
7;2025-11-12;2;0
7;2025-11-12;3;0
7;2025-11-12;4;1
7;2025-11-12;5;191
7;2025-11-12;6;636
7;2025-11-12;7;1680
7;2025-11-12;8;2563
7;2025-11-12;9;1927
7;2025-11-12;10;1672
7;2025-11-12;11;1573
7;2025-11-12;12;1673
7;2025-11-12;13;1605
7;2025-11-12;14;1689
7;2025-11-12;15;1785
7;2025-11-12;16;1919
7;2025-11-12;17;2409
7;2025-11-12;18;2535
7;2025-11-12;19;1683
7;2025-11-12;20;977
7;2025-11-12;21;627
7;2025-11-12;22;307
7;2025-11-12;23;186
7;2025-11-13;0;58
7;2025-11-13;1;13
7;2025-11-13;2;0
7;2025-11-13;3;0
7;2025-11-13;4;1
7;2025-11-13;5;188
7;2025-11-13;6;633
7;2025-11-13;7;1673
7;2025-11-13;8;2558
7;2025-11-13;9;1922
7;2025-11-13;10;1669
7;2025-11-13;11;1574
7;2025-11-13;12;1677
7;2025-11-13;13;1607
7;2025-11-13;14;1692
7;2025-11-13;15;1787
7;2025-11-13;16;1920
7;2025-11-13;17;2414
7;2025-11-13;18;2535
7;2025-11-13;19;1674
7;2025-11-13;20;983
7;2025-11-13;21;627
7;2025-11-13;22;308
7;2025-11-13;23;190
7;2025-11-14;0;68
7;2025-11-14;1;15
7;2025-11-14;2;1
7;2025-11-14;3;0
7;2025-11-14;4;1
7;2025-11-14;5;176
7;2025-11-14;6;617
7;2025-11-14;7;1576
7;2025-11-14;8;2426
7;2025-11-14;9;1835
7;2025-11-14;10;1662
7;2025-11-14;11;1577
7;2025-11-14;12;1650
7;2025-11-14;13;1673
7;2025-11-14;14;1705
7;2025-11-14;15;1900
7;2025-11-14;16;2097
7;2025-11-14;17;2297
7;2025-11-14;18;2042
7;2025-11-14;19;1502
7;2025-11-14;20;934
7;2025-11-14;21;582
7;2025-11-14;22;302
7;2025-11-14;23;218
7;2025-11-15;0;92
7;2025-11-15;1;24
7;2025-11-15;2;0
7;2025-11-15;3;0
7;2025-11-15;4;1
7;2025-11-15;5;72
7;2025-11-15;6;276
7;2025-11-15;7;495
7;2025-11-15;8;713
7;2025-11-15;9;840
7;2025-11-15;10;841
7;2025-11-15;11;943
7;2025-11-15;12;1030
7;2025-11-15;13;1108
7;2025-11-15;14;1121
7;2025-11-15;15;1112
7;2025-11-15;16;1067
7;2025-11-15;17;995
7;2025-11-15;18;1033
7;2025-11-15;19;936
7;2025-11-15;20;697
7;2025-11-15;21;573
7;2025-11-15;22;295
7;2025-11-15;23;225
7;2025-11-16;0;98
7;2025-11-16;1;10
7;2025-11-16;2;0
7;2025-11-16;3;0
7;2025-11-16;4;1
7;2025-11-16;5;42
7;2025-11-16;6;209
7;2025-11-16;7;357
7;2025-11-16;8;570
7;2025-11-16;9;689
7;2025-11-16;10;714
7;2025-11-16;11;947
7;2025-11-16;12;938
7;2025-11-16;13;1015
7;2025-11-16;14;1063
7;2025-11-16;15;1074
7;2025-11-16;16;996
7;2025-11-16;17;958
7;2025-11-16;18;948
7;2025-11-16;19;837
7;2025-11-16;20;667
7;2025-11-16;21;489
7;2025-11-16;22;266
7;2025-11-16;23;175
7;2025-11-17;0;60
7;2025-11-17;1;12
7;2025-11-17;2;0
7;2025-11-17;3;0
7;2025-11-17;4;0
7;2025-11-17;5;205
7;2025-11-17;6;638
7;2025-11-17;7;1693
7;2025-11-17;8;2683
7;2025-11-17;9;1904
7;2025-11-17;10;1593
7;2025-11-17;11;1516
7;2025-11-17;12;1525
7;2025-11-17;13;1553
7;2025-11-17;14;1547
7;2025-11-17;15;1769
7;2025-11-17;16;1859
7;2025-11-17;17;2380
7;2025-11-17;18;2542
7;2025-11-17;19;1680
7;2025-11-17;20;993
7;2025-11-17;21;592
7;2025-11-17;22;279
7;2025-11-17;23;154
7;2025-11-18;0;57
7;2025-11-18;1;13
7;2025-11-18;2;0
7;2025-11-18;3;0
7;2025-11-18;4;1
7;2025-11-18;5;198
7;2025-11-18;6;645
7;2025-11-18;7;1686
7;2025-11-18;8;2573
7;2025-11-18;9;1934
7;2025-11-18;10;1678
7;2025-11-18;11;1576
7;2025-11-18;12;1673
7;2025-11-18;13;1605
7;2025-11-18;14;1690
7;2025-11-18;15;1781
7;2025-11-18;16;1915
7;2025-11-18;17;2408
7;2025-11-18;18;2535
7;2025-11-18;19;1681
7;2025-11-18;20;982
7;2025-11-18;21;626
7;2025-11-18;22;304
7;2025-11-18;23;180
7;2025-11-19;0;58
7;2025-11-19;1;13
7;2025-11-19;2;0
7;2025-11-19;3;0
7;2025-11-19;4;1
7;2025-11-19;5;200
7;2025-11-19;6;644
7;2025-11-19;7;1685
7;2025-11-19;8;2570
7;2025-11-19;9;1927
7;2025-11-19;10;1672
7;2025-11-19;11;1577
7;2025-11-19;12;1676
7;2025-11-19;13;1606
7;2025-11-19;14;1693
7;2025-11-19;15;1784
7;2025-11-19;16;1918
7;2025-11-19;17;2408
7;2025-11-19;18;2534
7;2025-11-19;19;1683
7;2025-11-19;20;982
7;2025-11-19;21;627
7;2025-11-19;22;307
7;2025-11-19;23;187
7;2025-11-20;0;58
7;2025-11-20;1;13
7;2025-11-20;2;0
7;2025-11-20;3;0
7;2025-11-20;4;1
7;2025-11-20;5;190
7;2025-11-20;6;642
7;2025-11-20;7;1681
7;2025-11-20;8;2552
7;2025-11-20;9;1926
7;2025-11-20;10;1682
7;2025-11-20;11;1584
7;2025-11-20;12;1679
7;2025-11-20;13;1605
7;2025-11-20;14;1693
7;2025-11-20;15;1786
7;2025-11-20;16;1918
7;2025-11-20;17;2408
7;2025-11-20;18;2534
7;2025-11-20;19;1684
7;2025-11-20;20;987
7;2025-11-20;21;632
7;2025-11-20;22;313
7;2025-11-20;23;195
7;2025-11-21;0;68
7;2025-11-21;1;15
7;2025-11-21;2;1
7;2025-11-21;3;0
7;2025-11-21;4;1
7;2025-11-21;5;188
7;2025-11-21;6;630
7;2025-11-21;7;1586
7;2025-11-21;8;2441
7;2025-11-21;9;1852
7;2025-11-21;10;1678
7;2025-11-21;11;1592
7;2025-11-21;12;1662
7;2025-11-21;13;1680
7;2025-11-21;14;1712
7;2025-11-21;15;1905
7;2025-11-21;16;2108
7;2025-11-21;17;2306
7;2025-11-21;18;2036
7;2025-11-21;19;1494
7;2025-11-21;20;931
7;2025-11-21;21;581
7;2025-11-21;22;299
7;2025-11-21;23;223
7;2025-11-22;0;92
7;2025-11-22;1;23
7;2025-11-22;2;0
7;2025-11-22;3;0
7;2025-11-22;4;1
7;2025-11-22;5;74
7;2025-11-22;6;271
7;2025-11-22;7;486
7;2025-11-22;8;722
7;2025-11-22;9;824
7;2025-11-22;10;832
7;2025-11-22;11;950
7;2025-11-22;12;1024
7;2025-11-22;13;1102
7;2025-11-22;14;1116
7;2025-11-22;15;1111
7;2025-11-22;16;1068
7;2025-11-22;17;996
7;2025-11-22;18;1042
7;2025-11-22;19;938
7;2025-11-22;20;700
7;2025-11-22;21;575
7;2025-11-22;22;298
7;2025-11-22;23;228
7;2025-11-23;0;97
7;2025-11-23;1;10
7;2025-11-23;2;0
7;2025-11-23;3;0
7;2025-11-23;4;1
7;2025-11-23;5;39
7;2025-11-23;6;205
7;2025-11-23;7;349
7;2025-11-23;8;562
7;2025-11-23;9;675
7;2025-11-23;10;699
7;2025-11-23;11;944
7;2025-11-23;12;927
7;2025-11-23;13;1001
7;2025-11-23;14;1047
7;2025-11-23;15;1069
7;2025-11-23;16;991
7;2025-11-23;17;956
7;2025-11-23;18;903
7;2025-11-23;19;809
7;2025-11-23;20;651
7;2025-11-23;21;492
7;2025-11-23;22;268
7;2025-11-23;23;177
7;2025-11-24;0;60
7;2025-11-24;1;12
7;2025-11-24;2;0
7;2025-11-24;3;0
7;2025-11-24;4;1
7;2025-11-24;5;192
7;2025-11-24;6;631
7;2025-11-24;7;1685
7;2025-11-24;8;2671
7;2025-11-24;9;1892
7;2025-11-24;10;1581
7;2025-11-24;11;1523
7;2025-11-24;12;1533
7;2025-11-24;13;1553
7;2025-11-24;14;1553
7;2025-11-24;15;1773
7;2025-11-24;16;1864
7;2025-11-24;17;2384
7;2025-11-24;18;2544
7;2025-11-24;19;1685
7;2025-11-24;20;993
7;2025-11-24;21;592
7;2025-11-24;22;279
7;2025-11-24;23;149
7;2025-11-25;0;57
7;2025-11-25;1;13
7;2025-11-25;2;0
7;2025-11-25;3;0
7;2025-11-25;4;1
7;2025-11-25;5;191
7;2025-11-25;6;638
7;2025-11-25;7;1676
7;2025-11-25;8;2560
7;2025-11-25;9;1919
7;2025-11-25;10;1675
7;2025-11-25;11;1579
7;2025-11-25;12;1664
7;2025-11-25;13;1604
7;2025-11-25;14;1702
7;2025-11-25;15;1791
7;2025-11-25;16;1918
7;2025-11-25;17;2411
7;2025-11-25;18;2546
7;2025-11-25;19;1673
7;2025-11-25;20;975
7;2025-11-25;21;619
7;2025-11-25;22;297
7;2025-11-25;23;178
7;2025-11-26;0;57
7;2025-11-26;1;13
7;2025-11-26;2;0
7;2025-11-26;3;0
7;2025-11-26;4;1
7;2025-11-26;5;193
7;2025-11-26;6;640
7;2025-11-26;7;1666
7;2025-11-26;8;2570
7;2025-11-26;9;1908
7;2025-11-26;10;1659
7;2025-11-26;11;1570
7;2025-11-26;12;1669
7;2025-11-26;13;1617
7;2025-11-26;14;1704
7;2025-11-26;15;1796
7;2025-11-26;16;1927
7;2025-11-26;17;2417
7;2025-11-26;18;2543
7;2025-11-26;19;1691
7;2025-11-26;20;989
7;2025-11-26;21;633
7;2025-11-26;22;308
7;2025-11-26;23;187
7;2025-11-27;0;58
7;2025-11-27;1;13
7;2025-11-27;2;0
7;2025-11-27;3;0
7;2025-11-27;4;1
7;2025-11-27;5;197
7;2025-11-27;6;640
7;2025-11-27;7;1689
7;2025-11-27;8;2560
7;2025-11-27;9;1937
7;2025-11-27;10;1689
7;2025-11-27;11;1590
7;2025-11-27;12;1687
7;2025-11-27;13;1609
7;2025-11-27;14;1697
7;2025-11-27;15;1786
7;2025-11-27;16;1923
7;2025-11-27;17;2416
7;2025-11-27;18;2538
7;2025-11-27;19;1688
7;2025-11-27;20;986
7;2025-11-27;21;631
7;2025-11-27;22;313
7;2025-11-27;23;195
7;2025-11-28;0;68
7;2025-11-28;1;15
7;2025-11-28;2;1
7;2025-11-28;3;0
7;2025-11-28;4;1
7;2025-11-28;5;188
7;2025-11-28;6;630
7;2025-11-28;7;1586
7;2025-11-28;8;2439
7;2025-11-28;9;1849
7;2025-11-28;10;1678
7;2025-11-28;11;1597
7;2025-11-28;12;1663
7;2025-11-28;13;1681
7;2025-11-28;14;1711
7;2025-11-28;15;1910
7;2025-11-28;16;2105
7;2025-11-28;17;2300
7;2025-11-28;18;2050
7;2025-11-28;19;1503
7;2025-11-28;20;942
7;2025-11-28;21;591
7;2025-11-28;22;305
7;2025-11-28;23;225
7;2025-11-29;0;93
7;2025-11-29;1;24
7;2025-11-29;2;0
7;2025-11-29;3;0
7;2025-11-29;4;1
7;2025-11-29;5;36
7;2025-11-29;6;236
7;2025-11-29;7;448
7;2025-11-29;8;663
7;2025-11-29;9;774
7;2025-11-29;10;814
7;2025-11-29;11;994
7;2025-11-29;12;1078
7;2025-11-29;13;1167
7;2025-11-29;14;1121
7;2025-11-29;15;1110
7;2025-11-29;16;1059
7;2025-11-29;17;986
7;2025-11-29;18;1039
7;2025-11-29;19;931
7;2025-11-29;20;693
7;2025-11-29;21;568
7;2025-11-29;22;290
7;2025-11-29;23;221
7;2025-11-30;0;98
7;2025-11-30;1;10
7;2025-11-30;2;0
7;2025-11-30;3;0
7;2025-11-30;4;1
7;2025-11-30;5;37
7;2025-11-30;6;205
7;2025-11-30;7;356
7;2025-11-30;8;585
7;2025-11-30;9;687
7;2025-11-30;10;714
7;2025-11-30;11;946
7;2025-11-30;12;927
7;2025-11-30;13;1001
7;2025-11-30;14;1051
7;2025-11-30;15;1047
7;2025-11-30;16;989
7;2025-11-30;17;953
7;2025-11-30;18;910
7;2025-11-30;19;811
7;2025-11-30;20;653
7;2025-11-30;21;494
7;2025-11-30;22;269
7;2025-11-30;23;177
7;2025-12-01;0;60
7;2025-12-01;1;12
7;2025-12-01;2;0
7;2025-12-01;3;0
7;2025-12-01;4;1
7;2025-12-01;5;188
7;2025-12-01;6;626
7;2025-12-01;7;1681
7;2025-12-01;8;2671
7;2025-12-01;9;1894
7;2025-12-01;10;1582
7;2025-12-01;11;1516
7;2025-12-01;12;1533
7;2025-12-01;13;1555
7;2025-12-01;14;1557
7;2025-12-01;15;1776
7;2025-12-01;16;1864
7;2025-12-01;17;2385
7;2025-12-01;18;2545
7;2025-12-01;19;1686
7;2025-12-01;20;992
7;2025-12-01;21;590
7;2025-12-01;22;277
7;2025-12-01;23;152
7;2025-12-02;0;57
7;2025-12-02;1;13
7;2025-12-02;2;0
7;2025-12-02;3;0
7;2025-12-02;4;1
7;2025-12-02;5;192
7;2025-12-02;6;639
7;2025-12-02;7;1678
7;2025-12-02;8;2560
7;2025-12-02;9;1918
7;2025-12-02;10;1662
7;2025-12-02;11;1565
7;2025-12-02;12;1667
7;2025-12-02;13;1608
7;2025-12-02;14;1694
7;2025-12-02;15;1780
7;2025-12-02;16;1913
7;2025-12-02;17;2405
7;2025-12-02;18;2532
7;2025-12-02;19;1681
7;2025-12-02;20;977
7;2025-12-02;21;621
7;2025-12-02;22;298
7;2025-12-02;23;176
7;2025-12-03;0;57
7;2025-12-03;1;13
7;2025-12-03;2;0
7;2025-12-03;3;0
7;2025-12-03;4;1
7;2025-12-03;5;193
7;2025-12-03;6;638
7;2025-12-03;7;1677
7;2025-12-03;8;2560
7;2025-12-03;9;1921
7;2025-12-03;10;1667
7;2025-12-03;11;1583
7;2025-12-03;12;1692
7;2025-12-03;13;1616
7;2025-12-03;14;1704
7;2025-12-03;15;1799
7;2025-12-03;16;1929
7;2025-12-03;17;2420
7;2025-12-03;18;2539
7;2025-12-03;19;1678
7;2025-12-03;20;977
7;2025-12-03;21;624
7;2025-12-03;22;304
7;2025-12-03;23;186
7;2025-12-04;0;58
7;2025-12-04;1;13
7;2025-12-04;2;0
7;2025-12-04;3;0
7;2025-12-04;4;1
7;2025-12-04;5;189
7;2025-12-04;6;637
7;2025-12-04;7;1676
7;2025-12-04;8;2560
7;2025-12-04;9;1924
7;2025-12-04;10;1668
7;2025-12-04;11;1583
7;2025-12-04;12;1691
7;2025-12-04;13;1617
7;2025-12-04;14;1707
7;2025-12-04;15;1802
7;2025-12-04;16;1933
7;2025-12-04;17;2417
7;2025-12-04;18;2542
7;2025-12-04;19;1687
7;2025-12-04;20;984
7;2025-12-04;21;628
7;2025-12-04;22;308
7;2025-12-04;23;191
7;2025-12-05;0;68
7;2025-12-05;1;16
7;2025-12-05;2;1
7;2025-12-05;3;0
7;2025-12-05;4;1
7;2025-12-05;5;177
7;2025-12-05;6;620
7;2025-12-05;7;1576
7;2025-12-05;8;2429
7;2025-12-05;9;1837
7;2025-12-05;10;1664
7;2025-12-05;11;1585
7;2025-12-05;12;1655
7;2025-12-05;13;1679
7;2025-12-05;14;1717
7;2025-12-05;15;1905
7;2025-12-05;16;2102
7;2025-12-05;17;2300
7;2025-12-05;18;2052
7;2025-12-05;19;1505
7;2025-12-05;20;939
7;2025-12-05;21;587
7;2025-12-05;22;302
7;2025-12-05;23;221
7;2025-12-06;0;94
7;2025-12-06;1;24
7;2025-12-06;2;0
7;2025-12-06;3;0
7;2025-12-06;4;1
7;2025-12-06;5;63
7;2025-12-06;6;270
7;2025-12-06;7;485
7;2025-12-06;8;679
7;2025-12-06;9;794
7;2025-12-06;10;796
7;2025-12-06;11;945
7;2025-12-06;12;1021
7;2025-12-06;13;1103
7;2025-12-06;14;1126
7;2025-12-06;15;1125
7;2025-12-06;16;1083
7;2025-12-06;17;1010
7;2025-12-06;18;1066
7;2025-12-06;19;962
7;2025-12-06;20;714
7;2025-12-06;21;585
7;2025-12-06;22;301
7;2025-12-06;23;229
7;2025-12-07;0;101
7;2025-12-07;1;11
7;2025-12-07;2;0
7;2025-12-07;3;0
7;2025-12-07;4;1
7;2025-12-07;5;34
7;2025-12-07;6;178
7;2025-12-07;7;328
7;2025-12-07;8;546
7;2025-12-07;9;652
7;2025-12-07;10;712
7;2025-12-07;11;952
7;2025-12-07;12;938
7;2025-12-07;13;1017
7;2025-12-07;14;1067
7;2025-12-07;15;1088
7;2025-12-07;16;1009
7;2025-12-07;17;974
7;2025-12-07;18;934
7;2025-12-07;19;830
7;2025-12-07;20;669
7;2025-12-07;21;509
7;2025-12-07;22;279
7;2025-12-07;23;184
7;2025-12-08;0;61
7;2025-12-08;1;12
7;2025-12-08;2;0
7;2025-12-08;3;0
7;2025-12-08;4;1
7;2025-12-08;5;186
7;2025-12-08;6;626
7;2025-12-08;7;1681
7;2025-12-08;8;2669
7;2025-12-08;9;1889
7;2025-12-08;10;1574
7;2025-12-08;11;1508
7;2025-12-08;12;1524
7;2025-12-08;13;1546
7;2025-12-08;14;1550
7;2025-12-08;15;1767
7;2025-12-08;16;1856
7;2025-12-08;17;2376
7;2025-12-08;18;2539
7;2025-12-08;19;1684
7;2025-12-08;20;988
7;2025-12-08;21;587
7;2025-12-08;22;273
7;2025-12-08;23;151
7;2025-12-09;0;57
7;2025-12-09;1;13
7;2025-12-09;2;0
7;2025-12-09;3;0
7;2025-12-09;4;1
7;2025-12-09;5;184
7;2025-12-09;6;631
7;2025-12-09;7;1672
7;2025-12-09;8;2566
7;2025-12-09;9;1924
7;2025-12-09;10;1646
7;2025-12-09;11;1554
7;2025-12-09;12;1665
7;2025-12-09;13;1599
7;2025-12-09;14;1685
7;2025-12-09;15;1780
7;2025-12-09;16;1913
7;2025-12-09;17;2405
7;2025-12-09;18;2532
7;2025-12-09;19;1681
7;2025-12-09;20;977
7;2025-12-09;21;621
7;2025-12-09;22;298
7;2025-12-09;23;176
7;2025-12-10;0;57
7;2025-12-10;1;13
7;2025-12-10;2;0
7;2025-12-10;3;0
7;2025-12-10;4;1
7;2025-12-10;5;193
7;2025-12-10;6;640
7;2025-12-10;7;1679
7;2025-12-10;8;2562
7;2025-12-10;9;1921
7;2025-12-10;10;1666
7;2025-12-10;11;1572
7;2025-12-10;12;1674
7;2025-12-10;13;1601
7;2025-12-10;14;1697
7;2025-12-10;15;1791
7;2025-12-10;16;1918
7;2025-12-10;17;2409
7;2025-12-10;18;2536
7;2025-12-10;19;1684
7;2025-12-10;20;977
7;2025-12-10;21;622
7;2025-12-10;22;302
7;2025-12-10;23;186
7;2025-12-11;0;59
7;2025-12-11;1;13
7;2025-12-11;2;0
7;2025-12-11;3;0
7;2025-12-11;4;1
7;2025-12-11;5;192
7;2025-12-11;6;639
7;2025-12-11;7;1678
7;2025-12-11;8;2562
7;2025-12-11;9;1922
7;2025-12-11;10;1668
7;2025-12-11;11;1573
7;2025-12-11;12;1685
7;2025-12-11;13;1611
7;2025-12-11;14;1707
7;2025-12-11;15;1794
7;2025-12-11;16;1921
7;2025-12-11;17;2412
7;2025-12-11;18;2538
7;2025-12-11;19;1687
7;2025-12-11;20;984
7;2025-12-11;21;628
7;2025-12-11;22;307
7;2025-12-11;23;183
7;2025-12-12;0;67
7;2025-12-12;1;15
7;2025-12-12;2;1
7;2025-12-12;3;0
7;2025-12-12;4;1
7;2025-12-12;5;177
7;2025-12-12;6;620
7;2025-12-12;7;1576
7;2025-12-12;8;2429
7;2025-12-12;9;1837
7;2025-12-12;10;1664
7;2025-12-12;11;1585
7;2025-12-12;12;1667
7;2025-12-12;13;1685
7;2025-12-12;14;1717
7;2025-12-12;15;1913
7;2025-12-12;16;2102
7;2025-12-12;17;2301
7;2025-12-12;18;2052
7;2025-12-12;19;1506
7;2025-12-12;20;939
7;2025-12-12;21;594
7;2025-12-12;22;308
7;2025-12-12;23;227
7;2025-12-13;0;94
7;2025-12-13;1;24
7;2025-12-13;2;0
7;2025-12-13;3;0
7;2025-12-13;4;1
7;2025-12-13;5;70
7;2025-12-13;6;278
7;2025-12-13;7;498
7;2025-12-13;8;717
7;2025-12-13;9;847
7;2025-12-13;10;844
7;2025-12-13;11;964
7;2025-12-13;12;1044
7;2025-12-13;13;1122
7;2025-12-13;14;1139
7;2025-12-13;15;1131
7;2025-12-13;16;1083
7;2025-12-13;17;1011
7;2025-12-13;18;1066
7;2025-12-13;19;956
7;2025-12-13;20;712
7;2025-12-13;21;583
7;2025-12-13;22;298
7;2025-12-13;23;229
7;2025-12-14;0;99
7;2025-12-14;1;10
7;2025-12-14;2;0
7;2025-12-14;3;0
7;2025-12-14;4;1
7;2025-12-14;5;22
7;2025-12-14;6;179
7;2025-12-14;7;328
7;2025-12-14;8;547
7;2025-12-14;9;652
7;2025-12-14;10;712
7;2025-12-14;11;952
7;2025-12-14;12;938
7;2025-12-14;13;1017
7;2025-12-14;14;1067
7;2025-12-14;15;1087
7;2025-12-14;16;1009
7;2025-12-14;17;974
7;2025-12-14;18;934
7;2025-12-14;19;830
7;2025-12-14;20;669
7;2025-12-14;21;506
7;2025-12-14;22;276
7;2025-12-14;23;182
7;2025-12-15;0;61
7;2025-12-15;1;11
7;2025-12-15;2;0
7;2025-12-15;3;0
7;2025-12-15;4;1
7;2025-12-15;5;192
7;2025-12-15;6;632
7;2025-12-15;7;1686
7;2025-12-15;8;2674
7;2025-12-15;9;1894
7;2025-12-15;10;1577
7;2025-12-15;11;1514
7;2025-12-15;12;1526
7;2025-12-15;13;1549
7;2025-12-15;14;1550
7;2025-12-15;15;1773
7;2025-12-15;16;1863
7;2025-12-15;17;2384
7;2025-12-15;18;2544
7;2025-12-15;19;1685
7;2025-12-15;20;991
7;2025-12-15;21;590
7;2025-12-15;22;276
7;2025-12-15;23;153
7;2025-12-16;0;57
7;2025-12-16;1;13
7;2025-12-16;2;0
7;2025-12-16;3;0
7;2025-12-16;4;1
7;2025-12-16;5;192
7;2025-12-16;6;639
7;2025-12-16;7;1678
7;2025-12-16;8;2563
7;2025-12-16;9;1922
7;2025-12-16;10;1663
7;2025-12-16;11;1565
7;2025-12-16;12;1667
7;2025-12-16;13;1608
7;2025-12-16;14;1694
7;2025-12-16;15;1786
7;2025-12-16;16;1918
7;2025-12-16;17;2409
7;2025-12-16;18;2532
7;2025-12-16;19;1681
7;2025-12-16;20;979
7;2025-12-16;21;625
7;2025-12-16;22;302
7;2025-12-16;23;178
7;2025-12-17;0;58
7;2025-12-17;1;13
7;2025-12-17;2;0
7;2025-12-17;3;0
7;2025-12-17;4;1
7;2025-12-17;5;202
7;2025-12-17;6;650
7;2025-12-17;7;1693
7;2025-12-17;8;2578
7;2025-12-17;9;1942
7;2025-12-17;10;1688
7;2025-12-17;11;1588
7;2025-12-17;12;1692
7;2025-12-17;13;1616
7;2025-12-17;14;1706
7;2025-12-17;15;1798
7;2025-12-17;16;1928
7;2025-12-17;17;2419
7;2025-12-17;18;2546
7;2025-12-17;19;1691
7;2025-12-17;20;988
7;2025-12-17;21;634
7;2025-12-17;22;308
7;2025-12-17;23;186
7;2025-12-18;0;58
7;2025-12-18;1;13
7;2025-12-18;2;0
7;2025-12-18;3;0
7;2025-12-18;4;1
7;2025-12-18;5;187
7;2025-12-18;6;639
7;2025-12-18;7;1676
7;2025-12-18;8;2562
7;2025-12-18;9;1924
7;2025-12-18;10;1668
7;2025-12-18;11;1573
7;2025-12-18;12;1685
7;2025-12-18;13;1617
7;2025-12-18;14;1707
7;2025-12-18;15;1800
7;2025-12-18;16;1933
7;2025-12-18;17;2417
7;2025-12-18;18;2542
7;2025-12-18;19;1687
7;2025-12-18;20;984
7;2025-12-18;21;628
7;2025-12-18;22;308
7;2025-12-18;23;191
7;2025-12-19;0;67
7;2025-12-19;1;15
7;2025-12-19;2;1
7;2025-12-19;3;0
7;2025-12-19;4;1
7;2025-12-19;5;180
7;2025-12-19;6;624
7;2025-12-19;7;1577
7;2025-12-19;8;2432
7;2025-12-19;9;1841
7;2025-12-19;10;1673
7;2025-12-19;11;1599
7;2025-12-19;12;1668
7;2025-12-19;13;1685
7;2025-12-19;14;1713
7;2025-12-19;15;1912
7;2025-12-19;16;2098
7;2025-12-19;17;2299
7;2025-12-19;18;2047
7;2025-12-19;19;1509
7;2025-12-19;20;942
7;2025-12-19;21;584
7;2025-12-19;22;300
7;2025-12-19;23;224
7;2025-12-20;0;94
7;2025-12-20;1;24
7;2025-12-20;2;0
7;2025-12-20;3;0
7;2025-12-20;4;1
7;2025-12-20;5;78
7;2025-12-20;6;288
7;2025-12-20;7;508
7;2025-12-20;8;730
7;2025-12-20;9;858
7;2025-12-20;10;863
7;2025-12-20;11;975
7;2025-12-20;12;1053
7;2025-12-20;13;1132
7;2025-12-20;14;1147
7;2025-12-20;15;1131
7;2025-12-20;16;1087
7;2025-12-20;17;1011
7;2025-12-20;18;1120
7;2025-12-20;19;956
7;2025-12-20;20;712
7;2025-12-20;21;583
7;2025-12-20;22;299
7;2025-12-20;23;226
7;2025-12-21;0;101
7;2025-12-21;1;11
7;2025-12-21;2;0
7;2025-12-21;3;0
7;2025-12-21;4;1
7;2025-12-21;5;42
7;2025-12-21;6;214
7;2025-12-21;7;366
7;2025-12-21;8;585
7;2025-12-21;9;706
7;2025-12-21;10;732
7;2025-12-21;11;1021
7;2025-12-21;12;951
7;2025-12-21;13;1027
7;2025-12-21;14;1076
7;2025-12-21;15;1095
7;2025-12-21;16;1016
7;2025-12-21;17;981
7;2025-12-21;18;928
7;2025-12-21;19;830
7;2025-12-21;20;669
7;2025-12-21;21;506
7;2025-12-21;22;278
7;2025-12-21;23;183
7;2025-12-22;0;61
7;2025-12-22;1;12
7;2025-12-22;2;0
7;2025-12-22;3;0
7;2025-12-22;4;1
7;2025-12-22;5;195
7;2025-12-22;6;636
7;2025-12-22;7;1692
7;2025-12-22;8;2675
7;2025-12-22;9;1894
7;2025-12-22;10;1580
7;2025-12-22;11;1524
7;2025-12-22;12;1535
7;2025-12-22;13;1555
7;2025-12-22;14;1557
7;2025-12-22;15;1773
7;2025-12-22;16;1864
7;2025-12-22;17;2381
7;2025-12-22;18;2552
7;2025-12-22;19;1675
7;2025-12-22;20;985
7;2025-12-22;21;585
7;2025-12-22;22;270
7;2025-12-22;23;149
7;2025-12-23;0;57
7;2025-12-23;1;12
7;2025-12-23;2;0
7;2025-12-23;3;0
7;2025-12-23;4;1
7;2025-12-23;5;197
7;2025-12-23;6;648
7;2025-12-23;7;1690
7;2025-12-23;8;2577
7;2025-12-23;9;1936
7;2025-12-23;10;1683
7;2025-12-23;11;1561
7;2025-12-23;12;1666
7;2025-12-23;13;1606
7;2025-12-23;14;1690
7;2025-12-23;15;1793
7;2025-12-23;16;1922
7;2025-12-23;17;2410
7;2025-12-23;18;2540
7;2025-12-23;19;1687
7;2025-12-23;20;983
7;2025-12-23;21;627
7;2025-12-23;22;304
7;2025-12-23;23;180
7;2025-12-24;0;57
7;2025-12-24;1;13
7;2025-12-24;2;0
7;2025-12-24;3;0
7;2025-12-24;4;1
7;2025-12-24;5;206
7;2025-12-24;6;652
7;2025-12-24;7;1697
7;2025-12-24;8;2580
7;2025-12-24;9;1942
7;2025-12-24;10;1688
7;2025-12-24;11;1592
7;2025-12-24;12;1695
7;2025-12-24;13;1616
7;2025-12-24;14;1700
7;2025-12-24;15;1798
7;2025-12-24;16;1928
7;2025-12-24;17;2419
7;2025-12-24;18;2546
7;2025-12-24;19;1691
7;2025-12-24;20;990
7;2025-12-24;21;634
7;2025-12-24;22;308
7;2025-12-24;23;188
7;2025-12-25;0;58
7;2025-12-25;1;13
7;2025-12-25;2;0
7;2025-12-25;3;0
7;2025-12-25;4;1
7;2025-12-25;5;192
7;2025-12-25;6;639
7;2025-12-25;7;1678
7;2025-12-25;8;2562
7;2025-12-25;9;1925
7;2025-12-25;10;1668
7;2025-12-25;11;1573
7;2025-12-25;12;1685
7;2025-12-25;13;1611
7;2025-12-25;14;1701
7;2025-12-25;15;1789
7;2025-12-25;16;1921
7;2025-12-25;17;2412
7;2025-12-25;18;2538
7;2025-12-25;19;1687
7;2025-12-25;20;984
7;2025-12-25;21;628
7;2025-12-25;22;308
7;2025-12-25;23;191
7;2025-12-26;0;68
7;2025-12-26;1;16
7;2025-12-26;2;1
7;2025-12-26;3;0
7;2025-12-26;4;1
7;2025-12-26;5;180
7;2025-12-26;6;623
7;2025-12-26;7;1582
7;2025-12-26;8;2435
7;2025-12-26;9;1844
7;2025-12-26;10;1680
7;2025-12-26;11;1599
7;2025-12-26;12;1665
7;2025-12-26;13;1683
7;2025-12-26;14;1713
7;2025-12-26;15;1906
7;2025-12-26;16;2106
7;2025-12-26;17;2308
7;2025-12-26;18;2058
7;2025-12-26;19;1510
7;2025-12-26;20;945
7;2025-12-26;21;594
7;2025-12-26;22;308
7;2025-12-26;23;221
7;2025-12-27;0;94
7;2025-12-27;1;24
7;2025-12-27;2;0
7;2025-12-27;3;0
7;2025-12-27;4;1
7;2025-12-27;5;68
7;2025-12-27;6;276
7;2025-12-27;7;489
7;2025-12-27;8;711
7;2025-12-27;9;837
7;2025-12-27;10;839
7;2025-12-27;11;954
7;2025-12-27;12;1038
7;2025-12-27;13;1129
7;2025-12-27;14;1147
7;2025-12-27;15;1137
7;2025-12-27;16;1083
7;2025-12-27;17;1011
7;2025-12-27;18;1059
7;2025-12-27;19;956
7;2025-12-27;20;712
7;2025-12-27;21;583
7;2025-12-27;22;299
7;2025-12-27;23;226
7;2025-12-28;0;101
7;2025-12-28;1;11
7;2025-12-28;2;0
7;2025-12-28;3;0
7;2025-12-28;4;1
7;2025-12-28;5;22
7;2025-12-28;6;198
7;2025-12-28;7;347
7;2025-12-28;8;566
7;2025-12-28;9;652
7;2025-12-28;10;673
7;2025-12-28;11;950
7;2025-12-28;12;933
7;2025-12-28;13;1008
7;2025-12-28;14;1064
7;2025-12-28;15;1088
7;2025-12-28;16;1009
7;2025-12-28;17;1051
7;2025-12-28;18;986
7;2025-12-28;19;863
7;2025-12-28;20;689
7;2025-12-28;21;525
7;2025-12-28;22;292
7;2025-12-28;23;187
7;2025-12-29;0;56
7;2025-12-29;1;12
7;2025-12-29;2;0
7;2025-12-29;3;0
7;2025-12-29;4;1
7;2025-12-29;5;178
7;2025-12-29;6;583
7;2025-12-29;7;1557
7;2025-12-29;8;2456
7;2025-12-29;9;1747
7;2025-12-29;10;1440
7;2025-12-29;11;1388
7;2025-12-29;12;1401
7;2025-12-29;13;1429
7;2025-12-29;14;1438
7;2025-12-29;15;1634
7;2025-12-29;16;1719
7;2025-12-29;17;2206
7;2025-12-29;18;2364
7;2025-12-29;19;1558
7;2025-12-29;20;916
7;2025-12-29;21;542
7;2025-12-29;22;256
7;2025-12-29;23;141
7;2025-12-30;0;53
7;2025-12-30;1;12
7;2025-12-30;2;0
7;2025-12-30;3;0
7;2025-12-30;4;1
7;2025-12-30;5;179
7;2025-12-30;6;596
7;2025-12-30;7;1556
7;2025-12-30;8;2370
7;2025-12-30;9;1788
7;2025-12-30;10;1544
7;2025-12-30;11;1459
7;2025-12-30;12;1547
7;2025-12-30;13;1493
7;2025-12-30;14;1568
7;2025-12-30;15;1646
7;2025-12-30;16;1776
7;2025-12-30;17;2227
7;2025-12-30;18;2348
7;2025-12-30;19;1570
7;2025-12-30;20;910
7;2025-12-30;21;580
7;2025-12-30;22;283
7;2025-12-30;23;166
7;2025-12-31;0;81
7;2025-12-31;1;9
7;2025-12-31;2;0
7;2025-12-31;3;0
7;2025-12-31;4;1
7;2025-12-31;5;18
7;2025-12-31;6;175
7;2025-12-31;7;291
7;2025-12-31;8;482
7;2025-12-31;9;592
7;2025-12-31;10;613
7;2025-12-31;11;789
7;2025-12-31;12;718
7;2025-12-31;13;775
7;2025-12-31;14;872
7;2025-12-31;15;880
7;2025-12-31;16;814
7;2025-12-31;17;785
7;2025-12-31;18;774
7;2025-12-31;19;689
7;2025-12-31;20;0
7;2025-12-31;21;0
7;2025-12-31;22;0
7;2025-12-31;23;0
11;2025-11-01;0;61
11;2025-11-01;1;2
11;2025-11-01;2;0
11;2025-11-01;3;0
11;2025-11-01;4;2
11;2025-11-01;5;234
11;2025-11-01;6;1205
11;2025-11-01;7;2185
11;2025-11-01;8;2929
11;2025-11-01;9;2162
11;2025-11-01;10;1796
11;2025-11-01;11;1717
11;2025-11-01;12;1833
11;2025-11-01;13;1847
11;2025-11-01;14;1944
11;2025-11-01;15;2029
11;2025-11-01;16;2234
11;2025-11-01;17;2591
11;2025-11-01;18;2294
11;2025-11-01;19;1792
11;2025-11-01;20;1244
11;2025-11-01;21;758
11;2025-11-01;22;352
11;2025-11-01;23;265
11;2025-11-02;0;102
11;2025-11-02;1;13
11;2025-11-02;2;0
11;2025-11-02;3;0
11;2025-11-02;4;2
11;2025-11-02;5;117
11;2025-11-02;6;439
11;2025-11-02;7;466
11;2025-11-02;8;674
11;2025-11-02;9;910
11;2025-11-02;10;1008
11;2025-11-02;11;1404
11;2025-11-02;12;1521
11;2025-11-02;13;1485
11;2025-11-02;14;1571
11;2025-11-02;15;1572
11;2025-11-02;16;1616
11;2025-11-02;17;1670
11;2025-11-02;18;1279
11;2025-11-02;19;1011
11;2025-11-02;20;825
11;2025-11-02;21;570
11;2025-11-02;22;342
11;2025-11-02;23;220
11;2025-11-03;0;91
11;2025-11-03;1;12
11;2025-11-03;2;0
11;2025-11-03;3;0
11;2025-11-03;4;1
11;2025-11-03;5;128
11;2025-11-03;6;465
11;2025-11-03;7;487
11;2025-11-03;8;669
11;2025-11-03;9;880
11;2025-11-03;10;977
11;2025-11-03;11;1321
11;2025-11-03;12;1392
11;2025-11-03;13;1375
11;2025-11-03;14;1497
11;2025-11-03;15;1443
11;2025-11-03;16;1415
11;2025-11-03;17;1514
11;2025-11-03;18;1231
11;2025-11-03;19;969
11;2025-11-03;20;820
11;2025-11-03;21;568
11;2025-11-03;22;342
11;2025-11-03;23;220
11;2025-11-04;0;89
11;2025-11-04;1;11
11;2025-11-04;2;0
11;2025-11-04;3;0
11;2025-11-04;4;1
11;2025-11-04;5;126
11;2025-11-04;6;457
11;2025-11-04;7;476
11;2025-11-04;8;652
11;2025-11-04;9;862
11;2025-11-04;10;987
11;2025-11-04;11;1335
11;2025-11-04;12;1398
11;2025-11-04;13;1374
11;2025-11-04;14;1454
11;2025-11-04;15;1525
11;2025-11-04;16;1440
11;2025-11-04;17;1511
11;2025-11-04;18;1239
11;2025-11-04;19;1008
11;2025-11-04;20;804
11;2025-11-04;21;568
11;2025-11-04;22;333
11;2025-11-04;23;222
11;2025-11-05;0;58
11;2025-11-05;1;1
11;2025-11-05;2;0
11;2025-11-05;3;0
11;2025-11-05;4;1
11;2025-11-05;5;264
11;2025-11-05;6;1319
11;2025-11-05;7;2501
11;2025-11-05;8;3313
11;2025-11-05;9;2521
11;2025-11-05;10;2056
11;2025-11-05;11;1989
11;2025-11-05;12;2025
11;2025-11-05;13;2087
11;2025-11-05;14;2134
11;2025-11-05;15;2085
11;2025-11-05;16;2301
11;2025-11-05;17;2860
11;2025-11-05;18;3096
11;2025-11-05;19;2222
11;2025-11-05;20;1428
11;2025-11-05;21;822
11;2025-11-05;22;400
11;2025-11-05;23;229
11;2025-11-06;0;59
11;2025-11-06;1;1
11;2025-11-06;2;0
11;2025-11-06;3;0
11;2025-11-06;4;1
11;2025-11-06;5;262
11;2025-11-06;6;1313
11;2025-11-06;7;2491
11;2025-11-06;8;3310
11;2025-11-06;9;2519
11;2025-11-06;10;2053
11;2025-11-06;11;1991
11;2025-11-06;12;2031
11;2025-11-06;13;2093
11;2025-11-06;14;2128
11;2025-11-06;15;2094
11;2025-11-06;16;2308
11;2025-11-06;17;2878
11;2025-11-06;18;3072
11;2025-11-06;19;2236
11;2025-11-06;20;1436
11;2025-11-06;21;830
11;2025-11-06;22;407
11;2025-11-06;23;239
11;2025-11-07;0;66
11;2025-11-07;1;2
11;2025-11-07;2;0
11;2025-11-07;3;0
11;2025-11-07;4;2
11;2025-11-07;5;250
11;2025-11-07;6;1289
11;2025-11-07;7;2345
11;2025-11-07;8;3155
11;2025-11-07;9;2321
11;2025-11-07;10;1936
11;2025-11-07;11;1836
11;2025-11-07;12;1965
11;2025-11-07;13;1970
11;2025-11-07;14;2084
11;2025-11-07;15;2181
11;2025-11-07;16;2393
11;2025-11-07;17;2794
11;2025-11-07;18;2449
11;2025-11-07;19;1903
11;2025-11-07;20;1322
11;2025-11-07;21;805
11;2025-11-07;22;372
11;2025-11-07;23;288
11;2025-11-08;0;103
11;2025-11-08;1;3
11;2025-11-08;2;0
11;2025-11-08;3;0
11;2025-11-08;4;2
11;2025-11-08;5;170
11;2025-11-08;6;753
11;2025-11-08;7;791
11;2025-11-08;8;1039
11;2025-11-08;9;1171
11;2025-11-08;10;1321
11;2025-11-08;11;1638
11;2025-11-08;12;1838
11;2025-11-08;13;1775
11;2025-11-08;14;1900
11;2025-11-08;15;1862
11;2025-11-08;16;1793
11;2025-11-08;17;1820
11;2025-11-08;18;1507
11;2025-11-08;19;1438
11;2025-11-08;20;970
11;2025-11-08;21;717
11;2025-11-08;22;411
11;2025-11-08;23;286
11;2025-11-09;0;102
11;2025-11-09;1;13
11;2025-11-09;2;0
11;2025-11-09;3;0
11;2025-11-09;4;2
11;2025-11-09;5;116
11;2025-11-09;6;443
11;2025-11-09;7;469
11;2025-11-09;8;659
11;2025-11-09;9;916
11;2025-11-09;10;1063
11;2025-11-09;11;1462
11;2025-11-09;12;1614
11;2025-11-09;13;1597
11;2025-11-09;14;1601
11;2025-11-09;15;1572
11;2025-11-09;16;1527
11;2025-11-09;17;1589
11;2025-11-09;18;1286
11;2025-11-09;19;1010
11;2025-11-09;20;825
11;2025-11-09;21;569
11;2025-11-09;22;327
11;2025-11-09;23;217
11;2025-11-10;0;71
11;2025-11-10;1;10
11;2025-11-10;2;0
11;2025-11-10;3;0
11;2025-11-10;4;1
11;2025-11-10;5;264
11;2025-11-10;6;1346
11;2025-11-10;7;2443
11;2025-11-10;8;3214
11;2025-11-10;9;2451
11;2025-11-10;10;1891
11;2025-11-10;11;1868
11;2025-11-10;12;1833
11;2025-11-10;13;1935
11;2025-11-10;14;2014
11;2025-11-10;15;2134
11;2025-11-10;16;2298
11;2025-11-10;17;2870
11;2025-11-10;18;3006
11;2025-11-10;19;2158
11;2025-11-10;20;1276
11;2025-11-10;21;778
11;2025-11-10;22;350
11;2025-11-10;23;202
11;2025-11-11;0;57
11;2025-11-11;1;1
11;2025-11-11;2;0
11;2025-11-11;3;0
11;2025-11-11;4;1
11;2025-11-11;5;265
11;2025-11-11;6;1320
11;2025-11-11;7;2502
11;2025-11-11;8;3322
11;2025-11-11;9;2524
11;2025-11-11;10;2049
11;2025-11-11;11;1982
11;2025-11-11;12;2006
11;2025-11-11;13;2079
11;2025-11-11;14;2130
11;2025-11-11;15;2085
11;2025-11-11;16;2308
11;2025-11-11;17;2890
11;2025-11-11;18;3109
11;2025-11-11;19;2237
11;2025-11-11;20;1435
11;2025-11-11;21;828
11;2025-11-11;22;403
11;2025-11-11;23;224
11;2025-11-12;0;58
11;2025-11-12;1;1
11;2025-11-12;2;0
11;2025-11-12;3;0
11;2025-11-12;4;2
11;2025-11-12;5;265
11;2025-11-12;6;1320
11;2025-11-12;7;2493
11;2025-11-12;8;3317
11;2025-11-12;9;2524
11;2025-11-12;10;2051
11;2025-11-12;11;1987
11;2025-11-12;12;2012
11;2025-11-12;13;2083
11;2025-11-12;14;2127
11;2025-11-12;15;2083
11;2025-11-12;16;2308
11;2025-11-12;17;2889
11;2025-11-12;18;3104
11;2025-11-12;19;2239
11;2025-11-12;20;1435
11;2025-11-12;21;828
11;2025-11-12;22;407
11;2025-11-12;23;234
11;2025-11-13;0;59
11;2025-11-13;1;1
11;2025-11-13;2;0
11;2025-11-13;3;0
11;2025-11-13;4;2
11;2025-11-13;5;263
11;2025-11-13;6;1313
11;2025-11-13;7;2496
11;2025-11-13;8;3309
11;2025-11-13;9;2519
11;2025-11-13;10;2053
11;2025-11-13;11;1994
11;2025-11-13;12;2024
11;2025-11-13;13;2093
11;2025-11-13;14;2137
11;2025-11-13;15;2108
11;2025-11-13;16;2325
11;2025-11-13;17;2910
11;2025-11-13;18;3104
11;2025-11-13;19;2233
11;2025-11-13;20;1431
11;2025-11-13;21;827
11;2025-11-13;22;405
11;2025-11-13;23;240
11;2025-11-14;0;66
11;2025-11-14;1;1
11;2025-11-14;2;0
11;2025-11-14;3;0
11;2025-11-14;4;3
11;2025-11-14;5;256
11;2025-11-14;6;1294
11;2025-11-14;7;2340
11;2025-11-14;8;3156
11;2025-11-14;9;2325
11;2025-11-14;10;1933
11;2025-11-14;11;1833
11;2025-11-14;12;1950
11;2025-11-14;13;1960
11;2025-11-14;14;2068
11;2025-11-14;15;2165
11;2025-11-14;16;2380
11;2025-11-14;17;2784
11;2025-11-14;18;2458
11;2025-11-14;19;1904
11;2025-11-14;20;1326
11;2025-11-14;21;807
11;2025-11-14;22;385
11;2025-11-14;23;291
11;2025-11-15;0;103
11;2025-11-15;1;3
11;2025-11-15;2;0
11;2025-11-15;3;0
11;2025-11-15;4;2
11;2025-11-15;5;171
11;2025-11-15;6;752
11;2025-11-15;7;788
11;2025-11-15;8;1042
11;2025-11-15;9;1179
11;2025-11-15;10;1332
11;2025-11-15;11;1617
11;2025-11-15;12;1811
11;2025-11-15;13;1746
11;2025-11-15;14;1883
11;2025-11-15;15;1833
11;2025-11-15;16;1763
11;2025-11-15;17;1790
11;2025-11-15;18;1469
11;2025-11-15;19;1371
11;2025-11-15;20;982
11;2025-11-15;21;695
11;2025-11-15;22;393
11;2025-11-15;23;280
11;2025-11-16;0;100
11;2025-11-16;1;12
11;2025-11-16;2;0
11;2025-11-16;3;0
11;2025-11-16;4;1
11;2025-11-16;5;107
11;2025-11-16;6;435
11;2025-11-16;7;460
11;2025-11-16;8;651
11;2025-11-16;9;908
11;2025-11-16;10;1009
11;2025-11-16;11;1403
11;2025-11-16;12;1531
11;2025-11-16;13;1468
11;2025-11-16;14;1583
11;2025-11-16;15;1551
11;2025-11-16;16;1495
11;2025-11-16;17;1580
11;2025-11-16;18;1263
11;2025-11-16;19;997
11;2025-11-16;20;814
11;2025-11-16;21;543
11;2025-11-16;22;320
11;2025-11-16;23;215
11;2025-11-17;0;70
11;2025-11-17;1;9
11;2025-11-17;2;0
11;2025-11-17;3;0
11;2025-11-17;4;3
11;2025-11-17;5;272
11;2025-11-17;6;1349
11;2025-11-17;7;2453
11;2025-11-17;8;3228
11;2025-11-17;9;2465
11;2025-11-17;10;1894
11;2025-11-17;11;1888
11;2025-11-17;12;1852
11;2025-11-17;13;1933
11;2025-11-17;14;2023
11;2025-11-17;15;2142
11;2025-11-17;16;2300
11;2025-11-17;17;2872
11;2025-11-17;18;3005
11;2025-11-17;19;2154
11;2025-11-17;20;1276
11;2025-11-17;21;780
11;2025-11-17;22;349
11;2025-11-17;23;199
11;2025-11-18;0;57
11;2025-11-18;1;0
11;2025-11-18;2;0
11;2025-11-18;3;0
11;2025-11-18;4;2
11;2025-11-18;5;268
11;2025-11-18;6;1324
11;2025-11-18;7;2508
11;2025-11-18;8;3326
11;2025-11-18;9;2535
11;2025-11-18;10;2053
11;2025-11-18;11;1991
11;2025-11-18;12;2012
11;2025-11-18;13;2080
11;2025-11-18;14;2126
11;2025-11-18;15;2078
11;2025-11-18;16;2301
11;2025-11-18;17;2885
11;2025-11-18;18;3100
11;2025-11-18;19;2236
11;2025-11-18;20;1432
11;2025-11-18;21;825
11;2025-11-18;22;400
11;2025-11-18;23;222
11;2025-11-19;0;58
11;2025-11-19;1;1
11;2025-11-19;2;0
11;2025-11-19;3;0
11;2025-11-19;4;2
11;2025-11-19;5;267
11;2025-11-19;6;1322
11;2025-11-19;7;2503
11;2025-11-19;8;3317
11;2025-11-19;9;2529
11;2025-11-19;10;2051
11;2025-11-19;11;1994
11;2025-11-19;12;2018
11;2025-11-19;13;2085
11;2025-11-19;14;2133
11;2025-11-19;15;2084
11;2025-11-19;16;2306
11;2025-11-19;17;2888
11;2025-11-19;18;3102
11;2025-11-19;19;2241
11;2025-11-19;20;1435
11;2025-11-19;21;830
11;2025-11-19;22;405
11;2025-11-19;23;232
11;2025-11-20;0;59
11;2025-11-20;1;1
11;2025-11-20;2;0
11;2025-11-20;3;0
11;2025-11-20;4;2
11;2025-11-20;5;265
11;2025-11-20;6;1318
11;2025-11-20;7;2486
11;2025-11-20;8;3304
11;2025-11-20;9;2521
11;2025-11-20;10;2057
11;2025-11-20;11;1995
11;2025-11-20;12;2024
11;2025-11-20;13;2086
11;2025-11-20;14;2136
11;2025-11-20;15;2089
11;2025-11-20;16;2310
11;2025-11-20;17;2887
11;2025-11-20;18;3096
11;2025-11-20;19;2229
11;2025-11-20;20;1428
11;2025-11-20;21;825
11;2025-11-20;22;403
11;2025-11-20;23;235
11;2025-11-21;0;65
11;2025-11-21;1;1
11;2025-11-21;2;0
11;2025-11-21;3;0
11;2025-11-21;4;2
11;2025-11-21;5;262
11;2025-11-21;6;1301
11;2025-11-21;7;2360
11;2025-11-21;8;3167
11;2025-11-21;9;2337
11;2025-11-21;10;1948
11;2025-11-21;11;1839
11;2025-11-21;12;1960
11;2025-11-21;13;1964
11;2025-11-21;14;2075
11;2025-11-21;15;2171
11;2025-11-21;16;2384
11;2025-11-21;17;2787
11;2025-11-21;18;2447
11;2025-11-21;19;1895
11;2025-11-21;20;1321
11;2025-11-21;21;804
11;2025-11-21;22;375
11;2025-11-21;23;291
11;2025-11-22;0;103
11;2025-11-22;1;3
11;2025-11-22;2;0
11;2025-11-22;3;0
11;2025-11-22;4;3
11;2025-11-22;5;168
11;2025-11-22;6;752
11;2025-11-22;7;788
11;2025-11-22;8;1045
11;2025-11-22;9;1159
11;2025-11-22;10;1190
11;2025-11-22;11;1604
11;2025-11-22;12;1783
11;2025-11-22;13;1746
11;2025-11-22;14;1885
11;2025-11-22;15;1810
11;2025-11-22;16;1744
11;2025-11-22;17;1766
11;2025-11-22;18;1450
11;2025-11-22;19;1350
11;2025-11-22;20;966
11;2025-11-22;21;682
11;2025-11-22;22;387
11;2025-11-22;23;273
11;2025-11-23;0;101
11;2025-11-23;1;12
11;2025-11-23;2;0
11;2025-11-23;3;0
11;2025-11-23;4;1
11;2025-11-23;5;114
11;2025-11-23;6;441
11;2025-11-23;7;462
11;2025-11-23;8;648
11;2025-11-23;9;821
11;2025-11-23;10;899
11;2025-11-23;11;1381
11;2025-11-23;12;1470
11;2025-11-23;13;1430
11;2025-11-23;14;1514
11;2025-11-23;15;1496
11;2025-11-23;16;1462
11;2025-11-23;17;1530
11;2025-11-23;18;1181
11;2025-11-23;19;936
11;2025-11-23;20;787
11;2025-11-23;21;543
11;2025-11-23;22;319
11;2025-11-23;23;217
11;2025-11-24;0;70
11;2025-11-24;1;10
11;2025-11-24;2;0
11;2025-11-24;3;0
11;2025-11-24;4;3
11;2025-11-24;5;272
11;2025-11-24;6;1347
11;2025-11-24;7;2445
11;2025-11-24;8;3218
11;2025-11-24;9;2447
11;2025-11-24;10;1889
11;2025-11-24;11;1877
11;2025-11-24;12;1838
11;2025-11-24;13;1919
11;2025-11-24;14;1992
11;2025-11-24;15;2117
11;2025-11-24;16;2303
11;2025-11-24;17;2876
11;2025-11-24;18;3006
11;2025-11-24;19;2161
11;2025-11-24;20;1279
11;2025-11-24;21;784
11;2025-11-24;22;353
11;2025-11-24;23;210
11;2025-11-25;0;57
11;2025-11-25;1;1
11;2025-11-25;2;0
11;2025-11-25;3;0
11;2025-11-25;4;2
11;2025-11-25;5;265
11;2025-11-25;6;1320
11;2025-11-25;7;2502
11;2025-11-25;8;3321
11;2025-11-25;9;2520
11;2025-11-25;10;2044
11;2025-11-25;11;1983
11;2025-11-25;12;2008
11;2025-11-25;13;2083
11;2025-11-25;14;2118
11;2025-11-25;15;2071
11;2025-11-25;16;2307
11;2025-11-25;17;2882
11;2025-11-25;18;3132
11;2025-11-25;19;2239
11;2025-11-25;20;1434
11;2025-11-25;21;827
11;2025-11-25;22;401
11;2025-11-25;23;223
11;2025-11-26;0;58
11;2025-11-26;1;1
11;2025-11-26;2;0
11;2025-11-26;3;0
11;2025-11-26;4;2
11;2025-11-26;5;267
11;2025-11-26;6;1322
11;2025-11-26;7;2505
11;2025-11-26;8;3334
11;2025-11-26;9;2529
11;2025-11-26;10;2054
11;2025-11-26;11;1989
11;2025-11-26;12;2011
11;2025-11-26;13;2072
11;2025-11-26;14;2118
11;2025-11-26;15;2072
11;2025-11-26;16;2298
11;2025-11-26;17;2879
11;2025-11-26;18;3089
11;2025-11-26;19;2236
11;2025-11-26;20;1432
11;2025-11-26;21;829
11;2025-11-26;22;409
11;2025-11-26;23;236
11;2025-11-27;0;59
11;2025-11-27;1;1
11;2025-11-27;2;0
11;2025-11-27;3;0
11;2025-11-27;4;2
11;2025-11-27;5;276
11;2025-11-27;6;1328
11;2025-11-27;7;2489
11;2025-11-27;8;3304
11;2025-11-27;9;2535
11;2025-11-27;10;2060
11;2025-11-27;11;2000
11;2025-11-27;12;2020
11;2025-11-27;13;2083
11;2025-11-27;14;2131
11;2025-11-27;15;2099
11;2025-11-27;16;2305
11;2025-11-27;17;2884
11;2025-11-27;18;3092
11;2025-11-27;19;2230
11;2025-11-27;20;1430
11;2025-11-27;21;826
11;2025-11-27;22;406
11;2025-11-27;23;233
11;2025-11-28;0;65
11;2025-11-28;1;1
11;2025-11-28;2;0
11;2025-11-28;3;0
11;2025-11-28;4;2
11;2025-11-28;5;263
11;2025-11-28;6;1302
11;2025-11-28;7;2358
11;2025-11-28;8;3163
11;2025-11-28;9;2332
11;2025-11-28;10;1945
11;2025-11-28;11;1841
11;2025-11-28;12;1947
11;2025-11-28;13;1953
11;2025-11-28;14;2062
11;2025-11-28;15;2163
11;2025-11-28;16;2374
11;2025-11-28;17;2789
11;2025-11-28;18;2468
11;2025-11-28;19;1915
11;2025-11-28;20;1346
11;2025-11-28;21;829
11;2025-11-28;22;394
11;2025-11-28;23;304
11;2025-11-29;0;104
11;2025-11-29;1;3
11;2025-11-29;2;0
11;2025-11-29;3;0
11;2025-11-29;4;2
11;2025-11-29;5;140
11;2025-11-29;6;718
11;2025-11-29;7;753
11;2025-11-29;8;1001
11;2025-11-29;9;1105
11;2025-11-29;10;1313
11;2025-11-29;11;1695
11;2025-11-29;12;1889
11;2025-11-29;13;1832
11;2025-11-29;14;1885
11;2025-11-29;15;1833
11;2025-11-29;16;1768
11;2025-11-29;17;1793
11;2025-11-29;18;1459
11;2025-11-29;19;1353
11;2025-11-29;20;970
11;2025-11-29;21;686
11;2025-11-29;22;384
11;2025-11-29;23;277
11;2025-11-30;0;101
11;2025-11-30;1;12
11;2025-11-30;2;0
11;2025-11-30;3;0
11;2025-11-30;4;1
11;2025-11-30;5;111
11;2025-11-30;6;437
11;2025-11-30;7;467
11;2025-11-30;8;668
11;2025-11-30;9;898
11;2025-11-30;10;992
11;2025-11-30;11;1386
11;2025-11-30;12;1463
11;2025-11-30;13;1426
11;2025-11-30;14;1515
11;2025-11-30;15;1371
11;2025-11-30;16;1470
11;2025-11-30;17;1534
11;2025-11-30;18;1187
11;2025-11-30;19;944
11;2025-11-30;20;789
11;2025-11-30;21;544
11;2025-11-30;22;321
11;2025-11-30;23;219
11;2025-12-01;0;70
11;2025-12-01;1;10
11;2025-12-01;2;0
11;2025-12-01;3;0
11;2025-12-01;4;3
11;2025-12-01;5;269
11;2025-12-01;6;1342
11;2025-12-01;7;2440
11;2025-12-01;8;3215
11;2025-12-01;9;2446
11;2025-12-01;10;1894
11;2025-12-01;11;1872
11;2025-12-01;12;1836
11;2025-12-01;13;1929
11;2025-12-01;14;2005
11;2025-12-01;15;2126
11;2025-12-01;16;2306
11;2025-12-01;17;2878
11;2025-12-01;18;3008
11;2025-12-01;19;2164
11;2025-12-01;20;1283
11;2025-12-01;21;781
11;2025-12-01;22;352
11;2025-12-01;23;204
11;2025-12-02;0;57
11;2025-12-02;1;0
11;2025-12-02;2;0
11;2025-12-02;3;0
11;2025-12-02;4;2
11;2025-12-02;5;265
11;2025-12-02;6;1319
11;2025-12-02;7;2498
11;2025-12-02;8;3317
11;2025-12-02;9;2516
11;2025-12-02;10;2032
11;2025-12-02;11;1970
11;2025-12-02;12;1991
11;2025-12-02;13;2071
11;2025-12-02;14;2118
11;2025-12-02;15;2069
11;2025-12-02;16;2292
11;2025-12-02;17;2880
11;2025-12-02;18;3098
11;2025-12-02;19;2236
11;2025-12-02;20;1435
11;2025-12-02;21;822
11;2025-12-02;22;396
11;2025-12-02;23;218
11;2025-12-03;0;57
11;2025-12-03;1;0
11;2025-12-03;2;0
11;2025-12-03;3;0
11;2025-12-03;4;2
11;2025-12-03;5;265
11;2025-12-03;6;1319
11;2025-12-03;7;2499
11;2025-12-03;8;3314
11;2025-12-03;9;2517
11;2025-12-03;10;2040
11;2025-12-03;11;1985
11;2025-12-03;12;2006
11;2025-12-03;13;2065
11;2025-12-03;14;2116
11;2025-12-03;15;2069
11;2025-12-03;16;2303
11;2025-12-03;17;2884
11;2025-12-03;18;3098
11;2025-12-03;19;2224
11;2025-12-03;20;1429
11;2025-12-03;21;826
11;2025-12-03;22;403
11;2025-12-03;23;232
11;2025-12-04;0;58
11;2025-12-04;1;1
11;2025-12-04;2;0
11;2025-12-04;3;0
11;2025-12-04;4;2
11;2025-12-04;5;265
11;2025-12-04;6;1319
11;2025-12-04;7;2497
11;2025-12-04;8;3309
11;2025-12-04;9;2516
11;2025-12-04;10;2048
11;2025-12-04;11;1993
11;2025-12-04;12;2019
11;2025-12-04;13;2082
11;2025-12-04;14;2122
11;2025-12-04;15;2078
11;2025-12-04;16;2316
11;2025-12-04;17;2892
11;2025-12-04;18;3101
11;2025-12-04;19;2232
11;2025-12-04;20;1435
11;2025-12-04;21;831
11;2025-12-04;22;409
11;2025-12-04;23;240
11;2025-12-05;0;66
11;2025-12-05;1;2
11;2025-12-05;2;0
11;2025-12-05;3;0
11;2025-12-05;4;3
11;2025-12-05;5;262
11;2025-12-05;6;1301
11;2025-12-05;7;2358
11;2025-12-05;8;3161
11;2025-12-05;9;2322
11;2025-12-05;10;1935
11;2025-12-05;11;1835
11;2025-12-05;12;1945
11;2025-12-05;13;1958
11;2025-12-05;14;2068
11;2025-12-05;15;2169
11;2025-12-05;16;2382
11;2025-12-05;17;2784
11;2025-12-05;18;2470
11;2025-12-05;19;1913
11;2025-12-05;20;1333
11;2025-12-05;21;816
11;2025-12-05;22;381
11;2025-12-05;23;297
11;2025-12-06;0;104
11;2025-12-06;1;3
11;2025-12-06;2;0
11;2025-12-06;3;0
11;2025-12-06;4;3
11;2025-12-06;5;167
11;2025-12-06;6;754
11;2025-12-06;7;789
11;2025-12-06;8;1012
11;2025-12-06;9;1112
11;2025-12-06;10;1269
11;2025-12-06;11;1593
11;2025-12-06;12;1773
11;2025-12-06;13;1729
11;2025-12-06;14;1869
11;2025-12-06;15;1831
11;2025-12-06;16;1764
11;2025-12-06;17;1790
11;2025-12-06;18;1485
11;2025-12-06;19;1388
11;2025-12-06;20;988
11;2025-12-06;21;700
11;2025-12-06;22;393
11;2025-12-06;23;284
11;2025-12-07;0;103
11;2025-12-07;1;13
11;2025-12-07;2;0
11;2025-12-07;3;0
11;2025-12-07;4;1
11;2025-12-07;5;111
11;2025-12-07;6;412
11;2025-12-07;7;438
11;2025-12-07;8;628
11;2025-12-07;9;849
11;2025-12-07;10;902
11;2025-12-07;11;1381
11;2025-12-07;12;1473
11;2025-12-07;13;1448
11;2025-12-07;14;1538
11;2025-12-07;15;1522
11;2025-12-07;16;1494
11;2025-12-07;17;1555
11;2025-12-07;18;1209
11;2025-12-07;19;956
11;2025-12-07;20;798
11;2025-12-07;21;557
11;2025-12-07;22;330
11;2025-12-07;23;225
11;2025-12-08;0;70
11;2025-12-08;1;10
11;2025-12-08;2;0
11;2025-12-08;3;0
11;2025-12-08;4;3
11;2025-12-08;5;267
11;2025-12-08;6;1342
11;2025-12-08;7;2440
11;2025-12-08;8;3212
11;2025-12-08;9;2443
11;2025-12-08;10;1893
11;2025-12-08;11;1879
11;2025-12-08;12;1840
11;2025-12-08;13;1938
11;2025-12-08;14;2015
11;2025-12-08;15;2140
11;2025-12-08;16;2317
11;2025-12-08;17;2880
11;2025-12-08;18;3009
11;2025-12-08;19;2171
11;2025-12-08;20;1287
11;2025-12-08;21;789
11;2025-12-08;22;356
11;2025-12-08;23;209
11;2025-12-09;0;58
11;2025-12-09;1;1
11;2025-12-09;2;0
11;2025-12-09;3;0
11;2025-12-09;4;3
11;2025-12-09;5;255
11;2025-12-09;6;1309
11;2025-12-09;7;2497
11;2025-12-09;8;3326
11;2025-12-09;9;2525
11;2025-12-09;10;2023
11;2025-12-09;11;1968
11;2025-12-09;12;1991
11;2025-12-09;13;2065
11;2025-12-09;14;2112
11;2025-12-09;15;2073
11;2025-12-09;16;2297
11;2025-12-09;17;2880
11;2025-12-09;18;3098
11;2025-12-09;19;2236
11;2025-12-09;20;1428
11;2025-12-09;21;822
11;2025-12-09;22;396
11;2025-12-09;23;218
11;2025-12-10;0;58
11;2025-12-10;1;1
11;2025-12-10;2;0
11;2025-12-10;3;0
11;2025-12-10;4;2
11;2025-12-10;5;265
11;2025-12-10;6;1319
11;2025-12-10;7;2500
11;2025-12-10;8;3314
11;2025-12-10;9;2517
11;2025-12-10;10;2038
11;2025-12-10;11;1979
11;2025-12-10;12;2001
11;2025-12-10;13;2070
11;2025-12-10;14;2123
11;2025-12-10;15;2079
11;2025-12-10;16;2297
11;2025-12-10;17;2879
11;2025-12-10;18;3097
11;2025-12-10;19;2236
11;2025-12-10;20;1429
11;2025-12-10;21;824
11;2025-12-10;22;402
11;2025-12-10;23;232
11;2025-12-11;0;59
11;2025-12-11;1;1
11;2025-12-11;2;0
11;2025-12-11;3;0
11;2025-12-11;4;2
11;2025-12-11;5;265
11;2025-12-11;6;1320
11;2025-12-11;7;2498
11;2025-12-11;8;3310
11;2025-12-11;9;2516
11;2025-12-11;10;2046
11;2025-12-11;11;1987
11;2025-12-11;12;2019
11;2025-12-11;13;2087
11;2025-12-11;14;2135
11;2025-12-11;15;2092
11;2025-12-11;16;2310
11;2025-12-11;17;2887
11;2025-12-11;18;3096
11;2025-12-11;19;2232
11;2025-12-11;20;1435
11;2025-12-11;21;832
11;2025-12-11;22;408
11;2025-12-11;23;240
11;2025-12-12;0;65
11;2025-12-12;1;1
11;2025-12-12;2;0
11;2025-12-12;3;0
11;2025-12-12;4;3
11;2025-12-12;5;262
11;2025-12-12;6;1301
11;2025-12-12;7;2358
11;2025-12-12;8;3161
11;2025-12-12;9;2322
11;2025-12-12;10;1935
11;2025-12-12;11;1835
11;2025-12-12;12;1947
11;2025-12-12;13;1949
11;2025-12-12;14;2063
11;2025-12-12;15;2166
11;2025-12-12;16;2382
11;2025-12-12;17;2786
11;2025-12-12;18;2467
11;2025-12-12;19;1911
11;2025-12-12;20;1334
11;2025-12-12;21;815
11;2025-12-12;22;383
11;2025-12-12;23;295
11;2025-12-13;0;104
11;2025-12-13;1;3
11;2025-12-13;2;0
11;2025-12-13;3;0
11;2025-12-13;4;3
11;2025-12-13;5;171
11;2025-12-13;6;761
11;2025-12-13;7;798
11;2025-12-13;8;1047
11;2025-12-13;9;1173
11;2025-12-13;10;1320
11;2025-12-13;11;1523
11;2025-12-13;12;1794
11;2025-12-13;13;1735
11;2025-12-13;14;1875
11;2025-12-13;15;1827
11;2025-12-13;16;1757
11;2025-12-13;17;1783
11;2025-12-13;18;1484
11;2025-12-13;19;1377
11;2025-12-13;20;982
11;2025-12-13;21;695
11;2025-12-13;22;390
11;2025-12-13;23;284
11;2025-12-14;0;101
11;2025-12-14;1;12
11;2025-12-14;2;0
11;2025-12-14;3;0
11;2025-12-14;4;1
11;2025-12-14;5;90
11;2025-12-14;6;415
11;2025-12-14;7;438
11;2025-12-14;8;628
11;2025-12-14;9;849
11;2025-12-14;10;988
11;2025-12-14;11;1383
11;2025-12-14;12;1473
11;2025-12-14;13;1448
11;2025-12-14;14;1538
11;2025-12-14;15;1516
11;2025-12-14;16;1494
11;2025-12-14;17;1555
11;2025-12-14;18;1210
11;2025-12-14;19;956
11;2025-12-14;20;799
11;2025-12-14;21;551
11;2025-12-14;22;325
11;2025-12-14;23;221
11;2025-12-15;0;71
11;2025-12-15;1;9
11;2025-12-15;2;0
11;2025-12-15;3;0
11;2025-12-15;4;3
11;2025-12-15;5;271
11;2025-12-15;6;1346
11;2025-12-15;7;2444
11;2025-12-15;8;3216
11;2025-12-15;9;2446
11;2025-12-15;10;1894
11;2025-12-15;11;1878
11;2025-12-15;12;1841
11;2025-12-15;13;1931
11;2025-12-15;14;2008
11;2025-12-15;15;2128
11;2025-12-15;16;2317
11;2025-12-15;17;2885
11;2025-12-15;18;3012
11;2025-12-15;19;2168
11;2025-12-15;20;1288
11;2025-12-15;21;788
11;2025-12-15;22;357
11;2025-12-15;23;209
11;2025-12-16;0;57
11;2025-12-16;1;1
11;2025-12-16;2;0
11;2025-12-16;3;0
11;2025-12-16;4;2
11;2025-12-16;5;263
11;2025-12-16;6;1317
11;2025-12-16;7;2500
11;2025-12-16;8;3319
11;2025-12-16;9;2518
11;2025-12-16;10;2034
11;2025-12-16;11;1970
11;2025-12-16;12;1991
11;2025-12-16;13;2071
11;2025-12-16;14;2118
11;2025-12-16;15;2074
11;2025-12-16;16;2298
11;2025-12-16;17;2881
11;2025-12-16;18;3093
11;2025-12-16;19;2231
11;2025-12-16;20;1432
11;2025-12-16;21;824
11;2025-12-16;22;401
11;2025-12-16;23;222
11;2025-12-17;0;58
11;2025-12-17;1;1
11;2025-12-17;2;0
11;2025-12-17;3;0
11;2025-12-17;4;3
11;2025-12-17;5;268
11;2025-12-17;6;1325
11;2025-12-17;7;2507
11;2025-12-17;8;3319
11;2025-12-17;9;2530
11;2025-12-17;10;2047
11;2025-12-17;11;1990
11;2025-12-17;12;2005
11;2025-12-17;13;2069
11;2025-12-17;14;2117
11;2025-12-17;15;2072
11;2025-12-17;16;2295
11;2025-12-17;17;2876
11;2025-12-17;18;3091
11;2025-12-17;19;2226
11;2025-12-17;20;1425
11;2025-12-17;21;828
11;2025-12-17;22;408
11;2025-12-17;23;232
11;2025-12-18;0;58
11;2025-12-18;1;0
11;2025-12-18;2;0
11;2025-12-18;3;0
11;2025-12-18;4;2
11;2025-12-18;5;264
11;2025-12-18;6;1325
11;2025-12-18;7;2497
11;2025-12-18;8;3310
11;2025-12-18;9;2516
11;2025-12-18;10;2048
11;2025-12-18;11;1987
11;2025-12-18;12;2019
11;2025-12-18;13;2087
11;2025-12-18;14;2135
11;2025-12-18;15;2092
11;2025-12-18;16;2316
11;2025-12-18;17;2892
11;2025-12-18;18;3101
11;2025-12-18;19;2232
11;2025-12-18;20;1435
11;2025-12-18;21;832
11;2025-12-18;22;409
11;2025-12-18;23;240
11;2025-12-19;0;65
11;2025-12-19;1;1
11;2025-12-19;2;0
11;2025-12-19;3;0
11;2025-12-19;4;3
11;2025-12-19;5;267
11;2025-12-19;6;1308
11;2025-12-19;7;2350
11;2025-12-19;8;3162
11;2025-12-19;9;2324
11;2025-12-19;10;1940
11;2025-12-19;11;1842
11;2025-12-19;12;1947
11;2025-12-19;13;1953
11;2025-12-19;14;2060
11;2025-12-19;15;2162
11;2025-12-19;16;2371
11;2025-12-19;17;2777
11;2025-12-19;18;2458
11;2025-12-19;19;1907
11;2025-12-19;20;1328
11;2025-12-19;21;810
11;2025-12-19;22;378
11;2025-12-19;23;292
11;2025-12-20;0;104
11;2025-12-20;1;3
11;2025-12-20;2;0
11;2025-12-20;3;0
11;2025-12-20;4;2
11;2025-12-20;5;169
11;2025-12-20;6;759
11;2025-12-20;7;797
11;2025-12-20;8;1049
11;2025-12-20;9;1179
11;2025-12-20;10;1351
11;2025-12-20;11;1618
11;2025-12-20;12;1799
11;2025-12-20;13;1734
11;2025-12-20;14;1873
11;2025-12-20;15;1827
11;2025-12-20;16;1759
11;2025-12-20;17;1783
11;2025-12-20;18;1568
11;2025-12-20;19;1400
11;2025-12-20;20;976
11;2025-12-20;21;692
11;2025-12-20;22;391
11;2025-12-20;23;282
11;2025-12-21;0;103
11;2025-12-21;1;13
11;2025-12-21;2;0
11;2025-12-21;3;0
11;2025-12-21;4;2
11;2025-12-21;5;117
11;2025-12-21;6;448
11;2025-12-21;7;471
11;2025-12-21;8;660
11;2025-12-21;9;907
11;2025-12-21;10;1009
11;2025-12-21;11;1489
11;2025-12-21;12;1512
11;2025-12-21;13;1447
11;2025-12-21;14;1535
11;2025-12-21;15;1513
11;2025-12-21;16;1485
11;2025-12-21;17;1547
11;2025-12-21;18;1191
11;2025-12-21;19;948
11;2025-12-21;20;795
11;2025-12-21;21;548
11;2025-12-21;22;322
11;2025-12-21;23;215
11;2025-12-22;0;70
11;2025-12-22;1;9
11;2025-12-22;2;0
11;2025-12-22;3;0
11;2025-12-22;4;3
11;2025-12-22;5;272
11;2025-12-22;6;1346
11;2025-12-22;7;2447
11;2025-12-22;8;3218
11;2025-12-22;9;2448
11;2025-12-22;10;1888
11;2025-12-22;11;1875
11;2025-12-22;12;1834
11;2025-12-22;13;1929
11;2025-12-22;14;2005
11;2025-12-22;15;2153
11;2025-12-22;16;2306
11;2025-12-22;17;2877
11;2025-12-22;18;3044
11;2025-12-22;19;2171
11;2025-12-22;20;1290
11;2025-12-22;21;790
11;2025-12-22;22;360
11;2025-12-22;23;210
11;2025-12-23;0;58
11;2025-12-23;1;0
11;2025-12-23;2;0
11;2025-12-23;3;0
11;2025-12-23;4;2
11;2025-12-23;5;268
11;2025-12-23;6;1322
11;2025-12-23;7;2507
11;2025-12-23;8;3326
11;2025-12-23;9;2534
11;2025-12-23;10;2047
11;2025-12-23;11;1980
11;2025-12-23;12;2006
11;2025-12-23;13;2083
11;2025-12-23;14;2133
11;2025-12-23;15;2071
11;2025-12-23;16;2293
11;2025-12-23;17;2878
11;2025-12-23;18;3096
11;2025-12-23;19;2234
11;2025-12-23;20;1431
11;2025-12-23;21;825
11;2025-12-23;22;402
11;2025-12-23;23;223
11;2025-12-24;0;58
11;2025-12-24;1;1
11;2025-12-24;2;0
11;2025-12-24;3;0
11;2025-12-24;4;2
11;2025-12-24;5;271
11;2025-12-24;6;1331
11;2025-12-24;7;2503
11;2025-12-24;8;3321
11;2025-12-24;9;2533
11;2025-12-24;10;2050
11;2025-12-24;11;1988
11;2025-12-24;12;2009
11;2025-12-24;13;2074
11;2025-12-24;14;2117
11;2025-12-24;15;2072
11;2025-12-24;16;2295
11;2025-12-24;17;2876
11;2025-12-24;18;3087
11;2025-12-24;19;2226
11;2025-12-24;20;1431
11;2025-12-24;21;828
11;2025-12-24;22;408
11;2025-12-24;23;236
11;2025-12-25;0;58
11;2025-12-25;1;0
11;2025-12-25;2;0
11;2025-12-25;3;0
11;2025-12-25;4;2
11;2025-12-25;5;267
11;2025-12-25;6;1322
11;2025-12-25;7;2500
11;2025-12-25;8;3311
11;2025-12-25;9;2518
11;2025-12-25;10;2048
11;2025-12-25;11;1987
11;2025-12-25;12;2019
11;2025-12-25;13;2087
11;2025-12-25;14;2136
11;2025-12-25;15;2086
11;2025-12-25;16;2310
11;2025-12-25;17;2887
11;2025-12-25;18;3096
11;2025-12-25;19;2232
11;2025-12-25;20;1435
11;2025-12-25;21;832
11;2025-12-25;22;409
11;2025-12-25;23;240
11;2025-12-26;0;66
11;2025-12-26;1;2
11;2025-12-26;2;0
11;2025-12-26;3;0
11;2025-12-26;4;3
11;2025-12-26;5;264
11;2025-12-26;6;1302
11;2025-12-26;7;2361
11;2025-12-26;8;3164
11;2025-12-26;9;2326
11;2025-12-26;10;1944
11;2025-12-26;11;1839
11;2025-12-26;12;1945
11;2025-12-26;13;1952
11;2025-12-26;14;2061
11;2025-12-26;15;2181
11;2025-12-26;16;2374
11;2025-12-26;17;2780
11;2025-12-26;18;2461
11;2025-12-26;19;1901
11;2025-12-26;20;1329
11;2025-12-26;21;812
11;2025-12-26;22;383
11;2025-12-26;23;299
11;2025-12-27;0;104
11;2025-12-27;1;3
11;2025-12-27;2;0
11;2025-12-27;3;0
11;2025-12-27;4;3
11;2025-12-27;5;170
11;2025-12-27;6;759
11;2025-12-27;7;793
11;2025-12-27;8;1043
11;2025-12-27;9;1156
11;2025-12-27;10;1312
11;2025-12-27;11;1603
11;2025-12-27;12;1793
11;2025-12-27;13;1733
11;2025-12-27;14;1873
11;2025-12-27;15;1824
11;2025-12-27;16;1757
11;2025-12-27;17;1783
11;2025-12-27;18;1469
11;2025-12-27;19;1369
11;2025-12-27;20;981
11;2025-12-27;21;695
11;2025-12-27;22;391
11;2025-12-27;23;282
11;2025-12-28;0;103
11;2025-12-28;1;13
11;2025-12-28;2;0
11;2025-12-28;3;0
11;2025-12-28;4;1
11;2025-12-28;5;90
11;2025-12-28;6;435
11;2025-12-28;7;458
11;2025-12-28;8;648
11;2025-12-28;9;849
11;2025-12-28;10;949
11;2025-12-28;11;1381
11;2025-12-28;12;1467
11;2025-12-28;13;1448
11;2025-12-28;14;1537
11;2025-12-28;15;1522
11;2025-12-28;16;1494
11;2025-12-28;17;1661
11;2025-12-28;18;1282
11;2025-12-28;19;1005
11;2025-12-28;20;819
11;2025-12-28;21;576
11;2025-12-28;22;346
11;2025-12-28;23;230
11;2025-12-29;0;65
11;2025-12-29;1;9
11;2025-12-29;2;0
11;2025-12-29;3;0
11;2025-12-29;4;3
11;2025-12-29;5;258
11;2025-12-29;6;1244
11;2025-12-29;7;2253
11;2025-12-29;8;2965
11;2025-12-29;9;2255
11;2025-12-29;10;1738
11;2025-12-29;11;1731
11;2025-12-29;12;1727
11;2025-12-29;13;1790
11;2025-12-29;14;1878
11;2025-12-29;15;1964
11;2025-12-29;16;2139
11;2025-12-29;17;2689
11;2025-12-29;18;2825
11;2025-12-29;19;2020
11;2025-12-29;20;1208
11;2025-12-29;21;742
11;2025-12-29;22;331
11;2025-12-29;23;194
11;2025-12-30;0;53
11;2025-12-30;1;1
11;2025-12-30;2;0
11;2025-12-30;3;0
11;2025-12-30;4;2
11;2025-12-30;5;248
11;2025-12-30;6;1224
11;2025-12-30;7;2305
11;2025-12-30;8;3060
11;2025-12-30;9;2329
11;2025-12-30;10;1879
11;2025-12-30;11;1821
11;2025-12-30;12;1838
11;2025-12-30;13;1904
11;2025-12-30;14;1945
11;2025-12-30;15;1911
11;2025-12-30;16;2120
11;2025-12-30;17;2661
11;2025-12-30;18;2862
11;2025-12-30;19;2070
11;2025-12-30;20;1329
11;2025-12-30;21;767
11;2025-12-30;22;376
11;2025-12-30;23;208
11;2025-12-31;0;82
11;2025-12-31;1;9
11;2025-12-31;2;0
11;2025-12-31;3;0
11;2025-12-31;4;2
11;2025-12-31;5;82
11;2025-12-31;6;388
11;2025-12-31;7;396
11;2025-12-31;8;552
11;2025-12-31;9;753
11;2025-12-31;10;840
11;2025-12-31;11;1167
11;2025-12-31;12;1104
11;2025-12-31;13;1075
11;2025-12-31;14;1279
11;2025-12-31;15;1230
11;2025-12-31;16;1238
11;2025-12-31;17;1269
11;2025-12-31;18;1029
11;2025-12-31;19;870
11;2025-12-31;20;0
11;2025-12-31;21;0
11;2025-12-31;22;0
11;2025-12-31;23;0
12;2025-11-01;0;51
12;2025-11-01;1;2
12;2025-11-01;2;0
12;2025-11-01;3;0
12;2025-11-01;4;4
12;2025-11-01;5;283
12;2025-11-01;6;1261
12;2025-11-01;7;2496
12;2025-11-01;8;3190
12;2025-11-01;9;2337
12;2025-11-01;10;1811
12;2025-11-01;11;1844
12;2025-11-01;12;1909
12;2025-11-01;13;2047
12;2025-11-01;14;1933
12;2025-11-01;15;2227
12;2025-11-01;16;2696
12;2025-11-01;17;2735
12;2025-11-01;18;2431
12;2025-11-01;19;2010
12;2025-11-01;20;1287
12;2025-11-01;21;838
12;2025-11-01;22;426
12;2025-11-01;23;272
12;2025-11-02;0;84
12;2025-11-02;1;5
12;2025-11-02;2;0
12;2025-11-02;3;0
12;2025-11-02;4;3
12;2025-11-02;5;142
12;2025-11-02;6;487
12;2025-11-02;7;637
12;2025-11-02;8;737
12;2025-11-02;9;938
12;2025-11-02;10;1122
12;2025-11-02;11;1291
12;2025-11-02;12;1411
12;2025-11-02;13;1572
12;2025-11-02;14;1476
12;2025-11-02;15;1537
12;2025-11-02;16;1588
12;2025-11-02;17;1565
12;2025-11-02;18;1326
12;2025-11-02;19;1014
12;2025-11-02;20;780
12;2025-11-02;21;577
12;2025-11-02;22;365
12;2025-11-02;23;200
12;2025-11-03;0;76
12;2025-11-03;1;5
12;2025-11-03;2;0
12;2025-11-03;3;0
12;2025-11-03;4;2
12;2025-11-03;5;154
12;2025-11-03;6;516
12;2025-11-03;7;665
12;2025-11-03;8;746
12;2025-11-03;9;914
12;2025-11-03;10;1101
12;2025-11-03;11;1226
12;2025-11-03;12;1304
12;2025-11-03;13;1469
12;2025-11-03;14;1406
12;2025-11-03;15;1423
12;2025-11-03;16;1425
12;2025-11-03;17;1429
12;2025-11-03;18;1269
12;2025-11-03;19;962
12;2025-11-03;20;777
12;2025-11-03;21;571
12;2025-11-03;22;369
12;2025-11-03;23;208
12;2025-11-04;0;74
12;2025-11-04;1;4
12;2025-11-04;2;0
12;2025-11-04;3;0
12;2025-11-04;4;3
12;2025-11-04;5;154
12;2025-11-04;6;507
12;2025-11-04;7;652
12;2025-11-04;8;724
12;2025-11-04;9;890
12;2025-11-04;10;1105
12;2025-11-04;11;1226
12;2025-11-04;12;1298
12;2025-11-04;13;1460
12;2025-11-04;14;1370
12;2025-11-04;15;1480
12;2025-11-04;16;1445
12;2025-11-04;17;1421
12;2025-11-04;18;1272
12;2025-11-04;19;992
12;2025-11-04;20;757
12;2025-11-04;21;569
12;2025-11-04;22;359
12;2025-11-04;23;208
12;2025-11-05;0;53
12;2025-11-05;1;1
12;2025-11-05;2;0
12;2025-11-05;3;0
12;2025-11-05;4;6
12;2025-11-05;5;330
12;2025-11-05;6;1417
12;2025-11-05;7;2804
12;2025-11-05;8;3796
12;2025-11-05;9;2666
12;2025-11-05;10;2184
12;2025-11-05;11;2120
12;2025-11-05;12;2133
12;2025-11-05;13;2135
12;2025-11-05;14;2096
12;2025-11-05;15;2326
12;2025-11-05;16;2826
12;2025-11-05;17;3148
12;2025-11-05;18;3217
12;2025-11-05;19;2372
12;2025-11-05;20;1495
12;2025-11-05;21;939
12;2025-11-05;22;471
12;2025-11-05;23;253
12;2025-11-06;0;54
12;2025-11-06;1;1
12;2025-11-06;2;0
12;2025-11-06;3;0
12;2025-11-06;4;7
12;2025-11-06;5;327
12;2025-11-06;6;1408
12;2025-11-06;7;2785
12;2025-11-06;8;3776
12;2025-11-06;9;2657
12;2025-11-06;10;2180
12;2025-11-06;11;2112
12;2025-11-06;12;2136
12;2025-11-06;13;2143
12;2025-11-06;14;2103
12;2025-11-06;15;2335
12;2025-11-06;16;2830
12;2025-11-06;17;3171
12;2025-11-06;18;3205
12;2025-11-06;19;2378
12;2025-11-06;20;1496
12;2025-11-06;21;940
12;2025-11-06;22;471
12;2025-11-06;23;257
12;2025-11-07;0;57
12;2025-11-07;1;2
12;2025-11-07;2;0
12;2025-11-07;3;0
12;2025-11-07;4;5
12;2025-11-07;5;316
12;2025-11-07;6;1400
12;2025-11-07;7;2776
12;2025-11-07;8;3559
12;2025-11-07;9;2610
12;2025-11-07;10;2008
12;2025-11-07;11;2043
12;2025-11-07;12;2113
12;2025-11-07;13;2280
12;2025-11-07;14;2142
12;2025-11-07;15;2471
12;2025-11-07;16;3004
12;2025-11-07;17;3030
12;2025-11-07;18;2681
12;2025-11-07;19;2208
12;2025-11-07;20;1413
12;2025-11-07;21;930
12;2025-11-07;22;471
12;2025-11-07;23;303
12;2025-11-08;0;80
12;2025-11-08;1;3
12;2025-11-08;2;0
12;2025-11-08;3;0
12;2025-11-08;4;2
12;2025-11-08;5;215
12;2025-11-08;6;753
12;2025-11-08;7;917
12;2025-11-08;8;1056
12;2025-11-08;9;1286
12;2025-11-08;10;1447
12;2025-11-08;11;1543
12;2025-11-08;12;1613
12;2025-11-08;13;1775
12;2025-11-08;14;1670
12;2025-11-08;15;1661
12;2025-11-08;16;1754
12;2025-11-08;17;1702
12;2025-11-08;18;1553
12;2025-11-08;19;1383
12;2025-11-08;20;897
12;2025-11-08;21;744
12;2025-11-08;22;417
12;2025-11-08;23;289
12;2025-11-09;0;85
12;2025-11-09;1;5
12;2025-11-09;2;0
12;2025-11-09;3;0
12;2025-11-09;4;2
12;2025-11-09;5;141
12;2025-11-09;6;494
12;2025-11-09;7;646
12;2025-11-09;8;727
12;2025-11-09;9;944
12;2025-11-09;10;1172
12;2025-11-09;11;1333
12;2025-11-09;12;1482
12;2025-11-09;13;1662
12;2025-11-09;14;1504
12;2025-11-09;15;1532
12;2025-11-09;16;1527
12;2025-11-09;17;1512
12;2025-11-09;18;1332
12;2025-11-09;19;1015
12;2025-11-09;20;781
12;2025-11-09;21;577
12;2025-11-09;22;354
12;2025-11-09;23;200
12;2025-11-10;0;55
12;2025-11-10;1;3
12;2025-11-10;2;0
12;2025-11-10;3;0
12;2025-11-10;4;5
12;2025-11-10;5;320
12;2025-11-10;6;1426
12;2025-11-10;7;2779
12;2025-11-10;8;3723
12;2025-11-10;9;2633
12;2025-11-10;10;2003
12;2025-11-10;11;1955
12;2025-11-10;12;2079
12;2025-11-10;13;2034
12;2025-11-10;14;2059
12;2025-11-10;15;2317
12;2025-11-10;16;2835
12;2025-11-10;17;3122
12;2025-11-10;18;3229
12;2025-11-10;19;2387
12;2025-11-10;20;1558
12;2025-11-10;21;937
12;2025-11-10;22;441
12;2025-11-10;23;230
12;2025-11-11;0;53
12;2025-11-11;1;1
12;2025-11-11;2;0
12;2025-11-11;3;0
12;2025-11-11;4;6
12;2025-11-11;5;331
12;2025-11-11;6;1416
12;2025-11-11;7;2801
12;2025-11-11;8;3798
12;2025-11-11;9;2660
12;2025-11-11;10;2181
12;2025-11-11;11;2110
12;2025-11-11;12;2127
12;2025-11-11;13;2137
12;2025-11-11;14;2098
12;2025-11-11;15;2328
12;2025-11-11;16;2817
12;2025-11-11;17;3164
12;2025-11-11;18;3221
12;2025-11-11;19;2377
12;2025-11-11;20;1487
12;2025-11-11;21;932
12;2025-11-11;22;462
12;2025-11-11;23;241
12;2025-11-12;0;53
12;2025-11-12;1;1
12;2025-11-12;2;0
12;2025-11-12;3;0
12;2025-11-12;4;6
12;2025-11-12;5;329
12;2025-11-12;6;1414
12;2025-11-12;7;2792
12;2025-11-12;8;3771
12;2025-11-12;9;2659
12;2025-11-12;10;2179
12;2025-11-12;11;2114
12;2025-11-12;12;2132
12;2025-11-12;13;2138
12;2025-11-12;14;2098
12;2025-11-12;15;2328
12;2025-11-12;16;2817
12;2025-11-12;17;3163
12;2025-11-12;18;3218
12;2025-11-12;19;2383
12;2025-11-12;20;1493
12;2025-11-12;21;938
12;2025-11-12;22;471
12;2025-11-12;23;253
12;2025-11-13;0;54
12;2025-11-13;1;2
12;2025-11-13;2;0
12;2025-11-13;3;0
12;2025-11-13;4;6
12;2025-11-13;5;326
12;2025-11-13;6;1407
12;2025-11-13;7;2795
12;2025-11-13;8;3767
12;2025-11-13;9;2657
12;2025-11-13;10;2179
12;2025-11-13;11;2110
12;2025-11-13;12;2130
12;2025-11-13;13;2141
12;2025-11-13;14;2103
12;2025-11-13;15;2344
12;2025-11-13;16;2828
12;2025-11-13;17;3169
12;2025-11-13;18;3217
12;2025-11-13;19;2374
12;2025-11-13;20;1494
12;2025-11-13;21;938
12;2025-11-13;22;472
12;2025-11-13;23;258
12;2025-11-14;0;56
12;2025-11-14;1;2
12;2025-11-14;2;0
12;2025-11-14;3;0
12;2025-11-14;4;5
12;2025-11-14;5;319
12;2025-11-14;6;1405
12;2025-11-14;7;2772
12;2025-11-14;8;3540
12;2025-11-14;9;2608
12;2025-11-14;10;2003
12;2025-11-14;11;2030
12;2025-11-14;12;2095
12;2025-11-14;13;2265
12;2025-11-14;14;2131
12;2025-11-14;15;2459
12;2025-11-14;16;2992
12;2025-11-14;17;3020
12;2025-11-14;18;2672
12;2025-11-14;19;2208
12;2025-11-14;20;1409
12;2025-11-14;21;925
12;2025-11-14;22;477
12;2025-11-14;23;301
12;2025-11-15;0;80
12;2025-11-15;1;3
12;2025-11-15;2;0
12;2025-11-15;3;0
12;2025-11-15;4;1
12;2025-11-15;5;218
12;2025-11-15;6;755
12;2025-11-15;7;914
12;2025-11-15;8;1057
12;2025-11-15;9;1292
12;2025-11-15;10;1454
12;2025-11-15;11;1522
12;2025-11-15;12;1590
12;2025-11-15;13;1749
12;2025-11-15;14;1646
12;2025-11-15;15;1629
12;2025-11-15;16;1722
12;2025-11-15;17;1665
12;2025-11-15;18;1516
12;2025-11-15;19;1309
12;2025-11-15;20;903
12;2025-11-15;21;727
12;2025-11-15;22;404
12;2025-11-15;23;281
12;2025-11-16;0;83
12;2025-11-16;1;4
12;2025-11-16;2;0
12;2025-11-16;3;0
12;2025-11-16;4;2
12;2025-11-16;5;136
12;2025-11-16;6;491
12;2025-11-16;7;644
12;2025-11-16;8;726
12;2025-11-16;9;946
12;2025-11-16;10;1124
12;2025-11-16;11;1294
12;2025-11-16;12;1430
12;2025-11-16;13;1562
12;2025-11-16;14;1494
12;2025-11-16;15;1521
12;2025-11-16;16;1499
12;2025-11-16;17;1506
12;2025-11-16;18;1318
12;2025-11-16;19;1006
12;2025-11-16;20;776
12;2025-11-16;21;557
12;2025-11-16;22;353
12;2025-11-16;23;199
12;2025-11-17;0;55
12;2025-11-17;1;3
12;2025-11-17;2;0
12;2025-11-17;3;0
12;2025-11-17;4;6
12;2025-11-17;5;322
12;2025-11-17;6;1425
12;2025-11-17;7;2779
12;2025-11-17;8;3718
12;2025-11-17;9;2637
12;2025-11-17;10;2004
12;2025-11-17;11;1961
12;2025-11-17;12;2083
12;2025-11-17;13;2034
12;2025-11-17;14;2062
12;2025-11-17;15;2324
12;2025-11-17;16;2840
12;2025-11-17;17;3119
12;2025-11-17;18;3227
12;2025-11-17;19;2380
12;2025-11-17;20;1559
12;2025-11-17;21;936
12;2025-11-17;22;439
12;2025-11-17;23;229
12;2025-11-18;0;52
12;2025-11-18;1;1
12;2025-11-18;2;0
12;2025-11-18;3;0
12;2025-11-18;4;6
12;2025-11-18;5;332
12;2025-11-18;6;1417
12;2025-11-18;7;2801
12;2025-11-18;8;3789
12;2025-11-18;9;2663
12;2025-11-18;10;2183
12;2025-11-18;11;2112
12;2025-11-18;12;2129
12;2025-11-18;13;2137
12;2025-11-18;14;2098
12;2025-11-18;15;2328
12;2025-11-18;16;2816
12;2025-11-18;17;3163
12;2025-11-18;18;3216
12;2025-11-18;19;2378
12;2025-11-18;20;1491
12;2025-11-18;21;935
12;2025-11-18;22;466
12;2025-11-18;23;244
12;2025-11-19;0;53
12;2025-11-19;1;2
12;2025-11-19;2;0
12;2025-11-19;3;0
12;2025-11-19;4;6
12;2025-11-19;5;330
12;2025-11-19;6;1414
12;2025-11-19;7;2797
12;2025-11-19;8;3771
12;2025-11-19;9;2661
12;2025-11-19;10;2181
12;2025-11-19;11;2110
12;2025-11-19;12;2127
12;2025-11-19;13;2137
12;2025-11-19;14;2098
12;2025-11-19;15;2327
12;2025-11-19;16;2817
12;2025-11-19;17;3163
12;2025-11-19;18;3218
12;2025-11-19;19;2382
12;2025-11-19;20;1495
12;2025-11-19;21;938
12;2025-11-19;22;472
12;2025-11-19;23;254
12;2025-11-20;0;54
12;2025-11-20;1;1
12;2025-11-20;2;0
12;2025-11-20;3;0
12;2025-11-20;4;6
12;2025-11-20;5;326
12;2025-11-20;6;1410
12;2025-11-20;7;2786
12;2025-11-20;8;3775
12;2025-11-20;9;2663
12;2025-11-20;10;2182
12;2025-11-20;11;2112
12;2025-11-20;12;2131
12;2025-11-20;13;2140
12;2025-11-20;14;2102
12;2025-11-20;15;2331
12;2025-11-20;16;2820
12;2025-11-20;17;3162
12;2025-11-20;18;3216
12;2025-11-20;19;2375
12;2025-11-20;20;1494
12;2025-11-20;21;938
12;2025-11-20;22;473
12;2025-11-20;23;259
12;2025-11-21;0;56
12;2025-11-21;1;2
12;2025-11-21;2;0
12;2025-11-21;3;0
12;2025-11-21;4;5
12;2025-11-21;5;328
12;2025-11-21;6;1410
12;2025-11-21;7;2786
12;2025-11-21;8;3548
12;2025-11-21;9;2616
12;2025-11-21;10;2011
12;2025-11-21;11;2039
12;2025-11-21;12;2104
12;2025-11-21;13;2272
12;2025-11-21;14;2135
12;2025-11-21;15;2463
12;2025-11-21;16;3000
12;2025-11-21;17;3022
12;2025-11-21;18;2680
12;2025-11-21;19;2202
12;2025-11-21;20;1411
12;2025-11-21;21;929
12;2025-11-21;22;477
12;2025-11-21;23;306
12;2025-11-22;0;80
12;2025-11-22;1;3
12;2025-11-22;2;0
12;2025-11-22;3;0
12;2025-11-22;4;1
12;2025-11-22;5;215
12;2025-11-22;6;754
12;2025-11-22;7;914
12;2025-11-22;8;1058
12;2025-11-22;9;1273
12;2025-11-22;10;1313
12;2025-11-22;11;1518
12;2025-11-22;12;1574
12;2025-11-22;13;1762
12;2025-11-22;14;1655
12;2025-11-22;15;1609
12;2025-11-22;16;1702
12;2025-11-22;17;1640
12;2025-11-22;18;1497
12;2025-11-22;19;1291
12;2025-11-22;20;888
12;2025-11-22;21;712
12;2025-11-22;22;394
12;2025-11-22;23;277
12;2025-11-23;0;84
12;2025-11-23;1;5
12;2025-11-23;2;0
12;2025-11-23;3;0
12;2025-11-23;4;2
12;2025-11-23;5;136
12;2025-11-23;6;488
12;2025-11-23;7;638
12;2025-11-23;8;713
12;2025-11-23;9;847
12;2025-11-23;10;1008
12;2025-11-23;11;1280
12;2025-11-23;12;1383
12;2025-11-23;13;1542
12;2025-11-23;14;1449
12;2025-11-23;15;1477
12;2025-11-23;16;1476
12;2025-11-23;17;1460
12;2025-11-23;18;1241
12;2025-11-23;19;942
12;2025-11-23;20;748
12;2025-11-23;21;551
12;2025-11-23;22;348
12;2025-11-23;23;199
12;2025-11-24;0;55
12;2025-11-24;1;4
12;2025-11-24;2;0
12;2025-11-24;3;0
12;2025-11-24;4;6
12;2025-11-24;5;314
12;2025-11-24;6;1410
12;2025-11-24;7;2766
12;2025-11-24;8;3702
12;2025-11-24;9;2611
12;2025-11-24;10;1982
12;2025-11-24;11;1945
12;2025-11-24;12;2068
12;2025-11-24;13;2026
12;2025-11-24;14;2046
12;2025-11-24;15;2308
12;2025-11-24;16;2832
12;2025-11-24;17;3114
12;2025-11-24;18;3216
12;2025-11-24;19;2378
12;2025-11-24;20;1549
12;2025-11-24;21;927
12;2025-11-24;22;433
12;2025-11-24;23;221
12;2025-11-25;0;52
12;2025-11-25;1;1
12;2025-11-25;2;0
12;2025-11-25;3;0
12;2025-11-25;4;6
12;2025-11-25;5;328
12;2025-11-25;6;1411
12;2025-11-25;7;2796
12;2025-11-25;8;3782
12;2025-11-25;9;2648
12;2025-11-25;10;2181
12;2025-11-25;11;2113
12;2025-11-25;12;2121
12;2025-11-25;13;2135
12;2025-11-25;14;2097
12;2025-11-25;15;2328
12;2025-11-25;16;2816
12;2025-11-25;17;3162
12;2025-11-25;18;3229
12;2025-11-25;19;2373
12;2025-11-25;20;1485
12;2025-11-25;21;929
12;2025-11-25;22;461
12;2025-11-25;23;241
12;2025-11-26;0;53
12;2025-11-26;1;1
12;2025-11-26;2;0
12;2025-11-26;3;0
12;2025-11-26;4;6
12;2025-11-26;5;329
12;2025-11-26;6;1408
12;2025-11-26;7;2789
12;2025-11-26;8;3774
12;2025-11-26;9;2641
12;2025-11-26;10;2177
12;2025-11-26;11;2104
12;2025-11-26;12;2119
12;2025-11-26;13;2136
12;2025-11-26;14;2097
12;2025-11-26;15;2328
12;2025-11-26;16;2817
12;2025-11-26;17;3163
12;2025-11-26;18;3211
12;2025-11-26;19;2381
12;2025-11-26;20;1496
12;2025-11-26;21;941
12;2025-11-26;22;473
12;2025-11-26;23;254
12;2025-11-27;0;54
12;2025-11-27;1;2
12;2025-11-27;2;0
12;2025-11-27;3;0
12;2025-11-27;4;6
12;2025-11-27;5;340
12;2025-11-27;6;1430
12;2025-11-27;7;2789
12;2025-11-27;8;3776
12;2025-11-27;9;2682
12;2025-11-27;10;2187
12;2025-11-27;11;2114
12;2025-11-27;12;2130
12;2025-11-27;13;2137
12;2025-11-27;14;2099
12;2025-11-27;15;2340
12;2025-11-27;16;2819
12;2025-11-27;17;3160
12;2025-11-27;18;3213
12;2025-11-27;19;2380
12;2025-11-27;20;1494
12;2025-11-27;21;938
12;2025-11-27;22;476
12;2025-11-27;23;259
12;2025-11-28;0;56
12;2025-11-28;1;2
12;2025-11-28;2;0
12;2025-11-28;3;0
12;2025-11-28;4;5
12;2025-11-28;5;327
12;2025-11-28;6;1409
12;2025-11-28;7;2785
12;2025-11-28;8;3548
12;2025-11-28;9;2614
12;2025-11-28;10;2013
12;2025-11-28;11;2045
12;2025-11-28;12;2099
12;2025-11-28;13;2268
12;2025-11-28;14;2130
12;2025-11-28;15;2461
12;2025-11-28;16;2990
12;2025-11-28;17;3023
12;2025-11-28;18;2680
12;2025-11-28;19;2213
12;2025-11-28;20;1422
12;2025-11-28;21;941
12;2025-11-28;22;482
12;2025-11-28;23;313
12;2025-11-29;0;81
12;2025-11-29;1;3
12;2025-11-29;2;0
12;2025-11-29;3;0
12;2025-11-29;4;2
12;2025-11-29;5;187
12;2025-11-29;6;712
12;2025-11-29;7;872
12;2025-11-29;8;1012
12;2025-11-29;9;1216
12;2025-11-29;10;1423
12;2025-11-29;11;1582
12;2025-11-29;12;1646
12;2025-11-29;13;1817
12;2025-11-29;14;1651
12;2025-11-29;15;1632
12;2025-11-29;16;1723
12;2025-11-29;17;1664
12;2025-11-29;18;1500
12;2025-11-29;19;1288
12;2025-11-29;20;886
12;2025-11-29;21;710
12;2025-11-29;22;388
12;2025-11-29;23;275
12;2025-11-30;0;84
12;2025-11-30;1;5
12;2025-11-30;2;0
12;2025-11-30;3;0
12;2025-11-30;4;3
12;2025-11-30;5;131
12;2025-11-30;6;487
12;2025-11-30;7;648
12;2025-11-30;8;735
12;2025-11-30;9;929
12;2025-11-30;10;1114
12;2025-11-30;11;1286
12;2025-11-30;12;1380
12;2025-11-30;13;1538
12;2025-11-30;14;1443
12;2025-11-30;15;1361
12;2025-11-30;16;1479
12;2025-11-30;17;1460
12;2025-11-30;18;1248
12;2025-11-30;19;950
12;2025-11-30;20;749
12;2025-11-30;21;552
12;2025-11-30;22;349
12;2025-11-30;23;200
12;2025-12-01;0;55
12;2025-12-01;1;4
12;2025-12-01;2;0
12;2025-12-01;3;0
12;2025-12-01;4;6
12;2025-12-01;5;306
12;2025-12-01;6;1405
12;2025-12-01;7;2763
12;2025-12-01;8;3703
12;2025-12-01;9;2613
12;2025-12-01;10;1979
12;2025-12-01;11;1939
12;2025-12-01;12;2062
12;2025-12-01;13;2025
12;2025-12-01;14;2045
12;2025-12-01;15;2307
12;2025-12-01;16;2833
12;2025-12-01;17;3115
12;2025-12-01;18;3217
12;2025-12-01;19;2378
12;2025-12-01;20;1549
12;2025-12-01;21;922
12;2025-12-01;22;426
12;2025-12-01;23;219
12;2025-12-02;0;52
12;2025-12-02;1;1
12;2025-12-02;2;0
12;2025-12-02;3;0
12;2025-12-02;4;6
12;2025-12-02;5;328
12;2025-12-02;6;1413
12;2025-12-02;7;2798
12;2025-12-02;8;3782
12;2025-12-02;9;2646
12;2025-12-02;10;2167
12;2025-12-02;11;2097
12;2025-12-02;12;2109
12;2025-12-02;13;2132
12;2025-12-02;14;2094
12;2025-12-02;15;2322
12;2025-12-02;16;2812
12;2025-12-02;17;3163
12;2025-12-02;18;3216
12;2025-12-02;19;2381
12;2025-12-02;20;1489
12;2025-12-02;21;929
12;2025-12-02;22;461
12;2025-12-02;23;240
12;2025-12-03;0;53
12;2025-12-03;1;1
12;2025-12-03;2;0
12;2025-12-03;3;0
12;2025-12-03;4;6
12;2025-12-03;5;328
12;2025-12-03;6;1410
12;2025-12-03;7;2795
12;2025-12-03;8;3768
12;2025-12-03;9;2648
12;2025-12-03;10;2170
12;2025-12-03;11;2108
12;2025-12-03;12;2125
12;2025-12-03;13;2134
12;2025-12-03;14;2098
12;2025-12-03;15;2327
12;2025-12-03;16;2822
12;2025-12-03;17;3169
12;2025-12-03;18;3216
12;2025-12-03;19;2371
12;2025-12-03;20;1490
12;2025-12-03;21;936
12;2025-12-03;22;469
12;2025-12-03;23;249
12;2025-12-04;0;54
12;2025-12-04;1;1
12;2025-12-04;2;0
12;2025-12-04;3;0
12;2025-12-04;4;6
12;2025-12-04;5;323
12;2025-12-04;6;1408
12;2025-12-04;7;2793
12;2025-12-04;8;3766
12;2025-12-04;9;2651
12;2025-12-04;10;2172
12;2025-12-04;11;2110
12;2025-12-04;12;2129
12;2025-12-04;13;2142
12;2025-12-04;14;2098
12;2025-12-04;15;2330
12;2025-12-04;16;2829
12;2025-12-04;17;3168
12;2025-12-04;18;3219
12;2025-12-04;19;2380
12;2025-12-04;20;1495
12;2025-12-04;21;939
12;2025-12-04;22;469
12;2025-12-04;23;256
12;2025-12-05;0;57
12;2025-12-05;1;2
12;2025-12-05;2;0
12;2025-12-05;3;0
12;2025-12-05;4;5
12;2025-12-05;5;322
12;2025-12-05;6;1407
12;2025-12-05;7;2785
12;2025-12-05;8;3546
12;2025-12-05;9;2603
12;2025-12-05;10;2001
12;2025-12-05;11;2036
12;2025-12-05;12;2088
12;2025-12-05;13;2268
12;2025-12-05;14;2135
12;2025-12-05;15;2465
12;2025-12-05;16;2998
12;2025-12-05;17;3023
12;2025-12-05;18;2687
12;2025-12-05;19;2216
12;2025-12-05;20;1415
12;2025-12-05;21;933
12;2025-12-05;22;474
12;2025-12-05;23;306
12;2025-12-06;0;80
12;2025-12-06;1;4
12;2025-12-06;2;0
12;2025-12-06;3;0
12;2025-12-06;4;2
12;2025-12-06;5;206
12;2025-12-06;6;740
12;2025-12-06;7;899
12;2025-12-06;8;1020
12;2025-12-06;9;1220
12;2025-12-06;10;1384
12;2025-12-06;11;1486
12;2025-12-06;12;1540
12;2025-12-06;13;1725
12;2025-12-06;14;1617
12;2025-12-06;15;1613
12;2025-12-06;16;1707
12;2025-12-06;17;1648
12;2025-12-06;18;1513
12;2025-12-06;19;1308
12;2025-12-06;20;889
12;2025-12-06;21;710
12;2025-12-06;22;386
12;2025-12-06;23;271
12;2025-12-07;0;85
12;2025-12-07;1;6
12;2025-12-07;2;0
12;2025-12-07;3;0
12;2025-12-07;4;3
12;2025-12-07;5;129
12;2025-12-07;6;464
12;2025-12-07;7;622
12;2025-12-07;8;701
12;2025-12-07;9;883
12;2025-12-07;10;1009
12;2025-12-07;11;1270
12;2025-12-07;12;1371
12;2025-12-07;13;1545
12;2025-12-07;14;1452
12;2025-12-07;15;1491
12;2025-12-07;16;1496
12;2025-12-07;17;1478
12;2025-12-07;18;1266
12;2025-12-07;19;958
12;2025-12-07;20;756
12;2025-12-07;21;560
12;2025-12-07;22;356
12;2025-12-07;23;206
12;2025-12-08;0;55
12;2025-12-08;1;4
12;2025-12-08;2;0
12;2025-12-08;3;0
12;2025-12-08;4;6
12;2025-12-08;5;304
12;2025-12-08;6;1405
12;2025-12-08;7;2763
12;2025-12-08;8;3701
12;2025-12-08;9;2608
12;2025-12-08;10;1974
12;2025-12-08;11;1932
12;2025-12-08;12;2049
12;2025-12-08;13;2009
12;2025-12-08;14;2032
12;2025-12-08;15;2296
12;2025-12-08;16;2822
12;2025-12-08;17;3103
12;2025-12-08;18;3206
12;2025-12-08;19;2373
12;2025-12-08;20;1537
12;2025-12-08;21;914
12;2025-12-08;22;417
12;2025-12-08;23;213
12;2025-12-09;0;53
12;2025-12-09;1;2
12;2025-12-09;2;0
12;2025-12-09;3;0
12;2025-12-09;4;6
12;2025-12-09;5;311
12;2025-12-09;6;1396
12;2025-12-09;7;2789
12;2025-12-09;8;3776
12;2025-12-09;9;2640
12;2025-12-09;10;2157
12;2025-12-09;11;2088
12;2025-12-09;12;2105
12;2025-12-09;13;2123
12;2025-12-09;14;2084
12;2025-12-09;15;2326
12;2025-12-09;16;2813
12;2025-12-09;17;3160
12;2025-12-09;18;3213
12;2025-12-09;19;2381
12;2025-12-09;20;1486
12;2025-12-09;21;929
12;2025-12-09;22;461
12;2025-12-09;23;238
12;2025-12-10;0;53
12;2025-12-10;1;1
12;2025-12-10;2;0
12;2025-12-10;3;0
12;2025-12-10;4;6
12;2025-12-10;5;328
12;2025-12-10;6;1413
12;2025-12-10;7;2799
12;2025-12-10;8;3772
12;2025-12-10;9;2648
12;2025-12-10;10;2168
12;2025-12-10;11;2099
12;2025-12-10;12;2111
12;2025-12-10;13;2125
12;2025-12-10;14;2095
12;2025-12-10;15;2329
12;2025-12-10;16;2813
12;2025-12-10;17;3160
12;2025-12-10;18;3216
12;2025-12-10;19;2382
12;2025-12-10;20;1490
12;2025-12-10;21;933
12;2025-12-10;22;466
12;2025-12-10;23;249
12;2025-12-11;0;54
12;2025-12-11;1;2
12;2025-12-11;2;0
12;2025-12-11;3;0
12;2025-12-11;4;6
12;2025-12-11;5;326
12;2025-12-11;6;1411
12;2025-12-11;7;2797
12;2025-12-11;8;3769
12;2025-12-11;9;2647
12;2025-12-11;10;2170
12;2025-12-11;11;2100
12;2025-12-11;12;2124
12;2025-12-11;13;2139
12;2025-12-11;14;2106
12;2025-12-11;15;2335
12;2025-12-11;16;2819
12;2025-12-11;17;3162
12;2025-12-11;18;3214
12;2025-12-11;19;2380
12;2025-12-11;20;1496
12;2025-12-11;21;939
12;2025-12-11;22;470
12;2025-12-11;23;258
12;2025-12-12;0;56
12;2025-12-12;1;1
12;2025-12-12;2;0
12;2025-12-12;3;0
12;2025-12-12;4;5
12;2025-12-12;5;322
12;2025-12-12;6;1407
12;2025-12-12;7;2785
12;2025-12-12;8;3546
12;2025-12-12;9;2603
12;2025-12-12;10;2001
12;2025-12-12;11;2036
12;2025-12-12;12;2099
12;2025-12-12;13;2266
12;2025-12-12;14;2131
12;2025-12-12;15;2466
12;2025-12-12;16;2998
12;2025-12-12;17;3025
12;2025-12-12;18;2684
12;2025-12-12;19;2213
12;2025-12-12;20;1420
12;2025-12-12;21;939
12;2025-12-12;22;482
12;2025-12-12;23;311
12;2025-12-13;0;81
12;2025-12-13;1;3
12;2025-12-13;2;0
12;2025-12-13;3;0
12;2025-12-13;4;2
12;2025-12-13;5;217
12;2025-12-13;6;762
12;2025-12-13;7;924
12;2025-12-13;8;1061
12;2025-12-13;9;1286
12;2025-12-13;10;1437
12;2025-12-13;11;1426
12;2025-12-13;12;1578
12;2025-12-13;13;1743
12;2025-12-13;14;1635
12;2025-12-13;15;1616
12;2025-12-13;16;1707
12;2025-12-13;17;1648
12;2025-12-13;18;1523
12;2025-12-13;19;1309
12;2025-12-13;20;891
12;2025-12-13;21;712
12;2025-12-13;22;381
12;2025-12-13;23;273
12;2025-12-14;0;84
12;2025-12-14;1;5
12;2025-12-14;2;0
12;2025-12-14;3;0
12;2025-12-14;4;3
12;2025-12-14;5;120
12;2025-12-14;6;469
12;2025-12-14;7;622
12;2025-12-14;8;701
12;2025-12-14;9;883
12;2025-12-14;10;1099
12;2025-12-14;11;1273
12;2025-12-14;12;1371
12;2025-12-14;13;1545
12;2025-12-14;14;1452
12;2025-12-14;15;1484
12;2025-12-14;16;1497
12;2025-12-14;17;1478
12;2025-12-14;18;1267
12;2025-12-14;19;959
12;2025-12-14;20;757
12;2025-12-14;21;558
12;2025-12-14;22;353
12;2025-12-14;23;203
12;2025-12-15;0;55
12;2025-12-15;1;3
12;2025-12-15;2;0
12;2025-12-15;3;0
12;2025-12-15;4;6
12;2025-12-15;5;310
12;2025-12-15;6;1412
12;2025-12-15;7;2768
12;2025-12-15;8;3706
12;2025-12-15;9;2613
12;2025-12-15;10;1977
12;2025-12-15;11;1935
12;2025-12-15;12;2052
12;2025-12-15;13;2013
12;2025-12-15;14;2032
12;2025-12-15;15;2299
12;2025-12-15;16;2831
12;2025-12-15;17;3115
12;2025-12-15;18;3216
12;2025-12-15;19;2375
12;2025-12-15;20;1541
12;2025-12-15;21;918
12;2025-12-15;22;423
12;2025-12-15;23;217
12;2025-12-16;0;53
12;2025-12-16;1;2
12;2025-12-16;2;0
12;2025-12-16;3;0
12;2025-12-16;4;6
12;2025-12-16;5;327
12;2025-12-16;6;1412
12;2025-12-16;7;2799
12;2025-12-16;8;3787
12;2025-12-16;9;2651
12;2025-12-16;10;2169
12;2025-12-16;11;2097
12;2025-12-16;12;2109
12;2025-12-16;13;2132
12;2025-12-16;14;2094
12;2025-12-16;15;2328
12;2025-12-16;16;2818
12;2025-12-16;17;3164
12;2025-12-16;18;3212
12;2025-12-16;19;2376
12;2025-12-16;20;1492
12;2025-12-16;21;935
12;2025-12-16;22;467
12;2025-12-16;23;243
12;2025-12-17;0;53
12;2025-12-17;1;1
12;2025-12-17;2;0
12;2025-12-17;3;0
12;2025-12-17;4;6
12;2025-12-17;5;341
12;2025-12-17;6;1420
12;2025-12-17;7;2808
12;2025-12-17;8;3781
12;2025-12-17;9;2666
12;2025-12-17;10;2185
12;2025-12-17;11;2115
12;2025-12-17;12;2128
12;2025-12-17;13;2137
12;2025-12-17;14;2100
12;2025-12-17;15;2330
12;2025-12-17;16;2820
12;2025-12-17;17;3167
12;2025-12-17;18;3218
12;2025-12-17;19;2380
12;2025-12-17;20;1493
12;2025-12-17;21;942
12;2025-12-17;22;474
12;2025-12-17;23;252
12;2025-12-18;0;54
12;2025-12-18;1;1
12;2025-12-18;2;0
12;2025-12-18;3;0
12;2025-12-18;4;6
12;2025-12-18;5;332
12;2025-12-18;6;1423
12;2025-12-18;7;2793
12;2025-12-18;8;3769
12;2025-12-18;9;2651
12;2025-12-18;10;2172
12;2025-12-18;11;2100
12;2025-12-18;12;2124
12;2025-12-18;13;2144
12;2025-12-18;14;2106
12;2025-12-18;15;2339
12;2025-12-18;16;2829
12;2025-12-18;17;3168
12;2025-12-18;18;3219
12;2025-12-18;19;2380
12;2025-12-18;20;1496
12;2025-12-18;21;939
12;2025-12-18;22;472
12;2025-12-18;23;259
12;2025-12-19;0;56
12;2025-12-19;1;1
12;2025-12-19;2;0
12;2025-12-19;3;0
12;2025-12-19;4;5
12;2025-12-19;5;333
12;2025-12-19;6;1424
12;2025-12-19;7;2792
12;2025-12-19;8;3550
12;2025-12-19;9;2608
12;2025-12-19;10;2009
12;2025-12-19;11;2049
12;2025-12-19;12;2100
12;2025-12-19;13;2269
12;2025-12-19;14;2133
12;2025-12-19;15;2463
12;2025-12-19;16;2997
12;2025-12-19;17;3025
12;2025-12-19;18;2682
12;2025-12-19;19;2209
12;2025-12-19;20;1415
12;2025-12-19;21;934
12;2025-12-19;22;478
12;2025-12-19;23;308
12;2025-12-20;0;80
12;2025-12-20;1;3
12;2025-12-20;2;0
12;2025-12-20;3;0
12;2025-12-20;4;1
12;2025-12-20;5;218
12;2025-12-20;6;762
12;2025-12-20;7;924
12;2025-12-20;8;1066
12;2025-12-20;9;1297
12;2025-12-20;10;1480
12;2025-12-20;11;1530
12;2025-12-20;12;1588
12;2025-12-20;13;1747
12;2025-12-20;14;1639
12;2025-12-20;15;1616
12;2025-12-20;16;1709
12;2025-12-20;17;1648
12;2025-12-20;18;1606
12;2025-12-20;19;1334
12;2025-12-20;20;888
12;2025-12-20;21;709
12;2025-12-20;22;389
12;2025-12-20;23;280
12;2025-12-21;0;85
12;2025-12-21;1;6
12;2025-12-21;2;0
12;2025-12-21;3;0
12;2025-12-21;4;2
12;2025-12-21;5;140
12;2025-12-21;6;500
12;2025-12-21;7;653
12;2025-12-21;8;732
12;2025-12-21;9;939
12;2025-12-21;10;1130
12;2025-12-21;11;1365
12;2025-12-21;12;1427
12;2025-12-21;13;1558
12;2025-12-21;14;1462
12;2025-12-21;15;1492
12;2025-12-21;16;1497
12;2025-12-21;17;1480
12;2025-12-21;18;1260
12;2025-12-21;19;958
12;2025-12-21;20;757
12;2025-12-21;21;559
12;2025-12-21;22;354
12;2025-12-21;23;200
12;2025-12-22;0;55
12;2025-12-22;1;3
12;2025-12-22;2;0
12;2025-12-22;3;0
12;2025-12-22;4;6
12;2025-12-22;5;319
12;2025-12-22;6;1420
12;2025-12-22;7;2778
12;2025-12-22;8;3712
12;2025-12-22;9;2619
12;2025-12-22;10;1984
12;2025-12-22;11;1948
12;2025-12-22;12;2065
12;2025-12-22;13;2025
12;2025-12-22;14;2045
12;2025-12-22;15;2319
12;2025-12-22;16;2833
12;2025-12-22;17;3110
12;2025-12-22;18;3231
12;2025-12-22;19;2373
12;2025-12-22;20;1545
12;2025-12-22;21;921
12;2025-12-22;22;426
12;2025-12-22;23;221
12;2025-12-23;0;53
12;2025-12-23;1;1
12;2025-12-23;2;0
12;2025-12-23;3;0
12;2025-12-23;4;6
12;2025-12-23;5;334
12;2025-12-23;6;1418
12;2025-12-23;7;2807
12;2025-12-23;8;3797
12;2025-12-23;9;2669
12;2025-12-23;10;2189
12;2025-12-23;11;2107
12;2025-12-23;12;2125
12;2025-12-23;13;2138
12;2025-12-23;14;2107
12;2025-12-23;15;2331
12;2025-12-23;16;2821
12;2025-12-23;17;3167
12;2025-12-23;18;3221
12;2025-12-23;19;2385
12;2025-12-23;20;1492
12;2025-12-23;21;935
12;2025-12-23;22;469
12;2025-12-23;23;245
12;2025-12-24;0;53
12;2025-12-24;1;1
12;2025-12-24;2;0
12;2025-12-24;3;0
12;2025-12-24;4;6
12;2025-12-24;5;336
12;2025-12-24;6;1434
12;2025-12-24;7;2810
12;2025-12-24;8;3781
12;2025-12-24;9;2669
12;2025-12-24;10;2189
12;2025-12-24;11;2117
12;2025-12-24;12;2131
12;2025-12-24;13;2137
12;2025-12-24;14;2098
12;2025-12-24;15;2330
12;2025-12-24;16;2820
12;2025-12-24;17;3167
12;2025-12-24;18;3215
12;2025-12-24;19;2380
12;2025-12-24;20;1498
12;2025-12-24;21;942
12;2025-12-24;22;474
12;2025-12-24;23;255
12;2025-12-25;0;54
12;2025-12-25;1;1
12;2025-12-25;2;0
12;2025-12-25;3;0
12;2025-12-25;4;6
12;2025-12-25;5;328
12;2025-12-25;6;1413
12;2025-12-25;7;2798
12;2025-12-25;8;3771
12;2025-12-25;9;2653
12;2025-12-25;10;2172
12;2025-12-25;11;2100
12;2025-12-25;12;2124
12;2025-12-25;13;2139
12;2025-12-25;14;2101
12;2025-12-25;15;2330
12;2025-12-25;16;2819
12;2025-12-25;17;3162
12;2025-12-25;18;3214
12;2025-12-25;19;2380
12;2025-12-25;20;1496
12;2025-12-25;21;939
12;2025-12-25;22;472
12;2025-12-25;23;256
12;2025-12-26;0;57
12;2025-12-26;1;2
12;2025-12-26;2;0
12;2025-12-26;3;0
12;2025-12-26;4;5
12;2025-12-26;5;326
12;2025-12-26;6;1411
12;2025-12-26;7;2791
12;2025-12-26;8;3552
12;2025-12-26;9;2611
12;2025-12-26;10;2017
12;2025-12-26;11;2048
12;2025-12-26;12;2102
12;2025-12-26;13;2271
12;2025-12-26;14;2133
12;2025-12-26;15;2470
12;2025-12-26;16;2997
12;2025-12-26;17;3025
12;2025-12-26;18;2682
12;2025-12-26;19;2208
12;2025-12-26;20;1419
12;2025-12-26;21;936
12;2025-12-26;22;482
12;2025-12-26;23;310
12;2025-12-27;0;81
12;2025-12-27;1;3
12;2025-12-27;2;0
12;2025-12-27;3;0
12;2025-12-27;4;2
12;2025-12-27;5;215
12;2025-12-27;6;756
12;2025-12-27;7;909
12;2025-12-27;8;1047
12;2025-12-27;9;1261
12;2025-12-27;10;1426
12;2025-12-27;11;1506
12;2025-12-27;12;1574
12;2025-12-27;13;1747
12;2025-12-27;14;1639
12;2025-12-27;15;1620
12;2025-12-27;16;1707
12;2025-12-27;17;1648
12;2025-12-27;18;1508
12;2025-12-27;19;1301
12;2025-12-27;20;894
12;2025-12-27;21;717
12;2025-12-27;22;394
12;2025-12-27;23;280
12;2025-12-28;0;85
12;2025-12-28;1;6
12;2025-12-28;2;0
12;2025-12-28;3;0
12;2025-12-28;4;3
12;2025-12-28;5;119
12;2025-12-28;6;481
12;2025-12-28;7;634
12;2025-12-28;8;713
12;2025-12-28;9;883
12;2025-12-28;10;1067
12;2025-12-28;11;1269
12;2025-12-28;12;1364
12;2025-12-28;13;1543
12;2025-12-28;14;1448
12;2025-12-28;15;1491
12;2025-12-28;16;1496
12;2025-12-28;17;1556
12;2025-12-28;18;1332
12;2025-12-28;19;1010
12;2025-12-28;20;779
12;2025-12-28;21;578
12;2025-12-28;22;370
12;2025-12-28;23;210
12;2025-12-29;0;51
12;2025-12-29;1;3
12;2025-12-29;2;0
12;2025-12-29;3;0
12;2025-12-29;4;5
12;2025-12-29;5;289
12;2025-12-29;6;1300
12;2025-12-29;7;2553
12;2025-12-29;8;3410
12;2025-12-29;9;2402
12;2025-12-29;10;1819
12;2025-12-29;11;1784
12;2025-12-29;12;1905
12;2025-12-29;13;1856
12;2025-12-29;14;1893
12;2025-12-29;15;2121
12;2025-12-29;16;2608
12;2025-12-29;17;2884
12;2025-12-29;18;2987
12;2025-12-29;19;2203
12;2025-12-29;20;1426
12;2025-12-29;21;848
12;2025-12-29;22;394
12;2025-12-29;23;202
12;2025-12-30;0;49
12;2025-12-30;1;1
12;2025-12-30;2;0
12;2025-12-30;3;0
12;2025-12-30;4;6
12;2025-12-30;5;305
12;2025-12-30;6;1309
12;2025-12-30;7;2589
12;2025-12-30;8;3493
12;2025-12-30;9;2454
12;2025-12-30;10;2014
12;2025-12-30;11;1952
12;2025-12-30;12;1965
12;2025-12-30;13;1975
12;2025-12-30;14;1942
12;2025-12-30;15;2145
12;2025-12-30;16;2606
12;2025-12-30;17;2927
12;2025-12-30;18;2981
12;2025-12-30;19;2217
12;2025-12-30;20;1385
12;2025-12-30;21;865
12;2025-12-30;22;436
12;2025-12-30;23;225
12;2025-12-31;0;68
12;2025-12-31;1;3
12;2025-12-31;2;0
12;2025-12-31;3;0
12;2025-12-31;4;2
12;2025-12-31;5;105
12;2025-12-31;6;434
12;2025-12-31;7;554
12;2025-12-31;8;616
12;2025-12-31;9;777
12;2025-12-31;10;940
12;2025-12-31;11;1065
12;2025-12-31;12;1006
12;2025-12-31;13;1145
12;2025-12-31;14;1194
12;2025-12-31;15;1205
12;2025-12-31;16;1237
12;2025-12-31;17;1180
12;2025-12-31;18;1047
12;2025-12-31;19;842
12;2025-12-31;20;0
12;2025-12-31;21;0
12;2025-12-31;22;0
12;2025-12-31;23;0
17;2025-11-01;0;132
17;2025-11-01;1;16
17;2025-11-01;2;0
17;2025-11-01;3;0
17;2025-11-01;4;23
17;2025-11-01;5;284
17;2025-11-01;6;1417
17;2025-11-01;7;3833
17;2025-11-01;8;5042
17;2025-11-01;9;3617
17;2025-11-01;10;2899
17;2025-11-01;11;2943
17;2025-11-01;12;2930
17;2025-11-01;13;3094
17;2025-11-01;14;3172
17;2025-11-01;15;3340
17;2025-11-01;16;3931
17;2025-11-01;17;4320
17;2025-11-01;18;3989
17;2025-11-01;19;2966
17;2025-11-01;20;2154
17;2025-11-01;21;1415
17;2025-11-01;22;706
17;2025-11-01;23;407
17;2025-11-02;0;177
17;2025-11-02;1;26
17;2025-11-02;2;0
17;2025-11-02;3;0
17;2025-11-02;4;3
17;2025-11-02;5;97
17;2025-11-02;6;408
17;2025-11-02;7;817
17;2025-11-02;8;1282
17;2025-11-02;9;1719
17;2025-11-02;10;1996
17;2025-11-02;11;2534
17;2025-11-02;12;2862
17;2025-11-02;13;3061
17;2025-11-02;14;3168
17;2025-11-02;15;3145
17;2025-11-02;16;3240
17;2025-11-02;17;3088
17;2025-11-02;18;2698
17;2025-11-02;19;2110
17;2025-11-02;20;1582
17;2025-11-02;21;1133
17;2025-11-02;22;707
17;2025-11-02;23;322
17;2025-11-03;0;159
17;2025-11-03;1;25
17;2025-11-03;2;0
17;2025-11-03;3;0
17;2025-11-03;4;3
17;2025-11-03;5;110
17;2025-11-03;6;435
17;2025-11-03;7;851
17;2025-11-03;8;1330
17;2025-11-03;9;1670
17;2025-11-03;10;1926
17;2025-11-03;11;2432
17;2025-11-03;12;2744
17;2025-11-03;13;2951
17;2025-11-03;14;3076
17;2025-11-03;15;3009
17;2025-11-03;16;2969
17;2025-11-03;17;2902
17;2025-11-03;18;2593
17;2025-11-03;19;2041
17;2025-11-03;20;1603
17;2025-11-03;21;1131
17;2025-11-03;22;714
17;2025-11-03;23;334
17;2025-11-04;0;159
17;2025-11-04;1;25
17;2025-11-04;2;0
17;2025-11-04;3;0
17;2025-11-04;4;4
17;2025-11-04;5;111
17;2025-11-04;6;434
17;2025-11-04;7;847
17;2025-11-04;8;1316
17;2025-11-04;9;1653
17;2025-11-04;10;1923
17;2025-11-04;11;2441
17;2025-11-04;12;2740
17;2025-11-04;13;2939
17;2025-11-04;14;3031
17;2025-11-04;15;3182
17;2025-11-04;16;2991
17;2025-11-04;17;2898
17;2025-11-04;18;2597
17;2025-11-04;19;2070
17;2025-11-04;20;1588
17;2025-11-04;21;1144
17;2025-11-04;22;718
17;2025-11-04;23;334
17;2025-11-05;0;115
17;2025-11-05;1;12
17;2025-11-05;2;0
17;2025-11-05;3;0
17;2025-11-05;4;26
17;2025-11-05;5;319
17;2025-11-05;6;1534
17;2025-11-05;7;4188
17;2025-11-05;8;5541
17;2025-11-05;9;3942
17;2025-11-05;10;3140
17;2025-11-05;11;3089
17;2025-11-05;12;3126
17;2025-11-05;13;3183
17;2025-11-05;14;3278
17;2025-11-05;15;3386
17;2025-11-05;16;3805
17;2025-11-05;17;4424
17;2025-11-05;18;4804
17;2025-11-05;19;3261
17;2025-11-05;20;2287
17;2025-11-05;21;1439
17;2025-11-05;22;729
17;2025-11-05;23;369
17;2025-11-06;0;119
17;2025-11-06;1;13
17;2025-11-06;2;0
17;2025-11-06;3;0
17;2025-11-06;4;26
17;2025-11-06;5;316
17;2025-11-06;6;1523
17;2025-11-06;7;4202
17;2025-11-06;8;5514
17;2025-11-06;9;3938
17;2025-11-06;10;3139
17;2025-11-06;11;3105
17;2025-11-06;12;3135
17;2025-11-06;13;3199
17;2025-11-06;14;3268
17;2025-11-06;15;3403
17;2025-11-06;16;3815
17;2025-11-06;17;4506
17;2025-11-06;18;4619
17;2025-11-06;19;3278
17;2025-11-06;20;2293
17;2025-11-06;21;1448
17;2025-11-06;22;730
17;2025-11-06;23;378
17;2025-11-07;0;139
17;2025-11-07;1;17
17;2025-11-07;2;0
17;2025-11-07;3;0
17;2025-11-07;4;24
17;2025-11-07;5;301
17;2025-11-07;6;1498
17;2025-11-07;7;4069
17;2025-11-07;8;5363
17;2025-11-07;9;3845
17;2025-11-07;10;3078
17;2025-11-07;11;3121
17;2025-11-07;12;3104
17;2025-11-07;13;3273
17;2025-11-07;14;3360
17;2025-11-07;15;3572
17;2025-11-07;16;4177
17;2025-11-07;17;4701
17;2025-11-07;18;4229
17;2025-11-07;19;3130
17;2025-11-07;20;2267
17;2025-11-07;21;1485
17;2025-11-07;22;735
17;2025-11-07;23;433
17;2025-11-08;0;191
17;2025-11-08;1;28
17;2025-11-08;2;0
17;2025-11-08;3;0
17;2025-11-08;4;5
17;2025-11-08;5;127
17;2025-11-08;6;587
17;2025-11-08;7;1342
17;2025-11-08;8;1831
17;2025-11-08;9;2266
17;2025-11-08;10;2532
17;2025-11-08;11;2962
17;2025-11-08;12;3249
17;2025-11-08;13;3472
17;2025-11-08;14;3482
17;2025-11-08;15;3510
17;2025-11-08;16;3568
17;2025-11-08;17;3340
17;2025-11-08;18;3057
17;2025-11-08;19;2435
17;2025-11-08;20;1826
17;2025-11-08;21;1314
17;2025-11-08;22;815
17;2025-11-08;23;437
17;2025-11-09;0;179
17;2025-11-09;1;27
17;2025-11-09;2;0
17;2025-11-09;3;0
17;2025-11-09;4;3
17;2025-11-09;5;96
17;2025-11-09;6;411
17;2025-11-09;7;836
17;2025-11-09;8;1282
17;2025-11-09;9;1724
17;2025-11-09;10;2068
17;2025-11-09;11;2617
17;2025-11-09;12;2997
17;2025-11-09;13;3231
17;2025-11-09;14;3199
17;2025-11-09;15;3145
17;2025-11-09;16;3073
17;2025-11-09;17;2936
17;2025-11-09;18;2700
17;2025-11-09;19;2109
17;2025-11-09;20;1583
17;2025-11-09;21;1133
17;2025-11-09;22;697
17;2025-11-09;23;319
17;2025-11-10;0;115
17;2025-11-10;1;14
17;2025-11-10;2;0
17;2025-11-10;3;0
17;2025-11-10;4;26
17;2025-11-10;5;314
17;2025-11-10;6;1559
17;2025-11-10;7;4199
17;2025-11-10;8;5556
17;2025-11-10;9;3935
17;2025-11-10;10;3027
17;2025-11-10;11;2957
17;2025-11-10;12;2962
17;2025-11-10;13;3092
17;2025-11-10;14;3110
17;2025-11-10;15;3295
17;2025-11-10;16;3778
17;2025-11-10;17;4428
17;2025-11-10;18;4690
17;2025-11-10;19;3200
17;2025-11-10;20;2198
17;2025-11-10;21;1374
17;2025-11-10;22;663
17;2025-11-10;23;318
17;2025-11-11;0;112
17;2025-11-11;1;12
17;2025-11-11;2;0
17;2025-11-11;3;0
17;2025-11-11;4;26
17;2025-11-11;5;318
17;2025-11-11;6;1531
17;2025-11-11;7;4189
17;2025-11-11;8;5548
17;2025-11-11;9;3945
17;2025-11-11;10;3118
17;2025-11-11;11;3077
17;2025-11-11;12;3095
17;2025-11-11;13;3168
17;2025-11-11;14;3266
17;2025-11-11;15;3376
17;2025-11-11;16;3811
17;2025-11-11;17;4605
17;2025-11-11;18;4813
17;2025-11-11;19;3277
17;2025-11-11;20;2281
17;2025-11-11;21;1433
17;2025-11-11;22;716
17;2025-11-11;23;353
17;2025-11-12;0;115
17;2025-11-12;1;12
17;2025-11-12;2;0
17;2025-11-12;3;0
17;2025-11-12;4;26
17;2025-11-12;5;319
17;2025-11-12;6;1532
17;2025-11-12;7;4152
17;2025-11-12;8;5517
17;2025-11-12;9;3939
17;2025-11-12;10;3133
17;2025-11-12;11;3086
17;2025-11-12;12;3103
17;2025-11-12;13;3182
17;2025-11-12;14;3273
17;2025-11-12;15;3384
17;2025-11-12;16;3815
17;2025-11-12;17;4610
17;2025-11-12;18;4808
17;2025-11-12;19;3285
17;2025-11-12;20;2295
17;2025-11-12;21;1444
17;2025-11-12;22;735
17;2025-11-12;23;372
17;2025-11-13;0;119
17;2025-11-13;1;13
17;2025-11-13;2;0
17;2025-11-13;3;0
17;2025-11-13;4;26
17;2025-11-13;5;315
17;2025-11-13;6;1522
17;2025-11-13;7;4178
17;2025-11-13;8;5504
17;2025-11-13;9;3937
17;2025-11-13;10;3139
17;2025-11-13;11;3107
17;2025-11-13;12;3129
17;2025-11-13;13;3198
17;2025-11-13;14;3290
17;2025-11-13;15;3444
17;2025-11-13;16;3866
17;2025-11-13;17;4673
17;2025-11-13;18;4809
17;2025-11-13;19;3312
17;2025-11-13;20;2290
17;2025-11-13;21;1444
17;2025-11-13;22;733
17;2025-11-13;23;378
17;2025-11-14;0;139
17;2025-11-14;1;17
17;2025-11-14;2;0
17;2025-11-14;3;0
17;2025-11-14;4;25
17;2025-11-14;5;301
17;2025-11-14;6;1503
17;2025-11-14;7;4039
17;2025-11-14;8;5337
17;2025-11-14;9;3841
17;2025-11-14;10;3061
17;2025-11-14;11;3119
17;2025-11-14;12;3093
17;2025-11-14;13;3266
17;2025-11-14;14;3348
17;2025-11-14;15;3559
17;2025-11-14;16;4170
17;2025-11-14;17;4694
17;2025-11-14;18;4328
17;2025-11-14;19;3133
17;2025-11-14;20;2277
17;2025-11-14;21;1493
17;2025-11-14;22;746
17;2025-11-14;23;438
17;2025-11-15;0;191
17;2025-11-15;1;28
17;2025-11-15;2;0
17;2025-11-15;3;0
17;2025-11-15;4;5
17;2025-11-15;5;126
17;2025-11-15;6;582
17;2025-11-15;7;1337
17;2025-11-15;8;1833
17;2025-11-15;9;2266
17;2025-11-15;10;2535
17;2025-11-15;11;2937
17;2025-11-15;12;3227
17;2025-11-15;13;3449
17;2025-11-15;14;3472
17;2025-11-15;15;3488
17;2025-11-15;16;3537
17;2025-11-15;17;3310
17;2025-11-15;18;3024
17;2025-11-15;19;2356
17;2025-11-15;20;1838
17;2025-11-15;21;1294
17;2025-11-15;22;804
17;2025-11-15;23;430
17;2025-11-16;0;176
17;2025-11-16;1;25
17;2025-11-16;2;0
17;2025-11-16;3;0
17;2025-11-16;4;3
17;2025-11-16;5;90
17;2025-11-16;6;405
17;2025-11-16;7;830
17;2025-11-16;8;1278
17;2025-11-16;9;1717
17;2025-11-16;10;1998
17;2025-11-16;11;2539
17;2025-11-16;12;2885
17;2025-11-16;13;3057
17;2025-11-16;14;3193
17;2025-11-16;15;3136
17;2025-11-16;16;3042
17;2025-11-16;17;2927
17;2025-11-16;18;2684
17;2025-11-16;19;2099
17;2025-11-16;20;1573
17;2025-11-16;21;1107
17;2025-11-16;22;689
17;2025-11-16;23;317
17;2025-11-17;0;115
17;2025-11-17;1;14
17;2025-11-17;2;0
17;2025-11-17;3;0
17;2025-11-17;4;26
17;2025-11-17;5;316
17;2025-11-17;6;1557
17;2025-11-17;7;4228
17;2025-11-17;8;5566
17;2025-11-17;9;3949
17;2025-11-17;10;3036
17;2025-11-17;11;2996
17;2025-11-17;12;2996
17;2025-11-17;13;3099
17;2025-11-17;14;3130
17;2025-11-17;15;3335
17;2025-11-17;16;3795
17;2025-11-17;17;4430
17;2025-11-17;18;4688
17;2025-11-17;19;3196
17;2025-11-17;20;2197
17;2025-11-17;21;1375
17;2025-11-17;22;658
17;2025-11-17;23;311
17;2025-11-18;0;112
17;2025-11-18;1;12
17;2025-11-18;2;0
17;2025-11-18;3;0
17;2025-11-18;4;26
17;2025-11-18;5;320
17;2025-11-18;6;1534
17;2025-11-18;7;4193
17;2025-11-18;8;5536
17;2025-11-18;9;3953
17;2025-11-18;10;3123
17;2025-11-18;11;3087
17;2025-11-18;12;3100
17;2025-11-18;13;3164
17;2025-11-18;14;3257
17;2025-11-18;15;3369
17;2025-11-18;16;3806
17;2025-11-18;17;4599
17;2025-11-18;18;4799
17;2025-11-18;19;3279
17;2025-11-18;20;2284
17;2025-11-18;21;1436
17;2025-11-18;22;719
17;2025-11-18;23;352
17;2025-11-19;0;115
17;2025-11-19;1;12
17;2025-11-19;2;0
17;2025-11-19;3;0
17;2025-11-19;4;26
17;2025-11-19;5;320
17;2025-11-19;6;1532
17;2025-11-19;7;4185
17;2025-11-19;8;5514
17;2025-11-19;9;3944
17;2025-11-19;10;3136
17;2025-11-19;11;3102
17;2025-11-19;12;3119
17;2025-11-19;13;3183
17;2025-11-19;14;3277
17;2025-11-19;15;3384
17;2025-11-19;16;3813
17;2025-11-19;17;4607
17;2025-11-19;18;4805
17;2025-11-19;19;3286
17;2025-11-19;20;2293
17;2025-11-19;21;1446
17;2025-11-19;22;735
17;2025-11-19;23;374
17;2025-11-20;0;119
17;2025-11-20;1;13
17;2025-11-20;2;0
17;2025-11-20;3;0
17;2025-11-20;4;26
17;2025-11-20;5;317
17;2025-11-20;6;1529
17;2025-11-20;7;4146
17;2025-11-20;8;5478
17;2025-11-20;9;3915
17;2025-11-20;10;3144
17;2025-11-20;11;3109
17;2025-11-20;12;3130
17;2025-11-20;13;3194
17;2025-11-20;14;3288
17;2025-11-20;15;3397
17;2025-11-20;16;3828
17;2025-11-20;17;4610
17;2025-11-20;18;4801
17;2025-11-20;19;3278
17;2025-11-20;20;2290
17;2025-11-20;21;1445
17;2025-11-20;22;734
17;2025-11-20;23;376
17;2025-11-21;0;139
17;2025-11-21;1;17
17;2025-11-21;2;0
17;2025-11-21;3;0
17;2025-11-21;4;25
17;2025-11-21;5;307
17;2025-11-21;6;1503
17;2025-11-21;7;4076
17;2025-11-21;8;5347
17;2025-11-21;9;3850
17;2025-11-21;10;3087
17;2025-11-21;11;3120
17;2025-11-21;12;3098
17;2025-11-21;13;3266
17;2025-11-21;14;3350
17;2025-11-21;15;3560
17;2025-11-21;16;4168
17;2025-11-21;17;4692
17;2025-11-21;18;4220
17;2025-11-21;19;3113
17;2025-11-21;20;2261
17;2025-11-21;21;1478
17;2025-11-21;22;737
17;2025-11-21;23;437
17;2025-11-22;0;191
17;2025-11-22;1;28
17;2025-11-22;2;0
17;2025-11-22;3;0
17;2025-11-22;4;5
17;2025-11-22;5;126
17;2025-11-22;6;584
17;2025-11-22;7;1335
17;2025-11-22;8;1817
17;2025-11-22;9;2253
17;2025-11-22;10;2345
17;2025-11-22;11;2929
17;2025-11-22;12;3216
17;2025-11-22;13;3467
17;2025-11-22;14;3487
17;2025-11-22;15;3487
17;2025-11-22;16;3542
17;2025-11-22;17;3314
17;2025-11-22;18;3023
17;2025-11-22;19;2355
17;2025-11-22;20;1838
17;2025-11-22;21;1297
17;2025-11-22;22;806
17;2025-11-22;23;434
17;2025-11-23;0;176
17;2025-11-23;1;25
17;2025-11-23;2;0
17;2025-11-23;3;0
17;2025-11-23;4;3
17;2025-11-23;5;95
17;2025-11-23;6;410
17;2025-11-23;7;837
17;2025-11-23;8;1283
17;2025-11-23;9;1625
17;2025-11-23;10;1869
17;2025-11-23;11;2526
17;2025-11-23;12;2847
17;2025-11-23;13;3037
17;2025-11-23;14;3135
17;2025-11-23;15;3103
17;2025-11-23;16;3036
17;2025-11-23;17;2910
17;2025-11-23;18;2540
17;2025-11-23;19;2004
17;2025-11-23;20;1571
17;2025-11-23;21;1123
17;2025-11-23;22;705
17;2025-11-23;23;325
17;2025-11-24;0;115
17;2025-11-24;1;15
17;2025-11-24;2;0
17;2025-11-24;3;0
17;2025-11-24;4;26
17;2025-11-24;5;312
17;2025-11-24;6;1551
17;2025-11-24;7;4218
17;2025-11-24;8;5548
17;2025-11-24;9;3925
17;2025-11-24;10;3023
17;2025-11-24;11;2966
17;2025-11-24;12;2968
17;2025-11-24;13;3080
17;2025-11-24;14;3093
17;2025-11-24;15;3275
17;2025-11-24;16;3788
17;2025-11-24;17;4427
17;2025-11-24;18;4675
17;2025-11-24;19;3195
17;2025-11-24;20;2196
17;2025-11-24;21;1374
17;2025-11-24;22;657
17;2025-11-24;23;318
17;2025-11-25;0;112
17;2025-11-25;1;12
17;2025-11-25;2;0
17;2025-11-25;3;0
17;2025-11-25;4;26
17;2025-11-25;5;316
17;2025-11-25;6;1529
17;2025-11-25;7;4186
17;2025-11-25;8;5527
17;2025-11-25;9;3935
17;2025-11-25;10;3111
17;2025-11-25;11;3076
17;2025-11-25;12;3111
17;2025-11-25;13;3170
17;2025-11-25;14;3244
17;2025-11-25;15;3356
17;2025-11-25;16;3840
17;2025-11-25;17;4591
17;2025-11-25;18;4858
17;2025-11-25;19;3315
17;2025-11-25;20;2290
17;2025-11-25;21;1442
17;2025-11-25;22;722
17;2025-11-25;23;355
17;2025-11-26;0;114
17;2025-11-26;1;12
17;2025-11-26;2;0
17;2025-11-26;3;0
17;2025-11-26;4;26
17;2025-11-26;5;317
17;2025-11-26;6;1527
17;2025-11-26;7;4209
17;2025-11-26;8;5537
17;2025-11-26;9;3958
17;2025-11-26;10;3146
17;2025-11-26;11;3116
17;2025-11-26;12;3130
17;2025-11-26;13;3171
17;2025-11-26;14;3259
17;2025-11-26;15;3368
17;2025-11-26;16;3800
17;2025-11-26;17;4594
17;2025-11-26;18;4785
17;2025-11-26;19;3275
17;2025-11-26;20;2289
17;2025-11-26;21;1441
17;2025-11-26;22;734
17;2025-11-26;23;371
17;2025-11-27;0;119
17;2025-11-27;1;13
17;2025-11-27;2;0
17;2025-11-27;3;0
17;2025-11-27;4;26
17;2025-11-27;5;325
17;2025-11-27;6;1529
17;2025-11-27;7;4149
17;2025-11-27;8;5493
17;2025-11-27;9;3927
17;2025-11-27;10;3147
17;2025-11-27;11;3115
17;2025-11-27;12;3126
17;2025-11-27;13;3191
17;2025-11-27;14;3286
17;2025-11-27;15;3439
17;2025-11-27;16;3823
17;2025-11-27;17;4603
17;2025-11-27;18;4786
17;2025-11-27;19;3271
17;2025-11-27;20;2288
17;2025-11-27;21;1441
17;2025-11-27;22;732
17;2025-11-27;23;372
17;2025-11-28;0;139
17;2025-11-28;1;17
17;2025-11-28;2;0
17;2025-11-28;3;0
17;2025-11-28;4;25
17;2025-11-28;5;307
17;2025-11-28;6;1504
17;2025-11-28;7;4075
17;2025-11-28;8;5343
17;2025-11-28;9;3846
17;2025-11-28;10;3082
17;2025-11-28;11;3120
17;2025-11-28;12;3090
17;2025-11-28;13;3260
17;2025-11-28;14;3338
17;2025-11-28;15;3564
17;2025-11-28;16;4172
17;2025-11-28;17;4703
17;2025-11-28;18;4326
17;2025-11-28;19;3139
17;2025-11-28;20;2289
17;2025-11-28;21;1507
17;2025-11-28;22;753
17;2025-11-28;23;448
17;2025-11-29;0;192
17;2025-11-29;1;28
17;2025-11-29;2;0
17;2025-11-29;3;0
17;2025-11-29;4;5
17;2025-11-29;5;93
17;2025-11-29;6;541
17;2025-11-29;7;1292
17;2025-11-29;8;1786
17;2025-11-29;9;2199
17;2025-11-29;10;2519
17;2025-11-29;11;3027
17;2025-11-29;12;3332
17;2025-11-29;13;3568
17;2025-11-29;14;3490
17;2025-11-29;15;3522
17;2025-11-29;16;3578
17;2025-11-29;17;3350
17;2025-11-29;18;3032
17;2025-11-29;19;2358
17;2025-11-29;20;1844
17;2025-11-29;21;1303
17;2025-11-29;22;813
17;2025-11-29;23;437
17;2025-11-30;0;176
17;2025-11-30;1;25
17;2025-11-30;2;0
17;2025-11-30;3;0
17;2025-11-30;4;3
17;2025-11-30;5;91
17;2025-11-30;6;408
17;2025-11-30;7;836
17;2025-11-30;8;1282
17;2025-11-30;9;1714
17;2025-11-30;10;1986
17;2025-11-30;11;2530
17;2025-11-30;12;2835
17;2025-11-30;13;3034
17;2025-11-30;14;3139
17;2025-11-30;15;2932
17;2025-11-30;16;3048
17;2025-11-30;17;2914
17;2025-11-30;18;2546
17;2025-11-30;19;2012
17;2025-11-30;20;1573
17;2025-11-30;21;1127
17;2025-11-30;22;706
17;2025-11-30;23;326
17;2025-12-01;0;115
17;2025-12-01;1;15
17;2025-12-01;2;0
17;2025-12-01;3;0
17;2025-12-01;4;26
17;2025-12-01;5;308
17;2025-12-01;6;1544
17;2025-12-01;7;4209
17;2025-12-01;8;5542
17;2025-12-01;9;3920
17;2025-12-01;10;3025
17;2025-12-01;11;2956
17;2025-12-01;12;2961
17;2025-12-01;13;3086
17;2025-12-01;14;3100
17;2025-12-01;15;3280
17;2025-12-01;16;3786
17;2025-12-01;17;4425
17;2025-12-01;18;4672
17;2025-12-01;19;3194
17;2025-12-01;20;2197
17;2025-12-01;21;1370
17;2025-12-01;22;655
17;2025-12-01;23;312
17;2025-12-02;0;111
17;2025-12-02;1;11
17;2025-12-02;2;0
17;2025-12-02;3;0
17;2025-12-02;4;26
17;2025-12-02;5;316
17;2025-12-02;6;1528
17;2025-12-02;7;4180
17;2025-12-02;8;5519
17;2025-12-02;9;3927
17;2025-12-02;10;3094
17;2025-12-02;11;3059
17;2025-12-02;12;3071
17;2025-12-02;13;3149
17;2025-12-02;14;3239
17;2025-12-02;15;3351
17;2025-12-02;16;3789
17;2025-12-02;17;4589
17;2025-12-02;18;4791
17;2025-12-02;19;3274
17;2025-12-02;20;2289
17;2025-12-02;21;1434
17;2025-12-02;22;716
17;2025-12-02;23;348
17;2025-12-03;0;114
17;2025-12-03;1;12
17;2025-12-03;2;0
17;2025-12-03;3;0
17;2025-12-03;4;26
17;2025-12-03;5;316
17;2025-12-03;6;1526
17;2025-12-03;7;4176
17;2025-12-03;8;5500
17;2025-12-03;9;3923
17;2025-12-03;10;3113
17;2025-12-03;11;3089
17;2025-12-03;12;3101
17;2025-12-03;13;3162
17;2025-12-03;14;3253
17;2025-12-03;15;3364
17;2025-12-03;16;3798
17;2025-12-03;17;4592
17;2025-12-03;18;4785
17;2025-12-03;19;3258
17;2025-12-03;20;2280
17;2025-12-03;21;1441
17;2025-12-03;22;730
17;2025-12-03;23;366
17;2025-12-04;0;118
17;2025-12-04;1;12
17;2025-12-04;2;0
17;2025-12-04;3;0
17;2025-12-04;4;26
17;2025-12-04;5;312
17;2025-12-04;6;1524
17;2025-12-04;7;4171
17;2025-12-04;8;5491
17;2025-12-04;9;3927
17;2025-12-04;10;3124
17;2025-12-04;11;3097
17;2025-12-04;12;3114
17;2025-12-04;13;3184
17;2025-12-04;14;3272
17;2025-12-04;15;3385
17;2025-12-04;16;3819
17;2025-12-04;17;4601
17;2025-12-04;18;4789
17;2025-12-04;19;3270
17;2025-12-04;20;2292
17;2025-12-04;21;1447
17;2025-12-04;22;735
17;2025-12-04;23;374
17;2025-12-05;0;139
17;2025-12-05;1;18
17;2025-12-05;2;0
17;2025-12-05;3;0
17;2025-12-05;4;25
17;2025-12-05;5;303
17;2025-12-05;6;1499
17;2025-12-05;7;4067
17;2025-12-05;8;5333
17;2025-12-05;9;3829
17;2025-12-05;10;3066
17;2025-12-05;11;3107
17;2025-12-05;12;3078
17;2025-12-05;13;3261
17;2025-12-05;14;3341
17;2025-12-05;15;3565
17;2025-12-05;16;4173
17;2025-12-05;17;4693
17;2025-12-05;18;4326
17;2025-12-05;19;3136
17;2025-12-05;20;2281
17;2025-12-05;21;1499
17;2025-12-05;22;748
17;2025-12-05;23;440
17;2025-12-06;0;191
17;2025-12-06;1;28
17;2025-12-06;2;0
17;2025-12-06;3;0
17;2025-12-06;4;5
17;2025-12-06;5;119
17;2025-12-06;6;571
17;2025-12-06;7;1323
17;2025-12-06;8;1788
17;2025-12-06;9;2196
17;2025-12-06;10;2462
17;2025-12-06;11;2903
17;2025-12-06;12;3194
17;2025-12-06;13;3440
17;2025-12-06;14;3461
17;2025-12-06;15;3492
17;2025-12-06;16;3545
17;2025-12-06;17;3318
17;2025-12-06;18;3031
17;2025-12-06;19;2365
17;2025-12-06;20;1842
17;2025-12-06;21;1300
17;2025-12-06;22;807
17;2025-12-06;23;430
17;2025-12-07;0;177
17;2025-12-07;1;26
17;2025-12-07;2;0
17;2025-12-07;3;0
17;2025-12-07;4;3
17;2025-12-07;5;91
17;2025-12-07;6;379
17;2025-12-07;7;810
17;2025-12-07;8;1257
17;2025-12-07;9;1670
17;2025-12-07;10;1865
17;2025-12-07;11;2518
17;2025-12-07;12;2845
17;2025-12-07;13;3052
17;2025-12-07;14;3155
17;2025-12-07;15;3128
17;2025-12-07;16;3063
17;2025-12-07;17;2926
17;2025-12-07;18;2557
17;2025-12-07;19;2015
17;2025-12-07;20;1577
17;2025-12-07;21;1135
17;2025-12-07;22;712
17;2025-12-07;23;330
17;2025-12-08;0;116
17;2025-12-08;1;15
17;2025-12-08;2;0
17;2025-12-08;3;0
17;2025-12-08;4;26
17;2025-12-08;5;305
17;2025-12-08;6;1544
17;2025-12-08;7;4209
17;2025-12-08;8;5539
17;2025-12-08;9;3916
17;2025-12-08;10;3018
17;2025-12-08;11;2954
17;2025-12-08;12;2960
17;2025-12-08;13;3089
17;2025-12-08;14;3106
17;2025-12-08;15;3286
17;2025-12-08;16;3789
17;2025-12-08;17;4422
17;2025-12-08;18;4670
17;2025-12-08;19;3197
17;2025-12-08;20;2200
17;2025-12-08;21;1378
17;2025-12-08;22;661
17;2025-12-08;23;314
17;2025-12-09;0;112
17;2025-12-09;1;12
17;2025-12-09;2;0
17;2025-12-09;3;0
17;2025-12-09;4;26
17;2025-12-09;5;309
17;2025-12-09;6;1521
17;2025-12-09;7;4175
17;2025-12-09;8;5526
17;2025-12-09;9;3934
17;2025-12-09;10;3079
17;2025-12-09;11;3051
17;2025-12-09;12;3069
17;2025-12-09;13;3142
17;2025-12-09;14;3232
17;2025-12-09;15;3356
17;2025-12-09;16;3792
17;2025-12-09;17;4587
17;2025-12-09;18;4790
17;2025-12-09;19;3274
17;2025-12-09;20;2281
17;2025-12-09;21;1434
17;2025-12-09;22;716
17;2025-12-09;23;347
17;2025-12-10;0;114
17;2025-12-10;1;12
17;2025-12-10;2;0
17;2025-12-10;3;0
17;2025-12-10;4;26
17;2025-12-10;5;316
17;2025-12-10;6;1527
17;2025-12-10;7;4177
17;2025-12-10;8;5502
17;2025-12-10;9;3923
17;2025-12-10;10;3111
17;2025-12-10;11;3079
17;2025-12-10;12;3088
17;2025-12-10;13;3155
17;2025-12-10;14;3256
17;2025-12-10;15;3369
17;2025-12-10;16;3791
17;2025-12-10;17;4585
17;2025-12-10;18;4783
17;2025-12-10;19;3274
17;2025-12-10;20;2280
17;2025-12-10;21;1433
17;2025-12-10;22;722
17;2025-12-10;23;366
17;2025-12-11;0;119
17;2025-12-11;1;13
17;2025-12-11;2;0
17;2025-12-11;3;0
17;2025-12-11;4;26
17;2025-12-11;5;313
17;2025-12-11;6;1525
17;2025-12-11;7;4172
17;2025-12-11;8;5493
17;2025-12-11;9;3925
17;2025-12-11;10;3122
17;2025-12-11;11;3089
17;2025-12-11;12;3115
17;2025-12-11;13;3185
17;2025-12-11;14;3276
17;2025-12-11;15;3390
17;2025-12-11;16;3812
17;2025-12-11;17;4594
17;2025-12-11;18;4782
17;2025-12-11;19;3270
17;2025-12-11;20;2292
17;2025-12-11;21;1447
17;2025-12-11;22;729
17;2025-12-11;23;368
17;2025-12-12;0;139
17;2025-12-12;1;17
17;2025-12-12;2;0
17;2025-12-12;3;0
17;2025-12-12;4;25
17;2025-12-12;5;303
17;2025-12-12;6;1499
17;2025-12-12;7;4067
17;2025-12-12;8;5333
17;2025-12-12;9;3829
17;2025-12-12;10;3066
17;2025-12-12;11;3107
17;2025-12-12;12;3086
17;2025-12-12;13;3257
17;2025-12-12;14;3338
17;2025-12-12;15;3564
17;2025-12-12;16;4173
17;2025-12-12;17;4693
17;2025-12-12;18;4326
17;2025-12-12;19;3133
17;2025-12-12;20;2283
17;2025-12-12;21;1496
17;2025-12-12;22;747
17;2025-12-12;23;442
17;2025-12-13;0;191
17;2025-12-13;1;28
17;2025-12-13;2;0
17;2025-12-13;3;0
17;2025-12-13;4;5
17;2025-12-13;5;127
17;2025-12-13;6;585
17;2025-12-13;7;1337
17;2025-12-13;8;1830
17;2025-12-13;9;2256
17;2025-12-13;10;2498
17;2025-12-13;11;2814
17;2025-12-13;12;3221
17;2025-12-13;13;3450
17;2025-12-13;14;3471
17;2025-12-13;15;3500
17;2025-12-13;16;3553
17;2025-12-13;17;3326
17;2025-12-13;18;3041
17;2025-12-13;19;2367
17;2025-12-13;20;1842
17;2025-12-13;21;1300
17;2025-12-13;22;792
17;2025-12-13;23;429
17;2025-12-14;0;175
17;2025-12-14;1;25
17;2025-12-14;2;0
17;2025-12-14;3;0
17;2025-12-14;4;3
17;2025-12-14;5;68
17;2025-12-14;6;382
17;2025-12-14;7;810
17;2025-12-14;8;1256
17;2025-12-14;9;1670
17;2025-12-14;10;1979
17;2025-12-14;11;2521
17;2025-12-14;12;2845
17;2025-12-14;13;3052
17;2025-12-14;14;3155
17;2025-12-14;15;3121
17;2025-12-14;16;3063
17;2025-12-14;17;2926
17;2025-12-14;18;2557
17;2025-12-14;19;2015
17;2025-12-14;20;1577
17;2025-12-14;21;1128
17;2025-12-14;22;708
17;2025-12-14;23;326
17;2025-12-15;0;116
17;2025-12-15;1;14
17;2025-12-15;2;0
17;2025-12-15;3;0
17;2025-12-15;4;26
17;2025-12-15;5;310
17;2025-12-15;6;1550
17;2025-12-15;7;4212
17;2025-12-15;8;5543
17;2025-12-15;9;3920
17;2025-12-15;10;3019
17;2025-12-15;11;2960
17;2025-12-15;12;2963
17;2025-12-15;13;3085
17;2025-12-15;14;3098
17;2025-12-15;15;3282
17;2025-12-15;16;3798
17;2025-12-15;17;4432
17;2025-12-15;18;4677
17;2025-12-15;19;3198
17;2025-12-15;20;2202
17;2025-12-15;21;1381
17;2025-12-15;22;665
17;2025-12-15;23;317
17;2025-12-16;0;111
17;2025-12-16;1;12
17;2025-12-16;2;0
17;2025-12-16;3;0
17;2025-12-16;4;26
17;2025-12-16;5;315
17;2025-12-16;6;1526
17;2025-12-16;7;4182
17;2025-12-16;8;5522
17;2025-12-16;9;3931
17;2025-12-16;10;3096
17;2025-12-16;11;3059
17;2025-12-16;12;3071
17;2025-12-16;13;3149
17;2025-12-16;14;3239
17;2025-12-16;15;3355
17;2025-12-16;16;3793
17;2025-12-16;17;4588
17;2025-12-16;18;4786
17;2025-12-16;19;3269
17;2025-12-16;20;2276
17;2025-12-16;21;1424
17;2025-12-16;22;711
17;2025-12-16;23;350
17;2025-12-17;0;114
17;2025-12-17;1;12
17;2025-12-17;2;0
17;2025-12-17;3;0
17;2025-12-17;4;26
17;2025-12-17;5;318
17;2025-12-17;6;1533
17;2025-12-17;7;4184
17;2025-12-17;8;5511
17;2025-12-17;9;3942
17;2025-12-17;10;3130
17;2025-12-17;11;3076
17;2025-12-17;12;3104
17;2025-12-17;13;3163
17;2025-12-17;14;3256
17;2025-12-17;15;3366
17;2025-12-17;16;3795
17;2025-12-17;17;4588
17;2025-12-17;18;4782
17;2025-12-17;19;3268
17;2025-12-17;20;2284
17;2025-12-17;21;1440
17;2025-12-17;22;734
17;2025-12-17;23;367
17;2025-12-18;0;118
17;2025-12-18;1;12
17;2025-12-18;2;0
17;2025-12-18;3;0
17;2025-12-18;4;26
17;2025-12-18;5;305
17;2025-12-18;6;1532
17;2025-12-18;7;4171
17;2025-12-18;8;5493
17;2025-12-18;9;3927
17;2025-12-18;10;3124
17;2025-12-18;11;3089
17;2025-12-18;12;3115
17;2025-12-18;13;3184
17;2025-12-18;14;3276
17;2025-12-18;15;3389
17;2025-12-18;16;3819
17;2025-12-18;17;4601
17;2025-12-18;18;4789
17;2025-12-18;19;3270
17;2025-12-18;20;2292
17;2025-12-18;21;1447
17;2025-12-18;22;736
17;2025-12-18;23;375
17;2025-12-19;0;138
17;2025-12-19;1;17
17;2025-12-19;2;0
17;2025-12-19;3;0
17;2025-12-19;4;25
17;2025-12-19;5;309
17;2025-12-19;6;1511
17;2025-12-19;7;4012
17;2025-12-19;8;5335
17;2025-12-19;9;3832
17;2025-12-19;10;3072
17;2025-12-19;11;3120
17;2025-12-19;12;3089
17;2025-12-19;13;3258
17;2025-12-19;14;3334
17;2025-12-19;15;3561
17;2025-12-19;16;4152
17;2025-12-19;17;4678
17;2025-12-19;18;4314
17;2025-12-19;19;3132
17;2025-12-19;20;2278
17;2025-12-19;21;1489
17;2025-12-19;22;739
17;2025-12-19;23;436
17;2025-12-20;0;191
17;2025-12-20;1;28
17;2025-12-20;2;0
17;2025-12-20;3;0
17;2025-12-20;4;5
17;2025-12-20;5;126
17;2025-12-20;6;584
17;2025-12-20;7;1337
17;2025-12-20;8;1832
17;2025-12-20;9;2263
17;2025-12-20;10;2553
17;2025-12-20;11;2934
17;2025-12-20;12;3220
17;2025-12-20;13;3443
17;2025-12-20;14;3468
17;2025-12-20;15;3500
17;2025-12-20;16;3553
17;2025-12-20;17;3326
17;2025-12-20;18;3138
17;2025-12-20;19;2384
17;2025-12-20;20;1831
17;2025-12-20;21;1293
17;2025-12-20;22;809
17;2025-12-20;23;438
17;2025-12-21;0;177
17;2025-12-21;1;26
17;2025-12-21;2;0
17;2025-12-21;3;0
17;2025-12-21;4;3
17;2025-12-21;5;96
17;2025-12-21;6;412
17;2025-12-21;7;836
17;2025-12-21;8;1284
17;2025-12-21;9;1715
17;2025-12-21;10;1995
17;2025-12-21;11;2636
17;2025-12-21;12;2871
17;2025-12-21;13;3041
17;2025-12-21;14;3144
17;2025-12-21;15;3107
17;2025-12-21;16;3042
17;2025-12-21;17;2904
17;2025-12-21;18;2529
17;2025-12-21;19;1997
17;2025-12-21;20;1560
17;2025-12-21;21;1115
17;2025-12-21;22;697
17;2025-12-21;23;322
17;2025-12-22;0;115
17;2025-12-22;1;14
17;2025-12-22;2;0
17;2025-12-22;3;0
17;2025-12-22;4;26
17;2025-12-22;5;312
17;2025-12-22;6;1551
17;2025-12-22;7;4217
17;2025-12-22;8;5548
17;2025-12-22;9;3925
17;2025-12-22;10;3018
17;2025-12-22;11;2963
17;2025-12-22;12;2960
17;2025-12-22;13;3086
17;2025-12-22;14;3100
17;2025-12-22;15;3334
17;2025-12-22;16;3786
17;2025-12-22;17;4422
17;2025-12-22;18;4735
17;2025-12-22;19;3236
17;2025-12-22;20;2204
17;2025-12-22;21;1382
17;2025-12-22;22;665
17;2025-12-22;23;317
17;2025-12-23;0;112
17;2025-12-23;1;11
17;2025-12-23;2;0
17;2025-12-23;3;0
17;2025-12-23;4;26
17;2025-12-23;5;321
17;2025-12-23;6;1533
17;2025-12-23;7;4189
17;2025-12-23;8;5531
17;2025-12-23;9;3947
17;2025-12-23;10;3115
17;2025-12-23;11;3091
17;2025-12-23;12;3109
17;2025-12-23;13;3167
17;2025-12-23;14;3269
17;2025-12-23;15;3353
17;2025-12-23;16;3789
17;2025-12-23;17;4582
17;2025-12-23;18;4786
17;2025-12-23;19;3269
17;2025-12-23;20;2280
17;2025-12-23;21;1433
17;2025-12-23;22;717
17;2025-12-23;23;349
17;2025-12-24;0;114
17;2025-12-24;1;12
17;2025-12-24;2;0
17;2025-12-24;3;0
17;2025-12-24;4;26
17;2025-12-24;5;323
17;2025-12-24;6;1542
17;2025-12-24;7;4159
17;2025-12-24;8;5513
17;2025-12-24;9;3943
17;2025-12-24;10;3131
17;2025-12-24;11;3096
17;2025-12-24;12;3109
17;2025-12-24;13;3173
17;2025-12-24;14;3258
17;2025-12-24;15;3366
17;2025-12-24;16;3795
17;2025-12-24;17;4588
17;2025-12-24;18;4781
17;2025-12-24;19;3268
17;2025-12-24;20;2286
17;2025-12-24;21;1440
17;2025-12-24;22;734
17;2025-12-24;23;371
17;2025-12-25;0;118
17;2025-12-25;1;12
17;2025-12-25;2;0
17;2025-12-25;3;0
17;2025-12-25;4;26
17;2025-12-25;5;314
17;2025-12-25;6;1526
17;2025-12-25;7;4173
17;2025-12-25;8;5494
17;2025-12-25;9;3929
17;2025-12-25;10;3124
17;2025-12-25;11;3089
17;2025-12-25;12;3115
17;2025-12-25;13;3185
17;2025-12-25;14;3277
17;2025-12-25;15;3382
17;2025-12-25;16;3812
17;2025-12-25;17;4594
17;2025-12-25;18;4782
17;2025-12-25;19;3270
17;2025-12-25;20;2292
17;2025-12-25;21;1447
17;2025-12-25;22;736
17;2025-12-25;23;374
17;2025-12-26;0;139
17;2025-12-26;1;18
17;2025-12-26;2;0
17;2025-12-26;3;0
17;2025-12-26;4;25
17;2025-12-26;5;304
17;2025-12-26;6;1500
17;2025-12-26;7;4069
17;2025-12-26;8;5337
17;2025-12-26;9;3835
17;2025-12-26;10;3080
17;2025-12-26;11;3117
17;2025-12-26;12;3087
17;2025-12-26;13;3257
17;2025-12-26;14;3335
17;2025-12-26;15;3597
17;2025-12-26;16;4168
17;2025-12-26;17;4694
17;2025-12-26;18;4323
17;2025-12-26;19;3128
17;2025-12-26;20;2279
17;2025-12-26;21;1496
17;2025-12-26;22;747
17;2025-12-26;23;443
17;2025-12-27;0;191
17;2025-12-27;1;28
17;2025-12-27;2;0
17;2025-12-27;3;0
17;2025-12-27;4;5
17;2025-12-27;5;126
17;2025-12-27;6;583
17;2025-12-27;7;1330
17;2025-12-27;8;1824
17;2025-12-27;9;2245
17;2025-12-27;10;2514
17;2025-12-27;11;2922
17;2025-12-27;12;3217
17;2025-12-27;13;3447
17;2025-12-27;14;3468
17;2025-12-27;15;3497
17;2025-12-27;16;3553
17;2025-12-27;17;3326
17;2025-12-27;18;3031
17;2025-12-27;19;2362
17;2025-12-27;20;1847
17;2025-12-27;21;1305
17;2025-12-27;22;814
17;2025-12-27;23;438
17;2025-12-28;0;177
17;2025-12-28;1;26
17;2025-12-28;2;0
17;2025-12-28;3;0
17;2025-12-28;4;3
17;2025-12-28;5;69
17;2025-12-28;6;402
17;2025-12-28;7;830
17;2025-12-28;8;1277
17;2025-12-28;9;1670
17;2025-12-28;10;1938
17;2025-12-28;11;2518
17;2025-12-28;12;2837
17;2025-12-28;13;3053
17;2025-12-28;14;3157
17;2025-12-28;15;3128
17;2025-12-28;16;3063
17;2025-12-28;17;3100
17;2025-12-28;18;2706
17;2025-12-28;19;2113
17;2025-12-28;20;1589
17;2025-12-28;21;1152
17;2025-12-28;22;722
17;2025-12-28;23;336
17;2025-12-29;0;107
17;2025-12-29;1;13
17;2025-12-29;2;0
17;2025-12-29;3;0
17;2025-12-29;4;24
17;2025-12-29;5;290
17;2025-12-29;6;1428
17;2025-12-29;7;3873
17;2025-12-29;8;5092
17;2025-12-29;9;3605
17;2025-12-29;10;2770
17;2025-12-29;11;2722
17;2025-12-29;12;2767
17;2025-12-29;13;2849
17;2025-12-29;14;2893
17;2025-12-29;15;3026
17;2025-12-29;16;3499
17;2025-12-29;17;4164
17;2025-12-29;18;4393
17;2025-12-29;19;3010
17;2025-12-29;20;2050
17;2025-12-29;21;1289
17;2025-12-29;22;618
17;2025-12-29;23;292
17;2025-12-30;0;103
17;2025-12-30;1;10
17;2025-12-30;2;0
17;2025-12-30;3;0
17;2025-12-30;4;24
17;2025-12-30;5;293
17;2025-12-30;6;1416
17;2025-12-30;7;3852
17;2025-12-30;8;5092
17;2025-12-30;9;3632
17;2025-12-30;10;2866
17;2025-12-30;11;2833
17;2025-12-30;12;2842
17;2025-12-30;13;2904
17;2025-12-30;14;2985
17;2025-12-30;15;3066
17;2025-12-30;16;3498
17;2025-12-30;17;4227
17;2025-12-30;18;4424
17;2025-12-30;19;3031
17;2025-12-30;20;2114
17;2025-12-30;21;1327
17;2025-12-30;22;668
17;2025-12-30;23;324
17;2025-12-31;0;147
17;2025-12-31;1;22
17;2025-12-31;2;0
17;2025-12-31;3;0
17;2025-12-31;4;4
17;2025-12-31;5;64
17;2025-12-31;6;366
17;2025-12-31;7;719
17;2025-12-31;8;1152
17;2025-12-31;9;1461
17;2025-12-31;10;1693
17;2025-12-31;11;2182
17;2025-12-31;12;2318
17;2025-12-31;13;2471
17;2025-12-31;14;2726
17;2025-12-31;15;2669
17;2025-12-31;16;2670
17;2025-12-31;17;2565
17;2025-12-31;18;2294
17;2025-12-31;19;1861
17;2025-12-31;20;0
17;2025-12-31;21;0
17;2025-12-31;22;0
17;2025-12-31;23;0
25;2025-11-01;0;1
25;2025-11-01;1;0
25;2025-11-01;2;0
25;2025-11-01;3;0
25;2025-11-01;4;0
25;2025-11-01;5;8
25;2025-11-01;6;189
25;2025-11-01;7;540
25;2025-11-01;8;870
25;2025-11-01;9;429
25;2025-11-01;10;362
25;2025-11-01;11;412
25;2025-11-01;12;431
25;2025-11-01;13;526
25;2025-11-01;14;489
25;2025-11-01;15;602
25;2025-11-01;16;774
25;2025-11-01;17;747
25;2025-11-01;18;657
25;2025-11-01;19;512
25;2025-11-01;20;296
25;2025-11-01;21;203
25;2025-11-01;22;103
25;2025-11-01;23;10
25;2025-11-02;0;11
25;2025-11-02;1;0
25;2025-11-02;2;0
25;2025-11-02;3;0
25;2025-11-02;4;0
25;2025-11-02;5;5
25;2025-11-02;6;73
25;2025-11-02;7;102
25;2025-11-02;8;212
25;2025-11-02;9;226
25;2025-11-02;10;222
25;2025-11-02;11;295
25;2025-11-02;12;375
25;2025-11-02;13;466
25;2025-11-02;14;530
25;2025-11-02;15;576
25;2025-11-02;16;513
25;2025-11-02;17;486
25;2025-11-02;18;401
25;2025-11-02;19;293
25;2025-11-02;20;226
25;2025-11-02;21;165
25;2025-11-02;22;97
25;2025-11-02;23;36
25;2025-11-03;0;9
25;2025-11-03;1;0
25;2025-11-03;2;0
25;2025-11-03;3;0
25;2025-11-03;4;0
25;2025-11-03;5;7
25;2025-11-03;6;75
25;2025-11-03;7;93
25;2025-11-03;8;180
25;2025-11-03;9;200
25;2025-11-03;10;189
25;2025-11-03;11;256
25;2025-11-03;12;339
25;2025-11-03;13;451
25;2025-11-03;14;504
25;2025-11-03;15;565
25;2025-11-03;16;491
25;2025-11-03;17;451
25;2025-11-03;18;375
25;2025-11-03;19;274
25;2025-11-03;20;221
25;2025-11-03;21;162
25;2025-11-03;22;94
25;2025-11-03;23;35
25;2025-11-04;0;9
25;2025-11-04;1;0
25;2025-11-04;2;0
25;2025-11-04;3;0
25;2025-11-04;4;0
25;2025-11-04;5;7
25;2025-11-04;6;75
25;2025-11-04;7;96
25;2025-11-04;8;176
25;2025-11-04;9;201
25;2025-11-04;10;193
25;2025-11-04;11;288
25;2025-11-04;12;356
25;2025-11-04;13;467
25;2025-11-04;14;508
25;2025-11-04;15;595
25;2025-11-04;16;509
25;2025-11-04;17;472
25;2025-11-04;18;391
25;2025-11-04;19;286
25;2025-11-04;20;222
25;2025-11-04;21;166
25;2025-11-04;22;95
25;2025-11-04;23;33
25;2025-11-05;0;1
25;2025-11-05;1;0
25;2025-11-05;2;0
25;2025-11-05;3;0
25;2025-11-05;4;0
25;2025-11-05;5;15
25;2025-11-05;6;217
25;2025-11-05;7;569
25;2025-11-05;8;957
25;2025-11-05;9;499
25;2025-11-05;10;412
25;2025-11-05;11;446
25;2025-11-05;12;452
25;2025-11-05;13;546
25;2025-11-05;14;511
25;2025-11-05;15;606
25;2025-11-05;16;718
25;2025-11-05;17;807
25;2025-11-05;18;804
25;2025-11-05;19;554
25;2025-11-05;20;320
25;2025-11-05;21;221
25;2025-11-05;22;99
25;2025-11-05;23;5
25;2025-11-06;0;1
25;2025-11-06;1;0
25;2025-11-06;2;0
25;2025-11-06;3;0
25;2025-11-06;4;0
25;2025-11-06;5;10
25;2025-11-06;6;211
25;2025-11-06;7;555
25;2025-11-06;8;949
25;2025-11-06;9;475
25;2025-11-06;10;386
25;2025-11-06;11;425
25;2025-11-06;12;451
25;2025-11-06;13;540
25;2025-11-06;14;507
25;2025-11-06;15;607
25;2025-11-06;16;717
25;2025-11-06;17;792
25;2025-11-06;18;787
25;2025-11-06;19;540
25;2025-11-06;20;316
25;2025-11-06;21;218
25;2025-11-06;22;97
25;2025-11-06;23;6
25;2025-11-07;0;1
25;2025-11-07;1;0
25;2025-11-07;2;0
25;2025-11-07;3;0
25;2025-11-07;4;0
25;2025-11-07;5;10
25;2025-11-07;6;209
25;2025-11-07;7;587
25;2025-11-07;8;943
25;2025-11-07;9;467
25;2025-11-07;10;398
25;2025-11-07;11;449
25;2025-11-07;12;461
25;2025-11-07;13;566
25;2025-11-07;14;525
25;2025-11-07;15;656
25;2025-11-07;16;838
25;2025-11-07;17;820
25;2025-11-07;18;714
25;2025-11-07;19;555
25;2025-11-07;20;317
25;2025-11-07;21;217
25;2025-11-07;22;108
25;2025-11-07;23;11
25;2025-11-08;0;2
25;2025-11-08;1;0
25;2025-11-08;2;0
25;2025-11-08;3;0
25;2025-11-08;4;0
25;2025-11-08;5;10
25;2025-11-08;6;94
25;2025-11-08;7;151
25;2025-11-08;8;316
25;2025-11-08;9;273
25;2025-11-08;10;303
25;2025-11-08;11;389
25;2025-11-08;12;436
25;2025-11-08;13;626
25;2025-11-08;14;628
25;2025-11-08;15;703
25;2025-11-08;16;653
25;2025-11-08;17;544
25;2025-11-08;18;479
25;2025-11-08;19;405
25;2025-11-08;20;249
25;2025-11-08;21;199
25;2025-11-08;22;116
25;2025-11-08;23;47
25;2025-11-09;0;11
25;2025-11-09;1;0
25;2025-11-09;2;0
25;2025-11-09;3;0
25;2025-11-09;4;0
25;2025-11-09;5;5
25;2025-11-09;6;73
25;2025-11-09;7;102
25;2025-11-09;8;193
25;2025-11-09;9;224
25;2025-11-09;10;232
25;2025-11-09;11;305
25;2025-11-09;12;379
25;2025-11-09;13;492
25;2025-11-09;14;507
25;2025-11-09;15;561
25;2025-11-09;16;484
25;2025-11-09;17;466
25;2025-11-09;18;409
25;2025-11-09;19;294
25;2025-11-09;20;226
25;2025-11-09;21;164
25;2025-11-09;22;94
25;2025-11-09;23;35
25;2025-11-10;0;6
25;2025-11-10;1;0
25;2025-11-10;2;0
25;2025-11-10;3;0
25;2025-11-10;4;0
25;2025-11-10;5;17
25;2025-11-10;6;211
25;2025-11-10;7;564
25;2025-11-10;8;1025
25;2025-11-10;9;514
25;2025-11-10;10;354
25;2025-11-10;11;395
25;2025-11-10;12;400
25;2025-11-10;13;517
25;2025-11-10;14;481
25;2025-11-10;15;533
25;2025-11-10;16;681
25;2025-11-10;17;744
25;2025-11-10;18;760
25;2025-11-10;19;516
25;2025-11-10;20;295
25;2025-11-10;21;190
25;2025-11-10;22;92
25;2025-11-10;23;6
25;2025-11-11;0;1
25;2025-11-11;1;0
25;2025-11-11;2;0
25;2025-11-11;3;0
25;2025-11-11;4;0
25;2025-11-11;5;13
25;2025-11-11;6;214
25;2025-11-11;7;561
25;2025-11-11;8;954
25;2025-11-11;9;484
25;2025-11-11;10;388
25;2025-11-11;11;422
25;2025-11-11;12;422
25;2025-11-11;13;507
25;2025-11-11;14;477
25;2025-11-11;15;577
25;2025-11-11;16;692
25;2025-11-11;17;779
25;2025-11-11;18;781
25;2025-11-11;19;530
25;2025-11-11;20;304
25;2025-11-11;21;208
25;2025-11-11;22;90
25;2025-11-11;23;3
25;2025-11-12;0;1
25;2025-11-12;1;0
25;2025-11-12;2;0
25;2025-11-12;3;0
25;2025-11-12;4;0
25;2025-11-12;5;12
25;2025-11-12;6;214
25;2025-11-12;7;564
25;2025-11-12;8;954
25;2025-11-12;9;482
25;2025-11-12;10;388
25;2025-11-12;11;423
25;2025-11-12;12;422
25;2025-11-12;13;511
25;2025-11-12;14;479
25;2025-11-12;15;575
25;2025-11-12;16;695
25;2025-11-12;17;782
25;2025-11-12;18;782
25;2025-11-12;19;535
25;2025-11-12;20;309
25;2025-11-12;21;211
25;2025-11-12;22;94
25;2025-11-12;23;4
25;2025-11-13;0;1
25;2025-11-13;1;0
25;2025-11-13;2;0
25;2025-11-13;3;0
25;2025-11-13;4;0
25;2025-11-13;5;10
25;2025-11-13;6;210
25;2025-11-13;7;557
25;2025-11-13;8;949
25;2025-11-13;9;477
25;2025-11-13;10;381
25;2025-11-13;11;421
25;2025-11-13;12;423
25;2025-11-13;13;512
25;2025-11-13;14;484
25;2025-11-13;15;578
25;2025-11-13;16;695
25;2025-11-13;17;782
25;2025-11-13;18;781
25;2025-11-13;19;533
25;2025-11-13;20;307
25;2025-11-13;21;210
25;2025-11-13;22;93
25;2025-11-13;23;5
25;2025-11-14;0;1
25;2025-11-14;1;0
25;2025-11-14;2;0
25;2025-11-14;3;0
25;2025-11-14;4;0
25;2025-11-14;5;10
25;2025-11-14;6;218
25;2025-11-14;7;595
25;2025-11-14;8;948
25;2025-11-14;9;472
25;2025-11-14;10;400
25;2025-11-14;11;441
25;2025-11-14;12;426
25;2025-11-14;13;527
25;2025-11-14;14;487
25;2025-11-14;15;619
25;2025-11-14;16;804
25;2025-11-14;17;798
25;2025-11-14;18;705
25;2025-11-14;19;550
25;2025-11-14;20;313
25;2025-11-14;21;213
25;2025-11-14;22;110
25;2025-11-14;23;10
25;2025-11-15;0;2
25;2025-11-15;1;0
25;2025-11-15;2;0
25;2025-11-15;3;0
25;2025-11-15;4;0
25;2025-11-15;5;16
25;2025-11-15;6;102
25;2025-11-15;7;163
25;2025-11-15;8;327
25;2025-11-15;9;293
25;2025-11-15;10;301
25;2025-11-15;11;369
25;2025-11-15;12;413
25;2025-11-15;13;583
25;2025-11-15;14;586
25;2025-11-15;15;662
25;2025-11-15;16;611
25;2025-11-15;17;530
25;2025-11-15;18;459
25;2025-11-15;19;386
25;2025-11-15;20;257
25;2025-11-15;21;199
25;2025-11-15;22;114
25;2025-11-15;23;46
25;2025-11-16;0;11
25;2025-11-16;1;0
25;2025-11-16;2;0
25;2025-11-16;3;0
25;2025-11-16;4;0
25;2025-11-16;5;4
25;2025-11-16;6;71
25;2025-11-16;7;102
25;2025-11-16;8;188
25;2025-11-16;9;223
25;2025-11-16;10;227
25;2025-11-16;11;297
25;2025-11-16;12;363
25;2025-11-16;13;456
25;2025-11-16;14;495
25;2025-11-16;15;549
25;2025-11-16;16;486
25;2025-11-16;17;461
25;2025-11-16;18;392
25;2025-11-16;19;286
25;2025-11-16;20;221
25;2025-11-16;21;154
25;2025-11-16;22;88
25;2025-11-16;23;30
25;2025-11-17;0;6
25;2025-11-17;1;0
25;2025-11-17;2;0
25;2025-11-17;3;0
25;2025-11-17;4;0
25;2025-11-17;5;24
25;2025-11-17;6;213
25;2025-11-17;7;564
25;2025-11-17;8;1012
25;2025-11-17;9;524
25;2025-11-17;10;363
25;2025-11-17;11;398
25;2025-11-17;12;403
25;2025-11-17;13;510
25;2025-11-17;14;465
25;2025-11-17;15;513
25;2025-11-17;16;673
25;2025-11-17;17;740
25;2025-11-17;18;755
25;2025-11-17;19;505
25;2025-11-17;20;286
25;2025-11-17;21;184
25;2025-11-17;22;84
25;2025-11-17;23;2
25;2025-11-18;0;1
25;2025-11-18;1;0
25;2025-11-18;2;0
25;2025-11-18;3;0
25;2025-11-18;4;0
25;2025-11-18;5;15
25;2025-11-18;6;217
25;2025-11-18;7;569
25;2025-11-18;8;961
25;2025-11-18;9;488
25;2025-11-18;10;394
25;2025-11-18;11;427
25;2025-11-18;12;424
25;2025-11-18;13;507
25;2025-11-18;14;473
25;2025-11-18;15;570
25;2025-11-18;16;691
25;2025-11-18;17;776
25;2025-11-18;18;777
25;2025-11-18;19;526
25;2025-11-18;20;304
25;2025-11-18;21;208
25;2025-11-18;22;91
25;2025-11-18;23;3
25;2025-11-19;0;1
25;2025-11-19;1;0
25;2025-11-19;2;0
25;2025-11-19;3;0
25;2025-11-19;4;0
25;2025-11-19;5;17
25;2025-11-19;6;219
25;2025-11-19;7;567
25;2025-11-19;8;958
25;2025-11-19;9;482
25;2025-11-19;10;388
25;2025-11-19;11;427
25;2025-11-19;12;424
25;2025-11-19;13;512
25;2025-11-19;14;479
25;2025-11-19;15;575
25;2025-11-19;16;693
25;2025-11-19;17;780
25;2025-11-19;18;780
25;2025-11-19;19;534
25;2025-11-19;20;308
25;2025-11-19;21;212
25;2025-11-19;22;94
25;2025-11-19;23;5
25;2025-11-20;0;1
25;2025-11-20;1;0
25;2025-11-20;2;0
25;2025-11-20;3;0
25;2025-11-20;4;0
25;2025-11-20;5;11
25;2025-11-20;6;216
25;2025-11-20;7;562
25;2025-11-20;8;992
25;2025-11-20;9;483
25;2025-11-20;10;396
25;2025-11-20;11;433
25;2025-11-20;12;425
25;2025-11-20;13;508
25;2025-11-20;14;476
25;2025-11-20;15;574
25;2025-11-20;16;693
25;2025-11-20;17;780
25;2025-11-20;18;780
25;2025-11-20;19;533
25;2025-11-20;20;308
25;2025-11-20;21;211
25;2025-11-20;22;95
25;2025-11-20;23;7
25;2025-11-21;0;1
25;2025-11-21;1;0
25;2025-11-21;2;0
25;2025-11-21;3;0
25;2025-11-21;4;0
25;2025-11-21;5;19
25;2025-11-21;6;229
25;2025-11-21;7;609
25;2025-11-21;8;964
25;2025-11-21;9;490
25;2025-11-21;10;416
25;2025-11-21;11;458
25;2025-11-21;12;439
25;2025-11-21;13;535
25;2025-11-21;14;492
25;2025-11-21;15;622
25;2025-11-21;16;812
25;2025-11-21;17;807
25;2025-11-21;18;701
25;2025-11-21;19;534
25;2025-11-21;20;301
25;2025-11-21;21;202
25;2025-11-21;22;104
25;2025-11-21;23;10
25;2025-11-22;0;2
25;2025-11-22;1;0
25;2025-11-22;2;0
25;2025-11-22;3;0
25;2025-11-22;4;0
25;2025-11-22;5;16
25;2025-11-22;6;96
25;2025-11-22;7;149
25;2025-11-22;8;336
25;2025-11-22;9;270
25;2025-11-22;10;291
25;2025-11-22;11;368
25;2025-11-22;12;403
25;2025-11-22;13;579
25;2025-11-22;14;586
25;2025-11-22;15;665
25;2025-11-22;16;614
25;2025-11-22;17;534
25;2025-11-22;18;463
25;2025-11-22;19;382
25;2025-11-22;20;253
25;2025-11-22;21;199
25;2025-11-22;22;118
25;2025-11-22;23;47
25;2025-11-23;0;11
25;2025-11-23;1;0
25;2025-11-23;2;0
25;2025-11-23;3;0
25;2025-11-23;4;0
25;2025-11-23;5;6
25;2025-11-23;6;73
25;2025-11-23;7;99
25;2025-11-23;8;185
25;2025-11-23;9;219
25;2025-11-23;10;216
25;2025-11-23;11;289
25;2025-11-23;12;350
25;2025-11-23;13;438
25;2025-11-23;14;479
25;2025-11-23;15;543
25;2025-11-23;16;482
25;2025-11-23;17;464
25;2025-11-23;18;379
25;2025-11-23;19;275
25;2025-11-23;20;222
25;2025-11-23;21;163
25;2025-11-23;22;95
25;2025-11-23;23;37
25;2025-11-24;0;6
25;2025-11-24;1;0
25;2025-11-24;2;0
25;2025-11-24;3;0
25;2025-11-24;4;0
25;2025-11-24;5;13
25;2025-11-24;6;208
25;2025-11-24;7;557
25;2025-11-24;8;1002
25;2025-11-24;9;515
25;2025-11-24;10;356
25;2025-11-24;11;399
25;2025-11-24;12;400
25;2025-11-24;13;499
25;2025-11-24;14;453
25;2025-11-24;15;507
25;2025-11-24;16;673
25;2025-11-24;17;744
25;2025-11-24;18;759
25;2025-11-24;19;512
25;2025-11-24;20;286
25;2025-11-24;21;182
25;2025-11-24;22;83
25;2025-11-24;23;6
25;2025-11-25;0;1
25;2025-11-25;1;0
25;2025-11-25;2;0
25;2025-11-25;3;0
25;2025-11-25;4;0
25;2025-11-25;5;11
25;2025-11-25;6;214
25;2025-11-25;7;562
25;2025-11-25;8;950
25;2025-11-25;9;476
25;2025-11-25;10;387
25;2025-11-25;11;424
25;2025-11-25;12;419
25;2025-11-25;13;510
25;2025-11-25;14;479
25;2025-11-25;15;573
25;2025-11-25;16;697
25;2025-11-25;17;778
25;2025-11-25;18;788
25;2025-11-25;19;534
25;2025-11-25;20;309
25;2025-11-25;21;213
25;2025-11-25;22;97
25;2025-11-25;23;7
25;2025-11-26;0;1
25;2025-11-26;1;0
25;2025-11-26;2;0
25;2025-11-26;3;0
25;2025-11-26;4;0
25;2025-11-26;5;13
25;2025-11-26;6;218
25;2025-11-26;7;562
25;2025-11-26;8;950
25;2025-11-26;9;476
25;2025-11-26;10;384
25;2025-11-26;11;427
25;2025-11-26;12;421
25;2025-11-26;13;516
25;2025-11-26;14;482
25;2025-11-26;15;578
25;2025-11-26;16;697
25;2025-11-26;17;784
25;2025-11-26;18;784
25;2025-11-26;19;536
25;2025-11-26;20;310
25;2025-11-26;21;213
25;2025-11-26;22;95
25;2025-11-26;23;5
25;2025-11-27;0;1
25;2025-11-27;1;0
25;2025-11-27;2;0
25;2025-11-27;3;0
25;2025-11-27;4;0
25;2025-11-27;5;20
25;2025-11-27;6;219
25;2025-11-27;7;571
25;2025-11-27;8;975
25;2025-11-27;9;495
25;2025-11-27;10;403
25;2025-11-27;11;437
25;2025-11-27;12;427
25;2025-11-27;13;513
25;2025-11-27;14;481
25;2025-11-27;15;575
25;2025-11-27;16;695
25;2025-11-27;17;782
25;2025-11-27;18;778
25;2025-11-27;19;530
25;2025-11-27;20;304
25;2025-11-27;21;208
25;2025-11-27;22;95
25;2025-11-27;23;7
25;2025-11-28;0;1
25;2025-11-28;1;0
25;2025-11-28;2;0
25;2025-11-28;3;0
25;2025-11-28;4;0
25;2025-11-28;5;17
25;2025-11-28;6;228
25;2025-11-28;7;606
25;2025-11-28;8;959
25;2025-11-28;9;483
25;2025-11-28;10;413
25;2025-11-28;11;458
25;2025-11-28;12;442
25;2025-11-28;13;539
25;2025-11-28;14;494
25;2025-11-28;15;630
25;2025-11-28;16;815
25;2025-11-28;17;809
25;2025-11-28;18;712
25;2025-11-28;19;549
25;2025-11-28;20;319
25;2025-11-28;21;221
25;2025-11-28;22;113
25;2025-11-28;23;17
25;2025-11-29;0;2
25;2025-11-29;1;0
25;2025-11-29;2;0
25;2025-11-29;3;0
25;2025-11-29;4;0
25;2025-11-29;5;10
25;2025-11-29;6;68
25;2025-11-29;7;120
25;2025-11-29;8;281
25;2025-11-29;9;230
25;2025-11-29;10;278
25;2025-11-29;11;377
25;2025-11-29;12;420
25;2025-11-29;13;607
25;2025-11-29;14;588
25;2025-11-29;15;666
25;2025-11-29;16;611
25;2025-11-29;17;529
25;2025-11-29;18;466
25;2025-11-29;19;380
25;2025-11-29;20;251
25;2025-11-29;21;197
25;2025-11-29;22;114
25;2025-11-29;23;45
25;2025-11-30;0;11
25;2025-11-30;1;0
25;2025-11-30;2;0
25;2025-11-30;3;0
25;2025-11-30;4;0
25;2025-11-30;5;4
25;2025-11-30;6;74
25;2025-11-30;7;105
25;2025-11-30;8;208
25;2025-11-30;9;223
25;2025-11-30;10;222
25;2025-11-30;11;291
25;2025-11-30;12;344
25;2025-11-30;13;439
25;2025-11-30;14;482
25;2025-11-30;15;530
25;2025-11-30;16;485
25;2025-11-30;17;465
25;2025-11-30;18;387
25;2025-11-30;19;275
25;2025-11-30;20;223
25;2025-11-30;21;163
25;2025-11-30;22;95
25;2025-11-30;23;37
25;2025-12-01;0;6
25;2025-12-01;1;0
25;2025-12-01;2;0
25;2025-12-01;3;0
25;2025-12-01;4;0
25;2025-12-01;5;12
25;2025-12-01;6;204
25;2025-12-01;7;555
25;2025-12-01;8;1001
25;2025-12-01;9;516
25;2025-12-01;10;355
25;2025-12-01;11;396
25;2025-12-01;12;404
25;2025-12-01;13;505
25;2025-12-01;14;460
25;2025-12-01;15;512
25;2025-12-01;16;677
25;2025-12-01;17;749
25;2025-12-01;18;763
25;2025-12-01;19;516
25;2025-12-01;20;291
25;2025-12-01;21;187
25;2025-12-01;22;87
25;2025-12-01;23;2
25;2025-12-02;0;1
25;2025-12-02;1;0
25;2025-12-02;2;0
25;2025-12-02;3;0
25;2025-12-02;4;0
25;2025-12-02;5;11
25;2025-12-02;6;214
25;2025-12-02;7;561
25;2025-12-02;8;948
25;2025-12-02;9;474
25;2025-12-02;10;376
25;2025-12-02;11;414
25;2025-12-02;12;412
25;2025-12-02;13;505
25;2025-12-02;14;473
25;2025-12-02;15;568
25;2025-12-02;16;687
25;2025-12-02;17;775
25;2025-12-02;18;777
25;2025-12-02;19;529
25;2025-12-02;20;310
25;2025-12-02;21;207
25;2025-12-02;22;90
25;2025-12-02;23;3
25;2025-12-03;0;1
25;2025-12-03;1;0
25;2025-12-03;2;0
25;2025-12-03;3;0
25;2025-12-03;4;0
25;2025-12-03;5;11
25;2025-12-03;6;214
25;2025-12-03;7;560
25;2025-12-03;8;949
25;2025-12-03;9;476
25;2025-12-03;10;380
25;2025-12-03;11;427
25;2025-12-03;12;428
25;2025-12-03;13;511
25;2025-12-03;14;479
25;2025-12-03;15;580
25;2025-12-03;16;698
25;2025-12-03;17;785
25;2025-12-03;18;783
25;2025-12-03;19;528
25;2025-12-03;20;302
25;2025-12-03;21;209
25;2025-12-03;22;93
25;2025-12-03;23;4
25;2025-12-04;0;1
25;2025-12-04;1;0
25;2025-12-04;2;0
25;2025-12-04;3;0
25;2025-12-04;4;0
25;2025-12-04;5;10
25;2025-12-04;6;214
25;2025-12-04;7;560
25;2025-12-04;8;949
25;2025-12-04;9;477
25;2025-12-04;10;381
25;2025-12-04;11;427
25;2025-12-04;12;428
25;2025-12-04;13;512
25;2025-12-04;14;481
25;2025-12-04;15;582
25;2025-12-04;16;701
25;2025-12-04;17;786
25;2025-12-04;18;786
25;2025-12-04;19;535
25;2025-12-04;20;309
25;2025-12-04;21;212
25;2025-12-04;22;96
25;2025-12-04;23;6
25;2025-12-05;0;1
25;2025-12-05;1;0
25;2025-12-05;2;0
25;2025-12-05;3;0
25;2025-12-05;4;0
25;2025-12-05;5;10
25;2025-12-05;6;220
25;2025-12-05;7;595
25;2025-12-05;8;947
25;2025-12-05;9;470
25;2025-12-05;10;397
25;2025-12-05;11;444
25;2025-12-05;12;432
25;2025-12-05;13;538
25;2025-12-05;14;497
25;2025-12-05;15;628
25;2025-12-05;16;814
25;2025-12-05;17;806
25;2025-12-05;18;712
25;2025-12-05;19;549
25;2025-12-05;20;314
25;2025-12-05;21;216
25;2025-12-05;22;108
25;2025-12-05;23;12
25;2025-12-06;0;2
25;2025-12-06;1;0
25;2025-12-06;2;0
25;2025-12-06;3;0
25;2025-12-06;4;0
25;2025-12-06;5;10
25;2025-12-06;6;91
25;2025-12-06;7;142
25;2025-12-06;8;286
25;2025-12-06;9;234
25;2025-12-06;10;246
25;2025-12-06;11;352
25;2025-12-06;12;391
25;2025-12-06;13;576
25;2025-12-06;14;586
25;2025-12-06;15;670
25;2025-12-06;16;621
25;2025-12-06;17;540
25;2025-12-06;18;476
25;2025-12-06;19;399
25;2025-12-06;20;262
25;2025-12-06;21;207
25;2025-12-06;22;118
25;2025-12-06;23;47
25;2025-12-07;0;11
25;2025-12-07;1;0
25;2025-12-07;2;0
25;2025-12-07;3;0
25;2025-12-07;4;0
25;2025-12-07;5;4
25;2025-12-07;6;50
25;2025-12-07;7;79
25;2025-12-07;8;167
25;2025-12-07;9;184
25;2025-12-07;10;218
25;2025-12-07;11;285
25;2025-12-07;12;351
25;2025-12-07;13;449
25;2025-12-07;14;492
25;2025-12-07;15;557
25;2025-12-07;16;495
25;2025-12-07;17;472
25;2025-12-07;18;395
25;2025-12-07;19;281
25;2025-12-07;20;228
25;2025-12-07;21;173
25;2025-12-07;22;101
25;2025-12-07;23;40
25;2025-12-08;0;6
25;2025-12-08;1;0
25;2025-12-08;2;0
25;2025-12-08;3;0
25;2025-12-08;4;0
25;2025-12-08;5;12
25;2025-12-08;6;203
25;2025-12-08;7;555
25;2025-12-08;8;999
25;2025-12-08;9;512
25;2025-12-08;10;354
25;2025-12-08;11;396
25;2025-12-08;12;401
25;2025-12-08;13;505
25;2025-12-08;14;462
25;2025-12-08;15;518
25;2025-12-08;16;680
25;2025-12-08;17;749
25;2025-12-08;18;763
25;2025-12-08;19;523
25;2025-12-08;20;294
25;2025-12-08;21;188
25;2025-12-08;22;87
25;2025-12-08;23;2
25;2025-12-09;0;1
25;2025-12-09;1;0
25;2025-12-09;2;0
25;2025-12-09;3;0
25;2025-12-09;4;0
25;2025-12-09;5;10
25;2025-12-09;6;207
25;2025-12-09;7;557
25;2025-12-09;8;951
25;2025-12-09;9;478
25;2025-12-09;10;373
25;2025-12-09;11;413
25;2025-12-09;12;412
25;2025-12-09;13;497
25;2025-12-09;14;466
25;2025-12-09;15;568
25;2025-12-09;16;687
25;2025-12-09;17;775
25;2025-12-09;18;777
25;2025-12-09;19;529
25;2025-12-09;20;303
25;2025-12-09;21;207
25;2025-12-09;22;90
25;2025-12-09;23;3
25;2025-12-10;0;1
25;2025-12-10;1;0
25;2025-12-10;2;0
25;2025-12-10;3;0
25;2025-12-10;4;0
25;2025-12-10;5;11
25;2025-12-10;6;215
25;2025-12-10;7;561
25;2025-12-10;8;949
25;2025-12-10;9;476
25;2025-12-10;10;379
25;2025-12-10;11;418
25;2025-12-10;12;416
25;2025-12-10;13;502
25;2025-12-10;14;477
25;2025-12-10;15;576
25;2025-12-10;16;692
25;2025-12-10;17;780
25;2025-12-10;18;781
25;2025-12-10;19;532
25;2025-12-10;20;302
25;2025-12-10;21;206
25;2025-12-10;22;89
25;2025-12-10;23;4
25;2025-12-11;0;1
25;2025-12-11;1;0
25;2025-12-11;2;0
25;2025-12-11;3;0
25;2025-12-11;4;0
25;2025-12-11;5;10
25;2025-12-11;6;214
25;2025-12-11;7;560
25;2025-12-11;8;949
25;2025-12-11;9;477
25;2025-12-11;10;380
25;2025-12-11;11;419
25;2025-12-11;12;426
25;2025-12-11;13;511
25;2025-12-11;14;483
25;2025-12-11;15;580
25;2025-12-11;16;696
25;2025-12-11;17;783
25;2025-12-11;18;784
25;2025-12-11;19;535
25;2025-12-11;20;309
25;2025-12-11;21;212
25;2025-12-11;22;94
25;2025-12-11;23;3
25;2025-12-12;0;1
25;2025-12-12;1;0
25;2025-12-12;2;0
25;2025-12-12;3;0
25;2025-12-12;4;0
25;2025-12-12;5;10
25;2025-12-12;6;220
25;2025-12-12;7;595
25;2025-12-12;8;947
25;2025-12-12;9;470
25;2025-12-12;10;397
25;2025-12-12;11;444
25;2025-12-12;12;443
25;2025-12-12;13;539
25;2025-12-12;14;496
25;2025-12-12;15;632
25;2025-12-12;16;814
25;2025-12-12;17;806
25;2025-12-12;18;712
25;2025-12-12;19;550
25;2025-12-12;20;315
25;2025-12-12;21;219
25;2025-12-12;22;112
25;2025-12-12;23;15
25;2025-12-13;0;2
25;2025-12-13;1;0
25;2025-12-13;2;0
25;2025-12-13;3;0
25;2025-12-13;4;0
25;2025-12-13;5;10
25;2025-12-13;6;97
25;2025-12-13;7;153
25;2025-12-13;8;313
25;2025-12-13;9;276
25;2025-12-13;10;285
25;2025-12-13;11;369
25;2025-12-13;12;408
25;2025-12-13;13;584
25;2025-12-13;14;593
25;2025-12-13;15;672
25;2025-12-13;16;620
25;2025-12-13;17;539
25;2025-12-13;18;476
25;2025-12-13;19;387
25;2025-12-13;20;257
25;2025-12-13;21;202
25;2025-12-13;22;115
25;2025-12-13;23;48
25;2025-12-14;0;11
25;2025-12-14;1;0
25;2025-12-14;2;0
25;2025-12-14;3;0
25;2025-12-14;4;0
25;2025-12-14;5;4
25;2025-12-14;6;51
25;2025-12-14;7;79
25;2025-12-14;8;167
25;2025-12-14;9;184
25;2025-12-14;10;213
25;2025-12-14;11;286
25;2025-12-14;12;351
25;2025-12-14;13;449
25;2025-12-14;14;492
25;2025-12-14;15;557
25;2025-12-14;16;495
25;2025-12-14;17;472
25;2025-12-14;18;395
25;2025-12-14;19;281
25;2025-12-14;20;228
25;2025-12-14;21;167
25;2025-12-14;22;98
25;2025-12-14;23;38
25;2025-12-15;0;6
25;2025-12-15;1;0
25;2025-12-15;2;0
25;2025-12-15;3;0
25;2025-12-15;4;0
25;2025-12-15;5;13
25;2025-12-15;6;208
25;2025-12-15;7;558
25;2025-12-15;8;1002
25;2025-12-15;9;516
25;2025-12-15;10;356
25;2025-12-15;11;395
25;2025-12-15;12;401
25;2025-12-15;13;505
25;2025-12-15;14;462
25;2025-12-15;15;518
25;2025-12-15;16;680
25;2025-12-15;17;752
25;2025-12-15;18;766
25;2025-12-15;19;520
25;2025-12-15;20;295
25;2025-12-15;21;187
25;2025-12-15;22;88
25;2025-12-15;23;2
25;2025-12-16;0;1
25;2025-12-16;1;0
25;2025-12-16;2;0
25;2025-12-16;3;0
25;2025-12-16;4;0
25;2025-12-16;5;10
25;2025-12-16;6;213
25;2025-12-16;7;562
25;2025-12-16;8;949
25;2025-12-16;9;476
25;2025-12-16;10;377
25;2025-12-16;11;414
25;2025-12-16;12;412
25;2025-12-16;13;505
25;2025-12-16;14;473
25;2025-12-16;15;572
25;2025-12-16;16;691
25;2025-12-16;17;778
25;2025-12-16;18;777
25;2025-12-16;19;529
25;2025-12-16;20;302
25;2025-12-16;21;203
25;2025-12-16;22;88
25;2025-12-16;23;3
25;2025-12-17;0;1
25;2025-12-17;1;0
25;2025-12-17;2;0
25;2025-12-17;3;0
25;2025-12-17;4;0
25;2025-12-17;5;17
25;2025-12-17;6;224
25;2025-12-17;7;572
25;2025-12-17;8;961
25;2025-12-17;9;493
25;2025-12-17;10;400
25;2025-12-17;11;434
25;2025-12-17;12;426
25;2025-12-17;13;511
25;2025-12-17;14;482
25;2025-12-17;15;578
25;2025-12-17;16;695
25;2025-12-17;17;782
25;2025-12-17;18;784
25;2025-12-17;19;533
25;2025-12-17;20;309
25;2025-12-17;21;213
25;2025-12-17;22;95
25;2025-12-17;23;4
25;2025-12-18;0;1
25;2025-12-18;1;0
25;2025-12-18;2;0
25;2025-12-18;3;0
25;2025-12-18;4;0
25;2025-12-18;5;10
25;2025-12-18;6;219
25;2025-12-18;7;560
25;2025-12-18;8;949
25;2025-12-18;9;477
25;2025-12-18;10;381
25;2025-12-18;11;419
25;2025-12-18;12;426
25;2025-12-18;13;513
25;2025-12-18;14;483
25;2025-12-18;15;582
25;2025-12-18;16;701
25;2025-12-18;17;786
25;2025-12-18;18;786
25;2025-12-18;19;535
25;2025-12-18;20;309
25;2025-12-18;21;212
25;2025-12-18;22;96
25;2025-12-18;23;6
25;2025-12-19;0;1
25;2025-12-19;1;0
25;2025-12-19;2;0
25;2025-12-19;3;0
25;2025-12-19;4;0
25;2025-12-19;5;12
25;2025-12-19;6;224
25;2025-12-19;7;592
25;2025-12-19;8;947
25;2025-12-19;9;470
25;2025-12-19;10;406
25;2025-12-19;11;459
25;2025-12-19;12;442
25;2025-12-19;13;539
25;2025-12-19;14;494
25;2025-12-19;15;629
25;2025-12-19;16;805
25;2025-12-19;17;800
25;2025-12-19;18;702
25;2025-12-19;19;549
25;2025-12-19;20;314
25;2025-12-19;21;210
25;2025-12-19;22;104
25;2025-12-19;23;12
25;2025-12-20;0;2
25;2025-12-20;1;0
25;2025-12-20;2;0
25;2025-12-20;3;0
25;2025-12-20;4;0
25;2025-12-20;5;21
25;2025-12-20;6;106
25;2025-12-20;7;162
25;2025-12-20;8;328
25;2025-12-20;9;288
25;2025-12-20;10;302
25;2025-12-20;11;375
25;2025-12-20;12;412
25;2025-12-20;13;587
25;2025-12-20;14;596
25;2025-12-20;15;672
25;2025-12-20;16;620
25;2025-12-20;17;539
25;2025-12-20;18;507
25;2025-12-20;19;386
25;2025-12-20;20;256
25;2025-12-20;21;201
25;2025-12-20;22;116
25;2025-12-20;23;46
25;2025-12-21;0;11
25;2025-12-21;1;0
25;2025-12-21;2;0
25;2025-12-21;3;0
25;2025-12-21;4;0
25;2025-12-21;5;7
25;2025-12-21;6;76
25;2025-12-21;7;108
25;2025-12-21;8;197
25;2025-12-21;9;229
25;2025-12-21;10;227
25;2025-12-21;11;307
25;2025-12-21;12;349
25;2025-12-21;13;446
25;2025-12-21;14;488
25;2025-12-21;15;552
25;2025-12-21;16;489
25;2025-12-21;17;466
25;2025-12-21;18;380
25;2025-12-21;19;276
25;2025-12-21;20;225
25;2025-12-21;21;165
25;2025-12-21;22;96
25;2025-12-21;23;35
25;2025-12-22;0;6
25;2025-12-22;1;0
25;2025-12-22;2;0
25;2025-12-22;3;0
25;2025-12-22;4;0
25;2025-12-22;5;17
25;2025-12-22;6;212
25;2025-12-22;7;561
25;2025-12-22;8;1003
25;2025-12-22;9;516
25;2025-12-22;10;355
25;2025-12-22;11;399
25;2025-12-22;12;401
25;2025-12-22;13;505
25;2025-12-22;14;460
25;2025-12-22;15;520
25;2025-12-22;16;677
25;2025-12-22;17;752
25;2025-12-22;18;776
25;2025-12-22;19;525
25;2025-12-22;20;301
25;2025-12-22;21;192
25;2025-12-22;22;94
25;2025-12-22;23;7
25;2025-12-23;0;1
25;2025-12-23;1;0
25;2025-12-23;2;0
25;2025-12-23;3;0
25;2025-12-23;4;0
25;2025-12-23;5;13
25;2025-12-23;6;221
25;2025-12-23;7;571
25;2025-12-23;8;959
25;2025-12-23;9;486
25;2025-12-23;10;394
25;2025-12-23;11;416
25;2025-12-23;12;418
25;2025-12-23;13;508
25;2025-12-23;14;475
25;2025-12-23;15;573
25;2025-12-23;16;688
25;2025-12-23;17;772
25;2025-12-23;18;776
25;2025-12-23;19;527
25;2025-12-23;20;302
25;2025-12-23;21;205
25;2025-12-23;22;90
25;2025-12-23;23;3
25;2025-12-24;0;1
25;2025-12-24;1;0
25;2025-12-24;2;0
25;2025-12-24;3;0
25;2025-12-24;4;0
25;2025-12-24;5;25
25;2025-12-24;6;232
25;2025-12-24;7;580
25;2025-12-24;8;964
25;2025-12-24;9;493
25;2025-12-24;10;399
25;2025-12-24;11;436
25;2025-12-24;12;432
25;2025-12-24;13;513
25;2025-12-24;14;479
25;2025-12-24;15;578
25;2025-12-24;16;695
25;2025-12-24;17;782
25;2025-12-24;18;784
25;2025-12-24;19;533
25;2025-12-24;20;310
25;2025-12-24;21;213
25;2025-12-24;22;95
25;2025-12-24;23;5
25;2025-12-25;0;1
25;2025-12-25;1;0
25;2025-12-25;2;0
25;2025-12-25;3;0
25;2025-12-25;4;0
25;2025-12-25;5;12
25;2025-12-25;6;215
25;2025-12-25;7;562
25;2025-12-25;8;950
25;2025-12-25;9;478
25;2025-12-25;10;381
25;2025-12-25;11;419
25;2025-12-25;12;426
25;2025-12-25;13;511
25;2025-12-25;14;481
25;2025-12-25;15;576
25;2025-12-25;16;696
25;2025-12-25;17;783
25;2025-12-25;18;784
25;2025-12-25;19;535
25;2025-12-25;20;309
25;2025-12-25;21;212
25;2025-12-25;22;96
25;2025-12-25;23;6
25;2025-12-26;0;1
25;2025-12-26;1;0
25;2025-12-26;2;0
25;2025-12-26;3;0
25;2025-12-26;4;0
25;2025-12-26;5;10
25;2025-12-26;6;220
25;2025-12-26;7;599
25;2025-12-26;8;952
25;2025-12-26;9;476
25;2025-12-26;10;412
25;2025-12-26;11;458
25;2025-12-26;12;441
25;2025-12-26;13;539
25;2025-12-26;14;494
25;2025-12-26;15;619
25;2025-12-26;16;813
25;2025-12-26;17;808
25;2025-12-26;18;713
25;2025-12-26;19;549
25;2025-12-26;20;317
25;2025-12-26;21;219
25;2025-12-26;22;112
25;2025-12-26;23;13
25;2025-12-27;0;2
25;2025-12-27;1;0
25;2025-12-27;2;0
25;2025-12-27;3;0
25;2025-12-27;4;0
25;2025-12-27;5;10
25;2025-12-27;6;95
25;2025-12-27;7;147
25;2025-12-27;8;311
25;2025-12-27;9;275
25;2025-12-27;10;287
25;2025-12-27;11;359
25;2025-12-27;12;400
25;2025-12-27;13;586
25;2025-12-27;14;596
25;2025-12-27;15;675
25;2025-12-27;16;620
25;2025-12-27;17;539
25;2025-12-27;18;467
25;2025-12-27;19;387
25;2025-12-27;20;257
25;2025-12-27;21;202
25;2025-12-27;22;116
25;2025-12-27;23;46
25;2025-12-28;0;11
25;2025-12-28;1;0
25;2025-12-28;2;0
25;2025-12-28;3;0
25;2025-12-28;4;0
25;2025-12-28;5;4
25;2025-12-28;6;66
25;2025-12-28;7;95
25;2025-12-28;8;183
25;2025-12-28;9;184
25;2025-12-28;10;178
25;2025-12-28;11;283
25;2025-12-28;12;345
25;2025-12-28;13;448
25;2025-12-28;14;491
25;2025-12-28;15;557
25;2025-12-28;16;495
25;2025-12-28;17;493
25;2025-12-28;18;414
25;2025-12-28;19;295
25;2025-12-28;20;229
25;2025-12-28;21;175
25;2025-12-28;22;105
25;2025-12-28;23;44
25;2025-12-29;0;5
25;2025-12-29;1;0
25;2025-12-29;2;0
25;2025-12-29;3;0
25;2025-12-29;4;0
25;2025-12-29;5;10
25;2025-12-29;6;184
25;2025-12-29;7;515
25;2025-12-29;8;919
25;2025-12-29;9;469
25;2025-12-29;10;325
25;2025-12-29;11;363
25;2025-12-29;12;377
25;2025-12-29;13;461
25;2025-12-29;14;438
25;2025-12-29;15;477
25;2025-12-29;16;626
25;2025-12-29;17;701
25;2025-12-29;18;722
25;2025-12-29;19;485
25;2025-12-29;20;273
25;2025-12-29;21;179
25;2025-12-29;22;83
25;2025-12-29;23;2
25;2025-12-30;0;1
25;2025-12-30;1;0
25;2025-12-30;2;0
25;2025-12-30;3;0
25;2025-12-30;4;0
25;2025-12-30;5;10
25;2025-12-30;6;195
25;2025-12-30;7;521
25;2025-12-30;8;878
25;2025-12-30;9;447
25;2025-12-30;10;357
25;2025-12-30;11;389
25;2025-12-30;12;385
25;2025-12-30;13;463
25;2025-12-30;14;439
25;2025-12-30;15;520
25;2025-12-30;16;634
25;2025-12-30;17;710
25;2025-12-30;18;716
25;2025-12-30;19;481
25;2025-12-30;20;276
25;2025-12-30;21;187
25;2025-12-30;22;82
25;2025-12-30;23;2
25;2025-12-31;0;8
25;2025-12-31;1;0
25;2025-12-31;2;0
25;2025-12-31;3;0
25;2025-12-31;4;0
25;2025-12-31;5;4
25;2025-12-31;6;59
25;2025-12-31;7;70
25;2025-12-31;8;148
25;2025-12-31;9;166
25;2025-12-31;10;159
25;2025-12-31;11;215
25;2025-12-31;12;267
25;2025-12-31;13;353
25;2025-12-31;14;408
25;2025-12-31;15;441
25;2025-12-31;16;392
25;2025-12-31;17;375
25;2025-12-31;18;309
25;2025-12-31;19;234
25;2025-12-31;20;0
25;2025-12-31;21;0
25;2025-12-31;22;0
25;2025-12-31;23;0
26;2025-11-01;0;28
26;2025-11-01;1;1
26;2025-11-01;2;0
26;2025-11-01;3;0
26;2025-11-01;4;1
26;2025-11-01;5;63
26;2025-11-01;6;432
26;2025-11-01;7;984
26;2025-11-01;8;1935
26;2025-11-01;9;1285
26;2025-11-01;10;1113
26;2025-11-01;11;1045
26;2025-11-01;12;1085
26;2025-11-01;13;1115
26;2025-11-01;14;1214
26;2025-11-01;15;1301
26;2025-11-01;16;1466
26;2025-11-01;17;1560
26;2025-11-01;18;1243
26;2025-11-01;19;965
26;2025-11-01;20;605
26;2025-11-01;21;399
26;2025-11-01;22;182
26;2025-11-01;23;127
26;2025-11-02;0;46
26;2025-11-02;1;5
26;2025-11-02;2;0
26;2025-11-02;3;0
26;2025-11-02;4;1
26;2025-11-02;5;27
26;2025-11-02;6;151
26;2025-11-02;7;259
26;2025-11-02;8;415
26;2025-11-02;9;537
26;2025-11-02;10;592
26;2025-11-02;11;786
26;2025-11-02;12;841
26;2025-11-02;13;868
26;2025-11-02;14;869
26;2025-11-02;15;818
26;2025-11-02;16;826
26;2025-11-02;17;824
26;2025-11-02;18;713
26;2025-11-02;19;534
26;2025-11-02;20;391
26;2025-11-02;21;285
26;2025-11-02;22;165
26;2025-11-02;23;99
26;2025-11-03;0;45
26;2025-11-03;1;5
26;2025-11-03;2;0
26;2025-11-03;3;0
26;2025-11-03;4;1
26;2025-11-03;5;36
26;2025-11-03;6;176
26;2025-11-03;7;254
26;2025-11-03;8;390
26;2025-11-03;9;491
26;2025-11-03;10;530
26;2025-11-03;11;677
26;2025-11-03;12;721
26;2025-11-03;13;776
26;2025-11-03;14;777
26;2025-11-03;15;727
26;2025-11-03;16;708
26;2025-11-03;17;709
26;2025-11-03;18;645
26;2025-11-03;19;501
26;2025-11-03;20;380
26;2025-11-03;21;282
26;2025-11-03;22;166
26;2025-11-03;23;102
26;2025-11-04;0;44
26;2025-11-04;1;5
26;2025-11-04;2;0
26;2025-11-04;3;0
26;2025-11-04;4;1
26;2025-11-04;5;35
26;2025-11-04;6;168
26;2025-11-04;7;244
26;2025-11-04;8;373
26;2025-11-04;9;477
26;2025-11-04;10;541
26;2025-11-04;11;692
26;2025-11-04;12;727
26;2025-11-04;13;777
26;2025-11-04;14;777
26;2025-11-04;15;766
26;2025-11-04;16;707
26;2025-11-04;17;708
26;2025-11-04;18;653
26;2025-11-04;19;513
26;2025-11-04;20;366
26;2025-11-04;21;271
26;2025-11-04;22;157
26;2025-11-04;23;100
26;2025-11-05;0;30
26;2025-11-05;1;1
26;2025-11-05;2;0
26;2025-11-05;3;0
26;2025-11-05;4;2
26;2025-11-05;5;92
26;2025-11-05;6;480
26;2025-11-05;7;1157
26;2025-11-05;8;2259
26;2025-11-05;9;1539
26;2025-11-05;10;1244
26;2025-11-05;11;1178
26;2025-11-05;12;1212
26;2025-11-05;13;1225
26;2025-11-05;14;1351
26;2025-11-05;15;1417
26;2025-11-05;16;1527
26;2025-11-05;17;1766
26;2025-11-05;18;1842
26;2025-11-05;19;1231
26;2025-11-05;20;751
26;2025-11-05;21;473
26;2025-11-05;22;214
26;2025-11-05;23;122
26;2025-11-06;0;31
26;2025-11-06;1;1
26;2025-11-06;2;0
26;2025-11-06;3;0
26;2025-11-06;4;2
26;2025-11-06;5;88
26;2025-11-06;6;477
26;2025-11-06;7;1135
26;2025-11-06;8;2252
26;2025-11-06;9;1527
26;2025-11-06;10;1236
26;2025-11-06;11;1174
26;2025-11-06;12;1207
26;2025-11-06;13;1221
26;2025-11-06;14;1346
26;2025-11-06;15;1416
26;2025-11-06;16;1525
26;2025-11-06;17;1762
26;2025-11-06;18;1843
26;2025-11-06;19;1231
26;2025-11-06;20;753
26;2025-11-06;21;475
26;2025-11-06;22;216
26;2025-11-06;23;126
26;2025-11-07;0;31
26;2025-11-07;1;1
26;2025-11-07;2;0
26;2025-11-07;3;0
26;2025-11-07;4;1
26;2025-11-07;5;70
26;2025-11-07;6;469
26;2025-11-07;7;1067
26;2025-11-07;8;2118
26;2025-11-07;9;1402
26;2025-11-07;10;1216
26;2025-11-07;11;1134
26;2025-11-07;12;1175
26;2025-11-07;13;1201
26;2025-11-07;14;1322
26;2025-11-07;15;1413
26;2025-11-07;16;1598
26;2025-11-07;17;1705
26;2025-11-07;18;1340
26;2025-11-07;19;1038
26;2025-11-07;20;650
26;2025-11-07;21;434
26;2025-11-07;22;196
26;2025-11-07;23;139
26;2025-11-08;0;46
26;2025-11-08;1;3
26;2025-11-08;2;0
26;2025-11-08;3;0
26;2025-11-08;4;2
26;2025-11-08;5;48
26;2025-11-08;6;235
26;2025-11-08;7;369
26;2025-11-08;8;610
26;2025-11-08;9;717
26;2025-11-08;10;823
26;2025-11-08;11;946
26;2025-11-08;12;1037
26;2025-11-08;13;1049
26;2025-11-08;14;1075
26;2025-11-08;15;1011
26;2025-11-08;16;1028
26;2025-11-08;17;953
26;2025-11-08;18;864
26;2025-11-08;19;752
26;2025-11-08;20;485
26;2025-11-08;21;350
26;2025-11-08;22;212
26;2025-11-08;23;150
26;2025-11-09;0;46
26;2025-11-09;1;5
26;2025-11-09;2;0
26;2025-11-09;3;0
26;2025-11-09;4;1
26;2025-11-09;5;26
26;2025-11-09;6;156
26;2025-11-09;7;264
26;2025-11-09;8;402
26;2025-11-09;9;537
26;2025-11-09;10;612
26;2025-11-09;11;815
26;2025-11-09;12;874
26;2025-11-09;13;915
26;2025-11-09;14;871
26;2025-11-09;15;818
26;2025-11-09;16;776
26;2025-11-09;17;776
26;2025-11-09;18;719
26;2025-11-09;19;534
26;2025-11-09;20;391
26;2025-11-09;21;285
26;2025-11-09;22;158
26;2025-11-09;23;98
26;2025-11-10;0;26
26;2025-11-10;1;2
26;2025-11-10;2;0
26;2025-11-10;3;0
26;2025-11-10;4;1
26;2025-11-10;5;89
26;2025-11-10;6;479
26;2025-11-10;7;1166
26;2025-11-10;8;2255
26;2025-11-10;9;1485
26;2025-11-10;10;1203
26;2025-11-10;11;1074
26;2025-11-10;12;1100
26;2025-11-10;13;1167
26;2025-11-10;14;1252
26;2025-11-10;15;1349
26;2025-11-10;16;1465
26;2025-11-10;17;1745
26;2025-11-10;18;1864
26;2025-11-10;19;1201
26;2025-11-10;20;722
26;2025-11-10;21;449
26;2025-11-10;22;195
26;2025-11-10;23;102
26;2025-11-11;0;30
26;2025-11-11;1;1
26;2025-11-11;2;0
26;2025-11-11;3;0
26;2025-11-11;4;2
26;2025-11-11;5;91
26;2025-11-11;6;479
26;2025-11-11;7;1152
26;2025-11-11;8;2261
26;2025-11-11;9;1537
26;2025-11-11;10;1236
26;2025-11-11;11;1166
26;2025-11-11;12;1188
26;2025-11-11;13;1210
26;2025-11-11;14;1335
26;2025-11-11;15;1405
26;2025-11-11;16;1520
26;2025-11-11;17;1759
26;2025-11-11;18;1842
26;2025-11-11;19;1226
26;2025-11-11;20;747
26;2025-11-11;21;470
26;2025-11-11;22;208
26;2025-11-11;23;113
26;2025-11-12;0;30
26;2025-11-12;1;1
26;2025-11-12;2;0
26;2025-11-12;3;0
26;2025-11-12;4;2
26;2025-11-12;5;90
26;2025-11-12;6;477
26;2025-11-12;7;1154
26;2025-11-12;8;2255
26;2025-11-12;9;1532
26;2025-11-12;10;1235
26;2025-11-12;11;1173
26;2025-11-12;12;1195
26;2025-11-12;13;1208
26;2025-11-12;14;1333
26;2025-11-12;15;1401
26;2025-11-12;16;1521
26;2025-11-12;17;1761
26;2025-11-12;18;1839
26;2025-11-12;19;1226
26;2025-11-12;20;749
26;2025-11-12;21;471
26;2025-11-12;22;213
26;2025-11-12;23;121
26;2025-11-13;0;31
26;2025-11-13;1;1
26;2025-11-13;2;0
26;2025-11-13;3;0
26;2025-11-13;4;2
26;2025-11-13;5;87
26;2025-11-13;6;477
26;2025-11-13;7;1148
26;2025-11-13;8;2250
26;2025-11-13;9;1527
26;2025-11-13;10;1233
26;2025-11-13;11;1173
26;2025-11-13;12;1197
26;2025-11-13;13;1212
26;2025-11-13;14;1337
26;2025-11-13;15;1408
26;2025-11-13;16;1525
26;2025-11-13;17;1769
26;2025-11-13;18;1838
26;2025-11-13;19;1219
26;2025-11-13;20;747
26;2025-11-13;21;470
26;2025-11-13;22;213
26;2025-11-13;23;124
26;2025-11-14;0;31
26;2025-11-14;1;1
26;2025-11-14;2;0
26;2025-11-14;3;0
26;2025-11-14;4;1
26;2025-11-14;5;71
26;2025-11-14;6;468
26;2025-11-14;7;1066
26;2025-11-14;8;2113
26;2025-11-14;9;1398
26;2025-11-14;10;1209
26;2025-11-14;11;1124
26;2025-11-14;12;1154
26;2025-11-14;13;1188
26;2025-11-14;14;1302
26;2025-11-14;15;1395
26;2025-11-14;16;1585
26;2025-11-14;17;1692
26;2025-11-14;18;1340
26;2025-11-14;19;1034
26;2025-11-14;20;646
26;2025-11-14;21;430
26;2025-11-14;22;203
26;2025-11-14;23;138
26;2025-11-15;0;46
26;2025-11-15;1;3
26;2025-11-15;2;0
26;2025-11-15;3;0
26;2025-11-15;4;1
26;2025-11-15;5;57
26;2025-11-15;6;247
26;2025-11-15;7;383
26;2025-11-15;8;624
26;2025-11-15;9;741
26;2025-11-15;10;834
26;2025-11-15;11;951
26;2025-11-15;12;1037
26;2025-11-15;13;1046
26;2025-11-15;14;1074
26;2025-11-15;15;1007
26;2025-11-15;16;1021
26;2025-11-15;17;947
26;2025-11-15;18;850
26;2025-11-15;19;718
26;2025-11-15;20;493
26;2025-11-15;21;342
26;2025-11-15;22;203
26;2025-11-15;23;147
26;2025-11-16;0;46
26;2025-11-16;1;5
26;2025-11-16;2;0
26;2025-11-16;3;0
26;2025-11-16;4;1
26;2025-11-16;5;31
26;2025-11-16;6;161
26;2025-11-16;7;269
26;2025-11-16;8;406
26;2025-11-16;9;548
26;2025-11-16;10;596
26;2025-11-16;11;784
26;2025-11-16;12;826
26;2025-11-16;13;860
26;2025-11-16;14;862
26;2025-11-16;15;801
26;2025-11-16;16;772
26;2025-11-16;17;768
26;2025-11-16;18;696
26;2025-11-16;19;523
26;2025-11-16;20;384
26;2025-11-16;21;271
26;2025-11-16;22;154
26;2025-11-16;23;96
26;2025-11-17;0;26
26;2025-11-17;1;2
26;2025-11-17;2;0
26;2025-11-17;3;0
26;2025-11-17;4;1
26;2025-11-17;5;97
26;2025-11-17;6;485
26;2025-11-17;7;1168
26;2025-11-17;8;2244
26;2025-11-17;9;1495
26;2025-11-17;10;1209
26;2025-11-17;11;1083
26;2025-11-17;12;1110
26;2025-11-17;13;1164
26;2025-11-17;14;1253
26;2025-11-17;15;1348
26;2025-11-17;16;1463
26;2025-11-17;17;1738
26;2025-11-17;18;1858
26;2025-11-17;19;1188
26;2025-11-17;20;720
26;2025-11-17;21;450
26;2025-11-17;22;195
26;2025-11-17;23;103
26;2025-11-18;0;30
26;2025-11-18;1;1
26;2025-11-18;2;0
26;2025-11-18;3;0
26;2025-11-18;4;2
26;2025-11-18;5;98
26;2025-11-18;6;486
26;2025-11-18;7;1160
26;2025-11-18;8;2267
26;2025-11-18;9;1546
26;2025-11-18;10;1246
26;2025-11-18;11;1176
26;2025-11-18;12;1195
26;2025-11-18;13;1211
26;2025-11-18;14;1332
26;2025-11-18;15;1400
26;2025-11-18;16;1517
26;2025-11-18;17;1758
26;2025-11-18;18;1841
26;2025-11-18;19;1224
26;2025-11-18;20;749
26;2025-11-18;21;472
26;2025-11-18;22;211
26;2025-11-18;23;117
26;2025-11-19;0;30
26;2025-11-19;1;1
26;2025-11-19;2;0
26;2025-11-19;3;0
26;2025-11-19;4;2
26;2025-11-19;5;99
26;2025-11-19;6;484
26;2025-11-19;7;1159
26;2025-11-19;8;2260
26;2025-11-19;9;1535
26;2025-11-19;10;1236
26;2025-11-19;11;1174
26;2025-11-19;12;1195
26;2025-11-19;13;1210
26;2025-11-19;14;1334
26;2025-11-19;15;1401
26;2025-11-19;16;1519
26;2025-11-19;17;1758
26;2025-11-19;18;1836
26;2025-11-19;19;1226
26;2025-11-19;20;749
26;2025-11-19;21;472
26;2025-11-19;22;213
26;2025-11-19;23;122
26;2025-11-20;0;31
26;2025-11-20;1;1
26;2025-11-20;2;0
26;2025-11-20;3;0
26;2025-11-20;4;2
26;2025-11-20;5;88
26;2025-11-20;6;480
26;2025-11-20;7;1151
26;2025-11-20;8;2289
26;2025-11-20;9;1532
26;2025-11-20;10;1247
26;2025-11-20;11;1184
26;2025-11-20;12;1201
26;2025-11-20;13;1209
26;2025-11-20;14;1333
26;2025-11-20;15;1402
26;2025-11-20;16;1519
26;2025-11-20;17;1758
26;2025-11-20;18;1836
26;2025-11-20;19;1223
26;2025-11-20;20;752
26;2025-11-20;21;475
26;2025-11-20;22;218
26;2025-11-20;23;130
26;2025-11-21;0;31
26;2025-11-21;1;1
26;2025-11-21;2;0
26;2025-11-21;3;0
26;2025-11-21;4;1
26;2025-11-21;5;86
26;2025-11-21;6;483
26;2025-11-21;7;1080
26;2025-11-21;8;2128
26;2025-11-21;9;1415
26;2025-11-21;10;1227
26;2025-11-21;11;1139
26;2025-11-21;12;1165
26;2025-11-21;13;1193
26;2025-11-21;14;1309
26;2025-11-21;15;1400
26;2025-11-21;16;1593
26;2025-11-21;17;1698
26;2025-11-21;18;1337
26;2025-11-21;19;1030
26;2025-11-21;20;647
26;2025-11-21;21;432
26;2025-11-21;22;202
26;2025-11-21;23;143
26;2025-11-22;0;46
26;2025-11-22;1;3
26;2025-11-22;2;0
26;2025-11-22;3;0
26;2025-11-22;4;1
26;2025-11-22;5;55
26;2025-11-22;6;239
26;2025-11-22;7;371
26;2025-11-22;8;625
26;2025-11-22;9;704
26;2025-11-22;10;818
26;2025-11-22;11;957
26;2025-11-22;12;1030
26;2025-11-22;13;1041
26;2025-11-22;14;1066
26;2025-11-22;15;996
26;2025-11-22;16;1013
26;2025-11-22;17;933
26;2025-11-22;18;841
26;2025-11-22;19;705
26;2025-11-22;20;483
26;2025-11-22;21;333
26;2025-11-22;22;200
26;2025-11-22;23;144
26;2025-11-23;0;46
26;2025-11-23;1;5
26;2025-11-23;2;0
26;2025-11-23;3;0
26;2025-11-23;4;1
26;2025-11-23;5;27
26;2025-11-23;6;155
26;2025-11-23;7;248
26;2025-11-23;8;381
26;2025-11-23;9;502
26;2025-11-23;10;561
26;2025-11-23;11;768
26;2025-11-23;12;809
26;2025-11-23;13;841
26;2025-11-23;14;842
26;2025-11-23;15;788
26;2025-11-23;16;755
26;2025-11-23;17;750
26;2025-11-23;18;655
26;2025-11-23;19;492
26;2025-11-23;20;368
26;2025-11-23;21;265
26;2025-11-23;22;148
26;2025-11-23;23;94
26;2025-11-24;0;26
26;2025-11-24;1;3
26;2025-11-24;2;0
26;2025-11-24;3;0
26;2025-11-24;4;1
26;2025-11-24;5;86
26;2025-11-24;6;469
26;2025-11-24;7;1149
26;2025-11-24;8;2222
26;2025-11-24;9;1465
26;2025-11-24;10;1188
26;2025-11-24;11;1069
26;2025-11-24;12;1100
26;2025-11-24;13;1155
26;2025-11-24;14;1238
26;2025-11-24;15;1340
26;2025-11-24;16;1463
26;2025-11-24;17;1742
26;2025-11-24;18;1863
26;2025-11-24;19;1197
26;2025-11-24;20;720
26;2025-11-24;21;445
26;2025-11-24;22;193
26;2025-11-24;23;101
26;2025-11-25;0;30
26;2025-11-25;1;1
26;2025-11-25;2;0
26;2025-11-25;3;0
26;2025-11-25;4;2
26;2025-11-25;5;91
26;2025-11-25;6;478
26;2025-11-25;7;1146
26;2025-11-25;8;2247
26;2025-11-25;9;1516
26;2025-11-25;10;1234
26;2025-11-25;11;1178
26;2025-11-25;12;1184
26;2025-11-25;13;1208
26;2025-11-25;14;1338
26;2025-11-25;15;1406
26;2025-11-25;16;1515
26;2025-11-25;17;1757
26;2025-11-25;18;1851
26;2025-11-25;19;1217
26;2025-11-25;20;743
26;2025-11-25;21;465
26;2025-11-25;22;207
26;2025-11-25;23;115
26;2025-11-26;0;30
26;2025-11-26;1;1
26;2025-11-26;2;0
26;2025-11-26;3;0
26;2025-11-26;4;2
26;2025-11-26;5;91
26;2025-11-26;6;478
26;2025-11-26;7;1133
26;2025-11-26;8;2249
26;2025-11-26;9;1509
26;2025-11-26;10;1220
26;2025-11-26;11;1165
26;2025-11-26;12;1186
26;2025-11-26;13;1216
26;2025-11-26;14;1339
26;2025-11-26;15;1409
26;2025-11-26;16;1525
26;2025-11-26;17;1764
26;2025-11-26;18;1840
26;2025-11-26;19;1228
26;2025-11-26;20;753
26;2025-11-26;21;472
26;2025-11-26;22;209
26;2025-11-26;23;122
26;2025-11-27;0;31
26;2025-11-27;1;1
26;2025-11-27;2;0
26;2025-11-27;3;0
26;2025-11-27;4;2
26;2025-11-27;5;102
26;2025-11-27;6;493
26;2025-11-27;7;1159
26;2025-11-27;8;2273
26;2025-11-27;9;1552
26;2025-11-27;10;1254
26;2025-11-27;11;1190
26;2025-11-27;12;1207
26;2025-11-27;13;1210
26;2025-11-27;14;1334
26;2025-11-27;15;1404
26;2025-11-27;16;1523
26;2025-11-27;17;1764
26;2025-11-27;18;1840
26;2025-11-27;19;1229
26;2025-11-27;20;751
26;2025-11-27;21;475
26;2025-11-27;22;222
26;2025-11-27;23;131
26;2025-11-28;0;30
26;2025-11-28;1;1
26;2025-11-28;2;0
26;2025-11-28;3;0
26;2025-11-28;4;1
26;2025-11-28;5;85
26;2025-11-28;6;482
26;2025-11-28;7;1080
26;2025-11-28;8;2127
26;2025-11-28;9;1412
26;2025-11-28;10;1230
26;2025-11-28;11;1145
26;2025-11-28;12;1166
26;2025-11-28;13;1193
26;2025-11-28;14;1307
26;2025-11-28;15;1400
26;2025-11-28;16;1584
26;2025-11-28;17;1687
26;2025-11-28;18;1338
26;2025-11-28;19;1028
26;2025-11-28;20;650
26;2025-11-28;21;436
26;2025-11-28;22;199
26;2025-11-28;23;146
26;2025-11-29;0;47
26;2025-11-29;1;3
26;2025-11-29;2;0
26;2025-11-29;3;0
26;2025-11-29;4;1
26;2025-11-29;5;24
26;2025-11-29;6;206
26;2025-11-29;7;330
26;2025-11-29;8;568
26;2025-11-29;9;652
26;2025-11-29;10;783
26;2025-11-29;11;974
26;2025-11-29;12;1061
26;2025-11-29;13;1080
26;2025-11-29;14;1063
26;2025-11-29;15;986
26;2025-11-29;16;996
26;2025-11-29;17;916
26;2025-11-29;18;836
26;2025-11-29;19;695
26;2025-11-29;20;474
26;2025-11-29;21;324
26;2025-11-29;22;186
26;2025-11-29;23;135
26;2025-11-30;0;46
26;2025-11-30;1;6
26;2025-11-30;2;0
26;2025-11-30;3;0
26;2025-11-30;4;1
26;2025-11-30;5;23
26;2025-11-30;6;154
26;2025-11-30;7;267
26;2025-11-30;8;414
26;2025-11-30;9;530
26;2025-11-30;10;586
26;2025-11-30;11;777
26;2025-11-30;12;813
26;2025-11-30;13;840
26;2025-11-30;14;839
26;2025-11-30;15;781
26;2025-11-30;16;751
26;2025-11-30;17;748
26;2025-11-30;18;660
26;2025-11-30;19;501
26;2025-11-30;20;369
26;2025-11-30;21;267
26;2025-11-30;22;150
26;2025-11-30;23;95
26;2025-12-01;0;26
26;2025-12-01;1;3
26;2025-12-01;2;0
26;2025-12-01;3;0
26;2025-12-01;4;1
26;2025-12-01;5;81
26;2025-12-01;6;466
26;2025-12-01;7;1148
26;2025-12-01;8;2227
26;2025-12-01;9;1469
26;2025-12-01;10;1188
26;2025-12-01;11;1062
26;2025-12-01;12;1097
26;2025-12-01;13;1160
26;2025-12-01;14;1244
26;2025-12-01;15;1345
26;2025-12-01;16;1467
26;2025-12-01;17;1748
26;2025-12-01;18;1870
26;2025-12-01;19;1202
26;2025-12-01;20;723
26;2025-12-01;21;443
26;2025-12-01;22;189
26;2025-12-01;23;96
26;2025-12-02;0;30
26;2025-12-02;1;1
26;2025-12-02;2;0
26;2025-12-02;3;0
26;2025-12-02;4;2
26;2025-12-02;5;92
26;2025-12-02;6;480
26;2025-12-02;7;1149
26;2025-12-02;8;2248
26;2025-12-02;9;1514
26;2025-12-02;10;1218
26;2025-12-02;11;1152
26;2025-12-02;12;1170
26;2025-12-02;13;1204
26;2025-12-02;14;1326
26;2025-12-02;15;1388
26;2025-12-02;16;1506
26;2025-12-02;17;1751
26;2025-12-02;18;1837
26;2025-12-02;19;1222
26;2025-12-02;20;744
26;2025-12-02;21;459
26;2025-12-02;22;200
26;2025-12-02;23;112
26;2025-12-03;0;30
26;2025-12-03;1;1
26;2025-12-03;2;0
26;2025-12-03;3;0
26;2025-12-03;4;2
26;2025-12-03;5;91
26;2025-12-03;6;474
26;2025-12-03;7;1145
26;2025-12-03;8;2243
26;2025-12-03;9;1513
26;2025-12-03;10;1220
26;2025-12-03;11;1172
26;2025-12-03;12;1198
26;2025-12-03;13;1217
26;2025-12-03;14;1343
26;2025-12-03;15;1413
26;2025-12-03;16;1525
26;2025-12-03;17;1765
26;2025-12-03;18;1836
26;2025-12-03;19;1214
26;2025-12-03;20;737
26;2025-12-03;21;462
26;2025-12-03;22;205
26;2025-12-03;23;117
26;2025-12-04;0;31
26;2025-12-04;1;1
26;2025-12-04;2;0
26;2025-12-04;3;0
26;2025-12-04;4;2
26;2025-12-04;5;83
26;2025-12-04;6;472
26;2025-12-04;7;1143
26;2025-12-04;8;2241
26;2025-12-04;9;1516
26;2025-12-04;10;1222
26;2025-12-04;11;1174
26;2025-12-04;12;1201
26;2025-12-04;13;1215
26;2025-12-04;14;1341
26;2025-12-04;15;1413
26;2025-12-04;16;1530
26;2025-12-04;17;1762
26;2025-12-04;18;1840
26;2025-12-04;19;1220
26;2025-12-04;20;743
26;2025-12-04;21;465
26;2025-12-04;22;205
26;2025-12-04;23;122
26;2025-12-05;0;31
26;2025-12-05;1;2
26;2025-12-05;2;0
26;2025-12-05;3;0
26;2025-12-05;4;1
26;2025-12-05;5;70
26;2025-12-05;6;468
26;2025-12-05;7;1063
26;2025-12-05;8;2107
26;2025-12-05;9;1382
26;2025-12-05;10;1199
26;2025-12-05;11;1117
26;2025-12-05;12;1138
26;2025-12-05;13;1181
26;2025-12-05;14;1304
26;2025-12-05;15;1395
26;2025-12-05;16;1583
26;2025-12-05;17;1684
26;2025-12-05;18;1346
26;2025-12-05;19;1032
26;2025-12-05;20;641
26;2025-12-05;21;426
26;2025-12-05;22;189
26;2025-12-05;23;138
26;2025-12-06;0;46
26;2025-12-06;1;3
26;2025-12-06;2;0
26;2025-12-06;3;0
26;2025-12-06;4;1
26;2025-12-06;5;41
26;2025-12-06;6;230
26;2025-12-06;7;356
26;2025-12-06;8;576
26;2025-12-06;9;662
26;2025-12-06;10;762
26;2025-12-06;11;919
26;2025-12-06;12;992
26;2025-12-06;13;1012
26;2025-12-06;14;1044
26;2025-12-06;15;990
26;2025-12-06;16;1008
26;2025-12-06;17;933
26;2025-12-06;18;862
26;2025-12-06;19;727
26;2025-12-06;20;487
26;2025-12-06;21;334
26;2025-12-06;22;194
26;2025-12-06;23;142
26;2025-12-07;0;47
26;2025-12-07;1;6
26;2025-12-07;2;0
26;2025-12-07;3;0
26;2025-12-07;4;1
26;2025-12-07;5;19
26;2025-12-07;6;128
26;2025-12-07;7;231
26;2025-12-07;8;368
26;2025-12-07;9;478
26;2025-12-07;10;564
26;2025-12-07;11;753
26;2025-12-07;12;793
26;2025-12-07;13;835
26;2025-12-07;14;837
26;2025-12-07;15;792
26;2025-12-07;16;761
26;2025-12-07;17;761
26;2025-12-07;18;681
26;2025-12-07;19;511
26;2025-12-07;20;377
26;2025-12-07;21;276
26;2025-12-07;22;157
26;2025-12-07;23;100
26;2025-12-08;0;27
26;2025-12-08;1;3
26;2025-12-08;2;0
26;2025-12-08;3;0
26;2025-12-08;4;1
26;2025-12-08;5;77
26;2025-12-08;6;465
26;2025-12-08;7;1148
26;2025-12-08;8;2225
26;2025-12-08;9;1465
26;2025-12-08;10;1185
26;2025-12-08;11;1058
26;2025-12-08;12;1084
26;2025-12-08;13;1145
26;2025-12-08;14;1232
26;2025-12-08;15;1339
26;2025-12-08;16;1462
26;2025-12-08;17;1739
26;2025-12-08;18;1864
26;2025-12-08;19;1203
26;2025-12-08;20;716
26;2025-12-08;21;438
26;2025-12-08;22;184
26;2025-12-08;23;91
26;2025-12-09;0;30
26;2025-12-09;1;2
26;2025-12-09;2;0
26;2025-12-09;3;0
26;2025-12-09;4;2
26;2025-12-09;5;78
26;2025-12-09;6;466
26;2025-12-09;7;1137
26;2025-12-09;8;2243
26;2025-12-09;9;1509
26;2025-12-09;10;1206
26;2025-12-09;11;1142
26;2025-12-09;12;1165
26;2025-12-09;13;1191
26;2025-12-09;14;1313
26;2025-12-09;15;1393
26;2025-12-09;16;1508
26;2025-12-09;17;1749
26;2025-12-09;18;1835
26;2025-12-09;19;1222
26;2025-12-09;20;737
26;2025-12-09;21;459
26;2025-12-09;22;200
26;2025-12-09;23;110
26;2025-12-10;0;30
26;2025-12-10;1;1
26;2025-12-10;2;0
26;2025-12-10;3;0
26;2025-12-10;4;2
26;2025-12-10;5;91
26;2025-12-10;6;479
26;2025-12-10;7;1149
26;2025-12-10;8;2248
26;2025-12-10;9;1513
26;2025-12-10;10;1218
26;2025-12-10;11;1157
26;2025-12-10;12;1175
26;2025-12-10;13;1190
26;2025-12-10;14;1327
26;2025-12-10;15;1401
26;2025-12-10;16;1508
26;2025-12-10;17;1749
26;2025-12-10;18;1835
26;2025-12-10;19;1221
26;2025-12-10;20;737
26;2025-12-10;21;460
26;2025-12-10;22;202
26;2025-12-10;23;117
26;2025-12-11;0;32
26;2025-12-11;1;2
26;2025-12-11;2;0
26;2025-12-11;3;0
26;2025-12-11;4;2
26;2025-12-11;5;88
26;2025-12-11;6;477
26;2025-12-11;7;1148
26;2025-12-11;8;2245
26;2025-12-11;9;1511
26;2025-12-11;10;1219
26;2025-12-11;11;1159
26;2025-12-11;12;1193
26;2025-12-11;13;1205
26;2025-12-11;14;1338
26;2025-12-11;15;1405
26;2025-12-11;16;1513
26;2025-12-11;17;1753
26;2025-12-11;18;1834
26;2025-12-11;19;1220
26;2025-12-11;20;744
26;2025-12-11;21;466
26;2025-12-11;22;206
26;2025-12-11;23;123
26;2025-12-12;0;31
26;2025-12-12;1;1
26;2025-12-12;2;0
26;2025-12-12;3;0
26;2025-12-12;4;1
26;2025-12-12;5;70
26;2025-12-12;6;468
26;2025-12-12;7;1063
26;2025-12-12;8;2107
26;2025-12-12;9;1382
26;2025-12-12;10;1199
26;2025-12-12;11;1117
26;2025-12-12;12;1157
26;2025-12-12;13;1193
26;2025-12-12;14;1310
26;2025-12-12;15;1405
26;2025-12-12;16;1583
26;2025-12-12;17;1686
26;2025-12-12;18;1345
26;2025-12-12;19;1030
26;2025-12-12;20;646
26;2025-12-12;21;437
26;2025-12-12;22;200
26;2025-12-12;23;147
26;2025-12-13;0;47
26;2025-12-13;1;3
26;2025-12-13;2;0
26;2025-12-13;3;0
26;2025-12-13;4;1
26;2025-12-13;5;50
26;2025-12-13;6;244
26;2025-12-13;7;379
26;2025-12-13;8;612
26;2025-12-13;9;719
26;2025-12-13;10;810
26;2025-12-13;11;949
26;2025-12-13;12;1026
26;2025-12-13;13;1038
26;2025-12-13;14;1064
26;2025-12-13;15;994
26;2025-12-13;16;1003
26;2025-12-13;17;928
26;2025-12-13;18;861
26;2025-12-13;19;718
26;2025-12-13;20;484
26;2025-12-13;21;331
26;2025-12-13;22;191
26;2025-12-13;23;141
26;2025-12-14;0;46
26;2025-12-14;1;5
26;2025-12-14;2;0
26;2025-12-14;3;0
26;2025-12-14;4;1
26;2025-12-14;5;10
26;2025-12-14;6;132
26;2025-12-14;7;231
26;2025-12-14;8;369
26;2025-12-14;9;478
26;2025-12-14;10;562
26;2025-12-14;11;757
26;2025-12-14;12;793
26;2025-12-14;13;835
26;2025-12-14;14;837
26;2025-12-14;15;785
26;2025-12-14;16;761
26;2025-12-14;17;761
26;2025-12-14;18;682
26;2025-12-14;19;512
26;2025-12-14;20;377
26;2025-12-14;21;272
26;2025-12-14;22;153
26;2025-12-14;23;97
26;2025-12-15;0;27
26;2025-12-15;1;2
26;2025-12-15;2;0
26;2025-12-15;3;0
26;2025-12-15;4;1
26;2025-12-15;5;83
26;2025-12-15;6;471
26;2025-12-15;7;1152
26;2025-12-15;8;2229
26;2025-12-15;9;1469
26;2025-12-15;10;1187
26;2025-12-15;11;1060
26;2025-12-15;12;1086
26;2025-12-15;13;1148
26;2025-12-15;14;1232
26;2025-12-15;15;1338
26;2025-12-15;16;1466
26;2025-12-15;17;1748
26;2025-12-15;18;1871
26;2025-12-15;19;1203
26;2025-12-15;20;719
26;2025-12-15;21;439
26;2025-12-15;22;187
26;2025-12-15;23;94
26;2025-12-16;0;30
26;2025-12-16;1;2
26;2025-12-16;2;0
26;2025-12-16;3;0
26;2025-12-16;4;2
26;2025-12-16;5;90
26;2025-12-16;6;479
26;2025-12-16;7;1150
26;2025-12-16;8;2254
26;2025-12-16;9;1521
26;2025-12-16;10;1220
26;2025-12-16;11;1152
26;2025-12-16;12;1170
26;2025-12-16;13;1204
26;2025-12-16;14;1326
26;2025-12-16;15;1399
26;2025-12-16;16;1516
26;2025-12-16;17;1756
26;2025-12-16;18;1833
26;2025-12-16;19;1217
26;2025-12-16;20;742
26;2025-12-16;21;466
26;2025-12-16;22;206
26;2025-12-16;23;114
26;2025-12-17;0;31
26;2025-12-17;1;1
26;2025-12-17;2;0
26;2025-12-17;3;0
26;2025-12-17;4;2
26;2025-12-17;5;104
26;2025-12-17;6;489
26;2025-12-17;7;1167
26;2025-12-17;8;2271
26;2025-12-17;9;1553
26;2025-12-17;10;1256
26;2025-12-17;11;1193
26;2025-12-17;12;1211
26;2025-12-17;13;1219
26;2025-12-17;14;1343
26;2025-12-17;15;1414
26;2025-12-17;16;1529
26;2025-12-17;17;1769
26;2025-12-17;18;1848
26;2025-12-17;19;1231
26;2025-12-17;20;754
26;2025-12-17;21;473
26;2025-12-17;22;210
26;2025-12-17;23;119
26;2025-12-18;0;31
26;2025-12-18;1;1
26;2025-12-18;2;0
26;2025-12-18;3;0
26;2025-12-18;4;2
26;2025-12-18;5;93
26;2025-12-18;6;485
26;2025-12-18;7;1143
26;2025-12-18;8;2245
26;2025-12-18;9;1516
26;2025-12-18;10;1222
26;2025-12-18;11;1159
26;2025-12-18;12;1193
26;2025-12-18;13;1213
26;2025-12-18;14;1338
26;2025-12-18;15;1412
26;2025-12-18;16;1530
26;2025-12-18;17;1762
26;2025-12-18;18;1840
26;2025-12-18;19;1220
26;2025-12-18;20;744
26;2025-12-18;21;466
26;2025-12-18;22;208
26;2025-12-18;23;125
26;2025-12-19;0;30
26;2025-12-19;1;1
26;2025-12-19;2;0
26;2025-12-19;3;0
26;2025-12-19;4;1
26;2025-12-19;5;81
26;2025-12-19;6;483
26;2025-12-19;7;1078
26;2025-12-19;8;2113
26;2025-12-19;9;1389
26;2025-12-19;10;1214
26;2025-12-19;11;1146
26;2025-12-19;12;1168
26;2025-12-19;13;1195
26;2025-12-19;14;1311
26;2025-12-19;15;1405
26;2025-12-19;16;1591
26;2025-12-19;17;1701
26;2025-12-19;18;1352
26;2025-12-19;19;1039
26;2025-12-19;20;655
26;2025-12-19;21;438
26;2025-12-19;22;203
26;2025-12-19;23;146
26;2025-12-20;0;47
26;2025-12-20;1;3
26;2025-12-20;2;0
26;2025-12-20;3;0
26;2025-12-20;4;1
26;2025-12-20;5;60
26;2025-12-20;6;255
26;2025-12-20;7;391
26;2025-12-20;8;634
26;2025-12-20;9;743
26;2025-12-20;10;844
26;2025-12-20;11;968
26;2025-12-20;12;1048
26;2025-12-20;13;1055
26;2025-12-20;14;1075
26;2025-12-20;15;994
26;2025-12-20;16;1007
26;2025-12-20;17;928
26;2025-12-20;18;907
26;2025-12-20;19;720
26;2025-12-20;20;486
26;2025-12-20;21;333
26;2025-12-20;22;191
26;2025-12-20;23;139
26;2025-12-21;0;47
26;2025-12-21;1;6
26;2025-12-21;2;0
26;2025-12-21;3;0
26;2025-12-21;4;1
26;2025-12-21;5;30
26;2025-12-21;6;164
26;2025-12-21;7;274
26;2025-12-21;8;412
26;2025-12-21;9;544
26;2025-12-21;10;604
26;2025-12-21;11;821
26;2025-12-21;12;829
26;2025-12-21;13;858
26;2025-12-21;14;856
26;2025-12-21;15;804
26;2025-12-21;16;774
26;2025-12-21;17;773
26;2025-12-21;18;678
26;2025-12-21;19;515
26;2025-12-21;20;385
26;2025-12-21;21;278
26;2025-12-21;22;158
26;2025-12-21;23;97
26;2025-12-22;0;27
26;2025-12-22;1;2
26;2025-12-22;2;0
26;2025-12-22;3;0
26;2025-12-22;4;1
26;2025-12-22;5;91
26;2025-12-22;6;478
26;2025-12-22;7;1164
26;2025-12-22;8;2234
26;2025-12-22;9;1474
26;2025-12-22;10;1192
26;2025-12-22;11;1073
26;2025-12-22;12;1099
26;2025-12-22;13;1160
26;2025-12-22;14;1244
26;2025-12-22;15;1354
26;2025-12-22;16;1467
26;2025-12-22;17;1743
26;2025-12-22;18;1889
26;2025-12-22;19;1203
26;2025-12-22;20;728
26;2025-12-22;21;448
26;2025-12-22;22;194
26;2025-12-22;23;101
26;2025-12-23;0;30
26;2025-12-23;1;1
26;2025-12-23;2;0
26;2025-12-23;3;0
26;2025-12-23;4;2
26;2025-12-23;5;96
26;2025-12-23;6;488
26;2025-12-23;7;1166
26;2025-12-23;8;2276
26;2025-12-23;9;1551
26;2025-12-23;10;1255
26;2025-12-23;11;1167
26;2025-12-23;12;1189
26;2025-12-23;13;1212
26;2025-12-23;14;1337
26;2025-12-23;15;1411
26;2025-12-23;16;1524
26;2025-12-23;17;1764
26;2025-12-23;18;1847
26;2025-12-23;19;1231
26;2025-12-23;20;750
26;2025-12-23;21;471
26;2025-12-23;22;214
26;2025-12-23;23;117
26;2025-12-24;0;30
26;2025-12-24;1;1
26;2025-12-24;2;0
26;2025-12-24;3;0
26;2025-12-24;4;2
26;2025-12-24;5;107
26;2025-12-24;6;500
26;2025-12-24;7;1179
26;2025-12-24;8;2276
26;2025-12-24;9;1555
26;2025-12-24;10;1258
26;2025-12-24;11;1195
26;2025-12-24;12;1214
26;2025-12-24;13;1218
26;2025-12-24;14;1338
26;2025-12-24;15;1414
26;2025-12-24;16;1529
26;2025-12-24;17;1769
26;2025-12-24;18;1846
26;2025-12-24;19;1231
26;2025-12-24;20;756
26;2025-12-24;21;473
26;2025-12-24;22;210
26;2025-12-24;23;123
26;2025-12-25;0;31
26;2025-12-25;1;1
26;2025-12-25;2;0
26;2025-12-25;3;0
26;2025-12-25;4;2
26;2025-12-25;5;91
26;2025-12-25;6;479
26;2025-12-25;7;1150
26;2025-12-25;8;2248
26;2025-12-25;9;1519
26;2025-12-25;10;1222
26;2025-12-25;11;1159
26;2025-12-25;12;1193
26;2025-12-25;13;1205
26;2025-12-25;14;1330
26;2025-12-25;15;1395
26;2025-12-25;16;1513
26;2025-12-25;17;1753
26;2025-12-25;18;1834
26;2025-12-25;19;1220
26;2025-12-25;20;744
26;2025-12-25;21;466
26;2025-12-25;22;207
26;2025-12-25;23;122
26;2025-12-26;0;31
26;2025-12-26;1;2
26;2025-12-26;2;0
26;2025-12-26;3;0
26;2025-12-26;4;1
26;2025-12-26;5;76
26;2025-12-26;6;474
26;2025-12-26;7;1076
26;2025-12-26;8;2121
26;2025-12-26;9;1398
26;2025-12-26;10;1231
26;2025-12-26;11;1149
26;2025-12-26;12;1170
26;2025-12-26;13;1197
26;2025-12-26;14;1311
26;2025-12-26;15;1403
26;2025-12-26;16;1591
26;2025-12-26;17;1700
26;2025-12-26;18;1354
26;2025-12-26;19;1037
26;2025-12-26;20;656
26;2025-12-26;21;440
26;2025-12-26;22;200
26;2025-12-26;23;143
26;2025-12-27;0;47
26;2025-12-27;1;3
26;2025-12-27;2;0
26;2025-12-27;3;0
26;2025-12-27;4;1
26;2025-12-27;5;48
26;2025-12-27;6;239
26;2025-12-27;7;360
26;2025-12-27;8;599
26;2025-12-27;9;699
26;2025-12-27;10;801
26;2025-12-27;11;932
26;2025-12-27;12;1015
26;2025-12-27;13;1048
26;2025-12-27;14;1075
26;2025-12-27;15;1004
26;2025-12-27;16;1003
26;2025-12-27;17;928
26;2025-12-27;18;846
26;2025-12-27;19;709
26;2025-12-27;20;483
26;2025-12-27;21;331
26;2025-12-27;22;191
26;2025-12-27;23;139
26;2025-12-28;0;47
26;2025-12-28;1;6
26;2025-12-28;2;0
26;2025-12-28;3;0
26;2025-12-28;4;1
26;2025-12-28;5;10
26;2025-12-28;6;145
26;2025-12-28;7;244
26;2025-12-28;8;384
26;2025-12-28;9;478
26;2025-12-28;10;530
26;2025-12-28;11;752
26;2025-12-28;12;785
26;2025-12-28;13;824
26;2025-12-28;14;830
26;2025-12-28;15;792
26;2025-12-28;16;761
26;2025-12-28;17;804
26;2025-12-28;18;712
26;2025-12-28;19;528
26;2025-12-28;20;386
26;2025-12-28;21;285
26;2025-12-28;22;169
26;2025-12-28;23;104
26;2025-12-29;0;26
26;2025-12-29;1;3
26;2025-12-29;2;0
26;2025-12-29;3;0
26;2025-12-29;4;1
26;2025-12-29;5;79
26;2025-12-29;6;434
26;2025-12-29;7;1061
26;2025-12-29;8;2045
26;2025-12-29;9;1351
26;2025-12-29;10;1088
26;2025-12-29;11;977
26;2025-12-29;12;1025
26;2025-12-29;13;1058
26;2025-12-29;14;1155
26;2025-12-29;15;1233
26;2025-12-29;16;1350
26;2025-12-29;17;1626
26;2025-12-29;18;1747
26;2025-12-29;19;1118
26;2025-12-29;20;670
26;2025-12-29;21;414
26;2025-12-29;22;175
26;2025-12-29;23;88
26;2025-12-30;0;27
26;2025-12-30;1;0
26;2025-12-30;2;0
26;2025-12-30;3;0
26;2025-12-30;4;2
26;2025-12-30;5;85
26;2025-12-30;6;447
26;2025-12-30;7;1065
26;2025-12-30;8;2075
26;2025-12-30;9;1416
26;2025-12-30;10;1143
26;2025-12-30;11;1091
26;2025-12-30;12;1110
26;2025-12-30;13;1126
26;2025-12-30;14;1231
26;2025-12-30;15;1296
26;2025-12-30;16;1404
26;2025-12-30;17;1628
26;2025-12-30;18;1707
26;2025-12-30;19;1141
26;2025-12-30;20;696
26;2025-12-30;21;436
26;2025-12-30;22;200
26;2025-12-30;23;108
26;2025-12-31;0;41
26;2025-12-31;1;3
26;2025-12-31;2;0
26;2025-12-31;3;0
26;2025-12-31;4;1
26;2025-12-31;5;8
26;2025-12-31;6;128
26;2025-12-31;7;187
26;2025-12-31;8;300
26;2025-12-31;9;404
26;2025-12-31;10;438
26;2025-12-31;11;569
26;2025-12-31;12;576
26;2025-12-31;13;612
26;2025-12-31;14;645
26;2025-12-31;15;592
26;2025-12-31;16;570
26;2025-12-31;17;567
26;2025-12-31;18;514
26;2025-12-31;19;390
26;2025-12-31;20;0
26;2025-12-31;21;0
26;2025-12-31;22;0
26;2025-12-31;23;0
28;2025-11-01;0;0
28;2025-11-01;1;0
28;2025-11-01;2;0
28;2025-11-01;3;0
28;2025-11-01;4;1
28;2025-11-01;5;57
28;2025-11-01;6;231
28;2025-11-01;7;736
28;2025-11-01;8;1144
28;2025-11-01;9;766
28;2025-11-01;10;570
28;2025-11-01;11;553
28;2025-11-01;12;705
28;2025-11-01;13;686
28;2025-11-01;14;660
28;2025-11-01;15;704
28;2025-11-01;16;866
28;2025-11-01;17;880
28;2025-11-01;18;774
28;2025-11-01;19;586
28;2025-11-01;20;406
28;2025-11-01;21;279
28;2025-11-01;22;109
28;2025-11-01;23;20
28;2025-11-02;0;1
28;2025-11-02;1;0
28;2025-11-02;2;0
28;2025-11-02;3;0
28;2025-11-02;4;0
28;2025-11-02;5;29
28;2025-11-02;6;78
28;2025-11-02;7;167
28;2025-11-02;8;285
28;2025-11-02;9;358
28;2025-11-02;10;391
28;2025-11-02;11;433
28;2025-11-02;12;491
28;2025-11-02;13;569
28;2025-11-02;14;549
28;2025-11-02;15;531
28;2025-11-02;16;506
28;2025-11-02;17;499
28;2025-11-02;18;435
28;2025-11-02;19;362
28;2025-11-02;20;287
28;2025-11-02;21;237
28;2025-11-02;22;108
28;2025-11-02;23;16
28;2025-11-03;0;0
28;2025-11-03;1;0
28;2025-11-03;2;0
28;2025-11-03;3;0
28;2025-11-03;4;0
28;2025-11-03;5;37
28;2025-11-03;6;91
28;2025-11-03;7;173
28;2025-11-03;8;265
28;2025-11-03;9;342
28;2025-11-03;10;369
28;2025-11-03;11;395
28;2025-11-03;12;450
28;2025-11-03;13;529
28;2025-11-03;14;511
28;2025-11-03;15;496
28;2025-11-03;16;464
28;2025-11-03;17;458
28;2025-11-03;18;395
28;2025-11-03;19;330
28;2025-11-03;20;277
28;2025-11-03;21;236
28;2025-11-03;22;110
28;2025-11-03;23;20
28;2025-11-04;0;0
28;2025-11-04;1;0
28;2025-11-04;2;0
28;2025-11-04;3;0
28;2025-11-04;4;0
28;2025-11-04;5;34
28;2025-11-04;6;89
28;2025-11-04;7;175
28;2025-11-04;8;255
28;2025-11-04;9;334
28;2025-11-04;10;369
28;2025-11-04;11;397
28;2025-11-04;12;444
28;2025-11-04;13;522
28;2025-11-04;14;506
28;2025-11-04;15;512
28;2025-11-04;16;457
28;2025-11-04;17;452
28;2025-11-04;18;402
28;2025-11-04;19;338
28;2025-11-04;20;275
28;2025-11-04;21;230
28;2025-11-04;22;108
28;2025-11-04;23;15
28;2025-11-05;0;0
28;2025-11-05;1;0
28;2025-11-05;2;0
28;2025-11-05;3;0
28;2025-11-05;4;1
28;2025-11-05;5;78
28;2025-11-05;6;258
28;2025-11-05;7;823
28;2025-11-05;8;1296
28;2025-11-05;9;888
28;2025-11-05;10;639
28;2025-11-05;11;606
28;2025-11-05;12;704
28;2025-11-05;13;727
28;2025-11-05;14;710
28;2025-11-05;15;749
28;2025-11-05;16;914
28;2025-11-05;17;1050
28;2025-11-05;18;1017
28;2025-11-05;19;756
28;2025-11-05;20;512
28;2025-11-05;21;320
28;2025-11-05;22;130
28;2025-11-05;23;15
28;2025-11-06;0;0
28;2025-11-06;1;0
28;2025-11-06;2;0
28;2025-11-06;3;0
28;2025-11-06;4;1
28;2025-11-06;5;76
28;2025-11-06;6;256
28;2025-11-06;7;807
28;2025-11-06;8;1297
28;2025-11-06;9;882
28;2025-11-06;10;635
28;2025-11-06;11;601
28;2025-11-06;12;702
28;2025-11-06;13;726
28;2025-11-06;14;710
28;2025-11-06;15;749
28;2025-11-06;16;912
28;2025-11-06;17;1048
28;2025-11-06;18;1020
28;2025-11-06;19;756
28;2025-11-06;20;515
28;2025-11-06;21;321
28;2025-11-06;22;131
28;2025-11-06;23;16
28;2025-11-07;0;0
28;2025-11-07;1;0
28;2025-11-07;2;0
28;2025-11-07;3;0
28;2025-11-07;4;2
28;2025-11-07;5;66
28;2025-11-07;6;258
28;2025-11-07;7;824
28;2025-11-07;8;1289
28;2025-11-07;9;858
28;2025-11-07;10;636
28;2025-11-07;11;614
28;2025-11-07;12;785
28;2025-11-07;13;759
28;2025-11-07;14;732
28;2025-11-07;15;779
28;2025-11-07;16;964
28;2025-11-07;17;979
28;2025-11-07;18;859
28;2025-11-07;19;645
28;2025-11-07;20;444
28;2025-11-07;21;311
28;2025-11-07;22;119
28;2025-11-07;23;22
28;2025-11-08;0;0
28;2025-11-08;1;0
28;2025-11-08;2;0
28;2025-11-08;3;0
28;2025-11-08;4;1
28;2025-11-08;5;33
28;2025-11-08;6;108
28;2025-11-08;7;238
28;2025-11-08;8;402
28;2025-11-08;9;463
28;2025-11-08;10;489
28;2025-11-08;11;501
28;2025-11-08;12;602
28;2025-11-08;13;635
28;2025-11-08;14;596
28;2025-11-08;15;605
28;2025-11-08;16;614
28;2025-11-08;17;586
28;2025-11-08;18;506
28;2025-11-08;19;390
28;2025-11-08;20;284
28;2025-11-08;21;256
28;2025-11-08;22;117
28;2025-11-08;23;17
28;2025-11-09;0;1
28;2025-11-09;1;0
28;2025-11-09;2;0
28;2025-11-09;3;0
28;2025-11-09;4;0
28;2025-11-09;5;28
28;2025-11-09;6;80
28;2025-11-09;7;168
28;2025-11-09;8;272
28;2025-11-09;9;358
28;2025-11-09;10;405
28;2025-11-09;11;442
28;2025-11-09;12;498
28;2025-11-09;13;590
28;2025-11-09;14;547
28;2025-11-09;15;530
28;2025-11-09;16;482
28;2025-11-09;17;478
28;2025-11-09;18;441
28;2025-11-09;19;363
28;2025-11-09;20;288
28;2025-11-09;21;237
28;2025-11-09;22;106
28;2025-11-09;23;15
28;2025-11-10;0;0
28;2025-11-10;1;0
28;2025-11-10;2;0
28;2025-11-10;3;0
28;2025-11-10;4;2
28;2025-11-10;5;75
28;2025-11-10;6;267
28;2025-11-10;7;792
28;2025-11-10;8;1309
28;2025-11-10;9;861
28;2025-11-10;10;639
28;2025-11-10;11;557
28;2025-11-10;12;672
28;2025-11-10;13;697
28;2025-11-10;14;648
28;2025-11-10;15;670
28;2025-11-10;16;882
28;2025-11-10;17;998
28;2025-11-10;18;982
28;2025-11-10;19;704
28;2025-11-10;20;463
28;2025-11-10;21;290
28;2025-11-10;22;114
28;2025-11-10;23;5
28;2025-11-11;0;0
28;2025-11-11;1;0
28;2025-11-11;2;0
28;2025-11-11;3;0
28;2025-11-11;4;1
28;2025-11-11;5;78
28;2025-11-11;6;258
28;2025-11-11;7;820
28;2025-11-11;8;1300
28;2025-11-11;9;892
28;2025-11-11;10;640
28;2025-11-11;11;596
28;2025-11-11;12;691
28;2025-11-11;13;716
28;2025-11-11;14;699
28;2025-11-11;15;742
28;2025-11-11;16;905
28;2025-11-11;17;1041
28;2025-11-11;18;1012
28;2025-11-11;19;749
28;2025-11-11;20;510
28;2025-11-11;21;317
28;2025-11-11;22;126
28;2025-11-11;23;13
28;2025-11-12;0;0
28;2025-11-12;1;0
28;2025-11-12;2;0
28;2025-11-12;3;0
28;2025-11-12;4;1
28;2025-11-12;5;77
28;2025-11-12;6;258
28;2025-11-12;7;818
28;2025-11-12;8;1301
28;2025-11-12;9;888
28;2025-11-12;10;638
28;2025-11-12;11;603
28;2025-11-12;12;697
28;2025-11-12;13;720
28;2025-11-12;14;703
28;2025-11-12;15;742
28;2025-11-12;16;907
28;2025-11-12;17;1043
28;2025-11-12;18;1012
28;2025-11-12;19;751
28;2025-11-12;20;506
28;2025-11-12;21;318
28;2025-11-12;22;128
28;2025-11-12;23;15
28;2025-11-13;0;0
28;2025-11-13;1;0
28;2025-11-13;2;0
28;2025-11-13;3;0
28;2025-11-13;4;1
28;2025-11-13;5;77
28;2025-11-13;6;256
28;2025-11-13;7;817
28;2025-11-13;8;1297
28;2025-11-13;9;885
28;2025-11-13;10;633
28;2025-11-13;11;597
28;2025-11-13;12;695
28;2025-11-13;13;718
28;2025-11-13;14;703
28;2025-11-13;15;740
28;2025-11-13;16;903
28;2025-11-13;17;1039
28;2025-11-13;18;1010
28;2025-11-13;19;745
28;2025-11-13;20;508
28;2025-11-13;21;316
28;2025-11-13;22;127
28;2025-11-13;23;14
28;2025-11-14;0;0
28;2025-11-14;1;0
28;2025-11-14;2;0
28;2025-11-14;3;0
28;2025-11-14;4;2
28;2025-11-14;5;71
28;2025-11-14;6;261
28;2025-11-14;7;826
28;2025-11-14;8;1287
28;2025-11-14;9;862
28;2025-11-14;10;633
28;2025-11-14;11;600
28;2025-11-14;12;768
28;2025-11-14;13;742
28;2025-11-14;14;719
28;2025-11-14;15;765
28;2025-11-14;16;952
28;2025-11-14;17;967
28;2025-11-14;18;850
28;2025-11-14;19;638
28;2025-11-14;20;438
28;2025-11-14;21;306
28;2025-11-14;22;119
28;2025-11-14;23;18
28;2025-11-15;0;0
28;2025-11-15;1;0
28;2025-11-15;2;0
28;2025-11-15;3;0
28;2025-11-15;4;1
28;2025-11-15;5;41
28;2025-11-15;6;114
28;2025-11-15;7;248
28;2025-11-15;8;412
28;2025-11-15;9;483
28;2025-11-15;10;500
28;2025-11-15;11;508
28;2025-11-15;12;602
28;2025-11-15;13;630
28;2025-11-15;14;592
28;2025-11-15;15;601
28;2025-11-15;16;609
28;2025-11-15;17;577
28;2025-11-15;18;492
28;2025-11-15;19;372
28;2025-11-15;20;291
28;2025-11-15;21;258
28;2025-11-15;22;117
28;2025-11-15;23;21
28;2025-11-16;0;1
28;2025-11-16;1;0
28;2025-11-16;2;0
28;2025-11-16;3;0
28;2025-11-16;4;0
28;2025-11-16;5;31
28;2025-11-16;6;83
28;2025-11-16;7;171
28;2025-11-16;8;269
28;2025-11-16;9;360
28;2025-11-16;10;394
28;2025-11-16;11;432
28;2025-11-16;12;478
28;2025-11-16;13;555
28;2025-11-16;14;535
28;2025-11-16;15;519
28;2025-11-16;16;482
28;2025-11-16;17;476
28;2025-11-16;18;431
28;2025-11-16;19;357
28;2025-11-16;20;285
28;2025-11-16;21;232
28;2025-11-16;22;104
28;2025-11-16;23;14
28;2025-11-17;0;0
28;2025-11-17;1;0
28;2025-11-17;2;0
28;2025-11-17;3;0
28;2025-11-17;4;2
28;2025-11-17;5;86
28;2025-11-17;6;274
28;2025-11-17;7;798
28;2025-11-17;8;1296
28;2025-11-17;9;871
28;2025-11-17;10;645
28;2025-11-17;11;554
28;2025-11-17;12;667
28;2025-11-17;13;692
28;2025-11-17;14;639
28;2025-11-17;15;662
28;2025-11-17;16;877
28;2025-11-17;17;994
28;2025-11-17;18;978
28;2025-11-17;19;698
28;2025-11-17;20;460
28;2025-11-17;21;292
28;2025-11-17;22;113
28;2025-11-17;23;7
28;2025-11-18;0;0
28;2025-11-18;1;0
28;2025-11-18;2;0
28;2025-11-18;3;0
28;2025-11-18;4;1
28;2025-11-18;5;84
28;2025-11-18;6;264
28;2025-11-18;7;826
28;2025-11-18;8;1306
28;2025-11-18;9;899
28;2025-11-18;10;648
28;2025-11-18;11;604
28;2025-11-18;12;693
28;2025-11-18;13;717
28;2025-11-18;14;700
28;2025-11-18;15;739
28;2025-11-18;16;906
28;2025-11-18;17;1044
28;2025-11-18;18;1014
28;2025-11-18;19;750
28;2025-11-18;20;512
28;2025-11-18;21;320
28;2025-11-18;22;130
28;2025-11-18;23;17
28;2025-11-19;0;0
28;2025-11-19;1;0
28;2025-11-19;2;0
28;2025-11-19;3;0
28;2025-11-19;4;1
28;2025-11-19;5;84
28;2025-11-19;6;262
28;2025-11-19;7;824
28;2025-11-19;8;1302
28;2025-11-19;9;891
28;2025-11-19;10;639
28;2025-11-19;11;601
28;2025-11-19;12;695
28;2025-11-19;13;719
28;2025-11-19;14;702
28;2025-11-19;15;741
28;2025-11-19;16;906
28;2025-11-19;17;1042
28;2025-11-19;18;1012
28;2025-11-19;19;751
28;2025-11-19;20;510
28;2025-11-19;21;318
28;2025-11-19;22;128
28;2025-11-19;23;15
28;2025-11-20;0;0
28;2025-11-20;1;0
28;2025-11-20;2;0
28;2025-11-20;3;0
28;2025-11-20;4;1
28;2025-11-20;5;77
28;2025-11-20;6;261
28;2025-11-20;7;816
28;2025-11-20;8;1325
28;2025-11-20;9;891
28;2025-11-20;10;647
28;2025-11-20;11;609
28;2025-11-20;12;698
28;2025-11-20;13;718
28;2025-11-20;14;701
28;2025-11-20;15;739
28;2025-11-20;16;905
28;2025-11-20;17;1041
28;2025-11-20;18;1010
28;2025-11-20;19;750
28;2025-11-20;20;513
28;2025-11-20;21;321
28;2025-11-20;22;133
28;2025-11-20;23;20
28;2025-11-21;0;0
28;2025-11-21;1;0
28;2025-11-21;2;0
28;2025-11-21;3;0
28;2025-11-21;4;2
28;2025-11-21;5;81
28;2025-11-21;6;273
28;2025-11-21;7;839
28;2025-11-21;8;1300
28;2025-11-21;9;876
28;2025-11-21;10;648
28;2025-11-21;11;618
28;2025-11-21;12;781
28;2025-11-21;13;751
28;2025-11-21;14;722
28;2025-11-21;15;769
28;2025-11-21;16;964
28;2025-11-21;17;978
28;2025-11-21;18;852
28;2025-11-21;19;631
28;2025-11-21;20;433
28;2025-11-21;21;302
28;2025-11-21;22;116
28;2025-11-21;23;20
28;2025-11-22;0;0
28;2025-11-22;1;0
28;2025-11-22;2;0
28;2025-11-22;3;0
28;2025-11-22;4;1
28;2025-11-22;5;42
28;2025-11-22;6;110
28;2025-11-22;7;240
28;2025-11-22;8;415
28;2025-11-22;9;458
28;2025-11-22;10;494
28;2025-11-22;11;512
28;2025-11-22;12;607
28;2025-11-22;13;633
28;2025-11-22;14;594
28;2025-11-22;15;609
28;2025-11-22;16;615
28;2025-11-22;17;583
28;2025-11-22;18;499
28;2025-11-22;19;373
28;2025-11-22;20;292
28;2025-11-22;21;259
28;2025-11-22;22;120
28;2025-11-22;23;23
28;2025-11-23;0;1
28;2025-11-23;1;0
28;2025-11-23;2;0
28;2025-11-23;3;0
28;2025-11-23;4;0
28;2025-11-23;5;27
28;2025-11-23;6;80
28;2025-11-23;7;162
28;2025-11-23;8;259
28;2025-11-23;9;344
28;2025-11-23;10;381
28;2025-11-23;11;422
28;2025-11-23;12;478
28;2025-11-23;13;554
28;2025-11-23;14;532
28;2025-11-23;15;522
28;2025-11-23;16;485
28;2025-11-23;17;480
28;2025-11-23;18;416
28;2025-11-23;19;344
28;2025-11-23;20;284
28;2025-11-23;21;236
28;2025-11-23;22;107
28;2025-11-23;23;16
28;2025-11-24;0;0
28;2025-11-24;1;0
28;2025-11-24;2;0
28;2025-11-24;3;0
28;2025-11-24;4;2
28;2025-11-24;5;72
28;2025-11-24;6;264
28;2025-11-24;7;788
28;2025-11-24;8;1283
28;2025-11-24;9;859
28;2025-11-24;10;636
28;2025-11-24;11;557
28;2025-11-24;12;677
28;2025-11-24;13;695
28;2025-11-24;14;645
28;2025-11-24;15;668
28;2025-11-24;16;885
28;2025-11-24;17;1003
28;2025-11-24;18;987
28;2025-11-24;19;710
28;2025-11-24;20;467
28;2025-11-24;21;295
28;2025-11-24;22;117
28;2025-11-24;23;9
28;2025-11-25;0;0
28;2025-11-25;1;0
28;2025-11-25;2;0
28;2025-11-25;3;0
28;2025-11-25;4;1
28;2025-11-25;5;75
28;2025-11-25;6;256
28;2025-11-25;7;814
28;2025-11-25;8;1291
28;2025-11-25;9;881
28;2025-11-25;10;638
28;2025-11-25;11;604
28;2025-11-25;12;684
28;2025-11-25;13;712
28;2025-11-25;14;709
28;2025-11-25;15;748
28;2025-11-25;16;906
28;2025-11-25;17;1045
28;2025-11-25;18;1010
28;2025-11-25;19;746
28;2025-11-25;20;505
28;2025-11-25;21;313
28;2025-11-25;22;124
28;2025-11-25;23;14
28;2025-11-26;0;0
28;2025-11-26;1;0
28;2025-11-26;2;0
28;2025-11-26;3;0
28;2025-11-26;4;1
28;2025-11-26;5;76
28;2025-11-26;6;260
28;2025-11-26;7;810
28;2025-11-26;8;1291
28;2025-11-26;9;873
28;2025-11-26;10;629
28;2025-11-26;11;596
28;2025-11-26;12;689
28;2025-11-26;13;731
28;2025-11-26;14;713
28;2025-11-26;15;754
28;2025-11-26;16;917
28;2025-11-26;17;1052
28;2025-11-26;18;1021
28;2025-11-26;19;757
28;2025-11-26;20;515
28;2025-11-26;21;323
28;2025-11-26;22;129
28;2025-11-26;23;14
28;2025-11-27;0;0
28;2025-11-27;1;0
28;2025-11-27;2;0
28;2025-11-27;3;0
28;2025-11-27;4;1
28;2025-11-27;5;85
28;2025-11-27;6;264
28;2025-11-27;7;824
28;2025-11-27;8;1317
28;2025-11-27;9;904
28;2025-11-27;10;653
28;2025-11-27;11;611
28;2025-11-27;12;704
28;2025-11-27;13;722
28;2025-11-27;14;705
28;2025-11-27;15;738
28;2025-11-27;16;911
28;2025-11-27;17;1047
28;2025-11-27;18;1014
28;2025-11-27;19;753
28;2025-11-27;20;510
28;2025-11-27;21;318
28;2025-11-27;22;132
28;2025-11-27;23;19
28;2025-11-28;0;0
28;2025-11-28;1;0
28;2025-11-28;2;0
28;2025-11-28;3;0
28;2025-11-28;4;2
28;2025-11-28;5;81
28;2025-11-28;6;272
28;2025-11-28;7;838
28;2025-11-28;8;1297
28;2025-11-28;9;872
28;2025-11-28;10;646
28;2025-11-28;11;622
28;2025-11-28;12;787
28;2025-11-28;13;758
28;2025-11-28;14;729
28;2025-11-28;15;781
28;2025-11-28;16;966
28;2025-11-28;17;973
28;2025-11-28;18;855
28;2025-11-28;19;638
28;2025-11-28;20;443
28;2025-11-28;21;312
28;2025-11-28;22;120
28;2025-11-28;23;22
28;2025-11-29;0;0
28;2025-11-29;1;0
28;2025-11-29;2;0
28;2025-11-29;3;0
28;2025-11-29;4;1
28;2025-11-29;5;18
28;2025-11-29;6;82
28;2025-11-29;7;208
28;2025-11-29;8;367
28;2025-11-29;9;415
28;2025-11-29;10;467
28;2025-11-29;11;514
28;2025-11-29;12;615
28;2025-11-29;13;654
28;2025-11-29;14;597
28;2025-11-29;15;606
28;2025-11-29;16;607
28;2025-11-29;17;572
28;2025-11-29;18;495
28;2025-11-29;19;366
28;2025-11-29;20;285
28;2025-11-29;21;252
28;2025-11-29;22;112
28;2025-11-29;23;16
28;2025-11-30;0;1
28;2025-11-30;1;0
28;2025-11-30;2;0
28;2025-11-30;3;0
28;2025-11-30;4;0
28;2025-11-30;5;26
28;2025-11-30;6;80
28;2025-11-30;7;170
28;2025-11-30;8;281
28;2025-11-30;9;351
28;2025-11-30;10;387
28;2025-11-30;11;430
28;2025-11-30;12;479
28;2025-11-30;13;554
28;2025-11-30;14;535
28;2025-11-30;15;520
28;2025-11-30;16;482
28;2025-11-30;17;477
28;2025-11-30;18;422
28;2025-11-30;19;344
28;2025-11-30;20;285
28;2025-11-30;21;236
28;2025-11-30;22;107
28;2025-11-30;23;16
28;2025-12-01;0;0
28;2025-12-01;1;0
28;2025-12-01;2;0
28;2025-12-01;3;0
28;2025-12-01;4;2
28;2025-12-01;5;68
28;2025-12-01;6;257
28;2025-12-01;7;781
28;2025-12-01;8;1281
28;2025-12-01;9;858
28;2025-12-01;10;636
28;2025-12-01;11;552
28;2025-12-01;12;671
28;2025-12-01;13;698
28;2025-12-01;14;649
28;2025-12-01;15;671
28;2025-12-01;16;885
28;2025-12-01;17;1004
28;2025-12-01;18;987
28;2025-12-01;19;711
28;2025-12-01;20;468
28;2025-12-01;21;292
28;2025-12-01;22;114
28;2025-12-01;23;6
28;2025-12-02;0;0
28;2025-12-02;1;0
28;2025-12-02;2;0
28;2025-12-02;3;0
28;2025-12-02;4;1
28;2025-12-02;5;75
28;2025-12-02;6;256
28;2025-12-02;7;814
28;2025-12-02;8;1290
28;2025-12-02;9;880
28;2025-12-02;10;626
28;2025-12-02;11;584
28;2025-12-02;12;679
28;2025-12-02;13;717
28;2025-12-02;14;699
28;2025-12-02;15;734
28;2025-12-02;16;899
28;2025-12-02;17;1036
28;2025-12-02;18;1007
28;2025-12-02;19;747
28;2025-12-02;20;505
28;2025-12-02;21;314
28;2025-12-02;22;125
28;2025-12-02;23;12
28;2025-12-03;0;0
28;2025-12-03;1;0
28;2025-12-03;2;0
28;2025-12-03;3;0
28;2025-12-03;4;1
28;2025-12-03;5;76
28;2025-12-03;6;255
28;2025-12-03;7;813
28;2025-12-03;8;1289
28;2025-12-03;9;877
28;2025-12-03;10;626
28;2025-12-03;11;598
28;2025-12-03;12;700
28;2025-12-03;13;730
28;2025-12-03;14;712
28;2025-12-03;15;753
28;2025-12-03;16;914
28;2025-12-03;17;1049
28;2025-12-03;18;1012
28;2025-12-03;19;748
28;2025-12-03;20;506
28;2025-12-03;21;314
28;2025-12-03;22;125
28;2025-12-03;23;13
28;2025-12-04;0;0
28;2025-12-04;1;0
28;2025-12-04;2;0
28;2025-12-04;3;0
28;2025-12-04;4;1
28;2025-12-04;5;75
28;2025-12-04;6;256
28;2025-12-04;7;814
28;2025-12-04;8;1288
28;2025-12-04;9;876
28;2025-12-04;10;626
28;2025-12-04;11;597
28;2025-12-04;12;700
28;2025-12-04;13;725
28;2025-12-04;14;710
28;2025-12-04;15;752
28;2025-12-04;16;915
28;2025-12-04;17;1045
28;2025-12-04;18;1013
28;2025-12-04;19;749
28;2025-12-04;20;508
28;2025-12-04;21;315
28;2025-12-04;22;127
28;2025-12-04;23;12
28;2025-12-05;0;0
28;2025-12-05;1;0
28;2025-12-05;2;0
28;2025-12-05;3;0
28;2025-12-05;4;2
28;2025-12-05;5;71
28;2025-12-05;6;264
28;2025-12-05;7;826
28;2025-12-05;8;1282
28;2025-12-05;9;852
28;2025-12-05;10;625
28;2025-12-05;11;602
28;2025-12-05;12;770
28;2025-12-05;13;750
28;2025-12-05;14;729
28;2025-12-05;15;771
28;2025-12-05;16;958
28;2025-12-05;17;971
28;2025-12-05;18;855
28;2025-12-05;19;638
28;2025-12-05;20;440
28;2025-12-05;21;309
28;2025-12-05;22;116
28;2025-12-05;23;18
28;2025-12-06;0;0
28;2025-12-06;1;0
28;2025-12-06;2;0
28;2025-12-06;3;0
28;2025-12-06;4;1
28;2025-12-06;5;29
28;2025-12-06;6;105
28;2025-12-06;7;230
28;2025-12-06;8;370
28;2025-12-06;9;418
28;2025-12-06;10;437
28;2025-12-06;11;483
28;2025-12-06;12;581
28;2025-12-06;13;627
28;2025-12-06;14;590
28;2025-12-06;15;601
28;2025-12-06;16;610
28;2025-12-06;17;578
28;2025-12-06;18;502
28;2025-12-06;19;380
28;2025-12-06;20;292
28;2025-12-06;21;259
28;2025-12-06;22;116
28;2025-12-06;23;19
28;2025-12-07;0;1
28;2025-12-07;1;0
28;2025-12-07;2;0
28;2025-12-07;3;0
28;2025-12-07;4;0
28;2025-12-07;5;23
28;2025-12-07;6;56
28;2025-12-07;7;143
28;2025-12-07;8;243
28;2025-12-07;9;309
28;2025-12-07;10;382
28;2025-12-07;11;414
28;2025-12-07;12;470
28;2025-12-07;13;555
28;2025-12-07;14;538
28;2025-12-07;15;521
28;2025-12-07;16;484
28;2025-12-07;17;480
28;2025-12-07;18;428
28;2025-12-07;19;350
28;2025-12-07;20;289
28;2025-12-07;21;242
28;2025-12-07;22;111
28;2025-12-07;23;18
28;2025-12-08;0;0
28;2025-12-08;1;0
28;2025-12-08;2;0
28;2025-12-08;3;0
28;2025-12-08;4;2
28;2025-12-08;5;63
28;2025-12-08;6;256
28;2025-12-08;7;781
28;2025-12-08;8;1277
28;2025-12-08;9;852
28;2025-12-08;10;633
28;2025-12-08;11;550
28;2025-12-08;12;666
28;2025-12-08;13;693
28;2025-12-08;14;644
28;2025-12-08;15;667
28;2025-12-08;16;881
28;2025-12-08;17;995
28;2025-12-08;18;982
28;2025-12-08;19;710
28;2025-12-08;20;466
28;2025-12-08;21;292
28;2025-12-08;22;113
28;2025-12-08;23;5
28;2025-12-09;0;0
28;2025-12-09;1;0
28;2025-12-09;2;0
28;2025-12-09;3;0
28;2025-12-09;4;1
28;2025-12-09;5;67
28;2025-12-09;6;248
28;2025-12-09;7;806
28;2025-12-09;8;1287
28;2025-12-09;9;876
28;2025-12-09;10;619
28;2025-12-09;11;579
28;2025-12-09;12;679
28;2025-12-09;13;710
28;2025-12-09;14;693
28;2025-12-09;15;734
28;2025-12-09;16;899
28;2025-12-09;17;1036
28;2025-12-09;18;1007
28;2025-12-09;19;747
28;2025-12-09;20;506
28;2025-12-09;21;314
28;2025-12-09;22;125
28;2025-12-09;23;13
28;2025-12-10;0;0
28;2025-12-10;1;0
28;2025-12-10;2;0
28;2025-12-10;3;0
28;2025-12-10;4;1
28;2025-12-10;5;76
28;2025-12-10;6;256
28;2025-12-10;7;813
28;2025-12-10;8;1289
28;2025-12-10;9;877
28;2025-12-10;10;625
28;2025-12-10;11;590
28;2025-12-10;12;685
28;2025-12-10;13;713
28;2025-12-10;14;702
28;2025-12-10;15;743
28;2025-12-10;16;902
28;2025-12-10;17;1038
28;2025-12-10;18;1008
28;2025-12-10;19;748
28;2025-12-10;20;506
28;2025-12-10;21;314
28;2025-12-10;22;125
28;2025-12-10;23;13
28;2025-12-11;0;0
28;2025-12-11;1;0
28;2025-12-11;2;0
28;2025-12-11;3;0
28;2025-12-11;4;1
28;2025-12-11;5;76
28;2025-12-11;6;257
28;2025-12-11;7;814
28;2025-12-11;8;1288
28;2025-12-11;9;876
28;2025-12-11;10;625
28;2025-12-11;11;590
28;2025-12-11;12;693
28;2025-12-11;13;719
28;2025-12-11;14;710
28;2025-12-11;15;744
28;2025-12-11;16;903
28;2025-12-11;17;1039
28;2025-12-11;18;1009
28;2025-12-11;19;749
28;2025-12-11;20;508
28;2025-12-11;21;315
28;2025-12-11;22;126
28;2025-12-11;23;10
28;2025-12-12;0;0
28;2025-12-12;1;0
28;2025-12-12;2;0
28;2025-12-12;3;0
28;2025-12-12;4;2
28;2025-12-12;5;71
28;2025-12-12;6;264
28;2025-12-12;7;826
28;2025-12-12;8;1282
28;2025-12-12;9;852
28;2025-12-12;10;625
28;2025-12-12;11;602
28;2025-12-12;12;781
28;2025-12-12;13;759
28;2025-12-12;14;731
28;2025-12-12;15;779
28;2025-12-12;16;958
28;2025-12-12;17;971
28;2025-12-12;18;855
28;2025-12-12;19;637
28;2025-12-12;20;440
28;2025-12-12;21;314
28;2025-12-12;22;122
28;2025-12-12;23;23
28;2025-12-13;0;0
28;2025-12-13;1;0
28;2025-12-13;2;0
28;2025-12-13;3;0
28;2025-12-13;4;1
28;2025-12-13;5;36
28;2025-12-13;6;112
28;2025-12-13;7;243
28;2025-12-13;8;398
28;2025-12-13;9;464
28;2025-12-13;10;483
28;2025-12-13;11;508
28;2025-12-13;12;599
28;2025-12-13;13;633
28;2025-12-13;14;595
28;2025-12-13;15;605
28;2025-12-13;16;611
28;2025-12-13;17;578
28;2025-12-13;18;502
28;2025-12-13;19;372
28;2025-12-13;20;289
28;2025-12-13;21;256
28;2025-12-13;22;115
28;2025-12-13;23;21
28;2025-12-14;0;1
28;2025-12-14;1;0
28;2025-12-14;2;0
28;2025-12-14;3;0
28;2025-12-14;4;0
28;2025-12-14;5;15
28;2025-12-14;6;58
28;2025-12-14;7;143
28;2025-12-14;8;243
28;2025-12-14;9;309
28;2025-12-14;10;376
28;2025-12-14;11;415
28;2025-12-14;12;470
28;2025-12-14;13;555
28;2025-12-14;14;538
28;2025-12-14;15;523
28;2025-12-14;16;484
28;2025-12-14;17;480
28;2025-12-14;18;428
28;2025-12-14;19;350
28;2025-12-14;20;289
28;2025-12-14;21;239
28;2025-12-14;22;108
28;2025-12-14;23;19
28;2025-12-15;0;0
28;2025-12-15;1;0
28;2025-12-15;2;0
28;2025-12-15;3;0
28;2025-12-15;4;2
28;2025-12-15;5;71
28;2025-12-15;6;264
28;2025-12-15;7;787
28;2025-12-15;8;1283
28;2025-12-15;9;858
28;2025-12-15;10;635
28;2025-12-15;11;552
28;2025-12-15;12;666
28;2025-12-15;13;693
28;2025-12-15;14;644
28;2025-12-15;15;669
28;2025-12-15;16;883
28;2025-12-15;17;1003
28;2025-12-15;18;986
28;2025-12-15;19;711
28;2025-12-15;20;468
28;2025-12-15;21;293
28;2025-12-15;22;114
28;2025-12-15;23;6
28;2025-12-16;0;0
28;2025-12-16;1;0
28;2025-12-16;2;0
28;2025-12-16;3;0
28;2025-12-16;4;1
28;2025-12-16;5;75
28;2025-12-16;6;256
28;2025-12-16;7;814
28;2025-12-16;8;1291
28;2025-12-16;9;881
28;2025-12-16;10;627
28;2025-12-16;11;584
28;2025-12-16;12;679
28;2025-12-16;13;717
28;2025-12-16;14;699
28;2025-12-16;15;740
28;2025-12-16;16;905
28;2025-12-16;17;1041
28;2025-12-16;18;1007
28;2025-12-16;19;747
28;2025-12-16;20;508
28;2025-12-16;21;317
28;2025-12-16;22;129
28;2025-12-16;23;14
28;2025-12-17;0;0
28;2025-12-17;1;0
28;2025-12-17;2;0
28;2025-12-17;3;0
28;2025-12-17;4;1
28;2025-12-17;5;85
28;2025-12-17;6;265
28;2025-12-17;7;827
28;2025-12-17;8;1305
28;2025-12-17;9;903
28;2025-12-17;10;652
28;2025-12-17;11;618
28;2025-12-17;12;708
28;2025-12-17;13;730
28;2025-12-17;14;713
28;2025-12-17;15;752
28;2025-12-17;16;916
28;2025-12-17;17;1052
28;2025-12-17;18;1021
28;2025-12-17;19;758
28;2025-12-17;20;516
28;2025-12-17;21;323
28;2025-12-17;22;129
28;2025-12-17;23;12
28;2025-12-18;0;0
28;2025-12-18;1;0
28;2025-12-18;2;0
28;2025-12-18;3;0
28;2025-12-18;4;1
28;2025-12-18;5;76
28;2025-12-18;6;260
28;2025-12-18;7;814
28;2025-12-18;8;1288
28;2025-12-18;9;876
28;2025-12-18;10;626
28;2025-12-18;11;590
28;2025-12-18;12;693
28;2025-12-18;13;726
28;2025-12-18;14;710
28;2025-12-18;15;749
28;2025-12-18;16;915
28;2025-12-18;17;1045
28;2025-12-18;18;1013
28;2025-12-18;19;749
28;2025-12-18;20;508
28;2025-12-18;21;315
28;2025-12-18;22;127
28;2025-12-18;23;12
28;2025-12-19;0;0
28;2025-12-19;1;0
28;2025-12-19;2;0
28;2025-12-19;3;0
28;2025-12-19;4;2
28;2025-12-19;5;76
28;2025-12-19;6;269
28;2025-12-19;7;828
28;2025-12-19;8;1283
28;2025-12-19;9;854
28;2025-12-19;10;631
28;2025-12-19;11;619
28;2025-12-19;12;788
28;2025-12-19;13;759
28;2025-12-19;14;729
28;2025-12-19;15;781
28;2025-12-19;16;957
28;2025-12-19;17;972
28;2025-12-19;18;853
28;2025-12-19;19;641
28;2025-12-19;20;443
28;2025-12-19;21;307
28;2025-12-19;22;116
28;2025-12-19;23;23
28;2025-12-20;0;0
28;2025-12-20;1;0
28;2025-12-20;2;0
28;2025-12-20;3;0
28;2025-12-20;4;1
28;2025-12-20;5;46
28;2025-12-20;6;120
28;2025-12-20;7;251
28;2025-12-20;8;414
28;2025-12-20;9;483
28;2025-12-20;10;502
28;2025-12-20;11;516
28;2025-12-20;12;616
28;2025-12-20;13;644
28;2025-12-20;14;603
28;2025-12-20;15;605
28;2025-12-20;16;611
28;2025-12-20;17;578
28;2025-12-20;18;532
28;2025-12-20;19;374
28;2025-12-20;20;291
28;2025-12-20;21;258
28;2025-12-20;22;114
28;2025-12-20;23;16
28;2025-12-21;0;1
28;2025-12-21;1;0
28;2025-12-21;2;0
28;2025-12-21;3;0
28;2025-12-21;4;0
28;2025-12-21;5;30
28;2025-12-21;6;84
28;2025-12-21;7;174
28;2025-12-21;8;274
28;2025-12-21;9;357
28;2025-12-21;10;398
28;2025-12-21;11;442
28;2025-12-21;12;484
28;2025-12-21;13;561
28;2025-12-21;14;542
28;2025-12-21;15;529
28;2025-12-21;16;492
28;2025-12-21;17;487
28;2025-12-21;18;426
28;2025-12-21;19;351
28;2025-12-21;20;290
28;2025-12-21;21;240
28;2025-12-21;22;110
28;2025-12-21;23;17
28;2025-12-22;0;0
28;2025-12-22;1;0
28;2025-12-22;2;0
28;2025-12-22;3;0
28;2025-12-22;4;2
28;2025-12-22;5;75
28;2025-12-22;6;268
28;2025-12-22;7;794
28;2025-12-22;8;1284
28;2025-12-22;9;859
28;2025-12-22;10;636
28;2025-12-22;11;557
28;2025-12-22;12;672
28;2025-12-22;13;698
28;2025-12-22;14;649
28;2025-12-22;15;669
28;2025-12-22;16;885
28;2025-12-22;17;1003
28;2025-12-22;18;987
28;2025-12-22;19;709
28;2025-12-22;20;467
28;2025-12-22;21;292
28;2025-12-22;22;117
28;2025-12-22;23;10
28;2025-12-23;0;0
28;2025-12-23;1;0
28;2025-12-23;2;0
28;2025-12-23;3;0
28;2025-12-23;4;1
28;2025-12-23;5;79
28;2025-12-23;6;264
28;2025-12-23;7;826
28;2025-12-23;8;1306
28;2025-12-23;9;901
28;2025-12-23;10;650
28;2025-12-23;11;585
28;2025-12-23;12;682
28;2025-12-23;13;712
28;2025-12-23;14;698
28;2025-12-23;15;747
28;2025-12-23;16;911
28;2025-12-23;17;1042
28;2025-12-23;18;1017
28;2025-12-23;19;754
28;2025-12-23;20;511
28;2025-12-23;21;319
28;2025-12-23;22;130
28;2025-12-23;23;15
28;2025-12-24;0;0
28;2025-12-24;1;0
28;2025-12-24;2;0
28;2025-12-24;3;0
28;2025-12-24;4;1
28;2025-12-24;5;89
28;2025-12-24;6;272
28;2025-12-24;7;833
28;2025-12-24;8;1310
28;2025-12-24;9;903
28;2025-12-24;10;652
28;2025-12-24;11;616
28;2025-12-24;12;711
28;2025-12-24;13;727
28;2025-12-24;14;708
28;2025-12-24;15;752
28;2025-12-24;16;916
28;2025-12-24;17;1052
28;2025-12-24;18;1021
28;2025-12-24;19;758
28;2025-12-24;20;515
28;2025-12-24;21;323
28;2025-12-24;22;129
28;2025-12-24;23;14
28;2025-12-25;0;0
28;2025-12-25;1;0
28;2025-12-25;2;0
28;2025-12-25;3;0
28;2025-12-25;4;1
28;2025-12-25;5;76
28;2025-12-25;6;257
28;2025-12-25;7;814
28;2025-12-25;8;1288
28;2025-12-25;9;877
28;2025-12-25;10;626
28;2025-12-25;11;590
28;2025-12-25;12;693
28;2025-12-25;13;719
28;2025-12-25;14;703
28;2025-12-25;15;737
28;2025-12-25;16;903
28;2025-12-25;17;1039
28;2025-12-25;18;1009
28;2025-12-25;19;749
28;2025-12-25;20;508
28;2025-12-25;21;315
28;2025-12-25;22;127
28;2025-12-25;23;12
28;2025-12-26;0;0
28;2025-12-26;1;0
28;2025-12-26;2;0
28;2025-12-26;3;0
28;2025-12-26;4;2
28;2025-12-26;5;72
28;2025-12-26;6;265
28;2025-12-26;7;831
28;2025-12-26;8;1288
28;2025-12-26;9;858
28;2025-12-26;10;644
28;2025-12-26;11;621
28;2025-12-26;12;787
28;2025-12-26;13;758
28;2025-12-26;14;729
28;2025-12-26;15;765
28;2025-12-26;16;965
28;2025-12-26;17;980
28;2025-12-26;18;862
28;2025-12-26;19;643
28;2025-12-26;20;445
28;2025-12-26;21;314
28;2025-12-26;22;122
28;2025-12-26;23;17
28;2025-12-27;0;0
28;2025-12-27;1;0
28;2025-12-27;2;0
28;2025-12-27;3;0
28;2025-12-27;4;1
28;2025-12-27;5;33
28;2025-12-27;6;109
28;2025-12-27;7;236
28;2025-12-27;8;393
28;2025-12-27;9;455
28;2025-12-27;10;474
28;2025-12-27;11;490
28;2025-12-27;12;595
28;2025-12-27;13;641
28;2025-12-27;14;603
28;2025-12-27;15;613
28;2025-12-27;16;611
28;2025-12-27;17;578
28;2025-12-27;18;495
28;2025-12-27;19;372
28;2025-12-27;20;289
28;2025-12-27;21;256
28;2025-12-27;22;114
28;2025-12-27;23;16
28;2025-12-28;0;1
28;2025-12-28;1;0
28;2025-12-28;2;0
28;2025-12-28;3;0
28;2025-12-28;4;0
28;2025-12-28;5;15
28;2025-12-28;6;73
28;2025-12-28;7;158
28;2025-12-28;8;258
28;2025-12-28;9;309
28;2025-12-28;10;344
28;2025-12-28;11;414
28;2025-12-28;12;464
28;2025-12-28;13;554
28;2025-12-28;14;535
28;2025-12-28;15;521
28;2025-12-28;16;484
28;2025-12-28;17;501
28;2025-12-28;18;446
28;2025-12-28;19;366
28;2025-12-28;20;292
28;2025-12-28;21;244
28;2025-12-28;22;115
28;2025-12-28;23;19
28;2025-12-29;0;0
28;2025-12-29;1;0
28;2025-12-29;2;0
28;2025-12-29;3;0
28;2025-12-29;4;2
28;2025-12-29;5;65
28;2025-12-29;6;238
28;2025-12-29;7;723
28;2025-12-29;8;1174
28;2025-12-29;9;785
28;2025-12-29;10;577
28;2025-12-29;11;508
28;2025-12-29;12;616
28;2025-12-29;13;638
28;2025-12-29;14;596
28;2025-12-29;15;619
28;2025-12-29;16;813
28;2025-12-29;17;925
28;2025-12-29;18;916
28;2025-12-29;19;659
28;2025-12-29;20;435
28;2025-12-29;21;271
28;2025-12-29;22;107
28;2025-12-29;23;6
28;2025-12-30;0;0
28;2025-12-30;1;0
28;2025-12-30;2;0
28;2025-12-30;3;0
28;2025-12-30;4;1
28;2025-12-30;5;70
28;2025-12-30;6;237
28;2025-12-30;7;753
28;2025-12-30;8;1190
28;2025-12-30;9;823
28;2025-12-30;10;591
28;2025-12-30;11;560
28;2025-12-30;12;645
28;2025-12-30;13;671
28;2025-12-30;14;655
28;2025-12-30;15;691
28;2025-12-30;16;840
28;2025-12-30;17;959
28;2025-12-30;18;936
28;2025-12-30;19;692
28;2025-12-30;20;470
28;2025-12-30;21;291
28;2025-12-30;22;120
28;2025-12-30;23;13
28;2025-12-31;0;0
28;2025-12-31;1;0
28;2025-12-31;2;0
28;2025-12-31;3;0
28;2025-12-31;4;0
28;2025-12-31;5;12
28;2025-12-31;6;53
28;2025-12-31;7;123
28;2025-12-31;8;198
28;2025-12-31;9;269
28;2025-12-31;10;293
28;2025-12-31;11;313
28;2025-12-31;12;323
28;2025-12-31;13;391
28;2025-12-31;14;414
28;2025-12-31;15;395
28;2025-12-31;16;371
28;2025-12-31;17;364
28;2025-12-31;18;312
28;2025-12-31;19;258
28;2025-12-31;20;0
28;2025-12-31;21;0
28;2025-12-31;22;0
28;2025-12-31;23;0
50;2025-11-01;0;27
50;2025-11-01;1;1
50;2025-11-01;2;0
50;2025-11-01;3;0
50;2025-11-01;4;2
50;2025-11-01;5;35
50;2025-11-01;6;384
50;2025-11-01;7;1311
50;2025-11-01;8;2012
50;2025-11-01;9;1510
50;2025-11-01;10;1178
50;2025-11-01;11;1156
50;2025-11-01;12;1136
50;2025-11-01;13;1162
50;2025-11-01;14;1139
50;2025-11-01;15;1335
50;2025-11-01;16;1510
50;2025-11-01;17;1634
50;2025-11-01;18;1388
50;2025-11-01;19;967
50;2025-11-01;20;618
50;2025-11-01;21;424
50;2025-11-01;22;195
50;2025-11-01;23;116
50;2025-11-02;0;26
50;2025-11-02;1;3
50;2025-11-02;2;0
50;2025-11-02;3;0
50;2025-11-02;4;0
50;2025-11-02;5;10
50;2025-11-02;6;65
50;2025-11-02;7;111
50;2025-11-02;8;192
50;2025-11-02;9;229
50;2025-11-02;10;278
50;2025-11-02;11;343
50;2025-11-02;12;367
50;2025-11-02;13;387
50;2025-11-02;14;450
50;2025-11-02;15;430
50;2025-11-02;16;450
50;2025-11-02;17;539
50;2025-11-02;18;387
50;2025-11-02;19;338
50;2025-11-02;20;262
50;2025-11-02;21;204
50;2025-11-02;22;152
50;2025-11-02;23;70
50;2025-11-03;0;39
50;2025-11-03;1;3
50;2025-11-03;2;0
50;2025-11-03;3;0
50;2025-11-03;4;1
50;2025-11-03;5;36
50;2025-11-03;6;162
50;2025-11-03;7;284
50;2025-11-03;8;456
50;2025-11-03;9;516
50;2025-11-03;10;548
50;2025-11-03;11;659
50;2025-11-03;12;700
50;2025-11-03;13;720
50;2025-11-03;14;740
50;2025-11-03;15;698
50;2025-11-03;16;697
50;2025-11-03;17;744
50;2025-11-03;18;675
50;2025-11-03;19;573
50;2025-11-03;20;518
50;2025-11-03;21;384
50;2025-11-03;22;234
50;2025-11-03;23;133
50;2025-11-04;0;38
50;2025-11-04;1;3
50;2025-11-04;2;0
50;2025-11-04;3;0
50;2025-11-04;4;1
50;2025-11-04;5;33
50;2025-11-04;6;152
50;2025-11-04;7;273
50;2025-11-04;8;433
50;2025-11-04;9;493
50;2025-11-04;10;549
50;2025-11-04;11;657
50;2025-11-04;12;692
50;2025-11-04;13;711
50;2025-11-04;14;734
50;2025-11-04;15;701
50;2025-11-04;16;688
50;2025-11-04;17;737
50;2025-11-04;18;678
50;2025-11-04;19;579
50;2025-11-04;20;504
50;2025-11-04;21;369
50;2025-11-04;22;225
50;2025-11-04;23;130
50;2025-11-05;0;30
50;2025-11-05;1;2
50;2025-11-05;2;0
50;2025-11-05;3;0
50;2025-11-05;4;2
50;2025-11-05;5;72
50;2025-11-05;6;547
50;2025-11-05;7;1812
50;2025-11-05;8;2930
50;2025-11-05;9;2207
50;2025-11-05;10;1751
50;2025-11-05;11;1573
50;2025-11-05;12;1561
50;2025-11-05;13;1541
50;2025-11-05;14;1497
50;2025-11-05;15;1732
50;2025-11-05;16;1783
50;2025-11-05;17;2438
50;2025-11-05;18;2477
50;2025-11-05;19;1455
50;2025-11-05;20;903
50;2025-11-05;21;622
50;2025-11-05;22;261
50;2025-11-05;23;141
50;2025-11-06;0;30
50;2025-11-06;1;2
50;2025-11-06;2;0
50;2025-11-06;3;0
50;2025-11-06;4;2
50;2025-11-06;5;68
50;2025-11-06;6;543
50;2025-11-06;7;1796
50;2025-11-06;8;2922
50;2025-11-06;9;2198
50;2025-11-06;10;1746
50;2025-11-06;11;1570
50;2025-11-06;12;1559
50;2025-11-06;13;1539
50;2025-11-06;14;1494
50;2025-11-06;15;1732
50;2025-11-06;16;1783
50;2025-11-06;17;2438
50;2025-11-06;18;2483
50;2025-11-06;19;1461
50;2025-11-06;20;910
50;2025-11-06;21;629
50;2025-11-06;22;267
50;2025-11-06;23;150
50;2025-11-07;0;35
50;2025-11-07;1;2
50;2025-11-07;2;0
50;2025-11-07;3;0
50;2025-11-07;4;2
50;2025-11-07;5;50
50;2025-11-07;6;501
50;2025-11-07;7;1734
50;2025-11-07;8;2696
50;2025-11-07;9;2024
50;2025-11-07;10;1555
50;2025-11-07;11;1520
50;2025-11-07;12;1473
50;2025-11-07;13;1532
50;2025-11-07;14;1492
50;2025-11-07;15;1770
50;2025-11-07;16;2065
50;2025-11-07;17;2161
50;2025-11-07;18;1759
50;2025-11-07;19;1231
50;2025-11-07;20;812
50;2025-11-07;21;544
50;2025-11-07;22;251
50;2025-11-07;23;158
50;2025-11-08;0;115
50;2025-11-08;1;12
50;2025-11-08;2;0
50;2025-11-08;3;0
50;2025-11-08;4;0
50;2025-11-08;5;13
50;2025-11-08;6;88
50;2025-11-08;7;153
50;2025-11-08;8;245
50;2025-11-08;9;334
50;2025-11-08;10;338
50;2025-11-08;11;375
50;2025-11-08;12;433
50;2025-11-08;13;418
50;2025-11-08;14;419
50;2025-11-08;15;458
50;2025-11-08;16;422
50;2025-11-08;17;400
50;2025-11-08;18;323
50;2025-11-08;19;300
50;2025-11-08;20;212
50;2025-11-08;21;183
50;2025-11-08;22;120
50;2025-11-08;23;66
50;2025-11-09;0;27
50;2025-11-09;1;3
50;2025-11-09;2;0
50;2025-11-09;3;0
50;2025-11-09;4;0
50;2025-11-09;5;9
50;2025-11-09;6;66
50;2025-11-09;7;111
50;2025-11-09;8;175
50;2025-11-09;9;227
50;2025-11-09;10;288
50;2025-11-09;11;364
50;2025-11-09;12;380
50;2025-11-09;13;411
50;2025-11-09;14;449
50;2025-11-09;15;430
50;2025-11-09;16;427
50;2025-11-09;17;513
50;2025-11-09;18;392
50;2025-11-09;19;339
50;2025-11-09;20;262
50;2025-11-09;21;204
50;2025-11-09;22;145
50;2025-11-09;23;68
50;2025-11-10;0;22
50;2025-11-10;1;3
50;2025-11-10;2;0
50;2025-11-10;3;0
50;2025-11-10;4;3
50;2025-11-10;5;71
50;2025-11-10;6;526
50;2025-11-10;7;1767
50;2025-11-10;8;2872
50;2025-11-10;9;2218
50;2025-11-10;10;1631
50;2025-11-10;11;1483
50;2025-11-10;12;1393
50;2025-11-10;13;1491
50;2025-11-10;14;1432
50;2025-11-10;15;1641
50;2025-11-10;16;1700
50;2025-11-10;17;2323
50;2025-11-10;18;2475
50;2025-11-10;19;1333
50;2025-11-10;20;841
50;2025-11-10;21;593
50;2025-11-10;22;226
50;2025-11-10;23;113
50;2025-11-11;0;29
50;2025-11-11;1;2
50;2025-11-11;2;0
50;2025-11-11;3;0
50;2025-11-11;4;3
50;2025-11-11;5;73
50;2025-11-11;6;547
50;2025-11-11;7;1810
50;2025-11-11;8;2935
50;2025-11-11;9;2213
50;2025-11-11;10;1760
50;2025-11-11;11;1579
50;2025-11-11;12;1560
50;2025-11-11;13;1541
50;2025-11-11;14;1496
50;2025-11-11;15;1730
50;2025-11-11;16;1787
50;2025-11-11;17;2442
50;2025-11-11;18;2492
50;2025-11-11;19;1464
50;2025-11-11;20;910
50;2025-11-11;21;628
50;2025-11-11;22;265
50;2025-11-11;23;139
50;2025-11-12;0;30
50;2025-11-12;1;2
50;2025-11-12;2;0
50;2025-11-12;3;0
50;2025-11-12;4;2
50;2025-11-12;5;72
50;2025-11-12;6;547
50;2025-11-12;7;1810
50;2025-11-12;8;2920
50;2025-11-12;9;2209
50;2025-11-12;10;1756
50;2025-11-12;11;1577
50;2025-11-12;12;1559
50;2025-11-12;13;1542
50;2025-11-12;14;1494
50;2025-11-12;15;1733
50;2025-11-12;16;1788
50;2025-11-12;17;2442
50;2025-11-12;18;2487
50;2025-11-12;19;1459
50;2025-11-12;20;900
50;2025-11-12;21;626
50;2025-11-12;22;266
50;2025-11-12;23;147
50;2025-11-13;0;30
50;2025-11-13;1;2
50;2025-11-13;2;0
50;2025-11-13;3;0
50;2025-11-13;4;2
50;2025-11-13;5;70
50;2025-11-13;6;543
50;2025-11-13;7;1803
50;2025-11-13;8;2913
50;2025-11-13;9;2200
50;2025-11-13;10;1747
50;2025-11-13;11;1569
50;2025-11-13;12;1558
50;2025-11-13;13;1537
50;2025-11-13;14;1493
50;2025-11-13;15;1730
50;2025-11-13;16;1786
50;2025-11-13;17;2448
50;2025-11-13;18;2485
50;2025-11-13;19;1448
50;2025-11-13;20;905
50;2025-11-13;21;624
50;2025-11-13;22;262
50;2025-11-13;23;149
50;2025-11-14;0;35
50;2025-11-14;1;2
50;2025-11-14;2;0
50;2025-11-14;3;0
50;2025-11-14;4;3
50;2025-11-14;5;59
50;2025-11-14;6;509
50;2025-11-14;7;1744
50;2025-11-14;8;2693
50;2025-11-14;9;2028
50;2025-11-14;10;1552
50;2025-11-14;11;1510
50;2025-11-14;12;1462
50;2025-11-14;13;1518
50;2025-11-14;14;1483
50;2025-11-14;15;1761
50;2025-11-14;16;2056
50;2025-11-14;17;2152
50;2025-11-14;18;1762
50;2025-11-14;19;1228
50;2025-11-14;20;815
50;2025-11-14;21;544
50;2025-11-14;22;254
50;2025-11-14;23;157
50;2025-11-15;0;55
50;2025-11-15;1;2
50;2025-11-15;2;0
50;2025-11-15;3;0
50;2025-11-15;4;0
50;2025-11-15;5;37
50;2025-11-15;6;175
50;2025-11-15;7;391
50;2025-11-15;8;568
50;2025-11-15;9;640
50;2025-11-15;10;669
50;2025-11-15;11;764
50;2025-11-15;12;762
50;2025-11-15;13;786
50;2025-11-15;14;839
50;2025-11-15;15;771
50;2025-11-15;16;772
50;2025-11-15;17;816
50;2025-11-15;18;720
50;2025-11-15;19;643
50;2025-11-15;20;522
50;2025-11-15;21;387
50;2025-11-15;22;237
50;2025-11-15;23;142
50;2025-11-16;0;42
50;2025-11-16;1;2
50;2025-11-16;2;0
50;2025-11-16;3;0
50;2025-11-16;4;1
50;2025-11-16;5;30
50;2025-11-16;6;150
50;2025-11-16;7;271
50;2025-11-16;8;433
50;2025-11-16;9;514
50;2025-11-16;10;549
50;2025-11-16;11;700
50;2025-11-16;12;739
50;2025-11-16;13;758
50;2025-11-16;14;784
50;2025-11-16;15;737
50;2025-11-16;16;736
50;2025-11-16;17;778
50;2025-11-16;18;696
50;2025-11-16;19;581
50;2025-11-16;20;514
50;2025-11-16;21;365
50;2025-11-16;22;216
50;2025-11-16;23;121
50;2025-11-17;0;22
50;2025-11-17;1;2
50;2025-11-17;2;0
50;2025-11-17;3;0
50;2025-11-17;4;3
50;2025-11-17;5;74
50;2025-11-17;6;528
50;2025-11-17;7;1767
50;2025-11-17;8;2846
50;2025-11-17;9;2219
50;2025-11-17;10;1628
50;2025-11-17;11;1475
50;2025-11-17;12;1386
50;2025-11-17;13;1488
50;2025-11-17;14;1427
50;2025-11-17;15;1638
50;2025-11-17;16;1700
50;2025-11-17;17;2323
50;2025-11-17;18;2469
50;2025-11-17;19;1326
50;2025-11-17;20;838
50;2025-11-17;21;589
50;2025-11-17;22;223
50;2025-11-17;23;110
50;2025-11-18;0;29
50;2025-11-18;1;2
50;2025-11-18;2;0
50;2025-11-18;3;0
50;2025-11-18;4;3
50;2025-11-18;5;73
50;2025-11-18;6;548
50;2025-11-18;7;1813
50;2025-11-18;8;2929
50;2025-11-18;9;2214
50;2025-11-18;10;1758
50;2025-11-18;11;1575
50;2025-11-18;12;1558
50;2025-11-18;13;1538
50;2025-11-18;14;1493
50;2025-11-18;15;1728
50;2025-11-18;16;1784
50;2025-11-18;17;2440
50;2025-11-18;18;2482
50;2025-11-18;19;1459
50;2025-11-18;20;907
50;2025-11-18;21;625
50;2025-11-18;22;263
50;2025-11-18;23;138
50;2025-11-19;0;30
50;2025-11-19;1;2
50;2025-11-19;2;0
50;2025-11-19;3;0
50;2025-11-19;4;2
50;2025-11-19;5;76
50;2025-11-19;6;551
50;2025-11-19;7;1813
50;2025-11-19;8;2923
50;2025-11-19;9;2207
50;2025-11-19;10;1753
50;2025-11-19;11;1578
50;2025-11-19;12;1559
50;2025-11-19;13;1541
50;2025-11-19;14;1497
50;2025-11-19;15;1732
50;2025-11-19;16;1787
50;2025-11-19;17;2441
50;2025-11-19;18;2486
50;2025-11-19;19;1461
50;2025-11-19;20;909
50;2025-11-19;21;628
50;2025-11-19;22;266
50;2025-11-19;23;147
50;2025-11-20;0;31
50;2025-11-20;1;2
50;2025-11-20;2;0
50;2025-11-20;3;0
50;2025-11-20;4;3
50;2025-11-20;5;70
50;2025-11-20;6;549
50;2025-11-20;7;1806
50;2025-11-20;8;2953
50;2025-11-20;9;2205
50;2025-11-20;10;1757
50;2025-11-20;11;1577
50;2025-11-20;12;1559
50;2025-11-20;13;1539
50;2025-11-20;14;1496
50;2025-11-20;15;1731
50;2025-11-20;16;1787
50;2025-11-20;17;2441
50;2025-11-20;18;2482
50;2025-11-20;19;1461
50;2025-11-20;20;909
50;2025-11-20;21;628
50;2025-11-20;22;267
50;2025-11-20;23;150
50;2025-11-21;0;35
50;2025-11-21;1;2
50;2025-11-21;2;0
50;2025-11-21;3;0
50;2025-11-21;4;3
50;2025-11-21;5;71
50;2025-11-21;6;521
50;2025-11-21;7;1759
50;2025-11-21;8;2709
50;2025-11-21;9;2046
50;2025-11-21;10;1568
50;2025-11-21;11;1524
50;2025-11-21;12;1472
50;2025-11-21;13;1527
50;2025-11-21;14;1487
50;2025-11-21;15;1765
50;2025-11-21;16;2066
50;2025-11-21;17;2161
50;2025-11-21;18;1760
50;2025-11-21;19;1222
50;2025-11-21;20;804
50;2025-11-21;21;536
50;2025-11-21;22;247
50;2025-11-21;23;157
50;2025-11-22;0;54
50;2025-11-22;1;2
50;2025-11-22;2;0
50;2025-11-22;3;0
50;2025-11-22;4;0
50;2025-11-22;5;38
50;2025-11-22;6;172
50;2025-11-22;7;382
50;2025-11-22;8;574
50;2025-11-22;9;620
50;2025-11-22;10;665
50;2025-11-22;11;769
50;2025-11-22;12;764
50;2025-11-22;13;788
50;2025-11-22;14;837
50;2025-11-22;15;773
50;2025-11-22;16;771
50;2025-11-22;17;811
50;2025-11-22;18;715
50;2025-11-22;19;631
50;2025-11-22;20;513
50;2025-11-22;21;381
50;2025-11-22;22;233
50;2025-11-22;23;141
50;2025-11-23;0;42
50;2025-11-23;1;3
50;2025-11-23;2;0
50;2025-11-23;3;0
50;2025-11-23;4;1
50;2025-11-23;5;28
50;2025-11-23;6;149
50;2025-11-23;7;267
50;2025-11-23;8;426
50;2025-11-23;9;497
50;2025-11-23;10;538
50;2025-11-23;11;694
50;2025-11-23;12;734
50;2025-11-23;13;753
50;2025-11-23;14;779
50;2025-11-23;15;735
50;2025-11-23;16;730
50;2025-11-23;17;774
50;2025-11-23;18;670
50;2025-11-23;19;563
50;2025-11-23;20;508
50;2025-11-23;21;373
50;2025-11-23;22;223
50;2025-11-23;23;124
50;2025-11-24;0;21
50;2025-11-24;1;3
50;2025-11-24;2;0
50;2025-11-24;3;0
50;2025-11-24;4;3
50;2025-11-24;5;61
50;2025-11-24;6;519
50;2025-11-24;7;1756
50;2025-11-24;8;2837
50;2025-11-24;9;2206
50;2025-11-24;10;1617
50;2025-11-24;11;1475
50;2025-11-24;12;1382
50;2025-11-24;13;1482
50;2025-11-24;14;1421
50;2025-11-24;15;1631
50;2025-11-24;16;1694
50;2025-11-24;17;2319
50;2025-11-24;18;2462
50;2025-11-24;19;1328
50;2025-11-24;20;834
50;2025-11-24;21;587
50;2025-11-24;22;221
50;2025-11-24;23;111
50;2025-11-25;0;29
50;2025-11-25;1;2
50;2025-11-25;2;0
50;2025-11-25;3;0
50;2025-11-25;4;2
50;2025-11-25;5;66
50;2025-11-25;6;542
50;2025-11-25;7;1801
50;2025-11-25;8;2918
50;2025-11-25;9;2201
50;2025-11-25;10;1753
50;2025-11-25;11;1576
50;2025-11-25;12;1546
50;2025-11-25;13;1527
50;2025-11-25;14;1496
50;2025-11-25;15;1730
50;2025-11-25;16;1782
50;2025-11-25;17;2439
50;2025-11-25;18;2496
50;2025-11-25;19;1450
50;2025-11-25;20;899
50;2025-11-25;21;617
50;2025-11-25;22;256
50;2025-11-25;23;136
50;2025-11-26;0;30
50;2025-11-26;1;2
50;2025-11-26;2;0
50;2025-11-26;3;0
50;2025-11-26;4;2
50;2025-11-26;5;67
50;2025-11-26;6;546
50;2025-11-26;7;1800
50;2025-11-26;8;2926
50;2025-11-26;9;2197
50;2025-11-26;10;1740
50;2025-11-26;11;1568
50;2025-11-26;12;1549
50;2025-11-26;13;1545
50;2025-11-26;14;1502
50;2025-11-26;15;1736
50;2025-11-26;16;1789
50;2025-11-26;17;2443
50;2025-11-26;18;2479
50;2025-11-26;19;1459
50;2025-11-26;20;906
50;2025-11-26;21;627
50;2025-11-26;22;264
50;2025-11-26;23;144
50;2025-11-27;0;31
50;2025-11-27;1;2
50;2025-11-27;2;0
50;2025-11-27;3;0
50;2025-11-27;4;2
50;2025-11-27;5;77
50;2025-11-27;6;551
50;2025-11-27;7;1809
50;2025-11-27;8;2942
50;2025-11-27;9;2211
50;2025-11-27;10;1764
50;2025-11-27;11;1580
50;2025-11-27;12;1560
50;2025-11-27;13;1543
50;2025-11-27;14;1500
50;2025-11-27;15;1729
50;2025-11-27;16;1787
50;2025-11-27;17;2441
50;2025-11-27;18;2477
50;2025-11-27;19;1459
50;2025-11-27;20;905
50;2025-11-27;21;624
50;2025-11-27;22;265
50;2025-11-27;23;145
50;2025-11-28;0;35
50;2025-11-28;1;2
50;2025-11-28;2;0
50;2025-11-28;3;0
50;2025-11-28;4;3
50;2025-11-28;5;71
50;2025-11-28;6;521
50;2025-11-28;7;1757
50;2025-11-28;8;2705
50;2025-11-28;9;2041
50;2025-11-28;10;1567
50;2025-11-28;11;1531
50;2025-11-28;12;1478
50;2025-11-28;13;1534
50;2025-11-28;14;1493
50;2025-11-28;15;1775
50;2025-11-28;16;2066
50;2025-11-28;17;2163
50;2025-11-28;18;1772
50;2025-11-28;19;1238
50;2025-11-28;20;823
50;2025-11-28;21;553
50;2025-11-28;22;259
50;2025-11-28;23;166
50;2025-11-29;0;55
50;2025-11-29;1;2
50;2025-11-29;2;0
50;2025-11-29;3;0
50;2025-11-29;4;0
50;2025-11-29;5;20
50;2025-11-29;6;151
50;2025-11-29;7;360
50;2025-11-29;8;532
50;2025-11-29;9;585
50;2025-11-29;10;652
50;2025-11-29;11;782
50;2025-11-29;12;782
50;2025-11-29;13;812
50;2025-11-29;14;836
50;2025-11-29;15;766
50;2025-11-29;16;763
50;2025-11-29;17;805
50;2025-11-29;18;717
50;2025-11-29;19;629
50;2025-11-29;20;511
50;2025-11-29;21;380
50;2025-11-29;22;230
50;2025-11-29;23;139
50;2025-11-30;0;42
50;2025-11-30;1;3
50;2025-11-30;2;0
50;2025-11-30;3;0
50;2025-11-30;4;1
50;2025-11-30;5;27
50;2025-11-30;6;149
50;2025-11-30;7;271
50;2025-11-30;8;447
50;2025-11-30;9;506
50;2025-11-30;10;545
50;2025-11-30;11;695
50;2025-11-30;12;735
50;2025-11-30;13;752
50;2025-11-30;14;779
50;2025-11-30;15;720
50;2025-11-30;16;728
50;2025-11-30;17;775
50;2025-11-30;18;676
50;2025-11-30;19;565
50;2025-11-30;20;508
50;2025-11-30;21;373
50;2025-11-30;22;223
50;2025-11-30;23;125
50;2025-12-01;0;22
50;2025-12-01;1;3
50;2025-12-01;2;0
50;2025-12-01;3;0
50;2025-12-01;4;3
50;2025-12-01;5;58
50;2025-12-01;6;515
50;2025-12-01;7;1758
50;2025-12-01;8;2844
50;2025-12-01;9;2214
50;2025-12-01;10;1622
50;2025-12-01;11;1476
50;2025-12-01;12;1391
50;2025-12-01;13;1488
50;2025-12-01;14;1428
50;2025-12-01;15;1637
50;2025-12-01;16;1704
50;2025-12-01;17;2332
50;2025-12-01;18;2475
50;2025-12-01;19;1337
50;2025-12-01;20;841
50;2025-12-01;21;589
50;2025-12-01;22;221
50;2025-12-01;23;109
50;2025-12-02;0;29
50;2025-12-02;1;2
50;2025-12-02;2;0
50;2025-12-02;3;0
50;2025-12-02;4;2
50;2025-12-02;5;66
50;2025-12-02;6;544
50;2025-12-02;7;1808
50;2025-12-02;8;2928
50;2025-12-02;9;2208
50;2025-12-02;10;1751
50;2025-12-02;11;1573
50;2025-12-02;12;1556
50;2025-12-02;13;1544
50;2025-12-02;14;1498
50;2025-12-02;15;1729
50;2025-12-02;16;1785
50;2025-12-02;17;2444
50;2025-12-02;18;2488
50;2025-12-02;19;1463
50;2025-12-02;20;904
50;2025-12-02;21;624
50;2025-12-02;22;261
50;2025-12-02;23;136
50;2025-12-03;0;30
50;2025-12-03;1;2
50;2025-12-03;2;0
50;2025-12-03;3;0
50;2025-12-03;4;2
50;2025-12-03;5;67
50;2025-12-03;6;544
50;2025-12-03;7;1808
50;2025-12-03;8;2922
50;2025-12-03;9;2206
50;2025-12-03;10;1751
50;2025-12-03;11;1581
50;2025-12-03;12;1566
50;2025-12-03;13;1547
50;2025-12-03;14;1505
50;2025-12-03;15;1741
50;2025-12-03;16;1794
50;2025-12-03;17;2451
50;2025-12-03;18;2486
50;2025-12-03;19;1458
50;2025-12-03;20;903
50;2025-12-03;21;624
50;2025-12-03;22;262
50;2025-12-03;23;144
50;2025-12-04;0;30
50;2025-12-04;1;2
50;2025-12-04;2;0
50;2025-12-04;3;0
50;2025-12-04;4;2
50;2025-12-04;5;69
50;2025-12-04;6;547
50;2025-12-04;7;1809
50;2025-12-04;8;2921
50;2025-12-04;9;2205
50;2025-12-04;10;1751
50;2025-12-04;11;1580
50;2025-12-04;12;1567
50;2025-12-04;13;1547
50;2025-12-04;14;1504
50;2025-12-04;15;1741
50;2025-12-04;16;1798
50;2025-12-04;17;2452
50;2025-12-04;18;2490
50;2025-12-04;19;1464
50;2025-12-04;20;909
50;2025-12-04;21;627
50;2025-12-04;22;265
50;2025-12-04;23;149
50;2025-12-05;0;35
50;2025-12-05;1;2
50;2025-12-05;2;0
50;2025-12-05;3;0
50;2025-12-05;4;2
50;2025-12-05;5;65
50;2025-12-05;6;518
50;2025-12-05;7;1755
50;2025-12-05;8;2706
50;2025-12-05;9;2039
50;2025-12-05;10;1563
50;2025-12-05;11;1529
50;2025-12-05;12;1481
50;2025-12-05;13;1539
50;2025-12-05;14;1501
50;2025-12-05;15;1778
50;2025-12-05;16;2074
50;2025-12-05;17;2170
50;2025-12-05;18;1779
50;2025-12-05;19;1243
50;2025-12-05;20;823
50;2025-12-05;21;552
50;2025-12-05;22;257
50;2025-12-05;23;164
50;2025-12-06;0;58
50;2025-12-06;1;3
50;2025-12-06;2;0
50;2025-12-06;3;0
50;2025-12-06;4;1
50;2025-12-06;5;32
50;2025-12-06;6;181
50;2025-12-06;7;399
50;2025-12-06;8;568
50;2025-12-06;9;626
50;2025-12-06;10;669
50;2025-12-06;11;806
50;2025-12-06;12;808
50;2025-12-06;13;837
50;2025-12-06;14;892
50;2025-12-06;15;825
50;2025-12-06;16;825
50;2025-12-06;17;864
50;2025-12-06;18;767
50;2025-12-06;19;683
50;2025-12-06;20;547
50;2025-12-06;21;411
50;2025-12-06;22;248
50;2025-12-06;23;151
50;2025-12-07;0;47
50;2025-12-07;1;4
50;2025-12-07;2;0
50;2025-12-07;3;0
50;2025-12-07;4;1
50;2025-12-07;5;27
50;2025-12-07;6;139
50;2025-12-07;7;264
50;2025-12-07;8;435
50;2025-12-07;9;499
50;2025-12-07;10;572
50;2025-12-07;11;734
50;2025-12-07;12;787
50;2025-12-07;13;807
50;2025-12-07;14;834
50;2025-12-07;15;785
50;2025-12-07;16;784
50;2025-12-07;17;827
50;2025-12-07;18;719
50;2025-12-07;19;600
50;2025-12-07;20;536
50;2025-12-07;21;401
50;2025-12-07;22;241
50;2025-12-07;23;136
50;2025-12-08;0;22
50;2025-12-08;1;3
50;2025-12-08;2;0
50;2025-12-08;3;0
50;2025-12-08;4;3
50;2025-12-08;5;55
50;2025-12-08;6;515
50;2025-12-08;7;1758
50;2025-12-08;8;2841
50;2025-12-08;9;2209
50;2025-12-08;10;1621
50;2025-12-08;11;1476
50;2025-12-08;12;1386
50;2025-12-08;13;1485
50;2025-12-08;14;1428
50;2025-12-08;15;1637
50;2025-12-08;16;1699
50;2025-12-08;17;2324
50;2025-12-08;18;2469
50;2025-12-08;19;1336
50;2025-12-08;20;838
50;2025-12-08;21;589
50;2025-12-08;22;220
50;2025-12-08;23;109
50;2025-12-09;0;30
50;2025-12-09;1;3
50;2025-12-09;2;0
50;2025-12-09;3;0
50;2025-12-09;4;3
50;2025-12-09;5;60
50;2025-12-09;6;538
50;2025-12-09;7;1806
50;2025-12-09;8;2936
50;2025-12-09;9;2215
50;2025-12-09;10;1746
50;2025-12-09;11;1570
50;2025-12-09;12;1556
50;2025-12-09;13;1538
50;2025-12-09;14;1493
50;2025-12-09;15;1729
50;2025-12-09;16;1785
50;2025-12-09;17;2444
50;2025-12-09;18;2488
50;2025-12-09;19;1463
50;2025-12-09;20;906
50;2025-12-09;21;624
50;2025-12-09;22;261
50;2025-12-09;23;136
50;2025-12-10;0;30
50;2025-12-10;1;2
50;2025-12-10;2;0
50;2025-12-10;3;0
50;2025-12-10;4;2
50;2025-12-10;5;67
50;2025-12-10;6;544
50;2025-12-10;7;1808
50;2025-12-10;8;2922
50;2025-12-10;9;2206
50;2025-12-10;10;1750
50;2025-12-10;11;1574
50;2025-12-10;12;1557
50;2025-12-10;13;1539
50;2025-12-10;14;1501
50;2025-12-10;15;1737
50;2025-12-10;16;1787
50;2025-12-10;17;2444
50;2025-12-10;18;2483
50;2025-12-10;19;1460
50;2025-12-10;20;903
50;2025-12-10;21;622
50;2025-12-10;22;259
50;2025-12-10;23;144
50;2025-12-11;0;31
50;2025-12-11;1;3
50;2025-12-11;2;0
50;2025-12-11;3;0
50;2025-12-11;4;2
50;2025-12-11;5;69
50;2025-12-11;6;547
50;2025-12-11;7;1809
50;2025-12-11;8;2921
50;2025-12-11;9;2204
50;2025-12-11;10;1749
50;2025-12-11;11;1573
50;2025-12-11;12;1565
50;2025-12-11;13;1547
50;2025-12-11;14;1506
50;2025-12-11;15;1740
50;2025-12-11;16;1790
50;2025-12-11;17;2447
50;2025-12-11;18;2486
50;2025-12-11;19;1464
50;2025-12-11;20;909
50;2025-12-11;21;628
50;2025-12-11;22;264
50;2025-12-11;23;146
50;2025-12-12;0;35
50;2025-12-12;1;2
50;2025-12-12;2;0
50;2025-12-12;3;0
50;2025-12-12;4;2
50;2025-12-12;5;65
50;2025-12-12;6;518
50;2025-12-12;7;1755
50;2025-12-12;8;2706
50;2025-12-12;9;2039
50;2025-12-12;10;1563
50;2025-12-12;11;1529
50;2025-12-12;12;1486
50;2025-12-12;13;1539
50;2025-12-12;14;1501
50;2025-12-12;15;1781
50;2025-12-12;16;2074
50;2025-12-12;17;2170
50;2025-12-12;18;1778
50;2025-12-12;19;1243
50;2025-12-12;20;823
50;2025-12-12;21;554
50;2025-12-12;22;259
50;2025-12-12;23;165
50;2025-12-13;0;58
50;2025-12-13;1;2
50;2025-12-13;2;0
50;2025-12-13;3;0
50;2025-12-13;4;0
50;2025-12-13;5;36
50;2025-12-13;6;186
50;2025-12-13;7;407
50;2025-12-13;8;591
50;2025-12-13;9;667
50;2025-12-13;10;703
50;2025-12-13;11;807
50;2025-12-13;12;818
50;2025-12-13;13;845
50;2025-12-13;14;893
50;2025-12-13;15;824
50;2025-12-13;16;822
50;2025-12-13;17;862
50;2025-12-13;18;767
50;2025-12-13;19;674
50;2025-12-13;20;543
50;2025-12-13;21;407
50;2025-12-13;22;246
50;2025-12-13;23;151
50;2025-12-14;0;46
50;2025-12-14;1;4
50;2025-12-14;2;0
50;2025-12-14;3;0
50;2025-12-14;4;1
50;2025-12-14;5;18
50;2025-12-14;6;141
50;2025-12-14;7;264
50;2025-12-14;8;435
50;2025-12-14;9;499
50;2025-12-14;10;572
50;2025-12-14;11;736
50;2025-12-14;12;787
50;2025-12-14;13;807
50;2025-12-14;14;834
50;2025-12-14;15;783
50;2025-12-14;16;784
50;2025-12-14;17;827
50;2025-12-14;18;720
50;2025-12-14;19;601
50;2025-12-14;20;537
50;2025-12-14;21;398
50;2025-12-14;22;238
50;2025-12-14;23;133
50;2025-12-15;0;22
50;2025-12-15;1;3
50;2025-12-15;2;0
50;2025-12-15;3;0
50;2025-12-15;4;3
50;2025-12-15;5;62
50;2025-12-15;6;521
50;2025-12-15;7;1764
50;2025-12-15;8;2847
50;2025-12-15;9;2214
50;2025-12-15;10;1623
50;2025-12-15;11;1475
50;2025-12-15;12;1387
50;2025-12-15;13;1486
50;2025-12-15;14;1428
50;2025-12-15;15;1637
50;2025-12-15;16;1700
50;2025-12-15;17;2328
50;2025-12-15;18;2472
50;2025-12-15;19;1334
50;2025-12-15;20;838
50;2025-12-15;21;589
50;2025-12-15;22;221
50;2025-12-15;23;110
50;2025-12-16;0;29
50;2025-12-16;1;3
50;2025-12-16;2;0
50;2025-12-16;3;0
50;2025-12-16;4;2
50;2025-12-16;5;66
50;2025-12-16;6;544
50;2025-12-16;7;1808
50;2025-12-16;8;2928
50;2025-12-16;9;2209
50;2025-12-16;10;1752
50;2025-12-16;11;1573
50;2025-12-16;12;1556
50;2025-12-16;13;1544
50;2025-12-16;14;1498
50;2025-12-16;15;1734
50;2025-12-16;16;1790
50;2025-12-16;17;2448
50;2025-12-16;18;2488
50;2025-12-16;19;1463
50;2025-12-16;20;907
50;2025-12-16;21;623
50;2025-12-16;22;260
50;2025-12-16;23;134
50;2025-12-17;0;30
50;2025-12-17;1;2
50;2025-12-17;2;0
50;2025-12-17;3;0
50;2025-12-17;4;2
50;2025-12-17;5;75
50;2025-12-17;6;552
50;2025-12-17;7;1820
50;2025-12-17;8;2933
50;2025-12-17;9;2220
50;2025-12-17;10;1765
50;2025-12-17;11;1587
50;2025-12-17;12;1568
50;2025-12-17;13;1548
50;2025-12-17;14;1507
50;2025-12-17;15;1742
50;2025-12-17;16;1796
50;2025-12-17;17;2452
50;2025-12-17;18;2490
50;2025-12-17;19;1463
50;2025-12-17;20;908
50;2025-12-17;21;629
50;2025-12-17;22;265
50;2025-12-17;23;144
50;2025-12-18;0;30
50;2025-12-18;1;2
50;2025-12-18;2;0
50;2025-12-18;3;0
50;2025-12-18;4;2
50;2025-12-18;5;70
50;2025-12-18;6;549
50;2025-12-18;7;1809
50;2025-12-18;8;2921
50;2025-12-18;9;2205
50;2025-12-18;10;1751
50;2025-12-18;11;1573
50;2025-12-18;12;1565
50;2025-12-18;13;1549
50;2025-12-18;14;1506
50;2025-12-18;15;1742
50;2025-12-18;16;1798
50;2025-12-18;17;2452
50;2025-12-18;18;2490
50;2025-12-18;19;1464
50;2025-12-18;20;909
50;2025-12-18;21;628
50;2025-12-18;22;265
50;2025-12-18;23;149
50;2025-12-19;0;35
50;2025-12-19;1;2
50;2025-12-19;2;0
50;2025-12-19;3;0
50;2025-12-19;4;2
50;2025-12-19;5;68
50;2025-12-19;6;521
50;2025-12-19;7;1757
50;2025-12-19;8;2707
50;2025-12-19;9;2040
50;2025-12-19;10;1567
50;2025-12-19;11;1535
50;2025-12-19;12;1486
50;2025-12-19;13;1541
50;2025-12-19;14;1499
50;2025-12-19;15;1782
50;2025-12-19;16;2068
50;2025-12-19;17;2165
50;2025-12-19;18;1771
50;2025-12-19;19;1242
50;2025-12-19;20;823
50;2025-12-19;21;547
50;2025-12-19;22;252
50;2025-12-19;23;160
50;2025-12-20;0;58
50;2025-12-20;1;2
50;2025-12-20;2;0
50;2025-12-20;3;0
50;2025-12-20;4;1
50;2025-12-20;5;44
50;2025-12-20;6;193
50;2025-12-20;7;415
50;2025-12-20;8;603
50;2025-12-20;9;676
50;2025-12-20;10;716
50;2025-12-20;11;823
50;2025-12-20;12;824
50;2025-12-20;13;851
50;2025-12-20;14;895
50;2025-12-20;15;824
50;2025-12-20;16;822
50;2025-12-20;17;862
50;2025-12-20;18;809
50;2025-12-20;19;672
50;2025-12-20;20;541
50;2025-12-20;21;405
50;2025-12-20;22;247
50;2025-12-20;23;149
50;2025-12-21;0;47
50;2025-12-21;1;4
50;2025-12-21;2;0
50;2025-12-21;3;0
50;2025-12-21;4;1
50;2025-12-21;5;31
50;2025-12-21;6;162
50;2025-12-21;7;290
50;2025-12-21;8;461
50;2025-12-21;9;543
50;2025-12-21;10;583
50;2025-12-21;11;760
50;2025-12-21;12;789
50;2025-12-21;13;809
50;2025-12-21;14;835
50;2025-12-21;15;789
50;2025-12-21;16;787
50;2025-12-21;17;830
50;2025-12-21;18;715
50;2025-12-21;19;600
50;2025-12-21;20;536
50;2025-12-21;21;396
50;2025-12-21;22;236
50;2025-12-21;23;131
50;2025-12-22;0;22
50;2025-12-22;1;3
50;2025-12-22;2;0
50;2025-12-22;3;0
50;2025-12-22;4;3
50;2025-12-22;5;65
50;2025-12-22;6;524
50;2025-12-22;7;1768
50;2025-12-22;8;2846
50;2025-12-22;9;2214
50;2025-12-22;10;1623
50;2025-12-22;11;1480
50;2025-12-22;12;1389
50;2025-12-22;13;1488
50;2025-12-22;14;1428
50;2025-12-22;15;1642
50;2025-12-22;16;1704
50;2025-12-22;17;2328
50;2025-12-22;18;2489
50;2025-12-22;19;1326
50;2025-12-22;20;834
50;2025-12-22;21;585
50;2025-12-22;22;221
50;2025-12-22;23;112
50;2025-12-23;0;30
50;2025-12-23;1;2
50;2025-12-23;2;0
50;2025-12-23;3;0
50;2025-12-23;4;2
50;2025-12-23;5;68
50;2025-12-23;6;549
50;2025-12-23;7;1818
50;2025-12-23;8;2939
50;2025-12-23;9;2219
50;2025-12-23;10;1764
50;2025-12-23;11;1566
50;2025-12-23;12;1551
50;2025-12-23;13;1533
50;2025-12-23;14;1494
50;2025-12-23;15;1736
50;2025-12-23;16;1789
50;2025-12-23;17;2446
50;2025-12-23;18;2492
50;2025-12-23;19;1466
50;2025-12-23;20;907
50;2025-12-23;21;625
50;2025-12-23;22;263
50;2025-12-23;23;136
50;2025-12-24;0;30
50;2025-12-24;1;2
50;2025-12-24;2;0
50;2025-12-24;3;0
50;2025-12-24;4;3
50;2025-12-24;5;78
50;2025-12-24;6;556
50;2025-12-24;7;1824
50;2025-12-24;8;2937
50;2025-12-24;9;2222
50;2025-12-24;10;1767
50;2025-12-24;11;1591
50;2025-12-24;12;1572
50;2025-12-24;13;1547
50;2025-12-24;14;1503
50;2025-12-24;15;1742
50;2025-12-24;16;1796
50;2025-12-24;17;2452
50;2025-12-24;18;2488
50;2025-12-24;19;1463
50;2025-12-24;20;910
50;2025-12-24;21;629
50;2025-12-24;22;265
50;2025-12-24;23;145
50;2025-12-25;0;30
50;2025-12-25;1;2
50;2025-12-25;2;0
50;2025-12-25;3;0
50;2025-12-25;4;2
50;2025-12-25;5;70
50;2025-12-25;6;547
50;2025-12-25;7;1809
50;2025-12-25;8;2921
50;2025-12-25;9;2206
50;2025-12-25;10;1751
50;2025-12-25;11;1573
50;2025-12-25;12;1565
50;2025-12-25;13;1547
50;2025-12-25;14;1504
50;2025-12-25;15;1735
50;2025-12-25;16;1790
50;2025-12-25;17;2447
50;2025-12-25;18;2486
50;2025-12-25;19;1464
50;2025-12-25;20;909
50;2025-12-25;21;628
50;2025-12-25;22;265
50;2025-12-25;23;149
50;2025-12-26;0;35
50;2025-12-26;1;2
50;2025-12-26;2;0
50;2025-12-26;3;0
50;2025-12-26;4;2
50;2025-12-26;5;65
50;2025-12-26;6;518
50;2025-12-26;7;1759
50;2025-12-26;8;2710
50;2025-12-26;9;2043
50;2025-12-26;10;1571
50;2025-12-26;11;1537
50;2025-12-26;12;1484
50;2025-12-26;13;1540
50;2025-12-26;14;1499
50;2025-12-26;15;1775
50;2025-12-26;16;2075
50;2025-12-26;17;2172
50;2025-12-26;18;1780
50;2025-12-26;19;1240
50;2025-12-26;20;823
50;2025-12-26;21;552
50;2025-12-26;22;259
50;2025-12-26;23;164
50;2025-12-27;0;59
50;2025-12-27;1;2
50;2025-12-27;2;0
50;2025-12-27;3;0
50;2025-12-27;4;0
50;2025-12-27;5;34
50;2025-12-27;6;184
50;2025-12-27;7;402
50;2025-12-27;8;590
50;2025-12-27;9;661
50;2025-12-27;10;704
50;2025-12-27;11;810
50;2025-12-27;12;815
50;2025-12-27;13;848
50;2025-12-27;14;895
50;2025-12-27;15;826
50;2025-12-27;16;822
50;2025-12-27;17;862
50;2025-12-27;18;758
50;2025-12-27;19;672
50;2025-12-27;20;543
50;2025-12-27;21;407
50;2025-12-27;22;247
50;2025-12-27;23;149
50;2025-12-28;0;47
50;2025-12-28;1;4
50;2025-12-28;2;0
50;2025-12-28;3;0
50;2025-12-28;4;1
50;2025-12-28;5;18
50;2025-12-28;6;161
50;2025-12-28;7;284
50;2025-12-28;8;455
50;2025-12-28;9;499
50;2025-12-28;10;542
50;2025-12-28;11;734
50;2025-12-28;12;781
50;2025-12-28;13;801
50;2025-12-28;14;834
50;2025-12-28;15;785
50;2025-12-28;16;784
50;2025-12-28;17;857
50;2025-12-28;18;747
50;2025-12-28;19;617
50;2025-12-28;20;542
50;2025-12-28;21;406
50;2025-12-28;22;249
50;2025-12-28;23;138
50;2025-12-29;0;22
50;2025-12-29;1;3
50;2025-12-29;2;0
50;2025-12-29;3;0
50;2025-12-29;4;2
50;2025-12-29;5;56
50;2025-12-29;6;477
50;2025-12-29;7;1628
50;2025-12-29;8;2619
50;2025-12-29;9;2031
50;2025-12-29;10;1490
50;2025-12-29;11;1364
50;2025-12-29;12;1289
50;2025-12-29;13;1370
50;2025-12-29;14;1321
50;2025-12-29;15;1512
50;2025-12-29;16;1572
50;2025-12-29;17;2162
50;2025-12-29;18;2304
50;2025-12-29;19;1239
50;2025-12-29;20;779
50;2025-12-29;21;541
50;2025-12-29;22;208
50;2025-12-29;23;102
50;2025-12-30;0;28
50;2025-12-30;1;2
50;2025-12-30;2;0
50;2025-12-30;3;0
50;2025-12-30;4;2
50;2025-12-30;5;61
50;2025-12-30;6;504
50;2025-12-30;7;1672
50;2025-12-30;8;2697
50;2025-12-30;9;2042
50;2025-12-30;10;1620
50;2025-12-30;11;1460
50;2025-12-30;12;1442
50;2025-12-30;13;1427
50;2025-12-30;14;1390
50;2025-12-30;15;1598
50;2025-12-30;16;1652
50;2025-12-30;17;2255
50;2025-12-30;18;2303
50;2025-12-30;19;1357
50;2025-12-30;20;838
50;2025-12-30;21;576
50;2025-12-30;22;244
50;2025-12-30;23;126
50;2025-12-31;0;38
50;2025-12-31;1;2
50;2025-12-31;2;0
50;2025-12-31;3;0
50;2025-12-31;4;1
50;2025-12-31;5;16
50;2025-12-31;6;114
50;2025-12-31;7;220
50;2025-12-31;8;374
50;2025-12-31;9;440
50;2025-12-31;10;470
50;2025-12-31;11;564
50;2025-12-31;12;562
50;2025-12-31;13;579
50;2025-12-31;14;641
50;2025-12-31;15;588
50;2025-12-31;16;588
50;2025-12-31;17;624
50;2025-12-31;18;560
50;2025-12-31;19;472
50;2025-12-31;20;0
50;2025-12-31;21;0
50;2025-12-31;22;0
50;2025-12-31;23;0
