route;date;hour;prediction
1;2025-11-01;0;2
1;2025-11-01;1;0
1;2025-11-01;2;0
1;2025-11-01;3;0
1;2025-11-01;4;5
1;2025-11-01;5;110
1;2025-11-01;6;407
1;2025-11-01;7;1207
1;2025-11-01;8;1455
1;2025-11-01;9;1125
1;2025-11-01;10;1035
1;2025-11-01;11;1100
1;2025-11-01;12;1084
1;2025-11-01;13;1109
1;2025-11-01;14;1105
1;2025-11-01;15;1234
1;2025-11-01;16;1276
1;2025-11-01;17;1453
1;2025-11-01;18;1185
1;2025-11-01;19;1025
1;2025-11-01;20;639
1;2025-11-01;21;394
1;2025-11-01;22;148
1;2025-11-01;23;31
1;2025-11-02;0;0
1;2025-11-02;1;0
1;2025-11-02;2;0
1;2025-11-02;3;0
1;2025-11-02;4;0
1;2025-11-02;5;22
1;2025-11-02;6;114
1;2025-11-02;7;266
1;2025-11-02;8;355
1;2025-11-02;9;603
1;2025-11-02;10;691
1;2025-11-02;11;708
1;2025-11-02;12;831
1;2025-11-02;13;848
1;2025-11-02;14;787
1;2025-11-02;15;711
1;2025-11-02;16;662
1;2025-11-02;17;596
1;2025-11-02;18;494
1;2025-11-02;19;445
1;2025-11-02;20;329
1;2025-11-02;21;269
1;2025-11-02;22;100
1;2025-11-02;23;26
1;2025-11-03;0;0
1;2025-11-03;1;0
1;2025-11-03;2;0
1;2025-11-03;3;0
1;2025-11-03;4;0
1;2025-11-03;5;22
1;2025-11-03;6;114
1;2025-11-03;7;266
1;2025-11-03;8;355
1;2025-11-03;9;603
1;2025-11-03;10;691
1;2025-11-03;11;708
1;2025-11-03;12;831
1;2025-11-03;13;848
1;2025-11-03;14;787
1;2025-11-03;15;711
1;2025-11-03;16;662
1;2025-11-03;17;596
1;2025-11-03;18;494
1;2025-11-03;19;445
1;2025-11-03;20;329
1;2025-11-03;21;269
1;2025-11-03;22;100
1;2025-11-03;23;26
1;2025-11-04;0;0
1;2025-11-04;1;0
1;2025-11-04;2;0
1;2025-11-04;3;0
1;2025-11-04;4;0
1;2025-11-04;5;22
1;2025-11-04;6;114
1;2025-11-04;7;266
1;2025-11-04;8;355
1;2025-11-04;9;603
1;2025-11-04;10;691
1;2025-11-04;11;708
1;2025-11-04;12;831
1;2025-11-04;13;848
1;2025-11-04;14;787
1;2025-11-04;15;711
1;2025-11-04;16;662
1;2025-11-04;17;596
1;2025-11-04;18;494
1;2025-11-04;19;445
1;2025-11-04;20;329
1;2025-11-04;21;269
1;2025-11-04;22;100
1;2025-11-04;23;26
1;2025-11-05;0;4
1;2025-11-05;1;0
1;2025-11-05;2;0
1;2025-11-05;3;0
1;2025-11-05;4;9
1;2025-11-05;5;115
1;2025-11-05;6;518
1;2025-11-05;7;1529
1;2025-11-05;8;2019
1;2025-11-05;9;1516
1;2025-11-05;10;1382
1;2025-11-05;11;1392
1;2025-11-05;12;1417
1;2025-11-05;13;1467
1;2025-11-05;14;1408
1;2025-11-05;15;1500
1;2025-11-05;16;1538
1;2025-11-05;17;1819
1;2025-11-05;18;1843
1;2025-11-05;19;1357
1;2025-11-05;20;902
1;2025-11-05;21;490
1;2025-11-05;22;178
1;2025-11-05;23;34
1;2025-11-06;0;4
1;2025-11-06;1;0
1;2025-11-06;2;0
1;2025-11-06;3;0
1;2025-11-06;4;9
1;2025-11-06;5;115
1;2025-11-06;6;518
1;2025-11-06;7;1529
1;2025-11-06;8;2019
1;2025-11-06;9;1516
1;2025-11-06;10;1382
1;2025-11-06;11;1392
1;2025-11-06;12;1417
1;2025-11-06;13;1467
1;2025-11-06;14;1408
1;2025-11-06;15;1500
1;2025-11-06;16;1538
1;2025-11-06;17;1819
1;2025-11-06;18;1843
1;2025-11-06;19;1357
1;2025-11-06;20;902
1;2025-11-06;21;490
1;2025-11-06;22;178
1;2025-11-06;23;34
1;2025-11-07;0;2
1;2025-11-07;1;0
1;2025-11-07;2;0
1;2025-11-07;3;0
1;2025-11-07;4;7
1;2025-11-07;5;139
1;2025-11-07;6;515
1;2025-11-07;7;1527
1;2025-11-07;8;1841
1;2025-11-07;9;1423
1;2025-11-07;10;1309
1;2025-11-07;11;1392
1;2025-11-07;12;1371
1;2025-11-07;13;1403
1;2025-11-07;14;1398
1;2025-11-07;15;1561
1;2025-11-07;16;1614
1;2025-11-07;17;1838
1;2025-11-07;18;1499
1;2025-11-07;19;1297
1;2025-11-07;20;809
1;2025-11-07;21;499
1;2025-11-07;22;187
1;2025-11-07;23;40
1;2025-11-08;0;4
1;2025-11-08;1;0
1;2025-11-08;2;0
1;2025-11-08;3;0
1;2025-11-08;4;0
1;2025-11-08;5;34
1;2025-11-08;6;168
1;2025-11-08;7;392
1;2025-11-08;8;560
1;2025-11-08;9;827
1;2025-11-08;10;1017
1;2025-11-08;11;1000
1;2025-11-08;12;1196
1;2025-11-08;13;1248
1;2025-11-08;14;1173
1;2025-11-08;15;1015
1;2025-11-08;16;867
1;2025-11-08;17;819
1;2025-11-08;18;723
1;2025-11-08;19;584
1;2025-11-08;20;471
1;2025-11-08;21;330
1;2025-11-08;22;124
1;2025-11-08;23;28
1;2025-11-09;0;0
1;2025-11-09;1;0
1;2025-11-09;2;0
1;2025-11-09;3;0
1;2025-11-09;4;0
1;2025-11-09;5;22
1;2025-11-09;6;114
1;2025-11-09;7;266
1;2025-11-09;8;355
1;2025-11-09;9;603
1;2025-11-09;10;691
1;2025-11-09;11;708
1;2025-11-09;12;831
1;2025-11-09;13;848
1;2025-11-09;14;787
1;2025-11-09;15;711
1;2025-11-09;16;662
1;2025-11-09;17;596
1;2025-11-09;18;494
1;2025-11-09;19;445
1;2025-11-09;20;329
1;2025-11-09;21;269
1;2025-11-09;22;100
1;2025-11-09;23;26
1;2025-11-10;0;0
1;2025-11-10;1;0
1;2025-11-10;2;0
1;2025-11-10;3;0
1;2025-11-10;4;10
1;2025-11-10;5;138
1;2025-11-10;6;498
1;2025-11-10;7;1501
1;2025-11-10;8;2013
1;2025-11-10;9;1506
1;2025-11-10;10;1286
1;2025-11-10;11;1248
1;2025-11-10;12;1376
1;2025-11-10;13;1475
1;2025-11-10;14;1520
1;2025-11-10;15;1608
1;2025-11-10;16;1674
1;2025-11-10;17;1915
1;2025-11-10;18;2029
1;2025-11-10;19;1471
1;2025-11-10;20;936
1;2025-11-10;21;462
1;2025-11-10;22;148
1;2025-11-10;23;44
1;2025-11-11;0;4
1;2025-11-11;1;0
1;2025-11-11;2;0
1;2025-11-11;3;0
1;2025-11-11;4;9
1;2025-11-11;5;115
1;2025-11-11;6;518
1;2025-11-11;7;1529
1;2025-11-11;8;2019
1;2025-11-11;9;1516
1;2025-11-11;10;1382
1;2025-11-11;11;1392
1;2025-11-11;12;1417
1;2025-11-11;13;1467
1;2025-11-11;14;1408
1;2025-11-11;15;1500
1;2025-11-11;16;1538
1;2025-11-11;17;1819
1;2025-11-11;18;1843
1;2025-11-11;19;1357
1;2025-11-11;20;902
1;2025-11-11;21;490
1;2025-11-11;22;178
1;2025-11-11;23;34
1;2025-11-12;0;4
1;2025-11-12;1;0
1;2025-11-12;2;0
1;2025-11-12;3;0
1;2025-11-12;4;9
1;2025-11-12;5;115
1;2025-11-12;6;518
1;2025-11-12;7;1529
1;2025-11-12;8;2019
1;2025-11-12;9;1516
1;2025-11-12;10;1382
1;2025-11-12;11;1392
1;2025-11-12;12;1417
1;2025-11-12;13;1467
1;2025-11-12;14;1408
1;2025-11-12;15;1500
1;2025-11-12;16;1538
1;2025-11-12;17;1819
1;2025-11-12;18;1843
1;2025-11-12;19;1357
1;2025-11-12;20;902
1;2025-11-12;21;490
1;2025-11-12;22;178
1;2025-11-12;23;34
1;2025-11-13;0;4
1;2025-11-13;1;0
1;2025-11-13;2;0
1;2025-11-13;3;0
1;2025-11-13;4;9
1;2025-11-13;5;115
1;2025-11-13;6;518
1;2025-11-13;7;1529
1;2025-11-13;8;2019
1;2025-11-13;9;1516
1;2025-11-13;10;1382
1;2025-11-13;11;1392
1;2025-11-13;12;1417
1;2025-11-13;13;1467
1;2025-11-13;14;1408
1;2025-11-13;15;1500
1;2025-11-13;16;1538
1;2025-11-13;17;1819
1;2025-11-13;18;1843
1;2025-11-13;19;1357
1;2025-11-13;20;902
1;2025-11-13;21;490
1;2025-11-13;22;178
1;2025-11-13;23;34
1;2025-11-14;0;2
1;2025-11-14;1;0
1;2025-11-14;2;0
1;2025-11-14;3;0
1;2025-11-14;4;7
1;2025-11-14;5;139
1;2025-11-14;6;515
1;2025-11-14;7;1527
1;2025-11-14;8;1841
1;2025-11-14;9;1423
1;2025-11-14;10;1309
1;2025-11-14;11;1392
1;2025-11-14;12;1371
1;2025-11-14;13;1403
1;2025-11-14;14;1398
1;2025-11-14;15;1561
1;2025-11-14;16;1614
1;2025-11-14;17;1838
1;2025-11-14;18;1499
1;2025-11-14;19;1297
1;2025-11-14;20;809
1;2025-11-14;21;499
1;2025-11-14;22;187
1;2025-11-14;23;40
1;2025-11-15;0;4
1;2025-11-15;1;0
1;2025-11-15;2;0
1;2025-11-15;3;0
1;2025-11-15;4;0
1;2025-11-15;5;34
1;2025-11-15;6;168
1;2025-11-15;7;392
1;2025-11-15;8;560
1;2025-11-15;9;827
1;2025-11-15;10;1017
1;2025-11-15;11;1000
1;2025-11-15;12;1196
1;2025-11-15;13;1248
1;2025-11-15;14;1173
1;2025-11-15;15;1015
1;2025-11-15;16;867
1;2025-11-15;17;819
1;2025-11-15;18;723
1;2025-11-15;19;584
1;2025-11-15;20;471
1;2025-11-15;21;330
1;2025-11-15;22;124
1;2025-11-15;23;28
1;2025-11-16;0;0
1;2025-11-16;1;0
1;2025-11-16;2;0
1;2025-11-16;3;0
1;2025-11-16;4;0
1;2025-11-16;5;22
1;2025-11-16;6;114
1;2025-11-16;7;266
1;2025-11-16;8;355
1;2025-11-16;9;603
1;2025-11-16;10;691
1;2025-11-16;11;708
1;2025-11-16;12;831
1;2025-11-16;13;848
1;2025-11-16;14;787
1;2025-11-16;15;711
1;2025-11-16;16;662
1;2025-11-16;17;596
1;2025-11-16;18;494
1;2025-11-16;19;445
1;2025-11-16;20;329
1;2025-11-16;21;269
1;2025-11-16;22;100
1;2025-11-16;23;26
1;2025-11-17;0;0
1;2025-11-17;1;0
1;2025-11-17;2;0
1;2025-11-17;3;0
1;2025-11-17;4;10
1;2025-11-17;5;138
1;2025-11-17;6;498
1;2025-11-17;7;1501
1;2025-11-17;8;2013
1;2025-11-17;9;1506
1;2025-11-17;10;1286
1;2025-11-17;11;1248
1;2025-11-17;12;1376
1;2025-11-17;13;1475
1;2025-11-17;14;1520
1;2025-11-17;15;1608
1;2025-11-17;16;1674
1;2025-11-17;17;1915
1;2025-11-17;18;2029
1;2025-11-17;19;1471
1;2025-11-17;20;936
1;2025-11-17;21;462
1;2025-11-17;22;148
1;2025-11-17;23;44
1;2025-11-18;0;4
1;2025-11-18;1;0
1;2025-11-18;2;0
1;2025-11-18;3;0
1;2025-11-18;4;9
1;2025-11-18;5;115
1;2025-11-18;6;518
1;2025-11-18;7;1529
1;2025-11-18;8;2019
1;2025-11-18;9;1516
1;2025-11-18;10;1382
1;2025-11-18;11;1392
1;2025-11-18;12;1417
1;2025-11-18;13;1467
1;2025-11-18;14;1408
1;2025-11-18;15;1500
1;2025-11-18;16;1538
1;2025-11-18;17;1819
1;2025-11-18;18;1843
1;2025-11-18;19;1357
1;2025-11-18;20;902
1;2025-11-18;21;490
1;2025-11-18;22;178
1;2025-11-18;23;34
1;2025-11-19;0;4
1;2025-11-19;1;0
1;2025-11-19;2;0
1;2025-11-19;3;0
1;2025-11-19;4;9
1;2025-11-19;5;115
1;2025-11-19;6;518
1;2025-11-19;7;1529
1;2025-11-19;8;2019
1;2025-11-19;9;1516
1;2025-11-19;10;1382
1;2025-11-19;11;1392
1;2025-11-19;12;1417
1;2025-11-19;13;1467
1;2025-11-19;14;1408
1;2025-11-19;15;1500
1;2025-11-19;16;1538
1;2025-11-19;17;1819
1;2025-11-19;18;1843
1;2025-11-19;19;1357
1;2025-11-19;20;902
1;2025-11-19;21;490
1;2025-11-19;22;178
1;2025-11-19;23;34
1;2025-11-20;0;4
1;2025-11-20;1;0
1;2025-11-20;2;0
1;2025-11-20;3;0
1;2025-11-20;4;9
1;2025-11-20;5;115
1;2025-11-20;6;518
1;2025-11-20;7;1529
1;2025-11-20;8;2019
1;2025-11-20;9;1516
1;2025-11-20;10;1382
1;2025-11-20;11;1392
1;2025-11-20;12;1417
1;2025-11-20;13;1467
1;2025-11-20;14;1408
1;2025-11-20;15;1500
1;2025-11-20;16;1538
1;2025-11-20;17;1819
1;2025-11-20;18;1843
1;2025-11-20;19;1357
1;2025-11-20;20;902
1;2025-11-20;21;490
1;2025-11-20;22;178
1;2025-11-20;23;34
1;2025-11-21;0;2
1;2025-11-21;1;0
1;2025-11-21;2;0
1;2025-11-21;3;0
1;2025-11-21;4;7
1;2025-11-21;5;139
1;2025-11-21;6;515
1;2025-11-21;7;1527
1;2025-11-21;8;1841
1;2025-11-21;9;1423
1;2025-11-21;10;1309
1;2025-11-21;11;1392
1;2025-11-21;12;1371
1;2025-11-21;13;1403
1;2025-11-21;14;1398
1;2025-11-21;15;1561
1;2025-11-21;16;1614
1;2025-11-21;17;1838
1;2025-11-21;18;1499
1;2025-11-21;19;1297
1;2025-11-21;20;809
1;2025-11-21;21;499
1;2025-11-21;22;187
1;2025-11-21;23;40
1;2025-11-22;0;4
1;2025-11-22;1;0
1;2025-11-22;2;0
1;2025-11-22;3;0
1;2025-11-22;4;0
1;2025-11-22;5;34
1;2025-11-22;6;168
1;2025-11-22;7;392
1;2025-11-22;8;560
1;2025-11-22;9;827
1;2025-11-22;10;1017
1;2025-11-22;11;1000
1;2025-11-22;12;1196
1;2025-11-22;13;1248
1;2025-11-22;14;1173
1;2025-11-22;15;1015
1;2025-11-22;16;867
1;2025-11-22;17;819
1;2025-11-22;18;723
1;2025-11-22;19;584
1;2025-11-22;20;471
1;2025-11-22;21;330
1;2025-11-22;22;124
1;2025-11-22;23;28
1;2025-11-23;0;0
1;2025-11-23;1;0
1;2025-11-23;2;0
1;2025-11-23;3;0
1;2025-11-23;4;0
1;2025-11-23;5;22
1;2025-11-23;6;114
1;2025-11-23;7;266
1;2025-11-23;8;355
1;2025-11-23;9;603
1;2025-11-23;10;691
1;2025-11-23;11;708
1;2025-11-23;12;831
1;2025-11-23;13;848
1;2025-11-23;14;787
1;2025-11-23;15;711
1;2025-11-23;16;662
1;2025-11-23;17;596
1;2025-11-23;18;494
1;2025-11-23;19;445
1;2025-11-23;20;329
1;2025-11-23;21;269
1;2025-11-23;22;100
1;2025-11-23;23;26
1;2025-11-24;0;0
1;2025-11-24;1;0
1;2025-11-24;2;0
1;2025-11-24;3;0
1;2025-11-24;4;10
1;2025-11-24;5;138
1;2025-11-24;6;498
1;2025-11-24;7;1501
1;2025-11-24;8;2013
1;2025-11-24;9;1506
1;2025-11-24;10;1286
1;2025-11-24;11;1248
1;2025-11-24;12;1376
1;2025-11-24;13;1475
1;2025-11-24;14;1520
1;2025-11-24;15;1608
1;2025-11-24;16;1674
1;2025-11-24;17;1915
1;2025-11-24;18;2029
1;2025-11-24;19;1471
1;2025-11-24;20;936
1;2025-11-24;21;462
1;2025-11-24;22;148
1;2025-11-24;23;44
1;2025-11-25;0;4
1;2025-11-25;1;0
1;2025-11-25;2;0
1;2025-11-25;3;0
1;2025-11-25;4;9
1;2025-11-25;5;115
1;2025-11-25;6;518
1;2025-11-25;7;1529
1;2025-11-25;8;2019
1;2025-11-25;9;1516
1;2025-11-25;10;1382
1;2025-11-25;11;1392
1;2025-11-25;12;1417
1;2025-11-25;13;1467
1;2025-11-25;14;1408
1;2025-11-25;15;1500
1;2025-11-25;16;1538
1;2025-11-25;17;1819
1;2025-11-25;18;1843
1;2025-11-25;19;1357
1;2025-11-25;20;902
1;2025-11-25;21;490
1;2025-11-25;22;178
1;2025-11-25;23;34
1;2025-11-26;0;4
1;2025-11-26;1;0
1;2025-11-26;2;0
1;2025-11-26;3;0
1;2025-11-26;4;9
1;2025-11-26;5;115
1;2025-11-26;6;518
1;2025-11-26;7;1529
1;2025-11-26;8;2019
1;2025-11-26;9;1516
1;2025-11-26;10;1382
1;2025-11-26;11;1392
1;2025-11-26;12;1417
1;2025-11-26;13;1467
1;2025-11-26;14;1408
1;2025-11-26;15;1500
1;2025-11-26;16;1538
1;2025-11-26;17;1819
1;2025-11-26;18;1843
1;2025-11-26;19;1357
1;2025-11-26;20;902
1;2025-11-26;21;490
1;2025-11-26;22;178
1;2025-11-26;23;34
1;2025-11-27;0;4
1;2025-11-27;1;0
1;2025-11-27;2;0
1;2025-11-27;3;0
1;2025-11-27;4;9
1;2025-11-27;5;115
1;2025-11-27;6;518
1;2025-11-27;7;1529
1;2025-11-27;8;2019
1;2025-11-27;9;1516
1;2025-11-27;10;1382
1;2025-11-27;11;1392
1;2025-11-27;12;1417
1;2025-11-27;13;1467
1;2025-11-27;14;1408
1;2025-11-27;15;1500
1;2025-11-27;16;1538
1;2025-11-27;17;1819
1;2025-11-27;18;1843
1;2025-11-27;19;1357
1;2025-11-27;20;902
1;2025-11-27;21;490
1;2025-11-27;22;178
1;2025-11-27;23;34
1;2025-11-28;0;2
1;2025-11-28;1;0
1;2025-11-28;2;0
1;2025-11-28;3;0
1;2025-11-28;4;7
1;2025-11-28;5;139
1;2025-11-28;6;515
1;2025-11-28;7;1527
1;2025-11-28;8;1841
1;2025-11-28;9;1423
1;2025-11-28;10;1309
1;2025-11-28;11;1392
1;2025-11-28;12;1371
1;2025-11-28;13;1403
1;2025-11-28;14;1398
1;2025-11-28;15;1561
1;2025-11-28;16;1614
1;2025-11-28;17;1838
1;2025-11-28;18;1499
1;2025-11-28;19;1297
1;2025-11-28;20;809
1;2025-11-28;21;499
1;2025-11-28;22;187
1;2025-11-28;23;40
1;2025-11-29;0;4
1;2025-11-29;1;0
1;2025-11-29;2;0
1;2025-11-29;3;0
1;2025-11-29;4;0
1;2025-11-29;5;34
1;2025-11-29;6;168
1;2025-11-29;7;392
1;2025-11-29;8;560
1;2025-11-29;9;827
1;2025-11-29;10;1017
1;2025-11-29;11;1000
1;2025-11-29;12;1196
1;2025-11-29;13;1248
1;2025-11-29;14;1173
1;2025-11-29;15;1015
1;2025-11-29;16;867
1;2025-11-29;17;819
1;2025-11-29;18;723
1;2025-11-29;19;584
1;2025-11-29;20;471
1;2025-11-29;21;330
1;2025-11-29;22;124
1;2025-11-29;23;28
1;2025-11-30;0;0
1;2025-11-30;1;0
1;2025-11-30;2;0
1;2025-11-30;3;0
1;2025-11-30;4;0
1;2025-11-30;5;22
1;2025-11-30;6;114
1;2025-11-30;7;266
1;2025-11-30;8;355
1;2025-11-30;9;603
1;2025-11-30;10;691
1;2025-11-30;11;708
1;2025-11-30;12;831
1;2025-11-30;13;848
1;2025-11-30;14;787
1;2025-11-30;15;711
1;2025-11-30;16;662
1;2025-11-30;17;596
1;2025-11-30;18;494
1;2025-11-30;19;445
1;2025-11-30;20;329
1;2025-11-30;21;269
1;2025-11-30;22;100
1;2025-11-30;23;26
1;2025-12-01;0;0
1;2025-12-01;1;0
1;2025-12-01;2;0
1;2025-12-01;3;0
1;2025-12-01;4;10
1;2025-12-01;5;138
1;2025-12-01;6;498
1;2025-12-01;7;1501
1;2025-12-01;8;2013
1;2025-12-01;9;1506
1;2025-12-01;10;1286
1;2025-12-01;11;1248
1;2025-12-01;12;1376
1;2025-12-01;13;1475
1;2025-12-01;14;1520
1;2025-12-01;15;1608
1;2025-12-01;16;1674
1;2025-12-01;17;1915
1;2025-12-01;18;2029
1;2025-12-01;19;1471
1;2025-12-01;20;936
1;2025-12-01;21;462
1;2025-12-01;22;148
1;2025-12-01;23;44
1;2025-12-02;0;4
1;2025-12-02;1;0
1;2025-12-02;2;0
1;2025-12-02;3;0
1;2025-12-02;4;9
1;2025-12-02;5;115
1;2025-12-02;6;518
1;2025-12-02;7;1529
1;2025-12-02;8;2019
1;2025-12-02;9;1516
1;2025-12-02;10;1382
1;2025-12-02;11;1392
1;2025-12-02;12;1417
1;2025-12-02;13;1467
1;2025-12-02;14;1408
1;2025-12-02;15;1500
1;2025-12-02;16;1538
1;2025-12-02;17;1819
1;2025-12-02;18;1843
1;2025-12-02;19;1357
1;2025-12-02;20;902
1;2025-12-02;21;490
1;2025-12-02;22;178
1;2025-12-02;23;34
1;2025-12-03;0;4
1;2025-12-03;1;0
1;2025-12-03;2;0
1;2025-12-03;3;0
1;2025-12-03;4;9
1;2025-12-03;5;115
1;2025-12-03;6;518
1;2025-12-03;7;1529
1;2025-12-03;8;2019
1;2025-12-03;9;1516
1;2025-12-03;10;1382
1;2025-12-03;11;1392
1;2025-12-03;12;1417
1;2025-12-03;13;1467
1;2025-12-03;14;1408
1;2025-12-03;15;1500
1;2025-12-03;16;1538
1;2025-12-03;17;1819
1;2025-12-03;18;1843
1;2025-12-03;19;1357
1;2025-12-03;20;902
1;2025-12-03;21;490
1;2025-12-03;22;178
1;2025-12-03;23;34
1;2025-12-04;0;4
1;2025-12-04;1;0
1;2025-12-04;2;0
1;2025-12-04;3;0
1;2025-12-04;4;9
1;2025-12-04;5;115
1;2025-12-04;6;518
1;2025-12-04;7;1529
1;2025-12-04;8;2019
1;2025-12-04;9;1516
1;2025-12-04;10;1382
1;2025-12-04;11;1392
1;2025-12-04;12;1417
1;2025-12-04;13;1467
1;2025-12-04;14;1408
1;2025-12-04;15;1500
1;2025-12-04;16;1538
1;2025-12-04;17;1819
1;2025-12-04;18;1843
1;2025-12-04;19;1357
1;2025-12-04;20;902
1;2025-12-04;21;490
1;2025-12-04;22;178
1;2025-12-04;23;34
1;2025-12-05;0;2
1;2025-12-05;1;0
1;2025-12-05;2;0
1;2025-12-05;3;0
1;2025-12-05;4;7
1;2025-12-05;5;139
1;2025-12-05;6;515
1;2025-12-05;7;1527
1;2025-12-05;8;1841
1;2025-12-05;9;1423
1;2025-12-05;10;1309
1;2025-12-05;11;1392
1;2025-12-05;12;1371
1;2025-12-05;13;1403
1;2025-12-05;14;1398
1;2025-12-05;15;1561
1;2025-12-05;16;1614
1;2025-12-05;17;1838
1;2025-12-05;18;1499
1;2025-12-05;19;1297
1;2025-12-05;20;809
1;2025-12-05;21;499
1;2025-12-05;22;187
1;2025-12-05;23;40
1;2025-12-06;0;4
1;2025-12-06;1;0
1;2025-12-06;2;0
1;2025-12-06;3;0
1;2025-12-06;4;0
1;2025-12-06;5;34
1;2025-12-06;6;168
1;2025-12-06;7;392
1;2025-12-06;8;560
1;2025-12-06;9;827
1;2025-12-06;10;1017
1;2025-12-06;11;1000
1;2025-12-06;12;1196
1;2025-12-06;13;1248
1;2025-12-06;14;1173
1;2025-12-06;15;1015
1;2025-12-06;16;867
1;2025-12-06;17;819
1;2025-12-06;18;723
1;2025-12-06;19;584
1;2025-12-06;20;471
1;2025-12-06;21;330
1;2025-12-06;22;124
1;2025-12-06;23;28
1;2025-12-07;0;0
1;2025-12-07;1;0
1;2025-12-07;2;0
1;2025-12-07;3;0
1;2025-12-07;4;0
1;2025-12-07;5;22
1;2025-12-07;6;114
1;2025-12-07;7;266
1;2025-12-07;8;355
1;2025-12-07;9;603
1;2025-12-07;10;691
1;2025-12-07;11;708
1;2025-12-07;12;831
1;2025-12-07;13;848
1;2025-12-07;14;787
1;2025-12-07;15;711
1;2025-12-07;16;662
1;2025-12-07;17;596
1;2025-12-07;18;494
1;2025-12-07;19;445
1;2025-12-07;20;329
1;2025-12-07;21;269
1;2025-12-07;22;100
1;2025-12-07;23;26
1;2025-12-08;0;0
1;2025-12-08;1;0
1;2025-12-08;2;0
1;2025-12-08;3;0
1;2025-12-08;4;10
1;2025-12-08;5;138
1;2025-12-08;6;498
1;2025-12-08;7;1501
1;2025-12-08;8;2013
1;2025-12-08;9;1506
1;2025-12-08;10;1286
1;2025-12-08;11;1248
1;2025-12-08;12;1376
1;2025-12-08;13;1475
1;2025-12-08;14;1520
1;2025-12-08;15;1608
1;2025-12-08;16;1674
1;2025-12-08;17;1915
1;2025-12-08;18;2029
1;2025-12-08;19;1471
1;2025-12-08;20;936
1;2025-12-08;21;462
1;2025-12-08;22;148
1;2025-12-08;23;44
1;2025-12-09;0;4
1;2025-12-09;1;0
1;2025-12-09;2;0
1;2025-12-09;3;0
1;2025-12-09;4;9
1;2025-12-09;5;115
1;2025-12-09;6;518
1;2025-12-09;7;1529
1;2025-12-09;8;2019
1;2025-12-09;9;1516
1;2025-12-09;10;1382
1;2025-12-09;11;1392
1;2025-12-09;12;1417
1;2025-12-09;13;1467
1;2025-12-09;14;1408
1;2025-12-09;15;1500
1;2025-12-09;16;1538
1;2025-12-09;17;1819
1;2025-12-09;18;1843
1;2025-12-09;19;1357
1;2025-12-09;20;902
1;2025-12-09;21;490
1;2025-12-09;22;178
1;2025-12-09;23;34
1;2025-12-10;0;4
1;2025-12-10;1;0
1;2025-12-10;2;0
1;2025-12-10;3;0
1;2025-12-10;4;9
1;2025-12-10;5;115
1;2025-12-10;6;518
1;2025-12-10;7;1529
1;2025-12-10;8;2019
1;2025-12-10;9;1516
1;2025-12-10;10;1382
1;2025-12-10;11;1392
1;2025-12-10;12;1417
1;2025-12-10;13;1467
1;2025-12-10;14;1408
1;2025-12-10;15;1500
1;2025-12-10;16;1538
1;2025-12-10;17;1819
1;2025-12-10;18;1843
1;2025-12-10;19;1357
1;2025-12-10;20;902
1;2025-12-10;21;490
1;2025-12-10;22;178
1;2025-12-10;23;34
1;2025-12-11;0;4
1;2025-12-11;1;0
1;2025-12-11;2;0
1;2025-12-11;3;0
1;2025-12-11;4;9
1;2025-12-11;5;115
1;2025-12-11;6;518
1;2025-12-11;7;1529
1;2025-12-11;8;2019
1;2025-12-11;9;1516
1;2025-12-11;10;1382
1;2025-12-11;11;1392
1;2025-12-11;12;1417
1;2025-12-11;13;1467
1;2025-12-11;14;1408
1;2025-12-11;15;1500
1;2025-12-11;16;1538
1;2025-12-11;17;1819
1;2025-12-11;18;1843
1;2025-12-11;19;1357
1;2025-12-11;20;902
1;2025-12-11;21;490
1;2025-12-11;22;178
1;2025-12-11;23;34
1;2025-12-12;0;2
1;2025-12-12;1;0
1;2025-12-12;2;0
1;2025-12-12;3;0
1;2025-12-12;4;7
1;2025-12-12;5;139
1;2025-12-12;6;515
1;2025-12-12;7;1527
1;2025-12-12;8;1841
1;2025-12-12;9;1423
1;2025-12-12;10;1309
1;2025-12-12;11;1392
1;2025-12-12;12;1371
1;2025-12-12;13;1403
1;2025-12-12;14;1398
1;2025-12-12;15;1561
1;2025-12-12;16;1614
1;2025-12-12;17;1838
1;2025-12-12;18;1499
1;2025-12-12;19;1297
1;2025-12-12;20;809
1;2025-12-12;21;499
1;2025-12-12;22;187
1;2025-12-12;23;40
1;2025-12-13;0;4
1;2025-12-13;1;0
1;2025-12-13;2;0
1;2025-12-13;3;0
1;2025-12-13;4;0
1;2025-12-13;5;34
1;2025-12-13;6;168
1;2025-12-13;7;392
1;2025-12-13;8;560
1;2025-12-13;9;827
1;2025-12-13;10;1017
1;2025-12-13;11;1000
1;2025-12-13;12;1196
1;2025-12-13;13;1248
1;2025-12-13;14;1173
1;2025-12-13;15;1015
1;2025-12-13;16;867
1;2025-12-13;17;819
1;2025-12-13;18;723
1;2025-12-13;19;584
1;2025-12-13;20;471
1;2025-12-13;21;330
1;2025-12-13;22;124
1;2025-12-13;23;28
1;2025-12-14;0;0
1;2025-12-14;1;0
1;2025-12-14;2;0
1;2025-12-14;3;0
1;2025-12-14;4;0
1;2025-12-14;5;22
1;2025-12-14;6;114
1;2025-12-14;7;266
1;2025-12-14;8;355
1;2025-12-14;9;603
1;2025-12-14;10;691
1;2025-12-14;11;708
1;2025-12-14;12;831
1;2025-12-14;13;848
1;2025-12-14;14;787
1;2025-12-14;15;711
1;2025-12-14;16;662
1;2025-12-14;17;596
1;2025-12-14;18;494
1;2025-12-14;19;445
1;2025-12-14;20;329
1;2025-12-14;21;269
1;2025-12-14;22;100
1;2025-12-14;23;26
1;2025-12-15;0;0
1;2025-12-15;1;0
1;2025-12-15;2;0
1;2025-12-15;3;0
1;2025-12-15;4;10
1;2025-12-15;5;138
1;2025-12-15;6;498
1;2025-12-15;7;1501
1;2025-12-15;8;2013
1;2025-12-15;9;1506
1;2025-12-15;10;1286
1;2025-12-15;11;1248
1;2025-12-15;12;1376
1;2025-12-15;13;1475
1;2025-12-15;14;1520
1;2025-12-15;15;1608
1;2025-12-15;16;1674
1;2025-12-15;17;1915
1;2025-12-15;18;2029
1;2025-12-15;19;1471
1;2025-12-15;20;936
1;2025-12-15;21;462
1;2025-12-15;22;148
1;2025-12-15;23;44
1;2025-12-16;0;4
1;2025-12-16;1;0
1;2025-12-16;2;0
1;2025-12-16;3;0
1;2025-12-16;4;9
1;2025-12-16;5;115
1;2025-12-16;6;518
1;2025-12-16;7;1529
1;2025-12-16;8;2019
1;2025-12-16;9;1516
1;2025-12-16;10;1382
1;2025-12-16;11;1392
1;2025-12-16;12;1417
1;2025-12-16;13;1467
1;2025-12-16;14;1408
1;2025-12-16;15;1500
1;2025-12-16;16;1538
1;2025-12-16;17;1819
1;2025-12-16;18;1843
1;2025-12-16;19;1357
1;2025-12-16;20;902
1;2025-12-16;21;490
1;2025-12-16;22;178
1;2025-12-16;23;34
1;2025-12-17;0;4
1;2025-12-17;1;0
1;2025-12-17;2;0
1;2025-12-17;3;0
1;2025-12-17;4;9
1;2025-12-17;5;115
1;2025-12-17;6;518
1;2025-12-17;7;1529
1;2025-12-17;8;2019
1;2025-12-17;9;1516
1;2025-12-17;10;1382
1;2025-12-17;11;1392
1;2025-12-17;12;1417
1;2025-12-17;13;1467
1;2025-12-17;14;1408
1;2025-12-17;15;1500
1;2025-12-17;16;1538
1;2025-12-17;17;1819
1;2025-12-17;18;1843
1;2025-12-17;19;1357
1;2025-12-17;20;902
1;2025-12-17;21;490
1;2025-12-17;22;178
1;2025-12-17;23;34
1;2025-12-18;0;4
1;2025-12-18;1;0
1;2025-12-18;2;0
1;2025-12-18;3;0
1;2025-12-18;4;9
1;2025-12-18;5;115
1;2025-12-18;6;518
1;2025-12-18;7;1529
1;2025-12-18;8;2019
1;2025-12-18;9;1516
1;2025-12-18;10;1382
1;2025-12-18;11;1392
1;2025-12-18;12;1417
1;2025-12-18;13;1467
1;2025-12-18;14;1408
1;2025-12-18;15;1500
1;2025-12-18;16;1538
1;2025-12-18;17;1819
1;2025-12-18;18;1843
1;2025-12-18;19;1357
1;2025-12-18;20;902
1;2025-12-18;21;490
1;2025-12-18;22;178
1;2025-12-18;23;34
1;2025-12-19;0;2
1;2025-12-19;1;0
1;2025-12-19;2;0
1;2025-12-19;3;0
1;2025-12-19;4;7
1;2025-12-19;5;139
1;2025-12-19;6;515
1;2025-12-19;7;1527
1;2025-12-19;8;1841
1;2025-12-19;9;1423
1;2025-12-19;10;1309
1;2025-12-19;11;1392
1;2025-12-19;12;1371
1;2025-12-19;13;1403
1;2025-12-19;14;1398
1;2025-12-19;15;1561
1;2025-12-19;16;1614
1;2025-12-19;17;1838
1;2025-12-19;18;1499
1;2025-12-19;19;1297
1;2025-12-19;20;809
1;2025-12-19;21;499
1;2025-12-19;22;187
1;2025-12-19;23;40
1;2025-12-20;0;4
1;2025-12-20;1;0
1;2025-12-20;2;0
1;2025-12-20;3;0
1;2025-12-20;4;0
1;2025-12-20;5;34
1;2025-12-20;6;168
1;2025-12-20;7;392
1;2025-12-20;8;560
1;2025-12-20;9;827
1;2025-12-20;10;1017
1;2025-12-20;11;1000
1;2025-12-20;12;1196
1;2025-12-20;13;1248
1;2025-12-20;14;1173
1;2025-12-20;15;1015
1;2025-12-20;16;867
1;2025-12-20;17;819
1;2025-12-20;18;723
1;2025-12-20;19;584
1;2025-12-20;20;471
1;2025-12-20;21;330
1;2025-12-20;22;124
1;2025-12-20;23;28
1;2025-12-21;0;0
1;2025-12-21;1;0
1;2025-12-21;2;0
1;2025-12-21;3;0
1;2025-12-21;4;0
1;2025-12-21;5;22
1;2025-12-21;6;114
1;2025-12-21;7;266
1;2025-12-21;8;355
1;2025-12-21;9;603
1;2025-12-21;10;691
1;2025-12-21;11;708
1;2025-12-21;12;831
1;2025-12-21;13;848
1;2025-12-21;14;787
1;2025-12-21;15;711
1;2025-12-21;16;662
1;2025-12-21;17;596
1;2025-12-21;18;494
1;2025-12-21;19;445
1;2025-12-21;20;329
1;2025-12-21;21;269
1;2025-12-21;22;100
1;2025-12-21;23;26
1;2025-12-22;0;0
1;2025-12-22;1;0
1;2025-12-22;2;0
1;2025-12-22;3;0
1;2025-12-22;4;10
1;2025-12-22;5;138
1;2025-12-22;6;498
1;2025-12-22;7;1501
1;2025-12-22;8;2013
1;2025-12-22;9;1506
1;2025-12-22;10;1286
1;2025-12-22;11;1248
1;2025-12-22;12;1376
1;2025-12-22;13;1475
1;2025-12-22;14;1520
1;2025-12-22;15;1608
1;2025-12-22;16;1674
1;2025-12-22;17;1915
1;2025-12-22;18;2029
1;2025-12-22;19;1471
1;2025-12-22;20;936
1;2025-12-22;21;462
1;2025-12-22;22;148
1;2025-12-22;23;44
1;2025-12-23;0;4
1;2025-12-23;1;0
1;2025-12-23;2;0
1;2025-12-23;3;0
1;2025-12-23;4;9
1;2025-12-23;5;115
1;2025-12-23;6;518
1;2025-12-23;7;1529
1;2025-12-23;8;2019
1;2025-12-23;9;1516
1;2025-12-23;10;1382
1;2025-12-23;11;1392
1;2025-12-23;12;1417
1;2025-12-23;13;1467
1;2025-12-23;14;1408
1;2025-12-23;15;1500
1;2025-12-23;16;1538
1;2025-12-23;17;1819
1;2025-12-23;18;1843
1;2025-12-23;19;1357
1;2025-12-23;20;902
1;2025-12-23;21;490
1;2025-12-23;22;178
1;2025-12-23;23;34
1;2025-12-24;0;4
1;2025-12-24;1;0
1;2025-12-24;2;0
1;2025-12-24;3;0
1;2025-12-24;4;9
1;2025-12-24;5;115
1;2025-12-24;6;518
1;2025-12-24;7;1529
1;2025-12-24;8;2019
1;2025-12-24;9;1516
1;2025-12-24;10;1382
1;2025-12-24;11;1392
1;2025-12-24;12;1417
1;2025-12-24;13;1467
1;2025-12-24;14;1408
1;2025-12-24;15;1500
1;2025-12-24;16;1538
1;2025-12-24;17;1819
1;2025-12-24;18;1843
1;2025-12-24;19;1357
1;2025-12-24;20;902
1;2025-12-24;21;490
1;2025-12-24;22;178
1;2025-12-24;23;34
1;2025-12-25;0;4
1;2025-12-25;1;0
1;2025-12-25;2;0
1;2025-12-25;3;0
1;2025-12-25;4;9
1;2025-12-25;5;115
1;2025-12-25;6;518
1;2025-12-25;7;1529
1;2025-12-25;8;2019
1;2025-12-25;9;1516
1;2025-12-25;10;1382
1;2025-12-25;11;1392
1;2025-12-25;12;1417
1;2025-12-25;13;1467
1;2025-12-25;14;1408
1;2025-12-25;15;1500
1;2025-12-25;16;1538
1;2025-12-25;17;1819
1;2025-12-25;18;1843
1;2025-12-25;19;1357
1;2025-12-25;20;902
1;2025-12-25;21;490
1;2025-12-25;22;178
1;2025-12-25;23;34
1;2025-12-26;0;2
1;2025-12-26;1;0
1;2025-12-26;2;0
1;2025-12-26;3;0
1;2025-12-26;4;7
1;2025-12-26;5;139
1;2025-12-26;6;515
1;2025-12-26;7;1527
1;2025-12-26;8;1841
1;2025-12-26;9;1423
1;2025-12-26;10;1309
1;2025-12-26;11;1392
1;2025-12-26;12;1371
1;2025-12-26;13;1403
1;2025-12-26;14;1398
1;2025-12-26;15;1561
1;2025-12-26;16;1614
1;2025-12-26;17;1838
1;2025-12-26;18;1499
1;2025-12-26;19;1297
1;2025-12-26;20;809
1;2025-12-26;21;499
1;2025-12-26;22;187
1;2025-12-26;23;40
1;2025-12-27;0;4
1;2025-12-27;1;0
1;2025-12-27;2;0
1;2025-12-27;3;0
1;2025-12-27;4;0
1;2025-12-27;5;34
1;2025-12-27;6;168
1;2025-12-27;7;392
1;2025-12-27;8;560
1;2025-12-27;9;827
1;2025-12-27;10;1017
1;2025-12-27;11;1000
1;2025-12-27;12;1196
1;2025-12-27;13;1248
1;2025-12-27;14;1173
1;2025-12-27;15;1015
1;2025-12-27;16;867
1;2025-12-27;17;819
1;2025-12-27;18;723
1;2025-12-27;19;584
1;2025-12-27;20;471
1;2025-12-27;21;330
1;2025-12-27;22;124
1;2025-12-27;23;28
1;2025-12-28;0;0
1;2025-12-28;1;0
1;2025-12-28;2;0
1;2025-12-28;3;0
1;2025-12-28;4;0
1;2025-12-28;5;22
1;2025-12-28;6;114
1;2025-12-28;7;266
1;2025-12-28;8;355
1;2025-12-28;9;603
1;2025-12-28;10;691
1;2025-12-28;11;708
1;2025-12-28;12;831
1;2025-12-28;13;848
1;2025-12-28;14;787
1;2025-12-28;15;711
1;2025-12-28;16;662
1;2025-12-28;17;596
1;2025-12-28;18;494
1;2025-12-28;19;445
1;2025-12-28;20;329
1;2025-12-28;21;269
1;2025-12-28;22;100
1;2025-12-28;23;26
1;2025-12-29;0;0
1;2025-12-29;1;0
1;2025-12-29;2;0
1;2025-12-29;3;0
1;2025-12-29;4;8
1;2025-12-29;5;117
1;2025-12-29;6;423
1;2025-12-29;7;1276
1;2025-12-29;8;1711
1;2025-12-29;9;1280
1;2025-12-29;10;1093
1;2025-12-29;11;1061
1;2025-12-29;12;1170
1;2025-12-29;13;1254
1;2025-12-29;14;1292
1;2025-12-29;15;1367
1;2025-12-29;16;1423
1;2025-12-29;17;1627
1;2025-12-29;18;1725
1;2025-12-29;19;1250
1;2025-12-29;20;796
1;2025-12-29;21;393
1;2025-12-29;22;126
1;2025-12-29;23;38
1;2025-12-30;0;4
1;2025-12-30;1;0
1;2025-12-30;2;0
1;2025-12-30;3;0
1;2025-12-30;4;8
1;2025-12-30;5;98
1;2025-12-30;6;440
1;2025-12-30;7;1300
1;2025-12-30;8;1716
1;2025-12-30;9;1289
1;2025-12-30;10;1174
1;2025-12-30;11;1183
1;2025-12-30;12;1205
1;2025-12-30;13;1247
1;2025-12-30;14;1197
1;2025-12-30;15;1275
1;2025-12-30;16;1307
1;2025-12-30;17;1547
1;2025-12-30;18;1567
1;2025-12-30;19;1153
1;2025-12-30;20;767
1;2025-12-30;21;416
1;2025-12-30;22;152
1;2025-12-30;23;29
1;2025-12-31;0;0
1;2025-12-31;1;0
1;2025-12-31;2;0
1;2025-12-31;3;0
1;2025-12-31;4;0
1;2025-12-31;5;18
1;2025-12-31;6;97
1;2025-12-31;7;226
1;2025-12-31;8;302
1;2025-12-31;9;512
1;2025-12-31;10;587
1;2025-12-31;11;602
1;2025-12-31;12;706
1;2025-12-31;13;721
1;2025-12-31;14;669
1;2025-12-31;15;604
1;2025-12-31;16;563
1;2025-12-31;17;507
1;2025-12-31;18;420
1;2025-12-31;19;378
1;2025-12-31;20;279
1;2025-12-31;21;229
1;2025-12-31;22;85
1;2025-12-31;23;22
5;2025-11-01;0;0
5;2025-11-01;1;0
5;2025-11-01;2;0
5;2025-11-01;3;0
5;2025-11-01;4;0
5;2025-11-01;5;0
5;2025-11-01;6;0
5;2025-11-01;7;0
5;2025-11-01;8;0
5;2025-11-01;9;0
5;2025-11-01;10;0
5;2025-11-01;11;0
5;2025-11-01;12;0
5;2025-11-01;13;0
5;2025-11-01;14;0
5;2025-11-01;15;0
5;2025-11-01;16;0
5;2025-11-01;17;0
5;2025-11-01;18;0
5;2025-11-01;19;0
5;2025-11-01;20;0
5;2025-11-01;21;0
5;2025-11-01;22;0
5;2025-11-01;23;0
5;2025-11-02;0;0
5;2025-11-02;1;0
5;2025-11-02;2;0
5;2025-11-02;3;0
5;2025-11-02;4;0
5;2025-11-02;5;0
5;2025-11-02;6;0
5;2025-11-02;7;0
5;2025-11-02;8;0
5;2025-11-02;9;0
5;2025-11-02;10;0
5;2025-11-02;11;0
5;2025-11-02;12;0
5;2025-11-02;13;0
5;2025-11-02;14;0
5;2025-11-02;15;0
5;2025-11-02;16;0
5;2025-11-02;17;0
5;2025-11-02;18;0
5;2025-11-02;19;0
5;2025-11-02;20;0
5;2025-11-02;21;0
5;2025-11-02;22;0
5;2025-11-02;23;0
5;2025-11-03;0;0
5;2025-11-03;1;0
5;2025-11-03;2;0
5;2025-11-03;3;0
5;2025-11-03;4;0
5;2025-11-03;5;0
5;2025-11-03;6;0
5;2025-11-03;7;0
5;2025-11-03;8;0
5;2025-11-03;9;0
5;2025-11-03;10;0
5;2025-11-03;11;0
5;2025-11-03;12;0
5;2025-11-03;13;0
5;2025-11-03;14;0
5;2025-11-03;15;0
5;2025-11-03;16;0
5;2025-11-03;17;0
5;2025-11-03;18;0
5;2025-11-03;19;0
5;2025-11-03;20;0
5;2025-11-03;21;0
5;2025-11-03;22;0
5;2025-11-03;23;0
5;2025-11-04;0;0
5;2025-11-04;1;0
5;2025-11-04;2;0
5;2025-11-04;3;0
5;2025-11-04;4;0
5;2025-11-04;5;0
5;2025-11-04;6;0
5;2025-11-04;7;0
5;2025-11-04;8;0
5;2025-11-04;9;0
5;2025-11-04;10;0
5;2025-11-04;11;0
5;2025-11-04;12;0
5;2025-11-04;13;0
5;2025-11-04;14;0
5;2025-11-04;15;0
5;2025-11-04;16;0
5;2025-11-04;17;0
5;2025-11-04;18;0
5;2025-11-04;19;0
5;2025-11-04;20;0
5;2025-11-04;21;0
5;2025-11-04;22;0
5;2025-11-04;23;0
5;2025-11-05;0;0
5;2025-11-05;1;0
5;2025-11-05;2;0
5;2025-11-05;3;0
5;2025-11-05;4;0
5;2025-11-05;5;0
5;2025-11-05;6;0
5;2025-11-05;7;0
5;2025-11-05;8;0
5;2025-11-05;9;0
5;2025-11-05;10;0
5;2025-11-05;11;0
5;2025-11-05;12;0
5;2025-11-05;13;0
5;2025-11-05;14;0
5;2025-11-05;15;0
5;2025-11-05;16;0
5;2025-11-05;17;0
5;2025-11-05;18;0
5;2025-11-05;19;0
5;2025-11-05;20;0
5;2025-11-05;21;0
5;2025-11-05;22;0
5;2025-11-05;23;0
5;2025-11-06;0;0
5;2025-11-06;1;0
5;2025-11-06;2;0
5;2025-11-06;3;0
5;2025-11-06;4;0
5;2025-11-06;5;0
5;2025-11-06;6;0
5;2025-11-06;7;0
5;2025-11-06;8;0
5;2025-11-06;9;0
5;2025-11-06;10;0
5;2025-11-06;11;0
5;2025-11-06;12;0
5;2025-11-06;13;0
5;2025-11-06;14;0
5;2025-11-06;15;0
5;2025-11-06;16;0
5;2025-11-06;17;0
5;2025-11-06;18;0
5;2025-11-06;19;0
5;2025-11-06;20;0
5;2025-11-06;21;0
5;2025-11-06;22;0
5;2025-11-06;23;0
5;2025-11-07;0;0
5;2025-11-07;1;0
5;2025-11-07;2;0
5;2025-11-07;3;0
5;2025-11-07;4;0
5;2025-11-07;5;0
5;2025-11-07;6;0
5;2025-11-07;7;0
5;2025-11-07;8;0
5;2025-11-07;9;0
5;2025-11-07;10;0
5;2025-11-07;11;0
5;2025-11-07;12;0
5;2025-11-07;13;0
5;2025-11-07;14;0
5;2025-11-07;15;0
5;2025-11-07;16;0
5;2025-11-07;17;0
5;2025-11-07;18;0
5;2025-11-07;19;0
5;2025-11-07;20;0
5;2025-11-07;21;0
5;2025-11-07;22;0
5;2025-11-07;23;0
5;2025-11-08;0;0
5;2025-11-08;1;0
5;2025-11-08;2;0
5;2025-11-08;3;0
5;2025-11-08;4;0
5;2025-11-08;5;0
5;2025-11-08;6;0
5;2025-11-08;7;0
5;2025-11-08;8;0
5;2025-11-08;9;0
5;2025-11-08;10;0
5;2025-11-08;11;0
5;2025-11-08;12;0
5;2025-11-08;13;0
5;2025-11-08;14;0
5;2025-11-08;15;0
5;2025-11-08;16;0
5;2025-11-08;17;0
5;2025-11-08;18;0
5;2025-11-08;19;0
5;2025-11-08;20;0
5;2025-11-08;21;0
5;2025-11-08;22;0
5;2025-11-08;23;0
5;2025-11-09;0;0
5;2025-11-09;1;0
5;2025-11-09;2;0
5;2025-11-09;3;0
5;2025-11-09;4;0
5;2025-11-09;5;0
5;2025-11-09;6;0
5;2025-11-09;7;0
5;2025-11-09;8;0
5;2025-11-09;9;0
5;2025-11-09;10;0
5;2025-11-09;11;0
5;2025-11-09;12;0
5;2025-11-09;13;0
5;2025-11-09;14;0
5;2025-11-09;15;0
5;2025-11-09;16;0
5;2025-11-09;17;0
5;2025-11-09;18;0
5;2025-11-09;19;0
5;2025-11-09;20;0
5;2025-11-09;21;0
5;2025-11-09;22;0
5;2025-11-09;23;0
5;2025-11-10;0;0
5;2025-11-10;1;0
5;2025-11-10;2;0
5;2025-11-10;3;0
5;2025-11-10;4;0
5;2025-11-10;5;0
5;2025-11-10;6;0
5;2025-11-10;7;0
5;2025-11-10;8;0
5;2025-11-10;9;0
5;2025-11-10;10;0
5;2025-11-10;11;0
5;2025-11-10;12;0
5;2025-11-10;13;0
5;2025-11-10;14;0
5;2025-11-10;15;0
5;2025-11-10;16;0
5;2025-11-10;17;0
5;2025-11-10;18;0
5;2025-11-10;19;0
5;2025-11-10;20;0
5;2025-11-10;21;0
5;2025-11-10;22;0
5;2025-11-10;23;0
5;2025-11-11;0;0
5;2025-11-11;1;0
5;2025-11-11;2;0
5;2025-11-11;3;0
5;2025-11-11;4;0
5;2025-11-11;5;0
5;2025-11-11;6;0
5;2025-11-11;7;0
5;2025-11-11;8;0
5;2025-11-11;9;0
5;2025-11-11;10;0
5;2025-11-11;11;0
5;2025-11-11;12;0
5;2025-11-11;13;0
5;2025-11-11;14;0
5;2025-11-11;15;0
5;2025-11-11;16;0
5;2025-11-11;17;0
5;2025-11-11;18;0
5;2025-11-11;19;0
5;2025-11-11;20;0
5;2025-11-11;21;0
5;2025-11-11;22;0
5;2025-11-11;23;0
5;2025-11-12;0;0
5;2025-11-12;1;0
5;2025-11-12;2;0
5;2025-11-12;3;0
5;2025-11-12;4;0
5;2025-11-12;5;0
5;2025-11-12;6;0
5;2025-11-12;7;0
5;2025-11-12;8;0
5;2025-11-12;9;0
5;2025-11-12;10;0
5;2025-11-12;11;0
5;2025-11-12;12;0
5;2025-11-12;13;0
5;2025-11-12;14;0
5;2025-11-12;15;0
5;2025-11-12;16;0
5;2025-11-12;17;0
5;2025-11-12;18;0
5;2025-11-12;19;0
5;2025-11-12;20;0
5;2025-11-12;21;0
5;2025-11-12;22;0
5;2025-11-12;23;0
5;2025-11-13;0;0
5;2025-11-13;1;0
5;2025-11-13;2;0
5;2025-11-13;3;0
5;2025-11-13;4;0
5;2025-11-13;5;0
5;2025-11-13;6;0
5;2025-11-13;7;0
5;2025-11-13;8;0
5;2025-11-13;9;0
5;2025-11-13;10;0
5;2025-11-13;11;0
5;2025-11-13;12;0
5;2025-11-13;13;0
5;2025-11-13;14;0
5;2025-11-13;15;0
5;2025-11-13;16;0
5;2025-11-13;17;0
5;2025-11-13;18;0
5;2025-11-13;19;0
5;2025-11-13;20;0
5;2025-11-13;21;0
5;2025-11-13;22;0
5;2025-11-13;23;0
5;2025-11-14;0;0
5;2025-11-14;1;0
5;2025-11-14;2;0
5;2025-11-14;3;0
5;2025-11-14;4;0
5;2025-11-14;5;0
5;2025-11-14;6;0
5;2025-11-14;7;0
5;2025-11-14;8;0
5;2025-11-14;9;0
5;2025-11-14;10;0
5;2025-11-14;11;0
5;2025-11-14;12;0
5;2025-11-14;13;0
5;2025-11-14;14;0
5;2025-11-14;15;0
5;2025-11-14;16;0
5;2025-11-14;17;0
5;2025-11-14;18;0
5;2025-11-14;19;0
5;2025-11-14;20;0
5;2025-11-14;21;0
5;2025-11-14;22;0
5;2025-11-14;23;0
5;2025-11-15;0;0
5;2025-11-15;1;0
5;2025-11-15;2;0
5;2025-11-15;3;0
5;2025-11-15;4;0
5;2025-11-15;5;0
5;2025-11-15;6;0
5;2025-11-15;7;0
5;2025-11-15;8;0
5;2025-11-15;9;0
5;2025-11-15;10;0
5;2025-11-15;11;0
5;2025-11-15;12;0
5;2025-11-15;13;0
5;2025-11-15;14;0
5;2025-11-15;15;0
5;2025-11-15;16;0
5;2025-11-15;17;0
5;2025-11-15;18;0
5;2025-11-15;19;0
5;2025-11-15;20;0
5;2025-11-15;21;0
5;2025-11-15;22;0
5;2025-11-15;23;0
5;2025-11-16;0;0
5;2025-11-16;1;0
5;2025-11-16;2;0
5;2025-11-16;3;0
5;2025-11-16;4;0
5;2025-11-16;5;0
5;2025-11-16;6;0
5;2025-11-16;7;0
5;2025-11-16;8;0
5;2025-11-16;9;0
5;2025-11-16;10;0
5;2025-11-16;11;0
5;2025-11-16;12;0
5;2025-11-16;13;0
5;2025-11-16;14;0
5;2025-11-16;15;0
5;2025-11-16;16;0
5;2025-11-16;17;0
5;2025-11-16;18;0
5;2025-11-16;19;0
5;2025-11-16;20;0
5;2025-11-16;21;0
5;2025-11-16;22;0
5;2025-11-16;23;0
5;2025-11-17;0;0
5;2025-11-17;1;0
5;2025-11-17;2;0
5;2025-11-17;3;0
5;2025-11-17;4;0
5;2025-11-17;5;0
5;2025-11-17;6;0
5;2025-11-17;7;0
5;2025-11-17;8;0
5;2025-11-17;9;0
5;2025-11-17;10;0
5;2025-11-17;11;0
5;2025-11-17;12;0
5;2025-11-17;13;0
5;2025-11-17;14;0
5;2025-11-17;15;0
5;2025-11-17;16;0
5;2025-11-17;17;0
5;2025-11-17;18;0
5;2025-11-17;19;0
5;2025-11-17;20;0
5;2025-11-17;21;0
5;2025-11-17;22;0
5;2025-11-17;23;0
5;2025-11-18;0;0
5;2025-11-18;1;0
5;2025-11-18;2;0
5;2025-11-18;3;0
5;2025-11-18;4;0
5;2025-11-18;5;0
5;2025-11-18;6;0
5;2025-11-18;7;0
5;2025-11-18;8;0
5;2025-11-18;9;0
5;2025-11-18;10;0
5;2025-11-18;11;0
5;2025-11-18;12;0
5;2025-11-18;13;0
5;2025-11-18;14;0
5;2025-11-18;15;0
5;2025-11-18;16;0
5;2025-11-18;17;0
5;2025-11-18;18;0
5;2025-11-18;19;0
5;2025-11-18;20;0
5;2025-11-18;21;0
5;2025-11-18;22;0
5;2025-11-18;23;0
5;2025-11-19;0;0
5;2025-11-19;1;0
5;2025-11-19;2;0
5;2025-11-19;3;0
5;2025-11-19;4;0
5;2025-11-19;5;0
5;2025-11-19;6;0
5;2025-11-19;7;0
5;2025-11-19;8;0
5;2025-11-19;9;0
5;2025-11-19;10;0
5;2025-11-19;11;0
5;2025-11-19;12;0
5;2025-11-19;13;0
5;2025-11-19;14;0
5;2025-11-19;15;0
5;2025-11-19;16;0
5;2025-11-19;17;0
5;2025-11-19;18;0
5;2025-11-19;19;0
5;2025-11-19;20;0
5;2025-11-19;21;0
5;2025-11-19;22;0
5;2025-11-19;23;0
5;2025-11-20;0;0
5;2025-11-20;1;0
5;2025-11-20;2;0
5;2025-11-20;3;0
5;2025-11-20;4;0
5;2025-11-20;5;0
5;2025-11-20;6;0
5;2025-11-20;7;0
5;2025-11-20;8;0
5;2025-11-20;9;0
5;2025-11-20;10;0
5;2025-11-20;11;0
5;2025-11-20;12;0
5;2025-11-20;13;0
5;2025-11-20;14;0
5;2025-11-20;15;0
5;2025-11-20;16;0
5;2025-11-20;17;0
5;2025-11-20;18;0
5;2025-11-20;19;0
5;2025-11-20;20;0
5;2025-11-20;21;0
5;2025-11-20;22;0
5;2025-11-20;23;0
5;2025-11-21;0;0
5;2025-11-21;1;0
5;2025-11-21;2;0
5;2025-11-21;3;0
5;2025-11-21;4;0
5;2025-11-21;5;0
5;2025-11-21;6;0
5;2025-11-21;7;0
5;2025-11-21;8;0
5;2025-11-21;9;0
5;2025-11-21;10;0
5;2025-11-21;11;0
5;2025-11-21;12;0
5;2025-11-21;13;0
5;2025-11-21;14;0
5;2025-11-21;15;0
5;2025-11-21;16;0
5;2025-11-21;17;0
5;2025-11-21;18;0
5;2025-11-21;19;0
5;2025-11-21;20;0
5;2025-11-21;21;0
5;2025-11-21;22;0
5;2025-11-21;23;0
5;2025-11-22;0;0
5;2025-11-22;1;0
5;2025-11-22;2;0
5;2025-11-22;3;0
5;2025-11-22;4;0
5;2025-11-22;5;0
5;2025-11-22;6;0
5;2025-11-22;7;0
5;2025-11-22;8;0
5;2025-11-22;9;0
5;2025-11-22;10;0
5;2025-11-22;11;0
5;2025-11-22;12;0
5;2025-11-22;13;0
5;2025-11-22;14;0
5;2025-11-22;15;0
5;2025-11-22;16;0
5;2025-11-22;17;0
5;2025-11-22;18;0
5;2025-11-22;19;0
5;2025-11-22;20;0
5;2025-11-22;21;0
5;2025-11-22;22;0
5;2025-11-22;23;0
5;2025-11-23;0;0
5;2025-11-23;1;0
5;2025-11-23;2;0
5;2025-11-23;3;0
5;2025-11-23;4;0
5;2025-11-23;5;0
5;2025-11-23;6;0
5;2025-11-23;7;0
5;2025-11-23;8;0
5;2025-11-23;9;0
5;2025-11-23;10;0
5;2025-11-23;11;0
5;2025-11-23;12;0
5;2025-11-23;13;0
5;2025-11-23;14;0
5;2025-11-23;15;0
5;2025-11-23;16;0
5;2025-11-23;17;0
5;2025-11-23;18;0
5;2025-11-23;19;0
5;2025-11-23;20;0
5;2025-11-23;21;0
5;2025-11-23;22;0
5;2025-11-23;23;0
5;2025-11-24;0;0
5;2025-11-24;1;0
5;2025-11-24;2;0
5;2025-11-24;3;0
5;2025-11-24;4;0
5;2025-11-24;5;0
5;2025-11-24;6;0
5;2025-11-24;7;0
5;2025-11-24;8;0
5;2025-11-24;9;0
5;2025-11-24;10;0
5;2025-11-24;11;0
5;2025-11-24;12;0
5;2025-11-24;13;0
5;2025-11-24;14;0
5;2025-11-24;15;0
5;2025-11-24;16;0
5;2025-11-24;17;0
5;2025-11-24;18;0
5;2025-11-24;19;0
5;2025-11-24;20;0
5;2025-11-24;21;0
5;2025-11-24;22;0
5;2025-11-24;23;0
5;2025-11-25;0;0
5;2025-11-25;1;0
5;2025-11-25;2;0
5;2025-11-25;3;0
5;2025-11-25;4;0
5;2025-11-25;5;0
5;2025-11-25;6;0
5;2025-11-25;7;0
5;2025-11-25;8;0
5;2025-11-25;9;0
5;2025-11-25;10;0
5;2025-11-25;11;0
5;2025-11-25;12;0
5;2025-11-25;13;0
5;2025-11-25;14;0
5;2025-11-25;15;0
5;2025-11-25;16;0
5;2025-11-25;17;0
5;2025-11-25;18;0
5;2025-11-25;19;0
5;2025-11-25;20;0
5;2025-11-25;21;0
5;2025-11-25;22;0
5;2025-11-25;23;0
5;2025-11-26;0;0
5;2025-11-26;1;0
5;2025-11-26;2;0
5;2025-11-26;3;0
5;2025-11-26;4;0
5;2025-11-26;5;0
5;2025-11-26;6;0
5;2025-11-26;7;0
5;2025-11-26;8;0
5;2025-11-26;9;0
5;2025-11-26;10;0
5;2025-11-26;11;0
5;2025-11-26;12;0
5;2025-11-26;13;0
5;2025-11-26;14;0
5;2025-11-26;15;0
5;2025-11-26;16;0
5;2025-11-26;17;0
5;2025-11-26;18;0
5;2025-11-26;19;0
5;2025-11-26;20;0
5;2025-11-26;21;0
5;2025-11-26;22;0
5;2025-11-26;23;0
5;2025-11-27;0;0
5;2025-11-27;1;0
5;2025-11-27;2;0
5;2025-11-27;3;0
5;2025-11-27;4;0
5;2025-11-27;5;0
5;2025-11-27;6;0
5;2025-11-27;7;0
5;2025-11-27;8;0
5;2025-11-27;9;0
5;2025-11-27;10;0
5;2025-11-27;11;0
5;2025-11-27;12;0
5;2025-11-27;13;0
5;2025-11-27;14;0
5;2025-11-27;15;0
5;2025-11-27;16;0
5;2025-11-27;17;0
5;2025-11-27;18;0
5;2025-11-27;19;0
5;2025-11-27;20;0
5;2025-11-27;21;0
5;2025-11-27;22;0
5;2025-11-27;23;0
5;2025-11-28;0;0
5;2025-11-28;1;0
5;2025-11-28;2;0
5;2025-11-28;3;0
5;2025-11-28;4;0
5;2025-11-28;5;0
5;2025-11-28;6;0
5;2025-11-28;7;0
5;2025-11-28;8;0
5;2025-11-28;9;0
5;2025-11-28;10;0
5;2025-11-28;11;0
5;2025-11-28;12;0
5;2025-11-28;13;0
5;2025-11-28;14;0
5;2025-11-28;15;0
5;2025-11-28;16;0
5;2025-11-28;17;0
5;2025-11-28;18;0
5;2025-11-28;19;0
5;2025-11-28;20;0
5;2025-11-28;21;0
5;2025-11-28;22;0
5;2025-11-28;23;0
5;2025-11-29;0;0
5;2025-11-29;1;0
5;2025-11-29;2;0
5;2025-11-29;3;0
5;2025-11-29;4;0
5;2025-11-29;5;0
5;2025-11-29;6;0
5;2025-11-29;7;0
5;2025-11-29;8;0
5;2025-11-29;9;0
5;2025-11-29;10;0
5;2025-11-29;11;0
5;2025-11-29;12;0
5;2025-11-29;13;0
5;2025-11-29;14;0
5;2025-11-29;15;0
5;2025-11-29;16;0
5;2025-11-29;17;0
5;2025-11-29;18;0
5;2025-11-29;19;0
5;2025-11-29;20;0
5;2025-11-29;21;0
5;2025-11-29;22;0
5;2025-11-29;23;0
5;2025-11-30;0;0
5;2025-11-30;1;0
5;2025-11-30;2;0
5;2025-11-30;3;0
5;2025-11-30;4;0
5;2025-11-30;5;0
5;2025-11-30;6;0
5;2025-11-30;7;0
5;2025-11-30;8;0
5;2025-11-30;9;0
5;2025-11-30;10;0
5;2025-11-30;11;0
5;2025-11-30;12;0
5;2025-11-30;13;0
5;2025-11-30;14;0
5;2025-11-30;15;0
5;2025-11-30;16;0
5;2025-11-30;17;0
5;2025-11-30;18;0
5;2025-11-30;19;0
5;2025-11-30;20;0
5;2025-11-30;21;0
5;2025-11-30;22;0
5;2025-11-30;23;0
5;2025-12-01;0;0
5;2025-12-01;1;0
5;2025-12-01;2;0
5;2025-12-01;3;0
5;2025-12-01;4;0
5;2025-12-01;5;0
5;2025-12-01;6;0
5;2025-12-01;7;0
5;2025-12-01;8;0
5;2025-12-01;9;0
5;2025-12-01;10;0
5;2025-12-01;11;0
5;2025-12-01;12;0
5;2025-12-01;13;0
5;2025-12-01;14;0
5;2025-12-01;15;0
5;2025-12-01;16;0
5;2025-12-01;17;0
5;2025-12-01;18;0
5;2025-12-01;19;0
5;2025-12-01;20;0
5;2025-12-01;21;0
5;2025-12-01;22;0
5;2025-12-01;23;0
5;2025-12-02;0;0
5;2025-12-02;1;0
5;2025-12-02;2;0
5;2025-12-02;3;0
5;2025-12-02;4;0
5;2025-12-02;5;0
5;2025-12-02;6;0
5;2025-12-02;7;0
5;2025-12-02;8;0
5;2025-12-02;9;0
5;2025-12-02;10;0
5;2025-12-02;11;0
5;2025-12-02;12;0
5;2025-12-02;13;0
5;2025-12-02;14;0
5;2025-12-02;15;0
5;2025-12-02;16;0
5;2025-12-02;17;0
5;2025-12-02;18;0
5;2025-12-02;19;0
5;2025-12-02;20;0
5;2025-12-02;21;0
5;2025-12-02;22;0
5;2025-12-02;23;0
5;2025-12-03;0;0
5;2025-12-03;1;0
5;2025-12-03;2;0
5;2025-12-03;3;0
5;2025-12-03;4;0
5;2025-12-03;5;0
5;2025-12-03;6;0
5;2025-12-03;7;0
5;2025-12-03;8;0
5;2025-12-03;9;0
5;2025-12-03;10;0
5;2025-12-03;11;0
5;2025-12-03;12;0
5;2025-12-03;13;0
5;2025-12-03;14;0
5;2025-12-03;15;0
5;2025-12-03;16;0
5;2025-12-03;17;0
5;2025-12-03;18;0
5;2025-12-03;19;0
5;2025-12-03;20;0
5;2025-12-03;21;0
5;2025-12-03;22;0
5;2025-12-03;23;0
5;2025-12-04;0;0
5;2025-12-04;1;0
5;2025-12-04;2;0
5;2025-12-04;3;0
5;2025-12-04;4;0
5;2025-12-04;5;0
5;2025-12-04;6;0
5;2025-12-04;7;0
5;2025-12-04;8;0
5;2025-12-04;9;0
5;2025-12-04;10;0
5;2025-12-04;11;0
5;2025-12-04;12;0
5;2025-12-04;13;0
5;2025-12-04;14;0
5;2025-12-04;15;0
5;2025-12-04;16;0
5;2025-12-04;17;0
5;2025-12-04;18;0
5;2025-12-04;19;0
5;2025-12-04;20;0
5;2025-12-04;21;0
5;2025-12-04;22;0
5;2025-12-04;23;0
5;2025-12-05;0;0
5;2025-12-05;1;0
5;2025-12-05;2;0
5;2025-12-05;3;0
5;2025-12-05;4;0
5;2025-12-05;5;0
5;2025-12-05;6;0
5;2025-12-05;7;0
5;2025-12-05;8;0
5;2025-12-05;9;0
5;2025-12-05;10;0
5;2025-12-05;11;0
5;2025-12-05;12;0
5;2025-12-05;13;0
5;2025-12-05;14;0
5;2025-12-05;15;0
5;2025-12-05;16;0
5;2025-12-05;17;0
5;2025-12-05;18;0
5;2025-12-05;19;0
5;2025-12-05;20;0
5;2025-12-05;21;0
5;2025-12-05;22;0
5;2025-12-05;23;0
5;2025-12-06;0;0
5;2025-12-06;1;0
5;2025-12-06;2;0
5;2025-12-06;3;0
5;2025-12-06;4;0
5;2025-12-06;5;0
5;2025-12-06;6;0
5;2025-12-06;7;0
5;2025-12-06;8;0
5;2025-12-06;9;0
5;2025-12-06;10;0
5;2025-12-06;11;0
5;2025-12-06;12;0
5;2025-12-06;13;0
5;2025-12-06;14;0
5;2025-12-06;15;0
5;2025-12-06;16;0
5;2025-12-06;17;0
5;2025-12-06;18;0
5;2025-12-06;19;0
5;2025-12-06;20;0
5;2025-12-06;21;0
5;2025-12-06;22;0
5;2025-12-06;23;0
5;2025-12-07;0;0
5;2025-12-07;1;0
5;2025-12-07;2;0
5;2025-12-07;3;0
5;2025-12-07;4;0
5;2025-12-07;5;0
5;2025-12-07;6;0
5;2025-12-07;7;0
5;2025-12-07;8;0
5;2025-12-07;9;0
5;2025-12-07;10;0
5;2025-12-07;11;0
5;2025-12-07;12;0
5;2025-12-07;13;0
5;2025-12-07;14;0
5;2025-12-07;15;0
5;2025-12-07;16;0
5;2025-12-07;17;0
5;2025-12-07;18;0
5;2025-12-07;19;0
5;2025-12-07;20;0
5;2025-12-07;21;0
5;2025-12-07;22;0
5;2025-12-07;23;0
5;2025-12-08;0;0
5;2025-12-08;1;0
5;2025-12-08;2;0
5;2025-12-08;3;0
5;2025-12-08;4;0
5;2025-12-08;5;0
5;2025-12-08;6;0
5;2025-12-08;7;0
5;2025-12-08;8;0
5;2025-12-08;9;0
5;2025-12-08;10;0
5;2025-12-08;11;0
5;2025-12-08;12;0
5;2025-12-08;13;0
5;2025-12-08;14;0
5;2025-12-08;15;0
5;2025-12-08;16;0
5;2025-12-08;17;0
5;2025-12-08;18;0
5;2025-12-08;19;0
5;2025-12-08;20;0
5;2025-12-08;21;0
5;2025-12-08;22;0
5;2025-12-08;23;0
5;2025-12-09;0;0
5;2025-12-09;1;0
5;2025-12-09;2;0
5;2025-12-09;3;0
5;2025-12-09;4;0
5;2025-12-09;5;0
5;2025-12-09;6;0
5;2025-12-09;7;0
5;2025-12-09;8;0
5;2025-12-09;9;0
5;2025-12-09;10;0
5;2025-12-09;11;0
5;2025-12-09;12;0
5;2025-12-09;13;0
5;2025-12-09;14;0
5;2025-12-09;15;0
5;2025-12-09;16;0
5;2025-12-09;17;0
5;2025-12-09;18;0
5;2025-12-09;19;0
5;2025-12-09;20;0
5;2025-12-09;21;0
5;2025-12-09;22;0
5;2025-12-09;23;0
5;2025-12-10;0;0
5;2025-12-10;1;0
5;2025-12-10;2;0
5;2025-12-10;3;0
5;2025-12-10;4;0
5;2025-12-10;5;0
5;2025-12-10;6;0
5;2025-12-10;7;0
5;2025-12-10;8;0
5;2025-12-10;9;0
5;2025-12-10;10;0
5;2025-12-10;11;0
5;2025-12-10;12;0
5;2025-12-10;13;0
5;2025-12-10;14;0
5;2025-12-10;15;0
5;2025-12-10;16;0
5;2025-12-10;17;0
5;2025-12-10;18;0
5;2025-12-10;19;0
5;2025-12-10;20;0
5;2025-12-10;21;0
5;2025-12-10;22;0
5;2025-12-10;23;0
5;2025-12-11;0;0
5;2025-12-11;1;0
5;2025-12-11;2;0
5;2025-12-11;3;0
5;2025-12-11;4;0
5;2025-12-11;5;0
5;2025-12-11;6;0
5;2025-12-11;7;0
5;2025-12-11;8;0
5;2025-12-11;9;0
5;2025-12-11;10;0
5;2025-12-11;11;0
5;2025-12-11;12;0
5;2025-12-11;13;0
5;2025-12-11;14;0
5;2025-12-11;15;0
5;2025-12-11;16;0
5;2025-12-11;17;0
5;2025-12-11;18;0
5;2025-12-11;19;0
5;2025-12-11;20;0
5;2025-12-11;21;0
5;2025-12-11;22;0
5;2025-12-11;23;0
5;2025-12-12;0;0
5;2025-12-12;1;0
5;2025-12-12;2;0
5;2025-12-12;3;0
5;2025-12-12;4;0
5;2025-12-12;5;0
5;2025-12-12;6;0
5;2025-12-12;7;0
5;2025-12-12;8;0
5;2025-12-12;9;0
5;2025-12-12;10;0
5;2025-12-12;11;0
5;2025-12-12;12;0
5;2025-12-12;13;0
5;2025-12-12;14;0
5;2025-12-12;15;0
5;2025-12-12;16;0
5;2025-12-12;17;0
5;2025-12-12;18;0
5;2025-12-12;19;0
5;2025-12-12;20;0
5;2025-12-12;21;0
5;2025-12-12;22;0
5;2025-12-12;23;0
5;2025-12-13;0;0
5;2025-12-13;1;0
5;2025-12-13;2;0
5;2025-12-13;3;0
5;2025-12-13;4;0
5;2025-12-13;5;0
5;2025-12-13;6;0
5;2025-12-13;7;0
5;2025-12-13;8;0
5;2025-12-13;9;0
5;2025-12-13;10;0
5;2025-12-13;11;0
5;2025-12-13;12;0
5;2025-12-13;13;0
5;2025-12-13;14;0
5;2025-12-13;15;0
5;2025-12-13;16;0
5;2025-12-13;17;0
5;2025-12-13;18;0
5;2025-12-13;19;0
5;2025-12-13;20;0
5;2025-12-13;21;0
5;2025-12-13;22;0
5;2025-12-13;23;0
5;2025-12-14;0;0
5;2025-12-14;1;0
5;2025-12-14;2;0
5;2025-12-14;3;0
5;2025-12-14;4;0
5;2025-12-14;5;0
5;2025-12-14;6;0
5;2025-12-14;7;0
5;2025-12-14;8;0
5;2025-12-14;9;0
5;2025-12-14;10;0
5;2025-12-14;11;0
5;2025-12-14;12;0
5;2025-12-14;13;0
5;2025-12-14;14;0
5;2025-12-14;15;0
5;2025-12-14;16;0
5;2025-12-14;17;0
5;2025-12-14;18;0
5;2025-12-14;19;0
5;2025-12-14;20;0
5;2025-12-14;21;0
5;2025-12-14;22;0
5;2025-12-14;23;0
5;2025-12-15;0;0
5;2025-12-15;1;0
5;2025-12-15;2;0
5;2025-12-15;3;0
5;2025-12-15;4;0
5;2025-12-15;5;0
5;2025-12-15;6;0
5;2025-12-15;7;0
5;2025-12-15;8;0
5;2025-12-15;9;0
5;2025-12-15;10;0
5;2025-12-15;11;0
5;2025-12-15;12;0
5;2025-12-15;13;0
5;2025-12-15;14;0
5;2025-12-15;15;0
5;2025-12-15;16;0
5;2025-12-15;17;0
5;2025-12-15;18;0
5;2025-12-15;19;0
5;2025-12-15;20;0
5;2025-12-15;21;0
5;2025-12-15;22;0
5;2025-12-15;23;0
5;2025-12-16;0;5
5;2025-12-16;1;0
5;2025-12-16;2;0
5;2025-12-16;3;0
5;2025-12-16;4;1
5;2025-12-16;5;22
5;2025-12-16;6;111
5;2025-12-16;7;271
5;2025-12-16;8;408
5;2025-12-16;9;284
5;2025-12-16;10;234
5;2025-12-16;11;226
5;2025-12-16;12;235
5;2025-12-16;13;238
5;2025-12-16;14;241
5;2025-12-16;15;257
5;2025-12-16;16;286
5;2025-12-16;17;350
5;2025-12-16;18;364
5;2025-12-16;19;257
5;2025-12-16;20;164
5;2025-12-16;21;102
5;2025-12-16;22;43
5;2025-12-16;23;19
5;2025-12-17;0;5
5;2025-12-17;1;0
5;2025-12-17;2;0
5;2025-12-17;3;0
5;2025-12-17;4;1
5;2025-12-17;5;22
5;2025-12-17;6;111
5;2025-12-17;7;271
5;2025-12-17;8;408
5;2025-12-17;9;284
5;2025-12-17;10;234
5;2025-12-17;11;226
5;2025-12-17;12;235
5;2025-12-17;13;238
5;2025-12-17;14;241
5;2025-12-17;15;257
5;2025-12-17;16;286
5;2025-12-17;17;350
5;2025-12-17;18;364
5;2025-12-17;19;257
5;2025-12-17;20;164
5;2025-12-17;21;102
5;2025-12-17;22;43
5;2025-12-17;23;19
5;2025-12-18;0;5
5;2025-12-18;1;0
5;2025-12-18;2;0
5;2025-12-18;3;0
5;2025-12-18;4;1
5;2025-12-18;5;22
5;2025-12-18;6;111
5;2025-12-18;7;271
5;2025-12-18;8;408
5;2025-12-18;9;284
5;2025-12-18;10;234
5;2025-12-18;11;226
5;2025-12-18;12;235
5;2025-12-18;13;238
5;2025-12-18;14;241
5;2025-12-18;15;257
5;2025-12-18;16;286
5;2025-12-18;17;350
5;2025-12-18;18;364
5;2025-12-18;19;257
5;2025-12-18;20;164
5;2025-12-18;21;102
5;2025-12-18;22;43
5;2025-12-18;23;19
5;2025-12-19;0;5
5;2025-12-19;1;0
5;2025-12-19;2;0
5;2025-12-19;3;0
5;2025-12-19;4;1
5;2025-12-19;5;23
5;2025-12-19;6;115
5;2025-12-19;7;277
5;2025-12-19;8;406
5;2025-12-19;9;280
5;2025-12-19;10;232
5;2025-12-19;11;229
5;2025-12-19;12;240
5;2025-12-19;13;248
5;2025-12-19;14;247
5;2025-12-19;15;277
5;2025-12-19;16;332
5;2025-12-19;17;353
5;2025-12-19;18;296
5;2025-12-19;19;231
5;2025-12-19;20;154
5;2025-12-19;21;104
5;2025-12-19;22;46
5;2025-12-19;23;26
5;2025-12-20;0;78
5;2025-12-20;1;7
5;2025-12-20;2;0
5;2025-12-20;3;0
5;2025-12-20;4;0
5;2025-12-20;5;14
5;2025-12-20;6;60
5;2025-12-20;7;85
5;2025-12-20;8;135
5;2025-12-20;9;173
5;2025-12-20;10;183
5;2025-12-20;11;207
5;2025-12-20;12;259
5;2025-12-20;13;254
5;2025-12-20;14;256
5;2025-12-20;15;275
5;2025-12-20;16;246
5;2025-12-20;17;233
5;2025-12-20;18;193
5;2025-12-20;19;157
5;2025-12-20;20;118
5;2025-12-20;21;83
5;2025-12-20;22;49
5;2025-12-20;23;25
5;2025-12-21;0;12
5;2025-12-21;1;2
5;2025-12-21;2;0
5;2025-12-21;3;0
5;2025-12-21;4;0
5;2025-12-21;5;10
5;2025-12-21;6;48
5;2025-12-21;7;72
5;2025-12-21;8;108
5;2025-12-21;9;146
5;2025-12-21;10;171
5;2025-12-21;11;211
5;2025-12-21;12;221
5;2025-12-21;13;246
5;2025-12-21;14;273
5;2025-12-21;15;272
5;2025-12-21;16;253
5;2025-12-21;17;287
5;2025-12-21;18;229
5;2025-12-21;19;185
5;2025-12-21;20;146
5;2025-12-21;21;104
5;2025-12-21;22;68
5;2025-12-21;23;28
5;2025-12-22;0;5
5;2025-12-22;1;1
5;2025-12-22;2;0
5;2025-12-22;3;0
5;2025-12-22;4;1
5;2025-12-22;5;23
5;2025-12-22;6;114
5;2025-12-22;7;274
5;2025-12-22;8;426
5;2025-12-22;9;294
5;2025-12-22;10;229
5;2025-12-22;11;218
5;2025-12-22;12;226
5;2025-12-22;13;241
5;2025-12-22;14;239
5;2025-12-22;15;256
5;2025-12-22;16;293
5;2025-12-22;17;349
5;2025-12-22;18;368
5;2025-12-22;19;251
5;2025-12-22;20;159
5;2025-12-22;21;98
5;2025-12-22;22;40
5;2025-12-22;23;17
5;2025-12-23;0;5
5;2025-12-23;1;0
5;2025-12-23;2;0
5;2025-12-23;3;0
5;2025-12-23;4;1
5;2025-12-23;5;22
5;2025-12-23;6;111
5;2025-12-23;7;271
5;2025-12-23;8;408
5;2025-12-23;9;284
5;2025-12-23;10;234
5;2025-12-23;11;226
5;2025-12-23;12;235
5;2025-12-23;13;238
5;2025-12-23;14;241
5;2025-12-23;15;257
5;2025-12-23;16;286
5;2025-12-23;17;350
5;2025-12-23;18;364
5;2025-12-23;19;257
5;2025-12-23;20;164
5;2025-12-23;21;102
5;2025-12-23;22;43
5;2025-12-23;23;19
5;2025-12-24;0;5
5;2025-12-24;1;0
5;2025-12-24;2;0
5;2025-12-24;3;0
5;2025-12-24;4;1
5;2025-12-24;5;22
5;2025-12-24;6;111
5;2025-12-24;7;271
5;2025-12-24;8;408
5;2025-12-24;9;284
5;2025-12-24;10;234
5;2025-12-24;11;226
5;2025-12-24;12;235
5;2025-12-24;13;238
5;2025-12-24;14;241
5;2025-12-24;15;257
5;2025-12-24;16;286
5;2025-12-24;17;350
5;2025-12-24;18;364
5;2025-12-24;19;257
5;2025-12-24;20;164
5;2025-12-24;21;102
5;2025-12-24;22;43
5;2025-12-24;23;19
5;2025-12-25;0;5
5;2025-12-25;1;0
5;2025-12-25;2;0
5;2025-12-25;3;0
5;2025-12-25;4;1
5;2025-12-25;5;22
5;2025-12-25;6;111
5;2025-12-25;7;271
5;2025-12-25;8;408
5;2025-12-25;9;284
5;2025-12-25;10;234
5;2025-12-25;11;226
5;2025-12-25;12;235
5;2025-12-25;13;238
5;2025-12-25;14;241
5;2025-12-25;15;257
5;2025-12-25;16;286
5;2025-12-25;17;350
5;2025-12-25;18;364
5;2025-12-25;19;257
5;2025-12-25;20;164
5;2025-12-25;21;102
5;2025-12-25;22;43
5;2025-12-25;23;19
5;2025-12-26;0;5
5;2025-12-26;1;0
5;2025-12-26;2;0
5;2025-12-26;3;0
5;2025-12-26;4;1
5;2025-12-26;5;23
5;2025-12-26;6;115
5;2025-12-26;7;277
5;2025-12-26;8;406
5;2025-12-26;9;280
5;2025-12-26;10;232
5;2025-12-26;11;229
5;2025-12-26;12;240
5;2025-12-26;13;248
5;2025-12-26;14;247
5;2025-12-26;15;277
5;2025-12-26;16;332
5;2025-12-26;17;353
5;2025-12-26;18;296
5;2025-12-26;19;231
5;2025-12-26;20;154
5;2025-12-26;21;104
5;2025-12-26;22;46
5;2025-12-26;23;26
5;2025-12-27;0;78
5;2025-12-27;1;7
5;2025-12-27;2;0
5;2025-12-27;3;0
5;2025-12-27;4;0
5;2025-12-27;5;14
5;2025-12-27;6;60
5;2025-12-27;7;85
5;2025-12-27;8;135
5;2025-12-27;9;173
5;2025-12-27;10;183
5;2025-12-27;11;207
5;2025-12-27;12;259
5;2025-12-27;13;254
5;2025-12-27;14;256
5;2025-12-27;15;275
5;2025-12-27;16;246
5;2025-12-27;17;233
5;2025-12-27;18;193
5;2025-12-27;19;157
5;2025-12-27;20;118
5;2025-12-27;21;83
5;2025-12-27;22;49
5;2025-12-27;23;25
5;2025-12-28;0;12
5;2025-12-28;1;2
5;2025-12-28;2;0
5;2025-12-28;3;0
5;2025-12-28;4;0
5;2025-12-28;5;10
5;2025-12-28;6;48
5;2025-12-28;7;72
5;2025-12-28;8;108
5;2025-12-28;9;146
5;2025-12-28;10;171
5;2025-12-28;11;211
5;2025-12-28;12;221
5;2025-12-28;13;246
5;2025-12-28;14;273
5;2025-12-28;15;272
5;2025-12-28;16;253
5;2025-12-28;17;287
5;2025-12-28;18;229
5;2025-12-28;19;185
5;2025-12-28;20;146
5;2025-12-28;21;104
5;2025-12-28;22;68
5;2025-12-28;23;28
5;2025-12-29;0;5
5;2025-12-29;1;1
5;2025-12-29;2;0
5;2025-12-29;3;0
5;2025-12-29;4;1
5;2025-12-29;5;23
5;2025-12-29;6;114
5;2025-12-29;7;274
5;2025-12-29;8;426
5;2025-12-29;9;294
5;2025-12-29;10;229
5;2025-12-29;11;218
5;2025-12-29;12;226
5;2025-12-29;13;241
5;2025-12-29;14;239
5;2025-12-29;15;256
5;2025-12-29;16;293
5;2025-12-29;17;349
5;2025-12-29;18;368
5;2025-12-29;19;251
5;2025-12-29;20;159
5;2025-12-29;21;98
5;2025-12-29;22;40
5;2025-12-29;23;17
5;2025-12-30;0;5
5;2025-12-30;1;0
5;2025-12-30;2;0
5;2025-12-30;3;0
5;2025-12-30;4;1
5;2025-12-30;5;22
5;2025-12-30;6;111
5;2025-12-30;7;271
5;2025-12-30;8;408
5;2025-12-30;9;284
5;2025-12-30;10;234
5;2025-12-30;11;226
5;2025-12-30;12;235
5;2025-12-30;13;238
5;2025-12-30;14;241
5;2025-12-30;15;257
5;2025-12-30;16;286
5;2025-12-30;17;350
5;2025-12-30;18;364
5;2025-12-30;19;257
5;2025-12-30;20;164
5;2025-12-30;21;102
5;2025-12-30;22;43
5;2025-12-30;23;19
5;2025-12-31;0;12
5;2025-12-31;1;2
5;2025-12-31;2;0
5;2025-12-31;3;0
5;2025-12-31;4;0
5;2025-12-31;5;10
5;2025-12-31;6;48
5;2025-12-31;7;72
5;2025-12-31;8;108
5;2025-12-31;9;146
5;2025-12-31;10;171
5;2025-12-31;11;211
5;2025-12-31;12;221
5;2025-12-31;13;246
5;2025-12-31;14;273
5;2025-12-31;15;272
5;2025-12-31;16;253
5;2025-12-31;17;287
5;2025-12-31;18;229
5;2025-12-31;19;185
5;2025-12-31;20;146
5;2025-12-31;21;104
5;2025-12-31;22;68
5;2025-12-31;23;28
7;2025-11-01;0;55
7;2025-11-01;1;11
7;2025-11-01;2;0
7;2025-11-01;3;0
7;2025-11-01;4;1
7;2025-11-01;5;127
7;2025-11-01;6;434
7;2025-11-01;7;1071
7;2025-11-01;8;1688
7;2025-11-01;9;1279
7;2025-11-01;10;1263
7;2025-11-01;11;1155
7;2025-11-01;12;1240
7;2025-11-01;13;1224
7;2025-11-01;14;1251
7;2025-11-01;15;1394
7;2025-11-01;16;1570
7;2025-11-01;17;1688
7;2025-11-01;18;1449
7;2025-11-01;19;1017
7;2025-11-01;20;723
7;2025-11-01;21;427
7;2025-11-01;22;227
7;2025-11-01;23;174
7;2025-11-02;0;96
7;2025-11-02;1;24
7;2025-11-02;2;0
7;2025-11-02;3;0
7;2025-11-02;4;1
7;2025-11-02;5;29
7;2025-11-02;6;132
7;2025-11-02;7;170
7;2025-11-02;8;397
7;2025-11-02;9;521
7;2025-11-02;10;391
7;2025-11-02;11;580
7;2025-11-02;12;628
7;2025-11-02;13;629
7;2025-11-02;14;652
7;2025-11-02;15;719
7;2025-11-02;16;618
7;2025-11-02;17;618
7;2025-11-02;18;672
7;2025-11-02;19;478
7;2025-11-02;20;402
7;2025-11-02;21;295
7;2025-11-02;22;151
7;2025-11-02;23;121
7;2025-11-03;0;109
7;2025-11-03;1;1
7;2025-11-03;2;0
7;2025-11-03;3;0
7;2025-11-03;4;1
7;2025-11-03;5;45
7;2025-11-03;6;194
7;2025-11-03;7;394
7;2025-11-03;8;647
7;2025-11-03;9;711
7;2025-11-03;10;739
7;2025-11-03;11;1001
7;2025-11-03;12;880
7;2025-11-03;13;995
7;2025-11-03;14;1086
7;2025-11-03;15;1131
7;2025-11-03;16;973
7;2025-11-03;17;939
7;2025-11-03;18;1019
7;2025-11-03;19;994
7;2025-11-03;20;769
7;2025-11-03;21;565
7;2025-11-03;22;309
7;2025-11-03;23;204
7;2025-11-04;0;109
7;2025-11-04;1;1
7;2025-11-04;2;0
7;2025-11-04;3;0
7;2025-11-04;4;1
7;2025-11-04;5;45
7;2025-11-04;6;194
7;2025-11-04;7;394
7;2025-11-04;8;647
7;2025-11-04;9;711
7;2025-11-04;10;739
7;2025-11-04;11;1001
7;2025-11-04;12;880
7;2025-11-04;13;995
7;2025-11-04;14;1086
7;2025-11-04;15;1131
7;2025-11-04;16;973
7;2025-11-04;17;939
7;2025-11-04;18;1019
7;2025-11-04;19;994
7;2025-11-04;20;769
7;2025-11-04;21;565
7;2025-11-04;22;309
7;2025-11-04;23;204
7;2025-11-05;0;59
7;2025-11-05;1;13
7;2025-11-05;2;0
7;2025-11-05;3;0
7;2025-11-05;4;1
7;2025-11-05;5;184
7;2025-11-05;6;611
7;2025-11-05;7;1624
7;2025-11-05;8;2488
7;2025-11-05;9;1868
7;2025-11-05;10;1719
7;2025-11-05;11;1579
7;2025-11-05;12;1773
7;2025-11-05;13;1578
7;2025-11-05;14;1728
7;2025-11-05;15;1768
7;2025-11-05;16;1877
7;2025-11-05;17;2404
7;2025-11-05;18;2606
7;2025-11-05;19;1679
7;2025-11-05;20;1058
7;2025-11-05;21;647
7;2025-11-05;22;306
7;2025-11-05;23;196
7;2025-11-06;0;59
7;2025-11-06;1;13
7;2025-11-06;2;0
7;2025-11-06;3;0
7;2025-11-06;4;1
7;2025-11-06;5;184
7;2025-11-06;6;611
7;2025-11-06;7;1624
7;2025-11-06;8;2488
7;2025-11-06;9;1868
7;2025-11-06;10;1719
7;2025-11-06;11;1579
7;2025-11-06;12;1773
7;2025-11-06;13;1578
7;2025-11-06;14;1728
7;2025-11-06;15;1768
7;2025-11-06;16;1877
7;2025-11-06;17;2404
7;2025-11-06;18;2606
7;2025-11-06;19;1679
7;2025-11-06;20;1058
7;2025-11-06;21;647
7;2025-11-06;22;306
7;2025-11-06;23;196
7;2025-11-07;0;75
7;2025-11-07;1;16
7;2025-11-07;2;1
7;2025-11-07;3;0
7;2025-11-07;4;2
7;2025-11-07;5;174
7;2025-11-07;6;597
7;2025-11-07;7;1473
7;2025-11-07;8;2322
7;2025-11-07;9;1760
7;2025-11-07;10;1738
7;2025-11-07;11;1590
7;2025-11-07;12;1705
7;2025-11-07;13;1683
7;2025-11-07;14;1721
7;2025-11-07;15;1918
7;2025-11-07;16;2160
7;2025-11-07;17;2321
7;2025-11-07;18;1994
7;2025-11-07;19;1399
7;2025-11-07;20;994
7;2025-11-07;21;588
7;2025-11-07;22;312
7;2025-11-07;23;240
7;2025-11-08;0;136
7;2025-11-08;1;27
7;2025-11-08;2;0
7;2025-11-08;3;0
7;2025-11-08;4;1
7;2025-11-08;5;54
7;2025-11-08;6;301
7;2025-11-08;7;329
7;2025-11-08;8;797
7;2025-11-08;9;674
7;2025-11-08;10;667
7;2025-11-08;11;705
7;2025-11-08;12;1030
7;2025-11-08;13;976
7;2025-11-08;14;921
7;2025-11-08;15;864
7;2025-11-08;16;904
7;2025-11-08;17;888
7;2025-11-08;18;798
7;2025-11-08;19;678
7;2025-11-08;20;584
7;2025-11-08;21;399
7;2025-11-08;22;226
7;2025-11-08;23;198
7;2025-11-09;0;96
7;2025-11-09;1;24
7;2025-11-09;2;0
7;2025-11-09;3;0
7;2025-11-09;4;1
7;2025-11-09;5;29
7;2025-11-09;6;132
7;2025-11-09;7;170
7;2025-11-09;8;397
7;2025-11-09;9;521
7;2025-11-09;10;391
7;2025-11-09;11;580
7;2025-11-09;12;628
7;2025-11-09;13;629
7;2025-11-09;14;652
7;2025-11-09;15;719
7;2025-11-09;16;618
7;2025-11-09;17;618
7;2025-11-09;18;672
7;2025-11-09;19;478
7;2025-11-09;20;402
7;2025-11-09;21;295
7;2025-11-09;22;151
7;2025-11-09;23;121
7;2025-11-10;0;63
7;2025-11-10;1;11
7;2025-11-10;2;0
7;2025-11-10;3;0
7;2025-11-10;4;1
7;2025-11-10;5;187
7;2025-11-10;6;597
7;2025-11-10;7;1646
7;2025-11-10;8;2743
7;2025-11-10;9;1854
7;2025-11-10;10;1654
7;2025-11-10;11;1579
7;2025-11-10;12;1591
7;2025-11-10;13;1562
7;2025-11-10;14;1553
7;2025-11-10;15;1801
7;2025-11-10;16;1831
7;2025-11-10;17;2392
7;2025-11-10;18;2628
7;2025-11-10;19;1695
7;2025-11-10;20;1111
7;2025-11-10;21;622
7;2025-11-10;22;299
7;2025-11-10;23;158
7;2025-11-11;0;59
7;2025-11-11;1;13
7;2025-11-11;2;0
7;2025-11-11;3;0
7;2025-11-11;4;1
7;2025-11-11;5;184
7;2025-11-11;6;611
7;2025-11-11;7;1624
7;2025-11-11;8;2488
7;2025-11-11;9;1868
7;2025-11-11;10;1719
7;2025-11-11;11;1579
7;2025-11-11;12;1773
7;2025-11-11;13;1578
7;2025-11-11;14;1728
7;2025-11-11;15;1768
7;2025-11-11;16;1877
7;2025-11-11;17;2404
7;2025-11-11;18;2606
7;2025-11-11;19;1679
7;2025-11-11;20;1058
7;2025-11-11;21;647
7;2025-11-11;22;306
7;2025-11-11;23;196
7;2025-11-12;0;59
7;2025-11-12;1;13
7;2025-11-12;2;0
7;2025-11-12;3;0
7;2025-11-12;4;1
7;2025-11-12;5;184
7;2025-11-12;6;611
7;2025-11-12;7;1624
7;2025-11-12;8;2488
7;2025-11-12;9;1868
7;2025-11-12;10;1719
7;2025-11-12;11;1579
7;2025-11-12;12;1773
7;2025-11-12;13;1578
7;2025-11-12;14;1728
7;2025-11-12;15;1768
7;2025-11-12;16;1877
7;2025-11-12;17;2404
7;2025-11-12;18;2606
7;2025-11-12;19;1679
7;2025-11-12;20;1058
7;2025-11-12;21;647
7;2025-11-12;22;306
7;2025-11-12;23;196
7;2025-11-13;0;59
7;2025-11-13;1;13
7;2025-11-13;2;0
7;2025-11-13;3;0
7;2025-11-13;4;1
7;2025-11-13;5;184
7;2025-11-13;6;611
7;2025-11-13;7;1624
7;2025-11-13;8;2488
7;2025-11-13;9;1868
7;2025-11-13;10;1719
7;2025-11-13;11;1579
7;2025-11-13;12;1773
7;2025-11-13;13;1578
7;2025-11-13;14;1728
7;2025-11-13;15;1768
7;2025-11-13;16;1877
7;2025-11-13;17;2404
7;2025-11-13;18;2606
7;2025-11-13;19;1679
7;2025-11-13;20;1058
7;2025-11-13;21;647
7;2025-11-13;22;306
7;2025-11-13;23;196
7;2025-11-14;0;75
7;2025-11-14;1;16
7;2025-11-14;2;1
7;2025-11-14;3;0
7;2025-11-14;4;2
7;2025-11-14;5;174
7;2025-11-14;6;597
7;2025-11-14;7;1473
7;2025-11-14;8;2322
7;2025-11-14;9;1760
7;2025-11-14;10;1738
7;2025-11-14;11;1590
7;2025-11-14;12;1705
7;2025-11-14;13;1683
7;2025-11-14;14;1721
7;2025-11-14;15;1918
7;2025-11-14;16;2160
7;2025-11-14;17;2321
7;2025-11-14;18;1994
7;2025-11-14;19;1399
7;2025-11-14;20;994
7;2025-11-14;21;588
7;2025-11-14;22;312
7;2025-11-14;23;240
7;2025-11-15;0;136
7;2025-11-15;1;27
7;2025-11-15;2;0
7;2025-11-15;3;0
7;2025-11-15;4;1
7;2025-11-15;5;54
7;2025-11-15;6;301
7;2025-11-15;7;329
7;2025-11-15;8;797
7;2025-11-15;9;674
7;2025-11-15;10;667
7;2025-11-15;11;705
7;2025-11-15;12;1030
7;2025-11-15;13;976
7;2025-11-15;14;921
7;2025-11-15;15;864
7;2025-11-15;16;904
7;2025-11-15;17;888
7;2025-11-15;18;798
7;2025-11-15;19;678
7;2025-11-15;20;584
7;2025-11-15;21;399
7;2025-11-15;22;226
7;2025-11-15;23;198
7;2025-11-16;0;96
7;2025-11-16;1;24
7;2025-11-16;2;0
7;2025-11-16;3;0
7;2025-11-16;4;1
7;2025-11-16;5;29
7;2025-11-16;6;132
7;2025-11-16;7;170
7;2025-11-16;8;397
7;2025-11-16;9;521
7;2025-11-16;10;391
7;2025-11-16;11;580
7;2025-11-16;12;628
7;2025-11-16;13;629
7;2025-11-16;14;652
7;2025-11-16;15;719
7;2025-11-16;16;618
7;2025-11-16;17;618
7;2025-11-16;18;672
7;2025-11-16;19;478
7;2025-11-16;20;402
7;2025-11-16;21;295
7;2025-11-16;22;151
7;2025-11-16;23;121
7;2025-11-17;0;63
7;2025-11-17;1;11
7;2025-11-17;2;0
7;2025-11-17;3;0
7;2025-11-17;4;1
7;2025-11-17;5;187
7;2025-11-17;6;597
7;2025-11-17;7;1646
7;2025-11-17;8;2743
7;2025-11-17;9;1854
7;2025-11-17;10;1654
7;2025-11-17;11;1579
7;2025-11-17;12;1591
7;2025-11-17;13;1562
7;2025-11-17;14;1553
7;2025-11-17;15;1801
7;2025-11-17;16;1831
7;2025-11-17;17;2392
7;2025-11-17;18;2628
7;2025-11-17;19;1695
7;2025-11-17;20;1111
7;2025-11-17;21;622
7;2025-11-17;22;299
7;2025-11-17;23;158
7;2025-11-18;0;59
7;2025-11-18;1;13
7;2025-11-18;2;0
7;2025-11-18;3;0
7;2025-11-18;4;1
7;2025-11-18;5;184
7;2025-11-18;6;611
7;2025-11-18;7;1624
7;2025-11-18;8;2488
7;2025-11-18;9;1868
7;2025-11-18;10;1719
7;2025-11-18;11;1579
7;2025-11-18;12;1773
7;2025-11-18;13;1578
7;2025-11-18;14;1728
7;2025-11-18;15;1768
7;2025-11-18;16;1877
7;2025-11-18;17;2404
7;2025-11-18;18;2606
7;2025-11-18;19;1679
7;2025-11-18;20;1058
7;2025-11-18;21;647
7;2025-11-18;22;306
7;2025-11-18;23;196
7;2025-11-19;0;59
7;2025-11-19;1;13
7;2025-11-19;2;0
7;2025-11-19;3;0
7;2025-11-19;4;1
7;2025-11-19;5;184
7;2025-11-19;6;611
7;2025-11-19;7;1624
7;2025-11-19;8;2488
7;2025-11-19;9;1868
7;2025-11-19;10;1719
7;2025-11-19;11;1579
7;2025-11-19;12;1773
7;2025-11-19;13;1578
7;2025-11-19;14;1728
7;2025-11-19;15;1768
7;2025-11-19;16;1877
7;2025-11-19;17;2404
7;2025-11-19;18;2606
7;2025-11-19;19;1679
7;2025-11-19;20;1058
7;2025-11-19;21;647
7;2025-11-19;22;306
7;2025-11-19;23;196
7;2025-11-20;0;59
7;2025-11-20;1;13
7;2025-11-20;2;0
7;2025-11-20;3;0
7;2025-11-20;4;1
7;2025-11-20;5;184
7;2025-11-20;6;611
7;2025-11-20;7;1624
7;2025-11-20;8;2488
7;2025-11-20;9;1868
7;2025-11-20;10;1719
7;2025-11-20;11;1579
7;2025-11-20;12;1773
7;2025-11-20;13;1578
7;2025-11-20;14;1728
7;2025-11-20;15;1768
7;2025-11-20;16;1877
7;2025-11-20;17;2404
7;2025-11-20;18;2606
7;2025-11-20;19;1679
7;2025-11-20;20;1058
7;2025-11-20;21;647
7;2025-11-20;22;306
7;2025-11-20;23;196
7;2025-11-21;0;75
7;2025-11-21;1;16
7;2025-11-21;2;1
7;2025-11-21;3;0
7;2025-11-21;4;2
7;2025-11-21;5;174
7;2025-11-21;6;597
7;2025-11-21;7;1473
7;2025-11-21;8;2322
7;2025-11-21;9;1760
7;2025-11-21;10;1738
7;2025-11-21;11;1590
7;2025-11-21;12;1705
7;2025-11-21;13;1683
7;2025-11-21;14;1721
7;2025-11-21;15;1918
7;2025-11-21;16;2160
7;2025-11-21;17;2321
7;2025-11-21;18;1994
7;2025-11-21;19;1399
7;2025-11-21;20;994
7;2025-11-21;21;588
7;2025-11-21;22;312
7;2025-11-21;23;240
7;2025-11-22;0;136
7;2025-11-22;1;27
7;2025-11-22;2;0
7;2025-11-22;3;0
7;2025-11-22;4;1
7;2025-11-22;5;54
7;2025-11-22;6;301
7;2025-11-22;7;329
7;2025-11-22;8;797
7;2025-11-22;9;674
7;2025-11-22;10;667
7;2025-11-22;11;705
7;2025-11-22;12;1030
7;2025-11-22;13;976
7;2025-11-22;14;921
7;2025-11-22;15;864
7;2025-11-22;16;904
7;2025-11-22;17;888
7;2025-11-22;18;798
7;2025-11-22;19;678
7;2025-11-22;20;584
7;2025-11-22;21;399
7;2025-11-22;22;226
7;2025-11-22;23;198
7;2025-11-23;0;96
7;2025-11-23;1;24
7;2025-11-23;2;0
7;2025-11-23;3;0
7;2025-11-23;4;1
7;2025-11-23;5;29
7;2025-11-23;6;132
7;2025-11-23;7;170
7;2025-11-23;8;397
7;2025-11-23;9;521
7;2025-11-23;10;391
7;2025-11-23;11;580
7;2025-11-23;12;628
7;2025-11-23;13;629
7;2025-11-23;14;652
7;2025-11-23;15;719
7;2025-11-23;16;618
7;2025-11-23;17;618
7;2025-11-23;18;672
7;2025-11-23;19;478
7;2025-11-23;20;402
7;2025-11-23;21;295
7;2025-11-23;22;151
7;2025-11-23;23;121
7;2025-11-24;0;63
7;2025-11-24;1;11
7;2025-11-24;2;0
7;2025-11-24;3;0
7;2025-11-24;4;1
7;2025-11-24;5;187
7;2025-11-24;6;597
7;2025-11-24;7;1646
7;2025-11-24;8;2743
7;2025-11-24;9;1854
7;2025-11-24;10;1654
7;2025-11-24;11;1579
7;2025-11-24;12;1591
7;2025-11-24;13;1562
7;2025-11-24;14;1553
7;2025-11-24;15;1801
7;2025-11-24;16;1831
7;2025-11-24;17;2392
7;2025-11-24;18;2628
7;2025-11-24;19;1695
7;2025-11-24;20;1111
7;2025-11-24;21;622
7;2025-11-24;22;299
7;2025-11-24;23;158
7;2025-11-25;0;59
7;2025-11-25;1;13
7;2025-11-25;2;0
7;2025-11-25;3;0
7;2025-11-25;4;1
7;2025-11-25;5;184
7;2025-11-25;6;611
7;2025-11-25;7;1624
7;2025-11-25;8;2488
7;2025-11-25;9;1868
7;2025-11-25;10;1719
7;2025-11-25;11;1579
7;2025-11-25;12;1773
7;2025-11-25;13;1578
7;2025-11-25;14;1728
7;2025-11-25;15;1768
7;2025-11-25;16;1877
7;2025-11-25;17;2404
7;2025-11-25;18;2606
7;2025-11-25;19;1679
7;2025-11-25;20;1058
7;2025-11-25;21;647
7;2025-11-25;22;306
7;2025-11-25;23;196
7;2025-11-26;0;59
7;2025-11-26;1;13
7;2025-11-26;2;0
7;2025-11-26;3;0
7;2025-11-26;4;1
7;2025-11-26;5;184
7;2025-11-26;6;611
7;2025-11-26;7;1624
7;2025-11-26;8;2488
7;2025-11-26;9;1868
7;2025-11-26;10;1719
7;2025-11-26;11;1579
7;2025-11-26;12;1773
7;2025-11-26;13;1578
7;2025-11-26;14;1728
7;2025-11-26;15;1768
7;2025-11-26;16;1877
7;2025-11-26;17;2404
7;2025-11-26;18;2606
7;2025-11-26;19;1679
7;2025-11-26;20;1058
7;2025-11-26;21;647
7;2025-11-26;22;306
7;2025-11-26;23;196
7;2025-11-27;0;59
7;2025-11-27;1;13
7;2025-11-27;2;0
7;2025-11-27;3;0
7;2025-11-27;4;1
7;2025-11-27;5;184
7;2025-11-27;6;611
7;2025-11-27;7;1624
7;2025-11-27;8;2488
7;2025-11-27;9;1868
7;2025-11-27;10;1719
7;2025-11-27;11;1579
7;2025-11-27;12;1773
7;2025-11-27;13;1578
7;2025-11-27;14;1728
7;2025-11-27;15;1768
7;2025-11-27;16;1877
7;2025-11-27;17;2404
7;2025-11-27;18;2606
7;2025-11-27;19;1679
7;2025-11-27;20;1058
7;2025-11-27;21;647
7;2025-11-27;22;306
7;2025-11-27;23;196
7;2025-11-28;0;75
7;2025-11-28;1;16
7;2025-11-28;2;1
7;2025-11-28;3;0
7;2025-11-28;4;2
7;2025-11-28;5;174
7;2025-11-28;6;597
7;2025-11-28;7;1473
7;2025-11-28;8;2322
7;2025-11-28;9;1760
7;2025-11-28;10;1738
7;2025-11-28;11;1590
7;2025-11-28;12;1705
7;2025-11-28;13;1683
7;2025-11-28;14;1721
7;2025-11-28;15;1918
7;2025-11-28;16;2160
7;2025-11-28;17;2321
7;2025-11-28;18;1994
7;2025-11-28;19;1399
7;2025-11-28;20;994
7;2025-11-28;21;588
7;2025-11-28;22;312
7;2025-11-28;23;240
7;2025-11-29;0;136
7;2025-11-29;1;27
7;2025-11-29;2;0
7;2025-11-29;3;0
7;2025-11-29;4;1
7;2025-11-29;5;54
7;2025-11-29;6;301
7;2025-11-29;7;329
7;2025-11-29;8;797
7;2025-11-29;9;674
7;2025-11-29;10;667
7;2025-11-29;11;705
7;2025-11-29;12;1030
7;2025-11-29;13;976
7;2025-11-29;14;921
7;2025-11-29;15;864
7;2025-11-29;16;904
7;2025-11-29;17;888
7;2025-11-29;18;798
7;2025-11-29;19;678
7;2025-11-29;20;584
7;2025-11-29;21;399
7;2025-11-29;22;226
7;2025-11-29;23;198
7;2025-11-30;0;96
7;2025-11-30;1;24
7;2025-11-30;2;0
7;2025-11-30;3;0
7;2025-11-30;4;1
7;2025-11-30;5;29
7;2025-11-30;6;132
7;2025-11-30;7;170
7;2025-11-30;8;397
7;2025-11-30;9;521
7;2025-11-30;10;391
7;2025-11-30;11;580
7;2025-11-30;12;628
7;2025-11-30;13;629
7;2025-11-30;14;652
7;2025-11-30;15;719
7;2025-11-30;16;618
7;2025-11-30;17;618
7;2025-11-30;18;672
7;2025-11-30;19;478
7;2025-11-30;20;402
7;2025-11-30;21;295
7;2025-11-30;22;151
7;2025-11-30;23;121
7;2025-12-01;0;63
7;2025-12-01;1;11
7;2025-12-01;2;0
7;2025-12-01;3;0
7;2025-12-01;4;1
7;2025-12-01;5;187
7;2025-12-01;6;597
7;2025-12-01;7;1646
7;2025-12-01;8;2743
7;2025-12-01;9;1854
7;2025-12-01;10;1654
7;2025-12-01;11;1579
7;2025-12-01;12;1591
7;2025-12-01;13;1562
7;2025-12-01;14;1553
7;2025-12-01;15;1801
7;2025-12-01;16;1831
7;2025-12-01;17;2392
7;2025-12-01;18;2628
7;2025-12-01;19;1695
7;2025-12-01;20;1111
7;2025-12-01;21;622
7;2025-12-01;22;299
7;2025-12-01;23;158
7;2025-12-02;0;59
7;2025-12-02;1;13
7;2025-12-02;2;0
7;2025-12-02;3;0
7;2025-12-02;4;1
7;2025-12-02;5;184
7;2025-12-02;6;611
7;2025-12-02;7;1624
7;2025-12-02;8;2488
7;2025-12-02;9;1868
7;2025-12-02;10;1719
7;2025-12-02;11;1579
7;2025-12-02;12;1773
7;2025-12-02;13;1578
7;2025-12-02;14;1728
7;2025-12-02;15;1768
7;2025-12-02;16;1877
7;2025-12-02;17;2404
7;2025-12-02;18;2606
7;2025-12-02;19;1679
7;2025-12-02;20;1058
7;2025-12-02;21;647
7;2025-12-02;22;306
7;2025-12-02;23;196
7;2025-12-03;0;59
7;2025-12-03;1;13
7;2025-12-03;2;0
7;2025-12-03;3;0
7;2025-12-03;4;1
7;2025-12-03;5;184
7;2025-12-03;6;611
7;2025-12-03;7;1624
7;2025-12-03;8;2488
7;2025-12-03;9;1868
7;2025-12-03;10;1719
7;2025-12-03;11;1579
7;2025-12-03;12;1773
7;2025-12-03;13;1578
7;2025-12-03;14;1728
7;2025-12-03;15;1768
7;2025-12-03;16;1877
7;2025-12-03;17;2404
7;2025-12-03;18;2606
7;2025-12-03;19;1679
7;2025-12-03;20;1058
7;2025-12-03;21;647
7;2025-12-03;22;306
7;2025-12-03;23;196
7;2025-12-04;0;59
7;2025-12-04;1;13
7;2025-12-04;2;0
7;2025-12-04;3;0
7;2025-12-04;4;1
7;2025-12-04;5;184
7;2025-12-04;6;611
7;2025-12-04;7;1624
7;2025-12-04;8;2488
7;2025-12-04;9;1868
7;2025-12-04;10;1719
7;2025-12-04;11;1579
7;2025-12-04;12;1773
7;2025-12-04;13;1578
7;2025-12-04;14;1728
7;2025-12-04;15;1768
7;2025-12-04;16;1877
7;2025-12-04;17;2404
7;2025-12-04;18;2606
7;2025-12-04;19;1679
7;2025-12-04;20;1058
7;2025-12-04;21;647
7;2025-12-04;22;306
7;2025-12-04;23;196
7;2025-12-05;0;75
7;2025-12-05;1;16
7;2025-12-05;2;1
7;2025-12-05;3;0
7;2025-12-05;4;2
7;2025-12-05;5;174
7;2025-12-05;6;597
7;2025-12-05;7;1473
7;2025-12-05;8;2322
7;2025-12-05;9;1760
7;2025-12-05;10;1738
7;2025-12-05;11;1590
7;2025-12-05;12;1705
7;2025-12-05;13;1683
7;2025-12-05;14;1721
7;2025-12-05;15;1918
7;2025-12-05;16;2160
7;2025-12-05;17;2321
7;2025-12-05;18;1994
7;2025-12-05;19;1399
7;2025-12-05;20;994
7;2025-12-05;21;588
7;2025-12-05;22;312
7;2025-12-05;23;240
7;2025-12-06;0;96
7;2025-12-06;1;25
7;2025-12-06;2;0
7;2025-12-06;3;0
7;2025-12-06;4;1
7;2025-12-06;5;60
7;2025-12-06;6;272
7;2025-12-06;7;521
7;2025-12-06;8;687
7;2025-12-06;9;791
7;2025-12-06;10;778
7;2025-12-06;11;869
7;2025-12-06;12;946
7;2025-12-06;13;1051
7;2025-12-06;14;1077
7;2025-12-06;15;1045
7;2025-12-06;16;972
7;2025-12-06;17;875
7;2025-12-06;18;1107
7;2025-12-06;19;1021
7;2025-12-06;20;762
7;2025-12-06;21;635
7;2025-12-06;22;306
7;2025-12-06;23;249
7;2025-12-07;0;109
7;2025-12-07;1;1
7;2025-12-07;2;0
7;2025-12-07;3;0
7;2025-12-07;4;1
7;2025-12-07;5;45
7;2025-12-07;6;194
7;2025-12-07;7;394
7;2025-12-07;8;647
7;2025-12-07;9;711
7;2025-12-07;10;739
7;2025-12-07;11;1001
7;2025-12-07;12;880
7;2025-12-07;13;995
7;2025-12-07;14;1086
7;2025-12-07;15;1131
7;2025-12-07;16;973
7;2025-12-07;17;939
7;2025-12-07;18;1019
7;2025-12-07;19;994
7;2025-12-07;20;769
7;2025-12-07;21;565
7;2025-12-07;22;309
7;2025-12-07;23;204
7;2025-12-08;0;63
7;2025-12-08;1;11
7;2025-12-08;2;0
7;2025-12-08;3;0
7;2025-12-08;4;1
7;2025-12-08;5;187
7;2025-12-08;6;597
7;2025-12-08;7;1646
7;2025-12-08;8;2743
7;2025-12-08;9;1854
7;2025-12-08;10;1654
7;2025-12-08;11;1579
7;2025-12-08;12;1591
7;2025-12-08;13;1562
7;2025-12-08;14;1553
7;2025-12-08;15;1801
7;2025-12-08;16;1831
7;2025-12-08;17;2392
7;2025-12-08;18;2628
7;2025-12-08;19;1695
7;2025-12-08;20;1111
7;2025-12-08;21;622
7;2025-12-08;22;299
7;2025-12-08;23;158
7;2025-12-09;0;59
7;2025-12-09;1;13
7;2025-12-09;2;0
7;2025-12-09;3;0
7;2025-12-09;4;1
7;2025-12-09;5;184
7;2025-12-09;6;611
7;2025-12-09;7;1624
7;2025-12-09;8;2488
7;2025-12-09;9;1868
7;2025-12-09;10;1719
7;2025-12-09;11;1579
7;2025-12-09;12;1773
7;2025-12-09;13;1578
7;2025-12-09;14;1728
7;2025-12-09;15;1768
7;2025-12-09;16;1877
7;2025-12-09;17;2404
7;2025-12-09;18;2606
7;2025-12-09;19;1679
7;2025-12-09;20;1058
7;2025-12-09;21;647
7;2025-12-09;22;306
7;2025-12-09;23;196
7;2025-12-10;0;59
7;2025-12-10;1;13
7;2025-12-10;2;0
7;2025-12-10;3;0
7;2025-12-10;4;1
7;2025-12-10;5;184
7;2025-12-10;6;611
7;2025-12-10;7;1624
7;2025-12-10;8;2488
7;2025-12-10;9;1868
7;2025-12-10;10;1719
7;2025-12-10;11;1579
7;2025-12-10;12;1773
7;2025-12-10;13;1578
7;2025-12-10;14;1728
7;2025-12-10;15;1768
7;2025-12-10;16;1877
7;2025-12-10;17;2404
7;2025-12-10;18;2606
7;2025-12-10;19;1679
7;2025-12-10;20;1058
7;2025-12-10;21;647
7;2025-12-10;22;306
7;2025-12-10;23;196
7;2025-12-11;0;59
7;2025-12-11;1;13
7;2025-12-11;2;0
7;2025-12-11;3;0
7;2025-12-11;4;1
7;2025-12-11;5;184
7;2025-12-11;6;611
7;2025-12-11;7;1624
7;2025-12-11;8;2488
7;2025-12-11;9;1868
7;2025-12-11;10;1719
7;2025-12-11;11;1579
7;2025-12-11;12;1773
7;2025-12-11;13;1578
7;2025-12-11;14;1728
7;2025-12-11;15;1768
7;2025-12-11;16;1877
7;2025-12-11;17;2404
7;2025-12-11;18;2606
7;2025-12-11;19;1679
7;2025-12-11;20;1058
7;2025-12-11;21;647
7;2025-12-11;22;306
7;2025-12-11;23;196
7;2025-12-12;0;75
7;2025-12-12;1;16
7;2025-12-12;2;1
7;2025-12-12;3;0
7;2025-12-12;4;2
7;2025-12-12;5;174
7;2025-12-12;6;597
7;2025-12-12;7;1473
7;2025-12-12;8;2322
7;2025-12-12;9;1760
7;2025-12-12;10;1738
7;2025-12-12;11;1590
7;2025-12-12;12;1705
7;2025-12-12;13;1683
7;2025-12-12;14;1721
7;2025-12-12;15;1918
7;2025-12-12;16;2160
7;2025-12-12;17;2321
7;2025-12-12;18;1994
7;2025-12-12;19;1399
7;2025-12-12;20;994
7;2025-12-12;21;588
7;2025-12-12;22;312
7;2025-12-12;23;240
7;2025-12-13;0;96
7;2025-12-13;1;25
7;2025-12-13;2;0
7;2025-12-13;3;0
7;2025-12-13;4;1
7;2025-12-13;5;60
7;2025-12-13;6;272
7;2025-12-13;7;521
7;2025-12-13;8;687
7;2025-12-13;9;791
7;2025-12-13;10;778
7;2025-12-13;11;869
7;2025-12-13;12;946
7;2025-12-13;13;1051
7;2025-12-13;14;1077
7;2025-12-13;15;1045
7;2025-12-13;16;972
7;2025-12-13;17;875
7;2025-12-13;18;1107
7;2025-12-13;19;1021
7;2025-12-13;20;762
7;2025-12-13;21;635
7;2025-12-13;22;306
7;2025-12-13;23;249
7;2025-12-14;0;109
7;2025-12-14;1;1
7;2025-12-14;2;0
7;2025-12-14;3;0
7;2025-12-14;4;1
7;2025-12-14;5;45
7;2025-12-14;6;194
7;2025-12-14;7;394
7;2025-12-14;8;647
7;2025-12-14;9;711
7;2025-12-14;10;739
7;2025-12-14;11;1001
7;2025-12-14;12;880
7;2025-12-14;13;995
7;2025-12-14;14;1086
7;2025-12-14;15;1131
7;2025-12-14;16;973
7;2025-12-14;17;939
7;2025-12-14;18;1019
7;2025-12-14;19;994
7;2025-12-14;20;769
7;2025-12-14;21;565
7;2025-12-14;22;309
7;2025-12-14;23;204
7;2025-12-15;0;63
7;2025-12-15;1;11
7;2025-12-15;2;0
7;2025-12-15;3;0
7;2025-12-15;4;1
7;2025-12-15;5;187
7;2025-12-15;6;597
7;2025-12-15;7;1646
7;2025-12-15;8;2743
7;2025-12-15;9;1854
7;2025-12-15;10;1654
7;2025-12-15;11;1579
7;2025-12-15;12;1591
7;2025-12-15;13;1562
7;2025-12-15;14;1553
7;2025-12-15;15;1801
7;2025-12-15;16;1831
7;2025-12-15;17;2392
7;2025-12-15;18;2628
7;2025-12-15;19;1695
7;2025-12-15;20;1111
7;2025-12-15;21;622
7;2025-12-15;22;299
7;2025-12-15;23;158
7;2025-12-16;0;59
7;2025-12-16;1;13
7;2025-12-16;2;0
7;2025-12-16;3;0
7;2025-12-16;4;1
7;2025-12-16;5;184
7;2025-12-16;6;611
7;2025-12-16;7;1624
7;2025-12-16;8;2488
7;2025-12-16;9;1868
7;2025-12-16;10;1719
7;2025-12-16;11;1579
7;2025-12-16;12;1773
7;2025-12-16;13;1578
7;2025-12-16;14;1728
7;2025-12-16;15;1768
7;2025-12-16;16;1877
7;2025-12-16;17;2404
7;2025-12-16;18;2606
7;2025-12-16;19;1679
7;2025-12-16;20;1058
7;2025-12-16;21;647
7;2025-12-16;22;306
7;2025-12-16;23;196
7;2025-12-17;0;59
7;2025-12-17;1;13
7;2025-12-17;2;0
7;2025-12-17;3;0
7;2025-12-17;4;1
7;2025-12-17;5;184
7;2025-12-17;6;611
7;2025-12-17;7;1624
7;2025-12-17;8;2488
7;2025-12-17;9;1868
7;2025-12-17;10;1719
7;2025-12-17;11;1579
7;2025-12-17;12;1773
7;2025-12-17;13;1578
7;2025-12-17;14;1728
7;2025-12-17;15;1768
7;2025-12-17;16;1877
7;2025-12-17;17;2404
7;2025-12-17;18;2606
7;2025-12-17;19;1679
7;2025-12-17;20;1058
7;2025-12-17;21;647
7;2025-12-17;22;306
7;2025-12-17;23;196
7;2025-12-18;0;59
7;2025-12-18;1;13
7;2025-12-18;2;0
7;2025-12-18;3;0
7;2025-12-18;4;1
7;2025-12-18;5;184
7;2025-12-18;6;611
7;2025-12-18;7;1624
7;2025-12-18;8;2488
7;2025-12-18;9;1868
7;2025-12-18;10;1719
7;2025-12-18;11;1579
7;2025-12-18;12;1773
7;2025-12-18;13;1578
7;2025-12-18;14;1728
7;2025-12-18;15;1768
7;2025-12-18;16;1877
7;2025-12-18;17;2404
7;2025-12-18;18;2606
7;2025-12-18;19;1679
7;2025-12-18;20;1058
7;2025-12-18;21;647
7;2025-12-18;22;306
7;2025-12-18;23;196
7;2025-12-19;0;75
7;2025-12-19;1;16
7;2025-12-19;2;1
7;2025-12-19;3;0
7;2025-12-19;4;2
7;2025-12-19;5;174
7;2025-12-19;6;597
7;2025-12-19;7;1473
7;2025-12-19;8;2322
7;2025-12-19;9;1760
7;2025-12-19;10;1738
7;2025-12-19;11;1590
7;2025-12-19;12;1705
7;2025-12-19;13;1683
7;2025-12-19;14;1721
7;2025-12-19;15;1918
7;2025-12-19;16;2160
7;2025-12-19;17;2321
7;2025-12-19;18;1994
7;2025-12-19;19;1399
7;2025-12-19;20;994
7;2025-12-19;21;588
7;2025-12-19;22;312
7;2025-12-19;23;240
7;2025-12-20;0;96
7;2025-12-20;1;25
7;2025-12-20;2;0
7;2025-12-20;3;0
7;2025-12-20;4;1
7;2025-12-20;5;60
7;2025-12-20;6;272
7;2025-12-20;7;521
7;2025-12-20;8;687
7;2025-12-20;9;791
7;2025-12-20;10;778
7;2025-12-20;11;869
7;2025-12-20;12;946
7;2025-12-20;13;1051
7;2025-12-20;14;1077
7;2025-12-20;15;1045
7;2025-12-20;16;972
7;2025-12-20;17;875
7;2025-12-20;18;1107
7;2025-12-20;19;1021
7;2025-12-20;20;762
7;2025-12-20;21;635
7;2025-12-20;22;306
7;2025-12-20;23;249
7;2025-12-21;0;109
7;2025-12-21;1;1
7;2025-12-21;2;0
7;2025-12-21;3;0
7;2025-12-21;4;1
7;2025-12-21;5;45
7;2025-12-21;6;194
7;2025-12-21;7;394
7;2025-12-21;8;647
7;2025-12-21;9;711
7;2025-12-21;10;739
7;2025-12-21;11;1001
7;2025-12-21;12;880
7;2025-12-21;13;995
7;2025-12-21;14;1086
7;2025-12-21;15;1131
7;2025-12-21;16;973
7;2025-12-21;17;939
7;2025-12-21;18;1019
7;2025-12-21;19;994
7;2025-12-21;20;769
7;2025-12-21;21;565
7;2025-12-21;22;309
7;2025-12-21;23;204
7;2025-12-22;0;63
7;2025-12-22;1;11
7;2025-12-22;2;0
7;2025-12-22;3;0
7;2025-12-22;4;1
7;2025-12-22;5;187
7;2025-12-22;6;597
7;2025-12-22;7;1646
7;2025-12-22;8;2743
7;2025-12-22;9;1854
7;2025-12-22;10;1654
7;2025-12-22;11;1579
7;2025-12-22;12;1591
7;2025-12-22;13;1562
7;2025-12-22;14;1553
7;2025-12-22;15;1801
7;2025-12-22;16;1831
7;2025-12-22;17;2392
7;2025-12-22;18;2628
7;2025-12-22;19;1695
7;2025-12-22;20;1111
7;2025-12-22;21;622
7;2025-12-22;22;299
7;2025-12-22;23;158
7;2025-12-23;0;59
7;2025-12-23;1;13
7;2025-12-23;2;0
7;2025-12-23;3;0
7;2025-12-23;4;1
7;2025-12-23;5;184
7;2025-12-23;6;611
7;2025-12-23;7;1624
7;2025-12-23;8;2488
7;2025-12-23;9;1868
7;2025-12-23;10;1719
7;2025-12-23;11;1579
7;2025-12-23;12;1773
7;2025-12-23;13;1578
7;2025-12-23;14;1728
7;2025-12-23;15;1768
7;2025-12-23;16;1877
7;2025-12-23;17;2404
7;2025-12-23;18;2606
7;2025-12-23;19;1679
7;2025-12-23;20;1058
7;2025-12-23;21;647
7;2025-12-23;22;306
7;2025-12-23;23;196
7;2025-12-24;0;59
7;2025-12-24;1;13
7;2025-12-24;2;0
7;2025-12-24;3;0
7;2025-12-24;4;1
7;2025-12-24;5;184
7;2025-12-24;6;611
7;2025-12-24;7;1624
7;2025-12-24;8;2488
7;2025-12-24;9;1868
7;2025-12-24;10;1719
7;2025-12-24;11;1579
7;2025-12-24;12;1773
7;2025-12-24;13;1578
7;2025-12-24;14;1728
7;2025-12-24;15;1768
7;2025-12-24;16;1877
7;2025-12-24;17;2404
7;2025-12-24;18;2606
7;2025-12-24;19;1679
7;2025-12-24;20;1058
7;2025-12-24;21;647
7;2025-12-24;22;306
7;2025-12-24;23;196
7;2025-12-25;0;59
7;2025-12-25;1;13
7;2025-12-25;2;0
7;2025-12-25;3;0
7;2025-12-25;4;1
7;2025-12-25;5;184
7;2025-12-25;6;611
7;2025-12-25;7;1624
7;2025-12-25;8;2488
7;2025-12-25;9;1868
7;2025-12-25;10;1719
7;2025-12-25;11;1579
7;2025-12-25;12;1773
7;2025-12-25;13;1578
7;2025-12-25;14;1728
7;2025-12-25;15;1768
7;2025-12-25;16;1877
7;2025-12-25;17;2404
7;2025-12-25;18;2606
7;2025-12-25;19;1679
7;2025-12-25;20;1058
7;2025-12-25;21;647
7;2025-12-25;22;306
7;2025-12-25;23;196
7;2025-12-26;0;75
7;2025-12-26;1;16
7;2025-12-26;2;1
7;2025-12-26;3;0
7;2025-12-26;4;2
7;2025-12-26;5;174
7;2025-12-26;6;597
7;2025-12-26;7;1473
7;2025-12-26;8;2322
7;2025-12-26;9;1760
7;2025-12-26;10;1738
7;2025-12-26;11;1590
7;2025-12-26;12;1705
7;2025-12-26;13;1683
7;2025-12-26;14;1721
7;2025-12-26;15;1918
7;2025-12-26;16;2160
7;2025-12-26;17;2321
7;2025-12-26;18;1994
7;2025-12-26;19;1399
7;2025-12-26;20;994
7;2025-12-26;21;588
7;2025-12-26;22;312
7;2025-12-26;23;240
7;2025-12-27;0;96
7;2025-12-27;1;25
7;2025-12-27;2;0
7;2025-12-27;3;0
7;2025-12-27;4;1
7;2025-12-27;5;60
7;2025-12-27;6;272
7;2025-12-27;7;521
7;2025-12-27;8;687
7;2025-12-27;9;791
7;2025-12-27;10;778
7;2025-12-27;11;869
7;2025-12-27;12;946
7;2025-12-27;13;1051
7;2025-12-27;14;1077
7;2025-12-27;15;1045
7;2025-12-27;16;972
7;2025-12-27;17;875
7;2025-12-27;18;1107
7;2025-12-27;19;1021
7;2025-12-27;20;762
7;2025-12-27;21;635
7;2025-12-27;22;306
7;2025-12-27;23;249
7;2025-12-28;0;109
7;2025-12-28;1;1
7;2025-12-28;2;0
7;2025-12-28;3;0
7;2025-12-28;4;1
7;2025-12-28;5;45
7;2025-12-28;6;194
7;2025-12-28;7;394
7;2025-12-28;8;647
7;2025-12-28;9;711
7;2025-12-28;10;739
7;2025-12-28;11;1001
7;2025-12-28;12;880
7;2025-12-28;13;995
7;2025-12-28;14;1086
7;2025-12-28;15;1131
7;2025-12-28;16;973
7;2025-12-28;17;939
7;2025-12-28;18;1019
7;2025-12-28;19;994
7;2025-12-28;20;769
7;2025-12-28;21;565
7;2025-12-28;22;309
7;2025-12-28;23;204
7;2025-12-29;0;53
7;2025-12-29;1;9
7;2025-12-29;2;0
7;2025-12-29;3;0
7;2025-12-29;4;0
7;2025-12-29;5;159
7;2025-12-29;6;507
7;2025-12-29;7;1399
7;2025-12-29;8;2332
7;2025-12-29;9;1576
7;2025-12-29;10;1406
7;2025-12-29;11;1342
7;2025-12-29;12;1353
7;2025-12-29;13;1327
7;2025-12-29;14;1320
7;2025-12-29;15;1531
7;2025-12-29;16;1557
7;2025-12-29;17;2033
7;2025-12-29;18;2234
7;2025-12-29;19;1441
7;2025-12-29;20;945
7;2025-12-29;21;529
7;2025-12-29;22;254
7;2025-12-29;23;134
7;2025-12-30;0;50
7;2025-12-30;1;11
7;2025-12-30;2;0
7;2025-12-30;3;0
7;2025-12-30;4;1
7;2025-12-30;5;156
7;2025-12-30;6;519
7;2025-12-30;7;1381
7;2025-12-30;8;2115
7;2025-12-30;9;1588
7;2025-12-30;10;1462
7;2025-12-30;11;1342
7;2025-12-30;12;1507
7;2025-12-30;13;1341
7;2025-12-30;14;1469
7;2025-12-30;15;1503
7;2025-12-30;16;1596
7;2025-12-30;17;2044
7;2025-12-30;18;2215
7;2025-12-30;19;1427
7;2025-12-30;20;899
7;2025-12-30;21;550
7;2025-12-30;22;260
7;2025-12-30;23;167
7;2025-12-31;0;92
7;2025-12-31;1;1
7;2025-12-31;2;0
7;2025-12-31;3;0
7;2025-12-31;4;1
7;2025-12-31;5;39
7;2025-12-31;6;165
7;2025-12-31;7;335
7;2025-12-31;8;550
7;2025-12-31;9;604
7;2025-12-31;10;628
7;2025-12-31;11;851
7;2025-12-31;12;748
7;2025-12-31;13;846
7;2025-12-31;14;923
7;2025-12-31;15;961
7;2025-12-31;16;827
7;2025-12-31;17;798
7;2025-12-31;18;866
7;2025-12-31;19;845
7;2025-12-31;20;653
7;2025-12-31;21;480
7;2025-12-31;22;263
7;2025-12-31;23;174
11;2025-11-01;0;58
11;2025-11-01;1;1
11;2025-11-01;2;0
11;2025-11-01;3;0
11;2025-11-01;4;0
11;2025-11-01;5;215
11;2025-11-01;6;1138
11;2025-11-01;7;2057
11;2025-11-01;8;2758
11;2025-11-01;9;1935
11;2025-11-01;10;1664
11;2025-11-01;11;1501
11;2025-11-01;12;1660
11;2025-11-01;13;1579
11;2025-11-01;14;1753
11;2025-11-01;15;1766
11;2025-11-01;16;1971
11;2025-11-01;17;2418
11;2025-11-01;18;2076
11;2025-11-01;19;1566
11;2025-11-01;20;1134
11;2025-11-01;21;717
11;2025-11-01;22;305
11;2025-11-01;23;287
11;2025-11-02;0;105
11;2025-11-02;1;14
11;2025-11-02;2;0
11;2025-11-02;3;0
11;2025-11-02;4;0
11;2025-11-02;5;104
11;2025-11-02;6;464
11;2025-11-02;7;460
11;2025-11-02;8;661
11;2025-11-02;9;911
11;2025-11-02;10;996
11;2025-11-02;11;1458
11;2025-11-02;12;1522
11;2025-11-02;13;1413
11;2025-11-02;14;1574
11;2025-11-02;15;1524
11;2025-11-02;16;1469
11;2025-11-02;17;1620
11;2025-11-02;18;1187
11;2025-11-02;19;914
11;2025-11-02;20;746
11;2025-11-02;21;554
11;2025-11-02;22;324
11;2025-11-02;23;219
11;2025-11-03;0;105
11;2025-11-03;1;14
11;2025-11-03;2;0
11;2025-11-03;3;0
11;2025-11-03;4;0
11;2025-11-03;5;104
11;2025-11-03;6;464
11;2025-11-03;7;460
11;2025-11-03;8;661
11;2025-11-03;9;911
11;2025-11-03;10;996
11;2025-11-03;11;1458
11;2025-11-03;12;1522
11;2025-11-03;13;1413
11;2025-11-03;14;1574
11;2025-11-03;15;1524
11;2025-11-03;16;1469
11;2025-11-03;17;1620
11;2025-11-03;18;1187
11;2025-11-03;19;914
11;2025-11-03;20;746
11;2025-11-03;21;554
11;2025-11-03;22;324
11;2025-11-03;23;219
11;2025-11-04;0;105
11;2025-11-04;1;14
11;2025-11-04;2;0
11;2025-11-04;3;0
11;2025-11-04;4;0
11;2025-11-04;5;104
11;2025-11-04;6;464
11;2025-11-04;7;460
11;2025-11-04;8;661
11;2025-11-04;9;911
11;2025-11-04;10;996
11;2025-11-04;11;1458
11;2025-11-04;12;1522
11;2025-11-04;13;1413
11;2025-11-04;14;1574
11;2025-11-04;15;1524
11;2025-11-04;16;1469
11;2025-11-04;17;1620
11;2025-11-04;18;1187
11;2025-11-04;19;914
11;2025-11-04;20;746
11;2025-11-04;21;554
11;2025-11-04;22;324
11;2025-11-04;23;219
11;2025-11-05;0;55
11;2025-11-05;1;0
11;2025-11-05;2;0
11;2025-11-05;3;0
11;2025-11-05;4;0
11;2025-11-05;5;242
11;2025-11-05;6;1337
11;2025-11-05;7;2583
11;2025-11-05;8;3329
11;2025-11-05;9;2537
11;2025-11-05;10;2122
11;2025-11-05;11;2047
11;2025-11-05;12;2084
11;2025-11-05;13;2111
11;2025-11-05;14;2192
11;2025-11-05;15;1973
11;2025-11-05;16;2225
11;2025-11-05;17;2841
11;2025-11-05;18;3205
11;2025-11-05;19;2371
11;2025-11-05;20;1489
11;2025-11-05;21;830
11;2025-11-05;22;394
11;2025-11-05;23;242
11;2025-11-06;0;55
11;2025-11-06;1;0
11;2025-11-06;2;0
11;2025-11-06;3;0
11;2025-11-06;4;0
11;2025-11-06;5;242
11;2025-11-06;6;1337
11;2025-11-06;7;2583
11;2025-11-06;8;3329
11;2025-11-06;9;2537
11;2025-11-06;10;2122
11;2025-11-06;11;2047
11;2025-11-06;12;2084
11;2025-11-06;13;2111
11;2025-11-06;14;2192
11;2025-11-06;15;1973
11;2025-11-06;16;2225
11;2025-11-06;17;2841
11;2025-11-06;18;3205
11;2025-11-06;19;2371
11;2025-11-06;20;1489
11;2025-11-06;21;830
11;2025-11-06;22;394
11;2025-11-06;23;242
11;2025-11-07;0;66
11;2025-11-07;1;1
11;2025-11-07;2;0
11;2025-11-07;3;0
11;2025-11-07;4;0
11;2025-11-07;5;248
11;2025-11-07;6;1315
11;2025-11-07;7;2377
11;2025-11-07;8;3188
11;2025-11-07;9;2236
11;2025-11-07;10;1922
11;2025-11-07;11;1734
11;2025-11-07;12;1918
11;2025-11-07;13;1824
11;2025-11-07;14;2026
11;2025-11-07;15;2041
11;2025-11-07;16;2278
11;2025-11-07;17;2794
11;2025-11-07;18;2399
11;2025-11-07;19;1809
11;2025-11-07;20;1310
11;2025-11-07;21;828
11;2025-11-07;22;352
11;2025-11-07;23;332
11;2025-11-08;0;107
11;2025-11-08;1;0
11;2025-11-08;2;0
11;2025-11-08;3;0
11;2025-11-08;4;0
11;2025-11-08;5;171
11;2025-11-08;6;833
11;2025-11-08;7;772
11;2025-11-08;8;1041
11;2025-11-08;9;1183
11;2025-11-08;10;1383
11;2025-11-08;11;1725
11;2025-11-08;12;1994
11;2025-11-08;13;1808
11;2025-11-08;14;2065
11;2025-11-08;15;1946
11;2025-11-08;16;1799
11;2025-11-08;17;1891
11;2025-11-08;18;1515
11;2025-11-08;19;1494
11;2025-11-08;20;976
11;2025-11-08;21;711
11;2025-11-08;22;407
11;2025-11-08;23;291
11;2025-11-09;0;105
11;2025-11-09;1;14
11;2025-11-09;2;0
11;2025-11-09;3;0
11;2025-11-09;4;0
11;2025-11-09;5;104
11;2025-11-09;6;464
11;2025-11-09;7;460
11;2025-11-09;8;661
11;2025-11-09;9;911
11;2025-11-09;10;996
11;2025-11-09;11;1458
11;2025-11-09;12;1522
11;2025-11-09;13;1413
11;2025-11-09;14;1574
11;2025-11-09;15;1524
11;2025-11-09;16;1469
11;2025-11-09;17;1620
11;2025-11-09;18;1187
11;2025-11-09;19;914
11;2025-11-09;20;746
11;2025-11-09;21;554
11;2025-11-09;22;324
11;2025-11-09;23;219
11;2025-11-10;0;78
11;2025-11-10;1;12
11;2025-11-10;2;0
11;2025-11-10;3;0
11;2025-11-10;4;1
11;2025-11-10;5;246
11;2025-11-10;6;1389
11;2025-11-10;7;2489
11;2025-11-10;8;3197
11;2025-11-10;9;2447
11;2025-11-10;10;1916
11;2025-11-10;11;1933
11;2025-11-10;12;1855
11;2025-11-10;13;1931
11;2025-11-10;14;2069
11;2025-11-10;15;2135
11;2025-11-10;16;2294
11;2025-11-10;17;2884
11;2025-11-10;18;3026
11;2025-11-10;19;2191
11;2025-11-10;20;1174
11;2025-11-10;21;768
11;2025-11-10;22;326
11;2025-11-10;23;220
11;2025-11-11;0;55
11;2025-11-11;1;0
11;2025-11-11;2;0
11;2025-11-11;3;0
11;2025-11-11;4;0
11;2025-11-11;5;242
11;2025-11-11;6;1337
11;2025-11-11;7;2583
11;2025-11-11;8;3329
11;2025-11-11;9;2537
11;2025-11-11;10;2122
11;2025-11-11;11;2047
11;2025-11-11;12;2084
11;2025-11-11;13;2111
11;2025-11-11;14;2192
11;2025-11-11;15;1973
11;2025-11-11;16;2225
11;2025-11-11;17;2841
11;2025-11-11;18;3205
11;2025-11-11;19;2371
11;2025-11-11;20;1489
11;2025-11-11;21;830
11;2025-11-11;22;394
11;2025-11-11;23;242
11;2025-11-12;0;55
11;2025-11-12;1;0
11;2025-11-12;2;0
11;2025-11-12;3;0
11;2025-11-12;4;0
11;2025-11-12;5;242
11;2025-11-12;6;1337
11;2025-11-12;7;2583
11;2025-11-12;8;3329
11;2025-11-12;9;2537
11;2025-11-12;10;2122
11;2025-11-12;11;2047
11;2025-11-12;12;2084
11;2025-11-12;13;2111
11;2025-11-12;14;2192
11;2025-11-12;15;1973
11;2025-11-12;16;2225
11;2025-11-12;17;2841
11;2025-11-12;18;3205
11;2025-11-12;19;2371
11;2025-11-12;20;1489
11;2025-11-12;21;830
11;2025-11-12;22;394
11;2025-11-12;23;242
11;2025-11-13;0;55
11;2025-11-13;1;0
11;2025-11-13;2;0
11;2025-11-13;3;0
11;2025-11-13;4;0
11;2025-11-13;5;242
11;2025-11-13;6;1337
11;2025-11-13;7;2583
11;2025-11-13;8;3329
11;2025-11-13;9;2537
11;2025-11-13;10;2122
11;2025-11-13;11;2047
11;2025-11-13;12;2084
11;2025-11-13;13;2111
11;2025-11-13;14;2192
11;2025-11-13;15;1973
11;2025-11-13;16;2225
11;2025-11-13;17;2841
11;2025-11-13;18;3205
11;2025-11-13;19;2371
11;2025-11-13;20;1489
11;2025-11-13;21;830
11;2025-11-13;22;394
11;2025-11-13;23;242
11;2025-11-14;0;66
11;2025-11-14;1;1
11;2025-11-14;2;0
11;2025-11-14;3;0
11;2025-11-14;4;0
11;2025-11-14;5;248
11;2025-11-14;6;1315
11;2025-11-14;7;2377
11;2025-11-14;8;3188
11;2025-11-14;9;2236
11;2025-11-14;10;1922
11;2025-11-14;11;1734
11;2025-11-14;12;1918
11;2025-11-14;13;1824
11;2025-11-14;14;2026
11;2025-11-14;15;2041
11;2025-11-14;16;2278
11;2025-11-14;17;2794
11;2025-11-14;18;2399
11;2025-11-14;19;1809
11;2025-11-14;20;1310
11;2025-11-14;21;828
11;2025-11-14;22;352
11;2025-11-14;23;332
11;2025-11-15;0;107
11;2025-11-15;1;0
11;2025-11-15;2;0
11;2025-11-15;3;0
11;2025-11-15;4;0
11;2025-11-15;5;171
11;2025-11-15;6;833
11;2025-11-15;7;772
11;2025-11-15;8;1041
11;2025-11-15;9;1183
11;2025-11-15;10;1383
11;2025-11-15;11;1725
11;2025-11-15;12;1994
11;2025-11-15;13;1808
11;2025-11-15;14;2065
11;2025-11-15;15;1946
11;2025-11-15;16;1799
11;2025-11-15;17;1891
11;2025-11-15;18;1515
11;2025-11-15;19;1494
11;2025-11-15;20;976
11;2025-11-15;21;711
11;2025-11-15;22;407
11;2025-11-15;23;291
11;2025-11-16;0;105
11;2025-11-16;1;14
11;2025-11-16;2;0
11;2025-11-16;3;0
11;2025-11-16;4;0
11;2025-11-16;5;104
11;2025-11-16;6;464
11;2025-11-16;7;460
11;2025-11-16;8;661
11;2025-11-16;9;911
11;2025-11-16;10;996
11;2025-11-16;11;1458
11;2025-11-16;12;1522
11;2025-11-16;13;1413
11;2025-11-16;14;1574
11;2025-11-16;15;1524
11;2025-11-16;16;1469
11;2025-11-16;17;1620
11;2025-11-16;18;1187
11;2025-11-16;19;914
11;2025-11-16;20;746
11;2025-11-16;21;554
11;2025-11-16;22;324
11;2025-11-16;23;219
11;2025-11-17;0;78
11;2025-11-17;1;12
11;2025-11-17;2;0
11;2025-11-17;3;0
11;2025-11-17;4;1
11;2025-11-17;5;246
11;2025-11-17;6;1389
11;2025-11-17;7;2489
11;2025-11-17;8;3197
11;2025-11-17;9;2447
11;2025-11-17;10;1916
11;2025-11-17;11;1933
11;2025-11-17;12;1855
11;2025-11-17;13;1931
11;2025-11-17;14;2069
11;2025-11-17;15;2135
11;2025-11-17;16;2294
11;2025-11-17;17;2884
11;2025-11-17;18;3026
11;2025-11-17;19;2191
11;2025-11-17;20;1174
11;2025-11-17;21;768
11;2025-11-17;22;326
11;2025-11-17;23;220
11;2025-11-18;0;55
11;2025-11-18;1;0
11;2025-11-18;2;0
11;2025-11-18;3;0
11;2025-11-18;4;0
11;2025-11-18;5;242
11;2025-11-18;6;1337
11;2025-11-18;7;2583
11;2025-11-18;8;3329
11;2025-11-18;9;2537
11;2025-11-18;10;2122
11;2025-11-18;11;2047
11;2025-11-18;12;2084
11;2025-11-18;13;2111
11;2025-11-18;14;2192
11;2025-11-18;15;1973
11;2025-11-18;16;2225
11;2025-11-18;17;2841
11;2025-11-18;18;3205
11;2025-11-18;19;2371
11;2025-11-18;20;1489
11;2025-11-18;21;830
11;2025-11-18;22;394
11;2025-11-18;23;242
11;2025-11-19;0;55
11;2025-11-19;1;0
11;2025-11-19;2;0
11;2025-11-19;3;0
11;2025-11-19;4;0
11;2025-11-19;5;242
11;2025-11-19;6;1337
11;2025-11-19;7;2583
11;2025-11-19;8;3329
11;2025-11-19;9;2537
11;2025-11-19;10;2122
11;2025-11-19;11;2047
11;2025-11-19;12;2084
11;2025-11-19;13;2111
11;2025-11-19;14;2192
11;2025-11-19;15;1973
11;2025-11-19;16;2225
11;2025-11-19;17;2841
11;2025-11-19;18;3205
11;2025-11-19;19;2371
11;2025-11-19;20;1489
11;2025-11-19;21;830
11;2025-11-19;22;394
11;2025-11-19;23;242
11;2025-11-20;0;55
11;2025-11-20;1;0
11;2025-11-20;2;0
11;2025-11-20;3;0
11;2025-11-20;4;0
11;2025-11-20;5;242
11;2025-11-20;6;1337
11;2025-11-20;7;2583
11;2025-11-20;8;3329
11;2025-11-20;9;2537
11;2025-11-20;10;2122
11;2025-11-20;11;2047
11;2025-11-20;12;2084
11;2025-11-20;13;2111
11;2025-11-20;14;2192
11;2025-11-20;15;1973
11;2025-11-20;16;2225
11;2025-11-20;17;2841
11;2025-11-20;18;3205
11;2025-11-20;19;2371
11;2025-11-20;20;1489
11;2025-11-20;21;830
11;2025-11-20;22;394
11;2025-11-20;23;242
11;2025-11-21;0;66
11;2025-11-21;1;1
11;2025-11-21;2;0
11;2025-11-21;3;0
11;2025-11-21;4;0
11;2025-11-21;5;248
11;2025-11-21;6;1315
11;2025-11-21;7;2377
11;2025-11-21;8;3188
11;2025-11-21;9;2236
11;2025-11-21;10;1922
11;2025-11-21;11;1734
11;2025-11-21;12;1918
11;2025-11-21;13;1824
11;2025-11-21;14;2026
11;2025-11-21;15;2041
11;2025-11-21;16;2278
11;2025-11-21;17;2794
11;2025-11-21;18;2399
11;2025-11-21;19;1809
11;2025-11-21;20;1310
11;2025-11-21;21;828
11;2025-11-21;22;352
11;2025-11-21;23;332
11;2025-11-22;0;107
11;2025-11-22;1;0
11;2025-11-22;2;0
11;2025-11-22;3;0
11;2025-11-22;4;0
11;2025-11-22;5;171
11;2025-11-22;6;833
11;2025-11-22;7;772
11;2025-11-22;8;1041
11;2025-11-22;9;1183
11;2025-11-22;10;1383
11;2025-11-22;11;1725
11;2025-11-22;12;1994
11;2025-11-22;13;1808
11;2025-11-22;14;2065
11;2025-11-22;15;1946
11;2025-11-22;16;1799
11;2025-11-22;17;1891
11;2025-11-22;18;1515
11;2025-11-22;19;1494
11;2025-11-22;20;976
11;2025-11-22;21;711
11;2025-11-22;22;407
11;2025-11-22;23;291
11;2025-11-23;0;105
11;2025-11-23;1;14
11;2025-11-23;2;0
11;2025-11-23;3;0
11;2025-11-23;4;0
11;2025-11-23;5;104
11;2025-11-23;6;464
11;2025-11-23;7;460
11;2025-11-23;8;661
11;2025-11-23;9;911
11;2025-11-23;10;996
11;2025-11-23;11;1458
11;2025-11-23;12;1522
11;2025-11-23;13;1413
11;2025-11-23;14;1574
11;2025-11-23;15;1524
11;2025-11-23;16;1469
11;2025-11-23;17;1620
11;2025-11-23;18;1187
11;2025-11-23;19;914
11;2025-11-23;20;746
11;2025-11-23;21;554
11;2025-11-23;22;324
11;2025-11-23;23;219
11;2025-11-24;0;78
11;2025-11-24;1;12
11;2025-11-24;2;0
11;2025-11-24;3;0
11;2025-11-24;4;1
11;2025-11-24;5;246
11;2025-11-24;6;1389
11;2025-11-24;7;2489
11;2025-11-24;8;3197
11;2025-11-24;9;2447
11;2025-11-24;10;1916
11;2025-11-24;11;1933
11;2025-11-24;12;1855
11;2025-11-24;13;1931
11;2025-11-24;14;2069
11;2025-11-24;15;2135
11;2025-11-24;16;2294
11;2025-11-24;17;2884
11;2025-11-24;18;3026
11;2025-11-24;19;2191
11;2025-11-24;20;1174
11;2025-11-24;21;768
11;2025-11-24;22;326
11;2025-11-24;23;220
11;2025-11-25;0;55
11;2025-11-25;1;0
11;2025-11-25;2;0
11;2025-11-25;3;0
11;2025-11-25;4;0
11;2025-11-25;5;242
11;2025-11-25;6;1337
11;2025-11-25;7;2583
11;2025-11-25;8;3329
11;2025-11-25;9;2537
11;2025-11-25;10;2122
11;2025-11-25;11;2047
11;2025-11-25;12;2084
11;2025-11-25;13;2111
11;2025-11-25;14;2192
11;2025-11-25;15;1973
11;2025-11-25;16;2225
11;2025-11-25;17;2841
11;2025-11-25;18;3205
11;2025-11-25;19;2371
11;2025-11-25;20;1489
11;2025-11-25;21;830
11;2025-11-25;22;394
11;2025-11-25;23;242
11;2025-11-26;0;55
11;2025-11-26;1;0
11;2025-11-26;2;0
11;2025-11-26;3;0
11;2025-11-26;4;0
11;2025-11-26;5;242
11;2025-11-26;6;1337
11;2025-11-26;7;2583
11;2025-11-26;8;3329
11;2025-11-26;9;2537
11;2025-11-26;10;2122
11;2025-11-26;11;2047
11;2025-11-26;12;2084
11;2025-11-26;13;2111
11;2025-11-26;14;2192
11;2025-11-26;15;1973
11;2025-11-26;16;2225
11;2025-11-26;17;2841
11;2025-11-26;18;3205
11;2025-11-26;19;2371
11;2025-11-26;20;1489
11;2025-11-26;21;830
11;2025-11-26;22;394
11;2025-11-26;23;242
11;2025-11-27;0;55
11;2025-11-27;1;0
11;2025-11-27;2;0
11;2025-11-27;3;0
11;2025-11-27;4;0
11;2025-11-27;5;242
11;2025-11-27;6;1337
11;2025-11-27;7;2583
11;2025-11-27;8;3329
11;2025-11-27;9;2537
11;2025-11-27;10;2122
11;2025-11-27;11;2047
11;2025-11-27;12;2084
11;2025-11-27;13;2111
11;2025-11-27;14;2192
11;2025-11-27;15;1973
11;2025-11-27;16;2225
11;2025-11-27;17;2841
11;2025-11-27;18;3205
11;2025-11-27;19;2371
11;2025-11-27;20;1489
11;2025-11-27;21;830
11;2025-11-27;22;394
11;2025-11-27;23;242
11;2025-11-28;0;66
11;2025-11-28;1;1
11;2025-11-28;2;0
11;2025-11-28;3;0
11;2025-11-28;4;0
11;2025-11-28;5;248
11;2025-11-28;6;1315
11;2025-11-28;7;2377
11;2025-11-28;8;3188
11;2025-11-28;9;2236
11;2025-11-28;10;1922
11;2025-11-28;11;1734
11;2025-11-28;12;1918
11;2025-11-28;13;1824
11;2025-11-28;14;2026
11;2025-11-28;15;2041
11;2025-11-28;16;2278
11;2025-11-28;17;2794
11;2025-11-28;18;2399
11;2025-11-28;19;1809
11;2025-11-28;20;1310
11;2025-11-28;21;828
11;2025-11-28;22;352
11;2025-11-28;23;332
11;2025-11-29;0;107
11;2025-11-29;1;0
11;2025-11-29;2;0
11;2025-11-29;3;0
11;2025-11-29;4;0
11;2025-11-29;5;171
11;2025-11-29;6;833
11;2025-11-29;7;772
11;2025-11-29;8;1041
11;2025-11-29;9;1183
11;2025-11-29;10;1383
11;2025-11-29;11;1725
11;2025-11-29;12;1994
11;2025-11-29;13;1808
11;2025-11-29;14;2065
11;2025-11-29;15;1946
11;2025-11-29;16;1799
11;2025-11-29;17;1891
11;2025-11-29;18;1515
11;2025-11-29;19;1494
11;2025-11-29;20;976
11;2025-11-29;21;711
11;2025-11-29;22;407
11;2025-11-29;23;291
11;2025-11-30;0;105
11;2025-11-30;1;14
11;2025-11-30;2;0
11;2025-11-30;3;0
11;2025-11-30;4;0
11;2025-11-30;5;104
11;2025-11-30;6;464
11;2025-11-30;7;460
11;2025-11-30;8;661
11;2025-11-30;9;911
11;2025-11-30;10;996
11;2025-11-30;11;1458
11;2025-11-30;12;1522
11;2025-11-30;13;1413
11;2025-11-30;14;1574
11;2025-11-30;15;1524
11;2025-11-30;16;1469
11;2025-11-30;17;1620
11;2025-11-30;18;1187
11;2025-11-30;19;914
11;2025-11-30;20;746
11;2025-11-30;21;554
11;2025-11-30;22;324
11;2025-11-30;23;219
11;2025-12-01;0;78
11;2025-12-01;1;12
11;2025-12-01;2;0
11;2025-12-01;3;0
11;2025-12-01;4;1
11;2025-12-01;5;246
11;2025-12-01;6;1389
11;2025-12-01;7;2489
11;2025-12-01;8;3197
11;2025-12-01;9;2447
11;2025-12-01;10;1916
11;2025-12-01;11;1933
11;2025-12-01;12;1855
11;2025-12-01;13;1931
11;2025-12-01;14;2069
11;2025-12-01;15;2135
11;2025-12-01;16;2294
11;2025-12-01;17;2884
11;2025-12-01;18;3026
11;2025-12-01;19;2191
11;2025-12-01;20;1174
11;2025-12-01;21;768
11;2025-12-01;22;326
11;2025-12-01;23;220
11;2025-12-02;0;55
11;2025-12-02;1;0
11;2025-12-02;2;0
11;2025-12-02;3;0
11;2025-12-02;4;0
11;2025-12-02;5;242
11;2025-12-02;6;1337
11;2025-12-02;7;2583
11;2025-12-02;8;3329
11;2025-12-02;9;2537
11;2025-12-02;10;2122
11;2025-12-02;11;2047
11;2025-12-02;12;2084
11;2025-12-02;13;2111
11;2025-12-02;14;2192
11;2025-12-02;15;1973
11;2025-12-02;16;2225
11;2025-12-02;17;2841
11;2025-12-02;18;3205
11;2025-12-02;19;2371
11;2025-12-02;20;1489
11;2025-12-02;21;830
11;2025-12-02;22;394
11;2025-12-02;23;242
11;2025-12-03;0;55
11;2025-12-03;1;0
11;2025-12-03;2;0
11;2025-12-03;3;0
11;2025-12-03;4;0
11;2025-12-03;5;242
11;2025-12-03;6;1337
11;2025-12-03;7;2583
11;2025-12-03;8;3329
11;2025-12-03;9;2537
11;2025-12-03;10;2122
11;2025-12-03;11;2047
11;2025-12-03;12;2084
11;2025-12-03;13;2111
11;2025-12-03;14;2192
11;2025-12-03;15;1973
11;2025-12-03;16;2225
11;2025-12-03;17;2841
11;2025-12-03;18;3205
11;2025-12-03;19;2371
11;2025-12-03;20;1489
11;2025-12-03;21;830
11;2025-12-03;22;394
11;2025-12-03;23;242
11;2025-12-04;0;55
11;2025-12-04;1;0
11;2025-12-04;2;0
11;2025-12-04;3;0
11;2025-12-04;4;0
11;2025-12-04;5;242
11;2025-12-04;6;1337
11;2025-12-04;7;2583
11;2025-12-04;8;3329
11;2025-12-04;9;2537
11;2025-12-04;10;2122
11;2025-12-04;11;2047
11;2025-12-04;12;2084
11;2025-12-04;13;2111
11;2025-12-04;14;2192
11;2025-12-04;15;1973
11;2025-12-04;16;2225
11;2025-12-04;17;2841
11;2025-12-04;18;3205
11;2025-12-04;19;2371
11;2025-12-04;20;1489
11;2025-12-04;21;830
11;2025-12-04;22;394
11;2025-12-04;23;242
11;2025-12-05;0;66
11;2025-12-05;1;1
11;2025-12-05;2;0
11;2025-12-05;3;0
11;2025-12-05;4;0
11;2025-12-05;5;248
11;2025-12-05;6;1315
11;2025-12-05;7;2377
11;2025-12-05;8;3188
11;2025-12-05;9;2236
11;2025-12-05;10;1922
11;2025-12-05;11;1734
11;2025-12-05;12;1918
11;2025-12-05;13;1824
11;2025-12-05;14;2026
11;2025-12-05;15;2041
11;2025-12-05;16;2278
11;2025-12-05;17;2794
11;2025-12-05;18;2399
11;2025-12-05;19;1809
11;2025-12-05;20;1310
11;2025-12-05;21;828
11;2025-12-05;22;352
11;2025-12-05;23;332
11;2025-12-06;0;107
11;2025-12-06;1;0
11;2025-12-06;2;0
11;2025-12-06;3;0
11;2025-12-06;4;0
11;2025-12-06;5;171
11;2025-12-06;6;833
11;2025-12-06;7;772
11;2025-12-06;8;1041
11;2025-12-06;9;1183
11;2025-12-06;10;1383
11;2025-12-06;11;1725
11;2025-12-06;12;1994
11;2025-12-06;13;1808
11;2025-12-06;14;2065
11;2025-12-06;15;1946
11;2025-12-06;16;1799
11;2025-12-06;17;1891
11;2025-12-06;18;1515
11;2025-12-06;19;1494
11;2025-12-06;20;976
11;2025-12-06;21;711
11;2025-12-06;22;407
11;2025-12-06;23;291
11;2025-12-07;0;105
11;2025-12-07;1;14
11;2025-12-07;2;0
11;2025-12-07;3;0
11;2025-12-07;4;0
11;2025-12-07;5;104
11;2025-12-07;6;464
11;2025-12-07;7;460
11;2025-12-07;8;661
11;2025-12-07;9;911
11;2025-12-07;10;996
11;2025-12-07;11;1458
11;2025-12-07;12;1522
11;2025-12-07;13;1413
11;2025-12-07;14;1574
11;2025-12-07;15;1524
11;2025-12-07;16;1469
11;2025-12-07;17;1620
11;2025-12-07;18;1187
11;2025-12-07;19;914
11;2025-12-07;20;746
11;2025-12-07;21;554
11;2025-12-07;22;324
11;2025-12-07;23;219
11;2025-12-08;0;78
11;2025-12-08;1;12
11;2025-12-08;2;0
11;2025-12-08;3;0
11;2025-12-08;4;1
11;2025-12-08;5;246
11;2025-12-08;6;1389
11;2025-12-08;7;2489
11;2025-12-08;8;3197
11;2025-12-08;9;2447
11;2025-12-08;10;1916
11;2025-12-08;11;1933
11;2025-12-08;12;1855
11;2025-12-08;13;1931
11;2025-12-08;14;2069
11;2025-12-08;15;2135
11;2025-12-08;16;2294
11;2025-12-08;17;2884
11;2025-12-08;18;3026
11;2025-12-08;19;2191
11;2025-12-08;20;1174
11;2025-12-08;21;768
11;2025-12-08;22;326
11;2025-12-08;23;220
11;2025-12-09;0;55
11;2025-12-09;1;0
11;2025-12-09;2;0
11;2025-12-09;3;0
11;2025-12-09;4;0
11;2025-12-09;5;242
11;2025-12-09;6;1337
11;2025-12-09;7;2583
11;2025-12-09;8;3329
11;2025-12-09;9;2537
11;2025-12-09;10;2122
11;2025-12-09;11;2047
11;2025-12-09;12;2084
11;2025-12-09;13;2111
11;2025-12-09;14;2192
11;2025-12-09;15;1973
11;2025-12-09;16;2225
11;2025-12-09;17;2841
11;2025-12-09;18;3205
11;2025-12-09;19;2371
11;2025-12-09;20;1489
11;2025-12-09;21;830
11;2025-12-09;22;394
11;2025-12-09;23;242
11;2025-12-10;0;55
11;2025-12-10;1;0
11;2025-12-10;2;0
11;2025-12-10;3;0
11;2025-12-10;4;0
11;2025-12-10;5;242
11;2025-12-10;6;1337
11;2025-12-10;7;2583
11;2025-12-10;8;3329
11;2025-12-10;9;2537
11;2025-12-10;10;2122
11;2025-12-10;11;2047
11;2025-12-10;12;2084
11;2025-12-10;13;2111
11;2025-12-10;14;2192
11;2025-12-10;15;1973
11;2025-12-10;16;2225
11;2025-12-10;17;2841
11;2025-12-10;18;3205
11;2025-12-10;19;2371
11;2025-12-10;20;1489
11;2025-12-10;21;830
11;2025-12-10;22;394
11;2025-12-10;23;242
11;2025-12-11;0;55
11;2025-12-11;1;0
11;2025-12-11;2;0
11;2025-12-11;3;0
11;2025-12-11;4;0
11;2025-12-11;5;242
11;2025-12-11;6;1337
11;2025-12-11;7;2583
11;2025-12-11;8;3329
11;2025-12-11;9;2537
11;2025-12-11;10;2122
11;2025-12-11;11;2047
11;2025-12-11;12;2084
11;2025-12-11;13;2111
11;2025-12-11;14;2192
11;2025-12-11;15;1973
11;2025-12-11;16;2225
11;2025-12-11;17;2841
11;2025-12-11;18;3205
11;2025-12-11;19;2371
11;2025-12-11;20;1489
11;2025-12-11;21;830
11;2025-12-11;22;394
11;2025-12-11;23;242
11;2025-12-12;0;66
11;2025-12-12;1;1
11;2025-12-12;2;0
11;2025-12-12;3;0
11;2025-12-12;4;0
11;2025-12-12;5;248
11;2025-12-12;6;1315
11;2025-12-12;7;2377
11;2025-12-12;8;3188
11;2025-12-12;9;2236
11;2025-12-12;10;1922
11;2025-12-12;11;1734
11;2025-12-12;12;1918
11;2025-12-12;13;1824
11;2025-12-12;14;2026
11;2025-12-12;15;2041
11;2025-12-12;16;2278
11;2025-12-12;17;2794
11;2025-12-12;18;2399
11;2025-12-12;19;1809
11;2025-12-12;20;1310
11;2025-12-12;21;828
11;2025-12-12;22;352
11;2025-12-12;23;332
11;2025-12-13;0;107
11;2025-12-13;1;0
11;2025-12-13;2;0
11;2025-12-13;3;0
11;2025-12-13;4;0
11;2025-12-13;5;171
11;2025-12-13;6;833
11;2025-12-13;7;772
11;2025-12-13;8;1041
11;2025-12-13;9;1183
11;2025-12-13;10;1383
11;2025-12-13;11;1725
11;2025-12-13;12;1994
11;2025-12-13;13;1808
11;2025-12-13;14;2065
11;2025-12-13;15;1946
11;2025-12-13;16;1799
11;2025-12-13;17;1891
11;2025-12-13;18;1515
11;2025-12-13;19;1494
11;2025-12-13;20;976
11;2025-12-13;21;711
11;2025-12-13;22;407
11;2025-12-13;23;291
11;2025-12-14;0;105
11;2025-12-14;1;14
11;2025-12-14;2;0
11;2025-12-14;3;0
11;2025-12-14;4;0
11;2025-12-14;5;104
11;2025-12-14;6;464
11;2025-12-14;7;460
11;2025-12-14;8;661
11;2025-12-14;9;911
11;2025-12-14;10;996
11;2025-12-14;11;1458
11;2025-12-14;12;1522
11;2025-12-14;13;1413
11;2025-12-14;14;1574
11;2025-12-14;15;1524
11;2025-12-14;16;1469
11;2025-12-14;17;1620
11;2025-12-14;18;1187
11;2025-12-14;19;914
11;2025-12-14;20;746
11;2025-12-14;21;554
11;2025-12-14;22;324
11;2025-12-14;23;219
11;2025-12-15;0;78
11;2025-12-15;1;12
11;2025-12-15;2;0
11;2025-12-15;3;0
11;2025-12-15;4;1
11;2025-12-15;5;246
11;2025-12-15;6;1389
11;2025-12-15;7;2489
11;2025-12-15;8;3197
11;2025-12-15;9;2447
11;2025-12-15;10;1916
11;2025-12-15;11;1933
11;2025-12-15;12;1855
11;2025-12-15;13;1931
11;2025-12-15;14;2069
11;2025-12-15;15;2135
11;2025-12-15;16;2294
11;2025-12-15;17;2884
11;2025-12-15;18;3026
11;2025-12-15;19;2191
11;2025-12-15;20;1174
11;2025-12-15;21;768
11;2025-12-15;22;326
11;2025-12-15;23;220
11;2025-12-16;0;55
11;2025-12-16;1;0
11;2025-12-16;2;0
11;2025-12-16;3;0
11;2025-12-16;4;0
11;2025-12-16;5;242
11;2025-12-16;6;1337
11;2025-12-16;7;2583
11;2025-12-16;8;3329
11;2025-12-16;9;2537
11;2025-12-16;10;2122
11;2025-12-16;11;2047
11;2025-12-16;12;2084
11;2025-12-16;13;2111
11;2025-12-16;14;2192
11;2025-12-16;15;1973
11;2025-12-16;16;2225
11;2025-12-16;17;2841
11;2025-12-16;18;3205
11;2025-12-16;19;2371
11;2025-12-16;20;1489
11;2025-12-16;21;830
11;2025-12-16;22;394
11;2025-12-16;23;242
11;2025-12-17;0;55
11;2025-12-17;1;0
11;2025-12-17;2;0
11;2025-12-17;3;0
11;2025-12-17;4;0
11;2025-12-17;5;242
11;2025-12-17;6;1337
11;2025-12-17;7;2583
11;2025-12-17;8;3329
11;2025-12-17;9;2537
11;2025-12-17;10;2122
11;2025-12-17;11;2047
11;2025-12-17;12;2084
11;2025-12-17;13;2111
11;2025-12-17;14;2192
11;2025-12-17;15;1973
11;2025-12-17;16;2225
11;2025-12-17;17;2841
11;2025-12-17;18;3205
11;2025-12-17;19;2371
11;2025-12-17;20;1489
11;2025-12-17;21;830
11;2025-12-17;22;394
11;2025-12-17;23;242
11;2025-12-18;0;55
11;2025-12-18;1;0
11;2025-12-18;2;0
11;2025-12-18;3;0
11;2025-12-18;4;0
11;2025-12-18;5;242
11;2025-12-18;6;1337
11;2025-12-18;7;2583
11;2025-12-18;8;3329
11;2025-12-18;9;2537
11;2025-12-18;10;2122
11;2025-12-18;11;2047
11;2025-12-18;12;2084
11;2025-12-18;13;2111
11;2025-12-18;14;2192
11;2025-12-18;15;1973
11;2025-12-18;16;2225
11;2025-12-18;17;2841
11;2025-12-18;18;3205
11;2025-12-18;19;2371
11;2025-12-18;20;1489
11;2025-12-18;21;830
11;2025-12-18;22;394
11;2025-12-18;23;242
11;2025-12-19;0;66
11;2025-12-19;1;1
11;2025-12-19;2;0
11;2025-12-19;3;0
11;2025-12-19;4;0
11;2025-12-19;5;248
11;2025-12-19;6;1315
11;2025-12-19;7;2377
11;2025-12-19;8;3188
11;2025-12-19;9;2236
11;2025-12-19;10;1922
11;2025-12-19;11;1734
11;2025-12-19;12;1918
11;2025-12-19;13;1824
11;2025-12-19;14;2026
11;2025-12-19;15;2041
11;2025-12-19;16;2278
11;2025-12-19;17;2794
11;2025-12-19;18;2399
11;2025-12-19;19;1809
11;2025-12-19;20;1310
11;2025-12-19;21;828
11;2025-12-19;22;352
11;2025-12-19;23;332
11;2025-12-20;0;107
11;2025-12-20;1;0
11;2025-12-20;2;0
11;2025-12-20;3;0
11;2025-12-20;4;0
11;2025-12-20;5;171
11;2025-12-20;6;833
11;2025-12-20;7;772
11;2025-12-20;8;1041
11;2025-12-20;9;1183
11;2025-12-20;10;1383
11;2025-12-20;11;1725
11;2025-12-20;12;1994
11;2025-12-20;13;1808
11;2025-12-20;14;2065
11;2025-12-20;15;1946
11;2025-12-20;16;1799
11;2025-12-20;17;1891
11;2025-12-20;18;1515
11;2025-12-20;19;1494
11;2025-12-20;20;976
11;2025-12-20;21;711
11;2025-12-20;22;407
11;2025-12-20;23;291
11;2025-12-21;0;105
11;2025-12-21;1;14
11;2025-12-21;2;0
11;2025-12-21;3;0
11;2025-12-21;4;0
11;2025-12-21;5;104
11;2025-12-21;6;464
11;2025-12-21;7;460
11;2025-12-21;8;661
11;2025-12-21;9;911
11;2025-12-21;10;996
11;2025-12-21;11;1458
11;2025-12-21;12;1522
11;2025-12-21;13;1413
11;2025-12-21;14;1574
11;2025-12-21;15;1524
11;2025-12-21;16;1469
11;2025-12-21;17;1620
11;2025-12-21;18;1187
11;2025-12-21;19;914
11;2025-12-21;20;746
11;2025-12-21;21;554
11;2025-12-21;22;324
11;2025-12-21;23;219
11;2025-12-22;0;78
11;2025-12-22;1;12
11;2025-12-22;2;0
11;2025-12-22;3;0
11;2025-12-22;4;1
11;2025-12-22;5;246
11;2025-12-22;6;1389
11;2025-12-22;7;2489
11;2025-12-22;8;3197
11;2025-12-22;9;2447
11;2025-12-22;10;1916
11;2025-12-22;11;1933
11;2025-12-22;12;1855
11;2025-12-22;13;1931
11;2025-12-22;14;2069
11;2025-12-22;15;2135
11;2025-12-22;16;2294
11;2025-12-22;17;2884
11;2025-12-22;18;3026
11;2025-12-22;19;2191
11;2025-12-22;20;1174
11;2025-12-22;21;768
11;2025-12-22;22;326
11;2025-12-22;23;220
11;2025-12-23;0;55
11;2025-12-23;1;0
11;2025-12-23;2;0
11;2025-12-23;3;0
11;2025-12-23;4;0
11;2025-12-23;5;242
11;2025-12-23;6;1337
11;2025-12-23;7;2583
11;2025-12-23;8;3329
11;2025-12-23;9;2537
11;2025-12-23;10;2122
11;2025-12-23;11;2047
11;2025-12-23;12;2084
11;2025-12-23;13;2111
11;2025-12-23;14;2192
11;2025-12-23;15;1973
11;2025-12-23;16;2225
11;2025-12-23;17;2841
11;2025-12-23;18;3205
11;2025-12-23;19;2371
11;2025-12-23;20;1489
11;2025-12-23;21;830
11;2025-12-23;22;394
11;2025-12-23;23;242
11;2025-12-24;0;55
11;2025-12-24;1;0
11;2025-12-24;2;0
11;2025-12-24;3;0
11;2025-12-24;4;0
11;2025-12-24;5;242
11;2025-12-24;6;1337
11;2025-12-24;7;2583
11;2025-12-24;8;3329
11;2025-12-24;9;2537
11;2025-12-24;10;2122
11;2025-12-24;11;2047
11;2025-12-24;12;2084
11;2025-12-24;13;2111
11;2025-12-24;14;2192
11;2025-12-24;15;1973
11;2025-12-24;16;2225
11;2025-12-24;17;2841
11;2025-12-24;18;3205
11;2025-12-24;19;2371
11;2025-12-24;20;1489
11;2025-12-24;21;830
11;2025-12-24;22;394
11;2025-12-24;23;242
11;2025-12-25;0;55
11;2025-12-25;1;0
11;2025-12-25;2;0
11;2025-12-25;3;0
11;2025-12-25;4;0
11;2025-12-25;5;242
11;2025-12-25;6;1337
11;2025-12-25;7;2583
11;2025-12-25;8;3329
11;2025-12-25;9;2537
11;2025-12-25;10;2122
11;2025-12-25;11;2047
11;2025-12-25;12;2084
11;2025-12-25;13;2111
11;2025-12-25;14;2192
11;2025-12-25;15;1973
11;2025-12-25;16;2225
11;2025-12-25;17;2841
11;2025-12-25;18;3205
11;2025-12-25;19;2371
11;2025-12-25;20;1489
11;2025-12-25;21;830
11;2025-12-25;22;394
11;2025-12-25;23;242
11;2025-12-26;0;66
11;2025-12-26;1;1
11;2025-12-26;2;0
11;2025-12-26;3;0
11;2025-12-26;4;0
11;2025-12-26;5;248
11;2025-12-26;6;1315
11;2025-12-26;7;2377
11;2025-12-26;8;3188
11;2025-12-26;9;2236
11;2025-12-26;10;1922
11;2025-12-26;11;1734
11;2025-12-26;12;1918
11;2025-12-26;13;1824
11;2025-12-26;14;2026
11;2025-12-26;15;2041
11;2025-12-26;16;2278
11;2025-12-26;17;2794
11;2025-12-26;18;2399
11;2025-12-26;19;1809
11;2025-12-26;20;1310
11;2025-12-26;21;828
11;2025-12-26;22;352
11;2025-12-26;23;332
11;2025-12-27;0;107
11;2025-12-27;1;0
11;2025-12-27;2;0
11;2025-12-27;3;0
11;2025-12-27;4;0
11;2025-12-27;5;171
11;2025-12-27;6;833
11;2025-12-27;7;772
11;2025-12-27;8;1041
11;2025-12-27;9;1183
11;2025-12-27;10;1383
11;2025-12-27;11;1725
11;2025-12-27;12;1994
11;2025-12-27;13;1808
11;2025-12-27;14;2065
11;2025-12-27;15;1946
11;2025-12-27;16;1799
11;2025-12-27;17;1891
11;2025-12-27;18;1515
11;2025-12-27;19;1494
11;2025-12-27;20;976
11;2025-12-27;21;711
11;2025-12-27;22;407
11;2025-12-27;23;291
11;2025-12-28;0;105
11;2025-12-28;1;14
11;2025-12-28;2;0
11;2025-12-28;3;0
11;2025-12-28;4;0
11;2025-12-28;5;104
11;2025-12-28;6;464
11;2025-12-28;7;460
11;2025-12-28;8;661
11;2025-12-28;9;911
11;2025-12-28;10;996
11;2025-12-28;11;1458
11;2025-12-28;12;1522
11;2025-12-28;13;1413
11;2025-12-28;14;1574
11;2025-12-28;15;1524
11;2025-12-28;16;1469
11;2025-12-28;17;1620
11;2025-12-28;18;1187
11;2025-12-28;19;914
11;2025-12-28;20;746
11;2025-12-28;21;554
11;2025-12-28;22;324
11;2025-12-28;23;219
11;2025-12-29;0;66
11;2025-12-29;1;10
11;2025-12-29;2;0
11;2025-12-29;3;0
11;2025-12-29;4;1
11;2025-12-29;5;209
11;2025-12-29;6;1181
11;2025-12-29;7;2115
11;2025-12-29;8;2717
11;2025-12-29;9;2080
11;2025-12-29;10;1628
11;2025-12-29;11;1643
11;2025-12-29;12;1576
11;2025-12-29;13;1641
11;2025-12-29;14;1758
11;2025-12-29;15;1815
11;2025-12-29;16;1950
11;2025-12-29;17;2451
11;2025-12-29;18;2572
11;2025-12-29;19;1863
11;2025-12-29;20;998
11;2025-12-29;21;653
11;2025-12-29;22;277
11;2025-12-29;23;187
11;2025-12-30;0;47
11;2025-12-30;1;0
11;2025-12-30;2;0
11;2025-12-30;3;0
11;2025-12-30;4;0
11;2025-12-30;5;206
11;2025-12-30;6;1136
11;2025-12-30;7;2195
11;2025-12-30;8;2830
11;2025-12-30;9;2157
11;2025-12-30;10;1803
11;2025-12-30;11;1740
11;2025-12-30;12;1771
11;2025-12-30;13;1795
11;2025-12-30;14;1863
11;2025-12-30;15;1677
11;2025-12-30;16;1891
11;2025-12-30;17;2415
11;2025-12-30;18;2724
11;2025-12-30;19;2015
11;2025-12-30;20;1266
11;2025-12-30;21;705
11;2025-12-30;22;335
11;2025-12-30;23;206
11;2025-12-31;0;89
11;2025-12-31;1;12
11;2025-12-31;2;0
11;2025-12-31;3;0
11;2025-12-31;4;0
11;2025-12-31;5;88
11;2025-12-31;6;394
11;2025-12-31;7;391
11;2025-12-31;8;562
11;2025-12-31;9;775
11;2025-12-31;10;847
11;2025-12-31;11;1239
11;2025-12-31;12;1293
11;2025-12-31;13;1201
11;2025-12-31;14;1338
11;2025-12-31;15;1296
11;2025-12-31;16;1248
11;2025-12-31;17;1377
11;2025-12-31;18;1009
11;2025-12-31;19;777
11;2025-12-31;20;634
11;2025-12-31;21;471
11;2025-12-31;22;275
11;2025-12-31;23;186
12;2025-11-01;0;47
12;2025-11-01;1;0
12;2025-11-01;2;0
12;2025-11-01;3;0
12;2025-11-01;4;3
12;2025-11-01;5;276
12;2025-11-01;6;1192
12;2025-11-01;7;2285
12;2025-11-01;8;2814
12;2025-11-01;9;2125
12;2025-11-01;10;1544
12;2025-11-01;11;1595
12;2025-11-01;12;1663
12;2025-11-01;13;1864
12;2025-11-01;14;1659
12;2025-11-01;15;1951
12;2025-11-01;16;2446
12;2025-11-01;17;2435
12;2025-11-01;18;2118
12;2025-11-01;19;1780
12;2025-11-01;20;1155
12;2025-11-01;21;822
12;2025-11-01;22;426
12;2025-11-01;23;281
12;2025-11-02;0;83
12;2025-11-02;1;3
12;2025-11-02;2;0
12;2025-11-02;3;0
12;2025-11-02;4;3
12;2025-11-02;5;133
12;2025-11-02;6;527
12;2025-11-02;7;715
12;2025-11-02;8;731
12;2025-11-02;9;923
12;2025-11-02;10;1167
12;2025-11-02;11;1270
12;2025-11-02;12;1375
12;2025-11-02;13;1607
12;2025-11-02;14;1439
12;2025-11-02;15;1536
12;2025-11-02;16;1531
12;2025-11-02;17;1530
12;2025-11-02;18;1331
12;2025-11-02;19;1017
12;2025-11-02;20;782
12;2025-11-02;21;610
12;2025-11-02;22;388
12;2025-11-02;23;199
12;2025-11-03;0;83
12;2025-11-03;1;3
12;2025-11-03;2;0
12;2025-11-03;3;0
12;2025-11-03;4;3
12;2025-11-03;5;133
12;2025-11-03;6;527
12;2025-11-03;7;715
12;2025-11-03;8;731
12;2025-11-03;9;923
12;2025-11-03;10;1167
12;2025-11-03;11;1270
12;2025-11-03;12;1375
12;2025-11-03;13;1607
12;2025-11-03;14;1439
12;2025-11-03;15;1536
12;2025-11-03;16;1531
12;2025-11-03;17;1530
12;2025-11-03;18;1331
12;2025-11-03;19;1017
12;2025-11-03;20;782
12;2025-11-03;21;610
12;2025-11-03;22;388
12;2025-11-03;23;199
12;2025-11-04;0;83
12;2025-11-04;1;3
12;2025-11-04;2;0
12;2025-11-04;3;0
12;2025-11-04;4;3
12;2025-11-04;5;133
12;2025-11-04;6;527
12;2025-11-04;7;715
12;2025-11-04;8;731
12;2025-11-04;9;923
12;2025-11-04;10;1167
12;2025-11-04;11;1270
12;2025-11-04;12;1375
12;2025-11-04;13;1607
12;2025-11-04;14;1439
12;2025-11-04;15;1536
12;2025-11-04;16;1531
12;2025-11-04;17;1530
12;2025-11-04;18;1331
12;2025-11-04;19;1017
12;2025-11-04;20;782
12;2025-11-04;21;610
12;2025-11-04;22;388
12;2025-11-04;23;199
12;2025-11-05;0;55
12;2025-11-05;1;1
12;2025-11-05;2;0
12;2025-11-05;3;0
12;2025-11-05;4;7
12;2025-11-05;5;331
12;2025-11-05;6;1471
12;2025-11-05;7;2788
12;2025-11-05;8;3779
12;2025-11-05;9;2652
12;2025-11-05;10;2210
12;2025-11-05;11;2100
12;2025-11-05;12;2128
12;2025-11-05;13;2097
12;2025-11-05;14;2035
12;2025-11-05;15;2249
12;2025-11-05;16;2755
12;2025-11-05;17;3141
12;2025-11-05;18;3295
12;2025-11-05;19;2420
12;2025-11-05;20;1567
12;2025-11-05;21;1003
12;2025-11-05;22;500
12;2025-11-05;23;264
12;2025-11-06;0;55
12;2025-11-06;1;1
12;2025-11-06;2;0
12;2025-11-06;3;0
12;2025-11-06;4;7
12;2025-11-06;5;331
12;2025-11-06;6;1471
12;2025-11-06;7;2788
12;2025-11-06;8;3779
12;2025-11-06;9;2652
12;2025-11-06;10;2210
12;2025-11-06;11;2100
12;2025-11-06;12;2128
12;2025-11-06;13;2097
12;2025-11-06;14;2035
12;2025-11-06;15;2249
12;2025-11-06;16;2755
12;2025-11-06;17;3141
12;2025-11-06;18;3295
12;2025-11-06;19;2420
12;2025-11-06;20;1567
12;2025-11-06;21;1003
12;2025-11-06;22;500
12;2025-11-06;23;264
12;2025-11-07;0;58
12;2025-11-07;1;1
12;2025-11-07;2;0
12;2025-11-07;3;0
12;2025-11-07;4;4
12;2025-11-07;5;343
12;2025-11-07;6;1482
12;2025-11-07;7;2841
12;2025-11-07;8;3500
12;2025-11-07;9;2643
12;2025-11-07;10;1920
12;2025-11-07;11;1984
12;2025-11-07;12;2068
12;2025-11-07;13;2318
12;2025-11-07;14;2064
12;2025-11-07;15;2426
12;2025-11-07;16;3042
12;2025-11-07;17;3028
12;2025-11-07;18;2633
12;2025-11-07;19;2214
12;2025-11-07;20;1436
12;2025-11-07;21;1022
12;2025-11-07;22;530
12;2025-11-07;23;349
12;2025-11-08;0;74
12;2025-11-08;1;2
12;2025-11-08;2;0
12;2025-11-08;3;0
12;2025-11-08;4;2
12;2025-11-08;5;232
12;2025-11-08;6;789
12;2025-11-08;7;937
12;2025-11-08;8;1073
12;2025-11-08;9;1317
12;2025-11-08;10;1533
12;2025-11-08;11;1530
12;2025-11-08;12;1583
12;2025-11-08;13;1815
12;2025-11-08;14;1632
12;2025-11-08;15;1603
12;2025-11-08;16;1737
12;2025-11-08;17;1690
12;2025-11-08;18;1620
12;2025-11-08;19;1434
12;2025-11-08;20;926
12;2025-11-08;21;812
12;2025-11-08;22;410
12;2025-11-08;23;307
12;2025-11-09;0;83
12;2025-11-09;1;3
12;2025-11-09;2;0
12;2025-11-09;3;0
12;2025-11-09;4;3
12;2025-11-09;5;133
12;2025-11-09;6;527
12;2025-11-09;7;715
12;2025-11-09;8;731
12;2025-11-09;9;923
12;2025-11-09;10;1167
12;2025-11-09;11;1270
12;2025-11-09;12;1375
12;2025-11-09;13;1607
12;2025-11-09;14;1439
12;2025-11-09;15;1536
12;2025-11-09;16;1531
12;2025-11-09;17;1530
12;2025-11-09;18;1331
12;2025-11-09;19;1017
12;2025-11-09;20;782
12;2025-11-09;21;610
12;2025-11-09;22;388
12;2025-11-09;23;199
12;2025-11-10;0;56
12;2025-11-10;1;2
12;2025-11-10;2;0
12;2025-11-10;3;0
12;2025-11-10;4;7
12;2025-11-10;5;318
12;2025-11-10;6;1498
12;2025-11-10;7;2780
12;2025-11-10;8;3740
12;2025-11-10;9;2692
12;2025-11-10;10;1998
12;2025-11-10;11;1938
12;2025-11-10;12;2170
12;2025-11-10;13;2032
12;2025-11-10;14;2084
12;2025-11-10;15;2299
12;2025-11-10;16;2853
12;2025-11-10;17;3134
12;2025-11-10;18;3355
12;2025-11-10;19;2453
12;2025-11-10;20;1738
12;2025-11-10;21;1041
12;2025-11-10;22;480
12;2025-11-10;23;242
12;2025-11-11;0;55
12;2025-11-11;1;1
12;2025-11-11;2;0
12;2025-11-11;3;0
12;2025-11-11;4;7
12;2025-11-11;5;331
12;2025-11-11;6;1471
12;2025-11-11;7;2788
12;2025-11-11;8;3779
12;2025-11-11;9;2652
12;2025-11-11;10;2210
12;2025-11-11;11;2100
12;2025-11-11;12;2128
12;2025-11-11;13;2097
12;2025-11-11;14;2035
12;2025-11-11;15;2249
12;2025-11-11;16;2755
12;2025-11-11;17;3141
12;2025-11-11;18;3295
12;2025-11-11;19;2420
12;2025-11-11;20;1567
12;2025-11-11;21;1003
12;2025-11-11;22;500
12;2025-11-11;23;264
12;2025-11-12;0;55
12;2025-11-12;1;1
12;2025-11-12;2;0
12;2025-11-12;3;0
12;2025-11-12;4;7
12;2025-11-12;5;331
12;2025-11-12;6;1471
12;2025-11-12;7;2788
12;2025-11-12;8;3779
12;2025-11-12;9;2652
12;2025-11-12;10;2210
12;2025-11-12;11;2100
12;2025-11-12;12;2128
12;2025-11-12;13;2097
12;2025-11-12;14;2035
12;2025-11-12;15;2249
12;2025-11-12;16;2755
12;2025-11-12;17;3141
12;2025-11-12;18;3295
12;2025-11-12;19;2420
12;2025-11-12;20;1567
12;2025-11-12;21;1003
12;2025-11-12;22;500
12;2025-11-12;23;264
12;2025-11-13;0;55
12;2025-11-13;1;1
12;2025-11-13;2;0
12;2025-11-13;3;0
12;2025-11-13;4;7
12;2025-11-13;5;331
12;2025-11-13;6;1471
12;2025-11-13;7;2788
12;2025-11-13;8;3779
12;2025-11-13;9;2652
12;2025-11-13;10;2210
12;2025-11-13;11;2100
12;2025-11-13;12;2128
12;2025-11-13;13;2097
12;2025-11-13;14;2035
12;2025-11-13;15;2249
12;2025-11-13;16;2755
12;2025-11-13;17;3141
12;2025-11-13;18;3295
12;2025-11-13;19;2420
12;2025-11-13;20;1567
12;2025-11-13;21;1003
12;2025-11-13;22;500
12;2025-11-13;23;264
12;2025-11-14;0;58
12;2025-11-14;1;1
12;2025-11-14;2;0
12;2025-11-14;3;0
12;2025-11-14;4;4
12;2025-11-14;5;343
12;2025-11-14;6;1482
12;2025-11-14;7;2841
12;2025-11-14;8;3500
12;2025-11-14;9;2643
12;2025-11-14;10;1920
12;2025-11-14;11;1984
12;2025-11-14;12;2068
12;2025-11-14;13;2318
12;2025-11-14;14;2064
12;2025-11-14;15;2426
12;2025-11-14;16;3042
12;2025-11-14;17;3028
12;2025-11-14;18;2633
12;2025-11-14;19;2214
12;2025-11-14;20;1436
12;2025-11-14;21;1022
12;2025-11-14;22;530
12;2025-11-14;23;349
12;2025-11-15;0;74
12;2025-11-15;1;2
12;2025-11-15;2;0
12;2025-11-15;3;0
12;2025-11-15;4;2
12;2025-11-15;5;232
12;2025-11-15;6;789
12;2025-11-15;7;937
12;2025-11-15;8;1073
12;2025-11-15;9;1317
12;2025-11-15;10;1533
12;2025-11-15;11;1530
12;2025-11-15;12;1583
12;2025-11-15;13;1815
12;2025-11-15;14;1632
12;2025-11-15;15;1603
12;2025-11-15;16;1737
12;2025-11-15;17;1690
12;2025-11-15;18;1620
12;2025-11-15;19;1434
12;2025-11-15;20;926
12;2025-11-15;21;812
12;2025-11-15;22;410
12;2025-11-15;23;307
12;2025-11-16;0;83
12;2025-11-16;1;3
12;2025-11-16;2;0
12;2025-11-16;3;0
12;2025-11-16;4;3
12;2025-11-16;5;133
12;2025-11-16;6;527
12;2025-11-16;7;715
12;2025-11-16;8;731
12;2025-11-16;9;923
12;2025-11-16;10;1167
12;2025-11-16;11;1270
12;2025-11-16;12;1375
12;2025-11-16;13;1607
12;2025-11-16;14;1439
12;2025-11-16;15;1536
12;2025-11-16;16;1531
12;2025-11-16;17;1530
12;2025-11-16;18;1331
12;2025-11-16;19;1017
12;2025-11-16;20;782
12;2025-11-16;21;610
12;2025-11-16;22;388
12;2025-11-16;23;199
12;2025-11-17;0;56
12;2025-11-17;1;2
12;2025-11-17;2;0
12;2025-11-17;3;0
12;2025-11-17;4;7
12;2025-11-17;5;318
12;2025-11-17;6;1498
12;2025-11-17;7;2780
12;2025-11-17;8;3740
12;2025-11-17;9;2692
12;2025-11-17;10;1998
12;2025-11-17;11;1938
12;2025-11-17;12;2170
12;2025-11-17;13;2032
12;2025-11-17;14;2084
12;2025-11-17;15;2299
12;2025-11-17;16;2853
12;2025-11-17;17;3134
12;2025-11-17;18;3355
12;2025-11-17;19;2453
12;2025-11-17;20;1738
12;2025-11-17;21;1041
12;2025-11-17;22;480
12;2025-11-17;23;242
12;2025-11-18;0;55
12;2025-11-18;1;1
12;2025-11-18;2;0
12;2025-11-18;3;0
12;2025-11-18;4;7
12;2025-11-18;5;331
12;2025-11-18;6;1471
12;2025-11-18;7;2788
12;2025-11-18;8;3779
12;2025-11-18;9;2652
12;2025-11-18;10;2210
12;2025-11-18;11;2100
12;2025-11-18;12;2128
12;2025-11-18;13;2097
12;2025-11-18;14;2035
12;2025-11-18;15;2249
12;2025-11-18;16;2755
12;2025-11-18;17;3141
12;2025-11-18;18;3295
12;2025-11-18;19;2420
12;2025-11-18;20;1567
12;2025-11-18;21;1003
12;2025-11-18;22;500
12;2025-11-18;23;264
12;2025-11-19;0;55
12;2025-11-19;1;1
12;2025-11-19;2;0
12;2025-11-19;3;0
12;2025-11-19;4;7
12;2025-11-19;5;331
12;2025-11-19;6;1471
12;2025-11-19;7;2788
12;2025-11-19;8;3779
12;2025-11-19;9;2652
12;2025-11-19;10;2210
12;2025-11-19;11;2100
12;2025-11-19;12;2128
12;2025-11-19;13;2097
12;2025-11-19;14;2035
12;2025-11-19;15;2249
12;2025-11-19;16;2755
12;2025-11-19;17;3141
12;2025-11-19;18;3295
12;2025-11-19;19;2420
12;2025-11-19;20;1567
12;2025-11-19;21;1003
12;2025-11-19;22;500
12;2025-11-19;23;264
12;2025-11-20;0;55
12;2025-11-20;1;1
12;2025-11-20;2;0
12;2025-11-20;3;0
12;2025-11-20;4;7
12;2025-11-20;5;331
12;2025-11-20;6;1471
12;2025-11-20;7;2788
12;2025-11-20;8;3779
12;2025-11-20;9;2652
12;2025-11-20;10;2210
12;2025-11-20;11;2100
12;2025-11-20;12;2128
12;2025-11-20;13;2097
12;2025-11-20;14;2035
12;2025-11-20;15;2249
12;2025-11-20;16;2755
12;2025-11-20;17;3141
12;2025-11-20;18;3295
12;2025-11-20;19;2420
12;2025-11-20;20;1567
12;2025-11-20;21;1003
12;2025-11-20;22;500
12;2025-11-20;23;264
12;2025-11-21;0;58
12;2025-11-21;1;1
12;2025-11-21;2;0
12;2025-11-21;3;0
12;2025-11-21;4;4
12;2025-11-21;5;343
12;2025-11-21;6;1482
12;2025-11-21;7;2841
12;2025-11-21;8;3500
12;2025-11-21;9;2643
12;2025-11-21;10;1920
12;2025-11-21;11;1984
12;2025-11-21;12;2068
12;2025-11-21;13;2318
12;2025-11-21;14;2064
12;2025-11-21;15;2426
12;2025-11-21;16;3042
12;2025-11-21;17;3028
12;2025-11-21;18;2633
12;2025-11-21;19;2214
12;2025-11-21;20;1436
12;2025-11-21;21;1022
12;2025-11-21;22;530
12;2025-11-21;23;349
12;2025-11-22;0;74
12;2025-11-22;1;2
12;2025-11-22;2;0
12;2025-11-22;3;0
12;2025-11-22;4;2
12;2025-11-22;5;232
12;2025-11-22;6;789
12;2025-11-22;7;937
12;2025-11-22;8;1073
12;2025-11-22;9;1317
12;2025-11-22;10;1533
12;2025-11-22;11;1530
12;2025-11-22;12;1583
12;2025-11-22;13;1815
12;2025-11-22;14;1632
12;2025-11-22;15;1603
12;2025-11-22;16;1737
12;2025-11-22;17;1690
12;2025-11-22;18;1620
12;2025-11-22;19;1434
12;2025-11-22;20;926
12;2025-11-22;21;812
12;2025-11-22;22;410
12;2025-11-22;23;307
12;2025-11-23;0;83
12;2025-11-23;1;3
12;2025-11-23;2;0
12;2025-11-23;3;0
12;2025-11-23;4;3
12;2025-11-23;5;133
12;2025-11-23;6;527
12;2025-11-23;7;715
12;2025-11-23;8;731
12;2025-11-23;9;923
12;2025-11-23;10;1167
12;2025-11-23;11;1270
12;2025-11-23;12;1375
12;2025-11-23;13;1607
12;2025-11-23;14;1439
12;2025-11-23;15;1536
12;2025-11-23;16;1531
12;2025-11-23;17;1530
12;2025-11-23;18;1331
12;2025-11-23;19;1017
12;2025-11-23;20;782
12;2025-11-23;21;610
12;2025-11-23;22;388
12;2025-11-23;23;199
12;2025-11-24;0;56
12;2025-11-24;1;2
12;2025-11-24;2;0
12;2025-11-24;3;0
12;2025-11-24;4;7
12;2025-11-24;5;318
12;2025-11-24;6;1498
12;2025-11-24;7;2780
12;2025-11-24;8;3740
12;2025-11-24;9;2692
12;2025-11-24;10;1998
12;2025-11-24;11;1938
12;2025-11-24;12;2170
12;2025-11-24;13;2032
12;2025-11-24;14;2084
12;2025-11-24;15;2299
12;2025-11-24;16;2853
12;2025-11-24;17;3134
12;2025-11-24;18;3355
12;2025-11-24;19;2453
12;2025-11-24;20;1738
12;2025-11-24;21;1041
12;2025-11-24;22;480
12;2025-11-24;23;242
12;2025-11-25;0;55
12;2025-11-25;1;1
12;2025-11-25;2;0
12;2025-11-25;3;0
12;2025-11-25;4;7
12;2025-11-25;5;331
12;2025-11-25;6;1471
12;2025-11-25;7;2788
12;2025-11-25;8;3779
12;2025-11-25;9;2652
12;2025-11-25;10;2210
12;2025-11-25;11;2100
12;2025-11-25;12;2128
12;2025-11-25;13;2097
12;2025-11-25;14;2035
12;2025-11-25;15;2249
12;2025-11-25;16;2755
12;2025-11-25;17;3141
12;2025-11-25;18;3295
12;2025-11-25;19;2420
12;2025-11-25;20;1567
12;2025-11-25;21;1003
12;2025-11-25;22;500
12;2025-11-25;23;264
12;2025-11-26;0;55
12;2025-11-26;1;1
12;2025-11-26;2;0
12;2025-11-26;3;0
12;2025-11-26;4;7
12;2025-11-26;5;331
12;2025-11-26;6;1471
12;2025-11-26;7;2788
12;2025-11-26;8;3779
12;2025-11-26;9;2652
12;2025-11-26;10;2210
12;2025-11-26;11;2100
12;2025-11-26;12;2128
12;2025-11-26;13;2097
12;2025-11-26;14;2035
12;2025-11-26;15;2249
12;2025-11-26;16;2755
12;2025-11-26;17;3141
12;2025-11-26;18;3295
12;2025-11-26;19;2420
12;2025-11-26;20;1567
12;2025-11-26;21;1003
12;2025-11-26;22;500
12;2025-11-26;23;264
12;2025-11-27;0;55
12;2025-11-27;1;1
12;2025-11-27;2;0
12;2025-11-27;3;0
12;2025-11-27;4;7
12;2025-11-27;5;331
12;2025-11-27;6;1471
12;2025-11-27;7;2788
12;2025-11-27;8;3779
12;2025-11-27;9;2652
12;2025-11-27;10;2210
12;2025-11-27;11;2100
12;2025-11-27;12;2128
12;2025-11-27;13;2097
12;2025-11-27;14;2035
12;2025-11-27;15;2249
12;2025-11-27;16;2755
12;2025-11-27;17;3141
12;2025-11-27;18;3295
12;2025-11-27;19;2420
12;2025-11-27;20;1567
12;2025-11-27;21;1003
12;2025-11-27;22;500
12;2025-11-27;23;264
12;2025-11-28;0;58
12;2025-11-28;1;1
12;2025-11-28;2;0
12;2025-11-28;3;0
12;2025-11-28;4;4
12;2025-11-28;5;343
12;2025-11-28;6;1482
12;2025-11-28;7;2841
12;2025-11-28;8;3500
12;2025-11-28;9;2643
12;2025-11-28;10;1920
12;2025-11-28;11;1984
12;2025-11-28;12;2068
12;2025-11-28;13;2318
12;2025-11-28;14;2064
12;2025-11-28;15;2426
12;2025-11-28;16;3042
12;2025-11-28;17;3028
12;2025-11-28;18;2633
12;2025-11-28;19;2214
12;2025-11-28;20;1436
12;2025-11-28;21;1022
12;2025-11-28;22;530
12;2025-11-28;23;349
12;2025-11-29;0;74
12;2025-11-29;1;2
12;2025-11-29;2;0
12;2025-11-29;3;0
12;2025-11-29;4;2
12;2025-11-29;5;232
12;2025-11-29;6;789
12;2025-11-29;7;937
12;2025-11-29;8;1073
12;2025-11-29;9;1317
12;2025-11-29;10;1533
12;2025-11-29;11;1530
12;2025-11-29;12;1583
12;2025-11-29;13;1815
12;2025-11-29;14;1632
12;2025-11-29;15;1603
12;2025-11-29;16;1737
12;2025-11-29;17;1690
12;2025-11-29;18;1620
12;2025-11-29;19;1434
12;2025-11-29;20;926
12;2025-11-29;21;812
12;2025-11-29;22;410
12;2025-11-29;23;307
12;2025-11-30;0;83
12;2025-11-30;1;3
12;2025-11-30;2;0
12;2025-11-30;3;0
12;2025-11-30;4;3
12;2025-11-30;5;133
12;2025-11-30;6;527
12;2025-11-30;7;715
12;2025-11-30;8;731
12;2025-11-30;9;923
12;2025-11-30;10;1167
12;2025-11-30;11;1270
12;2025-11-30;12;1375
12;2025-11-30;13;1607
12;2025-11-30;14;1439
12;2025-11-30;15;1536
12;2025-11-30;16;1531
12;2025-11-30;17;1530
12;2025-11-30;18;1331
12;2025-11-30;19;1017
12;2025-11-30;20;782
12;2025-11-30;21;610
12;2025-11-30;22;388
12;2025-11-30;23;199
12;2025-12-01;0;56
12;2025-12-01;1;2
12;2025-12-01;2;0
12;2025-12-01;3;0
12;2025-12-01;4;7
12;2025-12-01;5;318
12;2025-12-01;6;1498
12;2025-12-01;7;2780
12;2025-12-01;8;3740
12;2025-12-01;9;2692
12;2025-12-01;10;1998
12;2025-12-01;11;1938
12;2025-12-01;12;2170
12;2025-12-01;13;2032
12;2025-12-01;14;2084
12;2025-12-01;15;2299
12;2025-12-01;16;2853
12;2025-12-01;17;3134
12;2025-12-01;18;3355
12;2025-12-01;19;2453
12;2025-12-01;20;1738
12;2025-12-01;21;1041
12;2025-12-01;22;480
12;2025-12-01;23;242
12;2025-12-02;0;55
12;2025-12-02;1;1
12;2025-12-02;2;0
12;2025-12-02;3;0
12;2025-12-02;4;7
12;2025-12-02;5;331
12;2025-12-02;6;1471
12;2025-12-02;7;2788
12;2025-12-02;8;3779
12;2025-12-02;9;2652
12;2025-12-02;10;2210
12;2025-12-02;11;2100
12;2025-12-02;12;2128
12;2025-12-02;13;2097
12;2025-12-02;14;2035
12;2025-12-02;15;2249
12;2025-12-02;16;2755
12;2025-12-02;17;3141
12;2025-12-02;18;3295
12;2025-12-02;19;2420
12;2025-12-02;20;1567
12;2025-12-02;21;1003
12;2025-12-02;22;500
12;2025-12-02;23;264
12;2025-12-03;0;55
12;2025-12-03;1;1
12;2025-12-03;2;0
12;2025-12-03;3;0
12;2025-12-03;4;7
12;2025-12-03;5;331
12;2025-12-03;6;1471
12;2025-12-03;7;2788
12;2025-12-03;8;3779
12;2025-12-03;9;2652
12;2025-12-03;10;2210
12;2025-12-03;11;2100
12;2025-12-03;12;2128
12;2025-12-03;13;2097
12;2025-12-03;14;2035
12;2025-12-03;15;2249
12;2025-12-03;16;2755
12;2025-12-03;17;3141
12;2025-12-03;18;3295
12;2025-12-03;19;2420
12;2025-12-03;20;1567
12;2025-12-03;21;1003
12;2025-12-03;22;500
12;2025-12-03;23;264
12;2025-12-04;0;55
12;2025-12-04;1;1
12;2025-12-04;2;0
12;2025-12-04;3;0
12;2025-12-04;4;7
12;2025-12-04;5;331
12;2025-12-04;6;1471
12;2025-12-04;7;2788
12;2025-12-04;8;3779
12;2025-12-04;9;2652
12;2025-12-04;10;2210
12;2025-12-04;11;2100
12;2025-12-04;12;2128
12;2025-12-04;13;2097
12;2025-12-04;14;2035
12;2025-12-04;15;2249
12;2025-12-04;16;2755
12;2025-12-04;17;3141
12;2025-12-04;18;3295
12;2025-12-04;19;2420
12;2025-12-04;20;1567
12;2025-12-04;21;1003
12;2025-12-04;22;500
12;2025-12-04;23;264
12;2025-12-05;0;58
12;2025-12-05;1;1
12;2025-12-05;2;0
12;2025-12-05;3;0
12;2025-12-05;4;4
12;2025-12-05;5;343
12;2025-12-05;6;1482
12;2025-12-05;7;2841
12;2025-12-05;8;3500
12;2025-12-05;9;2643
12;2025-12-05;10;1920
12;2025-12-05;11;1984
12;2025-12-05;12;2068
12;2025-12-05;13;2318
12;2025-12-05;14;2064
12;2025-12-05;15;2426
12;2025-12-05;16;3042
12;2025-12-05;17;3028
12;2025-12-05;18;2633
12;2025-12-05;19;2214
12;2025-12-05;20;1436
12;2025-12-05;21;1022
12;2025-12-05;22;530
12;2025-12-05;23;349
12;2025-12-06;0;74
12;2025-12-06;1;2
12;2025-12-06;2;0
12;2025-12-06;3;0
12;2025-12-06;4;2
12;2025-12-06;5;232
12;2025-12-06;6;789
12;2025-12-06;7;937
12;2025-12-06;8;1073
12;2025-12-06;9;1317
12;2025-12-06;10;1533
12;2025-12-06;11;1530
12;2025-12-06;12;1583
12;2025-12-06;13;1815
12;2025-12-06;14;1632
12;2025-12-06;15;1603
12;2025-12-06;16;1737
12;2025-12-06;17;1690
12;2025-12-06;18;1620
12;2025-12-06;19;1434
12;2025-12-06;20;926
12;2025-12-06;21;812
12;2025-12-06;22;410
12;2025-12-06;23;307
12;2025-12-07;0;83
12;2025-12-07;1;3
12;2025-12-07;2;0
12;2025-12-07;3;0
12;2025-12-07;4;3
12;2025-12-07;5;133
12;2025-12-07;6;527
12;2025-12-07;7;715
12;2025-12-07;8;731
12;2025-12-07;9;923
12;2025-12-07;10;1167
12;2025-12-07;11;1270
12;2025-12-07;12;1375
12;2025-12-07;13;1607
12;2025-12-07;14;1439
12;2025-12-07;15;1536
12;2025-12-07;16;1531
12;2025-12-07;17;1530
12;2025-12-07;18;1331
12;2025-12-07;19;1017
12;2025-12-07;20;782
12;2025-12-07;21;610
12;2025-12-07;22;388
12;2025-12-07;23;199
12;2025-12-08;0;56
12;2025-12-08;1;2
12;2025-12-08;2;0
12;2025-12-08;3;0
12;2025-12-08;4;7
12;2025-12-08;5;318
12;2025-12-08;6;1498
12;2025-12-08;7;2780
12;2025-12-08;8;3740
12;2025-12-08;9;2692
12;2025-12-08;10;1998
12;2025-12-08;11;1938
12;2025-12-08;12;2170
12;2025-12-08;13;2032
12;2025-12-08;14;2084
12;2025-12-08;15;2299
12;2025-12-08;16;2853
12;2025-12-08;17;3134
12;2025-12-08;18;3355
12;2025-12-08;19;2453
12;2025-12-08;20;1738
12;2025-12-08;21;1041
12;2025-12-08;22;480
12;2025-12-08;23;242
12;2025-12-09;0;55
12;2025-12-09;1;1
12;2025-12-09;2;0
12;2025-12-09;3;0
12;2025-12-09;4;7
12;2025-12-09;5;331
12;2025-12-09;6;1471
12;2025-12-09;7;2788
12;2025-12-09;8;3779
12;2025-12-09;9;2652
12;2025-12-09;10;2210
12;2025-12-09;11;2100
12;2025-12-09;12;2128
12;2025-12-09;13;2097
12;2025-12-09;14;2035
12;2025-12-09;15;2249
12;2025-12-09;16;2755
12;2025-12-09;17;3141
12;2025-12-09;18;3295
12;2025-12-09;19;2420
12;2025-12-09;20;1567
12;2025-12-09;21;1003
12;2025-12-09;22;500
12;2025-12-09;23;264
12;2025-12-10;0;55
12;2025-12-10;1;1
12;2025-12-10;2;0
12;2025-12-10;3;0
12;2025-12-10;4;7
12;2025-12-10;5;331
12;2025-12-10;6;1471
12;2025-12-10;7;2788
12;2025-12-10;8;3779
12;2025-12-10;9;2652
12;2025-12-10;10;2210
12;2025-12-10;11;2100
12;2025-12-10;12;2128
12;2025-12-10;13;2097
12;2025-12-10;14;2035
12;2025-12-10;15;2249
12;2025-12-10;16;2755
12;2025-12-10;17;3141
12;2025-12-10;18;3295
12;2025-12-10;19;2420
12;2025-12-10;20;1567
12;2025-12-10;21;1003
12;2025-12-10;22;500
12;2025-12-10;23;264
12;2025-12-11;0;55
12;2025-12-11;1;1
12;2025-12-11;2;0
12;2025-12-11;3;0
12;2025-12-11;4;7
12;2025-12-11;5;331
12;2025-12-11;6;1471
12;2025-12-11;7;2788
12;2025-12-11;8;3779
12;2025-12-11;9;2652
12;2025-12-11;10;2210
12;2025-12-11;11;2100
12;2025-12-11;12;2128
12;2025-12-11;13;2097
12;2025-12-11;14;2035
12;2025-12-11;15;2249
12;2025-12-11;16;2755
12;2025-12-11;17;3141
12;2025-12-11;18;3295
12;2025-12-11;19;2420
12;2025-12-11;20;1567
12;2025-12-11;21;1003
12;2025-12-11;22;500
12;2025-12-11;23;264
12;2025-12-12;0;58
12;2025-12-12;1;1
12;2025-12-12;2;0
12;2025-12-12;3;0
12;2025-12-12;4;4
12;2025-12-12;5;343
12;2025-12-12;6;1482
12;2025-12-12;7;2841
12;2025-12-12;8;3500
12;2025-12-12;9;2643
12;2025-12-12;10;1920
12;2025-12-12;11;1984
12;2025-12-12;12;2068
12;2025-12-12;13;2318
12;2025-12-12;14;2064
12;2025-12-12;15;2426
12;2025-12-12;16;3042
12;2025-12-12;17;3028
12;2025-12-12;18;2633
12;2025-12-12;19;2214
12;2025-12-12;20;1436
12;2025-12-12;21;1022
12;2025-12-12;22;530
12;2025-12-12;23;349
12;2025-12-13;0;74
12;2025-12-13;1;2
12;2025-12-13;2;0
12;2025-12-13;3;0
12;2025-12-13;4;2
12;2025-12-13;5;232
12;2025-12-13;6;789
12;2025-12-13;7;937
12;2025-12-13;8;1073
12;2025-12-13;9;1317
12;2025-12-13;10;1533
12;2025-12-13;11;1530
12;2025-12-13;12;1583
12;2025-12-13;13;1815
12;2025-12-13;14;1632
12;2025-12-13;15;1603
12;2025-12-13;16;1737
12;2025-12-13;17;1690
12;2025-12-13;18;1620
12;2025-12-13;19;1434
12;2025-12-13;20;926
12;2025-12-13;21;812
12;2025-12-13;22;410
12;2025-12-13;23;307
12;2025-12-14;0;83
12;2025-12-14;1;3
12;2025-12-14;2;0
12;2025-12-14;3;0
12;2025-12-14;4;3
12;2025-12-14;5;133
12;2025-12-14;6;527
12;2025-12-14;7;715
12;2025-12-14;8;731
12;2025-12-14;9;923
12;2025-12-14;10;1167
12;2025-12-14;11;1270
12;2025-12-14;12;1375
12;2025-12-14;13;1607
12;2025-12-14;14;1439
12;2025-12-14;15;1536
12;2025-12-14;16;1531
12;2025-12-14;17;1530
12;2025-12-14;18;1331
12;2025-12-14;19;1017
12;2025-12-14;20;782
12;2025-12-14;21;610
12;2025-12-14;22;388
12;2025-12-14;23;199
12;2025-12-15;0;56
12;2025-12-15;1;2
12;2025-12-15;2;0
12;2025-12-15;3;0
12;2025-12-15;4;7
12;2025-12-15;5;318
12;2025-12-15;6;1498
12;2025-12-15;7;2780
12;2025-12-15;8;3740
12;2025-12-15;9;2692
12;2025-12-15;10;1998
12;2025-12-15;11;1938
12;2025-12-15;12;2170
12;2025-12-15;13;2032
12;2025-12-15;14;2084
12;2025-12-15;15;2299
12;2025-12-15;16;2853
12;2025-12-15;17;3134
12;2025-12-15;18;3355
12;2025-12-15;19;2453
12;2025-12-15;20;1738
12;2025-12-15;21;1041
12;2025-12-15;22;480
12;2025-12-15;23;242
12;2025-12-16;0;55
12;2025-12-16;1;1
12;2025-12-16;2;0
12;2025-12-16;3;0
12;2025-12-16;4;7
12;2025-12-16;5;331
12;2025-12-16;6;1471
12;2025-12-16;7;2788
12;2025-12-16;8;3779
12;2025-12-16;9;2652
12;2025-12-16;10;2210
12;2025-12-16;11;2100
12;2025-12-16;12;2128
12;2025-12-16;13;2097
12;2025-12-16;14;2035
12;2025-12-16;15;2249
12;2025-12-16;16;2755
12;2025-12-16;17;3141
12;2025-12-16;18;3295
12;2025-12-16;19;2420
12;2025-12-16;20;1567
12;2025-12-16;21;1003
12;2025-12-16;22;500
12;2025-12-16;23;264
12;2025-12-17;0;55
12;2025-12-17;1;1
12;2025-12-17;2;0
12;2025-12-17;3;0
12;2025-12-17;4;7
12;2025-12-17;5;331
12;2025-12-17;6;1471
12;2025-12-17;7;2788
12;2025-12-17;8;3779
12;2025-12-17;9;2652
12;2025-12-17;10;2210
12;2025-12-17;11;2100
12;2025-12-17;12;2128
12;2025-12-17;13;2097
12;2025-12-17;14;2035
12;2025-12-17;15;2249
12;2025-12-17;16;2755
12;2025-12-17;17;3141
12;2025-12-17;18;3295
12;2025-12-17;19;2420
12;2025-12-17;20;1567
12;2025-12-17;21;1003
12;2025-12-17;22;500
12;2025-12-17;23;264
12;2025-12-18;0;55
12;2025-12-18;1;1
12;2025-12-18;2;0
12;2025-12-18;3;0
12;2025-12-18;4;7
12;2025-12-18;5;331
12;2025-12-18;6;1471
12;2025-12-18;7;2788
12;2025-12-18;8;3779
12;2025-12-18;9;2652
12;2025-12-18;10;2210
12;2025-12-18;11;2100
12;2025-12-18;12;2128
12;2025-12-18;13;2097
12;2025-12-18;14;2035
12;2025-12-18;15;2249
12;2025-12-18;16;2755
12;2025-12-18;17;3141
12;2025-12-18;18;3295
12;2025-12-18;19;2420
12;2025-12-18;20;1567
12;2025-12-18;21;1003
12;2025-12-18;22;500
12;2025-12-18;23;264
12;2025-12-19;0;58
12;2025-12-19;1;1
12;2025-12-19;2;0
12;2025-12-19;3;0
12;2025-12-19;4;4
12;2025-12-19;5;343
12;2025-12-19;6;1482
12;2025-12-19;7;2841
12;2025-12-19;8;3500
12;2025-12-19;9;2643
12;2025-12-19;10;1920
12;2025-12-19;11;1984
12;2025-12-19;12;2068
12;2025-12-19;13;2318
12;2025-12-19;14;2064
12;2025-12-19;15;2426
12;2025-12-19;16;3042
12;2025-12-19;17;3028
12;2025-12-19;18;2633
12;2025-12-19;19;2214
12;2025-12-19;20;1436
12;2025-12-19;21;1022
12;2025-12-19;22;530
12;2025-12-19;23;349
12;2025-12-20;0;74
12;2025-12-20;1;2
12;2025-12-20;2;0
12;2025-12-20;3;0
12;2025-12-20;4;2
12;2025-12-20;5;232
12;2025-12-20;6;789
12;2025-12-20;7;937
12;2025-12-20;8;1073
12;2025-12-20;9;1317
12;2025-12-20;10;1533
12;2025-12-20;11;1530
12;2025-12-20;12;1583
12;2025-12-20;13;1815
12;2025-12-20;14;1632
12;2025-12-20;15;1603
12;2025-12-20;16;1737
12;2025-12-20;17;1690
12;2025-12-20;18;1620
12;2025-12-20;19;1434
12;2025-12-20;20;926
12;2025-12-20;21;812
12;2025-12-20;22;410
12;2025-12-20;23;307
12;2025-12-21;0;83
12;2025-12-21;1;3
12;2025-12-21;2;0
12;2025-12-21;3;0
12;2025-12-21;4;3
12;2025-12-21;5;133
12;2025-12-21;6;527
12;2025-12-21;7;715
12;2025-12-21;8;731
12;2025-12-21;9;923
12;2025-12-21;10;1167
12;2025-12-21;11;1270
12;2025-12-21;12;1375
12;2025-12-21;13;1607
12;2025-12-21;14;1439
12;2025-12-21;15;1536
12;2025-12-21;16;1531
12;2025-12-21;17;1530
12;2025-12-21;18;1331
12;2025-12-21;19;1017
12;2025-12-21;20;782
12;2025-12-21;21;610
12;2025-12-21;22;388
12;2025-12-21;23;199
12;2025-12-22;0;56
12;2025-12-22;1;2
12;2025-12-22;2;0
12;2025-12-22;3;0
12;2025-12-22;4;7
12;2025-12-22;5;318
12;2025-12-22;6;1498
12;2025-12-22;7;2780
12;2025-12-22;8;3740
12;2025-12-22;9;2692
12;2025-12-22;10;1998
12;2025-12-22;11;1938
12;2025-12-22;12;2170
12;2025-12-22;13;2032
12;2025-12-22;14;2084
12;2025-12-22;15;2299
12;2025-12-22;16;2853
12;2025-12-22;17;3134
12;2025-12-22;18;3355
12;2025-12-22;19;2453
12;2025-12-22;20;1738
12;2025-12-22;21;1041
12;2025-12-22;22;480
12;2025-12-22;23;242
12;2025-12-23;0;55
12;2025-12-23;1;1
12;2025-12-23;2;0
12;2025-12-23;3;0
12;2025-12-23;4;7
12;2025-12-23;5;331
12;2025-12-23;6;1471
12;2025-12-23;7;2788
12;2025-12-23;8;3779
12;2025-12-23;9;2652
12;2025-12-23;10;2210
12;2025-12-23;11;2100
12;2025-12-23;12;2128
12;2025-12-23;13;2097
12;2025-12-23;14;2035
12;2025-12-23;15;2249
12;2025-12-23;16;2755
12;2025-12-23;17;3141
12;2025-12-23;18;3295
12;2025-12-23;19;2420
12;2025-12-23;20;1567
12;2025-12-23;21;1003
12;2025-12-23;22;500
12;2025-12-23;23;264
12;2025-12-24;0;55
12;2025-12-24;1;1
12;2025-12-24;2;0
12;2025-12-24;3;0
12;2025-12-24;4;7
12;2025-12-24;5;331
12;2025-12-24;6;1471
12;2025-12-24;7;2788
12;2025-12-24;8;3779
12;2025-12-24;9;2652
12;2025-12-24;10;2210
12;2025-12-24;11;2100
12;2025-12-24;12;2128
12;2025-12-24;13;2097
12;2025-12-24;14;2035
12;2025-12-24;15;2249
12;2025-12-24;16;2755
12;2025-12-24;17;3141
12;2025-12-24;18;3295
12;2025-12-24;19;2420
12;2025-12-24;20;1567
12;2025-12-24;21;1003
12;2025-12-24;22;500
12;2025-12-24;23;264
12;2025-12-25;0;55
12;2025-12-25;1;1
12;2025-12-25;2;0
12;2025-12-25;3;0
12;2025-12-25;4;7
12;2025-12-25;5;331
12;2025-12-25;6;1471
12;2025-12-25;7;2788
12;2025-12-25;8;3779
12;2025-12-25;9;2652
12;2025-12-25;10;2210
12;2025-12-25;11;2100
12;2025-12-25;12;2128
12;2025-12-25;13;2097
12;2025-12-25;14;2035
12;2025-12-25;15;2249
12;2025-12-25;16;2755
12;2025-12-25;17;3141
12;2025-12-25;18;3295
12;2025-12-25;19;2420
12;2025-12-25;20;1567
12;2025-12-25;21;1003
12;2025-12-25;22;500
12;2025-12-25;23;264
12;2025-12-26;0;58
12;2025-12-26;1;1
12;2025-12-26;2;0
12;2025-12-26;3;0
12;2025-12-26;4;4
12;2025-12-26;5;343
12;2025-12-26;6;1482
12;2025-12-26;7;2841
12;2025-12-26;8;3500
12;2025-12-26;9;2643
12;2025-12-26;10;1920
12;2025-12-26;11;1984
12;2025-12-26;12;2068
12;2025-12-26;13;2318
12;2025-12-26;14;2064
12;2025-12-26;15;2426
12;2025-12-26;16;3042
12;2025-12-26;17;3028
12;2025-12-26;18;2633
12;2025-12-26;19;2214
12;2025-12-26;20;1436
12;2025-12-26;21;1022
12;2025-12-26;22;530
12;2025-12-26;23;349
12;2025-12-27;0;74
12;2025-12-27;1;2
12;2025-12-27;2;0
12;2025-12-27;3;0
12;2025-12-27;4;2
12;2025-12-27;5;232
12;2025-12-27;6;789
12;2025-12-27;7;937
12;2025-12-27;8;1073
12;2025-12-27;9;1317
12;2025-12-27;10;1533
12;2025-12-27;11;1530
12;2025-12-27;12;1583
12;2025-12-27;13;1815
12;2025-12-27;14;1632
12;2025-12-27;15;1603
12;2025-12-27;16;1737
12;2025-12-27;17;1690
12;2025-12-27;18;1620
12;2025-12-27;19;1434
12;2025-12-27;20;926
12;2025-12-27;21;812
12;2025-12-27;22;410
12;2025-12-27;23;307
12;2025-12-28;0;83
12;2025-12-28;1;3
12;2025-12-28;2;0
12;2025-12-28;3;0
12;2025-12-28;4;3
12;2025-12-28;5;133
12;2025-12-28;6;527
12;2025-12-28;7;715
12;2025-12-28;8;731
12;2025-12-28;9;923
12;2025-12-28;10;1167
12;2025-12-28;11;1270
12;2025-12-28;12;1375
12;2025-12-28;13;1607
12;2025-12-28;14;1439
12;2025-12-28;15;1536
12;2025-12-28;16;1531
12;2025-12-28;17;1530
12;2025-12-28;18;1331
12;2025-12-28;19;1017
12;2025-12-28;20;782
12;2025-12-28;21;610
12;2025-12-28;22;388
12;2025-12-28;23;199
12;2025-12-29;0;48
12;2025-12-29;1;2
12;2025-12-29;2;0
12;2025-12-29;3;0
12;2025-12-29;4;6
12;2025-12-29;5;271
12;2025-12-29;6;1273
12;2025-12-29;7;2363
12;2025-12-29;8;3179
12;2025-12-29;9;2289
12;2025-12-29;10;1699
12;2025-12-29;11;1647
12;2025-12-29;12;1844
12;2025-12-29;13;1728
12;2025-12-29;14;1771
12;2025-12-29;15;1955
12;2025-12-29;16;2425
12;2025-12-29;17;2664
12;2025-12-29;18;2851
12;2025-12-29;19;2085
12;2025-12-29;20;1478
12;2025-12-29;21;885
12;2025-12-29;22;408
12;2025-12-29;23;206
12;2025-12-30;0;47
12;2025-12-30;1;0
12;2025-12-30;2;0
12;2025-12-30;3;0
12;2025-12-30;4;6
12;2025-12-30;5;281
12;2025-12-30;6;1251
12;2025-12-30;7;2370
12;2025-12-30;8;3212
12;2025-12-30;9;2254
12;2025-12-30;10;1879
12;2025-12-30;11;1785
12;2025-12-30;12;1809
12;2025-12-30;13;1782
12;2025-12-30;14;1730
12;2025-12-30;15;1911
12;2025-12-30;16;2342
12;2025-12-30;17;2670
12;2025-12-30;18;2801
12;2025-12-30;19;2057
12;2025-12-30;20;1332
12;2025-12-30;21;853
12;2025-12-30;22;425
12;2025-12-30;23;225
12;2025-12-31;0;70
12;2025-12-31;1;2
12;2025-12-31;2;0
12;2025-12-31;3;0
12;2025-12-31;4;3
12;2025-12-31;5;113
12;2025-12-31;6;448
12;2025-12-31;7;608
12;2025-12-31;8;621
12;2025-12-31;9;784
12;2025-12-31;10;992
12;2025-12-31;11;1080
12;2025-12-31;12;1169
12;2025-12-31;13;1366
12;2025-12-31;14;1223
12;2025-12-31;15;1305
12;2025-12-31;16;1302
12;2025-12-31;17;1300
12;2025-12-31;18;1132
12;2025-12-31;19;864
12;2025-12-31;20;664
12;2025-12-31;21;519
12;2025-12-31;22;330
12;2025-12-31;23;169
17;2025-11-01;0;132
17;2025-11-01;1;16
17;2025-11-01;2;0
17;2025-11-01;3;0
17;2025-11-01;4;21
17;2025-11-01;5;281
17;2025-11-01;6;1370
17;2025-11-01;7;3734
17;2025-11-01;8;4741
17;2025-11-01;9;3401
17;2025-11-01;10;2714
17;2025-11-01;11;2784
17;2025-11-01;12;2716
17;2025-11-01;13;2816
17;2025-11-01;14;2913
17;2025-11-01;15;3121
17;2025-11-01;16;3792
17;2025-11-01;17;4300
17;2025-11-01;18;3943
17;2025-11-01;19;2870
17;2025-11-01;20;2131
17;2025-11-01;21;1425
17;2025-11-01;22;651
17;2025-11-01;23;439
17;2025-11-02;0;185
17;2025-11-02;1;24
17;2025-11-02;2;0
17;2025-11-02;3;0
17;2025-11-02;4;2
17;2025-11-02;5;110
17;2025-11-02;6;442
17;2025-11-02;7;869
17;2025-11-02;8;1272
17;2025-11-02;9;1725
17;2025-11-02;10;2031
17;2025-11-02;11;2635
17;2025-11-02;12;2950
17;2025-11-02;13;3222
17;2025-11-02;14;3386
17;2025-11-02;15;3301
17;2025-11-02;16;3202
17;2025-11-02;17;3053
17;2025-11-02;18;2620
17;2025-11-02;19;2093
17;2025-11-02;20;1551
17;2025-11-02;21;1143
17;2025-11-02;22;694
17;2025-11-02;23;321
17;2025-11-03;0;185
17;2025-11-03;1;24
17;2025-11-03;2;0
17;2025-11-03;3;0
17;2025-11-03;4;2
17;2025-11-03;5;110
17;2025-11-03;6;442
17;2025-11-03;7;869
17;2025-11-03;8;1272
17;2025-11-03;9;1725
17;2025-11-03;10;2031
17;2025-11-03;11;2635
17;2025-11-03;12;2950
17;2025-11-03;13;3222
17;2025-11-03;14;3386
17;2025-11-03;15;3301
17;2025-11-03;16;3202
17;2025-11-03;17;3053
17;2025-11-03;18;2620
17;2025-11-03;19;2093
17;2025-11-03;20;1551
17;2025-11-03;21;1143
17;2025-11-03;22;694
17;2025-11-03;23;321
17;2025-11-04;0;185
17;2025-11-04;1;24
17;2025-11-04;2;0
17;2025-11-04;3;0
17;2025-11-04;4;2
17;2025-11-04;5;110
17;2025-11-04;6;442
17;2025-11-04;7;869
17;2025-11-04;8;1272
17;2025-11-04;9;1725
17;2025-11-04;10;2031
17;2025-11-04;11;2635
17;2025-11-04;12;2950
17;2025-11-04;13;3222
17;2025-11-04;14;3386
17;2025-11-04;15;3301
17;2025-11-04;16;3202
17;2025-11-04;17;3053
17;2025-11-04;18;2620
17;2025-11-04;19;2093
17;2025-11-04;20;1551
17;2025-11-04;21;1143
17;2025-11-04;22;694
17;2025-11-04;23;321
17;2025-11-05;0;122
17;2025-11-05;1;11
17;2025-11-05;2;0
17;2025-11-05;3;0
17;2025-11-05;4;25
17;2025-11-05;5;324
17;2025-11-05;6;1576
17;2025-11-05;7;4381
17;2025-11-05;8;5539
17;2025-11-05;9;3988
17;2025-11-05;10;3157
17;2025-11-05;11;3124
17;2025-11-05;12;3142
17;2025-11-05;13;3156
17;2025-11-05;14;3297
17;2025-11-05;15;3361
17;2025-11-05;16;3750
17;2025-11-05;17;4643
17;2025-11-05;18;4946
17;2025-11-05;19;3428
17;2025-11-05;20;2402
17;2025-11-05;21;1491
17;2025-11-05;22;715
17;2025-11-05;23;388
17;2025-11-06;0;122
17;2025-11-06;1;11
17;2025-11-06;2;0
17;2025-11-06;3;0
17;2025-11-06;4;25
17;2025-11-06;5;324
17;2025-11-06;6;1576
17;2025-11-06;7;4381
17;2025-11-06;8;5539
17;2025-11-06;9;3988
17;2025-11-06;10;3157
17;2025-11-06;11;3124
17;2025-11-06;12;3142
17;2025-11-06;13;3156
17;2025-11-06;14;3297
17;2025-11-06;15;3361
17;2025-11-06;16;3750
17;2025-11-06;17;4643
17;2025-11-06;18;4946
17;2025-11-06;19;3428
17;2025-11-06;20;2402
17;2025-11-06;21;1491
17;2025-11-06;22;715
17;2025-11-06;23;388
17;2025-11-07;0;149
17;2025-11-07;1;18
17;2025-11-07;2;0
17;2025-11-07;3;0
17;2025-11-07;4;24
17;2025-11-07;5;317
17;2025-11-07;6;1542
17;2025-11-07;7;4202
17;2025-11-07;8;5336
17;2025-11-07;9;3828
17;2025-11-07;10;3055
17;2025-11-07;11;3133
17;2025-11-07;12;3057
17;2025-11-07;13;3169
17;2025-11-07;14;3278
17;2025-11-07;15;3513
17;2025-11-07;16;4268
17;2025-11-07;17;4840
17;2025-11-07;18;4438
17;2025-11-07;19;3231
17;2025-11-07;20;2398
17;2025-11-07;21;1603
17;2025-11-07;22;733
17;2025-11-07;23;494
17;2025-11-08;0;211
17;2025-11-08;1;28
17;2025-11-08;2;0
17;2025-11-08;3;0
17;2025-11-08;4;5
17;2025-11-08;5;137
17;2025-11-08;6;606
17;2025-11-08;7;1288
17;2025-11-08;8;1831
17;2025-11-08;9;2333
17;2025-11-08;10;2626
17;2025-11-08;11;3120
17;2025-11-08;12;3483
17;2025-11-08;13;3708
17;2025-11-08;14;3702
17;2025-11-08;15;3727
17;2025-11-08;16;3733
17;2025-11-08;17;3381
17;2025-11-08;18;3100
17;2025-11-08;19;2420
17;2025-11-08;20;1909
17;2025-11-08;21;1361
17;2025-11-08;22;827
17;2025-11-08;23;458
17;2025-11-09;0;185
17;2025-11-09;1;24
17;2025-11-09;2;0
17;2025-11-09;3;0
17;2025-11-09;4;2
17;2025-11-09;5;110
17;2025-11-09;6;442
17;2025-11-09;7;869
17;2025-11-09;8;1272
17;2025-11-09;9;1725
17;2025-11-09;10;2031
17;2025-11-09;11;2635
17;2025-11-09;12;2950
17;2025-11-09;13;3222
17;2025-11-09;14;3386
17;2025-11-09;15;3301
17;2025-11-09;16;3202
17;2025-11-09;17;3053
17;2025-11-09;18;2620
17;2025-11-09;19;2093
17;2025-11-09;20;1551
17;2025-11-09;21;1143
17;2025-11-09;22;694
17;2025-11-09;23;321
17;2025-11-10;0;128
17;2025-11-10;1;15
17;2025-11-10;2;0
17;2025-11-10;3;0
17;2025-11-10;4;27
17;2025-11-10;5;316
17;2025-11-10;6;1633
17;2025-11-10;7;4468
17;2025-11-10;8;5756
17;2025-11-10;9;4053
17;2025-11-10;10;3110
17;2025-11-10;11;3032
17;2025-11-10;12;3029
17;2025-11-10;13;3167
17;2025-11-10;14;3178
17;2025-11-10;15;3327
17;2025-11-10;16;3824
17;2025-11-10;17;4393
17;2025-11-10;18;4733
17;2025-11-10;19;3268
17;2025-11-10;20;2251
17;2025-11-10;21;1416
17;2025-11-10;22;643
17;2025-11-10;23;341
17;2025-11-11;0;122
17;2025-11-11;1;11
17;2025-11-11;2;0
17;2025-11-11;3;0
17;2025-11-11;4;25
17;2025-11-11;5;324
17;2025-11-11;6;1576
17;2025-11-11;7;4381
17;2025-11-11;8;5539
17;2025-11-11;9;3988
17;2025-11-11;10;3157
17;2025-11-11;11;3124
17;2025-11-11;12;3142
17;2025-11-11;13;3156
17;2025-11-11;14;3297
17;2025-11-11;15;3361
17;2025-11-11;16;3750
17;2025-11-11;17;4643
17;2025-11-11;18;4946
17;2025-11-11;19;3428
17;2025-11-11;20;2402
17;2025-11-11;21;1491
17;2025-11-11;22;715
17;2025-11-11;23;388
17;2025-11-12;0;122
17;2025-11-12;1;11
17;2025-11-12;2;0
17;2025-11-12;3;0
17;2025-11-12;4;25
17;2025-11-12;5;324
17;2025-11-12;6;1576
17;2025-11-12;7;4381
17;2025-11-12;8;5539
17;2025-11-12;9;3988
17;2025-11-12;10;3157
17;2025-11-12;11;3124
17;2025-11-12;12;3142
17;2025-11-12;13;3156
17;2025-11-12;14;3297
17;2025-11-12;15;3361
17;2025-11-12;16;3750
17;2025-11-12;17;4643
17;2025-11-12;18;4946
17;2025-11-12;19;3428
17;2025-11-12;20;2402
17;2025-11-12;21;1491
17;2025-11-12;22;715
17;2025-11-12;23;388
17;2025-11-13;0;122
17;2025-11-13;1;11
17;2025-11-13;2;0
17;2025-11-13;3;0
17;2025-11-13;4;25
17;2025-11-13;5;324
17;2025-11-13;6;1576
17;2025-11-13;7;4381
17;2025-11-13;8;5539
17;2025-11-13;9;3988
17;2025-11-13;10;3157
17;2025-11-13;11;3124
17;2025-11-13;12;3142
17;2025-11-13;13;3156
17;2025-11-13;14;3297
17;2025-11-13;15;3361
17;2025-11-13;16;3750
17;2025-11-13;17;4643
17;2025-11-13;18;4946
17;2025-11-13;19;3428
17;2025-11-13;20;2402
17;2025-11-13;21;1491
17;2025-11-13;22;715
17;2025-11-13;23;388
17;2025-11-14;0;149
17;2025-11-14;1;18
17;2025-11-14;2;0
17;2025-11-14;3;0
17;2025-11-14;4;24
17;2025-11-14;5;317
17;2025-11-14;6;1542
17;2025-11-14;7;4202
17;2025-11-14;8;5336
17;2025-11-14;9;3828
17;2025-11-14;10;3055
17;2025-11-14;11;3133
17;2025-11-14;12;3057
17;2025-11-14;13;3169
17;2025-11-14;14;3278
17;2025-11-14;15;3513
17;2025-11-14;16;4268
17;2025-11-14;17;4840
17;2025-11-14;18;4438
17;2025-11-14;19;3231
17;2025-11-14;20;2398
17;2025-11-14;21;1603
17;2025-11-14;22;733
17;2025-11-14;23;494
17;2025-11-15;0;211
17;2025-11-15;1;28
17;2025-11-15;2;0
17;2025-11-15;3;0
17;2025-11-15;4;5
17;2025-11-15;5;137
17;2025-11-15;6;606
17;2025-11-15;7;1288
17;2025-11-15;8;1831
17;2025-11-15;9;2333
17;2025-11-15;10;2626
17;2025-11-15;11;3120
17;2025-11-15;12;3483
17;2025-11-15;13;3708
17;2025-11-15;14;3702
17;2025-11-15;15;3727
17;2025-11-15;16;3733
17;2025-11-15;17;3381
17;2025-11-15;18;3100
17;2025-11-15;19;2420
17;2025-11-15;20;1909
17;2025-11-15;21;1361
17;2025-11-15;22;827
17;2025-11-15;23;458
17;2025-11-16;0;185
17;2025-11-16;1;24
17;2025-11-16;2;0
17;2025-11-16;3;0
17;2025-11-16;4;2
17;2025-11-16;5;110
17;2025-11-16;6;442
17;2025-11-16;7;869
17;2025-11-16;8;1272
17;2025-11-16;9;1725
17;2025-11-16;10;2031
17;2025-11-16;11;2635
17;2025-11-16;12;2950
17;2025-11-16;13;3222
17;2025-11-16;14;3386
17;2025-11-16;15;3301
17;2025-11-16;16;3202
17;2025-11-16;17;3053
17;2025-11-16;18;2620
17;2025-11-16;19;2093
17;2025-11-16;20;1551
17;2025-11-16;21;1143
17;2025-11-16;22;694
17;2025-11-16;23;321
17;2025-11-17;0;128
17;2025-11-17;1;15
17;2025-11-17;2;0
17;2025-11-17;3;0
17;2025-11-17;4;27
17;2025-11-17;5;316
17;2025-11-17;6;1633
17;2025-11-17;7;4468
17;2025-11-17;8;5756
17;2025-11-17;9;4053
17;2025-11-17;10;3110
17;2025-11-17;11;3032
17;2025-11-17;12;3029
17;2025-11-17;13;3167
17;2025-11-17;14;3178
17;2025-11-17;15;3327
17;2025-11-17;16;3824
17;2025-11-17;17;4393
17;2025-11-17;18;4733
17;2025-11-17;19;3268
17;2025-11-17;20;2251
17;2025-11-17;21;1416
17;2025-11-17;22;643
17;2025-11-17;23;341
17;2025-11-18;0;122
17;2025-11-18;1;11
17;2025-11-18;2;0
17;2025-11-18;3;0
17;2025-11-18;4;25
17;2025-11-18;5;324
17;2025-11-18;6;1576
17;2025-11-18;7;4381
17;2025-11-18;8;5539
17;2025-11-18;9;3988
17;2025-11-18;10;3157
17;2025-11-18;11;3124
17;2025-11-18;12;3142
17;2025-11-18;13;3156
17;2025-11-18;14;3297
17;2025-11-18;15;3361
17;2025-11-18;16;3750
17;2025-11-18;17;4643
17;2025-11-18;18;4946
17;2025-11-18;19;3428
17;2025-11-18;20;2402
17;2025-11-18;21;1491
17;2025-11-18;22;715
17;2025-11-18;23;388
17;2025-11-19;0;122
17;2025-11-19;1;11
17;2025-11-19;2;0
17;2025-11-19;3;0
17;2025-11-19;4;25
17;2025-11-19;5;324
17;2025-11-19;6;1576
17;2025-11-19;7;4381
17;2025-11-19;8;5539
17;2025-11-19;9;3988
17;2025-11-19;10;3157
17;2025-11-19;11;3124
17;2025-11-19;12;3142
17;2025-11-19;13;3156
17;2025-11-19;14;3297
17;2025-11-19;15;3361
17;2025-11-19;16;3750
17;2025-11-19;17;4643
17;2025-11-19;18;4946
17;2025-11-19;19;3428
17;2025-11-19;20;2402
17;2025-11-19;21;1491
17;2025-11-19;22;715
17;2025-11-19;23;388
17;2025-11-20;0;122
17;2025-11-20;1;11
17;2025-11-20;2;0
17;2025-11-20;3;0
17;2025-11-20;4;25
17;2025-11-20;5;324
17;2025-11-20;6;1576
17;2025-11-20;7;4381
17;2025-11-20;8;5539
17;2025-11-20;9;3988
17;2025-11-20;10;3157
17;2025-11-20;11;3124
17;2025-11-20;12;3142
17;2025-11-20;13;3156
17;2025-11-20;14;3297
17;2025-11-20;15;3361
17;2025-11-20;16;3750
17;2025-11-20;17;4643
17;2025-11-20;18;4946
17;2025-11-20;19;3428
17;2025-11-20;20;2402
17;2025-11-20;21;1491
17;2025-11-20;22;715
17;2025-11-20;23;388
17;2025-11-21;0;149
17;2025-11-21;1;18
17;2025-11-21;2;0
17;2025-11-21;3;0
17;2025-11-21;4;24
17;2025-11-21;5;317
17;2025-11-21;6;1542
17;2025-11-21;7;4202
17;2025-11-21;8;5336
17;2025-11-21;9;3828
17;2025-11-21;10;3055
17;2025-11-21;11;3133
17;2025-11-21;12;3057
17;2025-11-21;13;3169
17;2025-11-21;14;3278
17;2025-11-21;15;3513
17;2025-11-21;16;4268
17;2025-11-21;17;4840
17;2025-11-21;18;4438
17;2025-11-21;19;3231
17;2025-11-21;20;2398
17;2025-11-21;21;1603
17;2025-11-21;22;733
17;2025-11-21;23;494
17;2025-11-22;0;211
17;2025-11-22;1;28
17;2025-11-22;2;0
17;2025-11-22;3;0
17;2025-11-22;4;5
17;2025-11-22;5;137
17;2025-11-22;6;606
17;2025-11-22;7;1288
17;2025-11-22;8;1831
17;2025-11-22;9;2333
17;2025-11-22;10;2626
17;2025-11-22;11;3120
17;2025-11-22;12;3483
17;2025-11-22;13;3708
17;2025-11-22;14;3702
17;2025-11-22;15;3727
17;2025-11-22;16;3733
17;2025-11-22;17;3381
17;2025-11-22;18;3100
17;2025-11-22;19;2420
17;2025-11-22;20;1909
17;2025-11-22;21;1361
17;2025-11-22;22;827
17;2025-11-22;23;458
17;2025-11-23;0;185
17;2025-11-23;1;24
17;2025-11-23;2;0
17;2025-11-23;3;0
17;2025-11-23;4;2
17;2025-11-23;5;110
17;2025-11-23;6;442
17;2025-11-23;7;869
17;2025-11-23;8;1272
17;2025-11-23;9;1725
17;2025-11-23;10;2031
17;2025-11-23;11;2635
17;2025-11-23;12;2950
17;2025-11-23;13;3222
17;2025-11-23;14;3386
17;2025-11-23;15;3301
17;2025-11-23;16;3202
17;2025-11-23;17;3053
17;2025-11-23;18;2620
17;2025-11-23;19;2093
17;2025-11-23;20;1551
17;2025-11-23;21;1143
17;2025-11-23;22;694
17;2025-11-23;23;321
17;2025-11-24;0;128
17;2025-11-24;1;15
17;2025-11-24;2;0
17;2025-11-24;3;0
17;2025-11-24;4;27
17;2025-11-24;5;316
17;2025-11-24;6;1633
17;2025-11-24;7;4468
17;2025-11-24;8;5756
17;2025-11-24;9;4053
17;2025-11-24;10;3110
17;2025-11-24;11;3032
17;2025-11-24;12;3029
17;2025-11-24;13;3167
17;2025-11-24;14;3178
17;2025-11-24;15;3327
17;2025-11-24;16;3824
17;2025-11-24;17;4393
17;2025-11-24;18;4733
17;2025-11-24;19;3268
17;2025-11-24;20;2251
17;2025-11-24;21;1416
17;2025-11-24;22;643
17;2025-11-24;23;341
17;2025-11-25;0;122
17;2025-11-25;1;11
17;2025-11-25;2;0
17;2025-11-25;3;0
17;2025-11-25;4;25
17;2025-11-25;5;324
17;2025-11-25;6;1576
17;2025-11-25;7;4381
17;2025-11-25;8;5539
17;2025-11-25;9;3988
17;2025-11-25;10;3157
17;2025-11-25;11;3124
17;2025-11-25;12;3142
17;2025-11-25;13;3156
17;2025-11-25;14;3297
17;2025-11-25;15;3361
17;2025-11-25;16;3750
17;2025-11-25;17;4643
17;2025-11-25;18;4946
17;2025-11-25;19;3428
17;2025-11-25;20;2402
17;2025-11-25;21;1491
17;2025-11-25;22;715
17;2025-11-25;23;388
17;2025-11-26;0;122
17;2025-11-26;1;11
17;2025-11-26;2;0
17;2025-11-26;3;0
17;2025-11-26;4;25
17;2025-11-26;5;324
17;2025-11-26;6;1576
17;2025-11-26;7;4381
17;2025-11-26;8;5539
17;2025-11-26;9;3988
17;2025-11-26;10;3157
17;2025-11-26;11;3124
17;2025-11-26;12;3142
17;2025-11-26;13;3156
17;2025-11-26;14;3297
17;2025-11-26;15;3361
17;2025-11-26;16;3750
17;2025-11-26;17;4643
17;2025-11-26;18;4946
17;2025-11-26;19;3428
17;2025-11-26;20;2402
17;2025-11-26;21;1491
17;2025-11-26;22;715
17;2025-11-26;23;388
17;2025-11-27;0;122
17;2025-11-27;1;11
17;2025-11-27;2;0
17;2025-11-27;3;0
17;2025-11-27;4;25
17;2025-11-27;5;324
17;2025-11-27;6;1576
17;2025-11-27;7;4381
17;2025-11-27;8;5539
17;2025-11-27;9;3988
17;2025-11-27;10;3157
17;2025-11-27;11;3124
17;2025-11-27;12;3142
17;2025-11-27;13;3156
17;2025-11-27;14;3297
17;2025-11-27;15;3361
17;2025-11-27;16;3750
17;2025-11-27;17;4643
17;2025-11-27;18;4946
17;2025-11-27;19;3428
17;2025-11-27;20;2402
17;2025-11-27;21;1491
17;2025-11-27;22;715
17;2025-11-27;23;388
17;2025-11-28;0;149
17;2025-11-28;1;18
17;2025-11-28;2;0
17;2025-11-28;3;0
17;2025-11-28;4;24
17;2025-11-28;5;317
17;2025-11-28;6;1542
17;2025-11-28;7;4202
17;2025-11-28;8;5336
17;2025-11-28;9;3828
17;2025-11-28;10;3055
17;2025-11-28;11;3133
17;2025-11-28;12;3057
17;2025-11-28;13;3169
17;2025-11-28;14;3278
17;2025-11-28;15;3513
17;2025-11-28;16;4268
17;2025-11-28;17;4840
17;2025-11-28;18;4438
17;2025-11-28;19;3231
17;2025-11-28;20;2398
17;2025-11-28;21;1603
17;2025-11-28;22;733
17;2025-11-28;23;494
17;2025-11-29;0;211
17;2025-11-29;1;28
17;2025-11-29;2;0
17;2025-11-29;3;0
17;2025-11-29;4;5
17;2025-11-29;5;137
17;2025-11-29;6;606
17;2025-11-29;7;1288
17;2025-11-29;8;1831
17;2025-11-29;9;2333
17;2025-11-29;10;2626
17;2025-11-29;11;3120
17;2025-11-29;12;3483
17;2025-11-29;13;3708
17;2025-11-29;14;3702
17;2025-11-29;15;3727
17;2025-11-29;16;3733
17;2025-11-29;17;3381
17;2025-11-29;18;3100
17;2025-11-29;19;2420
17;2025-11-29;20;1909
17;2025-11-29;21;1361
17;2025-11-29;22;827
17;2025-11-29;23;458
17;2025-11-30;0;185
17;2025-11-30;1;24
17;2025-11-30;2;0
17;2025-11-30;3;0
17;2025-11-30;4;2
17;2025-11-30;5;110
17;2025-11-30;6;442
17;2025-11-30;7;869
17;2025-11-30;8;1272
17;2025-11-30;9;1725
17;2025-11-30;10;2031
17;2025-11-30;11;2635
17;2025-11-30;12;2950
17;2025-11-30;13;3222
17;2025-11-30;14;3386
17;2025-11-30;15;3301
17;2025-11-30;16;3202
17;2025-11-30;17;3053
17;2025-11-30;18;2620
17;2025-11-30;19;2093
17;2025-11-30;20;1551
17;2025-11-30;21;1143
17;2025-11-30;22;694
17;2025-11-30;23;321
17;2025-12-01;0;128
17;2025-12-01;1;15
17;2025-12-01;2;0
17;2025-12-01;3;0
17;2025-12-01;4;27
17;2025-12-01;5;316
17;2025-12-01;6;1633
17;2025-12-01;7;4468
17;2025-12-01;8;5756
17;2025-12-01;9;4053
17;2025-12-01;10;3110
17;2025-12-01;11;3032
17;2025-12-01;12;3029
17;2025-12-01;13;3167
17;2025-12-01;14;3178
17;2025-12-01;15;3327
17;2025-12-01;16;3824
17;2025-12-01;17;4393
17;2025-12-01;18;4733
17;2025-12-01;19;3268
17;2025-12-01;20;2251
17;2025-12-01;21;1416
17;2025-12-01;22;643
17;2025-12-01;23;341
17;2025-12-02;0;122
17;2025-12-02;1;11
17;2025-12-02;2;0
17;2025-12-02;3;0
17;2025-12-02;4;25
17;2025-12-02;5;324
17;2025-12-02;6;1576
17;2025-12-02;7;4381
17;2025-12-02;8;5539
17;2025-12-02;9;3988
17;2025-12-02;10;3157
17;2025-12-02;11;3124
17;2025-12-02;12;3142
17;2025-12-02;13;3156
17;2025-12-02;14;3297
17;2025-12-02;15;3361
17;2025-12-02;16;3750
17;2025-12-02;17;4643
17;2025-12-02;18;4946
17;2025-12-02;19;3428
17;2025-12-02;20;2402
17;2025-12-02;21;1491
17;2025-12-02;22;715
17;2025-12-02;23;388
17;2025-12-03;0;122
17;2025-12-03;1;11
17;2025-12-03;2;0
17;2025-12-03;3;0
17;2025-12-03;4;25
17;2025-12-03;5;324
17;2025-12-03;6;1576
17;2025-12-03;7;4381
17;2025-12-03;8;5539
17;2025-12-03;9;3988
17;2025-12-03;10;3157
17;2025-12-03;11;3124
17;2025-12-03;12;3142
17;2025-12-03;13;3156
17;2025-12-03;14;3297
17;2025-12-03;15;3361
17;2025-12-03;16;3750
17;2025-12-03;17;4643
17;2025-12-03;18;4946
17;2025-12-03;19;3428
17;2025-12-03;20;2402
17;2025-12-03;21;1491
17;2025-12-03;22;715
17;2025-12-03;23;388
17;2025-12-04;0;122
17;2025-12-04;1;11
17;2025-12-04;2;0
17;2025-12-04;3;0
17;2025-12-04;4;25
17;2025-12-04;5;324
17;2025-12-04;6;1576
17;2025-12-04;7;4381
17;2025-12-04;8;5539
17;2025-12-04;9;3988
17;2025-12-04;10;3157
17;2025-12-04;11;3124
17;2025-12-04;12;3142
17;2025-12-04;13;3156
17;2025-12-04;14;3297
17;2025-12-04;15;3361
17;2025-12-04;16;3750
17;2025-12-04;17;4643
17;2025-12-04;18;4946
17;2025-12-04;19;3428
17;2025-12-04;20;2402
17;2025-12-04;21;1491
17;2025-12-04;22;715
17;2025-12-04;23;388
17;2025-12-05;0;149
17;2025-12-05;1;18
17;2025-12-05;2;0
17;2025-12-05;3;0
17;2025-12-05;4;24
17;2025-12-05;5;317
17;2025-12-05;6;1542
17;2025-12-05;7;4202
17;2025-12-05;8;5336
17;2025-12-05;9;3828
17;2025-12-05;10;3055
17;2025-12-05;11;3133
17;2025-12-05;12;3057
17;2025-12-05;13;3169
17;2025-12-05;14;3278
17;2025-12-05;15;3513
17;2025-12-05;16;4268
17;2025-12-05;17;4840
17;2025-12-05;18;4438
17;2025-12-05;19;3231
17;2025-12-05;20;2398
17;2025-12-05;21;1603
17;2025-12-05;22;733
17;2025-12-05;23;494
17;2025-12-06;0;211
17;2025-12-06;1;28
17;2025-12-06;2;0
17;2025-12-06;3;0
17;2025-12-06;4;5
17;2025-12-06;5;137
17;2025-12-06;6;606
17;2025-12-06;7;1288
17;2025-12-06;8;1831
17;2025-12-06;9;2333
17;2025-12-06;10;2626
17;2025-12-06;11;3120
17;2025-12-06;12;3483
17;2025-12-06;13;3708
17;2025-12-06;14;3702
17;2025-12-06;15;3727
17;2025-12-06;16;3733
17;2025-12-06;17;3381
17;2025-12-06;18;3100
17;2025-12-06;19;2420
17;2025-12-06;20;1909
17;2025-12-06;21;1361
17;2025-12-06;22;827
17;2025-12-06;23;458
17;2025-12-07;0;185
17;2025-12-07;1;24
17;2025-12-07;2;0
17;2025-12-07;3;0
17;2025-12-07;4;2
17;2025-12-07;5;110
17;2025-12-07;6;442
17;2025-12-07;7;869
17;2025-12-07;8;1272
17;2025-12-07;9;1725
17;2025-12-07;10;2031
17;2025-12-07;11;2635
17;2025-12-07;12;2950
17;2025-12-07;13;3222
17;2025-12-07;14;3386
17;2025-12-07;15;3301
17;2025-12-07;16;3202
17;2025-12-07;17;3053
17;2025-12-07;18;2620
17;2025-12-07;19;2093
17;2025-12-07;20;1551
17;2025-12-07;21;1143
17;2025-12-07;22;694
17;2025-12-07;23;321
17;2025-12-08;0;128
17;2025-12-08;1;15
17;2025-12-08;2;0
17;2025-12-08;3;0
17;2025-12-08;4;27
17;2025-12-08;5;316
17;2025-12-08;6;1633
17;2025-12-08;7;4468
17;2025-12-08;8;5756
17;2025-12-08;9;4053
17;2025-12-08;10;3110
17;2025-12-08;11;3032
17;2025-12-08;12;3029
17;2025-12-08;13;3167
17;2025-12-08;14;3178
17;2025-12-08;15;3327
17;2025-12-08;16;3824
17;2025-12-08;17;4393
17;2025-12-08;18;4733
17;2025-12-08;19;3268
17;2025-12-08;20;2251
17;2025-12-08;21;1416
17;2025-12-08;22;643
17;2025-12-08;23;341
17;2025-12-09;0;122
17;2025-12-09;1;11
17;2025-12-09;2;0
17;2025-12-09;3;0
17;2025-12-09;4;25
17;2025-12-09;5;324
17;2025-12-09;6;1576
17;2025-12-09;7;4381
17;2025-12-09;8;5539
17;2025-12-09;9;3988
17;2025-12-09;10;3157
17;2025-12-09;11;3124
17;2025-12-09;12;3142
17;2025-12-09;13;3156
17;2025-12-09;14;3297
17;2025-12-09;15;3361
17;2025-12-09;16;3750
17;2025-12-09;17;4643
17;2025-12-09;18;4946
17;2025-12-09;19;3428
17;2025-12-09;20;2402
17;2025-12-09;21;1491
17;2025-12-09;22;715
17;2025-12-09;23;388
17;2025-12-10;0;122
17;2025-12-10;1;11
17;2025-12-10;2;0
17;2025-12-10;3;0
17;2025-12-10;4;25
17;2025-12-10;5;324
17;2025-12-10;6;1576
17;2025-12-10;7;4381
17;2025-12-10;8;5539
17;2025-12-10;9;3988
17;2025-12-10;10;3157
17;2025-12-10;11;3124
17;2025-12-10;12;3142
17;2025-12-10;13;3156
17;2025-12-10;14;3297
17;2025-12-10;15;3361
17;2025-12-10;16;3750
17;2025-12-10;17;4643
17;2025-12-10;18;4946
17;2025-12-10;19;3428
17;2025-12-10;20;2402
17;2025-12-10;21;1491
17;2025-12-10;22;715
17;2025-12-10;23;388
17;2025-12-11;0;122
17;2025-12-11;1;11
17;2025-12-11;2;0
17;2025-12-11;3;0
17;2025-12-11;4;25
17;2025-12-11;5;324
17;2025-12-11;6;1576
17;2025-12-11;7;4381
17;2025-12-11;8;5539
17;2025-12-11;9;3988
17;2025-12-11;10;3157
17;2025-12-11;11;3124
17;2025-12-11;12;3142
17;2025-12-11;13;3156
17;2025-12-11;14;3297
17;2025-12-11;15;3361
17;2025-12-11;16;3750
17;2025-12-11;17;4643
17;2025-12-11;18;4946
17;2025-12-11;19;3428
17;2025-12-11;20;2402
17;2025-12-11;21;1491
17;2025-12-11;22;715
17;2025-12-11;23;388
17;2025-12-12;0;149
17;2025-12-12;1;18
17;2025-12-12;2;0
17;2025-12-12;3;0
17;2025-12-12;4;24
17;2025-12-12;5;317
17;2025-12-12;6;1542
17;2025-12-12;7;4202
17;2025-12-12;8;5336
17;2025-12-12;9;3828
17;2025-12-12;10;3055
17;2025-12-12;11;3133
17;2025-12-12;12;3057
17;2025-12-12;13;3169
17;2025-12-12;14;3278
17;2025-12-12;15;3513
17;2025-12-12;16;4268
17;2025-12-12;17;4840
17;2025-12-12;18;4438
17;2025-12-12;19;3231
17;2025-12-12;20;2398
17;2025-12-12;21;1603
17;2025-12-12;22;733
17;2025-12-12;23;494
17;2025-12-13;0;211
17;2025-12-13;1;28
17;2025-12-13;2;0
17;2025-12-13;3;0
17;2025-12-13;4;5
17;2025-12-13;5;137
17;2025-12-13;6;606
17;2025-12-13;7;1288
17;2025-12-13;8;1831
17;2025-12-13;9;2333
17;2025-12-13;10;2626
17;2025-12-13;11;3120
17;2025-12-13;12;3483
17;2025-12-13;13;3708
17;2025-12-13;14;3702
17;2025-12-13;15;3727
17;2025-12-13;16;3733
17;2025-12-13;17;3381
17;2025-12-13;18;3100
17;2025-12-13;19;2420
17;2025-12-13;20;1909
17;2025-12-13;21;1361
17;2025-12-13;22;827
17;2025-12-13;23;458
17;2025-12-14;0;185
17;2025-12-14;1;24
17;2025-12-14;2;0
17;2025-12-14;3;0
17;2025-12-14;4;2
17;2025-12-14;5;110
17;2025-12-14;6;442
17;2025-12-14;7;869
17;2025-12-14;8;1272
17;2025-12-14;9;1725
17;2025-12-14;10;2031
17;2025-12-14;11;2635
17;2025-12-14;12;2950
17;2025-12-14;13;3222
17;2025-12-14;14;3386
17;2025-12-14;15;3301
17;2025-12-14;16;3202
17;2025-12-14;17;3053
17;2025-12-14;18;2620
17;2025-12-14;19;2093
17;2025-12-14;20;1551
17;2025-12-14;21;1143
17;2025-12-14;22;694
17;2025-12-14;23;321
17;2025-12-15;0;128
17;2025-12-15;1;15
17;2025-12-15;2;0
17;2025-12-15;3;0
17;2025-12-15;4;27
17;2025-12-15;5;316
17;2025-12-15;6;1633
17;2025-12-15;7;4468
17;2025-12-15;8;5756
17;2025-12-15;9;4053
17;2025-12-15;10;3110
17;2025-12-15;11;3032
17;2025-12-15;12;3029
17;2025-12-15;13;3167
17;2025-12-15;14;3178
17;2025-12-15;15;3327
17;2025-12-15;16;3824
17;2025-12-15;17;4393
17;2025-12-15;18;4733
17;2025-12-15;19;3268
17;2025-12-15;20;2251
17;2025-12-15;21;1416
17;2025-12-15;22;643
17;2025-12-15;23;341
17;2025-12-16;0;122
17;2025-12-16;1;11
17;2025-12-16;2;0
17;2025-12-16;3;0
17;2025-12-16;4;25
17;2025-12-16;5;324
17;2025-12-16;6;1576
17;2025-12-16;7;4381
17;2025-12-16;8;5539
17;2025-12-16;9;3988
17;2025-12-16;10;3157
17;2025-12-16;11;3124
17;2025-12-16;12;3142
17;2025-12-16;13;3156
17;2025-12-16;14;3297
17;2025-12-16;15;3361
17;2025-12-16;16;3750
17;2025-12-16;17;4643
17;2025-12-16;18;4946
17;2025-12-16;19;3428
17;2025-12-16;20;2402
17;2025-12-16;21;1491
17;2025-12-16;22;715
17;2025-12-16;23;388
17;2025-12-17;0;122
17;2025-12-17;1;11
17;2025-12-17;2;0
17;2025-12-17;3;0
17;2025-12-17;4;25
17;2025-12-17;5;324
17;2025-12-17;6;1576
17;2025-12-17;7;4381
17;2025-12-17;8;5539
17;2025-12-17;9;3988
17;2025-12-17;10;3157
17;2025-12-17;11;3124
17;2025-12-17;12;3142
17;2025-12-17;13;3156
17;2025-12-17;14;3297
17;2025-12-17;15;3361
17;2025-12-17;16;3750
17;2025-12-17;17;4643
17;2025-12-17;18;4946
17;2025-12-17;19;3428
17;2025-12-17;20;2402
17;2025-12-17;21;1491
17;2025-12-17;22;715
17;2025-12-17;23;388
17;2025-12-18;0;122
17;2025-12-18;1;11
17;2025-12-18;2;0
17;2025-12-18;3;0
17;2025-12-18;4;25
17;2025-12-18;5;324
17;2025-12-18;6;1576
17;2025-12-18;7;4381
17;2025-12-18;8;5539
17;2025-12-18;9;3988
17;2025-12-18;10;3157
17;2025-12-18;11;3124
17;2025-12-18;12;3142
17;2025-12-18;13;3156
17;2025-12-18;14;3297
17;2025-12-18;15;3361
17;2025-12-18;16;3750
17;2025-12-18;17;4643
17;2025-12-18;18;4946
17;2025-12-18;19;3428
17;2025-12-18;20;2402
17;2025-12-18;21;1491
17;2025-12-18;22;715
17;2025-12-18;23;388
17;2025-12-19;0;149
17;2025-12-19;1;18
17;2025-12-19;2;0
17;2025-12-19;3;0
17;2025-12-19;4;24
17;2025-12-19;5;317
17;2025-12-19;6;1542
17;2025-12-19;7;4202
17;2025-12-19;8;5336
17;2025-12-19;9;3828
17;2025-12-19;10;3055
17;2025-12-19;11;3133
17;2025-12-19;12;3057
17;2025-12-19;13;3169
17;2025-12-19;14;3278
17;2025-12-19;15;3513
17;2025-12-19;16;4268
17;2025-12-19;17;4840
17;2025-12-19;18;4438
17;2025-12-19;19;3231
17;2025-12-19;20;2398
17;2025-12-19;21;1603
17;2025-12-19;22;733
17;2025-12-19;23;494
17;2025-12-20;0;211
17;2025-12-20;1;28
17;2025-12-20;2;0
17;2025-12-20;3;0
17;2025-12-20;4;5
17;2025-12-20;5;137
17;2025-12-20;6;606
17;2025-12-20;7;1288
17;2025-12-20;8;1831
17;2025-12-20;9;2333
17;2025-12-20;10;2626
17;2025-12-20;11;3120
17;2025-12-20;12;3483
17;2025-12-20;13;3708
17;2025-12-20;14;3702
17;2025-12-20;15;3727
17;2025-12-20;16;3733
17;2025-12-20;17;3381
17;2025-12-20;18;3100
17;2025-12-20;19;2420
17;2025-12-20;20;1909
17;2025-12-20;21;1361
17;2025-12-20;22;827
17;2025-12-20;23;458
17;2025-12-21;0;185
17;2025-12-21;1;24
17;2025-12-21;2;0
17;2025-12-21;3;0
17;2025-12-21;4;2
17;2025-12-21;5;110
17;2025-12-21;6;442
17;2025-12-21;7;869
17;2025-12-21;8;1272
17;2025-12-21;9;1725
17;2025-12-21;10;2031
17;2025-12-21;11;2635
17;2025-12-21;12;2950
17;2025-12-21;13;3222
17;2025-12-21;14;3386
17;2025-12-21;15;3301
17;2025-12-21;16;3202
17;2025-12-21;17;3053
17;2025-12-21;18;2620
17;2025-12-21;19;2093
17;2025-12-21;20;1551
17;2025-12-21;21;1143
17;2025-12-21;22;694
17;2025-12-21;23;321
17;2025-12-22;0;128
17;2025-12-22;1;15
17;2025-12-22;2;0
17;2025-12-22;3;0
17;2025-12-22;4;27
17;2025-12-22;5;316
17;2025-12-22;6;1633
17;2025-12-22;7;4468
17;2025-12-22;8;5756
17;2025-12-22;9;4053
17;2025-12-22;10;3110
17;2025-12-22;11;3032
17;2025-12-22;12;3029
17;2025-12-22;13;3167
17;2025-12-22;14;3178
17;2025-12-22;15;3327
17;2025-12-22;16;3824
17;2025-12-22;17;4393
17;2025-12-22;18;4733
17;2025-12-22;19;3268
17;2025-12-22;20;2251
17;2025-12-22;21;1416
17;2025-12-22;22;643
17;2025-12-22;23;341
17;2025-12-23;0;122
17;2025-12-23;1;11
17;2025-12-23;2;0
17;2025-12-23;3;0
17;2025-12-23;4;25
17;2025-12-23;5;324
17;2025-12-23;6;1576
17;2025-12-23;7;4381
17;2025-12-23;8;5539
17;2025-12-23;9;3988
17;2025-12-23;10;3157
17;2025-12-23;11;3124
17;2025-12-23;12;3142
17;2025-12-23;13;3156
17;2025-12-23;14;3297
17;2025-12-23;15;3361
17;2025-12-23;16;3750
17;2025-12-23;17;4643
17;2025-12-23;18;4946
17;2025-12-23;19;3428
17;2025-12-23;20;2402
17;2025-12-23;21;1491
17;2025-12-23;22;715
17;2025-12-23;23;388
17;2025-12-24;0;122
17;2025-12-24;1;11
17;2025-12-24;2;0
17;2025-12-24;3;0
17;2025-12-24;4;25
17;2025-12-24;5;324
17;2025-12-24;6;1576
17;2025-12-24;7;4381
17;2025-12-24;8;5539
17;2025-12-24;9;3988
17;2025-12-24;10;3157
17;2025-12-24;11;3124
17;2025-12-24;12;3142
17;2025-12-24;13;3156
17;2025-12-24;14;3297
17;2025-12-24;15;3361
17;2025-12-24;16;3750
17;2025-12-24;17;4643
17;2025-12-24;18;4946
17;2025-12-24;19;3428
17;2025-12-24;20;2402
17;2025-12-24;21;1491
17;2025-12-24;22;715
17;2025-12-24;23;388
17;2025-12-25;0;122
17;2025-12-25;1;11
17;2025-12-25;2;0
17;2025-12-25;3;0
17;2025-12-25;4;25
17;2025-12-25;5;324
17;2025-12-25;6;1576
17;2025-12-25;7;4381
17;2025-12-25;8;5539
17;2025-12-25;9;3988
17;2025-12-25;10;3157
17;2025-12-25;11;3124
17;2025-12-25;12;3142
17;2025-12-25;13;3156
17;2025-12-25;14;3297
17;2025-12-25;15;3361
17;2025-12-25;16;3750
17;2025-12-25;17;4643
17;2025-12-25;18;4946
17;2025-12-25;19;3428
17;2025-12-25;20;2402
17;2025-12-25;21;1491
17;2025-12-25;22;715
17;2025-12-25;23;388
17;2025-12-26;0;149
17;2025-12-26;1;18
17;2025-12-26;2;0
17;2025-12-26;3;0
17;2025-12-26;4;24
17;2025-12-26;5;317
17;2025-12-26;6;1542
17;2025-12-26;7;4202
17;2025-12-26;8;5336
17;2025-12-26;9;3828
17;2025-12-26;10;3055
17;2025-12-26;11;3133
17;2025-12-26;12;3057
17;2025-12-26;13;3169
17;2025-12-26;14;3278
17;2025-12-26;15;3513
17;2025-12-26;16;4268
17;2025-12-26;17;4840
17;2025-12-26;18;4438
17;2025-12-26;19;3231
17;2025-12-26;20;2398
17;2025-12-26;21;1603
17;2025-12-26;22;733
17;2025-12-26;23;494
17;2025-12-27;0;211
17;2025-12-27;1;28
17;2025-12-27;2;0
17;2025-12-27;3;0
17;2025-12-27;4;5
17;2025-12-27;5;137
17;2025-12-27;6;606
17;2025-12-27;7;1288
17;2025-12-27;8;1831
17;2025-12-27;9;2333
17;2025-12-27;10;2626
17;2025-12-27;11;3120
17;2025-12-27;12;3483
17;2025-12-27;13;3708
17;2025-12-27;14;3702
17;2025-12-27;15;3727
17;2025-12-27;16;3733
17;2025-12-27;17;3381
17;2025-12-27;18;3100
17;2025-12-27;19;2420
17;2025-12-27;20;1909
17;2025-12-27;21;1361
17;2025-12-27;22;827
17;2025-12-27;23;458
17;2025-12-28;0;185
17;2025-12-28;1;24
17;2025-12-28;2;0
17;2025-12-28;3;0
17;2025-12-28;4;2
17;2025-12-28;5;110
17;2025-12-28;6;442
17;2025-12-28;7;869
17;2025-12-28;8;1272
17;2025-12-28;9;1725
17;2025-12-28;10;2031
17;2025-12-28;11;2635
17;2025-12-28;12;2950
17;2025-12-28;13;3222
17;2025-12-28;14;3386
17;2025-12-28;15;3301
17;2025-12-28;16;3202
17;2025-12-28;17;3053
17;2025-12-28;18;2620
17;2025-12-28;19;2093
17;2025-12-28;20;1551
17;2025-12-28;21;1143
17;2025-12-28;22;694
17;2025-12-28;23;321
17;2025-12-29;0;109
17;2025-12-29;1;13
17;2025-12-29;2;0
17;2025-12-29;3;0
17;2025-12-29;4;23
17;2025-12-29;5;269
17;2025-12-29;6;1388
17;2025-12-29;7;3798
17;2025-12-29;8;4893
17;2025-12-29;9;3445
17;2025-12-29;10;2643
17;2025-12-29;11;2577
17;2025-12-29;12;2574
17;2025-12-29;13;2692
17;2025-12-29;14;2701
17;2025-12-29;15;2828
17;2025-12-29;16;3251
17;2025-12-29;17;3734
17;2025-12-29;18;4023
17;2025-12-29;19;2778
17;2025-12-29;20;1913
17;2025-12-29;21;1204
17;2025-12-29;22;546
17;2025-12-29;23;290
17;2025-12-30;0;103
17;2025-12-30;1;10
17;2025-12-30;2;0
17;2025-12-30;3;0
17;2025-12-30;4;22
17;2025-12-30;5;276
17;2025-12-30;6;1340
17;2025-12-30;7;3724
17;2025-12-30;8;4709
17;2025-12-30;9;3390
17;2025-12-30;10;2683
17;2025-12-30;11;2655
17;2025-12-30;12;2670
17;2025-12-30;13;2682
17;2025-12-30;14;2802
17;2025-12-30;15;2857
17;2025-12-30;16;3187
17;2025-12-30;17;3947
17;2025-12-30;18;4205
17;2025-12-30;19;2914
17;2025-12-30;20;2042
17;2025-12-30;21;1268
17;2025-12-30;22;608
17;2025-12-30;23;330
17;2025-12-31;0;158
17;2025-12-31;1;21
17;2025-12-31;2;0
17;2025-12-31;3;0
17;2025-12-31;4;2
17;2025-12-31;5;93
17;2025-12-31;6;376
17;2025-12-31;7;739
17;2025-12-31;8;1082
17;2025-12-31;9;1466
17;2025-12-31;10;1726
17;2025-12-31;11;2240
17;2025-12-31;12;2507
17;2025-12-31;13;2739
17;2025-12-31;14;2878
17;2025-12-31;15;2805
17;2025-12-31;16;2722
17;2025-12-31;17;2595
17;2025-12-31;18;2227
17;2025-12-31;19;1779
17;2025-12-31;20;1318
17;2025-12-31;21;972
17;2025-12-31;22;590
17;2025-12-31;23;273
25;2025-11-01;0;0
25;2025-11-01;1;0
25;2025-11-01;2;0
25;2025-11-01;3;0
25;2025-11-01;4;0
25;2025-11-01;5;17
25;2025-11-01;6;258
25;2025-11-01;7;546
25;2025-11-01;8;818
25;2025-11-01;9;415
25;2025-11-01;10;368
25;2025-11-01;11;441
25;2025-11-01;12;411
25;2025-11-01;13;518
25;2025-11-01;14;443
25;2025-11-01;15;602
25;2025-11-01;16;780
25;2025-11-01;17;764
25;2025-11-01;18;659
25;2025-11-01;19;583
25;2025-11-01;20;320
25;2025-11-01;21;214
25;2025-11-01;22;101
25;2025-11-01;23;14
25;2025-11-02;0;15
25;2025-11-02;1;0
25;2025-11-02;2;0
25;2025-11-02;3;0
25;2025-11-02;4;0
25;2025-11-02;5;9
25;2025-11-02;6;100
25;2025-11-02;7;99
25;2025-11-02;8;187
25;2025-11-02;9;224
25;2025-11-02;10;213
25;2025-11-02;11;308
25;2025-11-02;12;371
25;2025-11-02;13;490
25;2025-11-02;14;567
25;2025-11-02;15;660
25;2025-11-02;16;549
25;2025-11-02;17;538
25;2025-11-02;18;431
25;2025-11-02;19;297
25;2025-11-02;20;237
25;2025-11-02;21;136
25;2025-11-02;22;93
25;2025-11-02;23;33
25;2025-11-03;0;15
25;2025-11-03;1;0
25;2025-11-03;2;0
25;2025-11-03;3;0
25;2025-11-03;4;0
25;2025-11-03;5;9
25;2025-11-03;6;100
25;2025-11-03;7;99
25;2025-11-03;8;187
25;2025-11-03;9;224
25;2025-11-03;10;213
25;2025-11-03;11;308
25;2025-11-03;12;371
25;2025-11-03;13;490
25;2025-11-03;14;567
25;2025-11-03;15;660
25;2025-11-03;16;549
25;2025-11-03;17;538
25;2025-11-03;18;431
25;2025-11-03;19;297
25;2025-11-03;20;237
25;2025-11-03;21;136
25;2025-11-03;22;93
25;2025-11-03;23;33
25;2025-11-04;0;15
25;2025-11-04;1;0
25;2025-11-04;2;0
25;2025-11-04;3;0
25;2025-11-04;4;0
25;2025-11-04;5;9
25;2025-11-04;6;100
25;2025-11-04;7;99
25;2025-11-04;8;187
25;2025-11-04;9;224
25;2025-11-04;10;213
25;2025-11-04;11;308
25;2025-11-04;12;371
25;2025-11-04;13;490
25;2025-11-04;14;567
25;2025-11-04;15;660
25;2025-11-04;16;549
25;2025-11-04;17;538
25;2025-11-04;18;431
25;2025-11-04;19;297
25;2025-11-04;20;237
25;2025-11-04;21;136
25;2025-11-04;22;93
25;2025-11-04;23;33
25;2025-11-05;0;0
25;2025-11-05;1;0
25;2025-11-05;2;0
25;2025-11-05;3;0
25;2025-11-05;4;0
25;2025-11-05;5;21
25;2025-11-05;6;279
25;2025-11-05;7;542
25;2025-11-05;8;915
25;2025-11-05;9;463
25;2025-11-05;10;382
25;2025-11-05;11;455
25;2025-11-05;12;442
25;2025-11-05;13;548
25;2025-11-05;14;491
25;2025-11-05;15;620
25;2025-11-05;16;698
25;2025-11-05;17;816
25;2025-11-05;18;790
25;2025-11-05;19;621
25;2025-11-05;20;344
25;2025-11-05;21;233
25;2025-11-05;22;89
25;2025-11-05;23;6
25;2025-11-06;0;0
25;2025-11-06;1;0
25;2025-11-06;2;0
25;2025-11-06;3;0
25;2025-11-06;4;0
25;2025-11-06;5;21
25;2025-11-06;6;279
25;2025-11-06;7;542
25;2025-11-06;8;915
25;2025-11-06;9;463
25;2025-11-06;10;382
25;2025-11-06;11;455
25;2025-11-06;12;442
25;2025-11-06;13;548
25;2025-11-06;14;491
25;2025-11-06;15;620
25;2025-11-06;16;698
25;2025-11-06;17;816
25;2025-11-06;18;790
25;2025-11-06;19;621
25;2025-11-06;20;344
25;2025-11-06;21;233
25;2025-11-06;22;89
25;2025-11-06;23;6
25;2025-11-07;0;0
25;2025-11-07;1;0
25;2025-11-07;2;0
25;2025-11-07;3;0
25;2025-11-07;4;0
25;2025-11-07;5;20
25;2025-11-07;6;299
25;2025-11-07;7;632
25;2025-11-07;8;947
25;2025-11-07;9;481
25;2025-11-07;10;426
25;2025-11-07;11;511
25;2025-11-07;12;477
25;2025-11-07;13;600
25;2025-11-07;14;513
25;2025-11-07;15;697
25;2025-11-07;16;904
25;2025-11-07;17;885
25;2025-11-07;18;764
25;2025-11-07;19;676
25;2025-11-07;20;370
25;2025-11-07;21;248
25;2025-11-07;22;117
25;2025-11-07;23;16
25;2025-11-08;0;0
25;2025-11-08;1;0
25;2025-11-08;2;0
25;2025-11-08;3;0
25;2025-11-08;4;0
25;2025-11-08;5;21
25;2025-11-08;6;141
25;2025-11-08;7;141
25;2025-11-08;8;315
25;2025-11-08;9;259
25;2025-11-08;10;295
25;2025-11-08;11;397
25;2025-11-08;12;399
25;2025-11-08;13;662
25;2025-11-08;14;672
25;2025-11-08;15;795
25;2025-11-08;16;706
25;2025-11-08;17;584
25;2025-11-08;18;520
25;2025-11-08;19;450
25;2025-11-08;20;256
25;2025-11-08;21;188
25;2025-11-08;22;118
25;2025-11-08;23;44
25;2025-11-09;0;15
25;2025-11-09;1;0
25;2025-11-09;2;0
25;2025-11-09;3;0
25;2025-11-09;4;0
25;2025-11-09;5;9
25;2025-11-09;6;100
25;2025-11-09;7;99
25;2025-11-09;8;187
25;2025-11-09;9;224
25;2025-11-09;10;213
25;2025-11-09;11;308
25;2025-11-09;12;371
25;2025-11-09;13;490
25;2025-11-09;14;567
25;2025-11-09;15;660
25;2025-11-09;16;549
25;2025-11-09;17;538
25;2025-11-09;18;431
25;2025-11-09;19;297
25;2025-11-09;20;237
25;2025-11-09;21;136
25;2025-11-09;22;93
25;2025-11-09;23;33
25;2025-11-10;0;8
25;2025-11-10;1;0
25;2025-11-10;2;0
25;2025-11-10;3;0
25;2025-11-10;4;0
25;2025-11-10;5;26
25;2025-11-10;6;268
25;2025-11-10;7;537
25;2025-11-10;8;1023
25;2025-11-10;9;548
25;2025-11-10;10;354
25;2025-11-10;11;429
25;2025-11-10;12;429
25;2025-11-10;13;576
25;2025-11-10;14;495
25;2025-11-10;15;531
25;2025-11-10;16;689
25;2025-11-10;17;756
25;2025-11-10;18;751
25;2025-11-10;19;586
25;2025-11-10;20;318
25;2025-11-10;21;190
25;2025-11-10;22;83
25;2025-11-10;23;5
25;2025-11-11;0;0
25;2025-11-11;1;0
25;2025-11-11;2;0
25;2025-11-11;3;0
25;2025-11-11;4;0
25;2025-11-11;5;21
25;2025-11-11;6;279
25;2025-11-11;7;542
25;2025-11-11;8;915
25;2025-11-11;9;463
25;2025-11-11;10;382
25;2025-11-11;11;455
25;2025-11-11;12;442
25;2025-11-11;13;548
25;2025-11-11;14;491
25;2025-11-11;15;620
25;2025-11-11;16;698
25;2025-11-11;17;816
25;2025-11-11;18;790
25;2025-11-11;19;621
25;2025-11-11;20;344
25;2025-11-11;21;233
25;2025-11-11;22;89
25;2025-11-11;23;6
25;2025-11-12;0;0
25;2025-11-12;1;0
25;2025-11-12;2;0
25;2025-11-12;3;0
25;2025-11-12;4;0
25;2025-11-12;5;21
25;2025-11-12;6;279
25;2025-11-12;7;542
25;2025-11-12;8;915
25;2025-11-12;9;463
25;2025-11-12;10;382
25;2025-11-12;11;455
25;2025-11-12;12;442
25;2025-11-12;13;548
25;2025-11-12;14;491
25;2025-11-12;15;620
25;2025-11-12;16;698
25;2025-11-12;17;816
25;2025-11-12;18;790
25;2025-11-12;19;621
25;2025-11-12;20;344
25;2025-11-12;21;233
25;2025-11-12;22;89
25;2025-11-12;23;6
25;2025-11-13;0;0
25;2025-11-13;1;0
25;2025-11-13;2;0
25;2025-11-13;3;0
25;2025-11-13;4;0
25;2025-11-13;5;21
25;2025-11-13;6;279
25;2025-11-13;7;542
25;2025-11-13;8;915
25;2025-11-13;9;463
25;2025-11-13;10;382
25;2025-11-13;11;455
25;2025-11-13;12;442
25;2025-11-13;13;548
25;2025-11-13;14;491
25;2025-11-13;15;620
25;2025-11-13;16;698
25;2025-11-13;17;816
25;2025-11-13;18;790
25;2025-11-13;19;621
25;2025-11-13;20;344
25;2025-11-13;21;233
25;2025-11-13;22;89
25;2025-11-13;23;6
25;2025-11-14;0;0
25;2025-11-14;1;0
25;2025-11-14;2;0
25;2025-11-14;3;0
25;2025-11-14;4;0
25;2025-11-14;5;20
25;2025-11-14;6;299
25;2025-11-14;7;632
25;2025-11-14;8;947
25;2025-11-14;9;481
25;2025-11-14;10;426
25;2025-11-14;11;511
25;2025-11-14;12;477
25;2025-11-14;13;600
25;2025-11-14;14;513
25;2025-11-14;15;697
25;2025-11-14;16;904
25;2025-11-14;17;885
25;2025-11-14;18;764
25;2025-11-14;19;676
25;2025-11-14;20;370
25;2025-11-14;21;248
25;2025-11-14;22;117
25;2025-11-14;23;16
25;2025-11-15;0;0
25;2025-11-15;1;0
25;2025-11-15;2;0
25;2025-11-15;3;0
25;2025-11-15;4;0
25;2025-11-15;5;21
25;2025-11-15;6;141
25;2025-11-15;7;141
25;2025-11-15;8;315
25;2025-11-15;9;259
25;2025-11-15;10;295
25;2025-11-15;11;397
25;2025-11-15;12;399
25;2025-11-15;13;662
25;2025-11-15;14;672
25;2025-11-15;15;795
25;2025-11-15;16;706
25;2025-11-15;17;584
25;2025-11-15;18;520
25;2025-11-15;19;450
25;2025-11-15;20;256
25;2025-11-15;21;188
25;2025-11-15;22;118
25;2025-11-15;23;44
25;2025-11-16;0;15
25;2025-11-16;1;0
25;2025-11-16;2;0
25;2025-11-16;3;0
25;2025-11-16;4;0
25;2025-11-16;5;9
25;2025-11-16;6;100
25;2025-11-16;7;99
25;2025-11-16;8;187
25;2025-11-16;9;224
25;2025-11-16;10;213
25;2025-11-16;11;308
25;2025-11-16;12;371
25;2025-11-16;13;490
25;2025-11-16;14;567
25;2025-11-16;15;660
25;2025-11-16;16;549
25;2025-11-16;17;538
25;2025-11-16;18;431
25;2025-11-16;19;297
25;2025-11-16;20;237
25;2025-11-16;21;136
25;2025-11-16;22;93
25;2025-11-16;23;33
25;2025-11-17;0;8
25;2025-11-17;1;0
25;2025-11-17;2;0
25;2025-11-17;3;0
25;2025-11-17;4;0
25;2025-11-17;5;26
25;2025-11-17;6;268
25;2025-11-17;7;537
25;2025-11-17;8;1023
25;2025-11-17;9;548
25;2025-11-17;10;354
25;2025-11-17;11;429
25;2025-11-17;12;429
25;2025-11-17;13;576
25;2025-11-17;14;495
25;2025-11-17;15;531
25;2025-11-17;16;689
25;2025-11-17;17;756
25;2025-11-17;18;751
25;2025-11-17;19;586
25;2025-11-17;20;318
25;2025-11-17;21;190
25;2025-11-17;22;83
25;2025-11-17;23;5
25;2025-11-18;0;0
25;2025-11-18;1;0
25;2025-11-18;2;0
25;2025-11-18;3;0
25;2025-11-18;4;0
25;2025-11-18;5;21
25;2025-11-18;6;279
25;2025-11-18;7;542
25;2025-11-18;8;915
25;2025-11-18;9;463
25;2025-11-18;10;382
25;2025-11-18;11;455
25;2025-11-18;12;442
25;2025-11-18;13;548
25;2025-11-18;14;491
25;2025-11-18;15;620
25;2025-11-18;16;698
25;2025-11-18;17;816
25;2025-11-18;18;790
25;2025-11-18;19;621
25;2025-11-18;20;344
25;2025-11-18;21;233
25;2025-11-18;22;89
25;2025-11-18;23;6
25;2025-11-19;0;0
25;2025-11-19;1;0
25;2025-11-19;2;0
25;2025-11-19;3;0
25;2025-11-19;4;0
25;2025-11-19;5;21
25;2025-11-19;6;279
25;2025-11-19;7;542
25;2025-11-19;8;915
25;2025-11-19;9;463
25;2025-11-19;10;382
25;2025-11-19;11;455
25;2025-11-19;12;442
25;2025-11-19;13;548
25;2025-11-19;14;491
25;2025-11-19;15;620
25;2025-11-19;16;698
25;2025-11-19;17;816
25;2025-11-19;18;790
25;2025-11-19;19;621
25;2025-11-19;20;344
25;2025-11-19;21;233
25;2025-11-19;22;89
25;2025-11-19;23;6
25;2025-11-20;0;0
25;2025-11-20;1;0
25;2025-11-20;2;0
25;2025-11-20;3;0
25;2025-11-20;4;0
25;2025-11-20;5;21
25;2025-11-20;6;279
25;2025-11-20;7;542
25;2025-11-20;8;915
25;2025-11-20;9;463
25;2025-11-20;10;382
25;2025-11-20;11;455
25;2025-11-20;12;442
25;2025-11-20;13;548
25;2025-11-20;14;491
25;2025-11-20;15;620
25;2025-11-20;16;698
25;2025-11-20;17;816
25;2025-11-20;18;790
25;2025-11-20;19;621
25;2025-11-20;20;344
25;2025-11-20;21;233
25;2025-11-20;22;89
25;2025-11-20;23;6
25;2025-11-21;0;0
25;2025-11-21;1;0
25;2025-11-21;2;0
25;2025-11-21;3;0
25;2025-11-21;4;0
25;2025-11-21;5;20
25;2025-11-21;6;299
25;2025-11-21;7;632
25;2025-11-21;8;947
25;2025-11-21;9;481
25;2025-11-21;10;426
25;2025-11-21;11;511
25;2025-11-21;12;477
25;2025-11-21;13;600
25;2025-11-21;14;513
25;2025-11-21;15;697
25;2025-11-21;16;904
25;2025-11-21;17;885
25;2025-11-21;18;764
25;2025-11-21;19;676
25;2025-11-21;20;370
25;2025-11-21;21;248
25;2025-11-21;22;117
25;2025-11-21;23;16
25;2025-11-22;0;0
25;2025-11-22;1;0
25;2025-11-22;2;0
25;2025-11-22;3;0
25;2025-11-22;4;0
25;2025-11-22;5;21
25;2025-11-22;6;141
25;2025-11-22;7;141
25;2025-11-22;8;315
25;2025-11-22;9;259
25;2025-11-22;10;295
25;2025-11-22;11;397
25;2025-11-22;12;399
25;2025-11-22;13;662
25;2025-11-22;14;672
25;2025-11-22;15;795
25;2025-11-22;16;706
25;2025-11-22;17;584
25;2025-11-22;18;520
25;2025-11-22;19;450
25;2025-11-22;20;256
25;2025-11-22;21;188
25;2025-11-22;22;118
25;2025-11-22;23;44
25;2025-11-23;0;15
25;2025-11-23;1;0
25;2025-11-23;2;0
25;2025-11-23;3;0
25;2025-11-23;4;0
25;2025-11-23;5;9
25;2025-11-23;6;100
25;2025-11-23;7;99
25;2025-11-23;8;187
25;2025-11-23;9;224
25;2025-11-23;10;213
25;2025-11-23;11;308
25;2025-11-23;12;371
25;2025-11-23;13;490
25;2025-11-23;14;567
25;2025-11-23;15;660
25;2025-11-23;16;549
25;2025-11-23;17;538
25;2025-11-23;18;431
25;2025-11-23;19;297
25;2025-11-23;20;237
25;2025-11-23;21;136
25;2025-11-23;22;93
25;2025-11-23;23;33
25;2025-11-24;0;8
25;2025-11-24;1;0
25;2025-11-24;2;0
25;2025-11-24;3;0
25;2025-11-24;4;0
25;2025-11-24;5;26
25;2025-11-24;6;268
25;2025-11-24;7;537
25;2025-11-24;8;1023
25;2025-11-24;9;548
25;2025-11-24;10;354
25;2025-11-24;11;429
25;2025-11-24;12;429
25;2025-11-24;13;576
25;2025-11-24;14;495
25;2025-11-24;15;531
25;2025-11-24;16;689
25;2025-11-24;17;756
25;2025-11-24;18;751
25;2025-11-24;19;586
25;2025-11-24;20;318
25;2025-11-24;21;190
25;2025-11-24;22;83
25;2025-11-24;23;5
25;2025-11-25;0;0
25;2025-11-25;1;0
25;2025-11-25;2;0
25;2025-11-25;3;0
25;2025-11-25;4;0
25;2025-11-25;5;21
25;2025-11-25;6;279
25;2025-11-25;7;542
25;2025-11-25;8;915
25;2025-11-25;9;463
25;2025-11-25;10;382
25;2025-11-25;11;455
25;2025-11-25;12;442
25;2025-11-25;13;548
25;2025-11-25;14;491
25;2025-11-25;15;620
25;2025-11-25;16;698
25;2025-11-25;17;816
25;2025-11-25;18;790
25;2025-11-25;19;621
25;2025-11-25;20;344
25;2025-11-25;21;233
25;2025-11-25;22;89
25;2025-11-25;23;6
25;2025-11-26;0;0
25;2025-11-26;1;0
25;2025-11-26;2;0
25;2025-11-26;3;0
25;2025-11-26;4;0
25;2025-11-26;5;21
25;2025-11-26;6;279
25;2025-11-26;7;542
25;2025-11-26;8;915
25;2025-11-26;9;463
25;2025-11-26;10;382
25;2025-11-26;11;455
25;2025-11-26;12;442
25;2025-11-26;13;548
25;2025-11-26;14;491
25;2025-11-26;15;620
25;2025-11-26;16;698
25;2025-11-26;17;816
25;2025-11-26;18;790
25;2025-11-26;19;621
25;2025-11-26;20;344
25;2025-11-26;21;233
25;2025-11-26;22;89
25;2025-11-26;23;6
25;2025-11-27;0;0
25;2025-11-27;1;0
25;2025-11-27;2;0
25;2025-11-27;3;0
25;2025-11-27;4;0
25;2025-11-27;5;21
25;2025-11-27;6;279
25;2025-11-27;7;542
25;2025-11-27;8;915
25;2025-11-27;9;463
25;2025-11-27;10;382
25;2025-11-27;11;455
25;2025-11-27;12;442
25;2025-11-27;13;548
25;2025-11-27;14;491
25;2025-11-27;15;620
25;2025-11-27;16;698
25;2025-11-27;17;816
25;2025-11-27;18;790
25;2025-11-27;19;621
25;2025-11-27;20;344
25;2025-11-27;21;233
25;2025-11-27;22;89
25;2025-11-27;23;6
25;2025-11-28;0;0
25;2025-11-28;1;0
25;2025-11-28;2;0
25;2025-11-28;3;0
25;2025-11-28;4;0
25;2025-11-28;5;20
25;2025-11-28;6;299
25;2025-11-28;7;632
25;2025-11-28;8;947
25;2025-11-28;9;481
25;2025-11-28;10;426
25;2025-11-28;11;511
25;2025-11-28;12;477
25;2025-11-28;13;600
25;2025-11-28;14;513
25;2025-11-28;15;697
25;2025-11-28;16;904
25;2025-11-28;17;885
25;2025-11-28;18;764
25;2025-11-28;19;676
25;2025-11-28;20;370
25;2025-11-28;21;248
25;2025-11-28;22;117
25;2025-11-28;23;16
25;2025-11-29;0;0
25;2025-11-29;1;0
25;2025-11-29;2;0
25;2025-11-29;3;0
25;2025-11-29;4;0
25;2025-11-29;5;21
25;2025-11-29;6;141
25;2025-11-29;7;141
25;2025-11-29;8;315
25;2025-11-29;9;259
25;2025-11-29;10;295
25;2025-11-29;11;397
25;2025-11-29;12;399
25;2025-11-29;13;662
25;2025-11-29;14;672
25;2025-11-29;15;795
25;2025-11-29;16;706
25;2025-11-29;17;584
25;2025-11-29;18;520
25;2025-11-29;19;450
25;2025-11-29;20;256
25;2025-11-29;21;188
25;2025-11-29;22;118
25;2025-11-29;23;44
25;2025-11-30;0;15
25;2025-11-30;1;0
25;2025-11-30;2;0
25;2025-11-30;3;0
25;2025-11-30;4;0
25;2025-11-30;5;9
25;2025-11-30;6;100
25;2025-11-30;7;99
25;2025-11-30;8;187
25;2025-11-30;9;224
25;2025-11-30;10;213
25;2025-11-30;11;308
25;2025-11-30;12;371
25;2025-11-30;13;490
25;2025-11-30;14;567
25;2025-11-30;15;660
25;2025-11-30;16;549
25;2025-11-30;17;538
25;2025-11-30;18;431
25;2025-11-30;19;297
25;2025-11-30;20;237
25;2025-11-30;21;136
25;2025-11-30;22;93
25;2025-11-30;23;33
25;2025-12-01;0;8
25;2025-12-01;1;0
25;2025-12-01;2;0
25;2025-12-01;3;0
25;2025-12-01;4;0
25;2025-12-01;5;26
25;2025-12-01;6;268
25;2025-12-01;7;537
25;2025-12-01;8;1023
25;2025-12-01;9;548
25;2025-12-01;10;354
25;2025-12-01;11;429
25;2025-12-01;12;429
25;2025-12-01;13;576
25;2025-12-01;14;495
25;2025-12-01;15;531
25;2025-12-01;16;689
25;2025-12-01;17;756
25;2025-12-01;18;751
25;2025-12-01;19;586
25;2025-12-01;20;318
25;2025-12-01;21;190
25;2025-12-01;22;83
25;2025-12-01;23;5
25;2025-12-02;0;0
25;2025-12-02;1;0
25;2025-12-02;2;0
25;2025-12-02;3;0
25;2025-12-02;4;0
25;2025-12-02;5;21
25;2025-12-02;6;279
25;2025-12-02;7;542
25;2025-12-02;8;915
25;2025-12-02;9;463
25;2025-12-02;10;382
25;2025-12-02;11;455
25;2025-12-02;12;442
25;2025-12-02;13;548
25;2025-12-02;14;491
25;2025-12-02;15;620
25;2025-12-02;16;698
25;2025-12-02;17;816
25;2025-12-02;18;790
25;2025-12-02;19;621
25;2025-12-02;20;344
25;2025-12-02;21;233
25;2025-12-02;22;89
25;2025-12-02;23;6
25;2025-12-03;0;0
25;2025-12-03;1;0
25;2025-12-03;2;0
25;2025-12-03;3;0
25;2025-12-03;4;0
25;2025-12-03;5;21
25;2025-12-03;6;279
25;2025-12-03;7;542
25;2025-12-03;8;915
25;2025-12-03;9;463
25;2025-12-03;10;382
25;2025-12-03;11;455
25;2025-12-03;12;442
25;2025-12-03;13;548
25;2025-12-03;14;491
25;2025-12-03;15;620
25;2025-12-03;16;698
25;2025-12-03;17;816
25;2025-12-03;18;790
25;2025-12-03;19;621
25;2025-12-03;20;344
25;2025-12-03;21;233
25;2025-12-03;22;89
25;2025-12-03;23;6
25;2025-12-04;0;0
25;2025-12-04;1;0
25;2025-12-04;2;0
25;2025-12-04;3;0
25;2025-12-04;4;0
25;2025-12-04;5;21
25;2025-12-04;6;279
25;2025-12-04;7;542
25;2025-12-04;8;915
25;2025-12-04;9;463
25;2025-12-04;10;382
25;2025-12-04;11;455
25;2025-12-04;12;442
25;2025-12-04;13;548
25;2025-12-04;14;491
25;2025-12-04;15;620
25;2025-12-04;16;698
25;2025-12-04;17;816
25;2025-12-04;18;790
25;2025-12-04;19;621
25;2025-12-04;20;344
25;2025-12-04;21;233
25;2025-12-04;22;89
25;2025-12-04;23;6
25;2025-12-05;0;0
25;2025-12-05;1;0
25;2025-12-05;2;0
25;2025-12-05;3;0
25;2025-12-05;4;0
25;2025-12-05;5;20
25;2025-12-05;6;299
25;2025-12-05;7;632
25;2025-12-05;8;947
25;2025-12-05;9;481
25;2025-12-05;10;426
25;2025-12-05;11;511
25;2025-12-05;12;477
25;2025-12-05;13;600
25;2025-12-05;14;513
25;2025-12-05;15;697
25;2025-12-05;16;904
25;2025-12-05;17;885
25;2025-12-05;18;764
25;2025-12-05;19;676
25;2025-12-05;20;370
25;2025-12-05;21;248
25;2025-12-05;22;117
25;2025-12-05;23;16
25;2025-12-06;0;0
25;2025-12-06;1;0
25;2025-12-06;2;0
25;2025-12-06;3;0
25;2025-12-06;4;0
25;2025-12-06;5;21
25;2025-12-06;6;141
25;2025-12-06;7;141
25;2025-12-06;8;315
25;2025-12-06;9;259
25;2025-12-06;10;295
25;2025-12-06;11;397
25;2025-12-06;12;399
25;2025-12-06;13;662
25;2025-12-06;14;672
25;2025-12-06;15;795
25;2025-12-06;16;706
25;2025-12-06;17;584
25;2025-12-06;18;520
25;2025-12-06;19;450
25;2025-12-06;20;256
25;2025-12-06;21;188
25;2025-12-06;22;118
25;2025-12-06;23;44
25;2025-12-07;0;15
25;2025-12-07;1;0
25;2025-12-07;2;0
25;2025-12-07;3;0
25;2025-12-07;4;0
25;2025-12-07;5;9
25;2025-12-07;6;100
25;2025-12-07;7;99
25;2025-12-07;8;187
25;2025-12-07;9;224
25;2025-12-07;10;213
25;2025-12-07;11;308
25;2025-12-07;12;371
25;2025-12-07;13;490
25;2025-12-07;14;567
25;2025-12-07;15;660
25;2025-12-07;16;549
25;2025-12-07;17;538
25;2025-12-07;18;431
25;2025-12-07;19;297
25;2025-12-07;20;237
25;2025-12-07;21;136
25;2025-12-07;22;93
25;2025-12-07;23;33
25;2025-12-08;0;8
25;2025-12-08;1;0
25;2025-12-08;2;0
25;2025-12-08;3;0
25;2025-12-08;4;0
25;2025-12-08;5;26
25;2025-12-08;6;268
25;2025-12-08;7;537
25;2025-12-08;8;1023
25;2025-12-08;9;548
25;2025-12-08;10;354
25;2025-12-08;11;429
25;2025-12-08;12;429
25;2025-12-08;13;576
25;2025-12-08;14;495
25;2025-12-08;15;531
25;2025-12-08;16;689
25;2025-12-08;17;756
25;2025-12-08;18;751
25;2025-12-08;19;586
25;2025-12-08;20;318
25;2025-12-08;21;190
25;2025-12-08;22;83
25;2025-12-08;23;5
25;2025-12-09;0;0
25;2025-12-09;1;0
25;2025-12-09;2;0
25;2025-12-09;3;0
25;2025-12-09;4;0
25;2025-12-09;5;21
25;2025-12-09;6;279
25;2025-12-09;7;542
25;2025-12-09;8;915
25;2025-12-09;9;463
25;2025-12-09;10;382
25;2025-12-09;11;455
25;2025-12-09;12;442
25;2025-12-09;13;548
25;2025-12-09;14;491
25;2025-12-09;15;620
25;2025-12-09;16;698
25;2025-12-09;17;816
25;2025-12-09;18;790
25;2025-12-09;19;621
25;2025-12-09;20;344
25;2025-12-09;21;233
25;2025-12-09;22;89
25;2025-12-09;23;6
25;2025-12-10;0;0
25;2025-12-10;1;0
25;2025-12-10;2;0
25;2025-12-10;3;0
25;2025-12-10;4;0
25;2025-12-10;5;21
25;2025-12-10;6;279
25;2025-12-10;7;542
25;2025-12-10;8;915
25;2025-12-10;9;463
25;2025-12-10;10;382
25;2025-12-10;11;455
25;2025-12-10;12;442
25;2025-12-10;13;548
25;2025-12-10;14;491
25;2025-12-10;15;620
25;2025-12-10;16;698
25;2025-12-10;17;816
25;2025-12-10;18;790
25;2025-12-10;19;621
25;2025-12-10;20;344
25;2025-12-10;21;233
25;2025-12-10;22;89
25;2025-12-10;23;6
25;2025-12-11;0;0
25;2025-12-11;1;0
25;2025-12-11;2;0
25;2025-12-11;3;0
25;2025-12-11;4;0
25;2025-12-11;5;21
25;2025-12-11;6;279
25;2025-12-11;7;542
25;2025-12-11;8;915
25;2025-12-11;9;463
25;2025-12-11;10;382
25;2025-12-11;11;455
25;2025-12-11;12;442
25;2025-12-11;13;548
25;2025-12-11;14;491
25;2025-12-11;15;620
25;2025-12-11;16;698
25;2025-12-11;17;816
25;2025-12-11;18;790
25;2025-12-11;19;621
25;2025-12-11;20;344
25;2025-12-11;21;233
25;2025-12-11;22;89
25;2025-12-11;23;6
25;2025-12-12;0;0
25;2025-12-12;1;0
25;2025-12-12;2;0
25;2025-12-12;3;0
25;2025-12-12;4;0
25;2025-12-12;5;20
25;2025-12-12;6;299
25;2025-12-12;7;632
25;2025-12-12;8;947
25;2025-12-12;9;481
25;2025-12-12;10;426
25;2025-12-12;11;511
25;2025-12-12;12;477
25;2025-12-12;13;600
25;2025-12-12;14;513
25;2025-12-12;15;697
25;2025-12-12;16;904
25;2025-12-12;17;885
25;2025-12-12;18;764
25;2025-12-12;19;676
25;2025-12-12;20;370
25;2025-12-12;21;248
25;2025-12-12;22;117
25;2025-12-12;23;16
25;2025-12-13;0;0
25;2025-12-13;1;0
25;2025-12-13;2;0
25;2025-12-13;3;0
25;2025-12-13;4;0
25;2025-12-13;5;21
25;2025-12-13;6;141
25;2025-12-13;7;141
25;2025-12-13;8;315
25;2025-12-13;9;259
25;2025-12-13;10;295
25;2025-12-13;11;397
25;2025-12-13;12;399
25;2025-12-13;13;662
25;2025-12-13;14;672
25;2025-12-13;15;795
25;2025-12-13;16;706
25;2025-12-13;17;584
25;2025-12-13;18;520
25;2025-12-13;19;450
25;2025-12-13;20;256
25;2025-12-13;21;188
25;2025-12-13;22;118
25;2025-12-13;23;44
25;2025-12-14;0;15
25;2025-12-14;1;0
25;2025-12-14;2;0
25;2025-12-14;3;0
25;2025-12-14;4;0
25;2025-12-14;5;9
25;2025-12-14;6;100
25;2025-12-14;7;99
25;2025-12-14;8;187
25;2025-12-14;9;224
25;2025-12-14;10;213
25;2025-12-14;11;308
25;2025-12-14;12;371
25;2025-12-14;13;490
25;2025-12-14;14;567
25;2025-12-14;15;660
25;2025-12-14;16;549
25;2025-12-14;17;538
25;2025-12-14;18;431
25;2025-12-14;19;297
25;2025-12-14;20;237
25;2025-12-14;21;136
25;2025-12-14;22;93
25;2025-12-14;23;33
25;2025-12-15;0;8
25;2025-12-15;1;0
25;2025-12-15;2;0
25;2025-12-15;3;0
25;2025-12-15;4;0
25;2025-12-15;5;26
25;2025-12-15;6;268
25;2025-12-15;7;537
25;2025-12-15;8;1023
25;2025-12-15;9;548
25;2025-12-15;10;354
25;2025-12-15;11;429
25;2025-12-15;12;429
25;2025-12-15;13;576
25;2025-12-15;14;495
25;2025-12-15;15;531
25;2025-12-15;16;689
25;2025-12-15;17;756
25;2025-12-15;18;751
25;2025-12-15;19;586
25;2025-12-15;20;318
25;2025-12-15;21;190
25;2025-12-15;22;83
25;2025-12-15;23;5
25;2025-12-16;0;0
25;2025-12-16;1;0
25;2025-12-16;2;0
25;2025-12-16;3;0
25;2025-12-16;4;0
25;2025-12-16;5;21
25;2025-12-16;6;279
25;2025-12-16;7;542
25;2025-12-16;8;915
25;2025-12-16;9;463
25;2025-12-16;10;382
25;2025-12-16;11;455
25;2025-12-16;12;442
25;2025-12-16;13;548
25;2025-12-16;14;491
25;2025-12-16;15;620
25;2025-12-16;16;698
25;2025-12-16;17;816
25;2025-12-16;18;790
25;2025-12-16;19;621
25;2025-12-16;20;344
25;2025-12-16;21;233
25;2025-12-16;22;89
25;2025-12-16;23;6
25;2025-12-17;0;0
25;2025-12-17;1;0
25;2025-12-17;2;0
25;2025-12-17;3;0
25;2025-12-17;4;0
25;2025-12-17;5;21
25;2025-12-17;6;279
25;2025-12-17;7;542
25;2025-12-17;8;915
25;2025-12-17;9;463
25;2025-12-17;10;382
25;2025-12-17;11;455
25;2025-12-17;12;442
25;2025-12-17;13;548
25;2025-12-17;14;491
25;2025-12-17;15;620
25;2025-12-17;16;698
25;2025-12-17;17;816
25;2025-12-17;18;790
25;2025-12-17;19;621
25;2025-12-17;20;344
25;2025-12-17;21;233
25;2025-12-17;22;89
25;2025-12-17;23;6
25;2025-12-18;0;0
25;2025-12-18;1;0
25;2025-12-18;2;0
25;2025-12-18;3;0
25;2025-12-18;4;0
25;2025-12-18;5;21
25;2025-12-18;6;279
25;2025-12-18;7;542
25;2025-12-18;8;915
25;2025-12-18;9;463
25;2025-12-18;10;382
25;2025-12-18;11;455
25;2025-12-18;12;442
25;2025-12-18;13;548
25;2025-12-18;14;491
25;2025-12-18;15;620
25;2025-12-18;16;698
25;2025-12-18;17;816
25;2025-12-18;18;790
25;2025-12-18;19;621
25;2025-12-18;20;344
25;2025-12-18;21;233
25;2025-12-18;22;89
25;2025-12-18;23;6
25;2025-12-19;0;0
25;2025-12-19;1;0
25;2025-12-19;2;0
25;2025-12-19;3;0
25;2025-12-19;4;0
25;2025-12-19;5;20
25;2025-12-19;6;299
25;2025-12-19;7;632
25;2025-12-19;8;947
25;2025-12-19;9;481
25;2025-12-19;10;426
25;2025-12-19;11;511
25;2025-12-19;12;477
25;2025-12-19;13;600
25;2025-12-19;14;513
25;2025-12-19;15;697
25;2025-12-19;16;904
25;2025-12-19;17;885
25;2025-12-19;18;764
25;2025-12-19;19;676
25;2025-12-19;20;370
25;2025-12-19;21;248
25;2025-12-19;22;117
25;2025-12-19;23;16
25;2025-12-20;0;0
25;2025-12-20;1;0
25;2025-12-20;2;0
25;2025-12-20;3;0
25;2025-12-20;4;0
25;2025-12-20;5;21
25;2025-12-20;6;141
25;2025-12-20;7;141
25;2025-12-20;8;315
25;2025-12-20;9;259
25;2025-12-20;10;295
25;2025-12-20;11;397
25;2025-12-20;12;399
25;2025-12-20;13;662
25;2025-12-20;14;672
25;2025-12-20;15;795
25;2025-12-20;16;706
25;2025-12-20;17;584
25;2025-12-20;18;520
25;2025-12-20;19;450
25;2025-12-20;20;256
25;2025-12-20;21;188
25;2025-12-20;22;118
25;2025-12-20;23;44
25;2025-12-21;0;15
25;2025-12-21;1;0
25;2025-12-21;2;0
25;2025-12-21;3;0
25;2025-12-21;4;0
25;2025-12-21;5;9
25;2025-12-21;6;100
25;2025-12-21;7;99
25;2025-12-21;8;187
25;2025-12-21;9;224
25;2025-12-21;10;213
25;2025-12-21;11;308
25;2025-12-21;12;371
25;2025-12-21;13;490
25;2025-12-21;14;567
25;2025-12-21;15;660
25;2025-12-21;16;549
25;2025-12-21;17;538
25;2025-12-21;18;431
25;2025-12-21;19;297
25;2025-12-21;20;237
25;2025-12-21;21;136
25;2025-12-21;22;93
25;2025-12-21;23;33
25;2025-12-22;0;8
25;2025-12-22;1;0
25;2025-12-22;2;0
25;2025-12-22;3;0
25;2025-12-22;4;0
25;2025-12-22;5;26
25;2025-12-22;6;268
25;2025-12-22;7;537
25;2025-12-22;8;1023
25;2025-12-22;9;548
25;2025-12-22;10;354
25;2025-12-22;11;429
25;2025-12-22;12;429
25;2025-12-22;13;576
25;2025-12-22;14;495
25;2025-12-22;15;531
25;2025-12-22;16;689
25;2025-12-22;17;756
25;2025-12-22;18;751
25;2025-12-22;19;586
25;2025-12-22;20;318
25;2025-12-22;21;190
25;2025-12-22;22;83
25;2025-12-22;23;5
25;2025-12-23;0;0
25;2025-12-23;1;0
25;2025-12-23;2;0
25;2025-12-23;3;0
25;2025-12-23;4;0
25;2025-12-23;5;21
25;2025-12-23;6;279
25;2025-12-23;7;542
25;2025-12-23;8;915
25;2025-12-23;9;463
25;2025-12-23;10;382
25;2025-12-23;11;455
25;2025-12-23;12;442
25;2025-12-23;13;548
25;2025-12-23;14;491
25;2025-12-23;15;620
25;2025-12-23;16;698
25;2025-12-23;17;816
25;2025-12-23;18;790
25;2025-12-23;19;621
25;2025-12-23;20;344
25;2025-12-23;21;233
25;2025-12-23;22;89
25;2025-12-23;23;6
25;2025-12-24;0;0
25;2025-12-24;1;0
25;2025-12-24;2;0
25;2025-12-24;3;0
25;2025-12-24;4;0
25;2025-12-24;5;21
25;2025-12-24;6;279
25;2025-12-24;7;542
25;2025-12-24;8;915
25;2025-12-24;9;463
25;2025-12-24;10;382
25;2025-12-24;11;455
25;2025-12-24;12;442
25;2025-12-24;13;548
25;2025-12-24;14;491
25;2025-12-24;15;620
25;2025-12-24;16;698
25;2025-12-24;17;816
25;2025-12-24;18;790
25;2025-12-24;19;621
25;2025-12-24;20;344
25;2025-12-24;21;233
25;2025-12-24;22;89
25;2025-12-24;23;6
25;2025-12-25;0;0
25;2025-12-25;1;0
25;2025-12-25;2;0
25;2025-12-25;3;0
25;2025-12-25;4;0
25;2025-12-25;5;21
25;2025-12-25;6;279
25;2025-12-25;7;542
25;2025-12-25;8;915
25;2025-12-25;9;463
25;2025-12-25;10;382
25;2025-12-25;11;455
25;2025-12-25;12;442
25;2025-12-25;13;548
25;2025-12-25;14;491
25;2025-12-25;15;620
25;2025-12-25;16;698
25;2025-12-25;17;816
25;2025-12-25;18;790
25;2025-12-25;19;621
25;2025-12-25;20;344
25;2025-12-25;21;233
25;2025-12-25;22;89
25;2025-12-25;23;6
25;2025-12-26;0;0
25;2025-12-26;1;0
25;2025-12-26;2;0
25;2025-12-26;3;0
25;2025-12-26;4;0
25;2025-12-26;5;20
25;2025-12-26;6;299
25;2025-12-26;7;632
25;2025-12-26;8;947
25;2025-12-26;9;481
25;2025-12-26;10;426
25;2025-12-26;11;511
25;2025-12-26;12;477
25;2025-12-26;13;600
25;2025-12-26;14;513
25;2025-12-26;15;697
25;2025-12-26;16;904
25;2025-12-26;17;885
25;2025-12-26;18;764
25;2025-12-26;19;676
25;2025-12-26;20;370
25;2025-12-26;21;248
25;2025-12-26;22;117
25;2025-12-26;23;16
25;2025-12-27;0;0
25;2025-12-27;1;0
25;2025-12-27;2;0
25;2025-12-27;3;0
25;2025-12-27;4;0
25;2025-12-27;5;21
25;2025-12-27;6;141
25;2025-12-27;7;141
25;2025-12-27;8;315
25;2025-12-27;9;259
25;2025-12-27;10;295
25;2025-12-27;11;397
25;2025-12-27;12;399
25;2025-12-27;13;662
25;2025-12-27;14;672
25;2025-12-27;15;795
25;2025-12-27;16;706
25;2025-12-27;17;584
25;2025-12-27;18;520
25;2025-12-27;19;450
25;2025-12-27;20;256
25;2025-12-27;21;188
25;2025-12-27;22;118
25;2025-12-27;23;44
25;2025-12-28;0;15
25;2025-12-28;1;0
25;2025-12-28;2;0
25;2025-12-28;3;0
25;2025-12-28;4;0
25;2025-12-28;5;9
25;2025-12-28;6;100
25;2025-12-28;7;99
25;2025-12-28;8;187
25;2025-12-28;9;224
25;2025-12-28;10;213
25;2025-12-28;11;308
25;2025-12-28;12;371
25;2025-12-28;13;490
25;2025-12-28;14;567
25;2025-12-28;15;660
25;2025-12-28;16;549
25;2025-12-28;17;538
25;2025-12-28;18;431
25;2025-12-28;19;297
25;2025-12-28;20;237
25;2025-12-28;21;136
25;2025-12-28;22;93
25;2025-12-28;23;33
25;2025-12-29;0;7
25;2025-12-29;1;0
25;2025-12-29;2;0
25;2025-12-29;3;0
25;2025-12-29;4;0
25;2025-12-29;5;22
25;2025-12-29;6;228
25;2025-12-29;7;457
25;2025-12-29;8;869
25;2025-12-29;9;466
25;2025-12-29;10;301
25;2025-12-29;11;364
25;2025-12-29;12;365
25;2025-12-29;13;490
25;2025-12-29;14;421
25;2025-12-29;15;451
25;2025-12-29;16;585
25;2025-12-29;17;642
25;2025-12-29;18;638
25;2025-12-29;19;498
25;2025-12-29;20;270
25;2025-12-29;21;162
25;2025-12-29;22;71
25;2025-12-29;23;4
25;2025-12-30;0;0
25;2025-12-30;1;0
25;2025-12-30;2;0
25;2025-12-30;3;0
25;2025-12-30;4;0
25;2025-12-30;5;18
25;2025-12-30;6;237
25;2025-12-30;7;461
25;2025-12-30;8;778
25;2025-12-30;9;394
25;2025-12-30;10;325
25;2025-12-30;11;387
25;2025-12-30;12;376
25;2025-12-30;13;466
25;2025-12-30;14;417
25;2025-12-30;15;527
25;2025-12-30;16;594
25;2025-12-30;17;694
25;2025-12-30;18;672
25;2025-12-30;19;528
25;2025-12-30;20;293
25;2025-12-30;21;198
25;2025-12-30;22;76
25;2025-12-30;23;5
25;2025-12-31;0;12
25;2025-12-31;1;0
25;2025-12-31;2;0
25;2025-12-31;3;0
25;2025-12-31;4;0
25;2025-12-31;5;8
25;2025-12-31;6;85
25;2025-12-31;7;84
25;2025-12-31;8;159
25;2025-12-31;9;190
25;2025-12-31;10;181
25;2025-12-31;11;262
25;2025-12-31;12;315
25;2025-12-31;13;416
25;2025-12-31;14;482
25;2025-12-31;15;561
25;2025-12-31;16;467
25;2025-12-31;17;458
25;2025-12-31;18;366
25;2025-12-31;19;253
25;2025-12-31;20;201
25;2025-12-31;21;116
25;2025-12-31;22;79
25;2025-12-31;23;28
26;2025-11-01;0;25
26;2025-11-01;1;0
26;2025-11-01;2;0
26;2025-11-01;3;0
26;2025-11-01;4;1
26;2025-11-01;5;70
26;2025-11-01;6;402
26;2025-11-01;7;858
26;2025-11-01;8;1832
26;2025-11-01;9;1148
26;2025-11-01;10;1032
26;2025-11-01;11;908
26;2025-11-01;12;923
26;2025-11-01;13;946
26;2025-11-01;14;1120
26;2025-11-01;15;1129
26;2025-11-01;16;1359
26;2025-11-01;17;1491
26;2025-11-01;18;1082
26;2025-11-01;19;852
26;2025-11-01;20;543
26;2025-11-01;21;389
26;2025-11-01;22;165
26;2025-11-01;23;131
26;2025-11-02;0;48
26;2025-11-02;1;3
26;2025-11-02;2;0
26;2025-11-02;3;0
26;2025-11-02;4;2
26;2025-11-02;5;22
26;2025-11-02;6;156
26;2025-11-02;7;263
26;2025-11-02;8;389
26;2025-11-02;9;511
26;2025-11-02;10;583
26;2025-11-02;11;818
26;2025-11-02;12;817
26;2025-11-02;13;865
26;2025-11-02;14;863
26;2025-11-02;15;785
26;2025-11-02;16;742
26;2025-11-02;17;766
26;2025-11-02;18;697
26;2025-11-02;19;511
26;2025-11-02;20;393
26;2025-11-02;21;278
26;2025-11-02;22;163
26;2025-11-02;23;101
26;2025-11-03;0;48
26;2025-11-03;1;3
26;2025-11-03;2;0
26;2025-11-03;3;0
26;2025-11-03;4;2
26;2025-11-03;5;22
26;2025-11-03;6;156
26;2025-11-03;7;263
26;2025-11-03;8;389
26;2025-11-03;9;511
26;2025-11-03;10;583
26;2025-11-03;11;818
26;2025-11-03;12;817
26;2025-11-03;13;865
26;2025-11-03;14;863
26;2025-11-03;15;785
26;2025-11-03;16;742
26;2025-11-03;17;766
26;2025-11-03;18;697
26;2025-11-03;19;511
26;2025-11-03;20;393
26;2025-11-03;21;278
26;2025-11-03;22;163
26;2025-11-03;23;101
26;2025-11-04;0;48
26;2025-11-04;1;3
26;2025-11-04;2;0
26;2025-11-04;3;0
26;2025-11-04;4;2
26;2025-11-04;5;22
26;2025-11-04;6;156
26;2025-11-04;7;263
26;2025-11-04;8;389
26;2025-11-04;9;511
26;2025-11-04;10;583
26;2025-11-04;11;818
26;2025-11-04;12;817
26;2025-11-04;13;865
26;2025-11-04;14;863
26;2025-11-04;15;785
26;2025-11-04;16;742
26;2025-11-04;17;766
26;2025-11-04;18;697
26;2025-11-04;19;511
26;2025-11-04;20;393
26;2025-11-04;21;278
26;2025-11-04;22;163
26;2025-11-04;23;101
26;2025-11-05;0;32
26;2025-11-05;1;1
26;2025-11-05;2;0
26;2025-11-05;3;0
26;2025-11-05;4;2
26;2025-11-05;5;100
26;2025-11-05;6;469
26;2025-11-05;7;1128
26;2025-11-05;8;2316
26;2025-11-05;9;1535
26;2025-11-05;10;1235
26;2025-11-05;11;1167
26;2025-11-05;12;1197
26;2025-11-05;13;1199
26;2025-11-05;14;1420
26;2025-11-05;15;1425
26;2025-11-05;16;1550
26;2025-11-05;17;1795
26;2025-11-05;18;1928
26;2025-11-05;19;1286
26;2025-11-05;20;788
26;2025-11-05;21;507
26;2025-11-05;22;212
26;2025-11-05;23;133
26;2025-11-06;0;32
26;2025-11-06;1;1
26;2025-11-06;2;0
26;2025-11-06;3;0
26;2025-11-06;4;2
26;2025-11-06;5;100
26;2025-11-06;6;469
26;2025-11-06;7;1128
26;2025-11-06;8;2316
26;2025-11-06;9;1535
26;2025-11-06;10;1235
26;2025-11-06;11;1167
26;2025-11-06;12;1197
26;2025-11-06;13;1199
26;2025-11-06;14;1420
26;2025-11-06;15;1425
26;2025-11-06;16;1550
26;2025-11-06;17;1795
26;2025-11-06;18;1928
26;2025-11-06;19;1286
26;2025-11-06;20;788
26;2025-11-06;21;507
26;2025-11-06;22;212
26;2025-11-06;23;133
26;2025-11-07;0;29
26;2025-11-07;1;1
26;2025-11-07;2;0
26;2025-11-07;3;0
26;2025-11-07;4;1
26;2025-11-07;5;83
26;2025-11-07;6;478
26;2025-11-07;7;1019
26;2025-11-07;8;2176
26;2025-11-07;9;1364
26;2025-11-07;10;1226
26;2025-11-07;11;1079
26;2025-11-07;12;1096
26;2025-11-07;13;1124
26;2025-11-07;14;1331
26;2025-11-07;15;1341
26;2025-11-07;16;1614
26;2025-11-07;17;1771
26;2025-11-07;18;1286
26;2025-11-07;19;1012
26;2025-11-07;20;645
26;2025-11-07;21;462
26;2025-11-07;22;197
26;2025-11-07;23;155
26;2025-11-08;0;49
26;2025-11-08;1;2
26;2025-11-08;2;0
26;2025-11-08;3;0
26;2025-11-08;4;2
26;2025-11-08;5;52
26;2025-11-08;6;252
26;2025-11-08;7;379
26;2025-11-08;8;623
26;2025-11-08;9;687
26;2025-11-08;10;852
26;2025-11-08;11;1010
26;2025-11-08;12;1107
26;2025-11-08;13;1106
26;2025-11-08;14;1154
26;2025-11-08;15;1022
26;2025-11-08;16;1070
26;2025-11-08;17;987
26;2025-11-08;18;924
26;2025-11-08;19;788
26;2025-11-08;20;541
26;2025-11-08;21;347
26;2025-11-08;22;211
26;2025-11-08;23;157
26;2025-11-09;0;48
26;2025-11-09;1;3
26;2025-11-09;2;0
26;2025-11-09;3;0
26;2025-11-09;4;2
26;2025-11-09;5;22
26;2025-11-09;6;156
26;2025-11-09;7;263
26;2025-11-09;8;389
26;2025-11-09;9;511
26;2025-11-09;10;583
26;2025-11-09;11;818
26;2025-11-09;12;817
26;2025-11-09;13;865
26;2025-11-09;14;863
26;2025-11-09;15;785
26;2025-11-09;16;742
26;2025-11-09;17;766
26;2025-11-09;18;697
26;2025-11-09;19;511
26;2025-11-09;20;393
26;2025-11-09;21;278
26;2025-11-09;22;163
26;2025-11-09;23;101
26;2025-11-10;0;25
26;2025-11-10;1;2
26;2025-11-10;2;0
26;2025-11-10;3;0
26;2025-11-10;4;1
26;2025-11-10;5;96
26;2025-11-10;6;469
26;2025-11-10;7;1157
26;2025-11-10;8;2317
26;2025-11-10;9;1485
26;2025-11-10;10;1243
26;2025-11-10;11;1056
26;2025-11-10;12;1094
26;2025-11-10;13;1172
26;2025-11-10;14;1323
26;2025-11-10;15;1364
26;2025-11-10;16;1498
26;2025-11-10;17;1782
26;2025-11-10;18;1954
26;2025-11-10;19;1234
26;2025-11-10;20;755
26;2025-11-10;21;491
26;2025-11-10;22;207
26;2025-11-10;23;114
26;2025-11-11;0;32
26;2025-11-11;1;1
26;2025-11-11;2;0
26;2025-11-11;3;0
26;2025-11-11;4;2
26;2025-11-11;5;100
26;2025-11-11;6;469
26;2025-11-11;7;1128
26;2025-11-11;8;2316
26;2025-11-11;9;1535
26;2025-11-11;10;1235
26;2025-11-11;11;1167
26;2025-11-11;12;1197
26;2025-11-11;13;1199
26;2025-11-11;14;1420
26;2025-11-11;15;1425
26;2025-11-11;16;1550
26;2025-11-11;17;1795
26;2025-11-11;18;1928
26;2025-11-11;19;1286
26;2025-11-11;20;788
26;2025-11-11;21;507
26;2025-11-11;22;212
26;2025-11-11;23;133
26;2025-11-12;0;32
26;2025-11-12;1;1
26;2025-11-12;2;0
26;2025-11-12;3;0
26;2025-11-12;4;2
26;2025-11-12;5;100
26;2025-11-12;6;469
26;2025-11-12;7;1128
26;2025-11-12;8;2316
26;2025-11-12;9;1535
26;2025-11-12;10;1235
26;2025-11-12;11;1167
26;2025-11-12;12;1197
26;2025-11-12;13;1199
26;2025-11-12;14;1420
26;2025-11-12;15;1425
26;2025-11-12;16;1550
26;2025-11-12;17;1795
26;2025-11-12;18;1928
26;2025-11-12;19;1286
26;2025-11-12;20;788
26;2025-11-12;21;507
26;2025-11-12;22;212
26;2025-11-12;23;133
26;2025-11-13;0;32
26;2025-11-13;1;1
26;2025-11-13;2;0
26;2025-11-13;3;0
26;2025-11-13;4;2
26;2025-11-13;5;100
26;2025-11-13;6;469
26;2025-11-13;7;1128
26;2025-11-13;8;2316
26;2025-11-13;9;1535
26;2025-11-13;10;1235
26;2025-11-13;11;1167
26;2025-11-13;12;1197
26;2025-11-13;13;1199
26;2025-11-13;14;1420
26;2025-11-13;15;1425
26;2025-11-13;16;1550
26;2025-11-13;17;1795
26;2025-11-13;18;1928
26;2025-11-13;19;1286
26;2025-11-13;20;788
26;2025-11-13;21;507
26;2025-11-13;22;212
26;2025-11-13;23;133
26;2025-11-14;0;29
26;2025-11-14;1;1
26;2025-11-14;2;0
26;2025-11-14;3;0
26;2025-11-14;4;1
26;2025-11-14;5;83
26;2025-11-14;6;478
26;2025-11-14;7;1019
26;2025-11-14;8;2176
26;2025-11-14;9;1364
26;2025-11-14;10;1226
26;2025-11-14;11;1079
26;2025-11-14;12;1096
26;2025-11-14;13;1124
26;2025-11-14;14;1331
26;2025-11-14;15;1341
26;2025-11-14;16;1614
26;2025-11-14;17;1771
26;2025-11-14;18;1286
26;2025-11-14;19;1012
26;2025-11-14;20;645
26;2025-11-14;21;462
26;2025-11-14;22;197
26;2025-11-14;23;155
26;2025-11-15;0;49
26;2025-11-15;1;2
26;2025-11-15;2;0
26;2025-11-15;3;0
26;2025-11-15;4;2
26;2025-11-15;5;52
26;2025-11-15;6;252
26;2025-11-15;7;379
26;2025-11-15;8;623
26;2025-11-15;9;687
26;2025-11-15;10;852
26;2025-11-15;11;1010
26;2025-11-15;12;1107
26;2025-11-15;13;1106
26;2025-11-15;14;1154
26;2025-11-15;15;1022
26;2025-11-15;16;1070
26;2025-11-15;17;987
26;2025-11-15;18;924
26;2025-11-15;19;788
26;2025-11-15;20;541
26;2025-11-15;21;347
26;2025-11-15;22;211
26;2025-11-15;23;157
26;2025-11-16;0;48
26;2025-11-16;1;3
26;2025-11-16;2;0
26;2025-11-16;3;0
26;2025-11-16;4;2
26;2025-11-16;5;22
26;2025-11-16;6;156
26;2025-11-16;7;263
26;2025-11-16;8;389
26;2025-11-16;9;511
26;2025-11-16;10;583
26;2025-11-16;11;818
26;2025-11-16;12;817
26;2025-11-16;13;865
26;2025-11-16;14;863
26;2025-11-16;15;785
26;2025-11-16;16;742
26;2025-11-16;17;766
26;2025-11-16;18;697
26;2025-11-16;19;511
26;2025-11-16;20;393
26;2025-11-16;21;278
26;2025-11-16;22;163
26;2025-11-16;23;101
26;2025-11-17;0;25
26;2025-11-17;1;2
26;2025-11-17;2;0
26;2025-11-17;3;0
26;2025-11-17;4;1
26;2025-11-17;5;96
26;2025-11-17;6;469
26;2025-11-17;7;1157
26;2025-11-17;8;2317
26;2025-11-17;9;1485
26;2025-11-17;10;1243
26;2025-11-17;11;1056
26;2025-11-17;12;1094
26;2025-11-17;13;1172
26;2025-11-17;14;1323
26;2025-11-17;15;1364
26;2025-11-17;16;1498
26;2025-11-17;17;1782
26;2025-11-17;18;1954
26;2025-11-17;19;1234
26;2025-11-17;20;755
26;2025-11-17;21;491
26;2025-11-17;22;207
26;2025-11-17;23;114
26;2025-11-18;0;32
26;2025-11-18;1;1
26;2025-11-18;2;0
26;2025-11-18;3;0
26;2025-11-18;4;2
26;2025-11-18;5;100
26;2025-11-18;6;469
26;2025-11-18;7;1128
26;2025-11-18;8;2316
26;2025-11-18;9;1535
26;2025-11-18;10;1235
26;2025-11-18;11;1167
26;2025-11-18;12;1197
26;2025-11-18;13;1199
26;2025-11-18;14;1420
26;2025-11-18;15;1425
26;2025-11-18;16;1550
26;2025-11-18;17;1795
26;2025-11-18;18;1928
26;2025-11-18;19;1286
26;2025-11-18;20;788
26;2025-11-18;21;507
26;2025-11-18;22;212
26;2025-11-18;23;133
26;2025-11-19;0;32
26;2025-11-19;1;1
26;2025-11-19;2;0
26;2025-11-19;3;0
26;2025-11-19;4;2
26;2025-11-19;5;100
26;2025-11-19;6;469
26;2025-11-19;7;1128
26;2025-11-19;8;2316
26;2025-11-19;9;1535
26;2025-11-19;10;1235
26;2025-11-19;11;1167
26;2025-11-19;12;1197
26;2025-11-19;13;1199
26;2025-11-19;14;1420
26;2025-11-19;15;1425
26;2025-11-19;16;1550
26;2025-11-19;17;1795
26;2025-11-19;18;1928
26;2025-11-19;19;1286
26;2025-11-19;20;788
26;2025-11-19;21;507
26;2025-11-19;22;212
26;2025-11-19;23;133
26;2025-11-20;0;32
26;2025-11-20;1;1
26;2025-11-20;2;0
26;2025-11-20;3;0
26;2025-11-20;4;2
26;2025-11-20;5;100
26;2025-11-20;6;469
26;2025-11-20;7;1128
26;2025-11-20;8;2316
26;2025-11-20;9;1535
26;2025-11-20;10;1235
26;2025-11-20;11;1167
26;2025-11-20;12;1197
26;2025-11-20;13;1199
26;2025-11-20;14;1420
26;2025-11-20;15;1425
26;2025-11-20;16;1550
26;2025-11-20;17;1795
26;2025-11-20;18;1928
26;2025-11-20;19;1286
26;2025-11-20;20;788
26;2025-11-20;21;507
26;2025-11-20;22;212
26;2025-11-20;23;133
26;2025-11-21;0;29
26;2025-11-21;1;1
26;2025-11-21;2;0
26;2025-11-21;3;0
26;2025-11-21;4;1
26;2025-11-21;5;83
26;2025-11-21;6;478
26;2025-11-21;7;1019
26;2025-11-21;8;2176
26;2025-11-21;9;1364
26;2025-11-21;10;1226
26;2025-11-21;11;1079
26;2025-11-21;12;1096
26;2025-11-21;13;1124
26;2025-11-21;14;1331
26;2025-11-21;15;1341
26;2025-11-21;16;1614
26;2025-11-21;17;1771
26;2025-11-21;18;1286
26;2025-11-21;19;1012
26;2025-11-21;20;645
26;2025-11-21;21;462
26;2025-11-21;22;197
26;2025-11-21;23;155
26;2025-11-22;0;49
26;2025-11-22;1;2
26;2025-11-22;2;0
26;2025-11-22;3;0
26;2025-11-22;4;2
26;2025-11-22;5;52
26;2025-11-22;6;252
26;2025-11-22;7;379
26;2025-11-22;8;623
26;2025-11-22;9;687
26;2025-11-22;10;852
26;2025-11-22;11;1010
26;2025-11-22;12;1107
26;2025-11-22;13;1106
26;2025-11-22;14;1154
26;2025-11-22;15;1022
26;2025-11-22;16;1070
26;2025-11-22;17;987
26;2025-11-22;18;924
26;2025-11-22;19;788
26;2025-11-22;20;541
26;2025-11-22;21;347
26;2025-11-22;22;211
26;2025-11-22;23;157
26;2025-11-23;0;48
26;2025-11-23;1;3
26;2025-11-23;2;0
26;2025-11-23;3;0
26;2025-11-23;4;2
26;2025-11-23;5;22
26;2025-11-23;6;156
26;2025-11-23;7;263
26;2025-11-23;8;389
26;2025-11-23;9;511
26;2025-11-23;10;583
26;2025-11-23;11;818
26;2025-11-23;12;817
26;2025-11-23;13;865
26;2025-11-23;14;863
26;2025-11-23;15;785
26;2025-11-23;16;742
26;2025-11-23;17;766
26;2025-11-23;18;697
26;2025-11-23;19;511
26;2025-11-23;20;393
26;2025-11-23;21;278
26;2025-11-23;22;163
26;2025-11-23;23;101
26;2025-11-24;0;25
26;2025-11-24;1;2
26;2025-11-24;2;0
26;2025-11-24;3;0
26;2025-11-24;4;1
26;2025-11-24;5;96
26;2025-11-24;6;469
26;2025-11-24;7;1157
26;2025-11-24;8;2317
26;2025-11-24;9;1485
26;2025-11-24;10;1243
26;2025-11-24;11;1056
26;2025-11-24;12;1094
26;2025-11-24;13;1172
26;2025-11-24;14;1323
26;2025-11-24;15;1364
26;2025-11-24;16;1498
26;2025-11-24;17;1782
26;2025-11-24;18;1954
26;2025-11-24;19;1234
26;2025-11-24;20;755
26;2025-11-24;21;491
26;2025-11-24;22;207
26;2025-11-24;23;114
26;2025-11-25;0;32
26;2025-11-25;1;1
26;2025-11-25;2;0
26;2025-11-25;3;0
26;2025-11-25;4;2
26;2025-11-25;5;100
26;2025-11-25;6;469
26;2025-11-25;7;1128
26;2025-11-25;8;2316
26;2025-11-25;9;1535
26;2025-11-25;10;1235
26;2025-11-25;11;1167
26;2025-11-25;12;1197
26;2025-11-25;13;1199
26;2025-11-25;14;1420
26;2025-11-25;15;1425
26;2025-11-25;16;1550
26;2025-11-25;17;1795
26;2025-11-25;18;1928
26;2025-11-25;19;1286
26;2025-11-25;20;788
26;2025-11-25;21;507
26;2025-11-25;22;212
26;2025-11-25;23;133
26;2025-11-26;0;32
26;2025-11-26;1;1
26;2025-11-26;2;0
26;2025-11-26;3;0
26;2025-11-26;4;2
26;2025-11-26;5;100
26;2025-11-26;6;469
26;2025-11-26;7;1128
26;2025-11-26;8;2316
26;2025-11-26;9;1535
26;2025-11-26;10;1235
26;2025-11-26;11;1167
26;2025-11-26;12;1197
26;2025-11-26;13;1199
26;2025-11-26;14;1420
26;2025-11-26;15;1425
26;2025-11-26;16;1550
26;2025-11-26;17;1795
26;2025-11-26;18;1928
26;2025-11-26;19;1286
26;2025-11-26;20;788
26;2025-11-26;21;507
26;2025-11-26;22;212
26;2025-11-26;23;133
26;2025-11-27;0;32
26;2025-11-27;1;1
26;2025-11-27;2;0
26;2025-11-27;3;0
26;2025-11-27;4;2
26;2025-11-27;5;100
26;2025-11-27;6;469
26;2025-11-27;7;1128
26;2025-11-27;8;2316
26;2025-11-27;9;1535
26;2025-11-27;10;1235
26;2025-11-27;11;1167
26;2025-11-27;12;1197
26;2025-11-27;13;1199
26;2025-11-27;14;1420
26;2025-11-27;15;1425
26;2025-11-27;16;1550
26;2025-11-27;17;1795
26;2025-11-27;18;1928
26;2025-11-27;19;1286
26;2025-11-27;20;788
26;2025-11-27;21;507
26;2025-11-27;22;212
26;2025-11-27;23;133
26;2025-11-28;0;29
26;2025-11-28;1;1
26;2025-11-28;2;0
26;2025-11-28;3;0
26;2025-11-28;4;1
26;2025-11-28;5;83
26;2025-11-28;6;478
26;2025-11-28;7;1019
26;2025-11-28;8;2176
26;2025-11-28;9;1364
26;2025-11-28;10;1226
26;2025-11-28;11;1079
26;2025-11-28;12;1096
26;2025-11-28;13;1124
26;2025-11-28;14;1331
26;2025-11-28;15;1341
26;2025-11-28;16;1614
26;2025-11-28;17;1771
26;2025-11-28;18;1286
26;2025-11-28;19;1012
26;2025-11-28;20;645
26;2025-11-28;21;462
26;2025-11-28;22;197
26;2025-11-28;23;155
26;2025-11-29;0;49
26;2025-11-29;1;2
26;2025-11-29;2;0
26;2025-11-29;3;0
26;2025-11-29;4;2
26;2025-11-29;5;52
26;2025-11-29;6;252
26;2025-11-29;7;379
26;2025-11-29;8;623
26;2025-11-29;9;687
26;2025-11-29;10;852
26;2025-11-29;11;1010
26;2025-11-29;12;1107
26;2025-11-29;13;1106
26;2025-11-29;14;1154
26;2025-11-29;15;1022
26;2025-11-29;16;1070
26;2025-11-29;17;987
26;2025-11-29;18;924
26;2025-11-29;19;788
26;2025-11-29;20;541
26;2025-11-29;21;347
26;2025-11-29;22;211
26;2025-11-29;23;157
26;2025-11-30;0;48
26;2025-11-30;1;3
26;2025-11-30;2;0
26;2025-11-30;3;0
26;2025-11-30;4;2
26;2025-11-30;5;22
26;2025-11-30;6;156
26;2025-11-30;7;263
26;2025-11-30;8;389
26;2025-11-30;9;511
26;2025-11-30;10;583
26;2025-11-30;11;818
26;2025-11-30;12;817
26;2025-11-30;13;865
26;2025-11-30;14;863
26;2025-11-30;15;785
26;2025-11-30;16;742
26;2025-11-30;17;766
26;2025-11-30;18;697
26;2025-11-30;19;511
26;2025-11-30;20;393
26;2025-11-30;21;278
26;2025-11-30;22;163
26;2025-11-30;23;101
26;2025-12-01;0;25
26;2025-12-01;1;2
26;2025-12-01;2;0
26;2025-12-01;3;0
26;2025-12-01;4;1
26;2025-12-01;5;96
26;2025-12-01;6;469
26;2025-12-01;7;1157
26;2025-12-01;8;2317
26;2025-12-01;9;1485
26;2025-12-01;10;1243
26;2025-12-01;11;1056
26;2025-12-01;12;1094
26;2025-12-01;13;1172
26;2025-12-01;14;1323
26;2025-12-01;15;1364
26;2025-12-01;16;1498
26;2025-12-01;17;1782
26;2025-12-01;18;1954
26;2025-12-01;19;1234
26;2025-12-01;20;755
26;2025-12-01;21;491
26;2025-12-01;22;207
26;2025-12-01;23;114
26;2025-12-02;0;32
26;2025-12-02;1;1
26;2025-12-02;2;0
26;2025-12-02;3;0
26;2025-12-02;4;2
26;2025-12-02;5;100
26;2025-12-02;6;469
26;2025-12-02;7;1128
26;2025-12-02;8;2316
26;2025-12-02;9;1535
26;2025-12-02;10;1235
26;2025-12-02;11;1167
26;2025-12-02;12;1197
26;2025-12-02;13;1199
26;2025-12-02;14;1420
26;2025-12-02;15;1425
26;2025-12-02;16;1550
26;2025-12-02;17;1795
26;2025-12-02;18;1928
26;2025-12-02;19;1286
26;2025-12-02;20;788
26;2025-12-02;21;507
26;2025-12-02;22;212
26;2025-12-02;23;133
26;2025-12-03;0;32
26;2025-12-03;1;1
26;2025-12-03;2;0
26;2025-12-03;3;0
26;2025-12-03;4;2
26;2025-12-03;5;100
26;2025-12-03;6;469
26;2025-12-03;7;1128
26;2025-12-03;8;2316
26;2025-12-03;9;1535
26;2025-12-03;10;1235
26;2025-12-03;11;1167
26;2025-12-03;12;1197
26;2025-12-03;13;1199
26;2025-12-03;14;1420
26;2025-12-03;15;1425
26;2025-12-03;16;1550
26;2025-12-03;17;1795
26;2025-12-03;18;1928
26;2025-12-03;19;1286
26;2025-12-03;20;788
26;2025-12-03;21;507
26;2025-12-03;22;212
26;2025-12-03;23;133
26;2025-12-04;0;32
26;2025-12-04;1;1
26;2025-12-04;2;0
26;2025-12-04;3;0
26;2025-12-04;4;2
26;2025-12-04;5;100
26;2025-12-04;6;469
26;2025-12-04;7;1128
26;2025-12-04;8;2316
26;2025-12-04;9;1535
26;2025-12-04;10;1235
26;2025-12-04;11;1167
26;2025-12-04;12;1197
26;2025-12-04;13;1199
26;2025-12-04;14;1420
26;2025-12-04;15;1425
26;2025-12-04;16;1550
26;2025-12-04;17;1795
26;2025-12-04;18;1928
26;2025-12-04;19;1286
26;2025-12-04;20;788
26;2025-12-04;21;507
26;2025-12-04;22;212
26;2025-12-04;23;133
26;2025-12-05;0;29
26;2025-12-05;1;1
26;2025-12-05;2;0
26;2025-12-05;3;0
26;2025-12-05;4;1
26;2025-12-05;5;83
26;2025-12-05;6;478
26;2025-12-05;7;1019
26;2025-12-05;8;2176
26;2025-12-05;9;1364
26;2025-12-05;10;1226
26;2025-12-05;11;1079
26;2025-12-05;12;1096
26;2025-12-05;13;1124
26;2025-12-05;14;1331
26;2025-12-05;15;1341
26;2025-12-05;16;1614
26;2025-12-05;17;1771
26;2025-12-05;18;1286
26;2025-12-05;19;1012
26;2025-12-05;20;645
26;2025-12-05;21;462
26;2025-12-05;22;197
26;2025-12-05;23;155
26;2025-12-06;0;49
26;2025-12-06;1;2
26;2025-12-06;2;0
26;2025-12-06;3;0
26;2025-12-06;4;2
26;2025-12-06;5;52
26;2025-12-06;6;252
26;2025-12-06;7;379
26;2025-12-06;8;623
26;2025-12-06;9;687
26;2025-12-06;10;852
26;2025-12-06;11;1010
26;2025-12-06;12;1107
26;2025-12-06;13;1106
26;2025-12-06;14;1154
26;2025-12-06;15;1022
26;2025-12-06;16;1070
26;2025-12-06;17;987
26;2025-12-06;18;924
26;2025-12-06;19;788
26;2025-12-06;20;541
26;2025-12-06;21;347
26;2025-12-06;22;211
26;2025-12-06;23;157
26;2025-12-07;0;48
26;2025-12-07;1;3
26;2025-12-07;2;0
26;2025-12-07;3;0
26;2025-12-07;4;2
26;2025-12-07;5;22
26;2025-12-07;6;156
26;2025-12-07;7;263
26;2025-12-07;8;389
26;2025-12-07;9;511
26;2025-12-07;10;583
26;2025-12-07;11;818
26;2025-12-07;12;817
26;2025-12-07;13;865
26;2025-12-07;14;863
26;2025-12-07;15;785
26;2025-12-07;16;742
26;2025-12-07;17;766
26;2025-12-07;18;697
26;2025-12-07;19;511
26;2025-12-07;20;393
26;2025-12-07;21;278
26;2025-12-07;22;163
26;2025-12-07;23;101
26;2025-12-08;0;25
26;2025-12-08;1;2
26;2025-12-08;2;0
26;2025-12-08;3;0
26;2025-12-08;4;1
26;2025-12-08;5;96
26;2025-12-08;6;469
26;2025-12-08;7;1157
26;2025-12-08;8;2317
26;2025-12-08;9;1485
26;2025-12-08;10;1243
26;2025-12-08;11;1056
26;2025-12-08;12;1094
26;2025-12-08;13;1172
26;2025-12-08;14;1323
26;2025-12-08;15;1364
26;2025-12-08;16;1498
26;2025-12-08;17;1782
26;2025-12-08;18;1954
26;2025-12-08;19;1234
26;2025-12-08;20;755
26;2025-12-08;21;491
26;2025-12-08;22;207
26;2025-12-08;23;114
26;2025-12-09;0;32
26;2025-12-09;1;1
26;2025-12-09;2;0
26;2025-12-09;3;0
26;2025-12-09;4;2
26;2025-12-09;5;100
26;2025-12-09;6;469
26;2025-12-09;7;1128
26;2025-12-09;8;2316
26;2025-12-09;9;1535
26;2025-12-09;10;1235
26;2025-12-09;11;1167
26;2025-12-09;12;1197
26;2025-12-09;13;1199
26;2025-12-09;14;1420
26;2025-12-09;15;1425
26;2025-12-09;16;1550
26;2025-12-09;17;1795
26;2025-12-09;18;1928
26;2025-12-09;19;1286
26;2025-12-09;20;788
26;2025-12-09;21;507
26;2025-12-09;22;212
26;2025-12-09;23;133
26;2025-12-10;0;32
26;2025-12-10;1;1
26;2025-12-10;2;0
26;2025-12-10;3;0
26;2025-12-10;4;2
26;2025-12-10;5;100
26;2025-12-10;6;469
26;2025-12-10;7;1128
26;2025-12-10;8;2316
26;2025-12-10;9;1535
26;2025-12-10;10;1235
26;2025-12-10;11;1167
26;2025-12-10;12;1197
26;2025-12-10;13;1199
26;2025-12-10;14;1420
26;2025-12-10;15;1425
26;2025-12-10;16;1550
26;2025-12-10;17;1795
26;2025-12-10;18;1928
26;2025-12-10;19;1286
26;2025-12-10;20;788
26;2025-12-10;21;507
26;2025-12-10;22;212
26;2025-12-10;23;133
26;2025-12-11;0;32
26;2025-12-11;1;1
26;2025-12-11;2;0
26;2025-12-11;3;0
26;2025-12-11;4;2
26;2025-12-11;5;100
26;2025-12-11;6;469
26;2025-12-11;7;1128
26;2025-12-11;8;2316
26;2025-12-11;9;1535
26;2025-12-11;10;1235
26;2025-12-11;11;1167
26;2025-12-11;12;1197
26;2025-12-11;13;1199
26;2025-12-11;14;1420
26;2025-12-11;15;1425
26;2025-12-11;16;1550
26;2025-12-11;17;1795
26;2025-12-11;18;1928
26;2025-12-11;19;1286
26;2025-12-11;20;788
26;2025-12-11;21;507
26;2025-12-11;22;212
26;2025-12-11;23;133
26;2025-12-12;0;29
26;2025-12-12;1;1
26;2025-12-12;2;0
26;2025-12-12;3;0
26;2025-12-12;4;1
26;2025-12-12;5;83
26;2025-12-12;6;478
26;2025-12-12;7;1019
26;2025-12-12;8;2176
26;2025-12-12;9;1364
26;2025-12-12;10;1226
26;2025-12-12;11;1079
26;2025-12-12;12;1096
26;2025-12-12;13;1124
26;2025-12-12;14;1331
26;2025-12-12;15;1341
26;2025-12-12;16;1614
26;2025-12-12;17;1771
26;2025-12-12;18;1286
26;2025-12-12;19;1012
26;2025-12-12;20;645
26;2025-12-12;21;462
26;2025-12-12;22;197
26;2025-12-12;23;155
26;2025-12-13;0;49
26;2025-12-13;1;2
26;2025-12-13;2;0
26;2025-12-13;3;0
26;2025-12-13;4;2
26;2025-12-13;5;52
26;2025-12-13;6;252
26;2025-12-13;7;379
26;2025-12-13;8;623
26;2025-12-13;9;687
26;2025-12-13;10;852
26;2025-12-13;11;1010
26;2025-12-13;12;1107
26;2025-12-13;13;1106
26;2025-12-13;14;1154
26;2025-12-13;15;1022
26;2025-12-13;16;1070
26;2025-12-13;17;987
26;2025-12-13;18;924
26;2025-12-13;19;788
26;2025-12-13;20;541
26;2025-12-13;21;347
26;2025-12-13;22;211
26;2025-12-13;23;157
26;2025-12-14;0;48
26;2025-12-14;1;3
26;2025-12-14;2;0
26;2025-12-14;3;0
26;2025-12-14;4;2
26;2025-12-14;5;22
26;2025-12-14;6;156
26;2025-12-14;7;263
26;2025-12-14;8;389
26;2025-12-14;9;511
26;2025-12-14;10;583
26;2025-12-14;11;818
26;2025-12-14;12;817
26;2025-12-14;13;865
26;2025-12-14;14;863
26;2025-12-14;15;785
26;2025-12-14;16;742
26;2025-12-14;17;766
26;2025-12-14;18;697
26;2025-12-14;19;511
26;2025-12-14;20;393
26;2025-12-14;21;278
26;2025-12-14;22;163
26;2025-12-14;23;101
26;2025-12-15;0;25
26;2025-12-15;1;2
26;2025-12-15;2;0
26;2025-12-15;3;0
26;2025-12-15;4;1
26;2025-12-15;5;96
26;2025-12-15;6;469
26;2025-12-15;7;1157
26;2025-12-15;8;2317
26;2025-12-15;9;1485
26;2025-12-15;10;1243
26;2025-12-15;11;1056
26;2025-12-15;12;1094
26;2025-12-15;13;1172
26;2025-12-15;14;1323
26;2025-12-15;15;1364
26;2025-12-15;16;1498
26;2025-12-15;17;1782
26;2025-12-15;18;1954
26;2025-12-15;19;1234
26;2025-12-15;20;755
26;2025-12-15;21;491
26;2025-12-15;22;207
26;2025-12-15;23;114
26;2025-12-16;0;32
26;2025-12-16;1;1
26;2025-12-16;2;0
26;2025-12-16;3;0
26;2025-12-16;4;2
26;2025-12-16;5;100
26;2025-12-16;6;469
26;2025-12-16;7;1128
26;2025-12-16;8;2316
26;2025-12-16;9;1535
26;2025-12-16;10;1235
26;2025-12-16;11;1167
26;2025-12-16;12;1197
26;2025-12-16;13;1199
26;2025-12-16;14;1420
26;2025-12-16;15;1425
26;2025-12-16;16;1550
26;2025-12-16;17;1795
26;2025-12-16;18;1928
26;2025-12-16;19;1286
26;2025-12-16;20;788
26;2025-12-16;21;507
26;2025-12-16;22;212
26;2025-12-16;23;133
26;2025-12-17;0;32
26;2025-12-17;1;1
26;2025-12-17;2;0
26;2025-12-17;3;0
26;2025-12-17;4;2
26;2025-12-17;5;100
26;2025-12-17;6;469
26;2025-12-17;7;1128
26;2025-12-17;8;2316
26;2025-12-17;9;1535
26;2025-12-17;10;1235
26;2025-12-17;11;1167
26;2025-12-17;12;1197
26;2025-12-17;13;1199
26;2025-12-17;14;1420
26;2025-12-17;15;1425
26;2025-12-17;16;1550
26;2025-12-17;17;1795
26;2025-12-17;18;1928
26;2025-12-17;19;1286
26;2025-12-17;20;788
26;2025-12-17;21;507
26;2025-12-17;22;212
26;2025-12-17;23;133
26;2025-12-18;0;32
26;2025-12-18;1;1
26;2025-12-18;2;0
26;2025-12-18;3;0
26;2025-12-18;4;2
26;2025-12-18;5;100
26;2025-12-18;6;469
26;2025-12-18;7;1128
26;2025-12-18;8;2316
26;2025-12-18;9;1535
26;2025-12-18;10;1235
26;2025-12-18;11;1167
26;2025-12-18;12;1197
26;2025-12-18;13;1199
26;2025-12-18;14;1420
26;2025-12-18;15;1425
26;2025-12-18;16;1550
26;2025-12-18;17;1795
26;2025-12-18;18;1928
26;2025-12-18;19;1286
26;2025-12-18;20;788
26;2025-12-18;21;507
26;2025-12-18;22;212
26;2025-12-18;23;133
26;2025-12-19;0;29
26;2025-12-19;1;1
26;2025-12-19;2;0
26;2025-12-19;3;0
26;2025-12-19;4;1
26;2025-12-19;5;83
26;2025-12-19;6;478
26;2025-12-19;7;1019
26;2025-12-19;8;2176
26;2025-12-19;9;1364
26;2025-12-19;10;1226
26;2025-12-19;11;1079
26;2025-12-19;12;1096
26;2025-12-19;13;1124
26;2025-12-19;14;1331
26;2025-12-19;15;1341
26;2025-12-19;16;1614
26;2025-12-19;17;1771
26;2025-12-19;18;1286
26;2025-12-19;19;1012
26;2025-12-19;20;645
26;2025-12-19;21;462
26;2025-12-19;22;197
26;2025-12-19;23;155
26;2025-12-20;0;49
26;2025-12-20;1;2
26;2025-12-20;2;0
26;2025-12-20;3;0
26;2025-12-20;4;2
26;2025-12-20;5;52
26;2025-12-20;6;252
26;2025-12-20;7;379
26;2025-12-20;8;623
26;2025-12-20;9;687
26;2025-12-20;10;852
26;2025-12-20;11;1010
26;2025-12-20;12;1107
26;2025-12-20;13;1106
26;2025-12-20;14;1154
26;2025-12-20;15;1022
26;2025-12-20;16;1070
26;2025-12-20;17;987
26;2025-12-20;18;924
26;2025-12-20;19;788
26;2025-12-20;20;541
26;2025-12-20;21;347
26;2025-12-20;22;211
26;2025-12-20;23;157
26;2025-12-21;0;48
26;2025-12-21;1;3
26;2025-12-21;2;0
26;2025-12-21;3;0
26;2025-12-21;4;2
26;2025-12-21;5;22
26;2025-12-21;6;156
26;2025-12-21;7;263
26;2025-12-21;8;389
26;2025-12-21;9;511
26;2025-12-21;10;583
26;2025-12-21;11;818
26;2025-12-21;12;817
26;2025-12-21;13;865
26;2025-12-21;14;863
26;2025-12-21;15;785
26;2025-12-21;16;742
26;2025-12-21;17;766
26;2025-12-21;18;697
26;2025-12-21;19;511
26;2025-12-21;20;393
26;2025-12-21;21;278
26;2025-12-21;22;163
26;2025-12-21;23;101
26;2025-12-22;0;25
26;2025-12-22;1;2
26;2025-12-22;2;0
26;2025-12-22;3;0
26;2025-12-22;4;1
26;2025-12-22;5;96
26;2025-12-22;6;469
26;2025-12-22;7;1157
26;2025-12-22;8;2317
26;2025-12-22;9;1485
26;2025-12-22;10;1243
26;2025-12-22;11;1056
26;2025-12-22;12;1094
26;2025-12-22;13;1172
26;2025-12-22;14;1323
26;2025-12-22;15;1364
26;2025-12-22;16;1498
26;2025-12-22;17;1782
26;2025-12-22;18;1954
26;2025-12-22;19;1234
26;2025-12-22;20;755
26;2025-12-22;21;491
26;2025-12-22;22;207
26;2025-12-22;23;114
26;2025-12-23;0;32
26;2025-12-23;1;1
26;2025-12-23;2;0
26;2025-12-23;3;0
26;2025-12-23;4;2
26;2025-12-23;5;100
26;2025-12-23;6;469
26;2025-12-23;7;1128
26;2025-12-23;8;2316
26;2025-12-23;9;1535
26;2025-12-23;10;1235
26;2025-12-23;11;1167
26;2025-12-23;12;1197
26;2025-12-23;13;1199
26;2025-12-23;14;1420
26;2025-12-23;15;1425
26;2025-12-23;16;1550
26;2025-12-23;17;1795
26;2025-12-23;18;1928
26;2025-12-23;19;1286
26;2025-12-23;20;788
26;2025-12-23;21;507
26;2025-12-23;22;212
26;2025-12-23;23;133
26;2025-12-24;0;32
26;2025-12-24;1;1
26;2025-12-24;2;0
26;2025-12-24;3;0
26;2025-12-24;4;2
26;2025-12-24;5;100
26;2025-12-24;6;469
26;2025-12-24;7;1128
26;2025-12-24;8;2316
26;2025-12-24;9;1535
26;2025-12-24;10;1235
26;2025-12-24;11;1167
26;2025-12-24;12;1197
26;2025-12-24;13;1199
26;2025-12-24;14;1420
26;2025-12-24;15;1425
26;2025-12-24;16;1550
26;2025-12-24;17;1795
26;2025-12-24;18;1928
26;2025-12-24;19;1286
26;2025-12-24;20;788
26;2025-12-24;21;507
26;2025-12-24;22;212
26;2025-12-24;23;133
26;2025-12-25;0;32
26;2025-12-25;1;1
26;2025-12-25;2;0
26;2025-12-25;3;0
26;2025-12-25;4;2
26;2025-12-25;5;100
26;2025-12-25;6;469
26;2025-12-25;7;1128
26;2025-12-25;8;2316
26;2025-12-25;9;1535
26;2025-12-25;10;1235
26;2025-12-25;11;1167
26;2025-12-25;12;1197
26;2025-12-25;13;1199
26;2025-12-25;14;1420
26;2025-12-25;15;1425
26;2025-12-25;16;1550
26;2025-12-25;17;1795
26;2025-12-25;18;1928
26;2025-12-25;19;1286
26;2025-12-25;20;788
26;2025-12-25;21;507
26;2025-12-25;22;212
26;2025-12-25;23;133
26;2025-12-26;0;29
26;2025-12-26;1;1
26;2025-12-26;2;0
26;2025-12-26;3;0
26;2025-12-26;4;1
26;2025-12-26;5;83
26;2025-12-26;6;478
26;2025-12-26;7;1019
26;2025-12-26;8;2176
26;2025-12-26;9;1364
26;2025-12-26;10;1226
26;2025-12-26;11;1079
26;2025-12-26;12;1096
26;2025-12-26;13;1124
26;2025-12-26;14;1331
26;2025-12-26;15;1341
26;2025-12-26;16;1614
26;2025-12-26;17;1771
26;2025-12-26;18;1286
26;2025-12-26;19;1012
26;2025-12-26;20;645
26;2025-12-26;21;462
26;2025-12-26;22;197
26;2025-12-26;23;155
26;2025-12-27;0;49
26;2025-12-27;1;2
26;2025-12-27;2;0
26;2025-12-27;3;0
26;2025-12-27;4;2
26;2025-12-27;5;52
26;2025-12-27;6;252
26;2025-12-27;7;379
26;2025-12-27;8;623
26;2025-12-27;9;687
26;2025-12-27;10;852
26;2025-12-27;11;1010
26;2025-12-27;12;1107
26;2025-12-27;13;1106
26;2025-12-27;14;1154
26;2025-12-27;15;1022
26;2025-12-27;16;1070
26;2025-12-27;17;987
26;2025-12-27;18;924
26;2025-12-27;19;788
26;2025-12-27;20;541
26;2025-12-27;21;347
26;2025-12-27;22;211
26;2025-12-27;23;157
26;2025-12-28;0;48
26;2025-12-28;1;3
26;2025-12-28;2;0
26;2025-12-28;3;0
26;2025-12-28;4;2
26;2025-12-28;5;22
26;2025-12-28;6;156
26;2025-12-28;7;263
26;2025-12-28;8;389
26;2025-12-28;9;511
26;2025-12-28;10;583
26;2025-12-28;11;818
26;2025-12-28;12;817
26;2025-12-28;13;865
26;2025-12-28;14;863
26;2025-12-28;15;785
26;2025-12-28;16;742
26;2025-12-28;17;766
26;2025-12-28;18;697
26;2025-12-28;19;511
26;2025-12-28;20;393
26;2025-12-28;21;278
26;2025-12-28;22;163
26;2025-12-28;23;101
26;2025-12-29;0;21
26;2025-12-29;1;2
26;2025-12-29;2;0
26;2025-12-29;3;0
26;2025-12-29;4;1
26;2025-12-29;5;82
26;2025-12-29;6;399
26;2025-12-29;7;983
26;2025-12-29;8;1969
26;2025-12-29;9;1262
26;2025-12-29;10;1057
26;2025-12-29;11;897
26;2025-12-29;12;930
26;2025-12-29;13;996
26;2025-12-29;14;1125
26;2025-12-29;15;1159
26;2025-12-29;16;1273
26;2025-12-29;17;1514
26;2025-12-29;18;1661
26;2025-12-29;19;1049
26;2025-12-29;20;642
26;2025-12-29;21;418
26;2025-12-29;22;176
26;2025-12-29;23;97
26;2025-12-30;0;28
26;2025-12-30;1;0
26;2025-12-30;2;0
26;2025-12-30;3;0
26;2025-12-30;4;2
26;2025-12-30;5;85
26;2025-12-30;6;399
26;2025-12-30;7;959
26;2025-12-30;8;1968
26;2025-12-30;9;1305
26;2025-12-30;10;1050
26;2025-12-30;11;992
26;2025-12-30;12;1017
26;2025-12-30;13;1019
26;2025-12-30;14;1207
26;2025-12-30;15;1211
26;2025-12-30;16;1318
26;2025-12-30;17;1526
26;2025-12-30;18;1639
26;2025-12-30;19;1093
26;2025-12-30;20;670
26;2025-12-30;21;431
26;2025-12-30;22;180
26;2025-12-30;23;113
26;2025-12-31;0;41
26;2025-12-31;1;3
26;2025-12-31;2;0
26;2025-12-31;3;0
26;2025-12-31;4;1
26;2025-12-31;5;18
26;2025-12-31;6;133
26;2025-12-31;7;223
26;2025-12-31;8;331
26;2025-12-31;9;434
26;2025-12-31;10;496
26;2025-12-31;11;696
26;2025-12-31;12;695
26;2025-12-31;13;736
26;2025-12-31;14;734
26;2025-12-31;15;667
26;2025-12-31;16;630
26;2025-12-31;17;651
26;2025-12-31;18;592
26;2025-12-31;19;434
26;2025-12-31;20;334
26;2025-12-31;21;236
26;2025-12-31;22;138
26;2025-12-31;23;85
28;2025-11-01;0;0
28;2025-11-01;1;0
28;2025-11-01;2;0
28;2025-11-01;3;0
28;2025-11-01;4;1
28;2025-11-01;5;67
28;2025-11-01;6;236
28;2025-11-01;7;716
28;2025-11-01;8;1129
28;2025-11-01;9;721
28;2025-11-01;10;510
28;2025-11-01;11;487
28;2025-11-01;12;689
28;2025-11-01;13;611
28;2025-11-01;14;589
28;2025-11-01;15;617
28;2025-11-01;16;793
28;2025-11-01;17;818
28;2025-11-01;18;730
28;2025-11-01;19;530
28;2025-11-01;20;358
28;2025-11-01;21;290
28;2025-11-01;22;94
28;2025-11-01;23;17
28;2025-11-02;0;0
28;2025-11-02;1;0
28;2025-11-02;2;0
28;2025-11-02;3;0
28;2025-11-02;4;0
28;2025-11-02;5;32
28;2025-11-02;6;77
28;2025-11-02;7;173
28;2025-11-02;8;275
28;2025-11-02;9;373
28;2025-11-02;10;417
28;2025-11-02;11;458
28;2025-11-02;12;475
28;2025-11-02;13;579
28;2025-11-02;14;564
28;2025-11-02;15;542
28;2025-11-02;16;479
28;2025-11-02;17;494
28;2025-11-02;18;460
28;2025-11-02;19;387
28;2025-11-02;20;317
28;2025-11-02;21;254
28;2025-11-02;22;112
28;2025-11-02;23;11
28;2025-11-03;0;0
28;2025-11-03;1;0
28;2025-11-03;2;0
28;2025-11-03;3;0
28;2025-11-03;4;0
28;2025-11-03;5;32
28;2025-11-03;6;77
28;2025-11-03;7;173
28;2025-11-03;8;275
28;2025-11-03;9;373
28;2025-11-03;10;417
28;2025-11-03;11;458
28;2025-11-03;12;475
28;2025-11-03;13;579
28;2025-11-03;14;564
28;2025-11-03;15;542
28;2025-11-03;16;479
28;2025-11-03;17;494
28;2025-11-03;18;460
28;2025-11-03;19;387
28;2025-11-03;20;317
28;2025-11-03;21;254
28;2025-11-03;22;112
28;2025-11-03;23;11
28;2025-11-04;0;0
28;2025-11-04;1;0
28;2025-11-04;2;0
28;2025-11-04;3;0
28;2025-11-04;4;0
28;2025-11-04;5;32
28;2025-11-04;6;77
28;2025-11-04;7;173
28;2025-11-04;8;275
28;2025-11-04;9;373
28;2025-11-04;10;417
28;2025-11-04;11;458
28;2025-11-04;12;475
28;2025-11-04;13;579
28;2025-11-04;14;564
28;2025-11-04;15;542
28;2025-11-04;16;479
28;2025-11-04;17;494
28;2025-11-04;18;460
28;2025-11-04;19;387
28;2025-11-04;20;317
28;2025-11-04;21;254
28;2025-11-04;22;112
28;2025-11-04;23;11
28;2025-11-05;0;0
28;2025-11-05;1;0
28;2025-11-05;2;0
28;2025-11-05;3;0
28;2025-11-05;4;1
28;2025-11-05;5;78
28;2025-11-05;6;256
28;2025-11-05;7;811
28;2025-11-05;8;1303
28;2025-11-05;9;868
28;2025-11-05;10;611
28;2025-11-05;11;574
28;2025-11-05;12;693
28;2025-11-05;13;699
28;2025-11-05;14;699
28;2025-11-05;15;738
28;2025-11-05;16;915
28;2025-11-05;17;1089
28;2025-11-05;18;1057
28;2025-11-05;19;828
28;2025-11-05;20;557
28;2025-11-05;21;350
28;2025-11-05;22;117
28;2025-11-05;23;10
28;2025-11-06;0;0
28;2025-11-06;1;0
28;2025-11-06;2;0
28;2025-11-06;3;0
28;2025-11-06;4;1
28;2025-11-06;5;78
28;2025-11-06;6;256
28;2025-11-06;7;811
28;2025-11-06;8;1303
28;2025-11-06;9;868
28;2025-11-06;10;611
28;2025-11-06;11;574
28;2025-11-06;12;693
28;2025-11-06;13;699
28;2025-11-06;14;699
28;2025-11-06;15;738
28;2025-11-06;16;915
28;2025-11-06;17;1089
28;2025-11-06;18;1057
28;2025-11-06;19;828
28;2025-11-06;20;557
28;2025-11-06;21;350
28;2025-11-06;22;117
28;2025-11-06;23;10
28;2025-11-07;0;0
28;2025-11-07;1;0
28;2025-11-07;2;0
28;2025-11-07;3;0
28;2025-11-07;4;2
28;2025-11-07;5;83
28;2025-11-07;6;292
28;2025-11-07;7;888
28;2025-11-07;8;1399
28;2025-11-07;9;893
28;2025-11-07;10;633
28;2025-11-07;11;603
28;2025-11-07;12;854
28;2025-11-07;13;757
28;2025-11-07;14;730
28;2025-11-07;15;764
28;2025-11-07;16;982
28;2025-11-07;17;1013
28;2025-11-07;18;905
28;2025-11-07;19;657
28;2025-11-07;20;444
28;2025-11-07;21;360
28;2025-11-07;22;117
28;2025-11-07;23;21
28;2025-11-08;0;1
28;2025-11-08;1;0
28;2025-11-08;2;0
28;2025-11-08;3;0
28;2025-11-08;4;1
28;2025-11-08;5;39
28;2025-11-08;6;113
28;2025-11-08;7;242
28;2025-11-08;8;430
28;2025-11-08;9;489
28;2025-11-08;10;521
28;2025-11-08;11;523
28;2025-11-08;12;615
28;2025-11-08;13;634
28;2025-11-08;14;586
28;2025-11-08;15;611
28;2025-11-08;16;628
28;2025-11-08;17;596
28;2025-11-08;18;527
28;2025-11-08;19;391
28;2025-11-08;20;286
28;2025-11-08;21;256
28;2025-11-08;22;110
28;2025-11-08;23;12
28;2025-11-09;0;0
28;2025-11-09;1;0
28;2025-11-09;2;0
28;2025-11-09;3;0
28;2025-11-09;4;0
28;2025-11-09;5;32
28;2025-11-09;6;77
28;2025-11-09;7;173
28;2025-11-09;8;275
28;2025-11-09;9;373
28;2025-11-09;10;417
28;2025-11-09;11;458
28;2025-11-09;12;475
28;2025-11-09;13;579
28;2025-11-09;14;564
28;2025-11-09;15;542
28;2025-11-09;16;479
28;2025-11-09;17;494
28;2025-11-09;18;460
28;2025-11-09;19;387
28;2025-11-09;20;317
28;2025-11-09;21;254
28;2025-11-09;22;112
28;2025-11-09;23;11
28;2025-11-10;0;0
28;2025-11-10;1;0
28;2025-11-10;2;0
28;2025-11-10;3;0
28;2025-11-10;4;2
28;2025-11-10;5;74
28;2025-11-10;6;280
28;2025-11-10;7;770
28;2025-11-10;8;1319
28;2025-11-10;9;854
28;2025-11-10;10;668
28;2025-11-10;11;555
28;2025-11-10;12;710
28;2025-11-10;13;705
28;2025-11-10;14;642
28;2025-11-10;15;642
28;2025-11-10;16;906
28;2025-11-10;17;1025
28;2025-11-10;18;983
28;2025-11-10;19;740
28;2025-11-10;20;474
28;2025-11-10;21;309
28;2025-11-10;22;108
28;2025-11-10;23;3
28;2025-11-11;0;0
28;2025-11-11;1;0
28;2025-11-11;2;0
28;2025-11-11;3;0
28;2025-11-11;4;1
28;2025-11-11;5;78
28;2025-11-11;6;256
28;2025-11-11;7;811
28;2025-11-11;8;1303
28;2025-11-11;9;868
28;2025-11-11;10;611
28;2025-11-11;11;574
28;2025-11-11;12;693
28;2025-11-11;13;699
28;2025-11-11;14;699
28;2025-11-11;15;738
28;2025-11-11;16;915
28;2025-11-11;17;1089
28;2025-11-11;18;1057
28;2025-11-11;19;828
28;2025-11-11;20;557
28;2025-11-11;21;350
28;2025-11-11;22;117
28;2025-11-11;23;10
28;2025-11-12;0;0
28;2025-11-12;1;0
28;2025-11-12;2;0
28;2025-11-12;3;0
28;2025-11-12;4;1
28;2025-11-12;5;78
28;2025-11-12;6;256
28;2025-11-12;7;811
28;2025-11-12;8;1303
28;2025-11-12;9;868
28;2025-11-12;10;611
28;2025-11-12;11;574
28;2025-11-12;12;693
28;2025-11-12;13;699
28;2025-11-12;14;699
28;2025-11-12;15;738
28;2025-11-12;16;915
28;2025-11-12;17;1089
28;2025-11-12;18;1057
28;2025-11-12;19;828
28;2025-11-12;20;557
28;2025-11-12;21;350
28;2025-11-12;22;117
28;2025-11-12;23;10
28;2025-11-13;0;0
28;2025-11-13;1;0
28;2025-11-13;2;0
28;2025-11-13;3;0
28;2025-11-13;4;1
28;2025-11-13;5;78
28;2025-11-13;6;256
28;2025-11-13;7;811
28;2025-11-13;8;1303
28;2025-11-13;9;868
28;2025-11-13;10;611
28;2025-11-13;11;574
28;2025-11-13;12;693
28;2025-11-13;13;699
28;2025-11-13;14;699
28;2025-11-13;15;738
28;2025-11-13;16;915
28;2025-11-13;17;1089
28;2025-11-13;18;1057
28;2025-11-13;19;828
28;2025-11-13;20;557
28;2025-11-13;21;350
28;2025-11-13;22;117
28;2025-11-13;23;10
28;2025-11-14;0;0
28;2025-11-14;1;0
28;2025-11-14;2;0
28;2025-11-14;3;0
28;2025-11-14;4;2
28;2025-11-14;5;83
28;2025-11-14;6;292
28;2025-11-14;7;888
28;2025-11-14;8;1399
28;2025-11-14;9;893
28;2025-11-14;10;633
28;2025-11-14;11;603
28;2025-11-14;12;854
28;2025-11-14;13;757
28;2025-11-14;14;730
28;2025-11-14;15;764
28;2025-11-14;16;982
28;2025-11-14;17;1013
28;2025-11-14;18;905
28;2025-11-14;19;657
28;2025-11-14;20;444
28;2025-11-14;21;360
28;2025-11-14;22;117
28;2025-11-14;23;21
28;2025-11-15;0;1
28;2025-11-15;1;0
28;2025-11-15;2;0
28;2025-11-15;3;0
28;2025-11-15;4;1
28;2025-11-15;5;39
28;2025-11-15;6;113
28;2025-11-15;7;242
28;2025-11-15;8;430
28;2025-11-15;9;489
28;2025-11-15;10;521
28;2025-11-15;11;523
28;2025-11-15;12;615
28;2025-11-15;13;634
28;2025-11-15;14;586
28;2025-11-15;15;611
28;2025-11-15;16;628
28;2025-11-15;17;596
28;2025-11-15;18;527
28;2025-11-15;19;391
28;2025-11-15;20;286
28;2025-11-15;21;256
28;2025-11-15;22;110
28;2025-11-15;23;12
28;2025-11-16;0;0
28;2025-11-16;1;0
28;2025-11-16;2;0
28;2025-11-16;3;0
28;2025-11-16;4;0
28;2025-11-16;5;32
28;2025-11-16;6;77
28;2025-11-16;7;173
28;2025-11-16;8;275
28;2025-11-16;9;373
28;2025-11-16;10;417
28;2025-11-16;11;458
28;2025-11-16;12;475
28;2025-11-16;13;579
28;2025-11-16;14;564
28;2025-11-16;15;542
28;2025-11-16;16;479
28;2025-11-16;17;494
28;2025-11-16;18;460
28;2025-11-16;19;387
28;2025-11-16;20;317
28;2025-11-16;21;254
28;2025-11-16;22;112
28;2025-11-16;23;11
28;2025-11-17;0;0
28;2025-11-17;1;0
28;2025-11-17;2;0
28;2025-11-17;3;0
28;2025-11-17;4;2
28;2025-11-17;5;74
28;2025-11-17;6;280
28;2025-11-17;7;770
28;2025-11-17;8;1319
28;2025-11-17;9;854
28;2025-11-17;10;668
28;2025-11-17;11;555
28;2025-11-17;12;710
28;2025-11-17;13;705
28;2025-11-17;14;642
28;2025-11-17;15;642
28;2025-11-17;16;906
28;2025-11-17;17;1025
28;2025-11-17;18;983
28;2025-11-17;19;740
28;2025-11-17;20;474
28;2025-11-17;21;309
28;2025-11-17;22;108
28;2025-11-17;23;3
28;2025-11-18;0;0
28;2025-11-18;1;0
28;2025-11-18;2;0
28;2025-11-18;3;0
28;2025-11-18;4;1
28;2025-11-18;5;78
28;2025-11-18;6;256
28;2025-11-18;7;811
28;2025-11-18;8;1303
28;2025-11-18;9;868
28;2025-11-18;10;611
28;2025-11-18;11;574
28;2025-11-18;12;693
28;2025-11-18;13;699
28;2025-11-18;14;699
28;2025-11-18;15;738
28;2025-11-18;16;915
28;2025-11-18;17;1089
28;2025-11-18;18;1057
28;2025-11-18;19;828
28;2025-11-18;20;557
28;2025-11-18;21;350
28;2025-11-18;22;117
28;2025-11-18;23;10
28;2025-11-19;0;0
28;2025-11-19;1;0
28;2025-11-19;2;0
28;2025-11-19;3;0
28;2025-11-19;4;1
28;2025-11-19;5;78
28;2025-11-19;6;256
28;2025-11-19;7;811
28;2025-11-19;8;1303
28;2025-11-19;9;868
28;2025-11-19;10;611
28;2025-11-19;11;574
28;2025-11-19;12;693
28;2025-11-19;13;699
28;2025-11-19;14;699
28;2025-11-19;15;738
28;2025-11-19;16;915
28;2025-11-19;17;1089
28;2025-11-19;18;1057
28;2025-11-19;19;828
28;2025-11-19;20;557
28;2025-11-19;21;350
28;2025-11-19;22;117
28;2025-11-19;23;10
28;2025-11-20;0;0
28;2025-11-20;1;0
28;2025-11-20;2;0
28;2025-11-20;3;0
28;2025-11-20;4;1
28;2025-11-20;5;78
28;2025-11-20;6;256
28;2025-11-20;7;811
28;2025-11-20;8;1303
28;2025-11-20;9;868
28;2025-11-20;10;611
28;2025-11-20;11;574
28;2025-11-20;12;693
28;2025-11-20;13;699
28;2025-11-20;14;699
28;2025-11-20;15;738
28;2025-11-20;16;915
28;2025-11-20;17;1089
28;2025-11-20;18;1057
28;2025-11-20;19;828
28;2025-11-20;20;557
28;2025-11-20;21;350
28;2025-11-20;22;117
28;2025-11-20;23;10
28;2025-11-21;0;0
28;2025-11-21;1;0
28;2025-11-21;2;0
28;2025-11-21;3;0
28;2025-11-21;4;2
28;2025-11-21;5;83
28;2025-11-21;6;292
28;2025-11-21;7;888
28;2025-11-21;8;1399
28;2025-11-21;9;893
28;2025-11-21;10;633
28;2025-11-21;11;603
28;2025-11-21;12;854
28;2025-11-21;13;757
28;2025-11-21;14;730
28;2025-11-21;15;764
28;2025-11-21;16;982
28;2025-11-21;17;1013
28;2025-11-21;18;905
28;2025-11-21;19;657
28;2025-11-21;20;444
28;2025-11-21;21;360
28;2025-11-21;22;117
28;2025-11-21;23;21
28;2025-11-22;0;1
28;2025-11-22;1;0
28;2025-11-22;2;0
28;2025-11-22;3;0
28;2025-11-22;4;1
28;2025-11-22;5;39
28;2025-11-22;6;113
28;2025-11-22;7;242
28;2025-11-22;8;430
28;2025-11-22;9;489
28;2025-11-22;10;521
28;2025-11-22;11;523
28;2025-11-22;12;615
28;2025-11-22;13;634
28;2025-11-22;14;586
28;2025-11-22;15;611
28;2025-11-22;16;628
28;2025-11-22;17;596
28;2025-11-22;18;527
28;2025-11-22;19;391
28;2025-11-22;20;286
28;2025-11-22;21;256
28;2025-11-22;22;110
28;2025-11-22;23;12
28;2025-11-23;0;0
28;2025-11-23;1;0
28;2025-11-23;2;0
28;2025-11-23;3;0
28;2025-11-23;4;0
28;2025-11-23;5;32
28;2025-11-23;6;77
28;2025-11-23;7;173
28;2025-11-23;8;275
28;2025-11-23;9;373
28;2025-11-23;10;417
28;2025-11-23;11;458
28;2025-11-23;12;475
28;2025-11-23;13;579
28;2025-11-23;14;564
28;2025-11-23;15;542
28;2025-11-23;16;479
28;2025-11-23;17;494
28;2025-11-23;18;460
28;2025-11-23;19;387
28;2025-11-23;20;317
28;2025-11-23;21;254
28;2025-11-23;22;112
28;2025-11-23;23;11
28;2025-11-24;0;0
28;2025-11-24;1;0
28;2025-11-24;2;0
28;2025-11-24;3;0
28;2025-11-24;4;2
28;2025-11-24;5;74
28;2025-11-24;6;280
28;2025-11-24;7;770
28;2025-11-24;8;1319
28;2025-11-24;9;854
28;2025-11-24;10;668
28;2025-11-24;11;555
28;2025-11-24;12;710
28;2025-11-24;13;705
28;2025-11-24;14;642
28;2025-11-24;15;642
28;2025-11-24;16;906
28;2025-11-24;17;1025
28;2025-11-24;18;983
28;2025-11-24;19;740
28;2025-11-24;20;474
28;2025-11-24;21;309
28;2025-11-24;22;108
28;2025-11-24;23;3
28;2025-11-25;0;0
28;2025-11-25;1;0
28;2025-11-25;2;0
28;2025-11-25;3;0
28;2025-11-25;4;1
28;2025-11-25;5;78
28;2025-11-25;6;256
28;2025-11-25;7;811
28;2025-11-25;8;1303
28;2025-11-25;9;868
28;2025-11-25;10;611
28;2025-11-25;11;574
28;2025-11-25;12;693
28;2025-11-25;13;699
28;2025-11-25;14;699
28;2025-11-25;15;738
28;2025-11-25;16;915
28;2025-11-25;17;1089
28;2025-11-25;18;1057
28;2025-11-25;19;828
28;2025-11-25;20;557
28;2025-11-25;21;350
28;2025-11-25;22;117
28;2025-11-25;23;10
28;2025-11-26;0;0
28;2025-11-26;1;0
28;2025-11-26;2;0
28;2025-11-26;3;0
28;2025-11-26;4;1
28;2025-11-26;5;78
28;2025-11-26;6;256
28;2025-11-26;7;811
28;2025-11-26;8;1303
28;2025-11-26;9;868
28;2025-11-26;10;611
28;2025-11-26;11;574
28;2025-11-26;12;693
28;2025-11-26;13;699
28;2025-11-26;14;699
28;2025-11-26;15;738
28;2025-11-26;16;915
28;2025-11-26;17;1089
28;2025-11-26;18;1057
28;2025-11-26;19;828
28;2025-11-26;20;557
28;2025-11-26;21;350
28;2025-11-26;22;117
28;2025-11-26;23;10
28;2025-11-27;0;0
28;2025-11-27;1;0
28;2025-11-27;2;0
28;2025-11-27;3;0
28;2025-11-27;4;1
28;2025-11-27;5;78
28;2025-11-27;6;256
28;2025-11-27;7;811
28;2025-11-27;8;1303
28;2025-11-27;9;868
28;2025-11-27;10;611
28;2025-11-27;11;574
28;2025-11-27;12;693
28;2025-11-27;13;699
28;2025-11-27;14;699
28;2025-11-27;15;738
28;2025-11-27;16;915
28;2025-11-27;17;1089
28;2025-11-27;18;1057
28;2025-11-27;19;828
28;2025-11-27;20;557
28;2025-11-27;21;350
28;2025-11-27;22;117
28;2025-11-27;23;10
28;2025-11-28;0;0
28;2025-11-28;1;0
28;2025-11-28;2;0
28;2025-11-28;3;0
28;2025-11-28;4;2
28;2025-11-28;5;83
28;2025-11-28;6;292
28;2025-11-28;7;888
28;2025-11-28;8;1399
28;2025-11-28;9;893
28;2025-11-28;10;633
28;2025-11-28;11;603
28;2025-11-28;12;854
28;2025-11-28;13;757
28;2025-11-28;14;730
28;2025-11-28;15;764
28;2025-11-28;16;982
28;2025-11-28;17;1013
28;2025-11-28;18;905
28;2025-11-28;19;657
28;2025-11-28;20;444
28;2025-11-28;21;360
28;2025-11-28;22;117
28;2025-11-28;23;21
28;2025-11-29;0;1
28;2025-11-29;1;0
28;2025-11-29;2;0
28;2025-11-29;3;0
28;2025-11-29;4;1
28;2025-11-29;5;39
28;2025-11-29;6;113
28;2025-11-29;7;242
28;2025-11-29;8;430
28;2025-11-29;9;489
28;2025-11-29;10;521
28;2025-11-29;11;523
28;2025-11-29;12;615
28;2025-11-29;13;634
28;2025-11-29;14;586
28;2025-11-29;15;611
28;2025-11-29;16;628
28;2025-11-29;17;596
28;2025-11-29;18;527
28;2025-11-29;19;391
28;2025-11-29;20;286
28;2025-11-29;21;256
28;2025-11-29;22;110
28;2025-11-29;23;12
28;2025-11-30;0;0
28;2025-11-30;1;0
28;2025-11-30;2;0
28;2025-11-30;3;0
28;2025-11-30;4;0
28;2025-11-30;5;32
28;2025-11-30;6;77
28;2025-11-30;7;173
28;2025-11-30;8;275
28;2025-11-30;9;373
28;2025-11-30;10;417
28;2025-11-30;11;458
28;2025-11-30;12;475
28;2025-11-30;13;579
28;2025-11-30;14;564
28;2025-11-30;15;542
28;2025-11-30;16;479
28;2025-11-30;17;494
28;2025-11-30;18;460
28;2025-11-30;19;387
28;2025-11-30;20;317
28;2025-11-30;21;254
28;2025-11-30;22;112
28;2025-11-30;23;11
28;2025-12-01;0;0
28;2025-12-01;1;0
28;2025-12-01;2;0
28;2025-12-01;3;0
28;2025-12-01;4;2
28;2025-12-01;5;74
28;2025-12-01;6;280
28;2025-12-01;7;770
28;2025-12-01;8;1319
28;2025-12-01;9;854
28;2025-12-01;10;668
28;2025-12-01;11;555
28;2025-12-01;12;710
28;2025-12-01;13;705
28;2025-12-01;14;642
28;2025-12-01;15;642
28;2025-12-01;16;906
28;2025-12-01;17;1025
28;2025-12-01;18;983
28;2025-12-01;19;740
28;2025-12-01;20;474
28;2025-12-01;21;309
28;2025-12-01;22;108
28;2025-12-01;23;3
28;2025-12-02;0;0
28;2025-12-02;1;0
28;2025-12-02;2;0
28;2025-12-02;3;0
28;2025-12-02;4;1
28;2025-12-02;5;78
28;2025-12-02;6;256
28;2025-12-02;7;811
28;2025-12-02;8;1303
28;2025-12-02;9;868
28;2025-12-02;10;611
28;2025-12-02;11;574
28;2025-12-02;12;693
28;2025-12-02;13;699
28;2025-12-02;14;699
28;2025-12-02;15;738
28;2025-12-02;16;915
28;2025-12-02;17;1089
28;2025-12-02;18;1057
28;2025-12-02;19;828
28;2025-12-02;20;557
28;2025-12-02;21;350
28;2025-12-02;22;117
28;2025-12-02;23;10
28;2025-12-03;0;0
28;2025-12-03;1;0
28;2025-12-03;2;0
28;2025-12-03;3;0
28;2025-12-03;4;1
28;2025-12-03;5;78
28;2025-12-03;6;256
28;2025-12-03;7;811
28;2025-12-03;8;1303
28;2025-12-03;9;868
28;2025-12-03;10;611
28;2025-12-03;11;574
28;2025-12-03;12;693
28;2025-12-03;13;699
28;2025-12-03;14;699
28;2025-12-03;15;738
28;2025-12-03;16;915
28;2025-12-03;17;1089
28;2025-12-03;18;1057
28;2025-12-03;19;828
28;2025-12-03;20;557
28;2025-12-03;21;350
28;2025-12-03;22;117
28;2025-12-03;23;10
28;2025-12-04;0;0
28;2025-12-04;1;0
28;2025-12-04;2;0
28;2025-12-04;3;0
28;2025-12-04;4;1
28;2025-12-04;5;78
28;2025-12-04;6;256
28;2025-12-04;7;811
28;2025-12-04;8;1303
28;2025-12-04;9;868
28;2025-12-04;10;611
28;2025-12-04;11;574
28;2025-12-04;12;693
28;2025-12-04;13;699
28;2025-12-04;14;699
28;2025-12-04;15;738
28;2025-12-04;16;915
28;2025-12-04;17;1089
28;2025-12-04;18;1057
28;2025-12-04;19;828
28;2025-12-04;20;557
28;2025-12-04;21;350
28;2025-12-04;22;117
28;2025-12-04;23;10
28;2025-12-05;0;0
28;2025-12-05;1;0
28;2025-12-05;2;0
28;2025-12-05;3;0
28;2025-12-05;4;2
28;2025-12-05;5;83
28;2025-12-05;6;292
28;2025-12-05;7;888
28;2025-12-05;8;1399
28;2025-12-05;9;893
28;2025-12-05;10;633
28;2025-12-05;11;603
28;2025-12-05;12;854
28;2025-12-05;13;757
28;2025-12-05;14;730
28;2025-12-05;15;764
28;2025-12-05;16;982
28;2025-12-05;17;1013
28;2025-12-05;18;905
28;2025-12-05;19;657
28;2025-12-05;20;444
28;2025-12-05;21;360
28;2025-12-05;22;117
28;2025-12-05;23;21
28;2025-12-06;0;1
28;2025-12-06;1;0
28;2025-12-06;2;0
28;2025-12-06;3;0
28;2025-12-06;4;1
28;2025-12-06;5;39
28;2025-12-06;6;113
28;2025-12-06;7;242
28;2025-12-06;8;430
28;2025-12-06;9;489
28;2025-12-06;10;521
28;2025-12-06;11;523
28;2025-12-06;12;615
28;2025-12-06;13;634
28;2025-12-06;14;586
28;2025-12-06;15;611
28;2025-12-06;16;628
28;2025-12-06;17;596
28;2025-12-06;18;527
28;2025-12-06;19;391
28;2025-12-06;20;286
28;2025-12-06;21;256
28;2025-12-06;22;110
28;2025-12-06;23;12
28;2025-12-07;0;0
28;2025-12-07;1;0
28;2025-12-07;2;0
28;2025-12-07;3;0
28;2025-12-07;4;0
28;2025-12-07;5;32
28;2025-12-07;6;77
28;2025-12-07;7;173
28;2025-12-07;8;275
28;2025-12-07;9;373
28;2025-12-07;10;417
28;2025-12-07;11;458
28;2025-12-07;12;475
28;2025-12-07;13;579
28;2025-12-07;14;564
28;2025-12-07;15;542
28;2025-12-07;16;479
28;2025-12-07;17;494
28;2025-12-07;18;460
28;2025-12-07;19;387
28;2025-12-07;20;317
28;2025-12-07;21;254
28;2025-12-07;22;112
28;2025-12-07;23;11
28;2025-12-08;0;0
28;2025-12-08;1;0
28;2025-12-08;2;0
28;2025-12-08;3;0
28;2025-12-08;4;2
28;2025-12-08;5;74
28;2025-12-08;6;280
28;2025-12-08;7;770
28;2025-12-08;8;1319
28;2025-12-08;9;854
28;2025-12-08;10;668
28;2025-12-08;11;555
28;2025-12-08;12;710
28;2025-12-08;13;705
28;2025-12-08;14;642
28;2025-12-08;15;642
28;2025-12-08;16;906
28;2025-12-08;17;1025
28;2025-12-08;18;983
28;2025-12-08;19;740
28;2025-12-08;20;474
28;2025-12-08;21;309
28;2025-12-08;22;108
28;2025-12-08;23;3
28;2025-12-09;0;0
28;2025-12-09;1;0
28;2025-12-09;2;0
28;2025-12-09;3;0
28;2025-12-09;4;1
28;2025-12-09;5;78
28;2025-12-09;6;256
28;2025-12-09;7;811
28;2025-12-09;8;1303
28;2025-12-09;9;868
28;2025-12-09;10;611
28;2025-12-09;11;574
28;2025-12-09;12;693
28;2025-12-09;13;699
28;2025-12-09;14;699
28;2025-12-09;15;738
28;2025-12-09;16;915
28;2025-12-09;17;1089
28;2025-12-09;18;1057
28;2025-12-09;19;828
28;2025-12-09;20;557
28;2025-12-09;21;350
28;2025-12-09;22;117
28;2025-12-09;23;10
28;2025-12-10;0;0
28;2025-12-10;1;0
28;2025-12-10;2;0
28;2025-12-10;3;0
28;2025-12-10;4;1
28;2025-12-10;5;78
28;2025-12-10;6;256
28;2025-12-10;7;811
28;2025-12-10;8;1303
28;2025-12-10;9;868
28;2025-12-10;10;611
28;2025-12-10;11;574
28;2025-12-10;12;693
28;2025-12-10;13;699
28;2025-12-10;14;699
28;2025-12-10;15;738
28;2025-12-10;16;915
28;2025-12-10;17;1089
28;2025-12-10;18;1057
28;2025-12-10;19;828
28;2025-12-10;20;557
28;2025-12-10;21;350
28;2025-12-10;22;117
28;2025-12-10;23;10
28;2025-12-11;0;0
28;2025-12-11;1;0
28;2025-12-11;2;0
28;2025-12-11;3;0
28;2025-12-11;4;1
28;2025-12-11;5;78
28;2025-12-11;6;256
28;2025-12-11;7;811
28;2025-12-11;8;1303
28;2025-12-11;9;868
28;2025-12-11;10;611
28;2025-12-11;11;574
28;2025-12-11;12;693
28;2025-12-11;13;699
28;2025-12-11;14;699
28;2025-12-11;15;738
28;2025-12-11;16;915
28;2025-12-11;17;1089
28;2025-12-11;18;1057
28;2025-12-11;19;828
28;2025-12-11;20;557
28;2025-12-11;21;350
28;2025-12-11;22;117
28;2025-12-11;23;10
28;2025-12-12;0;0
28;2025-12-12;1;0
28;2025-12-12;2;0
28;2025-12-12;3;0
28;2025-12-12;4;2
28;2025-12-12;5;83
28;2025-12-12;6;292
28;2025-12-12;7;888
28;2025-12-12;8;1399
28;2025-12-12;9;893
28;2025-12-12;10;633
28;2025-12-12;11;603
28;2025-12-12;12;854
28;2025-12-12;13;757
28;2025-12-12;14;730
28;2025-12-12;15;764
28;2025-12-12;16;982
28;2025-12-12;17;1013
28;2025-12-12;18;905
28;2025-12-12;19;657
28;2025-12-12;20;444
28;2025-12-12;21;360
28;2025-12-12;22;117
28;2025-12-12;23;21
28;2025-12-13;0;1
28;2025-12-13;1;0
28;2025-12-13;2;0
28;2025-12-13;3;0
28;2025-12-13;4;1
28;2025-12-13;5;39
28;2025-12-13;6;113
28;2025-12-13;7;242
28;2025-12-13;8;430
28;2025-12-13;9;489
28;2025-12-13;10;521
28;2025-12-13;11;523
28;2025-12-13;12;615
28;2025-12-13;13;634
28;2025-12-13;14;586
28;2025-12-13;15;611
28;2025-12-13;16;628
28;2025-12-13;17;596
28;2025-12-13;18;527
28;2025-12-13;19;391
28;2025-12-13;20;286
28;2025-12-13;21;256
28;2025-12-13;22;110
28;2025-12-13;23;12
28;2025-12-14;0;0
28;2025-12-14;1;0
28;2025-12-14;2;0
28;2025-12-14;3;0
28;2025-12-14;4;0
28;2025-12-14;5;32
28;2025-12-14;6;77
28;2025-12-14;7;173
28;2025-12-14;8;275
28;2025-12-14;9;373
28;2025-12-14;10;417
28;2025-12-14;11;458
28;2025-12-14;12;475
28;2025-12-14;13;579
28;2025-12-14;14;564
28;2025-12-14;15;542
28;2025-12-14;16;479
28;2025-12-14;17;494
28;2025-12-14;18;460
28;2025-12-14;19;387
28;2025-12-14;20;317
28;2025-12-14;21;254
28;2025-12-14;22;112
28;2025-12-14;23;11
28;2025-12-15;0;0
28;2025-12-15;1;0
28;2025-12-15;2;0
28;2025-12-15;3;0
28;2025-12-15;4;2
28;2025-12-15;5;74
28;2025-12-15;6;280
28;2025-12-15;7;770
28;2025-12-15;8;1319
28;2025-12-15;9;854
28;2025-12-15;10;668
28;2025-12-15;11;555
28;2025-12-15;12;710
28;2025-12-15;13;705
28;2025-12-15;14;642
28;2025-12-15;15;642
28;2025-12-15;16;906
28;2025-12-15;17;1025
28;2025-12-15;18;983
28;2025-12-15;19;740
28;2025-12-15;20;474
28;2025-12-15;21;309
28;2025-12-15;22;108
28;2025-12-15;23;3
28;2025-12-16;0;0
28;2025-12-16;1;0
28;2025-12-16;2;0
28;2025-12-16;3;0
28;2025-12-16;4;1
28;2025-12-16;5;78
28;2025-12-16;6;256
28;2025-12-16;7;811
28;2025-12-16;8;1303
28;2025-12-16;9;868
28;2025-12-16;10;611
28;2025-12-16;11;574
28;2025-12-16;12;693
28;2025-12-16;13;699
28;2025-12-16;14;699
28;2025-12-16;15;738
28;2025-12-16;16;915
28;2025-12-16;17;1089
28;2025-12-16;18;1057
28;2025-12-16;19;828
28;2025-12-16;20;557
28;2025-12-16;21;350
28;2025-12-16;22;117
28;2025-12-16;23;10
28;2025-12-17;0;0
28;2025-12-17;1;0
28;2025-12-17;2;0
28;2025-12-17;3;0
28;2025-12-17;4;1
28;2025-12-17;5;78
28;2025-12-17;6;256
28;2025-12-17;7;811
28;2025-12-17;8;1303
28;2025-12-17;9;868
28;2025-12-17;10;611
28;2025-12-17;11;574
28;2025-12-17;12;693
28;2025-12-17;13;699
28;2025-12-17;14;699
28;2025-12-17;15;738
28;2025-12-17;16;915
28;2025-12-17;17;1089
28;2025-12-17;18;1057
28;2025-12-17;19;828
28;2025-12-17;20;557
28;2025-12-17;21;350
28;2025-12-17;22;117
28;2025-12-17;23;10
28;2025-12-18;0;0
28;2025-12-18;1;0
28;2025-12-18;2;0
28;2025-12-18;3;0
28;2025-12-18;4;1
28;2025-12-18;5;78
28;2025-12-18;6;256
28;2025-12-18;7;811
28;2025-12-18;8;1303
28;2025-12-18;9;868
28;2025-12-18;10;611
28;2025-12-18;11;574
28;2025-12-18;12;693
28;2025-12-18;13;699
28;2025-12-18;14;699
28;2025-12-18;15;738
28;2025-12-18;16;915
28;2025-12-18;17;1089
28;2025-12-18;18;1057
28;2025-12-18;19;828
28;2025-12-18;20;557
28;2025-12-18;21;350
28;2025-12-18;22;117
28;2025-12-18;23;10
28;2025-12-19;0;0
28;2025-12-19;1;0
28;2025-12-19;2;0
28;2025-12-19;3;0
28;2025-12-19;4;2
28;2025-12-19;5;83
28;2025-12-19;6;292
28;2025-12-19;7;888
28;2025-12-19;8;1399
28;2025-12-19;9;893
28;2025-12-19;10;633
28;2025-12-19;11;603
28;2025-12-19;12;854
28;2025-12-19;13;757
28;2025-12-19;14;730
28;2025-12-19;15;764
28;2025-12-19;16;982
28;2025-12-19;17;1013
28;2025-12-19;18;905
28;2025-12-19;19;657
28;2025-12-19;20;444
28;2025-12-19;21;360
28;2025-12-19;22;117
28;2025-12-19;23;21
28;2025-12-20;0;1
28;2025-12-20;1;0
28;2025-12-20;2;0
28;2025-12-20;3;0
28;2025-12-20;4;1
28;2025-12-20;5;39
28;2025-12-20;6;113
28;2025-12-20;7;242
28;2025-12-20;8;430
28;2025-12-20;9;489
28;2025-12-20;10;521
28;2025-12-20;11;523
28;2025-12-20;12;615
28;2025-12-20;13;634
28;2025-12-20;14;586
28;2025-12-20;15;611
28;2025-12-20;16;628
28;2025-12-20;17;596
28;2025-12-20;18;527
28;2025-12-20;19;391
28;2025-12-20;20;286
28;2025-12-20;21;256
28;2025-12-20;22;110
28;2025-12-20;23;12
28;2025-12-21;0;0
28;2025-12-21;1;0
28;2025-12-21;2;0
28;2025-12-21;3;0
28;2025-12-21;4;0
28;2025-12-21;5;32
28;2025-12-21;6;77
28;2025-12-21;7;173
28;2025-12-21;8;275
28;2025-12-21;9;373
28;2025-12-21;10;417
28;2025-12-21;11;458
28;2025-12-21;12;475
28;2025-12-21;13;579
28;2025-12-21;14;564
28;2025-12-21;15;542
28;2025-12-21;16;479
28;2025-12-21;17;494
28;2025-12-21;18;460
28;2025-12-21;19;387
28;2025-12-21;20;317
28;2025-12-21;21;254
28;2025-12-21;22;112
28;2025-12-21;23;11
28;2025-12-22;0;0
28;2025-12-22;1;0
28;2025-12-22;2;0
28;2025-12-22;3;0
28;2025-12-22;4;2
28;2025-12-22;5;74
28;2025-12-22;6;280
28;2025-12-22;7;770
28;2025-12-22;8;1319
28;2025-12-22;9;854
28;2025-12-22;10;668
28;2025-12-22;11;555
28;2025-12-22;12;710
28;2025-12-22;13;705
28;2025-12-22;14;642
28;2025-12-22;15;642
28;2025-12-22;16;906
28;2025-12-22;17;1025
28;2025-12-22;18;983
28;2025-12-22;19;740
28;2025-12-22;20;474
28;2025-12-22;21;309
28;2025-12-22;22;108
28;2025-12-22;23;3
28;2025-12-23;0;0
28;2025-12-23;1;0
28;2025-12-23;2;0
28;2025-12-23;3;0
28;2025-12-23;4;1
28;2025-12-23;5;78
28;2025-12-23;6;256
28;2025-12-23;7;811
28;2025-12-23;8;1303
28;2025-12-23;9;868
28;2025-12-23;10;611
28;2025-12-23;11;574
28;2025-12-23;12;693
28;2025-12-23;13;699
28;2025-12-23;14;699
28;2025-12-23;15;738
28;2025-12-23;16;915
28;2025-12-23;17;1089
28;2025-12-23;18;1057
28;2025-12-23;19;828
28;2025-12-23;20;557
28;2025-12-23;21;350
28;2025-12-23;22;117
28;2025-12-23;23;10
28;2025-12-24;0;0
28;2025-12-24;1;0
28;2025-12-24;2;0
28;2025-12-24;3;0
28;2025-12-24;4;1
28;2025-12-24;5;78
28;2025-12-24;6;256
28;2025-12-24;7;811
28;2025-12-24;8;1303
28;2025-12-24;9;868
28;2025-12-24;10;611
28;2025-12-24;11;574
28;2025-12-24;12;693
28;2025-12-24;13;699
28;2025-12-24;14;699
28;2025-12-24;15;738
28;2025-12-24;16;915
28;2025-12-24;17;1089
28;2025-12-24;18;1057
28;2025-12-24;19;828
28;2025-12-24;20;557
28;2025-12-24;21;350
28;2025-12-24;22;117
28;2025-12-24;23;10
28;2025-12-25;0;0
28;2025-12-25;1;0
28;2025-12-25;2;0
28;2025-12-25;3;0
28;2025-12-25;4;1
28;2025-12-25;5;78
28;2025-12-25;6;256
28;2025-12-25;7;811
28;2025-12-25;8;1303
28;2025-12-25;9;868
28;2025-12-25;10;611
28;2025-12-25;11;574
28;2025-12-25;12;693
28;2025-12-25;13;699
28;2025-12-25;14;699
28;2025-12-25;15;738
28;2025-12-25;16;915
28;2025-12-25;17;1089
28;2025-12-25;18;1057
28;2025-12-25;19;828
28;2025-12-25;20;557
28;2025-12-25;21;350
28;2025-12-25;22;117
28;2025-12-25;23;10
28;2025-12-26;0;0
28;2025-12-26;1;0
28;2025-12-26;2;0
28;2025-12-26;3;0
28;2025-12-26;4;2
28;2025-12-26;5;83
28;2025-12-26;6;292
28;2025-12-26;7;888
28;2025-12-26;8;1399
28;2025-12-26;9;893
28;2025-12-26;10;633
28;2025-12-26;11;603
28;2025-12-26;12;854
28;2025-12-26;13;757
28;2025-12-26;14;730
28;2025-12-26;15;764
28;2025-12-26;16;982
28;2025-12-26;17;1013
28;2025-12-26;18;905
28;2025-12-26;19;657
28;2025-12-26;20;444
28;2025-12-26;21;360
28;2025-12-26;22;117
28;2025-12-26;23;21
28;2025-12-27;0;1
28;2025-12-27;1;0
28;2025-12-27;2;0
28;2025-12-27;3;0
28;2025-12-27;4;1
28;2025-12-27;5;39
28;2025-12-27;6;113
28;2025-12-27;7;242
28;2025-12-27;8;430
28;2025-12-27;9;489
28;2025-12-27;10;521
28;2025-12-27;11;523
28;2025-12-27;12;615
28;2025-12-27;13;634
28;2025-12-27;14;586
28;2025-12-27;15;611
28;2025-12-27;16;628
28;2025-12-27;17;596
28;2025-12-27;18;527
28;2025-12-27;19;391
28;2025-12-27;20;286
28;2025-12-27;21;256
28;2025-12-27;22;110
28;2025-12-27;23;12
28;2025-12-28;0;0
28;2025-12-28;1;0
28;2025-12-28;2;0
28;2025-12-28;3;0
28;2025-12-28;4;0
28;2025-12-28;5;32
28;2025-12-28;6;77
28;2025-12-28;7;173
28;2025-12-28;8;275
28;2025-12-28;9;373
28;2025-12-28;10;417
28;2025-12-28;11;458
28;2025-12-28;12;475
28;2025-12-28;13;579
28;2025-12-28;14;564
28;2025-12-28;15;542
28;2025-12-28;16;479
28;2025-12-28;17;494
28;2025-12-28;18;460
28;2025-12-28;19;387
28;2025-12-28;20;317
28;2025-12-28;21;254
28;2025-12-28;22;112
28;2025-12-28;23;11
28;2025-12-29;0;0
28;2025-12-29;1;0
28;2025-12-29;2;0
28;2025-12-29;3;0
28;2025-12-29;4;2
28;2025-12-29;5;63
28;2025-12-29;6;238
28;2025-12-29;7;654
28;2025-12-29;8;1121
28;2025-12-29;9;726
28;2025-12-29;10;568
28;2025-12-29;11;472
28;2025-12-29;12;603
28;2025-12-29;13;599
28;2025-12-29;14;546
28;2025-12-29;15;545
28;2025-12-29;16;770
28;2025-12-29;17;871
28;2025-12-29;18;836
28;2025-12-29;19;629
28;2025-12-29;20;403
28;2025-12-29;21;263
28;2025-12-29;22;92
28;2025-12-29;23;3
28;2025-12-30;0;0
28;2025-12-30;1;0
28;2025-12-30;2;0
28;2025-12-30;3;0
28;2025-12-30;4;1
28;2025-12-30;5;67
28;2025-12-30;6;218
28;2025-12-30;7;690
28;2025-12-30;8;1107
28;2025-12-30;9;738
28;2025-12-30;10;519
28;2025-12-30;11;488
28;2025-12-30;12;589
28;2025-12-30;13;594
28;2025-12-30;14;594
28;2025-12-30;15;627
28;2025-12-30;16;778
28;2025-12-30;17;926
28;2025-12-30;18;899
28;2025-12-30;19;704
28;2025-12-30;20;474
28;2025-12-30;21;297
28;2025-12-30;22;100
28;2025-12-30;23;9
28;2025-12-31;0;0
28;2025-12-31;1;0
28;2025-12-31;2;0
28;2025-12-31;3;0
28;2025-12-31;4;0
28;2025-12-31;5;27
28;2025-12-31;6;65
28;2025-12-31;7;147
28;2025-12-31;8;234
28;2025-12-31;9;317
28;2025-12-31;10;354
28;2025-12-31;11;389
28;2025-12-31;12;404
28;2025-12-31;13;492
28;2025-12-31;14;479
28;2025-12-31;15;460
28;2025-12-31;16;407
28;2025-12-31;17;420
28;2025-12-31;18;391
28;2025-12-31;19;329
28;2025-12-31;20;269
28;2025-12-31;21;216
28;2025-12-31;22;95
28;2025-12-31;23;9
50;2025-11-01;0;17
50;2025-11-01;1;0
50;2025-11-01;2;0
50;2025-11-01;3;0
50;2025-11-01;4;2
50;2025-11-01;5;35
50;2025-11-01;6;267
50;2025-11-01;7;913
50;2025-11-01;8;1424
50;2025-11-01;9;1080
50;2025-11-01;10;782
50;2025-11-01;11;770
50;2025-11-01;12;721
50;2025-11-01;13;783
50;2025-11-01;14;743
50;2025-11-01;15;911
50;2025-11-01;16;1163
50;2025-11-01;17;1116
50;2025-11-01;18;828
50;2025-11-01;19;626
50;2025-11-01;20;467
50;2025-11-01;21;291
50;2025-11-01;22;135
50;2025-11-01;23;88
50;2025-11-02;0;0
50;2025-11-02;1;0
50;2025-11-02;2;0
50;2025-11-02;3;0
50;2025-11-02;4;0
50;2025-11-02;5;0
50;2025-11-02;6;0
50;2025-11-02;7;0
50;2025-11-02;8;0
50;2025-11-02;9;0
50;2025-11-02;10;71
50;2025-11-02;11;65
50;2025-11-02;12;26
50;2025-11-02;13;54
50;2025-11-02;14;179
50;2025-11-02;15;162
50;2025-11-02;16;166
50;2025-11-02;17;349
50;2025-11-02;18;190
50;2025-11-02;19;191
50;2025-11-02;20;154
50;2025-11-02;21;92
50;2025-11-02;22;114
50;2025-11-02;23;29
50;2025-11-03;0;34
50;2025-11-03;1;0
50;2025-11-03;2;0
50;2025-11-03;3;0
50;2025-11-03;4;1
50;2025-11-03;5;39
50;2025-11-03;6;174
50;2025-11-03;7;315
50;2025-11-03;8;496
50;2025-11-03;9;549
50;2025-11-03;10;596
50;2025-11-03;11;752
50;2025-11-03;12;763
50;2025-11-03;13;782
50;2025-11-03;14;833
50;2025-11-03;15;765
50;2025-11-03;16;759
50;2025-11-03;17;876
50;2025-11-03;18;839
50;2025-11-03;19;729
50;2025-11-03;20;717
50;2025-11-03;21;468
50;2025-11-03;22;291
50;2025-11-03;23;151
50;2025-11-04;0;34
50;2025-11-04;1;0
50;2025-11-04;2;0
50;2025-11-04;3;0
50;2025-11-04;4;1
50;2025-11-04;5;39
50;2025-11-04;6;174
50;2025-11-04;7;315
50;2025-11-04;8;496
50;2025-11-04;9;549
50;2025-11-04;10;596
50;2025-11-04;11;752
50;2025-11-04;12;763
50;2025-11-04;13;782
50;2025-11-04;14;833
50;2025-11-04;15;765
50;2025-11-04;16;759
50;2025-11-04;17;876
50;2025-11-04;18;839
50;2025-11-04;19;729
50;2025-11-04;20;717
50;2025-11-04;21;468
50;2025-11-04;22;291
50;2025-11-04;23;151
50;2025-11-05;0;26
50;2025-11-05;1;2
50;2025-11-05;2;0
50;2025-11-05;3;0
50;2025-11-05;4;3
50;2025-11-05;5;72
50;2025-11-05;6;565
50;2025-11-05;7;1801
50;2025-11-05;8;2986
50;2025-11-05;9;2272
50;2025-11-05;10;1821
50;2025-11-05;11;1571
50;2025-11-05;12;1548
50;2025-11-05;13;1532
50;2025-11-05;14;1450
50;2025-11-05;15;1751
50;2025-11-05;16;1771
50;2025-11-05;17;2505
50;2025-11-05;18;2551
50;2025-11-05;19;1529
50;2025-11-05;20;993
50;2025-11-05;21;683
50;2025-11-05;22;258
50;2025-11-05;23;154
50;2025-11-06;0;26
50;2025-11-06;1;2
50;2025-11-06;2;0
50;2025-11-06;3;0
50;2025-11-06;4;3
50;2025-11-06;5;72
50;2025-11-06;6;565
50;2025-11-06;7;1801
50;2025-11-06;8;2986
50;2025-11-06;9;2272
50;2025-11-06;10;1821
50;2025-11-06;11;1571
50;2025-11-06;12;1548
50;2025-11-06;13;1532
50;2025-11-06;14;1450
50;2025-11-06;15;1751
50;2025-11-06;16;1771
50;2025-11-06;17;2505
50;2025-11-06;18;2551
50;2025-11-06;19;1529
50;2025-11-06;20;993
50;2025-11-06;21;683
50;2025-11-06;22;258
50;2025-11-06;23;154
50;2025-11-07;0;33
50;2025-11-07;1;0
50;2025-11-07;2;0
50;2025-11-07;3;0
50;2025-11-07;4;4
50;2025-11-07;5;68
50;2025-11-07;6;514
50;2025-11-07;7;1760
50;2025-11-07;8;2743
50;2025-11-07;9;2080
50;2025-11-07;10;1506
50;2025-11-07;11;1484
50;2025-11-07;12;1389
50;2025-11-07;13;1508
50;2025-11-07;14;1431
50;2025-11-07;15;1756
50;2025-11-07;16;2242
50;2025-11-07;17;2151
50;2025-11-07;18;1595
50;2025-11-07;19;1206
50;2025-11-07;20;899
50;2025-11-07;21;561
50;2025-11-07;22;261
50;2025-11-07;23;170
50;2025-11-08;0;192
50;2025-11-08;1;17
50;2025-11-08;2;0
50;2025-11-08;3;0
50;2025-11-08;4;0
50;2025-11-08;5;1
50;2025-11-08;6;1
50;2025-11-08;7;6
50;2025-11-08;8;3
50;2025-11-08;9;68
50;2025-11-08;10;38
50;2025-11-08;11;53
50;2025-11-08;12;119
50;2025-11-08;13;58
50;2025-11-08;14;74
50;2025-11-08;15;138
50;2025-11-08;16;70
50;2025-11-08;17;74
50;2025-11-08;18;21
50;2025-11-08;19;0
50;2025-11-08;20;19
50;2025-11-08;21;0
50;2025-11-08;22;12
50;2025-11-08;23;0
50;2025-11-09;0;0
50;2025-11-09;1;0
50;2025-11-09;2;0
50;2025-11-09;3;0
50;2025-11-09;4;0
50;2025-11-09;5;0
50;2025-11-09;6;0
50;2025-11-09;7;0
50;2025-11-09;8;0
50;2025-11-09;9;0
50;2025-11-09;10;71
50;2025-11-09;11;65
50;2025-11-09;12;26
50;2025-11-09;13;54
50;2025-11-09;14;179
50;2025-11-09;15;162
50;2025-11-09;16;166
50;2025-11-09;17;349
50;2025-11-09;18;190
50;2025-11-09;19;191
50;2025-11-09;20;154
50;2025-11-09;21;92
50;2025-11-09;22;114
50;2025-11-09;23;29
50;2025-11-10;0;7
50;2025-11-10;1;2
50;2025-11-10;2;0
50;2025-11-10;3;0
50;2025-11-10;4;4
50;2025-11-10;5;72
50;2025-11-10;6;530
50;2025-11-10;7;1733
50;2025-11-10;8;2884
50;2025-11-10;9;2342
50;2025-11-10;10;1671
50;2025-11-10;11;1476
50;2025-11-10;12;1311
50;2025-11-10;13;1523
50;2025-11-10;14;1417
50;2025-11-10;15;1635
50;2025-11-10;16;1668
50;2025-11-10;17;2336
50;2025-11-10;18;2549
50;2025-11-10;19;1264
50;2025-11-10;20;867
50;2025-11-10;21;642
50;2025-11-10;22;211
50;2025-11-10;23;112
50;2025-11-11;0;26
50;2025-11-11;1;2
50;2025-11-11;2;0
50;2025-11-11;3;0
50;2025-11-11;4;3
50;2025-11-11;5;72
50;2025-11-11;6;565
50;2025-11-11;7;1801
50;2025-11-11;8;2986
50;2025-11-11;9;2272
50;2025-11-11;10;1821
50;2025-11-11;11;1571
50;2025-11-11;12;1548
50;2025-11-11;13;1532
50;2025-11-11;14;1450
50;2025-11-11;15;1751
50;2025-11-11;16;1771
50;2025-11-11;17;2505
50;2025-11-11;18;2551
50;2025-11-11;19;1529
50;2025-11-11;20;993
50;2025-11-11;21;683
50;2025-11-11;22;258
50;2025-11-11;23;154
50;2025-11-12;0;26
50;2025-11-12;1;2
50;2025-11-12;2;0
50;2025-11-12;3;0
50;2025-11-12;4;3
50;2025-11-12;5;72
50;2025-11-12;6;565
50;2025-11-12;7;1801
50;2025-11-12;8;2986
50;2025-11-12;9;2272
50;2025-11-12;10;1821
50;2025-11-12;11;1571
50;2025-11-12;12;1548
50;2025-11-12;13;1532
50;2025-11-12;14;1450
50;2025-11-12;15;1751
50;2025-11-12;16;1771
50;2025-11-12;17;2505
50;2025-11-12;18;2551
50;2025-11-12;19;1529
50;2025-11-12;20;993
50;2025-11-12;21;683
50;2025-11-12;22;258
50;2025-11-12;23;154
50;2025-11-13;0;26
50;2025-11-13;1;2
50;2025-11-13;2;0
50;2025-11-13;3;0
50;2025-11-13;4;3
50;2025-11-13;5;72
50;2025-11-13;6;565
50;2025-11-13;7;1801
50;2025-11-13;8;2986
50;2025-11-13;9;2272
50;2025-11-13;10;1821
50;2025-11-13;11;1571
50;2025-11-13;12;1548
50;2025-11-13;13;1532
50;2025-11-13;14;1450
50;2025-11-13;15;1751
50;2025-11-13;16;1771
50;2025-11-13;17;2505
50;2025-11-13;18;2551
50;2025-11-13;19;1529
50;2025-11-13;20;993
50;2025-11-13;21;683
50;2025-11-13;22;258
50;2025-11-13;23;154
50;2025-11-14;0;33
50;2025-11-14;1;0
50;2025-11-14;2;0
50;2025-11-14;3;0
50;2025-11-14;4;4
50;2025-11-14;5;68
50;2025-11-14;6;514
50;2025-11-14;7;1760
50;2025-11-14;8;2743
50;2025-11-14;9;2080
50;2025-11-14;10;1506
50;2025-11-14;11;1484
50;2025-11-14;12;1389
50;2025-11-14;13;1508
50;2025-11-14;14;1431
50;2025-11-14;15;1756
50;2025-11-14;16;2242
50;2025-11-14;17;2151
50;2025-11-14;18;1595
50;2025-11-14;19;1206
50;2025-11-14;20;899
50;2025-11-14;21;561
50;2025-11-14;22;261
50;2025-11-14;23;170
50;2025-11-15;0;192
50;2025-11-15;1;17
50;2025-11-15;2;0
50;2025-11-15;3;0
50;2025-11-15;4;0
50;2025-11-15;5;1
50;2025-11-15;6;1
50;2025-11-15;7;6
50;2025-11-15;8;3
50;2025-11-15;9;68
50;2025-11-15;10;38
50;2025-11-15;11;53
50;2025-11-15;12;119
50;2025-11-15;13;58
50;2025-11-15;14;74
50;2025-11-15;15;138
50;2025-11-15;16;70
50;2025-11-15;17;74
50;2025-11-15;18;21
50;2025-11-15;19;0
50;2025-11-15;20;19
50;2025-11-15;21;0
50;2025-11-15;22;12
50;2025-11-15;23;0
50;2025-11-16;0;0
50;2025-11-16;1;0
50;2025-11-16;2;0
50;2025-11-16;3;0
50;2025-11-16;4;0
50;2025-11-16;5;0
50;2025-11-16;6;0
50;2025-11-16;7;0
50;2025-11-16;8;0
50;2025-11-16;9;0
50;2025-11-16;10;71
50;2025-11-16;11;65
50;2025-11-16;12;26
50;2025-11-16;13;54
50;2025-11-16;14;179
50;2025-11-16;15;162
50;2025-11-16;16;166
50;2025-11-16;17;349
50;2025-11-16;18;190
50;2025-11-16;19;191
50;2025-11-16;20;154
50;2025-11-16;21;92
50;2025-11-16;22;114
50;2025-11-16;23;29
50;2025-11-17;0;7
50;2025-11-17;1;2
50;2025-11-17;2;0
50;2025-11-17;3;0
50;2025-11-17;4;4
50;2025-11-17;5;72
50;2025-11-17;6;530
50;2025-11-17;7;1733
50;2025-11-17;8;2884
50;2025-11-17;9;2342
50;2025-11-17;10;1671
50;2025-11-17;11;1476
50;2025-11-17;12;1311
50;2025-11-17;13;1523
50;2025-11-17;14;1417
50;2025-11-17;15;1635
50;2025-11-17;16;1668
50;2025-11-17;17;2336
50;2025-11-17;18;2549
50;2025-11-17;19;1264
50;2025-11-17;20;867
50;2025-11-17;21;642
50;2025-11-17;22;211
50;2025-11-17;23;112
50;2025-11-18;0;26
50;2025-11-18;1;2
50;2025-11-18;2;0
50;2025-11-18;3;0
50;2025-11-18;4;3
50;2025-11-18;5;72
50;2025-11-18;6;565
50;2025-11-18;7;1801
50;2025-11-18;8;2986
50;2025-11-18;9;2272
50;2025-11-18;10;1821
50;2025-11-18;11;1571
50;2025-11-18;12;1548
50;2025-11-18;13;1532
50;2025-11-18;14;1450
50;2025-11-18;15;1751
50;2025-11-18;16;1771
50;2025-11-18;17;2505
50;2025-11-18;18;2551
50;2025-11-18;19;1529
50;2025-11-18;20;993
50;2025-11-18;21;683
50;2025-11-18;22;258
50;2025-11-18;23;154
50;2025-11-19;0;26
50;2025-11-19;1;2
50;2025-11-19;2;0
50;2025-11-19;3;0
50;2025-11-19;4;3
50;2025-11-19;5;72
50;2025-11-19;6;565
50;2025-11-19;7;1801
50;2025-11-19;8;2986
50;2025-11-19;9;2272
50;2025-11-19;10;1821
50;2025-11-19;11;1571
50;2025-11-19;12;1548
50;2025-11-19;13;1532
50;2025-11-19;14;1450
50;2025-11-19;15;1751
50;2025-11-19;16;1771
50;2025-11-19;17;2505
50;2025-11-19;18;2551
50;2025-11-19;19;1529
50;2025-11-19;20;993
50;2025-11-19;21;683
50;2025-11-19;22;258
50;2025-11-19;23;154
50;2025-11-20;0;26
50;2025-11-20;1;2
50;2025-11-20;2;0
50;2025-11-20;3;0
50;2025-11-20;4;3
50;2025-11-20;5;72
50;2025-11-20;6;565
50;2025-11-20;7;1801
50;2025-11-20;8;2986
50;2025-11-20;9;2272
50;2025-11-20;10;1821
50;2025-11-20;11;1571
50;2025-11-20;12;1548
50;2025-11-20;13;1532
50;2025-11-20;14;1450
50;2025-11-20;15;1751
50;2025-11-20;16;1771
50;2025-11-20;17;2505
50;2025-11-20;18;2551
50;2025-11-20;19;1529
50;2025-11-20;20;993
50;2025-11-20;21;683
50;2025-11-20;22;258
50;2025-11-20;23;154
50;2025-11-21;0;33
50;2025-11-21;1;0
50;2025-11-21;2;0
50;2025-11-21;3;0
50;2025-11-21;4;4
50;2025-11-21;5;68
50;2025-11-21;6;514
50;2025-11-21;7;1760
50;2025-11-21;8;2743
50;2025-11-21;9;2080
50;2025-11-21;10;1506
50;2025-11-21;11;1484
50;2025-11-21;12;1389
50;2025-11-21;13;1508
50;2025-11-21;14;1431
50;2025-11-21;15;1756
50;2025-11-21;16;2242
50;2025-11-21;17;2151
50;2025-11-21;18;1595
50;2025-11-21;19;1206
50;2025-11-21;20;899
50;2025-11-21;21;561
50;2025-11-21;22;261
50;2025-11-21;23;170
50;2025-11-22;0;192
50;2025-11-22;1;17
50;2025-11-22;2;0
50;2025-11-22;3;0
50;2025-11-22;4;0
50;2025-11-22;5;1
50;2025-11-22;6;1
50;2025-11-22;7;6
50;2025-11-22;8;3
50;2025-11-22;9;68
50;2025-11-22;10;38
50;2025-11-22;11;53
50;2025-11-22;12;119
50;2025-11-22;13;58
50;2025-11-22;14;74
50;2025-11-22;15;138
50;2025-11-22;16;70
50;2025-11-22;17;74
50;2025-11-22;18;21
50;2025-11-22;19;0
50;2025-11-22;20;19
50;2025-11-22;21;0
50;2025-11-22;22;12
50;2025-11-22;23;0
50;2025-11-23;0;0
50;2025-11-23;1;0
50;2025-11-23;2;0
50;2025-11-23;3;0
50;2025-11-23;4;0
50;2025-11-23;5;0
50;2025-11-23;6;0
50;2025-11-23;7;0
50;2025-11-23;8;0
50;2025-11-23;9;0
50;2025-11-23;10;71
50;2025-11-23;11;65
50;2025-11-23;12;26
50;2025-11-23;13;54
50;2025-11-23;14;179
50;2025-11-23;15;162
50;2025-11-23;16;166
50;2025-11-23;17;349
50;2025-11-23;18;190
50;2025-11-23;19;191
50;2025-11-23;20;154
50;2025-11-23;21;92
50;2025-11-23;22;114
50;2025-11-23;23;29
50;2025-11-24;0;7
50;2025-11-24;1;2
50;2025-11-24;2;0
50;2025-11-24;3;0
50;2025-11-24;4;4
50;2025-11-24;5;72
50;2025-11-24;6;530
50;2025-11-24;7;1733
50;2025-11-24;8;2884
50;2025-11-24;9;2342
50;2025-11-24;10;1671
50;2025-11-24;11;1476
50;2025-11-24;12;1311
50;2025-11-24;13;1523
50;2025-11-24;14;1417
50;2025-11-24;15;1635
50;2025-11-24;16;1668
50;2025-11-24;17;2336
50;2025-11-24;18;2549
50;2025-11-24;19;1264
50;2025-11-24;20;867
50;2025-11-24;21;642
50;2025-11-24;22;211
50;2025-11-24;23;112
50;2025-11-25;0;26
50;2025-11-25;1;2
50;2025-11-25;2;0
50;2025-11-25;3;0
50;2025-11-25;4;3
50;2025-11-25;5;72
50;2025-11-25;6;565
50;2025-11-25;7;1801
50;2025-11-25;8;2986
50;2025-11-25;9;2272
50;2025-11-25;10;1821
50;2025-11-25;11;1571
50;2025-11-25;12;1548
50;2025-11-25;13;1532
50;2025-11-25;14;1450
50;2025-11-25;15;1751
50;2025-11-25;16;1771
50;2025-11-25;17;2505
50;2025-11-25;18;2551
50;2025-11-25;19;1529
50;2025-11-25;20;993
50;2025-11-25;21;683
50;2025-11-25;22;258
50;2025-11-25;23;154
50;2025-11-26;0;26
50;2025-11-26;1;2
50;2025-11-26;2;0
50;2025-11-26;3;0
50;2025-11-26;4;3
50;2025-11-26;5;72
50;2025-11-26;6;565
50;2025-11-26;7;1801
50;2025-11-26;8;2986
50;2025-11-26;9;2272
50;2025-11-26;10;1821
50;2025-11-26;11;1571
50;2025-11-26;12;1548
50;2025-11-26;13;1532
50;2025-11-26;14;1450
50;2025-11-26;15;1751
50;2025-11-26;16;1771
50;2025-11-26;17;2505
50;2025-11-26;18;2551
50;2025-11-26;19;1529
50;2025-11-26;20;993
50;2025-11-26;21;683
50;2025-11-26;22;258
50;2025-11-26;23;154
50;2025-11-27;0;26
50;2025-11-27;1;2
50;2025-11-27;2;0
50;2025-11-27;3;0
50;2025-11-27;4;3
50;2025-11-27;5;72
50;2025-11-27;6;565
50;2025-11-27;7;1801
50;2025-11-27;8;2986
50;2025-11-27;9;2272
50;2025-11-27;10;1821
50;2025-11-27;11;1571
50;2025-11-27;12;1548
50;2025-11-27;13;1532
50;2025-11-27;14;1450
50;2025-11-27;15;1751
50;2025-11-27;16;1771
50;2025-11-27;17;2505
50;2025-11-27;18;2551
50;2025-11-27;19;1529
50;2025-11-27;20;993
50;2025-11-27;21;683
50;2025-11-27;22;258
50;2025-11-27;23;154
50;2025-11-28;0;33
50;2025-11-28;1;0
50;2025-11-28;2;0
50;2025-11-28;3;0
50;2025-11-28;4;4
50;2025-11-28;5;68
50;2025-11-28;6;514
50;2025-11-28;7;1760
50;2025-11-28;8;2743
50;2025-11-28;9;2080
50;2025-11-28;10;1506
50;2025-11-28;11;1484
50;2025-11-28;12;1389
50;2025-11-28;13;1508
50;2025-11-28;14;1431
50;2025-11-28;15;1756
50;2025-11-28;16;2242
50;2025-11-28;17;2151
50;2025-11-28;18;1595
50;2025-11-28;19;1206
50;2025-11-28;20;899
50;2025-11-28;21;561
50;2025-11-28;22;261
50;2025-11-28;23;170
50;2025-11-29;0;192
50;2025-11-29;1;17
50;2025-11-29;2;0
50;2025-11-29;3;0
50;2025-11-29;4;0
50;2025-11-29;5;1
50;2025-11-29;6;1
50;2025-11-29;7;6
50;2025-11-29;8;3
50;2025-11-29;9;68
50;2025-11-29;10;38
50;2025-11-29;11;53
50;2025-11-29;12;119
50;2025-11-29;13;58
50;2025-11-29;14;74
50;2025-11-29;15;138
50;2025-11-29;16;70
50;2025-11-29;17;74
50;2025-11-29;18;21
50;2025-11-29;19;0
50;2025-11-29;20;19
50;2025-11-29;21;0
50;2025-11-29;22;12
50;2025-11-29;23;0
50;2025-11-30;0;0
50;2025-11-30;1;0
50;2025-11-30;2;0
50;2025-11-30;3;0
50;2025-11-30;4;0
50;2025-11-30;5;0
50;2025-11-30;6;0
50;2025-11-30;7;0
50;2025-11-30;8;0
50;2025-11-30;9;0
50;2025-11-30;10;71
50;2025-11-30;11;65
50;2025-11-30;12;26
50;2025-11-30;13;54
50;2025-11-30;14;179
50;2025-11-30;15;162
50;2025-11-30;16;166
50;2025-11-30;17;349
50;2025-11-30;18;190
50;2025-11-30;19;191
50;2025-11-30;20;154
50;2025-11-30;21;92
50;2025-11-30;22;114
50;2025-11-30;23;29
50;2025-12-01;0;7
50;2025-12-01;1;2
50;2025-12-01;2;0
50;2025-12-01;3;0
50;2025-12-01;4;4
50;2025-12-01;5;72
50;2025-12-01;6;530
50;2025-12-01;7;1733
50;2025-12-01;8;2884
50;2025-12-01;9;2342
50;2025-12-01;10;1671
50;2025-12-01;11;1476
50;2025-12-01;12;1311
50;2025-12-01;13;1523
50;2025-12-01;14;1417
50;2025-12-01;15;1635
50;2025-12-01;16;1668
50;2025-12-01;17;2336
50;2025-12-01;18;2549
50;2025-12-01;19;1264
50;2025-12-01;20;867
50;2025-12-01;21;642
50;2025-12-01;22;211
50;2025-12-01;23;112
50;2025-12-02;0;26
50;2025-12-02;1;2
50;2025-12-02;2;0
50;2025-12-02;3;0
50;2025-12-02;4;3
50;2025-12-02;5;72
50;2025-12-02;6;565
50;2025-12-02;7;1801
50;2025-12-02;8;2986
50;2025-12-02;9;2272
50;2025-12-02;10;1821
50;2025-12-02;11;1571
50;2025-12-02;12;1548
50;2025-12-02;13;1532
50;2025-12-02;14;1450
50;2025-12-02;15;1751
50;2025-12-02;16;1771
50;2025-12-02;17;2505
50;2025-12-02;18;2551
50;2025-12-02;19;1529
50;2025-12-02;20;993
50;2025-12-02;21;683
50;2025-12-02;22;258
50;2025-12-02;23;154
50;2025-12-03;0;26
50;2025-12-03;1;2
50;2025-12-03;2;0
50;2025-12-03;3;0
50;2025-12-03;4;3
50;2025-12-03;5;72
50;2025-12-03;6;565
50;2025-12-03;7;1801
50;2025-12-03;8;2986
50;2025-12-03;9;2272
50;2025-12-03;10;1821
50;2025-12-03;11;1571
50;2025-12-03;12;1548
50;2025-12-03;13;1532
50;2025-12-03;14;1450
50;2025-12-03;15;1751
50;2025-12-03;16;1771
50;2025-12-03;17;2505
50;2025-12-03;18;2551
50;2025-12-03;19;1529
50;2025-12-03;20;993
50;2025-12-03;21;683
50;2025-12-03;22;258
50;2025-12-03;23;154
50;2025-12-04;0;26
50;2025-12-04;1;2
50;2025-12-04;2;0
50;2025-12-04;3;0
50;2025-12-04;4;3
50;2025-12-04;5;72
50;2025-12-04;6;565
50;2025-12-04;7;1801
50;2025-12-04;8;2986
50;2025-12-04;9;2272
50;2025-12-04;10;1821
50;2025-12-04;11;1571
50;2025-12-04;12;1548
50;2025-12-04;13;1532
50;2025-12-04;14;1450
50;2025-12-04;15;1751
50;2025-12-04;16;1771
50;2025-12-04;17;2505
50;2025-12-04;18;2551
50;2025-12-04;19;1529
50;2025-12-04;20;993
50;2025-12-04;21;683
50;2025-12-04;22;258
50;2025-12-04;23;154
50;2025-12-05;0;33
50;2025-12-05;1;0
50;2025-12-05;2;0
50;2025-12-05;3;0
50;2025-12-05;4;4
50;2025-12-05;5;68
50;2025-12-05;6;514
50;2025-12-05;7;1760
50;2025-12-05;8;2743
50;2025-12-05;9;2080
50;2025-12-05;10;1506
50;2025-12-05;11;1484
50;2025-12-05;12;1389
50;2025-12-05;13;1508
50;2025-12-05;14;1431
50;2025-12-05;15;1756
50;2025-12-05;16;2242
50;2025-12-05;17;2151
50;2025-12-05;18;1595
50;2025-12-05;19;1206
50;2025-12-05;20;899
50;2025-12-05;21;561
50;2025-12-05;22;261
50;2025-12-05;23;170
50;2025-12-06;0;61
50;2025-12-06;1;0
50;2025-12-06;2;0
50;2025-12-06;3;0
50;2025-12-06;4;0
50;2025-12-06;5;42
50;2025-12-06;6;175
50;2025-12-06;7;454
50;2025-12-06;8;595
50;2025-12-06;9;624
50;2025-12-06;10;663
50;2025-12-06;11;774
50;2025-12-06;12;720
50;2025-12-06;13;750
50;2025-12-06;14;856
50;2025-12-06;15;731
50;2025-12-06;16;733
50;2025-12-06;17;881
50;2025-12-06;18;852
50;2025-12-06;19;780
50;2025-12-06;20;678
50;2025-12-06;21;447
50;2025-12-06;22;285
50;2025-12-06;23;170
50;2025-12-07;0;34
50;2025-12-07;1;0
50;2025-12-07;2;0
50;2025-12-07;3;0
50;2025-12-07;4;1
50;2025-12-07;5;39
50;2025-12-07;6;174
50;2025-12-07;7;315
50;2025-12-07;8;496
50;2025-12-07;9;549
50;2025-12-07;10;596
50;2025-12-07;11;752
50;2025-12-07;12;763
50;2025-12-07;13;782
50;2025-12-07;14;833
50;2025-12-07;15;765
50;2025-12-07;16;759
50;2025-12-07;17;876
50;2025-12-07;18;839
50;2025-12-07;19;729
50;2025-12-07;20;717
50;2025-12-07;21;468
50;2025-12-07;22;291
50;2025-12-07;23;151
50;2025-12-08;0;7
50;2025-12-08;1;2
50;2025-12-08;2;0
50;2025-12-08;3;0
50;2025-12-08;4;4
50;2025-12-08;5;72
50;2025-12-08;6;530
50;2025-12-08;7;1733
50;2025-12-08;8;2884
50;2025-12-08;9;2342
50;2025-12-08;10;1671
50;2025-12-08;11;1476
50;2025-12-08;12;1311
50;2025-12-08;13;1523
50;2025-12-08;14;1417
50;2025-12-08;15;1635
50;2025-12-08;16;1668
50;2025-12-08;17;2336
50;2025-12-08;18;2549
50;2025-12-08;19;1264
50;2025-12-08;20;867
50;2025-12-08;21;642
50;2025-12-08;22;211
50;2025-12-08;23;112
50;2025-12-09;0;26
50;2025-12-09;1;2
50;2025-12-09;2;0
50;2025-12-09;3;0
50;2025-12-09;4;3
50;2025-12-09;5;72
50;2025-12-09;6;565
50;2025-12-09;7;1801
50;2025-12-09;8;2986
50;2025-12-09;9;2272
50;2025-12-09;10;1821
50;2025-12-09;11;1571
50;2025-12-09;12;1548
50;2025-12-09;13;1532
50;2025-12-09;14;1450
50;2025-12-09;15;1751
50;2025-12-09;16;1771
50;2025-12-09;17;2505
50;2025-12-09;18;2551
50;2025-12-09;19;1529
50;2025-12-09;20;993
50;2025-12-09;21;683
50;2025-12-09;22;258
50;2025-12-09;23;154
50;2025-12-10;0;26
50;2025-12-10;1;2
50;2025-12-10;2;0
50;2025-12-10;3;0
50;2025-12-10;4;3
50;2025-12-10;5;72
50;2025-12-10;6;565
50;2025-12-10;7;1801
50;2025-12-10;8;2986
50;2025-12-10;9;2272
50;2025-12-10;10;1821
50;2025-12-10;11;1571
50;2025-12-10;12;1548
50;2025-12-10;13;1532
50;2025-12-10;14;1450
50;2025-12-10;15;1751
50;2025-12-10;16;1771
50;2025-12-10;17;2505
50;2025-12-10;18;2551
50;2025-12-10;19;1529
50;2025-12-10;20;993
50;2025-12-10;21;683
50;2025-12-10;22;258
50;2025-12-10;23;154
50;2025-12-11;0;26
50;2025-12-11;1;2
50;2025-12-11;2;0
50;2025-12-11;3;0
50;2025-12-11;4;3
50;2025-12-11;5;72
50;2025-12-11;6;565
50;2025-12-11;7;1801
50;2025-12-11;8;2986
50;2025-12-11;9;2272
50;2025-12-11;10;1821
50;2025-12-11;11;1571
50;2025-12-11;12;1548
50;2025-12-11;13;1532
50;2025-12-11;14;1450
50;2025-12-11;15;1751
50;2025-12-11;16;1771
50;2025-12-11;17;2505
50;2025-12-11;18;2551
50;2025-12-11;19;1529
50;2025-12-11;20;993
50;2025-12-11;21;683
50;2025-12-11;22;258
50;2025-12-11;23;154
50;2025-12-12;0;33
50;2025-12-12;1;0
50;2025-12-12;2;0
50;2025-12-12;3;0
50;2025-12-12;4;4
50;2025-12-12;5;68
50;2025-12-12;6;514
50;2025-12-12;7;1760
50;2025-12-12;8;2743
50;2025-12-12;9;2080
50;2025-12-12;10;1506
50;2025-12-12;11;1484
50;2025-12-12;12;1389
50;2025-12-12;13;1508
50;2025-12-12;14;1431
50;2025-12-12;15;1756
50;2025-12-12;16;2242
50;2025-12-12;17;2151
50;2025-12-12;18;1595
50;2025-12-12;19;1206
50;2025-12-12;20;899
50;2025-12-12;21;561
50;2025-12-12;22;261
50;2025-12-12;23;170
50;2025-12-13;0;61
50;2025-12-13;1;0
50;2025-12-13;2;0
50;2025-12-13;3;0
50;2025-12-13;4;0
50;2025-12-13;5;42
50;2025-12-13;6;175
50;2025-12-13;7;454
50;2025-12-13;8;595
50;2025-12-13;9;624
50;2025-12-13;10;663
50;2025-12-13;11;774
50;2025-12-13;12;720
50;2025-12-13;13;750
50;2025-12-13;14;856
50;2025-12-13;15;731
50;2025-12-13;16;733
50;2025-12-13;17;881
50;2025-12-13;18;852
50;2025-12-13;19;780
50;2025-12-13;20;678
50;2025-12-13;21;447
50;2025-12-13;22;285
50;2025-12-13;23;170
50;2025-12-14;0;34
50;2025-12-14;1;0
50;2025-12-14;2;0
50;2025-12-14;3;0
50;2025-12-14;4;1
50;2025-12-14;5;39
50;2025-12-14;6;174
50;2025-12-14;7;315
50;2025-12-14;8;496
50;2025-12-14;9;549
50;2025-12-14;10;596
50;2025-12-14;11;752
50;2025-12-14;12;763
50;2025-12-14;13;782
50;2025-12-14;14;833
50;2025-12-14;15;765
50;2025-12-14;16;759
50;2025-12-14;17;876
50;2025-12-14;18;839
50;2025-12-14;19;729
50;2025-12-14;20;717
50;2025-12-14;21;468
50;2025-12-14;22;291
50;2025-12-14;23;151
50;2025-12-15;0;7
50;2025-12-15;1;2
50;2025-12-15;2;0
50;2025-12-15;3;0
50;2025-12-15;4;4
50;2025-12-15;5;72
50;2025-12-15;6;530
50;2025-12-15;7;1733
50;2025-12-15;8;2884
50;2025-12-15;9;2342
50;2025-12-15;10;1671
50;2025-12-15;11;1476
50;2025-12-15;12;1311
50;2025-12-15;13;1523
50;2025-12-15;14;1417
50;2025-12-15;15;1635
50;2025-12-15;16;1668
50;2025-12-15;17;2336
50;2025-12-15;18;2549
50;2025-12-15;19;1264
50;2025-12-15;20;867
50;2025-12-15;21;642
50;2025-12-15;22;211
50;2025-12-15;23;112
50;2025-12-16;0;26
50;2025-12-16;1;2
50;2025-12-16;2;0
50;2025-12-16;3;0
50;2025-12-16;4;3
50;2025-12-16;5;72
50;2025-12-16;6;565
50;2025-12-16;7;1801
50;2025-12-16;8;2986
50;2025-12-16;9;2272
50;2025-12-16;10;1821
50;2025-12-16;11;1571
50;2025-12-16;12;1548
50;2025-12-16;13;1532
50;2025-12-16;14;1450
50;2025-12-16;15;1751
50;2025-12-16;16;1771
50;2025-12-16;17;2505
50;2025-12-16;18;2551
50;2025-12-16;19;1529
50;2025-12-16;20;993
50;2025-12-16;21;683
50;2025-12-16;22;258
50;2025-12-16;23;154
50;2025-12-17;0;26
50;2025-12-17;1;2
50;2025-12-17;2;0
50;2025-12-17;3;0
50;2025-12-17;4;3
50;2025-12-17;5;72
50;2025-12-17;6;565
50;2025-12-17;7;1801
50;2025-12-17;8;2986
50;2025-12-17;9;2272
50;2025-12-17;10;1821
50;2025-12-17;11;1571
50;2025-12-17;12;1548
50;2025-12-17;13;1532
50;2025-12-17;14;1450
50;2025-12-17;15;1751
50;2025-12-17;16;1771
50;2025-12-17;17;2505
50;2025-12-17;18;2551
50;2025-12-17;19;1529
50;2025-12-17;20;993
50;2025-12-17;21;683
50;2025-12-17;22;258
50;2025-12-17;23;154
50;2025-12-18;0;26
50;2025-12-18;1;2
50;2025-12-18;2;0
50;2025-12-18;3;0
50;2025-12-18;4;3
50;2025-12-18;5;72
50;2025-12-18;6;565
50;2025-12-18;7;1801
50;2025-12-18;8;2986
50;2025-12-18;9;2272
50;2025-12-18;10;1821
50;2025-12-18;11;1571
50;2025-12-18;12;1548
50;2025-12-18;13;1532
50;2025-12-18;14;1450
50;2025-12-18;15;1751
50;2025-12-18;16;1771
50;2025-12-18;17;2505
50;2025-12-18;18;2551
50;2025-12-18;19;1529
50;2025-12-18;20;993
50;2025-12-18;21;683
50;2025-12-18;22;258
50;2025-12-18;23;154
50;2025-12-19;0;33
50;2025-12-19;1;0
50;2025-12-19;2;0
50;2025-12-19;3;0
50;2025-12-19;4;4
50;2025-12-19;5;68
50;2025-12-19;6;514
50;2025-12-19;7;1760
50;2025-12-19;8;2743
50;2025-12-19;9;2080
50;2025-12-19;10;1506
50;2025-12-19;11;1484
50;2025-12-19;12;1389
50;2025-12-19;13;1508
50;2025-12-19;14;1431
50;2025-12-19;15;1756
50;2025-12-19;16;2242
50;2025-12-19;17;2151
50;2025-12-19;18;1595
50;2025-12-19;19;1206
50;2025-12-19;20;899
50;2025-12-19;21;561
50;2025-12-19;22;261
50;2025-12-19;23;170
50;2025-12-20;0;61
50;2025-12-20;1;0
50;2025-12-20;2;0
50;2025-12-20;3;0
50;2025-12-20;4;0
50;2025-12-20;5;42
50;2025-12-20;6;175
50;2025-12-20;7;454
50;2025-12-20;8;595
50;2025-12-20;9;624
50;2025-12-20;10;663
50;2025-12-20;11;774
50;2025-12-20;12;720
50;2025-12-20;13;750
50;2025-12-20;14;856
50;2025-12-20;15;731
50;2025-12-20;16;733
50;2025-12-20;17;881
50;2025-12-20;18;852
50;2025-12-20;19;780
50;2025-12-20;20;678
50;2025-12-20;21;447
50;2025-12-20;22;285
50;2025-12-20;23;170
50;2025-12-21;0;34
50;2025-12-21;1;0
50;2025-12-21;2;0
50;2025-12-21;3;0
50;2025-12-21;4;1
50;2025-12-21;5;39
50;2025-12-21;6;174
50;2025-12-21;7;315
50;2025-12-21;8;496
50;2025-12-21;9;549
50;2025-12-21;10;596
50;2025-12-21;11;752
50;2025-12-21;12;763
50;2025-12-21;13;782
50;2025-12-21;14;833
50;2025-12-21;15;765
50;2025-12-21;16;759
50;2025-12-21;17;876
50;2025-12-21;18;839
50;2025-12-21;19;729
50;2025-12-21;20;717
50;2025-12-21;21;468
50;2025-12-21;22;291
50;2025-12-21;23;151
50;2025-12-22;0;7
50;2025-12-22;1;2
50;2025-12-22;2;0
50;2025-12-22;3;0
50;2025-12-22;4;4
50;2025-12-22;5;72
50;2025-12-22;6;530
50;2025-12-22;7;1733
50;2025-12-22;8;2884
50;2025-12-22;9;2342
50;2025-12-22;10;1671
50;2025-12-22;11;1476
50;2025-12-22;12;1311
50;2025-12-22;13;1523
50;2025-12-22;14;1417
50;2025-12-22;15;1635
50;2025-12-22;16;1668
50;2025-12-22;17;2336
50;2025-12-22;18;2549
50;2025-12-22;19;1264
50;2025-12-22;20;867
50;2025-12-22;21;642
50;2025-12-22;22;211
50;2025-12-22;23;112
50;2025-12-23;0;26
50;2025-12-23;1;2
50;2025-12-23;2;0
50;2025-12-23;3;0
50;2025-12-23;4;3
50;2025-12-23;5;72
50;2025-12-23;6;565
50;2025-12-23;7;1801
50;2025-12-23;8;2986
50;2025-12-23;9;2272
50;2025-12-23;10;1821
50;2025-12-23;11;1571
50;2025-12-23;12;1548
50;2025-12-23;13;1532
50;2025-12-23;14;1450
50;2025-12-23;15;1751
50;2025-12-23;16;1771
50;2025-12-23;17;2505
50;2025-12-23;18;2551
50;2025-12-23;19;1529
50;2025-12-23;20;993
50;2025-12-23;21;683
50;2025-12-23;22;258
50;2025-12-23;23;154
50;2025-12-24;0;26
50;2025-12-24;1;2
50;2025-12-24;2;0
50;2025-12-24;3;0
50;2025-12-24;4;3
50;2025-12-24;5;72
50;2025-12-24;6;565
50;2025-12-24;7;1801
50;2025-12-24;8;2986
50;2025-12-24;9;2272
50;2025-12-24;10;1821
50;2025-12-24;11;1571
50;2025-12-24;12;1548
50;2025-12-24;13;1532
50;2025-12-24;14;1450
50;2025-12-24;15;1751
50;2025-12-24;16;1771
50;2025-12-24;17;2505
50;2025-12-24;18;2551
50;2025-12-24;19;1529
50;2025-12-24;20;993
50;2025-12-24;21;683
50;2025-12-24;22;258
50;2025-12-24;23;154
50;2025-12-25;0;26
50;2025-12-25;1;2
50;2025-12-25;2;0
50;2025-12-25;3;0
50;2025-12-25;4;3
50;2025-12-25;5;72
50;2025-12-25;6;565
50;2025-12-25;7;1801
50;2025-12-25;8;2986
50;2025-12-25;9;2272
50;2025-12-25;10;1821
50;2025-12-25;11;1571
50;2025-12-25;12;1548
50;2025-12-25;13;1532
50;2025-12-25;14;1450
50;2025-12-25;15;1751
50;2025-12-25;16;1771
50;2025-12-25;17;2505
50;2025-12-25;18;2551
50;2025-12-25;19;1529
50;2025-12-25;20;993
50;2025-12-25;21;683
50;2025-12-25;22;258
50;2025-12-25;23;154
50;2025-12-26;0;33
50;2025-12-26;1;0
50;2025-12-26;2;0
50;2025-12-26;3;0
50;2025-12-26;4;4
50;2025-12-26;5;68
50;2025-12-26;6;514
50;2025-12-26;7;1760
50;2025-12-26;8;2743
50;2025-12-26;9;2080
50;2025-12-26;10;1506
50;2025-12-26;11;1484
50;2025-12-26;12;1389
50;2025-12-26;13;1508
50;2025-12-26;14;1431
50;2025-12-26;15;1756
50;2025-12-26;16;2242
50;2025-12-26;17;2151
50;2025-12-26;18;1595
50;2025-12-26;19;1206
50;2025-12-26;20;899
50;2025-12-26;21;561
50;2025-12-26;22;261
50;2025-12-26;23;170
50;2025-12-27;0;61
50;2025-12-27;1;0
50;2025-12-27;2;0
50;2025-12-27;3;0
50;2025-12-27;4;0
50;2025-12-27;5;42
50;2025-12-27;6;175
50;2025-12-27;7;454
50;2025-12-27;8;595
50;2025-12-27;9;624
50;2025-12-27;10;663
50;2025-12-27;11;774
50;2025-12-27;12;720
50;2025-12-27;13;750
50;2025-12-27;14;856
50;2025-12-27;15;731
50;2025-12-27;16;733
50;2025-12-27;17;881
50;2025-12-27;18;852
50;2025-12-27;19;780
50;2025-12-27;20;678
50;2025-12-27;21;447
50;2025-12-27;22;285
50;2025-12-27;23;170
50;2025-12-28;0;34
50;2025-12-28;1;0
50;2025-12-28;2;0
50;2025-12-28;3;0
50;2025-12-28;4;1
50;2025-12-28;5;39
50;2025-12-28;6;174
50;2025-12-28;7;315
50;2025-12-28;8;496
50;2025-12-28;9;549
50;2025-12-28;10;596
50;2025-12-28;11;752
50;2025-12-28;12;763
50;2025-12-28;13;782
50;2025-12-28;14;833
50;2025-12-28;15;765
50;2025-12-28;16;759
50;2025-12-28;17;876
50;2025-12-28;18;839
50;2025-12-28;19;729
50;2025-12-28;20;717
50;2025-12-28;21;468
50;2025-12-28;22;291
50;2025-12-28;23;151
50;2025-12-29;0;6
50;2025-12-29;1;1
50;2025-12-29;2;0
50;2025-12-29;3;0
50;2025-12-29;4;3
50;2025-12-29;5;61
50;2025-12-29;6;451
50;2025-12-29;7;1473
50;2025-12-29;8;2452
50;2025-12-29;9;1990
50;2025-12-29;10;1420
50;2025-12-29;11;1255
50;2025-12-29;12;1115
50;2025-12-29;13;1294
50;2025-12-29;14;1205
50;2025-12-29;15;1390
50;2025-12-29;16;1418
50;2025-12-29;17;1986
50;2025-12-29;18;2167
50;2025-12-29;19;1074
50;2025-12-29;20;737
50;2025-12-29;21;546
50;2025-12-29;22;179
50;2025-12-29;23;95
50;2025-12-30;0;22
50;2025-12-30;1;2
50;2025-12-30;2;0
50;2025-12-30;3;0
50;2025-12-30;4;2
50;2025-12-30;5;61
50;2025-12-30;6;480
50;2025-12-30;7;1531
50;2025-12-30;8;2538
50;2025-12-30;9;1931
50;2025-12-30;10;1547
50;2025-12-30;11;1335
50;2025-12-30;12;1316
50;2025-12-30;13;1302
50;2025-12-30;14;1233
50;2025-12-30;15;1489
50;2025-12-30;16;1505
50;2025-12-30;17;2129
50;2025-12-30;18;2168
50;2025-12-30;19;1300
50;2025-12-30;20;844
50;2025-12-30;21;581
50;2025-12-30;22;220
50;2025-12-30;23;131
50;2025-12-31;0;29
50;2025-12-31;1;0
50;2025-12-31;2;0
50;2025-12-31;3;0
50;2025-12-31;4;1
50;2025-12-31;5;33
50;2025-12-31;6;148
50;2025-12-31;7;268
50;2025-12-31;8;422
50;2025-12-31;9;466
50;2025-12-31;10;507
50;2025-12-31;11;639
50;2025-12-31;12;648
50;2025-12-31;13;664
50;2025-12-31;14;708
50;2025-12-31;15;650
50;2025-12-31;16;645
50;2025-12-31;17;744
50;2025-12-31;18;713
50;2025-12-31;19;620
50;2025-12-31;20;610
50;2025-12-31;21;398
50;2025-12-31;22;247
50;2025-12-31;23;128
