route;date;hour;prediction
1;2025-11-01;0;2
1;2025-11-01;1;0
1;2025-11-01;2;0
1;2025-11-01;3;0
1;2025-11-01;4;5
1;2025-11-01;5;110
1;2025-11-01;6;408
1;2025-11-01;7;1208
1;2025-11-01;8;1457
1;2025-11-01;9;1126
1;2025-11-01;10;1036
1;2025-11-01;11;1101
1;2025-11-01;12;1085
1;2025-11-01;13;1110
1;2025-11-01;14;1106
1;2025-11-01;15;1236
1;2025-11-01;16;1278
1;2025-11-01;17;1455
1;2025-11-01;18;1186
1;2025-11-01;19;1027
1;2025-11-01;20;640
1;2025-11-01;21;395
1;2025-11-01;22;148
1;2025-11-01;23;31
1;2025-11-02;0;0
1;2025-11-02;1;0
1;2025-11-02;2;0
1;2025-11-02;3;0
1;2025-11-02;4;0
1;2025-11-02;5;22
1;2025-11-02;6;114
1;2025-11-02;7;266
1;2025-11-02;8;355
1;2025-11-02;9;604
1;2025-11-02;10;692
1;2025-11-02;11;709
1;2025-11-02;12;832
1;2025-11-02;13;820
1;2025-11-02;14;788
1;2025-11-02;15;712
1;2025-11-02;16;663
1;2025-11-02;17;597
1;2025-11-02;18;495
1;2025-11-02;19;445
1;2025-11-02;20;329
1;2025-11-02;21;269
1;2025-11-02;22;100
1;2025-11-02;23;26
1;2025-11-03;0;0
1;2025-11-03;1;0
1;2025-11-03;2;0
1;2025-11-03;3;0
1;2025-11-03;4;0
1;2025-11-03;5;22
1;2025-11-03;6;114
1;2025-11-03;7;266
1;2025-11-03;8;355
1;2025-11-03;9;604
1;2025-11-03;10;692
1;2025-11-03;11;685
1;2025-11-03;12;804
1;2025-11-03;13;820
1;2025-11-03;14;761
1;2025-11-03;15;688
1;2025-11-03;16;663
1;2025-11-03;17;597
1;2025-11-03;18;495
1;2025-11-03;19;445
1;2025-11-03;20;329
1;2025-11-03;21;269
1;2025-11-03;22;100
1;2025-11-03;23;26
1;2025-11-04;0;0
1;2025-11-04;1;0
1;2025-11-04;2;0
1;2025-11-04;3;0
1;2025-11-04;4;0
1;2025-11-04;5;22
1;2025-11-04;6;114
1;2025-11-04;7;266
1;2025-11-04;8;343
1;2025-11-04;9;583
1;2025-11-04;10;668
1;2025-11-04;11;685
1;2025-11-04;12;780
1;2025-11-04;13;795
1;2025-11-04;14;788
1;2025-11-04;15;712
1;2025-11-04;16;663
1;2025-11-04;17;597
1;2025-11-04;18;495
1;2025-11-04;19;445
1;2025-11-04;20;329
1;2025-11-04;21;269
1;2025-11-04;22;100
1;2025-11-04;23;26
1;2025-11-05;0;4
1;2025-11-05;1;0
1;2025-11-05;2;0
1;2025-11-05;3;0
1;2025-11-05;4;9
1;2025-11-05;5;116
1;2025-11-05;6;518
1;2025-11-05;7;1531
1;2025-11-05;8;2021
1;2025-11-05;9;1518
1;2025-11-05;10;1384
1;2025-11-05;11;1394
1;2025-11-05;12;1419
1;2025-11-05;13;1469
1;2025-11-05;14;1410
1;2025-11-05;15;1502
1;2025-11-05;16;1540
1;2025-11-05;17;1822
1;2025-11-05;18;1846
1;2025-11-05;19;1359
1;2025-11-05;20;903
1;2025-11-05;21;490
1;2025-11-05;22;179
1;2025-11-05;23;34
1;2025-11-06;0;4
1;2025-11-06;1;0
1;2025-11-06;2;0
1;2025-11-06;3;0
1;2025-11-06;4;9
1;2025-11-06;5;116
1;2025-11-06;6;518
1;2025-11-06;7;1531
1;2025-11-06;8;2021
1;2025-11-06;9;1518
1;2025-11-06;10;1384
1;2025-11-06;11;1347
1;2025-11-06;12;1419
1;2025-11-06;13;1469
1;2025-11-06;14;1410
1;2025-11-06;15;1451
1;2025-11-06;16;1487
1;2025-11-06;17;1822
1;2025-11-06;18;1846
1;2025-11-06;19;1359
1;2025-11-06;20;846
1;2025-11-06;21;490
1;2025-11-06;22;179
1;2025-11-06;23;33
1;2025-11-07;0;2
1;2025-11-07;1;0
1;2025-11-07;2;0
1;2025-11-07;3;0
1;2025-11-07;4;7
1;2025-11-07;5;135
1;2025-11-07;6;516
1;2025-11-07;7;1529
1;2025-11-07;8;1780
1;2025-11-07;9;1376
1;2025-11-07;10;1311
1;2025-11-07;11;1394
1;2025-11-07;12;1373
1;2025-11-07;13;1405
1;2025-11-07;14;1399
1;2025-11-07;15;1563
1;2025-11-07;16;1617
1;2025-11-07;17;1840
1;2025-11-07;18;1501
1;2025-11-07;19;1299
1;2025-11-07;20;810
1;2025-11-07;21;500
1;2025-11-07;22;187
1;2025-11-07;23;40
1;2025-11-08;0;4
1;2025-11-08;1;0
1;2025-11-08;2;0
1;2025-11-08;3;0
1;2025-11-08;4;0
1;2025-11-08;5;34
1;2025-11-08;6;168
1;2025-11-08;7;393
1;2025-11-08;8;561
1;2025-11-08;9;828
1;2025-11-08;10;1019
1;2025-11-08;11;1002
1;2025-11-08;12;1197
1;2025-11-08;13;1250
1;2025-11-08;14;1175
1;2025-11-08;15;1017
1;2025-11-08;16;868
1;2025-11-08;17;821
1;2025-11-08;18;724
1;2025-11-08;19;585
1;2025-11-08;20;472
1;2025-11-08;21;331
1;2025-11-08;22;124
1;2025-11-08;23;28
1;2025-11-09;0;0
1;2025-11-09;1;0
1;2025-11-09;2;0
1;2025-11-09;3;0
1;2025-11-09;4;0
1;2025-11-09;5;22
1;2025-11-09;6;114
1;2025-11-09;7;266
1;2025-11-09;8;355
1;2025-11-09;9;604
1;2025-11-09;10;692
1;2025-11-09;11;709
1;2025-11-09;12;832
1;2025-11-09;13;849
1;2025-11-09;14;788
1;2025-11-09;15;712
1;2025-11-09;16;663
1;2025-11-09;17;597
1;2025-11-09;18;495
1;2025-11-09;19;445
1;2025-11-09;20;329
1;2025-11-09;21;269
1;2025-11-09;22;100
1;2025-11-09;23;26
1;2025-11-10;0;0
1;2025-11-10;1;0
1;2025-11-10;2;0
1;2025-11-10;3;0
1;2025-11-10;4;10
1;2025-11-10;5;138
1;2025-11-10;6;499
1;2025-11-10;7;1503
1;2025-11-10;8;2015
1;2025-11-10;9;1508
1;2025-11-10;10;1288
1;2025-11-10;11;1249
1;2025-11-10;12;1378
1;2025-11-10;13;1477
1;2025-11-10;14;1522
1;2025-11-10;15;1610
1;2025-11-10;16;1676
1;2025-11-10;17;1917
1;2025-11-10;18;2032
1;2025-11-10;19;1473
1;2025-11-10;20;937
1;2025-11-10;21;462
1;2025-11-10;22;148
1;2025-11-10;23;44
1;2025-11-11;0;4
1;2025-11-11;1;0
1;2025-11-11;2;0
1;2025-11-11;3;0
1;2025-11-11;4;9
1;2025-11-11;5;116
1;2025-11-11;6;518
1;2025-11-11;7;1531
1;2025-11-11;8;2021
1;2025-11-11;9;1518
1;2025-11-11;10;1384
1;2025-11-11;11;1394
1;2025-11-11;12;1419
1;2025-11-11;13;1469
1;2025-11-11;14;1410
1;2025-11-11;15;1502
1;2025-11-11;16;1540
1;2025-11-11;17;1822
1;2025-11-11;18;1846
1;2025-11-11;19;1359
1;2025-11-11;20;903
1;2025-11-11;21;490
1;2025-11-11;22;179
1;2025-11-11;23;34
1;2025-11-12;0;4
1;2025-11-12;1;0
1;2025-11-12;2;0
1;2025-11-12;3;0
1;2025-11-12;4;9
1;2025-11-12;5;116
1;2025-11-12;6;518
1;2025-11-12;7;1531
1;2025-11-12;8;2021
1;2025-11-12;9;1518
1;2025-11-12;10;1336
1;2025-11-12;11;1347
1;2025-11-12;12;1371
1;2025-11-12;13;1419
1;2025-11-12;14;1362
1;2025-11-12;15;1451
1;2025-11-12;16;1540
1;2025-11-12;17;1822
1;2025-11-12;18;1783
1;2025-11-12;19;1359
1;2025-11-12;20;903
1;2025-11-12;21;490
1;2025-11-12;22;179
1;2025-11-12;23;34
1;2025-11-13;0;4
1;2025-11-13;1;0
1;2025-11-13;2;0
1;2025-11-13;3;0
1;2025-11-13;4;9
1;2025-11-13;5;116
1;2025-11-13;6;501
1;2025-11-13;7;1531
1;2025-11-13;8;2021
1;2025-11-13;9;1518
1;2025-11-13;10;1384
1;2025-11-13;11;1394
1;2025-11-13;12;1419
1;2025-11-13;13;1469
1;2025-11-13;14;1410
1;2025-11-13;15;1502
1;2025-11-13;16;1540
1;2025-11-13;17;1822
1;2025-11-13;18;1846
1;2025-11-13;19;1359
1;2025-11-13;20;903
1;2025-11-13;21;490
1;2025-11-13;22;179
1;2025-11-13;23;34
1;2025-11-14;0;2
1;2025-11-14;1;0
1;2025-11-14;2;0
1;2025-11-14;3;0
1;2025-11-14;4;7
1;2025-11-14;5;139
1;2025-11-14;6;516
1;2025-11-14;7;1529
1;2025-11-14;8;1843
1;2025-11-14;9;1425
1;2025-11-14;10;1311
1;2025-11-14;11;1394
1;2025-11-14;12;1373
1;2025-11-14;13;1405
1;2025-11-14;14;1399
1;2025-11-14;15;1563
1;2025-11-14;16;1617
1;2025-11-14;17;1840
1;2025-11-14;18;1501
1;2025-11-14;19;1299
1;2025-11-14;20;782
1;2025-11-14;21;483
1;2025-11-14;22;181
1;2025-11-14;23;38
1;2025-11-15;0;4
1;2025-11-15;1;0
1;2025-11-15;2;0
1;2025-11-15;3;0
1;2025-11-15;4;0
1;2025-11-15;5;32
1;2025-11-15;6;158
1;2025-11-15;7;368
1;2025-11-15;8;526
1;2025-11-15;9;776
1;2025-11-15;10;954
1;2025-11-15;11;939
1;2025-11-15;12;1157
1;2025-11-15;13;1207
1;2025-11-15;14;1175
1;2025-11-15;15;1017
1;2025-11-15;16;868
1;2025-11-15;17;821
1;2025-11-15;18;724
1;2025-11-15;19;585
1;2025-11-15;20;472
1;2025-11-15;21;331
1;2025-11-15;22;124
1;2025-11-15;23;28
1;2025-11-16;0;0
1;2025-11-16;1;0
1;2025-11-16;2;0
1;2025-11-16;3;0
1;2025-11-16;4;0
1;2025-11-16;5;22
1;2025-11-16;6;114
1;2025-11-16;7;266
1;2025-11-16;8;355
1;2025-11-16;9;604
1;2025-11-16;10;692
1;2025-11-16;11;709
1;2025-11-16;12;832
1;2025-11-16;13;849
1;2025-11-16;14;788
1;2025-11-16;15;712
1;2025-11-16;16;663
1;2025-11-16;17;597
1;2025-11-16;18;495
1;2025-11-16;19;445
1;2025-11-16;20;329
1;2025-11-16;21;269
1;2025-11-16;22;100
1;2025-11-16;23;26
1;2025-11-17;0;0
1;2025-11-17;1;0
1;2025-11-17;2;0
1;2025-11-17;3;0
1;2025-11-17;4;10
1;2025-11-17;5;138
1;2025-11-17;6;499
1;2025-11-17;7;1503
1;2025-11-17;8;2015
1;2025-11-17;9;1508
1;2025-11-17;10;1244
1;2025-11-17;11;1207
1;2025-11-17;12;1331
1;2025-11-17;13;1384
1;2025-11-17;14;1426
1;2025-11-17;15;1556
1;2025-11-17;16;1619
1;2025-11-17;17;1852
1;2025-11-17;18;2032
1;2025-11-17;19;1473
1;2025-11-17;20;937
1;2025-11-17;21;447
1;2025-11-17;22;148
1;2025-11-17;23;44
1;2025-11-18;0;4
1;2025-11-18;1;0
1;2025-11-18;2;0
1;2025-11-18;3;0
1;2025-11-18;4;8
1;2025-11-18;5;108
1;2025-11-18;6;501
1;2025-11-18;7;1531
1;2025-11-18;8;1953
1;2025-11-18;9;1423
1;2025-11-18;10;1296
1;2025-11-18;11;1347
1;2025-11-18;12;1371
1;2025-11-18;13;1376
1;2025-11-18;14;1321
1;2025-11-18;15;1451
1;2025-11-18;16;1540
1;2025-11-18;17;1822
1;2025-11-18;18;1783
1;2025-11-18;19;1313
1;2025-11-18;20;872
1;2025-11-18;21;490
1;2025-11-18;22;179
1;2025-11-18;23;34
1;2025-11-19;0;4
1;2025-11-19;1;0
1;2025-11-19;2;0
1;2025-11-19;3;0
1;2025-11-19;4;9
1;2025-11-19;5;116
1;2025-11-19;6;518
1;2025-11-19;7;1531
1;2025-11-19;8;2021
1;2025-11-19;9;1518
1;2025-11-19;10;1384
1;2025-11-19;11;1394
1;2025-11-19;12;1419
1;2025-11-19;13;1469
1;2025-11-19;14;1410
1;2025-11-19;15;1502
1;2025-11-19;16;1540
1;2025-11-19;17;1822
1;2025-11-19;18;1846
1;2025-11-19;19;1359
1;2025-11-19;20;903
1;2025-11-19;21;490
1;2025-11-19;22;179
1;2025-11-19;23;34
1;2025-11-20;0;4
1;2025-11-20;1;0
1;2025-11-20;2;0
1;2025-11-20;3;0
1;2025-11-20;4;9
1;2025-11-20;5;116
1;2025-11-20;6;518
1;2025-11-20;7;1531
1;2025-11-20;8;2021
1;2025-11-20;9;1518
1;2025-11-20;10;1384
1;2025-11-20;11;1394
1;2025-11-20;12;1419
1;2025-11-20;13;1469
1;2025-11-20;14;1410
1;2025-11-20;15;1502
1;2025-11-20;16;1540
1;2025-11-20;17;1822
1;2025-11-20;18;1846
1;2025-11-20;19;1359
1;2025-11-20;20;903
1;2025-11-20;21;490
1;2025-11-20;22;179
1;2025-11-20;23;34
1;2025-11-21;0;2
1;2025-11-21;1;0
1;2025-11-21;2;0
1;2025-11-21;3;0
1;2025-11-21;4;6
1;2025-11-21;5;135
1;2025-11-21;6;498
1;2025-11-21;7;1477
1;2025-11-21;8;1843
1;2025-11-21;9;1425
1;2025-11-21;10;1311
1;2025-11-21;11;1394
1;2025-11-21;12;1326
1;2025-11-21;13;1405
1;2025-11-21;14;1399
1;2025-11-21;15;1563
1;2025-11-21;16;1617
1;2025-11-21;17;1840
1;2025-11-21;18;1501
1;2025-11-21;19;1299
1;2025-11-21;20;810
1;2025-11-21;21;500
1;2025-11-21;22;187
1;2025-11-21;23;40
1;2025-11-22;0;4
1;2025-11-22;1;0
1;2025-11-22;2;0
1;2025-11-22;3;0
1;2025-11-22;4;0
1;2025-11-22;5;32
1;2025-11-22;6;163
1;2025-11-22;7;380
1;2025-11-22;8;542
1;2025-11-22;9;800
1;2025-11-22;10;1019
1;2025-11-22;11;1002
1;2025-11-22;12;1197
1;2025-11-22;13;1250
1;2025-11-22;14;1175
1;2025-11-22;15;1017
1;2025-11-22;16;868
1;2025-11-22;17;821
1;2025-11-22;18;724
1;2025-11-22;19;585
1;2025-11-22;20;472
1;2025-11-22;21;320
1;2025-11-22;22;120
1;2025-11-22;23;27
1;2025-11-23;0;0
1;2025-11-23;1;0
1;2025-11-23;2;0
1;2025-11-23;3;0
1;2025-11-23;4;0
1;2025-11-23;5;22
1;2025-11-23;6;114
1;2025-11-23;7;266
1;2025-11-23;8;355
1;2025-11-23;9;604
1;2025-11-23;10;692
1;2025-11-23;11;709
1;2025-11-23;12;832
1;2025-11-23;13;849
1;2025-11-23;14;788
1;2025-11-23;15;712
1;2025-11-23;16;663
1;2025-11-23;17;597
1;2025-11-23;18;495
1;2025-11-23;19;445
1;2025-11-23;20;329
1;2025-11-23;21;269
1;2025-11-23;22;100
1;2025-11-23;23;26
1;2025-11-24;0;0
1;2025-11-24;1;0
1;2025-11-24;2;0
1;2025-11-24;3;0
1;2025-11-24;4;9
1;2025-11-24;5;129
1;2025-11-24;6;467
1;2025-11-24;7;1452
1;2025-11-24;8;1947
1;2025-11-24;9;1457
1;2025-11-24;10;1206
1;2025-11-24;11;1171
1;2025-11-24;12;1331
1;2025-11-24;13;1427
1;2025-11-24;14;1470
1;2025-11-24;15;1556
1;2025-11-24;16;1676
1;2025-11-24;17;1917
1;2025-11-24;18;2032
1;2025-11-24;19;1473
1;2025-11-24;20;937
1;2025-11-24;21;462
1;2025-11-24;22;148
1;2025-11-24;23;44
1;2025-11-25;0;4
1;2025-11-25;1;0
1;2025-11-25;2;0
1;2025-11-25;3;0
1;2025-11-25;4;9
1;2025-11-25;5;116
1;2025-11-25;6;518
1;2025-11-25;7;1531
1;2025-11-25;8;2021
1;2025-11-25;9;1518
1;2025-11-25;10;1384
1;2025-11-25;11;1394
1;2025-11-25;12;1419
1;2025-11-25;13;1469
1;2025-11-25;14;1410
1;2025-11-25;15;1502
1;2025-11-25;16;1540
1;2025-11-25;17;1822
1;2025-11-25;18;1846
1;2025-11-25;19;1359
1;2025-11-25;20;903
1;2025-11-25;21;490
1;2025-11-25;22;179
1;2025-11-25;23;34
1;2025-11-26;0;4
1;2025-11-26;1;0
1;2025-11-26;2;0
1;2025-11-26;3;0
1;2025-11-26;4;9
1;2025-11-26;5;108
1;2025-11-26;6;486
1;2025-11-26;7;1479
1;2025-11-26;8;1953
1;2025-11-26;9;1467
1;2025-11-26;10;1336
1;2025-11-26;11;1347
1;2025-11-26;12;1371
1;2025-11-26;13;1419
1;2025-11-26;14;1362
1;2025-11-26;15;1451
1;2025-11-26;16;1487
1;2025-11-26;17;1760
1;2025-11-26;18;1783
1;2025-11-26;19;1313
1;2025-11-26;20;872
1;2025-11-26;21;474
1;2025-11-26;22;173
1;2025-11-26;23;33
1;2025-11-27;0;4
1;2025-11-27;1;0
1;2025-11-27;2;0
1;2025-11-27;3;0
1;2025-11-27;4;9
1;2025-11-27;5;116
1;2025-11-27;6;518
1;2025-11-27;7;1531
1;2025-11-27;8;2021
1;2025-11-27;9;1518
1;2025-11-27;10;1384
1;2025-11-27;11;1347
1;2025-11-27;12;1371
1;2025-11-27;13;1419
1;2025-11-27;14;1362
1;2025-11-27;15;1502
1;2025-11-27;16;1540
1;2025-11-27;17;1760
1;2025-11-27;18;1730
1;2025-11-27;19;1313
1;2025-11-27;20;872
1;2025-11-27;21;474
1;2025-11-27;22;167
1;2025-11-27;23;32
1;2025-11-28;0;2
1;2025-11-28;1;0
1;2025-11-28;2;0
1;2025-11-28;3;0
1;2025-11-28;4;6
1;2025-11-28;5;135
1;2025-11-28;6;516
1;2025-11-28;7;1529
1;2025-11-28;8;1843
1;2025-11-28;9;1425
1;2025-11-28;10;1311
1;2025-11-28;11;1394
1;2025-11-28;12;1373
1;2025-11-28;13;1405
1;2025-11-28;14;1399
1;2025-11-28;15;1563
1;2025-11-28;16;1617
1;2025-11-28;17;1840
1;2025-11-28;18;1501
1;2025-11-28;19;1299
1;2025-11-28;20;810
1;2025-11-28;21;500
1;2025-11-28;22;187
1;2025-11-28;23;40
1;2025-11-29;0;4
1;2025-11-29;1;0
1;2025-11-29;2;0
1;2025-11-29;3;0
1;2025-11-29;4;0
1;2025-11-29;5;34
1;2025-11-29;6;168
1;2025-11-29;7;393
1;2025-11-29;8;561
1;2025-11-29;9;828
1;2025-11-29;10;1019
1;2025-11-29;11;1002
1;2025-11-29;12;1197
1;2025-11-29;13;1250
1;2025-11-29;14;1175
1;2025-11-29;15;1017
1;2025-11-29;16;868
1;2025-11-29;17;821
1;2025-11-29;18;724
1;2025-11-29;19;585
1;2025-11-29;20;472
1;2025-11-29;21;331
1;2025-11-29;22;124
1;2025-11-29;23;28
1;2025-11-30;0;0
1;2025-11-30;1;0
1;2025-11-30;2;0
1;2025-11-30;3;0
1;2025-11-30;4;0
1;2025-11-30;5;22
1;2025-11-30;6;114
1;2025-11-30;7;266
1;2025-11-30;8;355
1;2025-11-30;9;604
1;2025-11-30;10;692
1;2025-11-30;11;709
1;2025-11-30;12;832
1;2025-11-30;13;849
1;2025-11-30;14;788
1;2025-11-30;15;712
1;2025-11-30;16;663
1;2025-11-30;17;597
1;2025-11-30;18;495
1;2025-11-30;19;445
1;2025-11-30;20;329
1;2025-11-30;21;269
1;2025-11-30;22;100
1;2025-11-30;23;26
1;2025-12-01;0;0
1;2025-12-01;1;0
1;2025-12-01;2;0
1;2025-12-01;3;0
1;2025-12-01;4;10
1;2025-12-01;5;138
1;2025-12-01;6;499
1;2025-12-01;7;1504
1;2025-12-01;8;2017
1;2025-12-01;9;1509
1;2025-12-01;10;1288
1;2025-12-01;11;1250
1;2025-12-01;12;1379
1;2025-12-01;13;1478
1;2025-12-01;14;1523
1;2025-12-01;15;1611
1;2025-12-01;16;1678
1;2025-12-01;17;1918
1;2025-12-01;18;2033
1;2025-12-01;19;1474
1;2025-12-01;20;938
1;2025-12-01;21;463
1;2025-12-01;22;149
1;2025-12-01;23;44
1;2025-12-02;0;4
1;2025-12-02;1;0
1;2025-12-02;2;0
1;2025-12-02;3;0
1;2025-12-02;4;9
1;2025-12-02;5;116
1;2025-12-02;6;519
1;2025-12-02;7;1532
1;2025-12-02;8;2022
1;2025-12-02;9;1519
1;2025-12-02;10;1384
1;2025-12-02;11;1395
1;2025-12-02;12;1420
1;2025-12-02;13;1469
1;2025-12-02;14;1411
1;2025-12-02;15;1503
1;2025-12-02;16;1541
1;2025-12-02;17;1823
1;2025-12-02;18;1847
1;2025-12-02;19;1360
1;2025-12-02;20;904
1;2025-12-02;21;491
1;2025-12-02;22;179
1;2025-12-02;23;34
1;2025-12-03;0;4
1;2025-12-03;1;0
1;2025-12-03;2;0
1;2025-12-03;3;0
1;2025-12-03;4;9
1;2025-12-03;5;116
1;2025-12-03;6;519
1;2025-12-03;7;1532
1;2025-12-03;8;2022
1;2025-12-03;9;1519
1;2025-12-03;10;1384
1;2025-12-03;11;1395
1;2025-12-03;12;1420
1;2025-12-03;13;1469
1;2025-12-03;14;1411
1;2025-12-03;15;1503
1;2025-12-03;16;1541
1;2025-12-03;17;1823
1;2025-12-03;18;1847
1;2025-12-03;19;1360
1;2025-12-03;20;904
1;2025-12-03;21;491
1;2025-12-03;22;179
1;2025-12-03;23;34
1;2025-12-04;0;4
1;2025-12-04;1;0
1;2025-12-04;2;0
1;2025-12-04;3;0
1;2025-12-04;4;9
1;2025-12-04;5;116
1;2025-12-04;6;519
1;2025-12-04;7;1532
1;2025-12-04;8;2022
1;2025-12-04;9;1519
1;2025-12-04;10;1384
1;2025-12-04;11;1395
1;2025-12-04;12;1420
1;2025-12-04;13;1469
1;2025-12-04;14;1411
1;2025-12-04;15;1503
1;2025-12-04;16;1541
1;2025-12-04;17;1823
1;2025-12-04;18;1847
1;2025-12-04;19;1360
1;2025-12-04;20;904
1;2025-12-04;21;491
1;2025-12-04;22;179
1;2025-12-04;23;34
1;2025-12-05;0;2
1;2025-12-05;1;0
1;2025-12-05;2;0
1;2025-12-05;3;0
1;2025-12-05;4;7
1;2025-12-05;5;139
1;2025-12-05;6;516
1;2025-12-05;7;1530
1;2025-12-05;8;1844
1;2025-12-05;9;1426
1;2025-12-05;10;1312
1;2025-12-05;11;1394
1;2025-12-05;12;1374
1;2025-12-05;13;1405
1;2025-12-05;14;1400
1;2025-12-05;15;1564
1;2025-12-05;16;1618
1;2025-12-05;17;1842
1;2025-12-05;18;1502
1;2025-12-05;19;1300
1;2025-12-05;20;810
1;2025-12-05;21;500
1;2025-12-05;22;187
1;2025-12-05;23;40
1;2025-12-06;0;4
1;2025-12-06;1;0
1;2025-12-06;2;0
1;2025-12-06;3;0
1;2025-12-06;4;0
1;2025-12-06;5;34
1;2025-12-06;6;169
1;2025-12-06;7;393
1;2025-12-06;8;561
1;2025-12-06;9;829
1;2025-12-06;10;1019
1;2025-12-06;11;1002
1;2025-12-06;12;1198
1;2025-12-06;13;1251
1;2025-12-06;14;1176
1;2025-12-06;15;1017
1;2025-12-06;16;869
1;2025-12-06;17;821
1;2025-12-06;18;724
1;2025-12-06;19;585
1;2025-12-06;20;472
1;2025-12-06;21;331
1;2025-12-06;22;124
1;2025-12-06;23;28
1;2025-12-07;0;0
1;2025-12-07;1;0
1;2025-12-07;2;0
1;2025-12-07;3;0
1;2025-12-07;4;0
1;2025-12-07;5;22
1;2025-12-07;6;114
1;2025-12-07;7;266
1;2025-12-07;8;355
1;2025-12-07;9;604
1;2025-12-07;10;692
1;2025-12-07;11;709
1;2025-12-07;12;832
1;2025-12-07;13;850
1;2025-12-07;14;788
1;2025-12-07;15;712
1;2025-12-07;16;663
1;2025-12-07;17;597
1;2025-12-07;18;495
1;2025-12-07;19;445
1;2025-12-07;20;329
1;2025-12-07;21;269
1;2025-12-07;22;100
1;2025-12-07;23;26
1;2025-12-08;0;0
1;2025-12-08;1;0
1;2025-12-08;2;0
1;2025-12-08;3;0
1;2025-12-08;4;10
1;2025-12-08;5;138
1;2025-12-08;6;499
1;2025-12-08;7;1504
1;2025-12-08;8;2017
1;2025-12-08;9;1509
1;2025-12-08;10;1288
1;2025-12-08;11;1250
1;2025-12-08;12;1379
1;2025-12-08;13;1478
1;2025-12-08;14;1523
1;2025-12-08;15;1611
1;2025-12-08;16;1678
1;2025-12-08;17;1918
1;2025-12-08;18;2033
1;2025-12-08;19;1474
1;2025-12-08;20;938
1;2025-12-08;21;463
1;2025-12-08;22;149
1;2025-12-08;23;44
1;2025-12-09;0;4
1;2025-12-09;1;0
1;2025-12-09;2;0
1;2025-12-09;3;0
1;2025-12-09;4;9
1;2025-12-09;5;116
1;2025-12-09;6;519
1;2025-12-09;7;1532
1;2025-12-09;8;2022
1;2025-12-09;9;1519
1;2025-12-09;10;1384
1;2025-12-09;11;1395
1;2025-12-09;12;1420
1;2025-12-09;13;1469
1;2025-12-09;14;1411
1;2025-12-09;15;1503
1;2025-12-09;16;1541
1;2025-12-09;17;1823
1;2025-12-09;18;1847
1;2025-12-09;19;1360
1;2025-12-09;20;904
1;2025-12-09;21;491
1;2025-12-09;22;173
1;2025-12-09;23;33
1;2025-12-10;0;4
1;2025-12-10;1;0
1;2025-12-10;2;0
1;2025-12-10;3;0
1;2025-12-10;4;9
1;2025-12-10;5;112
1;2025-12-10;6;501
1;2025-12-10;7;1480
1;2025-12-10;8;1954
1;2025-12-10;9;1468
1;2025-12-10;10;1337
1;2025-12-10;11;1347
1;2025-12-10;12;1420
1;2025-12-10;13;1469
1;2025-12-10;14;1411
1;2025-12-10;15;1503
1;2025-12-10;16;1541
1;2025-12-10;17;1823
1;2025-12-10;18;1847
1;2025-12-10;19;1360
1;2025-12-10;20;904
1;2025-12-10;21;491
1;2025-12-10;22;179
1;2025-12-10;23;34
1;2025-12-11;0;4
1;2025-12-11;1;0
1;2025-12-11;2;0
1;2025-12-11;3;0
1;2025-12-11;4;9
1;2025-12-11;5;116
1;2025-12-11;6;519
1;2025-12-11;7;1532
1;2025-12-11;8;1895
1;2025-12-11;9;1468
1;2025-12-11;10;1337
1;2025-12-11;11;1347
1;2025-12-11;12;1372
1;2025-12-11;13;1420
1;2025-12-11;14;1411
1;2025-12-11;15;1452
1;2025-12-11;16;1488
1;2025-12-11;17;1761
1;2025-12-11;18;1784
1;2025-12-11;19;1313
1;2025-12-11;20;873
1;2025-12-11;21;474
1;2025-12-11;22;173
1;2025-12-11;23;34
1;2025-12-12;0;2
1;2025-12-12;1;0
1;2025-12-12;2;0
1;2025-12-12;3;0
1;2025-12-12;4;7
1;2025-12-12;5;139
1;2025-12-12;6;498
1;2025-12-12;7;1530
1;2025-12-12;8;1781
1;2025-12-12;9;1426
1;2025-12-12;10;1267
1;2025-12-12;11;1394
1;2025-12-12;12;1327
1;2025-12-12;13;1317
1;2025-12-12;14;1312
1;2025-12-12;15;1466
1;2025-12-12;16;1563
1;2025-12-12;17;1779
1;2025-12-12;18;1502
1;2025-12-12;19;1300
1;2025-12-12;20;810
1;2025-12-12;21;500
1;2025-12-12;22;181
1;2025-12-12;23;38
1;2025-12-13;0;4
1;2025-12-13;1;0
1;2025-12-13;2;0
1;2025-12-13;3;0
1;2025-12-13;4;0
1;2025-12-13;5;33
1;2025-12-13;6;169
1;2025-12-13;7;380
1;2025-12-13;8;561
1;2025-12-13;9;829
1;2025-12-13;10;1019
1;2025-12-13;11;1002
1;2025-12-13;12;1198
1;2025-12-13;13;1251
1;2025-12-13;14;1176
1;2025-12-13;15;1017
1;2025-12-13;16;869
1;2025-12-13;17;821
1;2025-12-13;18;724
1;2025-12-13;19;585
1;2025-12-13;20;456
1;2025-12-13;21;320
1;2025-12-13;22;124
1;2025-12-13;23;27
1;2025-12-14;0;0
1;2025-12-14;1;0
1;2025-12-14;2;0
1;2025-12-14;3;0
1;2025-12-14;4;0
1;2025-12-14;5;22
1;2025-12-14;6;114
1;2025-12-14;7;266
1;2025-12-14;8;343
1;2025-12-14;9;604
1;2025-12-14;10;692
1;2025-12-14;11;709
1;2025-12-14;12;832
1;2025-12-14;13;850
1;2025-12-14;14;788
1;2025-12-14;15;712
1;2025-12-14;16;663
1;2025-12-14;17;597
1;2025-12-14;18;495
1;2025-12-14;19;445
1;2025-12-14;20;329
1;2025-12-14;21;269
1;2025-12-14;22;100
1;2025-12-14;23;26
1;2025-12-15;0;0
1;2025-12-15;1;0
1;2025-12-15;2;0
1;2025-12-15;3;0
1;2025-12-15;4;10
1;2025-12-15;5;138
1;2025-12-15;6;499
1;2025-12-15;7;1504
1;2025-12-15;8;2017
1;2025-12-15;9;1509
1;2025-12-15;10;1288
1;2025-12-15;11;1208
1;2025-12-15;12;1379
1;2025-12-15;13;1478
1;2025-12-15;14;1523
1;2025-12-15;15;1611
1;2025-12-15;16;1678
1;2025-12-15;17;1918
1;2025-12-15;18;2033
1;2025-12-15;19;1474
1;2025-12-15;20;938
1;2025-12-15;21;463
1;2025-12-15;22;149
1;2025-12-15;23;44
1;2025-12-16;0;4
1;2025-12-16;1;0
1;2025-12-16;2;0
1;2025-12-16;3;0
1;2025-12-16;4;9
1;2025-12-16;5;116
1;2025-12-16;6;519
1;2025-12-16;7;1532
1;2025-12-16;8;2022
1;2025-12-16;9;1519
1;2025-12-16;10;1337
1;2025-12-16;11;1347
1;2025-12-16;12;1372
1;2025-12-16;13;1377
1;2025-12-16;14;1363
1;2025-12-16;15;1503
1;2025-12-16;16;1541
1;2025-12-16;17;1823
1;2025-12-16;18;1847
1;2025-12-16;19;1360
1;2025-12-16;20;904
1;2025-12-16;21;491
1;2025-12-16;22;179
1;2025-12-16;23;34
1;2025-12-17;0;4
1;2025-12-17;1;0
1;2025-12-17;2;0
1;2025-12-17;3;0
1;2025-12-17;4;9
1;2025-12-17;5;116
1;2025-12-17;6;519
1;2025-12-17;7;1532
1;2025-12-17;8;2022
1;2025-12-17;9;1519
1;2025-12-17;10;1384
1;2025-12-17;11;1395
1;2025-12-17;12;1420
1;2025-12-17;13;1469
1;2025-12-17;14;1411
1;2025-12-17;15;1503
1;2025-12-17;16;1541
1;2025-12-17;17;1823
1;2025-12-17;18;1847
1;2025-12-17;19;1360
1;2025-12-17;20;904
1;2025-12-17;21;491
1;2025-12-17;22;179
1;2025-12-17;23;34
1;2025-12-18;0;4
1;2025-12-18;1;0
1;2025-12-18;2;0
1;2025-12-18;3;0
1;2025-12-18;4;9
1;2025-12-18;5;116
1;2025-12-18;6;519
1;2025-12-18;7;1532
1;2025-12-18;8;2022
1;2025-12-18;9;1519
1;2025-12-18;10;1384
1;2025-12-18;11;1395
1;2025-12-18;12;1420
1;2025-12-18;13;1469
1;2025-12-18;14;1411
1;2025-12-18;15;1503
1;2025-12-18;16;1541
1;2025-12-18;17;1823
1;2025-12-18;18;1847
1;2025-12-18;19;1360
1;2025-12-18;20;904
1;2025-12-18;21;491
1;2025-12-18;22;179
1;2025-12-18;23;34
1;2025-12-19;0;2
1;2025-12-19;1;0
1;2025-12-19;2;0
1;2025-12-19;3;0
1;2025-12-19;4;7
1;2025-12-19;5;139
1;2025-12-19;6;516
1;2025-12-19;7;1530
1;2025-12-19;8;1844
1;2025-12-19;9;1426
1;2025-12-19;10;1312
1;2025-12-19;11;1394
1;2025-12-19;12;1374
1;2025-12-19;13;1405
1;2025-12-19;14;1400
1;2025-12-19;15;1564
1;2025-12-19;16;1618
1;2025-12-19;17;1779
1;2025-12-19;18;1451
1;2025-12-19;19;1300
1;2025-12-19;20;810
1;2025-12-19;21;500
1;2025-12-19;22;187
1;2025-12-19;23;40
1;2025-12-20;0;4
1;2025-12-20;1;0
1;2025-12-20;2;0
1;2025-12-20;3;0
1;2025-12-20;4;0
1;2025-12-20;5;34
1;2025-12-20;6;169
1;2025-12-20;7;393
1;2025-12-20;8;561
1;2025-12-20;9;829
1;2025-12-20;10;1019
1;2025-12-20;11;1002
1;2025-12-20;12;1198
1;2025-12-20;13;1251
1;2025-12-20;14;1176
1;2025-12-20;15;1017
1;2025-12-20;16;869
1;2025-12-20;17;821
1;2025-12-20;18;724
1;2025-12-20;19;585
1;2025-12-20;20;472
1;2025-12-20;21;331
1;2025-12-20;22;124
1;2025-12-20;23;28
1;2025-12-21;0;0
1;2025-12-21;1;0
1;2025-12-21;2;0
1;2025-12-21;3;0
1;2025-12-21;4;0
1;2025-12-21;5;22
1;2025-12-21;6;110
1;2025-12-21;7;257
1;2025-12-21;8;355
1;2025-12-21;9;604
1;2025-12-21;10;692
1;2025-12-21;11;709
1;2025-12-21;12;832
1;2025-12-21;13;850
1;2025-12-21;14;788
1;2025-12-21;15;712
1;2025-12-21;16;663
1;2025-12-21;17;597
1;2025-12-21;18;495
1;2025-12-21;19;445
1;2025-12-21;20;329
1;2025-12-21;21;269
1;2025-12-21;22;97
1;2025-12-21;23;26
1;2025-12-22;0;0
1;2025-12-22;1;0
1;2025-12-22;2;0
1;2025-12-22;3;0
1;2025-12-22;4;10
1;2025-12-22;5;138
1;2025-12-22;6;499
1;2025-12-22;7;1504
1;2025-12-22;8;2017
1;2025-12-22;9;1458
1;2025-12-22;10;1245
1;2025-12-22;11;1208
1;2025-12-22;12;1332
1;2025-12-22;13;1478
1;2025-12-22;14;1523
1;2025-12-22;15;1556
1;2025-12-22;16;1678
1;2025-12-22;17;1918
1;2025-12-22;18;1964
1;2025-12-22;19;1474
1;2025-12-22;20;938
1;2025-12-22;21;463
1;2025-12-22;22;143
1;2025-12-22;23;43
1;2025-12-23;0;4
1;2025-12-23;1;0
1;2025-12-23;2;0
1;2025-12-23;3;0
1;2025-12-23;4;9
1;2025-12-23;5;116
1;2025-12-23;6;519
1;2025-12-23;7;1532
1;2025-12-23;8;2022
1;2025-12-23;9;1519
1;2025-12-23;10;1384
1;2025-12-23;11;1395
1;2025-12-23;12;1420
1;2025-12-23;13;1469
1;2025-12-23;14;1411
1;2025-12-23;15;1503
1;2025-12-23;16;1541
1;2025-12-23;17;1823
1;2025-12-23;18;1847
1;2025-12-23;19;1360
1;2025-12-23;20;904
1;2025-12-23;21;491
1;2025-12-23;22;179
1;2025-12-23;23;34
1;2025-12-24;0;4
1;2025-12-24;1;0
1;2025-12-24;2;0
1;2025-12-24;3;0
1;2025-12-24;4;9
1;2025-12-24;5;116
1;2025-12-24;6;519
1;2025-12-24;7;1532
1;2025-12-24;8;2022
1;2025-12-24;9;1519
1;2025-12-24;10;1384
1;2025-12-24;11;1395
1;2025-12-24;12;1372
1;2025-12-24;13;1420
1;2025-12-24;14;1411
1;2025-12-24;15;1452
1;2025-12-24;16;1541
1;2025-12-24;17;1823
1;2025-12-24;18;1784
1;2025-12-24;19;1360
1;2025-12-24;20;904
1;2025-12-24;21;474
1;2025-12-24;22;173
1;2025-12-24;23;33
1;2025-12-25;0;4
1;2025-12-25;1;0
1;2025-12-25;2;0
1;2025-12-25;3;0
1;2025-12-25;4;9
1;2025-12-25;5;116
1;2025-12-25;6;501
1;2025-12-25;7;1532
1;2025-12-25;8;2022
1;2025-12-25;9;1519
1;2025-12-25;10;1384
1;2025-12-25;11;1395
1;2025-12-25;12;1420
1;2025-12-25;13;1469
1;2025-12-25;14;1411
1;2025-12-25;15;1503
1;2025-12-25;16;1541
1;2025-12-25;17;1761
1;2025-12-25;18;1784
1;2025-12-25;19;1313
1;2025-12-25;20;873
1;2025-12-25;21;474
1;2025-12-25;22;167
1;2025-12-25;23;32
1;2025-12-26;0;2
1;2025-12-26;1;0
1;2025-12-26;2;0
1;2025-12-26;3;0
1;2025-12-26;4;6
1;2025-12-26;5;135
1;2025-12-26;6;483
1;2025-12-26;7;1478
1;2025-12-26;8;1781
1;2025-12-26;9;1377
1;2025-12-26;10;1267
1;2025-12-26;11;1307
1;2025-12-26;12;1327
1;2025-12-26;13;1358
1;2025-12-26;14;1353
1;2025-12-26;15;1511
1;2025-12-26;16;1563
1;2025-12-26;17;1779
1;2025-12-26;18;1451
1;2025-12-26;19;1256
1;2025-12-26;20;783
1;2025-12-26;21;483
1;2025-12-26;22;181
1;2025-12-26;23;40
1;2025-12-27;0;4
1;2025-12-27;1;0
1;2025-12-27;2;0
1;2025-12-27;3;0
1;2025-12-27;4;0
1;2025-12-27;5;34
1;2025-12-27;6;169
1;2025-12-27;7;393
1;2025-12-27;8;561
1;2025-12-27;9;801
1;2025-12-27;10;1019
1;2025-12-27;11;1002
1;2025-12-27;12;1198
1;2025-12-27;13;1251
1;2025-12-27;14;1176
1;2025-12-27;15;1017
1;2025-12-27;16;869
1;2025-12-27;17;821
1;2025-12-27;18;724
1;2025-12-27;19;585
1;2025-12-27;20;472
1;2025-12-27;21;320
1;2025-12-27;22;120
1;2025-12-27;23;27
1;2025-12-28;0;0
1;2025-12-28;1;0
1;2025-12-28;2;0
1;2025-12-28;3;0
1;2025-12-28;4;0
1;2025-12-28;5;21
1;2025-12-28;6;110
1;2025-12-28;7;257
1;2025-12-28;8;343
1;2025-12-28;9;583
1;2025-12-28;10;669
1;2025-12-28;11;685
1;2025-12-28;12;804
1;2025-12-28;13;821
1;2025-12-28;14;761
1;2025-12-28;15;688
1;2025-12-28;16;663
1;2025-12-28;17;597
1;2025-12-28;18;495
1;2025-12-28;19;445
1;2025-12-28;20;318
1;2025-12-28;21;260
1;2025-12-28;22;97
1;2025-12-28;23;26
1;2025-12-29;0;0
1;2025-12-29;1;0
1;2025-12-29;2;0
1;2025-12-29;3;0
1;2025-12-29;4;8
1;2025-12-29;5;113
1;2025-12-29;6;424
1;2025-12-29;7;1278
1;2025-12-29;8;1656
1;2025-12-29;9;1239
1;2025-12-29;10;1058
1;2025-12-29;11;1027
1;2025-12-29;12;1132
1;2025-12-29;13;1213
1;2025-12-29;14;1250
1;2025-12-29;15;1323
1;2025-12-29;16;1377
1;2025-12-29;17;1575
1;2025-12-29;18;1669
1;2025-12-29;19;1210
1;2025-12-29;20;770
1;2025-12-29;21;380
1;2025-12-29;22;122
1;2025-12-29;23;36
1;2025-12-30;0;4
1;2025-12-30;1;0
1;2025-12-30;2;0
1;2025-12-30;3;0
1;2025-12-30;4;8
1;2025-12-30;5;95
1;2025-12-30;6;426
1;2025-12-30;7;1258
1;2025-12-30;8;1661
1;2025-12-30;9;1247
1;2025-12-30;10;1137
1;2025-12-30;11;1145
1;2025-12-30;12;1166
1;2025-12-30;13;1207
1;2025-12-30;14;1159
1;2025-12-30;15;1234
1;2025-12-30;16;1265
1;2025-12-30;17;1497
1;2025-12-30;18;1517
1;2025-12-30;19;1116
1;2025-12-30;20;742
1;2025-12-30;21;403
1;2025-12-30;22;147
1;2025-12-30;23;28
1;2025-12-31;0;0
1;2025-12-31;1;0
1;2025-12-31;2;0
1;2025-12-31;3;0
1;2025-12-31;4;0
1;2025-12-31;5;18
1;2025-12-31;6;94
1;2025-12-31;7;219
1;2025-12-31;8;292
1;2025-12-31;9;496
1;2025-12-31;10;568
1;2025-12-31;11;582
1;2025-12-31;12;708
1;2025-12-31;13;698
1;2025-12-31;14;647
1;2025-12-31;15;585
1;2025-12-31;16;564
1;2025-12-31;17;508
1;2025-12-31;18;406
1;2025-12-31;19;366
1;2025-12-31;20;280
1;2025-12-31;21;229
1;2025-12-31;22;82
1;2025-12-31;23;21
5;2025-11-01;0;0
5;2025-11-01;1;0
5;2025-11-01;2;0
5;2025-11-01;3;0
5;2025-11-01;4;0
5;2025-11-01;5;0
5;2025-11-01;6;0
5;2025-11-01;7;0
5;2025-11-01;8;0
5;2025-11-01;9;0
5;2025-11-01;10;0
5;2025-11-01;11;0
5;2025-11-01;12;0
5;2025-11-01;13;0
5;2025-11-01;14;0
5;2025-11-01;15;0
5;2025-11-01;16;0
5;2025-11-01;17;0
5;2025-11-01;18;0
5;2025-11-01;19;0
5;2025-11-01;20;0
5;2025-11-01;21;0
5;2025-11-01;22;0
5;2025-11-01;23;0
5;2025-11-02;0;0
5;2025-11-02;1;0
5;2025-11-02;2;0
5;2025-11-02;3;0
5;2025-11-02;4;0
5;2025-11-02;5;0
5;2025-11-02;6;0
5;2025-11-02;7;0
5;2025-11-02;8;0
5;2025-11-02;9;0
5;2025-11-02;10;0
5;2025-11-02;11;0
5;2025-11-02;12;0
5;2025-11-02;13;0
5;2025-11-02;14;0
5;2025-11-02;15;0
5;2025-11-02;16;0
5;2025-11-02;17;0
5;2025-11-02;18;0
5;2025-11-02;19;0
5;2025-11-02;20;0
5;2025-11-02;21;0
5;2025-11-02;22;0
5;2025-11-02;23;0
5;2025-11-03;0;0
5;2025-11-03;1;0
5;2025-11-03;2;0
5;2025-11-03;3;0
5;2025-11-03;4;0
5;2025-11-03;5;0
5;2025-11-03;6;0
5;2025-11-03;7;0
5;2025-11-03;8;0
5;2025-11-03;9;0
5;2025-11-03;10;0
5;2025-11-03;11;0
5;2025-11-03;12;0
5;2025-11-03;13;0
5;2025-11-03;14;0
5;2025-11-03;15;0
5;2025-11-03;16;0
5;2025-11-03;17;0
5;2025-11-03;18;0
5;2025-11-03;19;0
5;2025-11-03;20;0
5;2025-11-03;21;0
5;2025-11-03;22;0
5;2025-11-03;23;0
5;2025-11-04;0;0
5;2025-11-04;1;0
5;2025-11-04;2;0
5;2025-11-04;3;0
5;2025-11-04;4;0
5;2025-11-04;5;0
5;2025-11-04;6;0
5;2025-11-04;7;0
5;2025-11-04;8;0
5;2025-11-04;9;0
5;2025-11-04;10;0
5;2025-11-04;11;0
5;2025-11-04;12;0
5;2025-11-04;13;0
5;2025-11-04;14;0
5;2025-11-04;15;0
5;2025-11-04;16;0
5;2025-11-04;17;0
5;2025-11-04;18;0
5;2025-11-04;19;0
5;2025-11-04;20;0
5;2025-11-04;21;0
5;2025-11-04;22;0
5;2025-11-04;23;0
5;2025-11-05;0;0
5;2025-11-05;1;0
5;2025-11-05;2;0
5;2025-11-05;3;0
5;2025-11-05;4;0
5;2025-11-05;5;0
5;2025-11-05;6;0
5;2025-11-05;7;0
5;2025-11-05;8;0
5;2025-11-05;9;0
5;2025-11-05;10;0
5;2025-11-05;11;0
5;2025-11-05;12;0
5;2025-11-05;13;0
5;2025-11-05;14;0
5;2025-11-05;15;0
5;2025-11-05;16;0
5;2025-11-05;17;0
5;2025-11-05;18;0
5;2025-11-05;19;0
5;2025-11-05;20;0
5;2025-11-05;21;0
5;2025-11-05;22;0
5;2025-11-05;23;0
5;2025-11-06;0;0
5;2025-11-06;1;0
5;2025-11-06;2;0
5;2025-11-06;3;0
5;2025-11-06;4;0
5;2025-11-06;5;0
5;2025-11-06;6;0
5;2025-11-06;7;0
5;2025-11-06;8;0
5;2025-11-06;9;0
5;2025-11-06;10;0
5;2025-11-06;11;0
5;2025-11-06;12;0
5;2025-11-06;13;0
5;2025-11-06;14;0
5;2025-11-06;15;0
5;2025-11-06;16;0
5;2025-11-06;17;0
5;2025-11-06;18;0
5;2025-11-06;19;0
5;2025-11-06;20;0
5;2025-11-06;21;0
5;2025-11-06;22;0
5;2025-11-06;23;0
5;2025-11-07;0;0
5;2025-11-07;1;0
5;2025-11-07;2;0
5;2025-11-07;3;0
5;2025-11-07;4;0
5;2025-11-07;5;0
5;2025-11-07;6;0
5;2025-11-07;7;0
5;2025-11-07;8;0
5;2025-11-07;9;0
5;2025-11-07;10;0
5;2025-11-07;11;0
5;2025-11-07;12;0
5;2025-11-07;13;0
5;2025-11-07;14;0
5;2025-11-07;15;0
5;2025-11-07;16;0
5;2025-11-07;17;0
5;2025-11-07;18;0
5;2025-11-07;19;0
5;2025-11-07;20;0
5;2025-11-07;21;0
5;2025-11-07;22;0
5;2025-11-07;23;0
5;2025-11-08;0;0
5;2025-11-08;1;0
5;2025-11-08;2;0
5;2025-11-08;3;0
5;2025-11-08;4;0
5;2025-11-08;5;0
5;2025-11-08;6;0
5;2025-11-08;7;0
5;2025-11-08;8;0
5;2025-11-08;9;0
5;2025-11-08;10;0
5;2025-11-08;11;0
5;2025-11-08;12;0
5;2025-11-08;13;0
5;2025-11-08;14;0
5;2025-11-08;15;0
5;2025-11-08;16;0
5;2025-11-08;17;0
5;2025-11-08;18;0
5;2025-11-08;19;0
5;2025-11-08;20;0
5;2025-11-08;21;0
5;2025-11-08;22;0
5;2025-11-08;23;0
5;2025-11-09;0;0
5;2025-11-09;1;0
5;2025-11-09;2;0
5;2025-11-09;3;0
5;2025-11-09;4;0
5;2025-11-09;5;0
5;2025-11-09;6;0
5;2025-11-09;7;0
5;2025-11-09;8;0
5;2025-11-09;9;0
5;2025-11-09;10;0
5;2025-11-09;11;0
5;2025-11-09;12;0
5;2025-11-09;13;0
5;2025-11-09;14;0
5;2025-11-09;15;0
5;2025-11-09;16;0
5;2025-11-09;17;0
5;2025-11-09;18;0
5;2025-11-09;19;0
5;2025-11-09;20;0
5;2025-11-09;21;0
5;2025-11-09;22;0
5;2025-11-09;23;0
5;2025-11-10;0;0
5;2025-11-10;1;0
5;2025-11-10;2;0
5;2025-11-10;3;0
5;2025-11-10;4;0
5;2025-11-10;5;0
5;2025-11-10;6;0
5;2025-11-10;7;0
5;2025-11-10;8;0
5;2025-11-10;9;0
5;2025-11-10;10;0
5;2025-11-10;11;0
5;2025-11-10;12;0
5;2025-11-10;13;0
5;2025-11-10;14;0
5;2025-11-10;15;0
5;2025-11-10;16;0
5;2025-11-10;17;0
5;2025-11-10;18;0
5;2025-11-10;19;0
5;2025-11-10;20;0
5;2025-11-10;21;0
5;2025-11-10;22;0
5;2025-11-10;23;0
5;2025-11-11;0;0
5;2025-11-11;1;0
5;2025-11-11;2;0
5;2025-11-11;3;0
5;2025-11-11;4;0
5;2025-11-11;5;0
5;2025-11-11;6;0
5;2025-11-11;7;0
5;2025-11-11;8;0
5;2025-11-11;9;0
5;2025-11-11;10;0
5;2025-11-11;11;0
5;2025-11-11;12;0
5;2025-11-11;13;0
5;2025-11-11;14;0
5;2025-11-11;15;0
5;2025-11-11;16;0
5;2025-11-11;17;0
5;2025-11-11;18;0
5;2025-11-11;19;0
5;2025-11-11;20;0
5;2025-11-11;21;0
5;2025-11-11;22;0
5;2025-11-11;23;0
5;2025-11-12;0;0
5;2025-11-12;1;0
5;2025-11-12;2;0
5;2025-11-12;3;0
5;2025-11-12;4;0
5;2025-11-12;5;0
5;2025-11-12;6;0
5;2025-11-12;7;0
5;2025-11-12;8;0
5;2025-11-12;9;0
5;2025-11-12;10;0
5;2025-11-12;11;0
5;2025-11-12;12;0
5;2025-11-12;13;0
5;2025-11-12;14;0
5;2025-11-12;15;0
5;2025-11-12;16;0
5;2025-11-12;17;0
5;2025-11-12;18;0
5;2025-11-12;19;0
5;2025-11-12;20;0
5;2025-11-12;21;0
5;2025-11-12;22;0
5;2025-11-12;23;0
5;2025-11-13;0;0
5;2025-11-13;1;0
5;2025-11-13;2;0
5;2025-11-13;3;0
5;2025-11-13;4;0
5;2025-11-13;5;0
5;2025-11-13;6;0
5;2025-11-13;7;0
5;2025-11-13;8;0
5;2025-11-13;9;0
5;2025-11-13;10;0
5;2025-11-13;11;0
5;2025-11-13;12;0
5;2025-11-13;13;0
5;2025-11-13;14;0
5;2025-11-13;15;0
5;2025-11-13;16;0
5;2025-11-13;17;0
5;2025-11-13;18;0
5;2025-11-13;19;0
5;2025-11-13;20;0
5;2025-11-13;21;0
5;2025-11-13;22;0
5;2025-11-13;23;0
5;2025-11-14;0;0
5;2025-11-14;1;0
5;2025-11-14;2;0
5;2025-11-14;3;0
5;2025-11-14;4;0
5;2025-11-14;5;0
5;2025-11-14;6;0
5;2025-11-14;7;0
5;2025-11-14;8;0
5;2025-11-14;9;0
5;2025-11-14;10;0
5;2025-11-14;11;0
5;2025-11-14;12;0
5;2025-11-14;13;0
5;2025-11-14;14;0
5;2025-11-14;15;0
5;2025-11-14;16;0
5;2025-11-14;17;0
5;2025-11-14;18;0
5;2025-11-14;19;0
5;2025-11-14;20;0
5;2025-11-14;21;0
5;2025-11-14;22;0
5;2025-11-14;23;0
5;2025-11-15;0;0
5;2025-11-15;1;0
5;2025-11-15;2;0
5;2025-11-15;3;0
5;2025-11-15;4;0
5;2025-11-15;5;0
5;2025-11-15;6;0
5;2025-11-15;7;0
5;2025-11-15;8;0
5;2025-11-15;9;0
5;2025-11-15;10;0
5;2025-11-15;11;0
5;2025-11-15;12;0
5;2025-11-15;13;0
5;2025-11-15;14;0
5;2025-11-15;15;0
5;2025-11-15;16;0
5;2025-11-15;17;0
5;2025-11-15;18;0
5;2025-11-15;19;0
5;2025-11-15;20;0
5;2025-11-15;21;0
5;2025-11-15;22;0
5;2025-11-15;23;0
5;2025-11-16;0;0
5;2025-11-16;1;0
5;2025-11-16;2;0
5;2025-11-16;3;0
5;2025-11-16;4;0
5;2025-11-16;5;0
5;2025-11-16;6;0
5;2025-11-16;7;0
5;2025-11-16;8;0
5;2025-11-16;9;0
5;2025-11-16;10;0
5;2025-11-16;11;0
5;2025-11-16;12;0
5;2025-11-16;13;0
5;2025-11-16;14;0
5;2025-11-16;15;0
5;2025-11-16;16;0
5;2025-11-16;17;0
5;2025-11-16;18;0
5;2025-11-16;19;0
5;2025-11-16;20;0
5;2025-11-16;21;0
5;2025-11-16;22;0
5;2025-11-16;23;0
5;2025-11-17;0;0
5;2025-11-17;1;0
5;2025-11-17;2;0
5;2025-11-17;3;0
5;2025-11-17;4;0
5;2025-11-17;5;0
5;2025-11-17;6;0
5;2025-11-17;7;0
5;2025-11-17;8;0
5;2025-11-17;9;0
5;2025-11-17;10;0
5;2025-11-17;11;0
5;2025-11-17;12;0
5;2025-11-17;13;0
5;2025-11-17;14;0
5;2025-11-17;15;0
5;2025-11-17;16;0
5;2025-11-17;17;0
5;2025-11-17;18;0
5;2025-11-17;19;0
5;2025-11-17;20;0
5;2025-11-17;21;0
5;2025-11-17;22;0
5;2025-11-17;23;0
5;2025-11-18;0;0
5;2025-11-18;1;0
5;2025-11-18;2;0
5;2025-11-18;3;0
5;2025-11-18;4;0
5;2025-11-18;5;0
5;2025-11-18;6;0
5;2025-11-18;7;0
5;2025-11-18;8;0
5;2025-11-18;9;0
5;2025-11-18;10;0
5;2025-11-18;11;0
5;2025-11-18;12;0
5;2025-11-18;13;0
5;2025-11-18;14;0
5;2025-11-18;15;0
5;2025-11-18;16;0
5;2025-11-18;17;0
5;2025-11-18;18;0
5;2025-11-18;19;0
5;2025-11-18;20;0
5;2025-11-18;21;0
5;2025-11-18;22;0
5;2025-11-18;23;0
5;2025-11-19;0;0
5;2025-11-19;1;0
5;2025-11-19;2;0
5;2025-11-19;3;0
5;2025-11-19;4;0
5;2025-11-19;5;0
5;2025-11-19;6;0
5;2025-11-19;7;0
5;2025-11-19;8;0
5;2025-11-19;9;0
5;2025-11-19;10;0
5;2025-11-19;11;0
5;2025-11-19;12;0
5;2025-11-19;13;0
5;2025-11-19;14;0
5;2025-11-19;15;0
5;2025-11-19;16;0
5;2025-11-19;17;0
5;2025-11-19;18;0
5;2025-11-19;19;0
5;2025-11-19;20;0
5;2025-11-19;21;0
5;2025-11-19;22;0
5;2025-11-19;23;0
5;2025-11-20;0;0
5;2025-11-20;1;0
5;2025-11-20;2;0
5;2025-11-20;3;0
5;2025-11-20;4;0
5;2025-11-20;5;0
5;2025-11-20;6;0
5;2025-11-20;7;0
5;2025-11-20;8;0
5;2025-11-20;9;0
5;2025-11-20;10;0
5;2025-11-20;11;0
5;2025-11-20;12;0
5;2025-11-20;13;0
5;2025-11-20;14;0
5;2025-11-20;15;0
5;2025-11-20;16;0
5;2025-11-20;17;0
5;2025-11-20;18;0
5;2025-11-20;19;0
5;2025-11-20;20;0
5;2025-11-20;21;0
5;2025-11-20;22;0
5;2025-11-20;23;0
5;2025-11-21;0;0
5;2025-11-21;1;0
5;2025-11-21;2;0
5;2025-11-21;3;0
5;2025-11-21;4;0
5;2025-11-21;5;0
5;2025-11-21;6;0
5;2025-11-21;7;0
5;2025-11-21;8;0
5;2025-11-21;9;0
5;2025-11-21;10;0
5;2025-11-21;11;0
5;2025-11-21;12;0
5;2025-11-21;13;0
5;2025-11-21;14;0
5;2025-11-21;15;0
5;2025-11-21;16;0
5;2025-11-21;17;0
5;2025-11-21;18;0
5;2025-11-21;19;0
5;2025-11-21;20;0
5;2025-11-21;21;0
5;2025-11-21;22;0
5;2025-11-21;23;0
5;2025-11-22;0;0
5;2025-11-22;1;0
5;2025-11-22;2;0
5;2025-11-22;3;0
5;2025-11-22;4;0
5;2025-11-22;5;0
5;2025-11-22;6;0
5;2025-11-22;7;0
5;2025-11-22;8;0
5;2025-11-22;9;0
5;2025-11-22;10;0
5;2025-11-22;11;0
5;2025-11-22;12;0
5;2025-11-22;13;0
5;2025-11-22;14;0
5;2025-11-22;15;0
5;2025-11-22;16;0
5;2025-11-22;17;0
5;2025-11-22;18;0
5;2025-11-22;19;0
5;2025-11-22;20;0
5;2025-11-22;21;0
5;2025-11-22;22;0
5;2025-11-22;23;0
5;2025-11-23;0;0
5;2025-11-23;1;0
5;2025-11-23;2;0
5;2025-11-23;3;0
5;2025-11-23;4;0
5;2025-11-23;5;0
5;2025-11-23;6;0
5;2025-11-23;7;0
5;2025-11-23;8;0
5;2025-11-23;9;0
5;2025-11-23;10;0
5;2025-11-23;11;0
5;2025-11-23;12;0
5;2025-11-23;13;0
5;2025-11-23;14;0
5;2025-11-23;15;0
5;2025-11-23;16;0
5;2025-11-23;17;0
5;2025-11-23;18;0
5;2025-11-23;19;0
5;2025-11-23;20;0
5;2025-11-23;21;0
5;2025-11-23;22;0
5;2025-11-23;23;0
5;2025-11-24;0;0
5;2025-11-24;1;0
5;2025-11-24;2;0
5;2025-11-24;3;0
5;2025-11-24;4;0
5;2025-11-24;5;0
5;2025-11-24;6;0
5;2025-11-24;7;0
5;2025-11-24;8;0
5;2025-11-24;9;0
5;2025-11-24;10;0
5;2025-11-24;11;0
5;2025-11-24;12;0
5;2025-11-24;13;0
5;2025-11-24;14;0
5;2025-11-24;15;0
5;2025-11-24;16;0
5;2025-11-24;17;0
5;2025-11-24;18;0
5;2025-11-24;19;0
5;2025-11-24;20;0
5;2025-11-24;21;0
5;2025-11-24;22;0
5;2025-11-24;23;0
5;2025-11-25;0;0
5;2025-11-25;1;0
5;2025-11-25;2;0
5;2025-11-25;3;0
5;2025-11-25;4;0
5;2025-11-25;5;0
5;2025-11-25;6;0
5;2025-11-25;7;0
5;2025-11-25;8;0
5;2025-11-25;9;0
5;2025-11-25;10;0
5;2025-11-25;11;0
5;2025-11-25;12;0
5;2025-11-25;13;0
5;2025-11-25;14;0
5;2025-11-25;15;0
5;2025-11-25;16;0
5;2025-11-25;17;0
5;2025-11-25;18;0
5;2025-11-25;19;0
5;2025-11-25;20;0
5;2025-11-25;21;0
5;2025-11-25;22;0
5;2025-11-25;23;0
5;2025-11-26;0;0
5;2025-11-26;1;0
5;2025-11-26;2;0
5;2025-11-26;3;0
5;2025-11-26;4;0
5;2025-11-26;5;0
5;2025-11-26;6;0
5;2025-11-26;7;0
5;2025-11-26;8;0
5;2025-11-26;9;0
5;2025-11-26;10;0
5;2025-11-26;11;0
5;2025-11-26;12;0
5;2025-11-26;13;0
5;2025-11-26;14;0
5;2025-11-26;15;0
5;2025-11-26;16;0
5;2025-11-26;17;0
5;2025-11-26;18;0
5;2025-11-26;19;0
5;2025-11-26;20;0
5;2025-11-26;21;0
5;2025-11-26;22;0
5;2025-11-26;23;0
5;2025-11-27;0;0
5;2025-11-27;1;0
5;2025-11-27;2;0
5;2025-11-27;3;0
5;2025-11-27;4;0
5;2025-11-27;5;0
5;2025-11-27;6;0
5;2025-11-27;7;0
5;2025-11-27;8;0
5;2025-11-27;9;0
5;2025-11-27;10;0
5;2025-11-27;11;0
5;2025-11-27;12;0
5;2025-11-27;13;0
5;2025-11-27;14;0
5;2025-11-27;15;0
5;2025-11-27;16;0
5;2025-11-27;17;0
5;2025-11-27;18;0
5;2025-11-27;19;0
5;2025-11-27;20;0
5;2025-11-27;21;0
5;2025-11-27;22;0
5;2025-11-27;23;0
5;2025-11-28;0;0
5;2025-11-28;1;0
5;2025-11-28;2;0
5;2025-11-28;3;0
5;2025-11-28;4;0
5;2025-11-28;5;0
5;2025-11-28;6;0
5;2025-11-28;7;0
5;2025-11-28;8;0
5;2025-11-28;9;0
5;2025-11-28;10;0
5;2025-11-28;11;0
5;2025-11-28;12;0
5;2025-11-28;13;0
5;2025-11-28;14;0
5;2025-11-28;15;0
5;2025-11-28;16;0
5;2025-11-28;17;0
5;2025-11-28;18;0
5;2025-11-28;19;0
5;2025-11-28;20;0
5;2025-11-28;21;0
5;2025-11-28;22;0
5;2025-11-28;23;0
5;2025-11-29;0;0
5;2025-11-29;1;0
5;2025-11-29;2;0
5;2025-11-29;3;0
5;2025-11-29;4;0
5;2025-11-29;5;0
5;2025-11-29;6;0
5;2025-11-29;7;0
5;2025-11-29;8;0
5;2025-11-29;9;0
5;2025-11-29;10;0
5;2025-11-29;11;0
5;2025-11-29;12;0
5;2025-11-29;13;0
5;2025-11-29;14;0
5;2025-11-29;15;0
5;2025-11-29;16;0
5;2025-11-29;17;0
5;2025-11-29;18;0
5;2025-11-29;19;0
5;2025-11-29;20;0
5;2025-11-29;21;0
5;2025-11-29;22;0
5;2025-11-29;23;0
5;2025-11-30;0;0
5;2025-11-30;1;0
5;2025-11-30;2;0
5;2025-11-30;3;0
5;2025-11-30;4;0
5;2025-11-30;5;0
5;2025-11-30;6;0
5;2025-11-30;7;0
5;2025-11-30;8;0
5;2025-11-30;9;0
5;2025-11-30;10;0
5;2025-11-30;11;0
5;2025-11-30;12;0
5;2025-11-30;13;0
5;2025-11-30;14;0
5;2025-11-30;15;0
5;2025-11-30;16;0
5;2025-11-30;17;0
5;2025-11-30;18;0
5;2025-11-30;19;0
5;2025-11-30;20;0
5;2025-11-30;21;0
5;2025-11-30;22;0
5;2025-11-30;23;0
5;2025-12-01;0;0
5;2025-12-01;1;0
5;2025-12-01;2;0
5;2025-12-01;3;0
5;2025-12-01;4;0
5;2025-12-01;5;0
5;2025-12-01;6;0
5;2025-12-01;7;0
5;2025-12-01;8;0
5;2025-12-01;9;0
5;2025-12-01;10;0
5;2025-12-01;11;0
5;2025-12-01;12;0
5;2025-12-01;13;0
5;2025-12-01;14;0
5;2025-12-01;15;0
5;2025-12-01;16;0
5;2025-12-01;17;0
5;2025-12-01;18;0
5;2025-12-01;19;0
5;2025-12-01;20;0
5;2025-12-01;21;0
5;2025-12-01;22;0
5;2025-12-01;23;0
5;2025-12-02;0;0
5;2025-12-02;1;0
5;2025-12-02;2;0
5;2025-12-02;3;0
5;2025-12-02;4;0
5;2025-12-02;5;0
5;2025-12-02;6;0
5;2025-12-02;7;0
5;2025-12-02;8;0
5;2025-12-02;9;0
5;2025-12-02;10;0
5;2025-12-02;11;0
5;2025-12-02;12;0
5;2025-12-02;13;0
5;2025-12-02;14;0
5;2025-12-02;15;0
5;2025-12-02;16;0
5;2025-12-02;17;0
5;2025-12-02;18;0
5;2025-12-02;19;0
5;2025-12-02;20;0
5;2025-12-02;21;0
5;2025-12-02;22;0
5;2025-12-02;23;0
5;2025-12-03;0;0
5;2025-12-03;1;0
5;2025-12-03;2;0
5;2025-12-03;3;0
5;2025-12-03;4;0
5;2025-12-03;5;0
5;2025-12-03;6;0
5;2025-12-03;7;0
5;2025-12-03;8;0
5;2025-12-03;9;0
5;2025-12-03;10;0
5;2025-12-03;11;0
5;2025-12-03;12;0
5;2025-12-03;13;0
5;2025-12-03;14;0
5;2025-12-03;15;0
5;2025-12-03;16;0
5;2025-12-03;17;0
5;2025-12-03;18;0
5;2025-12-03;19;0
5;2025-12-03;20;0
5;2025-12-03;21;0
5;2025-12-03;22;0
5;2025-12-03;23;0
5;2025-12-04;0;0
5;2025-12-04;1;0
5;2025-12-04;2;0
5;2025-12-04;3;0
5;2025-12-04;4;0
5;2025-12-04;5;0
5;2025-12-04;6;0
5;2025-12-04;7;0
5;2025-12-04;8;0
5;2025-12-04;9;0
5;2025-12-04;10;0
5;2025-12-04;11;0
5;2025-12-04;12;0
5;2025-12-04;13;0
5;2025-12-04;14;0
5;2025-12-04;15;0
5;2025-12-04;16;0
5;2025-12-04;17;0
5;2025-12-04;18;0
5;2025-12-04;19;0
5;2025-12-04;20;0
5;2025-12-04;21;0
5;2025-12-04;22;0
5;2025-12-04;23;0
5;2025-12-05;0;0
5;2025-12-05;1;0
5;2025-12-05;2;0
5;2025-12-05;3;0
5;2025-12-05;4;0
5;2025-12-05;5;0
5;2025-12-05;6;0
5;2025-12-05;7;0
5;2025-12-05;8;0
5;2025-12-05;9;0
5;2025-12-05;10;0
5;2025-12-05;11;0
5;2025-12-05;12;0
5;2025-12-05;13;0
5;2025-12-05;14;0
5;2025-12-05;15;0
5;2025-12-05;16;0
5;2025-12-05;17;0
5;2025-12-05;18;0
5;2025-12-05;19;0
5;2025-12-05;20;0
5;2025-12-05;21;0
5;2025-12-05;22;0
5;2025-12-05;23;0
5;2025-12-06;0;0
5;2025-12-06;1;0
5;2025-12-06;2;0
5;2025-12-06;3;0
5;2025-12-06;4;0
5;2025-12-06;5;0
5;2025-12-06;6;0
5;2025-12-06;7;0
5;2025-12-06;8;0
5;2025-12-06;9;0
5;2025-12-06;10;0
5;2025-12-06;11;0
5;2025-12-06;12;0
5;2025-12-06;13;0
5;2025-12-06;14;0
5;2025-12-06;15;0
5;2025-12-06;16;0
5;2025-12-06;17;0
5;2025-12-06;18;0
5;2025-12-06;19;0
5;2025-12-06;20;0
5;2025-12-06;21;0
5;2025-12-06;22;0
5;2025-12-06;23;0
5;2025-12-07;0;0
5;2025-12-07;1;0
5;2025-12-07;2;0
5;2025-12-07;3;0
5;2025-12-07;4;0
5;2025-12-07;5;0
5;2025-12-07;6;0
5;2025-12-07;7;0
5;2025-12-07;8;0
5;2025-12-07;9;0
5;2025-12-07;10;0
5;2025-12-07;11;0
5;2025-12-07;12;0
5;2025-12-07;13;0
5;2025-12-07;14;0
5;2025-12-07;15;0
5;2025-12-07;16;0
5;2025-12-07;17;0
5;2025-12-07;18;0
5;2025-12-07;19;0
5;2025-12-07;20;0
5;2025-12-07;21;0
5;2025-12-07;22;0
5;2025-12-07;23;0
5;2025-12-08;0;0
5;2025-12-08;1;0
5;2025-12-08;2;0
5;2025-12-08;3;0
5;2025-12-08;4;0
5;2025-12-08;5;0
5;2025-12-08;6;0
5;2025-12-08;7;0
5;2025-12-08;8;0
5;2025-12-08;9;0
5;2025-12-08;10;0
5;2025-12-08;11;0
5;2025-12-08;12;0
5;2025-12-08;13;0
5;2025-12-08;14;0
5;2025-12-08;15;0
5;2025-12-08;16;0
5;2025-12-08;17;0
5;2025-12-08;18;0
5;2025-12-08;19;0
5;2025-12-08;20;0
5;2025-12-08;21;0
5;2025-12-08;22;0
5;2025-12-08;23;0
5;2025-12-09;0;0
5;2025-12-09;1;0
5;2025-12-09;2;0
5;2025-12-09;3;0
5;2025-12-09;4;0
5;2025-12-09;5;0
5;2025-12-09;6;0
5;2025-12-09;7;0
5;2025-12-09;8;0
5;2025-12-09;9;0
5;2025-12-09;10;0
5;2025-12-09;11;0
5;2025-12-09;12;0
5;2025-12-09;13;0
5;2025-12-09;14;0
5;2025-12-09;15;0
5;2025-12-09;16;0
5;2025-12-09;17;0
5;2025-12-09;18;0
5;2025-12-09;19;0
5;2025-12-09;20;0
5;2025-12-09;21;0
5;2025-12-09;22;0
5;2025-12-09;23;0
5;2025-12-10;0;0
5;2025-12-10;1;0
5;2025-12-10;2;0
5;2025-12-10;3;0
5;2025-12-10;4;0
5;2025-12-10;5;0
5;2025-12-10;6;0
5;2025-12-10;7;0
5;2025-12-10;8;0
5;2025-12-10;9;0
5;2025-12-10;10;0
5;2025-12-10;11;0
5;2025-12-10;12;0
5;2025-12-10;13;0
5;2025-12-10;14;0
5;2025-12-10;15;0
5;2025-12-10;16;0
5;2025-12-10;17;0
5;2025-12-10;18;0
5;2025-12-10;19;0
5;2025-12-10;20;0
5;2025-12-10;21;0
5;2025-12-10;22;0
5;2025-12-10;23;0
5;2025-12-11;0;0
5;2025-12-11;1;0
5;2025-12-11;2;0
5;2025-12-11;3;0
5;2025-12-11;4;0
5;2025-12-11;5;0
5;2025-12-11;6;0
5;2025-12-11;7;0
5;2025-12-11;8;0
5;2025-12-11;9;0
5;2025-12-11;10;0
5;2025-12-11;11;0
5;2025-12-11;12;0
5;2025-12-11;13;0
5;2025-12-11;14;0
5;2025-12-11;15;0
5;2025-12-11;16;0
5;2025-12-11;17;0
5;2025-12-11;18;0
5;2025-12-11;19;0
5;2025-12-11;20;0
5;2025-12-11;21;0
5;2025-12-11;22;0
5;2025-12-11;23;0
5;2025-12-12;0;0
5;2025-12-12;1;0
5;2025-12-12;2;0
5;2025-12-12;3;0
5;2025-12-12;4;0
5;2025-12-12;5;0
5;2025-12-12;6;0
5;2025-12-12;7;0
5;2025-12-12;8;0
5;2025-12-12;9;0
5;2025-12-12;10;0
5;2025-12-12;11;0
5;2025-12-12;12;0
5;2025-12-12;13;0
5;2025-12-12;14;0
5;2025-12-12;15;0
5;2025-12-12;16;0
5;2025-12-12;17;0
5;2025-12-12;18;0
5;2025-12-12;19;0
5;2025-12-12;20;0
5;2025-12-12;21;0
5;2025-12-12;22;0
5;2025-12-12;23;0
5;2025-12-13;0;0
5;2025-12-13;1;0
5;2025-12-13;2;0
5;2025-12-13;3;0
5;2025-12-13;4;0
5;2025-12-13;5;0
5;2025-12-13;6;0
5;2025-12-13;7;0
5;2025-12-13;8;0
5;2025-12-13;9;0
5;2025-12-13;10;0
5;2025-12-13;11;0
5;2025-12-13;12;0
5;2025-12-13;13;0
5;2025-12-13;14;0
5;2025-12-13;15;0
5;2025-12-13;16;0
5;2025-12-13;17;0
5;2025-12-13;18;0
5;2025-12-13;19;0
5;2025-12-13;20;0
5;2025-12-13;21;0
5;2025-12-13;22;0
5;2025-12-13;23;0
5;2025-12-14;0;0
5;2025-12-14;1;0
5;2025-12-14;2;0
5;2025-12-14;3;0
5;2025-12-14;4;0
5;2025-12-14;5;0
5;2025-12-14;6;0
5;2025-12-14;7;0
5;2025-12-14;8;0
5;2025-12-14;9;0
5;2025-12-14;10;0
5;2025-12-14;11;0
5;2025-12-14;12;0
5;2025-12-14;13;0
5;2025-12-14;14;0
5;2025-12-14;15;0
5;2025-12-14;16;0
5;2025-12-14;17;0
5;2025-12-14;18;0
5;2025-12-14;19;0
5;2025-12-14;20;0
5;2025-12-14;21;0
5;2025-12-14;22;0
5;2025-12-14;23;0
5;2025-12-15;0;0
5;2025-12-15;1;0
5;2025-12-15;2;0
5;2025-12-15;3;0
5;2025-12-15;4;0
5;2025-12-15;5;0
5;2025-12-15;6;0
5;2025-12-15;7;0
5;2025-12-15;8;0
5;2025-12-15;9;0
5;2025-12-15;10;0
5;2025-12-15;11;0
5;2025-12-15;12;0
5;2025-12-15;13;0
5;2025-12-15;14;0
5;2025-12-15;15;0
5;2025-12-15;16;0
5;2025-12-15;17;0
5;2025-12-15;18;0
5;2025-12-15;19;0
5;2025-12-15;20;0
5;2025-12-15;21;0
5;2025-12-15;22;0
5;2025-12-15;23;0
5;2025-12-16;0;4
5;2025-12-16;1;0
5;2025-12-16;2;0
5;2025-12-16;3;0
5;2025-12-16;4;1
5;2025-12-16;5;22
5;2025-12-16;6;110
5;2025-12-16;7;269
5;2025-12-16;8;405
5;2025-12-16;9;282
5;2025-12-16;10;232
5;2025-12-16;11;224
5;2025-12-16;12;233
5;2025-12-16;13;236
5;2025-12-16;14;239
5;2025-12-16;15;255
5;2025-12-16;16;284
5;2025-12-16;17;347
5;2025-12-16;18;361
5;2025-12-16;19;255
5;2025-12-16;20;163
5;2025-12-16;21;101
5;2025-12-16;22;43
5;2025-12-16;23;19
5;2025-12-17;0;4
5;2025-12-17;1;0
5;2025-12-17;2;0
5;2025-12-17;3;0
5;2025-12-17;4;1
5;2025-12-17;5;22
5;2025-12-17;6;110
5;2025-12-17;7;269
5;2025-12-17;8;405
5;2025-12-17;9;282
5;2025-12-17;10;232
5;2025-12-17;11;224
5;2025-12-17;12;233
5;2025-12-17;13;236
5;2025-12-17;14;239
5;2025-12-17;15;255
5;2025-12-17;16;284
5;2025-12-17;17;347
5;2025-12-17;18;361
5;2025-12-17;19;255
5;2025-12-17;20;163
5;2025-12-17;21;101
5;2025-12-17;22;43
5;2025-12-17;23;19
5;2025-12-18;0;4
5;2025-12-18;1;0
5;2025-12-18;2;0
5;2025-12-18;3;0
5;2025-12-18;4;1
5;2025-12-18;5;22
5;2025-12-18;6;110
5;2025-12-18;7;269
5;2025-12-18;8;405
5;2025-12-18;9;282
5;2025-12-18;10;232
5;2025-12-18;11;224
5;2025-12-18;12;233
5;2025-12-18;13;236
5;2025-12-18;14;239
5;2025-12-18;15;255
5;2025-12-18;16;284
5;2025-12-18;17;347
5;2025-12-18;18;361
5;2025-12-18;19;255
5;2025-12-18;20;163
5;2025-12-18;21;101
5;2025-12-18;22;43
5;2025-12-18;23;19
5;2025-12-19;0;5
5;2025-12-19;1;0
5;2025-12-19;2;0
5;2025-12-19;3;0
5;2025-12-19;4;1
5;2025-12-19;5;23
5;2025-12-19;6;114
5;2025-12-19;7;275
5;2025-12-19;8;403
5;2025-12-19;9;277
5;2025-12-19;10;230
5;2025-12-19;11;227
5;2025-12-19;12;238
5;2025-12-19;13;246
5;2025-12-19;14;245
5;2025-12-19;15;274
5;2025-12-19;16;329
5;2025-12-19;17;350
5;2025-12-19;18;293
5;2025-12-19;19;230
5;2025-12-19;20;153
5;2025-12-19;21;103
5;2025-12-19;22;45
5;2025-12-19;23;26
5;2025-12-20;0;77
5;2025-12-20;1;7
5;2025-12-20;2;0
5;2025-12-20;3;0
5;2025-12-20;4;0
5;2025-12-20;5;14
5;2025-12-20;6;60
5;2025-12-20;7;84
5;2025-12-20;8;134
5;2025-12-20;9;172
5;2025-12-20;10;182
5;2025-12-20;11;205
5;2025-12-20;12;257
5;2025-12-20;13;252
5;2025-12-20;14;254
5;2025-12-20;15;273
5;2025-12-20;16;244
5;2025-12-20;17;232
5;2025-12-20;18;192
5;2025-12-20;19;156
5;2025-12-20;20;117
5;2025-12-20;21;82
5;2025-12-20;22;48
5;2025-12-20;23;25
5;2025-12-21;0;12
5;2025-12-21;1;2
5;2025-12-21;2;0
5;2025-12-21;3;0
5;2025-12-21;4;0
5;2025-12-21;5;10
5;2025-12-21;6;48
5;2025-12-21;7;71
5;2025-12-21;8;107
5;2025-12-21;9;145
5;2025-12-21;10;169
5;2025-12-21;11;209
5;2025-12-21;12;219
5;2025-12-21;13;244
5;2025-12-21;14;271
5;2025-12-21;15;270
5;2025-12-21;16;251
5;2025-12-21;17;285
5;2025-12-21;18;227
5;2025-12-21;19;183
5;2025-12-21;20;145
5;2025-12-21;21;103
5;2025-12-21;22;68
5;2025-12-21;23;28
5;2025-12-22;0;5
5;2025-12-22;1;1
5;2025-12-22;2;0
5;2025-12-22;3;0
5;2025-12-22;4;1
5;2025-12-22;5;23
5;2025-12-22;6;113
5;2025-12-22;7;272
5;2025-12-22;8;423
5;2025-12-22;9;292
5;2025-12-22;10;227
5;2025-12-22;11;216
5;2025-12-22;12;224
5;2025-12-22;13;239
5;2025-12-22;14;237
5;2025-12-22;15;254
5;2025-12-22;16;291
5;2025-12-22;17;346
5;2025-12-22;18;365
5;2025-12-22;19;249
5;2025-12-22;20;157
5;2025-12-22;21;97
5;2025-12-22;22;40
5;2025-12-22;23;17
5;2025-12-23;0;4
5;2025-12-23;1;0
5;2025-12-23;2;0
5;2025-12-23;3;0
5;2025-12-23;4;1
5;2025-12-23;5;22
5;2025-12-23;6;110
5;2025-12-23;7;269
5;2025-12-23;8;405
5;2025-12-23;9;282
5;2025-12-23;10;232
5;2025-12-23;11;224
5;2025-12-23;12;233
5;2025-12-23;13;236
5;2025-12-23;14;239
5;2025-12-23;15;255
5;2025-12-23;16;284
5;2025-12-23;17;347
5;2025-12-23;18;361
5;2025-12-23;19;255
5;2025-12-23;20;163
5;2025-12-23;21;101
5;2025-12-23;22;43
5;2025-12-23;23;19
5;2025-12-24;0;4
5;2025-12-24;1;0
5;2025-12-24;2;0
5;2025-12-24;3;0
5;2025-12-24;4;1
5;2025-12-24;5;22
5;2025-12-24;6;110
5;2025-12-24;7;269
5;2025-12-24;8;405
5;2025-12-24;9;282
5;2025-12-24;10;232
5;2025-12-24;11;224
5;2025-12-24;12;233
5;2025-12-24;13;236
5;2025-12-24;14;239
5;2025-12-24;15;255
5;2025-12-24;16;284
5;2025-12-24;17;347
5;2025-12-24;18;361
5;2025-12-24;19;255
5;2025-12-24;20;163
5;2025-12-24;21;101
5;2025-12-24;22;43
5;2025-12-24;23;19
5;2025-12-25;0;4
5;2025-12-25;1;0
5;2025-12-25;2;0
5;2025-12-25;3;0
5;2025-12-25;4;1
5;2025-12-25;5;22
5;2025-12-25;6;110
5;2025-12-25;7;269
5;2025-12-25;8;405
5;2025-12-25;9;282
5;2025-12-25;10;232
5;2025-12-25;11;224
5;2025-12-25;12;233
5;2025-12-25;13;236
5;2025-12-25;14;239
5;2025-12-25;15;255
5;2025-12-25;16;284
5;2025-12-25;17;347
5;2025-12-25;18;361
5;2025-12-25;19;255
5;2025-12-25;20;163
5;2025-12-25;21;101
5;2025-12-25;22;43
5;2025-12-25;23;19
5;2025-12-26;0;5
5;2025-12-26;1;0
5;2025-12-26;2;0
5;2025-12-26;3;0
5;2025-12-26;4;1
5;2025-12-26;5;23
5;2025-12-26;6;114
5;2025-12-26;7;275
5;2025-12-26;8;403
5;2025-12-26;9;277
5;2025-12-26;10;230
5;2025-12-26;11;227
5;2025-12-26;12;238
5;2025-12-26;13;246
5;2025-12-26;14;245
5;2025-12-26;15;274
5;2025-12-26;16;329
5;2025-12-26;17;350
5;2025-12-26;18;293
5;2025-12-26;19;230
5;2025-12-26;20;153
5;2025-12-26;21;103
5;2025-12-26;22;45
5;2025-12-26;23;26
5;2025-12-27;0;77
5;2025-12-27;1;7
5;2025-12-27;2;0
5;2025-12-27;3;0
5;2025-12-27;4;0
5;2025-12-27;5;14
5;2025-12-27;6;60
5;2025-12-27;7;84
5;2025-12-27;8;134
5;2025-12-27;9;172
5;2025-12-27;10;182
5;2025-12-27;11;205
5;2025-12-27;12;257
5;2025-12-27;13;252
5;2025-12-27;14;254
5;2025-12-27;15;273
5;2025-12-27;16;244
5;2025-12-27;17;232
5;2025-12-27;18;192
5;2025-12-27;19;156
5;2025-12-27;20;117
5;2025-12-27;21;82
5;2025-12-27;22;48
5;2025-12-27;23;25
5;2025-12-28;0;12
5;2025-12-28;1;2
5;2025-12-28;2;0
5;2025-12-28;3;0
5;2025-12-28;4;0
5;2025-12-28;5;10
5;2025-12-28;6;48
5;2025-12-28;7;71
5;2025-12-28;8;107
5;2025-12-28;9;145
5;2025-12-28;10;169
5;2025-12-28;11;209
5;2025-12-28;12;219
5;2025-12-28;13;244
5;2025-12-28;14;271
5;2025-12-28;15;270
5;2025-12-28;16;251
5;2025-12-28;17;285
5;2025-12-28;18;227
5;2025-12-28;19;183
5;2025-12-28;20;145
5;2025-12-28;21;103
5;2025-12-28;22;68
5;2025-12-28;23;28
5;2025-12-29;0;5
5;2025-12-29;1;1
5;2025-12-29;2;0
5;2025-12-29;3;0
5;2025-12-29;4;1
5;2025-12-29;5;23
5;2025-12-29;6;113
5;2025-12-29;7;272
5;2025-12-29;8;423
5;2025-12-29;9;292
5;2025-12-29;10;227
5;2025-12-29;11;216
5;2025-12-29;12;224
5;2025-12-29;13;239
5;2025-12-29;14;237
5;2025-12-29;15;254
5;2025-12-29;16;291
5;2025-12-29;17;346
5;2025-12-29;18;365
5;2025-12-29;19;249
5;2025-12-29;20;157
5;2025-12-29;21;97
5;2025-12-29;22;40
5;2025-12-29;23;17
5;2025-12-30;0;4
5;2025-12-30;1;0
5;2025-12-30;2;0
5;2025-12-30;3;0
5;2025-12-30;4;1
5;2025-12-30;5;22
5;2025-12-30;6;110
5;2025-12-30;7;269
5;2025-12-30;8;405
5;2025-12-30;9;282
5;2025-12-30;10;232
5;2025-12-30;11;224
5;2025-12-30;12;233
5;2025-12-30;13;236
5;2025-12-30;14;239
5;2025-12-30;15;255
5;2025-12-30;16;284
5;2025-12-30;17;347
5;2025-12-30;18;361
5;2025-12-30;19;255
5;2025-12-30;20;163
5;2025-12-30;21;101
5;2025-12-30;22;43
5;2025-12-30;23;19
5;2025-12-31;0;12
5;2025-12-31;1;2
5;2025-12-31;2;0
5;2025-12-31;3;0
5;2025-12-31;4;0
5;2025-12-31;5;10
5;2025-12-31;6;48
5;2025-12-31;7;71
5;2025-12-31;8;107
5;2025-12-31;9;145
5;2025-12-31;10;169
5;2025-12-31;11;209
5;2025-12-31;12;219
5;2025-12-31;13;244
5;2025-12-31;14;271
5;2025-12-31;15;270
5;2025-12-31;16;251
5;2025-12-31;17;285
5;2025-12-31;18;227
5;2025-12-31;19;183
5;2025-12-31;20;145
5;2025-12-31;21;103
5;2025-12-31;22;68
5;2025-12-31;23;28
7;2025-11-01;0;55
7;2025-11-01;1;11
7;2025-11-01;2;0
7;2025-11-01;3;0
7;2025-11-01;4;1
7;2025-11-01;5;127
7;2025-11-01;6;435
7;2025-11-01;7;1072
7;2025-11-01;8;1690
7;2025-11-01;9;1281
7;2025-11-01;10;1265
7;2025-11-01;11;1157
7;2025-11-01;12;1241
7;2025-11-01;13;1225
7;2025-11-01;14;1253
7;2025-11-01;15;1396
7;2025-11-01;16;1572
7;2025-11-01;17;1690
7;2025-11-01;18;1451
7;2025-11-01;19;1018
7;2025-11-01;20;724
7;2025-11-01;21;428
7;2025-11-01;22;227
7;2025-11-01;23;175
7;2025-11-02;0;96
7;2025-11-02;1;24
7;2025-11-02;2;0
7;2025-11-02;3;0
7;2025-11-02;4;1
7;2025-11-02;5;29
7;2025-11-02;6;133
7;2025-11-02;7;171
7;2025-11-02;8;398
7;2025-11-02;9;522
7;2025-11-02;10;391
7;2025-11-02;11;581
7;2025-11-02;12;629
7;2025-11-02;13;609
7;2025-11-02;14;653
7;2025-11-02;15;720
7;2025-11-02;16;619
7;2025-11-02;17;618
7;2025-11-02;18;673
7;2025-11-02;19;479
7;2025-11-02;20;403
7;2025-11-02;21;295
7;2025-11-02;22;151
7;2025-11-02;23;121
7;2025-11-03;0;109
7;2025-11-03;1;1
7;2025-11-03;2;0
7;2025-11-03;3;0
7;2025-11-03;4;1
7;2025-11-03;5;45
7;2025-11-03;6;195
7;2025-11-03;7;394
7;2025-11-03;8;648
7;2025-11-03;9;712
7;2025-11-03;10;740
7;2025-11-03;11;968
7;2025-11-03;12;851
7;2025-11-03;13;962
7;2025-11-03;14;1050
7;2025-11-03;15;1094
7;2025-11-03;16;975
7;2025-11-03;17;940
7;2025-11-03;18;1020
7;2025-11-03;19;995
7;2025-11-03;20;770
7;2025-11-03;21;566
7;2025-11-03;22;310
7;2025-11-03;23;205
7;2025-11-04;0;105
7;2025-11-04;1;1
7;2025-11-04;2;0
7;2025-11-04;3;0
7;2025-11-04;4;1
7;2025-11-04;5;45
7;2025-11-04;6;195
7;2025-11-04;7;394
7;2025-11-04;8;626
7;2025-11-04;9;688
7;2025-11-04;10;714
7;2025-11-04;11;968
7;2025-11-04;12;825
7;2025-11-04;13;933
7;2025-11-04;14;1087
7;2025-11-04;15;1132
7;2025-11-04;16;975
7;2025-11-04;17;940
7;2025-11-04;18;1020
7;2025-11-04;19;995
7;2025-11-04;20;770
7;2025-11-04;21;566
7;2025-11-04;22;310
7;2025-11-04;23;205
7;2025-11-05;0;59
7;2025-11-05;1;13
7;2025-11-05;2;0
7;2025-11-05;3;0
7;2025-11-05;4;1
7;2025-11-05;5;184
7;2025-11-05;6;611
7;2025-11-05;7;1626
7;2025-11-05;8;2491
7;2025-11-05;9;1870
7;2025-11-05;10;1722
7;2025-11-05;11;1581
7;2025-11-05;12;1775
7;2025-11-05;13;1580
7;2025-11-05;14;1730
7;2025-11-05;15;1770
7;2025-11-05;16;1880
7;2025-11-05;17;2408
7;2025-11-05;18;2610
7;2025-11-05;19;1681
7;2025-11-05;20;1059
7;2025-11-05;21;648
7;2025-11-05;22;306
7;2025-11-05;23;196
7;2025-11-06;0;59
7;2025-11-06;1;13
7;2025-11-06;2;0
7;2025-11-06;3;0
7;2025-11-06;4;1
7;2025-11-06;5;184
7;2025-11-06;6;611
7;2025-11-06;7;1626
7;2025-11-06;8;2491
7;2025-11-06;9;1870
7;2025-11-06;10;1722
7;2025-11-06;11;1527
7;2025-11-06;12;1775
7;2025-11-06;13;1580
7;2025-11-06;14;1730
7;2025-11-06;15;1710
7;2025-11-06;16;1816
7;2025-11-06;17;2408
7;2025-11-06;18;2610
7;2025-11-06;19;1681
7;2025-11-06;20;993
7;2025-11-06;21;648
7;2025-11-06;22;306
7;2025-11-06;23;190
7;2025-11-07;0;75
7;2025-11-07;1;15
7;2025-11-07;2;0
7;2025-11-07;3;0
7;2025-11-07;4;2
7;2025-11-07;5;169
7;2025-11-07;6;598
7;2025-11-07;7;1475
7;2025-11-07;8;2246
7;2025-11-07;9;1702
7;2025-11-07;10;1740
7;2025-11-07;11;1592
7;2025-11-07;12;1707
7;2025-11-07;13;1685
7;2025-11-07;14;1724
7;2025-11-07;15;1921
7;2025-11-07;16;2163
7;2025-11-07;17;2324
7;2025-11-07;18;1997
7;2025-11-07;19;1401
7;2025-11-07;20;996
7;2025-11-07;21;588
7;2025-11-07;22;313
7;2025-11-07;23;240
7;2025-11-08;0;137
7;2025-11-08;1;27
7;2025-11-08;2;0
7;2025-11-08;3;0
7;2025-11-08;4;1
7;2025-11-08;5;54
7;2025-11-08;6;301
7;2025-11-08;7;329
7;2025-11-08;8;798
7;2025-11-08;9;675
7;2025-11-08;10;667
7;2025-11-08;11;706
7;2025-11-08;12;1032
7;2025-11-08;13;977
7;2025-11-08;14;922
7;2025-11-08;15;865
7;2025-11-08;16;905
7;2025-11-08;17;889
7;2025-11-08;18;799
7;2025-11-08;19;679
7;2025-11-08;20;585
7;2025-11-08;21;400
7;2025-11-08;22;226
7;2025-11-08;23;198
7;2025-11-09;0;96
7;2025-11-09;1;24
7;2025-11-09;2;0
7;2025-11-09;3;0
7;2025-11-09;4;1
7;2025-11-09;5;29
7;2025-11-09;6;133
7;2025-11-09;7;171
7;2025-11-09;8;398
7;2025-11-09;9;522
7;2025-11-09;10;391
7;2025-11-09;11;581
7;2025-11-09;12;629
7;2025-11-09;13;630
7;2025-11-09;14;653
7;2025-11-09;15;720
7;2025-11-09;16;619
7;2025-11-09;17;618
7;2025-11-09;18;673
7;2025-11-09;19;479
7;2025-11-09;20;403
7;2025-11-09;21;295
7;2025-11-09;22;151
7;2025-11-09;23;121
7;2025-11-10;0;63
7;2025-11-10;1;11
7;2025-11-10;2;0
7;2025-11-10;3;0
7;2025-11-10;4;1
7;2025-11-10;5;187
7;2025-11-10;6;598
7;2025-11-10;7;1648
7;2025-11-10;8;2747
7;2025-11-10;9;1856
7;2025-11-10;10;1657
7;2025-11-10;11;1581
7;2025-11-10;12;1593
7;2025-11-10;13;1564
7;2025-11-10;14;1555
7;2025-11-10;15;1804
7;2025-11-10;16;1834
7;2025-11-10;17;2395
7;2025-11-10;18;2632
7;2025-11-10;19;1697
7;2025-11-10;20;1113
7;2025-11-10;21;623
7;2025-11-10;22;299
7;2025-11-10;23;158
7;2025-11-11;0;59
7;2025-11-11;1;13
7;2025-11-11;2;0
7;2025-11-11;3;0
7;2025-11-11;4;1
7;2025-11-11;5;184
7;2025-11-11;6;611
7;2025-11-11;7;1626
7;2025-11-11;8;2491
7;2025-11-11;9;1870
7;2025-11-11;10;1722
7;2025-11-11;11;1581
7;2025-11-11;12;1775
7;2025-11-11;13;1580
7;2025-11-11;14;1730
7;2025-11-11;15;1770
7;2025-11-11;16;1880
7;2025-11-11;17;2408
7;2025-11-11;18;2610
7;2025-11-11;19;1681
7;2025-11-11;20;1059
7;2025-11-11;21;648
7;2025-11-11;22;306
7;2025-11-11;23;196
7;2025-11-12;0;59
7;2025-11-12;1;13
7;2025-11-12;2;0
7;2025-11-12;3;0
7;2025-11-12;4;1
7;2025-11-12;5;184
7;2025-11-12;6;611
7;2025-11-12;7;1626
7;2025-11-12;8;2491
7;2025-11-12;9;1870
7;2025-11-12;10;1663
7;2025-11-12;11;1527
7;2025-11-12;12;1715
7;2025-11-12;13;1526
7;2025-11-12;14;1671
7;2025-11-12;15;1710
7;2025-11-12;16;1880
7;2025-11-12;17;2408
7;2025-11-12;18;2521
7;2025-11-12;19;1681
7;2025-11-12;20;1059
7;2025-11-12;21;648
7;2025-11-12;22;306
7;2025-11-12;23;196
7;2025-11-13;0;59
7;2025-11-13;1;13
7;2025-11-13;2;0
7;2025-11-13;3;0
7;2025-11-13;4;1
7;2025-11-13;5;184
7;2025-11-13;6;591
7;2025-11-13;7;1626
7;2025-11-13;8;2491
7;2025-11-13;9;1870
7;2025-11-13;10;1722
7;2025-11-13;11;1581
7;2025-11-13;12;1775
7;2025-11-13;13;1580
7;2025-11-13;14;1730
7;2025-11-13;15;1770
7;2025-11-13;16;1880
7;2025-11-13;17;2408
7;2025-11-13;18;2610
7;2025-11-13;19;1681
7;2025-11-13;20;1059
7;2025-11-13;21;648
7;2025-11-13;22;306
7;2025-11-13;23;196
7;2025-11-14;0;75
7;2025-11-14;1;16
7;2025-11-14;2;1
7;2025-11-14;3;0
7;2025-11-14;4;2
7;2025-11-14;5;174
7;2025-11-14;6;598
7;2025-11-14;7;1475
7;2025-11-14;8;2325
7;2025-11-14;9;1762
7;2025-11-14;10;1740
7;2025-11-14;11;1592
7;2025-11-14;12;1707
7;2025-11-14;13;1685
7;2025-11-14;14;1724
7;2025-11-14;15;1921
7;2025-11-14;16;2163
7;2025-11-14;17;2324
7;2025-11-14;18;1997
7;2025-11-14;19;1401
7;2025-11-14;20;962
7;2025-11-14;21;568
7;2025-11-14;22;302
7;2025-11-14;23;232
7;2025-11-15;0;128
7;2025-11-15;1;26
7;2025-11-15;2;0
7;2025-11-15;3;0
7;2025-11-15;4;1
7;2025-11-15;5;51
7;2025-11-15;6;282
7;2025-11-15;7;309
7;2025-11-15;8;748
7;2025-11-15;9;632
7;2025-11-15;10;625
7;2025-11-15;11;661
7;2025-11-15;12;996
7;2025-11-15;13;944
7;2025-11-15;14;922
7;2025-11-15;15;865
7;2025-11-15;16;905
7;2025-11-15;17;889
7;2025-11-15;18;799
7;2025-11-15;19;679
7;2025-11-15;20;585
7;2025-11-15;21;400
7;2025-11-15;22;226
7;2025-11-15;23;198
7;2025-11-16;0;96
7;2025-11-16;1;24
7;2025-11-16;2;0
7;2025-11-16;3;0
7;2025-11-16;4;1
7;2025-11-16;5;29
7;2025-11-16;6;133
7;2025-11-16;7;171
7;2025-11-16;8;398
7;2025-11-16;9;522
7;2025-11-16;10;391
7;2025-11-16;11;581
7;2025-11-16;12;629
7;2025-11-16;13;630
7;2025-11-16;14;653
7;2025-11-16;15;720
7;2025-11-16;16;619
7;2025-11-16;17;618
7;2025-11-16;18;673
7;2025-11-16;19;479
7;2025-11-16;20;403
7;2025-11-16;21;295
7;2025-11-16;22;151
7;2025-11-16;23;121
7;2025-11-17;0;63
7;2025-11-17;1;11
7;2025-11-17;2;0
7;2025-11-17;3;0
7;2025-11-17;4;1
7;2025-11-17;5;187
7;2025-11-17;6;598
7;2025-11-17;7;1648
7;2025-11-17;8;2747
7;2025-11-17;9;1856
7;2025-11-17;10;1600
7;2025-11-17;11;1527
7;2025-11-17;12;1539
7;2025-11-17;13;1465
7;2025-11-17;14;1457
7;2025-11-17;15;1742
7;2025-11-17;16;1771
7;2025-11-17;17;2314
7;2025-11-17;18;2632
7;2025-11-17;19;1697
7;2025-11-17;20;1113
7;2025-11-17;21;602
7;2025-11-17;22;299
7;2025-11-17;23;158
7;2025-11-18;0;59
7;2025-11-18;1;13
7;2025-11-18;2;0
7;2025-11-18;3;0
7;2025-11-18;4;1
7;2025-11-18;5;173
7;2025-11-18;6;591
7;2025-11-18;7;1626
7;2025-11-18;8;2407
7;2025-11-18;9;1753
7;2025-11-18;10;1613
7;2025-11-18;11;1527
7;2025-11-18;12;1715
7;2025-11-18;13;1481
7;2025-11-18;14;1621
7;2025-11-18;15;1710
7;2025-11-18;16;1880
7;2025-11-18;17;2408
7;2025-11-18;18;2521
7;2025-11-18;19;1624
7;2025-11-18;20;1023
7;2025-11-18;21;648
7;2025-11-18;22;306
7;2025-11-18;23;196
7;2025-11-19;0;59
7;2025-11-19;1;13
7;2025-11-19;2;0
7;2025-11-19;3;0
7;2025-11-19;4;1
7;2025-11-19;5;184
7;2025-11-19;6;611
7;2025-11-19;7;1626
7;2025-11-19;8;2491
7;2025-11-19;9;1870
7;2025-11-19;10;1722
7;2025-11-19;11;1581
7;2025-11-19;12;1775
7;2025-11-19;13;1580
7;2025-11-19;14;1730
7;2025-11-19;15;1770
7;2025-11-19;16;1880
7;2025-11-19;17;2408
7;2025-11-19;18;2610
7;2025-11-19;19;1681
7;2025-11-19;20;1059
7;2025-11-19;21;648
7;2025-11-19;22;306
7;2025-11-19;23;196
7;2025-11-20;0;59
7;2025-11-20;1;13
7;2025-11-20;2;0
7;2025-11-20;3;0
7;2025-11-20;4;1
7;2025-11-20;5;184
7;2025-11-20;6;611
7;2025-11-20;7;1626
7;2025-11-20;8;2491
7;2025-11-20;9;1870
7;2025-11-20;10;1722
7;2025-11-20;11;1581
7;2025-11-20;12;1775
7;2025-11-20;13;1580
7;2025-11-20;14;1730
7;2025-11-20;15;1770
7;2025-11-20;16;1880
7;2025-11-20;17;2408
7;2025-11-20;18;2610
7;2025-11-20;19;1681
7;2025-11-20;20;1059
7;2025-11-20;21;648
7;2025-11-20;22;306
7;2025-11-20;23;196
7;2025-11-21;0;75
7;2025-11-21;1;16
7;2025-11-21;2;1
7;2025-11-21;3;0
7;2025-11-21;4;1
7;2025-11-21;5;169
7;2025-11-21;6;578
7;2025-11-21;7;1425
7;2025-11-21;8;2325
7;2025-11-21;9;1762
7;2025-11-21;10;1740
7;2025-11-21;11;1592
7;2025-11-21;12;1649
7;2025-11-21;13;1685
7;2025-11-21;14;1724
7;2025-11-21;15;1921
7;2025-11-21;16;2163
7;2025-11-21;17;2324
7;2025-11-21;18;1997
7;2025-11-21;19;1401
7;2025-11-21;20;996
7;2025-11-21;21;588
7;2025-11-21;22;313
7;2025-11-21;23;240
7;2025-11-22;0;137
7;2025-11-22;1;27
7;2025-11-22;2;0
7;2025-11-22;3;0
7;2025-11-22;4;1
7;2025-11-22;5;51
7;2025-11-22;6;291
7;2025-11-22;7;318
7;2025-11-22;8;771
7;2025-11-22;9;652
7;2025-11-22;10;667
7;2025-11-22;11;706
7;2025-11-22;12;1032
7;2025-11-22;13;977
7;2025-11-22;14;922
7;2025-11-22;15;865
7;2025-11-22;16;905
7;2025-11-22;17;889
7;2025-11-22;18;799
7;2025-11-22;19;679
7;2025-11-22;20;585
7;2025-11-22;21;386
7;2025-11-22;22;219
7;2025-11-22;23;191
7;2025-11-23;0;92
7;2025-11-23;1;24
7;2025-11-23;2;0
7;2025-11-23;3;0
7;2025-11-23;4;1
7;2025-11-23;5;29
7;2025-11-23;6;133
7;2025-11-23;7;171
7;2025-11-23;8;398
7;2025-11-23;9;522
7;2025-11-23;10;391
7;2025-11-23;11;581
7;2025-11-23;12;629
7;2025-11-23;13;630
7;2025-11-23;14;653
7;2025-11-23;15;720
7;2025-11-23;16;619
7;2025-11-23;17;618
7;2025-11-23;18;673
7;2025-11-23;19;479
7;2025-11-23;20;403
7;2025-11-23;21;295
7;2025-11-23;22;151
7;2025-11-23;23;121
7;2025-11-24;0;63
7;2025-11-24;1;10
7;2025-11-24;2;0
7;2025-11-24;3;0
7;2025-11-24;4;0
7;2025-11-24;5;175
7;2025-11-24;6;560
7;2025-11-24;7;1592
7;2025-11-24;8;2654
7;2025-11-24;9;1793
7;2025-11-24;10;1552
7;2025-11-24;11;1481
7;2025-11-24;12;1539
7;2025-11-24;13;1511
7;2025-11-24;14;1502
7;2025-11-24;15;1742
7;2025-11-24;16;1834
7;2025-11-24;17;2395
7;2025-11-24;18;2632
7;2025-11-24;19;1697
7;2025-11-24;20;1113
7;2025-11-24;21;623
7;2025-11-24;22;299
7;2025-11-24;23;158
7;2025-11-25;0;59
7;2025-11-25;1;13
7;2025-11-25;2;0
7;2025-11-25;3;0
7;2025-11-25;4;1
7;2025-11-25;5;184
7;2025-11-25;6;611
7;2025-11-25;7;1626
7;2025-11-25;8;2491
7;2025-11-25;9;1870
7;2025-11-25;10;1722
7;2025-11-25;11;1581
7;2025-11-25;12;1775
7;2025-11-25;13;1580
7;2025-11-25;14;1730
7;2025-11-25;15;1770
7;2025-11-25;16;1880
7;2025-11-25;17;2408
7;2025-11-25;18;2610
7;2025-11-25;19;1681
7;2025-11-25;20;1059
7;2025-11-25;21;648
7;2025-11-25;22;306
7;2025-11-25;23;196
7;2025-11-26;0;57
7;2025-11-26;1;13
7;2025-11-26;2;0
7;2025-11-26;3;0
7;2025-11-26;4;1
7;2025-11-26;5;173
7;2025-11-26;6;573
7;2025-11-26;7;1571
7;2025-11-26;8;2407
7;2025-11-26;9;1807
7;2025-11-26;10;1663
7;2025-11-26;11;1527
7;2025-11-26;12;1715
7;2025-11-26;13;1526
7;2025-11-26;14;1671
7;2025-11-26;15;1710
7;2025-11-26;16;1816
7;2025-11-26;17;2326
7;2025-11-26;18;2521
7;2025-11-26;19;1624
7;2025-11-26;20;1023
7;2025-11-26;21;626
7;2025-11-26;22;296
7;2025-11-26;23;190
7;2025-11-27;0;57
7;2025-11-27;1;13
7;2025-11-27;2;0
7;2025-11-27;3;0
7;2025-11-27;4;1
7;2025-11-27;5;184
7;2025-11-27;6;611
7;2025-11-27;7;1626
7;2025-11-27;8;2491
7;2025-11-27;9;1870
7;2025-11-27;10;1722
7;2025-11-27;11;1527
7;2025-11-27;12;1715
7;2025-11-27;13;1526
7;2025-11-27;14;1671
7;2025-11-27;15;1770
7;2025-11-27;16;1880
7;2025-11-27;17;2326
7;2025-11-27;18;2445
7;2025-11-27;19;1624
7;2025-11-27;20;1023
7;2025-11-27;21;626
7;2025-11-27;22;287
7;2025-11-27;23;184
7;2025-11-28;0;71
7;2025-11-28;1;15
7;2025-11-28;2;0
7;2025-11-28;3;0
7;2025-11-28;4;1
7;2025-11-28;5;169
7;2025-11-28;6;598
7;2025-11-28;7;1475
7;2025-11-28;8;2325
7;2025-11-28;9;1762
7;2025-11-28;10;1740
7;2025-11-28;11;1592
7;2025-11-28;12;1707
7;2025-11-28;13;1685
7;2025-11-28;14;1724
7;2025-11-28;15;1921
7;2025-11-28;16;2163
7;2025-11-28;17;2324
7;2025-11-28;18;1997
7;2025-11-28;19;1401
7;2025-11-28;20;996
7;2025-11-28;21;588
7;2025-11-28;22;313
7;2025-11-28;23;240
7;2025-11-29;0;137
7;2025-11-29;1;27
7;2025-11-29;2;0
7;2025-11-29;3;0
7;2025-11-29;4;1
7;2025-11-29;5;54
7;2025-11-29;6;301
7;2025-11-29;7;329
7;2025-11-29;8;798
7;2025-11-29;9;675
7;2025-11-29;10;667
7;2025-11-29;11;706
7;2025-11-29;12;1032
7;2025-11-29;13;977
7;2025-11-29;14;922
7;2025-11-29;15;865
7;2025-11-29;16;905
7;2025-11-29;17;889
7;2025-11-29;18;799
7;2025-11-29;19;679
7;2025-11-29;20;585
7;2025-11-29;21;400
7;2025-11-29;22;226
7;2025-11-29;23;198
7;2025-11-30;0;92
7;2025-11-30;1;24
7;2025-11-30;2;0
7;2025-11-30;3;0
7;2025-11-30;4;1
7;2025-11-30;5;29
7;2025-11-30;6;133
7;2025-11-30;7;171
7;2025-11-30;8;398
7;2025-11-30;9;522
7;2025-11-30;10;391
7;2025-11-30;11;581
7;2025-11-30;12;629
7;2025-11-30;13;630
7;2025-11-30;14;653
7;2025-11-30;15;720
7;2025-11-30;16;619
7;2025-11-30;17;618
7;2025-11-30;18;673
7;2025-11-30;19;479
7;2025-11-30;20;403
7;2025-11-30;21;295
7;2025-11-30;22;151
7;2025-11-30;23;121
7;2025-12-01;0;63
7;2025-12-01;1;11
7;2025-12-01;2;0
7;2025-12-01;3;0
7;2025-12-01;4;1
7;2025-12-01;5;187
7;2025-12-01;6;598
7;2025-12-01;7;1649
7;2025-12-01;8;2749
7;2025-12-01;9;1858
7;2025-12-01;10;1658
7;2025-12-01;11;1582
7;2025-12-01;12;1594
7;2025-12-01;13;1565
7;2025-12-01;14;1556
7;2025-12-01;15;1805
7;2025-12-01;16;1835
7;2025-12-01;17;2397
7;2025-12-01;18;2634
7;2025-12-01;19;1698
7;2025-12-01;20;1114
7;2025-12-01;21;623
7;2025-12-01;22;300
7;2025-12-01;23;158
7;2025-12-02;0;59
7;2025-12-02;1;13
7;2025-12-02;2;0
7;2025-12-02;3;0
7;2025-12-02;4;1
7;2025-12-02;5;184
7;2025-12-02;6;612
7;2025-12-02;7;1627
7;2025-12-02;8;2493
7;2025-12-02;9;1872
7;2025-12-02;10;1723
7;2025-12-02;11;1582
7;2025-12-02;12;1776
7;2025-12-02;13;1581
7;2025-12-02;14;1731
7;2025-12-02;15;1771
7;2025-12-02;16;1881
7;2025-12-02;17;2409
7;2025-12-02;18;2611
7;2025-12-02;19;1682
7;2025-12-02;20;1060
7;2025-12-02;21;648
7;2025-12-02;22;307
7;2025-12-02;23;196
7;2025-12-03;0;59
7;2025-12-03;1;13
7;2025-12-03;2;0
7;2025-12-03;3;0
7;2025-12-03;4;1
7;2025-12-03;5;184
7;2025-12-03;6;612
7;2025-12-03;7;1627
7;2025-12-03;8;2493
7;2025-12-03;9;1872
7;2025-12-03;10;1723
7;2025-12-03;11;1582
7;2025-12-03;12;1776
7;2025-12-03;13;1581
7;2025-12-03;14;1731
7;2025-12-03;15;1771
7;2025-12-03;16;1881
7;2025-12-03;17;2409
7;2025-12-03;18;2611
7;2025-12-03;19;1682
7;2025-12-03;20;1060
7;2025-12-03;21;648
7;2025-12-03;22;307
7;2025-12-03;23;196
7;2025-12-04;0;59
7;2025-12-04;1;13
7;2025-12-04;2;0
7;2025-12-04;3;0
7;2025-12-04;4;1
7;2025-12-04;5;184
7;2025-12-04;6;612
7;2025-12-04;7;1627
7;2025-12-04;8;2493
7;2025-12-04;9;1872
7;2025-12-04;10;1723
7;2025-12-04;11;1582
7;2025-12-04;12;1776
7;2025-12-04;13;1581
7;2025-12-04;14;1731
7;2025-12-04;15;1771
7;2025-12-04;16;1881
7;2025-12-04;17;2409
7;2025-12-04;18;2611
7;2025-12-04;19;1682
7;2025-12-04;20;1060
7;2025-12-04;21;648
7;2025-12-04;22;307
7;2025-12-04;23;196
7;2025-12-05;0;75
7;2025-12-05;1;16
7;2025-12-05;2;1
7;2025-12-05;3;0
7;2025-12-05;4;2
7;2025-12-05;5;175
7;2025-12-05;6;598
7;2025-12-05;7;1476
7;2025-12-05;8;2327
7;2025-12-05;9;1763
7;2025-12-05;10;1741
7;2025-12-05;11;1593
7;2025-12-05;12;1709
7;2025-12-05;13;1686
7;2025-12-05;14;1725
7;2025-12-05;15;1922
7;2025-12-05;16;2164
7;2025-12-05;17;2326
7;2025-12-05;18;1998
7;2025-12-05;19;1402
7;2025-12-05;20;996
7;2025-12-05;21;589
7;2025-12-05;22;313
7;2025-12-05;23;240
7;2025-12-06;0;96
7;2025-12-06;1;25
7;2025-12-06;2;0
7;2025-12-06;3;0
7;2025-12-06;4;1
7;2025-12-06;5;60
7;2025-12-06;6;273
7;2025-12-06;7;522
7;2025-12-06;8;688
7;2025-12-06;9;793
7;2025-12-06;10;780
7;2025-12-06;11;871
7;2025-12-06;12;948
7;2025-12-06;13;1053
7;2025-12-06;14;1079
7;2025-12-06;15;1047
7;2025-12-06;16;974
7;2025-12-06;17;877
7;2025-12-06;18;1109
7;2025-12-06;19;1023
7;2025-12-06;20;763
7;2025-12-06;21;636
7;2025-12-06;22;307
7;2025-12-06;23;250
7;2025-12-07;0;109
7;2025-12-07;1;1
7;2025-12-07;2;0
7;2025-12-07;3;0
7;2025-12-07;4;1
7;2025-12-07;5;45
7;2025-12-07;6;195
7;2025-12-07;7;394
7;2025-12-07;8;648
7;2025-12-07;9;713
7;2025-12-07;10;740
7;2025-12-07;11;1003
7;2025-12-07;12;881
7;2025-12-07;13;997
7;2025-12-07;14;1088
7;2025-12-07;15;1133
7;2025-12-07;16;975
7;2025-12-07;17;941
7;2025-12-07;18;1021
7;2025-12-07;19;996
7;2025-12-07;20;770
7;2025-12-07;21;566
7;2025-12-07;22;310
7;2025-12-07;23;205
7;2025-12-08;0;63
7;2025-12-08;1;11
7;2025-12-08;2;0
7;2025-12-08;3;0
7;2025-12-08;4;1
7;2025-12-08;5;187
7;2025-12-08;6;598
7;2025-12-08;7;1649
7;2025-12-08;8;2749
7;2025-12-08;9;1858
7;2025-12-08;10;1658
7;2025-12-08;11;1582
7;2025-12-08;12;1594
7;2025-12-08;13;1565
7;2025-12-08;14;1556
7;2025-12-08;15;1805
7;2025-12-08;16;1835
7;2025-12-08;17;2397
7;2025-12-08;18;2634
7;2025-12-08;19;1698
7;2025-12-08;20;1114
7;2025-12-08;21;623
7;2025-12-08;22;300
7;2025-12-08;23;158
7;2025-12-09;0;59
7;2025-12-09;1;13
7;2025-12-09;2;0
7;2025-12-09;3;0
7;2025-12-09;4;1
7;2025-12-09;5;184
7;2025-12-09;6;612
7;2025-12-09;7;1627
7;2025-12-09;8;2493
7;2025-12-09;9;1872
7;2025-12-09;10;1723
7;2025-12-09;11;1582
7;2025-12-09;12;1776
7;2025-12-09;13;1581
7;2025-12-09;14;1731
7;2025-12-09;15;1771
7;2025-12-09;16;1881
7;2025-12-09;17;2409
7;2025-12-09;18;2611
7;2025-12-09;19;1682
7;2025-12-09;20;1060
7;2025-12-09;21;648
7;2025-12-09;22;296
7;2025-12-09;23;190
7;2025-12-10;0;57
7;2025-12-10;1;13
7;2025-12-10;2;0
7;2025-12-10;3;0
7;2025-12-10;4;1
7;2025-12-10;5;178
7;2025-12-10;6;591
7;2025-12-10;7;1572
7;2025-12-10;8;2408
7;2025-12-10;9;1808
7;2025-12-10;10;1664
7;2025-12-10;11;1528
7;2025-12-10;12;1776
7;2025-12-10;13;1581
7;2025-12-10;14;1731
7;2025-12-10;15;1771
7;2025-12-10;16;1881
7;2025-12-10;17;2409
7;2025-12-10;18;2611
7;2025-12-10;19;1682
7;2025-12-10;20;1060
7;2025-12-10;21;648
7;2025-12-10;22;307
7;2025-12-10;23;196
7;2025-12-11;0;59
7;2025-12-11;1;13
7;2025-12-11;2;0
7;2025-12-11;3;0
7;2025-12-11;4;1
7;2025-12-11;5;184
7;2025-12-11;6;612
7;2025-12-11;7;1627
7;2025-12-11;8;2336
7;2025-12-11;9;1808
7;2025-12-11;10;1664
7;2025-12-11;11;1528
7;2025-12-11;12;1716
7;2025-12-11;13;1527
7;2025-12-11;14;1731
7;2025-12-11;15;1711
7;2025-12-11;16;1817
7;2025-12-11;17;2327
7;2025-12-11;18;2523
7;2025-12-11;19;1625
7;2025-12-11;20;1024
7;2025-12-11;21;626
7;2025-12-11;22;296
7;2025-12-11;23;196
7;2025-12-12;0;75
7;2025-12-12;1;16
7;2025-12-12;2;1
7;2025-12-12;3;0
7;2025-12-12;4;2
7;2025-12-12;5;175
7;2025-12-12;6;578
7;2025-12-12;7;1476
7;2025-12-12;8;2248
7;2025-12-12;9;1763
7;2025-12-12;10;1682
7;2025-12-12;11;1593
7;2025-12-12;12;1650
7;2025-12-12;13;1580
7;2025-12-12;14;1616
7;2025-12-12;15;1801
7;2025-12-12;16;2091
7;2025-12-12;17;2247
7;2025-12-12;18;1998
7;2025-12-12;19;1402
7;2025-12-12;20;996
7;2025-12-12;21;589
7;2025-12-12;22;302
7;2025-12-12;23;232
7;2025-12-13;0;96
7;2025-12-13;1;24
7;2025-12-13;2;0
7;2025-12-13;3;0
7;2025-12-13;4;1
7;2025-12-13;5;58
7;2025-12-13;6;273
7;2025-12-13;7;505
7;2025-12-13;8;688
7;2025-12-13;9;793
7;2025-12-13;10;780
7;2025-12-13;11;871
7;2025-12-13;12;948
7;2025-12-13;13;1053
7;2025-12-13;14;1079
7;2025-12-13;15;1047
7;2025-12-13;16;974
7;2025-12-13;17;877
7;2025-12-13;18;1109
7;2025-12-13;19;1023
7;2025-12-13;20;737
7;2025-12-13;21;614
7;2025-12-13;22;307
7;2025-12-13;23;241
7;2025-12-14;0;105
7;2025-12-14;1;1
7;2025-12-14;2;0
7;2025-12-14;3;0
7;2025-12-14;4;1
7;2025-12-14;5;45
7;2025-12-14;6;195
7;2025-12-14;7;394
7;2025-12-14;8;626
7;2025-12-14;9;713
7;2025-12-14;10;740
7;2025-12-14;11;1003
7;2025-12-14;12;881
7;2025-12-14;13;997
7;2025-12-14;14;1088
7;2025-12-14;15;1133
7;2025-12-14;16;975
7;2025-12-14;17;941
7;2025-12-14;18;1021
7;2025-12-14;19;996
7;2025-12-14;20;770
7;2025-12-14;21;566
7;2025-12-14;22;310
7;2025-12-14;23;205
7;2025-12-15;0;63
7;2025-12-15;1;11
7;2025-12-15;2;0
7;2025-12-15;3;0
7;2025-12-15;4;1
7;2025-12-15;5;187
7;2025-12-15;6;598
7;2025-12-15;7;1649
7;2025-12-15;8;2749
7;2025-12-15;9;1858
7;2025-12-15;10;1658
7;2025-12-15;11;1528
7;2025-12-15;12;1594
7;2025-12-15;13;1565
7;2025-12-15;14;1556
7;2025-12-15;15;1805
7;2025-12-15;16;1835
7;2025-12-15;17;2397
7;2025-12-15;18;2634
7;2025-12-15;19;1698
7;2025-12-15;20;1114
7;2025-12-15;21;623
7;2025-12-15;22;300
7;2025-12-15;23;158
7;2025-12-16;0;59
7;2025-12-16;1;13
7;2025-12-16;2;0
7;2025-12-16;3;0
7;2025-12-16;4;1
7;2025-12-16;5;184
7;2025-12-16;6;612
7;2025-12-16;7;1627
7;2025-12-16;8;2493
7;2025-12-16;9;1872
7;2025-12-16;10;1664
7;2025-12-16;11;1528
7;2025-12-16;12;1716
7;2025-12-16;13;1481
7;2025-12-16;14;1672
7;2025-12-16;15;1771
7;2025-12-16;16;1881
7;2025-12-16;17;2409
7;2025-12-16;18;2611
7;2025-12-16;19;1682
7;2025-12-16;20;1060
7;2025-12-16;21;648
7;2025-12-16;22;307
7;2025-12-16;23;196
7;2025-12-17;0;57
7;2025-12-17;1;13
7;2025-12-17;2;0
7;2025-12-17;3;0
7;2025-12-17;4;1
7;2025-12-17;5;184
7;2025-12-17;6;612
7;2025-12-17;7;1627
7;2025-12-17;8;2493
7;2025-12-17;9;1872
7;2025-12-17;10;1723
7;2025-12-17;11;1582
7;2025-12-17;12;1776
7;2025-12-17;13;1581
7;2025-12-17;14;1731
7;2025-12-17;15;1771
7;2025-12-17;16;1881
7;2025-12-17;17;2409
7;2025-12-17;18;2611
7;2025-12-17;19;1682
7;2025-12-17;20;1060
7;2025-12-17;21;648
7;2025-12-17;22;307
7;2025-12-17;23;196
7;2025-12-18;0;59
7;2025-12-18;1;13
7;2025-12-18;2;0
7;2025-12-18;3;0
7;2025-12-18;4;1
7;2025-12-18;5;184
7;2025-12-18;6;612
7;2025-12-18;7;1627
7;2025-12-18;8;2493
7;2025-12-18;9;1872
7;2025-12-18;10;1723
7;2025-12-18;11;1582
7;2025-12-18;12;1776
7;2025-12-18;13;1581
7;2025-12-18;14;1731
7;2025-12-18;15;1771
7;2025-12-18;16;1881
7;2025-12-18;17;2409
7;2025-12-18;18;2611
7;2025-12-18;19;1682
7;2025-12-18;20;1060
7;2025-12-18;21;648
7;2025-12-18;22;307
7;2025-12-18;23;196
7;2025-12-19;0;75
7;2025-12-19;1;16
7;2025-12-19;2;1
7;2025-12-19;3;0
7;2025-12-19;4;2
7;2025-12-19;5;175
7;2025-12-19;6;598
7;2025-12-19;7;1476
7;2025-12-19;8;2327
7;2025-12-19;9;1763
7;2025-12-19;10;1741
7;2025-12-19;11;1593
7;2025-12-19;12;1709
7;2025-12-19;13;1686
7;2025-12-19;14;1725
7;2025-12-19;15;1922
7;2025-12-19;16;2164
7;2025-12-19;17;2247
7;2025-12-19;18;1930
7;2025-12-19;19;1402
7;2025-12-19;20;996
7;2025-12-19;21;589
7;2025-12-19;22;313
7;2025-12-19;23;240
7;2025-12-20;0;96
7;2025-12-20;1;25
7;2025-12-20;2;0
7;2025-12-20;3;0
7;2025-12-20;4;1
7;2025-12-20;5;60
7;2025-12-20;6;273
7;2025-12-20;7;522
7;2025-12-20;8;688
7;2025-12-20;9;793
7;2025-12-20;10;780
7;2025-12-20;11;871
7;2025-12-20;12;948
7;2025-12-20;13;1053
7;2025-12-20;14;1079
7;2025-12-20;15;1047
7;2025-12-20;16;974
7;2025-12-20;17;877
7;2025-12-20;18;1109
7;2025-12-20;19;1023
7;2025-12-20;20;763
7;2025-12-20;21;636
7;2025-12-20;22;307
7;2025-12-20;23;250
7;2025-12-21;0;109
7;2025-12-21;1;1
7;2025-12-21;2;0
7;2025-12-21;3;0
7;2025-12-21;4;1
7;2025-12-21;5;45
7;2025-12-21;6;188
7;2025-12-21;7;381
7;2025-12-21;8;648
7;2025-12-21;9;713
7;2025-12-21;10;740
7;2025-12-21;11;1003
7;2025-12-21;12;881
7;2025-12-21;13;997
7;2025-12-21;14;1088
7;2025-12-21;15;1133
7;2025-12-21;16;975
7;2025-12-21;17;941
7;2025-12-21;18;1021
7;2025-12-21;19;996
7;2025-12-21;20;770
7;2025-12-21;21;566
7;2025-12-21;22;299
7;2025-12-21;23;205
7;2025-12-22;0;61
7;2025-12-22;1;10
7;2025-12-22;2;0
7;2025-12-22;3;0
7;2025-12-22;4;1
7;2025-12-22;5;187
7;2025-12-22;6;598
7;2025-12-22;7;1649
7;2025-12-22;8;2749
7;2025-12-22;9;1794
7;2025-12-22;10;1601
7;2025-12-22;11;1528
7;2025-12-22;12;1540
7;2025-12-22;13;1565
7;2025-12-22;14;1556
7;2025-12-22;15;1743
7;2025-12-22;16;1835
7;2025-12-22;17;2397
7;2025-12-22;18;2544
7;2025-12-22;19;1698
7;2025-12-22;20;1114
7;2025-12-22;21;623
7;2025-12-22;22;289
7;2025-12-22;23;153
7;2025-12-23;0;59
7;2025-12-23;1;13
7;2025-12-23;2;0
7;2025-12-23;3;0
7;2025-12-23;4;1
7;2025-12-23;5;184
7;2025-12-23;6;612
7;2025-12-23;7;1627
7;2025-12-23;8;2493
7;2025-12-23;9;1872
7;2025-12-23;10;1723
7;2025-12-23;11;1582
7;2025-12-23;12;1776
7;2025-12-23;13;1581
7;2025-12-23;14;1731
7;2025-12-23;15;1771
7;2025-12-23;16;1881
7;2025-12-23;17;2409
7;2025-12-23;18;2611
7;2025-12-23;19;1682
7;2025-12-23;20;1060
7;2025-12-23;21;648
7;2025-12-23;22;307
7;2025-12-23;23;196
7;2025-12-24;0;59
7;2025-12-24;1;13
7;2025-12-24;2;0
7;2025-12-24;3;0
7;2025-12-24;4;1
7;2025-12-24;5;184
7;2025-12-24;6;612
7;2025-12-24;7;1627
7;2025-12-24;8;2493
7;2025-12-24;9;1872
7;2025-12-24;10;1723
7;2025-12-24;11;1582
7;2025-12-24;12;1716
7;2025-12-24;13;1527
7;2025-12-24;14;1731
7;2025-12-24;15;1711
7;2025-12-24;16;1881
7;2025-12-24;17;2409
7;2025-12-24;18;2523
7;2025-12-24;19;1682
7;2025-12-24;20;1060
7;2025-12-24;21;626
7;2025-12-24;22;296
7;2025-12-24;23;190
7;2025-12-25;0;57
7;2025-12-25;1;13
7;2025-12-25;2;0
7;2025-12-25;3;0
7;2025-12-25;4;1
7;2025-12-25;5;184
7;2025-12-25;6;591
7;2025-12-25;7;1627
7;2025-12-25;8;2493
7;2025-12-25;9;1872
7;2025-12-25;10;1723
7;2025-12-25;11;1582
7;2025-12-25;12;1776
7;2025-12-25;13;1581
7;2025-12-25;14;1731
7;2025-12-25;15;1771
7;2025-12-25;16;1881
7;2025-12-25;17;2327
7;2025-12-25;18;2523
7;2025-12-25;19;1625
7;2025-12-25;20;1024
7;2025-12-25;21;626
7;2025-12-25;22;287
7;2025-12-25;23;184
7;2025-12-26;0;71
7;2025-12-26;1;15
7;2025-12-26;2;0
7;2025-12-26;3;0
7;2025-12-26;4;1
7;2025-12-26;5;169
7;2025-12-26;6;561
7;2025-12-26;7;1426
7;2025-12-26;8;2248
7;2025-12-26;9;1703
7;2025-12-26;10;1682
7;2025-12-26;11;1492
7;2025-12-26;12;1650
7;2025-12-26;13;1629
7;2025-12-26;14;1666
7;2025-12-26;15;1856
7;2025-12-26;16;2091
7;2025-12-26;17;2247
7;2025-12-26;18;1930
7;2025-12-26;19;1354
7;2025-12-26;20;962
7;2025-12-26;21;569
7;2025-12-26;22;302
7;2025-12-26;23;240
7;2025-12-27;0;96
7;2025-12-27;1;24
7;2025-12-27;2;0
7;2025-12-27;3;0
7;2025-12-27;4;1
7;2025-12-27;5;60
7;2025-12-27;6;273
7;2025-12-27;7;522
7;2025-12-27;8;688
7;2025-12-27;9;766
7;2025-12-27;10;780
7;2025-12-27;11;871
7;2025-12-27;12;948
7;2025-12-27;13;1053
7;2025-12-27;14;1079
7;2025-12-27;15;1047
7;2025-12-27;16;974
7;2025-12-27;17;877
7;2025-12-27;18;1109
7;2025-12-27;19;1023
7;2025-12-27;20;763
7;2025-12-27;21;614
7;2025-12-27;22;297
7;2025-12-27;23;241
7;2025-12-28;0;105
7;2025-12-28;1;1
7;2025-12-28;2;0
7;2025-12-28;3;0
7;2025-12-28;4;1
7;2025-12-28;5;44
7;2025-12-28;6;188
7;2025-12-28;7;381
7;2025-12-28;8;626
7;2025-12-28;9;688
7;2025-12-28;10;715
7;2025-12-28;11;969
7;2025-12-28;12;851
7;2025-12-28;13;963
7;2025-12-28;14;1051
7;2025-12-28;15;1094
7;2025-12-28;16;975
7;2025-12-28;17;941
7;2025-12-28;18;1021
7;2025-12-28;19;996
7;2025-12-28;20;744
7;2025-12-28;21;547
7;2025-12-28;22;299
7;2025-12-28;23;205
7;2025-12-29;0;53
7;2025-12-29;1;9
7;2025-12-29;2;0
7;2025-12-29;3;0
7;2025-12-29;4;0
7;2025-12-29;5;154
7;2025-12-29;6;508
7;2025-12-29;7;1401
7;2025-12-29;8;2257
7;2025-12-29;9;1525
7;2025-12-29;10;1361
7;2025-12-29;11;1299
7;2025-12-29;12;1309
7;2025-12-29;13;1285
7;2025-12-29;14;1278
7;2025-12-29;15;1482
7;2025-12-29;16;1507
7;2025-12-29;17;1968
7;2025-12-29;18;2162
7;2025-12-29;19;1395
7;2025-12-29;20;914
7;2025-12-29;21;512
7;2025-12-29;22;246
7;2025-12-29;23;130
7;2025-12-30;0;48
7;2025-12-30;1;11
7;2025-12-30;2;0
7;2025-12-30;3;0
7;2025-12-30;4;1
7;2025-12-30;5;151
7;2025-12-30;6;502
7;2025-12-30;7;1336
7;2025-12-30;8;2047
7;2025-12-30;9;1537
7;2025-12-30;10;1415
7;2025-12-30;11;1299
7;2025-12-30;12;1459
7;2025-12-30;13;1298
7;2025-12-30;14;1421
7;2025-12-30;15;1454
7;2025-12-30;16;1544
7;2025-12-30;17;1978
7;2025-12-30;18;2144
7;2025-12-30;19;1381
7;2025-12-30;20;870
7;2025-12-30;21;532
7;2025-12-30;22;252
7;2025-12-30;23;161
7;2025-12-31;0;89
7;2025-12-31;1;1
7;2025-12-31;2;0
7;2025-12-31;3;0
7;2025-12-31;4;1
7;2025-12-31;5;37
7;2025-12-31;6;160
7;2025-12-31;7;324
7;2025-12-31;8;532
7;2025-12-31;9;585
7;2025-12-31;10;608
7;2025-12-31;11;823
7;2025-12-31;12;749
7;2025-12-31;13;818
7;2025-12-31;14;893
7;2025-12-31;15;930
7;2025-12-31;16;829
7;2025-12-31;17;800
7;2025-12-31;18;838
7;2025-12-31;19;817
7;2025-12-31;20;655
7;2025-12-31;21;481
7;2025-12-31;22;254
7;2025-12-31;23;168
11;2025-11-01;0;58
11;2025-11-01;1;1
11;2025-11-01;2;0
11;2025-11-01;3;0
11;2025-11-01;4;0
11;2025-11-01;5;215
11;2025-11-01;6;1139
11;2025-11-01;7;2059
11;2025-11-01;8;2762
11;2025-11-01;9;1938
11;2025-11-01;10;1666
11;2025-11-01;11;1503
11;2025-11-01;12;1662
11;2025-11-01;13;1581
11;2025-11-01;14;1755
11;2025-11-01;15;1768
11;2025-11-01;16;1974
11;2025-11-01;17;2421
11;2025-11-01;18;2079
11;2025-11-01;19;1568
11;2025-11-01;20;1135
11;2025-11-01;21;718
11;2025-11-01;22;305
11;2025-11-01;23;287
11;2025-11-02;0;105
11;2025-11-02;1;14
11;2025-11-02;2;0
11;2025-11-02;3;0
11;2025-11-02;4;0
11;2025-11-02;5;104
11;2025-11-02;6;464
11;2025-11-02;7;460
11;2025-11-02;8;662
11;2025-11-02;9;913
11;2025-11-02;10;997
11;2025-11-02;11;1460
11;2025-11-02;12;1524
11;2025-11-02;13;1367
11;2025-11-02;14;1576
11;2025-11-02;15;1526
11;2025-11-02;16;1471
11;2025-11-02;17;1622
11;2025-11-02;18;1189
11;2025-11-02;19;915
11;2025-11-02;20;747
11;2025-11-02;21;555
11;2025-11-02;22;324
11;2025-11-02;23;219
11;2025-11-03;0;105
11;2025-11-03;1;14
11;2025-11-03;2;0
11;2025-11-03;3;0
11;2025-11-03;4;0
11;2025-11-03;5;104
11;2025-11-03;6;464
11;2025-11-03;7;460
11;2025-11-03;8;662
11;2025-11-03;9;913
11;2025-11-03;10;997
11;2025-11-03;11;1410
11;2025-11-03;12;1472
11;2025-11-03;13;1367
11;2025-11-03;14;1522
11;2025-11-03;15;1474
11;2025-11-03;16;1471
11;2025-11-03;17;1622
11;2025-11-03;18;1189
11;2025-11-03;19;915
11;2025-11-03;20;747
11;2025-11-03;21;555
11;2025-11-03;22;324
11;2025-11-03;23;219
11;2025-11-04;0;101
11;2025-11-04;1;14
11;2025-11-04;2;0
11;2025-11-04;3;0
11;2025-11-04;4;0
11;2025-11-04;5;104
11;2025-11-04;6;464
11;2025-11-04;7;460
11;2025-11-04;8;639
11;2025-11-04;9;882
11;2025-11-04;10;963
11;2025-11-04;11;1410
11;2025-11-04;12;1428
11;2025-11-04;13;1326
11;2025-11-04;14;1576
11;2025-11-04;15;1526
11;2025-11-04;16;1471
11;2025-11-04;17;1622
11;2025-11-04;18;1189
11;2025-11-04;19;915
11;2025-11-04;20;747
11;2025-11-04;21;555
11;2025-11-04;22;324
11;2025-11-04;23;219
11;2025-11-05;0;56
11;2025-11-05;1;0
11;2025-11-05;2;0
11;2025-11-05;3;0
11;2025-11-05;4;0
11;2025-11-05;5;242
11;2025-11-05;6;1338
11;2025-11-05;7;2586
11;2025-11-05;8;3334
11;2025-11-05;9;2541
11;2025-11-05;10;2125
11;2025-11-05;11;2050
11;2025-11-05;12;2087
11;2025-11-05;13;2114
11;2025-11-05;14;2195
11;2025-11-05;15;1976
11;2025-11-05;16;2228
11;2025-11-05;17;2845
11;2025-11-05;18;3209
11;2025-11-05;19;2374
11;2025-11-05;20;1491
11;2025-11-05;21;831
11;2025-11-05;22;394
11;2025-11-05;23;243
11;2025-11-06;0;56
11;2025-11-06;1;0
11;2025-11-06;2;0
11;2025-11-06;3;0
11;2025-11-06;4;0
11;2025-11-06;5;242
11;2025-11-06;6;1338
11;2025-11-06;7;2586
11;2025-11-06;8;3334
11;2025-11-06;9;2541
11;2025-11-06;10;2125
11;2025-11-06;11;1980
11;2025-11-06;12;2087
11;2025-11-06;13;2114
11;2025-11-06;14;2195
11;2025-11-06;15;1909
11;2025-11-06;16;2152
11;2025-11-06;17;2845
11;2025-11-06;18;3209
11;2025-11-06;19;2374
11;2025-11-06;20;1397
11;2025-11-06;21;831
11;2025-11-06;22;394
11;2025-11-06;23;234
11;2025-11-07;0;67
11;2025-11-07;1;1
11;2025-11-07;2;0
11;2025-11-07;3;0
11;2025-11-07;4;0
11;2025-11-07;5;240
11;2025-11-07;6;1317
11;2025-11-07;7;2380
11;2025-11-07;8;3083
11;2025-11-07;9;2163
11;2025-11-07;10;1925
11;2025-11-07;11;1737
11;2025-11-07;12;1921
11;2025-11-07;13;1827
11;2025-11-07;14;2028
11;2025-11-07;15;2044
11;2025-11-07;16;2281
11;2025-11-07;17;2798
11;2025-11-07;18;2402
11;2025-11-07;19;1812
11;2025-11-07;20;1312
11;2025-11-07;21;829
11;2025-11-07;22;353
11;2025-11-07;23;332
11;2025-11-08;0;107
11;2025-11-08;1;0
11;2025-11-08;2;0
11;2025-11-08;3;0
11;2025-11-08;4;0
11;2025-11-08;5;171
11;2025-11-08;6;834
11;2025-11-08;7;773
11;2025-11-08;8;1043
11;2025-11-08;9;1184
11;2025-11-08;10;1385
11;2025-11-08;11;1727
11;2025-11-08;12;1996
11;2025-11-08;13;1811
11;2025-11-08;14;2068
11;2025-11-08;15;1948
11;2025-11-08;16;1802
11;2025-11-08;17;1893
11;2025-11-08;18;1517
11;2025-11-08;19;1496
11;2025-11-08;20;977
11;2025-11-08;21;712
11;2025-11-08;22;408
11;2025-11-08;23;291
11;2025-11-09;0;105
11;2025-11-09;1;14
11;2025-11-09;2;0
11;2025-11-09;3;0
11;2025-11-09;4;0
11;2025-11-09;5;104
11;2025-11-09;6;464
11;2025-11-09;7;460
11;2025-11-09;8;662
11;2025-11-09;9;913
11;2025-11-09;10;997
11;2025-11-09;11;1460
11;2025-11-09;12;1524
11;2025-11-09;13;1415
11;2025-11-09;14;1576
11;2025-11-09;15;1526
11;2025-11-09;16;1471
11;2025-11-09;17;1622
11;2025-11-09;18;1189
11;2025-11-09;19;915
11;2025-11-09;20;747
11;2025-11-09;21;555
11;2025-11-09;22;324
11;2025-11-09;23;219
11;2025-11-10;0;78
11;2025-11-10;1;12
11;2025-11-10;2;0
11;2025-11-10;3;0
11;2025-11-10;4;1
11;2025-11-10;5;246
11;2025-11-10;6;1391
11;2025-11-10;7;2492
11;2025-11-10;8;3201
11;2025-11-10;9;2450
11;2025-11-10;10;1918
11;2025-11-10;11;1936
11;2025-11-10;12;1857
11;2025-11-10;13;1934
11;2025-11-10;14;2072
11;2025-11-10;15;2138
11;2025-11-10;16;2297
11;2025-11-10;17;2888
11;2025-11-10;18;3030
11;2025-11-10;19;2194
11;2025-11-10;20;1176
11;2025-11-10;21;770
11;2025-11-10;22;327
11;2025-11-10;23;220
11;2025-11-11;0;56
11;2025-11-11;1;0
11;2025-11-11;2;0
11;2025-11-11;3;0
11;2025-11-11;4;0
11;2025-11-11;5;242
11;2025-11-11;6;1338
11;2025-11-11;7;2586
11;2025-11-11;8;3334
11;2025-11-11;9;2541
11;2025-11-11;10;2125
11;2025-11-11;11;2050
11;2025-11-11;12;2087
11;2025-11-11;13;2114
11;2025-11-11;14;2195
11;2025-11-11;15;1976
11;2025-11-11;16;2228
11;2025-11-11;17;2845
11;2025-11-11;18;3209
11;2025-11-11;19;2374
11;2025-11-11;20;1491
11;2025-11-11;21;831
11;2025-11-11;22;394
11;2025-11-11;23;243
11;2025-11-12;0;56
11;2025-11-12;1;0
11;2025-11-12;2;0
11;2025-11-12;3;0
11;2025-11-12;4;0
11;2025-11-12;5;242
11;2025-11-12;6;1338
11;2025-11-12;7;2586
11;2025-11-12;8;3334
11;2025-11-12;9;2541
11;2025-11-12;10;2052
11;2025-11-12;11;1980
11;2025-11-12;12;2016
11;2025-11-12;13;2042
11;2025-11-12;14;2120
11;2025-11-12;15;1909
11;2025-11-12;16;2228
11;2025-11-12;17;2845
11;2025-11-12;18;3100
11;2025-11-12;19;2374
11;2025-11-12;20;1491
11;2025-11-12;21;831
11;2025-11-12;22;394
11;2025-11-12;23;243
11;2025-11-13;0;56
11;2025-11-13;1;0
11;2025-11-13;2;0
11;2025-11-13;3;0
11;2025-11-13;4;0
11;2025-11-13;5;242
11;2025-11-13;6;1293
11;2025-11-13;7;2586
11;2025-11-13;8;3334
11;2025-11-13;9;2541
11;2025-11-13;10;2125
11;2025-11-13;11;2050
11;2025-11-13;12;2087
11;2025-11-13;13;2114
11;2025-11-13;14;2195
11;2025-11-13;15;1976
11;2025-11-13;16;2228
11;2025-11-13;17;2845
11;2025-11-13;18;3209
11;2025-11-13;19;2374
11;2025-11-13;20;1491
11;2025-11-13;21;831
11;2025-11-13;22;394
11;2025-11-13;23;243
11;2025-11-14;0;67
11;2025-11-14;1;1
11;2025-11-14;2;0
11;2025-11-14;3;0
11;2025-11-14;4;0
11;2025-11-14;5;248
11;2025-11-14;6;1317
11;2025-11-14;7;2380
11;2025-11-14;8;3192
11;2025-11-14;9;2239
11;2025-11-14;10;1925
11;2025-11-14;11;1737
11;2025-11-14;12;1921
11;2025-11-14;13;1827
11;2025-11-14;14;2028
11;2025-11-14;15;2044
11;2025-11-14;16;2281
11;2025-11-14;17;2798
11;2025-11-14;18;2402
11;2025-11-14;19;1812
11;2025-11-14;20;1267
11;2025-11-14;21;801
11;2025-11-14;22;341
11;2025-11-14;23;321
11;2025-11-15;0;100
11;2025-11-15;1;0
11;2025-11-15;2;0
11;2025-11-15;3;0
11;2025-11-15;4;0
11;2025-11-15;5;160
11;2025-11-15;6;781
11;2025-11-15;7;724
11;2025-11-15;8;977
11;2025-11-15;9;1109
11;2025-11-15;10;1297
11;2025-11-15;11;1618
11;2025-11-15;12;1929
11;2025-11-15;13;1749
11;2025-11-15;14;2068
11;2025-11-15;15;1948
11;2025-11-15;16;1802
11;2025-11-15;17;1893
11;2025-11-15;18;1517
11;2025-11-15;19;1496
11;2025-11-15;20;977
11;2025-11-15;21;712
11;2025-11-15;22;408
11;2025-11-15;23;291
11;2025-11-16;0;105
11;2025-11-16;1;14
11;2025-11-16;2;0
11;2025-11-16;3;0
11;2025-11-16;4;0
11;2025-11-16;5;104
11;2025-11-16;6;464
11;2025-11-16;7;460
11;2025-11-16;8;662
11;2025-11-16;9;913
11;2025-11-16;10;997
11;2025-11-16;11;1460
11;2025-11-16;12;1524
11;2025-11-16;13;1415
11;2025-11-16;14;1576
11;2025-11-16;15;1526
11;2025-11-16;16;1471
11;2025-11-16;17;1622
11;2025-11-16;18;1189
11;2025-11-16;19;915
11;2025-11-16;20;747
11;2025-11-16;21;555
11;2025-11-16;22;324
11;2025-11-16;23;219
11;2025-11-17;0;78
11;2025-11-17;1;12
11;2025-11-17;2;0
11;2025-11-17;3;0
11;2025-11-17;4;1
11;2025-11-17;5;246
11;2025-11-17;6;1391
11;2025-11-17;7;2492
11;2025-11-17;8;3201
11;2025-11-17;9;2450
11;2025-11-17;10;1853
11;2025-11-17;11;1870
11;2025-11-17;12;1794
11;2025-11-17;13;1812
11;2025-11-17;14;1941
11;2025-11-17;15;2065
11;2025-11-17;16;2219
11;2025-11-17;17;2790
11;2025-11-17;18;3030
11;2025-11-17;19;2194
11;2025-11-17;20;1176
11;2025-11-17;21;743
11;2025-11-17;22;327
11;2025-11-17;23;220
11;2025-11-18;0;56
11;2025-11-18;1;0
11;2025-11-18;2;0
11;2025-11-18;3;0
11;2025-11-18;4;0
11;2025-11-18;5;227
11;2025-11-18;6;1293
11;2025-11-18;7;2586
11;2025-11-18;8;3221
11;2025-11-18;9;2381
11;2025-11-18;10;1991
11;2025-11-18;11;1980
11;2025-11-18;12;2016
11;2025-11-18;13;1981
11;2025-11-18;14;2057
11;2025-11-18;15;1909
11;2025-11-18;16;2228
11;2025-11-18;17;2845
11;2025-11-18;18;3100
11;2025-11-18;19;2293
11;2025-11-18;20;1440
11;2025-11-18;21;831
11;2025-11-18;22;394
11;2025-11-18;23;243
11;2025-11-19;0;56
11;2025-11-19;1;0
11;2025-11-19;2;0
11;2025-11-19;3;0
11;2025-11-19;4;0
11;2025-11-19;5;242
11;2025-11-19;6;1338
11;2025-11-19;7;2586
11;2025-11-19;8;3334
11;2025-11-19;9;2541
11;2025-11-19;10;2125
11;2025-11-19;11;2050
11;2025-11-19;12;2087
11;2025-11-19;13;2114
11;2025-11-19;14;2195
11;2025-11-19;15;1976
11;2025-11-19;16;2228
11;2025-11-19;17;2845
11;2025-11-19;18;3209
11;2025-11-19;19;2374
11;2025-11-19;20;1491
11;2025-11-19;21;831
11;2025-11-19;22;394
11;2025-11-19;23;243
11;2025-11-20;0;56
11;2025-11-20;1;0
11;2025-11-20;2;0
11;2025-11-20;3;0
11;2025-11-20;4;0
11;2025-11-20;5;242
11;2025-11-20;6;1338
11;2025-11-20;7;2586
11;2025-11-20;8;3334
11;2025-11-20;9;2541
11;2025-11-20;10;2125
11;2025-11-20;11;2050
11;2025-11-20;12;2087
11;2025-11-20;13;2114
11;2025-11-20;14;2195
11;2025-11-20;15;1976
11;2025-11-20;16;2228
11;2025-11-20;17;2845
11;2025-11-20;18;3209
11;2025-11-20;19;2374
11;2025-11-20;20;1491
11;2025-11-20;21;831
11;2025-11-20;22;394
11;2025-11-20;23;243
11;2025-11-21;0;67
11;2025-11-21;1;1
11;2025-11-21;2;0
11;2025-11-21;3;0
11;2025-11-21;4;0
11;2025-11-21;5;240
11;2025-11-21;6;1272
11;2025-11-21;7;2299
11;2025-11-21;8;3192
11;2025-11-21;9;2239
11;2025-11-21;10;1925
11;2025-11-21;11;1737
11;2025-11-21;12;1855
11;2025-11-21;13;1827
11;2025-11-21;14;2028
11;2025-11-21;15;2044
11;2025-11-21;16;2281
11;2025-11-21;17;2798
11;2025-11-21;18;2402
11;2025-11-21;19;1812
11;2025-11-21;20;1312
11;2025-11-21;21;829
11;2025-11-21;22;353
11;2025-11-21;23;332
11;2025-11-22;0;107
11;2025-11-22;1;0
11;2025-11-22;2;0
11;2025-11-22;3;0
11;2025-11-22;4;0
11;2025-11-22;5;160
11;2025-11-22;6;806
11;2025-11-22;7;746
11;2025-11-22;8;1007
11;2025-11-22;9;1144
11;2025-11-22;10;1385
11;2025-11-22;11;1727
11;2025-11-22;12;1996
11;2025-11-22;13;1811
11;2025-11-22;14;2068
11;2025-11-22;15;1948
11;2025-11-22;16;1802
11;2025-11-22;17;1893
11;2025-11-22;18;1517
11;2025-11-22;19;1496
11;2025-11-22;20;977
11;2025-11-22;21;688
11;2025-11-22;22;394
11;2025-11-22;23;281
11;2025-11-23;0;101
11;2025-11-23;1;14
11;2025-11-23;2;0
11;2025-11-23;3;0
11;2025-11-23;4;0
11;2025-11-23;5;104
11;2025-11-23;6;464
11;2025-11-23;7;460
11;2025-11-23;8;662
11;2025-11-23;9;913
11;2025-11-23;10;997
11;2025-11-23;11;1460
11;2025-11-23;12;1524
11;2025-11-23;13;1415
11;2025-11-23;14;1576
11;2025-11-23;15;1526
11;2025-11-23;16;1471
11;2025-11-23;17;1622
11;2025-11-23;18;1189
11;2025-11-23;19;915
11;2025-11-23;20;747
11;2025-11-23;21;555
11;2025-11-23;22;324
11;2025-11-23;23;219
11;2025-11-24;0;78
11;2025-11-24;1;12
11;2025-11-24;2;0
11;2025-11-24;3;0
11;2025-11-24;4;1
11;2025-11-24;5;230
11;2025-11-24;6;1304
11;2025-11-24;7;2407
11;2025-11-24;8;3092
11;2025-11-24;9;2367
11;2025-11-24;10;1797
11;2025-11-24;11;1814
11;2025-11-24;12;1794
11;2025-11-24;13;1868
11;2025-11-24;14;2001
11;2025-11-24;15;2065
11;2025-11-24;16;2297
11;2025-11-24;17;2888
11;2025-11-24;18;3030
11;2025-11-24;19;2194
11;2025-11-24;20;1176
11;2025-11-24;21;770
11;2025-11-24;22;327
11;2025-11-24;23;220
11;2025-11-25;0;56
11;2025-11-25;1;0
11;2025-11-25;2;0
11;2025-11-25;3;0
11;2025-11-25;4;0
11;2025-11-25;5;242
11;2025-11-25;6;1338
11;2025-11-25;7;2586
11;2025-11-25;8;3334
11;2025-11-25;9;2541
11;2025-11-25;10;2125
11;2025-11-25;11;2050
11;2025-11-25;12;2087
11;2025-11-25;13;2114
11;2025-11-25;14;2195
11;2025-11-25;15;1976
11;2025-11-25;16;2228
11;2025-11-25;17;2845
11;2025-11-25;18;3209
11;2025-11-25;19;2374
11;2025-11-25;20;1491
11;2025-11-25;21;831
11;2025-11-25;22;394
11;2025-11-25;23;243
11;2025-11-26;0;54
11;2025-11-26;1;0
11;2025-11-26;2;0
11;2025-11-26;3;0
11;2025-11-26;4;0
11;2025-11-26;5;227
11;2025-11-26;6;1254
11;2025-11-26;7;2498
11;2025-11-26;8;3221
11;2025-11-26;9;2454
11;2025-11-26;10;2052
11;2025-11-26;11;1980
11;2025-11-26;12;2016
11;2025-11-26;13;2042
11;2025-11-26;14;2120
11;2025-11-26;15;1909
11;2025-11-26;16;2152
11;2025-11-26;17;2748
11;2025-11-26;18;3100
11;2025-11-26;19;2293
11;2025-11-26;20;1440
11;2025-11-26;21;803
11;2025-11-26;22;381
11;2025-11-26;23;234
11;2025-11-27;0;54
11;2025-11-27;1;0
11;2025-11-27;2;0
11;2025-11-27;3;0
11;2025-11-27;4;0
11;2025-11-27;5;242
11;2025-11-27;6;1338
11;2025-11-27;7;2586
11;2025-11-27;8;3334
11;2025-11-27;9;2541
11;2025-11-27;10;2125
11;2025-11-27;11;1980
11;2025-11-27;12;2016
11;2025-11-27;13;2042
11;2025-11-27;14;2120
11;2025-11-27;15;1976
11;2025-11-27;16;2228
11;2025-11-27;17;2748
11;2025-11-27;18;3007
11;2025-11-27;19;2293
11;2025-11-27;20;1440
11;2025-11-27;21;803
11;2025-11-27;22;369
11;2025-11-27;23;227
11;2025-11-28;0;62
11;2025-11-28;1;1
11;2025-11-28;2;0
11;2025-11-28;3;0
11;2025-11-28;4;0
11;2025-11-28;5;240
11;2025-11-28;6;1317
11;2025-11-28;7;2380
11;2025-11-28;8;3192
11;2025-11-28;9;2239
11;2025-11-28;10;1925
11;2025-11-28;11;1737
11;2025-11-28;12;1921
11;2025-11-28;13;1827
11;2025-11-28;14;2028
11;2025-11-28;15;2044
11;2025-11-28;16;2281
11;2025-11-28;17;2798
11;2025-11-28;18;2402
11;2025-11-28;19;1812
11;2025-11-28;20;1312
11;2025-11-28;21;829
11;2025-11-28;22;353
11;2025-11-28;23;332
11;2025-11-29;0;107
11;2025-11-29;1;0
11;2025-11-29;2;0
11;2025-11-29;3;0
11;2025-11-29;4;0
11;2025-11-29;5;171
11;2025-11-29;6;834
11;2025-11-29;7;773
11;2025-11-29;8;1043
11;2025-11-29;9;1184
11;2025-11-29;10;1385
11;2025-11-29;11;1727
11;2025-11-29;12;1996
11;2025-11-29;13;1811
11;2025-11-29;14;2068
11;2025-11-29;15;1948
11;2025-11-29;16;1802
11;2025-11-29;17;1893
11;2025-11-29;18;1517
11;2025-11-29;19;1496
11;2025-11-29;20;977
11;2025-11-29;21;712
11;2025-11-29;22;408
11;2025-11-29;23;291
11;2025-11-30;0;101
11;2025-11-30;1;14
11;2025-11-30;2;0
11;2025-11-30;3;0
11;2025-11-30;4;0
11;2025-11-30;5;104
11;2025-11-30;6;464
11;2025-11-30;7;460
11;2025-11-30;8;662
11;2025-11-30;9;913
11;2025-11-30;10;997
11;2025-11-30;11;1460
11;2025-11-30;12;1524
11;2025-11-30;13;1415
11;2025-11-30;14;1576
11;2025-11-30;15;1526
11;2025-11-30;16;1471
11;2025-11-30;17;1622
11;2025-11-30;18;1189
11;2025-11-30;19;915
11;2025-11-30;20;747
11;2025-11-30;21;555
11;2025-11-30;22;324
11;2025-11-30;23;219
11;2025-12-01;0;78
11;2025-12-01;1;12
11;2025-12-01;2;0
11;2025-12-01;3;0
11;2025-12-01;4;1
11;2025-12-01;5;246
11;2025-12-01;6;1392
11;2025-12-01;7;2493
11;2025-12-01;8;3203
11;2025-12-01;9;2451
11;2025-12-01;10;1919
11;2025-12-01;11;1937
11;2025-12-01;12;1858
11;2025-12-01;13;1935
11;2025-12-01;14;2073
11;2025-12-01;15;2139
11;2025-12-01;16;2298
11;2025-12-01;17;2890
11;2025-12-01;18;3031
11;2025-12-01;19;2196
11;2025-12-01;20;1176
11;2025-12-01;21;770
11;2025-12-01;22;327
11;2025-12-01;23;220
11;2025-12-02;0;56
11;2025-12-02;1;0
11;2025-12-02;2;0
11;2025-12-02;3;0
11;2025-12-02;4;0
11;2025-12-02;5;242
11;2025-12-02;6;1339
11;2025-12-02;7;2588
11;2025-12-02;8;3336
11;2025-12-02;9;2542
11;2025-12-02;10;2126
11;2025-12-02;11;2051
11;2025-12-02;12;2088
11;2025-12-02;13;2115
11;2025-12-02;14;2196
11;2025-12-02;15;1977
11;2025-12-02;16;2230
11;2025-12-02;17;2847
11;2025-12-02;18;3211
11;2025-12-02;19;2375
11;2025-12-02;20;1492
11;2025-12-02;21;832
11;2025-12-02;22;394
11;2025-12-02;23;243
11;2025-12-03;0;56
11;2025-12-03;1;0
11;2025-12-03;2;0
11;2025-12-03;3;0
11;2025-12-03;4;0
11;2025-12-03;5;242
11;2025-12-03;6;1339
11;2025-12-03;7;2588
11;2025-12-03;8;3336
11;2025-12-03;9;2542
11;2025-12-03;10;2126
11;2025-12-03;11;2051
11;2025-12-03;12;2088
11;2025-12-03;13;2115
11;2025-12-03;14;2196
11;2025-12-03;15;1977
11;2025-12-03;16;2230
11;2025-12-03;17;2847
11;2025-12-03;18;3211
11;2025-12-03;19;2375
11;2025-12-03;20;1492
11;2025-12-03;21;832
11;2025-12-03;22;394
11;2025-12-03;23;243
11;2025-12-04;0;56
11;2025-12-04;1;0
11;2025-12-04;2;0
11;2025-12-04;3;0
11;2025-12-04;4;0
11;2025-12-04;5;242
11;2025-12-04;6;1339
11;2025-12-04;7;2588
11;2025-12-04;8;3336
11;2025-12-04;9;2542
11;2025-12-04;10;2126
11;2025-12-04;11;2051
11;2025-12-04;12;2088
11;2025-12-04;13;2115
11;2025-12-04;14;2196
11;2025-12-04;15;1977
11;2025-12-04;16;2230
11;2025-12-04;17;2847
11;2025-12-04;18;3211
11;2025-12-04;19;2375
11;2025-12-04;20;1492
11;2025-12-04;21;832
11;2025-12-04;22;394
11;2025-12-04;23;243
11;2025-12-05;0;67
11;2025-12-05;1;1
11;2025-12-05;2;0
11;2025-12-05;3;0
11;2025-12-05;4;0
11;2025-12-05;5;249
11;2025-12-05;6;1317
11;2025-12-05;7;2381
11;2025-12-05;8;3194
11;2025-12-05;9;2240
11;2025-12-05;10;1926
11;2025-12-05;11;1738
11;2025-12-05;12;1922
11;2025-12-05;13;1828
11;2025-12-05;14;2030
11;2025-12-05;15;2045
11;2025-12-05;16;2282
11;2025-12-05;17;2800
11;2025-12-05;18;2404
11;2025-12-05;19;1813
11;2025-12-05;20;1313
11;2025-12-05;21;830
11;2025-12-05;22;353
11;2025-12-05;23;332
11;2025-12-06;0;107
11;2025-12-06;1;0
11;2025-12-06;2;0
11;2025-12-06;3;0
11;2025-12-06;4;0
11;2025-12-06;5;171
11;2025-12-06;6;834
11;2025-12-06;7;773
11;2025-12-06;8;1043
11;2025-12-06;9;1185
11;2025-12-06;10;1385
11;2025-12-06;11;1728
11;2025-12-06;12;1998
11;2025-12-06;13;1812
11;2025-12-06;14;2069
11;2025-12-06;15;1950
11;2025-12-06;16;1803
11;2025-12-06;17;1895
11;2025-12-06;18;1518
11;2025-12-06;19;1497
11;2025-12-06;20;978
11;2025-12-06;21;712
11;2025-12-06;22;408
11;2025-12-06;23;291
11;2025-12-07;0;105
11;2025-12-07;1;14
11;2025-12-07;2;0
11;2025-12-07;3;0
11;2025-12-07;4;0
11;2025-12-07;5;104
11;2025-12-07;6;465
11;2025-12-07;7;461
11;2025-12-07;8;662
11;2025-12-07;9;913
11;2025-12-07;10;998
11;2025-12-07;11;1461
11;2025-12-07;12;1525
11;2025-12-07;13;1416
11;2025-12-07;14;1577
11;2025-12-07;15;1527
11;2025-12-07;16;1472
11;2025-12-07;17;1623
11;2025-12-07;18;1189
11;2025-12-07;19;915
11;2025-12-07;20;747
11;2025-12-07;21;555
11;2025-12-07;22;324
11;2025-12-07;23;219
11;2025-12-08;0;78
11;2025-12-08;1;12
11;2025-12-08;2;0
11;2025-12-08;3;0
11;2025-12-08;4;1
11;2025-12-08;5;246
11;2025-12-08;6;1392
11;2025-12-08;7;2493
11;2025-12-08;8;3203
11;2025-12-08;9;2451
11;2025-12-08;10;1919
11;2025-12-08;11;1937
11;2025-12-08;12;1858
11;2025-12-08;13;1935
11;2025-12-08;14;2073
11;2025-12-08;15;2139
11;2025-12-08;16;2298
11;2025-12-08;17;2890
11;2025-12-08;18;3031
11;2025-12-08;19;2196
11;2025-12-08;20;1176
11;2025-12-08;21;770
11;2025-12-08;22;327
11;2025-12-08;23;220
11;2025-12-09;0;56
11;2025-12-09;1;0
11;2025-12-09;2;0
11;2025-12-09;3;0
11;2025-12-09;4;0
11;2025-12-09;5;242
11;2025-12-09;6;1339
11;2025-12-09;7;2588
11;2025-12-09;8;3336
11;2025-12-09;9;2542
11;2025-12-09;10;2126
11;2025-12-09;11;2051
11;2025-12-09;12;2088
11;2025-12-09;13;2115
11;2025-12-09;14;2196
11;2025-12-09;15;1977
11;2025-12-09;16;2230
11;2025-12-09;17;2847
11;2025-12-09;18;3211
11;2025-12-09;19;2375
11;2025-12-09;20;1492
11;2025-12-09;21;832
11;2025-12-09;22;381
11;2025-12-09;23;234
11;2025-12-10;0;54
11;2025-12-10;1;0
11;2025-12-10;2;0
11;2025-12-10;3;0
11;2025-12-10;4;0
11;2025-12-10;5;234
11;2025-12-10;6;1294
11;2025-12-10;7;2500
11;2025-12-10;8;3223
11;2025-12-10;9;2456
11;2025-12-10;10;2054
11;2025-12-10;11;1981
11;2025-12-10;12;2088
11;2025-12-10;13;2115
11;2025-12-10;14;2196
11;2025-12-10;15;1977
11;2025-12-10;16;2230
11;2025-12-10;17;2847
11;2025-12-10;18;3211
11;2025-12-10;19;2375
11;2025-12-10;20;1492
11;2025-12-10;21;832
11;2025-12-10;22;394
11;2025-12-10;23;243
11;2025-12-11;0;56
11;2025-12-11;1;0
11;2025-12-11;2;0
11;2025-12-11;3;0
11;2025-12-11;4;0
11;2025-12-11;5;242
11;2025-12-11;6;1339
11;2025-12-11;7;2588
11;2025-12-11;8;3126
11;2025-12-11;9;2456
11;2025-12-11;10;2054
11;2025-12-11;11;1981
11;2025-12-11;12;2017
11;2025-12-11;13;2043
11;2025-12-11;14;2196
11;2025-12-11;15;1910
11;2025-12-11;16;2154
11;2025-12-11;17;2750
11;2025-12-11;18;3102
11;2025-12-11;19;2295
11;2025-12-11;20;1441
11;2025-12-11;21;803
11;2025-12-11;22;381
11;2025-12-11;23;243
11;2025-12-12;0;67
11;2025-12-12;1;1
11;2025-12-12;2;0
11;2025-12-12;3;0
11;2025-12-12;4;0
11;2025-12-12;5;249
11;2025-12-12;6;1273
11;2025-12-12;7;2381
11;2025-12-12;8;3085
11;2025-12-12;9;2240
11;2025-12-12;10;1861
11;2025-12-12;11;1738
11;2025-12-12;12;1856
11;2025-12-12;13;1713
11;2025-12-12;14;1902
11;2025-12-12;15;1916
11;2025-12-12;16;2205
11;2025-12-12;17;2705
11;2025-12-12;18;2404
11;2025-12-12;19;1813
11;2025-12-12;20;1313
11;2025-12-12;21;830
11;2025-12-12;22;341
11;2025-12-12;23;321
11;2025-12-13;0;107
11;2025-12-13;1;0
11;2025-12-13;2;0
11;2025-12-13;3;0
11;2025-12-13;4;0
11;2025-12-13;5;166
11;2025-12-13;6;834
11;2025-12-13;7;747
11;2025-12-13;8;1043
11;2025-12-13;9;1185
11;2025-12-13;10;1385
11;2025-12-13;11;1728
11;2025-12-13;12;1998
11;2025-12-13;13;1812
11;2025-12-13;14;2069
11;2025-12-13;15;1950
11;2025-12-13;16;1803
11;2025-12-13;17;1895
11;2025-12-13;18;1518
11;2025-12-13;19;1497
11;2025-12-13;20;945
11;2025-12-13;21;688
11;2025-12-13;22;408
11;2025-12-13;23;282
11;2025-12-14;0;101
11;2025-12-14;1;13
11;2025-12-14;2;0
11;2025-12-14;3;0
11;2025-12-14;4;0
11;2025-12-14;5;104
11;2025-12-14;6;465
11;2025-12-14;7;461
11;2025-12-14;8;640
11;2025-12-14;9;913
11;2025-12-14;10;998
11;2025-12-14;11;1461
11;2025-12-14;12;1525
11;2025-12-14;13;1416
11;2025-12-14;14;1577
11;2025-12-14;15;1527
11;2025-12-14;16;1472
11;2025-12-14;17;1623
11;2025-12-14;18;1189
11;2025-12-14;19;915
11;2025-12-14;20;747
11;2025-12-14;21;555
11;2025-12-14;22;324
11;2025-12-14;23;219
11;2025-12-15;0;78
11;2025-12-15;1;12
11;2025-12-15;2;0
11;2025-12-15;3;0
11;2025-12-15;4;1
11;2025-12-15;5;246
11;2025-12-15;6;1392
11;2025-12-15;7;2493
11;2025-12-15;8;3203
11;2025-12-15;9;2451
11;2025-12-15;10;1919
11;2025-12-15;11;1871
11;2025-12-15;12;1858
11;2025-12-15;13;1935
11;2025-12-15;14;2073
11;2025-12-15;15;2139
11;2025-12-15;16;2298
11;2025-12-15;17;2890
11;2025-12-15;18;3031
11;2025-12-15;19;2196
11;2025-12-15;20;1176
11;2025-12-15;21;770
11;2025-12-15;22;327
11;2025-12-15;23;220
11;2025-12-16;0;56
11;2025-12-16;1;0
11;2025-12-16;2;0
11;2025-12-16;3;0
11;2025-12-16;4;0
11;2025-12-16;5;242
11;2025-12-16;6;1339
11;2025-12-16;7;2588
11;2025-12-16;8;3336
11;2025-12-16;9;2542
11;2025-12-16;10;2054
11;2025-12-16;11;1981
11;2025-12-16;12;2017
11;2025-12-16;13;1982
11;2025-12-16;14;2122
11;2025-12-16;15;1977
11;2025-12-16;16;2230
11;2025-12-16;17;2847
11;2025-12-16;18;3211
11;2025-12-16;19;2375
11;2025-12-16;20;1492
11;2025-12-16;21;832
11;2025-12-16;22;394
11;2025-12-16;23;243
11;2025-12-17;0;54
11;2025-12-17;1;0
11;2025-12-17;2;0
11;2025-12-17;3;0
11;2025-12-17;4;0
11;2025-12-17;5;242
11;2025-12-17;6;1339
11;2025-12-17;7;2588
11;2025-12-17;8;3336
11;2025-12-17;9;2542
11;2025-12-17;10;2126
11;2025-12-17;11;2051
11;2025-12-17;12;2088
11;2025-12-17;13;2115
11;2025-12-17;14;2196
11;2025-12-17;15;1977
11;2025-12-17;16;2230
11;2025-12-17;17;2847
11;2025-12-17;18;3211
11;2025-12-17;19;2375
11;2025-12-17;20;1492
11;2025-12-17;21;832
11;2025-12-17;22;394
11;2025-12-17;23;243
11;2025-12-18;0;56
11;2025-12-18;1;0
11;2025-12-18;2;0
11;2025-12-18;3;0
11;2025-12-18;4;0
11;2025-12-18;5;242
11;2025-12-18;6;1339
11;2025-12-18;7;2588
11;2025-12-18;8;3336
11;2025-12-18;9;2542
11;2025-12-18;10;2126
11;2025-12-18;11;2051
11;2025-12-18;12;2088
11;2025-12-18;13;2115
11;2025-12-18;14;2196
11;2025-12-18;15;1977
11;2025-12-18;16;2230
11;2025-12-18;17;2847
11;2025-12-18;18;3211
11;2025-12-18;19;2375
11;2025-12-18;20;1492
11;2025-12-18;21;832
11;2025-12-18;22;394
11;2025-12-18;23;243
11;2025-12-19;0;67
11;2025-12-19;1;1
11;2025-12-19;2;0
11;2025-12-19;3;0
11;2025-12-19;4;0
11;2025-12-19;5;249
11;2025-12-19;6;1317
11;2025-12-19;7;2381
11;2025-12-19;8;3194
11;2025-12-19;9;2240
11;2025-12-19;10;1926
11;2025-12-19;11;1738
11;2025-12-19;12;1922
11;2025-12-19;13;1828
11;2025-12-19;14;2030
11;2025-12-19;15;2045
11;2025-12-19;16;2282
11;2025-12-19;17;2705
11;2025-12-19;18;2322
11;2025-12-19;19;1813
11;2025-12-19;20;1313
11;2025-12-19;21;830
11;2025-12-19;22;353
11;2025-12-19;23;332
11;2025-12-20;0;107
11;2025-12-20;1;0
11;2025-12-20;2;0
11;2025-12-20;3;0
11;2025-12-20;4;0
11;2025-12-20;5;171
11;2025-12-20;6;834
11;2025-12-20;7;773
11;2025-12-20;8;1043
11;2025-12-20;9;1185
11;2025-12-20;10;1385
11;2025-12-20;11;1728
11;2025-12-20;12;1998
11;2025-12-20;13;1812
11;2025-12-20;14;2069
11;2025-12-20;15;1950
11;2025-12-20;16;1803
11;2025-12-20;17;1895
11;2025-12-20;18;1518
11;2025-12-20;19;1497
11;2025-12-20;20;978
11;2025-12-20;21;712
11;2025-12-20;22;408
11;2025-12-20;23;291
11;2025-12-21;0;105
11;2025-12-21;1;14
11;2025-12-21;2;0
11;2025-12-21;3;0
11;2025-12-21;4;0
11;2025-12-21;5;104
11;2025-12-21;6;449
11;2025-12-21;7;445
11;2025-12-21;8;662
11;2025-12-21;9;913
11;2025-12-21;10;998
11;2025-12-21;11;1461
11;2025-12-21;12;1525
11;2025-12-21;13;1416
11;2025-12-21;14;1577
11;2025-12-21;15;1527
11;2025-12-21;16;1472
11;2025-12-21;17;1623
11;2025-12-21;18;1189
11;2025-12-21;19;915
11;2025-12-21;20;747
11;2025-12-21;21;555
11;2025-12-21;22;313
11;2025-12-21;23;219
11;2025-12-22;0;75
11;2025-12-22;1;12
11;2025-12-22;2;0
11;2025-12-22;3;0
11;2025-12-22;4;1
11;2025-12-22;5;246
11;2025-12-22;6;1392
11;2025-12-22;7;2493
11;2025-12-22;8;3203
11;2025-12-22;9;2368
11;2025-12-22;10;1854
11;2025-12-22;11;1871
11;2025-12-22;12;1795
11;2025-12-22;13;1935
11;2025-12-22;14;2073
11;2025-12-22;15;2066
11;2025-12-22;16;2298
11;2025-12-22;17;2890
11;2025-12-22;18;2928
11;2025-12-22;19;2196
11;2025-12-22;20;1176
11;2025-12-22;21;770
11;2025-12-22;22;316
11;2025-12-22;23;213
11;2025-12-23;0;56
11;2025-12-23;1;0
11;2025-12-23;2;0
11;2025-12-23;3;0
11;2025-12-23;4;0
11;2025-12-23;5;242
11;2025-12-23;6;1339
11;2025-12-23;7;2588
11;2025-12-23;8;3336
11;2025-12-23;9;2542
11;2025-12-23;10;2126
11;2025-12-23;11;2051
11;2025-12-23;12;2088
11;2025-12-23;13;2115
11;2025-12-23;14;2196
11;2025-12-23;15;1977
11;2025-12-23;16;2230
11;2025-12-23;17;2847
11;2025-12-23;18;3211
11;2025-12-23;19;2375
11;2025-12-23;20;1492
11;2025-12-23;21;832
11;2025-12-23;22;394
11;2025-12-23;23;243
11;2025-12-24;0;56
11;2025-12-24;1;0
11;2025-12-24;2;0
11;2025-12-24;3;0
11;2025-12-24;4;0
11;2025-12-24;5;242
11;2025-12-24;6;1339
11;2025-12-24;7;2588
11;2025-12-24;8;3336
11;2025-12-24;9;2542
11;2025-12-24;10;2126
11;2025-12-24;11;2051
11;2025-12-24;12;2017
11;2025-12-24;13;2043
11;2025-12-24;14;2196
11;2025-12-24;15;1910
11;2025-12-24;16;2230
11;2025-12-24;17;2847
11;2025-12-24;18;3102
11;2025-12-24;19;2375
11;2025-12-24;20;1492
11;2025-12-24;21;803
11;2025-12-24;22;381
11;2025-12-24;23;234
11;2025-12-25;0;54
11;2025-12-25;1;0
11;2025-12-25;2;0
11;2025-12-25;3;0
11;2025-12-25;4;0
11;2025-12-25;5;242
11;2025-12-25;6;1294
11;2025-12-25;7;2588
11;2025-12-25;8;3336
11;2025-12-25;9;2542
11;2025-12-25;10;2126
11;2025-12-25;11;2051
11;2025-12-25;12;2088
11;2025-12-25;13;2115
11;2025-12-25;14;2196
11;2025-12-25;15;1977
11;2025-12-25;16;2230
11;2025-12-25;17;2750
11;2025-12-25;18;3102
11;2025-12-25;19;2295
11;2025-12-25;20;1441
11;2025-12-25;21;803
11;2025-12-25;22;370
11;2025-12-25;23;227
11;2025-12-26;0;62
11;2025-12-26;1;1
11;2025-12-26;2;0
11;2025-12-26;3;0
11;2025-12-26;4;0
11;2025-12-26;5;240
11;2025-12-26;6;1234
11;2025-12-26;7;2300
11;2025-12-26;8;3085
11;2025-12-26;9;2164
11;2025-12-26;10;1861
11;2025-12-26;11;1628
11;2025-12-26;12;1856
11;2025-12-26;13;1766
11;2025-12-26;14;1961
11;2025-12-26;15;1975
11;2025-12-26;16;2205
11;2025-12-26;17;2705
11;2025-12-26;18;2322
11;2025-12-26;19;1751
11;2025-12-26;20;1268
11;2025-12-26;21;802
11;2025-12-26;22;341
11;2025-12-26;23;332
11;2025-12-27;0;107
11;2025-12-27;1;0
11;2025-12-27;2;0
11;2025-12-27;3;0
11;2025-12-27;4;0
11;2025-12-27;5;171
11;2025-12-27;6;834
11;2025-12-27;7;773
11;2025-12-27;8;1043
11;2025-12-27;9;1145
11;2025-12-27;10;1385
11;2025-12-27;11;1728
11;2025-12-27;12;1998
11;2025-12-27;13;1812
11;2025-12-27;14;2069
11;2025-12-27;15;1950
11;2025-12-27;16;1803
11;2025-12-27;17;1895
11;2025-12-27;18;1518
11;2025-12-27;19;1497
11;2025-12-27;20;978
11;2025-12-27;21;688
11;2025-12-27;22;394
11;2025-12-27;23;282
11;2025-12-28;0;101
11;2025-12-28;1;13
11;2025-12-28;2;0
11;2025-12-28;3;0
11;2025-12-28;4;0
11;2025-12-28;5;100
11;2025-12-28;6;449
11;2025-12-28;7;445
11;2025-12-28;8;640
11;2025-12-28;9;882
11;2025-12-28;10;964
11;2025-12-28;11;1411
11;2025-12-28;12;1473
11;2025-12-28;13;1368
11;2025-12-28;14;1523
11;2025-12-28;15;1475
11;2025-12-28;16;1472
11;2025-12-28;17;1623
11;2025-12-28;18;1189
11;2025-12-28;19;915
11;2025-12-28;20;722
11;2025-12-28;21;537
11;2025-12-28;22;313
11;2025-12-28;23;219
11;2025-12-29;0;66
11;2025-12-29;1;10
11;2025-12-29;2;0
11;2025-12-29;3;0
11;2025-12-29;4;1
11;2025-12-29;5;202
11;2025-12-29;6;1183
11;2025-12-29;7;2119
11;2025-12-29;8;2630
11;2025-12-29;9;2013
11;2025-12-29;10;1576
11;2025-12-29;11;1591
11;2025-12-29;12;1526
11;2025-12-29;13;1589
11;2025-12-29;14;1702
11;2025-12-29;15;1756
11;2025-12-29;16;1887
11;2025-12-29;17;2373
11;2025-12-29;18;2489
11;2025-12-29;19;1803
11;2025-12-29;20;966
11;2025-12-29;21;632
11;2025-12-29;22;268
11;2025-12-29;23;181
11;2025-12-30;0;46
11;2025-12-30;1;0
11;2025-12-30;2;0
11;2025-12-30;3;0
11;2025-12-30;4;0
11;2025-12-30;5;199
11;2025-12-30;6;1100
11;2025-12-30;7;2125
11;2025-12-30;8;2739
11;2025-12-30;9;2087
11;2025-12-30;10;1746
11;2025-12-30;11;1684
11;2025-12-30;12;1714
11;2025-12-30;13;1737
11;2025-12-30;14;1803
11;2025-12-30;15;1623
11;2025-12-30;16;1831
11;2025-12-30;17;2337
11;2025-12-30;18;2637
11;2025-12-30;19;1951
11;2025-12-30;20;1225
11;2025-12-30;21;683
11;2025-12-30;22;324
11;2025-12-30;23;199
11;2025-12-31;0;86
11;2025-12-31;1;11
11;2025-12-31;2;0
11;2025-12-31;3;0
11;2025-12-31;4;0
11;2025-12-31;5;85
11;2025-12-31;6;382
11;2025-12-31;7;378
11;2025-12-31;8;544
11;2025-12-31;9;750
11;2025-12-31;10;819
11;2025-12-31;11;1200
11;2025-12-31;12;1296
11;2025-12-31;13;1163
11;2025-12-31;14;1295
11;2025-12-31;15;1254
11;2025-12-31;16;1251
11;2025-12-31;17;1380
11;2025-12-31;18;977
11;2025-12-31;19;752
11;2025-12-31;20;635
11;2025-12-31;21;472
11;2025-12-31;22;266
11;2025-12-31;23;180
12;2025-11-01;0;47
12;2025-11-01;1;0
12;2025-11-01;2;0
12;2025-11-01;3;0
12;2025-11-01;4;3
12;2025-11-01;5;276
12;2025-11-01;6;1193
12;2025-11-01;7;2288
12;2025-11-01;8;2818
12;2025-11-01;9;2128
12;2025-11-01;10;1546
12;2025-11-01;11;1597
12;2025-11-01;12;1665
12;2025-11-01;13;1866
12;2025-11-01;14;1662
12;2025-11-01;15;1953
12;2025-11-01;16;2449
12;2025-11-01;17;2438
12;2025-11-01;18;2120
12;2025-11-01;19;1782
12;2025-11-01;20;1156
12;2025-11-01;21;823
12;2025-11-01;22;427
12;2025-11-01;23;281
12;2025-11-02;0;83
12;2025-11-02;1;3
12;2025-11-02;2;0
12;2025-11-02;3;0
12;2025-11-02;4;3
12;2025-11-02;5;133
12;2025-11-02;6;527
12;2025-11-02;7;716
12;2025-11-02;8;732
12;2025-11-02;9;924
12;2025-11-02;10;1168
12;2025-11-02;11;1272
12;2025-11-02;12;1377
12;2025-11-02;13;1555
12;2025-11-02;14;1440
12;2025-11-02;15;1538
12;2025-11-02;16;1533
12;2025-11-02;17;1532
12;2025-11-02;18;1333
12;2025-11-02;19;1018
12;2025-11-02;20;783
12;2025-11-02;21;611
12;2025-11-02;22;389
12;2025-11-02;23;200
12;2025-11-03;0;83
12;2025-11-03;1;3
12;2025-11-03;2;0
12;2025-11-03;3;0
12;2025-11-03;4;3
12;2025-11-03;5;133
12;2025-11-03;6;527
12;2025-11-03;7;716
12;2025-11-03;8;732
12;2025-11-03;9;924
12;2025-11-03;10;1168
12;2025-11-03;11;1229
12;2025-11-03;12;1330
12;2025-11-03;13;1555
12;2025-11-03;14;1392
12;2025-11-03;15;1486
12;2025-11-03;16;1533
12;2025-11-03;17;1532
12;2025-11-03;18;1333
12;2025-11-03;19;1018
12;2025-11-03;20;783
12;2025-11-03;21;611
12;2025-11-03;22;389
12;2025-11-03;23;200
12;2025-11-04;0;80
12;2025-11-04;1;3
12;2025-11-04;2;0
12;2025-11-04;3;0
12;2025-11-04;4;3
12;2025-11-04;5;133
12;2025-11-04;6;527
12;2025-11-04;7;716
12;2025-11-04;8;707
12;2025-11-04;9;893
12;2025-11-04;10;1128
12;2025-11-04;11;1229
12;2025-11-04;12;1290
12;2025-11-04;13;1508
12;2025-11-04;14;1440
12;2025-11-04;15;1538
12;2025-11-04;16;1533
12;2025-11-04;17;1532
12;2025-11-04;18;1333
12;2025-11-04;19;1018
12;2025-11-04;20;783
12;2025-11-04;21;611
12;2025-11-04;22;389
12;2025-11-04;23;200
12;2025-11-05;0;55
12;2025-11-05;1;1
12;2025-11-05;2;0
12;2025-11-05;3;0
12;2025-11-05;4;7
12;2025-11-05;5;331
12;2025-11-05;6;1473
12;2025-11-05;7;2792
12;2025-11-05;8;3784
12;2025-11-05;9;2655
12;2025-11-05;10;2213
12;2025-11-05;11;2103
12;2025-11-05;12;2131
12;2025-11-05;13;2100
12;2025-11-05;14;2038
12;2025-11-05;15;2252
12;2025-11-05;16;2759
12;2025-11-05;17;3146
12;2025-11-05;18;3299
12;2025-11-05;19;2424
12;2025-11-05;20;1569
12;2025-11-05;21;1005
12;2025-11-05;22;501
12;2025-11-05;23;265
12;2025-11-06;0;55
12;2025-11-06;1;1
12;2025-11-06;2;0
12;2025-11-06;3;0
12;2025-11-06;4;7
12;2025-11-06;5;331
12;2025-11-06;6;1473
12;2025-11-06;7;2792
12;2025-11-06;8;3784
12;2025-11-06;9;2655
12;2025-11-06;10;2213
12;2025-11-06;11;2031
12;2025-11-06;12;2131
12;2025-11-06;13;2100
12;2025-11-06;14;2038
12;2025-11-06;15;2175
12;2025-11-06;16;2665
12;2025-11-06;17;3146
12;2025-11-06;18;3299
12;2025-11-06;19;2424
12;2025-11-06;20;1470
12;2025-11-06;21;1005
12;2025-11-06;22;501
12;2025-11-06;23;256
12;2025-11-07;0;58
12;2025-11-07;1;1
12;2025-11-07;2;0
12;2025-11-07;3;0
12;2025-11-07;4;4
12;2025-11-07;5;332
12;2025-11-07;6;1484
12;2025-11-07;7;2845
12;2025-11-07;8;3385
12;2025-11-07;9;2557
12;2025-11-07;10;1923
12;2025-11-07;11;1987
12;2025-11-07;12;2071
12;2025-11-07;13;2321
12;2025-11-07;14;2066
12;2025-11-07;15;2429
12;2025-11-07;16;3046
12;2025-11-07;17;3032
12;2025-11-07;18;2637
12;2025-11-07;19;2216
12;2025-11-07;20;1438
12;2025-11-07;21;1023
12;2025-11-07;22;531
12;2025-11-07;23;350
12;2025-11-08;0;74
12;2025-11-08;1;2
12;2025-11-08;2;0
12;2025-11-08;3;0
12;2025-11-08;4;1
12;2025-11-08;5;232
12;2025-11-08;6;790
12;2025-11-08;7;939
12;2025-11-08;8;1075
12;2025-11-08;9;1318
12;2025-11-08;10;1535
12;2025-11-08;11;1532
12;2025-11-08;12;1585
12;2025-11-08;13;1817
12;2025-11-08;14;1634
12;2025-11-08;15;1605
12;2025-11-08;16;1740
12;2025-11-08;17;1692
12;2025-11-08;18;1622
12;2025-11-08;19;1435
12;2025-11-08;20;927
12;2025-11-08;21;813
12;2025-11-08;22;411
12;2025-11-08;23;307
12;2025-11-09;0;83
12;2025-11-09;1;3
12;2025-11-09;2;0
12;2025-11-09;3;0
12;2025-11-09;4;3
12;2025-11-09;5;133
12;2025-11-09;6;527
12;2025-11-09;7;716
12;2025-11-09;8;732
12;2025-11-09;9;924
12;2025-11-09;10;1168
12;2025-11-09;11;1272
12;2025-11-09;12;1377
12;2025-11-09;13;1610
12;2025-11-09;14;1440
12;2025-11-09;15;1538
12;2025-11-09;16;1533
12;2025-11-09;17;1532
12;2025-11-09;18;1333
12;2025-11-09;19;1018
12;2025-11-09;20;783
12;2025-11-09;21;611
12;2025-11-09;22;389
12;2025-11-09;23;200
12;2025-11-10;0;56
12;2025-11-10;1;2
12;2025-11-10;2;0
12;2025-11-10;3;0
12;2025-11-10;4;7
12;2025-11-10;5;319
12;2025-11-10;6;1500
12;2025-11-10;7;2784
12;2025-11-10;8;3745
12;2025-11-10;9;2696
12;2025-11-10;10;2001
12;2025-11-10;11;1940
12;2025-11-10;12;2172
12;2025-11-10;13;2035
12;2025-11-10;14;2086
12;2025-11-10;15;2303
12;2025-11-10;16;2857
12;2025-11-10;17;3138
12;2025-11-10;18;3359
12;2025-11-10;19;2456
12;2025-11-10;20;1741
12;2025-11-10;21;1042
12;2025-11-10;22;480
12;2025-11-10;23;242
12;2025-11-11;0;55
12;2025-11-11;1;1
12;2025-11-11;2;0
12;2025-11-11;3;0
12;2025-11-11;4;7
12;2025-11-11;5;331
12;2025-11-11;6;1473
12;2025-11-11;7;2792
12;2025-11-11;8;3784
12;2025-11-11;9;2655
12;2025-11-11;10;2213
12;2025-11-11;11;2103
12;2025-11-11;12;2131
12;2025-11-11;13;2100
12;2025-11-11;14;2038
12;2025-11-11;15;2252
12;2025-11-11;16;2759
12;2025-11-11;17;3146
12;2025-11-11;18;3299
12;2025-11-11;19;2424
12;2025-11-11;20;1569
12;2025-11-11;21;1005
12;2025-11-11;22;501
12;2025-11-11;23;265
12;2025-11-12;0;55
12;2025-11-12;1;1
12;2025-11-12;2;0
12;2025-11-12;3;0
12;2025-11-12;4;7
12;2025-11-12;5;331
12;2025-11-12;6;1473
12;2025-11-12;7;2792
12;2025-11-12;8;3784
12;2025-11-12;9;2655
12;2025-11-12;10;2138
12;2025-11-12;11;2031
12;2025-11-12;12;2058
12;2025-11-12;13;2028
12;2025-11-12;14;1968
12;2025-11-12;15;2175
12;2025-11-12;16;2759
12;2025-11-12;17;3146
12;2025-11-12;18;3187
12;2025-11-12;19;2424
12;2025-11-12;20;1569
12;2025-11-12;21;1005
12;2025-11-12;22;501
12;2025-11-12;23;265
12;2025-11-13;0;55
12;2025-11-13;1;1
12;2025-11-13;2;0
12;2025-11-13;3;0
12;2025-11-13;4;7
12;2025-11-13;5;331
12;2025-11-13;6;1423
12;2025-11-13;7;2792
12;2025-11-13;8;3784
12;2025-11-13;9;2655
12;2025-11-13;10;2213
12;2025-11-13;11;2103
12;2025-11-13;12;2131
12;2025-11-13;13;2100
12;2025-11-13;14;2038
12;2025-11-13;15;2252
12;2025-11-13;16;2759
12;2025-11-13;17;3146
12;2025-11-13;18;3299
12;2025-11-13;19;2424
12;2025-11-13;20;1569
12;2025-11-13;21;1005
12;2025-11-13;22;501
12;2025-11-13;23;265
12;2025-11-14;0;58
12;2025-11-14;1;1
12;2025-11-14;2;0
12;2025-11-14;3;0
12;2025-11-14;4;4
12;2025-11-14;5;343
12;2025-11-14;6;1484
12;2025-11-14;7;2845
12;2025-11-14;8;3504
12;2025-11-14;9;2647
12;2025-11-14;10;1923
12;2025-11-14;11;1987
12;2025-11-14;12;2071
12;2025-11-14;13;2321
12;2025-11-14;14;2066
12;2025-11-14;15;2429
12;2025-11-14;16;3046
12;2025-11-14;17;3032
12;2025-11-14;18;2637
12;2025-11-14;19;2216
12;2025-11-14;20;1389
12;2025-11-14;21;988
12;2025-11-14;22;513
12;2025-11-14;23;338
12;2025-11-15;0;69
12;2025-11-15;1;2
12;2025-11-15;2;0
12;2025-11-15;3;0
12;2025-11-15;4;1
12;2025-11-15;5;217
12;2025-11-15;6;740
12;2025-11-15;7;879
12;2025-11-15;8;1007
12;2025-11-15;9;1235
12;2025-11-15;10;1438
12;2025-11-15;11;1435
12;2025-11-15;12;1531
12;2025-11-15;13;1755
12;2025-11-15;14;1634
12;2025-11-15;15;1605
12;2025-11-15;16;1740
12;2025-11-15;17;1692
12;2025-11-15;18;1622
12;2025-11-15;19;1435
12;2025-11-15;20;927
12;2025-11-15;21;813
12;2025-11-15;22;411
12;2025-11-15;23;307
12;2025-11-16;0;83
12;2025-11-16;1;3
12;2025-11-16;2;0
12;2025-11-16;3;0
12;2025-11-16;4;3
12;2025-11-16;5;133
12;2025-11-16;6;527
12;2025-11-16;7;716
12;2025-11-16;8;732
12;2025-11-16;9;924
12;2025-11-16;10;1168
12;2025-11-16;11;1272
12;2025-11-16;12;1377
12;2025-11-16;13;1610
12;2025-11-16;14;1440
12;2025-11-16;15;1538
12;2025-11-16;16;1533
12;2025-11-16;17;1532
12;2025-11-16;18;1333
12;2025-11-16;19;1018
12;2025-11-16;20;783
12;2025-11-16;21;611
12;2025-11-16;22;389
12;2025-11-16;23;200
12;2025-11-17;0;56
12;2025-11-17;1;2
12;2025-11-17;2;0
12;2025-11-17;3;0
12;2025-11-17;4;7
12;2025-11-17;5;319
12;2025-11-17;6;1500
12;2025-11-17;7;2784
12;2025-11-17;8;3745
12;2025-11-17;9;2696
12;2025-11-17;10;1933
12;2025-11-17;11;1874
12;2025-11-17;12;2099
12;2025-11-17;13;1907
12;2025-11-17;14;1955
12;2025-11-17;15;2224
12;2025-11-17;16;2760
12;2025-11-17;17;3032
12;2025-11-17;18;3359
12;2025-11-17;19;2456
12;2025-11-17;20;1741
12;2025-11-17;21;1007
12;2025-11-17;22;480
12;2025-11-17;23;242
12;2025-11-18;0;55
12;2025-11-18;1;1
12;2025-11-18;2;0
12;2025-11-18;3;0
12;2025-11-18;4;6
12;2025-11-18;5;310
12;2025-11-18;6;1423
12;2025-11-18;7;2792
12;2025-11-18;8;3655
12;2025-11-18;9;2488
12;2025-11-18;10;2074
12;2025-11-18;11;2031
12;2025-11-18;12;2058
12;2025-11-18;13;1967
12;2025-11-18;14;1909
12;2025-11-18;15;2175
12;2025-11-18;16;2759
12;2025-11-18;17;3146
12;2025-11-18;18;3187
12;2025-11-18;19;2341
12;2025-11-18;20;1516
12;2025-11-18;21;1005
12;2025-11-18;22;501
12;2025-11-18;23;265
12;2025-11-19;0;55
12;2025-11-19;1;1
12;2025-11-19;2;0
12;2025-11-19;3;0
12;2025-11-19;4;7
12;2025-11-19;5;331
12;2025-11-19;6;1473
12;2025-11-19;7;2792
12;2025-11-19;8;3784
12;2025-11-19;9;2655
12;2025-11-19;10;2213
12;2025-11-19;11;2103
12;2025-11-19;12;2131
12;2025-11-19;13;2100
12;2025-11-19;14;2038
12;2025-11-19;15;2252
12;2025-11-19;16;2759
12;2025-11-19;17;3146
12;2025-11-19;18;3299
12;2025-11-19;19;2424
12;2025-11-19;20;1569
12;2025-11-19;21;1005
12;2025-11-19;22;501
12;2025-11-19;23;265
12;2025-11-20;0;55
12;2025-11-20;1;1
12;2025-11-20;2;0
12;2025-11-20;3;0
12;2025-11-20;4;7
12;2025-11-20;5;331
12;2025-11-20;6;1473
12;2025-11-20;7;2792
12;2025-11-20;8;3784
12;2025-11-20;9;2655
12;2025-11-20;10;2213
12;2025-11-20;11;2103
12;2025-11-20;12;2131
12;2025-11-20;13;2100
12;2025-11-20;14;2038
12;2025-11-20;15;2252
12;2025-11-20;16;2759
12;2025-11-20;17;3146
12;2025-11-20;18;3299
12;2025-11-20;19;2424
12;2025-11-20;20;1569
12;2025-11-20;21;1005
12;2025-11-20;22;501
12;2025-11-20;23;265
12;2025-11-21;0;58
12;2025-11-21;1;1
12;2025-11-21;2;0
12;2025-11-21;3;0
12;2025-11-21;4;4
12;2025-11-21;5;332
12;2025-11-21;6;1434
12;2025-11-21;7;2748
12;2025-11-21;8;3504
12;2025-11-21;9;2647
12;2025-11-21;10;1923
12;2025-11-21;11;1987
12;2025-11-21;12;2001
12;2025-11-21;13;2321
12;2025-11-21;14;2066
12;2025-11-21;15;2429
12;2025-11-21;16;3046
12;2025-11-21;17;3032
12;2025-11-21;18;2637
12;2025-11-21;19;2216
12;2025-11-21;20;1438
12;2025-11-21;21;1023
12;2025-11-21;22;531
12;2025-11-21;23;350
12;2025-11-22;0;74
12;2025-11-22;1;2
12;2025-11-22;2;0
12;2025-11-22;3;0
12;2025-11-22;4;1
12;2025-11-22;5;217
12;2025-11-22;6;763
12;2025-11-22;7;907
12;2025-11-22;8;1038
12;2025-11-22;9;1273
12;2025-11-22;10;1535
12;2025-11-22;11;1532
12;2025-11-22;12;1585
12;2025-11-22;13;1817
12;2025-11-22;14;1634
12;2025-11-22;15;1605
12;2025-11-22;16;1740
12;2025-11-22;17;1692
12;2025-11-22;18;1622
12;2025-11-22;19;1435
12;2025-11-22;20;927
12;2025-11-22;21;785
12;2025-11-22;22;397
12;2025-11-22;23;297
12;2025-11-23;0;80
12;2025-11-23;1;3
12;2025-11-23;2;0
12;2025-11-23;3;0
12;2025-11-23;4;3
12;2025-11-23;5;133
12;2025-11-23;6;527
12;2025-11-23;7;716
12;2025-11-23;8;732
12;2025-11-23;9;924
12;2025-11-23;10;1168
12;2025-11-23;11;1272
12;2025-11-23;12;1377
12;2025-11-23;13;1610
12;2025-11-23;14;1440
12;2025-11-23;15;1538
12;2025-11-23;16;1533
12;2025-11-23;17;1532
12;2025-11-23;18;1333
12;2025-11-23;19;1018
12;2025-11-23;20;783
12;2025-11-23;21;611
12;2025-11-23;22;389
12;2025-11-23;23;200
12;2025-11-24;0;56
12;2025-11-24;1;2
12;2025-11-24;2;0
12;2025-11-24;3;0
12;2025-11-24;4;6
12;2025-11-24;5;299
12;2025-11-24;6;1405
12;2025-11-24;7;2689
12;2025-11-24;8;3618
12;2025-11-24;9;2604
12;2025-11-24;10;1875
12;2025-11-24;11;1818
12;2025-11-24;12;2099
12;2025-11-24;13;1966
12;2025-11-24;14;2015
12;2025-11-24;15;2224
12;2025-11-24;16;2857
12;2025-11-24;17;3138
12;2025-11-24;18;3359
12;2025-11-24;19;2456
12;2025-11-24;20;1741
12;2025-11-24;21;1042
12;2025-11-24;22;480
12;2025-11-24;23;242
12;2025-11-25;0;55
12;2025-11-25;1;1
12;2025-11-25;2;0
12;2025-11-25;3;0
12;2025-11-25;4;7
12;2025-11-25;5;331
12;2025-11-25;6;1473
12;2025-11-25;7;2792
12;2025-11-25;8;3784
12;2025-11-25;9;2655
12;2025-11-25;10;2213
12;2025-11-25;11;2103
12;2025-11-25;12;2131
12;2025-11-25;13;2100
12;2025-11-25;14;2038
12;2025-11-25;15;2252
12;2025-11-25;16;2759
12;2025-11-25;17;3146
12;2025-11-25;18;3299
12;2025-11-25;19;2424
12;2025-11-25;20;1569
12;2025-11-25;21;1005
12;2025-11-25;22;501
12;2025-11-25;23;265
12;2025-11-26;0;53
12;2025-11-26;1;0
12;2025-11-26;2;0
12;2025-11-26;3;0
12;2025-11-26;4;7
12;2025-11-26;5;310
12;2025-11-26;6;1380
12;2025-11-26;7;2697
12;2025-11-26;8;3655
12;2025-11-26;9;2565
12;2025-11-26;10;2138
12;2025-11-26;11;2031
12;2025-11-26;12;2058
12;2025-11-26;13;2028
12;2025-11-26;14;1968
12;2025-11-26;15;2175
12;2025-11-26;16;2665
12;2025-11-26;17;3039
12;2025-11-26;18;3187
12;2025-11-26;19;2341
12;2025-11-26;20;1516
12;2025-11-26;21;970
12;2025-11-26;22;484
12;2025-11-26;23;256
12;2025-11-27;0;53
12;2025-11-27;1;1
12;2025-11-27;2;0
12;2025-11-27;3;0
12;2025-11-27;4;7
12;2025-11-27;5;331
12;2025-11-27;6;1473
12;2025-11-27;7;2792
12;2025-11-27;8;3784
12;2025-11-27;9;2655
12;2025-11-27;10;2213
12;2025-11-27;11;2031
12;2025-11-27;12;2058
12;2025-11-27;13;2028
12;2025-11-27;14;1968
12;2025-11-27;15;2252
12;2025-11-27;16;2759
12;2025-11-27;17;3039
12;2025-11-27;18;3092
12;2025-11-27;19;2341
12;2025-11-27;20;1516
12;2025-11-27;21;970
12;2025-11-27;22;469
12;2025-11-27;23;248
12;2025-11-28;0;55
12;2025-11-28;1;1
12;2025-11-28;2;0
12;2025-11-28;3;0
12;2025-11-28;4;4
12;2025-11-28;5;332
12;2025-11-28;6;1484
12;2025-11-28;7;2845
12;2025-11-28;8;3504
12;2025-11-28;9;2647
12;2025-11-28;10;1923
12;2025-11-28;11;1987
12;2025-11-28;12;2071
12;2025-11-28;13;2321
12;2025-11-28;14;2066
12;2025-11-28;15;2429
12;2025-11-28;16;3046
12;2025-11-28;17;3032
12;2025-11-28;18;2637
12;2025-11-28;19;2216
12;2025-11-28;20;1438
12;2025-11-28;21;1023
12;2025-11-28;22;531
12;2025-11-28;23;350
12;2025-11-29;0;74
12;2025-11-29;1;2
12;2025-11-29;2;0
12;2025-11-29;3;0
12;2025-11-29;4;2
12;2025-11-29;5;232
12;2025-11-29;6;790
12;2025-11-29;7;939
12;2025-11-29;8;1075
12;2025-11-29;9;1318
12;2025-11-29;10;1535
12;2025-11-29;11;1532
12;2025-11-29;12;1585
12;2025-11-29;13;1817
12;2025-11-29;14;1634
12;2025-11-29;15;1605
12;2025-11-29;16;1740
12;2025-11-29;17;1692
12;2025-11-29;18;1622
12;2025-11-29;19;1435
12;2025-11-29;20;927
12;2025-11-29;21;813
12;2025-11-29;22;411
12;2025-11-29;23;307
12;2025-11-30;0;80
12;2025-11-30;1;3
12;2025-11-30;2;0
12;2025-11-30;3;0
12;2025-11-30;4;3
12;2025-11-30;5;133
12;2025-11-30;6;527
12;2025-11-30;7;716
12;2025-11-30;8;732
12;2025-11-30;9;924
12;2025-11-30;10;1168
12;2025-11-30;11;1272
12;2025-11-30;12;1377
12;2025-11-30;13;1610
12;2025-11-30;14;1440
12;2025-11-30;15;1538
12;2025-11-30;16;1533
12;2025-11-30;17;1532
12;2025-11-30;18;1333
12;2025-11-30;19;1018
12;2025-11-30;20;783
12;2025-11-30;21;611
12;2025-11-30;22;389
12;2025-11-30;23;200
12;2025-12-01;0;56
12;2025-12-01;1;2
12;2025-12-01;2;0
12;2025-12-01;3;0
12;2025-12-01;4;7
12;2025-12-01;5;319
12;2025-12-01;6;1501
12;2025-12-01;7;2786
12;2025-12-01;8;3747
12;2025-12-01;9;2698
12;2025-12-01;10;2002
12;2025-12-01;11;1942
12;2025-12-01;12;2174
12;2025-12-01;13;2036
12;2025-12-01;14;2088
12;2025-12-01;15;2304
12;2025-12-01;16;2859
12;2025-12-01;17;3140
12;2025-12-01;18;3361
12;2025-12-01;19;2458
12;2025-12-01;20;1742
12;2025-12-01;21;1043
12;2025-12-01;22;481
12;2025-12-01;23;242
12;2025-12-02;0;55
12;2025-12-02;1;1
12;2025-12-02;2;0
12;2025-12-02;3;0
12;2025-12-02;4;7
12;2025-12-02;5;331
12;2025-12-02;6;1474
12;2025-12-02;7;2793
12;2025-12-02;8;3786
12;2025-12-02;9;2657
12;2025-12-02;10;2215
12;2025-12-02;11;2104
12;2025-12-02;12;2132
12;2025-12-02;13;2101
12;2025-12-02;14;2039
12;2025-12-02;15;2253
12;2025-12-02;16;2760
12;2025-12-02;17;3148
12;2025-12-02;18;3302
12;2025-12-02;19;2425
12;2025-12-02;20;1570
12;2025-12-02;21;1005
12;2025-12-02;22;501
12;2025-12-02;23;265
12;2025-12-03;0;55
12;2025-12-03;1;1
12;2025-12-03;2;0
12;2025-12-03;3;0
12;2025-12-03;4;7
12;2025-12-03;5;331
12;2025-12-03;6;1474
12;2025-12-03;7;2793
12;2025-12-03;8;3786
12;2025-12-03;9;2657
12;2025-12-03;10;2215
12;2025-12-03;11;2104
12;2025-12-03;12;2132
12;2025-12-03;13;2101
12;2025-12-03;14;2039
12;2025-12-03;15;2253
12;2025-12-03;16;2760
12;2025-12-03;17;3148
12;2025-12-03;18;3302
12;2025-12-03;19;2425
12;2025-12-03;20;1570
12;2025-12-03;21;1005
12;2025-12-03;22;501
12;2025-12-03;23;265
12;2025-12-04;0;55
12;2025-12-04;1;1
12;2025-12-04;2;0
12;2025-12-04;3;0
12;2025-12-04;4;7
12;2025-12-04;5;331
12;2025-12-04;6;1474
12;2025-12-04;7;2793
12;2025-12-04;8;3786
12;2025-12-04;9;2657
12;2025-12-04;10;2215
12;2025-12-04;11;2104
12;2025-12-04;12;2132
12;2025-12-04;13;2101
12;2025-12-04;14;2039
12;2025-12-04;15;2253
12;2025-12-04;16;2760
12;2025-12-04;17;3148
12;2025-12-04;18;3302
12;2025-12-04;19;2425
12;2025-12-04;20;1570
12;2025-12-04;21;1005
12;2025-12-04;22;501
12;2025-12-04;23;265
12;2025-12-05;0;58
12;2025-12-05;1;1
12;2025-12-05;2;0
12;2025-12-05;3;0
12;2025-12-05;4;4
12;2025-12-05;5;344
12;2025-12-05;6;1485
12;2025-12-05;7;2847
12;2025-12-05;8;3506
12;2025-12-05;9;2648
12;2025-12-05;10;1924
12;2025-12-05;11;1988
12;2025-12-05;12;2073
12;2025-12-05;13;2322
12;2025-12-05;14;2068
12;2025-12-05;15;2431
12;2025-12-05;16;3047
12;2025-12-05;17;3034
12;2025-12-05;18;2639
12;2025-12-05;19;2218
12;2025-12-05;20;1439
12;2025-12-05;21;1024
12;2025-12-05;22;531
12;2025-12-05;23;350
12;2025-12-06;0;74
12;2025-12-06;1;2
12;2025-12-06;2;0
12;2025-12-06;3;0
12;2025-12-06;4;2
12;2025-12-06;5;232
12;2025-12-06;6;791
12;2025-12-06;7;939
12;2025-12-06;8;1075
12;2025-12-06;9;1319
12;2025-12-06;10;1536
12;2025-12-06;11;1533
12;2025-12-06;12;1586
12;2025-12-06;13;1818
12;2025-12-06;14;1635
12;2025-12-06;15;1606
12;2025-12-06;16;1741
12;2025-12-06;17;1693
12;2025-12-06;18;1623
12;2025-12-06;19;1436
12;2025-12-06;20;927
12;2025-12-06;21;813
12;2025-12-06;22;411
12;2025-12-06;23;307
12;2025-12-07;0;83
12;2025-12-07;1;3
12;2025-12-07;2;0
12;2025-12-07;3;0
12;2025-12-07;4;3
12;2025-12-07;5;133
12;2025-12-07;6;528
12;2025-12-07;7;717
12;2025-12-07;8;733
12;2025-12-07;9;925
12;2025-12-07;10;1169
12;2025-12-07;11;1273
12;2025-12-07;12;1378
12;2025-12-07;13;1611
12;2025-12-07;14;1441
12;2025-12-07;15;1539
12;2025-12-07;16;1534
12;2025-12-07;17;1533
12;2025-12-07;18;1334
12;2025-12-07;19;1019
12;2025-12-07;20;783
12;2025-12-07;21;612
12;2025-12-07;22;389
12;2025-12-07;23;200
12;2025-12-08;0;56
12;2025-12-08;1;2
12;2025-12-08;2;0
12;2025-12-08;3;0
12;2025-12-08;4;7
12;2025-12-08;5;319
12;2025-12-08;6;1501
12;2025-12-08;7;2786
12;2025-12-08;8;3747
12;2025-12-08;9;2698
12;2025-12-08;10;2002
12;2025-12-08;11;1942
12;2025-12-08;12;2174
12;2025-12-08;13;2036
12;2025-12-08;14;2088
12;2025-12-08;15;2304
12;2025-12-08;16;2859
12;2025-12-08;17;3140
12;2025-12-08;18;3361
12;2025-12-08;19;2458
12;2025-12-08;20;1742
12;2025-12-08;21;1043
12;2025-12-08;22;481
12;2025-12-08;23;242
12;2025-12-09;0;55
12;2025-12-09;1;1
12;2025-12-09;2;0
12;2025-12-09;3;0
12;2025-12-09;4;7
12;2025-12-09;5;331
12;2025-12-09;6;1474
12;2025-12-09;7;2793
12;2025-12-09;8;3786
12;2025-12-09;9;2657
12;2025-12-09;10;2215
12;2025-12-09;11;2104
12;2025-12-09;12;2132
12;2025-12-09;13;2101
12;2025-12-09;14;2039
12;2025-12-09;15;2253
12;2025-12-09;16;2760
12;2025-12-09;17;3148
12;2025-12-09;18;3302
12;2025-12-09;19;2425
12;2025-12-09;20;1570
12;2025-12-09;21;1005
12;2025-12-09;22;484
12;2025-12-09;23;256
12;2025-12-10;0;53
12;2025-12-10;1;0
12;2025-12-10;2;0
12;2025-12-10;3;0
12;2025-12-10;4;7
12;2025-12-10;5;320
12;2025-12-10;6;1424
12;2025-12-10;7;2698
12;2025-12-10;8;3658
12;2025-12-10;9;2567
12;2025-12-10;10;2139
12;2025-12-10;11;2032
12;2025-12-10;12;2132
12;2025-12-10;13;2101
12;2025-12-10;14;2039
12;2025-12-10;15;2253
12;2025-12-10;16;2760
12;2025-12-10;17;3148
12;2025-12-10;18;3302
12;2025-12-10;19;2425
12;2025-12-10;20;1570
12;2025-12-10;21;1005
12;2025-12-10;22;501
12;2025-12-10;23;265
12;2025-12-11;0;55
12;2025-12-11;1;1
12;2025-12-11;2;0
12;2025-12-11;3;0
12;2025-12-11;4;7
12;2025-12-11;5;331
12;2025-12-11;6;1474
12;2025-12-11;7;2793
12;2025-12-11;8;3548
12;2025-12-11;9;2567
12;2025-12-11;10;2139
12;2025-12-11;11;2032
12;2025-12-11;12;2059
12;2025-12-11;13;2029
12;2025-12-11;14;2039
12;2025-12-11;15;2176
12;2025-12-11;16;2666
12;2025-12-11;17;3040
12;2025-12-11;18;3189
12;2025-12-11;19;2343
12;2025-12-11;20;1517
12;2025-12-11;21;971
12;2025-12-11;22;484
12;2025-12-11;23;265
12;2025-12-12;0;58
12;2025-12-12;1;1
12;2025-12-12;2;0
12;2025-12-12;3;0
12;2025-12-12;4;4
12;2025-12-12;5;344
12;2025-12-12;6;1435
12;2025-12-12;7;2847
12;2025-12-12;8;3387
12;2025-12-12;9;2648
12;2025-12-12;10;1859
12;2025-12-12;11;1988
12;2025-12-12;12;2002
12;2025-12-12;13;2176
12;2025-12-12;14;1937
12;2025-12-12;15;2277
12;2025-12-12;16;2944
12;2025-12-12;17;2931
12;2025-12-12;18;2639
12;2025-12-12;19;2218
12;2025-12-12;20;1439
12;2025-12-12;21;1024
12;2025-12-12;22;513
12;2025-12-12;23;338
12;2025-12-13;0;74
12;2025-12-13;1;2
12;2025-12-13;2;0
12;2025-12-13;3;0
12;2025-12-13;4;1
12;2025-12-13;5;224
12;2025-12-13;6;791
12;2025-12-13;7;907
12;2025-12-13;8;1075
12;2025-12-13;9;1319
12;2025-12-13;10;1536
12;2025-12-13;11;1533
12;2025-12-13;12;1586
12;2025-12-13;13;1818
12;2025-12-13;14;1635
12;2025-12-13;15;1606
12;2025-12-13;16;1741
12;2025-12-13;17;1693
12;2025-12-13;18;1623
12;2025-12-13;19;1436
12;2025-12-13;20;896
12;2025-12-13;21;786
12;2025-12-13;22;411
12;2025-12-13;23;297
12;2025-12-14;0;80
12;2025-12-14;1;3
12;2025-12-14;2;0
12;2025-12-14;3;0
12;2025-12-14;4;3
12;2025-12-14;5;133
12;2025-12-14;6;528
12;2025-12-14;7;717
12;2025-12-14;8;708
12;2025-12-14;9;925
12;2025-12-14;10;1169
12;2025-12-14;11;1273
12;2025-12-14;12;1378
12;2025-12-14;13;1611
12;2025-12-14;14;1441
12;2025-12-14;15;1539
12;2025-12-14;16;1534
12;2025-12-14;17;1533
12;2025-12-14;18;1334
12;2025-12-14;19;1019
12;2025-12-14;20;783
12;2025-12-14;21;612
12;2025-12-14;22;389
12;2025-12-14;23;200
12;2025-12-15;0;56
12;2025-12-15;1;2
12;2025-12-15;2;0
12;2025-12-15;3;0
12;2025-12-15;4;7
12;2025-12-15;5;319
12;2025-12-15;6;1501
12;2025-12-15;7;2786
12;2025-12-15;8;3747
12;2025-12-15;9;2698
12;2025-12-15;10;2002
12;2025-12-15;11;1876
12;2025-12-15;12;2174
12;2025-12-15;13;2036
12;2025-12-15;14;2088
12;2025-12-15;15;2304
12;2025-12-15;16;2859
12;2025-12-15;17;3140
12;2025-12-15;18;3361
12;2025-12-15;19;2458
12;2025-12-15;20;1742
12;2025-12-15;21;1043
12;2025-12-15;22;481
12;2025-12-15;23;242
12;2025-12-16;0;55
12;2025-12-16;1;1
12;2025-12-16;2;0
12;2025-12-16;3;0
12;2025-12-16;4;7
12;2025-12-16;5;331
12;2025-12-16;6;1474
12;2025-12-16;7;2793
12;2025-12-16;8;3786
12;2025-12-16;9;2657
12;2025-12-16;10;2139
12;2025-12-16;11;2032
12;2025-12-16;12;2059
12;2025-12-16;13;1968
12;2025-12-16;14;1970
12;2025-12-16;15;2253
12;2025-12-16;16;2760
12;2025-12-16;17;3148
12;2025-12-16;18;3302
12;2025-12-16;19;2425
12;2025-12-16;20;1570
12;2025-12-16;21;1005
12;2025-12-16;22;501
12;2025-12-16;23;265
12;2025-12-17;0;53
12;2025-12-17;1;1
12;2025-12-17;2;0
12;2025-12-17;3;0
12;2025-12-17;4;7
12;2025-12-17;5;331
12;2025-12-17;6;1474
12;2025-12-17;7;2793
12;2025-12-17;8;3786
12;2025-12-17;9;2657
12;2025-12-17;10;2215
12;2025-12-17;11;2104
12;2025-12-17;12;2132
12;2025-12-17;13;2101
12;2025-12-17;14;2039
12;2025-12-17;15;2253
12;2025-12-17;16;2760
12;2025-12-17;17;3148
12;2025-12-17;18;3302
12;2025-12-17;19;2425
12;2025-12-17;20;1570
12;2025-12-17;21;1005
12;2025-12-17;22;501
12;2025-12-17;23;265
12;2025-12-18;0;55
12;2025-12-18;1;1
12;2025-12-18;2;0
12;2025-12-18;3;0
12;2025-12-18;4;7
12;2025-12-18;5;331
12;2025-12-18;6;1474
12;2025-12-18;7;2793
12;2025-12-18;8;3786
12;2025-12-18;9;2657
12;2025-12-18;10;2215
12;2025-12-18;11;2104
12;2025-12-18;12;2132
12;2025-12-18;13;2101
12;2025-12-18;14;2039
12;2025-12-18;15;2253
12;2025-12-18;16;2760
12;2025-12-18;17;3148
12;2025-12-18;18;3302
12;2025-12-18;19;2425
12;2025-12-18;20;1570
12;2025-12-18;21;1005
12;2025-12-18;22;501
12;2025-12-18;23;265
12;2025-12-19;0;58
12;2025-12-19;1;1
12;2025-12-19;2;0
12;2025-12-19;3;0
12;2025-12-19;4;4
12;2025-12-19;5;344
12;2025-12-19;6;1485
12;2025-12-19;7;2847
12;2025-12-19;8;3506
12;2025-12-19;9;2648
12;2025-12-19;10;1924
12;2025-12-19;11;1988
12;2025-12-19;12;2073
12;2025-12-19;13;2322
12;2025-12-19;14;2068
12;2025-12-19;15;2431
12;2025-12-19;16;3047
12;2025-12-19;17;2931
12;2025-12-19;18;2549
12;2025-12-19;19;2218
12;2025-12-19;20;1439
12;2025-12-19;21;1024
12;2025-12-19;22;531
12;2025-12-19;23;350
12;2025-12-20;0;74
12;2025-12-20;1;2
12;2025-12-20;2;0
12;2025-12-20;3;0
12;2025-12-20;4;2
12;2025-12-20;5;232
12;2025-12-20;6;791
12;2025-12-20;7;939
12;2025-12-20;8;1075
12;2025-12-20;9;1319
12;2025-12-20;10;1536
12;2025-12-20;11;1533
12;2025-12-20;12;1586
12;2025-12-20;13;1818
12;2025-12-20;14;1635
12;2025-12-20;15;1606
12;2025-12-20;16;1741
12;2025-12-20;17;1693
12;2025-12-20;18;1623
12;2025-12-20;19;1436
12;2025-12-20;20;927
12;2025-12-20;21;813
12;2025-12-20;22;411
12;2025-12-20;23;307
12;2025-12-21;0;83
12;2025-12-21;1;3
12;2025-12-21;2;0
12;2025-12-21;3;0
12;2025-12-21;4;3
12;2025-12-21;5;133
12;2025-12-21;6;510
12;2025-12-21;7;692
12;2025-12-21;8;733
12;2025-12-21;9;925
12;2025-12-21;10;1169
12;2025-12-21;11;1273
12;2025-12-21;12;1378
12;2025-12-21;13;1611
12;2025-12-21;14;1441
12;2025-12-21;15;1539
12;2025-12-21;16;1534
12;2025-12-21;17;1533
12;2025-12-21;18;1334
12;2025-12-21;19;1019
12;2025-12-21;20;783
12;2025-12-21;21;612
12;2025-12-21;22;376
12;2025-12-21;23;200
12;2025-12-22;0;55
12;2025-12-22;1;2
12;2025-12-22;2;0
12;2025-12-22;3;0
12;2025-12-22;4;7
12;2025-12-22;5;319
12;2025-12-22;6;1501
12;2025-12-22;7;2786
12;2025-12-22;8;3747
12;2025-12-22;9;2606
12;2025-12-22;10;1934
12;2025-12-22;11;1876
12;2025-12-22;12;2100
12;2025-12-22;13;2036
12;2025-12-22;14;2088
12;2025-12-22;15;2226
12;2025-12-22;16;2859
12;2025-12-22;17;3140
12;2025-12-22;18;3247
12;2025-12-22;19;2458
12;2025-12-22;20;1742
12;2025-12-22;21;1043
12;2025-12-22;22;464
12;2025-12-22;23;234
12;2025-12-23;0;55
12;2025-12-23;1;1
12;2025-12-23;2;0
12;2025-12-23;3;0
12;2025-12-23;4;7
12;2025-12-23;5;331
12;2025-12-23;6;1474
12;2025-12-23;7;2793
12;2025-12-23;8;3786
12;2025-12-23;9;2657
12;2025-12-23;10;2215
12;2025-12-23;11;2104
12;2025-12-23;12;2132
12;2025-12-23;13;2101
12;2025-12-23;14;2039
12;2025-12-23;15;2253
12;2025-12-23;16;2760
12;2025-12-23;17;3148
12;2025-12-23;18;3302
12;2025-12-23;19;2425
12;2025-12-23;20;1570
12;2025-12-23;21;1005
12;2025-12-23;22;501
12;2025-12-23;23;265
12;2025-12-24;0;55
12;2025-12-24;1;1
12;2025-12-24;2;0
12;2025-12-24;3;0
12;2025-12-24;4;7
12;2025-12-24;5;331
12;2025-12-24;6;1474
12;2025-12-24;7;2793
12;2025-12-24;8;3786
12;2025-12-24;9;2657
12;2025-12-24;10;2215
12;2025-12-24;11;2104
12;2025-12-24;12;2059
12;2025-12-24;13;2029
12;2025-12-24;14;2039
12;2025-12-24;15;2176
12;2025-12-24;16;2760
12;2025-12-24;17;3148
12;2025-12-24;18;3189
12;2025-12-24;19;2425
12;2025-12-24;20;1570
12;2025-12-24;21;971
12;2025-12-24;22;484
12;2025-12-24;23;256
12;2025-12-25;0;53
12;2025-12-25;1;0
12;2025-12-25;2;0
12;2025-12-25;3;0
12;2025-12-25;4;7
12;2025-12-25;5;331
12;2025-12-25;6;1424
12;2025-12-25;7;2793
12;2025-12-25;8;3786
12;2025-12-25;9;2657
12;2025-12-25;10;2215
12;2025-12-25;11;2104
12;2025-12-25;12;2132
12;2025-12-25;13;2101
12;2025-12-25;14;2039
12;2025-12-25;15;2253
12;2025-12-25;16;2760
12;2025-12-25;17;3040
12;2025-12-25;18;3189
12;2025-12-25;19;2343
12;2025-12-25;20;1517
12;2025-12-25;21;971
12;2025-12-25;22;470
12;2025-12-25;23;248
12;2025-12-26;0;55
12;2025-12-26;1;1
12;2025-12-26;2;0
12;2025-12-26;3;0
12;2025-12-26;4;4
12;2025-12-26;5;332
12;2025-12-26;6;1392
12;2025-12-26;7;2750
12;2025-12-26;8;3387
12;2025-12-26;9;2558
12;2025-12-26;10;1859
12;2025-12-26;11;1863
12;2025-12-26;12;2002
12;2025-12-26;13;2243
12;2025-12-26;14;1997
12;2025-12-26;15;2348
12;2025-12-26;16;2944
12;2025-12-26;17;2931
12;2025-12-26;18;2549
12;2025-12-26;19;2142
12;2025-12-26;20;1390
12;2025-12-26;21;989
12;2025-12-26;22;513
12;2025-12-26;23;350
12;2025-12-27;0;74
12;2025-12-27;1;2
12;2025-12-27;2;0
12;2025-12-27;3;0
12;2025-12-27;4;2
12;2025-12-27;5;232
12;2025-12-27;6;791
12;2025-12-27;7;939
12;2025-12-27;8;1075
12;2025-12-27;9;1274
12;2025-12-27;10;1536
12;2025-12-27;11;1533
12;2025-12-27;12;1586
12;2025-12-27;13;1818
12;2025-12-27;14;1635
12;2025-12-27;15;1606
12;2025-12-27;16;1741
12;2025-12-27;17;1693
12;2025-12-27;18;1623
12;2025-12-27;19;1436
12;2025-12-27;20;927
12;2025-12-27;21;786
12;2025-12-27;22;397
12;2025-12-27;23;297
12;2025-12-28;0;80
12;2025-12-28;1;3
12;2025-12-28;2;0
12;2025-12-28;3;0
12;2025-12-28;4;3
12;2025-12-28;5;129
12;2025-12-28;6;510
12;2025-12-28;7;692
12;2025-12-28;8;708
12;2025-12-28;9;893
12;2025-12-28;10;1129
12;2025-12-28;11;1229
12;2025-12-28;12;1331
12;2025-12-28;13;1556
12;2025-12-28;14;1392
12;2025-12-28;15;1486
12;2025-12-28;16;1534
12;2025-12-28;17;1533
12;2025-12-28;18;1334
12;2025-12-28;19;1019
12;2025-12-28;20;757
12;2025-12-28;21;591
12;2025-12-28;22;376
12;2025-12-28;23;200
12;2025-12-29;0;48
12;2025-12-29;1;2
12;2025-12-29;2;0
12;2025-12-29;3;0
12;2025-12-29;4;5
12;2025-12-29;5;262
12;2025-12-29;6;1275
12;2025-12-29;7;2368
12;2025-12-29;8;3077
12;2025-12-29;9;2215
12;2025-12-29;10;1644
12;2025-12-29;11;1594
12;2025-12-29;12;1785
12;2025-12-29;13;1672
12;2025-12-29;14;1714
12;2025-12-29;15;1892
12;2025-12-29;16;2347
12;2025-12-29;17;2579
12;2025-12-29;18;2760
12;2025-12-29;19;2018
12;2025-12-29;20;1430
12;2025-12-29;21;856
12;2025-12-29;22;395
12;2025-12-29;23;199
12;2025-12-30;0;45
12;2025-12-30;1;0
12;2025-12-30;2;0
12;2025-12-30;3;0
12;2025-12-30;4;6
12;2025-12-30;5;272
12;2025-12-30;6;1210
12;2025-12-30;7;2294
12;2025-12-30;8;3109
12;2025-12-30;9;2182
12;2025-12-30;10;1818
12;2025-12-30;11;1728
12;2025-12-30;12;1751
12;2025-12-30;13;1725
12;2025-12-30;14;1674
12;2025-12-30;15;1850
12;2025-12-30;16;2266
12;2025-12-30;17;2584
12;2025-12-30;18;2711
12;2025-12-30;19;1991
12;2025-12-30;20;1289
12;2025-12-30;21;825
12;2025-12-30;22;412
12;2025-12-30;23;218
12;2025-12-31;0;68
12;2025-12-31;1;2
12;2025-12-31;2;0
12;2025-12-31;3;0
12;2025-12-31;4;3
12;2025-12-31;5;109
12;2025-12-31;6;433
12;2025-12-31;7;589
12;2025-12-31;8;601
12;2025-12-31;9;759
12;2025-12-31;10;960
12;2025-12-31;11;1045
12;2025-12-31;12;1171
12;2025-12-31;13;1322
12;2025-12-31;14;1184
12;2025-12-31;15;1263
12;2025-12-31;16;1304
12;2025-12-31;17;1303
12;2025-12-31;18;1095
12;2025-12-31;19;837
12;2025-12-31;20;666
12;2025-12-31;21;520
12;2025-12-31;22;319
12;2025-12-31;23;164
17;2025-11-01;0;133
17;2025-11-01;1;16
17;2025-11-01;2;0
17;2025-11-01;3;0
17;2025-11-01;4;21
17;2025-11-01;5;282
17;2025-11-01;6;1371
17;2025-11-01;7;3739
17;2025-11-01;8;4747
17;2025-11-01;9;3405
17;2025-11-01;10;2717
17;2025-11-01;11;2787
17;2025-11-01;12;2720
17;2025-11-01;13;2819
17;2025-11-01;14;2917
17;2025-11-01;15;3125
17;2025-11-01;16;3797
17;2025-11-01;17;4305
17;2025-11-01;18;3948
17;2025-11-01;19;2874
17;2025-11-01;20;2134
17;2025-11-01;21;1426
17;2025-11-01;22;652
17;2025-11-01;23;439
17;2025-11-02;0;186
17;2025-11-02;1;24
17;2025-11-02;2;0
17;2025-11-02;3;0
17;2025-11-02;4;2
17;2025-11-02;5;110
17;2025-11-02;6;443
17;2025-11-02;7;871
17;2025-11-02;8;1274
17;2025-11-02;9;1728
17;2025-11-02;10;2033
17;2025-11-02;11;2639
17;2025-11-02;12;2954
17;2025-11-02;13;3117
17;2025-11-02;14;3391
17;2025-11-02;15;3305
17;2025-11-02;16;3206
17;2025-11-02;17;3057
17;2025-11-02;18;2623
17;2025-11-02;19;2096
17;2025-11-02;20;1553
17;2025-11-02;21;1145
17;2025-11-02;22;695
17;2025-11-02;23;321
17;2025-11-03;0;186
17;2025-11-03;1;24
17;2025-11-03;2;0
17;2025-11-03;3;0
17;2025-11-03;4;2
17;2025-11-03;5;110
17;2025-11-03;6;443
17;2025-11-03;7;871
17;2025-11-03;8;1274
17;2025-11-03;9;1728
17;2025-11-03;10;2033
17;2025-11-03;11;2549
17;2025-11-03;12;2853
17;2025-11-03;13;3117
17;2025-11-03;14;3276
17;2025-11-03;15;3193
17;2025-11-03;16;3206
17;2025-11-03;17;3057
17;2025-11-03;18;2623
17;2025-11-03;19;2096
17;2025-11-03;20;1553
17;2025-11-03;21;1145
17;2025-11-03;22;695
17;2025-11-03;23;321
17;2025-11-04;0;179
17;2025-11-04;1;24
17;2025-11-04;2;0
17;2025-11-04;3;0
17;2025-11-04;4;2
17;2025-11-04;5;110
17;2025-11-04;6;443
17;2025-11-04;7;871
17;2025-11-04;8;1231
17;2025-11-04;9;1669
17;2025-11-04;10;1964
17;2025-11-04;11;2549
17;2025-11-04;12;2767
17;2025-11-04;13;3023
17;2025-11-04;14;3391
17;2025-11-04;15;3305
17;2025-11-04;16;3206
17;2025-11-04;17;3057
17;2025-11-04;18;2623
17;2025-11-04;19;2096
17;2025-11-04;20;1553
17;2025-11-04;21;1145
17;2025-11-04;22;695
17;2025-11-04;23;321
17;2025-11-05;0;122
17;2025-11-05;1;11
17;2025-11-05;2;0
17;2025-11-05;3;0
17;2025-11-05;4;26
17;2025-11-05;5;325
17;2025-11-05;6;1578
17;2025-11-05;7;4387
17;2025-11-05;8;5547
17;2025-11-05;9;3993
17;2025-11-05;10;3161
17;2025-11-05;11;3128
17;2025-11-05;12;3146
17;2025-11-05;13;3160
17;2025-11-05;14;3301
17;2025-11-05;15;3366
17;2025-11-05;16;3755
17;2025-11-05;17;4649
17;2025-11-05;18;4953
17;2025-11-05;19;3433
17;2025-11-05;20;2406
17;2025-11-05;21;1493
17;2025-11-05;22;716
17;2025-11-05;23;388
17;2025-11-06;0;122
17;2025-11-06;1;11
17;2025-11-06;2;0
17;2025-11-06;3;0
17;2025-11-06;4;26
17;2025-11-06;5;325
17;2025-11-06;6;1578
17;2025-11-06;7;4387
17;2025-11-06;8;5547
17;2025-11-06;9;3993
17;2025-11-06;10;3161
17;2025-11-06;11;3022
17;2025-11-06;12;3146
17;2025-11-06;13;3160
17;2025-11-06;14;3301
17;2025-11-06;15;3251
17;2025-11-06;16;3627
17;2025-11-06;17;4649
17;2025-11-06;18;4953
17;2025-11-06;19;3433
17;2025-11-06;20;2254
17;2025-11-06;21;1493
17;2025-11-06;22;716
17;2025-11-06;23;375
17;2025-11-07;0;149
17;2025-11-07;1;18
17;2025-11-07;2;0
17;2025-11-07;3;0
17;2025-11-07;4;24
17;2025-11-07;5;306
17;2025-11-07;6;1544
17;2025-11-07;7;4208
17;2025-11-07;8;5161
17;2025-11-07;9;3703
17;2025-11-07;10;3059
17;2025-11-07;11;3137
17;2025-11-07;12;3061
17;2025-11-07;13;3173
17;2025-11-07;14;3283
17;2025-11-07;15;3517
17;2025-11-07;16;4274
17;2025-11-07;17;4846
17;2025-11-07;18;4444
17;2025-11-07;19;3235
17;2025-11-07;20;2402
17;2025-11-07;21;1606
17;2025-11-07;22;734
17;2025-11-07;23;494
17;2025-11-08;0;212
17;2025-11-08;1;28
17;2025-11-08;2;0
17;2025-11-08;3;0
17;2025-11-08;4;5
17;2025-11-08;5;137
17;2025-11-08;6;607
17;2025-11-08;7;1290
17;2025-11-08;8;1833
17;2025-11-08;9;2336
17;2025-11-08;10;2629
17;2025-11-08;11;3124
17;2025-11-08;12;3487
17;2025-11-08;13;3713
17;2025-11-08;14;3707
17;2025-11-08;15;3732
17;2025-11-08;16;3738
17;2025-11-08;17;3385
17;2025-11-08;18;3104
17;2025-11-08;19;2423
17;2025-11-08;20;1911
17;2025-11-08;21;1363
17;2025-11-08;22;828
17;2025-11-08;23;458
17;2025-11-09;0;186
17;2025-11-09;1;24
17;2025-11-09;2;0
17;2025-11-09;3;0
17;2025-11-09;4;2
17;2025-11-09;5;110
17;2025-11-09;6;443
17;2025-11-09;7;871
17;2025-11-09;8;1274
17;2025-11-09;9;1728
17;2025-11-09;10;2033
17;2025-11-09;11;2639
17;2025-11-09;12;2954
17;2025-11-09;13;3226
17;2025-11-09;14;3391
17;2025-11-09;15;3305
17;2025-11-09;16;3206
17;2025-11-09;17;3057
17;2025-11-09;18;2623
17;2025-11-09;19;2096
17;2025-11-09;20;1553
17;2025-11-09;21;1145
17;2025-11-09;22;695
17;2025-11-09;23;321
17;2025-11-10;0;129
17;2025-11-10;1;15
17;2025-11-10;2;0
17;2025-11-10;3;0
17;2025-11-10;4;27
17;2025-11-10;5;316
17;2025-11-10;6;1635
17;2025-11-10;7;4474
17;2025-11-10;8;5764
17;2025-11-10;9;4058
17;2025-11-10;10;3114
17;2025-11-10;11;3036
17;2025-11-10;12;3033
17;2025-11-10;13;3171
17;2025-11-10;14;3182
17;2025-11-10;15;3331
17;2025-11-10;16;3829
17;2025-11-10;17;4399
17;2025-11-10;18;4739
17;2025-11-10;19;3272
17;2025-11-10;20;2254
17;2025-11-10;21;1418
17;2025-11-10;22;643
17;2025-11-10;23;341
17;2025-11-11;0;122
17;2025-11-11;1;11
17;2025-11-11;2;0
17;2025-11-11;3;0
17;2025-11-11;4;26
17;2025-11-11;5;325
17;2025-11-11;6;1578
17;2025-11-11;7;4387
17;2025-11-11;8;5547
17;2025-11-11;9;3993
17;2025-11-11;10;3161
17;2025-11-11;11;3128
17;2025-11-11;12;3146
17;2025-11-11;13;3160
17;2025-11-11;14;3301
17;2025-11-11;15;3366
17;2025-11-11;16;3755
17;2025-11-11;17;4649
17;2025-11-11;18;4953
17;2025-11-11;19;3433
17;2025-11-11;20;2406
17;2025-11-11;21;1493
17;2025-11-11;22;716
17;2025-11-11;23;388
17;2025-11-12;0;122
17;2025-11-12;1;11
17;2025-11-12;2;0
17;2025-11-12;3;0
17;2025-11-12;4;26
17;2025-11-12;5;325
17;2025-11-12;6;1578
17;2025-11-12;7;4387
17;2025-11-12;8;5547
17;2025-11-12;9;3993
17;2025-11-12;10;3054
17;2025-11-12;11;3022
17;2025-11-12;12;3039
17;2025-11-12;13;3052
17;2025-11-12;14;3189
17;2025-11-12;15;3251
17;2025-11-12;16;3755
17;2025-11-12;17;4649
17;2025-11-12;18;4785
17;2025-11-12;19;3433
17;2025-11-12;20;2406
17;2025-11-12;21;1493
17;2025-11-12;22;716
17;2025-11-12;23;388
17;2025-11-13;0;122
17;2025-11-13;1;11
17;2025-11-13;2;0
17;2025-11-13;3;0
17;2025-11-13;4;26
17;2025-11-13;5;325
17;2025-11-13;6;1525
17;2025-11-13;7;4387
17;2025-11-13;8;5547
17;2025-11-13;9;3993
17;2025-11-13;10;3161
17;2025-11-13;11;3128
17;2025-11-13;12;3146
17;2025-11-13;13;3160
17;2025-11-13;14;3301
17;2025-11-13;15;3366
17;2025-11-13;16;3755
17;2025-11-13;17;4649
17;2025-11-13;18;4953
17;2025-11-13;19;3433
17;2025-11-13;20;2406
17;2025-11-13;21;1493
17;2025-11-13;22;716
17;2025-11-13;23;388
17;2025-11-14;0;149
17;2025-11-14;1;18
17;2025-11-14;2;0
17;2025-11-14;3;0
17;2025-11-14;4;24
17;2025-11-14;5;317
17;2025-11-14;6;1544
17;2025-11-14;7;4208
17;2025-11-14;8;5343
17;2025-11-14;9;3833
17;2025-11-14;10;3059
17;2025-11-14;11;3137
17;2025-11-14;12;3061
17;2025-11-14;13;3173
17;2025-11-14;14;3283
17;2025-11-14;15;3517
17;2025-11-14;16;4274
17;2025-11-14;17;4846
17;2025-11-14;18;4444
17;2025-11-14;19;3235
17;2025-11-14;20;2320
17;2025-11-14;21;1551
17;2025-11-14;22;709
17;2025-11-14;23;478
17;2025-11-15;0;198
17;2025-11-15;1;26
17;2025-11-15;2;0
17;2025-11-15;3;0
17;2025-11-15;4;5
17;2025-11-15;5;129
17;2025-11-15;6;569
17;2025-11-15;7;1209
17;2025-11-15;8;1718
17;2025-11-15;9;2189
17;2025-11-15;10;2463
17;2025-11-15;11;2928
17;2025-11-15;12;3369
17;2025-11-15;13;3587
17;2025-11-15;14;3707
17;2025-11-15;15;3732
17;2025-11-15;16;3738
17;2025-11-15;17;3385
17;2025-11-15;18;3104
17;2025-11-15;19;2423
17;2025-11-15;20;1911
17;2025-11-15;21;1363
17;2025-11-15;22;828
17;2025-11-15;23;458
17;2025-11-16;0;186
17;2025-11-16;1;24
17;2025-11-16;2;0
17;2025-11-16;3;0
17;2025-11-16;4;2
17;2025-11-16;5;110
17;2025-11-16;6;443
17;2025-11-16;7;871
17;2025-11-16;8;1274
17;2025-11-16;9;1728
17;2025-11-16;10;2033
17;2025-11-16;11;2639
17;2025-11-16;12;2954
17;2025-11-16;13;3226
17;2025-11-16;14;3391
17;2025-11-16;15;3305
17;2025-11-16;16;3206
17;2025-11-16;17;3057
17;2025-11-16;18;2623
17;2025-11-16;19;2096
17;2025-11-16;20;1553
17;2025-11-16;21;1145
17;2025-11-16;22;695
17;2025-11-16;23;321
17;2025-11-17;0;129
17;2025-11-17;1;15
17;2025-11-17;2;0
17;2025-11-17;3;0
17;2025-11-17;4;27
17;2025-11-17;5;316
17;2025-11-17;6;1635
17;2025-11-17;7;4474
17;2025-11-17;8;5764
17;2025-11-17;9;4058
17;2025-11-17;10;3008
17;2025-11-17;11;2932
17;2025-11-17;12;2930
17;2025-11-17;13;2972
17;2025-11-17;14;2981
17;2025-11-17;15;3218
17;2025-11-17;16;3699
17;2025-11-17;17;4249
17;2025-11-17;18;4739
17;2025-11-17;19;3272
17;2025-11-17;20;2254
17;2025-11-17;21;1370
17;2025-11-17;22;643
17;2025-11-17;23;341
17;2025-11-18;0;122
17;2025-11-18;1;11
17;2025-11-18;2;0
17;2025-11-18;3;0
17;2025-11-18;4;22
17;2025-11-18;5;304
17;2025-11-18;6;1525
17;2025-11-18;7;4387
17;2025-11-18;8;5358
17;2025-11-18;9;3741
17;2025-11-18;10;2962
17;2025-11-18;11;3022
17;2025-11-18;12;3039
17;2025-11-18;13;2961
17;2025-11-18;14;3093
17;2025-11-18;15;3251
17;2025-11-18;16;3755
17;2025-11-18;17;4649
17;2025-11-18;18;4785
17;2025-11-18;19;3316
17;2025-11-18;20;2324
17;2025-11-18;21;1493
17;2025-11-18;22;716
17;2025-11-18;23;388
17;2025-11-19;0;122
17;2025-11-19;1;11
17;2025-11-19;2;0
17;2025-11-19;3;0
17;2025-11-19;4;26
17;2025-11-19;5;325
17;2025-11-19;6;1578
17;2025-11-19;7;4387
17;2025-11-19;8;5547
17;2025-11-19;9;3993
17;2025-11-19;10;3161
17;2025-11-19;11;3128
17;2025-11-19;12;3146
17;2025-11-19;13;3160
17;2025-11-19;14;3301
17;2025-11-19;15;3366
17;2025-11-19;16;3755
17;2025-11-19;17;4649
17;2025-11-19;18;4953
17;2025-11-19;19;3433
17;2025-11-19;20;2406
17;2025-11-19;21;1493
17;2025-11-19;22;716
17;2025-11-19;23;388
17;2025-11-20;0;122
17;2025-11-20;1;11
17;2025-11-20;2;0
17;2025-11-20;3;0
17;2025-11-20;4;26
17;2025-11-20;5;325
17;2025-11-20;6;1578
17;2025-11-20;7;4387
17;2025-11-20;8;5547
17;2025-11-20;9;3993
17;2025-11-20;10;3161
17;2025-11-20;11;3128
17;2025-11-20;12;3146
17;2025-11-20;13;3160
17;2025-11-20;14;3301
17;2025-11-20;15;3366
17;2025-11-20;16;3755
17;2025-11-20;17;4649
17;2025-11-20;18;4953
17;2025-11-20;19;3433
17;2025-11-20;20;2406
17;2025-11-20;21;1493
17;2025-11-20;22;716
17;2025-11-20;23;388
17;2025-11-21;0;149
17;2025-11-21;1;18
17;2025-11-21;2;0
17;2025-11-21;3;0
17;2025-11-21;4;23
17;2025-11-21;5;306
17;2025-11-21;6;1491
17;2025-11-21;7;4065
17;2025-11-21;8;5343
17;2025-11-21;9;3833
17;2025-11-21;10;3059
17;2025-11-21;11;3137
17;2025-11-21;12;2957
17;2025-11-21;13;3173
17;2025-11-21;14;3283
17;2025-11-21;15;3517
17;2025-11-21;16;4274
17;2025-11-21;17;4846
17;2025-11-21;18;4444
17;2025-11-21;19;3235
17;2025-11-21;20;2402
17;2025-11-21;21;1606
17;2025-11-21;22;734
17;2025-11-21;23;494
17;2025-11-22;0;212
17;2025-11-22;1;28
17;2025-11-22;2;0
17;2025-11-22;3;0
17;2025-11-22;4;5
17;2025-11-22;5;129
17;2025-11-22;6;586
17;2025-11-22;7;1246
17;2025-11-22;8;1771
17;2025-11-22;9;2257
17;2025-11-22;10;2629
17;2025-11-22;11;3124
17;2025-11-22;12;3487
17;2025-11-22;13;3713
17;2025-11-22;14;3707
17;2025-11-22;15;3732
17;2025-11-22;16;3738
17;2025-11-22;17;3385
17;2025-11-22;18;3104
17;2025-11-22;19;2423
17;2025-11-22;20;1911
17;2025-11-22;21;1316
17;2025-11-22;22;800
17;2025-11-22;23;443
17;2025-11-23;0;179
17;2025-11-23;1;24
17;2025-11-23;2;0
17;2025-11-23;3;0
17;2025-11-23;4;2
17;2025-11-23;5;110
17;2025-11-23;6;443
17;2025-11-23;7;871
17;2025-11-23;8;1274
17;2025-11-23;9;1728
17;2025-11-23;10;2033
17;2025-11-23;11;2639
17;2025-11-23;12;2954
17;2025-11-23;13;3226
17;2025-11-23;14;3391
17;2025-11-23;15;3305
17;2025-11-23;16;3206
17;2025-11-23;17;3057
17;2025-11-23;18;2623
17;2025-11-23;19;2096
17;2025-11-23;20;1553
17;2025-11-23;21;1145
17;2025-11-23;22;695
17;2025-11-23;23;321
17;2025-11-24;0;129
17;2025-11-24;1;15
17;2025-11-24;2;0
17;2025-11-24;3;0
17;2025-11-24;4;25
17;2025-11-24;5;296
17;2025-11-24;6;1532
17;2025-11-24;7;4321
17;2025-11-24;8;5568
17;2025-11-24;9;3920
17;2025-11-24;10;2918
17;2025-11-24;11;2844
17;2025-11-24;12;2930
17;2025-11-24;13;3064
17;2025-11-24;14;3074
17;2025-11-24;15;3218
17;2025-11-24;16;3829
17;2025-11-24;17;4399
17;2025-11-24;18;4739
17;2025-11-24;19;3272
17;2025-11-24;20;2254
17;2025-11-24;21;1418
17;2025-11-24;22;643
17;2025-11-24;23;341
17;2025-11-25;0;122
17;2025-11-25;1;11
17;2025-11-25;2;0
17;2025-11-25;3;0
17;2025-11-25;4;26
17;2025-11-25;5;325
17;2025-11-25;6;1578
17;2025-11-25;7;4387
17;2025-11-25;8;5547
17;2025-11-25;9;3993
17;2025-11-25;10;3161
17;2025-11-25;11;3128
17;2025-11-25;12;3146
17;2025-11-25;13;3160
17;2025-11-25;14;3301
17;2025-11-25;15;3366
17;2025-11-25;16;3755
17;2025-11-25;17;4649
17;2025-11-25;18;4953
17;2025-11-25;19;3433
17;2025-11-25;20;2406
17;2025-11-25;21;1493
17;2025-11-25;22;716
17;2025-11-25;23;388
17;2025-11-26;0;118
17;2025-11-26;1;11
17;2025-11-26;2;0
17;2025-11-26;3;0
17;2025-11-26;4;25
17;2025-11-26;5;304
17;2025-11-26;6;1479
17;2025-11-26;7;4238
17;2025-11-26;8;5358
17;2025-11-26;9;3857
17;2025-11-26;10;3054
17;2025-11-26;11;3022
17;2025-11-26;12;3039
17;2025-11-26;13;3052
17;2025-11-26;14;3189
17;2025-11-26;15;3251
17;2025-11-26;16;3627
17;2025-11-26;17;4491
17;2025-11-26;18;4785
17;2025-11-26;19;3316
17;2025-11-26;20;2324
17;2025-11-26;21;1442
17;2025-11-26;22;692
17;2025-11-26;23;375
17;2025-11-27;0;118
17;2025-11-27;1;11
17;2025-11-27;2;0
17;2025-11-27;3;0
17;2025-11-27;4;26
17;2025-11-27;5;325
17;2025-11-27;6;1578
17;2025-11-27;7;4387
17;2025-11-27;8;5547
17;2025-11-27;9;3993
17;2025-11-27;10;3161
17;2025-11-27;11;3022
17;2025-11-27;12;3039
17;2025-11-27;13;3052
17;2025-11-27;14;3189
17;2025-11-27;15;3366
17;2025-11-27;16;3755
17;2025-11-27;17;4491
17;2025-11-27;18;4641
17;2025-11-27;19;3316
17;2025-11-27;20;2324
17;2025-11-27;21;1442
17;2025-11-27;22;671
17;2025-11-27;23;364
17;2025-11-28;0;140
17;2025-11-28;1;18
17;2025-11-28;2;0
17;2025-11-28;3;0
17;2025-11-28;4;23
17;2025-11-28;5;306
17;2025-11-28;6;1544
17;2025-11-28;7;4208
17;2025-11-28;8;5343
17;2025-11-28;9;3833
17;2025-11-28;10;3059
17;2025-11-28;11;3137
17;2025-11-28;12;3061
17;2025-11-28;13;3173
17;2025-11-28;14;3283
17;2025-11-28;15;3517
17;2025-11-28;16;4274
17;2025-11-28;17;4846
17;2025-11-28;18;4444
17;2025-11-28;19;3235
17;2025-11-28;20;2402
17;2025-11-28;21;1606
17;2025-11-28;22;734
17;2025-11-28;23;494
17;2025-11-29;0;212
17;2025-11-29;1;28
17;2025-11-29;2;0
17;2025-11-29;3;0
17;2025-11-29;4;5
17;2025-11-29;5;137
17;2025-11-29;6;607
17;2025-11-29;7;1290
17;2025-11-29;8;1833
17;2025-11-29;9;2336
17;2025-11-29;10;2629
17;2025-11-29;11;3124
17;2025-11-29;12;3487
17;2025-11-29;13;3713
17;2025-11-29;14;3707
17;2025-11-29;15;3732
17;2025-11-29;16;3738
17;2025-11-29;17;3385
17;2025-11-29;18;3104
17;2025-11-29;19;2423
17;2025-11-29;20;1911
17;2025-11-29;21;1363
17;2025-11-29;22;828
17;2025-11-29;23;458
17;2025-11-30;0;179
17;2025-11-30;1;24
17;2025-11-30;2;0
17;2025-11-30;3;0
17;2025-11-30;4;2
17;2025-11-30;5;110
17;2025-11-30;6;443
17;2025-11-30;7;871
17;2025-11-30;8;1274
17;2025-11-30;9;1728
17;2025-11-30;10;2033
17;2025-11-30;11;2639
17;2025-11-30;12;2954
17;2025-11-30;13;3226
17;2025-11-30;14;3391
17;2025-11-30;15;3305
17;2025-11-30;16;3206
17;2025-11-30;17;3057
17;2025-11-30;18;2623
17;2025-11-30;19;2096
17;2025-11-30;20;1553
17;2025-11-30;21;1145
17;2025-11-30;22;695
17;2025-11-30;23;321
17;2025-12-01;0;129
17;2025-12-01;1;15
17;2025-12-01;2;0
17;2025-12-01;3;0
17;2025-12-01;4;27
17;2025-12-01;5;317
17;2025-12-01;6;1636
17;2025-12-01;7;4476
17;2025-12-01;8;5767
17;2025-12-01;9;4061
17;2025-12-01;10;3116
17;2025-12-01;11;3037
17;2025-12-01;12;3034
17;2025-12-01;13;3173
17;2025-12-01;14;3184
17;2025-12-01;15;3333
17;2025-12-01;16;3832
17;2025-12-01;17;4402
17;2025-12-01;18;4742
17;2025-12-01;19;3274
17;2025-12-01;20;2255
17;2025-12-01;21;1419
17;2025-12-01;22;644
17;2025-12-01;23;341
17;2025-12-02;0;122
17;2025-12-02;1;11
17;2025-12-02;2;0
17;2025-12-02;3;0
17;2025-12-02;4;26
17;2025-12-02;5;325
17;2025-12-02;6;1579
17;2025-12-02;7;4390
17;2025-12-02;8;5550
17;2025-12-02;9;3996
17;2025-12-02;10;3163
17;2025-12-02;11;3130
17;2025-12-02;12;3148
17;2025-12-02;13;3162
17;2025-12-02;14;3303
17;2025-12-02;15;3368
17;2025-12-02;16;3757
17;2025-12-02;17;4652
17;2025-12-02;18;4956
17;2025-12-02;19;3435
17;2025-12-02;20;2407
17;2025-12-02;21;1494
17;2025-12-02;22;717
17;2025-12-02;23;389
17;2025-12-03;0;122
17;2025-12-03;1;11
17;2025-12-03;2;0
17;2025-12-03;3;0
17;2025-12-03;4;26
17;2025-12-03;5;325
17;2025-12-03;6;1579
17;2025-12-03;7;4390
17;2025-12-03;8;5550
17;2025-12-03;9;3996
17;2025-12-03;10;3163
17;2025-12-03;11;3130
17;2025-12-03;12;3148
17;2025-12-03;13;3162
17;2025-12-03;14;3303
17;2025-12-03;15;3368
17;2025-12-03;16;3757
17;2025-12-03;17;4652
17;2025-12-03;18;4956
17;2025-12-03;19;3435
17;2025-12-03;20;2407
17;2025-12-03;21;1494
17;2025-12-03;22;717
17;2025-12-03;23;389
17;2025-12-04;0;122
17;2025-12-04;1;11
17;2025-12-04;2;0
17;2025-12-04;3;0
17;2025-12-04;4;26
17;2025-12-04;5;325
17;2025-12-04;6;1579
17;2025-12-04;7;4390
17;2025-12-04;8;5550
17;2025-12-04;9;3996
17;2025-12-04;10;3163
17;2025-12-04;11;3130
17;2025-12-04;12;3148
17;2025-12-04;13;3162
17;2025-12-04;14;3303
17;2025-12-04;15;3368
17;2025-12-04;16;3757
17;2025-12-04;17;4652
17;2025-12-04;18;4956
17;2025-12-04;19;3435
17;2025-12-04;20;2407
17;2025-12-04;21;1494
17;2025-12-04;22;717
17;2025-12-04;23;389
17;2025-12-05;0;149
17;2025-12-05;1;18
17;2025-12-05;2;0
17;2025-12-05;3;0
17;2025-12-05;4;24
17;2025-12-05;5;317
17;2025-12-05;6;1545
17;2025-12-05;7;4211
17;2025-12-05;8;5346
17;2025-12-05;9;3835
17;2025-12-05;10;3060
17;2025-12-05;11;3139
17;2025-12-05;12;3063
17;2025-12-05;13;3175
17;2025-12-05;14;3285
17;2025-12-05;15;3519
17;2025-12-05;16;4276
17;2025-12-05;17;4849
17;2025-12-05;18;4447
17;2025-12-05;19;3237
17;2025-12-05;20;2403
17;2025-12-05;21;1607
17;2025-12-05;22;734
17;2025-12-05;23;495
17;2025-12-06;0;212
17;2025-12-06;1;28
17;2025-12-06;2;0
17;2025-12-06;3;0
17;2025-12-06;4;5
17;2025-12-06;5;137
17;2025-12-06;6;607
17;2025-12-06;7;1291
17;2025-12-06;8;1834
17;2025-12-06;9;2338
17;2025-12-06;10;2631
17;2025-12-06;11;3126
17;2025-12-06;12;3490
17;2025-12-06;13;3715
17;2025-12-06;14;3709
17;2025-12-06;15;3734
17;2025-12-06;16;3740
17;2025-12-06;17;3387
17;2025-12-06;18;3106
17;2025-12-06;19;2425
17;2025-12-06;20;1912
17;2025-12-06;21;1363
17;2025-12-06;22;828
17;2025-12-06;23;458
17;2025-12-07;0;186
17;2025-12-07;1;24
17;2025-12-07;2;0
17;2025-12-07;3;0
17;2025-12-07;4;2
17;2025-12-07;5;110
17;2025-12-07;6;443
17;2025-12-07;7;871
17;2025-12-07;8;1275
17;2025-12-07;9;1729
17;2025-12-07;10;2034
17;2025-12-07;11;2641
17;2025-12-07;12;2955
17;2025-12-07;13;3228
17;2025-12-07;14;3393
17;2025-12-07;15;3307
17;2025-12-07;16;3208
17;2025-12-07;17;3059
17;2025-12-07;18;2625
17;2025-12-07;19;2097
17;2025-12-07;20;1554
17;2025-12-07;21;1145
17;2025-12-07;22;695
17;2025-12-07;23;322
17;2025-12-08;0;129
17;2025-12-08;1;15
17;2025-12-08;2;0
17;2025-12-08;3;0
17;2025-12-08;4;27
17;2025-12-08;5;317
17;2025-12-08;6;1636
17;2025-12-08;7;4476
17;2025-12-08;8;5767
17;2025-12-08;9;4061
17;2025-12-08;10;3116
17;2025-12-08;11;3037
17;2025-12-08;12;3034
17;2025-12-08;13;3173
17;2025-12-08;14;3184
17;2025-12-08;15;3333
17;2025-12-08;16;3832
17;2025-12-08;17;4402
17;2025-12-08;18;4742
17;2025-12-08;19;3274
17;2025-12-08;20;2255
17;2025-12-08;21;1419
17;2025-12-08;22;644
17;2025-12-08;23;341
17;2025-12-09;0;122
17;2025-12-09;1;11
17;2025-12-09;2;0
17;2025-12-09;3;0
17;2025-12-09;4;26
17;2025-12-09;5;325
17;2025-12-09;6;1579
17;2025-12-09;7;4390
17;2025-12-09;8;5550
17;2025-12-09;9;3996
17;2025-12-09;10;3163
17;2025-12-09;11;3130
17;2025-12-09;12;3148
17;2025-12-09;13;3162
17;2025-12-09;14;3303
17;2025-12-09;15;3368
17;2025-12-09;16;3757
17;2025-12-09;17;4652
17;2025-12-09;18;4956
17;2025-12-09;19;3435
17;2025-12-09;20;2407
17;2025-12-09;21;1494
17;2025-12-09;22;692
17;2025-12-09;23;375
17;2025-12-10;0;118
17;2025-12-10;1;11
17;2025-12-10;2;0
17;2025-12-10;3;0
17;2025-12-10;4;25
17;2025-12-10;5;314
17;2025-12-10;6;1526
17;2025-12-10;7;4241
17;2025-12-10;8;5362
17;2025-12-10;9;3860
17;2025-12-10;10;3055
17;2025-12-10;11;3024
17;2025-12-10;12;3148
17;2025-12-10;13;3162
17;2025-12-10;14;3303
17;2025-12-10;15;3368
17;2025-12-10;16;3757
17;2025-12-10;17;4652
17;2025-12-10;18;4956
17;2025-12-10;19;3435
17;2025-12-10;20;2407
17;2025-12-10;21;1494
17;2025-12-10;22;717
17;2025-12-10;23;389
17;2025-12-11;0;122
17;2025-12-11;1;11
17;2025-12-11;2;0
17;2025-12-11;3;0
17;2025-12-11;4;26
17;2025-12-11;5;325
17;2025-12-11;6;1579
17;2025-12-11;7;4390
17;2025-12-11;8;5201
17;2025-12-11;9;3860
17;2025-12-11;10;3055
17;2025-12-11;11;3024
17;2025-12-11;12;3041
17;2025-12-11;13;3054
17;2025-12-11;14;3303
17;2025-12-11;15;3253
17;2025-12-11;16;3629
17;2025-12-11;17;4494
17;2025-12-11;18;4788
17;2025-12-11;19;3318
17;2025-12-11;20;2325
17;2025-12-11;21;1443
17;2025-12-11;22;692
17;2025-12-11;23;389
17;2025-12-12;0;149
17;2025-12-12;1;18
17;2025-12-12;2;0
17;2025-12-12;3;0
17;2025-12-12;4;24
17;2025-12-12;5;317
17;2025-12-12;6;1492
17;2025-12-12;7;4211
17;2025-12-12;8;5165
17;2025-12-12;9;3835
17;2025-12-12;10;2956
17;2025-12-12;11;3139
17;2025-12-12;12;2959
17;2025-12-12;13;2975
17;2025-12-12;14;3078
17;2025-12-12;15;3298
17;2025-12-12;16;4131
17;2025-12-12;17;4684
17;2025-12-12;18;4447
17;2025-12-12;19;3237
17;2025-12-12;20;2403
17;2025-12-12;21;1607
17;2025-12-12;22;709
17;2025-12-12;23;478
17;2025-12-13;0;212
17;2025-12-13;1;27
17;2025-12-13;2;0
17;2025-12-13;3;0
17;2025-12-13;4;5
17;2025-12-13;5;133
17;2025-12-13;6;607
17;2025-12-13;7;1247
17;2025-12-13;8;1834
17;2025-12-13;9;2338
17;2025-12-13;10;2631
17;2025-12-13;11;3126
17;2025-12-13;12;3490
17;2025-12-13;13;3715
17;2025-12-13;14;3709
17;2025-12-13;15;3734
17;2025-12-13;16;3740
17;2025-12-13;17;3387
17;2025-12-13;18;3106
17;2025-12-13;19;2425
17;2025-12-13;20;1847
17;2025-12-13;21;1317
17;2025-12-13;22;828
17;2025-12-13;23;443
17;2025-12-14;0;179
17;2025-12-14;1;23
17;2025-12-14;2;0
17;2025-12-14;3;0
17;2025-12-14;4;2
17;2025-12-14;5;110
17;2025-12-14;6;443
17;2025-12-14;7;871
17;2025-12-14;8;1232
17;2025-12-14;9;1729
17;2025-12-14;10;2034
17;2025-12-14;11;2641
17;2025-12-14;12;2955
17;2025-12-14;13;3228
17;2025-12-14;14;3393
17;2025-12-14;15;3307
17;2025-12-14;16;3208
17;2025-12-14;17;3059
17;2025-12-14;18;2625
17;2025-12-14;19;2097
17;2025-12-14;20;1554
17;2025-12-14;21;1145
17;2025-12-14;22;695
17;2025-12-14;23;322
17;2025-12-15;0;129
17;2025-12-15;1;15
17;2025-12-15;2;0
17;2025-12-15;3;0
17;2025-12-15;4;27
17;2025-12-15;5;317
17;2025-12-15;6;1636
17;2025-12-15;7;4476
17;2025-12-15;8;5767
17;2025-12-15;9;4061
17;2025-12-15;10;3116
17;2025-12-15;11;2934
17;2025-12-15;12;3034
17;2025-12-15;13;3173
17;2025-12-15;14;3184
17;2025-12-15;15;3333
17;2025-12-15;16;3832
17;2025-12-15;17;4402
17;2025-12-15;18;4742
17;2025-12-15;19;3274
17;2025-12-15;20;2255
17;2025-12-15;21;1419
17;2025-12-15;22;644
17;2025-12-15;23;341
17;2025-12-16;0;122
17;2025-12-16;1;11
17;2025-12-16;2;0
17;2025-12-16;3;0
17;2025-12-16;4;26
17;2025-12-16;5;325
17;2025-12-16;6;1579
17;2025-12-16;7;4390
17;2025-12-16;8;5550
17;2025-12-16;9;3996
17;2025-12-16;10;3055
17;2025-12-16;11;3024
17;2025-12-16;12;3041
17;2025-12-16;13;2963
17;2025-12-16;14;3191
17;2025-12-16;15;3368
17;2025-12-16;16;3757
17;2025-12-16;17;4652
17;2025-12-16;18;4956
17;2025-12-16;19;3435
17;2025-12-16;20;2407
17;2025-12-16;21;1494
17;2025-12-16;22;717
17;2025-12-16;23;389
17;2025-12-17;0;118
17;2025-12-17;1;11
17;2025-12-17;2;0
17;2025-12-17;3;0
17;2025-12-17;4;26
17;2025-12-17;5;325
17;2025-12-17;6;1579
17;2025-12-17;7;4390
17;2025-12-17;8;5550
17;2025-12-17;9;3996
17;2025-12-17;10;3163
17;2025-12-17;11;3130
17;2025-12-17;12;3148
17;2025-12-17;13;3162
17;2025-12-17;14;3303
17;2025-12-17;15;3368
17;2025-12-17;16;3757
17;2025-12-17;17;4652
17;2025-12-17;18;4956
17;2025-12-17;19;3435
17;2025-12-17;20;2407
17;2025-12-17;21;1494
17;2025-12-17;22;717
17;2025-12-17;23;389
17;2025-12-18;0;122
17;2025-12-18;1;11
17;2025-12-18;2;0
17;2025-12-18;3;0
17;2025-12-18;4;26
17;2025-12-18;5;325
17;2025-12-18;6;1579
17;2025-12-18;7;4390
17;2025-12-18;8;5550
17;2025-12-18;9;3996
17;2025-12-18;10;3163
17;2025-12-18;11;3130
17;2025-12-18;12;3148
17;2025-12-18;13;3162
17;2025-12-18;14;3303
17;2025-12-18;15;3368
17;2025-12-18;16;3757
17;2025-12-18;17;4652
17;2025-12-18;18;4956
17;2025-12-18;19;3435
17;2025-12-18;20;2407
17;2025-12-18;21;1494
17;2025-12-18;22;717
17;2025-12-18;23;389
17;2025-12-19;0;149
17;2025-12-19;1;18
17;2025-12-19;2;0
17;2025-12-19;3;0
17;2025-12-19;4;24
17;2025-12-19;5;317
17;2025-12-19;6;1545
17;2025-12-19;7;4211
17;2025-12-19;8;5346
17;2025-12-19;9;3835
17;2025-12-19;10;3060
17;2025-12-19;11;3139
17;2025-12-19;12;3063
17;2025-12-19;13;3175
17;2025-12-19;14;3285
17;2025-12-19;15;3519
17;2025-12-19;16;4276
17;2025-12-19;17;4684
17;2025-12-19;18;4296
17;2025-12-19;19;3237
17;2025-12-19;20;2403
17;2025-12-19;21;1607
17;2025-12-19;22;734
17;2025-12-19;23;495
17;2025-12-20;0;212
17;2025-12-20;1;28
17;2025-12-20;2;0
17;2025-12-20;3;0
17;2025-12-20;4;5
17;2025-12-20;5;137
17;2025-12-20;6;607
17;2025-12-20;7;1291
17;2025-12-20;8;1834
17;2025-12-20;9;2338
17;2025-12-20;10;2631
17;2025-12-20;11;3126
17;2025-12-20;12;3490
17;2025-12-20;13;3715
17;2025-12-20;14;3709
17;2025-12-20;15;3734
17;2025-12-20;16;3740
17;2025-12-20;17;3387
17;2025-12-20;18;3106
17;2025-12-20;19;2425
17;2025-12-20;20;1912
17;2025-12-20;21;1363
17;2025-12-20;22;828
17;2025-12-20;23;458
17;2025-12-21;0;186
17;2025-12-21;1;24
17;2025-12-21;2;0
17;2025-12-21;3;0
17;2025-12-21;4;2
17;2025-12-21;5;110
17;2025-12-21;6;428
17;2025-12-21;7;841
17;2025-12-21;8;1275
17;2025-12-21;9;1729
17;2025-12-21;10;2034
17;2025-12-21;11;2641
17;2025-12-21;12;2955
17;2025-12-21;13;3228
17;2025-12-21;14;3393
17;2025-12-21;15;3307
17;2025-12-21;16;3208
17;2025-12-21;17;3059
17;2025-12-21;18;2625
17;2025-12-21;19;2097
17;2025-12-21;20;1554
17;2025-12-21;21;1145
17;2025-12-21;22;672
17;2025-12-21;23;322
17;2025-12-22;0;124
17;2025-12-22;1;15
17;2025-12-22;2;0
17;2025-12-22;3;0
17;2025-12-22;4;27
17;2025-12-22;5;317
17;2025-12-22;6;1636
17;2025-12-22;7;4476
17;2025-12-22;8;5767
17;2025-12-22;9;3923
17;2025-12-22;10;3010
17;2025-12-22;11;2934
17;2025-12-22;12;2931
17;2025-12-22;13;3173
17;2025-12-22;14;3184
17;2025-12-22;15;3220
17;2025-12-22;16;3832
17;2025-12-22;17;4402
17;2025-12-22;18;4581
17;2025-12-22;19;3274
17;2025-12-22;20;2255
17;2025-12-22;21;1419
17;2025-12-22;22;622
17;2025-12-22;23;330
17;2025-12-23;0;122
17;2025-12-23;1;11
17;2025-12-23;2;0
17;2025-12-23;3;0
17;2025-12-23;4;26
17;2025-12-23;5;325
17;2025-12-23;6;1579
17;2025-12-23;7;4390
17;2025-12-23;8;5550
17;2025-12-23;9;3996
17;2025-12-23;10;3163
17;2025-12-23;11;3130
17;2025-12-23;12;3148
17;2025-12-23;13;3162
17;2025-12-23;14;3303
17;2025-12-23;15;3368
17;2025-12-23;16;3757
17;2025-12-23;17;4652
17;2025-12-23;18;4956
17;2025-12-23;19;3435
17;2025-12-23;20;2407
17;2025-12-23;21;1494
17;2025-12-23;22;717
17;2025-12-23;23;389
17;2025-12-24;0;122
17;2025-12-24;1;11
17;2025-12-24;2;0
17;2025-12-24;3;0
17;2025-12-24;4;26
17;2025-12-24;5;325
17;2025-12-24;6;1579
17;2025-12-24;7;4390
17;2025-12-24;8;5550
17;2025-12-24;9;3996
17;2025-12-24;10;3163
17;2025-12-24;11;3130
17;2025-12-24;12;3041
17;2025-12-24;13;3054
17;2025-12-24;14;3303
17;2025-12-24;15;3253
17;2025-12-24;16;3757
17;2025-12-24;17;4652
17;2025-12-24;18;4788
17;2025-12-24;19;3435
17;2025-12-24;20;2407
17;2025-12-24;21;1443
17;2025-12-24;22;692
17;2025-12-24;23;375
17;2025-12-25;0;118
17;2025-12-25;1;11
17;2025-12-25;2;0
17;2025-12-25;3;0
17;2025-12-25;4;26
17;2025-12-25;5;325
17;2025-12-25;6;1526
17;2025-12-25;7;4390
17;2025-12-25;8;5550
17;2025-12-25;9;3996
17;2025-12-25;10;3163
17;2025-12-25;11;3130
17;2025-12-25;12;3148
17;2025-12-25;13;3162
17;2025-12-25;14;3303
17;2025-12-25;15;3368
17;2025-12-25;16;3757
17;2025-12-25;17;4494
17;2025-12-25;18;4788
17;2025-12-25;19;3318
17;2025-12-25;20;2325
17;2025-12-25;21;1443
17;2025-12-25;22;672
17;2025-12-25;23;364
17;2025-12-26;0;140
17;2025-12-26;1;17
17;2025-12-26;2;0
17;2025-12-26;3;0
17;2025-12-26;4;23
17;2025-12-26;5;306
17;2025-12-26;6;1447
17;2025-12-26;7;4067
17;2025-12-26;8;5165
17;2025-12-26;9;3705
17;2025-12-26;10;2956
17;2025-12-26;11;2941
17;2025-12-26;12;2959
17;2025-12-26;13;3067
17;2025-12-26;14;3173
17;2025-12-26;15;3400
17;2025-12-26;16;4131
17;2025-12-26;17;4684
17;2025-12-26;18;4296
17;2025-12-26;19;3127
17;2025-12-26;20;2321
17;2025-12-26;21;1552
17;2025-12-26;22;709
17;2025-12-26;23;495
17;2025-12-27;0;212
17;2025-12-27;1;27
17;2025-12-27;2;0
17;2025-12-27;3;0
17;2025-12-27;4;5
17;2025-12-27;5;137
17;2025-12-27;6;607
17;2025-12-27;7;1291
17;2025-12-27;8;1834
17;2025-12-27;9;2258
17;2025-12-27;10;2631
17;2025-12-27;11;3126
17;2025-12-27;12;3490
17;2025-12-27;13;3715
17;2025-12-27;14;3709
17;2025-12-27;15;3734
17;2025-12-27;16;3740
17;2025-12-27;17;3387
17;2025-12-27;18;3106
17;2025-12-27;19;2425
17;2025-12-27;20;1912
17;2025-12-27;21;1317
17;2025-12-27;22;800
17;2025-12-27;23;443
17;2025-12-28;0;179
17;2025-12-28;1;23
17;2025-12-28;2;0
17;2025-12-28;3;0
17;2025-12-28;4;2
17;2025-12-28;5;106
17;2025-12-28;6;428
17;2025-12-28;7;841
17;2025-12-28;8;1232
17;2025-12-28;9;1670
17;2025-12-28;10;1965
17;2025-12-28;11;2551
17;2025-12-28;12;2855
17;2025-12-28;13;3118
17;2025-12-28;14;3278
17;2025-12-28;15;3194
17;2025-12-28;16;3208
17;2025-12-28;17;3059
17;2025-12-28;18;2625
17;2025-12-28;19;2097
17;2025-12-28;20;1501
17;2025-12-28;21;1106
17;2025-12-28;22;672
17;2025-12-28;23;322
17;2025-12-29;0;109
17;2025-12-29;1;13
17;2025-12-29;2;0
17;2025-12-29;3;0
17;2025-12-29;4;22
17;2025-12-29;5;260
17;2025-12-29;6;1391
17;2025-12-29;7;3805
17;2025-12-29;8;4735
17;2025-12-29;9;3334
17;2025-12-29;10;2559
17;2025-12-29;11;2494
17;2025-12-29;12;2492
17;2025-12-29;13;2606
17;2025-12-29;14;2614
17;2025-12-29;15;2737
17;2025-12-29;16;3146
17;2025-12-29;17;3614
17;2025-12-29;18;3894
17;2025-12-29;19;2689
17;2025-12-29;20;1852
17;2025-12-29;21;1165
17;2025-12-29;22;529
17;2025-12-29;23;280
17;2025-12-30;0;100
17;2025-12-30;1;9
17;2025-12-30;2;0
17;2025-12-30;3;0
17;2025-12-30;4;21
17;2025-12-30;5;267
17;2025-12-30;6;1297
17;2025-12-30;7;3604
17;2025-12-30;8;4557
17;2025-12-30;9;3281
17;2025-12-30;10;2597
17;2025-12-30;11;2570
17;2025-12-30;12;2585
17;2025-12-30;13;2596
17;2025-12-30;14;2712
17;2025-12-30;15;2765
17;2025-12-30;16;3085
17;2025-12-30;17;3820
17;2025-12-30;18;4069
17;2025-12-30;19;2821
17;2025-12-30;20;1977
17;2025-12-30;21;1227
17;2025-12-30;22;589
17;2025-12-30;23;319
17;2025-12-31;0;152
17;2025-12-31;1;20
17;2025-12-31;2;0
17;2025-12-31;3;0
17;2025-12-31;4;2
17;2025-12-31;5;90
17;2025-12-31;6;364
17;2025-12-31;7;715
17;2025-12-31;8;1047
17;2025-12-31;9;1419
17;2025-12-31;10;1671
17;2025-12-31;11;2168
17;2025-12-31;12;2512
17;2025-12-31;13;2651
17;2025-12-31;14;2786
17;2025-12-31;15;2715
17;2025-12-31;16;2727
17;2025-12-31;17;2600
17;2025-12-31;18;2155
17;2025-12-31;19;1722
17;2025-12-31;20;1321
17;2025-12-31;21;974
17;2025-12-31;22;571
17;2025-12-31;23;264
25;2025-11-01;0;0
25;2025-11-01;1;0
25;2025-11-01;2;0
25;2025-11-01;3;0
25;2025-11-01;4;0
25;2025-11-01;5;18
25;2025-11-01;6;259
25;2025-11-01;7;546
25;2025-11-01;8;819
25;2025-11-01;9;415
25;2025-11-01;10;368
25;2025-11-01;11;442
25;2025-11-01;12;412
25;2025-11-01;13;518
25;2025-11-01;14;443
25;2025-11-01;15;603
25;2025-11-01;16;781
25;2025-11-01;17;765
25;2025-11-01;18;660
25;2025-11-01;19;584
25;2025-11-01;20;320
25;2025-11-01;21;215
25;2025-11-01;22;101
25;2025-11-01;23;14
25;2025-11-02;0;15
25;2025-11-02;1;0
25;2025-11-02;2;0
25;2025-11-02;3;0
25;2025-11-02;4;0
25;2025-11-02;5;9
25;2025-11-02;6;100
25;2025-11-02;7;99
25;2025-11-02;8;187
25;2025-11-02;9;224
25;2025-11-02;10;213
25;2025-11-02;11;308
25;2025-11-02;12;371
25;2025-11-02;13;474
25;2025-11-02;14;567
25;2025-11-02;15;661
25;2025-11-02;16;550
25;2025-11-02;17;539
25;2025-11-02;18;432
25;2025-11-02;19;298
25;2025-11-02;20;237
25;2025-11-02;21;136
25;2025-11-02;22;93
25;2025-11-02;23;34
25;2025-11-03;0;15
25;2025-11-03;1;0
25;2025-11-03;2;0
25;2025-11-03;3;0
25;2025-11-03;4;0
25;2025-11-03;5;9
25;2025-11-03;6;100
25;2025-11-03;7;99
25;2025-11-03;8;187
25;2025-11-03;9;224
25;2025-11-03;10;213
25;2025-11-03;11;298
25;2025-11-03;12;359
25;2025-11-03;13;474
25;2025-11-03;14;548
25;2025-11-03;15;639
25;2025-11-03;16;550
25;2025-11-03;17;539
25;2025-11-03;18;432
25;2025-11-03;19;298
25;2025-11-03;20;237
25;2025-11-03;21;136
25;2025-11-03;22;93
25;2025-11-03;23;34
25;2025-11-04;0;14
25;2025-11-04;1;0
25;2025-11-04;2;0
25;2025-11-04;3;0
25;2025-11-04;4;0
25;2025-11-04;5;9
25;2025-11-04;6;100
25;2025-11-04;7;99
25;2025-11-04;8;181
25;2025-11-04;9;216
25;2025-11-04;10;206
25;2025-11-04;11;298
25;2025-11-04;12;348
25;2025-11-04;13;460
25;2025-11-04;14;567
25;2025-11-04;15;661
25;2025-11-04;16;550
25;2025-11-04;17;539
25;2025-11-04;18;432
25;2025-11-04;19;298
25;2025-11-04;20;237
25;2025-11-04;21;136
25;2025-11-04;22;93
25;2025-11-04;23;34
25;2025-11-05;0;0
25;2025-11-05;1;0
25;2025-11-05;2;0
25;2025-11-05;3;0
25;2025-11-05;4;0
25;2025-11-05;5;21
25;2025-11-05;6;279
25;2025-11-05;7;543
25;2025-11-05;8;916
25;2025-11-05;9;464
25;2025-11-05;10;383
25;2025-11-05;11;456
25;2025-11-05;12;443
25;2025-11-05;13;549
25;2025-11-05;14;492
25;2025-11-05;15;621
25;2025-11-05;16;699
25;2025-11-05;17;817
25;2025-11-05;18;791
25;2025-11-05;19;622
25;2025-11-05;20;345
25;2025-11-05;21;233
25;2025-11-05;22;89
25;2025-11-05;23;6
25;2025-11-06;0;0
25;2025-11-06;1;0
25;2025-11-06;2;0
25;2025-11-06;3;0
25;2025-11-06;4;0
25;2025-11-06;5;21
25;2025-11-06;6;279
25;2025-11-06;7;543
25;2025-11-06;8;916
25;2025-11-06;9;464
25;2025-11-06;10;383
25;2025-11-06;11;440
25;2025-11-06;12;443
25;2025-11-06;13;549
25;2025-11-06;14;492
25;2025-11-06;15;600
25;2025-11-06;16;675
25;2025-11-06;17;817
25;2025-11-06;18;791
25;2025-11-06;19;622
25;2025-11-06;20;323
25;2025-11-06;21;233
25;2025-11-06;22;89
25;2025-11-06;23;6
25;2025-11-07;0;0
25;2025-11-07;1;0
25;2025-11-07;2;0
25;2025-11-07;3;0
25;2025-11-07;4;0
25;2025-11-07;5;20
25;2025-11-07;6;300
25;2025-11-07;7;633
25;2025-11-07;8;916
25;2025-11-07;9;465
25;2025-11-07;10;426
25;2025-11-07;11;512
25;2025-11-07;12;477
25;2025-11-07;13;600
25;2025-11-07;14;514
25;2025-11-07;15;698
25;2025-11-07;16;905
25;2025-11-07;17;886
25;2025-11-07;18;765
25;2025-11-07;19;677
25;2025-11-07;20;371
25;2025-11-07;21;249
25;2025-11-07;22;117
25;2025-11-07;23;16
25;2025-11-08;0;0
25;2025-11-08;1;0
25;2025-11-08;2;0
25;2025-11-08;3;0
25;2025-11-08;4;0
25;2025-11-08;5;21
25;2025-11-08;6;141
25;2025-11-08;7;142
25;2025-11-08;8;315
25;2025-11-08;9;259
25;2025-11-08;10;296
25;2025-11-08;11;397
25;2025-11-08;12;400
25;2025-11-08;13;662
25;2025-11-08;14;673
25;2025-11-08;15;796
25;2025-11-08;16;707
25;2025-11-08;17;585
25;2025-11-08;18;521
25;2025-11-08;19;451
25;2025-11-08;20;256
25;2025-11-08;21;188
25;2025-11-08;22;118
25;2025-11-08;23;44
25;2025-11-09;0;15
25;2025-11-09;1;0
25;2025-11-09;2;0
25;2025-11-09;3;0
25;2025-11-09;4;0
25;2025-11-09;5;9
25;2025-11-09;6;100
25;2025-11-09;7;99
25;2025-11-09;8;187
25;2025-11-09;9;224
25;2025-11-09;10;213
25;2025-11-09;11;308
25;2025-11-09;12;371
25;2025-11-09;13;491
25;2025-11-09;14;567
25;2025-11-09;15;661
25;2025-11-09;16;550
25;2025-11-09;17;539
25;2025-11-09;18;432
25;2025-11-09;19;298
25;2025-11-09;20;237
25;2025-11-09;21;136
25;2025-11-09;22;93
25;2025-11-09;23;34
25;2025-11-10;0;8
25;2025-11-10;1;0
25;2025-11-10;2;0
25;2025-11-10;3;0
25;2025-11-10;4;0
25;2025-11-10;5;26
25;2025-11-10;6;269
25;2025-11-10;7;538
25;2025-11-10;8;1024
25;2025-11-10;9;548
25;2025-11-10;10;355
25;2025-11-10;11;429
25;2025-11-10;12;430
25;2025-11-10;13;577
25;2025-11-10;14;496
25;2025-11-10;15;532
25;2025-11-10;16;690
25;2025-11-10;17;757
25;2025-11-10;18;752
25;2025-11-10;19;587
25;2025-11-10;20;319
25;2025-11-10;21;190
25;2025-11-10;22;83
25;2025-11-10;23;5
25;2025-11-11;0;0
25;2025-11-11;1;0
25;2025-11-11;2;0
25;2025-11-11;3;0
25;2025-11-11;4;0
25;2025-11-11;5;21
25;2025-11-11;6;279
25;2025-11-11;7;543
25;2025-11-11;8;916
25;2025-11-11;9;464
25;2025-11-11;10;383
25;2025-11-11;11;456
25;2025-11-11;12;443
25;2025-11-11;13;549
25;2025-11-11;14;492
25;2025-11-11;15;621
25;2025-11-11;16;699
25;2025-11-11;17;817
25;2025-11-11;18;791
25;2025-11-11;19;622
25;2025-11-11;20;345
25;2025-11-11;21;233
25;2025-11-11;22;89
25;2025-11-11;23;6
25;2025-11-12;0;0
25;2025-11-12;1;0
25;2025-11-12;2;0
25;2025-11-12;3;0
25;2025-11-12;4;0
25;2025-11-12;5;21
25;2025-11-12;6;279
25;2025-11-12;7;543
25;2025-11-12;8;916
25;2025-11-12;9;464
25;2025-11-12;10;370
25;2025-11-12;11;440
25;2025-11-12;12;428
25;2025-11-12;13;530
25;2025-11-12;14;475
25;2025-11-12;15;600
25;2025-11-12;16;699
25;2025-11-12;17;817
25;2025-11-12;18;764
25;2025-11-12;19;622
25;2025-11-12;20;345
25;2025-11-12;21;233
25;2025-11-12;22;89
25;2025-11-12;23;6
25;2025-11-13;0;0
25;2025-11-13;1;0
25;2025-11-13;2;0
25;2025-11-13;3;0
25;2025-11-13;4;0
25;2025-11-13;5;21
25;2025-11-13;6;270
25;2025-11-13;7;543
25;2025-11-13;8;916
25;2025-11-13;9;464
25;2025-11-13;10;383
25;2025-11-13;11;456
25;2025-11-13;12;443
25;2025-11-13;13;549
25;2025-11-13;14;492
25;2025-11-13;15;621
25;2025-11-13;16;699
25;2025-11-13;17;817
25;2025-11-13;18;791
25;2025-11-13;19;622
25;2025-11-13;20;345
25;2025-11-13;21;233
25;2025-11-13;22;89
25;2025-11-13;23;6
25;2025-11-14;0;0
25;2025-11-14;1;0
25;2025-11-14;2;0
25;2025-11-14;3;0
25;2025-11-14;4;0
25;2025-11-14;5;20
25;2025-11-14;6;300
25;2025-11-14;7;633
25;2025-11-14;8;948
25;2025-11-14;9;481
25;2025-11-14;10;426
25;2025-11-14;11;512
25;2025-11-14;12;477
25;2025-11-14;13;600
25;2025-11-14;14;514
25;2025-11-14;15;698
25;2025-11-14;16;905
25;2025-11-14;17;886
25;2025-11-14;18;765
25;2025-11-14;19;677
25;2025-11-14;20;358
25;2025-11-14;21;240
25;2025-11-14;22;113
25;2025-11-14;23;16
25;2025-11-15;0;0
25;2025-11-15;1;0
25;2025-11-15;2;0
25;2025-11-15;3;0
25;2025-11-15;4;0
25;2025-11-15;5;19
25;2025-11-15;6;132
25;2025-11-15;7;133
25;2025-11-15;8;296
25;2025-11-15;9;243
25;2025-11-15;10;277
25;2025-11-15;11;372
25;2025-11-15;12;386
25;2025-11-15;13;640
25;2025-11-15;14;673
25;2025-11-15;15;796
25;2025-11-15;16;707
25;2025-11-15;17;585
25;2025-11-15;18;521
25;2025-11-15;19;451
25;2025-11-15;20;256
25;2025-11-15;21;188
25;2025-11-15;22;118
25;2025-11-15;23;44
25;2025-11-16;0;15
25;2025-11-16;1;0
25;2025-11-16;2;0
25;2025-11-16;3;0
25;2025-11-16;4;0
25;2025-11-16;5;9
25;2025-11-16;6;100
25;2025-11-16;7;99
25;2025-11-16;8;187
25;2025-11-16;9;224
25;2025-11-16;10;213
25;2025-11-16;11;308
25;2025-11-16;12;371
25;2025-11-16;13;491
25;2025-11-16;14;567
25;2025-11-16;15;661
25;2025-11-16;16;550
25;2025-11-16;17;539
25;2025-11-16;18;432
25;2025-11-16;19;298
25;2025-11-16;20;237
25;2025-11-16;21;136
25;2025-11-16;22;93
25;2025-11-16;23;34
25;2025-11-17;0;8
25;2025-11-17;1;0
25;2025-11-17;2;0
25;2025-11-17;3;0
25;2025-11-17;4;0
25;2025-11-17;5;26
25;2025-11-17;6;269
25;2025-11-17;7;538
25;2025-11-17;8;1024
25;2025-11-17;9;548
25;2025-11-17;10;343
25;2025-11-17;11;415
25;2025-11-17;12;415
25;2025-11-17;13;540
25;2025-11-17;14;464
25;2025-11-17;15;514
25;2025-11-17;16;666
25;2025-11-17;17;731
25;2025-11-17;18;752
25;2025-11-17;19;587
25;2025-11-17;20;319
25;2025-11-17;21;184
25;2025-11-17;22;83
25;2025-11-17;23;5
25;2025-11-18;0;0
25;2025-11-18;1;0
25;2025-11-18;2;0
25;2025-11-18;3;0
25;2025-11-18;4;0
25;2025-11-18;5;19
25;2025-11-18;6;270
25;2025-11-18;7;543
25;2025-11-18;8;885
25;2025-11-18;9;434
25;2025-11-18;10;359
25;2025-11-18;11;440
25;2025-11-18;12;428
25;2025-11-18;13;514
25;2025-11-18;14;461
25;2025-11-18;15;600
25;2025-11-18;16;699
25;2025-11-18;17;817
25;2025-11-18;18;764
25;2025-11-18;19;601
25;2025-11-18;20;333
25;2025-11-18;21;233
25;2025-11-18;22;89
25;2025-11-18;23;6
25;2025-11-19;0;0
25;2025-11-19;1;0
25;2025-11-19;2;0
25;2025-11-19;3;0
25;2025-11-19;4;0
25;2025-11-19;5;21
25;2025-11-19;6;279
25;2025-11-19;7;543
25;2025-11-19;8;916
25;2025-11-19;9;464
25;2025-11-19;10;383
25;2025-11-19;11;456
25;2025-11-19;12;443
25;2025-11-19;13;549
25;2025-11-19;14;492
25;2025-11-19;15;621
25;2025-11-19;16;699
25;2025-11-19;17;817
25;2025-11-19;18;791
25;2025-11-19;19;622
25;2025-11-19;20;345
25;2025-11-19;21;233
25;2025-11-19;22;89
25;2025-11-19;23;6
25;2025-11-20;0;0
25;2025-11-20;1;0
25;2025-11-20;2;0
25;2025-11-20;3;0
25;2025-11-20;4;0
25;2025-11-20;5;21
25;2025-11-20;6;279
25;2025-11-20;7;543
25;2025-11-20;8;916
25;2025-11-20;9;464
25;2025-11-20;10;383
25;2025-11-20;11;456
25;2025-11-20;12;443
25;2025-11-20;13;549
25;2025-11-20;14;492
25;2025-11-20;15;621
25;2025-11-20;16;699
25;2025-11-20;17;817
25;2025-11-20;18;791
25;2025-11-20;19;622
25;2025-11-20;20;345
25;2025-11-20;21;233
25;2025-11-20;22;89
25;2025-11-20;23;6
25;2025-11-21;0;0
25;2025-11-21;1;0
25;2025-11-21;2;0
25;2025-11-21;3;0
25;2025-11-21;4;0
25;2025-11-21;5;20
25;2025-11-21;6;290
25;2025-11-21;7;611
25;2025-11-21;8;948
25;2025-11-21;9;481
25;2025-11-21;10;426
25;2025-11-21;11;512
25;2025-11-21;12;461
25;2025-11-21;13;600
25;2025-11-21;14;514
25;2025-11-21;15;698
25;2025-11-21;16;905
25;2025-11-21;17;886
25;2025-11-21;18;765
25;2025-11-21;19;677
25;2025-11-21;20;371
25;2025-11-21;21;249
25;2025-11-21;22;117
25;2025-11-21;23;16
25;2025-11-22;0;0
25;2025-11-22;1;0
25;2025-11-22;2;0
25;2025-11-22;3;0
25;2025-11-22;4;0
25;2025-11-22;5;19
25;2025-11-22;6;136
25;2025-11-22;7;137
25;2025-11-22;8;305
25;2025-11-22;9;250
25;2025-11-22;10;296
25;2025-11-22;11;397
25;2025-11-22;12;400
25;2025-11-22;13;662
25;2025-11-22;14;673
25;2025-11-22;15;796
25;2025-11-22;16;707
25;2025-11-22;17;585
25;2025-11-22;18;521
25;2025-11-22;19;451
25;2025-11-22;20;256
25;2025-11-22;21;182
25;2025-11-22;22;114
25;2025-11-22;23;42
25;2025-11-23;0;14
25;2025-11-23;1;0
25;2025-11-23;2;0
25;2025-11-23;3;0
25;2025-11-23;4;0
25;2025-11-23;5;9
25;2025-11-23;6;100
25;2025-11-23;7;99
25;2025-11-23;8;187
25;2025-11-23;9;224
25;2025-11-23;10;213
25;2025-11-23;11;308
25;2025-11-23;12;371
25;2025-11-23;13;491
25;2025-11-23;14;567
25;2025-11-23;15;661
25;2025-11-23;16;550
25;2025-11-23;17;539
25;2025-11-23;18;432
25;2025-11-23;19;298
25;2025-11-23;20;237
25;2025-11-23;21;136
25;2025-11-23;22;93
25;2025-11-23;23;34
25;2025-11-24;0;8
25;2025-11-24;1;0
25;2025-11-24;2;0
25;2025-11-24;3;0
25;2025-11-24;4;0
25;2025-11-24;5;24
25;2025-11-24;6;252
25;2025-11-24;7;520
25;2025-11-24;8;989
25;2025-11-24;9;530
25;2025-11-24;10;332
25;2025-11-24;11;402
25;2025-11-24;12;415
25;2025-11-24;13;557
25;2025-11-24;14;479
25;2025-11-24;15;514
25;2025-11-24;16;690
25;2025-11-24;17;757
25;2025-11-24;18;752
25;2025-11-24;19;587
25;2025-11-24;20;319
25;2025-11-24;21;190
25;2025-11-24;22;83
25;2025-11-24;23;5
25;2025-11-25;0;0
25;2025-11-25;1;0
25;2025-11-25;2;0
25;2025-11-25;3;0
25;2025-11-25;4;0
25;2025-11-25;5;21
25;2025-11-25;6;279
25;2025-11-25;7;543
25;2025-11-25;8;916
25;2025-11-25;9;464
25;2025-11-25;10;383
25;2025-11-25;11;456
25;2025-11-25;12;443
25;2025-11-25;13;549
25;2025-11-25;14;492
25;2025-11-25;15;621
25;2025-11-25;16;699
25;2025-11-25;17;817
25;2025-11-25;18;791
25;2025-11-25;19;622
25;2025-11-25;20;345
25;2025-11-25;21;233
25;2025-11-25;22;89
25;2025-11-25;23;6
25;2025-11-26;0;0
25;2025-11-26;1;0
25;2025-11-26;2;0
25;2025-11-26;3;0
25;2025-11-26;4;0
25;2025-11-26;5;19
25;2025-11-26;6;262
25;2025-11-26;7;524
25;2025-11-26;8;885
25;2025-11-26;9;448
25;2025-11-26;10;370
25;2025-11-26;11;440
25;2025-11-26;12;428
25;2025-11-26;13;530
25;2025-11-26;14;475
25;2025-11-26;15;600
25;2025-11-26;16;675
25;2025-11-26;17;789
25;2025-11-26;18;764
25;2025-11-26;19;601
25;2025-11-26;20;333
25;2025-11-26;21;225
25;2025-11-26;22;86
25;2025-11-26;23;6
25;2025-11-27;0;0
25;2025-11-27;1;0
25;2025-11-27;2;0
25;2025-11-27;3;0
25;2025-11-27;4;0
25;2025-11-27;5;21
25;2025-11-27;6;279
25;2025-11-27;7;543
25;2025-11-27;8;916
25;2025-11-27;9;464
25;2025-11-27;10;383
25;2025-11-27;11;440
25;2025-11-27;12;428
25;2025-11-27;13;530
25;2025-11-27;14;475
25;2025-11-27;15;621
25;2025-11-27;16;699
25;2025-11-27;17;789
25;2025-11-27;18;741
25;2025-11-27;19;601
25;2025-11-27;20;333
25;2025-11-27;21;225
25;2025-11-27;22;84
25;2025-11-27;23;6
25;2025-11-28;0;0
25;2025-11-28;1;0
25;2025-11-28;2;0
25;2025-11-28;3;0
25;2025-11-28;4;0
25;2025-11-28;5;20
25;2025-11-28;6;300
25;2025-11-28;7;633
25;2025-11-28;8;948
25;2025-11-28;9;481
25;2025-11-28;10;426
25;2025-11-28;11;512
25;2025-11-28;12;477
25;2025-11-28;13;600
25;2025-11-28;14;514
25;2025-11-28;15;698
25;2025-11-28;16;905
25;2025-11-28;17;886
25;2025-11-28;18;765
25;2025-11-28;19;677
25;2025-11-28;20;371
25;2025-11-28;21;249
25;2025-11-28;22;117
25;2025-11-28;23;16
25;2025-11-29;0;0
25;2025-11-29;1;0
25;2025-11-29;2;0
25;2025-11-29;3;0
25;2025-11-29;4;0
25;2025-11-29;5;21
25;2025-11-29;6;141
25;2025-11-29;7;142
25;2025-11-29;8;315
25;2025-11-29;9;259
25;2025-11-29;10;296
25;2025-11-29;11;397
25;2025-11-29;12;400
25;2025-11-29;13;662
25;2025-11-29;14;673
25;2025-11-29;15;796
25;2025-11-29;16;707
25;2025-11-29;17;585
25;2025-11-29;18;521
25;2025-11-29;19;451
25;2025-11-29;20;256
25;2025-11-29;21;188
25;2025-11-29;22;118
25;2025-11-29;23;44
25;2025-11-30;0;14
25;2025-11-30;1;0
25;2025-11-30;2;0
25;2025-11-30;3;0
25;2025-11-30;4;0
25;2025-11-30;5;9
25;2025-11-30;6;100
25;2025-11-30;7;99
25;2025-11-30;8;187
25;2025-11-30;9;224
25;2025-11-30;10;213
25;2025-11-30;11;308
25;2025-11-30;12;371
25;2025-11-30;13;491
25;2025-11-30;14;567
25;2025-11-30;15;661
25;2025-11-30;16;550
25;2025-11-30;17;539
25;2025-11-30;18;432
25;2025-11-30;19;298
25;2025-11-30;20;237
25;2025-11-30;21;136
25;2025-11-30;22;93
25;2025-11-30;23;34
25;2025-12-01;0;8
25;2025-12-01;1;0
25;2025-12-01;2;0
25;2025-12-01;3;0
25;2025-12-01;4;0
25;2025-12-01;5;26
25;2025-12-01;6;269
25;2025-12-01;7;538
25;2025-12-01;8;1025
25;2025-12-01;9;549
25;2025-12-01;10;355
25;2025-12-01;11;430
25;2025-12-01;12;430
25;2025-12-01;13;577
25;2025-12-01;14;496
25;2025-12-01;15;532
25;2025-12-01;16;690
25;2025-12-01;17;757
25;2025-12-01;18;752
25;2025-12-01;19;587
25;2025-12-01;20;319
25;2025-12-01;21;190
25;2025-12-01;22;84
25;2025-12-01;23;5
25;2025-12-02;0;0
25;2025-12-02;1;0
25;2025-12-02;2;0
25;2025-12-02;3;0
25;2025-12-02;4;0
25;2025-12-02;5;21
25;2025-12-02;6;279
25;2025-12-02;7;543
25;2025-12-02;8;917
25;2025-12-02;9;464
25;2025-12-02;10;383
25;2025-12-02;11;456
25;2025-12-02;12;443
25;2025-12-02;13;549
25;2025-12-02;14;492
25;2025-12-02;15;622
25;2025-12-02;16;700
25;2025-12-02;17;818
25;2025-12-02;18;792
25;2025-12-02;19;622
25;2025-12-02;20;345
25;2025-12-02;21;233
25;2025-12-02;22;89
25;2025-12-02;23;6
25;2025-12-03;0;0
25;2025-12-03;1;0
25;2025-12-03;2;0
25;2025-12-03;3;0
25;2025-12-03;4;0
25;2025-12-03;5;21
25;2025-12-03;6;279
25;2025-12-03;7;543
25;2025-12-03;8;917
25;2025-12-03;9;464
25;2025-12-03;10;383
25;2025-12-03;11;456
25;2025-12-03;12;443
25;2025-12-03;13;549
25;2025-12-03;14;492
25;2025-12-03;15;622
25;2025-12-03;16;700
25;2025-12-03;17;818
25;2025-12-03;18;792
25;2025-12-03;19;622
25;2025-12-03;20;345
25;2025-12-03;21;233
25;2025-12-03;22;89
25;2025-12-03;23;6
25;2025-12-04;0;0
25;2025-12-04;1;0
25;2025-12-04;2;0
25;2025-12-04;3;0
25;2025-12-04;4;0
25;2025-12-04;5;21
25;2025-12-04;6;279
25;2025-12-04;7;543
25;2025-12-04;8;917
25;2025-12-04;9;464
25;2025-12-04;10;383
25;2025-12-04;11;456
25;2025-12-04;12;443
25;2025-12-04;13;549
25;2025-12-04;14;492
25;2025-12-04;15;622
25;2025-12-04;16;700
25;2025-12-04;17;818
25;2025-12-04;18;792
25;2025-12-04;19;622
25;2025-12-04;20;345
25;2025-12-04;21;233
25;2025-12-04;22;89
25;2025-12-04;23;6
25;2025-12-05;0;0
25;2025-12-05;1;0
25;2025-12-05;2;0
25;2025-12-05;3;0
25;2025-12-05;4;0
25;2025-12-05;5;20
25;2025-12-05;6;300
25;2025-12-05;7;633
25;2025-12-05;8;949
25;2025-12-05;9;482
25;2025-12-05;10;427
25;2025-12-05;11;512
25;2025-12-05;12;477
25;2025-12-05;13;601
25;2025-12-05;14;514
25;2025-12-05;15;699
25;2025-12-05;16;906
25;2025-12-05;17;886
25;2025-12-05;18;765
25;2025-12-05;19;677
25;2025-12-05;20;371
25;2025-12-05;21;249
25;2025-12-05;22;117
25;2025-12-05;23;16
25;2025-12-06;0;0
25;2025-12-06;1;0
25;2025-12-06;2;0
25;2025-12-06;3;0
25;2025-12-06;4;0
25;2025-12-06;5;21
25;2025-12-06;6;141
25;2025-12-06;7;142
25;2025-12-06;8;316
25;2025-12-06;9;259
25;2025-12-06;10;296
25;2025-12-06;11;398
25;2025-12-06;12;400
25;2025-12-06;13;663
25;2025-12-06;14;673
25;2025-12-06;15;797
25;2025-12-06;16;708
25;2025-12-06;17;585
25;2025-12-06;18;521
25;2025-12-06;19;451
25;2025-12-06;20;257
25;2025-12-06;21;188
25;2025-12-06;22;119
25;2025-12-06;23;44
25;2025-12-07;0;15
25;2025-12-07;1;0
25;2025-12-07;2;0
25;2025-12-07;3;0
25;2025-12-07;4;0
25;2025-12-07;5;9
25;2025-12-07;6;101
25;2025-12-07;7;99
25;2025-12-07;8;188
25;2025-12-07;9;224
25;2025-12-07;10;213
25;2025-12-07;11;309
25;2025-12-07;12;372
25;2025-12-07;13;491
25;2025-12-07;14;568
25;2025-12-07;15;662
25;2025-12-07;16;550
25;2025-12-07;17;539
25;2025-12-07;18;432
25;2025-12-07;19;298
25;2025-12-07;20;237
25;2025-12-07;21;136
25;2025-12-07;22;94
25;2025-12-07;23;34
25;2025-12-08;0;8
25;2025-12-08;1;0
25;2025-12-08;2;0
25;2025-12-08;3;0
25;2025-12-08;4;0
25;2025-12-08;5;26
25;2025-12-08;6;269
25;2025-12-08;7;538
25;2025-12-08;8;1025
25;2025-12-08;9;549
25;2025-12-08;10;355
25;2025-12-08;11;430
25;2025-12-08;12;430
25;2025-12-08;13;577
25;2025-12-08;14;496
25;2025-12-08;15;532
25;2025-12-08;16;690
25;2025-12-08;17;757
25;2025-12-08;18;752
25;2025-12-08;19;587
25;2025-12-08;20;319
25;2025-12-08;21;190
25;2025-12-08;22;84
25;2025-12-08;23;5
25;2025-12-09;0;0
25;2025-12-09;1;0
25;2025-12-09;2;0
25;2025-12-09;3;0
25;2025-12-09;4;0
25;2025-12-09;5;21
25;2025-12-09;6;279
25;2025-12-09;7;543
25;2025-12-09;8;917
25;2025-12-09;9;464
25;2025-12-09;10;383
25;2025-12-09;11;456
25;2025-12-09;12;443
25;2025-12-09;13;549
25;2025-12-09;14;492
25;2025-12-09;15;622
25;2025-12-09;16;700
25;2025-12-09;17;818
25;2025-12-09;18;792
25;2025-12-09;19;622
25;2025-12-09;20;345
25;2025-12-09;21;233
25;2025-12-09;22;86
25;2025-12-09;23;6
25;2025-12-10;0;0
25;2025-12-10;1;0
25;2025-12-10;2;0
25;2025-12-10;3;0
25;2025-12-10;4;0
25;2025-12-10;5;20
25;2025-12-10;6;270
25;2025-12-10;7;525
25;2025-12-10;8;886
25;2025-12-10;9;448
25;2025-12-10;10;370
25;2025-12-10;11;441
25;2025-12-10;12;443
25;2025-12-10;13;549
25;2025-12-10;14;492
25;2025-12-10;15;622
25;2025-12-10;16;700
25;2025-12-10;17;818
25;2025-12-10;18;792
25;2025-12-10;19;622
25;2025-12-10;20;345
25;2025-12-10;21;233
25;2025-12-10;22;89
25;2025-12-10;23;6
25;2025-12-11;0;0
25;2025-12-11;1;0
25;2025-12-11;2;0
25;2025-12-11;3;0
25;2025-12-11;4;0
25;2025-12-11;5;21
25;2025-12-11;6;279
25;2025-12-11;7;543
25;2025-12-11;8;859
25;2025-12-11;9;448
25;2025-12-11;10;370
25;2025-12-11;11;441
25;2025-12-11;12;428
25;2025-12-11;13;531
25;2025-12-11;14;492
25;2025-12-11;15;600
25;2025-12-11;16;676
25;2025-12-11;17;790
25;2025-12-11;18;765
25;2025-12-11;19;601
25;2025-12-11;20;333
25;2025-12-11;21;225
25;2025-12-11;22;86
25;2025-12-11;23;6
25;2025-12-12;0;0
25;2025-12-12;1;0
25;2025-12-12;2;0
25;2025-12-12;3;0
25;2025-12-12;4;0
25;2025-12-12;5;20
25;2025-12-12;6;290
25;2025-12-12;7;633
25;2025-12-12;8;917
25;2025-12-12;9;482
25;2025-12-12;10;412
25;2025-12-12;11;512
25;2025-12-12;12;461
25;2025-12-12;13;563
25;2025-12-12;14;482
25;2025-12-12;15;655
25;2025-12-12;16;875
25;2025-12-12;17;856
25;2025-12-12;18;765
25;2025-12-12;19;677
25;2025-12-12;20;371
25;2025-12-12;21;249
25;2025-12-12;22;113
25;2025-12-12;23;16
25;2025-12-13;0;0
25;2025-12-13;1;0
25;2025-12-13;2;0
25;2025-12-13;3;0
25;2025-12-13;4;0
25;2025-12-13;5;20
25;2025-12-13;6;141
25;2025-12-13;7;137
25;2025-12-13;8;316
25;2025-12-13;9;259
25;2025-12-13;10;296
25;2025-12-13;11;398
25;2025-12-13;12;400
25;2025-12-13;13;663
25;2025-12-13;14;673
25;2025-12-13;15;797
25;2025-12-13;16;708
25;2025-12-13;17;585
25;2025-12-13;18;521
25;2025-12-13;19;451
25;2025-12-13;20;248
25;2025-12-13;21;182
25;2025-12-13;22;119
25;2025-12-13;23;42
25;2025-12-14;0;14
25;2025-12-14;1;0
25;2025-12-14;2;0
25;2025-12-14;3;0
25;2025-12-14;4;0
25;2025-12-14;5;9
25;2025-12-14;6;101
25;2025-12-14;7;99
25;2025-12-14;8;181
25;2025-12-14;9;224
25;2025-12-14;10;213
25;2025-12-14;11;309
25;2025-12-14;12;372
25;2025-12-14;13;491
25;2025-12-14;14;568
25;2025-12-14;15;662
25;2025-12-14;16;550
25;2025-12-14;17;539
25;2025-12-14;18;432
25;2025-12-14;19;298
25;2025-12-14;20;237
25;2025-12-14;21;136
25;2025-12-14;22;94
25;2025-12-14;23;34
25;2025-12-15;0;8
25;2025-12-15;1;0
25;2025-12-15;2;0
25;2025-12-15;3;0
25;2025-12-15;4;0
25;2025-12-15;5;26
25;2025-12-15;6;269
25;2025-12-15;7;538
25;2025-12-15;8;1025
25;2025-12-15;9;549
25;2025-12-15;10;355
25;2025-12-15;11;415
25;2025-12-15;12;430
25;2025-12-15;13;577
25;2025-12-15;14;496
25;2025-12-15;15;532
25;2025-12-15;16;690
25;2025-12-15;17;757
25;2025-12-15;18;752
25;2025-12-15;19;587
25;2025-12-15;20;319
25;2025-12-15;21;190
25;2025-12-15;22;84
25;2025-12-15;23;5
25;2025-12-16;0;0
25;2025-12-16;1;0
25;2025-12-16;2;0
25;2025-12-16;3;0
25;2025-12-16;4;0
25;2025-12-16;5;21
25;2025-12-16;6;279
25;2025-12-16;7;543
25;2025-12-16;8;917
25;2025-12-16;9;464
25;2025-12-16;10;370
25;2025-12-16;11;441
25;2025-12-16;12;428
25;2025-12-16;13;515
25;2025-12-16;14;475
25;2025-12-16;15;622
25;2025-12-16;16;700
25;2025-12-16;17;818
25;2025-12-16;18;792
25;2025-12-16;19;622
25;2025-12-16;20;345
25;2025-12-16;21;233
25;2025-12-16;22;89
25;2025-12-16;23;6
25;2025-12-17;0;0
25;2025-12-17;1;0
25;2025-12-17;2;0
25;2025-12-17;3;0
25;2025-12-17;4;0
25;2025-12-17;5;21
25;2025-12-17;6;279
25;2025-12-17;7;543
25;2025-12-17;8;917
25;2025-12-17;9;464
25;2025-12-17;10;383
25;2025-12-17;11;456
25;2025-12-17;12;443
25;2025-12-17;13;549
25;2025-12-17;14;492
25;2025-12-17;15;622
25;2025-12-17;16;700
25;2025-12-17;17;818
25;2025-12-17;18;792
25;2025-12-17;19;622
25;2025-12-17;20;345
25;2025-12-17;21;233
25;2025-12-17;22;89
25;2025-12-17;23;6
25;2025-12-18;0;0
25;2025-12-18;1;0
25;2025-12-18;2;0
25;2025-12-18;3;0
25;2025-12-18;4;0
25;2025-12-18;5;21
25;2025-12-18;6;279
25;2025-12-18;7;543
25;2025-12-18;8;917
25;2025-12-18;9;464
25;2025-12-18;10;383
25;2025-12-18;11;456
25;2025-12-18;12;443
25;2025-12-18;13;549
25;2025-12-18;14;492
25;2025-12-18;15;622
25;2025-12-18;16;700
25;2025-12-18;17;818
25;2025-12-18;18;792
25;2025-12-18;19;622
25;2025-12-18;20;345
25;2025-12-18;21;233
25;2025-12-18;22;89
25;2025-12-18;23;6
25;2025-12-19;0;0
25;2025-12-19;1;0
25;2025-12-19;2;0
25;2025-12-19;3;0
25;2025-12-19;4;0
25;2025-12-19;5;20
25;2025-12-19;6;300
25;2025-12-19;7;633
25;2025-12-19;8;949
25;2025-12-19;9;482
25;2025-12-19;10;427
25;2025-12-19;11;512
25;2025-12-19;12;477
25;2025-12-19;13;601
25;2025-12-19;14;514
25;2025-12-19;15;699
25;2025-12-19;16;906
25;2025-12-19;17;856
25;2025-12-19;18;739
25;2025-12-19;19;677
25;2025-12-19;20;371
25;2025-12-19;21;249
25;2025-12-19;22;117
25;2025-12-19;23;16
25;2025-12-20;0;0
25;2025-12-20;1;0
25;2025-12-20;2;0
25;2025-12-20;3;0
25;2025-12-20;4;0
25;2025-12-20;5;21
25;2025-12-20;6;141
25;2025-12-20;7;142
25;2025-12-20;8;316
25;2025-12-20;9;259
25;2025-12-20;10;296
25;2025-12-20;11;398
25;2025-12-20;12;400
25;2025-12-20;13;663
25;2025-12-20;14;673
25;2025-12-20;15;797
25;2025-12-20;16;708
25;2025-12-20;17;585
25;2025-12-20;18;521
25;2025-12-20;19;451
25;2025-12-20;20;257
25;2025-12-20;21;188
25;2025-12-20;22;119
25;2025-12-20;23;44
25;2025-12-21;0;15
25;2025-12-21;1;0
25;2025-12-21;2;0
25;2025-12-21;3;0
25;2025-12-21;4;0
25;2025-12-21;5;9
25;2025-12-21;6;97
25;2025-12-21;7;96
25;2025-12-21;8;188
25;2025-12-21;9;224
25;2025-12-21;10;213
25;2025-12-21;11;309
25;2025-12-21;12;372
25;2025-12-21;13;491
25;2025-12-21;14;568
25;2025-12-21;15;662
25;2025-12-21;16;550
25;2025-12-21;17;539
25;2025-12-21;18;432
25;2025-12-21;19;298
25;2025-12-21;20;237
25;2025-12-21;21;136
25;2025-12-21;22;90
25;2025-12-21;23;34
25;2025-12-22;0;8
25;2025-12-22;1;0
25;2025-12-22;2;0
25;2025-12-22;3;0
25;2025-12-22;4;0
25;2025-12-22;5;26
25;2025-12-22;6;269
25;2025-12-22;7;538
25;2025-12-22;8;1025
25;2025-12-22;9;530
25;2025-12-22;10;343
25;2025-12-22;11;415
25;2025-12-22;12;416
25;2025-12-22;13;577
25;2025-12-22;14;496
25;2025-12-22;15;514
25;2025-12-22;16;690
25;2025-12-22;17;757
25;2025-12-22;18;727
25;2025-12-22;19;587
25;2025-12-22;20;319
25;2025-12-22;21;190
25;2025-12-22;22;81
25;2025-12-22;23;4
25;2025-12-23;0;0
25;2025-12-23;1;0
25;2025-12-23;2;0
25;2025-12-23;3;0
25;2025-12-23;4;0
25;2025-12-23;5;21
25;2025-12-23;6;279
25;2025-12-23;7;543
25;2025-12-23;8;917
25;2025-12-23;9;464
25;2025-12-23;10;383
25;2025-12-23;11;456
25;2025-12-23;12;443
25;2025-12-23;13;549
25;2025-12-23;14;492
25;2025-12-23;15;622
25;2025-12-23;16;700
25;2025-12-23;17;818
25;2025-12-23;18;792
25;2025-12-23;19;622
25;2025-12-23;20;345
25;2025-12-23;21;233
25;2025-12-23;22;89
25;2025-12-23;23;6
25;2025-12-24;0;0
25;2025-12-24;1;0
25;2025-12-24;2;0
25;2025-12-24;3;0
25;2025-12-24;4;0
25;2025-12-24;5;21
25;2025-12-24;6;279
25;2025-12-24;7;543
25;2025-12-24;8;917
25;2025-12-24;9;464
25;2025-12-24;10;383
25;2025-12-24;11;456
25;2025-12-24;12;428
25;2025-12-24;13;531
25;2025-12-24;14;492
25;2025-12-24;15;600
25;2025-12-24;16;700
25;2025-12-24;17;818
25;2025-12-24;18;765
25;2025-12-24;19;622
25;2025-12-24;20;345
25;2025-12-24;21;225
25;2025-12-24;22;86
25;2025-12-24;23;6
25;2025-12-25;0;0
25;2025-12-25;1;0
25;2025-12-25;2;0
25;2025-12-25;3;0
25;2025-12-25;4;0
25;2025-12-25;5;21
25;2025-12-25;6;270
25;2025-12-25;7;543
25;2025-12-25;8;917
25;2025-12-25;9;464
25;2025-12-25;10;383
25;2025-12-25;11;456
25;2025-12-25;12;443
25;2025-12-25;13;549
25;2025-12-25;14;492
25;2025-12-25;15;622
25;2025-12-25;16;700
25;2025-12-25;17;790
25;2025-12-25;18;765
25;2025-12-25;19;601
25;2025-12-25;20;333
25;2025-12-25;21;225
25;2025-12-25;22;84
25;2025-12-25;23;6
25;2025-12-26;0;0
25;2025-12-26;1;0
25;2025-12-26;2;0
25;2025-12-26;3;0
25;2025-12-26;4;0
25;2025-12-26;5;20
25;2025-12-26;6;281
25;2025-12-26;7;612
25;2025-12-26;8;917
25;2025-12-26;9;465
25;2025-12-26;10;412
25;2025-12-26;11;480
25;2025-12-26;12;461
25;2025-12-26;13;580
25;2025-12-26;14;497
25;2025-12-26;15;675
25;2025-12-26;16;875
25;2025-12-26;17;856
25;2025-12-26;18;739
25;2025-12-26;19;654
25;2025-12-26;20;358
25;2025-12-26;21;240
25;2025-12-26;22;113
25;2025-12-26;23;16
25;2025-12-27;0;0
25;2025-12-27;1;0
25;2025-12-27;2;0
25;2025-12-27;3;0
25;2025-12-27;4;0
25;2025-12-27;5;21
25;2025-12-27;6;141
25;2025-12-27;7;142
25;2025-12-27;8;316
25;2025-12-27;9;251
25;2025-12-27;10;296
25;2025-12-27;11;398
25;2025-12-27;12;400
25;2025-12-27;13;663
25;2025-12-27;14;673
25;2025-12-27;15;797
25;2025-12-27;16;708
25;2025-12-27;17;585
25;2025-12-27;18;521
25;2025-12-27;19;451
25;2025-12-27;20;257
25;2025-12-27;21;182
25;2025-12-27;22;114
25;2025-12-27;23;42
25;2025-12-28;0;14
25;2025-12-28;1;0
25;2025-12-28;2;0
25;2025-12-28;3;0
25;2025-12-28;4;0
25;2025-12-28;5;9
25;2025-12-28;6;97
25;2025-12-28;7;96
25;2025-12-28;8;181
25;2025-12-28;9;216
25;2025-12-28;10;206
25;2025-12-28;11;298
25;2025-12-28;12;359
25;2025-12-28;13;474
25;2025-12-28;14;548
25;2025-12-28;15;639
25;2025-12-28;16;550
25;2025-12-28;17;539
25;2025-12-28;18;432
25;2025-12-28;19;298
25;2025-12-28;20;229
25;2025-12-28;21;132
25;2025-12-28;22;90
25;2025-12-28;23;34
25;2025-12-29;0;7
25;2025-12-29;1;0
25;2025-12-29;2;0
25;2025-12-29;3;0
25;2025-12-29;4;0
25;2025-12-29;5;21
25;2025-12-29;6;229
25;2025-12-29;7;458
25;2025-12-29;8;841
25;2025-12-29;9;451
25;2025-12-29;10;291
25;2025-12-29;11;353
25;2025-12-29;12;353
25;2025-12-29;13;474
25;2025-12-29;14;407
25;2025-12-29;15;437
25;2025-12-29;16;567
25;2025-12-29;17;622
25;2025-12-29;18;618
25;2025-12-29;19;482
25;2025-12-29;20;262
25;2025-12-29;21;156
25;2025-12-29;22;69
25;2025-12-29;23;4
25;2025-12-30;0;0
25;2025-12-30;1;0
25;2025-12-30;2;0
25;2025-12-30;3;0
25;2025-12-30;4;0
25;2025-12-30;5;17
25;2025-12-30;6;229
25;2025-12-30;7;446
25;2025-12-30;8;753
25;2025-12-30;9;381
25;2025-12-30;10;315
25;2025-12-30;11;375
25;2025-12-30;12;364
25;2025-12-30;13;451
25;2025-12-30;14;404
25;2025-12-30;15;510
25;2025-12-30;16;575
25;2025-12-30;17;671
25;2025-12-30;18;650
25;2025-12-30;19;511
25;2025-12-30;20;283
25;2025-12-30;21;192
25;2025-12-30;22;73
25;2025-12-30;23;5
25;2025-12-31;0;12
25;2025-12-31;1;0
25;2025-12-31;2;0
25;2025-12-31;3;0
25;2025-12-31;4;0
25;2025-12-31;5;7
25;2025-12-31;6;83
25;2025-12-31;7;81
25;2025-12-31;8;154
25;2025-12-31;9;184
25;2025-12-31;10;175
25;2025-12-31;11;253
25;2025-12-31;12;316
25;2025-12-31;13;403
25;2025-12-31;14;466
25;2025-12-31;15;543
25;2025-12-31;16;468
25;2025-12-31;17;459
25;2025-12-31;18;355
25;2025-12-31;19;245
25;2025-12-31;20;202
25;2025-12-31;21;116
25;2025-12-31;22;77
25;2025-12-31;23;28
26;2025-11-01;0;25
26;2025-11-01;1;0
26;2025-11-01;2;0
26;2025-11-01;3;0
26;2025-11-01;4;1
26;2025-11-01;5;70
26;2025-11-01;6;403
26;2025-11-01;7;859
26;2025-11-01;8;1834
26;2025-11-01;9;1150
26;2025-11-01;10;1033
26;2025-11-01;11;909
26;2025-11-01;12;924
26;2025-11-01;13;948
26;2025-11-01;14;1122
26;2025-11-01;15;1130
26;2025-11-01;16;1360
26;2025-11-01;17;1493
26;2025-11-01;18;1084
26;2025-11-01;19;853
26;2025-11-01;20;543
26;2025-11-01;21;389
26;2025-11-01;22;166
26;2025-11-01;23;131
26;2025-11-02;0;48
26;2025-11-02;1;3
26;2025-11-02;2;0
26;2025-11-02;3;0
26;2025-11-02;4;2
26;2025-11-02;5;22
26;2025-11-02;6;157
26;2025-11-02;7;263
26;2025-11-02;8;389
26;2025-11-02;9;512
26;2025-11-02;10;584
26;2025-11-02;11;819
26;2025-11-02;12;818
26;2025-11-02;13;837
26;2025-11-02;14;864
26;2025-11-02;15;786
26;2025-11-02;16;743
26;2025-11-02;17;767
26;2025-11-02;18;698
26;2025-11-02;19;511
26;2025-11-02;20;394
26;2025-11-02;21;279
26;2025-11-02;22;163
26;2025-11-02;23;101
26;2025-11-03;0;48
26;2025-11-03;1;3
26;2025-11-03;2;0
26;2025-11-03;3;0
26;2025-11-03;4;2
26;2025-11-03;5;22
26;2025-11-03;6;157
26;2025-11-03;7;263
26;2025-11-03;8;389
26;2025-11-03;9;512
26;2025-11-03;10;584
26;2025-11-03;11;791
26;2025-11-03;12;790
26;2025-11-03;13;837
26;2025-11-03;14;835
26;2025-11-03;15;759
26;2025-11-03;16;743
26;2025-11-03;17;767
26;2025-11-03;18;698
26;2025-11-03;19;511
26;2025-11-03;20;394
26;2025-11-03;21;279
26;2025-11-03;22;163
26;2025-11-03;23;101
26;2025-11-04;0;47
26;2025-11-04;1;3
26;2025-11-04;2;0
26;2025-11-04;3;0
26;2025-11-04;4;2
26;2025-11-04;5;22
26;2025-11-04;6;157
26;2025-11-04;7;263
26;2025-11-04;8;376
26;2025-11-04;9;494
26;2025-11-04;10;564
26;2025-11-04;11;791
26;2025-11-04;12;767
26;2025-11-04;13;812
26;2025-11-04;14;864
26;2025-11-04;15;786
26;2025-11-04;16;743
26;2025-11-04;17;767
26;2025-11-04;18;698
26;2025-11-04;19;511
26;2025-11-04;20;394
26;2025-11-04;21;279
26;2025-11-04;22;163
26;2025-11-04;23;101
26;2025-11-05;0;33
26;2025-11-05;1;1
26;2025-11-05;2;0
26;2025-11-05;3;0
26;2025-11-05;4;2
26;2025-11-05;5;101
26;2025-11-05;6;470
26;2025-11-05;7;1130
26;2025-11-05;8;2319
26;2025-11-05;9;1537
26;2025-11-05;10;1237
26;2025-11-05;11;1168
26;2025-11-05;12;1198
26;2025-11-05;13;1201
26;2025-11-05;14;1421
26;2025-11-05;15;1427
26;2025-11-05;16;1552
26;2025-11-05;17;1797
26;2025-11-05;18;1930
26;2025-11-05;19;1288
26;2025-11-05;20;789
26;2025-11-05;21;508
26;2025-11-05;22;212
26;2025-11-05;23;133
26;2025-11-06;0;33
26;2025-11-06;1;1
26;2025-11-06;2;0
26;2025-11-06;3;0
26;2025-11-06;4;2
26;2025-11-06;5;101
26;2025-11-06;6;470
26;2025-11-06;7;1130
26;2025-11-06;8;2319
26;2025-11-06;9;1537
26;2025-11-06;10;1237
26;2025-11-06;11;1129
26;2025-11-06;12;1198
26;2025-11-06;13;1201
26;2025-11-06;14;1421
26;2025-11-06;15;1378
26;2025-11-06;16;1499
26;2025-11-06;17;1797
26;2025-11-06;18;1930
26;2025-11-06;19;1288
26;2025-11-06;20;740
26;2025-11-06;21;508
26;2025-11-06;22;212
26;2025-11-06;23;129
26;2025-11-07;0;29
26;2025-11-07;1;1
26;2025-11-07;2;0
26;2025-11-07;3;0
26;2025-11-07;4;1
26;2025-11-07;5;81
26;2025-11-07;6;478
26;2025-11-07;7;1020
26;2025-11-07;8;2105
26;2025-11-07;9;1320
26;2025-11-07;10;1228
26;2025-11-07;11;1080
26;2025-11-07;12;1098
26;2025-11-07;13;1126
26;2025-11-07;14;1333
26;2025-11-07;15;1343
26;2025-11-07;16;1616
26;2025-11-07;17;1773
26;2025-11-07;18;1288
26;2025-11-07;19;1013
26;2025-11-07;20;646
26;2025-11-07;21;463
26;2025-11-07;22;197
26;2025-11-07;23;155
26;2025-11-08;0;49
26;2025-11-08;1;2
26;2025-11-08;2;0
26;2025-11-08;3;0
26;2025-11-08;4;1
26;2025-11-08;5;52
26;2025-11-08;6;252
26;2025-11-08;7;380
26;2025-11-08;8;624
26;2025-11-08;9;688
26;2025-11-08;10;853
26;2025-11-08;11;1012
26;2025-11-08;12;1108
26;2025-11-08;13;1108
26;2025-11-08;14;1155
26;2025-11-08;15;1024
26;2025-11-08;16;1071
26;2025-11-08;17;988
26;2025-11-08;18;925
26;2025-11-08;19;789
26;2025-11-08;20;542
26;2025-11-08;21;348
26;2025-11-08;22;212
26;2025-11-08;23;158
26;2025-11-09;0;48
26;2025-11-09;1;3
26;2025-11-09;2;0
26;2025-11-09;3;0
26;2025-11-09;4;2
26;2025-11-09;5;22
26;2025-11-09;6;157
26;2025-11-09;7;263
26;2025-11-09;8;389
26;2025-11-09;9;512
26;2025-11-09;10;584
26;2025-11-09;11;819
26;2025-11-09;12;818
26;2025-11-09;13;866
26;2025-11-09;14;864
26;2025-11-09;15;786
26;2025-11-09;16;743
26;2025-11-09;17;767
26;2025-11-09;18;698
26;2025-11-09;19;511
26;2025-11-09;20;394
26;2025-11-09;21;279
26;2025-11-09;22;163
26;2025-11-09;23;101
26;2025-11-10;0;25
26;2025-11-10;1;2
26;2025-11-10;2;0
26;2025-11-10;3;0
26;2025-11-10;4;1
26;2025-11-10;5;97
26;2025-11-10;6;470
26;2025-11-10;7;1158
26;2025-11-10;8;2320
26;2025-11-10;9;1487
26;2025-11-10;10;1245
26;2025-11-10;11;1057
26;2025-11-10;12;1095
26;2025-11-10;13;1174
26;2025-11-10;14;1325
26;2025-11-10;15;1366
26;2025-11-10;16;1500
26;2025-11-10;17;1784
26;2025-11-10;18;1956
26;2025-11-10;19;1235
26;2025-11-10;20;756
26;2025-11-10;21;492
26;2025-11-10;22;207
26;2025-11-10;23;114
26;2025-11-11;0;33
26;2025-11-11;1;1
26;2025-11-11;2;0
26;2025-11-11;3;0
26;2025-11-11;4;2
26;2025-11-11;5;101
26;2025-11-11;6;470
26;2025-11-11;7;1130
26;2025-11-11;8;2319
26;2025-11-11;9;1537
26;2025-11-11;10;1237
26;2025-11-11;11;1168
26;2025-11-11;12;1198
26;2025-11-11;13;1201
26;2025-11-11;14;1421
26;2025-11-11;15;1427
26;2025-11-11;16;1552
26;2025-11-11;17;1797
26;2025-11-11;18;1930
26;2025-11-11;19;1288
26;2025-11-11;20;789
26;2025-11-11;21;508
26;2025-11-11;22;212
26;2025-11-11;23;133
26;2025-11-12;0;33
26;2025-11-12;1;1
26;2025-11-12;2;0
26;2025-11-12;3;0
26;2025-11-12;4;2
26;2025-11-12;5;101
26;2025-11-12;6;470
26;2025-11-12;7;1130
26;2025-11-12;8;2319
26;2025-11-12;9;1537
26;2025-11-12;10;1195
26;2025-11-12;11;1129
26;2025-11-12;12;1158
26;2025-11-12;13;1160
26;2025-11-12;14;1373
26;2025-11-12;15;1378
26;2025-11-12;16;1552
26;2025-11-12;17;1797
26;2025-11-12;18;1865
26;2025-11-12;19;1288
26;2025-11-12;20;789
26;2025-11-12;21;508
26;2025-11-12;22;212
26;2025-11-12;23;133
26;2025-11-13;0;33
26;2025-11-13;1;1
26;2025-11-13;2;0
26;2025-11-13;3;0
26;2025-11-13;4;2
26;2025-11-13;5;101
26;2025-11-13;6;454
26;2025-11-13;7;1130
26;2025-11-13;8;2319
26;2025-11-13;9;1537
26;2025-11-13;10;1237
26;2025-11-13;11;1168
26;2025-11-13;12;1198
26;2025-11-13;13;1201
26;2025-11-13;14;1421
26;2025-11-13;15;1427
26;2025-11-13;16;1552
26;2025-11-13;17;1797
26;2025-11-13;18;1930
26;2025-11-13;19;1288
26;2025-11-13;20;789
26;2025-11-13;21;508
26;2025-11-13;22;212
26;2025-11-13;23;133
26;2025-11-14;0;29
26;2025-11-14;1;1
26;2025-11-14;2;0
26;2025-11-14;3;0
26;2025-11-14;4;1
26;2025-11-14;5;83
26;2025-11-14;6;478
26;2025-11-14;7;1020
26;2025-11-14;8;2179
26;2025-11-14;9;1366
26;2025-11-14;10;1228
26;2025-11-14;11;1080
26;2025-11-14;12;1098
26;2025-11-14;13;1126
26;2025-11-14;14;1333
26;2025-11-14;15;1343
26;2025-11-14;16;1616
26;2025-11-14;17;1773
26;2025-11-14;18;1288
26;2025-11-14;19;1013
26;2025-11-14;20;624
26;2025-11-14;21;447
26;2025-11-14;22;190
26;2025-11-14;23;150
26;2025-11-15;0;46
26;2025-11-15;1;1
26;2025-11-15;2;0
26;2025-11-15;3;0
26;2025-11-15;4;1
26;2025-11-15;5;49
26;2025-11-15;6;236
26;2025-11-15;7;356
26;2025-11-15;8;585
26;2025-11-15;9;644
26;2025-11-15;10;799
26;2025-11-15;11;948
26;2025-11-15;12;1071
26;2025-11-15;13;1070
26;2025-11-15;14;1155
26;2025-11-15;15;1024
26;2025-11-15;16;1071
26;2025-11-15;17;988
26;2025-11-15;18;925
26;2025-11-15;19;789
26;2025-11-15;20;542
26;2025-11-15;21;348
26;2025-11-15;22;212
26;2025-11-15;23;158
26;2025-11-16;0;48
26;2025-11-16;1;3
26;2025-11-16;2;0
26;2025-11-16;3;0
26;2025-11-16;4;2
26;2025-11-16;5;22
26;2025-11-16;6;157
26;2025-11-16;7;263
26;2025-11-16;8;389
26;2025-11-16;9;512
26;2025-11-16;10;584
26;2025-11-16;11;819
26;2025-11-16;12;818
26;2025-11-16;13;866
26;2025-11-16;14;864
26;2025-11-16;15;786
26;2025-11-16;16;743
26;2025-11-16;17;767
26;2025-11-16;18;698
26;2025-11-16;19;511
26;2025-11-16;20;394
26;2025-11-16;21;279
26;2025-11-16;22;163
26;2025-11-16;23;101
26;2025-11-17;0;25
26;2025-11-17;1;2
26;2025-11-17;2;0
26;2025-11-17;3;0
26;2025-11-17;4;1
26;2025-11-17;5;97
26;2025-11-17;6;470
26;2025-11-17;7;1158
26;2025-11-17;8;2320
26;2025-11-17;9;1487
26;2025-11-17;10;1203
26;2025-11-17;11;1021
26;2025-11-17;12;1058
26;2025-11-17;13;1100
26;2025-11-17;14;1242
26;2025-11-17;15;1319
26;2025-11-17;16;1449
26;2025-11-17;17;1723
26;2025-11-17;18;1956
26;2025-11-17;19;1235
26;2025-11-17;20;756
26;2025-11-17;21;475
26;2025-11-17;22;207
26;2025-11-17;23;114
26;2025-11-18;0;33
26;2025-11-18;1;1
26;2025-11-18;2;0
26;2025-11-18;3;0
26;2025-11-18;4;2
26;2025-11-18;5;94
26;2025-11-18;6;454
26;2025-11-18;7;1130
26;2025-11-18;8;2240
26;2025-11-18;9;1440
26;2025-11-18;10;1159
26;2025-11-18;11;1129
26;2025-11-18;12;1158
26;2025-11-18;13;1125
26;2025-11-18;14;1332
26;2025-11-18;15;1378
26;2025-11-18;16;1552
26;2025-11-18;17;1797
26;2025-11-18;18;1865
26;2025-11-18;19;1244
26;2025-11-18;20;762
26;2025-11-18;21;508
26;2025-11-18;22;212
26;2025-11-18;23;133
26;2025-11-19;0;33
26;2025-11-19;1;1
26;2025-11-19;2;0
26;2025-11-19;3;0
26;2025-11-19;4;2
26;2025-11-19;5;101
26;2025-11-19;6;470
26;2025-11-19;7;1130
26;2025-11-19;8;2319
26;2025-11-19;9;1537
26;2025-11-19;10;1237
26;2025-11-19;11;1168
26;2025-11-19;12;1198
26;2025-11-19;13;1201
26;2025-11-19;14;1421
26;2025-11-19;15;1427
26;2025-11-19;16;1552
26;2025-11-19;17;1797
26;2025-11-19;18;1930
26;2025-11-19;19;1288
26;2025-11-19;20;789
26;2025-11-19;21;508
26;2025-11-19;22;212
26;2025-11-19;23;133
26;2025-11-20;0;33
26;2025-11-20;1;1
26;2025-11-20;2;0
26;2025-11-20;3;0
26;2025-11-20;4;2
26;2025-11-20;5;101
26;2025-11-20;6;470
26;2025-11-20;7;1130
26;2025-11-20;8;2319
26;2025-11-20;9;1537
26;2025-11-20;10;1237
26;2025-11-20;11;1168
26;2025-11-20;12;1198
26;2025-11-20;13;1201
26;2025-11-20;14;1421
26;2025-11-20;15;1427
26;2025-11-20;16;1552
26;2025-11-20;17;1797
26;2025-11-20;18;1930
26;2025-11-20;19;1288
26;2025-11-20;20;789
26;2025-11-20;21;508
26;2025-11-20;22;212
26;2025-11-20;23;133
26;2025-11-21;0;29
26;2025-11-21;1;1
26;2025-11-21;2;0
26;2025-11-21;3;0
26;2025-11-21;4;1
26;2025-11-21;5;81
26;2025-11-21;6;462
26;2025-11-21;7;985
26;2025-11-21;8;2179
26;2025-11-21;9;1366
26;2025-11-21;10;1228
26;2025-11-21;11;1080
26;2025-11-21;12;1060
26;2025-11-21;13;1126
26;2025-11-21;14;1333
26;2025-11-21;15;1343
26;2025-11-21;16;1616
26;2025-11-21;17;1773
26;2025-11-21;18;1288
26;2025-11-21;19;1013
26;2025-11-21;20;646
26;2025-11-21;21;463
26;2025-11-21;22;197
26;2025-11-21;23;155
26;2025-11-22;0;49
26;2025-11-22;1;2
26;2025-11-22;2;0
26;2025-11-22;3;0
26;2025-11-22;4;1
26;2025-11-22;5;49
26;2025-11-22;6;243
26;2025-11-22;7;367
26;2025-11-22;8;603
26;2025-11-22;9;664
26;2025-11-22;10;853
26;2025-11-22;11;1012
26;2025-11-22;12;1108
26;2025-11-22;13;1108
26;2025-11-22;14;1155
26;2025-11-22;15;1024
26;2025-11-22;16;1071
26;2025-11-22;17;988
26;2025-11-22;18;925
26;2025-11-22;19;789
26;2025-11-22;20;542
26;2025-11-22;21;336
26;2025-11-22;22;204
26;2025-11-22;23;152
26;2025-11-23;0;47
26;2025-11-23;1;3
26;2025-11-23;2;0
26;2025-11-23;3;0
26;2025-11-23;4;2
26;2025-11-23;5;22
26;2025-11-23;6;157
26;2025-11-23;7;263
26;2025-11-23;8;389
26;2025-11-23;9;512
26;2025-11-23;10;584
26;2025-11-23;11;819
26;2025-11-23;12;818
26;2025-11-23;13;866
26;2025-11-23;14;864
26;2025-11-23;15;786
26;2025-11-23;16;743
26;2025-11-23;17;767
26;2025-11-23;18;698
26;2025-11-23;19;511
26;2025-11-23;20;394
26;2025-11-23;21;279
26;2025-11-23;22;163
26;2025-11-23;23;101
26;2025-11-24;0;25
26;2025-11-24;1;2
26;2025-11-24;2;0
26;2025-11-24;3;0
26;2025-11-24;4;1
26;2025-11-24;5;90
26;2025-11-24;6;440
26;2025-11-24;7;1119
26;2025-11-24;8;2241
26;2025-11-24;9;1436
26;2025-11-24;10;1167
26;2025-11-24;11;991
26;2025-11-24;12;1058
26;2025-11-24;13;1134
26;2025-11-24;14;1280
26;2025-11-24;15;1319
26;2025-11-24;16;1500
26;2025-11-24;17;1784
26;2025-11-24;18;1956
26;2025-11-24;19;1235
26;2025-11-24;20;756
26;2025-11-24;21;492
26;2025-11-24;22;207
26;2025-11-24;23;114
26;2025-11-25;0;33
26;2025-11-25;1;1
26;2025-11-25;2;0
26;2025-11-25;3;0
26;2025-11-25;4;2
26;2025-11-25;5;101
26;2025-11-25;6;470
26;2025-11-25;7;1130
26;2025-11-25;8;2319
26;2025-11-25;9;1537
26;2025-11-25;10;1237
26;2025-11-25;11;1168
26;2025-11-25;12;1198
26;2025-11-25;13;1201
26;2025-11-25;14;1421
26;2025-11-25;15;1427
26;2025-11-25;16;1552
26;2025-11-25;17;1797
26;2025-11-25;18;1930
26;2025-11-25;19;1288
26;2025-11-25;20;789
26;2025-11-25;21;508
26;2025-11-25;22;212
26;2025-11-25;23;133
26;2025-11-26;0;31
26;2025-11-26;1;0
26;2025-11-26;2;0
26;2025-11-26;3;0
26;2025-11-26;4;2
26;2025-11-26;5;94
26;2025-11-26;6;440
26;2025-11-26;7;1091
26;2025-11-26;8;2240
26;2025-11-26;9;1485
26;2025-11-26;10;1195
26;2025-11-26;11;1129
26;2025-11-26;12;1158
26;2025-11-26;13;1160
26;2025-11-26;14;1373
26;2025-11-26;15;1378
26;2025-11-26;16;1499
26;2025-11-26;17;1736
26;2025-11-26;18;1865
26;2025-11-26;19;1244
26;2025-11-26;20;762
26;2025-11-26;21;490
26;2025-11-26;22;205
26;2025-11-26;23;129
26;2025-11-27;0;31
26;2025-11-27;1;1
26;2025-11-27;2;0
26;2025-11-27;3;0
26;2025-11-27;4;2
26;2025-11-27;5;101
26;2025-11-27;6;470
26;2025-11-27;7;1130
26;2025-11-27;8;2319
26;2025-11-27;9;1537
26;2025-11-27;10;1237
26;2025-11-27;11;1129
26;2025-11-27;12;1158
26;2025-11-27;13;1160
26;2025-11-27;14;1373
26;2025-11-27;15;1427
26;2025-11-27;16;1552
26;2025-11-27;17;1736
26;2025-11-27;18;1809
26;2025-11-27;19;1244
26;2025-11-27;20;762
26;2025-11-27;21;490
26;2025-11-27;22;199
26;2025-11-27;23;125
26;2025-11-28;0;28
26;2025-11-28;1;1
26;2025-11-28;2;0
26;2025-11-28;3;0
26;2025-11-28;4;1
26;2025-11-28;5;81
26;2025-11-28;6;478
26;2025-11-28;7;1020
26;2025-11-28;8;2179
26;2025-11-28;9;1366
26;2025-11-28;10;1228
26;2025-11-28;11;1080
26;2025-11-28;12;1098
26;2025-11-28;13;1126
26;2025-11-28;14;1333
26;2025-11-28;15;1343
26;2025-11-28;16;1616
26;2025-11-28;17;1773
26;2025-11-28;18;1288
26;2025-11-28;19;1013
26;2025-11-28;20;646
26;2025-11-28;21;463
26;2025-11-28;22;197
26;2025-11-28;23;155
26;2025-11-29;0;49
26;2025-11-29;1;2
26;2025-11-29;2;0
26;2025-11-29;3;0
26;2025-11-29;4;2
26;2025-11-29;5;52
26;2025-11-29;6;252
26;2025-11-29;7;380
26;2025-11-29;8;624
26;2025-11-29;9;688
26;2025-11-29;10;853
26;2025-11-29;11;1012
26;2025-11-29;12;1108
26;2025-11-29;13;1108
26;2025-11-29;14;1155
26;2025-11-29;15;1024
26;2025-11-29;16;1071
26;2025-11-29;17;988
26;2025-11-29;18;925
26;2025-11-29;19;789
26;2025-11-29;20;542
26;2025-11-29;21;348
26;2025-11-29;22;212
26;2025-11-29;23;158
26;2025-11-30;0;47
26;2025-11-30;1;3
26;2025-11-30;2;0
26;2025-11-30;3;0
26;2025-11-30;4;2
26;2025-11-30;5;22
26;2025-11-30;6;157
26;2025-11-30;7;263
26;2025-11-30;8;389
26;2025-11-30;9;512
26;2025-11-30;10;584
26;2025-11-30;11;819
26;2025-11-30;12;818
26;2025-11-30;13;866
26;2025-11-30;14;864
26;2025-11-30;15;786
26;2025-11-30;16;743
26;2025-11-30;17;767
26;2025-11-30;18;698
26;2025-11-30;19;511
26;2025-11-30;20;394
26;2025-11-30;21;279
26;2025-11-30;22;163
26;2025-11-30;23;101
26;2025-12-01;0;25
26;2025-12-01;1;2
26;2025-12-01;2;0
26;2025-12-01;3;0
26;2025-12-01;4;1
26;2025-12-01;5;97
26;2025-12-01;6;470
26;2025-12-01;7;1159
26;2025-12-01;8;2321
26;2025-12-01;9;1488
26;2025-12-01;10;1246
26;2025-12-01;11;1058
26;2025-12-01;12;1096
26;2025-12-01;13;1174
26;2025-12-01;14;1326
26;2025-12-01;15;1366
26;2025-12-01;16;1501
26;2025-12-01;17;1785
26;2025-12-01;18;1958
26;2025-12-01;19;1236
26;2025-12-01;20;757
26;2025-12-01;21;492
26;2025-12-01;22;208
26;2025-12-01;23;114
26;2025-12-02;0;33
26;2025-12-02;1;1
26;2025-12-02;2;0
26;2025-12-02;3;0
26;2025-12-02;4;2
26;2025-12-02;5;101
26;2025-12-02;6;470
26;2025-12-02;7;1131
26;2025-12-02;8;2320
26;2025-12-02;9;1538
26;2025-12-02;10;1238
26;2025-12-02;11;1169
26;2025-12-02;12;1199
26;2025-12-02;13;1201
26;2025-12-02;14;1422
26;2025-12-02;15;1428
26;2025-12-02;16;1553
26;2025-12-02;17;1798
26;2025-12-02;18;1931
26;2025-12-02;19;1289
26;2025-12-02;20;790
26;2025-12-02;21;508
26;2025-12-02;22;212
26;2025-12-02;23;133
26;2025-12-03;0;33
26;2025-12-03;1;1
26;2025-12-03;2;0
26;2025-12-03;3;0
26;2025-12-03;4;2
26;2025-12-03;5;101
26;2025-12-03;6;470
26;2025-12-03;7;1131
26;2025-12-03;8;2320
26;2025-12-03;9;1538
26;2025-12-03;10;1238
26;2025-12-03;11;1169
26;2025-12-03;12;1199
26;2025-12-03;13;1201
26;2025-12-03;14;1422
26;2025-12-03;15;1428
26;2025-12-03;16;1553
26;2025-12-03;17;1798
26;2025-12-03;18;1931
26;2025-12-03;19;1289
26;2025-12-03;20;790
26;2025-12-03;21;508
26;2025-12-03;22;212
26;2025-12-03;23;133
26;2025-12-04;0;33
26;2025-12-04;1;1
26;2025-12-04;2;0
26;2025-12-04;3;0
26;2025-12-04;4;2
26;2025-12-04;5;101
26;2025-12-04;6;470
26;2025-12-04;7;1131
26;2025-12-04;8;2320
26;2025-12-04;9;1538
26;2025-12-04;10;1238
26;2025-12-04;11;1169
26;2025-12-04;12;1199
26;2025-12-04;13;1201
26;2025-12-04;14;1422
26;2025-12-04;15;1428
26;2025-12-04;16;1553
26;2025-12-04;17;1798
26;2025-12-04;18;1931
26;2025-12-04;19;1289
26;2025-12-04;20;790
26;2025-12-04;21;508
26;2025-12-04;22;212
26;2025-12-04;23;133
26;2025-12-05;0;29
26;2025-12-05;1;1
26;2025-12-05;2;0
26;2025-12-05;3;0
26;2025-12-05;4;1
26;2025-12-05;5;83
26;2025-12-05;6;479
26;2025-12-05;7;1021
26;2025-12-05;8;2180
26;2025-12-05;9;1367
26;2025-12-05;10;1228
26;2025-12-05;11;1081
26;2025-12-05;12;1098
26;2025-12-05;13;1127
26;2025-12-05;14;1334
26;2025-12-05;15;1344
26;2025-12-05;16;1617
26;2025-12-05;17;1774
26;2025-12-05;18;1288
26;2025-12-05;19;1014
26;2025-12-05;20;646
26;2025-12-05;21;463
26;2025-12-05;22;197
26;2025-12-05;23;155
26;2025-12-06;0;49
26;2025-12-06;1;2
26;2025-12-06;2;0
26;2025-12-06;3;0
26;2025-12-06;4;2
26;2025-12-06;5;52
26;2025-12-06;6;252
26;2025-12-06;7;380
26;2025-12-06;8;625
26;2025-12-06;9;688
26;2025-12-06;10;854
26;2025-12-06;11;1012
26;2025-12-06;12;1109
26;2025-12-06;13;1108
26;2025-12-06;14;1156
26;2025-12-06;15;1024
26;2025-12-06;16;1072
26;2025-12-06;17;989
26;2025-12-06;18;926
26;2025-12-06;19;790
26;2025-12-06;20;542
26;2025-12-06;21;348
26;2025-12-06;22;212
26;2025-12-06;23;158
26;2025-12-07;0;49
26;2025-12-07;1;3
26;2025-12-07;2;0
26;2025-12-07;3;0
26;2025-12-07;4;2
26;2025-12-07;5;22
26;2025-12-07;6;157
26;2025-12-07;7;263
26;2025-12-07;8;390
26;2025-12-07;9;512
26;2025-12-07;10;584
26;2025-12-07;11;820
26;2025-12-07;12;819
26;2025-12-07;13;867
26;2025-12-07;14;865
26;2025-12-07;15;786
26;2025-12-07;16;743
26;2025-12-07;17;767
26;2025-12-07;18;698
26;2025-12-07;19;512
26;2025-12-07;20;394
26;2025-12-07;21;279
26;2025-12-07;22;163
26;2025-12-07;23;101
26;2025-12-08;0;25
26;2025-12-08;1;2
26;2025-12-08;2;0
26;2025-12-08;3;0
26;2025-12-08;4;1
26;2025-12-08;5;97
26;2025-12-08;6;470
26;2025-12-08;7;1159
26;2025-12-08;8;2321
26;2025-12-08;9;1488
26;2025-12-08;10;1246
26;2025-12-08;11;1058
26;2025-12-08;12;1096
26;2025-12-08;13;1174
26;2025-12-08;14;1326
26;2025-12-08;15;1366
26;2025-12-08;16;1501
26;2025-12-08;17;1785
26;2025-12-08;18;1958
26;2025-12-08;19;1236
26;2025-12-08;20;757
26;2025-12-08;21;492
26;2025-12-08;22;208
26;2025-12-08;23;114
26;2025-12-09;0;33
26;2025-12-09;1;1
26;2025-12-09;2;0
26;2025-12-09;3;0
26;2025-12-09;4;2
26;2025-12-09;5;101
26;2025-12-09;6;470
26;2025-12-09;7;1131
26;2025-12-09;8;2320
26;2025-12-09;9;1538
26;2025-12-09;10;1238
26;2025-12-09;11;1169
26;2025-12-09;12;1199
26;2025-12-09;13;1201
26;2025-12-09;14;1422
26;2025-12-09;15;1428
26;2025-12-09;16;1553
26;2025-12-09;17;1798
26;2025-12-09;18;1931
26;2025-12-09;19;1289
26;2025-12-09;20;790
26;2025-12-09;21;508
26;2025-12-09;22;205
26;2025-12-09;23;129
26;2025-12-10;0;31
26;2025-12-10;1;0
26;2025-12-10;2;0
26;2025-12-10;3;0
26;2025-12-10;4;2
26;2025-12-10;5;97
26;2025-12-10;6;454
26;2025-12-10;7;1092
26;2025-12-10;8;2241
26;2025-12-10;9;1485
26;2025-12-10;10;1196
26;2025-12-10;11;1129
26;2025-12-10;12;1199
26;2025-12-10;13;1201
26;2025-12-10;14;1422
26;2025-12-10;15;1428
26;2025-12-10;16;1553
26;2025-12-10;17;1798
26;2025-12-10;18;1931
26;2025-12-10;19;1289
26;2025-12-10;20;790
26;2025-12-10;21;508
26;2025-12-10;22;212
26;2025-12-10;23;133
26;2025-12-11;0;33
26;2025-12-11;1;1
26;2025-12-11;2;0
26;2025-12-11;3;0
26;2025-12-11;4;2
26;2025-12-11;5;101
26;2025-12-11;6;470
26;2025-12-11;7;1131
26;2025-12-11;8;2174
26;2025-12-11;9;1485
26;2025-12-11;10;1196
26;2025-12-11;11;1129
26;2025-12-11;12;1158
26;2025-12-11;13;1161
26;2025-12-11;14;1422
26;2025-12-11;15;1379
26;2025-12-11;16;1500
26;2025-12-11;17;1737
26;2025-12-11;18;1866
26;2025-12-11;19;1245
26;2025-12-11;20;763
26;2025-12-11;21;491
26;2025-12-11;22;205
26;2025-12-11;23;133
26;2025-12-12;0;29
26;2025-12-12;1;1
26;2025-12-12;2;0
26;2025-12-12;3;0
26;2025-12-12;4;1
26;2025-12-12;5;83
26;2025-12-12;6;462
26;2025-12-12;7;1021
26;2025-12-12;8;2106
26;2025-12-12;9;1367
26;2025-12-12;10;1187
26;2025-12-12;11;1081
26;2025-12-12;12;1061
26;2025-12-12;13;1056
26;2025-12-12;14;1250
26;2025-12-12;15;1259
26;2025-12-12;16;1562
26;2025-12-12;17;1714
26;2025-12-12;18;1288
26;2025-12-12;19;1014
26;2025-12-12;20;646
26;2025-12-12;21;463
26;2025-12-12;22;190
26;2025-12-12;23;150
26;2025-12-13;0;49
26;2025-12-13;1;2
26;2025-12-13;2;0
26;2025-12-13;3;0
26;2025-12-13;4;1
26;2025-12-13;5;50
26;2025-12-13;6;252
26;2025-12-13;7;367
26;2025-12-13;8;625
26;2025-12-13;9;688
26;2025-12-13;10;854
26;2025-12-13;11;1012
26;2025-12-13;12;1109
26;2025-12-13;13;1108
26;2025-12-13;14;1156
26;2025-12-13;15;1024
26;2025-12-13;16;1072
26;2025-12-13;17;989
26;2025-12-13;18;926
26;2025-12-13;19;790
26;2025-12-13;20;524
26;2025-12-13;21;336
26;2025-12-13;22;212
26;2025-12-13;23;152
26;2025-12-14;0;47
26;2025-12-14;1;3
26;2025-12-14;2;0
26;2025-12-14;3;0
26;2025-12-14;4;2
26;2025-12-14;5;22
26;2025-12-14;6;157
26;2025-12-14;7;263
26;2025-12-14;8;376
26;2025-12-14;9;512
26;2025-12-14;10;584
26;2025-12-14;11;820
26;2025-12-14;12;819
26;2025-12-14;13;867
26;2025-12-14;14;865
26;2025-12-14;15;786
26;2025-12-14;16;743
26;2025-12-14;17;767
26;2025-12-14;18;698
26;2025-12-14;19;512
26;2025-12-14;20;394
26;2025-12-14;21;279
26;2025-12-14;22;163
26;2025-12-14;23;101
26;2025-12-15;0;25
26;2025-12-15;1;2
26;2025-12-15;2;0
26;2025-12-15;3;0
26;2025-12-15;4;1
26;2025-12-15;5;97
26;2025-12-15;6;470
26;2025-12-15;7;1159
26;2025-12-15;8;2321
26;2025-12-15;9;1488
26;2025-12-15;10;1246
26;2025-12-15;11;1022
26;2025-12-15;12;1096
26;2025-12-15;13;1174
26;2025-12-15;14;1326
26;2025-12-15;15;1366
26;2025-12-15;16;1501
26;2025-12-15;17;1785
26;2025-12-15;18;1958
26;2025-12-15;19;1236
26;2025-12-15;20;757
26;2025-12-15;21;492
26;2025-12-15;22;208
26;2025-12-15;23;114
26;2025-12-16;0;33
26;2025-12-16;1;1
26;2025-12-16;2;0
26;2025-12-16;3;0
26;2025-12-16;4;2
26;2025-12-16;5;101
26;2025-12-16;6;470
26;2025-12-16;7;1131
26;2025-12-16;8;2320
26;2025-12-16;9;1538
26;2025-12-16;10;1196
26;2025-12-16;11;1129
26;2025-12-16;12;1158
26;2025-12-16;13;1126
26;2025-12-16;14;1374
26;2025-12-16;15;1428
26;2025-12-16;16;1553
26;2025-12-16;17;1798
26;2025-12-16;18;1931
26;2025-12-16;19;1289
26;2025-12-16;20;790
26;2025-12-16;21;508
26;2025-12-16;22;212
26;2025-12-16;23;133
26;2025-12-17;0;31
26;2025-12-17;1;1
26;2025-12-17;2;0
26;2025-12-17;3;0
26;2025-12-17;4;2
26;2025-12-17;5;101
26;2025-12-17;6;470
26;2025-12-17;7;1131
26;2025-12-17;8;2320
26;2025-12-17;9;1538
26;2025-12-17;10;1238
26;2025-12-17;11;1169
26;2025-12-17;12;1199
26;2025-12-17;13;1201
26;2025-12-17;14;1422
26;2025-12-17;15;1428
26;2025-12-17;16;1553
26;2025-12-17;17;1798
26;2025-12-17;18;1931
26;2025-12-17;19;1289
26;2025-12-17;20;790
26;2025-12-17;21;508
26;2025-12-17;22;212
26;2025-12-17;23;133
26;2025-12-18;0;33
26;2025-12-18;1;1
26;2025-12-18;2;0
26;2025-12-18;3;0
26;2025-12-18;4;2
26;2025-12-18;5;101
26;2025-12-18;6;470
26;2025-12-18;7;1131
26;2025-12-18;8;2320
26;2025-12-18;9;1538
26;2025-12-18;10;1238
26;2025-12-18;11;1169
26;2025-12-18;12;1199
26;2025-12-18;13;1201
26;2025-12-18;14;1422
26;2025-12-18;15;1428
26;2025-12-18;16;1553
26;2025-12-18;17;1798
26;2025-12-18;18;1931
26;2025-12-18;19;1289
26;2025-12-18;20;790
26;2025-12-18;21;508
26;2025-12-18;22;212
26;2025-12-18;23;133
26;2025-12-19;0;29
26;2025-12-19;1;1
26;2025-12-19;2;0
26;2025-12-19;3;0
26;2025-12-19;4;1
26;2025-12-19;5;83
26;2025-12-19;6;479
26;2025-12-19;7;1021
26;2025-12-19;8;2180
26;2025-12-19;9;1367
26;2025-12-19;10;1228
26;2025-12-19;11;1081
26;2025-12-19;12;1098
26;2025-12-19;13;1127
26;2025-12-19;14;1334
26;2025-12-19;15;1344
26;2025-12-19;16;1617
26;2025-12-19;17;1714
26;2025-12-19;18;1245
26;2025-12-19;19;1014
26;2025-12-19;20;646
26;2025-12-19;21;463
26;2025-12-19;22;197
26;2025-12-19;23;155
26;2025-12-20;0;49
26;2025-12-20;1;2
26;2025-12-20;2;0
26;2025-12-20;3;0
26;2025-12-20;4;2
26;2025-12-20;5;52
26;2025-12-20;6;252
26;2025-12-20;7;380
26;2025-12-20;8;625
26;2025-12-20;9;688
26;2025-12-20;10;854
26;2025-12-20;11;1012
26;2025-12-20;12;1109
26;2025-12-20;13;1108
26;2025-12-20;14;1156
26;2025-12-20;15;1024
26;2025-12-20;16;1072
26;2025-12-20;17;989
26;2025-12-20;18;926
26;2025-12-20;19;790
26;2025-12-20;20;542
26;2025-12-20;21;348
26;2025-12-20;22;212
26;2025-12-20;23;158
26;2025-12-21;0;49
26;2025-12-21;1;3
26;2025-12-21;2;0
26;2025-12-21;3;0
26;2025-12-21;4;2
26;2025-12-21;5;22
26;2025-12-21;6;151
26;2025-12-21;7;254
26;2025-12-21;8;390
26;2025-12-21;9;512
26;2025-12-21;10;584
26;2025-12-21;11;820
26;2025-12-21;12;819
26;2025-12-21;13;867
26;2025-12-21;14;865
26;2025-12-21;15;786
26;2025-12-21;16;743
26;2025-12-21;17;767
26;2025-12-21;18;698
26;2025-12-21;19;512
26;2025-12-21;20;394
26;2025-12-21;21;279
26;2025-12-21;22;157
26;2025-12-21;23;101
26;2025-12-22;0;24
26;2025-12-22;1;2
26;2025-12-22;2;0
26;2025-12-22;3;0
26;2025-12-22;4;1
26;2025-12-22;5;97
26;2025-12-22;6;470
26;2025-12-22;7;1159
26;2025-12-22;8;2321
26;2025-12-22;9;1437
26;2025-12-22;10;1203
26;2025-12-22;11;1022
26;2025-12-22;12;1059
26;2025-12-22;13;1174
26;2025-12-22;14;1326
26;2025-12-22;15;1320
26;2025-12-22;16;1501
26;2025-12-22;17;1785
26;2025-12-22;18;1891
26;2025-12-22;19;1236
26;2025-12-22;20;757
26;2025-12-22;21;492
26;2025-12-22;22;201
26;2025-12-22;23;110
26;2025-12-23;0;33
26;2025-12-23;1;1
26;2025-12-23;2;0
26;2025-12-23;3;0
26;2025-12-23;4;2
26;2025-12-23;5;101
26;2025-12-23;6;470
26;2025-12-23;7;1131
26;2025-12-23;8;2320
26;2025-12-23;9;1538
26;2025-12-23;10;1238
26;2025-12-23;11;1169
26;2025-12-23;12;1199
26;2025-12-23;13;1201
26;2025-12-23;14;1422
26;2025-12-23;15;1428
26;2025-12-23;16;1553
26;2025-12-23;17;1798
26;2025-12-23;18;1931
26;2025-12-23;19;1289
26;2025-12-23;20;790
26;2025-12-23;21;508
26;2025-12-23;22;212
26;2025-12-23;23;133
26;2025-12-24;0;33
26;2025-12-24;1;1
26;2025-12-24;2;0
26;2025-12-24;3;0
26;2025-12-24;4;2
26;2025-12-24;5;101
26;2025-12-24;6;470
26;2025-12-24;7;1131
26;2025-12-24;8;2320
26;2025-12-24;9;1538
26;2025-12-24;10;1238
26;2025-12-24;11;1169
26;2025-12-24;12;1158
26;2025-12-24;13;1161
26;2025-12-24;14;1422
26;2025-12-24;15;1379
26;2025-12-24;16;1553
26;2025-12-24;17;1798
26;2025-12-24;18;1866
26;2025-12-24;19;1289
26;2025-12-24;20;790
26;2025-12-24;21;491
26;2025-12-24;22;205
26;2025-12-24;23;129
26;2025-12-25;0;31
26;2025-12-25;1;0
26;2025-12-25;2;0
26;2025-12-25;3;0
26;2025-12-25;4;2
26;2025-12-25;5;101
26;2025-12-25;6;454
26;2025-12-25;7;1131
26;2025-12-25;8;2320
26;2025-12-25;9;1538
26;2025-12-25;10;1238
26;2025-12-25;11;1169
26;2025-12-25;12;1199
26;2025-12-25;13;1201
26;2025-12-25;14;1422
26;2025-12-25;15;1428
26;2025-12-25;16;1553
26;2025-12-25;17;1737
26;2025-12-25;18;1866
26;2025-12-25;19;1245
26;2025-12-25;20;763
26;2025-12-25;21;491
26;2025-12-25;22;199
26;2025-12-25;23;125
26;2025-12-26;0;28
26;2025-12-26;1;0
26;2025-12-26;2;0
26;2025-12-26;3;0
26;2025-12-26;4;1
26;2025-12-26;5;81
26;2025-12-26;6;448
26;2025-12-26;7;986
26;2025-12-26;8;2106
26;2025-12-26;9;1320
26;2025-12-26;10;1187
26;2025-12-26;11;1013
26;2025-12-26;12;1061
26;2025-12-26;13;1088
26;2025-12-26;14;1288
26;2025-12-26;15;1298
26;2025-12-26;16;1562
26;2025-12-26;17;1714
26;2025-12-26;18;1245
26;2025-12-26;19;980
26;2025-12-26;20;624
26;2025-12-26;21;447
26;2025-12-26;22;190
26;2025-12-26;23;155
26;2025-12-27;0;49
26;2025-12-27;1;2
26;2025-12-27;2;0
26;2025-12-27;3;0
26;2025-12-27;4;2
26;2025-12-27;5;52
26;2025-12-27;6;252
26;2025-12-27;7;380
26;2025-12-27;8;625
26;2025-12-27;9;665
26;2025-12-27;10;854
26;2025-12-27;11;1012
26;2025-12-27;12;1109
26;2025-12-27;13;1108
26;2025-12-27;14;1156
26;2025-12-27;15;1024
26;2025-12-27;16;1072
26;2025-12-27;17;989
26;2025-12-27;18;926
26;2025-12-27;19;790
26;2025-12-27;20;542
26;2025-12-27;21;336
26;2025-12-27;22;205
26;2025-12-27;23;152
26;2025-12-28;0;47
26;2025-12-28;1;3
26;2025-12-28;2;0
26;2025-12-28;3;0
26;2025-12-28;4;1
26;2025-12-28;5;21
26;2025-12-28;6;151
26;2025-12-28;7;254
26;2025-12-28;8;376
26;2025-12-28;9;495
26;2025-12-28;10;564
26;2025-12-28;11;792
26;2025-12-28;12;791
26;2025-12-28;13;838
26;2025-12-28;14;836
26;2025-12-28;15;759
26;2025-12-28;16;743
26;2025-12-28;17;767
26;2025-12-28;18;698
26;2025-12-28;19;512
26;2025-12-28;20;380
26;2025-12-28;21;269
26;2025-12-28;22;157
26;2025-12-28;23;101
26;2025-12-29;0;21
26;2025-12-29;1;2
26;2025-12-29;2;0
26;2025-12-29;3;0
26;2025-12-29;4;1
26;2025-12-29;5;79
26;2025-12-29;6;400
26;2025-12-29;7;985
26;2025-12-29;8;1906
26;2025-12-29;9;1222
26;2025-12-29;10;1023
26;2025-12-29;11;869
26;2025-12-29;12;900
26;2025-12-29;13;964
26;2025-12-29;14;1089
26;2025-12-29;15;1122
26;2025-12-29;16;1232
26;2025-12-29;17;1466
26;2025-12-29;18;1607
26;2025-12-29;19;1015
26;2025-12-29;20;621
26;2025-12-29;21;404
26;2025-12-29;22;170
26;2025-12-29;23;94
26;2025-12-30;0;27
26;2025-12-30;1;0
26;2025-12-30;2;0
26;2025-12-30;3;0
26;2025-12-30;4;2
26;2025-12-30;5;83
26;2025-12-30;6;386
26;2025-12-30;7;928
26;2025-12-30;8;1905
26;2025-12-30;9;1263
26;2025-12-30;10;1016
26;2025-12-30;11;960
26;2025-12-30;12;985
26;2025-12-30;13;987
26;2025-12-30;14;1168
26;2025-12-30;15;1172
26;2025-12-30;16;1275
26;2025-12-30;17;1477
26;2025-12-30;18;1586
26;2025-12-30;19;1058
26;2025-12-30;20;649
26;2025-12-30;21;417
26;2025-12-30;22;174
26;2025-12-30;23;109
26;2025-12-31;0;40
26;2025-12-31;1;3
26;2025-12-31;2;0
26;2025-12-31;3;0
26;2025-12-31;4;1
26;2025-12-31;5;18
26;2025-12-31;6;129
26;2025-12-31;7;216
26;2025-12-31;8;320
26;2025-12-31;9;420
26;2025-12-31;10;480
26;2025-12-31;11;673
26;2025-12-31;12;696
26;2025-12-31;13;712
26;2025-12-31;14;710
26;2025-12-31;15;646
26;2025-12-31;16;632
26;2025-12-31;17;652
26;2025-12-31;18;573
26;2025-12-31;19;420
26;2025-12-31;20;335
26;2025-12-31;21;237
26;2025-12-31;22;134
26;2025-12-31;23;83
28;2025-11-01;0;0
28;2025-11-01;1;0
28;2025-11-01;2;0
28;2025-11-01;3;0
28;2025-11-01;4;1
28;2025-11-01;5;67
28;2025-11-01;6;236
28;2025-11-01;7;717
28;2025-11-01;8;1130
28;2025-11-01;9;722
28;2025-11-01;10;511
28;2025-11-01;11;488
28;2025-11-01;12;690
28;2025-11-01;13;612
28;2025-11-01;14;590
28;2025-11-01;15;618
28;2025-11-01;16;794
28;2025-11-01;17;819
28;2025-11-01;18;731
28;2025-11-01;19;531
28;2025-11-01;20;358
28;2025-11-01;21;291
28;2025-11-01;22;94
28;2025-11-01;23;17
28;2025-11-02;0;0
28;2025-11-02;1;0
28;2025-11-02;2;0
28;2025-11-02;3;0
28;2025-11-02;4;0
28;2025-11-02;5;32
28;2025-11-02;6;77
28;2025-11-02;7;174
28;2025-11-02;8;276
28;2025-11-02;9;374
28;2025-11-02;10;417
28;2025-11-02;11;459
28;2025-11-02;12;475
28;2025-11-02;13;560
28;2025-11-02;14;565
28;2025-11-02;15;542
28;2025-11-02;16;479
28;2025-11-02;17;495
28;2025-11-02;18;461
28;2025-11-02;19;388
28;2025-11-02;20;317
28;2025-11-02;21;254
28;2025-11-02;22;112
28;2025-11-02;23;11
28;2025-11-03;0;0
28;2025-11-03;1;0
28;2025-11-03;2;0
28;2025-11-03;3;0
28;2025-11-03;4;0
28;2025-11-03;5;32
28;2025-11-03;6;77
28;2025-11-03;7;174
28;2025-11-03;8;276
28;2025-11-03;9;374
28;2025-11-03;10;417
28;2025-11-03;11;443
28;2025-11-03;12;459
28;2025-11-03;13;560
28;2025-11-03;14;546
28;2025-11-03;15;524
28;2025-11-03;16;479
28;2025-11-03;17;495
28;2025-11-03;18;461
28;2025-11-03;19;388
28;2025-11-03;20;317
28;2025-11-03;21;254
28;2025-11-03;22;112
28;2025-11-03;23;11
28;2025-11-04;0;0
28;2025-11-04;1;0
28;2025-11-04;2;0
28;2025-11-04;3;0
28;2025-11-04;4;0
28;2025-11-04;5;32
28;2025-11-04;6;77
28;2025-11-04;7;174
28;2025-11-04;8;266
28;2025-11-04;9;361
28;2025-11-04;10;403
28;2025-11-04;11;443
28;2025-11-04;12;445
28;2025-11-04;13;543
28;2025-11-04;14;565
28;2025-11-04;15;542
28;2025-11-04;16;479
28;2025-11-04;17;495
28;2025-11-04;18;461
28;2025-11-04;19;388
28;2025-11-04;20;317
28;2025-11-04;21;254
28;2025-11-04;22;112
28;2025-11-04;23;11
28;2025-11-05;0;0
28;2025-11-05;1;0
28;2025-11-05;2;0
28;2025-11-05;3;0
28;2025-11-05;4;1
28;2025-11-05;5;79
28;2025-11-05;6;256
28;2025-11-05;7;812
28;2025-11-05;8;1304
28;2025-11-05;9;869
28;2025-11-05;10;612
28;2025-11-05;11;575
28;2025-11-05;12;694
28;2025-11-05;13;700
28;2025-11-05;14;700
28;2025-11-05;15;739
28;2025-11-05;16;916
28;2025-11-05;17;1090
28;2025-11-05;18;1059
28;2025-11-05;19;829
28;2025-11-05;20;558
28;2025-11-05;21;350
28;2025-11-05;22;117
28;2025-11-05;23;10
28;2025-11-06;0;0
28;2025-11-06;1;0
28;2025-11-06;2;0
28;2025-11-06;3;0
28;2025-11-06;4;1
28;2025-11-06;5;79
28;2025-11-06;6;256
28;2025-11-06;7;812
28;2025-11-06;8;1304
28;2025-11-06;9;869
28;2025-11-06;10;612
28;2025-11-06;11;555
28;2025-11-06;12;694
28;2025-11-06;13;700
28;2025-11-06;14;700
28;2025-11-06;15;714
28;2025-11-06;16;885
28;2025-11-06;17;1090
28;2025-11-06;18;1059
28;2025-11-06;19;829
28;2025-11-06;20;523
28;2025-11-06;21;350
28;2025-11-06;22;117
28;2025-11-06;23;10
28;2025-11-07;0;0
28;2025-11-07;1;0
28;2025-11-07;2;0
28;2025-11-07;3;0
28;2025-11-07;4;2
28;2025-11-07;5;80
28;2025-11-07;6;292
28;2025-11-07;7;889
28;2025-11-07;8;1353
28;2025-11-07;9;864
28;2025-11-07;10;633
28;2025-11-07;11;604
28;2025-11-07;12;855
28;2025-11-07;13;758
28;2025-11-07;14;731
28;2025-11-07;15;765
28;2025-11-07;16;984
28;2025-11-07;17;1015
28;2025-11-07;18;906
28;2025-11-07;19;658
28;2025-11-07;20;444
28;2025-11-07;21;360
28;2025-11-07;22;117
28;2025-11-07;23;21
28;2025-11-08;0;1
28;2025-11-08;1;0
28;2025-11-08;2;0
28;2025-11-08;3;0
28;2025-11-08;4;1
28;2025-11-08;5;39
28;2025-11-08;6;113
28;2025-11-08;7;242
28;2025-11-08;8;431
28;2025-11-08;9;489
28;2025-11-08;10;522
28;2025-11-08;11;524
28;2025-11-08;12;616
28;2025-11-08;13;635
28;2025-11-08;14;587
28;2025-11-08;15;612
28;2025-11-08;16;629
28;2025-11-08;17;597
28;2025-11-08;18;528
28;2025-11-08;19;391
28;2025-11-08;20;286
28;2025-11-08;21;257
28;2025-11-08;22;110
28;2025-11-08;23;12
28;2025-11-09;0;0
28;2025-11-09;1;0
28;2025-11-09;2;0
28;2025-11-09;3;0
28;2025-11-09;4;0
28;2025-11-09;5;32
28;2025-11-09;6;77
28;2025-11-09;7;174
28;2025-11-09;8;276
28;2025-11-09;9;374
28;2025-11-09;10;417
28;2025-11-09;11;459
28;2025-11-09;12;475
28;2025-11-09;13;580
28;2025-11-09;14;565
28;2025-11-09;15;542
28;2025-11-09;16;479
28;2025-11-09;17;495
28;2025-11-09;18;461
28;2025-11-09;19;388
28;2025-11-09;20;317
28;2025-11-09;21;254
28;2025-11-09;22;112
28;2025-11-09;23;11
28;2025-11-10;0;0
28;2025-11-10;1;0
28;2025-11-10;2;0
28;2025-11-10;3;0
28;2025-11-10;4;2
28;2025-11-10;5;74
28;2025-11-10;6;281
28;2025-11-10;7;771
28;2025-11-10;8;1321
28;2025-11-10;9;855
28;2025-11-10;10;669
28;2025-11-10;11;556
28;2025-11-10;12;711
28;2025-11-10;13;706
28;2025-11-10;14;643
28;2025-11-10;15;642
28;2025-11-10;16;907
28;2025-11-10;17;1026
28;2025-11-10;18;984
28;2025-11-10;19;741
28;2025-11-10;20;475
28;2025-11-10;21;309
28;2025-11-10;22;108
28;2025-11-10;23;3
28;2025-11-11;0;0
28;2025-11-11;1;0
28;2025-11-11;2;0
28;2025-11-11;3;0
28;2025-11-11;4;1
28;2025-11-11;5;79
28;2025-11-11;6;256
28;2025-11-11;7;812
28;2025-11-11;8;1304
28;2025-11-11;9;869
28;2025-11-11;10;612
28;2025-11-11;11;575
28;2025-11-11;12;694
28;2025-11-11;13;700
28;2025-11-11;14;700
28;2025-11-11;15;739
28;2025-11-11;16;916
28;2025-11-11;17;1090
28;2025-11-11;18;1059
28;2025-11-11;19;829
28;2025-11-11;20;558
28;2025-11-11;21;350
28;2025-11-11;22;117
28;2025-11-11;23;10
28;2025-11-12;0;0
28;2025-11-12;1;0
28;2025-11-12;2;0
28;2025-11-12;3;0
28;2025-11-12;4;1
28;2025-11-12;5;79
28;2025-11-12;6;256
28;2025-11-12;7;812
28;2025-11-12;8;1304
28;2025-11-12;9;869
28;2025-11-12;10;591
28;2025-11-12;11;555
28;2025-11-12;12;671
28;2025-11-12;13;676
28;2025-11-12;14;676
28;2025-11-12;15;714
28;2025-11-12;16;916
28;2025-11-12;17;1090
28;2025-11-12;18;1023
28;2025-11-12;19;829
28;2025-11-12;20;558
28;2025-11-12;21;350
28;2025-11-12;22;117
28;2025-11-12;23;10
28;2025-11-13;0;0
28;2025-11-13;1;0
28;2025-11-13;2;0
28;2025-11-13;3;0
28;2025-11-13;4;1
28;2025-11-13;5;79
28;2025-11-13;6;248
28;2025-11-13;7;812
28;2025-11-13;8;1304
28;2025-11-13;9;869
28;2025-11-13;10;612
28;2025-11-13;11;575
28;2025-11-13;12;694
28;2025-11-13;13;700
28;2025-11-13;14;700
28;2025-11-13;15;739
28;2025-11-13;16;916
28;2025-11-13;17;1090
28;2025-11-13;18;1059
28;2025-11-13;19;829
28;2025-11-13;20;558
28;2025-11-13;21;350
28;2025-11-13;22;117
28;2025-11-13;23;10
28;2025-11-14;0;0
28;2025-11-14;1;0
28;2025-11-14;2;0
28;2025-11-14;3;0
28;2025-11-14;4;2
28;2025-11-14;5;83
28;2025-11-14;6;292
28;2025-11-14;7;889
28;2025-11-14;8;1401
28;2025-11-14;9;894
28;2025-11-14;10;633
28;2025-11-14;11;604
28;2025-11-14;12;855
28;2025-11-14;13;758
28;2025-11-14;14;731
28;2025-11-14;15;765
28;2025-11-14;16;984
28;2025-11-14;17;1015
28;2025-11-14;18;906
28;2025-11-14;19;658
28;2025-11-14;20;429
28;2025-11-14;21;348
28;2025-11-14;22;113
28;2025-11-14;23;20
28;2025-11-15;0;0
28;2025-11-15;1;0
28;2025-11-15;2;0
28;2025-11-15;3;0
28;2025-11-15;4;1
28;2025-11-15;5;37
28;2025-11-15;6;106
28;2025-11-15;7;227
28;2025-11-15;8;404
28;2025-11-15;9;458
28;2025-11-15;10;489
28;2025-11-15;11;491
28;2025-11-15;12;595
28;2025-11-15;13;613
28;2025-11-15;14;587
28;2025-11-15;15;612
28;2025-11-15;16;629
28;2025-11-15;17;597
28;2025-11-15;18;528
28;2025-11-15;19;391
28;2025-11-15;20;286
28;2025-11-15;21;257
28;2025-11-15;22;110
28;2025-11-15;23;12
28;2025-11-16;0;0
28;2025-11-16;1;0
28;2025-11-16;2;0
28;2025-11-16;3;0
28;2025-11-16;4;0
28;2025-11-16;5;32
28;2025-11-16;6;77
28;2025-11-16;7;174
28;2025-11-16;8;276
28;2025-11-16;9;374
28;2025-11-16;10;417
28;2025-11-16;11;459
28;2025-11-16;12;475
28;2025-11-16;13;580
28;2025-11-16;14;565
28;2025-11-16;15;542
28;2025-11-16;16;479
28;2025-11-16;17;495
28;2025-11-16;18;461
28;2025-11-16;19;388
28;2025-11-16;20;317
28;2025-11-16;21;254
28;2025-11-16;22;112
28;2025-11-16;23;11
28;2025-11-17;0;0
28;2025-11-17;1;0
28;2025-11-17;2;0
28;2025-11-17;3;0
28;2025-11-17;4;2
28;2025-11-17;5;74
28;2025-11-17;6;281
28;2025-11-17;7;771
28;2025-11-17;8;1321
28;2025-11-17;9;855
28;2025-11-17;10;646
28;2025-11-17;11;537
28;2025-11-17;12;687
28;2025-11-17;13;662
28;2025-11-17;14;603
28;2025-11-17;15;621
28;2025-11-17;16;877
28;2025-11-17;17;991
28;2025-11-17;18;984
28;2025-11-17;19;741
28;2025-11-17;20;475
28;2025-11-17;21;299
28;2025-11-17;22;108
28;2025-11-17;23;3
28;2025-11-18;0;0
28;2025-11-18;1;0
28;2025-11-18;2;0
28;2025-11-18;3;0
28;2025-11-18;4;1
28;2025-11-18;5;74
28;2025-11-18;6;248
28;2025-11-18;7;812
28;2025-11-18;8;1260
28;2025-11-18;9;814
28;2025-11-18;10;573
28;2025-11-18;11;555
28;2025-11-18;12;671
28;2025-11-18;13;656
28;2025-11-18;14;656
28;2025-11-18;15;714
28;2025-11-18;16;916
28;2025-11-18;17;1090
28;2025-11-18;18;1023
28;2025-11-18;19;801
28;2025-11-18;20;539
28;2025-11-18;21;350
28;2025-11-18;22;117
28;2025-11-18;23;10
28;2025-11-19;0;0
28;2025-11-19;1;0
28;2025-11-19;2;0
28;2025-11-19;3;0
28;2025-11-19;4;1
28;2025-11-19;5;79
28;2025-11-19;6;256
28;2025-11-19;7;812
28;2025-11-19;8;1304
28;2025-11-19;9;869
28;2025-11-19;10;612
28;2025-11-19;11;575
28;2025-11-19;12;694
28;2025-11-19;13;700
28;2025-11-19;14;700
28;2025-11-19;15;739
28;2025-11-19;16;916
28;2025-11-19;17;1090
28;2025-11-19;18;1059
28;2025-11-19;19;829
28;2025-11-19;20;558
28;2025-11-19;21;350
28;2025-11-19;22;117
28;2025-11-19;23;10
28;2025-11-20;0;0
28;2025-11-20;1;0
28;2025-11-20;2;0
28;2025-11-20;3;0
28;2025-11-20;4;1
28;2025-11-20;5;79
28;2025-11-20;6;256
28;2025-11-20;7;812
28;2025-11-20;8;1304
28;2025-11-20;9;869
28;2025-11-20;10;612
28;2025-11-20;11;575
28;2025-11-20;12;694
28;2025-11-20;13;700
28;2025-11-20;14;700
28;2025-11-20;15;739
28;2025-11-20;16;916
28;2025-11-20;17;1090
28;2025-11-20;18;1059
28;2025-11-20;19;829
28;2025-11-20;20;558
28;2025-11-20;21;350
28;2025-11-20;22;117
28;2025-11-20;23;10
28;2025-11-21;0;0
28;2025-11-21;1;0
28;2025-11-21;2;0
28;2025-11-21;3;0
28;2025-11-21;4;2
28;2025-11-21;5;80
28;2025-11-21;6;283
28;2025-11-21;7;859
28;2025-11-21;8;1401
28;2025-11-21;9;894
28;2025-11-21;10;633
28;2025-11-21;11;604
28;2025-11-21;12;826
28;2025-11-21;13;758
28;2025-11-21;14;731
28;2025-11-21;15;765
28;2025-11-21;16;984
28;2025-11-21;17;1015
28;2025-11-21;18;906
28;2025-11-21;19;658
28;2025-11-21;20;444
28;2025-11-21;21;360
28;2025-11-21;22;117
28;2025-11-21;23;21
28;2025-11-22;0;1
28;2025-11-22;1;0
28;2025-11-22;2;0
28;2025-11-22;3;0
28;2025-11-22;4;1
28;2025-11-22;5;37
28;2025-11-22;6;109
28;2025-11-22;7;234
28;2025-11-22;8;416
28;2025-11-22;9;473
28;2025-11-22;10;522
28;2025-11-22;11;524
28;2025-11-22;12;616
28;2025-11-22;13;635
28;2025-11-22;14;587
28;2025-11-22;15;612
28;2025-11-22;16;629
28;2025-11-22;17;597
28;2025-11-22;18;528
28;2025-11-22;19;391
28;2025-11-22;20;286
28;2025-11-22;21;248
28;2025-11-22;22;106
28;2025-11-22;23;11
28;2025-11-23;0;0
28;2025-11-23;1;0
28;2025-11-23;2;0
28;2025-11-23;3;0
28;2025-11-23;4;0
28;2025-11-23;5;32
28;2025-11-23;6;77
28;2025-11-23;7;174
28;2025-11-23;8;276
28;2025-11-23;9;374
28;2025-11-23;10;417
28;2025-11-23;11;459
28;2025-11-23;12;475
28;2025-11-23;13;580
28;2025-11-23;14;565
28;2025-11-23;15;542
28;2025-11-23;16;479
28;2025-11-23;17;495
28;2025-11-23;18;461
28;2025-11-23;19;388
28;2025-11-23;20;317
28;2025-11-23;21;254
28;2025-11-23;22;112
28;2025-11-23;23;11
28;2025-11-24;0;0
28;2025-11-24;1;0
28;2025-11-24;2;0
28;2025-11-24;3;0
28;2025-11-24;4;2
28;2025-11-24;5;69
28;2025-11-24;6;263
28;2025-11-24;7;745
28;2025-11-24;8;1276
28;2025-11-24;9;826
28;2025-11-24;10;627
28;2025-11-24;11;521
28;2025-11-24;12;687
28;2025-11-24;13;682
28;2025-11-24;14;621
28;2025-11-24;15;621
28;2025-11-24;16;907
28;2025-11-24;17;1026
28;2025-11-24;18;984
28;2025-11-24;19;741
28;2025-11-24;20;475
28;2025-11-24;21;309
28;2025-11-24;22;108
28;2025-11-24;23;3
28;2025-11-25;0;0
28;2025-11-25;1;0
28;2025-11-25;2;0
28;2025-11-25;3;0
28;2025-11-25;4;1
28;2025-11-25;5;79
28;2025-11-25;6;256
28;2025-11-25;7;812
28;2025-11-25;8;1304
28;2025-11-25;9;869
28;2025-11-25;10;612
28;2025-11-25;11;575
28;2025-11-25;12;694
28;2025-11-25;13;700
28;2025-11-25;14;700
28;2025-11-25;15;739
28;2025-11-25;16;916
28;2025-11-25;17;1090
28;2025-11-25;18;1059
28;2025-11-25;19;829
28;2025-11-25;20;558
28;2025-11-25;21;350
28;2025-11-25;22;117
28;2025-11-25;23;10
28;2025-11-26;0;0
28;2025-11-26;1;0
28;2025-11-26;2;0
28;2025-11-26;3;0
28;2025-11-26;4;1
28;2025-11-26;5;74
28;2025-11-26;6;240
28;2025-11-26;7;785
28;2025-11-26;8;1260
28;2025-11-26;9;840
28;2025-11-26;10;591
28;2025-11-26;11;555
28;2025-11-26;12;671
28;2025-11-26;13;676
28;2025-11-26;14;676
28;2025-11-26;15;714
28;2025-11-26;16;885
28;2025-11-26;17;1053
28;2025-11-26;18;1023
28;2025-11-26;19;801
28;2025-11-26;20;539
28;2025-11-26;21;338
28;2025-11-26;22;114
28;2025-11-26;23;10
28;2025-11-27;0;0
28;2025-11-27;1;0
28;2025-11-27;2;0
28;2025-11-27;3;0
28;2025-11-27;4;1
28;2025-11-27;5;79
28;2025-11-27;6;256
28;2025-11-27;7;812
28;2025-11-27;8;1304
28;2025-11-27;9;869
28;2025-11-27;10;612
28;2025-11-27;11;555
28;2025-11-27;12;671
28;2025-11-27;13;676
28;2025-11-27;14;676
28;2025-11-27;15;739
28;2025-11-27;16;916
28;2025-11-27;17;1053
28;2025-11-27;18;992
28;2025-11-27;19;801
28;2025-11-27;20;539
28;2025-11-27;21;338
28;2025-11-27;22;110
28;2025-11-27;23;10
28;2025-11-28;0;0
28;2025-11-28;1;0
28;2025-11-28;2;0
28;2025-11-28;3;0
28;2025-11-28;4;2
28;2025-11-28;5;80
28;2025-11-28;6;292
28;2025-11-28;7;889
28;2025-11-28;8;1401
28;2025-11-28;9;894
28;2025-11-28;10;633
28;2025-11-28;11;604
28;2025-11-28;12;855
28;2025-11-28;13;758
28;2025-11-28;14;731
28;2025-11-28;15;765
28;2025-11-28;16;984
28;2025-11-28;17;1015
28;2025-11-28;18;906
28;2025-11-28;19;658
28;2025-11-28;20;444
28;2025-11-28;21;360
28;2025-11-28;22;117
28;2025-11-28;23;21
28;2025-11-29;0;1
28;2025-11-29;1;0
28;2025-11-29;2;0
28;2025-11-29;3;0
28;2025-11-29;4;1
28;2025-11-29;5;39
28;2025-11-29;6;113
28;2025-11-29;7;242
28;2025-11-29;8;431
28;2025-11-29;9;489
28;2025-11-29;10;522
28;2025-11-29;11;524
28;2025-11-29;12;616
28;2025-11-29;13;635
28;2025-11-29;14;587
28;2025-11-29;15;612
28;2025-11-29;16;629
28;2025-11-29;17;597
28;2025-11-29;18;528
28;2025-11-29;19;391
28;2025-11-29;20;286
28;2025-11-29;21;257
28;2025-11-29;22;110
28;2025-11-29;23;12
28;2025-11-30;0;0
28;2025-11-30;1;0
28;2025-11-30;2;0
28;2025-11-30;3;0
28;2025-11-30;4;0
28;2025-11-30;5;32
28;2025-11-30;6;77
28;2025-11-30;7;174
28;2025-11-30;8;276
28;2025-11-30;9;374
28;2025-11-30;10;417
28;2025-11-30;11;459
28;2025-11-30;12;475
28;2025-11-30;13;580
28;2025-11-30;14;565
28;2025-11-30;15;542
28;2025-11-30;16;479
28;2025-11-30;17;495
28;2025-11-30;18;461
28;2025-11-30;19;388
28;2025-11-30;20;317
28;2025-11-30;21;254
28;2025-11-30;22;112
28;2025-11-30;23;11
28;2025-12-01;0;0
28;2025-12-01;1;0
28;2025-12-01;2;0
28;2025-12-01;3;0
28;2025-12-01;4;2
28;2025-12-01;5;74
28;2025-12-01;6;281
28;2025-12-01;7;771
28;2025-12-01;8;1322
28;2025-12-01;9;855
28;2025-12-01;10;669
28;2025-12-01;11;556
28;2025-12-01;12;711
28;2025-12-01;13;706
28;2025-12-01;14;643
28;2025-12-01;15;643
28;2025-12-01;16;908
28;2025-12-01;17;1027
28;2025-12-01;18;985
28;2025-12-01;19;741
28;2025-12-01;20;475
28;2025-12-01;21;310
28;2025-12-01;22;108
28;2025-12-01;23;3
28;2025-12-02;0;0
28;2025-12-02;1;0
28;2025-12-02;2;0
28;2025-12-02;3;0
28;2025-12-02;4;1
28;2025-12-02;5;79
28;2025-12-02;6;256
28;2025-12-02;7;813
28;2025-12-02;8;1305
28;2025-12-02;9;870
28;2025-12-02;10;612
28;2025-12-02;11;575
28;2025-12-02;12;695
28;2025-12-02;13;701
28;2025-12-02;14;701
28;2025-12-02;15;739
28;2025-12-02;16;917
28;2025-12-02;17;1091
28;2025-12-02;18;1059
28;2025-12-02;19;829
28;2025-12-02;20;558
28;2025-12-02;21;350
28;2025-12-02;22;118
28;2025-12-02;23;10
28;2025-12-03;0;0
28;2025-12-03;1;0
28;2025-12-03;2;0
28;2025-12-03;3;0
28;2025-12-03;4;1
28;2025-12-03;5;79
28;2025-12-03;6;256
28;2025-12-03;7;813
28;2025-12-03;8;1305
28;2025-12-03;9;870
28;2025-12-03;10;612
28;2025-12-03;11;575
28;2025-12-03;12;695
28;2025-12-03;13;701
28;2025-12-03;14;701
28;2025-12-03;15;739
28;2025-12-03;16;917
28;2025-12-03;17;1091
28;2025-12-03;18;1059
28;2025-12-03;19;829
28;2025-12-03;20;558
28;2025-12-03;21;350
28;2025-12-03;22;118
28;2025-12-03;23;10
28;2025-12-04;0;0
28;2025-12-04;1;0
28;2025-12-04;2;0
28;2025-12-04;3;0
28;2025-12-04;4;1
28;2025-12-04;5;79
28;2025-12-04;6;256
28;2025-12-04;7;813
28;2025-12-04;8;1305
28;2025-12-04;9;870
28;2025-12-04;10;612
28;2025-12-04;11;575
28;2025-12-04;12;695
28;2025-12-04;13;701
28;2025-12-04;14;701
28;2025-12-04;15;739
28;2025-12-04;16;917
28;2025-12-04;17;1091
28;2025-12-04;18;1059
28;2025-12-04;19;829
28;2025-12-04;20;558
28;2025-12-04;21;350
28;2025-12-04;22;118
28;2025-12-04;23;10
28;2025-12-05;0;0
28;2025-12-05;1;0
28;2025-12-05;2;0
28;2025-12-05;3;0
28;2025-12-05;4;2
28;2025-12-05;5;83
28;2025-12-05;6;293
28;2025-12-05;7;889
28;2025-12-05;8;1402
28;2025-12-05;9;895
28;2025-12-05;10;634
28;2025-12-05;11;605
28;2025-12-05;12;856
28;2025-12-05;13;759
28;2025-12-05;14;732
28;2025-12-05;15;766
28;2025-12-05;16;984
28;2025-12-05;17;1015
28;2025-12-05;18;907
28;2025-12-05;19;658
28;2025-12-05;20;445
28;2025-12-05;21;360
28;2025-12-05;22;117
28;2025-12-05;23;21
28;2025-12-06;0;1
28;2025-12-06;1;0
28;2025-12-06;2;0
28;2025-12-06;3;0
28;2025-12-06;4;1
28;2025-12-06;5;40
28;2025-12-06;6;113
28;2025-12-06;7;242
28;2025-12-06;8;431
28;2025-12-06;9;489
28;2025-12-06;10;522
28;2025-12-06;11;524
28;2025-12-06;12;616
28;2025-12-06;13;635
28;2025-12-06;14;587
28;2025-12-06;15;612
28;2025-12-06;16;630
28;2025-12-06;17;597
28;2025-12-06;18;528
28;2025-12-06;19;391
28;2025-12-06;20;286
28;2025-12-06;21;257
28;2025-12-06;22;110
28;2025-12-06;23;12
28;2025-12-07;0;0
28;2025-12-07;1;0
28;2025-12-07;2;0
28;2025-12-07;3;0
28;2025-12-07;4;0
28;2025-12-07;5;32
28;2025-12-07;6;77
28;2025-12-07;7;174
28;2025-12-07;8;276
28;2025-12-07;9;374
28;2025-12-07;10;418
28;2025-12-07;11;459
28;2025-12-07;12;476
28;2025-12-07;13;580
28;2025-12-07;14;565
28;2025-12-07;15;543
28;2025-12-07;16;479
28;2025-12-07;17;495
28;2025-12-07;18;461
28;2025-12-07;19;388
28;2025-12-07;20;317
28;2025-12-07;21;254
28;2025-12-07;22;112
28;2025-12-07;23;11
28;2025-12-08;0;0
28;2025-12-08;1;0
28;2025-12-08;2;0
28;2025-12-08;3;0
28;2025-12-08;4;2
28;2025-12-08;5;74
28;2025-12-08;6;281
28;2025-12-08;7;771
28;2025-12-08;8;1322
28;2025-12-08;9;855
28;2025-12-08;10;669
28;2025-12-08;11;556
28;2025-12-08;12;711
28;2025-12-08;13;706
28;2025-12-08;14;643
28;2025-12-08;15;643
28;2025-12-08;16;908
28;2025-12-08;17;1027
28;2025-12-08;18;985
28;2025-12-08;19;741
28;2025-12-08;20;475
28;2025-12-08;21;310
28;2025-12-08;22;108
28;2025-12-08;23;3
28;2025-12-09;0;0
28;2025-12-09;1;0
28;2025-12-09;2;0
28;2025-12-09;3;0
28;2025-12-09;4;1
28;2025-12-09;5;79
28;2025-12-09;6;256
28;2025-12-09;7;813
28;2025-12-09;8;1305
28;2025-12-09;9;870
28;2025-12-09;10;612
28;2025-12-09;11;575
28;2025-12-09;12;695
28;2025-12-09;13;701
28;2025-12-09;14;701
28;2025-12-09;15;739
28;2025-12-09;16;917
28;2025-12-09;17;1091
28;2025-12-09;18;1059
28;2025-12-09;19;829
28;2025-12-09;20;558
28;2025-12-09;21;350
28;2025-12-09;22;114
28;2025-12-09;23;10
28;2025-12-10;0;0
28;2025-12-10;1;0
28;2025-12-10;2;0
28;2025-12-10;3;0
28;2025-12-10;4;1
28;2025-12-10;5;76
28;2025-12-10;6;248
28;2025-12-10;7;785
28;2025-12-10;8;1261
28;2025-12-10;9;840
28;2025-12-10;10;591
28;2025-12-10;11;556
28;2025-12-10;12;695
28;2025-12-10;13;701
28;2025-12-10;14;701
28;2025-12-10;15;739
28;2025-12-10;16;917
28;2025-12-10;17;1091
28;2025-12-10;18;1059
28;2025-12-10;19;829
28;2025-12-10;20;558
28;2025-12-10;21;350
28;2025-12-10;22;118
28;2025-12-10;23;10
28;2025-12-11;0;0
28;2025-12-11;1;0
28;2025-12-11;2;0
28;2025-12-11;3;0
28;2025-12-11;4;1
28;2025-12-11;5;79
28;2025-12-11;6;256
28;2025-12-11;7;813
28;2025-12-11;8;1223
28;2025-12-11;9;840
28;2025-12-11;10;591
28;2025-12-11;11;556
28;2025-12-11;12;671
28;2025-12-11;13;677
28;2025-12-11;14;701
28;2025-12-11;15;714
28;2025-12-11;16;886
28;2025-12-11;17;1054
28;2025-12-11;18;1023
28;2025-12-11;19;801
28;2025-12-11;20;540
28;2025-12-11;21;338
28;2025-12-11;22;114
28;2025-12-11;23;10
28;2025-12-12;0;0
28;2025-12-12;1;0
28;2025-12-12;2;0
28;2025-12-12;3;0
28;2025-12-12;4;2
28;2025-12-12;5;83
28;2025-12-12;6;283
28;2025-12-12;7;889
28;2025-12-12;8;1354
28;2025-12-12;9;895
28;2025-12-12;10;612
28;2025-12-12;11;605
28;2025-12-12;12;827
28;2025-12-12;13;711
28;2025-12-12;14;686
28;2025-12-12;15;718
28;2025-12-12;16;951
28;2025-12-12;17;981
28;2025-12-12;18;907
28;2025-12-12;19;658
28;2025-12-12;20;445
28;2025-12-12;21;360
28;2025-12-12;22;113
28;2025-12-12;23;20
28;2025-12-13;0;1
28;2025-12-13;1;0
28;2025-12-13;2;0
28;2025-12-13;3;0
28;2025-12-13;4;1
28;2025-12-13;5;38
28;2025-12-13;6;113
28;2025-12-13;7;234
28;2025-12-13;8;431
28;2025-12-13;9;489
28;2025-12-13;10;522
28;2025-12-13;11;524
28;2025-12-13;12;616
28;2025-12-13;13;635
28;2025-12-13;14;587
28;2025-12-13;15;612
28;2025-12-13;16;630
28;2025-12-13;17;597
28;2025-12-13;18;528
28;2025-12-13;19;391
28;2025-12-13;20;277
28;2025-12-13;21;248
28;2025-12-13;22;110
28;2025-12-13;23;11
28;2025-12-14;0;0
28;2025-12-14;1;0
28;2025-12-14;2;0
28;2025-12-14;3;0
28;2025-12-14;4;0
28;2025-12-14;5;32
28;2025-12-14;6;77
28;2025-12-14;7;174
28;2025-12-14;8;267
28;2025-12-14;9;374
28;2025-12-14;10;418
28;2025-12-14;11;459
28;2025-12-14;12;476
28;2025-12-14;13;580
28;2025-12-14;14;565
28;2025-12-14;15;543
28;2025-12-14;16;479
28;2025-12-14;17;495
28;2025-12-14;18;461
28;2025-12-14;19;388
28;2025-12-14;20;317
28;2025-12-14;21;254
28;2025-12-14;22;112
28;2025-12-14;23;11
28;2025-12-15;0;0
28;2025-12-15;1;0
28;2025-12-15;2;0
28;2025-12-15;3;0
28;2025-12-15;4;2
28;2025-12-15;5;74
28;2025-12-15;6;281
28;2025-12-15;7;771
28;2025-12-15;8;1322
28;2025-12-15;9;855
28;2025-12-15;10;669
28;2025-12-15;11;537
28;2025-12-15;12;711
28;2025-12-15;13;706
28;2025-12-15;14;643
28;2025-12-15;15;643
28;2025-12-15;16;908
28;2025-12-15;17;1027
28;2025-12-15;18;985
28;2025-12-15;19;741
28;2025-12-15;20;475
28;2025-12-15;21;310
28;2025-12-15;22;108
28;2025-12-15;23;3
28;2025-12-16;0;0
28;2025-12-16;1;0
28;2025-12-16;2;0
28;2025-12-16;3;0
28;2025-12-16;4;1
28;2025-12-16;5;79
28;2025-12-16;6;256
28;2025-12-16;7;813
28;2025-12-16;8;1305
28;2025-12-16;9;870
28;2025-12-16;10;591
28;2025-12-16;11;556
28;2025-12-16;12;671
28;2025-12-16;13;656
28;2025-12-16;14;677
28;2025-12-16;15;739
28;2025-12-16;16;917
28;2025-12-16;17;1091
28;2025-12-16;18;1059
28;2025-12-16;19;829
28;2025-12-16;20;558
28;2025-12-16;21;350
28;2025-12-16;22;118
28;2025-12-16;23;10
28;2025-12-17;0;0
28;2025-12-17;1;0
28;2025-12-17;2;0
28;2025-12-17;3;0
28;2025-12-17;4;1
28;2025-12-17;5;79
28;2025-12-17;6;256
28;2025-12-17;7;813
28;2025-12-17;8;1305
28;2025-12-17;9;870
28;2025-12-17;10;612
28;2025-12-17;11;575
28;2025-12-17;12;695
28;2025-12-17;13;701
28;2025-12-17;14;701
28;2025-12-17;15;739
28;2025-12-17;16;917
28;2025-12-17;17;1091
28;2025-12-17;18;1059
28;2025-12-17;19;829
28;2025-12-17;20;558
28;2025-12-17;21;350
28;2025-12-17;22;118
28;2025-12-17;23;10
28;2025-12-18;0;0
28;2025-12-18;1;0
28;2025-12-18;2;0
28;2025-12-18;3;0
28;2025-12-18;4;1
28;2025-12-18;5;79
28;2025-12-18;6;256
28;2025-12-18;7;813
28;2025-12-18;8;1305
28;2025-12-18;9;870
28;2025-12-18;10;612
28;2025-12-18;11;575
28;2025-12-18;12;695
28;2025-12-18;13;701
28;2025-12-18;14;701
28;2025-12-18;15;739
28;2025-12-18;16;917
28;2025-12-18;17;1091
28;2025-12-18;18;1059
28;2025-12-18;19;829
28;2025-12-18;20;558
28;2025-12-18;21;350
28;2025-12-18;22;118
28;2025-12-18;23;10
28;2025-12-19;0;0
28;2025-12-19;1;0
28;2025-12-19;2;0
28;2025-12-19;3;0
28;2025-12-19;4;2
28;2025-12-19;5;83
28;2025-12-19;6;293
28;2025-12-19;7;889
28;2025-12-19;8;1402
28;2025-12-19;9;895
28;2025-12-19;10;634
28;2025-12-19;11;605
28;2025-12-19;12;856
28;2025-12-19;13;759
28;2025-12-19;14;732
28;2025-12-19;15;766
28;2025-12-19;16;984
28;2025-12-19;17;981
28;2025-12-19;18;876
28;2025-12-19;19;658
28;2025-12-19;20;445
28;2025-12-19;21;360
28;2025-12-19;22;117
28;2025-12-19;23;21
28;2025-12-20;0;1
28;2025-12-20;1;0
28;2025-12-20;2;0
28;2025-12-20;3;0
28;2025-12-20;4;1
28;2025-12-20;5;40
28;2025-12-20;6;113
28;2025-12-20;7;242
28;2025-12-20;8;431
28;2025-12-20;9;489
28;2025-12-20;10;522
28;2025-12-20;11;524
28;2025-12-20;12;616
28;2025-12-20;13;635
28;2025-12-20;14;587
28;2025-12-20;15;612
28;2025-12-20;16;630
28;2025-12-20;17;597
28;2025-12-20;18;528
28;2025-12-20;19;391
28;2025-12-20;20;286
28;2025-12-20;21;257
28;2025-12-20;22;110
28;2025-12-20;23;12
28;2025-12-21;0;0
28;2025-12-21;1;0
28;2025-12-21;2;0
28;2025-12-21;3;0
28;2025-12-21;4;0
28;2025-12-21;5;32
28;2025-12-21;6;74
28;2025-12-21;7;168
28;2025-12-21;8;276
28;2025-12-21;9;374
28;2025-12-21;10;418
28;2025-12-21;11;459
28;2025-12-21;12;476
28;2025-12-21;13;580
28;2025-12-21;14;565
28;2025-12-21;15;543
28;2025-12-21;16;479
28;2025-12-21;17;495
28;2025-12-21;18;461
28;2025-12-21;19;388
28;2025-12-21;20;317
28;2025-12-21;21;254
28;2025-12-21;22;108
28;2025-12-21;23;11
28;2025-12-22;0;0
28;2025-12-22;1;0
28;2025-12-22;2;0
28;2025-12-22;3;0
28;2025-12-22;4;2
28;2025-12-22;5;74
28;2025-12-22;6;281
28;2025-12-22;7;771
28;2025-12-22;8;1322
28;2025-12-22;9;826
28;2025-12-22;10;647
28;2025-12-22;11;537
28;2025-12-22;12;687
28;2025-12-22;13;706
28;2025-12-22;14;643
28;2025-12-22;15;621
28;2025-12-22;16;908
28;2025-12-22;17;1027
28;2025-12-22;18;952
28;2025-12-22;19;741
28;2025-12-22;20;475
28;2025-12-22;21;310
28;2025-12-22;22;105
28;2025-12-22;23;3
28;2025-12-23;0;0
28;2025-12-23;1;0
28;2025-12-23;2;0
28;2025-12-23;3;0
28;2025-12-23;4;1
28;2025-12-23;5;79
28;2025-12-23;6;256
28;2025-12-23;7;813
28;2025-12-23;8;1305
28;2025-12-23;9;870
28;2025-12-23;10;612
28;2025-12-23;11;575
28;2025-12-23;12;695
28;2025-12-23;13;701
28;2025-12-23;14;701
28;2025-12-23;15;739
28;2025-12-23;16;917
28;2025-12-23;17;1091
28;2025-12-23;18;1059
28;2025-12-23;19;829
28;2025-12-23;20;558
28;2025-12-23;21;350
28;2025-12-23;22;118
28;2025-12-23;23;10
28;2025-12-24;0;0
28;2025-12-24;1;0
28;2025-12-24;2;0
28;2025-12-24;3;0
28;2025-12-24;4;1
28;2025-12-24;5;79
28;2025-12-24;6;256
28;2025-12-24;7;813
28;2025-12-24;8;1305
28;2025-12-24;9;870
28;2025-12-24;10;612
28;2025-12-24;11;575
28;2025-12-24;12;671
28;2025-12-24;13;677
28;2025-12-24;14;701
28;2025-12-24;15;714
28;2025-12-24;16;917
28;2025-12-24;17;1091
28;2025-12-24;18;1023
28;2025-12-24;19;829
28;2025-12-24;20;558
28;2025-12-24;21;338
28;2025-12-24;22;114
28;2025-12-24;23;10
28;2025-12-25;0;0
28;2025-12-25;1;0
28;2025-12-25;2;0
28;2025-12-25;3;0
28;2025-12-25;4;1
28;2025-12-25;5;79
28;2025-12-25;6;248
28;2025-12-25;7;813
28;2025-12-25;8;1305
28;2025-12-25;9;870
28;2025-12-25;10;612
28;2025-12-25;11;575
28;2025-12-25;12;695
28;2025-12-25;13;701
28;2025-12-25;14;701
28;2025-12-25;15;739
28;2025-12-25;16;917
28;2025-12-25;17;1054
28;2025-12-25;18;1023
28;2025-12-25;19;801
28;2025-12-25;20;540
28;2025-12-25;21;338
28;2025-12-25;22;110
28;2025-12-25;23;10
28;2025-12-26;0;0
28;2025-12-26;1;0
28;2025-12-26;2;0
28;2025-12-26;3;0
28;2025-12-26;4;2
28;2025-12-26;5;80
28;2025-12-26;6;274
28;2025-12-26;7;859
28;2025-12-26;8;1354
28;2025-12-26;9;864
28;2025-12-26;10;612
28;2025-12-26;11;566
28;2025-12-26;12;827
28;2025-12-26;13;733
28;2025-12-26;14;707
28;2025-12-26;15;740
28;2025-12-26;16;951
28;2025-12-26;17;981
28;2025-12-26;18;876
28;2025-12-26;19;636
28;2025-12-26;20;429
28;2025-12-26;21;348
28;2025-12-26;22;113
28;2025-12-26;23;21
28;2025-12-27;0;1
28;2025-12-27;1;0
28;2025-12-27;2;0
28;2025-12-27;3;0
28;2025-12-27;4;1
28;2025-12-27;5;40
28;2025-12-27;6;113
28;2025-12-27;7;242
28;2025-12-27;8;431
28;2025-12-27;9;473
28;2025-12-27;10;522
28;2025-12-27;11;524
28;2025-12-27;12;616
28;2025-12-27;13;635
28;2025-12-27;14;587
28;2025-12-27;15;612
28;2025-12-27;16;630
28;2025-12-27;17;597
28;2025-12-27;18;528
28;2025-12-27;19;391
28;2025-12-27;20;286
28;2025-12-27;21;248
28;2025-12-27;22;106
28;2025-12-27;23;11
28;2025-12-28;0;0
28;2025-12-28;1;0
28;2025-12-28;2;0
28;2025-12-28;3;0
28;2025-12-28;4;0
28;2025-12-28;5;31
28;2025-12-28;6;74
28;2025-12-28;7;168
28;2025-12-28;8;267
28;2025-12-28;9;361
28;2025-12-28;10;403
28;2025-12-28;11;443
28;2025-12-28;12;459
28;2025-12-28;13;560
28;2025-12-28;14;546
28;2025-12-28;15;524
28;2025-12-28;16;479
28;2025-12-28;17;495
28;2025-12-28;18;461
28;2025-12-28;19;388
28;2025-12-28;20;306
28;2025-12-28;21;245
28;2025-12-28;22;108
28;2025-12-28;23;11
28;2025-12-29;0;0
28;2025-12-29;1;0
28;2025-12-29;2;0
28;2025-12-29;3;0
28;2025-12-29;4;2
28;2025-12-29;5;61
28;2025-12-29;6;239
28;2025-12-29;7;656
28;2025-12-29;8;1085
28;2025-12-29;9;702
28;2025-12-29;10;550
28;2025-12-29;11;457
28;2025-12-29;12;584
28;2025-12-29;13;580
28;2025-12-29;14;528
28;2025-12-29;15;528
28;2025-12-29;16;746
28;2025-12-29;17;843
28;2025-12-29;18;809
28;2025-12-29;19;609
28;2025-12-29;20;390
28;2025-12-29;21;254
28;2025-12-29;22;89
28;2025-12-29;23;3
28;2025-12-30;0;0
28;2025-12-30;1;0
28;2025-12-30;2;0
28;2025-12-30;3;0
28;2025-12-30;4;1
28;2025-12-30;5;65
28;2025-12-30;6;211
28;2025-12-30;7;667
28;2025-12-30;8;1072
28;2025-12-30;9;714
28;2025-12-30;10;503
28;2025-12-30;11;472
28;2025-12-30;12;570
28;2025-12-30;13;575
28;2025-12-30;14;575
28;2025-12-30;15;607
28;2025-12-30;16;753
28;2025-12-30;17;896
28;2025-12-30;18;870
28;2025-12-30;19;681
28;2025-12-30;20;459
28;2025-12-30;21;288
28;2025-12-30;22;97
28;2025-12-30;23;9
28;2025-12-31;0;0
28;2025-12-31;1;0
28;2025-12-31;2;0
28;2025-12-31;3;0
28;2025-12-31;4;0
28;2025-12-31;5;26
28;2025-12-31;6;63
28;2025-12-31;7;143
28;2025-12-31;8;227
28;2025-12-31;9;307
28;2025-12-31;10;343
28;2025-12-31;11;377
28;2025-12-31;12;404
28;2025-12-31;13;476
28;2025-12-31;14;464
28;2025-12-31;15;446
28;2025-12-31;16;408
28;2025-12-31;17;421
28;2025-12-31;18;378
28;2025-12-31;19;319
28;2025-12-31;20;270
28;2025-12-31;21;216
28;2025-12-31;22;92
28;2025-12-31;23;9
50;2025-11-01;0;17
50;2025-11-01;1;0
50;2025-11-01;2;0
50;2025-11-01;3;0
50;2025-11-01;4;2
50;2025-11-01;5;35
50;2025-11-01;6;267
50;2025-11-01;7;915
50;2025-11-01;8;1426
50;2025-11-01;9;1081
50;2025-11-01;10;783
50;2025-11-01;11;771
50;2025-11-01;12;722
50;2025-11-01;13;784
50;2025-11-01;14;743
50;2025-11-01;15;913
50;2025-11-01;16;1165
50;2025-11-01;17;1118
50;2025-11-01;18;829
50;2025-11-01;19;627
50;2025-11-01;20;467
50;2025-11-01;21;292
50;2025-11-01;22;136
50;2025-11-01;23;89
50;2025-11-02;0;0
50;2025-11-02;1;0
50;2025-11-02;2;0
50;2025-11-02;3;0
50;2025-11-02;4;0
50;2025-11-02;5;0
50;2025-11-02;6;0
50;2025-11-02;7;0
50;2025-11-02;8;0
50;2025-11-02;9;0
50;2025-11-02;10;71
50;2025-11-02;11;65
50;2025-11-02;12;26
50;2025-11-02;13;53
50;2025-11-02;14;179
50;2025-11-02;15;162
50;2025-11-02;16;166
50;2025-11-02;17;349
50;2025-11-02;18;190
50;2025-11-02;19;192
50;2025-11-02;20;154
50;2025-11-02;21;92
50;2025-11-02;22;114
50;2025-11-02;23;29
50;2025-11-03;0;34
50;2025-11-03;1;0
50;2025-11-03;2;0
50;2025-11-03;3;0
50;2025-11-03;4;1
50;2025-11-03;5;39
50;2025-11-03;6;174
50;2025-11-03;7;315
50;2025-11-03;8;497
50;2025-11-03;9;550
50;2025-11-03;10;597
50;2025-11-03;11;728
50;2025-11-03;12;738
50;2025-11-03;13;756
50;2025-11-03;14;806
50;2025-11-03;15;740
50;2025-11-03;16;760
50;2025-11-03;17;877
50;2025-11-03;18;840
50;2025-11-03;19;730
50;2025-11-03;20;718
50;2025-11-03;21;469
50;2025-11-03;22;291
50;2025-11-03;23;151
50;2025-11-04;0;33
50;2025-11-04;1;0
50;2025-11-04;2;0
50;2025-11-04;3;0
50;2025-11-04;4;1
50;2025-11-04;5;39
50;2025-11-04;6;174
50;2025-11-04;7;315
50;2025-11-04;8;480
50;2025-11-04;9;531
50;2025-11-04;10;577
50;2025-11-04;11;728
50;2025-11-04;12;716
50;2025-11-04;13;733
50;2025-11-04;14;834
50;2025-11-04;15;766
50;2025-11-04;16;760
50;2025-11-04;17;877
50;2025-11-04;18;840
50;2025-11-04;19;730
50;2025-11-04;20;718
50;2025-11-04;21;469
50;2025-11-04;22;291
50;2025-11-04;23;151
50;2025-11-05;0;26
50;2025-11-05;1;2
50;2025-11-05;2;0
50;2025-11-05;3;0
50;2025-11-05;4;3
50;2025-11-05;5;72
50;2025-11-05;6;565
50;2025-11-05;7;1804
50;2025-11-05;8;2990
50;2025-11-05;9;2275
50;2025-11-05;10;1823
50;2025-11-05;11;1573
50;2025-11-05;12;1550
50;2025-11-05;13;1534
50;2025-11-05;14;1452
50;2025-11-05;15;1754
50;2025-11-05;16;1773
50;2025-11-05;17;2509
50;2025-11-05;18;2554
50;2025-11-05;19;1531
50;2025-11-05;20;995
50;2025-11-05;21;684
50;2025-11-05;22;259
50;2025-11-05;23;154
50;2025-11-06;0;26
50;2025-11-06;1;2
50;2025-11-06;2;0
50;2025-11-06;3;0
50;2025-11-06;4;3
50;2025-11-06;5;72
50;2025-11-06;6;565
50;2025-11-06;7;1804
50;2025-11-06;8;2990
50;2025-11-06;9;2275
50;2025-11-06;10;1823
50;2025-11-06;11;1519
50;2025-11-06;12;1550
50;2025-11-06;13;1534
50;2025-11-06;14;1452
50;2025-11-06;15;1694
50;2025-11-06;16;1713
50;2025-11-06;17;2509
50;2025-11-06;18;2554
50;2025-11-06;19;1531
50;2025-11-06;20;932
50;2025-11-06;21;684
50;2025-11-06;22;259
50;2025-11-06;23;149
50;2025-11-07;0;33
50;2025-11-07;1;0
50;2025-11-07;2;0
50;2025-11-07;3;0
50;2025-11-07;4;4
50;2025-11-07;5;65
50;2025-11-07;6;514
50;2025-11-07;7;1762
50;2025-11-07;8;2653
50;2025-11-07;9;2012
50;2025-11-07;10;1508
50;2025-11-07;11;1486
50;2025-11-07;12;1391
50;2025-11-07;13;1510
50;2025-11-07;14;1433
50;2025-11-07;15;1758
50;2025-11-07;16;2245
50;2025-11-07;17;2154
50;2025-11-07;18;1597
50;2025-11-07;19;1207
50;2025-11-07;20;900
50;2025-11-07;21;562
50;2025-11-07;22;261
50;2025-11-07;23;171
50;2025-11-08;0;192
50;2025-11-08;1;17
50;2025-11-08;2;0
50;2025-11-08;3;0
50;2025-11-08;4;0
50;2025-11-08;5;1
50;2025-11-08;6;1
50;2025-11-08;7;6
50;2025-11-08;8;3
50;2025-11-08;9;69
50;2025-11-08;10;38
50;2025-11-08;11;53
50;2025-11-08;12;119
50;2025-11-08;13;59
50;2025-11-08;14;74
50;2025-11-08;15;138
50;2025-11-08;16;70
50;2025-11-08;17;74
50;2025-11-08;18;21
50;2025-11-08;19;0
50;2025-11-08;20;19
50;2025-11-08;21;0
50;2025-11-08;22;13
50;2025-11-08;23;0
50;2025-11-09;0;0
50;2025-11-09;1;0
50;2025-11-09;2;0
50;2025-11-09;3;0
50;2025-11-09;4;0
50;2025-11-09;5;0
50;2025-11-09;6;0
50;2025-11-09;7;0
50;2025-11-09;8;0
50;2025-11-09;9;0
50;2025-11-09;10;71
50;2025-11-09;11;65
50;2025-11-09;12;26
50;2025-11-09;13;55
50;2025-11-09;14;179
50;2025-11-09;15;162
50;2025-11-09;16;166
50;2025-11-09;17;349
50;2025-11-09;18;190
50;2025-11-09;19;192
50;2025-11-09;20;154
50;2025-11-09;21;92
50;2025-11-09;22;114
50;2025-11-09;23;29
50;2025-11-10;0;7
50;2025-11-10;1;2
50;2025-11-10;2;0
50;2025-11-10;3;0
50;2025-11-10;4;4
50;2025-11-10;5;72
50;2025-11-10;6;531
50;2025-11-10;7;1735
50;2025-11-10;8;2888
50;2025-11-10;9;2345
50;2025-11-10;10;1673
50;2025-11-10;11;1478
50;2025-11-10;12;1313
50;2025-11-10;13;1525
50;2025-11-10;14;1419
50;2025-11-10;15;1638
50;2025-11-10;16;1670
50;2025-11-10;17;2339
50;2025-11-10;18;2552
50;2025-11-10;19;1265
50;2025-11-10;20;868
50;2025-11-10;21;643
50;2025-11-10;22;211
50;2025-11-10;23;112
50;2025-11-11;0;26
50;2025-11-11;1;2
50;2025-11-11;2;0
50;2025-11-11;3;0
50;2025-11-11;4;3
50;2025-11-11;5;72
50;2025-11-11;6;565
50;2025-11-11;7;1804
50;2025-11-11;8;2990
50;2025-11-11;9;2275
50;2025-11-11;10;1823
50;2025-11-11;11;1573
50;2025-11-11;12;1550
50;2025-11-11;13;1534
50;2025-11-11;14;1452
50;2025-11-11;15;1754
50;2025-11-11;16;1773
50;2025-11-11;17;2509
50;2025-11-11;18;2554
50;2025-11-11;19;1531
50;2025-11-11;20;995
50;2025-11-11;21;684
50;2025-11-11;22;259
50;2025-11-11;23;154
50;2025-11-12;0;26
50;2025-11-12;1;2
50;2025-11-12;2;0
50;2025-11-12;3;0
50;2025-11-12;4;3
50;2025-11-12;5;72
50;2025-11-12;6;565
50;2025-11-12;7;1804
50;2025-11-12;8;2990
50;2025-11-12;9;2275
50;2025-11-12;10;1761
50;2025-11-12;11;1519
50;2025-11-12;12;1498
50;2025-11-12;13;1482
50;2025-11-12;14;1403
50;2025-11-12;15;1694
50;2025-11-12;16;1773
50;2025-11-12;17;2509
50;2025-11-12;18;2467
50;2025-11-12;19;1531
50;2025-11-12;20;995
50;2025-11-12;21;684
50;2025-11-12;22;259
50;2025-11-12;23;154
50;2025-11-13;0;26
50;2025-11-13;1;2
50;2025-11-13;2;0
50;2025-11-13;3;0
50;2025-11-13;4;3
50;2025-11-13;5;72
50;2025-11-13;6;546
50;2025-11-13;7;1804
50;2025-11-13;8;2990
50;2025-11-13;9;2275
50;2025-11-13;10;1823
50;2025-11-13;11;1573
50;2025-11-13;12;1550
50;2025-11-13;13;1534
50;2025-11-13;14;1452
50;2025-11-13;15;1754
50;2025-11-13;16;1773
50;2025-11-13;17;2509
50;2025-11-13;18;2554
50;2025-11-13;19;1531
50;2025-11-13;20;995
50;2025-11-13;21;684
50;2025-11-13;22;259
50;2025-11-13;23;154
50;2025-11-14;0;33
50;2025-11-14;1;0
50;2025-11-14;2;0
50;2025-11-14;3;0
50;2025-11-14;4;4
50;2025-11-14;5;68
50;2025-11-14;6;514
50;2025-11-14;7;1762
50;2025-11-14;8;2747
50;2025-11-14;9;2083
50;2025-11-14;10;1508
50;2025-11-14;11;1486
50;2025-11-14;12;1391
50;2025-11-14;13;1510
50;2025-11-14;14;1433
50;2025-11-14;15;1758
50;2025-11-14;16;2245
50;2025-11-14;17;2154
50;2025-11-14;18;1597
50;2025-11-14;19;1207
50;2025-11-14;20;870
50;2025-11-14;21;543
50;2025-11-14;22;253
50;2025-11-14;23;165
50;2025-11-15;0;180
50;2025-11-15;1;16
50;2025-11-15;2;0
50;2025-11-15;3;0
50;2025-11-15;4;0
50;2025-11-15;5;1
50;2025-11-15;6;1
50;2025-11-15;7;6
50;2025-11-15;8;3
50;2025-11-15;9;64
50;2025-11-15;10;36
50;2025-11-15;11;50
50;2025-11-15;12;115
50;2025-11-15;13;57
50;2025-11-15;14;74
50;2025-11-15;15;138
50;2025-11-15;16;70
50;2025-11-15;17;74
50;2025-11-15;18;21
50;2025-11-15;19;0
50;2025-11-15;20;19
50;2025-11-15;21;0
50;2025-11-15;22;13
50;2025-11-15;23;0
50;2025-11-16;0;0
50;2025-11-16;1;0
50;2025-11-16;2;0
50;2025-11-16;3;0
50;2025-11-16;4;0
50;2025-11-16;5;0
50;2025-11-16;6;0
50;2025-11-16;7;0
50;2025-11-16;8;0
50;2025-11-16;9;0
50;2025-11-16;10;71
50;2025-11-16;11;65
50;2025-11-16;12;26
50;2025-11-16;13;55
50;2025-11-16;14;179
50;2025-11-16;15;162
50;2025-11-16;16;166
50;2025-11-16;17;349
50;2025-11-16;18;190
50;2025-11-16;19;192
50;2025-11-16;20;154
50;2025-11-16;21;92
50;2025-11-16;22;114
50;2025-11-16;23;29
50;2025-11-17;0;7
50;2025-11-17;1;2
50;2025-11-17;2;0
50;2025-11-17;3;0
50;2025-11-17;4;4
50;2025-11-17;5;72
50;2025-11-17;6;531
50;2025-11-17;7;1735
50;2025-11-17;8;2888
50;2025-11-17;9;2345
50;2025-11-17;10;1616
50;2025-11-17;11;1428
50;2025-11-17;12;1268
50;2025-11-17;13;1429
50;2025-11-17;14;1330
50;2025-11-17;15;1582
50;2025-11-17;16;1614
50;2025-11-17;17;2260
50;2025-11-17;18;2552
50;2025-11-17;19;1265
50;2025-11-17;20;868
50;2025-11-17;21;621
50;2025-11-17;22;211
50;2025-11-17;23;112
50;2025-11-18;0;26
50;2025-11-18;1;2
50;2025-11-18;2;0
50;2025-11-18;3;0
50;2025-11-18;4;3
50;2025-11-18;5;67
50;2025-11-18;6;546
50;2025-11-18;7;1804
50;2025-11-18;8;2888
50;2025-11-18;9;2131
50;2025-11-18;10;1708
50;2025-11-18;11;1519
50;2025-11-18;12;1498
50;2025-11-18;13;1438
50;2025-11-18;14;1361
50;2025-11-18;15;1694
50;2025-11-18;16;1773
50;2025-11-18;17;2509
50;2025-11-18;18;2467
50;2025-11-18;19;1479
50;2025-11-18;20;961
50;2025-11-18;21;684
50;2025-11-18;22;259
50;2025-11-18;23;154
50;2025-11-19;0;26
50;2025-11-19;1;2
50;2025-11-19;2;0
50;2025-11-19;3;0
50;2025-11-19;4;3
50;2025-11-19;5;72
50;2025-11-19;6;565
50;2025-11-19;7;1804
50;2025-11-19;8;2990
50;2025-11-19;9;2275
50;2025-11-19;10;1823
50;2025-11-19;11;1573
50;2025-11-19;12;1550
50;2025-11-19;13;1534
50;2025-11-19;14;1452
50;2025-11-19;15;1754
50;2025-11-19;16;1773
50;2025-11-19;17;2509
50;2025-11-19;18;2554
50;2025-11-19;19;1531
50;2025-11-19;20;995
50;2025-11-19;21;684
50;2025-11-19;22;259
50;2025-11-19;23;154
50;2025-11-20;0;26
50;2025-11-20;1;2
50;2025-11-20;2;0
50;2025-11-20;3;0
50;2025-11-20;4;3
50;2025-11-20;5;72
50;2025-11-20;6;565
50;2025-11-20;7;1804
50;2025-11-20;8;2990
50;2025-11-20;9;2275
50;2025-11-20;10;1823
50;2025-11-20;11;1573
50;2025-11-20;12;1550
50;2025-11-20;13;1534
50;2025-11-20;14;1452
50;2025-11-20;15;1754
50;2025-11-20;16;1773
50;2025-11-20;17;2509
50;2025-11-20;18;2554
50;2025-11-20;19;1531
50;2025-11-20;20;995
50;2025-11-20;21;684
50;2025-11-20;22;259
50;2025-11-20;23;154
50;2025-11-21;0;33
50;2025-11-21;1;0
50;2025-11-21;2;0
50;2025-11-21;3;0
50;2025-11-21;4;3
50;2025-11-21;5;65
50;2025-11-21;6;497
50;2025-11-21;7;1702
50;2025-11-21;8;2747
50;2025-11-21;9;2083
50;2025-11-21;10;1508
50;2025-11-21;11;1486
50;2025-11-21;12;1343
50;2025-11-21;13;1510
50;2025-11-21;14;1433
50;2025-11-21;15;1758
50;2025-11-21;16;2245
50;2025-11-21;17;2154
50;2025-11-21;18;1597
50;2025-11-21;19;1207
50;2025-11-21;20;900
50;2025-11-21;21;562
50;2025-11-21;22;261
50;2025-11-21;23;171
50;2025-11-22;0;192
50;2025-11-22;1;17
50;2025-11-22;2;0
50;2025-11-22;3;0
50;2025-11-22;4;0
50;2025-11-22;5;1
50;2025-11-22;6;1
50;2025-11-22;7;6
50;2025-11-22;8;3
50;2025-11-22;9;66
50;2025-11-22;10;38
50;2025-11-22;11;53
50;2025-11-22;12;119
50;2025-11-22;13;59
50;2025-11-22;14;74
50;2025-11-22;15;138
50;2025-11-22;16;70
50;2025-11-22;17;74
50;2025-11-22;18;21
50;2025-11-22;19;0
50;2025-11-22;20;19
50;2025-11-22;21;0
50;2025-11-22;22;12
50;2025-11-22;23;0
50;2025-11-23;0;0
50;2025-11-23;1;0
50;2025-11-23;2;0
50;2025-11-23;3;0
50;2025-11-23;4;0
50;2025-11-23;5;0
50;2025-11-23;6;0
50;2025-11-23;7;0
50;2025-11-23;8;0
50;2025-11-23;9;0
50;2025-11-23;10;71
50;2025-11-23;11;65
50;2025-11-23;12;26
50;2025-11-23;13;55
50;2025-11-23;14;179
50;2025-11-23;15;162
50;2025-11-23;16;166
50;2025-11-23;17;349
50;2025-11-23;18;190
50;2025-11-23;19;192
50;2025-11-23;20;154
50;2025-11-23;21;92
50;2025-11-23;22;114
50;2025-11-23;23;29
50;2025-11-24;0;7
50;2025-11-24;1;2
50;2025-11-24;2;0
50;2025-11-24;3;0
50;2025-11-24;4;3
50;2025-11-24;5;67
50;2025-11-24;6;497
50;2025-11-24;7;1676
50;2025-11-24;8;2790
50;2025-11-24;9;2265
50;2025-11-24;10;1568
50;2025-11-24;11;1385
50;2025-11-24;12;1268
50;2025-11-24;13;1473
50;2025-11-24;14;1371
50;2025-11-24;15;1582
50;2025-11-24;16;1670
50;2025-11-24;17;2339
50;2025-11-24;18;2552
50;2025-11-24;19;1265
50;2025-11-24;20;868
50;2025-11-24;21;643
50;2025-11-24;22;211
50;2025-11-24;23;112
50;2025-11-25;0;26
50;2025-11-25;1;2
50;2025-11-25;2;0
50;2025-11-25;3;0
50;2025-11-25;4;3
50;2025-11-25;5;72
50;2025-11-25;6;565
50;2025-11-25;7;1804
50;2025-11-25;8;2990
50;2025-11-25;9;2275
50;2025-11-25;10;1823
50;2025-11-25;11;1573
50;2025-11-25;12;1550
50;2025-11-25;13;1534
50;2025-11-25;14;1452
50;2025-11-25;15;1754
50;2025-11-25;16;1773
50;2025-11-25;17;2509
50;2025-11-25;18;2554
50;2025-11-25;19;1531
50;2025-11-25;20;995
50;2025-11-25;21;684
50;2025-11-25;22;259
50;2025-11-25;23;154
50;2025-11-26;0;25
50;2025-11-26;1;2
50;2025-11-26;2;0
50;2025-11-26;3;0
50;2025-11-26;4;3
50;2025-11-26;5;67
50;2025-11-26;6;530
50;2025-11-26;7;1743
50;2025-11-26;8;2888
50;2025-11-26;9;2197
50;2025-11-26;10;1761
50;2025-11-26;11;1519
50;2025-11-26;12;1498
50;2025-11-26;13;1482
50;2025-11-26;14;1403
50;2025-11-26;15;1694
50;2025-11-26;16;1713
50;2025-11-26;17;2423
50;2025-11-26;18;2467
50;2025-11-26;19;1479
50;2025-11-26;20;961
50;2025-11-26;21;661
50;2025-11-26;22;250
50;2025-11-26;23;149
50;2025-11-27;0;25
50;2025-11-27;1;2
50;2025-11-27;2;0
50;2025-11-27;3;0
50;2025-11-27;4;3
50;2025-11-27;5;72
50;2025-11-27;6;565
50;2025-11-27;7;1804
50;2025-11-27;8;2990
50;2025-11-27;9;2275
50;2025-11-27;10;1823
50;2025-11-27;11;1519
50;2025-11-27;12;1498
50;2025-11-27;13;1482
50;2025-11-27;14;1403
50;2025-11-27;15;1754
50;2025-11-27;16;1773
50;2025-11-27;17;2423
50;2025-11-27;18;2393
50;2025-11-27;19;1479
50;2025-11-27;20;961
50;2025-11-27;21;661
50;2025-11-27;22;242
50;2025-11-27;23;144
50;2025-11-28;0;31
50;2025-11-28;1;0
50;2025-11-28;2;0
50;2025-11-28;3;0
50;2025-11-28;4;3
50;2025-11-28;5;65
50;2025-11-28;6;514
50;2025-11-28;7;1762
50;2025-11-28;8;2747
50;2025-11-28;9;2083
50;2025-11-28;10;1508
50;2025-11-28;11;1486
50;2025-11-28;12;1391
50;2025-11-28;13;1510
50;2025-11-28;14;1433
50;2025-11-28;15;1758
50;2025-11-28;16;2245
50;2025-11-28;17;2154
50;2025-11-28;18;1597
50;2025-11-28;19;1207
50;2025-11-28;20;900
50;2025-11-28;21;562
50;2025-11-28;22;261
50;2025-11-28;23;171
50;2025-11-29;0;192
50;2025-11-29;1;17
50;2025-11-29;2;0
50;2025-11-29;3;0
50;2025-11-29;4;0
50;2025-11-29;5;1
50;2025-11-29;6;1
50;2025-11-29;7;6
50;2025-11-29;8;3
50;2025-11-29;9;69
50;2025-11-29;10;38
50;2025-11-29;11;53
50;2025-11-29;12;119
50;2025-11-29;13;59
50;2025-11-29;14;74
50;2025-11-29;15;138
50;2025-11-29;16;70
50;2025-11-29;17;74
50;2025-11-29;18;21
50;2025-11-29;19;0
50;2025-11-29;20;19
50;2025-11-29;21;0
50;2025-11-29;22;13
50;2025-11-29;23;0
50;2025-11-30;0;0
50;2025-11-30;1;0
50;2025-11-30;2;0
50;2025-11-30;3;0
50;2025-11-30;4;0
50;2025-11-30;5;0
50;2025-11-30;6;0
50;2025-11-30;7;0
50;2025-11-30;8;0
50;2025-11-30;9;0
50;2025-11-30;10;71
50;2025-11-30;11;65
50;2025-11-30;12;26
50;2025-11-30;13;55
50;2025-11-30;14;179
50;2025-11-30;15;162
50;2025-11-30;16;166
50;2025-11-30;17;349
50;2025-11-30;18;190
50;2025-11-30;19;192
50;2025-11-30;20;154
50;2025-11-30;21;92
50;2025-11-30;22;114
50;2025-11-30;23;29
50;2025-12-01;0;7
50;2025-12-01;1;2
50;2025-12-01;2;0
50;2025-12-01;3;0
50;2025-12-01;4;4
50;2025-12-01;5;72
50;2025-12-01;6;531
50;2025-12-01;7;1736
50;2025-12-01;8;2890
50;2025-12-01;9;2346
50;2025-12-01;10;1674
50;2025-12-01;11;1479
50;2025-12-01;12;1314
50;2025-12-01;13;1526
50;2025-12-01;14;1420
50;2025-12-01;15;1639
50;2025-12-01;16;1671
50;2025-12-01;17;2341
50;2025-12-01;18;2554
50;2025-12-01;19;1266
50;2025-12-01;20;869
50;2025-12-01;21;643
50;2025-12-01;22;211
50;2025-12-01;23;112
50;2025-12-02;0;26
50;2025-12-02;1;2
50;2025-12-02;2;0
50;2025-12-02;3;0
50;2025-12-02;4;3
50;2025-12-02;5;72
50;2025-12-02;6;566
50;2025-12-02;7;1805
50;2025-12-02;8;2991
50;2025-12-02;9;2276
50;2025-12-02;10;1824
50;2025-12-02;11;1574
50;2025-12-02;12;1551
50;2025-12-02;13;1535
50;2025-12-02;14;1453
50;2025-12-02;15;1755
50;2025-12-02;16;1775
50;2025-12-02;17;2510
50;2025-12-02;18;2556
50;2025-12-02;19;1532
50;2025-12-02;20;995
50;2025-12-02;21;684
50;2025-12-02;22;259
50;2025-12-02;23;154
50;2025-12-03;0;26
50;2025-12-03;1;2
50;2025-12-03;2;0
50;2025-12-03;3;0
50;2025-12-03;4;3
50;2025-12-03;5;72
50;2025-12-03;6;566
50;2025-12-03;7;1805
50;2025-12-03;8;2991
50;2025-12-03;9;2276
50;2025-12-03;10;1824
50;2025-12-03;11;1574
50;2025-12-03;12;1551
50;2025-12-03;13;1535
50;2025-12-03;14;1453
50;2025-12-03;15;1755
50;2025-12-03;16;1775
50;2025-12-03;17;2510
50;2025-12-03;18;2556
50;2025-12-03;19;1532
50;2025-12-03;20;995
50;2025-12-03;21;684
50;2025-12-03;22;259
50;2025-12-03;23;154
50;2025-12-04;0;26
50;2025-12-04;1;2
50;2025-12-04;2;0
50;2025-12-04;3;0
50;2025-12-04;4;3
50;2025-12-04;5;72
50;2025-12-04;6;566
50;2025-12-04;7;1805
50;2025-12-04;8;2991
50;2025-12-04;9;2276
50;2025-12-04;10;1824
50;2025-12-04;11;1574
50;2025-12-04;12;1551
50;2025-12-04;13;1535
50;2025-12-04;14;1453
50;2025-12-04;15;1755
50;2025-12-04;16;1775
50;2025-12-04;17;2510
50;2025-12-04;18;2556
50;2025-12-04;19;1532
50;2025-12-04;20;995
50;2025-12-04;21;684
50;2025-12-04;22;259
50;2025-12-04;23;154
50;2025-12-05;0;33
50;2025-12-05;1;0
50;2025-12-05;2;0
50;2025-12-05;3;0
50;2025-12-05;4;4
50;2025-12-05;5;68
50;2025-12-05;6;515
50;2025-12-05;7;1763
50;2025-12-05;8;2748
50;2025-12-05;9;2084
50;2025-12-05;10;1509
50;2025-12-05;11;1487
50;2025-12-05;12;1392
50;2025-12-05;13;1511
50;2025-12-05;14;1433
50;2025-12-05;15;1759
50;2025-12-05;16;2246
50;2025-12-05;17;2155
50;2025-12-05;18;1598
50;2025-12-05;19;1208
50;2025-12-05;20;901
50;2025-12-05;21;562
50;2025-12-05;22;262
50;2025-12-05;23;171
50;2025-12-06;0;61
50;2025-12-06;1;0
50;2025-12-06;2;0
50;2025-12-06;3;0
50;2025-12-06;4;0
50;2025-12-06;5;42
50;2025-12-06;6;176
50;2025-12-06;7;455
50;2025-12-06;8;596
50;2025-12-06;9;625
50;2025-12-06;10;664
50;2025-12-06;11;775
50;2025-12-06;12;721
50;2025-12-06;13;751
50;2025-12-06;14;858
50;2025-12-06;15;733
50;2025-12-06;16;734
50;2025-12-06;17;883
50;2025-12-06;18;854
50;2025-12-06;19;781
50;2025-12-06;20;680
50;2025-12-06;21;448
50;2025-12-06;22;286
50;2025-12-06;23;170
50;2025-12-07;0;34
50;2025-12-07;1;0
50;2025-12-07;2;0
50;2025-12-07;3;0
50;2025-12-07;4;1
50;2025-12-07;5;39
50;2025-12-07;6;174
50;2025-12-07;7;315
50;2025-12-07;8;497
50;2025-12-07;9;550
50;2025-12-07;10;597
50;2025-12-07;11;754
50;2025-12-07;12;764
50;2025-12-07;13;783
50;2025-12-07;14;835
50;2025-12-07;15;766
50;2025-12-07;16;760
50;2025-12-07;17;878
50;2025-12-07;18;841
50;2025-12-07;19;731
50;2025-12-07;20;719
50;2025-12-07;21;469
50;2025-12-07;22;291
50;2025-12-07;23;151
50;2025-12-08;0;7
50;2025-12-08;1;2
50;2025-12-08;2;0
50;2025-12-08;3;0
50;2025-12-08;4;4
50;2025-12-08;5;72
50;2025-12-08;6;531
50;2025-12-08;7;1736
50;2025-12-08;8;2890
50;2025-12-08;9;2346
50;2025-12-08;10;1674
50;2025-12-08;11;1479
50;2025-12-08;12;1314
50;2025-12-08;13;1526
50;2025-12-08;14;1420
50;2025-12-08;15;1639
50;2025-12-08;16;1671
50;2025-12-08;17;2341
50;2025-12-08;18;2554
50;2025-12-08;19;1266
50;2025-12-08;20;869
50;2025-12-08;21;643
50;2025-12-08;22;211
50;2025-12-08;23;112
50;2025-12-09;0;26
50;2025-12-09;1;2
50;2025-12-09;2;0
50;2025-12-09;3;0
50;2025-12-09;4;3
50;2025-12-09;5;72
50;2025-12-09;6;566
50;2025-12-09;7;1805
50;2025-12-09;8;2991
50;2025-12-09;9;2276
50;2025-12-09;10;1824
50;2025-12-09;11;1574
50;2025-12-09;12;1551
50;2025-12-09;13;1535
50;2025-12-09;14;1453
50;2025-12-09;15;1755
50;2025-12-09;16;1775
50;2025-12-09;17;2510
50;2025-12-09;18;2556
50;2025-12-09;19;1532
50;2025-12-09;20;995
50;2025-12-09;21;684
50;2025-12-09;22;250
50;2025-12-09;23;149
50;2025-12-10;0;25
50;2025-12-10;1;2
50;2025-12-10;2;0
50;2025-12-10;3;0
50;2025-12-10;4;3
50;2025-12-10;5;70
50;2025-12-10;6;547
50;2025-12-10;7;1744
50;2025-12-10;8;2890
50;2025-12-10;9;2199
50;2025-12-10;10;1762
50;2025-12-10;11;1520
50;2025-12-10;12;1551
50;2025-12-10;13;1535
50;2025-12-10;14;1453
50;2025-12-10;15;1755
50;2025-12-10;16;1775
50;2025-12-10;17;2510
50;2025-12-10;18;2556
50;2025-12-10;19;1532
50;2025-12-10;20;995
50;2025-12-10;21;684
50;2025-12-10;22;259
50;2025-12-10;23;154
50;2025-12-11;0;26
50;2025-12-11;1;2
50;2025-12-11;2;0
50;2025-12-11;3;0
50;2025-12-11;4;3
50;2025-12-11;5;72
50;2025-12-11;6;566
50;2025-12-11;7;1805
50;2025-12-11;8;2803
50;2025-12-11;9;2199
50;2025-12-11;10;1762
50;2025-12-11;11;1520
50;2025-12-11;12;1499
50;2025-12-11;13;1483
50;2025-12-11;14;1453
50;2025-12-11;15;1695
50;2025-12-11;16;1714
50;2025-12-11;17;2425
50;2025-12-11;18;2469
50;2025-12-11;19;1480
50;2025-12-11;20;961
50;2025-12-11;21;661
50;2025-12-11;22;250
50;2025-12-11;23;154
50;2025-12-12;0;33
50;2025-12-12;1;0
50;2025-12-12;2;0
50;2025-12-12;3;0
50;2025-12-12;4;4
50;2025-12-12;5;68
50;2025-12-12;6;497
50;2025-12-12;7;1763
50;2025-12-12;8;2655
50;2025-12-12;9;2084
50;2025-12-12;10;1457
50;2025-12-12;11;1487
50;2025-12-12;12;1344
50;2025-12-12;13;1416
50;2025-12-12;14;1343
50;2025-12-12;15;1648
50;2025-12-12;16;2170
50;2025-12-12;17;2082
50;2025-12-12;18;1598
50;2025-12-12;19;1208
50;2025-12-12;20;901
50;2025-12-12;21;562
50;2025-12-12;22;253
50;2025-12-12;23;165
50;2025-12-13;0;61
50;2025-12-13;1;0
50;2025-12-13;2;0
50;2025-12-13;3;0
50;2025-12-13;4;0
50;2025-12-13;5;41
50;2025-12-13;6;176
50;2025-12-13;7;439
50;2025-12-13;8;596
50;2025-12-13;9;625
50;2025-12-13;10;664
50;2025-12-13;11;775
50;2025-12-13;12;721
50;2025-12-13;13;751
50;2025-12-13;14;858
50;2025-12-13;15;733
50;2025-12-13;16;734
50;2025-12-13;17;883
50;2025-12-13;18;854
50;2025-12-13;19;781
50;2025-12-13;20;657
50;2025-12-13;21;433
50;2025-12-13;22;286
50;2025-12-13;23;164
50;2025-12-14;0;33
50;2025-12-14;1;0
50;2025-12-14;2;0
50;2025-12-14;3;0
50;2025-12-14;4;1
50;2025-12-14;5;39
50;2025-12-14;6;174
50;2025-12-14;7;315
50;2025-12-14;8;481
50;2025-12-14;9;550
50;2025-12-14;10;597
50;2025-12-14;11;754
50;2025-12-14;12;764
50;2025-12-14;13;783
50;2025-12-14;14;835
50;2025-12-14;15;766
50;2025-12-14;16;760
50;2025-12-14;17;878
50;2025-12-14;18;841
50;2025-12-14;19;731
50;2025-12-14;20;719
50;2025-12-14;21;469
50;2025-12-14;22;291
50;2025-12-14;23;151
50;2025-12-15;0;7
50;2025-12-15;1;2
50;2025-12-15;2;0
50;2025-12-15;3;0
50;2025-12-15;4;4
50;2025-12-15;5;72
50;2025-12-15;6;531
50;2025-12-15;7;1736
50;2025-12-15;8;2890
50;2025-12-15;9;2346
50;2025-12-15;10;1674
50;2025-12-15;11;1429
50;2025-12-15;12;1314
50;2025-12-15;13;1526
50;2025-12-15;14;1420
50;2025-12-15;15;1639
50;2025-12-15;16;1671
50;2025-12-15;17;2341
50;2025-12-15;18;2554
50;2025-12-15;19;1266
50;2025-12-15;20;869
50;2025-12-15;21;643
50;2025-12-15;22;211
50;2025-12-15;23;112
50;2025-12-16;0;26
50;2025-12-16;1;2
50;2025-12-16;2;0
50;2025-12-16;3;0
50;2025-12-16;4;3
50;2025-12-16;5;72
50;2025-12-16;6;566
50;2025-12-16;7;1805
50;2025-12-16;8;2991
50;2025-12-16;9;2276
50;2025-12-16;10;1762
50;2025-12-16;11;1520
50;2025-12-16;12;1499
50;2025-12-16;13;1439
50;2025-12-16;14;1404
50;2025-12-16;15;1755
50;2025-12-16;16;1775
50;2025-12-16;17;2510
50;2025-12-16;18;2556
50;2025-12-16;19;1532
50;2025-12-16;20;995
50;2025-12-16;21;684
50;2025-12-16;22;259
50;2025-12-16;23;154
50;2025-12-17;0;25
50;2025-12-17;1;2
50;2025-12-17;2;0
50;2025-12-17;3;0
50;2025-12-17;4;3
50;2025-12-17;5;72
50;2025-12-17;6;566
50;2025-12-17;7;1805
50;2025-12-17;8;2991
50;2025-12-17;9;2276
50;2025-12-17;10;1824
50;2025-12-17;11;1574
50;2025-12-17;12;1551
50;2025-12-17;13;1535
50;2025-12-17;14;1453
50;2025-12-17;15;1755
50;2025-12-17;16;1775
50;2025-12-17;17;2510
50;2025-12-17;18;2556
50;2025-12-17;19;1532
50;2025-12-17;20;995
50;2025-12-17;21;684
50;2025-12-17;22;259
50;2025-12-17;23;154
50;2025-12-18;0;26
50;2025-12-18;1;2
50;2025-12-18;2;0
50;2025-12-18;3;0
50;2025-12-18;4;3
50;2025-12-18;5;72
50;2025-12-18;6;566
50;2025-12-18;7;1805
50;2025-12-18;8;2991
50;2025-12-18;9;2276
50;2025-12-18;10;1824
50;2025-12-18;11;1574
50;2025-12-18;12;1551
50;2025-12-18;13;1535
50;2025-12-18;14;1453
50;2025-12-18;15;1755
50;2025-12-18;16;1775
50;2025-12-18;17;2510
50;2025-12-18;18;2556
50;2025-12-18;19;1532
50;2025-12-18;20;995
50;2025-12-18;21;684
50;2025-12-18;22;259
50;2025-12-18;23;154
50;2025-12-19;0;33
50;2025-12-19;1;0
50;2025-12-19;2;0
50;2025-12-19;3;0
50;2025-12-19;4;4
50;2025-12-19;5;68
50;2025-12-19;6;515
50;2025-12-19;7;1763
50;2025-12-19;8;2748
50;2025-12-19;9;2084
50;2025-12-19;10;1509
50;2025-12-19;11;1487
50;2025-12-19;12;1392
50;2025-12-19;13;1511
50;2025-12-19;14;1433
50;2025-12-19;15;1759
50;2025-12-19;16;2246
50;2025-12-19;17;2082
50;2025-12-19;18;1544
50;2025-12-19;19;1208
50;2025-12-19;20;901
50;2025-12-19;21;562
50;2025-12-19;22;262
50;2025-12-19;23;171
50;2025-12-20;0;61
50;2025-12-20;1;0
50;2025-12-20;2;0
50;2025-12-20;3;0
50;2025-12-20;4;0
50;2025-12-20;5;42
50;2025-12-20;6;176
50;2025-12-20;7;455
50;2025-12-20;8;596
50;2025-12-20;9;625
50;2025-12-20;10;664
50;2025-12-20;11;775
50;2025-12-20;12;721
50;2025-12-20;13;751
50;2025-12-20;14;858
50;2025-12-20;15;733
50;2025-12-20;16;734
50;2025-12-20;17;883
50;2025-12-20;18;854
50;2025-12-20;19;781
50;2025-12-20;20;680
50;2025-12-20;21;448
50;2025-12-20;22;286
50;2025-12-20;23;170
50;2025-12-21;0;34
50;2025-12-21;1;0
50;2025-12-21;2;0
50;2025-12-21;3;0
50;2025-12-21;4;1
50;2025-12-21;5;39
50;2025-12-21;6;168
50;2025-12-21;7;305
50;2025-12-21;8;497
50;2025-12-21;9;550
50;2025-12-21;10;597
50;2025-12-21;11;754
50;2025-12-21;12;764
50;2025-12-21;13;783
50;2025-12-21;14;835
50;2025-12-21;15;766
50;2025-12-21;16;760
50;2025-12-21;17;878
50;2025-12-21;18;841
50;2025-12-21;19;731
50;2025-12-21;20;719
50;2025-12-21;21;469
50;2025-12-21;22;281
50;2025-12-21;23;151
50;2025-12-22;0;7
50;2025-12-22;1;2
50;2025-12-22;2;0
50;2025-12-22;3;0
50;2025-12-22;4;4
50;2025-12-22;5;72
50;2025-12-22;6;531
50;2025-12-22;7;1736
50;2025-12-22;8;2890
50;2025-12-22;9;2266
50;2025-12-22;10;1617
50;2025-12-22;11;1429
50;2025-12-22;12;1269
50;2025-12-22;13;1526
50;2025-12-22;14;1420
50;2025-12-22;15;1583
50;2025-12-22;16;1671
50;2025-12-22;17;2341
50;2025-12-22;18;2467
50;2025-12-22;19;1266
50;2025-12-22;20;869
50;2025-12-22;21;643
50;2025-12-22;22;204
50;2025-12-22;23;109
50;2025-12-23;0;26
50;2025-12-23;1;2
50;2025-12-23;2;0
50;2025-12-23;3;0
50;2025-12-23;4;3
50;2025-12-23;5;72
50;2025-12-23;6;566
50;2025-12-23;7;1805
50;2025-12-23;8;2991
50;2025-12-23;9;2276
50;2025-12-23;10;1824
50;2025-12-23;11;1574
50;2025-12-23;12;1551
50;2025-12-23;13;1535
50;2025-12-23;14;1453
50;2025-12-23;15;1755
50;2025-12-23;16;1775
50;2025-12-23;17;2510
50;2025-12-23;18;2556
50;2025-12-23;19;1532
50;2025-12-23;20;995
50;2025-12-23;21;684
50;2025-12-23;22;259
50;2025-12-23;23;154
50;2025-12-24;0;26
50;2025-12-24;1;2
50;2025-12-24;2;0
50;2025-12-24;3;0
50;2025-12-24;4;3
50;2025-12-24;5;72
50;2025-12-24;6;566
50;2025-12-24;7;1805
50;2025-12-24;8;2991
50;2025-12-24;9;2276
50;2025-12-24;10;1824
50;2025-12-24;11;1574
50;2025-12-24;12;1499
50;2025-12-24;13;1483
50;2025-12-24;14;1453
50;2025-12-24;15;1695
50;2025-12-24;16;1775
50;2025-12-24;17;2510
50;2025-12-24;18;2469
50;2025-12-24;19;1532
50;2025-12-24;20;995
50;2025-12-24;21;661
50;2025-12-24;22;250
50;2025-12-24;23;149
50;2025-12-25;0;25
50;2025-12-25;1;2
50;2025-12-25;2;0
50;2025-12-25;3;0
50;2025-12-25;4;3
50;2025-12-25;5;72
50;2025-12-25;6;547
50;2025-12-25;7;1805
50;2025-12-25;8;2991
50;2025-12-25;9;2276
50;2025-12-25;10;1824
50;2025-12-25;11;1574
50;2025-12-25;12;1551
50;2025-12-25;13;1535
50;2025-12-25;14;1453
50;2025-12-25;15;1755
50;2025-12-25;16;1775
50;2025-12-25;17;2425
50;2025-12-25;18;2469
50;2025-12-25;19;1480
50;2025-12-25;20;961
50;2025-12-25;21;661
50;2025-12-25;22;242
50;2025-12-25;23;144
50;2025-12-26;0;31
50;2025-12-26;1;0
50;2025-12-26;2;0
50;2025-12-26;3;0
50;2025-12-26;4;3
50;2025-12-26;5;65
50;2025-12-26;6;482
50;2025-12-26;7;1703
50;2025-12-26;8;2655
50;2025-12-26;9;2014
50;2025-12-26;10;1457
50;2025-12-26;11;1393
50;2025-12-26;12;1344
50;2025-12-26;13;1459
50;2025-12-26;14;1385
50;2025-12-26;15;1699
50;2025-12-26;16;2170
50;2025-12-26;17;2082
50;2025-12-26;18;1544
50;2025-12-26;19;1167
50;2025-12-26;20;870
50;2025-12-26;21;543
50;2025-12-26;22;253
50;2025-12-26;23;171
50;2025-12-27;0;61
50;2025-12-27;1;0
50;2025-12-27;2;0
50;2025-12-27;3;0
50;2025-12-27;4;0
50;2025-12-27;5;42
50;2025-12-27;6;176
50;2025-12-27;7;455
50;2025-12-27;8;596
50;2025-12-27;9;604
50;2025-12-27;10;664
50;2025-12-27;11;775
50;2025-12-27;12;721
50;2025-12-27;13;751
50;2025-12-27;14;858
50;2025-12-27;15;733
50;2025-12-27;16;734
50;2025-12-27;17;883
50;2025-12-27;18;854
50;2025-12-27;19;781
50;2025-12-27;20;680
50;2025-12-27;21;433
50;2025-12-27;22;276
50;2025-12-27;23;164
50;2025-12-28;0;33
50;2025-12-28;1;0
50;2025-12-28;2;0
50;2025-12-28;3;0
50;2025-12-28;4;1
50;2025-12-28;5;38
50;2025-12-28;6;168
50;2025-12-28;7;305
50;2025-12-28;8;481
50;2025-12-28;9;531
50;2025-12-28;10;577
50;2025-12-28;11;728
50;2025-12-28;12;738
50;2025-12-28;13;757
50;2025-12-28;14;806
50;2025-12-28;15;740
50;2025-12-28;16;760
50;2025-12-28;17;878
50;2025-12-28;18;841
50;2025-12-28;19;731
50;2025-12-28;20;694
50;2025-12-28;21;453
50;2025-12-28;22;281
50;2025-12-28;23;151
50;2025-12-29;0;6
50;2025-12-29;1;1
50;2025-12-29;2;0
50;2025-12-29;3;0
50;2025-12-29;4;3
50;2025-12-29;5;59
50;2025-12-29;6;451
50;2025-12-29;7;1476
50;2025-12-29;8;2373
50;2025-12-29;9;1926
50;2025-12-29;10;1375
50;2025-12-29;11;1214
50;2025-12-29;12;1079
50;2025-12-29;13;1253
50;2025-12-29;14;1166
50;2025-12-29;15;1345
50;2025-12-29;16;1372
50;2025-12-29;17;1922
50;2025-12-29;18;2097
50;2025-12-29;19;1040
50;2025-12-29;20;714
50;2025-12-29;21;528
50;2025-12-29;22;173
50;2025-12-29;23;92
50;2025-12-30;0;21
50;2025-12-30;1;2
50;2025-12-30;2;0
50;2025-12-30;3;0
50;2025-12-30;4;2
50;2025-12-30;5;59
50;2025-12-30;6;465
50;2025-12-30;7;1482
50;2025-12-30;8;2456
50;2025-12-30;9;1869
50;2025-12-30;10;1498
50;2025-12-30;11;1292
50;2025-12-30;12;1274
50;2025-12-30;13;1261
50;2025-12-30;14;1193
50;2025-12-30;15;1441
50;2025-12-30;16;1457
50;2025-12-30;17;2061
50;2025-12-30;18;2099
50;2025-12-30;19;1258
50;2025-12-30;20;817
50;2025-12-30;21;562
50;2025-12-30;22;212
50;2025-12-30;23;127
50;2025-12-31;0;28
50;2025-12-31;1;0
50;2025-12-31;2;0
50;2025-12-31;3;0
50;2025-12-31;4;1
50;2025-12-31;5;32
50;2025-12-31;6;143
50;2025-12-31;7;259
50;2025-12-31;8;408
50;2025-12-31;9;452
50;2025-12-31;10;491
50;2025-12-31;11;619
50;2025-12-31;12;650
50;2025-12-31;13;643
50;2025-12-31;14;686
50;2025-12-31;15;629
50;2025-12-31;16;646
50;2025-12-31;17;746
50;2025-12-31;18;690
50;2025-12-31;19;600
50;2025-12-31;20;611
50;2025-12-31;21;399
50;2025-12-31;22;239
50;2025-12-31;23;124
