route;date;hour;prediction
1;2025-11-01;0;2
1;2025-11-01;1;0
1;2025-11-01;2;0
1;2025-11-01;3;0
1;2025-11-01;4;5
1;2025-11-01;5;109
1;2025-11-01;6;404
1;2025-11-01;7;1197
1;2025-11-01;8;1443
1;2025-11-01;9;1116
1;2025-11-01;10;1027
1;2025-11-01;11;1091
1;2025-11-01;12;1075
1;2025-11-01;13;1100
1;2025-11-01;14;1096
1;2025-11-01;15;1224
1;2025-11-01;16;1266
1;2025-11-01;17;1441
1;2025-11-01;18;1176
1;2025-11-01;19;1017
1;2025-11-01;20;634
1;2025-11-01;21;391
1;2025-11-01;22;147
1;2025-11-01;23;31
1;2025-11-02;0;0
1;2025-11-02;1;0
1;2025-11-02;2;0
1;2025-11-02;3;0
1;2025-11-02;4;0
1;2025-11-02;5;22
1;2025-11-02;6;113
1;2025-11-02;7;264
1;2025-11-02;8;352
1;2025-11-02;9;598
1;2025-11-02;10;685
1;2025-11-02;11;702
1;2025-11-02;12;824
1;2025-11-02;13;841
1;2025-11-02;14;781
1;2025-11-02;15;705
1;2025-11-02;16;657
1;2025-11-02;17;592
1;2025-11-02;18;490
1;2025-11-02;19;441
1;2025-11-02;20;326
1;2025-11-02;21;267
1;2025-11-02;22;99
1;2025-11-02;23;26
1;2025-11-03;0;0
1;2025-11-03;1;0
1;2025-11-03;2;0
1;2025-11-03;3;0
1;2025-11-03;4;0
1;2025-11-03;5;22
1;2025-11-03;6;113
1;2025-11-03;7;264
1;2025-11-03;8;352
1;2025-11-03;9;598
1;2025-11-03;10;685
1;2025-11-03;11;702
1;2025-11-03;12;824
1;2025-11-03;13;841
1;2025-11-03;14;781
1;2025-11-03;15;705
1;2025-11-03;16;657
1;2025-11-03;17;592
1;2025-11-03;18;490
1;2025-11-03;19;441
1;2025-11-03;20;326
1;2025-11-03;21;267
1;2025-11-03;22;99
1;2025-11-03;23;26
1;2025-11-04;0;0
1;2025-11-04;1;0
1;2025-11-04;2;0
1;2025-11-04;3;0
1;2025-11-04;4;0
1;2025-11-04;5;22
1;2025-11-04;6;113
1;2025-11-04;7;264
1;2025-11-04;8;352
1;2025-11-04;9;598
1;2025-11-04;10;685
1;2025-11-04;11;702
1;2025-11-04;12;824
1;2025-11-04;13;841
1;2025-11-04;14;781
1;2025-11-04;15;705
1;2025-11-04;16;657
1;2025-11-04;17;592
1;2025-11-04;18;490
1;2025-11-04;19;441
1;2025-11-04;20;326
1;2025-11-04;21;267
1;2025-11-04;22;99
1;2025-11-04;23;26
1;2025-11-05;0;4
1;2025-11-05;1;0
1;2025-11-05;2;0
1;2025-11-05;3;0
1;2025-11-05;4;9
1;2025-11-05;5;115
1;2025-11-05;6;514
1;2025-11-05;7;1517
1;2025-11-05;8;2003
1;2025-11-05;9;1504
1;2025-11-05;10;1371
1;2025-11-05;11;1381
1;2025-11-05;12;1406
1;2025-11-05;13;1455
1;2025-11-05;14;1397
1;2025-11-05;15;1489
1;2025-11-05;16;1526
1;2025-11-05;17;1805
1;2025-11-05;18;1829
1;2025-11-05;19;1346
1;2025-11-05;20;895
1;2025-11-05;21;486
1;2025-11-05;22;177
1;2025-11-05;23;34
1;2025-11-06;0;4
1;2025-11-06;1;0
1;2025-11-06;2;0
1;2025-11-06;3;0
1;2025-11-06;4;9
1;2025-11-06;5;115
1;2025-11-06;6;514
1;2025-11-06;7;1517
1;2025-11-06;8;2003
1;2025-11-06;9;1504
1;2025-11-06;10;1371
1;2025-11-06;11;1381
1;2025-11-06;12;1406
1;2025-11-06;13;1455
1;2025-11-06;14;1397
1;2025-11-06;15;1489
1;2025-11-06;16;1526
1;2025-11-06;17;1805
1;2025-11-06;18;1829
1;2025-11-06;19;1346
1;2025-11-06;20;895
1;2025-11-06;21;486
1;2025-11-06;22;177
1;2025-11-06;23;34
1;2025-11-07;0;2
1;2025-11-07;1;0
1;2025-11-07;2;0
1;2025-11-07;3;0
1;2025-11-07;4;7
1;2025-11-07;5;138
1;2025-11-07;6;511
1;2025-11-07;7;1515
1;2025-11-07;8;1826
1;2025-11-07;9;1412
1;2025-11-07;10;1299
1;2025-11-07;11;1381
1;2025-11-07;12;1360
1;2025-11-07;13;1392
1;2025-11-07;14;1387
1;2025-11-07;15;1549
1;2025-11-07;16;1602
1;2025-11-07;17;1824
1;2025-11-07;18;1487
1;2025-11-07;19;1287
1;2025-11-07;20;802
1;2025-11-07;21;495
1;2025-11-07;22;186
1;2025-11-07;23;39
1;2025-11-08;0;4
1;2025-11-08;1;0
1;2025-11-08;2;0
1;2025-11-08;3;0
1;2025-11-08;4;0
1;2025-11-08;5;34
1;2025-11-08;6;167
1;2025-11-08;7;389
1;2025-11-08;8;556
1;2025-11-08;9;821
1;2025-11-08;10;1009
1;2025-11-08;11;993
1;2025-11-08;12;1186
1;2025-11-08;13;1238
1;2025-11-08;14;1164
1;2025-11-08;15;1007
1;2025-11-08;16;861
1;2025-11-08;17;813
1;2025-11-08;18;717
1;2025-11-08;19;580
1;2025-11-08;20;468
1;2025-11-08;21;328
1;2025-11-08;22;123
1;2025-11-08;23;27
1;2025-11-09;0;0
1;2025-11-09;1;0
1;2025-11-09;2;0
1;2025-11-09;3;0
1;2025-11-09;4;0
1;2025-11-09;5;22
1;2025-11-09;6;113
1;2025-11-09;7;264
1;2025-11-09;8;352
1;2025-11-09;9;598
1;2025-11-09;10;685
1;2025-11-09;11;702
1;2025-11-09;12;824
1;2025-11-09;13;841
1;2025-11-09;14;781
1;2025-11-09;15;705
1;2025-11-09;16;657
1;2025-11-09;17;592
1;2025-11-09;18;490
1;2025-11-09;19;441
1;2025-11-09;20;326
1;2025-11-09;21;267
1;2025-11-09;22;99
1;2025-11-09;23;26
1;2025-11-10;0;0
1;2025-11-10;1;0
1;2025-11-10;2;0
1;2025-11-10;3;0
1;2025-11-10;4;10
1;2025-11-10;5;137
1;2025-11-10;6;494
1;2025-11-10;7;1489
1;2025-11-10;8;1997
1;2025-11-10;9;1495
1;2025-11-10;10;1276
1;2025-11-10;11;1238
1;2025-11-10;12;1365
1;2025-11-10;13;1463
1;2025-11-10;14;1508
1;2025-11-10;15;1596
1;2025-11-10;16;1661
1;2025-11-10;17;1900
1;2025-11-10;18;2013
1;2025-11-10;19;1460
1;2025-11-10;20;929
1;2025-11-10;21;458
1;2025-11-10;22;147
1;2025-11-10;23;44
1;2025-11-11;0;4
1;2025-11-11;1;0
1;2025-11-11;2;0
1;2025-11-11;3;0
1;2025-11-11;4;9
1;2025-11-11;5;115
1;2025-11-11;6;514
1;2025-11-11;7;1517
1;2025-11-11;8;2003
1;2025-11-11;9;1504
1;2025-11-11;10;1371
1;2025-11-11;11;1381
1;2025-11-11;12;1406
1;2025-11-11;13;1455
1;2025-11-11;14;1397
1;2025-11-11;15;1489
1;2025-11-11;16;1526
1;2025-11-11;17;1805
1;2025-11-11;18;1829
1;2025-11-11;19;1346
1;2025-11-11;20;895
1;2025-11-11;21;486
1;2025-11-11;22;177
1;2025-11-11;23;34
1;2025-11-12;0;4
1;2025-11-12;1;0
1;2025-11-12;2;0
1;2025-11-12;3;0
1;2025-11-12;4;9
1;2025-11-12;5;115
1;2025-11-12;6;514
1;2025-11-12;7;1517
1;2025-11-12;8;2003
1;2025-11-12;9;1504
1;2025-11-12;10;1371
1;2025-11-12;11;1381
1;2025-11-12;12;1406
1;2025-11-12;13;1455
1;2025-11-12;14;1397
1;2025-11-12;15;1489
1;2025-11-12;16;1526
1;2025-11-12;17;1805
1;2025-11-12;18;1829
1;2025-11-12;19;1346
1;2025-11-12;20;895
1;2025-11-12;21;486
1;2025-11-12;22;177
1;2025-11-12;23;34
1;2025-11-13;0;4
1;2025-11-13;1;0
1;2025-11-13;2;0
1;2025-11-13;3;0
1;2025-11-13;4;9
1;2025-11-13;5;115
1;2025-11-13;6;514
1;2025-11-13;7;1517
1;2025-11-13;8;2003
1;2025-11-13;9;1504
1;2025-11-13;10;1371
1;2025-11-13;11;1381
1;2025-11-13;12;1406
1;2025-11-13;13;1455
1;2025-11-13;14;1397
1;2025-11-13;15;1489
1;2025-11-13;16;1526
1;2025-11-13;17;1805
1;2025-11-13;18;1829
1;2025-11-13;19;1346
1;2025-11-13;20;895
1;2025-11-13;21;486
1;2025-11-13;22;177
1;2025-11-13;23;34
1;2025-11-14;0;2
1;2025-11-14;1;0
1;2025-11-14;2;0
1;2025-11-14;3;0
1;2025-11-14;4;7
1;2025-11-14;5;138
1;2025-11-14;6;511
1;2025-11-14;7;1515
1;2025-11-14;8;1826
1;2025-11-14;9;1412
1;2025-11-14;10;1299
1;2025-11-14;11;1381
1;2025-11-14;12;1360
1;2025-11-14;13;1392
1;2025-11-14;14;1387
1;2025-11-14;15;1549
1;2025-11-14;16;1602
1;2025-11-14;17;1824
1;2025-11-14;18;1487
1;2025-11-14;19;1287
1;2025-11-14;20;802
1;2025-11-14;21;495
1;2025-11-14;22;186
1;2025-11-14;23;39
1;2025-11-15;0;4
1;2025-11-15;1;0
1;2025-11-15;2;0
1;2025-11-15;3;0
1;2025-11-15;4;0
1;2025-11-15;5;34
1;2025-11-15;6;167
1;2025-11-15;7;389
1;2025-11-15;8;556
1;2025-11-15;9;821
1;2025-11-15;10;1009
1;2025-11-15;11;993
1;2025-11-15;12;1186
1;2025-11-15;13;1238
1;2025-11-15;14;1164
1;2025-11-15;15;1007
1;2025-11-15;16;861
1;2025-11-15;17;813
1;2025-11-15;18;717
1;2025-11-15;19;580
1;2025-11-15;20;468
1;2025-11-15;21;328
1;2025-11-15;22;123
1;2025-11-15;23;27
1;2025-11-16;0;0
1;2025-11-16;1;0
1;2025-11-16;2;0
1;2025-11-16;3;0
1;2025-11-16;4;0
1;2025-11-16;5;22
1;2025-11-16;6;113
1;2025-11-16;7;264
1;2025-11-16;8;352
1;2025-11-16;9;598
1;2025-11-16;10;685
1;2025-11-16;11;702
1;2025-11-16;12;824
1;2025-11-16;13;841
1;2025-11-16;14;781
1;2025-11-16;15;705
1;2025-11-16;16;657
1;2025-11-16;17;592
1;2025-11-16;18;490
1;2025-11-16;19;441
1;2025-11-16;20;326
1;2025-11-16;21;267
1;2025-11-16;22;99
1;2025-11-16;23;26
1;2025-11-17;0;0
1;2025-11-17;1;0
1;2025-11-17;2;0
1;2025-11-17;3;0
1;2025-11-17;4;10
1;2025-11-17;5;137
1;2025-11-17;6;494
1;2025-11-17;7;1489
1;2025-11-17;8;1997
1;2025-11-17;9;1495
1;2025-11-17;10;1276
1;2025-11-17;11;1238
1;2025-11-17;12;1365
1;2025-11-17;13;1463
1;2025-11-17;14;1508
1;2025-11-17;15;1596
1;2025-11-17;16;1661
1;2025-11-17;17;1900
1;2025-11-17;18;2013
1;2025-11-17;19;1460
1;2025-11-17;20;929
1;2025-11-17;21;458
1;2025-11-17;22;147
1;2025-11-17;23;44
1;2025-11-18;0;4
1;2025-11-18;1;0
1;2025-11-18;2;0
1;2025-11-18;3;0
1;2025-11-18;4;9
1;2025-11-18;5;115
1;2025-11-18;6;514
1;2025-11-18;7;1517
1;2025-11-18;8;2003
1;2025-11-18;9;1504
1;2025-11-18;10;1371
1;2025-11-18;11;1381
1;2025-11-18;12;1406
1;2025-11-18;13;1455
1;2025-11-18;14;1397
1;2025-11-18;15;1489
1;2025-11-18;16;1526
1;2025-11-18;17;1805
1;2025-11-18;18;1829
1;2025-11-18;19;1346
1;2025-11-18;20;895
1;2025-11-18;21;486
1;2025-11-18;22;177
1;2025-11-18;23;34
1;2025-11-19;0;4
1;2025-11-19;1;0
1;2025-11-19;2;0
1;2025-11-19;3;0
1;2025-11-19;4;9
1;2025-11-19;5;115
1;2025-11-19;6;514
1;2025-11-19;7;1517
1;2025-11-19;8;2003
1;2025-11-19;9;1504
1;2025-11-19;10;1371
1;2025-11-19;11;1381
1;2025-11-19;12;1406
1;2025-11-19;13;1455
1;2025-11-19;14;1397
1;2025-11-19;15;1489
1;2025-11-19;16;1526
1;2025-11-19;17;1805
1;2025-11-19;18;1829
1;2025-11-19;19;1346
1;2025-11-19;20;895
1;2025-11-19;21;486
1;2025-11-19;22;177
1;2025-11-19;23;34
1;2025-11-20;0;4
1;2025-11-20;1;0
1;2025-11-20;2;0
1;2025-11-20;3;0
1;2025-11-20;4;9
1;2025-11-20;5;115
1;2025-11-20;6;514
1;2025-11-20;7;1517
1;2025-11-20;8;2003
1;2025-11-20;9;1504
1;2025-11-20;10;1371
1;2025-11-20;11;1381
1;2025-11-20;12;1406
1;2025-11-20;13;1455
1;2025-11-20;14;1397
1;2025-11-20;15;1489
1;2025-11-20;16;1526
1;2025-11-20;17;1805
1;2025-11-20;18;1829
1;2025-11-20;19;1346
1;2025-11-20;20;895
1;2025-11-20;21;486
1;2025-11-20;22;177
1;2025-11-20;23;34
1;2025-11-21;0;2
1;2025-11-21;1;0
1;2025-11-21;2;0
1;2025-11-21;3;0
1;2025-11-21;4;7
1;2025-11-21;5;138
1;2025-11-21;6;511
1;2025-11-21;7;1515
1;2025-11-21;8;1826
1;2025-11-21;9;1412
1;2025-11-21;10;1299
1;2025-11-21;11;1381
1;2025-11-21;12;1360
1;2025-11-21;13;1392
1;2025-11-21;14;1387
1;2025-11-21;15;1549
1;2025-11-21;16;1602
1;2025-11-21;17;1824
1;2025-11-21;18;1487
1;2025-11-21;19;1287
1;2025-11-21;20;802
1;2025-11-21;21;495
1;2025-11-21;22;186
1;2025-11-21;23;39
1;2025-11-22;0;4
1;2025-11-22;1;0
1;2025-11-22;2;0
1;2025-11-22;3;0
1;2025-11-22;4;0
1;2025-11-22;5;34
1;2025-11-22;6;167
1;2025-11-22;7;389
1;2025-11-22;8;556
1;2025-11-22;9;821
1;2025-11-22;10;1009
1;2025-11-22;11;993
1;2025-11-22;12;1186
1;2025-11-22;13;1238
1;2025-11-22;14;1164
1;2025-11-22;15;1007
1;2025-11-22;16;861
1;2025-11-22;17;813
1;2025-11-22;18;717
1;2025-11-22;19;580
1;2025-11-22;20;468
1;2025-11-22;21;328
1;2025-11-22;22;123
1;2025-11-22;23;27
1;2025-11-23;0;0
1;2025-11-23;1;0
1;2025-11-23;2;0
1;2025-11-23;3;0
1;2025-11-23;4;0
1;2025-11-23;5;22
1;2025-11-23;6;113
1;2025-11-23;7;264
1;2025-11-23;8;352
1;2025-11-23;9;598
1;2025-11-23;10;685
1;2025-11-23;11;702
1;2025-11-23;12;824
1;2025-11-23;13;841
1;2025-11-23;14;781
1;2025-11-23;15;705
1;2025-11-23;16;657
1;2025-11-23;17;592
1;2025-11-23;18;490
1;2025-11-23;19;441
1;2025-11-23;20;326
1;2025-11-23;21;267
1;2025-11-23;22;99
1;2025-11-23;23;26
1;2025-11-24;0;0
1;2025-11-24;1;0
1;2025-11-24;2;0
1;2025-11-24;3;0
1;2025-11-24;4;10
1;2025-11-24;5;137
1;2025-11-24;6;494
1;2025-11-24;7;1489
1;2025-11-24;8;1997
1;2025-11-24;9;1495
1;2025-11-24;10;1276
1;2025-11-24;11;1238
1;2025-11-24;12;1365
1;2025-11-24;13;1463
1;2025-11-24;14;1508
1;2025-11-24;15;1596
1;2025-11-24;16;1661
1;2025-11-24;17;1900
1;2025-11-24;18;2013
1;2025-11-24;19;1460
1;2025-11-24;20;929
1;2025-11-24;21;458
1;2025-11-24;22;147
1;2025-11-24;23;44
1;2025-11-25;0;4
1;2025-11-25;1;0
1;2025-11-25;2;0
1;2025-11-25;3;0
1;2025-11-25;4;9
1;2025-11-25;5;115
1;2025-11-25;6;514
1;2025-11-25;7;1517
1;2025-11-25;8;2003
1;2025-11-25;9;1504
1;2025-11-25;10;1371
1;2025-11-25;11;1381
1;2025-11-25;12;1406
1;2025-11-25;13;1455
1;2025-11-25;14;1397
1;2025-11-25;15;1489
1;2025-11-25;16;1526
1;2025-11-25;17;1805
1;2025-11-25;18;1829
1;2025-11-25;19;1346
1;2025-11-25;20;895
1;2025-11-25;21;486
1;2025-11-25;22;177
1;2025-11-25;23;34
1;2025-11-26;0;4
1;2025-11-26;1;0
1;2025-11-26;2;0
1;2025-11-26;3;0
1;2025-11-26;4;9
1;2025-11-26;5;115
1;2025-11-26;6;514
1;2025-11-26;7;1517
1;2025-11-26;8;2003
1;2025-11-26;9;1504
1;2025-11-26;10;1371
1;2025-11-26;11;1381
1;2025-11-26;12;1406
1;2025-11-26;13;1455
1;2025-11-26;14;1397
1;2025-11-26;15;1489
1;2025-11-26;16;1526
1;2025-11-26;17;1805
1;2025-11-26;18;1829
1;2025-11-26;19;1346
1;2025-11-26;20;895
1;2025-11-26;21;486
1;2025-11-26;22;177
1;2025-11-26;23;34
1;2025-11-27;0;4
1;2025-11-27;1;0
1;2025-11-27;2;0
1;2025-11-27;3;0
1;2025-11-27;4;9
1;2025-11-27;5;115
1;2025-11-27;6;514
1;2025-11-27;7;1517
1;2025-11-27;8;2003
1;2025-11-27;9;1504
1;2025-11-27;10;1371
1;2025-11-27;11;1381
1;2025-11-27;12;1406
1;2025-11-27;13;1455
1;2025-11-27;14;1397
1;2025-11-27;15;1489
1;2025-11-27;16;1526
1;2025-11-27;17;1805
1;2025-11-27;18;1829
1;2025-11-27;19;1346
1;2025-11-27;20;895
1;2025-11-27;21;486
1;2025-11-27;22;177
1;2025-11-27;23;34
1;2025-11-28;0;2
1;2025-11-28;1;0
1;2025-11-28;2;0
1;2025-11-28;3;0
1;2025-11-28;4;7
1;2025-11-28;5;138
1;2025-11-28;6;511
1;2025-11-28;7;1515
1;2025-11-28;8;1826
1;2025-11-28;9;1412
1;2025-11-28;10;1299
1;2025-11-28;11;1381
1;2025-11-28;12;1360
1;2025-11-28;13;1392
1;2025-11-28;14;1387
1;2025-11-28;15;1549
1;2025-11-28;16;1602
1;2025-11-28;17;1824
1;2025-11-28;18;1487
1;2025-11-28;19;1287
1;2025-11-28;20;802
1;2025-11-28;21;495
1;2025-11-28;22;186
1;2025-11-28;23;39
1;2025-11-29;0;4
1;2025-11-29;1;0
1;2025-11-29;2;0
1;2025-11-29;3;0
1;2025-11-29;4;0
1;2025-11-29;5;34
1;2025-11-29;6;167
1;2025-11-29;7;389
1;2025-11-29;8;556
1;2025-11-29;9;821
1;2025-11-29;10;1009
1;2025-11-29;11;993
1;2025-11-29;12;1186
1;2025-11-29;13;1238
1;2025-11-29;14;1164
1;2025-11-29;15;1007
1;2025-11-29;16;861
1;2025-11-29;17;813
1;2025-11-29;18;717
1;2025-11-29;19;580
1;2025-11-29;20;468
1;2025-11-29;21;328
1;2025-11-29;22;123
1;2025-11-29;23;27
1;2025-11-30;0;0
1;2025-11-30;1;0
1;2025-11-30;2;0
1;2025-11-30;3;0
1;2025-11-30;4;0
1;2025-11-30;5;22
1;2025-11-30;6;113
1;2025-11-30;7;264
1;2025-11-30;8;352
1;2025-11-30;9;598
1;2025-11-30;10;685
1;2025-11-30;11;702
1;2025-11-30;12;824
1;2025-11-30;13;841
1;2025-11-30;14;781
1;2025-11-30;15;705
1;2025-11-30;16;657
1;2025-11-30;17;592
1;2025-11-30;18;490
1;2025-11-30;19;441
1;2025-11-30;20;326
1;2025-11-30;21;267
1;2025-11-30;22;99
1;2025-11-30;23;26
1;2025-12-01;0;0
1;2025-12-01;1;0
1;2025-12-01;2;0
1;2025-12-01;3;0
1;2025-12-01;4;10
1;2025-12-01;5;140
1;2025-12-01;6;508
1;2025-12-01;7;1530
1;2025-12-01;8;2052
1;2025-12-01;9;1535
1;2025-12-01;10;1311
1;2025-12-01;11;1272
1;2025-12-01;12;1403
1;2025-12-01;13;1503
1;2025-12-01;14;1549
1;2025-12-01;15;1639
1;2025-12-01;16;1707
1;2025-12-01;17;1952
1;2025-12-01;18;2069
1;2025-12-01;19;1500
1;2025-12-01;20;954
1;2025-12-01;21;471
1;2025-12-01;22;151
1;2025-12-01;23;45
1;2025-12-02;0;4
1;2025-12-02;1;0
1;2025-12-02;2;0
1;2025-12-02;3;0
1;2025-12-02;4;9
1;2025-12-02;5;118
1;2025-12-02;6;528
1;2025-12-02;7;1559
1;2025-12-02;8;2058
1;2025-12-02;9;1546
1;2025-12-02;10;1409
1;2025-12-02;11;1419
1;2025-12-02;12;1445
1;2025-12-02;13;1495
1;2025-12-02;14;1436
1;2025-12-02;15;1529
1;2025-12-02;16;1568
1;2025-12-02;17;1855
1;2025-12-02;18;1879
1;2025-12-02;19;1383
1;2025-12-02;20;919
1;2025-12-02;21;499
1;2025-12-02;22;182
1;2025-12-02;23;35
1;2025-12-03;0;4
1;2025-12-03;1;0
1;2025-12-03;2;0
1;2025-12-03;3;0
1;2025-12-03;4;9
1;2025-12-03;5;118
1;2025-12-03;6;528
1;2025-12-03;7;1559
1;2025-12-03;8;2058
1;2025-12-03;9;1546
1;2025-12-03;10;1409
1;2025-12-03;11;1419
1;2025-12-03;12;1445
1;2025-12-03;13;1495
1;2025-12-03;14;1436
1;2025-12-03;15;1529
1;2025-12-03;16;1568
1;2025-12-03;17;1855
1;2025-12-03;18;1879
1;2025-12-03;19;1383
1;2025-12-03;20;919
1;2025-12-03;21;499
1;2025-12-03;22;182
1;2025-12-03;23;35
1;2025-12-04;0;4
1;2025-12-04;1;0
1;2025-12-04;2;0
1;2025-12-04;3;0
1;2025-12-04;4;9
1;2025-12-04;5;118
1;2025-12-04;6;528
1;2025-12-04;7;1559
1;2025-12-04;8;2058
1;2025-12-04;9;1546
1;2025-12-04;10;1409
1;2025-12-04;11;1419
1;2025-12-04;12;1445
1;2025-12-04;13;1495
1;2025-12-04;14;1436
1;2025-12-04;15;1529
1;2025-12-04;16;1568
1;2025-12-04;17;1855
1;2025-12-04;18;1879
1;2025-12-04;19;1383
1;2025-12-04;20;919
1;2025-12-04;21;499
1;2025-12-04;22;182
1;2025-12-04;23;35
1;2025-12-05;0;3
1;2025-12-05;1;0
1;2025-12-05;2;0
1;2025-12-05;3;0
1;2025-12-05;4;7
1;2025-12-05;5;142
1;2025-12-05;6;525
1;2025-12-05;7;1556
1;2025-12-05;8;1876
1;2025-12-05;9;1451
1;2025-12-05;10;1335
1;2025-12-05;11;1419
1;2025-12-05;12;1398
1;2025-12-05;13;1430
1;2025-12-05;14;1425
1;2025-12-05;15;1592
1;2025-12-05;16;1646
1;2025-12-05;17;1874
1;2025-12-05;18;1528
1;2025-12-05;19;1322
1;2025-12-05;20;824
1;2025-12-05;21;509
1;2025-12-05;22;191
1;2025-12-05;23;40
1;2025-12-06;0;4
1;2025-12-06;1;0
1;2025-12-06;2;0
1;2025-12-06;3;0
1;2025-12-06;4;0
1;2025-12-06;5;35
1;2025-12-06;6;171
1;2025-12-06;7;400
1;2025-12-06;8;571
1;2025-12-06;9;843
1;2025-12-06;10;1037
1;2025-12-06;11;1020
1;2025-12-06;12;1219
1;2025-12-06;13;1272
1;2025-12-06;14;1196
1;2025-12-06;15;1035
1;2025-12-06;16;884
1;2025-12-06;17;835
1;2025-12-06;18;737
1;2025-12-06;19;596
1;2025-12-06;20;481
1;2025-12-06;21;337
1;2025-12-06;22;126
1;2025-12-06;23;28
1;2025-12-07;0;0
1;2025-12-07;1;0
1;2025-12-07;2;0
1;2025-12-07;3;0
1;2025-12-07;4;0
1;2025-12-07;5;22
1;2025-12-07;6;116
1;2025-12-07;7;271
1;2025-12-07;8;362
1;2025-12-07;9;614
1;2025-12-07;10;704
1;2025-12-07;11;722
1;2025-12-07;12;847
1;2025-12-07;13;864
1;2025-12-07;14;802
1;2025-12-07;15;725
1;2025-12-07;16;675
1;2025-12-07;17;608
1;2025-12-07;18;504
1;2025-12-07;19;453
1;2025-12-07;20;335
1;2025-12-07;21;274
1;2025-12-07;22;102
1;2025-12-07;23;27
1;2025-12-08;0;0
1;2025-12-08;1;0
1;2025-12-08;2;0
1;2025-12-08;3;0
1;2025-12-08;4;10
1;2025-12-08;5;140
1;2025-12-08;6;508
1;2025-12-08;7;1530
1;2025-12-08;8;2052
1;2025-12-08;9;1535
1;2025-12-08;10;1311
1;2025-12-08;11;1272
1;2025-12-08;12;1403
1;2025-12-08;13;1503
1;2025-12-08;14;1549
1;2025-12-08;15;1639
1;2025-12-08;16;1707
1;2025-12-08;17;1952
1;2025-12-08;18;2069
1;2025-12-08;19;1500
1;2025-12-08;20;954
1;2025-12-08;21;471
1;2025-12-08;22;151
1;2025-12-08;23;45
1;2025-12-09;0;4
1;2025-12-09;1;0
1;2025-12-09;2;0
1;2025-12-09;3;0
1;2025-12-09;4;9
1;2025-12-09;5;118
1;2025-12-09;6;528
1;2025-12-09;7;1559
1;2025-12-09;8;2058
1;2025-12-09;9;1546
1;2025-12-09;10;1409
1;2025-12-09;11;1419
1;2025-12-09;12;1445
1;2025-12-09;13;1495
1;2025-12-09;14;1436
1;2025-12-09;15;1529
1;2025-12-09;16;1568
1;2025-12-09;17;1855
1;2025-12-09;18;1879
1;2025-12-09;19;1383
1;2025-12-09;20;919
1;2025-12-09;21;499
1;2025-12-09;22;182
1;2025-12-09;23;35
1;2025-12-10;0;4
1;2025-12-10;1;0
1;2025-12-10;2;0
1;2025-12-10;3;0
1;2025-12-10;4;9
1;2025-12-10;5;118
1;2025-12-10;6;528
1;2025-12-10;7;1559
1;2025-12-10;8;2058
1;2025-12-10;9;1546
1;2025-12-10;10;1409
1;2025-12-10;11;1419
1;2025-12-10;12;1445
1;2025-12-10;13;1495
1;2025-12-10;14;1436
1;2025-12-10;15;1529
1;2025-12-10;16;1568
1;2025-12-10;17;1855
1;2025-12-10;18;1879
1;2025-12-10;19;1383
1;2025-12-10;20;919
1;2025-12-10;21;499
1;2025-12-10;22;182
1;2025-12-10;23;35
1;2025-12-11;0;4
1;2025-12-11;1;0
1;2025-12-11;2;0
1;2025-12-11;3;0
1;2025-12-11;4;9
1;2025-12-11;5;118
1;2025-12-11;6;528
1;2025-12-11;7;1559
1;2025-12-11;8;2058
1;2025-12-11;9;1546
1;2025-12-11;10;1409
1;2025-12-11;11;1419
1;2025-12-11;12;1445
1;2025-12-11;13;1495
1;2025-12-11;14;1436
1;2025-12-11;15;1529
1;2025-12-11;16;1568
1;2025-12-11;17;1855
1;2025-12-11;18;1879
1;2025-12-11;19;1383
1;2025-12-11;20;919
1;2025-12-11;21;499
1;2025-12-11;22;182
1;2025-12-11;23;35
1;2025-12-12;0;3
1;2025-12-12;1;0
1;2025-12-12;2;0
1;2025-12-12;3;0
1;2025-12-12;4;7
1;2025-12-12;5;142
1;2025-12-12;6;525
1;2025-12-12;7;1556
1;2025-12-12;8;1876
1;2025-12-12;9;1451
1;2025-12-12;10;1335
1;2025-12-12;11;1419
1;2025-12-12;12;1398
1;2025-12-12;13;1430
1;2025-12-12;14;1425
1;2025-12-12;15;1592
1;2025-12-12;16;1646
1;2025-12-12;17;1874
1;2025-12-12;18;1528
1;2025-12-12;19;1322
1;2025-12-12;20;824
1;2025-12-12;21;509
1;2025-12-12;22;191
1;2025-12-12;23;40
1;2025-12-13;0;4
1;2025-12-13;1;0
1;2025-12-13;2;0
1;2025-12-13;3;0
1;2025-12-13;4;0
1;2025-12-13;5;35
1;2025-12-13;6;171
1;2025-12-13;7;400
1;2025-12-13;8;571
1;2025-12-13;9;843
1;2025-12-13;10;1037
1;2025-12-13;11;1020
1;2025-12-13;12;1219
1;2025-12-13;13;1272
1;2025-12-13;14;1196
1;2025-12-13;15;1035
1;2025-12-13;16;884
1;2025-12-13;17;835
1;2025-12-13;18;737
1;2025-12-13;19;596
1;2025-12-13;20;481
1;2025-12-13;21;337
1;2025-12-13;22;126
1;2025-12-13;23;28
1;2025-12-14;0;0
1;2025-12-14;1;0
1;2025-12-14;2;0
1;2025-12-14;3;0
1;2025-12-14;4;0
1;2025-12-14;5;22
1;2025-12-14;6;116
1;2025-12-14;7;271
1;2025-12-14;8;362
1;2025-12-14;9;614
1;2025-12-14;10;704
1;2025-12-14;11;722
1;2025-12-14;12;847
1;2025-12-14;13;864
1;2025-12-14;14;802
1;2025-12-14;15;725
1;2025-12-14;16;675
1;2025-12-14;17;608
1;2025-12-14;18;504
1;2025-12-14;19;453
1;2025-12-14;20;335
1;2025-12-14;21;274
1;2025-12-14;22;102
1;2025-12-14;23;27
1;2025-12-15;0;0
1;2025-12-15;1;0
1;2025-12-15;2;0
1;2025-12-15;3;0
1;2025-12-15;4;10
1;2025-12-15;5;140
1;2025-12-15;6;508
1;2025-12-15;7;1530
1;2025-12-15;8;2052
1;2025-12-15;9;1535
1;2025-12-15;10;1311
1;2025-12-15;11;1272
1;2025-12-15;12;1403
1;2025-12-15;13;1503
1;2025-12-15;14;1549
1;2025-12-15;15;1639
1;2025-12-15;16;1707
1;2025-12-15;17;1952
1;2025-12-15;18;2069
1;2025-12-15;19;1500
1;2025-12-15;20;954
1;2025-12-15;21;471
1;2025-12-15;22;151
1;2025-12-15;23;45
1;2025-12-16;0;4
1;2025-12-16;1;0
1;2025-12-16;2;0
1;2025-12-16;3;0
1;2025-12-16;4;9
1;2025-12-16;5;118
1;2025-12-16;6;528
1;2025-12-16;7;1559
1;2025-12-16;8;2058
1;2025-12-16;9;1546
1;2025-12-16;10;1409
1;2025-12-16;11;1419
1;2025-12-16;12;1445
1;2025-12-16;13;1495
1;2025-12-16;14;1436
1;2025-12-16;15;1529
1;2025-12-16;16;1568
1;2025-12-16;17;1855
1;2025-12-16;18;1879
1;2025-12-16;19;1383
1;2025-12-16;20;919
1;2025-12-16;21;499
1;2025-12-16;22;182
1;2025-12-16;23;35
1;2025-12-17;0;4
1;2025-12-17;1;0
1;2025-12-17;2;0
1;2025-12-17;3;0
1;2025-12-17;4;9
1;2025-12-17;5;118
1;2025-12-17;6;528
1;2025-12-17;7;1559
1;2025-12-17;8;2058
1;2025-12-17;9;1546
1;2025-12-17;10;1409
1;2025-12-17;11;1419
1;2025-12-17;12;1445
1;2025-12-17;13;1495
1;2025-12-17;14;1436
1;2025-12-17;15;1529
1;2025-12-17;16;1568
1;2025-12-17;17;1855
1;2025-12-17;18;1879
1;2025-12-17;19;1383
1;2025-12-17;20;919
1;2025-12-17;21;499
1;2025-12-17;22;182
1;2025-12-17;23;35
1;2025-12-18;0;4
1;2025-12-18;1;0
1;2025-12-18;2;0
1;2025-12-18;3;0
1;2025-12-18;4;9
1;2025-12-18;5;118
1;2025-12-18;6;528
1;2025-12-18;7;1559
1;2025-12-18;8;2058
1;2025-12-18;9;1546
1;2025-12-18;10;1409
1;2025-12-18;11;1419
1;2025-12-18;12;1445
1;2025-12-18;13;1495
1;2025-12-18;14;1436
1;2025-12-18;15;1529
1;2025-12-18;16;1568
1;2025-12-18;17;1855
1;2025-12-18;18;1879
1;2025-12-18;19;1383
1;2025-12-18;20;919
1;2025-12-18;21;499
1;2025-12-18;22;182
1;2025-12-18;23;35
1;2025-12-19;0;3
1;2025-12-19;1;0
1;2025-12-19;2;0
1;2025-12-19;3;0
1;2025-12-19;4;7
1;2025-12-19;5;142
1;2025-12-19;6;525
1;2025-12-19;7;1556
1;2025-12-19;8;1876
1;2025-12-19;9;1451
1;2025-12-19;10;1335
1;2025-12-19;11;1419
1;2025-12-19;12;1398
1;2025-12-19;13;1430
1;2025-12-19;14;1425
1;2025-12-19;15;1592
1;2025-12-19;16;1646
1;2025-12-19;17;1874
1;2025-12-19;18;1528
1;2025-12-19;19;1322
1;2025-12-19;20;824
1;2025-12-19;21;509
1;2025-12-19;22;191
1;2025-12-19;23;40
1;2025-12-20;0;4
1;2025-12-20;1;0
1;2025-12-20;2;0
1;2025-12-20;3;0
1;2025-12-20;4;0
1;2025-12-20;5;35
1;2025-12-20;6;171
1;2025-12-20;7;400
1;2025-12-20;8;571
1;2025-12-20;9;843
1;2025-12-20;10;1037
1;2025-12-20;11;1020
1;2025-12-20;12;1219
1;2025-12-20;13;1272
1;2025-12-20;14;1196
1;2025-12-20;15;1035
1;2025-12-20;16;884
1;2025-12-20;17;835
1;2025-12-20;18;737
1;2025-12-20;19;596
1;2025-12-20;20;481
1;2025-12-20;21;337
1;2025-12-20;22;126
1;2025-12-20;23;28
1;2025-12-21;0;0
1;2025-12-21;1;0
1;2025-12-21;2;0
1;2025-12-21;3;0
1;2025-12-21;4;0
1;2025-12-21;5;22
1;2025-12-21;6;116
1;2025-12-21;7;271
1;2025-12-21;8;362
1;2025-12-21;9;614
1;2025-12-21;10;704
1;2025-12-21;11;722
1;2025-12-21;12;847
1;2025-12-21;13;864
1;2025-12-21;14;802
1;2025-12-21;15;725
1;2025-12-21;16;675
1;2025-12-21;17;608
1;2025-12-21;18;504
1;2025-12-21;19;453
1;2025-12-21;20;335
1;2025-12-21;21;274
1;2025-12-21;22;102
1;2025-12-21;23;27
1;2025-12-22;0;0
1;2025-12-22;1;0
1;2025-12-22;2;0
1;2025-12-22;3;0
1;2025-12-22;4;10
1;2025-12-22;5;140
1;2025-12-22;6;508
1;2025-12-22;7;1530
1;2025-12-22;8;2052
1;2025-12-22;9;1535
1;2025-12-22;10;1311
1;2025-12-22;11;1272
1;2025-12-22;12;1403
1;2025-12-22;13;1503
1;2025-12-22;14;1549
1;2025-12-22;15;1639
1;2025-12-22;16;1707
1;2025-12-22;17;1952
1;2025-12-22;18;2069
1;2025-12-22;19;1500
1;2025-12-22;20;954
1;2025-12-22;21;471
1;2025-12-22;22;151
1;2025-12-22;23;45
1;2025-12-23;0;4
1;2025-12-23;1;0
1;2025-12-23;2;0
1;2025-12-23;3;0
1;2025-12-23;4;9
1;2025-12-23;5;118
1;2025-12-23;6;528
1;2025-12-23;7;1559
1;2025-12-23;8;2058
1;2025-12-23;9;1546
1;2025-12-23;10;1409
1;2025-12-23;11;1419
1;2025-12-23;12;1445
1;2025-12-23;13;1495
1;2025-12-23;14;1436
1;2025-12-23;15;1529
1;2025-12-23;16;1568
1;2025-12-23;17;1855
1;2025-12-23;18;1879
1;2025-12-23;19;1383
1;2025-12-23;20;919
1;2025-12-23;21;499
1;2025-12-23;22;182
1;2025-12-23;23;35
1;2025-12-24;0;4
1;2025-12-24;1;0
1;2025-12-24;2;0
1;2025-12-24;3;0
1;2025-12-24;4;9
1;2025-12-24;5;118
1;2025-12-24;6;528
1;2025-12-24;7;1559
1;2025-12-24;8;2058
1;2025-12-24;9;1546
1;2025-12-24;10;1409
1;2025-12-24;11;1419
1;2025-12-24;12;1445
1;2025-12-24;13;1495
1;2025-12-24;14;1436
1;2025-12-24;15;1529
1;2025-12-24;16;1568
1;2025-12-24;17;1855
1;2025-12-24;18;1879
1;2025-12-24;19;1383
1;2025-12-24;20;919
1;2025-12-24;21;499
1;2025-12-24;22;182
1;2025-12-24;23;35
1;2025-12-25;0;4
1;2025-12-25;1;0
1;2025-12-25;2;0
1;2025-12-25;3;0
1;2025-12-25;4;9
1;2025-12-25;5;118
1;2025-12-25;6;528
1;2025-12-25;7;1559
1;2025-12-25;8;2058
1;2025-12-25;9;1546
1;2025-12-25;10;1409
1;2025-12-25;11;1419
1;2025-12-25;12;1445
1;2025-12-25;13;1495
1;2025-12-25;14;1436
1;2025-12-25;15;1529
1;2025-12-25;16;1568
1;2025-12-25;17;1855
1;2025-12-25;18;1879
1;2025-12-25;19;1383
1;2025-12-25;20;919
1;2025-12-25;21;499
1;2025-12-25;22;182
1;2025-12-25;23;35
1;2025-12-26;0;3
1;2025-12-26;1;0
1;2025-12-26;2;0
1;2025-12-26;3;0
1;2025-12-26;4;7
1;2025-12-26;5;142
1;2025-12-26;6;525
1;2025-12-26;7;1556
1;2025-12-26;8;1876
1;2025-12-26;9;1451
1;2025-12-26;10;1335
1;2025-12-26;11;1419
1;2025-12-26;12;1398
1;2025-12-26;13;1430
1;2025-12-26;14;1425
1;2025-12-26;15;1592
1;2025-12-26;16;1646
1;2025-12-26;17;1874
1;2025-12-26;18;1528
1;2025-12-26;19;1322
1;2025-12-26;20;824
1;2025-12-26;21;509
1;2025-12-26;22;191
1;2025-12-26;23;40
1;2025-12-27;0;4
1;2025-12-27;1;0
1;2025-12-27;2;0
1;2025-12-27;3;0
1;2025-12-27;4;0
1;2025-12-27;5;35
1;2025-12-27;6;171
1;2025-12-27;7;400
1;2025-12-27;8;571
1;2025-12-27;9;843
1;2025-12-27;10;1037
1;2025-12-27;11;1020
1;2025-12-27;12;1219
1;2025-12-27;13;1272
1;2025-12-27;14;1196
1;2025-12-27;15;1035
1;2025-12-27;16;884
1;2025-12-27;17;835
1;2025-12-27;18;737
1;2025-12-27;19;596
1;2025-12-27;20;481
1;2025-12-27;21;337
1;2025-12-27;22;126
1;2025-12-27;23;28
1;2025-12-28;0;0
1;2025-12-28;1;0
1;2025-12-28;2;0
1;2025-12-28;3;0
1;2025-12-28;4;0
1;2025-12-28;5;22
1;2025-12-28;6;116
1;2025-12-28;7;271
1;2025-12-28;8;362
1;2025-12-28;9;614
1;2025-12-28;10;704
1;2025-12-28;11;722
1;2025-12-28;12;847
1;2025-12-28;13;864
1;2025-12-28;14;802
1;2025-12-28;15;725
1;2025-12-28;16;675
1;2025-12-28;17;608
1;2025-12-28;18;504
1;2025-12-28;19;453
1;2025-12-28;20;335
1;2025-12-28;21;274
1;2025-12-28;22;102
1;2025-12-28;23;27
1;2025-12-29;0;0
1;2025-12-29;1;0
1;2025-12-29;2;0
1;2025-12-29;3;0
1;2025-12-29;4;8
1;2025-12-29;5;119
1;2025-12-29;6;432
1;2025-12-29;7;1300
1;2025-12-29;8;1744
1;2025-12-29;9;1305
1;2025-12-29;10;1114
1;2025-12-29;11;1081
1;2025-12-29;12;1192
1;2025-12-29;13;1278
1;2025-12-29;14;1317
1;2025-12-29;15;1393
1;2025-12-29;16;1451
1;2025-12-29;17;1659
1;2025-12-29;18;1758
1;2025-12-29;19;1275
1;2025-12-29;20;811
1;2025-12-29;21;400
1;2025-12-29;22;128
1;2025-12-29;23;38
1;2025-12-30;0;4
1;2025-12-30;1;0
1;2025-12-30;2;0
1;2025-12-30;3;0
1;2025-12-30;4;8
1;2025-12-30;5;100
1;2025-12-30;6;449
1;2025-12-30;7;1325
1;2025-12-30;8;1749
1;2025-12-30;9;1314
1;2025-12-30;10;1197
1;2025-12-30;11;1206
1;2025-12-30;12;1228
1;2025-12-30;13;1271
1;2025-12-30;14;1220
1;2025-12-30;15;1300
1;2025-12-30;16;1332
1;2025-12-30;17;1577
1;2025-12-30;18;1597
1;2025-12-30;19;1176
1;2025-12-30;20;782
1;2025-12-30;21;424
1;2025-12-30;22;155
1;2025-12-30;23;30
1;2025-12-31;0;0
1;2025-12-31;1;0
1;2025-12-31;2;0
1;2025-12-31;3;0
1;2025-12-31;4;0
1;2025-12-31;5;19
1;2025-12-31;6;99
1;2025-12-31;7;230
1;2025-12-31;8;307
1;2025-12-31;9;522
1;2025-12-31;10;599
1;2025-12-31;11;613
1;2025-12-31;12;720
1;2025-12-31;13;735
1;2025-12-31;14;682
1;2025-12-31;15;616
1;2025-12-31;16;574
1;2025-12-31;17;517
1;2025-12-31;18;428
1;2025-12-31;19;385
1;2025-12-31;20;285
1;2025-12-31;21;233
1;2025-12-31;22;87
1;2025-12-31;23;23
5;2025-11-01;0;0
5;2025-11-01;1;0
5;2025-11-01;2;0
5;2025-11-01;3;0
5;2025-11-01;4;0
5;2025-11-01;5;0
5;2025-11-01;6;0
5;2025-11-01;7;0
5;2025-11-01;8;0
5;2025-11-01;9;0
5;2025-11-01;10;0
5;2025-11-01;11;0
5;2025-11-01;12;0
5;2025-11-01;13;0
5;2025-11-01;14;0
5;2025-11-01;15;0
5;2025-11-01;16;0
5;2025-11-01;17;0
5;2025-11-01;18;0
5;2025-11-01;19;0
5;2025-11-01;20;0
5;2025-11-01;21;0
5;2025-11-01;22;0
5;2025-11-01;23;0
5;2025-11-02;0;0
5;2025-11-02;1;0
5;2025-11-02;2;0
5;2025-11-02;3;0
5;2025-11-02;4;0
5;2025-11-02;5;0
5;2025-11-02;6;0
5;2025-11-02;7;0
5;2025-11-02;8;0
5;2025-11-02;9;0
5;2025-11-02;10;0
5;2025-11-02;11;0
5;2025-11-02;12;0
5;2025-11-02;13;0
5;2025-11-02;14;0
5;2025-11-02;15;0
5;2025-11-02;16;0
5;2025-11-02;17;0
5;2025-11-02;18;0
5;2025-11-02;19;0
5;2025-11-02;20;0
5;2025-11-02;21;0
5;2025-11-02;22;0
5;2025-11-02;23;0
5;2025-11-03;0;0
5;2025-11-03;1;0
5;2025-11-03;2;0
5;2025-11-03;3;0
5;2025-11-03;4;0
5;2025-11-03;5;0
5;2025-11-03;6;0
5;2025-11-03;7;0
5;2025-11-03;8;0
5;2025-11-03;9;0
5;2025-11-03;10;0
5;2025-11-03;11;0
5;2025-11-03;12;0
5;2025-11-03;13;0
5;2025-11-03;14;0
5;2025-11-03;15;0
5;2025-11-03;16;0
5;2025-11-03;17;0
5;2025-11-03;18;0
5;2025-11-03;19;0
5;2025-11-03;20;0
5;2025-11-03;21;0
5;2025-11-03;22;0
5;2025-11-03;23;0
5;2025-11-04;0;0
5;2025-11-04;1;0
5;2025-11-04;2;0
5;2025-11-04;3;0
5;2025-11-04;4;0
5;2025-11-04;5;0
5;2025-11-04;6;0
5;2025-11-04;7;0
5;2025-11-04;8;0
5;2025-11-04;9;0
5;2025-11-04;10;0
5;2025-11-04;11;0
5;2025-11-04;12;0
5;2025-11-04;13;0
5;2025-11-04;14;0
5;2025-11-04;15;0
5;2025-11-04;16;0
5;2025-11-04;17;0
5;2025-11-04;18;0
5;2025-11-04;19;0
5;2025-11-04;20;0
5;2025-11-04;21;0
5;2025-11-04;22;0
5;2025-11-04;23;0
5;2025-11-05;0;0
5;2025-11-05;1;0
5;2025-11-05;2;0
5;2025-11-05;3;0
5;2025-11-05;4;0
5;2025-11-05;5;0
5;2025-11-05;6;0
5;2025-11-05;7;0
5;2025-11-05;8;0
5;2025-11-05;9;0
5;2025-11-05;10;0
5;2025-11-05;11;0
5;2025-11-05;12;0
5;2025-11-05;13;0
5;2025-11-05;14;0
5;2025-11-05;15;0
5;2025-11-05;16;0
5;2025-11-05;17;0
5;2025-11-05;18;0
5;2025-11-05;19;0
5;2025-11-05;20;0
5;2025-11-05;21;0
5;2025-11-05;22;0
5;2025-11-05;23;0
5;2025-11-06;0;0
5;2025-11-06;1;0
5;2025-11-06;2;0
5;2025-11-06;3;0
5;2025-11-06;4;0
5;2025-11-06;5;0
5;2025-11-06;6;0
5;2025-11-06;7;0
5;2025-11-06;8;0
5;2025-11-06;9;0
5;2025-11-06;10;0
5;2025-11-06;11;0
5;2025-11-06;12;0
5;2025-11-06;13;0
5;2025-11-06;14;0
5;2025-11-06;15;0
5;2025-11-06;16;0
5;2025-11-06;17;0
5;2025-11-06;18;0
5;2025-11-06;19;0
5;2025-11-06;20;0
5;2025-11-06;21;0
5;2025-11-06;22;0
5;2025-11-06;23;0
5;2025-11-07;0;0
5;2025-11-07;1;0
5;2025-11-07;2;0
5;2025-11-07;3;0
5;2025-11-07;4;0
5;2025-11-07;5;0
5;2025-11-07;6;0
5;2025-11-07;7;0
5;2025-11-07;8;0
5;2025-11-07;9;0
5;2025-11-07;10;0
5;2025-11-07;11;0
5;2025-11-07;12;0
5;2025-11-07;13;0
5;2025-11-07;14;0
5;2025-11-07;15;0
5;2025-11-07;16;0
5;2025-11-07;17;0
5;2025-11-07;18;0
5;2025-11-07;19;0
5;2025-11-07;20;0
5;2025-11-07;21;0
5;2025-11-07;22;0
5;2025-11-07;23;0
5;2025-11-08;0;0
5;2025-11-08;1;0
5;2025-11-08;2;0
5;2025-11-08;3;0
5;2025-11-08;4;0
5;2025-11-08;5;0
5;2025-11-08;6;0
5;2025-11-08;7;0
5;2025-11-08;8;0
5;2025-11-08;9;0
5;2025-11-08;10;0
5;2025-11-08;11;0
5;2025-11-08;12;0
5;2025-11-08;13;0
5;2025-11-08;14;0
5;2025-11-08;15;0
5;2025-11-08;16;0
5;2025-11-08;17;0
5;2025-11-08;18;0
5;2025-11-08;19;0
5;2025-11-08;20;0
5;2025-11-08;21;0
5;2025-11-08;22;0
5;2025-11-08;23;0
5;2025-11-09;0;0
5;2025-11-09;1;0
5;2025-11-09;2;0
5;2025-11-09;3;0
5;2025-11-09;4;0
5;2025-11-09;5;0
5;2025-11-09;6;0
5;2025-11-09;7;0
5;2025-11-09;8;0
5;2025-11-09;9;0
5;2025-11-09;10;0
5;2025-11-09;11;0
5;2025-11-09;12;0
5;2025-11-09;13;0
5;2025-11-09;14;0
5;2025-11-09;15;0
5;2025-11-09;16;0
5;2025-11-09;17;0
5;2025-11-09;18;0
5;2025-11-09;19;0
5;2025-11-09;20;0
5;2025-11-09;21;0
5;2025-11-09;22;0
5;2025-11-09;23;0
5;2025-11-10;0;0
5;2025-11-10;1;0
5;2025-11-10;2;0
5;2025-11-10;3;0
5;2025-11-10;4;0
5;2025-11-10;5;0
5;2025-11-10;6;0
5;2025-11-10;7;0
5;2025-11-10;8;0
5;2025-11-10;9;0
5;2025-11-10;10;0
5;2025-11-10;11;0
5;2025-11-10;12;0
5;2025-11-10;13;0
5;2025-11-10;14;0
5;2025-11-10;15;0
5;2025-11-10;16;0
5;2025-11-10;17;0
5;2025-11-10;18;0
5;2025-11-10;19;0
5;2025-11-10;20;0
5;2025-11-10;21;0
5;2025-11-10;22;0
5;2025-11-10;23;0
5;2025-11-11;0;0
5;2025-11-11;1;0
5;2025-11-11;2;0
5;2025-11-11;3;0
5;2025-11-11;4;0
5;2025-11-11;5;0
5;2025-11-11;6;0
5;2025-11-11;7;0
5;2025-11-11;8;0
5;2025-11-11;9;0
5;2025-11-11;10;0
5;2025-11-11;11;0
5;2025-11-11;12;0
5;2025-11-11;13;0
5;2025-11-11;14;0
5;2025-11-11;15;0
5;2025-11-11;16;0
5;2025-11-11;17;0
5;2025-11-11;18;0
5;2025-11-11;19;0
5;2025-11-11;20;0
5;2025-11-11;21;0
5;2025-11-11;22;0
5;2025-11-11;23;0
5;2025-11-12;0;0
5;2025-11-12;1;0
5;2025-11-12;2;0
5;2025-11-12;3;0
5;2025-11-12;4;0
5;2025-11-12;5;0
5;2025-11-12;6;0
5;2025-11-12;7;0
5;2025-11-12;8;0
5;2025-11-12;9;0
5;2025-11-12;10;0
5;2025-11-12;11;0
5;2025-11-12;12;0
5;2025-11-12;13;0
5;2025-11-12;14;0
5;2025-11-12;15;0
5;2025-11-12;16;0
5;2025-11-12;17;0
5;2025-11-12;18;0
5;2025-11-12;19;0
5;2025-11-12;20;0
5;2025-11-12;21;0
5;2025-11-12;22;0
5;2025-11-12;23;0
5;2025-11-13;0;0
5;2025-11-13;1;0
5;2025-11-13;2;0
5;2025-11-13;3;0
5;2025-11-13;4;0
5;2025-11-13;5;0
5;2025-11-13;6;0
5;2025-11-13;7;0
5;2025-11-13;8;0
5;2025-11-13;9;0
5;2025-11-13;10;0
5;2025-11-13;11;0
5;2025-11-13;12;0
5;2025-11-13;13;0
5;2025-11-13;14;0
5;2025-11-13;15;0
5;2025-11-13;16;0
5;2025-11-13;17;0
5;2025-11-13;18;0
5;2025-11-13;19;0
5;2025-11-13;20;0
5;2025-11-13;21;0
5;2025-11-13;22;0
5;2025-11-13;23;0
5;2025-11-14;0;0
5;2025-11-14;1;0
5;2025-11-14;2;0
5;2025-11-14;3;0
5;2025-11-14;4;0
5;2025-11-14;5;0
5;2025-11-14;6;0
5;2025-11-14;7;0
5;2025-11-14;8;0
5;2025-11-14;9;0
5;2025-11-14;10;0
5;2025-11-14;11;0
5;2025-11-14;12;0
5;2025-11-14;13;0
5;2025-11-14;14;0
5;2025-11-14;15;0
5;2025-11-14;16;0
5;2025-11-14;17;0
5;2025-11-14;18;0
5;2025-11-14;19;0
5;2025-11-14;20;0
5;2025-11-14;21;0
5;2025-11-14;22;0
5;2025-11-14;23;0
5;2025-11-15;0;0
5;2025-11-15;1;0
5;2025-11-15;2;0
5;2025-11-15;3;0
5;2025-11-15;4;0
5;2025-11-15;5;0
5;2025-11-15;6;0
5;2025-11-15;7;0
5;2025-11-15;8;0
5;2025-11-15;9;0
5;2025-11-15;10;0
5;2025-11-15;11;0
5;2025-11-15;12;0
5;2025-11-15;13;0
5;2025-11-15;14;0
5;2025-11-15;15;0
5;2025-11-15;16;0
5;2025-11-15;17;0
5;2025-11-15;18;0
5;2025-11-15;19;0
5;2025-11-15;20;0
5;2025-11-15;21;0
5;2025-11-15;22;0
5;2025-11-15;23;0
5;2025-11-16;0;0
5;2025-11-16;1;0
5;2025-11-16;2;0
5;2025-11-16;3;0
5;2025-11-16;4;0
5;2025-11-16;5;0
5;2025-11-16;6;0
5;2025-11-16;7;0
5;2025-11-16;8;0
5;2025-11-16;9;0
5;2025-11-16;10;0
5;2025-11-16;11;0
5;2025-11-16;12;0
5;2025-11-16;13;0
5;2025-11-16;14;0
5;2025-11-16;15;0
5;2025-11-16;16;0
5;2025-11-16;17;0
5;2025-11-16;18;0
5;2025-11-16;19;0
5;2025-11-16;20;0
5;2025-11-16;21;0
5;2025-11-16;22;0
5;2025-11-16;23;0
5;2025-11-17;0;0
5;2025-11-17;1;0
5;2025-11-17;2;0
5;2025-11-17;3;0
5;2025-11-17;4;0
5;2025-11-17;5;0
5;2025-11-17;6;0
5;2025-11-17;7;0
5;2025-11-17;8;0
5;2025-11-17;9;0
5;2025-11-17;10;0
5;2025-11-17;11;0
5;2025-11-17;12;0
5;2025-11-17;13;0
5;2025-11-17;14;0
5;2025-11-17;15;0
5;2025-11-17;16;0
5;2025-11-17;17;0
5;2025-11-17;18;0
5;2025-11-17;19;0
5;2025-11-17;20;0
5;2025-11-17;21;0
5;2025-11-17;22;0
5;2025-11-17;23;0
5;2025-11-18;0;0
5;2025-11-18;1;0
5;2025-11-18;2;0
5;2025-11-18;3;0
5;2025-11-18;4;0
5;2025-11-18;5;0
5;2025-11-18;6;0
5;2025-11-18;7;0
5;2025-11-18;8;0
5;2025-11-18;9;0
5;2025-11-18;10;0
5;2025-11-18;11;0
5;2025-11-18;12;0
5;2025-11-18;13;0
5;2025-11-18;14;0
5;2025-11-18;15;0
5;2025-11-18;16;0
5;2025-11-18;17;0
5;2025-11-18;18;0
5;2025-11-18;19;0
5;2025-11-18;20;0
5;2025-11-18;21;0
5;2025-11-18;22;0
5;2025-11-18;23;0
5;2025-11-19;0;0
5;2025-11-19;1;0
5;2025-11-19;2;0
5;2025-11-19;3;0
5;2025-11-19;4;0
5;2025-11-19;5;0
5;2025-11-19;6;0
5;2025-11-19;7;0
5;2025-11-19;8;0
5;2025-11-19;9;0
5;2025-11-19;10;0
5;2025-11-19;11;0
5;2025-11-19;12;0
5;2025-11-19;13;0
5;2025-11-19;14;0
5;2025-11-19;15;0
5;2025-11-19;16;0
5;2025-11-19;17;0
5;2025-11-19;18;0
5;2025-11-19;19;0
5;2025-11-19;20;0
5;2025-11-19;21;0
5;2025-11-19;22;0
5;2025-11-19;23;0
5;2025-11-20;0;0
5;2025-11-20;1;0
5;2025-11-20;2;0
5;2025-11-20;3;0
5;2025-11-20;4;0
5;2025-11-20;5;0
5;2025-11-20;6;0
5;2025-11-20;7;0
5;2025-11-20;8;0
5;2025-11-20;9;0
5;2025-11-20;10;0
5;2025-11-20;11;0
5;2025-11-20;12;0
5;2025-11-20;13;0
5;2025-11-20;14;0
5;2025-11-20;15;0
5;2025-11-20;16;0
5;2025-11-20;17;0
5;2025-11-20;18;0
5;2025-11-20;19;0
5;2025-11-20;20;0
5;2025-11-20;21;0
5;2025-11-20;22;0
5;2025-11-20;23;0
5;2025-11-21;0;0
5;2025-11-21;1;0
5;2025-11-21;2;0
5;2025-11-21;3;0
5;2025-11-21;4;0
5;2025-11-21;5;0
5;2025-11-21;6;0
5;2025-11-21;7;0
5;2025-11-21;8;0
5;2025-11-21;9;0
5;2025-11-21;10;0
5;2025-11-21;11;0
5;2025-11-21;12;0
5;2025-11-21;13;0
5;2025-11-21;14;0
5;2025-11-21;15;0
5;2025-11-21;16;0
5;2025-11-21;17;0
5;2025-11-21;18;0
5;2025-11-21;19;0
5;2025-11-21;20;0
5;2025-11-21;21;0
5;2025-11-21;22;0
5;2025-11-21;23;0
5;2025-11-22;0;0
5;2025-11-22;1;0
5;2025-11-22;2;0
5;2025-11-22;3;0
5;2025-11-22;4;0
5;2025-11-22;5;0
5;2025-11-22;6;0
5;2025-11-22;7;0
5;2025-11-22;8;0
5;2025-11-22;9;0
5;2025-11-22;10;0
5;2025-11-22;11;0
5;2025-11-22;12;0
5;2025-11-22;13;0
5;2025-11-22;14;0
5;2025-11-22;15;0
5;2025-11-22;16;0
5;2025-11-22;17;0
5;2025-11-22;18;0
5;2025-11-22;19;0
5;2025-11-22;20;0
5;2025-11-22;21;0
5;2025-11-22;22;0
5;2025-11-22;23;0
5;2025-11-23;0;0
5;2025-11-23;1;0
5;2025-11-23;2;0
5;2025-11-23;3;0
5;2025-11-23;4;0
5;2025-11-23;5;0
5;2025-11-23;6;0
5;2025-11-23;7;0
5;2025-11-23;8;0
5;2025-11-23;9;0
5;2025-11-23;10;0
5;2025-11-23;11;0
5;2025-11-23;12;0
5;2025-11-23;13;0
5;2025-11-23;14;0
5;2025-11-23;15;0
5;2025-11-23;16;0
5;2025-11-23;17;0
5;2025-11-23;18;0
5;2025-11-23;19;0
5;2025-11-23;20;0
5;2025-11-23;21;0
5;2025-11-23;22;0
5;2025-11-23;23;0
5;2025-11-24;0;0
5;2025-11-24;1;0
5;2025-11-24;2;0
5;2025-11-24;3;0
5;2025-11-24;4;0
5;2025-11-24;5;0
5;2025-11-24;6;0
5;2025-11-24;7;0
5;2025-11-24;8;0
5;2025-11-24;9;0
5;2025-11-24;10;0
5;2025-11-24;11;0
5;2025-11-24;12;0
5;2025-11-24;13;0
5;2025-11-24;14;0
5;2025-11-24;15;0
5;2025-11-24;16;0
5;2025-11-24;17;0
5;2025-11-24;18;0
5;2025-11-24;19;0
5;2025-11-24;20;0
5;2025-11-24;21;0
5;2025-11-24;22;0
5;2025-11-24;23;0
5;2025-11-25;0;0
5;2025-11-25;1;0
5;2025-11-25;2;0
5;2025-11-25;3;0
5;2025-11-25;4;0
5;2025-11-25;5;0
5;2025-11-25;6;0
5;2025-11-25;7;0
5;2025-11-25;8;0
5;2025-11-25;9;0
5;2025-11-25;10;0
5;2025-11-25;11;0
5;2025-11-25;12;0
5;2025-11-25;13;0
5;2025-11-25;14;0
5;2025-11-25;15;0
5;2025-11-25;16;0
5;2025-11-25;17;0
5;2025-11-25;18;0
5;2025-11-25;19;0
5;2025-11-25;20;0
5;2025-11-25;21;0
5;2025-11-25;22;0
5;2025-11-25;23;0
5;2025-11-26;0;0
5;2025-11-26;1;0
5;2025-11-26;2;0
5;2025-11-26;3;0
5;2025-11-26;4;0
5;2025-11-26;5;0
5;2025-11-26;6;0
5;2025-11-26;7;0
5;2025-11-26;8;0
5;2025-11-26;9;0
5;2025-11-26;10;0
5;2025-11-26;11;0
5;2025-11-26;12;0
5;2025-11-26;13;0
5;2025-11-26;14;0
5;2025-11-26;15;0
5;2025-11-26;16;0
5;2025-11-26;17;0
5;2025-11-26;18;0
5;2025-11-26;19;0
5;2025-11-26;20;0
5;2025-11-26;21;0
5;2025-11-26;22;0
5;2025-11-26;23;0
5;2025-11-27;0;0
5;2025-11-27;1;0
5;2025-11-27;2;0
5;2025-11-27;3;0
5;2025-11-27;4;0
5;2025-11-27;5;0
5;2025-11-27;6;0
5;2025-11-27;7;0
5;2025-11-27;8;0
5;2025-11-27;9;0
5;2025-11-27;10;0
5;2025-11-27;11;0
5;2025-11-27;12;0
5;2025-11-27;13;0
5;2025-11-27;14;0
5;2025-11-27;15;0
5;2025-11-27;16;0
5;2025-11-27;17;0
5;2025-11-27;18;0
5;2025-11-27;19;0
5;2025-11-27;20;0
5;2025-11-27;21;0
5;2025-11-27;22;0
5;2025-11-27;23;0
5;2025-11-28;0;0
5;2025-11-28;1;0
5;2025-11-28;2;0
5;2025-11-28;3;0
5;2025-11-28;4;0
5;2025-11-28;5;0
5;2025-11-28;6;0
5;2025-11-28;7;0
5;2025-11-28;8;0
5;2025-11-28;9;0
5;2025-11-28;10;0
5;2025-11-28;11;0
5;2025-11-28;12;0
5;2025-11-28;13;0
5;2025-11-28;14;0
5;2025-11-28;15;0
5;2025-11-28;16;0
5;2025-11-28;17;0
5;2025-11-28;18;0
5;2025-11-28;19;0
5;2025-11-28;20;0
5;2025-11-28;21;0
5;2025-11-28;22;0
5;2025-11-28;23;0
5;2025-11-29;0;0
5;2025-11-29;1;0
5;2025-11-29;2;0
5;2025-11-29;3;0
5;2025-11-29;4;0
5;2025-11-29;5;0
5;2025-11-29;6;0
5;2025-11-29;7;0
5;2025-11-29;8;0
5;2025-11-29;9;0
5;2025-11-29;10;0
5;2025-11-29;11;0
5;2025-11-29;12;0
5;2025-11-29;13;0
5;2025-11-29;14;0
5;2025-11-29;15;0
5;2025-11-29;16;0
5;2025-11-29;17;0
5;2025-11-29;18;0
5;2025-11-29;19;0
5;2025-11-29;20;0
5;2025-11-29;21;0
5;2025-11-29;22;0
5;2025-11-29;23;0
5;2025-11-30;0;0
5;2025-11-30;1;0
5;2025-11-30;2;0
5;2025-11-30;3;0
5;2025-11-30;4;0
5;2025-11-30;5;0
5;2025-11-30;6;0
5;2025-11-30;7;0
5;2025-11-30;8;0
5;2025-11-30;9;0
5;2025-11-30;10;0
5;2025-11-30;11;0
5;2025-11-30;12;0
5;2025-11-30;13;0
5;2025-11-30;14;0
5;2025-11-30;15;0
5;2025-11-30;16;0
5;2025-11-30;17;0
5;2025-11-30;18;0
5;2025-11-30;19;0
5;2025-11-30;20;0
5;2025-11-30;21;0
5;2025-11-30;22;0
5;2025-11-30;23;0
5;2025-12-01;0;0
5;2025-12-01;1;0
5;2025-12-01;2;0
5;2025-12-01;3;0
5;2025-12-01;4;0
5;2025-12-01;5;0
5;2025-12-01;6;0
5;2025-12-01;7;0
5;2025-12-01;8;0
5;2025-12-01;9;0
5;2025-12-01;10;0
5;2025-12-01;11;0
5;2025-12-01;12;0
5;2025-12-01;13;0
5;2025-12-01;14;0
5;2025-12-01;15;0
5;2025-12-01;16;0
5;2025-12-01;17;0
5;2025-12-01;18;0
5;2025-12-01;19;0
5;2025-12-01;20;0
5;2025-12-01;21;0
5;2025-12-01;22;0
5;2025-12-01;23;0
5;2025-12-02;0;0
5;2025-12-02;1;0
5;2025-12-02;2;0
5;2025-12-02;3;0
5;2025-12-02;4;0
5;2025-12-02;5;0
5;2025-12-02;6;0
5;2025-12-02;7;0
5;2025-12-02;8;0
5;2025-12-02;9;0
5;2025-12-02;10;0
5;2025-12-02;11;0
5;2025-12-02;12;0
5;2025-12-02;13;0
5;2025-12-02;14;0
5;2025-12-02;15;0
5;2025-12-02;16;0
5;2025-12-02;17;0
5;2025-12-02;18;0
5;2025-12-02;19;0
5;2025-12-02;20;0
5;2025-12-02;21;0
5;2025-12-02;22;0
5;2025-12-02;23;0
5;2025-12-03;0;0
5;2025-12-03;1;0
5;2025-12-03;2;0
5;2025-12-03;3;0
5;2025-12-03;4;0
5;2025-12-03;5;0
5;2025-12-03;6;0
5;2025-12-03;7;0
5;2025-12-03;8;0
5;2025-12-03;9;0
5;2025-12-03;10;0
5;2025-12-03;11;0
5;2025-12-03;12;0
5;2025-12-03;13;0
5;2025-12-03;14;0
5;2025-12-03;15;0
5;2025-12-03;16;0
5;2025-12-03;17;0
5;2025-12-03;18;0
5;2025-12-03;19;0
5;2025-12-03;20;0
5;2025-12-03;21;0
5;2025-12-03;22;0
5;2025-12-03;23;0
5;2025-12-04;0;0
5;2025-12-04;1;0
5;2025-12-04;2;0
5;2025-12-04;3;0
5;2025-12-04;4;0
5;2025-12-04;5;0
5;2025-12-04;6;0
5;2025-12-04;7;0
5;2025-12-04;8;0
5;2025-12-04;9;0
5;2025-12-04;10;0
5;2025-12-04;11;0
5;2025-12-04;12;0
5;2025-12-04;13;0
5;2025-12-04;14;0
5;2025-12-04;15;0
5;2025-12-04;16;0
5;2025-12-04;17;0
5;2025-12-04;18;0
5;2025-12-04;19;0
5;2025-12-04;20;0
5;2025-12-04;21;0
5;2025-12-04;22;0
5;2025-12-04;23;0
5;2025-12-05;0;0
5;2025-12-05;1;0
5;2025-12-05;2;0
5;2025-12-05;3;0
5;2025-12-05;4;0
5;2025-12-05;5;0
5;2025-12-05;6;0
5;2025-12-05;7;0
5;2025-12-05;8;0
5;2025-12-05;9;0
5;2025-12-05;10;0
5;2025-12-05;11;0
5;2025-12-05;12;0
5;2025-12-05;13;0
5;2025-12-05;14;0
5;2025-12-05;15;0
5;2025-12-05;16;0
5;2025-12-05;17;0
5;2025-12-05;18;0
5;2025-12-05;19;0
5;2025-12-05;20;0
5;2025-12-05;21;0
5;2025-12-05;22;0
5;2025-12-05;23;0
5;2025-12-06;0;0
5;2025-12-06;1;0
5;2025-12-06;2;0
5;2025-12-06;3;0
5;2025-12-06;4;0
5;2025-12-06;5;0
5;2025-12-06;6;0
5;2025-12-06;7;0
5;2025-12-06;8;0
5;2025-12-06;9;0
5;2025-12-06;10;0
5;2025-12-06;11;0
5;2025-12-06;12;0
5;2025-12-06;13;0
5;2025-12-06;14;0
5;2025-12-06;15;0
5;2025-12-06;16;0
5;2025-12-06;17;0
5;2025-12-06;18;0
5;2025-12-06;19;0
5;2025-12-06;20;0
5;2025-12-06;21;0
5;2025-12-06;22;0
5;2025-12-06;23;0
5;2025-12-07;0;0
5;2025-12-07;1;0
5;2025-12-07;2;0
5;2025-12-07;3;0
5;2025-12-07;4;0
5;2025-12-07;5;0
5;2025-12-07;6;0
5;2025-12-07;7;0
5;2025-12-07;8;0
5;2025-12-07;9;0
5;2025-12-07;10;0
5;2025-12-07;11;0
5;2025-12-07;12;0
5;2025-12-07;13;0
5;2025-12-07;14;0
5;2025-12-07;15;0
5;2025-12-07;16;0
5;2025-12-07;17;0
5;2025-12-07;18;0
5;2025-12-07;19;0
5;2025-12-07;20;0
5;2025-12-07;21;0
5;2025-12-07;22;0
5;2025-12-07;23;0
5;2025-12-08;0;0
5;2025-12-08;1;0
5;2025-12-08;2;0
5;2025-12-08;3;0
5;2025-12-08;4;0
5;2025-12-08;5;0
5;2025-12-08;6;0
5;2025-12-08;7;0
5;2025-12-08;8;0
5;2025-12-08;9;0
5;2025-12-08;10;0
5;2025-12-08;11;0
5;2025-12-08;12;0
5;2025-12-08;13;0
5;2025-12-08;14;0
5;2025-12-08;15;0
5;2025-12-08;16;0
5;2025-12-08;17;0
5;2025-12-08;18;0
5;2025-12-08;19;0
5;2025-12-08;20;0
5;2025-12-08;21;0
5;2025-12-08;22;0
5;2025-12-08;23;0
5;2025-12-09;0;0
5;2025-12-09;1;0
5;2025-12-09;2;0
5;2025-12-09;3;0
5;2025-12-09;4;0
5;2025-12-09;5;0
5;2025-12-09;6;0
5;2025-12-09;7;0
5;2025-12-09;8;0
5;2025-12-09;9;0
5;2025-12-09;10;0
5;2025-12-09;11;0
5;2025-12-09;12;0
5;2025-12-09;13;0
5;2025-12-09;14;0
5;2025-12-09;15;0
5;2025-12-09;16;0
5;2025-12-09;17;0
5;2025-12-09;18;0
5;2025-12-09;19;0
5;2025-12-09;20;0
5;2025-12-09;21;0
5;2025-12-09;22;0
5;2025-12-09;23;0
5;2025-12-10;0;0
5;2025-12-10;1;0
5;2025-12-10;2;0
5;2025-12-10;3;0
5;2025-12-10;4;0
5;2025-12-10;5;0
5;2025-12-10;6;0
5;2025-12-10;7;0
5;2025-12-10;8;0
5;2025-12-10;9;0
5;2025-12-10;10;0
5;2025-12-10;11;0
5;2025-12-10;12;0
5;2025-12-10;13;0
5;2025-12-10;14;0
5;2025-12-10;15;0
5;2025-12-10;16;0
5;2025-12-10;17;0
5;2025-12-10;18;0
5;2025-12-10;19;0
5;2025-12-10;20;0
5;2025-12-10;21;0
5;2025-12-10;22;0
5;2025-12-10;23;0
5;2025-12-11;0;0
5;2025-12-11;1;0
5;2025-12-11;2;0
5;2025-12-11;3;0
5;2025-12-11;4;0
5;2025-12-11;5;0
5;2025-12-11;6;0
5;2025-12-11;7;0
5;2025-12-11;8;0
5;2025-12-11;9;0
5;2025-12-11;10;0
5;2025-12-11;11;0
5;2025-12-11;12;0
5;2025-12-11;13;0
5;2025-12-11;14;0
5;2025-12-11;15;0
5;2025-12-11;16;0
5;2025-12-11;17;0
5;2025-12-11;18;0
5;2025-12-11;19;0
5;2025-12-11;20;0
5;2025-12-11;21;0
5;2025-12-11;22;0
5;2025-12-11;23;0
5;2025-12-12;0;0
5;2025-12-12;1;0
5;2025-12-12;2;0
5;2025-12-12;3;0
5;2025-12-12;4;0
5;2025-12-12;5;0
5;2025-12-12;6;0
5;2025-12-12;7;0
5;2025-12-12;8;0
5;2025-12-12;9;0
5;2025-12-12;10;0
5;2025-12-12;11;0
5;2025-12-12;12;0
5;2025-12-12;13;0
5;2025-12-12;14;0
5;2025-12-12;15;0
5;2025-12-12;16;0
5;2025-12-12;17;0
5;2025-12-12;18;0
5;2025-12-12;19;0
5;2025-12-12;20;0
5;2025-12-12;21;0
5;2025-12-12;22;0
5;2025-12-12;23;0
5;2025-12-13;0;0
5;2025-12-13;1;0
5;2025-12-13;2;0
5;2025-12-13;3;0
5;2025-12-13;4;0
5;2025-12-13;5;0
5;2025-12-13;6;0
5;2025-12-13;7;0
5;2025-12-13;8;0
5;2025-12-13;9;0
5;2025-12-13;10;0
5;2025-12-13;11;0
5;2025-12-13;12;0
5;2025-12-13;13;0
5;2025-12-13;14;0
5;2025-12-13;15;0
5;2025-12-13;16;0
5;2025-12-13;17;0
5;2025-12-13;18;0
5;2025-12-13;19;0
5;2025-12-13;20;0
5;2025-12-13;21;0
5;2025-12-13;22;0
5;2025-12-13;23;0
5;2025-12-14;0;0
5;2025-12-14;1;0
5;2025-12-14;2;0
5;2025-12-14;3;0
5;2025-12-14;4;0
5;2025-12-14;5;0
5;2025-12-14;6;0
5;2025-12-14;7;0
5;2025-12-14;8;0
5;2025-12-14;9;0
5;2025-12-14;10;0
5;2025-12-14;11;0
5;2025-12-14;12;0
5;2025-12-14;13;0
5;2025-12-14;14;0
5;2025-12-14;15;0
5;2025-12-14;16;0
5;2025-12-14;17;0
5;2025-12-14;18;0
5;2025-12-14;19;0
5;2025-12-14;20;0
5;2025-12-14;21;0
5;2025-12-14;22;0
5;2025-12-14;23;0
5;2025-12-15;0;0
5;2025-12-15;1;0
5;2025-12-15;2;0
5;2025-12-15;3;0
5;2025-12-15;4;0
5;2025-12-15;5;0
5;2025-12-15;6;0
5;2025-12-15;7;0
5;2025-12-15;8;0
5;2025-12-15;9;0
5;2025-12-15;10;0
5;2025-12-15;11;0
5;2025-12-15;12;0
5;2025-12-15;13;0
5;2025-12-15;14;0
5;2025-12-15;15;0
5;2025-12-15;16;0
5;2025-12-15;17;0
5;2025-12-15;18;0
5;2025-12-15;19;0
5;2025-12-15;20;0
5;2025-12-15;21;0
5;2025-12-15;22;0
5;2025-12-15;23;0
5;2025-12-16;0;5
5;2025-12-16;1;0
5;2025-12-16;2;0
5;2025-12-16;3;0
5;2025-12-16;4;1
5;2025-12-16;5;23
5;2025-12-16;6;113
5;2025-12-16;7;276
5;2025-12-16;8;416
5;2025-12-16;9;289
5;2025-12-16;10;238
5;2025-12-16;11;231
5;2025-12-16;12;239
5;2025-12-16;13;243
5;2025-12-16;14;246
5;2025-12-16;15;262
5;2025-12-16;16;292
5;2025-12-16;17;357
5;2025-12-16;18;371
5;2025-12-16;19;262
5;2025-12-16;20;168
5;2025-12-16;21;104
5;2025-12-16;22;44
5;2025-12-16;23;20
5;2025-12-17;0;5
5;2025-12-17;1;0
5;2025-12-17;2;0
5;2025-12-17;3;0
5;2025-12-17;4;1
5;2025-12-17;5;23
5;2025-12-17;6;113
5;2025-12-17;7;276
5;2025-12-17;8;416
5;2025-12-17;9;289
5;2025-12-17;10;238
5;2025-12-17;11;231
5;2025-12-17;12;239
5;2025-12-17;13;243
5;2025-12-17;14;246
5;2025-12-17;15;262
5;2025-12-17;16;292
5;2025-12-17;17;357
5;2025-12-17;18;371
5;2025-12-17;19;262
5;2025-12-17;20;168
5;2025-12-17;21;104
5;2025-12-17;22;44
5;2025-12-17;23;20
5;2025-12-18;0;5
5;2025-12-18;1;0
5;2025-12-18;2;0
5;2025-12-18;3;0
5;2025-12-18;4;1
5;2025-12-18;5;23
5;2025-12-18;6;113
5;2025-12-18;7;276
5;2025-12-18;8;416
5;2025-12-18;9;289
5;2025-12-18;10;238
5;2025-12-18;11;231
5;2025-12-18;12;239
5;2025-12-18;13;243
5;2025-12-18;14;246
5;2025-12-18;15;262
5;2025-12-18;16;292
5;2025-12-18;17;357
5;2025-12-18;18;371
5;2025-12-18;19;262
5;2025-12-18;20;168
5;2025-12-18;21;104
5;2025-12-18;22;44
5;2025-12-18;23;20
5;2025-12-19;0;6
5;2025-12-19;1;0
5;2025-12-19;2;0
5;2025-12-19;3;0
5;2025-12-19;4;1
5;2025-12-19;5;24
5;2025-12-19;6;118
5;2025-12-19;7;283
5;2025-12-19;8;414
5;2025-12-19;9;285
5;2025-12-19;10;236
5;2025-12-19;11;233
5;2025-12-19;12;244
5;2025-12-19;13;252
5;2025-12-19;14;252
5;2025-12-19;15;282
5;2025-12-19;16;338
5;2025-12-19;17;360
5;2025-12-19;18;301
5;2025-12-19;19;236
5;2025-12-19;20;157
5;2025-12-19;21;106
5;2025-12-19;22;47
5;2025-12-19;23;27
5;2025-12-20;0;79
5;2025-12-20;1;7
5;2025-12-20;2;0
5;2025-12-20;3;0
5;2025-12-20;4;0
5;2025-12-20;5;14
5;2025-12-20;6;61
5;2025-12-20;7;86
5;2025-12-20;8;138
5;2025-12-20;9;176
5;2025-12-20;10;187
5;2025-12-20;11;211
5;2025-12-20;12;264
5;2025-12-20;13;259
5;2025-12-20;14;261
5;2025-12-20;15;280
5;2025-12-20;16;250
5;2025-12-20;17;238
5;2025-12-20;18;197
5;2025-12-20;19;160
5;2025-12-20;20;120
5;2025-12-20;21;85
5;2025-12-20;22;50
5;2025-12-20;23;26
5;2025-12-21;0;12
5;2025-12-21;1;2
5;2025-12-21;2;0
5;2025-12-21;3;0
5;2025-12-21;4;0
5;2025-12-21;5;11
5;2025-12-21;6;49
5;2025-12-21;7;73
5;2025-12-21;8;110
5;2025-12-21;9;149
5;2025-12-21;10;174
5;2025-12-21;11;215
5;2025-12-21;12;225
5;2025-12-21;13;251
5;2025-12-21;14;279
5;2025-12-21;15;277
5;2025-12-21;16;258
5;2025-12-21;17;292
5;2025-12-21;18;233
5;2025-12-21;19;188
5;2025-12-21;20;149
5;2025-12-21;21;106
5;2025-12-21;22;70
5;2025-12-21;23;29
5;2025-12-22;0;5
5;2025-12-22;1;1
5;2025-12-22;2;0
5;2025-12-22;3;0
5;2025-12-22;4;1
5;2025-12-22;5;23
5;2025-12-22;6;116
5;2025-12-22;7;279
5;2025-12-22;8;434
5;2025-12-22;9;300
5;2025-12-22;10;233
5;2025-12-22;11;222
5;2025-12-22;12;231
5;2025-12-22;13;246
5;2025-12-22;14;244
5;2025-12-22;15;261
5;2025-12-22;16;299
5;2025-12-22;17;356
5;2025-12-22;18;375
5;2025-12-22;19;256
5;2025-12-22;20;162
5;2025-12-22;21;100
5;2025-12-22;22;41
5;2025-12-22;23;17
5;2025-12-23;0;5
5;2025-12-23;1;0
5;2025-12-23;2;0
5;2025-12-23;3;0
5;2025-12-23;4;1
5;2025-12-23;5;23
5;2025-12-23;6;113
5;2025-12-23;7;276
5;2025-12-23;8;416
5;2025-12-23;9;289
5;2025-12-23;10;238
5;2025-12-23;11;231
5;2025-12-23;12;239
5;2025-12-23;13;243
5;2025-12-23;14;246
5;2025-12-23;15;262
5;2025-12-23;16;292
5;2025-12-23;17;357
5;2025-12-23;18;371
5;2025-12-23;19;262
5;2025-12-23;20;168
5;2025-12-23;21;104
5;2025-12-23;22;44
5;2025-12-23;23;20
5;2025-12-24;0;5
5;2025-12-24;1;0
5;2025-12-24;2;0
5;2025-12-24;3;0
5;2025-12-24;4;1
5;2025-12-24;5;23
5;2025-12-24;6;113
5;2025-12-24;7;276
5;2025-12-24;8;416
5;2025-12-24;9;289
5;2025-12-24;10;238
5;2025-12-24;11;231
5;2025-12-24;12;239
5;2025-12-24;13;243
5;2025-12-24;14;246
5;2025-12-24;15;262
5;2025-12-24;16;292
5;2025-12-24;17;357
5;2025-12-24;18;371
5;2025-12-24;19;262
5;2025-12-24;20;168
5;2025-12-24;21;104
5;2025-12-24;22;44
5;2025-12-24;23;20
5;2025-12-25;0;5
5;2025-12-25;1;0
5;2025-12-25;2;0
5;2025-12-25;3;0
5;2025-12-25;4;1
5;2025-12-25;5;23
5;2025-12-25;6;113
5;2025-12-25;7;276
5;2025-12-25;8;416
5;2025-12-25;9;289
5;2025-12-25;10;238
5;2025-12-25;11;231
5;2025-12-25;12;239
5;2025-12-25;13;243
5;2025-12-25;14;246
5;2025-12-25;15;262
5;2025-12-25;16;292
5;2025-12-25;17;357
5;2025-12-25;18;371
5;2025-12-25;19;262
5;2025-12-25;20;168
5;2025-12-25;21;104
5;2025-12-25;22;44
5;2025-12-25;23;20
5;2025-12-26;0;6
5;2025-12-26;1;0
5;2025-12-26;2;0
5;2025-12-26;3;0
5;2025-12-26;4;1
5;2025-12-26;5;24
5;2025-12-26;6;118
5;2025-12-26;7;283
5;2025-12-26;8;414
5;2025-12-26;9;285
5;2025-12-26;10;236
5;2025-12-26;11;233
5;2025-12-26;12;244
5;2025-12-26;13;252
5;2025-12-26;14;252
5;2025-12-26;15;282
5;2025-12-26;16;338
5;2025-12-26;17;360
5;2025-12-26;18;301
5;2025-12-26;19;236
5;2025-12-26;20;157
5;2025-12-26;21;106
5;2025-12-26;22;47
5;2025-12-26;23;27
5;2025-12-27;0;79
5;2025-12-27;1;7
5;2025-12-27;2;0
5;2025-12-27;3;0
5;2025-12-27;4;0
5;2025-12-27;5;14
5;2025-12-27;6;61
5;2025-12-27;7;86
5;2025-12-27;8;138
5;2025-12-27;9;176
5;2025-12-27;10;187
5;2025-12-27;11;211
5;2025-12-27;12;264
5;2025-12-27;13;259
5;2025-12-27;14;261
5;2025-12-27;15;280
5;2025-12-27;16;250
5;2025-12-27;17;238
5;2025-12-27;18;197
5;2025-12-27;19;160
5;2025-12-27;20;120
5;2025-12-27;21;85
5;2025-12-27;22;50
5;2025-12-27;23;26
5;2025-12-28;0;12
5;2025-12-28;1;2
5;2025-12-28;2;0
5;2025-12-28;3;0
5;2025-12-28;4;0
5;2025-12-28;5;11
5;2025-12-28;6;49
5;2025-12-28;7;73
5;2025-12-28;8;110
5;2025-12-28;9;149
5;2025-12-28;10;174
5;2025-12-28;11;215
5;2025-12-28;12;225
5;2025-12-28;13;251
5;2025-12-28;14;279
5;2025-12-28;15;277
5;2025-12-28;16;258
5;2025-12-28;17;292
5;2025-12-28;18;233
5;2025-12-28;19;188
5;2025-12-28;20;149
5;2025-12-28;21;106
5;2025-12-28;22;70
5;2025-12-28;23;29
5;2025-12-29;0;5
5;2025-12-29;1;1
5;2025-12-29;2;0
5;2025-12-29;3;0
5;2025-12-29;4;1
5;2025-12-29;5;23
5;2025-12-29;6;116
5;2025-12-29;7;279
5;2025-12-29;8;434
5;2025-12-29;9;300
5;2025-12-29;10;233
5;2025-12-29;11;222
5;2025-12-29;12;231
5;2025-12-29;13;246
5;2025-12-29;14;244
5;2025-12-29;15;261
5;2025-12-29;16;299
5;2025-12-29;17;356
5;2025-12-29;18;375
5;2025-12-29;19;256
5;2025-12-29;20;162
5;2025-12-29;21;100
5;2025-12-29;22;41
5;2025-12-29;23;17
5;2025-12-30;0;5
5;2025-12-30;1;0
5;2025-12-30;2;0
5;2025-12-30;3;0
5;2025-12-30;4;1
5;2025-12-30;5;23
5;2025-12-30;6;113
5;2025-12-30;7;276
5;2025-12-30;8;416
5;2025-12-30;9;289
5;2025-12-30;10;238
5;2025-12-30;11;231
5;2025-12-30;12;239
5;2025-12-30;13;243
5;2025-12-30;14;246
5;2025-12-30;15;262
5;2025-12-30;16;292
5;2025-12-30;17;357
5;2025-12-30;18;371
5;2025-12-30;19;262
5;2025-12-30;20;168
5;2025-12-30;21;104
5;2025-12-30;22;44
5;2025-12-30;23;20
5;2025-12-31;0;12
5;2025-12-31;1;2
5;2025-12-31;2;0
5;2025-12-31;3;0
5;2025-12-31;4;0
5;2025-12-31;5;11
5;2025-12-31;6;49
5;2025-12-31;7;73
5;2025-12-31;8;110
5;2025-12-31;9;149
5;2025-12-31;10;174
5;2025-12-31;11;215
5;2025-12-31;12;225
5;2025-12-31;13;251
5;2025-12-31;14;279
5;2025-12-31;15;277
5;2025-12-31;16;258
5;2025-12-31;17;292
5;2025-12-31;18;233
5;2025-12-31;19;188
5;2025-12-31;20;149
5;2025-12-31;21;106
5;2025-12-31;22;70
5;2025-12-31;23;29
7;2025-11-01;0;54
7;2025-11-01;1;11
7;2025-11-01;2;0
7;2025-11-01;3;0
7;2025-11-01;4;1
7;2025-11-01;5;126
7;2025-11-01;6;431
7;2025-11-01;7;1062
7;2025-11-01;8;1675
7;2025-11-01;9;1269
7;2025-11-01;10;1254
7;2025-11-01;11;1147
7;2025-11-01;12;1230
7;2025-11-01;13;1214
7;2025-11-01;14;1242
7;2025-11-01;15;1383
7;2025-11-01;16;1558
7;2025-11-01;17;1674
7;2025-11-01;18;1438
7;2025-11-01;19;1009
7;2025-11-01;20;717
7;2025-11-01;21;424
7;2025-11-01;22;225
7;2025-11-01;23;173
7;2025-11-02;0;95
7;2025-11-02;1;24
7;2025-11-02;2;0
7;2025-11-02;3;0
7;2025-11-02;4;1
7;2025-11-02;5;29
7;2025-11-02;6;131
7;2025-11-02;7;169
7;2025-11-02;8;394
7;2025-11-02;9;517
7;2025-11-02;10;388
7;2025-11-02;11;576
7;2025-11-02;12;624
7;2025-11-02;13;624
7;2025-11-02;14;647
7;2025-11-02;15;713
7;2025-11-02;16;613
7;2025-11-02;17;613
7;2025-11-02;18;667
7;2025-11-02;19;474
7;2025-11-02;20;399
7;2025-11-02;21;292
7;2025-11-02;22;150
7;2025-11-02;23;120
7;2025-11-03;0;108
7;2025-11-03;1;1
7;2025-11-03;2;0
7;2025-11-03;3;0
7;2025-11-03;4;1
7;2025-11-03;5;45
7;2025-11-03;6;193
7;2025-11-03;7;391
7;2025-11-03;8;642
7;2025-11-03;9;706
7;2025-11-03;10;733
7;2025-11-03;11;993
7;2025-11-03;12;873
7;2025-11-03;13;987
7;2025-11-03;14;1077
7;2025-11-03;15;1122
7;2025-11-03;16;966
7;2025-11-03;17;931
7;2025-11-03;18;1011
7;2025-11-03;19;986
7;2025-11-03;20;763
7;2025-11-03;21;561
7;2025-11-03;22;307
7;2025-11-03;23;203
7;2025-11-04;0;108
7;2025-11-04;1;1
7;2025-11-04;2;0
7;2025-11-04;3;0
7;2025-11-04;4;1
7;2025-11-04;5;45
7;2025-11-04;6;193
7;2025-11-04;7;391
7;2025-11-04;8;642
7;2025-11-04;9;706
7;2025-11-04;10;733
7;2025-11-04;11;993
7;2025-11-04;12;873
7;2025-11-04;13;987
7;2025-11-04;14;1077
7;2025-11-04;15;1122
7;2025-11-04;16;966
7;2025-11-04;17;931
7;2025-11-04;18;1011
7;2025-11-04;19;986
7;2025-11-04;20;763
7;2025-11-04;21;561
7;2025-11-04;22;307
7;2025-11-04;23;203
7;2025-11-05;0;58
7;2025-11-05;1;13
7;2025-11-05;2;0
7;2025-11-05;3;0
7;2025-11-05;4;1
7;2025-11-05;5;183
7;2025-11-05;6;606
7;2025-11-05;7;1612
7;2025-11-05;8;2469
7;2025-11-05;9;1853
7;2025-11-05;10;1706
7;2025-11-05;11;1566
7;2025-11-05;12;1759
7;2025-11-05;13;1566
7;2025-11-05;14;1714
7;2025-11-05;15;1754
7;2025-11-05;16;1863
7;2025-11-05;17;2386
7;2025-11-05;18;2586
7;2025-11-05;19;1665
7;2025-11-05;20;1050
7;2025-11-05;21;642
7;2025-11-05;22;304
7;2025-11-05;23;195
7;2025-11-06;0;58
7;2025-11-06;1;13
7;2025-11-06;2;0
7;2025-11-06;3;0
7;2025-11-06;4;1
7;2025-11-06;5;183
7;2025-11-06;6;606
7;2025-11-06;7;1612
7;2025-11-06;8;2469
7;2025-11-06;9;1853
7;2025-11-06;10;1706
7;2025-11-06;11;1566
7;2025-11-06;12;1759
7;2025-11-06;13;1566
7;2025-11-06;14;1714
7;2025-11-06;15;1754
7;2025-11-06;16;1863
7;2025-11-06;17;2386
7;2025-11-06;18;2586
7;2025-11-06;19;1665
7;2025-11-06;20;1050
7;2025-11-06;21;642
7;2025-11-06;22;304
7;2025-11-06;23;195
7;2025-11-07;0;75
7;2025-11-07;1;15
7;2025-11-07;2;0
7;2025-11-07;3;0
7;2025-11-07;4;2
7;2025-11-07;5;173
7;2025-11-07;6;593
7;2025-11-07;7;1461
7;2025-11-07;8;2304
7;2025-11-07;9;1746
7;2025-11-07;10;1724
7;2025-11-07;11;1577
7;2025-11-07;12;1692
7;2025-11-07;13;1670
7;2025-11-07;14;1708
7;2025-11-07;15;1903
7;2025-11-07;16;2143
7;2025-11-07;17;2303
7;2025-11-07;18;1978
7;2025-11-07;19;1388
7;2025-11-07;20;987
7;2025-11-07;21;583
7;2025-11-07;22;310
7;2025-11-07;23;238
7;2025-11-08;0;135
7;2025-11-08;1;27
7;2025-11-08;2;0
7;2025-11-08;3;0
7;2025-11-08;4;1
7;2025-11-08;5;54
7;2025-11-08;6;298
7;2025-11-08;7;326
7;2025-11-08;8;791
7;2025-11-08;9;668
7;2025-11-08;10;661
7;2025-11-08;11;699
7;2025-11-08;12;1022
7;2025-11-08;13;968
7;2025-11-08;14;913
7;2025-11-08;15;858
7;2025-11-08;16;897
7;2025-11-08;17;881
7;2025-11-08;18;792
7;2025-11-08;19;673
7;2025-11-08;20;580
7;2025-11-08;21;396
7;2025-11-08;22;224
7;2025-11-08;23;196
7;2025-11-09;0;95
7;2025-11-09;1;24
7;2025-11-09;2;0
7;2025-11-09;3;0
7;2025-11-09;4;1
7;2025-11-09;5;29
7;2025-11-09;6;131
7;2025-11-09;7;169
7;2025-11-09;8;394
7;2025-11-09;9;517
7;2025-11-09;10;388
7;2025-11-09;11;576
7;2025-11-09;12;624
7;2025-11-09;13;624
7;2025-11-09;14;647
7;2025-11-09;15;713
7;2025-11-09;16;613
7;2025-11-09;17;613
7;2025-11-09;18;667
7;2025-11-09;19;474
7;2025-11-09;20;399
7;2025-11-09;21;292
7;2025-11-09;22;150
7;2025-11-09;23;120
7;2025-11-10;0;62
7;2025-11-10;1;11
7;2025-11-10;2;0
7;2025-11-10;3;0
7;2025-11-10;4;1
7;2025-11-10;5;185
7;2025-11-10;6;592
7;2025-11-10;7;1633
7;2025-11-10;8;2722
7;2025-11-10;9;1840
7;2025-11-10;10;1642
7;2025-11-10;11;1566
7;2025-11-10;12;1579
7;2025-11-10;13;1550
7;2025-11-10;14;1541
7;2025-11-10;15;1787
7;2025-11-10;16;1817
7;2025-11-10;17;2373
7;2025-11-10;18;2608
7;2025-11-10;19;1682
7;2025-11-10;20;1103
7;2025-11-10;21;617
7;2025-11-10;22;297
7;2025-11-10;23;157
7;2025-11-11;0;58
7;2025-11-11;1;13
7;2025-11-11;2;0
7;2025-11-11;3;0
7;2025-11-11;4;1
7;2025-11-11;5;183
7;2025-11-11;6;606
7;2025-11-11;7;1612
7;2025-11-11;8;2469
7;2025-11-11;9;1853
7;2025-11-11;10;1706
7;2025-11-11;11;1566
7;2025-11-11;12;1759
7;2025-11-11;13;1566
7;2025-11-11;14;1714
7;2025-11-11;15;1754
7;2025-11-11;16;1863
7;2025-11-11;17;2386
7;2025-11-11;18;2586
7;2025-11-11;19;1665
7;2025-11-11;20;1050
7;2025-11-11;21;642
7;2025-11-11;22;304
7;2025-11-11;23;195
7;2025-11-12;0;58
7;2025-11-12;1;13
7;2025-11-12;2;0
7;2025-11-12;3;0
7;2025-11-12;4;1
7;2025-11-12;5;183
7;2025-11-12;6;606
7;2025-11-12;7;1612
7;2025-11-12;8;2469
7;2025-11-12;9;1853
7;2025-11-12;10;1706
7;2025-11-12;11;1566
7;2025-11-12;12;1759
7;2025-11-12;13;1566
7;2025-11-12;14;1714
7;2025-11-12;15;1754
7;2025-11-12;16;1863
7;2025-11-12;17;2386
7;2025-11-12;18;2586
7;2025-11-12;19;1665
7;2025-11-12;20;1050
7;2025-11-12;21;642
7;2025-11-12;22;304
7;2025-11-12;23;195
7;2025-11-13;0;58
7;2025-11-13;1;13
7;2025-11-13;2;0
7;2025-11-13;3;0
7;2025-11-13;4;1
7;2025-11-13;5;183
7;2025-11-13;6;606
7;2025-11-13;7;1612
7;2025-11-13;8;2469
7;2025-11-13;9;1853
7;2025-11-13;10;1706
7;2025-11-13;11;1566
7;2025-11-13;12;1759
7;2025-11-13;13;1566
7;2025-11-13;14;1714
7;2025-11-13;15;1754
7;2025-11-13;16;1863
7;2025-11-13;17;2386
7;2025-11-13;18;2586
7;2025-11-13;19;1665
7;2025-11-13;20;1050
7;2025-11-13;21;642
7;2025-11-13;22;304
7;2025-11-13;23;195
7;2025-11-14;0;75
7;2025-11-14;1;15
7;2025-11-14;2;0
7;2025-11-14;3;0
7;2025-11-14;4;2
7;2025-11-14;5;173
7;2025-11-14;6;593
7;2025-11-14;7;1461
7;2025-11-14;8;2304
7;2025-11-14;9;1746
7;2025-11-14;10;1724
7;2025-11-14;11;1577
7;2025-11-14;12;1692
7;2025-11-14;13;1670
7;2025-11-14;14;1708
7;2025-11-14;15;1903
7;2025-11-14;16;2143
7;2025-11-14;17;2303
7;2025-11-14;18;1978
7;2025-11-14;19;1388
7;2025-11-14;20;987
7;2025-11-14;21;583
7;2025-11-14;22;310
7;2025-11-14;23;238
7;2025-11-15;0;135
7;2025-11-15;1;27
7;2025-11-15;2;0
7;2025-11-15;3;0
7;2025-11-15;4;1
7;2025-11-15;5;54
7;2025-11-15;6;298
7;2025-11-15;7;326
7;2025-11-15;8;791
7;2025-11-15;9;668
7;2025-11-15;10;661
7;2025-11-15;11;699
7;2025-11-15;12;1022
7;2025-11-15;13;968
7;2025-11-15;14;913
7;2025-11-15;15;858
7;2025-11-15;16;897
7;2025-11-15;17;881
7;2025-11-15;18;792
7;2025-11-15;19;673
7;2025-11-15;20;580
7;2025-11-15;21;396
7;2025-11-15;22;224
7;2025-11-15;23;196
7;2025-11-16;0;95
7;2025-11-16;1;24
7;2025-11-16;2;0
7;2025-11-16;3;0
7;2025-11-16;4;1
7;2025-11-16;5;29
7;2025-11-16;6;131
7;2025-11-16;7;169
7;2025-11-16;8;394
7;2025-11-16;9;517
7;2025-11-16;10;388
7;2025-11-16;11;576
7;2025-11-16;12;624
7;2025-11-16;13;624
7;2025-11-16;14;647
7;2025-11-16;15;713
7;2025-11-16;16;613
7;2025-11-16;17;613
7;2025-11-16;18;667
7;2025-11-16;19;474
7;2025-11-16;20;399
7;2025-11-16;21;292
7;2025-11-16;22;150
7;2025-11-16;23;120
7;2025-11-17;0;62
7;2025-11-17;1;11
7;2025-11-17;2;0
7;2025-11-17;3;0
7;2025-11-17;4;1
7;2025-11-17;5;185
7;2025-11-17;6;592
7;2025-11-17;7;1633
7;2025-11-17;8;2722
7;2025-11-17;9;1840
7;2025-11-17;10;1642
7;2025-11-17;11;1566
7;2025-11-17;12;1579
7;2025-11-17;13;1550
7;2025-11-17;14;1541
7;2025-11-17;15;1787
7;2025-11-17;16;1817
7;2025-11-17;17;2373
7;2025-11-17;18;2608
7;2025-11-17;19;1682
7;2025-11-17;20;1103
7;2025-11-17;21;617
7;2025-11-17;22;297
7;2025-11-17;23;157
7;2025-11-18;0;58
7;2025-11-18;1;13
7;2025-11-18;2;0
7;2025-11-18;3;0
7;2025-11-18;4;1
7;2025-11-18;5;183
7;2025-11-18;6;606
7;2025-11-18;7;1612
7;2025-11-18;8;2469
7;2025-11-18;9;1853
7;2025-11-18;10;1706
7;2025-11-18;11;1566
7;2025-11-18;12;1759
7;2025-11-18;13;1566
7;2025-11-18;14;1714
7;2025-11-18;15;1754
7;2025-11-18;16;1863
7;2025-11-18;17;2386
7;2025-11-18;18;2586
7;2025-11-18;19;1665
7;2025-11-18;20;1050
7;2025-11-18;21;642
7;2025-11-18;22;304
7;2025-11-18;23;195
7;2025-11-19;0;58
7;2025-11-19;1;13
7;2025-11-19;2;0
7;2025-11-19;3;0
7;2025-11-19;4;1
7;2025-11-19;5;183
7;2025-11-19;6;606
7;2025-11-19;7;1612
7;2025-11-19;8;2469
7;2025-11-19;9;1853
7;2025-11-19;10;1706
7;2025-11-19;11;1566
7;2025-11-19;12;1759
7;2025-11-19;13;1566
7;2025-11-19;14;1714
7;2025-11-19;15;1754
7;2025-11-19;16;1863
7;2025-11-19;17;2386
7;2025-11-19;18;2586
7;2025-11-19;19;1665
7;2025-11-19;20;1050
7;2025-11-19;21;642
7;2025-11-19;22;304
7;2025-11-19;23;195
7;2025-11-20;0;58
7;2025-11-20;1;13
7;2025-11-20;2;0
7;2025-11-20;3;0
7;2025-11-20;4;1
7;2025-11-20;5;183
7;2025-11-20;6;606
7;2025-11-20;7;1612
7;2025-11-20;8;2469
7;2025-11-20;9;1853
7;2025-11-20;10;1706
7;2025-11-20;11;1566
7;2025-11-20;12;1759
7;2025-11-20;13;1566
7;2025-11-20;14;1714
7;2025-11-20;15;1754
7;2025-11-20;16;1863
7;2025-11-20;17;2386
7;2025-11-20;18;2586
7;2025-11-20;19;1665
7;2025-11-20;20;1050
7;2025-11-20;21;642
7;2025-11-20;22;304
7;2025-11-20;23;195
7;2025-11-21;0;75
7;2025-11-21;1;15
7;2025-11-21;2;0
7;2025-11-21;3;0
7;2025-11-21;4;2
7;2025-11-21;5;173
7;2025-11-21;6;593
7;2025-11-21;7;1461
7;2025-11-21;8;2304
7;2025-11-21;9;1746
7;2025-11-21;10;1724
7;2025-11-21;11;1577
7;2025-11-21;12;1692
7;2025-11-21;13;1670
7;2025-11-21;14;1708
7;2025-11-21;15;1903
7;2025-11-21;16;2143
7;2025-11-21;17;2303
7;2025-11-21;18;1978
7;2025-11-21;19;1388
7;2025-11-21;20;987
7;2025-11-21;21;583
7;2025-11-21;22;310
7;2025-11-21;23;238
7;2025-11-22;0;135
7;2025-11-22;1;27
7;2025-11-22;2;0
7;2025-11-22;3;0
7;2025-11-22;4;1
7;2025-11-22;5;54
7;2025-11-22;6;298
7;2025-11-22;7;326
7;2025-11-22;8;791
7;2025-11-22;9;668
7;2025-11-22;10;661
7;2025-11-22;11;699
7;2025-11-22;12;1022
7;2025-11-22;13;968
7;2025-11-22;14;913
7;2025-11-22;15;858
7;2025-11-22;16;897
7;2025-11-22;17;881
7;2025-11-22;18;792
7;2025-11-22;19;673
7;2025-11-22;20;580
7;2025-11-22;21;396
7;2025-11-22;22;224
7;2025-11-22;23;196
7;2025-11-23;0;95
7;2025-11-23;1;24
7;2025-11-23;2;0
7;2025-11-23;3;0
7;2025-11-23;4;1
7;2025-11-23;5;29
7;2025-11-23;6;131
7;2025-11-23;7;169
7;2025-11-23;8;394
7;2025-11-23;9;517
7;2025-11-23;10;388
7;2025-11-23;11;576
7;2025-11-23;12;624
7;2025-11-23;13;624
7;2025-11-23;14;647
7;2025-11-23;15;713
7;2025-11-23;16;613
7;2025-11-23;17;613
7;2025-11-23;18;667
7;2025-11-23;19;474
7;2025-11-23;20;399
7;2025-11-23;21;292
7;2025-11-23;22;150
7;2025-11-23;23;120
7;2025-11-24;0;62
7;2025-11-24;1;11
7;2025-11-24;2;0
7;2025-11-24;3;0
7;2025-11-24;4;1
7;2025-11-24;5;185
7;2025-11-24;6;592
7;2025-11-24;7;1633
7;2025-11-24;8;2722
7;2025-11-24;9;1840
7;2025-11-24;10;1642
7;2025-11-24;11;1566
7;2025-11-24;12;1579
7;2025-11-24;13;1550
7;2025-11-24;14;1541
7;2025-11-24;15;1787
7;2025-11-24;16;1817
7;2025-11-24;17;2373
7;2025-11-24;18;2608
7;2025-11-24;19;1682
7;2025-11-24;20;1103
7;2025-11-24;21;617
7;2025-11-24;22;297
7;2025-11-24;23;157
7;2025-11-25;0;58
7;2025-11-25;1;13
7;2025-11-25;2;0
7;2025-11-25;3;0
7;2025-11-25;4;1
7;2025-11-25;5;183
7;2025-11-25;6;606
7;2025-11-25;7;1612
7;2025-11-25;8;2469
7;2025-11-25;9;1853
7;2025-11-25;10;1706
7;2025-11-25;11;1566
7;2025-11-25;12;1759
7;2025-11-25;13;1566
7;2025-11-25;14;1714
7;2025-11-25;15;1754
7;2025-11-25;16;1863
7;2025-11-25;17;2386
7;2025-11-25;18;2586
7;2025-11-25;19;1665
7;2025-11-25;20;1050
7;2025-11-25;21;642
7;2025-11-25;22;304
7;2025-11-25;23;195
7;2025-11-26;0;58
7;2025-11-26;1;13
7;2025-11-26;2;0
7;2025-11-26;3;0
7;2025-11-26;4;1
7;2025-11-26;5;183
7;2025-11-26;6;606
7;2025-11-26;7;1612
7;2025-11-26;8;2469
7;2025-11-26;9;1853
7;2025-11-26;10;1706
7;2025-11-26;11;1566
7;2025-11-26;12;1759
7;2025-11-26;13;1566
7;2025-11-26;14;1714
7;2025-11-26;15;1754
7;2025-11-26;16;1863
7;2025-11-26;17;2386
7;2025-11-26;18;2586
7;2025-11-26;19;1665
7;2025-11-26;20;1050
7;2025-11-26;21;642
7;2025-11-26;22;304
7;2025-11-26;23;195
7;2025-11-27;0;58
7;2025-11-27;1;13
7;2025-11-27;2;0
7;2025-11-27;3;0
7;2025-11-27;4;1
7;2025-11-27;5;183
7;2025-11-27;6;606
7;2025-11-27;7;1612
7;2025-11-27;8;2469
7;2025-11-27;9;1853
7;2025-11-27;10;1706
7;2025-11-27;11;1566
7;2025-11-27;12;1759
7;2025-11-27;13;1566
7;2025-11-27;14;1714
7;2025-11-27;15;1754
7;2025-11-27;16;1863
7;2025-11-27;17;2386
7;2025-11-27;18;2586
7;2025-11-27;19;1665
7;2025-11-27;20;1050
7;2025-11-27;21;642
7;2025-11-27;22;304
7;2025-11-27;23;195
7;2025-11-28;0;75
7;2025-11-28;1;15
7;2025-11-28;2;0
7;2025-11-28;3;0
7;2025-11-28;4;2
7;2025-11-28;5;173
7;2025-11-28;6;593
7;2025-11-28;7;1461
7;2025-11-28;8;2304
7;2025-11-28;9;1746
7;2025-11-28;10;1724
7;2025-11-28;11;1577
7;2025-11-28;12;1692
7;2025-11-28;13;1670
7;2025-11-28;14;1708
7;2025-11-28;15;1903
7;2025-11-28;16;2143
7;2025-11-28;17;2303
7;2025-11-28;18;1978
7;2025-11-28;19;1388
7;2025-11-28;20;987
7;2025-11-28;21;583
7;2025-11-28;22;310
7;2025-11-28;23;238
7;2025-11-29;0;135
7;2025-11-29;1;27
7;2025-11-29;2;0
7;2025-11-29;3;0
7;2025-11-29;4;1
7;2025-11-29;5;54
7;2025-11-29;6;298
7;2025-11-29;7;326
7;2025-11-29;8;791
7;2025-11-29;9;668
7;2025-11-29;10;661
7;2025-11-29;11;699
7;2025-11-29;12;1022
7;2025-11-29;13;968
7;2025-11-29;14;913
7;2025-11-29;15;858
7;2025-11-29;16;897
7;2025-11-29;17;881
7;2025-11-29;18;792
7;2025-11-29;19;673
7;2025-11-29;20;580
7;2025-11-29;21;396
7;2025-11-29;22;224
7;2025-11-29;23;196
7;2025-11-30;0;95
7;2025-11-30;1;24
7;2025-11-30;2;0
7;2025-11-30;3;0
7;2025-11-30;4;1
7;2025-11-30;5;29
7;2025-11-30;6;131
7;2025-11-30;7;169
7;2025-11-30;8;394
7;2025-11-30;9;517
7;2025-11-30;10;388
7;2025-11-30;11;576
7;2025-11-30;12;624
7;2025-11-30;13;624
7;2025-11-30;14;647
7;2025-11-30;15;713
7;2025-11-30;16;613
7;2025-11-30;17;613
7;2025-11-30;18;667
7;2025-11-30;19;474
7;2025-11-30;20;399
7;2025-11-30;21;292
7;2025-11-30;22;150
7;2025-11-30;23;120
7;2025-12-01;0;64
7;2025-12-01;1;11
7;2025-12-01;2;0
7;2025-12-01;3;0
7;2025-12-01;4;1
7;2025-12-01;5;190
7;2025-12-01;6;609
7;2025-12-01;7;1678
7;2025-12-01;8;2797
7;2025-12-01;9;1890
7;2025-12-01;10;1687
7;2025-12-01;11;1609
7;2025-12-01;12;1622
7;2025-12-01;13;1592
7;2025-12-01;14;1583
7;2025-12-01;15;1836
7;2025-12-01;16;1867
7;2025-12-01;17;2438
7;2025-12-01;18;2679
7;2025-12-01;19;1728
7;2025-12-01;20;1133
7;2025-12-01;21;634
7;2025-12-01;22;305
7;2025-12-01;23;161
7;2025-12-02;0;60
7;2025-12-02;1;14
7;2025-12-02;2;0
7;2025-12-02;3;0
7;2025-12-02;4;2
7;2025-12-02;5;188
7;2025-12-02;6;622
7;2025-12-02;7;1656
7;2025-12-02;8;2536
7;2025-12-02;9;1904
7;2025-12-02;10;1753
7;2025-12-02;11;1609
7;2025-12-02;12;1807
7;2025-12-02;13;1609
7;2025-12-02;14;1761
7;2025-12-02;15;1802
7;2025-12-02;16;1914
7;2025-12-02;17;2451
7;2025-12-02;18;2657
7;2025-12-02;19;1711
7;2025-12-02;20;1079
7;2025-12-02;21;659
7;2025-12-02;22;312
7;2025-12-02;23;200
7;2025-12-03;0;60
7;2025-12-03;1;14
7;2025-12-03;2;0
7;2025-12-03;3;0
7;2025-12-03;4;2
7;2025-12-03;5;188
7;2025-12-03;6;622
7;2025-12-03;7;1656
7;2025-12-03;8;2536
7;2025-12-03;9;1904
7;2025-12-03;10;1753
7;2025-12-03;11;1609
7;2025-12-03;12;1807
7;2025-12-03;13;1609
7;2025-12-03;14;1761
7;2025-12-03;15;1802
7;2025-12-03;16;1914
7;2025-12-03;17;2451
7;2025-12-03;18;2657
7;2025-12-03;19;1711
7;2025-12-03;20;1079
7;2025-12-03;21;659
7;2025-12-03;22;312
7;2025-12-03;23;200
7;2025-12-04;0;60
7;2025-12-04;1;14
7;2025-12-04;2;0
7;2025-12-04;3;0
7;2025-12-04;4;2
7;2025-12-04;5;188
7;2025-12-04;6;622
7;2025-12-04;7;1656
7;2025-12-04;8;2536
7;2025-12-04;9;1904
7;2025-12-04;10;1753
7;2025-12-04;11;1609
7;2025-12-04;12;1807
7;2025-12-04;13;1609
7;2025-12-04;14;1761
7;2025-12-04;15;1802
7;2025-12-04;16;1914
7;2025-12-04;17;2451
7;2025-12-04;18;2657
7;2025-12-04;19;1711
7;2025-12-04;20;1079
7;2025-12-04;21;659
7;2025-12-04;22;312
7;2025-12-04;23;200
7;2025-12-05;0;77
7;2025-12-05;1;16
7;2025-12-05;2;1
7;2025-12-05;3;0
7;2025-12-05;4;2
7;2025-12-05;5;178
7;2025-12-05;6;609
7;2025-12-05;7;1501
7;2025-12-05;8;2367
7;2025-12-05;9;1794
7;2025-12-05;10;1772
7;2025-12-05;11;1620
7;2025-12-05;12;1738
7;2025-12-05;13;1716
7;2025-12-05;14;1755
7;2025-12-05;15;1955
7;2025-12-05;16;2202
7;2025-12-05;17;2366
7;2025-12-05;18;2033
7;2025-12-05;19;1426
7;2025-12-05;20;1014
7;2025-12-05;21;599
7;2025-12-05;22;318
7;2025-12-05;23;244
7;2025-12-06;0;98
7;2025-12-06;1;26
7;2025-12-06;2;0
7;2025-12-06;3;0
7;2025-12-06;4;1
7;2025-12-06;5;61
7;2025-12-06;6;278
7;2025-12-06;7;532
7;2025-12-06;8;700
7;2025-12-06;9;807
7;2025-12-06;10;794
7;2025-12-06;11;886
7;2025-12-06;12;964
7;2025-12-06;13;1072
7;2025-12-06;14;1097
7;2025-12-06;15;1065
7;2025-12-06;16;991
7;2025-12-06;17;892
7;2025-12-06;18;1128
7;2025-12-06;19;1041
7;2025-12-06;20;776
7;2025-12-06;21;647
7;2025-12-06;22;312
7;2025-12-06;23;254
7;2025-12-07;0;111
7;2025-12-07;1;1
7;2025-12-07;2;0
7;2025-12-07;3;0
7;2025-12-07;4;1
7;2025-12-07;5;46
7;2025-12-07;6;198
7;2025-12-07;7;401
7;2025-12-07;8;660
7;2025-12-07;9;725
7;2025-12-07;10;753
7;2025-12-07;11;1020
7;2025-12-07;12;897
7;2025-12-07;13;1014
7;2025-12-07;14;1107
7;2025-12-07;15;1153
7;2025-12-07;16;992
7;2025-12-07;17;957
7;2025-12-07;18;1039
7;2025-12-07;19;1013
7;2025-12-07;20;783
7;2025-12-07;21;576
7;2025-12-07;22;315
7;2025-12-07;23;208
7;2025-12-08;0;64
7;2025-12-08;1;11
7;2025-12-08;2;0
7;2025-12-08;3;0
7;2025-12-08;4;1
7;2025-12-08;5;190
7;2025-12-08;6;609
7;2025-12-08;7;1678
7;2025-12-08;8;2797
7;2025-12-08;9;1890
7;2025-12-08;10;1687
7;2025-12-08;11;1609
7;2025-12-08;12;1622
7;2025-12-08;13;1592
7;2025-12-08;14;1583
7;2025-12-08;15;1836
7;2025-12-08;16;1867
7;2025-12-08;17;2438
7;2025-12-08;18;2679
7;2025-12-08;19;1728
7;2025-12-08;20;1133
7;2025-12-08;21;634
7;2025-12-08;22;305
7;2025-12-08;23;161
7;2025-12-09;0;60
7;2025-12-09;1;14
7;2025-12-09;2;0
7;2025-12-09;3;0
7;2025-12-09;4;2
7;2025-12-09;5;188
7;2025-12-09;6;622
7;2025-12-09;7;1656
7;2025-12-09;8;2536
7;2025-12-09;9;1904
7;2025-12-09;10;1753
7;2025-12-09;11;1609
7;2025-12-09;12;1807
7;2025-12-09;13;1609
7;2025-12-09;14;1761
7;2025-12-09;15;1802
7;2025-12-09;16;1914
7;2025-12-09;17;2451
7;2025-12-09;18;2657
7;2025-12-09;19;1711
7;2025-12-09;20;1079
7;2025-12-09;21;659
7;2025-12-09;22;312
7;2025-12-09;23;200
7;2025-12-10;0;60
7;2025-12-10;1;14
7;2025-12-10;2;0
7;2025-12-10;3;0
7;2025-12-10;4;2
7;2025-12-10;5;188
7;2025-12-10;6;622
7;2025-12-10;7;1656
7;2025-12-10;8;2536
7;2025-12-10;9;1904
7;2025-12-10;10;1753
7;2025-12-10;11;1609
7;2025-12-10;12;1807
7;2025-12-10;13;1609
7;2025-12-10;14;1761
7;2025-12-10;15;1802
7;2025-12-10;16;1914
7;2025-12-10;17;2451
7;2025-12-10;18;2657
7;2025-12-10;19;1711
7;2025-12-10;20;1079
7;2025-12-10;21;659
7;2025-12-10;22;312
7;2025-12-10;23;200
7;2025-12-11;0;60
7;2025-12-11;1;14
7;2025-12-11;2;0
7;2025-12-11;3;0
7;2025-12-11;4;2
7;2025-12-11;5;188
7;2025-12-11;6;622
7;2025-12-11;7;1656
7;2025-12-11;8;2536
7;2025-12-11;9;1904
7;2025-12-11;10;1753
7;2025-12-11;11;1609
7;2025-12-11;12;1807
7;2025-12-11;13;1609
7;2025-12-11;14;1761
7;2025-12-11;15;1802
7;2025-12-11;16;1914
7;2025-12-11;17;2451
7;2025-12-11;18;2657
7;2025-12-11;19;1711
7;2025-12-11;20;1079
7;2025-12-11;21;659
7;2025-12-11;22;312
7;2025-12-11;23;200
7;2025-12-12;0;77
7;2025-12-12;1;16
7;2025-12-12;2;1
7;2025-12-12;3;0
7;2025-12-12;4;2
7;2025-12-12;5;178
7;2025-12-12;6;609
7;2025-12-12;7;1501
7;2025-12-12;8;2367
7;2025-12-12;9;1794
7;2025-12-12;10;1772
7;2025-12-12;11;1620
7;2025-12-12;12;1738
7;2025-12-12;13;1716
7;2025-12-12;14;1755
7;2025-12-12;15;1955
7;2025-12-12;16;2202
7;2025-12-12;17;2366
7;2025-12-12;18;2033
7;2025-12-12;19;1426
7;2025-12-12;20;1014
7;2025-12-12;21;599
7;2025-12-12;22;318
7;2025-12-12;23;244
7;2025-12-13;0;98
7;2025-12-13;1;26
7;2025-12-13;2;0
7;2025-12-13;3;0
7;2025-12-13;4;1
7;2025-12-13;5;61
7;2025-12-13;6;278
7;2025-12-13;7;532
7;2025-12-13;8;700
7;2025-12-13;9;807
7;2025-12-13;10;794
7;2025-12-13;11;886
7;2025-12-13;12;964
7;2025-12-13;13;1072
7;2025-12-13;14;1097
7;2025-12-13;15;1065
7;2025-12-13;16;991
7;2025-12-13;17;892
7;2025-12-13;18;1128
7;2025-12-13;19;1041
7;2025-12-13;20;776
7;2025-12-13;21;647
7;2025-12-13;22;312
7;2025-12-13;23;254
7;2025-12-14;0;111
7;2025-12-14;1;1
7;2025-12-14;2;0
7;2025-12-14;3;0
7;2025-12-14;4;1
7;2025-12-14;5;46
7;2025-12-14;6;198
7;2025-12-14;7;401
7;2025-12-14;8;660
7;2025-12-14;9;725
7;2025-12-14;10;753
7;2025-12-14;11;1020
7;2025-12-14;12;897
7;2025-12-14;13;1014
7;2025-12-14;14;1107
7;2025-12-14;15;1153
7;2025-12-14;16;992
7;2025-12-14;17;957
7;2025-12-14;18;1039
7;2025-12-14;19;1013
7;2025-12-14;20;783
7;2025-12-14;21;576
7;2025-12-14;22;315
7;2025-12-14;23;208
7;2025-12-15;0;64
7;2025-12-15;1;11
7;2025-12-15;2;0
7;2025-12-15;3;0
7;2025-12-15;4;1
7;2025-12-15;5;190
7;2025-12-15;6;609
7;2025-12-15;7;1678
7;2025-12-15;8;2797
7;2025-12-15;9;1890
7;2025-12-15;10;1687
7;2025-12-15;11;1609
7;2025-12-15;12;1622
7;2025-12-15;13;1592
7;2025-12-15;14;1583
7;2025-12-15;15;1836
7;2025-12-15;16;1867
7;2025-12-15;17;2438
7;2025-12-15;18;2679
7;2025-12-15;19;1728
7;2025-12-15;20;1133
7;2025-12-15;21;634
7;2025-12-15;22;305
7;2025-12-15;23;161
7;2025-12-16;0;60
7;2025-12-16;1;14
7;2025-12-16;2;0
7;2025-12-16;3;0
7;2025-12-16;4;2
7;2025-12-16;5;188
7;2025-12-16;6;622
7;2025-12-16;7;1656
7;2025-12-16;8;2536
7;2025-12-16;9;1904
7;2025-12-16;10;1753
7;2025-12-16;11;1609
7;2025-12-16;12;1807
7;2025-12-16;13;1609
7;2025-12-16;14;1761
7;2025-12-16;15;1802
7;2025-12-16;16;1914
7;2025-12-16;17;2451
7;2025-12-16;18;2657
7;2025-12-16;19;1711
7;2025-12-16;20;1079
7;2025-12-16;21;659
7;2025-12-16;22;312
7;2025-12-16;23;200
7;2025-12-17;0;60
7;2025-12-17;1;14
7;2025-12-17;2;0
7;2025-12-17;3;0
7;2025-12-17;4;2
7;2025-12-17;5;188
7;2025-12-17;6;622
7;2025-12-17;7;1656
7;2025-12-17;8;2536
7;2025-12-17;9;1904
7;2025-12-17;10;1753
7;2025-12-17;11;1609
7;2025-12-17;12;1807
7;2025-12-17;13;1609
7;2025-12-17;14;1761
7;2025-12-17;15;1802
7;2025-12-17;16;1914
7;2025-12-17;17;2451
7;2025-12-17;18;2657
7;2025-12-17;19;1711
7;2025-12-17;20;1079
7;2025-12-17;21;659
7;2025-12-17;22;312
7;2025-12-17;23;200
7;2025-12-18;0;60
7;2025-12-18;1;14
7;2025-12-18;2;0
7;2025-12-18;3;0
7;2025-12-18;4;2
7;2025-12-18;5;188
7;2025-12-18;6;622
7;2025-12-18;7;1656
7;2025-12-18;8;2536
7;2025-12-18;9;1904
7;2025-12-18;10;1753
7;2025-12-18;11;1609
7;2025-12-18;12;1807
7;2025-12-18;13;1609
7;2025-12-18;14;1761
7;2025-12-18;15;1802
7;2025-12-18;16;1914
7;2025-12-18;17;2451
7;2025-12-18;18;2657
7;2025-12-18;19;1711
7;2025-12-18;20;1079
7;2025-12-18;21;659
7;2025-12-18;22;312
7;2025-12-18;23;200
7;2025-12-19;0;77
7;2025-12-19;1;16
7;2025-12-19;2;1
7;2025-12-19;3;0
7;2025-12-19;4;2
7;2025-12-19;5;178
7;2025-12-19;6;609
7;2025-12-19;7;1501
7;2025-12-19;8;2367
7;2025-12-19;9;1794
7;2025-12-19;10;1772
7;2025-12-19;11;1620
7;2025-12-19;12;1738
7;2025-12-19;13;1716
7;2025-12-19;14;1755
7;2025-12-19;15;1955
7;2025-12-19;16;2202
7;2025-12-19;17;2366
7;2025-12-19;18;2033
7;2025-12-19;19;1426
7;2025-12-19;20;1014
7;2025-12-19;21;599
7;2025-12-19;22;318
7;2025-12-19;23;244
7;2025-12-20;0;98
7;2025-12-20;1;26
7;2025-12-20;2;0
7;2025-12-20;3;0
7;2025-12-20;4;1
7;2025-12-20;5;61
7;2025-12-20;6;278
7;2025-12-20;7;532
7;2025-12-20;8;700
7;2025-12-20;9;807
7;2025-12-20;10;794
7;2025-12-20;11;886
7;2025-12-20;12;964
7;2025-12-20;13;1072
7;2025-12-20;14;1097
7;2025-12-20;15;1065
7;2025-12-20;16;991
7;2025-12-20;17;892
7;2025-12-20;18;1128
7;2025-12-20;19;1041
7;2025-12-20;20;776
7;2025-12-20;21;647
7;2025-12-20;22;312
7;2025-12-20;23;254
7;2025-12-21;0;111
7;2025-12-21;1;1
7;2025-12-21;2;0
7;2025-12-21;3;0
7;2025-12-21;4;1
7;2025-12-21;5;46
7;2025-12-21;6;198
7;2025-12-21;7;401
7;2025-12-21;8;660
7;2025-12-21;9;725
7;2025-12-21;10;753
7;2025-12-21;11;1020
7;2025-12-21;12;897
7;2025-12-21;13;1014
7;2025-12-21;14;1107
7;2025-12-21;15;1153
7;2025-12-21;16;992
7;2025-12-21;17;957
7;2025-12-21;18;1039
7;2025-12-21;19;1013
7;2025-12-21;20;783
7;2025-12-21;21;576
7;2025-12-21;22;315
7;2025-12-21;23;208
7;2025-12-22;0;64
7;2025-12-22;1;11
7;2025-12-22;2;0
7;2025-12-22;3;0
7;2025-12-22;4;1
7;2025-12-22;5;190
7;2025-12-22;6;609
7;2025-12-22;7;1678
7;2025-12-22;8;2797
7;2025-12-22;9;1890
7;2025-12-22;10;1687
7;2025-12-22;11;1609
7;2025-12-22;12;1622
7;2025-12-22;13;1592
7;2025-12-22;14;1583
7;2025-12-22;15;1836
7;2025-12-22;16;1867
7;2025-12-22;17;2438
7;2025-12-22;18;2679
7;2025-12-22;19;1728
7;2025-12-22;20;1133
7;2025-12-22;21;634
7;2025-12-22;22;305
7;2025-12-22;23;161
7;2025-12-23;0;60
7;2025-12-23;1;14
7;2025-12-23;2;0
7;2025-12-23;3;0
7;2025-12-23;4;2
7;2025-12-23;5;188
7;2025-12-23;6;622
7;2025-12-23;7;1656
7;2025-12-23;8;2536
7;2025-12-23;9;1904
7;2025-12-23;10;1753
7;2025-12-23;11;1609
7;2025-12-23;12;1807
7;2025-12-23;13;1609
7;2025-12-23;14;1761
7;2025-12-23;15;1802
7;2025-12-23;16;1914
7;2025-12-23;17;2451
7;2025-12-23;18;2657
7;2025-12-23;19;1711
7;2025-12-23;20;1079
7;2025-12-23;21;659
7;2025-12-23;22;312
7;2025-12-23;23;200
7;2025-12-24;0;60
7;2025-12-24;1;14
7;2025-12-24;2;0
7;2025-12-24;3;0
7;2025-12-24;4;2
7;2025-12-24;5;188
7;2025-12-24;6;622
7;2025-12-24;7;1656
7;2025-12-24;8;2536
7;2025-12-24;9;1904
7;2025-12-24;10;1753
7;2025-12-24;11;1609
7;2025-12-24;12;1807
7;2025-12-24;13;1609
7;2025-12-24;14;1761
7;2025-12-24;15;1802
7;2025-12-24;16;1914
7;2025-12-24;17;2451
7;2025-12-24;18;2657
7;2025-12-24;19;1711
7;2025-12-24;20;1079
7;2025-12-24;21;659
7;2025-12-24;22;312
7;2025-12-24;23;200
7;2025-12-25;0;60
7;2025-12-25;1;14
7;2025-12-25;2;0
7;2025-12-25;3;0
7;2025-12-25;4;2
7;2025-12-25;5;188
7;2025-12-25;6;622
7;2025-12-25;7;1656
7;2025-12-25;8;2536
7;2025-12-25;9;1904
7;2025-12-25;10;1753
7;2025-12-25;11;1609
7;2025-12-25;12;1807
7;2025-12-25;13;1609
7;2025-12-25;14;1761
7;2025-12-25;15;1802
7;2025-12-25;16;1914
7;2025-12-25;17;2451
7;2025-12-25;18;2657
7;2025-12-25;19;1711
7;2025-12-25;20;1079
7;2025-12-25;21;659
7;2025-12-25;22;312
7;2025-12-25;23;200
7;2025-12-26;0;77
7;2025-12-26;1;16
7;2025-12-26;2;1
7;2025-12-26;3;0
7;2025-12-26;4;2
7;2025-12-26;5;178
7;2025-12-26;6;609
7;2025-12-26;7;1501
7;2025-12-26;8;2367
7;2025-12-26;9;1794
7;2025-12-26;10;1772
7;2025-12-26;11;1620
7;2025-12-26;12;1738
7;2025-12-26;13;1716
7;2025-12-26;14;1755
7;2025-12-26;15;1955
7;2025-12-26;16;2202
7;2025-12-26;17;2366
7;2025-12-26;18;2033
7;2025-12-26;19;1426
7;2025-12-26;20;1014
7;2025-12-26;21;599
7;2025-12-26;22;318
7;2025-12-26;23;244
7;2025-12-27;0;98
7;2025-12-27;1;26
7;2025-12-27;2;0
7;2025-12-27;3;0
7;2025-12-27;4;1
7;2025-12-27;5;61
7;2025-12-27;6;278
7;2025-12-27;7;532
7;2025-12-27;8;700
7;2025-12-27;9;807
7;2025-12-27;10;794
7;2025-12-27;11;886
7;2025-12-27;12;964
7;2025-12-27;13;1072
7;2025-12-27;14;1097
7;2025-12-27;15;1065
7;2025-12-27;16;991
7;2025-12-27;17;892
7;2025-12-27;18;1128
7;2025-12-27;19;1041
7;2025-12-27;20;776
7;2025-12-27;21;647
7;2025-12-27;22;312
7;2025-12-27;23;254
7;2025-12-28;0;111
7;2025-12-28;1;1
7;2025-12-28;2;0
7;2025-12-28;3;0
7;2025-12-28;4;1
7;2025-12-28;5;46
7;2025-12-28;6;198
7;2025-12-28;7;401
7;2025-12-28;8;660
7;2025-12-28;9;725
7;2025-12-28;10;753
7;2025-12-28;11;1020
7;2025-12-28;12;897
7;2025-12-28;13;1014
7;2025-12-28;14;1107
7;2025-12-28;15;1153
7;2025-12-28;16;992
7;2025-12-28;17;957
7;2025-12-28;18;1039
7;2025-12-28;19;1013
7;2025-12-28;20;783
7;2025-12-28;21;576
7;2025-12-28;22;315
7;2025-12-28;23;208
7;2025-12-29;0;54
7;2025-12-29;1;9
7;2025-12-29;2;0
7;2025-12-29;3;0
7;2025-12-29;4;0
7;2025-12-29;5;162
7;2025-12-29;6;517
7;2025-12-29;7;1426
7;2025-12-29;8;2377
7;2025-12-29;9;1606
7;2025-12-29;10;1434
7;2025-12-29;11;1368
7;2025-12-29;12;1379
7;2025-12-29;13;1353
7;2025-12-29;14;1346
7;2025-12-29;15;1561
7;2025-12-29;16;1587
7;2025-12-29;17;2073
7;2025-12-29;18;2278
7;2025-12-29;19;1469
7;2025-12-29;20;963
7;2025-12-29;21;539
7;2025-12-29;22;259
7;2025-12-29;23;137
7;2025-12-30;0;51
7;2025-12-30;1;11
7;2025-12-30;2;0
7;2025-12-30;3;0
7;2025-12-30;4;1
7;2025-12-30;5;159
7;2025-12-30;6;529
7;2025-12-30;7;1407
7;2025-12-30;8;2156
7;2025-12-30;9;1619
7;2025-12-30;10;1490
7;2025-12-30;11;1368
7;2025-12-30;12;1536
7;2025-12-30;13;1367
7;2025-12-30;14;1497
7;2025-12-30;15;1532
7;2025-12-30;16;1627
7;2025-12-30;17;2083
7;2025-12-30;18;2258
7;2025-12-30;19;1454
7;2025-12-30;20;917
7;2025-12-30;21;560
7;2025-12-30;22;265
7;2025-12-30;23;170
7;2025-12-31;0;94
7;2025-12-31;1;1
7;2025-12-31;2;0
7;2025-12-31;3;0
7;2025-12-31;4;1
7;2025-12-31;5;39
7;2025-12-31;6;168
7;2025-12-31;7;341
7;2025-12-31;8;561
7;2025-12-31;9;616
7;2025-12-31;10;640
7;2025-12-31;11;867
7;2025-12-31;12;762
7;2025-12-31;13;862
7;2025-12-31;14;941
7;2025-12-31;15;980
7;2025-12-31;16;843
7;2025-12-31;17;813
7;2025-12-31;18;883
7;2025-12-31;19;861
7;2025-12-31;20;666
7;2025-12-31;21;490
7;2025-12-31;22;268
7;2025-12-31;23;177
11;2025-11-01;0;57
11;2025-11-01;1;1
11;2025-11-01;2;0
11;2025-11-01;3;0
11;2025-11-01;4;0
11;2025-11-01;5;213
11;2025-11-01;6;1129
11;2025-11-01;7;2041
11;2025-11-01;8;2737
11;2025-11-01;9;1920
11;2025-11-01;10;1651
11;2025-11-01;11;1489
11;2025-11-01;12;1647
11;2025-11-01;13;1566
11;2025-11-01;14;1739
11;2025-11-01;15;1752
11;2025-11-01;16;1956
11;2025-11-01;17;2399
11;2025-11-01;18;2060
11;2025-11-01;19;1553
11;2025-11-01;20;1125
11;2025-11-01;21;711
11;2025-11-01;22;302
11;2025-11-01;23;285
11;2025-11-02;0;104
11;2025-11-02;1;13
11;2025-11-02;2;0
11;2025-11-02;3;0
11;2025-11-02;4;0
11;2025-11-02;5;103
11;2025-11-02;6;460
11;2025-11-02;7;456
11;2025-11-02;8;656
11;2025-11-02;9;904
11;2025-11-02;10;988
11;2025-11-02;11;1447
11;2025-11-02;12;1510
11;2025-11-02;13;1402
11;2025-11-02;14;1561
11;2025-11-02;15;1512
11;2025-11-02;16;1457
11;2025-11-02;17;1608
11;2025-11-02;18;1178
11;2025-11-02;19;907
11;2025-11-02;20;740
11;2025-11-02;21;550
11;2025-11-02;22;321
11;2025-11-02;23;217
11;2025-11-03;0;104
11;2025-11-03;1;13
11;2025-11-03;2;0
11;2025-11-03;3;0
11;2025-11-03;4;0
11;2025-11-03;5;103
11;2025-11-03;6;460
11;2025-11-03;7;456
11;2025-11-03;8;656
11;2025-11-03;9;904
11;2025-11-03;10;988
11;2025-11-03;11;1447
11;2025-11-03;12;1510
11;2025-11-03;13;1402
11;2025-11-03;14;1561
11;2025-11-03;15;1512
11;2025-11-03;16;1457
11;2025-11-03;17;1608
11;2025-11-03;18;1178
11;2025-11-03;19;907
11;2025-11-03;20;740
11;2025-11-03;21;550
11;2025-11-03;22;321
11;2025-11-03;23;217
11;2025-11-04;0;104
11;2025-11-04;1;13
11;2025-11-04;2;0
11;2025-11-04;3;0
11;2025-11-04;4;0
11;2025-11-04;5;103
11;2025-11-04;6;460
11;2025-11-04;7;456
11;2025-11-04;8;656
11;2025-11-04;9;904
11;2025-11-04;10;988
11;2025-11-04;11;1447
11;2025-11-04;12;1510
11;2025-11-04;13;1402
11;2025-11-04;14;1561
11;2025-11-04;15;1512
11;2025-11-04;16;1457
11;2025-11-04;17;1608
11;2025-11-04;18;1178
11;2025-11-04;19;907
11;2025-11-04;20;740
11;2025-11-04;21;550
11;2025-11-04;22;321
11;2025-11-04;23;217
11;2025-11-05;0;55
11;2025-11-05;1;0
11;2025-11-05;2;0
11;2025-11-05;3;0
11;2025-11-05;4;0
11;2025-11-05;5;240
11;2025-11-05;6;1326
11;2025-11-05;7;2563
11;2025-11-05;8;3304
11;2025-11-05;9;2518
11;2025-11-05;10;2105
11;2025-11-05;11;2031
11;2025-11-05;12;2068
11;2025-11-05;13;2095
11;2025-11-05;14;2175
11;2025-11-05;15;1958
11;2025-11-05;16;2208
11;2025-11-05;17;2819
11;2025-11-05;18;3180
11;2025-11-05;19;2352
11;2025-11-05;20;1477
11;2025-11-05;21;823
11;2025-11-05;22;391
11;2025-11-05;23;240
11;2025-11-06;0;55
11;2025-11-06;1;0
11;2025-11-06;2;0
11;2025-11-06;3;0
11;2025-11-06;4;0
11;2025-11-06;5;240
11;2025-11-06;6;1326
11;2025-11-06;7;2563
11;2025-11-06;8;3304
11;2025-11-06;9;2518
11;2025-11-06;10;2105
11;2025-11-06;11;2031
11;2025-11-06;12;2068
11;2025-11-06;13;2095
11;2025-11-06;14;2175
11;2025-11-06;15;1958
11;2025-11-06;16;2208
11;2025-11-06;17;2819
11;2025-11-06;18;3180
11;2025-11-06;19;2352
11;2025-11-06;20;1477
11;2025-11-06;21;823
11;2025-11-06;22;391
11;2025-11-06;23;240
11;2025-11-07;0;66
11;2025-11-07;1;1
11;2025-11-07;2;0
11;2025-11-07;3;0
11;2025-11-07;4;0
11;2025-11-07;5;246
11;2025-11-07;6;1305
11;2025-11-07;7;2358
11;2025-11-07;8;3163
11;2025-11-07;9;2219
11;2025-11-07;10;1907
11;2025-11-07;11;1721
11;2025-11-07;12;1903
11;2025-11-07;13;1810
11;2025-11-07;14;2010
11;2025-11-07;15;2025
11;2025-11-07;16;2260
11;2025-11-07;17;2773
11;2025-11-07;18;2381
11;2025-11-07;19;1795
11;2025-11-07;20;1300
11;2025-11-07;21;822
11;2025-11-07;22;349
11;2025-11-07;23;329
11;2025-11-08;0;106
11;2025-11-08;1;0
11;2025-11-08;2;0
11;2025-11-08;3;0
11;2025-11-08;4;0
11;2025-11-08;5;170
11;2025-11-08;6;826
11;2025-11-08;7;766
11;2025-11-08;8;1033
11;2025-11-08;9;1173
11;2025-11-08;10;1372
11;2025-11-08;11;1712
11;2025-11-08;12;1978
11;2025-11-08;13;1794
11;2025-11-08;14;2049
11;2025-11-08;15;1931
11;2025-11-08;16;1785
11;2025-11-08;17;1876
11;2025-11-08;18;1503
11;2025-11-08;19;1483
11;2025-11-08;20;968
11;2025-11-08;21;705
11;2025-11-08;22;404
11;2025-11-08;23;289
11;2025-11-09;0;104
11;2025-11-09;1;13
11;2025-11-09;2;0
11;2025-11-09;3;0
11;2025-11-09;4;0
11;2025-11-09;5;103
11;2025-11-09;6;460
11;2025-11-09;7;456
11;2025-11-09;8;656
11;2025-11-09;9;904
11;2025-11-09;10;988
11;2025-11-09;11;1447
11;2025-11-09;12;1510
11;2025-11-09;13;1402
11;2025-11-09;14;1561
11;2025-11-09;15;1512
11;2025-11-09;16;1457
11;2025-11-09;17;1608
11;2025-11-09;18;1178
11;2025-11-09;19;907
11;2025-11-09;20;740
11;2025-11-09;21;550
11;2025-11-09;22;321
11;2025-11-09;23;217
11;2025-11-10;0;77
11;2025-11-10;1;12
11;2025-11-10;2;0
11;2025-11-10;3;0
11;2025-11-10;4;1
11;2025-11-10;5;244
11;2025-11-10;6;1379
11;2025-11-10;7;2469
11;2025-11-10;8;3172
11;2025-11-10;9;2428
11;2025-11-10;10;1901
11;2025-11-10;11;1918
11;2025-11-10;12;1840
11;2025-11-10;13;1916
11;2025-11-10;14;2053
11;2025-11-10;15;2118
11;2025-11-10;16;2276
11;2025-11-10;17;2862
11;2025-11-10;18;3002
11;2025-11-10;19;2174
11;2025-11-10;20;1165
11;2025-11-10;21;763
11;2025-11-10;22;324
11;2025-11-10;23;218
11;2025-11-11;0;55
11;2025-11-11;1;0
11;2025-11-11;2;0
11;2025-11-11;3;0
11;2025-11-11;4;0
11;2025-11-11;5;240
11;2025-11-11;6;1326
11;2025-11-11;7;2563
11;2025-11-11;8;3304
11;2025-11-11;9;2518
11;2025-11-11;10;2105
11;2025-11-11;11;2031
11;2025-11-11;12;2068
11;2025-11-11;13;2095
11;2025-11-11;14;2175
11;2025-11-11;15;1958
11;2025-11-11;16;2208
11;2025-11-11;17;2819
11;2025-11-11;18;3180
11;2025-11-11;19;2352
11;2025-11-11;20;1477
11;2025-11-11;21;823
11;2025-11-11;22;391
11;2025-11-11;23;240
11;2025-11-12;0;55
11;2025-11-12;1;0
11;2025-11-12;2;0
11;2025-11-12;3;0
11;2025-11-12;4;0
11;2025-11-12;5;240
11;2025-11-12;6;1326
11;2025-11-12;7;2563
11;2025-11-12;8;3304
11;2025-11-12;9;2518
11;2025-11-12;10;2105
11;2025-11-12;11;2031
11;2025-11-12;12;2068
11;2025-11-12;13;2095
11;2025-11-12;14;2175
11;2025-11-12;15;1958
11;2025-11-12;16;2208
11;2025-11-12;17;2819
11;2025-11-12;18;3180
11;2025-11-12;19;2352
11;2025-11-12;20;1477
11;2025-11-12;21;823
11;2025-11-12;22;391
11;2025-11-12;23;240
11;2025-11-13;0;55
11;2025-11-13;1;0
11;2025-11-13;2;0
11;2025-11-13;3;0
11;2025-11-13;4;0
11;2025-11-13;5;240
11;2025-11-13;6;1326
11;2025-11-13;7;2563
11;2025-11-13;8;3304
11;2025-11-13;9;2518
11;2025-11-13;10;2105
11;2025-11-13;11;2031
11;2025-11-13;12;2068
11;2025-11-13;13;2095
11;2025-11-13;14;2175
11;2025-11-13;15;1958
11;2025-11-13;16;2208
11;2025-11-13;17;2819
11;2025-11-13;18;3180
11;2025-11-13;19;2352
11;2025-11-13;20;1477
11;2025-11-13;21;823
11;2025-11-13;22;391
11;2025-11-13;23;240
11;2025-11-14;0;66
11;2025-11-14;1;1
11;2025-11-14;2;0
11;2025-11-14;3;0
11;2025-11-14;4;0
11;2025-11-14;5;246
11;2025-11-14;6;1305
11;2025-11-14;7;2358
11;2025-11-14;8;3163
11;2025-11-14;9;2219
11;2025-11-14;10;1907
11;2025-11-14;11;1721
11;2025-11-14;12;1903
11;2025-11-14;13;1810
11;2025-11-14;14;2010
11;2025-11-14;15;2025
11;2025-11-14;16;2260
11;2025-11-14;17;2773
11;2025-11-14;18;2381
11;2025-11-14;19;1795
11;2025-11-14;20;1300
11;2025-11-14;21;822
11;2025-11-14;22;349
11;2025-11-14;23;329
11;2025-11-15;0;106
11;2025-11-15;1;0
11;2025-11-15;2;0
11;2025-11-15;3;0
11;2025-11-15;4;0
11;2025-11-15;5;170
11;2025-11-15;6;826
11;2025-11-15;7;766
11;2025-11-15;8;1033
11;2025-11-15;9;1173
11;2025-11-15;10;1372
11;2025-11-15;11;1712
11;2025-11-15;12;1978
11;2025-11-15;13;1794
11;2025-11-15;14;2049
11;2025-11-15;15;1931
11;2025-11-15;16;1785
11;2025-11-15;17;1876
11;2025-11-15;18;1503
11;2025-11-15;19;1483
11;2025-11-15;20;968
11;2025-11-15;21;705
11;2025-11-15;22;404
11;2025-11-15;23;289
11;2025-11-16;0;104
11;2025-11-16;1;13
11;2025-11-16;2;0
11;2025-11-16;3;0
11;2025-11-16;4;0
11;2025-11-16;5;103
11;2025-11-16;6;460
11;2025-11-16;7;456
11;2025-11-16;8;656
11;2025-11-16;9;904
11;2025-11-16;10;988
11;2025-11-16;11;1447
11;2025-11-16;12;1510
11;2025-11-16;13;1402
11;2025-11-16;14;1561
11;2025-11-16;15;1512
11;2025-11-16;16;1457
11;2025-11-16;17;1608
11;2025-11-16;18;1178
11;2025-11-16;19;907
11;2025-11-16;20;740
11;2025-11-16;21;550
11;2025-11-16;22;321
11;2025-11-16;23;217
11;2025-11-17;0;77
11;2025-11-17;1;12
11;2025-11-17;2;0
11;2025-11-17;3;0
11;2025-11-17;4;1
11;2025-11-17;5;244
11;2025-11-17;6;1379
11;2025-11-17;7;2469
11;2025-11-17;8;3172
11;2025-11-17;9;2428
11;2025-11-17;10;1901
11;2025-11-17;11;1918
11;2025-11-17;12;1840
11;2025-11-17;13;1916
11;2025-11-17;14;2053
11;2025-11-17;15;2118
11;2025-11-17;16;2276
11;2025-11-17;17;2862
11;2025-11-17;18;3002
11;2025-11-17;19;2174
11;2025-11-17;20;1165
11;2025-11-17;21;763
11;2025-11-17;22;324
11;2025-11-17;23;218
11;2025-11-18;0;55
11;2025-11-18;1;0
11;2025-11-18;2;0
11;2025-11-18;3;0
11;2025-11-18;4;0
11;2025-11-18;5;240
11;2025-11-18;6;1326
11;2025-11-18;7;2563
11;2025-11-18;8;3304
11;2025-11-18;9;2518
11;2025-11-18;10;2105
11;2025-11-18;11;2031
11;2025-11-18;12;2068
11;2025-11-18;13;2095
11;2025-11-18;14;2175
11;2025-11-18;15;1958
11;2025-11-18;16;2208
11;2025-11-18;17;2819
11;2025-11-18;18;3180
11;2025-11-18;19;2352
11;2025-11-18;20;1477
11;2025-11-18;21;823
11;2025-11-18;22;391
11;2025-11-18;23;240
11;2025-11-19;0;55
11;2025-11-19;1;0
11;2025-11-19;2;0
11;2025-11-19;3;0
11;2025-11-19;4;0
11;2025-11-19;5;240
11;2025-11-19;6;1326
11;2025-11-19;7;2563
11;2025-11-19;8;3304
11;2025-11-19;9;2518
11;2025-11-19;10;2105
11;2025-11-19;11;2031
11;2025-11-19;12;2068
11;2025-11-19;13;2095
11;2025-11-19;14;2175
11;2025-11-19;15;1958
11;2025-11-19;16;2208
11;2025-11-19;17;2819
11;2025-11-19;18;3180
11;2025-11-19;19;2352
11;2025-11-19;20;1477
11;2025-11-19;21;823
11;2025-11-19;22;391
11;2025-11-19;23;240
11;2025-11-20;0;55
11;2025-11-20;1;0
11;2025-11-20;2;0
11;2025-11-20;3;0
11;2025-11-20;4;0
11;2025-11-20;5;240
11;2025-11-20;6;1326
11;2025-11-20;7;2563
11;2025-11-20;8;3304
11;2025-11-20;9;2518
11;2025-11-20;10;2105
11;2025-11-20;11;2031
11;2025-11-20;12;2068
11;2025-11-20;13;2095
11;2025-11-20;14;2175
11;2025-11-20;15;1958
11;2025-11-20;16;2208
11;2025-11-20;17;2819
11;2025-11-20;18;3180
11;2025-11-20;19;2352
11;2025-11-20;20;1477
11;2025-11-20;21;823
11;2025-11-20;22;391
11;2025-11-20;23;240
11;2025-11-21;0;66
11;2025-11-21;1;1
11;2025-11-21;2;0
11;2025-11-21;3;0
11;2025-11-21;4;0
11;2025-11-21;5;246
11;2025-11-21;6;1305
11;2025-11-21;7;2358
11;2025-11-21;8;3163
11;2025-11-21;9;2219
11;2025-11-21;10;1907
11;2025-11-21;11;1721
11;2025-11-21;12;1903
11;2025-11-21;13;1810
11;2025-11-21;14;2010
11;2025-11-21;15;2025
11;2025-11-21;16;2260
11;2025-11-21;17;2773
11;2025-11-21;18;2381
11;2025-11-21;19;1795
11;2025-11-21;20;1300
11;2025-11-21;21;822
11;2025-11-21;22;349
11;2025-11-21;23;329
11;2025-11-22;0;106
11;2025-11-22;1;0
11;2025-11-22;2;0
11;2025-11-22;3;0
11;2025-11-22;4;0
11;2025-11-22;5;170
11;2025-11-22;6;826
11;2025-11-22;7;766
11;2025-11-22;8;1033
11;2025-11-22;9;1173
11;2025-11-22;10;1372
11;2025-11-22;11;1712
11;2025-11-22;12;1978
11;2025-11-22;13;1794
11;2025-11-22;14;2049
11;2025-11-22;15;1931
11;2025-11-22;16;1785
11;2025-11-22;17;1876
11;2025-11-22;18;1503
11;2025-11-22;19;1483
11;2025-11-22;20;968
11;2025-11-22;21;705
11;2025-11-22;22;404
11;2025-11-22;23;289
11;2025-11-23;0;104
11;2025-11-23;1;13
11;2025-11-23;2;0
11;2025-11-23;3;0
11;2025-11-23;4;0
11;2025-11-23;5;103
11;2025-11-23;6;460
11;2025-11-23;7;456
11;2025-11-23;8;656
11;2025-11-23;9;904
11;2025-11-23;10;988
11;2025-11-23;11;1447
11;2025-11-23;12;1510
11;2025-11-23;13;1402
11;2025-11-23;14;1561
11;2025-11-23;15;1512
11;2025-11-23;16;1457
11;2025-11-23;17;1608
11;2025-11-23;18;1178
11;2025-11-23;19;907
11;2025-11-23;20;740
11;2025-11-23;21;550
11;2025-11-23;22;321
11;2025-11-23;23;217
11;2025-11-24;0;77
11;2025-11-24;1;12
11;2025-11-24;2;0
11;2025-11-24;3;0
11;2025-11-24;4;1
11;2025-11-24;5;244
11;2025-11-24;6;1379
11;2025-11-24;7;2469
11;2025-11-24;8;3172
11;2025-11-24;9;2428
11;2025-11-24;10;1901
11;2025-11-24;11;1918
11;2025-11-24;12;1840
11;2025-11-24;13;1916
11;2025-11-24;14;2053
11;2025-11-24;15;2118
11;2025-11-24;16;2276
11;2025-11-24;17;2862
11;2025-11-24;18;3002
11;2025-11-24;19;2174
11;2025-11-24;20;1165
11;2025-11-24;21;763
11;2025-11-24;22;324
11;2025-11-24;23;218
11;2025-11-25;0;55
11;2025-11-25;1;0
11;2025-11-25;2;0
11;2025-11-25;3;0
11;2025-11-25;4;0
11;2025-11-25;5;240
11;2025-11-25;6;1326
11;2025-11-25;7;2563
11;2025-11-25;8;3304
11;2025-11-25;9;2518
11;2025-11-25;10;2105
11;2025-11-25;11;2031
11;2025-11-25;12;2068
11;2025-11-25;13;2095
11;2025-11-25;14;2175
11;2025-11-25;15;1958
11;2025-11-25;16;2208
11;2025-11-25;17;2819
11;2025-11-25;18;3180
11;2025-11-25;19;2352
11;2025-11-25;20;1477
11;2025-11-25;21;823
11;2025-11-25;22;391
11;2025-11-25;23;240
11;2025-11-26;0;55
11;2025-11-26;1;0
11;2025-11-26;2;0
11;2025-11-26;3;0
11;2025-11-26;4;0
11;2025-11-26;5;240
11;2025-11-26;6;1326
11;2025-11-26;7;2563
11;2025-11-26;8;3304
11;2025-11-26;9;2518
11;2025-11-26;10;2105
11;2025-11-26;11;2031
11;2025-11-26;12;2068
11;2025-11-26;13;2095
11;2025-11-26;14;2175
11;2025-11-26;15;1958
11;2025-11-26;16;2208
11;2025-11-26;17;2819
11;2025-11-26;18;3180
11;2025-11-26;19;2352
11;2025-11-26;20;1477
11;2025-11-26;21;823
11;2025-11-26;22;391
11;2025-11-26;23;240
11;2025-11-27;0;55
11;2025-11-27;1;0
11;2025-11-27;2;0
11;2025-11-27;3;0
11;2025-11-27;4;0
11;2025-11-27;5;240
11;2025-11-27;6;1326
11;2025-11-27;7;2563
11;2025-11-27;8;3304
11;2025-11-27;9;2518
11;2025-11-27;10;2105
11;2025-11-27;11;2031
11;2025-11-27;12;2068
11;2025-11-27;13;2095
11;2025-11-27;14;2175
11;2025-11-27;15;1958
11;2025-11-27;16;2208
11;2025-11-27;17;2819
11;2025-11-27;18;3180
11;2025-11-27;19;2352
11;2025-11-27;20;1477
11;2025-11-27;21;823
11;2025-11-27;22;391
11;2025-11-27;23;240
11;2025-11-28;0;66
11;2025-11-28;1;1
11;2025-11-28;2;0
11;2025-11-28;3;0
11;2025-11-28;4;0
11;2025-11-28;5;246
11;2025-11-28;6;1305
11;2025-11-28;7;2358
11;2025-11-28;8;3163
11;2025-11-28;9;2219
11;2025-11-28;10;1907
11;2025-11-28;11;1721
11;2025-11-28;12;1903
11;2025-11-28;13;1810
11;2025-11-28;14;2010
11;2025-11-28;15;2025
11;2025-11-28;16;2260
11;2025-11-28;17;2773
11;2025-11-28;18;2381
11;2025-11-28;19;1795
11;2025-11-28;20;1300
11;2025-11-28;21;822
11;2025-11-28;22;349
11;2025-11-28;23;329
11;2025-11-29;0;106
11;2025-11-29;1;0
11;2025-11-29;2;0
11;2025-11-29;3;0
11;2025-11-29;4;0
11;2025-11-29;5;170
11;2025-11-29;6;826
11;2025-11-29;7;766
11;2025-11-29;8;1033
11;2025-11-29;9;1173
11;2025-11-29;10;1372
11;2025-11-29;11;1712
11;2025-11-29;12;1978
11;2025-11-29;13;1794
11;2025-11-29;14;2049
11;2025-11-29;15;1931
11;2025-11-29;16;1785
11;2025-11-29;17;1876
11;2025-11-29;18;1503
11;2025-11-29;19;1483
11;2025-11-29;20;968
11;2025-11-29;21;705
11;2025-11-29;22;404
11;2025-11-29;23;289
11;2025-11-30;0;104
11;2025-11-30;1;13
11;2025-11-30;2;0
11;2025-11-30;3;0
11;2025-11-30;4;0
11;2025-11-30;5;103
11;2025-11-30;6;460
11;2025-11-30;7;456
11;2025-11-30;8;656
11;2025-11-30;9;904
11;2025-11-30;10;988
11;2025-11-30;11;1447
11;2025-11-30;12;1510
11;2025-11-30;13;1402
11;2025-11-30;14;1561
11;2025-11-30;15;1512
11;2025-11-30;16;1457
11;2025-11-30;17;1608
11;2025-11-30;18;1178
11;2025-11-30;19;907
11;2025-11-30;20;740
11;2025-11-30;21;550
11;2025-11-30;22;321
11;2025-11-30;23;217
11;2025-12-01;0;79
11;2025-12-01;1;13
11;2025-12-01;2;0
11;2025-12-01;3;0
11;2025-12-01;4;1
11;2025-12-01;5;250
11;2025-12-01;6;1416
11;2025-12-01;7;2537
11;2025-12-01;8;3259
11;2025-12-01;9;2494
11;2025-12-01;10;1953
11;2025-12-01;11;1971
11;2025-12-01;12;1891
11;2025-12-01;13;1969
11;2025-12-01;14;2109
11;2025-12-01;15;2176
11;2025-12-01;16;2339
11;2025-12-01;17;2940
11;2025-12-01;18;3084
11;2025-12-01;19;2234
11;2025-12-01;20;1197
11;2025-12-01;21;783
11;2025-12-01;22;333
11;2025-12-01;23;224
11;2025-12-02;0;57
11;2025-12-02;1;0
11;2025-12-02;2;0
11;2025-12-02;3;0
11;2025-12-02;4;0
11;2025-12-02;5;247
11;2025-12-02;6;1363
11;2025-12-02;7;2633
11;2025-12-02;8;3394
11;2025-12-02;9;2587
11;2025-12-02;10;2163
11;2025-12-02;11;2087
11;2025-12-02;12;2124
11;2025-12-02;13;2152
11;2025-12-02;14;2235
11;2025-12-02;15;2011
11;2025-12-02;16;2268
11;2025-12-02;17;2896
11;2025-12-02;18;3267
11;2025-12-02;19;2417
11;2025-12-02;20;1518
11;2025-12-02;21;846
11;2025-12-02;22;401
11;2025-12-02;23;247
11;2025-12-03;0;57
11;2025-12-03;1;0
11;2025-12-03;2;0
11;2025-12-03;3;0
11;2025-12-03;4;0
11;2025-12-03;5;247
11;2025-12-03;6;1363
11;2025-12-03;7;2633
11;2025-12-03;8;3394
11;2025-12-03;9;2587
11;2025-12-03;10;2163
11;2025-12-03;11;2087
11;2025-12-03;12;2124
11;2025-12-03;13;2152
11;2025-12-03;14;2235
11;2025-12-03;15;2011
11;2025-12-03;16;2268
11;2025-12-03;17;2896
11;2025-12-03;18;3267
11;2025-12-03;19;2417
11;2025-12-03;20;1518
11;2025-12-03;21;846
11;2025-12-03;22;401
11;2025-12-03;23;247
11;2025-12-04;0;57
11;2025-12-04;1;0
11;2025-12-04;2;0
11;2025-12-04;3;0
11;2025-12-04;4;0
11;2025-12-04;5;247
11;2025-12-04;6;1363
11;2025-12-04;7;2633
11;2025-12-04;8;3394
11;2025-12-04;9;2587
11;2025-12-04;10;2163
11;2025-12-04;11;2087
11;2025-12-04;12;2124
11;2025-12-04;13;2152
11;2025-12-04;14;2235
11;2025-12-04;15;2011
11;2025-12-04;16;2268
11;2025-12-04;17;2896
11;2025-12-04;18;3267
11;2025-12-04;19;2417
11;2025-12-04;20;1518
11;2025-12-04;21;846
11;2025-12-04;22;401
11;2025-12-04;23;247
11;2025-12-05;0;68
11;2025-12-05;1;1
11;2025-12-05;2;0
11;2025-12-05;3;0
11;2025-12-05;4;0
11;2025-12-05;5;253
11;2025-12-05;6;1340
11;2025-12-05;7;2423
11;2025-12-05;8;3250
11;2025-12-05;9;2280
11;2025-12-05;10;1960
11;2025-12-05;11;1768
11;2025-12-05;12;1955
11;2025-12-05;13;1860
11;2025-12-05;14;2065
11;2025-12-05;15;2080
11;2025-12-05;16;2322
11;2025-12-05;17;2849
11;2025-12-05;18;2446
11;2025-12-05;19;1844
11;2025-12-05;20;1336
11;2025-12-05;21;844
11;2025-12-05;22;359
11;2025-12-05;23;338
11;2025-12-06;0;109
11;2025-12-06;1;0
11;2025-12-06;2;0
11;2025-12-06;3;0
11;2025-12-06;4;0
11;2025-12-06;5;174
11;2025-12-06;6;849
11;2025-12-06;7;787
11;2025-12-06;8;1061
11;2025-12-06;9;1205
11;2025-12-06;10;1410
11;2025-12-06;11;1758
11;2025-12-06;12;2033
11;2025-12-06;13;1843
11;2025-12-06;14;2105
11;2025-12-06;15;1984
11;2025-12-06;16;1834
11;2025-12-06;17;1928
11;2025-12-06;18;1544
11;2025-12-06;19;1523
11;2025-12-06;20;995
11;2025-12-06;21;725
11;2025-12-06;22;415
11;2025-12-06;23;296
11;2025-12-07;0;107
11;2025-12-07;1;14
11;2025-12-07;2;0
11;2025-12-07;3;0
11;2025-12-07;4;0
11;2025-12-07;5;106
11;2025-12-07;6;473
11;2025-12-07;7;469
11;2025-12-07;8;674
11;2025-12-07;9;929
11;2025-12-07;10;1015
11;2025-12-07;11;1486
11;2025-12-07;12;1551
11;2025-12-07;13;1441
11;2025-12-07;14;1604
11;2025-12-07;15;1554
11;2025-12-07;16;1497
11;2025-12-07;17;1652
11;2025-12-07;18;1210
11;2025-12-07;19;931
11;2025-12-07;20;760
11;2025-12-07;21;565
11;2025-12-07;22;330
11;2025-12-07;23;223
11;2025-12-08;0;79
11;2025-12-08;1;13
11;2025-12-08;2;0
11;2025-12-08;3;0
11;2025-12-08;4;1
11;2025-12-08;5;250
11;2025-12-08;6;1416
11;2025-12-08;7;2537
11;2025-12-08;8;3259
11;2025-12-08;9;2494
11;2025-12-08;10;1953
11;2025-12-08;11;1971
11;2025-12-08;12;1891
11;2025-12-08;13;1969
11;2025-12-08;14;2109
11;2025-12-08;15;2176
11;2025-12-08;16;2339
11;2025-12-08;17;2940
11;2025-12-08;18;3084
11;2025-12-08;19;2234
11;2025-12-08;20;1197
11;2025-12-08;21;783
11;2025-12-08;22;333
11;2025-12-08;23;224
11;2025-12-09;0;57
11;2025-12-09;1;0
11;2025-12-09;2;0
11;2025-12-09;3;0
11;2025-12-09;4;0
11;2025-12-09;5;247
11;2025-12-09;6;1363
11;2025-12-09;7;2633
11;2025-12-09;8;3394
11;2025-12-09;9;2587
11;2025-12-09;10;2163
11;2025-12-09;11;2087
11;2025-12-09;12;2124
11;2025-12-09;13;2152
11;2025-12-09;14;2235
11;2025-12-09;15;2011
11;2025-12-09;16;2268
11;2025-12-09;17;2896
11;2025-12-09;18;3267
11;2025-12-09;19;2417
11;2025-12-09;20;1518
11;2025-12-09;21;846
11;2025-12-09;22;401
11;2025-12-09;23;247
11;2025-12-10;0;57
11;2025-12-10;1;0
11;2025-12-10;2;0
11;2025-12-10;3;0
11;2025-12-10;4;0
11;2025-12-10;5;247
11;2025-12-10;6;1363
11;2025-12-10;7;2633
11;2025-12-10;8;3394
11;2025-12-10;9;2587
11;2025-12-10;10;2163
11;2025-12-10;11;2087
11;2025-12-10;12;2124
11;2025-12-10;13;2152
11;2025-12-10;14;2235
11;2025-12-10;15;2011
11;2025-12-10;16;2268
11;2025-12-10;17;2896
11;2025-12-10;18;3267
11;2025-12-10;19;2417
11;2025-12-10;20;1518
11;2025-12-10;21;846
11;2025-12-10;22;401
11;2025-12-10;23;247
11;2025-12-11;0;57
11;2025-12-11;1;0
11;2025-12-11;2;0
11;2025-12-11;3;0
11;2025-12-11;4;0
11;2025-12-11;5;247
11;2025-12-11;6;1363
11;2025-12-11;7;2633
11;2025-12-11;8;3394
11;2025-12-11;9;2587
11;2025-12-11;10;2163
11;2025-12-11;11;2087
11;2025-12-11;12;2124
11;2025-12-11;13;2152
11;2025-12-11;14;2235
11;2025-12-11;15;2011
11;2025-12-11;16;2268
11;2025-12-11;17;2896
11;2025-12-11;18;3267
11;2025-12-11;19;2417
11;2025-12-11;20;1518
11;2025-12-11;21;846
11;2025-12-11;22;401
11;2025-12-11;23;247
11;2025-12-12;0;68
11;2025-12-12;1;1
11;2025-12-12;2;0
11;2025-12-12;3;0
11;2025-12-12;4;0
11;2025-12-12;5;253
11;2025-12-12;6;1340
11;2025-12-12;7;2423
11;2025-12-12;8;3250
11;2025-12-12;9;2280
11;2025-12-12;10;1960
11;2025-12-12;11;1768
11;2025-12-12;12;1955
11;2025-12-12;13;1860
11;2025-12-12;14;2065
11;2025-12-12;15;2080
11;2025-12-12;16;2322
11;2025-12-12;17;2849
11;2025-12-12;18;2446
11;2025-12-12;19;1844
11;2025-12-12;20;1336
11;2025-12-12;21;844
11;2025-12-12;22;359
11;2025-12-12;23;338
11;2025-12-13;0;109
11;2025-12-13;1;0
11;2025-12-13;2;0
11;2025-12-13;3;0
11;2025-12-13;4;0
11;2025-12-13;5;174
11;2025-12-13;6;849
11;2025-12-13;7;787
11;2025-12-13;8;1061
11;2025-12-13;9;1205
11;2025-12-13;10;1410
11;2025-12-13;11;1758
11;2025-12-13;12;2033
11;2025-12-13;13;1843
11;2025-12-13;14;2105
11;2025-12-13;15;1984
11;2025-12-13;16;1834
11;2025-12-13;17;1928
11;2025-12-13;18;1544
11;2025-12-13;19;1523
11;2025-12-13;20;995
11;2025-12-13;21;725
11;2025-12-13;22;415
11;2025-12-13;23;296
11;2025-12-14;0;107
11;2025-12-14;1;14
11;2025-12-14;2;0
11;2025-12-14;3;0
11;2025-12-14;4;0
11;2025-12-14;5;106
11;2025-12-14;6;473
11;2025-12-14;7;469
11;2025-12-14;8;674
11;2025-12-14;9;929
11;2025-12-14;10;1015
11;2025-12-14;11;1486
11;2025-12-14;12;1551
11;2025-12-14;13;1441
11;2025-12-14;14;1604
11;2025-12-14;15;1554
11;2025-12-14;16;1497
11;2025-12-14;17;1652
11;2025-12-14;18;1210
11;2025-12-14;19;931
11;2025-12-14;20;760
11;2025-12-14;21;565
11;2025-12-14;22;330
11;2025-12-14;23;223
11;2025-12-15;0;79
11;2025-12-15;1;13
11;2025-12-15;2;0
11;2025-12-15;3;0
11;2025-12-15;4;1
11;2025-12-15;5;250
11;2025-12-15;6;1416
11;2025-12-15;7;2537
11;2025-12-15;8;3259
11;2025-12-15;9;2494
11;2025-12-15;10;1953
11;2025-12-15;11;1971
11;2025-12-15;12;1891
11;2025-12-15;13;1969
11;2025-12-15;14;2109
11;2025-12-15;15;2176
11;2025-12-15;16;2339
11;2025-12-15;17;2940
11;2025-12-15;18;3084
11;2025-12-15;19;2234
11;2025-12-15;20;1197
11;2025-12-15;21;783
11;2025-12-15;22;333
11;2025-12-15;23;224
11;2025-12-16;0;57
11;2025-12-16;1;0
11;2025-12-16;2;0
11;2025-12-16;3;0
11;2025-12-16;4;0
11;2025-12-16;5;247
11;2025-12-16;6;1363
11;2025-12-16;7;2633
11;2025-12-16;8;3394
11;2025-12-16;9;2587
11;2025-12-16;10;2163
11;2025-12-16;11;2087
11;2025-12-16;12;2124
11;2025-12-16;13;2152
11;2025-12-16;14;2235
11;2025-12-16;15;2011
11;2025-12-16;16;2268
11;2025-12-16;17;2896
11;2025-12-16;18;3267
11;2025-12-16;19;2417
11;2025-12-16;20;1518
11;2025-12-16;21;846
11;2025-12-16;22;401
11;2025-12-16;23;247
11;2025-12-17;0;57
11;2025-12-17;1;0
11;2025-12-17;2;0
11;2025-12-17;3;0
11;2025-12-17;4;0
11;2025-12-17;5;247
11;2025-12-17;6;1363
11;2025-12-17;7;2633
11;2025-12-17;8;3394
11;2025-12-17;9;2587
11;2025-12-17;10;2163
11;2025-12-17;11;2087
11;2025-12-17;12;2124
11;2025-12-17;13;2152
11;2025-12-17;14;2235
11;2025-12-17;15;2011
11;2025-12-17;16;2268
11;2025-12-17;17;2896
11;2025-12-17;18;3267
11;2025-12-17;19;2417
11;2025-12-17;20;1518
11;2025-12-17;21;846
11;2025-12-17;22;401
11;2025-12-17;23;247
11;2025-12-18;0;57
11;2025-12-18;1;0
11;2025-12-18;2;0
11;2025-12-18;3;0
11;2025-12-18;4;0
11;2025-12-18;5;247
11;2025-12-18;6;1363
11;2025-12-18;7;2633
11;2025-12-18;8;3394
11;2025-12-18;9;2587
11;2025-12-18;10;2163
11;2025-12-18;11;2087
11;2025-12-18;12;2124
11;2025-12-18;13;2152
11;2025-12-18;14;2235
11;2025-12-18;15;2011
11;2025-12-18;16;2268
11;2025-12-18;17;2896
11;2025-12-18;18;3267
11;2025-12-18;19;2417
11;2025-12-18;20;1518
11;2025-12-18;21;846
11;2025-12-18;22;401
11;2025-12-18;23;247
11;2025-12-19;0;68
11;2025-12-19;1;1
11;2025-12-19;2;0
11;2025-12-19;3;0
11;2025-12-19;4;0
11;2025-12-19;5;253
11;2025-12-19;6;1340
11;2025-12-19;7;2423
11;2025-12-19;8;3250
11;2025-12-19;9;2280
11;2025-12-19;10;1960
11;2025-12-19;11;1768
11;2025-12-19;12;1955
11;2025-12-19;13;1860
11;2025-12-19;14;2065
11;2025-12-19;15;2080
11;2025-12-19;16;2322
11;2025-12-19;17;2849
11;2025-12-19;18;2446
11;2025-12-19;19;1844
11;2025-12-19;20;1336
11;2025-12-19;21;844
11;2025-12-19;22;359
11;2025-12-19;23;338
11;2025-12-20;0;109
11;2025-12-20;1;0
11;2025-12-20;2;0
11;2025-12-20;3;0
11;2025-12-20;4;0
11;2025-12-20;5;174
11;2025-12-20;6;849
11;2025-12-20;7;787
11;2025-12-20;8;1061
11;2025-12-20;9;1205
11;2025-12-20;10;1410
11;2025-12-20;11;1758
11;2025-12-20;12;2033
11;2025-12-20;13;1843
11;2025-12-20;14;2105
11;2025-12-20;15;1984
11;2025-12-20;16;1834
11;2025-12-20;17;1928
11;2025-12-20;18;1544
11;2025-12-20;19;1523
11;2025-12-20;20;995
11;2025-12-20;21;725
11;2025-12-20;22;415
11;2025-12-20;23;296
11;2025-12-21;0;107
11;2025-12-21;1;14
11;2025-12-21;2;0
11;2025-12-21;3;0
11;2025-12-21;4;0
11;2025-12-21;5;106
11;2025-12-21;6;473
11;2025-12-21;7;469
11;2025-12-21;8;674
11;2025-12-21;9;929
11;2025-12-21;10;1015
11;2025-12-21;11;1486
11;2025-12-21;12;1551
11;2025-12-21;13;1441
11;2025-12-21;14;1604
11;2025-12-21;15;1554
11;2025-12-21;16;1497
11;2025-12-21;17;1652
11;2025-12-21;18;1210
11;2025-12-21;19;931
11;2025-12-21;20;760
11;2025-12-21;21;565
11;2025-12-21;22;330
11;2025-12-21;23;223
11;2025-12-22;0;79
11;2025-12-22;1;13
11;2025-12-22;2;0
11;2025-12-22;3;0
11;2025-12-22;4;1
11;2025-12-22;5;250
11;2025-12-22;6;1416
11;2025-12-22;7;2537
11;2025-12-22;8;3259
11;2025-12-22;9;2494
11;2025-12-22;10;1953
11;2025-12-22;11;1971
11;2025-12-22;12;1891
11;2025-12-22;13;1969
11;2025-12-22;14;2109
11;2025-12-22;15;2176
11;2025-12-22;16;2339
11;2025-12-22;17;2940
11;2025-12-22;18;3084
11;2025-12-22;19;2234
11;2025-12-22;20;1197
11;2025-12-22;21;783
11;2025-12-22;22;333
11;2025-12-22;23;224
11;2025-12-23;0;57
11;2025-12-23;1;0
11;2025-12-23;2;0
11;2025-12-23;3;0
11;2025-12-23;4;0
11;2025-12-23;5;247
11;2025-12-23;6;1363
11;2025-12-23;7;2633
11;2025-12-23;8;3394
11;2025-12-23;9;2587
11;2025-12-23;10;2163
11;2025-12-23;11;2087
11;2025-12-23;12;2124
11;2025-12-23;13;2152
11;2025-12-23;14;2235
11;2025-12-23;15;2011
11;2025-12-23;16;2268
11;2025-12-23;17;2896
11;2025-12-23;18;3267
11;2025-12-23;19;2417
11;2025-12-23;20;1518
11;2025-12-23;21;846
11;2025-12-23;22;401
11;2025-12-23;23;247
11;2025-12-24;0;57
11;2025-12-24;1;0
11;2025-12-24;2;0
11;2025-12-24;3;0
11;2025-12-24;4;0
11;2025-12-24;5;247
11;2025-12-24;6;1363
11;2025-12-24;7;2633
11;2025-12-24;8;3394
11;2025-12-24;9;2587
11;2025-12-24;10;2163
11;2025-12-24;11;2087
11;2025-12-24;12;2124
11;2025-12-24;13;2152
11;2025-12-24;14;2235
11;2025-12-24;15;2011
11;2025-12-24;16;2268
11;2025-12-24;17;2896
11;2025-12-24;18;3267
11;2025-12-24;19;2417
11;2025-12-24;20;1518
11;2025-12-24;21;846
11;2025-12-24;22;401
11;2025-12-24;23;247
11;2025-12-25;0;57
11;2025-12-25;1;0
11;2025-12-25;2;0
11;2025-12-25;3;0
11;2025-12-25;4;0
11;2025-12-25;5;247
11;2025-12-25;6;1363
11;2025-12-25;7;2633
11;2025-12-25;8;3394
11;2025-12-25;9;2587
11;2025-12-25;10;2163
11;2025-12-25;11;2087
11;2025-12-25;12;2124
11;2025-12-25;13;2152
11;2025-12-25;14;2235
11;2025-12-25;15;2011
11;2025-12-25;16;2268
11;2025-12-25;17;2896
11;2025-12-25;18;3267
11;2025-12-25;19;2417
11;2025-12-25;20;1518
11;2025-12-25;21;846
11;2025-12-25;22;401
11;2025-12-25;23;247
11;2025-12-26;0;68
11;2025-12-26;1;1
11;2025-12-26;2;0
11;2025-12-26;3;0
11;2025-12-26;4;0
11;2025-12-26;5;253
11;2025-12-26;6;1340
11;2025-12-26;7;2423
11;2025-12-26;8;3250
11;2025-12-26;9;2280
11;2025-12-26;10;1960
11;2025-12-26;11;1768
11;2025-12-26;12;1955
11;2025-12-26;13;1860
11;2025-12-26;14;2065
11;2025-12-26;15;2080
11;2025-12-26;16;2322
11;2025-12-26;17;2849
11;2025-12-26;18;2446
11;2025-12-26;19;1844
11;2025-12-26;20;1336
11;2025-12-26;21;844
11;2025-12-26;22;359
11;2025-12-26;23;338
11;2025-12-27;0;109
11;2025-12-27;1;0
11;2025-12-27;2;0
11;2025-12-27;3;0
11;2025-12-27;4;0
11;2025-12-27;5;174
11;2025-12-27;6;849
11;2025-12-27;7;787
11;2025-12-27;8;1061
11;2025-12-27;9;1205
11;2025-12-27;10;1410
11;2025-12-27;11;1758
11;2025-12-27;12;2033
11;2025-12-27;13;1843
11;2025-12-27;14;2105
11;2025-12-27;15;1984
11;2025-12-27;16;1834
11;2025-12-27;17;1928
11;2025-12-27;18;1544
11;2025-12-27;19;1523
11;2025-12-27;20;995
11;2025-12-27;21;725
11;2025-12-27;22;415
11;2025-12-27;23;296
11;2025-12-28;0;107
11;2025-12-28;1;14
11;2025-12-28;2;0
11;2025-12-28;3;0
11;2025-12-28;4;0
11;2025-12-28;5;106
11;2025-12-28;6;473
11;2025-12-28;7;469
11;2025-12-28;8;674
11;2025-12-28;9;929
11;2025-12-28;10;1015
11;2025-12-28;11;1486
11;2025-12-28;12;1551
11;2025-12-28;13;1441
11;2025-12-28;14;1604
11;2025-12-28;15;1554
11;2025-12-28;16;1497
11;2025-12-28;17;1652
11;2025-12-28;18;1210
11;2025-12-28;19;931
11;2025-12-28;20;760
11;2025-12-28;21;565
11;2025-12-28;22;330
11;2025-12-28;23;223
11;2025-12-29;0;67
11;2025-12-29;1;11
11;2025-12-29;2;0
11;2025-12-29;3;0
11;2025-12-29;4;1
11;2025-12-29;5;213
11;2025-12-29;6;1204
11;2025-12-29;7;2156
11;2025-12-29;8;2770
11;2025-12-29;9;2120
11;2025-12-29;10;1660
11;2025-12-29;11;1675
11;2025-12-29;12;1607
11;2025-12-29;13;1673
11;2025-12-29;14;1793
11;2025-12-29;15;1850
11;2025-12-29;16;1988
11;2025-12-29;17;2499
11;2025-12-29;18;2622
11;2025-12-29;19;1899
11;2025-12-29;20;1017
11;2025-12-29;21;666
11;2025-12-29;22;283
11;2025-12-29;23;191
11;2025-12-30;0;48
11;2025-12-30;1;0
11;2025-12-30;2;0
11;2025-12-30;3;0
11;2025-12-30;4;0
11;2025-12-30;5;210
11;2025-12-30;6;1158
11;2025-12-30;7;2238
11;2025-12-30;8;2885
11;2025-12-30;9;2199
11;2025-12-30;10;1838
11;2025-12-30;11;1774
11;2025-12-30;12;1806
11;2025-12-30;13;1829
11;2025-12-30;14;1900
11;2025-12-30;15;1710
11;2025-12-30;16;1928
11;2025-12-30;17;2462
11;2025-12-30;18;2777
11;2025-12-30;19;2054
11;2025-12-30;20;1290
11;2025-12-30;21;719
11;2025-12-30;22;341
11;2025-12-30;23;210
11;2025-12-31;0;91
11;2025-12-31;1;12
11;2025-12-31;2;0
11;2025-12-31;3;0
11;2025-12-31;4;0
11;2025-12-31;5;90
11;2025-12-31;6;402
11;2025-12-31;7;398
11;2025-12-31;8;573
11;2025-12-31;9;790
11;2025-12-31;10;863
11;2025-12-31;11;1263
11;2025-12-31;12;1318
11;2025-12-31;13;1224
11;2025-12-31;14;1364
11;2025-12-31;15;1321
11;2025-12-31;16;1273
11;2025-12-31;17;1404
11;2025-12-31;18;1029
11;2025-12-31;19;792
11;2025-12-31;20;646
11;2025-12-31;21;480
11;2025-12-31;22;281
11;2025-12-31;23;190
12;2025-11-01;0;46
12;2025-11-01;1;0
12;2025-11-01;2;0
12;2025-11-01;3;0
12;2025-11-01;4;3
12;2025-11-01;5;274
12;2025-11-01;6;1183
12;2025-11-01;7;2267
12;2025-11-01;8;2792
12;2025-11-01;9;2109
12;2025-11-01;10;1532
12;2025-11-01;11;1583
12;2025-11-01;12;1650
12;2025-11-01;13;1849
12;2025-11-01;14;1647
12;2025-11-01;15;1935
12;2025-11-01;16;2427
12;2025-11-01;17;2416
12;2025-11-01;18;2101
12;2025-11-01;19;1766
12;2025-11-01;20;1146
12;2025-11-01;21;815
12;2025-11-01;22;423
12;2025-11-01;23;279
12;2025-11-02;0;82
12;2025-11-02;1;3
12;2025-11-02;2;0
12;2025-11-02;3;0
12;2025-11-02;4;3
12;2025-11-02;5;132
12;2025-11-02;6;523
12;2025-11-02;7;710
12;2025-11-02;8;725
12;2025-11-02;9;916
12;2025-11-02;10;1158
12;2025-11-02;11;1260
12;2025-11-02;12;1364
12;2025-11-02;13;1595
12;2025-11-02;14;1427
12;2025-11-02;15;1524
12;2025-11-02;16;1519
12;2025-11-02;17;1518
12;2025-11-02;18;1321
12;2025-11-02;19;1009
12;2025-11-02;20;776
12;2025-11-02;21;606
12;2025-11-02;22;385
12;2025-11-02;23;198
12;2025-11-03;0;82
12;2025-11-03;1;3
12;2025-11-03;2;0
12;2025-11-03;3;0
12;2025-11-03;4;3
12;2025-11-03;5;132
12;2025-11-03;6;523
12;2025-11-03;7;710
12;2025-11-03;8;725
12;2025-11-03;9;916
12;2025-11-03;10;1158
12;2025-11-03;11;1260
12;2025-11-03;12;1364
12;2025-11-03;13;1595
12;2025-11-03;14;1427
12;2025-11-03;15;1524
12;2025-11-03;16;1519
12;2025-11-03;17;1518
12;2025-11-03;18;1321
12;2025-11-03;19;1009
12;2025-11-03;20;776
12;2025-11-03;21;606
12;2025-11-03;22;385
12;2025-11-03;23;198
12;2025-11-04;0;82
12;2025-11-04;1;3
12;2025-11-04;2;0
12;2025-11-04;3;0
12;2025-11-04;4;3
12;2025-11-04;5;132
12;2025-11-04;6;523
12;2025-11-04;7;710
12;2025-11-04;8;725
12;2025-11-04;9;916
12;2025-11-04;10;1158
12;2025-11-04;11;1260
12;2025-11-04;12;1364
12;2025-11-04;13;1595
12;2025-11-04;14;1427
12;2025-11-04;15;1524
12;2025-11-04;16;1519
12;2025-11-04;17;1518
12;2025-11-04;18;1321
12;2025-11-04;19;1009
12;2025-11-04;20;776
12;2025-11-04;21;606
12;2025-11-04;22;385
12;2025-11-04;23;198
12;2025-11-05;0;54
12;2025-11-05;1;1
12;2025-11-05;2;0
12;2025-11-05;3;0
12;2025-11-05;4;7
12;2025-11-05;5;328
12;2025-11-05;6;1460
12;2025-11-05;7;2766
12;2025-11-05;8;3750
12;2025-11-05;9;2631
12;2025-11-05;10;2193
12;2025-11-05;11;2084
12;2025-11-05;12;2111
12;2025-11-05;13;2080
12;2025-11-05;14;2019
12;2025-11-05;15;2231
12;2025-11-05;16;2734
12;2025-11-05;17;3117
12;2025-11-05;18;3270
12;2025-11-05;19;2402
12;2025-11-05;20;1555
12;2025-11-05;21;995
12;2025-11-05;22;496
12;2025-11-05;23;262
12;2025-11-06;0;54
12;2025-11-06;1;1
12;2025-11-06;2;0
12;2025-11-06;3;0
12;2025-11-06;4;7
12;2025-11-06;5;328
12;2025-11-06;6;1460
12;2025-11-06;7;2766
12;2025-11-06;8;3750
12;2025-11-06;9;2631
12;2025-11-06;10;2193
12;2025-11-06;11;2084
12;2025-11-06;12;2111
12;2025-11-06;13;2080
12;2025-11-06;14;2019
12;2025-11-06;15;2231
12;2025-11-06;16;2734
12;2025-11-06;17;3117
12;2025-11-06;18;3270
12;2025-11-06;19;2402
12;2025-11-06;20;1555
12;2025-11-06;21;995
12;2025-11-06;22;496
12;2025-11-06;23;262
12;2025-11-07;0;58
12;2025-11-07;1;1
12;2025-11-07;2;0
12;2025-11-07;3;0
12;2025-11-07;4;4
12;2025-11-07;5;340
12;2025-11-07;6;1471
12;2025-11-07;7;2819
12;2025-11-07;8;3472
12;2025-11-07;9;2623
12;2025-11-07;10;1906
12;2025-11-07;11;1969
12;2025-11-07;12;2052
12;2025-11-07;13;2300
12;2025-11-07;14;2048
12;2025-11-07;15;2407
12;2025-11-07;16;3018
12;2025-11-07;17;3005
12;2025-11-07;18;2613
12;2025-11-07;19;2196
12;2025-11-07;20;1425
12;2025-11-07;21;1014
12;2025-11-07;22;526
12;2025-11-07;23;347
12;2025-11-08;0;73
12;2025-11-08;1;2
12;2025-11-08;2;0
12;2025-11-08;3;0
12;2025-11-08;4;2
12;2025-11-08;5;230
12;2025-11-08;6;783
12;2025-11-08;7;930
12;2025-11-08;8;1065
12;2025-11-08;9;1306
12;2025-11-08;10;1521
12;2025-11-08;11;1518
12;2025-11-08;12;1570
12;2025-11-08;13;1800
12;2025-11-08;14;1620
12;2025-11-08;15;1590
12;2025-11-08;16;1724
12;2025-11-08;17;1677
12;2025-11-08;18;1607
12;2025-11-08;19;1422
12;2025-11-08;20;918
12;2025-11-08;21;805
12;2025-11-08;22;407
12;2025-11-08;23;304
12;2025-11-09;0;82
12;2025-11-09;1;3
12;2025-11-09;2;0
12;2025-11-09;3;0
12;2025-11-09;4;3
12;2025-11-09;5;132
12;2025-11-09;6;523
12;2025-11-09;7;710
12;2025-11-09;8;725
12;2025-11-09;9;916
12;2025-11-09;10;1158
12;2025-11-09;11;1260
12;2025-11-09;12;1364
12;2025-11-09;13;1595
12;2025-11-09;14;1427
12;2025-11-09;15;1524
12;2025-11-09;16;1519
12;2025-11-09;17;1518
12;2025-11-09;18;1321
12;2025-11-09;19;1009
12;2025-11-09;20;776
12;2025-11-09;21;606
12;2025-11-09;22;385
12;2025-11-09;23;198
12;2025-11-10;0;56
12;2025-11-10;1;2
12;2025-11-10;2;0
12;2025-11-10;3;0
12;2025-11-10;4;6
12;2025-11-10;5;316
12;2025-11-10;6;1486
12;2025-11-10;7;2759
12;2025-11-10;8;3711
12;2025-11-10;9;2672
12;2025-11-10;10;1983
12;2025-11-10;11;1923
12;2025-11-10;12;2153
12;2025-11-10;13;2017
12;2025-11-10;14;2067
12;2025-11-10;15;2282
12;2025-11-10;16;2831
12;2025-11-10;17;3110
12;2025-11-10;18;3329
12;2025-11-10;19;2434
12;2025-11-10;20;1725
12;2025-11-10;21;1033
12;2025-11-10;22;476
12;2025-11-10;23;240
12;2025-11-11;0;54
12;2025-11-11;1;1
12;2025-11-11;2;0
12;2025-11-11;3;0
12;2025-11-11;4;7
12;2025-11-11;5;328
12;2025-11-11;6;1460
12;2025-11-11;7;2766
12;2025-11-11;8;3750
12;2025-11-11;9;2631
12;2025-11-11;10;2193
12;2025-11-11;11;2084
12;2025-11-11;12;2111
12;2025-11-11;13;2080
12;2025-11-11;14;2019
12;2025-11-11;15;2231
12;2025-11-11;16;2734
12;2025-11-11;17;3117
12;2025-11-11;18;3270
12;2025-11-11;19;2402
12;2025-11-11;20;1555
12;2025-11-11;21;995
12;2025-11-11;22;496
12;2025-11-11;23;262
12;2025-11-12;0;54
12;2025-11-12;1;1
12;2025-11-12;2;0
12;2025-11-12;3;0
12;2025-11-12;4;7
12;2025-11-12;5;328
12;2025-11-12;6;1460
12;2025-11-12;7;2766
12;2025-11-12;8;3750
12;2025-11-12;9;2631
12;2025-11-12;10;2193
12;2025-11-12;11;2084
12;2025-11-12;12;2111
12;2025-11-12;13;2080
12;2025-11-12;14;2019
12;2025-11-12;15;2231
12;2025-11-12;16;2734
12;2025-11-12;17;3117
12;2025-11-12;18;3270
12;2025-11-12;19;2402
12;2025-11-12;20;1555
12;2025-11-12;21;995
12;2025-11-12;22;496
12;2025-11-12;23;262
12;2025-11-13;0;54
12;2025-11-13;1;1
12;2025-11-13;2;0
12;2025-11-13;3;0
12;2025-11-13;4;7
12;2025-11-13;5;328
12;2025-11-13;6;1460
12;2025-11-13;7;2766
12;2025-11-13;8;3750
12;2025-11-13;9;2631
12;2025-11-13;10;2193
12;2025-11-13;11;2084
12;2025-11-13;12;2111
12;2025-11-13;13;2080
12;2025-11-13;14;2019
12;2025-11-13;15;2231
12;2025-11-13;16;2734
12;2025-11-13;17;3117
12;2025-11-13;18;3270
12;2025-11-13;19;2402
12;2025-11-13;20;1555
12;2025-11-13;21;995
12;2025-11-13;22;496
12;2025-11-13;23;262
12;2025-11-14;0;58
12;2025-11-14;1;1
12;2025-11-14;2;0
12;2025-11-14;3;0
12;2025-11-14;4;4
12;2025-11-14;5;340
12;2025-11-14;6;1471
12;2025-11-14;7;2819
12;2025-11-14;8;3472
12;2025-11-14;9;2623
12;2025-11-14;10;1906
12;2025-11-14;11;1969
12;2025-11-14;12;2052
12;2025-11-14;13;2300
12;2025-11-14;14;2048
12;2025-11-14;15;2407
12;2025-11-14;16;3018
12;2025-11-14;17;3005
12;2025-11-14;18;2613
12;2025-11-14;19;2196
12;2025-11-14;20;1425
12;2025-11-14;21;1014
12;2025-11-14;22;526
12;2025-11-14;23;347
12;2025-11-15;0;73
12;2025-11-15;1;2
12;2025-11-15;2;0
12;2025-11-15;3;0
12;2025-11-15;4;2
12;2025-11-15;5;230
12;2025-11-15;6;783
12;2025-11-15;7;930
12;2025-11-15;8;1065
12;2025-11-15;9;1306
12;2025-11-15;10;1521
12;2025-11-15;11;1518
12;2025-11-15;12;1570
12;2025-11-15;13;1800
12;2025-11-15;14;1620
12;2025-11-15;15;1590
12;2025-11-15;16;1724
12;2025-11-15;17;1677
12;2025-11-15;18;1607
12;2025-11-15;19;1422
12;2025-11-15;20;918
12;2025-11-15;21;805
12;2025-11-15;22;407
12;2025-11-15;23;304
12;2025-11-16;0;82
12;2025-11-16;1;3
12;2025-11-16;2;0
12;2025-11-16;3;0
12;2025-11-16;4;3
12;2025-11-16;5;132
12;2025-11-16;6;523
12;2025-11-16;7;710
12;2025-11-16;8;725
12;2025-11-16;9;916
12;2025-11-16;10;1158
12;2025-11-16;11;1260
12;2025-11-16;12;1364
12;2025-11-16;13;1595
12;2025-11-16;14;1427
12;2025-11-16;15;1524
12;2025-11-16;16;1519
12;2025-11-16;17;1518
12;2025-11-16;18;1321
12;2025-11-16;19;1009
12;2025-11-16;20;776
12;2025-11-16;21;606
12;2025-11-16;22;385
12;2025-11-16;23;198
12;2025-11-17;0;56
12;2025-11-17;1;2
12;2025-11-17;2;0
12;2025-11-17;3;0
12;2025-11-17;4;6
12;2025-11-17;5;316
12;2025-11-17;6;1486
12;2025-11-17;7;2759
12;2025-11-17;8;3711
12;2025-11-17;9;2672
12;2025-11-17;10;1983
12;2025-11-17;11;1923
12;2025-11-17;12;2153
12;2025-11-17;13;2017
12;2025-11-17;14;2067
12;2025-11-17;15;2282
12;2025-11-17;16;2831
12;2025-11-17;17;3110
12;2025-11-17;18;3329
12;2025-11-17;19;2434
12;2025-11-17;20;1725
12;2025-11-17;21;1033
12;2025-11-17;22;476
12;2025-11-17;23;240
12;2025-11-18;0;54
12;2025-11-18;1;1
12;2025-11-18;2;0
12;2025-11-18;3;0
12;2025-11-18;4;7
12;2025-11-18;5;328
12;2025-11-18;6;1460
12;2025-11-18;7;2766
12;2025-11-18;8;3750
12;2025-11-18;9;2631
12;2025-11-18;10;2193
12;2025-11-18;11;2084
12;2025-11-18;12;2111
12;2025-11-18;13;2080
12;2025-11-18;14;2019
12;2025-11-18;15;2231
12;2025-11-18;16;2734
12;2025-11-18;17;3117
12;2025-11-18;18;3270
12;2025-11-18;19;2402
12;2025-11-18;20;1555
12;2025-11-18;21;995
12;2025-11-18;22;496
12;2025-11-18;23;262
12;2025-11-19;0;54
12;2025-11-19;1;1
12;2025-11-19;2;0
12;2025-11-19;3;0
12;2025-11-19;4;7
12;2025-11-19;5;328
12;2025-11-19;6;1460
12;2025-11-19;7;2766
12;2025-11-19;8;3750
12;2025-11-19;9;2631
12;2025-11-19;10;2193
12;2025-11-19;11;2084
12;2025-11-19;12;2111
12;2025-11-19;13;2080
12;2025-11-19;14;2019
12;2025-11-19;15;2231
12;2025-11-19;16;2734
12;2025-11-19;17;3117
12;2025-11-19;18;3270
12;2025-11-19;19;2402
12;2025-11-19;20;1555
12;2025-11-19;21;995
12;2025-11-19;22;496
12;2025-11-19;23;262
12;2025-11-20;0;54
12;2025-11-20;1;1
12;2025-11-20;2;0
12;2025-11-20;3;0
12;2025-11-20;4;7
12;2025-11-20;5;328
12;2025-11-20;6;1460
12;2025-11-20;7;2766
12;2025-11-20;8;3750
12;2025-11-20;9;2631
12;2025-11-20;10;2193
12;2025-11-20;11;2084
12;2025-11-20;12;2111
12;2025-11-20;13;2080
12;2025-11-20;14;2019
12;2025-11-20;15;2231
12;2025-11-20;16;2734
12;2025-11-20;17;3117
12;2025-11-20;18;3270
12;2025-11-20;19;2402
12;2025-11-20;20;1555
12;2025-11-20;21;995
12;2025-11-20;22;496
12;2025-11-20;23;262
12;2025-11-21;0;58
12;2025-11-21;1;1
12;2025-11-21;2;0
12;2025-11-21;3;0
12;2025-11-21;4;4
12;2025-11-21;5;340
12;2025-11-21;6;1471
12;2025-11-21;7;2819
12;2025-11-21;8;3472
12;2025-11-21;9;2623
12;2025-11-21;10;1906
12;2025-11-21;11;1969
12;2025-11-21;12;2052
12;2025-11-21;13;2300
12;2025-11-21;14;2048
12;2025-11-21;15;2407
12;2025-11-21;16;3018
12;2025-11-21;17;3005
12;2025-11-21;18;2613
12;2025-11-21;19;2196
12;2025-11-21;20;1425
12;2025-11-21;21;1014
12;2025-11-21;22;526
12;2025-11-21;23;347
12;2025-11-22;0;73
12;2025-11-22;1;2
12;2025-11-22;2;0
12;2025-11-22;3;0
12;2025-11-22;4;2
12;2025-11-22;5;230
12;2025-11-22;6;783
12;2025-11-22;7;930
12;2025-11-22;8;1065
12;2025-11-22;9;1306
12;2025-11-22;10;1521
12;2025-11-22;11;1518
12;2025-11-22;12;1570
12;2025-11-22;13;1800
12;2025-11-22;14;1620
12;2025-11-22;15;1590
12;2025-11-22;16;1724
12;2025-11-22;17;1677
12;2025-11-22;18;1607
12;2025-11-22;19;1422
12;2025-11-22;20;918
12;2025-11-22;21;805
12;2025-11-22;22;407
12;2025-11-22;23;304
12;2025-11-23;0;82
12;2025-11-23;1;3
12;2025-11-23;2;0
12;2025-11-23;3;0
12;2025-11-23;4;3
12;2025-11-23;5;132
12;2025-11-23;6;523
12;2025-11-23;7;710
12;2025-11-23;8;725
12;2025-11-23;9;916
12;2025-11-23;10;1158
12;2025-11-23;11;1260
12;2025-11-23;12;1364
12;2025-11-23;13;1595
12;2025-11-23;14;1427
12;2025-11-23;15;1524
12;2025-11-23;16;1519
12;2025-11-23;17;1518
12;2025-11-23;18;1321
12;2025-11-23;19;1009
12;2025-11-23;20;776
12;2025-11-23;21;606
12;2025-11-23;22;385
12;2025-11-23;23;198
12;2025-11-24;0;56
12;2025-11-24;1;2
12;2025-11-24;2;0
12;2025-11-24;3;0
12;2025-11-24;4;6
12;2025-11-24;5;316
12;2025-11-24;6;1486
12;2025-11-24;7;2759
12;2025-11-24;8;3711
12;2025-11-24;9;2672
12;2025-11-24;10;1983
12;2025-11-24;11;1923
12;2025-11-24;12;2153
12;2025-11-24;13;2017
12;2025-11-24;14;2067
12;2025-11-24;15;2282
12;2025-11-24;16;2831
12;2025-11-24;17;3110
12;2025-11-24;18;3329
12;2025-11-24;19;2434
12;2025-11-24;20;1725
12;2025-11-24;21;1033
12;2025-11-24;22;476
12;2025-11-24;23;240
12;2025-11-25;0;54
12;2025-11-25;1;1
12;2025-11-25;2;0
12;2025-11-25;3;0
12;2025-11-25;4;7
12;2025-11-25;5;328
12;2025-11-25;6;1460
12;2025-11-25;7;2766
12;2025-11-25;8;3750
12;2025-11-25;9;2631
12;2025-11-25;10;2193
12;2025-11-25;11;2084
12;2025-11-25;12;2111
12;2025-11-25;13;2080
12;2025-11-25;14;2019
12;2025-11-25;15;2231
12;2025-11-25;16;2734
12;2025-11-25;17;3117
12;2025-11-25;18;3270
12;2025-11-25;19;2402
12;2025-11-25;20;1555
12;2025-11-25;21;995
12;2025-11-25;22;496
12;2025-11-25;23;262
12;2025-11-26;0;54
12;2025-11-26;1;1
12;2025-11-26;2;0
12;2025-11-26;3;0
12;2025-11-26;4;7
12;2025-11-26;5;328
12;2025-11-26;6;1460
12;2025-11-26;7;2766
12;2025-11-26;8;3750
12;2025-11-26;9;2631
12;2025-11-26;10;2193
12;2025-11-26;11;2084
12;2025-11-26;12;2111
12;2025-11-26;13;2080
12;2025-11-26;14;2019
12;2025-11-26;15;2231
12;2025-11-26;16;2734
12;2025-11-26;17;3117
12;2025-11-26;18;3270
12;2025-11-26;19;2402
12;2025-11-26;20;1555
12;2025-11-26;21;995
12;2025-11-26;22;496
12;2025-11-26;23;262
12;2025-11-27;0;54
12;2025-11-27;1;1
12;2025-11-27;2;0
12;2025-11-27;3;0
12;2025-11-27;4;7
12;2025-11-27;5;328
12;2025-11-27;6;1460
12;2025-11-27;7;2766
12;2025-11-27;8;3750
12;2025-11-27;9;2631
12;2025-11-27;10;2193
12;2025-11-27;11;2084
12;2025-11-27;12;2111
12;2025-11-27;13;2080
12;2025-11-27;14;2019
12;2025-11-27;15;2231
12;2025-11-27;16;2734
12;2025-11-27;17;3117
12;2025-11-27;18;3270
12;2025-11-27;19;2402
12;2025-11-27;20;1555
12;2025-11-27;21;995
12;2025-11-27;22;496
12;2025-11-27;23;262
12;2025-11-28;0;58
12;2025-11-28;1;1
12;2025-11-28;2;0
12;2025-11-28;3;0
12;2025-11-28;4;4
12;2025-11-28;5;340
12;2025-11-28;6;1471
12;2025-11-28;7;2819
12;2025-11-28;8;3472
12;2025-11-28;9;2623
12;2025-11-28;10;1906
12;2025-11-28;11;1969
12;2025-11-28;12;2052
12;2025-11-28;13;2300
12;2025-11-28;14;2048
12;2025-11-28;15;2407
12;2025-11-28;16;3018
12;2025-11-28;17;3005
12;2025-11-28;18;2613
12;2025-11-28;19;2196
12;2025-11-28;20;1425
12;2025-11-28;21;1014
12;2025-11-28;22;526
12;2025-11-28;23;347
12;2025-11-29;0;73
12;2025-11-29;1;2
12;2025-11-29;2;0
12;2025-11-29;3;0
12;2025-11-29;4;2
12;2025-11-29;5;230
12;2025-11-29;6;783
12;2025-11-29;7;930
12;2025-11-29;8;1065
12;2025-11-29;9;1306
12;2025-11-29;10;1521
12;2025-11-29;11;1518
12;2025-11-29;12;1570
12;2025-11-29;13;1800
12;2025-11-29;14;1620
12;2025-11-29;15;1590
12;2025-11-29;16;1724
12;2025-11-29;17;1677
12;2025-11-29;18;1607
12;2025-11-29;19;1422
12;2025-11-29;20;918
12;2025-11-29;21;805
12;2025-11-29;22;407
12;2025-11-29;23;304
12;2025-11-30;0;82
12;2025-11-30;1;3
12;2025-11-30;2;0
12;2025-11-30;3;0
12;2025-11-30;4;3
12;2025-11-30;5;132
12;2025-11-30;6;523
12;2025-11-30;7;710
12;2025-11-30;8;725
12;2025-11-30;9;916
12;2025-11-30;10;1158
12;2025-11-30;11;1260
12;2025-11-30;12;1364
12;2025-11-30;13;1595
12;2025-11-30;14;1427
12;2025-11-30;15;1524
12;2025-11-30;16;1519
12;2025-11-30;17;1518
12;2025-11-30;18;1321
12;2025-11-30;19;1009
12;2025-11-30;20;776
12;2025-11-30;21;606
12;2025-11-30;22;385
12;2025-11-30;23;198
12;2025-12-01;0;57
12;2025-12-01;1;2
12;2025-12-01;2;0
12;2025-12-01;3;0
12;2025-12-01;4;7
12;2025-12-01;5;325
12;2025-12-01;6;1527
12;2025-12-01;7;2834
12;2025-12-01;8;3813
12;2025-12-01;9;2745
12;2025-12-01;10;2037
12;2025-12-01;11;1975
12;2025-12-01;12;2212
12;2025-12-01;13;2072
12;2025-12-01;14;2124
12;2025-12-01;15;2344
12;2025-12-01;16;2909
12;2025-12-01;17;3195
12;2025-12-01;18;3420
12;2025-12-01;19;2501
12;2025-12-01;20;1772
12;2025-12-01;21;1061
12;2025-12-01;22;489
12;2025-12-01;23;247
12;2025-12-02;0;56
12;2025-12-02;1;1
12;2025-12-02;2;0
12;2025-12-02;3;0
12;2025-12-02;4;7
12;2025-12-02;5;337
12;2025-12-02;6;1500
12;2025-12-02;7;2842
12;2025-12-02;8;3853
12;2025-12-02;9;2703
12;2025-12-02;10;2253
12;2025-12-02;11;2141
12;2025-12-02;12;2169
12;2025-12-02;13;2137
12;2025-12-02;14;2074
12;2025-12-02;15;2292
12;2025-12-02;16;2808
12;2025-12-02;17;3202
12;2025-12-02;18;3359
12;2025-12-02;19;2467
12;2025-12-02;20;1598
12;2025-12-02;21;1023
12;2025-12-02;22;510
12;2025-12-02;23;270
12;2025-12-03;0;56
12;2025-12-03;1;1
12;2025-12-03;2;0
12;2025-12-03;3;0
12;2025-12-03;4;7
12;2025-12-03;5;337
12;2025-12-03;6;1500
12;2025-12-03;7;2842
12;2025-12-03;8;3853
12;2025-12-03;9;2703
12;2025-12-03;10;2253
12;2025-12-03;11;2141
12;2025-12-03;12;2169
12;2025-12-03;13;2137
12;2025-12-03;14;2074
12;2025-12-03;15;2292
12;2025-12-03;16;2808
12;2025-12-03;17;3202
12;2025-12-03;18;3359
12;2025-12-03;19;2467
12;2025-12-03;20;1598
12;2025-12-03;21;1023
12;2025-12-03;22;510
12;2025-12-03;23;270
12;2025-12-04;0;56
12;2025-12-04;1;1
12;2025-12-04;2;0
12;2025-12-04;3;0
12;2025-12-04;4;7
12;2025-12-04;5;337
12;2025-12-04;6;1500
12;2025-12-04;7;2842
12;2025-12-04;8;3853
12;2025-12-04;9;2703
12;2025-12-04;10;2253
12;2025-12-04;11;2141
12;2025-12-04;12;2169
12;2025-12-04;13;2137
12;2025-12-04;14;2074
12;2025-12-04;15;2292
12;2025-12-04;16;2808
12;2025-12-04;17;3202
12;2025-12-04;18;3359
12;2025-12-04;19;2467
12;2025-12-04;20;1598
12;2025-12-04;21;1023
12;2025-12-04;22;510
12;2025-12-04;23;270
12;2025-12-05;0;59
12;2025-12-05;1;1
12;2025-12-05;2;0
12;2025-12-05;3;0
12;2025-12-05;4;4
12;2025-12-05;5;350
12;2025-12-05;6;1511
12;2025-12-05;7;2896
12;2025-12-05;8;3568
12;2025-12-05;9;2694
12;2025-12-05;10;1958
12;2025-12-05;11;2022
12;2025-12-05;12;2109
12;2025-12-05;13;2363
12;2025-12-05;14;2104
12;2025-12-05;15;2473
12;2025-12-05;16;3101
12;2025-12-05;17;3087
12;2025-12-05;18;2685
12;2025-12-05;19;2257
12;2025-12-05;20;1464
12;2025-12-05;21;1042
12;2025-12-05;22;540
12;2025-12-05;23;356
12;2025-12-06;0;75
12;2025-12-06;1;2
12;2025-12-06;2;0
12;2025-12-06;3;0
12;2025-12-06;4;2
12;2025-12-06;5;236
12;2025-12-06;6;804
12;2025-12-06;7;956
12;2025-12-06;8;1094
12;2025-12-06;9;1342
12;2025-12-06;10;1563
12;2025-12-06;11;1559
12;2025-12-06;12;1613
12;2025-12-06;13;1850
12;2025-12-06;14;1664
12;2025-12-06;15;1634
12;2025-12-06;16;1771
12;2025-12-06;17;1723
12;2025-12-06;18;1651
12;2025-12-06;19;1461
12;2025-12-06;20;944
12;2025-12-06;21;827
12;2025-12-06;22;418
12;2025-12-06;23;313
12;2025-12-07;0;84
12;2025-12-07;1;3
12;2025-12-07;2;0
12;2025-12-07;3;0
12;2025-12-07;4;3
12;2025-12-07;5;136
12;2025-12-07;6;537
12;2025-12-07;7;729
12;2025-12-07;8;745
12;2025-12-07;9;941
12;2025-12-07;10;1189
12;2025-12-07;11;1295
12;2025-12-07;12;1402
12;2025-12-07;13;1639
12;2025-12-07;14;1467
12;2025-12-07;15;1566
12;2025-12-07;16;1561
12;2025-12-07;17;1559
12;2025-12-07;18;1357
12;2025-12-07;19;1037
12;2025-12-07;20;797
12;2025-12-07;21;622
12;2025-12-07;22;396
12;2025-12-07;23;203
12;2025-12-08;0;57
12;2025-12-08;1;2
12;2025-12-08;2;0
12;2025-12-08;3;0
12;2025-12-08;4;7
12;2025-12-08;5;325
12;2025-12-08;6;1527
12;2025-12-08;7;2834
12;2025-12-08;8;3813
12;2025-12-08;9;2745
12;2025-12-08;10;2037
12;2025-12-08;11;1975
12;2025-12-08;12;2212
12;2025-12-08;13;2072
12;2025-12-08;14;2124
12;2025-12-08;15;2344
12;2025-12-08;16;2909
12;2025-12-08;17;3195
12;2025-12-08;18;3420
12;2025-12-08;19;2501
12;2025-12-08;20;1772
12;2025-12-08;21;1061
12;2025-12-08;22;489
12;2025-12-08;23;247
12;2025-12-09;0;56
12;2025-12-09;1;1
12;2025-12-09;2;0
12;2025-12-09;3;0
12;2025-12-09;4;7
12;2025-12-09;5;337
12;2025-12-09;6;1500
12;2025-12-09;7;2842
12;2025-12-09;8;3853
12;2025-12-09;9;2703
12;2025-12-09;10;2253
12;2025-12-09;11;2141
12;2025-12-09;12;2169
12;2025-12-09;13;2137
12;2025-12-09;14;2074
12;2025-12-09;15;2292
12;2025-12-09;16;2808
12;2025-12-09;17;3202
12;2025-12-09;18;3359
12;2025-12-09;19;2467
12;2025-12-09;20;1598
12;2025-12-09;21;1023
12;2025-12-09;22;510
12;2025-12-09;23;270
12;2025-12-10;0;56
12;2025-12-10;1;1
12;2025-12-10;2;0
12;2025-12-10;3;0
12;2025-12-10;4;7
12;2025-12-10;5;337
12;2025-12-10;6;1500
12;2025-12-10;7;2842
12;2025-12-10;8;3853
12;2025-12-10;9;2703
12;2025-12-10;10;2253
12;2025-12-10;11;2141
12;2025-12-10;12;2169
12;2025-12-10;13;2137
12;2025-12-10;14;2074
12;2025-12-10;15;2292
12;2025-12-10;16;2808
12;2025-12-10;17;3202
12;2025-12-10;18;3359
12;2025-12-10;19;2467
12;2025-12-10;20;1598
12;2025-12-10;21;1023
12;2025-12-10;22;510
12;2025-12-10;23;270
12;2025-12-11;0;56
12;2025-12-11;1;1
12;2025-12-11;2;0
12;2025-12-11;3;0
12;2025-12-11;4;7
12;2025-12-11;5;337
12;2025-12-11;6;1500
12;2025-12-11;7;2842
12;2025-12-11;8;3853
12;2025-12-11;9;2703
12;2025-12-11;10;2253
12;2025-12-11;11;2141
12;2025-12-11;12;2169
12;2025-12-11;13;2137
12;2025-12-11;14;2074
12;2025-12-11;15;2292
12;2025-12-11;16;2808
12;2025-12-11;17;3202
12;2025-12-11;18;3359
12;2025-12-11;19;2467
12;2025-12-11;20;1598
12;2025-12-11;21;1023
12;2025-12-11;22;510
12;2025-12-11;23;270
12;2025-12-12;0;59
12;2025-12-12;1;1
12;2025-12-12;2;0
12;2025-12-12;3;0
12;2025-12-12;4;4
12;2025-12-12;5;350
12;2025-12-12;6;1511
12;2025-12-12;7;2896
12;2025-12-12;8;3568
12;2025-12-12;9;2694
12;2025-12-12;10;1958
12;2025-12-12;11;2022
12;2025-12-12;12;2109
12;2025-12-12;13;2363
12;2025-12-12;14;2104
12;2025-12-12;15;2473
12;2025-12-12;16;3101
12;2025-12-12;17;3087
12;2025-12-12;18;2685
12;2025-12-12;19;2257
12;2025-12-12;20;1464
12;2025-12-12;21;1042
12;2025-12-12;22;540
12;2025-12-12;23;356
12;2025-12-13;0;75
12;2025-12-13;1;2
12;2025-12-13;2;0
12;2025-12-13;3;0
12;2025-12-13;4;2
12;2025-12-13;5;236
12;2025-12-13;6;804
12;2025-12-13;7;956
12;2025-12-13;8;1094
12;2025-12-13;9;1342
12;2025-12-13;10;1563
12;2025-12-13;11;1559
12;2025-12-13;12;1613
12;2025-12-13;13;1850
12;2025-12-13;14;1664
12;2025-12-13;15;1634
12;2025-12-13;16;1771
12;2025-12-13;17;1723
12;2025-12-13;18;1651
12;2025-12-13;19;1461
12;2025-12-13;20;944
12;2025-12-13;21;827
12;2025-12-13;22;418
12;2025-12-13;23;313
12;2025-12-14;0;84
12;2025-12-14;1;3
12;2025-12-14;2;0
12;2025-12-14;3;0
12;2025-12-14;4;3
12;2025-12-14;5;136
12;2025-12-14;6;537
12;2025-12-14;7;729
12;2025-12-14;8;745
12;2025-12-14;9;941
12;2025-12-14;10;1189
12;2025-12-14;11;1295
12;2025-12-14;12;1402
12;2025-12-14;13;1639
12;2025-12-14;14;1467
12;2025-12-14;15;1566
12;2025-12-14;16;1561
12;2025-12-14;17;1559
12;2025-12-14;18;1357
12;2025-12-14;19;1037
12;2025-12-14;20;797
12;2025-12-14;21;622
12;2025-12-14;22;396
12;2025-12-14;23;203
12;2025-12-15;0;57
12;2025-12-15;1;2
12;2025-12-15;2;0
12;2025-12-15;3;0
12;2025-12-15;4;7
12;2025-12-15;5;325
12;2025-12-15;6;1527
12;2025-12-15;7;2834
12;2025-12-15;8;3813
12;2025-12-15;9;2745
12;2025-12-15;10;2037
12;2025-12-15;11;1975
12;2025-12-15;12;2212
12;2025-12-15;13;2072
12;2025-12-15;14;2124
12;2025-12-15;15;2344
12;2025-12-15;16;2909
12;2025-12-15;17;3195
12;2025-12-15;18;3420
12;2025-12-15;19;2501
12;2025-12-15;20;1772
12;2025-12-15;21;1061
12;2025-12-15;22;489
12;2025-12-15;23;247
12;2025-12-16;0;56
12;2025-12-16;1;1
12;2025-12-16;2;0
12;2025-12-16;3;0
12;2025-12-16;4;7
12;2025-12-16;5;337
12;2025-12-16;6;1500
12;2025-12-16;7;2842
12;2025-12-16;8;3853
12;2025-12-16;9;2703
12;2025-12-16;10;2253
12;2025-12-16;11;2141
12;2025-12-16;12;2169
12;2025-12-16;13;2137
12;2025-12-16;14;2074
12;2025-12-16;15;2292
12;2025-12-16;16;2808
12;2025-12-16;17;3202
12;2025-12-16;18;3359
12;2025-12-16;19;2467
12;2025-12-16;20;1598
12;2025-12-16;21;1023
12;2025-12-16;22;510
12;2025-12-16;23;270
12;2025-12-17;0;56
12;2025-12-17;1;1
12;2025-12-17;2;0
12;2025-12-17;3;0
12;2025-12-17;4;7
12;2025-12-17;5;337
12;2025-12-17;6;1500
12;2025-12-17;7;2842
12;2025-12-17;8;3853
12;2025-12-17;9;2703
12;2025-12-17;10;2253
12;2025-12-17;11;2141
12;2025-12-17;12;2169
12;2025-12-17;13;2137
12;2025-12-17;14;2074
12;2025-12-17;15;2292
12;2025-12-17;16;2808
12;2025-12-17;17;3202
12;2025-12-17;18;3359
12;2025-12-17;19;2467
12;2025-12-17;20;1598
12;2025-12-17;21;1023
12;2025-12-17;22;510
12;2025-12-17;23;270
12;2025-12-18;0;56
12;2025-12-18;1;1
12;2025-12-18;2;0
12;2025-12-18;3;0
12;2025-12-18;4;7
12;2025-12-18;5;337
12;2025-12-18;6;1500
12;2025-12-18;7;2842
12;2025-12-18;8;3853
12;2025-12-18;9;2703
12;2025-12-18;10;2253
12;2025-12-18;11;2141
12;2025-12-18;12;2169
12;2025-12-18;13;2137
12;2025-12-18;14;2074
12;2025-12-18;15;2292
12;2025-12-18;16;2808
12;2025-12-18;17;3202
12;2025-12-18;18;3359
12;2025-12-18;19;2467
12;2025-12-18;20;1598
12;2025-12-18;21;1023
12;2025-12-18;22;510
12;2025-12-18;23;270
12;2025-12-19;0;59
12;2025-12-19;1;1
12;2025-12-19;2;0
12;2025-12-19;3;0
12;2025-12-19;4;4
12;2025-12-19;5;350
12;2025-12-19;6;1511
12;2025-12-19;7;2896
12;2025-12-19;8;3568
12;2025-12-19;9;2694
12;2025-12-19;10;1958
12;2025-12-19;11;2022
12;2025-12-19;12;2109
12;2025-12-19;13;2363
12;2025-12-19;14;2104
12;2025-12-19;15;2473
12;2025-12-19;16;3101
12;2025-12-19;17;3087
12;2025-12-19;18;2685
12;2025-12-19;19;2257
12;2025-12-19;20;1464
12;2025-12-19;21;1042
12;2025-12-19;22;540
12;2025-12-19;23;356
12;2025-12-20;0;75
12;2025-12-20;1;2
12;2025-12-20;2;0
12;2025-12-20;3;0
12;2025-12-20;4;2
12;2025-12-20;5;236
12;2025-12-20;6;804
12;2025-12-20;7;956
12;2025-12-20;8;1094
12;2025-12-20;9;1342
12;2025-12-20;10;1563
12;2025-12-20;11;1559
12;2025-12-20;12;1613
12;2025-12-20;13;1850
12;2025-12-20;14;1664
12;2025-12-20;15;1634
12;2025-12-20;16;1771
12;2025-12-20;17;1723
12;2025-12-20;18;1651
12;2025-12-20;19;1461
12;2025-12-20;20;944
12;2025-12-20;21;827
12;2025-12-20;22;418
12;2025-12-20;23;313
12;2025-12-21;0;84
12;2025-12-21;1;3
12;2025-12-21;2;0
12;2025-12-21;3;0
12;2025-12-21;4;3
12;2025-12-21;5;136
12;2025-12-21;6;537
12;2025-12-21;7;729
12;2025-12-21;8;745
12;2025-12-21;9;941
12;2025-12-21;10;1189
12;2025-12-21;11;1295
12;2025-12-21;12;1402
12;2025-12-21;13;1639
12;2025-12-21;14;1467
12;2025-12-21;15;1566
12;2025-12-21;16;1561
12;2025-12-21;17;1559
12;2025-12-21;18;1357
12;2025-12-21;19;1037
12;2025-12-21;20;797
12;2025-12-21;21;622
12;2025-12-21;22;396
12;2025-12-21;23;203
12;2025-12-22;0;57
12;2025-12-22;1;2
12;2025-12-22;2;0
12;2025-12-22;3;0
12;2025-12-22;4;7
12;2025-12-22;5;325
12;2025-12-22;6;1527
12;2025-12-22;7;2834
12;2025-12-22;8;3813
12;2025-12-22;9;2745
12;2025-12-22;10;2037
12;2025-12-22;11;1975
12;2025-12-22;12;2212
12;2025-12-22;13;2072
12;2025-12-22;14;2124
12;2025-12-22;15;2344
12;2025-12-22;16;2909
12;2025-12-22;17;3195
12;2025-12-22;18;3420
12;2025-12-22;19;2501
12;2025-12-22;20;1772
12;2025-12-22;21;1061
12;2025-12-22;22;489
12;2025-12-22;23;247
12;2025-12-23;0;56
12;2025-12-23;1;1
12;2025-12-23;2;0
12;2025-12-23;3;0
12;2025-12-23;4;7
12;2025-12-23;5;337
12;2025-12-23;6;1500
12;2025-12-23;7;2842
12;2025-12-23;8;3853
12;2025-12-23;9;2703
12;2025-12-23;10;2253
12;2025-12-23;11;2141
12;2025-12-23;12;2169
12;2025-12-23;13;2137
12;2025-12-23;14;2074
12;2025-12-23;15;2292
12;2025-12-23;16;2808
12;2025-12-23;17;3202
12;2025-12-23;18;3359
12;2025-12-23;19;2467
12;2025-12-23;20;1598
12;2025-12-23;21;1023
12;2025-12-23;22;510
12;2025-12-23;23;270
12;2025-12-24;0;56
12;2025-12-24;1;1
12;2025-12-24;2;0
12;2025-12-24;3;0
12;2025-12-24;4;7
12;2025-12-24;5;337
12;2025-12-24;6;1500
12;2025-12-24;7;2842
12;2025-12-24;8;3853
12;2025-12-24;9;2703
12;2025-12-24;10;2253
12;2025-12-24;11;2141
12;2025-12-24;12;2169
12;2025-12-24;13;2137
12;2025-12-24;14;2074
12;2025-12-24;15;2292
12;2025-12-24;16;2808
12;2025-12-24;17;3202
12;2025-12-24;18;3359
12;2025-12-24;19;2467
12;2025-12-24;20;1598
12;2025-12-24;21;1023
12;2025-12-24;22;510
12;2025-12-24;23;270
12;2025-12-25;0;56
12;2025-12-25;1;1
12;2025-12-25;2;0
12;2025-12-25;3;0
12;2025-12-25;4;7
12;2025-12-25;5;337
12;2025-12-25;6;1500
12;2025-12-25;7;2842
12;2025-12-25;8;3853
12;2025-12-25;9;2703
12;2025-12-25;10;2253
12;2025-12-25;11;2141
12;2025-12-25;12;2169
12;2025-12-25;13;2137
12;2025-12-25;14;2074
12;2025-12-25;15;2292
12;2025-12-25;16;2808
12;2025-12-25;17;3202
12;2025-12-25;18;3359
12;2025-12-25;19;2467
12;2025-12-25;20;1598
12;2025-12-25;21;1023
12;2025-12-25;22;510
12;2025-12-25;23;270
12;2025-12-26;0;59
12;2025-12-26;1;1
12;2025-12-26;2;0
12;2025-12-26;3;0
12;2025-12-26;4;4
12;2025-12-26;5;350
12;2025-12-26;6;1511
12;2025-12-26;7;2896
12;2025-12-26;8;3568
12;2025-12-26;9;2694
12;2025-12-26;10;1958
12;2025-12-26;11;2022
12;2025-12-26;12;2109
12;2025-12-26;13;2363
12;2025-12-26;14;2104
12;2025-12-26;15;2473
12;2025-12-26;16;3101
12;2025-12-26;17;3087
12;2025-12-26;18;2685
12;2025-12-26;19;2257
12;2025-12-26;20;1464
12;2025-12-26;21;1042
12;2025-12-26;22;540
12;2025-12-26;23;356
12;2025-12-27;0;75
12;2025-12-27;1;2
12;2025-12-27;2;0
12;2025-12-27;3;0
12;2025-12-27;4;2
12;2025-12-27;5;236
12;2025-12-27;6;804
12;2025-12-27;7;956
12;2025-12-27;8;1094
12;2025-12-27;9;1342
12;2025-12-27;10;1563
12;2025-12-27;11;1559
12;2025-12-27;12;1613
12;2025-12-27;13;1850
12;2025-12-27;14;1664
12;2025-12-27;15;1634
12;2025-12-27;16;1771
12;2025-12-27;17;1723
12;2025-12-27;18;1651
12;2025-12-27;19;1461
12;2025-12-27;20;944
12;2025-12-27;21;827
12;2025-12-27;22;418
12;2025-12-27;23;313
12;2025-12-28;0;84
12;2025-12-28;1;3
12;2025-12-28;2;0
12;2025-12-28;3;0
12;2025-12-28;4;3
12;2025-12-28;5;136
12;2025-12-28;6;537
12;2025-12-28;7;729
12;2025-12-28;8;745
12;2025-12-28;9;941
12;2025-12-28;10;1189
12;2025-12-28;11;1295
12;2025-12-28;12;1402
12;2025-12-28;13;1639
12;2025-12-28;14;1467
12;2025-12-28;15;1566
12;2025-12-28;16;1561
12;2025-12-28;17;1559
12;2025-12-28;18;1357
12;2025-12-28;19;1037
12;2025-12-28;20;797
12;2025-12-28;21;622
12;2025-12-28;22;396
12;2025-12-28;23;203
12;2025-12-29;0;49
12;2025-12-29;1;2
12;2025-12-29;2;0
12;2025-12-29;3;0
12;2025-12-29;4;6
12;2025-12-29;5;276
12;2025-12-29;6;1298
12;2025-12-29;7;2409
12;2025-12-29;8;3241
12;2025-12-29;9;2333
12;2025-12-29;10;1732
12;2025-12-29;11;1679
12;2025-12-29;12;1880
12;2025-12-29;13;1761
12;2025-12-29;14;1805
12;2025-12-29;15;1993
12;2025-12-29;16;2473
12;2025-12-29;17;2716
12;2025-12-29;18;2907
12;2025-12-29;19;2126
12;2025-12-29;20;1506
12;2025-12-29;21;902
12;2025-12-29;22;416
12;2025-12-29;23;210
12;2025-12-30;0;48
12;2025-12-30;1;0
12;2025-12-30;2;0
12;2025-12-30;3;0
12;2025-12-30;4;6
12;2025-12-30;5;287
12;2025-12-30;6;1275
12;2025-12-30;7;2416
12;2025-12-30;8;3275
12;2025-12-30;9;2298
12;2025-12-30;10;1915
12;2025-12-30;11;1820
12;2025-12-30;12;1844
12;2025-12-30;13;1817
12;2025-12-30;14;1763
12;2025-12-30;15;1949
12;2025-12-30;16;2387
12;2025-12-30;17;2722
12;2025-12-30;18;2855
12;2025-12-30;19;2097
12;2025-12-30;20;1358
12;2025-12-30;21;869
12;2025-12-30;22;434
12;2025-12-30;23;229
12;2025-12-31;0;72
12;2025-12-31;1;3
12;2025-12-31;2;0
12;2025-12-31;3;0
12;2025-12-31;4;3
12;2025-12-31;5;115
12;2025-12-31;6;456
12;2025-12-31;7;620
12;2025-12-31;8;634
12;2025-12-31;9;800
12;2025-12-31;10;1011
12;2025-12-31;11;1101
12;2025-12-31;12;1191
12;2025-12-31;13;1393
12;2025-12-31;14;1247
12;2025-12-31;15;1331
12;2025-12-31;16;1327
12;2025-12-31;17;1325
12;2025-12-31;18;1154
12;2025-12-31;19;881
12;2025-12-31;20;677
12;2025-12-31;21;529
12;2025-12-31;22;336
12;2025-12-31;23;173
17;2025-11-01;0;131
17;2025-11-01;1;16
17;2025-11-01;2;0
17;2025-11-01;3;0
17;2025-11-01;4;21
17;2025-11-01;5;279
17;2025-11-01;6;1359
17;2025-11-01;7;3705
17;2025-11-01;8;4704
17;2025-11-01;9;3374
17;2025-11-01;10;2693
17;2025-11-01;11;2762
17;2025-11-01;12;2695
17;2025-11-01;13;2794
17;2025-11-01;14;2890
17;2025-11-01;15;3097
17;2025-11-01;16;3762
17;2025-11-01;17;4266
17;2025-11-01;18;3912
17;2025-11-01;19;2848
17;2025-11-01;20;2114
17;2025-11-01;21;1414
17;2025-11-01;22;646
17;2025-11-01;23;435
17;2025-11-02;0;184
17;2025-11-02;1;24
17;2025-11-02;2;0
17;2025-11-02;3;0
17;2025-11-02;4;2
17;2025-11-02;5;109
17;2025-11-02;6;439
17;2025-11-02;7;863
17;2025-11-02;8;1263
17;2025-11-02;9;1712
17;2025-11-02;10;2015
17;2025-11-02;11;2615
17;2025-11-02;12;2927
17;2025-11-02;13;3197
17;2025-11-02;14;3360
17;2025-11-02;15;3275
17;2025-11-02;16;3177
17;2025-11-02;17;3030
17;2025-11-02;18;2599
17;2025-11-02;19;2077
17;2025-11-02;20;1539
17;2025-11-02;21;1134
17;2025-11-02;22;689
17;2025-11-02;23;318
17;2025-11-03;0;184
17;2025-11-03;1;24
17;2025-11-03;2;0
17;2025-11-03;3;0
17;2025-11-03;4;2
17;2025-11-03;5;109
17;2025-11-03;6;439
17;2025-11-03;7;863
17;2025-11-03;8;1263
17;2025-11-03;9;1712
17;2025-11-03;10;2015
17;2025-11-03;11;2615
17;2025-11-03;12;2927
17;2025-11-03;13;3197
17;2025-11-03;14;3360
17;2025-11-03;15;3275
17;2025-11-03;16;3177
17;2025-11-03;17;3030
17;2025-11-03;18;2599
17;2025-11-03;19;2077
17;2025-11-03;20;1539
17;2025-11-03;21;1134
17;2025-11-03;22;689
17;2025-11-03;23;318
17;2025-11-04;0;184
17;2025-11-04;1;24
17;2025-11-04;2;0
17;2025-11-04;3;0
17;2025-11-04;4;2
17;2025-11-04;5;109
17;2025-11-04;6;439
17;2025-11-04;7;863
17;2025-11-04;8;1263
17;2025-11-04;9;1712
17;2025-11-04;10;2015
17;2025-11-04;11;2615
17;2025-11-04;12;2927
17;2025-11-04;13;3197
17;2025-11-04;14;3360
17;2025-11-04;15;3275
17;2025-11-04;16;3177
17;2025-11-04;17;3030
17;2025-11-04;18;2599
17;2025-11-04;19;2077
17;2025-11-04;20;1539
17;2025-11-04;21;1134
17;2025-11-04;22;689
17;2025-11-04;23;318
17;2025-11-05;0;121
17;2025-11-05;1;11
17;2025-11-05;2;0
17;2025-11-05;3;0
17;2025-11-05;4;25
17;2025-11-05;5;322
17;2025-11-05;6;1564
17;2025-11-05;7;4347
17;2025-11-05;8;5496
17;2025-11-05;9;3957
17;2025-11-05;10;3132
17;2025-11-05;11;3100
17;2025-11-05;12;3117
17;2025-11-05;13;3131
17;2025-11-05;14;3271
17;2025-11-05;15;3335
17;2025-11-05;16;3721
17;2025-11-05;17;4607
17;2025-11-05;18;4908
17;2025-11-05;19;3402
17;2025-11-05;20;2384
17;2025-11-05;21;1480
17;2025-11-05;22;710
17;2025-11-05;23;385
17;2025-11-06;0;121
17;2025-11-06;1;11
17;2025-11-06;2;0
17;2025-11-06;3;0
17;2025-11-06;4;25
17;2025-11-06;5;322
17;2025-11-06;6;1564
17;2025-11-06;7;4347
17;2025-11-06;8;5496
17;2025-11-06;9;3957
17;2025-11-06;10;3132
17;2025-11-06;11;3100
17;2025-11-06;12;3117
17;2025-11-06;13;3131
17;2025-11-06;14;3271
17;2025-11-06;15;3335
17;2025-11-06;16;3721
17;2025-11-06;17;4607
17;2025-11-06;18;4908
17;2025-11-06;19;3402
17;2025-11-06;20;2384
17;2025-11-06;21;1480
17;2025-11-06;22;710
17;2025-11-06;23;385
17;2025-11-07;0;148
17;2025-11-07;1;18
17;2025-11-07;2;0
17;2025-11-07;3;0
17;2025-11-07;4;23
17;2025-11-07;5;314
17;2025-11-07;6;1530
17;2025-11-07;7;4170
17;2025-11-07;8;5295
17;2025-11-07;9;3798
17;2025-11-07;10;3031
17;2025-11-07;11;3109
17;2025-11-07;12;3033
17;2025-11-07;13;3145
17;2025-11-07;14;3253
17;2025-11-07;15;3485
17;2025-11-07;16;4235
17;2025-11-07;17;4802
17;2025-11-07;18;4404
17;2025-11-07;19;3206
17;2025-11-07;20;2380
17;2025-11-07;21;1591
17;2025-11-07;22;727
17;2025-11-07;23;490
17;2025-11-08;0;210
17;2025-11-08;1;28
17;2025-11-08;2;0
17;2025-11-08;3;0
17;2025-11-08;4;5
17;2025-11-08;5;136
17;2025-11-08;6;601
17;2025-11-08;7;1278
17;2025-11-08;8;1816
17;2025-11-08;9;2315
17;2025-11-08;10;2605
17;2025-11-08;11;3096
17;2025-11-08;12;3456
17;2025-11-08;13;3679
17;2025-11-08;14;3673
17;2025-11-08;15;3698
17;2025-11-08;16;3704
17;2025-11-08;17;3354
17;2025-11-08;18;3076
17;2025-11-08;19;2401
17;2025-11-08;20;1894
17;2025-11-08;21;1350
17;2025-11-08;22;820
17;2025-11-08;23;454
17;2025-11-09;0;184
17;2025-11-09;1;24
17;2025-11-09;2;0
17;2025-11-09;3;0
17;2025-11-09;4;2
17;2025-11-09;5;109
17;2025-11-09;6;439
17;2025-11-09;7;863
17;2025-11-09;8;1263
17;2025-11-09;9;1712
17;2025-11-09;10;2015
17;2025-11-09;11;2615
17;2025-11-09;12;2927
17;2025-11-09;13;3197
17;2025-11-09;14;3360
17;2025-11-09;15;3275
17;2025-11-09;16;3177
17;2025-11-09;17;3030
17;2025-11-09;18;2599
17;2025-11-09;19;2077
17;2025-11-09;20;1539
17;2025-11-09;21;1134
17;2025-11-09;22;689
17;2025-11-09;23;318
17;2025-11-10;0;127
17;2025-11-10;1;15
17;2025-11-10;2;0
17;2025-11-10;3;0
17;2025-11-10;4;26
17;2025-11-10;5;314
17;2025-11-10;6;1620
17;2025-11-10;7;4433
17;2025-11-10;8;5711
17;2025-11-10;9;4021
17;2025-11-10;10;3086
17;2025-11-10;11;3008
17;2025-11-10;12;3005
17;2025-11-10;13;3143
17;2025-11-10;14;3153
17;2025-11-10;15;3301
17;2025-11-10;16;3794
17;2025-11-10;17;4359
17;2025-11-10;18;4696
17;2025-11-10;19;3243
17;2025-11-10;20;2234
17;2025-11-10;21;1405
17;2025-11-10;22;638
17;2025-11-10;23;338
17;2025-11-11;0;121
17;2025-11-11;1;11
17;2025-11-11;2;0
17;2025-11-11;3;0
17;2025-11-11;4;25
17;2025-11-11;5;322
17;2025-11-11;6;1564
17;2025-11-11;7;4347
17;2025-11-11;8;5496
17;2025-11-11;9;3957
17;2025-11-11;10;3132
17;2025-11-11;11;3100
17;2025-11-11;12;3117
17;2025-11-11;13;3131
17;2025-11-11;14;3271
17;2025-11-11;15;3335
17;2025-11-11;16;3721
17;2025-11-11;17;4607
17;2025-11-11;18;4908
17;2025-11-11;19;3402
17;2025-11-11;20;2384
17;2025-11-11;21;1480
17;2025-11-11;22;710
17;2025-11-11;23;385
17;2025-11-12;0;121
17;2025-11-12;1;11
17;2025-11-12;2;0
17;2025-11-12;3;0
17;2025-11-12;4;25
17;2025-11-12;5;322
17;2025-11-12;6;1564
17;2025-11-12;7;4347
17;2025-11-12;8;5496
17;2025-11-12;9;3957
17;2025-11-12;10;3132
17;2025-11-12;11;3100
17;2025-11-12;12;3117
17;2025-11-12;13;3131
17;2025-11-12;14;3271
17;2025-11-12;15;3335
17;2025-11-12;16;3721
17;2025-11-12;17;4607
17;2025-11-12;18;4908
17;2025-11-12;19;3402
17;2025-11-12;20;2384
17;2025-11-12;21;1480
17;2025-11-12;22;710
17;2025-11-12;23;385
17;2025-11-13;0;121
17;2025-11-13;1;11
17;2025-11-13;2;0
17;2025-11-13;3;0
17;2025-11-13;4;25
17;2025-11-13;5;322
17;2025-11-13;6;1564
17;2025-11-13;7;4347
17;2025-11-13;8;5496
17;2025-11-13;9;3957
17;2025-11-13;10;3132
17;2025-11-13;11;3100
17;2025-11-13;12;3117
17;2025-11-13;13;3131
17;2025-11-13;14;3271
17;2025-11-13;15;3335
17;2025-11-13;16;3721
17;2025-11-13;17;4607
17;2025-11-13;18;4908
17;2025-11-13;19;3402
17;2025-11-13;20;2384
17;2025-11-13;21;1480
17;2025-11-13;22;710
17;2025-11-13;23;385
17;2025-11-14;0;148
17;2025-11-14;1;18
17;2025-11-14;2;0
17;2025-11-14;3;0
17;2025-11-14;4;23
17;2025-11-14;5;314
17;2025-11-14;6;1530
17;2025-11-14;7;4170
17;2025-11-14;8;5295
17;2025-11-14;9;3798
17;2025-11-14;10;3031
17;2025-11-14;11;3109
17;2025-11-14;12;3033
17;2025-11-14;13;3145
17;2025-11-14;14;3253
17;2025-11-14;15;3485
17;2025-11-14;16;4235
17;2025-11-14;17;4802
17;2025-11-14;18;4404
17;2025-11-14;19;3206
17;2025-11-14;20;2380
17;2025-11-14;21;1591
17;2025-11-14;22;727
17;2025-11-14;23;490
17;2025-11-15;0;210
17;2025-11-15;1;28
17;2025-11-15;2;0
17;2025-11-15;3;0
17;2025-11-15;4;5
17;2025-11-15;5;136
17;2025-11-15;6;601
17;2025-11-15;7;1278
17;2025-11-15;8;1816
17;2025-11-15;9;2315
17;2025-11-15;10;2605
17;2025-11-15;11;3096
17;2025-11-15;12;3456
17;2025-11-15;13;3679
17;2025-11-15;14;3673
17;2025-11-15;15;3698
17;2025-11-15;16;3704
17;2025-11-15;17;3354
17;2025-11-15;18;3076
17;2025-11-15;19;2401
17;2025-11-15;20;1894
17;2025-11-15;21;1350
17;2025-11-15;22;820
17;2025-11-15;23;454
17;2025-11-16;0;184
17;2025-11-16;1;24
17;2025-11-16;2;0
17;2025-11-16;3;0
17;2025-11-16;4;2
17;2025-11-16;5;109
17;2025-11-16;6;439
17;2025-11-16;7;863
17;2025-11-16;8;1263
17;2025-11-16;9;1712
17;2025-11-16;10;2015
17;2025-11-16;11;2615
17;2025-11-16;12;2927
17;2025-11-16;13;3197
17;2025-11-16;14;3360
17;2025-11-16;15;3275
17;2025-11-16;16;3177
17;2025-11-16;17;3030
17;2025-11-16;18;2599
17;2025-11-16;19;2077
17;2025-11-16;20;1539
17;2025-11-16;21;1134
17;2025-11-16;22;689
17;2025-11-16;23;318
17;2025-11-17;0;127
17;2025-11-17;1;15
17;2025-11-17;2;0
17;2025-11-17;3;0
17;2025-11-17;4;26
17;2025-11-17;5;314
17;2025-11-17;6;1620
17;2025-11-17;7;4433
17;2025-11-17;8;5711
17;2025-11-17;9;4021
17;2025-11-17;10;3086
17;2025-11-17;11;3008
17;2025-11-17;12;3005
17;2025-11-17;13;3143
17;2025-11-17;14;3153
17;2025-11-17;15;3301
17;2025-11-17;16;3794
17;2025-11-17;17;4359
17;2025-11-17;18;4696
17;2025-11-17;19;3243
17;2025-11-17;20;2234
17;2025-11-17;21;1405
17;2025-11-17;22;638
17;2025-11-17;23;338
17;2025-11-18;0;121
17;2025-11-18;1;11
17;2025-11-18;2;0
17;2025-11-18;3;0
17;2025-11-18;4;25
17;2025-11-18;5;322
17;2025-11-18;6;1564
17;2025-11-18;7;4347
17;2025-11-18;8;5496
17;2025-11-18;9;3957
17;2025-11-18;10;3132
17;2025-11-18;11;3100
17;2025-11-18;12;3117
17;2025-11-18;13;3131
17;2025-11-18;14;3271
17;2025-11-18;15;3335
17;2025-11-18;16;3721
17;2025-11-18;17;4607
17;2025-11-18;18;4908
17;2025-11-18;19;3402
17;2025-11-18;20;2384
17;2025-11-18;21;1480
17;2025-11-18;22;710
17;2025-11-18;23;385
17;2025-11-19;0;121
17;2025-11-19;1;11
17;2025-11-19;2;0
17;2025-11-19;3;0
17;2025-11-19;4;25
17;2025-11-19;5;322
17;2025-11-19;6;1564
17;2025-11-19;7;4347
17;2025-11-19;8;5496
17;2025-11-19;9;3957
17;2025-11-19;10;3132
17;2025-11-19;11;3100
17;2025-11-19;12;3117
17;2025-11-19;13;3131
17;2025-11-19;14;3271
17;2025-11-19;15;3335
17;2025-11-19;16;3721
17;2025-11-19;17;4607
17;2025-11-19;18;4908
17;2025-11-19;19;3402
17;2025-11-19;20;2384
17;2025-11-19;21;1480
17;2025-11-19;22;710
17;2025-11-19;23;385
17;2025-11-20;0;121
17;2025-11-20;1;11
17;2025-11-20;2;0
17;2025-11-20;3;0
17;2025-11-20;4;25
17;2025-11-20;5;322
17;2025-11-20;6;1564
17;2025-11-20;7;4347
17;2025-11-20;8;5496
17;2025-11-20;9;3957
17;2025-11-20;10;3132
17;2025-11-20;11;3100
17;2025-11-20;12;3117
17;2025-11-20;13;3131
17;2025-11-20;14;3271
17;2025-11-20;15;3335
17;2025-11-20;16;3721
17;2025-11-20;17;4607
17;2025-11-20;18;4908
17;2025-11-20;19;3402
17;2025-11-20;20;2384
17;2025-11-20;21;1480
17;2025-11-20;22;710
17;2025-11-20;23;385
17;2025-11-21;0;148
17;2025-11-21;1;18
17;2025-11-21;2;0
17;2025-11-21;3;0
17;2025-11-21;4;23
17;2025-11-21;5;314
17;2025-11-21;6;1530
17;2025-11-21;7;4170
17;2025-11-21;8;5295
17;2025-11-21;9;3798
17;2025-11-21;10;3031
17;2025-11-21;11;3109
17;2025-11-21;12;3033
17;2025-11-21;13;3145
17;2025-11-21;14;3253
17;2025-11-21;15;3485
17;2025-11-21;16;4235
17;2025-11-21;17;4802
17;2025-11-21;18;4404
17;2025-11-21;19;3206
17;2025-11-21;20;2380
17;2025-11-21;21;1591
17;2025-11-21;22;727
17;2025-11-21;23;490
17;2025-11-22;0;210
17;2025-11-22;1;28
17;2025-11-22;2;0
17;2025-11-22;3;0
17;2025-11-22;4;5
17;2025-11-22;5;136
17;2025-11-22;6;601
17;2025-11-22;7;1278
17;2025-11-22;8;1816
17;2025-11-22;9;2315
17;2025-11-22;10;2605
17;2025-11-22;11;3096
17;2025-11-22;12;3456
17;2025-11-22;13;3679
17;2025-11-22;14;3673
17;2025-11-22;15;3698
17;2025-11-22;16;3704
17;2025-11-22;17;3354
17;2025-11-22;18;3076
17;2025-11-22;19;2401
17;2025-11-22;20;1894
17;2025-11-22;21;1350
17;2025-11-22;22;820
17;2025-11-22;23;454
17;2025-11-23;0;184
17;2025-11-23;1;24
17;2025-11-23;2;0
17;2025-11-23;3;0
17;2025-11-23;4;2
17;2025-11-23;5;109
17;2025-11-23;6;439
17;2025-11-23;7;863
17;2025-11-23;8;1263
17;2025-11-23;9;1712
17;2025-11-23;10;2015
17;2025-11-23;11;2615
17;2025-11-23;12;2927
17;2025-11-23;13;3197
17;2025-11-23;14;3360
17;2025-11-23;15;3275
17;2025-11-23;16;3177
17;2025-11-23;17;3030
17;2025-11-23;18;2599
17;2025-11-23;19;2077
17;2025-11-23;20;1539
17;2025-11-23;21;1134
17;2025-11-23;22;689
17;2025-11-23;23;318
17;2025-11-24;0;127
17;2025-11-24;1;15
17;2025-11-24;2;0
17;2025-11-24;3;0
17;2025-11-24;4;26
17;2025-11-24;5;314
17;2025-11-24;6;1620
17;2025-11-24;7;4433
17;2025-11-24;8;5711
17;2025-11-24;9;4021
17;2025-11-24;10;3086
17;2025-11-24;11;3008
17;2025-11-24;12;3005
17;2025-11-24;13;3143
17;2025-11-24;14;3153
17;2025-11-24;15;3301
17;2025-11-24;16;3794
17;2025-11-24;17;4359
17;2025-11-24;18;4696
17;2025-11-24;19;3243
17;2025-11-24;20;2234
17;2025-11-24;21;1405
17;2025-11-24;22;638
17;2025-11-24;23;338
17;2025-11-25;0;121
17;2025-11-25;1;11
17;2025-11-25;2;0
17;2025-11-25;3;0
17;2025-11-25;4;25
17;2025-11-25;5;322
17;2025-11-25;6;1564
17;2025-11-25;7;4347
17;2025-11-25;8;5496
17;2025-11-25;9;3957
17;2025-11-25;10;3132
17;2025-11-25;11;3100
17;2025-11-25;12;3117
17;2025-11-25;13;3131
17;2025-11-25;14;3271
17;2025-11-25;15;3335
17;2025-11-25;16;3721
17;2025-11-25;17;4607
17;2025-11-25;18;4908
17;2025-11-25;19;3402
17;2025-11-25;20;2384
17;2025-11-25;21;1480
17;2025-11-25;22;710
17;2025-11-25;23;385
17;2025-11-26;0;121
17;2025-11-26;1;11
17;2025-11-26;2;0
17;2025-11-26;3;0
17;2025-11-26;4;25
17;2025-11-26;5;322
17;2025-11-26;6;1564
17;2025-11-26;7;4347
17;2025-11-26;8;5496
17;2025-11-26;9;3957
17;2025-11-26;10;3132
17;2025-11-26;11;3100
17;2025-11-26;12;3117
17;2025-11-26;13;3131
17;2025-11-26;14;3271
17;2025-11-26;15;3335
17;2025-11-26;16;3721
17;2025-11-26;17;4607
17;2025-11-26;18;4908
17;2025-11-26;19;3402
17;2025-11-26;20;2384
17;2025-11-26;21;1480
17;2025-11-26;22;710
17;2025-11-26;23;385
17;2025-11-27;0;121
17;2025-11-27;1;11
17;2025-11-27;2;0
17;2025-11-27;3;0
17;2025-11-27;4;25
17;2025-11-27;5;322
17;2025-11-27;6;1564
17;2025-11-27;7;4347
17;2025-11-27;8;5496
17;2025-11-27;9;3957
17;2025-11-27;10;3132
17;2025-11-27;11;3100
17;2025-11-27;12;3117
17;2025-11-27;13;3131
17;2025-11-27;14;3271
17;2025-11-27;15;3335
17;2025-11-27;16;3721
17;2025-11-27;17;4607
17;2025-11-27;18;4908
17;2025-11-27;19;3402
17;2025-11-27;20;2384
17;2025-11-27;21;1480
17;2025-11-27;22;710
17;2025-11-27;23;385
17;2025-11-28;0;148
17;2025-11-28;1;18
17;2025-11-28;2;0
17;2025-11-28;3;0
17;2025-11-28;4;23
17;2025-11-28;5;314
17;2025-11-28;6;1530
17;2025-11-28;7;4170
17;2025-11-28;8;5295
17;2025-11-28;9;3798
17;2025-11-28;10;3031
17;2025-11-28;11;3109
17;2025-11-28;12;3033
17;2025-11-28;13;3145
17;2025-11-28;14;3253
17;2025-11-28;15;3485
17;2025-11-28;16;4235
17;2025-11-28;17;4802
17;2025-11-28;18;4404
17;2025-11-28;19;3206
17;2025-11-28;20;2380
17;2025-11-28;21;1591
17;2025-11-28;22;727
17;2025-11-28;23;490
17;2025-11-29;0;210
17;2025-11-29;1;28
17;2025-11-29;2;0
17;2025-11-29;3;0
17;2025-11-29;4;5
17;2025-11-29;5;136
17;2025-11-29;6;601
17;2025-11-29;7;1278
17;2025-11-29;8;1816
17;2025-11-29;9;2315
17;2025-11-29;10;2605
17;2025-11-29;11;3096
17;2025-11-29;12;3456
17;2025-11-29;13;3679
17;2025-11-29;14;3673
17;2025-11-29;15;3698
17;2025-11-29;16;3704
17;2025-11-29;17;3354
17;2025-11-29;18;3076
17;2025-11-29;19;2401
17;2025-11-29;20;1894
17;2025-11-29;21;1350
17;2025-11-29;22;820
17;2025-11-29;23;454
17;2025-11-30;0;184
17;2025-11-30;1;24
17;2025-11-30;2;0
17;2025-11-30;3;0
17;2025-11-30;4;2
17;2025-11-30;5;109
17;2025-11-30;6;439
17;2025-11-30;7;863
17;2025-11-30;8;1263
17;2025-11-30;9;1712
17;2025-11-30;10;2015
17;2025-11-30;11;2615
17;2025-11-30;12;2927
17;2025-11-30;13;3197
17;2025-11-30;14;3360
17;2025-11-30;15;3275
17;2025-11-30;16;3177
17;2025-11-30;17;3030
17;2025-11-30;18;2599
17;2025-11-30;19;2077
17;2025-11-30;20;1539
17;2025-11-30;21;1134
17;2025-11-30;22;689
17;2025-11-30;23;318
17;2025-12-01;0;131
17;2025-12-01;1;16
17;2025-12-01;2;0
17;2025-12-01;3;0
17;2025-12-01;4;27
17;2025-12-01;5;322
17;2025-12-01;6;1665
17;2025-12-01;7;4554
17;2025-12-01;8;5868
17;2025-12-01;9;4131
17;2025-12-01;10;3170
17;2025-12-01;11;3090
17;2025-12-01;12;3087
17;2025-12-01;13;3229
17;2025-12-01;14;3239
17;2025-12-01;15;3392
17;2025-12-01;16;3898
17;2025-12-01;17;4479
17;2025-12-01;18;4825
17;2025-12-01;19;3332
17;2025-12-01;20;2295
17;2025-12-01;21;1444
17;2025-12-01;22;655
17;2025-12-01;23;347
17;2025-12-02;0;124
17;2025-12-02;1;12
17;2025-12-02;2;0
17;2025-12-02;3;0
17;2025-12-02;4;26
17;2025-12-02;5;331
17;2025-12-02;6;1607
17;2025-12-02;7;4466
17;2025-12-02;8;5647
17;2025-12-02;9;4065
17;2025-12-02;10;3218
17;2025-12-02;11;3185
17;2025-12-02;12;3203
17;2025-12-02;13;3217
17;2025-12-02;14;3361
17;2025-12-02;15;3427
17;2025-12-02;16;3823
17;2025-12-02;17;4733
17;2025-12-02;18;5043
17;2025-12-02;19;3495
17;2025-12-02;20;2449
17;2025-12-02;21;1520
17;2025-12-02;22;729
17;2025-12-02;23;395
17;2025-12-03;0;124
17;2025-12-03;1;12
17;2025-12-03;2;0
17;2025-12-03;3;0
17;2025-12-03;4;26
17;2025-12-03;5;331
17;2025-12-03;6;1607
17;2025-12-03;7;4466
17;2025-12-03;8;5647
17;2025-12-03;9;4065
17;2025-12-03;10;3218
17;2025-12-03;11;3185
17;2025-12-03;12;3203
17;2025-12-03;13;3217
17;2025-12-03;14;3361
17;2025-12-03;15;3427
17;2025-12-03;16;3823
17;2025-12-03;17;4733
17;2025-12-03;18;5043
17;2025-12-03;19;3495
17;2025-12-03;20;2449
17;2025-12-03;21;1520
17;2025-12-03;22;729
17;2025-12-03;23;395
17;2025-12-04;0;124
17;2025-12-04;1;12
17;2025-12-04;2;0
17;2025-12-04;3;0
17;2025-12-04;4;26
17;2025-12-04;5;331
17;2025-12-04;6;1607
17;2025-12-04;7;4466
17;2025-12-04;8;5647
17;2025-12-04;9;4065
17;2025-12-04;10;3218
17;2025-12-04;11;3185
17;2025-12-04;12;3203
17;2025-12-04;13;3217
17;2025-12-04;14;3361
17;2025-12-04;15;3427
17;2025-12-04;16;3823
17;2025-12-04;17;4733
17;2025-12-04;18;5043
17;2025-12-04;19;3495
17;2025-12-04;20;2449
17;2025-12-04;21;1520
17;2025-12-04;22;729
17;2025-12-04;23;395
17;2025-12-05;0;152
17;2025-12-05;1;19
17;2025-12-05;2;0
17;2025-12-05;3;0
17;2025-12-05;4;24
17;2025-12-05;5;323
17;2025-12-05;6;1571
17;2025-12-05;7;4284
17;2025-12-05;8;5440
17;2025-12-05;9;3902
17;2025-12-05;10;3114
17;2025-12-05;11;3194
17;2025-12-05;12;3116
17;2025-12-05;13;3231
17;2025-12-05;14;3342
17;2025-12-05;15;3581
17;2025-12-05;16;4351
17;2025-12-05;17;4934
17;2025-12-05;18;4524
17;2025-12-05;19;3294
17;2025-12-05;20;2445
17;2025-12-05;21;1635
17;2025-12-05;22;747
17;2025-12-05;23;503
17;2025-12-06;0;215
17;2025-12-06;1;29
17;2025-12-06;2;0
17;2025-12-06;3;0
17;2025-12-06;4;6
17;2025-12-06;5;140
17;2025-12-06;6;618
17;2025-12-06;7;1313
17;2025-12-06;8;1866
17;2025-12-06;9;2379
17;2025-12-06;10;2677
17;2025-12-06;11;3181
17;2025-12-06;12;3550
17;2025-12-06;13;3780
17;2025-12-06;14;3774
17;2025-12-06;15;3799
17;2025-12-06;16;3806
17;2025-12-06;17;3446
17;2025-12-06;18;3160
17;2025-12-06;19;2467
17;2025-12-06;20;1946
17;2025-12-06;21;1387
17;2025-12-06;22;843
17;2025-12-06;23;466
17;2025-12-07;0;189
17;2025-12-07;1;25
17;2025-12-07;2;0
17;2025-12-07;3;0
17;2025-12-07;4;3
17;2025-12-07;5;112
17;2025-12-07;6;451
17;2025-12-07;7;886
17;2025-12-07;8;1297
17;2025-12-07;9;1759
17;2025-12-07;10;2070
17;2025-12-07;11;2687
17;2025-12-07;12;3007
17;2025-12-07;13;3285
17;2025-12-07;14;3452
17;2025-12-07;15;3365
17;2025-12-07;16;3264
17;2025-12-07;17;3113
17;2025-12-07;18;2670
17;2025-12-07;19;2133
17;2025-12-07;20;1581
17;2025-12-07;21;1165
17;2025-12-07;22;708
17;2025-12-07;23;327
17;2025-12-08;0;131
17;2025-12-08;1;16
17;2025-12-08;2;0
17;2025-12-08;3;0
17;2025-12-08;4;27
17;2025-12-08;5;322
17;2025-12-08;6;1665
17;2025-12-08;7;4554
17;2025-12-08;8;5868
17;2025-12-08;9;4131
17;2025-12-08;10;3170
17;2025-12-08;11;3090
17;2025-12-08;12;3087
17;2025-12-08;13;3229
17;2025-12-08;14;3239
17;2025-12-08;15;3392
17;2025-12-08;16;3898
17;2025-12-08;17;4479
17;2025-12-08;18;4825
17;2025-12-08;19;3332
17;2025-12-08;20;2295
17;2025-12-08;21;1444
17;2025-12-08;22;655
17;2025-12-08;23;347
17;2025-12-09;0;124
17;2025-12-09;1;12
17;2025-12-09;2;0
17;2025-12-09;3;0
17;2025-12-09;4;26
17;2025-12-09;5;331
17;2025-12-09;6;1607
17;2025-12-09;7;4466
17;2025-12-09;8;5647
17;2025-12-09;9;4065
17;2025-12-09;10;3218
17;2025-12-09;11;3185
17;2025-12-09;12;3203
17;2025-12-09;13;3217
17;2025-12-09;14;3361
17;2025-12-09;15;3427
17;2025-12-09;16;3823
17;2025-12-09;17;4733
17;2025-12-09;18;5043
17;2025-12-09;19;3495
17;2025-12-09;20;2449
17;2025-12-09;21;1520
17;2025-12-09;22;729
17;2025-12-09;23;395
17;2025-12-10;0;124
17;2025-12-10;1;12
17;2025-12-10;2;0
17;2025-12-10;3;0
17;2025-12-10;4;26
17;2025-12-10;5;331
17;2025-12-10;6;1607
17;2025-12-10;7;4466
17;2025-12-10;8;5647
17;2025-12-10;9;4065
17;2025-12-10;10;3218
17;2025-12-10;11;3185
17;2025-12-10;12;3203
17;2025-12-10;13;3217
17;2025-12-10;14;3361
17;2025-12-10;15;3427
17;2025-12-10;16;3823
17;2025-12-10;17;4733
17;2025-12-10;18;5043
17;2025-12-10;19;3495
17;2025-12-10;20;2449
17;2025-12-10;21;1520
17;2025-12-10;22;729
17;2025-12-10;23;395
17;2025-12-11;0;124
17;2025-12-11;1;12
17;2025-12-11;2;0
17;2025-12-11;3;0
17;2025-12-11;4;26
17;2025-12-11;5;331
17;2025-12-11;6;1607
17;2025-12-11;7;4466
17;2025-12-11;8;5647
17;2025-12-11;9;4065
17;2025-12-11;10;3218
17;2025-12-11;11;3185
17;2025-12-11;12;3203
17;2025-12-11;13;3217
17;2025-12-11;14;3361
17;2025-12-11;15;3427
17;2025-12-11;16;3823
17;2025-12-11;17;4733
17;2025-12-11;18;5043
17;2025-12-11;19;3495
17;2025-12-11;20;2449
17;2025-12-11;21;1520
17;2025-12-11;22;729
17;2025-12-11;23;395
17;2025-12-12;0;152
17;2025-12-12;1;19
17;2025-12-12;2;0
17;2025-12-12;3;0
17;2025-12-12;4;24
17;2025-12-12;5;323
17;2025-12-12;6;1571
17;2025-12-12;7;4284
17;2025-12-12;8;5440
17;2025-12-12;9;3902
17;2025-12-12;10;3114
17;2025-12-12;11;3194
17;2025-12-12;12;3116
17;2025-12-12;13;3231
17;2025-12-12;14;3342
17;2025-12-12;15;3581
17;2025-12-12;16;4351
17;2025-12-12;17;4934
17;2025-12-12;18;4524
17;2025-12-12;19;3294
17;2025-12-12;20;2445
17;2025-12-12;21;1635
17;2025-12-12;22;747
17;2025-12-12;23;503
17;2025-12-13;0;215
17;2025-12-13;1;29
17;2025-12-13;2;0
17;2025-12-13;3;0
17;2025-12-13;4;6
17;2025-12-13;5;140
17;2025-12-13;6;618
17;2025-12-13;7;1313
17;2025-12-13;8;1866
17;2025-12-13;9;2379
17;2025-12-13;10;2677
17;2025-12-13;11;3181
17;2025-12-13;12;3550
17;2025-12-13;13;3780
17;2025-12-13;14;3774
17;2025-12-13;15;3799
17;2025-12-13;16;3806
17;2025-12-13;17;3446
17;2025-12-13;18;3160
17;2025-12-13;19;2467
17;2025-12-13;20;1946
17;2025-12-13;21;1387
17;2025-12-13;22;843
17;2025-12-13;23;466
17;2025-12-14;0;189
17;2025-12-14;1;25
17;2025-12-14;2;0
17;2025-12-14;3;0
17;2025-12-14;4;3
17;2025-12-14;5;112
17;2025-12-14;6;451
17;2025-12-14;7;886
17;2025-12-14;8;1297
17;2025-12-14;9;1759
17;2025-12-14;10;2070
17;2025-12-14;11;2687
17;2025-12-14;12;3007
17;2025-12-14;13;3285
17;2025-12-14;14;3452
17;2025-12-14;15;3365
17;2025-12-14;16;3264
17;2025-12-14;17;3113
17;2025-12-14;18;2670
17;2025-12-14;19;2133
17;2025-12-14;20;1581
17;2025-12-14;21;1165
17;2025-12-14;22;708
17;2025-12-14;23;327
17;2025-12-15;0;131
17;2025-12-15;1;16
17;2025-12-15;2;0
17;2025-12-15;3;0
17;2025-12-15;4;27
17;2025-12-15;5;322
17;2025-12-15;6;1665
17;2025-12-15;7;4554
17;2025-12-15;8;5868
17;2025-12-15;9;4131
17;2025-12-15;10;3170
17;2025-12-15;11;3090
17;2025-12-15;12;3087
17;2025-12-15;13;3229
17;2025-12-15;14;3239
17;2025-12-15;15;3392
17;2025-12-15;16;3898
17;2025-12-15;17;4479
17;2025-12-15;18;4825
17;2025-12-15;19;3332
17;2025-12-15;20;2295
17;2025-12-15;21;1444
17;2025-12-15;22;655
17;2025-12-15;23;347
17;2025-12-16;0;124
17;2025-12-16;1;12
17;2025-12-16;2;0
17;2025-12-16;3;0
17;2025-12-16;4;26
17;2025-12-16;5;331
17;2025-12-16;6;1607
17;2025-12-16;7;4466
17;2025-12-16;8;5647
17;2025-12-16;9;4065
17;2025-12-16;10;3218
17;2025-12-16;11;3185
17;2025-12-16;12;3203
17;2025-12-16;13;3217
17;2025-12-16;14;3361
17;2025-12-16;15;3427
17;2025-12-16;16;3823
17;2025-12-16;17;4733
17;2025-12-16;18;5043
17;2025-12-16;19;3495
17;2025-12-16;20;2449
17;2025-12-16;21;1520
17;2025-12-16;22;729
17;2025-12-16;23;395
17;2025-12-17;0;124
17;2025-12-17;1;12
17;2025-12-17;2;0
17;2025-12-17;3;0
17;2025-12-17;4;26
17;2025-12-17;5;331
17;2025-12-17;6;1607
17;2025-12-17;7;4466
17;2025-12-17;8;5647
17;2025-12-17;9;4065
17;2025-12-17;10;3218
17;2025-12-17;11;3185
17;2025-12-17;12;3203
17;2025-12-17;13;3217
17;2025-12-17;14;3361
17;2025-12-17;15;3427
17;2025-12-17;16;3823
17;2025-12-17;17;4733
17;2025-12-17;18;5043
17;2025-12-17;19;3495
17;2025-12-17;20;2449
17;2025-12-17;21;1520
17;2025-12-17;22;729
17;2025-12-17;23;395
17;2025-12-18;0;124
17;2025-12-18;1;12
17;2025-12-18;2;0
17;2025-12-18;3;0
17;2025-12-18;4;26
17;2025-12-18;5;331
17;2025-12-18;6;1607
17;2025-12-18;7;4466
17;2025-12-18;8;5647
17;2025-12-18;9;4065
17;2025-12-18;10;3218
17;2025-12-18;11;3185
17;2025-12-18;12;3203
17;2025-12-18;13;3217
17;2025-12-18;14;3361
17;2025-12-18;15;3427
17;2025-12-18;16;3823
17;2025-12-18;17;4733
17;2025-12-18;18;5043
17;2025-12-18;19;3495
17;2025-12-18;20;2449
17;2025-12-18;21;1520
17;2025-12-18;22;729
17;2025-12-18;23;395
17;2025-12-19;0;152
17;2025-12-19;1;19
17;2025-12-19;2;0
17;2025-12-19;3;0
17;2025-12-19;4;24
17;2025-12-19;5;323
17;2025-12-19;6;1571
17;2025-12-19;7;4284
17;2025-12-19;8;5440
17;2025-12-19;9;3902
17;2025-12-19;10;3114
17;2025-12-19;11;3194
17;2025-12-19;12;3116
17;2025-12-19;13;3231
17;2025-12-19;14;3342
17;2025-12-19;15;3581
17;2025-12-19;16;4351
17;2025-12-19;17;4934
17;2025-12-19;18;4524
17;2025-12-19;19;3294
17;2025-12-19;20;2445
17;2025-12-19;21;1635
17;2025-12-19;22;747
17;2025-12-19;23;503
17;2025-12-20;0;215
17;2025-12-20;1;29
17;2025-12-20;2;0
17;2025-12-20;3;0
17;2025-12-20;4;6
17;2025-12-20;5;140
17;2025-12-20;6;618
17;2025-12-20;7;1313
17;2025-12-20;8;1866
17;2025-12-20;9;2379
17;2025-12-20;10;2677
17;2025-12-20;11;3181
17;2025-12-20;12;3550
17;2025-12-20;13;3780
17;2025-12-20;14;3774
17;2025-12-20;15;3799
17;2025-12-20;16;3806
17;2025-12-20;17;3446
17;2025-12-20;18;3160
17;2025-12-20;19;2467
17;2025-12-20;20;1946
17;2025-12-20;21;1387
17;2025-12-20;22;843
17;2025-12-20;23;466
17;2025-12-21;0;189
17;2025-12-21;1;25
17;2025-12-21;2;0
17;2025-12-21;3;0
17;2025-12-21;4;3
17;2025-12-21;5;112
17;2025-12-21;6;451
17;2025-12-21;7;886
17;2025-12-21;8;1297
17;2025-12-21;9;1759
17;2025-12-21;10;2070
17;2025-12-21;11;2687
17;2025-12-21;12;3007
17;2025-12-21;13;3285
17;2025-12-21;14;3452
17;2025-12-21;15;3365
17;2025-12-21;16;3264
17;2025-12-21;17;3113
17;2025-12-21;18;2670
17;2025-12-21;19;2133
17;2025-12-21;20;1581
17;2025-12-21;21;1165
17;2025-12-21;22;708
17;2025-12-21;23;327
17;2025-12-22;0;131
17;2025-12-22;1;16
17;2025-12-22;2;0
17;2025-12-22;3;0
17;2025-12-22;4;27
17;2025-12-22;5;322
17;2025-12-22;6;1665
17;2025-12-22;7;4554
17;2025-12-22;8;5868
17;2025-12-22;9;4131
17;2025-12-22;10;3170
17;2025-12-22;11;3090
17;2025-12-22;12;3087
17;2025-12-22;13;3229
17;2025-12-22;14;3239
17;2025-12-22;15;3392
17;2025-12-22;16;3898
17;2025-12-22;17;4479
17;2025-12-22;18;4825
17;2025-12-22;19;3332
17;2025-12-22;20;2295
17;2025-12-22;21;1444
17;2025-12-22;22;655
17;2025-12-22;23;347
17;2025-12-23;0;124
17;2025-12-23;1;12
17;2025-12-23;2;0
17;2025-12-23;3;0
17;2025-12-23;4;26
17;2025-12-23;5;331
17;2025-12-23;6;1607
17;2025-12-23;7;4466
17;2025-12-23;8;5647
17;2025-12-23;9;4065
17;2025-12-23;10;3218
17;2025-12-23;11;3185
17;2025-12-23;12;3203
17;2025-12-23;13;3217
17;2025-12-23;14;3361
17;2025-12-23;15;3427
17;2025-12-23;16;3823
17;2025-12-23;17;4733
17;2025-12-23;18;5043
17;2025-12-23;19;3495
17;2025-12-23;20;2449
17;2025-12-23;21;1520
17;2025-12-23;22;729
17;2025-12-23;23;395
17;2025-12-24;0;124
17;2025-12-24;1;12
17;2025-12-24;2;0
17;2025-12-24;3;0
17;2025-12-24;4;26
17;2025-12-24;5;331
17;2025-12-24;6;1607
17;2025-12-24;7;4466
17;2025-12-24;8;5647
17;2025-12-24;9;4065
17;2025-12-24;10;3218
17;2025-12-24;11;3185
17;2025-12-24;12;3203
17;2025-12-24;13;3217
17;2025-12-24;14;3361
17;2025-12-24;15;3427
17;2025-12-24;16;3823
17;2025-12-24;17;4733
17;2025-12-24;18;5043
17;2025-12-24;19;3495
17;2025-12-24;20;2449
17;2025-12-24;21;1520
17;2025-12-24;22;729
17;2025-12-24;23;395
17;2025-12-25;0;124
17;2025-12-25;1;12
17;2025-12-25;2;0
17;2025-12-25;3;0
17;2025-12-25;4;26
17;2025-12-25;5;331
17;2025-12-25;6;1607
17;2025-12-25;7;4466
17;2025-12-25;8;5647
17;2025-12-25;9;4065
17;2025-12-25;10;3218
17;2025-12-25;11;3185
17;2025-12-25;12;3203
17;2025-12-25;13;3217
17;2025-12-25;14;3361
17;2025-12-25;15;3427
17;2025-12-25;16;3823
17;2025-12-25;17;4733
17;2025-12-25;18;5043
17;2025-12-25;19;3495
17;2025-12-25;20;2449
17;2025-12-25;21;1520
17;2025-12-25;22;729
17;2025-12-25;23;395
17;2025-12-26;0;152
17;2025-12-26;1;19
17;2025-12-26;2;0
17;2025-12-26;3;0
17;2025-12-26;4;24
17;2025-12-26;5;323
17;2025-12-26;6;1571
17;2025-12-26;7;4284
17;2025-12-26;8;5440
17;2025-12-26;9;3902
17;2025-12-26;10;3114
17;2025-12-26;11;3194
17;2025-12-26;12;3116
17;2025-12-26;13;3231
17;2025-12-26;14;3342
17;2025-12-26;15;3581
17;2025-12-26;16;4351
17;2025-12-26;17;4934
17;2025-12-26;18;4524
17;2025-12-26;19;3294
17;2025-12-26;20;2445
17;2025-12-26;21;1635
17;2025-12-26;22;747
17;2025-12-26;23;503
17;2025-12-27;0;215
17;2025-12-27;1;29
17;2025-12-27;2;0
17;2025-12-27;3;0
17;2025-12-27;4;6
17;2025-12-27;5;140
17;2025-12-27;6;618
17;2025-12-27;7;1313
17;2025-12-27;8;1866
17;2025-12-27;9;2379
17;2025-12-27;10;2677
17;2025-12-27;11;3181
17;2025-12-27;12;3550
17;2025-12-27;13;3780
17;2025-12-27;14;3774
17;2025-12-27;15;3799
17;2025-12-27;16;3806
17;2025-12-27;17;3446
17;2025-12-27;18;3160
17;2025-12-27;19;2467
17;2025-12-27;20;1946
17;2025-12-27;21;1387
17;2025-12-27;22;843
17;2025-12-27;23;466
17;2025-12-28;0;189
17;2025-12-28;1;25
17;2025-12-28;2;0
17;2025-12-28;3;0
17;2025-12-28;4;3
17;2025-12-28;5;112
17;2025-12-28;6;451
17;2025-12-28;7;886
17;2025-12-28;8;1297
17;2025-12-28;9;1759
17;2025-12-28;10;2070
17;2025-12-28;11;2687
17;2025-12-28;12;3007
17;2025-12-28;13;3285
17;2025-12-28;14;3452
17;2025-12-28;15;3365
17;2025-12-28;16;3264
17;2025-12-28;17;3113
17;2025-12-28;18;2670
17;2025-12-28;19;2133
17;2025-12-28;20;1581
17;2025-12-28;21;1165
17;2025-12-28;22;708
17;2025-12-28;23;327
17;2025-12-29;0;111
17;2025-12-29;1;13
17;2025-12-29;2;0
17;2025-12-29;3;0
17;2025-12-29;4;23
17;2025-12-29;5;274
17;2025-12-29;6;1415
17;2025-12-29;7;3871
17;2025-12-29;8;4988
17;2025-12-29;9;3512
17;2025-12-29;10;2695
17;2025-12-29;11;2627
17;2025-12-29;12;2624
17;2025-12-29;13;2744
17;2025-12-29;14;2753
17;2025-12-29;15;2883
17;2025-12-29;16;3314
17;2025-12-29;17;3807
17;2025-12-29;18;4101
17;2025-12-29;19;2832
17;2025-12-29;20;1951
17;2025-12-29;21;1227
17;2025-12-29;22;557
17;2025-12-29;23;295
17;2025-12-30;0;105
17;2025-12-30;1;10
17;2025-12-30;2;0
17;2025-12-30;3;0
17;2025-12-30;4;22
17;2025-12-30;5;281
17;2025-12-30;6;1366
17;2025-12-30;7;3796
17;2025-12-30;8;4800
17;2025-12-30;9;3455
17;2025-12-30;10;2735
17;2025-12-30;11;2707
17;2025-12-30;12;2722
17;2025-12-30;13;2734
17;2025-12-30;14;2857
17;2025-12-30;15;2913
17;2025-12-30;16;3249
17;2025-12-30;17;4023
17;2025-12-30;18;4286
17;2025-12-30;19;2971
17;2025-12-30;20;2082
17;2025-12-30;21;1292
17;2025-12-30;22;620
17;2025-12-30;23;336
17;2025-12-31;0;161
17;2025-12-31;1;21
17;2025-12-31;2;0
17;2025-12-31;3;0
17;2025-12-31;4;2
17;2025-12-31;5;95
17;2025-12-31;6;383
17;2025-12-31;7;753
17;2025-12-31;8;1103
17;2025-12-31;9;1495
17;2025-12-31;10;1759
17;2025-12-31;11;2284
17;2025-12-31;12;2556
17;2025-12-31;13;2792
17;2025-12-31;14;2934
17;2025-12-31;15;2860
17;2025-12-31;16;2774
17;2025-12-31;17;2646
17;2025-12-31;18;2270
17;2025-12-31;19;1813
17;2025-12-31;20;1344
17;2025-12-31;21;991
17;2025-12-31;22;601
17;2025-12-31;23;278
25;2025-11-01;0;0
25;2025-11-01;1;0
25;2025-11-01;2;0
25;2025-11-01;3;0
25;2025-11-01;4;0
25;2025-11-01;5;17
25;2025-11-01;6;256
25;2025-11-01;7;541
25;2025-11-01;8;811
25;2025-11-01;9;412
25;2025-11-01;10;365
25;2025-11-01;11;438
25;2025-11-01;12;408
25;2025-11-01;13;514
25;2025-11-01;14;439
25;2025-11-01;15;597
25;2025-11-01;16;774
25;2025-11-01;17;758
25;2025-11-01;18;654
25;2025-11-01;19;579
25;2025-11-01;20;317
25;2025-11-01;21;213
25;2025-11-01;22;100
25;2025-11-01;23;14
25;2025-11-02;0;14
25;2025-11-02;1;0
25;2025-11-02;2;0
25;2025-11-02;3;0
25;2025-11-02;4;0
25;2025-11-02;5;9
25;2025-11-02;6;100
25;2025-11-02;7;98
25;2025-11-02;8;186
25;2025-11-02;9;222
25;2025-11-02;10;211
25;2025-11-02;11;306
25;2025-11-02;12;368
25;2025-11-02;13;486
25;2025-11-02;14;562
25;2025-11-02;15;655
25;2025-11-02;16;545
25;2025-11-02;17;534
25;2025-11-02;18;428
25;2025-11-02;19;295
25;2025-11-02;20;235
25;2025-11-02;21;135
25;2025-11-02;22;93
25;2025-11-02;23;33
25;2025-11-03;0;14
25;2025-11-03;1;0
25;2025-11-03;2;0
25;2025-11-03;3;0
25;2025-11-03;4;0
25;2025-11-03;5;9
25;2025-11-03;6;100
25;2025-11-03;7;98
25;2025-11-03;8;186
25;2025-11-03;9;222
25;2025-11-03;10;211
25;2025-11-03;11;306
25;2025-11-03;12;368
25;2025-11-03;13;486
25;2025-11-03;14;562
25;2025-11-03;15;655
25;2025-11-03;16;545
25;2025-11-03;17;534
25;2025-11-03;18;428
25;2025-11-03;19;295
25;2025-11-03;20;235
25;2025-11-03;21;135
25;2025-11-03;22;93
25;2025-11-03;23;33
25;2025-11-04;0;14
25;2025-11-04;1;0
25;2025-11-04;2;0
25;2025-11-04;3;0
25;2025-11-04;4;0
25;2025-11-04;5;9
25;2025-11-04;6;100
25;2025-11-04;7;98
25;2025-11-04;8;186
25;2025-11-04;9;222
25;2025-11-04;10;211
25;2025-11-04;11;306
25;2025-11-04;12;368
25;2025-11-04;13;486
25;2025-11-04;14;562
25;2025-11-04;15;655
25;2025-11-04;16;545
25;2025-11-04;17;534
25;2025-11-04;18;428
25;2025-11-04;19;295
25;2025-11-04;20;235
25;2025-11-04;21;135
25;2025-11-04;22;93
25;2025-11-04;23;33
25;2025-11-05;0;0
25;2025-11-05;1;0
25;2025-11-05;2;0
25;2025-11-05;3;0
25;2025-11-05;4;0
25;2025-11-05;5;20
25;2025-11-05;6;277
25;2025-11-05;7;538
25;2025-11-05;8;908
25;2025-11-05;9;459
25;2025-11-05;10;379
25;2025-11-05;11;452
25;2025-11-05;12;439
25;2025-11-05;13;544
25;2025-11-05;14;487
25;2025-11-05;15;616
25;2025-11-05;16;693
25;2025-11-05;17;810
25;2025-11-05;18;784
25;2025-11-05;19;616
25;2025-11-05;20;342
25;2025-11-05;21;231
25;2025-11-05;22;89
25;2025-11-05;23;6
25;2025-11-06;0;0
25;2025-11-06;1;0
25;2025-11-06;2;0
25;2025-11-06;3;0
25;2025-11-06;4;0
25;2025-11-06;5;20
25;2025-11-06;6;277
25;2025-11-06;7;538
25;2025-11-06;8;908
25;2025-11-06;9;459
25;2025-11-06;10;379
25;2025-11-06;11;452
25;2025-11-06;12;439
25;2025-11-06;13;544
25;2025-11-06;14;487
25;2025-11-06;15;616
25;2025-11-06;16;693
25;2025-11-06;17;810
25;2025-11-06;18;784
25;2025-11-06;19;616
25;2025-11-06;20;342
25;2025-11-06;21;231
25;2025-11-06;22;89
25;2025-11-06;23;6
25;2025-11-07;0;0
25;2025-11-07;1;0
25;2025-11-07;2;0
25;2025-11-07;3;0
25;2025-11-07;4;0
25;2025-11-07;5;20
25;2025-11-07;6;297
25;2025-11-07;7;627
25;2025-11-07;8;940
25;2025-11-07;9;477
25;2025-11-07;10;423
25;2025-11-07;11;507
25;2025-11-07;12;473
25;2025-11-07;13;595
25;2025-11-07;14;509
25;2025-11-07;15;692
25;2025-11-07;16;897
25;2025-11-07;17;878
25;2025-11-07;18;758
25;2025-11-07;19;671
25;2025-11-07;20;367
25;2025-11-07;21;246
25;2025-11-07;22;116
25;2025-11-07;23;16
25;2025-11-08;0;0
25;2025-11-08;1;0
25;2025-11-08;2;0
25;2025-11-08;3;0
25;2025-11-08;4;0
25;2025-11-08;5;20
25;2025-11-08;6;140
25;2025-11-08;7;140
25;2025-11-08;8;313
25;2025-11-08;9;257
25;2025-11-08;10;293
25;2025-11-08;11;394
25;2025-11-08;12;396
25;2025-11-08;13;656
25;2025-11-08;14;667
25;2025-11-08;15;789
25;2025-11-08;16;701
25;2025-11-08;17;579
25;2025-11-08;18;516
25;2025-11-08;19;446
25;2025-11-08;20;254
25;2025-11-08;21;186
25;2025-11-08;22;117
25;2025-11-08;23;43
25;2025-11-09;0;14
25;2025-11-09;1;0
25;2025-11-09;2;0
25;2025-11-09;3;0
25;2025-11-09;4;0
25;2025-11-09;5;9
25;2025-11-09;6;100
25;2025-11-09;7;98
25;2025-11-09;8;186
25;2025-11-09;9;222
25;2025-11-09;10;211
25;2025-11-09;11;306
25;2025-11-09;12;368
25;2025-11-09;13;486
25;2025-11-09;14;562
25;2025-11-09;15;655
25;2025-11-09;16;545
25;2025-11-09;17;534
25;2025-11-09;18;428
25;2025-11-09;19;295
25;2025-11-09;20;235
25;2025-11-09;21;135
25;2025-11-09;22;93
25;2025-11-09;23;33
25;2025-11-10;0;8
25;2025-11-10;1;0
25;2025-11-10;2;0
25;2025-11-10;3;0
25;2025-11-10;4;0
25;2025-11-10;5;25
25;2025-11-10;6;266
25;2025-11-10;7;533
25;2025-11-10;8;1015
25;2025-11-10;9;543
25;2025-11-10;10;351
25;2025-11-10;11;425
25;2025-11-10;12;426
25;2025-11-10;13;571
25;2025-11-10;14;491
25;2025-11-10;15;527
25;2025-11-10;16;683
25;2025-11-10;17;750
25;2025-11-10;18;745
25;2025-11-10;19;581
25;2025-11-10;20;316
25;2025-11-10;21;189
25;2025-11-10;22;83
25;2025-11-10;23;5
25;2025-11-11;0;0
25;2025-11-11;1;0
25;2025-11-11;2;0
25;2025-11-11;3;0
25;2025-11-11;4;0
25;2025-11-11;5;20
25;2025-11-11;6;277
25;2025-11-11;7;538
25;2025-11-11;8;908
25;2025-11-11;9;459
25;2025-11-11;10;379
25;2025-11-11;11;452
25;2025-11-11;12;439
25;2025-11-11;13;544
25;2025-11-11;14;487
25;2025-11-11;15;616
25;2025-11-11;16;693
25;2025-11-11;17;810
25;2025-11-11;18;784
25;2025-11-11;19;616
25;2025-11-11;20;342
25;2025-11-11;21;231
25;2025-11-11;22;89
25;2025-11-11;23;6
25;2025-11-12;0;0
25;2025-11-12;1;0
25;2025-11-12;2;0
25;2025-11-12;3;0
25;2025-11-12;4;0
25;2025-11-12;5;20
25;2025-11-12;6;277
25;2025-11-12;7;538
25;2025-11-12;8;908
25;2025-11-12;9;459
25;2025-11-12;10;379
25;2025-11-12;11;452
25;2025-11-12;12;439
25;2025-11-12;13;544
25;2025-11-12;14;487
25;2025-11-12;15;616
25;2025-11-12;16;693
25;2025-11-12;17;810
25;2025-11-12;18;784
25;2025-11-12;19;616
25;2025-11-12;20;342
25;2025-11-12;21;231
25;2025-11-12;22;89
25;2025-11-12;23;6
25;2025-11-13;0;0
25;2025-11-13;1;0
25;2025-11-13;2;0
25;2025-11-13;3;0
25;2025-11-13;4;0
25;2025-11-13;5;20
25;2025-11-13;6;277
25;2025-11-13;7;538
25;2025-11-13;8;908
25;2025-11-13;9;459
25;2025-11-13;10;379
25;2025-11-13;11;452
25;2025-11-13;12;439
25;2025-11-13;13;544
25;2025-11-13;14;487
25;2025-11-13;15;616
25;2025-11-13;16;693
25;2025-11-13;17;810
25;2025-11-13;18;784
25;2025-11-13;19;616
25;2025-11-13;20;342
25;2025-11-13;21;231
25;2025-11-13;22;89
25;2025-11-13;23;6
25;2025-11-14;0;0
25;2025-11-14;1;0
25;2025-11-14;2;0
25;2025-11-14;3;0
25;2025-11-14;4;0
25;2025-11-14;5;20
25;2025-11-14;6;297
25;2025-11-14;7;627
25;2025-11-14;8;940
25;2025-11-14;9;477
25;2025-11-14;10;423
25;2025-11-14;11;507
25;2025-11-14;12;473
25;2025-11-14;13;595
25;2025-11-14;14;509
25;2025-11-14;15;692
25;2025-11-14;16;897
25;2025-11-14;17;878
25;2025-11-14;18;758
25;2025-11-14;19;671
25;2025-11-14;20;367
25;2025-11-14;21;246
25;2025-11-14;22;116
25;2025-11-14;23;16
25;2025-11-15;0;0
25;2025-11-15;1;0
25;2025-11-15;2;0
25;2025-11-15;3;0
25;2025-11-15;4;0
25;2025-11-15;5;20
25;2025-11-15;6;140
25;2025-11-15;7;140
25;2025-11-15;8;313
25;2025-11-15;9;257
25;2025-11-15;10;293
25;2025-11-15;11;394
25;2025-11-15;12;396
25;2025-11-15;13;656
25;2025-11-15;14;667
25;2025-11-15;15;789
25;2025-11-15;16;701
25;2025-11-15;17;579
25;2025-11-15;18;516
25;2025-11-15;19;446
25;2025-11-15;20;254
25;2025-11-15;21;186
25;2025-11-15;22;117
25;2025-11-15;23;43
25;2025-11-16;0;14
25;2025-11-16;1;0
25;2025-11-16;2;0
25;2025-11-16;3;0
25;2025-11-16;4;0
25;2025-11-16;5;9
25;2025-11-16;6;100
25;2025-11-16;7;98
25;2025-11-16;8;186
25;2025-11-16;9;222
25;2025-11-16;10;211
25;2025-11-16;11;306
25;2025-11-16;12;368
25;2025-11-16;13;486
25;2025-11-16;14;562
25;2025-11-16;15;655
25;2025-11-16;16;545
25;2025-11-16;17;534
25;2025-11-16;18;428
25;2025-11-16;19;295
25;2025-11-16;20;235
25;2025-11-16;21;135
25;2025-11-16;22;93
25;2025-11-16;23;33
25;2025-11-17;0;8
25;2025-11-17;1;0
25;2025-11-17;2;0
25;2025-11-17;3;0
25;2025-11-17;4;0
25;2025-11-17;5;25
25;2025-11-17;6;266
25;2025-11-17;7;533
25;2025-11-17;8;1015
25;2025-11-17;9;543
25;2025-11-17;10;351
25;2025-11-17;11;425
25;2025-11-17;12;426
25;2025-11-17;13;571
25;2025-11-17;14;491
25;2025-11-17;15;527
25;2025-11-17;16;683
25;2025-11-17;17;750
25;2025-11-17;18;745
25;2025-11-17;19;581
25;2025-11-17;20;316
25;2025-11-17;21;189
25;2025-11-17;22;83
25;2025-11-17;23;5
25;2025-11-18;0;0
25;2025-11-18;1;0
25;2025-11-18;2;0
25;2025-11-18;3;0
25;2025-11-18;4;0
25;2025-11-18;5;20
25;2025-11-18;6;277
25;2025-11-18;7;538
25;2025-11-18;8;908
25;2025-11-18;9;459
25;2025-11-18;10;379
25;2025-11-18;11;452
25;2025-11-18;12;439
25;2025-11-18;13;544
25;2025-11-18;14;487
25;2025-11-18;15;616
25;2025-11-18;16;693
25;2025-11-18;17;810
25;2025-11-18;18;784
25;2025-11-18;19;616
25;2025-11-18;20;342
25;2025-11-18;21;231
25;2025-11-18;22;89
25;2025-11-18;23;6
25;2025-11-19;0;0
25;2025-11-19;1;0
25;2025-11-19;2;0
25;2025-11-19;3;0
25;2025-11-19;4;0
25;2025-11-19;5;20
25;2025-11-19;6;277
25;2025-11-19;7;538
25;2025-11-19;8;908
25;2025-11-19;9;459
25;2025-11-19;10;379
25;2025-11-19;11;452
25;2025-11-19;12;439
25;2025-11-19;13;544
25;2025-11-19;14;487
25;2025-11-19;15;616
25;2025-11-19;16;693
25;2025-11-19;17;810
25;2025-11-19;18;784
25;2025-11-19;19;616
25;2025-11-19;20;342
25;2025-11-19;21;231
25;2025-11-19;22;89
25;2025-11-19;23;6
25;2025-11-20;0;0
25;2025-11-20;1;0
25;2025-11-20;2;0
25;2025-11-20;3;0
25;2025-11-20;4;0
25;2025-11-20;5;20
25;2025-11-20;6;277
25;2025-11-20;7;538
25;2025-11-20;8;908
25;2025-11-20;9;459
25;2025-11-20;10;379
25;2025-11-20;11;452
25;2025-11-20;12;439
25;2025-11-20;13;544
25;2025-11-20;14;487
25;2025-11-20;15;616
25;2025-11-20;16;693
25;2025-11-20;17;810
25;2025-11-20;18;784
25;2025-11-20;19;616
25;2025-11-20;20;342
25;2025-11-20;21;231
25;2025-11-20;22;89
25;2025-11-20;23;6
25;2025-11-21;0;0
25;2025-11-21;1;0
25;2025-11-21;2;0
25;2025-11-21;3;0
25;2025-11-21;4;0
25;2025-11-21;5;20
25;2025-11-21;6;297
25;2025-11-21;7;627
25;2025-11-21;8;940
25;2025-11-21;9;477
25;2025-11-21;10;423
25;2025-11-21;11;507
25;2025-11-21;12;473
25;2025-11-21;13;595
25;2025-11-21;14;509
25;2025-11-21;15;692
25;2025-11-21;16;897
25;2025-11-21;17;878
25;2025-11-21;18;758
25;2025-11-21;19;671
25;2025-11-21;20;367
25;2025-11-21;21;246
25;2025-11-21;22;116
25;2025-11-21;23;16
25;2025-11-22;0;0
25;2025-11-22;1;0
25;2025-11-22;2;0
25;2025-11-22;3;0
25;2025-11-22;4;0
25;2025-11-22;5;20
25;2025-11-22;6;140
25;2025-11-22;7;140
25;2025-11-22;8;313
25;2025-11-22;9;257
25;2025-11-22;10;293
25;2025-11-22;11;394
25;2025-11-22;12;396
25;2025-11-22;13;656
25;2025-11-22;14;667
25;2025-11-22;15;789
25;2025-11-22;16;701
25;2025-11-22;17;579
25;2025-11-22;18;516
25;2025-11-22;19;446
25;2025-11-22;20;254
25;2025-11-22;21;186
25;2025-11-22;22;117
25;2025-11-22;23;43
25;2025-11-23;0;14
25;2025-11-23;1;0
25;2025-11-23;2;0
25;2025-11-23;3;0
25;2025-11-23;4;0
25;2025-11-23;5;9
25;2025-11-23;6;100
25;2025-11-23;7;98
25;2025-11-23;8;186
25;2025-11-23;9;222
25;2025-11-23;10;211
25;2025-11-23;11;306
25;2025-11-23;12;368
25;2025-11-23;13;486
25;2025-11-23;14;562
25;2025-11-23;15;655
25;2025-11-23;16;545
25;2025-11-23;17;534
25;2025-11-23;18;428
25;2025-11-23;19;295
25;2025-11-23;20;235
25;2025-11-23;21;135
25;2025-11-23;22;93
25;2025-11-23;23;33
25;2025-11-24;0;8
25;2025-11-24;1;0
25;2025-11-24;2;0
25;2025-11-24;3;0
25;2025-11-24;4;0
25;2025-11-24;5;25
25;2025-11-24;6;266
25;2025-11-24;7;533
25;2025-11-24;8;1015
25;2025-11-24;9;543
25;2025-11-24;10;351
25;2025-11-24;11;425
25;2025-11-24;12;426
25;2025-11-24;13;571
25;2025-11-24;14;491
25;2025-11-24;15;527
25;2025-11-24;16;683
25;2025-11-24;17;750
25;2025-11-24;18;745
25;2025-11-24;19;581
25;2025-11-24;20;316
25;2025-11-24;21;189
25;2025-11-24;22;83
25;2025-11-24;23;5
25;2025-11-25;0;0
25;2025-11-25;1;0
25;2025-11-25;2;0
25;2025-11-25;3;0
25;2025-11-25;4;0
25;2025-11-25;5;20
25;2025-11-25;6;277
25;2025-11-25;7;538
25;2025-11-25;8;908
25;2025-11-25;9;459
25;2025-11-25;10;379
25;2025-11-25;11;452
25;2025-11-25;12;439
25;2025-11-25;13;544
25;2025-11-25;14;487
25;2025-11-25;15;616
25;2025-11-25;16;693
25;2025-11-25;17;810
25;2025-11-25;18;784
25;2025-11-25;19;616
25;2025-11-25;20;342
25;2025-11-25;21;231
25;2025-11-25;22;89
25;2025-11-25;23;6
25;2025-11-26;0;0
25;2025-11-26;1;0
25;2025-11-26;2;0
25;2025-11-26;3;0
25;2025-11-26;4;0
25;2025-11-26;5;20
25;2025-11-26;6;277
25;2025-11-26;7;538
25;2025-11-26;8;908
25;2025-11-26;9;459
25;2025-11-26;10;379
25;2025-11-26;11;452
25;2025-11-26;12;439
25;2025-11-26;13;544
25;2025-11-26;14;487
25;2025-11-26;15;616
25;2025-11-26;16;693
25;2025-11-26;17;810
25;2025-11-26;18;784
25;2025-11-26;19;616
25;2025-11-26;20;342
25;2025-11-26;21;231
25;2025-11-26;22;89
25;2025-11-26;23;6
25;2025-11-27;0;0
25;2025-11-27;1;0
25;2025-11-27;2;0
25;2025-11-27;3;0
25;2025-11-27;4;0
25;2025-11-27;5;20
25;2025-11-27;6;277
25;2025-11-27;7;538
25;2025-11-27;8;908
25;2025-11-27;9;459
25;2025-11-27;10;379
25;2025-11-27;11;452
25;2025-11-27;12;439
25;2025-11-27;13;544
25;2025-11-27;14;487
25;2025-11-27;15;616
25;2025-11-27;16;693
25;2025-11-27;17;810
25;2025-11-27;18;784
25;2025-11-27;19;616
25;2025-11-27;20;342
25;2025-11-27;21;231
25;2025-11-27;22;89
25;2025-11-27;23;6
25;2025-11-28;0;0
25;2025-11-28;1;0
25;2025-11-28;2;0
25;2025-11-28;3;0
25;2025-11-28;4;0
25;2025-11-28;5;20
25;2025-11-28;6;297
25;2025-11-28;7;627
25;2025-11-28;8;940
25;2025-11-28;9;477
25;2025-11-28;10;423
25;2025-11-28;11;507
25;2025-11-28;12;473
25;2025-11-28;13;595
25;2025-11-28;14;509
25;2025-11-28;15;692
25;2025-11-28;16;897
25;2025-11-28;17;878
25;2025-11-28;18;758
25;2025-11-28;19;671
25;2025-11-28;20;367
25;2025-11-28;21;246
25;2025-11-28;22;116
25;2025-11-28;23;16
25;2025-11-29;0;0
25;2025-11-29;1;0
25;2025-11-29;2;0
25;2025-11-29;3;0
25;2025-11-29;4;0
25;2025-11-29;5;20
25;2025-11-29;6;140
25;2025-11-29;7;140
25;2025-11-29;8;313
25;2025-11-29;9;257
25;2025-11-29;10;293
25;2025-11-29;11;394
25;2025-11-29;12;396
25;2025-11-29;13;656
25;2025-11-29;14;667
25;2025-11-29;15;789
25;2025-11-29;16;701
25;2025-11-29;17;579
25;2025-11-29;18;516
25;2025-11-29;19;446
25;2025-11-29;20;254
25;2025-11-29;21;186
25;2025-11-29;22;117
25;2025-11-29;23;43
25;2025-11-30;0;14
25;2025-11-30;1;0
25;2025-11-30;2;0
25;2025-11-30;3;0
25;2025-11-30;4;0
25;2025-11-30;5;9
25;2025-11-30;6;100
25;2025-11-30;7;98
25;2025-11-30;8;186
25;2025-11-30;9;222
25;2025-11-30;10;211
25;2025-11-30;11;306
25;2025-11-30;12;368
25;2025-11-30;13;486
25;2025-11-30;14;562
25;2025-11-30;15;655
25;2025-11-30;16;545
25;2025-11-30;17;534
25;2025-11-30;18;428
25;2025-11-30;19;295
25;2025-11-30;20;235
25;2025-11-30;21;135
25;2025-11-30;22;93
25;2025-11-30;23;33
25;2025-12-01;0;8
25;2025-12-01;1;0
25;2025-12-01;2;0
25;2025-12-01;3;0
25;2025-12-01;4;0
25;2025-12-01;5;26
25;2025-12-01;6;274
25;2025-12-01;7;548
25;2025-12-01;8;1042
25;2025-12-01;9;558
25;2025-12-01;10;361
25;2025-12-01;11;437
25;2025-12-01;12;438
25;2025-12-01;13;587
25;2025-12-01;14;505
25;2025-12-01;15;541
25;2025-12-01;16;702
25;2025-12-01;17;771
25;2025-12-01;18;765
25;2025-12-01;19;597
25;2025-12-01;20;324
25;2025-12-01;21;194
25;2025-12-01;22;85
25;2025-12-01;23;5
25;2025-12-02;0;0
25;2025-12-02;1;0
25;2025-12-02;2;0
25;2025-12-02;3;0
25;2025-12-02;4;0
25;2025-12-02;5;21
25;2025-12-02;6;284
25;2025-12-02;7;552
25;2025-12-02;8;933
25;2025-12-02;9;472
25;2025-12-02;10;390
25;2025-12-02;11;464
25;2025-12-02;12;451
25;2025-12-02;13;559
25;2025-12-02;14;500
25;2025-12-02;15;632
25;2025-12-02;16;712
25;2025-12-02;17;832
25;2025-12-02;18;805
25;2025-12-02;19;633
25;2025-12-02;20;351
25;2025-12-02;21;237
25;2025-12-02;22;91
25;2025-12-02;23;6
25;2025-12-03;0;0
25;2025-12-03;1;0
25;2025-12-03;2;0
25;2025-12-03;3;0
25;2025-12-03;4;0
25;2025-12-03;5;21
25;2025-12-03;6;284
25;2025-12-03;7;552
25;2025-12-03;8;933
25;2025-12-03;9;472
25;2025-12-03;10;390
25;2025-12-03;11;464
25;2025-12-03;12;451
25;2025-12-03;13;559
25;2025-12-03;14;500
25;2025-12-03;15;632
25;2025-12-03;16;712
25;2025-12-03;17;832
25;2025-12-03;18;805
25;2025-12-03;19;633
25;2025-12-03;20;351
25;2025-12-03;21;237
25;2025-12-03;22;91
25;2025-12-03;23;6
25;2025-12-04;0;0
25;2025-12-04;1;0
25;2025-12-04;2;0
25;2025-12-04;3;0
25;2025-12-04;4;0
25;2025-12-04;5;21
25;2025-12-04;6;284
25;2025-12-04;7;552
25;2025-12-04;8;933
25;2025-12-04;9;472
25;2025-12-04;10;390
25;2025-12-04;11;464
25;2025-12-04;12;451
25;2025-12-04;13;559
25;2025-12-04;14;500
25;2025-12-04;15;632
25;2025-12-04;16;712
25;2025-12-04;17;832
25;2025-12-04;18;805
25;2025-12-04;19;633
25;2025-12-04;20;351
25;2025-12-04;21;237
25;2025-12-04;22;91
25;2025-12-04;23;6
25;2025-12-05;0;0
25;2025-12-05;1;0
25;2025-12-05;2;0
25;2025-12-05;3;0
25;2025-12-05;4;0
25;2025-12-05;5;21
25;2025-12-05;6;305
25;2025-12-05;7;644
25;2025-12-05;8;965
25;2025-12-05;9;490
25;2025-12-05;10;434
25;2025-12-05;11;521
25;2025-12-05;12;486
25;2025-12-05;13;611
25;2025-12-05;14;523
25;2025-12-05;15;711
25;2025-12-05;16;921
25;2025-12-05;17;902
25;2025-12-05;18;779
25;2025-12-05;19;689
25;2025-12-05;20;377
25;2025-12-05;21;253
25;2025-12-05;22;119
25;2025-12-05;23;17
25;2025-12-06;0;0
25;2025-12-06;1;0
25;2025-12-06;2;0
25;2025-12-06;3;0
25;2025-12-06;4;0
25;2025-12-06;5;21
25;2025-12-06;6;143
25;2025-12-06;7;144
25;2025-12-06;8;321
25;2025-12-06;9;264
25;2025-12-06;10;301
25;2025-12-06;11;404
25;2025-12-06;12;407
25;2025-12-06;13;674
25;2025-12-06;14;685
25;2025-12-06;15;810
25;2025-12-06;16;720
25;2025-12-06;17;595
25;2025-12-06;18;531
25;2025-12-06;19;459
25;2025-12-06;20;261
25;2025-12-06;21;191
25;2025-12-06;22;121
25;2025-12-06;23;45
25;2025-12-07;0;15
25;2025-12-07;1;0
25;2025-12-07;2;0
25;2025-12-07;3;0
25;2025-12-07;4;0
25;2025-12-07;5;9
25;2025-12-07;6;102
25;2025-12-07;7;101
25;2025-12-07;8;191
25;2025-12-07;9;228
25;2025-12-07;10;217
25;2025-12-07;11;314
25;2025-12-07;12;378
25;2025-12-07;13;499
25;2025-12-07;14;578
25;2025-12-07;15;673
25;2025-12-07;16;560
25;2025-12-07;17;549
25;2025-12-07;18;439
25;2025-12-07;19;303
25;2025-12-07;20;241
25;2025-12-07;21;139
25;2025-12-07;22;95
25;2025-12-07;23;34
25;2025-12-08;0;8
25;2025-12-08;1;0
25;2025-12-08;2;0
25;2025-12-08;3;0
25;2025-12-08;4;0
25;2025-12-08;5;26
25;2025-12-08;6;274
25;2025-12-08;7;548
25;2025-12-08;8;1042
25;2025-12-08;9;558
25;2025-12-08;10;361
25;2025-12-08;11;437
25;2025-12-08;12;438
25;2025-12-08;13;587
25;2025-12-08;14;505
25;2025-12-08;15;541
25;2025-12-08;16;702
25;2025-12-08;17;771
25;2025-12-08;18;765
25;2025-12-08;19;597
25;2025-12-08;20;324
25;2025-12-08;21;194
25;2025-12-08;22;85
25;2025-12-08;23;5
25;2025-12-09;0;0
25;2025-12-09;1;0
25;2025-12-09;2;0
25;2025-12-09;3;0
25;2025-12-09;4;0
25;2025-12-09;5;21
25;2025-12-09;6;284
25;2025-12-09;7;552
25;2025-12-09;8;933
25;2025-12-09;9;472
25;2025-12-09;10;390
25;2025-12-09;11;464
25;2025-12-09;12;451
25;2025-12-09;13;559
25;2025-12-09;14;500
25;2025-12-09;15;632
25;2025-12-09;16;712
25;2025-12-09;17;832
25;2025-12-09;18;805
25;2025-12-09;19;633
25;2025-12-09;20;351
25;2025-12-09;21;237
25;2025-12-09;22;91
25;2025-12-09;23;6
25;2025-12-10;0;0
25;2025-12-10;1;0
25;2025-12-10;2;0
25;2025-12-10;3;0
25;2025-12-10;4;0
25;2025-12-10;5;21
25;2025-12-10;6;284
25;2025-12-10;7;552
25;2025-12-10;8;933
25;2025-12-10;9;472
25;2025-12-10;10;390
25;2025-12-10;11;464
25;2025-12-10;12;451
25;2025-12-10;13;559
25;2025-12-10;14;500
25;2025-12-10;15;632
25;2025-12-10;16;712
25;2025-12-10;17;832
25;2025-12-10;18;805
25;2025-12-10;19;633
25;2025-12-10;20;351
25;2025-12-10;21;237
25;2025-12-10;22;91
25;2025-12-10;23;6
25;2025-12-11;0;0
25;2025-12-11;1;0
25;2025-12-11;2;0
25;2025-12-11;3;0
25;2025-12-11;4;0
25;2025-12-11;5;21
25;2025-12-11;6;284
25;2025-12-11;7;552
25;2025-12-11;8;933
25;2025-12-11;9;472
25;2025-12-11;10;390
25;2025-12-11;11;464
25;2025-12-11;12;451
25;2025-12-11;13;559
25;2025-12-11;14;500
25;2025-12-11;15;632
25;2025-12-11;16;712
25;2025-12-11;17;832
25;2025-12-11;18;805
25;2025-12-11;19;633
25;2025-12-11;20;351
25;2025-12-11;21;237
25;2025-12-11;22;91
25;2025-12-11;23;6
25;2025-12-12;0;0
25;2025-12-12;1;0
25;2025-12-12;2;0
25;2025-12-12;3;0
25;2025-12-12;4;0
25;2025-12-12;5;21
25;2025-12-12;6;305
25;2025-12-12;7;644
25;2025-12-12;8;965
25;2025-12-12;9;490
25;2025-12-12;10;434
25;2025-12-12;11;521
25;2025-12-12;12;486
25;2025-12-12;13;611
25;2025-12-12;14;523
25;2025-12-12;15;711
25;2025-12-12;16;921
25;2025-12-12;17;902
25;2025-12-12;18;779
25;2025-12-12;19;689
25;2025-12-12;20;377
25;2025-12-12;21;253
25;2025-12-12;22;119
25;2025-12-12;23;17
25;2025-12-13;0;0
25;2025-12-13;1;0
25;2025-12-13;2;0
25;2025-12-13;3;0
25;2025-12-13;4;0
25;2025-12-13;5;21
25;2025-12-13;6;143
25;2025-12-13;7;144
25;2025-12-13;8;321
25;2025-12-13;9;264
25;2025-12-13;10;301
25;2025-12-13;11;404
25;2025-12-13;12;407
25;2025-12-13;13;674
25;2025-12-13;14;685
25;2025-12-13;15;810
25;2025-12-13;16;720
25;2025-12-13;17;595
25;2025-12-13;18;531
25;2025-12-13;19;459
25;2025-12-13;20;261
25;2025-12-13;21;191
25;2025-12-13;22;121
25;2025-12-13;23;45
25;2025-12-14;0;15
25;2025-12-14;1;0
25;2025-12-14;2;0
25;2025-12-14;3;0
25;2025-12-14;4;0
25;2025-12-14;5;9
25;2025-12-14;6;102
25;2025-12-14;7;101
25;2025-12-14;8;191
25;2025-12-14;9;228
25;2025-12-14;10;217
25;2025-12-14;11;314
25;2025-12-14;12;378
25;2025-12-14;13;499
25;2025-12-14;14;578
25;2025-12-14;15;673
25;2025-12-14;16;560
25;2025-12-14;17;549
25;2025-12-14;18;439
25;2025-12-14;19;303
25;2025-12-14;20;241
25;2025-12-14;21;139
25;2025-12-14;22;95
25;2025-12-14;23;34
25;2025-12-15;0;8
25;2025-12-15;1;0
25;2025-12-15;2;0
25;2025-12-15;3;0
25;2025-12-15;4;0
25;2025-12-15;5;26
25;2025-12-15;6;274
25;2025-12-15;7;548
25;2025-12-15;8;1042
25;2025-12-15;9;558
25;2025-12-15;10;361
25;2025-12-15;11;437
25;2025-12-15;12;438
25;2025-12-15;13;587
25;2025-12-15;14;505
25;2025-12-15;15;541
25;2025-12-15;16;702
25;2025-12-15;17;771
25;2025-12-15;18;765
25;2025-12-15;19;597
25;2025-12-15;20;324
25;2025-12-15;21;194
25;2025-12-15;22;85
25;2025-12-15;23;5
25;2025-12-16;0;0
25;2025-12-16;1;0
25;2025-12-16;2;0
25;2025-12-16;3;0
25;2025-12-16;4;0
25;2025-12-16;5;21
25;2025-12-16;6;284
25;2025-12-16;7;552
25;2025-12-16;8;933
25;2025-12-16;9;472
25;2025-12-16;10;390
25;2025-12-16;11;464
25;2025-12-16;12;451
25;2025-12-16;13;559
25;2025-12-16;14;500
25;2025-12-16;15;632
25;2025-12-16;16;712
25;2025-12-16;17;832
25;2025-12-16;18;805
25;2025-12-16;19;633
25;2025-12-16;20;351
25;2025-12-16;21;237
25;2025-12-16;22;91
25;2025-12-16;23;6
25;2025-12-17;0;0
25;2025-12-17;1;0
25;2025-12-17;2;0
25;2025-12-17;3;0
25;2025-12-17;4;0
25;2025-12-17;5;21
25;2025-12-17;6;284
25;2025-12-17;7;552
25;2025-12-17;8;933
25;2025-12-17;9;472
25;2025-12-17;10;390
25;2025-12-17;11;464
25;2025-12-17;12;451
25;2025-12-17;13;559
25;2025-12-17;14;500
25;2025-12-17;15;632
25;2025-12-17;16;712
25;2025-12-17;17;832
25;2025-12-17;18;805
25;2025-12-17;19;633
25;2025-12-17;20;351
25;2025-12-17;21;237
25;2025-12-17;22;91
25;2025-12-17;23;6
25;2025-12-18;0;0
25;2025-12-18;1;0
25;2025-12-18;2;0
25;2025-12-18;3;0
25;2025-12-18;4;0
25;2025-12-18;5;21
25;2025-12-18;6;284
25;2025-12-18;7;552
25;2025-12-18;8;933
25;2025-12-18;9;472
25;2025-12-18;10;390
25;2025-12-18;11;464
25;2025-12-18;12;451
25;2025-12-18;13;559
25;2025-12-18;14;500
25;2025-12-18;15;632
25;2025-12-18;16;712
25;2025-12-18;17;832
25;2025-12-18;18;805
25;2025-12-18;19;633
25;2025-12-18;20;351
25;2025-12-18;21;237
25;2025-12-18;22;91
25;2025-12-18;23;6
25;2025-12-19;0;0
25;2025-12-19;1;0
25;2025-12-19;2;0
25;2025-12-19;3;0
25;2025-12-19;4;0
25;2025-12-19;5;21
25;2025-12-19;6;305
25;2025-12-19;7;644
25;2025-12-19;8;965
25;2025-12-19;9;490
25;2025-12-19;10;434
25;2025-12-19;11;521
25;2025-12-19;12;486
25;2025-12-19;13;611
25;2025-12-19;14;523
25;2025-12-19;15;711
25;2025-12-19;16;921
25;2025-12-19;17;902
25;2025-12-19;18;779
25;2025-12-19;19;689
25;2025-12-19;20;377
25;2025-12-19;21;253
25;2025-12-19;22;119
25;2025-12-19;23;17
25;2025-12-20;0;0
25;2025-12-20;1;0
25;2025-12-20;2;0
25;2025-12-20;3;0
25;2025-12-20;4;0
25;2025-12-20;5;21
25;2025-12-20;6;143
25;2025-12-20;7;144
25;2025-12-20;8;321
25;2025-12-20;9;264
25;2025-12-20;10;301
25;2025-12-20;11;404
25;2025-12-20;12;407
25;2025-12-20;13;674
25;2025-12-20;14;685
25;2025-12-20;15;810
25;2025-12-20;16;720
25;2025-12-20;17;595
25;2025-12-20;18;531
25;2025-12-20;19;459
25;2025-12-20;20;261
25;2025-12-20;21;191
25;2025-12-20;22;121
25;2025-12-20;23;45
25;2025-12-21;0;15
25;2025-12-21;1;0
25;2025-12-21;2;0
25;2025-12-21;3;0
25;2025-12-21;4;0
25;2025-12-21;5;9
25;2025-12-21;6;102
25;2025-12-21;7;101
25;2025-12-21;8;191
25;2025-12-21;9;228
25;2025-12-21;10;217
25;2025-12-21;11;314
25;2025-12-21;12;378
25;2025-12-21;13;499
25;2025-12-21;14;578
25;2025-12-21;15;673
25;2025-12-21;16;560
25;2025-12-21;17;549
25;2025-12-21;18;439
25;2025-12-21;19;303
25;2025-12-21;20;241
25;2025-12-21;21;139
25;2025-12-21;22;95
25;2025-12-21;23;34
25;2025-12-22;0;8
25;2025-12-22;1;0
25;2025-12-22;2;0
25;2025-12-22;3;0
25;2025-12-22;4;0
25;2025-12-22;5;26
25;2025-12-22;6;274
25;2025-12-22;7;548
25;2025-12-22;8;1042
25;2025-12-22;9;558
25;2025-12-22;10;361
25;2025-12-22;11;437
25;2025-12-22;12;438
25;2025-12-22;13;587
25;2025-12-22;14;505
25;2025-12-22;15;541
25;2025-12-22;16;702
25;2025-12-22;17;771
25;2025-12-22;18;765
25;2025-12-22;19;597
25;2025-12-22;20;324
25;2025-12-22;21;194
25;2025-12-22;22;85
25;2025-12-22;23;5
25;2025-12-23;0;0
25;2025-12-23;1;0
25;2025-12-23;2;0
25;2025-12-23;3;0
25;2025-12-23;4;0
25;2025-12-23;5;21
25;2025-12-23;6;284
25;2025-12-23;7;552
25;2025-12-23;8;933
25;2025-12-23;9;472
25;2025-12-23;10;390
25;2025-12-23;11;464
25;2025-12-23;12;451
25;2025-12-23;13;559
25;2025-12-23;14;500
25;2025-12-23;15;632
25;2025-12-23;16;712
25;2025-12-23;17;832
25;2025-12-23;18;805
25;2025-12-23;19;633
25;2025-12-23;20;351
25;2025-12-23;21;237
25;2025-12-23;22;91
25;2025-12-23;23;6
25;2025-12-24;0;0
25;2025-12-24;1;0
25;2025-12-24;2;0
25;2025-12-24;3;0
25;2025-12-24;4;0
25;2025-12-24;5;21
25;2025-12-24;6;284
25;2025-12-24;7;552
25;2025-12-24;8;933
25;2025-12-24;9;472
25;2025-12-24;10;390
25;2025-12-24;11;464
25;2025-12-24;12;451
25;2025-12-24;13;559
25;2025-12-24;14;500
25;2025-12-24;15;632
25;2025-12-24;16;712
25;2025-12-24;17;832
25;2025-12-24;18;805
25;2025-12-24;19;633
25;2025-12-24;20;351
25;2025-12-24;21;237
25;2025-12-24;22;91
25;2025-12-24;23;6
25;2025-12-25;0;0
25;2025-12-25;1;0
25;2025-12-25;2;0
25;2025-12-25;3;0
25;2025-12-25;4;0
25;2025-12-25;5;21
25;2025-12-25;6;284
25;2025-12-25;7;552
25;2025-12-25;8;933
25;2025-12-25;9;472
25;2025-12-25;10;390
25;2025-12-25;11;464
25;2025-12-25;12;451
25;2025-12-25;13;559
25;2025-12-25;14;500
25;2025-12-25;15;632
25;2025-12-25;16;712
25;2025-12-25;17;832
25;2025-12-25;18;805
25;2025-12-25;19;633
25;2025-12-25;20;351
25;2025-12-25;21;237
25;2025-12-25;22;91
25;2025-12-25;23;6
25;2025-12-26;0;0
25;2025-12-26;1;0
25;2025-12-26;2;0
25;2025-12-26;3;0
25;2025-12-26;4;0
25;2025-12-26;5;21
25;2025-12-26;6;305
25;2025-12-26;7;644
25;2025-12-26;8;965
25;2025-12-26;9;490
25;2025-12-26;10;434
25;2025-12-26;11;521
25;2025-12-26;12;486
25;2025-12-26;13;611
25;2025-12-26;14;523
25;2025-12-26;15;711
25;2025-12-26;16;921
25;2025-12-26;17;902
25;2025-12-26;18;779
25;2025-12-26;19;689
25;2025-12-26;20;377
25;2025-12-26;21;253
25;2025-12-26;22;119
25;2025-12-26;23;17
25;2025-12-27;0;0
25;2025-12-27;1;0
25;2025-12-27;2;0
25;2025-12-27;3;0
25;2025-12-27;4;0
25;2025-12-27;5;21
25;2025-12-27;6;143
25;2025-12-27;7;144
25;2025-12-27;8;321
25;2025-12-27;9;264
25;2025-12-27;10;301
25;2025-12-27;11;404
25;2025-12-27;12;407
25;2025-12-27;13;674
25;2025-12-27;14;685
25;2025-12-27;15;810
25;2025-12-27;16;720
25;2025-12-27;17;595
25;2025-12-27;18;531
25;2025-12-27;19;459
25;2025-12-27;20;261
25;2025-12-27;21;191
25;2025-12-27;22;121
25;2025-12-27;23;45
25;2025-12-28;0;15
25;2025-12-28;1;0
25;2025-12-28;2;0
25;2025-12-28;3;0
25;2025-12-28;4;0
25;2025-12-28;5;9
25;2025-12-28;6;102
25;2025-12-28;7;101
25;2025-12-28;8;191
25;2025-12-28;9;228
25;2025-12-28;10;217
25;2025-12-28;11;314
25;2025-12-28;12;378
25;2025-12-28;13;499
25;2025-12-28;14;578
25;2025-12-28;15;673
25;2025-12-28;16;560
25;2025-12-28;17;549
25;2025-12-28;18;439
25;2025-12-28;19;303
25;2025-12-28;20;241
25;2025-12-28;21;139
25;2025-12-28;22;95
25;2025-12-28;23;34
25;2025-12-29;0;7
25;2025-12-29;1;0
25;2025-12-29;2;0
25;2025-12-29;3;0
25;2025-12-29;4;0
25;2025-12-29;5;22
25;2025-12-29;6;233
25;2025-12-29;7;466
25;2025-12-29;8;886
25;2025-12-29;9;475
25;2025-12-29;10;307
25;2025-12-29;11;372
25;2025-12-29;12;372
25;2025-12-29;13;499
25;2025-12-29;14;429
25;2025-12-29;15;460
25;2025-12-29;16;597
25;2025-12-29;17;655
25;2025-12-29;18;650
25;2025-12-29;19;508
25;2025-12-29;20;276
25;2025-12-29;21;165
25;2025-12-29;22;72
25;2025-12-29;23;4
25;2025-12-30;0;0
25;2025-12-30;1;0
25;2025-12-30;2;0
25;2025-12-30;3;0
25;2025-12-30;4;0
25;2025-12-30;5;18
25;2025-12-30;6;242
25;2025-12-30;7;470
25;2025-12-30;8;793
25;2025-12-30;9;401
25;2025-12-30;10;331
25;2025-12-30;11;394
25;2025-12-30;12;383
25;2025-12-30;13;475
25;2025-12-30;14;425
25;2025-12-30;15;538
25;2025-12-30;16;605
25;2025-12-30;17;707
25;2025-12-30;18;685
25;2025-12-30;19;538
25;2025-12-30;20;298
25;2025-12-30;21;202
25;2025-12-30;22;77
25;2025-12-30;23;5
25;2025-12-31;0;13
25;2025-12-31;1;0
25;2025-12-31;2;0
25;2025-12-31;3;0
25;2025-12-31;4;0
25;2025-12-31;5;8
25;2025-12-31;6;87
25;2025-12-31;7;86
25;2025-12-31;8;162
25;2025-12-31;9;194
25;2025-12-31;10;184
25;2025-12-31;11;267
25;2025-12-31;12;321
25;2025-12-31;13;425
25;2025-12-31;14;491
25;2025-12-31;15;572
25;2025-12-31;16;476
25;2025-12-31;17;467
25;2025-12-31;18;374
25;2025-12-31;19;258
25;2025-12-31;20;205
25;2025-12-31;21;118
25;2025-12-31;22;81
25;2025-12-31;23;29
26;2025-11-01;0;25
26;2025-11-01;1;0
26;2025-11-01;2;0
26;2025-11-01;3;0
26;2025-11-01;4;1
26;2025-11-01;5;70
26;2025-11-01;6;399
26;2025-11-01;7;851
26;2025-11-01;8;1818
26;2025-11-01;9;1140
26;2025-11-01;10;1024
26;2025-11-01;11;901
26;2025-11-01;12;916
26;2025-11-01;13;939
26;2025-11-01;14;1112
26;2025-11-01;15;1120
26;2025-11-01;16;1348
26;2025-11-01;17;1479
26;2025-11-01;18;1074
26;2025-11-01;19;845
26;2025-11-01;20;539
26;2025-11-01;21;386
26;2025-11-01;22;164
26;2025-11-01;23;130
26;2025-11-02;0;48
26;2025-11-02;1;3
26;2025-11-02;2;0
26;2025-11-02;3;0
26;2025-11-02;4;1
26;2025-11-02;5;21
26;2025-11-02;6;155
26;2025-11-02;7;261
26;2025-11-02;8;386
26;2025-11-02;9;507
26;2025-11-02;10;578
26;2025-11-02;11;812
26;2025-11-02;12;811
26;2025-11-02;13;859
26;2025-11-02;14;857
26;2025-11-02;15;779
26;2025-11-02;16;736
26;2025-11-02;17;760
26;2025-11-02;18;691
26;2025-11-02;19;507
26;2025-11-02;20;390
26;2025-11-02;21;276
26;2025-11-02;22;161
26;2025-11-02;23;100
26;2025-11-03;0;48
26;2025-11-03;1;3
26;2025-11-03;2;0
26;2025-11-03;3;0
26;2025-11-03;4;1
26;2025-11-03;5;21
26;2025-11-03;6;155
26;2025-11-03;7;261
26;2025-11-03;8;386
26;2025-11-03;9;507
26;2025-11-03;10;578
26;2025-11-03;11;812
26;2025-11-03;12;811
26;2025-11-03;13;859
26;2025-11-03;14;857
26;2025-11-03;15;779
26;2025-11-03;16;736
26;2025-11-03;17;760
26;2025-11-03;18;691
26;2025-11-03;19;507
26;2025-11-03;20;390
26;2025-11-03;21;276
26;2025-11-03;22;161
26;2025-11-03;23;100
26;2025-11-04;0;48
26;2025-11-04;1;3
26;2025-11-04;2;0
26;2025-11-04;3;0
26;2025-11-04;4;1
26;2025-11-04;5;21
26;2025-11-04;6;155
26;2025-11-04;7;261
26;2025-11-04;8;386
26;2025-11-04;9;507
26;2025-11-04;10;578
26;2025-11-04;11;812
26;2025-11-04;12;811
26;2025-11-04;13;859
26;2025-11-04;14;857
26;2025-11-04;15;779
26;2025-11-04;16;736
26;2025-11-04;17;760
26;2025-11-04;18;691
26;2025-11-04;19;507
26;2025-11-04;20;390
26;2025-11-04;21;276
26;2025-11-04;22;161
26;2025-11-04;23;100
26;2025-11-05;0;32
26;2025-11-05;1;0
26;2025-11-05;2;0
26;2025-11-05;3;0
26;2025-11-05;4;2
26;2025-11-05;5;100
26;2025-11-05;6;466
26;2025-11-05;7;1120
26;2025-11-05;8;2298
26;2025-11-05;9;1523
26;2025-11-05;10;1226
26;2025-11-05;11;1158
26;2025-11-05;12;1188
26;2025-11-05;13;1190
26;2025-11-05;14;1409
26;2025-11-05;15;1414
26;2025-11-05;16;1538
26;2025-11-05;17;1781
26;2025-11-05;18;1913
26;2025-11-05;19;1276
26;2025-11-05;20;782
26;2025-11-05;21;503
26;2025-11-05;22;210
26;2025-11-05;23;132
26;2025-11-06;0;32
26;2025-11-06;1;0
26;2025-11-06;2;0
26;2025-11-06;3;0
26;2025-11-06;4;2
26;2025-11-06;5;100
26;2025-11-06;6;466
26;2025-11-06;7;1120
26;2025-11-06;8;2298
26;2025-11-06;9;1523
26;2025-11-06;10;1226
26;2025-11-06;11;1158
26;2025-11-06;12;1188
26;2025-11-06;13;1190
26;2025-11-06;14;1409
26;2025-11-06;15;1414
26;2025-11-06;16;1538
26;2025-11-06;17;1781
26;2025-11-06;18;1913
26;2025-11-06;19;1276
26;2025-11-06;20;782
26;2025-11-06;21;503
26;2025-11-06;22;210
26;2025-11-06;23;132
26;2025-11-07;0;29
26;2025-11-07;1;1
26;2025-11-07;2;0
26;2025-11-07;3;0
26;2025-11-07;4;1
26;2025-11-07;5;83
26;2025-11-07;6;474
26;2025-11-07;7;1011
26;2025-11-07;8;2159
26;2025-11-07;9;1354
26;2025-11-07;10;1217
26;2025-11-07;11;1070
26;2025-11-07;12;1088
26;2025-11-07;13;1116
26;2025-11-07;14;1321
26;2025-11-07;15;1331
26;2025-11-07;16;1601
26;2025-11-07;17;1757
26;2025-11-07;18;1276
26;2025-11-07;19;1004
26;2025-11-07;20;640
26;2025-11-07;21;458
26;2025-11-07;22;195
26;2025-11-07;23;154
26;2025-11-08;0;49
26;2025-11-08;1;2
26;2025-11-08;2;0
26;2025-11-08;3;0
26;2025-11-08;4;2
26;2025-11-08;5;52
26;2025-11-08;6;250
26;2025-11-08;7;376
26;2025-11-08;8;618
26;2025-11-08;9;681
26;2025-11-08;10;845
26;2025-11-08;11;1002
26;2025-11-08;12;1098
26;2025-11-08;13;1098
26;2025-11-08;14;1145
26;2025-11-08;15;1014
26;2025-11-08;16;1061
26;2025-11-08;17;979
26;2025-11-08;18;917
26;2025-11-08;19;782
26;2025-11-08;20;537
26;2025-11-08;21;345
26;2025-11-08;22;210
26;2025-11-08;23;156
26;2025-11-09;0;48
26;2025-11-09;1;3
26;2025-11-09;2;0
26;2025-11-09;3;0
26;2025-11-09;4;1
26;2025-11-09;5;21
26;2025-11-09;6;155
26;2025-11-09;7;261
26;2025-11-09;8;386
26;2025-11-09;9;507
26;2025-11-09;10;578
26;2025-11-09;11;812
26;2025-11-09;12;811
26;2025-11-09;13;859
26;2025-11-09;14;857
26;2025-11-09;15;779
26;2025-11-09;16;736
26;2025-11-09;17;760
26;2025-11-09;18;691
26;2025-11-09;19;507
26;2025-11-09;20;390
26;2025-11-09;21;276
26;2025-11-09;22;161
26;2025-11-09;23;100
26;2025-11-10;0;24
26;2025-11-10;1;2
26;2025-11-10;2;0
26;2025-11-10;3;0
26;2025-11-10;4;1
26;2025-11-10;5;96
26;2025-11-10;6;466
26;2025-11-10;7;1148
26;2025-11-10;8;2299
26;2025-11-10;9;1474
26;2025-11-10;10;1234
26;2025-11-10;11;1048
26;2025-11-10;12;1085
26;2025-11-10;13;1163
26;2025-11-10;14;1313
26;2025-11-10;15;1353
26;2025-11-10;16;1486
26;2025-11-10;17;1768
26;2025-11-10;18;1939
26;2025-11-10;19;1224
26;2025-11-10;20;749
26;2025-11-10;21;487
26;2025-11-10;22;206
26;2025-11-10;23;113
26;2025-11-11;0;32
26;2025-11-11;1;0
26;2025-11-11;2;0
26;2025-11-11;3;0
26;2025-11-11;4;2
26;2025-11-11;5;100
26;2025-11-11;6;466
26;2025-11-11;7;1120
26;2025-11-11;8;2298
26;2025-11-11;9;1523
26;2025-11-11;10;1226
26;2025-11-11;11;1158
26;2025-11-11;12;1188
26;2025-11-11;13;1190
26;2025-11-11;14;1409
26;2025-11-11;15;1414
26;2025-11-11;16;1538
26;2025-11-11;17;1781
26;2025-11-11;18;1913
26;2025-11-11;19;1276
26;2025-11-11;20;782
26;2025-11-11;21;503
26;2025-11-11;22;210
26;2025-11-11;23;132
26;2025-11-12;0;32
26;2025-11-12;1;0
26;2025-11-12;2;0
26;2025-11-12;3;0
26;2025-11-12;4;2
26;2025-11-12;5;100
26;2025-11-12;6;466
26;2025-11-12;7;1120
26;2025-11-12;8;2298
26;2025-11-12;9;1523
26;2025-11-12;10;1226
26;2025-11-12;11;1158
26;2025-11-12;12;1188
26;2025-11-12;13;1190
26;2025-11-12;14;1409
26;2025-11-12;15;1414
26;2025-11-12;16;1538
26;2025-11-12;17;1781
26;2025-11-12;18;1913
26;2025-11-12;19;1276
26;2025-11-12;20;782
26;2025-11-12;21;503
26;2025-11-12;22;210
26;2025-11-12;23;132
26;2025-11-13;0;32
26;2025-11-13;1;0
26;2025-11-13;2;0
26;2025-11-13;3;0
26;2025-11-13;4;2
26;2025-11-13;5;100
26;2025-11-13;6;466
26;2025-11-13;7;1120
26;2025-11-13;8;2298
26;2025-11-13;9;1523
26;2025-11-13;10;1226
26;2025-11-13;11;1158
26;2025-11-13;12;1188
26;2025-11-13;13;1190
26;2025-11-13;14;1409
26;2025-11-13;15;1414
26;2025-11-13;16;1538
26;2025-11-13;17;1781
26;2025-11-13;18;1913
26;2025-11-13;19;1276
26;2025-11-13;20;782
26;2025-11-13;21;503
26;2025-11-13;22;210
26;2025-11-13;23;132
26;2025-11-14;0;29
26;2025-11-14;1;1
26;2025-11-14;2;0
26;2025-11-14;3;0
26;2025-11-14;4;1
26;2025-11-14;5;83
26;2025-11-14;6;474
26;2025-11-14;7;1011
26;2025-11-14;8;2159
26;2025-11-14;9;1354
26;2025-11-14;10;1217
26;2025-11-14;11;1070
26;2025-11-14;12;1088
26;2025-11-14;13;1116
26;2025-11-14;14;1321
26;2025-11-14;15;1331
26;2025-11-14;16;1601
26;2025-11-14;17;1757
26;2025-11-14;18;1276
26;2025-11-14;19;1004
26;2025-11-14;20;640
26;2025-11-14;21;458
26;2025-11-14;22;195
26;2025-11-14;23;154
26;2025-11-15;0;49
26;2025-11-15;1;2
26;2025-11-15;2;0
26;2025-11-15;3;0
26;2025-11-15;4;2
26;2025-11-15;5;52
26;2025-11-15;6;250
26;2025-11-15;7;376
26;2025-11-15;8;618
26;2025-11-15;9;681
26;2025-11-15;10;845
26;2025-11-15;11;1002
26;2025-11-15;12;1098
26;2025-11-15;13;1098
26;2025-11-15;14;1145
26;2025-11-15;15;1014
26;2025-11-15;16;1061
26;2025-11-15;17;979
26;2025-11-15;18;917
26;2025-11-15;19;782
26;2025-11-15;20;537
26;2025-11-15;21;345
26;2025-11-15;22;210
26;2025-11-15;23;156
26;2025-11-16;0;48
26;2025-11-16;1;3
26;2025-11-16;2;0
26;2025-11-16;3;0
26;2025-11-16;4;1
26;2025-11-16;5;21
26;2025-11-16;6;155
26;2025-11-16;7;261
26;2025-11-16;8;386
26;2025-11-16;9;507
26;2025-11-16;10;578
26;2025-11-16;11;812
26;2025-11-16;12;811
26;2025-11-16;13;859
26;2025-11-16;14;857
26;2025-11-16;15;779
26;2025-11-16;16;736
26;2025-11-16;17;760
26;2025-11-16;18;691
26;2025-11-16;19;507
26;2025-11-16;20;390
26;2025-11-16;21;276
26;2025-11-16;22;161
26;2025-11-16;23;100
26;2025-11-17;0;24
26;2025-11-17;1;2
26;2025-11-17;2;0
26;2025-11-17;3;0
26;2025-11-17;4;1
26;2025-11-17;5;96
26;2025-11-17;6;466
26;2025-11-17;7;1148
26;2025-11-17;8;2299
26;2025-11-17;9;1474
26;2025-11-17;10;1234
26;2025-11-17;11;1048
26;2025-11-17;12;1085
26;2025-11-17;13;1163
26;2025-11-17;14;1313
26;2025-11-17;15;1353
26;2025-11-17;16;1486
26;2025-11-17;17;1768
26;2025-11-17;18;1939
26;2025-11-17;19;1224
26;2025-11-17;20;749
26;2025-11-17;21;487
26;2025-11-17;22;206
26;2025-11-17;23;113
26;2025-11-18;0;32
26;2025-11-18;1;0
26;2025-11-18;2;0
26;2025-11-18;3;0
26;2025-11-18;4;2
26;2025-11-18;5;100
26;2025-11-18;6;466
26;2025-11-18;7;1120
26;2025-11-18;8;2298
26;2025-11-18;9;1523
26;2025-11-18;10;1226
26;2025-11-18;11;1158
26;2025-11-18;12;1188
26;2025-11-18;13;1190
26;2025-11-18;14;1409
26;2025-11-18;15;1414
26;2025-11-18;16;1538
26;2025-11-18;17;1781
26;2025-11-18;18;1913
26;2025-11-18;19;1276
26;2025-11-18;20;782
26;2025-11-18;21;503
26;2025-11-18;22;210
26;2025-11-18;23;132
26;2025-11-19;0;32
26;2025-11-19;1;0
26;2025-11-19;2;0
26;2025-11-19;3;0
26;2025-11-19;4;2
26;2025-11-19;5;100
26;2025-11-19;6;466
26;2025-11-19;7;1120
26;2025-11-19;8;2298
26;2025-11-19;9;1523
26;2025-11-19;10;1226
26;2025-11-19;11;1158
26;2025-11-19;12;1188
26;2025-11-19;13;1190
26;2025-11-19;14;1409
26;2025-11-19;15;1414
26;2025-11-19;16;1538
26;2025-11-19;17;1781
26;2025-11-19;18;1913
26;2025-11-19;19;1276
26;2025-11-19;20;782
26;2025-11-19;21;503
26;2025-11-19;22;210
26;2025-11-19;23;132
26;2025-11-20;0;32
26;2025-11-20;1;0
26;2025-11-20;2;0
26;2025-11-20;3;0
26;2025-11-20;4;2
26;2025-11-20;5;100
26;2025-11-20;6;466
26;2025-11-20;7;1120
26;2025-11-20;8;2298
26;2025-11-20;9;1523
26;2025-11-20;10;1226
26;2025-11-20;11;1158
26;2025-11-20;12;1188
26;2025-11-20;13;1190
26;2025-11-20;14;1409
26;2025-11-20;15;1414
26;2025-11-20;16;1538
26;2025-11-20;17;1781
26;2025-11-20;18;1913
26;2025-11-20;19;1276
26;2025-11-20;20;782
26;2025-11-20;21;503
26;2025-11-20;22;210
26;2025-11-20;23;132
26;2025-11-21;0;29
26;2025-11-21;1;1
26;2025-11-21;2;0
26;2025-11-21;3;0
26;2025-11-21;4;1
26;2025-11-21;5;83
26;2025-11-21;6;474
26;2025-11-21;7;1011
26;2025-11-21;8;2159
26;2025-11-21;9;1354
26;2025-11-21;10;1217
26;2025-11-21;11;1070
26;2025-11-21;12;1088
26;2025-11-21;13;1116
26;2025-11-21;14;1321
26;2025-11-21;15;1331
26;2025-11-21;16;1601
26;2025-11-21;17;1757
26;2025-11-21;18;1276
26;2025-11-21;19;1004
26;2025-11-21;20;640
26;2025-11-21;21;458
26;2025-11-21;22;195
26;2025-11-21;23;154
26;2025-11-22;0;49
26;2025-11-22;1;2
26;2025-11-22;2;0
26;2025-11-22;3;0
26;2025-11-22;4;2
26;2025-11-22;5;52
26;2025-11-22;6;250
26;2025-11-22;7;376
26;2025-11-22;8;618
26;2025-11-22;9;681
26;2025-11-22;10;845
26;2025-11-22;11;1002
26;2025-11-22;12;1098
26;2025-11-22;13;1098
26;2025-11-22;14;1145
26;2025-11-22;15;1014
26;2025-11-22;16;1061
26;2025-11-22;17;979
26;2025-11-22;18;917
26;2025-11-22;19;782
26;2025-11-22;20;537
26;2025-11-22;21;345
26;2025-11-22;22;210
26;2025-11-22;23;156
26;2025-11-23;0;48
26;2025-11-23;1;3
26;2025-11-23;2;0
26;2025-11-23;3;0
26;2025-11-23;4;1
26;2025-11-23;5;21
26;2025-11-23;6;155
26;2025-11-23;7;261
26;2025-11-23;8;386
26;2025-11-23;9;507
26;2025-11-23;10;578
26;2025-11-23;11;812
26;2025-11-23;12;811
26;2025-11-23;13;859
26;2025-11-23;14;857
26;2025-11-23;15;779
26;2025-11-23;16;736
26;2025-11-23;17;760
26;2025-11-23;18;691
26;2025-11-23;19;507
26;2025-11-23;20;390
26;2025-11-23;21;276
26;2025-11-23;22;161
26;2025-11-23;23;100
26;2025-11-24;0;24
26;2025-11-24;1;2
26;2025-11-24;2;0
26;2025-11-24;3;0
26;2025-11-24;4;1
26;2025-11-24;5;96
26;2025-11-24;6;466
26;2025-11-24;7;1148
26;2025-11-24;8;2299
26;2025-11-24;9;1474
26;2025-11-24;10;1234
26;2025-11-24;11;1048
26;2025-11-24;12;1085
26;2025-11-24;13;1163
26;2025-11-24;14;1313
26;2025-11-24;15;1353
26;2025-11-24;16;1486
26;2025-11-24;17;1768
26;2025-11-24;18;1939
26;2025-11-24;19;1224
26;2025-11-24;20;749
26;2025-11-24;21;487
26;2025-11-24;22;206
26;2025-11-24;23;113
26;2025-11-25;0;32
26;2025-11-25;1;0
26;2025-11-25;2;0
26;2025-11-25;3;0
26;2025-11-25;4;2
26;2025-11-25;5;100
26;2025-11-25;6;466
26;2025-11-25;7;1120
26;2025-11-25;8;2298
26;2025-11-25;9;1523
26;2025-11-25;10;1226
26;2025-11-25;11;1158
26;2025-11-25;12;1188
26;2025-11-25;13;1190
26;2025-11-25;14;1409
26;2025-11-25;15;1414
26;2025-11-25;16;1538
26;2025-11-25;17;1781
26;2025-11-25;18;1913
26;2025-11-25;19;1276
26;2025-11-25;20;782
26;2025-11-25;21;503
26;2025-11-25;22;210
26;2025-11-25;23;132
26;2025-11-26;0;32
26;2025-11-26;1;0
26;2025-11-26;2;0
26;2025-11-26;3;0
26;2025-11-26;4;2
26;2025-11-26;5;100
26;2025-11-26;6;466
26;2025-11-26;7;1120
26;2025-11-26;8;2298
26;2025-11-26;9;1523
26;2025-11-26;10;1226
26;2025-11-26;11;1158
26;2025-11-26;12;1188
26;2025-11-26;13;1190
26;2025-11-26;14;1409
26;2025-11-26;15;1414
26;2025-11-26;16;1538
26;2025-11-26;17;1781
26;2025-11-26;18;1913
26;2025-11-26;19;1276
26;2025-11-26;20;782
26;2025-11-26;21;503
26;2025-11-26;22;210
26;2025-11-26;23;132
26;2025-11-27;0;32
26;2025-11-27;1;0
26;2025-11-27;2;0
26;2025-11-27;3;0
26;2025-11-27;4;2
26;2025-11-27;5;100
26;2025-11-27;6;466
26;2025-11-27;7;1120
26;2025-11-27;8;2298
26;2025-11-27;9;1523
26;2025-11-27;10;1226
26;2025-11-27;11;1158
26;2025-11-27;12;1188
26;2025-11-27;13;1190
26;2025-11-27;14;1409
26;2025-11-27;15;1414
26;2025-11-27;16;1538
26;2025-11-27;17;1781
26;2025-11-27;18;1913
26;2025-11-27;19;1276
26;2025-11-27;20;782
26;2025-11-27;21;503
26;2025-11-27;22;210
26;2025-11-27;23;132
26;2025-11-28;0;29
26;2025-11-28;1;1
26;2025-11-28;2;0
26;2025-11-28;3;0
26;2025-11-28;4;1
26;2025-11-28;5;83
26;2025-11-28;6;474
26;2025-11-28;7;1011
26;2025-11-28;8;2159
26;2025-11-28;9;1354
26;2025-11-28;10;1217
26;2025-11-28;11;1070
26;2025-11-28;12;1088
26;2025-11-28;13;1116
26;2025-11-28;14;1321
26;2025-11-28;15;1331
26;2025-11-28;16;1601
26;2025-11-28;17;1757
26;2025-11-28;18;1276
26;2025-11-28;19;1004
26;2025-11-28;20;640
26;2025-11-28;21;458
26;2025-11-28;22;195
26;2025-11-28;23;154
26;2025-11-29;0;49
26;2025-11-29;1;2
26;2025-11-29;2;0
26;2025-11-29;3;0
26;2025-11-29;4;2
26;2025-11-29;5;52
26;2025-11-29;6;250
26;2025-11-29;7;376
26;2025-11-29;8;618
26;2025-11-29;9;681
26;2025-11-29;10;845
26;2025-11-29;11;1002
26;2025-11-29;12;1098
26;2025-11-29;13;1098
26;2025-11-29;14;1145
26;2025-11-29;15;1014
26;2025-11-29;16;1061
26;2025-11-29;17;979
26;2025-11-29;18;917
26;2025-11-29;19;782
26;2025-11-29;20;537
26;2025-11-29;21;345
26;2025-11-29;22;210
26;2025-11-29;23;156
26;2025-11-30;0;48
26;2025-11-30;1;3
26;2025-11-30;2;0
26;2025-11-30;3;0
26;2025-11-30;4;1
26;2025-11-30;5;21
26;2025-11-30;6;155
26;2025-11-30;7;261
26;2025-11-30;8;386
26;2025-11-30;9;507
26;2025-11-30;10;578
26;2025-11-30;11;812
26;2025-11-30;12;811
26;2025-11-30;13;859
26;2025-11-30;14;857
26;2025-11-30;15;779
26;2025-11-30;16;736
26;2025-11-30;17;760
26;2025-11-30;18;691
26;2025-11-30;19;507
26;2025-11-30;20;390
26;2025-11-30;21;276
26;2025-11-30;22;161
26;2025-11-30;23;100
26;2025-12-01;0;25
26;2025-12-01;1;2
26;2025-12-01;2;0
26;2025-12-01;3;0
26;2025-12-01;4;1
26;2025-12-01;5;98
26;2025-12-01;6;478
26;2025-12-01;7;1179
26;2025-12-01;8;2362
26;2025-12-01;9;1514
26;2025-12-01;10;1268
26;2025-12-01;11;1076
26;2025-12-01;12;1115
26;2025-12-01;13;1195
26;2025-12-01;14;1349
26;2025-12-01;15;1390
26;2025-12-01;16;1527
26;2025-12-01;17;1816
26;2025-12-01;18;1992
26;2025-12-01;19;1258
26;2025-12-01;20;770
26;2025-12-01;21;501
26;2025-12-01;22;211
26;2025-12-01;23;116
26;2025-12-02;0;33
26;2025-12-02;1;1
26;2025-12-02;2;0
26;2025-12-02;3;0
26;2025-12-02;4;2
26;2025-12-02;5;102
26;2025-12-02;6;478
26;2025-12-02;7;1150
26;2025-12-02;8;2361
26;2025-12-02;9;1565
26;2025-12-02;10;1259
26;2025-12-02;11;1190
26;2025-12-02;12;1220
26;2025-12-02;13;1222
26;2025-12-02;14;1447
26;2025-12-02;15;1452
26;2025-12-02;16;1580
26;2025-12-02;17;1830
26;2025-12-02;18;1965
26;2025-12-02;19;1311
26;2025-12-02;20;804
26;2025-12-02;21;517
26;2025-12-02;22;216
26;2025-12-02;23;136
26;2025-12-03;0;33
26;2025-12-03;1;1
26;2025-12-03;2;0
26;2025-12-03;3;0
26;2025-12-03;4;2
26;2025-12-03;5;102
26;2025-12-03;6;478
26;2025-12-03;7;1150
26;2025-12-03;8;2361
26;2025-12-03;9;1565
26;2025-12-03;10;1259
26;2025-12-03;11;1190
26;2025-12-03;12;1220
26;2025-12-03;13;1222
26;2025-12-03;14;1447
26;2025-12-03;15;1452
26;2025-12-03;16;1580
26;2025-12-03;17;1830
26;2025-12-03;18;1965
26;2025-12-03;19;1311
26;2025-12-03;20;804
26;2025-12-03;21;517
26;2025-12-03;22;216
26;2025-12-03;23;136
26;2025-12-04;0;33
26;2025-12-04;1;1
26;2025-12-04;2;0
26;2025-12-04;3;0
26;2025-12-04;4;2
26;2025-12-04;5;102
26;2025-12-04;6;478
26;2025-12-04;7;1150
26;2025-12-04;8;2361
26;2025-12-04;9;1565
26;2025-12-04;10;1259
26;2025-12-04;11;1190
26;2025-12-04;12;1220
26;2025-12-04;13;1222
26;2025-12-04;14;1447
26;2025-12-04;15;1452
26;2025-12-04;16;1580
26;2025-12-04;17;1830
26;2025-12-04;18;1965
26;2025-12-04;19;1311
26;2025-12-04;20;804
26;2025-12-04;21;517
26;2025-12-04;22;216
26;2025-12-04;23;136
26;2025-12-05;0;30
26;2025-12-05;1;1
26;2025-12-05;2;0
26;2025-12-05;3;0
26;2025-12-05;4;1
26;2025-12-05;5;85
26;2025-12-05;6;487
26;2025-12-05;7;1039
26;2025-12-05;8;2218
26;2025-12-05;9;1391
26;2025-12-05;10;1250
26;2025-12-05;11;1100
26;2025-12-05;12;1118
26;2025-12-05;13;1146
26;2025-12-05;14;1357
26;2025-12-05;15;1367
26;2025-12-05;16;1645
26;2025-12-05;17;1805
26;2025-12-05;18;1311
26;2025-12-05;19;1032
26;2025-12-05;20;657
26;2025-12-05;21;471
26;2025-12-05;22;200
26;2025-12-05;23;158
26;2025-12-06;0;50
26;2025-12-06;1;2
26;2025-12-06;2;0
26;2025-12-06;3;0
26;2025-12-06;4;2
26;2025-12-06;5;53
26;2025-12-06;6;257
26;2025-12-06;7;387
26;2025-12-06;8;635
26;2025-12-06;9;700
26;2025-12-06;10;869
26;2025-12-06;11;1030
26;2025-12-06;12;1129
26;2025-12-06;13;1128
26;2025-12-06;14;1176
26;2025-12-06;15;1042
26;2025-12-06;16;1091
26;2025-12-06;17;1006
26;2025-12-06;18;942
26;2025-12-06;19;804
26;2025-12-06;20;551
26;2025-12-06;21;354
26;2025-12-06;22;215
26;2025-12-06;23;160
26;2025-12-07;0;49
26;2025-12-07;1;3
26;2025-12-07;2;0
26;2025-12-07;3;0
26;2025-12-07;4;2
26;2025-12-07;5;22
26;2025-12-07;6;159
26;2025-12-07;7;268
26;2025-12-07;8;397
26;2025-12-07;9;521
26;2025-12-07;10;594
26;2025-12-07;11;834
26;2025-12-07;12;833
26;2025-12-07;13;882
26;2025-12-07;14;880
26;2025-12-07;15;800
26;2025-12-07;16;756
26;2025-12-07;17;781
26;2025-12-07;18;710
26;2025-12-07;19;521
26;2025-12-07;20;401
26;2025-12-07;21;284
26;2025-12-07;22;166
26;2025-12-07;23;103
26;2025-12-08;0;25
26;2025-12-08;1;2
26;2025-12-08;2;0
26;2025-12-08;3;0
26;2025-12-08;4;1
26;2025-12-08;5;98
26;2025-12-08;6;478
26;2025-12-08;7;1179
26;2025-12-08;8;2362
26;2025-12-08;9;1514
26;2025-12-08;10;1268
26;2025-12-08;11;1076
26;2025-12-08;12;1115
26;2025-12-08;13;1195
26;2025-12-08;14;1349
26;2025-12-08;15;1390
26;2025-12-08;16;1527
26;2025-12-08;17;1816
26;2025-12-08;18;1992
26;2025-12-08;19;1258
26;2025-12-08;20;770
26;2025-12-08;21;501
26;2025-12-08;22;211
26;2025-12-08;23;116
26;2025-12-09;0;33
26;2025-12-09;1;1
26;2025-12-09;2;0
26;2025-12-09;3;0
26;2025-12-09;4;2
26;2025-12-09;5;102
26;2025-12-09;6;478
26;2025-12-09;7;1150
26;2025-12-09;8;2361
26;2025-12-09;9;1565
26;2025-12-09;10;1259
26;2025-12-09;11;1190
26;2025-12-09;12;1220
26;2025-12-09;13;1222
26;2025-12-09;14;1447
26;2025-12-09;15;1452
26;2025-12-09;16;1580
26;2025-12-09;17;1830
26;2025-12-09;18;1965
26;2025-12-09;19;1311
26;2025-12-09;20;804
26;2025-12-09;21;517
26;2025-12-09;22;216
26;2025-12-09;23;136
26;2025-12-10;0;33
26;2025-12-10;1;1
26;2025-12-10;2;0
26;2025-12-10;3;0
26;2025-12-10;4;2
26;2025-12-10;5;102
26;2025-12-10;6;478
26;2025-12-10;7;1150
26;2025-12-10;8;2361
26;2025-12-10;9;1565
26;2025-12-10;10;1259
26;2025-12-10;11;1190
26;2025-12-10;12;1220
26;2025-12-10;13;1222
26;2025-12-10;14;1447
26;2025-12-10;15;1452
26;2025-12-10;16;1580
26;2025-12-10;17;1830
26;2025-12-10;18;1965
26;2025-12-10;19;1311
26;2025-12-10;20;804
26;2025-12-10;21;517
26;2025-12-10;22;216
26;2025-12-10;23;136
26;2025-12-11;0;33
26;2025-12-11;1;1
26;2025-12-11;2;0
26;2025-12-11;3;0
26;2025-12-11;4;2
26;2025-12-11;5;102
26;2025-12-11;6;478
26;2025-12-11;7;1150
26;2025-12-11;8;2361
26;2025-12-11;9;1565
26;2025-12-11;10;1259
26;2025-12-11;11;1190
26;2025-12-11;12;1220
26;2025-12-11;13;1222
26;2025-12-11;14;1447
26;2025-12-11;15;1452
26;2025-12-11;16;1580
26;2025-12-11;17;1830
26;2025-12-11;18;1965
26;2025-12-11;19;1311
26;2025-12-11;20;804
26;2025-12-11;21;517
26;2025-12-11;22;216
26;2025-12-11;23;136
26;2025-12-12;0;30
26;2025-12-12;1;1
26;2025-12-12;2;0
26;2025-12-12;3;0
26;2025-12-12;4;1
26;2025-12-12;5;85
26;2025-12-12;6;487
26;2025-12-12;7;1039
26;2025-12-12;8;2218
26;2025-12-12;9;1391
26;2025-12-12;10;1250
26;2025-12-12;11;1100
26;2025-12-12;12;1118
26;2025-12-12;13;1146
26;2025-12-12;14;1357
26;2025-12-12;15;1367
26;2025-12-12;16;1645
26;2025-12-12;17;1805
26;2025-12-12;18;1311
26;2025-12-12;19;1032
26;2025-12-12;20;657
26;2025-12-12;21;471
26;2025-12-12;22;200
26;2025-12-12;23;158
26;2025-12-13;0;50
26;2025-12-13;1;2
26;2025-12-13;2;0
26;2025-12-13;3;0
26;2025-12-13;4;2
26;2025-12-13;5;53
26;2025-12-13;6;257
26;2025-12-13;7;387
26;2025-12-13;8;635
26;2025-12-13;9;700
26;2025-12-13;10;869
26;2025-12-13;11;1030
26;2025-12-13;12;1129
26;2025-12-13;13;1128
26;2025-12-13;14;1176
26;2025-12-13;15;1042
26;2025-12-13;16;1091
26;2025-12-13;17;1006
26;2025-12-13;18;942
26;2025-12-13;19;804
26;2025-12-13;20;551
26;2025-12-13;21;354
26;2025-12-13;22;215
26;2025-12-13;23;160
26;2025-12-14;0;49
26;2025-12-14;1;3
26;2025-12-14;2;0
26;2025-12-14;3;0
26;2025-12-14;4;2
26;2025-12-14;5;22
26;2025-12-14;6;159
26;2025-12-14;7;268
26;2025-12-14;8;397
26;2025-12-14;9;521
26;2025-12-14;10;594
26;2025-12-14;11;834
26;2025-12-14;12;833
26;2025-12-14;13;882
26;2025-12-14;14;880
26;2025-12-14;15;800
26;2025-12-14;16;756
26;2025-12-14;17;781
26;2025-12-14;18;710
26;2025-12-14;19;521
26;2025-12-14;20;401
26;2025-12-14;21;284
26;2025-12-14;22;166
26;2025-12-14;23;103
26;2025-12-15;0;25
26;2025-12-15;1;2
26;2025-12-15;2;0
26;2025-12-15;3;0
26;2025-12-15;4;1
26;2025-12-15;5;98
26;2025-12-15;6;478
26;2025-12-15;7;1179
26;2025-12-15;8;2362
26;2025-12-15;9;1514
26;2025-12-15;10;1268
26;2025-12-15;11;1076
26;2025-12-15;12;1115
26;2025-12-15;13;1195
26;2025-12-15;14;1349
26;2025-12-15;15;1390
26;2025-12-15;16;1527
26;2025-12-15;17;1816
26;2025-12-15;18;1992
26;2025-12-15;19;1258
26;2025-12-15;20;770
26;2025-12-15;21;501
26;2025-12-15;22;211
26;2025-12-15;23;116
26;2025-12-16;0;33
26;2025-12-16;1;1
26;2025-12-16;2;0
26;2025-12-16;3;0
26;2025-12-16;4;2
26;2025-12-16;5;102
26;2025-12-16;6;478
26;2025-12-16;7;1150
26;2025-12-16;8;2361
26;2025-12-16;9;1565
26;2025-12-16;10;1259
26;2025-12-16;11;1190
26;2025-12-16;12;1220
26;2025-12-16;13;1222
26;2025-12-16;14;1447
26;2025-12-16;15;1452
26;2025-12-16;16;1580
26;2025-12-16;17;1830
26;2025-12-16;18;1965
26;2025-12-16;19;1311
26;2025-12-16;20;804
26;2025-12-16;21;517
26;2025-12-16;22;216
26;2025-12-16;23;136
26;2025-12-17;0;33
26;2025-12-17;1;1
26;2025-12-17;2;0
26;2025-12-17;3;0
26;2025-12-17;4;2
26;2025-12-17;5;102
26;2025-12-17;6;478
26;2025-12-17;7;1150
26;2025-12-17;8;2361
26;2025-12-17;9;1565
26;2025-12-17;10;1259
26;2025-12-17;11;1190
26;2025-12-17;12;1220
26;2025-12-17;13;1222
26;2025-12-17;14;1447
26;2025-12-17;15;1452
26;2025-12-17;16;1580
26;2025-12-17;17;1830
26;2025-12-17;18;1965
26;2025-12-17;19;1311
26;2025-12-17;20;804
26;2025-12-17;21;517
26;2025-12-17;22;216
26;2025-12-17;23;136
26;2025-12-18;0;33
26;2025-12-18;1;1
26;2025-12-18;2;0
26;2025-12-18;3;0
26;2025-12-18;4;2
26;2025-12-18;5;102
26;2025-12-18;6;478
26;2025-12-18;7;1150
26;2025-12-18;8;2361
26;2025-12-18;9;1565
26;2025-12-18;10;1259
26;2025-12-18;11;1190
26;2025-12-18;12;1220
26;2025-12-18;13;1222
26;2025-12-18;14;1447
26;2025-12-18;15;1452
26;2025-12-18;16;1580
26;2025-12-18;17;1830
26;2025-12-18;18;1965
26;2025-12-18;19;1311
26;2025-12-18;20;804
26;2025-12-18;21;517
26;2025-12-18;22;216
26;2025-12-18;23;136
26;2025-12-19;0;30
26;2025-12-19;1;1
26;2025-12-19;2;0
26;2025-12-19;3;0
26;2025-12-19;4;1
26;2025-12-19;5;85
26;2025-12-19;6;487
26;2025-12-19;7;1039
26;2025-12-19;8;2218
26;2025-12-19;9;1391
26;2025-12-19;10;1250
26;2025-12-19;11;1100
26;2025-12-19;12;1118
26;2025-12-19;13;1146
26;2025-12-19;14;1357
26;2025-12-19;15;1367
26;2025-12-19;16;1645
26;2025-12-19;17;1805
26;2025-12-19;18;1311
26;2025-12-19;19;1032
26;2025-12-19;20;657
26;2025-12-19;21;471
26;2025-12-19;22;200
26;2025-12-19;23;158
26;2025-12-20;0;50
26;2025-12-20;1;2
26;2025-12-20;2;0
26;2025-12-20;3;0
26;2025-12-20;4;2
26;2025-12-20;5;53
26;2025-12-20;6;257
26;2025-12-20;7;387
26;2025-12-20;8;635
26;2025-12-20;9;700
26;2025-12-20;10;869
26;2025-12-20;11;1030
26;2025-12-20;12;1129
26;2025-12-20;13;1128
26;2025-12-20;14;1176
26;2025-12-20;15;1042
26;2025-12-20;16;1091
26;2025-12-20;17;1006
26;2025-12-20;18;942
26;2025-12-20;19;804
26;2025-12-20;20;551
26;2025-12-20;21;354
26;2025-12-20;22;215
26;2025-12-20;23;160
26;2025-12-21;0;49
26;2025-12-21;1;3
26;2025-12-21;2;0
26;2025-12-21;3;0
26;2025-12-21;4;2
26;2025-12-21;5;22
26;2025-12-21;6;159
26;2025-12-21;7;268
26;2025-12-21;8;397
26;2025-12-21;9;521
26;2025-12-21;10;594
26;2025-12-21;11;834
26;2025-12-21;12;833
26;2025-12-21;13;882
26;2025-12-21;14;880
26;2025-12-21;15;800
26;2025-12-21;16;756
26;2025-12-21;17;781
26;2025-12-21;18;710
26;2025-12-21;19;521
26;2025-12-21;20;401
26;2025-12-21;21;284
26;2025-12-21;22;166
26;2025-12-21;23;103
26;2025-12-22;0;25
26;2025-12-22;1;2
26;2025-12-22;2;0
26;2025-12-22;3;0
26;2025-12-22;4;1
26;2025-12-22;5;98
26;2025-12-22;6;478
26;2025-12-22;7;1179
26;2025-12-22;8;2362
26;2025-12-22;9;1514
26;2025-12-22;10;1268
26;2025-12-22;11;1076
26;2025-12-22;12;1115
26;2025-12-22;13;1195
26;2025-12-22;14;1349
26;2025-12-22;15;1390
26;2025-12-22;16;1527
26;2025-12-22;17;1816
26;2025-12-22;18;1992
26;2025-12-22;19;1258
26;2025-12-22;20;770
26;2025-12-22;21;501
26;2025-12-22;22;211
26;2025-12-22;23;116
26;2025-12-23;0;33
26;2025-12-23;1;1
26;2025-12-23;2;0
26;2025-12-23;3;0
26;2025-12-23;4;2
26;2025-12-23;5;102
26;2025-12-23;6;478
26;2025-12-23;7;1150
26;2025-12-23;8;2361
26;2025-12-23;9;1565
26;2025-12-23;10;1259
26;2025-12-23;11;1190
26;2025-12-23;12;1220
26;2025-12-23;13;1222
26;2025-12-23;14;1447
26;2025-12-23;15;1452
26;2025-12-23;16;1580
26;2025-12-23;17;1830
26;2025-12-23;18;1965
26;2025-12-23;19;1311
26;2025-12-23;20;804
26;2025-12-23;21;517
26;2025-12-23;22;216
26;2025-12-23;23;136
26;2025-12-24;0;33
26;2025-12-24;1;1
26;2025-12-24;2;0
26;2025-12-24;3;0
26;2025-12-24;4;2
26;2025-12-24;5;102
26;2025-12-24;6;478
26;2025-12-24;7;1150
26;2025-12-24;8;2361
26;2025-12-24;9;1565
26;2025-12-24;10;1259
26;2025-12-24;11;1190
26;2025-12-24;12;1220
26;2025-12-24;13;1222
26;2025-12-24;14;1447
26;2025-12-24;15;1452
26;2025-12-24;16;1580
26;2025-12-24;17;1830
26;2025-12-24;18;1965
26;2025-12-24;19;1311
26;2025-12-24;20;804
26;2025-12-24;21;517
26;2025-12-24;22;216
26;2025-12-24;23;136
26;2025-12-25;0;33
26;2025-12-25;1;1
26;2025-12-25;2;0
26;2025-12-25;3;0
26;2025-12-25;4;2
26;2025-12-25;5;102
26;2025-12-25;6;478
26;2025-12-25;7;1150
26;2025-12-25;8;2361
26;2025-12-25;9;1565
26;2025-12-25;10;1259
26;2025-12-25;11;1190
26;2025-12-25;12;1220
26;2025-12-25;13;1222
26;2025-12-25;14;1447
26;2025-12-25;15;1452
26;2025-12-25;16;1580
26;2025-12-25;17;1830
26;2025-12-25;18;1965
26;2025-12-25;19;1311
26;2025-12-25;20;804
26;2025-12-25;21;517
26;2025-12-25;22;216
26;2025-12-25;23;136
26;2025-12-26;0;30
26;2025-12-26;1;1
26;2025-12-26;2;0
26;2025-12-26;3;0
26;2025-12-26;4;1
26;2025-12-26;5;85
26;2025-12-26;6;487
26;2025-12-26;7;1039
26;2025-12-26;8;2218
26;2025-12-26;9;1391
26;2025-12-26;10;1250
26;2025-12-26;11;1100
26;2025-12-26;12;1118
26;2025-12-26;13;1146
26;2025-12-26;14;1357
26;2025-12-26;15;1367
26;2025-12-26;16;1645
26;2025-12-26;17;1805
26;2025-12-26;18;1311
26;2025-12-26;19;1032
26;2025-12-26;20;657
26;2025-12-26;21;471
26;2025-12-26;22;200
26;2025-12-26;23;158
26;2025-12-27;0;50
26;2025-12-27;1;2
26;2025-12-27;2;0
26;2025-12-27;3;0
26;2025-12-27;4;2
26;2025-12-27;5;53
26;2025-12-27;6;257
26;2025-12-27;7;387
26;2025-12-27;8;635
26;2025-12-27;9;700
26;2025-12-27;10;869
26;2025-12-27;11;1030
26;2025-12-27;12;1129
26;2025-12-27;13;1128
26;2025-12-27;14;1176
26;2025-12-27;15;1042
26;2025-12-27;16;1091
26;2025-12-27;17;1006
26;2025-12-27;18;942
26;2025-12-27;19;804
26;2025-12-27;20;551
26;2025-12-27;21;354
26;2025-12-27;22;215
26;2025-12-27;23;160
26;2025-12-28;0;49
26;2025-12-28;1;3
26;2025-12-28;2;0
26;2025-12-28;3;0
26;2025-12-28;4;2
26;2025-12-28;5;22
26;2025-12-28;6;159
26;2025-12-28;7;268
26;2025-12-28;8;397
26;2025-12-28;9;521
26;2025-12-28;10;594
26;2025-12-28;11;834
26;2025-12-28;12;833
26;2025-12-28;13;882
26;2025-12-28;14;880
26;2025-12-28;15;800
26;2025-12-28;16;756
26;2025-12-28;17;781
26;2025-12-28;18;710
26;2025-12-28;19;521
26;2025-12-28;20;401
26;2025-12-28;21;284
26;2025-12-28;22;166
26;2025-12-28;23;103
26;2025-12-29;0;21
26;2025-12-29;1;2
26;2025-12-29;2;0
26;2025-12-29;3;0
26;2025-12-29;4;1
26;2025-12-29;5;84
26;2025-12-29;6;407
26;2025-12-29;7;1002
26;2025-12-29;8;2007
26;2025-12-29;9;1287
26;2025-12-29;10;1077
26;2025-12-29;11;915
26;2025-12-29;12;948
26;2025-12-29;13;1016
26;2025-12-29;14;1147
26;2025-12-29;15;1182
26;2025-12-29;16;1298
26;2025-12-29;17;1544
26;2025-12-29;18;1693
26;2025-12-29;19;1069
26;2025-12-29;20;655
26;2025-12-29;21;426
26;2025-12-29;22;180
26;2025-12-29;23;99
26;2025-12-30;0;28
26;2025-12-30;1;0
26;2025-12-30;2;0
26;2025-12-30;3;0
26;2025-12-30;4;2
26;2025-12-30;5;87
26;2025-12-30;6;407
26;2025-12-30;7;978
26;2025-12-30;8;2006
26;2025-12-30;9;1330
26;2025-12-30;10;1070
26;2025-12-30;11;1011
26;2025-12-30;12;1037
26;2025-12-30;13;1039
26;2025-12-30;14;1230
26;2025-12-30;15;1235
26;2025-12-30;16;1343
26;2025-12-30;17;1555
26;2025-12-30;18;1670
26;2025-12-30;19;1115
26;2025-12-30;20;683
26;2025-12-30;21;439
26;2025-12-30;22;183
26;2025-12-30;23;115
26;2025-12-31;0;42
26;2025-12-31;1;3
26;2025-12-31;2;0
26;2025-12-31;3;0
26;2025-12-31;4;1
26;2025-12-31;5;19
26;2025-12-31;6;136
26;2025-12-31;7;228
26;2025-12-31;8;337
26;2025-12-31;9;443
26;2025-12-31;10;505
26;2025-12-31;11;709
26;2025-12-31;12;708
26;2025-12-31;13;750
26;2025-12-31;14;748
26;2025-12-31;15;680
26;2025-12-31;16;643
26;2025-12-31;17;664
26;2025-12-31;18;604
26;2025-12-31;19;443
26;2025-12-31;20;341
26;2025-12-31;21;241
26;2025-12-31;22;141
26;2025-12-31;23;87
28;2025-11-01;0;0
28;2025-11-01;1;0
28;2025-11-01;2;0
28;2025-11-01;3;0
28;2025-11-01;4;1
28;2025-11-01;5;66
28;2025-11-01;6;234
28;2025-11-01;7;711
28;2025-11-01;8;1120
28;2025-11-01;9;715
28;2025-11-01;10;506
28;2025-11-01;11;483
28;2025-11-01;12;684
28;2025-11-01;13;606
28;2025-11-01;14;585
28;2025-11-01;15;612
28;2025-11-01;16;786
28;2025-11-01;17;811
28;2025-11-01;18;725
28;2025-11-01;19;526
28;2025-11-01;20;355
28;2025-11-01;21;288
28;2025-11-01;22;93
28;2025-11-01;23;17
28;2025-11-02;0;0
28;2025-11-02;1;0
28;2025-11-02;2;0
28;2025-11-02;3;0
28;2025-11-02;4;0
28;2025-11-02;5;31
28;2025-11-02;6;76
28;2025-11-02;7;172
28;2025-11-02;8;273
28;2025-11-02;9;370
28;2025-11-02;10;413
28;2025-11-02;11;454
28;2025-11-02;12;471
28;2025-11-02;13;574
28;2025-11-02;14;560
28;2025-11-02;15;538
28;2025-11-02;16;475
28;2025-11-02;17;490
28;2025-11-02;18;456
28;2025-11-02;19;384
28;2025-11-02;20;314
28;2025-11-02;21;252
28;2025-11-02;22;111
28;2025-11-02;23;11
28;2025-11-03;0;0
28;2025-11-03;1;0
28;2025-11-03;2;0
28;2025-11-03;3;0
28;2025-11-03;4;0
28;2025-11-03;5;31
28;2025-11-03;6;76
28;2025-11-03;7;172
28;2025-11-03;8;273
28;2025-11-03;9;370
28;2025-11-03;10;413
28;2025-11-03;11;454
28;2025-11-03;12;471
28;2025-11-03;13;574
28;2025-11-03;14;560
28;2025-11-03;15;538
28;2025-11-03;16;475
28;2025-11-03;17;490
28;2025-11-03;18;456
28;2025-11-03;19;384
28;2025-11-03;20;314
28;2025-11-03;21;252
28;2025-11-03;22;111
28;2025-11-03;23;11
28;2025-11-04;0;0
28;2025-11-04;1;0
28;2025-11-04;2;0
28;2025-11-04;3;0
28;2025-11-04;4;0
28;2025-11-04;5;31
28;2025-11-04;6;76
28;2025-11-04;7;172
28;2025-11-04;8;273
28;2025-11-04;9;370
28;2025-11-04;10;413
28;2025-11-04;11;454
28;2025-11-04;12;471
28;2025-11-04;13;574
28;2025-11-04;14;560
28;2025-11-04;15;538
28;2025-11-04;16;475
28;2025-11-04;17;490
28;2025-11-04;18;456
28;2025-11-04;19;384
28;2025-11-04;20;314
28;2025-11-04;21;252
28;2025-11-04;22;111
28;2025-11-04;23;11
28;2025-11-05;0;0
28;2025-11-05;1;0
28;2025-11-05;2;0
28;2025-11-05;3;0
28;2025-11-05;4;1
28;2025-11-05;5;78
28;2025-11-05;6;254
28;2025-11-05;7;805
28;2025-11-05;8;1292
28;2025-11-05;9;861
28;2025-11-05;10;606
28;2025-11-05;11;570
28;2025-11-05;12;688
28;2025-11-05;13;694
28;2025-11-05;14;694
28;2025-11-05;15;732
28;2025-11-05;16;908
28;2025-11-05;17;1080
28;2025-11-05;18;1049
28;2025-11-05;19;821
28;2025-11-05;20;553
28;2025-11-05;21;347
28;2025-11-05;22;116
28;2025-11-05;23;10
28;2025-11-06;0;0
28;2025-11-06;1;0
28;2025-11-06;2;0
28;2025-11-06;3;0
28;2025-11-06;4;1
28;2025-11-06;5;78
28;2025-11-06;6;254
28;2025-11-06;7;805
28;2025-11-06;8;1292
28;2025-11-06;9;861
28;2025-11-06;10;606
28;2025-11-06;11;570
28;2025-11-06;12;688
28;2025-11-06;13;694
28;2025-11-06;14;694
28;2025-11-06;15;732
28;2025-11-06;16;908
28;2025-11-06;17;1080
28;2025-11-06;18;1049
28;2025-11-06;19;821
28;2025-11-06;20;553
28;2025-11-06;21;347
28;2025-11-06;22;116
28;2025-11-06;23;10
28;2025-11-07;0;0
28;2025-11-07;1;0
28;2025-11-07;2;0
28;2025-11-07;3;0
28;2025-11-07;4;2
28;2025-11-07;5;82
28;2025-11-07;6;290
28;2025-11-07;7;881
28;2025-11-07;8;1388
28;2025-11-07;9;886
28;2025-11-07;10;628
28;2025-11-07;11;599
28;2025-11-07;12;848
28;2025-11-07;13;751
28;2025-11-07;14;725
28;2025-11-07;15;758
28;2025-11-07;16;975
28;2025-11-07;17;1005
28;2025-11-07;18;898
28;2025-11-07;19;652
28;2025-11-07;20;440
28;2025-11-07;21;357
28;2025-11-07;22;116
28;2025-11-07;23;21
28;2025-11-08;0;1
28;2025-11-08;1;0
28;2025-11-08;2;0
28;2025-11-08;3;0
28;2025-11-08;4;1
28;2025-11-08;5;39
28;2025-11-08;6;112
28;2025-11-08;7;240
28;2025-11-08;8;427
28;2025-11-08;9;485
28;2025-11-08;10;517
28;2025-11-08;11;519
28;2025-11-08;12;610
28;2025-11-08;13;629
28;2025-11-08;14;581
28;2025-11-08;15;606
28;2025-11-08;16;624
28;2025-11-08;17;591
28;2025-11-08;18;523
28;2025-11-08;19;388
28;2025-11-08;20;284
28;2025-11-08;21;254
28;2025-11-08;22;109
28;2025-11-08;23;12
28;2025-11-09;0;0
28;2025-11-09;1;0
28;2025-11-09;2;0
28;2025-11-09;3;0
28;2025-11-09;4;0
28;2025-11-09;5;31
28;2025-11-09;6;76
28;2025-11-09;7;172
28;2025-11-09;8;273
28;2025-11-09;9;370
28;2025-11-09;10;413
28;2025-11-09;11;454
28;2025-11-09;12;471
28;2025-11-09;13;574
28;2025-11-09;14;560
28;2025-11-09;15;538
28;2025-11-09;16;475
28;2025-11-09;17;490
28;2025-11-09;18;456
28;2025-11-09;19;384
28;2025-11-09;20;314
28;2025-11-09;21;252
28;2025-11-09;22;111
28;2025-11-09;23;11
28;2025-11-10;0;0
28;2025-11-10;1;0
28;2025-11-10;2;0
28;2025-11-10;3;0
28;2025-11-10;4;2
28;2025-11-10;5;73
28;2025-11-10;6;278
28;2025-11-10;7;764
28;2025-11-10;8;1309
28;2025-11-10;9;847
28;2025-11-10;10;663
28;2025-11-10;11;551
28;2025-11-10;12;704
28;2025-11-10;13;700
28;2025-11-10;14;637
28;2025-11-10;15;637
28;2025-11-10;16;899
28;2025-11-10;17;1017
28;2025-11-10;18;975
28;2025-11-10;19;734
28;2025-11-10;20;470
28;2025-11-10;21;307
28;2025-11-10;22;107
28;2025-11-10;23;3
28;2025-11-11;0;0
28;2025-11-11;1;0
28;2025-11-11;2;0
28;2025-11-11;3;0
28;2025-11-11;4;1
28;2025-11-11;5;78
28;2025-11-11;6;254
28;2025-11-11;7;805
28;2025-11-11;8;1292
28;2025-11-11;9;861
28;2025-11-11;10;606
28;2025-11-11;11;570
28;2025-11-11;12;688
28;2025-11-11;13;694
28;2025-11-11;14;694
28;2025-11-11;15;732
28;2025-11-11;16;908
28;2025-11-11;17;1080
28;2025-11-11;18;1049
28;2025-11-11;19;821
28;2025-11-11;20;553
28;2025-11-11;21;347
28;2025-11-11;22;116
28;2025-11-11;23;10
28;2025-11-12;0;0
28;2025-11-12;1;0
28;2025-11-12;2;0
28;2025-11-12;3;0
28;2025-11-12;4;1
28;2025-11-12;5;78
28;2025-11-12;6;254
28;2025-11-12;7;805
28;2025-11-12;8;1292
28;2025-11-12;9;861
28;2025-11-12;10;606
28;2025-11-12;11;570
28;2025-11-12;12;688
28;2025-11-12;13;694
28;2025-11-12;14;694
28;2025-11-12;15;732
28;2025-11-12;16;908
28;2025-11-12;17;1080
28;2025-11-12;18;1049
28;2025-11-12;19;821
28;2025-11-12;20;553
28;2025-11-12;21;347
28;2025-11-12;22;116
28;2025-11-12;23;10
28;2025-11-13;0;0
28;2025-11-13;1;0
28;2025-11-13;2;0
28;2025-11-13;3;0
28;2025-11-13;4;1
28;2025-11-13;5;78
28;2025-11-13;6;254
28;2025-11-13;7;805
28;2025-11-13;8;1292
28;2025-11-13;9;861
28;2025-11-13;10;606
28;2025-11-13;11;570
28;2025-11-13;12;688
28;2025-11-13;13;694
28;2025-11-13;14;694
28;2025-11-13;15;732
28;2025-11-13;16;908
28;2025-11-13;17;1080
28;2025-11-13;18;1049
28;2025-11-13;19;821
28;2025-11-13;20;553
28;2025-11-13;21;347
28;2025-11-13;22;116
28;2025-11-13;23;10
28;2025-11-14;0;0
28;2025-11-14;1;0
28;2025-11-14;2;0
28;2025-11-14;3;0
28;2025-11-14;4;2
28;2025-11-14;5;82
28;2025-11-14;6;290
28;2025-11-14;7;881
28;2025-11-14;8;1388
28;2025-11-14;9;886
28;2025-11-14;10;628
28;2025-11-14;11;599
28;2025-11-14;12;848
28;2025-11-14;13;751
28;2025-11-14;14;725
28;2025-11-14;15;758
28;2025-11-14;16;975
28;2025-11-14;17;1005
28;2025-11-14;18;898
28;2025-11-14;19;652
28;2025-11-14;20;440
28;2025-11-14;21;357
28;2025-11-14;22;116
28;2025-11-14;23;21
28;2025-11-15;0;1
28;2025-11-15;1;0
28;2025-11-15;2;0
28;2025-11-15;3;0
28;2025-11-15;4;1
28;2025-11-15;5;39
28;2025-11-15;6;112
28;2025-11-15;7;240
28;2025-11-15;8;427
28;2025-11-15;9;485
28;2025-11-15;10;517
28;2025-11-15;11;519
28;2025-11-15;12;610
28;2025-11-15;13;629
28;2025-11-15;14;581
28;2025-11-15;15;606
28;2025-11-15;16;624
28;2025-11-15;17;591
28;2025-11-15;18;523
28;2025-11-15;19;388
28;2025-11-15;20;284
28;2025-11-15;21;254
28;2025-11-15;22;109
28;2025-11-15;23;12
28;2025-11-16;0;0
28;2025-11-16;1;0
28;2025-11-16;2;0
28;2025-11-16;3;0
28;2025-11-16;4;0
28;2025-11-16;5;31
28;2025-11-16;6;76
28;2025-11-16;7;172
28;2025-11-16;8;273
28;2025-11-16;9;370
28;2025-11-16;10;413
28;2025-11-16;11;454
28;2025-11-16;12;471
28;2025-11-16;13;574
28;2025-11-16;14;560
28;2025-11-16;15;538
28;2025-11-16;16;475
28;2025-11-16;17;490
28;2025-11-16;18;456
28;2025-11-16;19;384
28;2025-11-16;20;314
28;2025-11-16;21;252
28;2025-11-16;22;111
28;2025-11-16;23;11
28;2025-11-17;0;0
28;2025-11-17;1;0
28;2025-11-17;2;0
28;2025-11-17;3;0
28;2025-11-17;4;2
28;2025-11-17;5;73
28;2025-11-17;6;278
28;2025-11-17;7;764
28;2025-11-17;8;1309
28;2025-11-17;9;847
28;2025-11-17;10;663
28;2025-11-17;11;551
28;2025-11-17;12;704
28;2025-11-17;13;700
28;2025-11-17;14;637
28;2025-11-17;15;637
28;2025-11-17;16;899
28;2025-11-17;17;1017
28;2025-11-17;18;975
28;2025-11-17;19;734
28;2025-11-17;20;470
28;2025-11-17;21;307
28;2025-11-17;22;107
28;2025-11-17;23;3
28;2025-11-18;0;0
28;2025-11-18;1;0
28;2025-11-18;2;0
28;2025-11-18;3;0
28;2025-11-18;4;1
28;2025-11-18;5;78
28;2025-11-18;6;254
28;2025-11-18;7;805
28;2025-11-18;8;1292
28;2025-11-18;9;861
28;2025-11-18;10;606
28;2025-11-18;11;570
28;2025-11-18;12;688
28;2025-11-18;13;694
28;2025-11-18;14;694
28;2025-11-18;15;732
28;2025-11-18;16;908
28;2025-11-18;17;1080
28;2025-11-18;18;1049
28;2025-11-18;19;821
28;2025-11-18;20;553
28;2025-11-18;21;347
28;2025-11-18;22;116
28;2025-11-18;23;10
28;2025-11-19;0;0
28;2025-11-19;1;0
28;2025-11-19;2;0
28;2025-11-19;3;0
28;2025-11-19;4;1
28;2025-11-19;5;78
28;2025-11-19;6;254
28;2025-11-19;7;805
28;2025-11-19;8;1292
28;2025-11-19;9;861
28;2025-11-19;10;606
28;2025-11-19;11;570
28;2025-11-19;12;688
28;2025-11-19;13;694
28;2025-11-19;14;694
28;2025-11-19;15;732
28;2025-11-19;16;908
28;2025-11-19;17;1080
28;2025-11-19;18;1049
28;2025-11-19;19;821
28;2025-11-19;20;553
28;2025-11-19;21;347
28;2025-11-19;22;116
28;2025-11-19;23;10
28;2025-11-20;0;0
28;2025-11-20;1;0
28;2025-11-20;2;0
28;2025-11-20;3;0
28;2025-11-20;4;1
28;2025-11-20;5;78
28;2025-11-20;6;254
28;2025-11-20;7;805
28;2025-11-20;8;1292
28;2025-11-20;9;861
28;2025-11-20;10;606
28;2025-11-20;11;570
28;2025-11-20;12;688
28;2025-11-20;13;694
28;2025-11-20;14;694
28;2025-11-20;15;732
28;2025-11-20;16;908
28;2025-11-20;17;1080
28;2025-11-20;18;1049
28;2025-11-20;19;821
28;2025-11-20;20;553
28;2025-11-20;21;347
28;2025-11-20;22;116
28;2025-11-20;23;10
28;2025-11-21;0;0
28;2025-11-21;1;0
28;2025-11-21;2;0
28;2025-11-21;3;0
28;2025-11-21;4;2
28;2025-11-21;5;82
28;2025-11-21;6;290
28;2025-11-21;7;881
28;2025-11-21;8;1388
28;2025-11-21;9;886
28;2025-11-21;10;628
28;2025-11-21;11;599
28;2025-11-21;12;848
28;2025-11-21;13;751
28;2025-11-21;14;725
28;2025-11-21;15;758
28;2025-11-21;16;975
28;2025-11-21;17;1005
28;2025-11-21;18;898
28;2025-11-21;19;652
28;2025-11-21;20;440
28;2025-11-21;21;357
28;2025-11-21;22;116
28;2025-11-21;23;21
28;2025-11-22;0;1
28;2025-11-22;1;0
28;2025-11-22;2;0
28;2025-11-22;3;0
28;2025-11-22;4;1
28;2025-11-22;5;39
28;2025-11-22;6;112
28;2025-11-22;7;240
28;2025-11-22;8;427
28;2025-11-22;9;485
28;2025-11-22;10;517
28;2025-11-22;11;519
28;2025-11-22;12;610
28;2025-11-22;13;629
28;2025-11-22;14;581
28;2025-11-22;15;606
28;2025-11-22;16;624
28;2025-11-22;17;591
28;2025-11-22;18;523
28;2025-11-22;19;388
28;2025-11-22;20;284
28;2025-11-22;21;254
28;2025-11-22;22;109
28;2025-11-22;23;12
28;2025-11-23;0;0
28;2025-11-23;1;0
28;2025-11-23;2;0
28;2025-11-23;3;0
28;2025-11-23;4;0
28;2025-11-23;5;31
28;2025-11-23;6;76
28;2025-11-23;7;172
28;2025-11-23;8;273
28;2025-11-23;9;370
28;2025-11-23;10;413
28;2025-11-23;11;454
28;2025-11-23;12;471
28;2025-11-23;13;574
28;2025-11-23;14;560
28;2025-11-23;15;538
28;2025-11-23;16;475
28;2025-11-23;17;490
28;2025-11-23;18;456
28;2025-11-23;19;384
28;2025-11-23;20;314
28;2025-11-23;21;252
28;2025-11-23;22;111
28;2025-11-23;23;11
28;2025-11-24;0;0
28;2025-11-24;1;0
28;2025-11-24;2;0
28;2025-11-24;3;0
28;2025-11-24;4;2
28;2025-11-24;5;73
28;2025-11-24;6;278
28;2025-11-24;7;764
28;2025-11-24;8;1309
28;2025-11-24;9;847
28;2025-11-24;10;663
28;2025-11-24;11;551
28;2025-11-24;12;704
28;2025-11-24;13;700
28;2025-11-24;14;637
28;2025-11-24;15;637
28;2025-11-24;16;899
28;2025-11-24;17;1017
28;2025-11-24;18;975
28;2025-11-24;19;734
28;2025-11-24;20;470
28;2025-11-24;21;307
28;2025-11-24;22;107
28;2025-11-24;23;3
28;2025-11-25;0;0
28;2025-11-25;1;0
28;2025-11-25;2;0
28;2025-11-25;3;0
28;2025-11-25;4;1
28;2025-11-25;5;78
28;2025-11-25;6;254
28;2025-11-25;7;805
28;2025-11-25;8;1292
28;2025-11-25;9;861
28;2025-11-25;10;606
28;2025-11-25;11;570
28;2025-11-25;12;688
28;2025-11-25;13;694
28;2025-11-25;14;694
28;2025-11-25;15;732
28;2025-11-25;16;908
28;2025-11-25;17;1080
28;2025-11-25;18;1049
28;2025-11-25;19;821
28;2025-11-25;20;553
28;2025-11-25;21;347
28;2025-11-25;22;116
28;2025-11-25;23;10
28;2025-11-26;0;0
28;2025-11-26;1;0
28;2025-11-26;2;0
28;2025-11-26;3;0
28;2025-11-26;4;1
28;2025-11-26;5;78
28;2025-11-26;6;254
28;2025-11-26;7;805
28;2025-11-26;8;1292
28;2025-11-26;9;861
28;2025-11-26;10;606
28;2025-11-26;11;570
28;2025-11-26;12;688
28;2025-11-26;13;694
28;2025-11-26;14;694
28;2025-11-26;15;732
28;2025-11-26;16;908
28;2025-11-26;17;1080
28;2025-11-26;18;1049
28;2025-11-26;19;821
28;2025-11-26;20;553
28;2025-11-26;21;347
28;2025-11-26;22;116
28;2025-11-26;23;10
28;2025-11-27;0;0
28;2025-11-27;1;0
28;2025-11-27;2;0
28;2025-11-27;3;0
28;2025-11-27;4;1
28;2025-11-27;5;78
28;2025-11-27;6;254
28;2025-11-27;7;805
28;2025-11-27;8;1292
28;2025-11-27;9;861
28;2025-11-27;10;606
28;2025-11-27;11;570
28;2025-11-27;12;688
28;2025-11-27;13;694
28;2025-11-27;14;694
28;2025-11-27;15;732
28;2025-11-27;16;908
28;2025-11-27;17;1080
28;2025-11-27;18;1049
28;2025-11-27;19;821
28;2025-11-27;20;553
28;2025-11-27;21;347
28;2025-11-27;22;116
28;2025-11-27;23;10
28;2025-11-28;0;0
28;2025-11-28;1;0
28;2025-11-28;2;0
28;2025-11-28;3;0
28;2025-11-28;4;2
28;2025-11-28;5;82
28;2025-11-28;6;290
28;2025-11-28;7;881
28;2025-11-28;8;1388
28;2025-11-28;9;886
28;2025-11-28;10;628
28;2025-11-28;11;599
28;2025-11-28;12;848
28;2025-11-28;13;751
28;2025-11-28;14;725
28;2025-11-28;15;758
28;2025-11-28;16;975
28;2025-11-28;17;1005
28;2025-11-28;18;898
28;2025-11-28;19;652
28;2025-11-28;20;440
28;2025-11-28;21;357
28;2025-11-28;22;116
28;2025-11-28;23;21
28;2025-11-29;0;1
28;2025-11-29;1;0
28;2025-11-29;2;0
28;2025-11-29;3;0
28;2025-11-29;4;1
28;2025-11-29;5;39
28;2025-11-29;6;112
28;2025-11-29;7;240
28;2025-11-29;8;427
28;2025-11-29;9;485
28;2025-11-29;10;517
28;2025-11-29;11;519
28;2025-11-29;12;610
28;2025-11-29;13;629
28;2025-11-29;14;581
28;2025-11-29;15;606
28;2025-11-29;16;624
28;2025-11-29;17;591
28;2025-11-29;18;523
28;2025-11-29;19;388
28;2025-11-29;20;284
28;2025-11-29;21;254
28;2025-11-29;22;109
28;2025-11-29;23;12
28;2025-11-30;0;0
28;2025-11-30;1;0
28;2025-11-30;2;0
28;2025-11-30;3;0
28;2025-11-30;4;0
28;2025-11-30;5;31
28;2025-11-30;6;76
28;2025-11-30;7;172
28;2025-11-30;8;273
28;2025-11-30;9;370
28;2025-11-30;10;413
28;2025-11-30;11;454
28;2025-11-30;12;471
28;2025-11-30;13;574
28;2025-11-30;14;560
28;2025-11-30;15;538
28;2025-11-30;16;475
28;2025-11-30;17;490
28;2025-11-30;18;456
28;2025-11-30;19;384
28;2025-11-30;20;314
28;2025-11-30;21;252
28;2025-11-30;22;111
28;2025-11-30;23;11
28;2025-12-01;0;0
28;2025-12-01;1;0
28;2025-12-01;2;0
28;2025-12-01;3;0
28;2025-12-01;4;2
28;2025-12-01;5;76
28;2025-12-01;6;286
28;2025-12-01;7;785
28;2025-12-01;8;1345
28;2025-12-01;9;870
28;2025-12-01;10;681
28;2025-12-01;11;566
28;2025-12-01;12;724
28;2025-12-01;13;719
28;2025-12-01;14;655
28;2025-12-01;15;654
28;2025-12-01;16;924
28;2025-12-01;17;1045
28;2025-12-01;18;1002
28;2025-12-01;19;754
28;2025-12-01;20;483
28;2025-12-01;21;315
28;2025-12-01;22;110
28;2025-12-01;23;3
28;2025-12-02;0;0
28;2025-12-02;1;0
28;2025-12-02;2;0
28;2025-12-02;3;0
28;2025-12-02;4;1
28;2025-12-02;5;80
28;2025-12-02;6;261
28;2025-12-02;7;827
28;2025-12-02;8;1328
28;2025-12-02;9;885
28;2025-12-02;10;623
28;2025-12-02;11;585
28;2025-12-02;12;707
28;2025-12-02;13;713
28;2025-12-02;14;713
28;2025-12-02;15;752
28;2025-12-02;16;933
28;2025-12-02;17;1110
28;2025-12-02;18;1078
28;2025-12-02;19;844
28;2025-12-02;20;568
28;2025-12-02;21;356
28;2025-12-02;22;120
28;2025-12-02;23;11
28;2025-12-03;0;0
28;2025-12-03;1;0
28;2025-12-03;2;0
28;2025-12-03;3;0
28;2025-12-03;4;1
28;2025-12-03;5;80
28;2025-12-03;6;261
28;2025-12-03;7;827
28;2025-12-03;8;1328
28;2025-12-03;9;885
28;2025-12-03;10;623
28;2025-12-03;11;585
28;2025-12-03;12;707
28;2025-12-03;13;713
28;2025-12-03;14;713
28;2025-12-03;15;752
28;2025-12-03;16;933
28;2025-12-03;17;1110
28;2025-12-03;18;1078
28;2025-12-03;19;844
28;2025-12-03;20;568
28;2025-12-03;21;356
28;2025-12-03;22;120
28;2025-12-03;23;11
28;2025-12-04;0;0
28;2025-12-04;1;0
28;2025-12-04;2;0
28;2025-12-04;3;0
28;2025-12-04;4;1
28;2025-12-04;5;80
28;2025-12-04;6;261
28;2025-12-04;7;827
28;2025-12-04;8;1328
28;2025-12-04;9;885
28;2025-12-04;10;623
28;2025-12-04;11;585
28;2025-12-04;12;707
28;2025-12-04;13;713
28;2025-12-04;14;713
28;2025-12-04;15;752
28;2025-12-04;16;933
28;2025-12-04;17;1110
28;2025-12-04;18;1078
28;2025-12-04;19;844
28;2025-12-04;20;568
28;2025-12-04;21;356
28;2025-12-04;22;120
28;2025-12-04;23;11
28;2025-12-05;0;0
28;2025-12-05;1;0
28;2025-12-05;2;0
28;2025-12-05;3;0
28;2025-12-05;4;2
28;2025-12-05;5;85
28;2025-12-05;6;298
28;2025-12-05;7;905
28;2025-12-05;8;1426
28;2025-12-05;9;910
28;2025-12-05;10;645
28;2025-12-05;11;615
28;2025-12-05;12;871
28;2025-12-05;13;772
28;2025-12-05;14;744
28;2025-12-05;15;779
28;2025-12-05;16;1001
28;2025-12-05;17;1033
28;2025-12-05;18;923
28;2025-12-05;19;670
28;2025-12-05;20;452
28;2025-12-05;21;367
28;2025-12-05;22;119
28;2025-12-05;23;21
28;2025-12-06;0;1
28;2025-12-06;1;0
28;2025-12-06;2;0
28;2025-12-06;3;0
28;2025-12-06;4;1
28;2025-12-06;5;40
28;2025-12-06;6;115
28;2025-12-06;7;246
28;2025-12-06;8;439
28;2025-12-06;9;498
28;2025-12-06;10;531
28;2025-12-06;11;533
28;2025-12-06;12;627
28;2025-12-06;13;646
28;2025-12-06;14;597
28;2025-12-06;15;623
28;2025-12-06;16;641
28;2025-12-06;17;607
28;2025-12-06;18;538
28;2025-12-06;19;398
28;2025-12-06;20;291
28;2025-12-06;21;261
28;2025-12-06;22;112
28;2025-12-06;23;12
28;2025-12-07;0;0
28;2025-12-07;1;0
28;2025-12-07;2;0
28;2025-12-07;3;0
28;2025-12-07;4;0
28;2025-12-07;5;32
28;2025-12-07;6;78
28;2025-12-07;7;177
28;2025-12-07;8;281
28;2025-12-07;9;380
28;2025-12-07;10;425
28;2025-12-07;11;467
28;2025-12-07;12;484
28;2025-12-07;13;590
28;2025-12-07;14;575
28;2025-12-07;15;552
28;2025-12-07;16;488
28;2025-12-07;17;504
28;2025-12-07;18;469
28;2025-12-07;19;395
28;2025-12-07;20;323
28;2025-12-07;21;258
28;2025-12-07;22;114
28;2025-12-07;23;11
28;2025-12-08;0;0
28;2025-12-08;1;0
28;2025-12-08;2;0
28;2025-12-08;3;0
28;2025-12-08;4;2
28;2025-12-08;5;76
28;2025-12-08;6;286
28;2025-12-08;7;785
28;2025-12-08;8;1345
28;2025-12-08;9;870
28;2025-12-08;10;681
28;2025-12-08;11;566
28;2025-12-08;12;724
28;2025-12-08;13;719
28;2025-12-08;14;655
28;2025-12-08;15;654
28;2025-12-08;16;924
28;2025-12-08;17;1045
28;2025-12-08;18;1002
28;2025-12-08;19;754
28;2025-12-08;20;483
28;2025-12-08;21;315
28;2025-12-08;22;110
28;2025-12-08;23;3
28;2025-12-09;0;0
28;2025-12-09;1;0
28;2025-12-09;2;0
28;2025-12-09;3;0
28;2025-12-09;4;1
28;2025-12-09;5;80
28;2025-12-09;6;261
28;2025-12-09;7;827
28;2025-12-09;8;1328
28;2025-12-09;9;885
28;2025-12-09;10;623
28;2025-12-09;11;585
28;2025-12-09;12;707
28;2025-12-09;13;713
28;2025-12-09;14;713
28;2025-12-09;15;752
28;2025-12-09;16;933
28;2025-12-09;17;1110
28;2025-12-09;18;1078
28;2025-12-09;19;844
28;2025-12-09;20;568
28;2025-12-09;21;356
28;2025-12-09;22;120
28;2025-12-09;23;11
28;2025-12-10;0;0
28;2025-12-10;1;0
28;2025-12-10;2;0
28;2025-12-10;3;0
28;2025-12-10;4;1
28;2025-12-10;5;80
28;2025-12-10;6;261
28;2025-12-10;7;827
28;2025-12-10;8;1328
28;2025-12-10;9;885
28;2025-12-10;10;623
28;2025-12-10;11;585
28;2025-12-10;12;707
28;2025-12-10;13;713
28;2025-12-10;14;713
28;2025-12-10;15;752
28;2025-12-10;16;933
28;2025-12-10;17;1110
28;2025-12-10;18;1078
28;2025-12-10;19;844
28;2025-12-10;20;568
28;2025-12-10;21;356
28;2025-12-10;22;120
28;2025-12-10;23;11
28;2025-12-11;0;0
28;2025-12-11;1;0
28;2025-12-11;2;0
28;2025-12-11;3;0
28;2025-12-11;4;1
28;2025-12-11;5;80
28;2025-12-11;6;261
28;2025-12-11;7;827
28;2025-12-11;8;1328
28;2025-12-11;9;885
28;2025-12-11;10;623
28;2025-12-11;11;585
28;2025-12-11;12;707
28;2025-12-11;13;713
28;2025-12-11;14;713
28;2025-12-11;15;752
28;2025-12-11;16;933
28;2025-12-11;17;1110
28;2025-12-11;18;1078
28;2025-12-11;19;844
28;2025-12-11;20;568
28;2025-12-11;21;356
28;2025-12-11;22;120
28;2025-12-11;23;11
28;2025-12-12;0;0
28;2025-12-12;1;0
28;2025-12-12;2;0
28;2025-12-12;3;0
28;2025-12-12;4;2
28;2025-12-12;5;85
28;2025-12-12;6;298
28;2025-12-12;7;905
28;2025-12-12;8;1426
28;2025-12-12;9;910
28;2025-12-12;10;645
28;2025-12-12;11;615
28;2025-12-12;12;871
28;2025-12-12;13;772
28;2025-12-12;14;744
28;2025-12-12;15;779
28;2025-12-12;16;1001
28;2025-12-12;17;1033
28;2025-12-12;18;923
28;2025-12-12;19;670
28;2025-12-12;20;452
28;2025-12-12;21;367
28;2025-12-12;22;119
28;2025-12-12;23;21
28;2025-12-13;0;1
28;2025-12-13;1;0
28;2025-12-13;2;0
28;2025-12-13;3;0
28;2025-12-13;4;1
28;2025-12-13;5;40
28;2025-12-13;6;115
28;2025-12-13;7;246
28;2025-12-13;8;439
28;2025-12-13;9;498
28;2025-12-13;10;531
28;2025-12-13;11;533
28;2025-12-13;12;627
28;2025-12-13;13;646
28;2025-12-13;14;597
28;2025-12-13;15;623
28;2025-12-13;16;641
28;2025-12-13;17;607
28;2025-12-13;18;538
28;2025-12-13;19;398
28;2025-12-13;20;291
28;2025-12-13;21;261
28;2025-12-13;22;112
28;2025-12-13;23;12
28;2025-12-14;0;0
28;2025-12-14;1;0
28;2025-12-14;2;0
28;2025-12-14;3;0
28;2025-12-14;4;0
28;2025-12-14;5;32
28;2025-12-14;6;78
28;2025-12-14;7;177
28;2025-12-14;8;281
28;2025-12-14;9;380
28;2025-12-14;10;425
28;2025-12-14;11;467
28;2025-12-14;12;484
28;2025-12-14;13;590
28;2025-12-14;14;575
28;2025-12-14;15;552
28;2025-12-14;16;488
28;2025-12-14;17;504
28;2025-12-14;18;469
28;2025-12-14;19;395
28;2025-12-14;20;323
28;2025-12-14;21;258
28;2025-12-14;22;114
28;2025-12-14;23;11
28;2025-12-15;0;0
28;2025-12-15;1;0
28;2025-12-15;2;0
28;2025-12-15;3;0
28;2025-12-15;4;2
28;2025-12-15;5;76
28;2025-12-15;6;286
28;2025-12-15;7;785
28;2025-12-15;8;1345
28;2025-12-15;9;870
28;2025-12-15;10;681
28;2025-12-15;11;566
28;2025-12-15;12;724
28;2025-12-15;13;719
28;2025-12-15;14;655
28;2025-12-15;15;654
28;2025-12-15;16;924
28;2025-12-15;17;1045
28;2025-12-15;18;1002
28;2025-12-15;19;754
28;2025-12-15;20;483
28;2025-12-15;21;315
28;2025-12-15;22;110
28;2025-12-15;23;3
28;2025-12-16;0;0
28;2025-12-16;1;0
28;2025-12-16;2;0
28;2025-12-16;3;0
28;2025-12-16;4;1
28;2025-12-16;5;80
28;2025-12-16;6;261
28;2025-12-16;7;827
28;2025-12-16;8;1328
28;2025-12-16;9;885
28;2025-12-16;10;623
28;2025-12-16;11;585
28;2025-12-16;12;707
28;2025-12-16;13;713
28;2025-12-16;14;713
28;2025-12-16;15;752
28;2025-12-16;16;933
28;2025-12-16;17;1110
28;2025-12-16;18;1078
28;2025-12-16;19;844
28;2025-12-16;20;568
28;2025-12-16;21;356
28;2025-12-16;22;120
28;2025-12-16;23;11
28;2025-12-17;0;0
28;2025-12-17;1;0
28;2025-12-17;2;0
28;2025-12-17;3;0
28;2025-12-17;4;1
28;2025-12-17;5;80
28;2025-12-17;6;261
28;2025-12-17;7;827
28;2025-12-17;8;1328
28;2025-12-17;9;885
28;2025-12-17;10;623
28;2025-12-17;11;585
28;2025-12-17;12;707
28;2025-12-17;13;713
28;2025-12-17;14;713
28;2025-12-17;15;752
28;2025-12-17;16;933
28;2025-12-17;17;1110
28;2025-12-17;18;1078
28;2025-12-17;19;844
28;2025-12-17;20;568
28;2025-12-17;21;356
28;2025-12-17;22;120
28;2025-12-17;23;11
28;2025-12-18;0;0
28;2025-12-18;1;0
28;2025-12-18;2;0
28;2025-12-18;3;0
28;2025-12-18;4;1
28;2025-12-18;5;80
28;2025-12-18;6;261
28;2025-12-18;7;827
28;2025-12-18;8;1328
28;2025-12-18;9;885
28;2025-12-18;10;623
28;2025-12-18;11;585
28;2025-12-18;12;707
28;2025-12-18;13;713
28;2025-12-18;14;713
28;2025-12-18;15;752
28;2025-12-18;16;933
28;2025-12-18;17;1110
28;2025-12-18;18;1078
28;2025-12-18;19;844
28;2025-12-18;20;568
28;2025-12-18;21;356
28;2025-12-18;22;120
28;2025-12-18;23;11
28;2025-12-19;0;0
28;2025-12-19;1;0
28;2025-12-19;2;0
28;2025-12-19;3;0
28;2025-12-19;4;2
28;2025-12-19;5;85
28;2025-12-19;6;298
28;2025-12-19;7;905
28;2025-12-19;8;1426
28;2025-12-19;9;910
28;2025-12-19;10;645
28;2025-12-19;11;615
28;2025-12-19;12;871
28;2025-12-19;13;772
28;2025-12-19;14;744
28;2025-12-19;15;779
28;2025-12-19;16;1001
28;2025-12-19;17;1033
28;2025-12-19;18;923
28;2025-12-19;19;670
28;2025-12-19;20;452
28;2025-12-19;21;367
28;2025-12-19;22;119
28;2025-12-19;23;21
28;2025-12-20;0;1
28;2025-12-20;1;0
28;2025-12-20;2;0
28;2025-12-20;3;0
28;2025-12-20;4;1
28;2025-12-20;5;40
28;2025-12-20;6;115
28;2025-12-20;7;246
28;2025-12-20;8;439
28;2025-12-20;9;498
28;2025-12-20;10;531
28;2025-12-20;11;533
28;2025-12-20;12;627
28;2025-12-20;13;646
28;2025-12-20;14;597
28;2025-12-20;15;623
28;2025-12-20;16;641
28;2025-12-20;17;607
28;2025-12-20;18;538
28;2025-12-20;19;398
28;2025-12-20;20;291
28;2025-12-20;21;261
28;2025-12-20;22;112
28;2025-12-20;23;12
28;2025-12-21;0;0
28;2025-12-21;1;0
28;2025-12-21;2;0
28;2025-12-21;3;0
28;2025-12-21;4;0
28;2025-12-21;5;32
28;2025-12-21;6;78
28;2025-12-21;7;177
28;2025-12-21;8;281
28;2025-12-21;9;380
28;2025-12-21;10;425
28;2025-12-21;11;467
28;2025-12-21;12;484
28;2025-12-21;13;590
28;2025-12-21;14;575
28;2025-12-21;15;552
28;2025-12-21;16;488
28;2025-12-21;17;504
28;2025-12-21;18;469
28;2025-12-21;19;395
28;2025-12-21;20;323
28;2025-12-21;21;258
28;2025-12-21;22;114
28;2025-12-21;23;11
28;2025-12-22;0;0
28;2025-12-22;1;0
28;2025-12-22;2;0
28;2025-12-22;3;0
28;2025-12-22;4;2
28;2025-12-22;5;76
28;2025-12-22;6;286
28;2025-12-22;7;785
28;2025-12-22;8;1345
28;2025-12-22;9;870
28;2025-12-22;10;681
28;2025-12-22;11;566
28;2025-12-22;12;724
28;2025-12-22;13;719
28;2025-12-22;14;655
28;2025-12-22;15;654
28;2025-12-22;16;924
28;2025-12-22;17;1045
28;2025-12-22;18;1002
28;2025-12-22;19;754
28;2025-12-22;20;483
28;2025-12-22;21;315
28;2025-12-22;22;110
28;2025-12-22;23;3
28;2025-12-23;0;0
28;2025-12-23;1;0
28;2025-12-23;2;0
28;2025-12-23;3;0
28;2025-12-23;4;1
28;2025-12-23;5;80
28;2025-12-23;6;261
28;2025-12-23;7;827
28;2025-12-23;8;1328
28;2025-12-23;9;885
28;2025-12-23;10;623
28;2025-12-23;11;585
28;2025-12-23;12;707
28;2025-12-23;13;713
28;2025-12-23;14;713
28;2025-12-23;15;752
28;2025-12-23;16;933
28;2025-12-23;17;1110
28;2025-12-23;18;1078
28;2025-12-23;19;844
28;2025-12-23;20;568
28;2025-12-23;21;356
28;2025-12-23;22;120
28;2025-12-23;23;11
28;2025-12-24;0;0
28;2025-12-24;1;0
28;2025-12-24;2;0
28;2025-12-24;3;0
28;2025-12-24;4;1
28;2025-12-24;5;80
28;2025-12-24;6;261
28;2025-12-24;7;827
28;2025-12-24;8;1328
28;2025-12-24;9;885
28;2025-12-24;10;623
28;2025-12-24;11;585
28;2025-12-24;12;707
28;2025-12-24;13;713
28;2025-12-24;14;713
28;2025-12-24;15;752
28;2025-12-24;16;933
28;2025-12-24;17;1110
28;2025-12-24;18;1078
28;2025-12-24;19;844
28;2025-12-24;20;568
28;2025-12-24;21;356
28;2025-12-24;22;120
28;2025-12-24;23;11
28;2025-12-25;0;0
28;2025-12-25;1;0
28;2025-12-25;2;0
28;2025-12-25;3;0
28;2025-12-25;4;1
28;2025-12-25;5;80
28;2025-12-25;6;261
28;2025-12-25;7;827
28;2025-12-25;8;1328
28;2025-12-25;9;885
28;2025-12-25;10;623
28;2025-12-25;11;585
28;2025-12-25;12;707
28;2025-12-25;13;713
28;2025-12-25;14;713
28;2025-12-25;15;752
28;2025-12-25;16;933
28;2025-12-25;17;1110
28;2025-12-25;18;1078
28;2025-12-25;19;844
28;2025-12-25;20;568
28;2025-12-25;21;356
28;2025-12-25;22;120
28;2025-12-25;23;11
28;2025-12-26;0;0
28;2025-12-26;1;0
28;2025-12-26;2;0
28;2025-12-26;3;0
28;2025-12-26;4;2
28;2025-12-26;5;85
28;2025-12-26;6;298
28;2025-12-26;7;905
28;2025-12-26;8;1426
28;2025-12-26;9;910
28;2025-12-26;10;645
28;2025-12-26;11;615
28;2025-12-26;12;871
28;2025-12-26;13;772
28;2025-12-26;14;744
28;2025-12-26;15;779
28;2025-12-26;16;1001
28;2025-12-26;17;1033
28;2025-12-26;18;923
28;2025-12-26;19;670
28;2025-12-26;20;452
28;2025-12-26;21;367
28;2025-12-26;22;119
28;2025-12-26;23;21
28;2025-12-27;0;1
28;2025-12-27;1;0
28;2025-12-27;2;0
28;2025-12-27;3;0
28;2025-12-27;4;1
28;2025-12-27;5;40
28;2025-12-27;6;115
28;2025-12-27;7;246
28;2025-12-27;8;439
28;2025-12-27;9;498
28;2025-12-27;10;531
28;2025-12-27;11;533
28;2025-12-27;12;627
28;2025-12-27;13;646
28;2025-12-27;14;597
28;2025-12-27;15;623
28;2025-12-27;16;641
28;2025-12-27;17;607
28;2025-12-27;18;538
28;2025-12-27;19;398
28;2025-12-27;20;291
28;2025-12-27;21;261
28;2025-12-27;22;112
28;2025-12-27;23;12
28;2025-12-28;0;0
28;2025-12-28;1;0
28;2025-12-28;2;0
28;2025-12-28;3;0
28;2025-12-28;4;0
28;2025-12-28;5;32
28;2025-12-28;6;78
28;2025-12-28;7;177
28;2025-12-28;8;281
28;2025-12-28;9;380
28;2025-12-28;10;425
28;2025-12-28;11;467
28;2025-12-28;12;484
28;2025-12-28;13;590
28;2025-12-28;14;575
28;2025-12-28;15;552
28;2025-12-28;16;488
28;2025-12-28;17;504
28;2025-12-28;18;469
28;2025-12-28;19;395
28;2025-12-28;20;323
28;2025-12-28;21;258
28;2025-12-28;22;114
28;2025-12-28;23;11
28;2025-12-29;0;0
28;2025-12-29;1;0
28;2025-12-29;2;0
28;2025-12-29;3;0
28;2025-12-29;4;2
28;2025-12-29;5;64
28;2025-12-29;6;243
28;2025-12-29;7;667
28;2025-12-29;8;1143
28;2025-12-29;9;740
28;2025-12-29;10;579
28;2025-12-29;11;481
28;2025-12-29;12;615
28;2025-12-29;13;611
28;2025-12-29;14;556
28;2025-12-29;15;556
28;2025-12-29;16;785
28;2025-12-29;17;888
28;2025-12-29;18;852
28;2025-12-29;19;641
28;2025-12-29;20;411
28;2025-12-29;21;268
28;2025-12-29;22;94
28;2025-12-29;23;3
28;2025-12-30;0;0
28;2025-12-30;1;0
28;2025-12-30;2;0
28;2025-12-30;3;0
28;2025-12-30;4;1
28;2025-12-30;5;68
28;2025-12-30;6;222
28;2025-12-30;7;703
28;2025-12-30;8;1129
28;2025-12-30;9;752
28;2025-12-30;10;529
28;2025-12-30;11;497
28;2025-12-30;12;601
28;2025-12-30;13;606
28;2025-12-30;14;606
28;2025-12-30;15;639
28;2025-12-30;16;793
28;2025-12-30;17;943
28;2025-12-30;18;916
28;2025-12-30;19;717
28;2025-12-30;20;483
28;2025-12-30;21;303
28;2025-12-30;22;102
28;2025-12-30;23;9
28;2025-12-31;0;0
28;2025-12-31;1;0
28;2025-12-31;2;0
28;2025-12-31;3;0
28;2025-12-31;4;0
28;2025-12-31;5;27
28;2025-12-31;6;66
28;2025-12-31;7;150
28;2025-12-31;8;239
28;2025-12-31;9;323
28;2025-12-31;10;361
28;2025-12-31;11;397
28;2025-12-31;12;411
28;2025-12-31;13;502
28;2025-12-31;14;489
28;2025-12-31;15;469
28;2025-12-31;16;415
28;2025-12-31;17;428
28;2025-12-31;18;399
28;2025-12-31;19;336
28;2025-12-31;20;274
28;2025-12-31;21;220
28;2025-12-31;22;97
28;2025-12-31;23;10
50;2025-11-01;0;17
50;2025-11-01;1;0
50;2025-11-01;2;0
50;2025-11-01;3;0
50;2025-11-01;4;2
50;2025-11-01;5;35
50;2025-11-01;6;264
50;2025-11-01;7;906
50;2025-11-01;8;1413
50;2025-11-01;9;1071
50;2025-11-01;10;775
50;2025-11-01;11;764
50;2025-11-01;12;715
50;2025-11-01;13;777
50;2025-11-01;14;737
50;2025-11-01;15;904
50;2025-11-01;16;1154
50;2025-11-01;17;1108
50;2025-11-01;18;822
50;2025-11-01;19;621
50;2025-11-01;20;463
50;2025-11-01;21;289
50;2025-11-01;22;134
50;2025-11-01;23;88
50;2025-11-02;0;0
50;2025-11-02;1;0
50;2025-11-02;2;0
50;2025-11-02;3;0
50;2025-11-02;4;0
50;2025-11-02;5;0
50;2025-11-02;6;0
50;2025-11-02;7;0
50;2025-11-02;8;0
50;2025-11-02;9;0
50;2025-11-02;10;71
50;2025-11-02;11;64
50;2025-11-02;12;26
50;2025-11-02;13;54
50;2025-11-02;14;177
50;2025-11-02;15;161
50;2025-11-02;16;164
50;2025-11-02;17;346
50;2025-11-02;18;188
50;2025-11-02;19;190
50;2025-11-02;20;153
50;2025-11-02;21;91
50;2025-11-02;22;113
50;2025-11-02;23;28
50;2025-11-03;0;33
50;2025-11-03;1;0
50;2025-11-03;2;0
50;2025-11-03;3;0
50;2025-11-03;4;1
50;2025-11-03;5;38
50;2025-11-03;6;173
50;2025-11-03;7;312
50;2025-11-03;8;493
50;2025-11-03;9;545
50;2025-11-03;10;592
50;2025-11-03;11;746
50;2025-11-03;12;757
50;2025-11-03;13;776
50;2025-11-03;14;827
50;2025-11-03;15;759
50;2025-11-03;16;753
50;2025-11-03;17;869
50;2025-11-03;18;833
50;2025-11-03;19;724
50;2025-11-03;20;712
50;2025-11-03;21;465
50;2025-11-03;22;288
50;2025-11-03;23;149
50;2025-11-04;0;33
50;2025-11-04;1;0
50;2025-11-04;2;0
50;2025-11-04;3;0
50;2025-11-04;4;1
50;2025-11-04;5;38
50;2025-11-04;6;173
50;2025-11-04;7;312
50;2025-11-04;8;493
50;2025-11-04;9;545
50;2025-11-04;10;592
50;2025-11-04;11;746
50;2025-11-04;12;757
50;2025-11-04;13;776
50;2025-11-04;14;827
50;2025-11-04;15;759
50;2025-11-04;16;753
50;2025-11-04;17;869
50;2025-11-04;18;833
50;2025-11-04;19;724
50;2025-11-04;20;712
50;2025-11-04;21;465
50;2025-11-04;22;288
50;2025-11-04;23;149
50;2025-11-05;0;26
50;2025-11-05;1;2
50;2025-11-05;2;0
50;2025-11-05;3;0
50;2025-11-05;4;3
50;2025-11-05;5;71
50;2025-11-05;6;560
50;2025-11-05;7;1787
50;2025-11-05;8;2962
50;2025-11-05;9;2254
50;2025-11-05;10;1806
50;2025-11-05;11;1559
50;2025-11-05;12;1536
50;2025-11-05;13;1520
50;2025-11-05;14;1439
50;2025-11-05;15;1738
50;2025-11-05;16;1757
50;2025-11-05;17;2486
50;2025-11-05;18;2531
50;2025-11-05;19;1517
50;2025-11-05;20;986
50;2025-11-05;21;678
50;2025-11-05;22;256
50;2025-11-05;23;153
50;2025-11-06;0;26
50;2025-11-06;1;2
50;2025-11-06;2;0
50;2025-11-06;3;0
50;2025-11-06;4;3
50;2025-11-06;5;71
50;2025-11-06;6;560
50;2025-11-06;7;1787
50;2025-11-06;8;2962
50;2025-11-06;9;2254
50;2025-11-06;10;1806
50;2025-11-06;11;1559
50;2025-11-06;12;1536
50;2025-11-06;13;1520
50;2025-11-06;14;1439
50;2025-11-06;15;1738
50;2025-11-06;16;1757
50;2025-11-06;17;2486
50;2025-11-06;18;2531
50;2025-11-06;19;1517
50;2025-11-06;20;986
50;2025-11-06;21;678
50;2025-11-06;22;256
50;2025-11-06;23;153
50;2025-11-07;0;33
50;2025-11-07;1;0
50;2025-11-07;2;0
50;2025-11-07;3;0
50;2025-11-07;4;4
50;2025-11-07;5;67
50;2025-11-07;6;510
50;2025-11-07;7;1746
50;2025-11-07;8;2722
50;2025-11-07;9;2064
50;2025-11-07;10;1494
50;2025-11-07;11;1472
50;2025-11-07;12;1378
50;2025-11-07;13;1496
50;2025-11-07;14;1420
50;2025-11-07;15;1742
50;2025-11-07;16;2224
50;2025-11-07;17;2134
50;2025-11-07;18;1583
50;2025-11-07;19;1196
50;2025-11-07;20;892
50;2025-11-07;21;557
50;2025-11-07;22;259
50;2025-11-07;23;169
50;2025-11-08;0;191
50;2025-11-08;1;16
50;2025-11-08;2;0
50;2025-11-08;3;0
50;2025-11-08;4;0
50;2025-11-08;5;1
50;2025-11-08;6;1
50;2025-11-08;7;6
50;2025-11-08;8;3
50;2025-11-08;9;68
50;2025-11-08;10;38
50;2025-11-08;11;52
50;2025-11-08;12;118
50;2025-11-08;13;58
50;2025-11-08;14;73
50;2025-11-08;15;136
50;2025-11-08;16;70
50;2025-11-08;17;74
50;2025-11-08;18;21
50;2025-11-08;19;0
50;2025-11-08;20;19
50;2025-11-08;21;0
50;2025-11-08;22;12
50;2025-11-08;23;0
50;2025-11-09;0;0
50;2025-11-09;1;0
50;2025-11-09;2;0
50;2025-11-09;3;0
50;2025-11-09;4;0
50;2025-11-09;5;0
50;2025-11-09;6;0
50;2025-11-09;7;0
50;2025-11-09;8;0
50;2025-11-09;9;0
50;2025-11-09;10;71
50;2025-11-09;11;64
50;2025-11-09;12;26
50;2025-11-09;13;54
50;2025-11-09;14;177
50;2025-11-09;15;161
50;2025-11-09;16;164
50;2025-11-09;17;346
50;2025-11-09;18;188
50;2025-11-09;19;190
50;2025-11-09;20;153
50;2025-11-09;21;91
50;2025-11-09;22;113
50;2025-11-09;23;28
50;2025-11-10;0;7
50;2025-11-10;1;2
50;2025-11-10;2;0
50;2025-11-10;3;0
50;2025-11-10;4;4
50;2025-11-10;5;71
50;2025-11-10;6;526
50;2025-11-10;7;1720
50;2025-11-10;8;2862
50;2025-11-10;9;2323
50;2025-11-10;10;1658
50;2025-11-10;11;1465
50;2025-11-10;12;1301
50;2025-11-10;13;1511
50;2025-11-10;14;1406
50;2025-11-10;15;1623
50;2025-11-10;16;1655
50;2025-11-10;17;2318
50;2025-11-10;18;2529
50;2025-11-10;19;1254
50;2025-11-10;20;861
50;2025-11-10;21;637
50;2025-11-10;22;209
50;2025-11-10;23;111
50;2025-11-11;0;26
50;2025-11-11;1;2
50;2025-11-11;2;0
50;2025-11-11;3;0
50;2025-11-11;4;3
50;2025-11-11;5;71
50;2025-11-11;6;560
50;2025-11-11;7;1787
50;2025-11-11;8;2962
50;2025-11-11;9;2254
50;2025-11-11;10;1806
50;2025-11-11;11;1559
50;2025-11-11;12;1536
50;2025-11-11;13;1520
50;2025-11-11;14;1439
50;2025-11-11;15;1738
50;2025-11-11;16;1757
50;2025-11-11;17;2486
50;2025-11-11;18;2531
50;2025-11-11;19;1517
50;2025-11-11;20;986
50;2025-11-11;21;678
50;2025-11-11;22;256
50;2025-11-11;23;153
50;2025-11-12;0;26
50;2025-11-12;1;2
50;2025-11-12;2;0
50;2025-11-12;3;0
50;2025-11-12;4;3
50;2025-11-12;5;71
50;2025-11-12;6;560
50;2025-11-12;7;1787
50;2025-11-12;8;2962
50;2025-11-12;9;2254
50;2025-11-12;10;1806
50;2025-11-12;11;1559
50;2025-11-12;12;1536
50;2025-11-12;13;1520
50;2025-11-12;14;1439
50;2025-11-12;15;1738
50;2025-11-12;16;1757
50;2025-11-12;17;2486
50;2025-11-12;18;2531
50;2025-11-12;19;1517
50;2025-11-12;20;986
50;2025-11-12;21;678
50;2025-11-12;22;256
50;2025-11-12;23;153
50;2025-11-13;0;26
50;2025-11-13;1;2
50;2025-11-13;2;0
50;2025-11-13;3;0
50;2025-11-13;4;3
50;2025-11-13;5;71
50;2025-11-13;6;560
50;2025-11-13;7;1787
50;2025-11-13;8;2962
50;2025-11-13;9;2254
50;2025-11-13;10;1806
50;2025-11-13;11;1559
50;2025-11-13;12;1536
50;2025-11-13;13;1520
50;2025-11-13;14;1439
50;2025-11-13;15;1738
50;2025-11-13;16;1757
50;2025-11-13;17;2486
50;2025-11-13;18;2531
50;2025-11-13;19;1517
50;2025-11-13;20;986
50;2025-11-13;21;678
50;2025-11-13;22;256
50;2025-11-13;23;153
50;2025-11-14;0;33
50;2025-11-14;1;0
50;2025-11-14;2;0
50;2025-11-14;3;0
50;2025-11-14;4;4
50;2025-11-14;5;67
50;2025-11-14;6;510
50;2025-11-14;7;1746
50;2025-11-14;8;2722
50;2025-11-14;9;2064
50;2025-11-14;10;1494
50;2025-11-14;11;1472
50;2025-11-14;12;1378
50;2025-11-14;13;1496
50;2025-11-14;14;1420
50;2025-11-14;15;1742
50;2025-11-14;16;2224
50;2025-11-14;17;2134
50;2025-11-14;18;1583
50;2025-11-14;19;1196
50;2025-11-14;20;892
50;2025-11-14;21;557
50;2025-11-14;22;259
50;2025-11-14;23;169
50;2025-11-15;0;191
50;2025-11-15;1;16
50;2025-11-15;2;0
50;2025-11-15;3;0
50;2025-11-15;4;0
50;2025-11-15;5;1
50;2025-11-15;6;1
50;2025-11-15;7;6
50;2025-11-15;8;3
50;2025-11-15;9;68
50;2025-11-15;10;38
50;2025-11-15;11;52
50;2025-11-15;12;118
50;2025-11-15;13;58
50;2025-11-15;14;73
50;2025-11-15;15;136
50;2025-11-15;16;70
50;2025-11-15;17;74
50;2025-11-15;18;21
50;2025-11-15;19;0
50;2025-11-15;20;19
50;2025-11-15;21;0
50;2025-11-15;22;12
50;2025-11-15;23;0
50;2025-11-16;0;0
50;2025-11-16;1;0
50;2025-11-16;2;0
50;2025-11-16;3;0
50;2025-11-16;4;0
50;2025-11-16;5;0
50;2025-11-16;6;0
50;2025-11-16;7;0
50;2025-11-16;8;0
50;2025-11-16;9;0
50;2025-11-16;10;71
50;2025-11-16;11;64
50;2025-11-16;12;26
50;2025-11-16;13;54
50;2025-11-16;14;177
50;2025-11-16;15;161
50;2025-11-16;16;164
50;2025-11-16;17;346
50;2025-11-16;18;188
50;2025-11-16;19;190
50;2025-11-16;20;153
50;2025-11-16;21;91
50;2025-11-16;22;113
50;2025-11-16;23;28
50;2025-11-17;0;7
50;2025-11-17;1;2
50;2025-11-17;2;0
50;2025-11-17;3;0
50;2025-11-17;4;4
50;2025-11-17;5;71
50;2025-11-17;6;526
50;2025-11-17;7;1720
50;2025-11-17;8;2862
50;2025-11-17;9;2323
50;2025-11-17;10;1658
50;2025-11-17;11;1465
50;2025-11-17;12;1301
50;2025-11-17;13;1511
50;2025-11-17;14;1406
50;2025-11-17;15;1623
50;2025-11-17;16;1655
50;2025-11-17;17;2318
50;2025-11-17;18;2529
50;2025-11-17;19;1254
50;2025-11-17;20;861
50;2025-11-17;21;637
50;2025-11-17;22;209
50;2025-11-17;23;111
50;2025-11-18;0;26
50;2025-11-18;1;2
50;2025-11-18;2;0
50;2025-11-18;3;0
50;2025-11-18;4;3
50;2025-11-18;5;71
50;2025-11-18;6;560
50;2025-11-18;7;1787
50;2025-11-18;8;2962
50;2025-11-18;9;2254
50;2025-11-18;10;1806
50;2025-11-18;11;1559
50;2025-11-18;12;1536
50;2025-11-18;13;1520
50;2025-11-18;14;1439
50;2025-11-18;15;1738
50;2025-11-18;16;1757
50;2025-11-18;17;2486
50;2025-11-18;18;2531
50;2025-11-18;19;1517
50;2025-11-18;20;986
50;2025-11-18;21;678
50;2025-11-18;22;256
50;2025-11-18;23;153
50;2025-11-19;0;26
50;2025-11-19;1;2
50;2025-11-19;2;0
50;2025-11-19;3;0
50;2025-11-19;4;3
50;2025-11-19;5;71
50;2025-11-19;6;560
50;2025-11-19;7;1787
50;2025-11-19;8;2962
50;2025-11-19;9;2254
50;2025-11-19;10;1806
50;2025-11-19;11;1559
50;2025-11-19;12;1536
50;2025-11-19;13;1520
50;2025-11-19;14;1439
50;2025-11-19;15;1738
50;2025-11-19;16;1757
50;2025-11-19;17;2486
50;2025-11-19;18;2531
50;2025-11-19;19;1517
50;2025-11-19;20;986
50;2025-11-19;21;678
50;2025-11-19;22;256
50;2025-11-19;23;153
50;2025-11-20;0;26
50;2025-11-20;1;2
50;2025-11-20;2;0
50;2025-11-20;3;0
50;2025-11-20;4;3
50;2025-11-20;5;71
50;2025-11-20;6;560
50;2025-11-20;7;1787
50;2025-11-20;8;2962
50;2025-11-20;9;2254
50;2025-11-20;10;1806
50;2025-11-20;11;1559
50;2025-11-20;12;1536
50;2025-11-20;13;1520
50;2025-11-20;14;1439
50;2025-11-20;15;1738
50;2025-11-20;16;1757
50;2025-11-20;17;2486
50;2025-11-20;18;2531
50;2025-11-20;19;1517
50;2025-11-20;20;986
50;2025-11-20;21;678
50;2025-11-20;22;256
50;2025-11-20;23;153
50;2025-11-21;0;33
50;2025-11-21;1;0
50;2025-11-21;2;0
50;2025-11-21;3;0
50;2025-11-21;4;4
50;2025-11-21;5;67
50;2025-11-21;6;510
50;2025-11-21;7;1746
50;2025-11-21;8;2722
50;2025-11-21;9;2064
50;2025-11-21;10;1494
50;2025-11-21;11;1472
50;2025-11-21;12;1378
50;2025-11-21;13;1496
50;2025-11-21;14;1420
50;2025-11-21;15;1742
50;2025-11-21;16;2224
50;2025-11-21;17;2134
50;2025-11-21;18;1583
50;2025-11-21;19;1196
50;2025-11-21;20;892
50;2025-11-21;21;557
50;2025-11-21;22;259
50;2025-11-21;23;169
50;2025-11-22;0;191
50;2025-11-22;1;16
50;2025-11-22;2;0
50;2025-11-22;3;0
50;2025-11-22;4;0
50;2025-11-22;5;1
50;2025-11-22;6;1
50;2025-11-22;7;6
50;2025-11-22;8;3
50;2025-11-22;9;68
50;2025-11-22;10;38
50;2025-11-22;11;52
50;2025-11-22;12;118
50;2025-11-22;13;58
50;2025-11-22;14;73
50;2025-11-22;15;136
50;2025-11-22;16;70
50;2025-11-22;17;74
50;2025-11-22;18;21
50;2025-11-22;19;0
50;2025-11-22;20;19
50;2025-11-22;21;0
50;2025-11-22;22;12
50;2025-11-22;23;0
50;2025-11-23;0;0
50;2025-11-23;1;0
50;2025-11-23;2;0
50;2025-11-23;3;0
50;2025-11-23;4;0
50;2025-11-23;5;0
50;2025-11-23;6;0
50;2025-11-23;7;0
50;2025-11-23;8;0
50;2025-11-23;9;0
50;2025-11-23;10;71
50;2025-11-23;11;64
50;2025-11-23;12;26
50;2025-11-23;13;54
50;2025-11-23;14;177
50;2025-11-23;15;161
50;2025-11-23;16;164
50;2025-11-23;17;346
50;2025-11-23;18;188
50;2025-11-23;19;190
50;2025-11-23;20;153
50;2025-11-23;21;91
50;2025-11-23;22;113
50;2025-11-23;23;28
50;2025-11-24;0;7
50;2025-11-24;1;2
50;2025-11-24;2;0
50;2025-11-24;3;0
50;2025-11-24;4;4
50;2025-11-24;5;71
50;2025-11-24;6;526
50;2025-11-24;7;1720
50;2025-11-24;8;2862
50;2025-11-24;9;2323
50;2025-11-24;10;1658
50;2025-11-24;11;1465
50;2025-11-24;12;1301
50;2025-11-24;13;1511
50;2025-11-24;14;1406
50;2025-11-24;15;1623
50;2025-11-24;16;1655
50;2025-11-24;17;2318
50;2025-11-24;18;2529
50;2025-11-24;19;1254
50;2025-11-24;20;861
50;2025-11-24;21;637
50;2025-11-24;22;209
50;2025-11-24;23;111
50;2025-11-25;0;26
50;2025-11-25;1;2
50;2025-11-25;2;0
50;2025-11-25;3;0
50;2025-11-25;4;3
50;2025-11-25;5;71
50;2025-11-25;6;560
50;2025-11-25;7;1787
50;2025-11-25;8;2962
50;2025-11-25;9;2254
50;2025-11-25;10;1806
50;2025-11-25;11;1559
50;2025-11-25;12;1536
50;2025-11-25;13;1520
50;2025-11-25;14;1439
50;2025-11-25;15;1738
50;2025-11-25;16;1757
50;2025-11-25;17;2486
50;2025-11-25;18;2531
50;2025-11-25;19;1517
50;2025-11-25;20;986
50;2025-11-25;21;678
50;2025-11-25;22;256
50;2025-11-25;23;153
50;2025-11-26;0;26
50;2025-11-26;1;2
50;2025-11-26;2;0
50;2025-11-26;3;0
50;2025-11-26;4;3
50;2025-11-26;5;71
50;2025-11-26;6;560
50;2025-11-26;7;1787
50;2025-11-26;8;2962
50;2025-11-26;9;2254
50;2025-11-26;10;1806
50;2025-11-26;11;1559
50;2025-11-26;12;1536
50;2025-11-26;13;1520
50;2025-11-26;14;1439
50;2025-11-26;15;1738
50;2025-11-26;16;1757
50;2025-11-26;17;2486
50;2025-11-26;18;2531
50;2025-11-26;19;1517
50;2025-11-26;20;986
50;2025-11-26;21;678
50;2025-11-26;22;256
50;2025-11-26;23;153
50;2025-11-27;0;26
50;2025-11-27;1;2
50;2025-11-27;2;0
50;2025-11-27;3;0
50;2025-11-27;4;3
50;2025-11-27;5;71
50;2025-11-27;6;560
50;2025-11-27;7;1787
50;2025-11-27;8;2962
50;2025-11-27;9;2254
50;2025-11-27;10;1806
50;2025-11-27;11;1559
50;2025-11-27;12;1536
50;2025-11-27;13;1520
50;2025-11-27;14;1439
50;2025-11-27;15;1738
50;2025-11-27;16;1757
50;2025-11-27;17;2486
50;2025-11-27;18;2531
50;2025-11-27;19;1517
50;2025-11-27;20;986
50;2025-11-27;21;678
50;2025-11-27;22;256
50;2025-11-27;23;153
50;2025-11-28;0;33
50;2025-11-28;1;0
50;2025-11-28;2;0
50;2025-11-28;3;0
50;2025-11-28;4;4
50;2025-11-28;5;67
50;2025-11-28;6;510
50;2025-11-28;7;1746
50;2025-11-28;8;2722
50;2025-11-28;9;2064
50;2025-11-28;10;1494
50;2025-11-28;11;1472
50;2025-11-28;12;1378
50;2025-11-28;13;1496
50;2025-11-28;14;1420
50;2025-11-28;15;1742
50;2025-11-28;16;2224
50;2025-11-28;17;2134
50;2025-11-28;18;1583
50;2025-11-28;19;1196
50;2025-11-28;20;892
50;2025-11-28;21;557
50;2025-11-28;22;259
50;2025-11-28;23;169
50;2025-11-29;0;191
50;2025-11-29;1;16
50;2025-11-29;2;0
50;2025-11-29;3;0
50;2025-11-29;4;0
50;2025-11-29;5;1
50;2025-11-29;6;1
50;2025-11-29;7;6
50;2025-11-29;8;3
50;2025-11-29;9;68
50;2025-11-29;10;38
50;2025-11-29;11;52
50;2025-11-29;12;118
50;2025-11-29;13;58
50;2025-11-29;14;73
50;2025-11-29;15;136
50;2025-11-29;16;70
50;2025-11-29;17;74
50;2025-11-29;18;21
50;2025-11-29;19;0
50;2025-11-29;20;19
50;2025-11-29;21;0
50;2025-11-29;22;12
50;2025-11-29;23;0
50;2025-11-30;0;0
50;2025-11-30;1;0
50;2025-11-30;2;0
50;2025-11-30;3;0
50;2025-11-30;4;0
50;2025-11-30;5;0
50;2025-11-30;6;0
50;2025-11-30;7;0
50;2025-11-30;8;0
50;2025-11-30;9;0
50;2025-11-30;10;71
50;2025-11-30;11;64
50;2025-11-30;12;26
50;2025-11-30;13;54
50;2025-11-30;14;177
50;2025-11-30;15;161
50;2025-11-30;16;164
50;2025-11-30;17;346
50;2025-11-30;18;188
50;2025-11-30;19;190
50;2025-11-30;20;153
50;2025-11-30;21;91
50;2025-11-30;22;113
50;2025-11-30;23;28
50;2025-12-01;0;7
50;2025-12-01;1;2
50;2025-12-01;2;0
50;2025-12-01;3;0
50;2025-12-01;4;4
50;2025-12-01;5;73
50;2025-12-01;6;540
50;2025-12-01;7;1767
50;2025-12-01;8;2940
50;2025-12-01;9;2387
50;2025-12-01;10;1703
50;2025-12-01;11;1505
50;2025-12-01;12;1337
50;2025-12-01;13;1552
50;2025-12-01;14;1445
50;2025-12-01;15;1667
50;2025-12-01;16;1700
50;2025-12-01;17;2382
50;2025-12-01;18;2598
50;2025-12-01;19;1288
50;2025-12-01;20;884
50;2025-12-01;21;654
50;2025-12-01;22;215
50;2025-12-01;23;114
50;2025-12-02;0;26
50;2025-12-02;1;2
50;2025-12-02;2;0
50;2025-12-02;3;0
50;2025-12-02;4;3
50;2025-12-02;5;73
50;2025-12-02;6;576
50;2025-12-02;7;1836
50;2025-12-02;8;3044
50;2025-12-02;9;2316
50;2025-12-02;10;1856
50;2025-12-02;11;1601
50;2025-12-02;12;1578
50;2025-12-02;13;1562
50;2025-12-02;14;1478
50;2025-12-02;15;1785
50;2025-12-02;16;1806
50;2025-12-02;17;2554
50;2025-12-02;18;2600
50;2025-12-02;19;1559
50;2025-12-02;20;1013
50;2025-12-02;21;696
50;2025-12-02;22;263
50;2025-12-02;23;157
50;2025-12-03;0;26
50;2025-12-03;1;2
50;2025-12-03;2;0
50;2025-12-03;3;0
50;2025-12-03;4;3
50;2025-12-03;5;73
50;2025-12-03;6;576
50;2025-12-03;7;1836
50;2025-12-03;8;3044
50;2025-12-03;9;2316
50;2025-12-03;10;1856
50;2025-12-03;11;1601
50;2025-12-03;12;1578
50;2025-12-03;13;1562
50;2025-12-03;14;1478
50;2025-12-03;15;1785
50;2025-12-03;16;1806
50;2025-12-03;17;2554
50;2025-12-03;18;2600
50;2025-12-03;19;1559
50;2025-12-03;20;1013
50;2025-12-03;21;696
50;2025-12-03;22;263
50;2025-12-03;23;157
50;2025-12-04;0;26
50;2025-12-04;1;2
50;2025-12-04;2;0
50;2025-12-04;3;0
50;2025-12-04;4;3
50;2025-12-04;5;73
50;2025-12-04;6;576
50;2025-12-04;7;1836
50;2025-12-04;8;3044
50;2025-12-04;9;2316
50;2025-12-04;10;1856
50;2025-12-04;11;1601
50;2025-12-04;12;1578
50;2025-12-04;13;1562
50;2025-12-04;14;1478
50;2025-12-04;15;1785
50;2025-12-04;16;1806
50;2025-12-04;17;2554
50;2025-12-04;18;2600
50;2025-12-04;19;1559
50;2025-12-04;20;1013
50;2025-12-04;21;696
50;2025-12-04;22;263
50;2025-12-04;23;157
50;2025-12-05;0;34
50;2025-12-05;1;0
50;2025-12-05;2;0
50;2025-12-05;3;0
50;2025-12-05;4;4
50;2025-12-05;5;69
50;2025-12-05;6;523
50;2025-12-05;7;1794
50;2025-12-05;8;2796
50;2025-12-05;9;2121
50;2025-12-05;10;1535
50;2025-12-05;11;1513
50;2025-12-05;12;1416
50;2025-12-05;13;1537
50;2025-12-05;14;1458
50;2025-12-05;15;1790
50;2025-12-05;16;2285
50;2025-12-05;17;2193
50;2025-12-05;18;1626
50;2025-12-05;19;1229
50;2025-12-05;20;917
50;2025-12-05;21;572
50;2025-12-05;22;266
50;2025-12-05;23;174
50;2025-12-06;0;62
50;2025-12-06;1;0
50;2025-12-06;2;0
50;2025-12-06;3;0
50;2025-12-06;4;0
50;2025-12-06;5;43
50;2025-12-06;6;179
50;2025-12-06;7;463
50;2025-12-06;8;607
50;2025-12-06;9;636
50;2025-12-06;10;676
50;2025-12-06;11;789
50;2025-12-06;12;734
50;2025-12-06;13;764
50;2025-12-06;14;873
50;2025-12-06;15;745
50;2025-12-06;16;747
50;2025-12-06;17;898
50;2025-12-06;18;869
50;2025-12-06;19;795
50;2025-12-06;20;692
50;2025-12-06;21;456
50;2025-12-06;22;291
50;2025-12-06;23;173
50;2025-12-07;0;34
50;2025-12-07;1;0
50;2025-12-07;2;0
50;2025-12-07;3;0
50;2025-12-07;4;1
50;2025-12-07;5;40
50;2025-12-07;6;177
50;2025-12-07;7;321
50;2025-12-07;8;506
50;2025-12-07;9;559
50;2025-12-07;10;608
50;2025-12-07;11;767
50;2025-12-07;12;778
50;2025-12-07;13;797
50;2025-12-07;14;849
50;2025-12-07;15;779
50;2025-12-07;16;774
50;2025-12-07;17;893
50;2025-12-07;18;855
50;2025-12-07;19;743
50;2025-12-07;20;731
50;2025-12-07;21;477
50;2025-12-07;22;296
50;2025-12-07;23;153
50;2025-12-08;0;7
50;2025-12-08;1;2
50;2025-12-08;2;0
50;2025-12-08;3;0
50;2025-12-08;4;4
50;2025-12-08;5;73
50;2025-12-08;6;540
50;2025-12-08;7;1767
50;2025-12-08;8;2940
50;2025-12-08;9;2387
50;2025-12-08;10;1703
50;2025-12-08;11;1505
50;2025-12-08;12;1337
50;2025-12-08;13;1552
50;2025-12-08;14;1445
50;2025-12-08;15;1667
50;2025-12-08;16;1700
50;2025-12-08;17;2382
50;2025-12-08;18;2598
50;2025-12-08;19;1288
50;2025-12-08;20;884
50;2025-12-08;21;654
50;2025-12-08;22;215
50;2025-12-08;23;114
50;2025-12-09;0;26
50;2025-12-09;1;2
50;2025-12-09;2;0
50;2025-12-09;3;0
50;2025-12-09;4;3
50;2025-12-09;5;73
50;2025-12-09;6;576
50;2025-12-09;7;1836
50;2025-12-09;8;3044
50;2025-12-09;9;2316
50;2025-12-09;10;1856
50;2025-12-09;11;1601
50;2025-12-09;12;1578
50;2025-12-09;13;1562
50;2025-12-09;14;1478
50;2025-12-09;15;1785
50;2025-12-09;16;1806
50;2025-12-09;17;2554
50;2025-12-09;18;2600
50;2025-12-09;19;1559
50;2025-12-09;20;1013
50;2025-12-09;21;696
50;2025-12-09;22;263
50;2025-12-09;23;157
50;2025-12-10;0;26
50;2025-12-10;1;2
50;2025-12-10;2;0
50;2025-12-10;3;0
50;2025-12-10;4;3
50;2025-12-10;5;73
50;2025-12-10;6;576
50;2025-12-10;7;1836
50;2025-12-10;8;3044
50;2025-12-10;9;2316
50;2025-12-10;10;1856
50;2025-12-10;11;1601
50;2025-12-10;12;1578
50;2025-12-10;13;1562
50;2025-12-10;14;1478
50;2025-12-10;15;1785
50;2025-12-10;16;1806
50;2025-12-10;17;2554
50;2025-12-10;18;2600
50;2025-12-10;19;1559
50;2025-12-10;20;1013
50;2025-12-10;21;696
50;2025-12-10;22;263
50;2025-12-10;23;157
50;2025-12-11;0;26
50;2025-12-11;1;2
50;2025-12-11;2;0
50;2025-12-11;3;0
50;2025-12-11;4;3
50;2025-12-11;5;73
50;2025-12-11;6;576
50;2025-12-11;7;1836
50;2025-12-11;8;3044
50;2025-12-11;9;2316
50;2025-12-11;10;1856
50;2025-12-11;11;1601
50;2025-12-11;12;1578
50;2025-12-11;13;1562
50;2025-12-11;14;1478
50;2025-12-11;15;1785
50;2025-12-11;16;1806
50;2025-12-11;17;2554
50;2025-12-11;18;2600
50;2025-12-11;19;1559
50;2025-12-11;20;1013
50;2025-12-11;21;696
50;2025-12-11;22;263
50;2025-12-11;23;157
50;2025-12-12;0;34
50;2025-12-12;1;0
50;2025-12-12;2;0
50;2025-12-12;3;0
50;2025-12-12;4;4
50;2025-12-12;5;69
50;2025-12-12;6;523
50;2025-12-12;7;1794
50;2025-12-12;8;2796
50;2025-12-12;9;2121
50;2025-12-12;10;1535
50;2025-12-12;11;1513
50;2025-12-12;12;1416
50;2025-12-12;13;1537
50;2025-12-12;14;1458
50;2025-12-12;15;1790
50;2025-12-12;16;2285
50;2025-12-12;17;2193
50;2025-12-12;18;1626
50;2025-12-12;19;1229
50;2025-12-12;20;917
50;2025-12-12;21;572
50;2025-12-12;22;266
50;2025-12-12;23;174
50;2025-12-13;0;62
50;2025-12-13;1;0
50;2025-12-13;2;0
50;2025-12-13;3;0
50;2025-12-13;4;0
50;2025-12-13;5;43
50;2025-12-13;6;179
50;2025-12-13;7;463
50;2025-12-13;8;607
50;2025-12-13;9;636
50;2025-12-13;10;676
50;2025-12-13;11;789
50;2025-12-13;12;734
50;2025-12-13;13;764
50;2025-12-13;14;873
50;2025-12-13;15;745
50;2025-12-13;16;747
50;2025-12-13;17;898
50;2025-12-13;18;869
50;2025-12-13;19;795
50;2025-12-13;20;692
50;2025-12-13;21;456
50;2025-12-13;22;291
50;2025-12-13;23;173
50;2025-12-14;0;34
50;2025-12-14;1;0
50;2025-12-14;2;0
50;2025-12-14;3;0
50;2025-12-14;4;1
50;2025-12-14;5;40
50;2025-12-14;6;177
50;2025-12-14;7;321
50;2025-12-14;8;506
50;2025-12-14;9;559
50;2025-12-14;10;608
50;2025-12-14;11;767
50;2025-12-14;12;778
50;2025-12-14;13;797
50;2025-12-14;14;849
50;2025-12-14;15;779
50;2025-12-14;16;774
50;2025-12-14;17;893
50;2025-12-14;18;855
50;2025-12-14;19;743
50;2025-12-14;20;731
50;2025-12-14;21;477
50;2025-12-14;22;296
50;2025-12-14;23;153
50;2025-12-15;0;7
50;2025-12-15;1;2
50;2025-12-15;2;0
50;2025-12-15;3;0
50;2025-12-15;4;4
50;2025-12-15;5;73
50;2025-12-15;6;540
50;2025-12-15;7;1767
50;2025-12-15;8;2940
50;2025-12-15;9;2387
50;2025-12-15;10;1703
50;2025-12-15;11;1505
50;2025-12-15;12;1337
50;2025-12-15;13;1552
50;2025-12-15;14;1445
50;2025-12-15;15;1667
50;2025-12-15;16;1700
50;2025-12-15;17;2382
50;2025-12-15;18;2598
50;2025-12-15;19;1288
50;2025-12-15;20;884
50;2025-12-15;21;654
50;2025-12-15;22;215
50;2025-12-15;23;114
50;2025-12-16;0;26
50;2025-12-16;1;2
50;2025-12-16;2;0
50;2025-12-16;3;0
50;2025-12-16;4;3
50;2025-12-16;5;73
50;2025-12-16;6;576
50;2025-12-16;7;1836
50;2025-12-16;8;3044
50;2025-12-16;9;2316
50;2025-12-16;10;1856
50;2025-12-16;11;1601
50;2025-12-16;12;1578
50;2025-12-16;13;1562
50;2025-12-16;14;1478
50;2025-12-16;15;1785
50;2025-12-16;16;1806
50;2025-12-16;17;2554
50;2025-12-16;18;2600
50;2025-12-16;19;1559
50;2025-12-16;20;1013
50;2025-12-16;21;696
50;2025-12-16;22;263
50;2025-12-16;23;157
50;2025-12-17;0;26
50;2025-12-17;1;2
50;2025-12-17;2;0
50;2025-12-17;3;0
50;2025-12-17;4;3
50;2025-12-17;5;73
50;2025-12-17;6;576
50;2025-12-17;7;1836
50;2025-12-17;8;3044
50;2025-12-17;9;2316
50;2025-12-17;10;1856
50;2025-12-17;11;1601
50;2025-12-17;12;1578
50;2025-12-17;13;1562
50;2025-12-17;14;1478
50;2025-12-17;15;1785
50;2025-12-17;16;1806
50;2025-12-17;17;2554
50;2025-12-17;18;2600
50;2025-12-17;19;1559
50;2025-12-17;20;1013
50;2025-12-17;21;696
50;2025-12-17;22;263
50;2025-12-17;23;157
50;2025-12-18;0;26
50;2025-12-18;1;2
50;2025-12-18;2;0
50;2025-12-18;3;0
50;2025-12-18;4;3
50;2025-12-18;5;73
50;2025-12-18;6;576
50;2025-12-18;7;1836
50;2025-12-18;8;3044
50;2025-12-18;9;2316
50;2025-12-18;10;1856
50;2025-12-18;11;1601
50;2025-12-18;12;1578
50;2025-12-18;13;1562
50;2025-12-18;14;1478
50;2025-12-18;15;1785
50;2025-12-18;16;1806
50;2025-12-18;17;2554
50;2025-12-18;18;2600
50;2025-12-18;19;1559
50;2025-12-18;20;1013
50;2025-12-18;21;696
50;2025-12-18;22;263
50;2025-12-18;23;157
50;2025-12-19;0;34
50;2025-12-19;1;0
50;2025-12-19;2;0
50;2025-12-19;3;0
50;2025-12-19;4;4
50;2025-12-19;5;69
50;2025-12-19;6;523
50;2025-12-19;7;1794
50;2025-12-19;8;2796
50;2025-12-19;9;2121
50;2025-12-19;10;1535
50;2025-12-19;11;1513
50;2025-12-19;12;1416
50;2025-12-19;13;1537
50;2025-12-19;14;1458
50;2025-12-19;15;1790
50;2025-12-19;16;2285
50;2025-12-19;17;2193
50;2025-12-19;18;1626
50;2025-12-19;19;1229
50;2025-12-19;20;917
50;2025-12-19;21;572
50;2025-12-19;22;266
50;2025-12-19;23;174
50;2025-12-20;0;62
50;2025-12-20;1;0
50;2025-12-20;2;0
50;2025-12-20;3;0
50;2025-12-20;4;0
50;2025-12-20;5;43
50;2025-12-20;6;179
50;2025-12-20;7;463
50;2025-12-20;8;607
50;2025-12-20;9;636
50;2025-12-20;10;676
50;2025-12-20;11;789
50;2025-12-20;12;734
50;2025-12-20;13;764
50;2025-12-20;14;873
50;2025-12-20;15;745
50;2025-12-20;16;747
50;2025-12-20;17;898
50;2025-12-20;18;869
50;2025-12-20;19;795
50;2025-12-20;20;692
50;2025-12-20;21;456
50;2025-12-20;22;291
50;2025-12-20;23;173
50;2025-12-21;0;34
50;2025-12-21;1;0
50;2025-12-21;2;0
50;2025-12-21;3;0
50;2025-12-21;4;1
50;2025-12-21;5;40
50;2025-12-21;6;177
50;2025-12-21;7;321
50;2025-12-21;8;506
50;2025-12-21;9;559
50;2025-12-21;10;608
50;2025-12-21;11;767
50;2025-12-21;12;778
50;2025-12-21;13;797
50;2025-12-21;14;849
50;2025-12-21;15;779
50;2025-12-21;16;774
50;2025-12-21;17;893
50;2025-12-21;18;855
50;2025-12-21;19;743
50;2025-12-21;20;731
50;2025-12-21;21;477
50;2025-12-21;22;296
50;2025-12-21;23;153
50;2025-12-22;0;7
50;2025-12-22;1;2
50;2025-12-22;2;0
50;2025-12-22;3;0
50;2025-12-22;4;4
50;2025-12-22;5;73
50;2025-12-22;6;540
50;2025-12-22;7;1767
50;2025-12-22;8;2940
50;2025-12-22;9;2387
50;2025-12-22;10;1703
50;2025-12-22;11;1505
50;2025-12-22;12;1337
50;2025-12-22;13;1552
50;2025-12-22;14;1445
50;2025-12-22;15;1667
50;2025-12-22;16;1700
50;2025-12-22;17;2382
50;2025-12-22;18;2598
50;2025-12-22;19;1288
50;2025-12-22;20;884
50;2025-12-22;21;654
50;2025-12-22;22;215
50;2025-12-22;23;114
50;2025-12-23;0;26
50;2025-12-23;1;2
50;2025-12-23;2;0
50;2025-12-23;3;0
50;2025-12-23;4;3
50;2025-12-23;5;73
50;2025-12-23;6;576
50;2025-12-23;7;1836
50;2025-12-23;8;3044
50;2025-12-23;9;2316
50;2025-12-23;10;1856
50;2025-12-23;11;1601
50;2025-12-23;12;1578
50;2025-12-23;13;1562
50;2025-12-23;14;1478
50;2025-12-23;15;1785
50;2025-12-23;16;1806
50;2025-12-23;17;2554
50;2025-12-23;18;2600
50;2025-12-23;19;1559
50;2025-12-23;20;1013
50;2025-12-23;21;696
50;2025-12-23;22;263
50;2025-12-23;23;157
50;2025-12-24;0;26
50;2025-12-24;1;2
50;2025-12-24;2;0
50;2025-12-24;3;0
50;2025-12-24;4;3
50;2025-12-24;5;73
50;2025-12-24;6;576
50;2025-12-24;7;1836
50;2025-12-24;8;3044
50;2025-12-24;9;2316
50;2025-12-24;10;1856
50;2025-12-24;11;1601
50;2025-12-24;12;1578
50;2025-12-24;13;1562
50;2025-12-24;14;1478
50;2025-12-24;15;1785
50;2025-12-24;16;1806
50;2025-12-24;17;2554
50;2025-12-24;18;2600
50;2025-12-24;19;1559
50;2025-12-24;20;1013
50;2025-12-24;21;696
50;2025-12-24;22;263
50;2025-12-24;23;157
50;2025-12-25;0;26
50;2025-12-25;1;2
50;2025-12-25;2;0
50;2025-12-25;3;0
50;2025-12-25;4;3
50;2025-12-25;5;73
50;2025-12-25;6;576
50;2025-12-25;7;1836
50;2025-12-25;8;3044
50;2025-12-25;9;2316
50;2025-12-25;10;1856
50;2025-12-25;11;1601
50;2025-12-25;12;1578
50;2025-12-25;13;1562
50;2025-12-25;14;1478
50;2025-12-25;15;1785
50;2025-12-25;16;1806
50;2025-12-25;17;2554
50;2025-12-25;18;2600
50;2025-12-25;19;1559
50;2025-12-25;20;1013
50;2025-12-25;21;696
50;2025-12-25;22;263
50;2025-12-25;23;157
50;2025-12-26;0;34
50;2025-12-26;1;0
50;2025-12-26;2;0
50;2025-12-26;3;0
50;2025-12-26;4;4
50;2025-12-26;5;69
50;2025-12-26;6;523
50;2025-12-26;7;1794
50;2025-12-26;8;2796
50;2025-12-26;9;2121
50;2025-12-26;10;1535
50;2025-12-26;11;1513
50;2025-12-26;12;1416
50;2025-12-26;13;1537
50;2025-12-26;14;1458
50;2025-12-26;15;1790
50;2025-12-26;16;2285
50;2025-12-26;17;2193
50;2025-12-26;18;1626
50;2025-12-26;19;1229
50;2025-12-26;20;917
50;2025-12-26;21;572
50;2025-12-26;22;266
50;2025-12-26;23;174
50;2025-12-27;0;62
50;2025-12-27;1;0
50;2025-12-27;2;0
50;2025-12-27;3;0
50;2025-12-27;4;0
50;2025-12-27;5;43
50;2025-12-27;6;179
50;2025-12-27;7;463
50;2025-12-27;8;607
50;2025-12-27;9;636
50;2025-12-27;10;676
50;2025-12-27;11;789
50;2025-12-27;12;734
50;2025-12-27;13;764
50;2025-12-27;14;873
50;2025-12-27;15;745
50;2025-12-27;16;747
50;2025-12-27;17;898
50;2025-12-27;18;869
50;2025-12-27;19;795
50;2025-12-27;20;692
50;2025-12-27;21;456
50;2025-12-27;22;291
50;2025-12-27;23;173
50;2025-12-28;0;34
50;2025-12-28;1;0
50;2025-12-28;2;0
50;2025-12-28;3;0
50;2025-12-28;4;1
50;2025-12-28;5;40
50;2025-12-28;6;177
50;2025-12-28;7;321
50;2025-12-28;8;506
50;2025-12-28;9;559
50;2025-12-28;10;608
50;2025-12-28;11;767
50;2025-12-28;12;778
50;2025-12-28;13;797
50;2025-12-28;14;849
50;2025-12-28;15;779
50;2025-12-28;16;774
50;2025-12-28;17;893
50;2025-12-28;18;855
50;2025-12-28;19;743
50;2025-12-28;20;731
50;2025-12-28;21;477
50;2025-12-28;22;296
50;2025-12-28;23;153
50;2025-12-29;0;6
50;2025-12-29;1;1
50;2025-12-29;2;0
50;2025-12-29;3;0
50;2025-12-29;4;3
50;2025-12-29;5;62
50;2025-12-29;6;459
50;2025-12-29;7;1502
50;2025-12-29;8;2499
50;2025-12-29;9;2029
50;2025-12-29;10;1448
50;2025-12-29;11;1279
50;2025-12-29;12;1136
50;2025-12-29;13;1320
50;2025-12-29;14;1228
50;2025-12-29;15;1417
50;2025-12-29;16;1445
50;2025-12-29;17;2024
50;2025-12-29;18;2209
50;2025-12-29;19;1095
50;2025-12-29;20;752
50;2025-12-29;21;556
50;2025-12-29;22;183
50;2025-12-29;23;97
50;2025-12-30;0;23
50;2025-12-30;1;2
50;2025-12-30;2;0
50;2025-12-30;3;0
50;2025-12-30;4;3
50;2025-12-30;5;62
50;2025-12-30;6;489
50;2025-12-30;7;1561
50;2025-12-30;8;2587
50;2025-12-30;9;1969
50;2025-12-30;10;1578
50;2025-12-30;11;1361
50;2025-12-30;12;1342
50;2025-12-30;13;1328
50;2025-12-30;14;1257
50;2025-12-30;15;1518
50;2025-12-30;16;1535
50;2025-12-30;17;2171
50;2025-12-30;18;2210
50;2025-12-30;19;1325
50;2025-12-30;20;861
50;2025-12-30;21;592
50;2025-12-30;22;224
50;2025-12-30;23;133
50;2025-12-31;0;29
50;2025-12-31;1;0
50;2025-12-31;2;0
50;2025-12-31;3;0
50;2025-12-31;4;1
50;2025-12-31;5;34
50;2025-12-31;6;151
50;2025-12-31;7;273
50;2025-12-31;8;430
50;2025-12-31;9;476
50;2025-12-31;10;517
50;2025-12-31;11;652
50;2025-12-31;12;661
50;2025-12-31;13;677
50;2025-12-31;14;722
50;2025-12-31;15;663
50;2025-12-31;16;658
50;2025-12-31;17;759
50;2025-12-31;18;727
50;2025-12-31;19;632
50;2025-12-31;20;622
50;2025-12-31;21;406
50;2025-12-31;22;252
50;2025-12-31;23;130
