route;date;hour;prediction
1;2025-11-01;0;2
1;2025-11-01;1;0
1;2025-11-01;2;0
1;2025-11-01;3;0
1;2025-11-01;4;6
1;2025-11-01;5;118
1;2025-11-01;6;471
1;2025-11-01;7;1315
1;2025-11-01;8;1641
1;2025-11-01;9;1306
1;2025-11-01;10;1189
1;2025-11-01;11;1224
1;2025-11-01;12;1246
1;2025-11-01;13;1273
1;2025-11-01;14;1257
1;2025-11-01;15;1386
1;2025-11-01;16;1428
1;2025-11-01;17;1558
1;2025-11-01;18;1361
1;2025-11-01;19;1133
1;2025-11-01;20;724
1;2025-11-01;21;423
1;2025-11-01;22;189
1;2025-11-01;23;44
1;2025-11-02;0;1
1;2025-11-02;1;0
1;2025-11-02;2;0
1;2025-11-02;3;0
1;2025-11-02;4;0
1;2025-11-02;5;23
1;2025-11-02;6;121
1;2025-11-02;7;253
1;2025-11-02;8;352
1;2025-11-02;9;593
1;2025-11-02;10;662
1;2025-11-02;11;705
1;2025-11-02;12;800
1;2025-11-02;13;816
1;2025-11-02;14;788
1;2025-11-02;15;722
1;2025-11-02;16;676
1;2025-11-02;17;629
1;2025-11-02;18;525
1;2025-11-02;19;451
1;2025-11-02;20;338
1;2025-11-02;21;270
1;2025-11-02;22;110
1;2025-11-02;23;26
1;2025-11-03;0;1
1;2025-11-03;1;0
1;2025-11-03;2;0
1;2025-11-03;3;0
1;2025-11-03;4;0
1;2025-11-03;5;36
1;2025-11-03;6;143
1;2025-11-03;7;276
1;2025-11-03;8;365
1;2025-11-03;9;580
1;2025-11-03;10;636
1;2025-11-03;11;630
1;2025-11-03;12;714
1;2025-11-03;13;738
1;2025-11-03;14;689
1;2025-11-03;15;648
1;2025-11-03;16;651
1;2025-11-03;17;609
1;2025-11-03;18;521
1;2025-11-03;19;477
1;2025-11-03;20;370
1;2025-11-03;21;293
1;2025-11-03;22;134
1;2025-11-03;23;48
1;2025-11-04;0;1
1;2025-11-04;1;0
1;2025-11-04;2;0
1;2025-11-04;3;0
1;2025-11-04;4;1
1;2025-11-04;5;32
1;2025-11-04;6;137
1;2025-11-04;7;270
1;2025-11-04;8;358
1;2025-11-04;9;554
1;2025-11-04;10;609
1;2025-11-04;11;617
1;2025-11-04;12;689
1;2025-11-04;13;722
1;2025-11-04;14;741
1;2025-11-04;15;686
1;2025-11-04;16;647
1;2025-11-04;17;600
1;2025-11-04;18;518
1;2025-11-04;19;470
1;2025-11-04;20;364
1;2025-11-04;21;290
1;2025-11-04;22;128
1;2025-11-04;23;45
1;2025-11-05;0;3
1;2025-11-05;1;0
1;2025-11-05;2;0
1;2025-11-05;3;0
1;2025-11-05;4;8
1;2025-11-05;5;125
1;2025-11-05;6;533
1;2025-11-05;7;1490
1;2025-11-05;8;1950
1;2025-11-05;9;1512
1;2025-11-05;10;1368
1;2025-11-05;11;1376
1;2025-11-05;12;1399
1;2025-11-05;13;1432
1;2025-11-05;14;1394
1;2025-11-05;15;1495
1;2025-11-05;16;1535
1;2025-11-05;17;1792
1;2025-11-05;18;1818
1;2025-11-05;19;1355
1;2025-11-05;20;884
1;2025-11-05;21;482
1;2025-11-05;22;210
1;2025-11-05;23;38
1;2025-11-06;0;3
1;2025-11-06;1;0
1;2025-11-06;2;0
1;2025-11-06;3;0
1;2025-11-06;4;8
1;2025-11-06;5;126
1;2025-11-06;6;535
1;2025-11-06;7;1493
1;2025-11-06;8;1956
1;2025-11-06;9;1515
1;2025-11-06;10;1372
1;2025-11-06;11;1371
1;2025-11-06;12;1401
1;2025-11-06;13;1434
1;2025-11-06;14;1392
1;2025-11-06;15;1490
1;2025-11-06;16;1532
1;2025-11-06;17;1794
1;2025-11-06;18;1818
1;2025-11-06;19;1355
1;2025-11-06;20;885
1;2025-11-06;21;485
1;2025-11-06;22;212
1;2025-11-06;23;41
1;2025-11-07;0;2
1;2025-11-07;1;0
1;2025-11-07;2;0
1;2025-11-07;3;0
1;2025-11-07;4;7
1;2025-11-07;5;137
1;2025-11-07;6;528
1;2025-11-07;7;1480
1;2025-11-07;8;1839
1;2025-11-07;9;1450
1;2025-11-07;10;1319
1;2025-11-07;11;1365
1;2025-11-07;12;1386
1;2025-11-07;13;1418
1;2025-11-07;14;1400
1;2025-11-07;15;1548
1;2025-11-07;16;1596
1;2025-11-07;17;1752
1;2025-11-07;18;1522
1;2025-11-07;19;1271
1;2025-11-07;20;811
1;2025-11-07;21;475
1;2025-11-07;22;210
1;2025-11-07;23;46
1;2025-11-08;0;3
1;2025-11-08;1;0
1;2025-11-08;2;0
1;2025-11-08;3;0
1;2025-11-08;4;0
1;2025-11-08;5;35
1;2025-11-08;6;175
1;2025-11-08;7;362
1;2025-11-08;8;521
1;2025-11-08;9;757
1;2025-11-08;10;873
1;2025-11-08;11;877
1;2025-11-08;12;1020
1;2025-11-08;13;1075
1;2025-11-08;14;1012
1;2025-11-08;15;919
1;2025-11-08;16;832
1;2025-11-08;17;780
1;2025-11-08;18;681
1;2025-11-08;19;585
1;2025-11-08;20;435
1;2025-11-08;21;315
1;2025-11-08;22;130
1;2025-11-08;23;28
1;2025-11-09;0;1
1;2025-11-09;1;0
1;2025-11-09;2;0
1;2025-11-09;3;0
1;2025-11-09;4;0
1;2025-11-09;5;28
1;2025-11-09;6;126
1;2025-11-09;7;263
1;2025-11-09;8;362
1;2025-11-09;9;600
1;2025-11-09;10;662
1;2025-11-09;11;697
1;2025-11-09;12;816
1;2025-11-09;13;853
1;2025-11-09;14;790
1;2025-11-09;15;731
1;2025-11-09;16;692
1;2025-11-09;17;644
1;2025-11-09;18;529
1;2025-11-09;19;458
1;2025-11-09;20;347
1;2025-11-09;21;275
1;2025-11-09;22;110
1;2025-11-09;23;27
1;2025-11-10;0;1
1;2025-11-10;1;0
1;2025-11-10;2;0
1;2025-11-10;3;0
1;2025-11-10;4;9
1;2025-11-10;5;135
1;2025-11-10;6;522
1;2025-11-10;7;1467
1;2025-11-10;8;1931
1;2025-11-10;9;1476
1;2025-11-10;10;1266
1;2025-11-10;11;1248
1;2025-11-10;12;1320
1;2025-11-10;13;1381
1;2025-11-10;14;1394
1;2025-11-10;15;1507
1;2025-11-10;16;1564
1;2025-11-10;17;1822
1;2025-11-10;18;1913
1;2025-11-10;19;1402
1;2025-11-10;20;890
1;2025-11-10;21;456
1;2025-11-10;22;182
1;2025-11-10;23;38
1;2025-11-11;0;3
1;2025-11-11;1;0
1;2025-11-11;2;0
1;2025-11-11;3;0
1;2025-11-11;4;9
1;2025-11-11;5;126
1;2025-11-11;6;534
1;2025-11-11;7;1488
1;2025-11-11;8;1953
1;2025-11-11;9;1507
1;2025-11-11;10;1358
1;2025-11-11;11;1366
1;2025-11-11;12;1394
1;2025-11-11;13;1430
1;2025-11-11;14;1387
1;2025-11-11;15;1487
1;2025-11-11;16;1526
1;2025-11-11;17;1781
1;2025-11-11;18;1815
1;2025-11-11;19;1350
1;2025-11-11;20;882
1;2025-11-11;21;480
1;2025-11-11;22;208
1;2025-11-11;23;39
1;2025-11-12;0;3
1;2025-11-12;1;0
1;2025-11-12;2;0
1;2025-11-12;3;0
1;2025-11-12;4;8
1;2025-11-12;5;125
1;2025-11-12;6;533
1;2025-11-12;7;1487
1;2025-11-12;8;1948
1;2025-11-12;9;1508
1;2025-11-12;10;1361
1;2025-11-12;11;1364
1;2025-11-12;12;1389
1;2025-11-12;13;1430
1;2025-11-12;14;1384
1;2025-11-12;15;1486
1;2025-11-12;16;1526
1;2025-11-12;17;1784
1;2025-11-12;18;1806
1;2025-11-12;19;1348
1;2025-11-12;20;882
1;2025-11-12;21;481
1;2025-11-12;22;209
1;2025-11-12;23;39
1;2025-11-13;0;3
1;2025-11-13;1;0
1;2025-11-13;2;0
1;2025-11-13;3;0
1;2025-11-13;4;9
1;2025-11-13;5;125
1;2025-11-13;6;532
1;2025-11-13;7;1488
1;2025-11-13;8;1952
1;2025-11-13;9;1513
1;2025-11-13;10;1368
1;2025-11-13;11;1373
1;2025-11-13;12;1397
1;2025-11-13;13;1432
1;2025-11-13;14;1388
1;2025-11-13;15;1494
1;2025-11-13;16;1532
1;2025-11-13;17;1788
1;2025-11-13;18;1814
1;2025-11-13;19;1353
1;2025-11-13;20;884
1;2025-11-13;21;483
1;2025-11-13;22;211
1;2025-11-13;23;41
1;2025-11-14;0;2
1;2025-11-14;1;0
1;2025-11-14;2;0
1;2025-11-14;3;0
1;2025-11-14;4;7
1;2025-11-14;5;132
1;2025-11-14;6;524
1;2025-11-14;7;1474
1;2025-11-14;8;1836
1;2025-11-14;9;1454
1;2025-11-14;10;1327
1;2025-11-14;11;1369
1;2025-11-14;12;1389
1;2025-11-14;13;1419
1;2025-11-14;14;1403
1;2025-11-14;15;1549
1;2025-11-14;16;1596
1;2025-11-14;17;1749
1;2025-11-14;18;1516
1;2025-11-14;19;1269
1;2025-11-14;20;802
1;2025-11-14;21;468
1;2025-11-14;22;203
1;2025-11-14;23;45
1;2025-11-15;0;3
1;2025-11-15;1;0
1;2025-11-15;2;0
1;2025-11-15;3;0
1;2025-11-15;4;0
1;2025-11-15;5;34
1;2025-11-15;6;169
1;2025-11-15;7;354
1;2025-11-15;8;516
1;2025-11-15;9;754
1;2025-11-15;10;855
1;2025-11-15;11;856
1;2025-11-15;12;984
1;2025-11-15;13;1071
1;2025-11-15;14;1046
1;2025-11-15;15;942
1;2025-11-15;16;852
1;2025-11-15;17;796
1;2025-11-15;18;689
1;2025-11-15;19;587
1;2025-11-15;20;435
1;2025-11-15;21;316
1;2025-11-15;22;128
1;2025-11-15;23;29
1;2025-11-16;0;2
1;2025-11-16;1;0
1;2025-11-16;2;0
1;2025-11-16;3;0
1;2025-11-16;4;0
1;2025-11-16;5;11
1;2025-11-16;6;116
1;2025-11-16;7;237
1;2025-11-16;8;301
1;2025-11-16;9;562
1;2025-11-16;10;630
1;2025-11-16;11;687
1;2025-11-16;12;797
1;2025-11-16;13;832
1;2025-11-16;14;776
1;2025-11-16;15;703
1;2025-11-16;16;661
1;2025-11-16;17;607
1;2025-11-16;18;496
1;2025-11-16;19;431
1;2025-11-16;20;325
1;2025-11-16;21;257
1;2025-11-16;22;102
1;2025-11-16;23;24
1;2025-11-17;0;1
1;2025-11-17;1;0
1;2025-11-17;2;0
1;2025-11-17;3;0
1;2025-11-17;4;9
1;2025-11-17;5;132
1;2025-11-17;6;520
1;2025-11-17;7;1457
1;2025-11-17;8;1910
1;2025-11-17;9;1463
1;2025-11-17;10;1270
1;2025-11-17;11;1249
1;2025-11-17;12;1322
1;2025-11-17;13;1366
1;2025-11-17;14;1384
1;2025-11-17;15;1496
1;2025-11-17;16;1556
1;2025-11-17;17;1811
1;2025-11-17;18;1906
1;2025-11-17;19;1396
1;2025-11-17;20;887
1;2025-11-17;21;462
1;2025-11-17;22;182
1;2025-11-17;23;38
1;2025-11-18;0;3
1;2025-11-18;1;0
1;2025-11-18;2;0
1;2025-11-18;3;0
1;2025-11-18;4;8
1;2025-11-18;5;117
1;2025-11-18;6;534
1;2025-11-18;7;1498
1;2025-11-18;8;1967
1;2025-11-18;9;1500
1;2025-11-18;10;1329
1;2025-11-18;11;1357
1;2025-11-18;12;1383
1;2025-11-18;13;1426
1;2025-11-18;14;1373
1;2025-11-18;15;1483
1;2025-11-18;16;1530
1;2025-11-18;17;1779
1;2025-11-18;18;1805
1;2025-11-18;19;1349
1;2025-11-18;20;883
1;2025-11-18;21;480
1;2025-11-18;22;207
1;2025-11-18;23;39
1;2025-11-19;0;3
1;2025-11-19;1;0
1;2025-11-19;2;0
1;2025-11-19;3;0
1;2025-11-19;4;8
1;2025-11-19;5;126
1;2025-11-19;6;534
1;2025-11-19;7;1488
1;2025-11-19;8;1947
1;2025-11-19;9;1507
1;2025-11-19;10;1358
1;2025-11-19;11;1364
1;2025-11-19;12;1383
1;2025-11-19;13;1422
1;2025-11-19;14;1375
1;2025-11-19;15;1480
1;2025-11-19;16;1519
1;2025-11-19;17;1777
1;2025-11-19;18;1805
1;2025-11-19;19;1347
1;2025-11-19;20;882
1;2025-11-19;21;483
1;2025-11-19;22;211
1;2025-11-19;23;40
1;2025-11-20;0;3
1;2025-11-20;1;0
1;2025-11-20;2;0
1;2025-11-20;3;0
1;2025-11-20;4;8
1;2025-11-20;5;126
1;2025-11-20;6;534
1;2025-11-20;7;1488
1;2025-11-20;8;1938
1;2025-11-20;9;1508
1;2025-11-20;10;1358
1;2025-11-20;11;1365
1;2025-11-20;12;1384
1;2025-11-20;13;1422
1;2025-11-20;14;1375
1;2025-11-20;15;1480
1;2025-11-20;16;1519
1;2025-11-20;17;1777
1;2025-11-20;18;1805
1;2025-11-20;19;1343
1;2025-11-20;20;879
1;2025-11-20;21;481
1;2025-11-20;22;209
1;2025-11-20;23;41
1;2025-11-21;0;2
1;2025-11-21;1;0
1;2025-11-21;2;0
1;2025-11-21;3;0
1;2025-11-21;4;7
1;2025-11-21;5;138
1;2025-11-21;6;529
1;2025-11-21;7;1464
1;2025-11-21;8;1828
1;2025-11-21;9;1449
1;2025-11-21;10;1320
1;2025-11-21;11;1364
1;2025-11-21;12;1357
1;2025-11-21;13;1409
1;2025-11-21;14;1390
1;2025-11-21;15;1535
1;2025-11-21;16;1585
1;2025-11-21;17;1739
1;2025-11-21;18;1510
1;2025-11-21;19;1262
1;2025-11-21;20;805
1;2025-11-21;21;474
1;2025-11-21;22;208
1;2025-11-21;23;47
1;2025-11-22;0;3
1;2025-11-22;1;0
1;2025-11-22;2;0
1;2025-11-22;3;0
1;2025-11-22;4;0
1;2025-11-22;5;33
1;2025-11-22;6;172
1;2025-11-22;7;357
1;2025-11-22;8;520
1;2025-11-22;9;758
1;2025-11-22;10;899
1;2025-11-22;11;915
1;2025-11-22;12;1054
1;2025-11-22;13;1110
1;2025-11-22;14;1046
1;2025-11-22;15;944
1;2025-11-22;16;851
1;2025-11-22;17;795
1;2025-11-22;18;691
1;2025-11-22;19;586
1;2025-11-22;20;437
1;2025-11-22;21;308
1;2025-11-22;22;126
1;2025-11-22;23;33
1;2025-11-23;0;2
1;2025-11-23;1;0
1;2025-11-23;2;0
1;2025-11-23;3;0
1;2025-11-23;4;0
1;2025-11-23;5;19
1;2025-11-23;6;120
1;2025-11-23;7;248
1;2025-11-23;8;352
1;2025-11-23;9;587
1;2025-11-23;10;656
1;2025-11-23;11;699
1;2025-11-23;12;814
1;2025-11-23;13;849
1;2025-11-23;14;793
1;2025-11-23;15;720
1;2025-11-23;16;677
1;2025-11-23;17;628
1;2025-11-23;18;502
1;2025-11-23;19;436
1;2025-11-23;20;335
1;2025-11-23;21;262
1;2025-11-23;22;107
1;2025-11-23;23;26
1;2025-11-24;0;1
1;2025-11-24;1;0
1;2025-11-24;2;0
1;2025-11-24;3;0
1;2025-11-24;4;9
1;2025-11-24;5;132
1;2025-11-24;6;519
1;2025-11-24;7;1477
1;2025-11-24;8;1927
1;2025-11-24;9;1479
1;2025-11-24;10;1250
1;2025-11-24;11;1226
1;2025-11-24;12;1328
1;2025-11-24;13;1395
1;2025-11-24;14;1396
1;2025-11-24;15;1508
1;2025-11-24;16;1568
1;2025-11-24;17;1817
1;2025-11-24;18;1906
1;2025-11-24;19;1398
1;2025-11-24;20;886
1;2025-11-24;21;455
1;2025-11-24;22;183
1;2025-11-24;23;38
1;2025-11-25;0;3
1;2025-11-25;1;0
1;2025-11-25;2;0
1;2025-11-25;3;0
1;2025-11-25;4;8
1;2025-11-25;5;127
1;2025-11-25;6;535
1;2025-11-25;7;1490
1;2025-11-25;8;1942
1;2025-11-25;9;1507
1;2025-11-25;10;1355
1;2025-11-25;11;1363
1;2025-11-25;12;1380
1;2025-11-25;13;1417
1;2025-11-25;14;1371
1;2025-11-25;15;1477
1;2025-11-25;16;1515
1;2025-11-25;17;1775
1;2025-11-25;18;1808
1;2025-11-25;19;1348
1;2025-11-25;20;881
1;2025-11-25;21;480
1;2025-11-25;22;209
1;2025-11-25;23;40
1;2025-11-26;0;3
1;2025-11-26;1;0
1;2025-11-26;2;0
1;2025-11-26;3;0
1;2025-11-26;4;8
1;2025-11-26;5;130
1;2025-11-26;6;538
1;2025-11-26;7;1503
1;2025-11-26;8;1965
1;2025-11-26;9;1518
1;2025-11-26;10;1358
1;2025-11-26;11;1369
1;2025-11-26;12;1387
1;2025-11-26;13;1427
1;2025-11-26;14;1378
1;2025-11-26;15;1481
1;2025-11-26;16;1504
1;2025-11-26;17;1767
1;2025-11-26;18;1802
1;2025-11-26;19;1348
1;2025-11-26;20;883
1;2025-11-26;21;485
1;2025-11-26;22;212
1;2025-11-26;23;41
1;2025-11-27;0;3
1;2025-11-27;1;0
1;2025-11-27;2;0
1;2025-11-27;3;0
1;2025-11-27;4;8
1;2025-11-27;5;125
1;2025-11-27;6;533
1;2025-11-27;7;1488
1;2025-11-27;8;1947
1;2025-11-27;9;1514
1;2025-11-27;10;1363
1;2025-11-27;11;1367
1;2025-11-27;12;1388
1;2025-11-27;13;1431
1;2025-11-27;14;1379
1;2025-11-27;15;1489
1;2025-11-27;16;1531
1;2025-11-27;17;1775
1;2025-11-27;18;1801
1;2025-11-27;19;1349
1;2025-11-27;20;884
1;2025-11-27;21;485
1;2025-11-27;22;213
1;2025-11-27;23;42
1;2025-11-28;0;2
1;2025-11-28;1;0
1;2025-11-28;2;0
1;2025-11-28;3;0
1;2025-11-28;4;7
1;2025-11-28;5;132
1;2025-11-28;6;524
1;2025-11-28;7;1472
1;2025-11-28;8;1829
1;2025-11-28;9;1448
1;2025-11-28;10;1317
1;2025-11-28;11;1360
1;2025-11-28;12;1376
1;2025-11-28;13;1405
1;2025-11-28;14;1389
1;2025-11-28;15;1539
1;2025-11-28;16;1585
1;2025-11-28;17;1735
1;2025-11-28;18;1507
1;2025-11-28;19;1259
1;2025-11-28;20;802
1;2025-11-28;21;471
1;2025-11-28;22;207
1;2025-11-28;23;46
1;2025-11-29;0;3
1;2025-11-29;1;0
1;2025-11-29;2;0
1;2025-11-29;3;0
1;2025-11-29;4;0
1;2025-11-29;5;33
1;2025-11-29;6;174
1;2025-11-29;7;358
1;2025-11-29;8;516
1;2025-11-29;9;776
1;2025-11-29;10;900
1;2025-11-29;11;915
1;2025-11-29;12;1054
1;2025-11-29;13;1107
1;2025-11-29;14;1045
1;2025-11-29;15;942
1;2025-11-29;16;852
1;2025-11-29;17;795
1;2025-11-29;18;689
1;2025-11-29;19;587
1;2025-11-29;20;438
1;2025-11-29;21;318
1;2025-11-29;22;134
1;2025-11-29;23;33
1;2025-11-30;0;2
1;2025-11-30;1;0
1;2025-11-30;2;0
1;2025-11-30;3;0
1;2025-11-30;4;0
1;2025-11-30;5;21
1;2025-11-30;6;121
1;2025-11-30;7;250
1;2025-11-30;8;352
1;2025-11-30;9;586
1;2025-11-30;10;654
1;2025-11-30;11;697
1;2025-11-30;12;813
1;2025-11-30;13;851
1;2025-11-30;14;798
1;2025-11-30;15;728
1;2025-11-30;16;681
1;2025-11-30;17;633
1;2025-11-30;18;517
1;2025-11-30;19;449
1;2025-11-30;20;340
1;2025-11-30;21;277
1;2025-11-30;22;110
1;2025-11-30;23;28
1;2025-12-01;0;1
1;2025-12-01;1;0
1;2025-12-01;2;0
1;2025-12-01;3;0
1;2025-12-01;4;9
1;2025-12-01;5;135
1;2025-12-01;6;523
1;2025-12-01;7;1467
1;2025-12-01;8;1923
1;2025-12-01;9;1473
1;2025-12-01;10;1264
1;2025-12-01;11;1247
1;2025-12-01;12;1320
1;2025-12-01;13;1383
1;2025-12-01;14;1386
1;2025-12-01;15;1497
1;2025-12-01;16;1554
1;2025-12-01;17;1813
1;2025-12-01;18;1907
1;2025-12-01;19;1398
1;2025-12-01;20;887
1;2025-12-01;21;455
1;2025-12-01;22;183
1;2025-12-01;23;40
1;2025-12-02;0;3
1;2025-12-02;1;0
1;2025-12-02;2;0
1;2025-12-02;3;0
1;2025-12-02;4;8
1;2025-12-02;5;126
1;2025-12-02;6;535
1;2025-12-02;7;1489
1;2025-12-02;8;1949
1;2025-12-02;9;1508
1;2025-12-02;10;1355
1;2025-12-02;11;1361
1;2025-12-02;12;1380
1;2025-12-02;13;1418
1;2025-12-02;14;1371
1;2025-12-02;15;1477
1;2025-12-02;16;1515
1;2025-12-02;17;1775
1;2025-12-02;18;1808
1;2025-12-02;19;1348
1;2025-12-02;20;881
1;2025-12-02;21;481
1;2025-12-02;22;209
1;2025-12-02;23;40
1;2025-12-03;0;3
1;2025-12-03;1;0
1;2025-12-03;2;0
1;2025-12-03;3;0
1;2025-12-03;4;8
1;2025-12-03;5;126
1;2025-12-03;6;534
1;2025-12-03;7;1488
1;2025-12-03;8;1947
1;2025-12-03;9;1508
1;2025-12-03;10;1356
1;2025-12-03;11;1363
1;2025-12-03;12;1382
1;2025-12-03;13;1422
1;2025-12-03;14;1375
1;2025-12-03;15;1480
1;2025-12-03;16;1519
1;2025-12-03;17;1777
1;2025-12-03;18;1805
1;2025-12-03;19;1346
1;2025-12-03;20;881
1;2025-12-03;21;482
1;2025-12-03;22;210
1;2025-12-03;23;41
1;2025-12-04;0;3
1;2025-12-04;1;0
1;2025-12-04;2;0
1;2025-12-04;3;0
1;2025-12-04;4;8
1;2025-12-04;5;125
1;2025-12-04;6;533
1;2025-12-04;7;1487
1;2025-12-04;8;1949
1;2025-12-04;9;1507
1;2025-12-04;10;1359
1;2025-12-04;11;1364
1;2025-12-04;12;1384
1;2025-12-04;13;1422
1;2025-12-04;14;1372
1;2025-12-04;15;1480
1;2025-12-04;16;1515
1;2025-12-04;17;1773
1;2025-12-04;18;1805
1;2025-12-04;19;1347
1;2025-12-04;20;882
1;2025-12-04;21;483
1;2025-12-04;22;210
1;2025-12-04;23;42
1;2025-12-05;0;2
1;2025-12-05;1;0
1;2025-12-05;2;0
1;2025-12-05;3;0
1;2025-12-05;4;7
1;2025-12-05;5;131
1;2025-12-05;6;523
1;2025-12-05;7;1470
1;2025-12-05;8;1831
1;2025-12-05;9;1448
1;2025-12-05;10;1318
1;2025-12-05;11;1362
1;2025-12-05;12;1378
1;2025-12-05;13;1409
1;2025-12-05;14;1386
1;2025-12-05;15;1535
1;2025-12-05;16;1585
1;2025-12-05;17;1739
1;2025-12-05;18;1507
1;2025-12-05;19;1259
1;2025-12-05;20;802
1;2025-12-05;21;471
1;2025-12-05;22;207
1;2025-12-05;23;46
1;2025-12-06;0;3
1;2025-12-06;1;0
1;2025-12-06;2;0
1;2025-12-06;3;0
1;2025-12-06;4;0
1;2025-12-06;5;33
1;2025-12-06;6;174
1;2025-12-06;7;357
1;2025-12-06;8;515
1;2025-12-06;9;774
1;2025-12-06;10;897
1;2025-12-06;11;909
1;2025-12-06;12;1055
1;2025-12-06;13;1114
1;2025-12-06;14;1050
1;2025-12-06;15;951
1;2025-12-06;16;859
1;2025-12-06;17;796
1;2025-12-06;18;696
1;2025-12-06;19;581
1;2025-12-06;20;432
1;2025-12-06;21;319
1;2025-12-06;22;130
1;2025-12-06;23;32
1;2025-12-07;0;2
1;2025-12-07;1;0
1;2025-12-07;2;0
1;2025-12-07;3;0
1;2025-12-07;4;0
1;2025-12-07;5;22
1;2025-12-07;6;122
1;2025-12-07;7;248
1;2025-12-07;8;350
1;2025-12-07;9;587
1;2025-12-07;10;656
1;2025-12-07;11;699
1;2025-12-07;12;813
1;2025-12-07;13;848
1;2025-12-07;14;793
1;2025-12-07;15;722
1;2025-12-07;16;676
1;2025-12-07;17;627
1;2025-12-07;18;505
1;2025-12-07;19;442
1;2025-12-07;20;334
1;2025-12-07;21;265
1;2025-12-07;22;110
1;2025-12-07;23;29
1;2025-12-08;0;1
1;2025-12-08;1;0
1;2025-12-08;2;0
1;2025-12-08;3;0
1;2025-12-08;4;9
1;2025-12-08;5;134
1;2025-12-08;6;522
1;2025-12-08;7;1467
1;2025-12-08;8;1926
1;2025-12-08;9;1474
1;2025-12-08;10;1264
1;2025-12-08;11;1247
1;2025-12-08;12;1320
1;2025-12-08;13;1380
1;2025-12-08;14;1384
1;2025-12-08;15;1497
1;2025-12-08;16;1554
1;2025-12-08;17;1813
1;2025-12-08;18;1907
1;2025-12-08;19;1398
1;2025-12-08;20;887
1;2025-12-08;21;455
1;2025-12-08;22;183
1;2025-12-08;23;40
1;2025-12-09;0;3
1;2025-12-09;1;0
1;2025-12-09;2;0
1;2025-12-09;3;0
1;2025-12-09;4;8
1;2025-12-09;5;127
1;2025-12-09;6;535
1;2025-12-09;7;1489
1;2025-12-09;8;1944
1;2025-12-09;9;1509
1;2025-12-09;10;1357
1;2025-12-09;11;1362
1;2025-12-09;12;1380
1;2025-12-09;13;1417
1;2025-12-09;14;1371
1;2025-12-09;15;1477
1;2025-12-09;16;1517
1;2025-12-09;17;1775
1;2025-12-09;18;1809
1;2025-12-09;19;1349
1;2025-12-09;20;881
1;2025-12-09;21;482
1;2025-12-09;22;211
1;2025-12-09;23;40
1;2025-12-10;0;3
1;2025-12-10;1;0
1;2025-12-10;2;0
1;2025-12-10;3;0
1;2025-12-10;4;8
1;2025-12-10;5;146
1;2025-12-10;6;554
1;2025-12-10;7;1507
1;2025-12-10;8;1947
1;2025-12-10;9;1526
1;2025-12-10;10;1371
1;2025-12-10;11;1372
1;2025-12-10;12;1383
1;2025-12-10;13;1421
1;2025-12-10;14;1375
1;2025-12-10;15;1480
1;2025-12-10;16;1519
1;2025-12-10;17;1777
1;2025-12-10;18;1805
1;2025-12-10;19;1347
1;2025-12-10;20;882
1;2025-12-10;21;483
1;2025-12-10;22;211
1;2025-12-10;23;41
1;2025-12-11;0;3
1;2025-12-11;1;0
1;2025-12-11;2;0
1;2025-12-11;3;0
1;2025-12-11;4;8
1;2025-12-11;5;125
1;2025-12-11;6;532
1;2025-12-11;7;1486
1;2025-12-11;8;1948
1;2025-12-11;9;1503
1;2025-12-11;10;1356
1;2025-12-11;11;1361
1;2025-12-11;12;1381
1;2025-12-11;13;1424
1;2025-12-11;14;1375
1;2025-12-11;15;1481
1;2025-12-11;16;1514
1;2025-12-11;17;1763
1;2025-12-11;18;1791
1;2025-12-11;19;1345
1;2025-12-11;20;883
1;2025-12-11;21;485
1;2025-12-11;22;214
1;2025-12-11;23;42
1;2025-12-12;0;2
1;2025-12-12;1;0
1;2025-12-12;2;0
1;2025-12-12;3;0
1;2025-12-12;4;7
1;2025-12-12;5;132
1;2025-12-12;6;519
1;2025-12-12;7;1471
1;2025-12-12;8;1828
1;2025-12-12;9;1453
1;2025-12-12;10;1315
1;2025-12-12;11;1365
1;2025-12-12;12;1362
1;2025-12-12;13;1384
1;2025-12-12;14;1367
1;2025-12-12;15;1476
1;2025-12-12;16;1530
1;2025-12-12;17;1717
1;2025-12-12;18;1513
1;2025-12-12;19;1257
1;2025-12-12;20;808
1;2025-12-12;21;477
1;2025-12-12;22;202
1;2025-12-12;23;49
1;2025-12-13;0;3
1;2025-12-13;1;0
1;2025-12-13;2;0
1;2025-12-13;3;0
1;2025-12-13;4;0
1;2025-12-13;5;24
1;2025-12-13;6;159
1;2025-12-13;7;334
1;2025-12-13;8;482
1;2025-12-13;9;741
1;2025-12-13;10;863
1;2025-12-13;11;880
1;2025-12-13;12;1011
1;2025-12-13;13;1069
1;2025-12-13;14;1007
1;2025-12-13;15;913
1;2025-12-13;16;824
1;2025-12-13;17;765
1;2025-12-13;18;677
1;2025-12-13;19;566
1;2025-12-13;20;399
1;2025-12-13;21;285
1;2025-12-13;22;121
1;2025-12-13;23;15
1;2025-12-14;0;2
1;2025-12-14;1;0
1;2025-12-14;2;0
1;2025-12-14;3;0
1;2025-12-14;4;0
1;2025-12-14;5;11
1;2025-12-14;6;89
1;2025-12-14;7;210
1;2025-12-14;8;293
1;2025-12-14;9;547
1;2025-12-14;10;614
1;2025-12-14;11;664
1;2025-12-14;12;782
1;2025-12-14;13;822
1;2025-12-14;14;766
1;2025-12-14;15;701
1;2025-12-14;16;661
1;2025-12-14;17;611
1;2025-12-14;18;498
1;2025-12-14;19;434
1;2025-12-14;20;324
1;2025-12-14;21;258
1;2025-12-14;22;111
1;2025-12-14;23;31
1;2025-12-15;0;1
1;2025-12-15;1;0
1;2025-12-15;2;0
1;2025-12-15;3;0
1;2025-12-15;4;9
1;2025-12-15;5;131
1;2025-12-15;6;516
1;2025-12-15;7;1460
1;2025-12-15;8;1899
1;2025-12-15;9;1463
1;2025-12-15;10;1252
1;2025-12-15;11;1217
1;2025-12-15;12;1296
1;2025-12-15;13;1358
1;2025-12-15;14;1362
1;2025-12-15;15;1487
1;2025-12-15;16;1538
1;2025-12-15;17;1803
1;2025-12-15;18;1910
1;2025-12-15;19;1405
1;2025-12-15;20;889
1;2025-12-15;21;455
1;2025-12-15;22;182
1;2025-12-15;23;40
1;2025-12-16;0;3
1;2025-12-16;1;0
1;2025-12-16;2;0
1;2025-12-16;3;0
1;2025-12-16;4;8
1;2025-12-16;5;126
1;2025-12-16;6;532
1;2025-12-16;7;1482
1;2025-12-16;8;1920
1;2025-12-16;9;1497
1;2025-12-16;10;1351
1;2025-12-16;11;1375
1;2025-12-16;12;1388
1;2025-12-16;13;1402
1;2025-12-16;14;1374
1;2025-12-16;15;1477
1;2025-12-16;16;1516
1;2025-12-16;17;1775
1;2025-12-16;18;1808
1;2025-12-16;19;1347
1;2025-12-16;20;879
1;2025-12-16;21;480
1;2025-12-16;22;207
1;2025-12-16;23;39
1;2025-12-17;0;3
1;2025-12-17;1;0
1;2025-12-17;2;0
1;2025-12-17;3;0
1;2025-12-17;4;8
1;2025-12-17;5;125
1;2025-12-17;6;533
1;2025-12-17;7;1487
1;2025-12-17;8;1950
1;2025-12-17;9;1509
1;2025-12-17;10;1358
1;2025-12-17;11;1363
1;2025-12-17;12;1382
1;2025-12-17;13;1422
1;2025-12-17;14;1375
1;2025-12-17;15;1480
1;2025-12-17;16;1519
1;2025-12-17;17;1777
1;2025-12-17;18;1805
1;2025-12-17;19;1346
1;2025-12-17;20;881
1;2025-12-17;21;482
1;2025-12-17;22;210
1;2025-12-17;23;41
1;2025-12-18;0;3
1;2025-12-18;1;0
1;2025-12-18;2;0
1;2025-12-18;3;0
1;2025-12-18;4;8
1;2025-12-18;5;125
1;2025-12-18;6;533
1;2025-12-18;7;1487
1;2025-12-18;8;1944
1;2025-12-18;9;1507
1;2025-12-18;10;1358
1;2025-12-18;11;1365
1;2025-12-18;12;1384
1;2025-12-18;13;1421
1;2025-12-18;14;1375
1;2025-12-18;15;1480
1;2025-12-18;16;1519
1;2025-12-18;17;1777
1;2025-12-18;18;1805
1;2025-12-18;19;1346
1;2025-12-18;20;881
1;2025-12-18;21;482
1;2025-12-18;22;210
1;2025-12-18;23;41
1;2025-12-19;0;2
1;2025-12-19;1;0
1;2025-12-19;2;0
1;2025-12-19;3;0
1;2025-12-19;4;7
1;2025-12-19;5;131
1;2025-12-19;6;522
1;2025-12-19;7;1468
1;2025-12-19;8;1827
1;2025-12-19;9;1449
1;2025-12-19;10;1321
1;2025-12-19;11;1365
1;2025-12-19;12;1382
1;2025-12-19;13;1412
1;2025-12-19;14;1394
1;2025-12-19;15;1533
1;2025-12-19;16;1581
1;2025-12-19;17;1735
1;2025-12-19;18;1512
1;2025-12-19;19;1261
1;2025-12-19;20;805
1;2025-12-19;21;473
1;2025-12-19;22;207
1;2025-12-19;23;47
1;2025-12-20;0;3
1;2025-12-20;1;0
1;2025-12-20;2;0
1;2025-12-20;3;0
1;2025-12-20;4;0
1;2025-12-20;5;34
1;2025-12-20;6;176
1;2025-12-20;7;359
1;2025-12-20;8;516
1;2025-12-20;9;777
1;2025-12-20;10;900
1;2025-12-20;11;916
1;2025-12-20;12;1054
1;2025-12-20;13;1107
1;2025-12-20;14;1044
1;2025-12-20;15;942
1;2025-12-20;16;852
1;2025-12-20;17;796
1;2025-12-20;18;689
1;2025-12-20;19;583
1;2025-12-20;20;436
1;2025-12-20;21;316
1;2025-12-20;22;133
1;2025-12-20;23;33
1;2025-12-21;0;2
1;2025-12-21;1;0
1;2025-12-21;2;0
1;2025-12-21;3;0
1;2025-12-21;4;0
1;2025-12-21;5;21
1;2025-12-21;6;119
1;2025-12-21;7;249
1;2025-12-21;8;352
1;2025-12-21;9;587
1;2025-12-21;10;656
1;2025-12-21;11;699
1;2025-12-21;12;813
1;2025-12-21;13;846
1;2025-12-21;14;790
1;2025-12-21;15;720
1;2025-12-21;16;676
1;2025-12-21;17;628
1;2025-12-21;18;505
1;2025-12-21;19;443
1;2025-12-21;20;334
1;2025-12-21;21;265
1;2025-12-21;22;102
1;2025-12-21;23;29
1;2025-12-22;0;1
1;2025-12-22;1;0
1;2025-12-22;2;0
1;2025-12-22;3;0
1;2025-12-22;4;9
1;2025-12-22;5;135
1;2025-12-22;6;523
1;2025-12-22;7;1468
1;2025-12-22;8;1935
1;2025-12-22;9;1482
1;2025-12-22;10;1284
1;2025-12-22;11;1251
1;2025-12-22;12;1325
1;2025-12-22;13;1381
1;2025-12-22;14;1384
1;2025-12-22;15;1499
1;2025-12-22;16;1555
1;2025-12-22;17;1813
1;2025-12-22;18;1908
1;2025-12-22;19;1400
1;2025-12-22;20;887
1;2025-12-22;21;456
1;2025-12-22;22;177
1;2025-12-22;23;32
1;2025-12-23;0;3
1;2025-12-23;1;0
1;2025-12-23;2;0
1;2025-12-23;3;0
1;2025-12-23;4;8
1;2025-12-23;5;128
1;2025-12-23;6;536
1;2025-12-23;7;1488
1;2025-12-23;8;1922
1;2025-12-23;9;1503
1;2025-12-23;10;1347
1;2025-12-23;11;1352
1;2025-12-23;12;1371
1;2025-12-23;13;1404
1;2025-12-23;14;1355
1;2025-12-23;15;1460
1;2025-12-23;16;1498
1;2025-12-23;17;1762
1;2025-12-23;18;1801
1;2025-12-23;19;1354
1;2025-12-23;20;881
1;2025-12-23;21;482
1;2025-12-23;22;211
1;2025-12-23;23;42
1;2025-12-24;0;3
1;2025-12-24;1;0
1;2025-12-24;2;0
1;2025-12-24;3;0
1;2025-12-24;4;8
1;2025-12-24;5;128
1;2025-12-24;6;535
1;2025-12-24;7;1484
1;2025-12-24;8;1916
1;2025-12-24;9;1505
1;2025-12-24;10;1354
1;2025-12-24;11;1362
1;2025-12-24;12;1368
1;2025-12-24;13;1414
1;2025-12-24;14;1367
1;2025-12-24;15;1462
1;2025-12-24;16;1512
1;2025-12-24;17;1770
1;2025-12-24;18;1788
1;2025-12-24;19;1347
1;2025-12-24;20;873
1;2025-12-24;21;469
1;2025-12-24;22;197
1;2025-12-24;23;33
1;2025-12-25;0;3
1;2025-12-25;1;0
1;2025-12-25;2;0
1;2025-12-25;3;0
1;2025-12-25;4;8
1;2025-12-25;5;128
1;2025-12-25;6;546
1;2025-12-25;7;1482
1;2025-12-25;8;1931
1;2025-12-25;9;1499
1;2025-12-25;10;1349
1;2025-12-25;11;1353
1;2025-12-25;12;1376
1;2025-12-25;13;1418
1;2025-12-25;14;1371
1;2025-12-25;15;1472
1;2025-12-25;16;1522
1;2025-12-25;17;1768
1;2025-12-25;18;1798
1;2025-12-25;19;1355
1;2025-12-25;20;888
1;2025-12-25;21;486
1;2025-12-25;22;216
1;2025-12-25;23;44
1;2025-12-26;0;2
1;2025-12-26;1;0
1;2025-12-26;2;0
1;2025-12-26;3;0
1;2025-12-26;4;7
1;2025-12-26;5;115
1;2025-12-26;6;518
1;2025-12-26;7;1466
1;2025-12-26;8;1833
1;2025-12-26;9;1440
1;2025-12-26;10;1301
1;2025-12-26;11;1353
1;2025-12-26;12;1337
1;2025-12-26;13;1392
1;2025-12-26;14;1375
1;2025-12-26;15;1520
1;2025-12-26;16;1569
1;2025-12-26;17;1713
1;2025-12-26;18;1499
1;2025-12-26;19;1253
1;2025-12-26;20;795
1;2025-12-26;21;464
1;2025-12-26;22;199
1;2025-12-26;23;48
1;2025-12-27;0;3
1;2025-12-27;1;0
1;2025-12-27;2;0
1;2025-12-27;3;0
1;2025-12-27;4;0
1;2025-12-27;5;34
1;2025-12-27;6;176
1;2025-12-27;7;359
1;2025-12-27;8;517
1;2025-12-27;9;760
1;2025-12-27;10;900
1;2025-12-27;11;916
1;2025-12-27;12;1054
1;2025-12-27;13;1106
1;2025-12-27;14;1043
1;2025-12-27;15;926
1;2025-12-27;16;837
1;2025-12-27;17;783
1;2025-12-27;18;683
1;2025-12-27;19;572
1;2025-12-27;20;426
1;2025-12-27;21;306
1;2025-12-27;22;120
1;2025-12-27;23;29
1;2025-12-28;0;2
1;2025-12-28;1;0
1;2025-12-28;2;0
1;2025-12-28;3;0
1;2025-12-28;4;0
1;2025-12-28;5;23
1;2025-12-28;6;127
1;2025-12-28;7;248
1;2025-12-28;8;352
1;2025-12-28;9;584
1;2025-12-28;10;646
1;2025-12-28;11;669
1;2025-12-28;12;778
1;2025-12-28;13;804
1;2025-12-28;14;750
1;2025-12-28;15;677
1;2025-12-28;16;657
1;2025-12-28;17;607
1;2025-12-28;18;492
1;2025-12-28;19;426
1;2025-12-28;20;316
1;2025-12-28;21;251
1;2025-12-28;22;96
1;2025-12-28;23;24
1;2025-12-29;0;1
1;2025-12-29;1;0
1;2025-12-29;2;0
1;2025-12-29;3;0
1;2025-12-29;4;8
1;2025-12-29;5;124
1;2025-12-29;6;485
1;2025-12-29;7;1352
1;2025-12-29;8;1745
1;2025-12-29;9;1349
1;2025-12-29;10;1152
1;2025-12-29;11;1138
1;2025-12-29;12;1201
1;2025-12-29;13;1261
1;2025-12-29;14;1268
1;2025-12-29;15;1369
1;2025-12-29;16;1422
1;2025-12-29;17;1660
1;2025-12-29;18;1742
1;2025-12-29;19;1294
1;2025-12-29;20;815
1;2025-12-29;21;417
1;2025-12-29;22;163
1;2025-12-29;23;29
1;2025-12-30;0;3
1;2025-12-30;1;0
1;2025-12-30;2;0
1;2025-12-30;3;0
1;2025-12-30;4;7
1;2025-12-30;5;109
1;2025-12-30;6;485
1;2025-12-30;7;1366
1;2025-12-30;8;1764
1;2025-12-30;9;1373
1;2025-12-30;10;1229
1;2025-12-30;11;1237
1;2025-12-30;12;1246
1;2025-12-30;13;1282
1;2025-12-30;14;1249
1;2025-12-30;15;1343
1;2025-12-30;16;1380
1;2025-12-30;17;1609
1;2025-12-30;18;1652
1;2025-12-30;19;1240
1;2025-12-30;20;800
1;2025-12-30;21;430
1;2025-12-30;22;184
1;2025-12-30;23;31
1;2025-12-31;0;1
1;2025-12-31;1;0
1;2025-12-31;2;0
1;2025-12-31;3;0
1;2025-12-31;4;0
1;2025-12-31;5;9
1;2025-12-31;6;48
1;2025-12-31;7;112
1;2025-12-31;8;168
1;2025-12-31;9;346
1;2025-12-31;10;398
1;2025-12-31;11;415
1;2025-12-31;12;554
1;2025-12-31;13;558
1;2025-12-31;14;511
1;2025-12-31;15;468
1;2025-12-31;16;465
1;2025-12-31;17;427
1;2025-12-31;18;325
1;2025-12-31;19;294
1;2025-12-31;20;229
1;2025-12-31;21;168
1;2025-12-31;22;42
1;2025-12-31;23;11
5;2025-11-01;0;0
5;2025-11-01;1;0
5;2025-11-01;2;0
5;2025-11-01;3;0
5;2025-11-01;4;0
5;2025-11-01;5;0
5;2025-11-01;6;0
5;2025-11-01;7;0
5;2025-11-01;8;0
5;2025-11-01;9;0
5;2025-11-01;10;0
5;2025-11-01;11;0
5;2025-11-01;12;0
5;2025-11-01;13;0
5;2025-11-01;14;0
5;2025-11-01;15;0
5;2025-11-01;16;0
5;2025-11-01;17;0
5;2025-11-01;18;0
5;2025-11-01;19;0
5;2025-11-01;20;0
5;2025-11-01;21;0
5;2025-11-01;22;0
5;2025-11-01;23;0
5;2025-11-02;0;0
5;2025-11-02;1;0
5;2025-11-02;2;0
5;2025-11-02;3;0
5;2025-11-02;4;0
5;2025-11-02;5;0
5;2025-11-02;6;0
5;2025-11-02;7;0
5;2025-11-02;8;0
5;2025-11-02;9;0
5;2025-11-02;10;0
5;2025-11-02;11;0
5;2025-11-02;12;0
5;2025-11-02;13;0
5;2025-11-02;14;0
5;2025-11-02;15;0
5;2025-11-02;16;0
5;2025-11-02;17;0
5;2025-11-02;18;0
5;2025-11-02;19;0
5;2025-11-02;20;0
5;2025-11-02;21;0
5;2025-11-02;22;0
5;2025-11-02;23;0
5;2025-11-03;0;0
5;2025-11-03;1;0
5;2025-11-03;2;0
5;2025-11-03;3;0
5;2025-11-03;4;0
5;2025-11-03;5;0
5;2025-11-03;6;0
5;2025-11-03;7;0
5;2025-11-03;8;0
5;2025-11-03;9;0
5;2025-11-03;10;0
5;2025-11-03;11;0
5;2025-11-03;12;0
5;2025-11-03;13;0
5;2025-11-03;14;0
5;2025-11-03;15;0
5;2025-11-03;16;0
5;2025-11-03;17;0
5;2025-11-03;18;0
5;2025-11-03;19;0
5;2025-11-03;20;0
5;2025-11-03;21;0
5;2025-11-03;22;0
5;2025-11-03;23;0
5;2025-11-04;0;0
5;2025-11-04;1;0
5;2025-11-04;2;0
5;2025-11-04;3;0
5;2025-11-04;4;0
5;2025-11-04;5;0
5;2025-11-04;6;0
5;2025-11-04;7;0
5;2025-11-04;8;0
5;2025-11-04;9;0
5;2025-11-04;10;0
5;2025-11-04;11;0
5;2025-11-04;12;0
5;2025-11-04;13;0
5;2025-11-04;14;0
5;2025-11-04;15;0
5;2025-11-04;16;0
5;2025-11-04;17;0
5;2025-11-04;18;0
5;2025-11-04;19;0
5;2025-11-04;20;0
5;2025-11-04;21;0
5;2025-11-04;22;0
5;2025-11-04;23;0
5;2025-11-05;0;0
5;2025-11-05;1;0
5;2025-11-05;2;0
5;2025-11-05;3;0
5;2025-11-05;4;0
5;2025-11-05;5;0
5;2025-11-05;6;0
5;2025-11-05;7;0
5;2025-11-05;8;0
5;2025-11-05;9;0
5;2025-11-05;10;0
5;2025-11-05;11;0
5;2025-11-05;12;0
5;2025-11-05;13;0
5;2025-11-05;14;0
5;2025-11-05;15;0
5;2025-11-05;16;0
5;2025-11-05;17;0
5;2025-11-05;18;0
5;2025-11-05;19;0
5;2025-11-05;20;0
5;2025-11-05;21;0
5;2025-11-05;22;0
5;2025-11-05;23;0
5;2025-11-06;0;0
5;2025-11-06;1;0
5;2025-11-06;2;0
5;2025-11-06;3;0
5;2025-11-06;4;0
5;2025-11-06;5;0
5;2025-11-06;6;0
5;2025-11-06;7;0
5;2025-11-06;8;0
5;2025-11-06;9;0
5;2025-11-06;10;0
5;2025-11-06;11;0
5;2025-11-06;12;0
5;2025-11-06;13;0
5;2025-11-06;14;0
5;2025-11-06;15;0
5;2025-11-06;16;0
5;2025-11-06;17;0
5;2025-11-06;18;0
5;2025-11-06;19;0
5;2025-11-06;20;0
5;2025-11-06;21;0
5;2025-11-06;22;0
5;2025-11-06;23;0
5;2025-11-07;0;0
5;2025-11-07;1;0
5;2025-11-07;2;0
5;2025-11-07;3;0
5;2025-11-07;4;0
5;2025-11-07;5;0
5;2025-11-07;6;0
5;2025-11-07;7;0
5;2025-11-07;8;0
5;2025-11-07;9;0
5;2025-11-07;10;0
5;2025-11-07;11;0
5;2025-11-07;12;0
5;2025-11-07;13;0
5;2025-11-07;14;0
5;2025-11-07;15;0
5;2025-11-07;16;0
5;2025-11-07;17;0
5;2025-11-07;18;0
5;2025-11-07;19;0
5;2025-11-07;20;0
5;2025-11-07;21;0
5;2025-11-07;22;0
5;2025-11-07;23;0
5;2025-11-08;0;0
5;2025-11-08;1;0
5;2025-11-08;2;0
5;2025-11-08;3;0
5;2025-11-08;4;0
5;2025-11-08;5;0
5;2025-11-08;6;0
5;2025-11-08;7;0
5;2025-11-08;8;0
5;2025-11-08;9;0
5;2025-11-08;10;0
5;2025-11-08;11;0
5;2025-11-08;12;0
5;2025-11-08;13;0
5;2025-11-08;14;0
5;2025-11-08;15;0
5;2025-11-08;16;0
5;2025-11-08;17;0
5;2025-11-08;18;0
5;2025-11-08;19;0
5;2025-11-08;20;0
5;2025-11-08;21;0
5;2025-11-08;22;0
5;2025-11-08;23;0
5;2025-11-09;0;0
5;2025-11-09;1;0
5;2025-11-09;2;0
5;2025-11-09;3;0
5;2025-11-09;4;0
5;2025-11-09;5;0
5;2025-11-09;6;0
5;2025-11-09;7;0
5;2025-11-09;8;0
5;2025-11-09;9;0
5;2025-11-09;10;0
5;2025-11-09;11;0
5;2025-11-09;12;0
5;2025-11-09;13;0
5;2025-11-09;14;0
5;2025-11-09;15;0
5;2025-11-09;16;0
5;2025-11-09;17;0
5;2025-11-09;18;0
5;2025-11-09;19;0
5;2025-11-09;20;0
5;2025-11-09;21;0
5;2025-11-09;22;0
5;2025-11-09;23;0
5;2025-11-10;0;0
5;2025-11-10;1;0
5;2025-11-10;2;0
5;2025-11-10;3;0
5;2025-11-10;4;0
5;2025-11-10;5;0
5;2025-11-10;6;0
5;2025-11-10;7;0
5;2025-11-10;8;0
5;2025-11-10;9;0
5;2025-11-10;10;0
5;2025-11-10;11;0
5;2025-11-10;12;0
5;2025-11-10;13;0
5;2025-11-10;14;0
5;2025-11-10;15;0
5;2025-11-10;16;0
5;2025-11-10;17;0
5;2025-11-10;18;0
5;2025-11-10;19;0
5;2025-11-10;20;0
5;2025-11-10;21;0
5;2025-11-10;22;0
5;2025-11-10;23;0
5;2025-11-11;0;0
5;2025-11-11;1;0
5;2025-11-11;2;0
5;2025-11-11;3;0
5;2025-11-11;4;0
5;2025-11-11;5;0
5;2025-11-11;6;0
5;2025-11-11;7;0
5;2025-11-11;8;0
5;2025-11-11;9;0
5;2025-11-11;10;0
5;2025-11-11;11;0
5;2025-11-11;12;0
5;2025-11-11;13;0
5;2025-11-11;14;0
5;2025-11-11;15;0
5;2025-11-11;16;0
5;2025-11-11;17;0
5;2025-11-11;18;0
5;2025-11-11;19;0
5;2025-11-11;20;0
5;2025-11-11;21;0
5;2025-11-11;22;0
5;2025-11-11;23;0
5;2025-11-12;0;0
5;2025-11-12;1;0
5;2025-11-12;2;0
5;2025-11-12;3;0
5;2025-11-12;4;0
5;2025-11-12;5;0
5;2025-11-12;6;0
5;2025-11-12;7;0
5;2025-11-12;8;0
5;2025-11-12;9;0
5;2025-11-12;10;0
5;2025-11-12;11;0
5;2025-11-12;12;0
5;2025-11-12;13;0
5;2025-11-12;14;0
5;2025-11-12;15;0
5;2025-11-12;16;0
5;2025-11-12;17;0
5;2025-11-12;18;0
5;2025-11-12;19;0
5;2025-11-12;20;0
5;2025-11-12;21;0
5;2025-11-12;22;0
5;2025-11-12;23;0
5;2025-11-13;0;0
5;2025-11-13;1;0
5;2025-11-13;2;0
5;2025-11-13;3;0
5;2025-11-13;4;0
5;2025-11-13;5;0
5;2025-11-13;6;0
5;2025-11-13;7;0
5;2025-11-13;8;0
5;2025-11-13;9;0
5;2025-11-13;10;0
5;2025-11-13;11;0
5;2025-11-13;12;0
5;2025-11-13;13;0
5;2025-11-13;14;0
5;2025-11-13;15;0
5;2025-11-13;16;0
5;2025-11-13;17;0
5;2025-11-13;18;0
5;2025-11-13;19;0
5;2025-11-13;20;0
5;2025-11-13;21;0
5;2025-11-13;22;0
5;2025-11-13;23;0
5;2025-11-14;0;0
5;2025-11-14;1;0
5;2025-11-14;2;0
5;2025-11-14;3;0
5;2025-11-14;4;0
5;2025-11-14;5;0
5;2025-11-14;6;0
5;2025-11-14;7;0
5;2025-11-14;8;0
5;2025-11-14;9;0
5;2025-11-14;10;0
5;2025-11-14;11;0
5;2025-11-14;12;0
5;2025-11-14;13;0
5;2025-11-14;14;0
5;2025-11-14;15;0
5;2025-11-14;16;0
5;2025-11-14;17;0
5;2025-11-14;18;0
5;2025-11-14;19;0
5;2025-11-14;20;0
5;2025-11-14;21;0
5;2025-11-14;22;0
5;2025-11-14;23;0
5;2025-11-15;0;0
5;2025-11-15;1;0
5;2025-11-15;2;0
5;2025-11-15;3;0
5;2025-11-15;4;0
5;2025-11-15;5;0
5;2025-11-15;6;0
5;2025-11-15;7;0
5;2025-11-15;8;0
5;2025-11-15;9;0
5;2025-11-15;10;0
5;2025-11-15;11;0
5;2025-11-15;12;0
5;2025-11-15;13;0
5;2025-11-15;14;0
5;2025-11-15;15;0
5;2025-11-15;16;0
5;2025-11-15;17;0
5;2025-11-15;18;0
5;2025-11-15;19;0
5;2025-11-15;20;0
5;2025-11-15;21;0
5;2025-11-15;22;0
5;2025-11-15;23;0
5;2025-11-16;0;0
5;2025-11-16;1;0
5;2025-11-16;2;0
5;2025-11-16;3;0
5;2025-11-16;4;0
5;2025-11-16;5;0
5;2025-11-16;6;0
5;2025-11-16;7;0
5;2025-11-16;8;0
5;2025-11-16;9;0
5;2025-11-16;10;0
5;2025-11-16;11;0
5;2025-11-16;12;0
5;2025-11-16;13;0
5;2025-11-16;14;0
5;2025-11-16;15;0
5;2025-11-16;16;0
5;2025-11-16;17;0
5;2025-11-16;18;0
5;2025-11-16;19;0
5;2025-11-16;20;0
5;2025-11-16;21;0
5;2025-11-16;22;0
5;2025-11-16;23;0
5;2025-11-17;0;0
5;2025-11-17;1;0
5;2025-11-17;2;0
5;2025-11-17;3;0
5;2025-11-17;4;0
5;2025-11-17;5;0
5;2025-11-17;6;0
5;2025-11-17;7;0
5;2025-11-17;8;0
5;2025-11-17;9;0
5;2025-11-17;10;0
5;2025-11-17;11;0
5;2025-11-17;12;0
5;2025-11-17;13;0
5;2025-11-17;14;0
5;2025-11-17;15;0
5;2025-11-17;16;0
5;2025-11-17;17;0
5;2025-11-17;18;0
5;2025-11-17;19;0
5;2025-11-17;20;0
5;2025-11-17;21;0
5;2025-11-17;22;0
5;2025-11-17;23;0
5;2025-11-18;0;0
5;2025-11-18;1;0
5;2025-11-18;2;0
5;2025-11-18;3;0
5;2025-11-18;4;0
5;2025-11-18;5;0
5;2025-11-18;6;0
5;2025-11-18;7;0
5;2025-11-18;8;0
5;2025-11-18;9;0
5;2025-11-18;10;0
5;2025-11-18;11;0
5;2025-11-18;12;0
5;2025-11-18;13;0
5;2025-11-18;14;0
5;2025-11-18;15;0
5;2025-11-18;16;0
5;2025-11-18;17;0
5;2025-11-18;18;0
5;2025-11-18;19;0
5;2025-11-18;20;0
5;2025-11-18;21;0
5;2025-11-18;22;0
5;2025-11-18;23;0
5;2025-11-19;0;0
5;2025-11-19;1;0
5;2025-11-19;2;0
5;2025-11-19;3;0
5;2025-11-19;4;0
5;2025-11-19;5;0
5;2025-11-19;6;0
5;2025-11-19;7;0
5;2025-11-19;8;0
5;2025-11-19;9;0
5;2025-11-19;10;0
5;2025-11-19;11;0
5;2025-11-19;12;0
5;2025-11-19;13;0
5;2025-11-19;14;0
5;2025-11-19;15;0
5;2025-11-19;16;0
5;2025-11-19;17;0
5;2025-11-19;18;0
5;2025-11-19;19;0
5;2025-11-19;20;0
5;2025-11-19;21;0
5;2025-11-19;22;0
5;2025-11-19;23;0
5;2025-11-20;0;0
5;2025-11-20;1;0
5;2025-11-20;2;0
5;2025-11-20;3;0
5;2025-11-20;4;0
5;2025-11-20;5;0
5;2025-11-20;6;0
5;2025-11-20;7;0
5;2025-11-20;8;0
5;2025-11-20;9;0
5;2025-11-20;10;0
5;2025-11-20;11;0
5;2025-11-20;12;0
5;2025-11-20;13;0
5;2025-11-20;14;0
5;2025-11-20;15;0
5;2025-11-20;16;0
5;2025-11-20;17;0
5;2025-11-20;18;0
5;2025-11-20;19;0
5;2025-11-20;20;0
5;2025-11-20;21;0
5;2025-11-20;22;0
5;2025-11-20;23;0
5;2025-11-21;0;0
5;2025-11-21;1;0
5;2025-11-21;2;0
5;2025-11-21;3;0
5;2025-11-21;4;0
5;2025-11-21;5;0
5;2025-11-21;6;0
5;2025-11-21;7;0
5;2025-11-21;8;0
5;2025-11-21;9;0
5;2025-11-21;10;0
5;2025-11-21;11;0
5;2025-11-21;12;0
5;2025-11-21;13;0
5;2025-11-21;14;0
5;2025-11-21;15;0
5;2025-11-21;16;0
5;2025-11-21;17;0
5;2025-11-21;18;0
5;2025-11-21;19;0
5;2025-11-21;20;0
5;2025-11-21;21;0
5;2025-11-21;22;0
5;2025-11-21;23;0
5;2025-11-22;0;0
5;2025-11-22;1;0
5;2025-11-22;2;0
5;2025-11-22;3;0
5;2025-11-22;4;0
5;2025-11-22;5;0
5;2025-11-22;6;0
5;2025-11-22;7;0
5;2025-11-22;8;0
5;2025-11-22;9;0
5;2025-11-22;10;0
5;2025-11-22;11;0
5;2025-11-22;12;0
5;2025-11-22;13;0
5;2025-11-22;14;0
5;2025-11-22;15;0
5;2025-11-22;16;0
5;2025-11-22;17;0
5;2025-11-22;18;0
5;2025-11-22;19;0
5;2025-11-22;20;0
5;2025-11-22;21;0
5;2025-11-22;22;0
5;2025-11-22;23;0
5;2025-11-23;0;0
5;2025-11-23;1;0
5;2025-11-23;2;0
5;2025-11-23;3;0
5;2025-11-23;4;0
5;2025-11-23;5;0
5;2025-11-23;6;0
5;2025-11-23;7;0
5;2025-11-23;8;0
5;2025-11-23;9;0
5;2025-11-23;10;0
5;2025-11-23;11;0
5;2025-11-23;12;0
5;2025-11-23;13;0
5;2025-11-23;14;0
5;2025-11-23;15;0
5;2025-11-23;16;0
5;2025-11-23;17;0
5;2025-11-23;18;0
5;2025-11-23;19;0
5;2025-11-23;20;0
5;2025-11-23;21;0
5;2025-11-23;22;0
5;2025-11-23;23;0
5;2025-11-24;0;0
5;2025-11-24;1;0
5;2025-11-24;2;0
5;2025-11-24;3;0
5;2025-11-24;4;0
5;2025-11-24;5;0
5;2025-11-24;6;0
5;2025-11-24;7;0
5;2025-11-24;8;0
5;2025-11-24;9;0
5;2025-11-24;10;0
5;2025-11-24;11;0
5;2025-11-24;12;0
5;2025-11-24;13;0
5;2025-11-24;14;0
5;2025-11-24;15;0
5;2025-11-24;16;0
5;2025-11-24;17;0
5;2025-11-24;18;0
5;2025-11-24;19;0
5;2025-11-24;20;0
5;2025-11-24;21;0
5;2025-11-24;22;0
5;2025-11-24;23;0
5;2025-11-25;0;0
5;2025-11-25;1;0
5;2025-11-25;2;0
5;2025-11-25;3;0
5;2025-11-25;4;0
5;2025-11-25;5;0
5;2025-11-25;6;0
5;2025-11-25;7;0
5;2025-11-25;8;0
5;2025-11-25;9;0
5;2025-11-25;10;0
5;2025-11-25;11;0
5;2025-11-25;12;0
5;2025-11-25;13;0
5;2025-11-25;14;0
5;2025-11-25;15;0
5;2025-11-25;16;0
5;2025-11-25;17;0
5;2025-11-25;18;0
5;2025-11-25;19;0
5;2025-11-25;20;0
5;2025-11-25;21;0
5;2025-11-25;22;0
5;2025-11-25;23;0
5;2025-11-26;0;0
5;2025-11-26;1;0
5;2025-11-26;2;0
5;2025-11-26;3;0
5;2025-11-26;4;0
5;2025-11-26;5;0
5;2025-11-26;6;0
5;2025-11-26;7;0
5;2025-11-26;8;0
5;2025-11-26;9;0
5;2025-11-26;10;0
5;2025-11-26;11;0
5;2025-11-26;12;0
5;2025-11-26;13;0
5;2025-11-26;14;0
5;2025-11-26;15;0
5;2025-11-26;16;0
5;2025-11-26;17;0
5;2025-11-26;18;0
5;2025-11-26;19;0
5;2025-11-26;20;0
5;2025-11-26;21;0
5;2025-11-26;22;0
5;2025-11-26;23;0
5;2025-11-27;0;0
5;2025-11-27;1;0
5;2025-11-27;2;0
5;2025-11-27;3;0
5;2025-11-27;4;0
5;2025-11-27;5;0
5;2025-11-27;6;0
5;2025-11-27;7;0
5;2025-11-27;8;0
5;2025-11-27;9;0
5;2025-11-27;10;0
5;2025-11-27;11;0
5;2025-11-27;12;0
5;2025-11-27;13;0
5;2025-11-27;14;0
5;2025-11-27;15;0
5;2025-11-27;16;0
5;2025-11-27;17;0
5;2025-11-27;18;0
5;2025-11-27;19;0
5;2025-11-27;20;0
5;2025-11-27;21;0
5;2025-11-27;22;0
5;2025-11-27;23;0
5;2025-11-28;0;0
5;2025-11-28;1;0
5;2025-11-28;2;0
5;2025-11-28;3;0
5;2025-11-28;4;0
5;2025-11-28;5;0
5;2025-11-28;6;0
5;2025-11-28;7;0
5;2025-11-28;8;0
5;2025-11-28;9;0
5;2025-11-28;10;0
5;2025-11-28;11;0
5;2025-11-28;12;0
5;2025-11-28;13;0
5;2025-11-28;14;0
5;2025-11-28;15;0
5;2025-11-28;16;0
5;2025-11-28;17;0
5;2025-11-28;18;0
5;2025-11-28;19;0
5;2025-11-28;20;0
5;2025-11-28;21;0
5;2025-11-28;22;0
5;2025-11-28;23;0
5;2025-11-29;0;0
5;2025-11-29;1;0
5;2025-11-29;2;0
5;2025-11-29;3;0
5;2025-11-29;4;0
5;2025-11-29;5;0
5;2025-11-29;6;0
5;2025-11-29;7;0
5;2025-11-29;8;0
5;2025-11-29;9;0
5;2025-11-29;10;0
5;2025-11-29;11;0
5;2025-11-29;12;0
5;2025-11-29;13;0
5;2025-11-29;14;0
5;2025-11-29;15;0
5;2025-11-29;16;0
5;2025-11-29;17;0
5;2025-11-29;18;0
5;2025-11-29;19;0
5;2025-11-29;20;0
5;2025-11-29;21;0
5;2025-11-29;22;0
5;2025-11-29;23;0
5;2025-11-30;0;0
5;2025-11-30;1;0
5;2025-11-30;2;0
5;2025-11-30;3;0
5;2025-11-30;4;0
5;2025-11-30;5;0
5;2025-11-30;6;0
5;2025-11-30;7;0
5;2025-11-30;8;0
5;2025-11-30;9;0
5;2025-11-30;10;0
5;2025-11-30;11;0
5;2025-11-30;12;0
5;2025-11-30;13;0
5;2025-11-30;14;0
5;2025-11-30;15;0
5;2025-11-30;16;0
5;2025-11-30;17;0
5;2025-11-30;18;0
5;2025-11-30;19;0
5;2025-11-30;20;0
5;2025-11-30;21;0
5;2025-11-30;22;0
5;2025-11-30;23;0
5;2025-12-01;0;0
5;2025-12-01;1;0
5;2025-12-01;2;0
5;2025-12-01;3;0
5;2025-12-01;4;0
5;2025-12-01;5;0
5;2025-12-01;6;0
5;2025-12-01;7;0
5;2025-12-01;8;0
5;2025-12-01;9;0
5;2025-12-01;10;0
5;2025-12-01;11;0
5;2025-12-01;12;0
5;2025-12-01;13;0
5;2025-12-01;14;0
5;2025-12-01;15;0
5;2025-12-01;16;0
5;2025-12-01;17;0
5;2025-12-01;18;0
5;2025-12-01;19;0
5;2025-12-01;20;0
5;2025-12-01;21;0
5;2025-12-01;22;0
5;2025-12-01;23;0
5;2025-12-02;0;0
5;2025-12-02;1;0
5;2025-12-02;2;0
5;2025-12-02;3;0
5;2025-12-02;4;0
5;2025-12-02;5;0
5;2025-12-02;6;0
5;2025-12-02;7;0
5;2025-12-02;8;0
5;2025-12-02;9;0
5;2025-12-02;10;0
5;2025-12-02;11;0
5;2025-12-02;12;0
5;2025-12-02;13;0
5;2025-12-02;14;0
5;2025-12-02;15;0
5;2025-12-02;16;0
5;2025-12-02;17;0
5;2025-12-02;18;0
5;2025-12-02;19;0
5;2025-12-02;20;0
5;2025-12-02;21;0
5;2025-12-02;22;0
5;2025-12-02;23;0
5;2025-12-03;0;0
5;2025-12-03;1;0
5;2025-12-03;2;0
5;2025-12-03;3;0
5;2025-12-03;4;0
5;2025-12-03;5;0
5;2025-12-03;6;0
5;2025-12-03;7;0
5;2025-12-03;8;0
5;2025-12-03;9;0
5;2025-12-03;10;0
5;2025-12-03;11;0
5;2025-12-03;12;0
5;2025-12-03;13;0
5;2025-12-03;14;0
5;2025-12-03;15;0
5;2025-12-03;16;0
5;2025-12-03;17;0
5;2025-12-03;18;0
5;2025-12-03;19;0
5;2025-12-03;20;0
5;2025-12-03;21;0
5;2025-12-03;22;0
5;2025-12-03;23;0
5;2025-12-04;0;0
5;2025-12-04;1;0
5;2025-12-04;2;0
5;2025-12-04;3;0
5;2025-12-04;4;0
5;2025-12-04;5;0
5;2025-12-04;6;0
5;2025-12-04;7;0
5;2025-12-04;8;0
5;2025-12-04;9;0
5;2025-12-04;10;0
5;2025-12-04;11;0
5;2025-12-04;12;0
5;2025-12-04;13;0
5;2025-12-04;14;0
5;2025-12-04;15;0
5;2025-12-04;16;0
5;2025-12-04;17;0
5;2025-12-04;18;0
5;2025-12-04;19;0
5;2025-12-04;20;0
5;2025-12-04;21;0
5;2025-12-04;22;0
5;2025-12-04;23;0
5;2025-12-05;0;0
5;2025-12-05;1;0
5;2025-12-05;2;0
5;2025-12-05;3;0
5;2025-12-05;4;0
5;2025-12-05;5;0
5;2025-12-05;6;0
5;2025-12-05;7;0
5;2025-12-05;8;0
5;2025-12-05;9;0
5;2025-12-05;10;0
5;2025-12-05;11;0
5;2025-12-05;12;0
5;2025-12-05;13;0
5;2025-12-05;14;0
5;2025-12-05;15;0
5;2025-12-05;16;0
5;2025-12-05;17;0
5;2025-12-05;18;0
5;2025-12-05;19;0
5;2025-12-05;20;0
5;2025-12-05;21;0
5;2025-12-05;22;0
5;2025-12-05;23;0
5;2025-12-06;0;0
5;2025-12-06;1;0
5;2025-12-06;2;0
5;2025-12-06;3;0
5;2025-12-06;4;0
5;2025-12-06;5;0
5;2025-12-06;6;0
5;2025-12-06;7;0
5;2025-12-06;8;0
5;2025-12-06;9;0
5;2025-12-06;10;0
5;2025-12-06;11;0
5;2025-12-06;12;0
5;2025-12-06;13;0
5;2025-12-06;14;0
5;2025-12-06;15;0
5;2025-12-06;16;0
5;2025-12-06;17;0
5;2025-12-06;18;0
5;2025-12-06;19;0
5;2025-12-06;20;0
5;2025-12-06;21;0
5;2025-12-06;22;0
5;2025-12-06;23;0
5;2025-12-07;0;0
5;2025-12-07;1;0
5;2025-12-07;2;0
5;2025-12-07;3;0
5;2025-12-07;4;0
5;2025-12-07;5;0
5;2025-12-07;6;0
5;2025-12-07;7;0
5;2025-12-07;8;0
5;2025-12-07;9;0
5;2025-12-07;10;0
5;2025-12-07;11;0
5;2025-12-07;12;0
5;2025-12-07;13;0
5;2025-12-07;14;0
5;2025-12-07;15;0
5;2025-12-07;16;0
5;2025-12-07;17;0
5;2025-12-07;18;0
5;2025-12-07;19;0
5;2025-12-07;20;0
5;2025-12-07;21;0
5;2025-12-07;22;0
5;2025-12-07;23;0
5;2025-12-08;0;0
5;2025-12-08;1;0
5;2025-12-08;2;0
5;2025-12-08;3;0
5;2025-12-08;4;0
5;2025-12-08;5;0
5;2025-12-08;6;0
5;2025-12-08;7;0
5;2025-12-08;8;0
5;2025-12-08;9;0
5;2025-12-08;10;0
5;2025-12-08;11;0
5;2025-12-08;12;0
5;2025-12-08;13;0
5;2025-12-08;14;0
5;2025-12-08;15;0
5;2025-12-08;16;0
5;2025-12-08;17;0
5;2025-12-08;18;0
5;2025-12-08;19;0
5;2025-12-08;20;0
5;2025-12-08;21;0
5;2025-12-08;22;0
5;2025-12-08;23;0
5;2025-12-09;0;0
5;2025-12-09;1;0
5;2025-12-09;2;0
5;2025-12-09;3;0
5;2025-12-09;4;0
5;2025-12-09;5;0
5;2025-12-09;6;0
5;2025-12-09;7;0
5;2025-12-09;8;0
5;2025-12-09;9;0
5;2025-12-09;10;0
5;2025-12-09;11;0
5;2025-12-09;12;0
5;2025-12-09;13;0
5;2025-12-09;14;0
5;2025-12-09;15;0
5;2025-12-09;16;0
5;2025-12-09;17;0
5;2025-12-09;18;0
5;2025-12-09;19;0
5;2025-12-09;20;0
5;2025-12-09;21;0
5;2025-12-09;22;0
5;2025-12-09;23;0
5;2025-12-10;0;0
5;2025-12-10;1;0
5;2025-12-10;2;0
5;2025-12-10;3;0
5;2025-12-10;4;0
5;2025-12-10;5;0
5;2025-12-10;6;0
5;2025-12-10;7;0
5;2025-12-10;8;0
5;2025-12-10;9;0
5;2025-12-10;10;0
5;2025-12-10;11;0
5;2025-12-10;12;0
5;2025-12-10;13;0
5;2025-12-10;14;0
5;2025-12-10;15;0
5;2025-12-10;16;0
5;2025-12-10;17;0
5;2025-12-10;18;0
5;2025-12-10;19;0
5;2025-12-10;20;0
5;2025-12-10;21;0
5;2025-12-10;22;0
5;2025-12-10;23;0
5;2025-12-11;0;0
5;2025-12-11;1;0
5;2025-12-11;2;0
5;2025-12-11;3;0
5;2025-12-11;4;0
5;2025-12-11;5;0
5;2025-12-11;6;0
5;2025-12-11;7;0
5;2025-12-11;8;0
5;2025-12-11;9;0
5;2025-12-11;10;0
5;2025-12-11;11;0
5;2025-12-11;12;0
5;2025-12-11;13;0
5;2025-12-11;14;0
5;2025-12-11;15;0
5;2025-12-11;16;0
5;2025-12-11;17;0
5;2025-12-11;18;0
5;2025-12-11;19;0
5;2025-12-11;20;0
5;2025-12-11;21;0
5;2025-12-11;22;0
5;2025-12-11;23;0
5;2025-12-12;0;0
5;2025-12-12;1;0
5;2025-12-12;2;0
5;2025-12-12;3;0
5;2025-12-12;4;0
5;2025-12-12;5;0
5;2025-12-12;6;0
5;2025-12-12;7;0
5;2025-12-12;8;0
5;2025-12-12;9;0
5;2025-12-12;10;0
5;2025-12-12;11;0
5;2025-12-12;12;0
5;2025-12-12;13;0
5;2025-12-12;14;0
5;2025-12-12;15;0
5;2025-12-12;16;0
5;2025-12-12;17;0
5;2025-12-12;18;0
5;2025-12-12;19;0
5;2025-12-12;20;0
5;2025-12-12;21;0
5;2025-12-12;22;0
5;2025-12-12;23;0
5;2025-12-13;0;0
5;2025-12-13;1;0
5;2025-12-13;2;0
5;2025-12-13;3;0
5;2025-12-13;4;0
5;2025-12-13;5;0
5;2025-12-13;6;0
5;2025-12-13;7;0
5;2025-12-13;8;0
5;2025-12-13;9;0
5;2025-12-13;10;0
5;2025-12-13;11;0
5;2025-12-13;12;0
5;2025-12-13;13;0
5;2025-12-13;14;0
5;2025-12-13;15;0
5;2025-12-13;16;0
5;2025-12-13;17;0
5;2025-12-13;18;0
5;2025-12-13;19;0
5;2025-12-13;20;0
5;2025-12-13;21;0
5;2025-12-13;22;0
5;2025-12-13;23;0
5;2025-12-14;0;0
5;2025-12-14;1;0
5;2025-12-14;2;0
5;2025-12-14;3;0
5;2025-12-14;4;0
5;2025-12-14;5;0
5;2025-12-14;6;0
5;2025-12-14;7;0
5;2025-12-14;8;0
5;2025-12-14;9;0
5;2025-12-14;10;0
5;2025-12-14;11;0
5;2025-12-14;12;0
5;2025-12-14;13;0
5;2025-12-14;14;0
5;2025-12-14;15;0
5;2025-12-14;16;0
5;2025-12-14;17;0
5;2025-12-14;18;0
5;2025-12-14;19;0
5;2025-12-14;20;0
5;2025-12-14;21;0
5;2025-12-14;22;0
5;2025-12-14;23;0
5;2025-12-15;0;0
5;2025-12-15;1;0
5;2025-12-15;2;0
5;2025-12-15;3;0
5;2025-12-15;4;0
5;2025-12-15;5;0
5;2025-12-15;6;0
5;2025-12-15;7;0
5;2025-12-15;8;0
5;2025-12-15;9;0
5;2025-12-15;10;0
5;2025-12-15;11;0
5;2025-12-15;12;0
5;2025-12-15;13;0
5;2025-12-15;14;0
5;2025-12-15;15;0
5;2025-12-15;16;0
5;2025-12-15;17;0
5;2025-12-15;18;0
5;2025-12-15;19;0
5;2025-12-15;20;0
5;2025-12-15;21;0
5;2025-12-15;22;0
5;2025-12-15;23;0
5;2025-12-16;0;7
5;2025-12-16;1;1
5;2025-12-16;2;0
5;2025-12-16;3;0
5;2025-12-16;4;1
5;2025-12-16;5;35
5;2025-12-16;6;176
5;2025-12-16;7;430
5;2025-12-16;8;648
5;2025-12-16;9;451
5;2025-12-16;10;371
5;2025-12-16;11;359
5;2025-12-16;12;373
5;2025-12-16;13;378
5;2025-12-16;14;383
5;2025-12-16;15;409
5;2025-12-16;16;454
5;2025-12-16;17;555
5;2025-12-16;18;577
5;2025-12-16;19;409
5;2025-12-16;20;261
5;2025-12-16;21;162
5;2025-12-16;22;68
5;2025-12-16;23;31
5;2025-12-17;0;7
5;2025-12-17;1;1
5;2025-12-17;2;0
5;2025-12-17;3;0
5;2025-12-17;4;1
5;2025-12-17;5;35
5;2025-12-17;6;176
5;2025-12-17;7;430
5;2025-12-17;8;648
5;2025-12-17;9;451
5;2025-12-17;10;371
5;2025-12-17;11;359
5;2025-12-17;12;373
5;2025-12-17;13;378
5;2025-12-17;14;383
5;2025-12-17;15;409
5;2025-12-17;16;454
5;2025-12-17;17;555
5;2025-12-17;18;577
5;2025-12-17;19;409
5;2025-12-17;20;261
5;2025-12-17;21;162
5;2025-12-17;22;68
5;2025-12-17;23;31
5;2025-12-18;0;7
5;2025-12-18;1;1
5;2025-12-18;2;0
5;2025-12-18;3;0
5;2025-12-18;4;1
5;2025-12-18;5;35
5;2025-12-18;6;176
5;2025-12-18;7;430
5;2025-12-18;8;648
5;2025-12-18;9;451
5;2025-12-18;10;371
5;2025-12-18;11;359
5;2025-12-18;12;373
5;2025-12-18;13;378
5;2025-12-18;14;383
5;2025-12-18;15;409
5;2025-12-18;16;454
5;2025-12-18;17;555
5;2025-12-18;18;577
5;2025-12-18;19;409
5;2025-12-18;20;261
5;2025-12-18;21;162
5;2025-12-18;22;68
5;2025-12-18;23;31
5;2025-12-19;0;9
5;2025-12-19;1;1
5;2025-12-19;2;0
5;2025-12-19;3;0
5;2025-12-19;4;1
5;2025-12-19;5;37
5;2025-12-19;6;183
5;2025-12-19;7;440
5;2025-12-19;8;644
5;2025-12-19;9;444
5;2025-12-19;10;368
5;2025-12-19;11;363
5;2025-12-19;12;380
5;2025-12-19;13;393
5;2025-12-19;14;392
5;2025-12-19;15;439
5;2025-12-19;16;527
5;2025-12-19;17;561
5;2025-12-19;18;469
5;2025-12-19;19;367
5;2025-12-19;20;245
5;2025-12-19;21;164
5;2025-12-19;22;73
5;2025-12-19;23;41
5;2025-12-20;0;124
5;2025-12-20;1;11
5;2025-12-20;2;0
5;2025-12-20;3;0
5;2025-12-20;4;0
5;2025-12-20;5;22
5;2025-12-20;6;96
5;2025-12-20;7;135
5;2025-12-20;8;214
5;2025-12-20;9;275
5;2025-12-20;10;291
5;2025-12-20;11;329
5;2025-12-20;12;411
5;2025-12-20;13;403
5;2025-12-20;14;407
5;2025-12-20;15;436
5;2025-12-20;16;390
5;2025-12-20;17;371
5;2025-12-20;18;307
5;2025-12-20;19;249
5;2025-12-20;20;187
5;2025-12-20;21;132
5;2025-12-20;22;77
5;2025-12-20;23;40
5;2025-12-21;0;19
5;2025-12-21;1;3
5;2025-12-21;2;0
5;2025-12-21;3;0
5;2025-12-21;4;0
5;2025-12-21;5;17
5;2025-12-21;6;76
5;2025-12-21;7;114
5;2025-12-21;8;171
5;2025-12-21;9;232
5;2025-12-21;10;271
5;2025-12-21;11;334
5;2025-12-21;12;351
5;2025-12-21;13;391
5;2025-12-21;14;434
5;2025-12-21;15;432
5;2025-12-21;16;401
5;2025-12-21;17;455
5;2025-12-21;18;363
5;2025-12-21;19;293
5;2025-12-21;20;232
5;2025-12-21;21;164
5;2025-12-21;22;108
5;2025-12-21;23;45
5;2025-12-22;0;8
5;2025-12-22;1;1
5;2025-12-22;2;0
5;2025-12-22;3;0
5;2025-12-22;4;1
5;2025-12-22;5;37
5;2025-12-22;6;181
5;2025-12-22;7;434
5;2025-12-22;8;676
5;2025-12-22;9;467
5;2025-12-22;10;363
5;2025-12-22;11;346
5;2025-12-22;12;359
5;2025-12-22;13;383
5;2025-12-22;14;380
5;2025-12-22;15;407
5;2025-12-22;16;465
5;2025-12-22;17;554
5;2025-12-22;18;584
5;2025-12-22;19;399
5;2025-12-22;20;252
5;2025-12-22;21;155
5;2025-12-22;22;64
5;2025-12-22;23;27
5;2025-12-23;0;7
5;2025-12-23;1;1
5;2025-12-23;2;0
5;2025-12-23;3;0
5;2025-12-23;4;1
5;2025-12-23;5;35
5;2025-12-23;6;176
5;2025-12-23;7;430
5;2025-12-23;8;648
5;2025-12-23;9;451
5;2025-12-23;10;371
5;2025-12-23;11;359
5;2025-12-23;12;373
5;2025-12-23;13;378
5;2025-12-23;14;383
5;2025-12-23;15;409
5;2025-12-23;16;454
5;2025-12-23;17;555
5;2025-12-23;18;577
5;2025-12-23;19;409
5;2025-12-23;20;261
5;2025-12-23;21;162
5;2025-12-23;22;68
5;2025-12-23;23;31
5;2025-12-24;0;7
5;2025-12-24;1;1
5;2025-12-24;2;0
5;2025-12-24;3;0
5;2025-12-24;4;1
5;2025-12-24;5;35
5;2025-12-24;6;176
5;2025-12-24;7;430
5;2025-12-24;8;648
5;2025-12-24;9;451
5;2025-12-24;10;371
5;2025-12-24;11;359
5;2025-12-24;12;373
5;2025-12-24;13;378
5;2025-12-24;14;383
5;2025-12-24;15;409
5;2025-12-24;16;454
5;2025-12-24;17;555
5;2025-12-24;18;577
5;2025-12-24;19;409
5;2025-12-24;20;261
5;2025-12-24;21;162
5;2025-12-24;22;68
5;2025-12-24;23;31
5;2025-12-25;0;7
5;2025-12-25;1;1
5;2025-12-25;2;0
5;2025-12-25;3;0
5;2025-12-25;4;1
5;2025-12-25;5;35
5;2025-12-25;6;176
5;2025-12-25;7;430
5;2025-12-25;8;648
5;2025-12-25;9;451
5;2025-12-25;10;371
5;2025-12-25;11;359
5;2025-12-25;12;373
5;2025-12-25;13;378
5;2025-12-25;14;383
5;2025-12-25;15;409
5;2025-12-25;16;454
5;2025-12-25;17;555
5;2025-12-25;18;577
5;2025-12-25;19;409
5;2025-12-25;20;261
5;2025-12-25;21;162
5;2025-12-25;22;68
5;2025-12-25;23;31
5;2025-12-26;0;9
5;2025-12-26;1;1
5;2025-12-26;2;0
5;2025-12-26;3;0
5;2025-12-26;4;1
5;2025-12-26;5;37
5;2025-12-26;6;183
5;2025-12-26;7;440
5;2025-12-26;8;644
5;2025-12-26;9;444
5;2025-12-26;10;368
5;2025-12-26;11;363
5;2025-12-26;12;380
5;2025-12-26;13;393
5;2025-12-26;14;392
5;2025-12-26;15;439
5;2025-12-26;16;527
5;2025-12-26;17;561
5;2025-12-26;18;469
5;2025-12-26;19;367
5;2025-12-26;20;245
5;2025-12-26;21;164
5;2025-12-26;22;73
5;2025-12-26;23;41
5;2025-12-27;0;124
5;2025-12-27;1;11
5;2025-12-27;2;0
5;2025-12-27;3;0
5;2025-12-27;4;0
5;2025-12-27;5;22
5;2025-12-27;6;96
5;2025-12-27;7;135
5;2025-12-27;8;214
5;2025-12-27;9;275
5;2025-12-27;10;291
5;2025-12-27;11;329
5;2025-12-27;12;411
5;2025-12-27;13;403
5;2025-12-27;14;407
5;2025-12-27;15;436
5;2025-12-27;16;390
5;2025-12-27;17;371
5;2025-12-27;18;307
5;2025-12-27;19;249
5;2025-12-27;20;187
5;2025-12-27;21;132
5;2025-12-27;22;77
5;2025-12-27;23;40
5;2025-12-28;0;19
5;2025-12-28;1;3
5;2025-12-28;2;0
5;2025-12-28;3;0
5;2025-12-28;4;0
5;2025-12-28;5;17
5;2025-12-28;6;76
5;2025-12-28;7;114
5;2025-12-28;8;171
5;2025-12-28;9;232
5;2025-12-28;10;271
5;2025-12-28;11;334
5;2025-12-28;12;351
5;2025-12-28;13;391
5;2025-12-28;14;434
5;2025-12-28;15;432
5;2025-12-28;16;401
5;2025-12-28;17;455
5;2025-12-28;18;363
5;2025-12-28;19;293
5;2025-12-28;20;232
5;2025-12-28;21;164
5;2025-12-28;22;108
5;2025-12-28;23;45
5;2025-12-29;0;8
5;2025-12-29;1;1
5;2025-12-29;2;0
5;2025-12-29;3;0
5;2025-12-29;4;1
5;2025-12-29;5;37
5;2025-12-29;6;181
5;2025-12-29;7;434
5;2025-12-29;8;676
5;2025-12-29;9;467
5;2025-12-29;10;363
5;2025-12-29;11;346
5;2025-12-29;12;359
5;2025-12-29;13;383
5;2025-12-29;14;380
5;2025-12-29;15;407
5;2025-12-29;16;465
5;2025-12-29;17;554
5;2025-12-29;18;584
5;2025-12-29;19;399
5;2025-12-29;20;252
5;2025-12-29;21;155
5;2025-12-29;22;64
5;2025-12-29;23;27
5;2025-12-30;0;7
5;2025-12-30;1;1
5;2025-12-30;2;0
5;2025-12-30;3;0
5;2025-12-30;4;1
5;2025-12-30;5;35
5;2025-12-30;6;176
5;2025-12-30;7;430
5;2025-12-30;8;648
5;2025-12-30;9;451
5;2025-12-30;10;371
5;2025-12-30;11;359
5;2025-12-30;12;373
5;2025-12-30;13;378
5;2025-12-30;14;383
5;2025-12-30;15;409
5;2025-12-30;16;454
5;2025-12-30;17;555
5;2025-12-30;18;577
5;2025-12-30;19;409
5;2025-12-30;20;261
5;2025-12-30;21;162
5;2025-12-30;22;68
5;2025-12-30;23;31
5;2025-12-31;0;19
5;2025-12-31;1;3
5;2025-12-31;2;0
5;2025-12-31;3;0
5;2025-12-31;4;0
5;2025-12-31;5;17
5;2025-12-31;6;76
5;2025-12-31;7;114
5;2025-12-31;8;171
5;2025-12-31;9;232
5;2025-12-31;10;271
5;2025-12-31;11;334
5;2025-12-31;12;351
5;2025-12-31;13;391
5;2025-12-31;14;434
5;2025-12-31;15;432
5;2025-12-31;16;401
5;2025-12-31;17;455
5;2025-12-31;18;363
5;2025-12-31;19;293
5;2025-12-31;20;232
5;2025-12-31;21;164
5;2025-12-31;22;108
5;2025-12-31;23;45
7;2025-11-01;0;60
7;2025-11-01;1;11
7;2025-11-01;2;0
7;2025-11-01;3;0
7;2025-11-01;4;1
7;2025-11-01;5;159
7;2025-11-01;6;541
7;2025-11-01;7;1379
7;2025-11-01;8;2085
7;2025-11-01;9;1586
7;2025-11-01;10;1425
7;2025-11-01;11;1371
7;2025-11-01;12;1440
7;2025-11-01;13;1460
7;2025-11-01;14;1479
7;2025-11-01;15;1645
7;2025-11-01;16;1793
7;2025-11-01;17;1991
7;2025-11-01;18;1815
7;2025-11-01;19;1374
7;2025-11-01;20;854
7;2025-11-01;21;533
7;2025-11-01;22;281
7;2025-11-01;23;197
7;2025-11-02;0;96
7;2025-11-02;1;22
7;2025-11-02;2;0
7;2025-11-02;3;0
7;2025-11-02;4;1
7;2025-11-02;5;31
7;2025-11-02;6;181
7;2025-11-02;7;246
7;2025-11-02;8;443
7;2025-11-02;9;594
7;2025-11-02;10;547
7;2025-11-02;11;757
7;2025-11-02;12;782
7;2025-11-02;13;755
7;2025-11-02;14;819
7;2025-11-02;15;850
7;2025-11-02;16;797
7;2025-11-02;17;791
7;2025-11-02;18;762
7;2025-11-02;19;587
7;2025-11-02;20;492
7;2025-11-02;21;399
7;2025-11-02;22;218
7;2025-11-02;23;143
7;2025-11-03;0;92
7;2025-11-03;1;9
7;2025-11-03;2;0
7;2025-11-03;3;0
7;2025-11-03;4;1
7;2025-11-03;5;59
7;2025-11-03;6;242
7;2025-11-03;7;394
7;2025-11-03;8;588
7;2025-11-03;9;702
7;2025-11-03;10;741
7;2025-11-03;11;889
7;2025-11-03;12;841
7;2025-11-03;13;884
7;2025-11-03;14;937
7;2025-11-03;15;979
7;2025-11-03;16;976
7;2025-11-03;17;954
7;2025-11-03;18;957
7;2025-11-03;19;891
7;2025-11-03;20;723
7;2025-11-03;21;560
7;2025-11-03;22;331
7;2025-11-03;23;220
7;2025-11-04;0;92
7;2025-11-04;1;10
7;2025-11-04;2;0
7;2025-11-04;3;0
7;2025-11-04;4;1
7;2025-11-04;5;56
7;2025-11-04;6;240
7;2025-11-04;7;389
7;2025-11-04;8;582
7;2025-11-04;9;663
7;2025-11-04;10;688
7;2025-11-04;11;878
7;2025-11-04;12;817
7;2025-11-04;13;874
7;2025-11-04;14;1036
7;2025-11-04;15;1061
7;2025-11-04;16;974
7;2025-11-04;17;950
7;2025-11-04;18;961
7;2025-11-04;19;886
7;2025-11-04;20;720
7;2025-11-04;21;558
7;2025-11-04;22;326
7;2025-11-04;23;217
7;2025-11-05;0;60
7;2025-11-05;1;12
7;2025-11-05;2;0
7;2025-11-05;3;0
7;2025-11-05;4;2
7;2025-11-05;5;195
7;2025-11-05;6;648
7;2025-11-05;7;1659
7;2025-11-05;8;2534
7;2025-11-05;9;1896
7;2025-11-05;10;1658
7;2025-11-05;11;1581
7;2025-11-05;12;1687
7;2025-11-05;13;1613
7;2025-11-05;14;1700
7;2025-11-05;15;1791
7;2025-11-05;16;1903
7;2025-11-05;17;2404
7;2025-11-05;18;2592
7;2025-11-05;19;1750
7;2025-11-05;20;1030
7;2025-11-05;21;648
7;2025-11-05;22;321
7;2025-11-05;23;194
7;2025-11-06;0;61
7;2025-11-06;1;12
7;2025-11-06;2;0
7;2025-11-06;3;0
7;2025-11-06;4;2
7;2025-11-06;5;195
7;2025-11-06;6;640
7;2025-11-06;7;1662
7;2025-11-06;8;2535
7;2025-11-06;9;1897
7;2025-11-06;10;1661
7;2025-11-06;11;1575
7;2025-11-06;12;1685
7;2025-11-06;13;1608
7;2025-11-06;14;1699
7;2025-11-06;15;1787
7;2025-11-06;16;1903
7;2025-11-06;17;2409
7;2025-11-06;18;2594
7;2025-11-06;19;1751
7;2025-11-06;20;1040
7;2025-11-06;21;653
7;2025-11-06;22;326
7;2025-11-06;23;205
7;2025-11-07;0;71
7;2025-11-07;1;14
7;2025-11-07;2;0
7;2025-11-07;3;0
7;2025-11-07;4;2
7;2025-11-07;5;184
7;2025-11-07;6;625
7;2025-11-07;7;1583
7;2025-11-07;8;2399
7;2025-11-07;9;1826
7;2025-11-07;10;1654
7;2025-11-07;11;1585
7;2025-11-07;12;1675
7;2025-11-07;13;1695
7;2025-11-07;14;1722
7;2025-11-07;15;1914
7;2025-11-07;16;2090
7;2025-11-07;17;2310
7;2025-11-07;18;2095
7;2025-11-07;19;1567
7;2025-11-07;20;991
7;2025-11-07;21;613
7;2025-11-07;22;325
7;2025-11-07;23;232
7;2025-11-08;0;117
7;2025-11-08;1;23
7;2025-11-08;2;0
7;2025-11-08;3;0
7;2025-11-08;4;1
7;2025-11-08;5;57
7;2025-11-08;6;284
7;2025-11-08;7;375
7;2025-11-08;8;734
7;2025-11-08;9;710
7;2025-11-08;10;733
7;2025-11-08;11;817
7;2025-11-08;12;1023
7;2025-11-08;13;1026
7;2025-11-08;14;1001
7;2025-11-08;15;990
7;2025-11-08;16;1002
7;2025-11-08;17;982
7;2025-11-08;18;901
7;2025-11-08;19;795
7;2025-11-08;20;629
7;2025-11-08;21;480
7;2025-11-08;22;270
7;2025-11-08;23;200
7;2025-11-09;0;97
7;2025-11-09;1;22
7;2025-11-09;2;0
7;2025-11-09;3;0
7;2025-11-09;4;1
7;2025-11-09;5;22
7;2025-11-09;6;171
7;2025-11-09;7;231
7;2025-11-09;8;420
7;2025-11-09;9;547
7;2025-11-09;10;504
7;2025-11-09;11;713
7;2025-11-09;12;848
7;2025-11-09;13;872
7;2025-11-09;14;832
7;2025-11-09;15;913
7;2025-11-09;16;867
7;2025-11-09;17;862
7;2025-11-09;18;815
7;2025-11-09;19;639
7;2025-11-09;20;537
7;2025-11-09;21;404
7;2025-11-09;22;218
7;2025-11-09;23;143
7;2025-11-10;0;62
7;2025-11-10;1;11
7;2025-11-10;2;0
7;2025-11-10;3;0
7;2025-11-10;4;1
7;2025-11-10;5;194
7;2025-11-10;6;639
7;2025-11-10;7;1668
7;2025-11-10;8;2641
7;2025-11-10;9;1865
7;2025-11-10;10;1554
7;2025-11-10;11;1491
7;2025-11-10;12;1495
7;2025-11-10;13;1524
7;2025-11-10;14;1524
7;2025-11-10;15;1746
7;2025-11-10;16;1830
7;2025-11-10;17;2362
7;2025-11-10;18;2594
7;2025-11-10;19;1744
7;2025-11-10;20;1038
7;2025-11-10;21;609
7;2025-11-10;22;290
7;2025-11-10;23;156
7;2025-11-11;0;58
7;2025-11-11;1;11
7;2025-11-11;2;0
7;2025-11-11;3;0
7;2025-11-11;4;1
7;2025-11-11;5;195
7;2025-11-11;6;648
7;2025-11-11;7;1661
7;2025-11-11;8;2536
7;2025-11-11;9;1893
7;2025-11-11;10;1642
7;2025-11-11;11;1566
7;2025-11-11;12;1675
7;2025-11-11;13;1605
7;2025-11-11;14;1684
7;2025-11-11;15;1772
7;2025-11-11;16;1892
7;2025-11-11;17;2397
7;2025-11-11;18;2591
7;2025-11-11;19;1746
7;2025-11-11;20;1029
7;2025-11-11;21;646
7;2025-11-11;22;317
7;2025-11-11;23;185
7;2025-11-12;0;59
7;2025-11-12;1;12
7;2025-11-12;2;0
7;2025-11-12;3;0
7;2025-11-12;4;1
7;2025-11-12;5;194
7;2025-11-12;6;648
7;2025-11-12;7;1660
7;2025-11-12;8;2533
7;2025-11-12;9;1894
7;2025-11-12;10;1652
7;2025-11-12;11;1557
7;2025-11-12;12;1667
7;2025-11-12;13;1585
7;2025-11-12;14;1679
7;2025-11-12;15;1771
7;2025-11-12;16;1893
7;2025-11-12;17;2399
7;2025-11-12;18;2580
7;2025-11-12;19;1746
7;2025-11-12;20;1029
7;2025-11-12;21;647
7;2025-11-12;22;320
7;2025-11-12;23;192
7;2025-11-13;0;60
7;2025-11-13;1;12
7;2025-11-13;2;0
7;2025-11-13;3;0
7;2025-11-13;4;1
7;2025-11-13;5;194
7;2025-11-13;6;649
7;2025-11-13;7;1660
7;2025-11-13;8;2532
7;2025-11-13;9;1896
7;2025-11-13;10;1658
7;2025-11-13;11;1574
7;2025-11-13;12;1681
7;2025-11-13;13;1606
7;2025-11-13;14;1686
7;2025-11-13;15;1781
7;2025-11-13;16;1899
7;2025-11-13;17;2402
7;2025-11-13;18;2590
7;2025-11-13;19;1748
7;2025-11-13;20;1032
7;2025-11-13;21;650
7;2025-11-13;22;323
7;2025-11-13;23;199
7;2025-11-14;0;70
7;2025-11-14;1;13
7;2025-11-14;2;0
7;2025-11-14;3;0
7;2025-11-14;4;2
7;2025-11-14;5;182
7;2025-11-14;6;633
7;2025-11-14;7;1579
7;2025-11-14;8;2400
7;2025-11-14;9;1825
7;2025-11-14;10;1661
7;2025-11-14;11;1584
7;2025-11-14;12;1670
7;2025-11-14;13;1688
7;2025-11-14;14;1712
7;2025-11-14;15;1906
7;2025-11-14;16;2086
7;2025-11-14;17;2306
7;2025-11-14;18;2085
7;2025-11-14;19;1564
7;2025-11-14;20;986
7;2025-11-14;21;609
7;2025-11-14;22;318
7;2025-11-14;23;227
7;2025-11-15;0;114
7;2025-11-15;1;21
7;2025-11-15;2;0
7;2025-11-15;3;0
7;2025-11-15;4;1
7;2025-11-15;5;67
7;2025-11-15;6;288
7;2025-11-15;7;391
7;2025-11-15;8;772
7;2025-11-15;9;773
7;2025-11-15;10;765
7;2025-11-15;11;848
7;2025-11-15;12;1044
7;2025-11-15;13;1069
7;2025-11-15;14;1115
7;2025-11-15;15;1092
7;2025-11-15;16;1102
7;2025-11-15;17;1081
7;2025-11-15;18;958
7;2025-11-15;19;854
7;2025-11-15;20;668
7;2025-11-15;21;495
7;2025-11-15;22;283
7;2025-11-15;23;207
7;2025-11-16;0;96
7;2025-11-16;1;22
7;2025-11-16;2;0
7;2025-11-16;3;0
7;2025-11-16;4;1
7;2025-11-16;5;14
7;2025-11-16;6;181
7;2025-11-16;7;243
7;2025-11-16;8;417
7;2025-11-16;9;588
7;2025-11-16;10;551
7;2025-11-16;11;785
7;2025-11-16;12;865
7;2025-11-16;13;889
7;2025-11-16;14;900
7;2025-11-16;15;921
7;2025-11-16;16;879
7;2025-11-16;17;873
7;2025-11-16;18;803
7;2025-11-16;19;629
7;2025-11-16;20;529
7;2025-11-16;21;396
7;2025-11-16;22;219
7;2025-11-16;23;146
7;2025-11-17;0;62
7;2025-11-17;1;11
7;2025-11-17;2;0
7;2025-11-17;3;0
7;2025-11-17;4;1
7;2025-11-17;5;198
7;2025-11-17;6;649
7;2025-11-17;7;1673
7;2025-11-17;8;2641
7;2025-11-17;9;1867
7;2025-11-17;10;1578
7;2025-11-17;11;1507
7;2025-11-17;12;1506
7;2025-11-17;13;1497
7;2025-11-17;14;1516
7;2025-11-17;15;1739
7;2025-11-17;16;1826
7;2025-11-17;17;2357
7;2025-11-17;18;2591
7;2025-11-17;19;1740
7;2025-11-17;20;1034
7;2025-11-17;21;619
7;2025-11-17;22;291
7;2025-11-17;23;156
7;2025-11-18;0;58
7;2025-11-18;1;11
7;2025-11-18;2;0
7;2025-11-18;3;0
7;2025-11-18;4;2
7;2025-11-18;5;186
7;2025-11-18;6;641
7;2025-11-18;7;1669
7;2025-11-18;8;2520
7;2025-11-18;9;1896
7;2025-11-18;10;1636
7;2025-11-18;11;1569
7;2025-11-18;12;1681
7;2025-11-18;13;1591
7;2025-11-18;14;1668
7;2025-11-18;15;1765
7;2025-11-18;16;1896
7;2025-11-18;17;2397
7;2025-11-18;18;2578
7;2025-11-18;19;1753
7;2025-11-18;20;1031
7;2025-11-18;21;644
7;2025-11-18;22;315
7;2025-11-18;23;184
7;2025-11-19;0;59
7;2025-11-19;1;12
7;2025-11-19;2;0
7;2025-11-19;3;0
7;2025-11-19;4;1
7;2025-11-19;5;195
7;2025-11-19;6;653
7;2025-11-19;7;1662
7;2025-11-19;8;2537
7;2025-11-19;9;1896
7;2025-11-19;10;1647
7;2025-11-19;11;1560
7;2025-11-19;12;1655
7;2025-11-19;13;1590
7;2025-11-19;14;1670
7;2025-11-19;15;1766
7;2025-11-19;16;1891
7;2025-11-19;17;2397
7;2025-11-19;18;2590
7;2025-11-19;19;1747
7;2025-11-19;20;1030
7;2025-11-19;21;649
7;2025-11-19;22;322
7;2025-11-19;23;191
7;2025-11-20;0;60
7;2025-11-20;1;12
7;2025-11-20;2;0
7;2025-11-20;3;0
7;2025-11-20;4;1
7;2025-11-20;5;195
7;2025-11-20;6;653
7;2025-11-20;7;1661
7;2025-11-20;8;2533
7;2025-11-20;9;1895
7;2025-11-20;10;1646
7;2025-11-20;11;1559
7;2025-11-20;12;1655
7;2025-11-20;13;1590
7;2025-11-20;14;1671
7;2025-11-20;15;1767
7;2025-11-20;16;1891
7;2025-11-20;17;2397
7;2025-11-20;18;2590
7;2025-11-20;19;1743
7;2025-11-20;20;1027
7;2025-11-20;21;647
7;2025-11-20;22;321
7;2025-11-20;23;196
7;2025-11-21;0;70
7;2025-11-21;1;13
7;2025-11-21;2;0
7;2025-11-21;3;0
7;2025-11-21;4;1
7;2025-11-21;5;191
7;2025-11-21;6;646
7;2025-11-21;7;1577
7;2025-11-21;8;2398
7;2025-11-21;9;1822
7;2025-11-21;10;1651
7;2025-11-21;11;1574
7;2025-11-21;12;1636
7;2025-11-21;13;1677
7;2025-11-21;14;1702
7;2025-11-21;15;1897
7;2025-11-21;16;2083
7;2025-11-21;17;2303
7;2025-11-21;18;2083
7;2025-11-21;19;1564
7;2025-11-21;20;988
7;2025-11-21;21;612
7;2025-11-21;22;322
7;2025-11-21;23;228
7;2025-11-22;0;117
7;2025-11-22;1;23
7;2025-11-22;2;0
7;2025-11-22;3;0
7;2025-11-22;4;1
7;2025-11-22;5;65
7;2025-11-22;6;293
7;2025-11-22;7;392
7;2025-11-22;8;768
7;2025-11-22;9;769
7;2025-11-22;10;812
7;2025-11-22;11;925
7;2025-11-22;12;1143
7;2025-11-22;13;1147
7;2025-11-22;14;1115
7;2025-11-22;15;1095
7;2025-11-22;16;1103
7;2025-11-22;17;1082
7;2025-11-22;18;963
7;2025-11-22;19;853
7;2025-11-22;20;672
7;2025-11-22;21;484
7;2025-11-22;22;276
7;2025-11-22;23;211
7;2025-11-23;0;96
7;2025-11-23;1;22
7;2025-11-23;2;0
7;2025-11-23;3;0
7;2025-11-23;4;1
7;2025-11-23;5;28
7;2025-11-23;6;183
7;2025-11-23;7;249
7;2025-11-23;8;452
7;2025-11-23;9;601
7;2025-11-23;10;567
7;2025-11-23;11;794
7;2025-11-23;12;886
7;2025-11-23;13;909
7;2025-11-23;14;916
7;2025-11-23;15;938
7;2025-11-23;16;887
7;2025-11-23;17;878
7;2025-11-23;18;800
7;2025-11-23;19;628
7;2025-11-23;20;535
7;2025-11-23;21;397
7;2025-11-23;22;218
7;2025-11-23;23;142
7;2025-11-24;0;63
7;2025-11-24;1;10
7;2025-11-24;2;0
7;2025-11-24;3;0
7;2025-11-24;4;1
7;2025-11-24;5;195
7;2025-11-24;6;644
7;2025-11-24;7;1688
7;2025-11-24;8;2633
7;2025-11-24;9;1878
7;2025-11-24;10;1546
7;2025-11-24;11;1482
7;2025-11-24;12;1508
7;2025-11-24;13;1533
7;2025-11-24;14;1523
7;2025-11-24;15;1746
7;2025-11-24;16;1827
7;2025-11-24;17;2359
7;2025-11-24;18;2591
7;2025-11-24;19;1743
7;2025-11-24;20;1038
7;2025-11-24;21;608
7;2025-11-24;22;290
7;2025-11-24;23;156
7;2025-11-25;0;58
7;2025-11-25;1;11
7;2025-11-25;2;0
7;2025-11-25;3;0
7;2025-11-25;4;1
7;2025-11-25;5;198
7;2025-11-25;6;657
7;2025-11-25;7;1665
7;2025-11-25;8;2538
7;2025-11-25;9;1896
7;2025-11-25;10;1645
7;2025-11-25;11;1558
7;2025-11-25;12;1652
7;2025-11-25;13;1592
7;2025-11-25;14;1668
7;2025-11-25;15;1762
7;2025-11-25;16;1887
7;2025-11-25;17;2395
7;2025-11-25;18;2589
7;2025-11-25;19;1745
7;2025-11-25;20;1028
7;2025-11-25;21;645
7;2025-11-25;22;317
7;2025-11-25;23;185
7;2025-11-26;0;59
7;2025-11-26;1;12
7;2025-11-26;2;0
7;2025-11-26;3;0
7;2025-11-26;4;1
7;2025-11-26;5;195
7;2025-11-26;6;653
7;2025-11-26;7;1683
7;2025-11-26;8;2513
7;2025-11-26;9;1905
7;2025-11-26;10;1645
7;2025-11-26;11;1562
7;2025-11-26;12;1658
7;2025-11-26;13;1591
7;2025-11-26;14;1670
7;2025-11-26;15;1765
7;2025-11-26;16;1871
7;2025-11-26;17;2374
7;2025-11-26;18;2578
7;2025-11-26;19;1751
7;2025-11-26;20;1033
7;2025-11-26;21;652
7;2025-11-26;22;325
7;2025-11-26;23;193
7;2025-11-27;0;60
7;2025-11-27;1;12
7;2025-11-27;2;0
7;2025-11-27;3;0
7;2025-11-27;4;1
7;2025-11-27;5;194
7;2025-11-27;6;648
7;2025-11-27;7;1660
7;2025-11-27;8;2532
7;2025-11-27;9;1896
7;2025-11-27;10;1654
7;2025-11-27;11;1570
7;2025-11-27;12;1672
7;2025-11-27;13;1587
7;2025-11-27;14;1666
7;2025-11-27;15;1775
7;2025-11-27;16;1898
7;2025-11-27;17;2377
7;2025-11-27;18;2548
7;2025-11-27;19;1752
7;2025-11-27;20;1037
7;2025-11-27;21;656
7;2025-11-27;22;328
7;2025-11-27;23;199
7;2025-11-28;0;68
7;2025-11-28;1;12
7;2025-11-28;2;0
7;2025-11-28;3;0
7;2025-11-28;4;2
7;2025-11-28;5;181
7;2025-11-28;6;633
7;2025-11-28;7;1579
7;2025-11-28;8;2399
7;2025-11-28;9;1823
7;2025-11-28;10;1647
7;2025-11-28;11;1569
7;2025-11-28;12;1646
7;2025-11-28;13;1679
7;2025-11-28;14;1706
7;2025-11-28;15;1903
7;2025-11-28;16;2084
7;2025-11-28;17;2300
7;2025-11-28;18;2083
7;2025-11-28;19;1562
7;2025-11-28;20;985
7;2025-11-28;21;609
7;2025-11-28;22;322
7;2025-11-28;23;228
7;2025-11-29;0;117
7;2025-11-29;1;23
7;2025-11-29;2;0
7;2025-11-29;3;0
7;2025-11-29;4;1
7;2025-11-29;5;62
7;2025-11-29;6;295
7;2025-11-29;7;396
7;2025-11-29;8;763
7;2025-11-29;9;782
7;2025-11-29;10;813
7;2025-11-29;11;925
7;2025-11-29;12;1141
7;2025-11-29;13;1145
7;2025-11-29;14;1115
7;2025-11-29;15;1091
7;2025-11-29;16;1102
7;2025-11-29;17;1081
7;2025-11-29;18;958
7;2025-11-29;19;854
7;2025-11-29;20;673
7;2025-11-29;21;500
7;2025-11-29;22;286
7;2025-11-29;23;208
7;2025-11-30;0;96
7;2025-11-30;1;22
7;2025-11-30;2;0
7;2025-11-30;3;0
7;2025-11-30;4;0
7;2025-11-30;5;29
7;2025-11-30;6;184
7;2025-11-30;7;251
7;2025-11-30;8;453
7;2025-11-30;9;601
7;2025-11-30;10;566
7;2025-11-30;11;792
7;2025-11-30;12;884
7;2025-11-30;13;909
7;2025-11-30;14;918
7;2025-11-30;15;945
7;2025-11-30;16;891
7;2025-11-30;17;884
7;2025-11-30;18;821
7;2025-11-30;19;643
7;2025-11-30;20;540
7;2025-11-30;21;406
7;2025-11-30;22;222
7;2025-11-30;23;145
7;2025-12-01;0;62
7;2025-12-01;1;11
7;2025-12-01;2;0
7;2025-12-01;3;0
7;2025-12-01;4;1
7;2025-12-01;5;200
7;2025-12-01;6;655
7;2025-12-01;7;1683
7;2025-12-01;8;2654
7;2025-12-01;9;1875
7;2025-12-01;10;1568
7;2025-12-01;11;1498
7;2025-12-01;12;1502
7;2025-12-01;13;1528
7;2025-12-01;14;1519
7;2025-12-01;15;1748
7;2025-12-01;16;1831
7;2025-12-01;17;2364
7;2025-12-01;18;2593
7;2025-12-01;19;1744
7;2025-12-01;20;1038
7;2025-12-01;21;609
7;2025-12-01;22;291
7;2025-12-01;23;157
7;2025-12-02;0;59
7;2025-12-02;1;12
7;2025-12-02;2;0
7;2025-12-02;3;0
7;2025-12-02;4;1
7;2025-12-02;5;196
7;2025-12-02;6;656
7;2025-12-02;7;1664
7;2025-12-02;8;2537
7;2025-12-02;9;1896
7;2025-12-02;10;1645
7;2025-12-02;11;1554
7;2025-12-02;12;1650
7;2025-12-02;13;1590
7;2025-12-02;14;1668
7;2025-12-02;15;1762
7;2025-12-02;16;1887
7;2025-12-02;17;2395
7;2025-12-02;18;2589
7;2025-12-02;19;1745
7;2025-12-02;20;1028
7;2025-12-02;21;646
7;2025-12-02;22;317
7;2025-12-02;23;185
7;2025-12-03;0;59
7;2025-12-03;1;12
7;2025-12-03;2;0
7;2025-12-03;3;0
7;2025-12-03;4;1
7;2025-12-03;5;196
7;2025-12-03;6;654
7;2025-12-03;7;1662
7;2025-12-03;8;2537
7;2025-12-03;9;1896
7;2025-12-03;10;1646
7;2025-12-03;11;1558
7;2025-12-03;12;1655
7;2025-12-03;13;1590
7;2025-12-03;14;1670
7;2025-12-03;15;1766
7;2025-12-03;16;1891
7;2025-12-03;17;2397
7;2025-12-03;18;2590
7;2025-12-03;19;1746
7;2025-12-03;20;1029
7;2025-12-03;21;648
7;2025-12-03;22;321
7;2025-12-03;23;193
7;2025-12-04;0;60
7;2025-12-04;1;12
7;2025-12-04;2;0
7;2025-12-04;3;0
7;2025-12-04;4;1
7;2025-12-04;5;193
7;2025-12-04;6;651
7;2025-12-04;7;1659
7;2025-12-04;8;2534
7;2025-12-04;9;1894
7;2025-12-04;10;1644
7;2025-12-04;11;1558
7;2025-12-04;12;1655
7;2025-12-04;13;1591
7;2025-12-04;14;1668
7;2025-12-04;15;1768
7;2025-12-04;16;1889
7;2025-12-04;17;2395
7;2025-12-04;18;2592
7;2025-12-04;19;1748
7;2025-12-04;20;1031
7;2025-12-04;21;650
7;2025-12-04;22;323
7;2025-12-04;23;197
7;2025-12-05;0;70
7;2025-12-05;1;13
7;2025-12-05;2;0
7;2025-12-05;3;0
7;2025-12-05;4;2
7;2025-12-05;5;181
7;2025-12-05;6;635
7;2025-12-05;7;1577
7;2025-12-05;8;2397
7;2025-12-05;9;1822
7;2025-12-05;10;1650
7;2025-12-05;11;1573
7;2025-12-05;12;1650
7;2025-12-05;13;1678
7;2025-12-05;14;1700
7;2025-12-05;15;1898
7;2025-12-05;16;2084
7;2025-12-05;17;2304
7;2025-12-05;18;2083
7;2025-12-05;19;1562
7;2025-12-05;20;985
7;2025-12-05;21;609
7;2025-12-05;22;322
7;2025-12-05;23;228
7;2025-12-06;0;96
7;2025-12-06;1;22
7;2025-12-06;2;0
7;2025-12-06;3;0
7;2025-12-06;4;1
7;2025-12-06;5;65
7;2025-12-06;6;281
7;2025-12-06;7;491
7;2025-12-06;8;708
7;2025-12-06;9;840
7;2025-12-06;10;866
7;2025-12-06;11;1000
7;2025-12-06;12;1100
7;2025-12-06;13;1183
7;2025-12-06;14;1191
7;2025-12-06;15;1188
7;2025-12-06;16;1141
7;2025-12-06;17;1074
7;2025-12-06;18;1119
7;2025-12-06;19;1018
7;2025-12-06;20;754
7;2025-12-06;21;616
7;2025-12-06;22;322
7;2025-12-06;23;233
7;2025-12-07;0;103
7;2025-12-07;1;10
7;2025-12-07;2;0
7;2025-12-07;3;0
7;2025-12-07;4;1
7;2025-12-07;5;38
7;2025-12-07;6;216
7;2025-12-07;7;361
7;2025-12-07;8;576
7;2025-12-07;9;696
7;2025-12-07;10;740
7;2025-12-07;11;1002
7;2025-12-07;12;1010
7;2025-12-07;13;1090
7;2025-12-07;14;1131
7;2025-12-07;15;1147
7;2025-12-07;16;1063
7;2025-12-07;17;1040
7;2025-12-07;18;979
7;2025-12-07;19;894
7;2025-12-07;20;718
7;2025-12-07;21;537
7;2025-12-07;22;303
7;2025-12-07;23;189
7;2025-12-08;0;63
7;2025-12-08;1;11
7;2025-12-08;2;0
7;2025-12-08;3;0
7;2025-12-08;4;1
7;2025-12-08;5;201
7;2025-12-08;6;656
7;2025-12-08;7;1683
7;2025-12-08;8;2654
7;2025-12-08;9;1881
7;2025-12-08;10;1566
7;2025-12-08;11;1496
7;2025-12-08;12;1502
7;2025-12-08;13;1527
7;2025-12-08;14;1522
7;2025-12-08;15;1748
7;2025-12-08;16;1831
7;2025-12-08;17;2364
7;2025-12-08;18;2593
7;2025-12-08;19;1744
7;2025-12-08;20;1038
7;2025-12-08;21;609
7;2025-12-08;22;291
7;2025-12-08;23;156
7;2025-12-09;0;59
7;2025-12-09;1;12
7;2025-12-09;2;0
7;2025-12-09;3;0
7;2025-12-09;4;1
7;2025-12-09;5;198
7;2025-12-09;6;657
7;2025-12-09;7;1665
7;2025-12-09;8;2539
7;2025-12-09;9;1897
7;2025-12-09;10;1646
7;2025-12-09;11;1554
7;2025-12-09;12;1652
7;2025-12-09;13;1592
7;2025-12-09;14;1668
7;2025-12-09;15;1763
7;2025-12-09;16;1887
7;2025-12-09;17;2394
7;2025-12-09;18;2588
7;2025-12-09;19;1746
7;2025-12-09;20;1029
7;2025-12-09;21;647
7;2025-12-09;22;323
7;2025-12-09;23;187
7;2025-12-10;0;59
7;2025-12-10;1;12
7;2025-12-10;2;0
7;2025-12-10;3;0
7;2025-12-10;4;1
7;2025-12-10;5;214
7;2025-12-10;6;671
7;2025-12-10;7;1691
7;2025-12-10;8;2536
7;2025-12-10;9;1916
7;2025-12-10;10;1664
7;2025-12-10;11;1566
7;2025-12-10;12;1658
7;2025-12-10;13;1592
7;2025-12-10;14;1671
7;2025-12-10;15;1767
7;2025-12-10;16;1890
7;2025-12-10;17;2397
7;2025-12-10;18;2590
7;2025-12-10;19;1747
7;2025-12-10;20;1030
7;2025-12-10;21;649
7;2025-12-10;22;322
7;2025-12-10;23;193
7;2025-12-11;0;60
7;2025-12-11;1;12
7;2025-12-11;2;0
7;2025-12-11;3;0
7;2025-12-11;4;1
7;2025-12-11;5;194
7;2025-12-11;6;652
7;2025-12-11;7;1659
7;2025-12-11;8;2480
7;2025-12-11;9;1891
7;2025-12-11;10;1648
7;2025-12-11;11;1556
7;2025-12-11;12;1653
7;2025-12-11;13;1589
7;2025-12-11;14;1672
7;2025-12-11;15;1768
7;2025-12-11;16;1882
7;2025-12-11;17;2369
7;2025-12-11;18;2546
7;2025-12-11;19;1755
7;2025-12-11;20;1041
7;2025-12-11;21;656
7;2025-12-11;22;328
7;2025-12-11;23;197
7;2025-12-12;0;70
7;2025-12-12;1;13
7;2025-12-12;2;0
7;2025-12-12;3;0
7;2025-12-12;4;2
7;2025-12-12;5;183
7;2025-12-12;6;627
7;2025-12-12;7;1579
7;2025-12-12;8;2394
7;2025-12-12;9;1825
7;2025-12-12;10;1648
7;2025-12-12;11;1573
7;2025-12-12;12;1632
7;2025-12-12;13;1637
7;2025-12-12;14;1669
7;2025-12-12;15;1841
7;2025-12-12;16;2027
7;2025-12-12;17;2278
7;2025-12-12;18;2083
7;2025-12-12;19;1566
7;2025-12-12;20;991
7;2025-12-12;21;615
7;2025-12-12;22;321
7;2025-12-12;23;229
7;2025-12-13;0;96
7;2025-12-13;1;21
7;2025-12-13;2;0
7;2025-12-13;3;0
7;2025-12-13;4;1
7;2025-12-13;5;66
7;2025-12-13;6;276
7;2025-12-13;7;477
7;2025-12-13;8;700
7;2025-12-13;9;826
7;2025-12-13;10;850
7;2025-12-13;11;987
7;2025-12-13;12;1066
7;2025-12-13;13;1147
7;2025-12-13;14;1168
7;2025-12-13;15;1168
7;2025-12-13;16;1125
7;2025-12-13;17;1061
7;2025-12-13;18;1118
7;2025-12-13;19;1019
7;2025-12-13;20;736
7;2025-12-13;21;597
7;2025-12-13;22;326
7;2025-12-13;23;233
7;2025-12-14;0;102
7;2025-12-14;1;11
7;2025-12-14;2;0
7;2025-12-14;3;0
7;2025-12-14;4;1
7;2025-12-14;5;22
7;2025-12-14;6;186
7;2025-12-14;7;328
7;2025-12-14;8;527
7;2025-12-14;9;674
7;2025-12-14;10;715
7;2025-12-14;11;981
7;2025-12-14;12;990
7;2025-12-14;13;1068
7;2025-12-14;14;1119
7;2025-12-14;15;1134
7;2025-12-14;16;1064
7;2025-12-14;17;1040
7;2025-12-14;18;984
7;2025-12-14;19;894
7;2025-12-14;20;715
7;2025-12-14;21;535
7;2025-12-14;22;302
7;2025-12-14;23;186
7;2025-12-15;0;62
7;2025-12-15;1;11
7;2025-12-15;2;0
7;2025-12-15;3;0
7;2025-12-15;4;1
7;2025-12-15;5;174
7;2025-12-15;6;622
7;2025-12-15;7;1651
7;2025-12-15;8;2616
7;2025-12-15;9;1840
7;2025-12-15;10;1528
7;2025-12-15;11;1460
7;2025-12-15;12;1472
7;2025-12-15;13;1508
7;2025-12-15;14;1506
7;2025-12-15;15;1749
7;2025-12-15;16;1813
7;2025-12-15;17;2349
7;2025-12-15;18;2595
7;2025-12-15;19;1748
7;2025-12-15;20;1037
7;2025-12-15;21;610
7;2025-12-15;22;292
7;2025-12-15;23;163
7;2025-12-16;0;59
7;2025-12-16;1;12
7;2025-12-16;2;0
7;2025-12-16;3;0
7;2025-12-16;4;1
7;2025-12-16;5;206
7;2025-12-16;6;654
7;2025-12-16;7;1662
7;2025-12-16;8;2532
7;2025-12-16;9;1890
7;2025-12-16;10;1656
7;2025-12-16;11;1565
7;2025-12-16;12;1662
7;2025-12-16;13;1559
7;2025-12-16;14;1665
7;2025-12-16;15;1762
7;2025-12-16;16;1887
7;2025-12-16;17;2395
7;2025-12-16;18;2589
7;2025-12-16;19;1744
7;2025-12-16;20;1027
7;2025-12-16;21;644
7;2025-12-16;22;315
7;2025-12-16;23;184
7;2025-12-17;0;59
7;2025-12-17;1;12
7;2025-12-17;2;0
7;2025-12-17;3;0
7;2025-12-17;4;1
7;2025-12-17;5;195
7;2025-12-17;6;653
7;2025-12-17;7;1662
7;2025-12-17;8;2537
7;2025-12-17;9;1896
7;2025-12-17;10;1645
7;2025-12-17;11;1558
7;2025-12-17;12;1655
7;2025-12-17;13;1590
7;2025-12-17;14;1670
7;2025-12-17;15;1766
7;2025-12-17;16;1891
7;2025-12-17;17;2397
7;2025-12-17;18;2590
7;2025-12-17;19;1746
7;2025-12-17;20;1029
7;2025-12-17;21;648
7;2025-12-17;22;321
7;2025-12-17;23;193
7;2025-12-18;0;60
7;2025-12-18;1;12
7;2025-12-18;2;0
7;2025-12-18;3;0
7;2025-12-18;4;1
7;2025-12-18;5;194
7;2025-12-18;6;652
7;2025-12-18;7;1659
7;2025-12-18;8;2532
7;2025-12-18;9;1894
7;2025-12-18;10;1646
7;2025-12-18;11;1559
7;2025-12-18;12;1657
7;2025-12-18;13;1592
7;2025-12-18;14;1672
7;2025-12-18;15;1768
7;2025-12-18;16;1891
7;2025-12-18;17;2398
7;2025-12-18;18;2591
7;2025-12-18;19;1746
7;2025-12-18;20;1029
7;2025-12-18;21;648
7;2025-12-18;22;322
7;2025-12-18;23;196
7;2025-12-19;0;70
7;2025-12-19;1;13
7;2025-12-19;2;0
7;2025-12-19;3;0
7;2025-12-19;4;1
7;2025-12-19;5;181
7;2025-12-19;6;635
7;2025-12-19;7;1577
7;2025-12-19;8;2397
7;2025-12-19;9;1822
7;2025-12-19;10;1652
7;2025-12-19;11;1575
7;2025-12-19;12;1654
7;2025-12-19;13;1680
7;2025-12-19;14;1704
7;2025-12-19;15;1892
7;2025-12-19;16;2076
7;2025-12-19;17;2295
7;2025-12-19;18;2085
7;2025-12-19;19;1562
7;2025-12-19;20;987
7;2025-12-19;21;610
7;2025-12-19;22;321
7;2025-12-19;23;228
7;2025-12-20;0;97
7;2025-12-20;1;22
7;2025-12-20;2;0
7;2025-12-20;3;0
7;2025-12-20;4;1
7;2025-12-20;5;68
7;2025-12-20;6;283
7;2025-12-20;7;492
7;2025-12-20;8;708
7;2025-12-20;9;842
7;2025-12-20;10;869
7;2025-12-20;11;1006
7;2025-12-20;12;1100
7;2025-12-20;13;1182
7;2025-12-20;14;1189
7;2025-12-20;15;1181
7;2025-12-20;16;1136
7;2025-12-20;17;1074
7;2025-12-20;18;1111
7;2025-12-20;19;1019
7;2025-12-20;20;757
7;2025-12-20;21;613
7;2025-12-20;22;322
7;2025-12-20;23;231
7;2025-12-21;0;103
7;2025-12-21;1;11
7;2025-12-21;2;0
7;2025-12-21;3;0
7;2025-12-21;4;1
7;2025-12-21;5;38
7;2025-12-21;6;213
7;2025-12-21;7;354
7;2025-12-21;8;576
7;2025-12-21;9;695
7;2025-12-21;10;739
7;2025-12-21;11;1002
7;2025-12-21;12;1010
7;2025-12-21;13;1088
7;2025-12-21;14;1128
7;2025-12-21;15;1143
7;2025-12-21;16;1063
7;2025-12-21;17;1039
7;2025-12-21;18;978
7;2025-12-21;19;894
7;2025-12-21;20;718
7;2025-12-21;21;537
7;2025-12-21;22;291
7;2025-12-21;23;188
7;2025-12-22;0;63
7;2025-12-22;1;10
7;2025-12-22;2;0
7;2025-12-22;3;0
7;2025-12-22;4;1
7;2025-12-22;5;200
7;2025-12-22;6;654
7;2025-12-22;7;1682
7;2025-12-22;8;2656
7;2025-12-22;9;1892
7;2025-12-22;10;1593
7;2025-12-22;11;1501
7;2025-12-22;12;1507
7;2025-12-22;13;1528
7;2025-12-22;14;1522
7;2025-12-22;15;1751
7;2025-12-22;16;1828
7;2025-12-22;17;2359
7;2025-12-22;18;2588
7;2025-12-22;19;1741
7;2025-12-22;20;1035
7;2025-12-22;21;605
7;2025-12-22;22;291
7;2025-12-22;23;158
7;2025-12-23;0;59
7;2025-12-23;1;12
7;2025-12-23;2;0
7;2025-12-23;3;0
7;2025-12-23;4;1
7;2025-12-23;5;195
7;2025-12-23;6;657
7;2025-12-23;7;1665
7;2025-12-23;8;2536
7;2025-12-23;9;1897
7;2025-12-23;10;1637
7;2025-12-23;11;1548
7;2025-12-23;12;1646
7;2025-12-23;13;1577
7;2025-12-23;14;1652
7;2025-12-23;15;1746
7;2025-12-23;16;1870
7;2025-12-23;17;2383
7;2025-12-23;18;2578
7;2025-12-23;19;1745
7;2025-12-23;20;1022
7;2025-12-23;21;641
7;2025-12-23;22;311
7;2025-12-23;23;179
7;2025-12-24;0;59
7;2025-12-24;1;12
7;2025-12-24;2;0
7;2025-12-24;3;0
7;2025-12-24;4;1
7;2025-12-24;5;199
7;2025-12-24;6;661
7;2025-12-24;7;1666
7;2025-12-24;8;2533
7;2025-12-24;9;1901
7;2025-12-24;10;1650
7;2025-12-24;11;1563
7;2025-12-24;12;1655
7;2025-12-24;13;1588
7;2025-12-24;14;1673
7;2025-12-24;15;1762
7;2025-12-24;16;1893
7;2025-12-24;17;2400
7;2025-12-24;18;2578
7;2025-12-24;19;1751
7;2025-12-24;20;1031
7;2025-12-24;21;648
7;2025-12-24;22;320
7;2025-12-24;23;192
7;2025-12-25;0;60
7;2025-12-25;1;12
7;2025-12-25;2;0
7;2025-12-25;3;0
7;2025-12-25;4;1
7;2025-12-25;5;198
7;2025-12-25;6;667
7;2025-12-25;7;1661
7;2025-12-25;8;2532
7;2025-12-25;9;1892
7;2025-12-25;10;1643
7;2025-12-25;11;1551
7;2025-12-25;12;1652
7;2025-12-25;13;1588
7;2025-12-25;14;1667
7;2025-12-25;15;1773
7;2025-12-25;16;1898
7;2025-12-25;17;2391
7;2025-12-25;18;2551
7;2025-12-25;19;1761
7;2025-12-25;20;1035
7;2025-12-25;21;659
7;2025-12-25;22;331
7;2025-12-25;23;193
7;2025-12-26;0;68
7;2025-12-26;1;12
7;2025-12-26;2;0
7;2025-12-26;3;0
7;2025-12-26;4;2
7;2025-12-26;5;172
7;2025-12-26;6;635
7;2025-12-26;7;1583
7;2025-12-26;8;2399
7;2025-12-26;9;1818
7;2025-12-26;10;1635
7;2025-12-26;11;1570
7;2025-12-26;12;1619
7;2025-12-26;13;1655
7;2025-12-26;14;1683
7;2025-12-26;15;1880
7;2025-12-26;16;2065
7;2025-12-26;17;2275
7;2025-12-26;18;2072
7;2025-12-26;19;1562
7;2025-12-26;20;987
7;2025-12-26;21;606
7;2025-12-26;22;317
7;2025-12-26;23;229
7;2025-12-27;0;97
7;2025-12-27;1;22
7;2025-12-27;2;0
7;2025-12-27;3;0
7;2025-12-27;4;1
7;2025-12-27;5;68
7;2025-12-27;6;283
7;2025-12-27;7;493
7;2025-12-27;8;709
7;2025-12-27;9;828
7;2025-12-27;10;868
7;2025-12-27;11;1007
7;2025-12-27;12;1093
7;2025-12-27;13;1176
7;2025-12-27;14;1187
7;2025-12-27;15;1165
7;2025-12-27;16;1121
7;2025-12-27;17;1068
7;2025-12-27;18;1112
7;2025-12-27;19;1021
7;2025-12-27;20;758
7;2025-12-27;21;605
7;2025-12-27;22;312
7;2025-12-27;23;236
7;2025-12-28;0;102
7;2025-12-28;1;10
7;2025-12-28;2;0
7;2025-12-28;3;0
7;2025-12-28;4;1
7;2025-12-28;5;44
7;2025-12-28;6;220
7;2025-12-28;7;360
7;2025-12-28;8;586
7;2025-12-28;9;690
7;2025-12-28;10;713
7;2025-12-28;11;945
7;2025-12-28;12;928
7;2025-12-28;13;996
7;2025-12-28;14;1043
7;2025-12-28;15;1066
7;2025-12-28;16;1058
7;2025-12-28;17;1032
7;2025-12-28;18;979
7;2025-12-28;19;888
7;2025-12-28;20;695
7;2025-12-28;21;519
7;2025-12-28;22;291
7;2025-12-28;23;187
7;2025-12-29;0;58
7;2025-12-29;1;10
7;2025-12-29;2;0
7;2025-12-29;3;0
7;2025-12-29;4;1
7;2025-12-29;5;185
7;2025-12-29;6;607
7;2025-12-29;7;1553
7;2025-12-29;8;2425
7;2025-12-29;9;1739
7;2025-12-29;10;1442
7;2025-12-29;11;1384
7;2025-12-29;12;1391
7;2025-12-29;13;1410
7;2025-12-29;14;1417
7;2025-12-29;15;1616
7;2025-12-29;16;1696
7;2025-12-29;17;2186
7;2025-12-29;18;2377
7;2025-12-29;19;1633
7;2025-12-29;20;959
7;2025-12-29;21;567
7;2025-12-29;22;270
7;2025-12-29;23;146
7;2025-12-30;0;55
7;2025-12-30;1;11
7;2025-12-30;2;0
7;2025-12-30;3;0
7;2025-12-30;4;1
7;2025-12-30;5;177
7;2025-12-30;6;603
7;2025-12-30;7;1548
7;2025-12-30;8;2311
7;2025-12-30;9;1753
7;2025-12-30;10;1509
7;2025-12-30;11;1426
7;2025-12-30;12;1503
7;2025-12-30;13;1443
7;2025-12-30;14;1531
7;2025-12-30;15;1623
7;2025-12-30;16;1738
7;2025-12-30;17;2191
7;2025-12-30;18;2379
7;2025-12-30;19;1620
7;2025-12-30;20;948
7;2025-12-30;21;595
7;2025-12-30;22;294
7;2025-12-30;23;168
7;2025-12-31;0;84
7;2025-12-31;1;10
7;2025-12-31;2;0
7;2025-12-31;3;0
7;2025-12-31;4;1
7;2025-12-31;5;19
7;2025-12-31;6;127
7;2025-12-31;7;230
7;2025-12-31;8;412
7;2025-12-31;9;494
7;2025-12-31;10;512
7;2025-12-31;11;688
7;2025-12-31;12;744
7;2025-12-31;13;752
7;2025-12-31;14;795
7;2025-12-31;15;826
7;2025-12-31;16;822
7;2025-12-31;17;802
7;2025-12-31;18;754
7;2025-12-31;19;696
7;2025-12-31;20;575
7;2025-12-31;21;405
7;2025-12-31;22;205
7;2025-12-31;23;109
11;2025-11-01;0;63
11;2025-11-01;1;1
11;2025-11-01;2;0
11;2025-11-01;3;0
11;2025-11-01;4;1
11;2025-11-01;5;253
11;2025-11-01;6;1240
11;2025-11-01;7;2186
11;2025-11-01;8;2886
11;2025-11-01;9;2152
11;2025-11-01;10;1805
11;2025-11-01;11;1718
11;2025-11-01;12;1830
11;2025-11-01;13;1847
11;2025-11-01;14;1942
11;2025-11-01;15;2041
11;2025-11-01;16;2222
11;2025-11-01;17;2605
11;2025-11-01;18;2342
11;2025-11-01;19;1864
11;2025-11-01;20;1308
11;2025-11-01;21;796
11;2025-11-01;22;381
11;2025-11-01;23;286
11;2025-11-02;0;103
11;2025-11-02;1;11
11;2025-11-02;2;0
11;2025-11-02;3;0
11;2025-11-02;4;1
11;2025-11-02;5;124
11;2025-11-02;6;467
11;2025-11-02;7;481
11;2025-11-02;8;654
11;2025-11-02;9;914
11;2025-11-02;10;1046
11;2025-11-02;11;1456
11;2025-11-02;12;1555
11;2025-11-02;13;1448
11;2025-11-02;14;1616
11;2025-11-02;15;1592
11;2025-11-02;16;1551
11;2025-11-02;17;1614
11;2025-11-02;18;1275
11;2025-11-02;19;1033
11;2025-11-02;20;850
11;2025-11-02;21;593
11;2025-11-02;22;352
11;2025-11-02;23;223
11;2025-11-03;0;92
11;2025-11-03;1;10
11;2025-11-03;2;0
11;2025-11-03;3;0
11;2025-11-03;4;1
11;2025-11-03;5;144
11;2025-11-03;6;509
11;2025-11-03;7;527
11;2025-11-03;8;682
11;2025-11-03;9;882
11;2025-11-03;10;1001
11;2025-11-03;11;1333
11;2025-11-03;12;1367
11;2025-11-03;13;1313
11;2025-11-03;14;1399
11;2025-11-03;15;1407
11;2025-11-03;16;1473
11;2025-11-03;17;1560
11;2025-11-03;18;1287
11;2025-11-03;19;1094
11;2025-11-03;20;918
11;2025-11-03;21;653
11;2025-11-03;22;394
11;2025-11-03;23;263
11;2025-11-04;0;90
11;2025-11-04;1;9
11;2025-11-04;2;0
11;2025-11-04;3;0
11;2025-11-04;4;0
11;2025-11-04;5;142
11;2025-11-04;6;514
11;2025-11-04;7;532
11;2025-11-04;8;681
11;2025-11-04;9;872
11;2025-11-04;10;974
11;2025-11-04;11;1330
11;2025-11-04;12;1351
11;2025-11-04;13;1313
11;2025-11-04;14;1534
11;2025-11-04;15;1515
11;2025-11-04;16;1478
11;2025-11-04;17;1559
11;2025-11-04;18;1290
11;2025-11-04;19;1093
11;2025-11-04;20;913
11;2025-11-04;21;651
11;2025-11-04;22;389
11;2025-11-04;23;259
11;2025-11-05;0;59
11;2025-11-05;1;0
11;2025-11-05;2;0
11;2025-11-05;3;0
11;2025-11-05;4;0
11;2025-11-05;5;272
11;2025-11-05;6;1345
11;2025-11-05;7;2472
11;2025-11-05;8;3253
11;2025-11-05;9;2483
11;2025-11-05;10;2030
11;2025-11-05;11;1983
11;2025-11-05;12;2007
11;2025-11-05;13;2067
11;2025-11-05;14;2112
11;2025-11-05;15;2071
11;2025-11-05;16;2275
11;2025-11-05;17;2870
11;2025-11-05;18;3156
11;2025-11-05;19;2327
11;2025-11-05;20;1501
11;2025-11-05;21;858
11;2025-11-05;22;424
11;2025-11-05;23;241
11;2025-11-06;0;61
11;2025-11-06;1;0
11;2025-11-06;2;0
11;2025-11-06;3;0
11;2025-11-06;4;0
11;2025-11-06;5;272
11;2025-11-06;6;1347
11;2025-11-06;7;2468
11;2025-11-06;8;3255
11;2025-11-06;9;2483
11;2025-11-06;10;2036
11;2025-11-06;11;1960
11;2025-11-06;12;2016
11;2025-11-06;13;2077
11;2025-11-06;14;2121
11;2025-11-06;15;2066
11;2025-11-06;16;2278
11;2025-11-06;17;2879
11;2025-11-06;18;3160
11;2025-11-06;19;2324
11;2025-11-06;20;1503
11;2025-11-06;21;863
11;2025-11-06;22;429
11;2025-11-06;23;252
11;2025-11-07;0;68
11;2025-11-07;1;1
11;2025-11-07;2;0
11;2025-11-07;3;0
11;2025-11-07;4;0
11;2025-11-07;5;269
11;2025-11-07;6;1336
11;2025-11-07;7;2352
11;2025-11-07;8;3107
11;2025-11-07;9;2284
11;2025-11-07;10;1925
11;2025-11-07;11;1835
11;2025-11-07;12;1959
11;2025-11-07;13;1972
11;2025-11-07;14;2083
11;2025-11-07;15;2183
11;2025-11-07;16;2380
11;2025-11-07;17;2798
11;2025-11-07;18;2515
11;2025-11-07;19;1986
11;2025-11-07;20;1396
11;2025-11-07;21;852
11;2025-11-07;22;405
11;2025-11-07;23;311
11;2025-11-08;0;104
11;2025-11-08;1;2
11;2025-11-08;2;0
11;2025-11-08;3;0
11;2025-11-08;4;0
11;2025-11-08;5;181
11;2025-11-08;6;780
11;2025-11-08;7;790
11;2025-11-08;8;1023
11;2025-11-08;9;1155
11;2025-11-08;10;1335
11;2025-11-08;11;1664
11;2025-11-08;12;1852
11;2025-11-08;13;1791
11;2025-11-08;14;1922
11;2025-11-08;15;1884
11;2025-11-08;16;1814
11;2025-11-08;17;1851
11;2025-11-08;18;1565
11;2025-11-08;19;1484
11;2025-11-08;20;1034
11;2025-11-08;21;732
11;2025-11-08;22;422
11;2025-11-08;23;291
11;2025-11-09;0;105
11;2025-11-09;1;12
11;2025-11-09;2;0
11;2025-11-09;3;0
11;2025-11-09;4;0
11;2025-11-09;5;136
11;2025-11-09;6;489
11;2025-11-09;7;503
11;2025-11-09;8;679
11;2025-11-09;9;920
11;2025-11-09;10;1047
11;2025-11-09;11;1456
11;2025-11-09;12;1563
11;2025-11-09;13;1524
11;2025-11-09;14;1597
11;2025-11-09;15;1579
11;2025-11-09;16;1544
11;2025-11-09;17;1622
11;2025-11-09;18;1290
11;2025-11-09;19;1039
11;2025-11-09;20;855
11;2025-11-09;21;596
11;2025-11-09;22;352
11;2025-11-09;23;223
11;2025-11-10;0;72
11;2025-11-10;1;8
11;2025-11-10;2;0
11;2025-11-10;3;0
11;2025-11-10;4;1
11;2025-11-10;5;270
11;2025-11-10;6;1367
11;2025-11-10;7;2422
11;2025-11-10;8;3165
11;2025-11-10;9;2418
11;2025-11-10;10;1874
11;2025-11-10;11;1862
11;2025-11-10;12;1822
11;2025-11-10;13;1920
11;2025-11-10;14;1992
11;2025-11-10;15;2115
11;2025-11-10;16;2274
11;2025-11-10;17;2859
11;2025-11-10;18;3070
11;2025-11-10;19;2241
11;2025-11-10;20;1327
11;2025-11-10;21;803
11;2025-11-10;22;366
11;2025-11-10;23;210
11;2025-11-11;0;59
11;2025-11-11;1;1
11;2025-11-11;2;0
11;2025-11-11;3;0
11;2025-11-11;4;1
11;2025-11-11;5;272
11;2025-11-11;6;1346
11;2025-11-11;7;2480
11;2025-11-11;8;3265
11;2025-11-11;9;2484
11;2025-11-11;10;2022
11;2025-11-11;11;1975
11;2025-11-11;12;1999
11;2025-11-11;13;2062
11;2025-11-11;14;2104
11;2025-11-11;15;2068
11;2025-11-11;16;2272
11;2025-11-11;17;2870
11;2025-11-11;18;3168
11;2025-11-11;19;2324
11;2025-11-11;20;1496
11;2025-11-11;21;853
11;2025-11-11;22;419
11;2025-11-11;23;231
11;2025-11-12;0;59
11;2025-11-12;1;1
11;2025-11-12;2;0
11;2025-11-12;3;0
11;2025-11-12;4;1
11;2025-11-12;5;272
11;2025-11-12;6;1346
11;2025-11-12;7;2478
11;2025-11-12;8;3255
11;2025-11-12;9;2482
11;2025-11-12;10;2015
11;2025-11-12;11;1954
11;2025-11-12;12;1984
11;2025-11-12;13;2041
11;2025-11-12;14;2096
11;2025-11-12;15;2056
11;2025-11-12;16;2273
11;2025-11-12;17;2872
11;2025-11-12;18;3141
11;2025-11-12;19;2323
11;2025-11-12;20;1498
11;2025-11-12;21;856
11;2025-11-12;22;424
11;2025-11-12;23;240
11;2025-11-13;0;60
11;2025-11-13;1;0
11;2025-11-13;2;0
11;2025-11-13;3;0
11;2025-11-13;4;1
11;2025-11-13;5;272
11;2025-11-13;6;1351
11;2025-11-13;7;2479
11;2025-11-13;8;3257
11;2025-11-13;9;2486
11;2025-11-13;10;2033
11;2025-11-13;11;1983
11;2025-11-13;12;2012
11;2025-11-13;13;2073
11;2025-11-13;14;2114
11;2025-11-13;15;2077
11;2025-11-13;16;2280
11;2025-11-13;17;2872
11;2025-11-13;18;3155
11;2025-11-13;19;2324
11;2025-11-13;20;1502
11;2025-11-13;21;861
11;2025-11-13;22;428
11;2025-11-13;23;249
11;2025-11-14;0;67
11;2025-11-14;1;1
11;2025-11-14;2;0
11;2025-11-14;3;0
11;2025-11-14;4;1
11;2025-11-14;5;268
11;2025-11-14;6;1327
11;2025-11-14;7;2350
11;2025-11-14;8;3101
11;2025-11-14;9;2301
11;2025-11-14;10;1935
11;2025-11-14;11;1837
11;2025-11-14;12;1960
11;2025-11-14;13;1972
11;2025-11-14;14;2081
11;2025-11-14;15;2181
11;2025-11-14;16;2377
11;2025-11-14;17;2795
11;2025-11-14;18;2506
11;2025-11-14;19;1985
11;2025-11-14;20;1383
11;2025-11-14;21;835
11;2025-11-14;22;390
11;2025-11-14;23;300
11;2025-11-15;0;102
11;2025-11-15;1;2
11;2025-11-15;2;0
11;2025-11-15;3;0
11;2025-11-15;4;3
11;2025-11-15;5;176
11;2025-11-15;6;755
11;2025-11-15;7;771
11;2025-11-15;8;962
11;2025-11-15;9;1010
11;2025-11-15;10;1119
11;2025-11-15;11;1340
11;2025-11-15;12;1557
11;2025-11-15;13;1680
11;2025-11-15;14;1918
11;2025-11-15;15;1869
11;2025-11-15;16;1801
11;2025-11-15;17;1841
11;2025-11-15;18;1536
11;2025-11-15;19;1466
11;2025-11-15;20;1019
11;2025-11-15;21;720
11;2025-11-15;22;417
11;2025-11-15;23;282
11;2025-11-16;0;102
11;2025-11-16;1;11
11;2025-11-16;2;0
11;2025-11-16;3;0
11;2025-11-16;4;1
11;2025-11-16;5;94
11;2025-11-16;6;446
11;2025-11-16;7;455
11;2025-11-16;8;604
11;2025-11-16;9;867
11;2025-11-16;10;995
11;2025-11-16;11;1423
11;2025-11-16;12;1519
11;2025-11-16;13;1487
11;2025-11-16;14;1570
11;2025-11-16;15;1540
11;2025-11-16;16;1512
11;2025-11-16;17;1587
11;2025-11-16;18;1243
11;2025-11-16;19;1002
11;2025-11-16;20;821
11;2025-11-16;21;568
11;2025-11-16;22;342
11;2025-11-16;23;220
11;2025-11-17;0;72
11;2025-11-17;1;8
11;2025-11-17;2;0
11;2025-11-17;3;0
11;2025-11-17;4;3
11;2025-11-17;5;284
11;2025-11-17;6;1380
11;2025-11-17;7;2421
11;2025-11-17;8;3166
11;2025-11-17;9;2418
11;2025-11-17;10;1866
11;2025-11-17;11;1847
11;2025-11-17;12;1807
11;2025-11-17;13;1864
11;2025-11-17;14;1956
11;2025-11-17;15;2085
11;2025-11-17;16;2259
11;2025-11-17;17;2842
11;2025-11-17;18;3073
11;2025-11-17;19;2241
11;2025-11-17;20;1327
11;2025-11-17;21;797
11;2025-11-17;22;367
11;2025-11-17;23;210
11;2025-11-18;0;59
11;2025-11-18;1;0
11;2025-11-18;2;0
11;2025-11-18;3;0
11;2025-11-18;4;0
11;2025-11-18;5;259
11;2025-11-18;6;1349
11;2025-11-18;7;2477
11;2025-11-18;8;3235
11;2025-11-18;9;2457
11;2025-11-18;10;1985
11;2025-11-18;11;1950
11;2025-11-18;12;1977
11;2025-11-18;13;2019
11;2025-11-18;14;2069
11;2025-11-18;15;2042
11;2025-11-18;16;2270
11;2025-11-18;17;2870
11;2025-11-18;18;3144
11;2025-11-18;19;2328
11;2025-11-18;20;1497
11;2025-11-18;21;855
11;2025-11-18;22;421
11;2025-11-18;23;228
11;2025-11-19;0;60
11;2025-11-19;1;1
11;2025-11-19;2;0
11;2025-11-19;3;0
11;2025-11-19;4;3
11;2025-11-19;5;273
11;2025-11-19;6;1347
11;2025-11-19;7;2483
11;2025-11-19;8;3260
11;2025-11-19;9;2490
11;2025-11-19;10;2027
11;2025-11-19;11;1977
11;2025-11-19;12;1998
11;2025-11-19;13;2063
11;2025-11-19;14;2104
11;2025-11-19;15;2067
11;2025-11-19;16;2272
11;2025-11-19;17;2870
11;2025-11-19;18;3166
11;2025-11-19;19;2326
11;2025-11-19;20;1501
11;2025-11-19;21;859
11;2025-11-19;22;425
11;2025-11-19;23;235
11;2025-11-20;0;61
11;2025-11-20;1;1
11;2025-11-20;2;0
11;2025-11-20;3;0
11;2025-11-20;4;2
11;2025-11-20;5;274
11;2025-11-20;6;1347
11;2025-11-20;7;2480
11;2025-11-20;8;3256
11;2025-11-20;9;2488
11;2025-11-20;10;2029
11;2025-11-20;11;1979
11;2025-11-20;12;2005
11;2025-11-20;13;2069
11;2025-11-20;14;2110
11;2025-11-20;15;2073
11;2025-11-20;16;2276
11;2025-11-20;17;2870
11;2025-11-20;18;3159
11;2025-11-20;19;2312
11;2025-11-20;20;1494
11;2025-11-20;21;853
11;2025-11-20;22;423
11;2025-11-20;23;241
11;2025-11-21;0;67
11;2025-11-21;1;1
11;2025-11-21;2;0
11;2025-11-21;3;0
11;2025-11-21;4;2
11;2025-11-21;5;275
11;2025-11-21;6;1332
11;2025-11-21;7;2341
11;2025-11-21;8;3099
11;2025-11-21;9;2298
11;2025-11-21;10;1929
11;2025-11-21;11;1831
11;2025-11-21;12;1924
11;2025-11-21;13;1960
11;2025-11-21;14;2063
11;2025-11-21;15;2165
11;2025-11-21;16;2373
11;2025-11-21;17;2796
11;2025-11-21;18;2504
11;2025-11-21;19;1986
11;2025-11-21;20;1395
11;2025-11-21;21;852
11;2025-11-21;22;406
11;2025-11-21;23;306
11;2025-11-22;0;104
11;2025-11-22;1;2
11;2025-11-22;2;0
11;2025-11-22;3;0
11;2025-11-22;4;3
11;2025-11-22;5;177
11;2025-11-22;6;756
11;2025-11-22;7;767
11;2025-11-22;8;1012
11;2025-11-22;9;1072
11;2025-11-22;10;1338
11;2025-11-22;11;1654
11;2025-11-22;12;1850
11;2025-11-22;13;1793
11;2025-11-22;14;1918
11;2025-11-22;15;1875
11;2025-11-22;16;1805
11;2025-11-22;17;1845
11;2025-11-22;18;1543
11;2025-11-22;19;1467
11;2025-11-22;20;1028
11;2025-11-22;21;703
11;2025-11-22;22;410
11;2025-11-22;23;286
11;2025-11-23;0;102
11;2025-11-23;1;11
11;2025-11-23;2;0
11;2025-11-23;3;0
11;2025-11-23;4;1
11;2025-11-23;5;110
11;2025-11-23;6;451
11;2025-11-23;7;464
11;2025-11-23;8;644
11;2025-11-23;9;894
11;2025-11-23;10;1023
11;2025-11-23;11;1438
11;2025-11-23;12;1549
11;2025-11-23;13;1516
11;2025-11-23;14;1594
11;2025-11-23;15;1567
11;2025-11-23;16;1535
11;2025-11-23;17;1606
11;2025-11-23;18;1247
11;2025-11-23;19;1007
11;2025-11-23;20;833
11;2025-11-23;21;573
11;2025-11-23;22;346
11;2025-11-23;23;220
11;2025-11-24;0;73
11;2025-11-24;1;8
11;2025-11-24;2;0
11;2025-11-24;3;0
11;2025-11-24;4;3
11;2025-11-24;5;269
11;2025-11-24;6;1374
11;2025-11-24;7;2431
11;2025-11-24;8;3154
11;2025-11-24;9;2410
11;2025-11-24;10;1838
11;2025-11-24;11;1821
11;2025-11-24;12;1806
11;2025-11-24;13;1909
11;2025-11-24;14;1968
11;2025-11-24;15;2085
11;2025-11-24;16;2274
11;2025-11-24;17;2860
11;2025-11-24;18;3073
11;2025-11-24;19;2242
11;2025-11-24;20;1329
11;2025-11-24;21;806
11;2025-11-24;22;369
11;2025-11-24;23;208
11;2025-11-25;0;59
11;2025-11-25;1;1
11;2025-11-25;2;0
11;2025-11-25;3;0
11;2025-11-25;4;3
11;2025-11-25;5;276
11;2025-11-25;6;1351
11;2025-11-25;7;2487
11;2025-11-25;8;3267
11;2025-11-25;9;2492
11;2025-11-25;10;2024
11;2025-11-25;11;1973
11;2025-11-25;12;1991
11;2025-11-25;13;2060
11;2025-11-25;14;2099
11;2025-11-25;15;2063
11;2025-11-25;16;2268
11;2025-11-25;17;2874
11;2025-11-25;18;3173
11;2025-11-25;19;2328
11;2025-11-25;20;1501
11;2025-11-25;21;856
11;2025-11-25;22;423
11;2025-11-25;23;230
11;2025-11-26;0;60
11;2025-11-26;1;1
11;2025-11-26;2;0
11;2025-11-26;3;0
11;2025-11-26;4;2
11;2025-11-26;5;279
11;2025-11-26;6;1359
11;2025-11-26;7;2487
11;2025-11-26;8;3240
11;2025-11-26;9;2482
11;2025-11-26;10;2009
11;2025-11-26;11;1962
11;2025-11-26;12;1983
11;2025-11-26;13;2051
11;2025-11-26;14;2090
11;2025-11-26;15;2051
11;2025-11-26;16;2242
11;2025-11-26;17;2828
11;2025-11-26;18;3139
11;2025-11-26;19;2319
11;2025-11-26;20;1497
11;2025-11-26;21;855
11;2025-11-26;22;425
11;2025-11-26;23;238
11;2025-11-27;0;61
11;2025-11-27;1;1
11;2025-11-27;2;0
11;2025-11-27;3;0
11;2025-11-27;4;1
11;2025-11-27;5;272
11;2025-11-27;6;1346
11;2025-11-27;7;2479
11;2025-11-27;8;3253
11;2025-11-27;9;2486
11;2025-11-27;10;2033
11;2025-11-27;11;1957
11;2025-11-27;12;1980
11;2025-11-27;13;2046
11;2025-11-27;14;2074
11;2025-11-27;15;2078
11;2025-11-27;16;2281
11;2025-11-27;17;2829
11;2025-11-27;18;3087
11;2025-11-27;19;2308
11;2025-11-27;20;1495
11;2025-11-27;21;852
11;2025-11-27;22;424
11;2025-11-27;23;242
11;2025-11-28;0;66
11;2025-11-28;1;1
11;2025-11-28;2;0
11;2025-11-28;3;0
11;2025-11-28;4;0
11;2025-11-28;5;266
11;2025-11-28;6;1328
11;2025-11-28;7;2351
11;2025-11-28;8;3097
11;2025-11-28;9;2297
11;2025-11-28;10;1922
11;2025-11-28;11;1824
11;2025-11-28;12;1940
11;2025-11-28;13;1960
11;2025-11-28;14;2067
11;2025-11-28;15;2173
11;2025-11-28;16;2374
11;2025-11-28;17;2790
11;2025-11-28;18;2500
11;2025-11-28;19;1981
11;2025-11-28;20;1392
11;2025-11-28;21;849
11;2025-11-28;22;406
11;2025-11-28;23;306
11;2025-11-29;0;104
11;2025-11-29;1;2
11;2025-11-29;2;0
11;2025-11-29;3;0
11;2025-11-29;4;3
11;2025-11-29;5;177
11;2025-11-29;6;770
11;2025-11-29;7;784
11;2025-11-29;8;1014
11;2025-11-29;9;1155
11;2025-11-29;10;1339
11;2025-11-29;11;1655
11;2025-11-29;12;1850
11;2025-11-29;13;1789
11;2025-11-29;14;1916
11;2025-11-29;15;1870
11;2025-11-29;16;1801
11;2025-11-29;17;1840
11;2025-11-29;18;1536
11;2025-11-29;19;1470
11;2025-11-29;20;1029
11;2025-11-29;21;726
11;2025-11-29;22;424
11;2025-11-29;23;289
11;2025-11-30;0;103
11;2025-11-30;1;11
11;2025-11-30;2;0
11;2025-11-30;3;0
11;2025-11-30;4;2
11;2025-11-30;5;118
11;2025-11-30;6;452
11;2025-11-30;7;468
11;2025-11-30;8;645
11;2025-11-30;9;895
11;2025-11-30;10;1022
11;2025-11-30;11;1438
11;2025-11-30;12;1548
11;2025-11-30;13;1517
11;2025-11-30;14;1602
11;2025-11-30;15;1582
11;2025-11-30;16;1549
11;2025-11-30;17;1626
11;2025-11-30;18;1282
11;2025-11-30;19;1031
11;2025-11-30;20;848
11;2025-11-30;21;596
11;2025-11-30;22;351
11;2025-11-30;23;224
11;2025-12-01;0;73
11;2025-12-01;1;9
11;2025-12-01;2;0
11;2025-12-01;3;0
11;2025-12-01;4;1
11;2025-12-01;5;274
11;2025-12-01;6;1377
11;2025-12-01;7;2438
11;2025-12-01;8;3179
11;2025-12-01;9;2425
11;2025-12-01;10;1874
11;2025-12-01;11;1863
11;2025-12-01;12;1827
11;2025-12-01;13;1922
11;2025-12-01;14;1990
11;2025-12-01;15;2108
11;2025-12-01;16;2267
11;2025-12-01;17;2858
11;2025-12-01;18;3072
11;2025-12-01;19;2244
11;2025-12-01;20;1330
11;2025-12-01;21;808
11;2025-12-01;22;371
11;2025-12-01;23;210
11;2025-12-02;0;59
11;2025-12-02;1;1
11;2025-12-02;2;0
11;2025-12-02;3;0
11;2025-12-02;4;3
11;2025-12-02;5;274
11;2025-12-02;6;1350
11;2025-12-02;7;2486
11;2025-12-02;8;3267
11;2025-12-02;9;2490
11;2025-12-02;10;2024
11;2025-12-02;11;1970
11;2025-12-02;12;1991
11;2025-12-02;13;2063
11;2025-12-02;14;2103
11;2025-12-02;15;2063
11;2025-12-02;16;2268
11;2025-12-02;17;2874
11;2025-12-02;18;3173
11;2025-12-02;19;2328
11;2025-12-02;20;1501
11;2025-12-02;21;857
11;2025-12-02;22;423
11;2025-12-02;23;230
11;2025-12-03;0;60
11;2025-12-03;1;1
11;2025-12-03;2;0
11;2025-12-03;3;0
11;2025-12-03;4;2
11;2025-12-03;5;273
11;2025-12-03;6;1347
11;2025-12-03;7;2483
11;2025-12-03;8;3260
11;2025-12-03;9;2488
11;2025-12-03;10;2026
11;2025-12-03;11;1976
11;2025-12-03;12;1997
11;2025-12-03;13;2063
11;2025-12-03;14;2104
11;2025-12-03;15;2067
11;2025-12-03;16;2272
11;2025-12-03;17;2872
11;2025-12-03;18;3168
11;2025-12-03;19;2325
11;2025-12-03;20;1500
11;2025-12-03;21;858
11;2025-12-03;22;427
11;2025-12-03;23;240
11;2025-12-04;0;61
11;2025-12-04;1;1
11;2025-12-04;2;0
11;2025-12-04;3;0
11;2025-12-04;4;2
11;2025-12-04;5;272
11;2025-12-04;6;1345
11;2025-12-04;7;2478
11;2025-12-04;8;3255
11;2025-12-04;9;2485
11;2025-12-04;10;2027
11;2025-12-04;11;1978
11;2025-12-04;12;2004
11;2025-12-04;13;2072
11;2025-12-04;14;2109
11;2025-12-04;15;2075
11;2025-12-04;16;2277
11;2025-12-04;17;2871
11;2025-12-04;18;3168
11;2025-12-04;19;2322
11;2025-12-04;20;1500
11;2025-12-04;21;861
11;2025-12-04;22;430
11;2025-12-04;23;248
11;2025-12-05;0;68
11;2025-12-05;1;1
11;2025-12-05;2;0
11;2025-12-05;3;0
11;2025-12-05;4;2
11;2025-12-05;5;268
11;2025-12-05;6;1327
11;2025-12-05;7;2347
11;2025-12-05;8;3099
11;2025-12-05;9;2298
11;2025-12-05;10;1927
11;2025-12-05;11;1829
11;2025-12-05;12;1947
11;2025-12-05;13;1962
11;2025-12-05;14;2060
11;2025-12-05;15;2166
11;2025-12-05;16;2375
11;2025-12-05;17;2794
11;2025-12-05;18;2500
11;2025-12-05;19;1981
11;2025-12-05;20;1392
11;2025-12-05;21;849
11;2025-12-05;22;406
11;2025-12-05;23;306
11;2025-12-06;0;104
11;2025-12-06;1;2
11;2025-12-06;2;0
11;2025-12-06;3;0
11;2025-12-06;4;2
11;2025-12-06;5;178
11;2025-12-06;6;770
11;2025-12-06;7;784
11;2025-12-06;8;1013
11;2025-12-06;9;1153
11;2025-12-06;10;1336
11;2025-12-06;11;1648
11;2025-12-06;12;1849
11;2025-12-06;13;1791
11;2025-12-06;14;1917
11;2025-12-06;15;1875
11;2025-12-06;16;1805
11;2025-12-06;17;1841
11;2025-12-06;18;1545
11;2025-12-06;19;1460
11;2025-12-06;20;1020
11;2025-12-06;21;725
11;2025-12-06;22;420
11;2025-12-06;23;289
11;2025-12-07;0;103
11;2025-12-07;1;11
11;2025-12-07;2;0
11;2025-12-07;3;0
11;2025-12-07;4;2
11;2025-12-07;5;119
11;2025-12-07;6;452
11;2025-12-07;7;466
11;2025-12-07;8;643
11;2025-12-07;9;894
11;2025-12-07;10;1023
11;2025-12-07;11;1438
11;2025-12-07;12;1546
11;2025-12-07;13;1516
11;2025-12-07;14;1594
11;2025-12-07;15;1569
11;2025-12-07;16;1534
11;2025-12-07;17;1611
11;2025-12-07;18;1257
11;2025-12-07;19;1020
11;2025-12-07;20;837
11;2025-12-07;21;576
11;2025-12-07;22;349
11;2025-12-07;23;222
11;2025-12-08;0;73
11;2025-12-08;1;9
11;2025-12-08;2;0
11;2025-12-08;3;0
11;2025-12-08;4;3
11;2025-12-08;5;275
11;2025-12-08;6;1378
11;2025-12-08;7;2438
11;2025-12-08;8;3179
11;2025-12-08;9;2431
11;2025-12-08;10;1874
11;2025-12-08;11;1863
11;2025-12-08;12;1827
11;2025-12-08;13;1919
11;2025-12-08;14;1986
11;2025-12-08;15;2108
11;2025-12-08;16;2267
11;2025-12-08;17;2858
11;2025-12-08;18;3072
11;2025-12-08;19;2244
11;2025-12-08;20;1331
11;2025-12-08;21;808
11;2025-12-08;22;372
11;2025-12-08;23;210
11;2025-12-09;0;59
11;2025-12-09;1;1
11;2025-12-09;2;0
11;2025-12-09;3;0
11;2025-12-09;4;3
11;2025-12-09;5;276
11;2025-12-09;6;1351
11;2025-12-09;7;2487
11;2025-12-09;8;3269
11;2025-12-09;9;2494
11;2025-12-09;10;2024
11;2025-12-09;11;1971
11;2025-12-09;12;1991
11;2025-12-09;13;2060
11;2025-12-09;14;2099
11;2025-12-09;15;2060
11;2025-12-09;16;2265
11;2025-12-09;17;2871
11;2025-12-09;18;3171
11;2025-12-09;19;2329
11;2025-12-09;20;1502
11;2025-12-09;21;858
11;2025-12-09;22;425
11;2025-12-09;23;232
11;2025-12-10;0;60
11;2025-12-10;1;1
11;2025-12-10;2;0
11;2025-12-10;3;0
11;2025-12-10;4;2
11;2025-12-10;5;286
11;2025-12-10;6;1368
11;2025-12-10;7;2491
11;2025-12-10;8;3250
11;2025-12-10;9;2492
11;2025-12-10;10;2020
11;2025-12-10;11;1966
11;2025-12-10;12;1995
11;2025-12-10;13;2060
11;2025-12-10;14;2102
11;2025-12-10;15;2065
11;2025-12-10;16;2270
11;2025-12-10;17;2870
11;2025-12-10;18;3166
11;2025-12-10;19;2326
11;2025-12-10;20;1501
11;2025-12-10;21;859
11;2025-12-10;22;428
11;2025-12-10;23;241
11;2025-12-11;0;61
11;2025-12-11;1;0
11;2025-12-11;2;0
11;2025-12-11;3;0
11;2025-12-11;4;2
11;2025-12-11;5;272
11;2025-12-11;6;1345
11;2025-12-11;7;2478
11;2025-12-11;8;3191
11;2025-12-11;9;2459
11;2025-12-11;10;2011
11;2025-12-11;11;1960
11;2025-12-11;12;1985
11;2025-12-11;13;2057
11;2025-12-11;14;2110
11;2025-12-11;15;2060
11;2025-12-11;16;2259
11;2025-12-11;17;2824
11;2025-12-11;18;3092
11;2025-12-11;19;2308
11;2025-12-11;20;1494
11;2025-12-11;21;853
11;2025-12-11;22;425
11;2025-12-11;23;247
11;2025-12-12;0;68
11;2025-12-12;1;2
11;2025-12-12;2;0
11;2025-12-12;3;0
11;2025-12-12;4;2
11;2025-12-12;5;268
11;2025-12-12;6;1330
11;2025-12-12;7;2347
11;2025-12-12;8;3102
11;2025-12-12;9;2300
11;2025-12-12;10;1912
11;2025-12-12;11;1828
11;2025-12-12;12;1910
11;2025-12-12;13;1892
11;2025-12-12;14;1996
11;2025-12-12;15;2059
11;2025-12-12;16;2262
11;2025-12-12;17;2741
11;2025-12-12;18;2505
11;2025-12-12;19;1976
11;2025-12-12;20;1400
11;2025-12-12;21;858
11;2025-12-12;22;403
11;2025-12-12;23;308
11;2025-12-13;0;103
11;2025-12-13;1;2
11;2025-12-13;2;0
11;2025-12-13;3;0
11;2025-12-13;4;2
11;2025-12-13;5;168
11;2025-12-13;6;758
11;2025-12-13;7;759
11;2025-12-13;8;1003
11;2025-12-13;9;1130
11;2025-12-13;10;1308
11;2025-12-13;11;1621
11;2025-12-13;12;1803
11;2025-12-13;13;1752
11;2025-12-13;14;1886
11;2025-12-13;15;1848
11;2025-12-13;16;1779
11;2025-12-13;17;1817
11;2025-12-13;18;1529
11;2025-12-13;19;1449
11;2025-12-13;20;989
11;2025-12-13;21;694
11;2025-12-13;22;419
11;2025-12-13;23;283
11;2025-12-14;0;102
11;2025-12-14;1;11
11;2025-12-14;2;0
11;2025-12-14;3;0
11;2025-12-14;4;1
11;2025-12-14;5;94
11;2025-12-14;6;421
11;2025-12-14;7;430
11;2025-12-14;8;596
11;2025-12-14;9;860
11;2025-12-14;10;986
11;2025-12-14;11;1405
11;2025-12-14;12;1515
11;2025-12-14;13;1493
11;2025-12-14;14;1574
11;2025-12-14;15;1546
11;2025-12-14;16;1523
11;2025-12-14;17;1599
11;2025-12-14;18;1254
11;2025-12-14;19;1013
11;2025-12-14;20;827
11;2025-12-14;21;575
11;2025-12-14;22;345
11;2025-12-14;23;223
11;2025-12-15;0;72
11;2025-12-15;1;9
11;2025-12-15;2;0
11;2025-12-15;3;0
11;2025-12-15;4;4
11;2025-12-15;5;284
11;2025-12-15;6;1379
11;2025-12-15;7;2432
11;2025-12-15;8;3173
11;2025-12-15;9;2431
11;2025-12-15;10;1889
11;2025-12-15;11;1846
11;2025-12-15;12;1842
11;2025-12-15;13;1933
11;2025-12-15;14;2001
11;2025-12-15;15;2134
11;2025-12-15;16;2286
11;2025-12-15;17;2873
11;2025-12-15;18;3085
11;2025-12-15;19;2264
11;2025-12-15;20;1354
11;2025-12-15;21;830
11;2025-12-15;22;390
11;2025-12-15;23;227
11;2025-12-16;0;59
11;2025-12-16;1;1
11;2025-12-16;2;0
11;2025-12-16;3;0
11;2025-12-16;4;3
11;2025-12-16;5;282
11;2025-12-16;6;1349
11;2025-12-16;7;2488
11;2025-12-16;8;3270
11;2025-12-16;9;2492
11;2025-12-16;10;2010
11;2025-12-16;11;1957
11;2025-12-16;12;1977
11;2025-12-16;13;2008
11;2025-12-16;14;2086
11;2025-12-16;15;2067
11;2025-12-16;16;2272
11;2025-12-16;17;2874
11;2025-12-16;18;3173
11;2025-12-16;19;2327
11;2025-12-16;20;1499
11;2025-12-16;21;855
11;2025-12-16;22;421
11;2025-12-16;23;228
11;2025-12-17;0;60
11;2025-12-17;1;1
11;2025-12-17;2;0
11;2025-12-17;3;0
11;2025-12-17;4;1
11;2025-12-17;5;272
11;2025-12-17;6;1347
11;2025-12-17;7;2482
11;2025-12-17;8;3260
11;2025-12-17;9;2487
11;2025-12-17;10;2025
11;2025-12-17;11;1976
11;2025-12-17;12;1997
11;2025-12-17;13;2063
11;2025-12-17;14;2104
11;2025-12-17;15;2067
11;2025-12-17;16;2272
11;2025-12-17;17;2872
11;2025-12-17;18;3168
11;2025-12-17;19;2325
11;2025-12-17;20;1500
11;2025-12-17;21;858
11;2025-12-17;22;427
11;2025-12-17;23;241
11;2025-12-18;0;61
11;2025-12-18;1;1
11;2025-12-18;2;0
11;2025-12-18;3;0
11;2025-12-18;4;3
11;2025-12-18;5;272
11;2025-12-18;6;1345
11;2025-12-18;7;2478
11;2025-12-18;8;3255
11;2025-12-18;9;2487
11;2025-12-18;10;2029
11;2025-12-18;11;1979
11;2025-12-18;12;2005
11;2025-12-18;13;2068
11;2025-12-18;14;2109
11;2025-12-18;15;2072
11;2025-12-18;16;2276
11;2025-12-18;17;2874
11;2025-12-18;18;3168
11;2025-12-18;19;2321
11;2025-12-18;20;1499
11;2025-12-18;21;859
11;2025-12-18;22;428
11;2025-12-18;23;245
11;2025-12-19;0;68
11;2025-12-19;1;1
11;2025-12-19;2;0
11;2025-12-19;3;0
11;2025-12-19;4;3
11;2025-12-19;5;267
11;2025-12-19;6;1326
11;2025-12-19;7;2346
11;2025-12-19;8;3098
11;2025-12-19;9;2301
11;2025-12-19;10;1930
11;2025-12-19;11;1832
11;2025-12-19;12;1951
11;2025-12-19;13;1963
11;2025-12-19;14;2064
11;2025-12-19;15;2160
11;2025-12-19;16;2362
11;2025-12-19;17;2757
11;2025-12-19;18;2489
11;2025-12-19;19;1980
11;2025-12-19;20;1392
11;2025-12-19;21;849
11;2025-12-19;22;403
11;2025-12-19;23;305
11;2025-12-20;0;104
11;2025-12-20;1;2
11;2025-12-20;2;0
11;2025-12-20;3;0
11;2025-12-20;4;2
11;2025-12-20;5;177
11;2025-12-20;6;772
11;2025-12-20;7;785
11;2025-12-20;8;1014
11;2025-12-20;9;1156
11;2025-12-20;10;1338
11;2025-12-20;11;1651
11;2025-12-20;12;1850
11;2025-12-20;13;1789
11;2025-12-20;14;1914
11;2025-12-20;15;1871
11;2025-12-20;16;1801
11;2025-12-20;17;1841
11;2025-12-20;18;1536
11;2025-12-20;19;1457
11;2025-12-20;20;1019
11;2025-12-20;21;721
11;2025-12-20;22;420
11;2025-12-20;23;286
11;2025-12-21;0;102
11;2025-12-21;1;11
11;2025-12-21;2;0
11;2025-12-21;3;0
11;2025-12-21;4;1
11;2025-12-21;5;119
11;2025-12-21;6;441
11;2025-12-21;7;457
11;2025-12-21;8;643
11;2025-12-21;9;894
11;2025-12-21;10;1023
11;2025-12-21;11;1438
11;2025-12-21;12;1546
11;2025-12-21;13;1514
11;2025-12-21;14;1591
11;2025-12-21;15;1567
11;2025-12-21;16;1534
11;2025-12-21;17;1611
11;2025-12-21;18;1257
11;2025-12-21;19;1021
11;2025-12-21;20;837
11;2025-12-21;21;576
11;2025-12-21;22;335
11;2025-12-21;23;221
11;2025-12-22;0;73
11;2025-12-22;1;8
11;2025-12-22;2;0
11;2025-12-22;3;0
11;2025-12-22;4;3
11;2025-12-22;5;274
11;2025-12-22;6;1376
11;2025-12-22;7;2436
11;2025-12-22;8;3179
11;2025-12-22;9;2428
11;2025-12-22;10;1883
11;2025-12-22;11;1850
11;2025-12-22;12;1815
11;2025-12-22;13;1922
11;2025-12-22;14;1986
11;2025-12-22;15;2091
11;2025-12-22;16;2267
11;2025-12-22;17;2856
11;2025-12-22;18;3034
11;2025-12-22;19;2243
11;2025-12-22;20;1335
11;2025-12-22;21;816
11;2025-12-22;22;370
11;2025-12-22;23;216
11;2025-12-23;0;59
11;2025-12-23;1;1
11;2025-12-23;2;0
11;2025-12-23;3;0
11;2025-12-23;4;3
11;2025-12-23;5;280
11;2025-12-23;6;1354
11;2025-12-23;7;2491
11;2025-12-23;8;3275
11;2025-12-23;9;2505
11;2025-12-23;10;2030
11;2025-12-23;11;1979
11;2025-12-23;12;2001
11;2025-12-23;13;2070
11;2025-12-23;14;2109
11;2025-12-23;15;2072
11;2025-12-23;16;2277
11;2025-12-23;17;2879
11;2025-12-23;18;3173
11;2025-12-23;19;2343
11;2025-12-23;20;1510
11;2025-12-23;21;864
11;2025-12-23;22;429
11;2025-12-23;23;234
11;2025-12-24;0;60
11;2025-12-24;1;1
11;2025-12-24;2;0
11;2025-12-24;3;0
11;2025-12-24;4;3
11;2025-12-24;5;282
11;2025-12-24;6;1357
11;2025-12-24;7;2490
11;2025-12-24;8;3263
11;2025-12-24;9;2505
11;2025-12-24;10;2035
11;2025-12-24;11;1986
11;2025-12-24;12;1979
11;2025-12-24;13;2047
11;2025-12-24;14;2116
11;2025-12-24;15;2049
11;2025-12-24;16;2278
11;2025-12-24;17;2879
11;2025-12-24;18;3138
11;2025-12-24;19;2336
11;2025-12-24;20;1509
11;2025-12-24;21;857
11;2025-12-24;22;426
11;2025-12-24;23;239
11;2025-12-25;0;61
11;2025-12-25;1;1
11;2025-12-25;2;0
11;2025-12-25;3;0
11;2025-12-25;4;3
11;2025-12-25;5;280
11;2025-12-25;6;1354
11;2025-12-25;7;2472
11;2025-12-25;8;3248
11;2025-12-25;9;2480
11;2025-12-25;10;2015
11;2025-12-25;11;1961
11;2025-12-25;12;1990
11;2025-12-25;13;2058
11;2025-12-25;14;2098
11;2025-12-25;15;2057
11;2025-12-25;16;2285
11;2025-12-25;17;2830
11;2025-12-25;18;3089
11;2025-12-25;19;2314
11;2025-12-25;20;1502
11;2025-12-25;21;854
11;2025-12-25;22;429
11;2025-12-25;23;246
11;2025-12-26;0;67
11;2025-12-26;1;2
11;2025-12-26;2;0
11;2025-12-26;3;0
11;2025-12-26;4;3
11;2025-12-26;5;256
11;2025-12-26;6;1335
11;2025-12-26;7;2339
11;2025-12-26;8;3103
11;2025-12-26;9;2266
11;2025-12-26;10;1872
11;2025-12-26;11;1784
11;2025-12-26;12;1871
11;2025-12-26;13;1930
11;2025-12-26;14;2031
11;2025-12-26;15;2133
11;2025-12-26;16;2335
11;2025-12-26;17;2739
11;2025-12-26;18;2480
11;2025-12-26;19;1977
11;2025-12-26;20;1386
11;2025-12-26;21;837
11;2025-12-26;22;393
11;2025-12-26;23;307
11;2025-12-27;0;104
11;2025-12-27;1;2
11;2025-12-27;2;0
11;2025-12-27;3;0
11;2025-12-27;4;3
11;2025-12-27;5;180
11;2025-12-27;6;772
11;2025-12-27;7;786
11;2025-12-27;8;1015
11;2025-12-27;9;1132
11;2025-12-27;10;1339
11;2025-12-27;11;1656
11;2025-12-27;12;1839
11;2025-12-27;13;1777
11;2025-12-27;14;1906
11;2025-12-27;15;1850
11;2025-12-27;16;1780
11;2025-12-27;17;1823
11;2025-12-27;18;1527
11;2025-12-27;19;1445
11;2025-12-27;20;1010
11;2025-12-27;21;698
11;2025-12-27;22;402
11;2025-12-27;23;283
11;2025-12-28;0;102
11;2025-12-28;1;10
11;2025-12-28;2;0
11;2025-12-28;3;0
11;2025-12-28;4;1
11;2025-12-28;5;106
11;2025-12-28;6;436
11;2025-12-28;7;439
11;2025-12-28;8;615
11;2025-12-28;9;813
11;2025-12-28;10;962
11;2025-12-28;11;1252
11;2025-12-28;12;1416
11;2025-12-28;13;1373
11;2025-12-28;14;1458
11;2025-12-28;15;1434
11;2025-12-28;16;1512
11;2025-12-28;17;1587
11;2025-12-28;18;1240
11;2025-12-28;19;998
11;2025-12-28;20;797
11;2025-12-28;21;546
11;2025-12-28;22;326
11;2025-12-28;23;220
11;2025-12-29;0;67
11;2025-12-29;1;7
11;2025-12-29;2;0
11;2025-12-29;3;0
11;2025-12-29;4;3
11;2025-12-29;5;258
11;2025-12-29;6;1278
11;2025-12-29;7;2250
11;2025-12-29;8;2916
11;2025-12-29;9;2231
11;2025-12-29;10;1727
11;2025-12-29;11;1704
11;2025-12-29;12;1671
11;2025-12-29;13;1758
11;2025-12-29;14;1820
11;2025-12-29;15;1937
11;2025-12-29;16;2102
11;2025-12-29;17;2638
11;2025-12-29;18;2812
11;2025-12-29;19;2088
11;2025-12-29;20;1254
11;2025-12-29;21;759
11;2025-12-29;22;351
11;2025-12-29;23;201
11;2025-12-30;0;56
11;2025-12-30;1;1
11;2025-12-30;2;0
11;2025-12-30;3;0
11;2025-12-30;4;2
11;2025-12-30;5;249
11;2025-12-30;6;1246
11;2025-12-30;7;2291
11;2025-12-30;8;2981
11;2025-12-30;9;2282
11;2025-12-30;10;1839
11;2025-12-30;11;1787
11;2025-12-30;12;1803
11;2025-12-30;13;1859
11;2025-12-30;14;1910
11;2025-12-30;15;1896
11;2025-12-30;16;2087
11;2025-12-30;17;2624
11;2025-12-30;18;2898
11;2025-12-30;19;2144
11;2025-12-30;20;1384
11;2025-12-30;21;788
11;2025-12-30;22;389
11;2025-12-30;23;208
11;2025-12-31;0;84
11;2025-12-31;1;10
11;2025-12-31;2;0
11;2025-12-31;3;0
11;2025-12-31;4;2
11;2025-12-31;5;44
11;2025-12-31;6;346
11;2025-12-31;7;343
11;2025-12-31;8;493
11;2025-12-31;9;652
11;2025-12-31;10;744
11;2025-12-31;11;1045
11;2025-12-31;12;1191
11;2025-12-31;13;1101
11;2025-12-31;14;1173
11;2025-12-31;15;1171
11;2025-12-31;16;1229
11;2025-12-31;17;1309
11;2025-12-31;18;1010
11;2025-12-31;19;835
11;2025-12-31;20;721
11;2025-12-31;21;473
11;2025-12-31;22;261
11;2025-12-31;23;151
12;2025-11-01;0;52
12;2025-11-01;1;1
12;2025-11-01;2;0
12;2025-11-01;3;0
12;2025-11-01;4;5
12;2025-11-01;5;311
12;2025-11-01;6;1302
12;2025-11-01;7;2493
12;2025-11-01;8;3137
12;2025-11-01;9;2320
12;2025-11-01;10;1804
12;2025-11-01;11;1836
12;2025-11-01;12;1889
12;2025-11-01;13;2023
12;2025-11-01;14;1913
12;2025-11-01;15;2208
12;2025-11-01;16;2653
12;2025-11-01;17;2709
12;2025-11-01;18;2454
12;2025-11-01;19;2079
12;2025-11-01;20;1343
12;2025-11-01;21;876
12;2025-11-01;22;455
12;2025-11-01;23;284
12;2025-11-02;0;84
12;2025-11-02;1;5
12;2025-11-02;2;0
12;2025-11-02;3;0
12;2025-11-02;4;3
12;2025-11-02;5;147
12;2025-11-02;6;514
12;2025-11-02;7;650
12;2025-11-02;8;714
12;2025-11-02;9;929
12;2025-11-02;10;1137
12;2025-11-02;11;1301
12;2025-11-02;12;1390
12;2025-11-02;13;1500
12;2025-11-02;14;1460
12;2025-11-02;15;1494
12;2025-11-02;16;1494
12;2025-11-02;17;1488
12;2025-11-02;18;1306
12;2025-11-02;19;1033
12;2025-11-02;20;805
12;2025-11-02;21;596
12;2025-11-02;22;381
12;2025-11-02;23;207
12;2025-11-03;0;75
12;2025-11-03;1;4
12;2025-11-03;2;0
12;2025-11-03;3;0
12;2025-11-03;4;3
12;2025-11-03;5;166
12;2025-11-03;6;551
12;2025-11-03;7;690
12;2025-11-03;8;747
12;2025-11-03;9;900
12;2025-11-03;10;1098
12;2025-11-03;11;1202
12;2025-11-03;12;1249
12;2025-11-03;13;1371
12;2025-11-03;14;1281
12;2025-11-03;15;1346
12;2025-11-03;16;1433
12;2025-11-03;17;1429
12;2025-11-03;18;1304
12;2025-11-03;19;1072
12;2025-11-03;20;855
12;2025-11-03;21;634
12;2025-11-03;22;412
12;2025-11-03;23;236
12;2025-11-04;0;73
12;2025-11-04;1;4
12;2025-11-04;2;0
12;2025-11-04;3;0
12;2025-11-04;4;3
12;2025-11-04;5;172
12;2025-11-04;6;554
12;2025-11-04;7;686
12;2025-11-04;8;724
12;2025-11-04;9;868
12;2025-11-04;10;1051
12;2025-11-04;11;1176
12;2025-11-04;12;1209
12;2025-11-04;13;1342
12;2025-11-04;14;1376
12;2025-11-04;15;1422
12;2025-11-04;16;1427
12;2025-11-04;17;1420
12;2025-11-04;18;1297
12;2025-11-04;19;1059
12;2025-11-04;20;845
12;2025-11-04;21;628
12;2025-11-04;22;403
12;2025-11-04;23;229
12;2025-11-05;0;54
12;2025-11-05;1;1
12;2025-11-05;2;0
12;2025-11-05;3;0
12;2025-11-05;4;6
12;2025-11-05;5;342
12;2025-11-05;6;1443
12;2025-11-05;7;2764
12;2025-11-05;8;3691
12;2025-11-05;9;2605
12;2025-11-05;10;2147
12;2025-11-05;11;2089
12;2025-11-05;12;2101
12;2025-11-05;13;2107
12;2025-11-05;14;2069
12;2025-11-05;15;2295
12;2025-11-05;16;2762
12;2025-11-05;17;3125
12;2025-11-05;18;3254
12;2025-11-05;19;2460
12;2025-11-05;20;1561
12;2025-11-05;21;972
12;2025-11-05;22;495
12;2025-11-05;23;262
12;2025-11-06;0;55
12;2025-11-06;1;1
12;2025-11-06;2;0
12;2025-11-06;3;0
12;2025-11-06;4;6
12;2025-11-06;5;342
12;2025-11-06;6;1449
12;2025-11-06;7;2763
12;2025-11-06;8;3667
12;2025-11-06;9;2603
12;2025-11-06;10;2152
12;2025-11-06;11;2063
12;2025-11-06;12;2105
12;2025-11-06;13;2114
12;2025-11-06;14;2074
12;2025-11-06;15;2287
12;2025-11-06;16;2762
12;2025-11-06;17;3127
12;2025-11-06;18;3253
12;2025-11-06;19;2460
12;2025-11-06;20;1554
12;2025-11-06;21;975
12;2025-11-06;22;497
12;2025-11-06;23;269
12;2025-11-07;0;58
12;2025-11-07;1;1
12;2025-11-07;2;0
12;2025-11-07;3;0
12;2025-11-07;4;5
12;2025-11-07;5;358
12;2025-11-07;6;1456
12;2025-11-07;7;2772
12;2025-11-07;8;3470
12;2025-11-07;9;2564
12;2025-11-07;10;1983
12;2025-11-07;11;2018
12;2025-11-07;12;2070
12;2025-11-07;13;2233
12;2025-11-07;14;2098
12;2025-11-07;15;2432
12;2025-11-07;16;2951
12;2025-11-07;17;3006
12;2025-11-07;18;2713
12;2025-11-07;19;2298
12;2025-11-07;20;1482
12;2025-11-07;21;981
12;2025-11-07;22;513
12;2025-11-07;23;321
12;2025-11-08;0;79
12;2025-11-08;1;3
12;2025-11-08;2;0
12;2025-11-08;3;0
12;2025-11-08;4;2
12;2025-11-08;5;246
12;2025-11-08;6;784
12;2025-11-08;7;912
12;2025-11-08;8;1028
12;2025-11-08;9;1245
12;2025-11-08;10;1427
12;2025-11-08;11;1496
12;2025-11-08;12;1552
12;2025-11-08;13;1712
12;2025-11-08;14;1609
12;2025-11-08;15;1609
12;2025-11-08;16;1698
12;2025-11-08;17;1659
12;2025-11-08;18;1558
12;2025-11-08;19;1397
12;2025-11-08;20;940
12;2025-11-08;21;754
12;2025-11-08;22;428
12;2025-11-08;23;292
12;2025-11-09;0;84
12;2025-11-09;1;5
12;2025-11-09;2;0
12;2025-11-09;3;0
12;2025-11-09;4;3
12;2025-11-09;5;172
12;2025-11-09;6;548
12;2025-11-09;7;682
12;2025-11-09;8;743
12;2025-11-09;9;940
12;2025-11-09;10;1142
12;2025-11-09;11;1298
12;2025-11-09;12;1407
12;2025-11-09;13;1564
12;2025-11-09;14;1454
12;2025-11-09;15;1504
12;2025-11-09;16;1518
12;2025-11-09;17;1517
12;2025-11-09;18;1322
12;2025-11-09;19;1038
12;2025-11-09;20;808
12;2025-11-09;21;600
12;2025-11-09;22;382
12;2025-11-09;23;207
12;2025-11-10;0;56
12;2025-11-10;1;3
12;2025-11-10;2;0
12;2025-11-10;3;0
12;2025-11-10;4;6
12;2025-11-10;5;327
12;2025-11-10;6;1448
12;2025-11-10;7;2747
12;2025-11-10;8;3647
12;2025-11-10;9;2575
12;2025-11-10;10;1968
12;2025-11-10;11;1933
12;2025-11-10;12;2050
12;2025-11-10;13;2007
12;2025-11-10;14;2020
12;2025-11-10;15;2284
12;2025-11-10;16;2783
12;2025-11-10;17;3085
12;2025-11-10;18;3274
12;2025-11-10;19;2467
12;2025-11-10;20;1629
12;2025-11-10;21;967
12;2025-11-10;22;461
12;2025-11-10;23;235
12;2025-11-11;0;53
12;2025-11-11;1;1
12;2025-11-11;2;0
12;2025-11-11;3;0
12;2025-11-11;4;7
12;2025-11-11;5;339
12;2025-11-11;6;1443
12;2025-11-11;7;2770
12;2025-11-11;8;3719
12;2025-11-11;9;2603
12;2025-11-11;10;2147
12;2025-11-11;11;2089
12;2025-11-11;12;2103
12;2025-11-11;13;2109
12;2025-11-11;14;2066
12;2025-11-11;15;2301
12;2025-11-11;16;2763
12;2025-11-11;17;3127
12;2025-11-11;18;3266
12;2025-11-11;19;2462
12;2025-11-11;20;1556
12;2025-11-11;21;967
12;2025-11-11;22;489
12;2025-11-11;23;251
12;2025-11-12;0;54
12;2025-11-12;1;1
12;2025-11-12;2;0
12;2025-11-12;3;0
12;2025-11-12;4;6
12;2025-11-12;5;338
12;2025-11-12;6;1442
12;2025-11-12;7;2767
12;2025-11-12;8;3709
12;2025-11-12;9;2602
12;2025-11-12;10;2145
12;2025-11-12;11;2084
12;2025-11-12;12;2101
12;2025-11-12;13;2097
12;2025-11-12;14;2059
12;2025-11-12;15;2290
12;2025-11-12;16;2764
12;2025-11-12;17;3127
12;2025-11-12;18;3252
12;2025-11-12;19;2462
12;2025-11-12;20;1560
12;2025-11-12;21;971
12;2025-11-12;22;495
12;2025-11-12;23;261
12;2025-11-13;0;55
12;2025-11-13;1;1
12;2025-11-13;2;0
12;2025-11-13;3;0
12;2025-11-13;4;7
12;2025-11-13;5;338
12;2025-11-13;6;1450
12;2025-11-13;7;2767
12;2025-11-13;8;3706
12;2025-11-13;9;2606
12;2025-11-13;10;2148
12;2025-11-13;11;2090
12;2025-11-13;12;2108
12;2025-11-13;13;2110
12;2025-11-13;14;2068
12;2025-11-13;15;2302
12;2025-11-13;16;2765
12;2025-11-13;17;3125
12;2025-11-13;18;3254
12;2025-11-13;19;2460
12;2025-11-13;20;1561
12;2025-11-13;21;973
12;2025-11-13;22;496
12;2025-11-13;23;267
12;2025-11-14;0;58
12;2025-11-14;1;2
12;2025-11-14;2;0
12;2025-11-14;3;0
12;2025-11-14;4;5
12;2025-11-14;5;339
12;2025-11-14;6;1442
12;2025-11-14;7;2772
12;2025-11-14;8;3493
12;2025-11-14;9;2577
12;2025-11-14;10;1996
12;2025-11-14;11;2030
12;2025-11-14;12;2091
12;2025-11-14;13;2249
12;2025-11-14;14;2113
12;2025-11-14;15;2448
12;2025-11-14;16;2948
12;2025-11-14;17;3004
12;2025-11-14;18;2710
12;2025-11-14;19;2295
12;2025-11-14;20;1476
12;2025-11-14;21;965
12;2025-11-14;22;499
12;2025-11-14;23;314
12;2025-11-15;0;77
12;2025-11-15;1;2
12;2025-11-15;2;0
12;2025-11-15;3;0
12;2025-11-15;4;2
12;2025-11-15;5;221
12;2025-11-15;6;747
12;2025-11-15;7;886
12;2025-11-15;8;962
12;2025-11-15;9;1105
12;2025-11-15;10;1216
12;2025-11-15;11;1230
12;2025-11-15;12;1336
12;2025-11-15;13;1669
12;2025-11-15;14;1644
12;2025-11-15;15;1632
12;2025-11-15;16;1718
12;2025-11-15;17;1679
12;2025-11-15;18;1562
12;2025-11-15;19;1392
12;2025-11-15;20;934
12;2025-11-15;21;746
12;2025-11-15;22;419
12;2025-11-15;23;287
12;2025-11-16;0;84
12;2025-11-16;1;5
12;2025-11-16;2;0
12;2025-11-16;3;0
12;2025-11-16;4;3
12;2025-11-16;5;122
12;2025-11-16;6;489
12;2025-11-16;7;625
12;2025-11-16;8;673
12;2025-11-16;9;885
12;2025-11-16;10;1092
12;2025-11-16;11;1293
12;2025-11-16;12;1393
12;2025-11-16;13;1551
12;2025-11-16;14;1456
12;2025-11-16;15;1483
12;2025-11-16;16;1480
12;2025-11-16;17;1477
12;2025-11-16;18;1288
12;2025-11-16;19;1007
12;2025-11-16;20;781
12;2025-11-16;21;573
12;2025-11-16;22;370
12;2025-11-16;23;202
12;2025-11-17;0;57
12;2025-11-17;1;3
12;2025-11-17;2;0
12;2025-11-17;3;0
12;2025-11-17;4;6
12;2025-11-17;5;321
12;2025-11-17;6;1443
12;2025-11-17;7;2735
12;2025-11-17;8;3626
12;2025-11-17;9;2566
12;2025-11-17;10;1969
12;2025-11-17;11;1926
12;2025-11-17;12;2041
12;2025-11-17;13;1959
12;2025-11-17;14;1991
12;2025-11-17;15;2251
12;2025-11-17;16;2776
12;2025-11-17;17;3078
12;2025-11-17;18;3274
12;2025-11-17;19;2466
12;2025-11-17;20;1626
12;2025-11-17;21;971
12;2025-11-17;22;461
12;2025-11-17;23;235
12;2025-11-18;0;53
12;2025-11-18;1;1
12;2025-11-18;2;0
12;2025-11-18;3;0
12;2025-11-18;4;7
12;2025-11-18;5;326
12;2025-11-18;6;1452
12;2025-11-18;7;2767
12;2025-11-18;8;3683
12;2025-11-18;9;2578
12;2025-11-18;10;2082
12;2025-11-18;11;2038
12;2025-11-18;12;2054
12;2025-11-18;13;2059
12;2025-11-18;14;2022
12;2025-11-18;15;2273
12;2025-11-18;16;2763
12;2025-11-18;17;3127
12;2025-11-18;18;3253
12;2025-11-18;19;2469
12;2025-11-18;20;1555
12;2025-11-18;21;966
12;2025-11-18;22;488
12;2025-11-18;23;251
12;2025-11-19;0;54
12;2025-11-19;1;1
12;2025-11-19;2;0
12;2025-11-19;3;0
12;2025-11-19;4;6
12;2025-11-19;5;337
12;2025-11-19;6;1441
12;2025-11-19;7;2767
12;2025-11-19;8;3690
12;2025-11-19;9;2602
12;2025-11-19;10;2144
12;2025-11-19;11;2084
12;2025-11-19;12;2099
12;2025-11-19;13;2109
12;2025-11-19;14;2066
12;2025-11-19;15;2300
12;2025-11-19;16;2763
12;2025-11-19;17;3126
12;2025-11-19;18;3263
12;2025-11-19;19;2462
12;2025-11-19;20;1560
12;2025-11-19;21;971
12;2025-11-19;22;496
12;2025-11-19;23;259
12;2025-11-20;0;55
12;2025-11-20;1;1
12;2025-11-20;2;0
12;2025-11-20;3;0
12;2025-11-20;4;6
12;2025-11-20;5;335
12;2025-11-20;6;1439
12;2025-11-20;7;2764
12;2025-11-20;8;3688
12;2025-11-20;9;2603
12;2025-11-20;10;2145
12;2025-11-20;11;2085
12;2025-11-20;12;2102
12;2025-11-20;13;2112
12;2025-11-20;14;2069
12;2025-11-20;15;2303
12;2025-11-20;16;2766
12;2025-11-20;17;3125
12;2025-11-20;18;3263
12;2025-11-20;19;2454
12;2025-11-20;20;1556
12;2025-11-20;21;968
12;2025-11-20;22;493
12;2025-11-20;23;263
12;2025-11-21;0;58
12;2025-11-21;1;1
12;2025-11-21;2;0
12;2025-11-21;3;0
12;2025-11-21;4;5
12;2025-11-21;5;345
12;2025-11-21;6;1442
12;2025-11-21;7;2761
12;2025-11-21;8;3476
12;2025-11-21;9;2574
12;2025-11-21;10;1987
12;2025-11-21;11;2022
12;2025-11-21;12;2063
12;2025-11-21;13;2249
12;2025-11-21;14;2110
12;2025-11-21;15;2441
12;2025-11-21;16;2949
12;2025-11-21;17;3004
12;2025-11-21;18;2710
12;2025-11-21;19;2295
12;2025-11-21;20;1480
12;2025-11-21;21;972
12;2025-11-21;22;508
12;2025-11-21;23;318
12;2025-11-22;0;80
12;2025-11-22;1;3
12;2025-11-22;2;0
12;2025-11-22;3;0
12;2025-11-22;4;2
12;2025-11-22;5;222
12;2025-11-22;6;746
12;2025-11-22;7;884
12;2025-11-22;8;1015
12;2025-11-22;9;1176
12;2025-11-22;10;1438
12;2025-11-22;11;1525
12;2025-11-22;12;1588
12;2025-11-22;13;1749
12;2025-11-22;14;1644
12;2025-11-22;15;1632
12;2025-11-22;16;1718
12;2025-11-22;17;1679
12;2025-11-22;18;1564
12;2025-11-22;19;1393
12;2025-11-22;20;938
12;2025-11-22;21;727
12;2025-11-22;22;410
12;2025-11-22;23;286
12;2025-11-23;0;83
12;2025-11-23;1;5
12;2025-11-23;2;0
12;2025-11-23;3;0
12;2025-11-23;4;2
12;2025-11-23;5;137
12;2025-11-23;6;498
12;2025-11-23;7;635
12;2025-11-23;8;705
12;2025-11-23;9;913
12;2025-11-23;10;1120
12;2025-11-23;11;1302
12;2025-11-23;12;1410
12;2025-11-23;13;1571
12;2025-11-23;14;1473
12;2025-11-23;15;1501
12;2025-11-23;16;1501
12;2025-11-23;17;1496
12;2025-11-23;18;1293
12;2025-11-23;19;1011
12;2025-11-23;20;790
12;2025-11-23;21;579
12;2025-11-23;22;374
12;2025-11-23;23;202
12;2025-11-24;0;57
12;2025-11-24;1;3
12;2025-11-24;2;0
12;2025-11-24;3;0
12;2025-11-24;4;6
12;2025-11-24;5;321
12;2025-11-24;6;1450
12;2025-11-24;7;2759
12;2025-11-24;8;3641
12;2025-11-24;9;2586
12;2025-11-24;10;1947
12;2025-11-24;11;1905
12;2025-11-24;12;2042
12;2025-11-24;13;2000
12;2025-11-24;14;2002
12;2025-11-24;15;2246
12;2025-11-24;16;2783
12;2025-11-24;17;3084
12;2025-11-24;18;3274
12;2025-11-24;19;2467
12;2025-11-24;20;1629
12;2025-11-24;21;965
12;2025-11-24;22;461
12;2025-11-24;23;235
12;2025-11-25;0;53
12;2025-11-25;1;1
12;2025-11-25;2;0
12;2025-11-25;3;0
12;2025-11-25;4;6
12;2025-11-25;5;337
12;2025-11-25;6;1441
12;2025-11-25;7;2768
12;2025-11-25;8;3704
12;2025-11-25;9;2603
12;2025-11-25;10;2146
12;2025-11-25;11;2083
12;2025-11-25;12;2100
12;2025-11-25;13;2108
12;2025-11-25;14;2066
12;2025-11-25;15;2301
12;2025-11-25;16;2763
12;2025-11-25;17;3127
12;2025-11-25;18;3267
12;2025-11-25;19;2463
12;2025-11-25;20;1557
12;2025-11-25;21;967
12;2025-11-25;22;489
12;2025-11-25;23;251
12;2025-11-26;0;54
12;2025-11-26;1;2
12;2025-11-26;2;0
12;2025-11-26;3;0
12;2025-11-26;4;6
12;2025-11-26;5;349
12;2025-11-26;6;1461
12;2025-11-26;7;2786
12;2025-11-26;8;3697
12;2025-11-26;9;2621
12;2025-11-26;10;2145
12;2025-11-26;11;2073
12;2025-11-26;12;2086
12;2025-11-26;13;2100
12;2025-11-26;14;2057
12;2025-11-26;15;2287
12;2025-11-26;16;2749
12;2025-11-26;17;3116
12;2025-11-26;18;3250
12;2025-11-26;19;2463
12;2025-11-26;20;1559
12;2025-11-26;21;969
12;2025-11-26;22;494
12;2025-11-26;23;259
12;2025-11-27;0;55
12;2025-11-27;1;1
12;2025-11-27;2;0
12;2025-11-27;3;0
12;2025-11-27;4;7
12;2025-11-27;5;338
12;2025-11-27;6;1442
12;2025-11-27;7;2768
12;2025-11-27;8;3709
12;2025-11-27;9;2606
12;2025-11-27;10;2148
12;2025-11-27;11;2077
12;2025-11-27;12;2091
12;2025-11-27;13;2100
12;2025-11-27;14;2042
12;2025-11-27;15;2305
12;2025-11-27;16;2768
12;2025-11-27;17;3104
12;2025-11-27;18;3220
12;2025-11-27;19;2456
12;2025-11-27;20;1560
12;2025-11-27;21;969
12;2025-11-27;22;492
12;2025-11-27;23;261
12;2025-11-28;0;56
12;2025-11-28;1;1
12;2025-11-28;2;0
12;2025-11-28;3;0
12;2025-11-28;4;5
12;2025-11-28;5;338
12;2025-11-28;6;1443
12;2025-11-28;7;2772
12;2025-11-28;8;3496
12;2025-11-28;9;2574
12;2025-11-28;10;1988
12;2025-11-28;11;2022
12;2025-11-28;12;2084
12;2025-11-28;13;2251
12;2025-11-28;14;2116
12;2025-11-28;15;2447
12;2025-11-28;16;2950
12;2025-11-28;17;3005
12;2025-11-28;18;2706
12;2025-11-28;19;2293
12;2025-11-28;20;1476
12;2025-11-28;21;969
12;2025-11-28;22;507
12;2025-11-28;23;317
12;2025-11-29;0;80
12;2025-11-29;1;3
12;2025-11-29;2;0
12;2025-11-29;3;0
12;2025-11-29;4;2
12;2025-11-29;5;223
12;2025-11-29;6;762
12;2025-11-29;7;902
12;2025-11-29;8;1024
12;2025-11-29;9;1253
12;2025-11-29;10;1438
12;2025-11-29;11;1524
12;2025-11-29;12;1589
12;2025-11-29;13;1748
12;2025-11-29;14;1644
12;2025-11-29;15;1632
12;2025-11-29;16;1718
12;2025-11-29;17;1678
12;2025-11-29;18;1562
12;2025-11-29;19;1392
12;2025-11-29;20;938
12;2025-11-29;21;752
12;2025-11-29;22;426
12;2025-11-29;23;290
12;2025-11-30;0;84
12;2025-11-30;1;5
12;2025-11-30;2;0
12;2025-11-30;3;0
12;2025-11-30;4;2
12;2025-11-30;5;142
12;2025-11-30;6;500
12;2025-11-30;7;639
12;2025-11-30;8;706
12;2025-11-30;9;913
12;2025-11-30;10;1119
12;2025-11-30;11;1301
12;2025-11-30;12;1409
12;2025-11-30;13;1573
12;2025-11-30;14;1479
12;2025-11-30;15;1508
12;2025-11-30;16;1508
12;2025-11-30;17;1507
12;2025-11-30;18;1314
12;2025-11-30;19;1030
12;2025-11-30;20;801
12;2025-11-30;21;599
12;2025-11-30;22;380
12;2025-11-30;23;207
12;2025-12-01;0;57
12;2025-12-01;1;3
12;2025-12-01;2;0
12;2025-12-01;3;0
12;2025-12-01;4;6
12;2025-12-01;5;328
12;2025-12-01;6;1454
12;2025-12-01;7;2754
12;2025-12-01;8;3641
12;2025-12-01;9;2573
12;2025-12-01;10;1969
12;2025-12-01;11;1931
12;2025-12-01;12;2049
12;2025-12-01;13;2007
12;2025-12-01;14;2020
12;2025-12-01;15;2282
12;2025-12-01;16;2782
12;2025-12-01;17;3083
12;2025-12-01;18;3272
12;2025-12-01;19;2467
12;2025-12-01;20;1628
12;2025-12-01;21;967
12;2025-12-01;22;461
12;2025-12-01;23;235
12;2025-12-02;0;53
12;2025-12-02;1;1
12;2025-12-02;2;0
12;2025-12-02;3;0
12;2025-12-02;4;6
12;2025-12-02;5;338
12;2025-12-02;6;1443
12;2025-12-02;7;2769
12;2025-12-02;8;3705
12;2025-12-02;9;2603
12;2025-12-02;10;2146
12;2025-12-02;11;2085
12;2025-12-02;12;2100
12;2025-12-02;13;2109
12;2025-12-02;14;2066
12;2025-12-02;15;2301
12;2025-12-02;16;2763
12;2025-12-02;17;3127
12;2025-12-02;18;3267
12;2025-12-02;19;2463
12;2025-12-02;20;1557
12;2025-12-02;21;968
12;2025-12-02;22;489
12;2025-12-02;23;251
12;2025-12-03;0;54
12;2025-12-03;1;1
12;2025-12-03;2;0
12;2025-12-03;3;0
12;2025-12-03;4;6
12;2025-12-03;5;337
12;2025-12-03;6;1441
12;2025-12-03;7;2767
12;2025-12-03;8;3690
12;2025-12-03;9;2602
12;2025-12-03;10;2145
12;2025-12-03;11;2085
12;2025-12-03;12;2099
12;2025-12-03;13;2109
12;2025-12-03;14;2066
12;2025-12-03;15;2300
12;2025-12-03;16;2763
12;2025-12-03;17;3126
12;2025-12-03;18;3264
12;2025-12-03;19;2462
12;2025-12-03;20;1560
12;2025-12-03;21;971
12;2025-12-03;22;496
12;2025-12-03;23;261
12;2025-12-04;0;55
12;2025-12-04;1;1
12;2025-12-04;2;0
12;2025-12-04;3;0
12;2025-12-04;4;6
12;2025-12-04;5;337
12;2025-12-04;6;1441
12;2025-12-04;7;2767
12;2025-12-04;8;3698
12;2025-12-04;9;2603
12;2025-12-04;10;2145
12;2025-12-04;11;2086
12;2025-12-04;12;2103
12;2025-12-04;13;2113
12;2025-12-04;14;2070
12;2025-12-04;15;2305
12;2025-12-04;16;2767
12;2025-12-04;17;3126
12;2025-12-04;18;3264
12;2025-12-04;19;2462
12;2025-12-04;20;1560
12;2025-12-04;21;971
12;2025-12-04;22;496
12;2025-12-04;23;265
12;2025-12-05;0;58
12;2025-12-05;1;2
12;2025-12-05;2;0
12;2025-12-05;3;0
12;2025-12-05;4;5
12;2025-12-05;5;337
12;2025-12-05;6;1440
12;2025-12-05;7;2771
12;2025-12-05;8;3485
12;2025-12-05;9;2573
12;2025-12-05;10;1988
12;2025-12-05;11;2023
12;2025-12-05;12;2085
12;2025-12-05;13;2250
12;2025-12-05;14;2111
12;2025-12-05;15;2441
12;2025-12-05;16;2950
12;2025-12-05;17;3005
12;2025-12-05;18;2706
12;2025-12-05;19;2293
12;2025-12-05;20;1476
12;2025-12-05;21;969
12;2025-12-05;22;507
12;2025-12-05;23;317
12;2025-12-06;0;79
12;2025-12-06;1;3
12;2025-12-06;2;0
12;2025-12-06;3;0
12;2025-12-06;4;2
12;2025-12-06;5;224
12;2025-12-06;6;762
12;2025-12-06;7;901
12;2025-12-06;8;1023
12;2025-12-06;9;1252
12;2025-12-06;10;1436
12;2025-12-06;11;1522
12;2025-12-06;12;1588
12;2025-12-06;13;1751
12;2025-12-06;14;1646
12;2025-12-06;15;1641
12;2025-12-06;16;1723
12;2025-12-06;17;1681
12;2025-12-06;18;1570
12;2025-12-06;19;1392
12;2025-12-06;20;936
12;2025-12-06;21;753
12;2025-12-06;22;425
12;2025-12-06;23;290
12;2025-12-07;0;84
12;2025-12-07;1;5
12;2025-12-07;2;0
12;2025-12-07;3;0
12;2025-12-07;4;2
12;2025-12-07;5;143
12;2025-12-07;6;500
12;2025-12-07;7;637
12;2025-12-07;8;705
12;2025-12-07;9;913
12;2025-12-07;10;1119
12;2025-12-07;11;1301
12;2025-12-07;12;1409
12;2025-12-07;13;1570
12;2025-12-07;14;1473
12;2025-12-07;15;1500
12;2025-12-07;16;1500
12;2025-12-07;17;1498
12;2025-12-07;18;1298
12;2025-12-07;19;1018
12;2025-12-07;20;790
12;2025-12-07;21;581
12;2025-12-07;22;376
12;2025-12-07;23;203
12;2025-12-08;0;57
12;2025-12-08;1;3
12;2025-12-08;2;0
12;2025-12-08;3;0
12;2025-12-08;4;5
12;2025-12-08;5;327
12;2025-12-08;6;1454
12;2025-12-08;7;2754
12;2025-12-08;8;3641
12;2025-12-08;9;2581
12;2025-12-08;10;1969
12;2025-12-08;11;1931
12;2025-12-08;12;2049
12;2025-12-08;13;2006
12;2025-12-08;14;2019
12;2025-12-08;15;2282
12;2025-12-08;16;2782
12;2025-12-08;17;3083
12;2025-12-08;18;3272
12;2025-12-08;19;2466
12;2025-12-08;20;1628
12;2025-12-08;21;966
12;2025-12-08;22;461
12;2025-12-08;23;235
12;2025-12-09;0;53
12;2025-12-09;1;1
12;2025-12-09;2;0
12;2025-12-09;3;0
12;2025-12-09;4;6
12;2025-12-09;5;337
12;2025-12-09;6;1441
12;2025-12-09;7;2768
12;2025-12-09;8;3705
12;2025-12-09;9;2603
12;2025-12-09;10;2145
12;2025-12-09;11;2085
12;2025-12-09;12;2100
12;2025-12-09;13;2108
12;2025-12-09;14;2066
12;2025-12-09;15;2298
12;2025-12-09;16;2761
12;2025-12-09;17;3127
12;2025-12-09;18;3267
12;2025-12-09;19;2463
12;2025-12-09;20;1557
12;2025-12-09;21;969
12;2025-12-09;22;491
12;2025-12-09;23;250
12;2025-12-10;0;54
12;2025-12-10;1;2
12;2025-12-10;2;0
12;2025-12-10;3;0
12;2025-12-10;4;6
12;2025-12-10;5;352
12;2025-12-10;6;1465
12;2025-12-10;7;2785
12;2025-12-10;8;3689
12;2025-12-10;9;2618
12;2025-12-10;10;2145
12;2025-12-10;11;2081
12;2025-12-10;12;2099
12;2025-12-10;13;2108
12;2025-12-10;14;2066
12;2025-12-10;15;2299
12;2025-12-10;16;2762
12;2025-12-10;17;3126
12;2025-12-10;18;3263
12;2025-12-10;19;2462
12;2025-12-10;20;1560
12;2025-12-10;21;971
12;2025-12-10;22;496
12;2025-12-10;23;261
12;2025-12-11;0;55
12;2025-12-11;1;1
12;2025-12-11;2;0
12;2025-12-11;3;0
12;2025-12-11;4;6
12;2025-12-11;5;337
12;2025-12-11;6;1441
12;2025-12-11;7;2767
12;2025-12-11;8;3648
12;2025-12-11;9;2595
12;2025-12-11;10;2137
12;2025-12-11;11;2081
12;2025-12-11;12;2099
12;2025-12-11;13;2104
12;2025-12-11;14;2070
12;2025-12-11;15;2291
12;2025-12-11;16;2763
12;2025-12-11;17;3103
12;2025-12-11;18;3222
12;2025-12-11;19;2456
12;2025-12-11;20;1560
12;2025-12-11;21;970
12;2025-12-11;22;499
12;2025-12-11;23;266
12;2025-12-12;0;59
12;2025-12-12;1;2
12;2025-12-12;2;0
12;2025-12-12;3;0
12;2025-12-12;4;5
12;2025-12-12;5;339
12;2025-12-12;6;1449
12;2025-12-12;7;2772
12;2025-12-12;8;3494
12;2025-12-12;9;2577
12;2025-12-12;10;1980
12;2025-12-12;11;2025
12;2025-12-12;12;2059
12;2025-12-12;13;2193
12;2025-12-12;14;2058
12;2025-12-12;15;2348
12;2025-12-12;16;2866
12;2025-12-12;17;2996
12;2025-12-12;18;2710
12;2025-12-12;19;2287
12;2025-12-12;20;1484
12;2025-12-12;21;976
12;2025-12-12;22;506
12;2025-12-12;23;318
12;2025-12-13;0;79
12;2025-12-13;1;2
12;2025-12-13;2;0
12;2025-12-13;3;0
12;2025-12-13;4;2
12;2025-12-13;5;207
12;2025-12-13;6;740
12;2025-12-13;7;862
12;2025-12-13;8;999
12;2025-12-13;9;1217
12;2025-12-13;10;1399
12;2025-12-13;11;1487
12;2025-12-13;12;1541
12;2025-12-13;13;1708
12;2025-12-13;14;1606
12;2025-12-13;15;1606
12;2025-12-13;16;1691
12;2025-12-13;17;1650
12;2025-12-13;18;1548
12;2025-12-13;19;1369
12;2025-12-13;20;888
12;2025-12-13;21;706
12;2025-12-13;22;411
12;2025-12-13;23;271
12;2025-12-14;0;84
12;2025-12-14;1;5
12;2025-12-14;2;0
12;2025-12-14;3;0
12;2025-12-14;4;3
12;2025-12-14;5;122
12;2025-12-14;6;472
12;2025-12-14;7;608
12;2025-12-14;8;660
12;2025-12-14;9;879
12;2025-12-14;10;1083
12;2025-12-14;11;1272
12;2025-12-14;12;1374
12;2025-12-14;13;1544
12;2025-12-14;14;1447
12;2025-12-14;15;1485
12;2025-12-14;16;1486
12;2025-12-14;17;1483
12;2025-12-14;18;1295
12;2025-12-14;19;1014
12;2025-12-14;20;784
12;2025-12-14;21;576
12;2025-12-14;22;374
12;2025-12-14;23;204
12;2025-12-15;0;57
12;2025-12-15;1;3
12;2025-12-15;2;0
12;2025-12-15;3;0
12;2025-12-15;4;5
12;2025-12-15;5;295
12;2025-12-15;6;1407
12;2025-12-15;7;2713
12;2025-12-15;8;3597
12;2025-12-15;9;2530
12;2025-12-15;10;1925
12;2025-12-15;11;1866
12;2025-12-15;12;2013
12;2025-12-15;13;1982
12;2025-12-15;14;1994
12;2025-12-15;15;2265
12;2025-12-15;16;2762
12;2025-12-15;17;3064
12;2025-12-15;18;3253
12;2025-12-15;19;2455
12;2025-12-15;20;1614
12;2025-12-15;21;950
12;2025-12-15;22;447
12;2025-12-15;23;226
12;2025-12-16;0;54
12;2025-12-16;1;2
12;2025-12-16;2;0
12;2025-12-16;3;0
12;2025-12-16;4;6
12;2025-12-16;5;330
12;2025-12-16;6;1436
12;2025-12-16;7;2766
12;2025-12-16;8;3702
12;2025-12-16;9;2598
12;2025-12-16;10;2140
12;2025-12-16;11;2081
12;2025-12-16;12;2087
12;2025-12-16;13;2065
12;2025-12-16;14;2057
12;2025-12-16;15;2301
12;2025-12-16;16;2764
12;2025-12-16;17;3127
12;2025-12-16;18;3267
12;2025-12-16;19;2462
12;2025-12-16;20;1555
12;2025-12-16;21;966
12;2025-12-16;22;488
12;2025-12-16;23;250
12;2025-12-17;0;54
12;2025-12-17;1;1
12;2025-12-17;2;0
12;2025-12-17;3;0
12;2025-12-17;4;6
12;2025-12-17;5;338
12;2025-12-17;6;1442
12;2025-12-17;7;2768
12;2025-12-17;8;3700
12;2025-12-17;9;2602
12;2025-12-17;10;2145
12;2025-12-17;11;2085
12;2025-12-17;12;2099
12;2025-12-17;13;2109
12;2025-12-17;14;2066
12;2025-12-17;15;2300
12;2025-12-17;16;2763
12;2025-12-17;17;3126
12;2025-12-17;18;3264
12;2025-12-17;19;2461
12;2025-12-17;20;1560
12;2025-12-17;21;971
12;2025-12-17;22;496
12;2025-12-17;23;261
12;2025-12-18;0;55
12;2025-12-18;1;1
12;2025-12-18;2;0
12;2025-12-18;3;0
12;2025-12-18;4;6
12;2025-12-18;5;336
12;2025-12-18;6;1440
12;2025-12-18;7;2766
12;2025-12-18;8;3689
12;2025-12-18;9;2602
12;2025-12-18;10;2145
12;2025-12-18;11;2085
12;2025-12-18;12;2101
12;2025-12-18;13;2111
12;2025-12-18;14;2069
12;2025-12-18;15;2303
12;2025-12-18;16;2766
12;2025-12-18;17;3125
12;2025-12-18;18;3263
12;2025-12-18;19;2460
12;2025-12-18;20;1558
12;2025-12-18;21;969
12;2025-12-18;22;496
12;2025-12-18;23;264
12;2025-12-19;0;58
12;2025-12-19;1;2
12;2025-12-19;2;0
12;2025-12-19;3;0
12;2025-12-19;4;5
12;2025-12-19;5;337
12;2025-12-19;6;1439
12;2025-12-19;7;2770
12;2025-12-19;8;3475
12;2025-12-19;9;2574
12;2025-12-19;10;1988
12;2025-12-19;11;2023
12;2025-12-19;12;2084
12;2025-12-19;13;2249
12;2025-12-19;14;2110
12;2025-12-19;15;2435
12;2025-12-19;16;2939
12;2025-12-19;17;2987
12;2025-12-19;18;2702
12;2025-12-19;19;2292
12;2025-12-19;20;1479
12;2025-12-19;21;970
12;2025-12-19;22;505
12;2025-12-19;23;317
12;2025-12-20;0;79
12;2025-12-20;1;3
12;2025-12-20;2;0
12;2025-12-20;3;0
12;2025-12-20;4;2
12;2025-12-20;5;223
12;2025-12-20;6;763
12;2025-12-20;7;903
12;2025-12-20;8;1024
12;2025-12-20;9;1253
12;2025-12-20;10;1436
12;2025-12-20;11;1521
12;2025-12-20;12;1590
12;2025-12-20;13;1748
12;2025-12-20;14;1644
12;2025-12-20;15;1632
12;2025-12-20;16;1718
12;2025-12-20;17;1679
12;2025-12-20;18;1562
12;2025-12-20;19;1386
12;2025-12-20;20;934
12;2025-12-20;21;748
12;2025-12-20;22;423
12;2025-12-20;23;288
12;2025-12-21;0;84
12;2025-12-21;1;5
12;2025-12-21;2;0
12;2025-12-21;3;0
12;2025-12-21;4;2
12;2025-12-21;5;142
12;2025-12-21;6;493
12;2025-12-21;7;626
12;2025-12-21;8;705
12;2025-12-21;9;913
12;2025-12-21;10;1120
12;2025-12-21;11;1301
12;2025-12-21;12;1409
12;2025-12-21;13;1570
12;2025-12-21;14;1472
12;2025-12-21;15;1501
12;2025-12-21;16;1500
12;2025-12-21;17;1498
12;2025-12-21;18;1298
12;2025-12-21;19;1018
12;2025-12-21;20;790
12;2025-12-21;21;581
12;2025-12-21;22;364
12;2025-12-21;23;203
12;2025-12-22;0;57
12;2025-12-22;1;2
12;2025-12-22;2;0
12;2025-12-22;3;0
12;2025-12-22;4;5
12;2025-12-22;5;327
12;2025-12-22;6;1454
12;2025-12-22;7;2755
12;2025-12-22;8;3651
12;2025-12-22;9;2595
12;2025-12-22;10;1999
12;2025-12-22;11;1927
12;2025-12-22;12;2045
12;2025-12-22;13;2007
12;2025-12-22;14;2019
12;2025-12-22;15;2273
12;2025-12-22;16;2778
12;2025-12-22;17;3076
12;2025-12-22;18;3253
12;2025-12-22;19;2456
12;2025-12-22;20;1615
12;2025-12-22;21;954
12;2025-12-22;22;450
12;2025-12-22;23;224
12;2025-12-23;0;54
12;2025-12-23;1;2
12;2025-12-23;2;0
12;2025-12-23;3;0
12;2025-12-23;4;6
12;2025-12-23;5;332
12;2025-12-23;6;1432
12;2025-12-23;7;2760
12;2025-12-23;8;3697
12;2025-12-23;9;2593
12;2025-12-23;10;2135
12;2025-12-23;11;2075
12;2025-12-23;12;2089
12;2025-12-23;13;2093
12;2025-12-23;14;2048
12;2025-12-23;15;2281
12;2025-12-23;16;2744
12;2025-12-23;17;3109
12;2025-12-23;18;3245
12;2025-12-23;19;2455
12;2025-12-23;20;1546
12;2025-12-23;21;956
12;2025-12-23;22;479
12;2025-12-23;23;240
12;2025-12-24;0;55
12;2025-12-24;1;2
12;2025-12-24;2;0
12;2025-12-24;3;0
12;2025-12-24;4;6
12;2025-12-24;5;331
12;2025-12-24;6;1435
12;2025-12-24;7;2761
12;2025-12-24;8;3685
12;2025-12-24;9;2597
12;2025-12-24;10;2140
12;2025-12-24;11;2082
12;2025-12-24;12;2064
12;2025-12-24;13;2081
12;2025-12-24;14;2066
12;2025-12-24;15;2278
12;2025-12-24;16;2764
12;2025-12-24;17;3128
12;2025-12-24;18;3243
12;2025-12-24;19;2465
12;2025-12-24;20;1558
12;2025-12-24;21;963
12;2025-12-24;22;490
12;2025-12-24;23;253
12;2025-12-25;0;55
12;2025-12-25;1;1
12;2025-12-25;2;0
12;2025-12-25;3;0
12;2025-12-25;4;6
12;2025-12-25;5;338
12;2025-12-25;6;1450
12;2025-12-25;7;2755
12;2025-12-25;8;3678
12;2025-12-25;9;2591
12;2025-12-25;10;2133
12;2025-12-25;11;2072
12;2025-12-25;12;2090
12;2025-12-25;13;2100
12;2025-12-25;14;2057
12;2025-12-25;15;2286
12;2025-12-25;16;2770
12;2025-12-25;17;3123
12;2025-12-25;18;3229
12;2025-12-25;19;2465
12;2025-12-25;20;1570
12;2025-12-25;21;974
12;2025-12-25;22;499
12;2025-12-25;23;262
12;2025-12-26;0;57
12;2025-12-26;1;1
12;2025-12-26;2;0
12;2025-12-26;3;0
12;2025-12-26;4;5
12;2025-12-26;5;321
12;2025-12-26;6;1454
12;2025-12-26;7;2769
12;2025-12-26;8;3492
12;2025-12-26;9;2548
12;2025-12-26;10;1944
12;2025-12-26;11;1969
12;2025-12-26;12;2021
12;2025-12-26;13;2225
12;2025-12-26;14;2090
12;2025-12-26;15;2417
12;2025-12-26;16;2926
12;2025-12-26;17;2993
12;2025-12-26;18;2715
12;2025-12-26;19;2290
12;2025-12-26;20;1471
12;2025-12-26;21;960
12;2025-12-26;22;496
12;2025-12-26;23;319
12;2025-12-27;0;80
12;2025-12-27;1;3
12;2025-12-27;2;0
12;2025-12-27;3;0
12;2025-12-27;4;2
12;2025-12-27;5;224
12;2025-12-27;6;763
12;2025-12-27;7;903
12;2025-12-27;8;1025
12;2025-12-27;9;1232
12;2025-12-27;10;1438
12;2025-12-27;11;1525
12;2025-12-27;12;1586
12;2025-12-27;13;1744
12;2025-12-27;14;1640
12;2025-12-27;15;1616
12;2025-12-27;16;1701
12;2025-12-27;17;1662
12;2025-12-27;18;1553
12;2025-12-27;19;1375
12;2025-12-27;20;925
12;2025-12-27;21;723
12;2025-12-27;22;403
12;2025-12-27;23;282
12;2025-12-28;0;83
12;2025-12-28;1;5
12;2025-12-28;2;0
12;2025-12-28;3;0
12;2025-12-28;4;2
12;2025-12-28;5;133
12;2025-12-28;6;489
12;2025-12-28;7;618
12;2025-12-28;8;686
12;2025-12-28;9;839
12;2025-12-28;10;1073
12;2025-12-28;11;1144
12;2025-12-28;12;1324
12;2025-12-28;13;1474
12;2025-12-28;14;1378
12;2025-12-28;15;1404
12;2025-12-28;16;1481
12;2025-12-28;17;1477
12;2025-12-28;18;1285
12;2025-12-28;19;1003
12;2025-12-28;20;759
12;2025-12-28;21;557
12;2025-12-28;22;359
12;2025-12-28;23;202
12;2025-12-29;0;53
12;2025-12-29;1;3
12;2025-12-29;2;0
12;2025-12-29;3;0
12;2025-12-29;4;5
12;2025-12-29;5;300
12;2025-12-29;6;1334
12;2025-12-29;7;2537
12;2025-12-29;8;3344
12;2025-12-29;9;2371
12;2025-12-29;10;1799
12;2025-12-29;11;1762
12;2025-12-29;12;1855
12;2025-12-29;13;1823
12;2025-12-29;14;1841
12;2025-12-29;15;2083
12;2025-12-29;16;2551
12;2025-12-29;17;2829
12;2025-12-29;18;2989
12;2025-12-29;19;2283
12;2025-12-29;20;1481
12;2025-12-29;21;872
12;2025-12-29;22;410
12;2025-12-29;23;204
12;2025-12-30;0;50
12;2025-12-30;1;1
12;2025-12-30;2;0
12;2025-12-30;3;0
12;2025-12-30;4;6
12;2025-12-30;5;302
12;2025-12-30;6;1323
12;2025-12-30;7;2559
12;2025-12-30;8;3403
12;2025-12-30;9;2404
12;2025-12-30;10;1967
12;2025-12-30;11;1898
12;2025-12-30;12;1906
12;2025-12-30;13;1905
12;2025-12-30;14;1886
12;2025-12-30;15;2112
12;2025-12-30;16;2541
12;2025-12-30;17;2876
12;2025-12-30;18;2996
12;2025-12-30;19;2280
12;2025-12-30;20;1437
12;2025-12-30;21;882
12;2025-12-30;22;448
12;2025-12-30;23;226
12;2025-12-31;0;70
12;2025-12-31;1;5
12;2025-12-31;2;0
12;2025-12-31;3;0
12;2025-12-31;4;2
12;2025-12-31;5;59
12;2025-12-31;6;374
12;2025-12-31;7;477
12;2025-12-31;8;525
12;2025-12-31;9;654
12;2025-12-31;10;817
12;2025-12-31;11;930
12;2025-12-31;12;1058
12;2025-12-31;13;1140
12;2025-12-31;14;1058
12;2025-12-31;15;1117
12;2025-12-31;16;1191
12;2025-12-31;17;1186
12;2025-12-31;18;1011
12;2025-12-31;19;797
12;2025-12-31;20;658
12;2025-12-31;21;455
12;2025-12-31;22;272
12;2025-12-31;23;127
17;2025-11-01;0;134
17;2025-11-01;1;15
17;2025-11-01;2;0
17;2025-11-01;3;0
17;2025-11-01;4;23
17;2025-11-01;5;297
17;2025-11-01;6;1433
17;2025-11-01;7;3794
17;2025-11-01;8;4905
17;2025-11-01;9;3553
17;2025-11-01;10;2860
17;2025-11-01;11;2896
17;2025-11-01;12;2877
17;2025-11-01;13;3015
17;2025-11-01;14;3097
17;2025-11-01;15;3319
17;2025-11-01;16;3841
17;2025-11-01;17;4362
17;2025-11-01;18;4123
17;2025-11-01;19;3066
17;2025-11-01;20;2223
17;2025-11-01;21;1450
17;2025-11-01;22;736
17;2025-11-01;23;429
17;2025-11-02;0;177
17;2025-11-02;1;24
17;2025-11-02;2;0
17;2025-11-02;3;0
17;2025-11-02;4;3
17;2025-11-02;5;102
17;2025-11-02;6;418
17;2025-11-02;7;814
17;2025-11-02;8;1224
17;2025-11-02;9;1685
17;2025-11-02;10;1965
17;2025-11-02;11;2505
17;2025-11-02;12;2825
17;2025-11-02;13;2925
17;2025-11-02;14;3161
17;2025-11-02;15;3132
17;2025-11-02;16;3050
17;2025-11-02;17;2917
17;2025-11-02;18;2597
17;2025-11-02;19;2090
17;2025-11-02;20;1577
17;2025-11-02;21;1125
17;2025-11-02;22;709
17;2025-11-02;23;315
17;2025-11-03;0;159
17;2025-11-03;1;22
17;2025-11-03;2;0
17;2025-11-03;3;0
17;2025-11-03;4;3
17;2025-11-03;5;120
17;2025-11-03;6;461
17;2025-11-03;7;864
17;2025-11-03;8;1285
17;2025-11-03;9;1636
17;2025-11-03;10;1891
17;2025-11-03;11;2341
17;2025-11-03;12;2583
17;2025-11-03;13;2731
17;2025-11-03;14;2826
17;2025-11-03;15;2813
17;2025-11-03;16;2971
17;2025-11-03;17;2905
17;2025-11-03;18;2658
17;2025-11-03;19;2178
17;2025-11-03;20;1662
17;2025-11-03;21;1197
17;2025-11-03;22;772
17;2025-11-03;23;372
17;2025-11-04;0;162
17;2025-11-04;1;22
17;2025-11-04;2;0
17;2025-11-04;3;0
17;2025-11-04;4;3
17;2025-11-04;5;117
17;2025-11-04;6;458
17;2025-11-04;7;866
17;2025-11-04;8;1246
17;2025-11-04;9;1579
17;2025-11-04;10;1832
17;2025-11-04;11;2316
17;2025-11-04;12;2551
17;2025-11-04;13;2722
17;2025-11-04;14;3045
17;2025-11-04;15;3033
17;2025-11-04;16;2973
17;2025-11-04;17;2901
17;2025-11-04;18;2656
17;2025-11-04;19;2173
17;2025-11-04;20;1654
17;2025-11-04;21;1192
17;2025-11-04;22;764
17;2025-11-04;23;365
17;2025-11-05;0;119
17;2025-11-05;1;11
17;2025-11-05;2;0
17;2025-11-05;3;0
17;2025-11-05;4;25
17;2025-11-05;5;322
17;2025-11-05;6;1541
17;2025-11-05;7;4122
17;2025-11-05;8;5355
17;2025-11-05;9;3853
17;2025-11-05;10;3076
17;2025-11-05;11;3052
17;2025-11-05;12;3061
17;2025-11-05;13;3107
17;2025-11-05;14;3203
17;2025-11-05;15;3335
17;2025-11-05;16;3726
17;2025-11-05;17;4546
17;2025-11-05;18;4840
17;2025-11-05;19;3397
17;2025-11-05;20;2370
17;2025-11-05;21;1480
17;2025-11-05;22;761
17;2025-11-05;23;382
17;2025-11-06;0;123
17;2025-11-06;1;11
17;2025-11-06;2;0
17;2025-11-06;3;0
17;2025-11-06;4;25
17;2025-11-06;5;323
17;2025-11-06;6;1544
17;2025-11-06;7;4125
17;2025-11-06;8;5314
17;2025-11-06;9;3856
17;2025-11-06;10;3086
17;2025-11-06;11;2983
17;2025-11-06;12;3071
17;2025-11-06;13;3124
17;2025-11-06;14;3222
17;2025-11-06;15;3312
17;2025-11-06;16;3713
17;2025-11-06;17;4558
17;2025-11-06;18;4847
17;2025-11-06;19;3395
17;2025-11-06;20;2346
17;2025-11-06;21;1489
17;2025-11-06;22;771
17;2025-11-06;23;394
17;2025-11-07;0;145
17;2025-11-07;1;16
17;2025-11-07;2;0
17;2025-11-07;3;0
17;2025-11-07;4;24
17;2025-11-07;5;318
17;2025-11-07;6;1524
17;2025-11-07;7;4039
17;2025-11-07;8;5172
17;2025-11-07;9;3688
17;2025-11-07;10;3020
17;2025-11-07;11;3066
17;2025-11-07;12;3035
17;2025-11-07;13;3189
17;2025-11-07;14;3279
17;2025-11-07;15;3518
17;2025-11-07;16;4086
17;2025-11-07;17;4639
17;2025-11-07;18;4382
17;2025-11-07;19;3251
17;2025-11-07;20;2358
17;2025-11-07;21;1541
17;2025-11-07;22;784
17;2025-11-07;23;463
17;2025-11-08;0;195
17;2025-11-08;1;25
17;2025-11-08;2;0
17;2025-11-08;3;0
17;2025-11-08;4;5
17;2025-11-08;5;136
17;2025-11-08;6;593
17;2025-11-08;7;1269
17;2025-11-08;8;1725
17;2025-11-08;9;2166
17;2025-11-08;10;2458
17;2025-11-08;11;2891
17;2025-11-08;12;3172
17;2025-11-08;13;3387
17;2025-11-08;14;3406
17;2025-11-08;15;3439
17;2025-11-08;16;3477
17;2025-11-08;17;3272
17;2025-11-08;18;3051
17;2025-11-08;19;2442
17;2025-11-08;20;1870
17;2025-11-08;21;1319
17;2025-11-08;22;832
17;2025-11-08;23;442
17;2025-11-09;0;181
17;2025-11-09;1;24
17;2025-11-09;2;0
17;2025-11-09;3;0
17;2025-11-09;4;3
17;2025-11-09;5;112
17;2025-11-09;6;440
17;2025-11-09;7;851
17;2025-11-09;8;1260
17;2025-11-09;9;1701
17;2025-11-09;10;1968
17;2025-11-09;11;2506
17;2025-11-09;12;2823
17;2025-11-09;13;3024
17;2025-11-09;14;3125
17;2025-11-09;15;3098
17;2025-11-09;16;3034
17;2025-11-09;17;2921
17;2025-11-09;18;2620
17;2025-11-09;19;2100
17;2025-11-09;20;1584
17;2025-11-09;21;1130
17;2025-11-09;22;710
17;2025-11-09;23;316
17;2025-11-10;0;116
17;2025-11-10;1;13
17;2025-11-10;2;0
17;2025-11-10;3;0
17;2025-11-10;4;26
17;2025-11-10;5;314
17;2025-11-10;6;1562
17;2025-11-10;7;4167
17;2025-11-10;8;5414
17;2025-11-10;9;3849
17;2025-11-10;10;2968
17;2025-11-10;11;2907
17;2025-11-10;12;2905
17;2025-11-10;13;3018
17;2025-11-10;14;3032
17;2025-11-10;15;3240
17;2025-11-10;16;3704
17;2025-11-10;17;4378
17;2025-11-10;18;4734
17;2025-11-10;19;3309
17;2025-11-10;20;2266
17;2025-11-10;21;1408
17;2025-11-10;22;688
17;2025-11-10;23;323
17;2025-11-11;0;114
17;2025-11-11;1;10
17;2025-11-11;2;0
17;2025-11-11;3;0
17;2025-11-11;4;25
17;2025-11-11;5;322
17;2025-11-11;6;1541
17;2025-11-11;7;4133
17;2025-11-11;8;5387
17;2025-11-11;9;3855
17;2025-11-11;10;3056
17;2025-11-11;11;3031
17;2025-11-11;12;3044
17;2025-11-11;13;3091
17;2025-11-11;14;3181
17;2025-11-11;15;3322
17;2025-11-11;16;3720
17;2025-11-11;17;4547
17;2025-11-11;18;4858
17;2025-11-11;19;3396
17;2025-11-11;20;2362
17;2025-11-11;21;1473
17;2025-11-11;22;749
17;2025-11-11;23;363
17;2025-11-12;0;117
17;2025-11-12;1;11
17;2025-11-12;2;0
17;2025-11-12;3;0
17;2025-11-12;4;25
17;2025-11-12;5;322
17;2025-11-12;6;1541
17;2025-11-12;7;4129
17;2025-11-12;8;5375
17;2025-11-12;9;3851
17;2025-11-12;10;3046
17;2025-11-12;11;3003
17;2025-11-12;12;3020
17;2025-11-12;13;3074
17;2025-11-12;14;3179
17;2025-11-12;15;3290
17;2025-11-12;16;3724
17;2025-11-12;17;4550
17;2025-11-12;18;4799
17;2025-11-12;19;3395
17;2025-11-12;20;2367
17;2025-11-12;21;1479
17;2025-11-12;22;761
17;2025-11-12;23;380
17;2025-11-13;0;121
17;2025-11-13;1;11
17;2025-11-13;2;0
17;2025-11-13;3;0
17;2025-11-13;4;25
17;2025-11-13;5;322
17;2025-11-13;6;1551
17;2025-11-13;7;4129
17;2025-11-13;8;5363
17;2025-11-13;9;3856
17;2025-11-13;10;3081
17;2025-11-13;11;3053
17;2025-11-13;12;3072
17;2025-11-13;13;3116
17;2025-11-13;14;3208
17;2025-11-13;15;3343
17;2025-11-13;16;3734
17;2025-11-13;17;4547
17;2025-11-13;18;4839
17;2025-11-13;19;3392
17;2025-11-13;20;2371
17;2025-11-13;21;1483
17;2025-11-13;22;764
17;2025-11-13;23;389
17;2025-11-14;0;143
17;2025-11-14;1;16
17;2025-11-14;2;0
17;2025-11-14;3;0
17;2025-11-14;4;24
17;2025-11-14;5;313
17;2025-11-14;6;1517
17;2025-11-14;7;4031
17;2025-11-14;8;5215
17;2025-11-14;9;3765
17;2025-11-14;10;3033
17;2025-11-14;11;3073
17;2025-11-14;12;3048
17;2025-11-14;13;3194
17;2025-11-14;14;3282
17;2025-11-14;15;3521
17;2025-11-14;16;4081
17;2025-11-14;17;4634
17;2025-11-14;18;4372
17;2025-11-14;19;3245
17;2025-11-14;20;2350
17;2025-11-14;21;1522
17;2025-11-14;22;769
17;2025-11-14;23;447
17;2025-11-15;0;189
17;2025-11-15;1;24
17;2025-11-15;2;0
17;2025-11-15;3;0
17;2025-11-15;4;5
17;2025-11-15;5;122
17;2025-11-15;6;558
17;2025-11-15;7;1243
17;2025-11-15;8;1647
17;2025-11-15;9;1981
17;2025-11-15;10;2186
17;2025-11-15;11;2520
17;2025-11-15;12;2830
17;2025-11-15;13;3265
17;2025-11-15;14;3395
17;2025-11-15;15;3420
17;2025-11-15;16;3454
17;2025-11-15;17;3251
17;2025-11-15;18;3028
17;2025-11-15;19;2420
17;2025-11-15;20;1855
17;2025-11-15;21;1304
17;2025-11-15;22;825
17;2025-11-15;23;437
17;2025-11-16;0;175
17;2025-11-16;1;23
17;2025-11-16;2;0
17;2025-11-16;3;0
17;2025-11-16;4;3
17;2025-11-16;5;74
17;2025-11-16;6;409
17;2025-11-16;7;807
17;2025-11-16;8;1192
17;2025-11-16;9;1668
17;2025-11-16;10;1942
17;2025-11-16;11;2496
17;2025-11-16;12;2827
17;2025-11-16;13;3034
17;2025-11-16;14;3135
17;2025-11-16;15;3096
17;2025-11-16;16;3038
17;2025-11-16;17;2932
17;2025-11-16;18;2601
17;2025-11-16;19;2087
17;2025-11-16;20;1572
17;2025-11-16;21;1122
17;2025-11-16;22;711
17;2025-11-16;23;324
17;2025-11-17;0;117
17;2025-11-17;1;13
17;2025-11-17;2;0
17;2025-11-17;3;0
17;2025-11-17;4;26
17;2025-11-17;5;318
17;2025-11-17;6;1564
17;2025-11-17;7;4165
17;2025-11-17;8;5393
17;2025-11-17;9;3850
17;2025-11-17;10;2952
17;2025-11-17;11;2892
17;2025-11-17;12;2858
17;2025-11-17;13;2943
17;2025-11-17;14;2985
17;2025-11-17;15;3159
17;2025-11-17;16;3666
17;2025-11-17;17;4319
17;2025-11-17;18;4735
17;2025-11-17;19;3308
17;2025-11-17;20;2264
17;2025-11-17;21;1396
17;2025-11-17;22;688
17;2025-11-17;23;323
17;2025-11-18;0;114
17;2025-11-18;1;10
17;2025-11-18;2;0
17;2025-11-18;3;0
17;2025-11-18;4;26
17;2025-11-18;5;298
17;2025-11-18;6;1547
17;2025-11-18;7;4138
17;2025-11-18;8;5303
17;2025-11-18;9;3758
17;2025-11-18;10;2948
17;2025-11-18;11;2966
17;2025-11-18;12;2981
17;2025-11-18;13;3021
17;2025-11-18;14;3106
17;2025-11-18;15;3247
17;2025-11-18;16;3719
17;2025-11-18;17;4547
17;2025-11-18;18;4804
17;2025-11-18;19;3365
17;2025-11-18;20;2357
17;2025-11-18;21;1472
17;2025-11-18;22;749
17;2025-11-18;23;360
17;2025-11-19;0;117
17;2025-11-19;1;11
17;2025-11-19;2;0
17;2025-11-19;3;0
17;2025-11-19;4;26
17;2025-11-19;5;323
17;2025-11-19;6;1542
17;2025-11-19;7;4130
17;2025-11-19;8;5356
17;2025-11-19;9;3855
17;2025-11-19;10;3070
17;2025-11-19;11;3043
17;2025-11-19;12;3055
17;2025-11-19;13;3103
17;2025-11-19;14;3192
17;2025-11-19;15;3328
17;2025-11-19;16;3722
17;2025-11-19;17;4549
17;2025-11-19;18;4850
17;2025-11-19;19;3397
17;2025-11-19;20;2369
17;2025-11-19;21;1481
17;2025-11-19;22;763
17;2025-11-19;23;378
17;2025-11-20;0;122
17;2025-11-20;1;11
17;2025-11-20;2;0
17;2025-11-20;3;0
17;2025-11-20;4;26
17;2025-11-20;5;322
17;2025-11-20;6;1540
17;2025-11-20;7;4126
17;2025-11-20;8;5344
17;2025-11-20;9;3856
17;2025-11-20;10;3075
17;2025-11-20;11;3048
17;2025-11-20;12;3064
17;2025-11-20;13;3116
17;2025-11-20;14;3206
17;2025-11-20;15;3342
17;2025-11-20;16;3734
17;2025-11-20;17;4551
17;2025-11-20;18;4847
17;2025-11-20;19;3388
17;2025-11-20;20;2367
17;2025-11-20;21;1480
17;2025-11-20;22;763
17;2025-11-20;23;383
17;2025-11-21;0;142
17;2025-11-21;1;16
17;2025-11-21;2;0
17;2025-11-21;3;0
17;2025-11-21;4;24
17;2025-11-21;5;319
17;2025-11-21;6;1520
17;2025-11-21;7;3996
17;2025-11-21;8;5193
17;2025-11-21;9;3759
17;2025-11-21;10;3021
17;2025-11-21;11;3063
17;2025-11-21;12;3010
17;2025-11-21;13;3187
17;2025-11-21;14;3267
17;2025-11-21;15;3501
17;2025-11-21;16;4075
17;2025-11-21;17;4633
17;2025-11-21;18;4371
17;2025-11-21;19;3248
17;2025-11-21;20;2356
17;2025-11-21;21;1538
17;2025-11-21;22;778
17;2025-11-21;23;453
17;2025-11-22;0;190
17;2025-11-22;1;25
17;2025-11-22;2;0
17;2025-11-22;3;0
17;2025-11-22;4;5
17;2025-11-22;5;124
17;2025-11-22;6;571
17;2025-11-22;7;1272
17;2025-11-22;8;1720
17;2025-11-22;9;2070
17;2025-11-22;10;2455
17;2025-11-22;11;2877
17;2025-11-22;12;3163
17;2025-11-22;13;3378
17;2025-11-22;14;3395
17;2025-11-22;15;3426
17;2025-11-22;16;3459
17;2025-11-22;17;3256
17;2025-11-22;18;3034
17;2025-11-22;19;2423
17;2025-11-22;20;1862
17;2025-11-22;21;1270
17;2025-11-22;22;797
17;2025-11-22;23;425
17;2025-11-23;0;174
17;2025-11-23;1;22
17;2025-11-23;2;0
17;2025-11-23;3;0
17;2025-11-23;4;3
17;2025-11-23;5;90
17;2025-11-23;6;408
17;2025-11-23;7;805
17;2025-11-23;8;1219
17;2025-11-23;9;1675
17;2025-11-23;10;1955
17;2025-11-23;11;2505
17;2025-11-23;12;2833
17;2025-11-23;13;3046
17;2025-11-23;14;3145
17;2025-11-23;15;3113
17;2025-11-23;16;3038
17;2025-11-23;17;2918
17;2025-11-23;18;2599
17;2025-11-23;19;2085
17;2025-11-23;20;1576
17;2025-11-23;21;1121
17;2025-11-23;22;708
17;2025-11-23;23;317
17;2025-11-24;0;117
17;2025-11-24;1;12
17;2025-11-24;2;0
17;2025-11-24;3;0
17;2025-11-24;4;26
17;2025-11-24;5;300
17;2025-11-24;6;1566
17;2025-11-24;7;4149
17;2025-11-24;8;5387
17;2025-11-24;9;3779
17;2025-11-24;10;2907
17;2025-11-24;11;2844
17;2025-11-24;12;2857
17;2025-11-24;13;3006
17;2025-11-24;14;2998
17;2025-11-24;15;3160
17;2025-11-24;16;3702
17;2025-11-24;17;4378
17;2025-11-24;18;4735
17;2025-11-24;19;3311
17;2025-11-24;20;2269
17;2025-11-24;21;1408
17;2025-11-24;22;688
17;2025-11-24;23;321
17;2025-11-25;0;114
17;2025-11-25;1;10
17;2025-11-25;2;0
17;2025-11-25;3;0
17;2025-11-25;4;26
17;2025-11-25;5;323
17;2025-11-25;6;1543
17;2025-11-25;7;4136
17;2025-11-25;8;5371
17;2025-11-25;9;3859
17;2025-11-25;10;3056
17;2025-11-25;11;3026
17;2025-11-25;12;3036
17;2025-11-25;13;3087
17;2025-11-25;14;3174
17;2025-11-25;15;3315
17;2025-11-25;16;3716
17;2025-11-25;17;4546
17;2025-11-25;18;4858
17;2025-11-25;19;3397
17;2025-11-25;20;2363
17;2025-11-25;21;1473
17;2025-11-25;22;750
17;2025-11-25;23;362
17;2025-11-26;0;117
17;2025-11-26;1;11
17;2025-11-26;2;0
17;2025-11-26;3;0
17;2025-11-26;4;25
17;2025-11-26;5;329
17;2025-11-26;6;1556
17;2025-11-26;7;4071
17;2025-11-26;8;5308
17;2025-11-26;9;3785
17;2025-11-26;10;3016
17;2025-11-26;11;2982
17;2025-11-26;12;3007
17;2025-11-26;13;3091
17;2025-11-26;14;3172
17;2025-11-26;15;3285
17;2025-11-26;16;3641
17;2025-11-26;17;4314
17;2025-11-26;18;4798
17;2025-11-26;19;3355
17;2025-11-26;20;2357
17;2025-11-26;21;1464
17;2025-11-26;22;749
17;2025-11-26;23;375
17;2025-11-27;0;121
17;2025-11-27;1;11
17;2025-11-27;2;0
17;2025-11-27;3;0
17;2025-11-27;4;25
17;2025-11-27;5;322
17;2025-11-27;6;1542
17;2025-11-27;7;4129
17;2025-11-27;8;5367
17;2025-11-27;9;3856
17;2025-11-27;10;3081
17;2025-11-27;11;2993
17;2025-11-27;12;3010
17;2025-11-27;13;3081
17;2025-11-27;14;3145
17;2025-11-27;15;3347
17;2025-11-27;16;3738
17;2025-11-27;17;4315
17;2025-11-27;18;4610
17;2025-11-27;19;3344
17;2025-11-27;20;2352
17;2025-11-27;21;1462
17;2025-11-27;22;740
17;2025-11-27;23;365
17;2025-11-28;0;140
17;2025-11-28;1;15
17;2025-11-28;2;0
17;2025-11-28;3;0
17;2025-11-28;4;24
17;2025-11-28;5;312
17;2025-11-28;6;1518
17;2025-11-28;7;4032
17;2025-11-28;8;5216
17;2025-11-28;9;3760
17;2025-11-28;10;3018
17;2025-11-28;11;3059
17;2025-11-28;12;3030
17;2025-11-28;13;3190
17;2025-11-28;14;3274
17;2025-11-28;15;3509
17;2025-11-28;16;4077
17;2025-11-28;17;4628
17;2025-11-28;18;4370
17;2025-11-28;19;3245
17;2025-11-28;20;2355
17;2025-11-28;21;1537
17;2025-11-28;22;777
17;2025-11-28;23;452
17;2025-11-29;0;190
17;2025-11-29;1;25
17;2025-11-29;2;0
17;2025-11-29;3;0
17;2025-11-29;4;5
17;2025-11-29;5;128
17;2025-11-29;6;577
17;2025-11-29;7;1244
17;2025-11-29;8;1695
17;2025-11-29;9;2155
17;2025-11-29;10;2455
17;2025-11-29;11;2877
17;2025-11-29;12;3160
17;2025-11-29;13;3374
17;2025-11-29;14;3392
17;2025-11-29;15;3420
17;2025-11-29;16;3454
17;2025-11-29;17;3251
17;2025-11-29;18;3028
17;2025-11-29;19;2424
17;2025-11-29;20;1862
17;2025-11-29;21;1308
17;2025-11-29;22;825
17;2025-11-29;23;433
17;2025-11-30;0;175
17;2025-11-30;1;24
17;2025-11-30;2;0
17;2025-11-30;3;0
17;2025-11-30;4;3
17;2025-11-30;5;96
17;2025-11-30;6;408
17;2025-11-30;7;807
17;2025-11-30;8;1218
17;2025-11-30;9;1676
17;2025-11-30;10;1956
17;2025-11-30;11;2505
17;2025-11-30;12;2833
17;2025-11-30;13;3046
17;2025-11-30;14;3151
17;2025-11-30;15;3122
17;2025-11-30;16;3045
17;2025-11-30;17;2932
17;2025-11-30;18;2620
17;2025-11-30;19;2098
17;2025-11-30;20;1582
17;2025-11-30;21;1129
17;2025-11-30;22;711
17;2025-11-30;23;318
17;2025-12-01;0;117
17;2025-12-01;1;13
17;2025-12-01;2;0
17;2025-12-01;3;0
17;2025-12-01;4;26
17;2025-12-01;5;317
17;2025-12-01;6;1571
17;2025-12-01;7;4179
17;2025-12-01;8;5410
17;2025-12-01;9;3858
17;2025-12-01;10;2978
17;2025-12-01;11;2912
17;2025-12-01;12;2911
17;2025-12-01;13;3018
17;2025-12-01;14;3027
17;2025-12-01;15;3238
17;2025-12-01;16;3703
17;2025-12-01;17;4381
17;2025-12-01;18;4736
17;2025-12-01;19;3312
17;2025-12-01;20;2269
17;2025-12-01;21;1409
17;2025-12-01;22;690
17;2025-12-01;23;323
17;2025-12-02;0;114
17;2025-12-02;1;10
17;2025-12-02;2;0
17;2025-12-02;3;0
17;2025-12-02;4;26
17;2025-12-02;5;323
17;2025-12-02;6;1543
17;2025-12-02;7;4136
17;2025-12-02;8;5373
17;2025-12-02;9;3856
17;2025-12-02;10;3056
17;2025-12-02;11;3024
17;2025-12-02;12;3036
17;2025-12-02;13;3087
17;2025-12-02;14;3176
17;2025-12-02;15;3315
17;2025-12-02;16;3716
17;2025-12-02;17;4546
17;2025-12-02;18;4858
17;2025-12-02;19;3397
17;2025-12-02;20;2363
17;2025-12-02;21;1474
17;2025-12-02;22;750
17;2025-12-02;23;361
17;2025-12-03;0;117
17;2025-12-03;1;11
17;2025-12-03;2;0
17;2025-12-03;3;0
17;2025-12-03;4;26
17;2025-12-03;5;323
17;2025-12-03;6;1541
17;2025-12-03;7;4130
17;2025-12-03;8;5356
17;2025-12-03;9;3852
17;2025-12-03;10;3070
17;2025-12-03;11;3042
17;2025-12-03;12;3054
17;2025-12-03;13;3103
17;2025-12-03;14;3192
17;2025-12-03;15;3328
17;2025-12-03;16;3722
17;2025-12-03;17;4551
17;2025-12-03;18;4853
17;2025-12-03;19;3397
17;2025-12-03;20;2369
17;2025-12-03;21;1480
17;2025-12-03;22;763
17;2025-12-03;23;380
17;2025-12-04;0;122
17;2025-12-04;1;11
17;2025-12-04;2;0
17;2025-12-04;3;0
17;2025-12-04;4;25
17;2025-12-04;5;321
17;2025-12-04;6;1540
17;2025-12-04;7;4126
17;2025-12-04;8;5355
17;2025-12-04;9;3853
17;2025-12-04;10;3075
17;2025-12-04;11;3048
17;2025-12-04;12;3064
17;2025-12-04;13;3118
17;2025-12-04;14;3204
17;2025-12-04;15;3343
17;2025-12-04;16;3734
17;2025-12-04;17;4549
17;2025-12-04;18;4852
17;2025-12-04;19;3394
17;2025-12-04;20;2370
17;2025-12-04;21;1483
17;2025-12-04;22;765
17;2025-12-04;23;387
17;2025-12-05;0;142
17;2025-12-05;1;16
17;2025-12-05;2;0
17;2025-12-05;3;0
17;2025-12-05;4;24
17;2025-12-05;5;311
17;2025-12-05;6;1515
17;2025-12-05;7;4024
17;2025-12-05;8;5203
17;2025-12-05;9;3760
17;2025-12-05;10;3021
17;2025-12-05;11;3062
17;2025-12-05;12;3034
17;2025-12-05;13;3189
17;2025-12-05;14;3264
17;2025-12-05;15;3503
17;2025-12-05;16;4077
17;2025-12-05;17;4632
17;2025-12-05;18;4370
17;2025-12-05;19;3245
17;2025-12-05;20;2355
17;2025-12-05;21;1537
17;2025-12-05;22;777
17;2025-12-05;23;452
17;2025-12-06;0;190
17;2025-12-06;1;25
17;2025-12-06;2;0
17;2025-12-06;3;0
17;2025-12-06;4;5
17;2025-12-06;5;129
17;2025-12-06;6;578
17;2025-12-06;7;1244
17;2025-12-06;8;1696
17;2025-12-06;9;2155
17;2025-12-06;10;2455
17;2025-12-06;11;2875
17;2025-12-06;12;3160
17;2025-12-06;13;3374
17;2025-12-06;14;3391
17;2025-12-06;15;3424
17;2025-12-06;16;3457
17;2025-12-06;17;3253
17;2025-12-06;18;3034
17;2025-12-06;19;2418
17;2025-12-06;20;1855
17;2025-12-06;21;1308
17;2025-12-06;22;821
17;2025-12-06;23;433
17;2025-12-07;0;176
17;2025-12-07;1;23
17;2025-12-07;2;0
17;2025-12-07;3;0
17;2025-12-07;4;3
17;2025-12-07;5;97
17;2025-12-07;6;408
17;2025-12-07;7;806
17;2025-12-07;8;1218
17;2025-12-07;9;1675
17;2025-12-07;10;1955
17;2025-12-07;11;2505
17;2025-12-07;12;2832
17;2025-12-07;13;3046
17;2025-12-07;14;3145
17;2025-12-07;15;3116
17;2025-12-07;16;3037
17;2025-12-07;17;2924
17;2025-12-07;18;2608
17;2025-12-07;19;2095
17;2025-12-07;20;1580
17;2025-12-07;21;1125
17;2025-12-07;22;712
17;2025-12-07;23;319
17;2025-12-08;0;117
17;2025-12-08;1;13
17;2025-12-08;2;0
17;2025-12-08;3;0
17;2025-12-08;4;26
17;2025-12-08;5;317
17;2025-12-08;6;1571
17;2025-12-08;7;4179
17;2025-12-08;8;5410
17;2025-12-08;9;3864
17;2025-12-08;10;2976
17;2025-12-08;11;2911
17;2025-12-08;12;2911
17;2025-12-08;13;3018
17;2025-12-08;14;3031
17;2025-12-08;15;3238
17;2025-12-08;16;3703
17;2025-12-08;17;4381
17;2025-12-08;18;4736
17;2025-12-08;19;3312
17;2025-12-08;20;2269
17;2025-12-08;21;1409
17;2025-12-08;22;689
17;2025-12-08;23;323
17;2025-12-09;0;114
17;2025-12-09;1;10
17;2025-12-09;2;0
17;2025-12-09;3;0
17;2025-12-09;4;26
17;2025-12-09;5;323
17;2025-12-09;6;1542
17;2025-12-09;7;4136
17;2025-12-09;8;5372
17;2025-12-09;9;3861
17;2025-12-09;10;3056
17;2025-12-09;11;3025
17;2025-12-09;12;3035
17;2025-12-09;13;3087
17;2025-12-09;14;3174
17;2025-12-09;15;3311
17;2025-12-09;16;3712
17;2025-12-09;17;4544
17;2025-12-09;18;4856
17;2025-12-09;19;3397
17;2025-12-09;20;2364
17;2025-12-09;21;1475
17;2025-12-09;22;744
17;2025-12-09;23;360
17;2025-12-10;0;117
17;2025-12-10;1;11
17;2025-12-10;2;0
17;2025-12-10;3;0
17;2025-12-10;4;26
17;2025-12-10;5;334
17;2025-12-10;6;1562
17;2025-12-10;7;4088
17;2025-12-10;8;5332
17;2025-12-10;9;3835
17;2025-12-10;10;3049
17;2025-12-10;11;3022
17;2025-12-10;12;3055
17;2025-12-10;13;3103
17;2025-12-10;14;3190
17;2025-12-10;15;3326
17;2025-12-10;16;3720
17;2025-12-10;17;4549
17;2025-12-10;18;4850
17;2025-12-10;19;3397
17;2025-12-10;20;2369
17;2025-12-10;21;1481
17;2025-12-10;22;763
17;2025-12-10;23;380
17;2025-12-11;0;121
17;2025-12-11;1;11
17;2025-12-11;2;0
17;2025-12-11;3;0
17;2025-12-11;4;25
17;2025-12-11;5;322
17;2025-12-11;6;1541
17;2025-12-11;7;4126
17;2025-12-11;8;5286
17;2025-12-11;9;3768
17;2025-12-11;10;3022
17;2025-12-11;11;3010
17;2025-12-11;12;3026
17;2025-12-11;13;3104
17;2025-12-11;14;3206
17;2025-12-11;15;3301
17;2025-12-11;16;3687
17;2025-12-11;17;4312
17;2025-12-11;18;4612
17;2025-12-11;19;3347
17;2025-12-11;20;2354
17;2025-12-11;21;1464
17;2025-12-11;22;760
17;2025-12-11;23;387
17;2025-12-12;0;142
17;2025-12-12;1;16
17;2025-12-12;2;0
17;2025-12-12;3;0
17;2025-12-12;4;24
17;2025-12-12;5;313
17;2025-12-12;6;1530
17;2025-12-12;7;4028
17;2025-12-12;8;5195
17;2025-12-12;9;3764
17;2025-12-12;10;2999
17;2025-12-12;11;3063
17;2025-12-12;12;2965
17;2025-12-12;13;3098
17;2025-12-12;14;3172
17;2025-12-12;15;3333
17;2025-12-12;16;3917
17;2025-12-12;17;4474
17;2025-12-12;18;4370
17;2025-12-12;19;3247
17;2025-12-12;20;2358
17;2025-12-12;21;1543
17;2025-12-12;22;780
17;2025-12-12;23;450
17;2025-12-13;0;190
17;2025-12-13;1;24
17;2025-12-13;2;0
17;2025-12-13;3;0
17;2025-12-13;4;5
17;2025-12-13;5;119
17;2025-12-13;6;566
17;2025-12-13;7;1260
17;2025-12-13;8;1686
17;2025-12-13;9;2138
17;2025-12-13;10;2429
17;2025-12-13;11;2850
17;2025-12-13;12;3136
17;2025-12-13;13;3354
17;2025-12-13;14;3375
17;2025-12-13;15;3419
17;2025-12-13;16;3453
17;2025-12-13;17;3250
17;2025-12-13;18;3027
17;2025-12-13;19;2413
17;2025-12-13;20;1839
17;2025-12-13;21;1275
17;2025-12-13;22;826
17;2025-12-13;23;426
17;2025-12-14;0;175
17;2025-12-14;1;23
17;2025-12-14;2;0
17;2025-12-14;3;0
17;2025-12-14;4;3
17;2025-12-14;5;74
17;2025-12-14;6;383
17;2025-12-14;7;781
17;2025-12-14;8;1181
17;2025-12-14;9;1660
17;2025-12-14;10;1930
17;2025-12-14;11;2485
17;2025-12-14;12;2832
17;2025-12-14;13;3050
17;2025-12-14;14;3149
17;2025-12-14;15;3123
17;2025-12-14;16;3058
17;2025-12-14;17;2945
17;2025-12-14;18;2617
17;2025-12-14;19;2105
17;2025-12-14;20;1590
17;2025-12-14;21;1138
17;2025-12-14;22;723
17;2025-12-14;23;329
17;2025-12-15;0;117
17;2025-12-15;1;13
17;2025-12-15;2;0
17;2025-12-15;3;0
17;2025-12-15;4;26
17;2025-12-15;5;310
17;2025-12-15;6;1559
17;2025-12-15;7;4164
17;2025-12-15;8;5391
17;2025-12-15;9;3844
17;2025-12-15;10;2969
17;2025-12-15;11;2863
17;2025-12-15;12;2900
17;2025-12-15;13;3005
17;2025-12-15;14;3019
17;2025-12-15;15;3244
17;2025-12-15;16;3690
17;2025-12-15;17;4367
17;2025-12-15;18;4729
17;2025-12-15;19;3317
17;2025-12-15;20;2281
17;2025-12-15;21;1419
17;2025-12-15;22;699
17;2025-12-15;23;334
17;2025-12-16;0;114
17;2025-12-16;1;11
17;2025-12-16;2;0
17;2025-12-16;3;0
17;2025-12-16;4;26
17;2025-12-16;5;332
17;2025-12-16;6;1540
17;2025-12-16;7;4133
17;2025-12-16;8;5366
17;2025-12-16;9;3854
17;2025-12-16;10;3024
17;2025-12-16;11;2978
17;2025-12-16;12;2969
17;2025-12-16;13;3003
17;2025-12-16;14;3155
17;2025-12-16;15;3315
17;2025-12-16;16;3717
17;2025-12-16;17;4547
17;2025-12-16;18;4858
17;2025-12-16;19;3396
17;2025-12-16;20;2362
17;2025-12-16;21;1472
17;2025-12-16;22;749
17;2025-12-16;23;360
17;2025-12-17;0;117
17;2025-12-17;1;11
17;2025-12-17;2;0
17;2025-12-17;3;0
17;2025-12-17;4;25
17;2025-12-17;5;323
17;2025-12-17;6;1542
17;2025-12-17;7;4130
17;2025-12-17;8;5366
17;2025-12-17;9;3854
17;2025-12-17;10;3070
17;2025-12-17;11;3042
17;2025-12-17;12;3054
17;2025-12-17;13;3103
17;2025-12-17;14;3192
17;2025-12-17;15;3328
17;2025-12-17;16;3722
17;2025-12-17;17;4551
17;2025-12-17;18;4853
17;2025-12-17;19;3396
17;2025-12-17;20;2369
17;2025-12-17;21;1480
17;2025-12-17;22;763
17;2025-12-17;23;380
17;2025-12-18;0;121
17;2025-12-18;1;11
17;2025-12-18;2;0
17;2025-12-18;3;0
17;2025-12-18;4;26
17;2025-12-18;5;321
17;2025-12-18;6;1540
17;2025-12-18;7;4126
17;2025-12-18;8;5345
17;2025-12-18;9;3855
17;2025-12-18;10;3075
17;2025-12-18;11;3048
17;2025-12-18;12;3064
17;2025-12-18;13;3116
17;2025-12-18;14;3205
17;2025-12-18;15;3340
17;2025-12-18;16;3734
17;2025-12-18;17;4553
17;2025-12-18;18;4853
17;2025-12-18;19;3393
17;2025-12-18;20;2369
17;2025-12-18;21;1482
17;2025-12-18;22;764
17;2025-12-18;23;384
17;2025-12-19;0;142
17;2025-12-19;1;16
17;2025-12-19;2;0
17;2025-12-19;3;0
17;2025-12-19;4;24
17;2025-12-19;5;311
17;2025-12-19;6;1514
17;2025-12-19;7;4023
17;2025-12-19;8;5193
17;2025-12-19;9;3761
17;2025-12-19;10;3021
17;2025-12-19;11;3063
17;2025-12-19;12;3037
17;2025-12-19;13;3189
17;2025-12-19;14;3267
17;2025-12-19;15;3500
17;2025-12-19;16;4071
17;2025-12-19;17;4576
17;2025-12-19;18;4322
17;2025-12-19;19;3243
17;2025-12-19;20;2353
17;2025-12-19;21;1536
17;2025-12-19;22;776
17;2025-12-19;23;452
17;2025-12-20;0;190
17;2025-12-20;1;25
17;2025-12-20;2;0
17;2025-12-20;3;0
17;2025-12-20;4;5
17;2025-12-20;5;126
17;2025-12-20;6;578
17;2025-12-20;7;1244
17;2025-12-20;8;1695
17;2025-12-20;9;2155
17;2025-12-20;10;2452
17;2025-12-20;11;2873
17;2025-12-20;12;3161
17;2025-12-20;13;3374
17;2025-12-20;14;3389
17;2025-12-20;15;3420
17;2025-12-20;16;3454
17;2025-12-20;17;3251
17;2025-12-20;18;3028
17;2025-12-20;19;2415
17;2025-12-20;20;1855
17;2025-12-20;21;1304
17;2025-12-20;22;822
17;2025-12-20;23;431
17;2025-12-21;0;175
17;2025-12-21;1;22
17;2025-12-21;2;0
17;2025-12-21;3;0
17;2025-12-21;4;3
17;2025-12-21;5;96
17;2025-12-21;6;394
17;2025-12-21;7;800
17;2025-12-21;8;1217
17;2025-12-21;9;1675
17;2025-12-21;10;1955
17;2025-12-21;11;2505
17;2025-12-21;12;2832
17;2025-12-21;13;3044
17;2025-12-21;14;3142
17;2025-12-21;15;3113
17;2025-12-21;16;3037
17;2025-12-21;17;2924
17;2025-12-21;18;2608
17;2025-12-21;19;2095
17;2025-12-21;20;1580
17;2025-12-21;21;1125
17;2025-12-21;22;703
17;2025-12-21;23;318
17;2025-12-22;0;117
17;2025-12-22;1;12
17;2025-12-22;2;0
17;2025-12-22;3;0
17;2025-12-22;4;26
17;2025-12-22;5;317
17;2025-12-22;6;1571
17;2025-12-22;7;4180
17;2025-12-22;8;5420
17;2025-12-22;9;3842
17;2025-12-22;10;2950
17;2025-12-22;11;2886
17;2025-12-22;12;2888
17;2025-12-22;13;3018
17;2025-12-22;14;3030
17;2025-12-22;15;3198
17;2025-12-22;16;3700
17;2025-12-22;17;4373
17;2025-12-22;18;4661
17;2025-12-22;19;3310
17;2025-12-22;20;2269
17;2025-12-22;21;1410
17;2025-12-22;22;684
17;2025-12-22;23;323
17;2025-12-23;0;114
17;2025-12-23;1;11
17;2025-12-23;2;0
17;2025-12-23;3;0
17;2025-12-23;4;26
17;2025-12-23;5;326
17;2025-12-23;6;1549
17;2025-12-23;7;4145
17;2025-12-23;8;5378
17;2025-12-23;9;3866
17;2025-12-23;10;3046
17;2025-12-23;11;3018
17;2025-12-23;12;3029
17;2025-12-23;13;3081
17;2025-12-23;14;3167
17;2025-12-23;15;3306
17;2025-12-23;16;3706
17;2025-12-23;17;4536
17;2025-12-23;18;4840
17;2025-12-23;19;3400
17;2025-12-23;20;2365
17;2025-12-23;21;1474
17;2025-12-23;22;749
17;2025-12-23;23;358
17;2025-12-24;0;117
17;2025-12-24;1;11
17;2025-12-24;2;0
17;2025-12-24;3;0
17;2025-12-24;4;25
17;2025-12-24;5;320
17;2025-12-24;6;1538
17;2025-12-24;7;4128
17;2025-12-24;8;5347
17;2025-12-24;9;3851
17;2025-12-24;10;3061
17;2025-12-24;11;3036
17;2025-12-24;12;3005
17;2025-12-24;13;3072
17;2025-12-24;14;3188
17;2025-12-24;15;3267
17;2025-12-24;16;3713
17;2025-12-24;17;4540
17;2025-12-24;18;4773
17;2025-12-24;19;3399
17;2025-12-24;20;2372
17;2025-12-24;21;1474
17;2025-12-24;22;756
17;2025-12-24;23;372
17;2025-12-25;0;121
17;2025-12-25;1;11
17;2025-12-25;2;0
17;2025-12-25;3;0
17;2025-12-25;4;26
17;2025-12-25;5;324
17;2025-12-25;6;1549
17;2025-12-25;7;4127
17;2025-12-25;8;5343
17;2025-12-25;9;3853
17;2025-12-25;10;3070
17;2025-12-25;11;3037
17;2025-12-25;12;3058
17;2025-12-25;13;3110
17;2025-12-25;14;3199
17;2025-12-25;15;3341
17;2025-12-25;16;3738
17;2025-12-25;17;4379
17;2025-12-25;18;4596
17;2025-12-25;19;3350
17;2025-12-25;20;2360
17;2025-12-25;21;1473
17;2025-12-25;22;751
17;2025-12-25;23;371
17;2025-12-26;0;139
17;2025-12-26;1;15
17;2025-12-26;2;0
17;2025-12-26;3;0
17;2025-12-26;4;24
17;2025-12-26;5;305
17;2025-12-26;6;1526
17;2025-12-26;7;3951
17;2025-12-26;8;5164
17;2025-12-26;9;3654
17;2025-12-26;10;2930
17;2025-12-26;11;2954
17;2025-12-26;12;2921
17;2025-12-26;13;3171
17;2025-12-26;14;3243
17;2025-12-26;15;3455
17;2025-12-26;16;4030
17;2025-12-26;17;4477
17;2025-12-26;18;4228
17;2025-12-26;19;3210
17;2025-12-26;20;2348
17;2025-12-26;21;1530
17;2025-12-26;22;772
17;2025-12-26;23;454
17;2025-12-27;0;190
17;2025-12-27;1;25
17;2025-12-27;2;0
17;2025-12-27;3;0
17;2025-12-27;4;5
17;2025-12-27;5;129
17;2025-12-27;6;578
17;2025-12-27;7;1244
17;2025-12-27;8;1696
17;2025-12-27;9;2142
17;2025-12-27;10;2455
17;2025-12-27;11;2877
17;2025-12-27;12;3155
17;2025-12-27;13;3368
17;2025-12-27;14;3383
17;2025-12-27;15;3410
17;2025-12-27;16;3444
17;2025-12-27;17;3257
17;2025-12-27;18;3026
17;2025-12-27;19;2423
17;2025-12-27;20;1862
17;2025-12-27;21;1289
17;2025-12-27;22;793
17;2025-12-27;23;428
17;2025-12-28;0;174
17;2025-12-28;1;22
17;2025-12-28;2;0
17;2025-12-28;3;0
17;2025-12-28;4;3
17;2025-12-28;5;87
17;2025-12-28;6;400
17;2025-12-28;7;748
17;2025-12-28;8;1157
17;2025-12-28;9;1545
17;2025-12-28;10;1880
17;2025-12-28;11;2288
17;2025-12-28;12;2689
17;2025-12-28;13;2869
17;2025-12-28;14;2965
17;2025-12-28;15;2934
17;2025-12-28;16;3046
17;2025-12-28;17;2932
17;2025-12-28;18;2608
17;2025-12-28;19;2093
17;2025-12-28;20;1563
17;2025-12-28;21;1109
17;2025-12-28;22;706
17;2025-12-28;23;324
17;2025-12-29;0;107
17;2025-12-29;1;12
17;2025-12-29;2;0
17;2025-12-29;3;0
17;2025-12-29;4;24
17;2025-12-29;5;290
17;2025-12-29;6;1445
17;2025-12-29;7;3838
17;2025-12-29;8;4938
17;2025-12-29;9;3519
17;2025-12-29;10;2715
17;2025-12-29;11;2656
17;2025-12-29;12;2654
17;2025-12-29;13;2760
17;2025-12-29;14;2771
17;2025-12-29;15;2942
17;2025-12-29;16;3390
17;2025-12-29;17;3997
17;2025-12-29;18;4209
17;2025-12-29;19;3033
17;2025-12-29;20;2103
17;2025-12-29;21;1305
17;2025-12-29;22;641
17;2025-12-29;23;298
17;2025-12-30;0;105
17;2025-12-30;1;11
17;2025-12-30;2;0
17;2025-12-30;3;0
17;2025-12-30;4;24
17;2025-12-30;5;290
17;2025-12-30;6;1421
17;2025-12-30;7;3777
17;2025-12-30;8;4877
17;2025-12-30;9;3470
17;2025-12-30;10;2751
17;2025-12-30;11;2705
17;2025-12-30;12;2727
17;2025-12-30;13;2782
17;2025-12-30;14;2886
17;2025-12-30;15;3005
17;2025-12-30;16;3385
17;2025-12-30;17;4020
17;2025-12-30;18;4419
17;2025-12-30;19;3093
17;2025-12-30;20;2170
17;2025-12-30;21;1349
17;2025-12-30;22;692
17;2025-12-30;23;325
17;2025-12-31;0;147
17;2025-12-31;1;21
17;2025-12-31;2;0
17;2025-12-31;3;0
17;2025-12-31;4;3
17;2025-12-31;5;46
17;2025-12-31;6;312
17;2025-12-31;7;645
17;2025-12-31;8;1035
17;2025-12-31;9;1308
17;2025-12-31;10;1530
17;2025-12-31;11;1980
17;2025-12-31;12;2381
17;2025-12-31;13;2428
17;2025-12-31;14;2508
17;2025-12-31;15;2498
17;2025-12-31;16;2621
17;2025-12-31;17;2573
17;2025-12-31;18;2209
17;2025-12-31;19;1796
17;2025-12-31;20;1424
17;2025-12-31;21;991
17;2025-12-31;22;615
17;2025-12-31;23;247
25;2025-11-01;0;1
25;2025-11-01;1;0
25;2025-11-01;2;0
25;2025-11-01;3;0
25;2025-11-01;4;0
25;2025-11-01;5;10
25;2025-11-01;6;201
25;2025-11-01;7;529
25;2025-11-01;8;827
25;2025-11-01;9;431
25;2025-11-01;10;374
25;2025-11-01;11;417
25;2025-11-01;12;409
25;2025-11-01;13;501
25;2025-11-01;14;461
25;2025-11-01;15;571
25;2025-11-01;16;726
25;2025-11-01;17;729
25;2025-11-01;18;656
25;2025-11-01;19;531
25;2025-11-01;20;308
25;2025-11-01;21;209
25;2025-11-01;22;106
25;2025-11-01;23;14
25;2025-11-02;0;9
25;2025-11-02;1;0
25;2025-11-02;2;0
25;2025-11-02;3;0
25;2025-11-02;4;0
25;2025-11-02;5;6
25;2025-11-02;6;71
25;2025-11-02;7;93
25;2025-11-02;8;179
25;2025-11-02;9;223
25;2025-11-02;10;227
25;2025-11-02;11;303
25;2025-11-02;12;365
25;2025-11-02;13;453
25;2025-11-02;14;518
25;2025-11-02;15;575
25;2025-11-02;16;507
25;2025-11-02;17;491
25;2025-11-02;18;423
25;2025-11-02;19;312
25;2025-11-02;20;233
25;2025-11-02;21;164
25;2025-11-02;22;99
25;2025-11-02;23;33
25;2025-11-03;0;9
25;2025-11-03;1;0
25;2025-11-03;2;0
25;2025-11-03;3;0
25;2025-11-03;4;0
25;2025-11-03;5;8
25;2025-11-03;6;73
25;2025-11-03;7;98
25;2025-11-03;8;172
25;2025-11-03;9;198
25;2025-11-03;10;196
25;2025-11-03;11;251
25;2025-11-03;12;310
25;2025-11-03;13;406
25;2025-11-03;14;448
25;2025-11-03;15;508
25;2025-11-03;16;477
25;2025-11-03;17;465
25;2025-11-03;18;407
25;2025-11-03;19;329
25;2025-11-03;20;259
25;2025-11-03;21;181
25;2025-11-03;22;112
25;2025-11-03;23;45
25;2025-11-04;0;9
25;2025-11-04;1;0
25;2025-11-04;2;0
25;2025-11-04;3;0
25;2025-11-04;4;0
25;2025-11-04;5;4
25;2025-11-04;6;68
25;2025-11-04;7;92
25;2025-11-04;8;179
25;2025-11-04;9;193
25;2025-11-04;10;186
25;2025-11-04;11;250
25;2025-11-04;12;300
25;2025-11-04;13;403
25;2025-11-04;14;487
25;2025-11-04;15;551
25;2025-11-04;16;485
25;2025-11-04;17;471
25;2025-11-04;18;417
25;2025-11-04;19;327
25;2025-11-04;20;257
25;2025-11-04;21;183
25;2025-11-04;22;110
25;2025-11-04;23;43
25;2025-11-05;0;1
25;2025-11-05;1;0
25;2025-11-05;2;0
25;2025-11-05;3;0
25;2025-11-05;4;0
25;2025-11-05;5;13
25;2025-11-05;6;213
25;2025-11-05;7;530
25;2025-11-05;8;888
25;2025-11-05;9;462
25;2025-11-05;10;383
25;2025-11-05;11;428
25;2025-11-05;12;425
25;2025-11-05;13;516
25;2025-11-05;14;489
25;2025-11-05;15;576
25;2025-11-05;16;678
25;2025-11-05;17;766
25;2025-11-05;18;780
25;2025-11-05;19;557
25;2025-11-05;20;325
25;2025-11-05;21;221
25;2025-11-05;22;100
25;2025-11-05;23;5
25;2025-11-06;0;1
25;2025-11-06;1;0
25;2025-11-06;2;0
25;2025-11-06;3;0
25;2025-11-06;4;0
25;2025-11-06;5;13
25;2025-11-06;6;214
25;2025-11-06;7;532
25;2025-11-06;8;892
25;2025-11-06;9;463
25;2025-11-06;10;386
25;2025-11-06;11;420
25;2025-11-06;12;426
25;2025-11-06;13;516
25;2025-11-06;14;488
25;2025-11-06;15;575
25;2025-11-06;16;680
25;2025-11-06;17;770
25;2025-11-06;18;781
25;2025-11-06;19;558
25;2025-11-06;20;327
25;2025-11-06;21;224
25;2025-11-06;22;103
25;2025-11-06;23;8
25;2025-11-07;0;1
25;2025-11-07;1;0
25;2025-11-07;2;0
25;2025-11-07;3;0
25;2025-11-07;4;0
25;2025-11-07;5;15
25;2025-11-07;6;223
25;2025-11-07;7;574
25;2025-11-07;8;901
25;2025-11-07;9;463
25;2025-11-07;10;399
25;2025-11-07;11;451
25;2025-11-07;12;441
25;2025-11-07;13;544
25;2025-11-07;14;500
25;2025-11-07;15;624
25;2025-11-07;16;792
25;2025-11-07;17;793
25;2025-11-07;18;719
25;2025-11-07;19;579
25;2025-11-07;20;335
25;2025-11-07;21;226
25;2025-11-07;22;116
25;2025-11-07;23;13
25;2025-11-08;0;1
25;2025-11-08;1;0
25;2025-11-08;2;0
25;2025-11-08;3;0
25;2025-11-08;4;0
25;2025-11-08;5;11
25;2025-11-08;6;95
25;2025-11-08;7;139
25;2025-11-08;8;300
25;2025-11-08;9;271
25;2025-11-08;10;292
25;2025-11-08;11;363
25;2025-11-08;12;402
25;2025-11-08;13;591
25;2025-11-08;14;598
25;2025-11-08;15;673
25;2025-11-08;16;620
25;2025-11-08;17;551
25;2025-11-08;18;505
25;2025-11-08;19;429
25;2025-11-08;20;262
25;2025-11-08;21;199
25;2025-11-08;22;120
25;2025-11-08;23;43
25;2025-11-09;0;9
25;2025-11-09;1;0
25;2025-11-09;2;0
25;2025-11-09;3;0
25;2025-11-09;4;0
25;2025-11-09;5;4
25;2025-11-09;6;70
25;2025-11-09;7;96
25;2025-11-09;8;189
25;2025-11-09;9;223
25;2025-11-09;10;225
25;2025-11-09;11;300
25;2025-11-09;12;370
25;2025-11-09;13;479
25;2025-11-09;14;516
25;2025-11-09;15;573
25;2025-11-09;16;507
25;2025-11-09;17;492
25;2025-11-09;18;425
25;2025-11-09;19;302
25;2025-11-09;20;232
25;2025-11-09;21;162
25;2025-11-09;22;97
25;2025-11-09;23;34
25;2025-11-10;0;5
25;2025-11-10;1;0
25;2025-11-10;2;0
25;2025-11-10;3;0
25;2025-11-10;4;0
25;2025-11-10;5;16
25;2025-11-10;6;209
25;2025-11-10;7;526
25;2025-11-10;8;939
25;2025-11-10;9;486
25;2025-11-10;10;333
25;2025-11-10;11;371
25;2025-11-10;12;372
25;2025-11-10;13;481
25;2025-11-10;14;443
25;2025-11-10;15;491
25;2025-11-10;16;635
25;2025-11-10;17;704
25;2025-11-10;18;735
25;2025-11-10;19;515
25;2025-11-10;20;298
25;2025-11-10;21;189
25;2025-11-10;22;92
25;2025-11-10;23;5
25;2025-11-11;0;1
25;2025-11-11;1;0
25;2025-11-11;2;0
25;2025-11-11;3;0
25;2025-11-11;4;0
25;2025-11-11;5;12
25;2025-11-11;6;213
25;2025-11-11;7;528
25;2025-11-11;8;887
25;2025-11-11;9;447
25;2025-11-11;10;365
25;2025-11-11;11;421
25;2025-11-11;12;420
25;2025-11-11;13;508
25;2025-11-11;14;476
25;2025-11-11;15;565
25;2025-11-11;16;670
25;2025-11-11;17;756
25;2025-11-11;18;777
25;2025-11-11;19;542
25;2025-11-11;20;316
25;2025-11-11;21;214
25;2025-11-11;22;98
25;2025-11-11;23;5
25;2025-11-12;0;1
25;2025-11-12;1;0
25;2025-11-12;2;0
25;2025-11-12;3;0
25;2025-11-12;4;0
25;2025-11-12;5;11
25;2025-11-12;6;212
25;2025-11-12;7;527
25;2025-11-12;8;886
25;2025-11-12;9;447
25;2025-11-12;10;363
25;2025-11-12;11;405
25;2025-11-12;12;416
25;2025-11-12;13;500
25;2025-11-12;14;476
25;2025-11-12;15;566
25;2025-11-12;16;672
25;2025-11-12;17;760
25;2025-11-12;18;775
25;2025-11-12;19;543
25;2025-11-12;20;317
25;2025-11-12;21;217
25;2025-11-12;22;97
25;2025-11-12;23;5
25;2025-11-13;0;1
25;2025-11-13;1;0
25;2025-11-13;2;0
25;2025-11-13;3;0
25;2025-11-13;4;0
25;2025-11-13;5;12
25;2025-11-13;6;212
25;2025-11-13;7;528
25;2025-11-13;8;889
25;2025-11-13;9;462
25;2025-11-13;10;383
25;2025-11-13;11;425
25;2025-11-13;12;423
25;2025-11-13;13;513
25;2025-11-13;14;480
25;2025-11-13;15;572
25;2025-11-13;16;677
25;2025-11-13;17;765
25;2025-11-13;18;779
25;2025-11-13;19;556
25;2025-11-13;20;325
25;2025-11-13;21;221
25;2025-11-13;22;101
25;2025-11-13;23;7
25;2025-11-14;0;1
25;2025-11-14;1;0
25;2025-11-14;2;0
25;2025-11-14;3;0
25;2025-11-14;4;0
25;2025-11-14;5;12
25;2025-11-14;6;221
25;2025-11-14;7;571
25;2025-11-14;8;894
25;2025-11-14;9;463
25;2025-11-14;10;404
25;2025-11-14;11;451
25;2025-11-14;12;441
25;2025-11-14;13;541
25;2025-11-14;14;496
25;2025-11-14;15;620
25;2025-11-14;16;788
25;2025-11-14;17;789
25;2025-11-14;18;708
25;2025-11-14;19;577
25;2025-11-14;20;329
25;2025-11-14;21;222
25;2025-11-14;22;114
25;2025-11-14;23;13
25;2025-11-15;0;1
25;2025-11-15;1;0
25;2025-11-15;2;0
25;2025-11-15;3;0
25;2025-11-15;4;0
25;2025-11-15;5;14
25;2025-11-15;6;89
25;2025-11-15;7;134
25;2025-11-15;8;298
25;2025-11-15;9;256
25;2025-11-15;10;258
25;2025-11-15;11;322
25;2025-11-15;12;362
25;2025-11-15;13;527
25;2025-11-15;14;556
25;2025-11-15;15;629
25;2025-11-15;16;575
25;2025-11-15;17;504
25;2025-11-15;18;448
25;2025-11-15;19;383
25;2025-11-15;20;241
25;2025-11-15;21;185
25;2025-11-15;22;112
25;2025-11-15;23;44
25;2025-11-16;0;10
25;2025-11-16;1;0
25;2025-11-16;2;0
25;2025-11-16;3;0
25;2025-11-16;4;0
25;2025-11-16;5;4
25;2025-11-16;6;69
25;2025-11-16;7;87
25;2025-11-16;8;153
25;2025-11-16;9;198
25;2025-11-16;10;203
25;2025-11-16;11;270
25;2025-11-16;12;328
25;2025-11-16;13;422
25;2025-11-16;14;461
25;2025-11-16;15;513
25;2025-11-16;16;457
25;2025-11-16;17;441
25;2025-11-16;18;367
25;2025-11-16;19;270
25;2025-11-16;20;211
25;2025-11-16;21;149
25;2025-11-16;22;91
25;2025-11-16;23;36
25;2025-11-17;0;6
25;2025-11-17;1;0
25;2025-11-17;2;0
25;2025-11-17;3;0
25;2025-11-17;4;0
25;2025-11-17;5;15
25;2025-11-17;6;208
25;2025-11-17;7;523
25;2025-11-17;8;935
25;2025-11-17;9;478
25;2025-11-17;10;339
25;2025-11-17;11;375
25;2025-11-17;12;378
25;2025-11-17;13;471
25;2025-11-17;14;432
25;2025-11-17;15;479
25;2025-11-17;16;625
25;2025-11-17;17;694
25;2025-11-17;18;729
25;2025-11-17;19;508
25;2025-11-17;20;294
25;2025-11-17;21;189
25;2025-11-17;22;91
25;2025-11-17;23;5
25;2025-11-18;0;1
25;2025-11-18;1;0
25;2025-11-18;2;0
25;2025-11-18;3;0
25;2025-11-18;4;0
25;2025-11-18;5;10
25;2025-11-18;6;219
25;2025-11-18;7;536
25;2025-11-18;8;911
25;2025-11-18;9;454
25;2025-11-18;10;357
25;2025-11-18;11;411
25;2025-11-18;12;412
25;2025-11-18;13;496
25;2025-11-18;14;470
25;2025-11-18;15;561
25;2025-11-18;16;673
25;2025-11-18;17;744
25;2025-11-18;18;752
25;2025-11-18;19;530
25;2025-11-18;20;305
25;2025-11-18;21;208
25;2025-11-18;22;93
25;2025-11-18;23;4
25;2025-11-19;0;1
25;2025-11-19;1;0
25;2025-11-19;2;0
25;2025-11-19;3;0
25;2025-11-19;4;0
25;2025-11-19;5;11
25;2025-11-19;6;211
25;2025-11-19;7;526
25;2025-11-19;8;888
25;2025-11-19;9;447
25;2025-11-19;10;361
25;2025-11-19;11;401
25;2025-11-19;12;398
25;2025-11-19;13;480
25;2025-11-19;14;449
25;2025-11-19;15;540
25;2025-11-19;16;647
25;2025-11-19;17;735
25;2025-11-19;18;754
25;2025-11-19;19;532
25;2025-11-19;20;310
25;2025-11-19;21;211
25;2025-11-19;22;95
25;2025-11-19;23;4
25;2025-11-20;0;1
25;2025-11-20;1;0
25;2025-11-20;2;0
25;2025-11-20;3;0
25;2025-11-20;4;0
25;2025-11-20;5;10
25;2025-11-20;6;210
25;2025-11-20;7;524
25;2025-11-20;8;883
25;2025-11-20;9;445
25;2025-11-20;10;360
25;2025-11-20;11;400
25;2025-11-20;12;397
25;2025-11-20;13;479
25;2025-11-20;14;449
25;2025-11-20;15;540
25;2025-11-20;16;647
25;2025-11-20;17;734
25;2025-11-20;18;754
25;2025-11-20;19;528
25;2025-11-20;20;309
25;2025-11-20;21;210
25;2025-11-20;22;95
25;2025-11-20;23;6
25;2025-11-21;0;1
25;2025-11-21;1;0
25;2025-11-21;2;0
25;2025-11-21;3;0
25;2025-11-21;4;0
25;2025-11-21;5;19
25;2025-11-21;6;224
25;2025-11-21;7;565
25;2025-11-21;8;886
25;2025-11-21;9;443
25;2025-11-21;10;380
25;2025-11-21;11;427
25;2025-11-21;12;402
25;2025-11-21;13;507
25;2025-11-21;14;464
25;2025-11-21;15;587
25;2025-11-21;16;759
25;2025-11-21;17;760
25;2025-11-21;18;683
25;2025-11-21;19;552
25;2025-11-21;20;317
25;2025-11-21;21;215
25;2025-11-21;22;110
25;2025-11-21;23;13
25;2025-11-22;0;1
25;2025-11-22;1;0
25;2025-11-22;2;0
25;2025-11-22;3;0
25;2025-11-22;4;0
25;2025-11-22;5;13
25;2025-11-22;6;94
25;2025-11-22;7;134
25;2025-11-22;8;293
25;2025-11-22;9;251
25;2025-11-22;10;274
25;2025-11-22;11;342
25;2025-11-22;12;381
25;2025-11-22;13;553
25;2025-11-22;14;556
25;2025-11-22;15;630
25;2025-11-22;16;575
25;2025-11-22;17;504
25;2025-11-22;18;452
25;2025-11-22;19;383
25;2025-11-22;20;242
25;2025-11-22;21;182
25;2025-11-22;22;107
25;2025-11-22;23;43
25;2025-11-23;0;10
25;2025-11-23;1;0
25;2025-11-23;2;0
25;2025-11-23;3;0
25;2025-11-23;4;0
25;2025-11-23;5;4
25;2025-11-23;6;70
25;2025-11-23;7;88
25;2025-11-23;8;173
25;2025-11-23;9;201
25;2025-11-23;10;207
25;2025-11-23;11;273
25;2025-11-23;12;335
25;2025-11-23;13;430
25;2025-11-23;14;465
25;2025-11-23;15;521
25;2025-11-23;16;455
25;2025-11-23;17;436
25;2025-11-23;18;363
25;2025-11-23;19;269
25;2025-11-23;20;213
25;2025-11-23;21;148
25;2025-11-23;22;91
25;2025-11-23;23;34
25;2025-11-24;0;5
25;2025-11-24;1;0
25;2025-11-24;2;0
25;2025-11-24;3;0
25;2025-11-24;4;0
25;2025-11-24;5;14
25;2025-11-24;6;210
25;2025-11-24;7;530
25;2025-11-24;8;936
25;2025-11-24;9;486
25;2025-11-24;10;333
25;2025-11-24;11;377
25;2025-11-24;12;387
25;2025-11-24;13;498
25;2025-11-24;14;448
25;2025-11-24;15;500
25;2025-11-24;16;645
25;2025-11-24;17;698
25;2025-11-24;18;729
25;2025-11-24;19;513
25;2025-11-24;20;293
25;2025-11-24;21;186
25;2025-11-24;22;91
25;2025-11-24;23;4
25;2025-11-25;0;1
25;2025-11-25;1;0
25;2025-11-25;2;0
25;2025-11-25;3;0
25;2025-11-25;4;0
25;2025-11-25;5;12
25;2025-11-25;6;212
25;2025-11-25;7;528
25;2025-11-25;8;886
25;2025-11-25;9;447
25;2025-11-25;10;360
25;2025-11-25;11;400
25;2025-11-25;12;396
25;2025-11-25;13;478
25;2025-11-25;14;445
25;2025-11-25;15;537
25;2025-11-25;16;645
25;2025-11-25;17;733
25;2025-11-25;18;754
25;2025-11-25;19;531
25;2025-11-25;20;309
25;2025-11-25;21;210
25;2025-11-25;22;94
25;2025-11-25;23;4
25;2025-11-26;0;1
25;2025-11-26;1;0
25;2025-11-26;2;0
25;2025-11-26;3;0
25;2025-11-26;4;0
25;2025-11-26;5;16
25;2025-11-26;6;218
25;2025-11-26;7;538
25;2025-11-26;8;923
25;2025-11-26;9;452
25;2025-11-26;10;356
25;2025-11-26;11;402
25;2025-11-26;12;396
25;2025-11-26;13;481
25;2025-11-26;14;447
25;2025-11-26;15;540
25;2025-11-26;16;634
25;2025-11-26;17;726
25;2025-11-26;18;751
25;2025-11-26;19;530
25;2025-11-26;20;306
25;2025-11-26;21;207
25;2025-11-26;22;91
25;2025-11-26;23;3
25;2025-11-27;0;1
25;2025-11-27;1;0
25;2025-11-27;2;0
25;2025-11-27;3;0
25;2025-11-27;4;0
25;2025-11-27;5;12
25;2025-11-27;6;213
25;2025-11-27;7;528
25;2025-11-27;8;884
25;2025-11-27;9;462
25;2025-11-27;10;382
25;2025-11-27;11;417
25;2025-11-27;12;415
25;2025-11-27;13;501
25;2025-11-27;14;472
25;2025-11-27;15;570
25;2025-11-27;16;675
25;2025-11-27;17;759
25;2025-11-27;18;770
25;2025-11-27;19;550
25;2025-11-27;20;319
25;2025-11-27;21;217
25;2025-11-27;22;99
25;2025-11-27;23;7
25;2025-11-28;0;1
25;2025-11-28;1;0
25;2025-11-28;2;0
25;2025-11-28;3;0
25;2025-11-28;4;0
25;2025-11-28;5;14
25;2025-11-28;6;221
25;2025-11-28;7;571
25;2025-11-28;8;884
25;2025-11-28;9;443
25;2025-11-28;10;376
25;2025-11-28;11;423
25;2025-11-28;12;409
25;2025-11-28;13;509
25;2025-11-28;14;466
25;2025-11-28;15;593
25;2025-11-28;16;760
25;2025-11-28;17;761
25;2025-11-28;18;681
25;2025-11-28;19;550
25;2025-11-28;20;313
25;2025-11-28;21;212
25;2025-11-28;22;110
25;2025-11-28;23;12
25;2025-11-29;0;1
25;2025-11-29;1;0
25;2025-11-29;2;0
25;2025-11-29;3;0
25;2025-11-29;4;0
25;2025-11-29;5;10
25;2025-11-29;6;94
25;2025-11-29;7;132
25;2025-11-29;8;283
25;2025-11-29;9;251
25;2025-11-29;10;276
25;2025-11-29;11;343
25;2025-11-29;12;382
25;2025-11-29;13;554
25;2025-11-29;14;555
25;2025-11-29;15;630
25;2025-11-29;16;575
25;2025-11-29;17;503
25;2025-11-29;18;448
25;2025-11-29;19;384
25;2025-11-29;20;243
25;2025-11-29;21;187
25;2025-11-29;22;112
25;2025-11-29;23;44
25;2025-11-30;0;10
25;2025-11-30;1;0
25;2025-11-30;2;0
25;2025-11-30;3;0
25;2025-11-30;4;0
25;2025-11-30;5;5
25;2025-11-30;6;70
25;2025-11-30;7;89
25;2025-11-30;8;173
25;2025-11-30;9;202
25;2025-11-30;10;206
25;2025-11-30;11;273
25;2025-11-30;12;335
25;2025-11-30;13;430
25;2025-11-30;14;467
25;2025-11-30;15;524
25;2025-11-30;16;459
25;2025-11-30;17;444
25;2025-11-30;18;380
25;2025-11-30;19;279
25;2025-11-30;20;220
25;2025-11-30;21;159
25;2025-11-30;22;95
25;2025-11-30;23;35
25;2025-12-01;0;5
25;2025-12-01;1;0
25;2025-12-01;2;0
25;2025-12-01;3;0
25;2025-12-01;4;0
25;2025-12-01;5;13
25;2025-12-01;6;207
25;2025-12-01;7;523
25;2025-12-01;8;937
25;2025-12-01;9;484
25;2025-12-01;10;334
25;2025-12-01;11;374
25;2025-12-01;12;377
25;2025-12-01;13;480
25;2025-12-01;14;431
25;2025-12-01;15;481
25;2025-12-01;16;628
25;2025-12-01;17;697
25;2025-12-01;18;730
25;2025-12-01;19;510
25;2025-12-01;20;292
25;2025-12-01;21;184
25;2025-12-01;22;88
25;2025-12-01;23;4
25;2025-12-02;0;1
25;2025-12-02;1;0
25;2025-12-02;2;0
25;2025-12-02;3;0
25;2025-12-02;4;0
25;2025-12-02;5;11
25;2025-12-02;6;212
25;2025-12-02;7;528
25;2025-12-02;8;886
25;2025-12-02;9;447
25;2025-12-02;10;360
25;2025-12-02;11;399
25;2025-12-02;12;396
25;2025-12-02;13;478
25;2025-12-02;14;446
25;2025-12-02;15;537
25;2025-12-02;16;645
25;2025-12-02;17;733
25;2025-12-02;18;754
25;2025-12-02;19;531
25;2025-12-02;20;309
25;2025-12-02;21;210
25;2025-12-02;22;94
25;2025-12-02;23;4
25;2025-12-03;0;1
25;2025-12-03;1;0
25;2025-12-03;2;0
25;2025-12-03;3;0
25;2025-12-03;4;0
25;2025-12-03;5;11
25;2025-12-03;6;211
25;2025-12-03;7;526
25;2025-12-03;8;888
25;2025-12-03;9;447
25;2025-12-03;10;360
25;2025-12-03;11;399
25;2025-12-03;12;397
25;2025-12-03;13;480
25;2025-12-03;14;449
25;2025-12-03;15;540
25;2025-12-03;16;647
25;2025-12-03;17;736
25;2025-12-03;18;755
25;2025-12-03;19;532
25;2025-12-03;20;309
25;2025-12-03;21;211
25;2025-12-03;22;94
25;2025-12-03;23;4
25;2025-12-04;0;1
25;2025-12-04;1;0
25;2025-12-04;2;0
25;2025-12-04;3;0
25;2025-12-04;4;0
25;2025-12-04;5;10
25;2025-12-04;6;210
25;2025-12-04;7;524
25;2025-12-04;8;885
25;2025-12-04;9;445
25;2025-12-04;10;358
25;2025-12-04;11;399
25;2025-12-04;12;397
25;2025-12-04;13;482
25;2025-12-04;14;451
25;2025-12-04;15;544
25;2025-12-04;16;650
25;2025-12-04;17;738
25;2025-12-04;18;758
25;2025-12-04;19;534
25;2025-12-04;20;310
25;2025-12-04;21;215
25;2025-12-04;22;98
25;2025-12-04;23;6
25;2025-12-05;0;1
25;2025-12-05;1;0
25;2025-12-05;2;0
25;2025-12-05;3;0
25;2025-12-05;4;0
25;2025-12-05;5;10
25;2025-12-05;6;218
25;2025-12-05;7;563
25;2025-12-05;8;885
25;2025-12-05;9;442
25;2025-12-05;10;378
25;2025-12-05;11;426
25;2025-12-05;12;413
25;2025-12-05;13;508
25;2025-12-05;14;465
25;2025-12-05;15;588
25;2025-12-05;16;759
25;2025-12-05;17;761
25;2025-12-05;18;681
25;2025-12-05;19;550
25;2025-12-05;20;313
25;2025-12-05;21;212
25;2025-12-05;22;110
25;2025-12-05;23;12
25;2025-12-06;0;1
25;2025-12-06;1;0
25;2025-12-06;2;0
25;2025-12-06;3;0
25;2025-12-06;4;0
25;2025-12-06;5;10
25;2025-12-06;6;93
25;2025-12-06;7;132
25;2025-12-06;8;283
25;2025-12-06;9;251
25;2025-12-06;10;276
25;2025-12-06;11;343
25;2025-12-06;12;390
25;2025-12-06;13;566
25;2025-12-06;14;568
25;2025-12-06;15;640
25;2025-12-06;16;586
25;2025-12-06;17;508
25;2025-12-06;18;460
25;2025-12-06;19;385
25;2025-12-06;20;244
25;2025-12-06;21;192
25;2025-12-06;22;113
25;2025-12-06;23;43
25;2025-12-07;0;10
25;2025-12-07;1;0
25;2025-12-07;2;0
25;2025-12-07;3;0
25;2025-12-07;4;0
25;2025-12-07;5;5
25;2025-12-07;6;70
25;2025-12-07;7;89
25;2025-12-07;8;172
25;2025-12-07;9;201
25;2025-12-07;10;207
25;2025-12-07;11;273
25;2025-12-07;12;335
25;2025-12-07;13;430
25;2025-12-07;14;465
25;2025-12-07;15;521
25;2025-12-07;16;454
25;2025-12-07;17;439
25;2025-12-07;18;367
25;2025-12-07;19;275
25;2025-12-07;20;214
25;2025-12-07;21;151
25;2025-12-07;22;92
25;2025-12-07;23;35
25;2025-12-08;0;5
25;2025-12-08;1;0
25;2025-12-08;2;0
25;2025-12-08;3;0
25;2025-12-08;4;0
25;2025-12-08;5;13
25;2025-12-08;6;207
25;2025-12-08;7;523
25;2025-12-08;8;937
25;2025-12-08;9;483
25;2025-12-08;10;332
25;2025-12-08;11;372
25;2025-12-08;12;377
25;2025-12-08;13;478
25;2025-12-08;14;433
25;2025-12-08;15;481
25;2025-12-08;16;628
25;2025-12-08;17;697
25;2025-12-08;18;730
25;2025-12-08;19;510
25;2025-12-08;20;292
25;2025-12-08;21;184
25;2025-12-08;22;88
25;2025-12-08;23;4
25;2025-12-09;0;1
25;2025-12-09;1;0
25;2025-12-09;2;0
25;2025-12-09;3;0
25;2025-12-09;4;0
25;2025-12-09;5;11
25;2025-12-09;6;212
25;2025-12-09;7;527
25;2025-12-09;8;887
25;2025-12-09;9;449
25;2025-12-09;10;361
25;2025-12-09;11;400
25;2025-12-09;12;396
25;2025-12-09;13;478
25;2025-12-09;14;445
25;2025-12-09;15;537
25;2025-12-09;16;644
25;2025-12-09;17;732
25;2025-12-09;18;753
25;2025-12-09;19;532
25;2025-12-09;20;309
25;2025-12-09;21;211
25;2025-12-09;22;91
25;2025-12-09;23;3
25;2025-12-10;0;1
25;2025-12-10;1;0
25;2025-12-10;2;0
25;2025-12-10;3;0
25;2025-12-10;4;0
25;2025-12-10;5;29
25;2025-12-10;6;231
25;2025-12-10;7;544
25;2025-12-10;8;895
25;2025-12-10;9;455
25;2025-12-10;10;370
25;2025-12-10;11;405
25;2025-12-10;12;398
25;2025-12-10;13;480
25;2025-12-10;14;448
25;2025-12-10;15;539
25;2025-12-10;16;646
25;2025-12-10;17;735
25;2025-12-10;18;754
25;2025-12-10;19;532
25;2025-12-10;20;310
25;2025-12-10;21;211
25;2025-12-10;22;95
25;2025-12-10;23;4
25;2025-12-11;0;1
25;2025-12-11;1;0
25;2025-12-11;2;0
25;2025-12-11;3;0
25;2025-12-11;4;0
25;2025-12-11;5;10
25;2025-12-11;6;210
25;2025-12-11;7;524
25;2025-12-11;8;893
25;2025-12-11;9;435
25;2025-12-11;10;352
25;2025-12-11;11;393
25;2025-12-11;12;391
25;2025-12-11;13;478
25;2025-12-11;14;450
25;2025-12-11;15;544
25;2025-12-11;16;646
25;2025-12-11;17;733
25;2025-12-11;18;750
25;2025-12-11;19;539
25;2025-12-11;20;316
25;2025-12-11;21;213
25;2025-12-11;22;97
25;2025-12-11;23;6
25;2025-12-12;0;1
25;2025-12-12;1;0
25;2025-12-12;2;0
25;2025-12-12;3;0
25;2025-12-12;4;0
25;2025-12-12;5;12
25;2025-12-12;6;218
25;2025-12-12;7;567
25;2025-12-12;8;885
25;2025-12-12;9;462
25;2025-12-12;10;384
25;2025-12-12;11;436
25;2025-12-12;12;413
25;2025-12-12;13;490
25;2025-12-12;14;458
25;2025-12-12;15;566
25;2025-12-12;16;735
25;2025-12-12;17;752
25;2025-12-12;18;682
25;2025-12-12;19;553
25;2025-12-12;20;319
25;2025-12-12;21;218
25;2025-12-12;22;111
25;2025-12-12;23;12
25;2025-12-13;0;1
25;2025-12-13;1;0
25;2025-12-13;2;0
25;2025-12-13;3;0
25;2025-12-13;4;0
25;2025-12-13;5;10
25;2025-12-13;6;90
25;2025-12-13;7;127
25;2025-12-13;8;277
25;2025-12-13;9;245
25;2025-12-13;10;268
25;2025-12-13;11;335
25;2025-12-13;12;366
25;2025-12-13;13;539
25;2025-12-13;14;551
25;2025-12-13;15;630
25;2025-12-13;16;576
25;2025-12-13;17;504
25;2025-12-13;18;457
25;2025-12-13;19;380
25;2025-12-13;20;237
25;2025-12-13;21;182
25;2025-12-13;22;114
25;2025-12-13;23;43
25;2025-12-14;0;10
25;2025-12-14;1;0
25;2025-12-14;2;0
25;2025-12-14;3;0
25;2025-12-14;4;0
25;2025-12-14;5;4
25;2025-12-14;6;54
25;2025-12-14;7;72
25;2025-12-14;8;148
25;2025-12-14;9;193
25;2025-12-14;10;198
25;2025-12-14;11;270
25;2025-12-14;12;328
25;2025-12-14;13;424
25;2025-12-14;14;464
25;2025-12-14;15;523
25;2025-12-14;16;460
25;2025-12-14;17;445
25;2025-12-14;18;375
25;2025-12-14;19;282
25;2025-12-14;20;218
25;2025-12-14;21;155
25;2025-12-14;22;92
25;2025-12-14;23;34
25;2025-12-15;0;6
25;2025-12-15;1;0
25;2025-12-15;2;0
25;2025-12-15;3;0
25;2025-12-15;4;0
25;2025-12-15;5;12
25;2025-12-15;6;197
25;2025-12-15;7;515
25;2025-12-15;8;928
25;2025-12-15;9;477
25;2025-12-15;10;324
25;2025-12-15;11;356
25;2025-12-15;12;373
25;2025-12-15;13;481
25;2025-12-15;14;437
25;2025-12-15;15;492
25;2025-12-15;16;634
25;2025-12-15;17;707
25;2025-12-15;18;744
25;2025-12-15;19;526
25;2025-12-15;20;301
25;2025-12-15;21;192
25;2025-12-15;22;95
25;2025-12-15;23;11
25;2025-12-16;0;1
25;2025-12-16;1;0
25;2025-12-16;2;0
25;2025-12-16;3;0
25;2025-12-16;4;0
25;2025-12-16;5;15
25;2025-12-16;6;212
25;2025-12-16;7;529
25;2025-12-16;8;885
25;2025-12-16;9;446
25;2025-12-16;10;362
25;2025-12-16;11;402
25;2025-12-16;12;400
25;2025-12-16;13;458
25;2025-12-16;14;443
25;2025-12-16;15;537
25;2025-12-16;16;645
25;2025-12-16;17;733
25;2025-12-16;18;754
25;2025-12-16;19;531
25;2025-12-16;20;308
25;2025-12-16;21;208
25;2025-12-16;22;93
25;2025-12-16;23;4
25;2025-12-17;0;1
25;2025-12-17;1;0
25;2025-12-17;2;0
25;2025-12-17;3;0
25;2025-12-17;4;0
25;2025-12-17;5;11
25;2025-12-17;6;211
25;2025-12-17;7;526
25;2025-12-17;8;888
25;2025-12-17;9;447
25;2025-12-17;10;360
25;2025-12-17;11;399
25;2025-12-17;12;397
25;2025-12-17;13;480
25;2025-12-17;14;449
25;2025-12-17;15;540
25;2025-12-17;16;647
25;2025-12-17;17;736
25;2025-12-17;18;755
25;2025-12-17;19;532
25;2025-12-17;20;309
25;2025-12-17;21;211
25;2025-12-17;22;94
25;2025-12-17;23;4
25;2025-12-18;0;1
25;2025-12-18;1;0
25;2025-12-18;2;0
25;2025-12-18;3;0
25;2025-12-18;4;0
25;2025-12-18;5;10
25;2025-12-18;6;210
25;2025-12-18;7;524
25;2025-12-18;8;883
25;2025-12-18;9;445
25;2025-12-18;10;360
25;2025-12-18;11;400
25;2025-12-18;12;397
25;2025-12-18;13;479
25;2025-12-18;14;448
25;2025-12-18;15;539
25;2025-12-18;16;647
25;2025-12-18;17;735
25;2025-12-18;18;755
25;2025-12-18;19;532
25;2025-12-18;20;308
25;2025-12-18;21;209
25;2025-12-18;22;95
25;2025-12-18;23;5
25;2025-12-19;0;1
25;2025-12-19;1;0
25;2025-12-19;2;0
25;2025-12-19;3;0
25;2025-12-19;4;0
25;2025-12-19;5;10
25;2025-12-19;6;218
25;2025-12-19;7;563
25;2025-12-19;8;885
25;2025-12-19;9;443
25;2025-12-19;10;381
25;2025-12-19;11;428
25;2025-12-19;12;414
25;2025-12-19;13;508
25;2025-12-19;14;464
25;2025-12-19;15;587
25;2025-12-19;16;758
25;2025-12-19;17;762
25;2025-12-19;18;685
25;2025-12-19;19;550
25;2025-12-19;20;317
25;2025-12-19;21;215
25;2025-12-19;22;111
25;2025-12-19;23;14
25;2025-12-20;0;1
25;2025-12-20;1;0
25;2025-12-20;2;0
25;2025-12-20;3;0
25;2025-12-20;4;0
25;2025-12-20;5;11
25;2025-12-20;6;94
25;2025-12-20;7;132
25;2025-12-20;8;283
25;2025-12-20;9;251
25;2025-12-20;10;275
25;2025-12-20;11;344
25;2025-12-20;12;382
25;2025-12-20;13;554
25;2025-12-20;14;555
25;2025-12-20;15;630
25;2025-12-20;16;575
25;2025-12-20;17;504
25;2025-12-20;18;448
25;2025-12-20;19;380
25;2025-12-20;20;241
25;2025-12-20;21;187
25;2025-12-20;22;112
25;2025-12-20;23;45
25;2025-12-21;0;10
25;2025-12-21;1;0
25;2025-12-21;2;0
25;2025-12-21;3;0
25;2025-12-21;4;0
25;2025-12-21;5;5
25;2025-12-21;6;66
25;2025-12-21;7;93
25;2025-12-21;8;174
25;2025-12-21;9;202
25;2025-12-21;10;207
25;2025-12-21;11;273
25;2025-12-21;12;335
25;2025-12-21;13;430
25;2025-12-21;14;464
25;2025-12-21;15;521
25;2025-12-21;16;454
25;2025-12-21;17;439
25;2025-12-21;18;367
25;2025-12-21;19;275
25;2025-12-21;20;214
25;2025-12-21;21;151
25;2025-12-21;22;90
25;2025-12-21;23;34
25;2025-12-22;0;5
25;2025-12-22;1;0
25;2025-12-22;2;0
25;2025-12-22;3;0
25;2025-12-22;4;0
25;2025-12-22;5;13
25;2025-12-22;6;207
25;2025-12-22;7;523
25;2025-12-22;8;941
25;2025-12-22;9;486
25;2025-12-22;10;347
25;2025-12-22;11;374
25;2025-12-22;12;379
25;2025-12-22;13;478
25;2025-12-22;14;433
25;2025-12-22;15;481
25;2025-12-22;16;630
25;2025-12-22;17;698
25;2025-12-22;18;722
25;2025-12-22;19;510
25;2025-12-22;20;293
25;2025-12-22;21;187
25;2025-12-22;22;88
25;2025-12-22;23;3
25;2025-12-23;0;1
25;2025-12-23;1;0
25;2025-12-23;2;0
25;2025-12-23;3;0
25;2025-12-23;4;0
25;2025-12-23;5;12
25;2025-12-23;6;214
25;2025-12-23;7;531
25;2025-12-23;8;891
25;2025-12-23;9;452
25;2025-12-23;10;361
25;2025-12-23;11;402
25;2025-12-23;12;400
25;2025-12-23;13;478
25;2025-12-23;14;444
25;2025-12-23;15;535
25;2025-12-23;16;643
25;2025-12-23;17;732
25;2025-12-23;18;754
25;2025-12-23;19;540
25;2025-12-23;20;312
25;2025-12-23;21;213
25;2025-12-23;22;96
25;2025-12-23;23;6
25;2025-12-24;0;1
25;2025-12-24;1;0
25;2025-12-24;2;0
25;2025-12-24;3;0
25;2025-12-24;4;0
25;2025-12-24;5;12
25;2025-12-24;6;216
25;2025-12-24;7;531
25;2025-12-24;8;888
25;2025-12-24;9;453
25;2025-12-24;10;367
25;2025-12-24;11;408
25;2025-12-24;12;398
25;2025-12-24;13;475
25;2025-12-24;14;452
25;2025-12-24;15;536
25;2025-12-24;16;648
25;2025-12-24;17;737
25;2025-12-24;18;754
25;2025-12-24;19;540
25;2025-12-24;20;314
25;2025-12-24;21;209
25;2025-12-24;22;93
25;2025-12-24;23;4
25;2025-12-25;0;1
25;2025-12-25;1;0
25;2025-12-25;2;0
25;2025-12-25;3;0
25;2025-12-25;4;0
25;2025-12-25;5;13
25;2025-12-25;6;219
25;2025-12-25;7;525
25;2025-12-25;8;881
25;2025-12-25;9;442
25;2025-12-25;10;355
25;2025-12-25;11;393
25;2025-12-25;12;394
25;2025-12-25;13;480
25;2025-12-25;14;448
25;2025-12-25;15;546
25;2025-12-25;16;655
25;2025-12-25;17;732
25;2025-12-25;18;748
25;2025-12-25;19;529
25;2025-12-25;20;303
25;2025-12-25;21;207
25;2025-12-25;22;91
25;2025-12-25;23;5
25;2025-12-26;0;1
25;2025-12-26;1;0
25;2025-12-26;2;0
25;2025-12-26;3;0
25;2025-12-26;4;0
25;2025-12-26;5;10
25;2025-12-26;6;220
25;2025-12-26;7;565
25;2025-12-26;8;918
25;2025-12-26;9;442
25;2025-12-26;10;367
25;2025-12-26;11;428
25;2025-12-26;12;397
25;2025-12-26;13;495
25;2025-12-26;14;456
25;2025-12-26;15;581
25;2025-12-26;16;753
25;2025-12-26;17;750
25;2025-12-26;18;682
25;2025-12-26;19;546
25;2025-12-26;20;314
25;2025-12-26;21;212
25;2025-12-26;22;107
25;2025-12-26;23;13
25;2025-12-27;0;1
25;2025-12-27;1;0
25;2025-12-27;2;0
25;2025-12-27;3;0
25;2025-12-27;4;0
25;2025-12-27;5;11
25;2025-12-27;6;94
25;2025-12-27;7;133
25;2025-12-27;8;284
25;2025-12-27;9;247
25;2025-12-27;10;276
25;2025-12-27;11;344
25;2025-12-27;12;376
25;2025-12-27;13;547
25;2025-12-27;14;553
25;2025-12-27;15;622
25;2025-12-27;16;569
25;2025-12-27;17;505
25;2025-12-27;18;450
25;2025-12-27;19;380
25;2025-12-27;20;241
25;2025-12-27;21;186
25;2025-12-27;22;108
25;2025-12-27;23;43
25;2025-12-28;0;10
25;2025-12-28;1;0
25;2025-12-28;2;0
25;2025-12-28;3;0
25;2025-12-28;4;0
25;2025-12-28;5;5
25;2025-12-28;6;77
25;2025-12-28;7;87
25;2025-12-28;8;178
25;2025-12-28;9;203
25;2025-12-28;10;196
25;2025-12-28;11;260
25;2025-12-28;12;310
25;2025-12-28;13;396
25;2025-12-28;14;434
25;2025-12-28;15;496
25;2025-12-28;16;457
25;2025-12-28;17;441
25;2025-12-28;18;369
25;2025-12-28;19;271
25;2025-12-28;20;209
25;2025-12-28;21;146
25;2025-12-28;22;88
25;2025-12-28;23;36
25;2025-12-29;0;5
25;2025-12-29;1;0
25;2025-12-29;2;0
25;2025-12-29;3;0
25;2025-12-29;4;0
25;2025-12-29;5;13
25;2025-12-29;6;190
25;2025-12-29;7;488
25;2025-12-29;8;859
25;2025-12-29;9;444
25;2025-12-29;10;307
25;2025-12-29;11;341
25;2025-12-29;12;345
25;2025-12-29;13;433
25;2025-12-29;14;398
25;2025-12-29;15;446
25;2025-12-29;16;583
25;2025-12-29;17;652
25;2025-12-29;18;677
25;2025-12-29;19;472
25;2025-12-29;20;270
25;2025-12-29;21;170
25;2025-12-29;22;82
25;2025-12-29;23;4
25;2025-12-30;0;1
25;2025-12-30;1;0
25;2025-12-30;2;0
25;2025-12-30;3;0
25;2025-12-30;4;0
25;2025-12-30;5;9
25;2025-12-30;6;187
25;2025-12-30;7;487
25;2025-12-30;8;838
25;2025-12-30;9;410
25;2025-12-30;10;321
25;2025-12-30;11;352
25;2025-12-30;12;354
25;2025-12-30;13;418
25;2025-12-30;14;399
25;2025-12-30;15;488
25;2025-12-30;16;590
25;2025-12-30;17;662
25;2025-12-30;18;689
25;2025-12-30;19;479
25;2025-12-30;20;275
25;2025-12-30;21;184
25;2025-12-30;22;83
25;2025-12-30;23;2
25;2025-12-31;0;7
25;2025-12-31;1;0
25;2025-12-31;2;0
25;2025-12-31;3;0
25;2025-12-31;4;0
25;2025-12-31;5;4
25;2025-12-31;6;42
25;2025-12-31;7;42
25;2025-12-31;8;94
25;2025-12-31;9;94
25;2025-12-31;10;90
25;2025-12-31;11;137
25;2025-12-31;12;210
25;2025-12-31;13;279
25;2025-12-31;14;316
25;2025-12-31;15;377
25;2025-12-31;16;349
25;2025-12-31;17;338
25;2025-12-31;18;276
25;2025-12-31;19;204
25;2025-12-31;20;166
25;2025-12-31;21;110
25;2025-12-31;22;49
25;2025-12-31;23;14
26;2025-11-01;0;30
26;2025-11-01;1;0
26;2025-11-01;2;0
26;2025-11-01;3;0
26;2025-11-01;4;2
26;2025-11-01;5;75
26;2025-11-01;6;449
26;2025-11-01;7;985
26;2025-11-01;8;1899
26;2025-11-01;9;1276
26;2025-11-01;10;1112
26;2025-11-01;11;1040
26;2025-11-01;12;1076
26;2025-11-01;13;1109
26;2025-11-01;14;1212
26;2025-11-01;15;1298
26;2025-11-01;16;1456
26;2025-11-01;17;1567
26;2025-11-01;18;1261
26;2025-11-01;19;990
26;2025-11-01;20;630
26;2025-11-01;21;422
26;2025-11-01;22;199
26;2025-11-01;23;138
26;2025-11-02;0;46
26;2025-11-02;1;4
26;2025-11-02;2;0
26;2025-11-02;3;0
26;2025-11-02;4;1
26;2025-11-02;5;26
26;2025-11-02;6;153
26;2025-11-02;7;255
26;2025-11-02;8;379
26;2025-11-02;9;523
26;2025-11-02;10;588
26;2025-11-02;11;783
26;2025-11-02;12;825
26;2025-11-02;13;820
26;2025-11-02;14;864
26;2025-11-02;15;815
26;2025-11-02;16;780
26;2025-11-02;17;786
26;2025-11-02;18;710
26;2025-11-02;19;539
26;2025-11-02;20;399
26;2025-11-02;21;290
26;2025-11-02;22;170
26;2025-11-02;23;98
26;2025-11-03;0;44
26;2025-11-03;1;3
26;2025-11-03;2;0
26;2025-11-03;3;0
26;2025-11-03;4;1
26;2025-11-03;5;46
26;2025-11-03;6;189
26;2025-11-03;7;280
26;2025-11-03;8;390
26;2025-11-03;9;495
26;2025-11-03;10;538
26;2025-11-03;11;664
26;2025-11-03;12;682
26;2025-11-03;13;714
26;2025-11-03;14;720
26;2025-11-03;15;693
26;2025-11-03;16;719
26;2025-11-03;17;731
26;2025-11-03;18;689
26;2025-11-03;19;570
26;2025-11-03;20;437
26;2025-11-03;21;322
26;2025-11-03;22;203
26;2025-11-03;23;133
26;2025-11-04;0;44
26;2025-11-04;1;3
26;2025-11-04;2;0
26;2025-11-04;3;0
26;2025-11-04;4;1
26;2025-11-04;5;42
26;2025-11-04;6;185
26;2025-11-04;7;276
26;2025-11-04;8;393
26;2025-11-04;9;480
26;2025-11-04;10;517
26;2025-11-04;11;654
26;2025-11-04;12;656
26;2025-11-04;13;699
26;2025-11-04;14;789
26;2025-11-04;15;736
26;2025-11-04;16;721
26;2025-11-04;17;730
26;2025-11-04;18;691
26;2025-11-04;19;563
26;2025-11-04;20;432
26;2025-11-04;21;320
26;2025-11-04;22;198
26;2025-11-04;23;130
26;2025-11-05;0;31
26;2025-11-05;1;0
26;2025-11-05;2;0
26;2025-11-05;3;0
26;2025-11-05;4;2
26;2025-11-05;5;93
26;2025-11-05;6;486
26;2025-11-05;7;1124
26;2025-11-05;8;2203
26;2025-11-05;9;1493
26;2025-11-05;10;1217
26;2025-11-05;11;1172
26;2025-11-05;12;1195
26;2025-11-05;13;1208
26;2025-11-05;14;1333
26;2025-11-05;15;1398
26;2025-11-05;16;1500
26;2025-11-05;17;1748
26;2025-11-05;18;1868
26;2025-11-05;19;1267
26;2025-11-05;20;781
26;2025-11-05;21;488
26;2025-11-05;22;224
26;2025-11-05;23;126
26;2025-11-06;0;32
26;2025-11-06;1;0
26;2025-11-06;2;0
26;2025-11-06;3;0
26;2025-11-06;4;2
26;2025-11-06;5;93
26;2025-11-06;6;488
26;2025-11-06;7;1127
26;2025-11-06;8;2206
26;2025-11-06;9;1493
26;2025-11-06;10;1222
26;2025-11-06;11;1159
26;2025-11-06;12;1196
26;2025-11-06;13;1208
26;2025-11-06;14;1333
26;2025-11-06;15;1390
26;2025-11-06;16;1495
26;2025-11-06;17;1752
26;2025-11-06;18;1870
26;2025-11-06;19;1268
26;2025-11-06;20;783
26;2025-11-06;21;491
26;2025-11-06;22;228
26;2025-11-06;23;132
26;2025-11-07;0;32
26;2025-11-07;1;1
26;2025-11-07;2;0
26;2025-11-07;3;0
26;2025-11-07;4;1
26;2025-11-07;5;88
26;2025-11-07;6;491
26;2025-11-07;7;1071
26;2025-11-07;8;2077
26;2025-11-07;9;1383
26;2025-11-07;10;1199
26;2025-11-07;11;1125
26;2025-11-07;12;1165
26;2025-11-07;13;1200
26;2025-11-07;14;1319
26;2025-11-07;15;1408
26;2025-11-07;16;1586
26;2025-11-07;17;1709
26;2025-11-07;18;1367
26;2025-11-07;19;1073
26;2025-11-07;20;684
26;2025-11-07;21;459
26;2025-11-07;22;216
26;2025-11-07;23;150
26;2025-11-08;0;48
26;2025-11-08;1;2
26;2025-11-08;2;0
26;2025-11-08;3;0
26;2025-11-08;4;2
26;2025-11-08;5;53
26;2025-11-08;6;242
26;2025-11-08;7;362
26;2025-11-08;8;587
26;2025-11-08;9;683
26;2025-11-08;10;788
26;2025-11-08;11;917
26;2025-11-08;12;1008
26;2025-11-08;13;1019
26;2025-11-08;14;1046
26;2025-11-08;15;988
26;2025-11-08;16;1004
26;2025-11-08;17;947
26;2025-11-08;18;874
26;2025-11-08;19;753
26;2025-11-08;20;511
26;2025-11-08;21;351
26;2025-11-08;22;215
26;2025-11-08;23;151
26;2025-11-09;0;47
26;2025-11-09;1;4
26;2025-11-09;2;0
26;2025-11-09;3;0
26;2025-11-09;4;1
26;2025-11-09;5;35
26;2025-11-09;6;164
26;2025-11-09;7;269
26;2025-11-09;8;399
26;2025-11-09;9;532
26;2025-11-09;10;589
26;2025-11-09;11;784
26;2025-11-09;12;833
26;2025-11-09;13;869
26;2025-11-09;14;869
26;2025-11-09;15;820
26;2025-11-09;16;787
26;2025-11-09;17;798
26;2025-11-09;18;715
26;2025-11-09;19;543
26;2025-11-09;20;404
26;2025-11-09;21;293
26;2025-11-09;22;170
26;2025-11-09;23;98
26;2025-11-10;0;26
26;2025-11-10;1;2
26;2025-11-10;2;0
26;2025-11-10;3;0
26;2025-11-10;4;1
26;2025-11-10;5;92
26;2025-11-10;6;486
26;2025-11-10;7;1134
26;2025-11-10;8;2186
26;2025-11-10;9;1449
26;2025-11-10;10;1179
26;2025-11-10;11;1057
26;2025-11-10;12;1078
26;2025-11-10;13;1144
26;2025-11-10;14;1224
26;2025-11-10;15;1319
26;2025-11-10;16;1434
26;2025-11-10;17;1721
26;2025-11-10;18;1884
26;2025-11-10;19;1229
26;2025-11-10;20;750
26;2025-11-10;21;461
26;2025-11-10;22;202
26;2025-11-10;23;103
26;2025-11-11;0;30
26;2025-11-11;1;0
26;2025-11-11;2;0
26;2025-11-11;3;0
26;2025-11-11;4;2
26;2025-11-11;5;94
26;2025-11-11;6;487
26;2025-11-11;7;1123
26;2025-11-11;8;2205
26;2025-11-11;9;1491
26;2025-11-11;10;1205
26;2025-11-11;11;1155
26;2025-11-11;12;1183
26;2025-11-11;13;1204
26;2025-11-11;14;1320
26;2025-11-11;15;1382
26;2025-11-11;16;1489
26;2025-11-11;17;1738
26;2025-11-11;18;1868
26;2025-11-11;19;1262
26;2025-11-11;20;779
26;2025-11-11;21;486
26;2025-11-11;22;220
26;2025-11-11;23;119
26;2025-11-12;0;30
26;2025-11-12;1;0
26;2025-11-12;2;0
26;2025-11-12;3;0
26;2025-11-12;4;2
26;2025-11-12;5;93
26;2025-11-12;6;486
26;2025-11-12;7;1122
26;2025-11-12;8;2199
26;2025-11-12;9;1489
26;2025-11-12;10;1205
26;2025-11-12;11;1146
26;2025-11-12;12;1174
26;2025-11-12;13;1187
26;2025-11-12;14;1312
26;2025-11-12;15;1376
26;2025-11-12;16;1490
26;2025-11-12;17;1741
26;2025-11-12;18;1852
26;2025-11-12;19;1260
26;2025-11-12;20;780
26;2025-11-12;21;487
26;2025-11-12;22;223
26;2025-11-12;23;125
26;2025-11-13;0;31
26;2025-11-13;1;0
26;2025-11-13;2;0
26;2025-11-13;3;0
26;2025-11-13;4;2
26;2025-11-13;5;93
26;2025-11-13;6;487
26;2025-11-13;7;1123
26;2025-11-13;8;2201
26;2025-11-13;9;1492
26;2025-11-13;10;1218
26;2025-11-13;11;1165
26;2025-11-13;12;1192
26;2025-11-13;13;1204
26;2025-11-13;14;1324
26;2025-11-13;15;1392
26;2025-11-13;16;1497
26;2025-11-13;17;1745
26;2025-11-13;18;1865
26;2025-11-13;19;1265
26;2025-11-13;20;781
26;2025-11-13;21;488
26;2025-11-13;22;225
26;2025-11-13;23;130
26;2025-11-14;0;31
26;2025-11-14;1;1
26;2025-11-14;2;0
26;2025-11-14;3;0
26;2025-11-14;4;1
26;2025-11-14;5;81
26;2025-11-14;6;485
26;2025-11-14;7;1064
26;2025-11-14;8;2071
26;2025-11-14;9;1383
26;2025-11-14;10;1213
26;2025-11-14;11;1128
26;2025-11-14;12;1165
26;2025-11-14;13;1198
26;2025-11-14;14;1316
26;2025-11-14;15;1405
26;2025-11-14;16;1582
26;2025-11-14;17;1706
26;2025-11-14;18;1362
26;2025-11-14;19;1070
26;2025-11-14;20;672
26;2025-11-14;21;447
26;2025-11-14;22;204
26;2025-11-14;23;144
26;2025-11-15;0;45
26;2025-11-15;1;1
26;2025-11-15;2;0
26;2025-11-15;3;0
26;2025-11-15;4;2
26;2025-11-15;5;53
26;2025-11-15;6;232
26;2025-11-15;7;354
26;2025-11-15;8;595
26;2025-11-15;9;685
26;2025-11-15;10;766
26;2025-11-15;11;883
26;2025-11-15;12;969
26;2025-11-15;13;996
26;2025-11-15;14;1072
26;2025-11-15;15;1005
26;2025-11-15;16;1019
26;2025-11-15;17;959
26;2025-11-15;18;877
26;2025-11-15;19;756
26;2025-11-15;20;507
26;2025-11-15;21;344
26;2025-11-15;22;209
26;2025-11-15;23;141
26;2025-11-16;0;45
26;2025-11-16;1;5
26;2025-11-16;2;0
26;2025-11-16;3;0
26;2025-11-16;4;1
26;2025-11-16;5;10
26;2025-11-16;6;147
26;2025-11-16;7;235
26;2025-11-16;8;342
26;2025-11-16;9;487
26;2025-11-16;10;550
26;2025-11-16;11;760
26;2025-11-16;12;804
26;2025-11-16;13;842
26;2025-11-16;14;838
26;2025-11-16;15;785
26;2025-11-16;16;754
26;2025-11-16;17;757
26;2025-11-16;18;676
26;2025-11-16;19;520
26;2025-11-16;20;385
26;2025-11-16;21;276
26;2025-11-16;22;162
26;2025-11-16;23;96
26;2025-11-17;0;27
26;2025-11-17;1;2
26;2025-11-17;2;0
26;2025-11-17;3;0
26;2025-11-17;4;1
26;2025-11-17;5;90
26;2025-11-17;6;483
26;2025-11-17;7;1121
26;2025-11-17;8;2172
26;2025-11-17;9;1439
26;2025-11-17;10;1181
26;2025-11-17;11;1052
26;2025-11-17;12;1076
26;2025-11-17;13;1109
26;2025-11-17;14;1207
26;2025-11-17;15;1304
26;2025-11-17;16;1420
26;2025-11-17;17;1704
26;2025-11-17;18;1878
26;2025-11-17;19;1223
26;2025-11-17;20;746
26;2025-11-17;21;464
26;2025-11-17;22;202
26;2025-11-17;23;103
26;2025-11-18;0;30
26;2025-11-18;1;0
26;2025-11-18;2;0
26;2025-11-18;3;0
26;2025-11-18;4;3
26;2025-11-18;5;83
26;2025-11-18;6;485
26;2025-11-18;7;1131
26;2025-11-18;8;2219
26;2025-11-18;9;1487
26;2025-11-18;10;1179
26;2025-11-18;11;1146
26;2025-11-18;12;1174
26;2025-11-18;13;1186
26;2025-11-18;14;1302
26;2025-11-18;15;1376
26;2025-11-18;16;1493
26;2025-11-18;17;1736
26;2025-11-18;18;1850
26;2025-11-18;19;1263
26;2025-11-18;20;774
26;2025-11-18;21;483
26;2025-11-18;22;219
26;2025-11-18;23;119
26;2025-11-19;0;30
26;2025-11-19;1;0
26;2025-11-19;2;0
26;2025-11-19;3;0
26;2025-11-19;4;2
26;2025-11-19;5;93
26;2025-11-19;6;486
26;2025-11-19;7;1121
26;2025-11-19;8;2199
26;2025-11-19;9;1488
26;2025-11-19;10;1205
26;2025-11-19;11;1151
26;2025-11-19;12;1171
26;2025-11-19;13;1185
26;2025-11-19;14;1302
26;2025-11-19;15;1371
26;2025-11-19;16;1481
26;2025-11-19;17;1731
26;2025-11-19;18;1856
26;2025-11-19;19;1258
26;2025-11-19;20;779
26;2025-11-19;21;487
26;2025-11-19;22;224
26;2025-11-19;23;124
26;2025-11-20;0;32
26;2025-11-20;1;0
26;2025-11-20;2;0
26;2025-11-20;3;0
26;2025-11-20;4;2
26;2025-11-20;5;92
26;2025-11-20;6;484
26;2025-11-20;7;1119
26;2025-11-20;8;2192
26;2025-11-20;9;1487
26;2025-11-20;10;1204
26;2025-11-20;11;1151
26;2025-11-20;12;1170
26;2025-11-20;13;1184
26;2025-11-20;14;1302
26;2025-11-20;15;1371
26;2025-11-20;16;1480
26;2025-11-20;17;1731
26;2025-11-20;18;1856
26;2025-11-20;19;1251
26;2025-11-20;20;774
26;2025-11-20;21;483
26;2025-11-20;22;220
26;2025-11-20;23;127
26;2025-11-21;0;31
26;2025-11-21;1;1
26;2025-11-21;2;0
26;2025-11-21;3;0
26;2025-11-21;4;1
26;2025-11-21;5;87
26;2025-11-21;6;487
26;2025-11-21;7;1054
26;2025-11-21;8;2062
26;2025-11-21;9;1375
26;2025-11-21;10;1196
26;2025-11-21;11;1113
26;2025-11-21;12;1131
26;2025-11-21;13;1180
26;2025-11-21;14;1289
26;2025-11-21;15;1380
26;2025-11-21;16;1567
26;2025-11-21;17;1690
26;2025-11-21;18;1353
26;2025-11-21;19;1064
26;2025-11-21;20;678
26;2025-11-21;21;454
26;2025-11-21;22;214
26;2025-11-21;23;147
26;2025-11-22;0;46
26;2025-11-22;1;2
26;2025-11-22;2;0
26;2025-11-22;3;0
26;2025-11-22;4;2
26;2025-11-22;5;50
26;2025-11-22;6;235
26;2025-11-22;7;358
26;2025-11-22;8;591
26;2025-11-22;9;687
26;2025-11-22;10;814
26;2025-11-22;11;948
26;2025-11-22;12;1035
26;2025-11-22;13;1050
26;2025-11-22;14;1072
26;2025-11-22;15;1008
26;2025-11-22;16;1021
26;2025-11-22;17;962
26;2025-11-22;18;884
26;2025-11-22;19;756
26;2025-11-22;20;514
26;2025-11-22;21;339
26;2025-11-22;22;206
26;2025-11-22;23;147
26;2025-11-23;0;45
26;2025-11-23;1;4
26;2025-11-23;2;0
26;2025-11-23;3;0
26;2025-11-23;4;1
26;2025-11-23;5;25
26;2025-11-23;6;153
26;2025-11-23;7;251
26;2025-11-23;8;380
26;2025-11-23;9;519
26;2025-11-23;10;580
26;2025-11-23;11;776
26;2025-11-23;12;826
26;2025-11-23;13;861
26;2025-11-23;14;859
26;2025-11-23;15;802
26;2025-11-23;16;771
26;2025-11-23;17;776
26;2025-11-23;18;679
26;2025-11-23;19;522
26;2025-11-23;20;393
26;2025-11-23;21;280
26;2025-11-23;22;164
26;2025-11-23;23;97
26;2025-11-24;0;26
26;2025-11-24;1;1
26;2025-11-24;2;0
26;2025-11-24;3;0
26;2025-11-24;4;1
26;2025-11-24;5;85
26;2025-11-24;6;479
26;2025-11-24;7;1149
26;2025-11-24;8;2172
26;2025-11-24;9;1449
26;2025-11-24;10;1155
26;2025-11-24;11;1031
26;2025-11-24;12;1080
26;2025-11-24;13;1145
26;2025-11-24;14;1218
26;2025-11-24;15;1316
26;2025-11-24;16;1438
26;2025-11-24;17;1716
26;2025-11-24;18;1878
26;2025-11-24;19;1228
26;2025-11-24;20;748
26;2025-11-24;21;460
26;2025-11-24;22;203
26;2025-11-24;23;103
26;2025-11-25;0;30
26;2025-11-25;1;0
26;2025-11-25;2;0
26;2025-11-25;3;0
26;2025-11-25;4;2
26;2025-11-25;5;94
26;2025-11-25;6;487
26;2025-11-25;7;1122
26;2025-11-25;8;2201
26;2025-11-25;9;1491
26;2025-11-25;10;1207
26;2025-11-25;11;1151
26;2025-11-25;12;1169
26;2025-11-25;13;1188
26;2025-11-25;14;1302
26;2025-11-25;15;1370
26;2025-11-25;16;1480
26;2025-11-25;17;1732
26;2025-11-25;18;1862
26;2025-11-25;19;1260
26;2025-11-25;20;778
26;2025-11-25;21;485
26;2025-11-25;22;220
26;2025-11-25;23;120
26;2025-11-26;0;31
26;2025-11-26;1;1
26;2025-11-26;2;0
26;2025-11-26;3;0
26;2025-11-26;4;2
26;2025-11-26;5;97
26;2025-11-26;6;491
26;2025-11-26;7;1145
26;2025-11-26;8;2226
26;2025-11-26;9;1500
26;2025-11-26;10;1200
26;2025-11-26;11;1150
26;2025-11-26;12;1171
26;2025-11-26;13;1183
26;2025-11-26;14;1298
26;2025-11-26;15;1367
26;2025-11-26;16;1470
26;2025-11-26;17;1721
26;2025-11-26;18;1844
26;2025-11-26;19;1262
26;2025-11-26;20;776
26;2025-11-26;21;485
26;2025-11-26;22;222
26;2025-11-26;23;123
26;2025-11-27;0;31
26;2025-11-27;1;0
26;2025-11-27;2;0
26;2025-11-27;3;0
26;2025-11-27;4;2
26;2025-11-27;5;93
26;2025-11-27;6;486
26;2025-11-27;7;1124
26;2025-11-27;8;2196
26;2025-11-27;9;1492
26;2025-11-27;10;1214
26;2025-11-27;11;1153
26;2025-11-27;12;1178
26;2025-11-27;13;1192
26;2025-11-27;14;1309
26;2025-11-27;15;1387
26;2025-11-27;16;1497
26;2025-11-27;17;1731
26;2025-11-27;18;1841
26;2025-11-27;19;1268
26;2025-11-27;20;780
26;2025-11-27;21;489
26;2025-11-27;22;225
26;2025-11-27;23;132
26;2025-11-28;0;30
26;2025-11-28;1;0
26;2025-11-28;2;0
26;2025-11-28;3;0
26;2025-11-28;4;1
26;2025-11-28;5;81
26;2025-11-28;6;486
26;2025-11-28;7;1063
26;2025-11-28;8;2062
26;2025-11-28;9;1375
26;2025-11-28;10;1193
26;2025-11-28;11;1109
26;2025-11-28;12;1143
26;2025-11-28;13;1183
26;2025-11-28;14;1297
26;2025-11-28;15;1391
26;2025-11-28;16;1568
26;2025-11-28;17;1691
26;2025-11-28;18;1349
26;2025-11-28;19;1062
26;2025-11-28;20;674
26;2025-11-28;21;452
26;2025-11-28;22;213
26;2025-11-28;23;146
26;2025-11-29;0;46
26;2025-11-29;1;2
26;2025-11-29;2;0
26;2025-11-29;3;0
26;2025-11-29;4;2
26;2025-11-29;5;51
26;2025-11-29;6;242
26;2025-11-29;7;359
26;2025-11-29;8;580
26;2025-11-29;9;703
26;2025-11-29;10;814
26;2025-11-29;11;947
26;2025-11-29;12;1033
26;2025-11-29;13;1048
26;2025-11-29;14;1072
26;2025-11-29;15;1004
26;2025-11-29;16;1019
26;2025-11-29;17;960
26;2025-11-29;18;877
26;2025-11-29;19;756
26;2025-11-29;20;514
26;2025-11-29;21;353
26;2025-11-29;22;217
26;2025-11-29;23;151
26;2025-11-30;0;45
26;2025-11-30;1;4
26;2025-11-30;2;0
26;2025-11-30;3;0
26;2025-11-30;4;1
26;2025-11-30;5;25
26;2025-11-30;6;155
26;2025-11-30;7;254
26;2025-11-30;8;381
26;2025-11-30;9;518
26;2025-11-30;10;580
26;2025-11-30;11;775
26;2025-11-30;12;824
26;2025-11-30;13;861
26;2025-11-30;14;864
26;2025-11-30;15;812
26;2025-11-30;16;780
26;2025-11-30;17;791
26;2025-11-30;18;706
26;2025-11-30;19;539
26;2025-11-30;20;401
26;2025-11-30;21;293
26;2025-11-30;22;170
26;2025-11-30;23;101
26;2025-12-01;0;26
26;2025-12-01;1;2
26;2025-12-01;2;0
26;2025-12-01;3;0
26;2025-12-01;4;1
26;2025-12-01;5;91
26;2025-12-01;6;486
26;2025-12-01;7;1132
26;2025-12-01;8;2184
26;2025-12-01;9;1446
26;2025-12-01;10;1179
26;2025-12-01;11;1060
26;2025-12-01;12;1083
26;2025-12-01;13;1144
26;2025-12-01;14;1216
26;2025-12-01;15;1315
26;2025-12-01;16;1427
26;2025-12-01;17;1714
26;2025-12-01;18;1880
26;2025-12-01;19;1228
26;2025-12-01;20;749
26;2025-12-01;21;461
26;2025-12-01;22;203
26;2025-12-01;23;104
26;2025-12-02;0;30
26;2025-12-02;1;0
26;2025-12-02;2;0
26;2025-12-02;3;0
26;2025-12-02;4;2
26;2025-12-02;5;95
26;2025-12-02;6;488
26;2025-12-02;7;1123
26;2025-12-02;8;2204
26;2025-12-02;9;1491
26;2025-12-02;10;1207
26;2025-12-02;11;1148
26;2025-12-02;12;1167
26;2025-12-02;13;1186
26;2025-12-02;14;1301
26;2025-12-02;15;1370
26;2025-12-02;16;1480
26;2025-12-02;17;1732
26;2025-12-02;18;1862
26;2025-12-02;19;1260
26;2025-12-02;20;778
26;2025-12-02;21;486
26;2025-12-02;22;220
26;2025-12-02;23;119
26;2025-12-03;0;30
26;2025-12-03;1;0
26;2025-12-03;2;0
26;2025-12-03;3;0
26;2025-12-03;4;2
26;2025-12-03;5;93
26;2025-12-03;6;486
26;2025-12-03;7;1121
26;2025-12-03;8;2199
26;2025-12-03;9;1488
26;2025-12-03;10;1204
26;2025-12-03;11;1151
26;2025-12-03;12;1170
26;2025-12-03;13;1185
26;2025-12-03;14;1302
26;2025-12-03;15;1371
26;2025-12-03;16;1481
26;2025-12-03;17;1733
26;2025-12-03;18;1858
26;2025-12-03;19;1257
26;2025-12-03;20;778
26;2025-12-03;21;486
26;2025-12-03;22;223
26;2025-12-03;23;126
26;2025-12-04;0;32
26;2025-12-04;1;0
26;2025-12-04;2;0
26;2025-12-04;3;0
26;2025-12-04;4;2
26;2025-12-04;5;92
26;2025-12-04;6;484
26;2025-12-04;7;1120
26;2025-12-04;8;2197
26;2025-12-04;9;1486
26;2025-12-04;10;1203
26;2025-12-04;11;1151
26;2025-12-04;12;1170
26;2025-12-04;13;1186
26;2025-12-04;14;1304
26;2025-12-04;15;1374
26;2025-12-04;16;1484
26;2025-12-04;17;1735
26;2025-12-04;18;1861
26;2025-12-04;19;1258
26;2025-12-04;20;777
26;2025-12-04;21;488
26;2025-12-04;22;225
26;2025-12-04;23;129
26;2025-12-05;0;31
26;2025-12-05;1;1
26;2025-12-05;2;0
26;2025-12-05;3;0
26;2025-12-05;4;1
26;2025-12-05;5;78
26;2025-12-05;6;483
26;2025-12-05;7;1059
26;2025-12-05;8;2061
26;2025-12-05;9;1374
26;2025-12-05;10;1195
26;2025-12-05;11;1113
26;2025-12-05;12;1146
26;2025-12-05;13;1180
26;2025-12-05;14;1290
26;2025-12-05;15;1381
26;2025-12-05;16;1568
26;2025-12-05;17;1691
26;2025-12-05;18;1349
26;2025-12-05;19;1062
26;2025-12-05;20;674
26;2025-12-05;21;452
26;2025-12-05;22;213
26;2025-12-05;23;146
26;2025-12-06;0;46
26;2025-12-06;1;2
26;2025-12-06;2;0
26;2025-12-06;3;0
26;2025-12-06;4;2
26;2025-12-06;5;51
26;2025-12-06;6;242
26;2025-12-06;7;358
26;2025-12-06;8;579
26;2025-12-06;9;702
26;2025-12-06;10;813
26;2025-12-06;11;944
26;2025-12-06;12;1034
26;2025-12-06;13;1052
26;2025-12-06;14;1074
26;2025-12-06;15;1011
26;2025-12-06;16;1024
26;2025-12-06;17;961
26;2025-12-06;18;888
26;2025-12-06;19;754
26;2025-12-06;20;510
26;2025-12-06;21;352
26;2025-12-06;22;216
26;2025-12-06;23;149
26;2025-12-07;0;45
26;2025-12-07;1;4
26;2025-12-07;2;0
26;2025-12-07;3;0
26;2025-12-07;4;1
26;2025-12-07;5;26
26;2025-12-07;6;155
26;2025-12-07;7;254
26;2025-12-07;8;380
26;2025-12-07;9;519
26;2025-12-07;10;580
26;2025-12-07;11;776
26;2025-12-07;12;825
26;2025-12-07;13;861
26;2025-12-07;14;859
26;2025-12-07;15;806
26;2025-12-07;16;771
26;2025-12-07;17;783
26;2025-12-07;18;689
26;2025-12-07;19;532
26;2025-12-07;20;394
26;2025-12-07;21;285
26;2025-12-07;22;169
26;2025-12-07;23;101
26;2025-12-08;0;26
26;2025-12-08;1;2
26;2025-12-08;2;0
26;2025-12-08;3;0
26;2025-12-08;4;1
26;2025-12-08;5;91
26;2025-12-08;6;486
26;2025-12-08;7;1132
26;2025-12-08;8;2184
26;2025-12-08;9;1446
26;2025-12-08;10;1179
26;2025-12-08;11;1060
26;2025-12-08;12;1083
26;2025-12-08;13;1141
26;2025-12-08;14;1217
26;2025-12-08;15;1315
26;2025-12-08;16;1427
26;2025-12-08;17;1714
26;2025-12-08;18;1880
26;2025-12-08;19;1228
26;2025-12-08;20;749
26;2025-12-08;21;461
26;2025-12-08;22;203
26;2025-12-08;23;104
26;2025-12-09;0;30
26;2025-12-09;1;0
26;2025-12-09;2;0
26;2025-12-09;3;0
26;2025-12-09;4;2
26;2025-12-09;5;94
26;2025-12-09;6;487
26;2025-12-09;7;1121
26;2025-12-09;8;2202
26;2025-12-09;9;1492
26;2025-12-09;10;1208
26;2025-12-09;11;1148
26;2025-12-09;12;1169
26;2025-12-09;13;1188
26;2025-12-09;14;1302
26;2025-12-09;15;1369
26;2025-12-09;16;1477
26;2025-12-09;17;1729
26;2025-12-09;18;1860
26;2025-12-09;19;1260
26;2025-12-09;20;779
26;2025-12-09;21;487
26;2025-12-09;22;221
26;2025-12-09;23;120
26;2025-12-10;0;31
26;2025-12-10;1;1
26;2025-12-10;2;0
26;2025-12-10;3;0
26;2025-12-10;4;2
26;2025-12-10;5;110
26;2025-12-10;6;504
26;2025-12-10;7;1153
26;2025-12-10;8;2198
26;2025-12-10;9;1507
26;2025-12-10;10;1217
26;2025-12-10;11;1153
26;2025-12-10;12;1173
26;2025-12-10;13;1187
26;2025-12-10;14;1302
26;2025-12-10;15;1372
26;2025-12-10;16;1479
26;2025-12-10;17;1731
26;2025-12-10;18;1856
26;2025-12-10;19;1258
26;2025-12-10;20;779
26;2025-12-10;21;487
26;2025-12-10;22;224
26;2025-12-10;23;126
26;2025-12-11;0;32
26;2025-12-11;1;0
26;2025-12-11;2;0
26;2025-12-11;3;0
26;2025-12-11;4;2
26;2025-12-11;5;92
26;2025-12-11;6;484
26;2025-12-11;7;1120
26;2025-12-11;8;2189
26;2025-12-11;9;1479
26;2025-12-11;10;1199
26;2025-12-11;11;1144
26;2025-12-11;12;1165
26;2025-12-11;13;1181
26;2025-12-11;14;1303
26;2025-12-11;15;1371
26;2025-12-11;16;1475
26;2025-12-11;17;1720
26;2025-12-11;18;1836
26;2025-12-11;19;1268
26;2025-12-11;20;783
26;2025-12-11;21;489
26;2025-12-11;22;225
26;2025-12-11;23;129
26;2025-12-12;0;31
26;2025-12-12;1;1
26;2025-12-12;2;0
26;2025-12-12;3;0
26;2025-12-12;4;1
26;2025-12-12;5;81
26;2025-12-12;6;484
26;2025-12-12;7;1062
26;2025-12-12;8;2069
26;2025-12-12;9;1381
26;2025-12-12;10;1193
26;2025-12-12;11;1115
26;2025-12-12;12;1134
26;2025-12-12;13;1151
26;2025-12-12;14;1266
26;2025-12-12;15;1331
26;2025-12-12;16;1515
26;2025-12-12;17;1660
26;2025-12-12;18;1352
26;2025-12-12;19;1054
26;2025-12-12;20;678
26;2025-12-12;21;454
26;2025-12-12;22;202
26;2025-12-12;23;145
26;2025-12-13;0;46
26;2025-12-13;1;2
26;2025-12-13;2;0
26;2025-12-13;3;0
26;2025-12-13;4;2
26;2025-12-13;5;43
26;2025-12-13;6;228
26;2025-12-13;7;337
26;2025-12-13;8;559
26;2025-12-13;9;673
26;2025-12-13;10;781
26;2025-12-13;11;913
26;2025-12-13;12;987
26;2025-12-13;13;1000
26;2025-12-13;14;1029
26;2025-12-13;15;974
26;2025-12-13;16;987
26;2025-12-13;17;926
26;2025-12-13;18;869
26;2025-12-13;19;738
26;2025-12-13;20;482
26;2025-12-13;21;325
26;2025-12-13;22;208
26;2025-12-13;23;139
26;2025-12-14;0;46
26;2025-12-14;1;5
26;2025-12-14;2;0
26;2025-12-14;3;0
26;2025-12-14;4;1
26;2025-12-14;5;10
26;2025-12-14;6;130
26;2025-12-14;7;219
26;2025-12-14;8;343
26;2025-12-14;9;484
26;2025-12-14;10;543
26;2025-12-14;11;743
26;2025-12-14;12;786
26;2025-12-14;13;819
26;2025-12-14;14;821
26;2025-12-14;15;775
26;2025-12-14;16;747
26;2025-12-14;17;758
26;2025-12-14;18;684
26;2025-12-14;19;526
26;2025-12-14;20;386
26;2025-12-14;21;279
26;2025-12-14;22;168
26;2025-12-14;23;101
26;2025-12-15;0;27
26;2025-12-15;1;2
26;2025-12-15;2;0
26;2025-12-15;3;0
26;2025-12-15;4;1
26;2025-12-15;5;92
26;2025-12-15;6;488
26;2025-12-15;7;1131
26;2025-12-15;8;2187
26;2025-12-15;9;1452
26;2025-12-15;10;1186
26;2025-12-15;11;1036
26;2025-12-15;12;1080
26;2025-12-15;13;1133
26;2025-12-15;14;1211
26;2025-12-15;15;1313
26;2025-12-15;16;1428
26;2025-12-15;17;1717
26;2025-12-15;18;1886
26;2025-12-15;19;1237
26;2025-12-15;20;751
26;2025-12-15;21;460
26;2025-12-15;22;203
26;2025-12-15;23;105
26;2025-12-16;0;30
26;2025-12-16;1;1
26;2025-12-16;2;0
26;2025-12-16;3;0
26;2025-12-16;4;2
26;2025-12-16;5;91
26;2025-12-16;6;483
26;2025-12-16;7;1114
26;2025-12-16;8;2193
26;2025-12-16;9;1480
26;2025-12-16;10;1203
26;2025-12-16;11;1156
26;2025-12-16;12;1180
26;2025-12-16;13;1162
26;2025-12-16;14;1295
26;2025-12-16;15;1370
26;2025-12-16;16;1480
26;2025-12-16;17;1732
26;2025-12-16;18;1862
26;2025-12-16;19;1259
26;2025-12-16;20;776
26;2025-12-16;21;483
26;2025-12-16;22;219
26;2025-12-16;23;118
26;2025-12-17;0;30
26;2025-12-17;1;0
26;2025-12-17;2;0
26;2025-12-17;3;0
26;2025-12-17;4;2
26;2025-12-17;5;93
26;2025-12-17;6;486
26;2025-12-17;7;1121
26;2025-12-17;8;2199
26;2025-12-17;9;1490
26;2025-12-17;10;1204
26;2025-12-17;11;1151
26;2025-12-17;12;1170
26;2025-12-17;13;1185
26;2025-12-17;14;1302
26;2025-12-17;15;1371
26;2025-12-17;16;1481
26;2025-12-17;17;1733
26;2025-12-17;18;1858
26;2025-12-17;19;1257
26;2025-12-17;20;778
26;2025-12-17;21;486
26;2025-12-17;22;223
26;2025-12-17;23;126
26;2025-12-18;0;32
26;2025-12-18;1;0
26;2025-12-18;2;0
26;2025-12-18;3;0
26;2025-12-18;4;2
26;2025-12-18;5;92
26;2025-12-18;6;484
26;2025-12-18;7;1120
26;2025-12-18;8;2195
26;2025-12-18;9;1486
26;2025-12-18;10;1204
26;2025-12-18;11;1151
26;2025-12-18;12;1172
26;2025-12-18;13;1186
26;2025-12-18;14;1303
26;2025-12-18;15;1372
26;2025-12-18;16;1480
26;2025-12-18;17;1733
26;2025-12-18;18;1858
26;2025-12-18;19;1256
26;2025-12-18;20;776
26;2025-12-18;21;484
26;2025-12-18;22;223
26;2025-12-18;23;128
26;2025-12-19;0;31
26;2025-12-19;1;1
26;2025-12-19;2;0
26;2025-12-19;3;0
26;2025-12-19;4;1
26;2025-12-19;5;78
26;2025-12-19;6;483
26;2025-12-19;7;1058
26;2025-12-19;8;2061
26;2025-12-19;9;1375
26;2025-12-19;10;1197
26;2025-12-19;11;1114
26;2025-12-19;12;1149
26;2025-12-19;13;1183
26;2025-12-19;14;1291
26;2025-12-19;15;1375
26;2025-12-19;16;1559
26;2025-12-19;17;1670
26;2025-12-19;18;1350
26;2025-12-19;19;1061
26;2025-12-19;20;677
26;2025-12-19;21;452
26;2025-12-19;22;211
26;2025-12-19;23;146
26;2025-12-20;0;46
26;2025-12-20;1;2
26;2025-12-20;2;0
26;2025-12-20;3;0
26;2025-12-20;4;2
26;2025-12-20;5;50
26;2025-12-20;6;242
26;2025-12-20;7;359
26;2025-12-20;8;580
26;2025-12-20;9;703
26;2025-12-20;10;812
26;2025-12-20;11;943
26;2025-12-20;12;1033
26;2025-12-20;13;1048
26;2025-12-20;14;1069
26;2025-12-20;15;1004
26;2025-12-20;16;1019
26;2025-12-20;17;959
26;2025-12-20;18;877
26;2025-12-20;19;747
26;2025-12-20;20;507
26;2025-12-20;21;346
26;2025-12-20;22;211
26;2025-12-20;23;146
26;2025-12-21;0;46
26;2025-12-21;1;4
26;2025-12-21;2;0
26;2025-12-21;3;0
26;2025-12-21;4;1
26;2025-12-21;5;26
26;2025-12-21;6;154
26;2025-12-21;7;254
26;2025-12-21;8;381
26;2025-12-21;9;518
26;2025-12-21;10;579
26;2025-12-21;11;776
26;2025-12-21;12;825
26;2025-12-21;13;859
26;2025-12-21;14;855
26;2025-12-21;15;802
26;2025-12-21;16;771
26;2025-12-21;17;782
26;2025-12-21;18;688
26;2025-12-21;19;532
26;2025-12-21;20;394
26;2025-12-21;21;285
26;2025-12-21;22;161
26;2025-12-21;23;100
26;2025-12-22;0;27
26;2025-12-22;1;1
26;2025-12-22;2;0
26;2025-12-22;3;0
26;2025-12-22;4;1
26;2025-12-22;5;91
26;2025-12-22;6;486
26;2025-12-22;7;1133
26;2025-12-22;8;2188
26;2025-12-22;9;1452
26;2025-12-22;10;1194
26;2025-12-22;11;1054
26;2025-12-22;12;1079
26;2025-12-22;13;1142
26;2025-12-22;14;1217
26;2025-12-22;15;1310
26;2025-12-22;16;1427
26;2025-12-22;17;1710
26;2025-12-22;18;1870
26;2025-12-22;19;1223
26;2025-12-22;20;746
26;2025-12-22;21;459
26;2025-12-22;22;198
26;2025-12-22;23;97
26;2025-12-23;0;30
26;2025-12-23;1;1
26;2025-12-23;2;0
26;2025-12-23;3;0
26;2025-12-23;4;2
26;2025-12-23;5;95
26;2025-12-23;6;490
26;2025-12-23;7;1124
26;2025-12-23;8;2206
26;2025-12-23;9;1499
26;2025-12-23;10;1205
26;2025-12-23;11;1149
26;2025-12-23;12;1169
26;2025-12-23;13;1184
26;2025-12-23;14;1296
26;2025-12-23;15;1364
26;2025-12-23;16;1472
26;2025-12-23;17;1724
26;2025-12-23;18;1860
26;2025-12-23;19;1265
26;2025-12-23;20;778
26;2025-12-23;21;484
26;2025-12-23;22;219
26;2025-12-23;23;118
26;2025-12-24;0;31
26;2025-12-24;1;1
26;2025-12-24;2;0
26;2025-12-24;3;0
26;2025-12-24;4;2
26;2025-12-24;5;91
26;2025-12-24;6;481
26;2025-12-24;7;1115
26;2025-12-24;8;2187
26;2025-12-24;9;1487
26;2025-12-24;10;1204
26;2025-12-24;11;1152
26;2025-12-24;12;1148
26;2025-12-24;13;1164
26;2025-12-24;14;1302
26;2025-12-24;15;1353
26;2025-12-24;16;1476
26;2025-12-24;17;1728
26;2025-12-24;18;1837
26;2025-12-24;19;1259
26;2025-12-24;20;770
26;2025-12-24;21;470
26;2025-12-24;22;208
26;2025-12-24;23;116
26;2025-12-25;0;32
26;2025-12-25;1;0
26;2025-12-25;2;0
26;2025-12-25;3;0
26;2025-12-25;4;2
26;2025-12-25;5;93
26;2025-12-25;6;492
26;2025-12-25;7;1109
26;2025-12-25;8;2182
26;2025-12-25;9;1475
26;2025-12-25;10;1193
26;2025-12-25;11;1140
26;2025-12-25;12;1161
26;2025-12-25;13;1175
26;2025-12-25;14;1292
26;2025-12-25;15;1360
26;2025-12-25;16;1484
26;2025-12-25;17;1721
26;2025-12-25;18;1839
26;2025-12-25;19;1265
26;2025-12-25;20;781
26;2025-12-25;21;489
26;2025-12-25;22;226
26;2025-12-25;23;128
26;2025-12-26;0;29
26;2025-12-26;1;0
26;2025-12-26;2;0
26;2025-12-26;3;0
26;2025-12-26;4;1
26;2025-12-26;5;68
26;2025-12-26;6;485
26;2025-12-26;7;1064
26;2025-12-26;8;2092
26;2025-12-26;9;1370
26;2025-12-26;10;1173
26;2025-12-26;11;1106
26;2025-12-26;12;1121
26;2025-12-26;13;1160
26;2025-12-26;14;1269
26;2025-12-26;15;1362
26;2025-12-26;16;1541
26;2025-12-26;17;1658
26;2025-12-26;18;1346
26;2025-12-26;19;1066
26;2025-12-26;20;671
26;2025-12-26;21;443
26;2025-12-26;22;202
26;2025-12-26;23;148
26;2025-12-27;0;46
26;2025-12-27;1;2
26;2025-12-27;2;0
26;2025-12-27;3;0
26;2025-12-27;4;2
26;2025-12-27;5;52
26;2025-12-27;6;242
26;2025-12-27;7;359
26;2025-12-27;8;580
26;2025-12-27;9;688
26;2025-12-27;10;814
26;2025-12-27;11;948
26;2025-12-27;12;1027
26;2025-12-27;13;1040
26;2025-12-27;14;1061
26;2025-12-27;15;986
26;2025-12-27;16;1000
26;2025-12-27;17;941
26;2025-12-27;18;868
26;2025-12-27;19;736
26;2025-12-27;20;497
26;2025-12-27;21;339
26;2025-12-27;22;205
26;2025-12-27;23;146
26;2025-12-28;0;45
26;2025-12-28;1;4
26;2025-12-28;2;0
26;2025-12-28;3;0
26;2025-12-28;4;1
26;2025-12-28;5;31
26;2025-12-28;6;163
26;2025-12-28;7;262
26;2025-12-28;8;405
26;2025-12-28;9;524
26;2025-12-28;10;571
26;2025-12-28;11;747
26;2025-12-28;12;775
26;2025-12-28;13;803
26;2025-12-28;14;796
26;2025-12-28;15;747
26;2025-12-28;16;748
26;2025-12-28;17;757
26;2025-12-28;18;671
26;2025-12-28;19;514
26;2025-12-28;20;375
26;2025-12-28;21;268
26;2025-12-28;22;154
26;2025-12-28;23;96
26;2025-12-29;0;25
26;2025-12-29;1;2
26;2025-12-29;2;0
26;2025-12-29;3;0
26;2025-12-29;4;1
26;2025-12-29;5;82
26;2025-12-29;6;450
26;2025-12-29;7;1041
26;2025-12-29;8;1989
26;2025-12-29;9;1324
26;2025-12-29;10;1067
26;2025-12-29;11;957
26;2025-12-29;12;978
26;2025-12-29;13;1030
26;2025-12-29;14;1106
26;2025-12-29;15;1200
26;2025-12-29;16;1308
26;2025-12-29;17;1572
26;2025-12-29;18;1722
26;2025-12-29;19;1152
26;2025-12-29;20;687
26;2025-12-29;21;415
26;2025-12-29;22;181
26;2025-12-29;23;89
26;2025-12-30;0;28
26;2025-12-30;1;1
26;2025-12-30;2;0
26;2025-12-30;3;0
26;2025-12-30;4;2
26;2025-12-30;5;77
26;2025-12-30;6;438
26;2025-12-30;7;1035
26;2025-12-30;8;2030
26;2025-12-30;9;1362
26;2025-12-30;10;1095
26;2025-12-30;11;1035
26;2025-12-30;12;1044
26;2025-12-30;13;1059
26;2025-12-30;14;1165
26;2025-12-30;15;1245
26;2025-12-30;16;1343
26;2025-12-30;17;1566
26;2025-12-30;18;1693
26;2025-12-30;19;1163
26;2025-12-30;20;704
26;2025-12-30;21;430
26;2025-12-30;22;192
26;2025-12-30;23;103
26;2025-12-31;0;41
26;2025-12-31;1;5
26;2025-12-31;2;0
26;2025-12-31;3;0
26;2025-12-31;4;1
26;2025-12-31;5;9
26;2025-12-31;6;84
26;2025-12-31;7;134
26;2025-12-31;8;226
26;2025-12-31;9;295
26;2025-12-31;10;331
26;2025-12-31;11;460
26;2025-12-31;12;541
26;2025-12-31;13;541
26;2025-12-31;14;542
26;2025-12-31;15;526
26;2025-12-31;16;548
26;2025-12-31;17;559
26;2025-12-31;18;484
26;2025-12-31;19;383
26;2025-12-31;20;286
26;2025-12-31;21;190
26;2025-12-31;22;88
26;2025-12-31;23;42
28;2025-11-01;0;0
28;2025-11-01;1;0
28;2025-11-01;2;0
28;2025-11-01;3;0
28;2025-11-01;4;1
28;2025-11-01;5;70
28;2025-11-01;6;245
28;2025-11-01;7;740
28;2025-11-01;8;1119
28;2025-11-01;9;762
28;2025-11-01;10;569
28;2025-11-01;11;548
28;2025-11-01;12;690
28;2025-11-01;13;673
28;2025-11-01;14;646
28;2025-11-01;15;688
28;2025-11-01;16;845
28;2025-11-01;17;867
28;2025-11-01;18;777
28;2025-11-01;19;601
28;2025-11-01;20;419
28;2025-11-01;21;289
28;2025-11-01;22;114
28;2025-11-01;23;18
28;2025-11-02;0;0
28;2025-11-02;1;0
28;2025-11-02;2;0
28;2025-11-02;3;0
28;2025-11-02;4;0
28;2025-11-02;5;29
28;2025-11-02;6;78
28;2025-11-02;7;163
28;2025-11-02;8;257
28;2025-11-02;9;347
28;2025-11-02;10;385
28;2025-11-02;11;421
28;2025-11-02;12;473
28;2025-11-02;13;525
28;2025-11-02;14;528
28;2025-11-02;15;513
28;2025-11-02;16;476
28;2025-11-02;17;481
28;2025-11-02;18;434
28;2025-11-02;19;368
28;2025-11-02;20;294
28;2025-11-02;21;240
28;2025-11-02;22;110
28;2025-11-02;23;12
28;2025-11-03;0;0
28;2025-11-03;1;0
28;2025-11-03;2;0
28;2025-11-03;3;0
28;2025-11-03;4;0
28;2025-11-03;5;39
28;2025-11-03;6;94
28;2025-11-03;7;183
28;2025-11-03;8;262
28;2025-11-03;9;341
28;2025-11-03;10;370
28;2025-11-03;11;385
28;2025-11-03;12;422
28;2025-11-03;13;485
28;2025-11-03;14;473
28;2025-11-03;15;465
28;2025-11-03;16;460
28;2025-11-03;17;462
28;2025-11-03;18;420
28;2025-11-03;19;373
28;2025-11-03;20;309
28;2025-11-03;21;250
28;2025-11-03;22;126
28;2025-11-03;23;32
28;2025-11-04;0;0
28;2025-11-04;1;0
28;2025-11-04;2;0
28;2025-11-04;3;0
28;2025-11-04;4;0
28;2025-11-04;5;33
28;2025-11-04;6;86
28;2025-11-04;7;173
28;2025-11-04;8;255
28;2025-11-04;9;316
28;2025-11-04;10;340
28;2025-11-04;11;369
28;2025-11-04;12;392
28;2025-11-04;13;468
28;2025-11-04;14;498
28;2025-11-04;15;482
28;2025-11-04;16;451
28;2025-11-04;17;453
28;2025-11-04;18;417
28;2025-11-04;19;365
28;2025-11-04;20;303
28;2025-11-04;21;247
28;2025-11-04;22;121
28;2025-11-04;23;29
28;2025-11-05;0;0
28;2025-11-05;1;0
28;2025-11-05;2;0
28;2025-11-05;3;0
28;2025-11-05;4;2
28;2025-11-05;5;79
28;2025-11-05;6;261
28;2025-11-05;7;798
28;2025-11-05;8;1251
28;2025-11-05;9;854
28;2025-11-05;10;621
28;2025-11-05;11;593
28;2025-11-05;12;685
28;2025-11-05;13;705
28;2025-11-05;14;692
28;2025-11-05;15;728
28;2025-11-05;16;885
28;2025-11-05;17;1024
28;2025-11-05;18;1018
28;2025-11-05;19;775
28;2025-11-05;20;527
28;2025-11-05;21;324
28;2025-11-05;22;130
28;2025-11-05;23;13
28;2025-11-06;0;0
28;2025-11-06;1;0
28;2025-11-06;2;0
28;2025-11-06;3;0
28;2025-11-06;4;2
28;2025-11-06;5;80
28;2025-11-06;6;263
28;2025-11-06;7;801
28;2025-11-06;8;1256
28;2025-11-06;9;855
28;2025-11-06;10;624
28;2025-11-06;11;592
28;2025-11-06;12;686
28;2025-11-06;13;706
28;2025-11-06;14;691
28;2025-11-06;15;728
28;2025-11-06;16;887
28;2025-11-06;17;1026
28;2025-11-06;18;1018
28;2025-11-06;19;775
28;2025-11-06;20;531
28;2025-11-06;21;325
28;2025-11-06;22;131
28;2025-11-06;23;13
28;2025-11-07;0;0
28;2025-11-07;1;0
28;2025-11-07;2;0
28;2025-11-07;3;0
28;2025-11-07;4;2
28;2025-11-07;5;82
28;2025-11-07;6;275
28;2025-11-07;7;827
28;2025-11-07;8;1258
28;2025-11-07;9;847
28;2025-11-07;10;622
28;2025-11-07;11;607
28;2025-11-07;12;774
28;2025-11-07;13;744
28;2025-11-07;14;716
28;2025-11-07;15;760
28;2025-11-07;16;939
28;2025-11-07;17;963
28;2025-11-07;18;868
28;2025-11-07;19;663
28;2025-11-07;20;461
28;2025-11-07;21;323
28;2025-11-07;22;126
28;2025-11-07;23;19
28;2025-11-08;0;0
28;2025-11-08;1;0
28;2025-11-08;2;0
28;2025-11-08;3;0
28;2025-11-08;4;1
28;2025-11-08;5;37
28;2025-11-08;6;108
28;2025-11-08;7;233
28;2025-11-08;8;387
28;2025-11-08;9;451
28;2025-11-08;10;473
28;2025-11-08;11;491
28;2025-11-08;12;587
28;2025-11-08;13;621
28;2025-11-08;14;585
28;2025-11-08;15;595
28;2025-11-08;16;603
28;2025-11-08;17;579
28;2025-11-08;18;514
28;2025-11-08;19;401
28;2025-11-08;20;293
28;2025-11-08;21;254
28;2025-11-08;22;116
28;2025-11-08;23;15
28;2025-11-09;0;0
28;2025-11-09;1;0
28;2025-11-09;2;0
28;2025-11-09;3;0
28;2025-11-09;4;0
28;2025-11-09;5;31
28;2025-11-09;6;81
28;2025-11-09;7;169
28;2025-11-09;8;265
28;2025-11-09;9;349
28;2025-11-09;10;387
28;2025-11-09;11;422
28;2025-11-09;12;470
28;2025-11-09;13;550
28;2025-11-09;14;531
28;2025-11-09;15;515
28;2025-11-09;16;478
28;2025-11-09;17;481
28;2025-11-09;18;438
28;2025-11-09;19;373
28;2025-11-09;20;299
28;2025-11-09;21;244
28;2025-11-09;22;110
28;2025-11-09;23;12
28;2025-11-10;0;0
28;2025-11-10;1;0
28;2025-11-10;2;0
28;2025-11-10;3;0
28;2025-11-10;4;2
28;2025-11-10;5;77
28;2025-11-10;6;271
28;2025-11-10;7;774
28;2025-11-10;8;1254
28;2025-11-10;9;833
28;2025-11-10;10;623
28;2025-11-10;11;541
28;2025-11-10;12;648
28;2025-11-10;13;672
28;2025-11-10;14;626
28;2025-11-10;15;651
28;2025-11-10;16;854
28;2025-11-10;17;977
28;2025-11-10;18;981
28;2025-11-10;19;721
28;2025-11-10;20;474
28;2025-11-10;21;294
28;2025-11-10;22;117
28;2025-11-10;23;7
28;2025-11-11;0;0
28;2025-11-11;1;0
28;2025-11-11;2;0
28;2025-11-11;3;0
28;2025-11-11;4;1
28;2025-11-11;5;79
28;2025-11-11;6;261
28;2025-11-11;7;799
28;2025-11-11;8;1257
28;2025-11-11;9;856
28;2025-11-11;10;622
28;2025-11-11;11;582
28;2025-11-11;12;677
28;2025-11-11;13;703
28;2025-11-11;14;686
28;2025-11-11;15;723
28;2025-11-11;16;880
28;2025-11-11;17;1018
28;2025-11-11;18;1014
28;2025-11-11;19;772
28;2025-11-11;20;526
28;2025-11-11;21;323
28;2025-11-11;22;129
28;2025-11-11;23;15
28;2025-11-12;0;0
28;2025-11-12;1;0
28;2025-11-12;2;0
28;2025-11-12;3;0
28;2025-11-12;4;1
28;2025-11-12;5;78
28;2025-11-12;6;259
28;2025-11-12;7;797
28;2025-11-12;8;1255
28;2025-11-12;9;852
28;2025-11-12;10;622
28;2025-11-12;11;588
28;2025-11-12;12;681
28;2025-11-12;13;702
28;2025-11-12;14;687
28;2025-11-12;15;724
28;2025-11-12;16;882
28;2025-11-12;17;1021
28;2025-11-12;18;1016
28;2025-11-12;19;773
28;2025-11-12;20;526
28;2025-11-12;21;324
28;2025-11-12;22;130
28;2025-11-12;23;15
28;2025-11-13;0;0
28;2025-11-13;1;0
28;2025-11-13;2;0
28;2025-11-13;3;0
28;2025-11-13;4;1
28;2025-11-13;5;79
28;2025-11-13;6;259
28;2025-11-13;7;797
28;2025-11-13;8;1252
28;2025-11-13;9;854
28;2025-11-13;10;622
28;2025-11-13;11;591
28;2025-11-13;12;685
28;2025-11-13;13;706
28;2025-11-13;14;689
28;2025-11-13;15;728
28;2025-11-13;16;886
28;2025-11-13;17;1024
28;2025-11-13;18;1018
28;2025-11-13;19;775
28;2025-11-13;20;528
28;2025-11-13;21;324
28;2025-11-13;22;130
28;2025-11-13;23;13
28;2025-11-14;0;0
28;2025-11-14;1;0
28;2025-11-14;2;0
28;2025-11-14;3;0
28;2025-11-14;4;2
28;2025-11-14;5;78
28;2025-11-14;6;273
28;2025-11-14;7;824
28;2025-11-14;8;1256
28;2025-11-14;9;848
28;2025-11-14;10;633
28;2025-11-14;11;611
28;2025-11-14;12;777
28;2025-11-14;13;745
28;2025-11-14;14;716
28;2025-11-14;15;761
28;2025-11-14;16;939
28;2025-11-14;17;963
28;2025-11-14;18;863
28;2025-11-14;19;663
28;2025-11-14;20;458
28;2025-11-14;21;321
28;2025-11-14;22;123
28;2025-11-14;23;19
28;2025-11-15;0;0
28;2025-11-15;1;0
28;2025-11-15;2;0
28;2025-11-15;3;0
28;2025-11-15;4;1
28;2025-11-15;5;41
28;2025-11-15;6;108
28;2025-11-15;7;234
28;2025-11-15;8;396
28;2025-11-15;9;454
28;2025-11-15;10;456
28;2025-11-15;11;467
28;2025-11-15;12;564
28;2025-11-15;13;593
28;2025-11-15;14;582
28;2025-11-15;15;591
28;2025-11-15;16;596
28;2025-11-15;17;571
28;2025-11-15;18;499
28;2025-11-15;19;386
28;2025-11-15;20;290
28;2025-11-15;21;253
28;2025-11-15;22;116
28;2025-11-15;23;17
28;2025-11-16;0;1
28;2025-11-16;1;0
28;2025-11-16;2;0
28;2025-11-16;3;0
28;2025-11-16;4;0
28;2025-11-16;5;16
28;2025-11-16;6;76
28;2025-11-16;7;153
28;2025-11-16;8;231
28;2025-11-16;9;331
28;2025-11-16;10;367
28;2025-11-16;11;410
28;2025-11-16;12;458
28;2025-11-16;13;537
28;2025-11-16;14;519
28;2025-11-16;15;499
28;2025-11-16;16;468
28;2025-11-16;17;471
28;2025-11-16;18;419
28;2025-11-16;19;356
28;2025-11-16;20;286
28;2025-11-16;21;233
28;2025-11-16;22;107
28;2025-11-16;23;14
28;2025-11-17;0;0
28;2025-11-17;1;0
28;2025-11-17;2;0
28;2025-11-17;3;0
28;2025-11-17;4;2
28;2025-11-17;5;75
28;2025-11-17;6;271
28;2025-11-17;7;770
28;2025-11-17;8;1248
28;2025-11-17;9;826
28;2025-11-17;10;628
28;2025-11-17;11;542
28;2025-11-17;12;652
28;2025-11-17;13;655
28;2025-11-17;14;619
28;2025-11-17;15;644
28;2025-11-17;16;847
28;2025-11-17;17;970
28;2025-11-17;18;975
28;2025-11-17;19;714
28;2025-11-17;20;473
28;2025-11-17;21;299
28;2025-11-17;22;116
28;2025-11-17;23;7
28;2025-11-18;0;0
28;2025-11-18;1;0
28;2025-11-18;2;0
28;2025-11-18;3;0
28;2025-11-18;4;2
28;2025-11-18;5;66
28;2025-11-18;6;258
28;2025-11-18;7;802
28;2025-11-18;8;1270
28;2025-11-18;9;850
28;2025-11-18;10;594
28;2025-11-18;11;583
28;2025-11-18;12;678
28;2025-11-18;13;698
28;2025-11-18;14;680
28;2025-11-18;15;725
28;2025-11-18;16;883
28;2025-11-18;17;1018
28;2025-11-18;18;1011
28;2025-11-18;19;771
28;2025-11-18;20;527
28;2025-11-18;21;321
28;2025-11-18;22;128
28;2025-11-18;23;14
28;2025-11-19;0;0
28;2025-11-19;1;0
28;2025-11-19;2;0
28;2025-11-19;3;0
28;2025-11-19;4;1
28;2025-11-19;5;78
28;2025-11-19;6;260
28;2025-11-19;7;795
28;2025-11-19;8;1257
28;2025-11-19;9;854
28;2025-11-19;10;618
28;2025-11-19;11;584
28;2025-11-19;12;673
28;2025-11-19;13;695
28;2025-11-19;14;678
28;2025-11-19;15;718
28;2025-11-19;16;875
28;2025-11-19;17;1014
28;2025-11-19;18;1010
28;2025-11-19;19;768
28;2025-11-19;20;524
28;2025-11-19;21;322
28;2025-11-19;22;129
28;2025-11-19;23;14
28;2025-11-20;0;0
28;2025-11-20;1;0
28;2025-11-20;2;0
28;2025-11-20;3;0
28;2025-11-20;4;1
28;2025-11-20;5;78
28;2025-11-20;6;259
28;2025-11-20;7;793
28;2025-11-20;8;1250
28;2025-11-20;9;852
28;2025-11-20;10;617
28;2025-11-20;11;583
28;2025-11-20;12;672
28;2025-11-20;13;694
28;2025-11-20;14;677
28;2025-11-20;15;716
28;2025-11-20;16;873
28;2025-11-20;17;1013
28;2025-11-20;18;1008
28;2025-11-20;19;763
28;2025-11-20;20;521
28;2025-11-20;21;320
28;2025-11-20;22;127
28;2025-11-20;23;14
28;2025-11-21;0;0
28;2025-11-21;1;0
28;2025-11-21;2;0
28;2025-11-21;3;0
28;2025-11-21;4;2
28;2025-11-21;5;82
28;2025-11-21;6;274
28;2025-11-21;7;816
28;2025-11-21;8;1253
28;2025-11-21;9;842
28;2025-11-21;10;623
28;2025-11-21;11;599
28;2025-11-21;12;749
28;2025-11-21;13;732
28;2025-11-21;14;704
28;2025-11-21;15;751
28;2025-11-21;16;933
28;2025-11-21;17;957
28;2025-11-21;18;853
28;2025-11-21;19;655
28;2025-11-21;20;456
28;2025-11-21;21;320
28;2025-11-21;22;124
28;2025-11-21;23;21
28;2025-11-22;0;0
28;2025-11-22;1;0
28;2025-11-22;2;0
28;2025-11-22;3;0
28;2025-11-22;4;1
28;2025-11-22;5;39
28;2025-11-22;6;106
28;2025-11-22;7;228
28;2025-11-22;8;390
28;2025-11-22;9;450
28;2025-11-22;10;478
28;2025-11-22;11;491
28;2025-11-22;12;583
28;2025-11-22;13;620
28;2025-11-22;14;582
28;2025-11-22;15;591
28;2025-11-22;16;595
28;2025-11-22;17;571
28;2025-11-22;18;502
28;2025-11-22;19;387
28;2025-11-22;20;291
28;2025-11-22;21;250
28;2025-11-22;22;115
28;2025-11-22;23;19
28;2025-11-23;0;1
28;2025-11-23;1;0
28;2025-11-23;2;0
28;2025-11-23;3;0
28;2025-11-23;4;0
28;2025-11-23;5;25
28;2025-11-23;6;78
28;2025-11-23;7;159
28;2025-11-23;8;258
28;2025-11-23;9;342
28;2025-11-23;10;380
28;2025-11-23;11;415
28;2025-11-23;12;464
28;2025-11-23;13;542
28;2025-11-23;14;523
28;2025-11-23;15;508
28;2025-11-23;16;468
28;2025-11-23;17;470
28;2025-11-23;18;417
28;2025-11-23;19;356
28;2025-11-23;20;288
28;2025-11-23;21;234
28;2025-11-23;22;108
28;2025-11-23;23;12
28;2025-11-24;0;0
28;2025-11-24;1;0
28;2025-11-24;2;0
28;2025-11-24;3;0
28;2025-11-24;4;2
28;2025-11-24;5;65
28;2025-11-24;6;261
28;2025-11-24;7;782
28;2025-11-24;8;1247
28;2025-11-24;9;837
28;2025-11-24;10;605
28;2025-11-24;11;533
28;2025-11-24;12;658
28;2025-11-24;13;679
28;2025-11-24;14;629
28;2025-11-24;15;655
28;2025-11-24;16;855
28;2025-11-24;17;971
28;2025-11-24;18;975
28;2025-11-24;19;719
28;2025-11-24;20;471
28;2025-11-24;21;294
28;2025-11-24;22;116
28;2025-11-24;23;7
28;2025-11-25;0;0
28;2025-11-25;1;0
28;2025-11-25;2;0
28;2025-11-25;3;0
28;2025-11-25;4;1
28;2025-11-25;5;80
28;2025-11-25;6;262
28;2025-11-25;7;798
28;2025-11-25;8;1256
28;2025-11-25;9;858
28;2025-11-25;10;620
28;2025-11-25;11;583
28;2025-11-25;12;669
28;2025-11-25;13;694
28;2025-11-25;14;676
28;2025-11-25;15;716
28;2025-11-25;16;873
28;2025-11-25;17;1013
28;2025-11-25;18;1009
28;2025-11-25;19;767
28;2025-11-25;20;523
28;2025-11-25;21;322
28;2025-11-25;22;128
28;2025-11-25;23;14
28;2025-11-26;0;0
28;2025-11-26;1;0
28;2025-11-26;2;0
28;2025-11-26;3;0
28;2025-11-26;4;1
28;2025-11-26;5;81
28;2025-11-26;6;263
28;2025-11-26;7;809
28;2025-11-26;8;1286
28;2025-11-26;9;868
28;2025-11-26;10;620
28;2025-11-26;11;591
28;2025-11-26;12;678
28;2025-11-26;13;699
28;2025-11-26;14;681
28;2025-11-26;15;719
28;2025-11-26;16;875
28;2025-11-26;17;1015
28;2025-11-26;18;1011
28;2025-11-26;19;772
28;2025-11-26;20;527
28;2025-11-26;21;326
28;2025-11-26;22;131
28;2025-11-26;23;13
28;2025-11-27;0;0
28;2025-11-27;1;0
28;2025-11-27;2;0
28;2025-11-27;3;0
28;2025-11-27;4;1
28;2025-11-27;5;79
28;2025-11-27;6;261
28;2025-11-27;7;798
28;2025-11-27;8;1252
28;2025-11-27;9;854
28;2025-11-27;10;619
28;2025-11-27;11;589
28;2025-11-27;12;683
28;2025-11-27;13;703
28;2025-11-27;14;687
28;2025-11-27;15;727
28;2025-11-27;16;884
28;2025-11-27;17;1023
28;2025-11-27;18;1020
28;2025-11-27;19;778
28;2025-11-27;20;530
28;2025-11-27;21;329
28;2025-11-27;22;134
28;2025-11-27;23;14
28;2025-11-28;0;0
28;2025-11-28;1;0
28;2025-11-28;2;0
28;2025-11-28;3;0
28;2025-11-28;4;2
28;2025-11-28;5;77
28;2025-11-28;6;273
28;2025-11-28;7;823
28;2025-11-28;8;1253
28;2025-11-28;9;842
28;2025-11-28;10;623
28;2025-11-28;11;598
28;2025-11-28;12;762
28;2025-11-28;13;734
28;2025-11-28;14;706
28;2025-11-28;15;757
28;2025-11-28;16;935
28;2025-11-28;17;958
28;2025-11-28;18;854
28;2025-11-28;19;654
28;2025-11-28;20;454
28;2025-11-28;21;318
28;2025-11-28;22;124
28;2025-11-28;23;21
28;2025-11-29;0;0
28;2025-11-29;1;0
28;2025-11-29;2;0
28;2025-11-29;3;0
28;2025-11-29;4;1
28;2025-11-29;5;35
28;2025-11-29;6;107
28;2025-11-29;7;228
28;2025-11-29;8;385
28;2025-11-29;9;455
28;2025-11-29;10;479
28;2025-11-29;11;492
28;2025-11-29;12;584
28;2025-11-29;13;619
28;2025-11-29;14;582
28;2025-11-29;15;591
28;2025-11-29;16;596
28;2025-11-29;17;571
28;2025-11-29;18;499
28;2025-11-29;19;386
28;2025-11-29;20;291
28;2025-11-29;21;254
28;2025-11-29;22;116
28;2025-11-29;23;16
28;2025-11-30;0;1
28;2025-11-30;1;0
28;2025-11-30;2;0
28;2025-11-30;3;0
28;2025-11-30;4;0
28;2025-11-30;5;28
28;2025-11-30;6;80
28;2025-11-30;7;162
28;2025-11-30;8;260
28;2025-11-30;9;343
28;2025-11-30;10;380
28;2025-11-30;11;415
28;2025-11-30;12;462
28;2025-11-30;13;543
28;2025-11-30;14;528
28;2025-11-30;15;512
28;2025-11-30;16;473
28;2025-11-30;17;476
28;2025-11-30;18;432
28;2025-11-30;19;367
28;2025-11-30;20;295
28;2025-11-30;21;246
28;2025-11-30;22;111
28;2025-11-30;23;13
28;2025-12-01;0;0
28;2025-12-01;1;0
28;2025-12-01;2;0
28;2025-12-01;3;0
28;2025-12-01;4;2
28;2025-12-01;5;75
28;2025-12-01;6;272
28;2025-12-01;7;771
28;2025-12-01;8;1252
28;2025-12-01;9;832
28;2025-12-01;10;621
28;2025-12-01;11;540
28;2025-12-01;12;649
28;2025-12-01;13;671
28;2025-12-01;14;618
28;2025-12-01;15;644
28;2025-12-01;16;846
28;2025-12-01;17;969
28;2025-12-01;18;977
28;2025-12-01;19;717
28;2025-12-01;20;471
28;2025-12-01;21;292
28;2025-12-01;22;115
28;2025-12-01;23;7
28;2025-12-02;0;0
28;2025-12-02;1;0
28;2025-12-02;2;0
28;2025-12-02;3;0
28;2025-12-02;4;1
28;2025-12-02;5;79
28;2025-12-02;6;262
28;2025-12-02;7;797
28;2025-12-02;8;1259
28;2025-12-02;9;858
28;2025-12-02;10;620
28;2025-12-02;11;579
28;2025-12-02;12;669
28;2025-12-02;13;694
28;2025-12-02;14;676
28;2025-12-02;15;716
28;2025-12-02;16;873
28;2025-12-02;17;1013
28;2025-12-02;18;1009
28;2025-12-02;19;767
28;2025-12-02;20;523
28;2025-12-02;21;322
28;2025-12-02;22;128
28;2025-12-02;23;14
28;2025-12-03;0;0
28;2025-12-03;1;0
28;2025-12-03;2;0
28;2025-12-03;3;0
28;2025-12-03;4;1
28;2025-12-03;5;78
28;2025-12-03;6;260
28;2025-12-03;7;795
28;2025-12-03;8;1257
28;2025-12-03;9;854
28;2025-12-03;10;617
28;2025-12-03;11;583
28;2025-12-03;12;673
28;2025-12-03;13;695
28;2025-12-03;14;678
28;2025-12-03;15;718
28;2025-12-03;16;875
28;2025-12-03;17;1014
28;2025-12-03;18;1010
28;2025-12-03;19;767
28;2025-12-03;20;523
28;2025-12-03;21;322
28;2025-12-03;22;128
28;2025-12-03;23;14
28;2025-12-04;0;0
28;2025-12-04;1;0
28;2025-12-04;2;0
28;2025-12-04;3;0
28;2025-12-04;4;1
28;2025-12-04;5;77
28;2025-12-04;6;259
28;2025-12-04;7;794
28;2025-12-04;8;1256
28;2025-12-04;9;851
28;2025-12-04;10;616
28;2025-12-04;11;582
28;2025-12-04;12;673
28;2025-12-04;13;696
28;2025-12-04;14;679
28;2025-12-04;15;719
28;2025-12-04;16;876
28;2025-12-04;17;1015
28;2025-12-04;18;1011
28;2025-12-04;19;768
28;2025-12-04;20;524
28;2025-12-04;21;325
28;2025-12-04;22;131
28;2025-12-04;23;15
28;2025-12-05;0;0
28;2025-12-05;1;0
28;2025-12-05;2;0
28;2025-12-05;3;0
28;2025-12-05;4;2
28;2025-12-05;5;76
28;2025-12-05;6;271
28;2025-12-05;7;819
28;2025-12-05;8;1252
28;2025-12-05;9;841
28;2025-12-05;10;622
28;2025-12-05;11;599
28;2025-12-05;12;763
28;2025-12-05;13;733
28;2025-12-05;14;704
28;2025-12-05;15;752
28;2025-12-05;16;934
28;2025-12-05;17;958
28;2025-12-05;18;854
28;2025-12-05;19;654
28;2025-12-05;20;454
28;2025-12-05;21;318
28;2025-12-05;22;124
28;2025-12-05;23;22
28;2025-12-06;0;0
28;2025-12-06;1;0
28;2025-12-06;2;0
28;2025-12-06;3;0
28;2025-12-06;4;1
28;2025-12-06;5;35
28;2025-12-06;6;108
28;2025-12-06;7;228
28;2025-12-06;8;384
28;2025-12-06;9;453
28;2025-12-06;10;476
28;2025-12-06;11;488
28;2025-12-06;12;586
28;2025-12-06;13;629
28;2025-12-06;14;591
28;2025-12-06;15;597
28;2025-12-06;16;603
28;2025-12-06;17;572
28;2025-12-06;18;508
28;2025-12-06;19;387
28;2025-12-06;20;291
28;2025-12-06;21;257
28;2025-12-06;22;118
28;2025-12-06;23;17
28;2025-12-07;0;1
28;2025-12-07;1;0
28;2025-12-07;2;0
28;2025-12-07;3;0
28;2025-12-07;4;0
28;2025-12-07;5;29
28;2025-12-07;6;81
28;2025-12-07;7;159
28;2025-12-07;8;257
28;2025-12-07;9;342
28;2025-12-07;10;380
28;2025-12-07;11;415
28;2025-12-07;12;462
28;2025-12-07;13;542
28;2025-12-07;14;523
28;2025-12-07;15;507
28;2025-12-07;16;468
28;2025-12-07;17;470
28;2025-12-07;18;418
28;2025-12-07;19;358
28;2025-12-07;20;287
28;2025-12-07;21;235
28;2025-12-07;22;108
28;2025-12-07;23;13
28;2025-12-08;0;0
28;2025-12-08;1;0
28;2025-12-08;2;0
28;2025-12-08;3;0
28;2025-12-08;4;2
28;2025-12-08;5;75
28;2025-12-08;6;272
28;2025-12-08;7;771
28;2025-12-08;8;1252
28;2025-12-08;9;832
28;2025-12-08;10;621
28;2025-12-08;11;540
28;2025-12-08;12;649
28;2025-12-08;13;669
28;2025-12-08;14;619
28;2025-12-08;15;644
28;2025-12-08;16;846
28;2025-12-08;17;969
28;2025-12-08;18;977
28;2025-12-08;19;717
28;2025-12-08;20;471
28;2025-12-08;21;292
28;2025-12-08;22;115
28;2025-12-08;23;7
28;2025-12-09;0;0
28;2025-12-09;1;0
28;2025-12-09;2;0
28;2025-12-09;3;0
28;2025-12-09;4;1
28;2025-12-09;5;79
28;2025-12-09;6;262
28;2025-12-09;7;797
28;2025-12-09;8;1257
28;2025-12-09;9;859
28;2025-12-09;10;621
28;2025-12-09;11;580
28;2025-12-09;12;669
28;2025-12-09;13;694
28;2025-12-09;14;676
28;2025-12-09;15;717
28;2025-12-09;16;874
28;2025-12-09;17;1013
28;2025-12-09;18;1009
28;2025-12-09;19;768
28;2025-12-09;20;524
28;2025-12-09;21;323
28;2025-12-09;22;131
28;2025-12-09;23;14
28;2025-12-10;0;0
28;2025-12-10;1;0
28;2025-12-10;2;0
28;2025-12-10;3;0
28;2025-12-10;4;1
28;2025-12-10;5;96
28;2025-12-10;6;278
28;2025-12-10;7;815
28;2025-12-10;8;1260
28;2025-12-10;9;871
28;2025-12-10;10;629
28;2025-12-10;11;590
28;2025-12-10;12;674
28;2025-12-10;13;695
28;2025-12-10;14;678
28;2025-12-10;15;718
28;2025-12-10;16;875
28;2025-12-10;17;1014
28;2025-12-10;18;1010
28;2025-12-10;19;768
28;2025-12-10;20;524
28;2025-12-10;21;322
28;2025-12-10;22;129
28;2025-12-10;23;14
28;2025-12-11;0;0
28;2025-12-11;1;0
28;2025-12-11;2;0
28;2025-12-11;3;0
28;2025-12-11;4;1
28;2025-12-11;5;77
28;2025-12-11;6;258
28;2025-12-11;7;793
28;2025-12-11;8;1259
28;2025-12-11;9;847
28;2025-12-11;10;612
28;2025-12-11;11;580
28;2025-12-11;12;672
28;2025-12-11;13;696
28;2025-12-11;14;677
28;2025-12-11;15;721
28;2025-12-11;16;876
28;2025-12-11;17;1014
28;2025-12-11;18;1010
28;2025-12-11;19;777
28;2025-12-11;20;533
28;2025-12-11;21;329
28;2025-12-11;22;134
28;2025-12-11;23;16
28;2025-12-12;0;0
28;2025-12-12;1;0
28;2025-12-12;2;0
28;2025-12-12;3;0
28;2025-12-12;4;2
28;2025-12-12;5;78
28;2025-12-12;6;267
28;2025-12-12;7;823
28;2025-12-12;8;1249
28;2025-12-12;9;846
28;2025-12-12;10;622
28;2025-12-12;11;603
28;2025-12-12;12;762
28;2025-12-12;13;720
28;2025-12-12;14;699
28;2025-12-12;15;725
28;2025-12-12;16;901
28;2025-12-12;17;946
28;2025-12-12;18;853
28;2025-12-12;19;655
28;2025-12-12;20;457
28;2025-12-12;21;322
28;2025-12-12;22;121
28;2025-12-12;23;19
28;2025-12-13;0;0
28;2025-12-13;1;0
28;2025-12-13;2;0
28;2025-12-13;3;0
28;2025-12-13;4;1
28;2025-12-13;5;31
28;2025-12-13;6;103
28;2025-12-13;7;218
28;2025-12-13;8;371
28;2025-12-13;9;442
28;2025-12-13;10;462
28;2025-12-13;11;474
28;2025-12-13;12;568
28;2025-12-13;13;606
28;2025-12-13;14;573
28;2025-12-13;15;587
28;2025-12-13;16;593
28;2025-12-13;17;567
28;2025-12-13;18;506
28;2025-12-13;19;384
28;2025-12-13;20;284
28;2025-12-13;21;250
28;2025-12-13;22;121
28;2025-12-13;23;18
28;2025-12-14;0;1
28;2025-12-14;1;0
28;2025-12-14;2;0
28;2025-12-14;3;0
28;2025-12-14;4;0
28;2025-12-14;5;16
28;2025-12-14;6;59
28;2025-12-14;7;136
28;2025-12-14;8;226
28;2025-12-14;9;328
28;2025-12-14;10;363
28;2025-12-14;11;404
28;2025-12-14;12;455
28;2025-12-14;13;537
28;2025-12-14;14;519
28;2025-12-14;15;505
28;2025-12-14;16;470
28;2025-12-14;17;472
28;2025-12-14;18;429
28;2025-12-14;19;365
28;2025-12-14;20;291
28;2025-12-14;21;238
28;2025-12-14;22;111
28;2025-12-14;23;16
28;2025-12-15;0;0
28;2025-12-15;1;0
28;2025-12-15;2;0
28;2025-12-15;3;0
28;2025-12-15;4;2
28;2025-12-15;5;76
28;2025-12-15;6;274
28;2025-12-15;7;774
28;2025-12-15;8;1255
28;2025-12-15;9;844
28;2025-12-15;10;636
28;2025-12-15;11;538
28;2025-12-15;12;653
28;2025-12-15;13;669
28;2025-12-15;14;620
28;2025-12-15;15;651
28;2025-12-15;16;855
28;2025-12-15;17;979
28;2025-12-15;18;986
28;2025-12-15;19;731
28;2025-12-15;20;483
28;2025-12-15;21;302
28;2025-12-15;22;124
28;2025-12-15;23;13
28;2025-12-16;0;0
28;2025-12-16;1;0
28;2025-12-16;2;0
28;2025-12-16;3;0
28;2025-12-16;4;1
28;2025-12-16;5;77
28;2025-12-16;6;257
28;2025-12-16;7;792
28;2025-12-16;8;1251
28;2025-12-16;9;854
28;2025-12-16;10;618
28;2025-12-16;11;595
28;2025-12-16;12;686
28;2025-12-16;13;684
28;2025-12-16;14;679
28;2025-12-16;15;716
28;2025-12-16;16;873
28;2025-12-16;17;1013
28;2025-12-16;18;1009
28;2025-12-16;19;767
28;2025-12-16;20;523
28;2025-12-16;21;321
28;2025-12-16;22;128
28;2025-12-16;23;14
28;2025-12-17;0;0
28;2025-12-17;1;0
28;2025-12-17;2;0
28;2025-12-17;3;0
28;2025-12-17;4;1
28;2025-12-17;5;78
28;2025-12-17;6;259
28;2025-12-17;7;794
28;2025-12-17;8;1257
28;2025-12-17;9;853
28;2025-12-17;10;617
28;2025-12-17;11;583
28;2025-12-17;12;673
28;2025-12-17;13;695
28;2025-12-17;14;678
28;2025-12-17;15;718
28;2025-12-17;16;875
28;2025-12-17;17;1014
28;2025-12-17;18;1010
28;2025-12-17;19;767
28;2025-12-17;20;523
28;2025-12-17;21;322
28;2025-12-17;22;128
28;2025-12-17;23;14
28;2025-12-18;0;0
28;2025-12-18;1;0
28;2025-12-18;2;0
28;2025-12-18;3;0
28;2025-12-18;4;1
28;2025-12-18;5;77
28;2025-12-18;6;259
28;2025-12-18;7;793
28;2025-12-18;8;1254
28;2025-12-18;9;851
28;2025-12-18;10;617
28;2025-12-18;11;583
28;2025-12-18;12;672
28;2025-12-18;13;694
28;2025-12-18;14;677
28;2025-12-18;15;716
28;2025-12-18;16;873
28;2025-12-18;17;1013
28;2025-12-18;18;1008
28;2025-12-18;19;766
28;2025-12-18;20;522
28;2025-12-18;21;320
28;2025-12-18;22;128
28;2025-12-18;23;14
28;2025-12-19;0;0
28;2025-12-19;1;0
28;2025-12-19;2;0
28;2025-12-19;3;0
28;2025-12-19;4;2
28;2025-12-19;5;76
28;2025-12-19;6;271
28;2025-12-19;7;818
28;2025-12-19;8;1252
28;2025-12-19;9;842
28;2025-12-19;10;624
28;2025-12-19;11;600
28;2025-12-19;12;763
28;2025-12-19;13;733
28;2025-12-19;14;705
28;2025-12-19;15;751
28;2025-12-19;16;929
28;2025-12-19;17;956
28;2025-12-19;18;858
28;2025-12-19;19;654
28;2025-12-19;20;456
28;2025-12-19;21;320
28;2025-12-19;22;124
28;2025-12-19;23;21
28;2025-12-20;0;0
28;2025-12-20;1;0
28;2025-12-20;2;0
28;2025-12-20;3;0
28;2025-12-20;4;1
28;2025-12-20;5;36
28;2025-12-20;6;108
28;2025-12-20;7;229
28;2025-12-20;8;385
28;2025-12-20;9;454
28;2025-12-20;10;478
28;2025-12-20;11;492
28;2025-12-20;12;585
28;2025-12-20;13;619
28;2025-12-20;14;582
28;2025-12-20;15;591
28;2025-12-20;16;596
28;2025-12-20;17;571
28;2025-12-20;18;499
28;2025-12-20;19;384
28;2025-12-20;20;290
28;2025-12-20;21;253
28;2025-12-20;22;116
28;2025-12-20;23;17
28;2025-12-21;0;1
28;2025-12-21;1;0
28;2025-12-21;2;0
28;2025-12-21;3;0
28;2025-12-21;4;0
28;2025-12-21;5;28
28;2025-12-21;6;82
28;2025-12-21;7;161
28;2025-12-21;8;259
28;2025-12-21;9;343
28;2025-12-21;10;380
28;2025-12-21;11;415
28;2025-12-21;12;462
28;2025-12-21;13;542
28;2025-12-21;14;523
28;2025-12-21;15;508
28;2025-12-21;16;468
28;2025-12-21;17;470
28;2025-12-21;18;418
28;2025-12-21;19;359
28;2025-12-21;20;287
28;2025-12-21;21;235
28;2025-12-21;22;106
28;2025-12-21;23;13
28;2025-12-22;0;0
28;2025-12-22;1;0
28;2025-12-22;2;0
28;2025-12-22;3;0
28;2025-12-22;4;2
28;2025-12-22;5;75
28;2025-12-22;6;272
28;2025-12-22;7;772
28;2025-12-22;8;1256
28;2025-12-22;9;842
28;2025-12-22;10;642
28;2025-12-22;11;545
28;2025-12-22;12;655
28;2025-12-22;13;669
28;2025-12-22;14;619
28;2025-12-22;15;646
28;2025-12-22;16;848
28;2025-12-22;17;970
28;2025-12-22;18;984
28;2025-12-22;19;718
28;2025-12-22;20;476
28;2025-12-22;21;299
28;2025-12-22;22;119
28;2025-12-22;23;6
28;2025-12-23;0;0
28;2025-12-23;1;0
28;2025-12-23;2;0
28;2025-12-23;3;0
28;2025-12-23;4;1
28;2025-12-23;5;79
28;2025-12-23;6;264
28;2025-12-23;7;799
28;2025-12-23;8;1256
28;2025-12-23;9;865
28;2025-12-23;10;622
28;2025-12-23;11;582
28;2025-12-23;12;673
28;2025-12-23;13;689
28;2025-12-23;14;669
28;2025-12-23;15;709
28;2025-12-23;16;866
28;2025-12-23;17;1007
28;2025-12-23;18;1008
28;2025-12-23;19;777
28;2025-12-23;20;527
28;2025-12-23;21;326
28;2025-12-23;22;132
28;2025-12-23;23;15
28;2025-12-24;0;0
28;2025-12-24;1;0
28;2025-12-24;2;0
28;2025-12-24;3;0
28;2025-12-24;4;1
28;2025-12-24;5;76
28;2025-12-24;6;256
28;2025-12-24;7;789
28;2025-12-24;8;1243
28;2025-12-24;9;855
28;2025-12-24;10;620
28;2025-12-24;11;586
28;2025-12-24;12;668
28;2025-12-24;13;698
28;2025-12-24;14;677
28;2025-12-24;15;709
28;2025-12-24;16;873
28;2025-12-24;17;1013
28;2025-12-24;18;1011
28;2025-12-24;19;773
28;2025-12-24;20;526
28;2025-12-24;21;322
28;2025-12-24;22;129
28;2025-12-24;23;12
28;2025-12-25;0;0
28;2025-12-25;1;0
28;2025-12-25;2;0
28;2025-12-25;3;0
28;2025-12-25;4;1
28;2025-12-25;5;79
28;2025-12-25;6;266
28;2025-12-25;7;793
28;2025-12-25;8;1248
28;2025-12-25;9;847
28;2025-12-25;10;612
28;2025-12-25;11;574
28;2025-12-25;12;668
28;2025-12-25;13;693
28;2025-12-25;14;676
28;2025-12-25;15;720
28;2025-12-25;16;877
28;2025-12-25;17;1022
28;2025-12-25;18;1019
28;2025-12-25;19;774
28;2025-12-25;20;525
28;2025-12-25;21;328
28;2025-12-25;22;135
28;2025-12-25;23;13
28;2025-12-26;0;0
28;2025-12-26;1;0
28;2025-12-26;2;0
28;2025-12-26;3;0
28;2025-12-26;4;2
28;2025-12-26;5;63
28;2025-12-26;6;270
28;2025-12-26;7;820
28;2025-12-26;8;1276
28;2025-12-26;9;839
28;2025-12-26;10;611
28;2025-12-26;11;602
28;2025-12-26;12;745
28;2025-12-26;13;722
28;2025-12-26;14;697
28;2025-12-26;15;744
28;2025-12-26;16;922
28;2025-12-26;17;942
28;2025-12-26;18;854
28;2025-12-26;19;653
28;2025-12-26;20;453
28;2025-12-26;21;315
28;2025-12-26;22;119
28;2025-12-26;23;21
28;2025-12-27;0;0
28;2025-12-27;1;0
28;2025-12-27;2;0
28;2025-12-27;3;0
28;2025-12-27;4;1
28;2025-12-27;5;36
28;2025-12-27;6;108
28;2025-12-27;7;229
28;2025-12-27;8;386
28;2025-12-27;9;447
28;2025-12-27;10;479
28;2025-12-27;11;492
28;2025-12-27;12;585
28;2025-12-27;13;618
28;2025-12-27;14;582
28;2025-12-27;15;582
28;2025-12-27;16;587
28;2025-12-27;17;571
28;2025-12-27;18;500
28;2025-12-27;19;384
28;2025-12-27;20;290
28;2025-12-27;21;256
28;2025-12-27;22;118
28;2025-12-27;23;23
28;2025-12-28;0;1
28;2025-12-28;1;0
28;2025-12-28;2;0
28;2025-12-28;3;0
28;2025-12-28;4;0
28;2025-12-28;5;31
28;2025-12-28;6;87
28;2025-12-28;7;169
28;2025-12-28;8;271
28;2025-12-28;9;346
28;2025-12-28;10;371
28;2025-12-28;11;414
28;2025-12-28;12;450
28;2025-12-28;13;519
28;2025-12-28;14;502
28;2025-12-28;15;492
28;2025-12-28;16;469
28;2025-12-28;17;471
28;2025-12-28;18;421
28;2025-12-28;19;358
28;2025-12-28;20;286
28;2025-12-28;21;235
28;2025-12-28;22;109
28;2025-12-28;23;14
28;2025-12-29;0;0
28;2025-12-29;1;0
28;2025-12-29;2;0
28;2025-12-29;3;0
28;2025-12-29;4;2
28;2025-12-29;5;68
28;2025-12-29;6;252
28;2025-12-29;7;715
28;2025-12-29;8;1145
28;2025-12-29;9;773
28;2025-12-29;10;570
28;2025-12-29;11;497
28;2025-12-29;12;596
28;2025-12-29;13;621
28;2025-12-29;14;580
28;2025-12-29;15;602
28;2025-12-29;16;787
28;2025-12-29;17;902
28;2025-12-29;18;905
28;2025-12-29;19;676
28;2025-12-29;20;447
28;2025-12-29;21;277
28;2025-12-29;22;111
28;2025-12-29;23;7
28;2025-12-30;0;0
28;2025-12-30;1;0
28;2025-12-30;2;0
28;2025-12-30;3;0
28;2025-12-30;4;1
28;2025-12-30;5;66
28;2025-12-30;6;232
28;2025-12-30;7;731
28;2025-12-30;8;1168
28;2025-12-30;9;795
28;2025-12-30;10;568
28;2025-12-30;11;531
28;2025-12-30;12;611
28;2025-12-30;13;634
28;2025-12-30;14;620
28;2025-12-30;15;656
28;2025-12-30;16;800
28;2025-12-30;17;926
28;2025-12-30;18;928
28;2025-12-30;19;709
28;2025-12-30;20;483
28;2025-12-30;21;295
28;2025-12-30;22;121
28;2025-12-30;23;12
28;2025-12-31;0;0
28;2025-12-31;1;0
28;2025-12-31;2;0
28;2025-12-31;3;0
28;2025-12-31;4;0
28;2025-12-31;5;14
28;2025-12-31;6;32
28;2025-12-31;7;73
28;2025-12-31;8;127
28;2025-12-31;9;177
28;2025-12-31;10;200
28;2025-12-31;11;230
28;2025-12-31;12;297
28;2025-12-31;13;349
28;2025-12-31;14;336
28;2025-12-31;15;330
28;2025-12-31;16;324
28;2025-12-31;17;325
28;2025-12-31;18;278
28;2025-12-31;19;240
28;2025-12-31;20;198
28;2025-12-31;21;153
28;2025-12-31;22;47
28;2025-12-31;23;4
50;2025-11-01;0;28
50;2025-11-01;1;1
50;2025-11-01;2;0
50;2025-11-01;3;0
50;2025-11-01;4;2
50;2025-11-01;5;50
50;2025-11-01;6;405
50;2025-11-01;7;1322
50;2025-11-01;8;1983
50;2025-11-01;9;1512
50;2025-11-01;10;1182
50;2025-11-01;11;1154
50;2025-11-01;12;1130
50;2025-11-01;13;1156
50;2025-11-01;14;1132
50;2025-11-01;15;1331
50;2025-11-01;16;1495
50;2025-11-01;17;1635
50;2025-11-01;18;1404
50;2025-11-01;19;994
50;2025-11-01;20;645
50;2025-11-01;21;435
50;2025-11-01;22;206
50;2025-11-01;23;124
50;2025-11-02;0;27
50;2025-11-02;1;3
50;2025-11-02;2;0
50;2025-11-02;3;0
50;2025-11-02;4;0
50;2025-11-02;5;12
50;2025-11-02;6;69
50;2025-11-02;7;111
50;2025-11-02;8;182
50;2025-11-02;9;235
50;2025-11-02;10;274
50;2025-11-02;11;342
50;2025-11-02;12;314
50;2025-11-02;13;327
50;2025-11-02;14;395
50;2025-11-02;15;375
50;2025-11-02;16;375
50;2025-11-02;17;466
50;2025-11-02;18;398
50;2025-11-02;19;342
50;2025-11-02;20;267
50;2025-11-02;21;215
50;2025-11-02;22;161
50;2025-11-02;23;69
50;2025-11-03;0;40
50;2025-11-03;1;2
50;2025-11-03;2;0
50;2025-11-03;3;0
50;2025-11-03;4;1
50;2025-11-03;5;41
50;2025-11-03;6;173
50;2025-11-03;7;302
50;2025-11-03;8;454
50;2025-11-03;9;524
50;2025-11-03;10;557
50;2025-11-03;11;659
50;2025-11-03;12;690
50;2025-11-03;13;693
50;2025-11-03;14;722
50;2025-11-03;15;699
50;2025-11-03;16;722
50;2025-11-03;17;777
50;2025-11-03;18;729
50;2025-11-03;19;652
50;2025-11-03;20;587
50;2025-11-03;21;431
50;2025-11-03;22;271
50;2025-11-03;23;157
50;2025-11-04;0;38
50;2025-11-04;1;2
50;2025-11-04;2;0
50;2025-11-04;3;0
50;2025-11-04;4;1
50;2025-11-04;5;36
50;2025-11-04;6;165
50;2025-11-04;7;292
50;2025-11-04;8;449
50;2025-11-04;9;501
50;2025-11-04;10;529
50;2025-11-04;11;636
50;2025-11-04;12;653
50;2025-11-04;13;673
50;2025-11-04;14;751
50;2025-11-04;15;716
50;2025-11-04;16;710
50;2025-11-04;17;766
50;2025-11-04;18;723
50;2025-11-04;19;641
50;2025-11-04;20;578
50;2025-11-04;21;426
50;2025-11-04;22;263
50;2025-11-04;23;152
50;2025-11-05;0;30
50;2025-11-05;1;2
50;2025-11-05;2;0
50;2025-11-05;3;0
50;2025-11-05;4;3
50;2025-11-05;5;72
50;2025-11-05;6;558
50;2025-11-05;7;1787
50;2025-11-05;8;2858
50;2025-11-05;9;2171
50;2025-11-05;10;1718
50;2025-11-05;11;1549
50;2025-11-05;12;1533
50;2025-11-05;13;1509
50;2025-11-05;14;1470
50;2025-11-05;15;1700
50;2025-11-05;16;1746
50;2025-11-05;17;2417
50;2025-11-05;18;2513
50;2025-11-05;19;1504
50;2025-11-05;20;945
50;2025-11-05;21;645
50;2025-11-05;22;272
50;2025-11-05;23;148
50;2025-11-06;0;32
50;2025-11-06;1;2
50;2025-11-06;2;0
50;2025-11-06;3;0
50;2025-11-06;4;3
50;2025-11-06;5;72
50;2025-11-06;6;558
50;2025-11-06;7;1781
50;2025-11-06;8;2846
50;2025-11-06;9;2158
50;2025-11-06;10;1711
50;2025-11-06;11;1546
50;2025-11-06;12;1531
50;2025-11-06;13;1513
50;2025-11-06;14;1468
50;2025-11-06;15;1700
50;2025-11-06;16;1749
50;2025-11-06;17;2417
50;2025-11-06;18;2510
50;2025-11-06;19;1502
50;2025-11-06;20;953
50;2025-11-06;21;644
50;2025-11-06;22;270
50;2025-11-06;23;152
50;2025-11-07;0;36
50;2025-11-07;1;1
50;2025-11-07;2;0
50;2025-11-07;3;0
50;2025-11-07;4;3
50;2025-11-07;5;65
50;2025-11-07;6;530
50;2025-11-07;7;1740
50;2025-11-07;8;2642
50;2025-11-07;9;1996
50;2025-11-07;10;1523
50;2025-11-07;11;1489
50;2025-11-07;12;1445
50;2025-11-07;13;1511
50;2025-11-07;14;1468
50;2025-11-07;15;1746
50;2025-11-07;16;2026
50;2025-11-07;17;2145
50;2025-11-07;18;1781
50;2025-11-07;19;1279
50;2025-11-07;20;858
50;2025-11-07;21;567
50;2025-11-07;22;269
50;2025-11-07;23;166
50;2025-11-08;0;122
50;2025-11-08;1;9
50;2025-11-08;2;0
50;2025-11-08;3;0
50;2025-11-08;4;0
50;2025-11-08;5;0
50;2025-11-08;6;64
50;2025-11-08;7;113
50;2025-11-08;8;208
50;2025-11-08;9;294
50;2025-11-08;10;293
50;2025-11-08;11;329
50;2025-11-08;12;386
50;2025-11-08;13;369
50;2025-11-08;14;375
50;2025-11-08;15;411
50;2025-11-08;16;377
50;2025-11-08;17;352
50;2025-11-08;18;296
50;2025-11-08;19;259
50;2025-11-08;20;201
50;2025-11-08;21;162
50;2025-11-08;22;95
50;2025-11-08;23;44
50;2025-11-09;0;27
50;2025-11-09;1;2
50;2025-11-09;2;0
50;2025-11-09;3;0
50;2025-11-09;4;0
50;2025-11-09;5;0
50;2025-11-09;6;40
50;2025-11-09;7;68
50;2025-11-09;8;135
50;2025-11-09;9;194
50;2025-11-09;10;246
50;2025-11-09;11;330
50;2025-11-09;12;369
50;2025-11-09;13;403
50;2025-11-09;14;446
50;2025-11-09;15;445
50;2025-11-09;16;452
50;2025-11-09;17;542
50;2025-11-09;18;411
50;2025-11-09;19;364
50;2025-11-09;20;285
50;2025-11-09;21;223
50;2025-11-09;22;161
50;2025-11-09;23;69
50;2025-11-10;0;21
50;2025-11-10;1;3
50;2025-11-10;2;0
50;2025-11-10;3;0
50;2025-11-10;4;3
50;2025-11-10;5;70
50;2025-11-10;6;537
50;2025-11-10;7;1753
50;2025-11-10;8;2813
50;2025-11-10;9;2188
50;2025-11-10;10;1604
50;2025-11-10;11;1464
50;2025-11-10;12;1373
50;2025-11-10;13;1467
50;2025-11-10;14;1407
50;2025-11-10;15;1618
50;2025-11-10;16;1673
50;2025-11-10;17;2305
50;2025-11-10;18;2519
50;2025-11-10;19;1367
50;2025-11-10;20;869
50;2025-11-10;21;604
50;2025-11-10;22;230
50;2025-11-10;23;115
50;2025-11-11;0;30
50;2025-11-11;1;2
50;2025-11-11;2;0
50;2025-11-11;3;0
50;2025-11-11;4;3
50;2025-11-11;5;72
50;2025-11-11;6;559
50;2025-11-11;7;1794
50;2025-11-11;8;2889
50;2025-11-11;9;2176
50;2025-11-11;10;1725
50;2025-11-11;11;1556
50;2025-11-11;12;1537
50;2025-11-11;13;1516
50;2025-11-11;14;1469
50;2025-11-11;15;1704
50;2025-11-11;16;1751
50;2025-11-11;17;2420
50;2025-11-11;18;2535
50;2025-11-11;19;1508
50;2025-11-11;20;943
50;2025-11-11;21;642
50;2025-11-11;22;269
50;2025-11-11;23;142
50;2025-11-12;0;31
50;2025-11-12;1;2
50;2025-11-12;2;0
50;2025-11-12;3;0
50;2025-11-12;4;3
50;2025-11-12;5;72
50;2025-11-12;6;559
50;2025-11-12;7;1793
50;2025-11-12;8;2881
50;2025-11-12;9;2173
50;2025-11-12;10;1732
50;2025-11-12;11;1557
50;2025-11-12;12;1538
50;2025-11-12;13;1515
50;2025-11-12;14;1473
50;2025-11-12;15;1706
50;2025-11-12;16;1752
50;2025-11-12;17;2422
50;2025-11-12;18;2518
50;2025-11-12;19;1507
50;2025-11-12;20;944
50;2025-11-12;21;644
50;2025-11-12;22;272
50;2025-11-12;23;148
50;2025-11-13;0;32
50;2025-11-13;1;2
50;2025-11-13;2;0
50;2025-11-13;3;0
50;2025-11-13;4;2
50;2025-11-13;5;71
50;2025-11-13;6;557
50;2025-11-13;7;1789
50;2025-11-13;8;2871
50;2025-11-13;9;2165
50;2025-11-13;10;1714
50;2025-11-13;11;1550
50;2025-11-13;12;1536
50;2025-11-13;13;1514
50;2025-11-13;14;1469
50;2025-11-13;15;1704
50;2025-11-13;16;1752
50;2025-11-13;17;2422
50;2025-11-13;18;2518
50;2025-11-13;19;1508
50;2025-11-13;20;947
50;2025-11-13;21;646
50;2025-11-13;22;272
50;2025-11-13;23;151
50;2025-11-14;0;36
50;2025-11-14;1;1
50;2025-11-14;2;0
50;2025-11-14;3;0
50;2025-11-14;4;3
50;2025-11-14;5;65
50;2025-11-14;6;527
50;2025-11-14;7;1744
50;2025-11-14;8;2656
50;2025-11-14;9;2009
50;2025-11-14;10;1542
50;2025-11-14;11;1506
50;2025-11-14;12;1460
50;2025-11-14;13;1516
50;2025-11-14;14;1473
50;2025-11-14;15;1750
50;2025-11-14;16;2030
50;2025-11-14;17;2147
50;2025-11-14;18;1783
50;2025-11-14;19;1281
50;2025-11-14;20;854
50;2025-11-14;21;564
50;2025-11-14;22;264
50;2025-11-14;23;161
50;2025-11-15;0;121
50;2025-11-15;1;9
50;2025-11-15;2;0
50;2025-11-15;3;0
50;2025-11-15;4;0
50;2025-11-15;5;18
50;2025-11-15;6;88
50;2025-11-15;7;165
50;2025-11-15;8;284
50;2025-11-15;9;361
50;2025-11-15;10;352
50;2025-11-15;11;395
50;2025-11-15;12;453
50;2025-11-15;13;450
50;2025-11-15;14;486
50;2025-11-15;15;514
50;2025-11-15;16;479
50;2025-11-15;17;457
50;2025-11-15;18;364
50;2025-11-15;19;320
50;2025-11-15;20;238
50;2025-11-15;21;192
50;2025-11-15;22;125
50;2025-11-15;23;68
50;2025-11-16;0;28
50;2025-11-16;1;3
50;2025-11-16;2;0
50;2025-11-16;3;0
50;2025-11-16;4;0
50;2025-11-16;5;0
50;2025-11-16;6;70
50;2025-11-16;7;114
50;2025-11-16;8;164
50;2025-11-16;9;232
50;2025-11-16;10;288
50;2025-11-16;11;371
50;2025-11-16;12;394
50;2025-11-16;13;421
50;2025-11-16;14;480
50;2025-11-16;15;456
50;2025-11-16;16;463
50;2025-11-16;17;546
50;2025-11-16;18;397
50;2025-11-16;19;351
50;2025-11-16;20;274
50;2025-11-16;21;213
50;2025-11-16;22;160
50;2025-11-16;23;70
50;2025-11-17;0;22
50;2025-11-17;1;3
50;2025-11-17;2;0
50;2025-11-17;3;0
50;2025-11-17;4;3
50;2025-11-17;5;66
50;2025-11-17;6;535
50;2025-11-17;7;1745
50;2025-11-17;8;2796
50;2025-11-17;9;2174
50;2025-11-17;10;1607
50;2025-11-17;11;1461
50;2025-11-17;12;1371
50;2025-11-17;13;1450
50;2025-11-17;14;1402
50;2025-11-17;15;1614
50;2025-11-17;16;1673
50;2025-11-17;17;2300
50;2025-11-17;18;2521
50;2025-11-17;19;1368
50;2025-11-17;20;871
50;2025-11-17;21;610
50;2025-11-17;22;229
50;2025-11-17;23;115
50;2025-11-18;0;30
50;2025-11-18;1;2
50;2025-11-18;2;0
50;2025-11-18;3;0
50;2025-11-18;4;3
50;2025-11-18;5;67
50;2025-11-18;6;562
50;2025-11-18;7;1785
50;2025-11-18;8;2877
50;2025-11-18;9;2132
50;2025-11-18;10;1672
50;2025-11-18;11;1523
50;2025-11-18;12;1510
50;2025-11-18;13;1504
50;2025-11-18;14;1467
50;2025-11-18;15;1701
50;2025-11-18;16;1752
50;2025-11-18;17;2420
50;2025-11-18;18;2524
50;2025-11-18;19;1520
50;2025-11-18;20;951
50;2025-11-18;21;643
50;2025-11-18;22;271
50;2025-11-18;23;141
50;2025-11-19;0;31
50;2025-11-19;1;2
50;2025-11-19;2;0
50;2025-11-19;3;0
50;2025-11-19;4;3
50;2025-11-19;5;72
50;2025-11-19;6;559
50;2025-11-19;7;1794
50;2025-11-19;8;2874
50;2025-11-19;9;2171
50;2025-11-19;10;1722
50;2025-11-19;11;1555
50;2025-11-19;12;1535
50;2025-11-19;13;1514
50;2025-11-19;14;1469
50;2025-11-19;15;1705
50;2025-11-19;16;1752
50;2025-11-19;17;2422
50;2025-11-19;18;2533
50;2025-11-19;19;1508
50;2025-11-19;20;945
50;2025-11-19;21;644
50;2025-11-19;22;272
50;2025-11-19;23;148
50;2025-11-20;0;32
50;2025-11-20;1;2
50;2025-11-20;2;0
50;2025-11-20;3;0
50;2025-11-20;4;3
50;2025-11-20;5;71
50;2025-11-20;6;558
50;2025-11-20;7;1789
50;2025-11-20;8;2868
50;2025-11-20;9;2168
50;2025-11-20;10;1716
50;2025-11-20;11;1550
50;2025-11-20;12;1534
50;2025-11-20;13;1513
50;2025-11-20;14;1469
50;2025-11-20;15;1704
50;2025-11-20;16;1751
50;2025-11-20;17;2421
50;2025-11-20;18;2528
50;2025-11-20;19;1504
50;2025-11-20;20;944
50;2025-11-20;21;643
50;2025-11-20;22;271
50;2025-11-20;23;151
50;2025-11-21;0;36
50;2025-11-21;1;1
50;2025-11-21;2;0
50;2025-11-21;3;0
50;2025-11-21;4;3
50;2025-11-21;5;71
50;2025-11-21;6;532
50;2025-11-21;7;1740
50;2025-11-21;8;2648
50;2025-11-21;9;2008
50;2025-11-21;10;1541
50;2025-11-21;11;1507
50;2025-11-21;12;1446
50;2025-11-21;13;1514
50;2025-11-21;14;1471
50;2025-11-21;15;1750
50;2025-11-21;16;2029
50;2025-11-21;17;2146
50;2025-11-21;18;1788
50;2025-11-21;19;1280
50;2025-11-21;20;858
50;2025-11-21;21;569
50;2025-11-21;22;269
50;2025-11-21;23;166
50;2025-11-22;0;123
50;2025-11-22;1;10
50;2025-11-22;2;0
50;2025-11-22;3;0
50;2025-11-22;4;1
50;2025-11-22;5;15
50;2025-11-22;6;93
50;2025-11-22;7;164
50;2025-11-22;8;277
50;2025-11-22;9;357
50;2025-11-22;10;378
50;2025-11-22;11;437
50;2025-11-22;12;497
50;2025-11-22;13;481
50;2025-11-22;14;486
50;2025-11-22;15;515
50;2025-11-22;16;479
50;2025-11-22;17;456
50;2025-11-22;18;368
50;2025-11-22;19;320
50;2025-11-22;20;239
50;2025-11-22;21;190
50;2025-11-22;22;124
50;2025-11-22;23;73
50;2025-11-23;0;28
50;2025-11-23;1;3
50;2025-11-23;2;0
50;2025-11-23;3;0
50;2025-11-23;4;0
50;2025-11-23;5;9
50;2025-11-23;6;70
50;2025-11-23;7;120
50;2025-11-23;8;190
50;2025-11-23;9;247
50;2025-11-23;10;300
50;2025-11-23;11;378
50;2025-11-23;12;400
50;2025-11-23;13;425
50;2025-11-23;14;484
50;2025-11-23;15;465
50;2025-11-23;16;466
50;2025-11-23;17;551
50;2025-11-23;18;396
50;2025-11-23;19;352
50;2025-11-23;20;277
50;2025-11-23;21;213
50;2025-11-23;22;159
50;2025-11-23;23;69
50;2025-11-24;0;22
50;2025-11-24;1;3
50;2025-11-24;2;0
50;2025-11-24;3;0
50;2025-11-24;4;3
50;2025-11-24;5;69
50;2025-11-24;6;540
50;2025-11-24;7;1763
50;2025-11-24;8;2802
50;2025-11-24;9;2188
50;2025-11-24;10;1592
50;2025-11-24;11;1443
50;2025-11-24;12;1375
50;2025-11-24;13;1470
50;2025-11-24;14;1404
50;2025-11-24;15;1614
50;2025-11-24;16;1673
50;2025-11-24;17;2308
50;2025-11-24;18;2521
50;2025-11-24;19;1370
50;2025-11-24;20;871
50;2025-11-24;21;608
50;2025-11-24;22;233
50;2025-11-24;23;115
50;2025-11-25;0;30
50;2025-11-25;1;2
50;2025-11-25;2;0
50;2025-11-25;3;0
50;2025-11-25;4;3
50;2025-11-25;5;72
50;2025-11-25;6;560
50;2025-11-25;7;1795
50;2025-11-25;8;2878
50;2025-11-25;9;2174
50;2025-11-25;10;1719
50;2025-11-25;11;1551
50;2025-11-25;12;1533
50;2025-11-25;13;1512
50;2025-11-25;14;1465
50;2025-11-25;15;1701
50;2025-11-25;16;1748
50;2025-11-25;17;2422
50;2025-11-25;18;2538
50;2025-11-25;19;1511
50;2025-11-25;20;946
50;2025-11-25;21;644
50;2025-11-25;22;271
50;2025-11-25;23;141
50;2025-11-26;0;31
50;2025-11-26;1;2
50;2025-11-26;2;0
50;2025-11-26;3;0
50;2025-11-26;4;2
50;2025-11-26;5;74
50;2025-11-26;6;561
50;2025-11-26;7;1805
50;2025-11-26;8;2900
50;2025-11-26;9;2174
50;2025-11-26;10;1724
50;2025-11-26;11;1559
50;2025-11-26;12;1538
50;2025-11-26;13;1518
50;2025-11-26;14;1473
50;2025-11-26;15;1706
50;2025-11-26;16;1745
50;2025-11-26;17;2410
50;2025-11-26;18;2519
50;2025-11-26;19;1515
50;2025-11-26;20;949
50;2025-11-26;21;649
50;2025-11-26;22;277
50;2025-11-26;23;148
50;2025-11-27;0;32
50;2025-11-27;1;2
50;2025-11-27;2;0
50;2025-11-27;3;0
50;2025-11-27;4;2
50;2025-11-27;5;71
50;2025-11-27;6;558
50;2025-11-27;7;1789
50;2025-11-27;8;2874
50;2025-11-27;9;2165
50;2025-11-27;10;1714
50;2025-11-27;11;1550
50;2025-11-27;12;1534
50;2025-11-27;13;1513
50;2025-11-27;14;1468
50;2025-11-27;15;1705
50;2025-11-27;16;1752
50;2025-11-27;17;2410
50;2025-11-27;18;2495
50;2025-11-27;19;1513
50;2025-11-27;20;949
50;2025-11-27;21;649
50;2025-11-27;22;277
50;2025-11-27;23;147
50;2025-11-28;0;34
50;2025-11-28;1;1
50;2025-11-28;2;0
50;2025-11-28;3;0
50;2025-11-28;4;3
50;2025-11-28;5;65
50;2025-11-28;6;527
50;2025-11-28;7;1745
50;2025-11-28;8;2655
50;2025-11-28;9;2007
50;2025-11-28;10;1540
50;2025-11-28;11;1506
50;2025-11-28;12;1459
50;2025-11-28;13;1516
50;2025-11-28;14;1473
50;2025-11-28;15;1752
50;2025-11-28;16;2030
50;2025-11-28;17;2144
50;2025-11-28;18;1783
50;2025-11-28;19;1277
50;2025-11-28;20;855
50;2025-11-28;21;566
50;2025-11-28;22;269
50;2025-11-28;23;165
50;2025-11-29;0;123
50;2025-11-29;1;10
50;2025-11-29;2;0
50;2025-11-29;3;0
50;2025-11-29;4;0
50;2025-11-29;5;14
50;2025-11-29;6;93
50;2025-11-29;7;167
50;2025-11-29;8;264
50;2025-11-29;9;369
50;2025-11-29;10;379
50;2025-11-29;11;438
50;2025-11-29;12;497
50;2025-11-29;13;481
50;2025-11-29;14;485
50;2025-11-29;15;515
50;2025-11-29;16;479
50;2025-11-29;17;456
50;2025-11-29;18;364
50;2025-11-29;19;320
50;2025-11-29;20;239
50;2025-11-29;21;193
50;2025-11-29;22;126
50;2025-11-29;23;69
50;2025-11-30;0;28
50;2025-11-30;1;3
50;2025-11-30;2;0
50;2025-11-30;3;0
50;2025-11-30;4;0
50;2025-11-30;5;10
50;2025-11-30;6;70
50;2025-11-30;7;122
50;2025-11-30;8;189
50;2025-11-30;9;248
50;2025-11-30;10;300
50;2025-11-30;11;378
50;2025-11-30;12;399
50;2025-11-30;13;425
50;2025-11-30;14;487
50;2025-11-30;15;464
50;2025-11-30;16;464
50;2025-11-30;17;551
50;2025-11-30;18;411
50;2025-11-30;19;361
50;2025-11-30;20;282
50;2025-11-30;21;224
50;2025-11-30;22;161
50;2025-11-30;23;71
50;2025-12-01;0;22
50;2025-12-01;1;3
50;2025-12-01;2;0
50;2025-12-01;3;0
50;2025-12-01;4;3
50;2025-12-01;5;70
50;2025-12-01;6;541
50;2025-12-01;7;1753
50;2025-12-01;8;2802
50;2025-12-01;9;2183
50;2025-12-01;10;1597
50;2025-12-01;11;1461
50;2025-12-01;12;1371
50;2025-12-01;13;1469
50;2025-12-01;14;1407
50;2025-12-01;15;1615
50;2025-12-01;16;1670
50;2025-12-01;17;2306
50;2025-12-01;18;2521
50;2025-12-01;19;1370
50;2025-12-01;20;872
50;2025-12-01;21;607
50;2025-12-01;22;232
50;2025-12-01;23;115
50;2025-12-02;0;31
50;2025-12-02;1;2
50;2025-12-02;2;0
50;2025-12-02;3;0
50;2025-12-02;4;3
50;2025-12-02;5;72
50;2025-12-02;6;560
50;2025-12-02;7;1795
50;2025-12-02;8;2878
50;2025-12-02;9;2176
50;2025-12-02;10;1721
50;2025-12-02;11;1553
50;2025-12-02;12;1533
50;2025-12-02;13;1515
50;2025-12-02;14;1468
50;2025-12-02;15;1701
50;2025-12-02;16;1748
50;2025-12-02;17;2422
50;2025-12-02;18;2538
50;2025-12-02;19;1511
50;2025-12-02;20;946
50;2025-12-02;21;644
50;2025-12-02;22;271
50;2025-12-02;23;141
50;2025-12-03;0;31
50;2025-12-03;1;2
50;2025-12-03;2;0
50;2025-12-03;3;0
50;2025-12-03;4;2
50;2025-12-03;5;72
50;2025-12-03;6;559
50;2025-12-03;7;1794
50;2025-12-03;8;2874
50;2025-12-03;9;2173
50;2025-12-03;10;1722
50;2025-12-03;11;1555
50;2025-12-03;12;1535
50;2025-12-03;13;1514
50;2025-12-03;14;1469
50;2025-12-03;15;1705
50;2025-12-03;16;1752
50;2025-12-03;17;2422
50;2025-12-03;18;2533
50;2025-12-03;19;1507
50;2025-12-03;20;945
50;2025-12-03;21;644
50;2025-12-03;22;272
50;2025-12-03;23;148
50;2025-12-04;0;32
50;2025-12-04;1;2
50;2025-12-04;2;0
50;2025-12-04;3;0
50;2025-12-04;4;2
50;2025-12-04;5;70
50;2025-12-04;6;557
50;2025-12-04;7;1789
50;2025-12-04;8;2878
50;2025-12-04;9;2167
50;2025-12-04;10;1716
50;2025-12-04;11;1551
50;2025-12-04;12;1535
50;2025-12-04;13;1513
50;2025-12-04;14;1465
50;2025-12-04;15;1704
50;2025-12-04;16;1748
50;2025-12-04;17;2418
50;2025-12-04;18;2532
50;2025-12-04;19;1508
50;2025-12-04;20;946
50;2025-12-04;21;645
50;2025-12-04;22;273
50;2025-12-04;23;151
50;2025-12-05;0;37
50;2025-12-05;1;1
50;2025-12-05;2;0
50;2025-12-05;3;0
50;2025-12-05;4;3
50;2025-12-05;5;65
50;2025-12-05;6;527
50;2025-12-05;7;1744
50;2025-12-05;8;2657
50;2025-12-05;9;2007
50;2025-12-05;10;1541
50;2025-12-05;11;1507
50;2025-12-05;12;1460
50;2025-12-05;13;1514
50;2025-12-05;14;1469
50;2025-12-05;15;1750
50;2025-12-05;16;2029
50;2025-12-05;17;2146
50;2025-12-05;18;1783
50;2025-12-05;19;1277
50;2025-12-05;20;855
50;2025-12-05;21;566
50;2025-12-05;22;269
50;2025-12-05;23;166
50;2025-12-06;0;58
50;2025-12-06;1;2
50;2025-12-06;2;0
50;2025-12-06;3;0
50;2025-12-06;4;0
50;2025-12-06;5;35
50;2025-12-06;6;179
50;2025-12-06;7;388
50;2025-12-06;8;558
50;2025-12-06;9;644
50;2025-12-06;10;686
50;2025-12-06;11;788
50;2025-12-06;12;789
50;2025-12-06;13;820
50;2025-12-06;14;869
50;2025-12-06;15;807
50;2025-12-06;16;805
50;2025-12-06;17;853
50;2025-12-06;18;786
50;2025-12-06;19;703
50;2025-12-06;20;562
50;2025-12-06;21;417
50;2025-12-06;22;259
50;2025-12-06;23;154
50;2025-12-07;0;45
50;2025-12-07;1;3
50;2025-12-07;2;0
50;2025-12-07;3;0
50;2025-12-07;4;1
50;2025-12-07;5;30
50;2025-12-07;6;157
50;2025-12-07;7;277
50;2025-12-07;8;435
50;2025-12-07;9;520
50;2025-12-07;10;560
50;2025-12-07;11;719
50;2025-12-07;12;765
50;2025-12-07;13;786
50;2025-12-07;14;809
50;2025-12-07;15;763
50;2025-12-07;16;760
50;2025-12-07;17;812
50;2025-12-07;18;721
50;2025-12-07;19;624
50;2025-12-07;20;556
50;2025-12-07;21;402
50;2025-12-07;22;248
50;2025-12-07;23;131
50;2025-12-08;0;22
50;2025-12-08;1;3
50;2025-12-08;2;0
50;2025-12-08;3;0
50;2025-12-08;4;3
50;2025-12-08;5;70
50;2025-12-08;6;541
50;2025-12-08;7;1753
50;2025-12-08;8;2802
50;2025-12-08;9;2185
50;2025-12-08;10;1599
50;2025-12-08;11;1461
50;2025-12-08;12;1371
50;2025-12-08;13;1464
50;2025-12-08;14;1403
50;2025-12-08;15;1615
50;2025-12-08;16;1670
50;2025-12-08;17;2306
50;2025-12-08;18;2521
50;2025-12-08;19;1370
50;2025-12-08;20;872
50;2025-12-08;21;608
50;2025-12-08;22;233
50;2025-12-08;23;116
50;2025-12-09;0;31
50;2025-12-09;1;2
50;2025-12-09;2;0
50;2025-12-09;3;0
50;2025-12-09;4;3
50;2025-12-09;5;72
50;2025-12-09;6;560
50;2025-12-09;7;1795
50;2025-12-09;8;2880
50;2025-12-09;9;2175
50;2025-12-09;10;1720
50;2025-12-09;11;1551
50;2025-12-09;12;1533
50;2025-12-09;13;1512
50;2025-12-09;14;1465
50;2025-12-09;15;1701
50;2025-12-09;16;1748
50;2025-12-09;17;2422
50;2025-12-09;18;2538
50;2025-12-09;19;1511
50;2025-12-09;20;946
50;2025-12-09;21;644
50;2025-12-09;22;281
50;2025-12-09;23;146
50;2025-12-10;0;31
50;2025-12-10;1;2
50;2025-12-10;2;0
50;2025-12-10;3;0
50;2025-12-10;4;3
50;2025-12-10;5;85
50;2025-12-10;6;572
50;2025-12-10;7;1809
50;2025-12-10;8;2869
50;2025-12-10;9;2181
50;2025-12-10;10;1735
50;2025-12-10;11;1559
50;2025-12-10;12;1536
50;2025-12-10;13;1514
50;2025-12-10;14;1469
50;2025-12-10;15;1705
50;2025-12-10;16;1752
50;2025-12-10;17;2422
50;2025-12-10;18;2533
50;2025-12-10;19;1508
50;2025-12-10;20;945
50;2025-12-10;21;644
50;2025-12-10;22;272
50;2025-12-10;23;148
50;2025-12-11;0;32
50;2025-12-11;1;2
50;2025-12-11;2;0
50;2025-12-11;3;0
50;2025-12-11;4;2
50;2025-12-11;5;71
50;2025-12-11;6;558
50;2025-12-11;7;1789
50;2025-12-11;8;2865
50;2025-12-11;9;2153
50;2025-12-11;10;1719
50;2025-12-11;11;1548
50;2025-12-11;12;1533
50;2025-12-11;13;1515
50;2025-12-11;14;1469
50;2025-12-11;15;1705
50;2025-12-11;16;1748
50;2025-12-11;17;2405
50;2025-12-11;18;2499
50;2025-12-11;19;1517
50;2025-12-11;20;954
50;2025-12-11;21;649
50;2025-12-11;22;276
50;2025-12-11;23;151
50;2025-12-12;0;37
50;2025-12-12;1;1
50;2025-12-12;2;0
50;2025-12-12;3;0
50;2025-12-12;4;3
50;2025-12-12;5;65
50;2025-12-12;6;521
50;2025-12-12;7;1745
50;2025-12-12;8;2655
50;2025-12-12;9;2009
50;2025-12-12;10;1537
50;2025-12-12;11;1508
50;2025-12-12;12;1447
50;2025-12-12;13;1497
50;2025-12-12;14;1461
50;2025-12-12;15;1716
50;2025-12-12;16;1993
50;2025-12-12;17;2132
50;2025-12-12;18;1788
50;2025-12-12;19;1280
50;2025-12-12;20;861
50;2025-12-12;21;574
50;2025-12-12;22;271
50;2025-12-12;23;169
50;2025-12-13;0;58
50;2025-12-13;1;2
50;2025-12-13;2;0
50;2025-12-13;3;0
50;2025-12-13;4;0
50;2025-12-13;5;34
50;2025-12-13;6;177
50;2025-12-13;7;380
50;2025-12-13;8;553
50;2025-12-13;9;634
50;2025-12-13;10;677
50;2025-12-13;11;785
50;2025-12-13;12;785
50;2025-12-13;13;809
50;2025-12-13;14;867
50;2025-12-13;15;806
50;2025-12-13;16;805
50;2025-12-13;17;853
50;2025-12-13;18;781
50;2025-12-13;19;702
50;2025-12-13;20;549
50;2025-12-13;21;402
50;2025-12-13;22;265
50;2025-12-13;23;149
50;2025-12-14;0;45
50;2025-12-14;1;4
50;2025-12-14;2;0
50;2025-12-14;3;0
50;2025-12-14;4;1
50;2025-12-14;5;19
50;2025-12-14;6;141
50;2025-12-14;7;254
50;2025-12-14;8;407
50;2025-12-14;9;508
50;2025-12-14;10;549
50;2025-12-14;11;713
50;2025-12-14;12;766
50;2025-12-14;13;782
50;2025-12-14;14;810
50;2025-12-14;15;759
50;2025-12-14;16;765
50;2025-12-14;17;818
50;2025-12-14;18;721
50;2025-12-14;19;623
50;2025-12-14;20;554
50;2025-12-14;21;403
50;2025-12-14;22;249
50;2025-12-14;23;133
50;2025-12-15;0;22
50;2025-12-15;1;3
50;2025-12-15;2;0
50;2025-12-15;3;0
50;2025-12-15;4;3
50;2025-12-15;5;69
50;2025-12-15;6;542
50;2025-12-15;7;1759
50;2025-12-15;8;2812
50;2025-12-15;9;2195
50;2025-12-15;10;1610
50;2025-12-15;11;1457
50;2025-12-15;12;1368
50;2025-12-15;13;1459
50;2025-12-15;14;1399
50;2025-12-15;15;1624
50;2025-12-15;16;1670
50;2025-12-15;17;2308
50;2025-12-15;18;2524
50;2025-12-15;19;1386
50;2025-12-15;20;877
50;2025-12-15;21;620
50;2025-12-15;22;245
50;2025-12-15;23;127
50;2025-12-16;0;31
50;2025-12-16;1;2
50;2025-12-16;2;0
50;2025-12-16;3;0
50;2025-12-16;4;3
50;2025-12-16;5;79
50;2025-12-16;6;556
50;2025-12-16;7;1792
50;2025-12-16;8;2877
50;2025-12-16;9;2171
50;2025-12-16;10;1729
50;2025-12-16;11;1557
50;2025-12-16;12;1538
50;2025-12-16;13;1502
50;2025-12-16;14;1469
50;2025-12-16;15;1704
50;2025-12-16;16;1751
50;2025-12-16;17;2422
50;2025-12-16;18;2538
50;2025-12-16;19;1511
50;2025-12-16;20;946
50;2025-12-16;21;643
50;2025-12-16;22;271
50;2025-12-16;23;141
50;2025-12-17;0;31
50;2025-12-17;1;2
50;2025-12-17;2;0
50;2025-12-17;3;0
50;2025-12-17;4;3
50;2025-12-17;5;72
50;2025-12-17;6;559
50;2025-12-17;7;1794
50;2025-12-17;8;2884
50;2025-12-17;9;2173
50;2025-12-17;10;1722
50;2025-12-17;11;1555
50;2025-12-17;12;1535
50;2025-12-17;13;1514
50;2025-12-17;14;1469
50;2025-12-17;15;1705
50;2025-12-17;16;1752
50;2025-12-17;17;2422
50;2025-12-17;18;2533
50;2025-12-17;19;1507
50;2025-12-17;20;944
50;2025-12-17;21;644
50;2025-12-17;22;272
50;2025-12-17;23;148
50;2025-12-18;0;32
50;2025-12-18;1;2
50;2025-12-18;2;0
50;2025-12-18;3;0
50;2025-12-18;4;3
50;2025-12-18;5;70
50;2025-12-18;6;557
50;2025-12-18;7;1789
50;2025-12-18;8;2867
50;2025-12-18;9;2167
50;2025-12-18;10;1716
50;2025-12-18;11;1550
50;2025-12-18;12;1534
50;2025-12-18;13;1513
50;2025-12-18;14;1468
50;2025-12-18;15;1704
50;2025-12-18;16;1751
50;2025-12-18;17;2421
50;2025-12-18;18;2532
50;2025-12-18;19;1507
50;2025-12-18;20;945
50;2025-12-18;21;644
50;2025-12-18;22;272
50;2025-12-18;23;150
50;2025-12-19;0;37
50;2025-12-19;1;1
50;2025-12-19;2;0
50;2025-12-19;3;0
50;2025-12-19;4;3
50;2025-12-19;5;64
50;2025-12-19;6;527
50;2025-12-19;7;1744
50;2025-12-19;8;2647
50;2025-12-19;9;2008
50;2025-12-19;10;1542
50;2025-12-19;11;1508
50;2025-12-19;12;1461
50;2025-12-19;13;1515
50;2025-12-19;14;1472
50;2025-12-19;15;1750
50;2025-12-19;16;2029
50;2025-12-19;17;2141
50;2025-12-19;18;1790
50;2025-12-19;19;1279
50;2025-12-19;20;858
50;2025-12-19;21;569
50;2025-12-19;22;269
50;2025-12-19;23;166
50;2025-12-20;0;58
50;2025-12-20;1;2
50;2025-12-20;2;0
50;2025-12-20;3;0
50;2025-12-20;4;0
50;2025-12-20;5;36
50;2025-12-20;6;181
50;2025-12-20;7;389
50;2025-12-20;8;558
50;2025-12-20;9;644
50;2025-12-20;10;687
50;2025-12-20;11;796
50;2025-12-20;12;796
50;2025-12-20;13;824
50;2025-12-20;14;874
50;2025-12-20;15;810
50;2025-12-20;16;808
50;2025-12-20;17;857
50;2025-12-20;18;776
50;2025-12-20;19;705
50;2025-12-20;20;566
50;2025-12-20;21;415
50;2025-12-20;22;262
50;2025-12-20;23;154
50;2025-12-21;0;45
50;2025-12-21;1;3
50;2025-12-21;2;0
50;2025-12-21;3;0
50;2025-12-21;4;1
50;2025-12-21;5;30
50;2025-12-21;6;161
50;2025-12-21;7;274
50;2025-12-21;8;436
50;2025-12-21;9;520
50;2025-12-21;10;561
50;2025-12-21;11;719
50;2025-12-21;12;765
50;2025-12-21;13;786
50;2025-12-21;14;809
50;2025-12-21;15;764
50;2025-12-21;16;760
50;2025-12-21;17;812
50;2025-12-21;18;721
50;2025-12-21;19;624
50;2025-12-21;20;556
50;2025-12-21;21;402
50;2025-12-21;22;241
50;2025-12-21;23;131
50;2025-12-22;0;22
50;2025-12-22;1;2
50;2025-12-22;2;0
50;2025-12-22;3;0
50;2025-12-22;4;3
50;2025-12-22;5;70
50;2025-12-22;6;541
50;2025-12-22;7;1754
50;2025-12-22;8;2816
50;2025-12-22;9;2188
50;2025-12-22;10;1621
50;2025-12-22;11;1468
50;2025-12-22;12;1378
50;2025-12-22;13;1468
50;2025-12-22;14;1403
50;2025-12-22;15;1614
50;2025-12-22;16;1669
50;2025-12-22;17;2299
50;2025-12-22;18;2497
50;2025-12-22;19;1365
50;2025-12-22;20;869
50;2025-12-22;21;606
50;2025-12-22;22;232
50;2025-12-22;23;113
50;2025-12-23;0;31
50;2025-12-23;1;2
50;2025-12-23;2;0
50;2025-12-23;3;0
50;2025-12-23;4;3
50;2025-12-23;5;73
50;2025-12-23;6;565
50;2025-12-23;7;1801
50;2025-12-23;8;2885
50;2025-12-23;9;2186
50;2025-12-23;10;1729
50;2025-12-23;11;1560
50;2025-12-23;12;1542
50;2025-12-23;13;1517
50;2025-12-23;14;1469
50;2025-12-23;15;1702
50;2025-12-23;16;1749
50;2025-12-23;17;2422
50;2025-12-23;18;2533
50;2025-12-23;19;1527
50;2025-12-23;20;957
50;2025-12-23;21;653
50;2025-12-23;22;280
50;2025-12-23;23;147
50;2025-12-24;0;31
50;2025-12-24;1;2
50;2025-12-24;2;0
50;2025-12-24;3;0
50;2025-12-24;4;3
50;2025-12-24;5;72
50;2025-12-24;6;561
50;2025-12-24;7;1795
50;2025-12-24;8;2868
50;2025-12-24;9;2179
50;2025-12-24;10;1729
50;2025-12-24;11;1562
50;2025-12-24;12;1539
50;2025-12-24;13;1519
50;2025-12-24;14;1473
50;2025-12-24;15;1697
50;2025-12-24;16;1753
50;2025-12-24;17;2423
50;2025-12-24;18;2511
50;2025-12-24;19;1513
50;2025-12-24;20;950
50;2025-12-24;21;648
50;2025-12-24;22;276
50;2025-12-24;23;148
50;2025-12-25;0;32
50;2025-12-25;1;2
50;2025-12-25;2;0
50;2025-12-25;3;0
50;2025-12-25;4;2
50;2025-12-25;5;74
50;2025-12-25;6;564
50;2025-12-25;7;1788
50;2025-12-25;8;2864
50;2025-12-25;9;2163
50;2025-12-25;10;1712
50;2025-12-25;11;1542
50;2025-12-25;12;1527
50;2025-12-25;13;1507
50;2025-12-25;14;1463
50;2025-12-25;15;1702
50;2025-12-25;16;1754
50;2025-12-25;17;2409
50;2025-12-25;18;2497
50;2025-12-25;19;1516
50;2025-12-25;20;950
50;2025-12-25;21;653
50;2025-12-25;22;281
50;2025-12-25;23;152
50;2025-12-26;0;36
50;2025-12-26;1;1
50;2025-12-26;2;0
50;2025-12-26;3;0
50;2025-12-26;4;3
50;2025-12-26;5;51
50;2025-12-26;6;522
50;2025-12-26;7;1743
50;2025-12-26;8;2679
50;2025-12-26;9;2002
50;2025-12-26;10;1527
50;2025-12-26;11;1505
50;2025-12-26;12;1434
50;2025-12-26;13;1498
50;2025-12-26;14;1460
50;2025-12-26;15;1737
50;2025-12-26;16;2016
50;2025-12-26;17;2128
50;2025-12-26;18;1785
50;2025-12-26;19;1281
50;2025-12-26;20;859
50;2025-12-26;21;565
50;2025-12-26;22;264
50;2025-12-26;23;166
50;2025-12-27;0;58
50;2025-12-27;1;2
50;2025-12-27;2;0
50;2025-12-27;3;0
50;2025-12-27;4;1
50;2025-12-27;5;36
50;2025-12-27;6;181
50;2025-12-27;7;389
50;2025-12-27;8;559
50;2025-12-27;9;631
50;2025-12-27;10;689
50;2025-12-27;11;796
50;2025-12-27;12;796
50;2025-12-27;13;824
50;2025-12-27;14;874
50;2025-12-27;15;803
50;2025-12-27;16;800
50;2025-12-27;17;857
50;2025-12-27;18;777
50;2025-12-27;19;699
50;2025-12-27;20;562
50;2025-12-27;21;407
50;2025-12-27;22;252
50;2025-12-27;23;150
50;2025-12-28;0;44
50;2025-12-28;1;3
50;2025-12-28;2;0
50;2025-12-28;3;0
50;2025-12-28;4;1
50;2025-12-28;5;32
50;2025-12-28;6;163
50;2025-12-28;7;283
50;2025-12-28;8;453
50;2025-12-28;9;519
50;2025-12-28;10;552
50;2025-12-28;11;695
50;2025-12-28;12;741
50;2025-12-28;13;756
50;2025-12-28;14;780
50;2025-12-28;15;735
50;2025-12-28;16;755
50;2025-12-28;17;807
50;2025-12-28;18;716
50;2025-12-28;19;615
50;2025-12-28;20;544
50;2025-12-28;21;394
50;2025-12-28;22;241
50;2025-12-28;23;131
50;2025-12-29;0;21
50;2025-12-29;1;2
50;2025-12-29;2;0
50;2025-12-29;3;0
50;2025-12-29;4;2
50;2025-12-29;5;59
50;2025-12-29;6;497
50;2025-12-29;7;1622
50;2025-12-29;8;2569
50;2025-12-29;9;2003
50;2025-12-29;10;1472
50;2025-12-29;11;1344
50;2025-12-29;12;1268
50;2025-12-29;13;1346
50;2025-12-29;14;1298
50;2025-12-29;15;1486
50;2025-12-29;16;1539
50;2025-12-29;17;2122
50;2025-12-29;18;2302
50;2025-12-29;19;1292
50;2025-12-29;20;810
50;2025-12-29;21;563
50;2025-12-29;22;217
50;2025-12-29;23;105
50;2025-12-30;0;29
50;2025-12-30;1;3
50;2025-12-30;2;0
50;2025-12-30;3;0
50;2025-12-30;4;2
50;2025-12-30;5;59
50;2025-12-30;6;508
50;2025-12-30;7;1655
50;2025-12-30;8;2663
50;2025-12-30;9;1994
50;2025-12-30;10;1580
50;2025-12-30;11;1427
50;2025-12-30;12;1410
50;2025-12-30;13;1388
50;2025-12-30;14;1355
50;2025-12-30;15;1567
50;2025-12-30;16;1613
50;2025-12-30;17;2214
50;2025-12-30;18;2321
50;2025-12-30;19;1407
50;2025-12-30;20;872
50;2025-12-30;21;593
50;2025-12-30;22;255
50;2025-12-30;23;130
50;2025-12-31;0;38
50;2025-12-31;1;4
50;2025-12-31;2;0
50;2025-12-31;3;0
50;2025-12-31;4;1
50;2025-12-31;5;16
50;2025-12-31;6;76
50;2025-12-31;7;159
50;2025-12-31;8;302
50;2025-12-31;9;333
50;2025-12-31;10;366
50;2025-12-31;11;464
50;2025-12-31;12;523
50;2025-12-31;13;529
50;2025-12-31;14;546
50;2025-12-31;15;518
50;2025-12-31;16;537
50;2025-12-31;17;587
50;2025-12-31;18;530
50;2025-12-31;19;466
50;2025-12-31;20;420
50;2025-12-31;21;287
50;2025-12-31;22;150
50;2025-12-31;23;64
