route;date;hour;prediction
1;2025-11-01;0;2
1;2025-11-01;1;0
1;2025-11-01;2;0
1;2025-11-01;3;0
1;2025-11-01;4;6
1;2025-11-01;5;119
1;2025-11-01;6;477
1;2025-11-01;7;1331
1;2025-11-01;8;1662
1;2025-11-01;9;1323
1;2025-11-01;10;1205
1;2025-11-01;11;1240
1;2025-11-01;12;1263
1;2025-11-01;13;1290
1;2025-11-01;14;1274
1;2025-11-01;15;1404
1;2025-11-01;16;1446
1;2025-11-01;17;1577
1;2025-11-01;18;1378
1;2025-11-01;19;1147
1;2025-11-01;20;734
1;2025-11-01;21;428
1;2025-11-01;22;192
1;2025-11-01;23;44
1;2025-11-02;0;1
1;2025-11-02;1;0
1;2025-11-02;2;0
1;2025-11-02;3;0
1;2025-11-02;4;0
1;2025-11-02;5;23
1;2025-11-02;6;122
1;2025-11-02;7;256
1;2025-11-02;8;356
1;2025-11-02;9;600
1;2025-11-02;10;670
1;2025-11-02;11;713
1;2025-11-02;12;808
1;2025-11-02;13;825
1;2025-11-02;14;798
1;2025-11-02;15;730
1;2025-11-02;16;684
1;2025-11-02;17;636
1;2025-11-02;18;531
1;2025-11-02;19;456
1;2025-11-02;20;342
1;2025-11-02;21;274
1;2025-11-02;22;112
1;2025-11-02;23;27
1;2025-11-03;0;1
1;2025-11-03;1;0
1;2025-11-03;2;0
1;2025-11-03;3;0
1;2025-11-03;4;0
1;2025-11-03;5;37
1;2025-11-03;6;145
1;2025-11-03;7;279
1;2025-11-03;8;369
1;2025-11-03;9;586
1;2025-11-03;10;642
1;2025-11-03;11;637
1;2025-11-03;12;721
1;2025-11-03;13;745
1;2025-11-03;14;696
1;2025-11-03;15;655
1;2025-11-03;16;658
1;2025-11-03;17;616
1;2025-11-03;18;528
1;2025-11-03;19;483
1;2025-11-03;20;375
1;2025-11-03;21;297
1;2025-11-03;22;136
1;2025-11-03;23;49
1;2025-11-04;0;1
1;2025-11-04;1;0
1;2025-11-04;2;0
1;2025-11-04;3;0
1;2025-11-04;4;1
1;2025-11-04;5;33
1;2025-11-04;6;139
1;2025-11-04;7;273
1;2025-11-04;8;362
1;2025-11-04;9;560
1;2025-11-04;10;615
1;2025-11-04;11;623
1;2025-11-04;12;695
1;2025-11-04;13;729
1;2025-11-04;14;749
1;2025-11-04;15;694
1;2025-11-04;16;654
1;2025-11-04;17;607
1;2025-11-04;18;525
1;2025-11-04;19;475
1;2025-11-04;20;369
1;2025-11-04;21;294
1;2025-11-04;22;130
1;2025-11-04;23;45
1;2025-11-05;0;3
1;2025-11-05;1;0
1;2025-11-05;2;0
1;2025-11-05;3;0
1;2025-11-05;4;8
1;2025-11-05;5;127
1;2025-11-05;6;540
1;2025-11-05;7;1507
1;2025-11-05;8;1972
1;2025-11-05;9;1530
1;2025-11-05;10;1383
1;2025-11-05;11;1391
1;2025-11-05;12;1415
1;2025-11-05;13;1448
1;2025-11-05;14;1410
1;2025-11-05;15;1512
1;2025-11-05;16;1552
1;2025-11-05;17;1812
1;2025-11-05;18;1838
1;2025-11-05;19;1371
1;2025-11-05;20;894
1;2025-11-05;21;487
1;2025-11-05;22;212
1;2025-11-05;23;39
1;2025-11-06;0;3
1;2025-11-06;1;0
1;2025-11-06;2;0
1;2025-11-06;3;0
1;2025-11-06;4;8
1;2025-11-06;5;127
1;2025-11-06;6;541
1;2025-11-06;7;1510
1;2025-11-06;8;1978
1;2025-11-06;9;1533
1;2025-11-06;10;1388
1;2025-11-06;11;1386
1;2025-11-06;12;1417
1;2025-11-06;13;1450
1;2025-11-06;14;1408
1;2025-11-06;15;1507
1;2025-11-06;16;1550
1;2025-11-06;17;1814
1;2025-11-06;18;1838
1;2025-11-06;19;1371
1;2025-11-06;20;895
1;2025-11-06;21;491
1;2025-11-06;22;215
1;2025-11-06;23;42
1;2025-11-07;0;2
1;2025-11-07;1;0
1;2025-11-07;2;0
1;2025-11-07;3;0
1;2025-11-07;4;7
1;2025-11-07;5;139
1;2025-11-07;6;534
1;2025-11-07;7;1496
1;2025-11-07;8;1860
1;2025-11-07;9;1467
1;2025-11-07;10;1334
1;2025-11-07;11;1380
1;2025-11-07;12;1402
1;2025-11-07;13;1435
1;2025-11-07;14;1416
1;2025-11-07;15;1565
1;2025-11-07;16;1614
1;2025-11-07;17;1771
1;2025-11-07;18;1540
1;2025-11-07;19;1285
1;2025-11-07;20;820
1;2025-11-07;21;480
1;2025-11-07;22;213
1;2025-11-07;23;47
1;2025-11-08;0;3
1;2025-11-08;1;0
1;2025-11-08;2;0
1;2025-11-08;3;0
1;2025-11-08;4;0
1;2025-11-08;5;35
1;2025-11-08;6;177
1;2025-11-08;7;365
1;2025-11-08;8;527
1;2025-11-08;9;765
1;2025-11-08;10;881
1;2025-11-08;11;886
1;2025-11-08;12;1030
1;2025-11-08;13;1085
1;2025-11-08;14;1022
1;2025-11-08;15;929
1;2025-11-08;16;842
1;2025-11-08;17;788
1;2025-11-08;18;689
1;2025-11-08;19;592
1;2025-11-08;20;440
1;2025-11-08;21;318
1;2025-11-08;22;132
1;2025-11-08;23;28
1;2025-11-09;0;1
1;2025-11-09;1;0
1;2025-11-09;2;0
1;2025-11-09;3;0
1;2025-11-09;4;0
1;2025-11-09;5;29
1;2025-11-09;6;127
1;2025-11-09;7;266
1;2025-11-09;8;366
1;2025-11-09;9;607
1;2025-11-09;10;669
1;2025-11-09;11;705
1;2025-11-09;12;825
1;2025-11-09;13;863
1;2025-11-09;14;799
1;2025-11-09;15;739
1;2025-11-09;16;701
1;2025-11-09;17;652
1;2025-11-09;18;536
1;2025-11-09;19;463
1;2025-11-09;20;351
1;2025-11-09;21;278
1;2025-11-09;22;112
1;2025-11-09;23;27
1;2025-11-10;0;1
1;2025-11-10;1;0
1;2025-11-10;2;0
1;2025-11-10;3;0
1;2025-11-10;4;9
1;2025-11-10;5;137
1;2025-11-10;6;528
1;2025-11-10;7;1484
1;2025-11-10;8;1953
1;2025-11-10;9;1493
1;2025-11-10;10;1281
1;2025-11-10;11;1263
1;2025-11-10;12;1334
1;2025-11-10;13;1396
1;2025-11-10;14;1409
1;2025-11-10;15;1523
1;2025-11-10;16;1581
1;2025-11-10;17;1842
1;2025-11-10;18;1934
1;2025-11-10;19;1418
1;2025-11-10;20;900
1;2025-11-10;21;461
1;2025-11-10;22;185
1;2025-11-10;23;39
1;2025-11-11;0;3
1;2025-11-11;1;0
1;2025-11-11;2;0
1;2025-11-11;3;0
1;2025-11-11;4;9
1;2025-11-11;5;127
1;2025-11-11;6;540
1;2025-11-11;7;1505
1;2025-11-11;8;1975
1;2025-11-11;9;1525
1;2025-11-11;10;1374
1;2025-11-11;11;1381
1;2025-11-11;12;1410
1;2025-11-11;13;1446
1;2025-11-11;14;1403
1;2025-11-11;15;1504
1;2025-11-11;16;1543
1;2025-11-11;17;1802
1;2025-11-11;18;1835
1;2025-11-11;19;1366
1;2025-11-11;20;892
1;2025-11-11;21;486
1;2025-11-11;22;211
1;2025-11-11;23;39
1;2025-11-12;0;3
1;2025-11-12;1;0
1;2025-11-12;2;0
1;2025-11-12;3;0
1;2025-11-12;4;9
1;2025-11-12;5;127
1;2025-11-12;6;539
1;2025-11-12;7;1504
1;2025-11-12;8;1970
1;2025-11-12;9;1525
1;2025-11-12;10;1377
1;2025-11-12;11;1380
1;2025-11-12;12;1405
1;2025-11-12;13;1446
1;2025-11-12;14;1400
1;2025-11-12;15;1503
1;2025-11-12;16;1543
1;2025-11-12;17;1804
1;2025-11-12;18;1827
1;2025-11-12;19;1363
1;2025-11-12;20;892
1;2025-11-12;21;487
1;2025-11-12;22;212
1;2025-11-12;23;40
1;2025-11-13;0;3
1;2025-11-13;1;0
1;2025-11-13;2;0
1;2025-11-13;3;0
1;2025-11-13;4;9
1;2025-11-13;5;127
1;2025-11-13;6;539
1;2025-11-13;7;1505
1;2025-11-13;8;1974
1;2025-11-13;9;1531
1;2025-11-13;10;1384
1;2025-11-13;11;1389
1;2025-11-13;12;1413
1;2025-11-13;13;1448
1;2025-11-13;14;1404
1;2025-11-13;15;1511
1;2025-11-13;16;1550
1;2025-11-13;17;1808
1;2025-11-13;18;1834
1;2025-11-13;19;1369
1;2025-11-13;20;894
1;2025-11-13;21;488
1;2025-11-13;22;214
1;2025-11-13;23;41
1;2025-11-14;0;2
1;2025-11-14;1;0
1;2025-11-14;2;0
1;2025-11-14;3;0
1;2025-11-14;4;7
1;2025-11-14;5;134
1;2025-11-14;6;530
1;2025-11-14;7;1490
1;2025-11-14;8;1857
1;2025-11-14;9;1471
1;2025-11-14;10;1342
1;2025-11-14;11;1385
1;2025-11-14;12;1405
1;2025-11-14;13;1436
1;2025-11-14;14;1419
1;2025-11-14;15;1567
1;2025-11-14;16;1614
1;2025-11-14;17;1769
1;2025-11-14;18;1534
1;2025-11-14;19;1283
1;2025-11-14;20;811
1;2025-11-14;21;473
1;2025-11-14;22;205
1;2025-11-14;23;46
1;2025-11-15;0;3
1;2025-11-15;1;0
1;2025-11-15;2;0
1;2025-11-15;3;0
1;2025-11-15;4;0
1;2025-11-15;5;34
1;2025-11-15;6;171
1;2025-11-15;7;358
1;2025-11-15;8;522
1;2025-11-15;9;762
1;2025-11-15;10;863
1;2025-11-15;11;864
1;2025-11-15;12;993
1;2025-11-15;13;1082
1;2025-11-15;14;1056
1;2025-11-15;15;952
1;2025-11-15;16;862
1;2025-11-15;17;805
1;2025-11-15;18;696
1;2025-11-15;19;594
1;2025-11-15;20;440
1;2025-11-15;21;319
1;2025-11-15;22;130
1;2025-11-15;23;29
1;2025-11-16;0;2
1;2025-11-16;1;0
1;2025-11-16;2;0
1;2025-11-16;3;0
1;2025-11-16;4;0
1;2025-11-16;5;11
1;2025-11-16;6;118
1;2025-11-16;7;240
1;2025-11-16;8;304
1;2025-11-16;9;568
1;2025-11-16;10;636
1;2025-11-16;11;695
1;2025-11-16;12;805
1;2025-11-16;13;841
1;2025-11-16;14;785
1;2025-11-16;15;711
1;2025-11-16;16;668
1;2025-11-16;17;614
1;2025-11-16;18;502
1;2025-11-16;19;435
1;2025-11-16;20;329
1;2025-11-16;21;259
1;2025-11-16;22;103
1;2025-11-16;23;25
1;2025-11-17;0;1
1;2025-11-17;1;0
1;2025-11-17;2;0
1;2025-11-17;3;0
1;2025-11-17;4;9
1;2025-11-17;5;134
1;2025-11-17;6;527
1;2025-11-17;7;1474
1;2025-11-17;8;1931
1;2025-11-17;9;1480
1;2025-11-17;10;1285
1;2025-11-17;11;1264
1;2025-11-17;12;1337
1;2025-11-17;13;1381
1;2025-11-17;14;1398
1;2025-11-17;15;1512
1;2025-11-17;16;1573
1;2025-11-17;17;1831
1;2025-11-17;18;1927
1;2025-11-17;19;1411
1;2025-11-17;20;897
1;2025-11-17;21;467
1;2025-11-17;22;184
1;2025-11-17;23;39
1;2025-11-18;0;3
1;2025-11-18;1;0
1;2025-11-18;2;0
1;2025-11-18;3;0
1;2025-11-18;4;8
1;2025-11-18;5;119
1;2025-11-18;6;540
1;2025-11-18;7;1515
1;2025-11-18;8;1989
1;2025-11-18;9;1517
1;2025-11-18;10;1344
1;2025-11-18;11;1373
1;2025-11-18;12;1399
1;2025-11-18;13;1442
1;2025-11-18;14;1388
1;2025-11-18;15;1500
1;2025-11-18;16;1548
1;2025-11-18;17;1800
1;2025-11-18;18;1825
1;2025-11-18;19;1364
1;2025-11-18;20;893
1;2025-11-18;21;485
1;2025-11-18;22;210
1;2025-11-18;23;39
1;2025-11-19;0;3
1;2025-11-19;1;0
1;2025-11-19;2;0
1;2025-11-19;3;0
1;2025-11-19;4;9
1;2025-11-19;5;127
1;2025-11-19;6;540
1;2025-11-19;7;1505
1;2025-11-19;8;1968
1;2025-11-19;9;1525
1;2025-11-19;10;1373
1;2025-11-19;11;1380
1;2025-11-19;12;1399
1;2025-11-19;13;1438
1;2025-11-19;14;1391
1;2025-11-19;15;1497
1;2025-11-19;16;1536
1;2025-11-19;17;1798
1;2025-11-19;18;1826
1;2025-11-19;19;1363
1;2025-11-19;20;892
1;2025-11-19;21;488
1;2025-11-19;22;214
1;2025-11-19;23;41
1;2025-11-20;0;3
1;2025-11-20;1;0
1;2025-11-20;2;0
1;2025-11-20;3;0
1;2025-11-20;4;8
1;2025-11-20;5;128
1;2025-11-20;6;540
1;2025-11-20;7;1505
1;2025-11-20;8;1959
1;2025-11-20;9;1525
1;2025-11-20;10;1374
1;2025-11-20;11;1381
1;2025-11-20;12;1400
1;2025-11-20;13;1438
1;2025-11-20;14;1391
1;2025-11-20;15;1497
1;2025-11-20;16;1537
1;2025-11-20;17;1798
1;2025-11-20;18;1826
1;2025-11-20;19;1359
1;2025-11-20;20;889
1;2025-11-20;21;486
1;2025-11-20;22;212
1;2025-11-20;23;42
1;2025-11-21;0;2
1;2025-11-21;1;0
1;2025-11-21;2;0
1;2025-11-21;3;0
1;2025-11-21;4;7
1;2025-11-21;5;140
1;2025-11-21;6;535
1;2025-11-21;7;1480
1;2025-11-21;8;1849
1;2025-11-21;9;1466
1;2025-11-21;10;1335
1;2025-11-21;11;1379
1;2025-11-21;12;1372
1;2025-11-21;13;1426
1;2025-11-21;14;1406
1;2025-11-21;15;1553
1;2025-11-21;16;1603
1;2025-11-21;17;1758
1;2025-11-21;18;1527
1;2025-11-21;19;1276
1;2025-11-21;20;815
1;2025-11-21;21;479
1;2025-11-21;22;211
1;2025-11-21;23;47
1;2025-11-22;0;3
1;2025-11-22;1;0
1;2025-11-22;2;0
1;2025-11-22;3;0
1;2025-11-22;4;0
1;2025-11-22;5;34
1;2025-11-22;6;174
1;2025-11-22;7;360
1;2025-11-22;8;525
1;2025-11-22;9;766
1;2025-11-22;10;908
1;2025-11-22;11;924
1;2025-11-22;12;1065
1;2025-11-22;13;1121
1;2025-11-22;14;1056
1;2025-11-22;15;954
1;2025-11-22;16;861
1;2025-11-22;17;804
1;2025-11-22;18;699
1;2025-11-22;19;593
1;2025-11-22;20;442
1;2025-11-22;21;311
1;2025-11-22;22;127
1;2025-11-22;23;34
1;2025-11-23;0;2
1;2025-11-23;1;0
1;2025-11-23;2;0
1;2025-11-23;3;0
1;2025-11-23;4;0
1;2025-11-23;5;19
1;2025-11-23;6;122
1;2025-11-23;7;250
1;2025-11-23;8;356
1;2025-11-23;9;594
1;2025-11-23;10;663
1;2025-11-23;11;707
1;2025-11-23;12;824
1;2025-11-23;13;859
1;2025-11-23;14;802
1;2025-11-23;15;729
1;2025-11-23;16;685
1;2025-11-23;17;636
1;2025-11-23;18;508
1;2025-11-23;19;441
1;2025-11-23;20;339
1;2025-11-23;21;265
1;2025-11-23;22;108
1;2025-11-23;23;27
1;2025-11-24;0;1
1;2025-11-24;1;0
1;2025-11-24;2;0
1;2025-11-24;3;0
1;2025-11-24;4;9
1;2025-11-24;5;133
1;2025-11-24;6;526
1;2025-11-24;7;1494
1;2025-11-24;8;1948
1;2025-11-24;9;1495
1;2025-11-24;10;1264
1;2025-11-24;11;1240
1;2025-11-24;12;1343
1;2025-11-24;13;1410
1;2025-11-24;14;1411
1;2025-11-24;15;1524
1;2025-11-24;16;1585
1;2025-11-24;17;1837
1;2025-11-24;18;1927
1;2025-11-24;19;1414
1;2025-11-24;20;896
1;2025-11-24;21;460
1;2025-11-24;22;186
1;2025-11-24;23;39
1;2025-11-25;0;3
1;2025-11-25;1;0
1;2025-11-25;2;0
1;2025-11-25;3;0
1;2025-11-25;4;9
1;2025-11-25;5;128
1;2025-11-25;6;542
1;2025-11-25;7;1506
1;2025-11-25;8;1964
1;2025-11-25;9;1525
1;2025-11-25;10;1371
1;2025-11-25;11;1378
1;2025-11-25;12;1396
1;2025-11-25;13;1433
1;2025-11-25;14;1386
1;2025-11-25;15;1494
1;2025-11-25;16;1533
1;2025-11-25;17;1795
1;2025-11-25;18;1829
1;2025-11-25;19;1364
1;2025-11-25;20;891
1;2025-11-25;21;486
1;2025-11-25;22;211
1;2025-11-25;23;41
1;2025-11-26;0;3
1;2025-11-26;1;0
1;2025-11-26;2;0
1;2025-11-26;3;0
1;2025-11-26;4;8
1;2025-11-26;5;132
1;2025-11-26;6;545
1;2025-11-26;7;1520
1;2025-11-26;8;1988
1;2025-11-26;9;1536
1;2025-11-26;10;1374
1;2025-11-26;11;1385
1;2025-11-26;12;1403
1;2025-11-26;13;1443
1;2025-11-26;14;1393
1;2025-11-26;15;1498
1;2025-11-26;16;1521
1;2025-11-26;17;1787
1;2025-11-26;18;1823
1;2025-11-26;19;1363
1;2025-11-26;20;893
1;2025-11-26;21;490
1;2025-11-26;22;215
1;2025-11-26;23;42
1;2025-11-27;0;3
1;2025-11-27;1;0
1;2025-11-27;2;0
1;2025-11-27;3;0
1;2025-11-27;4;9
1;2025-11-27;5;127
1;2025-11-27;6;539
1;2025-11-27;7;1505
1;2025-11-27;8;1969
1;2025-11-27;9;1531
1;2025-11-27;10;1379
1;2025-11-27;11;1382
1;2025-11-27;12;1404
1;2025-11-27;13;1447
1;2025-11-27;14;1394
1;2025-11-27;15;1507
1;2025-11-27;16;1549
1;2025-11-27;17;1795
1;2025-11-27;18;1821
1;2025-11-27;19;1365
1;2025-11-27;20;894
1;2025-11-27;21;491
1;2025-11-27;22;216
1;2025-11-27;23;42
1;2025-11-28;0;2
1;2025-11-28;1;0
1;2025-11-28;2;0
1;2025-11-28;3;0
1;2025-11-28;4;7
1;2025-11-28;5;133
1;2025-11-28;6;530
1;2025-11-28;7;1489
1;2025-11-28;8;1850
1;2025-11-28;9;1465
1;2025-11-28;10;1333
1;2025-11-28;11;1376
1;2025-11-28;12;1392
1;2025-11-28;13;1422
1;2025-11-28;14;1405
1;2025-11-28;15;1557
1;2025-11-28;16;1603
1;2025-11-28;17;1754
1;2025-11-28;18;1524
1;2025-11-28;19;1273
1;2025-11-28;20;812
1;2025-11-28;21;476
1;2025-11-28;22;210
1;2025-11-28;23;46
1;2025-11-29;0;3
1;2025-11-29;1;0
1;2025-11-29;2;0
1;2025-11-29;3;0
1;2025-11-29;4;0
1;2025-11-29;5;33
1;2025-11-29;6;176
1;2025-11-29;7;361
1;2025-11-29;8;521
1;2025-11-29;9;784
1;2025-11-29;10;909
1;2025-11-29;11;925
1;2025-11-29;12;1065
1;2025-11-29;13;1118
1;2025-11-29;14;1056
1;2025-11-29;15;953
1;2025-11-29;16;862
1;2025-11-29;17;804
1;2025-11-29;18;696
1;2025-11-29;19;594
1;2025-11-29;20;443
1;2025-11-29;21;322
1;2025-11-29;22;136
1;2025-11-29;23;34
1;2025-11-30;0;2
1;2025-11-30;1;0
1;2025-11-30;2;0
1;2025-11-30;3;0
1;2025-11-30;4;0
1;2025-11-30;5;21
1;2025-11-30;6;123
1;2025-11-30;7;253
1;2025-11-30;8;356
1;2025-11-30;9;593
1;2025-11-30;10;662
1;2025-11-30;11;705
1;2025-11-30;12;822
1;2025-11-30;13;860
1;2025-11-30;14;807
1;2025-11-30;15;737
1;2025-11-30;16;689
1;2025-11-30;17;641
1;2025-11-30;18;524
1;2025-11-30;19;454
1;2025-11-30;20;344
1;2025-11-30;21;281
1;2025-11-30;22;111
1;2025-11-30;23;28
1;2025-12-01;0;1
1;2025-12-01;1;0
1;2025-12-01;2;0
1;2025-12-01;3;0
1;2025-12-01;4;9
1;2025-12-01;5;137
1;2025-12-01;6;534
1;2025-12-01;7;1497
1;2025-12-01;8;1962
1;2025-12-01;9;1504
1;2025-12-01;10;1290
1;2025-12-01;11;1274
1;2025-12-01;12;1347
1;2025-12-01;13;1410
1;2025-12-01;14;1412
1;2025-12-01;15;1526
1;2025-12-01;16;1584
1;2025-12-01;17;1849
1;2025-12-01;18;1944
1;2025-12-01;19;1426
1;2025-12-01;20;905
1;2025-12-01;21;465
1;2025-12-01;22;188
1;2025-12-01;23;41
1;2025-12-02;0;3
1;2025-12-02;1;0
1;2025-12-02;2;0
1;2025-12-02;3;0
1;2025-12-02;4;9
1;2025-12-02;5;129
1;2025-12-02;6;546
1;2025-12-02;7;1520
1;2025-12-02;8;1989
1;2025-12-02;9;1540
1;2025-12-02;10;1383
1;2025-12-02;11;1390
1;2025-12-02;12;1409
1;2025-12-02;13;1446
1;2025-12-02;14;1399
1;2025-12-02;15;1507
1;2025-12-02;16;1547
1;2025-12-02;17;1811
1;2025-12-02;18;1845
1;2025-12-02;19;1376
1;2025-12-02;20;899
1;2025-12-02;21;491
1;2025-12-02;22;214
1;2025-12-02;23;41
1;2025-12-03;0;3
1;2025-12-03;1;0
1;2025-12-03;2;0
1;2025-12-03;3;0
1;2025-12-03;4;9
1;2025-12-03;5;128
1;2025-12-03;6;546
1;2025-12-03;7;1519
1;2025-12-03;8;1986
1;2025-12-03;9;1540
1;2025-12-03;10;1384
1;2025-12-03;11;1391
1;2025-12-03;12;1411
1;2025-12-03;13;1451
1;2025-12-03;14;1404
1;2025-12-03;15;1511
1;2025-12-03;16;1550
1;2025-12-03;17;1814
1;2025-12-03;18;1842
1;2025-12-03;19;1375
1;2025-12-03;20;899
1;2025-12-03;21;492
1;2025-12-03;22;216
1;2025-12-03;23;42
1;2025-12-04;0;3
1;2025-12-04;1;0
1;2025-12-04;2;0
1;2025-12-04;3;0
1;2025-12-04;4;8
1;2025-12-04;5;127
1;2025-12-04;6;545
1;2025-12-04;7;1518
1;2025-12-04;8;1989
1;2025-12-04;9;1539
1;2025-12-04;10;1387
1;2025-12-04;11;1392
1;2025-12-04;12;1412
1;2025-12-04;13;1451
1;2025-12-04;14;1400
1;2025-12-04;15;1511
1;2025-12-04;16;1547
1;2025-12-04;17;1810
1;2025-12-04;18;1842
1;2025-12-04;19;1375
1;2025-12-04;20;900
1;2025-12-04;21;493
1;2025-12-04;22;216
1;2025-12-04;23;43
1;2025-12-05;0;2
1;2025-12-05;1;0
1;2025-12-05;2;0
1;2025-12-05;3;0
1;2025-12-05;4;7
1;2025-12-05;5;134
1;2025-12-05;6;535
1;2025-12-05;7;1499
1;2025-12-05;8;1869
1;2025-12-05;9;1479
1;2025-12-05;10;1346
1;2025-12-05;11;1390
1;2025-12-05;12;1407
1;2025-12-05;13;1439
1;2025-12-05;14;1415
1;2025-12-05;15;1567
1;2025-12-05;16;1618
1;2025-12-05;17;1773
1;2025-12-05;18;1538
1;2025-12-05;19;1285
1;2025-12-05;20;819
1;2025-12-05;21;480
1;2025-12-05;22;212
1;2025-12-05;23;47
1;2025-12-06;0;3
1;2025-12-06;1;0
1;2025-12-06;2;0
1;2025-12-06;3;0
1;2025-12-06;4;0
1;2025-12-06;5;34
1;2025-12-06;6;178
1;2025-12-06;7;364
1;2025-12-06;8;525
1;2025-12-06;9;789
1;2025-12-06;10;913
1;2025-12-06;11;927
1;2025-12-06;12;1075
1;2025-12-06;13;1135
1;2025-12-06;14;1069
1;2025-12-06;15;970
1;2025-12-06;16;877
1;2025-12-06;17;813
1;2025-12-06;18;711
1;2025-12-06;19;593
1;2025-12-06;20;440
1;2025-12-06;21;326
1;2025-12-06;22;133
1;2025-12-06;23;33
1;2025-12-07;0;2
1;2025-12-07;1;0
1;2025-12-07;2;0
1;2025-12-07;3;0
1;2025-12-07;4;0
1;2025-12-07;5;22
1;2025-12-07;6;125
1;2025-12-07;7;253
1;2025-12-07;8;357
1;2025-12-07;9;599
1;2025-12-07;10;669
1;2025-12-07;11;713
1;2025-12-07;12;830
1;2025-12-07;13;866
1;2025-12-07;14;810
1;2025-12-07;15;738
1;2025-12-07;16;691
1;2025-12-07;17;640
1;2025-12-07;18;516
1;2025-12-07;19;451
1;2025-12-07;20;341
1;2025-12-07;21;271
1;2025-12-07;22;112
1;2025-12-07;23;30
1;2025-12-08;0;1
1;2025-12-08;1;0
1;2025-12-08;2;0
1;2025-12-08;3;0
1;2025-12-08;4;9
1;2025-12-08;5;137
1;2025-12-08;6;534
1;2025-12-08;7;1497
1;2025-12-08;8;1965
1;2025-12-08;9;1504
1;2025-12-08;10;1290
1;2025-12-08;11;1274
1;2025-12-08;12;1347
1;2025-12-08;13;1407
1;2025-12-08;14;1411
1;2025-12-08;15;1526
1;2025-12-08;16;1584
1;2025-12-08;17;1849
1;2025-12-08;18;1944
1;2025-12-08;19;1426
1;2025-12-08;20;905
1;2025-12-08;21;465
1;2025-12-08;22;188
1;2025-12-08;23;41
1;2025-12-09;0;3
1;2025-12-09;1;0
1;2025-12-09;2;0
1;2025-12-09;3;0
1;2025-12-09;4;9
1;2025-12-09;5;129
1;2025-12-09;6;547
1;2025-12-09;7;1520
1;2025-12-09;8;1983
1;2025-12-09;9;1540
1;2025-12-09;10;1385
1;2025-12-09;11;1390
1;2025-12-09;12;1408
1;2025-12-09;13;1446
1;2025-12-09;14;1399
1;2025-12-09;15;1508
1;2025-12-09;16;1548
1;2025-12-09;17;1812
1;2025-12-09;18;1846
1;2025-12-09;19;1377
1;2025-12-09;20;900
1;2025-12-09;21;492
1;2025-12-09;22;216
1;2025-12-09;23;41
1;2025-12-10;0;3
1;2025-12-10;1;0
1;2025-12-10;2;0
1;2025-12-10;3;0
1;2025-12-10;4;8
1;2025-12-10;5;150
1;2025-12-10;6;566
1;2025-12-10;7;1538
1;2025-12-10;8;1987
1;2025-12-10;9;1558
1;2025-12-10;10;1400
1;2025-12-10;11;1401
1;2025-12-10;12;1411
1;2025-12-10;13;1450
1;2025-12-10;14;1403
1;2025-12-10;15;1510
1;2025-12-10;16;1551
1;2025-12-10;17;1814
1;2025-12-10;18;1843
1;2025-12-10;19;1375
1;2025-12-10;20;900
1;2025-12-10;21;493
1;2025-12-10;22;216
1;2025-12-10;23;42
1;2025-12-11;0;3
1;2025-12-11;1;0
1;2025-12-11;2;0
1;2025-12-11;3;0
1;2025-12-11;4;8
1;2025-12-11;5;128
1;2025-12-11;6;544
1;2025-12-11;7;1517
1;2025-12-11;8;1987
1;2025-12-11;9;1534
1;2025-12-11;10;1384
1;2025-12-11;11;1389
1;2025-12-11;12;1409
1;2025-12-11;13;1454
1;2025-12-11;14;1404
1;2025-12-11;15;1512
1;2025-12-11;16;1545
1;2025-12-11;17;1799
1;2025-12-11;18;1828
1;2025-12-11;19;1373
1;2025-12-11;20;901
1;2025-12-11;21;495
1;2025-12-11;22;220
1;2025-12-11;23;43
1;2025-12-12;0;2
1;2025-12-12;1;0
1;2025-12-12;2;0
1;2025-12-12;3;0
1;2025-12-12;4;7
1;2025-12-12;5;135
1;2025-12-12;6;530
1;2025-12-12;7;1501
1;2025-12-12;8;1866
1;2025-12-12;9;1484
1;2025-12-12;10;1342
1;2025-12-12;11;1394
1;2025-12-12;12;1390
1;2025-12-12;13;1413
1;2025-12-12;14;1395
1;2025-12-12;15;1506
1;2025-12-12;16;1561
1;2025-12-12;17;1750
1;2025-12-12;18;1545
1;2025-12-12;19;1283
1;2025-12-12;20;825
1;2025-12-12;21;486
1;2025-12-12;22;207
1;2025-12-12;23;50
1;2025-12-13;0;3
1;2025-12-13;1;0
1;2025-12-13;2;0
1;2025-12-13;3;0
1;2025-12-13;4;0
1;2025-12-13;5;24
1;2025-12-13;6;163
1;2025-12-13;7;340
1;2025-12-13;8;491
1;2025-12-13;9;755
1;2025-12-13;10;878
1;2025-12-13;11;896
1;2025-12-13;12;1029
1;2025-12-13;13;1088
1;2025-12-13;14;1025
1;2025-12-13;15;930
1;2025-12-13;16;840
1;2025-12-13;17;780
1;2025-12-13;18;690
1;2025-12-13;19;578
1;2025-12-13;20;406
1;2025-12-13;21;290
1;2025-12-13;22;123
1;2025-12-13;23;15
1;2025-12-14;0;2
1;2025-12-14;1;0
1;2025-12-14;2;0
1;2025-12-14;3;0
1;2025-12-14;4;0
1;2025-12-14;5;11
1;2025-12-14;6;90
1;2025-12-14;7;213
1;2025-12-14;8;298
1;2025-12-14;9;557
1;2025-12-14;10;625
1;2025-12-14;11;677
1;2025-12-14;12;798
1;2025-12-14;13;839
1;2025-12-14;14;782
1;2025-12-14;15;715
1;2025-12-14;16;675
1;2025-12-14;17;624
1;2025-12-14;18;509
1;2025-12-14;19;443
1;2025-12-14;20;331
1;2025-12-14;21;263
1;2025-12-14;22;114
1;2025-12-14;23;32
1;2025-12-15;0;1
1;2025-12-15;1;0
1;2025-12-15;2;0
1;2025-12-15;3;0
1;2025-12-15;4;9
1;2025-12-15;5;134
1;2025-12-15;6;528
1;2025-12-15;7;1490
1;2025-12-15;8;1937
1;2025-12-15;9;1493
1;2025-12-15;10;1277
1;2025-12-15;11;1242
1;2025-12-15;12;1322
1;2025-12-15;13;1384
1;2025-12-15;14;1388
1;2025-12-15;15;1516
1;2025-12-15;16;1568
1;2025-12-15;17;1839
1;2025-12-15;18;1947
1;2025-12-15;19;1433
1;2025-12-15;20;907
1;2025-12-15;21;464
1;2025-12-15;22;186
1;2025-12-15;23;41
1;2025-12-16;0;3
1;2025-12-16;1;0
1;2025-12-16;2;0
1;2025-12-16;3;0
1;2025-12-16;4;8
1;2025-12-16;5;129
1;2025-12-16;6;543
1;2025-12-16;7;1513
1;2025-12-16;8;1959
1;2025-12-16;9;1528
1;2025-12-16;10;1378
1;2025-12-16;11;1403
1;2025-12-16;12;1417
1;2025-12-16;13;1430
1;2025-12-16;14;1402
1;2025-12-16;15;1507
1;2025-12-16;16;1547
1;2025-12-16;17;1811
1;2025-12-16;18;1845
1;2025-12-16;19;1375
1;2025-12-16;20;897
1;2025-12-16;21;489
1;2025-12-16;22;212
1;2025-12-16;23;40
1;2025-12-17;0;3
1;2025-12-17;1;0
1;2025-12-17;2;0
1;2025-12-17;3;0
1;2025-12-17;4;8
1;2025-12-17;5;128
1;2025-12-17;6;544
1;2025-12-17;7;1517
1;2025-12-17;8;1990
1;2025-12-17;9;1541
1;2025-12-17;10;1386
1;2025-12-17;11;1391
1;2025-12-17;12;1411
1;2025-12-17;13;1451
1;2025-12-17;14;1404
1;2025-12-17;15;1511
1;2025-12-17;16;1550
1;2025-12-17;17;1814
1;2025-12-17;18;1842
1;2025-12-17;19;1374
1;2025-12-17;20;899
1;2025-12-17;21;492
1;2025-12-17;22;215
1;2025-12-17;23;42
1;2025-12-18;0;3
1;2025-12-18;1;0
1;2025-12-18;2;0
1;2025-12-18;3;0
1;2025-12-18;4;9
1;2025-12-18;5;127
1;2025-12-18;6;544
1;2025-12-18;7;1517
1;2025-12-18;8;1983
1;2025-12-18;9;1538
1;2025-12-18;10;1386
1;2025-12-18;11;1393
1;2025-12-18;12;1413
1;2025-12-18;13;1450
1;2025-12-18;14;1403
1;2025-12-18;15;1510
1;2025-12-18;16;1551
1;2025-12-18;17;1813
1;2025-12-18;18;1842
1;2025-12-18;19;1374
1;2025-12-18;20;899
1;2025-12-18;21;491
1;2025-12-18;22;215
1;2025-12-18;23;42
1;2025-12-19;0;2
1;2025-12-19;1;0
1;2025-12-19;2;0
1;2025-12-19;3;0
1;2025-12-19;4;7
1;2025-12-19;5;133
1;2025-12-19;6;534
1;2025-12-19;7;1498
1;2025-12-19;8;1865
1;2025-12-19;9;1480
1;2025-12-19;10;1349
1;2025-12-19;11;1393
1;2025-12-19;12;1411
1;2025-12-19;13;1442
1;2025-12-19;14;1423
1;2025-12-19;15;1564
1;2025-12-19;16;1614
1;2025-12-19;17;1770
1;2025-12-19;18;1544
1;2025-12-19;19;1287
1;2025-12-19;20;822
1;2025-12-19;21;482
1;2025-12-19;22;212
1;2025-12-19;23;48
1;2025-12-20;0;3
1;2025-12-20;1;0
1;2025-12-20;2;0
1;2025-12-20;3;0
1;2025-12-20;4;0
1;2025-12-20;5;35
1;2025-12-20;6;180
1;2025-12-20;7;366
1;2025-12-20;8;526
1;2025-12-20;9;792
1;2025-12-20;10;917
1;2025-12-20;11;933
1;2025-12-20;12;1074
1;2025-12-20;13;1127
1;2025-12-20;14;1063
1;2025-12-20;15;961
1;2025-12-20;16;870
1;2025-12-20;17;812
1;2025-12-20;18;703
1;2025-12-20;19;595
1;2025-12-20;20;444
1;2025-12-20;21;323
1;2025-12-20;22;136
1;2025-12-20;23;34
1;2025-12-21;0;2
1;2025-12-21;1;0
1;2025-12-21;2;0
1;2025-12-21;3;0
1;2025-12-21;4;0
1;2025-12-21;5;22
1;2025-12-21;6;122
1;2025-12-21;7;254
1;2025-12-21;8;359
1;2025-12-21;9;599
1;2025-12-21;10;669
1;2025-12-21;11;713
1;2025-12-21;12;830
1;2025-12-21;13;864
1;2025-12-21;14;807
1;2025-12-21;15;736
1;2025-12-21;16;691
1;2025-12-21;17;642
1;2025-12-21;18;516
1;2025-12-21;19;452
1;2025-12-21;20;341
1;2025-12-21;21;271
1;2025-12-21;22;104
1;2025-12-21;23;29
1;2025-12-22;0;1
1;2025-12-22;1;0
1;2025-12-22;2;0
1;2025-12-22;3;0
1;2025-12-22;4;9
1;2025-12-22;5;137
1;2025-12-22;6;534
1;2025-12-22;7;1498
1;2025-12-22;8;1974
1;2025-12-22;9;1512
1;2025-12-22;10;1311
1;2025-12-22;11;1278
1;2025-12-22;12;1352
1;2025-12-22;13;1408
1;2025-12-22;14;1411
1;2025-12-22;15;1528
1;2025-12-22;16;1585
1;2025-12-22;17;1849
1;2025-12-22;18;1945
1;2025-12-22;19;1428
1;2025-12-22;20;905
1;2025-12-22;21;466
1;2025-12-22;22;182
1;2025-12-22;23;33
1;2025-12-23;0;3
1;2025-12-23;1;0
1;2025-12-23;2;0
1;2025-12-23;3;0
1;2025-12-23;4;8
1;2025-12-23;5;131
1;2025-12-23;6;548
1;2025-12-23;7;1519
1;2025-12-23;8;1961
1;2025-12-23;9;1534
1;2025-12-23;10;1374
1;2025-12-23;11;1380
1;2025-12-23;12;1399
1;2025-12-23;13;1432
1;2025-12-23;14;1382
1;2025-12-23;15;1490
1;2025-12-23;16;1529
1;2025-12-23;17;1798
1;2025-12-23;18;1838
1;2025-12-23;19;1382
1;2025-12-23;20;899
1;2025-12-23;21;492
1;2025-12-23;22;216
1;2025-12-23;23;43
1;2025-12-24;0;3
1;2025-12-24;1;0
1;2025-12-24;2;0
1;2025-12-24;3;0
1;2025-12-24;4;9
1;2025-12-24;5;130
1;2025-12-24;6;547
1;2025-12-24;7;1515
1;2025-12-24;8;1954
1;2025-12-24;9;1536
1;2025-12-24;10;1382
1;2025-12-24;11;1390
1;2025-12-24;12;1396
1;2025-12-24;13;1443
1;2025-12-24;14;1395
1;2025-12-24;15;1492
1;2025-12-24;16;1543
1;2025-12-24;17;1807
1;2025-12-24;18;1824
1;2025-12-24;19;1376
1;2025-12-24;20;891
1;2025-12-24;21;478
1;2025-12-24;22;202
1;2025-12-24;23;34
1;2025-12-25;0;3
1;2025-12-25;1;0
1;2025-12-25;2;0
1;2025-12-25;3;0
1;2025-12-25;4;9
1;2025-12-25;5;131
1;2025-12-25;6;558
1;2025-12-25;7;1512
1;2025-12-25;8;1969
1;2025-12-25;9;1530
1;2025-12-25;10;1377
1;2025-12-25;11;1381
1;2025-12-25;12;1404
1;2025-12-25;13;1446
1;2025-12-25;14;1399
1;2025-12-25;15;1503
1;2025-12-25;16;1554
1;2025-12-25;17;1804
1;2025-12-25;18;1835
1;2025-12-25;19;1383
1;2025-12-25;20;906
1;2025-12-25;21;496
1;2025-12-25;22;221
1;2025-12-25;23;45
1;2025-12-26;0;2
1;2025-12-26;1;0
1;2025-12-26;2;0
1;2025-12-26;3;0
1;2025-12-26;4;7
1;2025-12-26;5;117
1;2025-12-26;6;529
1;2025-12-26;7;1496
1;2025-12-26;8;1872
1;2025-12-26;9;1471
1;2025-12-26;10;1328
1;2025-12-26;11;1381
1;2025-12-26;12;1364
1;2025-12-26;13;1421
1;2025-12-26;14;1404
1;2025-12-26;15;1551
1;2025-12-26;16;1601
1;2025-12-26;17;1746
1;2025-12-26;18;1531
1;2025-12-26;19;1279
1;2025-12-26;20;812
1;2025-12-26;21;473
1;2025-12-26;22;203
1;2025-12-26;23;49
1;2025-12-27;0;3
1;2025-12-27;1;0
1;2025-12-27;2;0
1;2025-12-27;3;0
1;2025-12-27;4;0
1;2025-12-27;5;35
1;2025-12-27;6;180
1;2025-12-27;7;366
1;2025-12-27;8;527
1;2025-12-27;9;775
1;2025-12-27;10;916
1;2025-12-27;11;933
1;2025-12-27;12;1074
1;2025-12-27;13;1127
1;2025-12-27;14;1063
1;2025-12-27;15;944
1;2025-12-27;16;854
1;2025-12-27;17;798
1;2025-12-27;18;696
1;2025-12-27;19;583
1;2025-12-27;20;434
1;2025-12-27;21;312
1;2025-12-27;22;123
1;2025-12-27;23;30
1;2025-12-28;0;2
1;2025-12-28;1;0
1;2025-12-28;2;0
1;2025-12-28;3;0
1;2025-12-28;4;0
1;2025-12-28;5;23
1;2025-12-28;6;130
1;2025-12-28;7;253
1;2025-12-28;8;360
1;2025-12-28;9;596
1;2025-12-28;10;659
1;2025-12-28;11;682
1;2025-12-28;12;793
1;2025-12-28;13;820
1;2025-12-28;14;765
1;2025-12-28;15;690
1;2025-12-28;16;670
1;2025-12-28;17;620
1;2025-12-28;18;502
1;2025-12-28;19;434
1;2025-12-28;20;322
1;2025-12-28;21;256
1;2025-12-28;22;98
1;2025-12-28;23;25
1;2025-12-29;0;1
1;2025-12-29;1;0
1;2025-12-29;2;0
1;2025-12-29;3;0
1;2025-12-29;4;8
1;2025-12-29;5;126
1;2025-12-29;6;496
1;2025-12-29;7;1382
1;2025-12-29;8;1783
1;2025-12-29;9;1378
1;2025-12-29;10;1177
1;2025-12-29;11;1164
1;2025-12-29;12;1227
1;2025-12-29;13;1288
1;2025-12-29;14;1294
1;2025-12-29;15;1398
1;2025-12-29;16;1452
1;2025-12-29;17;1695
1;2025-12-29;18;1779
1;2025-12-29;19;1322
1;2025-12-29;20;833
1;2025-12-29;21;426
1;2025-12-29;22;167
1;2025-12-29;23;29
1;2025-12-30;0;3
1;2025-12-30;1;0
1;2025-12-30;2;0
1;2025-12-30;3;0
1;2025-12-30;4;8
1;2025-12-30;5;112
1;2025-12-30;6;497
1;2025-12-30;7;1396
1;2025-12-30;8;1802
1;2025-12-30;9;1404
1;2025-12-30;10;1256
1;2025-12-30;11;1264
1;2025-12-30;12;1273
1;2025-12-30;13;1309
1;2025-12-30;14;1277
1;2025-12-30;15;1373
1;2025-12-30;16;1411
1;2025-12-30;17;1645
1;2025-12-30;18;1689
1;2025-12-30;19;1268
1;2025-12-30;20;818
1;2025-12-30;21;440
1;2025-12-30;22;189
1;2025-12-30;23;31
1;2025-12-31;0;1
1;2025-12-31;1;0
1;2025-12-31;2;0
1;2025-12-31;3;0
1;2025-12-31;4;0
1;2025-12-31;5;9
1;2025-12-31;6;48
1;2025-12-31;7;112
1;2025-12-31;8;169
1;2025-12-31;9;350
1;2025-12-31;10;403
1;2025-12-31;11;420
1;2025-12-31;12;562
1;2025-12-31;13;567
1;2025-12-31;14;519
1;2025-12-31;15;475
1;2025-12-31;16;472
1;2025-12-31;17;434
1;2025-12-31;18;330
1;2025-12-31;19;299
1;2025-12-31;20;233
1;2025-12-31;21;171
1;2025-12-31;22;42
1;2025-12-31;23;11
5;2025-11-01;0;0
5;2025-11-01;1;0
5;2025-11-01;2;0
5;2025-11-01;3;0
5;2025-11-01;4;0
5;2025-11-01;5;0
5;2025-11-01;6;0
5;2025-11-01;7;0
5;2025-11-01;8;0
5;2025-11-01;9;0
5;2025-11-01;10;0
5;2025-11-01;11;0
5;2025-11-01;12;0
5;2025-11-01;13;0
5;2025-11-01;14;0
5;2025-11-01;15;0
5;2025-11-01;16;0
5;2025-11-01;17;0
5;2025-11-01;18;0
5;2025-11-01;19;0
5;2025-11-01;20;0
5;2025-11-01;21;0
5;2025-11-01;22;0
5;2025-11-01;23;0
5;2025-11-02;0;0
5;2025-11-02;1;0
5;2025-11-02;2;0
5;2025-11-02;3;0
5;2025-11-02;4;0
5;2025-11-02;5;0
5;2025-11-02;6;0
5;2025-11-02;7;0
5;2025-11-02;8;0
5;2025-11-02;9;0
5;2025-11-02;10;0
5;2025-11-02;11;0
5;2025-11-02;12;0
5;2025-11-02;13;0
5;2025-11-02;14;0
5;2025-11-02;15;0
5;2025-11-02;16;0
5;2025-11-02;17;0
5;2025-11-02;18;0
5;2025-11-02;19;0
5;2025-11-02;20;0
5;2025-11-02;21;0
5;2025-11-02;22;0
5;2025-11-02;23;0
5;2025-11-03;0;0
5;2025-11-03;1;0
5;2025-11-03;2;0
5;2025-11-03;3;0
5;2025-11-03;4;0
5;2025-11-03;5;0
5;2025-11-03;6;0
5;2025-11-03;7;0
5;2025-11-03;8;0
5;2025-11-03;9;0
5;2025-11-03;10;0
5;2025-11-03;11;0
5;2025-11-03;12;0
5;2025-11-03;13;0
5;2025-11-03;14;0
5;2025-11-03;15;0
5;2025-11-03;16;0
5;2025-11-03;17;0
5;2025-11-03;18;0
5;2025-11-03;19;0
5;2025-11-03;20;0
5;2025-11-03;21;0
5;2025-11-03;22;0
5;2025-11-03;23;0
5;2025-11-04;0;0
5;2025-11-04;1;0
5;2025-11-04;2;0
5;2025-11-04;3;0
5;2025-11-04;4;0
5;2025-11-04;5;0
5;2025-11-04;6;0
5;2025-11-04;7;0
5;2025-11-04;8;0
5;2025-11-04;9;0
5;2025-11-04;10;0
5;2025-11-04;11;0
5;2025-11-04;12;0
5;2025-11-04;13;0
5;2025-11-04;14;0
5;2025-11-04;15;0
5;2025-11-04;16;0
5;2025-11-04;17;0
5;2025-11-04;18;0
5;2025-11-04;19;0
5;2025-11-04;20;0
5;2025-11-04;21;0
5;2025-11-04;22;0
5;2025-11-04;23;0
5;2025-11-05;0;0
5;2025-11-05;1;0
5;2025-11-05;2;0
5;2025-11-05;3;0
5;2025-11-05;4;0
5;2025-11-05;5;0
5;2025-11-05;6;0
5;2025-11-05;7;0
5;2025-11-05;8;0
5;2025-11-05;9;0
5;2025-11-05;10;0
5;2025-11-05;11;0
5;2025-11-05;12;0
5;2025-11-05;13;0
5;2025-11-05;14;0
5;2025-11-05;15;0
5;2025-11-05;16;0
5;2025-11-05;17;0
5;2025-11-05;18;0
5;2025-11-05;19;0
5;2025-11-05;20;0
5;2025-11-05;21;0
5;2025-11-05;22;0
5;2025-11-05;23;0
5;2025-11-06;0;0
5;2025-11-06;1;0
5;2025-11-06;2;0
5;2025-11-06;3;0
5;2025-11-06;4;0
5;2025-11-06;5;0
5;2025-11-06;6;0
5;2025-11-06;7;0
5;2025-11-06;8;0
5;2025-11-06;9;0
5;2025-11-06;10;0
5;2025-11-06;11;0
5;2025-11-06;12;0
5;2025-11-06;13;0
5;2025-11-06;14;0
5;2025-11-06;15;0
5;2025-11-06;16;0
5;2025-11-06;17;0
5;2025-11-06;18;0
5;2025-11-06;19;0
5;2025-11-06;20;0
5;2025-11-06;21;0
5;2025-11-06;22;0
5;2025-11-06;23;0
5;2025-11-07;0;0
5;2025-11-07;1;0
5;2025-11-07;2;0
5;2025-11-07;3;0
5;2025-11-07;4;0
5;2025-11-07;5;0
5;2025-11-07;6;0
5;2025-11-07;7;0
5;2025-11-07;8;0
5;2025-11-07;9;0
5;2025-11-07;10;0
5;2025-11-07;11;0
5;2025-11-07;12;0
5;2025-11-07;13;0
5;2025-11-07;14;0
5;2025-11-07;15;0
5;2025-11-07;16;0
5;2025-11-07;17;0
5;2025-11-07;18;0
5;2025-11-07;19;0
5;2025-11-07;20;0
5;2025-11-07;21;0
5;2025-11-07;22;0
5;2025-11-07;23;0
5;2025-11-08;0;0
5;2025-11-08;1;0
5;2025-11-08;2;0
5;2025-11-08;3;0
5;2025-11-08;4;0
5;2025-11-08;5;0
5;2025-11-08;6;0
5;2025-11-08;7;0
5;2025-11-08;8;0
5;2025-11-08;9;0
5;2025-11-08;10;0
5;2025-11-08;11;0
5;2025-11-08;12;0
5;2025-11-08;13;0
5;2025-11-08;14;0
5;2025-11-08;15;0
5;2025-11-08;16;0
5;2025-11-08;17;0
5;2025-11-08;18;0
5;2025-11-08;19;0
5;2025-11-08;20;0
5;2025-11-08;21;0
5;2025-11-08;22;0
5;2025-11-08;23;0
5;2025-11-09;0;0
5;2025-11-09;1;0
5;2025-11-09;2;0
5;2025-11-09;3;0
5;2025-11-09;4;0
5;2025-11-09;5;0
5;2025-11-09;6;0
5;2025-11-09;7;0
5;2025-11-09;8;0
5;2025-11-09;9;0
5;2025-11-09;10;0
5;2025-11-09;11;0
5;2025-11-09;12;0
5;2025-11-09;13;0
5;2025-11-09;14;0
5;2025-11-09;15;0
5;2025-11-09;16;0
5;2025-11-09;17;0
5;2025-11-09;18;0
5;2025-11-09;19;0
5;2025-11-09;20;0
5;2025-11-09;21;0
5;2025-11-09;22;0
5;2025-11-09;23;0
5;2025-11-10;0;0
5;2025-11-10;1;0
5;2025-11-10;2;0
5;2025-11-10;3;0
5;2025-11-10;4;0
5;2025-11-10;5;0
5;2025-11-10;6;0
5;2025-11-10;7;0
5;2025-11-10;8;0
5;2025-11-10;9;0
5;2025-11-10;10;0
5;2025-11-10;11;0
5;2025-11-10;12;0
5;2025-11-10;13;0
5;2025-11-10;14;0
5;2025-11-10;15;0
5;2025-11-10;16;0
5;2025-11-10;17;0
5;2025-11-10;18;0
5;2025-11-10;19;0
5;2025-11-10;20;0
5;2025-11-10;21;0
5;2025-11-10;22;0
5;2025-11-10;23;0
5;2025-11-11;0;0
5;2025-11-11;1;0
5;2025-11-11;2;0
5;2025-11-11;3;0
5;2025-11-11;4;0
5;2025-11-11;5;0
5;2025-11-11;6;0
5;2025-11-11;7;0
5;2025-11-11;8;0
5;2025-11-11;9;0
5;2025-11-11;10;0
5;2025-11-11;11;0
5;2025-11-11;12;0
5;2025-11-11;13;0
5;2025-11-11;14;0
5;2025-11-11;15;0
5;2025-11-11;16;0
5;2025-11-11;17;0
5;2025-11-11;18;0
5;2025-11-11;19;0
5;2025-11-11;20;0
5;2025-11-11;21;0
5;2025-11-11;22;0
5;2025-11-11;23;0
5;2025-11-12;0;0
5;2025-11-12;1;0
5;2025-11-12;2;0
5;2025-11-12;3;0
5;2025-11-12;4;0
5;2025-11-12;5;0
5;2025-11-12;6;0
5;2025-11-12;7;0
5;2025-11-12;8;0
5;2025-11-12;9;0
5;2025-11-12;10;0
5;2025-11-12;11;0
5;2025-11-12;12;0
5;2025-11-12;13;0
5;2025-11-12;14;0
5;2025-11-12;15;0
5;2025-11-12;16;0
5;2025-11-12;17;0
5;2025-11-12;18;0
5;2025-11-12;19;0
5;2025-11-12;20;0
5;2025-11-12;21;0
5;2025-11-12;22;0
5;2025-11-12;23;0
5;2025-11-13;0;0
5;2025-11-13;1;0
5;2025-11-13;2;0
5;2025-11-13;3;0
5;2025-11-13;4;0
5;2025-11-13;5;0
5;2025-11-13;6;0
5;2025-11-13;7;0
5;2025-11-13;8;0
5;2025-11-13;9;0
5;2025-11-13;10;0
5;2025-11-13;11;0
5;2025-11-13;12;0
5;2025-11-13;13;0
5;2025-11-13;14;0
5;2025-11-13;15;0
5;2025-11-13;16;0
5;2025-11-13;17;0
5;2025-11-13;18;0
5;2025-11-13;19;0
5;2025-11-13;20;0
5;2025-11-13;21;0
5;2025-11-13;22;0
5;2025-11-13;23;0
5;2025-11-14;0;0
5;2025-11-14;1;0
5;2025-11-14;2;0
5;2025-11-14;3;0
5;2025-11-14;4;0
5;2025-11-14;5;0
5;2025-11-14;6;0
5;2025-11-14;7;0
5;2025-11-14;8;0
5;2025-11-14;9;0
5;2025-11-14;10;0
5;2025-11-14;11;0
5;2025-11-14;12;0
5;2025-11-14;13;0
5;2025-11-14;14;0
5;2025-11-14;15;0
5;2025-11-14;16;0
5;2025-11-14;17;0
5;2025-11-14;18;0
5;2025-11-14;19;0
5;2025-11-14;20;0
5;2025-11-14;21;0
5;2025-11-14;22;0
5;2025-11-14;23;0
5;2025-11-15;0;0
5;2025-11-15;1;0
5;2025-11-15;2;0
5;2025-11-15;3;0
5;2025-11-15;4;0
5;2025-11-15;5;0
5;2025-11-15;6;0
5;2025-11-15;7;0
5;2025-11-15;8;0
5;2025-11-15;9;0
5;2025-11-15;10;0
5;2025-11-15;11;0
5;2025-11-15;12;0
5;2025-11-15;13;0
5;2025-11-15;14;0
5;2025-11-15;15;0
5;2025-11-15;16;0
5;2025-11-15;17;0
5;2025-11-15;18;0
5;2025-11-15;19;0
5;2025-11-15;20;0
5;2025-11-15;21;0
5;2025-11-15;22;0
5;2025-11-15;23;0
5;2025-11-16;0;0
5;2025-11-16;1;0
5;2025-11-16;2;0
5;2025-11-16;3;0
5;2025-11-16;4;0
5;2025-11-16;5;0
5;2025-11-16;6;0
5;2025-11-16;7;0
5;2025-11-16;8;0
5;2025-11-16;9;0
5;2025-11-16;10;0
5;2025-11-16;11;0
5;2025-11-16;12;0
5;2025-11-16;13;0
5;2025-11-16;14;0
5;2025-11-16;15;0
5;2025-11-16;16;0
5;2025-11-16;17;0
5;2025-11-16;18;0
5;2025-11-16;19;0
5;2025-11-16;20;0
5;2025-11-16;21;0
5;2025-11-16;22;0
5;2025-11-16;23;0
5;2025-11-17;0;0
5;2025-11-17;1;0
5;2025-11-17;2;0
5;2025-11-17;3;0
5;2025-11-17;4;0
5;2025-11-17;5;0
5;2025-11-17;6;0
5;2025-11-17;7;0
5;2025-11-17;8;0
5;2025-11-17;9;0
5;2025-11-17;10;0
5;2025-11-17;11;0
5;2025-11-17;12;0
5;2025-11-17;13;0
5;2025-11-17;14;0
5;2025-11-17;15;0
5;2025-11-17;16;0
5;2025-11-17;17;0
5;2025-11-17;18;0
5;2025-11-17;19;0
5;2025-11-17;20;0
5;2025-11-17;21;0
5;2025-11-17;22;0
5;2025-11-17;23;0
5;2025-11-18;0;0
5;2025-11-18;1;0
5;2025-11-18;2;0
5;2025-11-18;3;0
5;2025-11-18;4;0
5;2025-11-18;5;0
5;2025-11-18;6;0
5;2025-11-18;7;0
5;2025-11-18;8;0
5;2025-11-18;9;0
5;2025-11-18;10;0
5;2025-11-18;11;0
5;2025-11-18;12;0
5;2025-11-18;13;0
5;2025-11-18;14;0
5;2025-11-18;15;0
5;2025-11-18;16;0
5;2025-11-18;17;0
5;2025-11-18;18;0
5;2025-11-18;19;0
5;2025-11-18;20;0
5;2025-11-18;21;0
5;2025-11-18;22;0
5;2025-11-18;23;0
5;2025-11-19;0;0
5;2025-11-19;1;0
5;2025-11-19;2;0
5;2025-11-19;3;0
5;2025-11-19;4;0
5;2025-11-19;5;0
5;2025-11-19;6;0
5;2025-11-19;7;0
5;2025-11-19;8;0
5;2025-11-19;9;0
5;2025-11-19;10;0
5;2025-11-19;11;0
5;2025-11-19;12;0
5;2025-11-19;13;0
5;2025-11-19;14;0
5;2025-11-19;15;0
5;2025-11-19;16;0
5;2025-11-19;17;0
5;2025-11-19;18;0
5;2025-11-19;19;0
5;2025-11-19;20;0
5;2025-11-19;21;0
5;2025-11-19;22;0
5;2025-11-19;23;0
5;2025-11-20;0;0
5;2025-11-20;1;0
5;2025-11-20;2;0
5;2025-11-20;3;0
5;2025-11-20;4;0
5;2025-11-20;5;0
5;2025-11-20;6;0
5;2025-11-20;7;0
5;2025-11-20;8;0
5;2025-11-20;9;0
5;2025-11-20;10;0
5;2025-11-20;11;0
5;2025-11-20;12;0
5;2025-11-20;13;0
5;2025-11-20;14;0
5;2025-11-20;15;0
5;2025-11-20;16;0
5;2025-11-20;17;0
5;2025-11-20;18;0
5;2025-11-20;19;0
5;2025-11-20;20;0
5;2025-11-20;21;0
5;2025-11-20;22;0
5;2025-11-20;23;0
5;2025-11-21;0;0
5;2025-11-21;1;0
5;2025-11-21;2;0
5;2025-11-21;3;0
5;2025-11-21;4;0
5;2025-11-21;5;0
5;2025-11-21;6;0
5;2025-11-21;7;0
5;2025-11-21;8;0
5;2025-11-21;9;0
5;2025-11-21;10;0
5;2025-11-21;11;0
5;2025-11-21;12;0
5;2025-11-21;13;0
5;2025-11-21;14;0
5;2025-11-21;15;0
5;2025-11-21;16;0
5;2025-11-21;17;0
5;2025-11-21;18;0
5;2025-11-21;19;0
5;2025-11-21;20;0
5;2025-11-21;21;0
5;2025-11-21;22;0
5;2025-11-21;23;0
5;2025-11-22;0;0
5;2025-11-22;1;0
5;2025-11-22;2;0
5;2025-11-22;3;0
5;2025-11-22;4;0
5;2025-11-22;5;0
5;2025-11-22;6;0
5;2025-11-22;7;0
5;2025-11-22;8;0
5;2025-11-22;9;0
5;2025-11-22;10;0
5;2025-11-22;11;0
5;2025-11-22;12;0
5;2025-11-22;13;0
5;2025-11-22;14;0
5;2025-11-22;15;0
5;2025-11-22;16;0
5;2025-11-22;17;0
5;2025-11-22;18;0
5;2025-11-22;19;0
5;2025-11-22;20;0
5;2025-11-22;21;0
5;2025-11-22;22;0
5;2025-11-22;23;0
5;2025-11-23;0;0
5;2025-11-23;1;0
5;2025-11-23;2;0
5;2025-11-23;3;0
5;2025-11-23;4;0
5;2025-11-23;5;0
5;2025-11-23;6;0
5;2025-11-23;7;0
5;2025-11-23;8;0
5;2025-11-23;9;0
5;2025-11-23;10;0
5;2025-11-23;11;0
5;2025-11-23;12;0
5;2025-11-23;13;0
5;2025-11-23;14;0
5;2025-11-23;15;0
5;2025-11-23;16;0
5;2025-11-23;17;0
5;2025-11-23;18;0
5;2025-11-23;19;0
5;2025-11-23;20;0
5;2025-11-23;21;0
5;2025-11-23;22;0
5;2025-11-23;23;0
5;2025-11-24;0;0
5;2025-11-24;1;0
5;2025-11-24;2;0
5;2025-11-24;3;0
5;2025-11-24;4;0
5;2025-11-24;5;0
5;2025-11-24;6;0
5;2025-11-24;7;0
5;2025-11-24;8;0
5;2025-11-24;9;0
5;2025-11-24;10;0
5;2025-11-24;11;0
5;2025-11-24;12;0
5;2025-11-24;13;0
5;2025-11-24;14;0
5;2025-11-24;15;0
5;2025-11-24;16;0
5;2025-11-24;17;0
5;2025-11-24;18;0
5;2025-11-24;19;0
5;2025-11-24;20;0
5;2025-11-24;21;0
5;2025-11-24;22;0
5;2025-11-24;23;0
5;2025-11-25;0;0
5;2025-11-25;1;0
5;2025-11-25;2;0
5;2025-11-25;3;0
5;2025-11-25;4;0
5;2025-11-25;5;0
5;2025-11-25;6;0
5;2025-11-25;7;0
5;2025-11-25;8;0
5;2025-11-25;9;0
5;2025-11-25;10;0
5;2025-11-25;11;0
5;2025-11-25;12;0
5;2025-11-25;13;0
5;2025-11-25;14;0
5;2025-11-25;15;0
5;2025-11-25;16;0
5;2025-11-25;17;0
5;2025-11-25;18;0
5;2025-11-25;19;0
5;2025-11-25;20;0
5;2025-11-25;21;0
5;2025-11-25;22;0
5;2025-11-25;23;0
5;2025-11-26;0;0
5;2025-11-26;1;0
5;2025-11-26;2;0
5;2025-11-26;3;0
5;2025-11-26;4;0
5;2025-11-26;5;0
5;2025-11-26;6;0
5;2025-11-26;7;0
5;2025-11-26;8;0
5;2025-11-26;9;0
5;2025-11-26;10;0
5;2025-11-26;11;0
5;2025-11-26;12;0
5;2025-11-26;13;0
5;2025-11-26;14;0
5;2025-11-26;15;0
5;2025-11-26;16;0
5;2025-11-26;17;0
5;2025-11-26;18;0
5;2025-11-26;19;0
5;2025-11-26;20;0
5;2025-11-26;21;0
5;2025-11-26;22;0
5;2025-11-26;23;0
5;2025-11-27;0;0
5;2025-11-27;1;0
5;2025-11-27;2;0
5;2025-11-27;3;0
5;2025-11-27;4;0
5;2025-11-27;5;0
5;2025-11-27;6;0
5;2025-11-27;7;0
5;2025-11-27;8;0
5;2025-11-27;9;0
5;2025-11-27;10;0
5;2025-11-27;11;0
5;2025-11-27;12;0
5;2025-11-27;13;0
5;2025-11-27;14;0
5;2025-11-27;15;0
5;2025-11-27;16;0
5;2025-11-27;17;0
5;2025-11-27;18;0
5;2025-11-27;19;0
5;2025-11-27;20;0
5;2025-11-27;21;0
5;2025-11-27;22;0
5;2025-11-27;23;0
5;2025-11-28;0;0
5;2025-11-28;1;0
5;2025-11-28;2;0
5;2025-11-28;3;0
5;2025-11-28;4;0
5;2025-11-28;5;0
5;2025-11-28;6;0
5;2025-11-28;7;0
5;2025-11-28;8;0
5;2025-11-28;9;0
5;2025-11-28;10;0
5;2025-11-28;11;0
5;2025-11-28;12;0
5;2025-11-28;13;0
5;2025-11-28;14;0
5;2025-11-28;15;0
5;2025-11-28;16;0
5;2025-11-28;17;0
5;2025-11-28;18;0
5;2025-11-28;19;0
5;2025-11-28;20;0
5;2025-11-28;21;0
5;2025-11-28;22;0
5;2025-11-28;23;0
5;2025-11-29;0;0
5;2025-11-29;1;0
5;2025-11-29;2;0
5;2025-11-29;3;0
5;2025-11-29;4;0
5;2025-11-29;5;0
5;2025-11-29;6;0
5;2025-11-29;7;0
5;2025-11-29;8;0
5;2025-11-29;9;0
5;2025-11-29;10;0
5;2025-11-29;11;0
5;2025-11-29;12;0
5;2025-11-29;13;0
5;2025-11-29;14;0
5;2025-11-29;15;0
5;2025-11-29;16;0
5;2025-11-29;17;0
5;2025-11-29;18;0
5;2025-11-29;19;0
5;2025-11-29;20;0
5;2025-11-29;21;0
5;2025-11-29;22;0
5;2025-11-29;23;0
5;2025-11-30;0;0
5;2025-11-30;1;0
5;2025-11-30;2;0
5;2025-11-30;3;0
5;2025-11-30;4;0
5;2025-11-30;5;0
5;2025-11-30;6;0
5;2025-11-30;7;0
5;2025-11-30;8;0
5;2025-11-30;9;0
5;2025-11-30;10;0
5;2025-11-30;11;0
5;2025-11-30;12;0
5;2025-11-30;13;0
5;2025-11-30;14;0
5;2025-11-30;15;0
5;2025-11-30;16;0
5;2025-11-30;17;0
5;2025-11-30;18;0
5;2025-11-30;19;0
5;2025-11-30;20;0
5;2025-11-30;21;0
5;2025-11-30;22;0
5;2025-11-30;23;0
5;2025-12-01;0;0
5;2025-12-01;1;0
5;2025-12-01;2;0
5;2025-12-01;3;0
5;2025-12-01;4;0
5;2025-12-01;5;0
5;2025-12-01;6;0
5;2025-12-01;7;0
5;2025-12-01;8;0
5;2025-12-01;9;0
5;2025-12-01;10;0
5;2025-12-01;11;0
5;2025-12-01;12;0
5;2025-12-01;13;0
5;2025-12-01;14;0
5;2025-12-01;15;0
5;2025-12-01;16;0
5;2025-12-01;17;0
5;2025-12-01;18;0
5;2025-12-01;19;0
5;2025-12-01;20;0
5;2025-12-01;21;0
5;2025-12-01;22;0
5;2025-12-01;23;0
5;2025-12-02;0;0
5;2025-12-02;1;0
5;2025-12-02;2;0
5;2025-12-02;3;0
5;2025-12-02;4;0
5;2025-12-02;5;0
5;2025-12-02;6;0
5;2025-12-02;7;0
5;2025-12-02;8;0
5;2025-12-02;9;0
5;2025-12-02;10;0
5;2025-12-02;11;0
5;2025-12-02;12;0
5;2025-12-02;13;0
5;2025-12-02;14;0
5;2025-12-02;15;0
5;2025-12-02;16;0
5;2025-12-02;17;0
5;2025-12-02;18;0
5;2025-12-02;19;0
5;2025-12-02;20;0
5;2025-12-02;21;0
5;2025-12-02;22;0
5;2025-12-02;23;0
5;2025-12-03;0;0
5;2025-12-03;1;0
5;2025-12-03;2;0
5;2025-12-03;3;0
5;2025-12-03;4;0
5;2025-12-03;5;0
5;2025-12-03;6;0
5;2025-12-03;7;0
5;2025-12-03;8;0
5;2025-12-03;9;0
5;2025-12-03;10;0
5;2025-12-03;11;0
5;2025-12-03;12;0
5;2025-12-03;13;0
5;2025-12-03;14;0
5;2025-12-03;15;0
5;2025-12-03;16;0
5;2025-12-03;17;0
5;2025-12-03;18;0
5;2025-12-03;19;0
5;2025-12-03;20;0
5;2025-12-03;21;0
5;2025-12-03;22;0
5;2025-12-03;23;0
5;2025-12-04;0;0
5;2025-12-04;1;0
5;2025-12-04;2;0
5;2025-12-04;3;0
5;2025-12-04;4;0
5;2025-12-04;5;0
5;2025-12-04;6;0
5;2025-12-04;7;0
5;2025-12-04;8;0
5;2025-12-04;9;0
5;2025-12-04;10;0
5;2025-12-04;11;0
5;2025-12-04;12;0
5;2025-12-04;13;0
5;2025-12-04;14;0
5;2025-12-04;15;0
5;2025-12-04;16;0
5;2025-12-04;17;0
5;2025-12-04;18;0
5;2025-12-04;19;0
5;2025-12-04;20;0
5;2025-12-04;21;0
5;2025-12-04;22;0
5;2025-12-04;23;0
5;2025-12-05;0;0
5;2025-12-05;1;0
5;2025-12-05;2;0
5;2025-12-05;3;0
5;2025-12-05;4;0
5;2025-12-05;5;0
5;2025-12-05;6;0
5;2025-12-05;7;0
5;2025-12-05;8;0
5;2025-12-05;9;0
5;2025-12-05;10;0
5;2025-12-05;11;0
5;2025-12-05;12;0
5;2025-12-05;13;0
5;2025-12-05;14;0
5;2025-12-05;15;0
5;2025-12-05;16;0
5;2025-12-05;17;0
5;2025-12-05;18;0
5;2025-12-05;19;0
5;2025-12-05;20;0
5;2025-12-05;21;0
5;2025-12-05;22;0
5;2025-12-05;23;0
5;2025-12-06;0;0
5;2025-12-06;1;0
5;2025-12-06;2;0
5;2025-12-06;3;0
5;2025-12-06;4;0
5;2025-12-06;5;0
5;2025-12-06;6;0
5;2025-12-06;7;0
5;2025-12-06;8;0
5;2025-12-06;9;0
5;2025-12-06;10;0
5;2025-12-06;11;0
5;2025-12-06;12;0
5;2025-12-06;13;0
5;2025-12-06;14;0
5;2025-12-06;15;0
5;2025-12-06;16;0
5;2025-12-06;17;0
5;2025-12-06;18;0
5;2025-12-06;19;0
5;2025-12-06;20;0
5;2025-12-06;21;0
5;2025-12-06;22;0
5;2025-12-06;23;0
5;2025-12-07;0;0
5;2025-12-07;1;0
5;2025-12-07;2;0
5;2025-12-07;3;0
5;2025-12-07;4;0
5;2025-12-07;5;0
5;2025-12-07;6;0
5;2025-12-07;7;0
5;2025-12-07;8;0
5;2025-12-07;9;0
5;2025-12-07;10;0
5;2025-12-07;11;0
5;2025-12-07;12;0
5;2025-12-07;13;0
5;2025-12-07;14;0
5;2025-12-07;15;0
5;2025-12-07;16;0
5;2025-12-07;17;0
5;2025-12-07;18;0
5;2025-12-07;19;0
5;2025-12-07;20;0
5;2025-12-07;21;0
5;2025-12-07;22;0
5;2025-12-07;23;0
5;2025-12-08;0;0
5;2025-12-08;1;0
5;2025-12-08;2;0
5;2025-12-08;3;0
5;2025-12-08;4;0
5;2025-12-08;5;0
5;2025-12-08;6;0
5;2025-12-08;7;0
5;2025-12-08;8;0
5;2025-12-08;9;0
5;2025-12-08;10;0
5;2025-12-08;11;0
5;2025-12-08;12;0
5;2025-12-08;13;0
5;2025-12-08;14;0
5;2025-12-08;15;0
5;2025-12-08;16;0
5;2025-12-08;17;0
5;2025-12-08;18;0
5;2025-12-08;19;0
5;2025-12-08;20;0
5;2025-12-08;21;0
5;2025-12-08;22;0
5;2025-12-08;23;0
5;2025-12-09;0;0
5;2025-12-09;1;0
5;2025-12-09;2;0
5;2025-12-09;3;0
5;2025-12-09;4;0
5;2025-12-09;5;0
5;2025-12-09;6;0
5;2025-12-09;7;0
5;2025-12-09;8;0
5;2025-12-09;9;0
5;2025-12-09;10;0
5;2025-12-09;11;0
5;2025-12-09;12;0
5;2025-12-09;13;0
5;2025-12-09;14;0
5;2025-12-09;15;0
5;2025-12-09;16;0
5;2025-12-09;17;0
5;2025-12-09;18;0
5;2025-12-09;19;0
5;2025-12-09;20;0
5;2025-12-09;21;0
5;2025-12-09;22;0
5;2025-12-09;23;0
5;2025-12-10;0;0
5;2025-12-10;1;0
5;2025-12-10;2;0
5;2025-12-10;3;0
5;2025-12-10;4;0
5;2025-12-10;5;0
5;2025-12-10;6;0
5;2025-12-10;7;0
5;2025-12-10;8;0
5;2025-12-10;9;0
5;2025-12-10;10;0
5;2025-12-10;11;0
5;2025-12-10;12;0
5;2025-12-10;13;0
5;2025-12-10;14;0
5;2025-12-10;15;0
5;2025-12-10;16;0
5;2025-12-10;17;0
5;2025-12-10;18;0
5;2025-12-10;19;0
5;2025-12-10;20;0
5;2025-12-10;21;0
5;2025-12-10;22;0
5;2025-12-10;23;0
5;2025-12-11;0;0
5;2025-12-11;1;0
5;2025-12-11;2;0
5;2025-12-11;3;0
5;2025-12-11;4;0
5;2025-12-11;5;0
5;2025-12-11;6;0
5;2025-12-11;7;0
5;2025-12-11;8;0
5;2025-12-11;9;0
5;2025-12-11;10;0
5;2025-12-11;11;0
5;2025-12-11;12;0
5;2025-12-11;13;0
5;2025-12-11;14;0
5;2025-12-11;15;0
5;2025-12-11;16;0
5;2025-12-11;17;0
5;2025-12-11;18;0
5;2025-12-11;19;0
5;2025-12-11;20;0
5;2025-12-11;21;0
5;2025-12-11;22;0
5;2025-12-11;23;0
5;2025-12-12;0;0
5;2025-12-12;1;0
5;2025-12-12;2;0
5;2025-12-12;3;0
5;2025-12-12;4;0
5;2025-12-12;5;0
5;2025-12-12;6;0
5;2025-12-12;7;0
5;2025-12-12;8;0
5;2025-12-12;9;0
5;2025-12-12;10;0
5;2025-12-12;11;0
5;2025-12-12;12;0
5;2025-12-12;13;0
5;2025-12-12;14;0
5;2025-12-12;15;0
5;2025-12-12;16;0
5;2025-12-12;17;0
5;2025-12-12;18;0
5;2025-12-12;19;0
5;2025-12-12;20;0
5;2025-12-12;21;0
5;2025-12-12;22;0
5;2025-12-12;23;0
5;2025-12-13;0;0
5;2025-12-13;1;0
5;2025-12-13;2;0
5;2025-12-13;3;0
5;2025-12-13;4;0
5;2025-12-13;5;0
5;2025-12-13;6;0
5;2025-12-13;7;0
5;2025-12-13;8;0
5;2025-12-13;9;0
5;2025-12-13;10;0
5;2025-12-13;11;0
5;2025-12-13;12;0
5;2025-12-13;13;0
5;2025-12-13;14;0
5;2025-12-13;15;0
5;2025-12-13;16;0
5;2025-12-13;17;0
5;2025-12-13;18;0
5;2025-12-13;19;0
5;2025-12-13;20;0
5;2025-12-13;21;0
5;2025-12-13;22;0
5;2025-12-13;23;0
5;2025-12-14;0;0
5;2025-12-14;1;0
5;2025-12-14;2;0
5;2025-12-14;3;0
5;2025-12-14;4;0
5;2025-12-14;5;0
5;2025-12-14;6;0
5;2025-12-14;7;0
5;2025-12-14;8;0
5;2025-12-14;9;0
5;2025-12-14;10;0
5;2025-12-14;11;0
5;2025-12-14;12;0
5;2025-12-14;13;0
5;2025-12-14;14;0
5;2025-12-14;15;0
5;2025-12-14;16;0
5;2025-12-14;17;0
5;2025-12-14;18;0
5;2025-12-14;19;0
5;2025-12-14;20;0
5;2025-12-14;21;0
5;2025-12-14;22;0
5;2025-12-14;23;0
5;2025-12-15;0;0
5;2025-12-15;1;0
5;2025-12-15;2;0
5;2025-12-15;3;0
5;2025-12-15;4;0
5;2025-12-15;5;0
5;2025-12-15;6;0
5;2025-12-15;7;0
5;2025-12-15;8;0
5;2025-12-15;9;0
5;2025-12-15;10;0
5;2025-12-15;11;0
5;2025-12-15;12;0
5;2025-12-15;13;0
5;2025-12-15;14;0
5;2025-12-15;15;0
5;2025-12-15;16;0
5;2025-12-15;17;0
5;2025-12-15;18;0
5;2025-12-15;19;0
5;2025-12-15;20;0
5;2025-12-15;21;0
5;2025-12-15;22;0
5;2025-12-15;23;0
5;2025-12-16;0;7
5;2025-12-16;1;1
5;2025-12-16;2;0
5;2025-12-16;3;0
5;2025-12-16;4;1
5;2025-12-16;5;35
5;2025-12-16;6;176
5;2025-12-16;7;430
5;2025-12-16;8;648
5;2025-12-16;9;451
5;2025-12-16;10;371
5;2025-12-16;11;359
5;2025-12-16;12;373
5;2025-12-16;13;378
5;2025-12-16;14;383
5;2025-12-16;15;409
5;2025-12-16;16;454
5;2025-12-16;17;555
5;2025-12-16;18;577
5;2025-12-16;19;409
5;2025-12-16;20;261
5;2025-12-16;21;162
5;2025-12-16;22;68
5;2025-12-16;23;31
5;2025-12-17;0;7
5;2025-12-17;1;1
5;2025-12-17;2;0
5;2025-12-17;3;0
5;2025-12-17;4;1
5;2025-12-17;5;35
5;2025-12-17;6;176
5;2025-12-17;7;430
5;2025-12-17;8;648
5;2025-12-17;9;451
5;2025-12-17;10;371
5;2025-12-17;11;359
5;2025-12-17;12;373
5;2025-12-17;13;378
5;2025-12-17;14;383
5;2025-12-17;15;409
5;2025-12-17;16;454
5;2025-12-17;17;555
5;2025-12-17;18;577
5;2025-12-17;19;409
5;2025-12-17;20;261
5;2025-12-17;21;162
5;2025-12-17;22;68
5;2025-12-17;23;31
5;2025-12-18;0;7
5;2025-12-18;1;1
5;2025-12-18;2;0
5;2025-12-18;3;0
5;2025-12-18;4;1
5;2025-12-18;5;35
5;2025-12-18;6;176
5;2025-12-18;7;430
5;2025-12-18;8;648
5;2025-12-18;9;451
5;2025-12-18;10;371
5;2025-12-18;11;359
5;2025-12-18;12;373
5;2025-12-18;13;378
5;2025-12-18;14;383
5;2025-12-18;15;409
5;2025-12-18;16;454
5;2025-12-18;17;555
5;2025-12-18;18;577
5;2025-12-18;19;409
5;2025-12-18;20;261
5;2025-12-18;21;162
5;2025-12-18;22;68
5;2025-12-18;23;31
5;2025-12-19;0;9
5;2025-12-19;1;1
5;2025-12-19;2;0
5;2025-12-19;3;0
5;2025-12-19;4;1
5;2025-12-19;5;37
5;2025-12-19;6;183
5;2025-12-19;7;440
5;2025-12-19;8;644
5;2025-12-19;9;444
5;2025-12-19;10;368
5;2025-12-19;11;363
5;2025-12-19;12;380
5;2025-12-19;13;393
5;2025-12-19;14;392
5;2025-12-19;15;439
5;2025-12-19;16;527
5;2025-12-19;17;561
5;2025-12-19;18;469
5;2025-12-19;19;367
5;2025-12-19;20;245
5;2025-12-19;21;164
5;2025-12-19;22;73
5;2025-12-19;23;41
5;2025-12-20;0;124
5;2025-12-20;1;11
5;2025-12-20;2;0
5;2025-12-20;3;0
5;2025-12-20;4;0
5;2025-12-20;5;22
5;2025-12-20;6;96
5;2025-12-20;7;135
5;2025-12-20;8;214
5;2025-12-20;9;275
5;2025-12-20;10;291
5;2025-12-20;11;329
5;2025-12-20;12;411
5;2025-12-20;13;403
5;2025-12-20;14;407
5;2025-12-20;15;436
5;2025-12-20;16;390
5;2025-12-20;17;371
5;2025-12-20;18;307
5;2025-12-20;19;249
5;2025-12-20;20;187
5;2025-12-20;21;132
5;2025-12-20;22;77
5;2025-12-20;23;40
5;2025-12-21;0;19
5;2025-12-21;1;3
5;2025-12-21;2;0
5;2025-12-21;3;0
5;2025-12-21;4;0
5;2025-12-21;5;17
5;2025-12-21;6;76
5;2025-12-21;7;114
5;2025-12-21;8;171
5;2025-12-21;9;232
5;2025-12-21;10;271
5;2025-12-21;11;334
5;2025-12-21;12;351
5;2025-12-21;13;391
5;2025-12-21;14;434
5;2025-12-21;15;432
5;2025-12-21;16;401
5;2025-12-21;17;455
5;2025-12-21;18;363
5;2025-12-21;19;293
5;2025-12-21;20;232
5;2025-12-21;21;164
5;2025-12-21;22;108
5;2025-12-21;23;45
5;2025-12-22;0;8
5;2025-12-22;1;1
5;2025-12-22;2;0
5;2025-12-22;3;0
5;2025-12-22;4;1
5;2025-12-22;5;37
5;2025-12-22;6;181
5;2025-12-22;7;434
5;2025-12-22;8;676
5;2025-12-22;9;467
5;2025-12-22;10;363
5;2025-12-22;11;346
5;2025-12-22;12;359
5;2025-12-22;13;383
5;2025-12-22;14;380
5;2025-12-22;15;407
5;2025-12-22;16;465
5;2025-12-22;17;554
5;2025-12-22;18;584
5;2025-12-22;19;399
5;2025-12-22;20;252
5;2025-12-22;21;155
5;2025-12-22;22;64
5;2025-12-22;23;27
5;2025-12-23;0;7
5;2025-12-23;1;1
5;2025-12-23;2;0
5;2025-12-23;3;0
5;2025-12-23;4;1
5;2025-12-23;5;35
5;2025-12-23;6;176
5;2025-12-23;7;430
5;2025-12-23;8;648
5;2025-12-23;9;451
5;2025-12-23;10;371
5;2025-12-23;11;359
5;2025-12-23;12;373
5;2025-12-23;13;378
5;2025-12-23;14;383
5;2025-12-23;15;409
5;2025-12-23;16;454
5;2025-12-23;17;555
5;2025-12-23;18;577
5;2025-12-23;19;409
5;2025-12-23;20;261
5;2025-12-23;21;162
5;2025-12-23;22;68
5;2025-12-23;23;31
5;2025-12-24;0;7
5;2025-12-24;1;1
5;2025-12-24;2;0
5;2025-12-24;3;0
5;2025-12-24;4;1
5;2025-12-24;5;35
5;2025-12-24;6;176
5;2025-12-24;7;430
5;2025-12-24;8;648
5;2025-12-24;9;451
5;2025-12-24;10;371
5;2025-12-24;11;359
5;2025-12-24;12;373
5;2025-12-24;13;378
5;2025-12-24;14;383
5;2025-12-24;15;409
5;2025-12-24;16;454
5;2025-12-24;17;555
5;2025-12-24;18;577
5;2025-12-24;19;409
5;2025-12-24;20;261
5;2025-12-24;21;162
5;2025-12-24;22;68
5;2025-12-24;23;31
5;2025-12-25;0;7
5;2025-12-25;1;1
5;2025-12-25;2;0
5;2025-12-25;3;0
5;2025-12-25;4;1
5;2025-12-25;5;35
5;2025-12-25;6;176
5;2025-12-25;7;430
5;2025-12-25;8;648
5;2025-12-25;9;451
5;2025-12-25;10;371
5;2025-12-25;11;359
5;2025-12-25;12;373
5;2025-12-25;13;378
5;2025-12-25;14;383
5;2025-12-25;15;409
5;2025-12-25;16;454
5;2025-12-25;17;555
5;2025-12-25;18;577
5;2025-12-25;19;409
5;2025-12-25;20;261
5;2025-12-25;21;162
5;2025-12-25;22;68
5;2025-12-25;23;31
5;2025-12-26;0;9
5;2025-12-26;1;1
5;2025-12-26;2;0
5;2025-12-26;3;0
5;2025-12-26;4;1
5;2025-12-26;5;37
5;2025-12-26;6;183
5;2025-12-26;7;440
5;2025-12-26;8;644
5;2025-12-26;9;444
5;2025-12-26;10;368
5;2025-12-26;11;363
5;2025-12-26;12;380
5;2025-12-26;13;393
5;2025-12-26;14;392
5;2025-12-26;15;439
5;2025-12-26;16;527
5;2025-12-26;17;561
5;2025-12-26;18;469
5;2025-12-26;19;367
5;2025-12-26;20;245
5;2025-12-26;21;164
5;2025-12-26;22;73
5;2025-12-26;23;41
5;2025-12-27;0;124
5;2025-12-27;1;11
5;2025-12-27;2;0
5;2025-12-27;3;0
5;2025-12-27;4;0
5;2025-12-27;5;22
5;2025-12-27;6;96
5;2025-12-27;7;135
5;2025-12-27;8;214
5;2025-12-27;9;275
5;2025-12-27;10;291
5;2025-12-27;11;329
5;2025-12-27;12;411
5;2025-12-27;13;403
5;2025-12-27;14;407
5;2025-12-27;15;436
5;2025-12-27;16;390
5;2025-12-27;17;371
5;2025-12-27;18;307
5;2025-12-27;19;249
5;2025-12-27;20;187
5;2025-12-27;21;132
5;2025-12-27;22;77
5;2025-12-27;23;40
5;2025-12-28;0;19
5;2025-12-28;1;3
5;2025-12-28;2;0
5;2025-12-28;3;0
5;2025-12-28;4;0
5;2025-12-28;5;17
5;2025-12-28;6;76
5;2025-12-28;7;114
5;2025-12-28;8;171
5;2025-12-28;9;232
5;2025-12-28;10;271
5;2025-12-28;11;334
5;2025-12-28;12;351
5;2025-12-28;13;391
5;2025-12-28;14;434
5;2025-12-28;15;432
5;2025-12-28;16;401
5;2025-12-28;17;455
5;2025-12-28;18;363
5;2025-12-28;19;293
5;2025-12-28;20;232
5;2025-12-28;21;164
5;2025-12-28;22;108
5;2025-12-28;23;45
5;2025-12-29;0;8
5;2025-12-29;1;1
5;2025-12-29;2;0
5;2025-12-29;3;0
5;2025-12-29;4;1
5;2025-12-29;5;37
5;2025-12-29;6;181
5;2025-12-29;7;434
5;2025-12-29;8;676
5;2025-12-29;9;467
5;2025-12-29;10;363
5;2025-12-29;11;346
5;2025-12-29;12;359
5;2025-12-29;13;383
5;2025-12-29;14;380
5;2025-12-29;15;407
5;2025-12-29;16;465
5;2025-12-29;17;554
5;2025-12-29;18;584
5;2025-12-29;19;399
5;2025-12-29;20;252
5;2025-12-29;21;155
5;2025-12-29;22;64
5;2025-12-29;23;27
5;2025-12-30;0;7
5;2025-12-30;1;1
5;2025-12-30;2;0
5;2025-12-30;3;0
5;2025-12-30;4;1
5;2025-12-30;5;35
5;2025-12-30;6;176
5;2025-12-30;7;430
5;2025-12-30;8;648
5;2025-12-30;9;451
5;2025-12-30;10;371
5;2025-12-30;11;359
5;2025-12-30;12;373
5;2025-12-30;13;378
5;2025-12-30;14;383
5;2025-12-30;15;409
5;2025-12-30;16;454
5;2025-12-30;17;555
5;2025-12-30;18;577
5;2025-12-30;19;409
5;2025-12-30;20;261
5;2025-12-30;21;162
5;2025-12-30;22;68
5;2025-12-30;23;31
5;2025-12-31;0;19
5;2025-12-31;1;3
5;2025-12-31;2;0
5;2025-12-31;3;0
5;2025-12-31;4;0
5;2025-12-31;5;17
5;2025-12-31;6;76
5;2025-12-31;7;114
5;2025-12-31;8;171
5;2025-12-31;9;232
5;2025-12-31;10;271
5;2025-12-31;11;334
5;2025-12-31;12;351
5;2025-12-31;13;391
5;2025-12-31;14;434
5;2025-12-31;15;432
5;2025-12-31;16;401
5;2025-12-31;17;455
5;2025-12-31;18;363
5;2025-12-31;19;293
5;2025-12-31;20;232
5;2025-12-31;21;164
5;2025-12-31;22;108
5;2025-12-31;23;45
7;2025-11-01;0;57
7;2025-11-01;1;11
7;2025-11-01;2;0
7;2025-11-01;3;0
7;2025-11-01;4;1
7;2025-11-01;5;151
7;2025-11-01;6;516
7;2025-11-01;7;1312
7;2025-11-01;8;1987
7;2025-11-01;9;1512
7;2025-11-01;10;1362
7;2025-11-01;11;1308
7;2025-11-01;12;1375
7;2025-11-01;13;1393
7;2025-11-01;14;1411
7;2025-11-01;15;1570
7;2025-11-01;16;1714
7;2025-11-01;17;1900
7;2025-11-01;18;1729
7;2025-11-01;19;1306
7;2025-11-01;20;815
7;2025-11-01;21;508
7;2025-11-01;22;268
7;2025-11-01;23;188
7;2025-11-02;0;92
7;2025-11-02;1;21
7;2025-11-02;2;0
7;2025-11-02;3;0
7;2025-11-02;4;1
7;2025-11-02;5;29
7;2025-11-02;6;171
7;2025-11-02;7;233
7;2025-11-02;8;423
7;2025-11-02;9;568
7;2025-11-02;10;519
7;2025-11-02;11;720
7;2025-11-02;12;745
7;2025-11-02;13;720
7;2025-11-02;14;780
7;2025-11-02;15;812
7;2025-11-02;16;758
7;2025-11-02;17;753
7;2025-11-02;18;729
7;2025-11-02;19;559
7;2025-11-02;20;469
7;2025-11-02;21;379
7;2025-11-02;22;207
7;2025-11-02;23;136
7;2025-11-03;0;89
7;2025-11-03;1;9
7;2025-11-03;2;0
7;2025-11-03;3;0
7;2025-11-03;4;1
7;2025-11-03;5;56
7;2025-11-03;6;231
7;2025-11-03;7;379
7;2025-11-03;8;567
7;2025-11-03;9;675
7;2025-11-03;10;712
7;2025-11-03;11;858
7;2025-11-03;12;809
7;2025-11-03;13;854
7;2025-11-03;14;905
7;2025-11-03;15;946
7;2025-11-03;16;937
7;2025-11-03;17;915
7;2025-11-03;18;922
7;2025-11-03;19;860
7;2025-11-03;20;696
7;2025-11-03;21;538
7;2025-11-03;22;317
7;2025-11-03;23;211
7;2025-11-04;0;89
7;2025-11-04;1;9
7;2025-11-04;2;0
7;2025-11-04;3;0
7;2025-11-04;4;1
7;2025-11-04;5;53
7;2025-11-04;6;229
7;2025-11-04;7;374
7;2025-11-04;8;562
7;2025-11-04;9;639
7;2025-11-04;10;663
7;2025-11-04;11;848
7;2025-11-04;12;787
7;2025-11-04;13;844
7;2025-11-04;14;997
7;2025-11-04;15;1021
7;2025-11-04;16;935
7;2025-11-04;17;912
7;2025-11-04;18;925
7;2025-11-04;19;855
7;2025-11-04;20;693
7;2025-11-04;21;536
7;2025-11-04;22;313
7;2025-11-04;23;208
7;2025-11-05;0;57
7;2025-11-05;1;12
7;2025-11-05;2;0
7;2025-11-05;3;0
7;2025-11-05;4;2
7;2025-11-05;5;186
7;2025-11-05;6;620
7;2025-11-05;7;1592
7;2025-11-05;8;2431
7;2025-11-05;9;1820
7;2025-11-05;10;1595
7;2025-11-05;11;1518
7;2025-11-05;12;1624
7;2025-11-05;13;1548
7;2025-11-05;14;1634
7;2025-11-05;15;1719
7;2025-11-05;16;1827
7;2025-11-05;17;2309
7;2025-11-05;18;2490
7;2025-11-05;19;1678
7;2025-11-05;20;991
7;2025-11-05;21;623
7;2025-11-05;22;308
7;2025-11-05;23;186
7;2025-11-06;0;58
7;2025-11-06;1;12
7;2025-11-06;2;0
7;2025-11-06;3;0
7;2025-11-06;4;1
7;2025-11-06;5;187
7;2025-11-06;6;613
7;2025-11-06;7;1594
7;2025-11-06;8;2433
7;2025-11-06;9;1821
7;2025-11-06;10;1597
7;2025-11-06;11;1512
7;2025-11-06;12;1622
7;2025-11-06;13;1543
7;2025-11-06;14;1633
7;2025-11-06;15;1716
7;2025-11-06;16;1826
7;2025-11-06;17;2313
7;2025-11-06;18;2492
7;2025-11-06;19;1678
7;2025-11-06;20;999
7;2025-11-06;21;627
7;2025-11-06;22;312
7;2025-11-06;23;196
7;2025-11-07;0;68
7;2025-11-07;1;13
7;2025-11-07;2;0
7;2025-11-07;3;0
7;2025-11-07;4;2
7;2025-11-07;5;176
7;2025-11-07;6;599
7;2025-11-07;7;1516
7;2025-11-07;8;2301
7;2025-11-07;9;1751
7;2025-11-07;10;1592
7;2025-11-07;11;1523
7;2025-11-07;12;1610
7;2025-11-07;13;1627
7;2025-11-07;14;1653
7;2025-11-07;15;1839
7;2025-11-07;16;2010
7;2025-11-07;17;2219
7;2025-11-07;18;2008
7;2025-11-07;19;1498
7;2025-11-07;20;952
7;2025-11-07;21;588
7;2025-11-07;22;311
7;2025-11-07;23;223
7;2025-11-08;0;113
7;2025-11-08;1;22
7;2025-11-08;2;0
7;2025-11-08;3;0
7;2025-11-08;4;1
7;2025-11-08;5;55
7;2025-11-08;6;273
7;2025-11-08;7;358
7;2025-11-08;8;708
7;2025-11-08;9;681
7;2025-11-08;10;701
7;2025-11-08;11;780
7;2025-11-08;12;983
7;2025-11-08;13;983
7;2025-11-08;14;958
7;2025-11-08;15;946
7;2025-11-08;16;959
7;2025-11-08;17;939
7;2025-11-08;18;861
7;2025-11-08;19;759
7;2025-11-08;20;603
7;2025-11-08;21;458
7;2025-11-08;22;258
7;2025-11-08;23;192
7;2025-11-09;0;93
7;2025-11-09;1;21
7;2025-11-09;2;0
7;2025-11-09;3;0
7;2025-11-09;4;1
7;2025-11-09;5;22
7;2025-11-09;6;162
7;2025-11-09;7;219
7;2025-11-09;8;402
7;2025-11-09;9;524
7;2025-11-09;10;480
7;2025-11-09;11;679
7;2025-11-09;12;805
7;2025-11-09;13;828
7;2025-11-09;14;792
7;2025-11-09;15;869
7;2025-11-09;16;823
7;2025-11-09;17;819
7;2025-11-09;18;777
7;2025-11-09;19;607
7;2025-11-09;20;511
7;2025-11-09;21;383
7;2025-11-09;22;207
7;2025-11-09;23;136
7;2025-11-10;0;60
7;2025-11-10;1;11
7;2025-11-10;2;0
7;2025-11-10;3;0
7;2025-11-10;4;1
7;2025-11-10;5;186
7;2025-11-10;6;612
7;2025-11-10;7;1601
7;2025-11-10;8;2540
7;2025-11-10;9;1790
7;2025-11-10;10;1497
7;2025-11-10;11;1436
7;2025-11-10;12;1439
7;2025-11-10;13;1466
7;2025-11-10;14;1465
7;2025-11-10;15;1679
7;2025-11-10;16;1757
7;2025-11-10;17;2270
7;2025-11-10;18;2493
7;2025-11-10;19;1673
7;2025-11-10;20;1000
7;2025-11-10;21;585
7;2025-11-10;22;279
7;2025-11-10;23;150
7;2025-11-11;0;56
7;2025-11-11;1;11
7;2025-11-11;2;0
7;2025-11-11;3;0
7;2025-11-11;4;1
7;2025-11-11;5;187
7;2025-11-11;6;621
7;2025-11-11;7;1593
7;2025-11-11;8;2433
7;2025-11-11;9;1817
7;2025-11-11;10;1580
7;2025-11-11;11;1505
7;2025-11-11;12;1612
7;2025-11-11;13;1540
7;2025-11-11;14;1619
7;2025-11-11;15;1702
7;2025-11-11;16;1817
7;2025-11-11;17;2303
7;2025-11-11;18;2489
7;2025-11-11;19;1674
7;2025-11-11;20;990
7;2025-11-11;21;621
7;2025-11-11;22;304
7;2025-11-11;23;178
7;2025-11-12;0;57
7;2025-11-12;1;11
7;2025-11-12;2;0
7;2025-11-12;3;0
7;2025-11-12;4;1
7;2025-11-12;5;186
7;2025-11-12;6;621
7;2025-11-12;7;1593
7;2025-11-12;8;2431
7;2025-11-12;9;1818
7;2025-11-12;10;1590
7;2025-11-12;11;1496
7;2025-11-12;12;1605
7;2025-11-12;13;1522
7;2025-11-12;14;1615
7;2025-11-12;15;1700
7;2025-11-12;16;1817
7;2025-11-12;17;2304
7;2025-11-12;18;2479
7;2025-11-12;19;1674
7;2025-11-12;20;989
7;2025-11-12;21;622
7;2025-11-12;22;307
7;2025-11-12;23;184
7;2025-11-13;0;58
7;2025-11-13;1;11
7;2025-11-13;2;0
7;2025-11-13;3;0
7;2025-11-13;4;1
7;2025-11-13;5;186
7;2025-11-13;6;621
7;2025-11-13;7;1593
7;2025-11-13;8;2430
7;2025-11-13;9;1820
7;2025-11-13;10;1595
7;2025-11-13;11;1512
7;2025-11-13;12;1618
7;2025-11-13;13;1541
7;2025-11-13;14;1621
7;2025-11-13;15;1710
7;2025-11-13;16;1823
7;2025-11-13;17;2307
7;2025-11-13;18;2488
7;2025-11-13;19;1676
7;2025-11-13;20;992
7;2025-11-13;21;624
7;2025-11-13;22;310
7;2025-11-13;23;191
7;2025-11-14;0;68
7;2025-11-14;1;13
7;2025-11-14;2;0
7;2025-11-14;3;0
7;2025-11-14;4;2
7;2025-11-14;5;175
7;2025-11-14;6;606
7;2025-11-14;7;1512
7;2025-11-14;8;2302
7;2025-11-14;9;1750
7;2025-11-14;10;1598
7;2025-11-14;11;1522
7;2025-11-14;12;1605
7;2025-11-14;13;1621
7;2025-11-14;14;1644
7;2025-11-14;15;1831
7;2025-11-14;16;2006
7;2025-11-14;17;2215
7;2025-11-14;18;1999
7;2025-11-14;19;1496
7;2025-11-14;20;947
7;2025-11-14;21;584
7;2025-11-14;22;305
7;2025-11-14;23;218
7;2025-11-15;0;110
7;2025-11-15;1;21
7;2025-11-15;2;0
7;2025-11-15;3;0
7;2025-11-15;4;1
7;2025-11-15;5;64
7;2025-11-15;6;277
7;2025-11-15;7;373
7;2025-11-15;8;742
7;2025-11-15;9;738
7;2025-11-15;10;731
7;2025-11-15;11;809
7;2025-11-15;12;1002
7;2025-11-15;13;1023
7;2025-11-15;14;1063
7;2025-11-15;15;1040
7;2025-11-15;16;1051
7;2025-11-15;17;1031
7;2025-11-15;18;913
7;2025-11-15;19;813
7;2025-11-15;20;639
7;2025-11-15;21;472
7;2025-11-15;22;269
7;2025-11-15;23;198
7;2025-11-16;0;92
7;2025-11-16;1;21
7;2025-11-16;2;0
7;2025-11-16;3;0
7;2025-11-16;4;1
7;2025-11-16;5;14
7;2025-11-16;6;172
7;2025-11-16;7;231
7;2025-11-16;8;400
7;2025-11-16;9;562
7;2025-11-16;10;523
7;2025-11-16;11;746
7;2025-11-16;12;821
7;2025-11-16;13;844
7;2025-11-16;14;854
7;2025-11-16;15;876
7;2025-11-16;16;834
7;2025-11-16;17;829
7;2025-11-16;18;766
7;2025-11-16;19;599
7;2025-11-16;20;503
7;2025-11-16;21;376
7;2025-11-16;22;208
7;2025-11-16;23;139
7;2025-11-17;0;60
7;2025-11-17;1;11
7;2025-11-17;2;0
7;2025-11-17;3;0
7;2025-11-17;4;1
7;2025-11-17;5;190
7;2025-11-17;6;622
7;2025-11-17;7;1606
7;2025-11-17;8;2541
7;2025-11-17;9;1792
7;2025-11-17;10;1518
7;2025-11-17;11;1450
7;2025-11-17;12;1449
7;2025-11-17;13;1440
7;2025-11-17;14;1458
7;2025-11-17;15;1672
7;2025-11-17;16;1753
7;2025-11-17;17;2265
7;2025-11-17;18;2489
7;2025-11-17;19;1670
7;2025-11-17;20;996
7;2025-11-17;21;594
7;2025-11-17;22;279
7;2025-11-17;23;150
7;2025-11-18;0;56
7;2025-11-18;1;11
7;2025-11-18;2;0
7;2025-11-18;3;0
7;2025-11-18;4;2
7;2025-11-18;5;179
7;2025-11-18;6;614
7;2025-11-18;7;1601
7;2025-11-18;8;2419
7;2025-11-18;9;1820
7;2025-11-18;10;1574
7;2025-11-18;11;1508
7;2025-11-18;12;1618
7;2025-11-18;13;1528
7;2025-11-18;14;1604
7;2025-11-18;15;1695
7;2025-11-18;16;1820
7;2025-11-18;17;2303
7;2025-11-18;18;2477
7;2025-11-18;19;1680
7;2025-11-18;20;992
7;2025-11-18;21;619
7;2025-11-18;22;303
7;2025-11-18;23;177
7;2025-11-19;0;56
7;2025-11-19;1;11
7;2025-11-19;2;0
7;2025-11-19;3;0
7;2025-11-19;4;1
7;2025-11-19;5;187
7;2025-11-19;6;626
7;2025-11-19;7;1594
7;2025-11-19;8;2435
7;2025-11-19;9;1820
7;2025-11-19;10;1585
7;2025-11-19;11;1498
7;2025-11-19;12;1594
7;2025-11-19;13;1527
7;2025-11-19;14;1606
7;2025-11-19;15;1696
7;2025-11-19;16;1816
7;2025-11-19;17;2302
7;2025-11-19;18;2488
7;2025-11-19;19;1675
7;2025-11-19;20;990
7;2025-11-19;21;623
7;2025-11-19;22;308
7;2025-11-19;23;184
7;2025-11-20;0;58
7;2025-11-20;1;12
7;2025-11-20;2;0
7;2025-11-20;3;0
7;2025-11-20;4;1
7;2025-11-20;5;187
7;2025-11-20;6;626
7;2025-11-20;7;1594
7;2025-11-20;8;2431
7;2025-11-20;9;1819
7;2025-11-20;10;1584
7;2025-11-20;11;1498
7;2025-11-20;12;1594
7;2025-11-20;13;1527
7;2025-11-20;14;1607
7;2025-11-20;15;1697
7;2025-11-20;16;1816
7;2025-11-20;17;2302
7;2025-11-20;18;2488
7;2025-11-20;19;1671
7;2025-11-20;20;988
7;2025-11-20;21;621
7;2025-11-20;22;307
7;2025-11-20;23;188
7;2025-11-21;0;68
7;2025-11-21;1;13
7;2025-11-21;2;0
7;2025-11-21;3;0
7;2025-11-21;4;1
7;2025-11-21;5;183
7;2025-11-21;6;618
7;2025-11-21;7;1510
7;2025-11-21;8;2300
7;2025-11-21;9;1748
7;2025-11-21;10;1589
7;2025-11-21;11;1512
7;2025-11-21;12;1574
7;2025-11-21;13;1611
7;2025-11-21;14;1636
7;2025-11-21;15;1822
7;2025-11-21;16;2003
7;2025-11-21;17;2212
7;2025-11-21;18;1997
7;2025-11-21;19;1495
7;2025-11-21;20;949
7;2025-11-21;21;587
7;2025-11-21;22;309
7;2025-11-21;23;220
7;2025-11-22;0;113
7;2025-11-22;1;23
7;2025-11-22;2;0
7;2025-11-22;3;0
7;2025-11-22;4;1
7;2025-11-22;5;62
7;2025-11-22;6;282
7;2025-11-22;7;374
7;2025-11-22;8;739
7;2025-11-22;9;735
7;2025-11-22;10;775
7;2025-11-22;11;880
7;2025-11-22;12;1093
7;2025-11-22;13;1095
7;2025-11-22;14;1063
7;2025-11-22;15;1042
7;2025-11-22;16;1052
7;2025-11-22;17;1031
7;2025-11-22;18;918
7;2025-11-22;19;812
7;2025-11-22;20;642
7;2025-11-22;21;461
7;2025-11-22;22;263
7;2025-11-22;23;202
7;2025-11-23;0;92
7;2025-11-23;1;21
7;2025-11-23;2;0
7;2025-11-23;3;0
7;2025-11-23;4;1
7;2025-11-23;5;27
7;2025-11-23;6;174
7;2025-11-23;7;236
7;2025-11-23;8;432
7;2025-11-23;9;574
7;2025-11-23;10;538
7;2025-11-23;11;754
7;2025-11-23;12;841
7;2025-11-23;13;862
7;2025-11-23;14;869
7;2025-11-23;15;893
7;2025-11-23;16;841
7;2025-11-23;17;833
7;2025-11-23;18;763
7;2025-11-23;19;598
7;2025-11-23;20;508
7;2025-11-23;21;377
7;2025-11-23;22;207
7;2025-11-23;23;136
7;2025-11-24;0;60
7;2025-11-24;1;10
7;2025-11-24;2;0
7;2025-11-24;3;0
7;2025-11-24;4;1
7;2025-11-24;5;187
7;2025-11-24;6;617
7;2025-11-24;7;1620
7;2025-11-24;8;2532
7;2025-11-24;9;1803
7;2025-11-24;10;1489
7;2025-11-24;11;1427
7;2025-11-24;12;1452
7;2025-11-24;13;1473
7;2025-11-24;14;1464
7;2025-11-24;15;1679
7;2025-11-24;16;1755
7;2025-11-24;17;2267
7;2025-11-24;18;2489
7;2025-11-24;19;1672
7;2025-11-24;20;1000
7;2025-11-24;21;584
7;2025-11-24;22;279
7;2025-11-24;23;150
7;2025-11-25;0;56
7;2025-11-25;1;11
7;2025-11-25;2;0
7;2025-11-25;3;0
7;2025-11-25;4;1
7;2025-11-25;5;189
7;2025-11-25;6;629
7;2025-11-25;7;1598
7;2025-11-25;8;2435
7;2025-11-25;9;1819
7;2025-11-25;10;1583
7;2025-11-25;11;1497
7;2025-11-25;12;1591
7;2025-11-25;13;1528
7;2025-11-25;14;1604
7;2025-11-25;15;1693
7;2025-11-25;16;1812
7;2025-11-25;17;2300
7;2025-11-25;18;2487
7;2025-11-25;19;1673
7;2025-11-25;20;988
7;2025-11-25;21;620
7;2025-11-25;22;304
7;2025-11-25;23;178
7;2025-11-26;0;57
7;2025-11-26;1;12
7;2025-11-26;2;0
7;2025-11-26;3;0
7;2025-11-26;4;1
7;2025-11-26;5;187
7;2025-11-26;6;626
7;2025-11-26;7;1614
7;2025-11-26;8;2413
7;2025-11-26;9;1828
7;2025-11-26;10;1583
7;2025-11-26;11;1500
7;2025-11-26;12;1597
7;2025-11-26;13;1528
7;2025-11-26;14;1606
7;2025-11-26;15;1695
7;2025-11-26;16;1797
7;2025-11-26;17;2281
7;2025-11-26;18;2477
7;2025-11-26;19;1679
7;2025-11-26;20;993
7;2025-11-26;21;626
7;2025-11-26;22;312
7;2025-11-26;23;185
7;2025-11-27;0;58
7;2025-11-27;1;11
7;2025-11-27;2;0
7;2025-11-27;3;0
7;2025-11-27;4;1
7;2025-11-27;5;186
7;2025-11-27;6;621
7;2025-11-27;7;1593
7;2025-11-27;8;2430
7;2025-11-27;9;1820
7;2025-11-27;10;1591
7;2025-11-27;11;1508
7;2025-11-27;12;1609
7;2025-11-27;13;1524
7;2025-11-27;14;1602
7;2025-11-27;15;1704
7;2025-11-27;16;1822
7;2025-11-27;17;2284
7;2025-11-27;18;2450
7;2025-11-27;19;1679
7;2025-11-27;20;997
7;2025-11-27;21;630
7;2025-11-27;22;314
7;2025-11-27;23;191
7;2025-11-28;0;66
7;2025-11-28;1;12
7;2025-11-28;2;0
7;2025-11-28;3;0
7;2025-11-28;4;2
7;2025-11-28;5;174
7;2025-11-28;6;606
7;2025-11-28;7;1512
7;2025-11-28;8;2301
7;2025-11-28;9;1748
7;2025-11-28;10;1586
7;2025-11-28;11;1507
7;2025-11-28;12;1583
7;2025-11-28;13;1613
7;2025-11-28;14;1639
7;2025-11-28;15;1828
7;2025-11-28;16;2004
7;2025-11-28;17;2210
7;2025-11-28;18;1997
7;2025-11-28;19;1493
7;2025-11-28;20;946
7;2025-11-28;21;584
7;2025-11-28;22;309
7;2025-11-28;23;219
7;2025-11-29;0;113
7;2025-11-29;1;23
7;2025-11-29;2;0
7;2025-11-29;3;0
7;2025-11-29;4;1
7;2025-11-29;5;59
7;2025-11-29;6;284
7;2025-11-29;7;378
7;2025-11-29;8;734
7;2025-11-29;9;747
7;2025-11-29;10;775
7;2025-11-29;11;880
7;2025-11-29;12;1092
7;2025-11-29;13;1093
7;2025-11-29;14;1063
7;2025-11-29;15;1039
7;2025-11-29;16;1051
7;2025-11-29;17;1031
7;2025-11-29;18;913
7;2025-11-29;19;813
7;2025-11-29;20;643
7;2025-11-29;21;476
7;2025-11-29;22;272
7;2025-11-29;23;199
7;2025-11-30;0;92
7;2025-11-30;1;22
7;2025-11-30;2;0
7;2025-11-30;3;0
7;2025-11-30;4;0
7;2025-11-30;5;28
7;2025-11-30;6;175
7;2025-11-30;7;238
7;2025-11-30;8;433
7;2025-11-30;9;574
7;2025-11-30;10;537
7;2025-11-30;11;752
7;2025-11-30;12;839
7;2025-11-30;13;862
7;2025-11-30;14;872
7;2025-11-30;15;898
7;2025-11-30;16;845
7;2025-11-30;17;839
7;2025-11-30;18;782
7;2025-11-30;19;611
7;2025-11-30;20;513
7;2025-11-30;21;386
7;2025-11-30;22;211
7;2025-11-30;23;138
7;2025-12-01;0;62
7;2025-12-01;1;11
7;2025-12-01;2;0
7;2025-12-01;3;0
7;2025-12-01;4;1
7;2025-12-01;5;197
7;2025-12-01;6;646
7;2025-12-01;7;1662
7;2025-12-01;8;2622
7;2025-12-01;9;1851
7;2025-12-01;10;1549
7;2025-12-01;11;1480
7;2025-12-01;12;1485
7;2025-12-01;13;1509
7;2025-12-01;14;1501
7;2025-12-01;15;1727
7;2025-12-01;16;1808
7;2025-12-01;17;2335
7;2025-12-01;18;2560
7;2025-12-01;19;1721
7;2025-12-01;20;1026
7;2025-12-01;21;601
7;2025-12-01;22;287
7;2025-12-01;23;155
7;2025-12-02;0;58
7;2025-12-02;1;12
7;2025-12-02;2;0
7;2025-12-02;3;0
7;2025-12-02;4;1
7;2025-12-02;5;194
7;2025-12-02;6;647
7;2025-12-02;7;1643
7;2025-12-02;8;2505
7;2025-12-02;9;1871
7;2025-12-02;10;1625
7;2025-12-02;11;1535
7;2025-12-02;12;1631
7;2025-12-02;13;1570
7;2025-12-02;14;1647
7;2025-12-02;15;1740
7;2025-12-02;16;1863
7;2025-12-02;17;2365
7;2025-12-02;18;2556
7;2025-12-02;19;1722
7;2025-12-02;20;1015
7;2025-12-02;21;638
7;2025-12-02;22;313
7;2025-12-02;23;183
7;2025-12-03;0;58
7;2025-12-03;1;12
7;2025-12-03;2;0
7;2025-12-03;3;0
7;2025-12-03;4;1
7;2025-12-03;5;193
7;2025-12-03;6;645
7;2025-12-03;7;1640
7;2025-12-03;8;2504
7;2025-12-03;9;1872
7;2025-12-03;10;1626
7;2025-12-03;11;1539
7;2025-12-03;12;1635
7;2025-12-03;13;1570
7;2025-12-03;14;1650
7;2025-12-03;15;1744
7;2025-12-03;16;1867
7;2025-12-03;17;2367
7;2025-12-03;18;2558
7;2025-12-03;19;1723
7;2025-12-03;20;1016
7;2025-12-03;21;640
7;2025-12-03;22;317
7;2025-12-03;23;190
7;2025-12-04;0;59
7;2025-12-04;1;12
7;2025-12-04;2;0
7;2025-12-04;3;0
7;2025-12-04;4;1
7;2025-12-04;5;191
7;2025-12-04;6;642
7;2025-12-04;7;1638
7;2025-12-04;8;2501
7;2025-12-04;9;1870
7;2025-12-04;10;1624
7;2025-12-04;11;1538
7;2025-12-04;12;1636
7;2025-12-04;13;1571
7;2025-12-04;14;1648
7;2025-12-04;15;1745
7;2025-12-04;16;1865
7;2025-12-04;17;2365
7;2025-12-04;18;2559
7;2025-12-04;19;1725
7;2025-12-04;20;1019
7;2025-12-04;21;642
7;2025-12-04;22;319
7;2025-12-04;23;194
7;2025-12-05;0;69
7;2025-12-05;1;13
7;2025-12-05;2;0
7;2025-12-05;3;0
7;2025-12-05;4;2
7;2025-12-05;5;179
7;2025-12-05;6;627
7;2025-12-05;7;1556
7;2025-12-05;8;2366
7;2025-12-05;9;1798
7;2025-12-05;10;1630
7;2025-12-05;11;1554
7;2025-12-05;12;1630
7;2025-12-05;13;1657
7;2025-12-05;14;1678
7;2025-12-05;15;1874
7;2025-12-05;16;2058
7;2025-12-05;17;2275
7;2025-12-05;18;2056
7;2025-12-05;19;1540
7;2025-12-05;20;973
7;2025-12-05;21;601
7;2025-12-05;22;318
7;2025-12-05;23;225
7;2025-12-06;0;95
7;2025-12-06;1;22
7;2025-12-06;2;0
7;2025-12-06;3;0
7;2025-12-06;4;1
7;2025-12-06;5;64
7;2025-12-06;6;277
7;2025-12-06;7;485
7;2025-12-06;8;699
7;2025-12-06;9;829
7;2025-12-06;10;854
7;2025-12-06;11;986
7;2025-12-06;12;1084
7;2025-12-06;13;1166
7;2025-12-06;14;1175
7;2025-12-06;15;1171
7;2025-12-06;16;1124
7;2025-12-06;17;1058
7;2025-12-06;18;1105
7;2025-12-06;19;1005
7;2025-12-06;20;745
7;2025-12-06;21;608
7;2025-12-06;22;318
7;2025-12-06;23;230
7;2025-12-07;0;101
7;2025-12-07;1;10
7;2025-12-07;2;0
7;2025-12-07;3;0
7;2025-12-07;4;1
7;2025-12-07;5;37
7;2025-12-07;6;213
7;2025-12-07;7;357
7;2025-12-07;8;569
7;2025-12-07;9;687
7;2025-12-07;10;731
7;2025-12-07;11;989
7;2025-12-07;12;995
7;2025-12-07;13;1075
7;2025-12-07;14;1116
7;2025-12-07;15;1132
7;2025-12-07;16;1049
7;2025-12-07;17;1026
7;2025-12-07;18;967
7;2025-12-07;19;884
7;2025-12-07;20;709
7;2025-12-07;21;531
7;2025-12-07;22;299
7;2025-12-07;23;186
7;2025-12-08;0;62
7;2025-12-08;1;11
7;2025-12-08;2;0
7;2025-12-08;3;0
7;2025-12-08;4;1
7;2025-12-08;5;199
7;2025-12-08;6;647
7;2025-12-08;7;1662
7;2025-12-08;8;2622
7;2025-12-08;9;1857
7;2025-12-08;10;1548
7;2025-12-08;11;1478
7;2025-12-08;12;1485
7;2025-12-08;13;1508
7;2025-12-08;14;1504
7;2025-12-08;15;1727
7;2025-12-08;16;1808
7;2025-12-08;17;2335
7;2025-12-08;18;2560
7;2025-12-08;19;1721
7;2025-12-08;20;1025
7;2025-12-08;21;601
7;2025-12-08;22;287
7;2025-12-08;23;154
7;2025-12-09;0;58
7;2025-12-09;1;12
7;2025-12-09;2;0
7;2025-12-09;3;0
7;2025-12-09;4;1
7;2025-12-09;5;195
7;2025-12-09;6;648
7;2025-12-09;7;1643
7;2025-12-09;8;2506
7;2025-12-09;9;1873
7;2025-12-09;10;1626
7;2025-12-09;11;1535
7;2025-12-09;12;1632
7;2025-12-09;13;1571
7;2025-12-09;14;1648
7;2025-12-09;15;1741
7;2025-12-09;16;1863
7;2025-12-09;17;2364
7;2025-12-09;18;2556
7;2025-12-09;19;1723
7;2025-12-09;20;1016
7;2025-12-09;21;639
7;2025-12-09;22;318
7;2025-12-09;23;185
7;2025-12-10;0;59
7;2025-12-10;1;12
7;2025-12-10;2;0
7;2025-12-10;3;0
7;2025-12-10;4;1
7;2025-12-10;5;211
7;2025-12-10;6;662
7;2025-12-10;7;1669
7;2025-12-10;8;2503
7;2025-12-10;9;1892
7;2025-12-10;10;1644
7;2025-12-10;11;1546
7;2025-12-10;12;1638
7;2025-12-10;13;1572
7;2025-12-10;14;1650
7;2025-12-10;15;1744
7;2025-12-10;16;1866
7;2025-12-10;17;2366
7;2025-12-10;18;2557
7;2025-12-10;19;1724
7;2025-12-10;20;1017
7;2025-12-10;21;640
7;2025-12-10;22;318
7;2025-12-10;23;191
7;2025-12-11;0;60
7;2025-12-11;1;12
7;2025-12-11;2;0
7;2025-12-11;3;0
7;2025-12-11;4;1
7;2025-12-11;5;191
7;2025-12-11;6;643
7;2025-12-11;7;1638
7;2025-12-11;8;2449
7;2025-12-11;9;1867
7;2025-12-11;10;1628
7;2025-12-11;11;1537
7;2025-12-11;12;1634
7;2025-12-11;13;1569
7;2025-12-11;14;1651
7;2025-12-11;15;1745
7;2025-12-11;16;1858
7;2025-12-11;17;2339
7;2025-12-11;18;2514
7;2025-12-11;19;1732
7;2025-12-11;20;1028
7;2025-12-11;21;648
7;2025-12-11;22;324
7;2025-12-11;23;195
7;2025-12-12;0;69
7;2025-12-12;1;13
7;2025-12-12;2;0
7;2025-12-12;3;0
7;2025-12-12;4;2
7;2025-12-12;5;180
7;2025-12-12;6;619
7;2025-12-12;7;1557
7;2025-12-12;8;2363
7;2025-12-12;9;1802
7;2025-12-12;10;1628
7;2025-12-12;11;1554
7;2025-12-12;12;1612
7;2025-12-12;13;1617
7;2025-12-12;14;1648
7;2025-12-12;15;1818
7;2025-12-12;16;2003
7;2025-12-12;17;2249
7;2025-12-12;18;2055
7;2025-12-12;19;1544
7;2025-12-12;20;979
7;2025-12-12;21;607
7;2025-12-12;22;317
7;2025-12-12;23;227
7;2025-12-13;0;95
7;2025-12-13;1;21
7;2025-12-13;2;0
7;2025-12-13;3;0
7;2025-12-13;4;1
7;2025-12-13;5;65
7;2025-12-13;6;273
7;2025-12-13;7;472
7;2025-12-13;8;691
7;2025-12-13;9;815
7;2025-12-13;10;838
7;2025-12-13;11;973
7;2025-12-13;12;1051
7;2025-12-13;13;1131
7;2025-12-13;14;1153
7;2025-12-13;15;1152
7;2025-12-13;16;1108
7;2025-12-13;17;1046
7;2025-12-13;18;1104
7;2025-12-13;19;1006
7;2025-12-13;20;727
7;2025-12-13;21;590
7;2025-12-13;22;322
7;2025-12-13;23;231
7;2025-12-14;0;101
7;2025-12-14;1;10
7;2025-12-14;2;0
7;2025-12-14;3;0
7;2025-12-14;4;1
7;2025-12-14;5;22
7;2025-12-14;6;183
7;2025-12-14;7;325
7;2025-12-14;8;522
7;2025-12-14;9;666
7;2025-12-14;10;706
7;2025-12-14;11;969
7;2025-12-14;12;976
7;2025-12-14;13;1054
7;2025-12-14;14;1104
7;2025-12-14;15;1119
7;2025-12-14;16;1049
7;2025-12-14;17;1025
7;2025-12-14;18;972
7;2025-12-14;19;884
7;2025-12-14;20;707
7;2025-12-14;21;528
7;2025-12-14;22;298
7;2025-12-14;23;184
7;2025-12-15;0;62
7;2025-12-15;1;11
7;2025-12-15;2;0
7;2025-12-15;3;0
7;2025-12-15;4;1
7;2025-12-15;5;172
7;2025-12-15;6;614
7;2025-12-15;7;1630
7;2025-12-15;8;2584
7;2025-12-15;9;1817
7;2025-12-15;10;1510
7;2025-12-15;11;1443
7;2025-12-15;12;1455
7;2025-12-15;13;1489
7;2025-12-15;14;1488
7;2025-12-15;15;1727
7;2025-12-15;16;1790
7;2025-12-15;17;2319
7;2025-12-15;18;2563
7;2025-12-15;19;1726
7;2025-12-15;20;1025
7;2025-12-15;21;602
7;2025-12-15;22;288
7;2025-12-15;23;161
7;2025-12-16;0;58
7;2025-12-16;1;12
7;2025-12-16;2;0
7;2025-12-16;3;0
7;2025-12-16;4;1
7;2025-12-16;5;203
7;2025-12-16;6;645
7;2025-12-16;7;1640
7;2025-12-16;8;2500
7;2025-12-16;9;1866
7;2025-12-16;10;1636
7;2025-12-16;11;1545
7;2025-12-16;12;1643
7;2025-12-16;13;1540
7;2025-12-16;14;1645
7;2025-12-16;15;1740
7;2025-12-16;16;1863
7;2025-12-16;17;2365
7;2025-12-16;18;2556
7;2025-12-16;19;1721
7;2025-12-16;20;1014
7;2025-12-16;21;636
7;2025-12-16;22;311
7;2025-12-16;23;181
7;2025-12-17;0;58
7;2025-12-17;1;11
7;2025-12-17;2;0
7;2025-12-17;3;0
7;2025-12-17;4;1
7;2025-12-17;5;193
7;2025-12-17;6;644
7;2025-12-17;7;1640
7;2025-12-17;8;2504
7;2025-12-17;9;1872
7;2025-12-17;10;1625
7;2025-12-17;11;1539
7;2025-12-17;12;1635
7;2025-12-17;13;1570
7;2025-12-17;14;1650
7;2025-12-17;15;1744
7;2025-12-17;16;1867
7;2025-12-17;17;2367
7;2025-12-17;18;2558
7;2025-12-17;19;1723
7;2025-12-17;20;1016
7;2025-12-17;21;640
7;2025-12-17;22;317
7;2025-12-17;23;191
7;2025-12-18;0;60
7;2025-12-18;1;12
7;2025-12-18;2;0
7;2025-12-18;3;0
7;2025-12-18;4;1
7;2025-12-18;5;191
7;2025-12-18;6;643
7;2025-12-18;7;1638
7;2025-12-18;8;2499
7;2025-12-18;9;1869
7;2025-12-18;10;1626
7;2025-12-18;11;1540
7;2025-12-18;12;1638
7;2025-12-18;13;1571
7;2025-12-18;14;1651
7;2025-12-18;15;1745
7;2025-12-18;16;1867
7;2025-12-18;17;2368
7;2025-12-18;18;2558
7;2025-12-18;19;1723
7;2025-12-18;20;1017
7;2025-12-18;21;640
7;2025-12-18;22;318
7;2025-12-18;23;193
7;2025-12-19;0;69
7;2025-12-19;1;13
7;2025-12-19;2;0
7;2025-12-19;3;0
7;2025-12-19;4;1
7;2025-12-19;5;178
7;2025-12-19;6;626
7;2025-12-19;7;1555
7;2025-12-19;8;2366
7;2025-12-19;9;1799
7;2025-12-19;10;1632
7;2025-12-19;11;1556
7;2025-12-19;12;1633
7;2025-12-19;13;1659
7;2025-12-19;14;1683
7;2025-12-19;15;1868
7;2025-12-19;16;2051
7;2025-12-19;17;2266
7;2025-12-19;18;2057
7;2025-12-19;19;1540
7;2025-12-19;20;975
7;2025-12-19;21;602
7;2025-12-19;22;317
7;2025-12-19;23;225
7;2025-12-20;0;95
7;2025-12-20;1;22
7;2025-12-20;2;0
7;2025-12-20;3;0
7;2025-12-20;4;1
7;2025-12-20;5;67
7;2025-12-20;6;279
7;2025-12-20;7;486
7;2025-12-20;8;699
7;2025-12-20;9;831
7;2025-12-20;10;857
7;2025-12-20;11;992
7;2025-12-20;12;1084
7;2025-12-20;13;1166
7;2025-12-20;14;1172
7;2025-12-20;15;1164
7;2025-12-20;16;1120
7;2025-12-20;17;1058
7;2025-12-20;18;1097
7;2025-12-20;19;1006
7;2025-12-20;20;748
7;2025-12-20;21;606
7;2025-12-20;22;318
7;2025-12-20;23;229
7;2025-12-21;0;102
7;2025-12-21;1;10
7;2025-12-21;2;0
7;2025-12-21;3;0
7;2025-12-21;4;1
7;2025-12-21;5;38
7;2025-12-21;6;210
7;2025-12-21;7;350
7;2025-12-21;8;570
7;2025-12-21;9;686
7;2025-12-21;10;730
7;2025-12-21;11;989
7;2025-12-21;12;995
7;2025-12-21;13;1073
7;2025-12-21;14;1113
7;2025-12-21;15;1128
7;2025-12-21;16;1049
7;2025-12-21;17;1025
7;2025-12-21;18;966
7;2025-12-21;19;884
7;2025-12-21;20;709
7;2025-12-21;21;531
7;2025-12-21;22;288
7;2025-12-21;23;186
7;2025-12-22;0;62
7;2025-12-22;1;10
7;2025-12-22;2;0
7;2025-12-22;3;0
7;2025-12-22;4;1
7;2025-12-22;5;197
7;2025-12-22;6;645
7;2025-12-22;7;1660
7;2025-12-22;8;2624
7;2025-12-22;9;1868
7;2025-12-22;10;1573
7;2025-12-22;11;1483
7;2025-12-22;12;1489
7;2025-12-22;13;1509
7;2025-12-22;14;1504
7;2025-12-22;15;1729
7;2025-12-22;16;1805
7;2025-12-22;17;2330
7;2025-12-22;18;2556
7;2025-12-22;19;1718
7;2025-12-22;20;1023
7;2025-12-22;21;598
7;2025-12-22;22;287
7;2025-12-22;23;156
7;2025-12-23;0;58
7;2025-12-23;1;12
7;2025-12-23;2;0
7;2025-12-23;3;0
7;2025-12-23;4;1
7;2025-12-23;5;193
7;2025-12-23;6;648
7;2025-12-23;7;1644
7;2025-12-23;8;2503
7;2025-12-23;9;1873
7;2025-12-23;10;1617
7;2025-12-23;11;1529
7;2025-12-23;12;1627
7;2025-12-23;13;1557
7;2025-12-23;14;1632
7;2025-12-23;15;1725
7;2025-12-23;16;1847
7;2025-12-23;17;2353
7;2025-12-23;18;2546
7;2025-12-23;19;1722
7;2025-12-23;20;1010
7;2025-12-23;21;633
7;2025-12-23;22;307
7;2025-12-23;23;177
7;2025-12-24;0;58
7;2025-12-24;1;12
7;2025-12-24;2;0
7;2025-12-24;3;0
7;2025-12-24;4;1
7;2025-12-24;5;196
7;2025-12-24;6;652
7;2025-12-24;7;1645
7;2025-12-24;8;2500
7;2025-12-24;9;1876
7;2025-12-24;10;1630
7;2025-12-24;11;1544
7;2025-12-24;12;1636
7;2025-12-24;13;1568
7;2025-12-24;14;1652
7;2025-12-24;15;1740
7;2025-12-24;16;1869
7;2025-12-24;17;2369
7;2025-12-24;18;2545
7;2025-12-24;19;1727
7;2025-12-24;20;1018
7;2025-12-24;21;640
7;2025-12-24;22;316
7;2025-12-24;23;190
7;2025-12-25;0;60
7;2025-12-25;1;12
7;2025-12-25;2;0
7;2025-12-25;3;0
7;2025-12-25;4;1
7;2025-12-25;5;196
7;2025-12-25;6;657
7;2025-12-25;7;1640
7;2025-12-25;8;2500
7;2025-12-25;9;1868
7;2025-12-25;10;1623
7;2025-12-25;11;1532
7;2025-12-25;12;1633
7;2025-12-25;13;1567
7;2025-12-25;14;1647
7;2025-12-25;15;1750
7;2025-12-25;16;1873
7;2025-12-25;17;2361
7;2025-12-25;18;2519
7;2025-12-25;19;1738
7;2025-12-25;20;1023
7;2025-12-25;21;650
7;2025-12-25;22;326
7;2025-12-25;23;191
7;2025-12-26;0;67
7;2025-12-26;1;12
7;2025-12-26;2;0
7;2025-12-26;3;0
7;2025-12-26;4;2
7;2025-12-26;5;170
7;2025-12-26;6;626
7;2025-12-26;7;1562
7;2025-12-26;8;2367
7;2025-12-26;9;1795
7;2025-12-26;10;1615
7;2025-12-26;11;1551
7;2025-12-26;12;1599
7;2025-12-26;13;1634
7;2025-12-26;14;1662
7;2025-12-26;15;1856
7;2025-12-26;16;2040
7;2025-12-26;17;2246
7;2025-12-26;18;2045
7;2025-12-26;19;1540
7;2025-12-26;20;974
7;2025-12-26;21;599
7;2025-12-26;22;313
7;2025-12-26;23;227
7;2025-12-27;0;95
7;2025-12-27;1;22
7;2025-12-27;2;0
7;2025-12-27;3;0
7;2025-12-27;4;1
7;2025-12-27;5;67
7;2025-12-27;6;279
7;2025-12-27;7;487
7;2025-12-27;8;700
7;2025-12-27;9;817
7;2025-12-27;10;856
7;2025-12-27;11;992
7;2025-12-27;12;1077
7;2025-12-27;13;1159
7;2025-12-27;14;1171
7;2025-12-27;15;1149
7;2025-12-27;16;1105
7;2025-12-27;17;1052
7;2025-12-27;18;1098
7;2025-12-27;19;1008
7;2025-12-27;20;748
7;2025-12-27;21;598
7;2025-12-27;22;308
7;2025-12-27;23;233
7;2025-12-28;0;100
7;2025-12-28;1;10
7;2025-12-28;2;0
7;2025-12-28;3;0
7;2025-12-28;4;1
7;2025-12-28;5;44
7;2025-12-28;6;217
7;2025-12-28;7;356
7;2025-12-28;8;579
7;2025-12-28;9;681
7;2025-12-28;10;704
7;2025-12-28;11;934
7;2025-12-28;12;916
7;2025-12-28;13;983
7;2025-12-28;14;1030
7;2025-12-28;15;1053
7;2025-12-28;16;1043
7;2025-12-28;17;1018
7;2025-12-28;18;967
7;2025-12-28;19;878
7;2025-12-28;20;687
7;2025-12-28;21;513
7;2025-12-28;22;288
7;2025-12-28;23;185
7;2025-12-29;0;57
7;2025-12-29;1;10
7;2025-12-29;2;0
7;2025-12-29;3;0
7;2025-12-29;4;1
7;2025-12-29;5;182
7;2025-12-29;6;599
7;2025-12-29;7;1531
7;2025-12-29;8;2393
7;2025-12-29;9;1715
7;2025-12-29;10;1423
7;2025-12-29;11;1366
7;2025-12-29;12;1373
7;2025-12-29;13;1391
7;2025-12-29;14;1398
7;2025-12-29;15;1595
7;2025-12-29;16;1673
7;2025-12-29;17;2156
7;2025-12-29;18;2345
7;2025-12-29;19;1610
7;2025-12-29;20;947
7;2025-12-29;21;559
7;2025-12-29;22;266
7;2025-12-29;23;144
7;2025-12-30;0;54
7;2025-12-30;1;11
7;2025-12-30;2;0
7;2025-12-30;3;0
7;2025-12-30;4;1
7;2025-12-30;5;175
7;2025-12-30;6;595
7;2025-12-30;7;1526
7;2025-12-30;8;2280
7;2025-12-30;9;1728
7;2025-12-30;10;1489
7;2025-12-30;11;1407
7;2025-12-30;12;1485
7;2025-12-30;13;1424
7;2025-12-30;14;1510
7;2025-12-30;15;1601
7;2025-12-30;16;1715
7;2025-12-30;17;2162
7;2025-12-30;18;2347
7;2025-12-30;19;1597
7;2025-12-30;20;935
7;2025-12-30;21;587
7;2025-12-30;22;289
7;2025-12-30;23;166
7;2025-12-31;0;83
7;2025-12-31;1;10
7;2025-12-31;2;0
7;2025-12-31;3;0
7;2025-12-31;4;1
7;2025-12-31;5;19
7;2025-12-31;6;126
7;2025-12-31;7;228
7;2025-12-31;8;409
7;2025-12-31;9;489
7;2025-12-31;10;507
7;2025-12-31;11;682
7;2025-12-31;12;734
7;2025-12-31;13;744
7;2025-12-31;14;786
7;2025-12-31;15;817
7;2025-12-31;16;811
7;2025-12-31;17;792
7;2025-12-31;18;746
7;2025-12-31;19;689
7;2025-12-31;20;569
7;2025-12-31;21;401
7;2025-12-31;22;203
7;2025-12-31;23;109
11;2025-11-01;0;62
11;2025-11-01;1;1
11;2025-11-01;2;0
11;2025-11-01;3;0
11;2025-11-01;4;1
11;2025-11-01;5;250
11;2025-11-01;6;1229
11;2025-11-01;7;2166
11;2025-11-01;8;2860
11;2025-11-01;9;2131
11;2025-11-01;10;1788
11;2025-11-01;11;1701
11;2025-11-01;12;1813
11;2025-11-01;13;1828
11;2025-11-01;14;1924
11;2025-11-01;15;2021
11;2025-11-01;16;2200
11;2025-11-01;17;2580
11;2025-11-01;18;2320
11;2025-11-01;19;1845
11;2025-11-01;20;1295
11;2025-11-01;21;789
11;2025-11-01;22;377
11;2025-11-01;23;284
11;2025-11-02;0;102
11;2025-11-02;1;11
11;2025-11-02;2;0
11;2025-11-02;3;0
11;2025-11-02;4;1
11;2025-11-02;5;123
11;2025-11-02;6;463
11;2025-11-02;7;476
11;2025-11-02;8;648
11;2025-11-02;9;906
11;2025-11-02;10;1036
11;2025-11-02;11;1443
11;2025-11-02;12;1541
11;2025-11-02;13;1435
11;2025-11-02;14;1602
11;2025-11-02;15;1577
11;2025-11-02;16;1537
11;2025-11-02;17;1600
11;2025-11-02;18;1263
11;2025-11-02;19;1023
11;2025-11-02;20;842
11;2025-11-02;21;587
11;2025-11-02;22;349
11;2025-11-02;23;221
11;2025-11-03;0;91
11;2025-11-03;1;10
11;2025-11-03;2;0
11;2025-11-03;3;0
11;2025-11-03;4;1
11;2025-11-03;5;143
11;2025-11-03;6;504
11;2025-11-03;7;522
11;2025-11-03;8;676
11;2025-11-03;9;874
11;2025-11-03;10;992
11;2025-11-03;11;1322
11;2025-11-03;12;1357
11;2025-11-03;13;1303
11;2025-11-03;14;1389
11;2025-11-03;15;1396
11;2025-11-03;16;1460
11;2025-11-03;17;1547
11;2025-11-03;18;1275
11;2025-11-03;19;1083
11;2025-11-03;20;909
11;2025-11-03;21;647
11;2025-11-03;22;390
11;2025-11-03;23;260
11;2025-11-04;0;90
11;2025-11-04;1;9
11;2025-11-04;2;0
11;2025-11-04;3;0
11;2025-11-04;4;0
11;2025-11-04;5;141
11;2025-11-04;6;509
11;2025-11-04;7;527
11;2025-11-04;8;674
11;2025-11-04;9;864
11;2025-11-04;10;966
11;2025-11-04;11;1320
11;2025-11-04;12;1341
11;2025-11-04;13;1302
11;2025-11-04;14;1521
11;2025-11-04;15;1502
11;2025-11-04;16;1465
11;2025-11-04;17;1546
11;2025-11-04;18;1278
11;2025-11-04;19;1082
11;2025-11-04;20;904
11;2025-11-04;21;644
11;2025-11-04;22;385
11;2025-11-04;23;256
11;2025-11-05;0;59
11;2025-11-05;1;0
11;2025-11-05;2;0
11;2025-11-05;3;0
11;2025-11-05;4;0
11;2025-11-05;5;269
11;2025-11-05;6;1333
11;2025-11-05;7;2451
11;2025-11-05;8;3225
11;2025-11-05;9;2462
11;2025-11-05;10;2013
11;2025-11-05;11;1966
11;2025-11-05;12;1990
11;2025-11-05;13;2049
11;2025-11-05;14;2094
11;2025-11-05;15;2052
11;2025-11-05;16;2255
11;2025-11-05;17;2845
11;2025-11-05;18;3129
11;2025-11-05;19;2308
11;2025-11-05;20;1488
11;2025-11-05;21;850
11;2025-11-05;22;420
11;2025-11-05;23;239
11;2025-11-06;0;60
11;2025-11-06;1;0
11;2025-11-06;2;0
11;2025-11-06;3;0
11;2025-11-06;4;0
11;2025-11-06;5;269
11;2025-11-06;6;1335
11;2025-11-06;7;2448
11;2025-11-06;8;3227
11;2025-11-06;9;2461
11;2025-11-06;10;2019
11;2025-11-06;11;1944
11;2025-11-06;12;1999
11;2025-11-06;13;2059
11;2025-11-06;14;2104
11;2025-11-06;15;2047
11;2025-11-06;16;2257
11;2025-11-06;17;2854
11;2025-11-06;18;3133
11;2025-11-06;19;2304
11;2025-11-06;20;1490
11;2025-11-06;21;855
11;2025-11-06;22;425
11;2025-11-06;23;249
11;2025-11-07;0;67
11;2025-11-07;1;1
11;2025-11-07;2;0
11;2025-11-07;3;0
11;2025-11-07;4;0
11;2025-11-07;5;266
11;2025-11-07;6;1324
11;2025-11-07;7;2331
11;2025-11-07;8;3081
11;2025-11-07;9;2264
11;2025-11-07;10;1908
11;2025-11-07;11;1818
11;2025-11-07;12;1941
11;2025-11-07;13;1954
11;2025-11-07;14;2064
11;2025-11-07;15;2163
11;2025-11-07;16;2358
11;2025-11-07;17;2773
11;2025-11-07;18;2492
11;2025-11-07;19;1967
11;2025-11-07;20;1383
11;2025-11-07;21;844
11;2025-11-07;22;401
11;2025-11-07;23;308
11;2025-11-08;0;103
11;2025-11-08;1;2
11;2025-11-08;2;0
11;2025-11-08;3;0
11;2025-11-08;4;0
11;2025-11-08;5;180
11;2025-11-08;6;774
11;2025-11-08;7;783
11;2025-11-08;8;1014
11;2025-11-08;9;1145
11;2025-11-08;10;1324
11;2025-11-08;11;1650
11;2025-11-08;12;1837
11;2025-11-08;13;1776
11;2025-11-08;14;1907
11;2025-11-08;15;1868
11;2025-11-08;16;1798
11;2025-11-08;17;1836
11;2025-11-08;18;1550
11;2025-11-08;19;1471
11;2025-11-08;20;1024
11;2025-11-08;21;726
11;2025-11-08;22;418
11;2025-11-08;23;289
11;2025-11-09;0;104
11;2025-11-09;1;11
11;2025-11-09;2;0
11;2025-11-09;3;0
11;2025-11-09;4;0
11;2025-11-09;5;135
11;2025-11-09;6;485
11;2025-11-09;7;498
11;2025-11-09;8;673
11;2025-11-09;9;912
11;2025-11-09;10;1037
11;2025-11-09;11;1443
11;2025-11-09;12;1549
11;2025-11-09;13;1510
11;2025-11-09;14;1583
11;2025-11-09;15;1565
11;2025-11-09;16;1530
11;2025-11-09;17;1607
11;2025-11-09;18;1277
11;2025-11-09;19;1029
11;2025-11-09;20;847
11;2025-11-09;21;590
11;2025-11-09;22;349
11;2025-11-09;23;221
11;2025-11-10;0;72
11;2025-11-10;1;8
11;2025-11-10;2;0
11;2025-11-10;3;0
11;2025-11-10;4;1
11;2025-11-10;5;268
11;2025-11-10;6;1355
11;2025-11-10;7;2401
11;2025-11-10;8;3137
11;2025-11-10;9;2397
11;2025-11-10;10;1858
11;2025-11-10;11;1846
11;2025-11-10;12;1806
11;2025-11-10;13;1903
11;2025-11-10;14;1975
11;2025-11-10;15;2097
11;2025-11-10;16;2254
11;2025-11-10;17;2834
11;2025-11-10;18;3043
11;2025-11-10;19;2221
11;2025-11-10;20;1314
11;2025-11-10;21;796
11;2025-11-10;22;363
11;2025-11-10;23;208
11;2025-11-11;0;58
11;2025-11-11;1;1
11;2025-11-11;2;0
11;2025-11-11;3;0
11;2025-11-11;4;1
11;2025-11-11;5;270
11;2025-11-11;6;1334
11;2025-11-11;7;2459
11;2025-11-11;8;3237
11;2025-11-11;9;2463
11;2025-11-11;10;2005
11;2025-11-11;11;1959
11;2025-11-11;12;1982
11;2025-11-11;13;2045
11;2025-11-11;14;2087
11;2025-11-11;15;2049
11;2025-11-11;16;2251
11;2025-11-11;17;2844
11;2025-11-11;18;3141
11;2025-11-11;19;2304
11;2025-11-11;20;1483
11;2025-11-11;21;845
11;2025-11-11;22;415
11;2025-11-11;23;229
11;2025-11-12;0;59
11;2025-11-12;1;1
11;2025-11-12;2;0
11;2025-11-12;3;0
11;2025-11-12;4;1
11;2025-11-12;5;269
11;2025-11-12;6;1334
11;2025-11-12;7;2458
11;2025-11-12;8;3227
11;2025-11-12;9;2461
11;2025-11-12;10;1998
11;2025-11-12;11;1938
11;2025-11-12;12;1968
11;2025-11-12;13;2024
11;2025-11-12;14;2079
11;2025-11-12;15;2038
11;2025-11-12;16;2253
11;2025-11-12;17;2846
11;2025-11-12;18;3114
11;2025-11-12;19;2303
11;2025-11-12;20;1485
11;2025-11-12;21;848
11;2025-11-12;22;420
11;2025-11-12;23;237
11;2025-11-13;0;60
11;2025-11-13;1;0
11;2025-11-13;2;0
11;2025-11-13;3;0
11;2025-11-13;4;1
11;2025-11-13;5;269
11;2025-11-13;6;1339
11;2025-11-13;7;2458
11;2025-11-13;8;3229
11;2025-11-13;9;2465
11;2025-11-13;10;2016
11;2025-11-13;11;1966
11;2025-11-13;12;1995
11;2025-11-13;13;2055
11;2025-11-13;14;2096
11;2025-11-13;15;2058
11;2025-11-13;16;2260
11;2025-11-13;17;2846
11;2025-11-13;18;3128
11;2025-11-13;19;2304
11;2025-11-13;20;1489
11;2025-11-13;21;853
11;2025-11-13;22;424
11;2025-11-13;23;247
11;2025-11-14;0;67
11;2025-11-14;1;1
11;2025-11-14;2;0
11;2025-11-14;3;0
11;2025-11-14;4;1
11;2025-11-14;5;265
11;2025-11-14;6;1315
11;2025-11-14;7;2330
11;2025-11-14;8;3074
11;2025-11-14;9;2280
11;2025-11-14;10;1918
11;2025-11-14;11;1820
11;2025-11-14;12;1943
11;2025-11-14;13;1954
11;2025-11-14;14;2063
11;2025-11-14;15;2161
11;2025-11-14;16;2355
11;2025-11-14;17;2771
11;2025-11-14;18;2483
11;2025-11-14;19;1967
11;2025-11-14;20;1370
11;2025-11-14;21;827
11;2025-11-14;22;386
11;2025-11-14;23;298
11;2025-11-15;0;101
11;2025-11-15;1;2
11;2025-11-15;2;0
11;2025-11-15;3;0
11;2025-11-15;4;3
11;2025-11-15;5;174
11;2025-11-15;6;749
11;2025-11-15;7;765
11;2025-11-15;8;954
11;2025-11-15;9;1003
11;2025-11-15;10;1112
11;2025-11-15;11;1332
11;2025-11-15;12;1547
11;2025-11-15;13;1666
11;2025-11-15;14;1903
11;2025-11-15;15;1854
11;2025-11-15;16;1785
11;2025-11-15;17;1826
11;2025-11-15;18;1522
11;2025-11-15;19;1454
11;2025-11-15;20;1010
11;2025-11-15;21;714
11;2025-11-15;22;413
11;2025-11-15;23;280
11;2025-11-16;0;101
11;2025-11-16;1;11
11;2025-11-16;2;0
11;2025-11-16;3;0
11;2025-11-16;4;1
11;2025-11-16;5;93
11;2025-11-16;6;442
11;2025-11-16;7;451
11;2025-11-16;8;600
11;2025-11-16;9;860
11;2025-11-16;10;986
11;2025-11-16;11;1411
11;2025-11-16;12;1506
11;2025-11-16;13;1473
11;2025-11-16;14;1556
11;2025-11-16;15;1527
11;2025-11-16;16;1498
11;2025-11-16;17;1573
11;2025-11-16;18;1232
11;2025-11-16;19;993
11;2025-11-16;20;814
11;2025-11-16;21;563
11;2025-11-16;22;339
11;2025-11-16;23;218
11;2025-11-17;0;72
11;2025-11-17;1;8
11;2025-11-17;2;0
11;2025-11-17;3;0
11;2025-11-17;4;3
11;2025-11-17;5;281
11;2025-11-17;6;1368
11;2025-11-17;7;2401
11;2025-11-17;8;3139
11;2025-11-17;9;2397
11;2025-11-17;10;1850
11;2025-11-17;11;1832
11;2025-11-17;12;1792
11;2025-11-17;13;1849
11;2025-11-17;14;1940
11;2025-11-17;15;2068
11;2025-11-17;16;2240
11;2025-11-17;17;2817
11;2025-11-17;18;3045
11;2025-11-17;19;2221
11;2025-11-17;20;1314
11;2025-11-17;21;790
11;2025-11-17;22;363
11;2025-11-17;23;208
11;2025-11-18;0;58
11;2025-11-18;1;0
11;2025-11-18;2;0
11;2025-11-18;3;0
11;2025-11-18;4;0
11;2025-11-18;5;256
11;2025-11-18;6;1337
11;2025-11-18;7;2457
11;2025-11-18;8;3208
11;2025-11-18;9;2436
11;2025-11-18;10;1969
11;2025-11-18;11;1934
11;2025-11-18;12;1961
11;2025-11-18;13;2002
11;2025-11-18;14;2052
11;2025-11-18;15;2024
11;2025-11-18;16;2250
11;2025-11-18;17;2844
11;2025-11-18;18;3117
11;2025-11-18;19;2308
11;2025-11-18;20;1484
11;2025-11-18;21;848
11;2025-11-18;22;418
11;2025-11-18;23;226
11;2025-11-19;0;59
11;2025-11-19;1;0
11;2025-11-19;2;0
11;2025-11-19;3;0
11;2025-11-19;4;2
11;2025-11-19;5;270
11;2025-11-19;6;1335
11;2025-11-19;7;2462
11;2025-11-19;8;3232
11;2025-11-19;9;2469
11;2025-11-19;10;2010
11;2025-11-19;11;1960
11;2025-11-19;12;1981
11;2025-11-19;13;2046
11;2025-11-19;14;2086
11;2025-11-19;15;2048
11;2025-11-19;16;2251
11;2025-11-19;17;2845
11;2025-11-19;18;3138
11;2025-11-19;19;2306
11;2025-11-19;20;1488
11;2025-11-19;21;851
11;2025-11-19;22;421
11;2025-11-19;23;233
11;2025-11-20;0;60
11;2025-11-20;1;1
11;2025-11-20;2;0
11;2025-11-20;3;0
11;2025-11-20;4;2
11;2025-11-20;5;271
11;2025-11-20;6;1335
11;2025-11-20;7;2459
11;2025-11-20;8;3228
11;2025-11-20;9;2467
11;2025-11-20;10;2012
11;2025-11-20;11;1963
11;2025-11-20;12;1988
11;2025-11-20;13;2051
11;2025-11-20;14;2093
11;2025-11-20;15;2054
11;2025-11-20;16;2256
11;2025-11-20;17;2844
11;2025-11-20;18;3132
11;2025-11-20;19;2293
11;2025-11-20;20;1480
11;2025-11-20;21;846
11;2025-11-20;22;419
11;2025-11-20;23;239
11;2025-11-21;0;67
11;2025-11-21;1;1
11;2025-11-21;2;0
11;2025-11-21;3;0
11;2025-11-21;4;2
11;2025-11-21;5;272
11;2025-11-21;6;1320
11;2025-11-21;7;2321
11;2025-11-21;8;3073
11;2025-11-21;9;2278
11;2025-11-21;10;1912
11;2025-11-21;11;1814
11;2025-11-21;12;1907
11;2025-11-21;13;1942
11;2025-11-21;14;2044
11;2025-11-21;15;2145
11;2025-11-21;16;2352
11;2025-11-21;17;2771
11;2025-11-21;18;2482
11;2025-11-21;19;1967
11;2025-11-21;20;1382
11;2025-11-21;21;844
11;2025-11-21;22;402
11;2025-11-21;23;304
11;2025-11-22;0;103
11;2025-11-22;1;2
11;2025-11-22;2;0
11;2025-11-22;3;0
11;2025-11-22;4;2
11;2025-11-22;5;176
11;2025-11-22;6;750
11;2025-11-22;7;761
11;2025-11-22;8;1003
11;2025-11-22;9;1064
11;2025-11-22;10;1327
11;2025-11-22;11;1640
11;2025-11-22;12;1835
11;2025-11-22;13;1777
11;2025-11-22;14;1903
11;2025-11-22;15;1859
11;2025-11-22;16;1789
11;2025-11-22;17;1829
11;2025-11-22;18;1530
11;2025-11-22;19;1455
11;2025-11-22;20;1018
11;2025-11-22;21;696
11;2025-11-22;22;406
11;2025-11-22;23;283
11;2025-11-23;0;101
11;2025-11-23;1;10
11;2025-11-23;2;0
11;2025-11-23;3;0
11;2025-11-23;4;1
11;2025-11-23;5;109
11;2025-11-23;6;448
11;2025-11-23;7;460
11;2025-11-23;8;639
11;2025-11-23;9;886
11;2025-11-23;10;1013
11;2025-11-23;11;1426
11;2025-11-23;12;1535
11;2025-11-23;13;1502
11;2025-11-23;14;1580
11;2025-11-23;15;1553
11;2025-11-23;16;1521
11;2025-11-23;17;1592
11;2025-11-23;18;1236
11;2025-11-23;19;997
11;2025-11-23;20;825
11;2025-11-23;21;568
11;2025-11-23;22;343
11;2025-11-23;23;219
11;2025-11-24;0;72
11;2025-11-24;1;8
11;2025-11-24;2;0
11;2025-11-24;3;0
11;2025-11-24;4;3
11;2025-11-24;5;267
11;2025-11-24;6;1362
11;2025-11-24;7;2410
11;2025-11-24;8;3127
11;2025-11-24;9;2389
11;2025-11-24;10;1822
11;2025-11-24;11;1806
11;2025-11-24;12;1791
11;2025-11-24;13;1893
11;2025-11-24;14;1952
11;2025-11-24;15;2068
11;2025-11-24;16;2254
11;2025-11-24;17;2835
11;2025-11-24;18;3045
11;2025-11-24;19;2222
11;2025-11-24;20;1316
11;2025-11-24;21;798
11;2025-11-24;22;366
11;2025-11-24;23;206
11;2025-11-25;0;58
11;2025-11-25;1;1
11;2025-11-25;2;0
11;2025-11-25;3;0
11;2025-11-25;4;2
11;2025-11-25;5;273
11;2025-11-25;6;1339
11;2025-11-25;7;2466
11;2025-11-25;8;3239
11;2025-11-25;9;2471
11;2025-11-25;10;2008
11;2025-11-25;11;1956
11;2025-11-25;12;1975
11;2025-11-25;13;2042
11;2025-11-25;14;2081
11;2025-11-25;15;2045
11;2025-11-25;16;2248
11;2025-11-25;17;2848
11;2025-11-25;18;3145
11;2025-11-25;19;2308
11;2025-11-25;20;1488
11;2025-11-25;21;848
11;2025-11-25;22;419
11;2025-11-25;23;228
11;2025-11-26;0;59
11;2025-11-26;1;1
11;2025-11-26;2;0
11;2025-11-26;3;0
11;2025-11-26;4;2
11;2025-11-26;5;276
11;2025-11-26;6;1347
11;2025-11-26;7;2466
11;2025-11-26;8;3212
11;2025-11-26;9;2461
11;2025-11-26;10;1992
11;2025-11-26;11;1946
11;2025-11-26;12;1967
11;2025-11-26;13;2033
11;2025-11-26;14;2073
11;2025-11-26;15;2033
11;2025-11-26;16;2222
11;2025-11-26;17;2803
11;2025-11-26;18;3112
11;2025-11-26;19;2300
11;2025-11-26;20;1483
11;2025-11-26;21;847
11;2025-11-26;22;421
11;2025-11-26;23;236
11;2025-11-27;0;60
11;2025-11-27;1;1
11;2025-11-27;2;0
11;2025-11-27;3;0
11;2025-11-27;4;1
11;2025-11-27;5;269
11;2025-11-27;6;1334
11;2025-11-27;7;2458
11;2025-11-27;8;3225
11;2025-11-27;9;2465
11;2025-11-27;10;2016
11;2025-11-27;11;1941
11;2025-11-27;12;1964
11;2025-11-27;13;2028
11;2025-11-27;14;2057
11;2025-11-27;15;2059
11;2025-11-27;16;2261
11;2025-11-27;17;2805
11;2025-11-27;18;3061
11;2025-11-27;19;2288
11;2025-11-27;20;1482
11;2025-11-27;21;844
11;2025-11-27;22;420
11;2025-11-27;23;240
11;2025-11-28;0;65
11;2025-11-28;1;1
11;2025-11-28;2;0
11;2025-11-28;3;0
11;2025-11-28;4;0
11;2025-11-28;5;264
11;2025-11-28;6;1316
11;2025-11-28;7;2330
11;2025-11-28;8;3070
11;2025-11-28;9;2277
11;2025-11-28;10;1906
11;2025-11-28;11;1807
11;2025-11-28;12;1923
11;2025-11-28;13;1942
11;2025-11-28;14;2049
11;2025-11-28;15;2153
11;2025-11-28;16;2352
11;2025-11-28;17;2766
11;2025-11-28;18;2477
11;2025-11-28;19;1963
11;2025-11-28;20;1380
11;2025-11-28;21;841
11;2025-11-28;22;402
11;2025-11-28;23;303
11;2025-11-29;0;103
11;2025-11-29;1;2
11;2025-11-29;2;0
11;2025-11-29;3;0
11;2025-11-29;4;2
11;2025-11-29;5;176
11;2025-11-29;6;764
11;2025-11-29;7;777
11;2025-11-29;8;1005
11;2025-11-29;9;1145
11;2025-11-29;10;1328
11;2025-11-29;11;1641
11;2025-11-29;12;1835
11;2025-11-29;13;1773
11;2025-11-29;14;1900
11;2025-11-29;15;1855
11;2025-11-29;16;1785
11;2025-11-29;17;1825
11;2025-11-29;18;1522
11;2025-11-29;19;1457
11;2025-11-29;20;1020
11;2025-11-29;21;720
11;2025-11-29;22;421
11;2025-11-29;23;286
11;2025-11-30;0;102
11;2025-11-30;1;11
11;2025-11-30;2;0
11;2025-11-30;3;0
11;2025-11-30;4;2
11;2025-11-30;5;117
11;2025-11-30;6;449
11;2025-11-30;7;464
11;2025-11-30;8;640
11;2025-11-30;9;888
11;2025-11-30;10;1013
11;2025-11-30;11;1426
11;2025-11-30;12;1534
11;2025-11-30;13;1503
11;2025-11-30;14;1588
11;2025-11-30;15;1568
11;2025-11-30;16;1534
11;2025-11-30;17;1612
11;2025-11-30;18;1270
11;2025-11-30;19;1021
11;2025-11-30;20;840
11;2025-11-30;21;590
11;2025-11-30;22;348
11;2025-11-30;23;222
11;2025-12-01;0;72
11;2025-12-01;1;9
11;2025-12-01;2;0
11;2025-12-01;3;0
11;2025-12-01;4;1
11;2025-12-01;5;272
11;2025-12-01;6;1369
11;2025-12-01;7;2423
11;2025-12-01;8;3160
11;2025-12-01;9;2411
11;2025-12-01;10;1863
11;2025-12-01;11;1852
11;2025-12-01;12;1816
11;2025-12-01;13;1911
11;2025-12-01;14;1978
11;2025-12-01;15;2096
11;2025-12-01;16;2253
11;2025-12-01;17;2841
11;2025-12-01;18;3054
11;2025-12-01;19;2230
11;2025-12-01;20;1321
11;2025-12-01;21;803
11;2025-12-01;22;369
11;2025-12-01;23;208
11;2025-12-02;0;59
11;2025-12-02;1;1
11;2025-12-02;2;0
11;2025-12-02;3;0
11;2025-12-02;4;2
11;2025-12-02;5;273
11;2025-12-02;6;1342
11;2025-12-02;7;2472
11;2025-12-02;8;3248
11;2025-12-02;9;2475
11;2025-12-02;10;2013
11;2025-12-02;11;1959
11;2025-12-02;12;1980
11;2025-12-02;13;2051
11;2025-12-02;14;2091
11;2025-12-02;15;2051
11;2025-12-02;16;2255
11;2025-12-02;17;2856
11;2025-12-02;18;3154
11;2025-12-02;19;2315
11;2025-12-02;20;1492
11;2025-12-02;21;852
11;2025-12-02;22;420
11;2025-12-02;23;228
11;2025-12-03;0;59
11;2025-12-03;1;1
11;2025-12-03;2;0
11;2025-12-03;3;0
11;2025-12-03;4;2
11;2025-12-03;5;271
11;2025-12-03;6;1339
11;2025-12-03;7;2469
11;2025-12-03;8;3241
11;2025-12-03;9;2473
11;2025-12-03;10;2014
11;2025-12-03;11;1964
11;2025-12-03;12;1986
11;2025-12-03;13;2051
11;2025-12-03;14;2092
11;2025-12-03;15;2054
11;2025-12-03;16;2258
11;2025-12-03;17;2855
11;2025-12-03;18;3149
11;2025-12-03;19;2311
11;2025-12-03;20;1491
11;2025-12-03;21;852
11;2025-12-03;22;424
11;2025-12-03;23;238
11;2025-12-04;0;60
11;2025-12-04;1;1
11;2025-12-04;2;0
11;2025-12-04;3;0
11;2025-12-04;4;2
11;2025-12-04;5;270
11;2025-12-04;6;1337
11;2025-12-04;7;2464
11;2025-12-04;8;3236
11;2025-12-04;9;2471
11;2025-12-04;10;2016
11;2025-12-04;11;1966
11;2025-12-04;12;1993
11;2025-12-04;13;2060
11;2025-12-04;14;2097
11;2025-12-04;15;2062
11;2025-12-04;16;2263
11;2025-12-04;17;2853
11;2025-12-04;18;3149
11;2025-12-04;19;2308
11;2025-12-04;20;1491
11;2025-12-04;21;856
11;2025-12-04;22;427
11;2025-12-04;23;246
11;2025-12-05;0;67
11;2025-12-05;1;1
11;2025-12-05;2;0
11;2025-12-05;3;0
11;2025-12-05;4;2
11;2025-12-05;5;266
11;2025-12-05;6;1319
11;2025-12-05;7;2333
11;2025-12-05;8;3081
11;2025-12-05;9;2284
11;2025-12-05;10;1916
11;2025-12-05;11;1818
11;2025-12-05;12;1935
11;2025-12-05;13;1949
11;2025-12-05;14;2047
11;2025-12-05;15;2153
11;2025-12-05;16;2360
11;2025-12-05;17;2778
11;2025-12-05;18;2485
11;2025-12-05;19;1969
11;2025-12-05;20;1384
11;2025-12-05;21;844
11;2025-12-05;22;403
11;2025-12-05;23;304
11;2025-12-06;0;103
11;2025-12-06;1;2
11;2025-12-06;2;0
11;2025-12-06;3;0
11;2025-12-06;4;2
11;2025-12-06;5;177
11;2025-12-06;6;766
11;2025-12-06;7;779
11;2025-12-06;8;1007
11;2025-12-06;9;1146
11;2025-12-06;10;1329
11;2025-12-06;11;1639
11;2025-12-06;12;1839
11;2025-12-06;13;1780
11;2025-12-06;14;1906
11;2025-12-06;15;1865
11;2025-12-06;16;1794
11;2025-12-06;17;1831
11;2025-12-06;18;1536
11;2025-12-06;19;1452
11;2025-12-06;20;1014
11;2025-12-06;21;721
11;2025-12-06;22;417
11;2025-12-06;23;287
11;2025-12-07;0;102
11;2025-12-07;1;11
11;2025-12-07;2;0
11;2025-12-07;3;0
11;2025-12-07;4;2
11;2025-12-07;5;118
11;2025-12-07;6;450
11;2025-12-07;7;463
11;2025-12-07;8;639
11;2025-12-07;9;889
11;2025-12-07;10;1016
11;2025-12-07;11;1430
11;2025-12-07;12;1537
11;2025-12-07;13;1506
11;2025-12-07;14;1585
11;2025-12-07;15;1560
11;2025-12-07;16;1525
11;2025-12-07;17;1602
11;2025-12-07;18;1249
11;2025-12-07;19;1013
11;2025-12-07;20;831
11;2025-12-07;21;573
11;2025-12-07;22;347
11;2025-12-07;23;221
11;2025-12-08;0;72
11;2025-12-08;1;9
11;2025-12-08;2;0
11;2025-12-08;3;0
11;2025-12-08;4;3
11;2025-12-08;5;274
11;2025-12-08;6;1370
11;2025-12-08;7;2423
11;2025-12-08;8;3160
11;2025-12-08;9;2416
11;2025-12-08;10;1863
11;2025-12-08;11;1852
11;2025-12-08;12;1816
11;2025-12-08;13;1907
11;2025-12-08;14;1974
11;2025-12-08;15;2096
11;2025-12-08;16;2253
11;2025-12-08;17;2841
11;2025-12-08;18;3054
11;2025-12-08;19;2231
11;2025-12-08;20;1322
11;2025-12-08;21;803
11;2025-12-08;22;369
11;2025-12-08;23;209
11;2025-12-09;0;59
11;2025-12-09;1;1
11;2025-12-09;2;0
11;2025-12-09;3;0
11;2025-12-09;4;2
11;2025-12-09;5;274
11;2025-12-09;6;1343
11;2025-12-09;7;2473
11;2025-12-09;8;3250
11;2025-12-09;9;2480
11;2025-12-09;10;2013
11;2025-12-09;11;1959
11;2025-12-09;12;1980
11;2025-12-09;13;2048
11;2025-12-09;14;2087
11;2025-12-09;15;2048
11;2025-12-09;16;2251
11;2025-12-09;17;2854
11;2025-12-09;18;3152
11;2025-12-09;19;2316
11;2025-12-09;20;1493
11;2025-12-09;21;853
11;2025-12-09;22;422
11;2025-12-09;23;230
11;2025-12-10;0;59
11;2025-12-10;1;1
11;2025-12-10;2;0
11;2025-12-10;3;0
11;2025-12-10;4;2
11;2025-12-10;5;284
11;2025-12-10;6;1359
11;2025-12-10;7;2477
11;2025-12-10;8;3231
11;2025-12-10;9;2477
11;2025-12-10;10;2009
11;2025-12-10;11;1954
11;2025-12-10;12;1984
11;2025-12-10;13;2048
11;2025-12-10;14;2090
11;2025-12-10;15;2052
11;2025-12-10;16;2256
11;2025-12-10;17;2853
11;2025-12-10;18;3147
11;2025-12-10;19;2312
11;2025-12-10;20;1492
11;2025-12-10;21;853
11;2025-12-10;22;425
11;2025-12-10;23;239
11;2025-12-11;0;60
11;2025-12-11;1;0
11;2025-12-11;2;0
11;2025-12-11;3;0
11;2025-12-11;4;2
11;2025-12-11;5;270
11;2025-12-11;6;1337
11;2025-12-11;7;2464
11;2025-12-11;8;3173
11;2025-12-11;9;2445
11;2025-12-11;10;2000
11;2025-12-11;11;1948
11;2025-12-11;12;1974
11;2025-12-11;13;2045
11;2025-12-11;14;2098
11;2025-12-11;15;2047
11;2025-12-11;16;2245
11;2025-12-11;17;2807
11;2025-12-11;18;3074
11;2025-12-11;19;2295
11;2025-12-11;20;1485
11;2025-12-11;21;847
11;2025-12-11;22;422
11;2025-12-11;23;246
11;2025-12-12;0;67
11;2025-12-12;1;2
11;2025-12-12;2;0
11;2025-12-12;3;0
11;2025-12-12;4;2
11;2025-12-12;5;267
11;2025-12-12;6;1322
11;2025-12-12;7;2333
11;2025-12-12;8;3084
11;2025-12-12;9;2286
11;2025-12-12;10;1901
11;2025-12-12;11;1817
11;2025-12-12;12;1898
11;2025-12-12;13;1881
11;2025-12-12;14;1984
11;2025-12-12;15;2047
11;2025-12-12;16;2248
11;2025-12-12;17;2725
11;2025-12-12;18;2489
11;2025-12-12;19;1963
11;2025-12-12;20;1391
11;2025-12-12;21;853
11;2025-12-12;22;400
11;2025-12-12;23;306
11;2025-12-13;0;103
11;2025-12-13;1;2
11;2025-12-13;2;0
11;2025-12-13;3;0
11;2025-12-13;4;2
11;2025-12-13;5;167
11;2025-12-13;6;754
11;2025-12-13;7;755
11;2025-12-13;8;998
11;2025-12-13;9;1124
11;2025-12-13;10;1301
11;2025-12-13;11;1612
11;2025-12-13;12;1794
11;2025-12-13;13;1742
11;2025-12-13;14;1875
11;2025-12-13;15;1838
11;2025-12-13;16;1769
11;2025-12-13;17;1806
11;2025-12-13;18;1520
11;2025-12-13;19;1440
11;2025-12-13;20;983
11;2025-12-13;21;690
11;2025-12-13;22;416
11;2025-12-13;23;281
11;2025-12-14;0;102
11;2025-12-14;1;11
11;2025-12-14;2;0
11;2025-12-14;3;0
11;2025-12-14;4;1
11;2025-12-14;5;93
11;2025-12-14;6;418
11;2025-12-14;7;428
11;2025-12-14;8;593
11;2025-12-14;9;855
11;2025-12-14;10;980
11;2025-12-14;11;1397
11;2025-12-14;12;1506
11;2025-12-14;13;1483
11;2025-12-14;14;1565
11;2025-12-14;15;1537
11;2025-12-14;16;1514
11;2025-12-14;17;1590
11;2025-12-14;18;1247
11;2025-12-14;19;1007
11;2025-12-14;20;822
11;2025-12-14;21;571
11;2025-12-14;22;342
11;2025-12-14;23;222
11;2025-12-15;0;72
11;2025-12-15;1;8
11;2025-12-15;2;0
11;2025-12-15;3;0
11;2025-12-15;4;4
11;2025-12-15;5;282
11;2025-12-15;6;1371
11;2025-12-15;7;2418
11;2025-12-15;8;3155
11;2025-12-15;9;2416
11;2025-12-15;10;1877
11;2025-12-15;11;1836
11;2025-12-15;12;1831
11;2025-12-15;13;1921
11;2025-12-15;14;1990
11;2025-12-15;15;2121
11;2025-12-15;16;2273
11;2025-12-15;17;2856
11;2025-12-15;18;3066
11;2025-12-15;19;2250
11;2025-12-15;20;1345
11;2025-12-15;21;824
11;2025-12-15;22;388
11;2025-12-15;23;226
11;2025-12-16;0;59
11;2025-12-16;1;1
11;2025-12-16;2;0
11;2025-12-16;3;0
11;2025-12-16;4;3
11;2025-12-16;5;280
11;2025-12-16;6;1341
11;2025-12-16;7;2474
11;2025-12-16;8;3251
11;2025-12-16;9;2477
11;2025-12-16;10;1999
11;2025-12-16;11;1946
11;2025-12-16;12;1965
11;2025-12-16;13;1997
11;2025-12-16;14;2074
11;2025-12-16;15;2054
11;2025-12-16;16;2258
11;2025-12-16;17;2856
11;2025-12-16;18;3154
11;2025-12-16;19;2313
11;2025-12-16;20;1490
11;2025-12-16;21;850
11;2025-12-16;22;419
11;2025-12-16;23;227
11;2025-12-17;0;59
11;2025-12-17;1;1
11;2025-12-17;2;0
11;2025-12-17;3;0
11;2025-12-17;4;1
11;2025-12-17;5;271
11;2025-12-17;6;1338
11;2025-12-17;7;2468
11;2025-12-17;8;3241
11;2025-12-17;9;2472
11;2025-12-17;10;2014
11;2025-12-17;11;1964
11;2025-12-17;12;1986
11;2025-12-17;13;2051
11;2025-12-17;14;2092
11;2025-12-17;15;2054
11;2025-12-17;16;2258
11;2025-12-17;17;2855
11;2025-12-17;18;3149
11;2025-12-17;19;2311
11;2025-12-17;20;1491
11;2025-12-17;21;852
11;2025-12-17;22;424
11;2025-12-17;23;239
11;2025-12-18;0;60
11;2025-12-18;1;1
11;2025-12-18;2;0
11;2025-12-18;3;0
11;2025-12-18;4;2
11;2025-12-18;5;270
11;2025-12-18;6;1337
11;2025-12-18;7;2464
11;2025-12-18;8;3236
11;2025-12-18;9;2473
11;2025-12-18;10;2018
11;2025-12-18;11;1968
11;2025-12-18;12;1993
11;2025-12-18;13;2056
11;2025-12-18;14;2097
11;2025-12-18;15;2059
11;2025-12-18;16;2262
11;2025-12-18;17;2857
11;2025-12-18;18;3149
11;2025-12-18;19;2307
11;2025-12-18;20;1490
11;2025-12-18;21;853
11;2025-12-18;22;425
11;2025-12-18;23;243
11;2025-12-19;0;67
11;2025-12-19;1;1
11;2025-12-19;2;0
11;2025-12-19;3;0
11;2025-12-19;4;3
11;2025-12-19;5;266
11;2025-12-19;6;1318
11;2025-12-19;7;2333
11;2025-12-19;8;3080
11;2025-12-19;9;2287
11;2025-12-19;10;1918
11;2025-12-19;11;1820
11;2025-12-19;12;1939
11;2025-12-19;13;1951
11;2025-12-19;14;2052
11;2025-12-19;15;2147
11;2025-12-19;16;2347
11;2025-12-19;17;2741
11;2025-12-19;18;2474
11;2025-12-19;19;1967
11;2025-12-19;20;1383
11;2025-12-19;21;843
11;2025-12-19;22;401
11;2025-12-19;23;303
11;2025-12-20;0;103
11;2025-12-20;1;2
11;2025-12-20;2;0
11;2025-12-20;3;0
11;2025-12-20;4;2
11;2025-12-20;5;176
11;2025-12-20;6;768
11;2025-12-20;7;780
11;2025-12-20;8;1008
11;2025-12-20;9;1150
11;2025-12-20;10;1330
11;2025-12-20;11;1642
11;2025-12-20;12;1840
11;2025-12-20;13;1779
11;2025-12-20;14;1903
11;2025-12-20;15;1860
11;2025-12-20;16;1790
11;2025-12-20;17;1831
11;2025-12-20;18;1527
11;2025-12-20;19;1449
11;2025-12-20;20;1013
11;2025-12-20;21;716
11;2025-12-20;22;417
11;2025-12-20;23;284
11;2025-12-21;0;102
11;2025-12-21;1;10
11;2025-12-21;2;0
11;2025-12-21;3;0
11;2025-12-21;4;1
11;2025-12-21;5;118
11;2025-12-21;6;439
11;2025-12-21;7;454
11;2025-12-21;8;639
11;2025-12-21;9;889
11;2025-12-21;10;1017
11;2025-12-21;11;1430
11;2025-12-21;12;1537
11;2025-12-21;13;1504
11;2025-12-21;14;1581
11;2025-12-21;15;1557
11;2025-12-21;16;1525
11;2025-12-21;17;1602
11;2025-12-21;18;1249
11;2025-12-21;19;1014
11;2025-12-21;20;831
11;2025-12-21;21;573
11;2025-12-21;22;333
11;2025-12-21;23;220
11;2025-12-22;0;72
11;2025-12-22;1;8
11;2025-12-22;2;0
11;2025-12-22;3;0
11;2025-12-22;4;3
11;2025-12-22;5;272
11;2025-12-22;6;1368
11;2025-12-22;7;2422
11;2025-12-22;8;3160
11;2025-12-22;9;2413
11;2025-12-22;10;1872
11;2025-12-22;11;1839
11;2025-12-22;12;1805
11;2025-12-22;13;1911
11;2025-12-22;14;1974
11;2025-12-22;15;2079
11;2025-12-22;16;2253
11;2025-12-22;17;2840
11;2025-12-22;18;3016
11;2025-12-22;19;2229
11;2025-12-22;20;1326
11;2025-12-22;21;811
11;2025-12-22;22;367
11;2025-12-22;23;215
11;2025-12-23;0;59
11;2025-12-23;1;1
11;2025-12-23;2;0
11;2025-12-23;3;0
11;2025-12-23;4;3
11;2025-12-23;5;278
11;2025-12-23;6;1346
11;2025-12-23;7;2477
11;2025-12-23;8;3255
11;2025-12-23;9;2490
11;2025-12-23;10;2018
11;2025-12-23;11;1968
11;2025-12-23;12;1989
11;2025-12-23;13;2058
11;2025-12-23;14;2097
11;2025-12-23;15;2059
11;2025-12-23;16;2263
11;2025-12-23;17;2862
11;2025-12-23;18;3154
11;2025-12-23;19;2329
11;2025-12-23;20;1501
11;2025-12-23;21;858
11;2025-12-23;22;426
11;2025-12-23;23;233
11;2025-12-24;0;60
11;2025-12-24;1;1
11;2025-12-24;2;0
11;2025-12-24;3;0
11;2025-12-24;4;3
11;2025-12-24;5;280
11;2025-12-24;6;1348
11;2025-12-24;7;2476
11;2025-12-24;8;3244
11;2025-12-24;9;2490
11;2025-12-24;10;2024
11;2025-12-24;11;1974
11;2025-12-24;12;1968
11;2025-12-24;13;2036
11;2025-12-24;14;2104
11;2025-12-24;15;2037
11;2025-12-24;16;2264
11;2025-12-24;17;2862
11;2025-12-24;18;3120
11;2025-12-24;19;2322
11;2025-12-24;20;1500
11;2025-12-24;21;852
11;2025-12-24;22;423
11;2025-12-24;23;238
11;2025-12-25;0;60
11;2025-12-25;1;1
11;2025-12-25;2;0
11;2025-12-25;3;0
11;2025-12-25;4;3
11;2025-12-25;5;278
11;2025-12-25;6;1346
11;2025-12-25;7;2458
11;2025-12-25;8;3229
11;2025-12-25;9;2465
11;2025-12-25;10;2003
11;2025-12-25;11;1950
11;2025-12-25;12;1979
11;2025-12-25;13;2046
11;2025-12-25;14;2086
11;2025-12-25;15;2044
11;2025-12-25;16;2271
11;2025-12-25;17;2814
11;2025-12-25;18;3071
11;2025-12-25;19;2300
11;2025-12-25;20;1493
11;2025-12-25;21;849
11;2025-12-25;22;426
11;2025-12-25;23;245
11;2025-12-26;0;66
11;2025-12-26;1;2
11;2025-12-26;2;0
11;2025-12-26;3;0
11;2025-12-26;4;3
11;2025-12-26;5;255
11;2025-12-26;6;1327
11;2025-12-26;7;2325
11;2025-12-26;8;3085
11;2025-12-26;9;2252
11;2025-12-26;10;1861
11;2025-12-26;11;1773
11;2025-12-26;12;1860
11;2025-12-26;13;1918
11;2025-12-26;14;2019
11;2025-12-26;15;2120
11;2025-12-26;16;2320
11;2025-12-26;17;2723
11;2025-12-26;18;2465
11;2025-12-26;19;1965
11;2025-12-26;20;1377
11;2025-12-26;21;832
11;2025-12-26;22;390
11;2025-12-26;23;305
11;2025-12-27;0;103
11;2025-12-27;1;2
11;2025-12-27;2;0
11;2025-12-27;3;0
11;2025-12-27;4;2
11;2025-12-27;5;179
11;2025-12-27;6;768
11;2025-12-27;7;781
11;2025-12-27;8;1009
11;2025-12-27;9;1126
11;2025-12-27;10;1332
11;2025-12-27;11;1646
11;2025-12-27;12;1828
11;2025-12-27;13;1767
11;2025-12-27;14;1896
11;2025-12-27;15;1840
11;2025-12-27;16;1769
11;2025-12-27;17;1813
11;2025-12-27;18;1518
11;2025-12-27;19;1437
11;2025-12-27;20;1003
11;2025-12-27;21;694
11;2025-12-27;22;400
11;2025-12-27;23;281
11;2025-12-28;0;101
11;2025-12-28;1;10
11;2025-12-28;2;0
11;2025-12-28;3;0
11;2025-12-28;4;1
11;2025-12-28;5;105
11;2025-12-28;6;434
11;2025-12-28;7;436
11;2025-12-28;8;612
11;2025-12-28;9;808
11;2025-12-28;10;956
11;2025-12-28;11;1246
11;2025-12-28;12;1408
11;2025-12-28;13;1365
11;2025-12-28;14;1450
11;2025-12-28;15;1426
11;2025-12-28;16;1502
11;2025-12-28;17;1577
11;2025-12-28;18;1232
11;2025-12-28;19;992
11;2025-12-28;20;792
11;2025-12-28;21;543
11;2025-12-28;22;324
11;2025-12-28;23;219
11;2025-12-29;0;66
11;2025-12-29;1;7
11;2025-12-29;2;0
11;2025-12-29;3;0
11;2025-12-29;4;3
11;2025-12-29;5;256
11;2025-12-29;6;1270
11;2025-12-29;7;2236
11;2025-12-29;8;2897
11;2025-12-29;9;2217
11;2025-12-29;10;1716
11;2025-12-29;11;1694
11;2025-12-29;12;1661
11;2025-12-29;13;1747
11;2025-12-29;14;1809
11;2025-12-29;15;1924
11;2025-12-29;16;2088
11;2025-12-29;17;2621
11;2025-12-29;18;2794
11;2025-12-29;19;2075
11;2025-12-29;20;1245
11;2025-12-29;21;754
11;2025-12-29;22;349
11;2025-12-29;23;200
11;2025-12-30;0;55
11;2025-12-30;1;1
11;2025-12-30;2;0
11;2025-12-30;3;0
11;2025-12-30;4;2
11;2025-12-30;5;248
11;2025-12-30;6;1238
11;2025-12-30;7;2277
11;2025-12-30;8;2962
11;2025-12-30;9;2267
11;2025-12-30;10;1828
11;2025-12-30;11;1776
11;2025-12-30;12;1792
11;2025-12-30;13;1847
11;2025-12-30;14;1898
11;2025-12-30;15;1883
11;2025-12-30;16;2073
11;2025-12-30;17;2607
11;2025-12-30;18;2879
11;2025-12-30;19;2131
11;2025-12-30;20;1375
11;2025-12-30;21;783
11;2025-12-30;22;386
11;2025-12-30;23;207
11;2025-12-31;0;83
11;2025-12-31;1;10
11;2025-12-31;2;0
11;2025-12-31;3;0
11;2025-12-31;4;2
11;2025-12-31;5;44
11;2025-12-31;6;344
11;2025-12-31;7;341
11;2025-12-31;8;491
11;2025-12-31;9;649
11;2025-12-31;10;740
11;2025-12-31;11;1040
11;2025-12-31;12;1184
11;2025-12-31;13;1095
11;2025-12-31;14;1167
11;2025-12-31;15;1165
11;2025-12-31;16;1222
11;2025-12-31;17;1301
11;2025-12-31;18;1004
11;2025-12-31;19;830
11;2025-12-31;20;716
11;2025-12-31;21;470
11;2025-12-31;22;259
11;2025-12-31;23;151
12;2025-11-01;0;52
12;2025-11-01;1;1
12;2025-11-01;2;0
12;2025-11-01;3;0
12;2025-11-01;4;5
12;2025-11-01;5;311
12;2025-11-01;6;1305
12;2025-11-01;7;2499
12;2025-11-01;8;3144
12;2025-11-01;9;2325
12;2025-11-01;10;1809
12;2025-11-01;11;1840
12;2025-11-01;12;1894
12;2025-11-01;13;2028
12;2025-11-01;14;1917
12;2025-11-01;15;2213
12;2025-11-01;16;2659
12;2025-11-01;17;2715
12;2025-11-01;18;2460
12;2025-11-01;19;2084
12;2025-11-01;20;1346
12;2025-11-01;21;878
12;2025-11-01;22;456
12;2025-11-01;23;285
12;2025-11-02;0;84
12;2025-11-02;1;5
12;2025-11-02;2;0
12;2025-11-02;3;0
12;2025-11-02;4;3
12;2025-11-02;5;147
12;2025-11-02;6;515
12;2025-11-02;7;651
12;2025-11-02;8;716
12;2025-11-02;9;931
12;2025-11-02;10;1140
12;2025-11-02;11;1304
12;2025-11-02;12;1393
12;2025-11-02;13;1503
12;2025-11-02;14;1463
12;2025-11-02;15;1497
12;2025-11-02;16;1497
12;2025-11-02;17;1491
12;2025-11-02;18;1309
12;2025-11-02;19;1035
12;2025-11-02;20;807
12;2025-11-02;21;598
12;2025-11-02;22;382
12;2025-11-02;23;208
12;2025-11-03;0;75
12;2025-11-03;1;4
12;2025-11-03;2;0
12;2025-11-03;3;0
12;2025-11-03;4;3
12;2025-11-03;5;167
12;2025-11-03;6;552
12;2025-11-03;7;692
12;2025-11-03;8;748
12;2025-11-03;9;902
12;2025-11-03;10;1100
12;2025-11-03;11;1204
12;2025-11-03;12;1252
12;2025-11-03;13;1373
12;2025-11-03;14;1283
12;2025-11-03;15;1348
12;2025-11-03;16;1436
12;2025-11-03;17;1432
12;2025-11-03;18;1307
12;2025-11-03;19;1074
12;2025-11-03;20;857
12;2025-11-03;21;636
12;2025-11-03;22;413
12;2025-11-03;23;236
12;2025-11-04;0;73
12;2025-11-04;1;4
12;2025-11-04;2;0
12;2025-11-04;3;0
12;2025-11-04;4;3
12;2025-11-04;5;172
12;2025-11-04;6;555
12;2025-11-04;7;687
12;2025-11-04;8;726
12;2025-11-04;9;869
12;2025-11-04;10;1053
12;2025-11-04;11;1179
12;2025-11-04;12;1211
12;2025-11-04;13;1344
12;2025-11-04;14;1379
12;2025-11-04;15;1424
12;2025-11-04;16;1430
12;2025-11-04;17;1422
12;2025-11-04;18;1300
12;2025-11-04;19;1062
12;2025-11-04;20;847
12;2025-11-04;21;629
12;2025-11-04;22;404
12;2025-11-04;23;229
12;2025-11-05;0;54
12;2025-11-05;1;1
12;2025-11-05;2;0
12;2025-11-05;3;0
12;2025-11-05;4;6
12;2025-11-05;5;342
12;2025-11-05;6;1446
12;2025-11-05;7;2770
12;2025-11-05;8;3698
12;2025-11-05;9;2610
12;2025-11-05;10;2152
12;2025-11-05;11;2093
12;2025-11-05;12;2105
12;2025-11-05;13;2111
12;2025-11-05;14;2073
12;2025-11-05;15;2299
12;2025-11-05;16;2768
12;2025-11-05;17;3131
12;2025-11-05;18;3261
12;2025-11-05;19;2465
12;2025-11-05;20;1564
12;2025-11-05;21;974
12;2025-11-05;22;496
12;2025-11-05;23;262
12;2025-11-06;0;55
12;2025-11-06;1;1
12;2025-11-06;2;0
12;2025-11-06;3;0
12;2025-11-06;4;6
12;2025-11-06;5;343
12;2025-11-06;6;1452
12;2025-11-06;7;2768
12;2025-11-06;8;3674
12;2025-11-06;9;2608
12;2025-11-06;10;2156
12;2025-11-06;11;2067
12;2025-11-06;12;2109
12;2025-11-06;13;2119
12;2025-11-06;14;2078
12;2025-11-06;15;2292
12;2025-11-06;16;2768
12;2025-11-06;17;3133
12;2025-11-06;18;3260
12;2025-11-06;19;2466
12;2025-11-06;20;1558
12;2025-11-06;21;977
12;2025-11-06;22;498
12;2025-11-06;23;269
12;2025-11-07;0;58
12;2025-11-07;1;1
12;2025-11-07;2;0
12;2025-11-07;3;0
12;2025-11-07;4;5
12;2025-11-07;5;359
12;2025-11-07;6;1459
12;2025-11-07;7;2777
12;2025-11-07;8;3477
12;2025-11-07;9;2570
12;2025-11-07;10;1988
12;2025-11-07;11;2023
12;2025-11-07;12;2074
12;2025-11-07;13;2238
12;2025-11-07;14;2102
12;2025-11-07;15;2437
12;2025-11-07;16;2957
12;2025-11-07;17;3013
12;2025-11-07;18;2719
12;2025-11-07;19;2303
12;2025-11-07;20;1486
12;2025-11-07;21;983
12;2025-11-07;22;514
12;2025-11-07;23;321
12;2025-11-08;0;79
12;2025-11-08;1;3
12;2025-11-08;2;0
12;2025-11-08;3;0
12;2025-11-08;4;2
12;2025-11-08;5;246
12;2025-11-08;6;785
12;2025-11-08;7;914
12;2025-11-08;8;1030
12;2025-11-08;9;1248
12;2025-11-08;10;1430
12;2025-11-08;11;1499
12;2025-11-08;12;1556
12;2025-11-08;13;1716
12;2025-11-08;14;1613
12;2025-11-08;15;1612
12;2025-11-08;16;1702
12;2025-11-08;17;1663
12;2025-11-08;18;1561
12;2025-11-08;19;1400
12;2025-11-08;20;942
12;2025-11-08;21;755
12;2025-11-08;22;428
12;2025-11-08;23;292
12;2025-11-09;0;84
12;2025-11-09;1;5
12;2025-11-09;2;0
12;2025-11-09;3;0
12;2025-11-09;4;3
12;2025-11-09;5;172
12;2025-11-09;6;549
12;2025-11-09;7;684
12;2025-11-09;8;745
12;2025-11-09;9;942
12;2025-11-09;10;1144
12;2025-11-09;11;1301
12;2025-11-09;12;1410
12;2025-11-09;13;1567
12;2025-11-09;14;1457
12;2025-11-09;15;1507
12;2025-11-09;16;1521
12;2025-11-09;17;1520
12;2025-11-09;18;1325
12;2025-11-09;19;1040
12;2025-11-09;20;810
12;2025-11-09;21;601
12;2025-11-09;22;382
12;2025-11-09;23;208
12;2025-11-10;0;56
12;2025-11-10;1;3
12;2025-11-10;2;0
12;2025-11-10;3;0
12;2025-11-10;4;6
12;2025-11-10;5;327
12;2025-11-10;6;1451
12;2025-11-10;7;2753
12;2025-11-10;8;3654
12;2025-11-10;9;2580
12;2025-11-10;10;1972
12;2025-11-10;11;1937
12;2025-11-10;12;2054
12;2025-11-10;13;2011
12;2025-11-10;14;2024
12;2025-11-10;15;2289
12;2025-11-10;16;2789
12;2025-11-10;17;3091
12;2025-11-10;18;3281
12;2025-11-10;19;2473
12;2025-11-10;20;1632
12;2025-11-10;21;969
12;2025-11-10;22;462
12;2025-11-10;23;235
12;2025-11-11;0;54
12;2025-11-11;1;1
12;2025-11-11;2;0
12;2025-11-11;3;0
12;2025-11-11;4;7
12;2025-11-11;5;339
12;2025-11-11;6;1446
12;2025-11-11;7;2776
12;2025-11-11;8;3726
12;2025-11-11;9;2608
12;2025-11-11;10;2151
12;2025-11-11;11;2093
12;2025-11-11;12;2108
12;2025-11-11;13;2113
12;2025-11-11;14;2071
12;2025-11-11;15;2306
12;2025-11-11;16;2769
12;2025-11-11;17;3134
12;2025-11-11;18;3273
12;2025-11-11;19;2468
12;2025-11-11;20;1560
12;2025-11-11;21;969
12;2025-11-11;22;490
12;2025-11-11;23;251
12;2025-11-12;0;54
12;2025-11-12;1;1
12;2025-11-12;2;0
12;2025-11-12;3;0
12;2025-11-12;4;6
12;2025-11-12;5;338
12;2025-11-12;6;1445
12;2025-11-12;7;2773
12;2025-11-12;8;3717
12;2025-11-12;9;2608
12;2025-11-12;10;2150
12;2025-11-12;11;2089
12;2025-11-12;12;2106
12;2025-11-12;13;2101
12;2025-11-12;14;2064
12;2025-11-12;15;2295
12;2025-11-12;16;2769
12;2025-11-12;17;3134
12;2025-11-12;18;3259
12;2025-11-12;19;2467
12;2025-11-12;20;1563
12;2025-11-12;21;973
12;2025-11-12;22;496
12;2025-11-12;23;261
12;2025-11-13;0;55
12;2025-11-13;1;1
12;2025-11-13;2;0
12;2025-11-13;3;0
12;2025-11-13;4;7
12;2025-11-13;5;339
12;2025-11-13;6;1453
12;2025-11-13;7;2772
12;2025-11-13;8;3714
12;2025-11-13;9;2611
12;2025-11-13;10;2153
12;2025-11-13;11;2094
12;2025-11-13;12;2112
12;2025-11-13;13;2115
12;2025-11-13;14;2072
12;2025-11-13;15;2307
12;2025-11-13;16;2771
12;2025-11-13;17;3131
12;2025-11-13;18;3261
12;2025-11-13;19;2465
12;2025-11-13;20;1565
12;2025-11-13;21;975
12;2025-11-13;22;497
12;2025-11-13;23;268
12;2025-11-14;0;58
12;2025-11-14;1;2
12;2025-11-14;2;0
12;2025-11-14;3;0
12;2025-11-14;4;5
12;2025-11-14;5;340
12;2025-11-14;6;1445
12;2025-11-14;7;2778
12;2025-11-14;8;3500
12;2025-11-14;9;2582
12;2025-11-14;10;2001
12;2025-11-14;11;2034
12;2025-11-14;12;2096
12;2025-11-14;13;2253
12;2025-11-14;14;2118
12;2025-11-14;15;2453
12;2025-11-14;16;2954
12;2025-11-14;17;3010
12;2025-11-14;18;2716
12;2025-11-14;19;2300
12;2025-11-14;20;1479
12;2025-11-14;21;966
12;2025-11-14;22;500
12;2025-11-14;23;315
12;2025-11-15;0;77
12;2025-11-15;1;2
12;2025-11-15;2;0
12;2025-11-15;3;0
12;2025-11-15;4;2
12;2025-11-15;5;222
12;2025-11-15;6;748
12;2025-11-15;7;888
12;2025-11-15;8;964
12;2025-11-15;9;1107
12;2025-11-15;10;1218
12;2025-11-15;11;1232
12;2025-11-15;12;1339
12;2025-11-15;13;1673
12;2025-11-15;14;1648
12;2025-11-15;15;1635
12;2025-11-15;16;1722
12;2025-11-15;17;1683
12;2025-11-15;18;1565
12;2025-11-15;19;1395
12;2025-11-15;20;936
12;2025-11-15;21;748
12;2025-11-15;22;420
12;2025-11-15;23;287
12;2025-11-16;0;84
12;2025-11-16;1;5
12;2025-11-16;2;0
12;2025-11-16;3;0
12;2025-11-16;4;3
12;2025-11-16;5;123
12;2025-11-16;6;490
12;2025-11-16;7;626
12;2025-11-16;8;674
12;2025-11-16;9;886
12;2025-11-16;10;1094
12;2025-11-16;11;1296
12;2025-11-16;12;1396
12;2025-11-16;13;1555
12;2025-11-16;14;1460
12;2025-11-16;15;1486
12;2025-11-16;16;1483
12;2025-11-16;17;1480
12;2025-11-16;18;1291
12;2025-11-16;19;1009
12;2025-11-16;20;783
12;2025-11-16;21;574
12;2025-11-16;22;370
12;2025-11-16;23;203
12;2025-11-17;0;57
12;2025-11-17;1;3
12;2025-11-17;2;0
12;2025-11-17;3;0
12;2025-11-17;4;6
12;2025-11-17;5;322
12;2025-11-17;6;1446
12;2025-11-17;7;2740
12;2025-11-17;8;3633
12;2025-11-17;9;2571
12;2025-11-17;10;1973
12;2025-11-17;11;1930
12;2025-11-17;12;2045
12;2025-11-17;13;1963
12;2025-11-17;14;1995
12;2025-11-17;15;2256
12;2025-11-17;16;2782
12;2025-11-17;17;3084
12;2025-11-17;18;3280
12;2025-11-17;19;2472
12;2025-11-17;20;1630
12;2025-11-17;21;973
12;2025-11-17;22;462
12;2025-11-17;23;235
12;2025-11-18;0;54
12;2025-11-18;1;1
12;2025-11-18;2;0
12;2025-11-18;3;0
12;2025-11-18;4;7
12;2025-11-18;5;327
12;2025-11-18;6;1455
12;2025-11-18;7;2773
12;2025-11-18;8;3690
12;2025-11-18;9;2583
12;2025-11-18;10;2086
12;2025-11-18;11;2042
12;2025-11-18;12;2058
12;2025-11-18;13;2063
12;2025-11-18;14;2026
12;2025-11-18;15;2278
12;2025-11-18;16;2769
12;2025-11-18;17;3134
12;2025-11-18;18;3260
12;2025-11-18;19;2474
12;2025-11-18;20;1559
12;2025-11-18;21;968
12;2025-11-18;22;489
12;2025-11-18;23;251
12;2025-11-19;0;54
12;2025-11-19;1;1
12;2025-11-19;2;0
12;2025-11-19;3;0
12;2025-11-19;4;6
12;2025-11-19;5;338
12;2025-11-19;6;1444
12;2025-11-19;7;2772
12;2025-11-19;8;3698
12;2025-11-19;9;2607
12;2025-11-19;10;2149
12;2025-11-19;11;2089
12;2025-11-19;12;2103
12;2025-11-19;13;2113
12;2025-11-19;14;2070
12;2025-11-19;15;2305
12;2025-11-19;16;2769
12;2025-11-19;17;3132
12;2025-11-19;18;3270
12;2025-11-19;19;2467
12;2025-11-19;20;1564
12;2025-11-19;21;973
12;2025-11-19;22;497
12;2025-11-19;23;259
12;2025-11-20;0;55
12;2025-11-20;1;1
12;2025-11-20;2;0
12;2025-11-20;3;0
12;2025-11-20;4;6
12;2025-11-20;5;336
12;2025-11-20;6;1442
12;2025-11-20;7;2770
12;2025-11-20;8;3695
12;2025-11-20;9;2608
12;2025-11-20;10;2149
12;2025-11-20;11;2089
12;2025-11-20;12;2106
12;2025-11-20;13;2116
12;2025-11-20;14;2074
12;2025-11-20;15;2308
12;2025-11-20;16;2772
12;2025-11-20;17;3132
12;2025-11-20;18;3269
12;2025-11-20;19;2459
12;2025-11-20;20;1559
12;2025-11-20;21;970
12;2025-11-20;22;494
12;2025-11-20;23;264
12;2025-11-21;0;58
12;2025-11-21;1;1
12;2025-11-21;2;0
12;2025-11-21;3;0
12;2025-11-21;4;5
12;2025-11-21;5;346
12;2025-11-21;6;1445
12;2025-11-21;7;2767
12;2025-11-21;8;3483
12;2025-11-21;9;2579
12;2025-11-21;10;1992
12;2025-11-21;11;2026
12;2025-11-21;12;2067
12;2025-11-21;13;2253
12;2025-11-21;14;2115
12;2025-11-21;15;2446
12;2025-11-21;16;2955
12;2025-11-21;17;3011
12;2025-11-21;18;2716
12;2025-11-21;19;2300
12;2025-11-21;20;1483
12;2025-11-21;21;974
12;2025-11-21;22;509
12;2025-11-21;23;319
12;2025-11-22;0;80
12;2025-11-22;1;3
12;2025-11-22;2;0
12;2025-11-22;3;0
12;2025-11-22;4;2
12;2025-11-22;5;223
12;2025-11-22;6;748
12;2025-11-22;7;885
12;2025-11-22;8;1018
12;2025-11-22;9;1179
12;2025-11-22;10;1441
12;2025-11-22;11;1528
12;2025-11-22;12;1592
12;2025-11-22;13;1753
12;2025-11-22;14;1648
12;2025-11-22;15;1636
12;2025-11-22;16;1721
12;2025-11-22;17;1682
12;2025-11-22;18;1567
12;2025-11-22;19;1396
12;2025-11-22;20;940
12;2025-11-22;21;729
12;2025-11-22;22;411
12;2025-11-22;23;286
12;2025-11-23;0;83
12;2025-11-23;1;5
12;2025-11-23;2;0
12;2025-11-23;3;0
12;2025-11-23;4;2
12;2025-11-23;5;137
12;2025-11-23;6;499
12;2025-11-23;7;636
12;2025-11-23;8;707
12;2025-11-23;9;915
12;2025-11-23;10;1122
12;2025-11-23;11;1305
12;2025-11-23;12;1413
12;2025-11-23;13;1574
12;2025-11-23;14;1476
12;2025-11-23;15;1504
12;2025-11-23;16;1504
12;2025-11-23;17;1499
12;2025-11-23;18;1295
12;2025-11-23;19;1013
12;2025-11-23;20;792
12;2025-11-23;21;580
12;2025-11-23;22;375
12;2025-11-23;23;202
12;2025-11-24;0;57
12;2025-11-24;1;3
12;2025-11-24;2;0
12;2025-11-24;3;0
12;2025-11-24;4;6
12;2025-11-24;5;321
12;2025-11-24;6;1453
12;2025-11-24;7;2765
12;2025-11-24;8;3649
12;2025-11-24;9;2591
12;2025-11-24;10;1951
12;2025-11-24;11;1909
12;2025-11-24;12;2047
12;2025-11-24;13;2005
12;2025-11-24;14;2006
12;2025-11-24;15;2251
12;2025-11-24;16;2789
12;2025-11-24;17;3090
12;2025-11-24;18;3280
12;2025-11-24;19;2472
12;2025-11-24;20;1632
12;2025-11-24;21;967
12;2025-11-24;22;462
12;2025-11-24;23;235
12;2025-11-25;0;54
12;2025-11-25;1;1
12;2025-11-25;2;0
12;2025-11-25;3;0
12;2025-11-25;4;6
12;2025-11-25;5;338
12;2025-11-25;6;1444
12;2025-11-25;7;2774
12;2025-11-25;8;3712
12;2025-11-25;9;2608
12;2025-11-25;10;2150
12;2025-11-25;11;2088
12;2025-11-25;12;2104
12;2025-11-25;13;2113
12;2025-11-25;14;2070
12;2025-11-25;15;2306
12;2025-11-25;16;2769
12;2025-11-25;17;3133
12;2025-11-25;18;3273
12;2025-11-25;19;2468
12;2025-11-25;20;1560
12;2025-11-25;21;969
12;2025-11-25;22;490
12;2025-11-25;23;252
12;2025-11-26;0;54
12;2025-11-26;1;2
12;2025-11-26;2;0
12;2025-11-26;3;0
12;2025-11-26;4;6
12;2025-11-26;5;350
12;2025-11-26;6;1464
12;2025-11-26;7;2792
12;2025-11-26;8;3705
12;2025-11-26;9;2627
12;2025-11-26;10;2149
12;2025-11-26;11;2077
12;2025-11-26;12;2090
12;2025-11-26;13;2105
12;2025-11-26;14;2061
12;2025-11-26;15;2292
12;2025-11-26;16;2755
12;2025-11-26;17;3123
12;2025-11-26;18;3257
12;2025-11-26;19;2468
12;2025-11-26;20;1562
12;2025-11-26;21;971
12;2025-11-26;22;495
12;2025-11-26;23;259
12;2025-11-27;0;55
12;2025-11-27;1;1
12;2025-11-27;2;0
12;2025-11-27;3;0
12;2025-11-27;4;7
12;2025-11-27;5;339
12;2025-11-27;6;1445
12;2025-11-27;7;2773
12;2025-11-27;8;3716
12;2025-11-27;9;2611
12;2025-11-27;10;2153
12;2025-11-27;11;2082
12;2025-11-27;12;2095
12;2025-11-27;13;2105
12;2025-11-27;14;2046
12;2025-11-27;15;2310
12;2025-11-27;16;2774
12;2025-11-27;17;3111
12;2025-11-27;18;3226
12;2025-11-27;19;2461
12;2025-11-27;20;1563
12;2025-11-27;21;971
12;2025-11-27;22;493
12;2025-11-27;23;262
12;2025-11-28;0;56
12;2025-11-28;1;1
12;2025-11-28;2;0
12;2025-11-28;3;0
12;2025-11-28;4;5
12;2025-11-28;5;339
12;2025-11-28;6;1446
12;2025-11-28;7;2778
12;2025-11-28;8;3503
12;2025-11-28;9;2579
12;2025-11-28;10;1993
12;2025-11-28;11;2027
12;2025-11-28;12;2089
12;2025-11-28;13;2256
12;2025-11-28;14;2121
12;2025-11-28;15;2452
12;2025-11-28;16;2956
12;2025-11-28;17;3011
12;2025-11-28;18;2712
12;2025-11-28;19;2298
12;2025-11-28;20;1479
12;2025-11-28;21;971
12;2025-11-28;22;508
12;2025-11-28;23;318
12;2025-11-29;0;80
12;2025-11-29;1;3
12;2025-11-29;2;0
12;2025-11-29;3;0
12;2025-11-29;4;2
12;2025-11-29;5;223
12;2025-11-29;6;764
12;2025-11-29;7;904
12;2025-11-29;8;1026
12;2025-11-29;9;1256
12;2025-11-29;10;1441
12;2025-11-29;11;1528
12;2025-11-29;12;1593
12;2025-11-29;13;1752
12;2025-11-29;14;1647
12;2025-11-29;15;1636
12;2025-11-29;16;1722
12;2025-11-29;17;1682
12;2025-11-29;18;1565
12;2025-11-29;19;1395
12;2025-11-29;20;940
12;2025-11-29;21;753
12;2025-11-29;22;427
12;2025-11-29;23;291
12;2025-11-30;0;84
12;2025-11-30;1;5
12;2025-11-30;2;0
12;2025-11-30;3;0
12;2025-11-30;4;2
12;2025-11-30;5;142
12;2025-11-30;6;501
12;2025-11-30;7;640
12;2025-11-30;8;707
12;2025-11-30;9;915
12;2025-11-30;10;1121
12;2025-11-30;11;1304
12;2025-11-30;12;1412
12;2025-11-30;13;1576
12;2025-11-30;14;1482
12;2025-11-30;15;1512
12;2025-11-30;16;1511
12;2025-11-30;17;1510
12;2025-11-30;18;1317
12;2025-11-30;19;1032
12;2025-11-30;20;803
12;2025-11-30;21;601
12;2025-11-30;22;381
12;2025-11-30;23;207
12;2025-12-01;0;57
12;2025-12-01;1;3
12;2025-12-01;2;0
12;2025-12-01;3;0
12;2025-12-01;4;6
12;2025-12-01;5;329
12;2025-12-01;6;1460
12;2025-12-01;7;2765
12;2025-12-01;8;3656
12;2025-12-01;9;2583
12;2025-12-01;10;1977
12;2025-12-01;11;1939
12;2025-12-01;12;2057
12;2025-12-01;13;2015
12;2025-12-01;14;2028
12;2025-12-01;15;2292
12;2025-12-01;16;2793
12;2025-12-01;17;3095
12;2025-12-01;18;3285
12;2025-12-01;19;2477
12;2025-12-01;20;1634
12;2025-12-01;21;970
12;2025-12-01;22;463
12;2025-12-01;23;236
12;2025-12-02;0;54
12;2025-12-02;1;1
12;2025-12-02;2;0
12;2025-12-02;3;0
12;2025-12-02;4;6
12;2025-12-02;5;339
12;2025-12-02;6;1448
12;2025-12-02;7;2781
12;2025-12-02;8;3720
12;2025-12-02;9;2613
12;2025-12-02;10;2154
12;2025-12-02;11;2094
12;2025-12-02;12;2108
12;2025-12-02;13;2117
12;2025-12-02;14;2075
12;2025-12-02;15;2310
12;2025-12-02;16;2775
12;2025-12-02;17;3139
12;2025-12-02;18;3280
12;2025-12-02;19;2473
12;2025-12-02;20;1563
12;2025-12-02;21;972
12;2025-12-02;22;491
12;2025-12-02;23;252
12;2025-12-03;0;54
12;2025-12-03;1;1
12;2025-12-03;2;0
12;2025-12-03;3;0
12;2025-12-03;4;6
12;2025-12-03;5;338
12;2025-12-03;6;1447
12;2025-12-03;7;2778
12;2025-12-03;8;3705
12;2025-12-03;9;2612
12;2025-12-03;10;2153
12;2025-12-03;11;2093
12;2025-12-03;12;2108
12;2025-12-03;13;2117
12;2025-12-03;14;2075
12;2025-12-03;15;2310
12;2025-12-03;16;2774
12;2025-12-03;17;3139
12;2025-12-03;18;3277
12;2025-12-03;19;2472
12;2025-12-03;20;1566
12;2025-12-03;21;975
12;2025-12-03;22;498
12;2025-12-03;23;262
12;2025-12-04;0;55
12;2025-12-04;1;1
12;2025-12-04;2;0
12;2025-12-04;3;0
12;2025-12-04;4;6
12;2025-12-04;5;338
12;2025-12-04;6;1447
12;2025-12-04;7;2778
12;2025-12-04;8;3713
12;2025-12-04;9;2613
12;2025-12-04;10;2154
12;2025-12-04;11;2094
12;2025-12-04;12;2112
12;2025-12-04;13;2121
12;2025-12-04;14;2079
12;2025-12-04;15;2314
12;2025-12-04;16;2778
12;2025-12-04;17;3139
12;2025-12-04;18;3277
12;2025-12-04;19;2472
12;2025-12-04;20;1566
12;2025-12-04;21;975
12;2025-12-04;22;498
12;2025-12-04;23;266
12;2025-12-05;0;59
12;2025-12-05;1;2
12;2025-12-05;2;0
12;2025-12-05;3;0
12;2025-12-05;4;5
12;2025-12-05;5;338
12;2025-12-05;6;1446
12;2025-12-05;7;2782
12;2025-12-05;8;3499
12;2025-12-05;9;2584
12;2025-12-05;10;1996
12;2025-12-05;11;2032
12;2025-12-05;12;2093
12;2025-12-05;13;2259
12;2025-12-05;14;2120
12;2025-12-05;15;2451
12;2025-12-05;16;2961
12;2025-12-05;17;3017
12;2025-12-05;18;2718
12;2025-12-05;19;2303
12;2025-12-05;20;1482
12;2025-12-05;21;973
12;2025-12-05;22;509
12;2025-12-05;23;318
12;2025-12-06;0;80
12;2025-12-06;1;3
12;2025-12-06;2;0
12;2025-12-06;3;0
12;2025-12-06;4;2
12;2025-12-06;5;225
12;2025-12-06;6;765
12;2025-12-06;7;905
12;2025-12-06;8;1027
12;2025-12-06;9;1257
12;2025-12-06;10;1442
12;2025-12-06;11;1528
12;2025-12-06;12;1595
12;2025-12-06;13;1758
12;2025-12-06;14;1653
12;2025-12-06;15;1648
12;2025-12-06;16;1730
12;2025-12-06;17;1688
12;2025-12-06;18;1576
12;2025-12-06;19;1397
12;2025-12-06;20;939
12;2025-12-06;21;756
12;2025-12-06;22;427
12;2025-12-06;23;291
12;2025-12-07;0;84
12;2025-12-07;1;5
12;2025-12-07;2;0
12;2025-12-07;3;0
12;2025-12-07;4;2
12;2025-12-07;5;144
12;2025-12-07;6;502
12;2025-12-07;7;639
12;2025-12-07;8;707
12;2025-12-07;9;917
12;2025-12-07;10;1124
12;2025-12-07;11;1307
12;2025-12-07;12;1415
12;2025-12-07;13;1577
12;2025-12-07;14;1479
12;2025-12-07;15;1506
12;2025-12-07;16;1506
12;2025-12-07;17;1504
12;2025-12-07;18;1303
12;2025-12-07;19;1022
12;2025-12-07;20;793
12;2025-12-07;21;584
12;2025-12-07;22;377
12;2025-12-07;23;204
12;2025-12-08;0;57
12;2025-12-08;1;3
12;2025-12-08;2;0
12;2025-12-08;3;0
12;2025-12-08;4;5
12;2025-12-08;5;329
12;2025-12-08;6;1460
12;2025-12-08;7;2765
12;2025-12-08;8;3656
12;2025-12-08;9;2591
12;2025-12-08;10;1977
12;2025-12-08;11;1939
12;2025-12-08;12;2057
12;2025-12-08;13;2014
12;2025-12-08;14;2027
12;2025-12-08;15;2292
12;2025-12-08;16;2793
12;2025-12-08;17;3095
12;2025-12-08;18;3285
12;2025-12-08;19;2477
12;2025-12-08;20;1634
12;2025-12-08;21;970
12;2025-12-08;22;463
12;2025-12-08;23;236
12;2025-12-09;0;54
12;2025-12-09;1;1
12;2025-12-09;2;0
12;2025-12-09;3;0
12;2025-12-09;4;6
12;2025-12-09;5;338
12;2025-12-09;6;1447
12;2025-12-09;7;2779
12;2025-12-09;8;3720
12;2025-12-09;9;2614
12;2025-12-09;10;2153
12;2025-12-09;11;2094
12;2025-12-09;12;2108
12;2025-12-09;13;2117
12;2025-12-09;14;2074
12;2025-12-09;15;2308
12;2025-12-09;16;2772
12;2025-12-09;17;3139
12;2025-12-09;18;3280
12;2025-12-09;19;2474
12;2025-12-09;20;1564
12;2025-12-09;21;972
12;2025-12-09;22;493
12;2025-12-09;23;251
12;2025-12-10;0;54
12;2025-12-10;1;2
12;2025-12-10;2;0
12;2025-12-10;3;0
12;2025-12-10;4;6
12;2025-12-10;5;354
12;2025-12-10;6;1471
12;2025-12-10;7;2797
12;2025-12-10;8;3704
12;2025-12-10;9;2629
12;2025-12-10;10;2154
12;2025-12-10;11;2089
12;2025-12-10;12;2107
12;2025-12-10;13;2117
12;2025-12-10;14;2074
12;2025-12-10;15;2309
12;2025-12-10;16;2774
12;2025-12-10;17;3139
12;2025-12-10;18;3277
12;2025-12-10;19;2472
12;2025-12-10;20;1567
12;2025-12-10;21;975
12;2025-12-10;22;498
12;2025-12-10;23;263
12;2025-12-11;0;55
12;2025-12-11;1;1
12;2025-12-11;2;0
12;2025-12-11;3;0
12;2025-12-11;4;6
12;2025-12-11;5;338
12;2025-12-11;6;1447
12;2025-12-11;7;2778
12;2025-12-11;8;3663
12;2025-12-11;9;2606
12;2025-12-11;10;2146
12;2025-12-11;11;2090
12;2025-12-11;12;2107
12;2025-12-11;13;2112
12;2025-12-11;14;2079
12;2025-12-11;15;2301
12;2025-12-11;16;2775
12;2025-12-11;17;3115
12;2025-12-11;18;3235
12;2025-12-11;19;2467
12;2025-12-11;20;1566
12;2025-12-11;21;974
12;2025-12-11;22;501
12;2025-12-11;23;267
12;2025-12-12;0;59
12;2025-12-12;1;2
12;2025-12-12;2;0
12;2025-12-12;3;0
12;2025-12-12;4;5
12;2025-12-12;5;341
12;2025-12-12;6;1455
12;2025-12-12;7;2783
12;2025-12-12;8;3509
12;2025-12-12;9;2587
12;2025-12-12;10;1989
12;2025-12-12;11;2033
12;2025-12-12;12;2067
12;2025-12-12;13;2201
12;2025-12-12;14;2067
12;2025-12-12;15;2357
12;2025-12-12;16;2877
12;2025-12-12;17;3008
12;2025-12-12;18;2721
12;2025-12-12;19;2297
12;2025-12-12;20;1491
12;2025-12-12;21;980
12;2025-12-12;22;508
12;2025-12-12;23;320
12;2025-12-13;0;80
12;2025-12-13;1;2
12;2025-12-13;2;0
12;2025-12-13;3;0
12;2025-12-13;4;2
12;2025-12-13;5;207
12;2025-12-13;6;742
12;2025-12-13;7;865
12;2025-12-13;8;1003
12;2025-12-13;9;1221
12;2025-12-13;10;1404
12;2025-12-13;11;1493
12;2025-12-13;12;1547
12;2025-12-13;13;1715
12;2025-12-13;14;1613
12;2025-12-13;15;1612
12;2025-12-13;16;1698
12;2025-12-13;17;1657
12;2025-12-13;18;1554
12;2025-12-13;19;1374
12;2025-12-13;20;892
12;2025-12-13;21;708
12;2025-12-13;22;413
12;2025-12-13;23;272
12;2025-12-14;0;84
12;2025-12-14;1;5
12;2025-12-14;2;0
12;2025-12-14;3;0
12;2025-12-14;4;3
12;2025-12-14;5;123
12;2025-12-14;6;474
12;2025-12-14;7;610
12;2025-12-14;8;662
12;2025-12-14;9;882
12;2025-12-14;10;1087
12;2025-12-14;11;1278
12;2025-12-14;12;1380
12;2025-12-14;13;1550
12;2025-12-14;14;1452
12;2025-12-14;15;1491
12;2025-12-14;16;1492
12;2025-12-14;17;1489
12;2025-12-14;18;1300
12;2025-12-14;19;1018
12;2025-12-14;20;787
12;2025-12-14;21;578
12;2025-12-14;22;376
12;2025-12-14;23;205
12;2025-12-15;0;57
12;2025-12-15;1;3
12;2025-12-15;2;0
12;2025-12-15;3;0
12;2025-12-15;4;5
12;2025-12-15;5;296
12;2025-12-15;6;1412
12;2025-12-15;7;2724
12;2025-12-15;8;3611
12;2025-12-15;9;2539
12;2025-12-15;10;1933
12;2025-12-15;11;1873
12;2025-12-15;12;2021
12;2025-12-15;13;1990
12;2025-12-15;14;2002
12;2025-12-15;15;2275
12;2025-12-15;16;2773
12;2025-12-15;17;3076
12;2025-12-15;18;3266
12;2025-12-15;19;2465
12;2025-12-15;20;1620
12;2025-12-15;21;954
12;2025-12-15;22;449
12;2025-12-15;23;227
12;2025-12-16;0;54
12;2025-12-16;1;2
12;2025-12-16;2;0
12;2025-12-16;3;0
12;2025-12-16;4;6
12;2025-12-16;5;332
12;2025-12-16;6;1442
12;2025-12-16;7;2777
12;2025-12-16;8;3717
12;2025-12-16;9;2608
12;2025-12-16;10;2149
12;2025-12-16;11;2090
12;2025-12-16;12;2095
12;2025-12-16;13;2073
12;2025-12-16;14;2066
12;2025-12-16;15;2310
12;2025-12-16;16;2775
12;2025-12-16;17;3140
12;2025-12-16;18;3280
12;2025-12-16;19;2473
12;2025-12-16;20;1561
12;2025-12-16;21;970
12;2025-12-16;22;490
12;2025-12-16;23;251
12;2025-12-17;0;54
12;2025-12-17;1;1
12;2025-12-17;2;0
12;2025-12-17;3;0
12;2025-12-17;4;6
12;2025-12-17;5;339
12;2025-12-17;6;1448
12;2025-12-17;7;2779
12;2025-12-17;8;3715
12;2025-12-17;9;2613
12;2025-12-17;10;2153
12;2025-12-17;11;2093
12;2025-12-17;12;2108
12;2025-12-17;13;2117
12;2025-12-17;14;2075
12;2025-12-17;15;2310
12;2025-12-17;16;2774
12;2025-12-17;17;3139
12;2025-12-17;18;3277
12;2025-12-17;19;2471
12;2025-12-17;20;1566
12;2025-12-17;21;975
12;2025-12-17;22;498
12;2025-12-17;23;263
12;2025-12-18;0;55
12;2025-12-18;1;1
12;2025-12-18;2;0
12;2025-12-18;3;0
12;2025-12-18;4;6
12;2025-12-18;5;337
12;2025-12-18;6;1446
12;2025-12-18;7;2777
12;2025-12-18;8;3703
12;2025-12-18;9;2613
12;2025-12-18;10;2153
12;2025-12-18;11;2093
12;2025-12-18;12;2110
12;2025-12-18;13;2120
12;2025-12-18;14;2078
12;2025-12-18;15;2312
12;2025-12-18;16;2777
12;2025-12-18;17;3138
12;2025-12-18;18;3276
12;2025-12-18;19;2470
12;2025-12-18;20;1564
12;2025-12-18;21;973
12;2025-12-18;22;498
12;2025-12-18;23;266
12;2025-12-19;0;59
12;2025-12-19;1;2
12;2025-12-19;2;0
12;2025-12-19;3;0
12;2025-12-19;4;5
12;2025-12-19;5;338
12;2025-12-19;6;1445
12;2025-12-19;7;2781
12;2025-12-19;8;3490
12;2025-12-19;9;2584
12;2025-12-19;10;1997
12;2025-12-19;11;2031
12;2025-12-19;12;2093
12;2025-12-19;13;2258
12;2025-12-19;14;2119
12;2025-12-19;15;2445
12;2025-12-19;16;2951
12;2025-12-19;17;2999
12;2025-12-19;18;2714
12;2025-12-19;19;2301
12;2025-12-19;20;1486
12;2025-12-19;21;974
12;2025-12-19;22;507
12;2025-12-19;23;318
12;2025-12-20;0;80
12;2025-12-20;1;3
12;2025-12-20;2;0
12;2025-12-20;3;0
12;2025-12-20;4;2
12;2025-12-20;5;224
12;2025-12-20;6;766
12;2025-12-20;7;906
12;2025-12-20;8;1028
12;2025-12-20;9;1258
12;2025-12-20;10;1441
12;2025-12-20;11;1527
12;2025-12-20;12;1596
12;2025-12-20;13;1755
12;2025-12-20;14;1651
12;2025-12-20;15;1639
12;2025-12-20;16;1725
12;2025-12-20;17;1686
12;2025-12-20;18;1568
12;2025-12-20;19;1391
12;2025-12-20;20;938
12;2025-12-20;21;750
12;2025-12-20;22;425
12;2025-12-20;23;290
12;2025-12-21;0;84
12;2025-12-21;1;5
12;2025-12-21;2;0
12;2025-12-21;3;0
12;2025-12-21;4;2
12;2025-12-21;5;143
12;2025-12-21;6;495
12;2025-12-21;7;628
12;2025-12-21;8;707
12;2025-12-21;9;917
12;2025-12-21;10;1124
12;2025-12-21;11;1307
12;2025-12-21;12;1415
12;2025-12-21;13;1576
12;2025-12-21;14;1479
12;2025-12-21;15;1507
12;2025-12-21;16;1506
12;2025-12-21;17;1504
12;2025-12-21;18;1303
12;2025-12-21;19;1023
12;2025-12-21;20;793
12;2025-12-21;21;584
12;2025-12-21;22;366
12;2025-12-21;23;204
12;2025-12-22;0;57
12;2025-12-22;1;2
12;2025-12-22;2;0
12;2025-12-22;3;0
12;2025-12-22;4;5
12;2025-12-22;5;329
12;2025-12-22;6;1460
12;2025-12-22;7;2766
12;2025-12-22;8;3666
12;2025-12-22;9;2605
12;2025-12-22;10;2007
12;2025-12-22;11;1935
12;2025-12-22;12;2053
12;2025-12-22;13;2015
12;2025-12-22;14;2027
12;2025-12-22;15;2282
12;2025-12-22;16;2790
12;2025-12-22;17;3089
12;2025-12-22;18;3266
12;2025-12-22;19;2466
12;2025-12-22;20;1621
12;2025-12-22;21;957
12;2025-12-22;22;452
12;2025-12-22;23;224
12;2025-12-23;0;54
12;2025-12-23;1;2
12;2025-12-23;2;0
12;2025-12-23;3;0
12;2025-12-23;4;6
12;2025-12-23;5;334
12;2025-12-23;6;1438
12;2025-12-23;7;2772
12;2025-12-23;8;3712
12;2025-12-23;9;2603
12;2025-12-23;10;2144
12;2025-12-23;11;2084
12;2025-12-23;12;2097
12;2025-12-23;13;2101
12;2025-12-23;14;2057
12;2025-12-23;15;2291
12;2025-12-23;16;2755
12;2025-12-23;17;3121
12;2025-12-23;18;3258
12;2025-12-23;19;2465
12;2025-12-23;20;1552
12;2025-12-23;21;960
12;2025-12-23;22;480
12;2025-12-23;23;241
12;2025-12-24;0;55
12;2025-12-24;1;2
12;2025-12-24;2;0
12;2025-12-24;3;0
12;2025-12-24;4;6
12;2025-12-24;5;332
12;2025-12-24;6;1440
12;2025-12-24;7;2772
12;2025-12-24;8;3699
12;2025-12-24;9;2607
12;2025-12-24;10;2149
12;2025-12-24;11;2091
12;2025-12-24;12;2072
12;2025-12-24;13;2089
12;2025-12-24;14;2075
12;2025-12-24;15;2288
12;2025-12-24;16;2775
12;2025-12-24;17;3141
12;2025-12-24;18;3257
12;2025-12-24;19;2475
12;2025-12-24;20;1564
12;2025-12-24;21;967
12;2025-12-24;22;492
12;2025-12-24;23;254
12;2025-12-25;0;56
12;2025-12-25;1;1
12;2025-12-25;2;0
12;2025-12-25;3;0
12;2025-12-25;4;6
12;2025-12-25;5;340
12;2025-12-25;6;1455
12;2025-12-25;7;2766
12;2025-12-25;8;3692
12;2025-12-25;9;2601
12;2025-12-25;10;2142
12;2025-12-25;11;2081
12;2025-12-25;12;2098
12;2025-12-25;13;2109
12;2025-12-25;14;2066
12;2025-12-25;15;2296
12;2025-12-25;16;2781
12;2025-12-25;17;3136
12;2025-12-25;18;3242
12;2025-12-25;19;2475
12;2025-12-25;20;1577
12;2025-12-25;21;978
12;2025-12-25;22;501
12;2025-12-25;23;263
12;2025-12-26;0;57
12;2025-12-26;1;1
12;2025-12-26;2;0
12;2025-12-26;3;0
12;2025-12-26;4;5
12;2025-12-26;5;322
12;2025-12-26;6;1460
12;2025-12-26;7;2780
12;2025-12-26;8;3507
12;2025-12-26;9;2558
12;2025-12-26;10;1952
12;2025-12-26;11;1977
12;2025-12-26;12;2029
12;2025-12-26;13;2234
12;2025-12-26;14;2098
12;2025-12-26;15;2427
12;2025-12-26;16;2937
12;2025-12-26;17;3005
12;2025-12-26;18;2726
12;2025-12-26;19;2300
12;2025-12-26;20;1478
12;2025-12-26;21;964
12;2025-12-26;22;498
12;2025-12-26;23;320
12;2025-12-27;0;80
12;2025-12-27;1;3
12;2025-12-27;2;0
12;2025-12-27;3;0
12;2025-12-27;4;2
12;2025-12-27;5;225
12;2025-12-27;6;766
12;2025-12-27;7;907
12;2025-12-27;8;1029
12;2025-12-27;9;1236
12;2025-12-27;10;1444
12;2025-12-27;11;1531
12;2025-12-27;12;1592
12;2025-12-27;13;1751
12;2025-12-27;14;1646
12;2025-12-27;15;1622
12;2025-12-27;16;1708
12;2025-12-27;17;1669
12;2025-12-27;18;1559
12;2025-12-27;19;1381
12;2025-12-27;20;929
12;2025-12-27;21;726
12;2025-12-27;22;404
12;2025-12-27;23;283
12;2025-12-28;0;83
12;2025-12-28;1;5
12;2025-12-28;2;0
12;2025-12-28;3;0
12;2025-12-28;4;2
12;2025-12-28;5;133
12;2025-12-28;6;491
12;2025-12-28;7;620
12;2025-12-28;8;688
12;2025-12-28;9;842
12;2025-12-28;10;1078
12;2025-12-28;11;1148
12;2025-12-28;12;1329
12;2025-12-28;13;1480
12;2025-12-28;14;1383
12;2025-12-28;15;1409
12;2025-12-28;16;1487
12;2025-12-28;17;1483
12;2025-12-28;18;1290
12;2025-12-28;19;1007
12;2025-12-28;20;762
12;2025-12-28;21;559
12;2025-12-28;22;361
12;2025-12-28;23;203
12;2025-12-29;0;53
12;2025-12-29;1;3
12;2025-12-29;2;0
12;2025-12-29;3;0
12;2025-12-29;4;5
12;2025-12-29;5;301
12;2025-12-29;6;1339
12;2025-12-29;7;2548
12;2025-12-29;8;3358
12;2025-12-29;9;2381
12;2025-12-29;10;1807
12;2025-12-29;11;1770
12;2025-12-29;12;1862
12;2025-12-29;13;1831
12;2025-12-29;14;1849
12;2025-12-29;15;2092
12;2025-12-29;16;2562
12;2025-12-29;17;2842
12;2025-12-29;18;3002
12;2025-12-29;19;2293
12;2025-12-29;20;1487
12;2025-12-29;21;875
12;2025-12-29;22;412
12;2025-12-29;23;205
12;2025-12-30;0;51
12;2025-12-30;1;1
12;2025-12-30;2;0
12;2025-12-30;3;0
12;2025-12-30;4;6
12;2025-12-30;5;304
12;2025-12-30;6;1329
12;2025-12-30;7;2570
12;2025-12-30;8;3417
12;2025-12-30;9;2415
12;2025-12-30;10;1975
12;2025-12-30;11;1907
12;2025-12-30;12;1914
12;2025-12-30;13;1913
12;2025-12-30;14;1894
12;2025-12-30;15;2121
12;2025-12-30;16;2552
12;2025-12-30;17;2888
12;2025-12-30;18;3010
12;2025-12-30;19;2290
12;2025-12-30;20;1444
12;2025-12-30;21;886
12;2025-12-30;22;450
12;2025-12-30;23;227
12;2025-12-31;0;70
12;2025-12-31;1;5
12;2025-12-31;2;0
12;2025-12-31;3;0
12;2025-12-31;4;2
12;2025-12-31;5;59
12;2025-12-31;6;376
12;2025-12-31;7;478
12;2025-12-31;8;527
12;2025-12-31;9;656
12;2025-12-31;10;820
12;2025-12-31;11;933
12;2025-12-31;12;1062
12;2025-12-31;13;1144
12;2025-12-31;14;1061
12;2025-12-31;15;1121
12;2025-12-31;16;1195
12;2025-12-31;17;1190
12;2025-12-31;18;1015
12;2025-12-31;19;800
12;2025-12-31;20;661
12;2025-12-31;21;457
12;2025-12-31;22;273
12;2025-12-31;23;128
17;2025-11-01;0;138
17;2025-11-01;1;15
17;2025-11-01;2;0
17;2025-11-01;3;0
17;2025-11-01;4;24
17;2025-11-01;5;305
17;2025-11-01;6;1473
17;2025-11-01;7;3896
17;2025-11-01;8;5040
17;2025-11-01;9;3652
17;2025-11-01;10;2940
17;2025-11-01;11;2976
17;2025-11-01;12;2958
17;2025-11-01;13;3100
17;2025-11-01;14;3184
17;2025-11-01;15;3413
17;2025-11-01;16;3944
17;2025-11-01;17;4480
17;2025-11-01;18;4237
17;2025-11-01;19;3152
17;2025-11-01;20;2285
17;2025-11-01;21;1489
17;2025-11-01;22;757
17;2025-11-01;23;440
17;2025-11-02;0;182
17;2025-11-02;1;24
17;2025-11-02;2;0
17;2025-11-02;3;0
17;2025-11-02;4;3
17;2025-11-02;5;105
17;2025-11-02;6;428
17;2025-11-02;7;835
17;2025-11-02;8;1256
17;2025-11-02;9;1729
17;2025-11-02;10;2015
17;2025-11-02;11;2568
17;2025-11-02;12;2896
17;2025-11-02;13;2995
17;2025-11-02;14;3239
17;2025-11-02;15;3211
17;2025-11-02;16;3127
17;2025-11-02;17;2991
17;2025-11-02;18;2665
17;2025-11-02;19;2146
17;2025-11-02;20;1620
17;2025-11-02;21;1155
17;2025-11-02;22;728
17;2025-11-02;23;323
17;2025-11-03;0;162
17;2025-11-03;1;23
17;2025-11-03;2;0
17;2025-11-03;3;0
17;2025-11-03;4;3
17;2025-11-03;5;124
17;2025-11-03;6;473
17;2025-11-03;7;887
17;2025-11-03;8;1319
17;2025-11-03;9;1678
17;2025-11-03;10;1938
17;2025-11-03;11;2396
17;2025-11-03;12;2642
17;2025-11-03;13;2791
17;2025-11-03;14;2887
17;2025-11-03;15;2876
17;2025-11-03;16;3044
17;2025-11-03;17;2979
17;2025-11-03;18;2730
17;2025-11-03;19;2238
17;2025-11-03;20;1709
17;2025-11-03;21;1230
17;2025-11-03;22;795
17;2025-11-03;23;383
17;2025-11-04;0;165
17;2025-11-04;1;23
17;2025-11-04;2;0
17;2025-11-04;3;0
17;2025-11-04;4;3
17;2025-11-04;5;120
17;2025-11-04;6;471
17;2025-11-04;7;889
17;2025-11-04;8;1278
17;2025-11-04;9;1617
17;2025-11-04;10;1876
17;2025-11-04;11;2369
17;2025-11-04;12;2608
17;2025-11-04;13;2781
17;2025-11-04;14;3117
17;2025-11-04;15;3106
17;2025-11-04;16;3046
17;2025-11-04;17;2974
17;2025-11-04;18;2728
17;2025-11-04;19;2233
17;2025-11-04;20;1701
17;2025-11-04;21;1225
17;2025-11-04;22;787
17;2025-11-04;23;376
17;2025-11-05;0;122
17;2025-11-05;1;11
17;2025-11-05;2;0
17;2025-11-05;3;0
17;2025-11-05;4;26
17;2025-11-05;5;331
17;2025-11-05;6;1581
17;2025-11-05;7;4225
17;2025-11-05;8;5492
17;2025-11-05;9;3952
17;2025-11-05;10;3156
17;2025-11-05;11;3132
17;2025-11-05;12;3140
17;2025-11-05;13;3188
17;2025-11-05;14;3286
17;2025-11-05;15;3423
17;2025-11-05;16;3824
17;2025-11-05;17;4665
17;2025-11-05;18;4966
17;2025-11-05;19;3487
17;2025-11-05;20;2433
17;2025-11-05;21;1519
17;2025-11-05;22;782
17;2025-11-05;23;392
17;2025-11-06;0;126
17;2025-11-06;1;12
17;2025-11-06;2;0
17;2025-11-06;3;0
17;2025-11-06;4;26
17;2025-11-06;5;331
17;2025-11-06;6;1584
17;2025-11-06;7;4228
17;2025-11-06;8;5449
17;2025-11-06;9;3955
17;2025-11-06;10;3166
17;2025-11-06;11;3059
17;2025-11-06;12;3151
17;2025-11-06;13;3207
17;2025-11-06;14;3306
17;2025-11-06;15;3399
17;2025-11-06;16;3811
17;2025-11-06;17;4677
17;2025-11-06;18;4973
17;2025-11-06;19;3484
17;2025-11-06;20;2407
17;2025-11-06;21;1529
17;2025-11-06;22;793
17;2025-11-06;23;405
17;2025-11-07;0;149
17;2025-11-07;1;16
17;2025-11-07;2;0
17;2025-11-07;3;0
17;2025-11-07;4;25
17;2025-11-07;5;326
17;2025-11-07;6;1564
17;2025-11-07;7;4142
17;2025-11-07;8;5305
17;2025-11-07;9;3782
17;2025-11-07;10;3099
17;2025-11-07;11;3146
17;2025-11-07;12;3115
17;2025-11-07;13;3275
17;2025-11-07;14;3366
17;2025-11-07;15;3612
17;2025-11-07;16;4190
17;2025-11-07;17;4758
17;2025-11-07;18;4497
17;2025-11-07;19;3338
17;2025-11-07;20;2420
17;2025-11-07;21;1581
17;2025-11-07;22;806
17;2025-11-07;23;474
17;2025-11-08;0;199
17;2025-11-08;1;25
17;2025-11-08;2;0
17;2025-11-08;3;0
17;2025-11-08;4;5
17;2025-11-08;5;140
17;2025-11-08;6;608
17;2025-11-08;7;1303
17;2025-11-08;8;1768
17;2025-11-08;9;2219
17;2025-11-08;10;2519
17;2025-11-08;11;2962
17;2025-11-08;12;3249
17;2025-11-08;13;3468
17;2025-11-08;14;3489
17;2025-11-08;15;3523
17;2025-11-08;16;3563
17;2025-11-08;17;3356
17;2025-11-08;18;3131
17;2025-11-08;19;2508
17;2025-11-08;20;1919
17;2025-11-08;21;1353
17;2025-11-08;22;854
17;2025-11-08;23;453
17;2025-11-09;0;185
17;2025-11-09;1;24
17;2025-11-09;2;0
17;2025-11-09;3;0
17;2025-11-09;4;3
17;2025-11-09;5;115
17;2025-11-09;6;452
17;2025-11-09;7;873
17;2025-11-09;8;1293
17;2025-11-09;9;1745
17;2025-11-09;10;2019
17;2025-11-09;11;2570
17;2025-11-09;12;2894
17;2025-11-09;13;3099
17;2025-11-09;14;3201
17;2025-11-09;15;3175
17;2025-11-09;16;3110
17;2025-11-09;17;2995
17;2025-11-09;18;2690
17;2025-11-09;19;2156
17;2025-11-09;20;1627
17;2025-11-09;21;1160
17;2025-11-09;22;729
17;2025-11-09;23;324
17;2025-11-10;0;119
17;2025-11-10;1;13
17;2025-11-10;2;0
17;2025-11-10;3;0
17;2025-11-10;4;26
17;2025-11-10;5;323
17;2025-11-10;6;1602
17;2025-11-10;7;4270
17;2025-11-10;8;5549
17;2025-11-10;9;3947
17;2025-11-10;10;3043
17;2025-11-10;11;2981
17;2025-11-10;12;2979
17;2025-11-10;13;3094
17;2025-11-10;14;3109
17;2025-11-10;15;3324
17;2025-11-10;16;3799
17;2025-11-10;17;4494
17;2025-11-10;18;4860
17;2025-11-10;19;3398
17;2025-11-10;20;2326
17;2025-11-10;21;1445
17;2025-11-10;22;707
17;2025-11-10;23;331
17;2025-11-11;0;116
17;2025-11-11;1;11
17;2025-11-11;2;0
17;2025-11-11;3;0
17;2025-11-11;4;26
17;2025-11-11;5;330
17;2025-11-11;6;1581
17;2025-11-11;7;4236
17;2025-11-11;8;5527
17;2025-11-11;9;3954
17;2025-11-11;10;3135
17;2025-11-11;11;3109
17;2025-11-11;12;3123
17;2025-11-11;13;3172
17;2025-11-11;14;3263
17;2025-11-11;15;3409
17;2025-11-11;16;3819
17;2025-11-11;17;4665
17;2025-11-11;18;4985
17;2025-11-11;19;3485
17;2025-11-11;20;2424
17;2025-11-11;21;1512
17;2025-11-11;22;770
17;2025-11-11;23;371
17;2025-11-12;0;120
17;2025-11-12;1;11
17;2025-11-12;2;0
17;2025-11-12;3;0
17;2025-11-12;4;26
17;2025-11-12;5;331
17;2025-11-12;6;1581
17;2025-11-12;7;4232
17;2025-11-12;8;5514
17;2025-11-12;9;3950
17;2025-11-12;10;3124
17;2025-11-12;11;3080
17;2025-11-12;12;3098
17;2025-11-12;13;3154
17;2025-11-12;14;3260
17;2025-11-12;15;3376
17;2025-11-12;16;3822
17;2025-11-12;17;4669
17;2025-11-12;18;4923
17;2025-11-12;19;3484
17;2025-11-12;20;2429
17;2025-11-12;21;1518
17;2025-11-12;22;782
17;2025-11-12;23;390
17;2025-11-13;0;125
17;2025-11-13;1;11
17;2025-11-13;2;0
17;2025-11-13;3;0
17;2025-11-13;4;26
17;2025-11-13;5;330
17;2025-11-13;6;1592
17;2025-11-13;7;4232
17;2025-11-13;8;5501
17;2025-11-13;9;3955
17;2025-11-13;10;3161
17;2025-11-13;11;3132
17;2025-11-13;12;3152
17;2025-11-13;13;3198
17;2025-11-13;14;3291
17;2025-11-13;15;3432
17;2025-11-13;16;3833
17;2025-11-13;17;4666
17;2025-11-13;18;4965
17;2025-11-13;19;3482
17;2025-11-13;20;2433
17;2025-11-13;21;1523
17;2025-11-13;22;786
17;2025-11-13;23;400
17;2025-11-14;0;147
17;2025-11-14;1;16
17;2025-11-14;2;0
17;2025-11-14;3;0
17;2025-11-14;4;25
17;2025-11-14;5;321
17;2025-11-14;6;1557
17;2025-11-14;7;4134
17;2025-11-14;8;5351
17;2025-11-14;9;3864
17;2025-11-14;10;3113
17;2025-11-14;11;3153
17;2025-11-14;12;3129
17;2025-11-14;13;3279
17;2025-11-14;14;3369
17;2025-11-14;15;3615
17;2025-11-14;16;4184
17;2025-11-14;17;4752
17;2025-11-14;18;4486
17;2025-11-14;19;3332
17;2025-11-14;20;2411
17;2025-11-14;21;1560
17;2025-11-14;22;790
17;2025-11-14;23;458
17;2025-11-15;0;193
17;2025-11-15;1;24
17;2025-11-15;2;0
17;2025-11-15;3;0
17;2025-11-15;4;5
17;2025-11-15;5;125
17;2025-11-15;6;572
17;2025-11-15;7;1275
17;2025-11-15;8;1686
17;2025-11-15;9;2024
17;2025-11-15;10;2232
17;2025-11-15;11;2571
17;2025-11-15;12;2888
17;2025-11-15;13;3340
17;2025-11-15;14;3477
17;2025-11-15;15;3503
17;2025-11-15;16;3539
17;2025-11-15;17;3334
17;2025-11-15;18;3107
17;2025-11-15;19;2485
17;2025-11-15;20;1902
17;2025-11-15;21;1337
17;2025-11-15;22;847
17;2025-11-15;23;448
17;2025-11-16;0;179
17;2025-11-16;1;24
17;2025-11-16;2;0
17;2025-11-16;3;0
17;2025-11-16;4;3
17;2025-11-16;5;75
17;2025-11-16;6;419
17;2025-11-16;7;827
17;2025-11-16;8;1221
17;2025-11-16;9;1711
17;2025-11-16;10;1991
17;2025-11-16;11;2559
17;2025-11-16;12;2899
17;2025-11-16;13;3110
17;2025-11-16;14;3212
17;2025-11-16;15;3173
17;2025-11-16;16;3115
17;2025-11-16;17;3007
17;2025-11-16;18;2670
17;2025-11-16;19;2142
17;2025-11-16;20;1615
17;2025-11-16;21;1152
17;2025-11-16;22;731
17;2025-11-16;23;333
17;2025-11-17;0;120
17;2025-11-17;1;13
17;2025-11-17;2;0
17;2025-11-17;3;0
17;2025-11-17;4;27
17;2025-11-17;5;327
17;2025-11-17;6;1604
17;2025-11-17;7;4268
17;2025-11-17;8;5528
17;2025-11-17;9;3947
17;2025-11-17;10;3026
17;2025-11-17;11;2965
17;2025-11-17;12;2929
17;2025-11-17;13;3015
17;2025-11-17;14;3059
17;2025-11-17;15;3238
17;2025-11-17;16;3759
17;2025-11-17;17;4432
17;2025-11-17;18;4861
17;2025-11-17;19;3397
17;2025-11-17;20;2325
17;2025-11-17;21;1432
17;2025-11-17;22;707
17;2025-11-17;23;331
17;2025-11-18;0;116
17;2025-11-18;1;10
17;2025-11-18;2;0
17;2025-11-18;3;0
17;2025-11-18;4;26
17;2025-11-18;5;305
17;2025-11-18;6;1588
17;2025-11-18;7;4242
17;2025-11-18;8;5437
17;2025-11-18;9;3852
17;2025-11-18;10;3021
17;2025-11-18;11;3041
17;2025-11-18;12;3056
17;2025-11-18;13;3098
17;2025-11-18;14;3184
17;2025-11-18;15;3330
17;2025-11-18;16;3817
17;2025-11-18;17;4665
17;2025-11-18;18;4928
17;2025-11-18;19;3453
17;2025-11-18;20;2419
17;2025-11-18;21;1511
17;2025-11-18;22;769
17;2025-11-18;23;369
17;2025-11-19;0;120
17;2025-11-19;1;11
17;2025-11-19;2;0
17;2025-11-19;3;0
17;2025-11-19;4;26
17;2025-11-19;5;331
17;2025-11-19;6;1582
17;2025-11-19;7;4233
17;2025-11-19;8;5494
17;2025-11-19;9;3954
17;2025-11-19;10;3150
17;2025-11-19;11;3122
17;2025-11-19;12;3134
17;2025-11-19;13;3185
17;2025-11-19;14;3274
17;2025-11-19;15;3415
17;2025-11-19;16;3820
17;2025-11-19;17;4667
17;2025-11-19;18;4977
17;2025-11-19;19;3486
17;2025-11-19;20;2432
17;2025-11-19;21;1520
17;2025-11-19;22;785
17;2025-11-19;23;388
17;2025-11-20;0;125
17;2025-11-20;1;12
17;2025-11-20;2;0
17;2025-11-20;3;0
17;2025-11-20;4;26
17;2025-11-20;5;330
17;2025-11-20;6;1580
17;2025-11-20;7;4229
17;2025-11-20;8;5481
17;2025-11-20;9;3955
17;2025-11-20;10;3155
17;2025-11-20;11;3127
17;2025-11-20;12;3144
17;2025-11-20;13;3198
17;2025-11-20;14;3289
17;2025-11-20;15;3431
17;2025-11-20;16;3833
17;2025-11-20;17;4670
17;2025-11-20;18;4973
17;2025-11-20;19;3477
17;2025-11-20;20;2429
17;2025-11-20;21;1519
17;2025-11-20;22;784
17;2025-11-20;23;393
17;2025-11-21;0;146
17;2025-11-21;1;16
17;2025-11-21;2;0
17;2025-11-21;3;0
17;2025-11-21;4;25
17;2025-11-21;5;328
17;2025-11-21;6;1560
17;2025-11-21;7;4097
17;2025-11-21;8;5328
17;2025-11-21;9;3857
17;2025-11-21;10;3101
17;2025-11-21;11;3143
17;2025-11-21;12;3089
17;2025-11-21;13;3273
17;2025-11-21;14;3353
17;2025-11-21;15;3594
17;2025-11-21;16;4179
17;2025-11-21;17;4751
17;2025-11-21;18;4485
17;2025-11-21;19;3335
17;2025-11-21;20;2418
17;2025-11-21;21;1578
17;2025-11-21;22;800
17;2025-11-21;23;464
17;2025-11-22;0;195
17;2025-11-22;1;26
17;2025-11-22;2;0
17;2025-11-22;3;0
17;2025-11-22;4;5
17;2025-11-22;5;127
17;2025-11-22;6;585
17;2025-11-22;7;1305
17;2025-11-22;8;1762
17;2025-11-22;9;2118
17;2025-11-22;10;2516
17;2025-11-22;11;2947
17;2025-11-22;12;3238
17;2025-11-22;13;3459
17;2025-11-22;14;3477
17;2025-11-22;15;3509
17;2025-11-22;16;3544
17;2025-11-22;17;3339
17;2025-11-22;18;3113
17;2025-11-22;19;2488
17;2025-11-22;20;1910
17;2025-11-22;21;1301
17;2025-11-22;22;818
17;2025-11-22;23;435
17;2025-11-23;0;178
17;2025-11-23;1;23
17;2025-11-23;2;0
17;2025-11-23;3;0
17;2025-11-23;4;3
17;2025-11-23;5;92
17;2025-11-23;6;417
17;2025-11-23;7;824
17;2025-11-23;8;1250
17;2025-11-23;9;1719
17;2025-11-23;10;2005
17;2025-11-23;11;2568
17;2025-11-23;12;2905
17;2025-11-23;13;3123
17;2025-11-23;14;3223
17;2025-11-23;15;3191
17;2025-11-23;16;3114
17;2025-11-23;17;2992
17;2025-11-23;18;2668
17;2025-11-23;19;2140
17;2025-11-23;20;1619
17;2025-11-23;21;1150
17;2025-11-23;22;727
17;2025-11-23;23;325
17;2025-11-24;0;120
17;2025-11-24;1;12
17;2025-11-24;2;0
17;2025-11-24;3;0
17;2025-11-24;4;27
17;2025-11-24;5;307
17;2025-11-24;6;1606
17;2025-11-24;7;4251
17;2025-11-24;8;5520
17;2025-11-24;9;3872
17;2025-11-24;10;2979
17;2025-11-24;11;2915
17;2025-11-24;12;2929
17;2025-11-24;13;3082
17;2025-11-24;14;3073
17;2025-11-24;15;3239
17;2025-11-24;16;3797
17;2025-11-24;17;4494
17;2025-11-24;18;4861
17;2025-11-24;19;3400
17;2025-11-24;20;2329
17;2025-11-24;21;1445
17;2025-11-24;22;707
17;2025-11-24;23;329
17;2025-11-25;0;116
17;2025-11-25;1;11
17;2025-11-25;2;0
17;2025-11-25;3;0
17;2025-11-25;4;26
17;2025-11-25;5;332
17;2025-11-25;6;1583
17;2025-11-25;7;4239
17;2025-11-25;8;5509
17;2025-11-25;9;3958
17;2025-11-25;10;3135
17;2025-11-25;11;3104
17;2025-11-25;12;3114
17;2025-11-25;13;3167
17;2025-11-25;14;3255
17;2025-11-25;15;3402
17;2025-11-25;16;3814
17;2025-11-25;17;4665
17;2025-11-25;18;4984
17;2025-11-25;19;3487
17;2025-11-25;20;2425
17;2025-11-25;21;1512
17;2025-11-25;22;771
17;2025-11-25;23;371
17;2025-11-26;0;120
17;2025-11-26;1;11
17;2025-11-26;2;0
17;2025-11-26;3;0
17;2025-11-26;4;26
17;2025-11-26;5;338
17;2025-11-26;6;1597
17;2025-11-26;7;4171
17;2025-11-26;8;5443
17;2025-11-26;9;3880
17;2025-11-26;10;3093
17;2025-11-26;11;3058
17;2025-11-26;12;3083
17;2025-11-26;13;3171
17;2025-11-26;14;3253
17;2025-11-26;15;3370
17;2025-11-26;16;3735
17;2025-11-26;17;4421
17;2025-11-26;18;4922
17;2025-11-26;19;3442
17;2025-11-26;20;2418
17;2025-11-26;21;1503
17;2025-11-26;22;769
17;2025-11-26;23;384
17;2025-11-27;0;124
17;2025-11-27;1;12
17;2025-11-27;2;0
17;2025-11-27;3;0
17;2025-11-27;4;26
17;2025-11-27;5;330
17;2025-11-27;6;1582
17;2025-11-27;7;4232
17;2025-11-27;8;5506
17;2025-11-27;9;3955
17;2025-11-27;10;3161
17;2025-11-27;11;3070
17;2025-11-27;12;3087
17;2025-11-27;13;3161
17;2025-11-27;14;3225
17;2025-11-27;15;3436
17;2025-11-27;16;3838
17;2025-11-27;17;4421
17;2025-11-27;18;4724
17;2025-11-27;19;3431
17;2025-11-27;20;2414
17;2025-11-27;21;1500
17;2025-11-27;22;760
17;2025-11-27;23;374
17;2025-11-28;0;144
17;2025-11-28;1;15
17;2025-11-28;2;0
17;2025-11-28;3;0
17;2025-11-28;4;25
17;2025-11-28;5;321
17;2025-11-28;6;1558
17;2025-11-28;7;4135
17;2025-11-28;8;5352
17;2025-11-28;9;3859
17;2025-11-28;10;3097
17;2025-11-28;11;3139
17;2025-11-28;12;3110
17;2025-11-28;13;3275
17;2025-11-28;14;3361
17;2025-11-28;15;3602
17;2025-11-28;16;4180
17;2025-11-28;17;4746
17;2025-11-28;18;4485
17;2025-11-28;19;3332
17;2025-11-28;20;2417
17;2025-11-28;21;1576
17;2025-11-28;22;799
17;2025-11-28;23;463
17;2025-11-29;0;195
17;2025-11-29;1;26
17;2025-11-29;2;0
17;2025-11-29;3;0
17;2025-11-29;4;5
17;2025-11-29;5;131
17;2025-11-29;6;592
17;2025-11-29;7;1275
17;2025-11-29;8;1736
17;2025-11-29;9;2207
17;2025-11-29;10;2516
17;2025-11-29;11;2947
17;2025-11-29;12;3236
17;2025-11-29;13;3455
17;2025-11-29;14;3474
17;2025-11-29;15;3503
17;2025-11-29;16;3539
17;2025-11-29;17;3334
17;2025-11-29;18;3107
17;2025-11-29;19;2489
17;2025-11-29;20;1910
17;2025-11-29;21;1341
17;2025-11-29;22;847
17;2025-11-29;23;444
17;2025-11-30;0;180
17;2025-11-30;1;24
17;2025-11-30;2;0
17;2025-11-30;3;0
17;2025-11-30;4;3
17;2025-11-30;5;98
17;2025-11-30;6;418
17;2025-11-30;7;827
17;2025-11-30;8;1249
17;2025-11-30;9;1720
17;2025-11-30;10;2006
17;2025-11-30;11;2568
17;2025-11-30;12;2905
17;2025-11-30;13;3122
17;2025-11-30;14;3229
17;2025-11-30;15;3200
17;2025-11-30;16;3122
17;2025-11-30;17;3007
17;2025-11-30;18;2690
17;2025-11-30;19;2154
17;2025-11-30;20;1625
17;2025-11-30;21;1158
17;2025-11-30;22;731
17;2025-11-30;23;327
17;2025-12-01;0;119
17;2025-12-01;1;13
17;2025-12-01;2;0
17;2025-12-01;3;0
17;2025-12-01;4;26
17;2025-12-01;5;325
17;2025-12-01;6;1607
17;2025-12-01;7;4273
17;2025-12-01;8;5532
17;2025-12-01;9;3946
17;2025-12-01;10;3046
17;2025-12-01;11;2979
17;2025-12-01;12;2978
17;2025-12-01;13;3087
17;2025-12-01;14;3097
17;2025-12-01;15;3314
17;2025-12-01;16;3789
17;2025-12-01;17;4486
17;2025-12-01;18;4850
17;2025-12-01;19;3393
17;2025-12-01;20;2324
17;2025-12-01;21;1443
17;2025-12-01;22;707
17;2025-12-01;23;330
17;2025-12-02;0;116
17;2025-12-02;1;11
17;2025-12-02;2;0
17;2025-12-02;3;0
17;2025-12-02;4;26
17;2025-12-02;5;330
17;2025-12-02;6;1579
17;2025-12-02;7;4229
17;2025-12-02;8;5498
17;2025-12-02;9;3946
17;2025-12-02;10;3127
17;2025-12-02;11;3095
17;2025-12-02;12;3106
17;2025-12-02;13;3160
17;2025-12-02;14;3249
17;2025-12-02;15;3393
17;2025-12-02;16;3805
17;2025-12-02;17;4653
17;2025-12-02;18;4972
17;2025-12-02;19;3478
17;2025-12-02;20;2419
17;2025-12-02;21;1509
17;2025-12-02;22;769
17;2025-12-02;23;369
17;2025-12-03;0;119
17;2025-12-03;1;11
17;2025-12-03;2;0
17;2025-12-03;3;0
17;2025-12-03;4;26
17;2025-12-03;5;330
17;2025-12-03;6;1578
17;2025-12-03;7;4223
17;2025-12-03;8;5480
17;2025-12-03;9;3941
17;2025-12-03;10;3141
17;2025-12-03;11;3113
17;2025-12-03;12;3125
17;2025-12-03;13;3177
17;2025-12-03;14;3266
17;2025-12-03;15;3407
17;2025-12-03;16;3811
17;2025-12-03;17;4658
17;2025-12-03;18;4967
17;2025-12-03;19;3477
17;2025-12-03;20;2425
17;2025-12-03;21;1515
17;2025-12-03;22;782
17;2025-12-03;23;388
17;2025-12-04;0;124
17;2025-12-04;1;12
17;2025-12-04;2;0
17;2025-12-04;3;0
17;2025-12-04;4;26
17;2025-12-04;5;329
17;2025-12-04;6;1576
17;2025-12-04;7;4219
17;2025-12-04;8;5479
17;2025-12-04;9;3942
17;2025-12-04;10;3147
17;2025-12-04;11;3119
17;2025-12-04;12;3136
17;2025-12-04;13;3191
17;2025-12-04;14;3279
17;2025-12-04;15;3423
17;2025-12-04;16;3823
17;2025-12-04;17;4656
17;2025-12-04;18;4966
17;2025-12-04;19;3474
17;2025-12-04;20;2426
17;2025-12-04;21;1518
17;2025-12-04;22;784
17;2025-12-04;23;396
17;2025-12-05;0;145
17;2025-12-05;1;16
17;2025-12-05;2;0
17;2025-12-05;3;0
17;2025-12-05;4;25
17;2025-12-05;5;319
17;2025-12-05;6;1551
17;2025-12-05;7;4117
17;2025-12-05;8;5325
17;2025-12-05;9;3848
17;2025-12-05;10;3092
17;2025-12-05;11;3134
17;2025-12-05;12;3106
17;2025-12-05;13;3266
17;2025-12-05;14;3342
17;2025-12-05;15;3586
17;2025-12-05;16;4170
17;2025-12-05;17;4738
17;2025-12-05;18;4473
17;2025-12-05;19;3324
17;2025-12-05;20;2411
17;2025-12-05;21;1572
17;2025-12-05;22;797
17;2025-12-05;23;462
17;2025-12-06;0;194
17;2025-12-06;1;25
17;2025-12-06;2;0
17;2025-12-06;3;0
17;2025-12-06;4;5
17;2025-12-06;5;132
17;2025-12-06;6;591
17;2025-12-06;7;1273
17;2025-12-06;8;1733
17;2025-12-06;9;2202
17;2025-12-06;10;2510
17;2025-12-06;11;2938
17;2025-12-06;12;3228
17;2025-12-06;13;3447
17;2025-12-06;14;3465
17;2025-12-06;15;3499
17;2025-12-06;16;3533
17;2025-12-06;17;3328
17;2025-12-06;18;3105
17;2025-12-06;19;2475
17;2025-12-06;20;1898
17;2025-12-06;21;1338
17;2025-12-06;22;841
17;2025-12-06;23;443
17;2025-12-07;0;180
17;2025-12-07;1;24
17;2025-12-07;2;0
17;2025-12-07;3;0
17;2025-12-07;4;3
17;2025-12-07;5;99
17;2025-12-07;6;417
17;2025-12-07;7;824
17;2025-12-07;8;1246
17;2025-12-07;9;1714
17;2025-12-07;10;2000
17;2025-12-07;11;2562
17;2025-12-07;12;2897
17;2025-12-07;13;3115
17;2025-12-07;14;3215
17;2025-12-07;15;3186
17;2025-12-07;16;3106
17;2025-12-07;17;2991
17;2025-12-07;18;2671
17;2025-12-07;19;2146
17;2025-12-07;20;1618
17;2025-12-07;21;1151
17;2025-12-07;22;729
17;2025-12-07;23;327
17;2025-12-08;0;119
17;2025-12-08;1;13
17;2025-12-08;2;0
17;2025-12-08;3;0
17;2025-12-08;4;27
17;2025-12-08;5;324
17;2025-12-08;6;1607
17;2025-12-08;7;4273
17;2025-12-08;8;5532
17;2025-12-08;9;3952
17;2025-12-08;10;3044
17;2025-12-08;11;2978
17;2025-12-08;12;2978
17;2025-12-08;13;3086
17;2025-12-08;14;3100
17;2025-12-08;15;3314
17;2025-12-08;16;3789
17;2025-12-08;17;4486
17;2025-12-08;18;4850
17;2025-12-08;19;3393
17;2025-12-08;20;2324
17;2025-12-08;21;1443
17;2025-12-08;22;707
17;2025-12-08;23;330
17;2025-12-09;0;116
17;2025-12-09;1;11
17;2025-12-09;2;0
17;2025-12-09;3;0
17;2025-12-09;4;26
17;2025-12-09;5;331
17;2025-12-09;6;1579
17;2025-12-09;7;4229
17;2025-12-09;8;5497
17;2025-12-09;9;3950
17;2025-12-09;10;3127
17;2025-12-09;11;3095
17;2025-12-09;12;3106
17;2025-12-09;13;3159
17;2025-12-09;14;3247
17;2025-12-09;15;3389
17;2025-12-09;16;3801
17;2025-12-09;17;4651
17;2025-12-09;18;4970
17;2025-12-09;19;3478
17;2025-12-09;20;2420
17;2025-12-09;21;1510
17;2025-12-09;22;762
17;2025-12-09;23;368
17;2025-12-10;0;119
17;2025-12-10;1;12
17;2025-12-10;2;0
17;2025-12-10;3;0
17;2025-12-10;4;26
17;2025-12-10;5;342
17;2025-12-10;6;1599
17;2025-12-10;7;4179
17;2025-12-10;8;5455
17;2025-12-10;9;3923
17;2025-12-10;10;3120
17;2025-12-10;11;3092
17;2025-12-10;12;3126
17;2025-12-10;13;3176
17;2025-12-10;14;3264
17;2025-12-10;15;3405
17;2025-12-10;16;3808
17;2025-12-10;17;4655
17;2025-12-10;18;4964
17;2025-12-10;19;3477
17;2025-12-10;20;2425
17;2025-12-10;21;1516
17;2025-12-10;22;783
17;2025-12-10;23;389
17;2025-12-11;0;124
17;2025-12-11;1;11
17;2025-12-11;2;0
17;2025-12-11;3;0
17;2025-12-11;4;26
17;2025-12-11;5;329
17;2025-12-11;6;1577
17;2025-12-11;7;4219
17;2025-12-11;8;5407
17;2025-12-11;9;3853
17;2025-12-11;10;3091
17;2025-12-11;11;3080
17;2025-12-11;12;3096
17;2025-12-11;13;3178
17;2025-12-11;14;3281
17;2025-12-11;15;3379
17;2025-12-11;16;3773
17;2025-12-11;17;4408
17;2025-12-11;18;4715
17;2025-12-11;19;3425
17;2025-12-11;20;2409
17;2025-12-11;21;1498
17;2025-12-11;22;779
17;2025-12-11;23;396
17;2025-12-12;0;145
17;2025-12-12;1;16
17;2025-12-12;2;0
17;2025-12-12;3;0
17;2025-12-12;4;25
17;2025-12-12;5;321
17;2025-12-12;6;1567
17;2025-12-12;7;4121
17;2025-12-12;8;5317
17;2025-12-12;9;3853
17;2025-12-12;10;3069
17;2025-12-12;11;3135
17;2025-12-12;12;3034
17;2025-12-12;13;3170
17;2025-12-12;14;3246
17;2025-12-12;15;3409
17;2025-12-12;16;4003
17;2025-12-12;17;4572
17;2025-12-12;18;4473
17;2025-12-12;19;3326
17;2025-12-12;20;2414
17;2025-12-12;21;1578
17;2025-12-12;22;800
17;2025-12-12;23;460
17;2025-12-13;0;194
17;2025-12-13;1;25
17;2025-12-13;2;0
17;2025-12-13;3;0
17;2025-12-13;4;5
17;2025-12-13;5;122
17;2025-12-13;6;578
17;2025-12-13;7;1289
17;2025-12-13;8;1723
17;2025-12-13;9;2185
17;2025-12-13;10;2482
17;2025-12-13;11;2911
17;2025-12-13;12;3204
17;2025-12-13;13;3426
17;2025-12-13;14;3448
17;2025-12-13;15;3493
17;2025-12-13;16;3529
17;2025-12-13;17;3325
17;2025-12-13;18;3098
17;2025-12-13;19;2470
17;2025-12-13;20;1882
17;2025-12-13;21;1304
17;2025-12-13;22;846
17;2025-12-13;23;435
17;2025-12-14;0;178
17;2025-12-14;1;23
17;2025-12-14;2;0
17;2025-12-14;3;0
17;2025-12-14;4;3
17;2025-12-14;5;75
17;2025-12-14;6;391
17;2025-12-14;7;797
17;2025-12-14;8;1207
17;2025-12-14;9;1698
17;2025-12-14;10;1974
17;2025-12-14;11;2541
17;2025-12-14;12;2897
17;2025-12-14;13;3119
17;2025-12-14;14;3219
17;2025-12-14;15;3194
17;2025-12-14;16;3128
17;2025-12-14;17;3013
17;2025-12-14;18;2679
17;2025-12-14;19;2156
17;2025-12-14;20;1629
17;2025-12-14;21;1166
17;2025-12-14;22;741
17;2025-12-14;23;337
17;2025-12-15;0;120
17;2025-12-15;1;13
17;2025-12-15;2;0
17;2025-12-15;3;0
17;2025-12-15;4;26
17;2025-12-15;5;317
17;2025-12-15;6;1594
17;2025-12-15;7;4257
17;2025-12-15;8;5512
17;2025-12-15;9;3931
17;2025-12-15;10;3037
17;2025-12-15;11;2928
17;2025-12-15;12;2966
17;2025-12-15;13;3074
17;2025-12-15;14;3087
17;2025-12-15;15;3319
17;2025-12-15;16;3776
17;2025-12-15;17;4471
17;2025-12-15;18;4842
17;2025-12-15;19;3397
17;2025-12-15;20;2336
17;2025-12-15;21;1453
17;2025-12-15;22;717
17;2025-12-15;23;342
17;2025-12-16;0;116
17;2025-12-16;1;11
17;2025-12-16;2;0
17;2025-12-16;3;0
17;2025-12-16;4;26
17;2025-12-16;5;340
17;2025-12-16;6;1576
17;2025-12-16;7;4226
17;2025-12-16;8;5490
17;2025-12-16;9;3943
17;2025-12-16;10;3093
17;2025-12-16;11;3046
17;2025-12-16;12;3036
17;2025-12-16;13;3072
17;2025-12-16;14;3228
17;2025-12-16;15;3393
17;2025-12-16;16;3805
17;2025-12-16;17;4654
17;2025-12-16;18;4972
17;2025-12-16;19;3477
17;2025-12-16;20;2418
17;2025-12-16;21;1507
17;2025-12-16;22;767
17;2025-12-16;23;368
17;2025-12-17;0;119
17;2025-12-17;1;11
17;2025-12-17;2;0
17;2025-12-17;3;0
17;2025-12-17;4;26
17;2025-12-17;5;331
17;2025-12-17;6;1578
17;2025-12-17;7;4224
17;2025-12-17;8;5490
17;2025-12-17;9;3943
17;2025-12-17;10;3141
17;2025-12-17;11;3113
17;2025-12-17;12;3125
17;2025-12-17;13;3177
17;2025-12-17;14;3266
17;2025-12-17;15;3407
17;2025-12-17;16;3811
17;2025-12-17;17;4658
17;2025-12-17;18;4967
17;2025-12-17;19;3477
17;2025-12-17;20;2425
17;2025-12-17;21;1515
17;2025-12-17;22;782
17;2025-12-17;23;389
17;2025-12-18;0;124
17;2025-12-18;1;11
17;2025-12-18;2;0
17;2025-12-18;3;0
17;2025-12-18;4;26
17;2025-12-18;5;328
17;2025-12-18;6;1576
17;2025-12-18;7;4218
17;2025-12-18;8;5469
17;2025-12-18;9;3944
17;2025-12-18;10;3147
17;2025-12-18;11;3119
17;2025-12-18;12;3135
17;2025-12-18;13;3189
17;2025-12-18;14;3279
17;2025-12-18;15;3420
17;2025-12-18;16;3823
17;2025-12-18;17;4660
17;2025-12-18;18;4967
17;2025-12-18;19;3473
17;2025-12-18;20;2425
17;2025-12-18;21;1517
17;2025-12-18;22;784
17;2025-12-18;23;393
17;2025-12-19;0;145
17;2025-12-19;1;16
17;2025-12-19;2;0
17;2025-12-19;3;0
17;2025-12-19;4;25
17;2025-12-19;5;318
17;2025-12-19;6;1550
17;2025-12-19;7;4116
17;2025-12-19;8;5314
17;2025-12-19;9;3850
17;2025-12-19;10;3093
17;2025-12-19;11;3135
17;2025-12-19;12;3109
17;2025-12-19;13;3266
17;2025-12-19;14;3345
17;2025-12-19;15;3584
17;2025-12-19;16;4164
17;2025-12-19;17;4680
17;2025-12-19;18;4423
17;2025-12-19;19;3321
17;2025-12-19;20;2408
17;2025-12-19;21;1571
17;2025-12-19;22;795
17;2025-12-19;23;462
17;2025-12-20;0;194
17;2025-12-20;1;26
17;2025-12-20;2;0
17;2025-12-20;3;0
17;2025-12-20;4;5
17;2025-12-20;5;129
17;2025-12-20;6;591
17;2025-12-20;7;1273
17;2025-12-20;8;1732
17;2025-12-20;9;2203
17;2025-12-20;10;2506
17;2025-12-20;11;2937
17;2025-12-20;12;3229
17;2025-12-20;13;3446
17;2025-12-20;14;3463
17;2025-12-20;15;3495
17;2025-12-20;16;3530
17;2025-12-20;17;3326
17;2025-12-20;18;3099
17;2025-12-20;19;2473
17;2025-12-20;20;1898
17;2025-12-20;21;1334
17;2025-12-20;22;842
17;2025-12-20;23;441
17;2025-12-21;0;179
17;2025-12-21;1;23
17;2025-12-21;2;0
17;2025-12-21;3;0
17;2025-12-21;4;3
17;2025-12-21;5;98
17;2025-12-21;6;403
17;2025-12-21;7;817
17;2025-12-21;8;1245
17;2025-12-21;9;1714
17;2025-12-21;10;2000
17;2025-12-21;11;2562
17;2025-12-21;12;2897
17;2025-12-21;13;3112
17;2025-12-21;14;3211
17;2025-12-21;15;3183
17;2025-12-21;16;3106
17;2025-12-21;17;2991
17;2025-12-21;18;2671
17;2025-12-21;19;2145
17;2025-12-21;20;1618
17;2025-12-21;21;1151
17;2025-12-21;22;720
17;2025-12-21;23;326
17;2025-12-22;0;120
17;2025-12-22;1;12
17;2025-12-22;2;0
17;2025-12-22;3;0
17;2025-12-22;4;27
17;2025-12-22;5;324
17;2025-12-22;6;1608
17;2025-12-22;7;4273
17;2025-12-22;8;5542
17;2025-12-22;9;3929
17;2025-12-22;10;3017
17;2025-12-22;11;2952
17;2025-12-22;12;2954
17;2025-12-22;13;3087
17;2025-12-22;14;3099
17;2025-12-22;15;3272
17;2025-12-22;16;3786
17;2025-12-22;17;4478
17;2025-12-22;18;4771
17;2025-12-22;19;3391
17;2025-12-22;20;2324
17;2025-12-22;21;1444
17;2025-12-22;22;701
17;2025-12-22;23;330
17;2025-12-23;0;116
17;2025-12-23;1;11
17;2025-12-23;2;0
17;2025-12-23;3;0
17;2025-12-23;4;26
17;2025-12-23;5;334
17;2025-12-23;6;1586
17;2025-12-23;7;4238
17;2025-12-23;8;5503
17;2025-12-23;9;3955
17;2025-12-23;10;3116
17;2025-12-23;11;3088
17;2025-12-23;12;3099
17;2025-12-23;13;3153
17;2025-12-23;14;3240
17;2025-12-23;15;3384
17;2025-12-23;16;3794
17;2025-12-23;17;4642
17;2025-12-23;18;4953
17;2025-12-23;19;3481
17;2025-12-23;20;2421
17;2025-12-23;21;1509
17;2025-12-23;22;768
17;2025-12-23;23;366
17;2025-12-24;0;119
17;2025-12-24;1;12
17;2025-12-24;2;0
17;2025-12-24;3;0
17;2025-12-24;4;26
17;2025-12-24;5;328
17;2025-12-24;6;1574
17;2025-12-24;7;4221
17;2025-12-24;8;5471
17;2025-12-24;9;3940
17;2025-12-24;10;3132
17;2025-12-24;11;3106
17;2025-12-24;12;3073
17;2025-12-24;13;3144
17;2025-12-24;14;3262
17;2025-12-24;15;3343
17;2025-12-24;16;3801
17;2025-12-24;17;4646
17;2025-12-24;18;4883
17;2025-12-24;19;3479
17;2025-12-24;20;2428
17;2025-12-24;21;1508
17;2025-12-24;22;775
17;2025-12-24;23;381
17;2025-12-25;0;124
17;2025-12-25;1;11
17;2025-12-25;2;0
17;2025-12-25;3;0
17;2025-12-25;4;26
17;2025-12-25;5;332
17;2025-12-25;6;1585
17;2025-12-25;7;4220
17;2025-12-25;8;5467
17;2025-12-25;9;3943
17;2025-12-25;10;3142
17;2025-12-25;11;3108
17;2025-12-25;12;3129
17;2025-12-25;13;3183
17;2025-12-25;14;3273
17;2025-12-25;15;3420
17;2025-12-25;16;3827
17;2025-12-25;17;4477
17;2025-12-25;18;4698
17;2025-12-25;19;3428
17;2025-12-25;20;2415
17;2025-12-25;21;1508
17;2025-12-25;22;770
17;2025-12-25;23;380
17;2025-12-26;0;142
17;2025-12-26;1;15
17;2025-12-26;2;0
17;2025-12-26;3;0
17;2025-12-26;4;25
17;2025-12-26;5;312
17;2025-12-26;6;1563
17;2025-12-26;7;4040
17;2025-12-26;8;5283
17;2025-12-26;9;3737
17;2025-12-26;10;2998
17;2025-12-26;11;3021
17;2025-12-26;12;2988
17;2025-12-26;13;3247
17;2025-12-26;14;3320
17;2025-12-26;15;3537
17;2025-12-26;16;4121
17;2025-12-26;17;4576
17;2025-12-26;18;4325
17;2025-12-26;19;3286
17;2025-12-26;20;2403
17;2025-12-26;21;1565
17;2025-12-26;22;791
17;2025-12-26;23;464
17;2025-12-27;0;194
17;2025-12-27;1;25
17;2025-12-27;2;0
17;2025-12-27;3;0
17;2025-12-27;4;5
17;2025-12-27;5;132
17;2025-12-27;6;591
17;2025-12-27;7;1273
17;2025-12-27;8;1733
17;2025-12-27;9;2189
17;2025-12-27;10;2510
17;2025-12-27;11;2940
17;2025-12-27;12;3223
17;2025-12-27;13;3441
17;2025-12-27;14;3457
17;2025-12-27;15;3484
17;2025-12-27;16;3519
17;2025-12-27;17;3332
17;2025-12-27;18;3097
17;2025-12-27;19;2481
17;2025-12-27;20;1905
17;2025-12-27;21;1318
17;2025-12-27;22;811
17;2025-12-27;23;438
17;2025-12-28;0;178
17;2025-12-28;1;23
17;2025-12-28;2;0
17;2025-12-28;3;0
17;2025-12-28;4;3
17;2025-12-28;5;89
17;2025-12-28;6;409
17;2025-12-28;7;763
17;2025-12-28;8;1183
17;2025-12-28;9;1577
17;2025-12-28;10;1921
17;2025-12-28;11;2335
17;2025-12-28;12;2748
17;2025-12-28;13;2929
17;2025-12-28;14;3026
17;2025-12-28;15;2996
17;2025-12-28;16;3115
17;2025-12-28;17;2999
17;2025-12-28;18;2671
17;2025-12-28;19;2143
17;2025-12-28;20;1601
17;2025-12-28;21;1135
17;2025-12-28;22;723
17;2025-12-28;23;332
17;2025-12-29;0;110
17;2025-12-29;1;12
17;2025-12-29;2;0
17;2025-12-29;3;0
17;2025-12-29;4;24
17;2025-12-29;5;297
17;2025-12-29;6;1481
17;2025-12-29;7;3931
17;2025-12-29;8;5058
17;2025-12-29;9;3605
17;2025-12-29;10;2782
17;2025-12-29;11;2722
17;2025-12-29;12;2720
17;2025-12-29;13;2828
17;2025-12-29;14;2839
17;2025-12-29;15;3016
17;2025-12-29;16;3475
17;2025-12-29;17;4099
17;2025-12-29;18;4315
17;2025-12-29;19;3112
17;2025-12-29;20;2157
17;2025-12-29;21;1339
17;2025-12-29;22;658
17;2025-12-29;23;305
17;2025-12-30;0;107
17;2025-12-30;1;11
17;2025-12-30;2;0
17;2025-12-30;3;0
17;2025-12-30;4;24
17;2025-12-30;5;298
17;2025-12-30;6;1457
17;2025-12-30;7;3869
17;2025-12-30;8;4998
17;2025-12-30;9;3555
17;2025-12-30;10;2818
17;2025-12-30;11;2771
17;2025-12-30;12;2794
17;2025-12-30;13;2851
17;2025-12-30;14;2957
17;2025-12-30;15;3080
17;2025-12-30;16;3471
17;2025-12-30;17;4118
17;2025-12-30;18;4530
17;2025-12-30;19;3172
17;2025-12-30;20;2225
17;2025-12-30;21;1383
17;2025-12-30;22;710
17;2025-12-30;23;333
17;2025-12-31;0;150
17;2025-12-31;1;21
17;2025-12-31;2;0
17;2025-12-31;3;0
17;2025-12-31;4;4
17;2025-12-31;5;46
17;2025-12-31;6;318
17;2025-12-31;7;658
17;2025-12-31;8;1059
17;2025-12-31;9;1335
17;2025-12-31;10;1563
17;2025-12-31;11;2021
17;2025-12-31;12;2435
17;2025-12-31;13;2479
17;2025-12-31;14;2559
17;2025-12-31;15;2550
17;2025-12-31;16;2681
17;2025-12-31;17;2634
17;2025-12-31;18;2261
17;2025-12-31;19;1839
17;2025-12-31;20;1461
17;2025-12-31;21;1015
17;2025-12-31;22;630
17;2025-12-31;23;252
25;2025-11-01;0;1
25;2025-11-01;1;0
25;2025-11-01;2;0
25;2025-11-01;3;0
25;2025-11-01;4;0
25;2025-11-01;5;11
25;2025-11-01;6;215
25;2025-11-01;7;578
25;2025-11-01;8;908
25;2025-11-01;9;474
25;2025-11-01;10;411
25;2025-11-01;11;456
25;2025-11-01;12;449
25;2025-11-01;13;548
25;2025-11-01;14;508
25;2025-11-01;15;624
25;2025-11-01;16;792
25;2025-11-01;17;797
25;2025-11-01;18;720
25;2025-11-01;19;578
25;2025-11-01;20;336
25;2025-11-01;21;228
25;2025-11-01;22;117
25;2025-11-01;23;15
25;2025-11-02;0;10
25;2025-11-02;1;0
25;2025-11-02;2;0
25;2025-11-02;3;0
25;2025-11-02;4;0
25;2025-11-02;5;6
25;2025-11-02;6;75
25;2025-11-02;7;101
25;2025-11-02;8;195
25;2025-11-02;9;244
25;2025-11-02;10;250
25;2025-11-02;11;332
25;2025-11-02;12;400
25;2025-11-02;13;494
25;2025-11-02;14;564
25;2025-11-02;15;623
25;2025-11-02;16;552
25;2025-11-02;17;535
25;2025-11-02;18;463
25;2025-11-02;19;344
25;2025-11-02;20;256
25;2025-11-02;21;182
25;2025-11-02;22;109
25;2025-11-02;23;36
25;2025-11-03;0;9
25;2025-11-03;1;0
25;2025-11-03;2;0
25;2025-11-03;3;0
25;2025-11-03;4;0
25;2025-11-03;5;8
25;2025-11-03;6;78
25;2025-11-03;7;107
25;2025-11-03;8;188
25;2025-11-03;9;215
25;2025-11-03;10;213
25;2025-11-03;11;270
25;2025-11-03;12;335
25;2025-11-03;13;437
25;2025-11-03;14;481
25;2025-11-03;15;543
25;2025-11-03;16;517
25;2025-11-03;17;503
25;2025-11-03;18;445
25;2025-11-03;19;364
25;2025-11-03;20;286
25;2025-11-03;21;204
25;2025-11-03;22;124
25;2025-11-03;23;51
25;2025-11-04;0;9
25;2025-11-04;1;0
25;2025-11-04;2;0
25;2025-11-04;3;0
25;2025-11-04;4;0
25;2025-11-04;5;4
25;2025-11-04;6;71
25;2025-11-04;7;101
25;2025-11-04;8;196
25;2025-11-04;9;208
25;2025-11-04;10;201
25;2025-11-04;11;269
25;2025-11-04;12;322
25;2025-11-04;13;434
25;2025-11-04;14;527
25;2025-11-04;15;595
25;2025-11-04;16;526
25;2025-11-04;17;510
25;2025-11-04;18;456
25;2025-11-04;19;362
25;2025-11-04;20;284
25;2025-11-04;21;205
25;2025-11-04;22;123
25;2025-11-04;23;48
25;2025-11-05;0;1
25;2025-11-05;1;0
25;2025-11-05;2;0
25;2025-11-05;3;0
25;2025-11-05;4;0
25;2025-11-05;5;13
25;2025-11-05;6;228
25;2025-11-05;7;581
25;2025-11-05;8;972
25;2025-11-05;9;507
25;2025-11-05;10;421
25;2025-11-05;11;467
25;2025-11-05;12;464
25;2025-11-05;13;563
25;2025-11-05;14;536
25;2025-11-05;15;628
25;2025-11-05;16;743
25;2025-11-05;17;836
25;2025-11-05;18;856
25;2025-11-05;19;606
25;2025-11-05;20;355
25;2025-11-05;21;241
25;2025-11-05;22;110
25;2025-11-05;23;6
25;2025-11-06;0;1
25;2025-11-06;1;0
25;2025-11-06;2;0
25;2025-11-06;3;0
25;2025-11-06;4;0
25;2025-11-06;5;14
25;2025-11-06;6;229
25;2025-11-06;7;583
25;2025-11-06;8;977
25;2025-11-06;9;508
25;2025-11-06;10;424
25;2025-11-06;11;458
25;2025-11-06;12;466
25;2025-11-06;13;563
25;2025-11-06;14;535
25;2025-11-06;15;626
25;2025-11-06;16;744
25;2025-11-06;17;840
25;2025-11-06;18;856
25;2025-11-06;19;607
25;2025-11-06;20;357
25;2025-11-06;21;245
25;2025-11-06;22;114
25;2025-11-06;23;9
25;2025-11-07;0;1
25;2025-11-07;1;0
25;2025-11-07;2;0
25;2025-11-07;3;0
25;2025-11-07;4;0
25;2025-11-07;5;16
25;2025-11-07;6;237
25;2025-11-07;7;625
25;2025-11-07;8;984
25;2025-11-07;9;506
25;2025-11-07;10;435
25;2025-11-07;11;489
25;2025-11-07;12;480
25;2025-11-07;13;592
25;2025-11-07;14;548
25;2025-11-07;15;678
25;2025-11-07;16;858
25;2025-11-07;17;862
25;2025-11-07;18;785
25;2025-11-07;19;626
25;2025-11-07;20;364
25;2025-11-07;21;246
25;2025-11-07;22;127
25;2025-11-07;23;14
25;2025-11-08;0;2
25;2025-11-08;1;0
25;2025-11-08;2;0
25;2025-11-08;3;0
25;2025-11-08;4;0
25;2025-11-08;5;11
25;2025-11-08;6;100
25;2025-11-08;7;153
25;2025-11-08;8;328
25;2025-11-08;9;299
25;2025-11-08;10;320
25;2025-11-08;11;395
25;2025-11-08;12;442
25;2025-11-08;13;642
25;2025-11-08;14;649
25;2025-11-08;15;726
25;2025-11-08;16;673
25;2025-11-08;17;601
25;2025-11-08;18;552
25;2025-11-08;19;469
25;2025-11-08;20;288
25;2025-11-08;21;220
25;2025-11-08;22;131
25;2025-11-08;23;47
25;2025-11-09;0;10
25;2025-11-09;1;0
25;2025-11-09;2;0
25;2025-11-09;3;0
25;2025-11-09;4;0
25;2025-11-09;5;4
25;2025-11-09;6;74
25;2025-11-09;7;105
25;2025-11-09;8;207
25;2025-11-09;9;244
25;2025-11-09;10;248
25;2025-11-09;11;329
25;2025-11-09;12;405
25;2025-11-09;13;525
25;2025-11-09;14;562
25;2025-11-09;15;620
25;2025-11-09;16;552
25;2025-11-09;17;535
25;2025-11-09;18;466
25;2025-11-09;19;332
25;2025-11-09;20;254
25;2025-11-09;21;180
25;2025-11-09;22;107
25;2025-11-09;23;37
25;2025-11-10;0;6
25;2025-11-10;1;0
25;2025-11-10;2;0
25;2025-11-10;3;0
25;2025-11-10;4;0
25;2025-11-10;5;17
25;2025-11-10;6;223
25;2025-11-10;7;576
25;2025-11-10;8;1023
25;2025-11-10;9;527
25;2025-11-10;10;364
25;2025-11-10;11;401
25;2025-11-10;12;403
25;2025-11-10;13;519
25;2025-11-10;14;481
25;2025-11-10;15;535
25;2025-11-10;16;692
25;2025-11-10;17;767
25;2025-11-10;18;805
25;2025-11-10;19;559
25;2025-11-10;20;325
25;2025-11-10;21;208
25;2025-11-10;22;102
25;2025-11-10;23;6
25;2025-11-11;0;1
25;2025-11-11;1;0
25;2025-11-11;2;0
25;2025-11-11;3;0
25;2025-11-11;4;0
25;2025-11-11;5;13
25;2025-11-11;6;228
25;2025-11-11;7;578
25;2025-11-11;8;970
25;2025-11-11;9;490
25;2025-11-11;10;399
25;2025-11-11;11;459
25;2025-11-11;12;459
25;2025-11-11;13;553
25;2025-11-11;14;521
25;2025-11-11;15;615
25;2025-11-11;16;733
25;2025-11-11;17;824
25;2025-11-11;18;851
25;2025-11-11;19;588
25;2025-11-11;20;344
25;2025-11-11;21;233
25;2025-11-11;22;108
25;2025-11-11;23;5
25;2025-11-12;0;1
25;2025-11-12;1;0
25;2025-11-12;2;0
25;2025-11-12;3;0
25;2025-11-12;4;0
25;2025-11-12;5;11
25;2025-11-12;6;226
25;2025-11-12;7;576
25;2025-11-12;8;969
25;2025-11-12;9;489
25;2025-11-12;10;397
25;2025-11-12;11;440
25;2025-11-12;12;454
25;2025-11-12;13;544
25;2025-11-12;14;521
25;2025-11-12;15;616
25;2025-11-12;16;735
25;2025-11-12;17;829
25;2025-11-12;18;849
25;2025-11-12;19;589
25;2025-11-12;20;345
25;2025-11-12;21;237
25;2025-11-12;22;107
25;2025-11-12;23;5
25;2025-11-13;0;1
25;2025-11-13;1;0
25;2025-11-13;2;0
25;2025-11-13;3;0
25;2025-11-13;4;0
25;2025-11-13;5;13
25;2025-11-13;6;226
25;2025-11-13;7;578
25;2025-11-13;8;974
25;2025-11-13;9;507
25;2025-11-13;10;421
25;2025-11-13;11;464
25;2025-11-13;12;463
25;2025-11-13;13;559
25;2025-11-13;14;526
25;2025-11-13;15;623
25;2025-11-13;16;741
25;2025-11-13;17;834
25;2025-11-13;18;854
25;2025-11-13;19;605
25;2025-11-13;20;355
25;2025-11-13;21;242
25;2025-11-13;22;111
25;2025-11-13;23;7
25;2025-11-14;0;1
25;2025-11-14;1;0
25;2025-11-14;2;0
25;2025-11-14;3;0
25;2025-11-14;4;0
25;2025-11-14;5;12
25;2025-11-14;6;235
25;2025-11-14;7;621
25;2025-11-14;8;976
25;2025-11-14;9;507
25;2025-11-14;10;441
25;2025-11-14;11;489
25;2025-11-14;12;480
25;2025-11-14;13;588
25;2025-11-14;14;543
25;2025-11-14;15;673
25;2025-11-14;16;854
25;2025-11-14;17;857
25;2025-11-14;18;772
25;2025-11-14;19;624
25;2025-11-14;20;358
25;2025-11-14;21;241
25;2025-11-14;22;124
25;2025-11-14;23;14
25;2025-11-15;0;2
25;2025-11-15;1;0
25;2025-11-15;2;0
25;2025-11-15;3;0
25;2025-11-15;4;0
25;2025-11-15;5;14
25;2025-11-15;6;93
25;2025-11-15;7;147
25;2025-11-15;8;326
25;2025-11-15;9;280
25;2025-11-15;10;279
25;2025-11-15;11;347
25;2025-11-15;12;394
25;2025-11-15;13;566
25;2025-11-15;14;599
25;2025-11-15;15;674
25;2025-11-15;16;618
25;2025-11-15;17;545
25;2025-11-15;18;485
25;2025-11-15;19;414
25;2025-11-15;20;263
25;2025-11-15;21;203
25;2025-11-15;22;122
25;2025-11-15;23;49
25;2025-11-16;0;11
25;2025-11-16;1;0
25;2025-11-16;2;0
25;2025-11-16;3;0
25;2025-11-16;4;0
25;2025-11-16;5;4
25;2025-11-16;6;72
25;2025-11-16;7;94
25;2025-11-16;8;165
25;2025-11-16;9;215
25;2025-11-16;10;222
25;2025-11-16;11;293
25;2025-11-16;12;356
25;2025-11-16;13;457
25;2025-11-16;14;496
25;2025-11-16;15;549
25;2025-11-16;16;492
25;2025-11-16;17;474
25;2025-11-16;18;396
25;2025-11-16;19;293
25;2025-11-16;20;229
25;2025-11-16;21;165
25;2025-11-16;22;100
25;2025-11-16;23;39
25;2025-11-17;0;6
25;2025-11-17;1;0
25;2025-11-17;2;0
25;2025-11-17;3;0
25;2025-11-17;4;0
25;2025-11-17;5;15
25;2025-11-17;6;223
25;2025-11-17;7;573
25;2025-11-17;8;1017
25;2025-11-17;9;518
25;2025-11-17;10;371
25;2025-11-17;11;406
25;2025-11-17;12;410
25;2025-11-17;13;507
25;2025-11-17;14;468
25;2025-11-17;15;521
25;2025-11-17;16;680
25;2025-11-17;17;756
25;2025-11-17;18;798
25;2025-11-17;19;550
25;2025-11-17;20;321
25;2025-11-17;21;208
25;2025-11-17;22;101
25;2025-11-17;23;6
25;2025-11-18;0;1
25;2025-11-18;1;0
25;2025-11-18;2;0
25;2025-11-18;3;0
25;2025-11-18;4;0
25;2025-11-18;5;10
25;2025-11-18;6;234
25;2025-11-18;7;588
25;2025-11-18;8;1000
25;2025-11-18;9;497
25;2025-11-18;10;390
25;2025-11-18;11;447
25;2025-11-18;12;449
25;2025-11-18;13;539
25;2025-11-18;14;514
25;2025-11-18;15;610
25;2025-11-18;16;736
25;2025-11-18;17;810
25;2025-11-18;18;821
25;2025-11-18;19;573
25;2025-11-18;20;331
25;2025-11-18;21;226
25;2025-11-18;22;103
25;2025-11-18;23;4
25;2025-11-19;0;1
25;2025-11-19;1;0
25;2025-11-19;2;0
25;2025-11-19;3;0
25;2025-11-19;4;0
25;2025-11-19;5;11
25;2025-11-19;6;226
25;2025-11-19;7;576
25;2025-11-19;8;971
25;2025-11-19;9;489
25;2025-11-19;10;394
25;2025-11-19;11;435
25;2025-11-19;12;432
25;2025-11-19;13;521
25;2025-11-19;14;488
25;2025-11-19;15;585
25;2025-11-19;16;706
25;2025-11-19;17;798
25;2025-11-19;18;824
25;2025-11-19;19;576
25;2025-11-19;20;337
25;2025-11-19;21;230
25;2025-11-19;22;105
25;2025-11-19;23;5
25;2025-11-20;0;1
25;2025-11-20;1;0
25;2025-11-20;2;0
25;2025-11-20;3;0
25;2025-11-20;4;0
25;2025-11-20;5;10
25;2025-11-20;6;223
25;2025-11-20;7;574
25;2025-11-20;8;966
25;2025-11-20;9;487
25;2025-11-20;10;392
25;2025-11-20;11;434
25;2025-11-20;12;431
25;2025-11-20;13;520
25;2025-11-20;14;489
25;2025-11-20;15;585
25;2025-11-20;16;705
25;2025-11-20;17;798
25;2025-11-20;18;824
25;2025-11-20;19;570
25;2025-11-20;20;335
25;2025-11-20;21;228
25;2025-11-20;22;105
25;2025-11-20;23;6
25;2025-11-21;0;1
25;2025-11-21;1;0
25;2025-11-21;2;0
25;2025-11-21;3;0
25;2025-11-21;4;0
25;2025-11-21;5;20
25;2025-11-21;6;239
25;2025-11-21;7;614
25;2025-11-21;8;966
25;2025-11-21;9;483
25;2025-11-21;10;412
25;2025-11-21;11;461
25;2025-11-21;12;434
25;2025-11-21;13;548
25;2025-11-21;14;504
25;2025-11-21;15;634
25;2025-11-21;16;819
25;2025-11-21;17;822
25;2025-11-21;18;742
25;2025-11-21;19;594
25;2025-11-21;20;343
25;2025-11-21;21;232
25;2025-11-21;22;121
25;2025-11-21;23;14
25;2025-11-22;0;2
25;2025-11-22;1;0
25;2025-11-22;2;0
25;2025-11-22;3;0
25;2025-11-22;4;0
25;2025-11-22;5;14
25;2025-11-22;6;98
25;2025-11-22;7;147
25;2025-11-22;8;320
25;2025-11-22;9;275
25;2025-11-22;10;299
25;2025-11-22;11;370
25;2025-11-22;12;417
25;2025-11-22;13;597
25;2025-11-22;14;599
25;2025-11-22;15;676
25;2025-11-22;16;619
25;2025-11-22;17;546
25;2025-11-22;18;489
25;2025-11-22;19;414
25;2025-11-22;20;265
25;2025-11-22;21;200
25;2025-11-22;22;117
25;2025-11-22;23;47
25;2025-11-23;0;11
25;2025-11-23;1;0
25;2025-11-23;2;0
25;2025-11-23;3;0
25;2025-11-23;4;0
25;2025-11-23;5;4
25;2025-11-23;6;74
25;2025-11-23;7;96
25;2025-11-23;8;189
25;2025-11-23;9;219
25;2025-11-23;10;226
25;2025-11-23;11;296
25;2025-11-23;12;364
25;2025-11-23;13;466
25;2025-11-23;14;501
25;2025-11-23;15;558
25;2025-11-23;16;490
25;2025-11-23;17;469
25;2025-11-23;18;392
25;2025-11-23;19;293
25;2025-11-23;20;232
25;2025-11-23;21;164
25;2025-11-23;22;99
25;2025-11-23;23;38
25;2025-11-24;0;6
25;2025-11-24;1;0
25;2025-11-24;2;0
25;2025-11-24;3;0
25;2025-11-24;4;0
25;2025-11-24;5;15
25;2025-11-24;6;225
25;2025-11-24;7;581
25;2025-11-24;8;1019
25;2025-11-24;9;528
25;2025-11-24;10;363
25;2025-11-24;11;409
25;2025-11-24;12;420
25;2025-11-24;13;539
25;2025-11-24;14;487
25;2025-11-24;15;545
25;2025-11-24;16;703
25;2025-11-24;17;761
25;2025-11-24;18;798
25;2025-11-24;19;556
25;2025-11-24;20;319
25;2025-11-24;21;204
25;2025-11-24;22;100
25;2025-11-24;23;5
25;2025-11-25;0;1
25;2025-11-25;1;0
25;2025-11-25;2;0
25;2025-11-25;3;0
25;2025-11-25;4;0
25;2025-11-25;5;12
25;2025-11-25;6;226
25;2025-11-25;7;578
25;2025-11-25;8;970
25;2025-11-25;9;490
25;2025-11-25;10;393
25;2025-11-25;11;434
25;2025-11-25;12;430
25;2025-11-25;13;518
25;2025-11-25;14;484
25;2025-11-25;15;582
25;2025-11-25;16;703
25;2025-11-25;17;796
25;2025-11-25;18;824
25;2025-11-25;19;574
25;2025-11-25;20;335
25;2025-11-25;21;228
25;2025-11-25;22;103
25;2025-11-25;23;5
25;2025-11-26;0;1
25;2025-11-26;1;0
25;2025-11-26;2;0
25;2025-11-26;3;0
25;2025-11-26;4;0
25;2025-11-26;5;17
25;2025-11-26;6;233
25;2025-11-26;7;590
25;2025-11-26;8;1014
25;2025-11-26;9;495
25;2025-11-26;10;388
25;2025-11-26;11;437
25;2025-11-26;12;431
25;2025-11-26;13;521
25;2025-11-26;14;486
25;2025-11-26;15;584
25;2025-11-26;16;690
25;2025-11-26;17;788
25;2025-11-26;18;820
25;2025-11-26;19;573
25;2025-11-26;20;332
25;2025-11-26;21;224
25;2025-11-26;22;100
25;2025-11-26;23;3
25;2025-11-27;0;1
25;2025-11-27;1;0
25;2025-11-27;2;0
25;2025-11-27;3;0
25;2025-11-27;4;0
25;2025-11-27;5;13
25;2025-11-27;6;227
25;2025-11-27;7;579
25;2025-11-27;8;967
25;2025-11-27;9;507
25;2025-11-27;10;419
25;2025-11-27;11;454
25;2025-11-27;12;452
25;2025-11-27;13;545
25;2025-11-27;14;517
25;2025-11-27;15;621
25;2025-11-27;16;739
25;2025-11-27;17;827
25;2025-11-27;18;843
25;2025-11-27;19;597
25;2025-11-27;20;348
25;2025-11-27;21;237
25;2025-11-27;22;110
25;2025-11-27;23;7
25;2025-11-28;0;1
25;2025-11-28;1;0
25;2025-11-28;2;0
25;2025-11-28;3;0
25;2025-11-28;4;0
25;2025-11-28;5;14
25;2025-11-28;6;236
25;2025-11-28;7;620
25;2025-11-28;8;964
25;2025-11-28;9;483
25;2025-11-28;10;408
25;2025-11-28;11;456
25;2025-11-28;12;442
25;2025-11-28;13;549
25;2025-11-28;14;507
25;2025-11-28;15;641
25;2025-11-28;16;821
25;2025-11-28;17;823
25;2025-11-28;18;739
25;2025-11-28;19;592
25;2025-11-28;20;338
25;2025-11-28;21;229
25;2025-11-28;22;120
25;2025-11-28;23;12
25;2025-11-29;0;2
25;2025-11-29;1;0
25;2025-11-29;2;0
25;2025-11-29;3;0
25;2025-11-29;4;0
25;2025-11-29;5;10
25;2025-11-29;6;98
25;2025-11-29;7;144
25;2025-11-29;8;308
25;2025-11-29;9;275
25;2025-11-29;10;301
25;2025-11-29;11;372
25;2025-11-29;12;417
25;2025-11-29;13;597
25;2025-11-29;14;598
25;2025-11-29;15;675
25;2025-11-29;16;618
25;2025-11-29;17;544
25;2025-11-29;18;485
25;2025-11-29;19;415
25;2025-11-29;20;265
25;2025-11-29;21;205
25;2025-11-29;22;122
25;2025-11-29;23;48
25;2025-11-30;0;11
25;2025-11-30;1;0
25;2025-11-30;2;0
25;2025-11-30;3;0
25;2025-11-30;4;0
25;2025-11-30;5;5
25;2025-11-30;6;74
25;2025-11-30;7;97
25;2025-11-30;8;188
25;2025-11-30;9;219
25;2025-11-30;10;225
25;2025-11-30;11;296
25;2025-11-30;12;364
25;2025-11-30;13;466
25;2025-11-30;14;503
25;2025-11-30;15;562
25;2025-11-30;16;495
25;2025-11-30;17;478
25;2025-11-30;18;412
25;2025-11-30;19;305
25;2025-11-30;20;240
25;2025-11-30;21;177
25;2025-11-30;22;105
25;2025-11-30;23;38
25;2025-12-01;0;6
25;2025-12-01;1;0
25;2025-12-01;2;0
25;2025-12-01;3;0
25;2025-12-01;4;0
25;2025-12-01;5;13
25;2025-12-01;6;226
25;2025-12-01;7;588
25;2025-12-01;8;1045
25;2025-12-01;9;537
25;2025-12-01;10;373
25;2025-12-01;11;414
25;2025-12-01;12;418
25;2025-12-01;13;529
25;2025-12-01;14;478
25;2025-12-01;15;536
25;2025-12-01;16;700
25;2025-12-01;17;778
25;2025-12-01;18;820
25;2025-12-01;19;565
25;2025-12-01;20;326
25;2025-12-01;21;207
25;2025-12-01;22;100
25;2025-12-01;23;4
25;2025-12-02;0;1
25;2025-12-02;1;0
25;2025-12-02;2;0
25;2025-12-02;3;0
25;2025-12-02;4;0
25;2025-12-02;5;12
25;2025-12-02;6;230
25;2025-12-02;7;592
25;2025-12-02;8;994
25;2025-12-02;9;502
25;2025-12-02;10;403
25;2025-12-02;11;443
25;2025-12-02;12;440
25;2025-12-02;13;529
25;2025-12-02;14;497
25;2025-12-02;15;595
25;2025-12-02;16;719
25;2025-12-02;17;815
25;2025-12-02;18;845
25;2025-12-02;19;587
25;2025-12-02;20;343
25;2025-12-02;21;234
25;2025-12-02;22;106
25;2025-12-02;23;4
25;2025-12-03;0;1
25;2025-12-03;1;0
25;2025-12-03;2;0
25;2025-12-03;3;0
25;2025-12-03;4;0
25;2025-12-03;5;11
25;2025-12-03;6;230
25;2025-12-03;7;590
25;2025-12-03;8;996
25;2025-12-03;9;501
25;2025-12-03;10;402
25;2025-12-03;11;443
25;2025-12-03;12;441
25;2025-12-03;13;532
25;2025-12-03;14;500
25;2025-12-03;15;598
25;2025-12-03;16;723
25;2025-12-03;17;818
25;2025-12-03;18;846
25;2025-12-03;19;588
25;2025-12-03;20;344
25;2025-12-03;21;234
25;2025-12-03;22;107
25;2025-12-03;23;4
25;2025-12-04;0;1
25;2025-12-04;1;0
25;2025-12-04;2;0
25;2025-12-04;3;0
25;2025-12-04;4;0
25;2025-12-04;5;10
25;2025-12-04;6;227
25;2025-12-04;7;588
25;2025-12-04;8;993
25;2025-12-04;9;499
25;2025-12-04;10;400
25;2025-12-04;11;442
25;2025-12-04;12;442
25;2025-12-04;13;535
25;2025-12-04;14;503
25;2025-12-04;15;603
25;2025-12-04;16;726
25;2025-12-04;17;821
25;2025-12-04;18;849
25;2025-12-04;19;590
25;2025-12-04;20;345
25;2025-12-04;21;240
25;2025-12-04;22;112
25;2025-12-04;23;6
25;2025-12-05;0;1
25;2025-12-05;1;0
25;2025-12-05;2;0
25;2025-12-05;3;0
25;2025-12-05;4;0
25;2025-12-05;5;10
25;2025-12-05;6;236
25;2025-12-05;7;625
25;2025-12-05;8;988
25;2025-12-05;9;493
25;2025-12-05;10;420
25;2025-12-05;11;469
25;2025-12-05;12;457
25;2025-12-05;13;561
25;2025-12-05;14;517
25;2025-12-05;15;648
25;2025-12-05;16;837
25;2025-12-05;17;841
25;2025-12-05;18;756
25;2025-12-05;19;604
25;2025-12-05;20;345
25;2025-12-05;21;234
25;2025-12-05;22;123
25;2025-12-05;23;13
25;2025-12-06;0;2
25;2025-12-06;1;0
25;2025-12-06;2;0
25;2025-12-06;3;0
25;2025-12-06;4;0
25;2025-12-06;5;10
25;2025-12-06;6;99
25;2025-12-06;7;147
25;2025-12-06;8;315
25;2025-12-06;9;281
25;2025-12-06;10;309
25;2025-12-06;11;380
25;2025-12-06;12;438
25;2025-12-06;13;626
25;2025-12-06;14;627
25;2025-12-06;15;701
25;2025-12-06;16;645
25;2025-12-06;17;562
25;2025-12-06;18;511
25;2025-12-06;19;426
25;2025-12-06;20;273
25;2025-12-06;21;216
25;2025-12-06;22;127
25;2025-12-06;23;49
25;2025-12-07;0;11
25;2025-12-07;1;0
25;2025-12-07;2;0
25;2025-12-07;3;0
25;2025-12-07;4;0
25;2025-12-07;5;5
25;2025-12-07;6;76
25;2025-12-07;7;99
25;2025-12-07;8;192
25;2025-12-07;9;224
25;2025-12-07;10;232
25;2025-12-07;11;303
25;2025-12-07;12;373
25;2025-12-07;13;476
25;2025-12-07;14;511
25;2025-12-07;15;570
25;2025-12-07;16;500
25;2025-12-07;17;482
25;2025-12-07;18;405
25;2025-12-07;19;307
25;2025-12-07;20;238
25;2025-12-07;21;171
25;2025-12-07;22;104
25;2025-12-07;23;39
25;2025-12-08;0;6
25;2025-12-08;1;0
25;2025-12-08;2;0
25;2025-12-08;3;0
25;2025-12-08;4;0
25;2025-12-08;5;14
25;2025-12-08;6;226
25;2025-12-08;7;588
25;2025-12-08;8;1045
25;2025-12-08;9;536
25;2025-12-08;10;371
25;2025-12-08;11;412
25;2025-12-08;12;418
25;2025-12-08;13;526
25;2025-12-08;14;480
25;2025-12-08;15;536
25;2025-12-08;16;700
25;2025-12-08;17;778
25;2025-12-08;18;820
25;2025-12-08;19;564
25;2025-12-08;20;326
25;2025-12-08;21;207
25;2025-12-08;22;99
25;2025-12-08;23;4
25;2025-12-09;0;1
25;2025-12-09;1;0
25;2025-12-09;2;0
25;2025-12-09;3;0
25;2025-12-09;4;0
25;2025-12-09;5;11
25;2025-12-09;6;230
25;2025-12-09;7;592
25;2025-12-09;8;996
25;2025-12-09;9;504
25;2025-12-09;10;404
25;2025-12-09;11;443
25;2025-12-09;12;440
25;2025-12-09;13;529
25;2025-12-09;14;495
25;2025-12-09;15;594
25;2025-12-09;16;719
25;2025-12-09;17;814
25;2025-12-09;18;843
25;2025-12-09;19;587
25;2025-12-09;20;344
25;2025-12-09;21;234
25;2025-12-09;22;102
25;2025-12-09;23;3
25;2025-12-10;0;1
25;2025-12-10;1;0
25;2025-12-10;2;0
25;2025-12-10;3;0
25;2025-12-10;4;0
25;2025-12-10;5;34
25;2025-12-10;6;254
25;2025-12-10;7;612
25;2025-12-10;8;1006
25;2025-12-10;9;512
25;2025-12-10;10;415
25;2025-12-10;11;450
25;2025-12-10;12;443
25;2025-12-10;13;532
25;2025-12-10;14;499
25;2025-12-10;15;597
25;2025-12-10;16;721
25;2025-12-10;17;817
25;2025-12-10;18;845
25;2025-12-10;19;589
25;2025-12-10;20;345
25;2025-12-10;21;235
25;2025-12-10;22;108
25;2025-12-10;23;5
25;2025-12-11;0;1
25;2025-12-11;1;0
25;2025-12-11;2;0
25;2025-12-11;3;0
25;2025-12-11;4;0
25;2025-12-11;5;10
25;2025-12-11;6;227
25;2025-12-11;7;588
25;2025-12-11;8;1003
25;2025-12-11;9;486
25;2025-12-11;10;393
25;2025-12-11;11;435
25;2025-12-11;12;434
25;2025-12-11;13;529
25;2025-12-11;14;501
25;2025-12-11;15;602
25;2025-12-11;16;721
25;2025-12-11;17;815
25;2025-12-11;18;839
25;2025-12-11;19;596
25;2025-12-11;20;352
25;2025-12-11;21;237
25;2025-12-11;22;110
25;2025-12-11;23;7
25;2025-12-12;0;1
25;2025-12-12;1;0
25;2025-12-12;2;0
25;2025-12-12;3;0
25;2025-12-12;4;0
25;2025-12-12;5;12
25;2025-12-12;6;235
25;2025-12-12;7;630
25;2025-12-12;8;989
25;2025-12-12;9;518
25;2025-12-12;10;426
25;2025-12-12;11;482
25;2025-12-12;12;457
25;2025-12-12;13;539
25;2025-12-12;14;508
25;2025-12-12;15;621
25;2025-12-12;16;807
25;2025-12-12;17;830
25;2025-12-12;18;758
25;2025-12-12;19;608
25;2025-12-12;20;353
25;2025-12-12;21;242
25;2025-12-12;22;124
25;2025-12-12;23;13
25;2025-12-13;0;2
25;2025-12-13;1;0
25;2025-12-13;2;0
25;2025-12-13;3;0
25;2025-12-13;4;0
25;2025-12-13;5;10
25;2025-12-13;6;95
25;2025-12-13;7;141
25;2025-12-13;8;308
25;2025-12-13;9;274
25;2025-12-13;10;299
25;2025-12-13;11;370
25;2025-12-13;12;408
25;2025-12-13;13;591
25;2025-12-13;14;605
25;2025-12-13;15;689
25;2025-12-13;16;632
25;2025-12-13;17;558
25;2025-12-13;18;507
25;2025-12-13;19;419
25;2025-12-13;20;265
25;2025-12-13;21;204
25;2025-12-13;22;127
25;2025-12-13;23;48
25;2025-12-14;0;11
25;2025-12-14;1;0
25;2025-12-14;2;0
25;2025-12-14;3;0
25;2025-12-14;4;0
25;2025-12-14;5;4
25;2025-12-14;6;55
25;2025-12-14;7;78
25;2025-12-14;8;162
25;2025-12-14;9;214
25;2025-12-14;10;221
25;2025-12-14;11;299
25;2025-12-14;12;364
25;2025-12-14;13;469
25;2025-12-14;14;510
25;2025-12-14;15;572
25;2025-12-14;16;507
25;2025-12-14;17;489
25;2025-12-14;18;416
25;2025-12-14;19;315
25;2025-12-14;20;243
25;2025-12-14;21;177
25;2025-12-14;22;103
25;2025-12-14;23;39
25;2025-12-15;0;6
25;2025-12-15;1;0
25;2025-12-15;2;0
25;2025-12-15;3;0
25;2025-12-15;4;0
25;2025-12-15;5;12
25;2025-12-15;6;213
25;2025-12-15;7;577
25;2025-12-15;8;1033
25;2025-12-15;9;528
25;2025-12-15;10;361
25;2025-12-15;11;392
25;2025-12-15;12;413
25;2025-12-15;13;530
25;2025-12-15;14;485
25;2025-12-15;15;549
25;2025-12-15;16;707
25;2025-12-15;17;790
25;2025-12-15;18;837
25;2025-12-15;19;585
25;2025-12-15;20;336
25;2025-12-15;21;216
25;2025-12-15;22;108
25;2025-12-15;23;14
25;2025-12-16;0;1
25;2025-12-16;1;0
25;2025-12-16;2;0
25;2025-12-16;3;0
25;2025-12-16;4;0
25;2025-12-16;5;16
25;2025-12-16;6;231
25;2025-12-16;7;595
25;2025-12-16;8;993
25;2025-12-16;9;500
25;2025-12-16;10;405
25;2025-12-16;11;447
25;2025-12-16;12;445
25;2025-12-16;13;505
25;2025-12-16;14;493
25;2025-12-16;15;595
25;2025-12-16;16;719
25;2025-12-16;17;815
25;2025-12-16;18;845
25;2025-12-16;19;587
25;2025-12-16;20;342
25;2025-12-16;21;231
25;2025-12-16;22;105
25;2025-12-16;23;4
25;2025-12-17;0;1
25;2025-12-17;1;0
25;2025-12-17;2;0
25;2025-12-17;3;0
25;2025-12-17;4;0
25;2025-12-17;5;11
25;2025-12-17;6;230
25;2025-12-17;7;590
25;2025-12-17;8;996
25;2025-12-17;9;501
25;2025-12-17;10;402
25;2025-12-17;11;443
25;2025-12-17;12;441
25;2025-12-17;13;532
25;2025-12-17;14;500
25;2025-12-17;15;598
25;2025-12-17;16;723
25;2025-12-17;17;818
25;2025-12-17;18;846
25;2025-12-17;19;588
25;2025-12-17;20;344
25;2025-12-17;21;234
25;2025-12-17;22;107
25;2025-12-17;23;5
25;2025-12-18;0;1
25;2025-12-18;1;0
25;2025-12-18;2;0
25;2025-12-18;3;0
25;2025-12-18;4;0
25;2025-12-18;5;10
25;2025-12-18;6;227
25;2025-12-18;7;588
25;2025-12-18;8;991
25;2025-12-18;9;499
25;2025-12-18;10;402
25;2025-12-18;11;443
25;2025-12-18;12;441
25;2025-12-18;13;531
25;2025-12-18;14;499
25;2025-12-18;15;597
25;2025-12-18;16;722
25;2025-12-18;17;818
25;2025-12-18;18;846
25;2025-12-18;19;588
25;2025-12-18;20;343
25;2025-12-18;21;233
25;2025-12-18;22;107
25;2025-12-18;23;6
25;2025-12-19;0;1
25;2025-12-19;1;0
25;2025-12-19;2;0
25;2025-12-19;3;0
25;2025-12-19;4;0
25;2025-12-19;5;10
25;2025-12-19;6;236
25;2025-12-19;7;625
25;2025-12-19;8;988
25;2025-12-19;9;494
25;2025-12-19;10;423
25;2025-12-19;11;472
25;2025-12-19;12;459
25;2025-12-19;13;561
25;2025-12-19;14;517
25;2025-12-19;15;647
25;2025-12-19;16;836
25;2025-12-19;17;842
25;2025-12-19;18;761
25;2025-12-19;19;603
25;2025-12-19;20;350
25;2025-12-19;21;238
25;2025-12-19;22;124
25;2025-12-19;23;15
25;2025-12-20;0;2
25;2025-12-20;1;0
25;2025-12-20;2;0
25;2025-12-20;3;0
25;2025-12-20;4;0
25;2025-12-20;5;11
25;2025-12-20;6;100
25;2025-12-20;7;148
25;2025-12-20;8;315
25;2025-12-20;9;282
25;2025-12-20;10;308
25;2025-12-20;11;380
25;2025-12-20;12;428
25;2025-12-20;13;610
25;2025-12-20;14;610
25;2025-12-20;15;689
25;2025-12-20;16;631
25;2025-12-20;17;557
25;2025-12-20;18;496
25;2025-12-20;19;419
25;2025-12-20;20;270
25;2025-12-20;21;210
25;2025-12-20;22;125
25;2025-12-20;23;51
25;2025-12-21;0;11
25;2025-12-21;1;0
25;2025-12-21;2;0
25;2025-12-21;3;0
25;2025-12-21;4;0
25;2025-12-21;5;5
25;2025-12-21;6;69
25;2025-12-21;7;104
25;2025-12-21;8;194
25;2025-12-21;9;224
25;2025-12-21;10;232
25;2025-12-21;11;303
25;2025-12-21;12;373
25;2025-12-21;13;476
25;2025-12-21;14;509
25;2025-12-21;15;569
25;2025-12-21;16;500
25;2025-12-21;17;482
25;2025-12-21;18;405
25;2025-12-21;19;307
25;2025-12-21;20;238
25;2025-12-21;21;171
25;2025-12-21;22;101
25;2025-12-21;23;39
25;2025-12-22;0;6
25;2025-12-22;1;0
25;2025-12-22;2;0
25;2025-12-22;3;0
25;2025-12-22;4;0
25;2025-12-22;5;13
25;2025-12-22;6;226
25;2025-12-22;7;588
25;2025-12-22;8;1050
25;2025-12-22;9;539
25;2025-12-22;10;390
25;2025-12-22;11;415
25;2025-12-22;12;421
25;2025-12-22;13;526
25;2025-12-22;14;480
25;2025-12-22;15;536
25;2025-12-22;16;702
25;2025-12-22;17;779
25;2025-12-22;18;809
25;2025-12-22;19;565
25;2025-12-22;20;326
25;2025-12-22;21;210
25;2025-12-22;22;99
25;2025-12-22;23;3
25;2025-12-23;0;1
25;2025-12-23;1;0
25;2025-12-23;2;0
25;2025-12-23;3;0
25;2025-12-23;4;0
25;2025-12-23;5;12
25;2025-12-23;6;233
25;2025-12-23;7;596
25;2025-12-23;8;1000
25;2025-12-23;9;507
25;2025-12-23;10;404
25;2025-12-23;11;446
25;2025-12-23;12;445
25;2025-12-23;13;530
25;2025-12-23;14;494
25;2025-12-23;15;592
25;2025-12-23;16;717
25;2025-12-23;17;814
25;2025-12-23;18;845
25;2025-12-23;19;598
25;2025-12-23;20;347
25;2025-12-23;21;238
25;2025-12-23;22;109
25;2025-12-23;23;6
25;2025-12-24;0;1
25;2025-12-24;1;0
25;2025-12-24;2;0
25;2025-12-24;3;0
25;2025-12-24;4;0
25;2025-12-24;5;13
25;2025-12-24;6;236
25;2025-12-24;7;597
25;2025-12-24;8;996
25;2025-12-24;9;509
25;2025-12-24;10;411
25;2025-12-24;11;454
25;2025-12-24;12;442
25;2025-12-24;13;526
25;2025-12-24;14;504
25;2025-12-24;15;593
25;2025-12-24;16;723
25;2025-12-24;17;820
25;2025-12-24;18;845
25;2025-12-24;19;598
25;2025-12-24;20;350
25;2025-12-24;21;232
25;2025-12-24;22;105
25;2025-12-24;23;4
25;2025-12-25;0;1
25;2025-12-25;1;0
25;2025-12-25;2;0
25;2025-12-25;3;0
25;2025-12-25;4;0
25;2025-12-25;5;13
25;2025-12-25;6;239
25;2025-12-25;7;588
25;2025-12-25;8;988
25;2025-12-25;9;495
25;2025-12-25;10;397
25;2025-12-25;11;435
25;2025-12-25;12;437
25;2025-12-25;13;532
25;2025-12-25;14;500
25;2025-12-25;15;606
25;2025-12-25;16;732
25;2025-12-25;17;814
25;2025-12-25;18;837
25;2025-12-25;19;584
25;2025-12-25;20;336
25;2025-12-25;21;230
25;2025-12-25;22;103
25;2025-12-25;23;5
25;2025-12-26;0;1
25;2025-12-26;1;0
25;2025-12-26;2;0
25;2025-12-26;3;0
25;2025-12-26;4;0
25;2025-12-26;5;10
25;2025-12-26;6;238
25;2025-12-26;7;628
25;2025-12-26;8;1030
25;2025-12-26;9;493
25;2025-12-26;10;405
25;2025-12-26;11;472
25;2025-12-26;12;437
25;2025-12-26;13;544
25;2025-12-26;14;506
25;2025-12-26;15;640
25;2025-12-26;16;829
25;2025-12-26;17;827
25;2025-12-26;18;758
25;2025-12-26;19;599
25;2025-12-26;20;347
25;2025-12-26;21;234
25;2025-12-26;22;119
25;2025-12-26;23;14
25;2025-12-27;0;2
25;2025-12-27;1;0
25;2025-12-27;2;0
25;2025-12-27;3;0
25;2025-12-27;4;0
25;2025-12-27;5;11
25;2025-12-27;6;100
25;2025-12-27;7;148
25;2025-12-27;8;316
25;2025-12-27;9;276
25;2025-12-27;10;308
25;2025-12-27;11;380
25;2025-12-27;12;420
25;2025-12-27;13;602
25;2025-12-27;14;608
25;2025-12-27;15;679
25;2025-12-27;16;623
25;2025-12-27;17;559
25;2025-12-27;18;499
25;2025-12-27;19;419
25;2025-12-27;20;269
25;2025-12-27;21;209
25;2025-12-27;22;120
25;2025-12-27;23;48
25;2025-12-28;0;11
25;2025-12-28;1;0
25;2025-12-28;2;0
25;2025-12-28;3;0
25;2025-12-28;4;0
25;2025-12-28;5;5
25;2025-12-28;6;83
25;2025-12-28;7;97
25;2025-12-28;8;199
25;2025-12-28;9;226
25;2025-12-28;10;218
25;2025-12-28;11;286
25;2025-12-28;12;341
25;2025-12-28;13;434
25;2025-12-28;14;473
25;2025-12-28;15;538
25;2025-12-28;16;503
25;2025-12-28;17;484
25;2025-12-28;18;407
25;2025-12-28;19;301
25;2025-12-28;20;232
25;2025-12-28;21;166
25;2025-12-28;22;99
25;2025-12-28;23;40
25;2025-12-29;0;5
25;2025-12-29;1;0
25;2025-12-29;2;0
25;2025-12-29;3;0
25;2025-12-29;4;0
25;2025-12-29;5;14
25;2025-12-29;6;209
25;2025-12-29;7;553
25;2025-12-29;8;966
25;2025-12-29;9;497
25;2025-12-29;10;347
25;2025-12-29;11;381
25;2025-12-29;12;387
25;2025-12-29;13;480
25;2025-12-29;14;446
25;2025-12-29;15;501
25;2025-12-29;16;656
25;2025-12-29;17;735
25;2025-12-29;18;767
25;2025-12-29;19;528
25;2025-12-29;20;304
25;2025-12-29;21;193
25;2025-12-29;22;94
25;2025-12-29;23;4
25;2025-12-30;0;1
25;2025-12-30;1;0
25;2025-12-30;2;0
25;2025-12-30;3;0
25;2025-12-30;4;0
25;2025-12-30;5;9
25;2025-12-30;6;204
25;2025-12-30;7;551
25;2025-12-30;8;950
25;2025-12-30;9;463
25;2025-12-30;10;361
25;2025-12-30;11;392
25;2025-12-30;12;396
25;2025-12-30;13;465
25;2025-12-30;14;447
25;2025-12-30;15;545
25;2025-12-30;16;664
25;2025-12-30;17;741
25;2025-12-30;18;778
25;2025-12-30;19;533
25;2025-12-30;20;307
25;2025-12-30;21;206
25;2025-12-30;22;95
25;2025-12-30;23;2
25;2025-12-31;0;8
25;2025-12-31;1;0
25;2025-12-31;2;0
25;2025-12-31;3;0
25;2025-12-31;4;0
25;2025-12-31;5;4
25;2025-12-31;6;42
25;2025-12-31;7;42
25;2025-12-31;8;98
25;2025-12-31;9;94
25;2025-12-31;10;90
25;2025-12-31;11;139
25;2025-12-31;12;224
25;2025-12-31;13;297
25;2025-12-31;14;335
25;2025-12-31;15;401
25;2025-12-31;16;378
25;2025-12-31;17;366
25;2025-12-31;18;299
25;2025-12-31;19;223
25;2025-12-31;20;183
25;2025-12-31;21;123
25;2025-12-31;22;52
25;2025-12-31;23;14
26;2025-11-01;0;30
26;2025-11-01;1;0
26;2025-11-01;2;0
26;2025-11-01;3;0
26;2025-11-01;4;2
26;2025-11-01;5;76
26;2025-11-01;6;455
26;2025-11-01;7;999
26;2025-11-01;8;1923
26;2025-11-01;9;1294
26;2025-11-01;10;1127
26;2025-11-01;11;1054
26;2025-11-01;12;1092
26;2025-11-01;13;1125
26;2025-11-01;14;1228
26;2025-11-01;15;1316
26;2025-11-01;16;1475
26;2025-11-01;17;1587
26;2025-11-01;18;1279
26;2025-11-01;19;1004
26;2025-11-01;20;639
26;2025-11-01;21;427
26;2025-11-01;22;202
26;2025-11-01;23;140
26;2025-11-02;0;47
26;2025-11-02;1;4
26;2025-11-02;2;0
26;2025-11-02;3;0
26;2025-11-02;4;1
26;2025-11-02;5;26
26;2025-11-02;6;155
26;2025-11-02;7;258
26;2025-11-02;8;384
26;2025-11-02;9;530
26;2025-11-02;10;595
26;2025-11-02;11;792
26;2025-11-02;12;836
26;2025-11-02;13;830
26;2025-11-02;14;875
26;2025-11-02;15;826
26;2025-11-02;16;790
26;2025-11-02;17;796
26;2025-11-02;18;719
26;2025-11-02;19;546
26;2025-11-02;20;404
26;2025-11-02;21;294
26;2025-11-02;22;172
26;2025-11-02;23;99
26;2025-11-03;0;44
26;2025-11-03;1;3
26;2025-11-03;2;0
26;2025-11-03;3;0
26;2025-11-03;4;1
26;2025-11-03;5;47
26;2025-11-03;6;192
26;2025-11-03;7;284
26;2025-11-03;8;395
26;2025-11-03;9;501
26;2025-11-03;10;545
26;2025-11-03;11;670
26;2025-11-03;12;689
26;2025-11-03;13;721
26;2025-11-03;14;727
26;2025-11-03;15;700
26;2025-11-03;16;727
26;2025-11-03;17;740
26;2025-11-03;18;697
26;2025-11-03;19;577
26;2025-11-03;20;443
26;2025-11-03;21;327
26;2025-11-03;22;206
26;2025-11-03;23;135
26;2025-11-04;0;45
26;2025-11-04;1;3
26;2025-11-04;2;0
26;2025-11-04;3;0
26;2025-11-04;4;1
26;2025-11-04;5;43
26;2025-11-04;6;187
26;2025-11-04;7;280
26;2025-11-04;8;398
26;2025-11-04;9;486
26;2025-11-04;10;522
26;2025-11-04;11;660
26;2025-11-04;12;662
26;2025-11-04;13;705
26;2025-11-04;14;798
26;2025-11-04;15;745
26;2025-11-04;16;730
26;2025-11-04;17;739
26;2025-11-04;18;700
26;2025-11-04;19;571
26;2025-11-04;20;437
26;2025-11-04;21;324
26;2025-11-04;22;201
26;2025-11-04;23;131
26;2025-11-05;0;31
26;2025-11-05;1;0
26;2025-11-05;2;0
26;2025-11-05;3;0
26;2025-11-05;4;2
26;2025-11-05;5;95
26;2025-11-05;6;493
26;2025-11-05;7;1138
26;2025-11-05;8;2229
26;2025-11-05;9;1511
26;2025-11-05;10;1232
26;2025-11-05;11;1186
26;2025-11-05;12;1210
26;2025-11-05;13;1223
26;2025-11-05;14;1349
26;2025-11-05;15;1415
26;2025-11-05;16;1518
26;2025-11-05;17;1769
26;2025-11-05;18;1890
26;2025-11-05;19;1283
26;2025-11-05;20;790
26;2025-11-05;21;494
26;2025-11-05;22;227
26;2025-11-05;23;127
26;2025-11-06;0;33
26;2025-11-06;1;0
26;2025-11-06;2;0
26;2025-11-06;3;0
26;2025-11-06;4;2
26;2025-11-06;5;95
26;2025-11-06;6;494
26;2025-11-06;7;1141
26;2025-11-06;8;2232
26;2025-11-06;9;1511
26;2025-11-06;10;1237
26;2025-11-06;11;1173
26;2025-11-06;12;1211
26;2025-11-06;13;1223
26;2025-11-06;14;1349
26;2025-11-06;15;1407
26;2025-11-06;16;1513
26;2025-11-06;17;1773
26;2025-11-06;18;1892
26;2025-11-06;19;1283
26;2025-11-06;20;793
26;2025-11-06;21;497
26;2025-11-06;22;231
26;2025-11-06;23;134
26;2025-11-07;0;33
26;2025-11-07;1;1
26;2025-11-07;2;0
26;2025-11-07;3;0
26;2025-11-07;4;1
26;2025-11-07;5;89
26;2025-11-07;6;497
26;2025-11-07;7;1085
26;2025-11-07;8;2101
26;2025-11-07;9;1401
26;2025-11-07;10;1213
26;2025-11-07;11;1140
26;2025-11-07;12;1180
26;2025-11-07;13;1216
26;2025-11-07;14;1335
26;2025-11-07;15;1427
26;2025-11-07;16;1605
26;2025-11-07;17;1729
26;2025-11-07;18;1385
26;2025-11-07;19;1087
26;2025-11-07;20;693
26;2025-11-07;21;464
26;2025-11-07;22;219
26;2025-11-07;23;152
26;2025-11-08;0;48
26;2025-11-08;1;2
26;2025-11-08;2;0
26;2025-11-08;3;0
26;2025-11-08;4;2
26;2025-11-08;5;53
26;2025-11-08;6;245
26;2025-11-08;7;366
26;2025-11-08;8;594
26;2025-11-08;9;691
26;2025-11-08;10;797
26;2025-11-08;11;928
26;2025-11-08;12;1020
26;2025-11-08;13;1031
26;2025-11-08;14;1058
26;2025-11-08;15;1000
26;2025-11-08;16;1016
26;2025-11-08;17;958
26;2025-11-08;18;885
26;2025-11-08;19;761
26;2025-11-08;20;517
26;2025-11-08;21;356
26;2025-11-08;22;218
26;2025-11-08;23;153
26;2025-11-09;0;48
26;2025-11-09;1;4
26;2025-11-09;2;0
26;2025-11-09;3;0
26;2025-11-09;4;1
26;2025-11-09;5;35
26;2025-11-09;6;166
26;2025-11-09;7;272
26;2025-11-09;8;404
26;2025-11-09;9;539
26;2025-11-09;10;596
26;2025-11-09;11;793
26;2025-11-09;12;844
26;2025-11-09;13;880
26;2025-11-09;14;879
26;2025-11-09;15;830
26;2025-11-09;16;797
26;2025-11-09;17;808
26;2025-11-09;18;724
26;2025-11-09;19;550
26;2025-11-09;20;409
26;2025-11-09;21;297
26;2025-11-09;22;172
26;2025-11-09;23;99
26;2025-11-10;0;26
26;2025-11-10;1;2
26;2025-11-10;2;0
26;2025-11-10;3;0
26;2025-11-10;4;1
26;2025-11-10;5;93
26;2025-11-10;6;492
26;2025-11-10;7;1148
26;2025-11-10;8;2212
26;2025-11-10;9;1467
26;2025-11-10;10;1193
26;2025-11-10;11;1070
26;2025-11-10;12;1092
26;2025-11-10;13;1158
26;2025-11-10;14;1238
26;2025-11-10;15;1335
26;2025-11-10;16;1451
26;2025-11-10;17;1742
26;2025-11-10;18;1907
26;2025-11-10;19;1245
26;2025-11-10;20;759
26;2025-11-10;21;466
26;2025-11-10;22;205
26;2025-11-10;23;104
26;2025-11-11;0;30
26;2025-11-11;1;0
26;2025-11-11;2;0
26;2025-11-11;3;0
26;2025-11-11;4;2
26;2025-11-11;5;95
26;2025-11-11;6;493
26;2025-11-11;7;1137
26;2025-11-11;8;2231
26;2025-11-11;9;1509
26;2025-11-11;10;1219
26;2025-11-11;11;1169
26;2025-11-11;12;1198
26;2025-11-11;13;1219
26;2025-11-11;14;1335
26;2025-11-11;15;1399
26;2025-11-11;16;1506
26;2025-11-11;17;1759
26;2025-11-11;18;1890
26;2025-11-11;19;1277
26;2025-11-11;20;789
26;2025-11-11;21;491
26;2025-11-11;22;223
26;2025-11-11;23;120
26;2025-11-12;0;31
26;2025-11-12;1;0
26;2025-11-12;2;0
26;2025-11-12;3;0
26;2025-11-12;4;2
26;2025-11-12;5;94
26;2025-11-12;6;492
26;2025-11-12;7;1136
26;2025-11-12;8;2225
26;2025-11-12;9;1507
26;2025-11-12;10;1220
26;2025-11-12;11;1160
26;2025-11-12;12;1188
26;2025-11-12;13;1202
26;2025-11-12;14;1327
26;2025-11-12;15;1392
26;2025-11-12;16;1507
26;2025-11-12;17;1762
26;2025-11-12;18;1874
26;2025-11-12;19;1276
26;2025-11-12;20;790
26;2025-11-12;21;493
26;2025-11-12;22;226
26;2025-11-12;23;127
26;2025-11-13;0;32
26;2025-11-13;1;0
26;2025-11-13;2;0
26;2025-11-13;3;0
26;2025-11-13;4;2
26;2025-11-13;5;94
26;2025-11-13;6;493
26;2025-11-13;7;1137
26;2025-11-13;8;2227
26;2025-11-13;9;1510
26;2025-11-13;10;1233
26;2025-11-13;11;1180
26;2025-11-13;12;1207
26;2025-11-13;13;1220
26;2025-11-13;14;1339
26;2025-11-13;15;1409
26;2025-11-13;16;1515
26;2025-11-13;17;1767
26;2025-11-13;18;1888
26;2025-11-13;19;1280
26;2025-11-13;20;791
26;2025-11-13;21;494
26;2025-11-13;22;227
26;2025-11-13;23;131
26;2025-11-14;0;32
26;2025-11-14;1;1
26;2025-11-14;2;0
26;2025-11-14;3;0
26;2025-11-14;4;1
26;2025-11-14;5;82
26;2025-11-14;6;492
26;2025-11-14;7;1078
26;2025-11-14;8;2096
26;2025-11-14;9;1401
26;2025-11-14;10;1228
26;2025-11-14;11;1143
26;2025-11-14;12;1181
26;2025-11-14;13;1214
26;2025-11-14;14;1332
26;2025-11-14;15;1424
26;2025-11-14;16;1602
26;2025-11-14;17;1726
26;2025-11-14;18;1380
26;2025-11-14;19;1084
26;2025-11-14;20;681
26;2025-11-14;21;453
26;2025-11-14;22;207
26;2025-11-14;23;145
26;2025-11-15;0;46
26;2025-11-15;1;1
26;2025-11-15;2;0
26;2025-11-15;3;0
26;2025-11-15;4;2
26;2025-11-15;5;54
26;2025-11-15;6;235
26;2025-11-15;7;358
26;2025-11-15;8;602
26;2025-11-15;9;694
26;2025-11-15;10;775
26;2025-11-15;11;893
26;2025-11-15;12;980
26;2025-11-15;13;1007
26;2025-11-15;14;1085
26;2025-11-15;15;1017
26;2025-11-15;16;1031
26;2025-11-15;17;971
26;2025-11-15;18;888
26;2025-11-15;19;765
26;2025-11-15;20;513
26;2025-11-15;21;349
26;2025-11-15;22;211
26;2025-11-15;23;143
26;2025-11-16;0;46
26;2025-11-16;1;5
26;2025-11-16;2;0
26;2025-11-16;3;0
26;2025-11-16;4;1
26;2025-11-16;5;10
26;2025-11-16;6;149
26;2025-11-16;7;238
26;2025-11-16;8;346
26;2025-11-16;9;493
26;2025-11-16;10;557
26;2025-11-16;11;769
26;2025-11-16;12;813
26;2025-11-16;13;852
26;2025-11-16;14;848
26;2025-11-16;15;794
26;2025-11-16;16;763
26;2025-11-16;17;767
26;2025-11-16;18;685
26;2025-11-16;19;526
26;2025-11-16;20;390
26;2025-11-16;21;280
26;2025-11-16;22;164
26;2025-11-16;23;97
26;2025-11-17;0;27
26;2025-11-17;1;2
26;2025-11-17;2;0
26;2025-11-17;3;0
26;2025-11-17;4;1
26;2025-11-17;5;91
26;2025-11-17;6;490
26;2025-11-17;7;1134
26;2025-11-17;8;2197
26;2025-11-17;9;1457
26;2025-11-17;10;1195
26;2025-11-17;11;1065
26;2025-11-17;12;1090
26;2025-11-17;13;1122
26;2025-11-17;14;1220
26;2025-11-17;15;1319
26;2025-11-17;16;1437
26;2025-11-17;17;1724
26;2025-11-17;18;1901
26;2025-11-17;19;1238
26;2025-11-17;20;756
26;2025-11-17;21;469
26;2025-11-17;22;204
26;2025-11-17;23;104
26;2025-11-18;0;30
26;2025-11-18;1;0
26;2025-11-18;2;0
26;2025-11-18;3;0
26;2025-11-18;4;3
26;2025-11-18;5;83
26;2025-11-18;6;492
26;2025-11-18;7;1145
26;2025-11-18;8;2245
26;2025-11-18;9;1504
26;2025-11-18;10;1193
26;2025-11-18;11;1160
26;2025-11-18;12;1188
26;2025-11-18;13;1200
26;2025-11-18;14;1317
26;2025-11-18;15;1392
26;2025-11-18;16;1511
26;2025-11-18;17;1757
26;2025-11-18;18;1873
26;2025-11-18;19;1279
26;2025-11-18;20;784
26;2025-11-18;21;489
26;2025-11-18;22;222
26;2025-11-18;23;120
26;2025-11-19;0;31
26;2025-11-19;1;0
26;2025-11-19;2;0
26;2025-11-19;3;0
26;2025-11-19;4;2
26;2025-11-19;5;94
26;2025-11-19;6;492
26;2025-11-19;7;1135
26;2025-11-19;8;2225
26;2025-11-19;9;1506
26;2025-11-19;10;1219
26;2025-11-19;11;1166
26;2025-11-19;12;1185
26;2025-11-19;13;1199
26;2025-11-19;14;1316
26;2025-11-19;15;1388
26;2025-11-19;16;1499
26;2025-11-19;17;1752
26;2025-11-19;18;1879
26;2025-11-19;19;1274
26;2025-11-19;20;788
26;2025-11-19;21;493
26;2025-11-19;22;227
26;2025-11-19;23;125
26;2025-11-20;0;32
26;2025-11-20;1;0
26;2025-11-20;2;0
26;2025-11-20;3;0
26;2025-11-20;4;2
26;2025-11-20;5;93
26;2025-11-20;6;490
26;2025-11-20;7;1133
26;2025-11-20;8;2218
26;2025-11-20;9;1505
26;2025-11-20;10;1219
26;2025-11-20;11;1166
26;2025-11-20;12;1185
26;2025-11-20;13;1198
26;2025-11-20;14;1317
26;2025-11-20;15;1388
26;2025-11-20;16;1497
26;2025-11-20;17;1752
26;2025-11-20;18;1879
26;2025-11-20;19;1266
26;2025-11-20;20;783
26;2025-11-20;21;488
26;2025-11-20;22;223
26;2025-11-20;23;129
26;2025-11-21;0;31
26;2025-11-21;1;1
26;2025-11-21;2;0
26;2025-11-21;3;0
26;2025-11-21;4;1
26;2025-11-21;5;88
26;2025-11-21;6;493
26;2025-11-21;7;1067
26;2025-11-21;8;2087
26;2025-11-21;9;1392
26;2025-11-21;10;1210
26;2025-11-21;11;1127
26;2025-11-21;12;1145
26;2025-11-21;13;1195
26;2025-11-21;14;1305
26;2025-11-21;15;1398
26;2025-11-21;16;1586
26;2025-11-21;17;1710
26;2025-11-21;18;1371
26;2025-11-21;19;1078
26;2025-11-21;20;687
26;2025-11-21;21;460
26;2025-11-21;22;217
26;2025-11-21;23;149
26;2025-11-22;0;47
26;2025-11-22;1;2
26;2025-11-22;2;0
26;2025-11-22;3;0
26;2025-11-22;4;2
26;2025-11-22;5;51
26;2025-11-22;6;238
26;2025-11-22;7;362
26;2025-11-22;8;598
26;2025-11-22;9;695
26;2025-11-22;10;824
26;2025-11-22;11;959
26;2025-11-22;12;1047
26;2025-11-22;13;1063
26;2025-11-22;14;1085
26;2025-11-22;15;1020
26;2025-11-22;16;1033
26;2025-11-22;17;973
26;2025-11-22;18;894
26;2025-11-22;19;765
26;2025-11-22;20;520
26;2025-11-22;21;343
26;2025-11-22;22;209
26;2025-11-22;23;149
26;2025-11-23;0;46
26;2025-11-23;1;5
26;2025-11-23;2;0
26;2025-11-23;3;0
26;2025-11-23;4;1
26;2025-11-23;5;25
26;2025-11-23;6;155
26;2025-11-23;7;254
26;2025-11-23;8;385
26;2025-11-23;9;525
26;2025-11-23;10;588
26;2025-11-23;11;785
26;2025-11-23;12;837
26;2025-11-23;13;871
26;2025-11-23;14;869
26;2025-11-23;15;813
26;2025-11-23;16;781
26;2025-11-23;17;786
26;2025-11-23;18;688
26;2025-11-23;19;529
26;2025-11-23;20;398
26;2025-11-23;21;283
26;2025-11-23;22;166
26;2025-11-23;23;99
26;2025-11-24;0;27
26;2025-11-24;1;1
26;2025-11-24;2;0
26;2025-11-24;3;0
26;2025-11-24;4;1
26;2025-11-24;5;86
26;2025-11-24;6;485
26;2025-11-24;7;1163
26;2025-11-24;8;2197
26;2025-11-24;9;1466
26;2025-11-24;10;1168
26;2025-11-24;11;1043
26;2025-11-24;12;1093
26;2025-11-24;13;1159
26;2025-11-24;14;1232
26;2025-11-24;15;1332
26;2025-11-24;16;1455
26;2025-11-24;17;1736
26;2025-11-24;18;1901
26;2025-11-24;19;1243
26;2025-11-24;20;757
26;2025-11-24;21;465
26;2025-11-24;22;205
26;2025-11-24;23;104
26;2025-11-25;0;30
26;2025-11-25;1;0
26;2025-11-25;2;0
26;2025-11-25;3;0
26;2025-11-25;4;2
26;2025-11-25;5;95
26;2025-11-25;6;494
26;2025-11-25;7;1135
26;2025-11-25;8;2227
26;2025-11-25;9;1509
26;2025-11-25;10;1222
26;2025-11-25;11;1165
26;2025-11-25;12;1183
26;2025-11-25;13;1203
26;2025-11-25;14;1317
26;2025-11-25;15;1386
26;2025-11-25;16;1497
26;2025-11-25;17;1752
26;2025-11-25;18;1885
26;2025-11-25;19;1275
26;2025-11-25;20;788
26;2025-11-25;21;491
26;2025-11-25;22;223
26;2025-11-25;23;121
26;2025-11-26;0;31
26;2025-11-26;1;1
26;2025-11-26;2;0
26;2025-11-26;3;0
26;2025-11-26;4;2
26;2025-11-26;5;98
26;2025-11-26;6;497
26;2025-11-26;7;1160
26;2025-11-26;8;2252
26;2025-11-26;9;1519
26;2025-11-26;10;1215
26;2025-11-26;11;1164
26;2025-11-26;12;1185
26;2025-11-26;13;1197
26;2025-11-26;14;1313
26;2025-11-26;15;1383
26;2025-11-26;16;1488
26;2025-11-26;17;1741
26;2025-11-26;18;1866
26;2025-11-26;19;1278
26;2025-11-26;20;786
26;2025-11-26;21;491
26;2025-11-26;22;225
26;2025-11-26;23;125
26;2025-11-27;0;32
26;2025-11-27;1;0
26;2025-11-27;2;0
26;2025-11-27;3;0
26;2025-11-27;4;2
26;2025-11-27;5;94
26;2025-11-27;6;493
26;2025-11-27;7;1138
26;2025-11-27;8;2221
26;2025-11-27;9;1510
26;2025-11-27;10;1229
26;2025-11-27;11;1167
26;2025-11-27;12;1193
26;2025-11-27;13;1207
26;2025-11-27;14;1324
26;2025-11-27;15;1404
26;2025-11-27;16;1515
26;2025-11-27;17;1752
26;2025-11-27;18;1863
26;2025-11-27;19;1284
26;2025-11-27;20;790
26;2025-11-27;21;494
26;2025-11-27;22;228
26;2025-11-27;23;133
26;2025-11-28;0;30
26;2025-11-28;1;0
26;2025-11-28;2;0
26;2025-11-28;3;0
26;2025-11-28;4;1
26;2025-11-28;5;82
26;2025-11-28;6;492
26;2025-11-28;7;1077
26;2025-11-28;8;2086
26;2025-11-28;9;1392
26;2025-11-28;10;1208
26;2025-11-28;11;1123
26;2025-11-28;12;1157
26;2025-11-28;13;1199
26;2025-11-28;14;1313
26;2025-11-28;15;1409
26;2025-11-28;16;1587
26;2025-11-28;17;1711
26;2025-11-28;18;1366
26;2025-11-28;19;1076
26;2025-11-28;20;683
26;2025-11-28;21;457
26;2025-11-28;22;216
26;2025-11-28;23;148
26;2025-11-29;0;47
26;2025-11-29;1;2
26;2025-11-29;2;0
26;2025-11-29;3;0
26;2025-11-29;4;2
26;2025-11-29;5;51
26;2025-11-29;6;245
26;2025-11-29;7;363
26;2025-11-29;8;586
26;2025-11-29;9;712
26;2025-11-29;10;823
26;2025-11-29;11;958
26;2025-11-29;12;1045
26;2025-11-29;13;1060
26;2025-11-29;14;1085
26;2025-11-29;15;1017
26;2025-11-29;16;1031
26;2025-11-29;17;971
26;2025-11-29;18;888
26;2025-11-29;19;765
26;2025-11-29;20;520
26;2025-11-29;21;358
26;2025-11-29;22;220
26;2025-11-29;23;153
26;2025-11-30;0;46
26;2025-11-30;1;4
26;2025-11-30;2;0
26;2025-11-30;3;0
26;2025-11-30;4;1
26;2025-11-30;5;25
26;2025-11-30;6;157
26;2025-11-30;7;257
26;2025-11-30;8;386
26;2025-11-30;9;524
26;2025-11-30;10;587
26;2025-11-30;11;784
26;2025-11-30;12;835
26;2025-11-30;13;871
26;2025-11-30;14;875
26;2025-11-30;15;823
26;2025-11-30;16;790
26;2025-11-30;17;801
26;2025-11-30;18;715
26;2025-11-30;19;546
26;2025-11-30;20;406
26;2025-11-30;21;297
26;2025-11-30;22;172
26;2025-11-30;23;102
26;2025-12-01;0;27
26;2025-12-01;1;2
26;2025-12-01;2;0
26;2025-12-01;3;0
26;2025-12-01;4;1
26;2025-12-01;5;93
26;2025-12-01;6;497
26;2025-12-01;7;1157
26;2025-12-01;8;2229
26;2025-12-01;9;1477
26;2025-12-01;10;1203
26;2025-12-01;11;1083
26;2025-12-01;12;1107
26;2025-12-01;13;1169
26;2025-12-01;14;1240
26;2025-12-01;15;1343
26;2025-12-01;16;1457
26;2025-12-01;17;1750
26;2025-12-01;18;1920
26;2025-12-01;19;1255
26;2025-12-01;20;765
26;2025-12-01;21;470
26;2025-12-01;22;207
26;2025-12-01;23;106
26;2025-12-02;0;31
26;2025-12-02;1;0
26;2025-12-02;2;0
26;2025-12-02;3;0
26;2025-12-02;4;2
26;2025-12-02;5;97
26;2025-12-02;6;499
26;2025-12-02;7;1147
26;2025-12-02;8;2250
26;2025-12-02;9;1523
26;2025-12-02;10;1233
26;2025-12-02;11;1173
26;2025-12-02;12;1192
26;2025-12-02;13;1212
26;2025-12-02;14;1327
26;2025-12-02;15;1399
26;2025-12-02;16;1511
26;2025-12-02;17;1768
26;2025-12-02;18;1902
26;2025-12-02;19;1287
26;2025-12-02;20;795
26;2025-12-02;21;496
26;2025-12-02;22;225
26;2025-12-02;23;122
26;2025-12-03;0;31
26;2025-12-03;1;0
26;2025-12-03;2;0
26;2025-12-03;3;0
26;2025-12-03;4;2
26;2025-12-03;5;95
26;2025-12-03;6;497
26;2025-12-03;7;1146
26;2025-12-03;8;2245
26;2025-12-03;9;1520
26;2025-12-03;10;1230
26;2025-12-03;11;1176
26;2025-12-03;12;1195
26;2025-12-03;13;1211
26;2025-12-03;14;1328
26;2025-12-03;15;1400
26;2025-12-03;16;1513
26;2025-12-03;17;1770
26;2025-12-03;18;1898
26;2025-12-03;19;1285
26;2025-12-03;20;795
26;2025-12-03;21;496
26;2025-12-03;22;228
26;2025-12-03;23;128
26;2025-12-04;0;32
26;2025-12-04;1;0
26;2025-12-04;2;0
26;2025-12-04;3;0
26;2025-12-04;4;2
26;2025-12-04;5;94
26;2025-12-04;6;495
26;2025-12-04;7;1145
26;2025-12-04;8;2243
26;2025-12-04;9;1518
26;2025-12-04;10;1229
26;2025-12-04;11;1176
26;2025-12-04;12;1196
26;2025-12-04;13;1212
26;2025-12-04;14;1331
26;2025-12-04;15;1404
26;2025-12-04;16;1516
26;2025-12-04;17;1772
26;2025-12-04;18;1901
26;2025-12-04;19;1285
26;2025-12-04;20;794
26;2025-12-04;21;498
26;2025-12-04;22;230
26;2025-12-04;23;132
26;2025-12-05;0;32
26;2025-12-05;1;1
26;2025-12-05;2;0
26;2025-12-05;3;0
26;2025-12-05;4;1
26;2025-12-05;5;80
26;2025-12-05;6;493
26;2025-12-05;7;1083
26;2025-12-05;8;2104
26;2025-12-05;9;1405
26;2025-12-05;10;1221
26;2025-12-05;11;1138
26;2025-12-05;12;1173
26;2025-12-05;13;1208
26;2025-12-05;14;1318
26;2025-12-05;15;1413
26;2025-12-05;16;1602
26;2025-12-05;17;1727
26;2025-12-05;18;1380
26;2025-12-05;19;1087
26;2025-12-05;20;689
26;2025-12-05;21;461
26;2025-12-05;22;218
26;2025-12-05;23;149
26;2025-12-06;0;47
26;2025-12-06;1;2
26;2025-12-06;2;0
26;2025-12-06;3;0
26;2025-12-06;4;2
26;2025-12-06;5;52
26;2025-12-06;6;247
26;2025-12-06;7;366
26;2025-12-06;8;591
26;2025-12-06;9;718
26;2025-12-06;10;830
26;2025-12-06;11;963
26;2025-12-06;12;1056
26;2025-12-06;13;1074
26;2025-12-06;14;1096
26;2025-12-06;15;1033
26;2025-12-06;16;1045
26;2025-12-06;17;981
26;2025-12-06;18;906
26;2025-12-06;19;770
26;2025-12-06;20;521
26;2025-12-06;21;360
26;2025-12-06;22;221
26;2025-12-06;23;153
26;2025-12-07;0;46
26;2025-12-07;1;4
26;2025-12-07;2;0
26;2025-12-07;3;0
26;2025-12-07;4;1
26;2025-12-07;5;26
26;2025-12-07;6;158
26;2025-12-07;7;259
26;2025-12-07;8;389
26;2025-12-07;9;530
26;2025-12-07;10;593
26;2025-12-07;11;792
26;2025-12-07;12;844
26;2025-12-07;13;879
26;2025-12-07;14;877
26;2025-12-07;15;825
26;2025-12-07;16;789
26;2025-12-07;17;800
26;2025-12-07;18;704
26;2025-12-07;19;545
26;2025-12-07;20;403
26;2025-12-07;21;292
26;2025-12-07;22;173
26;2025-12-07;23;103
26;2025-12-08;0;27
26;2025-12-08;1;2
26;2025-12-08;2;0
26;2025-12-08;3;0
26;2025-12-08;4;1
26;2025-12-08;5;93
26;2025-12-08;6;498
26;2025-12-08;7;1157
26;2025-12-08;8;2229
26;2025-12-08;9;1477
26;2025-12-08;10;1203
26;2025-12-08;11;1083
26;2025-12-08;12;1107
26;2025-12-08;13;1166
26;2025-12-08;14;1242
26;2025-12-08;15;1343
26;2025-12-08;16;1457
26;2025-12-08;17;1750
26;2025-12-08;18;1920
26;2025-12-08;19;1255
26;2025-12-08;20;765
26;2025-12-08;21;470
26;2025-12-08;22;207
26;2025-12-08;23;106
26;2025-12-09;0;31
26;2025-12-09;1;0
26;2025-12-09;2;0
26;2025-12-09;3;0
26;2025-12-09;4;2
26;2025-12-09;5;96
26;2025-12-09;6;498
26;2025-12-09;7;1146
26;2025-12-09;8;2248
26;2025-12-09;9;1524
26;2025-12-09;10;1234
26;2025-12-09;11;1173
26;2025-12-09;12;1194
26;2025-12-09;13;1214
26;2025-12-09;14;1328
26;2025-12-09;15;1398
26;2025-12-09;16;1508
26;2025-12-09;17;1766
26;2025-12-09;18;1900
26;2025-12-09;19;1288
26;2025-12-09;20;796
26;2025-12-09;21;497
26;2025-12-09;22;226
26;2025-12-09;23;122
26;2025-12-10;0;31
26;2025-12-10;1;1
26;2025-12-10;2;0
26;2025-12-10;3;0
26;2025-12-10;4;2
26;2025-12-10;5;112
26;2025-12-10;6;516
26;2025-12-10;7;1179
26;2025-12-10;8;2244
26;2025-12-10;9;1539
26;2025-12-10;10;1244
26;2025-12-10;11;1178
26;2025-12-10;12;1198
26;2025-12-10;13;1213
26;2025-12-10;14;1329
26;2025-12-10;15;1401
26;2025-12-10;16;1510
26;2025-12-10;17;1768
26;2025-12-10;18;1896
26;2025-12-10;19;1285
26;2025-12-10;20;796
26;2025-12-10;21;497
26;2025-12-10;22;229
26;2025-12-10;23;129
26;2025-12-11;0;32
26;2025-12-11;1;0
26;2025-12-11;2;0
26;2025-12-11;3;0
26;2025-12-11;4;2
26;2025-12-11;5;94
26;2025-12-11;6;495
26;2025-12-11;7;1144
26;2025-12-11;8;2235
26;2025-12-11;9;1510
26;2025-12-11;10;1225
26;2025-12-11;11;1169
26;2025-12-11;12;1190
26;2025-12-11;13;1206
26;2025-12-11;14;1329
26;2025-12-11;15;1400
26;2025-12-11;16;1506
26;2025-12-11;17;1756
26;2025-12-11;18;1875
26;2025-12-11;19;1296
26;2025-12-11;20;800
26;2025-12-11;21;499
26;2025-12-11;22;230
26;2025-12-11;23;132
26;2025-12-12;0;32
26;2025-12-12;1;1
26;2025-12-12;2;0
26;2025-12-12;3;0
26;2025-12-12;4;1
26;2025-12-12;5;82
26;2025-12-12;6;495
26;2025-12-12;7;1086
26;2025-12-12;8;2112
26;2025-12-12;9;1412
26;2025-12-12;10;1219
26;2025-12-12;11;1141
26;2025-12-12;12;1160
26;2025-12-12;13;1177
26;2025-12-12;14;1293
26;2025-12-12;15;1360
26;2025-12-12;16;1546
26;2025-12-12;17;1694
26;2025-12-12;18;1383
26;2025-12-12;19;1078
26;2025-12-12;20;694
26;2025-12-12;21;464
26;2025-12-12;22;206
26;2025-12-12;23;148
26;2025-12-13;0;47
26;2025-12-13;1;2
26;2025-12-13;2;0
26;2025-12-13;3;0
26;2025-12-13;4;2
26;2025-12-13;5;44
26;2025-12-13;6;233
26;2025-12-13;7;343
26;2025-12-13;8;570
26;2025-12-13;9;687
26;2025-12-13;10;796
26;2025-12-13;11;931
26;2025-12-13;12;1007
26;2025-12-13;13;1020
26;2025-12-13;14;1050
26;2025-12-13;15;994
26;2025-12-13;16;1007
26;2025-12-13;17;945
26;2025-12-13;18;887
26;2025-12-13;19;754
26;2025-12-13;20;492
26;2025-12-13;21;331
26;2025-12-13;22;212
26;2025-12-13;23;142
26;2025-12-14;0;47
26;2025-12-14;1;5
26;2025-12-14;2;0
26;2025-12-14;3;0
26;2025-12-14;4;1
26;2025-12-14;5;10
26;2025-12-14;6;133
26;2025-12-14;7;222
26;2025-12-14;8;349
26;2025-12-14;9;494
26;2025-12-14;10;554
26;2025-12-14;11;758
26;2025-12-14;12;803
26;2025-12-14;13;836
26;2025-12-14;14;839
26;2025-12-14;15;792
26;2025-12-14;16;764
26;2025-12-14;17;774
26;2025-12-14;18;699
26;2025-12-14;19;538
26;2025-12-14;20;394
26;2025-12-14;21;285
26;2025-12-14;22;172
26;2025-12-14;23;103
26;2025-12-15;0;27
26;2025-12-15;1;2
26;2025-12-15;2;0
26;2025-12-15;3;0
26;2025-12-15;4;1
26;2025-12-15;5;93
26;2025-12-15;6;499
26;2025-12-15;7;1156
26;2025-12-15;8;2233
26;2025-12-15;9;1483
26;2025-12-15;10;1211
26;2025-12-15;11;1058
26;2025-12-15;12;1103
26;2025-12-15;13;1157
26;2025-12-15;14;1235
26;2025-12-15;15;1341
26;2025-12-15;16;1458
26;2025-12-15;17;1753
26;2025-12-15;18;1927
26;2025-12-15;19;1264
26;2025-12-15;20;767
26;2025-12-15;21;469
26;2025-12-15;22;208
26;2025-12-15;23;108
26;2025-12-16;0;31
26;2025-12-16;1;1
26;2025-12-16;2;0
26;2025-12-16;3;0
26;2025-12-16;4;2
26;2025-12-16;5;93
26;2025-12-16;6;494
26;2025-12-16;7;1139
26;2025-12-16;8;2238
26;2025-12-16;9;1512
26;2025-12-16;10;1229
26;2025-12-16;11;1181
26;2025-12-16;12;1206
26;2025-12-16;13;1187
26;2025-12-16;14;1321
26;2025-12-16;15;1399
26;2025-12-16;16;1511
26;2025-12-16;17;1768
26;2025-12-16;18;1902
26;2025-12-16;19;1286
26;2025-12-16;20;793
26;2025-12-16;21;493
26;2025-12-16;22;224
26;2025-12-16;23;121
26;2025-12-17;0;31
26;2025-12-17;1;0
26;2025-12-17;2;0
26;2025-12-17;3;0
26;2025-12-17;4;2
26;2025-12-17;5;94
26;2025-12-17;6;497
26;2025-12-17;7;1146
26;2025-12-17;8;2245
26;2025-12-17;9;1522
26;2025-12-17;10;1230
26;2025-12-17;11;1176
26;2025-12-17;12;1195
26;2025-12-17;13;1211
26;2025-12-17;14;1328
26;2025-12-17;15;1400
26;2025-12-17;16;1513
26;2025-12-17;17;1770
26;2025-12-17;18;1898
26;2025-12-17;19;1285
26;2025-12-17;20;795
26;2025-12-17;21;496
26;2025-12-17;22;228
26;2025-12-17;23;129
26;2025-12-18;0;32
26;2025-12-18;1;0
26;2025-12-18;2;0
26;2025-12-18;3;0
26;2025-12-18;4;2
26;2025-12-18;5;94
26;2025-12-18;6;495
26;2025-12-18;7;1144
26;2025-12-18;8;2241
26;2025-12-18;9;1518
26;2025-12-18;10;1230
26;2025-12-18;11;1176
26;2025-12-18;12;1198
26;2025-12-18;13;1212
26;2025-12-18;14;1329
26;2025-12-18;15;1401
26;2025-12-18;16;1511
26;2025-12-18;17;1770
26;2025-12-18;18;1898
26;2025-12-18;19;1283
26;2025-12-18;20;792
26;2025-12-18;21;494
26;2025-12-18;22;228
26;2025-12-18;23;131
26;2025-12-19;0;32
26;2025-12-19;1;1
26;2025-12-19;2;0
26;2025-12-19;3;0
26;2025-12-19;4;1
26;2025-12-19;5;79
26;2025-12-19;6;493
26;2025-12-19;7;1082
26;2025-12-19;8;2104
26;2025-12-19;9;1406
26;2025-12-19;10;1223
26;2025-12-19;11;1140
26;2025-12-19;12;1176
26;2025-12-19;13;1210
26;2025-12-19;14;1319
26;2025-12-19;15;1407
26;2025-12-19;16;1593
26;2025-12-19;17;1704
26;2025-12-19;18;1381
26;2025-12-19;19;1085
26;2025-12-19;20;693
26;2025-12-19;21;462
26;2025-12-19;22;216
26;2025-12-19;23;149
26;2025-12-20;0;47
26;2025-12-20;1;2
26;2025-12-20;2;0
26;2025-12-20;3;0
26;2025-12-20;4;2
26;2025-12-20;5;51
26;2025-12-20;6;247
26;2025-12-20;7;366
26;2025-12-20;8;592
26;2025-12-20;9;719
26;2025-12-20;10;829
26;2025-12-20;11;962
26;2025-12-20;12;1055
26;2025-12-20;13;1070
26;2025-12-20;14;1091
26;2025-12-20;15;1026
26;2025-12-20;16;1040
26;2025-12-20;17;980
26;2025-12-20;18;896
26;2025-12-20;19;762
26;2025-12-20;20;518
26;2025-12-20;21;354
26;2025-12-20;22;216
26;2025-12-20;23;149
26;2025-12-21;0;46
26;2025-12-21;1;5
26;2025-12-21;2;0
26;2025-12-21;3;0
26;2025-12-21;4;1
26;2025-12-21;5;27
26;2025-12-21;6;157
26;2025-12-21;7;259
26;2025-12-21;8;389
26;2025-12-21;9;529
26;2025-12-21;10;592
26;2025-12-21;11;792
26;2025-12-21;12;844
26;2025-12-21;13;877
26;2025-12-21;14;874
26;2025-12-21;15;820
26;2025-12-21;16;789
26;2025-12-21;17;799
26;2025-12-21;18;703
26;2025-12-21;19;544
26;2025-12-21;20;403
26;2025-12-21;21;292
26;2025-12-21;22;164
26;2025-12-21;23;102
26;2025-12-22;0;28
26;2025-12-22;1;1
26;2025-12-22;2;0
26;2025-12-22;3;0
26;2025-12-22;4;1
26;2025-12-22;5;93
26;2025-12-22;6;497
26;2025-12-22;7;1157
26;2025-12-22;8;2233
26;2025-12-22;9;1483
26;2025-12-22;10;1219
26;2025-12-22;11;1077
26;2025-12-22;12;1103
26;2025-12-22;13;1167
26;2025-12-22;14;1242
26;2025-12-22;15;1338
26;2025-12-22;16;1457
26;2025-12-22;17;1746
26;2025-12-22;18;1910
26;2025-12-22;19;1250
26;2025-12-22;20;762
26;2025-12-22;21;469
26;2025-12-22;22;202
26;2025-12-22;23;98
26;2025-12-23;0;31
26;2025-12-23;1;1
26;2025-12-23;2;0
26;2025-12-23;3;0
26;2025-12-23;4;2
26;2025-12-23;5;97
26;2025-12-23;6;502
26;2025-12-23;7;1148
26;2025-12-23;8;2252
26;2025-12-23;9;1531
26;2025-12-23;10;1231
26;2025-12-23;11;1174
26;2025-12-23;12;1194
26;2025-12-23;13;1210
26;2025-12-23;14;1322
26;2025-12-23;15;1393
26;2025-12-23;16;1503
26;2025-12-23;17;1760
26;2025-12-23;18;1900
26;2025-12-23;19;1293
26;2025-12-23;20;795
26;2025-12-23;21;495
26;2025-12-23;22;224
26;2025-12-23;23;120
26;2025-12-24;0;31
26;2025-12-24;1;1
26;2025-12-24;2;0
26;2025-12-24;3;0
26;2025-12-24;4;2
26;2025-12-24;5;93
26;2025-12-24;6;492
26;2025-12-24;7;1139
26;2025-12-24;8;2233
26;2025-12-24;9;1518
26;2025-12-24;10;1230
26;2025-12-24;11;1178
26;2025-12-24;12;1172
26;2025-12-24;13;1189
26;2025-12-24;14;1329
26;2025-12-24;15;1381
26;2025-12-24;16;1507
26;2025-12-24;17;1765
26;2025-12-24;18;1876
26;2025-12-24;19;1286
26;2025-12-24;20;786
26;2025-12-24;21;479
26;2025-12-24;22;213
26;2025-12-24;23;119
26;2025-12-25;0;32
26;2025-12-25;1;0
26;2025-12-25;2;0
26;2025-12-25;3;0
26;2025-12-25;4;2
26;2025-12-25;5;95
26;2025-12-25;6;504
26;2025-12-25;7;1133
26;2025-12-25;8;2227
26;2025-12-25;9;1506
26;2025-12-25;10;1219
26;2025-12-25;11;1164
26;2025-12-25;12;1186
26;2025-12-25;13;1201
26;2025-12-25;14;1318
26;2025-12-25;15;1388
26;2025-12-25;16;1515
26;2025-12-25;17;1758
26;2025-12-25;18;1878
26;2025-12-25;19;1292
26;2025-12-25;20;798
26;2025-12-25;21;499
26;2025-12-25;22;232
26;2025-12-25;23;130
26;2025-12-26;0;30
26;2025-12-26;1;0
26;2025-12-26;2;0
26;2025-12-26;3;0
26;2025-12-26;4;1
26;2025-12-26;5;70
26;2025-12-26;6;496
26;2025-12-26;7;1089
26;2025-12-26;8;2137
26;2025-12-26;9;1400
26;2025-12-26;10;1198
26;2025-12-26;11;1131
26;2025-12-26;12;1146
26;2025-12-26;13;1186
26;2025-12-26;14;1296
26;2025-12-26;15;1393
26;2025-12-26;16;1573
26;2025-12-26;17;1692
26;2025-12-26;18;1377
26;2025-12-26;19;1090
26;2025-12-26;20;687
26;2025-12-26;21;452
26;2025-12-26;22;207
26;2025-12-26;23;151
26;2025-12-27;0;47
26;2025-12-27;1;2
26;2025-12-27;2;0
26;2025-12-27;3;0
26;2025-12-27;4;2
26;2025-12-27;5;53
26;2025-12-27;6;247
26;2025-12-27;7;367
26;2025-12-27;8;592
26;2025-12-27;9;703
26;2025-12-27;10;831
26;2025-12-27;11;967
26;2025-12-27;12;1048
26;2025-12-27;13;1062
26;2025-12-27;14;1083
26;2025-12-27;15;1007
26;2025-12-27;16;1021
26;2025-12-27;17;960
26;2025-12-27;18;886
26;2025-12-27;19;751
26;2025-12-27;20;507
26;2025-12-27;21;346
26;2025-12-27;22;209
26;2025-12-27;23;149
26;2025-12-28;0;46
26;2025-12-28;1;5
26;2025-12-28;2;0
26;2025-12-28;3;0
26;2025-12-28;4;1
26;2025-12-28;5;32
26;2025-12-28;6;167
26;2025-12-28;7;268
26;2025-12-28;8;415
26;2025-12-28;9;536
26;2025-12-28;10;584
26;2025-12-28;11;762
26;2025-12-28;12;792
26;2025-12-28;13;820
26;2025-12-28;14;812
26;2025-12-28;15;762
26;2025-12-28;16;765
26;2025-12-28;17;774
26;2025-12-28;18;686
26;2025-12-28;19;525
26;2025-12-28;20;383
26;2025-12-28;21;274
26;2025-12-28;22;157
26;2025-12-28;23;98
26;2025-12-29;0;26
26;2025-12-29;1;2
26;2025-12-29;2;0
26;2025-12-29;3;0
26;2025-12-29;4;1
26;2025-12-29;5;84
26;2025-12-29;6;461
26;2025-12-29;7;1066
26;2025-12-29;8;2033
26;2025-12-29;9;1355
26;2025-12-29;10;1091
26;2025-12-29;11;980
26;2025-12-29;12;1000
26;2025-12-29;13;1053
26;2025-12-29;14;1130
26;2025-12-29;15;1227
26;2025-12-29;16;1338
26;2025-12-29;17;1608
26;2025-12-29;18;1761
26;2025-12-29;19;1179
26;2025-12-29;20;703
26;2025-12-29;21;424
26;2025-12-29;22;185
26;2025-12-29;23;90
26;2025-12-30;0;29
26;2025-12-30;1;1
26;2025-12-30;2;0
26;2025-12-30;3;0
26;2025-12-30;4;2
26;2025-12-30;5;78
26;2025-12-30;6;449
26;2025-12-30;7;1059
26;2025-12-30;8;2076
26;2025-12-30;9;1394
26;2025-12-30;10;1120
26;2025-12-30;11;1059
26;2025-12-30;12;1068
26;2025-12-30;13;1083
26;2025-12-30;14;1190
26;2025-12-30;15;1273
26;2025-12-30;16;1373
26;2025-12-30;17;1601
26;2025-12-30;18;1732
26;2025-12-30;19;1190
26;2025-12-30;20;720
26;2025-12-30;21;439
26;2025-12-30;22;197
26;2025-12-30;23;105
26;2025-12-31;0;42
26;2025-12-31;1;5
26;2025-12-31;2;0
26;2025-12-31;3;0
26;2025-12-31;4;1
26;2025-12-31;5;9
26;2025-12-31;6;85
26;2025-12-31;7;135
26;2025-12-31;8;229
26;2025-12-31;9;298
26;2025-12-31;10;335
26;2025-12-31;11;465
26;2025-12-31;12;550
26;2025-12-31;13;549
26;2025-12-31;14;549
26;2025-12-31;15;534
26;2025-12-31;16;558
26;2025-12-31;17;570
26;2025-12-31;18;493
26;2025-12-31;19;390
26;2025-12-31;20;291
26;2025-12-31;21;193
26;2025-12-31;22;89
26;2025-12-31;23;42
28;2025-11-01;0;0
28;2025-11-01;1;0
28;2025-11-01;2;0
28;2025-11-01;3;0
28;2025-11-01;4;2
28;2025-11-01;5;72
28;2025-11-01;6;253
28;2025-11-01;7;763
28;2025-11-01;8;1152
28;2025-11-01;9;787
28;2025-11-01;10;588
28;2025-11-01;11;566
28;2025-11-01;12;711
28;2025-11-01;13;695
28;2025-11-01;14;667
28;2025-11-01;15;711
28;2025-11-01;16;872
28;2025-11-01;17;894
28;2025-11-01;18;802
28;2025-11-01;19;621
28;2025-11-01;20;433
28;2025-11-01;21;298
28;2025-11-01;22;118
28;2025-11-01;23;18
28;2025-11-02;0;0
28;2025-11-02;1;0
28;2025-11-02;2;0
28;2025-11-02;3;0
28;2025-11-02;4;0
28;2025-11-02;5;30
28;2025-11-02;6;80
28;2025-11-02;7;168
28;2025-11-02;8;264
28;2025-11-02;9;356
28;2025-11-02;10;396
28;2025-11-02;11;432
28;2025-11-02;12;487
28;2025-11-02;13;540
28;2025-11-02;14;542
28;2025-11-02;15;528
28;2025-11-02;16;491
28;2025-11-02;17;495
28;2025-11-02;18;446
28;2025-11-02;19;379
28;2025-11-02;20;302
28;2025-11-02;21;246
28;2025-11-02;22;113
28;2025-11-02;23;12
28;2025-11-03;0;0
28;2025-11-03;1;0
28;2025-11-03;2;0
28;2025-11-03;3;0
28;2025-11-03;4;0
28;2025-11-03;5;41
28;2025-11-03;6;97
28;2025-11-03;7;188
28;2025-11-03;8;269
28;2025-11-03;9;351
28;2025-11-03;10;379
28;2025-11-03;11;395
28;2025-11-03;12;433
28;2025-11-03;13;497
28;2025-11-03;14;484
28;2025-11-03;15;477
28;2025-11-03;16;473
28;2025-11-03;17;475
28;2025-11-03;18;432
28;2025-11-03;19;383
28;2025-11-03;20;318
28;2025-11-03;21;258
28;2025-11-03;22;130
28;2025-11-03;23;34
28;2025-11-04;0;0
28;2025-11-04;1;0
28;2025-11-04;2;0
28;2025-11-04;3;0
28;2025-11-04;4;0
28;2025-11-04;5;34
28;2025-11-04;6;89
28;2025-11-04;7;178
28;2025-11-04;8;262
28;2025-11-04;9;324
28;2025-11-04;10;348
28;2025-11-04;11;378
28;2025-11-04;12;402
28;2025-11-04;13;479
28;2025-11-04;14;511
28;2025-11-04;15;494
28;2025-11-04;16;464
28;2025-11-04;17;466
28;2025-11-04;18;428
28;2025-11-04;19;375
28;2025-11-04;20;311
28;2025-11-04;21;254
28;2025-11-04;22;125
28;2025-11-04;23;30
28;2025-11-05;0;0
28;2025-11-05;1;0
28;2025-11-05;2;0
28;2025-11-05;3;0
28;2025-11-05;4;2
28;2025-11-05;5;81
28;2025-11-05;6;269
28;2025-11-05;7;822
28;2025-11-05;8;1287
28;2025-11-05;9;879
28;2025-11-05;10;640
28;2025-11-05;11;612
28;2025-11-05;12;705
28;2025-11-05;13;726
28;2025-11-05;14;713
28;2025-11-05;15;749
28;2025-11-05;16;911
28;2025-11-05;17;1053
28;2025-11-05;18;1047
28;2025-11-05;19;797
28;2025-11-05;20;542
28;2025-11-05;21;333
28;2025-11-05;22;135
28;2025-11-05;23;13
28;2025-11-06;0;0
28;2025-11-06;1;0
28;2025-11-06;2;0
28;2025-11-06;3;0
28;2025-11-06;4;2
28;2025-11-06;5;82
28;2025-11-06;6;272
28;2025-11-06;7;825
28;2025-11-06;8;1293
28;2025-11-06;9;881
28;2025-11-06;10;643
28;2025-11-06;11;610
28;2025-11-06;12;706
28;2025-11-06;13;727
28;2025-11-06;14;712
28;2025-11-06;15;749
28;2025-11-06;16;913
28;2025-11-06;17;1055
28;2025-11-06;18;1048
28;2025-11-06;19;797
28;2025-11-06;20;546
28;2025-11-06;21;334
28;2025-11-06;22;135
28;2025-11-06;23;14
28;2025-11-07;0;0
28;2025-11-07;1;0
28;2025-11-07;2;0
28;2025-11-07;3;0
28;2025-11-07;4;2
28;2025-11-07;5;85
28;2025-11-07;6;283
28;2025-11-07;7;850
28;2025-11-07;8;1292
28;2025-11-07;9;872
28;2025-11-07;10;641
28;2025-11-07;11;625
28;2025-11-07;12;795
28;2025-11-07;13;766
28;2025-11-07;14;737
28;2025-11-07;15;783
28;2025-11-07;16;966
28;2025-11-07;17;990
28;2025-11-07;18;893
28;2025-11-07;19;683
28;2025-11-07;20;476
28;2025-11-07;21;332
28;2025-11-07;22;130
28;2025-11-07;23;20
28;2025-11-08;0;0
28;2025-11-08;1;0
28;2025-11-08;2;0
28;2025-11-08;3;0
28;2025-11-08;4;1
28;2025-11-08;5;38
28;2025-11-08;6;111
28;2025-11-08;7;240
28;2025-11-08;8;398
28;2025-11-08;9;463
28;2025-11-08;10;486
28;2025-11-08;11;505
28;2025-11-08;12;604
28;2025-11-08;13;639
28;2025-11-08;14;602
28;2025-11-08;15;613
28;2025-11-08;16;620
28;2025-11-08;17;596
28;2025-11-08;18;530
28;2025-11-08;19;413
28;2025-11-08;20;302
28;2025-11-08;21;262
28;2025-11-08;22;120
28;2025-11-08;23;16
28;2025-11-09;0;0
28;2025-11-09;1;0
28;2025-11-09;2;0
28;2025-11-09;3;0
28;2025-11-09;4;0
28;2025-11-09;5;32
28;2025-11-09;6;83
28;2025-11-09;7;174
28;2025-11-09;8;273
28;2025-11-09;9;359
28;2025-11-09;10;398
28;2025-11-09;11;434
28;2025-11-09;12;484
28;2025-11-09;13;565
28;2025-11-09;14;546
28;2025-11-09;15;530
28;2025-11-09;16;493
28;2025-11-09;17;495
28;2025-11-09;18;450
28;2025-11-09;19;384
28;2025-11-09;20;308
28;2025-11-09;21;251
28;2025-11-09;22;113
28;2025-11-09;23;12
28;2025-11-10;0;0
28;2025-11-10;1;0
28;2025-11-10;2;0
28;2025-11-10;3;0
28;2025-11-10;4;2
28;2025-11-10;5;79
28;2025-11-10;6;279
28;2025-11-10;7;798
28;2025-11-10;8;1289
28;2025-11-10;9;858
28;2025-11-10;10;640
28;2025-11-10;11;557
28;2025-11-10;12;666
28;2025-11-10;13;692
28;2025-11-10;14;645
28;2025-11-10;15;671
28;2025-11-10;16;878
28;2025-11-10;17;1005
28;2025-11-10;18;1011
28;2025-11-10;19;742
28;2025-11-10;20;488
28;2025-11-10;21;302
28;2025-11-10;22;121
28;2025-11-10;23;7
28;2025-11-11;0;0
28;2025-11-11;1;0
28;2025-11-11;2;0
28;2025-11-11;3;0
28;2025-11-11;4;2
28;2025-11-11;5;82
28;2025-11-11;6;269
28;2025-11-11;7;823
28;2025-11-11;8;1294
28;2025-11-11;9;881
28;2025-11-11;10;641
28;2025-11-11;11;600
28;2025-11-11;12;697
28;2025-11-11;13;725
28;2025-11-11;14;707
28;2025-11-11;15;745
28;2025-11-11;16;906
28;2025-11-11;17;1046
28;2025-11-11;18;1044
28;2025-11-11;19;793
28;2025-11-11;20;540
28;2025-11-11;21;332
28;2025-11-11;22;134
28;2025-11-11;23;15
28;2025-11-12;0;0
28;2025-11-12;1;0
28;2025-11-12;2;0
28;2025-11-12;3;0
28;2025-11-12;4;1
28;2025-11-12;5;80
28;2025-11-12;6;267
28;2025-11-12;7;820
28;2025-11-12;8;1292
28;2025-11-12;9;877
28;2025-11-12;10;641
28;2025-11-12;11;606
28;2025-11-12;12;701
28;2025-11-12;13;723
28;2025-11-12;14;708
28;2025-11-12;15;746
28;2025-11-12;16;907
28;2025-11-12;17;1050
28;2025-11-12;18;1045
28;2025-11-12;19;794
28;2025-11-12;20;541
28;2025-11-12;21;333
28;2025-11-12;22;134
28;2025-11-12;23;15
28;2025-11-13;0;0
28;2025-11-13;1;0
28;2025-11-13;2;0
28;2025-11-13;3;0
28;2025-11-13;4;1
28;2025-11-13;5;81
28;2025-11-13;6;267
28;2025-11-13;7;821
28;2025-11-13;8;1289
28;2025-11-13;9;879
28;2025-11-13;10;641
28;2025-11-13;11;609
28;2025-11-13;12;706
28;2025-11-13;13;728
28;2025-11-13;14;709
28;2025-11-13;15;750
28;2025-11-13;16;912
28;2025-11-13;17;1053
28;2025-11-13;18;1048
28;2025-11-13;19;797
28;2025-11-13;20;543
28;2025-11-13;21;333
28;2025-11-13;22;135
28;2025-11-13;23;14
28;2025-11-14;0;0
28;2025-11-14;1;0
28;2025-11-14;2;0
28;2025-11-14;3;0
28;2025-11-14;4;2
28;2025-11-14;5;80
28;2025-11-14;6;281
28;2025-11-14;7;847
28;2025-11-14;8;1290
28;2025-11-14;9;872
28;2025-11-14;10;652
28;2025-11-14;11;630
28;2025-11-14;12;798
28;2025-11-14;13;767
28;2025-11-14;14;737
28;2025-11-14;15;784
28;2025-11-14;16;966
28;2025-11-14;17;991
28;2025-11-14;18;888
28;2025-11-14;19;684
28;2025-11-14;20;472
28;2025-11-14;21;329
28;2025-11-14;22;127
28;2025-11-14;23;20
28;2025-11-15;0;0
28;2025-11-15;1;0
28;2025-11-15;2;0
28;2025-11-15;3;0
28;2025-11-15;4;1
28;2025-11-15;5;42
28;2025-11-15;6;111
28;2025-11-15;7;241
28;2025-11-15;8;407
28;2025-11-15;9;466
28;2025-11-15;10;468
28;2025-11-15;11;479
28;2025-11-15;12;579
28;2025-11-15;13;610
28;2025-11-15;14;599
28;2025-11-15;15;608
28;2025-11-15;16;613
28;2025-11-15;17;588
28;2025-11-15;18;514
28;2025-11-15;19;397
28;2025-11-15;20;299
28;2025-11-15;21;260
28;2025-11-15;22;119
28;2025-11-15;23;18
28;2025-11-16;0;1
28;2025-11-16;1;0
28;2025-11-16;2;0
28;2025-11-16;3;0
28;2025-11-16;4;0
28;2025-11-16;5;16
28;2025-11-16;6;78
28;2025-11-16;7;157
28;2025-11-16;8;237
28;2025-11-16;9;340
28;2025-11-16;10;377
28;2025-11-16;11;421
28;2025-11-16;12;472
28;2025-11-16;13;552
28;2025-11-16;14;533
28;2025-11-16;15;513
28;2025-11-16;16;482
28;2025-11-16;17;485
28;2025-11-16;18;430
28;2025-11-16;19;365
28;2025-11-16;20;293
28;2025-11-16;21;240
28;2025-11-16;22;111
28;2025-11-16;23;14
28;2025-11-17;0;0
28;2025-11-17;1;0
28;2025-11-17;2;0
28;2025-11-17;3;0
28;2025-11-17;4;2
28;2025-11-17;5;77
28;2025-11-17;6;279
28;2025-11-17;7;793
28;2025-11-17;8;1283
28;2025-11-17;9;850
28;2025-11-17;10;646
28;2025-11-17;11;558
28;2025-11-17;12;670
28;2025-11-17;13;673
28;2025-11-17;14;637
28;2025-11-17;15;663
28;2025-11-17;16;871
28;2025-11-17;17;998
28;2025-11-17;18;1004
28;2025-11-17;19;735
28;2025-11-17;20;487
28;2025-11-17;21;307
28;2025-11-17;22;120
28;2025-11-17;23;7
28;2025-11-18;0;0
28;2025-11-18;1;0
28;2025-11-18;2;0
28;2025-11-18;3;0
28;2025-11-18;4;2
28;2025-11-18;5;67
28;2025-11-18;6;266
28;2025-11-18;7;826
28;2025-11-18;8;1307
28;2025-11-18;9;875
28;2025-11-18;10;611
28;2025-11-18;11;601
28;2025-11-18;12;698
28;2025-11-18;13;719
28;2025-11-18;14;700
28;2025-11-18;15;746
28;2025-11-18;16;908
28;2025-11-18;17;1046
28;2025-11-18;18;1040
28;2025-11-18;19;792
28;2025-11-18;20;541
28;2025-11-18;21;330
28;2025-11-18;22;132
28;2025-11-18;23;15
28;2025-11-19;0;0
28;2025-11-19;1;0
28;2025-11-19;2;0
28;2025-11-19;3;0
28;2025-11-19;4;1
28;2025-11-19;5;81
28;2025-11-19;6;268
28;2025-11-19;7;819
28;2025-11-19;8;1294
28;2025-11-19;9;879
28;2025-11-19;10;637
28;2025-11-19;11;602
28;2025-11-19;12;693
28;2025-11-19;13;716
28;2025-11-19;14;698
28;2025-11-19;15;739
28;2025-11-19;16;900
28;2025-11-19;17;1043
28;2025-11-19;18;1039
28;2025-11-19;19;789
28;2025-11-19;20;538
28;2025-11-19;21;331
28;2025-11-19;22;133
28;2025-11-19;23;15
28;2025-11-20;0;0
28;2025-11-20;1;0
28;2025-11-20;2;0
28;2025-11-20;3;0
28;2025-11-20;4;1
28;2025-11-20;5;80
28;2025-11-20;6;267
28;2025-11-20;7;817
28;2025-11-20;8;1287
28;2025-11-20;9;877
28;2025-11-20;10;635
28;2025-11-20;11;600
28;2025-11-20;12;692
28;2025-11-20;13;715
28;2025-11-20;14;696
28;2025-11-20;15;737
28;2025-11-20;16;899
28;2025-11-20;17;1041
28;2025-11-20;18;1037
28;2025-11-20;19;785
28;2025-11-20;20;535
28;2025-11-20;21;329
28;2025-11-20;22;131
28;2025-11-20;23;15
28;2025-11-21;0;0
28;2025-11-21;1;0
28;2025-11-21;2;0
28;2025-11-21;3;0
28;2025-11-21;4;2
28;2025-11-21;5;84
28;2025-11-21;6;282
28;2025-11-21;7;838
28;2025-11-21;8;1287
28;2025-11-21;9;866
28;2025-11-21;10;641
28;2025-11-21;11;617
28;2025-11-21;12;769
28;2025-11-21;13;753
28;2025-11-21;14;724
28;2025-11-21;15;773
28;2025-11-21;16;960
28;2025-11-21;17;985
28;2025-11-21;18;878
28;2025-11-21;19;675
28;2025-11-21;20;470
28;2025-11-21;21;329
28;2025-11-21;22;128
28;2025-11-21;23;22
28;2025-11-22;0;0
28;2025-11-22;1;0
28;2025-11-22;2;0
28;2025-11-22;3;0
28;2025-11-22;4;1
28;2025-11-22;5;40
28;2025-11-22;6;109
28;2025-11-22;7;234
28;2025-11-22;8;401
28;2025-11-22;9;462
28;2025-11-22;10;491
28;2025-11-22;11;505
28;2025-11-22;12;599
28;2025-11-22;13;638
28;2025-11-22;14;599
28;2025-11-22;15;608
28;2025-11-22;16;612
28;2025-11-22;17;587
28;2025-11-22;18;517
28;2025-11-22;19;399
28;2025-11-22;20;300
28;2025-11-22;21;258
28;2025-11-22;22;119
28;2025-11-22;23;20
28;2025-11-23;0;1
28;2025-11-23;1;0
28;2025-11-23;2;0
28;2025-11-23;3;0
28;2025-11-23;4;0
28;2025-11-23;5;26
28;2025-11-23;6;80
28;2025-11-23;7;163
28;2025-11-23;8;266
28;2025-11-23;9;352
28;2025-11-23;10;390
28;2025-11-23;11;427
28;2025-11-23;12;478
28;2025-11-23;13;558
28;2025-11-23;14;538
28;2025-11-23;15;522
28;2025-11-23;16;482
28;2025-11-23;17;484
28;2025-11-23;18;428
28;2025-11-23;19;366
28;2025-11-23;20;295
28;2025-11-23;21;240
28;2025-11-23;22;111
28;2025-11-23;23;13
28;2025-11-24;0;0
28;2025-11-24;1;0
28;2025-11-24;2;0
28;2025-11-24;3;0
28;2025-11-24;4;2
28;2025-11-24;5;66
28;2025-11-24;6;268
28;2025-11-24;7;806
28;2025-11-24;8;1283
28;2025-11-24;9;862
28;2025-11-24;10;621
28;2025-11-24;11;548
28;2025-11-24;12;676
28;2025-11-24;13;699
28;2025-11-24;14;648
28;2025-11-24;15;675
28;2025-11-24;16;880
28;2025-11-24;17;999
28;2025-11-24;18;1004
28;2025-11-24;19;740
28;2025-11-24;20;485
28;2025-11-24;21;302
28;2025-11-24;22;120
28;2025-11-24;23;7
28;2025-11-25;0;0
28;2025-11-25;1;0
28;2025-11-25;2;0
28;2025-11-25;3;0
28;2025-11-25;4;1
28;2025-11-25;5;82
28;2025-11-25;6;270
28;2025-11-25;7;821
28;2025-11-25;8;1292
28;2025-11-25;9;883
28;2025-11-25;10;639
28;2025-11-25;11;601
28;2025-11-25;12;688
28;2025-11-25;13;714
28;2025-11-25;14;696
28;2025-11-25;15;737
28;2025-11-25;16;898
28;2025-11-25;17;1041
28;2025-11-25;18;1038
28;2025-11-25;19;789
28;2025-11-25;20;538
28;2025-11-25;21;331
28;2025-11-25;22;132
28;2025-11-25;23;15
28;2025-11-26;0;0
28;2025-11-26;1;0
28;2025-11-26;2;0
28;2025-11-26;3;0
28;2025-11-26;4;1
28;2025-11-26;5;84
28;2025-11-26;6;271
28;2025-11-26;7;833
28;2025-11-26;8;1324
28;2025-11-26;9;894
28;2025-11-26;10;639
28;2025-11-26;11;609
28;2025-11-26;12;698
28;2025-11-26;13;720
28;2025-11-26;14;701
28;2025-11-26;15;741
28;2025-11-26;16;900
28;2025-11-26;17;1044
28;2025-11-26;18;1040
28;2025-11-26;19;793
28;2025-11-26;20;542
28;2025-11-26;21;335
28;2025-11-26;22;135
28;2025-11-26;23;14
28;2025-11-27;0;0
28;2025-11-27;1;0
28;2025-11-27;2;0
28;2025-11-27;3;0
28;2025-11-27;4;1
28;2025-11-27;5;81
28;2025-11-27;6;269
28;2025-11-27;7;822
28;2025-11-27;8;1288
28;2025-11-27;9;880
28;2025-11-27;10;638
28;2025-11-27;11;607
28;2025-11-27;12;704
28;2025-11-27;13;724
28;2025-11-27;14;708
28;2025-11-27;15;748
28;2025-11-27;16;910
28;2025-11-27;17;1052
28;2025-11-27;18;1050
28;2025-11-27;19;800
28;2025-11-27;20;545
28;2025-11-27;21;338
28;2025-11-27;22;139
28;2025-11-27;23;15
28;2025-11-28;0;0
28;2025-11-28;1;0
28;2025-11-28;2;0
28;2025-11-28;3;0
28;2025-11-28;4;2
28;2025-11-28;5;79
28;2025-11-28;6;281
28;2025-11-28;7;846
28;2025-11-28;8;1286
28;2025-11-28;9;866
28;2025-11-28;10;641
28;2025-11-28;11;616
28;2025-11-28;12;782
28;2025-11-28;13;756
28;2025-11-28;14;726
28;2025-11-28;15;780
28;2025-11-28;16;962
28;2025-11-28;17;986
28;2025-11-28;18;878
28;2025-11-28;19;673
28;2025-11-28;20;468
28;2025-11-28;21;326
28;2025-11-28;22;128
28;2025-11-28;23;22
28;2025-11-29;0;0
28;2025-11-29;1;0
28;2025-11-29;2;0
28;2025-11-29;3;0
28;2025-11-29;4;1
28;2025-11-29;5;35
28;2025-11-29;6;110
28;2025-11-29;7;234
28;2025-11-29;8;396
28;2025-11-29;9;468
28;2025-11-29;10;493
28;2025-11-29;11;505
28;2025-11-29;12;601
28;2025-11-29;13;637
28;2025-11-29;14;599
28;2025-11-29;15;609
28;2025-11-29;16;613
28;2025-11-29;17;587
28;2025-11-29;18;514
28;2025-11-29;19;397
28;2025-11-29;20;300
28;2025-11-29;21;261
28;2025-11-29;22;120
28;2025-11-29;23;17
28;2025-11-30;0;1
28;2025-11-30;1;0
28;2025-11-30;2;0
28;2025-11-30;3;0
28;2025-11-30;4;0
28;2025-11-30;5;29
28;2025-11-30;6;83
28;2025-11-30;7;166
28;2025-11-30;8;267
28;2025-11-30;9;352
28;2025-11-30;10;390
28;2025-11-30;11;426
28;2025-11-30;12;476
28;2025-11-30;13;559
28;2025-11-30;14;542
28;2025-11-30;15;527
28;2025-11-30;16;487
28;2025-11-30;17;490
28;2025-11-30;18;444
28;2025-11-30;19;377
28;2025-11-30;20;303
28;2025-11-30;21;253
28;2025-11-30;22;114
28;2025-11-30;23;14
28;2025-12-01;0;0
28;2025-12-01;1;0
28;2025-12-01;2;0
28;2025-12-01;3;0
28;2025-12-01;4;2
28;2025-12-01;5;77
28;2025-12-01;6;281
28;2025-12-01;7;798
28;2025-12-01;8;1293
28;2025-12-01;9;860
28;2025-12-01;10;641
28;2025-12-01;11;558
28;2025-12-01;12;669
28;2025-12-01;13;693
28;2025-12-01;14;639
28;2025-12-01;15;666
28;2025-12-01;16;873
28;2025-12-01;17;1001
28;2025-12-01;18;1010
28;2025-12-01;19;741
28;2025-12-01;20;487
28;2025-12-01;21;302
28;2025-12-01;22;119
28;2025-12-01;23;8
28;2025-12-02;0;0
28;2025-12-02;1;0
28;2025-12-02;2;0
28;2025-12-02;3;0
28;2025-12-02;4;1
28;2025-12-02;5;82
28;2025-12-02;6;271
28;2025-12-02;7;824
28;2025-12-02;8;1301
28;2025-12-02;9;887
28;2025-12-02;10;642
28;2025-12-02;11;599
28;2025-12-02;12;691
28;2025-12-02;13;717
28;2025-12-02;14;699
28;2025-12-02;15;740
28;2025-12-02;16;902
28;2025-12-02;17;1045
28;2025-12-02;18;1042
28;2025-12-02;19;792
28;2025-12-02;20;540
28;2025-12-02;21;332
28;2025-12-02;22;132
28;2025-12-02;23;15
28;2025-12-03;0;0
28;2025-12-03;1;0
28;2025-12-03;2;0
28;2025-12-03;3;0
28;2025-12-03;4;1
28;2025-12-03;5;81
28;2025-12-03;6;270
28;2025-12-03;7;822
28;2025-12-03;8;1299
28;2025-12-03;9;883
28;2025-12-03;10;639
28;2025-12-03;11;604
28;2025-12-03;12;696
28;2025-12-03;13;719
28;2025-12-03;14;701
28;2025-12-03;15;742
28;2025-12-03;16;904
28;2025-12-03;17;1047
28;2025-12-03;18;1043
28;2025-12-03;19;792
28;2025-12-03;20;540
28;2025-12-03;21;332
28;2025-12-03;22;133
28;2025-12-03;23;15
28;2025-12-04;0;0
28;2025-12-04;1;0
28;2025-12-04;2;0
28;2025-12-04;3;0
28;2025-12-04;4;1
28;2025-12-04;5;80
28;2025-12-04;6;268
28;2025-12-04;7;821
28;2025-12-04;8;1297
28;2025-12-04;9;880
28;2025-12-04;10;637
28;2025-12-04;11;602
28;2025-12-04;12;696
28;2025-12-04;13;720
28;2025-12-04;14;702
28;2025-12-04;15;744
28;2025-12-04;16;905
28;2025-12-04;17;1048
28;2025-12-04;18;1044
28;2025-12-04;19;792
28;2025-12-04;20;541
28;2025-12-04;21;335
28;2025-12-04;22;136
28;2025-12-04;23;16
28;2025-12-05;0;0
28;2025-12-05;1;0
28;2025-12-05;2;0
28;2025-12-05;3;0
28;2025-12-05;4;2
28;2025-12-05;5;78
28;2025-12-05;6;280
28;2025-12-05;7;845
28;2025-12-05;8;1291
28;2025-12-05;9;868
28;2025-12-05;10;643
28;2025-12-05;11;620
28;2025-12-05;12;786
28;2025-12-05;13;757
28;2025-12-05;14;728
28;2025-12-05;15;777
28;2025-12-05;16;965
28;2025-12-05;17;989
28;2025-12-05;18;881
28;2025-12-05;19;676
28;2025-12-05;20;469
28;2025-12-05;21;327
28;2025-12-05;22;128
28;2025-12-05;23;22
28;2025-12-06;0;0
28;2025-12-06;1;0
28;2025-12-06;2;0
28;2025-12-06;3;0
28;2025-12-06;4;1
28;2025-12-06;5;36
28;2025-12-06;6;111
28;2025-12-06;7;236
28;2025-12-06;8;395
28;2025-12-06;9;468
28;2025-12-06;10;491
28;2025-12-06;11;503
28;2025-12-06;12;606
28;2025-12-06;13;650
28;2025-12-06;14;611
28;2025-12-06;15;617
28;2025-12-06;16;622
28;2025-12-06;17;591
28;2025-12-06;18;525
28;2025-12-06;19;400
28;2025-12-06;20;301
28;2025-12-06;21;266
28;2025-12-06;22;123
28;2025-12-06;23;18
28;2025-12-07;0;1
28;2025-12-07;1;0
28;2025-12-07;2;0
28;2025-12-07;3;0
28;2025-12-07;4;0
28;2025-12-07;5;29
28;2025-12-07;6;84
28;2025-12-07;7;164
28;2025-12-07;8;266
28;2025-12-07;9;353
28;2025-12-07;10;392
28;2025-12-07;11;428
28;2025-12-07;12;477
28;2025-12-07;13;559
28;2025-12-07;14;540
28;2025-12-07;15;523
28;2025-12-07;16;484
28;2025-12-07;17;485
28;2025-12-07;18;431
28;2025-12-07;19;370
28;2025-12-07;20;296
28;2025-12-07;21;242
28;2025-12-07;22;112
28;2025-12-07;23;13
28;2025-12-08;0;0
28;2025-12-08;1;0
28;2025-12-08;2;0
28;2025-12-08;3;0
28;2025-12-08;4;2
28;2025-12-08;5;77
28;2025-12-08;6;281
28;2025-12-08;7;798
28;2025-12-08;8;1293
28;2025-12-08;9;860
28;2025-12-08;10;641
28;2025-12-08;11;558
28;2025-12-08;12;669
28;2025-12-08;13;690
28;2025-12-08;14;640
28;2025-12-08;15;666
28;2025-12-08;16;873
28;2025-12-08;17;1001
28;2025-12-08;18;1010
28;2025-12-08;19;741
28;2025-12-08;20;487
28;2025-12-08;21;302
28;2025-12-08;22;119
28;2025-12-08;23;8
28;2025-12-09;0;0
28;2025-12-09;1;0
28;2025-12-09;2;0
28;2025-12-09;3;0
28;2025-12-09;4;1
28;2025-12-09;5;82
28;2025-12-09;6;271
28;2025-12-09;7;824
28;2025-12-09;8;1299
28;2025-12-09;9;888
28;2025-12-09;10;643
28;2025-12-09;11;600
28;2025-12-09;12;691
28;2025-12-09;13;717
28;2025-12-09;14;699
28;2025-12-09;15;741
28;2025-12-09;16;903
28;2025-12-09;17;1045
28;2025-12-09;18;1042
28;2025-12-09;19;792
28;2025-12-09;20;541
28;2025-12-09;21;333
28;2025-12-09;22;136
28;2025-12-09;23;14
28;2025-12-10;0;0
28;2025-12-10;1;0
28;2025-12-10;2;0
28;2025-12-10;3;0
28;2025-12-10;4;1
28;2025-12-10;5;100
28;2025-12-10;6;288
28;2025-12-10;7;843
28;2025-12-10;8;1302
28;2025-12-10;9;901
28;2025-12-10;10;651
28;2025-12-10;11;611
28;2025-12-10;12;696
28;2025-12-10;13;719
28;2025-12-10;14;701
28;2025-12-10;15;742
28;2025-12-10;16;904
28;2025-12-10;17;1047
28;2025-12-10;18;1043
28;2025-12-10;19;792
28;2025-12-10;20;540
28;2025-12-10;21;332
28;2025-12-10;22;134
28;2025-12-10;23;15
28;2025-12-11;0;0
28;2025-12-11;1;0
28;2025-12-11;2;0
28;2025-12-11;3;0
28;2025-12-11;4;1
28;2025-12-11;5;80
28;2025-12-11;6;267
28;2025-12-11;7;819
28;2025-12-11;8;1300
28;2025-12-11;9;876
28;2025-12-11;10;633
28;2025-12-11;11;600
28;2025-12-11;12;695
28;2025-12-11;13;720
28;2025-12-11;14;700
28;2025-12-11;15;745
28;2025-12-11;16;905
28;2025-12-11;17;1046
28;2025-12-11;18;1044
28;2025-12-11;19;803
28;2025-12-11;20;551
28;2025-12-11;21;339
28;2025-12-11;22;140
28;2025-12-11;23;16
28;2025-12-12;0;0
28;2025-12-12;1;0
28;2025-12-12;2;0
28;2025-12-12;3;0
28;2025-12-12;4;2
28;2025-12-12;5;80
28;2025-12-12;6;275
28;2025-12-12;7;849
28;2025-12-12;8;1287
28;2025-12-12;9;874
28;2025-12-12;10;643
28;2025-12-12;11;624
28;2025-12-12;12;785
28;2025-12-12;13;743
28;2025-12-12;14;723
28;2025-12-12;15;748
28;2025-12-12;16;929
28;2025-12-12;17;976
28;2025-12-12;18;881
28;2025-12-12;19;678
28;2025-12-12;20;473
28;2025-12-12;21;331
28;2025-12-12;22;126
28;2025-12-12;23;19
28;2025-12-13;0;0
28;2025-12-13;1;0
28;2025-12-13;2;0
28;2025-12-13;3;0
28;2025-12-13;4;1
28;2025-12-13;5;32
28;2025-12-13;6;106
28;2025-12-13;7;225
28;2025-12-13;8;381
28;2025-12-13;9;455
28;2025-12-13;10;476
28;2025-12-13;11;489
28;2025-12-13;12;586
28;2025-12-13;13;626
28;2025-12-13;14;592
28;2025-12-13;15;606
28;2025-12-13;16;612
28;2025-12-13;17;586
28;2025-12-13;18;523
28;2025-12-13;19;397
28;2025-12-13;20;293
28;2025-12-13;21;259
28;2025-12-13;22;126
28;2025-12-13;23;19
28;2025-12-14;0;1
28;2025-12-14;1;0
28;2025-12-14;2;0
28;2025-12-14;3;0
28;2025-12-14;4;0
28;2025-12-14;5;16
28;2025-12-14;6;60
28;2025-12-14;7;140
28;2025-12-14;8;232
28;2025-12-14;9;338
28;2025-12-14;10;374
28;2025-12-14;11;416
28;2025-12-14;12;470
28;2025-12-14;13;554
28;2025-12-14;14;535
28;2025-12-14;15;521
28;2025-12-14;16;486
28;2025-12-14;17;488
28;2025-12-14;18;443
28;2025-12-14;19;377
28;2025-12-14;20;300
28;2025-12-14;21;246
28;2025-12-14;22;114
28;2025-12-14;23;16
28;2025-12-15;0;0
28;2025-12-15;1;0
28;2025-12-15;2;0
28;2025-12-15;3;0
28;2025-12-15;4;2
28;2025-12-15;5;78
28;2025-12-15;6;283
28;2025-12-15;7;801
28;2025-12-15;8;1296
28;2025-12-15;9;873
28;2025-12-15;10;656
28;2025-12-15;11;555
28;2025-12-15;12;673
28;2025-12-15;13;691
28;2025-12-15;14;641
28;2025-12-15;15;674
28;2025-12-15;16;883
28;2025-12-15;17;1011
28;2025-12-15;18;1020
28;2025-12-15;19;756
28;2025-12-15;20;500
28;2025-12-15;21;312
28;2025-12-15;22;129
28;2025-12-15;23;13
28;2025-12-16;0;0
28;2025-12-16;1;0
28;2025-12-16;2;0
28;2025-12-16;3;0
28;2025-12-16;4;1
28;2025-12-16;5;80
28;2025-12-16;6;266
28;2025-12-16;7;818
28;2025-12-16;8;1292
28;2025-12-16;9;883
28;2025-12-16;10;640
28;2025-12-16;11;616
28;2025-12-16;12;709
28;2025-12-16;13;707
28;2025-12-16;14;702
28;2025-12-16;15;740
28;2025-12-16;16;902
28;2025-12-16;17;1045
28;2025-12-16;18;1042
28;2025-12-16;19;792
28;2025-12-16;20;540
28;2025-12-16;21;331
28;2025-12-16;22;132
28;2025-12-16;23;15
28;2025-12-17;0;0
28;2025-12-17;1;0
28;2025-12-17;2;0
28;2025-12-17;3;0
28;2025-12-17;4;1
28;2025-12-17;5;81
28;2025-12-17;6;268
28;2025-12-17;7;821
28;2025-12-17;8;1299
28;2025-12-17;9;882
28;2025-12-17;10;638
28;2025-12-17;11;604
28;2025-12-17;12;696
28;2025-12-17;13;719
28;2025-12-17;14;701
28;2025-12-17;15;742
28;2025-12-17;16;904
28;2025-12-17;17;1047
28;2025-12-17;18;1043
28;2025-12-17;19;792
28;2025-12-17;20;540
28;2025-12-17;21;332
28;2025-12-17;22;133
28;2025-12-17;23;15
28;2025-12-18;0;0
28;2025-12-18;1;0
28;2025-12-18;2;0
28;2025-12-18;3;0
28;2025-12-18;4;1
28;2025-12-18;5;80
28;2025-12-18;6;268
28;2025-12-18;7;820
28;2025-12-18;8;1295
28;2025-12-18;9;880
28;2025-12-18;10;638
28;2025-12-18;11;603
28;2025-12-18;12;695
28;2025-12-18;13;717
28;2025-12-18;14;699
28;2025-12-18;15;740
28;2025-12-18;16;902
28;2025-12-18;17;1045
28;2025-12-18;18;1041
28;2025-12-18;19;790
28;2025-12-18;20;538
28;2025-12-18;21;330
28;2025-12-18;22;132
28;2025-12-18;23;15
28;2025-12-19;0;0
28;2025-12-19;1;0
28;2025-12-19;2;0
28;2025-12-19;3;0
28;2025-12-19;4;2
28;2025-12-19;5;78
28;2025-12-19;6;279
28;2025-12-19;7;844
28;2025-12-19;8;1291
28;2025-12-19;9;869
28;2025-12-19;10;645
28;2025-12-19;11;621
28;2025-12-19;12;786
28;2025-12-19;13;757
28;2025-12-19;14;728
28;2025-12-19;15;777
28;2025-12-19;16;960
28;2025-12-19;17;986
28;2025-12-19;18;886
28;2025-12-19;19;677
28;2025-12-19;20;472
28;2025-12-19;21;330
28;2025-12-19;22;128
28;2025-12-19;23;22
28;2025-12-20;0;0
28;2025-12-20;1;0
28;2025-12-20;2;0
28;2025-12-20;3;0
28;2025-12-20;4;1
28;2025-12-20;5;37
28;2025-12-20;6;112
28;2025-12-20;7;236
28;2025-12-20;8;397
28;2025-12-20;9;469
28;2025-12-20;10;493
28;2025-12-20;11;508
28;2025-12-20;12;604
28;2025-12-20;13;640
28;2025-12-20;14;602
28;2025-12-20;15;611
28;2025-12-20;16;615
28;2025-12-20;17;590
28;2025-12-20;18;516
28;2025-12-20;19;397
28;2025-12-20;20;300
28;2025-12-20;21;262
28;2025-12-20;22;121
28;2025-12-20;23;18
28;2025-12-21;0;1
28;2025-12-21;1;0
28;2025-12-21;2;0
28;2025-12-21;3;0
28;2025-12-21;4;0
28;2025-12-21;5;29
28;2025-12-21;6;85
28;2025-12-21;7;166
28;2025-12-21;8;267
28;2025-12-21;9;353
28;2025-12-21;10;392
28;2025-12-21;11;428
28;2025-12-21;12;477
28;2025-12-21;13;559
28;2025-12-21;14;539
28;2025-12-21;15;524
28;2025-12-21;16;484
28;2025-12-21;17;485
28;2025-12-21;18;431
28;2025-12-21;19;370
28;2025-12-21;20;296
28;2025-12-21;21;242
28;2025-12-21;22;109
28;2025-12-21;23;13
28;2025-12-22;0;0
28;2025-12-22;1;0
28;2025-12-22;2;0
28;2025-12-22;3;0
28;2025-12-22;4;2
28;2025-12-22;5;77
28;2025-12-22;6;281
28;2025-12-22;7;798
28;2025-12-22;8;1297
28;2025-12-22;9;870
28;2025-12-22;10;663
28;2025-12-22;11;563
28;2025-12-22;12;676
28;2025-12-22;13;691
28;2025-12-22;14;640
28;2025-12-22;15;668
28;2025-12-22;16;875
28;2025-12-22;17;1001
28;2025-12-22;18;1018
28;2025-12-22;19;742
28;2025-12-22;20;492
28;2025-12-22;21;309
28;2025-12-22;22;123
28;2025-12-22;23;6
28;2025-12-23;0;0
28;2025-12-23;1;0
28;2025-12-23;2;0
28;2025-12-23;3;0
28;2025-12-23;4;1
28;2025-12-23;5;82
28;2025-12-23;6;274
28;2025-12-23;7;826
28;2025-12-23;8;1298
28;2025-12-23;9;894
28;2025-12-23;10;643
28;2025-12-23;11;603
28;2025-12-23;12;695
28;2025-12-23;13;712
28;2025-12-23;14;691
28;2025-12-23;15;732
28;2025-12-23;16;894
28;2025-12-23;17;1039
28;2025-12-23;18;1041
28;2025-12-23;19;802
28;2025-12-23;20;544
28;2025-12-23;21;336
28;2025-12-23;22;137
28;2025-12-23;23;16
28;2025-12-24;0;0
28;2025-12-24;1;0
28;2025-12-24;2;0
28;2025-12-24;3;0
28;2025-12-24;4;1
28;2025-12-24;5;79
28;2025-12-24;6;265
28;2025-12-24;7;816
28;2025-12-24;8;1284
28;2025-12-24;9;884
28;2025-12-24;10;641
28;2025-12-24;11;607
28;2025-12-24;12;690
28;2025-12-24;13;722
28;2025-12-24;14;699
28;2025-12-24;15;732
28;2025-12-24;16;902
28;2025-12-24;17;1045
28;2025-12-24;18;1045
28;2025-12-24;19;798
28;2025-12-24;20;543
28;2025-12-24;21;332
28;2025-12-24;22;134
28;2025-12-24;23;12
28;2025-12-25;0;0
28;2025-12-25;1;0
28;2025-12-25;2;0
28;2025-12-25;3;0
28;2025-12-25;4;1
28;2025-12-25;5;82
28;2025-12-25;6;276
28;2025-12-25;7;819
28;2025-12-25;8;1290
28;2025-12-25;9;876
28;2025-12-25;10;633
28;2025-12-25;11;594
28;2025-12-25;12;690
28;2025-12-25;13;717
28;2025-12-25;14;698
28;2025-12-25;15;745
28;2025-12-25;16;906
28;2025-12-25;17;1055
28;2025-12-25;18;1053
28;2025-12-25;19;799
28;2025-12-25;20;542
28;2025-12-25;21;339
28;2025-12-25;22;140
28;2025-12-25;23;14
28;2025-12-26;0;0
28;2025-12-26;1;0
28;2025-12-26;2;0
28;2025-12-26;3;0
28;2025-12-26;4;2
28;2025-12-26;5;65
28;2025-12-26;6;278
28;2025-12-26;7;846
28;2025-12-26;8;1316
28;2025-12-26;9;866
28;2025-12-26;10;631
28;2025-12-26;11;623
28;2025-12-26;12;767
28;2025-12-26;13;745
28;2025-12-26;14;720
28;2025-12-26;15;769
28;2025-12-26;16;951
28;2025-12-26;17;972
28;2025-12-26;18;882
28;2025-12-26;19;675
28;2025-12-26;20;469
28;2025-12-26;21;324
28;2025-12-26;22;123
28;2025-12-26;23;21
28;2025-12-27;0;0
28;2025-12-27;1;0
28;2025-12-27;2;0
28;2025-12-27;3;0
28;2025-12-27;4;1
28;2025-12-27;5;37
28;2025-12-27;6;112
28;2025-12-27;7;236
28;2025-12-27;8;397
28;2025-12-27;9;461
28;2025-12-27;10;494
28;2025-12-27;11;508
28;2025-12-27;12;604
28;2025-12-27;13;639
28;2025-12-27;14;602
28;2025-12-27;15;601
28;2025-12-27;16;606
28;2025-12-27;17;590
28;2025-12-27;18;516
28;2025-12-27;19;397
28;2025-12-27;20;300
28;2025-12-27;21;265
28;2025-12-27;22;122
28;2025-12-27;23;24
28;2025-12-28;0;1
28;2025-12-28;1;0
28;2025-12-28;2;0
28;2025-12-28;3;0
28;2025-12-28;4;0
28;2025-12-28;5;32
28;2025-12-28;6;91
28;2025-12-28;7;175
28;2025-12-28;8;280
28;2025-12-28;9;357
28;2025-12-28;10;382
28;2025-12-28;11;426
28;2025-12-28;12;465
28;2025-12-28;13;535
28;2025-12-28;14;517
28;2025-12-28;15;507
28;2025-12-28;16;485
28;2025-12-28;17;487
28;2025-12-28;18;434
28;2025-12-28;19;369
28;2025-12-28;20;295
28;2025-12-28;21;242
28;2025-12-28;22;112
28;2025-12-28;23;14
28;2025-12-29;0;0
28;2025-12-29;1;0
28;2025-12-29;2;0
28;2025-12-29;3;0
28;2025-12-29;4;2
28;2025-12-29;5;70
28;2025-12-29;6;261
28;2025-12-29;7;742
28;2025-12-29;8;1185
28;2025-12-29;9;801
28;2025-12-29;10;589
28;2025-12-29;11;515
28;2025-12-29;12;617
28;2025-12-29;13;643
28;2025-12-29;14;601
28;2025-12-29;15;625
28;2025-12-29;16;815
28;2025-12-29;17;934
28;2025-12-29;18;938
28;2025-12-29;19;701
28;2025-12-29;20;464
28;2025-12-29;21;288
28;2025-12-29;22;115
28;2025-12-29;23;7
28;2025-12-30;0;0
28;2025-12-30;1;0
28;2025-12-30;2;0
28;2025-12-30;3;0
28;2025-12-30;4;1
28;2025-12-30;5;68
28;2025-12-30;6;240
28;2025-12-30;7;758
28;2025-12-30;8;1210
28;2025-12-30;9;824
28;2025-12-30;10;590
28;2025-12-30;11;550
28;2025-12-30;12;633
28;2025-12-30;13;657
28;2025-12-30;14;642
28;2025-12-30;15;680
28;2025-12-30;16;829
28;2025-12-30;17;958
28;2025-12-30;18;961
28;2025-12-30;19;733
28;2025-12-30;20;500
28;2025-12-30;21;306
28;2025-12-30;22;126
28;2025-12-30;23;13
28;2025-12-31;0;0
28;2025-12-31;1;0
28;2025-12-31;2;0
28;2025-12-31;3;0
28;2025-12-31;4;0
28;2025-12-31;5;14
28;2025-12-31;6;32
28;2025-12-31;7;73
28;2025-12-31;8;127
28;2025-12-31;9;178
28;2025-12-31;10;201
28;2025-12-31;11;232
28;2025-12-31;12;304
28;2025-12-31;13;356
28;2025-12-31;14;343
28;2025-12-31;15;337
28;2025-12-31;16;332
28;2025-12-31;17;333
28;2025-12-31;18;284
28;2025-12-31;19;246
28;2025-12-31;20;203
28;2025-12-31;21;156
28;2025-12-31;22;47
28;2025-12-31;23;4
50;2025-11-01;0;26
50;2025-11-01;1;1
50;2025-11-01;2;0
50;2025-11-01;3;0
50;2025-11-01;4;2
50;2025-11-01;5;46
50;2025-11-01;6;372
50;2025-11-01;7;1216
50;2025-11-01;8;1828
50;2025-11-01;9;1394
50;2025-11-01;10;1086
50;2025-11-01;11;1060
50;2025-11-01;12;1036
50;2025-11-01;13;1063
50;2025-11-01;14;1039
50;2025-11-01;15;1224
50;2025-11-01;16;1383
50;2025-11-01;17;1504
50;2025-11-01;18;1283
50;2025-11-01;19;911
50;2025-11-01;20;595
50;2025-11-01;21;400
50;2025-11-01;22;189
50;2025-11-01;23;115
50;2025-11-02;0;24
50;2025-11-02;1;2
50;2025-11-02;2;0
50;2025-11-02;3;0
50;2025-11-02;4;0
50;2025-11-02;5;10
50;2025-11-02;6;60
50;2025-11-02;7;97
50;2025-11-02;8;160
50;2025-11-02;9;206
50;2025-11-02;10;245
50;2025-11-02;11;304
50;2025-11-02;12;277
50;2025-11-02;13;291
50;2025-11-02;14;358
50;2025-11-02;15;339
50;2025-11-02;16;340
50;2025-11-02;17;430
50;2025-11-02;18;361
50;2025-11-02;19;312
50;2025-11-02;20;244
50;2025-11-02;21;195
50;2025-11-02;22;148
50;2025-11-02;23;62
50;2025-11-03;0;37
50;2025-11-03;1;2
50;2025-11-03;2;0
50;2025-11-03;3;0
50;2025-11-03;4;1
50;2025-11-03;5;39
50;2025-11-03;6;162
50;2025-11-03;7;284
50;2025-11-03;8;429
50;2025-11-03;9;493
50;2025-11-03;10;525
50;2025-11-03;11;624
50;2025-11-03;12;653
50;2025-11-03;13;656
50;2025-11-03;14;685
50;2025-11-03;15;661
50;2025-11-03;16;680
50;2025-11-03;17;736
50;2025-11-03;18;691
50;2025-11-03;19;617
50;2025-11-03;20;559
50;2025-11-03;21;407
50;2025-11-03;22;256
50;2025-11-03;23;147
50;2025-11-04;0;36
50;2025-11-04;1;2
50;2025-11-04;2;0
50;2025-11-04;3;0
50;2025-11-04;4;1
50;2025-11-04;5;34
50;2025-11-04;6;155
50;2025-11-04;7;275
50;2025-11-04;8;425
50;2025-11-04;9;474
50;2025-11-04;10;501
50;2025-11-04;11;604
50;2025-11-04;12;620
50;2025-11-04;13;639
50;2025-11-04;14;710
50;2025-11-04;15;675
50;2025-11-04;16;670
50;2025-11-04;17;726
50;2025-11-04;18;686
50;2025-11-04;19;607
50;2025-11-04;20;551
50;2025-11-04;21;402
50;2025-11-04;22;248
50;2025-11-04;23;143
50;2025-11-05;0;28
50;2025-11-05;1;2
50;2025-11-05;2;0
50;2025-11-05;3;0
50;2025-11-05;4;3
50;2025-11-05;5;68
50;2025-11-05;6;525
50;2025-11-05;7;1678
50;2025-11-05;8;2690
50;2025-11-05;9;2044
50;2025-11-05;10;1619
50;2025-11-05;11;1455
50;2025-11-05;12;1440
50;2025-11-05;13;1418
50;2025-11-05;14;1379
50;2025-11-05;15;1599
50;2025-11-05;16;1641
50;2025-11-05;17;2274
50;2025-11-05;18;2361
50;2025-11-05;19;1413
50;2025-11-05;20;890
50;2025-11-05;21;608
50;2025-11-05;22;254
50;2025-11-05;23;140
50;2025-11-06;0;29
50;2025-11-06;1;2
50;2025-11-06;2;0
50;2025-11-06;3;0
50;2025-11-06;4;3
50;2025-11-06;5;67
50;2025-11-06;6;525
50;2025-11-06;7;1673
50;2025-11-06;8;2680
50;2025-11-06;9;2033
50;2025-11-06;10;1613
50;2025-11-06;11;1453
50;2025-11-06;12;1438
50;2025-11-06;13;1421
50;2025-11-06;14;1377
50;2025-11-06;15;1599
50;2025-11-06;16;1643
50;2025-11-06;17;2274
50;2025-11-06;18;2359
50;2025-11-06;19;1412
50;2025-11-06;20;897
50;2025-11-06;21;607
50;2025-11-06;22;253
50;2025-11-06;23;143
50;2025-11-07;0;33
50;2025-11-07;1;1
50;2025-11-07;2;0
50;2025-11-07;3;0
50;2025-11-07;4;3
50;2025-11-07;5;62
50;2025-11-07;6;496
50;2025-11-07;7;1634
50;2025-11-07;8;2486
50;2025-11-07;9;1879
50;2025-11-07;10;1428
50;2025-11-07;11;1397
50;2025-11-07;12;1353
50;2025-11-07;13;1418
50;2025-11-07;14;1376
50;2025-11-07;15;1639
50;2025-11-07;16;1915
50;2025-11-07;17;2014
50;2025-11-07;18;1661
50;2025-11-07;19;1196
50;2025-11-07;20;808
50;2025-11-07;21;532
50;2025-11-07;22;252
50;2025-11-07;23;156
50;2025-11-08;0;119
50;2025-11-08;1;9
50;2025-11-08;2;0
50;2025-11-08;3;0
50;2025-11-08;4;0
50;2025-11-08;5;0
50;2025-11-08;6;56
50;2025-11-08;7;100
50;2025-11-08;8;183
50;2025-11-08;9;262
50;2025-11-08;10;260
50;2025-11-08;11;293
50;2025-11-08;12;346
50;2025-11-08;13;328
50;2025-11-08;14;334
50;2025-11-08;15;369
50;2025-11-08;16;335
50;2025-11-08;17;314
50;2025-11-08;18;261
50;2025-11-08;19;228
50;2025-11-08;20;178
50;2025-11-08;21;142
50;2025-11-08;22;84
50;2025-11-08;23;39
50;2025-11-09;0;24
50;2025-11-09;1;2
50;2025-11-09;2;0
50;2025-11-09;3;0
50;2025-11-09;4;0
50;2025-11-09;5;0
50;2025-11-09;6;35
50;2025-11-09;7;60
50;2025-11-09;8;118
50;2025-11-09;9;170
50;2025-11-09;10;220
50;2025-11-09;11;293
50;2025-11-09;12;325
50;2025-11-09;13;357
50;2025-11-09;14;403
50;2025-11-09;15;400
50;2025-11-09;16;407
50;2025-11-09;17;497
50;2025-11-09;18;372
50;2025-11-09;19;331
50;2025-11-09;20;260
50;2025-11-09;21;201
50;2025-11-09;22;148
50;2025-11-09;23;63
50;2025-11-10;0;19
50;2025-11-10;1;2
50;2025-11-10;2;0
50;2025-11-10;3;0
50;2025-11-10;4;3
50;2025-11-10;5;65
50;2025-11-10;6;504
50;2025-11-10;7;1645
50;2025-11-10;8;2645
50;2025-11-10;9;2063
50;2025-11-10;10;1510
50;2025-11-10;11;1375
50;2025-11-10;12;1285
50;2025-11-10;13;1381
50;2025-11-10;14;1321
50;2025-11-10;15;1520
50;2025-11-10;16;1570
50;2025-11-10;17;2166
50;2025-11-10;18;2367
50;2025-11-10;19;1277
50;2025-11-10;20;816
50;2025-11-10;21;570
50;2025-11-10;22;215
50;2025-11-10;23;108
50;2025-11-11;0;28
50;2025-11-11;1;2
50;2025-11-11;2;0
50;2025-11-11;3;0
50;2025-11-11;4;2
50;2025-11-11;5;68
50;2025-11-11;6;525
50;2025-11-11;7;1685
50;2025-11-11;8;2718
50;2025-11-11;9;2048
50;2025-11-11;10;1625
50;2025-11-11;11;1462
50;2025-11-11;12;1444
50;2025-11-11;13;1424
50;2025-11-11;14;1378
50;2025-11-11;15;1602
50;2025-11-11;16;1645
50;2025-11-11;17;2277
50;2025-11-11;18;2381
50;2025-11-11;19;1417
50;2025-11-11;20;889
50;2025-11-11;21;605
50;2025-11-11;22;252
50;2025-11-11;23;134
50;2025-11-12;0;29
50;2025-11-12;1;2
50;2025-11-12;2;0
50;2025-11-12;3;0
50;2025-11-12;4;2
50;2025-11-12;5;68
50;2025-11-12;6;525
50;2025-11-12;7;1684
50;2025-11-12;8;2711
50;2025-11-12;9;2046
50;2025-11-12;10;1631
50;2025-11-12;11;1463
50;2025-11-12;12;1444
50;2025-11-12;13;1423
50;2025-11-12;14;1382
50;2025-11-12;15;1604
50;2025-11-12;16;1646
50;2025-11-12;17;2279
50;2025-11-12;18;2366
50;2025-11-12;19;1416
50;2025-11-12;20;889
50;2025-11-12;21;607
50;2025-11-12;22;254
50;2025-11-12;23;139
50;2025-11-13;0;30
50;2025-11-13;1;2
50;2025-11-13;2;0
50;2025-11-13;3;0
50;2025-11-13;4;2
50;2025-11-13;5;67
50;2025-11-13;6;524
50;2025-11-13;7;1680
50;2025-11-13;8;2702
50;2025-11-13;9;2039
50;2025-11-13;10;1616
50;2025-11-13;11;1457
50;2025-11-13;12;1442
50;2025-11-13;13;1422
50;2025-11-13;14;1378
50;2025-11-13;15;1602
50;2025-11-13;16;1646
50;2025-11-13;17;2278
50;2025-11-13;18;2365
50;2025-11-13;19;1417
50;2025-11-13;20;892
50;2025-11-13;21;609
50;2025-11-13;22;255
50;2025-11-13;23;142
50;2025-11-14;0;34
50;2025-11-14;1;1
50;2025-11-14;2;0
50;2025-11-14;3;0
50;2025-11-14;4;3
50;2025-11-14;5;61
50;2025-11-14;6;494
50;2025-11-14;7;1639
50;2025-11-14;8;2498
50;2025-11-14;9;1890
50;2025-11-14;10;1446
50;2025-11-14;11;1413
50;2025-11-14;12;1367
50;2025-11-14;13;1422
50;2025-11-14;14;1380
50;2025-11-14;15;1643
50;2025-11-14;16;1918
50;2025-11-14;17;2015
50;2025-11-14;18;1663
50;2025-11-14;19;1198
50;2025-11-14;20;805
50;2025-11-14;21;530
50;2025-11-14;22;247
50;2025-11-14;23;152
50;2025-11-15;0;118
50;2025-11-15;1;9
50;2025-11-15;2;0
50;2025-11-15;3;0
50;2025-11-15;4;0
50;2025-11-15;5;16
50;2025-11-15;6;78
50;2025-11-15;7;145
50;2025-11-15;8;250
50;2025-11-15;9;321
50;2025-11-15;10;312
50;2025-11-15;11;350
50;2025-11-15;12;405
50;2025-11-15;13;399
50;2025-11-15;14;431
50;2025-11-15;15;460
50;2025-11-15;16;425
50;2025-11-15;17;406
50;2025-11-15;18;321
50;2025-11-15;19;281
50;2025-11-15;20;210
50;2025-11-15;21;169
50;2025-11-15;22;111
50;2025-11-15;23;60
50;2025-11-16;0;24
50;2025-11-16;1;3
50;2025-11-16;2;0
50;2025-11-16;3;0
50;2025-11-16;4;0
50;2025-11-16;5;0
50;2025-11-16;6;62
50;2025-11-16;7;100
50;2025-11-16;8;144
50;2025-11-16;9;204
50;2025-11-16;10;257
50;2025-11-16;11;330
50;2025-11-16;12;347
50;2025-11-16;13;373
50;2025-11-16;14;432
50;2025-11-16;15;410
50;2025-11-16;16;417
50;2025-11-16;17;500
50;2025-11-16;18;360
50;2025-11-16;19;320
50;2025-11-16;20;250
50;2025-11-16;21;193
50;2025-11-16;22;148
50;2025-11-16;23;63
50;2025-11-17;0;19
50;2025-11-17;1;2
50;2025-11-17;2;0
50;2025-11-17;3;0
50;2025-11-17;4;3
50;2025-11-17;5;62
50;2025-11-17;6;502
50;2025-11-17;7;1637
50;2025-11-17;8;2630
50;2025-11-17;9;2051
50;2025-11-17;10;1513
50;2025-11-17;11;1373
50;2025-11-17;12;1283
50;2025-11-17;13;1365
50;2025-11-17;14;1317
50;2025-11-17;15;1517
50;2025-11-17;16;1570
50;2025-11-17;17;2161
50;2025-11-17;18;2368
50;2025-11-17;19;1278
50;2025-11-17;20;818
50;2025-11-17;21;575
50;2025-11-17;22;214
50;2025-11-17;23;108
50;2025-11-18;0;28
50;2025-11-18;1;2
50;2025-11-18;2;0
50;2025-11-18;3;0
50;2025-11-18;4;3
50;2025-11-18;5;63
50;2025-11-18;6;528
50;2025-11-18;7;1677
50;2025-11-18;8;2707
50;2025-11-18;9;2010
50;2025-11-18;10;1579
50;2025-11-18;11;1433
50;2025-11-18;12;1420
50;2025-11-18;13;1414
50;2025-11-18;14;1376
50;2025-11-18;15;1600
50;2025-11-18;16;1646
50;2025-11-18;17;2277
50;2025-11-18;18;2371
50;2025-11-18;19;1427
50;2025-11-18;20;896
50;2025-11-18;21;606
50;2025-11-18;22;254
50;2025-11-18;23;133
50;2025-11-19;0;29
50;2025-11-19;1;2
50;2025-11-19;2;0
50;2025-11-19;3;0
50;2025-11-19;4;2
50;2025-11-19;5;68
50;2025-11-19;6;525
50;2025-11-19;7;1684
50;2025-11-19;8;2705
50;2025-11-19;9;2044
50;2025-11-19;10;1622
50;2025-11-19;11;1461
50;2025-11-19;12;1442
50;2025-11-19;13;1422
50;2025-11-19;14;1378
50;2025-11-19;15;1603
50;2025-11-19;16;1646
50;2025-11-19;17;2279
50;2025-11-19;18;2379
50;2025-11-19;19;1416
50;2025-11-19;20;890
50;2025-11-19;21;607
50;2025-11-19;22;255
50;2025-11-19;23;139
50;2025-11-20;0;30
50;2025-11-20;1;2
50;2025-11-20;2;0
50;2025-11-20;3;0
50;2025-11-20;4;2
50;2025-11-20;5;67
50;2025-11-20;6;524
50;2025-11-20;7;1680
50;2025-11-20;8;2699
50;2025-11-20;9;2041
50;2025-11-20;10;1617
50;2025-11-20;11;1456
50;2025-11-20;12;1441
50;2025-11-20;13;1422
50;2025-11-20;14;1378
50;2025-11-20;15;1603
50;2025-11-20;16;1645
50;2025-11-20;17;2278
50;2025-11-20;18;2375
50;2025-11-20;19;1413
50;2025-11-20;20;889
50;2025-11-20;21;606
50;2025-11-20;22;254
50;2025-11-20;23;142
50;2025-11-21;0;34
50;2025-11-21;1;1
50;2025-11-21;2;0
50;2025-11-21;3;0
50;2025-11-21;4;3
50;2025-11-21;5;66
50;2025-11-21;6;498
50;2025-11-21;7;1635
50;2025-11-21;8;2491
50;2025-11-21;9;1889
50;2025-11-21;10;1444
50;2025-11-21;11;1413
50;2025-11-21;12;1354
50;2025-11-21;13;1421
50;2025-11-21;14;1379
50;2025-11-21;15;1643
50;2025-11-21;16;1918
50;2025-11-21;17;2015
50;2025-11-21;18;1667
50;2025-11-21;19;1197
50;2025-11-21;20;808
50;2025-11-21;21;534
50;2025-11-21;22;252
50;2025-11-21;23;156
50;2025-11-22;0;120
50;2025-11-22;1;10
50;2025-11-22;2;0
50;2025-11-22;3;0
50;2025-11-22;4;1
50;2025-11-22;5;14
50;2025-11-22;6;81
50;2025-11-22;7;144
50;2025-11-22;8;244
50;2025-11-22;9;318
50;2025-11-22;10;334
50;2025-11-22;11;387
50;2025-11-22;12;444
50;2025-11-22;13;426
50;2025-11-22;14;431
50;2025-11-22;15;460
50;2025-11-22;16;425
50;2025-11-22;17;405
50;2025-11-22;18;325
50;2025-11-22;19;281
50;2025-11-22;20;211
50;2025-11-22;21;167
50;2025-11-22;22;109
50;2025-11-22;23;64
50;2025-11-23;0;24
50;2025-11-23;1;3
50;2025-11-23;2;0
50;2025-11-23;3;0
50;2025-11-23;4;0
50;2025-11-23;5;8
50;2025-11-23;6;61
50;2025-11-23;7;105
50;2025-11-23;8;167
50;2025-11-23;9;217
50;2025-11-23;10;268
50;2025-11-23;11;336
50;2025-11-23;12;353
50;2025-11-23;13;377
50;2025-11-23;14;436
50;2025-11-23;15;418
50;2025-11-23;16;419
50;2025-11-23;17;505
50;2025-11-23;18;359
50;2025-11-23;19;321
50;2025-11-23;20;253
50;2025-11-23;21;193
50;2025-11-23;22;146
50;2025-11-23;23;63
50;2025-11-24;0;20
50;2025-11-24;1;3
50;2025-11-24;2;0
50;2025-11-24;3;0
50;2025-11-24;4;3
50;2025-11-24;5;65
50;2025-11-24;6;507
50;2025-11-24;7;1653
50;2025-11-24;8;2635
50;2025-11-24;9;2063
50;2025-11-24;10;1499
50;2025-11-24;11;1357
50;2025-11-24;12;1287
50;2025-11-24;13;1383
50;2025-11-24;14;1319
50;2025-11-24;15;1517
50;2025-11-24;16;1571
50;2025-11-24;17;2168
50;2025-11-24;18;2368
50;2025-11-24;19;1280
50;2025-11-24;20;818
50;2025-11-24;21;572
50;2025-11-24;22;217
50;2025-11-24;23;108
50;2025-11-25;0;28
50;2025-11-25;1;2
50;2025-11-25;2;0
50;2025-11-25;3;0
50;2025-11-25;4;2
50;2025-11-25;5;68
50;2025-11-25;6;526
50;2025-11-25;7;1686
50;2025-11-25;8;2709
50;2025-11-25;9;2047
50;2025-11-25;10;1620
50;2025-11-25;11;1457
50;2025-11-25;12;1440
50;2025-11-25;13;1420
50;2025-11-25;14;1374
50;2025-11-25;15;1600
50;2025-11-25;16;1642
50;2025-11-25;17;2279
50;2025-11-25;18;2383
50;2025-11-25;19;1419
50;2025-11-25;20;891
50;2025-11-25;21;607
50;2025-11-25;22;254
50;2025-11-25;23;133
50;2025-11-26;0;29
50;2025-11-26;1;2
50;2025-11-26;2;0
50;2025-11-26;3;0
50;2025-11-26;4;2
50;2025-11-26;5;69
50;2025-11-26;6;526
50;2025-11-26;7;1694
50;2025-11-26;8;2727
50;2025-11-26;9;2046
50;2025-11-26;10;1624
50;2025-11-26;11;1464
50;2025-11-26;12;1444
50;2025-11-26;13;1426
50;2025-11-26;14;1381
50;2025-11-26;15;1604
50;2025-11-26;16;1640
50;2025-11-26;17;2268
50;2025-11-26;18;2367
50;2025-11-26;19;1423
50;2025-11-26;20;894
50;2025-11-26;21;611
50;2025-11-26;22;259
50;2025-11-26;23;139
50;2025-11-27;0;29
50;2025-11-27;1;2
50;2025-11-27;2;0
50;2025-11-27;3;0
50;2025-11-27;4;2
50;2025-11-27;5;67
50;2025-11-27;6;524
50;2025-11-27;7;1680
50;2025-11-27;8;2705
50;2025-11-27;9;2039
50;2025-11-27;10;1615
50;2025-11-27;11;1456
50;2025-11-27;12;1441
50;2025-11-27;13;1421
50;2025-11-27;14;1377
50;2025-11-27;15;1603
50;2025-11-27;16;1646
50;2025-11-27;17;2269
50;2025-11-27;18;2346
50;2025-11-27;19;1421
50;2025-11-27;20;894
50;2025-11-27;21;611
50;2025-11-27;22;259
50;2025-11-27;23;139
50;2025-11-28;0;32
50;2025-11-28;1;1
50;2025-11-28;2;0
50;2025-11-28;3;0
50;2025-11-28;4;3
50;2025-11-28;5;61
50;2025-11-28;6;494
50;2025-11-28;7;1639
50;2025-11-28;8;2498
50;2025-11-28;9;1889
50;2025-11-28;10;1444
50;2025-11-28;11;1412
50;2025-11-28;12;1366
50;2025-11-28;13;1422
50;2025-11-28;14;1380
50;2025-11-28;15;1645
50;2025-11-28;16;1919
50;2025-11-28;17;2013
50;2025-11-28;18;1663
50;2025-11-28;19;1195
50;2025-11-28;20;806
50;2025-11-28;21;531
50;2025-11-28;22;252
50;2025-11-28;23;156
50;2025-11-29;0;120
50;2025-11-29;1;10
50;2025-11-29;2;0
50;2025-11-29;3;0
50;2025-11-29;4;0
50;2025-11-29;5;12
50;2025-11-29;6;82
50;2025-11-29;7;147
50;2025-11-29;8;232
50;2025-11-29;9;329
50;2025-11-29;10;335
50;2025-11-29;11;388
50;2025-11-29;12;444
50;2025-11-29;13;426
50;2025-11-29;14;431
50;2025-11-29;15;461
50;2025-11-29;16;425
50;2025-11-29;17;405
50;2025-11-29;18;321
50;2025-11-29;19;281
50;2025-11-29;20;211
50;2025-11-29;21;170
50;2025-11-29;22;111
50;2025-11-29;23;61
50;2025-11-30;0;24
50;2025-11-30;1;3
50;2025-11-30;2;0
50;2025-11-30;3;0
50;2025-11-30;4;0
50;2025-11-30;5;9
50;2025-11-30;6;61
50;2025-11-30;7;107
50;2025-11-30;8;166
50;2025-11-30;9;218
50;2025-11-30;10;268
50;2025-11-30;11;336
50;2025-11-30;12;352
50;2025-11-30;13;376
50;2025-11-30;14;439
50;2025-11-30;15;417
50;2025-11-30;16;418
50;2025-11-30;17;505
50;2025-11-30;18;373
50;2025-11-30;19;329
50;2025-11-30;20;257
50;2025-11-30;21;202
50;2025-11-30;22;148
50;2025-11-30;23;64
50;2025-12-01;0;22
50;2025-12-01;1;3
50;2025-12-01;2;0
50;2025-12-01;3;0
50;2025-12-01;4;3
50;2025-12-01;5;71
50;2025-12-01;6;547
50;2025-12-01;7;1771
50;2025-12-01;8;2829
50;2025-12-01;9;2203
50;2025-12-01;10;1612
50;2025-12-01;11;1475
50;2025-12-01;12;1385
50;2025-12-01;13;1483
50;2025-12-01;14;1421
50;2025-12-01;15;1631
50;2025-12-01;16;1686
50;2025-12-01;17;2329
50;2025-12-01;18;2546
50;2025-12-01;19;1384
50;2025-12-01;20;880
50;2025-12-01;21;613
50;2025-12-01;22;235
50;2025-12-01;23;117
50;2025-12-02;0;31
50;2025-12-02;1;2
50;2025-12-02;2;0
50;2025-12-02;3;0
50;2025-12-02;4;3
50;2025-12-02;5;73
50;2025-12-02;6;566
50;2025-12-02;7;1813
50;2025-12-02;8;2906
50;2025-12-02;9;2197
50;2025-12-02;10;1738
50;2025-12-02;11;1568
50;2025-12-02;12;1548
50;2025-12-02;13;1530
50;2025-12-02;14;1483
50;2025-12-02;15;1717
50;2025-12-02;16;1765
50;2025-12-02;17;2445
50;2025-12-02;18;2563
50;2025-12-02;19;1525
50;2025-12-02;20;954
50;2025-12-02;21;650
50;2025-12-02;22;274
50;2025-12-02;23;142
50;2025-12-03;0;31
50;2025-12-03;1;2
50;2025-12-03;2;0
50;2025-12-03;3;0
50;2025-12-03;4;3
50;2025-12-03;5;73
50;2025-12-03;6;565
50;2025-12-03;7;1811
50;2025-12-03;8;2902
50;2025-12-03;9;2194
50;2025-12-03;10;1738
50;2025-12-03;11;1571
50;2025-12-03;12;1551
50;2025-12-03;13;1529
50;2025-12-03;14;1484
50;2025-12-03;15;1722
50;2025-12-03;16;1769
50;2025-12-03;17;2445
50;2025-12-03;18;2558
50;2025-12-03;19;1522
50;2025-12-03;20;953
50;2025-12-03;21;650
50;2025-12-03;22;275
50;2025-12-03;23;149
50;2025-12-04;0;33
50;2025-12-04;1;2
50;2025-12-04;2;0
50;2025-12-04;3;0
50;2025-12-04;4;3
50;2025-12-04;5;71
50;2025-12-04;6;563
50;2025-12-04;7;1806
50;2025-12-04;8;2906
50;2025-12-04;9;2188
50;2025-12-04;10;1732
50;2025-12-04;11;1566
50;2025-12-04;12;1550
50;2025-12-04;13;1528
50;2025-12-04;14;1480
50;2025-12-04;15;1721
50;2025-12-04;16;1765
50;2025-12-04;17;2441
50;2025-12-04;18;2557
50;2025-12-04;19;1523
50;2025-12-04;20;955
50;2025-12-04;21;651
50;2025-12-04;22;276
50;2025-12-04;23;153
50;2025-12-05;0;37
50;2025-12-05;1;1
50;2025-12-05;2;0
50;2025-12-05;3;0
50;2025-12-05;4;3
50;2025-12-05;5;65
50;2025-12-05;6;533
50;2025-12-05;7;1761
50;2025-12-05;8;2682
50;2025-12-05;9;2026
50;2025-12-05;10;1557
50;2025-12-05;11;1522
50;2025-12-05;12;1475
50;2025-12-05;13;1529
50;2025-12-05;14;1483
50;2025-12-05;15;1767
50;2025-12-05;16;2047
50;2025-12-05;17;2168
50;2025-12-05;18;1803
50;2025-12-05;19;1291
50;2025-12-05;20;863
50;2025-12-05;21;572
50;2025-12-05;22;271
50;2025-12-05;23;168
50;2025-12-06;0;59
50;2025-12-06;1;2
50;2025-12-06;2;0
50;2025-12-06;3;0
50;2025-12-06;4;0
50;2025-12-06;5;35
50;2025-12-06;6;181
50;2025-12-06;7;391
50;2025-12-06;8;563
50;2025-12-06;9;651
50;2025-12-06;10;693
50;2025-12-06;11;796
50;2025-12-06;12;797
50;2025-12-06;13;828
50;2025-12-06;14;878
50;2025-12-06;15;816
50;2025-12-06;16;813
50;2025-12-06;17;861
50;2025-12-06;18;793
50;2025-12-06;19;709
50;2025-12-06;20;567
50;2025-12-06;21;421
50;2025-12-06;22;261
50;2025-12-06;23;155
50;2025-12-07;0;45
50;2025-12-07;1;3
50;2025-12-07;2;0
50;2025-12-07;3;0
50;2025-12-07;4;1
50;2025-12-07;5;30
50;2025-12-07;6;158
50;2025-12-07;7;279
50;2025-12-07;8;438
50;2025-12-07;9;524
50;2025-12-07;10;566
50;2025-12-07;11;726
50;2025-12-07;12;772
50;2025-12-07;13;793
50;2025-12-07;14;817
50;2025-12-07;15;770
50;2025-12-07;16;767
50;2025-12-07;17;819
50;2025-12-07;18;727
50;2025-12-07;19;629
50;2025-12-07;20;560
50;2025-12-07;21;405
50;2025-12-07;22;250
50;2025-12-07;23;132
50;2025-12-08;0;22
50;2025-12-08;1;3
50;2025-12-08;2;0
50;2025-12-08;3;0
50;2025-12-08;4;3
50;2025-12-08;5;70
50;2025-12-08;6;546
50;2025-12-08;7;1771
50;2025-12-08;8;2829
50;2025-12-08;9;2205
50;2025-12-08;10;1614
50;2025-12-08;11;1475
50;2025-12-08;12;1385
50;2025-12-08;13;1478
50;2025-12-08;14;1417
50;2025-12-08;15;1631
50;2025-12-08;16;1686
50;2025-12-08;17;2329
50;2025-12-08;18;2546
50;2025-12-08;19;1385
50;2025-12-08;20;881
50;2025-12-08;21;613
50;2025-12-08;22;235
50;2025-12-08;23;117
50;2025-12-09;0;31
50;2025-12-09;1;2
50;2025-12-09;2;0
50;2025-12-09;3;0
50;2025-12-09;4;3
50;2025-12-09;5;73
50;2025-12-09;6;565
50;2025-12-09;7;1812
50;2025-12-09;8;2907
50;2025-12-09;9;2196
50;2025-12-09;10;1736
50;2025-12-09;11;1566
50;2025-12-09;12;1548
50;2025-12-09;13;1526
50;2025-12-09;14;1480
50;2025-12-09;15;1717
50;2025-12-09;16;1765
50;2025-12-09;17;2445
50;2025-12-09;18;2563
50;2025-12-09;19;1526
50;2025-12-09;20;955
50;2025-12-09;21;650
50;2025-12-09;22;284
50;2025-12-09;23;147
50;2025-12-10;0;32
50;2025-12-10;1;2
50;2025-12-10;2;0
50;2025-12-10;3;0
50;2025-12-10;4;3
50;2025-12-10;5;86
50;2025-12-10;6;577
50;2025-12-10;7;1827
50;2025-12-10;8;2896
50;2025-12-10;9;2202
50;2025-12-10;10;1751
50;2025-12-10;11;1575
50;2025-12-10;12;1551
50;2025-12-10;13;1529
50;2025-12-10;14;1484
50;2025-12-10;15;1721
50;2025-12-10;16;1769
50;2025-12-10;17;2445
50;2025-12-10;18;2558
50;2025-12-10;19;1522
50;2025-12-10;20;954
50;2025-12-10;21;650
50;2025-12-10;22;275
50;2025-12-10;23;150
50;2025-12-11;0;32
50;2025-12-11;1;2
50;2025-12-11;2;0
50;2025-12-11;3;0
50;2025-12-11;4;2
50;2025-12-11;5;71
50;2025-12-11;6;563
50;2025-12-11;7;1807
50;2025-12-11;8;2892
50;2025-12-11;9;2173
50;2025-12-11;10;1735
50;2025-12-11;11;1563
50;2025-12-11;12;1548
50;2025-12-11;13;1530
50;2025-12-11;14;1483
50;2025-12-11;15;1722
50;2025-12-11;16;1765
50;2025-12-11;17;2427
50;2025-12-11;18;2523
50;2025-12-11;19;1532
50;2025-12-11;20;963
50;2025-12-11;21;655
50;2025-12-11;22;279
50;2025-12-11;23;153
50;2025-12-12;0;37
50;2025-12-12;1;1
50;2025-12-12;2;0
50;2025-12-12;3;0
50;2025-12-12;4;3
50;2025-12-12;5;66
50;2025-12-12;6;526
50;2025-12-12;7;1762
50;2025-12-12;8;2680
50;2025-12-12;9;2028
50;2025-12-12;10;1553
50;2025-12-12;11;1523
50;2025-12-12;12;1462
50;2025-12-12;13;1512
50;2025-12-12;14;1475
50;2025-12-12;15;1733
50;2025-12-12;16;2010
50;2025-12-12;17;2153
50;2025-12-12;18;1808
50;2025-12-12;19;1293
50;2025-12-12;20;869
50;2025-12-12;21;580
50;2025-12-12;22;274
50;2025-12-12;23;171
50;2025-12-13;0;58
50;2025-12-13;1;2
50;2025-12-13;2;0
50;2025-12-13;3;0
50;2025-12-13;4;0
50;2025-12-13;5;34
50;2025-12-13;6;179
50;2025-12-13;7;383
50;2025-12-13;8;558
50;2025-12-13;9;640
50;2025-12-13;10;684
50;2025-12-13;11;793
50;2025-12-13;12;794
50;2025-12-13;13;817
50;2025-12-13;14;876
50;2025-12-13;15;815
50;2025-12-13;16;814
50;2025-12-13;17;861
50;2025-12-13;18;788
50;2025-12-13;19;708
50;2025-12-13;20;553
50;2025-12-13;21;406
50;2025-12-13;22;268
50;2025-12-13;23;151
50;2025-12-14;0;45
50;2025-12-14;1;4
50;2025-12-14;2;0
50;2025-12-14;3;0
50;2025-12-14;4;1
50;2025-12-14;5;19
50;2025-12-14;6;142
50;2025-12-14;7;256
50;2025-12-14;8;410
50;2025-12-14;9;512
50;2025-12-14;10;554
50;2025-12-14;11;720
50;2025-12-14;12;774
50;2025-12-14;13;789
50;2025-12-14;14;818
50;2025-12-14;15;767
50;2025-12-14;16;773
50;2025-12-14;17;825
50;2025-12-14;18;727
50;2025-12-14;19;628
50;2025-12-14;20;558
50;2025-12-14;21;406
50;2025-12-14;22;251
50;2025-12-14;23;135
50;2025-12-15;0;22
50;2025-12-15;1;3
50;2025-12-15;2;0
50;2025-12-15;3;0
50;2025-12-15;4;3
50;2025-12-15;5;69
50;2025-12-15;6;547
50;2025-12-15;7;1777
50;2025-12-15;8;2840
50;2025-12-15;9;2215
50;2025-12-15;10;1626
50;2025-12-15;11;1471
50;2025-12-15;12;1382
50;2025-12-15;13;1472
50;2025-12-15;14;1413
50;2025-12-15;15;1640
50;2025-12-15;16;1686
50;2025-12-15;17;2331
50;2025-12-15;18;2549
50;2025-12-15;19;1401
50;2025-12-15;20;885
50;2025-12-15;21;626
50;2025-12-15;22;248
50;2025-12-15;23;129
50;2025-12-16;0;31
50;2025-12-16;1;2
50;2025-12-16;2;0
50;2025-12-16;3;0
50;2025-12-16;4;3
50;2025-12-16;5;80
50;2025-12-16;6;561
50;2025-12-16;7;1809
50;2025-12-16;8;2905
50;2025-12-16;9;2191
50;2025-12-16;10;1745
50;2025-12-16;11;1572
50;2025-12-16;12;1553
50;2025-12-16;13;1517
50;2025-12-16;14;1483
50;2025-12-16;15;1720
50;2025-12-16;16;1768
50;2025-12-16;17;2445
50;2025-12-16;18;2563
50;2025-12-16;19;1526
50;2025-12-16;20;955
50;2025-12-16;21;649
50;2025-12-16;22;274
50;2025-12-16;23;142
50;2025-12-17;0;31
50;2025-12-17;1;2
50;2025-12-17;2;0
50;2025-12-17;3;0
50;2025-12-17;4;3
50;2025-12-17;5;73
50;2025-12-17;6;565
50;2025-12-17;7;1811
50;2025-12-17;8;2911
50;2025-12-17;9;2194
50;2025-12-17;10;1738
50;2025-12-17;11;1571
50;2025-12-17;12;1551
50;2025-12-17;13;1529
50;2025-12-17;14;1484
50;2025-12-17;15;1722
50;2025-12-17;16;1769
50;2025-12-17;17;2445
50;2025-12-17;18;2558
50;2025-12-17;19;1522
50;2025-12-17;20;953
50;2025-12-17;21;650
50;2025-12-17;22;275
50;2025-12-17;23;150
50;2025-12-18;0;33
50;2025-12-18;1;2
50;2025-12-18;2;0
50;2025-12-18;3;0
50;2025-12-18;4;3
50;2025-12-18;5;71
50;2025-12-18;6;563
50;2025-12-18;7;1806
50;2025-12-18;8;2894
50;2025-12-18;9;2187
50;2025-12-18;10;1732
50;2025-12-18;11;1565
50;2025-12-18;12;1549
50;2025-12-18;13;1528
50;2025-12-18;14;1483
50;2025-12-18;15;1721
50;2025-12-18;16;1768
50;2025-12-18;17;2444
50;2025-12-18;18;2557
50;2025-12-18;19;1521
50;2025-12-18;20;954
50;2025-12-18;21;650
50;2025-12-18;22;275
50;2025-12-18;23;152
50;2025-12-19;0;37
50;2025-12-19;1;1
50;2025-12-19;2;0
50;2025-12-19;3;0
50;2025-12-19;4;3
50;2025-12-19;5;65
50;2025-12-19;6;532
50;2025-12-19;7;1761
50;2025-12-19;8;2672
50;2025-12-19;9;2027
50;2025-12-19;10;1558
50;2025-12-19;11;1523
50;2025-12-19;12;1476
50;2025-12-19;13;1530
50;2025-12-19;14;1487
50;2025-12-19;15;1767
50;2025-12-19;16;2047
50;2025-12-19;17;2162
50;2025-12-19;18;1810
50;2025-12-19;19;1292
50;2025-12-19;20;866
50;2025-12-19;21;574
50;2025-12-19;22;272
50;2025-12-19;23;168
50;2025-12-20;0;59
50;2025-12-20;1;2
50;2025-12-20;2;0
50;2025-12-20;3;0
50;2025-12-20;4;1
50;2025-12-20;5;36
50;2025-12-20;6;183
50;2025-12-20;7;392
50;2025-12-20;8;563
50;2025-12-20;9;651
50;2025-12-20;10;695
50;2025-12-20;11;804
50;2025-12-20;12;804
50;2025-12-20;13;833
50;2025-12-20;14;883
50;2025-12-20;15;819
50;2025-12-20;16;816
50;2025-12-20;17;865
50;2025-12-20;18;783
50;2025-12-20;19;711
50;2025-12-20;20;570
50;2025-12-20;21;418
50;2025-12-20;22;264
50;2025-12-20;23;155
50;2025-12-21;0;45
50;2025-12-21;1;3
50;2025-12-21;2;0
50;2025-12-21;3;0
50;2025-12-21;4;1
50;2025-12-21;5;30
50;2025-12-21;6;163
50;2025-12-21;7;276
50;2025-12-21;8;440
50;2025-12-21;9;525
50;2025-12-21;10;566
50;2025-12-21;11;726
50;2025-12-21;12;772
50;2025-12-21;13;793
50;2025-12-21;14;817
50;2025-12-21;15;771
50;2025-12-21;16;767
50;2025-12-21;17;820
50;2025-12-21;18;727
50;2025-12-21;19;629
50;2025-12-21;20;560
50;2025-12-21;21;405
50;2025-12-21;22;243
50;2025-12-21;23;132
50;2025-12-22;0;22
50;2025-12-22;1;2
50;2025-12-22;2;0
50;2025-12-22;3;0
50;2025-12-22;4;3
50;2025-12-22;5;71
50;2025-12-22;6;547
50;2025-12-22;7;1772
50;2025-12-22;8;2843
50;2025-12-22;9;2209
50;2025-12-22;10;1637
50;2025-12-22;11;1482
50;2025-12-22;12;1392
50;2025-12-22;13;1482
50;2025-12-22;14;1417
50;2025-12-22;15;1630
50;2025-12-22;16;1685
50;2025-12-22;17;2321
50;2025-12-22;18;2521
50;2025-12-22;19;1379
50;2025-12-22;20;877
50;2025-12-22;21;612
50;2025-12-22;22;235
50;2025-12-22;23;114
50;2025-12-23;0;31
50;2025-12-23;1;2
50;2025-12-23;2;0
50;2025-12-23;3;0
50;2025-12-23;4;3
50;2025-12-23;5;74
50;2025-12-23;6;571
50;2025-12-23;7;1819
50;2025-12-23;8;2913
50;2025-12-23;9;2207
50;2025-12-23;10;1745
50;2025-12-23;11;1576
50;2025-12-23;12;1557
50;2025-12-23;13;1532
50;2025-12-23;14;1483
50;2025-12-23;15;1719
50;2025-12-23;16;1766
50;2025-12-23;17;2445
50;2025-12-23;18;2558
50;2025-12-23;19;1542
50;2025-12-23;20;966
50;2025-12-23;21;659
50;2025-12-23;22;283
50;2025-12-23;23;149
50;2025-12-24;0;32
50;2025-12-24;1;3
50;2025-12-24;2;0
50;2025-12-24;3;0
50;2025-12-24;4;3
50;2025-12-24;5;73
50;2025-12-24;6;566
50;2025-12-24;7;1812
50;2025-12-24;8;2895
50;2025-12-24;9;2200
50;2025-12-24;10;1745
50;2025-12-24;11;1577
50;2025-12-24;12;1555
50;2025-12-24;13;1534
50;2025-12-24;14;1488
50;2025-12-24;15;1713
50;2025-12-24;16;1770
50;2025-12-24;17;2446
50;2025-12-24;18;2535
50;2025-12-24;19;1528
50;2025-12-24;20;959
50;2025-12-24;21;654
50;2025-12-24;22;278
50;2025-12-24;23;149
50;2025-12-25;0;32
50;2025-12-25;1;2
50;2025-12-25;2;0
50;2025-12-25;3;0
50;2025-12-25;4;2
50;2025-12-25;5;74
50;2025-12-25;6;570
50;2025-12-25;7;1805
50;2025-12-25;8;2891
50;2025-12-25;9;2184
50;2025-12-25;10;1728
50;2025-12-25;11;1557
50;2025-12-25;12;1542
50;2025-12-25;13;1522
50;2025-12-25;14;1477
50;2025-12-25;15;1719
50;2025-12-25;16;1771
50;2025-12-25;17;2432
50;2025-12-25;18;2521
50;2025-12-25;19;1531
50;2025-12-25;20;959
50;2025-12-25;21;659
50;2025-12-25;22;284
50;2025-12-25;23;153
50;2025-12-26;0;36
50;2025-12-26;1;1
50;2025-12-26;2;0
50;2025-12-26;3;0
50;2025-12-26;4;3
50;2025-12-26;5;52
50;2025-12-26;6;527
50;2025-12-26;7;1760
50;2025-12-26;8;2705
50;2025-12-26;9;2021
50;2025-12-26;10;1542
50;2025-12-26;11;1520
50;2025-12-26;12;1448
50;2025-12-26;13;1513
50;2025-12-26;14;1475
50;2025-12-26;15;1754
50;2025-12-26;16;2033
50;2025-12-26;17;2149
50;2025-12-26;18;1804
50;2025-12-26;19;1295
50;2025-12-26;20;867
50;2025-12-26;21;570
50;2025-12-26;22;267
50;2025-12-26;23;168
50;2025-12-27;0;58
50;2025-12-27;1;2
50;2025-12-27;2;0
50;2025-12-27;3;0
50;2025-12-27;4;1
50;2025-12-27;5;36
50;2025-12-27;6;183
50;2025-12-27;7;393
50;2025-12-27;8;564
50;2025-12-27;9;638
50;2025-12-27;10;696
50;2025-12-27;11;804
50;2025-12-27;12;804
50;2025-12-27;13;833
50;2025-12-27;14;882
50;2025-12-27;15;811
50;2025-12-27;16;809
50;2025-12-27;17;865
50;2025-12-27;18;784
50;2025-12-27;19;706
50;2025-12-27;20;567
50;2025-12-27;21;410
50;2025-12-27;22;254
50;2025-12-27;23;151
50;2025-12-28;0;44
50;2025-12-28;1;3
50;2025-12-28;2;0
50;2025-12-28;3;0
50;2025-12-28;4;1
50;2025-12-28;5;32
50;2025-12-28;6;165
50;2025-12-28;7;285
50;2025-12-28;8;457
50;2025-12-28;9;524
50;2025-12-28;10;558
50;2025-12-28;11;701
50;2025-12-28;12;748
50;2025-12-28;13;763
50;2025-12-28;14;787
50;2025-12-28;15;742
50;2025-12-28;16;762
50;2025-12-28;17;814
50;2025-12-28;18;722
50;2025-12-28;19;620
50;2025-12-28;20;548
50;2025-12-28;21;397
50;2025-12-28;22;243
50;2025-12-28;23;132
50;2025-12-29;0;22
50;2025-12-29;1;2
50;2025-12-29;2;0
50;2025-12-29;3;0
50;2025-12-29;4;2
50;2025-12-29;5;59
50;2025-12-29;6;503
50;2025-12-29;7;1640
50;2025-12-29;8;2595
50;2025-12-29;9;2023
50;2025-12-29;10;1487
50;2025-12-29;11;1358
50;2025-12-29;12;1282
50;2025-12-29;13;1360
50;2025-12-29;14;1311
50;2025-12-29;15;1502
50;2025-12-29;16;1555
50;2025-12-29;17;2144
50;2025-12-29;18;2326
50;2025-12-29;19;1307
50;2025-12-29;20;818
50;2025-12-29;21;568
50;2025-12-29;22;219
50;2025-12-29;23;106
50;2025-12-30;0;29
50;2025-12-30;1;3
50;2025-12-30;2;0
50;2025-12-30;3;0
50;2025-12-30;4;2
50;2025-12-30;5;59
50;2025-12-30;6;513
50;2025-12-30;7;1673
50;2025-12-30;8;2691
50;2025-12-30;9;2015
50;2025-12-30;10;1596
50;2025-12-30;11;1442
50;2025-12-30;12;1425
50;2025-12-30;13;1402
50;2025-12-30;14;1370
50;2025-12-30;15;1583
50;2025-12-30;16;1630
50;2025-12-30;17;2237
50;2025-12-30;18;2346
50;2025-12-30;19;1422
50;2025-12-30;20;881
50;2025-12-30;21;599
50;2025-12-30;22;258
50;2025-12-30;23;131
50;2025-12-31;0;39
50;2025-12-31;1;4
50;2025-12-31;2;0
50;2025-12-31;3;0
50;2025-12-31;4;1
50;2025-12-31;5;16
50;2025-12-31;6;76
50;2025-12-31;7;160
50;2025-12-31;8;304
50;2025-12-31;9;335
50;2025-12-31;10;368
50;2025-12-31;11;467
50;2025-12-31;12;526
50;2025-12-31;13;533
50;2025-12-31;14;550
50;2025-12-31;15;522
50;2025-12-31;16;541
50;2025-12-31;17;591
50;2025-12-31;18;534
50;2025-12-31;19;469
50;2025-12-31;20;422
50;2025-12-31;21;289
50;2025-12-31;22;151
50;2025-12-31;23;64
