route;date;hour;prediction
1;2025-11-01;0;2
1;2025-11-01;1;0
1;2025-11-01;2;0
1;2025-11-01;3;0
1;2025-11-01;4;5
1;2025-11-01;5;109
1;2025-11-01;6;404
1;2025-11-01;7;1197
1;2025-11-01;8;1443
1;2025-11-01;9;1116
1;2025-11-01;10;1027
1;2025-11-01;11;1091
1;2025-11-01;12;1075
1;2025-11-01;13;1100
1;2025-11-01;14;1096
1;2025-11-01;15;1224
1;2025-11-01;16;1266
1;2025-11-01;17;1441
1;2025-11-01;18;1176
1;2025-11-01;19;1017
1;2025-11-01;20;634
1;2025-11-01;21;391
1;2025-11-01;22;147
1;2025-11-01;23;31
1;2025-11-02;0;0
1;2025-11-02;1;0
1;2025-11-02;2;0
1;2025-11-02;3;0
1;2025-11-02;4;0
1;2025-11-02;5;22
1;2025-11-02;6;113
1;2025-11-02;7;264
1;2025-11-02;8;352
1;2025-11-02;9;598
1;2025-11-02;10;685
1;2025-11-02;11;702
1;2025-11-02;12;824
1;2025-11-02;13;841
1;2025-11-02;14;781
1;2025-11-02;15;705
1;2025-11-02;16;657
1;2025-11-02;17;592
1;2025-11-02;18;490
1;2025-11-02;19;441
1;2025-11-02;20;326
1;2025-11-02;21;267
1;2025-11-02;22;99
1;2025-11-02;23;26
1;2025-11-03;0;0
1;2025-11-03;1;0
1;2025-11-03;2;0
1;2025-11-03;3;0
1;2025-11-03;4;0
1;2025-11-03;5;22
1;2025-11-03;6;113
1;2025-11-03;7;264
1;2025-11-03;8;352
1;2025-11-03;9;598
1;2025-11-03;10;685
1;2025-11-03;11;702
1;2025-11-03;12;824
1;2025-11-03;13;841
1;2025-11-03;14;781
1;2025-11-03;15;705
1;2025-11-03;16;657
1;2025-11-03;17;592
1;2025-11-03;18;490
1;2025-11-03;19;441
1;2025-11-03;20;326
1;2025-11-03;21;267
1;2025-11-03;22;99
1;2025-11-03;23;26
1;2025-11-04;0;0
1;2025-11-04;1;0
1;2025-11-04;2;0
1;2025-11-04;3;0
1;2025-11-04;4;0
1;2025-11-04;5;22
1;2025-11-04;6;113
1;2025-11-04;7;264
1;2025-11-04;8;352
1;2025-11-04;9;598
1;2025-11-04;10;685
1;2025-11-04;11;702
1;2025-11-04;12;824
1;2025-11-04;13;841
1;2025-11-04;14;781
1;2025-11-04;15;705
1;2025-11-04;16;657
1;2025-11-04;17;592
1;2025-11-04;18;490
1;2025-11-04;19;441
1;2025-11-04;20;326
1;2025-11-04;21;267
1;2025-11-04;22;99
1;2025-11-04;23;26
1;2025-11-05;0;4
1;2025-11-05;1;0
1;2025-11-05;2;0
1;2025-11-05;3;0
1;2025-11-05;4;9
1;2025-11-05;5;115
1;2025-11-05;6;514
1;2025-11-05;7;1517
1;2025-11-05;8;2003
1;2025-11-05;9;1504
1;2025-11-05;10;1371
1;2025-11-05;11;1381
1;2025-11-05;12;1406
1;2025-11-05;13;1455
1;2025-11-05;14;1397
1;2025-11-05;15;1489
1;2025-11-05;16;1526
1;2025-11-05;17;1805
1;2025-11-05;18;1829
1;2025-11-05;19;1346
1;2025-11-05;20;895
1;2025-11-05;21;486
1;2025-11-05;22;177
1;2025-11-05;23;34
1;2025-11-06;0;4
1;2025-11-06;1;0
1;2025-11-06;2;0
1;2025-11-06;3;0
1;2025-11-06;4;9
1;2025-11-06;5;115
1;2025-11-06;6;514
1;2025-11-06;7;1517
1;2025-11-06;8;2003
1;2025-11-06;9;1504
1;2025-11-06;10;1371
1;2025-11-06;11;1381
1;2025-11-06;12;1406
1;2025-11-06;13;1455
1;2025-11-06;14;1397
1;2025-11-06;15;1489
1;2025-11-06;16;1526
1;2025-11-06;17;1805
1;2025-11-06;18;1829
1;2025-11-06;19;1346
1;2025-11-06;20;895
1;2025-11-06;21;486
1;2025-11-06;22;177
1;2025-11-06;23;34
1;2025-11-07;0;2
1;2025-11-07;1;0
1;2025-11-07;2;0
1;2025-11-07;3;0
1;2025-11-07;4;7
1;2025-11-07;5;138
1;2025-11-07;6;511
1;2025-11-07;7;1515
1;2025-11-07;8;1826
1;2025-11-07;9;1412
1;2025-11-07;10;1299
1;2025-11-07;11;1381
1;2025-11-07;12;1360
1;2025-11-07;13;1392
1;2025-11-07;14;1387
1;2025-11-07;15;1549
1;2025-11-07;16;1602
1;2025-11-07;17;1824
1;2025-11-07;18;1487
1;2025-11-07;19;1287
1;2025-11-07;20;802
1;2025-11-07;21;495
1;2025-11-07;22;186
1;2025-11-07;23;39
1;2025-11-08;0;4
1;2025-11-08;1;0
1;2025-11-08;2;0
1;2025-11-08;3;0
1;2025-11-08;4;0
1;2025-11-08;5;34
1;2025-11-08;6;167
1;2025-11-08;7;389
1;2025-11-08;8;556
1;2025-11-08;9;821
1;2025-11-08;10;1009
1;2025-11-08;11;993
1;2025-11-08;12;1186
1;2025-11-08;13;1238
1;2025-11-08;14;1164
1;2025-11-08;15;1007
1;2025-11-08;16;861
1;2025-11-08;17;813
1;2025-11-08;18;717
1;2025-11-08;19;580
1;2025-11-08;20;468
1;2025-11-08;21;328
1;2025-11-08;22;123
1;2025-11-08;23;27
1;2025-11-09;0;0
1;2025-11-09;1;0
1;2025-11-09;2;0
1;2025-11-09;3;0
1;2025-11-09;4;0
1;2025-11-09;5;22
1;2025-11-09;6;113
1;2025-11-09;7;264
1;2025-11-09;8;352
1;2025-11-09;9;598
1;2025-11-09;10;685
1;2025-11-09;11;702
1;2025-11-09;12;824
1;2025-11-09;13;841
1;2025-11-09;14;781
1;2025-11-09;15;705
1;2025-11-09;16;657
1;2025-11-09;17;592
1;2025-11-09;18;490
1;2025-11-09;19;441
1;2025-11-09;20;326
1;2025-11-09;21;267
1;2025-11-09;22;99
1;2025-11-09;23;26
1;2025-11-10;0;0
1;2025-11-10;1;0
1;2025-11-10;2;0
1;2025-11-10;3;0
1;2025-11-10;4;10
1;2025-11-10;5;137
1;2025-11-10;6;494
1;2025-11-10;7;1489
1;2025-11-10;8;1997
1;2025-11-10;9;1495
1;2025-11-10;10;1276
1;2025-11-10;11;1238
1;2025-11-10;12;1365
1;2025-11-10;13;1463
1;2025-11-10;14;1508
1;2025-11-10;15;1596
1;2025-11-10;16;1661
1;2025-11-10;17;1900
1;2025-11-10;18;2013
1;2025-11-10;19;1460
1;2025-11-10;20;929
1;2025-11-10;21;458
1;2025-11-10;22;147
1;2025-11-10;23;44
1;2025-11-11;0;4
1;2025-11-11;1;0
1;2025-11-11;2;0
1;2025-11-11;3;0
1;2025-11-11;4;9
1;2025-11-11;5;115
1;2025-11-11;6;514
1;2025-11-11;7;1517
1;2025-11-11;8;2003
1;2025-11-11;9;1504
1;2025-11-11;10;1371
1;2025-11-11;11;1381
1;2025-11-11;12;1406
1;2025-11-11;13;1455
1;2025-11-11;14;1397
1;2025-11-11;15;1489
1;2025-11-11;16;1526
1;2025-11-11;17;1805
1;2025-11-11;18;1829
1;2025-11-11;19;1346
1;2025-11-11;20;895
1;2025-11-11;21;486
1;2025-11-11;22;177
1;2025-11-11;23;34
1;2025-11-12;0;4
1;2025-11-12;1;0
1;2025-11-12;2;0
1;2025-11-12;3;0
1;2025-11-12;4;9
1;2025-11-12;5;115
1;2025-11-12;6;514
1;2025-11-12;7;1517
1;2025-11-12;8;2003
1;2025-11-12;9;1504
1;2025-11-12;10;1371
1;2025-11-12;11;1381
1;2025-11-12;12;1406
1;2025-11-12;13;1455
1;2025-11-12;14;1397
1;2025-11-12;15;1489
1;2025-11-12;16;1526
1;2025-11-12;17;1805
1;2025-11-12;18;1829
1;2025-11-12;19;1346
1;2025-11-12;20;895
1;2025-11-12;21;486
1;2025-11-12;22;177
1;2025-11-12;23;34
1;2025-11-13;0;4
1;2025-11-13;1;0
1;2025-11-13;2;0
1;2025-11-13;3;0
1;2025-11-13;4;9
1;2025-11-13;5;115
1;2025-11-13;6;514
1;2025-11-13;7;1517
1;2025-11-13;8;2003
1;2025-11-13;9;1504
1;2025-11-13;10;1371
1;2025-11-13;11;1381
1;2025-11-13;12;1406
1;2025-11-13;13;1455
1;2025-11-13;14;1397
1;2025-11-13;15;1489
1;2025-11-13;16;1526
1;2025-11-13;17;1805
1;2025-11-13;18;1829
1;2025-11-13;19;1346
1;2025-11-13;20;895
1;2025-11-13;21;486
1;2025-11-13;22;177
1;2025-11-13;23;34
1;2025-11-14;0;2
1;2025-11-14;1;0
1;2025-11-14;2;0
1;2025-11-14;3;0
1;2025-11-14;4;7
1;2025-11-14;5;138
1;2025-11-14;6;511
1;2025-11-14;7;1515
1;2025-11-14;8;1826
1;2025-11-14;9;1412
1;2025-11-14;10;1299
1;2025-11-14;11;1381
1;2025-11-14;12;1360
1;2025-11-14;13;1392
1;2025-11-14;14;1387
1;2025-11-14;15;1549
1;2025-11-14;16;1602
1;2025-11-14;17;1824
1;2025-11-14;18;1487
1;2025-11-14;19;1287
1;2025-11-14;20;802
1;2025-11-14;21;495
1;2025-11-14;22;186
1;2025-11-14;23;39
1;2025-11-15;0;4
1;2025-11-15;1;0
1;2025-11-15;2;0
1;2025-11-15;3;0
1;2025-11-15;4;0
1;2025-11-15;5;34
1;2025-11-15;6;167
1;2025-11-15;7;389
1;2025-11-15;8;556
1;2025-11-15;9;821
1;2025-11-15;10;1009
1;2025-11-15;11;993
1;2025-11-15;12;1186
1;2025-11-15;13;1238
1;2025-11-15;14;1164
1;2025-11-15;15;1007
1;2025-11-15;16;861
1;2025-11-15;17;813
1;2025-11-15;18;717
1;2025-11-15;19;580
1;2025-11-15;20;468
1;2025-11-15;21;328
1;2025-11-15;22;123
1;2025-11-15;23;27
1;2025-11-16;0;0
1;2025-11-16;1;0
1;2025-11-16;2;0
1;2025-11-16;3;0
1;2025-11-16;4;0
1;2025-11-16;5;22
1;2025-11-16;6;113
1;2025-11-16;7;264
1;2025-11-16;8;352
1;2025-11-16;9;598
1;2025-11-16;10;685
1;2025-11-16;11;702
1;2025-11-16;12;824
1;2025-11-16;13;841
1;2025-11-16;14;781
1;2025-11-16;15;705
1;2025-11-16;16;657
1;2025-11-16;17;592
1;2025-11-16;18;490
1;2025-11-16;19;441
1;2025-11-16;20;326
1;2025-11-16;21;267
1;2025-11-16;22;99
1;2025-11-16;23;26
1;2025-11-17;0;0
1;2025-11-17;1;0
1;2025-11-17;2;0
1;2025-11-17;3;0
1;2025-11-17;4;10
1;2025-11-17;5;137
1;2025-11-17;6;494
1;2025-11-17;7;1489
1;2025-11-17;8;1997
1;2025-11-17;9;1495
1;2025-11-17;10;1276
1;2025-11-17;11;1238
1;2025-11-17;12;1365
1;2025-11-17;13;1463
1;2025-11-17;14;1508
1;2025-11-17;15;1596
1;2025-11-17;16;1661
1;2025-11-17;17;1900
1;2025-11-17;18;2013
1;2025-11-17;19;1460
1;2025-11-17;20;929
1;2025-11-17;21;458
1;2025-11-17;22;147
1;2025-11-17;23;44
1;2025-11-18;0;4
1;2025-11-18;1;0
1;2025-11-18;2;0
1;2025-11-18;3;0
1;2025-11-18;4;9
1;2025-11-18;5;115
1;2025-11-18;6;514
1;2025-11-18;7;1517
1;2025-11-18;8;2003
1;2025-11-18;9;1504
1;2025-11-18;10;1371
1;2025-11-18;11;1381
1;2025-11-18;12;1406
1;2025-11-18;13;1455
1;2025-11-18;14;1397
1;2025-11-18;15;1489
1;2025-11-18;16;1526
1;2025-11-18;17;1805
1;2025-11-18;18;1829
1;2025-11-18;19;1346
1;2025-11-18;20;895
1;2025-11-18;21;486
1;2025-11-18;22;177
1;2025-11-18;23;34
1;2025-11-19;0;4
1;2025-11-19;1;0
1;2025-11-19;2;0
1;2025-11-19;3;0
1;2025-11-19;4;9
1;2025-11-19;5;115
1;2025-11-19;6;514
1;2025-11-19;7;1517
1;2025-11-19;8;2003
1;2025-11-19;9;1504
1;2025-11-19;10;1371
1;2025-11-19;11;1381
1;2025-11-19;12;1406
1;2025-11-19;13;1455
1;2025-11-19;14;1397
1;2025-11-19;15;1489
1;2025-11-19;16;1526
1;2025-11-19;17;1805
1;2025-11-19;18;1829
1;2025-11-19;19;1346
1;2025-11-19;20;895
1;2025-11-19;21;486
1;2025-11-19;22;177
1;2025-11-19;23;34
1;2025-11-20;0;4
1;2025-11-20;1;0
1;2025-11-20;2;0
1;2025-11-20;3;0
1;2025-11-20;4;9
1;2025-11-20;5;115
1;2025-11-20;6;514
1;2025-11-20;7;1517
1;2025-11-20;8;2003
1;2025-11-20;9;1504
1;2025-11-20;10;1371
1;2025-11-20;11;1381
1;2025-11-20;12;1406
1;2025-11-20;13;1455
1;2025-11-20;14;1397
1;2025-11-20;15;1489
1;2025-11-20;16;1526
1;2025-11-20;17;1805
1;2025-11-20;18;1829
1;2025-11-20;19;1346
1;2025-11-20;20;895
1;2025-11-20;21;486
1;2025-11-20;22;177
1;2025-11-20;23;34
1;2025-11-21;0;2
1;2025-11-21;1;0
1;2025-11-21;2;0
1;2025-11-21;3;0
1;2025-11-21;4;7
1;2025-11-21;5;138
1;2025-11-21;6;511
1;2025-11-21;7;1515
1;2025-11-21;8;1826
1;2025-11-21;9;1412
1;2025-11-21;10;1299
1;2025-11-21;11;1381
1;2025-11-21;12;1360
1;2025-11-21;13;1392
1;2025-11-21;14;1387
1;2025-11-21;15;1549
1;2025-11-21;16;1602
1;2025-11-21;17;1824
1;2025-11-21;18;1487
1;2025-11-21;19;1287
1;2025-11-21;20;802
1;2025-11-21;21;495
1;2025-11-21;22;186
1;2025-11-21;23;39
1;2025-11-22;0;4
1;2025-11-22;1;0
1;2025-11-22;2;0
1;2025-11-22;3;0
1;2025-11-22;4;0
1;2025-11-22;5;34
1;2025-11-22;6;167
1;2025-11-22;7;389
1;2025-11-22;8;556
1;2025-11-22;9;821
1;2025-11-22;10;1009
1;2025-11-22;11;993
1;2025-11-22;12;1186
1;2025-11-22;13;1238
1;2025-11-22;14;1164
1;2025-11-22;15;1007
1;2025-11-22;16;861
1;2025-11-22;17;813
1;2025-11-22;18;717
1;2025-11-22;19;580
1;2025-11-22;20;468
1;2025-11-22;21;328
1;2025-11-22;22;123
1;2025-11-22;23;27
1;2025-11-23;0;0
1;2025-11-23;1;0
1;2025-11-23;2;0
1;2025-11-23;3;0
1;2025-11-23;4;0
1;2025-11-23;5;22
1;2025-11-23;6;113
1;2025-11-23;7;264
1;2025-11-23;8;352
1;2025-11-23;9;598
1;2025-11-23;10;685
1;2025-11-23;11;702
1;2025-11-23;12;824
1;2025-11-23;13;841
1;2025-11-23;14;781
1;2025-11-23;15;705
1;2025-11-23;16;657
1;2025-11-23;17;592
1;2025-11-23;18;490
1;2025-11-23;19;441
1;2025-11-23;20;326
1;2025-11-23;21;267
1;2025-11-23;22;99
1;2025-11-23;23;26
1;2025-11-24;0;0
1;2025-11-24;1;0
1;2025-11-24;2;0
1;2025-11-24;3;0
1;2025-11-24;4;10
1;2025-11-24;5;137
1;2025-11-24;6;494
1;2025-11-24;7;1489
1;2025-11-24;8;1997
1;2025-11-24;9;1495
1;2025-11-24;10;1276
1;2025-11-24;11;1238
1;2025-11-24;12;1365
1;2025-11-24;13;1463
1;2025-11-24;14;1508
1;2025-11-24;15;1596
1;2025-11-24;16;1661
1;2025-11-24;17;1900
1;2025-11-24;18;2013
1;2025-11-24;19;1460
1;2025-11-24;20;929
1;2025-11-24;21;458
1;2025-11-24;22;147
1;2025-11-24;23;44
1;2025-11-25;0;4
1;2025-11-25;1;0
1;2025-11-25;2;0
1;2025-11-25;3;0
1;2025-11-25;4;9
1;2025-11-25;5;115
1;2025-11-25;6;514
1;2025-11-25;7;1517
1;2025-11-25;8;2003
1;2025-11-25;9;1504
1;2025-11-25;10;1371
1;2025-11-25;11;1381
1;2025-11-25;12;1406
1;2025-11-25;13;1455
1;2025-11-25;14;1397
1;2025-11-25;15;1489
1;2025-11-25;16;1526
1;2025-11-25;17;1805
1;2025-11-25;18;1829
1;2025-11-25;19;1346
1;2025-11-25;20;895
1;2025-11-25;21;486
1;2025-11-25;22;177
1;2025-11-25;23;34
1;2025-11-26;0;4
1;2025-11-26;1;0
1;2025-11-26;2;0
1;2025-11-26;3;0
1;2025-11-26;4;9
1;2025-11-26;5;115
1;2025-11-26;6;514
1;2025-11-26;7;1517
1;2025-11-26;8;2003
1;2025-11-26;9;1504
1;2025-11-26;10;1371
1;2025-11-26;11;1381
1;2025-11-26;12;1406
1;2025-11-26;13;1455
1;2025-11-26;14;1397
1;2025-11-26;15;1489
1;2025-11-26;16;1526
1;2025-11-26;17;1805
1;2025-11-26;18;1829
1;2025-11-26;19;1346
1;2025-11-26;20;895
1;2025-11-26;21;486
1;2025-11-26;22;177
1;2025-11-26;23;34
1;2025-11-27;0;4
1;2025-11-27;1;0
1;2025-11-27;2;0
1;2025-11-27;3;0
1;2025-11-27;4;9
1;2025-11-27;5;115
1;2025-11-27;6;514
1;2025-11-27;7;1517
1;2025-11-27;8;2003
1;2025-11-27;9;1504
1;2025-11-27;10;1371
1;2025-11-27;11;1381
1;2025-11-27;12;1406
1;2025-11-27;13;1455
1;2025-11-27;14;1397
1;2025-11-27;15;1489
1;2025-11-27;16;1526
1;2025-11-27;17;1805
1;2025-11-27;18;1829
1;2025-11-27;19;1346
1;2025-11-27;20;895
1;2025-11-27;21;486
1;2025-11-27;22;177
1;2025-11-27;23;34
1;2025-11-28;0;2
1;2025-11-28;1;0
1;2025-11-28;2;0
1;2025-11-28;3;0
1;2025-11-28;4;7
1;2025-11-28;5;138
1;2025-11-28;6;511
1;2025-11-28;7;1515
1;2025-11-28;8;1826
1;2025-11-28;9;1412
1;2025-11-28;10;1299
1;2025-11-28;11;1381
1;2025-11-28;12;1360
1;2025-11-28;13;1392
1;2025-11-28;14;1387
1;2025-11-28;15;1549
1;2025-11-28;16;1602
1;2025-11-28;17;1824
1;2025-11-28;18;1487
1;2025-11-28;19;1287
1;2025-11-28;20;802
1;2025-11-28;21;495
1;2025-11-28;22;186
1;2025-11-28;23;39
1;2025-11-29;0;4
1;2025-11-29;1;0
1;2025-11-29;2;0
1;2025-11-29;3;0
1;2025-11-29;4;0
1;2025-11-29;5;34
1;2025-11-29;6;167
1;2025-11-29;7;389
1;2025-11-29;8;556
1;2025-11-29;9;821
1;2025-11-29;10;1009
1;2025-11-29;11;993
1;2025-11-29;12;1186
1;2025-11-29;13;1238
1;2025-11-29;14;1164
1;2025-11-29;15;1007
1;2025-11-29;16;861
1;2025-11-29;17;813
1;2025-11-29;18;717
1;2025-11-29;19;580
1;2025-11-29;20;468
1;2025-11-29;21;328
1;2025-11-29;22;123
1;2025-11-29;23;27
1;2025-11-30;0;0
1;2025-11-30;1;0
1;2025-11-30;2;0
1;2025-11-30;3;0
1;2025-11-30;4;0
1;2025-11-30;5;22
1;2025-11-30;6;113
1;2025-11-30;7;264
1;2025-11-30;8;352
1;2025-11-30;9;598
1;2025-11-30;10;685
1;2025-11-30;11;702
1;2025-11-30;12;824
1;2025-11-30;13;841
1;2025-11-30;14;781
1;2025-11-30;15;705
1;2025-11-30;16;657
1;2025-11-30;17;592
1;2025-11-30;18;490
1;2025-11-30;19;441
1;2025-11-30;20;326
1;2025-11-30;21;267
1;2025-11-30;22;99
1;2025-11-30;23;26
1;2025-12-01;0;0
1;2025-12-01;1;0
1;2025-12-01;2;0
1;2025-12-01;3;0
1;2025-12-01;4;10
1;2025-12-01;5;137
1;2025-12-01;6;494
1;2025-12-01;7;1489
1;2025-12-01;8;1997
1;2025-12-01;9;1495
1;2025-12-01;10;1276
1;2025-12-01;11;1238
1;2025-12-01;12;1365
1;2025-12-01;13;1463
1;2025-12-01;14;1508
1;2025-12-01;15;1596
1;2025-12-01;16;1661
1;2025-12-01;17;1900
1;2025-12-01;18;2013
1;2025-12-01;19;1460
1;2025-12-01;20;929
1;2025-12-01;21;458
1;2025-12-01;22;147
1;2025-12-01;23;44
1;2025-12-02;0;4
1;2025-12-02;1;0
1;2025-12-02;2;0
1;2025-12-02;3;0
1;2025-12-02;4;9
1;2025-12-02;5;115
1;2025-12-02;6;514
1;2025-12-02;7;1517
1;2025-12-02;8;2003
1;2025-12-02;9;1504
1;2025-12-02;10;1371
1;2025-12-02;11;1381
1;2025-12-02;12;1406
1;2025-12-02;13;1455
1;2025-12-02;14;1397
1;2025-12-02;15;1489
1;2025-12-02;16;1526
1;2025-12-02;17;1805
1;2025-12-02;18;1829
1;2025-12-02;19;1346
1;2025-12-02;20;895
1;2025-12-02;21;486
1;2025-12-02;22;177
1;2025-12-02;23;34
1;2025-12-03;0;4
1;2025-12-03;1;0
1;2025-12-03;2;0
1;2025-12-03;3;0
1;2025-12-03;4;9
1;2025-12-03;5;115
1;2025-12-03;6;514
1;2025-12-03;7;1517
1;2025-12-03;8;2003
1;2025-12-03;9;1504
1;2025-12-03;10;1371
1;2025-12-03;11;1381
1;2025-12-03;12;1406
1;2025-12-03;13;1455
1;2025-12-03;14;1397
1;2025-12-03;15;1489
1;2025-12-03;16;1526
1;2025-12-03;17;1805
1;2025-12-03;18;1829
1;2025-12-03;19;1346
1;2025-12-03;20;895
1;2025-12-03;21;486
1;2025-12-03;22;177
1;2025-12-03;23;34
1;2025-12-04;0;4
1;2025-12-04;1;0
1;2025-12-04;2;0
1;2025-12-04;3;0
1;2025-12-04;4;9
1;2025-12-04;5;115
1;2025-12-04;6;514
1;2025-12-04;7;1517
1;2025-12-04;8;2003
1;2025-12-04;9;1504
1;2025-12-04;10;1371
1;2025-12-04;11;1381
1;2025-12-04;12;1406
1;2025-12-04;13;1455
1;2025-12-04;14;1397
1;2025-12-04;15;1489
1;2025-12-04;16;1526
1;2025-12-04;17;1805
1;2025-12-04;18;1829
1;2025-12-04;19;1346
1;2025-12-04;20;895
1;2025-12-04;21;486
1;2025-12-04;22;177
1;2025-12-04;23;34
1;2025-12-05;0;2
1;2025-12-05;1;0
1;2025-12-05;2;0
1;2025-12-05;3;0
1;2025-12-05;4;7
1;2025-12-05;5;138
1;2025-12-05;6;511
1;2025-12-05;7;1515
1;2025-12-05;8;1826
1;2025-12-05;9;1412
1;2025-12-05;10;1299
1;2025-12-05;11;1381
1;2025-12-05;12;1360
1;2025-12-05;13;1392
1;2025-12-05;14;1387
1;2025-12-05;15;1549
1;2025-12-05;16;1602
1;2025-12-05;17;1824
1;2025-12-05;18;1487
1;2025-12-05;19;1287
1;2025-12-05;20;802
1;2025-12-05;21;495
1;2025-12-05;22;186
1;2025-12-05;23;39
1;2025-12-06;0;4
1;2025-12-06;1;0
1;2025-12-06;2;0
1;2025-12-06;3;0
1;2025-12-06;4;0
1;2025-12-06;5;34
1;2025-12-06;6;167
1;2025-12-06;7;389
1;2025-12-06;8;556
1;2025-12-06;9;821
1;2025-12-06;10;1009
1;2025-12-06;11;993
1;2025-12-06;12;1186
1;2025-12-06;13;1238
1;2025-12-06;14;1164
1;2025-12-06;15;1007
1;2025-12-06;16;861
1;2025-12-06;17;813
1;2025-12-06;18;717
1;2025-12-06;19;580
1;2025-12-06;20;468
1;2025-12-06;21;328
1;2025-12-06;22;123
1;2025-12-06;23;27
1;2025-12-07;0;0
1;2025-12-07;1;0
1;2025-12-07;2;0
1;2025-12-07;3;0
1;2025-12-07;4;0
1;2025-12-07;5;22
1;2025-12-07;6;113
1;2025-12-07;7;264
1;2025-12-07;8;352
1;2025-12-07;9;598
1;2025-12-07;10;685
1;2025-12-07;11;702
1;2025-12-07;12;824
1;2025-12-07;13;841
1;2025-12-07;14;781
1;2025-12-07;15;705
1;2025-12-07;16;657
1;2025-12-07;17;592
1;2025-12-07;18;490
1;2025-12-07;19;441
1;2025-12-07;20;326
1;2025-12-07;21;267
1;2025-12-07;22;99
1;2025-12-07;23;26
1;2025-12-08;0;0
1;2025-12-08;1;0
1;2025-12-08;2;0
1;2025-12-08;3;0
1;2025-12-08;4;10
1;2025-12-08;5;137
1;2025-12-08;6;494
1;2025-12-08;7;1489
1;2025-12-08;8;1997
1;2025-12-08;9;1495
1;2025-12-08;10;1276
1;2025-12-08;11;1238
1;2025-12-08;12;1365
1;2025-12-08;13;1463
1;2025-12-08;14;1508
1;2025-12-08;15;1596
1;2025-12-08;16;1661
1;2025-12-08;17;1900
1;2025-12-08;18;2013
1;2025-12-08;19;1460
1;2025-12-08;20;929
1;2025-12-08;21;458
1;2025-12-08;22;147
1;2025-12-08;23;44
1;2025-12-09;0;4
1;2025-12-09;1;0
1;2025-12-09;2;0
1;2025-12-09;3;0
1;2025-12-09;4;9
1;2025-12-09;5;115
1;2025-12-09;6;514
1;2025-12-09;7;1517
1;2025-12-09;8;2003
1;2025-12-09;9;1504
1;2025-12-09;10;1371
1;2025-12-09;11;1381
1;2025-12-09;12;1406
1;2025-12-09;13;1455
1;2025-12-09;14;1397
1;2025-12-09;15;1489
1;2025-12-09;16;1526
1;2025-12-09;17;1805
1;2025-12-09;18;1829
1;2025-12-09;19;1346
1;2025-12-09;20;895
1;2025-12-09;21;486
1;2025-12-09;22;177
1;2025-12-09;23;34
1;2025-12-10;0;4
1;2025-12-10;1;0
1;2025-12-10;2;0
1;2025-12-10;3;0
1;2025-12-10;4;9
1;2025-12-10;5;115
1;2025-12-10;6;514
1;2025-12-10;7;1517
1;2025-12-10;8;2003
1;2025-12-10;9;1504
1;2025-12-10;10;1371
1;2025-12-10;11;1381
1;2025-12-10;12;1406
1;2025-12-10;13;1455
1;2025-12-10;14;1397
1;2025-12-10;15;1489
1;2025-12-10;16;1526
1;2025-12-10;17;1805
1;2025-12-10;18;1829
1;2025-12-10;19;1346
1;2025-12-10;20;895
1;2025-12-10;21;486
1;2025-12-10;22;177
1;2025-12-10;23;34
1;2025-12-11;0;4
1;2025-12-11;1;0
1;2025-12-11;2;0
1;2025-12-11;3;0
1;2025-12-11;4;9
1;2025-12-11;5;115
1;2025-12-11;6;514
1;2025-12-11;7;1517
1;2025-12-11;8;2003
1;2025-12-11;9;1504
1;2025-12-11;10;1371
1;2025-12-11;11;1381
1;2025-12-11;12;1406
1;2025-12-11;13;1455
1;2025-12-11;14;1397
1;2025-12-11;15;1489
1;2025-12-11;16;1526
1;2025-12-11;17;1805
1;2025-12-11;18;1829
1;2025-12-11;19;1346
1;2025-12-11;20;895
1;2025-12-11;21;486
1;2025-12-11;22;177
1;2025-12-11;23;34
1;2025-12-12;0;2
1;2025-12-12;1;0
1;2025-12-12;2;0
1;2025-12-12;3;0
1;2025-12-12;4;7
1;2025-12-12;5;138
1;2025-12-12;6;511
1;2025-12-12;7;1515
1;2025-12-12;8;1826
1;2025-12-12;9;1412
1;2025-12-12;10;1299
1;2025-12-12;11;1381
1;2025-12-12;12;1360
1;2025-12-12;13;1392
1;2025-12-12;14;1387
1;2025-12-12;15;1549
1;2025-12-12;16;1602
1;2025-12-12;17;1824
1;2025-12-12;18;1487
1;2025-12-12;19;1287
1;2025-12-12;20;802
1;2025-12-12;21;495
1;2025-12-12;22;186
1;2025-12-12;23;39
1;2025-12-13;0;4
1;2025-12-13;1;0
1;2025-12-13;2;0
1;2025-12-13;3;0
1;2025-12-13;4;0
1;2025-12-13;5;34
1;2025-12-13;6;167
1;2025-12-13;7;389
1;2025-12-13;8;556
1;2025-12-13;9;821
1;2025-12-13;10;1009
1;2025-12-13;11;993
1;2025-12-13;12;1186
1;2025-12-13;13;1238
1;2025-12-13;14;1164
1;2025-12-13;15;1007
1;2025-12-13;16;861
1;2025-12-13;17;813
1;2025-12-13;18;717
1;2025-12-13;19;580
1;2025-12-13;20;468
1;2025-12-13;21;328
1;2025-12-13;22;123
1;2025-12-13;23;27
1;2025-12-14;0;0
1;2025-12-14;1;0
1;2025-12-14;2;0
1;2025-12-14;3;0
1;2025-12-14;4;0
1;2025-12-14;5;22
1;2025-12-14;6;113
1;2025-12-14;7;264
1;2025-12-14;8;352
1;2025-12-14;9;598
1;2025-12-14;10;685
1;2025-12-14;11;702
1;2025-12-14;12;824
1;2025-12-14;13;841
1;2025-12-14;14;781
1;2025-12-14;15;705
1;2025-12-14;16;657
1;2025-12-14;17;592
1;2025-12-14;18;490
1;2025-12-14;19;441
1;2025-12-14;20;326
1;2025-12-14;21;267
1;2025-12-14;22;99
1;2025-12-14;23;26
1;2025-12-15;0;0
1;2025-12-15;1;0
1;2025-12-15;2;0
1;2025-12-15;3;0
1;2025-12-15;4;10
1;2025-12-15;5;137
1;2025-12-15;6;494
1;2025-12-15;7;1489
1;2025-12-15;8;1997
1;2025-12-15;9;1495
1;2025-12-15;10;1276
1;2025-12-15;11;1238
1;2025-12-15;12;1365
1;2025-12-15;13;1463
1;2025-12-15;14;1508
1;2025-12-15;15;1596
1;2025-12-15;16;1661
1;2025-12-15;17;1900
1;2025-12-15;18;2013
1;2025-12-15;19;1460
1;2025-12-15;20;929
1;2025-12-15;21;458
1;2025-12-15;22;147
1;2025-12-15;23;44
1;2025-12-16;0;4
1;2025-12-16;1;0
1;2025-12-16;2;0
1;2025-12-16;3;0
1;2025-12-16;4;9
1;2025-12-16;5;115
1;2025-12-16;6;514
1;2025-12-16;7;1517
1;2025-12-16;8;2003
1;2025-12-16;9;1504
1;2025-12-16;10;1371
1;2025-12-16;11;1381
1;2025-12-16;12;1406
1;2025-12-16;13;1455
1;2025-12-16;14;1397
1;2025-12-16;15;1489
1;2025-12-16;16;1526
1;2025-12-16;17;1805
1;2025-12-16;18;1829
1;2025-12-16;19;1346
1;2025-12-16;20;895
1;2025-12-16;21;486
1;2025-12-16;22;177
1;2025-12-16;23;34
1;2025-12-17;0;4
1;2025-12-17;1;0
1;2025-12-17;2;0
1;2025-12-17;3;0
1;2025-12-17;4;9
1;2025-12-17;5;115
1;2025-12-17;6;514
1;2025-12-17;7;1517
1;2025-12-17;8;2003
1;2025-12-17;9;1504
1;2025-12-17;10;1371
1;2025-12-17;11;1381
1;2025-12-17;12;1406
1;2025-12-17;13;1455
1;2025-12-17;14;1397
1;2025-12-17;15;1489
1;2025-12-17;16;1526
1;2025-12-17;17;1805
1;2025-12-17;18;1829
1;2025-12-17;19;1346
1;2025-12-17;20;895
1;2025-12-17;21;486
1;2025-12-17;22;177
1;2025-12-17;23;34
1;2025-12-18;0;4
1;2025-12-18;1;0
1;2025-12-18;2;0
1;2025-12-18;3;0
1;2025-12-18;4;9
1;2025-12-18;5;115
1;2025-12-18;6;514
1;2025-12-18;7;1517
1;2025-12-18;8;2003
1;2025-12-18;9;1504
1;2025-12-18;10;1371
1;2025-12-18;11;1381
1;2025-12-18;12;1406
1;2025-12-18;13;1455
1;2025-12-18;14;1397
1;2025-12-18;15;1489
1;2025-12-18;16;1526
1;2025-12-18;17;1805
1;2025-12-18;18;1829
1;2025-12-18;19;1346
1;2025-12-18;20;895
1;2025-12-18;21;486
1;2025-12-18;22;177
1;2025-12-18;23;34
1;2025-12-19;0;2
1;2025-12-19;1;0
1;2025-12-19;2;0
1;2025-12-19;3;0
1;2025-12-19;4;7
1;2025-12-19;5;138
1;2025-12-19;6;511
1;2025-12-19;7;1515
1;2025-12-19;8;1826
1;2025-12-19;9;1412
1;2025-12-19;10;1299
1;2025-12-19;11;1381
1;2025-12-19;12;1360
1;2025-12-19;13;1392
1;2025-12-19;14;1387
1;2025-12-19;15;1549
1;2025-12-19;16;1602
1;2025-12-19;17;1824
1;2025-12-19;18;1487
1;2025-12-19;19;1287
1;2025-12-19;20;802
1;2025-12-19;21;495
1;2025-12-19;22;186
1;2025-12-19;23;39
1;2025-12-20;0;4
1;2025-12-20;1;0
1;2025-12-20;2;0
1;2025-12-20;3;0
1;2025-12-20;4;0
1;2025-12-20;5;34
1;2025-12-20;6;167
1;2025-12-20;7;389
1;2025-12-20;8;556
1;2025-12-20;9;821
1;2025-12-20;10;1009
1;2025-12-20;11;993
1;2025-12-20;12;1186
1;2025-12-20;13;1238
1;2025-12-20;14;1164
1;2025-12-20;15;1007
1;2025-12-20;16;861
1;2025-12-20;17;813
1;2025-12-20;18;717
1;2025-12-20;19;580
1;2025-12-20;20;468
1;2025-12-20;21;328
1;2025-12-20;22;123
1;2025-12-20;23;27
1;2025-12-21;0;0
1;2025-12-21;1;0
1;2025-12-21;2;0
1;2025-12-21;3;0
1;2025-12-21;4;0
1;2025-12-21;5;22
1;2025-12-21;6;113
1;2025-12-21;7;264
1;2025-12-21;8;352
1;2025-12-21;9;598
1;2025-12-21;10;685
1;2025-12-21;11;702
1;2025-12-21;12;824
1;2025-12-21;13;841
1;2025-12-21;14;781
1;2025-12-21;15;705
1;2025-12-21;16;657
1;2025-12-21;17;592
1;2025-12-21;18;490
1;2025-12-21;19;441
1;2025-12-21;20;326
1;2025-12-21;21;267
1;2025-12-21;22;99
1;2025-12-21;23;26
1;2025-12-22;0;0
1;2025-12-22;1;0
1;2025-12-22;2;0
1;2025-12-22;3;0
1;2025-12-22;4;10
1;2025-12-22;5;137
1;2025-12-22;6;494
1;2025-12-22;7;1489
1;2025-12-22;8;1997
1;2025-12-22;9;1495
1;2025-12-22;10;1276
1;2025-12-22;11;1238
1;2025-12-22;12;1365
1;2025-12-22;13;1463
1;2025-12-22;14;1508
1;2025-12-22;15;1596
1;2025-12-22;16;1661
1;2025-12-22;17;1900
1;2025-12-22;18;2013
1;2025-12-22;19;1460
1;2025-12-22;20;929
1;2025-12-22;21;458
1;2025-12-22;22;147
1;2025-12-22;23;44
1;2025-12-23;0;4
1;2025-12-23;1;0
1;2025-12-23;2;0
1;2025-12-23;3;0
1;2025-12-23;4;9
1;2025-12-23;5;115
1;2025-12-23;6;514
1;2025-12-23;7;1517
1;2025-12-23;8;2003
1;2025-12-23;9;1504
1;2025-12-23;10;1371
1;2025-12-23;11;1381
1;2025-12-23;12;1406
1;2025-12-23;13;1455
1;2025-12-23;14;1397
1;2025-12-23;15;1489
1;2025-12-23;16;1526
1;2025-12-23;17;1805
1;2025-12-23;18;1829
1;2025-12-23;19;1346
1;2025-12-23;20;895
1;2025-12-23;21;486
1;2025-12-23;22;177
1;2025-12-23;23;34
1;2025-12-24;0;4
1;2025-12-24;1;0
1;2025-12-24;2;0
1;2025-12-24;3;0
1;2025-12-24;4;9
1;2025-12-24;5;115
1;2025-12-24;6;514
1;2025-12-24;7;1517
1;2025-12-24;8;2003
1;2025-12-24;9;1504
1;2025-12-24;10;1371
1;2025-12-24;11;1381
1;2025-12-24;12;1406
1;2025-12-24;13;1455
1;2025-12-24;14;1397
1;2025-12-24;15;1489
1;2025-12-24;16;1526
1;2025-12-24;17;1805
1;2025-12-24;18;1829
1;2025-12-24;19;1346
1;2025-12-24;20;895
1;2025-12-24;21;486
1;2025-12-24;22;177
1;2025-12-24;23;34
1;2025-12-25;0;4
1;2025-12-25;1;0
1;2025-12-25;2;0
1;2025-12-25;3;0
1;2025-12-25;4;9
1;2025-12-25;5;115
1;2025-12-25;6;514
1;2025-12-25;7;1517
1;2025-12-25;8;2003
1;2025-12-25;9;1504
1;2025-12-25;10;1371
1;2025-12-25;11;1381
1;2025-12-25;12;1406
1;2025-12-25;13;1455
1;2025-12-25;14;1397
1;2025-12-25;15;1489
1;2025-12-25;16;1526
1;2025-12-25;17;1805
1;2025-12-25;18;1829
1;2025-12-25;19;1346
1;2025-12-25;20;895
1;2025-12-25;21;486
1;2025-12-25;22;177
1;2025-12-25;23;34
1;2025-12-26;0;2
1;2025-12-26;1;0
1;2025-12-26;2;0
1;2025-12-26;3;0
1;2025-12-26;4;7
1;2025-12-26;5;138
1;2025-12-26;6;511
1;2025-12-26;7;1515
1;2025-12-26;8;1826
1;2025-12-26;9;1412
1;2025-12-26;10;1299
1;2025-12-26;11;1381
1;2025-12-26;12;1360
1;2025-12-26;13;1392
1;2025-12-26;14;1387
1;2025-12-26;15;1549
1;2025-12-26;16;1602
1;2025-12-26;17;1824
1;2025-12-26;18;1487
1;2025-12-26;19;1287
1;2025-12-26;20;802
1;2025-12-26;21;495
1;2025-12-26;22;186
1;2025-12-26;23;39
1;2025-12-27;0;4
1;2025-12-27;1;0
1;2025-12-27;2;0
1;2025-12-27;3;0
1;2025-12-27;4;0
1;2025-12-27;5;34
1;2025-12-27;6;167
1;2025-12-27;7;389
1;2025-12-27;8;556
1;2025-12-27;9;821
1;2025-12-27;10;1009
1;2025-12-27;11;993
1;2025-12-27;12;1186
1;2025-12-27;13;1238
1;2025-12-27;14;1164
1;2025-12-27;15;1007
1;2025-12-27;16;861
1;2025-12-27;17;813
1;2025-12-27;18;717
1;2025-12-27;19;580
1;2025-12-27;20;468
1;2025-12-27;21;328
1;2025-12-27;22;123
1;2025-12-27;23;27
1;2025-12-28;0;0
1;2025-12-28;1;0
1;2025-12-28;2;0
1;2025-12-28;3;0
1;2025-12-28;4;0
1;2025-12-28;5;22
1;2025-12-28;6;113
1;2025-12-28;7;264
1;2025-12-28;8;352
1;2025-12-28;9;598
1;2025-12-28;10;685
1;2025-12-28;11;702
1;2025-12-28;12;824
1;2025-12-28;13;841
1;2025-12-28;14;781
1;2025-12-28;15;705
1;2025-12-28;16;657
1;2025-12-28;17;592
1;2025-12-28;18;490
1;2025-12-28;19;441
1;2025-12-28;20;326
1;2025-12-28;21;267
1;2025-12-28;22;99
1;2025-12-28;23;26
1;2025-12-29;0;0
1;2025-12-29;1;0
1;2025-12-29;2;0
1;2025-12-29;3;0
1;2025-12-29;4;8
1;2025-12-29;5;116
1;2025-12-29;6;420
1;2025-12-29;7;1266
1;2025-12-29;8;1698
1;2025-12-29;9;1270
1;2025-12-29;10;1084
1;2025-12-29;11;1052
1;2025-12-29;12;1161
1;2025-12-29;13;1244
1;2025-12-29;14;1282
1;2025-12-29;15;1356
1;2025-12-29;16;1412
1;2025-12-29;17;1615
1;2025-12-29;18;1711
1;2025-12-29;19;1241
1;2025-12-29;20;790
1;2025-12-29;21;390
1;2025-12-29;22;125
1;2025-12-29;23;37
1;2025-12-30;0;4
1;2025-12-30;1;0
1;2025-12-30;2;0
1;2025-12-30;3;0
1;2025-12-30;4;8
1;2025-12-30;5;97
1;2025-12-30;6;437
1;2025-12-30;7;1290
1;2025-12-30;8;1702
1;2025-12-30;9;1279
1;2025-12-30;10;1165
1;2025-12-30;11;1174
1;2025-12-30;12;1195
1;2025-12-30;13;1237
1;2025-12-30;14;1188
1;2025-12-30;15;1265
1;2025-12-30;16;1297
1;2025-12-30;17;1535
1;2025-12-30;18;1555
1;2025-12-30;19;1145
1;2025-12-30;20;761
1;2025-12-30;21;413
1;2025-12-30;22;150
1;2025-12-30;23;29
1;2025-12-31;0;0
1;2025-12-31;1;0
1;2025-12-31;2;0
1;2025-12-31;3;0
1;2025-12-31;4;0
1;2025-12-31;5;18
1;2025-12-31;6;96
1;2025-12-31;7;224
1;2025-12-31;8;299
1;2025-12-31;9;508
1;2025-12-31;10;583
1;2025-12-31;11;597
1;2025-12-31;12;701
1;2025-12-31;13;715
1;2025-12-31;14;663
1;2025-12-31;15;600
1;2025-12-31;16;558
1;2025-12-31;17;503
1;2025-12-31;18;417
1;2025-12-31;19;375
1;2025-12-31;20;277
1;2025-12-31;21;227
1;2025-12-31;22;84
1;2025-12-31;23;22
5;2025-11-01;0;0
5;2025-11-01;1;0
5;2025-11-01;2;0
5;2025-11-01;3;0
5;2025-11-01;4;0
5;2025-11-01;5;0
5;2025-11-01;6;0
5;2025-11-01;7;0
5;2025-11-01;8;0
5;2025-11-01;9;0
5;2025-11-01;10;0
5;2025-11-01;11;0
5;2025-11-01;12;0
5;2025-11-01;13;0
5;2025-11-01;14;0
5;2025-11-01;15;0
5;2025-11-01;16;0
5;2025-11-01;17;0
5;2025-11-01;18;0
5;2025-11-01;19;0
5;2025-11-01;20;0
5;2025-11-01;21;0
5;2025-11-01;22;0
5;2025-11-01;23;0
5;2025-11-02;0;0
5;2025-11-02;1;0
5;2025-11-02;2;0
5;2025-11-02;3;0
5;2025-11-02;4;0
5;2025-11-02;5;0
5;2025-11-02;6;0
5;2025-11-02;7;0
5;2025-11-02;8;0
5;2025-11-02;9;0
5;2025-11-02;10;0
5;2025-11-02;11;0
5;2025-11-02;12;0
5;2025-11-02;13;0
5;2025-11-02;14;0
5;2025-11-02;15;0
5;2025-11-02;16;0
5;2025-11-02;17;0
5;2025-11-02;18;0
5;2025-11-02;19;0
5;2025-11-02;20;0
5;2025-11-02;21;0
5;2025-11-02;22;0
5;2025-11-02;23;0
5;2025-11-03;0;0
5;2025-11-03;1;0
5;2025-11-03;2;0
5;2025-11-03;3;0
5;2025-11-03;4;0
5;2025-11-03;5;0
5;2025-11-03;6;0
5;2025-11-03;7;0
5;2025-11-03;8;0
5;2025-11-03;9;0
5;2025-11-03;10;0
5;2025-11-03;11;0
5;2025-11-03;12;0
5;2025-11-03;13;0
5;2025-11-03;14;0
5;2025-11-03;15;0
5;2025-11-03;16;0
5;2025-11-03;17;0
5;2025-11-03;18;0
5;2025-11-03;19;0
5;2025-11-03;20;0
5;2025-11-03;21;0
5;2025-11-03;22;0
5;2025-11-03;23;0
5;2025-11-04;0;0
5;2025-11-04;1;0
5;2025-11-04;2;0
5;2025-11-04;3;0
5;2025-11-04;4;0
5;2025-11-04;5;0
5;2025-11-04;6;0
5;2025-11-04;7;0
5;2025-11-04;8;0
5;2025-11-04;9;0
5;2025-11-04;10;0
5;2025-11-04;11;0
5;2025-11-04;12;0
5;2025-11-04;13;0
5;2025-11-04;14;0
5;2025-11-04;15;0
5;2025-11-04;16;0
5;2025-11-04;17;0
5;2025-11-04;18;0
5;2025-11-04;19;0
5;2025-11-04;20;0
5;2025-11-04;21;0
5;2025-11-04;22;0
5;2025-11-04;23;0
5;2025-11-05;0;0
5;2025-11-05;1;0
5;2025-11-05;2;0
5;2025-11-05;3;0
5;2025-11-05;4;0
5;2025-11-05;5;0
5;2025-11-05;6;0
5;2025-11-05;7;0
5;2025-11-05;8;0
5;2025-11-05;9;0
5;2025-11-05;10;0
5;2025-11-05;11;0
5;2025-11-05;12;0
5;2025-11-05;13;0
5;2025-11-05;14;0
5;2025-11-05;15;0
5;2025-11-05;16;0
5;2025-11-05;17;0
5;2025-11-05;18;0
5;2025-11-05;19;0
5;2025-11-05;20;0
5;2025-11-05;21;0
5;2025-11-05;22;0
5;2025-11-05;23;0
5;2025-11-06;0;0
5;2025-11-06;1;0
5;2025-11-06;2;0
5;2025-11-06;3;0
5;2025-11-06;4;0
5;2025-11-06;5;0
5;2025-11-06;6;0
5;2025-11-06;7;0
5;2025-11-06;8;0
5;2025-11-06;9;0
5;2025-11-06;10;0
5;2025-11-06;11;0
5;2025-11-06;12;0
5;2025-11-06;13;0
5;2025-11-06;14;0
5;2025-11-06;15;0
5;2025-11-06;16;0
5;2025-11-06;17;0
5;2025-11-06;18;0
5;2025-11-06;19;0
5;2025-11-06;20;0
5;2025-11-06;21;0
5;2025-11-06;22;0
5;2025-11-06;23;0
5;2025-11-07;0;0
5;2025-11-07;1;0
5;2025-11-07;2;0
5;2025-11-07;3;0
5;2025-11-07;4;0
5;2025-11-07;5;0
5;2025-11-07;6;0
5;2025-11-07;7;0
5;2025-11-07;8;0
5;2025-11-07;9;0
5;2025-11-07;10;0
5;2025-11-07;11;0
5;2025-11-07;12;0
5;2025-11-07;13;0
5;2025-11-07;14;0
5;2025-11-07;15;0
5;2025-11-07;16;0
5;2025-11-07;17;0
5;2025-11-07;18;0
5;2025-11-07;19;0
5;2025-11-07;20;0
5;2025-11-07;21;0
5;2025-11-07;22;0
5;2025-11-07;23;0
5;2025-11-08;0;0
5;2025-11-08;1;0
5;2025-11-08;2;0
5;2025-11-08;3;0
5;2025-11-08;4;0
5;2025-11-08;5;0
5;2025-11-08;6;0
5;2025-11-08;7;0
5;2025-11-08;8;0
5;2025-11-08;9;0
5;2025-11-08;10;0
5;2025-11-08;11;0
5;2025-11-08;12;0
5;2025-11-08;13;0
5;2025-11-08;14;0
5;2025-11-08;15;0
5;2025-11-08;16;0
5;2025-11-08;17;0
5;2025-11-08;18;0
5;2025-11-08;19;0
5;2025-11-08;20;0
5;2025-11-08;21;0
5;2025-11-08;22;0
5;2025-11-08;23;0
5;2025-11-09;0;0
5;2025-11-09;1;0
5;2025-11-09;2;0
5;2025-11-09;3;0
5;2025-11-09;4;0
5;2025-11-09;5;0
5;2025-11-09;6;0
5;2025-11-09;7;0
5;2025-11-09;8;0
5;2025-11-09;9;0
5;2025-11-09;10;0
5;2025-11-09;11;0
5;2025-11-09;12;0
5;2025-11-09;13;0
5;2025-11-09;14;0
5;2025-11-09;15;0
5;2025-11-09;16;0
5;2025-11-09;17;0
5;2025-11-09;18;0
5;2025-11-09;19;0
5;2025-11-09;20;0
5;2025-11-09;21;0
5;2025-11-09;22;0
5;2025-11-09;23;0
5;2025-11-10;0;0
5;2025-11-10;1;0
5;2025-11-10;2;0
5;2025-11-10;3;0
5;2025-11-10;4;0
5;2025-11-10;5;0
5;2025-11-10;6;0
5;2025-11-10;7;0
5;2025-11-10;8;0
5;2025-11-10;9;0
5;2025-11-10;10;0
5;2025-11-10;11;0
5;2025-11-10;12;0
5;2025-11-10;13;0
5;2025-11-10;14;0
5;2025-11-10;15;0
5;2025-11-10;16;0
5;2025-11-10;17;0
5;2025-11-10;18;0
5;2025-11-10;19;0
5;2025-11-10;20;0
5;2025-11-10;21;0
5;2025-11-10;22;0
5;2025-11-10;23;0
5;2025-11-11;0;0
5;2025-11-11;1;0
5;2025-11-11;2;0
5;2025-11-11;3;0
5;2025-11-11;4;0
5;2025-11-11;5;0
5;2025-11-11;6;0
5;2025-11-11;7;0
5;2025-11-11;8;0
5;2025-11-11;9;0
5;2025-11-11;10;0
5;2025-11-11;11;0
5;2025-11-11;12;0
5;2025-11-11;13;0
5;2025-11-11;14;0
5;2025-11-11;15;0
5;2025-11-11;16;0
5;2025-11-11;17;0
5;2025-11-11;18;0
5;2025-11-11;19;0
5;2025-11-11;20;0
5;2025-11-11;21;0
5;2025-11-11;22;0
5;2025-11-11;23;0
5;2025-11-12;0;0
5;2025-11-12;1;0
5;2025-11-12;2;0
5;2025-11-12;3;0
5;2025-11-12;4;0
5;2025-11-12;5;0
5;2025-11-12;6;0
5;2025-11-12;7;0
5;2025-11-12;8;0
5;2025-11-12;9;0
5;2025-11-12;10;0
5;2025-11-12;11;0
5;2025-11-12;12;0
5;2025-11-12;13;0
5;2025-11-12;14;0
5;2025-11-12;15;0
5;2025-11-12;16;0
5;2025-11-12;17;0
5;2025-11-12;18;0
5;2025-11-12;19;0
5;2025-11-12;20;0
5;2025-11-12;21;0
5;2025-11-12;22;0
5;2025-11-12;23;0
5;2025-11-13;0;0
5;2025-11-13;1;0
5;2025-11-13;2;0
5;2025-11-13;3;0
5;2025-11-13;4;0
5;2025-11-13;5;0
5;2025-11-13;6;0
5;2025-11-13;7;0
5;2025-11-13;8;0
5;2025-11-13;9;0
5;2025-11-13;10;0
5;2025-11-13;11;0
5;2025-11-13;12;0
5;2025-11-13;13;0
5;2025-11-13;14;0
5;2025-11-13;15;0
5;2025-11-13;16;0
5;2025-11-13;17;0
5;2025-11-13;18;0
5;2025-11-13;19;0
5;2025-11-13;20;0
5;2025-11-13;21;0
5;2025-11-13;22;0
5;2025-11-13;23;0
5;2025-11-14;0;0
5;2025-11-14;1;0
5;2025-11-14;2;0
5;2025-11-14;3;0
5;2025-11-14;4;0
5;2025-11-14;5;0
5;2025-11-14;6;0
5;2025-11-14;7;0
5;2025-11-14;8;0
5;2025-11-14;9;0
5;2025-11-14;10;0
5;2025-11-14;11;0
5;2025-11-14;12;0
5;2025-11-14;13;0
5;2025-11-14;14;0
5;2025-11-14;15;0
5;2025-11-14;16;0
5;2025-11-14;17;0
5;2025-11-14;18;0
5;2025-11-14;19;0
5;2025-11-14;20;0
5;2025-11-14;21;0
5;2025-11-14;22;0
5;2025-11-14;23;0
5;2025-11-15;0;0
5;2025-11-15;1;0
5;2025-11-15;2;0
5;2025-11-15;3;0
5;2025-11-15;4;0
5;2025-11-15;5;0
5;2025-11-15;6;0
5;2025-11-15;7;0
5;2025-11-15;8;0
5;2025-11-15;9;0
5;2025-11-15;10;0
5;2025-11-15;11;0
5;2025-11-15;12;0
5;2025-11-15;13;0
5;2025-11-15;14;0
5;2025-11-15;15;0
5;2025-11-15;16;0
5;2025-11-15;17;0
5;2025-11-15;18;0
5;2025-11-15;19;0
5;2025-11-15;20;0
5;2025-11-15;21;0
5;2025-11-15;22;0
5;2025-11-15;23;0
5;2025-11-16;0;0
5;2025-11-16;1;0
5;2025-11-16;2;0
5;2025-11-16;3;0
5;2025-11-16;4;0
5;2025-11-16;5;0
5;2025-11-16;6;0
5;2025-11-16;7;0
5;2025-11-16;8;0
5;2025-11-16;9;0
5;2025-11-16;10;0
5;2025-11-16;11;0
5;2025-11-16;12;0
5;2025-11-16;13;0
5;2025-11-16;14;0
5;2025-11-16;15;0
5;2025-11-16;16;0
5;2025-11-16;17;0
5;2025-11-16;18;0
5;2025-11-16;19;0
5;2025-11-16;20;0
5;2025-11-16;21;0
5;2025-11-16;22;0
5;2025-11-16;23;0
5;2025-11-17;0;0
5;2025-11-17;1;0
5;2025-11-17;2;0
5;2025-11-17;3;0
5;2025-11-17;4;0
5;2025-11-17;5;0
5;2025-11-17;6;0
5;2025-11-17;7;0
5;2025-11-17;8;0
5;2025-11-17;9;0
5;2025-11-17;10;0
5;2025-11-17;11;0
5;2025-11-17;12;0
5;2025-11-17;13;0
5;2025-11-17;14;0
5;2025-11-17;15;0
5;2025-11-17;16;0
5;2025-11-17;17;0
5;2025-11-17;18;0
5;2025-11-17;19;0
5;2025-11-17;20;0
5;2025-11-17;21;0
5;2025-11-17;22;0
5;2025-11-17;23;0
5;2025-11-18;0;0
5;2025-11-18;1;0
5;2025-11-18;2;0
5;2025-11-18;3;0
5;2025-11-18;4;0
5;2025-11-18;5;0
5;2025-11-18;6;0
5;2025-11-18;7;0
5;2025-11-18;8;0
5;2025-11-18;9;0
5;2025-11-18;10;0
5;2025-11-18;11;0
5;2025-11-18;12;0
5;2025-11-18;13;0
5;2025-11-18;14;0
5;2025-11-18;15;0
5;2025-11-18;16;0
5;2025-11-18;17;0
5;2025-11-18;18;0
5;2025-11-18;19;0
5;2025-11-18;20;0
5;2025-11-18;21;0
5;2025-11-18;22;0
5;2025-11-18;23;0
5;2025-11-19;0;0
5;2025-11-19;1;0
5;2025-11-19;2;0
5;2025-11-19;3;0
5;2025-11-19;4;0
5;2025-11-19;5;0
5;2025-11-19;6;0
5;2025-11-19;7;0
5;2025-11-19;8;0
5;2025-11-19;9;0
5;2025-11-19;10;0
5;2025-11-19;11;0
5;2025-11-19;12;0
5;2025-11-19;13;0
5;2025-11-19;14;0
5;2025-11-19;15;0
5;2025-11-19;16;0
5;2025-11-19;17;0
5;2025-11-19;18;0
5;2025-11-19;19;0
5;2025-11-19;20;0
5;2025-11-19;21;0
5;2025-11-19;22;0
5;2025-11-19;23;0
5;2025-11-20;0;0
5;2025-11-20;1;0
5;2025-11-20;2;0
5;2025-11-20;3;0
5;2025-11-20;4;0
5;2025-11-20;5;0
5;2025-11-20;6;0
5;2025-11-20;7;0
5;2025-11-20;8;0
5;2025-11-20;9;0
5;2025-11-20;10;0
5;2025-11-20;11;0
5;2025-11-20;12;0
5;2025-11-20;13;0
5;2025-11-20;14;0
5;2025-11-20;15;0
5;2025-11-20;16;0
5;2025-11-20;17;0
5;2025-11-20;18;0
5;2025-11-20;19;0
5;2025-11-20;20;0
5;2025-11-20;21;0
5;2025-11-20;22;0
5;2025-11-20;23;0
5;2025-11-21;0;0
5;2025-11-21;1;0
5;2025-11-21;2;0
5;2025-11-21;3;0
5;2025-11-21;4;0
5;2025-11-21;5;0
5;2025-11-21;6;0
5;2025-11-21;7;0
5;2025-11-21;8;0
5;2025-11-21;9;0
5;2025-11-21;10;0
5;2025-11-21;11;0
5;2025-11-21;12;0
5;2025-11-21;13;0
5;2025-11-21;14;0
5;2025-11-21;15;0
5;2025-11-21;16;0
5;2025-11-21;17;0
5;2025-11-21;18;0
5;2025-11-21;19;0
5;2025-11-21;20;0
5;2025-11-21;21;0
5;2025-11-21;22;0
5;2025-11-21;23;0
5;2025-11-22;0;0
5;2025-11-22;1;0
5;2025-11-22;2;0
5;2025-11-22;3;0
5;2025-11-22;4;0
5;2025-11-22;5;0
5;2025-11-22;6;0
5;2025-11-22;7;0
5;2025-11-22;8;0
5;2025-11-22;9;0
5;2025-11-22;10;0
5;2025-11-22;11;0
5;2025-11-22;12;0
5;2025-11-22;13;0
5;2025-11-22;14;0
5;2025-11-22;15;0
5;2025-11-22;16;0
5;2025-11-22;17;0
5;2025-11-22;18;0
5;2025-11-22;19;0
5;2025-11-22;20;0
5;2025-11-22;21;0
5;2025-11-22;22;0
5;2025-11-22;23;0
5;2025-11-23;0;0
5;2025-11-23;1;0
5;2025-11-23;2;0
5;2025-11-23;3;0
5;2025-11-23;4;0
5;2025-11-23;5;0
5;2025-11-23;6;0
5;2025-11-23;7;0
5;2025-11-23;8;0
5;2025-11-23;9;0
5;2025-11-23;10;0
5;2025-11-23;11;0
5;2025-11-23;12;0
5;2025-11-23;13;0
5;2025-11-23;14;0
5;2025-11-23;15;0
5;2025-11-23;16;0
5;2025-11-23;17;0
5;2025-11-23;18;0
5;2025-11-23;19;0
5;2025-11-23;20;0
5;2025-11-23;21;0
5;2025-11-23;22;0
5;2025-11-23;23;0
5;2025-11-24;0;0
5;2025-11-24;1;0
5;2025-11-24;2;0
5;2025-11-24;3;0
5;2025-11-24;4;0
5;2025-11-24;5;0
5;2025-11-24;6;0
5;2025-11-24;7;0
5;2025-11-24;8;0
5;2025-11-24;9;0
5;2025-11-24;10;0
5;2025-11-24;11;0
5;2025-11-24;12;0
5;2025-11-24;13;0
5;2025-11-24;14;0
5;2025-11-24;15;0
5;2025-11-24;16;0
5;2025-11-24;17;0
5;2025-11-24;18;0
5;2025-11-24;19;0
5;2025-11-24;20;0
5;2025-11-24;21;0
5;2025-11-24;22;0
5;2025-11-24;23;0
5;2025-11-25;0;0
5;2025-11-25;1;0
5;2025-11-25;2;0
5;2025-11-25;3;0
5;2025-11-25;4;0
5;2025-11-25;5;0
5;2025-11-25;6;0
5;2025-11-25;7;0
5;2025-11-25;8;0
5;2025-11-25;9;0
5;2025-11-25;10;0
5;2025-11-25;11;0
5;2025-11-25;12;0
5;2025-11-25;13;0
5;2025-11-25;14;0
5;2025-11-25;15;0
5;2025-11-25;16;0
5;2025-11-25;17;0
5;2025-11-25;18;0
5;2025-11-25;19;0
5;2025-11-25;20;0
5;2025-11-25;21;0
5;2025-11-25;22;0
5;2025-11-25;23;0
5;2025-11-26;0;0
5;2025-11-26;1;0
5;2025-11-26;2;0
5;2025-11-26;3;0
5;2025-11-26;4;0
5;2025-11-26;5;0
5;2025-11-26;6;0
5;2025-11-26;7;0
5;2025-11-26;8;0
5;2025-11-26;9;0
5;2025-11-26;10;0
5;2025-11-26;11;0
5;2025-11-26;12;0
5;2025-11-26;13;0
5;2025-11-26;14;0
5;2025-11-26;15;0
5;2025-11-26;16;0
5;2025-11-26;17;0
5;2025-11-26;18;0
5;2025-11-26;19;0
5;2025-11-26;20;0
5;2025-11-26;21;0
5;2025-11-26;22;0
5;2025-11-26;23;0
5;2025-11-27;0;0
5;2025-11-27;1;0
5;2025-11-27;2;0
5;2025-11-27;3;0
5;2025-11-27;4;0
5;2025-11-27;5;0
5;2025-11-27;6;0
5;2025-11-27;7;0
5;2025-11-27;8;0
5;2025-11-27;9;0
5;2025-11-27;10;0
5;2025-11-27;11;0
5;2025-11-27;12;0
5;2025-11-27;13;0
5;2025-11-27;14;0
5;2025-11-27;15;0
5;2025-11-27;16;0
5;2025-11-27;17;0
5;2025-11-27;18;0
5;2025-11-27;19;0
5;2025-11-27;20;0
5;2025-11-27;21;0
5;2025-11-27;22;0
5;2025-11-27;23;0
5;2025-11-28;0;0
5;2025-11-28;1;0
5;2025-11-28;2;0
5;2025-11-28;3;0
5;2025-11-28;4;0
5;2025-11-28;5;0
5;2025-11-28;6;0
5;2025-11-28;7;0
5;2025-11-28;8;0
5;2025-11-28;9;0
5;2025-11-28;10;0
5;2025-11-28;11;0
5;2025-11-28;12;0
5;2025-11-28;13;0
5;2025-11-28;14;0
5;2025-11-28;15;0
5;2025-11-28;16;0
5;2025-11-28;17;0
5;2025-11-28;18;0
5;2025-11-28;19;0
5;2025-11-28;20;0
5;2025-11-28;21;0
5;2025-11-28;22;0
5;2025-11-28;23;0
5;2025-11-29;0;0
5;2025-11-29;1;0
5;2025-11-29;2;0
5;2025-11-29;3;0
5;2025-11-29;4;0
5;2025-11-29;5;0
5;2025-11-29;6;0
5;2025-11-29;7;0
5;2025-11-29;8;0
5;2025-11-29;9;0
5;2025-11-29;10;0
5;2025-11-29;11;0
5;2025-11-29;12;0
5;2025-11-29;13;0
5;2025-11-29;14;0
5;2025-11-29;15;0
5;2025-11-29;16;0
5;2025-11-29;17;0
5;2025-11-29;18;0
5;2025-11-29;19;0
5;2025-11-29;20;0
5;2025-11-29;21;0
5;2025-11-29;22;0
5;2025-11-29;23;0
5;2025-11-30;0;0
5;2025-11-30;1;0
5;2025-11-30;2;0
5;2025-11-30;3;0
5;2025-11-30;4;0
5;2025-11-30;5;0
5;2025-11-30;6;0
5;2025-11-30;7;0
5;2025-11-30;8;0
5;2025-11-30;9;0
5;2025-11-30;10;0
5;2025-11-30;11;0
5;2025-11-30;12;0
5;2025-11-30;13;0
5;2025-11-30;14;0
5;2025-11-30;15;0
5;2025-11-30;16;0
5;2025-11-30;17;0
5;2025-11-30;18;0
5;2025-11-30;19;0
5;2025-11-30;20;0
5;2025-11-30;21;0
5;2025-11-30;22;0
5;2025-11-30;23;0
5;2025-12-01;0;0
5;2025-12-01;1;0
5;2025-12-01;2;0
5;2025-12-01;3;0
5;2025-12-01;4;0
5;2025-12-01;5;0
5;2025-12-01;6;0
5;2025-12-01;7;0
5;2025-12-01;8;0
5;2025-12-01;9;0
5;2025-12-01;10;0
5;2025-12-01;11;0
5;2025-12-01;12;0
5;2025-12-01;13;0
5;2025-12-01;14;0
5;2025-12-01;15;0
5;2025-12-01;16;0
5;2025-12-01;17;0
5;2025-12-01;18;0
5;2025-12-01;19;0
5;2025-12-01;20;0
5;2025-12-01;21;0
5;2025-12-01;22;0
5;2025-12-01;23;0
5;2025-12-02;0;0
5;2025-12-02;1;0
5;2025-12-02;2;0
5;2025-12-02;3;0
5;2025-12-02;4;0
5;2025-12-02;5;0
5;2025-12-02;6;0
5;2025-12-02;7;0
5;2025-12-02;8;0
5;2025-12-02;9;0
5;2025-12-02;10;0
5;2025-12-02;11;0
5;2025-12-02;12;0
5;2025-12-02;13;0
5;2025-12-02;14;0
5;2025-12-02;15;0
5;2025-12-02;16;0
5;2025-12-02;17;0
5;2025-12-02;18;0
5;2025-12-02;19;0
5;2025-12-02;20;0
5;2025-12-02;21;0
5;2025-12-02;22;0
5;2025-12-02;23;0
5;2025-12-03;0;0
5;2025-12-03;1;0
5;2025-12-03;2;0
5;2025-12-03;3;0
5;2025-12-03;4;0
5;2025-12-03;5;0
5;2025-12-03;6;0
5;2025-12-03;7;0
5;2025-12-03;8;0
5;2025-12-03;9;0
5;2025-12-03;10;0
5;2025-12-03;11;0
5;2025-12-03;12;0
5;2025-12-03;13;0
5;2025-12-03;14;0
5;2025-12-03;15;0
5;2025-12-03;16;0
5;2025-12-03;17;0
5;2025-12-03;18;0
5;2025-12-03;19;0
5;2025-12-03;20;0
5;2025-12-03;21;0
5;2025-12-03;22;0
5;2025-12-03;23;0
5;2025-12-04;0;0
5;2025-12-04;1;0
5;2025-12-04;2;0
5;2025-12-04;3;0
5;2025-12-04;4;0
5;2025-12-04;5;0
5;2025-12-04;6;0
5;2025-12-04;7;0
5;2025-12-04;8;0
5;2025-12-04;9;0
5;2025-12-04;10;0
5;2025-12-04;11;0
5;2025-12-04;12;0
5;2025-12-04;13;0
5;2025-12-04;14;0
5;2025-12-04;15;0
5;2025-12-04;16;0
5;2025-12-04;17;0
5;2025-12-04;18;0
5;2025-12-04;19;0
5;2025-12-04;20;0
5;2025-12-04;21;0
5;2025-12-04;22;0
5;2025-12-04;23;0
5;2025-12-05;0;0
5;2025-12-05;1;0
5;2025-12-05;2;0
5;2025-12-05;3;0
5;2025-12-05;4;0
5;2025-12-05;5;0
5;2025-12-05;6;0
5;2025-12-05;7;0
5;2025-12-05;8;0
5;2025-12-05;9;0
5;2025-12-05;10;0
5;2025-12-05;11;0
5;2025-12-05;12;0
5;2025-12-05;13;0
5;2025-12-05;14;0
5;2025-12-05;15;0
5;2025-12-05;16;0
5;2025-12-05;17;0
5;2025-12-05;18;0
5;2025-12-05;19;0
5;2025-12-05;20;0
5;2025-12-05;21;0
5;2025-12-05;22;0
5;2025-12-05;23;0
5;2025-12-06;0;0
5;2025-12-06;1;0
5;2025-12-06;2;0
5;2025-12-06;3;0
5;2025-12-06;4;0
5;2025-12-06;5;0
5;2025-12-06;6;0
5;2025-12-06;7;0
5;2025-12-06;8;0
5;2025-12-06;9;0
5;2025-12-06;10;0
5;2025-12-06;11;0
5;2025-12-06;12;0
5;2025-12-06;13;0
5;2025-12-06;14;0
5;2025-12-06;15;0
5;2025-12-06;16;0
5;2025-12-06;17;0
5;2025-12-06;18;0
5;2025-12-06;19;0
5;2025-12-06;20;0
5;2025-12-06;21;0
5;2025-12-06;22;0
5;2025-12-06;23;0
5;2025-12-07;0;0
5;2025-12-07;1;0
5;2025-12-07;2;0
5;2025-12-07;3;0
5;2025-12-07;4;0
5;2025-12-07;5;0
5;2025-12-07;6;0
5;2025-12-07;7;0
5;2025-12-07;8;0
5;2025-12-07;9;0
5;2025-12-07;10;0
5;2025-12-07;11;0
5;2025-12-07;12;0
5;2025-12-07;13;0
5;2025-12-07;14;0
5;2025-12-07;15;0
5;2025-12-07;16;0
5;2025-12-07;17;0
5;2025-12-07;18;0
5;2025-12-07;19;0
5;2025-12-07;20;0
5;2025-12-07;21;0
5;2025-12-07;22;0
5;2025-12-07;23;0
5;2025-12-08;0;0
5;2025-12-08;1;0
5;2025-12-08;2;0
5;2025-12-08;3;0
5;2025-12-08;4;0
5;2025-12-08;5;0
5;2025-12-08;6;0
5;2025-12-08;7;0
5;2025-12-08;8;0
5;2025-12-08;9;0
5;2025-12-08;10;0
5;2025-12-08;11;0
5;2025-12-08;12;0
5;2025-12-08;13;0
5;2025-12-08;14;0
5;2025-12-08;15;0
5;2025-12-08;16;0
5;2025-12-08;17;0
5;2025-12-08;18;0
5;2025-12-08;19;0
5;2025-12-08;20;0
5;2025-12-08;21;0
5;2025-12-08;22;0
5;2025-12-08;23;0
5;2025-12-09;0;0
5;2025-12-09;1;0
5;2025-12-09;2;0
5;2025-12-09;3;0
5;2025-12-09;4;0
5;2025-12-09;5;0
5;2025-12-09;6;0
5;2025-12-09;7;0
5;2025-12-09;8;0
5;2025-12-09;9;0
5;2025-12-09;10;0
5;2025-12-09;11;0
5;2025-12-09;12;0
5;2025-12-09;13;0
5;2025-12-09;14;0
5;2025-12-09;15;0
5;2025-12-09;16;0
5;2025-12-09;17;0
5;2025-12-09;18;0
5;2025-12-09;19;0
5;2025-12-09;20;0
5;2025-12-09;21;0
5;2025-12-09;22;0
5;2025-12-09;23;0
5;2025-12-10;0;0
5;2025-12-10;1;0
5;2025-12-10;2;0
5;2025-12-10;3;0
5;2025-12-10;4;0
5;2025-12-10;5;0
5;2025-12-10;6;0
5;2025-12-10;7;0
5;2025-12-10;8;0
5;2025-12-10;9;0
5;2025-12-10;10;0
5;2025-12-10;11;0
5;2025-12-10;12;0
5;2025-12-10;13;0
5;2025-12-10;14;0
5;2025-12-10;15;0
5;2025-12-10;16;0
5;2025-12-10;17;0
5;2025-12-10;18;0
5;2025-12-10;19;0
5;2025-12-10;20;0
5;2025-12-10;21;0
5;2025-12-10;22;0
5;2025-12-10;23;0
5;2025-12-11;0;0
5;2025-12-11;1;0
5;2025-12-11;2;0
5;2025-12-11;3;0
5;2025-12-11;4;0
5;2025-12-11;5;0
5;2025-12-11;6;0
5;2025-12-11;7;0
5;2025-12-11;8;0
5;2025-12-11;9;0
5;2025-12-11;10;0
5;2025-12-11;11;0
5;2025-12-11;12;0
5;2025-12-11;13;0
5;2025-12-11;14;0
5;2025-12-11;15;0
5;2025-12-11;16;0
5;2025-12-11;17;0
5;2025-12-11;18;0
5;2025-12-11;19;0
5;2025-12-11;20;0
5;2025-12-11;21;0
5;2025-12-11;22;0
5;2025-12-11;23;0
5;2025-12-12;0;0
5;2025-12-12;1;0
5;2025-12-12;2;0
5;2025-12-12;3;0
5;2025-12-12;4;0
5;2025-12-12;5;0
5;2025-12-12;6;0
5;2025-12-12;7;0
5;2025-12-12;8;0
5;2025-12-12;9;0
5;2025-12-12;10;0
5;2025-12-12;11;0
5;2025-12-12;12;0
5;2025-12-12;13;0
5;2025-12-12;14;0
5;2025-12-12;15;0
5;2025-12-12;16;0
5;2025-12-12;17;0
5;2025-12-12;18;0
5;2025-12-12;19;0
5;2025-12-12;20;0
5;2025-12-12;21;0
5;2025-12-12;22;0
5;2025-12-12;23;0
5;2025-12-13;0;0
5;2025-12-13;1;0
5;2025-12-13;2;0
5;2025-12-13;3;0
5;2025-12-13;4;0
5;2025-12-13;5;0
5;2025-12-13;6;0
5;2025-12-13;7;0
5;2025-12-13;8;0
5;2025-12-13;9;0
5;2025-12-13;10;0
5;2025-12-13;11;0
5;2025-12-13;12;0
5;2025-12-13;13;0
5;2025-12-13;14;0
5;2025-12-13;15;0
5;2025-12-13;16;0
5;2025-12-13;17;0
5;2025-12-13;18;0
5;2025-12-13;19;0
5;2025-12-13;20;0
5;2025-12-13;21;0
5;2025-12-13;22;0
5;2025-12-13;23;0
5;2025-12-14;0;0
5;2025-12-14;1;0
5;2025-12-14;2;0
5;2025-12-14;3;0
5;2025-12-14;4;0
5;2025-12-14;5;0
5;2025-12-14;6;0
5;2025-12-14;7;0
5;2025-12-14;8;0
5;2025-12-14;9;0
5;2025-12-14;10;0
5;2025-12-14;11;0
5;2025-12-14;12;0
5;2025-12-14;13;0
5;2025-12-14;14;0
5;2025-12-14;15;0
5;2025-12-14;16;0
5;2025-12-14;17;0
5;2025-12-14;18;0
5;2025-12-14;19;0
5;2025-12-14;20;0
5;2025-12-14;21;0
5;2025-12-14;22;0
5;2025-12-14;23;0
5;2025-12-15;0;0
5;2025-12-15;1;0
5;2025-12-15;2;0
5;2025-12-15;3;0
5;2025-12-15;4;0
5;2025-12-15;5;0
5;2025-12-15;6;0
5;2025-12-15;7;0
5;2025-12-15;8;0
5;2025-12-15;9;0
5;2025-12-15;10;0
5;2025-12-15;11;0
5;2025-12-15;12;0
5;2025-12-15;13;0
5;2025-12-15;14;0
5;2025-12-15;15;0
5;2025-12-15;16;0
5;2025-12-15;17;0
5;2025-12-15;18;0
5;2025-12-15;19;0
5;2025-12-15;20;0
5;2025-12-15;21;0
5;2025-12-15;22;0
5;2025-12-15;23;0
5;2025-12-16;0;7
5;2025-12-16;1;1
5;2025-12-16;2;0
5;2025-12-16;3;0
5;2025-12-16;4;1
5;2025-12-16;5;33
5;2025-12-16;6;165
5;2025-12-16;7;403
5;2025-12-16;8;608
5;2025-12-16;9;423
5;2025-12-16;10;348
5;2025-12-16;11;337
5;2025-12-16;12;350
5;2025-12-16;13;354
5;2025-12-16;14;359
5;2025-12-16;15;383
5;2025-12-16;16;426
5;2025-12-16;17;520
5;2025-12-16;18;541
5;2025-12-16;19;383
5;2025-12-16;20;245
5;2025-12-16;21;152
5;2025-12-16;22;64
5;2025-12-16;23;29
5;2025-12-17;0;7
5;2025-12-17;1;1
5;2025-12-17;2;0
5;2025-12-17;3;0
5;2025-12-17;4;1
5;2025-12-17;5;33
5;2025-12-17;6;165
5;2025-12-17;7;403
5;2025-12-17;8;608
5;2025-12-17;9;423
5;2025-12-17;10;348
5;2025-12-17;11;337
5;2025-12-17;12;350
5;2025-12-17;13;354
5;2025-12-17;14;359
5;2025-12-17;15;383
5;2025-12-17;16;426
5;2025-12-17;17;520
5;2025-12-17;18;541
5;2025-12-17;19;383
5;2025-12-17;20;245
5;2025-12-17;21;152
5;2025-12-17;22;64
5;2025-12-17;23;29
5;2025-12-18;0;7
5;2025-12-18;1;1
5;2025-12-18;2;0
5;2025-12-18;3;0
5;2025-12-18;4;1
5;2025-12-18;5;33
5;2025-12-18;6;165
5;2025-12-18;7;403
5;2025-12-18;8;608
5;2025-12-18;9;423
5;2025-12-18;10;348
5;2025-12-18;11;337
5;2025-12-18;12;350
5;2025-12-18;13;354
5;2025-12-18;14;359
5;2025-12-18;15;383
5;2025-12-18;16;426
5;2025-12-18;17;520
5;2025-12-18;18;541
5;2025-12-18;19;383
5;2025-12-18;20;245
5;2025-12-18;21;152
5;2025-12-18;22;64
5;2025-12-18;23;29
5;2025-12-19;0;8
5;2025-12-19;1;1
5;2025-12-19;2;0
5;2025-12-19;3;0
5;2025-12-19;4;1
5;2025-12-19;5;35
5;2025-12-19;6;172
5;2025-12-19;7;412
5;2025-12-19;8;604
5;2025-12-19;9;416
5;2025-12-19;10;345
5;2025-12-19;11;340
5;2025-12-19;12;356
5;2025-12-19;13;368
5;2025-12-19;14;368
5;2025-12-19;15;412
5;2025-12-19;16;494
5;2025-12-19;17;526
5;2025-12-19;18;440
5;2025-12-19;19;344
5;2025-12-19;20;230
5;2025-12-19;21;154
5;2025-12-19;22;68
5;2025-12-19;23;38
5;2025-12-20;0;116
5;2025-12-20;1;10
5;2025-12-20;2;0
5;2025-12-20;3;0
5;2025-12-20;4;0
5;2025-12-20;5;21
5;2025-12-20;6;90
5;2025-12-20;7;127
5;2025-12-20;8;201
5;2025-12-20;9;258
5;2025-12-20;10;273
5;2025-12-20;11;308
5;2025-12-20;12;385
5;2025-12-20;13;378
5;2025-12-20;14;382
5;2025-12-20;15;409
5;2025-12-20;16;366
5;2025-12-20;17;348
5;2025-12-20;18;288
5;2025-12-20;19;233
5;2025-12-20;20;175
5;2025-12-20;21;124
5;2025-12-20;22;72
5;2025-12-20;23;38
5;2025-12-21;0;18
5;2025-12-21;1;3
5;2025-12-21;2;0
5;2025-12-21;3;0
5;2025-12-21;4;0
5;2025-12-21;5;16
5;2025-12-21;6;71
5;2025-12-21;7;107
5;2025-12-21;8;160
5;2025-12-21;9;218
5;2025-12-21;10;254
5;2025-12-21;11;313
5;2025-12-21;12;329
5;2025-12-21;13;367
5;2025-12-21;14;407
5;2025-12-21;15;405
5;2025-12-21;16;376
5;2025-12-21;17;427
5;2025-12-21;18;340
5;2025-12-21;19;275
5;2025-12-21;20;218
5;2025-12-21;21;154
5;2025-12-21;22;101
5;2025-12-21;23;42
5;2025-12-22;0;8
5;2025-12-22;1;1
5;2025-12-22;2;0
5;2025-12-22;3;0
5;2025-12-22;4;1
5;2025-12-22;5;35
5;2025-12-22;6;170
5;2025-12-22;7;407
5;2025-12-22;8;634
5;2025-12-22;9;438
5;2025-12-22;10;340
5;2025-12-22;11;324
5;2025-12-22;12;337
5;2025-12-22;13;359
5;2025-12-22;14;356
5;2025-12-22;15;382
5;2025-12-22;16;436
5;2025-12-22;17;519
5;2025-12-22;18;548
5;2025-12-22;19;374
5;2025-12-22;20;236
5;2025-12-22;21;145
5;2025-12-22;22;60
5;2025-12-22;23;25
5;2025-12-23;0;6
5;2025-12-23;1;1
5;2025-12-23;2;0
5;2025-12-23;3;0
5;2025-12-23;4;1
5;2025-12-23;5;26
5;2025-12-23;6;132
5;2025-12-23;7;322
5;2025-12-23;8;486
5;2025-12-23;9;338
5;2025-12-23;10;278
5;2025-12-23;11;270
5;2025-12-23;12;280
5;2025-12-23;13;283
5;2025-12-23;14;287
5;2025-12-23;15;306
5;2025-12-23;16;341
5;2025-12-23;17;416
5;2025-12-23;18;433
5;2025-12-23;19;306
5;2025-12-23;20;196
5;2025-12-23;21;122
5;2025-12-23;22;51
5;2025-12-23;23;23
5;2025-12-24;0;6
5;2025-12-24;1;1
5;2025-12-24;2;0
5;2025-12-24;3;0
5;2025-12-24;4;1
5;2025-12-24;5;26
5;2025-12-24;6;132
5;2025-12-24;7;322
5;2025-12-24;8;486
5;2025-12-24;9;338
5;2025-12-24;10;278
5;2025-12-24;11;270
5;2025-12-24;12;280
5;2025-12-24;13;283
5;2025-12-24;14;287
5;2025-12-24;15;306
5;2025-12-24;16;341
5;2025-12-24;17;416
5;2025-12-24;18;433
5;2025-12-24;19;306
5;2025-12-24;20;196
5;2025-12-24;21;122
5;2025-12-24;22;51
5;2025-12-24;23;23
5;2025-12-25;0;6
5;2025-12-25;1;1
5;2025-12-25;2;0
5;2025-12-25;3;0
5;2025-12-25;4;1
5;2025-12-25;5;26
5;2025-12-25;6;132
5;2025-12-25;7;322
5;2025-12-25;8;486
5;2025-12-25;9;338
5;2025-12-25;10;278
5;2025-12-25;11;270
5;2025-12-25;12;280
5;2025-12-25;13;283
5;2025-12-25;14;287
5;2025-12-25;15;306
5;2025-12-25;16;341
5;2025-12-25;17;416
5;2025-12-25;18;433
5;2025-12-25;19;306
5;2025-12-25;20;196
5;2025-12-25;21;122
5;2025-12-25;22;51
5;2025-12-25;23;23
5;2025-12-26;0;6
5;2025-12-26;1;1
5;2025-12-26;2;0
5;2025-12-26;3;0
5;2025-12-26;4;1
5;2025-12-26;5;28
5;2025-12-26;6;138
5;2025-12-26;7;330
5;2025-12-26;8;483
5;2025-12-26;9;333
5;2025-12-26;10;276
5;2025-12-26;11;272
5;2025-12-26;12;285
5;2025-12-26;13;294
5;2025-12-26;14;294
5;2025-12-26;15;330
5;2025-12-26;16;395
5;2025-12-26;17;421
5;2025-12-26;18;352
5;2025-12-26;19;275
5;2025-12-26;20;184
5;2025-12-26;21;123
5;2025-12-26;22;54
5;2025-12-26;23;30
5;2025-12-27;0;93
5;2025-12-27;1;8
5;2025-12-27;2;0
5;2025-12-27;3;0
5;2025-12-27;4;0
5;2025-12-27;5;17
5;2025-12-27;6;72
5;2025-12-27;7;102
5;2025-12-27;8;161
5;2025-12-27;9;206
5;2025-12-27;10;218
5;2025-12-27;11;246
5;2025-12-27;12;308
5;2025-12-27;13;302
5;2025-12-27;14;306
5;2025-12-27;15;327
5;2025-12-27;16;293
5;2025-12-27;17;278
5;2025-12-27;18;230
5;2025-12-27;19;186
5;2025-12-27;20;140
5;2025-12-27;21;99
5;2025-12-27;22;58
5;2025-12-27;23;30
5;2025-12-28;0;14
5;2025-12-28;1;2
5;2025-12-28;2;0
5;2025-12-28;3;0
5;2025-12-28;4;0
5;2025-12-28;5;13
5;2025-12-28;6;57
5;2025-12-28;7;86
5;2025-12-28;8;128
5;2025-12-28;9;174
5;2025-12-28;10;203
5;2025-12-28;11;250
5;2025-12-28;12;263
5;2025-12-28;13;294
5;2025-12-28;14;326
5;2025-12-28;15;324
5;2025-12-28;16;301
5;2025-12-28;17;342
5;2025-12-28;18;272
5;2025-12-28;19;220
5;2025-12-28;20;174
5;2025-12-28;21;123
5;2025-12-28;22;81
5;2025-12-28;23;34
5;2025-12-29;0;6
5;2025-12-29;1;1
5;2025-12-29;2;0
5;2025-12-29;3;0
5;2025-12-29;4;1
5;2025-12-29;5;28
5;2025-12-29;6;136
5;2025-12-29;7;326
5;2025-12-29;8;507
5;2025-12-29;9;350
5;2025-12-29;10;272
5;2025-12-29;11;259
5;2025-12-29;12;270
5;2025-12-29;13;287
5;2025-12-29;14;285
5;2025-12-29;15;306
5;2025-12-29;16;349
5;2025-12-29;17;415
5;2025-12-29;18;438
5;2025-12-29;19;299
5;2025-12-29;20;189
5;2025-12-29;21;116
5;2025-12-29;22;48
5;2025-12-29;23;20
5;2025-12-30;0;6
5;2025-12-30;1;1
5;2025-12-30;2;0
5;2025-12-30;3;0
5;2025-12-30;4;1
5;2025-12-30;5;26
5;2025-12-30;6;132
5;2025-12-30;7;322
5;2025-12-30;8;486
5;2025-12-30;9;338
5;2025-12-30;10;278
5;2025-12-30;11;270
5;2025-12-30;12;280
5;2025-12-30;13;283
5;2025-12-30;14;287
5;2025-12-30;15;306
5;2025-12-30;16;341
5;2025-12-30;17;416
5;2025-12-30;18;433
5;2025-12-30;19;306
5;2025-12-30;20;196
5;2025-12-30;21;122
5;2025-12-30;22;51
5;2025-12-30;23;23
5;2025-12-31;0;14
5;2025-12-31;1;2
5;2025-12-31;2;0
5;2025-12-31;3;0
5;2025-12-31;4;0
5;2025-12-31;5;13
5;2025-12-31;6;57
5;2025-12-31;7;86
5;2025-12-31;8;128
5;2025-12-31;9;174
5;2025-12-31;10;203
5;2025-12-31;11;250
5;2025-12-31;12;263
5;2025-12-31;13;294
5;2025-12-31;14;326
5;2025-12-31;15;324
5;2025-12-31;16;301
5;2025-12-31;17;342
5;2025-12-31;18;272
5;2025-12-31;19;220
5;2025-12-31;20;174
5;2025-12-31;21;123
5;2025-12-31;22;81
5;2025-12-31;23;34
7;2025-11-01;0;109
7;2025-11-01;1;25
7;2025-11-01;2;0
7;2025-11-01;3;0
7;2025-11-01;4;1
7;2025-11-01;5;126
7;2025-11-01;6;431
7;2025-11-01;7;1062
7;2025-11-01;8;1675
7;2025-11-01;9;1269
7;2025-11-01;10;1254
7;2025-11-01;11;1147
7;2025-11-01;12;1230
7;2025-11-01;13;1214
7;2025-11-01;14;1242
7;2025-11-01;15;1383
7;2025-11-01;16;1558
7;2025-11-01;17;1674
7;2025-11-01;18;1438
7;2025-11-01;19;1009
7;2025-11-01;20;717
7;2025-11-01;21;424
7;2025-11-01;22;225
7;2025-11-01;23;173
7;2025-11-02;0;95
7;2025-11-02;1;24
7;2025-11-02;2;0
7;2025-11-02;3;0
7;2025-11-02;4;1
7;2025-11-02;5;29
7;2025-11-02;6;131
7;2025-11-02;7;169
7;2025-11-02;8;394
7;2025-11-02;9;517
7;2025-11-02;10;388
7;2025-11-02;11;576
7;2025-11-02;12;624
7;2025-11-02;13;624
7;2025-11-02;14;647
7;2025-11-02;15;713
7;2025-11-02;16;613
7;2025-11-02;17;613
7;2025-11-02;18;667
7;2025-11-02;19;474
7;2025-11-02;20;399
7;2025-11-02;21;292
7;2025-11-02;22;150
7;2025-11-02;23;120
7;2025-11-03;0;108
7;2025-11-03;1;1
7;2025-11-03;2;0
7;2025-11-03;3;0
7;2025-11-03;4;1
7;2025-11-03;5;45
7;2025-11-03;6;193
7;2025-11-03;7;391
7;2025-11-03;8;642
7;2025-11-03;9;706
7;2025-11-03;10;733
7;2025-11-03;11;993
7;2025-11-03;12;873
7;2025-11-03;13;987
7;2025-11-03;14;1077
7;2025-11-03;15;1122
7;2025-11-03;16;966
7;2025-11-03;17;931
7;2025-11-03;18;1011
7;2025-11-03;19;986
7;2025-11-03;20;763
7;2025-11-03;21;561
7;2025-11-03;22;307
7;2025-11-03;23;203
7;2025-11-04;0;108
7;2025-11-04;1;1
7;2025-11-04;2;0
7;2025-11-04;3;0
7;2025-11-04;4;1
7;2025-11-04;5;45
7;2025-11-04;6;193
7;2025-11-04;7;391
7;2025-11-04;8;642
7;2025-11-04;9;706
7;2025-11-04;10;733
7;2025-11-04;11;993
7;2025-11-04;12;873
7;2025-11-04;13;987
7;2025-11-04;14;1077
7;2025-11-04;15;1122
7;2025-11-04;16;966
7;2025-11-04;17;931
7;2025-11-04;18;1011
7;2025-11-04;19;986
7;2025-11-04;20;763
7;2025-11-04;21;561
7;2025-11-04;22;307
7;2025-11-04;23;203
7;2025-11-05;0;58
7;2025-11-05;1;13
7;2025-11-05;2;0
7;2025-11-05;3;0
7;2025-11-05;4;1
7;2025-11-05;5;183
7;2025-11-05;6;606
7;2025-11-05;7;1612
7;2025-11-05;8;2469
7;2025-11-05;9;1853
7;2025-11-05;10;1706
7;2025-11-05;11;1566
7;2025-11-05;12;1759
7;2025-11-05;13;1566
7;2025-11-05;14;1714
7;2025-11-05;15;1754
7;2025-11-05;16;1863
7;2025-11-05;17;2386
7;2025-11-05;18;2586
7;2025-11-05;19;1665
7;2025-11-05;20;1050
7;2025-11-05;21;642
7;2025-11-05;22;304
7;2025-11-05;23;195
7;2025-11-06;0;58
7;2025-11-06;1;13
7;2025-11-06;2;0
7;2025-11-06;3;0
7;2025-11-06;4;1
7;2025-11-06;5;183
7;2025-11-06;6;606
7;2025-11-06;7;1612
7;2025-11-06;8;2469
7;2025-11-06;9;1853
7;2025-11-06;10;1706
7;2025-11-06;11;1566
7;2025-11-06;12;1759
7;2025-11-06;13;1566
7;2025-11-06;14;1714
7;2025-11-06;15;1754
7;2025-11-06;16;1863
7;2025-11-06;17;2386
7;2025-11-06;18;2586
7;2025-11-06;19;1665
7;2025-11-06;20;1050
7;2025-11-06;21;642
7;2025-11-06;22;304
7;2025-11-06;23;195
7;2025-11-07;0;75
7;2025-11-07;1;15
7;2025-11-07;2;0
7;2025-11-07;3;0
7;2025-11-07;4;2
7;2025-11-07;5;173
7;2025-11-07;6;593
7;2025-11-07;7;1461
7;2025-11-07;8;2304
7;2025-11-07;9;1746
7;2025-11-07;10;1724
7;2025-11-07;11;1577
7;2025-11-07;12;1692
7;2025-11-07;13;1670
7;2025-11-07;14;1708
7;2025-11-07;15;1903
7;2025-11-07;16;2143
7;2025-11-07;17;2303
7;2025-11-07;18;1978
7;2025-11-07;19;1388
7;2025-11-07;20;987
7;2025-11-07;21;583
7;2025-11-07;22;310
7;2025-11-07;23;238
7;2025-11-08;0;135
7;2025-11-08;1;27
7;2025-11-08;2;0
7;2025-11-08;3;0
7;2025-11-08;4;1
7;2025-11-08;5;54
7;2025-11-08;6;298
7;2025-11-08;7;326
7;2025-11-08;8;791
7;2025-11-08;9;668
7;2025-11-08;10;661
7;2025-11-08;11;699
7;2025-11-08;12;1022
7;2025-11-08;13;968
7;2025-11-08;14;913
7;2025-11-08;15;858
7;2025-11-08;16;897
7;2025-11-08;17;881
7;2025-11-08;18;792
7;2025-11-08;19;673
7;2025-11-08;20;580
7;2025-11-08;21;396
7;2025-11-08;22;224
7;2025-11-08;23;196
7;2025-11-09;0;95
7;2025-11-09;1;24
7;2025-11-09;2;0
7;2025-11-09;3;0
7;2025-11-09;4;1
7;2025-11-09;5;29
7;2025-11-09;6;131
7;2025-11-09;7;169
7;2025-11-09;8;394
7;2025-11-09;9;517
7;2025-11-09;10;388
7;2025-11-09;11;576
7;2025-11-09;12;624
7;2025-11-09;13;624
7;2025-11-09;14;647
7;2025-11-09;15;713
7;2025-11-09;16;613
7;2025-11-09;17;613
7;2025-11-09;18;667
7;2025-11-09;19;474
7;2025-11-09;20;399
7;2025-11-09;21;292
7;2025-11-09;22;150
7;2025-11-09;23;120
7;2025-11-10;0;62
7;2025-11-10;1;11
7;2025-11-10;2;0
7;2025-11-10;3;0
7;2025-11-10;4;1
7;2025-11-10;5;185
7;2025-11-10;6;592
7;2025-11-10;7;1633
7;2025-11-10;8;2722
7;2025-11-10;9;1840
7;2025-11-10;10;1642
7;2025-11-10;11;1566
7;2025-11-10;12;1579
7;2025-11-10;13;1550
7;2025-11-10;14;1541
7;2025-11-10;15;1787
7;2025-11-10;16;1817
7;2025-11-10;17;2373
7;2025-11-10;18;2608
7;2025-11-10;19;1682
7;2025-11-10;20;1103
7;2025-11-10;21;617
7;2025-11-10;22;297
7;2025-11-10;23;157
7;2025-11-11;0;58
7;2025-11-11;1;13
7;2025-11-11;2;0
7;2025-11-11;3;0
7;2025-11-11;4;1
7;2025-11-11;5;183
7;2025-11-11;6;606
7;2025-11-11;7;1612
7;2025-11-11;8;2469
7;2025-11-11;9;1853
7;2025-11-11;10;1706
7;2025-11-11;11;1566
7;2025-11-11;12;1759
7;2025-11-11;13;1566
7;2025-11-11;14;1714
7;2025-11-11;15;1754
7;2025-11-11;16;1863
7;2025-11-11;17;2386
7;2025-11-11;18;2586
7;2025-11-11;19;1665
7;2025-11-11;20;1050
7;2025-11-11;21;642
7;2025-11-11;22;304
7;2025-11-11;23;195
7;2025-11-12;0;58
7;2025-11-12;1;13
7;2025-11-12;2;0
7;2025-11-12;3;0
7;2025-11-12;4;1
7;2025-11-12;5;183
7;2025-11-12;6;606
7;2025-11-12;7;1612
7;2025-11-12;8;2469
7;2025-11-12;9;1853
7;2025-11-12;10;1706
7;2025-11-12;11;1566
7;2025-11-12;12;1759
7;2025-11-12;13;1566
7;2025-11-12;14;1714
7;2025-11-12;15;1754
7;2025-11-12;16;1863
7;2025-11-12;17;2386
7;2025-11-12;18;2586
7;2025-11-12;19;1665
7;2025-11-12;20;1050
7;2025-11-12;21;642
7;2025-11-12;22;304
7;2025-11-12;23;195
7;2025-11-13;0;58
7;2025-11-13;1;13
7;2025-11-13;2;0
7;2025-11-13;3;0
7;2025-11-13;4;1
7;2025-11-13;5;183
7;2025-11-13;6;606
7;2025-11-13;7;1612
7;2025-11-13;8;2469
7;2025-11-13;9;1853
7;2025-11-13;10;1706
7;2025-11-13;11;1566
7;2025-11-13;12;1759
7;2025-11-13;13;1566
7;2025-11-13;14;1714
7;2025-11-13;15;1754
7;2025-11-13;16;1863
7;2025-11-13;17;2386
7;2025-11-13;18;2586
7;2025-11-13;19;1665
7;2025-11-13;20;1050
7;2025-11-13;21;642
7;2025-11-13;22;304
7;2025-11-13;23;195
7;2025-11-14;0;75
7;2025-11-14;1;15
7;2025-11-14;2;0
7;2025-11-14;3;0
7;2025-11-14;4;2
7;2025-11-14;5;173
7;2025-11-14;6;593
7;2025-11-14;7;1461
7;2025-11-14;8;2304
7;2025-11-14;9;1746
7;2025-11-14;10;1724
7;2025-11-14;11;1577
7;2025-11-14;12;1692
7;2025-11-14;13;1670
7;2025-11-14;14;1708
7;2025-11-14;15;1903
7;2025-11-14;16;2143
7;2025-11-14;17;2303
7;2025-11-14;18;1978
7;2025-11-14;19;1388
7;2025-11-14;20;987
7;2025-11-14;21;583
7;2025-11-14;22;310
7;2025-11-14;23;238
7;2025-11-15;0;135
7;2025-11-15;1;27
7;2025-11-15;2;0
7;2025-11-15;3;0
7;2025-11-15;4;1
7;2025-11-15;5;54
7;2025-11-15;6;298
7;2025-11-15;7;326
7;2025-11-15;8;791
7;2025-11-15;9;668
7;2025-11-15;10;661
7;2025-11-15;11;699
7;2025-11-15;12;1022
7;2025-11-15;13;968
7;2025-11-15;14;913
7;2025-11-15;15;858
7;2025-11-15;16;897
7;2025-11-15;17;881
7;2025-11-15;18;792
7;2025-11-15;19;673
7;2025-11-15;20;580
7;2025-11-15;21;396
7;2025-11-15;22;224
7;2025-11-15;23;196
7;2025-11-16;0;95
7;2025-11-16;1;24
7;2025-11-16;2;0
7;2025-11-16;3;0
7;2025-11-16;4;1
7;2025-11-16;5;29
7;2025-11-16;6;131
7;2025-11-16;7;169
7;2025-11-16;8;394
7;2025-11-16;9;517
7;2025-11-16;10;388
7;2025-11-16;11;576
7;2025-11-16;12;624
7;2025-11-16;13;624
7;2025-11-16;14;647
7;2025-11-16;15;713
7;2025-11-16;16;613
7;2025-11-16;17;613
7;2025-11-16;18;667
7;2025-11-16;19;474
7;2025-11-16;20;399
7;2025-11-16;21;292
7;2025-11-16;22;150
7;2025-11-16;23;120
7;2025-11-17;0;62
7;2025-11-17;1;11
7;2025-11-17;2;0
7;2025-11-17;3;0
7;2025-11-17;4;1
7;2025-11-17;5;185
7;2025-11-17;6;592
7;2025-11-17;7;1633
7;2025-11-17;8;2722
7;2025-11-17;9;1840
7;2025-11-17;10;1642
7;2025-11-17;11;1566
7;2025-11-17;12;1579
7;2025-11-17;13;1550
7;2025-11-17;14;1541
7;2025-11-17;15;1787
7;2025-11-17;16;1817
7;2025-11-17;17;2373
7;2025-11-17;18;2608
7;2025-11-17;19;1682
7;2025-11-17;20;1103
7;2025-11-17;21;617
7;2025-11-17;22;297
7;2025-11-17;23;157
7;2025-11-18;0;58
7;2025-11-18;1;13
7;2025-11-18;2;0
7;2025-11-18;3;0
7;2025-11-18;4;1
7;2025-11-18;5;183
7;2025-11-18;6;606
7;2025-11-18;7;1612
7;2025-11-18;8;2469
7;2025-11-18;9;1853
7;2025-11-18;10;1706
7;2025-11-18;11;1566
7;2025-11-18;12;1759
7;2025-11-18;13;1566
7;2025-11-18;14;1714
7;2025-11-18;15;1754
7;2025-11-18;16;1863
7;2025-11-18;17;2386
7;2025-11-18;18;2586
7;2025-11-18;19;1665
7;2025-11-18;20;1050
7;2025-11-18;21;642
7;2025-11-18;22;304
7;2025-11-18;23;195
7;2025-11-19;0;58
7;2025-11-19;1;13
7;2025-11-19;2;0
7;2025-11-19;3;0
7;2025-11-19;4;1
7;2025-11-19;5;183
7;2025-11-19;6;606
7;2025-11-19;7;1612
7;2025-11-19;8;2469
7;2025-11-19;9;1853
7;2025-11-19;10;1706
7;2025-11-19;11;1566
7;2025-11-19;12;1759
7;2025-11-19;13;1566
7;2025-11-19;14;1714
7;2025-11-19;15;1754
7;2025-11-19;16;1863
7;2025-11-19;17;2386
7;2025-11-19;18;2586
7;2025-11-19;19;1665
7;2025-11-19;20;1050
7;2025-11-19;21;642
7;2025-11-19;22;304
7;2025-11-19;23;195
7;2025-11-20;0;58
7;2025-11-20;1;13
7;2025-11-20;2;0
7;2025-11-20;3;0
7;2025-11-20;4;1
7;2025-11-20;5;183
7;2025-11-20;6;606
7;2025-11-20;7;1612
7;2025-11-20;8;2469
7;2025-11-20;9;1853
7;2025-11-20;10;1706
7;2025-11-20;11;1566
7;2025-11-20;12;1759
7;2025-11-20;13;1566
7;2025-11-20;14;1714
7;2025-11-20;15;1754
7;2025-11-20;16;1863
7;2025-11-20;17;2386
7;2025-11-20;18;2586
7;2025-11-20;19;1665
7;2025-11-20;20;1050
7;2025-11-20;21;642
7;2025-11-20;22;304
7;2025-11-20;23;195
7;2025-11-21;0;75
7;2025-11-21;1;15
7;2025-11-21;2;0
7;2025-11-21;3;0
7;2025-11-21;4;2
7;2025-11-21;5;173
7;2025-11-21;6;593
7;2025-11-21;7;1461
7;2025-11-21;8;2304
7;2025-11-21;9;1746
7;2025-11-21;10;1724
7;2025-11-21;11;1577
7;2025-11-21;12;1692
7;2025-11-21;13;1670
7;2025-11-21;14;1708
7;2025-11-21;15;1903
7;2025-11-21;16;2143
7;2025-11-21;17;2303
7;2025-11-21;18;1978
7;2025-11-21;19;1388
7;2025-11-21;20;987
7;2025-11-21;21;583
7;2025-11-21;22;310
7;2025-11-21;23;238
7;2025-11-22;0;135
7;2025-11-22;1;27
7;2025-11-22;2;0
7;2025-11-22;3;0
7;2025-11-22;4;1
7;2025-11-22;5;54
7;2025-11-22;6;298
7;2025-11-22;7;326
7;2025-11-22;8;791
7;2025-11-22;9;668
7;2025-11-22;10;661
7;2025-11-22;11;699
7;2025-11-22;12;1022
7;2025-11-22;13;968
7;2025-11-22;14;913
7;2025-11-22;15;858
7;2025-11-22;16;897
7;2025-11-22;17;881
7;2025-11-22;18;792
7;2025-11-22;19;673
7;2025-11-22;20;580
7;2025-11-22;21;396
7;2025-11-22;22;224
7;2025-11-22;23;196
7;2025-11-23;0;95
7;2025-11-23;1;24
7;2025-11-23;2;0
7;2025-11-23;3;0
7;2025-11-23;4;1
7;2025-11-23;5;29
7;2025-11-23;6;131
7;2025-11-23;7;169
7;2025-11-23;8;394
7;2025-11-23;9;517
7;2025-11-23;10;388
7;2025-11-23;11;576
7;2025-11-23;12;624
7;2025-11-23;13;624
7;2025-11-23;14;647
7;2025-11-23;15;713
7;2025-11-23;16;613
7;2025-11-23;17;613
7;2025-11-23;18;667
7;2025-11-23;19;474
7;2025-11-23;20;399
7;2025-11-23;21;292
7;2025-11-23;22;150
7;2025-11-23;23;120
7;2025-11-24;0;62
7;2025-11-24;1;11
7;2025-11-24;2;0
7;2025-11-24;3;0
7;2025-11-24;4;1
7;2025-11-24;5;185
7;2025-11-24;6;592
7;2025-11-24;7;1633
7;2025-11-24;8;2722
7;2025-11-24;9;1840
7;2025-11-24;10;1642
7;2025-11-24;11;1566
7;2025-11-24;12;1579
7;2025-11-24;13;1550
7;2025-11-24;14;1541
7;2025-11-24;15;1787
7;2025-11-24;16;1817
7;2025-11-24;17;2373
7;2025-11-24;18;2608
7;2025-11-24;19;1682
7;2025-11-24;20;1103
7;2025-11-24;21;617
7;2025-11-24;22;297
7;2025-11-24;23;157
7;2025-11-25;0;58
7;2025-11-25;1;13
7;2025-11-25;2;0
7;2025-11-25;3;0
7;2025-11-25;4;1
7;2025-11-25;5;183
7;2025-11-25;6;606
7;2025-11-25;7;1612
7;2025-11-25;8;2469
7;2025-11-25;9;1853
7;2025-11-25;10;1706
7;2025-11-25;11;1566
7;2025-11-25;12;1759
7;2025-11-25;13;1566
7;2025-11-25;14;1714
7;2025-11-25;15;1754
7;2025-11-25;16;1863
7;2025-11-25;17;2386
7;2025-11-25;18;2586
7;2025-11-25;19;1665
7;2025-11-25;20;1050
7;2025-11-25;21;642
7;2025-11-25;22;304
7;2025-11-25;23;195
7;2025-11-26;0;58
7;2025-11-26;1;13
7;2025-11-26;2;0
7;2025-11-26;3;0
7;2025-11-26;4;1
7;2025-11-26;5;183
7;2025-11-26;6;606
7;2025-11-26;7;1612
7;2025-11-26;8;2469
7;2025-11-26;9;1853
7;2025-11-26;10;1706
7;2025-11-26;11;1566
7;2025-11-26;12;1759
7;2025-11-26;13;1566
7;2025-11-26;14;1714
7;2025-11-26;15;1754
7;2025-11-26;16;1863
7;2025-11-26;17;2386
7;2025-11-26;18;2586
7;2025-11-26;19;1665
7;2025-11-26;20;1050
7;2025-11-26;21;642
7;2025-11-26;22;304
7;2025-11-26;23;195
7;2025-11-27;0;58
7;2025-11-27;1;13
7;2025-11-27;2;0
7;2025-11-27;3;0
7;2025-11-27;4;1
7;2025-11-27;5;183
7;2025-11-27;6;606
7;2025-11-27;7;1612
7;2025-11-27;8;2469
7;2025-11-27;9;1853
7;2025-11-27;10;1706
7;2025-11-27;11;1566
7;2025-11-27;12;1759
7;2025-11-27;13;1566
7;2025-11-27;14;1714
7;2025-11-27;15;1754
7;2025-11-27;16;1863
7;2025-11-27;17;2386
7;2025-11-27;18;2586
7;2025-11-27;19;1665
7;2025-11-27;20;1050
7;2025-11-27;21;642
7;2025-11-27;22;304
7;2025-11-27;23;195
7;2025-11-28;0;75
7;2025-11-28;1;15
7;2025-11-28;2;0
7;2025-11-28;3;0
7;2025-11-28;4;2
7;2025-11-28;5;173
7;2025-11-28;6;593
7;2025-11-28;7;1461
7;2025-11-28;8;2304
7;2025-11-28;9;1746
7;2025-11-28;10;1724
7;2025-11-28;11;1577
7;2025-11-28;12;1692
7;2025-11-28;13;1670
7;2025-11-28;14;1708
7;2025-11-28;15;1903
7;2025-11-28;16;2143
7;2025-11-28;17;2303
7;2025-11-28;18;1978
7;2025-11-28;19;1388
7;2025-11-28;20;987
7;2025-11-28;21;583
7;2025-11-28;22;310
7;2025-11-28;23;238
7;2025-11-29;0;135
7;2025-11-29;1;27
7;2025-11-29;2;0
7;2025-11-29;3;0
7;2025-11-29;4;1
7;2025-11-29;5;54
7;2025-11-29;6;298
7;2025-11-29;7;326
7;2025-11-29;8;791
7;2025-11-29;9;668
7;2025-11-29;10;661
7;2025-11-29;11;699
7;2025-11-29;12;1022
7;2025-11-29;13;968
7;2025-11-29;14;913
7;2025-11-29;15;858
7;2025-11-29;16;897
7;2025-11-29;17;881
7;2025-11-29;18;792
7;2025-11-29;19;673
7;2025-11-29;20;580
7;2025-11-29;21;396
7;2025-11-29;22;224
7;2025-11-29;23;196
7;2025-11-30;0;95
7;2025-11-30;1;24
7;2025-11-30;2;0
7;2025-11-30;3;0
7;2025-11-30;4;1
7;2025-11-30;5;29
7;2025-11-30;6;131
7;2025-11-30;7;169
7;2025-11-30;8;394
7;2025-11-30;9;517
7;2025-11-30;10;388
7;2025-11-30;11;576
7;2025-11-30;12;624
7;2025-11-30;13;624
7;2025-11-30;14;647
7;2025-11-30;15;713
7;2025-11-30;16;613
7;2025-11-30;17;613
7;2025-11-30;18;667
7;2025-11-30;19;474
7;2025-11-30;20;399
7;2025-11-30;21;292
7;2025-11-30;22;150
7;2025-11-30;23;120
7;2025-12-01;0;62
7;2025-12-01;1;11
7;2025-12-01;2;0
7;2025-12-01;3;0
7;2025-12-01;4;1
7;2025-12-01;5;185
7;2025-12-01;6;592
7;2025-12-01;7;1633
7;2025-12-01;8;2722
7;2025-12-01;9;1840
7;2025-12-01;10;1642
7;2025-12-01;11;1566
7;2025-12-01;12;1579
7;2025-12-01;13;1550
7;2025-12-01;14;1541
7;2025-12-01;15;1787
7;2025-12-01;16;1817
7;2025-12-01;17;2373
7;2025-12-01;18;2608
7;2025-12-01;19;1682
7;2025-12-01;20;1103
7;2025-12-01;21;617
7;2025-12-01;22;297
7;2025-12-01;23;157
7;2025-12-02;0;58
7;2025-12-02;1;13
7;2025-12-02;2;0
7;2025-12-02;3;0
7;2025-12-02;4;1
7;2025-12-02;5;183
7;2025-12-02;6;606
7;2025-12-02;7;1612
7;2025-12-02;8;2469
7;2025-12-02;9;1853
7;2025-12-02;10;1706
7;2025-12-02;11;1566
7;2025-12-02;12;1759
7;2025-12-02;13;1566
7;2025-12-02;14;1714
7;2025-12-02;15;1754
7;2025-12-02;16;1863
7;2025-12-02;17;2386
7;2025-12-02;18;2586
7;2025-12-02;19;1665
7;2025-12-02;20;1050
7;2025-12-02;21;642
7;2025-12-02;22;304
7;2025-12-02;23;195
7;2025-12-03;0;58
7;2025-12-03;1;13
7;2025-12-03;2;0
7;2025-12-03;3;0
7;2025-12-03;4;1
7;2025-12-03;5;183
7;2025-12-03;6;606
7;2025-12-03;7;1612
7;2025-12-03;8;2469
7;2025-12-03;9;1853
7;2025-12-03;10;1706
7;2025-12-03;11;1566
7;2025-12-03;12;1759
7;2025-12-03;13;1566
7;2025-12-03;14;1714
7;2025-12-03;15;1754
7;2025-12-03;16;1863
7;2025-12-03;17;2386
7;2025-12-03;18;2586
7;2025-12-03;19;1665
7;2025-12-03;20;1050
7;2025-12-03;21;642
7;2025-12-03;22;304
7;2025-12-03;23;195
7;2025-12-04;0;58
7;2025-12-04;1;13
7;2025-12-04;2;0
7;2025-12-04;3;0
7;2025-12-04;4;1
7;2025-12-04;5;183
7;2025-12-04;6;606
7;2025-12-04;7;1612
7;2025-12-04;8;2469
7;2025-12-04;9;1853
7;2025-12-04;10;1706
7;2025-12-04;11;1566
7;2025-12-04;12;1759
7;2025-12-04;13;1566
7;2025-12-04;14;1714
7;2025-12-04;15;1754
7;2025-12-04;16;1863
7;2025-12-04;17;2386
7;2025-12-04;18;2586
7;2025-12-04;19;1665
7;2025-12-04;20;1050
7;2025-12-04;21;642
7;2025-12-04;22;304
7;2025-12-04;23;195
7;2025-12-05;0;75
7;2025-12-05;1;15
7;2025-12-05;2;0
7;2025-12-05;3;0
7;2025-12-05;4;2
7;2025-12-05;5;173
7;2025-12-05;6;593
7;2025-12-05;7;1461
7;2025-12-05;8;2304
7;2025-12-05;9;1746
7;2025-12-05;10;1724
7;2025-12-05;11;1577
7;2025-12-05;12;1692
7;2025-12-05;13;1670
7;2025-12-05;14;1708
7;2025-12-05;15;1903
7;2025-12-05;16;2143
7;2025-12-05;17;2303
7;2025-12-05;18;1978
7;2025-12-05;19;1388
7;2025-12-05;20;987
7;2025-12-05;21;583
7;2025-12-05;22;310
7;2025-12-05;23;238
7;2025-12-06;0;95
7;2025-12-06;1;25
7;2025-12-06;2;0
7;2025-12-06;3;0
7;2025-12-06;4;1
7;2025-12-06;5;60
7;2025-12-06;6;270
7;2025-12-06;7;517
7;2025-12-06;8;682
7;2025-12-06;9;785
7;2025-12-06;10;772
7;2025-12-06;11;862
7;2025-12-06;12;939
7;2025-12-06;13;1043
7;2025-12-06;14;1068
7;2025-12-06;15;1037
7;2025-12-06;16;965
7;2025-12-06;17;868
7;2025-12-06;18;1098
7;2025-12-06;19;1013
7;2025-12-06;20;756
7;2025-12-06;21;630
7;2025-12-06;22;304
7;2025-12-06;23;247
7;2025-12-07;0;108
7;2025-12-07;1;1
7;2025-12-07;2;0
7;2025-12-07;3;0
7;2025-12-07;4;1
7;2025-12-07;5;45
7;2025-12-07;6;193
7;2025-12-07;7;391
7;2025-12-07;8;642
7;2025-12-07;9;706
7;2025-12-07;10;733
7;2025-12-07;11;993
7;2025-12-07;12;873
7;2025-12-07;13;987
7;2025-12-07;14;1077
7;2025-12-07;15;1122
7;2025-12-07;16;966
7;2025-12-07;17;931
7;2025-12-07;18;1011
7;2025-12-07;19;986
7;2025-12-07;20;763
7;2025-12-07;21;561
7;2025-12-07;22;307
7;2025-12-07;23;203
7;2025-12-08;0;62
7;2025-12-08;1;11
7;2025-12-08;2;0
7;2025-12-08;3;0
7;2025-12-08;4;1
7;2025-12-08;5;185
7;2025-12-08;6;592
7;2025-12-08;7;1633
7;2025-12-08;8;2722
7;2025-12-08;9;1840
7;2025-12-08;10;1642
7;2025-12-08;11;1566
7;2025-12-08;12;1579
7;2025-12-08;13;1550
7;2025-12-08;14;1541
7;2025-12-08;15;1787
7;2025-12-08;16;1817
7;2025-12-08;17;2373
7;2025-12-08;18;2608
7;2025-12-08;19;1682
7;2025-12-08;20;1103
7;2025-12-08;21;617
7;2025-12-08;22;297
7;2025-12-08;23;157
7;2025-12-09;0;58
7;2025-12-09;1;13
7;2025-12-09;2;0
7;2025-12-09;3;0
7;2025-12-09;4;1
7;2025-12-09;5;183
7;2025-12-09;6;606
7;2025-12-09;7;1612
7;2025-12-09;8;2469
7;2025-12-09;9;1853
7;2025-12-09;10;1706
7;2025-12-09;11;1566
7;2025-12-09;12;1759
7;2025-12-09;13;1566
7;2025-12-09;14;1714
7;2025-12-09;15;1754
7;2025-12-09;16;1863
7;2025-12-09;17;2386
7;2025-12-09;18;2586
7;2025-12-09;19;1665
7;2025-12-09;20;1050
7;2025-12-09;21;642
7;2025-12-09;22;304
7;2025-12-09;23;195
7;2025-12-10;0;58
7;2025-12-10;1;13
7;2025-12-10;2;0
7;2025-12-10;3;0
7;2025-12-10;4;1
7;2025-12-10;5;183
7;2025-12-10;6;606
7;2025-12-10;7;1612
7;2025-12-10;8;2469
7;2025-12-10;9;1853
7;2025-12-10;10;1706
7;2025-12-10;11;1566
7;2025-12-10;12;1759
7;2025-12-10;13;1566
7;2025-12-10;14;1714
7;2025-12-10;15;1754
7;2025-12-10;16;1863
7;2025-12-10;17;2386
7;2025-12-10;18;2586
7;2025-12-10;19;1665
7;2025-12-10;20;1050
7;2025-12-10;21;642
7;2025-12-10;22;304
7;2025-12-10;23;195
7;2025-12-11;0;58
7;2025-12-11;1;13
7;2025-12-11;2;0
7;2025-12-11;3;0
7;2025-12-11;4;1
7;2025-12-11;5;183
7;2025-12-11;6;606
7;2025-12-11;7;1612
7;2025-12-11;8;2469
7;2025-12-11;9;1853
7;2025-12-11;10;1706
7;2025-12-11;11;1566
7;2025-12-11;12;1759
7;2025-12-11;13;1566
7;2025-12-11;14;1714
7;2025-12-11;15;1754
7;2025-12-11;16;1863
7;2025-12-11;17;2386
7;2025-12-11;18;2586
7;2025-12-11;19;1665
7;2025-12-11;20;1050
7;2025-12-11;21;642
7;2025-12-11;22;304
7;2025-12-11;23;195
7;2025-12-12;0;75
7;2025-12-12;1;15
7;2025-12-12;2;0
7;2025-12-12;3;0
7;2025-12-12;4;2
7;2025-12-12;5;173
7;2025-12-12;6;593
7;2025-12-12;7;1461
7;2025-12-12;8;2304
7;2025-12-12;9;1746
7;2025-12-12;10;1724
7;2025-12-12;11;1577
7;2025-12-12;12;1692
7;2025-12-12;13;1670
7;2025-12-12;14;1708
7;2025-12-12;15;1903
7;2025-12-12;16;2143
7;2025-12-12;17;2303
7;2025-12-12;18;1978
7;2025-12-12;19;1388
7;2025-12-12;20;987
7;2025-12-12;21;583
7;2025-12-12;22;310
7;2025-12-12;23;238
7;2025-12-13;0;95
7;2025-12-13;1;25
7;2025-12-13;2;0
7;2025-12-13;3;0
7;2025-12-13;4;1
7;2025-12-13;5;60
7;2025-12-13;6;270
7;2025-12-13;7;517
7;2025-12-13;8;682
7;2025-12-13;9;785
7;2025-12-13;10;772
7;2025-12-13;11;862
7;2025-12-13;12;939
7;2025-12-13;13;1043
7;2025-12-13;14;1068
7;2025-12-13;15;1037
7;2025-12-13;16;965
7;2025-12-13;17;868
7;2025-12-13;18;1098
7;2025-12-13;19;1013
7;2025-12-13;20;756
7;2025-12-13;21;630
7;2025-12-13;22;304
7;2025-12-13;23;247
7;2025-12-14;0;108
7;2025-12-14;1;1
7;2025-12-14;2;0
7;2025-12-14;3;0
7;2025-12-14;4;1
7;2025-12-14;5;45
7;2025-12-14;6;193
7;2025-12-14;7;391
7;2025-12-14;8;642
7;2025-12-14;9;706
7;2025-12-14;10;733
7;2025-12-14;11;993
7;2025-12-14;12;873
7;2025-12-14;13;987
7;2025-12-14;14;1077
7;2025-12-14;15;1122
7;2025-12-14;16;966
7;2025-12-14;17;931
7;2025-12-14;18;1011
7;2025-12-14;19;986
7;2025-12-14;20;763
7;2025-12-14;21;561
7;2025-12-14;22;307
7;2025-12-14;23;203
7;2025-12-15;0;62
7;2025-12-15;1;11
7;2025-12-15;2;0
7;2025-12-15;3;0
7;2025-12-15;4;1
7;2025-12-15;5;185
7;2025-12-15;6;592
7;2025-12-15;7;1633
7;2025-12-15;8;2722
7;2025-12-15;9;1840
7;2025-12-15;10;1642
7;2025-12-15;11;1566
7;2025-12-15;12;1579
7;2025-12-15;13;1550
7;2025-12-15;14;1541
7;2025-12-15;15;1787
7;2025-12-15;16;1817
7;2025-12-15;17;2373
7;2025-12-15;18;2608
7;2025-12-15;19;1682
7;2025-12-15;20;1103
7;2025-12-15;21;617
7;2025-12-15;22;297
7;2025-12-15;23;157
7;2025-12-16;0;58
7;2025-12-16;1;13
7;2025-12-16;2;0
7;2025-12-16;3;0
7;2025-12-16;4;1
7;2025-12-16;5;183
7;2025-12-16;6;606
7;2025-12-16;7;1612
7;2025-12-16;8;2469
7;2025-12-16;9;1853
7;2025-12-16;10;1706
7;2025-12-16;11;1566
7;2025-12-16;12;1759
7;2025-12-16;13;1566
7;2025-12-16;14;1714
7;2025-12-16;15;1754
7;2025-12-16;16;1863
7;2025-12-16;17;2386
7;2025-12-16;18;2586
7;2025-12-16;19;1665
7;2025-12-16;20;1050
7;2025-12-16;21;642
7;2025-12-16;22;304
7;2025-12-16;23;195
7;2025-12-17;0;58
7;2025-12-17;1;13
7;2025-12-17;2;0
7;2025-12-17;3;0
7;2025-12-17;4;1
7;2025-12-17;5;183
7;2025-12-17;6;606
7;2025-12-17;7;1612
7;2025-12-17;8;2469
7;2025-12-17;9;1853
7;2025-12-17;10;1706
7;2025-12-17;11;1566
7;2025-12-17;12;1759
7;2025-12-17;13;1566
7;2025-12-17;14;1714
7;2025-12-17;15;1754
7;2025-12-17;16;1863
7;2025-12-17;17;2386
7;2025-12-17;18;2586
7;2025-12-17;19;1665
7;2025-12-17;20;1050
7;2025-12-17;21;642
7;2025-12-17;22;304
7;2025-12-17;23;195
7;2025-12-18;0;58
7;2025-12-18;1;13
7;2025-12-18;2;0
7;2025-12-18;3;0
7;2025-12-18;4;1
7;2025-12-18;5;183
7;2025-12-18;6;606
7;2025-12-18;7;1612
7;2025-12-18;8;2469
7;2025-12-18;9;1853
7;2025-12-18;10;1706
7;2025-12-18;11;1566
7;2025-12-18;12;1759
7;2025-12-18;13;1566
7;2025-12-18;14;1714
7;2025-12-18;15;1754
7;2025-12-18;16;1863
7;2025-12-18;17;2386
7;2025-12-18;18;2586
7;2025-12-18;19;1665
7;2025-12-18;20;1050
7;2025-12-18;21;642
7;2025-12-18;22;304
7;2025-12-18;23;195
7;2025-12-19;0;75
7;2025-12-19;1;15
7;2025-12-19;2;0
7;2025-12-19;3;0
7;2025-12-19;4;2
7;2025-12-19;5;173
7;2025-12-19;6;593
7;2025-12-19;7;1461
7;2025-12-19;8;2304
7;2025-12-19;9;1746
7;2025-12-19;10;1724
7;2025-12-19;11;1577
7;2025-12-19;12;1692
7;2025-12-19;13;1670
7;2025-12-19;14;1708
7;2025-12-19;15;1903
7;2025-12-19;16;2143
7;2025-12-19;17;2303
7;2025-12-19;18;1978
7;2025-12-19;19;1388
7;2025-12-19;20;987
7;2025-12-19;21;583
7;2025-12-19;22;310
7;2025-12-19;23;238
7;2025-12-20;0;95
7;2025-12-20;1;25
7;2025-12-20;2;0
7;2025-12-20;3;0
7;2025-12-20;4;1
7;2025-12-20;5;60
7;2025-12-20;6;270
7;2025-12-20;7;517
7;2025-12-20;8;682
7;2025-12-20;9;785
7;2025-12-20;10;772
7;2025-12-20;11;862
7;2025-12-20;12;939
7;2025-12-20;13;1043
7;2025-12-20;14;1068
7;2025-12-20;15;1037
7;2025-12-20;16;965
7;2025-12-20;17;868
7;2025-12-20;18;1098
7;2025-12-20;19;1013
7;2025-12-20;20;756
7;2025-12-20;21;630
7;2025-12-20;22;304
7;2025-12-20;23;247
7;2025-12-21;0;108
7;2025-12-21;1;1
7;2025-12-21;2;0
7;2025-12-21;3;0
7;2025-12-21;4;1
7;2025-12-21;5;45
7;2025-12-21;6;193
7;2025-12-21;7;391
7;2025-12-21;8;642
7;2025-12-21;9;706
7;2025-12-21;10;733
7;2025-12-21;11;993
7;2025-12-21;12;873
7;2025-12-21;13;987
7;2025-12-21;14;1077
7;2025-12-21;15;1122
7;2025-12-21;16;966
7;2025-12-21;17;931
7;2025-12-21;18;1011
7;2025-12-21;19;986
7;2025-12-21;20;763
7;2025-12-21;21;561
7;2025-12-21;22;307
7;2025-12-21;23;203
7;2025-12-22;0;62
7;2025-12-22;1;11
7;2025-12-22;2;0
7;2025-12-22;3;0
7;2025-12-22;4;1
7;2025-12-22;5;185
7;2025-12-22;6;592
7;2025-12-22;7;1633
7;2025-12-22;8;2722
7;2025-12-22;9;1840
7;2025-12-22;10;1642
7;2025-12-22;11;1566
7;2025-12-22;12;1579
7;2025-12-22;13;1550
7;2025-12-22;14;1541
7;2025-12-22;15;1787
7;2025-12-22;16;1817
7;2025-12-22;17;2373
7;2025-12-22;18;2608
7;2025-12-22;19;1682
7;2025-12-22;20;1103
7;2025-12-22;21;617
7;2025-12-22;22;297
7;2025-12-22;23;157
7;2025-12-23;0;58
7;2025-12-23;1;13
7;2025-12-23;2;0
7;2025-12-23;3;0
7;2025-12-23;4;1
7;2025-12-23;5;183
7;2025-12-23;6;606
7;2025-12-23;7;1612
7;2025-12-23;8;2469
7;2025-12-23;9;1853
7;2025-12-23;10;1706
7;2025-12-23;11;1566
7;2025-12-23;12;1759
7;2025-12-23;13;1566
7;2025-12-23;14;1714
7;2025-12-23;15;1754
7;2025-12-23;16;1863
7;2025-12-23;17;2386
7;2025-12-23;18;2586
7;2025-12-23;19;1665
7;2025-12-23;20;1050
7;2025-12-23;21;642
7;2025-12-23;22;304
7;2025-12-23;23;195
7;2025-12-24;0;58
7;2025-12-24;1;13
7;2025-12-24;2;0
7;2025-12-24;3;0
7;2025-12-24;4;1
7;2025-12-24;5;183
7;2025-12-24;6;606
7;2025-12-24;7;1612
7;2025-12-24;8;2469
7;2025-12-24;9;1853
7;2025-12-24;10;1706
7;2025-12-24;11;1566
7;2025-12-24;12;1759
7;2025-12-24;13;1566
7;2025-12-24;14;1714
7;2025-12-24;15;1754
7;2025-12-24;16;1863
7;2025-12-24;17;2386
7;2025-12-24;18;2586
7;2025-12-24;19;1665
7;2025-12-24;20;1050
7;2025-12-24;21;642
7;2025-12-24;22;304
7;2025-12-24;23;195
7;2025-12-25;0;58
7;2025-12-25;1;13
7;2025-12-25;2;0
7;2025-12-25;3;0
7;2025-12-25;4;1
7;2025-12-25;5;183
7;2025-12-25;6;606
7;2025-12-25;7;1612
7;2025-12-25;8;2469
7;2025-12-25;9;1853
7;2025-12-25;10;1706
7;2025-12-25;11;1566
7;2025-12-25;12;1759
7;2025-12-25;13;1566
7;2025-12-25;14;1714
7;2025-12-25;15;1754
7;2025-12-25;16;1863
7;2025-12-25;17;2386
7;2025-12-25;18;2586
7;2025-12-25;19;1665
7;2025-12-25;20;1050
7;2025-12-25;21;642
7;2025-12-25;22;304
7;2025-12-25;23;195
7;2025-12-26;0;75
7;2025-12-26;1;15
7;2025-12-26;2;0
7;2025-12-26;3;0
7;2025-12-26;4;2
7;2025-12-26;5;173
7;2025-12-26;6;593
7;2025-12-26;7;1461
7;2025-12-26;8;2304
7;2025-12-26;9;1746
7;2025-12-26;10;1724
7;2025-12-26;11;1577
7;2025-12-26;12;1692
7;2025-12-26;13;1670
7;2025-12-26;14;1708
7;2025-12-26;15;1903
7;2025-12-26;16;2143
7;2025-12-26;17;2303
7;2025-12-26;18;1978
7;2025-12-26;19;1388
7;2025-12-26;20;987
7;2025-12-26;21;583
7;2025-12-26;22;310
7;2025-12-26;23;238
7;2025-12-27;0;95
7;2025-12-27;1;25
7;2025-12-27;2;0
7;2025-12-27;3;0
7;2025-12-27;4;1
7;2025-12-27;5;60
7;2025-12-27;6;270
7;2025-12-27;7;517
7;2025-12-27;8;682
7;2025-12-27;9;785
7;2025-12-27;10;772
7;2025-12-27;11;862
7;2025-12-27;12;939
7;2025-12-27;13;1043
7;2025-12-27;14;1068
7;2025-12-27;15;1037
7;2025-12-27;16;965
7;2025-12-27;17;868
7;2025-12-27;18;1098
7;2025-12-27;19;1013
7;2025-12-27;20;756
7;2025-12-27;21;630
7;2025-12-27;22;304
7;2025-12-27;23;247
7;2025-12-28;0;108
7;2025-12-28;1;1
7;2025-12-28;2;0
7;2025-12-28;3;0
7;2025-12-28;4;1
7;2025-12-28;5;45
7;2025-12-28;6;193
7;2025-12-28;7;391
7;2025-12-28;8;642
7;2025-12-28;9;706
7;2025-12-28;10;733
7;2025-12-28;11;993
7;2025-12-28;12;873
7;2025-12-28;13;987
7;2025-12-28;14;1077
7;2025-12-28;15;1122
7;2025-12-28;16;966
7;2025-12-28;17;931
7;2025-12-28;18;1011
7;2025-12-28;19;986
7;2025-12-28;20;763
7;2025-12-28;21;561
7;2025-12-28;22;307
7;2025-12-28;23;203
7;2025-12-29;0;53
7;2025-12-29;1;9
7;2025-12-29;2;0
7;2025-12-29;3;0
7;2025-12-29;4;0
7;2025-12-29;5;158
7;2025-12-29;6;504
7;2025-12-29;7;1388
7;2025-12-29;8;2314
7;2025-12-29;9;1564
7;2025-12-29;10;1395
7;2025-12-29;11;1332
7;2025-12-29;12;1342
7;2025-12-29;13;1317
7;2025-12-29;14;1310
7;2025-12-29;15;1519
7;2025-12-29;16;1544
7;2025-12-29;17;2017
7;2025-12-29;18;2217
7;2025-12-29;19;1430
7;2025-12-29;20;937
7;2025-12-29;21;525
7;2025-12-29;22;252
7;2025-12-29;23;133
7;2025-12-30;0;49
7;2025-12-30;1;11
7;2025-12-30;2;0
7;2025-12-30;3;0
7;2025-12-30;4;1
7;2025-12-30;5;155
7;2025-12-30;6;515
7;2025-12-30;7;1370
7;2025-12-30;8;2098
7;2025-12-30;9;1575
7;2025-12-30;10;1450
7;2025-12-30;11;1331
7;2025-12-30;12;1495
7;2025-12-30;13;1331
7;2025-12-30;14;1457
7;2025-12-30;15;1491
7;2025-12-30;16;1583
7;2025-12-30;17;2028
7;2025-12-30;18;2198
7;2025-12-30;19;1416
7;2025-12-30;20;892
7;2025-12-30;21;545
7;2025-12-30;22;258
7;2025-12-30;23;165
7;2025-12-31;0;92
7;2025-12-31;1;1
7;2025-12-31;2;0
7;2025-12-31;3;0
7;2025-12-31;4;1
7;2025-12-31;5;38
7;2025-12-31;6;164
7;2025-12-31;7;332
7;2025-12-31;8;546
7;2025-12-31;9;600
7;2025-12-31;10;623
7;2025-12-31;11;844
7;2025-12-31;12;742
7;2025-12-31;13;839
7;2025-12-31;14;916
7;2025-12-31;15;954
7;2025-12-31;16;821
7;2025-12-31;17;792
7;2025-12-31;18;859
7;2025-12-31;19;838
7;2025-12-31;20;648
7;2025-12-31;21;477
7;2025-12-31;22;261
7;2025-12-31;23;172
11;2025-11-01;0;108
11;2025-11-01;1;1
11;2025-11-01;2;0
11;2025-11-01;3;0
11;2025-11-01;4;0
11;2025-11-01;5;213
11;2025-11-01;6;1129
11;2025-11-01;7;2041
11;2025-11-01;8;2737
11;2025-11-01;9;1920
11;2025-11-01;10;1651
11;2025-11-01;11;1489
11;2025-11-01;12;1647
11;2025-11-01;13;1566
11;2025-11-01;14;1739
11;2025-11-01;15;1752
11;2025-11-01;16;1956
11;2025-11-01;17;2399
11;2025-11-01;18;2060
11;2025-11-01;19;1553
11;2025-11-01;20;1125
11;2025-11-01;21;711
11;2025-11-01;22;302
11;2025-11-01;23;285
11;2025-11-02;0;104
11;2025-11-02;1;13
11;2025-11-02;2;0
11;2025-11-02;3;0
11;2025-11-02;4;0
11;2025-11-02;5;103
11;2025-11-02;6;460
11;2025-11-02;7;456
11;2025-11-02;8;656
11;2025-11-02;9;904
11;2025-11-02;10;988
11;2025-11-02;11;1447
11;2025-11-02;12;1510
11;2025-11-02;13;1402
11;2025-11-02;14;1561
11;2025-11-02;15;1512
11;2025-11-02;16;1457
11;2025-11-02;17;1608
11;2025-11-02;18;1178
11;2025-11-02;19;907
11;2025-11-02;20;740
11;2025-11-02;21;550
11;2025-11-02;22;321
11;2025-11-02;23;217
11;2025-11-03;0;104
11;2025-11-03;1;13
11;2025-11-03;2;0
11;2025-11-03;3;0
11;2025-11-03;4;0
11;2025-11-03;5;103
11;2025-11-03;6;460
11;2025-11-03;7;456
11;2025-11-03;8;656
11;2025-11-03;9;904
11;2025-11-03;10;988
11;2025-11-03;11;1447
11;2025-11-03;12;1510
11;2025-11-03;13;1402
11;2025-11-03;14;1561
11;2025-11-03;15;1512
11;2025-11-03;16;1457
11;2025-11-03;17;1608
11;2025-11-03;18;1178
11;2025-11-03;19;907
11;2025-11-03;20;740
11;2025-11-03;21;550
11;2025-11-03;22;321
11;2025-11-03;23;217
11;2025-11-04;0;104
11;2025-11-04;1;13
11;2025-11-04;2;0
11;2025-11-04;3;0
11;2025-11-04;4;0
11;2025-11-04;5;103
11;2025-11-04;6;460
11;2025-11-04;7;456
11;2025-11-04;8;656
11;2025-11-04;9;904
11;2025-11-04;10;988
11;2025-11-04;11;1447
11;2025-11-04;12;1510
11;2025-11-04;13;1402
11;2025-11-04;14;1561
11;2025-11-04;15;1512
11;2025-11-04;16;1457
11;2025-11-04;17;1608
11;2025-11-04;18;1178
11;2025-11-04;19;907
11;2025-11-04;20;740
11;2025-11-04;21;550
11;2025-11-04;22;321
11;2025-11-04;23;217
11;2025-11-05;0;55
11;2025-11-05;1;0
11;2025-11-05;2;0
11;2025-11-05;3;0
11;2025-11-05;4;0
11;2025-11-05;5;240
11;2025-11-05;6;1326
11;2025-11-05;7;2563
11;2025-11-05;8;3304
11;2025-11-05;9;2518
11;2025-11-05;10;2105
11;2025-11-05;11;2031
11;2025-11-05;12;2068
11;2025-11-05;13;2095
11;2025-11-05;14;2175
11;2025-11-05;15;1958
11;2025-11-05;16;2208
11;2025-11-05;17;2819
11;2025-11-05;18;3180
11;2025-11-05;19;2352
11;2025-11-05;20;1477
11;2025-11-05;21;823
11;2025-11-05;22;391
11;2025-11-05;23;240
11;2025-11-06;0;55
11;2025-11-06;1;0
11;2025-11-06;2;0
11;2025-11-06;3;0
11;2025-11-06;4;0
11;2025-11-06;5;240
11;2025-11-06;6;1326
11;2025-11-06;7;2563
11;2025-11-06;8;3304
11;2025-11-06;9;2518
11;2025-11-06;10;2105
11;2025-11-06;11;2031
11;2025-11-06;12;2068
11;2025-11-06;13;2095
11;2025-11-06;14;2175
11;2025-11-06;15;1958
11;2025-11-06;16;2208
11;2025-11-06;17;2819
11;2025-11-06;18;3180
11;2025-11-06;19;2352
11;2025-11-06;20;1477
11;2025-11-06;21;823
11;2025-11-06;22;391
11;2025-11-06;23;240
11;2025-11-07;0;66
11;2025-11-07;1;1
11;2025-11-07;2;0
11;2025-11-07;3;0
11;2025-11-07;4;0
11;2025-11-07;5;246
11;2025-11-07;6;1305
11;2025-11-07;7;2358
11;2025-11-07;8;3163
11;2025-11-07;9;2219
11;2025-11-07;10;1907
11;2025-11-07;11;1721
11;2025-11-07;12;1903
11;2025-11-07;13;1810
11;2025-11-07;14;2010
11;2025-11-07;15;2025
11;2025-11-07;16;2260
11;2025-11-07;17;2773
11;2025-11-07;18;2381
11;2025-11-07;19;1795
11;2025-11-07;20;1300
11;2025-11-07;21;822
11;2025-11-07;22;349
11;2025-11-07;23;329
11;2025-11-08;0;106
11;2025-11-08;1;0
11;2025-11-08;2;0
11;2025-11-08;3;0
11;2025-11-08;4;0
11;2025-11-08;5;170
11;2025-11-08;6;826
11;2025-11-08;7;766
11;2025-11-08;8;1033
11;2025-11-08;9;1173
11;2025-11-08;10;1372
11;2025-11-08;11;1712
11;2025-11-08;12;1978
11;2025-11-08;13;1794
11;2025-11-08;14;2049
11;2025-11-08;15;1931
11;2025-11-08;16;1785
11;2025-11-08;17;1876
11;2025-11-08;18;1503
11;2025-11-08;19;1483
11;2025-11-08;20;968
11;2025-11-08;21;705
11;2025-11-08;22;404
11;2025-11-08;23;289
11;2025-11-09;0;104
11;2025-11-09;1;13
11;2025-11-09;2;0
11;2025-11-09;3;0
11;2025-11-09;4;0
11;2025-11-09;5;103
11;2025-11-09;6;460
11;2025-11-09;7;456
11;2025-11-09;8;656
11;2025-11-09;9;904
11;2025-11-09;10;988
11;2025-11-09;11;1447
11;2025-11-09;12;1510
11;2025-11-09;13;1402
11;2025-11-09;14;1561
11;2025-11-09;15;1512
11;2025-11-09;16;1457
11;2025-11-09;17;1608
11;2025-11-09;18;1178
11;2025-11-09;19;907
11;2025-11-09;20;740
11;2025-11-09;21;550
11;2025-11-09;22;321
11;2025-11-09;23;217
11;2025-11-10;0;77
11;2025-11-10;1;12
11;2025-11-10;2;0
11;2025-11-10;3;0
11;2025-11-10;4;1
11;2025-11-10;5;244
11;2025-11-10;6;1379
11;2025-11-10;7;2469
11;2025-11-10;8;3172
11;2025-11-10;9;2428
11;2025-11-10;10;1901
11;2025-11-10;11;1918
11;2025-11-10;12;1840
11;2025-11-10;13;1916
11;2025-11-10;14;2053
11;2025-11-10;15;2118
11;2025-11-10;16;2276
11;2025-11-10;17;2862
11;2025-11-10;18;3002
11;2025-11-10;19;2174
11;2025-11-10;20;1165
11;2025-11-10;21;763
11;2025-11-10;22;324
11;2025-11-10;23;218
11;2025-11-11;0;55
11;2025-11-11;1;0
11;2025-11-11;2;0
11;2025-11-11;3;0
11;2025-11-11;4;0
11;2025-11-11;5;240
11;2025-11-11;6;1326
11;2025-11-11;7;2563
11;2025-11-11;8;3304
11;2025-11-11;9;2518
11;2025-11-11;10;2105
11;2025-11-11;11;2031
11;2025-11-11;12;2068
11;2025-11-11;13;2095
11;2025-11-11;14;2175
11;2025-11-11;15;1958
11;2025-11-11;16;2208
11;2025-11-11;17;2819
11;2025-11-11;18;3180
11;2025-11-11;19;2352
11;2025-11-11;20;1477
11;2025-11-11;21;823
11;2025-11-11;22;391
11;2025-11-11;23;240
11;2025-11-12;0;55
11;2025-11-12;1;0
11;2025-11-12;2;0
11;2025-11-12;3;0
11;2025-11-12;4;0
11;2025-11-12;5;240
11;2025-11-12;6;1326
11;2025-11-12;7;2563
11;2025-11-12;8;3304
11;2025-11-12;9;2518
11;2025-11-12;10;2105
11;2025-11-12;11;2031
11;2025-11-12;12;2068
11;2025-11-12;13;2095
11;2025-11-12;14;2175
11;2025-11-12;15;1958
11;2025-11-12;16;2208
11;2025-11-12;17;2819
11;2025-11-12;18;3180
11;2025-11-12;19;2352
11;2025-11-12;20;1477
11;2025-11-12;21;823
11;2025-11-12;22;391
11;2025-11-12;23;240
11;2025-11-13;0;55
11;2025-11-13;1;0
11;2025-11-13;2;0
11;2025-11-13;3;0
11;2025-11-13;4;0
11;2025-11-13;5;240
11;2025-11-13;6;1326
11;2025-11-13;7;2563
11;2025-11-13;8;3304
11;2025-11-13;9;2518
11;2025-11-13;10;2105
11;2025-11-13;11;2031
11;2025-11-13;12;2068
11;2025-11-13;13;2095
11;2025-11-13;14;2175
11;2025-11-13;15;1958
11;2025-11-13;16;2208
11;2025-11-13;17;2819
11;2025-11-13;18;3180
11;2025-11-13;19;2352
11;2025-11-13;20;1477
11;2025-11-13;21;823
11;2025-11-13;22;391
11;2025-11-13;23;240
11;2025-11-14;0;66
11;2025-11-14;1;1
11;2025-11-14;2;0
11;2025-11-14;3;0
11;2025-11-14;4;0
11;2025-11-14;5;246
11;2025-11-14;6;1305
11;2025-11-14;7;2358
11;2025-11-14;8;3163
11;2025-11-14;9;2219
11;2025-11-14;10;1907
11;2025-11-14;11;1721
11;2025-11-14;12;1903
11;2025-11-14;13;1810
11;2025-11-14;14;2010
11;2025-11-14;15;2025
11;2025-11-14;16;2260
11;2025-11-14;17;2773
11;2025-11-14;18;2381
11;2025-11-14;19;1795
11;2025-11-14;20;1300
11;2025-11-14;21;822
11;2025-11-14;22;349
11;2025-11-14;23;329
11;2025-11-15;0;106
11;2025-11-15;1;0
11;2025-11-15;2;0
11;2025-11-15;3;0
11;2025-11-15;4;0
11;2025-11-15;5;170
11;2025-11-15;6;826
11;2025-11-15;7;766
11;2025-11-15;8;1033
11;2025-11-15;9;1173
11;2025-11-15;10;1372
11;2025-11-15;11;1712
11;2025-11-15;12;1978
11;2025-11-15;13;1794
11;2025-11-15;14;2049
11;2025-11-15;15;1931
11;2025-11-15;16;1785
11;2025-11-15;17;1876
11;2025-11-15;18;1503
11;2025-11-15;19;1483
11;2025-11-15;20;968
11;2025-11-15;21;705
11;2025-11-15;22;404
11;2025-11-15;23;289
11;2025-11-16;0;104
11;2025-11-16;1;13
11;2025-11-16;2;0
11;2025-11-16;3;0
11;2025-11-16;4;0
11;2025-11-16;5;103
11;2025-11-16;6;460
11;2025-11-16;7;456
11;2025-11-16;8;656
11;2025-11-16;9;904
11;2025-11-16;10;988
11;2025-11-16;11;1447
11;2025-11-16;12;1510
11;2025-11-16;13;1402
11;2025-11-16;14;1561
11;2025-11-16;15;1512
11;2025-11-16;16;1457
11;2025-11-16;17;1608
11;2025-11-16;18;1178
11;2025-11-16;19;907
11;2025-11-16;20;740
11;2025-11-16;21;550
11;2025-11-16;22;321
11;2025-11-16;23;217
11;2025-11-17;0;77
11;2025-11-17;1;12
11;2025-11-17;2;0
11;2025-11-17;3;0
11;2025-11-17;4;1
11;2025-11-17;5;244
11;2025-11-17;6;1379
11;2025-11-17;7;2469
11;2025-11-17;8;3172
11;2025-11-17;9;2428
11;2025-11-17;10;1901
11;2025-11-17;11;1918
11;2025-11-17;12;1840
11;2025-11-17;13;1916
11;2025-11-17;14;2053
11;2025-11-17;15;2118
11;2025-11-17;16;2276
11;2025-11-17;17;2862
11;2025-11-17;18;3002
11;2025-11-17;19;2174
11;2025-11-17;20;1165
11;2025-11-17;21;763
11;2025-11-17;22;324
11;2025-11-17;23;218
11;2025-11-18;0;55
11;2025-11-18;1;0
11;2025-11-18;2;0
11;2025-11-18;3;0
11;2025-11-18;4;0
11;2025-11-18;5;240
11;2025-11-18;6;1326
11;2025-11-18;7;2563
11;2025-11-18;8;3304
11;2025-11-18;9;2518
11;2025-11-18;10;2105
11;2025-11-18;11;2031
11;2025-11-18;12;2068
11;2025-11-18;13;2095
11;2025-11-18;14;2175
11;2025-11-18;15;1958
11;2025-11-18;16;2208
11;2025-11-18;17;2819
11;2025-11-18;18;3180
11;2025-11-18;19;2352
11;2025-11-18;20;1477
11;2025-11-18;21;823
11;2025-11-18;22;391
11;2025-11-18;23;240
11;2025-11-19;0;55
11;2025-11-19;1;0
11;2025-11-19;2;0
11;2025-11-19;3;0
11;2025-11-19;4;0
11;2025-11-19;5;240
11;2025-11-19;6;1326
11;2025-11-19;7;2563
11;2025-11-19;8;3304
11;2025-11-19;9;2518
11;2025-11-19;10;2105
11;2025-11-19;11;2031
11;2025-11-19;12;2068
11;2025-11-19;13;2095
11;2025-11-19;14;2175
11;2025-11-19;15;1958
11;2025-11-19;16;2208
11;2025-11-19;17;2819
11;2025-11-19;18;3180
11;2025-11-19;19;2352
11;2025-11-19;20;1477
11;2025-11-19;21;823
11;2025-11-19;22;391
11;2025-11-19;23;240
11;2025-11-20;0;55
11;2025-11-20;1;0
11;2025-11-20;2;0
11;2025-11-20;3;0
11;2025-11-20;4;0
11;2025-11-20;5;240
11;2025-11-20;6;1326
11;2025-11-20;7;2563
11;2025-11-20;8;3304
11;2025-11-20;9;2518
11;2025-11-20;10;2105
11;2025-11-20;11;2031
11;2025-11-20;12;2068
11;2025-11-20;13;2095
11;2025-11-20;14;2175
11;2025-11-20;15;1958
11;2025-11-20;16;2208
11;2025-11-20;17;2819
11;2025-11-20;18;3180
11;2025-11-20;19;2352
11;2025-11-20;20;1477
11;2025-11-20;21;823
11;2025-11-20;22;391
11;2025-11-20;23;240
11;2025-11-21;0;66
11;2025-11-21;1;1
11;2025-11-21;2;0
11;2025-11-21;3;0
11;2025-11-21;4;0
11;2025-11-21;5;246
11;2025-11-21;6;1305
11;2025-11-21;7;2358
11;2025-11-21;8;3163
11;2025-11-21;9;2219
11;2025-11-21;10;1907
11;2025-11-21;11;1721
11;2025-11-21;12;1903
11;2025-11-21;13;1810
11;2025-11-21;14;2010
11;2025-11-21;15;2025
11;2025-11-21;16;2260
11;2025-11-21;17;2773
11;2025-11-21;18;2381
11;2025-11-21;19;1795
11;2025-11-21;20;1300
11;2025-11-21;21;822
11;2025-11-21;22;349
11;2025-11-21;23;329
11;2025-11-22;0;106
11;2025-11-22;1;0
11;2025-11-22;2;0
11;2025-11-22;3;0
11;2025-11-22;4;0
11;2025-11-22;5;170
11;2025-11-22;6;826
11;2025-11-22;7;766
11;2025-11-22;8;1033
11;2025-11-22;9;1173
11;2025-11-22;10;1372
11;2025-11-22;11;1712
11;2025-11-22;12;1978
11;2025-11-22;13;1794
11;2025-11-22;14;2049
11;2025-11-22;15;1931
11;2025-11-22;16;1785
11;2025-11-22;17;1876
11;2025-11-22;18;1503
11;2025-11-22;19;1483
11;2025-11-22;20;968
11;2025-11-22;21;705
11;2025-11-22;22;404
11;2025-11-22;23;289
11;2025-11-23;0;104
11;2025-11-23;1;13
11;2025-11-23;2;0
11;2025-11-23;3;0
11;2025-11-23;4;0
11;2025-11-23;5;103
11;2025-11-23;6;460
11;2025-11-23;7;456
11;2025-11-23;8;656
11;2025-11-23;9;904
11;2025-11-23;10;988
11;2025-11-23;11;1447
11;2025-11-23;12;1510
11;2025-11-23;13;1402
11;2025-11-23;14;1561
11;2025-11-23;15;1512
11;2025-11-23;16;1457
11;2025-11-23;17;1608
11;2025-11-23;18;1178
11;2025-11-23;19;907
11;2025-11-23;20;740
11;2025-11-23;21;550
11;2025-11-23;22;321
11;2025-11-23;23;217
11;2025-11-24;0;77
11;2025-11-24;1;12
11;2025-11-24;2;0
11;2025-11-24;3;0
11;2025-11-24;4;1
11;2025-11-24;5;244
11;2025-11-24;6;1379
11;2025-11-24;7;2469
11;2025-11-24;8;3172
11;2025-11-24;9;2428
11;2025-11-24;10;1901
11;2025-11-24;11;1918
11;2025-11-24;12;1840
11;2025-11-24;13;1916
11;2025-11-24;14;2053
11;2025-11-24;15;2118
11;2025-11-24;16;2276
11;2025-11-24;17;2862
11;2025-11-24;18;3002
11;2025-11-24;19;2174
11;2025-11-24;20;1165
11;2025-11-24;21;763
11;2025-11-24;22;324
11;2025-11-24;23;218
11;2025-11-25;0;55
11;2025-11-25;1;0
11;2025-11-25;2;0
11;2025-11-25;3;0
11;2025-11-25;4;0
11;2025-11-25;5;240
11;2025-11-25;6;1326
11;2025-11-25;7;2563
11;2025-11-25;8;3304
11;2025-11-25;9;2518
11;2025-11-25;10;2105
11;2025-11-25;11;2031
11;2025-11-25;12;2068
11;2025-11-25;13;2095
11;2025-11-25;14;2175
11;2025-11-25;15;1958
11;2025-11-25;16;2208
11;2025-11-25;17;2819
11;2025-11-25;18;3180
11;2025-11-25;19;2352
11;2025-11-25;20;1477
11;2025-11-25;21;823
11;2025-11-25;22;391
11;2025-11-25;23;240
11;2025-11-26;0;55
11;2025-11-26;1;0
11;2025-11-26;2;0
11;2025-11-26;3;0
11;2025-11-26;4;0
11;2025-11-26;5;240
11;2025-11-26;6;1326
11;2025-11-26;7;2563
11;2025-11-26;8;3304
11;2025-11-26;9;2518
11;2025-11-26;10;2105
11;2025-11-26;11;2031
11;2025-11-26;12;2068
11;2025-11-26;13;2095
11;2025-11-26;14;2175
11;2025-11-26;15;1958
11;2025-11-26;16;2208
11;2025-11-26;17;2819
11;2025-11-26;18;3180
11;2025-11-26;19;2352
11;2025-11-26;20;1477
11;2025-11-26;21;823
11;2025-11-26;22;391
11;2025-11-26;23;240
11;2025-11-27;0;55
11;2025-11-27;1;0
11;2025-11-27;2;0
11;2025-11-27;3;0
11;2025-11-27;4;0
11;2025-11-27;5;240
11;2025-11-27;6;1326
11;2025-11-27;7;2563
11;2025-11-27;8;3304
11;2025-11-27;9;2518
11;2025-11-27;10;2105
11;2025-11-27;11;2031
11;2025-11-27;12;2068
11;2025-11-27;13;2095
11;2025-11-27;14;2175
11;2025-11-27;15;1958
11;2025-11-27;16;2208
11;2025-11-27;17;2819
11;2025-11-27;18;3180
11;2025-11-27;19;2352
11;2025-11-27;20;1477
11;2025-11-27;21;823
11;2025-11-27;22;391
11;2025-11-27;23;240
11;2025-11-28;0;66
11;2025-11-28;1;1
11;2025-11-28;2;0
11;2025-11-28;3;0
11;2025-11-28;4;0
11;2025-11-28;5;246
11;2025-11-28;6;1305
11;2025-11-28;7;2358
11;2025-11-28;8;3163
11;2025-11-28;9;2219
11;2025-11-28;10;1907
11;2025-11-28;11;1721
11;2025-11-28;12;1903
11;2025-11-28;13;1810
11;2025-11-28;14;2010
11;2025-11-28;15;2025
11;2025-11-28;16;2260
11;2025-11-28;17;2773
11;2025-11-28;18;2381
11;2025-11-28;19;1795
11;2025-11-28;20;1300
11;2025-11-28;21;822
11;2025-11-28;22;349
11;2025-11-28;23;329
11;2025-11-29;0;106
11;2025-11-29;1;0
11;2025-11-29;2;0
11;2025-11-29;3;0
11;2025-11-29;4;0
11;2025-11-29;5;170
11;2025-11-29;6;826
11;2025-11-29;7;766
11;2025-11-29;8;1033
11;2025-11-29;9;1173
11;2025-11-29;10;1372
11;2025-11-29;11;1712
11;2025-11-29;12;1978
11;2025-11-29;13;1794
11;2025-11-29;14;2049
11;2025-11-29;15;1931
11;2025-11-29;16;1785
11;2025-11-29;17;1876
11;2025-11-29;18;1503
11;2025-11-29;19;1483
11;2025-11-29;20;968
11;2025-11-29;21;705
11;2025-11-29;22;404
11;2025-11-29;23;289
11;2025-11-30;0;104
11;2025-11-30;1;13
11;2025-11-30;2;0
11;2025-11-30;3;0
11;2025-11-30;4;0
11;2025-11-30;5;103
11;2025-11-30;6;460
11;2025-11-30;7;456
11;2025-11-30;8;656
11;2025-11-30;9;904
11;2025-11-30;10;988
11;2025-11-30;11;1447
11;2025-11-30;12;1510
11;2025-11-30;13;1402
11;2025-11-30;14;1561
11;2025-11-30;15;1512
11;2025-11-30;16;1457
11;2025-11-30;17;1608
11;2025-11-30;18;1178
11;2025-11-30;19;907
11;2025-11-30;20;740
11;2025-11-30;21;550
11;2025-11-30;22;321
11;2025-11-30;23;217
11;2025-12-01;0;77
11;2025-12-01;1;12
11;2025-12-01;2;0
11;2025-12-01;3;0
11;2025-12-01;4;1
11;2025-12-01;5;244
11;2025-12-01;6;1379
11;2025-12-01;7;2469
11;2025-12-01;8;3172
11;2025-12-01;9;2428
11;2025-12-01;10;1901
11;2025-12-01;11;1918
11;2025-12-01;12;1840
11;2025-12-01;13;1916
11;2025-12-01;14;2053
11;2025-12-01;15;2118
11;2025-12-01;16;2276
11;2025-12-01;17;2862
11;2025-12-01;18;3002
11;2025-12-01;19;2174
11;2025-12-01;20;1165
11;2025-12-01;21;763
11;2025-12-01;22;324
11;2025-12-01;23;218
11;2025-12-02;0;55
11;2025-12-02;1;0
11;2025-12-02;2;0
11;2025-12-02;3;0
11;2025-12-02;4;0
11;2025-12-02;5;240
11;2025-12-02;6;1326
11;2025-12-02;7;2563
11;2025-12-02;8;3304
11;2025-12-02;9;2518
11;2025-12-02;10;2105
11;2025-12-02;11;2031
11;2025-12-02;12;2068
11;2025-12-02;13;2095
11;2025-12-02;14;2175
11;2025-12-02;15;1958
11;2025-12-02;16;2208
11;2025-12-02;17;2819
11;2025-12-02;18;3180
11;2025-12-02;19;2352
11;2025-12-02;20;1477
11;2025-12-02;21;823
11;2025-12-02;22;391
11;2025-12-02;23;240
11;2025-12-03;0;55
11;2025-12-03;1;0
11;2025-12-03;2;0
11;2025-12-03;3;0
11;2025-12-03;4;0
11;2025-12-03;5;240
11;2025-12-03;6;1326
11;2025-12-03;7;2563
11;2025-12-03;8;3304
11;2025-12-03;9;2518
11;2025-12-03;10;2105
11;2025-12-03;11;2031
11;2025-12-03;12;2068
11;2025-12-03;13;2095
11;2025-12-03;14;2175
11;2025-12-03;15;1958
11;2025-12-03;16;2208
11;2025-12-03;17;2819
11;2025-12-03;18;3180
11;2025-12-03;19;2352
11;2025-12-03;20;1477
11;2025-12-03;21;823
11;2025-12-03;22;391
11;2025-12-03;23;240
11;2025-12-04;0;55
11;2025-12-04;1;0
11;2025-12-04;2;0
11;2025-12-04;3;0
11;2025-12-04;4;0
11;2025-12-04;5;240
11;2025-12-04;6;1326
11;2025-12-04;7;2563
11;2025-12-04;8;3304
11;2025-12-04;9;2518
11;2025-12-04;10;2105
11;2025-12-04;11;2031
11;2025-12-04;12;2068
11;2025-12-04;13;2095
11;2025-12-04;14;2175
11;2025-12-04;15;1958
11;2025-12-04;16;2208
11;2025-12-04;17;2819
11;2025-12-04;18;3180
11;2025-12-04;19;2352
11;2025-12-04;20;1477
11;2025-12-04;21;823
11;2025-12-04;22;391
11;2025-12-04;23;240
11;2025-12-05;0;66
11;2025-12-05;1;1
11;2025-12-05;2;0
11;2025-12-05;3;0
11;2025-12-05;4;0
11;2025-12-05;5;246
11;2025-12-05;6;1305
11;2025-12-05;7;2358
11;2025-12-05;8;3163
11;2025-12-05;9;2219
11;2025-12-05;10;1907
11;2025-12-05;11;1721
11;2025-12-05;12;1903
11;2025-12-05;13;1810
11;2025-12-05;14;2010
11;2025-12-05;15;2025
11;2025-12-05;16;2260
11;2025-12-05;17;2773
11;2025-12-05;18;2381
11;2025-12-05;19;1795
11;2025-12-05;20;1300
11;2025-12-05;21;822
11;2025-12-05;22;349
11;2025-12-05;23;329
11;2025-12-06;0;106
11;2025-12-06;1;0
11;2025-12-06;2;0
11;2025-12-06;3;0
11;2025-12-06;4;0
11;2025-12-06;5;170
11;2025-12-06;6;826
11;2025-12-06;7;766
11;2025-12-06;8;1033
11;2025-12-06;9;1173
11;2025-12-06;10;1372
11;2025-12-06;11;1712
11;2025-12-06;12;1978
11;2025-12-06;13;1794
11;2025-12-06;14;2049
11;2025-12-06;15;1931
11;2025-12-06;16;1785
11;2025-12-06;17;1876
11;2025-12-06;18;1503
11;2025-12-06;19;1483
11;2025-12-06;20;968
11;2025-12-06;21;705
11;2025-12-06;22;404
11;2025-12-06;23;289
11;2025-12-07;0;104
11;2025-12-07;1;13
11;2025-12-07;2;0
11;2025-12-07;3;0
11;2025-12-07;4;0
11;2025-12-07;5;103
11;2025-12-07;6;460
11;2025-12-07;7;456
11;2025-12-07;8;656
11;2025-12-07;9;904
11;2025-12-07;10;988
11;2025-12-07;11;1447
11;2025-12-07;12;1510
11;2025-12-07;13;1402
11;2025-12-07;14;1561
11;2025-12-07;15;1512
11;2025-12-07;16;1457
11;2025-12-07;17;1608
11;2025-12-07;18;1178
11;2025-12-07;19;907
11;2025-12-07;20;740
11;2025-12-07;21;550
11;2025-12-07;22;321
11;2025-12-07;23;217
11;2025-12-08;0;77
11;2025-12-08;1;12
11;2025-12-08;2;0
11;2025-12-08;3;0
11;2025-12-08;4;1
11;2025-12-08;5;244
11;2025-12-08;6;1379
11;2025-12-08;7;2469
11;2025-12-08;8;3172
11;2025-12-08;9;2428
11;2025-12-08;10;1901
11;2025-12-08;11;1918
11;2025-12-08;12;1840
11;2025-12-08;13;1916
11;2025-12-08;14;2053
11;2025-12-08;15;2118
11;2025-12-08;16;2276
11;2025-12-08;17;2862
11;2025-12-08;18;3002
11;2025-12-08;19;2174
11;2025-12-08;20;1165
11;2025-12-08;21;763
11;2025-12-08;22;324
11;2025-12-08;23;218
11;2025-12-09;0;55
11;2025-12-09;1;0
11;2025-12-09;2;0
11;2025-12-09;3;0
11;2025-12-09;4;0
11;2025-12-09;5;240
11;2025-12-09;6;1326
11;2025-12-09;7;2563
11;2025-12-09;8;3304
11;2025-12-09;9;2518
11;2025-12-09;10;2105
11;2025-12-09;11;2031
11;2025-12-09;12;2068
11;2025-12-09;13;2095
11;2025-12-09;14;2175
11;2025-12-09;15;1958
11;2025-12-09;16;2208
11;2025-12-09;17;2819
11;2025-12-09;18;3180
11;2025-12-09;19;2352
11;2025-12-09;20;1477
11;2025-12-09;21;823
11;2025-12-09;22;391
11;2025-12-09;23;240
11;2025-12-10;0;55
11;2025-12-10;1;0
11;2025-12-10;2;0
11;2025-12-10;3;0
11;2025-12-10;4;0
11;2025-12-10;5;240
11;2025-12-10;6;1326
11;2025-12-10;7;2563
11;2025-12-10;8;3304
11;2025-12-10;9;2518
11;2025-12-10;10;2105
11;2025-12-10;11;2031
11;2025-12-10;12;2068
11;2025-12-10;13;2095
11;2025-12-10;14;2175
11;2025-12-10;15;1958
11;2025-12-10;16;2208
11;2025-12-10;17;2819
11;2025-12-10;18;3180
11;2025-12-10;19;2352
11;2025-12-10;20;1477
11;2025-12-10;21;823
11;2025-12-10;22;391
11;2025-12-10;23;240
11;2025-12-11;0;55
11;2025-12-11;1;0
11;2025-12-11;2;0
11;2025-12-11;3;0
11;2025-12-11;4;0
11;2025-12-11;5;240
11;2025-12-11;6;1326
11;2025-12-11;7;2563
11;2025-12-11;8;3304
11;2025-12-11;9;2518
11;2025-12-11;10;2105
11;2025-12-11;11;2031
11;2025-12-11;12;2068
11;2025-12-11;13;2095
11;2025-12-11;14;2175
11;2025-12-11;15;1958
11;2025-12-11;16;2208
11;2025-12-11;17;2819
11;2025-12-11;18;3180
11;2025-12-11;19;2352
11;2025-12-11;20;1477
11;2025-12-11;21;823
11;2025-12-11;22;391
11;2025-12-11;23;240
11;2025-12-12;0;66
11;2025-12-12;1;1
11;2025-12-12;2;0
11;2025-12-12;3;0
11;2025-12-12;4;0
11;2025-12-12;5;246
11;2025-12-12;6;1305
11;2025-12-12;7;2358
11;2025-12-12;8;3163
11;2025-12-12;9;2219
11;2025-12-12;10;1907
11;2025-12-12;11;1721
11;2025-12-12;12;1903
11;2025-12-12;13;1810
11;2025-12-12;14;2010
11;2025-12-12;15;2025
11;2025-12-12;16;2260
11;2025-12-12;17;2773
11;2025-12-12;18;2381
11;2025-12-12;19;1795
11;2025-12-12;20;1300
11;2025-12-12;21;822
11;2025-12-12;22;349
11;2025-12-12;23;329
11;2025-12-13;0;106
11;2025-12-13;1;0
11;2025-12-13;2;0
11;2025-12-13;3;0
11;2025-12-13;4;0
11;2025-12-13;5;170
11;2025-12-13;6;826
11;2025-12-13;7;766
11;2025-12-13;8;1033
11;2025-12-13;9;1173
11;2025-12-13;10;1372
11;2025-12-13;11;1712
11;2025-12-13;12;1978
11;2025-12-13;13;1794
11;2025-12-13;14;2049
11;2025-12-13;15;1931
11;2025-12-13;16;1785
11;2025-12-13;17;1876
11;2025-12-13;18;1503
11;2025-12-13;19;1483
11;2025-12-13;20;968
11;2025-12-13;21;705
11;2025-12-13;22;404
11;2025-12-13;23;289
11;2025-12-14;0;104
11;2025-12-14;1;13
11;2025-12-14;2;0
11;2025-12-14;3;0
11;2025-12-14;4;0
11;2025-12-14;5;103
11;2025-12-14;6;460
11;2025-12-14;7;456
11;2025-12-14;8;656
11;2025-12-14;9;904
11;2025-12-14;10;988
11;2025-12-14;11;1447
11;2025-12-14;12;1510
11;2025-12-14;13;1402
11;2025-12-14;14;1561
11;2025-12-14;15;1512
11;2025-12-14;16;1457
11;2025-12-14;17;1608
11;2025-12-14;18;1178
11;2025-12-14;19;907
11;2025-12-14;20;740
11;2025-12-14;21;550
11;2025-12-14;22;321
11;2025-12-14;23;217
11;2025-12-15;0;77
11;2025-12-15;1;12
11;2025-12-15;2;0
11;2025-12-15;3;0
11;2025-12-15;4;1
11;2025-12-15;5;244
11;2025-12-15;6;1379
11;2025-12-15;7;2469
11;2025-12-15;8;3172
11;2025-12-15;9;2428
11;2025-12-15;10;1901
11;2025-12-15;11;1918
11;2025-12-15;12;1840
11;2025-12-15;13;1916
11;2025-12-15;14;2053
11;2025-12-15;15;2118
11;2025-12-15;16;2276
11;2025-12-15;17;2862
11;2025-12-15;18;3002
11;2025-12-15;19;2174
11;2025-12-15;20;1165
11;2025-12-15;21;763
11;2025-12-15;22;324
11;2025-12-15;23;218
11;2025-12-16;0;55
11;2025-12-16;1;0
11;2025-12-16;2;0
11;2025-12-16;3;0
11;2025-12-16;4;0
11;2025-12-16;5;240
11;2025-12-16;6;1326
11;2025-12-16;7;2563
11;2025-12-16;8;3304
11;2025-12-16;9;2518
11;2025-12-16;10;2105
11;2025-12-16;11;2031
11;2025-12-16;12;2068
11;2025-12-16;13;2095
11;2025-12-16;14;2175
11;2025-12-16;15;1958
11;2025-12-16;16;2208
11;2025-12-16;17;2819
11;2025-12-16;18;3180
11;2025-12-16;19;2352
11;2025-12-16;20;1477
11;2025-12-16;21;823
11;2025-12-16;22;391
11;2025-12-16;23;240
11;2025-12-17;0;55
11;2025-12-17;1;0
11;2025-12-17;2;0
11;2025-12-17;3;0
11;2025-12-17;4;0
11;2025-12-17;5;240
11;2025-12-17;6;1326
11;2025-12-17;7;2563
11;2025-12-17;8;3304
11;2025-12-17;9;2518
11;2025-12-17;10;2105
11;2025-12-17;11;2031
11;2025-12-17;12;2068
11;2025-12-17;13;2095
11;2025-12-17;14;2175
11;2025-12-17;15;1958
11;2025-12-17;16;2208
11;2025-12-17;17;2819
11;2025-12-17;18;3180
11;2025-12-17;19;2352
11;2025-12-17;20;1477
11;2025-12-17;21;823
11;2025-12-17;22;391
11;2025-12-17;23;240
11;2025-12-18;0;55
11;2025-12-18;1;0
11;2025-12-18;2;0
11;2025-12-18;3;0
11;2025-12-18;4;0
11;2025-12-18;5;240
11;2025-12-18;6;1326
11;2025-12-18;7;2563
11;2025-12-18;8;3304
11;2025-12-18;9;2518
11;2025-12-18;10;2105
11;2025-12-18;11;2031
11;2025-12-18;12;2068
11;2025-12-18;13;2095
11;2025-12-18;14;2175
11;2025-12-18;15;1958
11;2025-12-18;16;2208
11;2025-12-18;17;2819
11;2025-12-18;18;3180
11;2025-12-18;19;2352
11;2025-12-18;20;1477
11;2025-12-18;21;823
11;2025-12-18;22;391
11;2025-12-18;23;240
11;2025-12-19;0;66
11;2025-12-19;1;1
11;2025-12-19;2;0
11;2025-12-19;3;0
11;2025-12-19;4;0
11;2025-12-19;5;246
11;2025-12-19;6;1305
11;2025-12-19;7;2358
11;2025-12-19;8;3163
11;2025-12-19;9;2219
11;2025-12-19;10;1907
11;2025-12-19;11;1721
11;2025-12-19;12;1903
11;2025-12-19;13;1810
11;2025-12-19;14;2010
11;2025-12-19;15;2025
11;2025-12-19;16;2260
11;2025-12-19;17;2773
11;2025-12-19;18;2381
11;2025-12-19;19;1795
11;2025-12-19;20;1300
11;2025-12-19;21;822
11;2025-12-19;22;349
11;2025-12-19;23;329
11;2025-12-20;0;106
11;2025-12-20;1;0
11;2025-12-20;2;0
11;2025-12-20;3;0
11;2025-12-20;4;0
11;2025-12-20;5;170
11;2025-12-20;6;826
11;2025-12-20;7;766
11;2025-12-20;8;1033
11;2025-12-20;9;1173
11;2025-12-20;10;1372
11;2025-12-20;11;1712
11;2025-12-20;12;1978
11;2025-12-20;13;1794
11;2025-12-20;14;2049
11;2025-12-20;15;1931
11;2025-12-20;16;1785
11;2025-12-20;17;1876
11;2025-12-20;18;1503
11;2025-12-20;19;1483
11;2025-12-20;20;968
11;2025-12-20;21;705
11;2025-12-20;22;404
11;2025-12-20;23;289
11;2025-12-21;0;104
11;2025-12-21;1;13
11;2025-12-21;2;0
11;2025-12-21;3;0
11;2025-12-21;4;0
11;2025-12-21;5;103
11;2025-12-21;6;460
11;2025-12-21;7;456
11;2025-12-21;8;656
11;2025-12-21;9;904
11;2025-12-21;10;988
11;2025-12-21;11;1447
11;2025-12-21;12;1510
11;2025-12-21;13;1402
11;2025-12-21;14;1561
11;2025-12-21;15;1512
11;2025-12-21;16;1457
11;2025-12-21;17;1608
11;2025-12-21;18;1178
11;2025-12-21;19;907
11;2025-12-21;20;740
11;2025-12-21;21;550
11;2025-12-21;22;321
11;2025-12-21;23;217
11;2025-12-22;0;77
11;2025-12-22;1;12
11;2025-12-22;2;0
11;2025-12-22;3;0
11;2025-12-22;4;1
11;2025-12-22;5;244
11;2025-12-22;6;1379
11;2025-12-22;7;2469
11;2025-12-22;8;3172
11;2025-12-22;9;2428
11;2025-12-22;10;1901
11;2025-12-22;11;1918
11;2025-12-22;12;1840
11;2025-12-22;13;1916
11;2025-12-22;14;2053
11;2025-12-22;15;2118
11;2025-12-22;16;2276
11;2025-12-22;17;2862
11;2025-12-22;18;3002
11;2025-12-22;19;2174
11;2025-12-22;20;1165
11;2025-12-22;21;763
11;2025-12-22;22;324
11;2025-12-22;23;218
11;2025-12-23;0;55
11;2025-12-23;1;0
11;2025-12-23;2;0
11;2025-12-23;3;0
11;2025-12-23;4;0
11;2025-12-23;5;240
11;2025-12-23;6;1326
11;2025-12-23;7;2563
11;2025-12-23;8;3304
11;2025-12-23;9;2518
11;2025-12-23;10;2105
11;2025-12-23;11;2031
11;2025-12-23;12;2068
11;2025-12-23;13;2095
11;2025-12-23;14;2175
11;2025-12-23;15;1958
11;2025-12-23;16;2208
11;2025-12-23;17;2819
11;2025-12-23;18;3180
11;2025-12-23;19;2352
11;2025-12-23;20;1477
11;2025-12-23;21;823
11;2025-12-23;22;391
11;2025-12-23;23;240
11;2025-12-24;0;55
11;2025-12-24;1;0
11;2025-12-24;2;0
11;2025-12-24;3;0
11;2025-12-24;4;0
11;2025-12-24;5;240
11;2025-12-24;6;1326
11;2025-12-24;7;2563
11;2025-12-24;8;3304
11;2025-12-24;9;2518
11;2025-12-24;10;2105
11;2025-12-24;11;2031
11;2025-12-24;12;2068
11;2025-12-24;13;2095
11;2025-12-24;14;2175
11;2025-12-24;15;1958
11;2025-12-24;16;2208
11;2025-12-24;17;2819
11;2025-12-24;18;3180
11;2025-12-24;19;2352
11;2025-12-24;20;1477
11;2025-12-24;21;823
11;2025-12-24;22;391
11;2025-12-24;23;240
11;2025-12-25;0;55
11;2025-12-25;1;0
11;2025-12-25;2;0
11;2025-12-25;3;0
11;2025-12-25;4;0
11;2025-12-25;5;240
11;2025-12-25;6;1326
11;2025-12-25;7;2563
11;2025-12-25;8;3304
11;2025-12-25;9;2518
11;2025-12-25;10;2105
11;2025-12-25;11;2031
11;2025-12-25;12;2068
11;2025-12-25;13;2095
11;2025-12-25;14;2175
11;2025-12-25;15;1958
11;2025-12-25;16;2208
11;2025-12-25;17;2819
11;2025-12-25;18;3180
11;2025-12-25;19;2352
11;2025-12-25;20;1477
11;2025-12-25;21;823
11;2025-12-25;22;391
11;2025-12-25;23;240
11;2025-12-26;0;66
11;2025-12-26;1;1
11;2025-12-26;2;0
11;2025-12-26;3;0
11;2025-12-26;4;0
11;2025-12-26;5;246
11;2025-12-26;6;1305
11;2025-12-26;7;2358
11;2025-12-26;8;3163
11;2025-12-26;9;2219
11;2025-12-26;10;1907
11;2025-12-26;11;1721
11;2025-12-26;12;1903
11;2025-12-26;13;1810
11;2025-12-26;14;2010
11;2025-12-26;15;2025
11;2025-12-26;16;2260
11;2025-12-26;17;2773
11;2025-12-26;18;2381
11;2025-12-26;19;1795
11;2025-12-26;20;1300
11;2025-12-26;21;822
11;2025-12-26;22;349
11;2025-12-26;23;329
11;2025-12-27;0;106
11;2025-12-27;1;0
11;2025-12-27;2;0
11;2025-12-27;3;0
11;2025-12-27;4;0
11;2025-12-27;5;170
11;2025-12-27;6;826
11;2025-12-27;7;766
11;2025-12-27;8;1033
11;2025-12-27;9;1173
11;2025-12-27;10;1372
11;2025-12-27;11;1712
11;2025-12-27;12;1978
11;2025-12-27;13;1794
11;2025-12-27;14;2049
11;2025-12-27;15;1931
11;2025-12-27;16;1785
11;2025-12-27;17;1876
11;2025-12-27;18;1503
11;2025-12-27;19;1483
11;2025-12-27;20;968
11;2025-12-27;21;705
11;2025-12-27;22;404
11;2025-12-27;23;289
11;2025-12-28;0;104
11;2025-12-28;1;13
11;2025-12-28;2;0
11;2025-12-28;3;0
11;2025-12-28;4;0
11;2025-12-28;5;103
11;2025-12-28;6;460
11;2025-12-28;7;456
11;2025-12-28;8;656
11;2025-12-28;9;904
11;2025-12-28;10;988
11;2025-12-28;11;1447
11;2025-12-28;12;1510
11;2025-12-28;13;1402
11;2025-12-28;14;1561
11;2025-12-28;15;1512
11;2025-12-28;16;1457
11;2025-12-28;17;1608
11;2025-12-28;18;1178
11;2025-12-28;19;907
11;2025-12-28;20;740
11;2025-12-28;21;550
11;2025-12-28;22;321
11;2025-12-28;23;217
11;2025-12-29;0;66
11;2025-12-29;1;10
11;2025-12-29;2;0
11;2025-12-29;3;0
11;2025-12-29;4;1
11;2025-12-29;5;207
11;2025-12-29;6;1172
11;2025-12-29;7;2099
11;2025-12-29;8;2696
11;2025-12-29;9;2063
11;2025-12-29;10;1616
11;2025-12-29;11;1631
11;2025-12-29;12;1564
11;2025-12-29;13;1629
11;2025-12-29;14;1745
11;2025-12-29;15;1800
11;2025-12-29;16;1935
11;2025-12-29;17;2432
11;2025-12-29;18;2552
11;2025-12-29;19;1848
11;2025-12-29;20;990
11;2025-12-29;21;648
11;2025-12-29;22;275
11;2025-12-29;23;186
11;2025-12-30;0;47
11;2025-12-30;1;0
11;2025-12-30;2;0
11;2025-12-30;3;0
11;2025-12-30;4;0
11;2025-12-30;5;204
11;2025-12-30;6;1127
11;2025-12-30;7;2178
11;2025-12-30;8;2808
11;2025-12-30;9;2140
11;2025-12-30;10;1789
11;2025-12-30;11;1727
11;2025-12-30;12;1757
11;2025-12-30;13;1781
11;2025-12-30;14;1849
11;2025-12-30;15;1664
11;2025-12-30;16;1877
11;2025-12-30;17;2396
11;2025-12-30;18;2703
11;2025-12-30;19;2000
11;2025-12-30;20;1256
11;2025-12-30;21;700
11;2025-12-30;22;332
11;2025-12-30;23;204
11;2025-12-31;0;88
11;2025-12-31;1;11
11;2025-12-31;2;0
11;2025-12-31;3;0
11;2025-12-31;4;0
11;2025-12-31;5;87
11;2025-12-31;6;391
11;2025-12-31;7;388
11;2025-12-31;8;557
11;2025-12-31;9;769
11;2025-12-31;10;840
11;2025-12-31;11;1230
11;2025-12-31;12;1283
11;2025-12-31;13;1192
11;2025-12-31;14;1327
11;2025-12-31;15;1286
11;2025-12-31;16;1239
11;2025-12-31;17;1367
11;2025-12-31;18;1001
11;2025-12-31;19;771
11;2025-12-31;20;629
11;2025-12-31;21;468
11;2025-12-31;22;273
11;2025-12-31;23;185
12;2025-11-01;0;46
12;2025-11-01;1;3
12;2025-11-01;2;0
12;2025-11-01;3;0
12;2025-11-01;4;3
12;2025-11-01;5;274
12;2025-11-01;6;1183
12;2025-11-01;7;2267
12;2025-11-01;8;2792
12;2025-11-01;9;2109
12;2025-11-01;10;1532
12;2025-11-01;11;1583
12;2025-11-01;12;1650
12;2025-11-01;13;1849
12;2025-11-01;14;1647
12;2025-11-01;15;1935
12;2025-11-01;16;2427
12;2025-11-01;17;2416
12;2025-11-01;18;2101
12;2025-11-01;19;1766
12;2025-11-01;20;1146
12;2025-11-01;21;815
12;2025-11-01;22;423
12;2025-11-01;23;279
12;2025-11-02;0;82
12;2025-11-02;1;3
12;2025-11-02;2;0
12;2025-11-02;3;0
12;2025-11-02;4;3
12;2025-11-02;5;132
12;2025-11-02;6;523
12;2025-11-02;7;710
12;2025-11-02;8;725
12;2025-11-02;9;916
12;2025-11-02;10;1158
12;2025-11-02;11;1260
12;2025-11-02;12;1364
12;2025-11-02;13;1595
12;2025-11-02;14;1427
12;2025-11-02;15;1524
12;2025-11-02;16;1519
12;2025-11-02;17;1518
12;2025-11-02;18;1321
12;2025-11-02;19;1009
12;2025-11-02;20;776
12;2025-11-02;21;606
12;2025-11-02;22;385
12;2025-11-02;23;198
12;2025-11-03;0;82
12;2025-11-03;1;3
12;2025-11-03;2;0
12;2025-11-03;3;0
12;2025-11-03;4;3
12;2025-11-03;5;132
12;2025-11-03;6;523
12;2025-11-03;7;710
12;2025-11-03;8;725
12;2025-11-03;9;916
12;2025-11-03;10;1158
12;2025-11-03;11;1260
12;2025-11-03;12;1364
12;2025-11-03;13;1595
12;2025-11-03;14;1427
12;2025-11-03;15;1524
12;2025-11-03;16;1519
12;2025-11-03;17;1518
12;2025-11-03;18;1321
12;2025-11-03;19;1009
12;2025-11-03;20;776
12;2025-11-03;21;606
12;2025-11-03;22;385
12;2025-11-03;23;198
12;2025-11-04;0;82
12;2025-11-04;1;3
12;2025-11-04;2;0
12;2025-11-04;3;0
12;2025-11-04;4;3
12;2025-11-04;5;132
12;2025-11-04;6;523
12;2025-11-04;7;710
12;2025-11-04;8;725
12;2025-11-04;9;916
12;2025-11-04;10;1158
12;2025-11-04;11;1260
12;2025-11-04;12;1364
12;2025-11-04;13;1595
12;2025-11-04;14;1427
12;2025-11-04;15;1524
12;2025-11-04;16;1519
12;2025-11-04;17;1518
12;2025-11-04;18;1321
12;2025-11-04;19;1009
12;2025-11-04;20;776
12;2025-11-04;21;606
12;2025-11-04;22;385
12;2025-11-04;23;198
12;2025-11-05;0;54
12;2025-11-05;1;1
12;2025-11-05;2;0
12;2025-11-05;3;0
12;2025-11-05;4;7
12;2025-11-05;5;328
12;2025-11-05;6;1460
12;2025-11-05;7;2766
12;2025-11-05;8;3750
12;2025-11-05;9;2631
12;2025-11-05;10;2193
12;2025-11-05;11;2084
12;2025-11-05;12;2111
12;2025-11-05;13;2080
12;2025-11-05;14;2019
12;2025-11-05;15;2231
12;2025-11-05;16;2734
12;2025-11-05;17;3117
12;2025-11-05;18;3270
12;2025-11-05;19;2402
12;2025-11-05;20;1555
12;2025-11-05;21;995
12;2025-11-05;22;496
12;2025-11-05;23;262
12;2025-11-06;0;54
12;2025-11-06;1;1
12;2025-11-06;2;0
12;2025-11-06;3;0
12;2025-11-06;4;7
12;2025-11-06;5;328
12;2025-11-06;6;1460
12;2025-11-06;7;2766
12;2025-11-06;8;3750
12;2025-11-06;9;2631
12;2025-11-06;10;2193
12;2025-11-06;11;2084
12;2025-11-06;12;2111
12;2025-11-06;13;2080
12;2025-11-06;14;2019
12;2025-11-06;15;2231
12;2025-11-06;16;2734
12;2025-11-06;17;3117
12;2025-11-06;18;3270
12;2025-11-06;19;2402
12;2025-11-06;20;1555
12;2025-11-06;21;995
12;2025-11-06;22;496
12;2025-11-06;23;262
12;2025-11-07;0;58
12;2025-11-07;1;1
12;2025-11-07;2;0
12;2025-11-07;3;0
12;2025-11-07;4;4
12;2025-11-07;5;340
12;2025-11-07;6;1471
12;2025-11-07;7;2819
12;2025-11-07;8;3472
12;2025-11-07;9;2623
12;2025-11-07;10;1906
12;2025-11-07;11;1969
12;2025-11-07;12;2052
12;2025-11-07;13;2300
12;2025-11-07;14;2048
12;2025-11-07;15;2407
12;2025-11-07;16;3018
12;2025-11-07;17;3005
12;2025-11-07;18;2613
12;2025-11-07;19;2196
12;2025-11-07;20;1425
12;2025-11-07;21;1014
12;2025-11-07;22;526
12;2025-11-07;23;347
12;2025-11-08;0;73
12;2025-11-08;1;2
12;2025-11-08;2;0
12;2025-11-08;3;0
12;2025-11-08;4;2
12;2025-11-08;5;230
12;2025-11-08;6;783
12;2025-11-08;7;930
12;2025-11-08;8;1065
12;2025-11-08;9;1306
12;2025-11-08;10;1521
12;2025-11-08;11;1518
12;2025-11-08;12;1570
12;2025-11-08;13;1800
12;2025-11-08;14;1620
12;2025-11-08;15;1590
12;2025-11-08;16;1724
12;2025-11-08;17;1677
12;2025-11-08;18;1607
12;2025-11-08;19;1422
12;2025-11-08;20;918
12;2025-11-08;21;805
12;2025-11-08;22;407
12;2025-11-08;23;304
12;2025-11-09;0;82
12;2025-11-09;1;3
12;2025-11-09;2;0
12;2025-11-09;3;0
12;2025-11-09;4;3
12;2025-11-09;5;132
12;2025-11-09;6;523
12;2025-11-09;7;710
12;2025-11-09;8;725
12;2025-11-09;9;916
12;2025-11-09;10;1158
12;2025-11-09;11;1260
12;2025-11-09;12;1364
12;2025-11-09;13;1595
12;2025-11-09;14;1427
12;2025-11-09;15;1524
12;2025-11-09;16;1519
12;2025-11-09;17;1518
12;2025-11-09;18;1321
12;2025-11-09;19;1009
12;2025-11-09;20;776
12;2025-11-09;21;606
12;2025-11-09;22;385
12;2025-11-09;23;198
12;2025-11-10;0;56
12;2025-11-10;1;2
12;2025-11-10;2;0
12;2025-11-10;3;0
12;2025-11-10;4;6
12;2025-11-10;5;316
12;2025-11-10;6;1486
12;2025-11-10;7;2759
12;2025-11-10;8;3711
12;2025-11-10;9;2672
12;2025-11-10;10;1983
12;2025-11-10;11;1923
12;2025-11-10;12;2153
12;2025-11-10;13;2017
12;2025-11-10;14;2067
12;2025-11-10;15;2282
12;2025-11-10;16;2831
12;2025-11-10;17;3110
12;2025-11-10;18;3329
12;2025-11-10;19;2434
12;2025-11-10;20;1725
12;2025-11-10;21;1033
12;2025-11-10;22;476
12;2025-11-10;23;240
12;2025-11-11;0;54
12;2025-11-11;1;1
12;2025-11-11;2;0
12;2025-11-11;3;0
12;2025-11-11;4;7
12;2025-11-11;5;328
12;2025-11-11;6;1460
12;2025-11-11;7;2766
12;2025-11-11;8;3750
12;2025-11-11;9;2631
12;2025-11-11;10;2193
12;2025-11-11;11;2084
12;2025-11-11;12;2111
12;2025-11-11;13;2080
12;2025-11-11;14;2019
12;2025-11-11;15;2231
12;2025-11-11;16;2734
12;2025-11-11;17;3117
12;2025-11-11;18;3270
12;2025-11-11;19;2402
12;2025-11-11;20;1555
12;2025-11-11;21;995
12;2025-11-11;22;496
12;2025-11-11;23;262
12;2025-11-12;0;54
12;2025-11-12;1;1
12;2025-11-12;2;0
12;2025-11-12;3;0
12;2025-11-12;4;7
12;2025-11-12;5;328
12;2025-11-12;6;1460
12;2025-11-12;7;2766
12;2025-11-12;8;3750
12;2025-11-12;9;2631
12;2025-11-12;10;2193
12;2025-11-12;11;2084
12;2025-11-12;12;2111
12;2025-11-12;13;2080
12;2025-11-12;14;2019
12;2025-11-12;15;2231
12;2025-11-12;16;2734
12;2025-11-12;17;3117
12;2025-11-12;18;3270
12;2025-11-12;19;2402
12;2025-11-12;20;1555
12;2025-11-12;21;995
12;2025-11-12;22;496
12;2025-11-12;23;262
12;2025-11-13;0;54
12;2025-11-13;1;1
12;2025-11-13;2;0
12;2025-11-13;3;0
12;2025-11-13;4;7
12;2025-11-13;5;328
12;2025-11-13;6;1460
12;2025-11-13;7;2766
12;2025-11-13;8;3750
12;2025-11-13;9;2631
12;2025-11-13;10;2193
12;2025-11-13;11;2084
12;2025-11-13;12;2111
12;2025-11-13;13;2080
12;2025-11-13;14;2019
12;2025-11-13;15;2231
12;2025-11-13;16;2734
12;2025-11-13;17;3117
12;2025-11-13;18;3270
12;2025-11-13;19;2402
12;2025-11-13;20;1555
12;2025-11-13;21;995
12;2025-11-13;22;496
12;2025-11-13;23;262
12;2025-11-14;0;58
12;2025-11-14;1;1
12;2025-11-14;2;0
12;2025-11-14;3;0
12;2025-11-14;4;4
12;2025-11-14;5;340
12;2025-11-14;6;1471
12;2025-11-14;7;2819
12;2025-11-14;8;3472
12;2025-11-14;9;2623
12;2025-11-14;10;1906
12;2025-11-14;11;1969
12;2025-11-14;12;2052
12;2025-11-14;13;2300
12;2025-11-14;14;2048
12;2025-11-14;15;2407
12;2025-11-14;16;3018
12;2025-11-14;17;3005
12;2025-11-14;18;2613
12;2025-11-14;19;2196
12;2025-11-14;20;1425
12;2025-11-14;21;1014
12;2025-11-14;22;526
12;2025-11-14;23;347
12;2025-11-15;0;73
12;2025-11-15;1;2
12;2025-11-15;2;0
12;2025-11-15;3;0
12;2025-11-15;4;2
12;2025-11-15;5;230
12;2025-11-15;6;783
12;2025-11-15;7;930
12;2025-11-15;8;1065
12;2025-11-15;9;1306
12;2025-11-15;10;1521
12;2025-11-15;11;1518
12;2025-11-15;12;1570
12;2025-11-15;13;1800
12;2025-11-15;14;1620
12;2025-11-15;15;1590
12;2025-11-15;16;1724
12;2025-11-15;17;1677
12;2025-11-15;18;1607
12;2025-11-15;19;1422
12;2025-11-15;20;918
12;2025-11-15;21;805
12;2025-11-15;22;407
12;2025-11-15;23;304
12;2025-11-16;0;82
12;2025-11-16;1;3
12;2025-11-16;2;0
12;2025-11-16;3;0
12;2025-11-16;4;3
12;2025-11-16;5;132
12;2025-11-16;6;523
12;2025-11-16;7;710
12;2025-11-16;8;725
12;2025-11-16;9;916
12;2025-11-16;10;1158
12;2025-11-16;11;1260
12;2025-11-16;12;1364
12;2025-11-16;13;1595
12;2025-11-16;14;1427
12;2025-11-16;15;1524
12;2025-11-16;16;1519
12;2025-11-16;17;1518
12;2025-11-16;18;1321
12;2025-11-16;19;1009
12;2025-11-16;20;776
12;2025-11-16;21;606
12;2025-11-16;22;385
12;2025-11-16;23;198
12;2025-11-17;0;56
12;2025-11-17;1;2
12;2025-11-17;2;0
12;2025-11-17;3;0
12;2025-11-17;4;6
12;2025-11-17;5;316
12;2025-11-17;6;1486
12;2025-11-17;7;2759
12;2025-11-17;8;3711
12;2025-11-17;9;2672
12;2025-11-17;10;1983
12;2025-11-17;11;1923
12;2025-11-17;12;2153
12;2025-11-17;13;2017
12;2025-11-17;14;2067
12;2025-11-17;15;2282
12;2025-11-17;16;2831
12;2025-11-17;17;3110
12;2025-11-17;18;3329
12;2025-11-17;19;2434
12;2025-11-17;20;1725
12;2025-11-17;21;1033
12;2025-11-17;22;476
12;2025-11-17;23;240
12;2025-11-18;0;54
12;2025-11-18;1;1
12;2025-11-18;2;0
12;2025-11-18;3;0
12;2025-11-18;4;7
12;2025-11-18;5;328
12;2025-11-18;6;1460
12;2025-11-18;7;2766
12;2025-11-18;8;3750
12;2025-11-18;9;2631
12;2025-11-18;10;2193
12;2025-11-18;11;2084
12;2025-11-18;12;2111
12;2025-11-18;13;2080
12;2025-11-18;14;2019
12;2025-11-18;15;2231
12;2025-11-18;16;2734
12;2025-11-18;17;3117
12;2025-11-18;18;3270
12;2025-11-18;19;2402
12;2025-11-18;20;1555
12;2025-11-18;21;995
12;2025-11-18;22;496
12;2025-11-18;23;262
12;2025-11-19;0;54
12;2025-11-19;1;1
12;2025-11-19;2;0
12;2025-11-19;3;0
12;2025-11-19;4;7
12;2025-11-19;5;328
12;2025-11-19;6;1460
12;2025-11-19;7;2766
12;2025-11-19;8;3750
12;2025-11-19;9;2631
12;2025-11-19;10;2193
12;2025-11-19;11;2084
12;2025-11-19;12;2111
12;2025-11-19;13;2080
12;2025-11-19;14;2019
12;2025-11-19;15;2231
12;2025-11-19;16;2734
12;2025-11-19;17;3117
12;2025-11-19;18;3270
12;2025-11-19;19;2402
12;2025-11-19;20;1555
12;2025-11-19;21;995
12;2025-11-19;22;496
12;2025-11-19;23;262
12;2025-11-20;0;54
12;2025-11-20;1;1
12;2025-11-20;2;0
12;2025-11-20;3;0
12;2025-11-20;4;7
12;2025-11-20;5;328
12;2025-11-20;6;1460
12;2025-11-20;7;2766
12;2025-11-20;8;3750
12;2025-11-20;9;2631
12;2025-11-20;10;2193
12;2025-11-20;11;2084
12;2025-11-20;12;2111
12;2025-11-20;13;2080
12;2025-11-20;14;2019
12;2025-11-20;15;2231
12;2025-11-20;16;2734
12;2025-11-20;17;3117
12;2025-11-20;18;3270
12;2025-11-20;19;2402
12;2025-11-20;20;1555
12;2025-11-20;21;995
12;2025-11-20;22;496
12;2025-11-20;23;262
12;2025-11-21;0;58
12;2025-11-21;1;1
12;2025-11-21;2;0
12;2025-11-21;3;0
12;2025-11-21;4;4
12;2025-11-21;5;340
12;2025-11-21;6;1471
12;2025-11-21;7;2819
12;2025-11-21;8;3472
12;2025-11-21;9;2623
12;2025-11-21;10;1906
12;2025-11-21;11;1969
12;2025-11-21;12;2052
12;2025-11-21;13;2300
12;2025-11-21;14;2048
12;2025-11-21;15;2407
12;2025-11-21;16;3018
12;2025-11-21;17;3005
12;2025-11-21;18;2613
12;2025-11-21;19;2196
12;2025-11-21;20;1425
12;2025-11-21;21;1014
12;2025-11-21;22;526
12;2025-11-21;23;347
12;2025-11-22;0;73
12;2025-11-22;1;2
12;2025-11-22;2;0
12;2025-11-22;3;0
12;2025-11-22;4;2
12;2025-11-22;5;230
12;2025-11-22;6;783
12;2025-11-22;7;930
12;2025-11-22;8;1065
12;2025-11-22;9;1306
12;2025-11-22;10;1521
12;2025-11-22;11;1518
12;2025-11-22;12;1570
12;2025-11-22;13;1800
12;2025-11-22;14;1620
12;2025-11-22;15;1590
12;2025-11-22;16;1724
12;2025-11-22;17;1677
12;2025-11-22;18;1607
12;2025-11-22;19;1422
12;2025-11-22;20;918
12;2025-11-22;21;805
12;2025-11-22;22;407
12;2025-11-22;23;304
12;2025-11-23;0;82
12;2025-11-23;1;3
12;2025-11-23;2;0
12;2025-11-23;3;0
12;2025-11-23;4;3
12;2025-11-23;5;132
12;2025-11-23;6;523
12;2025-11-23;7;710
12;2025-11-23;8;725
12;2025-11-23;9;916
12;2025-11-23;10;1158
12;2025-11-23;11;1260
12;2025-11-23;12;1364
12;2025-11-23;13;1595
12;2025-11-23;14;1427
12;2025-11-23;15;1524
12;2025-11-23;16;1519
12;2025-11-23;17;1518
12;2025-11-23;18;1321
12;2025-11-23;19;1009
12;2025-11-23;20;776
12;2025-11-23;21;606
12;2025-11-23;22;385
12;2025-11-23;23;198
12;2025-11-24;0;56
12;2025-11-24;1;2
12;2025-11-24;2;0
12;2025-11-24;3;0
12;2025-11-24;4;6
12;2025-11-24;5;316
12;2025-11-24;6;1486
12;2025-11-24;7;2759
12;2025-11-24;8;3711
12;2025-11-24;9;2672
12;2025-11-24;10;1983
12;2025-11-24;11;1923
12;2025-11-24;12;2153
12;2025-11-24;13;2017
12;2025-11-24;14;2067
12;2025-11-24;15;2282
12;2025-11-24;16;2831
12;2025-11-24;17;3110
12;2025-11-24;18;3329
12;2025-11-24;19;2434
12;2025-11-24;20;1725
12;2025-11-24;21;1033
12;2025-11-24;22;476
12;2025-11-24;23;240
12;2025-11-25;0;54
12;2025-11-25;1;1
12;2025-11-25;2;0
12;2025-11-25;3;0
12;2025-11-25;4;7
12;2025-11-25;5;328
12;2025-11-25;6;1460
12;2025-11-25;7;2766
12;2025-11-25;8;3750
12;2025-11-25;9;2631
12;2025-11-25;10;2193
12;2025-11-25;11;2084
12;2025-11-25;12;2111
12;2025-11-25;13;2080
12;2025-11-25;14;2019
12;2025-11-25;15;2231
12;2025-11-25;16;2734
12;2025-11-25;17;3117
12;2025-11-25;18;3270
12;2025-11-25;19;2402
12;2025-11-25;20;1555
12;2025-11-25;21;995
12;2025-11-25;22;496
12;2025-11-25;23;262
12;2025-11-26;0;54
12;2025-11-26;1;1
12;2025-11-26;2;0
12;2025-11-26;3;0
12;2025-11-26;4;7
12;2025-11-26;5;328
12;2025-11-26;6;1460
12;2025-11-26;7;2766
12;2025-11-26;8;3750
12;2025-11-26;9;2631
12;2025-11-26;10;2193
12;2025-11-26;11;2084
12;2025-11-26;12;2111
12;2025-11-26;13;2080
12;2025-11-26;14;2019
12;2025-11-26;15;2231
12;2025-11-26;16;2734
12;2025-11-26;17;3117
12;2025-11-26;18;3270
12;2025-11-26;19;2402
12;2025-11-26;20;1555
12;2025-11-26;21;995
12;2025-11-26;22;496
12;2025-11-26;23;262
12;2025-11-27;0;54
12;2025-11-27;1;1
12;2025-11-27;2;0
12;2025-11-27;3;0
12;2025-11-27;4;7
12;2025-11-27;5;328
12;2025-11-27;6;1460
12;2025-11-27;7;2766
12;2025-11-27;8;3750
12;2025-11-27;9;2631
12;2025-11-27;10;2193
12;2025-11-27;11;2084
12;2025-11-27;12;2111
12;2025-11-27;13;2080
12;2025-11-27;14;2019
12;2025-11-27;15;2231
12;2025-11-27;16;2734
12;2025-11-27;17;3117
12;2025-11-27;18;3270
12;2025-11-27;19;2402
12;2025-11-27;20;1555
12;2025-11-27;21;995
12;2025-11-27;22;496
12;2025-11-27;23;262
12;2025-11-28;0;58
12;2025-11-28;1;1
12;2025-11-28;2;0
12;2025-11-28;3;0
12;2025-11-28;4;4
12;2025-11-28;5;340
12;2025-11-28;6;1471
12;2025-11-28;7;2819
12;2025-11-28;8;3472
12;2025-11-28;9;2623
12;2025-11-28;10;1906
12;2025-11-28;11;1969
12;2025-11-28;12;2052
12;2025-11-28;13;2300
12;2025-11-28;14;2048
12;2025-11-28;15;2407
12;2025-11-28;16;3018
12;2025-11-28;17;3005
12;2025-11-28;18;2613
12;2025-11-28;19;2196
12;2025-11-28;20;1425
12;2025-11-28;21;1014
12;2025-11-28;22;526
12;2025-11-28;23;347
12;2025-11-29;0;73
12;2025-11-29;1;2
12;2025-11-29;2;0
12;2025-11-29;3;0
12;2025-11-29;4;2
12;2025-11-29;5;230
12;2025-11-29;6;783
12;2025-11-29;7;930
12;2025-11-29;8;1065
12;2025-11-29;9;1306
12;2025-11-29;10;1521
12;2025-11-29;11;1518
12;2025-11-29;12;1570
12;2025-11-29;13;1800
12;2025-11-29;14;1620
12;2025-11-29;15;1590
12;2025-11-29;16;1724
12;2025-11-29;17;1677
12;2025-11-29;18;1607
12;2025-11-29;19;1422
12;2025-11-29;20;918
12;2025-11-29;21;805
12;2025-11-29;22;407
12;2025-11-29;23;304
12;2025-11-30;0;82
12;2025-11-30;1;3
12;2025-11-30;2;0
12;2025-11-30;3;0
12;2025-11-30;4;3
12;2025-11-30;5;132
12;2025-11-30;6;523
12;2025-11-30;7;710
12;2025-11-30;8;725
12;2025-11-30;9;916
12;2025-11-30;10;1158
12;2025-11-30;11;1260
12;2025-11-30;12;1364
12;2025-11-30;13;1595
12;2025-11-30;14;1427
12;2025-11-30;15;1524
12;2025-11-30;16;1519
12;2025-11-30;17;1518
12;2025-11-30;18;1321
12;2025-11-30;19;1009
12;2025-11-30;20;776
12;2025-11-30;21;606
12;2025-11-30;22;385
12;2025-11-30;23;198
12;2025-12-01;0;56
12;2025-12-01;1;2
12;2025-12-01;2;0
12;2025-12-01;3;0
12;2025-12-01;4;6
12;2025-12-01;5;316
12;2025-12-01;6;1486
12;2025-12-01;7;2759
12;2025-12-01;8;3711
12;2025-12-01;9;2672
12;2025-12-01;10;1983
12;2025-12-01;11;1923
12;2025-12-01;12;2153
12;2025-12-01;13;2017
12;2025-12-01;14;2067
12;2025-12-01;15;2282
12;2025-12-01;16;2831
12;2025-12-01;17;3110
12;2025-12-01;18;3329
12;2025-12-01;19;2434
12;2025-12-01;20;1725
12;2025-12-01;21;1033
12;2025-12-01;22;476
12;2025-12-01;23;240
12;2025-12-02;0;54
12;2025-12-02;1;1
12;2025-12-02;2;0
12;2025-12-02;3;0
12;2025-12-02;4;7
12;2025-12-02;5;328
12;2025-12-02;6;1460
12;2025-12-02;7;2766
12;2025-12-02;8;3750
12;2025-12-02;9;2631
12;2025-12-02;10;2193
12;2025-12-02;11;2084
12;2025-12-02;12;2111
12;2025-12-02;13;2080
12;2025-12-02;14;2019
12;2025-12-02;15;2231
12;2025-12-02;16;2734
12;2025-12-02;17;3117
12;2025-12-02;18;3270
12;2025-12-02;19;2402
12;2025-12-02;20;1555
12;2025-12-02;21;995
12;2025-12-02;22;496
12;2025-12-02;23;262
12;2025-12-03;0;54
12;2025-12-03;1;1
12;2025-12-03;2;0
12;2025-12-03;3;0
12;2025-12-03;4;7
12;2025-12-03;5;328
12;2025-12-03;6;1460
12;2025-12-03;7;2766
12;2025-12-03;8;3750
12;2025-12-03;9;2631
12;2025-12-03;10;2193
12;2025-12-03;11;2084
12;2025-12-03;12;2111
12;2025-12-03;13;2080
12;2025-12-03;14;2019
12;2025-12-03;15;2231
12;2025-12-03;16;2734
12;2025-12-03;17;3117
12;2025-12-03;18;3270
12;2025-12-03;19;2402
12;2025-12-03;20;1555
12;2025-12-03;21;995
12;2025-12-03;22;496
12;2025-12-03;23;262
12;2025-12-04;0;54
12;2025-12-04;1;1
12;2025-12-04;2;0
12;2025-12-04;3;0
12;2025-12-04;4;7
12;2025-12-04;5;328
12;2025-12-04;6;1460
12;2025-12-04;7;2766
12;2025-12-04;8;3750
12;2025-12-04;9;2631
12;2025-12-04;10;2193
12;2025-12-04;11;2084
12;2025-12-04;12;2111
12;2025-12-04;13;2080
12;2025-12-04;14;2019
12;2025-12-04;15;2231
12;2025-12-04;16;2734
12;2025-12-04;17;3117
12;2025-12-04;18;3270
12;2025-12-04;19;2402
12;2025-12-04;20;1555
12;2025-12-04;21;995
12;2025-12-04;22;496
12;2025-12-04;23;262
12;2025-12-05;0;58
12;2025-12-05;1;1
12;2025-12-05;2;0
12;2025-12-05;3;0
12;2025-12-05;4;4
12;2025-12-05;5;340
12;2025-12-05;6;1471
12;2025-12-05;7;2819
12;2025-12-05;8;3472
12;2025-12-05;9;2623
12;2025-12-05;10;1906
12;2025-12-05;11;1969
12;2025-12-05;12;2052
12;2025-12-05;13;2300
12;2025-12-05;14;2048
12;2025-12-05;15;2407
12;2025-12-05;16;3018
12;2025-12-05;17;3005
12;2025-12-05;18;2613
12;2025-12-05;19;2196
12;2025-12-05;20;1425
12;2025-12-05;21;1014
12;2025-12-05;22;526
12;2025-12-05;23;347
12;2025-12-06;0;73
12;2025-12-06;1;2
12;2025-12-06;2;0
12;2025-12-06;3;0
12;2025-12-06;4;2
12;2025-12-06;5;230
12;2025-12-06;6;783
12;2025-12-06;7;930
12;2025-12-06;8;1065
12;2025-12-06;9;1306
12;2025-12-06;10;1521
12;2025-12-06;11;1518
12;2025-12-06;12;1570
12;2025-12-06;13;1800
12;2025-12-06;14;1620
12;2025-12-06;15;1590
12;2025-12-06;16;1724
12;2025-12-06;17;1677
12;2025-12-06;18;1607
12;2025-12-06;19;1422
12;2025-12-06;20;918
12;2025-12-06;21;805
12;2025-12-06;22;407
12;2025-12-06;23;304
12;2025-12-07;0;82
12;2025-12-07;1;3
12;2025-12-07;2;0
12;2025-12-07;3;0
12;2025-12-07;4;3
12;2025-12-07;5;132
12;2025-12-07;6;523
12;2025-12-07;7;710
12;2025-12-07;8;725
12;2025-12-07;9;916
12;2025-12-07;10;1158
12;2025-12-07;11;1260
12;2025-12-07;12;1364
12;2025-12-07;13;1595
12;2025-12-07;14;1427
12;2025-12-07;15;1524
12;2025-12-07;16;1519
12;2025-12-07;17;1518
12;2025-12-07;18;1321
12;2025-12-07;19;1009
12;2025-12-07;20;776
12;2025-12-07;21;606
12;2025-12-07;22;385
12;2025-12-07;23;198
12;2025-12-08;0;56
12;2025-12-08;1;2
12;2025-12-08;2;0
12;2025-12-08;3;0
12;2025-12-08;4;6
12;2025-12-08;5;316
12;2025-12-08;6;1486
12;2025-12-08;7;2759
12;2025-12-08;8;3711
12;2025-12-08;9;2672
12;2025-12-08;10;1983
12;2025-12-08;11;1923
12;2025-12-08;12;2153
12;2025-12-08;13;2017
12;2025-12-08;14;2067
12;2025-12-08;15;2282
12;2025-12-08;16;2831
12;2025-12-08;17;3110
12;2025-12-08;18;3329
12;2025-12-08;19;2434
12;2025-12-08;20;1725
12;2025-12-08;21;1033
12;2025-12-08;22;476
12;2025-12-08;23;240
12;2025-12-09;0;54
12;2025-12-09;1;1
12;2025-12-09;2;0
12;2025-12-09;3;0
12;2025-12-09;4;7
12;2025-12-09;5;328
12;2025-12-09;6;1460
12;2025-12-09;7;2766
12;2025-12-09;8;3750
12;2025-12-09;9;2631
12;2025-12-09;10;2193
12;2025-12-09;11;2084
12;2025-12-09;12;2111
12;2025-12-09;13;2080
12;2025-12-09;14;2019
12;2025-12-09;15;2231
12;2025-12-09;16;2734
12;2025-12-09;17;3117
12;2025-12-09;18;3270
12;2025-12-09;19;2402
12;2025-12-09;20;1555
12;2025-12-09;21;995
12;2025-12-09;22;496
12;2025-12-09;23;262
12;2025-12-10;0;54
12;2025-12-10;1;1
12;2025-12-10;2;0
12;2025-12-10;3;0
12;2025-12-10;4;7
12;2025-12-10;5;328
12;2025-12-10;6;1460
12;2025-12-10;7;2766
12;2025-12-10;8;3750
12;2025-12-10;9;2631
12;2025-12-10;10;2193
12;2025-12-10;11;2084
12;2025-12-10;12;2111
12;2025-12-10;13;2080
12;2025-12-10;14;2019
12;2025-12-10;15;2231
12;2025-12-10;16;2734
12;2025-12-10;17;3117
12;2025-12-10;18;3270
12;2025-12-10;19;2402
12;2025-12-10;20;1555
12;2025-12-10;21;995
12;2025-12-10;22;496
12;2025-12-10;23;262
12;2025-12-11;0;54
12;2025-12-11;1;1
12;2025-12-11;2;0
12;2025-12-11;3;0
12;2025-12-11;4;7
12;2025-12-11;5;328
12;2025-12-11;6;1460
12;2025-12-11;7;2766
12;2025-12-11;8;3750
12;2025-12-11;9;2631
12;2025-12-11;10;2193
12;2025-12-11;11;2084
12;2025-12-11;12;2111
12;2025-12-11;13;2080
12;2025-12-11;14;2019
12;2025-12-11;15;2231
12;2025-12-11;16;2734
12;2025-12-11;17;3117
12;2025-12-11;18;3270
12;2025-12-11;19;2402
12;2025-12-11;20;1555
12;2025-12-11;21;995
12;2025-12-11;22;496
12;2025-12-11;23;262
12;2025-12-12;0;58
12;2025-12-12;1;1
12;2025-12-12;2;0
12;2025-12-12;3;0
12;2025-12-12;4;4
12;2025-12-12;5;340
12;2025-12-12;6;1471
12;2025-12-12;7;2819
12;2025-12-12;8;3472
12;2025-12-12;9;2623
12;2025-12-12;10;1906
12;2025-12-12;11;1969
12;2025-12-12;12;2052
12;2025-12-12;13;2300
12;2025-12-12;14;2048
12;2025-12-12;15;2407
12;2025-12-12;16;3018
12;2025-12-12;17;3005
12;2025-12-12;18;2613
12;2025-12-12;19;2196
12;2025-12-12;20;1425
12;2025-12-12;21;1014
12;2025-12-12;22;526
12;2025-12-12;23;347
12;2025-12-13;0;73
12;2025-12-13;1;2
12;2025-12-13;2;0
12;2025-12-13;3;0
12;2025-12-13;4;2
12;2025-12-13;5;230
12;2025-12-13;6;783
12;2025-12-13;7;930
12;2025-12-13;8;1065
12;2025-12-13;9;1306
12;2025-12-13;10;1521
12;2025-12-13;11;1518
12;2025-12-13;12;1570
12;2025-12-13;13;1800
12;2025-12-13;14;1620
12;2025-12-13;15;1590
12;2025-12-13;16;1724
12;2025-12-13;17;1677
12;2025-12-13;18;1607
12;2025-12-13;19;1422
12;2025-12-13;20;918
12;2025-12-13;21;805
12;2025-12-13;22;407
12;2025-12-13;23;304
12;2025-12-14;0;82
12;2025-12-14;1;3
12;2025-12-14;2;0
12;2025-12-14;3;0
12;2025-12-14;4;3
12;2025-12-14;5;132
12;2025-12-14;6;523
12;2025-12-14;7;710
12;2025-12-14;8;725
12;2025-12-14;9;916
12;2025-12-14;10;1158
12;2025-12-14;11;1260
12;2025-12-14;12;1364
12;2025-12-14;13;1595
12;2025-12-14;14;1427
12;2025-12-14;15;1524
12;2025-12-14;16;1519
12;2025-12-14;17;1518
12;2025-12-14;18;1321
12;2025-12-14;19;1009
12;2025-12-14;20;776
12;2025-12-14;21;606
12;2025-12-14;22;385
12;2025-12-14;23;198
12;2025-12-15;0;56
12;2025-12-15;1;2
12;2025-12-15;2;0
12;2025-12-15;3;0
12;2025-12-15;4;6
12;2025-12-15;5;316
12;2025-12-15;6;1486
12;2025-12-15;7;2759
12;2025-12-15;8;3711
12;2025-12-15;9;2672
12;2025-12-15;10;1983
12;2025-12-15;11;1923
12;2025-12-15;12;2153
12;2025-12-15;13;2017
12;2025-12-15;14;2067
12;2025-12-15;15;2282
12;2025-12-15;16;2831
12;2025-12-15;17;3110
12;2025-12-15;18;3329
12;2025-12-15;19;2434
12;2025-12-15;20;1725
12;2025-12-15;21;1033
12;2025-12-15;22;476
12;2025-12-15;23;240
12;2025-12-16;0;54
12;2025-12-16;1;1
12;2025-12-16;2;0
12;2025-12-16;3;0
12;2025-12-16;4;7
12;2025-12-16;5;328
12;2025-12-16;6;1460
12;2025-12-16;7;2766
12;2025-12-16;8;3750
12;2025-12-16;9;2631
12;2025-12-16;10;2193
12;2025-12-16;11;2084
12;2025-12-16;12;2111
12;2025-12-16;13;2080
12;2025-12-16;14;2019
12;2025-12-16;15;2231
12;2025-12-16;16;2734
12;2025-12-16;17;3117
12;2025-12-16;18;3270
12;2025-12-16;19;2402
12;2025-12-16;20;1555
12;2025-12-16;21;995
12;2025-12-16;22;496
12;2025-12-16;23;262
12;2025-12-17;0;54
12;2025-12-17;1;1
12;2025-12-17;2;0
12;2025-12-17;3;0
12;2025-12-17;4;7
12;2025-12-17;5;328
12;2025-12-17;6;1460
12;2025-12-17;7;2766
12;2025-12-17;8;3750
12;2025-12-17;9;2631
12;2025-12-17;10;2193
12;2025-12-17;11;2084
12;2025-12-17;12;2111
12;2025-12-17;13;2080
12;2025-12-17;14;2019
12;2025-12-17;15;2231
12;2025-12-17;16;2734
12;2025-12-17;17;3117
12;2025-12-17;18;3270
12;2025-12-17;19;2402
12;2025-12-17;20;1555
12;2025-12-17;21;995
12;2025-12-17;22;496
12;2025-12-17;23;262
12;2025-12-18;0;54
12;2025-12-18;1;1
12;2025-12-18;2;0
12;2025-12-18;3;0
12;2025-12-18;4;7
12;2025-12-18;5;328
12;2025-12-18;6;1460
12;2025-12-18;7;2766
12;2025-12-18;8;3750
12;2025-12-18;9;2631
12;2025-12-18;10;2193
12;2025-12-18;11;2084
12;2025-12-18;12;2111
12;2025-12-18;13;2080
12;2025-12-18;14;2019
12;2025-12-18;15;2231
12;2025-12-18;16;2734
12;2025-12-18;17;3117
12;2025-12-18;18;3270
12;2025-12-18;19;2402
12;2025-12-18;20;1555
12;2025-12-18;21;995
12;2025-12-18;22;496
12;2025-12-18;23;262
12;2025-12-19;0;58
12;2025-12-19;1;1
12;2025-12-19;2;0
12;2025-12-19;3;0
12;2025-12-19;4;4
12;2025-12-19;5;340
12;2025-12-19;6;1471
12;2025-12-19;7;2819
12;2025-12-19;8;3472
12;2025-12-19;9;2623
12;2025-12-19;10;1906
12;2025-12-19;11;1969
12;2025-12-19;12;2052
12;2025-12-19;13;2300
12;2025-12-19;14;2048
12;2025-12-19;15;2407
12;2025-12-19;16;3018
12;2025-12-19;17;3005
12;2025-12-19;18;2613
12;2025-12-19;19;2196
12;2025-12-19;20;1425
12;2025-12-19;21;1014
12;2025-12-19;22;526
12;2025-12-19;23;347
12;2025-12-20;0;73
12;2025-12-20;1;2
12;2025-12-20;2;0
12;2025-12-20;3;0
12;2025-12-20;4;2
12;2025-12-20;5;230
12;2025-12-20;6;783
12;2025-12-20;7;930
12;2025-12-20;8;1065
12;2025-12-20;9;1306
12;2025-12-20;10;1521
12;2025-12-20;11;1518
12;2025-12-20;12;1570
12;2025-12-20;13;1800
12;2025-12-20;14;1620
12;2025-12-20;15;1590
12;2025-12-20;16;1724
12;2025-12-20;17;1677
12;2025-12-20;18;1607
12;2025-12-20;19;1422
12;2025-12-20;20;918
12;2025-12-20;21;805
12;2025-12-20;22;407
12;2025-12-20;23;304
12;2025-12-21;0;82
12;2025-12-21;1;3
12;2025-12-21;2;0
12;2025-12-21;3;0
12;2025-12-21;4;3
12;2025-12-21;5;132
12;2025-12-21;6;523
12;2025-12-21;7;710
12;2025-12-21;8;725
12;2025-12-21;9;916
12;2025-12-21;10;1158
12;2025-12-21;11;1260
12;2025-12-21;12;1364
12;2025-12-21;13;1595
12;2025-12-21;14;1427
12;2025-12-21;15;1524
12;2025-12-21;16;1519
12;2025-12-21;17;1518
12;2025-12-21;18;1321
12;2025-12-21;19;1009
12;2025-12-21;20;776
12;2025-12-21;21;606
12;2025-12-21;22;385
12;2025-12-21;23;198
12;2025-12-22;0;56
12;2025-12-22;1;2
12;2025-12-22;2;0
12;2025-12-22;3;0
12;2025-12-22;4;6
12;2025-12-22;5;316
12;2025-12-22;6;1486
12;2025-12-22;7;2759
12;2025-12-22;8;3711
12;2025-12-22;9;2672
12;2025-12-22;10;1983
12;2025-12-22;11;1923
12;2025-12-22;12;2153
12;2025-12-22;13;2017
12;2025-12-22;14;2067
12;2025-12-22;15;2282
12;2025-12-22;16;2831
12;2025-12-22;17;3110
12;2025-12-22;18;3329
12;2025-12-22;19;2434
12;2025-12-22;20;1725
12;2025-12-22;21;1033
12;2025-12-22;22;476
12;2025-12-22;23;240
12;2025-12-23;0;54
12;2025-12-23;1;1
12;2025-12-23;2;0
12;2025-12-23;3;0
12;2025-12-23;4;7
12;2025-12-23;5;328
12;2025-12-23;6;1460
12;2025-12-23;7;2766
12;2025-12-23;8;3750
12;2025-12-23;9;2631
12;2025-12-23;10;2193
12;2025-12-23;11;2084
12;2025-12-23;12;2111
12;2025-12-23;13;2080
12;2025-12-23;14;2019
12;2025-12-23;15;2231
12;2025-12-23;16;2734
12;2025-12-23;17;3117
12;2025-12-23;18;3270
12;2025-12-23;19;2402
12;2025-12-23;20;1555
12;2025-12-23;21;995
12;2025-12-23;22;496
12;2025-12-23;23;262
12;2025-12-24;0;54
12;2025-12-24;1;1
12;2025-12-24;2;0
12;2025-12-24;3;0
12;2025-12-24;4;7
12;2025-12-24;5;328
12;2025-12-24;6;1460
12;2025-12-24;7;2766
12;2025-12-24;8;3750
12;2025-12-24;9;2631
12;2025-12-24;10;2193
12;2025-12-24;11;2084
12;2025-12-24;12;2111
12;2025-12-24;13;2080
12;2025-12-24;14;2019
12;2025-12-24;15;2231
12;2025-12-24;16;2734
12;2025-12-24;17;3117
12;2025-12-24;18;3270
12;2025-12-24;19;2402
12;2025-12-24;20;1555
12;2025-12-24;21;995
12;2025-12-24;22;496
12;2025-12-24;23;262
12;2025-12-25;0;54
12;2025-12-25;1;1
12;2025-12-25;2;0
12;2025-12-25;3;0
12;2025-12-25;4;7
12;2025-12-25;5;328
12;2025-12-25;6;1460
12;2025-12-25;7;2766
12;2025-12-25;8;3750
12;2025-12-25;9;2631
12;2025-12-25;10;2193
12;2025-12-25;11;2084
12;2025-12-25;12;2111
12;2025-12-25;13;2080
12;2025-12-25;14;2019
12;2025-12-25;15;2231
12;2025-12-25;16;2734
12;2025-12-25;17;3117
12;2025-12-25;18;3270
12;2025-12-25;19;2402
12;2025-12-25;20;1555
12;2025-12-25;21;995
12;2025-12-25;22;496
12;2025-12-25;23;262
12;2025-12-26;0;58
12;2025-12-26;1;1
12;2025-12-26;2;0
12;2025-12-26;3;0
12;2025-12-26;4;4
12;2025-12-26;5;340
12;2025-12-26;6;1471
12;2025-12-26;7;2819
12;2025-12-26;8;3472
12;2025-12-26;9;2623
12;2025-12-26;10;1906
12;2025-12-26;11;1969
12;2025-12-26;12;2052
12;2025-12-26;13;2300
12;2025-12-26;14;2048
12;2025-12-26;15;2407
12;2025-12-26;16;3018
12;2025-12-26;17;3005
12;2025-12-26;18;2613
12;2025-12-26;19;2196
12;2025-12-26;20;1425
12;2025-12-26;21;1014
12;2025-12-26;22;526
12;2025-12-26;23;347
12;2025-12-27;0;73
12;2025-12-27;1;2
12;2025-12-27;2;0
12;2025-12-27;3;0
12;2025-12-27;4;2
12;2025-12-27;5;230
12;2025-12-27;6;783
12;2025-12-27;7;930
12;2025-12-27;8;1065
12;2025-12-27;9;1306
12;2025-12-27;10;1521
12;2025-12-27;11;1518
12;2025-12-27;12;1570
12;2025-12-27;13;1800
12;2025-12-27;14;1620
12;2025-12-27;15;1590
12;2025-12-27;16;1724
12;2025-12-27;17;1677
12;2025-12-27;18;1607
12;2025-12-27;19;1422
12;2025-12-27;20;918
12;2025-12-27;21;805
12;2025-12-27;22;407
12;2025-12-27;23;304
12;2025-12-28;0;82
12;2025-12-28;1;3
12;2025-12-28;2;0
12;2025-12-28;3;0
12;2025-12-28;4;3
12;2025-12-28;5;132
12;2025-12-28;6;523
12;2025-12-28;7;710
12;2025-12-28;8;725
12;2025-12-28;9;916
12;2025-12-28;10;1158
12;2025-12-28;11;1260
12;2025-12-28;12;1364
12;2025-12-28;13;1595
12;2025-12-28;14;1427
12;2025-12-28;15;1524
12;2025-12-28;16;1519
12;2025-12-28;17;1518
12;2025-12-28;18;1321
12;2025-12-28;19;1009
12;2025-12-28;20;776
12;2025-12-28;21;606
12;2025-12-28;22;385
12;2025-12-28;23;198
12;2025-12-29;0;48
12;2025-12-29;1;2
12;2025-12-29;2;0
12;2025-12-29;3;0
12;2025-12-29;4;5
12;2025-12-29;5;269
12;2025-12-29;6;1263
12;2025-12-29;7;2345
12;2025-12-29;8;3154
12;2025-12-29;9;2271
12;2025-12-29;10;1685
12;2025-12-29;11;1634
12;2025-12-29;12;1830
12;2025-12-29;13;1714
12;2025-12-29;14;1757
12;2025-12-29;15;1939
12;2025-12-29;16;2407
12;2025-12-29;17;2643
12;2025-12-29;18;2829
12;2025-12-29;19;2069
12;2025-12-29;20;1466
12;2025-12-29;21;878
12;2025-12-29;22;405
12;2025-12-29;23;204
12;2025-12-30;0;46
12;2025-12-30;1;0
12;2025-12-30;2;0
12;2025-12-30;3;0
12;2025-12-30;4;6
12;2025-12-30;5;279
12;2025-12-30;6;1241
12;2025-12-30;7;2351
12;2025-12-30;8;3187
12;2025-12-30;9;2236
12;2025-12-30;10;1864
12;2025-12-30;11;1771
12;2025-12-30;12;1795
12;2025-12-30;13;1768
12;2025-12-30;14;1716
12;2025-12-30;15;1897
12;2025-12-30;16;2323
12;2025-12-30;17;2649
12;2025-12-30;18;2779
12;2025-12-30;19;2041
12;2025-12-30;20;1322
12;2025-12-30;21;846
12;2025-12-30;22;422
12;2025-12-30;23;223
12;2025-12-31;0;70
12;2025-12-31;1;2
12;2025-12-31;2;0
12;2025-12-31;3;0
12;2025-12-31;4;3
12;2025-12-31;5;112
12;2025-12-31;6;444
12;2025-12-31;7;603
12;2025-12-31;8;617
12;2025-12-31;9;778
12;2025-12-31;10;984
12;2025-12-31;11;1071
12;2025-12-31;12;1160
12;2025-12-31;13;1356
12;2025-12-31;14;1213
12;2025-12-31;15;1295
12;2025-12-31;16;1291
12;2025-12-31;17;1290
12;2025-12-31;18;1123
12;2025-12-31;19;858
12;2025-12-31;20;659
12;2025-12-31;21;515
12;2025-12-31;22;327
12;2025-12-31;23;168
17;2025-11-01;0;151
17;2025-11-01;1;30
17;2025-11-01;2;0
17;2025-11-01;3;0
17;2025-11-01;4;21
17;2025-11-01;5;279
17;2025-11-01;6;1359
17;2025-11-01;7;3705
17;2025-11-01;8;4704
17;2025-11-01;9;3374
17;2025-11-01;10;2693
17;2025-11-01;11;2762
17;2025-11-01;12;2695
17;2025-11-01;13;2794
17;2025-11-01;14;2890
17;2025-11-01;15;3097
17;2025-11-01;16;3762
17;2025-11-01;17;4266
17;2025-11-01;18;3912
17;2025-11-01;19;2848
17;2025-11-01;20;2114
17;2025-11-01;21;1414
17;2025-11-01;22;646
17;2025-11-01;23;435
17;2025-11-02;0;184
17;2025-11-02;1;24
17;2025-11-02;2;0
17;2025-11-02;3;0
17;2025-11-02;4;2
17;2025-11-02;5;109
17;2025-11-02;6;439
17;2025-11-02;7;863
17;2025-11-02;8;1263
17;2025-11-02;9;1712
17;2025-11-02;10;2015
17;2025-11-02;11;2615
17;2025-11-02;12;2927
17;2025-11-02;13;3197
17;2025-11-02;14;3360
17;2025-11-02;15;3275
17;2025-11-02;16;3177
17;2025-11-02;17;3030
17;2025-11-02;18;2599
17;2025-11-02;19;2077
17;2025-11-02;20;1539
17;2025-11-02;21;1134
17;2025-11-02;22;689
17;2025-11-02;23;318
17;2025-11-03;0;184
17;2025-11-03;1;24
17;2025-11-03;2;0
17;2025-11-03;3;0
17;2025-11-03;4;2
17;2025-11-03;5;109
17;2025-11-03;6;439
17;2025-11-03;7;863
17;2025-11-03;8;1263
17;2025-11-03;9;1712
17;2025-11-03;10;2015
17;2025-11-03;11;2615
17;2025-11-03;12;2927
17;2025-11-03;13;3197
17;2025-11-03;14;3360
17;2025-11-03;15;3275
17;2025-11-03;16;3177
17;2025-11-03;17;3030
17;2025-11-03;18;2599
17;2025-11-03;19;2077
17;2025-11-03;20;1539
17;2025-11-03;21;1134
17;2025-11-03;22;689
17;2025-11-03;23;318
17;2025-11-04;0;184
17;2025-11-04;1;24
17;2025-11-04;2;0
17;2025-11-04;3;0
17;2025-11-04;4;2
17;2025-11-04;5;109
17;2025-11-04;6;439
17;2025-11-04;7;863
17;2025-11-04;8;1263
17;2025-11-04;9;1712
17;2025-11-04;10;2015
17;2025-11-04;11;2615
17;2025-11-04;12;2927
17;2025-11-04;13;3197
17;2025-11-04;14;3360
17;2025-11-04;15;3275
17;2025-11-04;16;3177
17;2025-11-04;17;3030
17;2025-11-04;18;2599
17;2025-11-04;19;2077
17;2025-11-04;20;1539
17;2025-11-04;21;1134
17;2025-11-04;22;689
17;2025-11-04;23;318
17;2025-11-05;0;121
17;2025-11-05;1;11
17;2025-11-05;2;0
17;2025-11-05;3;0
17;2025-11-05;4;25
17;2025-11-05;5;322
17;2025-11-05;6;1564
17;2025-11-05;7;4347
17;2025-11-05;8;5496
17;2025-11-05;9;3957
17;2025-11-05;10;3132
17;2025-11-05;11;3100
17;2025-11-05;12;3117
17;2025-11-05;13;3131
17;2025-11-05;14;3271
17;2025-11-05;15;3335
17;2025-11-05;16;3721
17;2025-11-05;17;4607
17;2025-11-05;18;4908
17;2025-11-05;19;3402
17;2025-11-05;20;2384
17;2025-11-05;21;1480
17;2025-11-05;22;710
17;2025-11-05;23;385
17;2025-11-06;0;121
17;2025-11-06;1;11
17;2025-11-06;2;0
17;2025-11-06;3;0
17;2025-11-06;4;25
17;2025-11-06;5;322
17;2025-11-06;6;1564
17;2025-11-06;7;4347
17;2025-11-06;8;5496
17;2025-11-06;9;3957
17;2025-11-06;10;3132
17;2025-11-06;11;3100
17;2025-11-06;12;3117
17;2025-11-06;13;3131
17;2025-11-06;14;3271
17;2025-11-06;15;3335
17;2025-11-06;16;3721
17;2025-11-06;17;4607
17;2025-11-06;18;4908
17;2025-11-06;19;3402
17;2025-11-06;20;2384
17;2025-11-06;21;1480
17;2025-11-06;22;710
17;2025-11-06;23;385
17;2025-11-07;0;148
17;2025-11-07;1;18
17;2025-11-07;2;0
17;2025-11-07;3;0
17;2025-11-07;4;23
17;2025-11-07;5;314
17;2025-11-07;6;1530
17;2025-11-07;7;4170
17;2025-11-07;8;5295
17;2025-11-07;9;3798
17;2025-11-07;10;3031
17;2025-11-07;11;3109
17;2025-11-07;12;3033
17;2025-11-07;13;3145
17;2025-11-07;14;3253
17;2025-11-07;15;3485
17;2025-11-07;16;4235
17;2025-11-07;17;4802
17;2025-11-07;18;4404
17;2025-11-07;19;3206
17;2025-11-07;20;2380
17;2025-11-07;21;1591
17;2025-11-07;22;727
17;2025-11-07;23;490
17;2025-11-08;0;210
17;2025-11-08;1;28
17;2025-11-08;2;0
17;2025-11-08;3;0
17;2025-11-08;4;5
17;2025-11-08;5;136
17;2025-11-08;6;601
17;2025-11-08;7;1278
17;2025-11-08;8;1816
17;2025-11-08;9;2315
17;2025-11-08;10;2605
17;2025-11-08;11;3096
17;2025-11-08;12;3456
17;2025-11-08;13;3679
17;2025-11-08;14;3673
17;2025-11-08;15;3698
17;2025-11-08;16;3704
17;2025-11-08;17;3354
17;2025-11-08;18;3076
17;2025-11-08;19;2401
17;2025-11-08;20;1894
17;2025-11-08;21;1350
17;2025-11-08;22;820
17;2025-11-08;23;454
17;2025-11-09;0;184
17;2025-11-09;1;24
17;2025-11-09;2;0
17;2025-11-09;3;0
17;2025-11-09;4;2
17;2025-11-09;5;109
17;2025-11-09;6;439
17;2025-11-09;7;863
17;2025-11-09;8;1263
17;2025-11-09;9;1712
17;2025-11-09;10;2015
17;2025-11-09;11;2615
17;2025-11-09;12;2927
17;2025-11-09;13;3197
17;2025-11-09;14;3360
17;2025-11-09;15;3275
17;2025-11-09;16;3177
17;2025-11-09;17;3030
17;2025-11-09;18;2599
17;2025-11-09;19;2077
17;2025-11-09;20;1539
17;2025-11-09;21;1134
17;2025-11-09;22;689
17;2025-11-09;23;318
17;2025-11-10;0;127
17;2025-11-10;1;15
17;2025-11-10;2;0
17;2025-11-10;3;0
17;2025-11-10;4;26
17;2025-11-10;5;314
17;2025-11-10;6;1620
17;2025-11-10;7;4433
17;2025-11-10;8;5711
17;2025-11-10;9;4021
17;2025-11-10;10;3086
17;2025-11-10;11;3008
17;2025-11-10;12;3005
17;2025-11-10;13;3143
17;2025-11-10;14;3153
17;2025-11-10;15;3301
17;2025-11-10;16;3794
17;2025-11-10;17;4359
17;2025-11-10;18;4696
17;2025-11-10;19;3243
17;2025-11-10;20;2234
17;2025-11-10;21;1405
17;2025-11-10;22;638
17;2025-11-10;23;338
17;2025-11-11;0;121
17;2025-11-11;1;11
17;2025-11-11;2;0
17;2025-11-11;3;0
17;2025-11-11;4;25
17;2025-11-11;5;322
17;2025-11-11;6;1564
17;2025-11-11;7;4347
17;2025-11-11;8;5496
17;2025-11-11;9;3957
17;2025-11-11;10;3132
17;2025-11-11;11;3100
17;2025-11-11;12;3117
17;2025-11-11;13;3131
17;2025-11-11;14;3271
17;2025-11-11;15;3335
17;2025-11-11;16;3721
17;2025-11-11;17;4607
17;2025-11-11;18;4908
17;2025-11-11;19;3402
17;2025-11-11;20;2384
17;2025-11-11;21;1480
17;2025-11-11;22;710
17;2025-11-11;23;385
17;2025-11-12;0;121
17;2025-11-12;1;11
17;2025-11-12;2;0
17;2025-11-12;3;0
17;2025-11-12;4;25
17;2025-11-12;5;322
17;2025-11-12;6;1564
17;2025-11-12;7;4347
17;2025-11-12;8;5496
17;2025-11-12;9;3957
17;2025-11-12;10;3132
17;2025-11-12;11;3100
17;2025-11-12;12;3117
17;2025-11-12;13;3131
17;2025-11-12;14;3271
17;2025-11-12;15;3335
17;2025-11-12;16;3721
17;2025-11-12;17;4607
17;2025-11-12;18;4908
17;2025-11-12;19;3402
17;2025-11-12;20;2384
17;2025-11-12;21;1480
17;2025-11-12;22;710
17;2025-11-12;23;385
17;2025-11-13;0;121
17;2025-11-13;1;11
17;2025-11-13;2;0
17;2025-11-13;3;0
17;2025-11-13;4;25
17;2025-11-13;5;322
17;2025-11-13;6;1564
17;2025-11-13;7;4347
17;2025-11-13;8;5496
17;2025-11-13;9;3957
17;2025-11-13;10;3132
17;2025-11-13;11;3100
17;2025-11-13;12;3117
17;2025-11-13;13;3131
17;2025-11-13;14;3271
17;2025-11-13;15;3335
17;2025-11-13;16;3721
17;2025-11-13;17;4607
17;2025-11-13;18;4908
17;2025-11-13;19;3402
17;2025-11-13;20;2384
17;2025-11-13;21;1480
17;2025-11-13;22;710
17;2025-11-13;23;385
17;2025-11-14;0;148
17;2025-11-14;1;18
17;2025-11-14;2;0
17;2025-11-14;3;0
17;2025-11-14;4;23
17;2025-11-14;5;314
17;2025-11-14;6;1530
17;2025-11-14;7;4170
17;2025-11-14;8;5295
17;2025-11-14;9;3798
17;2025-11-14;10;3031
17;2025-11-14;11;3109
17;2025-11-14;12;3033
17;2025-11-14;13;3145
17;2025-11-14;14;3253
17;2025-11-14;15;3485
17;2025-11-14;16;4235
17;2025-11-14;17;4802
17;2025-11-14;18;4404
17;2025-11-14;19;3206
17;2025-11-14;20;2380
17;2025-11-14;21;1591
17;2025-11-14;22;727
17;2025-11-14;23;490
17;2025-11-15;0;210
17;2025-11-15;1;28
17;2025-11-15;2;0
17;2025-11-15;3;0
17;2025-11-15;4;5
17;2025-11-15;5;136
17;2025-11-15;6;601
17;2025-11-15;7;1278
17;2025-11-15;8;1816
17;2025-11-15;9;2315
17;2025-11-15;10;2605
17;2025-11-15;11;3096
17;2025-11-15;12;3456
17;2025-11-15;13;3679
17;2025-11-15;14;3673
17;2025-11-15;15;3698
17;2025-11-15;16;3704
17;2025-11-15;17;3354
17;2025-11-15;18;3076
17;2025-11-15;19;2401
17;2025-11-15;20;1894
17;2025-11-15;21;1350
17;2025-11-15;22;820
17;2025-11-15;23;454
17;2025-11-16;0;184
17;2025-11-16;1;24
17;2025-11-16;2;0
17;2025-11-16;3;0
17;2025-11-16;4;2
17;2025-11-16;5;109
17;2025-11-16;6;439
17;2025-11-16;7;863
17;2025-11-16;8;1263
17;2025-11-16;9;1712
17;2025-11-16;10;2015
17;2025-11-16;11;2615
17;2025-11-16;12;2927
17;2025-11-16;13;3197
17;2025-11-16;14;3360
17;2025-11-16;15;3275
17;2025-11-16;16;3177
17;2025-11-16;17;3030
17;2025-11-16;18;2599
17;2025-11-16;19;2077
17;2025-11-16;20;1539
17;2025-11-16;21;1134
17;2025-11-16;22;689
17;2025-11-16;23;318
17;2025-11-17;0;127
17;2025-11-17;1;15
17;2025-11-17;2;0
17;2025-11-17;3;0
17;2025-11-17;4;26
17;2025-11-17;5;314
17;2025-11-17;6;1620
17;2025-11-17;7;4433
17;2025-11-17;8;5711
17;2025-11-17;9;4021
17;2025-11-17;10;3086
17;2025-11-17;11;3008
17;2025-11-17;12;3005
17;2025-11-17;13;3143
17;2025-11-17;14;3153
17;2025-11-17;15;3301
17;2025-11-17;16;3794
17;2025-11-17;17;4359
17;2025-11-17;18;4696
17;2025-11-17;19;3243
17;2025-11-17;20;2234
17;2025-11-17;21;1405
17;2025-11-17;22;638
17;2025-11-17;23;338
17;2025-11-18;0;121
17;2025-11-18;1;11
17;2025-11-18;2;0
17;2025-11-18;3;0
17;2025-11-18;4;25
17;2025-11-18;5;322
17;2025-11-18;6;1564
17;2025-11-18;7;4347
17;2025-11-18;8;5496
17;2025-11-18;9;3957
17;2025-11-18;10;3132
17;2025-11-18;11;3100
17;2025-11-18;12;3117
17;2025-11-18;13;3131
17;2025-11-18;14;3271
17;2025-11-18;15;3335
17;2025-11-18;16;3721
17;2025-11-18;17;4607
17;2025-11-18;18;4908
17;2025-11-18;19;3402
17;2025-11-18;20;2384
17;2025-11-18;21;1480
17;2025-11-18;22;710
17;2025-11-18;23;385
17;2025-11-19;0;121
17;2025-11-19;1;11
17;2025-11-19;2;0
17;2025-11-19;3;0
17;2025-11-19;4;25
17;2025-11-19;5;322
17;2025-11-19;6;1564
17;2025-11-19;7;4347
17;2025-11-19;8;5496
17;2025-11-19;9;3957
17;2025-11-19;10;3132
17;2025-11-19;11;3100
17;2025-11-19;12;3117
17;2025-11-19;13;3131
17;2025-11-19;14;3271
17;2025-11-19;15;3335
17;2025-11-19;16;3721
17;2025-11-19;17;4607
17;2025-11-19;18;4908
17;2025-11-19;19;3402
17;2025-11-19;20;2384
17;2025-11-19;21;1480
17;2025-11-19;22;710
17;2025-11-19;23;385
17;2025-11-20;0;121
17;2025-11-20;1;11
17;2025-11-20;2;0
17;2025-11-20;3;0
17;2025-11-20;4;25
17;2025-11-20;5;322
17;2025-11-20;6;1564
17;2025-11-20;7;4347
17;2025-11-20;8;5496
17;2025-11-20;9;3957
17;2025-11-20;10;3132
17;2025-11-20;11;3100
17;2025-11-20;12;3117
17;2025-11-20;13;3131
17;2025-11-20;14;3271
17;2025-11-20;15;3335
17;2025-11-20;16;3721
17;2025-11-20;17;4607
17;2025-11-20;18;4908
17;2025-11-20;19;3402
17;2025-11-20;20;2384
17;2025-11-20;21;1480
17;2025-11-20;22;710
17;2025-11-20;23;385
17;2025-11-21;0;148
17;2025-11-21;1;18
17;2025-11-21;2;0
17;2025-11-21;3;0
17;2025-11-21;4;23
17;2025-11-21;5;314
17;2025-11-21;6;1530
17;2025-11-21;7;4170
17;2025-11-21;8;5295
17;2025-11-21;9;3798
17;2025-11-21;10;3031
17;2025-11-21;11;3109
17;2025-11-21;12;3033
17;2025-11-21;13;3145
17;2025-11-21;14;3253
17;2025-11-21;15;3485
17;2025-11-21;16;4235
17;2025-11-21;17;4802
17;2025-11-21;18;4404
17;2025-11-21;19;3206
17;2025-11-21;20;2380
17;2025-11-21;21;1591
17;2025-11-21;22;727
17;2025-11-21;23;490
17;2025-11-22;0;210
17;2025-11-22;1;28
17;2025-11-22;2;0
17;2025-11-22;3;0
17;2025-11-22;4;5
17;2025-11-22;5;136
17;2025-11-22;6;601
17;2025-11-22;7;1278
17;2025-11-22;8;1816
17;2025-11-22;9;2315
17;2025-11-22;10;2605
17;2025-11-22;11;3096
17;2025-11-22;12;3456
17;2025-11-22;13;3679
17;2025-11-22;14;3673
17;2025-11-22;15;3698
17;2025-11-22;16;3704
17;2025-11-22;17;3354
17;2025-11-22;18;3076
17;2025-11-22;19;2401
17;2025-11-22;20;1894
17;2025-11-22;21;1350
17;2025-11-22;22;820
17;2025-11-22;23;454
17;2025-11-23;0;184
17;2025-11-23;1;24
17;2025-11-23;2;0
17;2025-11-23;3;0
17;2025-11-23;4;2
17;2025-11-23;5;109
17;2025-11-23;6;439
17;2025-11-23;7;863
17;2025-11-23;8;1263
17;2025-11-23;9;1712
17;2025-11-23;10;2015
17;2025-11-23;11;2615
17;2025-11-23;12;2927
17;2025-11-23;13;3197
17;2025-11-23;14;3360
17;2025-11-23;15;3275
17;2025-11-23;16;3177
17;2025-11-23;17;3030
17;2025-11-23;18;2599
17;2025-11-23;19;2077
17;2025-11-23;20;1539
17;2025-11-23;21;1134
17;2025-11-23;22;689
17;2025-11-23;23;318
17;2025-11-24;0;127
17;2025-11-24;1;15
17;2025-11-24;2;0
17;2025-11-24;3;0
17;2025-11-24;4;26
17;2025-11-24;5;314
17;2025-11-24;6;1620
17;2025-11-24;7;4433
17;2025-11-24;8;5711
17;2025-11-24;9;4021
17;2025-11-24;10;3086
17;2025-11-24;11;3008
17;2025-11-24;12;3005
17;2025-11-24;13;3143
17;2025-11-24;14;3153
17;2025-11-24;15;3301
17;2025-11-24;16;3794
17;2025-11-24;17;4359
17;2025-11-24;18;4696
17;2025-11-24;19;3243
17;2025-11-24;20;2234
17;2025-11-24;21;1405
17;2025-11-24;22;638
17;2025-11-24;23;338
17;2025-11-25;0;121
17;2025-11-25;1;11
17;2025-11-25;2;0
17;2025-11-25;3;0
17;2025-11-25;4;25
17;2025-11-25;5;322
17;2025-11-25;6;1564
17;2025-11-25;7;4347
17;2025-11-25;8;5496
17;2025-11-25;9;3957
17;2025-11-25;10;3132
17;2025-11-25;11;3100
17;2025-11-25;12;3117
17;2025-11-25;13;3131
17;2025-11-25;14;3271
17;2025-11-25;15;3335
17;2025-11-25;16;3721
17;2025-11-25;17;4607
17;2025-11-25;18;4908
17;2025-11-25;19;3402
17;2025-11-25;20;2384
17;2025-11-25;21;1480
17;2025-11-25;22;710
17;2025-11-25;23;385
17;2025-11-26;0;121
17;2025-11-26;1;11
17;2025-11-26;2;0
17;2025-11-26;3;0
17;2025-11-26;4;25
17;2025-11-26;5;322
17;2025-11-26;6;1564
17;2025-11-26;7;4347
17;2025-11-26;8;5496
17;2025-11-26;9;3957
17;2025-11-26;10;3132
17;2025-11-26;11;3100
17;2025-11-26;12;3117
17;2025-11-26;13;3131
17;2025-11-26;14;3271
17;2025-11-26;15;3335
17;2025-11-26;16;3721
17;2025-11-26;17;4607
17;2025-11-26;18;4908
17;2025-11-26;19;3402
17;2025-11-26;20;2384
17;2025-11-26;21;1480
17;2025-11-26;22;710
17;2025-11-26;23;385
17;2025-11-27;0;121
17;2025-11-27;1;11
17;2025-11-27;2;0
17;2025-11-27;3;0
17;2025-11-27;4;25
17;2025-11-27;5;322
17;2025-11-27;6;1564
17;2025-11-27;7;4347
17;2025-11-27;8;5496
17;2025-11-27;9;3957
17;2025-11-27;10;3132
17;2025-11-27;11;3100
17;2025-11-27;12;3117
17;2025-11-27;13;3131
17;2025-11-27;14;3271
17;2025-11-27;15;3335
17;2025-11-27;16;3721
17;2025-11-27;17;4607
17;2025-11-27;18;4908
17;2025-11-27;19;3402
17;2025-11-27;20;2384
17;2025-11-27;21;1480
17;2025-11-27;22;710
17;2025-11-27;23;385
17;2025-11-28;0;148
17;2025-11-28;1;18
17;2025-11-28;2;0
17;2025-11-28;3;0
17;2025-11-28;4;23
17;2025-11-28;5;314
17;2025-11-28;6;1530
17;2025-11-28;7;4170
17;2025-11-28;8;5295
17;2025-11-28;9;3798
17;2025-11-28;10;3031
17;2025-11-28;11;3109
17;2025-11-28;12;3033
17;2025-11-28;13;3145
17;2025-11-28;14;3253
17;2025-11-28;15;3485
17;2025-11-28;16;4235
17;2025-11-28;17;4802
17;2025-11-28;18;4404
17;2025-11-28;19;3206
17;2025-11-28;20;2380
17;2025-11-28;21;1591
17;2025-11-28;22;727
17;2025-11-28;23;490
17;2025-11-29;0;210
17;2025-11-29;1;28
17;2025-11-29;2;0
17;2025-11-29;3;0
17;2025-11-29;4;5
17;2025-11-29;5;136
17;2025-11-29;6;601
17;2025-11-29;7;1278
17;2025-11-29;8;1816
17;2025-11-29;9;2315
17;2025-11-29;10;2605
17;2025-11-29;11;3096
17;2025-11-29;12;3456
17;2025-11-29;13;3679
17;2025-11-29;14;3673
17;2025-11-29;15;3698
17;2025-11-29;16;3704
17;2025-11-29;17;3354
17;2025-11-29;18;3076
17;2025-11-29;19;2401
17;2025-11-29;20;1894
17;2025-11-29;21;1350
17;2025-11-29;22;820
17;2025-11-29;23;454
17;2025-11-30;0;184
17;2025-11-30;1;24
17;2025-11-30;2;0
17;2025-11-30;3;0
17;2025-11-30;4;2
17;2025-11-30;5;109
17;2025-11-30;6;439
17;2025-11-30;7;863
17;2025-11-30;8;1263
17;2025-11-30;9;1712
17;2025-11-30;10;2015
17;2025-11-30;11;2615
17;2025-11-30;12;2927
17;2025-11-30;13;3197
17;2025-11-30;14;3360
17;2025-11-30;15;3275
17;2025-11-30;16;3177
17;2025-11-30;17;3030
17;2025-11-30;18;2599
17;2025-11-30;19;2077
17;2025-11-30;20;1539
17;2025-11-30;21;1134
17;2025-11-30;22;689
17;2025-11-30;23;318
17;2025-12-01;0;127
17;2025-12-01;1;15
17;2025-12-01;2;0
17;2025-12-01;3;0
17;2025-12-01;4;26
17;2025-12-01;5;314
17;2025-12-01;6;1620
17;2025-12-01;7;4433
17;2025-12-01;8;5711
17;2025-12-01;9;4021
17;2025-12-01;10;3086
17;2025-12-01;11;3008
17;2025-12-01;12;3005
17;2025-12-01;13;3143
17;2025-12-01;14;3153
17;2025-12-01;15;3301
17;2025-12-01;16;3794
17;2025-12-01;17;4359
17;2025-12-01;18;4696
17;2025-12-01;19;3243
17;2025-12-01;20;2234
17;2025-12-01;21;1405
17;2025-12-01;22;638
17;2025-12-01;23;338
17;2025-12-02;0;121
17;2025-12-02;1;11
17;2025-12-02;2;0
17;2025-12-02;3;0
17;2025-12-02;4;25
17;2025-12-02;5;322
17;2025-12-02;6;1564
17;2025-12-02;7;4347
17;2025-12-02;8;5496
17;2025-12-02;9;3957
17;2025-12-02;10;3132
17;2025-12-02;11;3100
17;2025-12-02;12;3117
17;2025-12-02;13;3131
17;2025-12-02;14;3271
17;2025-12-02;15;3335
17;2025-12-02;16;3721
17;2025-12-02;17;4607
17;2025-12-02;18;4908
17;2025-12-02;19;3402
17;2025-12-02;20;2384
17;2025-12-02;21;1480
17;2025-12-02;22;710
17;2025-12-02;23;385
17;2025-12-03;0;121
17;2025-12-03;1;11
17;2025-12-03;2;0
17;2025-12-03;3;0
17;2025-12-03;4;25
17;2025-12-03;5;322
17;2025-12-03;6;1564
17;2025-12-03;7;4347
17;2025-12-03;8;5496
17;2025-12-03;9;3957
17;2025-12-03;10;3132
17;2025-12-03;11;3100
17;2025-12-03;12;3117
17;2025-12-03;13;3131
17;2025-12-03;14;3271
17;2025-12-03;15;3335
17;2025-12-03;16;3721
17;2025-12-03;17;4607
17;2025-12-03;18;4908
17;2025-12-03;19;3402
17;2025-12-03;20;2384
17;2025-12-03;21;1480
17;2025-12-03;22;710
17;2025-12-03;23;385
17;2025-12-04;0;121
17;2025-12-04;1;11
17;2025-12-04;2;0
17;2025-12-04;3;0
17;2025-12-04;4;25
17;2025-12-04;5;322
17;2025-12-04;6;1564
17;2025-12-04;7;4347
17;2025-12-04;8;5496
17;2025-12-04;9;3957
17;2025-12-04;10;3132
17;2025-12-04;11;3100
17;2025-12-04;12;3117
17;2025-12-04;13;3131
17;2025-12-04;14;3271
17;2025-12-04;15;3335
17;2025-12-04;16;3721
17;2025-12-04;17;4607
17;2025-12-04;18;4908
17;2025-12-04;19;3402
17;2025-12-04;20;2384
17;2025-12-04;21;1480
17;2025-12-04;22;710
17;2025-12-04;23;385
17;2025-12-05;0;148
17;2025-12-05;1;18
17;2025-12-05;2;0
17;2025-12-05;3;0
17;2025-12-05;4;23
17;2025-12-05;5;314
17;2025-12-05;6;1530
17;2025-12-05;7;4170
17;2025-12-05;8;5295
17;2025-12-05;9;3798
17;2025-12-05;10;3031
17;2025-12-05;11;3109
17;2025-12-05;12;3033
17;2025-12-05;13;3145
17;2025-12-05;14;3253
17;2025-12-05;15;3485
17;2025-12-05;16;4235
17;2025-12-05;17;4802
17;2025-12-05;18;4404
17;2025-12-05;19;3206
17;2025-12-05;20;2380
17;2025-12-05;21;1591
17;2025-12-05;22;727
17;2025-12-05;23;490
17;2025-12-06;0;210
17;2025-12-06;1;28
17;2025-12-06;2;0
17;2025-12-06;3;0
17;2025-12-06;4;5
17;2025-12-06;5;136
17;2025-12-06;6;601
17;2025-12-06;7;1278
17;2025-12-06;8;1816
17;2025-12-06;9;2315
17;2025-12-06;10;2605
17;2025-12-06;11;3096
17;2025-12-06;12;3456
17;2025-12-06;13;3679
17;2025-12-06;14;3673
17;2025-12-06;15;3698
17;2025-12-06;16;3704
17;2025-12-06;17;3354
17;2025-12-06;18;3076
17;2025-12-06;19;2401
17;2025-12-06;20;1894
17;2025-12-06;21;1350
17;2025-12-06;22;820
17;2025-12-06;23;454
17;2025-12-07;0;184
17;2025-12-07;1;24
17;2025-12-07;2;0
17;2025-12-07;3;0
17;2025-12-07;4;2
17;2025-12-07;5;109
17;2025-12-07;6;439
17;2025-12-07;7;863
17;2025-12-07;8;1263
17;2025-12-07;9;1712
17;2025-12-07;10;2015
17;2025-12-07;11;2615
17;2025-12-07;12;2927
17;2025-12-07;13;3197
17;2025-12-07;14;3360
17;2025-12-07;15;3275
17;2025-12-07;16;3177
17;2025-12-07;17;3030
17;2025-12-07;18;2599
17;2025-12-07;19;2077
17;2025-12-07;20;1539
17;2025-12-07;21;1134
17;2025-12-07;22;689
17;2025-12-07;23;318
17;2025-12-08;0;127
17;2025-12-08;1;15
17;2025-12-08;2;0
17;2025-12-08;3;0
17;2025-12-08;4;26
17;2025-12-08;5;314
17;2025-12-08;6;1620
17;2025-12-08;7;4433
17;2025-12-08;8;5711
17;2025-12-08;9;4021
17;2025-12-08;10;3086
17;2025-12-08;11;3008
17;2025-12-08;12;3005
17;2025-12-08;13;3143
17;2025-12-08;14;3153
17;2025-12-08;15;3301
17;2025-12-08;16;3794
17;2025-12-08;17;4359
17;2025-12-08;18;4696
17;2025-12-08;19;3243
17;2025-12-08;20;2234
17;2025-12-08;21;1405
17;2025-12-08;22;638
17;2025-12-08;23;338
17;2025-12-09;0;121
17;2025-12-09;1;11
17;2025-12-09;2;0
17;2025-12-09;3;0
17;2025-12-09;4;25
17;2025-12-09;5;322
17;2025-12-09;6;1564
17;2025-12-09;7;4347
17;2025-12-09;8;5496
17;2025-12-09;9;3957
17;2025-12-09;10;3132
17;2025-12-09;11;3100
17;2025-12-09;12;3117
17;2025-12-09;13;3131
17;2025-12-09;14;3271
17;2025-12-09;15;3335
17;2025-12-09;16;3721
17;2025-12-09;17;4607
17;2025-12-09;18;4908
17;2025-12-09;19;3402
17;2025-12-09;20;2384
17;2025-12-09;21;1480
17;2025-12-09;22;710
17;2025-12-09;23;385
17;2025-12-10;0;121
17;2025-12-10;1;11
17;2025-12-10;2;0
17;2025-12-10;3;0
17;2025-12-10;4;25
17;2025-12-10;5;322
17;2025-12-10;6;1564
17;2025-12-10;7;4347
17;2025-12-10;8;5496
17;2025-12-10;9;3957
17;2025-12-10;10;3132
17;2025-12-10;11;3100
17;2025-12-10;12;3117
17;2025-12-10;13;3131
17;2025-12-10;14;3271
17;2025-12-10;15;3335
17;2025-12-10;16;3721
17;2025-12-10;17;4607
17;2025-12-10;18;4908
17;2025-12-10;19;3402
17;2025-12-10;20;2384
17;2025-12-10;21;1480
17;2025-12-10;22;710
17;2025-12-10;23;385
17;2025-12-11;0;121
17;2025-12-11;1;11
17;2025-12-11;2;0
17;2025-12-11;3;0
17;2025-12-11;4;25
17;2025-12-11;5;322
17;2025-12-11;6;1564
17;2025-12-11;7;4347
17;2025-12-11;8;5496
17;2025-12-11;9;3957
17;2025-12-11;10;3132
17;2025-12-11;11;3100
17;2025-12-11;12;3117
17;2025-12-11;13;3131
17;2025-12-11;14;3271
17;2025-12-11;15;3335
17;2025-12-11;16;3721
17;2025-12-11;17;4607
17;2025-12-11;18;4908
17;2025-12-11;19;3402
17;2025-12-11;20;2384
17;2025-12-11;21;1480
17;2025-12-11;22;710
17;2025-12-11;23;385
17;2025-12-12;0;148
17;2025-12-12;1;18
17;2025-12-12;2;0
17;2025-12-12;3;0
17;2025-12-12;4;23
17;2025-12-12;5;314
17;2025-12-12;6;1530
17;2025-12-12;7;4170
17;2025-12-12;8;5295
17;2025-12-12;9;3798
17;2025-12-12;10;3031
17;2025-12-12;11;3109
17;2025-12-12;12;3033
17;2025-12-12;13;3145
17;2025-12-12;14;3253
17;2025-12-12;15;3485
17;2025-12-12;16;4235
17;2025-12-12;17;4802
17;2025-12-12;18;4404
17;2025-12-12;19;3206
17;2025-12-12;20;2380
17;2025-12-12;21;1591
17;2025-12-12;22;727
17;2025-12-12;23;490
17;2025-12-13;0;210
17;2025-12-13;1;28
17;2025-12-13;2;0
17;2025-12-13;3;0
17;2025-12-13;4;5
17;2025-12-13;5;136
17;2025-12-13;6;601
17;2025-12-13;7;1278
17;2025-12-13;8;1816
17;2025-12-13;9;2315
17;2025-12-13;10;2605
17;2025-12-13;11;3096
17;2025-12-13;12;3456
17;2025-12-13;13;3679
17;2025-12-13;14;3673
17;2025-12-13;15;3698
17;2025-12-13;16;3704
17;2025-12-13;17;3354
17;2025-12-13;18;3076
17;2025-12-13;19;2401
17;2025-12-13;20;1894
17;2025-12-13;21;1350
17;2025-12-13;22;820
17;2025-12-13;23;454
17;2025-12-14;0;184
17;2025-12-14;1;24
17;2025-12-14;2;0
17;2025-12-14;3;0
17;2025-12-14;4;2
17;2025-12-14;5;109
17;2025-12-14;6;439
17;2025-12-14;7;863
17;2025-12-14;8;1263
17;2025-12-14;9;1712
17;2025-12-14;10;2015
17;2025-12-14;11;2615
17;2025-12-14;12;2927
17;2025-12-14;13;3197
17;2025-12-14;14;3360
17;2025-12-14;15;3275
17;2025-12-14;16;3177
17;2025-12-14;17;3030
17;2025-12-14;18;2599
17;2025-12-14;19;2077
17;2025-12-14;20;1539
17;2025-12-14;21;1134
17;2025-12-14;22;689
17;2025-12-14;23;318
17;2025-12-15;0;127
17;2025-12-15;1;15
17;2025-12-15;2;0
17;2025-12-15;3;0
17;2025-12-15;4;26
17;2025-12-15;5;314
17;2025-12-15;6;1620
17;2025-12-15;7;4433
17;2025-12-15;8;5711
17;2025-12-15;9;4021
17;2025-12-15;10;3086
17;2025-12-15;11;3008
17;2025-12-15;12;3005
17;2025-12-15;13;3143
17;2025-12-15;14;3153
17;2025-12-15;15;3301
17;2025-12-15;16;3794
17;2025-12-15;17;4359
17;2025-12-15;18;4696
17;2025-12-15;19;3243
17;2025-12-15;20;2234
17;2025-12-15;21;1405
17;2025-12-15;22;638
17;2025-12-15;23;338
17;2025-12-16;0;121
17;2025-12-16;1;11
17;2025-12-16;2;0
17;2025-12-16;3;0
17;2025-12-16;4;25
17;2025-12-16;5;322
17;2025-12-16;6;1564
17;2025-12-16;7;4347
17;2025-12-16;8;5496
17;2025-12-16;9;3957
17;2025-12-16;10;3132
17;2025-12-16;11;3100
17;2025-12-16;12;3117
17;2025-12-16;13;3131
17;2025-12-16;14;3271
17;2025-12-16;15;3335
17;2025-12-16;16;3721
17;2025-12-16;17;4607
17;2025-12-16;18;4908
17;2025-12-16;19;3402
17;2025-12-16;20;2384
17;2025-12-16;21;1480
17;2025-12-16;22;710
17;2025-12-16;23;385
17;2025-12-17;0;121
17;2025-12-17;1;11
17;2025-12-17;2;0
17;2025-12-17;3;0
17;2025-12-17;4;25
17;2025-12-17;5;322
17;2025-12-17;6;1564
17;2025-12-17;7;4347
17;2025-12-17;8;5496
17;2025-12-17;9;3957
17;2025-12-17;10;3132
17;2025-12-17;11;3100
17;2025-12-17;12;3117
17;2025-12-17;13;3131
17;2025-12-17;14;3271
17;2025-12-17;15;3335
17;2025-12-17;16;3721
17;2025-12-17;17;4607
17;2025-12-17;18;4908
17;2025-12-17;19;3402
17;2025-12-17;20;2384
17;2025-12-17;21;1480
17;2025-12-17;22;710
17;2025-12-17;23;385
17;2025-12-18;0;121
17;2025-12-18;1;11
17;2025-12-18;2;0
17;2025-12-18;3;0
17;2025-12-18;4;25
17;2025-12-18;5;322
17;2025-12-18;6;1564
17;2025-12-18;7;4347
17;2025-12-18;8;5496
17;2025-12-18;9;3957
17;2025-12-18;10;3132
17;2025-12-18;11;3100
17;2025-12-18;12;3117
17;2025-12-18;13;3131
17;2025-12-18;14;3271
17;2025-12-18;15;3335
17;2025-12-18;16;3721
17;2025-12-18;17;4607
17;2025-12-18;18;4908
17;2025-12-18;19;3402
17;2025-12-18;20;2384
17;2025-12-18;21;1480
17;2025-12-18;22;710
17;2025-12-18;23;385
17;2025-12-19;0;148
17;2025-12-19;1;18
17;2025-12-19;2;0
17;2025-12-19;3;0
17;2025-12-19;4;23
17;2025-12-19;5;314
17;2025-12-19;6;1530
17;2025-12-19;7;4170
17;2025-12-19;8;5295
17;2025-12-19;9;3798
17;2025-12-19;10;3031
17;2025-12-19;11;3109
17;2025-12-19;12;3033
17;2025-12-19;13;3145
17;2025-12-19;14;3253
17;2025-12-19;15;3485
17;2025-12-19;16;4235
17;2025-12-19;17;4802
17;2025-12-19;18;4404
17;2025-12-19;19;3206
17;2025-12-19;20;2380
17;2025-12-19;21;1591
17;2025-12-19;22;727
17;2025-12-19;23;490
17;2025-12-20;0;210
17;2025-12-20;1;28
17;2025-12-20;2;0
17;2025-12-20;3;0
17;2025-12-20;4;5
17;2025-12-20;5;136
17;2025-12-20;6;601
17;2025-12-20;7;1278
17;2025-12-20;8;1816
17;2025-12-20;9;2315
17;2025-12-20;10;2605
17;2025-12-20;11;3096
17;2025-12-20;12;3456
17;2025-12-20;13;3679
17;2025-12-20;14;3673
17;2025-12-20;15;3698
17;2025-12-20;16;3704
17;2025-12-20;17;3354
17;2025-12-20;18;3076
17;2025-12-20;19;2401
17;2025-12-20;20;1894
17;2025-12-20;21;1350
17;2025-12-20;22;820
17;2025-12-20;23;454
17;2025-12-21;0;184
17;2025-12-21;1;24
17;2025-12-21;2;0
17;2025-12-21;3;0
17;2025-12-21;4;2
17;2025-12-21;5;109
17;2025-12-21;6;439
17;2025-12-21;7;863
17;2025-12-21;8;1263
17;2025-12-21;9;1712
17;2025-12-21;10;2015
17;2025-12-21;11;2615
17;2025-12-21;12;2927
17;2025-12-21;13;3197
17;2025-12-21;14;3360
17;2025-12-21;15;3275
17;2025-12-21;16;3177
17;2025-12-21;17;3030
17;2025-12-21;18;2599
17;2025-12-21;19;2077
17;2025-12-21;20;1539
17;2025-12-21;21;1134
17;2025-12-21;22;689
17;2025-12-21;23;318
17;2025-12-22;0;127
17;2025-12-22;1;15
17;2025-12-22;2;0
17;2025-12-22;3;0
17;2025-12-22;4;26
17;2025-12-22;5;314
17;2025-12-22;6;1620
17;2025-12-22;7;4433
17;2025-12-22;8;5711
17;2025-12-22;9;4021
17;2025-12-22;10;3086
17;2025-12-22;11;3008
17;2025-12-22;12;3005
17;2025-12-22;13;3143
17;2025-12-22;14;3153
17;2025-12-22;15;3301
17;2025-12-22;16;3794
17;2025-12-22;17;4359
17;2025-12-22;18;4696
17;2025-12-22;19;3243
17;2025-12-22;20;2234
17;2025-12-22;21;1405
17;2025-12-22;22;638
17;2025-12-22;23;338
17;2025-12-23;0;121
17;2025-12-23;1;11
17;2025-12-23;2;0
17;2025-12-23;3;0
17;2025-12-23;4;25
17;2025-12-23;5;322
17;2025-12-23;6;1564
17;2025-12-23;7;4347
17;2025-12-23;8;5496
17;2025-12-23;9;3957
17;2025-12-23;10;3132
17;2025-12-23;11;3100
17;2025-12-23;12;3117
17;2025-12-23;13;3131
17;2025-12-23;14;3271
17;2025-12-23;15;3335
17;2025-12-23;16;3721
17;2025-12-23;17;4607
17;2025-12-23;18;4908
17;2025-12-23;19;3402
17;2025-12-23;20;2384
17;2025-12-23;21;1480
17;2025-12-23;22;710
17;2025-12-23;23;385
17;2025-12-24;0;121
17;2025-12-24;1;11
17;2025-12-24;2;0
17;2025-12-24;3;0
17;2025-12-24;4;25
17;2025-12-24;5;322
17;2025-12-24;6;1564
17;2025-12-24;7;4347
17;2025-12-24;8;5496
17;2025-12-24;9;3957
17;2025-12-24;10;3132
17;2025-12-24;11;3100
17;2025-12-24;12;3117
17;2025-12-24;13;3131
17;2025-12-24;14;3271
17;2025-12-24;15;3335
17;2025-12-24;16;3721
17;2025-12-24;17;4607
17;2025-12-24;18;4908
17;2025-12-24;19;3402
17;2025-12-24;20;2384
17;2025-12-24;21;1480
17;2025-12-24;22;710
17;2025-12-24;23;385
17;2025-12-25;0;121
17;2025-12-25;1;11
17;2025-12-25;2;0
17;2025-12-25;3;0
17;2025-12-25;4;25
17;2025-12-25;5;322
17;2025-12-25;6;1564
17;2025-12-25;7;4347
17;2025-12-25;8;5496
17;2025-12-25;9;3957
17;2025-12-25;10;3132
17;2025-12-25;11;3100
17;2025-12-25;12;3117
17;2025-12-25;13;3131
17;2025-12-25;14;3271
17;2025-12-25;15;3335
17;2025-12-25;16;3721
17;2025-12-25;17;4607
17;2025-12-25;18;4908
17;2025-12-25;19;3402
17;2025-12-25;20;2384
17;2025-12-25;21;1480
17;2025-12-25;22;710
17;2025-12-25;23;385
17;2025-12-26;0;148
17;2025-12-26;1;18
17;2025-12-26;2;0
17;2025-12-26;3;0
17;2025-12-26;4;23
17;2025-12-26;5;314
17;2025-12-26;6;1530
17;2025-12-26;7;4170
17;2025-12-26;8;5295
17;2025-12-26;9;3798
17;2025-12-26;10;3031
17;2025-12-26;11;3109
17;2025-12-26;12;3033
17;2025-12-26;13;3145
17;2025-12-26;14;3253
17;2025-12-26;15;3485
17;2025-12-26;16;4235
17;2025-12-26;17;4802
17;2025-12-26;18;4404
17;2025-12-26;19;3206
17;2025-12-26;20;2380
17;2025-12-26;21;1591
17;2025-12-26;22;727
17;2025-12-26;23;490
17;2025-12-27;0;210
17;2025-12-27;1;28
17;2025-12-27;2;0
17;2025-12-27;3;0
17;2025-12-27;4;5
17;2025-12-27;5;136
17;2025-12-27;6;601
17;2025-12-27;7;1278
17;2025-12-27;8;1816
17;2025-12-27;9;2315
17;2025-12-27;10;2605
17;2025-12-27;11;3096
17;2025-12-27;12;3456
17;2025-12-27;13;3679
17;2025-12-27;14;3673
17;2025-12-27;15;3698
17;2025-12-27;16;3704
17;2025-12-27;17;3354
17;2025-12-27;18;3076
17;2025-12-27;19;2401
17;2025-12-27;20;1894
17;2025-12-27;21;1350
17;2025-12-27;22;820
17;2025-12-27;23;454
17;2025-12-28;0;184
17;2025-12-28;1;24
17;2025-12-28;2;0
17;2025-12-28;3;0
17;2025-12-28;4;2
17;2025-12-28;5;109
17;2025-12-28;6;439
17;2025-12-28;7;863
17;2025-12-28;8;1263
17;2025-12-28;9;1712
17;2025-12-28;10;2015
17;2025-12-28;11;2615
17;2025-12-28;12;2927
17;2025-12-28;13;3197
17;2025-12-28;14;3360
17;2025-12-28;15;3275
17;2025-12-28;16;3177
17;2025-12-28;17;3030
17;2025-12-28;18;2599
17;2025-12-28;19;2077
17;2025-12-28;20;1539
17;2025-12-28;21;1134
17;2025-12-28;22;689
17;2025-12-28;23;318
17;2025-12-29;0;108
17;2025-12-29;1;13
17;2025-12-29;2;0
17;2025-12-29;3;0
17;2025-12-29;4;22
17;2025-12-29;5;266
17;2025-12-29;6;1377
17;2025-12-29;7;3768
17;2025-12-29;8;4855
17;2025-12-29;9;3418
17;2025-12-29;10;2623
17;2025-12-29;11;2557
17;2025-12-29;12;2554
17;2025-12-29;13;2671
17;2025-12-29;14;2680
17;2025-12-29;15;2806
17;2025-12-29;16;3225
17;2025-12-29;17;3705
17;2025-12-29;18;3992
17;2025-12-29;19;2756
17;2025-12-29;20;1899
17;2025-12-29;21;1194
17;2025-12-29;22;542
17;2025-12-29;23;287
17;2025-12-30;0;102
17;2025-12-30;1;10
17;2025-12-30;2;0
17;2025-12-30;3;0
17;2025-12-30;4;21
17;2025-12-30;5;274
17;2025-12-30;6;1329
17;2025-12-30;7;3695
17;2025-12-30;8;4672
17;2025-12-30;9;3363
17;2025-12-30;10;2663
17;2025-12-30;11;2635
17;2025-12-30;12;2650
17;2025-12-30;13;2662
17;2025-12-30;14;2781
17;2025-12-30;15;2835
17;2025-12-30;16;3162
17;2025-12-30;17;3916
17;2025-12-30;18;4172
17;2025-12-30;19;2892
17;2025-12-30;20;2026
17;2025-12-30;21;1258
17;2025-12-30;22;603
17;2025-12-30;23;327
17;2025-12-31;0;156
17;2025-12-31;1;20
17;2025-12-31;2;0
17;2025-12-31;3;0
17;2025-12-31;4;2
17;2025-12-31;5;93
17;2025-12-31;6;373
17;2025-12-31;7;733
17;2025-12-31;8;1073
17;2025-12-31;9;1455
17;2025-12-31;10;1713
17;2025-12-31;11;2223
17;2025-12-31;12;2488
17;2025-12-31;13;2717
17;2025-12-31;14;2856
17;2025-12-31;15;2784
17;2025-12-31;16;2700
17;2025-12-31;17;2575
17;2025-12-31;18;2209
17;2025-12-31;19;1765
17;2025-12-31;20;1308
17;2025-12-31;21;964
17;2025-12-31;22;585
17;2025-12-31;23;271
25;2025-11-01;0;0
25;2025-11-01;1;0
25;2025-11-01;2;0
25;2025-11-01;3;0
25;2025-11-01;4;0
25;2025-11-01;5;17
25;2025-11-01;6;256
25;2025-11-01;7;541
25;2025-11-01;8;811
25;2025-11-01;9;412
25;2025-11-01;10;365
25;2025-11-01;11;438
25;2025-11-01;12;408
25;2025-11-01;13;514
25;2025-11-01;14;439
25;2025-11-01;15;597
25;2025-11-01;16;774
25;2025-11-01;17;758
25;2025-11-01;18;654
25;2025-11-01;19;579
25;2025-11-01;20;317
25;2025-11-01;21;213
25;2025-11-01;22;100
25;2025-11-01;23;14
25;2025-11-02;0;14
25;2025-11-02;1;0
25;2025-11-02;2;0
25;2025-11-02;3;0
25;2025-11-02;4;0
25;2025-11-02;5;9
25;2025-11-02;6;100
25;2025-11-02;7;98
25;2025-11-02;8;186
25;2025-11-02;9;222
25;2025-11-02;10;211
25;2025-11-02;11;306
25;2025-11-02;12;368
25;2025-11-02;13;486
25;2025-11-02;14;562
25;2025-11-02;15;655
25;2025-11-02;16;545
25;2025-11-02;17;534
25;2025-11-02;18;428
25;2025-11-02;19;295
25;2025-11-02;20;235
25;2025-11-02;21;135
25;2025-11-02;22;93
25;2025-11-02;23;33
25;2025-11-03;0;14
25;2025-11-03;1;0
25;2025-11-03;2;0
25;2025-11-03;3;0
25;2025-11-03;4;0
25;2025-11-03;5;9
25;2025-11-03;6;100
25;2025-11-03;7;98
25;2025-11-03;8;186
25;2025-11-03;9;222
25;2025-11-03;10;211
25;2025-11-03;11;306
25;2025-11-03;12;368
25;2025-11-03;13;486
25;2025-11-03;14;562
25;2025-11-03;15;655
25;2025-11-03;16;545
25;2025-11-03;17;534
25;2025-11-03;18;428
25;2025-11-03;19;295
25;2025-11-03;20;235
25;2025-11-03;21;135
25;2025-11-03;22;93
25;2025-11-03;23;33
25;2025-11-04;0;14
25;2025-11-04;1;0
25;2025-11-04;2;0
25;2025-11-04;3;0
25;2025-11-04;4;0
25;2025-11-04;5;9
25;2025-11-04;6;100
25;2025-11-04;7;98
25;2025-11-04;8;186
25;2025-11-04;9;222
25;2025-11-04;10;211
25;2025-11-04;11;306
25;2025-11-04;12;368
25;2025-11-04;13;486
25;2025-11-04;14;562
25;2025-11-04;15;655
25;2025-11-04;16;545
25;2025-11-04;17;534
25;2025-11-04;18;428
25;2025-11-04;19;295
25;2025-11-04;20;235
25;2025-11-04;21;135
25;2025-11-04;22;93
25;2025-11-04;23;33
25;2025-11-05;0;0
25;2025-11-05;1;0
25;2025-11-05;2;0
25;2025-11-05;3;0
25;2025-11-05;4;0
25;2025-11-05;5;20
25;2025-11-05;6;277
25;2025-11-05;7;538
25;2025-11-05;8;908
25;2025-11-05;9;459
25;2025-11-05;10;379
25;2025-11-05;11;452
25;2025-11-05;12;439
25;2025-11-05;13;544
25;2025-11-05;14;487
25;2025-11-05;15;616
25;2025-11-05;16;693
25;2025-11-05;17;810
25;2025-11-05;18;784
25;2025-11-05;19;616
25;2025-11-05;20;342
25;2025-11-05;21;231
25;2025-11-05;22;89
25;2025-11-05;23;6
25;2025-11-06;0;0
25;2025-11-06;1;0
25;2025-11-06;2;0
25;2025-11-06;3;0
25;2025-11-06;4;0
25;2025-11-06;5;20
25;2025-11-06;6;277
25;2025-11-06;7;538
25;2025-11-06;8;908
25;2025-11-06;9;459
25;2025-11-06;10;379
25;2025-11-06;11;452
25;2025-11-06;12;439
25;2025-11-06;13;544
25;2025-11-06;14;487
25;2025-11-06;15;616
25;2025-11-06;16;693
25;2025-11-06;17;810
25;2025-11-06;18;784
25;2025-11-06;19;616
25;2025-11-06;20;342
25;2025-11-06;21;231
25;2025-11-06;22;89
25;2025-11-06;23;6
25;2025-11-07;0;0
25;2025-11-07;1;0
25;2025-11-07;2;0
25;2025-11-07;3;0
25;2025-11-07;4;0
25;2025-11-07;5;20
25;2025-11-07;6;297
25;2025-11-07;7;627
25;2025-11-07;8;940
25;2025-11-07;9;477
25;2025-11-07;10;423
25;2025-11-07;11;507
25;2025-11-07;12;473
25;2025-11-07;13;595
25;2025-11-07;14;509
25;2025-11-07;15;692
25;2025-11-07;16;897
25;2025-11-07;17;878
25;2025-11-07;18;758
25;2025-11-07;19;671
25;2025-11-07;20;367
25;2025-11-07;21;246
25;2025-11-07;22;116
25;2025-11-07;23;16
25;2025-11-08;0;0
25;2025-11-08;1;0
25;2025-11-08;2;0
25;2025-11-08;3;0
25;2025-11-08;4;0
25;2025-11-08;5;20
25;2025-11-08;6;140
25;2025-11-08;7;140
25;2025-11-08;8;313
25;2025-11-08;9;257
25;2025-11-08;10;293
25;2025-11-08;11;394
25;2025-11-08;12;396
25;2025-11-08;13;656
25;2025-11-08;14;667
25;2025-11-08;15;789
25;2025-11-08;16;701
25;2025-11-08;17;579
25;2025-11-08;18;516
25;2025-11-08;19;446
25;2025-11-08;20;254
25;2025-11-08;21;186
25;2025-11-08;22;117
25;2025-11-08;23;43
25;2025-11-09;0;14
25;2025-11-09;1;0
25;2025-11-09;2;0
25;2025-11-09;3;0
25;2025-11-09;4;0
25;2025-11-09;5;9
25;2025-11-09;6;100
25;2025-11-09;7;98
25;2025-11-09;8;186
25;2025-11-09;9;222
25;2025-11-09;10;211
25;2025-11-09;11;306
25;2025-11-09;12;368
25;2025-11-09;13;486
25;2025-11-09;14;562
25;2025-11-09;15;655
25;2025-11-09;16;545
25;2025-11-09;17;534
25;2025-11-09;18;428
25;2025-11-09;19;295
25;2025-11-09;20;235
25;2025-11-09;21;135
25;2025-11-09;22;93
25;2025-11-09;23;33
25;2025-11-10;0;8
25;2025-11-10;1;0
25;2025-11-10;2;0
25;2025-11-10;3;0
25;2025-11-10;4;0
25;2025-11-10;5;25
25;2025-11-10;6;266
25;2025-11-10;7;533
25;2025-11-10;8;1015
25;2025-11-10;9;543
25;2025-11-10;10;351
25;2025-11-10;11;425
25;2025-11-10;12;426
25;2025-11-10;13;571
25;2025-11-10;14;491
25;2025-11-10;15;527
25;2025-11-10;16;683
25;2025-11-10;17;750
25;2025-11-10;18;745
25;2025-11-10;19;581
25;2025-11-10;20;316
25;2025-11-10;21;189
25;2025-11-10;22;83
25;2025-11-10;23;5
25;2025-11-11;0;0
25;2025-11-11;1;0
25;2025-11-11;2;0
25;2025-11-11;3;0
25;2025-11-11;4;0
25;2025-11-11;5;20
25;2025-11-11;6;277
25;2025-11-11;7;538
25;2025-11-11;8;908
25;2025-11-11;9;459
25;2025-11-11;10;379
25;2025-11-11;11;452
25;2025-11-11;12;439
25;2025-11-11;13;544
25;2025-11-11;14;487
25;2025-11-11;15;616
25;2025-11-11;16;693
25;2025-11-11;17;810
25;2025-11-11;18;784
25;2025-11-11;19;616
25;2025-11-11;20;342
25;2025-11-11;21;231
25;2025-11-11;22;89
25;2025-11-11;23;6
25;2025-11-12;0;0
25;2025-11-12;1;0
25;2025-11-12;2;0
25;2025-11-12;3;0
25;2025-11-12;4;0
25;2025-11-12;5;20
25;2025-11-12;6;277
25;2025-11-12;7;538
25;2025-11-12;8;908
25;2025-11-12;9;459
25;2025-11-12;10;379
25;2025-11-12;11;452
25;2025-11-12;12;439
25;2025-11-12;13;544
25;2025-11-12;14;487
25;2025-11-12;15;616
25;2025-11-12;16;693
25;2025-11-12;17;810
25;2025-11-12;18;784
25;2025-11-12;19;616
25;2025-11-12;20;342
25;2025-11-12;21;231
25;2025-11-12;22;89
25;2025-11-12;23;6
25;2025-11-13;0;0
25;2025-11-13;1;0
25;2025-11-13;2;0
25;2025-11-13;3;0
25;2025-11-13;4;0
25;2025-11-13;5;20
25;2025-11-13;6;277
25;2025-11-13;7;538
25;2025-11-13;8;908
25;2025-11-13;9;459
25;2025-11-13;10;379
25;2025-11-13;11;452
25;2025-11-13;12;439
25;2025-11-13;13;544
25;2025-11-13;14;487
25;2025-11-13;15;616
25;2025-11-13;16;693
25;2025-11-13;17;810
25;2025-11-13;18;784
25;2025-11-13;19;616
25;2025-11-13;20;342
25;2025-11-13;21;231
25;2025-11-13;22;89
25;2025-11-13;23;6
25;2025-11-14;0;0
25;2025-11-14;1;0
25;2025-11-14;2;0
25;2025-11-14;3;0
25;2025-11-14;4;0
25;2025-11-14;5;20
25;2025-11-14;6;297
25;2025-11-14;7;627
25;2025-11-14;8;940
25;2025-11-14;9;477
25;2025-11-14;10;423
25;2025-11-14;11;507
25;2025-11-14;12;473
25;2025-11-14;13;595
25;2025-11-14;14;509
25;2025-11-14;15;692
25;2025-11-14;16;897
25;2025-11-14;17;878
25;2025-11-14;18;758
25;2025-11-14;19;671
25;2025-11-14;20;367
25;2025-11-14;21;246
25;2025-11-14;22;116
25;2025-11-14;23;16
25;2025-11-15;0;0
25;2025-11-15;1;0
25;2025-11-15;2;0
25;2025-11-15;3;0
25;2025-11-15;4;0
25;2025-11-15;5;20
25;2025-11-15;6;140
25;2025-11-15;7;140
25;2025-11-15;8;313
25;2025-11-15;9;257
25;2025-11-15;10;293
25;2025-11-15;11;394
25;2025-11-15;12;396
25;2025-11-15;13;656
25;2025-11-15;14;667
25;2025-11-15;15;789
25;2025-11-15;16;701
25;2025-11-15;17;579
25;2025-11-15;18;516
25;2025-11-15;19;446
25;2025-11-15;20;254
25;2025-11-15;21;186
25;2025-11-15;22;117
25;2025-11-15;23;43
25;2025-11-16;0;14
25;2025-11-16;1;0
25;2025-11-16;2;0
25;2025-11-16;3;0
25;2025-11-16;4;0
25;2025-11-16;5;9
25;2025-11-16;6;100
25;2025-11-16;7;98
25;2025-11-16;8;186
25;2025-11-16;9;222
25;2025-11-16;10;211
25;2025-11-16;11;306
25;2025-11-16;12;368
25;2025-11-16;13;486
25;2025-11-16;14;562
25;2025-11-16;15;655
25;2025-11-16;16;545
25;2025-11-16;17;534
25;2025-11-16;18;428
25;2025-11-16;19;295
25;2025-11-16;20;235
25;2025-11-16;21;135
25;2025-11-16;22;93
25;2025-11-16;23;33
25;2025-11-17;0;8
25;2025-11-17;1;0
25;2025-11-17;2;0
25;2025-11-17;3;0
25;2025-11-17;4;0
25;2025-11-17;5;25
25;2025-11-17;6;266
25;2025-11-17;7;533
25;2025-11-17;8;1015
25;2025-11-17;9;543
25;2025-11-17;10;351
25;2025-11-17;11;425
25;2025-11-17;12;426
25;2025-11-17;13;571
25;2025-11-17;14;491
25;2025-11-17;15;527
25;2025-11-17;16;683
25;2025-11-17;17;750
25;2025-11-17;18;745
25;2025-11-17;19;581
25;2025-11-17;20;316
25;2025-11-17;21;189
25;2025-11-17;22;83
25;2025-11-17;23;5
25;2025-11-18;0;0
25;2025-11-18;1;0
25;2025-11-18;2;0
25;2025-11-18;3;0
25;2025-11-18;4;0
25;2025-11-18;5;20
25;2025-11-18;6;277
25;2025-11-18;7;538
25;2025-11-18;8;908
25;2025-11-18;9;459
25;2025-11-18;10;379
25;2025-11-18;11;452
25;2025-11-18;12;439
25;2025-11-18;13;544
25;2025-11-18;14;487
25;2025-11-18;15;616
25;2025-11-18;16;693
25;2025-11-18;17;810
25;2025-11-18;18;784
25;2025-11-18;19;616
25;2025-11-18;20;342
25;2025-11-18;21;231
25;2025-11-18;22;89
25;2025-11-18;23;6
25;2025-11-19;0;0
25;2025-11-19;1;0
25;2025-11-19;2;0
25;2025-11-19;3;0
25;2025-11-19;4;0
25;2025-11-19;5;20
25;2025-11-19;6;277
25;2025-11-19;7;538
25;2025-11-19;8;908
25;2025-11-19;9;459
25;2025-11-19;10;379
25;2025-11-19;11;452
25;2025-11-19;12;439
25;2025-11-19;13;544
25;2025-11-19;14;487
25;2025-11-19;15;616
25;2025-11-19;16;693
25;2025-11-19;17;810
25;2025-11-19;18;784
25;2025-11-19;19;616
25;2025-11-19;20;342
25;2025-11-19;21;231
25;2025-11-19;22;89
25;2025-11-19;23;6
25;2025-11-20;0;0
25;2025-11-20;1;0
25;2025-11-20;2;0
25;2025-11-20;3;0
25;2025-11-20;4;0
25;2025-11-20;5;20
25;2025-11-20;6;277
25;2025-11-20;7;538
25;2025-11-20;8;908
25;2025-11-20;9;459
25;2025-11-20;10;379
25;2025-11-20;11;452
25;2025-11-20;12;439
25;2025-11-20;13;544
25;2025-11-20;14;487
25;2025-11-20;15;616
25;2025-11-20;16;693
25;2025-11-20;17;810
25;2025-11-20;18;784
25;2025-11-20;19;616
25;2025-11-20;20;342
25;2025-11-20;21;231
25;2025-11-20;22;89
25;2025-11-20;23;6
25;2025-11-21;0;0
25;2025-11-21;1;0
25;2025-11-21;2;0
25;2025-11-21;3;0
25;2025-11-21;4;0
25;2025-11-21;5;20
25;2025-11-21;6;297
25;2025-11-21;7;627
25;2025-11-21;8;940
25;2025-11-21;9;477
25;2025-11-21;10;423
25;2025-11-21;11;507
25;2025-11-21;12;473
25;2025-11-21;13;595
25;2025-11-21;14;509
25;2025-11-21;15;692
25;2025-11-21;16;897
25;2025-11-21;17;878
25;2025-11-21;18;758
25;2025-11-21;19;671
25;2025-11-21;20;367
25;2025-11-21;21;246
25;2025-11-21;22;116
25;2025-11-21;23;16
25;2025-11-22;0;0
25;2025-11-22;1;0
25;2025-11-22;2;0
25;2025-11-22;3;0
25;2025-11-22;4;0
25;2025-11-22;5;20
25;2025-11-22;6;140
25;2025-11-22;7;140
25;2025-11-22;8;313
25;2025-11-22;9;257
25;2025-11-22;10;293
25;2025-11-22;11;394
25;2025-11-22;12;396
25;2025-11-22;13;656
25;2025-11-22;14;667
25;2025-11-22;15;789
25;2025-11-22;16;701
25;2025-11-22;17;579
25;2025-11-22;18;516
25;2025-11-22;19;446
25;2025-11-22;20;254
25;2025-11-22;21;186
25;2025-11-22;22;117
25;2025-11-22;23;43
25;2025-11-23;0;14
25;2025-11-23;1;0
25;2025-11-23;2;0
25;2025-11-23;3;0
25;2025-11-23;4;0
25;2025-11-23;5;9
25;2025-11-23;6;100
25;2025-11-23;7;98
25;2025-11-23;8;186
25;2025-11-23;9;222
25;2025-11-23;10;211
25;2025-11-23;11;306
25;2025-11-23;12;368
25;2025-11-23;13;486
25;2025-11-23;14;562
25;2025-11-23;15;655
25;2025-11-23;16;545
25;2025-11-23;17;534
25;2025-11-23;18;428
25;2025-11-23;19;295
25;2025-11-23;20;235
25;2025-11-23;21;135
25;2025-11-23;22;93
25;2025-11-23;23;33
25;2025-11-24;0;8
25;2025-11-24;1;0
25;2025-11-24;2;0
25;2025-11-24;3;0
25;2025-11-24;4;0
25;2025-11-24;5;25
25;2025-11-24;6;266
25;2025-11-24;7;533
25;2025-11-24;8;1015
25;2025-11-24;9;543
25;2025-11-24;10;351
25;2025-11-24;11;425
25;2025-11-24;12;426
25;2025-11-24;13;571
25;2025-11-24;14;491
25;2025-11-24;15;527
25;2025-11-24;16;683
25;2025-11-24;17;750
25;2025-11-24;18;745
25;2025-11-24;19;581
25;2025-11-24;20;316
25;2025-11-24;21;189
25;2025-11-24;22;83
25;2025-11-24;23;5
25;2025-11-25;0;0
25;2025-11-25;1;0
25;2025-11-25;2;0
25;2025-11-25;3;0
25;2025-11-25;4;0
25;2025-11-25;5;20
25;2025-11-25;6;277
25;2025-11-25;7;538
25;2025-11-25;8;908
25;2025-11-25;9;459
25;2025-11-25;10;379
25;2025-11-25;11;452
25;2025-11-25;12;439
25;2025-11-25;13;544
25;2025-11-25;14;487
25;2025-11-25;15;616
25;2025-11-25;16;693
25;2025-11-25;17;810
25;2025-11-25;18;784
25;2025-11-25;19;616
25;2025-11-25;20;342
25;2025-11-25;21;231
25;2025-11-25;22;89
25;2025-11-25;23;6
25;2025-11-26;0;0
25;2025-11-26;1;0
25;2025-11-26;2;0
25;2025-11-26;3;0
25;2025-11-26;4;0
25;2025-11-26;5;20
25;2025-11-26;6;277
25;2025-11-26;7;538
25;2025-11-26;8;908
25;2025-11-26;9;459
25;2025-11-26;10;379
25;2025-11-26;11;452
25;2025-11-26;12;439
25;2025-11-26;13;544
25;2025-11-26;14;487
25;2025-11-26;15;616
25;2025-11-26;16;693
25;2025-11-26;17;810
25;2025-11-26;18;784
25;2025-11-26;19;616
25;2025-11-26;20;342
25;2025-11-26;21;231
25;2025-11-26;22;89
25;2025-11-26;23;6
25;2025-11-27;0;0
25;2025-11-27;1;0
25;2025-11-27;2;0
25;2025-11-27;3;0
25;2025-11-27;4;0
25;2025-11-27;5;20
25;2025-11-27;6;277
25;2025-11-27;7;538
25;2025-11-27;8;908
25;2025-11-27;9;459
25;2025-11-27;10;379
25;2025-11-27;11;452
25;2025-11-27;12;439
25;2025-11-27;13;544
25;2025-11-27;14;487
25;2025-11-27;15;616
25;2025-11-27;16;693
25;2025-11-27;17;810
25;2025-11-27;18;784
25;2025-11-27;19;616
25;2025-11-27;20;342
25;2025-11-27;21;231
25;2025-11-27;22;89
25;2025-11-27;23;6
25;2025-11-28;0;0
25;2025-11-28;1;0
25;2025-11-28;2;0
25;2025-11-28;3;0
25;2025-11-28;4;0
25;2025-11-28;5;20
25;2025-11-28;6;297
25;2025-11-28;7;627
25;2025-11-28;8;940
25;2025-11-28;9;477
25;2025-11-28;10;423
25;2025-11-28;11;507
25;2025-11-28;12;473
25;2025-11-28;13;595
25;2025-11-28;14;509
25;2025-11-28;15;692
25;2025-11-28;16;897
25;2025-11-28;17;878
25;2025-11-28;18;758
25;2025-11-28;19;671
25;2025-11-28;20;367
25;2025-11-28;21;246
25;2025-11-28;22;116
25;2025-11-28;23;16
25;2025-11-29;0;0
25;2025-11-29;1;0
25;2025-11-29;2;0
25;2025-11-29;3;0
25;2025-11-29;4;0
25;2025-11-29;5;20
25;2025-11-29;6;140
25;2025-11-29;7;140
25;2025-11-29;8;313
25;2025-11-29;9;257
25;2025-11-29;10;293
25;2025-11-29;11;394
25;2025-11-29;12;396
25;2025-11-29;13;656
25;2025-11-29;14;667
25;2025-11-29;15;789
25;2025-11-29;16;701
25;2025-11-29;17;579
25;2025-11-29;18;516
25;2025-11-29;19;446
25;2025-11-29;20;254
25;2025-11-29;21;186
25;2025-11-29;22;117
25;2025-11-29;23;43
25;2025-11-30;0;14
25;2025-11-30;1;0
25;2025-11-30;2;0
25;2025-11-30;3;0
25;2025-11-30;4;0
25;2025-11-30;5;9
25;2025-11-30;6;100
25;2025-11-30;7;98
25;2025-11-30;8;186
25;2025-11-30;9;222
25;2025-11-30;10;211
25;2025-11-30;11;306
25;2025-11-30;12;368
25;2025-11-30;13;486
25;2025-11-30;14;562
25;2025-11-30;15;655
25;2025-11-30;16;545
25;2025-11-30;17;534
25;2025-11-30;18;428
25;2025-11-30;19;295
25;2025-11-30;20;235
25;2025-11-30;21;135
25;2025-11-30;22;93
25;2025-11-30;23;33
25;2025-12-01;0;8
25;2025-12-01;1;0
25;2025-12-01;2;0
25;2025-12-01;3;0
25;2025-12-01;4;0
25;2025-12-01;5;25
25;2025-12-01;6;266
25;2025-12-01;7;533
25;2025-12-01;8;1015
25;2025-12-01;9;543
25;2025-12-01;10;351
25;2025-12-01;11;425
25;2025-12-01;12;426
25;2025-12-01;13;571
25;2025-12-01;14;491
25;2025-12-01;15;527
25;2025-12-01;16;683
25;2025-12-01;17;750
25;2025-12-01;18;745
25;2025-12-01;19;581
25;2025-12-01;20;316
25;2025-12-01;21;189
25;2025-12-01;22;83
25;2025-12-01;23;5
25;2025-12-02;0;0
25;2025-12-02;1;0
25;2025-12-02;2;0
25;2025-12-02;3;0
25;2025-12-02;4;0
25;2025-12-02;5;20
25;2025-12-02;6;277
25;2025-12-02;7;538
25;2025-12-02;8;908
25;2025-12-02;9;459
25;2025-12-02;10;379
25;2025-12-02;11;452
25;2025-12-02;12;439
25;2025-12-02;13;544
25;2025-12-02;14;487
25;2025-12-02;15;616
25;2025-12-02;16;693
25;2025-12-02;17;810
25;2025-12-02;18;784
25;2025-12-02;19;616
25;2025-12-02;20;342
25;2025-12-02;21;231
25;2025-12-02;22;89
25;2025-12-02;23;6
25;2025-12-03;0;0
25;2025-12-03;1;0
25;2025-12-03;2;0
25;2025-12-03;3;0
25;2025-12-03;4;0
25;2025-12-03;5;20
25;2025-12-03;6;277
25;2025-12-03;7;538
25;2025-12-03;8;908
25;2025-12-03;9;459
25;2025-12-03;10;379
25;2025-12-03;11;452
25;2025-12-03;12;439
25;2025-12-03;13;544
25;2025-12-03;14;487
25;2025-12-03;15;616
25;2025-12-03;16;693
25;2025-12-03;17;810
25;2025-12-03;18;784
25;2025-12-03;19;616
25;2025-12-03;20;342
25;2025-12-03;21;231
25;2025-12-03;22;89
25;2025-12-03;23;6
25;2025-12-04;0;0
25;2025-12-04;1;0
25;2025-12-04;2;0
25;2025-12-04;3;0
25;2025-12-04;4;0
25;2025-12-04;5;20
25;2025-12-04;6;277
25;2025-12-04;7;538
25;2025-12-04;8;908
25;2025-12-04;9;459
25;2025-12-04;10;379
25;2025-12-04;11;452
25;2025-12-04;12;439
25;2025-12-04;13;544
25;2025-12-04;14;487
25;2025-12-04;15;616
25;2025-12-04;16;693
25;2025-12-04;17;810
25;2025-12-04;18;784
25;2025-12-04;19;616
25;2025-12-04;20;342
25;2025-12-04;21;231
25;2025-12-04;22;89
25;2025-12-04;23;6
25;2025-12-05;0;0
25;2025-12-05;1;0
25;2025-12-05;2;0
25;2025-12-05;3;0
25;2025-12-05;4;0
25;2025-12-05;5;20
25;2025-12-05;6;297
25;2025-12-05;7;627
25;2025-12-05;8;940
25;2025-12-05;9;477
25;2025-12-05;10;423
25;2025-12-05;11;507
25;2025-12-05;12;473
25;2025-12-05;13;595
25;2025-12-05;14;509
25;2025-12-05;15;692
25;2025-12-05;16;897
25;2025-12-05;17;878
25;2025-12-05;18;758
25;2025-12-05;19;671
25;2025-12-05;20;367
25;2025-12-05;21;246
25;2025-12-05;22;116
25;2025-12-05;23;16
25;2025-12-06;0;0
25;2025-12-06;1;0
25;2025-12-06;2;0
25;2025-12-06;3;0
25;2025-12-06;4;0
25;2025-12-06;5;20
25;2025-12-06;6;140
25;2025-12-06;7;140
25;2025-12-06;8;313
25;2025-12-06;9;257
25;2025-12-06;10;293
25;2025-12-06;11;394
25;2025-12-06;12;396
25;2025-12-06;13;656
25;2025-12-06;14;667
25;2025-12-06;15;789
25;2025-12-06;16;701
25;2025-12-06;17;579
25;2025-12-06;18;516
25;2025-12-06;19;446
25;2025-12-06;20;254
25;2025-12-06;21;186
25;2025-12-06;22;117
25;2025-12-06;23;43
25;2025-12-07;0;14
25;2025-12-07;1;0
25;2025-12-07;2;0
25;2025-12-07;3;0
25;2025-12-07;4;0
25;2025-12-07;5;9
25;2025-12-07;6;100
25;2025-12-07;7;98
25;2025-12-07;8;186
25;2025-12-07;9;222
25;2025-12-07;10;211
25;2025-12-07;11;306
25;2025-12-07;12;368
25;2025-12-07;13;486
25;2025-12-07;14;562
25;2025-12-07;15;655
25;2025-12-07;16;545
25;2025-12-07;17;534
25;2025-12-07;18;428
25;2025-12-07;19;295
25;2025-12-07;20;235
25;2025-12-07;21;135
25;2025-12-07;22;93
25;2025-12-07;23;33
25;2025-12-08;0;8
25;2025-12-08;1;0
25;2025-12-08;2;0
25;2025-12-08;3;0
25;2025-12-08;4;0
25;2025-12-08;5;25
25;2025-12-08;6;266
25;2025-12-08;7;533
25;2025-12-08;8;1015
25;2025-12-08;9;543
25;2025-12-08;10;351
25;2025-12-08;11;425
25;2025-12-08;12;426
25;2025-12-08;13;571
25;2025-12-08;14;491
25;2025-12-08;15;527
25;2025-12-08;16;683
25;2025-12-08;17;750
25;2025-12-08;18;745
25;2025-12-08;19;581
25;2025-12-08;20;316
25;2025-12-08;21;189
25;2025-12-08;22;83
25;2025-12-08;23;5
25;2025-12-09;0;0
25;2025-12-09;1;0
25;2025-12-09;2;0
25;2025-12-09;3;0
25;2025-12-09;4;0
25;2025-12-09;5;20
25;2025-12-09;6;277
25;2025-12-09;7;538
25;2025-12-09;8;908
25;2025-12-09;9;459
25;2025-12-09;10;379
25;2025-12-09;11;452
25;2025-12-09;12;439
25;2025-12-09;13;544
25;2025-12-09;14;487
25;2025-12-09;15;616
25;2025-12-09;16;693
25;2025-12-09;17;810
25;2025-12-09;18;784
25;2025-12-09;19;616
25;2025-12-09;20;342
25;2025-12-09;21;231
25;2025-12-09;22;89
25;2025-12-09;23;6
25;2025-12-10;0;0
25;2025-12-10;1;0
25;2025-12-10;2;0
25;2025-12-10;3;0
25;2025-12-10;4;0
25;2025-12-10;5;20
25;2025-12-10;6;277
25;2025-12-10;7;538
25;2025-12-10;8;908
25;2025-12-10;9;459
25;2025-12-10;10;379
25;2025-12-10;11;452
25;2025-12-10;12;439
25;2025-12-10;13;544
25;2025-12-10;14;487
25;2025-12-10;15;616
25;2025-12-10;16;693
25;2025-12-10;17;810
25;2025-12-10;18;784
25;2025-12-10;19;616
25;2025-12-10;20;342
25;2025-12-10;21;231
25;2025-12-10;22;89
25;2025-12-10;23;6
25;2025-12-11;0;0
25;2025-12-11;1;0
25;2025-12-11;2;0
25;2025-12-11;3;0
25;2025-12-11;4;0
25;2025-12-11;5;20
25;2025-12-11;6;277
25;2025-12-11;7;538
25;2025-12-11;8;908
25;2025-12-11;9;459
25;2025-12-11;10;379
25;2025-12-11;11;452
25;2025-12-11;12;439
25;2025-12-11;13;544
25;2025-12-11;14;487
25;2025-12-11;15;616
25;2025-12-11;16;693
25;2025-12-11;17;810
25;2025-12-11;18;784
25;2025-12-11;19;616
25;2025-12-11;20;342
25;2025-12-11;21;231
25;2025-12-11;22;89
25;2025-12-11;23;6
25;2025-12-12;0;0
25;2025-12-12;1;0
25;2025-12-12;2;0
25;2025-12-12;3;0
25;2025-12-12;4;0
25;2025-12-12;5;20
25;2025-12-12;6;297
25;2025-12-12;7;627
25;2025-12-12;8;940
25;2025-12-12;9;477
25;2025-12-12;10;423
25;2025-12-12;11;507
25;2025-12-12;12;473
25;2025-12-12;13;595
25;2025-12-12;14;509
25;2025-12-12;15;692
25;2025-12-12;16;897
25;2025-12-12;17;878
25;2025-12-12;18;758
25;2025-12-12;19;671
25;2025-12-12;20;367
25;2025-12-12;21;246
25;2025-12-12;22;116
25;2025-12-12;23;16
25;2025-12-13;0;0
25;2025-12-13;1;0
25;2025-12-13;2;0
25;2025-12-13;3;0
25;2025-12-13;4;0
25;2025-12-13;5;20
25;2025-12-13;6;140
25;2025-12-13;7;140
25;2025-12-13;8;313
25;2025-12-13;9;257
25;2025-12-13;10;293
25;2025-12-13;11;394
25;2025-12-13;12;396
25;2025-12-13;13;656
25;2025-12-13;14;667
25;2025-12-13;15;789
25;2025-12-13;16;701
25;2025-12-13;17;579
25;2025-12-13;18;516
25;2025-12-13;19;446
25;2025-12-13;20;254
25;2025-12-13;21;186
25;2025-12-13;22;117
25;2025-12-13;23;43
25;2025-12-14;0;14
25;2025-12-14;1;0
25;2025-12-14;2;0
25;2025-12-14;3;0
25;2025-12-14;4;0
25;2025-12-14;5;9
25;2025-12-14;6;100
25;2025-12-14;7;98
25;2025-12-14;8;186
25;2025-12-14;9;222
25;2025-12-14;10;211
25;2025-12-14;11;306
25;2025-12-14;12;368
25;2025-12-14;13;486
25;2025-12-14;14;562
25;2025-12-14;15;655
25;2025-12-14;16;545
25;2025-12-14;17;534
25;2025-12-14;18;428
25;2025-12-14;19;295
25;2025-12-14;20;235
25;2025-12-14;21;135
25;2025-12-14;22;93
25;2025-12-14;23;33
25;2025-12-15;0;8
25;2025-12-15;1;0
25;2025-12-15;2;0
25;2025-12-15;3;0
25;2025-12-15;4;0
25;2025-12-15;5;25
25;2025-12-15;6;266
25;2025-12-15;7;533
25;2025-12-15;8;1015
25;2025-12-15;9;543
25;2025-12-15;10;351
25;2025-12-15;11;425
25;2025-12-15;12;426
25;2025-12-15;13;571
25;2025-12-15;14;491
25;2025-12-15;15;527
25;2025-12-15;16;683
25;2025-12-15;17;750
25;2025-12-15;18;745
25;2025-12-15;19;581
25;2025-12-15;20;316
25;2025-12-15;21;189
25;2025-12-15;22;83
25;2025-12-15;23;5
25;2025-12-16;0;0
25;2025-12-16;1;0
25;2025-12-16;2;0
25;2025-12-16;3;0
25;2025-12-16;4;0
25;2025-12-16;5;20
25;2025-12-16;6;277
25;2025-12-16;7;538
25;2025-12-16;8;908
25;2025-12-16;9;459
25;2025-12-16;10;379
25;2025-12-16;11;452
25;2025-12-16;12;439
25;2025-12-16;13;544
25;2025-12-16;14;487
25;2025-12-16;15;616
25;2025-12-16;16;693
25;2025-12-16;17;810
25;2025-12-16;18;784
25;2025-12-16;19;616
25;2025-12-16;20;342
25;2025-12-16;21;231
25;2025-12-16;22;89
25;2025-12-16;23;6
25;2025-12-17;0;0
25;2025-12-17;1;0
25;2025-12-17;2;0
25;2025-12-17;3;0
25;2025-12-17;4;0
25;2025-12-17;5;20
25;2025-12-17;6;277
25;2025-12-17;7;538
25;2025-12-17;8;908
25;2025-12-17;9;459
25;2025-12-17;10;379
25;2025-12-17;11;452
25;2025-12-17;12;439
25;2025-12-17;13;544
25;2025-12-17;14;487
25;2025-12-17;15;616
25;2025-12-17;16;693
25;2025-12-17;17;810
25;2025-12-17;18;784
25;2025-12-17;19;616
25;2025-12-17;20;342
25;2025-12-17;21;231
25;2025-12-17;22;89
25;2025-12-17;23;6
25;2025-12-18;0;0
25;2025-12-18;1;0
25;2025-12-18;2;0
25;2025-12-18;3;0
25;2025-12-18;4;0
25;2025-12-18;5;20
25;2025-12-18;6;277
25;2025-12-18;7;538
25;2025-12-18;8;908
25;2025-12-18;9;459
25;2025-12-18;10;379
25;2025-12-18;11;452
25;2025-12-18;12;439
25;2025-12-18;13;544
25;2025-12-18;14;487
25;2025-12-18;15;616
25;2025-12-18;16;693
25;2025-12-18;17;810
25;2025-12-18;18;784
25;2025-12-18;19;616
25;2025-12-18;20;342
25;2025-12-18;21;231
25;2025-12-18;22;89
25;2025-12-18;23;6
25;2025-12-19;0;0
25;2025-12-19;1;0
25;2025-12-19;2;0
25;2025-12-19;3;0
25;2025-12-19;4;0
25;2025-12-19;5;20
25;2025-12-19;6;297
25;2025-12-19;7;627
25;2025-12-19;8;940
25;2025-12-19;9;477
25;2025-12-19;10;423
25;2025-12-19;11;507
25;2025-12-19;12;473
25;2025-12-19;13;595
25;2025-12-19;14;509
25;2025-12-19;15;692
25;2025-12-19;16;897
25;2025-12-19;17;878
25;2025-12-19;18;758
25;2025-12-19;19;671
25;2025-12-19;20;367
25;2025-12-19;21;246
25;2025-12-19;22;116
25;2025-12-19;23;16
25;2025-12-20;0;0
25;2025-12-20;1;0
25;2025-12-20;2;0
25;2025-12-20;3;0
25;2025-12-20;4;0
25;2025-12-20;5;20
25;2025-12-20;6;140
25;2025-12-20;7;140
25;2025-12-20;8;313
25;2025-12-20;9;257
25;2025-12-20;10;293
25;2025-12-20;11;394
25;2025-12-20;12;396
25;2025-12-20;13;656
25;2025-12-20;14;667
25;2025-12-20;15;789
25;2025-12-20;16;701
25;2025-12-20;17;579
25;2025-12-20;18;516
25;2025-12-20;19;446
25;2025-12-20;20;254
25;2025-12-20;21;186
25;2025-12-20;22;117
25;2025-12-20;23;43
25;2025-12-21;0;14
25;2025-12-21;1;0
25;2025-12-21;2;0
25;2025-12-21;3;0
25;2025-12-21;4;0
25;2025-12-21;5;9
25;2025-12-21;6;100
25;2025-12-21;7;98
25;2025-12-21;8;186
25;2025-12-21;9;222
25;2025-12-21;10;211
25;2025-12-21;11;306
25;2025-12-21;12;368
25;2025-12-21;13;486
25;2025-12-21;14;562
25;2025-12-21;15;655
25;2025-12-21;16;545
25;2025-12-21;17;534
25;2025-12-21;18;428
25;2025-12-21;19;295
25;2025-12-21;20;235
25;2025-12-21;21;135
25;2025-12-21;22;93
25;2025-12-21;23;33
25;2025-12-22;0;8
25;2025-12-22;1;0
25;2025-12-22;2;0
25;2025-12-22;3;0
25;2025-12-22;4;0
25;2025-12-22;5;25
25;2025-12-22;6;266
25;2025-12-22;7;533
25;2025-12-22;8;1015
25;2025-12-22;9;543
25;2025-12-22;10;351
25;2025-12-22;11;425
25;2025-12-22;12;426
25;2025-12-22;13;571
25;2025-12-22;14;491
25;2025-12-22;15;527
25;2025-12-22;16;683
25;2025-12-22;17;750
25;2025-12-22;18;745
25;2025-12-22;19;581
25;2025-12-22;20;316
25;2025-12-22;21;189
25;2025-12-22;22;83
25;2025-12-22;23;5
25;2025-12-23;0;0
25;2025-12-23;1;0
25;2025-12-23;2;0
25;2025-12-23;3;0
25;2025-12-23;4;0
25;2025-12-23;5;20
25;2025-12-23;6;277
25;2025-12-23;7;538
25;2025-12-23;8;908
25;2025-12-23;9;459
25;2025-12-23;10;379
25;2025-12-23;11;452
25;2025-12-23;12;439
25;2025-12-23;13;544
25;2025-12-23;14;487
25;2025-12-23;15;616
25;2025-12-23;16;693
25;2025-12-23;17;810
25;2025-12-23;18;784
25;2025-12-23;19;616
25;2025-12-23;20;342
25;2025-12-23;21;231
25;2025-12-23;22;89
25;2025-12-23;23;6
25;2025-12-24;0;0
25;2025-12-24;1;0
25;2025-12-24;2;0
25;2025-12-24;3;0
25;2025-12-24;4;0
25;2025-12-24;5;20
25;2025-12-24;6;277
25;2025-12-24;7;538
25;2025-12-24;8;908
25;2025-12-24;9;459
25;2025-12-24;10;379
25;2025-12-24;11;452
25;2025-12-24;12;439
25;2025-12-24;13;544
25;2025-12-24;14;487
25;2025-12-24;15;616
25;2025-12-24;16;693
25;2025-12-24;17;810
25;2025-12-24;18;784
25;2025-12-24;19;616
25;2025-12-24;20;342
25;2025-12-24;21;231
25;2025-12-24;22;89
25;2025-12-24;23;6
25;2025-12-25;0;0
25;2025-12-25;1;0
25;2025-12-25;2;0
25;2025-12-25;3;0
25;2025-12-25;4;0
25;2025-12-25;5;20
25;2025-12-25;6;277
25;2025-12-25;7;538
25;2025-12-25;8;908
25;2025-12-25;9;459
25;2025-12-25;10;379
25;2025-12-25;11;452
25;2025-12-25;12;439
25;2025-12-25;13;544
25;2025-12-25;14;487
25;2025-12-25;15;616
25;2025-12-25;16;693
25;2025-12-25;17;810
25;2025-12-25;18;784
25;2025-12-25;19;616
25;2025-12-25;20;342
25;2025-12-25;21;231
25;2025-12-25;22;89
25;2025-12-25;23;6
25;2025-12-26;0;0
25;2025-12-26;1;0
25;2025-12-26;2;0
25;2025-12-26;3;0
25;2025-12-26;4;0
25;2025-12-26;5;20
25;2025-12-26;6;297
25;2025-12-26;7;627
25;2025-12-26;8;940
25;2025-12-26;9;477
25;2025-12-26;10;423
25;2025-12-26;11;507
25;2025-12-26;12;473
25;2025-12-26;13;595
25;2025-12-26;14;509
25;2025-12-26;15;692
25;2025-12-26;16;897
25;2025-12-26;17;878
25;2025-12-26;18;758
25;2025-12-26;19;671
25;2025-12-26;20;367
25;2025-12-26;21;246
25;2025-12-26;22;116
25;2025-12-26;23;16
25;2025-12-27;0;0
25;2025-12-27;1;0
25;2025-12-27;2;0
25;2025-12-27;3;0
25;2025-12-27;4;0
25;2025-12-27;5;20
25;2025-12-27;6;140
25;2025-12-27;7;140
25;2025-12-27;8;313
25;2025-12-27;9;257
25;2025-12-27;10;293
25;2025-12-27;11;394
25;2025-12-27;12;396
25;2025-12-27;13;656
25;2025-12-27;14;667
25;2025-12-27;15;789
25;2025-12-27;16;701
25;2025-12-27;17;579
25;2025-12-27;18;516
25;2025-12-27;19;446
25;2025-12-27;20;254
25;2025-12-27;21;186
25;2025-12-27;22;117
25;2025-12-27;23;43
25;2025-12-28;0;14
25;2025-12-28;1;0
25;2025-12-28;2;0
25;2025-12-28;3;0
25;2025-12-28;4;0
25;2025-12-28;5;9
25;2025-12-28;6;100
25;2025-12-28;7;98
25;2025-12-28;8;186
25;2025-12-28;9;222
25;2025-12-28;10;211
25;2025-12-28;11;306
25;2025-12-28;12;368
25;2025-12-28;13;486
25;2025-12-28;14;562
25;2025-12-28;15;655
25;2025-12-28;16;545
25;2025-12-28;17;534
25;2025-12-28;18;428
25;2025-12-28;19;295
25;2025-12-28;20;235
25;2025-12-28;21;135
25;2025-12-28;22;93
25;2025-12-28;23;33
25;2025-12-29;0;7
25;2025-12-29;1;0
25;2025-12-29;2;0
25;2025-12-29;3;0
25;2025-12-29;4;0
25;2025-12-29;5;22
25;2025-12-29;6;226
25;2025-12-29;7;453
25;2025-12-29;8;862
25;2025-12-29;9;462
25;2025-12-29;10;299
25;2025-12-29;11;362
25;2025-12-29;12;362
25;2025-12-29;13;486
25;2025-12-29;14;417
25;2025-12-29;15;448
25;2025-12-29;16;581
25;2025-12-29;17;638
25;2025-12-29;18;633
25;2025-12-29;19;494
25;2025-12-29;20;268
25;2025-12-29;21;160
25;2025-12-29;22;70
25;2025-12-29;23;4
25;2025-12-30;0;0
25;2025-12-30;1;0
25;2025-12-30;2;0
25;2025-12-30;3;0
25;2025-12-30;4;0
25;2025-12-30;5;17
25;2025-12-30;6;235
25;2025-12-30;7;457
25;2025-12-30;8;772
25;2025-12-30;9;391
25;2025-12-30;10;323
25;2025-12-30;11;384
25;2025-12-30;12;373
25;2025-12-30;13;462
25;2025-12-30;14;414
25;2025-12-30;15;523
25;2025-12-30;16;589
25;2025-12-30;17;688
25;2025-12-30;18;666
25;2025-12-30;19;524
25;2025-12-30;20;290
25;2025-12-30;21;196
25;2025-12-30;22;75
25;2025-12-30;23;5
25;2025-12-31;0;12
25;2025-12-31;1;0
25;2025-12-31;2;0
25;2025-12-31;3;0
25;2025-12-31;4;0
25;2025-12-31;5;8
25;2025-12-31;6;85
25;2025-12-31;7;83
25;2025-12-31;8;158
25;2025-12-31;9;189
25;2025-12-31;10;179
25;2025-12-31;11;260
25;2025-12-31;12;313
25;2025-12-31;13;413
25;2025-12-31;14;478
25;2025-12-31;15;557
25;2025-12-31;16;463
25;2025-12-31;17;454
25;2025-12-31;18;364
25;2025-12-31;19;251
25;2025-12-31;20;200
25;2025-12-31;21;115
25;2025-12-31;22;79
25;2025-12-31;23;28
26;2025-11-01;0;40
26;2025-11-01;1;3
26;2025-11-01;2;0
26;2025-11-01;3;0
26;2025-11-01;4;1
26;2025-11-01;5;70
26;2025-11-01;6;399
26;2025-11-01;7;851
26;2025-11-01;8;1818
26;2025-11-01;9;1140
26;2025-11-01;10;1024
26;2025-11-01;11;901
26;2025-11-01;12;916
26;2025-11-01;13;939
26;2025-11-01;14;1112
26;2025-11-01;15;1120
26;2025-11-01;16;1348
26;2025-11-01;17;1479
26;2025-11-01;18;1074
26;2025-11-01;19;845
26;2025-11-01;20;539
26;2025-11-01;21;386
26;2025-11-01;22;164
26;2025-11-01;23;130
26;2025-11-02;0;48
26;2025-11-02;1;3
26;2025-11-02;2;0
26;2025-11-02;3;0
26;2025-11-02;4;1
26;2025-11-02;5;21
26;2025-11-02;6;155
26;2025-11-02;7;261
26;2025-11-02;8;386
26;2025-11-02;9;507
26;2025-11-02;10;578
26;2025-11-02;11;812
26;2025-11-02;12;811
26;2025-11-02;13;859
26;2025-11-02;14;857
26;2025-11-02;15;779
26;2025-11-02;16;736
26;2025-11-02;17;760
26;2025-11-02;18;691
26;2025-11-02;19;507
26;2025-11-02;20;390
26;2025-11-02;21;276
26;2025-11-02;22;161
26;2025-11-02;23;100
26;2025-11-03;0;48
26;2025-11-03;1;3
26;2025-11-03;2;0
26;2025-11-03;3;0
26;2025-11-03;4;1
26;2025-11-03;5;21
26;2025-11-03;6;155
26;2025-11-03;7;261
26;2025-11-03;8;386
26;2025-11-03;9;507
26;2025-11-03;10;578
26;2025-11-03;11;812
26;2025-11-03;12;811
26;2025-11-03;13;859
26;2025-11-03;14;857
26;2025-11-03;15;779
26;2025-11-03;16;736
26;2025-11-03;17;760
26;2025-11-03;18;691
26;2025-11-03;19;507
26;2025-11-03;20;390
26;2025-11-03;21;276
26;2025-11-03;22;161
26;2025-11-03;23;100
26;2025-11-04;0;48
26;2025-11-04;1;3
26;2025-11-04;2;0
26;2025-11-04;3;0
26;2025-11-04;4;1
26;2025-11-04;5;21
26;2025-11-04;6;155
26;2025-11-04;7;261
26;2025-11-04;8;386
26;2025-11-04;9;507
26;2025-11-04;10;578
26;2025-11-04;11;812
26;2025-11-04;12;811
26;2025-11-04;13;859
26;2025-11-04;14;857
26;2025-11-04;15;779
26;2025-11-04;16;736
26;2025-11-04;17;760
26;2025-11-04;18;691
26;2025-11-04;19;507
26;2025-11-04;20;390
26;2025-11-04;21;276
26;2025-11-04;22;161
26;2025-11-04;23;100
26;2025-11-05;0;32
26;2025-11-05;1;0
26;2025-11-05;2;0
26;2025-11-05;3;0
26;2025-11-05;4;2
26;2025-11-05;5;100
26;2025-11-05;6;466
26;2025-11-05;7;1120
26;2025-11-05;8;2298
26;2025-11-05;9;1523
26;2025-11-05;10;1226
26;2025-11-05;11;1158
26;2025-11-05;12;1188
26;2025-11-05;13;1190
26;2025-11-05;14;1409
26;2025-11-05;15;1414
26;2025-11-05;16;1538
26;2025-11-05;17;1781
26;2025-11-05;18;1913
26;2025-11-05;19;1276
26;2025-11-05;20;782
26;2025-11-05;21;503
26;2025-11-05;22;210
26;2025-11-05;23;132
26;2025-11-06;0;32
26;2025-11-06;1;0
26;2025-11-06;2;0
26;2025-11-06;3;0
26;2025-11-06;4;2
26;2025-11-06;5;100
26;2025-11-06;6;466
26;2025-11-06;7;1120
26;2025-11-06;8;2298
26;2025-11-06;9;1523
26;2025-11-06;10;1226
26;2025-11-06;11;1158
26;2025-11-06;12;1188
26;2025-11-06;13;1190
26;2025-11-06;14;1409
26;2025-11-06;15;1414
26;2025-11-06;16;1538
26;2025-11-06;17;1781
26;2025-11-06;18;1913
26;2025-11-06;19;1276
26;2025-11-06;20;782
26;2025-11-06;21;503
26;2025-11-06;22;210
26;2025-11-06;23;132
26;2025-11-07;0;29
26;2025-11-07;1;1
26;2025-11-07;2;0
26;2025-11-07;3;0
26;2025-11-07;4;1
26;2025-11-07;5;83
26;2025-11-07;6;474
26;2025-11-07;7;1011
26;2025-11-07;8;2159
26;2025-11-07;9;1354
26;2025-11-07;10;1217
26;2025-11-07;11;1070
26;2025-11-07;12;1088
26;2025-11-07;13;1116
26;2025-11-07;14;1321
26;2025-11-07;15;1331
26;2025-11-07;16;1601
26;2025-11-07;17;1757
26;2025-11-07;18;1276
26;2025-11-07;19;1004
26;2025-11-07;20;640
26;2025-11-07;21;458
26;2025-11-07;22;195
26;2025-11-07;23;154
26;2025-11-08;0;49
26;2025-11-08;1;2
26;2025-11-08;2;0
26;2025-11-08;3;0
26;2025-11-08;4;2
26;2025-11-08;5;52
26;2025-11-08;6;250
26;2025-11-08;7;376
26;2025-11-08;8;618
26;2025-11-08;9;681
26;2025-11-08;10;845
26;2025-11-08;11;1002
26;2025-11-08;12;1098
26;2025-11-08;13;1098
26;2025-11-08;14;1145
26;2025-11-08;15;1014
26;2025-11-08;16;1061
26;2025-11-08;17;979
26;2025-11-08;18;917
26;2025-11-08;19;782
26;2025-11-08;20;537
26;2025-11-08;21;345
26;2025-11-08;22;210
26;2025-11-08;23;156
26;2025-11-09;0;48
26;2025-11-09;1;3
26;2025-11-09;2;0
26;2025-11-09;3;0
26;2025-11-09;4;1
26;2025-11-09;5;21
26;2025-11-09;6;155
26;2025-11-09;7;261
26;2025-11-09;8;386
26;2025-11-09;9;507
26;2025-11-09;10;578
26;2025-11-09;11;812
26;2025-11-09;12;811
26;2025-11-09;13;859
26;2025-11-09;14;857
26;2025-11-09;15;779
26;2025-11-09;16;736
26;2025-11-09;17;760
26;2025-11-09;18;691
26;2025-11-09;19;507
26;2025-11-09;20;390
26;2025-11-09;21;276
26;2025-11-09;22;161
26;2025-11-09;23;100
26;2025-11-10;0;24
26;2025-11-10;1;2
26;2025-11-10;2;0
26;2025-11-10;3;0
26;2025-11-10;4;1
26;2025-11-10;5;96
26;2025-11-10;6;466
26;2025-11-10;7;1148
26;2025-11-10;8;2299
26;2025-11-10;9;1474
26;2025-11-10;10;1234
26;2025-11-10;11;1048
26;2025-11-10;12;1085
26;2025-11-10;13;1163
26;2025-11-10;14;1313
26;2025-11-10;15;1353
26;2025-11-10;16;1486
26;2025-11-10;17;1768
26;2025-11-10;18;1939
26;2025-11-10;19;1224
26;2025-11-10;20;749
26;2025-11-10;21;487
26;2025-11-10;22;206
26;2025-11-10;23;113
26;2025-11-11;0;32
26;2025-11-11;1;0
26;2025-11-11;2;0
26;2025-11-11;3;0
26;2025-11-11;4;2
26;2025-11-11;5;100
26;2025-11-11;6;466
26;2025-11-11;7;1120
26;2025-11-11;8;2298
26;2025-11-11;9;1523
26;2025-11-11;10;1226
26;2025-11-11;11;1158
26;2025-11-11;12;1188
26;2025-11-11;13;1190
26;2025-11-11;14;1409
26;2025-11-11;15;1414
26;2025-11-11;16;1538
26;2025-11-11;17;1781
26;2025-11-11;18;1913
26;2025-11-11;19;1276
26;2025-11-11;20;782
26;2025-11-11;21;503
26;2025-11-11;22;210
26;2025-11-11;23;132
26;2025-11-12;0;32
26;2025-11-12;1;0
26;2025-11-12;2;0
26;2025-11-12;3;0
26;2025-11-12;4;2
26;2025-11-12;5;100
26;2025-11-12;6;466
26;2025-11-12;7;1120
26;2025-11-12;8;2298
26;2025-11-12;9;1523
26;2025-11-12;10;1226
26;2025-11-12;11;1158
26;2025-11-12;12;1188
26;2025-11-12;13;1190
26;2025-11-12;14;1409
26;2025-11-12;15;1414
26;2025-11-12;16;1538
26;2025-11-12;17;1781
26;2025-11-12;18;1913
26;2025-11-12;19;1276
26;2025-11-12;20;782
26;2025-11-12;21;503
26;2025-11-12;22;210
26;2025-11-12;23;132
26;2025-11-13;0;32
26;2025-11-13;1;0
26;2025-11-13;2;0
26;2025-11-13;3;0
26;2025-11-13;4;2
26;2025-11-13;5;100
26;2025-11-13;6;466
26;2025-11-13;7;1120
26;2025-11-13;8;2298
26;2025-11-13;9;1523
26;2025-11-13;10;1226
26;2025-11-13;11;1158
26;2025-11-13;12;1188
26;2025-11-13;13;1190
26;2025-11-13;14;1409
26;2025-11-13;15;1414
26;2025-11-13;16;1538
26;2025-11-13;17;1781
26;2025-11-13;18;1913
26;2025-11-13;19;1276
26;2025-11-13;20;782
26;2025-11-13;21;503
26;2025-11-13;22;210
26;2025-11-13;23;132
26;2025-11-14;0;29
26;2025-11-14;1;1
26;2025-11-14;2;0
26;2025-11-14;3;0
26;2025-11-14;4;1
26;2025-11-14;5;83
26;2025-11-14;6;474
26;2025-11-14;7;1011
26;2025-11-14;8;2159
26;2025-11-14;9;1354
26;2025-11-14;10;1217
26;2025-11-14;11;1070
26;2025-11-14;12;1088
26;2025-11-14;13;1116
26;2025-11-14;14;1321
26;2025-11-14;15;1331
26;2025-11-14;16;1601
26;2025-11-14;17;1757
26;2025-11-14;18;1276
26;2025-11-14;19;1004
26;2025-11-14;20;640
26;2025-11-14;21;458
26;2025-11-14;22;195
26;2025-11-14;23;154
26;2025-11-15;0;49
26;2025-11-15;1;2
26;2025-11-15;2;0
26;2025-11-15;3;0
26;2025-11-15;4;2
26;2025-11-15;5;52
26;2025-11-15;6;250
26;2025-11-15;7;376
26;2025-11-15;8;618
26;2025-11-15;9;681
26;2025-11-15;10;845
26;2025-11-15;11;1002
26;2025-11-15;12;1098
26;2025-11-15;13;1098
26;2025-11-15;14;1145
26;2025-11-15;15;1014
26;2025-11-15;16;1061
26;2025-11-15;17;979
26;2025-11-15;18;917
26;2025-11-15;19;782
26;2025-11-15;20;537
26;2025-11-15;21;345
26;2025-11-15;22;210
26;2025-11-15;23;156
26;2025-11-16;0;48
26;2025-11-16;1;3
26;2025-11-16;2;0
26;2025-11-16;3;0
26;2025-11-16;4;1
26;2025-11-16;5;21
26;2025-11-16;6;155
26;2025-11-16;7;261
26;2025-11-16;8;386
26;2025-11-16;9;507
26;2025-11-16;10;578
26;2025-11-16;11;812
26;2025-11-16;12;811
26;2025-11-16;13;859
26;2025-11-16;14;857
26;2025-11-16;15;779
26;2025-11-16;16;736
26;2025-11-16;17;760
26;2025-11-16;18;691
26;2025-11-16;19;507
26;2025-11-16;20;390
26;2025-11-16;21;276
26;2025-11-16;22;161
26;2025-11-16;23;100
26;2025-11-17;0;24
26;2025-11-17;1;2
26;2025-11-17;2;0
26;2025-11-17;3;0
26;2025-11-17;4;1
26;2025-11-17;5;96
26;2025-11-17;6;466
26;2025-11-17;7;1148
26;2025-11-17;8;2299
26;2025-11-17;9;1474
26;2025-11-17;10;1234
26;2025-11-17;11;1048
26;2025-11-17;12;1085
26;2025-11-17;13;1163
26;2025-11-17;14;1313
26;2025-11-17;15;1353
26;2025-11-17;16;1486
26;2025-11-17;17;1768
26;2025-11-17;18;1939
26;2025-11-17;19;1224
26;2025-11-17;20;749
26;2025-11-17;21;487
26;2025-11-17;22;206
26;2025-11-17;23;113
26;2025-11-18;0;32
26;2025-11-18;1;0
26;2025-11-18;2;0
26;2025-11-18;3;0
26;2025-11-18;4;2
26;2025-11-18;5;100
26;2025-11-18;6;466
26;2025-11-18;7;1120
26;2025-11-18;8;2298
26;2025-11-18;9;1523
26;2025-11-18;10;1226
26;2025-11-18;11;1158
26;2025-11-18;12;1188
26;2025-11-18;13;1190
26;2025-11-18;14;1409
26;2025-11-18;15;1414
26;2025-11-18;16;1538
26;2025-11-18;17;1781
26;2025-11-18;18;1913
26;2025-11-18;19;1276
26;2025-11-18;20;782
26;2025-11-18;21;503
26;2025-11-18;22;210
26;2025-11-18;23;132
26;2025-11-19;0;32
26;2025-11-19;1;0
26;2025-11-19;2;0
26;2025-11-19;3;0
26;2025-11-19;4;2
26;2025-11-19;5;100
26;2025-11-19;6;466
26;2025-11-19;7;1120
26;2025-11-19;8;2298
26;2025-11-19;9;1523
26;2025-11-19;10;1226
26;2025-11-19;11;1158
26;2025-11-19;12;1188
26;2025-11-19;13;1190
26;2025-11-19;14;1409
26;2025-11-19;15;1414
26;2025-11-19;16;1538
26;2025-11-19;17;1781
26;2025-11-19;18;1913
26;2025-11-19;19;1276
26;2025-11-19;20;782
26;2025-11-19;21;503
26;2025-11-19;22;210
26;2025-11-19;23;132
26;2025-11-20;0;32
26;2025-11-20;1;0
26;2025-11-20;2;0
26;2025-11-20;3;0
26;2025-11-20;4;2
26;2025-11-20;5;100
26;2025-11-20;6;466
26;2025-11-20;7;1120
26;2025-11-20;8;2298
26;2025-11-20;9;1523
26;2025-11-20;10;1226
26;2025-11-20;11;1158
26;2025-11-20;12;1188
26;2025-11-20;13;1190
26;2025-11-20;14;1409
26;2025-11-20;15;1414
26;2025-11-20;16;1538
26;2025-11-20;17;1781
26;2025-11-20;18;1913
26;2025-11-20;19;1276
26;2025-11-20;20;782
26;2025-11-20;21;503
26;2025-11-20;22;210
26;2025-11-20;23;132
26;2025-11-21;0;29
26;2025-11-21;1;1
26;2025-11-21;2;0
26;2025-11-21;3;0
26;2025-11-21;4;1
26;2025-11-21;5;83
26;2025-11-21;6;474
26;2025-11-21;7;1011
26;2025-11-21;8;2159
26;2025-11-21;9;1354
26;2025-11-21;10;1217
26;2025-11-21;11;1070
26;2025-11-21;12;1088
26;2025-11-21;13;1116
26;2025-11-21;14;1321
26;2025-11-21;15;1331
26;2025-11-21;16;1601
26;2025-11-21;17;1757
26;2025-11-21;18;1276
26;2025-11-21;19;1004
26;2025-11-21;20;640
26;2025-11-21;21;458
26;2025-11-21;22;195
26;2025-11-21;23;154
26;2025-11-22;0;49
26;2025-11-22;1;2
26;2025-11-22;2;0
26;2025-11-22;3;0
26;2025-11-22;4;2
26;2025-11-22;5;52
26;2025-11-22;6;250
26;2025-11-22;7;376
26;2025-11-22;8;618
26;2025-11-22;9;681
26;2025-11-22;10;845
26;2025-11-22;11;1002
26;2025-11-22;12;1098
26;2025-11-22;13;1098
26;2025-11-22;14;1145
26;2025-11-22;15;1014
26;2025-11-22;16;1061
26;2025-11-22;17;979
26;2025-11-22;18;917
26;2025-11-22;19;782
26;2025-11-22;20;537
26;2025-11-22;21;345
26;2025-11-22;22;210
26;2025-11-22;23;156
26;2025-11-23;0;48
26;2025-11-23;1;3
26;2025-11-23;2;0
26;2025-11-23;3;0
26;2025-11-23;4;1
26;2025-11-23;5;21
26;2025-11-23;6;155
26;2025-11-23;7;261
26;2025-11-23;8;386
26;2025-11-23;9;507
26;2025-11-23;10;578
26;2025-11-23;11;812
26;2025-11-23;12;811
26;2025-11-23;13;859
26;2025-11-23;14;857
26;2025-11-23;15;779
26;2025-11-23;16;736
26;2025-11-23;17;760
26;2025-11-23;18;691
26;2025-11-23;19;507
26;2025-11-23;20;390
26;2025-11-23;21;276
26;2025-11-23;22;161
26;2025-11-23;23;100
26;2025-11-24;0;24
26;2025-11-24;1;2
26;2025-11-24;2;0
26;2025-11-24;3;0
26;2025-11-24;4;1
26;2025-11-24;5;96
26;2025-11-24;6;466
26;2025-11-24;7;1148
26;2025-11-24;8;2299
26;2025-11-24;9;1474
26;2025-11-24;10;1234
26;2025-11-24;11;1048
26;2025-11-24;12;1085
26;2025-11-24;13;1163
26;2025-11-24;14;1313
26;2025-11-24;15;1353
26;2025-11-24;16;1486
26;2025-11-24;17;1768
26;2025-11-24;18;1939
26;2025-11-24;19;1224
26;2025-11-24;20;749
26;2025-11-24;21;487
26;2025-11-24;22;206
26;2025-11-24;23;113
26;2025-11-25;0;32
26;2025-11-25;1;0
26;2025-11-25;2;0
26;2025-11-25;3;0
26;2025-11-25;4;2
26;2025-11-25;5;100
26;2025-11-25;6;466
26;2025-11-25;7;1120
26;2025-11-25;8;2298
26;2025-11-25;9;1523
26;2025-11-25;10;1226
26;2025-11-25;11;1158
26;2025-11-25;12;1188
26;2025-11-25;13;1190
26;2025-11-25;14;1409
26;2025-11-25;15;1414
26;2025-11-25;16;1538
26;2025-11-25;17;1781
26;2025-11-25;18;1913
26;2025-11-25;19;1276
26;2025-11-25;20;782
26;2025-11-25;21;503
26;2025-11-25;22;210
26;2025-11-25;23;132
26;2025-11-26;0;32
26;2025-11-26;1;0
26;2025-11-26;2;0
26;2025-11-26;3;0
26;2025-11-26;4;2
26;2025-11-26;5;100
26;2025-11-26;6;466
26;2025-11-26;7;1120
26;2025-11-26;8;2298
26;2025-11-26;9;1523
26;2025-11-26;10;1226
26;2025-11-26;11;1158
26;2025-11-26;12;1188
26;2025-11-26;13;1190
26;2025-11-26;14;1409
26;2025-11-26;15;1414
26;2025-11-26;16;1538
26;2025-11-26;17;1781
26;2025-11-26;18;1913
26;2025-11-26;19;1276
26;2025-11-26;20;782
26;2025-11-26;21;503
26;2025-11-26;22;210
26;2025-11-26;23;132
26;2025-11-27;0;32
26;2025-11-27;1;0
26;2025-11-27;2;0
26;2025-11-27;3;0
26;2025-11-27;4;2
26;2025-11-27;5;100
26;2025-11-27;6;466
26;2025-11-27;7;1120
26;2025-11-27;8;2298
26;2025-11-27;9;1523
26;2025-11-27;10;1226
26;2025-11-27;11;1158
26;2025-11-27;12;1188
26;2025-11-27;13;1190
26;2025-11-27;14;1409
26;2025-11-27;15;1414
26;2025-11-27;16;1538
26;2025-11-27;17;1781
26;2025-11-27;18;1913
26;2025-11-27;19;1276
26;2025-11-27;20;782
26;2025-11-27;21;503
26;2025-11-27;22;210
26;2025-11-27;23;132
26;2025-11-28;0;29
26;2025-11-28;1;1
26;2025-11-28;2;0
26;2025-11-28;3;0
26;2025-11-28;4;1
26;2025-11-28;5;83
26;2025-11-28;6;474
26;2025-11-28;7;1011
26;2025-11-28;8;2159
26;2025-11-28;9;1354
26;2025-11-28;10;1217
26;2025-11-28;11;1070
26;2025-11-28;12;1088
26;2025-11-28;13;1116
26;2025-11-28;14;1321
26;2025-11-28;15;1331
26;2025-11-28;16;1601
26;2025-11-28;17;1757
26;2025-11-28;18;1276
26;2025-11-28;19;1004
26;2025-11-28;20;640
26;2025-11-28;21;458
26;2025-11-28;22;195
26;2025-11-28;23;154
26;2025-11-29;0;49
26;2025-11-29;1;2
26;2025-11-29;2;0
26;2025-11-29;3;0
26;2025-11-29;4;2
26;2025-11-29;5;52
26;2025-11-29;6;250
26;2025-11-29;7;376
26;2025-11-29;8;618
26;2025-11-29;9;681
26;2025-11-29;10;845
26;2025-11-29;11;1002
26;2025-11-29;12;1098
26;2025-11-29;13;1098
26;2025-11-29;14;1145
26;2025-11-29;15;1014
26;2025-11-29;16;1061
26;2025-11-29;17;979
26;2025-11-29;18;917
26;2025-11-29;19;782
26;2025-11-29;20;537
26;2025-11-29;21;345
26;2025-11-29;22;210
26;2025-11-29;23;156
26;2025-11-30;0;48
26;2025-11-30;1;3
26;2025-11-30;2;0
26;2025-11-30;3;0
26;2025-11-30;4;1
26;2025-11-30;5;21
26;2025-11-30;6;155
26;2025-11-30;7;261
26;2025-11-30;8;386
26;2025-11-30;9;507
26;2025-11-30;10;578
26;2025-11-30;11;812
26;2025-11-30;12;811
26;2025-11-30;13;859
26;2025-11-30;14;857
26;2025-11-30;15;779
26;2025-11-30;16;736
26;2025-11-30;17;760
26;2025-11-30;18;691
26;2025-11-30;19;507
26;2025-11-30;20;390
26;2025-11-30;21;276
26;2025-11-30;22;161
26;2025-11-30;23;100
26;2025-12-01;0;24
26;2025-12-01;1;2
26;2025-12-01;2;0
26;2025-12-01;3;0
26;2025-12-01;4;1
26;2025-12-01;5;96
26;2025-12-01;6;466
26;2025-12-01;7;1148
26;2025-12-01;8;2299
26;2025-12-01;9;1474
26;2025-12-01;10;1234
26;2025-12-01;11;1048
26;2025-12-01;12;1085
26;2025-12-01;13;1163
26;2025-12-01;14;1313
26;2025-12-01;15;1353
26;2025-12-01;16;1486
26;2025-12-01;17;1768
26;2025-12-01;18;1939
26;2025-12-01;19;1224
26;2025-12-01;20;749
26;2025-12-01;21;487
26;2025-12-01;22;206
26;2025-12-01;23;113
26;2025-12-02;0;32
26;2025-12-02;1;0
26;2025-12-02;2;0
26;2025-12-02;3;0
26;2025-12-02;4;2
26;2025-12-02;5;100
26;2025-12-02;6;466
26;2025-12-02;7;1120
26;2025-12-02;8;2298
26;2025-12-02;9;1523
26;2025-12-02;10;1226
26;2025-12-02;11;1158
26;2025-12-02;12;1188
26;2025-12-02;13;1190
26;2025-12-02;14;1409
26;2025-12-02;15;1414
26;2025-12-02;16;1538
26;2025-12-02;17;1781
26;2025-12-02;18;1913
26;2025-12-02;19;1276
26;2025-12-02;20;782
26;2025-12-02;21;503
26;2025-12-02;22;210
26;2025-12-02;23;132
26;2025-12-03;0;32
26;2025-12-03;1;0
26;2025-12-03;2;0
26;2025-12-03;3;0
26;2025-12-03;4;2
26;2025-12-03;5;100
26;2025-12-03;6;466
26;2025-12-03;7;1120
26;2025-12-03;8;2298
26;2025-12-03;9;1523
26;2025-12-03;10;1226
26;2025-12-03;11;1158
26;2025-12-03;12;1188
26;2025-12-03;13;1190
26;2025-12-03;14;1409
26;2025-12-03;15;1414
26;2025-12-03;16;1538
26;2025-12-03;17;1781
26;2025-12-03;18;1913
26;2025-12-03;19;1276
26;2025-12-03;20;782
26;2025-12-03;21;503
26;2025-12-03;22;210
26;2025-12-03;23;132
26;2025-12-04;0;32
26;2025-12-04;1;0
26;2025-12-04;2;0
26;2025-12-04;3;0
26;2025-12-04;4;2
26;2025-12-04;5;100
26;2025-12-04;6;466
26;2025-12-04;7;1120
26;2025-12-04;8;2298
26;2025-12-04;9;1523
26;2025-12-04;10;1226
26;2025-12-04;11;1158
26;2025-12-04;12;1188
26;2025-12-04;13;1190
26;2025-12-04;14;1409
26;2025-12-04;15;1414
26;2025-12-04;16;1538
26;2025-12-04;17;1781
26;2025-12-04;18;1913
26;2025-12-04;19;1276
26;2025-12-04;20;782
26;2025-12-04;21;503
26;2025-12-04;22;210
26;2025-12-04;23;132
26;2025-12-05;0;29
26;2025-12-05;1;1
26;2025-12-05;2;0
26;2025-12-05;3;0
26;2025-12-05;4;1
26;2025-12-05;5;83
26;2025-12-05;6;474
26;2025-12-05;7;1011
26;2025-12-05;8;2159
26;2025-12-05;9;1354
26;2025-12-05;10;1217
26;2025-12-05;11;1070
26;2025-12-05;12;1088
26;2025-12-05;13;1116
26;2025-12-05;14;1321
26;2025-12-05;15;1331
26;2025-12-05;16;1601
26;2025-12-05;17;1757
26;2025-12-05;18;1276
26;2025-12-05;19;1004
26;2025-12-05;20;640
26;2025-12-05;21;458
26;2025-12-05;22;195
26;2025-12-05;23;154
26;2025-12-06;0;49
26;2025-12-06;1;2
26;2025-12-06;2;0
26;2025-12-06;3;0
26;2025-12-06;4;2
26;2025-12-06;5;52
26;2025-12-06;6;250
26;2025-12-06;7;376
26;2025-12-06;8;618
26;2025-12-06;9;681
26;2025-12-06;10;845
26;2025-12-06;11;1002
26;2025-12-06;12;1098
26;2025-12-06;13;1098
26;2025-12-06;14;1145
26;2025-12-06;15;1014
26;2025-12-06;16;1061
26;2025-12-06;17;979
26;2025-12-06;18;917
26;2025-12-06;19;782
26;2025-12-06;20;537
26;2025-12-06;21;345
26;2025-12-06;22;210
26;2025-12-06;23;156
26;2025-12-07;0;48
26;2025-12-07;1;3
26;2025-12-07;2;0
26;2025-12-07;3;0
26;2025-12-07;4;1
26;2025-12-07;5;21
26;2025-12-07;6;155
26;2025-12-07;7;261
26;2025-12-07;8;386
26;2025-12-07;9;507
26;2025-12-07;10;578
26;2025-12-07;11;812
26;2025-12-07;12;811
26;2025-12-07;13;859
26;2025-12-07;14;857
26;2025-12-07;15;779
26;2025-12-07;16;736
26;2025-12-07;17;760
26;2025-12-07;18;691
26;2025-12-07;19;507
26;2025-12-07;20;390
26;2025-12-07;21;276
26;2025-12-07;22;161
26;2025-12-07;23;100
26;2025-12-08;0;24
26;2025-12-08;1;2
26;2025-12-08;2;0
26;2025-12-08;3;0
26;2025-12-08;4;1
26;2025-12-08;5;96
26;2025-12-08;6;466
26;2025-12-08;7;1148
26;2025-12-08;8;2299
26;2025-12-08;9;1474
26;2025-12-08;10;1234
26;2025-12-08;11;1048
26;2025-12-08;12;1085
26;2025-12-08;13;1163
26;2025-12-08;14;1313
26;2025-12-08;15;1353
26;2025-12-08;16;1486
26;2025-12-08;17;1768
26;2025-12-08;18;1939
26;2025-12-08;19;1224
26;2025-12-08;20;749
26;2025-12-08;21;487
26;2025-12-08;22;206
26;2025-12-08;23;113
26;2025-12-09;0;32
26;2025-12-09;1;0
26;2025-12-09;2;0
26;2025-12-09;3;0
26;2025-12-09;4;2
26;2025-12-09;5;100
26;2025-12-09;6;466
26;2025-12-09;7;1120
26;2025-12-09;8;2298
26;2025-12-09;9;1523
26;2025-12-09;10;1226
26;2025-12-09;11;1158
26;2025-12-09;12;1188
26;2025-12-09;13;1190
26;2025-12-09;14;1409
26;2025-12-09;15;1414
26;2025-12-09;16;1538
26;2025-12-09;17;1781
26;2025-12-09;18;1913
26;2025-12-09;19;1276
26;2025-12-09;20;782
26;2025-12-09;21;503
26;2025-12-09;22;210
26;2025-12-09;23;132
26;2025-12-10;0;32
26;2025-12-10;1;0
26;2025-12-10;2;0
26;2025-12-10;3;0
26;2025-12-10;4;2
26;2025-12-10;5;100
26;2025-12-10;6;466
26;2025-12-10;7;1120
26;2025-12-10;8;2298
26;2025-12-10;9;1523
26;2025-12-10;10;1226
26;2025-12-10;11;1158
26;2025-12-10;12;1188
26;2025-12-10;13;1190
26;2025-12-10;14;1409
26;2025-12-10;15;1414
26;2025-12-10;16;1538
26;2025-12-10;17;1781
26;2025-12-10;18;1913
26;2025-12-10;19;1276
26;2025-12-10;20;782
26;2025-12-10;21;503
26;2025-12-10;22;210
26;2025-12-10;23;132
26;2025-12-11;0;32
26;2025-12-11;1;0
26;2025-12-11;2;0
26;2025-12-11;3;0
26;2025-12-11;4;2
26;2025-12-11;5;100
26;2025-12-11;6;466
26;2025-12-11;7;1120
26;2025-12-11;8;2298
26;2025-12-11;9;1523
26;2025-12-11;10;1226
26;2025-12-11;11;1158
26;2025-12-11;12;1188
26;2025-12-11;13;1190
26;2025-12-11;14;1409
26;2025-12-11;15;1414
26;2025-12-11;16;1538
26;2025-12-11;17;1781
26;2025-12-11;18;1913
26;2025-12-11;19;1276
26;2025-12-11;20;782
26;2025-12-11;21;503
26;2025-12-11;22;210
26;2025-12-11;23;132
26;2025-12-12;0;29
26;2025-12-12;1;1
26;2025-12-12;2;0
26;2025-12-12;3;0
26;2025-12-12;4;1
26;2025-12-12;5;83
26;2025-12-12;6;474
26;2025-12-12;7;1011
26;2025-12-12;8;2159
26;2025-12-12;9;1354
26;2025-12-12;10;1217
26;2025-12-12;11;1070
26;2025-12-12;12;1088
26;2025-12-12;13;1116
26;2025-12-12;14;1321
26;2025-12-12;15;1331
26;2025-12-12;16;1601
26;2025-12-12;17;1757
26;2025-12-12;18;1276
26;2025-12-12;19;1004
26;2025-12-12;20;640
26;2025-12-12;21;458
26;2025-12-12;22;195
26;2025-12-12;23;154
26;2025-12-13;0;49
26;2025-12-13;1;2
26;2025-12-13;2;0
26;2025-12-13;3;0
26;2025-12-13;4;2
26;2025-12-13;5;52
26;2025-12-13;6;250
26;2025-12-13;7;376
26;2025-12-13;8;618
26;2025-12-13;9;681
26;2025-12-13;10;845
26;2025-12-13;11;1002
26;2025-12-13;12;1098
26;2025-12-13;13;1098
26;2025-12-13;14;1145
26;2025-12-13;15;1014
26;2025-12-13;16;1061
26;2025-12-13;17;979
26;2025-12-13;18;917
26;2025-12-13;19;782
26;2025-12-13;20;537
26;2025-12-13;21;345
26;2025-12-13;22;210
26;2025-12-13;23;156
26;2025-12-14;0;48
26;2025-12-14;1;3
26;2025-12-14;2;0
26;2025-12-14;3;0
26;2025-12-14;4;1
26;2025-12-14;5;21
26;2025-12-14;6;155
26;2025-12-14;7;261
26;2025-12-14;8;386
26;2025-12-14;9;507
26;2025-12-14;10;578
26;2025-12-14;11;812
26;2025-12-14;12;811
26;2025-12-14;13;859
26;2025-12-14;14;857
26;2025-12-14;15;779
26;2025-12-14;16;736
26;2025-12-14;17;760
26;2025-12-14;18;691
26;2025-12-14;19;507
26;2025-12-14;20;390
26;2025-12-14;21;276
26;2025-12-14;22;161
26;2025-12-14;23;100
26;2025-12-15;0;24
26;2025-12-15;1;2
26;2025-12-15;2;0
26;2025-12-15;3;0
26;2025-12-15;4;1
26;2025-12-15;5;96
26;2025-12-15;6;466
26;2025-12-15;7;1148
26;2025-12-15;8;2299
26;2025-12-15;9;1474
26;2025-12-15;10;1234
26;2025-12-15;11;1048
26;2025-12-15;12;1085
26;2025-12-15;13;1163
26;2025-12-15;14;1313
26;2025-12-15;15;1353
26;2025-12-15;16;1486
26;2025-12-15;17;1768
26;2025-12-15;18;1939
26;2025-12-15;19;1224
26;2025-12-15;20;749
26;2025-12-15;21;487
26;2025-12-15;22;206
26;2025-12-15;23;113
26;2025-12-16;0;32
26;2025-12-16;1;0
26;2025-12-16;2;0
26;2025-12-16;3;0
26;2025-12-16;4;2
26;2025-12-16;5;100
26;2025-12-16;6;466
26;2025-12-16;7;1120
26;2025-12-16;8;2298
26;2025-12-16;9;1523
26;2025-12-16;10;1226
26;2025-12-16;11;1158
26;2025-12-16;12;1188
26;2025-12-16;13;1190
26;2025-12-16;14;1409
26;2025-12-16;15;1414
26;2025-12-16;16;1538
26;2025-12-16;17;1781
26;2025-12-16;18;1913
26;2025-12-16;19;1276
26;2025-12-16;20;782
26;2025-12-16;21;503
26;2025-12-16;22;210
26;2025-12-16;23;132
26;2025-12-17;0;32
26;2025-12-17;1;0
26;2025-12-17;2;0
26;2025-12-17;3;0
26;2025-12-17;4;2
26;2025-12-17;5;100
26;2025-12-17;6;466
26;2025-12-17;7;1120
26;2025-12-17;8;2298
26;2025-12-17;9;1523
26;2025-12-17;10;1226
26;2025-12-17;11;1158
26;2025-12-17;12;1188
26;2025-12-17;13;1190
26;2025-12-17;14;1409
26;2025-12-17;15;1414
26;2025-12-17;16;1538
26;2025-12-17;17;1781
26;2025-12-17;18;1913
26;2025-12-17;19;1276
26;2025-12-17;20;782
26;2025-12-17;21;503
26;2025-12-17;22;210
26;2025-12-17;23;132
26;2025-12-18;0;32
26;2025-12-18;1;0
26;2025-12-18;2;0
26;2025-12-18;3;0
26;2025-12-18;4;2
26;2025-12-18;5;100
26;2025-12-18;6;466
26;2025-12-18;7;1120
26;2025-12-18;8;2298
26;2025-12-18;9;1523
26;2025-12-18;10;1226
26;2025-12-18;11;1158
26;2025-12-18;12;1188
26;2025-12-18;13;1190
26;2025-12-18;14;1409
26;2025-12-18;15;1414
26;2025-12-18;16;1538
26;2025-12-18;17;1781
26;2025-12-18;18;1913
26;2025-12-18;19;1276
26;2025-12-18;20;782
26;2025-12-18;21;503
26;2025-12-18;22;210
26;2025-12-18;23;132
26;2025-12-19;0;29
26;2025-12-19;1;1
26;2025-12-19;2;0
26;2025-12-19;3;0
26;2025-12-19;4;1
26;2025-12-19;5;83
26;2025-12-19;6;474
26;2025-12-19;7;1011
26;2025-12-19;8;2159
26;2025-12-19;9;1354
26;2025-12-19;10;1217
26;2025-12-19;11;1070
26;2025-12-19;12;1088
26;2025-12-19;13;1116
26;2025-12-19;14;1321
26;2025-12-19;15;1331
26;2025-12-19;16;1601
26;2025-12-19;17;1757
26;2025-12-19;18;1276
26;2025-12-19;19;1004
26;2025-12-19;20;640
26;2025-12-19;21;458
26;2025-12-19;22;195
26;2025-12-19;23;154
26;2025-12-20;0;49
26;2025-12-20;1;2
26;2025-12-20;2;0
26;2025-12-20;3;0
26;2025-12-20;4;2
26;2025-12-20;5;52
26;2025-12-20;6;250
26;2025-12-20;7;376
26;2025-12-20;8;618
26;2025-12-20;9;681
26;2025-12-20;10;845
26;2025-12-20;11;1002
26;2025-12-20;12;1098
26;2025-12-20;13;1098
26;2025-12-20;14;1145
26;2025-12-20;15;1014
26;2025-12-20;16;1061
26;2025-12-20;17;979
26;2025-12-20;18;917
26;2025-12-20;19;782
26;2025-12-20;20;537
26;2025-12-20;21;345
26;2025-12-20;22;210
26;2025-12-20;23;156
26;2025-12-21;0;48
26;2025-12-21;1;3
26;2025-12-21;2;0
26;2025-12-21;3;0
26;2025-12-21;4;1
26;2025-12-21;5;21
26;2025-12-21;6;155
26;2025-12-21;7;261
26;2025-12-21;8;386
26;2025-12-21;9;507
26;2025-12-21;10;578
26;2025-12-21;11;812
26;2025-12-21;12;811
26;2025-12-21;13;859
26;2025-12-21;14;857
26;2025-12-21;15;779
26;2025-12-21;16;736
26;2025-12-21;17;760
26;2025-12-21;18;691
26;2025-12-21;19;507
26;2025-12-21;20;390
26;2025-12-21;21;276
26;2025-12-21;22;161
26;2025-12-21;23;100
26;2025-12-22;0;24
26;2025-12-22;1;2
26;2025-12-22;2;0
26;2025-12-22;3;0
26;2025-12-22;4;1
26;2025-12-22;5;96
26;2025-12-22;6;466
26;2025-12-22;7;1148
26;2025-12-22;8;2299
26;2025-12-22;9;1474
26;2025-12-22;10;1234
26;2025-12-22;11;1048
26;2025-12-22;12;1085
26;2025-12-22;13;1163
26;2025-12-22;14;1313
26;2025-12-22;15;1353
26;2025-12-22;16;1486
26;2025-12-22;17;1768
26;2025-12-22;18;1939
26;2025-12-22;19;1224
26;2025-12-22;20;749
26;2025-12-22;21;487
26;2025-12-22;22;206
26;2025-12-22;23;113
26;2025-12-23;0;32
26;2025-12-23;1;0
26;2025-12-23;2;0
26;2025-12-23;3;0
26;2025-12-23;4;2
26;2025-12-23;5;100
26;2025-12-23;6;466
26;2025-12-23;7;1120
26;2025-12-23;8;2298
26;2025-12-23;9;1523
26;2025-12-23;10;1226
26;2025-12-23;11;1158
26;2025-12-23;12;1188
26;2025-12-23;13;1190
26;2025-12-23;14;1409
26;2025-12-23;15;1414
26;2025-12-23;16;1538
26;2025-12-23;17;1781
26;2025-12-23;18;1913
26;2025-12-23;19;1276
26;2025-12-23;20;782
26;2025-12-23;21;503
26;2025-12-23;22;210
26;2025-12-23;23;132
26;2025-12-24;0;32
26;2025-12-24;1;0
26;2025-12-24;2;0
26;2025-12-24;3;0
26;2025-12-24;4;2
26;2025-12-24;5;100
26;2025-12-24;6;466
26;2025-12-24;7;1120
26;2025-12-24;8;2298
26;2025-12-24;9;1523
26;2025-12-24;10;1226
26;2025-12-24;11;1158
26;2025-12-24;12;1188
26;2025-12-24;13;1190
26;2025-12-24;14;1409
26;2025-12-24;15;1414
26;2025-12-24;16;1538
26;2025-12-24;17;1781
26;2025-12-24;18;1913
26;2025-12-24;19;1276
26;2025-12-24;20;782
26;2025-12-24;21;503
26;2025-12-24;22;210
26;2025-12-24;23;132
26;2025-12-25;0;32
26;2025-12-25;1;0
26;2025-12-25;2;0
26;2025-12-25;3;0
26;2025-12-25;4;2
26;2025-12-25;5;100
26;2025-12-25;6;466
26;2025-12-25;7;1120
26;2025-12-25;8;2298
26;2025-12-25;9;1523
26;2025-12-25;10;1226
26;2025-12-25;11;1158
26;2025-12-25;12;1188
26;2025-12-25;13;1190
26;2025-12-25;14;1409
26;2025-12-25;15;1414
26;2025-12-25;16;1538
26;2025-12-25;17;1781
26;2025-12-25;18;1913
26;2025-12-25;19;1276
26;2025-12-25;20;782
26;2025-12-25;21;503
26;2025-12-25;22;210
26;2025-12-25;23;132
26;2025-12-26;0;29
26;2025-12-26;1;1
26;2025-12-26;2;0
26;2025-12-26;3;0
26;2025-12-26;4;1
26;2025-12-26;5;83
26;2025-12-26;6;474
26;2025-12-26;7;1011
26;2025-12-26;8;2159
26;2025-12-26;9;1354
26;2025-12-26;10;1217
26;2025-12-26;11;1070
26;2025-12-26;12;1088
26;2025-12-26;13;1116
26;2025-12-26;14;1321
26;2025-12-26;15;1331
26;2025-12-26;16;1601
26;2025-12-26;17;1757
26;2025-12-26;18;1276
26;2025-12-26;19;1004
26;2025-12-26;20;640
26;2025-12-26;21;458
26;2025-12-26;22;195
26;2025-12-26;23;154
26;2025-12-27;0;49
26;2025-12-27;1;2
26;2025-12-27;2;0
26;2025-12-27;3;0
26;2025-12-27;4;2
26;2025-12-27;5;52
26;2025-12-27;6;250
26;2025-12-27;7;376
26;2025-12-27;8;618
26;2025-12-27;9;681
26;2025-12-27;10;845
26;2025-12-27;11;1002
26;2025-12-27;12;1098
26;2025-12-27;13;1098
26;2025-12-27;14;1145
26;2025-12-27;15;1014
26;2025-12-27;16;1061
26;2025-12-27;17;979
26;2025-12-27;18;917
26;2025-12-27;19;782
26;2025-12-27;20;537
26;2025-12-27;21;345
26;2025-12-27;22;210
26;2025-12-27;23;156
26;2025-12-28;0;48
26;2025-12-28;1;3
26;2025-12-28;2;0
26;2025-12-28;3;0
26;2025-12-28;4;1
26;2025-12-28;5;21
26;2025-12-28;6;155
26;2025-12-28;7;261
26;2025-12-28;8;386
26;2025-12-28;9;507
26;2025-12-28;10;578
26;2025-12-28;11;812
26;2025-12-28;12;811
26;2025-12-28;13;859
26;2025-12-28;14;857
26;2025-12-28;15;779
26;2025-12-28;16;736
26;2025-12-28;17;760
26;2025-12-28;18;691
26;2025-12-28;19;507
26;2025-12-28;20;390
26;2025-12-28;21;276
26;2025-12-28;22;161
26;2025-12-28;23;100
26;2025-12-29;0;21
26;2025-12-29;1;2
26;2025-12-29;2;0
26;2025-12-29;3;0
26;2025-12-29;4;1
26;2025-12-29;5;81
26;2025-12-29;6;396
26;2025-12-29;7;975
26;2025-12-29;8;1954
26;2025-12-29;9;1252
26;2025-12-29;10;1049
26;2025-12-29;11;890
26;2025-12-29;12;923
26;2025-12-29;13;989
26;2025-12-29;14;1116
26;2025-12-29;15;1150
26;2025-12-29;16;1263
26;2025-12-29;17;1503
26;2025-12-29;18;1648
26;2025-12-29;19;1040
26;2025-12-29;20;637
26;2025-12-29;21;414
26;2025-12-29;22;175
26;2025-12-29;23;96
26;2025-12-30;0;27
26;2025-12-30;1;0
26;2025-12-30;2;0
26;2025-12-30;3;0
26;2025-12-30;4;2
26;2025-12-30;5;85
26;2025-12-30;6;396
26;2025-12-30;7;952
26;2025-12-30;8;1953
26;2025-12-30;9;1294
26;2025-12-30;10;1042
26;2025-12-30;11;984
26;2025-12-30;12;1009
26;2025-12-30;13;1011
26;2025-12-30;14;1197
26;2025-12-30;15;1202
26;2025-12-30;16;1307
26;2025-12-30;17;1514
26;2025-12-30;18;1626
26;2025-12-30;19;1085
26;2025-12-30;20;665
26;2025-12-30;21;428
26;2025-12-30;22;179
26;2025-12-30;23;112
26;2025-12-31;0;41
26;2025-12-31;1;3
26;2025-12-31;2;0
26;2025-12-31;3;0
26;2025-12-31;4;1
26;2025-12-31;5;18
26;2025-12-31;6;132
26;2025-12-31;7;222
26;2025-12-31;8;328
26;2025-12-31;9;431
26;2025-12-31;10;492
26;2025-12-31;11;690
26;2025-12-31;12;689
26;2025-12-31;13;730
26;2025-12-31;14;728
26;2025-12-31;15;662
26;2025-12-31;16;626
26;2025-12-31;17;646
26;2025-12-31;18;588
26;2025-12-31;19;431
26;2025-12-31;20;331
26;2025-12-31;21;235
26;2025-12-31;22;137
26;2025-12-31;23;85
28;2025-11-01;0;0
28;2025-11-01;1;0
28;2025-11-01;2;0
28;2025-11-01;3;0
28;2025-11-01;4;1
28;2025-11-01;5;66
28;2025-11-01;6;234
28;2025-11-01;7;711
28;2025-11-01;8;1120
28;2025-11-01;9;715
28;2025-11-01;10;506
28;2025-11-01;11;483
28;2025-11-01;12;684
28;2025-11-01;13;606
28;2025-11-01;14;585
28;2025-11-01;15;612
28;2025-11-01;16;786
28;2025-11-01;17;811
28;2025-11-01;18;725
28;2025-11-01;19;526
28;2025-11-01;20;355
28;2025-11-01;21;288
28;2025-11-01;22;93
28;2025-11-01;23;17
28;2025-11-02;0;0
28;2025-11-02;1;0
28;2025-11-02;2;0
28;2025-11-02;3;0
28;2025-11-02;4;0
28;2025-11-02;5;31
28;2025-11-02;6;76
28;2025-11-02;7;172
28;2025-11-02;8;273
28;2025-11-02;9;370
28;2025-11-02;10;413
28;2025-11-02;11;454
28;2025-11-02;12;471
28;2025-11-02;13;574
28;2025-11-02;14;560
28;2025-11-02;15;538
28;2025-11-02;16;475
28;2025-11-02;17;490
28;2025-11-02;18;456
28;2025-11-02;19;384
28;2025-11-02;20;314
28;2025-11-02;21;252
28;2025-11-02;22;111
28;2025-11-02;23;11
28;2025-11-03;0;0
28;2025-11-03;1;0
28;2025-11-03;2;0
28;2025-11-03;3;0
28;2025-11-03;4;0
28;2025-11-03;5;31
28;2025-11-03;6;76
28;2025-11-03;7;172
28;2025-11-03;8;273
28;2025-11-03;9;370
28;2025-11-03;10;413
28;2025-11-03;11;454
28;2025-11-03;12;471
28;2025-11-03;13;574
28;2025-11-03;14;560
28;2025-11-03;15;538
28;2025-11-03;16;475
28;2025-11-03;17;490
28;2025-11-03;18;456
28;2025-11-03;19;384
28;2025-11-03;20;314
28;2025-11-03;21;252
28;2025-11-03;22;111
28;2025-11-03;23;11
28;2025-11-04;0;0
28;2025-11-04;1;0
28;2025-11-04;2;0
28;2025-11-04;3;0
28;2025-11-04;4;0
28;2025-11-04;5;31
28;2025-11-04;6;76
28;2025-11-04;7;172
28;2025-11-04;8;273
28;2025-11-04;9;370
28;2025-11-04;10;413
28;2025-11-04;11;454
28;2025-11-04;12;471
28;2025-11-04;13;574
28;2025-11-04;14;560
28;2025-11-04;15;538
28;2025-11-04;16;475
28;2025-11-04;17;490
28;2025-11-04;18;456
28;2025-11-04;19;384
28;2025-11-04;20;314
28;2025-11-04;21;252
28;2025-11-04;22;111
28;2025-11-04;23;11
28;2025-11-05;0;0
28;2025-11-05;1;0
28;2025-11-05;2;0
28;2025-11-05;3;0
28;2025-11-05;4;1
28;2025-11-05;5;78
28;2025-11-05;6;254
28;2025-11-05;7;805
28;2025-11-05;8;1292
28;2025-11-05;9;861
28;2025-11-05;10;606
28;2025-11-05;11;570
28;2025-11-05;12;688
28;2025-11-05;13;694
28;2025-11-05;14;694
28;2025-11-05;15;732
28;2025-11-05;16;908
28;2025-11-05;17;1080
28;2025-11-05;18;1049
28;2025-11-05;19;821
28;2025-11-05;20;553
28;2025-11-05;21;347
28;2025-11-05;22;116
28;2025-11-05;23;10
28;2025-11-06;0;0
28;2025-11-06;1;0
28;2025-11-06;2;0
28;2025-11-06;3;0
28;2025-11-06;4;1
28;2025-11-06;5;78
28;2025-11-06;6;254
28;2025-11-06;7;805
28;2025-11-06;8;1292
28;2025-11-06;9;861
28;2025-11-06;10;606
28;2025-11-06;11;570
28;2025-11-06;12;688
28;2025-11-06;13;694
28;2025-11-06;14;694
28;2025-11-06;15;732
28;2025-11-06;16;908
28;2025-11-06;17;1080
28;2025-11-06;18;1049
28;2025-11-06;19;821
28;2025-11-06;20;553
28;2025-11-06;21;347
28;2025-11-06;22;116
28;2025-11-06;23;10
28;2025-11-07;0;0
28;2025-11-07;1;0
28;2025-11-07;2;0
28;2025-11-07;3;0
28;2025-11-07;4;2
28;2025-11-07;5;82
28;2025-11-07;6;290
28;2025-11-07;7;881
28;2025-11-07;8;1388
28;2025-11-07;9;886
28;2025-11-07;10;628
28;2025-11-07;11;599
28;2025-11-07;12;848
28;2025-11-07;13;751
28;2025-11-07;14;725
28;2025-11-07;15;758
28;2025-11-07;16;975
28;2025-11-07;17;1005
28;2025-11-07;18;898
28;2025-11-07;19;652
28;2025-11-07;20;440
28;2025-11-07;21;357
28;2025-11-07;22;116
28;2025-11-07;23;21
28;2025-11-08;0;1
28;2025-11-08;1;0
28;2025-11-08;2;0
28;2025-11-08;3;0
28;2025-11-08;4;1
28;2025-11-08;5;39
28;2025-11-08;6;112
28;2025-11-08;7;240
28;2025-11-08;8;427
28;2025-11-08;9;485
28;2025-11-08;10;517
28;2025-11-08;11;519
28;2025-11-08;12;610
28;2025-11-08;13;629
28;2025-11-08;14;581
28;2025-11-08;15;606
28;2025-11-08;16;624
28;2025-11-08;17;591
28;2025-11-08;18;523
28;2025-11-08;19;388
28;2025-11-08;20;284
28;2025-11-08;21;254
28;2025-11-08;22;109
28;2025-11-08;23;12
28;2025-11-09;0;0
28;2025-11-09;1;0
28;2025-11-09;2;0
28;2025-11-09;3;0
28;2025-11-09;4;0
28;2025-11-09;5;31
28;2025-11-09;6;76
28;2025-11-09;7;172
28;2025-11-09;8;273
28;2025-11-09;9;370
28;2025-11-09;10;413
28;2025-11-09;11;454
28;2025-11-09;12;471
28;2025-11-09;13;574
28;2025-11-09;14;560
28;2025-11-09;15;538
28;2025-11-09;16;475
28;2025-11-09;17;490
28;2025-11-09;18;456
28;2025-11-09;19;384
28;2025-11-09;20;314
28;2025-11-09;21;252
28;2025-11-09;22;111
28;2025-11-09;23;11
28;2025-11-10;0;0
28;2025-11-10;1;0
28;2025-11-10;2;0
28;2025-11-10;3;0
28;2025-11-10;4;2
28;2025-11-10;5;73
28;2025-11-10;6;278
28;2025-11-10;7;764
28;2025-11-10;8;1309
28;2025-11-10;9;847
28;2025-11-10;10;663
28;2025-11-10;11;551
28;2025-11-10;12;704
28;2025-11-10;13;700
28;2025-11-10;14;637
28;2025-11-10;15;637
28;2025-11-10;16;899
28;2025-11-10;17;1017
28;2025-11-10;18;975
28;2025-11-10;19;734
28;2025-11-10;20;470
28;2025-11-10;21;307
28;2025-11-10;22;107
28;2025-11-10;23;3
28;2025-11-11;0;0
28;2025-11-11;1;0
28;2025-11-11;2;0
28;2025-11-11;3;0
28;2025-11-11;4;1
28;2025-11-11;5;78
28;2025-11-11;6;254
28;2025-11-11;7;805
28;2025-11-11;8;1292
28;2025-11-11;9;861
28;2025-11-11;10;606
28;2025-11-11;11;570
28;2025-11-11;12;688
28;2025-11-11;13;694
28;2025-11-11;14;694
28;2025-11-11;15;732
28;2025-11-11;16;908
28;2025-11-11;17;1080
28;2025-11-11;18;1049
28;2025-11-11;19;821
28;2025-11-11;20;553
28;2025-11-11;21;347
28;2025-11-11;22;116
28;2025-11-11;23;10
28;2025-11-12;0;0
28;2025-11-12;1;0
28;2025-11-12;2;0
28;2025-11-12;3;0
28;2025-11-12;4;1
28;2025-11-12;5;78
28;2025-11-12;6;254
28;2025-11-12;7;805
28;2025-11-12;8;1292
28;2025-11-12;9;861
28;2025-11-12;10;606
28;2025-11-12;11;570
28;2025-11-12;12;688
28;2025-11-12;13;694
28;2025-11-12;14;694
28;2025-11-12;15;732
28;2025-11-12;16;908
28;2025-11-12;17;1080
28;2025-11-12;18;1049
28;2025-11-12;19;821
28;2025-11-12;20;553
28;2025-11-12;21;347
28;2025-11-12;22;116
28;2025-11-12;23;10
28;2025-11-13;0;0
28;2025-11-13;1;0
28;2025-11-13;2;0
28;2025-11-13;3;0
28;2025-11-13;4;1
28;2025-11-13;5;78
28;2025-11-13;6;254
28;2025-11-13;7;805
28;2025-11-13;8;1292
28;2025-11-13;9;861
28;2025-11-13;10;606
28;2025-11-13;11;570
28;2025-11-13;12;688
28;2025-11-13;13;694
28;2025-11-13;14;694
28;2025-11-13;15;732
28;2025-11-13;16;908
28;2025-11-13;17;1080
28;2025-11-13;18;1049
28;2025-11-13;19;821
28;2025-11-13;20;553
28;2025-11-13;21;347
28;2025-11-13;22;116
28;2025-11-13;23;10
28;2025-11-14;0;0
28;2025-11-14;1;0
28;2025-11-14;2;0
28;2025-11-14;3;0
28;2025-11-14;4;2
28;2025-11-14;5;82
28;2025-11-14;6;290
28;2025-11-14;7;881
28;2025-11-14;8;1388
28;2025-11-14;9;886
28;2025-11-14;10;628
28;2025-11-14;11;599
28;2025-11-14;12;848
28;2025-11-14;13;751
28;2025-11-14;14;725
28;2025-11-14;15;758
28;2025-11-14;16;975
28;2025-11-14;17;1005
28;2025-11-14;18;898
28;2025-11-14;19;652
28;2025-11-14;20;440
28;2025-11-14;21;357
28;2025-11-14;22;116
28;2025-11-14;23;21
28;2025-11-15;0;1
28;2025-11-15;1;0
28;2025-11-15;2;0
28;2025-11-15;3;0
28;2025-11-15;4;1
28;2025-11-15;5;39
28;2025-11-15;6;112
28;2025-11-15;7;240
28;2025-11-15;8;427
28;2025-11-15;9;485
28;2025-11-15;10;517
28;2025-11-15;11;519
28;2025-11-15;12;610
28;2025-11-15;13;629
28;2025-11-15;14;581
28;2025-11-15;15;606
28;2025-11-15;16;624
28;2025-11-15;17;591
28;2025-11-15;18;523
28;2025-11-15;19;388
28;2025-11-15;20;284
28;2025-11-15;21;254
28;2025-11-15;22;109
28;2025-11-15;23;12
28;2025-11-16;0;0
28;2025-11-16;1;0
28;2025-11-16;2;0
28;2025-11-16;3;0
28;2025-11-16;4;0
28;2025-11-16;5;31
28;2025-11-16;6;76
28;2025-11-16;7;172
28;2025-11-16;8;273
28;2025-11-16;9;370
28;2025-11-16;10;413
28;2025-11-16;11;454
28;2025-11-16;12;471
28;2025-11-16;13;574
28;2025-11-16;14;560
28;2025-11-16;15;538
28;2025-11-16;16;475
28;2025-11-16;17;490
28;2025-11-16;18;456
28;2025-11-16;19;384
28;2025-11-16;20;314
28;2025-11-16;21;252
28;2025-11-16;22;111
28;2025-11-16;23;11
28;2025-11-17;0;0
28;2025-11-17;1;0
28;2025-11-17;2;0
28;2025-11-17;3;0
28;2025-11-17;4;2
28;2025-11-17;5;73
28;2025-11-17;6;278
28;2025-11-17;7;764
28;2025-11-17;8;1309
28;2025-11-17;9;847
28;2025-11-17;10;663
28;2025-11-17;11;551
28;2025-11-17;12;704
28;2025-11-17;13;700
28;2025-11-17;14;637
28;2025-11-17;15;637
28;2025-11-17;16;899
28;2025-11-17;17;1017
28;2025-11-17;18;975
28;2025-11-17;19;734
28;2025-11-17;20;470
28;2025-11-17;21;307
28;2025-11-17;22;107
28;2025-11-17;23;3
28;2025-11-18;0;0
28;2025-11-18;1;0
28;2025-11-18;2;0
28;2025-11-18;3;0
28;2025-11-18;4;1
28;2025-11-18;5;78
28;2025-11-18;6;254
28;2025-11-18;7;805
28;2025-11-18;8;1292
28;2025-11-18;9;861
28;2025-11-18;10;606
28;2025-11-18;11;570
28;2025-11-18;12;688
28;2025-11-18;13;694
28;2025-11-18;14;694
28;2025-11-18;15;732
28;2025-11-18;16;908
28;2025-11-18;17;1080
28;2025-11-18;18;1049
28;2025-11-18;19;821
28;2025-11-18;20;553
28;2025-11-18;21;347
28;2025-11-18;22;116
28;2025-11-18;23;10
28;2025-11-19;0;0
28;2025-11-19;1;0
28;2025-11-19;2;0
28;2025-11-19;3;0
28;2025-11-19;4;1
28;2025-11-19;5;78
28;2025-11-19;6;254
28;2025-11-19;7;805
28;2025-11-19;8;1292
28;2025-11-19;9;861
28;2025-11-19;10;606
28;2025-11-19;11;570
28;2025-11-19;12;688
28;2025-11-19;13;694
28;2025-11-19;14;694
28;2025-11-19;15;732
28;2025-11-19;16;908
28;2025-11-19;17;1080
28;2025-11-19;18;1049
28;2025-11-19;19;821
28;2025-11-19;20;553
28;2025-11-19;21;347
28;2025-11-19;22;116
28;2025-11-19;23;10
28;2025-11-20;0;0
28;2025-11-20;1;0
28;2025-11-20;2;0
28;2025-11-20;3;0
28;2025-11-20;4;1
28;2025-11-20;5;78
28;2025-11-20;6;254
28;2025-11-20;7;805
28;2025-11-20;8;1292
28;2025-11-20;9;861
28;2025-11-20;10;606
28;2025-11-20;11;570
28;2025-11-20;12;688
28;2025-11-20;13;694
28;2025-11-20;14;694
28;2025-11-20;15;732
28;2025-11-20;16;908
28;2025-11-20;17;1080
28;2025-11-20;18;1049
28;2025-11-20;19;821
28;2025-11-20;20;553
28;2025-11-20;21;347
28;2025-11-20;22;116
28;2025-11-20;23;10
28;2025-11-21;0;0
28;2025-11-21;1;0
28;2025-11-21;2;0
28;2025-11-21;3;0
28;2025-11-21;4;2
28;2025-11-21;5;82
28;2025-11-21;6;290
28;2025-11-21;7;881
28;2025-11-21;8;1388
28;2025-11-21;9;886
28;2025-11-21;10;628
28;2025-11-21;11;599
28;2025-11-21;12;848
28;2025-11-21;13;751
28;2025-11-21;14;725
28;2025-11-21;15;758
28;2025-11-21;16;975
28;2025-11-21;17;1005
28;2025-11-21;18;898
28;2025-11-21;19;652
28;2025-11-21;20;440
28;2025-11-21;21;357
28;2025-11-21;22;116
28;2025-11-21;23;21
28;2025-11-22;0;1
28;2025-11-22;1;0
28;2025-11-22;2;0
28;2025-11-22;3;0
28;2025-11-22;4;1
28;2025-11-22;5;39
28;2025-11-22;6;112
28;2025-11-22;7;240
28;2025-11-22;8;427
28;2025-11-22;9;485
28;2025-11-22;10;517
28;2025-11-22;11;519
28;2025-11-22;12;610
28;2025-11-22;13;629
28;2025-11-22;14;581
28;2025-11-22;15;606
28;2025-11-22;16;624
28;2025-11-22;17;591
28;2025-11-22;18;523
28;2025-11-22;19;388
28;2025-11-22;20;284
28;2025-11-22;21;254
28;2025-11-22;22;109
28;2025-11-22;23;12
28;2025-11-23;0;0
28;2025-11-23;1;0
28;2025-11-23;2;0
28;2025-11-23;3;0
28;2025-11-23;4;0
28;2025-11-23;5;31
28;2025-11-23;6;76
28;2025-11-23;7;172
28;2025-11-23;8;273
28;2025-11-23;9;370
28;2025-11-23;10;413
28;2025-11-23;11;454
28;2025-11-23;12;471
28;2025-11-23;13;574
28;2025-11-23;14;560
28;2025-11-23;15;538
28;2025-11-23;16;475
28;2025-11-23;17;490
28;2025-11-23;18;456
28;2025-11-23;19;384
28;2025-11-23;20;314
28;2025-11-23;21;252
28;2025-11-23;22;111
28;2025-11-23;23;11
28;2025-11-24;0;0
28;2025-11-24;1;0
28;2025-11-24;2;0
28;2025-11-24;3;0
28;2025-11-24;4;2
28;2025-11-24;5;73
28;2025-11-24;6;278
28;2025-11-24;7;764
28;2025-11-24;8;1309
28;2025-11-24;9;847
28;2025-11-24;10;663
28;2025-11-24;11;551
28;2025-11-24;12;704
28;2025-11-24;13;700
28;2025-11-24;14;637
28;2025-11-24;15;637
28;2025-11-24;16;899
28;2025-11-24;17;1017
28;2025-11-24;18;975
28;2025-11-24;19;734
28;2025-11-24;20;470
28;2025-11-24;21;307
28;2025-11-24;22;107
28;2025-11-24;23;3
28;2025-11-25;0;0
28;2025-11-25;1;0
28;2025-11-25;2;0
28;2025-11-25;3;0
28;2025-11-25;4;1
28;2025-11-25;5;78
28;2025-11-25;6;254
28;2025-11-25;7;805
28;2025-11-25;8;1292
28;2025-11-25;9;861
28;2025-11-25;10;606
28;2025-11-25;11;570
28;2025-11-25;12;688
28;2025-11-25;13;694
28;2025-11-25;14;694
28;2025-11-25;15;732
28;2025-11-25;16;908
28;2025-11-25;17;1080
28;2025-11-25;18;1049
28;2025-11-25;19;821
28;2025-11-25;20;553
28;2025-11-25;21;347
28;2025-11-25;22;116
28;2025-11-25;23;10
28;2025-11-26;0;0
28;2025-11-26;1;0
28;2025-11-26;2;0
28;2025-11-26;3;0
28;2025-11-26;4;1
28;2025-11-26;5;78
28;2025-11-26;6;254
28;2025-11-26;7;805
28;2025-11-26;8;1292
28;2025-11-26;9;861
28;2025-11-26;10;606
28;2025-11-26;11;570
28;2025-11-26;12;688
28;2025-11-26;13;694
28;2025-11-26;14;694
28;2025-11-26;15;732
28;2025-11-26;16;908
28;2025-11-26;17;1080
28;2025-11-26;18;1049
28;2025-11-26;19;821
28;2025-11-26;20;553
28;2025-11-26;21;347
28;2025-11-26;22;116
28;2025-11-26;23;10
28;2025-11-27;0;0
28;2025-11-27;1;0
28;2025-11-27;2;0
28;2025-11-27;3;0
28;2025-11-27;4;1
28;2025-11-27;5;78
28;2025-11-27;6;254
28;2025-11-27;7;805
28;2025-11-27;8;1292
28;2025-11-27;9;861
28;2025-11-27;10;606
28;2025-11-27;11;570
28;2025-11-27;12;688
28;2025-11-27;13;694
28;2025-11-27;14;694
28;2025-11-27;15;732
28;2025-11-27;16;908
28;2025-11-27;17;1080
28;2025-11-27;18;1049
28;2025-11-27;19;821
28;2025-11-27;20;553
28;2025-11-27;21;347
28;2025-11-27;22;116
28;2025-11-27;23;10
28;2025-11-28;0;0
28;2025-11-28;1;0
28;2025-11-28;2;0
28;2025-11-28;3;0
28;2025-11-28;4;2
28;2025-11-28;5;82
28;2025-11-28;6;290
28;2025-11-28;7;881
28;2025-11-28;8;1388
28;2025-11-28;9;886
28;2025-11-28;10;628
28;2025-11-28;11;599
28;2025-11-28;12;848
28;2025-11-28;13;751
28;2025-11-28;14;725
28;2025-11-28;15;758
28;2025-11-28;16;975
28;2025-11-28;17;1005
28;2025-11-28;18;898
28;2025-11-28;19;652
28;2025-11-28;20;440
28;2025-11-28;21;357
28;2025-11-28;22;116
28;2025-11-28;23;21
28;2025-11-29;0;1
28;2025-11-29;1;0
28;2025-11-29;2;0
28;2025-11-29;3;0
28;2025-11-29;4;1
28;2025-11-29;5;39
28;2025-11-29;6;112
28;2025-11-29;7;240
28;2025-11-29;8;427
28;2025-11-29;9;485
28;2025-11-29;10;517
28;2025-11-29;11;519
28;2025-11-29;12;610
28;2025-11-29;13;629
28;2025-11-29;14;581
28;2025-11-29;15;606
28;2025-11-29;16;624
28;2025-11-29;17;591
28;2025-11-29;18;523
28;2025-11-29;19;388
28;2025-11-29;20;284
28;2025-11-29;21;254
28;2025-11-29;22;109
28;2025-11-29;23;12
28;2025-11-30;0;0
28;2025-11-30;1;0
28;2025-11-30;2;0
28;2025-11-30;3;0
28;2025-11-30;4;0
28;2025-11-30;5;31
28;2025-11-30;6;76
28;2025-11-30;7;172
28;2025-11-30;8;273
28;2025-11-30;9;370
28;2025-11-30;10;413
28;2025-11-30;11;454
28;2025-11-30;12;471
28;2025-11-30;13;574
28;2025-11-30;14;560
28;2025-11-30;15;538
28;2025-11-30;16;475
28;2025-11-30;17;490
28;2025-11-30;18;456
28;2025-11-30;19;384
28;2025-11-30;20;314
28;2025-11-30;21;252
28;2025-11-30;22;111
28;2025-11-30;23;11
28;2025-12-01;0;0
28;2025-12-01;1;0
28;2025-12-01;2;0
28;2025-12-01;3;0
28;2025-12-01;4;2
28;2025-12-01;5;73
28;2025-12-01;6;278
28;2025-12-01;7;764
28;2025-12-01;8;1309
28;2025-12-01;9;847
28;2025-12-01;10;663
28;2025-12-01;11;551
28;2025-12-01;12;704
28;2025-12-01;13;700
28;2025-12-01;14;637
28;2025-12-01;15;637
28;2025-12-01;16;899
28;2025-12-01;17;1017
28;2025-12-01;18;975
28;2025-12-01;19;734
28;2025-12-01;20;470
28;2025-12-01;21;307
28;2025-12-01;22;107
28;2025-12-01;23;3
28;2025-12-02;0;0
28;2025-12-02;1;0
28;2025-12-02;2;0
28;2025-12-02;3;0
28;2025-12-02;4;1
28;2025-12-02;5;78
28;2025-12-02;6;254
28;2025-12-02;7;805
28;2025-12-02;8;1292
28;2025-12-02;9;861
28;2025-12-02;10;606
28;2025-12-02;11;570
28;2025-12-02;12;688
28;2025-12-02;13;694
28;2025-12-02;14;694
28;2025-12-02;15;732
28;2025-12-02;16;908
28;2025-12-02;17;1080
28;2025-12-02;18;1049
28;2025-12-02;19;821
28;2025-12-02;20;553
28;2025-12-02;21;347
28;2025-12-02;22;116
28;2025-12-02;23;10
28;2025-12-03;0;0
28;2025-12-03;1;0
28;2025-12-03;2;0
28;2025-12-03;3;0
28;2025-12-03;4;1
28;2025-12-03;5;78
28;2025-12-03;6;254
28;2025-12-03;7;805
28;2025-12-03;8;1292
28;2025-12-03;9;861
28;2025-12-03;10;606
28;2025-12-03;11;570
28;2025-12-03;12;688
28;2025-12-03;13;694
28;2025-12-03;14;694
28;2025-12-03;15;732
28;2025-12-03;16;908
28;2025-12-03;17;1080
28;2025-12-03;18;1049
28;2025-12-03;19;821
28;2025-12-03;20;553
28;2025-12-03;21;347
28;2025-12-03;22;116
28;2025-12-03;23;10
28;2025-12-04;0;0
28;2025-12-04;1;0
28;2025-12-04;2;0
28;2025-12-04;3;0
28;2025-12-04;4;1
28;2025-12-04;5;78
28;2025-12-04;6;254
28;2025-12-04;7;805
28;2025-12-04;8;1292
28;2025-12-04;9;861
28;2025-12-04;10;606
28;2025-12-04;11;570
28;2025-12-04;12;688
28;2025-12-04;13;694
28;2025-12-04;14;694
28;2025-12-04;15;732
28;2025-12-04;16;908
28;2025-12-04;17;1080
28;2025-12-04;18;1049
28;2025-12-04;19;821
28;2025-12-04;20;553
28;2025-12-04;21;347
28;2025-12-04;22;116
28;2025-12-04;23;10
28;2025-12-05;0;0
28;2025-12-05;1;0
28;2025-12-05;2;0
28;2025-12-05;3;0
28;2025-12-05;4;2
28;2025-12-05;5;82
28;2025-12-05;6;290
28;2025-12-05;7;881
28;2025-12-05;8;1388
28;2025-12-05;9;886
28;2025-12-05;10;628
28;2025-12-05;11;599
28;2025-12-05;12;848
28;2025-12-05;13;751
28;2025-12-05;14;725
28;2025-12-05;15;758
28;2025-12-05;16;975
28;2025-12-05;17;1005
28;2025-12-05;18;898
28;2025-12-05;19;652
28;2025-12-05;20;440
28;2025-12-05;21;357
28;2025-12-05;22;116
28;2025-12-05;23;21
28;2025-12-06;0;1
28;2025-12-06;1;0
28;2025-12-06;2;0
28;2025-12-06;3;0
28;2025-12-06;4;1
28;2025-12-06;5;39
28;2025-12-06;6;112
28;2025-12-06;7;240
28;2025-12-06;8;427
28;2025-12-06;9;485
28;2025-12-06;10;517
28;2025-12-06;11;519
28;2025-12-06;12;610
28;2025-12-06;13;629
28;2025-12-06;14;581
28;2025-12-06;15;606
28;2025-12-06;16;624
28;2025-12-06;17;591
28;2025-12-06;18;523
28;2025-12-06;19;388
28;2025-12-06;20;284
28;2025-12-06;21;254
28;2025-12-06;22;109
28;2025-12-06;23;12
28;2025-12-07;0;0
28;2025-12-07;1;0
28;2025-12-07;2;0
28;2025-12-07;3;0
28;2025-12-07;4;0
28;2025-12-07;5;31
28;2025-12-07;6;76
28;2025-12-07;7;172
28;2025-12-07;8;273
28;2025-12-07;9;370
28;2025-12-07;10;413
28;2025-12-07;11;454
28;2025-12-07;12;471
28;2025-12-07;13;574
28;2025-12-07;14;560
28;2025-12-07;15;538
28;2025-12-07;16;475
28;2025-12-07;17;490
28;2025-12-07;18;456
28;2025-12-07;19;384
28;2025-12-07;20;314
28;2025-12-07;21;252
28;2025-12-07;22;111
28;2025-12-07;23;11
28;2025-12-08;0;0
28;2025-12-08;1;0
28;2025-12-08;2;0
28;2025-12-08;3;0
28;2025-12-08;4;2
28;2025-12-08;5;73
28;2025-12-08;6;278
28;2025-12-08;7;764
28;2025-12-08;8;1309
28;2025-12-08;9;847
28;2025-12-08;10;663
28;2025-12-08;11;551
28;2025-12-08;12;704
28;2025-12-08;13;700
28;2025-12-08;14;637
28;2025-12-08;15;637
28;2025-12-08;16;899
28;2025-12-08;17;1017
28;2025-12-08;18;975
28;2025-12-08;19;734
28;2025-12-08;20;470
28;2025-12-08;21;307
28;2025-12-08;22;107
28;2025-12-08;23;3
28;2025-12-09;0;0
28;2025-12-09;1;0
28;2025-12-09;2;0
28;2025-12-09;3;0
28;2025-12-09;4;1
28;2025-12-09;5;78
28;2025-12-09;6;254
28;2025-12-09;7;805
28;2025-12-09;8;1292
28;2025-12-09;9;861
28;2025-12-09;10;606
28;2025-12-09;11;570
28;2025-12-09;12;688
28;2025-12-09;13;694
28;2025-12-09;14;694
28;2025-12-09;15;732
28;2025-12-09;16;908
28;2025-12-09;17;1080
28;2025-12-09;18;1049
28;2025-12-09;19;821
28;2025-12-09;20;553
28;2025-12-09;21;347
28;2025-12-09;22;116
28;2025-12-09;23;10
28;2025-12-10;0;0
28;2025-12-10;1;0
28;2025-12-10;2;0
28;2025-12-10;3;0
28;2025-12-10;4;1
28;2025-12-10;5;78
28;2025-12-10;6;254
28;2025-12-10;7;805
28;2025-12-10;8;1292
28;2025-12-10;9;861
28;2025-12-10;10;606
28;2025-12-10;11;570
28;2025-12-10;12;688
28;2025-12-10;13;694
28;2025-12-10;14;694
28;2025-12-10;15;732
28;2025-12-10;16;908
28;2025-12-10;17;1080
28;2025-12-10;18;1049
28;2025-12-10;19;821
28;2025-12-10;20;553
28;2025-12-10;21;347
28;2025-12-10;22;116
28;2025-12-10;23;10
28;2025-12-11;0;0
28;2025-12-11;1;0
28;2025-12-11;2;0
28;2025-12-11;3;0
28;2025-12-11;4;1
28;2025-12-11;5;78
28;2025-12-11;6;254
28;2025-12-11;7;805
28;2025-12-11;8;1292
28;2025-12-11;9;861
28;2025-12-11;10;606
28;2025-12-11;11;570
28;2025-12-11;12;688
28;2025-12-11;13;694
28;2025-12-11;14;694
28;2025-12-11;15;732
28;2025-12-11;16;908
28;2025-12-11;17;1080
28;2025-12-11;18;1049
28;2025-12-11;19;821
28;2025-12-11;20;553
28;2025-12-11;21;347
28;2025-12-11;22;116
28;2025-12-11;23;10
28;2025-12-12;0;0
28;2025-12-12;1;0
28;2025-12-12;2;0
28;2025-12-12;3;0
28;2025-12-12;4;2
28;2025-12-12;5;82
28;2025-12-12;6;290
28;2025-12-12;7;881
28;2025-12-12;8;1388
28;2025-12-12;9;886
28;2025-12-12;10;628
28;2025-12-12;11;599
28;2025-12-12;12;848
28;2025-12-12;13;751
28;2025-12-12;14;725
28;2025-12-12;15;758
28;2025-12-12;16;975
28;2025-12-12;17;1005
28;2025-12-12;18;898
28;2025-12-12;19;652
28;2025-12-12;20;440
28;2025-12-12;21;357
28;2025-12-12;22;116
28;2025-12-12;23;21
28;2025-12-13;0;1
28;2025-12-13;1;0
28;2025-12-13;2;0
28;2025-12-13;3;0
28;2025-12-13;4;1
28;2025-12-13;5;39
28;2025-12-13;6;112
28;2025-12-13;7;240
28;2025-12-13;8;427
28;2025-12-13;9;485
28;2025-12-13;10;517
28;2025-12-13;11;519
28;2025-12-13;12;610
28;2025-12-13;13;629
28;2025-12-13;14;581
28;2025-12-13;15;606
28;2025-12-13;16;624
28;2025-12-13;17;591
28;2025-12-13;18;523
28;2025-12-13;19;388
28;2025-12-13;20;284
28;2025-12-13;21;254
28;2025-12-13;22;109
28;2025-12-13;23;12
28;2025-12-14;0;0
28;2025-12-14;1;0
28;2025-12-14;2;0
28;2025-12-14;3;0
28;2025-12-14;4;0
28;2025-12-14;5;31
28;2025-12-14;6;76
28;2025-12-14;7;172
28;2025-12-14;8;273
28;2025-12-14;9;370
28;2025-12-14;10;413
28;2025-12-14;11;454
28;2025-12-14;12;471
28;2025-12-14;13;574
28;2025-12-14;14;560
28;2025-12-14;15;538
28;2025-12-14;16;475
28;2025-12-14;17;490
28;2025-12-14;18;456
28;2025-12-14;19;384
28;2025-12-14;20;314
28;2025-12-14;21;252
28;2025-12-14;22;111
28;2025-12-14;23;11
28;2025-12-15;0;0
28;2025-12-15;1;0
28;2025-12-15;2;0
28;2025-12-15;3;0
28;2025-12-15;4;2
28;2025-12-15;5;73
28;2025-12-15;6;278
28;2025-12-15;7;764
28;2025-12-15;8;1309
28;2025-12-15;9;847
28;2025-12-15;10;663
28;2025-12-15;11;551
28;2025-12-15;12;704
28;2025-12-15;13;700
28;2025-12-15;14;637
28;2025-12-15;15;637
28;2025-12-15;16;899
28;2025-12-15;17;1017
28;2025-12-15;18;975
28;2025-12-15;19;734
28;2025-12-15;20;470
28;2025-12-15;21;307
28;2025-12-15;22;107
28;2025-12-15;23;3
28;2025-12-16;0;0
28;2025-12-16;1;0
28;2025-12-16;2;0
28;2025-12-16;3;0
28;2025-12-16;4;1
28;2025-12-16;5;78
28;2025-12-16;6;254
28;2025-12-16;7;805
28;2025-12-16;8;1292
28;2025-12-16;9;861
28;2025-12-16;10;606
28;2025-12-16;11;570
28;2025-12-16;12;688
28;2025-12-16;13;694
28;2025-12-16;14;694
28;2025-12-16;15;732
28;2025-12-16;16;908
28;2025-12-16;17;1080
28;2025-12-16;18;1049
28;2025-12-16;19;821
28;2025-12-16;20;553
28;2025-12-16;21;347
28;2025-12-16;22;116
28;2025-12-16;23;10
28;2025-12-17;0;0
28;2025-12-17;1;0
28;2025-12-17;2;0
28;2025-12-17;3;0
28;2025-12-17;4;1
28;2025-12-17;5;78
28;2025-12-17;6;254
28;2025-12-17;7;805
28;2025-12-17;8;1292
28;2025-12-17;9;861
28;2025-12-17;10;606
28;2025-12-17;11;570
28;2025-12-17;12;688
28;2025-12-17;13;694
28;2025-12-17;14;694
28;2025-12-17;15;732
28;2025-12-17;16;908
28;2025-12-17;17;1080
28;2025-12-17;18;1049
28;2025-12-17;19;821
28;2025-12-17;20;553
28;2025-12-17;21;347
28;2025-12-17;22;116
28;2025-12-17;23;10
28;2025-12-18;0;0
28;2025-12-18;1;0
28;2025-12-18;2;0
28;2025-12-18;3;0
28;2025-12-18;4;1
28;2025-12-18;5;78
28;2025-12-18;6;254
28;2025-12-18;7;805
28;2025-12-18;8;1292
28;2025-12-18;9;861
28;2025-12-18;10;606
28;2025-12-18;11;570
28;2025-12-18;12;688
28;2025-12-18;13;694
28;2025-12-18;14;694
28;2025-12-18;15;732
28;2025-12-18;16;908
28;2025-12-18;17;1080
28;2025-12-18;18;1049
28;2025-12-18;19;821
28;2025-12-18;20;553
28;2025-12-18;21;347
28;2025-12-18;22;116
28;2025-12-18;23;10
28;2025-12-19;0;0
28;2025-12-19;1;0
28;2025-12-19;2;0
28;2025-12-19;3;0
28;2025-12-19;4;2
28;2025-12-19;5;82
28;2025-12-19;6;290
28;2025-12-19;7;881
28;2025-12-19;8;1388
28;2025-12-19;9;886
28;2025-12-19;10;628
28;2025-12-19;11;599
28;2025-12-19;12;848
28;2025-12-19;13;751
28;2025-12-19;14;725
28;2025-12-19;15;758
28;2025-12-19;16;975
28;2025-12-19;17;1005
28;2025-12-19;18;898
28;2025-12-19;19;652
28;2025-12-19;20;440
28;2025-12-19;21;357
28;2025-12-19;22;116
28;2025-12-19;23;21
28;2025-12-20;0;1
28;2025-12-20;1;0
28;2025-12-20;2;0
28;2025-12-20;3;0
28;2025-12-20;4;1
28;2025-12-20;5;39
28;2025-12-20;6;112
28;2025-12-20;7;240
28;2025-12-20;8;427
28;2025-12-20;9;485
28;2025-12-20;10;517
28;2025-12-20;11;519
28;2025-12-20;12;610
28;2025-12-20;13;629
28;2025-12-20;14;581
28;2025-12-20;15;606
28;2025-12-20;16;624
28;2025-12-20;17;591
28;2025-12-20;18;523
28;2025-12-20;19;388
28;2025-12-20;20;284
28;2025-12-20;21;254
28;2025-12-20;22;109
28;2025-12-20;23;12
28;2025-12-21;0;0
28;2025-12-21;1;0
28;2025-12-21;2;0
28;2025-12-21;3;0
28;2025-12-21;4;0
28;2025-12-21;5;31
28;2025-12-21;6;76
28;2025-12-21;7;172
28;2025-12-21;8;273
28;2025-12-21;9;370
28;2025-12-21;10;413
28;2025-12-21;11;454
28;2025-12-21;12;471
28;2025-12-21;13;574
28;2025-12-21;14;560
28;2025-12-21;15;538
28;2025-12-21;16;475
28;2025-12-21;17;490
28;2025-12-21;18;456
28;2025-12-21;19;384
28;2025-12-21;20;314
28;2025-12-21;21;252
28;2025-12-21;22;111
28;2025-12-21;23;11
28;2025-12-22;0;0
28;2025-12-22;1;0
28;2025-12-22;2;0
28;2025-12-22;3;0
28;2025-12-22;4;2
28;2025-12-22;5;73
28;2025-12-22;6;278
28;2025-12-22;7;764
28;2025-12-22;8;1309
28;2025-12-22;9;847
28;2025-12-22;10;663
28;2025-12-22;11;551
28;2025-12-22;12;704
28;2025-12-22;13;700
28;2025-12-22;14;637
28;2025-12-22;15;637
28;2025-12-22;16;899
28;2025-12-22;17;1017
28;2025-12-22;18;975
28;2025-12-22;19;734
28;2025-12-22;20;470
28;2025-12-22;21;307
28;2025-12-22;22;107
28;2025-12-22;23;3
28;2025-12-23;0;0
28;2025-12-23;1;0
28;2025-12-23;2;0
28;2025-12-23;3;0
28;2025-12-23;4;1
28;2025-12-23;5;78
28;2025-12-23;6;254
28;2025-12-23;7;805
28;2025-12-23;8;1292
28;2025-12-23;9;861
28;2025-12-23;10;606
28;2025-12-23;11;570
28;2025-12-23;12;688
28;2025-12-23;13;694
28;2025-12-23;14;694
28;2025-12-23;15;732
28;2025-12-23;16;908
28;2025-12-23;17;1080
28;2025-12-23;18;1049
28;2025-12-23;19;821
28;2025-12-23;20;553
28;2025-12-23;21;347
28;2025-12-23;22;116
28;2025-12-23;23;10
28;2025-12-24;0;0
28;2025-12-24;1;0
28;2025-12-24;2;0
28;2025-12-24;3;0
28;2025-12-24;4;1
28;2025-12-24;5;78
28;2025-12-24;6;254
28;2025-12-24;7;805
28;2025-12-24;8;1292
28;2025-12-24;9;861
28;2025-12-24;10;606
28;2025-12-24;11;570
28;2025-12-24;12;688
28;2025-12-24;13;694
28;2025-12-24;14;694
28;2025-12-24;15;732
28;2025-12-24;16;908
28;2025-12-24;17;1080
28;2025-12-24;18;1049
28;2025-12-24;19;821
28;2025-12-24;20;553
28;2025-12-24;21;347
28;2025-12-24;22;116
28;2025-12-24;23;10
28;2025-12-25;0;0
28;2025-12-25;1;0
28;2025-12-25;2;0
28;2025-12-25;3;0
28;2025-12-25;4;1
28;2025-12-25;5;78
28;2025-12-25;6;254
28;2025-12-25;7;805
28;2025-12-25;8;1292
28;2025-12-25;9;861
28;2025-12-25;10;606
28;2025-12-25;11;570
28;2025-12-25;12;688
28;2025-12-25;13;694
28;2025-12-25;14;694
28;2025-12-25;15;732
28;2025-12-25;16;908
28;2025-12-25;17;1080
28;2025-12-25;18;1049
28;2025-12-25;19;821
28;2025-12-25;20;553
28;2025-12-25;21;347
28;2025-12-25;22;116
28;2025-12-25;23;10
28;2025-12-26;0;0
28;2025-12-26;1;0
28;2025-12-26;2;0
28;2025-12-26;3;0
28;2025-12-26;4;2
28;2025-12-26;5;82
28;2025-12-26;6;290
28;2025-12-26;7;881
28;2025-12-26;8;1388
28;2025-12-26;9;886
28;2025-12-26;10;628
28;2025-12-26;11;599
28;2025-12-26;12;848
28;2025-12-26;13;751
28;2025-12-26;14;725
28;2025-12-26;15;758
28;2025-12-26;16;975
28;2025-12-26;17;1005
28;2025-12-26;18;898
28;2025-12-26;19;652
28;2025-12-26;20;440
28;2025-12-26;21;357
28;2025-12-26;22;116
28;2025-12-26;23;21
28;2025-12-27;0;1
28;2025-12-27;1;0
28;2025-12-27;2;0
28;2025-12-27;3;0
28;2025-12-27;4;1
28;2025-12-27;5;39
28;2025-12-27;6;112
28;2025-12-27;7;240
28;2025-12-27;8;427
28;2025-12-27;9;485
28;2025-12-27;10;517
28;2025-12-27;11;519
28;2025-12-27;12;610
28;2025-12-27;13;629
28;2025-12-27;14;581
28;2025-12-27;15;606
28;2025-12-27;16;624
28;2025-12-27;17;591
28;2025-12-27;18;523
28;2025-12-27;19;388
28;2025-12-27;20;284
28;2025-12-27;21;254
28;2025-12-27;22;109
28;2025-12-27;23;12
28;2025-12-28;0;0
28;2025-12-28;1;0
28;2025-12-28;2;0
28;2025-12-28;3;0
28;2025-12-28;4;0
28;2025-12-28;5;31
28;2025-12-28;6;76
28;2025-12-28;7;172
28;2025-12-28;8;273
28;2025-12-28;9;370
28;2025-12-28;10;413
28;2025-12-28;11;454
28;2025-12-28;12;471
28;2025-12-28;13;574
28;2025-12-28;14;560
28;2025-12-28;15;538
28;2025-12-28;16;475
28;2025-12-28;17;490
28;2025-12-28;18;456
28;2025-12-28;19;384
28;2025-12-28;20;314
28;2025-12-28;21;252
28;2025-12-28;22;111
28;2025-12-28;23;11
28;2025-12-29;0;0
28;2025-12-29;1;0
28;2025-12-29;2;0
28;2025-12-29;3;0
28;2025-12-29;4;2
28;2025-12-29;5;62
28;2025-12-29;6;237
28;2025-12-29;7;649
28;2025-12-29;8;1113
28;2025-12-29;9;720
28;2025-12-29;10;564
28;2025-12-29;11;468
28;2025-12-29;12;599
28;2025-12-29;13;595
28;2025-12-29;14;542
28;2025-12-29;15;541
28;2025-12-29;16;764
28;2025-12-29;17;864
28;2025-12-29;18;829
28;2025-12-29;19;624
28;2025-12-29;20;400
28;2025-12-29;21;261
28;2025-12-29;22;91
28;2025-12-29;23;3
28;2025-12-30;0;0
28;2025-12-30;1;0
28;2025-12-30;2;0
28;2025-12-30;3;0
28;2025-12-30;4;1
28;2025-12-30;5;66
28;2025-12-30;6;216
28;2025-12-30;7;684
28;2025-12-30;8;1099
28;2025-12-30;9;732
28;2025-12-30;10;515
28;2025-12-30;11;484
28;2025-12-30;12;585
28;2025-12-30;13;590
28;2025-12-30;14;590
28;2025-12-30;15;622
28;2025-12-30;16;772
28;2025-12-30;17;918
28;2025-12-30;18;892
28;2025-12-30;19;698
28;2025-12-30;20;470
28;2025-12-30;21;295
28;2025-12-30;22;99
28;2025-12-30;23;9
28;2025-12-31;0;0
28;2025-12-31;1;0
28;2025-12-31;2;0
28;2025-12-31;3;0
28;2025-12-31;4;0
28;2025-12-31;5;27
28;2025-12-31;6;65
28;2025-12-31;7;146
28;2025-12-31;8;232
28;2025-12-31;9;315
28;2025-12-31;10;351
28;2025-12-31;11;386
28;2025-12-31;12;400
28;2025-12-31;13;488
28;2025-12-31;14;476
28;2025-12-31;15;457
28;2025-12-31;16;404
28;2025-12-31;17;417
28;2025-12-31;18;388
28;2025-12-31;19;327
28;2025-12-31;20;267
28;2025-12-31;21;214
28;2025-12-31;22;94
28;2025-12-31;23;9
50;2025-11-01;0;55
50;2025-11-01;1;6
50;2025-11-01;2;0
50;2025-11-01;3;0
50;2025-11-01;4;2
50;2025-11-01;5;35
50;2025-11-01;6;264
50;2025-11-01;7;906
50;2025-11-01;8;1413
50;2025-11-01;9;1071
50;2025-11-01;10;775
50;2025-11-01;11;764
50;2025-11-01;12;715
50;2025-11-01;13;777
50;2025-11-01;14;737
50;2025-11-01;15;904
50;2025-11-01;16;1154
50;2025-11-01;17;1108
50;2025-11-01;18;822
50;2025-11-01;19;621
50;2025-11-01;20;463
50;2025-11-01;21;289
50;2025-11-01;22;134
50;2025-11-01;23;88
50;2025-11-02;0;0
50;2025-11-02;1;0
50;2025-11-02;2;0
50;2025-11-02;3;0
50;2025-11-02;4;0
50;2025-11-02;5;0
50;2025-11-02;6;0
50;2025-11-02;7;0
50;2025-11-02;8;0
50;2025-11-02;9;0
50;2025-11-02;10;71
50;2025-11-02;11;64
50;2025-11-02;12;26
50;2025-11-02;13;54
50;2025-11-02;14;177
50;2025-11-02;15;161
50;2025-11-02;16;164
50;2025-11-02;17;346
50;2025-11-02;18;188
50;2025-11-02;19;190
50;2025-11-02;20;153
50;2025-11-02;21;91
50;2025-11-02;22;113
50;2025-11-02;23;28
50;2025-11-03;0;33
50;2025-11-03;1;0
50;2025-11-03;2;0
50;2025-11-03;3;0
50;2025-11-03;4;1
50;2025-11-03;5;38
50;2025-11-03;6;173
50;2025-11-03;7;312
50;2025-11-03;8;493
50;2025-11-03;9;545
50;2025-11-03;10;592
50;2025-11-03;11;746
50;2025-11-03;12;757
50;2025-11-03;13;776
50;2025-11-03;14;827
50;2025-11-03;15;759
50;2025-11-03;16;753
50;2025-11-03;17;869
50;2025-11-03;18;833
50;2025-11-03;19;724
50;2025-11-03;20;712
50;2025-11-03;21;465
50;2025-11-03;22;288
50;2025-11-03;23;149
50;2025-11-04;0;33
50;2025-11-04;1;0
50;2025-11-04;2;0
50;2025-11-04;3;0
50;2025-11-04;4;1
50;2025-11-04;5;38
50;2025-11-04;6;173
50;2025-11-04;7;312
50;2025-11-04;8;493
50;2025-11-04;9;545
50;2025-11-04;10;592
50;2025-11-04;11;746
50;2025-11-04;12;757
50;2025-11-04;13;776
50;2025-11-04;14;827
50;2025-11-04;15;759
50;2025-11-04;16;753
50;2025-11-04;17;869
50;2025-11-04;18;833
50;2025-11-04;19;724
50;2025-11-04;20;712
50;2025-11-04;21;465
50;2025-11-04;22;288
50;2025-11-04;23;149
50;2025-11-05;0;26
50;2025-11-05;1;2
50;2025-11-05;2;0
50;2025-11-05;3;0
50;2025-11-05;4;3
50;2025-11-05;5;71
50;2025-11-05;6;560
50;2025-11-05;7;1787
50;2025-11-05;8;2962
50;2025-11-05;9;2254
50;2025-11-05;10;1806
50;2025-11-05;11;1559
50;2025-11-05;12;1536
50;2025-11-05;13;1520
50;2025-11-05;14;1439
50;2025-11-05;15;1738
50;2025-11-05;16;1757
50;2025-11-05;17;2486
50;2025-11-05;18;2531
50;2025-11-05;19;1517
50;2025-11-05;20;986
50;2025-11-05;21;678
50;2025-11-05;22;256
50;2025-11-05;23;153
50;2025-11-06;0;26
50;2025-11-06;1;2
50;2025-11-06;2;0
50;2025-11-06;3;0
50;2025-11-06;4;3
50;2025-11-06;5;71
50;2025-11-06;6;560
50;2025-11-06;7;1787
50;2025-11-06;8;2962
50;2025-11-06;9;2254
50;2025-11-06;10;1806
50;2025-11-06;11;1559
50;2025-11-06;12;1536
50;2025-11-06;13;1520
50;2025-11-06;14;1439
50;2025-11-06;15;1738
50;2025-11-06;16;1757
50;2025-11-06;17;2486
50;2025-11-06;18;2531
50;2025-11-06;19;1517
50;2025-11-06;20;986
50;2025-11-06;21;678
50;2025-11-06;22;256
50;2025-11-06;23;153
50;2025-11-07;0;33
50;2025-11-07;1;0
50;2025-11-07;2;0
50;2025-11-07;3;0
50;2025-11-07;4;4
50;2025-11-07;5;67
50;2025-11-07;6;510
50;2025-11-07;7;1746
50;2025-11-07;8;2722
50;2025-11-07;9;2064
50;2025-11-07;10;1494
50;2025-11-07;11;1472
50;2025-11-07;12;1378
50;2025-11-07;13;1496
50;2025-11-07;14;1420
50;2025-11-07;15;1742
50;2025-11-07;16;2224
50;2025-11-07;17;2134
50;2025-11-07;18;1583
50;2025-11-07;19;1196
50;2025-11-07;20;892
50;2025-11-07;21;557
50;2025-11-07;22;259
50;2025-11-07;23;169
50;2025-11-08;0;191
50;2025-11-08;1;16
50;2025-11-08;2;0
50;2025-11-08;3;0
50;2025-11-08;4;0
50;2025-11-08;5;1
50;2025-11-08;6;1
50;2025-11-08;7;6
50;2025-11-08;8;3
50;2025-11-08;9;68
50;2025-11-08;10;38
50;2025-11-08;11;52
50;2025-11-08;12;118
50;2025-11-08;13;58
50;2025-11-08;14;73
50;2025-11-08;15;136
50;2025-11-08;16;70
50;2025-11-08;17;74
50;2025-11-08;18;21
50;2025-11-08;19;0
50;2025-11-08;20;19
50;2025-11-08;21;0
50;2025-11-08;22;12
50;2025-11-08;23;0
50;2025-11-09;0;0
50;2025-11-09;1;0
50;2025-11-09;2;0
50;2025-11-09;3;0
50;2025-11-09;4;0
50;2025-11-09;5;0
50;2025-11-09;6;0
50;2025-11-09;7;0
50;2025-11-09;8;0
50;2025-11-09;9;0
50;2025-11-09;10;71
50;2025-11-09;11;64
50;2025-11-09;12;26
50;2025-11-09;13;54
50;2025-11-09;14;177
50;2025-11-09;15;161
50;2025-11-09;16;164
50;2025-11-09;17;346
50;2025-11-09;18;188
50;2025-11-09;19;190
50;2025-11-09;20;153
50;2025-11-09;21;91
50;2025-11-09;22;113
50;2025-11-09;23;28
50;2025-11-10;0;7
50;2025-11-10;1;2
50;2025-11-10;2;0
50;2025-11-10;3;0
50;2025-11-10;4;4
50;2025-11-10;5;71
50;2025-11-10;6;526
50;2025-11-10;7;1720
50;2025-11-10;8;2862
50;2025-11-10;9;2323
50;2025-11-10;10;1658
50;2025-11-10;11;1465
50;2025-11-10;12;1301
50;2025-11-10;13;1511
50;2025-11-10;14;1406
50;2025-11-10;15;1623
50;2025-11-10;16;1655
50;2025-11-10;17;2318
50;2025-11-10;18;2529
50;2025-11-10;19;1254
50;2025-11-10;20;861
50;2025-11-10;21;637
50;2025-11-10;22;209
50;2025-11-10;23;111
50;2025-11-11;0;26
50;2025-11-11;1;2
50;2025-11-11;2;0
50;2025-11-11;3;0
50;2025-11-11;4;3
50;2025-11-11;5;71
50;2025-11-11;6;560
50;2025-11-11;7;1787
50;2025-11-11;8;2962
50;2025-11-11;9;2254
50;2025-11-11;10;1806
50;2025-11-11;11;1559
50;2025-11-11;12;1536
50;2025-11-11;13;1520
50;2025-11-11;14;1439
50;2025-11-11;15;1738
50;2025-11-11;16;1757
50;2025-11-11;17;2486
50;2025-11-11;18;2531
50;2025-11-11;19;1517
50;2025-11-11;20;986
50;2025-11-11;21;678
50;2025-11-11;22;256
50;2025-11-11;23;153
50;2025-11-12;0;26
50;2025-11-12;1;2
50;2025-11-12;2;0
50;2025-11-12;3;0
50;2025-11-12;4;3
50;2025-11-12;5;71
50;2025-11-12;6;560
50;2025-11-12;7;1787
50;2025-11-12;8;2962
50;2025-11-12;9;2254
50;2025-11-12;10;1806
50;2025-11-12;11;1559
50;2025-11-12;12;1536
50;2025-11-12;13;1520
50;2025-11-12;14;1439
50;2025-11-12;15;1738
50;2025-11-12;16;1757
50;2025-11-12;17;2486
50;2025-11-12;18;2531
50;2025-11-12;19;1517
50;2025-11-12;20;986
50;2025-11-12;21;678
50;2025-11-12;22;256
50;2025-11-12;23;153
50;2025-11-13;0;26
50;2025-11-13;1;2
50;2025-11-13;2;0
50;2025-11-13;3;0
50;2025-11-13;4;3
50;2025-11-13;5;71
50;2025-11-13;6;560
50;2025-11-13;7;1787
50;2025-11-13;8;2962
50;2025-11-13;9;2254
50;2025-11-13;10;1806
50;2025-11-13;11;1559
50;2025-11-13;12;1536
50;2025-11-13;13;1520
50;2025-11-13;14;1439
50;2025-11-13;15;1738
50;2025-11-13;16;1757
50;2025-11-13;17;2486
50;2025-11-13;18;2531
50;2025-11-13;19;1517
50;2025-11-13;20;986
50;2025-11-13;21;678
50;2025-11-13;22;256
50;2025-11-13;23;153
50;2025-11-14;0;33
50;2025-11-14;1;0
50;2025-11-14;2;0
50;2025-11-14;3;0
50;2025-11-14;4;4
50;2025-11-14;5;67
50;2025-11-14;6;510
50;2025-11-14;7;1746
50;2025-11-14;8;2722
50;2025-11-14;9;2064
50;2025-11-14;10;1494
50;2025-11-14;11;1472
50;2025-11-14;12;1378
50;2025-11-14;13;1496
50;2025-11-14;14;1420
50;2025-11-14;15;1742
50;2025-11-14;16;2224
50;2025-11-14;17;2134
50;2025-11-14;18;1583
50;2025-11-14;19;1196
50;2025-11-14;20;892
50;2025-11-14;21;557
50;2025-11-14;22;259
50;2025-11-14;23;169
50;2025-11-15;0;191
50;2025-11-15;1;16
50;2025-11-15;2;0
50;2025-11-15;3;0
50;2025-11-15;4;0
50;2025-11-15;5;1
50;2025-11-15;6;1
50;2025-11-15;7;6
50;2025-11-15;8;3
50;2025-11-15;9;68
50;2025-11-15;10;38
50;2025-11-15;11;52
50;2025-11-15;12;118
50;2025-11-15;13;58
50;2025-11-15;14;73
50;2025-11-15;15;136
50;2025-11-15;16;70
50;2025-11-15;17;74
50;2025-11-15;18;21
50;2025-11-15;19;0
50;2025-11-15;20;19
50;2025-11-15;21;0
50;2025-11-15;22;12
50;2025-11-15;23;0
50;2025-11-16;0;0
50;2025-11-16;1;0
50;2025-11-16;2;0
50;2025-11-16;3;0
50;2025-11-16;4;0
50;2025-11-16;5;0
50;2025-11-16;6;0
50;2025-11-16;7;0
50;2025-11-16;8;0
50;2025-11-16;9;0
50;2025-11-16;10;71
50;2025-11-16;11;64
50;2025-11-16;12;26
50;2025-11-16;13;54
50;2025-11-16;14;177
50;2025-11-16;15;161
50;2025-11-16;16;164
50;2025-11-16;17;346
50;2025-11-16;18;188
50;2025-11-16;19;190
50;2025-11-16;20;153
50;2025-11-16;21;91
50;2025-11-16;22;113
50;2025-11-16;23;28
50;2025-11-17;0;7
50;2025-11-17;1;2
50;2025-11-17;2;0
50;2025-11-17;3;0
50;2025-11-17;4;4
50;2025-11-17;5;71
50;2025-11-17;6;526
50;2025-11-17;7;1720
50;2025-11-17;8;2862
50;2025-11-17;9;2323
50;2025-11-17;10;1658
50;2025-11-17;11;1465
50;2025-11-17;12;1301
50;2025-11-17;13;1511
50;2025-11-17;14;1406
50;2025-11-17;15;1623
50;2025-11-17;16;1655
50;2025-11-17;17;2318
50;2025-11-17;18;2529
50;2025-11-17;19;1254
50;2025-11-17;20;861
50;2025-11-17;21;637
50;2025-11-17;22;209
50;2025-11-17;23;111
50;2025-11-18;0;26
50;2025-11-18;1;2
50;2025-11-18;2;0
50;2025-11-18;3;0
50;2025-11-18;4;3
50;2025-11-18;5;71
50;2025-11-18;6;560
50;2025-11-18;7;1787
50;2025-11-18;8;2962
50;2025-11-18;9;2254
50;2025-11-18;10;1806
50;2025-11-18;11;1559
50;2025-11-18;12;1536
50;2025-11-18;13;1520
50;2025-11-18;14;1439
50;2025-11-18;15;1738
50;2025-11-18;16;1757
50;2025-11-18;17;2486
50;2025-11-18;18;2531
50;2025-11-18;19;1517
50;2025-11-18;20;986
50;2025-11-18;21;678
50;2025-11-18;22;256
50;2025-11-18;23;153
50;2025-11-19;0;26
50;2025-11-19;1;2
50;2025-11-19;2;0
50;2025-11-19;3;0
50;2025-11-19;4;3
50;2025-11-19;5;71
50;2025-11-19;6;560
50;2025-11-19;7;1787
50;2025-11-19;8;2962
50;2025-11-19;9;2254
50;2025-11-19;10;1806
50;2025-11-19;11;1559
50;2025-11-19;12;1536
50;2025-11-19;13;1520
50;2025-11-19;14;1439
50;2025-11-19;15;1738
50;2025-11-19;16;1757
50;2025-11-19;17;2486
50;2025-11-19;18;2531
50;2025-11-19;19;1517
50;2025-11-19;20;986
50;2025-11-19;21;678
50;2025-11-19;22;256
50;2025-11-19;23;153
50;2025-11-20;0;26
50;2025-11-20;1;2
50;2025-11-20;2;0
50;2025-11-20;3;0
50;2025-11-20;4;3
50;2025-11-20;5;71
50;2025-11-20;6;560
50;2025-11-20;7;1787
50;2025-11-20;8;2962
50;2025-11-20;9;2254
50;2025-11-20;10;1806
50;2025-11-20;11;1559
50;2025-11-20;12;1536
50;2025-11-20;13;1520
50;2025-11-20;14;1439
50;2025-11-20;15;1738
50;2025-11-20;16;1757
50;2025-11-20;17;2486
50;2025-11-20;18;2531
50;2025-11-20;19;1517
50;2025-11-20;20;986
50;2025-11-20;21;678
50;2025-11-20;22;256
50;2025-11-20;23;153
50;2025-11-21;0;33
50;2025-11-21;1;0
50;2025-11-21;2;0
50;2025-11-21;3;0
50;2025-11-21;4;4
50;2025-11-21;5;67
50;2025-11-21;6;510
50;2025-11-21;7;1746
50;2025-11-21;8;2722
50;2025-11-21;9;2064
50;2025-11-21;10;1494
50;2025-11-21;11;1472
50;2025-11-21;12;1378
50;2025-11-21;13;1496
50;2025-11-21;14;1420
50;2025-11-21;15;1742
50;2025-11-21;16;2224
50;2025-11-21;17;2134
50;2025-11-21;18;1583
50;2025-11-21;19;1196
50;2025-11-21;20;892
50;2025-11-21;21;557
50;2025-11-21;22;259
50;2025-11-21;23;169
50;2025-11-22;0;191
50;2025-11-22;1;16
50;2025-11-22;2;0
50;2025-11-22;3;0
50;2025-11-22;4;0
50;2025-11-22;5;1
50;2025-11-22;6;1
50;2025-11-22;7;6
50;2025-11-22;8;3
50;2025-11-22;9;68
50;2025-11-22;10;38
50;2025-11-22;11;52
50;2025-11-22;12;118
50;2025-11-22;13;58
50;2025-11-22;14;73
50;2025-11-22;15;136
50;2025-11-22;16;70
50;2025-11-22;17;74
50;2025-11-22;18;21
50;2025-11-22;19;0
50;2025-11-22;20;19
50;2025-11-22;21;0
50;2025-11-22;22;12
50;2025-11-22;23;0
50;2025-11-23;0;0
50;2025-11-23;1;0
50;2025-11-23;2;0
50;2025-11-23;3;0
50;2025-11-23;4;0
50;2025-11-23;5;0
50;2025-11-23;6;0
50;2025-11-23;7;0
50;2025-11-23;8;0
50;2025-11-23;9;0
50;2025-11-23;10;71
50;2025-11-23;11;64
50;2025-11-23;12;26
50;2025-11-23;13;54
50;2025-11-23;14;177
50;2025-11-23;15;161
50;2025-11-23;16;164
50;2025-11-23;17;346
50;2025-11-23;18;188
50;2025-11-23;19;190
50;2025-11-23;20;153
50;2025-11-23;21;91
50;2025-11-23;22;113
50;2025-11-23;23;28
50;2025-11-24;0;7
50;2025-11-24;1;2
50;2025-11-24;2;0
50;2025-11-24;3;0
50;2025-11-24;4;4
50;2025-11-24;5;71
50;2025-11-24;6;526
50;2025-11-24;7;1720
50;2025-11-24;8;2862
50;2025-11-24;9;2323
50;2025-11-24;10;1658
50;2025-11-24;11;1465
50;2025-11-24;12;1301
50;2025-11-24;13;1511
50;2025-11-24;14;1406
50;2025-11-24;15;1623
50;2025-11-24;16;1655
50;2025-11-24;17;2318
50;2025-11-24;18;2529
50;2025-11-24;19;1254
50;2025-11-24;20;861
50;2025-11-24;21;637
50;2025-11-24;22;209
50;2025-11-24;23;111
50;2025-11-25;0;26
50;2025-11-25;1;2
50;2025-11-25;2;0
50;2025-11-25;3;0
50;2025-11-25;4;3
50;2025-11-25;5;71
50;2025-11-25;6;560
50;2025-11-25;7;1787
50;2025-11-25;8;2962
50;2025-11-25;9;2254
50;2025-11-25;10;1806
50;2025-11-25;11;1559
50;2025-11-25;12;1536
50;2025-11-25;13;1520
50;2025-11-25;14;1439
50;2025-11-25;15;1738
50;2025-11-25;16;1757
50;2025-11-25;17;2486
50;2025-11-25;18;2531
50;2025-11-25;19;1517
50;2025-11-25;20;986
50;2025-11-25;21;678
50;2025-11-25;22;256
50;2025-11-25;23;153
50;2025-11-26;0;26
50;2025-11-26;1;2
50;2025-11-26;2;0
50;2025-11-26;3;0
50;2025-11-26;4;3
50;2025-11-26;5;71
50;2025-11-26;6;560
50;2025-11-26;7;1787
50;2025-11-26;8;2962
50;2025-11-26;9;2254
50;2025-11-26;10;1806
50;2025-11-26;11;1559
50;2025-11-26;12;1536
50;2025-11-26;13;1520
50;2025-11-26;14;1439
50;2025-11-26;15;1738
50;2025-11-26;16;1757
50;2025-11-26;17;2486
50;2025-11-26;18;2531
50;2025-11-26;19;1517
50;2025-11-26;20;986
50;2025-11-26;21;678
50;2025-11-26;22;256
50;2025-11-26;23;153
50;2025-11-27;0;26
50;2025-11-27;1;2
50;2025-11-27;2;0
50;2025-11-27;3;0
50;2025-11-27;4;3
50;2025-11-27;5;71
50;2025-11-27;6;560
50;2025-11-27;7;1787
50;2025-11-27;8;2962
50;2025-11-27;9;2254
50;2025-11-27;10;1806
50;2025-11-27;11;1559
50;2025-11-27;12;1536
50;2025-11-27;13;1520
50;2025-11-27;14;1439
50;2025-11-27;15;1738
50;2025-11-27;16;1757
50;2025-11-27;17;2486
50;2025-11-27;18;2531
50;2025-11-27;19;1517
50;2025-11-27;20;986
50;2025-11-27;21;678
50;2025-11-27;22;256
50;2025-11-27;23;153
50;2025-11-28;0;33
50;2025-11-28;1;0
50;2025-11-28;2;0
50;2025-11-28;3;0
50;2025-11-28;4;4
50;2025-11-28;5;67
50;2025-11-28;6;510
50;2025-11-28;7;1746
50;2025-11-28;8;2722
50;2025-11-28;9;2064
50;2025-11-28;10;1494
50;2025-11-28;11;1472
50;2025-11-28;12;1378
50;2025-11-28;13;1496
50;2025-11-28;14;1420
50;2025-11-28;15;1742
50;2025-11-28;16;2224
50;2025-11-28;17;2134
50;2025-11-28;18;1583
50;2025-11-28;19;1196
50;2025-11-28;20;892
50;2025-11-28;21;557
50;2025-11-28;22;259
50;2025-11-28;23;169
50;2025-11-29;0;191
50;2025-11-29;1;16
50;2025-11-29;2;0
50;2025-11-29;3;0
50;2025-11-29;4;0
50;2025-11-29;5;1
50;2025-11-29;6;1
50;2025-11-29;7;6
50;2025-11-29;8;3
50;2025-11-29;9;68
50;2025-11-29;10;38
50;2025-11-29;11;52
50;2025-11-29;12;118
50;2025-11-29;13;58
50;2025-11-29;14;73
50;2025-11-29;15;136
50;2025-11-29;16;70
50;2025-11-29;17;74
50;2025-11-29;18;21
50;2025-11-29;19;0
50;2025-11-29;20;19
50;2025-11-29;21;0
50;2025-11-29;22;12
50;2025-11-29;23;0
50;2025-11-30;0;0
50;2025-11-30;1;0
50;2025-11-30;2;0
50;2025-11-30;3;0
50;2025-11-30;4;0
50;2025-11-30;5;0
50;2025-11-30;6;0
50;2025-11-30;7;0
50;2025-11-30;8;0
50;2025-11-30;9;0
50;2025-11-30;10;71
50;2025-11-30;11;64
50;2025-11-30;12;26
50;2025-11-30;13;54
50;2025-11-30;14;177
50;2025-11-30;15;161
50;2025-11-30;16;164
50;2025-11-30;17;346
50;2025-11-30;18;188
50;2025-11-30;19;190
50;2025-11-30;20;153
50;2025-11-30;21;91
50;2025-11-30;22;113
50;2025-11-30;23;28
50;2025-12-01;0;7
50;2025-12-01;1;2
50;2025-12-01;2;0
50;2025-12-01;3;0
50;2025-12-01;4;4
50;2025-12-01;5;71
50;2025-12-01;6;526
50;2025-12-01;7;1720
50;2025-12-01;8;2862
50;2025-12-01;9;2323
50;2025-12-01;10;1658
50;2025-12-01;11;1465
50;2025-12-01;12;1301
50;2025-12-01;13;1511
50;2025-12-01;14;1406
50;2025-12-01;15;1623
50;2025-12-01;16;1655
50;2025-12-01;17;2318
50;2025-12-01;18;2529
50;2025-12-01;19;1254
50;2025-12-01;20;861
50;2025-12-01;21;637
50;2025-12-01;22;209
50;2025-12-01;23;111
50;2025-12-02;0;26
50;2025-12-02;1;2
50;2025-12-02;2;0
50;2025-12-02;3;0
50;2025-12-02;4;3
50;2025-12-02;5;71
50;2025-12-02;6;560
50;2025-12-02;7;1787
50;2025-12-02;8;2962
50;2025-12-02;9;2254
50;2025-12-02;10;1806
50;2025-12-02;11;1559
50;2025-12-02;12;1536
50;2025-12-02;13;1520
50;2025-12-02;14;1439
50;2025-12-02;15;1738
50;2025-12-02;16;1757
50;2025-12-02;17;2486
50;2025-12-02;18;2531
50;2025-12-02;19;1517
50;2025-12-02;20;986
50;2025-12-02;21;678
50;2025-12-02;22;256
50;2025-12-02;23;153
50;2025-12-03;0;26
50;2025-12-03;1;2
50;2025-12-03;2;0
50;2025-12-03;3;0
50;2025-12-03;4;3
50;2025-12-03;5;71
50;2025-12-03;6;560
50;2025-12-03;7;1787
50;2025-12-03;8;2962
50;2025-12-03;9;2254
50;2025-12-03;10;1806
50;2025-12-03;11;1559
50;2025-12-03;12;1536
50;2025-12-03;13;1520
50;2025-12-03;14;1439
50;2025-12-03;15;1738
50;2025-12-03;16;1757
50;2025-12-03;17;2486
50;2025-12-03;18;2531
50;2025-12-03;19;1517
50;2025-12-03;20;986
50;2025-12-03;21;678
50;2025-12-03;22;256
50;2025-12-03;23;153
50;2025-12-04;0;26
50;2025-12-04;1;2
50;2025-12-04;2;0
50;2025-12-04;3;0
50;2025-12-04;4;3
50;2025-12-04;5;71
50;2025-12-04;6;560
50;2025-12-04;7;1787
50;2025-12-04;8;2962
50;2025-12-04;9;2254
50;2025-12-04;10;1806
50;2025-12-04;11;1559
50;2025-12-04;12;1536
50;2025-12-04;13;1520
50;2025-12-04;14;1439
50;2025-12-04;15;1738
50;2025-12-04;16;1757
50;2025-12-04;17;2486
50;2025-12-04;18;2531
50;2025-12-04;19;1517
50;2025-12-04;20;986
50;2025-12-04;21;678
50;2025-12-04;22;256
50;2025-12-04;23;153
50;2025-12-05;0;33
50;2025-12-05;1;0
50;2025-12-05;2;0
50;2025-12-05;3;0
50;2025-12-05;4;4
50;2025-12-05;5;67
50;2025-12-05;6;510
50;2025-12-05;7;1746
50;2025-12-05;8;2722
50;2025-12-05;9;2064
50;2025-12-05;10;1494
50;2025-12-05;11;1472
50;2025-12-05;12;1378
50;2025-12-05;13;1496
50;2025-12-05;14;1420
50;2025-12-05;15;1742
50;2025-12-05;16;2224
50;2025-12-05;17;2134
50;2025-12-05;18;1583
50;2025-12-05;19;1196
50;2025-12-05;20;892
50;2025-12-05;21;557
50;2025-12-05;22;259
50;2025-12-05;23;169
50;2025-12-06;0;61
50;2025-12-06;1;0
50;2025-12-06;2;0
50;2025-12-06;3;0
50;2025-12-06;4;0
50;2025-12-06;5;42
50;2025-12-06;6;174
50;2025-12-06;7;450
50;2025-12-06;8;591
50;2025-12-06;9;619
50;2025-12-06;10;658
50;2025-12-06;11;768
50;2025-12-06;12;714
50;2025-12-06;13;744
50;2025-12-06;14;849
50;2025-12-06;15;725
50;2025-12-06;16;727
50;2025-12-06;17;874
50;2025-12-06;18;846
50;2025-12-06;19;774
50;2025-12-06;20;673
50;2025-12-06;21;444
50;2025-12-06;22;283
50;2025-12-06;23;168
50;2025-12-07;0;33
50;2025-12-07;1;0
50;2025-12-07;2;0
50;2025-12-07;3;0
50;2025-12-07;4;1
50;2025-12-07;5;38
50;2025-12-07;6;173
50;2025-12-07;7;312
50;2025-12-07;8;493
50;2025-12-07;9;545
50;2025-12-07;10;592
50;2025-12-07;11;746
50;2025-12-07;12;757
50;2025-12-07;13;776
50;2025-12-07;14;827
50;2025-12-07;15;759
50;2025-12-07;16;753
50;2025-12-07;17;869
50;2025-12-07;18;833
50;2025-12-07;19;724
50;2025-12-07;20;712
50;2025-12-07;21;465
50;2025-12-07;22;288
50;2025-12-07;23;149
50;2025-12-08;0;7
50;2025-12-08;1;2
50;2025-12-08;2;0
50;2025-12-08;3;0
50;2025-12-08;4;4
50;2025-12-08;5;71
50;2025-12-08;6;526
50;2025-12-08;7;1720
50;2025-12-08;8;2862
50;2025-12-08;9;2323
50;2025-12-08;10;1658
50;2025-12-08;11;1465
50;2025-12-08;12;1301
50;2025-12-08;13;1511
50;2025-12-08;14;1406
50;2025-12-08;15;1623
50;2025-12-08;16;1655
50;2025-12-08;17;2318
50;2025-12-08;18;2529
50;2025-12-08;19;1254
50;2025-12-08;20;861
50;2025-12-08;21;637
50;2025-12-08;22;209
50;2025-12-08;23;111
50;2025-12-09;0;26
50;2025-12-09;1;2
50;2025-12-09;2;0
50;2025-12-09;3;0
50;2025-12-09;4;3
50;2025-12-09;5;71
50;2025-12-09;6;560
50;2025-12-09;7;1787
50;2025-12-09;8;2962
50;2025-12-09;9;2254
50;2025-12-09;10;1806
50;2025-12-09;11;1559
50;2025-12-09;12;1536
50;2025-12-09;13;1520
50;2025-12-09;14;1439
50;2025-12-09;15;1738
50;2025-12-09;16;1757
50;2025-12-09;17;2486
50;2025-12-09;18;2531
50;2025-12-09;19;1517
50;2025-12-09;20;986
50;2025-12-09;21;678
50;2025-12-09;22;256
50;2025-12-09;23;153
50;2025-12-10;0;26
50;2025-12-10;1;2
50;2025-12-10;2;0
50;2025-12-10;3;0
50;2025-12-10;4;3
50;2025-12-10;5;71
50;2025-12-10;6;560
50;2025-12-10;7;1787
50;2025-12-10;8;2962
50;2025-12-10;9;2254
50;2025-12-10;10;1806
50;2025-12-10;11;1559
50;2025-12-10;12;1536
50;2025-12-10;13;1520
50;2025-12-10;14;1439
50;2025-12-10;15;1738
50;2025-12-10;16;1757
50;2025-12-10;17;2486
50;2025-12-10;18;2531
50;2025-12-10;19;1517
50;2025-12-10;20;986
50;2025-12-10;21;678
50;2025-12-10;22;256
50;2025-12-10;23;153
50;2025-12-11;0;26
50;2025-12-11;1;2
50;2025-12-11;2;0
50;2025-12-11;3;0
50;2025-12-11;4;3
50;2025-12-11;5;71
50;2025-12-11;6;560
50;2025-12-11;7;1787
50;2025-12-11;8;2962
50;2025-12-11;9;2254
50;2025-12-11;10;1806
50;2025-12-11;11;1559
50;2025-12-11;12;1536
50;2025-12-11;13;1520
50;2025-12-11;14;1439
50;2025-12-11;15;1738
50;2025-12-11;16;1757
50;2025-12-11;17;2486
50;2025-12-11;18;2531
50;2025-12-11;19;1517
50;2025-12-11;20;986
50;2025-12-11;21;678
50;2025-12-11;22;256
50;2025-12-11;23;153
50;2025-12-12;0;33
50;2025-12-12;1;0
50;2025-12-12;2;0
50;2025-12-12;3;0
50;2025-12-12;4;4
50;2025-12-12;5;67
50;2025-12-12;6;510
50;2025-12-12;7;1746
50;2025-12-12;8;2722
50;2025-12-12;9;2064
50;2025-12-12;10;1494
50;2025-12-12;11;1472
50;2025-12-12;12;1378
50;2025-12-12;13;1496
50;2025-12-12;14;1420
50;2025-12-12;15;1742
50;2025-12-12;16;2224
50;2025-12-12;17;2134
50;2025-12-12;18;1583
50;2025-12-12;19;1196
50;2025-12-12;20;892
50;2025-12-12;21;557
50;2025-12-12;22;259
50;2025-12-12;23;169
50;2025-12-13;0;61
50;2025-12-13;1;0
50;2025-12-13;2;0
50;2025-12-13;3;0
50;2025-12-13;4;0
50;2025-12-13;5;42
50;2025-12-13;6;174
50;2025-12-13;7;450
50;2025-12-13;8;591
50;2025-12-13;9;619
50;2025-12-13;10;658
50;2025-12-13;11;768
50;2025-12-13;12;714
50;2025-12-13;13;744
50;2025-12-13;14;849
50;2025-12-13;15;725
50;2025-12-13;16;727
50;2025-12-13;17;874
50;2025-12-13;18;846
50;2025-12-13;19;774
50;2025-12-13;20;673
50;2025-12-13;21;444
50;2025-12-13;22;283
50;2025-12-13;23;168
50;2025-12-14;0;33
50;2025-12-14;1;0
50;2025-12-14;2;0
50;2025-12-14;3;0
50;2025-12-14;4;1
50;2025-12-14;5;38
50;2025-12-14;6;173
50;2025-12-14;7;312
50;2025-12-14;8;493
50;2025-12-14;9;545
50;2025-12-14;10;592
50;2025-12-14;11;746
50;2025-12-14;12;757
50;2025-12-14;13;776
50;2025-12-14;14;827
50;2025-12-14;15;759
50;2025-12-14;16;753
50;2025-12-14;17;869
50;2025-12-14;18;833
50;2025-12-14;19;724
50;2025-12-14;20;712
50;2025-12-14;21;465
50;2025-12-14;22;288
50;2025-12-14;23;149
50;2025-12-15;0;7
50;2025-12-15;1;2
50;2025-12-15;2;0
50;2025-12-15;3;0
50;2025-12-15;4;4
50;2025-12-15;5;71
50;2025-12-15;6;526
50;2025-12-15;7;1720
50;2025-12-15;8;2862
50;2025-12-15;9;2323
50;2025-12-15;10;1658
50;2025-12-15;11;1465
50;2025-12-15;12;1301
50;2025-12-15;13;1511
50;2025-12-15;14;1406
50;2025-12-15;15;1623
50;2025-12-15;16;1655
50;2025-12-15;17;2318
50;2025-12-15;18;2529
50;2025-12-15;19;1254
50;2025-12-15;20;861
50;2025-12-15;21;637
50;2025-12-15;22;209
50;2025-12-15;23;111
50;2025-12-16;0;26
50;2025-12-16;1;2
50;2025-12-16;2;0
50;2025-12-16;3;0
50;2025-12-16;4;3
50;2025-12-16;5;71
50;2025-12-16;6;560
50;2025-12-16;7;1787
50;2025-12-16;8;2962
50;2025-12-16;9;2254
50;2025-12-16;10;1806
50;2025-12-16;11;1559
50;2025-12-16;12;1536
50;2025-12-16;13;1520
50;2025-12-16;14;1439
50;2025-12-16;15;1738
50;2025-12-16;16;1757
50;2025-12-16;17;2486
50;2025-12-16;18;2531
50;2025-12-16;19;1517
50;2025-12-16;20;986
50;2025-12-16;21;678
50;2025-12-16;22;256
50;2025-12-16;23;153
50;2025-12-17;0;26
50;2025-12-17;1;2
50;2025-12-17;2;0
50;2025-12-17;3;0
50;2025-12-17;4;3
50;2025-12-17;5;71
50;2025-12-17;6;560
50;2025-12-17;7;1787
50;2025-12-17;8;2962
50;2025-12-17;9;2254
50;2025-12-17;10;1806
50;2025-12-17;11;1559
50;2025-12-17;12;1536
50;2025-12-17;13;1520
50;2025-12-17;14;1439
50;2025-12-17;15;1738
50;2025-12-17;16;1757
50;2025-12-17;17;2486
50;2025-12-17;18;2531
50;2025-12-17;19;1517
50;2025-12-17;20;986
50;2025-12-17;21;678
50;2025-12-17;22;256
50;2025-12-17;23;153
50;2025-12-18;0;26
50;2025-12-18;1;2
50;2025-12-18;2;0
50;2025-12-18;3;0
50;2025-12-18;4;3
50;2025-12-18;5;71
50;2025-12-18;6;560
50;2025-12-18;7;1787
50;2025-12-18;8;2962
50;2025-12-18;9;2254
50;2025-12-18;10;1806
50;2025-12-18;11;1559
50;2025-12-18;12;1536
50;2025-12-18;13;1520
50;2025-12-18;14;1439
50;2025-12-18;15;1738
50;2025-12-18;16;1757
50;2025-12-18;17;2486
50;2025-12-18;18;2531
50;2025-12-18;19;1517
50;2025-12-18;20;986
50;2025-12-18;21;678
50;2025-12-18;22;256
50;2025-12-18;23;153
50;2025-12-19;0;33
50;2025-12-19;1;0
50;2025-12-19;2;0
50;2025-12-19;3;0
50;2025-12-19;4;4
50;2025-12-19;5;67
50;2025-12-19;6;510
50;2025-12-19;7;1746
50;2025-12-19;8;2722
50;2025-12-19;9;2064
50;2025-12-19;10;1494
50;2025-12-19;11;1472
50;2025-12-19;12;1378
50;2025-12-19;13;1496
50;2025-12-19;14;1420
50;2025-12-19;15;1742
50;2025-12-19;16;2224
50;2025-12-19;17;2134
50;2025-12-19;18;1583
50;2025-12-19;19;1196
50;2025-12-19;20;892
50;2025-12-19;21;557
50;2025-12-19;22;259
50;2025-12-19;23;169
50;2025-12-20;0;61
50;2025-12-20;1;0
50;2025-12-20;2;0
50;2025-12-20;3;0
50;2025-12-20;4;0
50;2025-12-20;5;42
50;2025-12-20;6;174
50;2025-12-20;7;450
50;2025-12-20;8;591
50;2025-12-20;9;619
50;2025-12-20;10;658
50;2025-12-20;11;768
50;2025-12-20;12;714
50;2025-12-20;13;744
50;2025-12-20;14;849
50;2025-12-20;15;725
50;2025-12-20;16;727
50;2025-12-20;17;874
50;2025-12-20;18;846
50;2025-12-20;19;774
50;2025-12-20;20;673
50;2025-12-20;21;444
50;2025-12-20;22;283
50;2025-12-20;23;168
50;2025-12-21;0;33
50;2025-12-21;1;0
50;2025-12-21;2;0
50;2025-12-21;3;0
50;2025-12-21;4;1
50;2025-12-21;5;38
50;2025-12-21;6;173
50;2025-12-21;7;312
50;2025-12-21;8;493
50;2025-12-21;9;545
50;2025-12-21;10;592
50;2025-12-21;11;746
50;2025-12-21;12;757
50;2025-12-21;13;776
50;2025-12-21;14;827
50;2025-12-21;15;759
50;2025-12-21;16;753
50;2025-12-21;17;869
50;2025-12-21;18;833
50;2025-12-21;19;724
50;2025-12-21;20;712
50;2025-12-21;21;465
50;2025-12-21;22;288
50;2025-12-21;23;149
50;2025-12-22;0;7
50;2025-12-22;1;2
50;2025-12-22;2;0
50;2025-12-22;3;0
50;2025-12-22;4;4
50;2025-12-22;5;71
50;2025-12-22;6;526
50;2025-12-22;7;1720
50;2025-12-22;8;2862
50;2025-12-22;9;2323
50;2025-12-22;10;1658
50;2025-12-22;11;1465
50;2025-12-22;12;1301
50;2025-12-22;13;1511
50;2025-12-22;14;1406
50;2025-12-22;15;1623
50;2025-12-22;16;1655
50;2025-12-22;17;2318
50;2025-12-22;18;2529
50;2025-12-22;19;1254
50;2025-12-22;20;861
50;2025-12-22;21;637
50;2025-12-22;22;209
50;2025-12-22;23;111
50;2025-12-23;0;26
50;2025-12-23;1;2
50;2025-12-23;2;0
50;2025-12-23;3;0
50;2025-12-23;4;3
50;2025-12-23;5;71
50;2025-12-23;6;560
50;2025-12-23;7;1787
50;2025-12-23;8;2962
50;2025-12-23;9;2254
50;2025-12-23;10;1806
50;2025-12-23;11;1559
50;2025-12-23;12;1536
50;2025-12-23;13;1520
50;2025-12-23;14;1439
50;2025-12-23;15;1738
50;2025-12-23;16;1757
50;2025-12-23;17;2486
50;2025-12-23;18;2531
50;2025-12-23;19;1517
50;2025-12-23;20;986
50;2025-12-23;21;678
50;2025-12-23;22;256
50;2025-12-23;23;153
50;2025-12-24;0;26
50;2025-12-24;1;2
50;2025-12-24;2;0
50;2025-12-24;3;0
50;2025-12-24;4;3
50;2025-12-24;5;71
50;2025-12-24;6;560
50;2025-12-24;7;1787
50;2025-12-24;8;2962
50;2025-12-24;9;2254
50;2025-12-24;10;1806
50;2025-12-24;11;1559
50;2025-12-24;12;1536
50;2025-12-24;13;1520
50;2025-12-24;14;1439
50;2025-12-24;15;1738
50;2025-12-24;16;1757
50;2025-12-24;17;2486
50;2025-12-24;18;2531
50;2025-12-24;19;1517
50;2025-12-24;20;986
50;2025-12-24;21;678
50;2025-12-24;22;256
50;2025-12-24;23;153
50;2025-12-25;0;26
50;2025-12-25;1;2
50;2025-12-25;2;0
50;2025-12-25;3;0
50;2025-12-25;4;3
50;2025-12-25;5;71
50;2025-12-25;6;560
50;2025-12-25;7;1787
50;2025-12-25;8;2962
50;2025-12-25;9;2254
50;2025-12-25;10;1806
50;2025-12-25;11;1559
50;2025-12-25;12;1536
50;2025-12-25;13;1520
50;2025-12-25;14;1439
50;2025-12-25;15;1738
50;2025-12-25;16;1757
50;2025-12-25;17;2486
50;2025-12-25;18;2531
50;2025-12-25;19;1517
50;2025-12-25;20;986
50;2025-12-25;21;678
50;2025-12-25;22;256
50;2025-12-25;23;153
50;2025-12-26;0;33
50;2025-12-26;1;0
50;2025-12-26;2;0
50;2025-12-26;3;0
50;2025-12-26;4;4
50;2025-12-26;5;67
50;2025-12-26;6;510
50;2025-12-26;7;1746
50;2025-12-26;8;2722
50;2025-12-26;9;2064
50;2025-12-26;10;1494
50;2025-12-26;11;1472
50;2025-12-26;12;1378
50;2025-12-26;13;1496
50;2025-12-26;14;1420
50;2025-12-26;15;1742
50;2025-12-26;16;2224
50;2025-12-26;17;2134
50;2025-12-26;18;1583
50;2025-12-26;19;1196
50;2025-12-26;20;892
50;2025-12-26;21;557
50;2025-12-26;22;259
50;2025-12-26;23;169
50;2025-12-27;0;61
50;2025-12-27;1;0
50;2025-12-27;2;0
50;2025-12-27;3;0
50;2025-12-27;4;0
50;2025-12-27;5;42
50;2025-12-27;6;174
50;2025-12-27;7;450
50;2025-12-27;8;591
50;2025-12-27;9;619
50;2025-12-27;10;658
50;2025-12-27;11;768
50;2025-12-27;12;714
50;2025-12-27;13;744
50;2025-12-27;14;849
50;2025-12-27;15;725
50;2025-12-27;16;727
50;2025-12-27;17;874
50;2025-12-27;18;846
50;2025-12-27;19;774
50;2025-12-27;20;673
50;2025-12-27;21;444
50;2025-12-27;22;283
50;2025-12-27;23;168
50;2025-12-28;0;33
50;2025-12-28;1;0
50;2025-12-28;2;0
50;2025-12-28;3;0
50;2025-12-28;4;1
50;2025-12-28;5;38
50;2025-12-28;6;173
50;2025-12-28;7;312
50;2025-12-28;8;493
50;2025-12-28;9;545
50;2025-12-28;10;592
50;2025-12-28;11;746
50;2025-12-28;12;757
50;2025-12-28;13;776
50;2025-12-28;14;827
50;2025-12-28;15;759
50;2025-12-28;16;753
50;2025-12-28;17;869
50;2025-12-28;18;833
50;2025-12-28;19;724
50;2025-12-28;20;712
50;2025-12-28;21;465
50;2025-12-28;22;288
50;2025-12-28;23;149
50;2025-12-29;0;6
50;2025-12-29;1;1
50;2025-12-29;2;0
50;2025-12-29;3;0
50;2025-12-29;4;3
50;2025-12-29;5;61
50;2025-12-29;6;447
50;2025-12-29;7;1462
50;2025-12-29;8;2433
50;2025-12-29;9;1975
50;2025-12-29;10;1409
50;2025-12-29;11;1245
50;2025-12-29;12;1106
50;2025-12-29;13;1284
50;2025-12-29;14;1195
50;2025-12-29;15;1379
50;2025-12-29;16;1407
50;2025-12-29;17;1970
50;2025-12-29;18;2150
50;2025-12-29;19;1066
50;2025-12-29;20;731
50;2025-12-29;21;541
50;2025-12-29;22;178
50;2025-12-29;23;95
50;2025-12-30;0;22
50;2025-12-30;1;2
50;2025-12-30;2;0
50;2025-12-30;3;0
50;2025-12-30;4;2
50;2025-12-30;5;61
50;2025-12-30;6;476
50;2025-12-30;7;1519
50;2025-12-30;8;2518
50;2025-12-30;9;1916
50;2025-12-30;10;1535
50;2025-12-30;11;1325
50;2025-12-30;12;1306
50;2025-12-30;13;1292
50;2025-12-30;14;1223
50;2025-12-30;15;1477
50;2025-12-30;16;1494
50;2025-12-30;17;2113
50;2025-12-30;18;2151
50;2025-12-30;19;1290
50;2025-12-30;20;838
50;2025-12-30;21;576
50;2025-12-30;22;218
50;2025-12-30;23;130
50;2025-12-31;0;28
50;2025-12-31;1;0
50;2025-12-31;2;0
50;2025-12-31;3;0
50;2025-12-31;4;1
50;2025-12-31;5;33
50;2025-12-31;6;147
50;2025-12-31;7;266
50;2025-12-31;8;419
50;2025-12-31;9;463
50;2025-12-31;10;503
50;2025-12-31;11;634
50;2025-12-31;12;643
50;2025-12-31;13;659
50;2025-12-31;14;703
50;2025-12-31;15;645
50;2025-12-31;16;640
50;2025-12-31;17;739
50;2025-12-31;18;708
50;2025-12-31;19;615
50;2025-12-31;20;605
50;2025-12-31;21;395
50;2025-12-31;22;245
50;2025-12-31;23;127
