route;date;hour;prediction
1;2025-11-01;0;2
1;2025-11-01;1;0
1;2025-11-01;2;0
1;2025-11-01;3;0
1;2025-11-01;4;5
1;2025-11-01;5;110
1;2025-11-01;6;408
1;2025-11-01;7;1210
1;2025-11-01;8;1459
1;2025-11-01;9;1128
1;2025-11-01;10;1038
1;2025-11-01;11;1103
1;2025-11-01;12;1087
1;2025-11-01;13;1112
1;2025-11-01;14;1108
1;2025-11-01;15;1238
1;2025-11-01;16;1280
1;2025-11-01;17;1457
1;2025-11-01;18;1188
1;2025-11-01;19;1028
1;2025-11-01;20;641
1;2025-11-01;21;396
1;2025-11-01;22;148
1;2025-11-01;23;31
1;2025-11-02;0;0
1;2025-11-02;1;0
1;2025-11-02;2;0
1;2025-11-02;3;0
1;2025-11-02;4;0
1;2025-11-02;5;22
1;2025-11-02;6;114
1;2025-11-02;7;267
1;2025-11-02;8;356
1;2025-11-02;9;605
1;2025-11-02;10;693
1;2025-11-02;11;710
1;2025-11-02;12;833
1;2025-11-02;13;822
1;2025-11-02;14;789
1;2025-11-02;15;713
1;2025-11-02;16;664
1;2025-11-02;17;598
1;2025-11-02;18;496
1;2025-11-02;19;446
1;2025-11-02;20;330
1;2025-11-02;21;270
1;2025-11-02;22;100
1;2025-11-02;23;26
1;2025-11-03;0;0
1;2025-11-03;1;0
1;2025-11-03;2;0
1;2025-11-03;3;0
1;2025-11-03;4;0
1;2025-11-03;5;22
1;2025-11-03;6;114
1;2025-11-03;7;267
1;2025-11-03;8;356
1;2025-11-03;9;605
1;2025-11-03;10;693
1;2025-11-03;11;686
1;2025-11-03;12;805
1;2025-11-03;13;822
1;2025-11-03;14;762
1;2025-11-03;15;689
1;2025-11-03;16;664
1;2025-11-03;17;598
1;2025-11-03;18;496
1;2025-11-03;19;446
1;2025-11-03;20;330
1;2025-11-03;21;270
1;2025-11-03;22;100
1;2025-11-03;23;26
1;2025-11-04;0;0
1;2025-11-04;1;0
1;2025-11-04;2;0
1;2025-11-04;3;0
1;2025-11-04;4;0
1;2025-11-04;5;22
1;2025-11-04;6;114
1;2025-11-04;7;267
1;2025-11-04;8;344
1;2025-11-04;9;584
1;2025-11-04;10;669
1;2025-11-04;11;686
1;2025-11-04;12;781
1;2025-11-04;13;797
1;2025-11-04;14;789
1;2025-11-04;15;713
1;2025-11-04;16;664
1;2025-11-04;17;598
1;2025-11-04;18;496
1;2025-11-04;19;446
1;2025-11-04;20;330
1;2025-11-04;21;270
1;2025-11-04;22;100
1;2025-11-04;23;26
1;2025-11-05;0;4
1;2025-11-05;1;0
1;2025-11-05;2;0
1;2025-11-05;3;0
1;2025-11-05;4;9
1;2025-11-05;5;116
1;2025-11-05;6;519
1;2025-11-05;7;1534
1;2025-11-05;8;2025
1;2025-11-05;9;1521
1;2025-11-05;10;1386
1;2025-11-05;11;1396
1;2025-11-05;12;1421
1;2025-11-05;13;1471
1;2025-11-05;14;1413
1;2025-11-05;15;1505
1;2025-11-05;16;1542
1;2025-11-05;17;1825
1;2025-11-05;18;1849
1;2025-11-05;19;1361
1;2025-11-05;20;905
1;2025-11-05;21;491
1;2025-11-05;22;179
1;2025-11-05;23;34
1;2025-11-06;0;4
1;2025-11-06;1;0
1;2025-11-06;2;0
1;2025-11-06;3;0
1;2025-11-06;4;9
1;2025-11-06;5;116
1;2025-11-06;6;519
1;2025-11-06;7;1534
1;2025-11-06;8;2025
1;2025-11-06;9;1521
1;2025-11-06;10;1386
1;2025-11-06;11;1349
1;2025-11-06;12;1421
1;2025-11-06;13;1471
1;2025-11-06;14;1413
1;2025-11-06;15;1454
1;2025-11-06;16;1490
1;2025-11-06;17;1825
1;2025-11-06;18;1849
1;2025-11-06;19;1361
1;2025-11-06;20;848
1;2025-11-06;21;491
1;2025-11-06;22;179
1;2025-11-06;23;33
1;2025-11-07;0;2
1;2025-11-07;1;0
1;2025-11-07;2;0
1;2025-11-07;3;0
1;2025-11-07;4;7
1;2025-11-07;5;135
1;2025-11-07;6;517
1;2025-11-07;7;1531
1;2025-11-07;8;1783
1;2025-11-07;9;1379
1;2025-11-07;10;1313
1;2025-11-07;11;1396
1;2025-11-07;12;1375
1;2025-11-07;13;1407
1;2025-11-07;14;1402
1;2025-11-07;15;1566
1;2025-11-07;16;1619
1;2025-11-07;17;1844
1;2025-11-07;18;1504
1;2025-11-07;19;1301
1;2025-11-07;20;811
1;2025-11-07;21;500
1;2025-11-07;22;188
1;2025-11-07;23;40
1;2025-11-08;0;4
1;2025-11-08;1;0
1;2025-11-08;2;0
1;2025-11-08;3;0
1;2025-11-08;4;0
1;2025-11-08;5;34
1;2025-11-08;6;169
1;2025-11-08;7;394
1;2025-11-08;8;562
1;2025-11-08;9;830
1;2025-11-08;10;1020
1;2025-11-08;11;1004
1;2025-11-08;12;1199
1;2025-11-08;13;1252
1;2025-11-08;14;1177
1;2025-11-08;15;1018
1;2025-11-08;16;870
1;2025-11-08;17;822
1;2025-11-08;18;725
1;2025-11-08;19;586
1;2025-11-08;20;473
1;2025-11-08;21;332
1;2025-11-08;22;124
1;2025-11-08;23;28
1;2025-11-09;0;0
1;2025-11-09;1;0
1;2025-11-09;2;0
1;2025-11-09;3;0
1;2025-11-09;4;0
1;2025-11-09;5;22
1;2025-11-09;6;114
1;2025-11-09;7;267
1;2025-11-09;8;356
1;2025-11-09;9;605
1;2025-11-09;10;693
1;2025-11-09;11;710
1;2025-11-09;12;833
1;2025-11-09;13;850
1;2025-11-09;14;789
1;2025-11-09;15;713
1;2025-11-09;16;664
1;2025-11-09;17;598
1;2025-11-09;18;496
1;2025-11-09;19;446
1;2025-11-09;20;330
1;2025-11-09;21;270
1;2025-11-09;22;100
1;2025-11-09;23;26
1;2025-11-10;0;0
1;2025-11-10;1;0
1;2025-11-10;2;0
1;2025-11-10;3;0
1;2025-11-10;4;10
1;2025-11-10;5;138
1;2025-11-10;6;500
1;2025-11-10;7;1505
1;2025-11-10;8;2019
1;2025-11-10;9;1511
1;2025-11-10;10;1290
1;2025-11-10;11;1252
1;2025-11-10;12;1380
1;2025-11-10;13;1479
1;2025-11-10;14;1524
1;2025-11-10;15;1613
1;2025-11-10;16;1679
1;2025-11-10;17;1920
1;2025-11-10;18;2035
1;2025-11-10;19;1476
1;2025-11-10;20;939
1;2025-11-10;21;463
1;2025-11-10;22;149
1;2025-11-10;23;44
1;2025-11-11;0;4
1;2025-11-11;1;0
1;2025-11-11;2;0
1;2025-11-11;3;0
1;2025-11-11;4;9
1;2025-11-11;5;116
1;2025-11-11;6;519
1;2025-11-11;7;1534
1;2025-11-11;8;2025
1;2025-11-11;9;1521
1;2025-11-11;10;1386
1;2025-11-11;11;1396
1;2025-11-11;12;1421
1;2025-11-11;13;1471
1;2025-11-11;14;1413
1;2025-11-11;15;1505
1;2025-11-11;16;1542
1;2025-11-11;17;1825
1;2025-11-11;18;1849
1;2025-11-11;19;1361
1;2025-11-11;20;905
1;2025-11-11;21;491
1;2025-11-11;22;179
1;2025-11-11;23;34
1;2025-11-12;0;4
1;2025-11-12;1;0
1;2025-11-12;2;0
1;2025-11-12;3;0
1;2025-11-12;4;9
1;2025-11-12;5;116
1;2025-11-12;6;519
1;2025-11-12;7;1534
1;2025-11-12;8;2025
1;2025-11-12;9;1521
1;2025-11-12;10;1339
1;2025-11-12;11;1349
1;2025-11-12;12;1373
1;2025-11-12;13;1421
1;2025-11-12;14;1364
1;2025-11-12;15;1454
1;2025-11-12;16;1542
1;2025-11-12;17;1825
1;2025-11-12;18;1786
1;2025-11-12;19;1361
1;2025-11-12;20;905
1;2025-11-12;21;491
1;2025-11-12;22;179
1;2025-11-12;23;34
1;2025-11-13;0;4
1;2025-11-13;1;0
1;2025-11-13;2;0
1;2025-11-13;3;0
1;2025-11-13;4;9
1;2025-11-13;5;116
1;2025-11-13;6;502
1;2025-11-13;7;1534
1;2025-11-13;8;2025
1;2025-11-13;9;1521
1;2025-11-13;10;1386
1;2025-11-13;11;1396
1;2025-11-13;12;1421
1;2025-11-13;13;1471
1;2025-11-13;14;1413
1;2025-11-13;15;1505
1;2025-11-13;16;1542
1;2025-11-13;17;1825
1;2025-11-13;18;1849
1;2025-11-13;19;1361
1;2025-11-13;20;905
1;2025-11-13;21;491
1;2025-11-13;22;179
1;2025-11-13;23;34
1;2025-11-14;0;2
1;2025-11-14;1;0
1;2025-11-14;2;0
1;2025-11-14;3;0
1;2025-11-14;4;7
1;2025-11-14;5;140
1;2025-11-14;6;517
1;2025-11-14;7;1531
1;2025-11-14;8;1846
1;2025-11-14;9;1427
1;2025-11-14;10;1313
1;2025-11-14;11;1396
1;2025-11-14;12;1375
1;2025-11-14;13;1407
1;2025-11-14;14;1402
1;2025-11-14;15;1566
1;2025-11-14;16;1619
1;2025-11-14;17;1844
1;2025-11-14;18;1504
1;2025-11-14;19;1301
1;2025-11-14;20;783
1;2025-11-14;21;483
1;2025-11-14;22;181
1;2025-11-14;23;38
1;2025-11-15;0;4
1;2025-11-15;1;0
1;2025-11-15;2;0
1;2025-11-15;3;0
1;2025-11-15;4;0
1;2025-11-15;5;32
1;2025-11-15;6;158
1;2025-11-15;7;369
1;2025-11-15;8;527
1;2025-11-15;9;778
1;2025-11-15;10;956
1;2025-11-15;11;940
1;2025-11-15;12;1159
1;2025-11-15;13;1209
1;2025-11-15;14;1177
1;2025-11-15;15;1018
1;2025-11-15;16;870
1;2025-11-15;17;822
1;2025-11-15;18;725
1;2025-11-15;19;586
1;2025-11-15;20;473
1;2025-11-15;21;332
1;2025-11-15;22;124
1;2025-11-15;23;28
1;2025-11-16;0;0
1;2025-11-16;1;0
1;2025-11-16;2;0
1;2025-11-16;3;0
1;2025-11-16;4;0
1;2025-11-16;5;22
1;2025-11-16;6;114
1;2025-11-16;7;267
1;2025-11-16;8;356
1;2025-11-16;9;605
1;2025-11-16;10;693
1;2025-11-16;11;710
1;2025-11-16;12;833
1;2025-11-16;13;850
1;2025-11-16;14;789
1;2025-11-16;15;713
1;2025-11-16;16;664
1;2025-11-16;17;598
1;2025-11-16;18;496
1;2025-11-16;19;446
1;2025-11-16;20;330
1;2025-11-16;21;270
1;2025-11-16;22;100
1;2025-11-16;23;26
1;2025-11-17;0;0
1;2025-11-17;1;0
1;2025-11-17;2;0
1;2025-11-17;3;0
1;2025-11-17;4;10
1;2025-11-17;5;138
1;2025-11-17;6;500
1;2025-11-17;7;1505
1;2025-11-17;8;2019
1;2025-11-17;9;1511
1;2025-11-17;10;1246
1;2025-11-17;11;1209
1;2025-11-17;12;1333
1;2025-11-17;13;1386
1;2025-11-17;14;1428
1;2025-11-17;15;1558
1;2025-11-17;16;1622
1;2025-11-17;17;1855
1;2025-11-17;18;2035
1;2025-11-17;19;1476
1;2025-11-17;20;939
1;2025-11-17;21;448
1;2025-11-17;22;149
1;2025-11-17;23;44
1;2025-11-18;0;4
1;2025-11-18;1;0
1;2025-11-18;2;0
1;2025-11-18;3;0
1;2025-11-18;4;8
1;2025-11-18;5;109
1;2025-11-18;6;502
1;2025-11-18;7;1534
1;2025-11-18;8;1956
1;2025-11-18;9;1425
1;2025-11-18;10;1299
1;2025-11-18;11;1349
1;2025-11-18;12;1373
1;2025-11-18;13;1378
1;2025-11-18;14;1324
1;2025-11-18;15;1454
1;2025-11-18;16;1542
1;2025-11-18;17;1825
1;2025-11-18;18;1786
1;2025-11-18;19;1315
1;2025-11-18;20;874
1;2025-11-18;21;491
1;2025-11-18;22;179
1;2025-11-18;23;34
1;2025-11-19;0;4
1;2025-11-19;1;0
1;2025-11-19;2;0
1;2025-11-19;3;0
1;2025-11-19;4;9
1;2025-11-19;5;116
1;2025-11-19;6;519
1;2025-11-19;7;1534
1;2025-11-19;8;2025
1;2025-11-19;9;1521
1;2025-11-19;10;1386
1;2025-11-19;11;1396
1;2025-11-19;12;1421
1;2025-11-19;13;1471
1;2025-11-19;14;1413
1;2025-11-19;15;1505
1;2025-11-19;16;1542
1;2025-11-19;17;1825
1;2025-11-19;18;1849
1;2025-11-19;19;1361
1;2025-11-19;20;905
1;2025-11-19;21;491
1;2025-11-19;22;179
1;2025-11-19;23;34
1;2025-11-20;0;4
1;2025-11-20;1;0
1;2025-11-20;2;0
1;2025-11-20;3;0
1;2025-11-20;4;9
1;2025-11-20;5;116
1;2025-11-20;6;519
1;2025-11-20;7;1534
1;2025-11-20;8;2025
1;2025-11-20;9;1521
1;2025-11-20;10;1386
1;2025-11-20;11;1396
1;2025-11-20;12;1421
1;2025-11-20;13;1471
1;2025-11-20;14;1413
1;2025-11-20;15;1505
1;2025-11-20;16;1542
1;2025-11-20;17;1825
1;2025-11-20;18;1849
1;2025-11-20;19;1361
1;2025-11-20;20;905
1;2025-11-20;21;491
1;2025-11-20;22;179
1;2025-11-20;23;34
1;2025-11-21;0;2
1;2025-11-21;1;0
1;2025-11-21;2;0
1;2025-11-21;3;0
1;2025-11-21;4;6
1;2025-11-21;5;135
1;2025-11-21;6;499
1;2025-11-21;7;1479
1;2025-11-21;8;1846
1;2025-11-21;9;1427
1;2025-11-21;10;1313
1;2025-11-21;11;1396
1;2025-11-21;12;1329
1;2025-11-21;13;1407
1;2025-11-21;14;1402
1;2025-11-21;15;1566
1;2025-11-21;16;1619
1;2025-11-21;17;1844
1;2025-11-21;18;1504
1;2025-11-21;19;1301
1;2025-11-21;20;811
1;2025-11-21;21;500
1;2025-11-21;22;188
1;2025-11-21;23;40
1;2025-11-22;0;4
1;2025-11-22;1;0
1;2025-11-22;2;0
1;2025-11-22;3;0
1;2025-11-22;4;0
1;2025-11-22;5;32
1;2025-11-22;6;163
1;2025-11-22;7;380
1;2025-11-22;8;543
1;2025-11-22;9;802
1;2025-11-22;10;1020
1;2025-11-22;11;1004
1;2025-11-22;12;1199
1;2025-11-22;13;1252
1;2025-11-22;14;1177
1;2025-11-22;15;1018
1;2025-11-22;16;870
1;2025-11-22;17;822
1;2025-11-22;18;725
1;2025-11-22;19;586
1;2025-11-22;20;473
1;2025-11-22;21;320
1;2025-11-22;22;120
1;2025-11-22;23;27
1;2025-11-23;0;0
1;2025-11-23;1;0
1;2025-11-23;2;0
1;2025-11-23;3;0
1;2025-11-23;4;0
1;2025-11-23;5;22
1;2025-11-23;6;114
1;2025-11-23;7;267
1;2025-11-23;8;356
1;2025-11-23;9;605
1;2025-11-23;10;693
1;2025-11-23;11;710
1;2025-11-23;12;833
1;2025-11-23;13;850
1;2025-11-23;14;789
1;2025-11-23;15;713
1;2025-11-23;16;664
1;2025-11-23;17;598
1;2025-11-23;18;496
1;2025-11-23;19;446
1;2025-11-23;20;330
1;2025-11-23;21;270
1;2025-11-23;22;100
1;2025-11-23;23;26
1;2025-11-24;0;0
1;2025-11-24;1;0
1;2025-11-24;2;0
1;2025-11-24;3;0
1;2025-11-24;4;9
1;2025-11-24;5;129
1;2025-11-24;6;468
1;2025-11-24;7;1454
1;2025-11-24;8;1950
1;2025-11-24;9;1459
1;2025-11-24;10;1209
1;2025-11-24;11;1173
1;2025-11-24;12;1333
1;2025-11-24;13;1429
1;2025-11-24;14;1473
1;2025-11-24;15;1558
1;2025-11-24;16;1679
1;2025-11-24;17;1920
1;2025-11-24;18;2035
1;2025-11-24;19;1476
1;2025-11-24;20;939
1;2025-11-24;21;463
1;2025-11-24;22;149
1;2025-11-24;23;44
1;2025-11-25;0;4
1;2025-11-25;1;0
1;2025-11-25;2;0
1;2025-11-25;3;0
1;2025-11-25;4;9
1;2025-11-25;5;116
1;2025-11-25;6;519
1;2025-11-25;7;1534
1;2025-11-25;8;2025
1;2025-11-25;9;1521
1;2025-11-25;10;1386
1;2025-11-25;11;1396
1;2025-11-25;12;1421
1;2025-11-25;13;1471
1;2025-11-25;14;1413
1;2025-11-25;15;1505
1;2025-11-25;16;1542
1;2025-11-25;17;1825
1;2025-11-25;18;1849
1;2025-11-25;19;1361
1;2025-11-25;20;905
1;2025-11-25;21;491
1;2025-11-25;22;179
1;2025-11-25;23;34
1;2025-11-26;0;4
1;2025-11-26;1;0
1;2025-11-26;2;0
1;2025-11-26;3;0
1;2025-11-26;4;9
1;2025-11-26;5;109
1;2025-11-26;6;487
1;2025-11-26;7;1482
1;2025-11-26;8;1956
1;2025-11-26;9;1469
1;2025-11-26;10;1339
1;2025-11-26;11;1349
1;2025-11-26;12;1373
1;2025-11-26;13;1421
1;2025-11-26;14;1364
1;2025-11-26;15;1454
1;2025-11-26;16;1490
1;2025-11-26;17;1763
1;2025-11-26;18;1786
1;2025-11-26;19;1315
1;2025-11-26;20;874
1;2025-11-26;21;475
1;2025-11-26;22;173
1;2025-11-26;23;33
1;2025-11-27;0;4
1;2025-11-27;1;0
1;2025-11-27;2;0
1;2025-11-27;3;0
1;2025-11-27;4;9
1;2025-11-27;5;116
1;2025-11-27;6;519
1;2025-11-27;7;1534
1;2025-11-27;8;2025
1;2025-11-27;9;1521
1;2025-11-27;10;1386
1;2025-11-27;11;1349
1;2025-11-27;12;1373
1;2025-11-27;13;1421
1;2025-11-27;14;1364
1;2025-11-27;15;1505
1;2025-11-27;16;1542
1;2025-11-27;17;1763
1;2025-11-27;18;1733
1;2025-11-27;19;1315
1;2025-11-27;20;874
1;2025-11-27;21;475
1;2025-11-27;22;168
1;2025-11-27;23;32
1;2025-11-28;0;2
1;2025-11-28;1;0
1;2025-11-28;2;0
1;2025-11-28;3;0
1;2025-11-28;4;6
1;2025-11-28;5;135
1;2025-11-28;6;517
1;2025-11-28;7;1531
1;2025-11-28;8;1846
1;2025-11-28;9;1427
1;2025-11-28;10;1313
1;2025-11-28;11;1396
1;2025-11-28;12;1375
1;2025-11-28;13;1407
1;2025-11-28;14;1402
1;2025-11-28;15;1566
1;2025-11-28;16;1619
1;2025-11-28;17;1844
1;2025-11-28;18;1504
1;2025-11-28;19;1301
1;2025-11-28;20;811
1;2025-11-28;21;500
1;2025-11-28;22;188
1;2025-11-28;23;40
1;2025-11-29;0;4
1;2025-11-29;1;0
1;2025-11-29;2;0
1;2025-11-29;3;0
1;2025-11-29;4;0
1;2025-11-29;5;34
1;2025-11-29;6;169
1;2025-11-29;7;394
1;2025-11-29;8;562
1;2025-11-29;9;830
1;2025-11-29;10;1020
1;2025-11-29;11;1004
1;2025-11-29;12;1199
1;2025-11-29;13;1252
1;2025-11-29;14;1177
1;2025-11-29;15;1018
1;2025-11-29;16;870
1;2025-11-29;17;822
1;2025-11-29;18;725
1;2025-11-29;19;586
1;2025-11-29;20;473
1;2025-11-29;21;332
1;2025-11-29;22;124
1;2025-11-29;23;28
1;2025-11-30;0;0
1;2025-11-30;1;0
1;2025-11-30;2;0
1;2025-11-30;3;0
1;2025-11-30;4;0
1;2025-11-30;5;22
1;2025-11-30;6;114
1;2025-11-30;7;267
1;2025-11-30;8;356
1;2025-11-30;9;605
1;2025-11-30;10;693
1;2025-11-30;11;710
1;2025-11-30;12;833
1;2025-11-30;13;850
1;2025-11-30;14;789
1;2025-11-30;15;713
1;2025-11-30;16;664
1;2025-11-30;17;598
1;2025-11-30;18;496
1;2025-11-30;19;446
1;2025-11-30;20;330
1;2025-11-30;21;270
1;2025-11-30;22;100
1;2025-11-30;23;26
1;2025-12-01;0;0
1;2025-12-01;1;0
1;2025-12-01;2;0
1;2025-12-01;3;0
1;2025-12-01;4;10
1;2025-12-01;5;138
1;2025-12-01;6;500
1;2025-12-01;7;1505
1;2025-12-01;8;2019
1;2025-12-01;9;1511
1;2025-12-01;10;1290
1;2025-12-01;11;1252
1;2025-12-01;12;1380
1;2025-12-01;13;1479
1;2025-12-01;14;1524
1;2025-12-01;15;1613
1;2025-12-01;16;1679
1;2025-12-01;17;1920
1;2025-12-01;18;2035
1;2025-12-01;19;1476
1;2025-12-01;20;939
1;2025-12-01;21;463
1;2025-12-01;22;149
1;2025-12-01;23;44
1;2025-12-02;0;4
1;2025-12-02;1;0
1;2025-12-02;2;0
1;2025-12-02;3;0
1;2025-12-02;4;9
1;2025-12-02;5;116
1;2025-12-02;6;519
1;2025-12-02;7;1534
1;2025-12-02;8;2025
1;2025-12-02;9;1521
1;2025-12-02;10;1386
1;2025-12-02;11;1396
1;2025-12-02;12;1421
1;2025-12-02;13;1471
1;2025-12-02;14;1413
1;2025-12-02;15;1505
1;2025-12-02;16;1542
1;2025-12-02;17;1825
1;2025-12-02;18;1849
1;2025-12-02;19;1361
1;2025-12-02;20;905
1;2025-12-02;21;491
1;2025-12-02;22;179
1;2025-12-02;23;34
1;2025-12-03;0;4
1;2025-12-03;1;0
1;2025-12-03;2;0
1;2025-12-03;3;0
1;2025-12-03;4;9
1;2025-12-03;5;116
1;2025-12-03;6;519
1;2025-12-03;7;1534
1;2025-12-03;8;2025
1;2025-12-03;9;1521
1;2025-12-03;10;1386
1;2025-12-03;11;1396
1;2025-12-03;12;1421
1;2025-12-03;13;1471
1;2025-12-03;14;1413
1;2025-12-03;15;1505
1;2025-12-03;16;1542
1;2025-12-03;17;1825
1;2025-12-03;18;1849
1;2025-12-03;19;1361
1;2025-12-03;20;905
1;2025-12-03;21;491
1;2025-12-03;22;179
1;2025-12-03;23;34
1;2025-12-04;0;4
1;2025-12-04;1;0
1;2025-12-04;2;0
1;2025-12-04;3;0
1;2025-12-04;4;9
1;2025-12-04;5;116
1;2025-12-04;6;519
1;2025-12-04;7;1534
1;2025-12-04;8;2025
1;2025-12-04;9;1521
1;2025-12-04;10;1386
1;2025-12-04;11;1396
1;2025-12-04;12;1421
1;2025-12-04;13;1471
1;2025-12-04;14;1413
1;2025-12-04;15;1505
1;2025-12-04;16;1542
1;2025-12-04;17;1825
1;2025-12-04;18;1849
1;2025-12-04;19;1361
1;2025-12-04;20;905
1;2025-12-04;21;491
1;2025-12-04;22;179
1;2025-12-04;23;34
1;2025-12-05;0;2
1;2025-12-05;1;0
1;2025-12-05;2;0
1;2025-12-05;3;0
1;2025-12-05;4;7
1;2025-12-05;5;140
1;2025-12-05;6;517
1;2025-12-05;7;1531
1;2025-12-05;8;1846
1;2025-12-05;9;1427
1;2025-12-05;10;1313
1;2025-12-05;11;1396
1;2025-12-05;12;1375
1;2025-12-05;13;1407
1;2025-12-05;14;1402
1;2025-12-05;15;1566
1;2025-12-05;16;1619
1;2025-12-05;17;1844
1;2025-12-05;18;1504
1;2025-12-05;19;1301
1;2025-12-05;20;811
1;2025-12-05;21;500
1;2025-12-05;22;188
1;2025-12-05;23;40
1;2025-12-06;0;4
1;2025-12-06;1;0
1;2025-12-06;2;0
1;2025-12-06;3;0
1;2025-12-06;4;0
1;2025-12-06;5;34
1;2025-12-06;6;169
1;2025-12-06;7;394
1;2025-12-06;8;562
1;2025-12-06;9;830
1;2025-12-06;10;1020
1;2025-12-06;11;1004
1;2025-12-06;12;1199
1;2025-12-06;13;1252
1;2025-12-06;14;1177
1;2025-12-06;15;1018
1;2025-12-06;16;870
1;2025-12-06;17;822
1;2025-12-06;18;725
1;2025-12-06;19;586
1;2025-12-06;20;473
1;2025-12-06;21;332
1;2025-12-06;22;124
1;2025-12-06;23;28
1;2025-12-07;0;0
1;2025-12-07;1;0
1;2025-12-07;2;0
1;2025-12-07;3;0
1;2025-12-07;4;0
1;2025-12-07;5;22
1;2025-12-07;6;114
1;2025-12-07;7;267
1;2025-12-07;8;356
1;2025-12-07;9;605
1;2025-12-07;10;693
1;2025-12-07;11;710
1;2025-12-07;12;833
1;2025-12-07;13;850
1;2025-12-07;14;789
1;2025-12-07;15;713
1;2025-12-07;16;664
1;2025-12-07;17;598
1;2025-12-07;18;496
1;2025-12-07;19;446
1;2025-12-07;20;330
1;2025-12-07;21;270
1;2025-12-07;22;100
1;2025-12-07;23;26
1;2025-12-08;0;0
1;2025-12-08;1;0
1;2025-12-08;2;0
1;2025-12-08;3;0
1;2025-12-08;4;10
1;2025-12-08;5;138
1;2025-12-08;6;500
1;2025-12-08;7;1505
1;2025-12-08;8;2019
1;2025-12-08;9;1511
1;2025-12-08;10;1290
1;2025-12-08;11;1252
1;2025-12-08;12;1380
1;2025-12-08;13;1479
1;2025-12-08;14;1524
1;2025-12-08;15;1613
1;2025-12-08;16;1679
1;2025-12-08;17;1920
1;2025-12-08;18;2035
1;2025-12-08;19;1476
1;2025-12-08;20;939
1;2025-12-08;21;463
1;2025-12-08;22;149
1;2025-12-08;23;44
1;2025-12-09;0;4
1;2025-12-09;1;0
1;2025-12-09;2;0
1;2025-12-09;3;0
1;2025-12-09;4;9
1;2025-12-09;5;116
1;2025-12-09;6;519
1;2025-12-09;7;1534
1;2025-12-09;8;2025
1;2025-12-09;9;1521
1;2025-12-09;10;1386
1;2025-12-09;11;1396
1;2025-12-09;12;1421
1;2025-12-09;13;1471
1;2025-12-09;14;1413
1;2025-12-09;15;1505
1;2025-12-09;16;1542
1;2025-12-09;17;1825
1;2025-12-09;18;1849
1;2025-12-09;19;1361
1;2025-12-09;20;905
1;2025-12-09;21;491
1;2025-12-09;22;173
1;2025-12-09;23;33
1;2025-12-10;0;4
1;2025-12-10;1;0
1;2025-12-10;2;0
1;2025-12-10;3;0
1;2025-12-10;4;9
1;2025-12-10;5;112
1;2025-12-10;6;502
1;2025-12-10;7;1482
1;2025-12-10;8;1956
1;2025-12-10;9;1469
1;2025-12-10;10;1339
1;2025-12-10;11;1349
1;2025-12-10;12;1421
1;2025-12-10;13;1471
1;2025-12-10;14;1413
1;2025-12-10;15;1505
1;2025-12-10;16;1542
1;2025-12-10;17;1825
1;2025-12-10;18;1849
1;2025-12-10;19;1361
1;2025-12-10;20;905
1;2025-12-10;21;491
1;2025-12-10;22;179
1;2025-12-10;23;34
1;2025-12-11;0;4
1;2025-12-11;1;0
1;2025-12-11;2;0
1;2025-12-11;3;0
1;2025-12-11;4;9
1;2025-12-11;5;116
1;2025-12-11;6;519
1;2025-12-11;7;1534
1;2025-12-11;8;1897
1;2025-12-11;9;1469
1;2025-12-11;10;1339
1;2025-12-11;11;1349
1;2025-12-11;12;1373
1;2025-12-11;13;1421
1;2025-12-11;14;1413
1;2025-12-11;15;1454
1;2025-12-11;16;1490
1;2025-12-11;17;1763
1;2025-12-11;18;1786
1;2025-12-11;19;1315
1;2025-12-11;20;874
1;2025-12-11;21;475
1;2025-12-11;22;173
1;2025-12-11;23;34
1;2025-12-12;0;2
1;2025-12-12;1;0
1;2025-12-12;2;0
1;2025-12-12;3;0
1;2025-12-12;4;7
1;2025-12-12;5;140
1;2025-12-12;6;499
1;2025-12-12;7;1531
1;2025-12-12;8;1783
1;2025-12-12;9;1427
1;2025-12-12;10;1268
1;2025-12-12;11;1396
1;2025-12-12;12;1329
1;2025-12-12;13;1318
1;2025-12-12;14;1314
1;2025-12-12;15;1467
1;2025-12-12;16;1564
1;2025-12-12;17;1781
1;2025-12-12;18;1504
1;2025-12-12;19;1301
1;2025-12-12;20;811
1;2025-12-12;21;500
1;2025-12-12;22;181
1;2025-12-12;23;38
1;2025-12-13;0;4
1;2025-12-13;1;0
1;2025-12-13;2;0
1;2025-12-13;3;0
1;2025-12-13;4;0
1;2025-12-13;5;33
1;2025-12-13;6;169
1;2025-12-13;7;380
1;2025-12-13;8;562
1;2025-12-13;9;830
1;2025-12-13;10;1020
1;2025-12-13;11;1004
1;2025-12-13;12;1199
1;2025-12-13;13;1252
1;2025-12-13;14;1177
1;2025-12-13;15;1018
1;2025-12-13;16;870
1;2025-12-13;17;822
1;2025-12-13;18;725
1;2025-12-13;19;586
1;2025-12-13;20;457
1;2025-12-13;21;320
1;2025-12-13;22;124
1;2025-12-13;23;27
1;2025-12-14;0;0
1;2025-12-14;1;0
1;2025-12-14;2;0
1;2025-12-14;3;0
1;2025-12-14;4;0
1;2025-12-14;5;22
1;2025-12-14;6;114
1;2025-12-14;7;267
1;2025-12-14;8;344
1;2025-12-14;9;605
1;2025-12-14;10;693
1;2025-12-14;11;710
1;2025-12-14;12;833
1;2025-12-14;13;850
1;2025-12-14;14;789
1;2025-12-14;15;713
1;2025-12-14;16;664
1;2025-12-14;17;598
1;2025-12-14;18;496
1;2025-12-14;19;446
1;2025-12-14;20;330
1;2025-12-14;21;270
1;2025-12-14;22;100
1;2025-12-14;23;26
1;2025-12-15;0;0
1;2025-12-15;1;0
1;2025-12-15;2;0
1;2025-12-15;3;0
1;2025-12-15;4;10
1;2025-12-15;5;138
1;2025-12-15;6;500
1;2025-12-15;7;1505
1;2025-12-15;8;2019
1;2025-12-15;9;1511
1;2025-12-15;10;1290
1;2025-12-15;11;1209
1;2025-12-15;12;1380
1;2025-12-15;13;1479
1;2025-12-15;14;1524
1;2025-12-15;15;1613
1;2025-12-15;16;1679
1;2025-12-15;17;1920
1;2025-12-15;18;2035
1;2025-12-15;19;1476
1;2025-12-15;20;939
1;2025-12-15;21;463
1;2025-12-15;22;149
1;2025-12-15;23;44
1;2025-12-16;0;4
1;2025-12-16;1;0
1;2025-12-16;2;0
1;2025-12-16;3;0
1;2025-12-16;4;9
1;2025-12-16;5;116
1;2025-12-16;6;519
1;2025-12-16;7;1534
1;2025-12-16;8;2025
1;2025-12-16;9;1521
1;2025-12-16;10;1339
1;2025-12-16;11;1349
1;2025-12-16;12;1373
1;2025-12-16;13;1378
1;2025-12-16;14;1364
1;2025-12-16;15;1505
1;2025-12-16;16;1542
1;2025-12-16;17;1825
1;2025-12-16;18;1849
1;2025-12-16;19;1361
1;2025-12-16;20;905
1;2025-12-16;21;491
1;2025-12-16;22;179
1;2025-12-16;23;34
1;2025-12-17;0;4
1;2025-12-17;1;0
1;2025-12-17;2;0
1;2025-12-17;3;0
1;2025-12-17;4;9
1;2025-12-17;5;116
1;2025-12-17;6;519
1;2025-12-17;7;1534
1;2025-12-17;8;2025
1;2025-12-17;9;1521
1;2025-12-17;10;1386
1;2025-12-17;11;1396
1;2025-12-17;12;1421
1;2025-12-17;13;1471
1;2025-12-17;14;1413
1;2025-12-17;15;1505
1;2025-12-17;16;1542
1;2025-12-17;17;1825
1;2025-12-17;18;1849
1;2025-12-17;19;1361
1;2025-12-17;20;905
1;2025-12-17;21;491
1;2025-12-17;22;179
1;2025-12-17;23;34
1;2025-12-18;0;4
1;2025-12-18;1;0
1;2025-12-18;2;0
1;2025-12-18;3;0
1;2025-12-18;4;9
1;2025-12-18;5;116
1;2025-12-18;6;519
1;2025-12-18;7;1534
1;2025-12-18;8;2025
1;2025-12-18;9;1521
1;2025-12-18;10;1386
1;2025-12-18;11;1396
1;2025-12-18;12;1421
1;2025-12-18;13;1471
1;2025-12-18;14;1413
1;2025-12-18;15;1505
1;2025-12-18;16;1542
1;2025-12-18;17;1825
1;2025-12-18;18;1849
1;2025-12-18;19;1361
1;2025-12-18;20;905
1;2025-12-18;21;491
1;2025-12-18;22;179
1;2025-12-18;23;34
1;2025-12-19;0;2
1;2025-12-19;1;0
1;2025-12-19;2;0
1;2025-12-19;3;0
1;2025-12-19;4;7
1;2025-12-19;5;140
1;2025-12-19;6;517
1;2025-12-19;7;1531
1;2025-12-19;8;1846
1;2025-12-19;9;1427
1;2025-12-19;10;1313
1;2025-12-19;11;1396
1;2025-12-19;12;1375
1;2025-12-19;13;1407
1;2025-12-19;14;1402
1;2025-12-19;15;1566
1;2025-12-19;16;1619
1;2025-12-19;17;1781
1;2025-12-19;18;1453
1;2025-12-19;19;1301
1;2025-12-19;20;811
1;2025-12-19;21;500
1;2025-12-19;22;188
1;2025-12-19;23;40
1;2025-12-20;0;4
1;2025-12-20;1;0
1;2025-12-20;2;0
1;2025-12-20;3;0
1;2025-12-20;4;0
1;2025-12-20;5;34
1;2025-12-20;6;169
1;2025-12-20;7;394
1;2025-12-20;8;562
1;2025-12-20;9;830
1;2025-12-20;10;1020
1;2025-12-20;11;1004
1;2025-12-20;12;1199
1;2025-12-20;13;1252
1;2025-12-20;14;1177
1;2025-12-20;15;1018
1;2025-12-20;16;870
1;2025-12-20;17;822
1;2025-12-20;18;725
1;2025-12-20;19;586
1;2025-12-20;20;473
1;2025-12-20;21;332
1;2025-12-20;22;124
1;2025-12-20;23;28
1;2025-12-21;0;0
1;2025-12-21;1;0
1;2025-12-21;2;0
1;2025-12-21;3;0
1;2025-12-21;4;0
1;2025-12-21;5;22
1;2025-12-21;6;110
1;2025-12-21;7;257
1;2025-12-21;8;356
1;2025-12-21;9;605
1;2025-12-21;10;693
1;2025-12-21;11;710
1;2025-12-21;12;833
1;2025-12-21;13;850
1;2025-12-21;14;789
1;2025-12-21;15;713
1;2025-12-21;16;664
1;2025-12-21;17;598
1;2025-12-21;18;496
1;2025-12-21;19;446
1;2025-12-21;20;330
1;2025-12-21;21;270
1;2025-12-21;22;97
1;2025-12-21;23;26
1;2025-12-22;0;0
1;2025-12-22;1;0
1;2025-12-22;2;0
1;2025-12-22;3;0
1;2025-12-22;4;10
1;2025-12-22;5;138
1;2025-12-22;6;500
1;2025-12-22;7;1505
1;2025-12-22;8;2019
1;2025-12-22;9;1459
1;2025-12-22;10;1246
1;2025-12-22;11;1209
1;2025-12-22;12;1333
1;2025-12-22;13;1479
1;2025-12-22;14;1524
1;2025-12-22;15;1558
1;2025-12-22;16;1679
1;2025-12-22;17;1920
1;2025-12-22;18;1966
1;2025-12-22;19;1476
1;2025-12-22;20;939
1;2025-12-22;21;463
1;2025-12-22;22;144
1;2025-12-22;23;43
1;2025-12-23;0;4
1;2025-12-23;1;0
1;2025-12-23;2;0
1;2025-12-23;3;0
1;2025-12-23;4;9
1;2025-12-23;5;116
1;2025-12-23;6;519
1;2025-12-23;7;1534
1;2025-12-23;8;2025
1;2025-12-23;9;1521
1;2025-12-23;10;1386
1;2025-12-23;11;1396
1;2025-12-23;12;1421
1;2025-12-23;13;1471
1;2025-12-23;14;1413
1;2025-12-23;15;1505
1;2025-12-23;16;1542
1;2025-12-23;17;1825
1;2025-12-23;18;1849
1;2025-12-23;19;1361
1;2025-12-23;20;905
1;2025-12-23;21;491
1;2025-12-23;22;179
1;2025-12-23;23;34
1;2025-12-24;0;4
1;2025-12-24;1;0
1;2025-12-24;2;0
1;2025-12-24;3;0
1;2025-12-24;4;9
1;2025-12-24;5;116
1;2025-12-24;6;519
1;2025-12-24;7;1534
1;2025-12-24;8;2025
1;2025-12-24;9;1521
1;2025-12-24;10;1386
1;2025-12-24;11;1396
1;2025-12-24;12;1373
1;2025-12-24;13;1421
1;2025-12-24;14;1413
1;2025-12-24;15;1454
1;2025-12-24;16;1542
1;2025-12-24;17;1825
1;2025-12-24;18;1786
1;2025-12-24;19;1361
1;2025-12-24;20;905
1;2025-12-24;21;475
1;2025-12-24;22;173
1;2025-12-24;23;33
1;2025-12-25;0;4
1;2025-12-25;1;0
1;2025-12-25;2;0
1;2025-12-25;3;0
1;2025-12-25;4;9
1;2025-12-25;5;116
1;2025-12-25;6;502
1;2025-12-25;7;1534
1;2025-12-25;8;2025
1;2025-12-25;9;1521
1;2025-12-25;10;1386
1;2025-12-25;11;1396
1;2025-12-25;12;1421
1;2025-12-25;13;1471
1;2025-12-25;14;1413
1;2025-12-25;15;1505
1;2025-12-25;16;1542
1;2025-12-25;17;1763
1;2025-12-25;18;1786
1;2025-12-25;19;1315
1;2025-12-25;20;874
1;2025-12-25;21;475
1;2025-12-25;22;168
1;2025-12-25;23;32
1;2025-12-26;0;2
1;2025-12-26;1;0
1;2025-12-26;2;0
1;2025-12-26;3;0
1;2025-12-26;4;6
1;2025-12-26;5;135
1;2025-12-26;6;484
1;2025-12-26;7;1479
1;2025-12-26;8;1783
1;2025-12-26;9;1379
1;2025-12-26;10;1268
1;2025-12-26;11;1308
1;2025-12-26;12;1329
1;2025-12-26;13;1359
1;2025-12-26;14;1354
1;2025-12-26;15;1513
1;2025-12-26;16;1564
1;2025-12-26;17;1781
1;2025-12-26;18;1453
1;2025-12-26;19;1257
1;2025-12-26;20;783
1;2025-12-26;21;483
1;2025-12-26;22;181
1;2025-12-26;23;40
1;2025-12-27;0;4
1;2025-12-27;1;0
1;2025-12-27;2;0
1;2025-12-27;3;0
1;2025-12-27;4;0
1;2025-12-27;5;34
1;2025-12-27;6;169
1;2025-12-27;7;394
1;2025-12-27;8;562
1;2025-12-27;9;802
1;2025-12-27;10;1020
1;2025-12-27;11;1004
1;2025-12-27;12;1199
1;2025-12-27;13;1252
1;2025-12-27;14;1177
1;2025-12-27;15;1018
1;2025-12-27;16;870
1;2025-12-27;17;822
1;2025-12-27;18;725
1;2025-12-27;19;586
1;2025-12-27;20;473
1;2025-12-27;21;320
1;2025-12-27;22;120
1;2025-12-27;23;27
1;2025-12-28;0;0
1;2025-12-28;1;0
1;2025-12-28;2;0
1;2025-12-28;3;0
1;2025-12-28;4;0
1;2025-12-28;5;21
1;2025-12-28;6;110
1;2025-12-28;7;257
1;2025-12-28;8;344
1;2025-12-28;9;584
1;2025-12-28;10;669
1;2025-12-28;11;686
1;2025-12-28;12;805
1;2025-12-28;13;822
1;2025-12-28;14;762
1;2025-12-28;15;689
1;2025-12-28;16;664
1;2025-12-28;17;598
1;2025-12-28;18;496
1;2025-12-28;19;446
1;2025-12-28;20;319
1;2025-12-28;21;261
1;2025-12-28;22;97
1;2025-12-28;23;26
1;2025-12-29;0;0
1;2025-12-29;1;0
1;2025-12-29;2;0
1;2025-12-29;3;0
1;2025-12-29;4;8
1;2025-12-29;5;113
1;2025-12-29;6;425
1;2025-12-29;7;1280
1;2025-12-29;8;1658
1;2025-12-29;9;1241
1;2025-12-29;10;1059
1;2025-12-29;11;1028
1;2025-12-29;12;1133
1;2025-12-29;13;1215
1;2025-12-29;14;1252
1;2025-12-29;15;1325
1;2025-12-29;16;1379
1;2025-12-29;17;1577
1;2025-12-29;18;1671
1;2025-12-29;19;1212
1;2025-12-29;20;771
1;2025-12-29;21;380
1;2025-12-29;22;122
1;2025-12-29;23;36
1;2025-12-30;0;4
1;2025-12-30;1;0
1;2025-12-30;2;0
1;2025-12-30;3;0
1;2025-12-30;4;8
1;2025-12-30;5;95
1;2025-12-30;6;426
1;2025-12-30;7;1260
1;2025-12-30;8;1663
1;2025-12-30;9;1249
1;2025-12-30;10;1138
1;2025-12-30;11;1147
1;2025-12-30;12;1167
1;2025-12-30;13;1208
1;2025-12-30;14;1160
1;2025-12-30;15;1236
1;2025-12-30;16;1266
1;2025-12-30;17;1499
1;2025-12-30;18;1518
1;2025-12-30;19;1118
1;2025-12-30;20;743
1;2025-12-30;21;403
1;2025-12-30;22;147
1;2025-12-30;23;28
1;2025-12-31;0;0
1;2025-12-31;1;0
1;2025-12-31;2;0
1;2025-12-31;3;0
1;2025-12-31;4;0
1;2025-12-31;5;18
1;2025-12-31;6;94
1;2025-12-31;7;219
1;2025-12-31;8;292
1;2025-12-31;9;496
1;2025-12-31;10;569
1;2025-12-31;11;583
1;2025-12-31;12;708
1;2025-12-31;13;698
1;2025-12-31;14;648
1;2025-12-31;15;585
1;2025-12-31;16;564
1;2025-12-31;17;508
1;2025-12-31;18;407
1;2025-12-31;19;366
1;2025-12-31;20;280
1;2025-12-31;21;229
1;2025-12-31;22;82
1;2025-12-31;23;21
5;2025-11-01;0;0
5;2025-11-01;1;0
5;2025-11-01;2;0
5;2025-11-01;3;0
5;2025-11-01;4;0
5;2025-11-01;5;0
5;2025-11-01;6;0
5;2025-11-01;7;0
5;2025-11-01;8;0
5;2025-11-01;9;0
5;2025-11-01;10;0
5;2025-11-01;11;0
5;2025-11-01;12;0
5;2025-11-01;13;0
5;2025-11-01;14;0
5;2025-11-01;15;0
5;2025-11-01;16;0
5;2025-11-01;17;0
5;2025-11-01;18;0
5;2025-11-01;19;0
5;2025-11-01;20;0
5;2025-11-01;21;0
5;2025-11-01;22;0
5;2025-11-01;23;0
5;2025-11-02;0;0
5;2025-11-02;1;0
5;2025-11-02;2;0
5;2025-11-02;3;0
5;2025-11-02;4;0
5;2025-11-02;5;0
5;2025-11-02;6;0
5;2025-11-02;7;0
5;2025-11-02;8;0
5;2025-11-02;9;0
5;2025-11-02;10;0
5;2025-11-02;11;0
5;2025-11-02;12;0
5;2025-11-02;13;0
5;2025-11-02;14;0
5;2025-11-02;15;0
5;2025-11-02;16;0
5;2025-11-02;17;0
5;2025-11-02;18;0
5;2025-11-02;19;0
5;2025-11-02;20;0
5;2025-11-02;21;0
5;2025-11-02;22;0
5;2025-11-02;23;0
5;2025-11-03;0;0
5;2025-11-03;1;0
5;2025-11-03;2;0
5;2025-11-03;3;0
5;2025-11-03;4;0
5;2025-11-03;5;0
5;2025-11-03;6;0
5;2025-11-03;7;0
5;2025-11-03;8;0
5;2025-11-03;9;0
5;2025-11-03;10;0
5;2025-11-03;11;0
5;2025-11-03;12;0
5;2025-11-03;13;0
5;2025-11-03;14;0
5;2025-11-03;15;0
5;2025-11-03;16;0
5;2025-11-03;17;0
5;2025-11-03;18;0
5;2025-11-03;19;0
5;2025-11-03;20;0
5;2025-11-03;21;0
5;2025-11-03;22;0
5;2025-11-03;23;0
5;2025-11-04;0;0
5;2025-11-04;1;0
5;2025-11-04;2;0
5;2025-11-04;3;0
5;2025-11-04;4;0
5;2025-11-04;5;0
5;2025-11-04;6;0
5;2025-11-04;7;0
5;2025-11-04;8;0
5;2025-11-04;9;0
5;2025-11-04;10;0
5;2025-11-04;11;0
5;2025-11-04;12;0
5;2025-11-04;13;0
5;2025-11-04;14;0
5;2025-11-04;15;0
5;2025-11-04;16;0
5;2025-11-04;17;0
5;2025-11-04;18;0
5;2025-11-04;19;0
5;2025-11-04;20;0
5;2025-11-04;21;0
5;2025-11-04;22;0
5;2025-11-04;23;0
5;2025-11-05;0;0
5;2025-11-05;1;0
5;2025-11-05;2;0
5;2025-11-05;3;0
5;2025-11-05;4;0
5;2025-11-05;5;0
5;2025-11-05;6;0
5;2025-11-05;7;0
5;2025-11-05;8;0
5;2025-11-05;9;0
5;2025-11-05;10;0
5;2025-11-05;11;0
5;2025-11-05;12;0
5;2025-11-05;13;0
5;2025-11-05;14;0
5;2025-11-05;15;0
5;2025-11-05;16;0
5;2025-11-05;17;0
5;2025-11-05;18;0
5;2025-11-05;19;0
5;2025-11-05;20;0
5;2025-11-05;21;0
5;2025-11-05;22;0
5;2025-11-05;23;0
5;2025-11-06;0;0
5;2025-11-06;1;0
5;2025-11-06;2;0
5;2025-11-06;3;0
5;2025-11-06;4;0
5;2025-11-06;5;0
5;2025-11-06;6;0
5;2025-11-06;7;0
5;2025-11-06;8;0
5;2025-11-06;9;0
5;2025-11-06;10;0
5;2025-11-06;11;0
5;2025-11-06;12;0
5;2025-11-06;13;0
5;2025-11-06;14;0
5;2025-11-06;15;0
5;2025-11-06;16;0
5;2025-11-06;17;0
5;2025-11-06;18;0
5;2025-11-06;19;0
5;2025-11-06;20;0
5;2025-11-06;21;0
5;2025-11-06;22;0
5;2025-11-06;23;0
5;2025-11-07;0;0
5;2025-11-07;1;0
5;2025-11-07;2;0
5;2025-11-07;3;0
5;2025-11-07;4;0
5;2025-11-07;5;0
5;2025-11-07;6;0
5;2025-11-07;7;0
5;2025-11-07;8;0
5;2025-11-07;9;0
5;2025-11-07;10;0
5;2025-11-07;11;0
5;2025-11-07;12;0
5;2025-11-07;13;0
5;2025-11-07;14;0
5;2025-11-07;15;0
5;2025-11-07;16;0
5;2025-11-07;17;0
5;2025-11-07;18;0
5;2025-11-07;19;0
5;2025-11-07;20;0
5;2025-11-07;21;0
5;2025-11-07;22;0
5;2025-11-07;23;0
5;2025-11-08;0;0
5;2025-11-08;1;0
5;2025-11-08;2;0
5;2025-11-08;3;0
5;2025-11-08;4;0
5;2025-11-08;5;0
5;2025-11-08;6;0
5;2025-11-08;7;0
5;2025-11-08;8;0
5;2025-11-08;9;0
5;2025-11-08;10;0
5;2025-11-08;11;0
5;2025-11-08;12;0
5;2025-11-08;13;0
5;2025-11-08;14;0
5;2025-11-08;15;0
5;2025-11-08;16;0
5;2025-11-08;17;0
5;2025-11-08;18;0
5;2025-11-08;19;0
5;2025-11-08;20;0
5;2025-11-08;21;0
5;2025-11-08;22;0
5;2025-11-08;23;0
5;2025-11-09;0;0
5;2025-11-09;1;0
5;2025-11-09;2;0
5;2025-11-09;3;0
5;2025-11-09;4;0
5;2025-11-09;5;0
5;2025-11-09;6;0
5;2025-11-09;7;0
5;2025-11-09;8;0
5;2025-11-09;9;0
5;2025-11-09;10;0
5;2025-11-09;11;0
5;2025-11-09;12;0
5;2025-11-09;13;0
5;2025-11-09;14;0
5;2025-11-09;15;0
5;2025-11-09;16;0
5;2025-11-09;17;0
5;2025-11-09;18;0
5;2025-11-09;19;0
5;2025-11-09;20;0
5;2025-11-09;21;0
5;2025-11-09;22;0
5;2025-11-09;23;0
5;2025-11-10;0;0
5;2025-11-10;1;0
5;2025-11-10;2;0
5;2025-11-10;3;0
5;2025-11-10;4;0
5;2025-11-10;5;0
5;2025-11-10;6;0
5;2025-11-10;7;0
5;2025-11-10;8;0
5;2025-11-10;9;0
5;2025-11-10;10;0
5;2025-11-10;11;0
5;2025-11-10;12;0
5;2025-11-10;13;0
5;2025-11-10;14;0
5;2025-11-10;15;0
5;2025-11-10;16;0
5;2025-11-10;17;0
5;2025-11-10;18;0
5;2025-11-10;19;0
5;2025-11-10;20;0
5;2025-11-10;21;0
5;2025-11-10;22;0
5;2025-11-10;23;0
5;2025-11-11;0;0
5;2025-11-11;1;0
5;2025-11-11;2;0
5;2025-11-11;3;0
5;2025-11-11;4;0
5;2025-11-11;5;0
5;2025-11-11;6;0
5;2025-11-11;7;0
5;2025-11-11;8;0
5;2025-11-11;9;0
5;2025-11-11;10;0
5;2025-11-11;11;0
5;2025-11-11;12;0
5;2025-11-11;13;0
5;2025-11-11;14;0
5;2025-11-11;15;0
5;2025-11-11;16;0
5;2025-11-11;17;0
5;2025-11-11;18;0
5;2025-11-11;19;0
5;2025-11-11;20;0
5;2025-11-11;21;0
5;2025-11-11;22;0
5;2025-11-11;23;0
5;2025-11-12;0;0
5;2025-11-12;1;0
5;2025-11-12;2;0
5;2025-11-12;3;0
5;2025-11-12;4;0
5;2025-11-12;5;0
5;2025-11-12;6;0
5;2025-11-12;7;0
5;2025-11-12;8;0
5;2025-11-12;9;0
5;2025-11-12;10;0
5;2025-11-12;11;0
5;2025-11-12;12;0
5;2025-11-12;13;0
5;2025-11-12;14;0
5;2025-11-12;15;0
5;2025-11-12;16;0
5;2025-11-12;17;0
5;2025-11-12;18;0
5;2025-11-12;19;0
5;2025-11-12;20;0
5;2025-11-12;21;0
5;2025-11-12;22;0
5;2025-11-12;23;0
5;2025-11-13;0;0
5;2025-11-13;1;0
5;2025-11-13;2;0
5;2025-11-13;3;0
5;2025-11-13;4;0
5;2025-11-13;5;0
5;2025-11-13;6;0
5;2025-11-13;7;0
5;2025-11-13;8;0
5;2025-11-13;9;0
5;2025-11-13;10;0
5;2025-11-13;11;0
5;2025-11-13;12;0
5;2025-11-13;13;0
5;2025-11-13;14;0
5;2025-11-13;15;0
5;2025-11-13;16;0
5;2025-11-13;17;0
5;2025-11-13;18;0
5;2025-11-13;19;0
5;2025-11-13;20;0
5;2025-11-13;21;0
5;2025-11-13;22;0
5;2025-11-13;23;0
5;2025-11-14;0;0
5;2025-11-14;1;0
5;2025-11-14;2;0
5;2025-11-14;3;0
5;2025-11-14;4;0
5;2025-11-14;5;0
5;2025-11-14;6;0
5;2025-11-14;7;0
5;2025-11-14;8;0
5;2025-11-14;9;0
5;2025-11-14;10;0
5;2025-11-14;11;0
5;2025-11-14;12;0
5;2025-11-14;13;0
5;2025-11-14;14;0
5;2025-11-14;15;0
5;2025-11-14;16;0
5;2025-11-14;17;0
5;2025-11-14;18;0
5;2025-11-14;19;0
5;2025-11-14;20;0
5;2025-11-14;21;0
5;2025-11-14;22;0
5;2025-11-14;23;0
5;2025-11-15;0;0
5;2025-11-15;1;0
5;2025-11-15;2;0
5;2025-11-15;3;0
5;2025-11-15;4;0
5;2025-11-15;5;0
5;2025-11-15;6;0
5;2025-11-15;7;0
5;2025-11-15;8;0
5;2025-11-15;9;0
5;2025-11-15;10;0
5;2025-11-15;11;0
5;2025-11-15;12;0
5;2025-11-15;13;0
5;2025-11-15;14;0
5;2025-11-15;15;0
5;2025-11-15;16;0
5;2025-11-15;17;0
5;2025-11-15;18;0
5;2025-11-15;19;0
5;2025-11-15;20;0
5;2025-11-15;21;0
5;2025-11-15;22;0
5;2025-11-15;23;0
5;2025-11-16;0;0
5;2025-11-16;1;0
5;2025-11-16;2;0
5;2025-11-16;3;0
5;2025-11-16;4;0
5;2025-11-16;5;0
5;2025-11-16;6;0
5;2025-11-16;7;0
5;2025-11-16;8;0
5;2025-11-16;9;0
5;2025-11-16;10;0
5;2025-11-16;11;0
5;2025-11-16;12;0
5;2025-11-16;13;0
5;2025-11-16;14;0
5;2025-11-16;15;0
5;2025-11-16;16;0
5;2025-11-16;17;0
5;2025-11-16;18;0
5;2025-11-16;19;0
5;2025-11-16;20;0
5;2025-11-16;21;0
5;2025-11-16;22;0
5;2025-11-16;23;0
5;2025-11-17;0;0
5;2025-11-17;1;0
5;2025-11-17;2;0
5;2025-11-17;3;0
5;2025-11-17;4;0
5;2025-11-17;5;0
5;2025-11-17;6;0
5;2025-11-17;7;0
5;2025-11-17;8;0
5;2025-11-17;9;0
5;2025-11-17;10;0
5;2025-11-17;11;0
5;2025-11-17;12;0
5;2025-11-17;13;0
5;2025-11-17;14;0
5;2025-11-17;15;0
5;2025-11-17;16;0
5;2025-11-17;17;0
5;2025-11-17;18;0
5;2025-11-17;19;0
5;2025-11-17;20;0
5;2025-11-17;21;0
5;2025-11-17;22;0
5;2025-11-17;23;0
5;2025-11-18;0;0
5;2025-11-18;1;0
5;2025-11-18;2;0
5;2025-11-18;3;0
5;2025-11-18;4;0
5;2025-11-18;5;0
5;2025-11-18;6;0
5;2025-11-18;7;0
5;2025-11-18;8;0
5;2025-11-18;9;0
5;2025-11-18;10;0
5;2025-11-18;11;0
5;2025-11-18;12;0
5;2025-11-18;13;0
5;2025-11-18;14;0
5;2025-11-18;15;0
5;2025-11-18;16;0
5;2025-11-18;17;0
5;2025-11-18;18;0
5;2025-11-18;19;0
5;2025-11-18;20;0
5;2025-11-18;21;0
5;2025-11-18;22;0
5;2025-11-18;23;0
5;2025-11-19;0;0
5;2025-11-19;1;0
5;2025-11-19;2;0
5;2025-11-19;3;0
5;2025-11-19;4;0
5;2025-11-19;5;0
5;2025-11-19;6;0
5;2025-11-19;7;0
5;2025-11-19;8;0
5;2025-11-19;9;0
5;2025-11-19;10;0
5;2025-11-19;11;0
5;2025-11-19;12;0
5;2025-11-19;13;0
5;2025-11-19;14;0
5;2025-11-19;15;0
5;2025-11-19;16;0
5;2025-11-19;17;0
5;2025-11-19;18;0
5;2025-11-19;19;0
5;2025-11-19;20;0
5;2025-11-19;21;0
5;2025-11-19;22;0
5;2025-11-19;23;0
5;2025-11-20;0;0
5;2025-11-20;1;0
5;2025-11-20;2;0
5;2025-11-20;3;0
5;2025-11-20;4;0
5;2025-11-20;5;0
5;2025-11-20;6;0
5;2025-11-20;7;0
5;2025-11-20;8;0
5;2025-11-20;9;0
5;2025-11-20;10;0
5;2025-11-20;11;0
5;2025-11-20;12;0
5;2025-11-20;13;0
5;2025-11-20;14;0
5;2025-11-20;15;0
5;2025-11-20;16;0
5;2025-11-20;17;0
5;2025-11-20;18;0
5;2025-11-20;19;0
5;2025-11-20;20;0
5;2025-11-20;21;0
5;2025-11-20;22;0
5;2025-11-20;23;0
5;2025-11-21;0;0
5;2025-11-21;1;0
5;2025-11-21;2;0
5;2025-11-21;3;0
5;2025-11-21;4;0
5;2025-11-21;5;0
5;2025-11-21;6;0
5;2025-11-21;7;0
5;2025-11-21;8;0
5;2025-11-21;9;0
5;2025-11-21;10;0
5;2025-11-21;11;0
5;2025-11-21;12;0
5;2025-11-21;13;0
5;2025-11-21;14;0
5;2025-11-21;15;0
5;2025-11-21;16;0
5;2025-11-21;17;0
5;2025-11-21;18;0
5;2025-11-21;19;0
5;2025-11-21;20;0
5;2025-11-21;21;0
5;2025-11-21;22;0
5;2025-11-21;23;0
5;2025-11-22;0;0
5;2025-11-22;1;0
5;2025-11-22;2;0
5;2025-11-22;3;0
5;2025-11-22;4;0
5;2025-11-22;5;0
5;2025-11-22;6;0
5;2025-11-22;7;0
5;2025-11-22;8;0
5;2025-11-22;9;0
5;2025-11-22;10;0
5;2025-11-22;11;0
5;2025-11-22;12;0
5;2025-11-22;13;0
5;2025-11-22;14;0
5;2025-11-22;15;0
5;2025-11-22;16;0
5;2025-11-22;17;0
5;2025-11-22;18;0
5;2025-11-22;19;0
5;2025-11-22;20;0
5;2025-11-22;21;0
5;2025-11-22;22;0
5;2025-11-22;23;0
5;2025-11-23;0;0
5;2025-11-23;1;0
5;2025-11-23;2;0
5;2025-11-23;3;0
5;2025-11-23;4;0
5;2025-11-23;5;0
5;2025-11-23;6;0
5;2025-11-23;7;0
5;2025-11-23;8;0
5;2025-11-23;9;0
5;2025-11-23;10;0
5;2025-11-23;11;0
5;2025-11-23;12;0
5;2025-11-23;13;0
5;2025-11-23;14;0
5;2025-11-23;15;0
5;2025-11-23;16;0
5;2025-11-23;17;0
5;2025-11-23;18;0
5;2025-11-23;19;0
5;2025-11-23;20;0
5;2025-11-23;21;0
5;2025-11-23;22;0
5;2025-11-23;23;0
5;2025-11-24;0;0
5;2025-11-24;1;0
5;2025-11-24;2;0
5;2025-11-24;3;0
5;2025-11-24;4;0
5;2025-11-24;5;0
5;2025-11-24;6;0
5;2025-11-24;7;0
5;2025-11-24;8;0
5;2025-11-24;9;0
5;2025-11-24;10;0
5;2025-11-24;11;0
5;2025-11-24;12;0
5;2025-11-24;13;0
5;2025-11-24;14;0
5;2025-11-24;15;0
5;2025-11-24;16;0
5;2025-11-24;17;0
5;2025-11-24;18;0
5;2025-11-24;19;0
5;2025-11-24;20;0
5;2025-11-24;21;0
5;2025-11-24;22;0
5;2025-11-24;23;0
5;2025-11-25;0;0
5;2025-11-25;1;0
5;2025-11-25;2;0
5;2025-11-25;3;0
5;2025-11-25;4;0
5;2025-11-25;5;0
5;2025-11-25;6;0
5;2025-11-25;7;0
5;2025-11-25;8;0
5;2025-11-25;9;0
5;2025-11-25;10;0
5;2025-11-25;11;0
5;2025-11-25;12;0
5;2025-11-25;13;0
5;2025-11-25;14;0
5;2025-11-25;15;0
5;2025-11-25;16;0
5;2025-11-25;17;0
5;2025-11-25;18;0
5;2025-11-25;19;0
5;2025-11-25;20;0
5;2025-11-25;21;0
5;2025-11-25;22;0
5;2025-11-25;23;0
5;2025-11-26;0;0
5;2025-11-26;1;0
5;2025-11-26;2;0
5;2025-11-26;3;0
5;2025-11-26;4;0
5;2025-11-26;5;0
5;2025-11-26;6;0
5;2025-11-26;7;0
5;2025-11-26;8;0
5;2025-11-26;9;0
5;2025-11-26;10;0
5;2025-11-26;11;0
5;2025-11-26;12;0
5;2025-11-26;13;0
5;2025-11-26;14;0
5;2025-11-26;15;0
5;2025-11-26;16;0
5;2025-11-26;17;0
5;2025-11-26;18;0
5;2025-11-26;19;0
5;2025-11-26;20;0
5;2025-11-26;21;0
5;2025-11-26;22;0
5;2025-11-26;23;0
5;2025-11-27;0;0
5;2025-11-27;1;0
5;2025-11-27;2;0
5;2025-11-27;3;0
5;2025-11-27;4;0
5;2025-11-27;5;0
5;2025-11-27;6;0
5;2025-11-27;7;0
5;2025-11-27;8;0
5;2025-11-27;9;0
5;2025-11-27;10;0
5;2025-11-27;11;0
5;2025-11-27;12;0
5;2025-11-27;13;0
5;2025-11-27;14;0
5;2025-11-27;15;0
5;2025-11-27;16;0
5;2025-11-27;17;0
5;2025-11-27;18;0
5;2025-11-27;19;0
5;2025-11-27;20;0
5;2025-11-27;21;0
5;2025-11-27;22;0
5;2025-11-27;23;0
5;2025-11-28;0;0
5;2025-11-28;1;0
5;2025-11-28;2;0
5;2025-11-28;3;0
5;2025-11-28;4;0
5;2025-11-28;5;0
5;2025-11-28;6;0
5;2025-11-28;7;0
5;2025-11-28;8;0
5;2025-11-28;9;0
5;2025-11-28;10;0
5;2025-11-28;11;0
5;2025-11-28;12;0
5;2025-11-28;13;0
5;2025-11-28;14;0
5;2025-11-28;15;0
5;2025-11-28;16;0
5;2025-11-28;17;0
5;2025-11-28;18;0
5;2025-11-28;19;0
5;2025-11-28;20;0
5;2025-11-28;21;0
5;2025-11-28;22;0
5;2025-11-28;23;0
5;2025-11-29;0;0
5;2025-11-29;1;0
5;2025-11-29;2;0
5;2025-11-29;3;0
5;2025-11-29;4;0
5;2025-11-29;5;0
5;2025-11-29;6;0
5;2025-11-29;7;0
5;2025-11-29;8;0
5;2025-11-29;9;0
5;2025-11-29;10;0
5;2025-11-29;11;0
5;2025-11-29;12;0
5;2025-11-29;13;0
5;2025-11-29;14;0
5;2025-11-29;15;0
5;2025-11-29;16;0
5;2025-11-29;17;0
5;2025-11-29;18;0
5;2025-11-29;19;0
5;2025-11-29;20;0
5;2025-11-29;21;0
5;2025-11-29;22;0
5;2025-11-29;23;0
5;2025-11-30;0;0
5;2025-11-30;1;0
5;2025-11-30;2;0
5;2025-11-30;3;0
5;2025-11-30;4;0
5;2025-11-30;5;0
5;2025-11-30;6;0
5;2025-11-30;7;0
5;2025-11-30;8;0
5;2025-11-30;9;0
5;2025-11-30;10;0
5;2025-11-30;11;0
5;2025-11-30;12;0
5;2025-11-30;13;0
5;2025-11-30;14;0
5;2025-11-30;15;0
5;2025-11-30;16;0
5;2025-11-30;17;0
5;2025-11-30;18;0
5;2025-11-30;19;0
5;2025-11-30;20;0
5;2025-11-30;21;0
5;2025-11-30;22;0
5;2025-11-30;23;0
5;2025-12-01;0;0
5;2025-12-01;1;0
5;2025-12-01;2;0
5;2025-12-01;3;0
5;2025-12-01;4;0
5;2025-12-01;5;0
5;2025-12-01;6;0
5;2025-12-01;7;0
5;2025-12-01;8;0
5;2025-12-01;9;0
5;2025-12-01;10;0
5;2025-12-01;11;0
5;2025-12-01;12;0
5;2025-12-01;13;0
5;2025-12-01;14;0
5;2025-12-01;15;0
5;2025-12-01;16;0
5;2025-12-01;17;0
5;2025-12-01;18;0
5;2025-12-01;19;0
5;2025-12-01;20;0
5;2025-12-01;21;0
5;2025-12-01;22;0
5;2025-12-01;23;0
5;2025-12-02;0;0
5;2025-12-02;1;0
5;2025-12-02;2;0
5;2025-12-02;3;0
5;2025-12-02;4;0
5;2025-12-02;5;0
5;2025-12-02;6;0
5;2025-12-02;7;0
5;2025-12-02;8;0
5;2025-12-02;9;0
5;2025-12-02;10;0
5;2025-12-02;11;0
5;2025-12-02;12;0
5;2025-12-02;13;0
5;2025-12-02;14;0
5;2025-12-02;15;0
5;2025-12-02;16;0
5;2025-12-02;17;0
5;2025-12-02;18;0
5;2025-12-02;19;0
5;2025-12-02;20;0
5;2025-12-02;21;0
5;2025-12-02;22;0
5;2025-12-02;23;0
5;2025-12-03;0;0
5;2025-12-03;1;0
5;2025-12-03;2;0
5;2025-12-03;3;0
5;2025-12-03;4;0
5;2025-12-03;5;0
5;2025-12-03;6;0
5;2025-12-03;7;0
5;2025-12-03;8;0
5;2025-12-03;9;0
5;2025-12-03;10;0
5;2025-12-03;11;0
5;2025-12-03;12;0
5;2025-12-03;13;0
5;2025-12-03;14;0
5;2025-12-03;15;0
5;2025-12-03;16;0
5;2025-12-03;17;0
5;2025-12-03;18;0
5;2025-12-03;19;0
5;2025-12-03;20;0
5;2025-12-03;21;0
5;2025-12-03;22;0
5;2025-12-03;23;0
5;2025-12-04;0;0
5;2025-12-04;1;0
5;2025-12-04;2;0
5;2025-12-04;3;0
5;2025-12-04;4;0
5;2025-12-04;5;0
5;2025-12-04;6;0
5;2025-12-04;7;0
5;2025-12-04;8;0
5;2025-12-04;9;0
5;2025-12-04;10;0
5;2025-12-04;11;0
5;2025-12-04;12;0
5;2025-12-04;13;0
5;2025-12-04;14;0
5;2025-12-04;15;0
5;2025-12-04;16;0
5;2025-12-04;17;0
5;2025-12-04;18;0
5;2025-12-04;19;0
5;2025-12-04;20;0
5;2025-12-04;21;0
5;2025-12-04;22;0
5;2025-12-04;23;0
5;2025-12-05;0;0
5;2025-12-05;1;0
5;2025-12-05;2;0
5;2025-12-05;3;0
5;2025-12-05;4;0
5;2025-12-05;5;0
5;2025-12-05;6;0
5;2025-12-05;7;0
5;2025-12-05;8;0
5;2025-12-05;9;0
5;2025-12-05;10;0
5;2025-12-05;11;0
5;2025-12-05;12;0
5;2025-12-05;13;0
5;2025-12-05;14;0
5;2025-12-05;15;0
5;2025-12-05;16;0
5;2025-12-05;17;0
5;2025-12-05;18;0
5;2025-12-05;19;0
5;2025-12-05;20;0
5;2025-12-05;21;0
5;2025-12-05;22;0
5;2025-12-05;23;0
5;2025-12-06;0;0
5;2025-12-06;1;0
5;2025-12-06;2;0
5;2025-12-06;3;0
5;2025-12-06;4;0
5;2025-12-06;5;0
5;2025-12-06;6;0
5;2025-12-06;7;0
5;2025-12-06;8;0
5;2025-12-06;9;0
5;2025-12-06;10;0
5;2025-12-06;11;0
5;2025-12-06;12;0
5;2025-12-06;13;0
5;2025-12-06;14;0
5;2025-12-06;15;0
5;2025-12-06;16;0
5;2025-12-06;17;0
5;2025-12-06;18;0
5;2025-12-06;19;0
5;2025-12-06;20;0
5;2025-12-06;21;0
5;2025-12-06;22;0
5;2025-12-06;23;0
5;2025-12-07;0;0
5;2025-12-07;1;0
5;2025-12-07;2;0
5;2025-12-07;3;0
5;2025-12-07;4;0
5;2025-12-07;5;0
5;2025-12-07;6;0
5;2025-12-07;7;0
5;2025-12-07;8;0
5;2025-12-07;9;0
5;2025-12-07;10;0
5;2025-12-07;11;0
5;2025-12-07;12;0
5;2025-12-07;13;0
5;2025-12-07;14;0
5;2025-12-07;15;0
5;2025-12-07;16;0
5;2025-12-07;17;0
5;2025-12-07;18;0
5;2025-12-07;19;0
5;2025-12-07;20;0
5;2025-12-07;21;0
5;2025-12-07;22;0
5;2025-12-07;23;0
5;2025-12-08;0;0
5;2025-12-08;1;0
5;2025-12-08;2;0
5;2025-12-08;3;0
5;2025-12-08;4;0
5;2025-12-08;5;0
5;2025-12-08;6;0
5;2025-12-08;7;0
5;2025-12-08;8;0
5;2025-12-08;9;0
5;2025-12-08;10;0
5;2025-12-08;11;0
5;2025-12-08;12;0
5;2025-12-08;13;0
5;2025-12-08;14;0
5;2025-12-08;15;0
5;2025-12-08;16;0
5;2025-12-08;17;0
5;2025-12-08;18;0
5;2025-12-08;19;0
5;2025-12-08;20;0
5;2025-12-08;21;0
5;2025-12-08;22;0
5;2025-12-08;23;0
5;2025-12-09;0;0
5;2025-12-09;1;0
5;2025-12-09;2;0
5;2025-12-09;3;0
5;2025-12-09;4;0
5;2025-12-09;5;0
5;2025-12-09;6;0
5;2025-12-09;7;0
5;2025-12-09;8;0
5;2025-12-09;9;0
5;2025-12-09;10;0
5;2025-12-09;11;0
5;2025-12-09;12;0
5;2025-12-09;13;0
5;2025-12-09;14;0
5;2025-12-09;15;0
5;2025-12-09;16;0
5;2025-12-09;17;0
5;2025-12-09;18;0
5;2025-12-09;19;0
5;2025-12-09;20;0
5;2025-12-09;21;0
5;2025-12-09;22;0
5;2025-12-09;23;0
5;2025-12-10;0;0
5;2025-12-10;1;0
5;2025-12-10;2;0
5;2025-12-10;3;0
5;2025-12-10;4;0
5;2025-12-10;5;0
5;2025-12-10;6;0
5;2025-12-10;7;0
5;2025-12-10;8;0
5;2025-12-10;9;0
5;2025-12-10;10;0
5;2025-12-10;11;0
5;2025-12-10;12;0
5;2025-12-10;13;0
5;2025-12-10;14;0
5;2025-12-10;15;0
5;2025-12-10;16;0
5;2025-12-10;17;0
5;2025-12-10;18;0
5;2025-12-10;19;0
5;2025-12-10;20;0
5;2025-12-10;21;0
5;2025-12-10;22;0
5;2025-12-10;23;0
5;2025-12-11;0;0
5;2025-12-11;1;0
5;2025-12-11;2;0
5;2025-12-11;3;0
5;2025-12-11;4;0
5;2025-12-11;5;0
5;2025-12-11;6;0
5;2025-12-11;7;0
5;2025-12-11;8;0
5;2025-12-11;9;0
5;2025-12-11;10;0
5;2025-12-11;11;0
5;2025-12-11;12;0
5;2025-12-11;13;0
5;2025-12-11;14;0
5;2025-12-11;15;0
5;2025-12-11;16;0
5;2025-12-11;17;0
5;2025-12-11;18;0
5;2025-12-11;19;0
5;2025-12-11;20;0
5;2025-12-11;21;0
5;2025-12-11;22;0
5;2025-12-11;23;0
5;2025-12-12;0;0
5;2025-12-12;1;0
5;2025-12-12;2;0
5;2025-12-12;3;0
5;2025-12-12;4;0
5;2025-12-12;5;0
5;2025-12-12;6;0
5;2025-12-12;7;0
5;2025-12-12;8;0
5;2025-12-12;9;0
5;2025-12-12;10;0
5;2025-12-12;11;0
5;2025-12-12;12;0
5;2025-12-12;13;0
5;2025-12-12;14;0
5;2025-12-12;15;0
5;2025-12-12;16;0
5;2025-12-12;17;0
5;2025-12-12;18;0
5;2025-12-12;19;0
5;2025-12-12;20;0
5;2025-12-12;21;0
5;2025-12-12;22;0
5;2025-12-12;23;0
5;2025-12-13;0;0
5;2025-12-13;1;0
5;2025-12-13;2;0
5;2025-12-13;3;0
5;2025-12-13;4;0
5;2025-12-13;5;0
5;2025-12-13;6;0
5;2025-12-13;7;0
5;2025-12-13;8;0
5;2025-12-13;9;0
5;2025-12-13;10;0
5;2025-12-13;11;0
5;2025-12-13;12;0
5;2025-12-13;13;0
5;2025-12-13;14;0
5;2025-12-13;15;0
5;2025-12-13;16;0
5;2025-12-13;17;0
5;2025-12-13;18;0
5;2025-12-13;19;0
5;2025-12-13;20;0
5;2025-12-13;21;0
5;2025-12-13;22;0
5;2025-12-13;23;0
5;2025-12-14;0;0
5;2025-12-14;1;0
5;2025-12-14;2;0
5;2025-12-14;3;0
5;2025-12-14;4;0
5;2025-12-14;5;0
5;2025-12-14;6;0
5;2025-12-14;7;0
5;2025-12-14;8;0
5;2025-12-14;9;0
5;2025-12-14;10;0
5;2025-12-14;11;0
5;2025-12-14;12;0
5;2025-12-14;13;0
5;2025-12-14;14;0
5;2025-12-14;15;0
5;2025-12-14;16;0
5;2025-12-14;17;0
5;2025-12-14;18;0
5;2025-12-14;19;0
5;2025-12-14;20;0
5;2025-12-14;21;0
5;2025-12-14;22;0
5;2025-12-14;23;0
5;2025-12-15;0;0
5;2025-12-15;1;0
5;2025-12-15;2;0
5;2025-12-15;3;0
5;2025-12-15;4;0
5;2025-12-15;5;0
5;2025-12-15;6;0
5;2025-12-15;7;0
5;2025-12-15;8;0
5;2025-12-15;9;0
5;2025-12-15;10;0
5;2025-12-15;11;0
5;2025-12-15;12;0
5;2025-12-15;13;0
5;2025-12-15;14;0
5;2025-12-15;15;0
5;2025-12-15;16;0
5;2025-12-15;17;0
5;2025-12-15;18;0
5;2025-12-15;19;0
5;2025-12-15;20;0
5;2025-12-15;21;0
5;2025-12-15;22;0
5;2025-12-15;23;0
5;2025-12-16;0;4
5;2025-12-16;1;0
5;2025-12-16;2;0
5;2025-12-16;3;0
5;2025-12-16;4;1
5;2025-12-16;5;22
5;2025-12-16;6;110
5;2025-12-16;7;269
5;2025-12-16;8;405
5;2025-12-16;9;282
5;2025-12-16;10;232
5;2025-12-16;11;224
5;2025-12-16;12;233
5;2025-12-16;13;236
5;2025-12-16;14;239
5;2025-12-16;15;255
5;2025-12-16;16;284
5;2025-12-16;17;347
5;2025-12-16;18;361
5;2025-12-16;19;255
5;2025-12-16;20;163
5;2025-12-16;21;101
5;2025-12-16;22;43
5;2025-12-16;23;19
5;2025-12-17;0;4
5;2025-12-17;1;0
5;2025-12-17;2;0
5;2025-12-17;3;0
5;2025-12-17;4;1
5;2025-12-17;5;22
5;2025-12-17;6;110
5;2025-12-17;7;269
5;2025-12-17;8;405
5;2025-12-17;9;282
5;2025-12-17;10;232
5;2025-12-17;11;224
5;2025-12-17;12;233
5;2025-12-17;13;236
5;2025-12-17;14;239
5;2025-12-17;15;255
5;2025-12-17;16;284
5;2025-12-17;17;347
5;2025-12-17;18;361
5;2025-12-17;19;255
5;2025-12-17;20;163
5;2025-12-17;21;101
5;2025-12-17;22;43
5;2025-12-17;23;19
5;2025-12-18;0;4
5;2025-12-18;1;0
5;2025-12-18;2;0
5;2025-12-18;3;0
5;2025-12-18;4;1
5;2025-12-18;5;22
5;2025-12-18;6;110
5;2025-12-18;7;269
5;2025-12-18;8;405
5;2025-12-18;9;282
5;2025-12-18;10;232
5;2025-12-18;11;224
5;2025-12-18;12;233
5;2025-12-18;13;236
5;2025-12-18;14;239
5;2025-12-18;15;255
5;2025-12-18;16;284
5;2025-12-18;17;347
5;2025-12-18;18;361
5;2025-12-18;19;255
5;2025-12-18;20;163
5;2025-12-18;21;101
5;2025-12-18;22;43
5;2025-12-18;23;19
5;2025-12-19;0;5
5;2025-12-19;1;0
5;2025-12-19;2;0
5;2025-12-19;3;0
5;2025-12-19;4;1
5;2025-12-19;5;23
5;2025-12-19;6;114
5;2025-12-19;7;275
5;2025-12-19;8;403
5;2025-12-19;9;277
5;2025-12-19;10;230
5;2025-12-19;11;227
5;2025-12-19;12;238
5;2025-12-19;13;246
5;2025-12-19;14;245
5;2025-12-19;15;274
5;2025-12-19;16;329
5;2025-12-19;17;350
5;2025-12-19;18;293
5;2025-12-19;19;230
5;2025-12-19;20;153
5;2025-12-19;21;103
5;2025-12-19;22;45
5;2025-12-19;23;26
5;2025-12-20;0;77
5;2025-12-20;1;7
5;2025-12-20;2;0
5;2025-12-20;3;0
5;2025-12-20;4;0
5;2025-12-20;5;14
5;2025-12-20;6;60
5;2025-12-20;7;84
5;2025-12-20;8;134
5;2025-12-20;9;172
5;2025-12-20;10;182
5;2025-12-20;11;205
5;2025-12-20;12;257
5;2025-12-20;13;252
5;2025-12-20;14;254
5;2025-12-20;15;273
5;2025-12-20;16;244
5;2025-12-20;17;232
5;2025-12-20;18;192
5;2025-12-20;19;156
5;2025-12-20;20;117
5;2025-12-20;21;82
5;2025-12-20;22;48
5;2025-12-20;23;25
5;2025-12-21;0;12
5;2025-12-21;1;2
5;2025-12-21;2;0
5;2025-12-21;3;0
5;2025-12-21;4;0
5;2025-12-21;5;10
5;2025-12-21;6;48
5;2025-12-21;7;71
5;2025-12-21;8;107
5;2025-12-21;9;145
5;2025-12-21;10;169
5;2025-12-21;11;209
5;2025-12-21;12;219
5;2025-12-21;13;244
5;2025-12-21;14;271
5;2025-12-21;15;270
5;2025-12-21;16;251
5;2025-12-21;17;285
5;2025-12-21;18;227
5;2025-12-21;19;183
5;2025-12-21;20;145
5;2025-12-21;21;103
5;2025-12-21;22;68
5;2025-12-21;23;28
5;2025-12-22;0;5
5;2025-12-22;1;1
5;2025-12-22;2;0
5;2025-12-22;3;0
5;2025-12-22;4;1
5;2025-12-22;5;23
5;2025-12-22;6;113
5;2025-12-22;7;272
5;2025-12-22;8;423
5;2025-12-22;9;292
5;2025-12-22;10;227
5;2025-12-22;11;216
5;2025-12-22;12;224
5;2025-12-22;13;239
5;2025-12-22;14;237
5;2025-12-22;15;254
5;2025-12-22;16;291
5;2025-12-22;17;346
5;2025-12-22;18;365
5;2025-12-22;19;249
5;2025-12-22;20;157
5;2025-12-22;21;97
5;2025-12-22;22;40
5;2025-12-22;23;17
5;2025-12-23;0;4
5;2025-12-23;1;0
5;2025-12-23;2;0
5;2025-12-23;3;0
5;2025-12-23;4;1
5;2025-12-23;5;22
5;2025-12-23;6;110
5;2025-12-23;7;269
5;2025-12-23;8;405
5;2025-12-23;9;282
5;2025-12-23;10;232
5;2025-12-23;11;224
5;2025-12-23;12;233
5;2025-12-23;13;236
5;2025-12-23;14;239
5;2025-12-23;15;255
5;2025-12-23;16;284
5;2025-12-23;17;347
5;2025-12-23;18;361
5;2025-12-23;19;255
5;2025-12-23;20;163
5;2025-12-23;21;101
5;2025-12-23;22;43
5;2025-12-23;23;19
5;2025-12-24;0;4
5;2025-12-24;1;0
5;2025-12-24;2;0
5;2025-12-24;3;0
5;2025-12-24;4;1
5;2025-12-24;5;22
5;2025-12-24;6;110
5;2025-12-24;7;269
5;2025-12-24;8;405
5;2025-12-24;9;282
5;2025-12-24;10;232
5;2025-12-24;11;224
5;2025-12-24;12;233
5;2025-12-24;13;236
5;2025-12-24;14;239
5;2025-12-24;15;255
5;2025-12-24;16;284
5;2025-12-24;17;347
5;2025-12-24;18;361
5;2025-12-24;19;255
5;2025-12-24;20;163
5;2025-12-24;21;101
5;2025-12-24;22;43
5;2025-12-24;23;19
5;2025-12-25;0;4
5;2025-12-25;1;0
5;2025-12-25;2;0
5;2025-12-25;3;0
5;2025-12-25;4;1
5;2025-12-25;5;22
5;2025-12-25;6;110
5;2025-12-25;7;269
5;2025-12-25;8;405
5;2025-12-25;9;282
5;2025-12-25;10;232
5;2025-12-25;11;224
5;2025-12-25;12;233
5;2025-12-25;13;236
5;2025-12-25;14;239
5;2025-12-25;15;255
5;2025-12-25;16;284
5;2025-12-25;17;347
5;2025-12-25;18;361
5;2025-12-25;19;255
5;2025-12-25;20;163
5;2025-12-25;21;101
5;2025-12-25;22;43
5;2025-12-25;23;19
5;2025-12-26;0;5
5;2025-12-26;1;0
5;2025-12-26;2;0
5;2025-12-26;3;0
5;2025-12-26;4;1
5;2025-12-26;5;23
5;2025-12-26;6;114
5;2025-12-26;7;275
5;2025-12-26;8;403
5;2025-12-26;9;277
5;2025-12-26;10;230
5;2025-12-26;11;227
5;2025-12-26;12;238
5;2025-12-26;13;246
5;2025-12-26;14;245
5;2025-12-26;15;274
5;2025-12-26;16;329
5;2025-12-26;17;350
5;2025-12-26;18;293
5;2025-12-26;19;230
5;2025-12-26;20;153
5;2025-12-26;21;103
5;2025-12-26;22;45
5;2025-12-26;23;26
5;2025-12-27;0;77
5;2025-12-27;1;7
5;2025-12-27;2;0
5;2025-12-27;3;0
5;2025-12-27;4;0
5;2025-12-27;5;14
5;2025-12-27;6;60
5;2025-12-27;7;84
5;2025-12-27;8;134
5;2025-12-27;9;172
5;2025-12-27;10;182
5;2025-12-27;11;205
5;2025-12-27;12;257
5;2025-12-27;13;252
5;2025-12-27;14;254
5;2025-12-27;15;273
5;2025-12-27;16;244
5;2025-12-27;17;232
5;2025-12-27;18;192
5;2025-12-27;19;156
5;2025-12-27;20;117
5;2025-12-27;21;82
5;2025-12-27;22;48
5;2025-12-27;23;25
5;2025-12-28;0;12
5;2025-12-28;1;2
5;2025-12-28;2;0
5;2025-12-28;3;0
5;2025-12-28;4;0
5;2025-12-28;5;10
5;2025-12-28;6;48
5;2025-12-28;7;71
5;2025-12-28;8;107
5;2025-12-28;9;145
5;2025-12-28;10;169
5;2025-12-28;11;209
5;2025-12-28;12;219
5;2025-12-28;13;244
5;2025-12-28;14;271
5;2025-12-28;15;270
5;2025-12-28;16;251
5;2025-12-28;17;285
5;2025-12-28;18;227
5;2025-12-28;19;183
5;2025-12-28;20;145
5;2025-12-28;21;103
5;2025-12-28;22;68
5;2025-12-28;23;28
5;2025-12-29;0;5
5;2025-12-29;1;1
5;2025-12-29;2;0
5;2025-12-29;3;0
5;2025-12-29;4;1
5;2025-12-29;5;23
5;2025-12-29;6;113
5;2025-12-29;7;272
5;2025-12-29;8;423
5;2025-12-29;9;292
5;2025-12-29;10;227
5;2025-12-29;11;216
5;2025-12-29;12;224
5;2025-12-29;13;239
5;2025-12-29;14;237
5;2025-12-29;15;254
5;2025-12-29;16;291
5;2025-12-29;17;346
5;2025-12-29;18;365
5;2025-12-29;19;249
5;2025-12-29;20;157
5;2025-12-29;21;97
5;2025-12-29;22;40
5;2025-12-29;23;17
5;2025-12-30;0;4
5;2025-12-30;1;0
5;2025-12-30;2;0
5;2025-12-30;3;0
5;2025-12-30;4;1
5;2025-12-30;5;22
5;2025-12-30;6;110
5;2025-12-30;7;269
5;2025-12-30;8;405
5;2025-12-30;9;282
5;2025-12-30;10;232
5;2025-12-30;11;224
5;2025-12-30;12;233
5;2025-12-30;13;236
5;2025-12-30;14;239
5;2025-12-30;15;255
5;2025-12-30;16;284
5;2025-12-30;17;347
5;2025-12-30;18;361
5;2025-12-30;19;255
5;2025-12-30;20;163
5;2025-12-30;21;101
5;2025-12-30;22;43
5;2025-12-30;23;19
5;2025-12-31;0;12
5;2025-12-31;1;2
5;2025-12-31;2;0
5;2025-12-31;3;0
5;2025-12-31;4;0
5;2025-12-31;5;10
5;2025-12-31;6;48
5;2025-12-31;7;71
5;2025-12-31;8;107
5;2025-12-31;9;145
5;2025-12-31;10;169
5;2025-12-31;11;209
5;2025-12-31;12;219
5;2025-12-31;13;244
5;2025-12-31;14;271
5;2025-12-31;15;270
5;2025-12-31;16;251
5;2025-12-31;17;285
5;2025-12-31;18;227
5;2025-12-31;19;183
5;2025-12-31;20;145
5;2025-12-31;21;103
5;2025-12-31;22;68
5;2025-12-31;23;28
7;2025-11-01;0;55
7;2025-11-01;1;11
7;2025-11-01;2;0
7;2025-11-01;3;0
7;2025-11-01;4;1
7;2025-11-01;5;127
7;2025-11-01;6;436
7;2025-11-01;7;1074
7;2025-11-01;8;1693
7;2025-11-01;9;1283
7;2025-11-01;10;1267
7;2025-11-01;11;1159
7;2025-11-01;12;1243
7;2025-11-01;13;1227
7;2025-11-01;14;1255
7;2025-11-01;15;1399
7;2025-11-01;16;1575
7;2025-11-01;17;1693
7;2025-11-01;18;1454
7;2025-11-01;19;1020
7;2025-11-01;20;725
7;2025-11-01;21;428
7;2025-11-01;22;228
7;2025-11-01;23;175
7;2025-11-02;0;96
7;2025-11-02;1;24
7;2025-11-02;2;0
7;2025-11-02;3;0
7;2025-11-02;4;1
7;2025-11-02;5;29
7;2025-11-02;6;133
7;2025-11-02;7;171
7;2025-11-02;8;398
7;2025-11-02;9;522
7;2025-11-02;10;392
7;2025-11-02;11;582
7;2025-11-02;12;630
7;2025-11-02;13;610
7;2025-11-02;14;654
7;2025-11-02;15;721
7;2025-11-02;16;620
7;2025-11-02;17;620
7;2025-11-02;18;675
7;2025-11-02;19;480
7;2025-11-02;20;404
7;2025-11-02;21;296
7;2025-11-02;22;151
7;2025-11-02;23;121
7;2025-11-03;0;109
7;2025-11-03;1;1
7;2025-11-03;2;0
7;2025-11-03;3;0
7;2025-11-03;4;1
7;2025-11-03;5;45
7;2025-11-03;6;195
7;2025-11-03;7;395
7;2025-11-03;8;649
7;2025-11-03;9;713
7;2025-11-03;10;741
7;2025-11-03;11;970
7;2025-11-03;12;852
7;2025-11-03;13;964
7;2025-11-03;14;1052
7;2025-11-03;15;1096
7;2025-11-03;16;976
7;2025-11-03;17;942
7;2025-11-03;18;1022
7;2025-11-03;19;997
7;2025-11-03;20;771
7;2025-11-03;21;567
7;2025-11-03;22;310
7;2025-11-03;23;205
7;2025-11-04;0;105
7;2025-11-04;1;1
7;2025-11-04;2;0
7;2025-11-04;3;0
7;2025-11-04;4;1
7;2025-11-04;5;45
7;2025-11-04;6;195
7;2025-11-04;7;395
7;2025-11-04;8;627
7;2025-11-04;9;689
7;2025-11-04;10;716
7;2025-11-04;11;970
7;2025-11-04;12;827
7;2025-11-04;13;935
7;2025-11-04;14;1089
7;2025-11-04;15;1134
7;2025-11-04;16;976
7;2025-11-04;17;942
7;2025-11-04;18;1022
7;2025-11-04;19;997
7;2025-11-04;20;771
7;2025-11-04;21;567
7;2025-11-04;22;310
7;2025-11-04;23;205
7;2025-11-05;0;59
7;2025-11-05;1;13
7;2025-11-05;2;0
7;2025-11-05;3;0
7;2025-11-05;4;1
7;2025-11-05;5;185
7;2025-11-05;6;612
7;2025-11-05;7;1629
7;2025-11-05;8;2496
7;2025-11-05;9;1874
7;2025-11-05;10;1725
7;2025-11-05;11;1584
7;2025-11-05;12;1778
7;2025-11-05;13;1583
7;2025-11-05;14;1733
7;2025-11-05;15;1773
7;2025-11-05;16;1883
7;2025-11-05;17;2412
7;2025-11-05;18;2614
7;2025-11-05;19;1684
7;2025-11-05;20;1061
7;2025-11-05;21;649
7;2025-11-05;22;307
7;2025-11-05;23;197
7;2025-11-06;0;59
7;2025-11-06;1;13
7;2025-11-06;2;0
7;2025-11-06;3;0
7;2025-11-06;4;1
7;2025-11-06;5;185
7;2025-11-06;6;612
7;2025-11-06;7;1629
7;2025-11-06;8;2496
7;2025-11-06;9;1874
7;2025-11-06;10;1725
7;2025-11-06;11;1530
7;2025-11-06;12;1778
7;2025-11-06;13;1583
7;2025-11-06;14;1733
7;2025-11-06;15;1713
7;2025-11-06;16;1819
7;2025-11-06;17;2412
7;2025-11-06;18;2614
7;2025-11-06;19;1684
7;2025-11-06;20;994
7;2025-11-06;21;649
7;2025-11-06;22;307
7;2025-11-06;23;190
7;2025-11-07;0;76
7;2025-11-07;1;15
7;2025-11-07;2;0
7;2025-11-07;3;0
7;2025-11-07;4;2
7;2025-11-07;5;169
7;2025-11-07;6;599
7;2025-11-07;7;1477
7;2025-11-07;8;2250
7;2025-11-07;9;1705
7;2025-11-07;10;1743
7;2025-11-07;11;1594
7;2025-11-07;12;1710
7;2025-11-07;13;1688
7;2025-11-07;14;1727
7;2025-11-07;15;1924
7;2025-11-07;16;2167
7;2025-11-07;17;2329
7;2025-11-07;18;2000
7;2025-11-07;19;1403
7;2025-11-07;20;997
7;2025-11-07;21;589
7;2025-11-07;22;313
7;2025-11-07;23;241
7;2025-11-08;0;137
7;2025-11-08;1;27
7;2025-11-08;2;0
7;2025-11-08;3;0
7;2025-11-08;4;1
7;2025-11-08;5;55
7;2025-11-08;6;302
7;2025-11-08;7;330
7;2025-11-08;8;800
7;2025-11-08;9;676
7;2025-11-08;10;669
7;2025-11-08;11;707
7;2025-11-08;12;1033
7;2025-11-08;13;979
7;2025-11-08;14;923
7;2025-11-08;15;867
7;2025-11-08;16;907
7;2025-11-08;17;891
7;2025-11-08;18;801
7;2025-11-08;19;680
7;2025-11-08;20;586
7;2025-11-08;21;400
7;2025-11-08;22;227
7;2025-11-08;23;198
7;2025-11-09;0;96
7;2025-11-09;1;24
7;2025-11-09;2;0
7;2025-11-09;3;0
7;2025-11-09;4;1
7;2025-11-09;5;29
7;2025-11-09;6;133
7;2025-11-09;7;171
7;2025-11-09;8;398
7;2025-11-09;9;522
7;2025-11-09;10;392
7;2025-11-09;11;582
7;2025-11-09;12;630
7;2025-11-09;13;631
7;2025-11-09;14;654
7;2025-11-09;15;721
7;2025-11-09;16;620
7;2025-11-09;17;620
7;2025-11-09;18;675
7;2025-11-09;19;480
7;2025-11-09;20;404
7;2025-11-09;21;296
7;2025-11-09;22;151
7;2025-11-09;23;121
7;2025-11-10;0;63
7;2025-11-10;1;11
7;2025-11-10;2;0
7;2025-11-10;3;0
7;2025-11-10;4;1
7;2025-11-10;5;187
7;2025-11-10;6;599
7;2025-11-10;7;1651
7;2025-11-10;8;2752
7;2025-11-10;9;1860
7;2025-11-10;10;1660
7;2025-11-10;11;1584
7;2025-11-10;12;1596
7;2025-11-10;13;1566
7;2025-11-10;14;1558
7;2025-11-10;15;1807
7;2025-11-10;16;1837
7;2025-11-10;17;2399
7;2025-11-10;18;2636
7;2025-11-10;19;1700
7;2025-11-10;20;1115
7;2025-11-10;21;624
7;2025-11-10;22;300
7;2025-11-10;23;159
7;2025-11-11;0;59
7;2025-11-11;1;13
7;2025-11-11;2;0
7;2025-11-11;3;0
7;2025-11-11;4;1
7;2025-11-11;5;185
7;2025-11-11;6;612
7;2025-11-11;7;1629
7;2025-11-11;8;2496
7;2025-11-11;9;1874
7;2025-11-11;10;1725
7;2025-11-11;11;1584
7;2025-11-11;12;1778
7;2025-11-11;13;1583
7;2025-11-11;14;1733
7;2025-11-11;15;1773
7;2025-11-11;16;1883
7;2025-11-11;17;2412
7;2025-11-11;18;2614
7;2025-11-11;19;1684
7;2025-11-11;20;1061
7;2025-11-11;21;649
7;2025-11-11;22;307
7;2025-11-11;23;197
7;2025-11-12;0;59
7;2025-11-12;1;13
7;2025-11-12;2;0
7;2025-11-12;3;0
7;2025-11-12;4;1
7;2025-11-12;5;185
7;2025-11-12;6;612
7;2025-11-12;7;1629
7;2025-11-12;8;2496
7;2025-11-12;9;1874
7;2025-11-12;10;1666
7;2025-11-12;11;1530
7;2025-11-12;12;1718
7;2025-11-12;13;1529
7;2025-11-12;14;1674
7;2025-11-12;15;1713
7;2025-11-12;16;1883
7;2025-11-12;17;2412
7;2025-11-12;18;2525
7;2025-11-12;19;1684
7;2025-11-12;20;1061
7;2025-11-12;21;649
7;2025-11-12;22;307
7;2025-11-12;23;197
7;2025-11-13;0;59
7;2025-11-13;1;13
7;2025-11-13;2;0
7;2025-11-13;3;0
7;2025-11-13;4;1
7;2025-11-13;5;185
7;2025-11-13;6;592
7;2025-11-13;7;1629
7;2025-11-13;8;2496
7;2025-11-13;9;1874
7;2025-11-13;10;1725
7;2025-11-13;11;1584
7;2025-11-13;12;1778
7;2025-11-13;13;1583
7;2025-11-13;14;1733
7;2025-11-13;15;1773
7;2025-11-13;16;1883
7;2025-11-13;17;2412
7;2025-11-13;18;2614
7;2025-11-13;19;1684
7;2025-11-13;20;1061
7;2025-11-13;21;649
7;2025-11-13;22;307
7;2025-11-13;23;197
7;2025-11-14;0;76
7;2025-11-14;1;16
7;2025-11-14;2;1
7;2025-11-14;3;0
7;2025-11-14;4;2
7;2025-11-14;5;175
7;2025-11-14;6;599
7;2025-11-14;7;1477
7;2025-11-14;8;2329
7;2025-11-14;9;1765
7;2025-11-14;10;1743
7;2025-11-14;11;1594
7;2025-11-14;12;1710
7;2025-11-14;13;1688
7;2025-11-14;14;1727
7;2025-11-14;15;1924
7;2025-11-14;16;2167
7;2025-11-14;17;2329
7;2025-11-14;18;2000
7;2025-11-14;19;1403
7;2025-11-14;20;963
7;2025-11-14;21;569
7;2025-11-14;22;303
7;2025-11-14;23;232
7;2025-11-15;0;128
7;2025-11-15;1;26
7;2025-11-15;2;0
7;2025-11-15;3;0
7;2025-11-15;4;1
7;2025-11-15;5;51
7;2025-11-15;6;283
7;2025-11-15;7;309
7;2025-11-15;8;749
7;2025-11-15;9;633
7;2025-11-15;10;627
7;2025-11-15;11;662
7;2025-11-15;12;998
7;2025-11-15;13;945
7;2025-11-15;14;923
7;2025-11-15;15;867
7;2025-11-15;16;907
7;2025-11-15;17;891
7;2025-11-15;18;801
7;2025-11-15;19;680
7;2025-11-15;20;586
7;2025-11-15;21;400
7;2025-11-15;22;227
7;2025-11-15;23;198
7;2025-11-16;0;96
7;2025-11-16;1;24
7;2025-11-16;2;0
7;2025-11-16;3;0
7;2025-11-16;4;1
7;2025-11-16;5;29
7;2025-11-16;6;133
7;2025-11-16;7;171
7;2025-11-16;8;398
7;2025-11-16;9;522
7;2025-11-16;10;392
7;2025-11-16;11;582
7;2025-11-16;12;630
7;2025-11-16;13;631
7;2025-11-16;14;654
7;2025-11-16;15;721
7;2025-11-16;16;620
7;2025-11-16;17;620
7;2025-11-16;18;675
7;2025-11-16;19;480
7;2025-11-16;20;404
7;2025-11-16;21;296
7;2025-11-16;22;151
7;2025-11-16;23;121
7;2025-11-17;0;63
7;2025-11-17;1;11
7;2025-11-17;2;0
7;2025-11-17;3;0
7;2025-11-17;4;1
7;2025-11-17;5;187
7;2025-11-17;6;599
7;2025-11-17;7;1651
7;2025-11-17;8;2752
7;2025-11-17;9;1860
7;2025-11-17;10;1603
7;2025-11-17;11;1530
7;2025-11-17;12;1542
7;2025-11-17;13;1468
7;2025-11-17;14;1460
7;2025-11-17;15;1745
7;2025-11-17;16;1774
7;2025-11-17;17;2318
7;2025-11-17;18;2636
7;2025-11-17;19;1700
7;2025-11-17;20;1115
7;2025-11-17;21;603
7;2025-11-17;22;300
7;2025-11-17;23;159
7;2025-11-18;0;59
7;2025-11-18;1;13
7;2025-11-18;2;0
7;2025-11-18;3;0
7;2025-11-18;4;1
7;2025-11-18;5;173
7;2025-11-18;6;592
7;2025-11-18;7;1629
7;2025-11-18;8;2411
7;2025-11-18;9;1756
7;2025-11-18;10;1616
7;2025-11-18;11;1530
7;2025-11-18;12;1718
7;2025-11-18;13;1483
7;2025-11-18;14;1624
7;2025-11-18;15;1713
7;2025-11-18;16;1883
7;2025-11-18;17;2412
7;2025-11-18;18;2525
7;2025-11-18;19;1626
7;2025-11-18;20;1025
7;2025-11-18;21;649
7;2025-11-18;22;307
7;2025-11-18;23;197
7;2025-11-19;0;59
7;2025-11-19;1;13
7;2025-11-19;2;0
7;2025-11-19;3;0
7;2025-11-19;4;1
7;2025-11-19;5;185
7;2025-11-19;6;612
7;2025-11-19;7;1629
7;2025-11-19;8;2496
7;2025-11-19;9;1874
7;2025-11-19;10;1725
7;2025-11-19;11;1584
7;2025-11-19;12;1778
7;2025-11-19;13;1583
7;2025-11-19;14;1733
7;2025-11-19;15;1773
7;2025-11-19;16;1883
7;2025-11-19;17;2412
7;2025-11-19;18;2614
7;2025-11-19;19;1684
7;2025-11-19;20;1061
7;2025-11-19;21;649
7;2025-11-19;22;307
7;2025-11-19;23;197
7;2025-11-20;0;59
7;2025-11-20;1;13
7;2025-11-20;2;0
7;2025-11-20;3;0
7;2025-11-20;4;1
7;2025-11-20;5;185
7;2025-11-20;6;612
7;2025-11-20;7;1629
7;2025-11-20;8;2496
7;2025-11-20;9;1874
7;2025-11-20;10;1725
7;2025-11-20;11;1584
7;2025-11-20;12;1778
7;2025-11-20;13;1583
7;2025-11-20;14;1733
7;2025-11-20;15;1773
7;2025-11-20;16;1883
7;2025-11-20;17;2412
7;2025-11-20;18;2614
7;2025-11-20;19;1684
7;2025-11-20;20;1061
7;2025-11-20;21;649
7;2025-11-20;22;307
7;2025-11-20;23;197
7;2025-11-21;0;76
7;2025-11-21;1;16
7;2025-11-21;2;1
7;2025-11-21;3;0
7;2025-11-21;4;1
7;2025-11-21;5;169
7;2025-11-21;6;579
7;2025-11-21;7;1427
7;2025-11-21;8;2329
7;2025-11-21;9;1765
7;2025-11-21;10;1743
7;2025-11-21;11;1594
7;2025-11-21;12;1652
7;2025-11-21;13;1688
7;2025-11-21;14;1727
7;2025-11-21;15;1924
7;2025-11-21;16;2167
7;2025-11-21;17;2329
7;2025-11-21;18;2000
7;2025-11-21;19;1403
7;2025-11-21;20;997
7;2025-11-21;21;589
7;2025-11-21;22;313
7;2025-11-21;23;241
7;2025-11-22;0;137
7;2025-11-22;1;27
7;2025-11-22;2;0
7;2025-11-22;3;0
7;2025-11-22;4;1
7;2025-11-22;5;51
7;2025-11-22;6;291
7;2025-11-22;7;319
7;2025-11-22;8;772
7;2025-11-22;9;653
7;2025-11-22;10;669
7;2025-11-22;11;707
7;2025-11-22;12;1033
7;2025-11-22;13;979
7;2025-11-22;14;923
7;2025-11-22;15;867
7;2025-11-22;16;907
7;2025-11-22;17;891
7;2025-11-22;18;801
7;2025-11-22;19;680
7;2025-11-22;20;586
7;2025-11-22;21;387
7;2025-11-22;22;219
7;2025-11-22;23;192
7;2025-11-23;0;93
7;2025-11-23;1;24
7;2025-11-23;2;0
7;2025-11-23;3;0
7;2025-11-23;4;1
7;2025-11-23;5;29
7;2025-11-23;6;133
7;2025-11-23;7;171
7;2025-11-23;8;398
7;2025-11-23;9;522
7;2025-11-23;10;392
7;2025-11-23;11;582
7;2025-11-23;12;630
7;2025-11-23;13;631
7;2025-11-23;14;654
7;2025-11-23;15;721
7;2025-11-23;16;620
7;2025-11-23;17;620
7;2025-11-23;18;675
7;2025-11-23;19;480
7;2025-11-23;20;404
7;2025-11-23;21;296
7;2025-11-23;22;151
7;2025-11-23;23;121
7;2025-11-24;0;63
7;2025-11-24;1;10
7;2025-11-24;2;0
7;2025-11-24;3;0
7;2025-11-24;4;0
7;2025-11-24;5;176
7;2025-11-24;6;561
7;2025-11-24;7;1595
7;2025-11-24;8;2658
7;2025-11-24;9;1796
7;2025-11-24;10;1555
7;2025-11-24;11;1484
7;2025-11-24;12;1542
7;2025-11-24;13;1513
7;2025-11-24;14;1505
7;2025-11-24;15;1745
7;2025-11-24;16;1837
7;2025-11-24;17;2399
7;2025-11-24;18;2636
7;2025-11-24;19;1700
7;2025-11-24;20;1115
7;2025-11-24;21;624
7;2025-11-24;22;300
7;2025-11-24;23;159
7;2025-11-25;0;59
7;2025-11-25;1;13
7;2025-11-25;2;0
7;2025-11-25;3;0
7;2025-11-25;4;1
7;2025-11-25;5;185
7;2025-11-25;6;612
7;2025-11-25;7;1629
7;2025-11-25;8;2496
7;2025-11-25;9;1874
7;2025-11-25;10;1725
7;2025-11-25;11;1584
7;2025-11-25;12;1778
7;2025-11-25;13;1583
7;2025-11-25;14;1733
7;2025-11-25;15;1773
7;2025-11-25;16;1883
7;2025-11-25;17;2412
7;2025-11-25;18;2614
7;2025-11-25;19;1684
7;2025-11-25;20;1061
7;2025-11-25;21;649
7;2025-11-25;22;307
7;2025-11-25;23;197
7;2025-11-26;0;57
7;2025-11-26;1;13
7;2025-11-26;2;0
7;2025-11-26;3;0
7;2025-11-26;4;1
7;2025-11-26;5;173
7;2025-11-26;6;574
7;2025-11-26;7;1574
7;2025-11-26;8;2411
7;2025-11-26;9;1810
7;2025-11-26;10;1666
7;2025-11-26;11;1530
7;2025-11-26;12;1718
7;2025-11-26;13;1529
7;2025-11-26;14;1674
7;2025-11-26;15;1713
7;2025-11-26;16;1819
7;2025-11-26;17;2330
7;2025-11-26;18;2525
7;2025-11-26;19;1626
7;2025-11-26;20;1025
7;2025-11-26;21;627
7;2025-11-26;22;297
7;2025-11-26;23;190
7;2025-11-27;0;57
7;2025-11-27;1;13
7;2025-11-27;2;0
7;2025-11-27;3;0
7;2025-11-27;4;1
7;2025-11-27;5;185
7;2025-11-27;6;612
7;2025-11-27;7;1629
7;2025-11-27;8;2496
7;2025-11-27;9;1874
7;2025-11-27;10;1725
7;2025-11-27;11;1530
7;2025-11-27;12;1718
7;2025-11-27;13;1529
7;2025-11-27;14;1674
7;2025-11-27;15;1773
7;2025-11-27;16;1883
7;2025-11-27;17;2330
7;2025-11-27;18;2450
7;2025-11-27;19;1626
7;2025-11-27;20;1025
7;2025-11-27;21;627
7;2025-11-27;22;288
7;2025-11-27;23;184
7;2025-11-28;0;71
7;2025-11-28;1;15
7;2025-11-28;2;0
7;2025-11-28;3;0
7;2025-11-28;4;1
7;2025-11-28;5;169
7;2025-11-28;6;599
7;2025-11-28;7;1477
7;2025-11-28;8;2329
7;2025-11-28;9;1765
7;2025-11-28;10;1743
7;2025-11-28;11;1594
7;2025-11-28;12;1710
7;2025-11-28;13;1688
7;2025-11-28;14;1727
7;2025-11-28;15;1924
7;2025-11-28;16;2167
7;2025-11-28;17;2329
7;2025-11-28;18;2000
7;2025-11-28;19;1403
7;2025-11-28;20;997
7;2025-11-28;21;589
7;2025-11-28;22;313
7;2025-11-28;23;241
7;2025-11-29;0;137
7;2025-11-29;1;27
7;2025-11-29;2;0
7;2025-11-29;3;0
7;2025-11-29;4;1
7;2025-11-29;5;55
7;2025-11-29;6;302
7;2025-11-29;7;330
7;2025-11-29;8;800
7;2025-11-29;9;676
7;2025-11-29;10;669
7;2025-11-29;11;707
7;2025-11-29;12;1033
7;2025-11-29;13;979
7;2025-11-29;14;923
7;2025-11-29;15;867
7;2025-11-29;16;907
7;2025-11-29;17;891
7;2025-11-29;18;801
7;2025-11-29;19;680
7;2025-11-29;20;586
7;2025-11-29;21;400
7;2025-11-29;22;227
7;2025-11-29;23;198
7;2025-11-30;0;93
7;2025-11-30;1;24
7;2025-11-30;2;0
7;2025-11-30;3;0
7;2025-11-30;4;1
7;2025-11-30;5;29
7;2025-11-30;6;133
7;2025-11-30;7;171
7;2025-11-30;8;398
7;2025-11-30;9;522
7;2025-11-30;10;392
7;2025-11-30;11;582
7;2025-11-30;12;630
7;2025-11-30;13;631
7;2025-11-30;14;654
7;2025-11-30;15;721
7;2025-11-30;16;620
7;2025-11-30;17;620
7;2025-11-30;18;675
7;2025-11-30;19;480
7;2025-11-30;20;404
7;2025-11-30;21;296
7;2025-11-30;22;151
7;2025-11-30;23;121
7;2025-12-01;0;63
7;2025-12-01;1;11
7;2025-12-01;2;0
7;2025-12-01;3;0
7;2025-12-01;4;1
7;2025-12-01;5;187
7;2025-12-01;6;599
7;2025-12-01;7;1651
7;2025-12-01;8;2752
7;2025-12-01;9;1860
7;2025-12-01;10;1660
7;2025-12-01;11;1584
7;2025-12-01;12;1596
7;2025-12-01;13;1566
7;2025-12-01;14;1558
7;2025-12-01;15;1807
7;2025-12-01;16;1837
7;2025-12-01;17;2399
7;2025-12-01;18;2636
7;2025-12-01;19;1700
7;2025-12-01;20;1115
7;2025-12-01;21;624
7;2025-12-01;22;300
7;2025-12-01;23;159
7;2025-12-02;0;59
7;2025-12-02;1;13
7;2025-12-02;2;0
7;2025-12-02;3;0
7;2025-12-02;4;1
7;2025-12-02;5;185
7;2025-12-02;6;612
7;2025-12-02;7;1629
7;2025-12-02;8;2496
7;2025-12-02;9;1874
7;2025-12-02;10;1725
7;2025-12-02;11;1584
7;2025-12-02;12;1778
7;2025-12-02;13;1583
7;2025-12-02;14;1733
7;2025-12-02;15;1773
7;2025-12-02;16;1883
7;2025-12-02;17;2412
7;2025-12-02;18;2614
7;2025-12-02;19;1684
7;2025-12-02;20;1061
7;2025-12-02;21;649
7;2025-12-02;22;307
7;2025-12-02;23;197
7;2025-12-03;0;59
7;2025-12-03;1;13
7;2025-12-03;2;0
7;2025-12-03;3;0
7;2025-12-03;4;1
7;2025-12-03;5;185
7;2025-12-03;6;612
7;2025-12-03;7;1629
7;2025-12-03;8;2496
7;2025-12-03;9;1874
7;2025-12-03;10;1725
7;2025-12-03;11;1584
7;2025-12-03;12;1778
7;2025-12-03;13;1583
7;2025-12-03;14;1733
7;2025-12-03;15;1773
7;2025-12-03;16;1883
7;2025-12-03;17;2412
7;2025-12-03;18;2614
7;2025-12-03;19;1684
7;2025-12-03;20;1061
7;2025-12-03;21;649
7;2025-12-03;22;307
7;2025-12-03;23;197
7;2025-12-04;0;59
7;2025-12-04;1;13
7;2025-12-04;2;0
7;2025-12-04;3;0
7;2025-12-04;4;1
7;2025-12-04;5;185
7;2025-12-04;6;612
7;2025-12-04;7;1629
7;2025-12-04;8;2496
7;2025-12-04;9;1874
7;2025-12-04;10;1725
7;2025-12-04;11;1584
7;2025-12-04;12;1778
7;2025-12-04;13;1583
7;2025-12-04;14;1733
7;2025-12-04;15;1773
7;2025-12-04;16;1883
7;2025-12-04;17;2412
7;2025-12-04;18;2614
7;2025-12-04;19;1684
7;2025-12-04;20;1061
7;2025-12-04;21;649
7;2025-12-04;22;307
7;2025-12-04;23;197
7;2025-12-05;0;76
7;2025-12-05;1;16
7;2025-12-05;2;1
7;2025-12-05;3;0
7;2025-12-05;4;2
7;2025-12-05;5;175
7;2025-12-05;6;599
7;2025-12-05;7;1477
7;2025-12-05;8;2329
7;2025-12-05;9;1765
7;2025-12-05;10;1743
7;2025-12-05;11;1594
7;2025-12-05;12;1710
7;2025-12-05;13;1688
7;2025-12-05;14;1727
7;2025-12-05;15;1924
7;2025-12-05;16;2167
7;2025-12-05;17;2329
7;2025-12-05;18;2000
7;2025-12-05;19;1403
7;2025-12-05;20;997
7;2025-12-05;21;589
7;2025-12-05;22;313
7;2025-12-05;23;241
7;2025-12-06;0;96
7;2025-12-06;1;25
7;2025-12-06;2;0
7;2025-12-06;3;0
7;2025-12-06;4;1
7;2025-12-06;5;60
7;2025-12-06;6;273
7;2025-12-06;7;523
7;2025-12-06;8;689
7;2025-12-06;9;794
7;2025-12-06;10;781
7;2025-12-06;11;872
7;2025-12-06;12;949
7;2025-12-06;13;1054
7;2025-12-06;14;1080
7;2025-12-06;15;1048
7;2025-12-06;16;975
7;2025-12-06;17;878
7;2025-12-06;18;1110
7;2025-12-06;19;1025
7;2025-12-06;20;764
7;2025-12-06;21;637
7;2025-12-06;22;307
7;2025-12-06;23;250
7;2025-12-07;0;109
7;2025-12-07;1;1
7;2025-12-07;2;0
7;2025-12-07;3;0
7;2025-12-07;4;1
7;2025-12-07;5;45
7;2025-12-07;6;195
7;2025-12-07;7;395
7;2025-12-07;8;649
7;2025-12-07;9;713
7;2025-12-07;10;741
7;2025-12-07;11;1004
7;2025-12-07;12;882
7;2025-12-07;13;998
7;2025-12-07;14;1089
7;2025-12-07;15;1134
7;2025-12-07;16;976
7;2025-12-07;17;942
7;2025-12-07;18;1022
7;2025-12-07;19;997
7;2025-12-07;20;771
7;2025-12-07;21;567
7;2025-12-07;22;310
7;2025-12-07;23;205
7;2025-12-08;0;63
7;2025-12-08;1;11
7;2025-12-08;2;0
7;2025-12-08;3;0
7;2025-12-08;4;1
7;2025-12-08;5;187
7;2025-12-08;6;599
7;2025-12-08;7;1651
7;2025-12-08;8;2752
7;2025-12-08;9;1860
7;2025-12-08;10;1660
7;2025-12-08;11;1584
7;2025-12-08;12;1596
7;2025-12-08;13;1566
7;2025-12-08;14;1558
7;2025-12-08;15;1807
7;2025-12-08;16;1837
7;2025-12-08;17;2399
7;2025-12-08;18;2636
7;2025-12-08;19;1700
7;2025-12-08;20;1115
7;2025-12-08;21;624
7;2025-12-08;22;300
7;2025-12-08;23;159
7;2025-12-09;0;59
7;2025-12-09;1;13
7;2025-12-09;2;0
7;2025-12-09;3;0
7;2025-12-09;4;1
7;2025-12-09;5;185
7;2025-12-09;6;612
7;2025-12-09;7;1629
7;2025-12-09;8;2496
7;2025-12-09;9;1874
7;2025-12-09;10;1725
7;2025-12-09;11;1584
7;2025-12-09;12;1778
7;2025-12-09;13;1583
7;2025-12-09;14;1733
7;2025-12-09;15;1773
7;2025-12-09;16;1883
7;2025-12-09;17;2412
7;2025-12-09;18;2614
7;2025-12-09;19;1684
7;2025-12-09;20;1061
7;2025-12-09;21;649
7;2025-12-09;22;297
7;2025-12-09;23;190
7;2025-12-10;0;57
7;2025-12-10;1;13
7;2025-12-10;2;0
7;2025-12-10;3;0
7;2025-12-10;4;1
7;2025-12-10;5;178
7;2025-12-10;6;592
7;2025-12-10;7;1574
7;2025-12-10;8;2411
7;2025-12-10;9;1810
7;2025-12-10;10;1666
7;2025-12-10;11;1530
7;2025-12-10;12;1778
7;2025-12-10;13;1583
7;2025-12-10;14;1733
7;2025-12-10;15;1773
7;2025-12-10;16;1883
7;2025-12-10;17;2412
7;2025-12-10;18;2614
7;2025-12-10;19;1684
7;2025-12-10;20;1061
7;2025-12-10;21;649
7;2025-12-10;22;307
7;2025-12-10;23;197
7;2025-12-11;0;59
7;2025-12-11;1;13
7;2025-12-11;2;0
7;2025-12-11;3;0
7;2025-12-11;4;1
7;2025-12-11;5;185
7;2025-12-11;6;612
7;2025-12-11;7;1629
7;2025-12-11;8;2338
7;2025-12-11;9;1810
7;2025-12-11;10;1666
7;2025-12-11;11;1530
7;2025-12-11;12;1718
7;2025-12-11;13;1529
7;2025-12-11;14;1733
7;2025-12-11;15;1713
7;2025-12-11;16;1819
7;2025-12-11;17;2330
7;2025-12-11;18;2525
7;2025-12-11;19;1626
7;2025-12-11;20;1025
7;2025-12-11;21;627
7;2025-12-11;22;297
7;2025-12-11;23;197
7;2025-12-12;0;76
7;2025-12-12;1;16
7;2025-12-12;2;1
7;2025-12-12;3;0
7;2025-12-12;4;2
7;2025-12-12;5;175
7;2025-12-12;6;579
7;2025-12-12;7;1477
7;2025-12-12;8;2250
7;2025-12-12;9;1765
7;2025-12-12;10;1684
7;2025-12-12;11;1594
7;2025-12-12;12;1652
7;2025-12-12;13;1582
7;2025-12-12;14;1618
7;2025-12-12;15;1803
7;2025-12-12;16;2093
7;2025-12-12;17;2249
7;2025-12-12;18;2000
7;2025-12-12;19;1403
7;2025-12-12;20;997
7;2025-12-12;21;589
7;2025-12-12;22;303
7;2025-12-12;23;232
7;2025-12-13;0;96
7;2025-12-13;1;24
7;2025-12-13;2;0
7;2025-12-13;3;0
7;2025-12-13;4;1
7;2025-12-13;5;58
7;2025-12-13;6;273
7;2025-12-13;7;505
7;2025-12-13;8;689
7;2025-12-13;9;794
7;2025-12-13;10;781
7;2025-12-13;11;872
7;2025-12-13;12;949
7;2025-12-13;13;1054
7;2025-12-13;14;1080
7;2025-12-13;15;1048
7;2025-12-13;16;975
7;2025-12-13;17;878
7;2025-12-13;18;1110
7;2025-12-13;19;1025
7;2025-12-13;20;738
7;2025-12-13;21;615
7;2025-12-13;22;307
7;2025-12-13;23;241
7;2025-12-14;0;105
7;2025-12-14;1;1
7;2025-12-14;2;0
7;2025-12-14;3;0
7;2025-12-14;4;1
7;2025-12-14;5;45
7;2025-12-14;6;195
7;2025-12-14;7;395
7;2025-12-14;8;627
7;2025-12-14;9;713
7;2025-12-14;10;741
7;2025-12-14;11;1004
7;2025-12-14;12;882
7;2025-12-14;13;998
7;2025-12-14;14;1089
7;2025-12-14;15;1134
7;2025-12-14;16;976
7;2025-12-14;17;942
7;2025-12-14;18;1022
7;2025-12-14;19;997
7;2025-12-14;20;771
7;2025-12-14;21;567
7;2025-12-14;22;310
7;2025-12-14;23;205
7;2025-12-15;0;63
7;2025-12-15;1;11
7;2025-12-15;2;0
7;2025-12-15;3;0
7;2025-12-15;4;1
7;2025-12-15;5;187
7;2025-12-15;6;599
7;2025-12-15;7;1651
7;2025-12-15;8;2752
7;2025-12-15;9;1860
7;2025-12-15;10;1660
7;2025-12-15;11;1530
7;2025-12-15;12;1596
7;2025-12-15;13;1566
7;2025-12-15;14;1558
7;2025-12-15;15;1807
7;2025-12-15;16;1837
7;2025-12-15;17;2399
7;2025-12-15;18;2636
7;2025-12-15;19;1700
7;2025-12-15;20;1115
7;2025-12-15;21;624
7;2025-12-15;22;300
7;2025-12-15;23;159
7;2025-12-16;0;59
7;2025-12-16;1;13
7;2025-12-16;2;0
7;2025-12-16;3;0
7;2025-12-16;4;1
7;2025-12-16;5;185
7;2025-12-16;6;612
7;2025-12-16;7;1629
7;2025-12-16;8;2496
7;2025-12-16;9;1874
7;2025-12-16;10;1666
7;2025-12-16;11;1530
7;2025-12-16;12;1718
7;2025-12-16;13;1483
7;2025-12-16;14;1674
7;2025-12-16;15;1773
7;2025-12-16;16;1883
7;2025-12-16;17;2412
7;2025-12-16;18;2614
7;2025-12-16;19;1684
7;2025-12-16;20;1061
7;2025-12-16;21;649
7;2025-12-16;22;307
7;2025-12-16;23;197
7;2025-12-17;0;57
7;2025-12-17;1;13
7;2025-12-17;2;0
7;2025-12-17;3;0
7;2025-12-17;4;1
7;2025-12-17;5;185
7;2025-12-17;6;612
7;2025-12-17;7;1629
7;2025-12-17;8;2496
7;2025-12-17;9;1874
7;2025-12-17;10;1725
7;2025-12-17;11;1584
7;2025-12-17;12;1778
7;2025-12-17;13;1583
7;2025-12-17;14;1733
7;2025-12-17;15;1773
7;2025-12-17;16;1883
7;2025-12-17;17;2412
7;2025-12-17;18;2614
7;2025-12-17;19;1684
7;2025-12-17;20;1061
7;2025-12-17;21;649
7;2025-12-17;22;307
7;2025-12-17;23;197
7;2025-12-18;0;59
7;2025-12-18;1;13
7;2025-12-18;2;0
7;2025-12-18;3;0
7;2025-12-18;4;1
7;2025-12-18;5;185
7;2025-12-18;6;612
7;2025-12-18;7;1629
7;2025-12-18;8;2496
7;2025-12-18;9;1874
7;2025-12-18;10;1725
7;2025-12-18;11;1584
7;2025-12-18;12;1778
7;2025-12-18;13;1583
7;2025-12-18;14;1733
7;2025-12-18;15;1773
7;2025-12-18;16;1883
7;2025-12-18;17;2412
7;2025-12-18;18;2614
7;2025-12-18;19;1684
7;2025-12-18;20;1061
7;2025-12-18;21;649
7;2025-12-18;22;307
7;2025-12-18;23;197
7;2025-12-19;0;76
7;2025-12-19;1;16
7;2025-12-19;2;1
7;2025-12-19;3;0
7;2025-12-19;4;2
7;2025-12-19;5;175
7;2025-12-19;6;599
7;2025-12-19;7;1477
7;2025-12-19;8;2329
7;2025-12-19;9;1765
7;2025-12-19;10;1743
7;2025-12-19;11;1594
7;2025-12-19;12;1710
7;2025-12-19;13;1688
7;2025-12-19;14;1727
7;2025-12-19;15;1924
7;2025-12-19;16;2167
7;2025-12-19;17;2249
7;2025-12-19;18;1932
7;2025-12-19;19;1403
7;2025-12-19;20;997
7;2025-12-19;21;589
7;2025-12-19;22;313
7;2025-12-19;23;241
7;2025-12-20;0;96
7;2025-12-20;1;25
7;2025-12-20;2;0
7;2025-12-20;3;0
7;2025-12-20;4;1
7;2025-12-20;5;60
7;2025-12-20;6;273
7;2025-12-20;7;523
7;2025-12-20;8;689
7;2025-12-20;9;794
7;2025-12-20;10;781
7;2025-12-20;11;872
7;2025-12-20;12;949
7;2025-12-20;13;1054
7;2025-12-20;14;1080
7;2025-12-20;15;1048
7;2025-12-20;16;975
7;2025-12-20;17;878
7;2025-12-20;18;1110
7;2025-12-20;19;1025
7;2025-12-20;20;764
7;2025-12-20;21;637
7;2025-12-20;22;307
7;2025-12-20;23;250
7;2025-12-21;0;109
7;2025-12-21;1;1
7;2025-12-21;2;0
7;2025-12-21;3;0
7;2025-12-21;4;1
7;2025-12-21;5;45
7;2025-12-21;6;188
7;2025-12-21;7;382
7;2025-12-21;8;649
7;2025-12-21;9;713
7;2025-12-21;10;741
7;2025-12-21;11;1004
7;2025-12-21;12;882
7;2025-12-21;13;998
7;2025-12-21;14;1089
7;2025-12-21;15;1134
7;2025-12-21;16;976
7;2025-12-21;17;942
7;2025-12-21;18;1022
7;2025-12-21;19;997
7;2025-12-21;20;771
7;2025-12-21;21;567
7;2025-12-21;22;300
7;2025-12-21;23;205
7;2025-12-22;0;61
7;2025-12-22;1;10
7;2025-12-22;2;0
7;2025-12-22;3;0
7;2025-12-22;4;1
7;2025-12-22;5;187
7;2025-12-22;6;599
7;2025-12-22;7;1651
7;2025-12-22;8;2752
7;2025-12-22;9;1796
7;2025-12-22;10;1603
7;2025-12-22;11;1530
7;2025-12-22;12;1542
7;2025-12-22;13;1566
7;2025-12-22;14;1558
7;2025-12-22;15;1745
7;2025-12-22;16;1837
7;2025-12-22;17;2399
7;2025-12-22;18;2547
7;2025-12-22;19;1700
7;2025-12-22;20;1115
7;2025-12-22;21;624
7;2025-12-22;22;290
7;2025-12-22;23;153
7;2025-12-23;0;59
7;2025-12-23;1;13
7;2025-12-23;2;0
7;2025-12-23;3;0
7;2025-12-23;4;1
7;2025-12-23;5;185
7;2025-12-23;6;612
7;2025-12-23;7;1629
7;2025-12-23;8;2496
7;2025-12-23;9;1874
7;2025-12-23;10;1725
7;2025-12-23;11;1584
7;2025-12-23;12;1778
7;2025-12-23;13;1583
7;2025-12-23;14;1733
7;2025-12-23;15;1773
7;2025-12-23;16;1883
7;2025-12-23;17;2412
7;2025-12-23;18;2614
7;2025-12-23;19;1684
7;2025-12-23;20;1061
7;2025-12-23;21;649
7;2025-12-23;22;307
7;2025-12-23;23;197
7;2025-12-24;0;59
7;2025-12-24;1;13
7;2025-12-24;2;0
7;2025-12-24;3;0
7;2025-12-24;4;1
7;2025-12-24;5;185
7;2025-12-24;6;612
7;2025-12-24;7;1629
7;2025-12-24;8;2496
7;2025-12-24;9;1874
7;2025-12-24;10;1725
7;2025-12-24;11;1584
7;2025-12-24;12;1718
7;2025-12-24;13;1529
7;2025-12-24;14;1733
7;2025-12-24;15;1713
7;2025-12-24;16;1883
7;2025-12-24;17;2412
7;2025-12-24;18;2525
7;2025-12-24;19;1684
7;2025-12-24;20;1061
7;2025-12-24;21;627
7;2025-12-24;22;297
7;2025-12-24;23;190
7;2025-12-25;0;57
7;2025-12-25;1;13
7;2025-12-25;2;0
7;2025-12-25;3;0
7;2025-12-25;4;1
7;2025-12-25;5;185
7;2025-12-25;6;592
7;2025-12-25;7;1629
7;2025-12-25;8;2496
7;2025-12-25;9;1874
7;2025-12-25;10;1725
7;2025-12-25;11;1584
7;2025-12-25;12;1778
7;2025-12-25;13;1583
7;2025-12-25;14;1733
7;2025-12-25;15;1773
7;2025-12-25;16;1883
7;2025-12-25;17;2330
7;2025-12-25;18;2525
7;2025-12-25;19;1626
7;2025-12-25;20;1025
7;2025-12-25;21;627
7;2025-12-25;22;288
7;2025-12-25;23;184
7;2025-12-26;0;71
7;2025-12-26;1;15
7;2025-12-26;2;0
7;2025-12-26;3;0
7;2025-12-26;4;1
7;2025-12-26;5;169
7;2025-12-26;6;561
7;2025-12-26;7;1427
7;2025-12-26;8;2250
7;2025-12-26;9;1705
7;2025-12-26;10;1684
7;2025-12-26;11;1494
7;2025-12-26;12;1652
7;2025-12-26;13;1631
7;2025-12-26;14;1668
7;2025-12-26;15;1858
7;2025-12-26;16;2093
7;2025-12-26;17;2249
7;2025-12-26;18;1932
7;2025-12-26;19;1356
7;2025-12-26;20;963
7;2025-12-26;21;569
7;2025-12-26;22;303
7;2025-12-26;23;241
7;2025-12-27;0;96
7;2025-12-27;1;24
7;2025-12-27;2;0
7;2025-12-27;3;0
7;2025-12-27;4;1
7;2025-12-27;5;60
7;2025-12-27;6;273
7;2025-12-27;7;523
7;2025-12-27;8;689
7;2025-12-27;9;767
7;2025-12-27;10;781
7;2025-12-27;11;872
7;2025-12-27;12;949
7;2025-12-27;13;1054
7;2025-12-27;14;1080
7;2025-12-27;15;1048
7;2025-12-27;16;975
7;2025-12-27;17;878
7;2025-12-27;18;1110
7;2025-12-27;19;1025
7;2025-12-27;20;764
7;2025-12-27;21;615
7;2025-12-27;22;297
7;2025-12-27;23;241
7;2025-12-28;0;105
7;2025-12-28;1;1
7;2025-12-28;2;0
7;2025-12-28;3;0
7;2025-12-28;4;1
7;2025-12-28;5;44
7;2025-12-28;6;188
7;2025-12-28;7;382
7;2025-12-28;8;627
7;2025-12-28;9;689
7;2025-12-28;10;716
7;2025-12-28;11;970
7;2025-12-28;12;852
7;2025-12-28;13;964
7;2025-12-28;14;1052
7;2025-12-28;15;1096
7;2025-12-28;16;976
7;2025-12-28;17;942
7;2025-12-28;18;1022
7;2025-12-28;19;997
7;2025-12-28;20;745
7;2025-12-28;21;547
7;2025-12-28;22;300
7;2025-12-28;23;205
7;2025-12-29;0;54
7;2025-12-29;1;9
7;2025-12-29;2;0
7;2025-12-29;3;0
7;2025-12-29;4;0
7;2025-12-29;5;154
7;2025-12-29;6;509
7;2025-12-29;7;1403
7;2025-12-29;8;2260
7;2025-12-29;9;1527
7;2025-12-29;10;1363
7;2025-12-29;11;1300
7;2025-12-29;12;1311
7;2025-12-29;13;1286
7;2025-12-29;14;1279
7;2025-12-29;15;1484
7;2025-12-29;16;1508
7;2025-12-29;17;1970
7;2025-12-29;18;2165
7;2025-12-29;19;1396
7;2025-12-29;20;915
7;2025-12-29;21;512
7;2025-12-29;22;246
7;2025-12-29;23;130
7;2025-12-30;0;48
7;2025-12-30;1;11
7;2025-12-30;2;0
7;2025-12-30;3;0
7;2025-12-30;4;1
7;2025-12-30;5;152
7;2025-12-30;6;503
7;2025-12-30;7;1338
7;2025-12-30;8;2049
7;2025-12-30;9;1539
7;2025-12-30;10;1416
7;2025-12-30;11;1300
7;2025-12-30;12;1460
7;2025-12-30;13;1300
7;2025-12-30;14;1423
7;2025-12-30;15;1456
7;2025-12-30;16;1546
7;2025-12-30;17;1980
7;2025-12-30;18;2147
7;2025-12-30;19;1382
7;2025-12-30;20;871
7;2025-12-30;21;533
7;2025-12-30;22;252
7;2025-12-30;23;161
7;2025-12-31;0;89
7;2025-12-31;1;1
7;2025-12-31;2;0
7;2025-12-31;3;0
7;2025-12-31;4;1
7;2025-12-31;5;37
7;2025-12-31;6;160
7;2025-12-31;7;324
7;2025-12-31;8;533
7;2025-12-31;9;586
7;2025-12-31;10;608
7;2025-12-31;11;824
7;2025-12-31;12;750
7;2025-12-31;13;819
7;2025-12-31;14;894
7;2025-12-31;15;931
7;2025-12-31;16;830
7;2025-12-31;17;800
7;2025-12-31;18;839
7;2025-12-31;19;818
7;2025-12-31;20;655
7;2025-12-31;21;482
7;2025-12-31;22;255
7;2025-12-31;23;168
11;2025-11-01;0;58
11;2025-11-01;1;1
11;2025-11-01;2;0
11;2025-11-01;3;0
11;2025-11-01;4;0
11;2025-11-01;5;215
11;2025-11-01;6;1141
11;2025-11-01;7;2063
11;2025-11-01;8;2767
11;2025-11-01;9;1941
11;2025-11-01;10;1669
11;2025-11-01;11;1505
11;2025-11-01;12;1665
11;2025-11-01;13;1584
11;2025-11-01;14;1758
11;2025-11-01;15;1771
11;2025-11-01;16;1977
11;2025-11-01;17;2426
11;2025-11-01;18;2083
11;2025-11-01;19;1570
11;2025-11-01;20;1137
11;2025-11-01;21;719
11;2025-11-01;22;306
11;2025-11-01;23;288
11;2025-11-02;0;105
11;2025-11-02;1;14
11;2025-11-02;2;0
11;2025-11-02;3;0
11;2025-11-02;4;0
11;2025-11-02;5;104
11;2025-11-02;6;465
11;2025-11-02;7;461
11;2025-11-02;8;663
11;2025-11-02;9;914
11;2025-11-02;10;999
11;2025-11-02;11;1463
11;2025-11-02;12;1526
11;2025-11-02;13;1369
11;2025-11-02;14;1579
11;2025-11-02;15;1529
11;2025-11-02;16;1473
11;2025-11-02;17;1625
11;2025-11-02;18;1191
11;2025-11-02;19;916
11;2025-11-02;20;748
11;2025-11-02;21;556
11;2025-11-02;22;325
11;2025-11-02;23;219
11;2025-11-03;0;105
11;2025-11-03;1;14
11;2025-11-03;2;0
11;2025-11-03;3;0
11;2025-11-03;4;0
11;2025-11-03;5;104
11;2025-11-03;6;465
11;2025-11-03;7;461
11;2025-11-03;8;663
11;2025-11-03;9;914
11;2025-11-03;10;999
11;2025-11-03;11;1413
11;2025-11-03;12;1474
11;2025-11-03;13;1369
11;2025-11-03;14;1525
11;2025-11-03;15;1477
11;2025-11-03;16;1473
11;2025-11-03;17;1625
11;2025-11-03;18;1191
11;2025-11-03;19;916
11;2025-11-03;20;748
11;2025-11-03;21;556
11;2025-11-03;22;325
11;2025-11-03;23;219
11;2025-11-04;0;101
11;2025-11-04;1;14
11;2025-11-04;2;0
11;2025-11-04;3;0
11;2025-11-04;4;0
11;2025-11-04;5;104
11;2025-11-04;6;465
11;2025-11-04;7;461
11;2025-11-04;8;640
11;2025-11-04;9;883
11;2025-11-04;10;965
11;2025-11-04;11;1413
11;2025-11-04;12;1430
11;2025-11-04;13;1328
11;2025-11-04;14;1579
11;2025-11-04;15;1529
11;2025-11-04;16;1473
11;2025-11-04;17;1625
11;2025-11-04;18;1191
11;2025-11-04;19;916
11;2025-11-04;20;748
11;2025-11-04;21;556
11;2025-11-04;22;325
11;2025-11-04;23;219
11;2025-11-05;0;56
11;2025-11-05;1;0
11;2025-11-05;2;0
11;2025-11-05;3;0
11;2025-11-05;4;0
11;2025-11-05;5;243
11;2025-11-05;6;1341
11;2025-11-05;7;2591
11;2025-11-05;8;3340
11;2025-11-05;9;2545
11;2025-11-05;10;2128
11;2025-11-05;11;2053
11;2025-11-05;12;2090
11;2025-11-05;13;2118
11;2025-11-05;14;2199
11;2025-11-05;15;1979
11;2025-11-05;16;2232
11;2025-11-05;17;2850
11;2025-11-05;18;3215
11;2025-11-05;19;2378
11;2025-11-05;20;1494
11;2025-11-05;21;832
11;2025-11-05;22;395
11;2025-11-05;23;243
11;2025-11-06;0;56
11;2025-11-06;1;0
11;2025-11-06;2;0
11;2025-11-06;3;0
11;2025-11-06;4;0
11;2025-11-06;5;243
11;2025-11-06;6;1341
11;2025-11-06;7;2591
11;2025-11-06;8;3340
11;2025-11-06;9;2545
11;2025-11-06;10;2128
11;2025-11-06;11;1984
11;2025-11-06;12;2090
11;2025-11-06;13;2118
11;2025-11-06;14;2199
11;2025-11-06;15;1912
11;2025-11-06;16;2156
11;2025-11-06;17;2850
11;2025-11-06;18;3215
11;2025-11-06;19;2378
11;2025-11-06;20;1399
11;2025-11-06;21;832
11;2025-11-06;22;395
11;2025-11-06;23;235
11;2025-11-07;0;67
11;2025-11-07;1;1
11;2025-11-07;2;0
11;2025-11-07;3;0
11;2025-11-07;4;0
11;2025-11-07;5;240
11;2025-11-07;6;1319
11;2025-11-07;7;2384
11;2025-11-07;8;3089
11;2025-11-07;9;2167
11;2025-11-07;10;1928
11;2025-11-07;11;1740
11;2025-11-07;12;1924
11;2025-11-07;13;1830
11;2025-11-07;14;2032
11;2025-11-07;15;2047
11;2025-11-07;16;2285
11;2025-11-07;17;2803
11;2025-11-07;18;2407
11;2025-11-07;19;1815
11;2025-11-07;20;1314
11;2025-11-07;21;831
11;2025-11-07;22;353
11;2025-11-07;23;333
11;2025-11-08;0;107
11;2025-11-08;1;0
11;2025-11-08;2;0
11;2025-11-08;3;0
11;2025-11-08;4;0
11;2025-11-08;5;172
11;2025-11-08;6;835
11;2025-11-08;7;774
11;2025-11-08;8;1044
11;2025-11-08;9;1186
11;2025-11-08;10;1387
11;2025-11-08;11;1730
11;2025-11-08;12;2000
11;2025-11-08;13;1814
11;2025-11-08;14;2071
11;2025-11-08;15;1952
11;2025-11-08;16;1805
11;2025-11-08;17;1897
11;2025-11-08;18;1520
11;2025-11-08;19;1499
11;2025-11-08;20;979
11;2025-11-08;21;713
11;2025-11-08;22;409
11;2025-11-08;23;292
11;2025-11-09;0;105
11;2025-11-09;1;14
11;2025-11-09;2;0
11;2025-11-09;3;0
11;2025-11-09;4;0
11;2025-11-09;5;104
11;2025-11-09;6;465
11;2025-11-09;7;461
11;2025-11-09;8;663
11;2025-11-09;9;914
11;2025-11-09;10;999
11;2025-11-09;11;1463
11;2025-11-09;12;1526
11;2025-11-09;13;1417
11;2025-11-09;14;1579
11;2025-11-09;15;1529
11;2025-11-09;16;1473
11;2025-11-09;17;1625
11;2025-11-09;18;1191
11;2025-11-09;19;916
11;2025-11-09;20;748
11;2025-11-09;21;556
11;2025-11-09;22;325
11;2025-11-09;23;219
11;2025-11-10;0;78
11;2025-11-10;1;12
11;2025-11-10;2;0
11;2025-11-10;3;0
11;2025-11-10;4;1
11;2025-11-10;5;246
11;2025-11-10;6;1394
11;2025-11-10;7;2496
11;2025-11-10;8;3207
11;2025-11-10;9;2454
11;2025-11-10;10;1922
11;2025-11-10;11;1939
11;2025-11-10;12;1860
11;2025-11-10;13;1937
11;2025-11-10;14;2075
11;2025-11-10;15;2141
11;2025-11-10;16;2301
11;2025-11-10;17;2893
11;2025-11-10;18;3035
11;2025-11-10;19;2198
11;2025-11-10;20;1178
11;2025-11-10;21;771
11;2025-11-10;22;327
11;2025-11-10;23;221
11;2025-11-11;0;56
11;2025-11-11;1;0
11;2025-11-11;2;0
11;2025-11-11;3;0
11;2025-11-11;4;0
11;2025-11-11;5;243
11;2025-11-11;6;1341
11;2025-11-11;7;2591
11;2025-11-11;8;3340
11;2025-11-11;9;2545
11;2025-11-11;10;2128
11;2025-11-11;11;2053
11;2025-11-11;12;2090
11;2025-11-11;13;2118
11;2025-11-11;14;2199
11;2025-11-11;15;1979
11;2025-11-11;16;2232
11;2025-11-11;17;2850
11;2025-11-11;18;3215
11;2025-11-11;19;2378
11;2025-11-11;20;1494
11;2025-11-11;21;832
11;2025-11-11;22;395
11;2025-11-11;23;243
11;2025-11-12;0;56
11;2025-11-12;1;0
11;2025-11-12;2;0
11;2025-11-12;3;0
11;2025-11-12;4;0
11;2025-11-12;5;243
11;2025-11-12;6;1341
11;2025-11-12;7;2591
11;2025-11-12;8;3340
11;2025-11-12;9;2545
11;2025-11-12;10;2056
11;2025-11-12;11;1984
11;2025-11-12;12;2019
11;2025-11-12;13;2046
11;2025-11-12;14;2124
11;2025-11-12;15;1912
11;2025-11-12;16;2232
11;2025-11-12;17;2850
11;2025-11-12;18;3105
11;2025-11-12;19;2378
11;2025-11-12;20;1494
11;2025-11-12;21;832
11;2025-11-12;22;395
11;2025-11-12;23;243
11;2025-11-13;0;56
11;2025-11-13;1;0
11;2025-11-13;2;0
11;2025-11-13;3;0
11;2025-11-13;4;0
11;2025-11-13;5;243
11;2025-11-13;6;1295
11;2025-11-13;7;2591
11;2025-11-13;8;3340
11;2025-11-13;9;2545
11;2025-11-13;10;2128
11;2025-11-13;11;2053
11;2025-11-13;12;2090
11;2025-11-13;13;2118
11;2025-11-13;14;2199
11;2025-11-13;15;1979
11;2025-11-13;16;2232
11;2025-11-13;17;2850
11;2025-11-13;18;3215
11;2025-11-13;19;2378
11;2025-11-13;20;1494
11;2025-11-13;21;832
11;2025-11-13;22;395
11;2025-11-13;23;243
11;2025-11-14;0;67
11;2025-11-14;1;1
11;2025-11-14;2;0
11;2025-11-14;3;0
11;2025-11-14;4;0
11;2025-11-14;5;249
11;2025-11-14;6;1319
11;2025-11-14;7;2384
11;2025-11-14;8;3198
11;2025-11-14;9;2243
11;2025-11-14;10;1928
11;2025-11-14;11;1740
11;2025-11-14;12;1924
11;2025-11-14;13;1830
11;2025-11-14;14;2032
11;2025-11-14;15;2047
11;2025-11-14;16;2285
11;2025-11-14;17;2803
11;2025-11-14;18;2407
11;2025-11-14;19;1815
11;2025-11-14;20;1269
11;2025-11-14;21;802
11;2025-11-14;22;341
11;2025-11-14;23;321
11;2025-11-15;0;101
11;2025-11-15;1;0
11;2025-11-15;2;0
11;2025-11-15;3;0
11;2025-11-15;4;0
11;2025-11-15;5;161
11;2025-11-15;6;783
11;2025-11-15;7;725
11;2025-11-15;8;979
11;2025-11-15;9;1111
11;2025-11-15;10;1300
11;2025-11-15;11;1621
11;2025-11-15;12;1932
11;2025-11-15;13;1752
11;2025-11-15;14;2071
11;2025-11-15;15;1952
11;2025-11-15;16;1805
11;2025-11-15;17;1897
11;2025-11-15;18;1520
11;2025-11-15;19;1499
11;2025-11-15;20;979
11;2025-11-15;21;713
11;2025-11-15;22;409
11;2025-11-15;23;292
11;2025-11-16;0;105
11;2025-11-16;1;14
11;2025-11-16;2;0
11;2025-11-16;3;0
11;2025-11-16;4;0
11;2025-11-16;5;104
11;2025-11-16;6;465
11;2025-11-16;7;461
11;2025-11-16;8;663
11;2025-11-16;9;914
11;2025-11-16;10;999
11;2025-11-16;11;1463
11;2025-11-16;12;1526
11;2025-11-16;13;1417
11;2025-11-16;14;1579
11;2025-11-16;15;1529
11;2025-11-16;16;1473
11;2025-11-16;17;1625
11;2025-11-16;18;1191
11;2025-11-16;19;916
11;2025-11-16;20;748
11;2025-11-16;21;556
11;2025-11-16;22;325
11;2025-11-16;23;219
11;2025-11-17;0;78
11;2025-11-17;1;12
11;2025-11-17;2;0
11;2025-11-17;3;0
11;2025-11-17;4;1
11;2025-11-17;5;246
11;2025-11-17;6;1394
11;2025-11-17;7;2496
11;2025-11-17;8;3207
11;2025-11-17;9;2454
11;2025-11-17;10;1856
11;2025-11-17;11;1873
11;2025-11-17;12;1797
11;2025-11-17;13;1815
11;2025-11-17;14;1944
11;2025-11-17;15;2069
11;2025-11-17;16;2223
11;2025-11-17;17;2795
11;2025-11-17;18;3035
11;2025-11-17;19;2198
11;2025-11-17;20;1178
11;2025-11-17;21;745
11;2025-11-17;22;327
11;2025-11-17;23;221
11;2025-11-18;0;56
11;2025-11-18;1;0
11;2025-11-18;2;0
11;2025-11-18;3;0
11;2025-11-18;4;0
11;2025-11-18;5;227
11;2025-11-18;6;1295
11;2025-11-18;7;2591
11;2025-11-18;8;3226
11;2025-11-18;9;2385
11;2025-11-18;10;1994
11;2025-11-18;11;1984
11;2025-11-18;12;2019
11;2025-11-18;13;1984
11;2025-11-18;14;2060
11;2025-11-18;15;1912
11;2025-11-18;16;2232
11;2025-11-18;17;2850
11;2025-11-18;18;3105
11;2025-11-18;19;2297
11;2025-11-18;20;1443
11;2025-11-18;21;832
11;2025-11-18;22;395
11;2025-11-18;23;243
11;2025-11-19;0;56
11;2025-11-19;1;0
11;2025-11-19;2;0
11;2025-11-19;3;0
11;2025-11-19;4;0
11;2025-11-19;5;243
11;2025-11-19;6;1341
11;2025-11-19;7;2591
11;2025-11-19;8;3340
11;2025-11-19;9;2545
11;2025-11-19;10;2128
11;2025-11-19;11;2053
11;2025-11-19;12;2090
11;2025-11-19;13;2118
11;2025-11-19;14;2199
11;2025-11-19;15;1979
11;2025-11-19;16;2232
11;2025-11-19;17;2850
11;2025-11-19;18;3215
11;2025-11-19;19;2378
11;2025-11-19;20;1494
11;2025-11-19;21;832
11;2025-11-19;22;395
11;2025-11-19;23;243
11;2025-11-20;0;56
11;2025-11-20;1;0
11;2025-11-20;2;0
11;2025-11-20;3;0
11;2025-11-20;4;0
11;2025-11-20;5;243
11;2025-11-20;6;1341
11;2025-11-20;7;2591
11;2025-11-20;8;3340
11;2025-11-20;9;2545
11;2025-11-20;10;2128
11;2025-11-20;11;2053
11;2025-11-20;12;2090
11;2025-11-20;13;2118
11;2025-11-20;14;2199
11;2025-11-20;15;1979
11;2025-11-20;16;2232
11;2025-11-20;17;2850
11;2025-11-20;18;3215
11;2025-11-20;19;2378
11;2025-11-20;20;1494
11;2025-11-20;21;832
11;2025-11-20;22;395
11;2025-11-20;23;243
11;2025-11-21;0;67
11;2025-11-21;1;1
11;2025-11-21;2;0
11;2025-11-21;3;0
11;2025-11-21;4;0
11;2025-11-21;5;240
11;2025-11-21;6;1274
11;2025-11-21;7;2303
11;2025-11-21;8;3198
11;2025-11-21;9;2243
11;2025-11-21;10;1928
11;2025-11-21;11;1740
11;2025-11-21;12;1858
11;2025-11-21;13;1830
11;2025-11-21;14;2032
11;2025-11-21;15;2047
11;2025-11-21;16;2285
11;2025-11-21;17;2803
11;2025-11-21;18;2407
11;2025-11-21;19;1815
11;2025-11-21;20;1314
11;2025-11-21;21;831
11;2025-11-21;22;353
11;2025-11-21;23;333
11;2025-11-22;0;107
11;2025-11-22;1;0
11;2025-11-22;2;0
11;2025-11-22;3;0
11;2025-11-22;4;0
11;2025-11-22;5;161
11;2025-11-22;6;807
11;2025-11-22;7;748
11;2025-11-22;8;1009
11;2025-11-22;9;1146
11;2025-11-22;10;1387
11;2025-11-22;11;1730
11;2025-11-22;12;2000
11;2025-11-22;13;1814
11;2025-11-22;14;2071
11;2025-11-22;15;1952
11;2025-11-22;16;1805
11;2025-11-22;17;1897
11;2025-11-22;18;1520
11;2025-11-22;19;1499
11;2025-11-22;20;979
11;2025-11-22;21;689
11;2025-11-22;22;395
11;2025-11-22;23;282
11;2025-11-23;0;101
11;2025-11-23;1;14
11;2025-11-23;2;0
11;2025-11-23;3;0
11;2025-11-23;4;0
11;2025-11-23;5;104
11;2025-11-23;6;465
11;2025-11-23;7;461
11;2025-11-23;8;663
11;2025-11-23;9;914
11;2025-11-23;10;999
11;2025-11-23;11;1463
11;2025-11-23;12;1526
11;2025-11-23;13;1417
11;2025-11-23;14;1579
11;2025-11-23;15;1529
11;2025-11-23;16;1473
11;2025-11-23;17;1625
11;2025-11-23;18;1191
11;2025-11-23;19;916
11;2025-11-23;20;748
11;2025-11-23;21;556
11;2025-11-23;22;325
11;2025-11-23;23;219
11;2025-11-24;0;78
11;2025-11-24;1;12
11;2025-11-24;2;0
11;2025-11-24;3;0
11;2025-11-24;4;1
11;2025-11-24;5;231
11;2025-11-24;6;1306
11;2025-11-24;7;2411
11;2025-11-24;8;3098
11;2025-11-24;9;2371
11;2025-11-24;10;1800
11;2025-11-24;11;1817
11;2025-11-24;12;1797
11;2025-11-24;13;1871
11;2025-11-24;14;2005
11;2025-11-24;15;2069
11;2025-11-24;16;2301
11;2025-11-24;17;2893
11;2025-11-24;18;3035
11;2025-11-24;19;2198
11;2025-11-24;20;1178
11;2025-11-24;21;771
11;2025-11-24;22;327
11;2025-11-24;23;221
11;2025-11-25;0;56
11;2025-11-25;1;0
11;2025-11-25;2;0
11;2025-11-25;3;0
11;2025-11-25;4;0
11;2025-11-25;5;243
11;2025-11-25;6;1341
11;2025-11-25;7;2591
11;2025-11-25;8;3340
11;2025-11-25;9;2545
11;2025-11-25;10;2128
11;2025-11-25;11;2053
11;2025-11-25;12;2090
11;2025-11-25;13;2118
11;2025-11-25;14;2199
11;2025-11-25;15;1979
11;2025-11-25;16;2232
11;2025-11-25;17;2850
11;2025-11-25;18;3215
11;2025-11-25;19;2378
11;2025-11-25;20;1494
11;2025-11-25;21;832
11;2025-11-25;22;395
11;2025-11-25;23;243
11;2025-11-26;0;54
11;2025-11-26;1;0
11;2025-11-26;2;0
11;2025-11-26;3;0
11;2025-11-26;4;0
11;2025-11-26;5;227
11;2025-11-26;6;1256
11;2025-11-26;7;2503
11;2025-11-26;8;3226
11;2025-11-26;9;2459
11;2025-11-26;10;2056
11;2025-11-26;11;1984
11;2025-11-26;12;2019
11;2025-11-26;13;2046
11;2025-11-26;14;2124
11;2025-11-26;15;1912
11;2025-11-26;16;2156
11;2025-11-26;17;2753
11;2025-11-26;18;3105
11;2025-11-26;19;2297
11;2025-11-26;20;1443
11;2025-11-26;21;804
11;2025-11-26;22;381
11;2025-11-26;23;235
11;2025-11-27;0;54
11;2025-11-27;1;0
11;2025-11-27;2;0
11;2025-11-27;3;0
11;2025-11-27;4;0
11;2025-11-27;5;243
11;2025-11-27;6;1341
11;2025-11-27;7;2591
11;2025-11-27;8;3340
11;2025-11-27;9;2545
11;2025-11-27;10;2128
11;2025-11-27;11;1984
11;2025-11-27;12;2019
11;2025-11-27;13;2046
11;2025-11-27;14;2124
11;2025-11-27;15;1979
11;2025-11-27;16;2232
11;2025-11-27;17;2753
11;2025-11-27;18;3012
11;2025-11-27;19;2297
11;2025-11-27;20;1443
11;2025-11-27;21;804
11;2025-11-27;22;370
11;2025-11-27;23;228
11;2025-11-28;0;62
11;2025-11-28;1;1
11;2025-11-28;2;0
11;2025-11-28;3;0
11;2025-11-28;4;0
11;2025-11-28;5;240
11;2025-11-28;6;1319
11;2025-11-28;7;2384
11;2025-11-28;8;3198
11;2025-11-28;9;2243
11;2025-11-28;10;1928
11;2025-11-28;11;1740
11;2025-11-28;12;1924
11;2025-11-28;13;1830
11;2025-11-28;14;2032
11;2025-11-28;15;2047
11;2025-11-28;16;2285
11;2025-11-28;17;2803
11;2025-11-28;18;2407
11;2025-11-28;19;1815
11;2025-11-28;20;1314
11;2025-11-28;21;831
11;2025-11-28;22;353
11;2025-11-28;23;333
11;2025-11-29;0;107
11;2025-11-29;1;0
11;2025-11-29;2;0
11;2025-11-29;3;0
11;2025-11-29;4;0
11;2025-11-29;5;172
11;2025-11-29;6;835
11;2025-11-29;7;774
11;2025-11-29;8;1044
11;2025-11-29;9;1186
11;2025-11-29;10;1387
11;2025-11-29;11;1730
11;2025-11-29;12;2000
11;2025-11-29;13;1814
11;2025-11-29;14;2071
11;2025-11-29;15;1952
11;2025-11-29;16;1805
11;2025-11-29;17;1897
11;2025-11-29;18;1520
11;2025-11-29;19;1499
11;2025-11-29;20;979
11;2025-11-29;21;713
11;2025-11-29;22;409
11;2025-11-29;23;292
11;2025-11-30;0;101
11;2025-11-30;1;14
11;2025-11-30;2;0
11;2025-11-30;3;0
11;2025-11-30;4;0
11;2025-11-30;5;104
11;2025-11-30;6;465
11;2025-11-30;7;461
11;2025-11-30;8;663
11;2025-11-30;9;914
11;2025-11-30;10;999
11;2025-11-30;11;1463
11;2025-11-30;12;1526
11;2025-11-30;13;1417
11;2025-11-30;14;1579
11;2025-11-30;15;1529
11;2025-11-30;16;1473
11;2025-11-30;17;1625
11;2025-11-30;18;1191
11;2025-11-30;19;916
11;2025-11-30;20;748
11;2025-11-30;21;556
11;2025-11-30;22;325
11;2025-11-30;23;219
11;2025-12-01;0;78
11;2025-12-01;1;12
11;2025-12-01;2;0
11;2025-12-01;3;0
11;2025-12-01;4;1
11;2025-12-01;5;246
11;2025-12-01;6;1394
11;2025-12-01;7;2496
11;2025-12-01;8;3207
11;2025-12-01;9;2454
11;2025-12-01;10;1922
11;2025-12-01;11;1939
11;2025-12-01;12;1860
11;2025-12-01;13;1937
11;2025-12-01;14;2075
11;2025-12-01;15;2141
11;2025-12-01;16;2301
11;2025-12-01;17;2893
11;2025-12-01;18;3035
11;2025-12-01;19;2198
11;2025-12-01;20;1178
11;2025-12-01;21;771
11;2025-12-01;22;327
11;2025-12-01;23;221
11;2025-12-02;0;56
11;2025-12-02;1;0
11;2025-12-02;2;0
11;2025-12-02;3;0
11;2025-12-02;4;0
11;2025-12-02;5;243
11;2025-12-02;6;1341
11;2025-12-02;7;2591
11;2025-12-02;8;3340
11;2025-12-02;9;2545
11;2025-12-02;10;2128
11;2025-12-02;11;2053
11;2025-12-02;12;2090
11;2025-12-02;13;2118
11;2025-12-02;14;2199
11;2025-12-02;15;1979
11;2025-12-02;16;2232
11;2025-12-02;17;2850
11;2025-12-02;18;3215
11;2025-12-02;19;2378
11;2025-12-02;20;1494
11;2025-12-02;21;832
11;2025-12-02;22;395
11;2025-12-02;23;243
11;2025-12-03;0;56
11;2025-12-03;1;0
11;2025-12-03;2;0
11;2025-12-03;3;0
11;2025-12-03;4;0
11;2025-12-03;5;243
11;2025-12-03;6;1341
11;2025-12-03;7;2591
11;2025-12-03;8;3340
11;2025-12-03;9;2545
11;2025-12-03;10;2128
11;2025-12-03;11;2053
11;2025-12-03;12;2090
11;2025-12-03;13;2118
11;2025-12-03;14;2199
11;2025-12-03;15;1979
11;2025-12-03;16;2232
11;2025-12-03;17;2850
11;2025-12-03;18;3215
11;2025-12-03;19;2378
11;2025-12-03;20;1494
11;2025-12-03;21;832
11;2025-12-03;22;395
11;2025-12-03;23;243
11;2025-12-04;0;56
11;2025-12-04;1;0
11;2025-12-04;2;0
11;2025-12-04;3;0
11;2025-12-04;4;0
11;2025-12-04;5;243
11;2025-12-04;6;1341
11;2025-12-04;7;2591
11;2025-12-04;8;3340
11;2025-12-04;9;2545
11;2025-12-04;10;2128
11;2025-12-04;11;2053
11;2025-12-04;12;2090
11;2025-12-04;13;2118
11;2025-12-04;14;2199
11;2025-12-04;15;1979
11;2025-12-04;16;2232
11;2025-12-04;17;2850
11;2025-12-04;18;3215
11;2025-12-04;19;2378
11;2025-12-04;20;1494
11;2025-12-04;21;832
11;2025-12-04;22;395
11;2025-12-04;23;243
11;2025-12-05;0;67
11;2025-12-05;1;1
11;2025-12-05;2;0
11;2025-12-05;3;0
11;2025-12-05;4;0
11;2025-12-05;5;249
11;2025-12-05;6;1319
11;2025-12-05;7;2384
11;2025-12-05;8;3198
11;2025-12-05;9;2243
11;2025-12-05;10;1928
11;2025-12-05;11;1740
11;2025-12-05;12;1924
11;2025-12-05;13;1830
11;2025-12-05;14;2032
11;2025-12-05;15;2047
11;2025-12-05;16;2285
11;2025-12-05;17;2803
11;2025-12-05;18;2407
11;2025-12-05;19;1815
11;2025-12-05;20;1314
11;2025-12-05;21;831
11;2025-12-05;22;353
11;2025-12-05;23;333
11;2025-12-06;0;107
11;2025-12-06;1;0
11;2025-12-06;2;0
11;2025-12-06;3;0
11;2025-12-06;4;0
11;2025-12-06;5;172
11;2025-12-06;6;835
11;2025-12-06;7;774
11;2025-12-06;8;1044
11;2025-12-06;9;1186
11;2025-12-06;10;1387
11;2025-12-06;11;1730
11;2025-12-06;12;2000
11;2025-12-06;13;1814
11;2025-12-06;14;2071
11;2025-12-06;15;1952
11;2025-12-06;16;1805
11;2025-12-06;17;1897
11;2025-12-06;18;1520
11;2025-12-06;19;1499
11;2025-12-06;20;979
11;2025-12-06;21;713
11;2025-12-06;22;409
11;2025-12-06;23;292
11;2025-12-07;0;105
11;2025-12-07;1;14
11;2025-12-07;2;0
11;2025-12-07;3;0
11;2025-12-07;4;0
11;2025-12-07;5;104
11;2025-12-07;6;465
11;2025-12-07;7;461
11;2025-12-07;8;663
11;2025-12-07;9;914
11;2025-12-07;10;999
11;2025-12-07;11;1463
11;2025-12-07;12;1526
11;2025-12-07;13;1417
11;2025-12-07;14;1579
11;2025-12-07;15;1529
11;2025-12-07;16;1473
11;2025-12-07;17;1625
11;2025-12-07;18;1191
11;2025-12-07;19;916
11;2025-12-07;20;748
11;2025-12-07;21;556
11;2025-12-07;22;325
11;2025-12-07;23;219
11;2025-12-08;0;78
11;2025-12-08;1;12
11;2025-12-08;2;0
11;2025-12-08;3;0
11;2025-12-08;4;1
11;2025-12-08;5;246
11;2025-12-08;6;1394
11;2025-12-08;7;2496
11;2025-12-08;8;3207
11;2025-12-08;9;2454
11;2025-12-08;10;1922
11;2025-12-08;11;1939
11;2025-12-08;12;1860
11;2025-12-08;13;1937
11;2025-12-08;14;2075
11;2025-12-08;15;2141
11;2025-12-08;16;2301
11;2025-12-08;17;2893
11;2025-12-08;18;3035
11;2025-12-08;19;2198
11;2025-12-08;20;1178
11;2025-12-08;21;771
11;2025-12-08;22;327
11;2025-12-08;23;221
11;2025-12-09;0;56
11;2025-12-09;1;0
11;2025-12-09;2;0
11;2025-12-09;3;0
11;2025-12-09;4;0
11;2025-12-09;5;243
11;2025-12-09;6;1341
11;2025-12-09;7;2591
11;2025-12-09;8;3340
11;2025-12-09;9;2545
11;2025-12-09;10;2128
11;2025-12-09;11;2053
11;2025-12-09;12;2090
11;2025-12-09;13;2118
11;2025-12-09;14;2199
11;2025-12-09;15;1979
11;2025-12-09;16;2232
11;2025-12-09;17;2850
11;2025-12-09;18;3215
11;2025-12-09;19;2378
11;2025-12-09;20;1494
11;2025-12-09;21;832
11;2025-12-09;22;381
11;2025-12-09;23;235
11;2025-12-10;0;54
11;2025-12-10;1;0
11;2025-12-10;2;0
11;2025-12-10;3;0
11;2025-12-10;4;0
11;2025-12-10;5;234
11;2025-12-10;6;1295
11;2025-12-10;7;2503
11;2025-12-10;8;3226
11;2025-12-10;9;2459
11;2025-12-10;10;2056
11;2025-12-10;11;1984
11;2025-12-10;12;2090
11;2025-12-10;13;2118
11;2025-12-10;14;2199
11;2025-12-10;15;1979
11;2025-12-10;16;2232
11;2025-12-10;17;2850
11;2025-12-10;18;3215
11;2025-12-10;19;2378
11;2025-12-10;20;1494
11;2025-12-10;21;832
11;2025-12-10;22;395
11;2025-12-10;23;243
11;2025-12-11;0;56
11;2025-12-11;1;0
11;2025-12-11;2;0
11;2025-12-11;3;0
11;2025-12-11;4;0
11;2025-12-11;5;243
11;2025-12-11;6;1341
11;2025-12-11;7;2591
11;2025-12-11;8;3129
11;2025-12-11;9;2459
11;2025-12-11;10;2056
11;2025-12-11;11;1984
11;2025-12-11;12;2019
11;2025-12-11;13;2046
11;2025-12-11;14;2199
11;2025-12-11;15;1912
11;2025-12-11;16;2156
11;2025-12-11;17;2753
11;2025-12-11;18;3105
11;2025-12-11;19;2297
11;2025-12-11;20;1443
11;2025-12-11;21;804
11;2025-12-11;22;381
11;2025-12-11;23;243
11;2025-12-12;0;67
11;2025-12-12;1;1
11;2025-12-12;2;0
11;2025-12-12;3;0
11;2025-12-12;4;0
11;2025-12-12;5;249
11;2025-12-12;6;1274
11;2025-12-12;7;2384
11;2025-12-12;8;3089
11;2025-12-12;9;2243
11;2025-12-12;10;1863
11;2025-12-12;11;1740
11;2025-12-12;12;1858
11;2025-12-12;13;1715
11;2025-12-12;14;1904
11;2025-12-12;15;1918
11;2025-12-12;16;2207
11;2025-12-12;17;2708
11;2025-12-12;18;2407
11;2025-12-12;19;1815
11;2025-12-12;20;1314
11;2025-12-12;21;831
11;2025-12-12;22;341
11;2025-12-12;23;321
11;2025-12-13;0;107
11;2025-12-13;1;0
11;2025-12-13;2;0
11;2025-12-13;3;0
11;2025-12-13;4;0
11;2025-12-13;5;166
11;2025-12-13;6;835
11;2025-12-13;7;748
11;2025-12-13;8;1044
11;2025-12-13;9;1186
11;2025-12-13;10;1387
11;2025-12-13;11;1730
11;2025-12-13;12;2000
11;2025-12-13;13;1814
11;2025-12-13;14;2071
11;2025-12-13;15;1952
11;2025-12-13;16;1805
11;2025-12-13;17;1897
11;2025-12-13;18;1520
11;2025-12-13;19;1499
11;2025-12-13;20;946
11;2025-12-13;21;689
11;2025-12-13;22;409
11;2025-12-13;23;282
11;2025-12-14;0;101
11;2025-12-14;1;13
11;2025-12-14;2;0
11;2025-12-14;3;0
11;2025-12-14;4;0
11;2025-12-14;5;104
11;2025-12-14;6;465
11;2025-12-14;7;461
11;2025-12-14;8;640
11;2025-12-14;9;914
11;2025-12-14;10;999
11;2025-12-14;11;1463
11;2025-12-14;12;1526
11;2025-12-14;13;1417
11;2025-12-14;14;1579
11;2025-12-14;15;1529
11;2025-12-14;16;1473
11;2025-12-14;17;1625
11;2025-12-14;18;1191
11;2025-12-14;19;916
11;2025-12-14;20;748
11;2025-12-14;21;556
11;2025-12-14;22;325
11;2025-12-14;23;219
11;2025-12-15;0;78
11;2025-12-15;1;12
11;2025-12-15;2;0
11;2025-12-15;3;0
11;2025-12-15;4;1
11;2025-12-15;5;246
11;2025-12-15;6;1394
11;2025-12-15;7;2496
11;2025-12-15;8;3207
11;2025-12-15;9;2454
11;2025-12-15;10;1922
11;2025-12-15;11;1873
11;2025-12-15;12;1860
11;2025-12-15;13;1937
11;2025-12-15;14;2075
11;2025-12-15;15;2141
11;2025-12-15;16;2301
11;2025-12-15;17;2893
11;2025-12-15;18;3035
11;2025-12-15;19;2198
11;2025-12-15;20;1178
11;2025-12-15;21;771
11;2025-12-15;22;327
11;2025-12-15;23;221
11;2025-12-16;0;56
11;2025-12-16;1;0
11;2025-12-16;2;0
11;2025-12-16;3;0
11;2025-12-16;4;0
11;2025-12-16;5;243
11;2025-12-16;6;1341
11;2025-12-16;7;2591
11;2025-12-16;8;3340
11;2025-12-16;9;2545
11;2025-12-16;10;2056
11;2025-12-16;11;1984
11;2025-12-16;12;2019
11;2025-12-16;13;1984
11;2025-12-16;14;2124
11;2025-12-16;15;1979
11;2025-12-16;16;2232
11;2025-12-16;17;2850
11;2025-12-16;18;3215
11;2025-12-16;19;2378
11;2025-12-16;20;1494
11;2025-12-16;21;832
11;2025-12-16;22;395
11;2025-12-16;23;243
11;2025-12-17;0;54
11;2025-12-17;1;0
11;2025-12-17;2;0
11;2025-12-17;3;0
11;2025-12-17;4;0
11;2025-12-17;5;243
11;2025-12-17;6;1341
11;2025-12-17;7;2591
11;2025-12-17;8;3340
11;2025-12-17;9;2545
11;2025-12-17;10;2128
11;2025-12-17;11;2053
11;2025-12-17;12;2090
11;2025-12-17;13;2118
11;2025-12-17;14;2199
11;2025-12-17;15;1979
11;2025-12-17;16;2232
11;2025-12-17;17;2850
11;2025-12-17;18;3215
11;2025-12-17;19;2378
11;2025-12-17;20;1494
11;2025-12-17;21;832
11;2025-12-17;22;395
11;2025-12-17;23;243
11;2025-12-18;0;56
11;2025-12-18;1;0
11;2025-12-18;2;0
11;2025-12-18;3;0
11;2025-12-18;4;0
11;2025-12-18;5;243
11;2025-12-18;6;1341
11;2025-12-18;7;2591
11;2025-12-18;8;3340
11;2025-12-18;9;2545
11;2025-12-18;10;2128
11;2025-12-18;11;2053
11;2025-12-18;12;2090
11;2025-12-18;13;2118
11;2025-12-18;14;2199
11;2025-12-18;15;1979
11;2025-12-18;16;2232
11;2025-12-18;17;2850
11;2025-12-18;18;3215
11;2025-12-18;19;2378
11;2025-12-18;20;1494
11;2025-12-18;21;832
11;2025-12-18;22;395
11;2025-12-18;23;243
11;2025-12-19;0;67
11;2025-12-19;1;1
11;2025-12-19;2;0
11;2025-12-19;3;0
11;2025-12-19;4;0
11;2025-12-19;5;249
11;2025-12-19;6;1319
11;2025-12-19;7;2384
11;2025-12-19;8;3198
11;2025-12-19;9;2243
11;2025-12-19;10;1928
11;2025-12-19;11;1740
11;2025-12-19;12;1924
11;2025-12-19;13;1830
11;2025-12-19;14;2032
11;2025-12-19;15;2047
11;2025-12-19;16;2285
11;2025-12-19;17;2708
11;2025-12-19;18;2325
11;2025-12-19;19;1815
11;2025-12-19;20;1314
11;2025-12-19;21;831
11;2025-12-19;22;353
11;2025-12-19;23;333
11;2025-12-20;0;107
11;2025-12-20;1;0
11;2025-12-20;2;0
11;2025-12-20;3;0
11;2025-12-20;4;0
11;2025-12-20;5;172
11;2025-12-20;6;835
11;2025-12-20;7;774
11;2025-12-20;8;1044
11;2025-12-20;9;1186
11;2025-12-20;10;1387
11;2025-12-20;11;1730
11;2025-12-20;12;2000
11;2025-12-20;13;1814
11;2025-12-20;14;2071
11;2025-12-20;15;1952
11;2025-12-20;16;1805
11;2025-12-20;17;1897
11;2025-12-20;18;1520
11;2025-12-20;19;1499
11;2025-12-20;20;979
11;2025-12-20;21;713
11;2025-12-20;22;409
11;2025-12-20;23;292
11;2025-12-21;0;105
11;2025-12-21;1;14
11;2025-12-21;2;0
11;2025-12-21;3;0
11;2025-12-21;4;0
11;2025-12-21;5;104
11;2025-12-21;6;449
11;2025-12-21;7;446
11;2025-12-21;8;663
11;2025-12-21;9;914
11;2025-12-21;10;999
11;2025-12-21;11;1463
11;2025-12-21;12;1526
11;2025-12-21;13;1417
11;2025-12-21;14;1579
11;2025-12-21;15;1529
11;2025-12-21;16;1473
11;2025-12-21;17;1625
11;2025-12-21;18;1191
11;2025-12-21;19;916
11;2025-12-21;20;748
11;2025-12-21;21;556
11;2025-12-21;22;314
11;2025-12-21;23;219
11;2025-12-22;0;75
11;2025-12-22;1;12
11;2025-12-22;2;0
11;2025-12-22;3;0
11;2025-12-22;4;1
11;2025-12-22;5;246
11;2025-12-22;6;1394
11;2025-12-22;7;2496
11;2025-12-22;8;3207
11;2025-12-22;9;2371
11;2025-12-22;10;1856
11;2025-12-22;11;1873
11;2025-12-22;12;1797
11;2025-12-22;13;1937
11;2025-12-22;14;2075
11;2025-12-22;15;2069
11;2025-12-22;16;2301
11;2025-12-22;17;2893
11;2025-12-22;18;2932
11;2025-12-22;19;2198
11;2025-12-22;20;1178
11;2025-12-22;21;771
11;2025-12-22;22;316
11;2025-12-22;23;213
11;2025-12-23;0;56
11;2025-12-23;1;0
11;2025-12-23;2;0
11;2025-12-23;3;0
11;2025-12-23;4;0
11;2025-12-23;5;243
11;2025-12-23;6;1341
11;2025-12-23;7;2591
11;2025-12-23;8;3340
11;2025-12-23;9;2545
11;2025-12-23;10;2128
11;2025-12-23;11;2053
11;2025-12-23;12;2090
11;2025-12-23;13;2118
11;2025-12-23;14;2199
11;2025-12-23;15;1979
11;2025-12-23;16;2232
11;2025-12-23;17;2850
11;2025-12-23;18;3215
11;2025-12-23;19;2378
11;2025-12-23;20;1494
11;2025-12-23;21;832
11;2025-12-23;22;395
11;2025-12-23;23;243
11;2025-12-24;0;56
11;2025-12-24;1;0
11;2025-12-24;2;0
11;2025-12-24;3;0
11;2025-12-24;4;0
11;2025-12-24;5;243
11;2025-12-24;6;1341
11;2025-12-24;7;2591
11;2025-12-24;8;3340
11;2025-12-24;9;2545
11;2025-12-24;10;2128
11;2025-12-24;11;2053
11;2025-12-24;12;2019
11;2025-12-24;13;2046
11;2025-12-24;14;2199
11;2025-12-24;15;1912
11;2025-12-24;16;2232
11;2025-12-24;17;2850
11;2025-12-24;18;3105
11;2025-12-24;19;2378
11;2025-12-24;20;1494
11;2025-12-24;21;804
11;2025-12-24;22;381
11;2025-12-24;23;235
11;2025-12-25;0;54
11;2025-12-25;1;0
11;2025-12-25;2;0
11;2025-12-25;3;0
11;2025-12-25;4;0
11;2025-12-25;5;243
11;2025-12-25;6;1295
11;2025-12-25;7;2591
11;2025-12-25;8;3340
11;2025-12-25;9;2545
11;2025-12-25;10;2128
11;2025-12-25;11;2053
11;2025-12-25;12;2090
11;2025-12-25;13;2118
11;2025-12-25;14;2199
11;2025-12-25;15;1979
11;2025-12-25;16;2232
11;2025-12-25;17;2753
11;2025-12-25;18;3105
11;2025-12-25;19;2297
11;2025-12-25;20;1443
11;2025-12-25;21;804
11;2025-12-25;22;370
11;2025-12-25;23;228
11;2025-12-26;0;62
11;2025-12-26;1;1
11;2025-12-26;2;0
11;2025-12-26;3;0
11;2025-12-26;4;0
11;2025-12-26;5;240
11;2025-12-26;6;1236
11;2025-12-26;7;2303
11;2025-12-26;8;3089
11;2025-12-26;9;2167
11;2025-12-26;10;1863
11;2025-12-26;11;1630
11;2025-12-26;12;1858
11;2025-12-26;13;1768
11;2025-12-26;14;1963
11;2025-12-26;15;1978
11;2025-12-26;16;2207
11;2025-12-26;17;2708
11;2025-12-26;18;2325
11;2025-12-26;19;1753
11;2025-12-26;20;1269
11;2025-12-26;21;802
11;2025-12-26;22;341
11;2025-12-26;23;333
11;2025-12-27;0;107
11;2025-12-27;1;0
11;2025-12-27;2;0
11;2025-12-27;3;0
11;2025-12-27;4;0
11;2025-12-27;5;172
11;2025-12-27;6;835
11;2025-12-27;7;774
11;2025-12-27;8;1044
11;2025-12-27;9;1146
11;2025-12-27;10;1387
11;2025-12-27;11;1730
11;2025-12-27;12;2000
11;2025-12-27;13;1814
11;2025-12-27;14;2071
11;2025-12-27;15;1952
11;2025-12-27;16;1805
11;2025-12-27;17;1897
11;2025-12-27;18;1520
11;2025-12-27;19;1499
11;2025-12-27;20;979
11;2025-12-27;21;689
11;2025-12-27;22;395
11;2025-12-27;23;282
11;2025-12-28;0;101
11;2025-12-28;1;13
11;2025-12-28;2;0
11;2025-12-28;3;0
11;2025-12-28;4;0
11;2025-12-28;5;100
11;2025-12-28;6;449
11;2025-12-28;7;446
11;2025-12-28;8;640
11;2025-12-28;9;883
11;2025-12-28;10;965
11;2025-12-28;11;1413
11;2025-12-28;12;1474
11;2025-12-28;13;1369
11;2025-12-28;14;1525
11;2025-12-28;15;1477
11;2025-12-28;16;1473
11;2025-12-28;17;1625
11;2025-12-28;18;1191
11;2025-12-28;19;916
11;2025-12-28;20;723
11;2025-12-28;21;537
11;2025-12-28;22;314
11;2025-12-28;23;219
11;2025-12-29;0;66
11;2025-12-29;1;11
11;2025-12-29;2;0
11;2025-12-29;3;0
11;2025-12-29;4;1
11;2025-12-29;5;202
11;2025-12-29;6;1185
11;2025-12-29;7;2122
11;2025-12-29;8;2633
11;2025-12-29;9;2015
11;2025-12-29;10;1578
11;2025-12-29;11;1592
11;2025-12-29;12;1528
11;2025-12-29;13;1590
11;2025-12-29;14;1704
11;2025-12-29;15;1758
11;2025-12-29;16;1889
11;2025-12-29;17;2375
11;2025-12-29;18;2492
11;2025-12-29;19;1805
11;2025-12-29;20;967
11;2025-12-29;21;633
11;2025-12-29;22;269
11;2025-12-29;23;181
11;2025-12-30;0;46
11;2025-12-30;1;0
11;2025-12-30;2;0
11;2025-12-30;3;0
11;2025-12-30;4;0
11;2025-12-30;5;199
11;2025-12-30;6;1101
11;2025-12-30;7;2127
11;2025-12-30;8;2742
11;2025-12-30;9;2090
11;2025-12-30;10;1748
11;2025-12-30;11;1686
11;2025-12-30;12;1716
11;2025-12-30;13;1739
11;2025-12-30;14;1806
11;2025-12-30;15;1625
11;2025-12-30;16;1833
11;2025-12-30;17;2340
11;2025-12-30;18;2640
11;2025-12-30;19;1953
11;2025-12-30;20;1226
11;2025-12-30;21;684
11;2025-12-30;22;324
11;2025-12-30;23;200
11;2025-12-31;0;86
11;2025-12-31;1;11
11;2025-12-31;2;0
11;2025-12-31;3;0
11;2025-12-31;4;0
11;2025-12-31;5;85
11;2025-12-31;6;382
11;2025-12-31;7;379
11;2025-12-31;8;544
11;2025-12-31;9;751
11;2025-12-31;10;820
11;2025-12-31;11;1201
11;2025-12-31;12;1297
11;2025-12-31;13;1164
11;2025-12-31;14;1296
11;2025-12-31;15;1255
11;2025-12-31;16;1252
11;2025-12-31;17;1382
11;2025-12-31;18;978
11;2025-12-31;19;753
11;2025-12-31;20;636
11;2025-12-31;21;473
11;2025-12-31;22;267
11;2025-12-31;23;180
12;2025-11-01;0;47
12;2025-11-01;1;0
12;2025-11-01;2;0
12;2025-11-01;3;0
12;2025-11-01;4;3
12;2025-11-01;5;277
12;2025-11-01;6;1196
12;2025-11-01;7;2292
12;2025-11-01;8;2823
12;2025-11-01;9;2132
12;2025-11-01;10;1549
12;2025-11-01;11;1600
12;2025-11-01;12;1668
12;2025-11-01;13;1869
12;2025-11-01;14;1665
12;2025-11-01;15;1957
12;2025-11-01;16;2453
12;2025-11-01;17;2442
12;2025-11-01;18;2124
12;2025-11-01;19;1785
12;2025-11-01;20;1158
12;2025-11-01;21;824
12;2025-11-01;22;428
12;2025-11-01;23;282
12;2025-11-02;0;83
12;2025-11-02;1;3
12;2025-11-02;2;0
12;2025-11-02;3;0
12;2025-11-02;4;3
12;2025-11-02;5;133
12;2025-11-02;6;528
12;2025-11-02;7;718
12;2025-11-02;8;733
12;2025-11-02;9;926
12;2025-11-02;10;1170
12;2025-11-02;11;1274
12;2025-11-02;12;1379
12;2025-11-02;13;1558
12;2025-11-02;14;1443
12;2025-11-02;15;1541
12;2025-11-02;16;1536
12;2025-11-02;17;1534
12;2025-11-02;18;1335
12;2025-11-02;19;1020
12;2025-11-02;20;784
12;2025-11-02;21;612
12;2025-11-02;22;389
12;2025-11-02;23;200
12;2025-11-03;0;83
12;2025-11-03;1;3
12;2025-11-03;2;0
12;2025-11-03;3;0
12;2025-11-03;4;3
12;2025-11-03;5;133
12;2025-11-03;6;528
12;2025-11-03;7;718
12;2025-11-03;8;733
12;2025-11-03;9;926
12;2025-11-03;10;1170
12;2025-11-03;11;1231
12;2025-11-03;12;1332
12;2025-11-03;13;1558
12;2025-11-03;14;1394
12;2025-11-03;15;1488
12;2025-11-03;16;1536
12;2025-11-03;17;1534
12;2025-11-03;18;1335
12;2025-11-03;19;1020
12;2025-11-03;20;784
12;2025-11-03;21;612
12;2025-11-03;22;389
12;2025-11-03;23;200
12;2025-11-04;0;80
12;2025-11-04;1;3
12;2025-11-04;2;0
12;2025-11-04;3;0
12;2025-11-04;4;3
12;2025-11-04;5;133
12;2025-11-04;6;528
12;2025-11-04;7;718
12;2025-11-04;8;708
12;2025-11-04;9;894
12;2025-11-04;10;1130
12;2025-11-04;11;1231
12;2025-11-04;12;1292
12;2025-11-04;13;1511
12;2025-11-04;14;1443
12;2025-11-04;15;1541
12;2025-11-04;16;1536
12;2025-11-04;17;1534
12;2025-11-04;18;1335
12;2025-11-04;19;1020
12;2025-11-04;20;784
12;2025-11-04;21;612
12;2025-11-04;22;389
12;2025-11-04;23;200
12;2025-11-05;0;55
12;2025-11-05;1;1
12;2025-11-05;2;0
12;2025-11-05;3;0
12;2025-11-05;4;7
12;2025-11-05;5;332
12;2025-11-05;6;1476
12;2025-11-05;7;2797
12;2025-11-05;8;3791
12;2025-11-05;9;2660
12;2025-11-05;10;2217
12;2025-11-05;11;2106
12;2025-11-05;12;2134
12;2025-11-05;13;2103
12;2025-11-05;14;2041
12;2025-11-05;15;2256
12;2025-11-05;16;2763
12;2025-11-05;17;3151
12;2025-11-05;18;3305
12;2025-11-05;19;2428
12;2025-11-05;20;1572
12;2025-11-05;21;1006
12;2025-11-05;22;502
12;2025-11-05;23;265
12;2025-11-06;0;55
12;2025-11-06;1;1
12;2025-11-06;2;0
12;2025-11-06;3;0
12;2025-11-06;4;7
12;2025-11-06;5;332
12;2025-11-06;6;1476
12;2025-11-06;7;2797
12;2025-11-06;8;3791
12;2025-11-06;9;2660
12;2025-11-06;10;2217
12;2025-11-06;11;2035
12;2025-11-06;12;2134
12;2025-11-06;13;2103
12;2025-11-06;14;2041
12;2025-11-06;15;2179
12;2025-11-06;16;2669
12;2025-11-06;17;3151
12;2025-11-06;18;3305
12;2025-11-06;19;2428
12;2025-11-06;20;1473
12;2025-11-06;21;1006
12;2025-11-06;22;502
12;2025-11-06;23;256
12;2025-11-07;0;58
12;2025-11-07;1;1
12;2025-11-07;2;0
12;2025-11-07;3;0
12;2025-11-07;4;4
12;2025-11-07;5;332
12;2025-11-07;6;1487
12;2025-11-07;7;2850
12;2025-11-07;8;3391
12;2025-11-07;9;2561
12;2025-11-07;10;1926
12;2025-11-07;11;1990
12;2025-11-07;12;2075
12;2025-11-07;13;2325
12;2025-11-07;14;2070
12;2025-11-07;15;2433
12;2025-11-07;16;3051
12;2025-11-07;17;3037
12;2025-11-07;18;2642
12;2025-11-07;19;2220
12;2025-11-07;20;1440
12;2025-11-07;21;1025
12;2025-11-07;22;532
12;2025-11-07;23;351
12;2025-11-08;0;74
12;2025-11-08;1;2
12;2025-11-08;2;0
12;2025-11-08;3;0
12;2025-11-08;4;1
12;2025-11-08;5;232
12;2025-11-08;6;792
12;2025-11-08;7;940
12;2025-11-08;8;1077
12;2025-11-08;9;1321
12;2025-11-08;10;1538
12;2025-11-08;11;1534
12;2025-11-08;12;1588
12;2025-11-08;13;1820
12;2025-11-08;14;1637
12;2025-11-08;15;1608
12;2025-11-08;16;1743
12;2025-11-08;17;1695
12;2025-11-08;18;1625
12;2025-11-08;19;1438
12;2025-11-08;20;928
12;2025-11-08;21;814
12;2025-11-08;22;412
12;2025-11-08;23;308
12;2025-11-09;0;83
12;2025-11-09;1;3
12;2025-11-09;2;0
12;2025-11-09;3;0
12;2025-11-09;4;3
12;2025-11-09;5;133
12;2025-11-09;6;528
12;2025-11-09;7;718
12;2025-11-09;8;733
12;2025-11-09;9;926
12;2025-11-09;10;1170
12;2025-11-09;11;1274
12;2025-11-09;12;1379
12;2025-11-09;13;1612
12;2025-11-09;14;1443
12;2025-11-09;15;1541
12;2025-11-09;16;1536
12;2025-11-09;17;1534
12;2025-11-09;18;1335
12;2025-11-09;19;1020
12;2025-11-09;20;784
12;2025-11-09;21;612
12;2025-11-09;22;389
12;2025-11-09;23;200
12;2025-11-10;0;57
12;2025-11-10;1;2
12;2025-11-10;2;0
12;2025-11-10;3;0
12;2025-11-10;4;7
12;2025-11-10;5;319
12;2025-11-10;6;1502
12;2025-11-10;7;2789
12;2025-11-10;8;3752
12;2025-11-10;9;2701
12;2025-11-10;10;2005
12;2025-11-10;11;1944
12;2025-11-10;12;2176
12;2025-11-10;13;2039
12;2025-11-10;14;2090
12;2025-11-10;15;2307
12;2025-11-10;16;2862
12;2025-11-10;17;3144
12;2025-11-10;18;3365
12;2025-11-10;19;2461
12;2025-11-10;20;1744
12;2025-11-10;21;1044
12;2025-11-10;22;481
12;2025-11-10;23;243
12;2025-11-11;0;55
12;2025-11-11;1;1
12;2025-11-11;2;0
12;2025-11-11;3;0
12;2025-11-11;4;7
12;2025-11-11;5;332
12;2025-11-11;6;1476
12;2025-11-11;7;2797
12;2025-11-11;8;3791
12;2025-11-11;9;2660
12;2025-11-11;10;2217
12;2025-11-11;11;2106
12;2025-11-11;12;2134
12;2025-11-11;13;2103
12;2025-11-11;14;2041
12;2025-11-11;15;2256
12;2025-11-11;16;2763
12;2025-11-11;17;3151
12;2025-11-11;18;3305
12;2025-11-11;19;2428
12;2025-11-11;20;1572
12;2025-11-11;21;1006
12;2025-11-11;22;502
12;2025-11-11;23;265
12;2025-11-12;0;55
12;2025-11-12;1;1
12;2025-11-12;2;0
12;2025-11-12;3;0
12;2025-11-12;4;7
12;2025-11-12;5;332
12;2025-11-12;6;1476
12;2025-11-12;7;2797
12;2025-11-12;8;3791
12;2025-11-12;9;2660
12;2025-11-12;10;2142
12;2025-11-12;11;2035
12;2025-11-12;12;2062
12;2025-11-12;13;2032
12;2025-11-12;14;1972
12;2025-11-12;15;2179
12;2025-11-12;16;2763
12;2025-11-12;17;3151
12;2025-11-12;18;3193
12;2025-11-12;19;2428
12;2025-11-12;20;1572
12;2025-11-12;21;1006
12;2025-11-12;22;502
12;2025-11-12;23;265
12;2025-11-13;0;55
12;2025-11-13;1;1
12;2025-11-13;2;0
12;2025-11-13;3;0
12;2025-11-13;4;7
12;2025-11-13;5;332
12;2025-11-13;6;1426
12;2025-11-13;7;2797
12;2025-11-13;8;3791
12;2025-11-13;9;2660
12;2025-11-13;10;2217
12;2025-11-13;11;2106
12;2025-11-13;12;2134
12;2025-11-13;13;2103
12;2025-11-13;14;2041
12;2025-11-13;15;2256
12;2025-11-13;16;2763
12;2025-11-13;17;3151
12;2025-11-13;18;3305
12;2025-11-13;19;2428
12;2025-11-13;20;1572
12;2025-11-13;21;1006
12;2025-11-13;22;502
12;2025-11-13;23;265
12;2025-11-14;0;58
12;2025-11-14;1;1
12;2025-11-14;2;0
12;2025-11-14;3;0
12;2025-11-14;4;4
12;2025-11-14;5;344
12;2025-11-14;6;1487
12;2025-11-14;7;2850
12;2025-11-14;8;3510
12;2025-11-14;9;2651
12;2025-11-14;10;1926
12;2025-11-14;11;1990
12;2025-11-14;12;2075
12;2025-11-14;13;2325
12;2025-11-14;14;2070
12;2025-11-14;15;2433
12;2025-11-14;16;3051
12;2025-11-14;17;3037
12;2025-11-14;18;2642
12;2025-11-14;19;2220
12;2025-11-14;20;1391
12;2025-11-14;21;990
12;2025-11-14;22;514
12;2025-11-14;23;339
12;2025-11-15;0;69
12;2025-11-15;1;2
12;2025-11-15;2;0
12;2025-11-15;3;0
12;2025-11-15;4;1
12;2025-11-15;5;218
12;2025-11-15;6;742
12;2025-11-15;7;881
12;2025-11-15;8;1009
12;2025-11-15;9;1237
12;2025-11-15;10;1441
12;2025-11-15;11;1438
12;2025-11-15;12;1534
12;2025-11-15;13;1758
12;2025-11-15;14;1637
12;2025-11-15;15;1608
12;2025-11-15;16;1743
12;2025-11-15;17;1695
12;2025-11-15;18;1625
12;2025-11-15;19;1438
12;2025-11-15;20;928
12;2025-11-15;21;814
12;2025-11-15;22;412
12;2025-11-15;23;308
12;2025-11-16;0;83
12;2025-11-16;1;3
12;2025-11-16;2;0
12;2025-11-16;3;0
12;2025-11-16;4;3
12;2025-11-16;5;133
12;2025-11-16;6;528
12;2025-11-16;7;718
12;2025-11-16;8;733
12;2025-11-16;9;926
12;2025-11-16;10;1170
12;2025-11-16;11;1274
12;2025-11-16;12;1379
12;2025-11-16;13;1612
12;2025-11-16;14;1443
12;2025-11-16;15;1541
12;2025-11-16;16;1536
12;2025-11-16;17;1534
12;2025-11-16;18;1335
12;2025-11-16;19;1020
12;2025-11-16;20;784
12;2025-11-16;21;612
12;2025-11-16;22;389
12;2025-11-16;23;200
12;2025-11-17;0;57
12;2025-11-17;1;2
12;2025-11-17;2;0
12;2025-11-17;3;0
12;2025-11-17;4;7
12;2025-11-17;5;319
12;2025-11-17;6;1502
12;2025-11-17;7;2789
12;2025-11-17;8;3752
12;2025-11-17;9;2701
12;2025-11-17;10;1936
12;2025-11-17;11;1878
12;2025-11-17;12;2102
12;2025-11-17;13;1910
12;2025-11-17;14;1958
12;2025-11-17;15;2228
12;2025-11-17;16;2765
12;2025-11-17;17;3037
12;2025-11-17;18;3365
12;2025-11-17;19;2461
12;2025-11-17;20;1744
12;2025-11-17;21;1009
12;2025-11-17;22;481
12;2025-11-17;23;243
12;2025-11-18;0;55
12;2025-11-18;1;1
12;2025-11-18;2;0
12;2025-11-18;3;0
12;2025-11-18;4;6
12;2025-11-18;5;311
12;2025-11-18;6;1426
12;2025-11-18;7;2797
12;2025-11-18;8;3662
12;2025-11-18;9;2492
12;2025-11-18;10;2078
12;2025-11-18;11;2035
12;2025-11-18;12;2062
12;2025-11-18;13;1971
12;2025-11-18;14;1913
12;2025-11-18;15;2179
12;2025-11-18;16;2763
12;2025-11-18;17;3151
12;2025-11-18;18;3193
12;2025-11-18;19;2345
12;2025-11-18;20;1518
12;2025-11-18;21;1006
12;2025-11-18;22;502
12;2025-11-18;23;265
12;2025-11-19;0;55
12;2025-11-19;1;1
12;2025-11-19;2;0
12;2025-11-19;3;0
12;2025-11-19;4;7
12;2025-11-19;5;332
12;2025-11-19;6;1476
12;2025-11-19;7;2797
12;2025-11-19;8;3791
12;2025-11-19;9;2660
12;2025-11-19;10;2217
12;2025-11-19;11;2106
12;2025-11-19;12;2134
12;2025-11-19;13;2103
12;2025-11-19;14;2041
12;2025-11-19;15;2256
12;2025-11-19;16;2763
12;2025-11-19;17;3151
12;2025-11-19;18;3305
12;2025-11-19;19;2428
12;2025-11-19;20;1572
12;2025-11-19;21;1006
12;2025-11-19;22;502
12;2025-11-19;23;265
12;2025-11-20;0;55
12;2025-11-20;1;1
12;2025-11-20;2;0
12;2025-11-20;3;0
12;2025-11-20;4;7
12;2025-11-20;5;332
12;2025-11-20;6;1476
12;2025-11-20;7;2797
12;2025-11-20;8;3791
12;2025-11-20;9;2660
12;2025-11-20;10;2217
12;2025-11-20;11;2106
12;2025-11-20;12;2134
12;2025-11-20;13;2103
12;2025-11-20;14;2041
12;2025-11-20;15;2256
12;2025-11-20;16;2763
12;2025-11-20;17;3151
12;2025-11-20;18;3305
12;2025-11-20;19;2428
12;2025-11-20;20;1572
12;2025-11-20;21;1006
12;2025-11-20;22;502
12;2025-11-20;23;265
12;2025-11-21;0;58
12;2025-11-21;1;1
12;2025-11-21;2;0
12;2025-11-21;3;0
12;2025-11-21;4;4
12;2025-11-21;5;332
12;2025-11-21;6;1436
12;2025-11-21;7;2753
12;2025-11-21;8;3510
12;2025-11-21;9;2651
12;2025-11-21;10;1926
12;2025-11-21;11;1990
12;2025-11-21;12;2004
12;2025-11-21;13;2325
12;2025-11-21;14;2070
12;2025-11-21;15;2433
12;2025-11-21;16;3051
12;2025-11-21;17;3037
12;2025-11-21;18;2642
12;2025-11-21;19;2220
12;2025-11-21;20;1440
12;2025-11-21;21;1025
12;2025-11-21;22;532
12;2025-11-21;23;351
12;2025-11-22;0;74
12;2025-11-22;1;2
12;2025-11-22;2;0
12;2025-11-22;3;0
12;2025-11-22;4;1
12;2025-11-22;5;218
12;2025-11-22;6;765
12;2025-11-22;7;908
12;2025-11-22;8;1040
12;2025-11-22;9;1276
12;2025-11-22;10;1538
12;2025-11-22;11;1534
12;2025-11-22;12;1588
12;2025-11-22;13;1820
12;2025-11-22;14;1637
12;2025-11-22;15;1608
12;2025-11-22;16;1743
12;2025-11-22;17;1695
12;2025-11-22;18;1625
12;2025-11-22;19;1438
12;2025-11-22;20;928
12;2025-11-22;21;786
12;2025-11-22;22;398
12;2025-11-22;23;297
12;2025-11-23;0;80
12;2025-11-23;1;3
12;2025-11-23;2;0
12;2025-11-23;3;0
12;2025-11-23;4;3
12;2025-11-23;5;133
12;2025-11-23;6;528
12;2025-11-23;7;718
12;2025-11-23;8;733
12;2025-11-23;9;926
12;2025-11-23;10;1170
12;2025-11-23;11;1274
12;2025-11-23;12;1379
12;2025-11-23;13;1612
12;2025-11-23;14;1443
12;2025-11-23;15;1541
12;2025-11-23;16;1536
12;2025-11-23;17;1534
12;2025-11-23;18;1335
12;2025-11-23;19;1020
12;2025-11-23;20;784
12;2025-11-23;21;612
12;2025-11-23;22;389
12;2025-11-23;23;200
12;2025-11-24;0;57
12;2025-11-24;1;2
12;2025-11-24;2;0
12;2025-11-24;3;0
12;2025-11-24;4;6
12;2025-11-24;5;299
12;2025-11-24;6;1408
12;2025-11-24;7;2694
12;2025-11-24;8;3624
12;2025-11-24;9;2609
12;2025-11-24;10;1878
12;2025-11-24;11;1821
12;2025-11-24;12;2102
12;2025-11-24;13;1969
12;2025-11-24;14;2019
12;2025-11-24;15;2228
12;2025-11-24;16;2862
12;2025-11-24;17;3144
12;2025-11-24;18;3365
12;2025-11-24;19;2461
12;2025-11-24;20;1744
12;2025-11-24;21;1044
12;2025-11-24;22;481
12;2025-11-24;23;243
12;2025-11-25;0;55
12;2025-11-25;1;1
12;2025-11-25;2;0
12;2025-11-25;3;0
12;2025-11-25;4;7
12;2025-11-25;5;332
12;2025-11-25;6;1476
12;2025-11-25;7;2797
12;2025-11-25;8;3791
12;2025-11-25;9;2660
12;2025-11-25;10;2217
12;2025-11-25;11;2106
12;2025-11-25;12;2134
12;2025-11-25;13;2103
12;2025-11-25;14;2041
12;2025-11-25;15;2256
12;2025-11-25;16;2763
12;2025-11-25;17;3151
12;2025-11-25;18;3305
12;2025-11-25;19;2428
12;2025-11-25;20;1572
12;2025-11-25;21;1006
12;2025-11-25;22;502
12;2025-11-25;23;265
12;2025-11-26;0;53
12;2025-11-26;1;0
12;2025-11-26;2;0
12;2025-11-26;3;0
12;2025-11-26;4;7
12;2025-11-26;5;311
12;2025-11-26;6;1383
12;2025-11-26;7;2701
12;2025-11-26;8;3662
12;2025-11-26;9;2569
12;2025-11-26;10;2142
12;2025-11-26;11;2035
12;2025-11-26;12;2062
12;2025-11-26;13;2032
12;2025-11-26;14;1972
12;2025-11-26;15;2179
12;2025-11-26;16;2669
12;2025-11-26;17;3044
12;2025-11-26;18;3193
12;2025-11-26;19;2345
12;2025-11-26;20;1518
12;2025-11-26;21;972
12;2025-11-26;22;485
12;2025-11-26;23;256
12;2025-11-27;0;53
12;2025-11-27;1;1
12;2025-11-27;2;0
12;2025-11-27;3;0
12;2025-11-27;4;7
12;2025-11-27;5;332
12;2025-11-27;6;1476
12;2025-11-27;7;2797
12;2025-11-27;8;3791
12;2025-11-27;9;2660
12;2025-11-27;10;2217
12;2025-11-27;11;2035
12;2025-11-27;12;2062
12;2025-11-27;13;2032
12;2025-11-27;14;1972
12;2025-11-27;15;2256
12;2025-11-27;16;2763
12;2025-11-27;17;3044
12;2025-11-27;18;3097
12;2025-11-27;19;2345
12;2025-11-27;20;1518
12;2025-11-27;21;972
12;2025-11-27;22;470
12;2025-11-27;23;248
12;2025-11-28;0;55
12;2025-11-28;1;1
12;2025-11-28;2;0
12;2025-11-28;3;0
12;2025-11-28;4;4
12;2025-11-28;5;332
12;2025-11-28;6;1487
12;2025-11-28;7;2850
12;2025-11-28;8;3510
12;2025-11-28;9;2651
12;2025-11-28;10;1926
12;2025-11-28;11;1990
12;2025-11-28;12;2075
12;2025-11-28;13;2325
12;2025-11-28;14;2070
12;2025-11-28;15;2433
12;2025-11-28;16;3051
12;2025-11-28;17;3037
12;2025-11-28;18;2642
12;2025-11-28;19;2220
12;2025-11-28;20;1440
12;2025-11-28;21;1025
12;2025-11-28;22;532
12;2025-11-28;23;351
12;2025-11-29;0;74
12;2025-11-29;1;2
12;2025-11-29;2;0
12;2025-11-29;3;0
12;2025-11-29;4;2
12;2025-11-29;5;232
12;2025-11-29;6;792
12;2025-11-29;7;940
12;2025-11-29;8;1077
12;2025-11-29;9;1321
12;2025-11-29;10;1538
12;2025-11-29;11;1534
12;2025-11-29;12;1588
12;2025-11-29;13;1820
12;2025-11-29;14;1637
12;2025-11-29;15;1608
12;2025-11-29;16;1743
12;2025-11-29;17;1695
12;2025-11-29;18;1625
12;2025-11-29;19;1438
12;2025-11-29;20;928
12;2025-11-29;21;814
12;2025-11-29;22;412
12;2025-11-29;23;308
12;2025-11-30;0;80
12;2025-11-30;1;3
12;2025-11-30;2;0
12;2025-11-30;3;0
12;2025-11-30;4;3
12;2025-11-30;5;133
12;2025-11-30;6;528
12;2025-11-30;7;718
12;2025-11-30;8;733
12;2025-11-30;9;926
12;2025-11-30;10;1170
12;2025-11-30;11;1274
12;2025-11-30;12;1379
12;2025-11-30;13;1612
12;2025-11-30;14;1443
12;2025-11-30;15;1541
12;2025-11-30;16;1536
12;2025-11-30;17;1534
12;2025-11-30;18;1335
12;2025-11-30;19;1020
12;2025-11-30;20;784
12;2025-11-30;21;612
12;2025-11-30;22;389
12;2025-11-30;23;200
12;2025-12-01;0;57
12;2025-12-01;1;2
12;2025-12-01;2;0
12;2025-12-01;3;0
12;2025-12-01;4;7
12;2025-12-01;5;319
12;2025-12-01;6;1502
12;2025-12-01;7;2789
12;2025-12-01;8;3752
12;2025-12-01;9;2701
12;2025-12-01;10;2005
12;2025-12-01;11;1944
12;2025-12-01;12;2176
12;2025-12-01;13;2039
12;2025-12-01;14;2090
12;2025-12-01;15;2307
12;2025-12-01;16;2862
12;2025-12-01;17;3144
12;2025-12-01;18;3365
12;2025-12-01;19;2461
12;2025-12-01;20;1744
12;2025-12-01;21;1044
12;2025-12-01;22;481
12;2025-12-01;23;243
12;2025-12-02;0;55
12;2025-12-02;1;1
12;2025-12-02;2;0
12;2025-12-02;3;0
12;2025-12-02;4;7
12;2025-12-02;5;332
12;2025-12-02;6;1476
12;2025-12-02;7;2797
12;2025-12-02;8;3791
12;2025-12-02;9;2660
12;2025-12-02;10;2217
12;2025-12-02;11;2106
12;2025-12-02;12;2134
12;2025-12-02;13;2103
12;2025-12-02;14;2041
12;2025-12-02;15;2256
12;2025-12-02;16;2763
12;2025-12-02;17;3151
12;2025-12-02;18;3305
12;2025-12-02;19;2428
12;2025-12-02;20;1572
12;2025-12-02;21;1006
12;2025-12-02;22;502
12;2025-12-02;23;265
12;2025-12-03;0;55
12;2025-12-03;1;1
12;2025-12-03;2;0
12;2025-12-03;3;0
12;2025-12-03;4;7
12;2025-12-03;5;332
12;2025-12-03;6;1476
12;2025-12-03;7;2797
12;2025-12-03;8;3791
12;2025-12-03;9;2660
12;2025-12-03;10;2217
12;2025-12-03;11;2106
12;2025-12-03;12;2134
12;2025-12-03;13;2103
12;2025-12-03;14;2041
12;2025-12-03;15;2256
12;2025-12-03;16;2763
12;2025-12-03;17;3151
12;2025-12-03;18;3305
12;2025-12-03;19;2428
12;2025-12-03;20;1572
12;2025-12-03;21;1006
12;2025-12-03;22;502
12;2025-12-03;23;265
12;2025-12-04;0;55
12;2025-12-04;1;1
12;2025-12-04;2;0
12;2025-12-04;3;0
12;2025-12-04;4;7
12;2025-12-04;5;332
12;2025-12-04;6;1476
12;2025-12-04;7;2797
12;2025-12-04;8;3791
12;2025-12-04;9;2660
12;2025-12-04;10;2217
12;2025-12-04;11;2106
12;2025-12-04;12;2134
12;2025-12-04;13;2103
12;2025-12-04;14;2041
12;2025-12-04;15;2256
12;2025-12-04;16;2763
12;2025-12-04;17;3151
12;2025-12-04;18;3305
12;2025-12-04;19;2428
12;2025-12-04;20;1572
12;2025-12-04;21;1006
12;2025-12-04;22;502
12;2025-12-04;23;265
12;2025-12-05;0;58
12;2025-12-05;1;1
12;2025-12-05;2;0
12;2025-12-05;3;0
12;2025-12-05;4;4
12;2025-12-05;5;344
12;2025-12-05;6;1487
12;2025-12-05;7;2850
12;2025-12-05;8;3510
12;2025-12-05;9;2651
12;2025-12-05;10;1926
12;2025-12-05;11;1990
12;2025-12-05;12;2075
12;2025-12-05;13;2325
12;2025-12-05;14;2070
12;2025-12-05;15;2433
12;2025-12-05;16;3051
12;2025-12-05;17;3037
12;2025-12-05;18;2642
12;2025-12-05;19;2220
12;2025-12-05;20;1440
12;2025-12-05;21;1025
12;2025-12-05;22;532
12;2025-12-05;23;351
12;2025-12-06;0;74
12;2025-12-06;1;2
12;2025-12-06;2;0
12;2025-12-06;3;0
12;2025-12-06;4;2
12;2025-12-06;5;232
12;2025-12-06;6;792
12;2025-12-06;7;940
12;2025-12-06;8;1077
12;2025-12-06;9;1321
12;2025-12-06;10;1538
12;2025-12-06;11;1534
12;2025-12-06;12;1588
12;2025-12-06;13;1820
12;2025-12-06;14;1637
12;2025-12-06;15;1608
12;2025-12-06;16;1743
12;2025-12-06;17;1695
12;2025-12-06;18;1625
12;2025-12-06;19;1438
12;2025-12-06;20;928
12;2025-12-06;21;814
12;2025-12-06;22;412
12;2025-12-06;23;308
12;2025-12-07;0;83
12;2025-12-07;1;3
12;2025-12-07;2;0
12;2025-12-07;3;0
12;2025-12-07;4;3
12;2025-12-07;5;133
12;2025-12-07;6;528
12;2025-12-07;7;718
12;2025-12-07;8;733
12;2025-12-07;9;926
12;2025-12-07;10;1170
12;2025-12-07;11;1274
12;2025-12-07;12;1379
12;2025-12-07;13;1612
12;2025-12-07;14;1443
12;2025-12-07;15;1541
12;2025-12-07;16;1536
12;2025-12-07;17;1534
12;2025-12-07;18;1335
12;2025-12-07;19;1020
12;2025-12-07;20;784
12;2025-12-07;21;612
12;2025-12-07;22;389
12;2025-12-07;23;200
12;2025-12-08;0;57
12;2025-12-08;1;2
12;2025-12-08;2;0
12;2025-12-08;3;0
12;2025-12-08;4;7
12;2025-12-08;5;319
12;2025-12-08;6;1502
12;2025-12-08;7;2789
12;2025-12-08;8;3752
12;2025-12-08;9;2701
12;2025-12-08;10;2005
12;2025-12-08;11;1944
12;2025-12-08;12;2176
12;2025-12-08;13;2039
12;2025-12-08;14;2090
12;2025-12-08;15;2307
12;2025-12-08;16;2862
12;2025-12-08;17;3144
12;2025-12-08;18;3365
12;2025-12-08;19;2461
12;2025-12-08;20;1744
12;2025-12-08;21;1044
12;2025-12-08;22;481
12;2025-12-08;23;243
12;2025-12-09;0;55
12;2025-12-09;1;1
12;2025-12-09;2;0
12;2025-12-09;3;0
12;2025-12-09;4;7
12;2025-12-09;5;332
12;2025-12-09;6;1476
12;2025-12-09;7;2797
12;2025-12-09;8;3791
12;2025-12-09;9;2660
12;2025-12-09;10;2217
12;2025-12-09;11;2106
12;2025-12-09;12;2134
12;2025-12-09;13;2103
12;2025-12-09;14;2041
12;2025-12-09;15;2256
12;2025-12-09;16;2763
12;2025-12-09;17;3151
12;2025-12-09;18;3305
12;2025-12-09;19;2428
12;2025-12-09;20;1572
12;2025-12-09;21;1006
12;2025-12-09;22;485
12;2025-12-09;23;256
12;2025-12-10;0;53
12;2025-12-10;1;0
12;2025-12-10;2;0
12;2025-12-10;3;0
12;2025-12-10;4;7
12;2025-12-10;5;321
12;2025-12-10;6;1426
12;2025-12-10;7;2701
12;2025-12-10;8;3662
12;2025-12-10;9;2569
12;2025-12-10;10;2142
12;2025-12-10;11;2035
12;2025-12-10;12;2134
12;2025-12-10;13;2103
12;2025-12-10;14;2041
12;2025-12-10;15;2256
12;2025-12-10;16;2763
12;2025-12-10;17;3151
12;2025-12-10;18;3305
12;2025-12-10;19;2428
12;2025-12-10;20;1572
12;2025-12-10;21;1006
12;2025-12-10;22;502
12;2025-12-10;23;265
12;2025-12-11;0;55
12;2025-12-11;1;1
12;2025-12-11;2;0
12;2025-12-11;3;0
12;2025-12-11;4;7
12;2025-12-11;5;332
12;2025-12-11;6;1476
12;2025-12-11;7;2797
12;2025-12-11;8;3552
12;2025-12-11;9;2569
12;2025-12-11;10;2142
12;2025-12-11;11;2035
12;2025-12-11;12;2062
12;2025-12-11;13;2032
12;2025-12-11;14;2041
12;2025-12-11;15;2179
12;2025-12-11;16;2669
12;2025-12-11;17;3044
12;2025-12-11;18;3193
12;2025-12-11;19;2345
12;2025-12-11;20;1518
12;2025-12-11;21;972
12;2025-12-11;22;485
12;2025-12-11;23;265
12;2025-12-12;0;58
12;2025-12-12;1;1
12;2025-12-12;2;0
12;2025-12-12;3;0
12;2025-12-12;4;4
12;2025-12-12;5;344
12;2025-12-12;6;1436
12;2025-12-12;7;2850
12;2025-12-12;8;3391
12;2025-12-12;9;2651
12;2025-12-12;10;1861
12;2025-12-12;11;1990
12;2025-12-12;12;2004
12;2025-12-12;13;2178
12;2025-12-12;14;1940
12;2025-12-12;15;2280
12;2025-12-12;16;2947
12;2025-12-12;17;2934
12;2025-12-12;18;2642
12;2025-12-12;19;2220
12;2025-12-12;20;1440
12;2025-12-12;21;1025
12;2025-12-12;22;514
12;2025-12-12;23;339
12;2025-12-13;0;74
12;2025-12-13;1;2
12;2025-12-13;2;0
12;2025-12-13;3;0
12;2025-12-13;4;1
12;2025-12-13;5;224
12;2025-12-13;6;792
12;2025-12-13;7;908
12;2025-12-13;8;1077
12;2025-12-13;9;1321
12;2025-12-13;10;1538
12;2025-12-13;11;1534
12;2025-12-13;12;1588
12;2025-12-13;13;1820
12;2025-12-13;14;1637
12;2025-12-13;15;1608
12;2025-12-13;16;1743
12;2025-12-13;17;1695
12;2025-12-13;18;1625
12;2025-12-13;19;1438
12;2025-12-13;20;897
12;2025-12-13;21;786
12;2025-12-13;22;412
12;2025-12-13;23;297
12;2025-12-14;0;80
12;2025-12-14;1;3
12;2025-12-14;2;0
12;2025-12-14;3;0
12;2025-12-14;4;3
12;2025-12-14;5;133
12;2025-12-14;6;528
12;2025-12-14;7;718
12;2025-12-14;8;708
12;2025-12-14;9;926
12;2025-12-14;10;1170
12;2025-12-14;11;1274
12;2025-12-14;12;1379
12;2025-12-14;13;1612
12;2025-12-14;14;1443
12;2025-12-14;15;1541
12;2025-12-14;16;1536
12;2025-12-14;17;1534
12;2025-12-14;18;1335
12;2025-12-14;19;1020
12;2025-12-14;20;784
12;2025-12-14;21;612
12;2025-12-14;22;389
12;2025-12-14;23;200
12;2025-12-15;0;57
12;2025-12-15;1;2
12;2025-12-15;2;0
12;2025-12-15;3;0
12;2025-12-15;4;7
12;2025-12-15;5;319
12;2025-12-15;6;1502
12;2025-12-15;7;2789
12;2025-12-15;8;3752
12;2025-12-15;9;2701
12;2025-12-15;10;2005
12;2025-12-15;11;1878
12;2025-12-15;12;2176
12;2025-12-15;13;2039
12;2025-12-15;14;2090
12;2025-12-15;15;2307
12;2025-12-15;16;2862
12;2025-12-15;17;3144
12;2025-12-15;18;3365
12;2025-12-15;19;2461
12;2025-12-15;20;1744
12;2025-12-15;21;1044
12;2025-12-15;22;481
12;2025-12-15;23;243
12;2025-12-16;0;55
12;2025-12-16;1;1
12;2025-12-16;2;0
12;2025-12-16;3;0
12;2025-12-16;4;7
12;2025-12-16;5;332
12;2025-12-16;6;1476
12;2025-12-16;7;2797
12;2025-12-16;8;3791
12;2025-12-16;9;2660
12;2025-12-16;10;2142
12;2025-12-16;11;2035
12;2025-12-16;12;2062
12;2025-12-16;13;1971
12;2025-12-16;14;1972
12;2025-12-16;15;2256
12;2025-12-16;16;2763
12;2025-12-16;17;3151
12;2025-12-16;18;3305
12;2025-12-16;19;2428
12;2025-12-16;20;1572
12;2025-12-16;21;1006
12;2025-12-16;22;502
12;2025-12-16;23;265
12;2025-12-17;0;53
12;2025-12-17;1;1
12;2025-12-17;2;0
12;2025-12-17;3;0
12;2025-12-17;4;7
12;2025-12-17;5;332
12;2025-12-17;6;1476
12;2025-12-17;7;2797
12;2025-12-17;8;3791
12;2025-12-17;9;2660
12;2025-12-17;10;2217
12;2025-12-17;11;2106
12;2025-12-17;12;2134
12;2025-12-17;13;2103
12;2025-12-17;14;2041
12;2025-12-17;15;2256
12;2025-12-17;16;2763
12;2025-12-17;17;3151
12;2025-12-17;18;3305
12;2025-12-17;19;2428
12;2025-12-17;20;1572
12;2025-12-17;21;1006
12;2025-12-17;22;502
12;2025-12-17;23;265
12;2025-12-18;0;55
12;2025-12-18;1;1
12;2025-12-18;2;0
12;2025-12-18;3;0
12;2025-12-18;4;7
12;2025-12-18;5;332
12;2025-12-18;6;1476
12;2025-12-18;7;2797
12;2025-12-18;8;3791
12;2025-12-18;9;2660
12;2025-12-18;10;2217
12;2025-12-18;11;2106
12;2025-12-18;12;2134
12;2025-12-18;13;2103
12;2025-12-18;14;2041
12;2025-12-18;15;2256
12;2025-12-18;16;2763
12;2025-12-18;17;3151
12;2025-12-18;18;3305
12;2025-12-18;19;2428
12;2025-12-18;20;1572
12;2025-12-18;21;1006
12;2025-12-18;22;502
12;2025-12-18;23;265
12;2025-12-19;0;58
12;2025-12-19;1;1
12;2025-12-19;2;0
12;2025-12-19;3;0
12;2025-12-19;4;4
12;2025-12-19;5;344
12;2025-12-19;6;1487
12;2025-12-19;7;2850
12;2025-12-19;8;3510
12;2025-12-19;9;2651
12;2025-12-19;10;1926
12;2025-12-19;11;1990
12;2025-12-19;12;2075
12;2025-12-19;13;2325
12;2025-12-19;14;2070
12;2025-12-19;15;2433
12;2025-12-19;16;3051
12;2025-12-19;17;2934
12;2025-12-19;18;2552
12;2025-12-19;19;2220
12;2025-12-19;20;1440
12;2025-12-19;21;1025
12;2025-12-19;22;532
12;2025-12-19;23;351
12;2025-12-20;0;74
12;2025-12-20;1;2
12;2025-12-20;2;0
12;2025-12-20;3;0
12;2025-12-20;4;2
12;2025-12-20;5;232
12;2025-12-20;6;792
12;2025-12-20;7;940
12;2025-12-20;8;1077
12;2025-12-20;9;1321
12;2025-12-20;10;1538
12;2025-12-20;11;1534
12;2025-12-20;12;1588
12;2025-12-20;13;1820
12;2025-12-20;14;1637
12;2025-12-20;15;1608
12;2025-12-20;16;1743
12;2025-12-20;17;1695
12;2025-12-20;18;1625
12;2025-12-20;19;1438
12;2025-12-20;20;928
12;2025-12-20;21;814
12;2025-12-20;22;412
12;2025-12-20;23;308
12;2025-12-21;0;83
12;2025-12-21;1;3
12;2025-12-21;2;0
12;2025-12-21;3;0
12;2025-12-21;4;3
12;2025-12-21;5;133
12;2025-12-21;6;510
12;2025-12-21;7;693
12;2025-12-21;8;733
12;2025-12-21;9;926
12;2025-12-21;10;1170
12;2025-12-21;11;1274
12;2025-12-21;12;1379
12;2025-12-21;13;1612
12;2025-12-21;14;1443
12;2025-12-21;15;1541
12;2025-12-21;16;1536
12;2025-12-21;17;1534
12;2025-12-21;18;1335
12;2025-12-21;19;1020
12;2025-12-21;20;784
12;2025-12-21;21;612
12;2025-12-21;22;376
12;2025-12-21;23;200
12;2025-12-22;0;55
12;2025-12-22;1;2
12;2025-12-22;2;0
12;2025-12-22;3;0
12;2025-12-22;4;7
12;2025-12-22;5;319
12;2025-12-22;6;1502
12;2025-12-22;7;2789
12;2025-12-22;8;3752
12;2025-12-22;9;2609
12;2025-12-22;10;1936
12;2025-12-22;11;1878
12;2025-12-22;12;2102
12;2025-12-22;13;2039
12;2025-12-22;14;2090
12;2025-12-22;15;2228
12;2025-12-22;16;2862
12;2025-12-22;17;3144
12;2025-12-22;18;3251
12;2025-12-22;19;2461
12;2025-12-22;20;1744
12;2025-12-22;21;1044
12;2025-12-22;22;465
12;2025-12-22;23;234
12;2025-12-23;0;55
12;2025-12-23;1;1
12;2025-12-23;2;0
12;2025-12-23;3;0
12;2025-12-23;4;7
12;2025-12-23;5;332
12;2025-12-23;6;1476
12;2025-12-23;7;2797
12;2025-12-23;8;3791
12;2025-12-23;9;2660
12;2025-12-23;10;2217
12;2025-12-23;11;2106
12;2025-12-23;12;2134
12;2025-12-23;13;2103
12;2025-12-23;14;2041
12;2025-12-23;15;2256
12;2025-12-23;16;2763
12;2025-12-23;17;3151
12;2025-12-23;18;3305
12;2025-12-23;19;2428
12;2025-12-23;20;1572
12;2025-12-23;21;1006
12;2025-12-23;22;502
12;2025-12-23;23;265
12;2025-12-24;0;55
12;2025-12-24;1;1
12;2025-12-24;2;0
12;2025-12-24;3;0
12;2025-12-24;4;7
12;2025-12-24;5;332
12;2025-12-24;6;1476
12;2025-12-24;7;2797
12;2025-12-24;8;3791
12;2025-12-24;9;2660
12;2025-12-24;10;2217
12;2025-12-24;11;2106
12;2025-12-24;12;2062
12;2025-12-24;13;2032
12;2025-12-24;14;2041
12;2025-12-24;15;2179
12;2025-12-24;16;2763
12;2025-12-24;17;3151
12;2025-12-24;18;3193
12;2025-12-24;19;2428
12;2025-12-24;20;1572
12;2025-12-24;21;972
12;2025-12-24;22;485
12;2025-12-24;23;256
12;2025-12-25;0;53
12;2025-12-25;1;0
12;2025-12-25;2;0
12;2025-12-25;3;0
12;2025-12-25;4;7
12;2025-12-25;5;332
12;2025-12-25;6;1426
12;2025-12-25;7;2797
12;2025-12-25;8;3791
12;2025-12-25;9;2660
12;2025-12-25;10;2217
12;2025-12-25;11;2106
12;2025-12-25;12;2134
12;2025-12-25;13;2103
12;2025-12-25;14;2041
12;2025-12-25;15;2256
12;2025-12-25;16;2763
12;2025-12-25;17;3044
12;2025-12-25;18;3193
12;2025-12-25;19;2345
12;2025-12-25;20;1518
12;2025-12-25;21;972
12;2025-12-25;22;470
12;2025-12-25;23;248
12;2025-12-26;0;55
12;2025-12-26;1;1
12;2025-12-26;2;0
12;2025-12-26;3;0
12;2025-12-26;4;4
12;2025-12-26;5;332
12;2025-12-26;6;1393
12;2025-12-26;7;2753
12;2025-12-26;8;3391
12;2025-12-26;9;2561
12;2025-12-26;10;1861
12;2025-12-26;11;1865
12;2025-12-26;12;2004
12;2025-12-26;13;2246
12;2025-12-26;14;2000
12;2025-12-26;15;2351
12;2025-12-26;16;2947
12;2025-12-26;17;2934
12;2025-12-26;18;2552
12;2025-12-26;19;2145
12;2025-12-26;20;1391
12;2025-12-26;21;990
12;2025-12-26;22;514
12;2025-12-26;23;351
12;2025-12-27;0;74
12;2025-12-27;1;2
12;2025-12-27;2;0
12;2025-12-27;3;0
12;2025-12-27;4;2
12;2025-12-27;5;232
12;2025-12-27;6;792
12;2025-12-27;7;940
12;2025-12-27;8;1077
12;2025-12-27;9;1276
12;2025-12-27;10;1538
12;2025-12-27;11;1534
12;2025-12-27;12;1588
12;2025-12-27;13;1820
12;2025-12-27;14;1637
12;2025-12-27;15;1608
12;2025-12-27;16;1743
12;2025-12-27;17;1695
12;2025-12-27;18;1625
12;2025-12-27;19;1438
12;2025-12-27;20;928
12;2025-12-27;21;786
12;2025-12-27;22;398
12;2025-12-27;23;297
12;2025-12-28;0;80
12;2025-12-28;1;3
12;2025-12-28;2;0
12;2025-12-28;3;0
12;2025-12-28;4;3
12;2025-12-28;5;129
12;2025-12-28;6;510
12;2025-12-28;7;693
12;2025-12-28;8;708
12;2025-12-28;9;894
12;2025-12-28;10;1130
12;2025-12-28;11;1231
12;2025-12-28;12;1332
12;2025-12-28;13;1558
12;2025-12-28;14;1394
12;2025-12-28;15;1488
12;2025-12-28;16;1536
12;2025-12-28;17;1534
12;2025-12-28;18;1335
12;2025-12-28;19;1020
12;2025-12-28;20;757
12;2025-12-28;21;591
12;2025-12-28;22;376
12;2025-12-28;23;200
12;2025-12-29;0;48
12;2025-12-29;1;2
12;2025-12-29;2;0
12;2025-12-29;3;0
12;2025-12-29;4;5
12;2025-12-29;5;262
12;2025-12-29;6;1277
12;2025-12-29;7;2370
12;2025-12-29;8;3080
12;2025-12-29;9;2218
12;2025-12-29;10;1646
12;2025-12-29;11;1596
12;2025-12-29;12;1787
12;2025-12-29;13;1674
12;2025-12-29;14;1716
12;2025-12-29;15;1894
12;2025-12-29;16;2350
12;2025-12-29;17;2581
12;2025-12-29;18;2763
12;2025-12-29;19;2021
12;2025-12-29;20;1432
12;2025-12-29;21;857
12;2025-12-29;22;395
12;2025-12-29;23;199
12;2025-12-30;0;45
12;2025-12-30;1;0
12;2025-12-30;2;0
12;2025-12-30;3;0
12;2025-12-30;4;6
12;2025-12-30;5;273
12;2025-12-30;6;1212
12;2025-12-30;7;2296
12;2025-12-30;8;3113
12;2025-12-30;9;2184
12;2025-12-30;10;1821
12;2025-12-30;11;1729
12;2025-12-30;12;1753
12;2025-12-30;13;1727
12;2025-12-30;14;1676
12;2025-12-30;15;1852
12;2025-12-30;16;2269
12;2025-12-30;17;2587
12;2025-12-30;18;2714
12;2025-12-30;19;1994
12;2025-12-30;20;1291
12;2025-12-30;21;826
12;2025-12-30;22;412
12;2025-12-30;23;218
12;2025-12-31;0;68
12;2025-12-31;1;2
12;2025-12-31;2;0
12;2025-12-31;3;0
12;2025-12-31;4;3
12;2025-12-31;5;110
12;2025-12-31;6;434
12;2025-12-31;7;589
12;2025-12-31;8;602
12;2025-12-31;9;760
12;2025-12-31;10;961
12;2025-12-31;11;1046
12;2025-12-31;12;1172
12;2025-12-31;13;1324
12;2025-12-31;14;1185
12;2025-12-31;15;1265
12;2025-12-31;16;1306
12;2025-12-31;17;1304
12;2025-12-31;18;1097
12;2025-12-31;19;837
12;2025-12-31;20;666
12;2025-12-31;21;520
12;2025-12-31;22;320
12;2025-12-31;23;164
17;2025-11-01;0;133
17;2025-11-01;1;16
17;2025-11-01;2;0
17;2025-11-01;3;0
17;2025-11-01;4;21
17;2025-11-01;5;282
17;2025-11-01;6;1374
17;2025-11-01;7;3745
17;2025-11-01;8;4755
17;2025-11-01;9;3411
17;2025-11-01;10;2722
17;2025-11-01;11;2792
17;2025-11-01;12;2724
17;2025-11-01;13;2824
17;2025-11-01;14;2922
17;2025-11-01;15;3130
17;2025-11-01;16;3804
17;2025-11-01;17;4313
17;2025-11-01;18;3955
17;2025-11-01;19;2879
17;2025-11-01;20;2137
17;2025-11-01;21;1429
17;2025-11-01;22;653
17;2025-11-01;23;440
17;2025-11-02;0;186
17;2025-11-02;1;24
17;2025-11-02;2;0
17;2025-11-02;3;0
17;2025-11-02;4;2
17;2025-11-02;5;110
17;2025-11-02;6;443
17;2025-11-02;7;872
17;2025-11-02;8;1276
17;2025-11-02;9;1731
17;2025-11-02;10;2037
17;2025-11-02;11;2644
17;2025-11-02;12;2959
17;2025-11-02;13;3122
17;2025-11-02;14;3397
17;2025-11-02;15;3311
17;2025-11-02;16;3212
17;2025-11-02;17;3063
17;2025-11-02;18;2628
17;2025-11-02;19;2099
17;2025-11-02;20;1555
17;2025-11-02;21;1147
17;2025-11-02;22;696
17;2025-11-02;23;322
17;2025-11-03;0;186
17;2025-11-03;1;24
17;2025-11-03;2;0
17;2025-11-03;3;0
17;2025-11-03;4;2
17;2025-11-03;5;110
17;2025-11-03;6;443
17;2025-11-03;7;872
17;2025-11-03;8;1276
17;2025-11-03;9;1731
17;2025-11-03;10;2037
17;2025-11-03;11;2554
17;2025-11-03;12;2858
17;2025-11-03;13;3122
17;2025-11-03;14;3281
17;2025-11-03;15;3198
17;2025-11-03;16;3212
17;2025-11-03;17;3063
17;2025-11-03;18;2628
17;2025-11-03;19;2099
17;2025-11-03;20;1555
17;2025-11-03;21;1147
17;2025-11-03;22;696
17;2025-11-03;23;322
17;2025-11-04;0;180
17;2025-11-04;1;24
17;2025-11-04;2;0
17;2025-11-04;3;0
17;2025-11-04;4;2
17;2025-11-04;5;110
17;2025-11-04;6;443
17;2025-11-04;7;872
17;2025-11-04;8;1233
17;2025-11-04;9;1672
17;2025-11-04;10;1968
17;2025-11-04;11;2554
17;2025-11-04;12;2772
17;2025-11-04;13;3028
17;2025-11-04;14;3397
17;2025-11-04;15;3311
17;2025-11-04;16;3212
17;2025-11-04;17;3063
17;2025-11-04;18;2628
17;2025-11-04;19;2099
17;2025-11-04;20;1555
17;2025-11-04;21;1147
17;2025-11-04;22;696
17;2025-11-04;23;322
17;2025-11-05;0;122
17;2025-11-05;1;11
17;2025-11-05;2;0
17;2025-11-05;3;0
17;2025-11-05;4;26
17;2025-11-05;5;325
17;2025-11-05;6;1581
17;2025-11-05;7;4395
17;2025-11-05;8;5556
17;2025-11-05;9;4000
17;2025-11-05;10;3167
17;2025-11-05;11;3134
17;2025-11-05;12;3151
17;2025-11-05;13;3165
17;2025-11-05;14;3307
17;2025-11-05;15;3372
17;2025-11-05;16;3761
17;2025-11-05;17;4658
17;2025-11-05;18;4962
17;2025-11-05;19;3439
17;2025-11-05;20;2410
17;2025-11-05;21;1496
17;2025-11-05;22;718
17;2025-11-05;23;389
17;2025-11-06;0;122
17;2025-11-06;1;11
17;2025-11-06;2;0
17;2025-11-06;3;0
17;2025-11-06;4;26
17;2025-11-06;5;325
17;2025-11-06;6;1581
17;2025-11-06;7;4395
17;2025-11-06;8;5556
17;2025-11-06;9;4000
17;2025-11-06;10;3167
17;2025-11-06;11;3027
17;2025-11-06;12;3151
17;2025-11-06;13;3165
17;2025-11-06;14;3307
17;2025-11-06;15;3257
17;2025-11-06;16;3633
17;2025-11-06;17;4658
17;2025-11-06;18;4962
17;2025-11-06;19;3439
17;2025-11-06;20;2258
17;2025-11-06;21;1496
17;2025-11-06;22;718
17;2025-11-06;23;376
17;2025-11-07;0;150
17;2025-11-07;1;18
17;2025-11-07;2;0
17;2025-11-07;3;0
17;2025-11-07;4;24
17;2025-11-07;5;307
17;2025-11-07;6;1546
17;2025-11-07;7;4215
17;2025-11-07;8;5170
17;2025-11-07;9;3709
17;2025-11-07;10;3064
17;2025-11-07;11;3143
17;2025-11-07;12;3066
17;2025-11-07;13;3179
17;2025-11-07;14;3289
17;2025-11-07;15;3523
17;2025-11-07;16;4281
17;2025-11-07;17;4854
17;2025-11-07;18;4452
17;2025-11-07;19;3241
17;2025-11-07;20;2406
17;2025-11-07;21;1608
17;2025-11-07;22;735
17;2025-11-07;23;495
17;2025-11-08;0;212
17;2025-11-08;1;28
17;2025-11-08;2;0
17;2025-11-08;3;0
17;2025-11-08;4;5
17;2025-11-08;5;137
17;2025-11-08;6;608
17;2025-11-08;7;1292
17;2025-11-08;8;1836
17;2025-11-08;9;2340
17;2025-11-08;10;2634
17;2025-11-08;11;3130
17;2025-11-08;12;3494
17;2025-11-08;13;3720
17;2025-11-08;14;3713
17;2025-11-08;15;3739
17;2025-11-08;16;3745
17;2025-11-08;17;3391
17;2025-11-08;18;3109
17;2025-11-08;19;2427
17;2025-11-08;20;1915
17;2025-11-08;21;1365
17;2025-11-08;22;829
17;2025-11-08;23;459
17;2025-11-09;0;186
17;2025-11-09;1;24
17;2025-11-09;2;0
17;2025-11-09;3;0
17;2025-11-09;4;2
17;2025-11-09;5;110
17;2025-11-09;6;443
17;2025-11-09;7;872
17;2025-11-09;8;1276
17;2025-11-09;9;1731
17;2025-11-09;10;2037
17;2025-11-09;11;2644
17;2025-11-09;12;2959
17;2025-11-09;13;3232
17;2025-11-09;14;3397
17;2025-11-09;15;3311
17;2025-11-09;16;3212
17;2025-11-09;17;3063
17;2025-11-09;18;2628
17;2025-11-09;19;2099
17;2025-11-09;20;1555
17;2025-11-09;21;1147
17;2025-11-09;22;696
17;2025-11-09;23;322
17;2025-11-10;0;129
17;2025-11-10;1;15
17;2025-11-10;2;0
17;2025-11-10;3;0
17;2025-11-10;4;27
17;2025-11-10;5;317
17;2025-11-10;6;1638
17;2025-11-10;7;4481
17;2025-11-10;8;5774
17;2025-11-10;9;4065
17;2025-11-10;10;3120
17;2025-11-10;11;3041
17;2025-11-10;12;3038
17;2025-11-10;13;3177
17;2025-11-10;14;3187
17;2025-11-10;15;3337
17;2025-11-10;16;3836
17;2025-11-10;17;4407
17;2025-11-10;18;4747
17;2025-11-10;19;3278
17;2025-11-10;20;2258
17;2025-11-10;21;1420
17;2025-11-10;22;645
17;2025-11-10;23;342
17;2025-11-11;0;122
17;2025-11-11;1;11
17;2025-11-11;2;0
17;2025-11-11;3;0
17;2025-11-11;4;26
17;2025-11-11;5;325
17;2025-11-11;6;1581
17;2025-11-11;7;4395
17;2025-11-11;8;5556
17;2025-11-11;9;4000
17;2025-11-11;10;3167
17;2025-11-11;11;3134
17;2025-11-11;12;3151
17;2025-11-11;13;3165
17;2025-11-11;14;3307
17;2025-11-11;15;3372
17;2025-11-11;16;3761
17;2025-11-11;17;4658
17;2025-11-11;18;4962
17;2025-11-11;19;3439
17;2025-11-11;20;2410
17;2025-11-11;21;1496
17;2025-11-11;22;718
17;2025-11-11;23;389
17;2025-11-12;0;122
17;2025-11-12;1;11
17;2025-11-12;2;0
17;2025-11-12;3;0
17;2025-11-12;4;26
17;2025-11-12;5;325
17;2025-11-12;6;1581
17;2025-11-12;7;4395
17;2025-11-12;8;5556
17;2025-11-12;9;4000
17;2025-11-12;10;3059
17;2025-11-12;11;3027
17;2025-11-12;12;3044
17;2025-11-12;13;3058
17;2025-11-12;14;3195
17;2025-11-12;15;3257
17;2025-11-12;16;3761
17;2025-11-12;17;4658
17;2025-11-12;18;4793
17;2025-11-12;19;3439
17;2025-11-12;20;2410
17;2025-11-12;21;1496
17;2025-11-12;22;718
17;2025-11-12;23;389
17;2025-11-13;0;122
17;2025-11-13;1;11
17;2025-11-13;2;0
17;2025-11-13;3;0
17;2025-11-13;4;26
17;2025-11-13;5;325
17;2025-11-13;6;1527
17;2025-11-13;7;4395
17;2025-11-13;8;5556
17;2025-11-13;9;4000
17;2025-11-13;10;3167
17;2025-11-13;11;3134
17;2025-11-13;12;3151
17;2025-11-13;13;3165
17;2025-11-13;14;3307
17;2025-11-13;15;3372
17;2025-11-13;16;3761
17;2025-11-13;17;4658
17;2025-11-13;18;4962
17;2025-11-13;19;3439
17;2025-11-13;20;2410
17;2025-11-13;21;1496
17;2025-11-13;22;718
17;2025-11-13;23;389
17;2025-11-14;0;150
17;2025-11-14;1;18
17;2025-11-14;2;0
17;2025-11-14;3;0
17;2025-11-14;4;24
17;2025-11-14;5;317
17;2025-11-14;6;1546
17;2025-11-14;7;4215
17;2025-11-14;8;5352
17;2025-11-14;9;3840
17;2025-11-14;10;3064
17;2025-11-14;11;3143
17;2025-11-14;12;3066
17;2025-11-14;13;3179
17;2025-11-14;14;3289
17;2025-11-14;15;3523
17;2025-11-14;16;4281
17;2025-11-14;17;4854
17;2025-11-14;18;4452
17;2025-11-14;19;3241
17;2025-11-14;20;2324
17;2025-11-14;21;1554
17;2025-11-14;22;710
17;2025-11-14;23;478
17;2025-11-15;0;199
17;2025-11-15;1;26
17;2025-11-15;2;0
17;2025-11-15;3;0
17;2025-11-15;4;5
17;2025-11-15;5;129
17;2025-11-15;6;570
17;2025-11-15;7;1211
17;2025-11-15;8;1721
17;2025-11-15;9;2193
17;2025-11-15;10;2468
17;2025-11-15;11;2933
17;2025-11-15;12;3375
17;2025-11-15;13;3593
17;2025-11-15;14;3713
17;2025-11-15;15;3739
17;2025-11-15;16;3745
17;2025-11-15;17;3391
17;2025-11-15;18;3109
17;2025-11-15;19;2427
17;2025-11-15;20;1915
17;2025-11-15;21;1365
17;2025-11-15;22;829
17;2025-11-15;23;459
17;2025-11-16;0;186
17;2025-11-16;1;24
17;2025-11-16;2;0
17;2025-11-16;3;0
17;2025-11-16;4;2
17;2025-11-16;5;110
17;2025-11-16;6;443
17;2025-11-16;7;872
17;2025-11-16;8;1276
17;2025-11-16;9;1731
17;2025-11-16;10;2037
17;2025-11-16;11;2644
17;2025-11-16;12;2959
17;2025-11-16;13;3232
17;2025-11-16;14;3397
17;2025-11-16;15;3311
17;2025-11-16;16;3212
17;2025-11-16;17;3063
17;2025-11-16;18;2628
17;2025-11-16;19;2099
17;2025-11-16;20;1555
17;2025-11-16;21;1147
17;2025-11-16;22;696
17;2025-11-16;23;322
17;2025-11-17;0;129
17;2025-11-17;1;15
17;2025-11-17;2;0
17;2025-11-17;3;0
17;2025-11-17;4;27
17;2025-11-17;5;317
17;2025-11-17;6;1638
17;2025-11-17;7;4481
17;2025-11-17;8;5774
17;2025-11-17;9;4065
17;2025-11-17;10;3013
17;2025-11-17;11;2937
17;2025-11-17;12;2935
17;2025-11-17;13;2977
17;2025-11-17;14;2987
17;2025-11-17;15;3224
17;2025-11-17;16;3705
17;2025-11-17;17;4257
17;2025-11-17;18;4747
17;2025-11-17;19;3278
17;2025-11-17;20;2258
17;2025-11-17;21;1372
17;2025-11-17;22;645
17;2025-11-17;23;342
17;2025-11-18;0;122
17;2025-11-18;1;11
17;2025-11-18;2;0
17;2025-11-18;3;0
17;2025-11-18;4;23
17;2025-11-18;5;305
17;2025-11-18;6;1527
17;2025-11-18;7;4395
17;2025-11-18;8;5368
17;2025-11-18;9;3748
17;2025-11-18;10;2967
17;2025-11-18;11;3027
17;2025-11-18;12;3044
17;2025-11-18;13;2966
17;2025-11-18;14;3099
17;2025-11-18;15;3257
17;2025-11-18;16;3761
17;2025-11-18;17;4658
17;2025-11-18;18;4793
17;2025-11-18;19;3322
17;2025-11-18;20;2328
17;2025-11-18;21;1496
17;2025-11-18;22;718
17;2025-11-18;23;389
17;2025-11-19;0;122
17;2025-11-19;1;11
17;2025-11-19;2;0
17;2025-11-19;3;0
17;2025-11-19;4;26
17;2025-11-19;5;325
17;2025-11-19;6;1581
17;2025-11-19;7;4395
17;2025-11-19;8;5556
17;2025-11-19;9;4000
17;2025-11-19;10;3167
17;2025-11-19;11;3134
17;2025-11-19;12;3151
17;2025-11-19;13;3165
17;2025-11-19;14;3307
17;2025-11-19;15;3372
17;2025-11-19;16;3761
17;2025-11-19;17;4658
17;2025-11-19;18;4962
17;2025-11-19;19;3439
17;2025-11-19;20;2410
17;2025-11-19;21;1496
17;2025-11-19;22;718
17;2025-11-19;23;389
17;2025-11-20;0;122
17;2025-11-20;1;11
17;2025-11-20;2;0
17;2025-11-20;3;0
17;2025-11-20;4;26
17;2025-11-20;5;325
17;2025-11-20;6;1581
17;2025-11-20;7;4395
17;2025-11-20;8;5556
17;2025-11-20;9;4000
17;2025-11-20;10;3167
17;2025-11-20;11;3134
17;2025-11-20;12;3151
17;2025-11-20;13;3165
17;2025-11-20;14;3307
17;2025-11-20;15;3372
17;2025-11-20;16;3761
17;2025-11-20;17;4658
17;2025-11-20;18;4962
17;2025-11-20;19;3439
17;2025-11-20;20;2410
17;2025-11-20;21;1496
17;2025-11-20;22;718
17;2025-11-20;23;389
17;2025-11-21;0;150
17;2025-11-21;1;18
17;2025-11-21;2;0
17;2025-11-21;3;0
17;2025-11-21;4;23
17;2025-11-21;5;307
17;2025-11-21;6;1494
17;2025-11-21;7;4072
17;2025-11-21;8;5352
17;2025-11-21;9;3840
17;2025-11-21;10;3064
17;2025-11-21;11;3143
17;2025-11-21;12;2962
17;2025-11-21;13;3179
17;2025-11-21;14;3289
17;2025-11-21;15;3523
17;2025-11-21;16;4281
17;2025-11-21;17;4854
17;2025-11-21;18;4452
17;2025-11-21;19;3241
17;2025-11-21;20;2406
17;2025-11-21;21;1608
17;2025-11-21;22;735
17;2025-11-21;23;495
17;2025-11-22;0;212
17;2025-11-22;1;28
17;2025-11-22;2;0
17;2025-11-22;3;0
17;2025-11-22;4;5
17;2025-11-22;5;129
17;2025-11-22;6;587
17;2025-11-22;7;1248
17;2025-11-22;8;1774
17;2025-11-22;9;2261
17;2025-11-22;10;2634
17;2025-11-22;11;3130
17;2025-11-22;12;3494
17;2025-11-22;13;3720
17;2025-11-22;14;3713
17;2025-11-22;15;3739
17;2025-11-22;16;3745
17;2025-11-22;17;3391
17;2025-11-22;18;3109
17;2025-11-22;19;2427
17;2025-11-22;20;1915
17;2025-11-22;21;1319
17;2025-11-22;22;801
17;2025-11-22;23;443
17;2025-11-23;0;180
17;2025-11-23;1;24
17;2025-11-23;2;0
17;2025-11-23;3;0
17;2025-11-23;4;2
17;2025-11-23;5;110
17;2025-11-23;6;443
17;2025-11-23;7;872
17;2025-11-23;8;1276
17;2025-11-23;9;1731
17;2025-11-23;10;2037
17;2025-11-23;11;2644
17;2025-11-23;12;2959
17;2025-11-23;13;3232
17;2025-11-23;14;3397
17;2025-11-23;15;3311
17;2025-11-23;16;3212
17;2025-11-23;17;3063
17;2025-11-23;18;2628
17;2025-11-23;19;2099
17;2025-11-23;20;1555
17;2025-11-23;21;1147
17;2025-11-23;22;696
17;2025-11-23;23;322
17;2025-11-24;0;129
17;2025-11-24;1;15
17;2025-11-24;2;0
17;2025-11-24;3;0
17;2025-11-24;4;25
17;2025-11-24;5;297
17;2025-11-24;6;1535
17;2025-11-24;7;4329
17;2025-11-24;8;5577
17;2025-11-24;9;3927
17;2025-11-24;10;2923
17;2025-11-24;11;2849
17;2025-11-24;12;2935
17;2025-11-24;13;3069
17;2025-11-24;14;3079
17;2025-11-24;15;3224
17;2025-11-24;16;3836
17;2025-11-24;17;4407
17;2025-11-24;18;4747
17;2025-11-24;19;3278
17;2025-11-24;20;2258
17;2025-11-24;21;1420
17;2025-11-24;22;645
17;2025-11-24;23;342
17;2025-11-25;0;122
17;2025-11-25;1;11
17;2025-11-25;2;0
17;2025-11-25;3;0
17;2025-11-25;4;26
17;2025-11-25;5;325
17;2025-11-25;6;1581
17;2025-11-25;7;4395
17;2025-11-25;8;5556
17;2025-11-25;9;4000
17;2025-11-25;10;3167
17;2025-11-25;11;3134
17;2025-11-25;12;3151
17;2025-11-25;13;3165
17;2025-11-25;14;3307
17;2025-11-25;15;3372
17;2025-11-25;16;3761
17;2025-11-25;17;4658
17;2025-11-25;18;4962
17;2025-11-25;19;3439
17;2025-11-25;20;2410
17;2025-11-25;21;1496
17;2025-11-25;22;718
17;2025-11-25;23;389
17;2025-11-26;0;118
17;2025-11-26;1;11
17;2025-11-26;2;0
17;2025-11-26;3;0
17;2025-11-26;4;25
17;2025-11-26;5;305
17;2025-11-26;6;1481
17;2025-11-26;7;4245
17;2025-11-26;8;5368
17;2025-11-26;9;3864
17;2025-11-26;10;3059
17;2025-11-26;11;3027
17;2025-11-26;12;3044
17;2025-11-26;13;3058
17;2025-11-26;14;3195
17;2025-11-26;15;3257
17;2025-11-26;16;3633
17;2025-11-26;17;4499
17;2025-11-26;18;4793
17;2025-11-26;19;3322
17;2025-11-26;20;2328
17;2025-11-26;21;1445
17;2025-11-26;22;693
17;2025-11-26;23;376
17;2025-11-27;0;118
17;2025-11-27;1;11
17;2025-11-27;2;0
17;2025-11-27;3;0
17;2025-11-27;4;26
17;2025-11-27;5;325
17;2025-11-27;6;1581
17;2025-11-27;7;4395
17;2025-11-27;8;5556
17;2025-11-27;9;4000
17;2025-11-27;10;3167
17;2025-11-27;11;3027
17;2025-11-27;12;3044
17;2025-11-27;13;3058
17;2025-11-27;14;3195
17;2025-11-27;15;3372
17;2025-11-27;16;3761
17;2025-11-27;17;4499
17;2025-11-27;18;4649
17;2025-11-27;19;3322
17;2025-11-27;20;2328
17;2025-11-27;21;1445
17;2025-11-27;22;672
17;2025-11-27;23;364
17;2025-11-28;0;140
17;2025-11-28;1;18
17;2025-11-28;2;0
17;2025-11-28;3;0
17;2025-11-28;4;23
17;2025-11-28;5;307
17;2025-11-28;6;1546
17;2025-11-28;7;4215
17;2025-11-28;8;5352
17;2025-11-28;9;3840
17;2025-11-28;10;3064
17;2025-11-28;11;3143
17;2025-11-28;12;3066
17;2025-11-28;13;3179
17;2025-11-28;14;3289
17;2025-11-28;15;3523
17;2025-11-28;16;4281
17;2025-11-28;17;4854
17;2025-11-28;18;4452
17;2025-11-28;19;3241
17;2025-11-28;20;2406
17;2025-11-28;21;1608
17;2025-11-28;22;735
17;2025-11-28;23;495
17;2025-11-29;0;212
17;2025-11-29;1;28
17;2025-11-29;2;0
17;2025-11-29;3;0
17;2025-11-29;4;5
17;2025-11-29;5;137
17;2025-11-29;6;608
17;2025-11-29;7;1292
17;2025-11-29;8;1836
17;2025-11-29;9;2340
17;2025-11-29;10;2634
17;2025-11-29;11;3130
17;2025-11-29;12;3494
17;2025-11-29;13;3720
17;2025-11-29;14;3713
17;2025-11-29;15;3739
17;2025-11-29;16;3745
17;2025-11-29;17;3391
17;2025-11-29;18;3109
17;2025-11-29;19;2427
17;2025-11-29;20;1915
17;2025-11-29;21;1365
17;2025-11-29;22;829
17;2025-11-29;23;459
17;2025-11-30;0;180
17;2025-11-30;1;24
17;2025-11-30;2;0
17;2025-11-30;3;0
17;2025-11-30;4;2
17;2025-11-30;5;110
17;2025-11-30;6;443
17;2025-11-30;7;872
17;2025-11-30;8;1276
17;2025-11-30;9;1731
17;2025-11-30;10;2037
17;2025-11-30;11;2644
17;2025-11-30;12;2959
17;2025-11-30;13;3232
17;2025-11-30;14;3397
17;2025-11-30;15;3311
17;2025-11-30;16;3212
17;2025-11-30;17;3063
17;2025-11-30;18;2628
17;2025-11-30;19;2099
17;2025-11-30;20;1555
17;2025-11-30;21;1147
17;2025-11-30;22;696
17;2025-11-30;23;322
17;2025-12-01;0;129
17;2025-12-01;1;15
17;2025-12-01;2;0
17;2025-12-01;3;0
17;2025-12-01;4;27
17;2025-12-01;5;317
17;2025-12-01;6;1638
17;2025-12-01;7;4481
17;2025-12-01;8;5774
17;2025-12-01;9;4065
17;2025-12-01;10;3120
17;2025-12-01;11;3041
17;2025-12-01;12;3038
17;2025-12-01;13;3177
17;2025-12-01;14;3187
17;2025-12-01;15;3337
17;2025-12-01;16;3836
17;2025-12-01;17;4407
17;2025-12-01;18;4747
17;2025-12-01;19;3278
17;2025-12-01;20;2258
17;2025-12-01;21;1420
17;2025-12-01;22;645
17;2025-12-01;23;342
17;2025-12-02;0;122
17;2025-12-02;1;11
17;2025-12-02;2;0
17;2025-12-02;3;0
17;2025-12-02;4;26
17;2025-12-02;5;325
17;2025-12-02;6;1581
17;2025-12-02;7;4395
17;2025-12-02;8;5556
17;2025-12-02;9;4000
17;2025-12-02;10;3167
17;2025-12-02;11;3134
17;2025-12-02;12;3151
17;2025-12-02;13;3165
17;2025-12-02;14;3307
17;2025-12-02;15;3372
17;2025-12-02;16;3761
17;2025-12-02;17;4658
17;2025-12-02;18;4962
17;2025-12-02;19;3439
17;2025-12-02;20;2410
17;2025-12-02;21;1496
17;2025-12-02;22;718
17;2025-12-02;23;389
17;2025-12-03;0;122
17;2025-12-03;1;11
17;2025-12-03;2;0
17;2025-12-03;3;0
17;2025-12-03;4;26
17;2025-12-03;5;325
17;2025-12-03;6;1581
17;2025-12-03;7;4395
17;2025-12-03;8;5556
17;2025-12-03;9;4000
17;2025-12-03;10;3167
17;2025-12-03;11;3134
17;2025-12-03;12;3151
17;2025-12-03;13;3165
17;2025-12-03;14;3307
17;2025-12-03;15;3372
17;2025-12-03;16;3761
17;2025-12-03;17;4658
17;2025-12-03;18;4962
17;2025-12-03;19;3439
17;2025-12-03;20;2410
17;2025-12-03;21;1496
17;2025-12-03;22;718
17;2025-12-03;23;389
17;2025-12-04;0;122
17;2025-12-04;1;11
17;2025-12-04;2;0
17;2025-12-04;3;0
17;2025-12-04;4;26
17;2025-12-04;5;325
17;2025-12-04;6;1581
17;2025-12-04;7;4395
17;2025-12-04;8;5556
17;2025-12-04;9;4000
17;2025-12-04;10;3167
17;2025-12-04;11;3134
17;2025-12-04;12;3151
17;2025-12-04;13;3165
17;2025-12-04;14;3307
17;2025-12-04;15;3372
17;2025-12-04;16;3761
17;2025-12-04;17;4658
17;2025-12-04;18;4962
17;2025-12-04;19;3439
17;2025-12-04;20;2410
17;2025-12-04;21;1496
17;2025-12-04;22;718
17;2025-12-04;23;389
17;2025-12-05;0;150
17;2025-12-05;1;18
17;2025-12-05;2;0
17;2025-12-05;3;0
17;2025-12-05;4;24
17;2025-12-05;5;317
17;2025-12-05;6;1546
17;2025-12-05;7;4215
17;2025-12-05;8;5352
17;2025-12-05;9;3840
17;2025-12-05;10;3064
17;2025-12-05;11;3143
17;2025-12-05;12;3066
17;2025-12-05;13;3179
17;2025-12-05;14;3289
17;2025-12-05;15;3523
17;2025-12-05;16;4281
17;2025-12-05;17;4854
17;2025-12-05;18;4452
17;2025-12-05;19;3241
17;2025-12-05;20;2406
17;2025-12-05;21;1608
17;2025-12-05;22;735
17;2025-12-05;23;495
17;2025-12-06;0;212
17;2025-12-06;1;28
17;2025-12-06;2;0
17;2025-12-06;3;0
17;2025-12-06;4;5
17;2025-12-06;5;137
17;2025-12-06;6;608
17;2025-12-06;7;1292
17;2025-12-06;8;1836
17;2025-12-06;9;2340
17;2025-12-06;10;2634
17;2025-12-06;11;3130
17;2025-12-06;12;3494
17;2025-12-06;13;3720
17;2025-12-06;14;3713
17;2025-12-06;15;3739
17;2025-12-06;16;3745
17;2025-12-06;17;3391
17;2025-12-06;18;3109
17;2025-12-06;19;2427
17;2025-12-06;20;1915
17;2025-12-06;21;1365
17;2025-12-06;22;829
17;2025-12-06;23;459
17;2025-12-07;0;186
17;2025-12-07;1;24
17;2025-12-07;2;0
17;2025-12-07;3;0
17;2025-12-07;4;2
17;2025-12-07;5;110
17;2025-12-07;6;443
17;2025-12-07;7;872
17;2025-12-07;8;1276
17;2025-12-07;9;1731
17;2025-12-07;10;2037
17;2025-12-07;11;2644
17;2025-12-07;12;2959
17;2025-12-07;13;3232
17;2025-12-07;14;3397
17;2025-12-07;15;3311
17;2025-12-07;16;3212
17;2025-12-07;17;3063
17;2025-12-07;18;2628
17;2025-12-07;19;2099
17;2025-12-07;20;1555
17;2025-12-07;21;1147
17;2025-12-07;22;696
17;2025-12-07;23;322
17;2025-12-08;0;129
17;2025-12-08;1;15
17;2025-12-08;2;0
17;2025-12-08;3;0
17;2025-12-08;4;27
17;2025-12-08;5;317
17;2025-12-08;6;1638
17;2025-12-08;7;4481
17;2025-12-08;8;5774
17;2025-12-08;9;4065
17;2025-12-08;10;3120
17;2025-12-08;11;3041
17;2025-12-08;12;3038
17;2025-12-08;13;3177
17;2025-12-08;14;3187
17;2025-12-08;15;3337
17;2025-12-08;16;3836
17;2025-12-08;17;4407
17;2025-12-08;18;4747
17;2025-12-08;19;3278
17;2025-12-08;20;2258
17;2025-12-08;21;1420
17;2025-12-08;22;645
17;2025-12-08;23;342
17;2025-12-09;0;122
17;2025-12-09;1;11
17;2025-12-09;2;0
17;2025-12-09;3;0
17;2025-12-09;4;26
17;2025-12-09;5;325
17;2025-12-09;6;1581
17;2025-12-09;7;4395
17;2025-12-09;8;5556
17;2025-12-09;9;4000
17;2025-12-09;10;3167
17;2025-12-09;11;3134
17;2025-12-09;12;3151
17;2025-12-09;13;3165
17;2025-12-09;14;3307
17;2025-12-09;15;3372
17;2025-12-09;16;3761
17;2025-12-09;17;4658
17;2025-12-09;18;4962
17;2025-12-09;19;3439
17;2025-12-09;20;2410
17;2025-12-09;21;1496
17;2025-12-09;22;693
17;2025-12-09;23;376
17;2025-12-10;0;118
17;2025-12-10;1;11
17;2025-12-10;2;0
17;2025-12-10;3;0
17;2025-12-10;4;25
17;2025-12-10;5;314
17;2025-12-10;6;1527
17;2025-12-10;7;4245
17;2025-12-10;8;5368
17;2025-12-10;9;3864
17;2025-12-10;10;3059
17;2025-12-10;11;3027
17;2025-12-10;12;3151
17;2025-12-10;13;3165
17;2025-12-10;14;3307
17;2025-12-10;15;3372
17;2025-12-10;16;3761
17;2025-12-10;17;4658
17;2025-12-10;18;4962
17;2025-12-10;19;3439
17;2025-12-10;20;2410
17;2025-12-10;21;1496
17;2025-12-10;22;718
17;2025-12-10;23;389
17;2025-12-11;0;122
17;2025-12-11;1;11
17;2025-12-11;2;0
17;2025-12-11;3;0
17;2025-12-11;4;26
17;2025-12-11;5;325
17;2025-12-11;6;1581
17;2025-12-11;7;4395
17;2025-12-11;8;5206
17;2025-12-11;9;3864
17;2025-12-11;10;3059
17;2025-12-11;11;3027
17;2025-12-11;12;3044
17;2025-12-11;13;3058
17;2025-12-11;14;3307
17;2025-12-11;15;3257
17;2025-12-11;16;3633
17;2025-12-11;17;4499
17;2025-12-11;18;4793
17;2025-12-11;19;3322
17;2025-12-11;20;2328
17;2025-12-11;21;1445
17;2025-12-11;22;693
17;2025-12-11;23;389
17;2025-12-12;0;150
17;2025-12-12;1;18
17;2025-12-12;2;0
17;2025-12-12;3;0
17;2025-12-12;4;24
17;2025-12-12;5;317
17;2025-12-12;6;1494
17;2025-12-12;7;4215
17;2025-12-12;8;5170
17;2025-12-12;9;3840
17;2025-12-12;10;2960
17;2025-12-12;11;3143
17;2025-12-12;12;2962
17;2025-12-12;13;2979
17;2025-12-12;14;3081
17;2025-12-12;15;3301
17;2025-12-12;16;4136
17;2025-12-12;17;4689
17;2025-12-12;18;4452
17;2025-12-12;19;3241
17;2025-12-12;20;2406
17;2025-12-12;21;1608
17;2025-12-12;22;710
17;2025-12-12;23;478
17;2025-12-13;0;212
17;2025-12-13;1;27
17;2025-12-13;2;0
17;2025-12-13;3;0
17;2025-12-13;4;5
17;2025-12-13;5;133
17;2025-12-13;6;608
17;2025-12-13;7;1248
17;2025-12-13;8;1836
17;2025-12-13;9;2340
17;2025-12-13;10;2634
17;2025-12-13;11;3130
17;2025-12-13;12;3494
17;2025-12-13;13;3720
17;2025-12-13;14;3713
17;2025-12-13;15;3739
17;2025-12-13;16;3745
17;2025-12-13;17;3391
17;2025-12-13;18;3109
17;2025-12-13;19;2427
17;2025-12-13;20;1849
17;2025-12-13;21;1319
17;2025-12-13;22;829
17;2025-12-13;23;443
17;2025-12-14;0;180
17;2025-12-14;1;23
17;2025-12-14;2;0
17;2025-12-14;3;0
17;2025-12-14;4;2
17;2025-12-14;5;110
17;2025-12-14;6;443
17;2025-12-14;7;872
17;2025-12-14;8;1233
17;2025-12-14;9;1731
17;2025-12-14;10;2037
17;2025-12-14;11;2644
17;2025-12-14;12;2959
17;2025-12-14;13;3232
17;2025-12-14;14;3397
17;2025-12-14;15;3311
17;2025-12-14;16;3212
17;2025-12-14;17;3063
17;2025-12-14;18;2628
17;2025-12-14;19;2099
17;2025-12-14;20;1555
17;2025-12-14;21;1147
17;2025-12-14;22;696
17;2025-12-14;23;322
17;2025-12-15;0;129
17;2025-12-15;1;15
17;2025-12-15;2;0
17;2025-12-15;3;0
17;2025-12-15;4;27
17;2025-12-15;5;317
17;2025-12-15;6;1638
17;2025-12-15;7;4481
17;2025-12-15;8;5774
17;2025-12-15;9;4065
17;2025-12-15;10;3120
17;2025-12-15;11;2937
17;2025-12-15;12;3038
17;2025-12-15;13;3177
17;2025-12-15;14;3187
17;2025-12-15;15;3337
17;2025-12-15;16;3836
17;2025-12-15;17;4407
17;2025-12-15;18;4747
17;2025-12-15;19;3278
17;2025-12-15;20;2258
17;2025-12-15;21;1420
17;2025-12-15;22;645
17;2025-12-15;23;342
17;2025-12-16;0;122
17;2025-12-16;1;11
17;2025-12-16;2;0
17;2025-12-16;3;0
17;2025-12-16;4;26
17;2025-12-16;5;325
17;2025-12-16;6;1581
17;2025-12-16;7;4395
17;2025-12-16;8;5556
17;2025-12-16;9;4000
17;2025-12-16;10;3059
17;2025-12-16;11;3027
17;2025-12-16;12;3044
17;2025-12-16;13;2966
17;2025-12-16;14;3195
17;2025-12-16;15;3372
17;2025-12-16;16;3761
17;2025-12-16;17;4658
17;2025-12-16;18;4962
17;2025-12-16;19;3439
17;2025-12-16;20;2410
17;2025-12-16;21;1496
17;2025-12-16;22;718
17;2025-12-16;23;389
17;2025-12-17;0;118
17;2025-12-17;1;11
17;2025-12-17;2;0
17;2025-12-17;3;0
17;2025-12-17;4;26
17;2025-12-17;5;325
17;2025-12-17;6;1581
17;2025-12-17;7;4395
17;2025-12-17;8;5556
17;2025-12-17;9;4000
17;2025-12-17;10;3167
17;2025-12-17;11;3134
17;2025-12-17;12;3151
17;2025-12-17;13;3165
17;2025-12-17;14;3307
17;2025-12-17;15;3372
17;2025-12-17;16;3761
17;2025-12-17;17;4658
17;2025-12-17;18;4962
17;2025-12-17;19;3439
17;2025-12-17;20;2410
17;2025-12-17;21;1496
17;2025-12-17;22;718
17;2025-12-17;23;389
17;2025-12-18;0;122
17;2025-12-18;1;11
17;2025-12-18;2;0
17;2025-12-18;3;0
17;2025-12-18;4;26
17;2025-12-18;5;325
17;2025-12-18;6;1581
17;2025-12-18;7;4395
17;2025-12-18;8;5556
17;2025-12-18;9;4000
17;2025-12-18;10;3167
17;2025-12-18;11;3134
17;2025-12-18;12;3151
17;2025-12-18;13;3165
17;2025-12-18;14;3307
17;2025-12-18;15;3372
17;2025-12-18;16;3761
17;2025-12-18;17;4658
17;2025-12-18;18;4962
17;2025-12-18;19;3439
17;2025-12-18;20;2410
17;2025-12-18;21;1496
17;2025-12-18;22;718
17;2025-12-18;23;389
17;2025-12-19;0;150
17;2025-12-19;1;18
17;2025-12-19;2;0
17;2025-12-19;3;0
17;2025-12-19;4;24
17;2025-12-19;5;317
17;2025-12-19;6;1546
17;2025-12-19;7;4215
17;2025-12-19;8;5352
17;2025-12-19;9;3840
17;2025-12-19;10;3064
17;2025-12-19;11;3143
17;2025-12-19;12;3066
17;2025-12-19;13;3179
17;2025-12-19;14;3289
17;2025-12-19;15;3523
17;2025-12-19;16;4281
17;2025-12-19;17;4689
17;2025-12-19;18;4300
17;2025-12-19;19;3241
17;2025-12-19;20;2406
17;2025-12-19;21;1608
17;2025-12-19;22;735
17;2025-12-19;23;495
17;2025-12-20;0;212
17;2025-12-20;1;28
17;2025-12-20;2;0
17;2025-12-20;3;0
17;2025-12-20;4;5
17;2025-12-20;5;137
17;2025-12-20;6;608
17;2025-12-20;7;1292
17;2025-12-20;8;1836
17;2025-12-20;9;2340
17;2025-12-20;10;2634
17;2025-12-20;11;3130
17;2025-12-20;12;3494
17;2025-12-20;13;3720
17;2025-12-20;14;3713
17;2025-12-20;15;3739
17;2025-12-20;16;3745
17;2025-12-20;17;3391
17;2025-12-20;18;3109
17;2025-12-20;19;2427
17;2025-12-20;20;1915
17;2025-12-20;21;1365
17;2025-12-20;22;829
17;2025-12-20;23;459
17;2025-12-21;0;186
17;2025-12-21;1;24
17;2025-12-21;2;0
17;2025-12-21;3;0
17;2025-12-21;4;2
17;2025-12-21;5;110
17;2025-12-21;6;428
17;2025-12-21;7;842
17;2025-12-21;8;1276
17;2025-12-21;9;1731
17;2025-12-21;10;2037
17;2025-12-21;11;2644
17;2025-12-21;12;2959
17;2025-12-21;13;3232
17;2025-12-21;14;3397
17;2025-12-21;15;3311
17;2025-12-21;16;3212
17;2025-12-21;17;3063
17;2025-12-21;18;2628
17;2025-12-21;19;2099
17;2025-12-21;20;1555
17;2025-12-21;21;1147
17;2025-12-21;22;673
17;2025-12-21;23;322
17;2025-12-22;0;124
17;2025-12-22;1;15
17;2025-12-22;2;0
17;2025-12-22;3;0
17;2025-12-22;4;27
17;2025-12-22;5;317
17;2025-12-22;6;1638
17;2025-12-22;7;4481
17;2025-12-22;8;5774
17;2025-12-22;9;3927
17;2025-12-22;10;3013
17;2025-12-22;11;2937
17;2025-12-22;12;2935
17;2025-12-22;13;3177
17;2025-12-22;14;3187
17;2025-12-22;15;3224
17;2025-12-22;16;3836
17;2025-12-22;17;4407
17;2025-12-22;18;4586
17;2025-12-22;19;3278
17;2025-12-22;20;2258
17;2025-12-22;21;1420
17;2025-12-22;22;623
17;2025-12-22;23;330
17;2025-12-23;0;122
17;2025-12-23;1;11
17;2025-12-23;2;0
17;2025-12-23;3;0
17;2025-12-23;4;26
17;2025-12-23;5;325
17;2025-12-23;6;1581
17;2025-12-23;7;4395
17;2025-12-23;8;5556
17;2025-12-23;9;4000
17;2025-12-23;10;3167
17;2025-12-23;11;3134
17;2025-12-23;12;3151
17;2025-12-23;13;3165
17;2025-12-23;14;3307
17;2025-12-23;15;3372
17;2025-12-23;16;3761
17;2025-12-23;17;4658
17;2025-12-23;18;4962
17;2025-12-23;19;3439
17;2025-12-23;20;2410
17;2025-12-23;21;1496
17;2025-12-23;22;718
17;2025-12-23;23;389
17;2025-12-24;0;122
17;2025-12-24;1;11
17;2025-12-24;2;0
17;2025-12-24;3;0
17;2025-12-24;4;26
17;2025-12-24;5;325
17;2025-12-24;6;1581
17;2025-12-24;7;4395
17;2025-12-24;8;5556
17;2025-12-24;9;4000
17;2025-12-24;10;3167
17;2025-12-24;11;3134
17;2025-12-24;12;3044
17;2025-12-24;13;3058
17;2025-12-24;14;3307
17;2025-12-24;15;3257
17;2025-12-24;16;3761
17;2025-12-24;17;4658
17;2025-12-24;18;4793
17;2025-12-24;19;3439
17;2025-12-24;20;2410
17;2025-12-24;21;1445
17;2025-12-24;22;693
17;2025-12-24;23;376
17;2025-12-25;0;118
17;2025-12-25;1;11
17;2025-12-25;2;0
17;2025-12-25;3;0
17;2025-12-25;4;26
17;2025-12-25;5;325
17;2025-12-25;6;1527
17;2025-12-25;7;4395
17;2025-12-25;8;5556
17;2025-12-25;9;4000
17;2025-12-25;10;3167
17;2025-12-25;11;3134
17;2025-12-25;12;3151
17;2025-12-25;13;3165
17;2025-12-25;14;3307
17;2025-12-25;15;3372
17;2025-12-25;16;3761
17;2025-12-25;17;4499
17;2025-12-25;18;4793
17;2025-12-25;19;3322
17;2025-12-25;20;2328
17;2025-12-25;21;1445
17;2025-12-25;22;672
17;2025-12-25;23;364
17;2025-12-26;0;140
17;2025-12-26;1;17
17;2025-12-26;2;0
17;2025-12-26;3;0
17;2025-12-26;4;23
17;2025-12-26;5;307
17;2025-12-26;6;1449
17;2025-12-26;7;4072
17;2025-12-26;8;5170
17;2025-12-26;9;3709
17;2025-12-26;10;2960
17;2025-12-26;11;2945
17;2025-12-26;12;2962
17;2025-12-26;13;3071
17;2025-12-26;14;3177
17;2025-12-26;15;3404
17;2025-12-26;16;4136
17;2025-12-26;17;4689
17;2025-12-26;18;4300
17;2025-12-26;19;3131
17;2025-12-26;20;2324
17;2025-12-26;21;1554
17;2025-12-26;22;710
17;2025-12-26;23;495
17;2025-12-27;0;212
17;2025-12-27;1;27
17;2025-12-27;2;0
17;2025-12-27;3;0
17;2025-12-27;4;5
17;2025-12-27;5;137
17;2025-12-27;6;608
17;2025-12-27;7;1292
17;2025-12-27;8;1836
17;2025-12-27;9;2261
17;2025-12-27;10;2634
17;2025-12-27;11;3130
17;2025-12-27;12;3494
17;2025-12-27;13;3720
17;2025-12-27;14;3713
17;2025-12-27;15;3739
17;2025-12-27;16;3745
17;2025-12-27;17;3391
17;2025-12-27;18;3109
17;2025-12-27;19;2427
17;2025-12-27;20;1915
17;2025-12-27;21;1319
17;2025-12-27;22;801
17;2025-12-27;23;443
17;2025-12-28;0;180
17;2025-12-28;1;23
17;2025-12-28;2;0
17;2025-12-28;3;0
17;2025-12-28;4;2
17;2025-12-28;5;106
17;2025-12-28;6;428
17;2025-12-28;7;842
17;2025-12-28;8;1233
17;2025-12-28;9;1672
17;2025-12-28;10;1968
17;2025-12-28;11;2554
17;2025-12-28;12;2858
17;2025-12-28;13;3122
17;2025-12-28;14;3281
17;2025-12-28;15;3198
17;2025-12-28;16;3212
17;2025-12-28;17;3063
17;2025-12-28;18;2628
17;2025-12-28;19;2099
17;2025-12-28;20;1502
17;2025-12-28;21;1108
17;2025-12-28;22;673
17;2025-12-28;23;322
17;2025-12-29;0;109
17;2025-12-29;1;13
17;2025-12-29;2;0
17;2025-12-29;3;0
17;2025-12-29;4;22
17;2025-12-29;5;260
17;2025-12-29;6;1392
17;2025-12-29;7;3809
17;2025-12-29;8;4741
17;2025-12-29;9;3338
17;2025-12-29;10;2561
17;2025-12-29;11;2497
17;2025-12-29;12;2494
17;2025-12-29;13;2609
17;2025-12-29;14;2617
17;2025-12-29;15;2740
17;2025-12-29;16;3150
17;2025-12-29;17;3618
17;2025-12-29;18;3898
17;2025-12-29;19;2692
17;2025-12-29;20;1854
17;2025-12-29;21;1166
17;2025-12-29;22;529
17;2025-12-29;23;281
17;2025-12-30;0;100
17;2025-12-30;1;9
17;2025-12-30;2;0
17;2025-12-30;3;0
17;2025-12-30;4;21
17;2025-12-30;5;267
17;2025-12-30;6;1298
17;2025-12-30;7;3609
17;2025-12-30;8;4562
17;2025-12-30;9;3284
17;2025-12-30;10;2600
17;2025-12-30;11;2573
17;2025-12-30;12;2588
17;2025-12-30;13;2599
17;2025-12-30;14;2716
17;2025-12-30;15;2768
17;2025-12-30;16;3088
17;2025-12-30;17;3824
17;2025-12-30;18;4074
17;2025-12-30;19;2824
17;2025-12-30;20;1979
17;2025-12-30;21;1228
17;2025-12-30;22;589
17;2025-12-30;23;319
17;2025-12-31;0;153
17;2025-12-31;1;20
17;2025-12-31;2;0
17;2025-12-31;3;0
17;2025-12-31;4;2
17;2025-12-31;5;90
17;2025-12-31;6;364
17;2025-12-31;7;716
17;2025-12-31;8;1048
17;2025-12-31;9;1421
17;2025-12-31;10;1672
17;2025-12-31;11;2171
17;2025-12-31;12;2515
17;2025-12-31;13;2654
17;2025-12-31;14;2789
17;2025-12-31;15;2718
17;2025-12-31;16;2730
17;2025-12-31;17;2603
17;2025-12-31;18;2158
17;2025-12-31;19;1724
17;2025-12-31;20;1322
17;2025-12-31;21;975
17;2025-12-31;22;572
17;2025-12-31;23;264
25;2025-11-01;0;0
25;2025-11-01;1;0
25;2025-11-01;2;0
25;2025-11-01;3;0
25;2025-11-01;4;0
25;2025-11-01;5;18
25;2025-11-01;6;259
25;2025-11-01;7;547
25;2025-11-01;8;820
25;2025-11-01;9;416
25;2025-11-01;10;369
25;2025-11-01;11;443
25;2025-11-01;12;413
25;2025-11-01;13;519
25;2025-11-01;14;444
25;2025-11-01;15;604
25;2025-11-01;16;783
25;2025-11-01;17;766
25;2025-11-01;18;661
25;2025-11-01;19;585
25;2025-11-01;20;320
25;2025-11-01;21;215
25;2025-11-01;22;101
25;2025-11-01;23;14
25;2025-11-02;0;15
25;2025-11-02;1;0
25;2025-11-02;2;0
25;2025-11-02;3;0
25;2025-11-02;4;0
25;2025-11-02;5;9
25;2025-11-02;6;101
25;2025-11-02;7;99
25;2025-11-02;8;188
25;2025-11-02;9;224
25;2025-11-02;10;213
25;2025-11-02;11;309
25;2025-11-02;12;372
25;2025-11-02;13;475
25;2025-11-02;14;568
25;2025-11-02;15;662
25;2025-11-02;16;551
25;2025-11-02;17;540
25;2025-11-02;18;432
25;2025-11-02;19;298
25;2025-11-02;20;237
25;2025-11-02;21;136
25;2025-11-02;22;94
25;2025-11-02;23;34
25;2025-11-03;0;15
25;2025-11-03;1;0
25;2025-11-03;2;0
25;2025-11-03;3;0
25;2025-11-03;4;0
25;2025-11-03;5;9
25;2025-11-03;6;101
25;2025-11-03;7;99
25;2025-11-03;8;188
25;2025-11-03;9;224
25;2025-11-03;10;213
25;2025-11-03;11;298
25;2025-11-03;12;359
25;2025-11-03;13;475
25;2025-11-03;14;549
25;2025-11-03;15;640
25;2025-11-03;16;551
25;2025-11-03;17;540
25;2025-11-03;18;432
25;2025-11-03;19;298
25;2025-11-03;20;237
25;2025-11-03;21;136
25;2025-11-03;22;94
25;2025-11-03;23;34
25;2025-11-04;0;14
25;2025-11-04;1;0
25;2025-11-04;2;0
25;2025-11-04;3;0
25;2025-11-04;4;0
25;2025-11-04;5;9
25;2025-11-04;6;101
25;2025-11-04;7;99
25;2025-11-04;8;181
25;2025-11-04;9;217
25;2025-11-04;10;206
25;2025-11-04;11;298
25;2025-11-04;12;349
25;2025-11-04;13;460
25;2025-11-04;14;568
25;2025-11-04;15;662
25;2025-11-04;16;551
25;2025-11-04;17;540
25;2025-11-04;18;432
25;2025-11-04;19;298
25;2025-11-04;20;237
25;2025-11-04;21;136
25;2025-11-04;22;94
25;2025-11-04;23;34
25;2025-11-05;0;0
25;2025-11-05;1;0
25;2025-11-05;2;0
25;2025-11-05;3;0
25;2025-11-05;4;0
25;2025-11-05;5;21
25;2025-11-05;6;280
25;2025-11-05;7;544
25;2025-11-05;8;918
25;2025-11-05;9;464
25;2025-11-05;10;384
25;2025-11-05;11;457
25;2025-11-05;12;444
25;2025-11-05;13;550
25;2025-11-05;14;492
25;2025-11-05;15;622
25;2025-11-05;16;700
25;2025-11-05;17;819
25;2025-11-05;18;793
25;2025-11-05;19;623
25;2025-11-05;20;345
25;2025-11-05;21;234
25;2025-11-05;22;90
25;2025-11-05;23;6
25;2025-11-06;0;0
25;2025-11-06;1;0
25;2025-11-06;2;0
25;2025-11-06;3;0
25;2025-11-06;4;0
25;2025-11-06;5;21
25;2025-11-06;6;280
25;2025-11-06;7;544
25;2025-11-06;8;918
25;2025-11-06;9;464
25;2025-11-06;10;384
25;2025-11-06;11;441
25;2025-11-06;12;444
25;2025-11-06;13;550
25;2025-11-06;14;492
25;2025-11-06;15;601
25;2025-11-06;16;677
25;2025-11-06;17;819
25;2025-11-06;18;793
25;2025-11-06;19;623
25;2025-11-06;20;324
25;2025-11-06;21;234
25;2025-11-06;22;90
25;2025-11-06;23;6
25;2025-11-07;0;0
25;2025-11-07;1;0
25;2025-11-07;2;0
25;2025-11-07;3;0
25;2025-11-07;4;0
25;2025-11-07;5;20
25;2025-11-07;6;300
25;2025-11-07;7;634
25;2025-11-07;8;918
25;2025-11-07;9;466
25;2025-11-07;10;427
25;2025-11-07;11;513
25;2025-11-07;12;478
25;2025-11-07;13;601
25;2025-11-07;14;515
25;2025-11-07;15;700
25;2025-11-07;16;907
25;2025-11-07;17;887
25;2025-11-07;18;766
25;2025-11-07;19;678
25;2025-11-07;20;371
25;2025-11-07;21;249
25;2025-11-07;22;117
25;2025-11-07;23;16
25;2025-11-08;0;0
25;2025-11-08;1;0
25;2025-11-08;2;0
25;2025-11-08;3;0
25;2025-11-08;4;0
25;2025-11-08;5;21
25;2025-11-08;6;141
25;2025-11-08;7;142
25;2025-11-08;8;316
25;2025-11-08;9;260
25;2025-11-08;10;296
25;2025-11-08;11;398
25;2025-11-08;12;400
25;2025-11-08;13;664
25;2025-11-08;14;674
25;2025-11-08;15;797
25;2025-11-08;16;708
25;2025-11-08;17;586
25;2025-11-08;18;522
25;2025-11-08;19;451
25;2025-11-08;20;257
25;2025-11-08;21;188
25;2025-11-08;22;119
25;2025-11-08;23;44
25;2025-11-09;0;15
25;2025-11-09;1;0
25;2025-11-09;2;0
25;2025-11-09;3;0
25;2025-11-09;4;0
25;2025-11-09;5;9
25;2025-11-09;6;101
25;2025-11-09;7;99
25;2025-11-09;8;188
25;2025-11-09;9;224
25;2025-11-09;10;213
25;2025-11-09;11;309
25;2025-11-09;12;372
25;2025-11-09;13;491
25;2025-11-09;14;568
25;2025-11-09;15;662
25;2025-11-09;16;551
25;2025-11-09;17;540
25;2025-11-09;18;432
25;2025-11-09;19;298
25;2025-11-09;20;237
25;2025-11-09;21;136
25;2025-11-09;22;94
25;2025-11-09;23;34
25;2025-11-10;0;8
25;2025-11-10;1;0
25;2025-11-10;2;0
25;2025-11-10;3;0
25;2025-11-10;4;0
25;2025-11-10;5;26
25;2025-11-10;6;269
25;2025-11-10;7;539
25;2025-11-10;8;1026
25;2025-11-10;9;549
25;2025-11-10;10;355
25;2025-11-10;11;430
25;2025-11-10;12;431
25;2025-11-10;13;578
25;2025-11-10;14;497
25;2025-11-10;15;533
25;2025-11-10;16;691
25;2025-11-10;17;758
25;2025-11-10;18;753
25;2025-11-10;19;588
25;2025-11-10;20;319
25;2025-11-10;21;191
25;2025-11-10;22;84
25;2025-11-10;23;5
25;2025-11-11;0;0
25;2025-11-11;1;0
25;2025-11-11;2;0
25;2025-11-11;3;0
25;2025-11-11;4;0
25;2025-11-11;5;21
25;2025-11-11;6;280
25;2025-11-11;7;544
25;2025-11-11;8;918
25;2025-11-11;9;464
25;2025-11-11;10;384
25;2025-11-11;11;457
25;2025-11-11;12;444
25;2025-11-11;13;550
25;2025-11-11;14;492
25;2025-11-11;15;622
25;2025-11-11;16;700
25;2025-11-11;17;819
25;2025-11-11;18;793
25;2025-11-11;19;623
25;2025-11-11;20;345
25;2025-11-11;21;234
25;2025-11-11;22;90
25;2025-11-11;23;6
25;2025-11-12;0;0
25;2025-11-12;1;0
25;2025-11-12;2;0
25;2025-11-12;3;0
25;2025-11-12;4;0
25;2025-11-12;5;21
25;2025-11-12;6;280
25;2025-11-12;7;544
25;2025-11-12;8;918
25;2025-11-12;9;464
25;2025-11-12;10;371
25;2025-11-12;11;441
25;2025-11-12;12;429
25;2025-11-12;13;531
25;2025-11-12;14;476
25;2025-11-12;15;601
25;2025-11-12;16;700
25;2025-11-12;17;819
25;2025-11-12;18;766
25;2025-11-12;19;623
25;2025-11-12;20;345
25;2025-11-12;21;234
25;2025-11-12;22;90
25;2025-11-12;23;6
25;2025-11-13;0;0
25;2025-11-13;1;0
25;2025-11-13;2;0
25;2025-11-13;3;0
25;2025-11-13;4;0
25;2025-11-13;5;21
25;2025-11-13;6;270
25;2025-11-13;7;544
25;2025-11-13;8;918
25;2025-11-13;9;464
25;2025-11-13;10;384
25;2025-11-13;11;457
25;2025-11-13;12;444
25;2025-11-13;13;550
25;2025-11-13;14;492
25;2025-11-13;15;622
25;2025-11-13;16;700
25;2025-11-13;17;819
25;2025-11-13;18;793
25;2025-11-13;19;623
25;2025-11-13;20;345
25;2025-11-13;21;234
25;2025-11-13;22;90
25;2025-11-13;23;6
25;2025-11-14;0;0
25;2025-11-14;1;0
25;2025-11-14;2;0
25;2025-11-14;3;0
25;2025-11-14;4;0
25;2025-11-14;5;20
25;2025-11-14;6;300
25;2025-11-14;7;634
25;2025-11-14;8;950
25;2025-11-14;9;482
25;2025-11-14;10;427
25;2025-11-14;11;513
25;2025-11-14;12;478
25;2025-11-14;13;601
25;2025-11-14;14;515
25;2025-11-14;15;700
25;2025-11-14;16;907
25;2025-11-14;17;887
25;2025-11-14;18;766
25;2025-11-14;19;678
25;2025-11-14;20;359
25;2025-11-14;21;241
25;2025-11-14;22;113
25;2025-11-14;23;16
25;2025-11-15;0;0
25;2025-11-15;1;0
25;2025-11-15;2;0
25;2025-11-15;3;0
25;2025-11-15;4;0
25;2025-11-15;5;19
25;2025-11-15;6;132
25;2025-11-15;7;133
25;2025-11-15;8;296
25;2025-11-15;9;243
25;2025-11-15;10;278
25;2025-11-15;11;373
25;2025-11-15;12;387
25;2025-11-15;13;641
25;2025-11-15;14;674
25;2025-11-15;15;797
25;2025-11-15;16;708
25;2025-11-15;17;586
25;2025-11-15;18;522
25;2025-11-15;19;451
25;2025-11-15;20;257
25;2025-11-15;21;188
25;2025-11-15;22;119
25;2025-11-15;23;44
25;2025-11-16;0;15
25;2025-11-16;1;0
25;2025-11-16;2;0
25;2025-11-16;3;0
25;2025-11-16;4;0
25;2025-11-16;5;9
25;2025-11-16;6;101
25;2025-11-16;7;99
25;2025-11-16;8;188
25;2025-11-16;9;224
25;2025-11-16;10;213
25;2025-11-16;11;309
25;2025-11-16;12;372
25;2025-11-16;13;491
25;2025-11-16;14;568
25;2025-11-16;15;662
25;2025-11-16;16;551
25;2025-11-16;17;540
25;2025-11-16;18;432
25;2025-11-16;19;298
25;2025-11-16;20;237
25;2025-11-16;21;136
25;2025-11-16;22;94
25;2025-11-16;23;34
25;2025-11-17;0;8
25;2025-11-17;1;0
25;2025-11-17;2;0
25;2025-11-17;3;0
25;2025-11-17;4;0
25;2025-11-17;5;26
25;2025-11-17;6;269
25;2025-11-17;7;539
25;2025-11-17;8;1026
25;2025-11-17;9;549
25;2025-11-17;10;343
25;2025-11-17;11;415
25;2025-11-17;12;416
25;2025-11-17;13;541
25;2025-11-17;14;465
25;2025-11-17;15;514
25;2025-11-17;16;667
25;2025-11-17;17;732
25;2025-11-17;18;753
25;2025-11-17;19;588
25;2025-11-17;20;319
25;2025-11-17;21;184
25;2025-11-17;22;84
25;2025-11-17;23;5
25;2025-11-18;0;0
25;2025-11-18;1;0
25;2025-11-18;2;0
25;2025-11-18;3;0
25;2025-11-18;4;0
25;2025-11-18;5;19
25;2025-11-18;6;270
25;2025-11-18;7;544
25;2025-11-18;8;887
25;2025-11-18;9;435
25;2025-11-18;10;359
25;2025-11-18;11;441
25;2025-11-18;12;429
25;2025-11-18;13;515
25;2025-11-18;14;461
25;2025-11-18;15;601
25;2025-11-18;16;700
25;2025-11-18;17;819
25;2025-11-18;18;766
25;2025-11-18;19;602
25;2025-11-18;20;334
25;2025-11-18;21;234
25;2025-11-18;22;90
25;2025-11-18;23;6
25;2025-11-19;0;0
25;2025-11-19;1;0
25;2025-11-19;2;0
25;2025-11-19;3;0
25;2025-11-19;4;0
25;2025-11-19;5;21
25;2025-11-19;6;280
25;2025-11-19;7;544
25;2025-11-19;8;918
25;2025-11-19;9;464
25;2025-11-19;10;384
25;2025-11-19;11;457
25;2025-11-19;12;444
25;2025-11-19;13;550
25;2025-11-19;14;492
25;2025-11-19;15;622
25;2025-11-19;16;700
25;2025-11-19;17;819
25;2025-11-19;18;793
25;2025-11-19;19;623
25;2025-11-19;20;345
25;2025-11-19;21;234
25;2025-11-19;22;90
25;2025-11-19;23;6
25;2025-11-20;0;0
25;2025-11-20;1;0
25;2025-11-20;2;0
25;2025-11-20;3;0
25;2025-11-20;4;0
25;2025-11-20;5;21
25;2025-11-20;6;280
25;2025-11-20;7;544
25;2025-11-20;8;918
25;2025-11-20;9;464
25;2025-11-20;10;384
25;2025-11-20;11;457
25;2025-11-20;12;444
25;2025-11-20;13;550
25;2025-11-20;14;492
25;2025-11-20;15;622
25;2025-11-20;16;700
25;2025-11-20;17;819
25;2025-11-20;18;793
25;2025-11-20;19;623
25;2025-11-20;20;345
25;2025-11-20;21;234
25;2025-11-20;22;90
25;2025-11-20;23;6
25;2025-11-21;0;0
25;2025-11-21;1;0
25;2025-11-21;2;0
25;2025-11-21;3;0
25;2025-11-21;4;0
25;2025-11-21;5;20
25;2025-11-21;6;290
25;2025-11-21;7;612
25;2025-11-21;8;950
25;2025-11-21;9;482
25;2025-11-21;10;427
25;2025-11-21;11;513
25;2025-11-21;12;462
25;2025-11-21;13;601
25;2025-11-21;14;515
25;2025-11-21;15;700
25;2025-11-21;16;907
25;2025-11-21;17;887
25;2025-11-21;18;766
25;2025-11-21;19;678
25;2025-11-21;20;371
25;2025-11-21;21;249
25;2025-11-21;22;117
25;2025-11-21;23;16
25;2025-11-22;0;0
25;2025-11-22;1;0
25;2025-11-22;2;0
25;2025-11-22;3;0
25;2025-11-22;4;0
25;2025-11-22;5;19
25;2025-11-22;6;136
25;2025-11-22;7;137
25;2025-11-22;8;305
25;2025-11-22;9;251
25;2025-11-22;10;296
25;2025-11-22;11;398
25;2025-11-22;12;400
25;2025-11-22;13;664
25;2025-11-22;14;674
25;2025-11-22;15;797
25;2025-11-22;16;708
25;2025-11-22;17;586
25;2025-11-22;18;522
25;2025-11-22;19;451
25;2025-11-22;20;257
25;2025-11-22;21;182
25;2025-11-22;22;115
25;2025-11-22;23;42
25;2025-11-23;0;14
25;2025-11-23;1;0
25;2025-11-23;2;0
25;2025-11-23;3;0
25;2025-11-23;4;0
25;2025-11-23;5;9
25;2025-11-23;6;101
25;2025-11-23;7;99
25;2025-11-23;8;188
25;2025-11-23;9;224
25;2025-11-23;10;213
25;2025-11-23;11;309
25;2025-11-23;12;372
25;2025-11-23;13;491
25;2025-11-23;14;568
25;2025-11-23;15;662
25;2025-11-23;16;551
25;2025-11-23;17;540
25;2025-11-23;18;432
25;2025-11-23;19;298
25;2025-11-23;20;237
25;2025-11-23;21;136
25;2025-11-23;22;94
25;2025-11-23;23;34
25;2025-11-24;0;8
25;2025-11-24;1;0
25;2025-11-24;2;0
25;2025-11-24;3;0
25;2025-11-24;4;0
25;2025-11-24;5;24
25;2025-11-24;6;252
25;2025-11-24;7;521
25;2025-11-24;8;991
25;2025-11-24;9;531
25;2025-11-24;10;333
25;2025-11-24;11;403
25;2025-11-24;12;416
25;2025-11-24;13;558
25;2025-11-24;14;480
25;2025-11-24;15;514
25;2025-11-24;16;691
25;2025-11-24;17;758
25;2025-11-24;18;753
25;2025-11-24;19;588
25;2025-11-24;20;319
25;2025-11-24;21;191
25;2025-11-24;22;84
25;2025-11-24;23;5
25;2025-11-25;0;0
25;2025-11-25;1;0
25;2025-11-25;2;0
25;2025-11-25;3;0
25;2025-11-25;4;0
25;2025-11-25;5;21
25;2025-11-25;6;280
25;2025-11-25;7;544
25;2025-11-25;8;918
25;2025-11-25;9;464
25;2025-11-25;10;384
25;2025-11-25;11;457
25;2025-11-25;12;444
25;2025-11-25;13;550
25;2025-11-25;14;492
25;2025-11-25;15;622
25;2025-11-25;16;700
25;2025-11-25;17;819
25;2025-11-25;18;793
25;2025-11-25;19;623
25;2025-11-25;20;345
25;2025-11-25;21;234
25;2025-11-25;22;90
25;2025-11-25;23;6
25;2025-11-26;0;0
25;2025-11-26;1;0
25;2025-11-26;2;0
25;2025-11-26;3;0
25;2025-11-26;4;0
25;2025-11-26;5;19
25;2025-11-26;6;262
25;2025-11-26;7;525
25;2025-11-26;8;887
25;2025-11-26;9;449
25;2025-11-26;10;371
25;2025-11-26;11;441
25;2025-11-26;12;429
25;2025-11-26;13;531
25;2025-11-26;14;476
25;2025-11-26;15;601
25;2025-11-26;16;677
25;2025-11-26;17;791
25;2025-11-26;18;766
25;2025-11-26;19;602
25;2025-11-26;20;334
25;2025-11-26;21;226
25;2025-11-26;22;86
25;2025-11-26;23;6
25;2025-11-27;0;0
25;2025-11-27;1;0
25;2025-11-27;2;0
25;2025-11-27;3;0
25;2025-11-27;4;0
25;2025-11-27;5;21
25;2025-11-27;6;280
25;2025-11-27;7;544
25;2025-11-27;8;918
25;2025-11-27;9;464
25;2025-11-27;10;384
25;2025-11-27;11;441
25;2025-11-27;12;429
25;2025-11-27;13;531
25;2025-11-27;14;476
25;2025-11-27;15;622
25;2025-11-27;16;700
25;2025-11-27;17;791
25;2025-11-27;18;743
25;2025-11-27;19;602
25;2025-11-27;20;334
25;2025-11-27;21;226
25;2025-11-27;22;84
25;2025-11-27;23;6
25;2025-11-28;0;0
25;2025-11-28;1;0
25;2025-11-28;2;0
25;2025-11-28;3;0
25;2025-11-28;4;0
25;2025-11-28;5;20
25;2025-11-28;6;300
25;2025-11-28;7;634
25;2025-11-28;8;950
25;2025-11-28;9;482
25;2025-11-28;10;427
25;2025-11-28;11;513
25;2025-11-28;12;478
25;2025-11-28;13;601
25;2025-11-28;14;515
25;2025-11-28;15;700
25;2025-11-28;16;907
25;2025-11-28;17;887
25;2025-11-28;18;766
25;2025-11-28;19;678
25;2025-11-28;20;371
25;2025-11-28;21;249
25;2025-11-28;22;117
25;2025-11-28;23;16
25;2025-11-29;0;0
25;2025-11-29;1;0
25;2025-11-29;2;0
25;2025-11-29;3;0
25;2025-11-29;4;0
25;2025-11-29;5;21
25;2025-11-29;6;141
25;2025-11-29;7;142
25;2025-11-29;8;316
25;2025-11-29;9;260
25;2025-11-29;10;296
25;2025-11-29;11;398
25;2025-11-29;12;400
25;2025-11-29;13;664
25;2025-11-29;14;674
25;2025-11-29;15;797
25;2025-11-29;16;708
25;2025-11-29;17;586
25;2025-11-29;18;522
25;2025-11-29;19;451
25;2025-11-29;20;257
25;2025-11-29;21;188
25;2025-11-29;22;119
25;2025-11-29;23;44
25;2025-11-30;0;14
25;2025-11-30;1;0
25;2025-11-30;2;0
25;2025-11-30;3;0
25;2025-11-30;4;0
25;2025-11-30;5;9
25;2025-11-30;6;101
25;2025-11-30;7;99
25;2025-11-30;8;188
25;2025-11-30;9;224
25;2025-11-30;10;213
25;2025-11-30;11;309
25;2025-11-30;12;372
25;2025-11-30;13;491
25;2025-11-30;14;568
25;2025-11-30;15;662
25;2025-11-30;16;551
25;2025-11-30;17;540
25;2025-11-30;18;432
25;2025-11-30;19;298
25;2025-11-30;20;237
25;2025-11-30;21;136
25;2025-11-30;22;94
25;2025-11-30;23;34
25;2025-12-01;0;8
25;2025-12-01;1;0
25;2025-12-01;2;0
25;2025-12-01;3;0
25;2025-12-01;4;0
25;2025-12-01;5;26
25;2025-12-01;6;269
25;2025-12-01;7;539
25;2025-12-01;8;1026
25;2025-12-01;9;549
25;2025-12-01;10;355
25;2025-12-01;11;430
25;2025-12-01;12;431
25;2025-12-01;13;578
25;2025-12-01;14;497
25;2025-12-01;15;533
25;2025-12-01;16;691
25;2025-12-01;17;758
25;2025-12-01;18;753
25;2025-12-01;19;588
25;2025-12-01;20;319
25;2025-12-01;21;191
25;2025-12-01;22;84
25;2025-12-01;23;5
25;2025-12-02;0;0
25;2025-12-02;1;0
25;2025-12-02;2;0
25;2025-12-02;3;0
25;2025-12-02;4;0
25;2025-12-02;5;21
25;2025-12-02;6;280
25;2025-12-02;7;544
25;2025-12-02;8;918
25;2025-12-02;9;464
25;2025-12-02;10;384
25;2025-12-02;11;457
25;2025-12-02;12;444
25;2025-12-02;13;550
25;2025-12-02;14;492
25;2025-12-02;15;622
25;2025-12-02;16;700
25;2025-12-02;17;819
25;2025-12-02;18;793
25;2025-12-02;19;623
25;2025-12-02;20;345
25;2025-12-02;21;234
25;2025-12-02;22;90
25;2025-12-02;23;6
25;2025-12-03;0;0
25;2025-12-03;1;0
25;2025-12-03;2;0
25;2025-12-03;3;0
25;2025-12-03;4;0
25;2025-12-03;5;21
25;2025-12-03;6;280
25;2025-12-03;7;544
25;2025-12-03;8;918
25;2025-12-03;9;464
25;2025-12-03;10;384
25;2025-12-03;11;457
25;2025-12-03;12;444
25;2025-12-03;13;550
25;2025-12-03;14;492
25;2025-12-03;15;622
25;2025-12-03;16;700
25;2025-12-03;17;819
25;2025-12-03;18;793
25;2025-12-03;19;623
25;2025-12-03;20;345
25;2025-12-03;21;234
25;2025-12-03;22;90
25;2025-12-03;23;6
25;2025-12-04;0;0
25;2025-12-04;1;0
25;2025-12-04;2;0
25;2025-12-04;3;0
25;2025-12-04;4;0
25;2025-12-04;5;21
25;2025-12-04;6;280
25;2025-12-04;7;544
25;2025-12-04;8;918
25;2025-12-04;9;464
25;2025-12-04;10;384
25;2025-12-04;11;457
25;2025-12-04;12;444
25;2025-12-04;13;550
25;2025-12-04;14;492
25;2025-12-04;15;622
25;2025-12-04;16;700
25;2025-12-04;17;819
25;2025-12-04;18;793
25;2025-12-04;19;623
25;2025-12-04;20;345
25;2025-12-04;21;234
25;2025-12-04;22;90
25;2025-12-04;23;6
25;2025-12-05;0;0
25;2025-12-05;1;0
25;2025-12-05;2;0
25;2025-12-05;3;0
25;2025-12-05;4;0
25;2025-12-05;5;20
25;2025-12-05;6;300
25;2025-12-05;7;634
25;2025-12-05;8;950
25;2025-12-05;9;482
25;2025-12-05;10;427
25;2025-12-05;11;513
25;2025-12-05;12;478
25;2025-12-05;13;601
25;2025-12-05;14;515
25;2025-12-05;15;700
25;2025-12-05;16;907
25;2025-12-05;17;887
25;2025-12-05;18;766
25;2025-12-05;19;678
25;2025-12-05;20;371
25;2025-12-05;21;249
25;2025-12-05;22;117
25;2025-12-05;23;16
25;2025-12-06;0;0
25;2025-12-06;1;0
25;2025-12-06;2;0
25;2025-12-06;3;0
25;2025-12-06;4;0
25;2025-12-06;5;21
25;2025-12-06;6;141
25;2025-12-06;7;142
25;2025-12-06;8;316
25;2025-12-06;9;260
25;2025-12-06;10;296
25;2025-12-06;11;398
25;2025-12-06;12;400
25;2025-12-06;13;664
25;2025-12-06;14;674
25;2025-12-06;15;797
25;2025-12-06;16;708
25;2025-12-06;17;586
25;2025-12-06;18;522
25;2025-12-06;19;451
25;2025-12-06;20;257
25;2025-12-06;21;188
25;2025-12-06;22;119
25;2025-12-06;23;44
25;2025-12-07;0;15
25;2025-12-07;1;0
25;2025-12-07;2;0
25;2025-12-07;3;0
25;2025-12-07;4;0
25;2025-12-07;5;9
25;2025-12-07;6;101
25;2025-12-07;7;99
25;2025-12-07;8;188
25;2025-12-07;9;224
25;2025-12-07;10;213
25;2025-12-07;11;309
25;2025-12-07;12;372
25;2025-12-07;13;491
25;2025-12-07;14;568
25;2025-12-07;15;662
25;2025-12-07;16;551
25;2025-12-07;17;540
25;2025-12-07;18;432
25;2025-12-07;19;298
25;2025-12-07;20;237
25;2025-12-07;21;136
25;2025-12-07;22;94
25;2025-12-07;23;34
25;2025-12-08;0;8
25;2025-12-08;1;0
25;2025-12-08;2;0
25;2025-12-08;3;0
25;2025-12-08;4;0
25;2025-12-08;5;26
25;2025-12-08;6;269
25;2025-12-08;7;539
25;2025-12-08;8;1026
25;2025-12-08;9;549
25;2025-12-08;10;355
25;2025-12-08;11;430
25;2025-12-08;12;431
25;2025-12-08;13;578
25;2025-12-08;14;497
25;2025-12-08;15;533
25;2025-12-08;16;691
25;2025-12-08;17;758
25;2025-12-08;18;753
25;2025-12-08;19;588
25;2025-12-08;20;319
25;2025-12-08;21;191
25;2025-12-08;22;84
25;2025-12-08;23;5
25;2025-12-09;0;0
25;2025-12-09;1;0
25;2025-12-09;2;0
25;2025-12-09;3;0
25;2025-12-09;4;0
25;2025-12-09;5;21
25;2025-12-09;6;280
25;2025-12-09;7;544
25;2025-12-09;8;918
25;2025-12-09;9;464
25;2025-12-09;10;384
25;2025-12-09;11;457
25;2025-12-09;12;444
25;2025-12-09;13;550
25;2025-12-09;14;492
25;2025-12-09;15;622
25;2025-12-09;16;700
25;2025-12-09;17;819
25;2025-12-09;18;793
25;2025-12-09;19;623
25;2025-12-09;20;345
25;2025-12-09;21;234
25;2025-12-09;22;86
25;2025-12-09;23;6
25;2025-12-10;0;0
25;2025-12-10;1;0
25;2025-12-10;2;0
25;2025-12-10;3;0
25;2025-12-10;4;0
25;2025-12-10;5;20
25;2025-12-10;6;270
25;2025-12-10;7;525
25;2025-12-10;8;887
25;2025-12-10;9;449
25;2025-12-10;10;371
25;2025-12-10;11;441
25;2025-12-10;12;444
25;2025-12-10;13;550
25;2025-12-10;14;492
25;2025-12-10;15;622
25;2025-12-10;16;700
25;2025-12-10;17;819
25;2025-12-10;18;793
25;2025-12-10;19;623
25;2025-12-10;20;345
25;2025-12-10;21;234
25;2025-12-10;22;90
25;2025-12-10;23;6
25;2025-12-11;0;0
25;2025-12-11;1;0
25;2025-12-11;2;0
25;2025-12-11;3;0
25;2025-12-11;4;0
25;2025-12-11;5;21
25;2025-12-11;6;280
25;2025-12-11;7;544
25;2025-12-11;8;860
25;2025-12-11;9;449
25;2025-12-11;10;371
25;2025-12-11;11;441
25;2025-12-11;12;429
25;2025-12-11;13;531
25;2025-12-11;14;492
25;2025-12-11;15;601
25;2025-12-11;16;677
25;2025-12-11;17;791
25;2025-12-11;18;766
25;2025-12-11;19;602
25;2025-12-11;20;334
25;2025-12-11;21;226
25;2025-12-11;22;86
25;2025-12-11;23;6
25;2025-12-12;0;0
25;2025-12-12;1;0
25;2025-12-12;2;0
25;2025-12-12;3;0
25;2025-12-12;4;0
25;2025-12-12;5;20
25;2025-12-12;6;290
25;2025-12-12;7;634
25;2025-12-12;8;918
25;2025-12-12;9;482
25;2025-12-12;10;413
25;2025-12-12;11;513
25;2025-12-12;12;462
25;2025-12-12;13;564
25;2025-12-12;14;482
25;2025-12-12;15;655
25;2025-12-12;16;876
25;2025-12-12;17;857
25;2025-12-12;18;766
25;2025-12-12;19;678
25;2025-12-12;20;371
25;2025-12-12;21;249
25;2025-12-12;22;113
25;2025-12-12;23;16
25;2025-12-13;0;0
25;2025-12-13;1;0
25;2025-12-13;2;0
25;2025-12-13;3;0
25;2025-12-13;4;0
25;2025-12-13;5;20
25;2025-12-13;6;141
25;2025-12-13;7;137
25;2025-12-13;8;316
25;2025-12-13;9;260
25;2025-12-13;10;296
25;2025-12-13;11;398
25;2025-12-13;12;400
25;2025-12-13;13;664
25;2025-12-13;14;674
25;2025-12-13;15;797
25;2025-12-13;16;708
25;2025-12-13;17;586
25;2025-12-13;18;522
25;2025-12-13;19;451
25;2025-12-13;20;248
25;2025-12-13;21;182
25;2025-12-13;22;119
25;2025-12-13;23;42
25;2025-12-14;0;14
25;2025-12-14;1;0
25;2025-12-14;2;0
25;2025-12-14;3;0
25;2025-12-14;4;0
25;2025-12-14;5;9
25;2025-12-14;6;101
25;2025-12-14;7;99
25;2025-12-14;8;181
25;2025-12-14;9;224
25;2025-12-14;10;213
25;2025-12-14;11;309
25;2025-12-14;12;372
25;2025-12-14;13;491
25;2025-12-14;14;568
25;2025-12-14;15;662
25;2025-12-14;16;551
25;2025-12-14;17;540
25;2025-12-14;18;432
25;2025-12-14;19;298
25;2025-12-14;20;237
25;2025-12-14;21;136
25;2025-12-14;22;94
25;2025-12-14;23;34
25;2025-12-15;0;8
25;2025-12-15;1;0
25;2025-12-15;2;0
25;2025-12-15;3;0
25;2025-12-15;4;0
25;2025-12-15;5;26
25;2025-12-15;6;269
25;2025-12-15;7;539
25;2025-12-15;8;1026
25;2025-12-15;9;549
25;2025-12-15;10;355
25;2025-12-15;11;415
25;2025-12-15;12;431
25;2025-12-15;13;578
25;2025-12-15;14;497
25;2025-12-15;15;533
25;2025-12-15;16;691
25;2025-12-15;17;758
25;2025-12-15;18;753
25;2025-12-15;19;588
25;2025-12-15;20;319
25;2025-12-15;21;191
25;2025-12-15;22;84
25;2025-12-15;23;5
25;2025-12-16;0;0
25;2025-12-16;1;0
25;2025-12-16;2;0
25;2025-12-16;3;0
25;2025-12-16;4;0
25;2025-12-16;5;21
25;2025-12-16;6;280
25;2025-12-16;7;544
25;2025-12-16;8;918
25;2025-12-16;9;464
25;2025-12-16;10;371
25;2025-12-16;11;441
25;2025-12-16;12;429
25;2025-12-16;13;515
25;2025-12-16;14;476
25;2025-12-16;15;622
25;2025-12-16;16;700
25;2025-12-16;17;819
25;2025-12-16;18;793
25;2025-12-16;19;623
25;2025-12-16;20;345
25;2025-12-16;21;234
25;2025-12-16;22;90
25;2025-12-16;23;6
25;2025-12-17;0;0
25;2025-12-17;1;0
25;2025-12-17;2;0
25;2025-12-17;3;0
25;2025-12-17;4;0
25;2025-12-17;5;21
25;2025-12-17;6;280
25;2025-12-17;7;544
25;2025-12-17;8;918
25;2025-12-17;9;464
25;2025-12-17;10;384
25;2025-12-17;11;457
25;2025-12-17;12;444
25;2025-12-17;13;550
25;2025-12-17;14;492
25;2025-12-17;15;622
25;2025-12-17;16;700
25;2025-12-17;17;819
25;2025-12-17;18;793
25;2025-12-17;19;623
25;2025-12-17;20;345
25;2025-12-17;21;234
25;2025-12-17;22;90
25;2025-12-17;23;6
25;2025-12-18;0;0
25;2025-12-18;1;0
25;2025-12-18;2;0
25;2025-12-18;3;0
25;2025-12-18;4;0
25;2025-12-18;5;21
25;2025-12-18;6;280
25;2025-12-18;7;544
25;2025-12-18;8;918
25;2025-12-18;9;464
25;2025-12-18;10;384
25;2025-12-18;11;457
25;2025-12-18;12;444
25;2025-12-18;13;550
25;2025-12-18;14;492
25;2025-12-18;15;622
25;2025-12-18;16;700
25;2025-12-18;17;819
25;2025-12-18;18;793
25;2025-12-18;19;623
25;2025-12-18;20;345
25;2025-12-18;21;234
25;2025-12-18;22;90
25;2025-12-18;23;6
25;2025-12-19;0;0
25;2025-12-19;1;0
25;2025-12-19;2;0
25;2025-12-19;3;0
25;2025-12-19;4;0
25;2025-12-19;5;20
25;2025-12-19;6;300
25;2025-12-19;7;634
25;2025-12-19;8;950
25;2025-12-19;9;482
25;2025-12-19;10;427
25;2025-12-19;11;513
25;2025-12-19;12;478
25;2025-12-19;13;601
25;2025-12-19;14;515
25;2025-12-19;15;700
25;2025-12-19;16;907
25;2025-12-19;17;857
25;2025-12-19;18;740
25;2025-12-19;19;678
25;2025-12-19;20;371
25;2025-12-19;21;249
25;2025-12-19;22;117
25;2025-12-19;23;16
25;2025-12-20;0;0
25;2025-12-20;1;0
25;2025-12-20;2;0
25;2025-12-20;3;0
25;2025-12-20;4;0
25;2025-12-20;5;21
25;2025-12-20;6;141
25;2025-12-20;7;142
25;2025-12-20;8;316
25;2025-12-20;9;260
25;2025-12-20;10;296
25;2025-12-20;11;398
25;2025-12-20;12;400
25;2025-12-20;13;664
25;2025-12-20;14;674
25;2025-12-20;15;797
25;2025-12-20;16;708
25;2025-12-20;17;586
25;2025-12-20;18;522
25;2025-12-20;19;451
25;2025-12-20;20;257
25;2025-12-20;21;188
25;2025-12-20;22;119
25;2025-12-20;23;44
25;2025-12-21;0;15
25;2025-12-21;1;0
25;2025-12-21;2;0
25;2025-12-21;3;0
25;2025-12-21;4;0
25;2025-12-21;5;9
25;2025-12-21;6;97
25;2025-12-21;7;96
25;2025-12-21;8;188
25;2025-12-21;9;224
25;2025-12-21;10;213
25;2025-12-21;11;309
25;2025-12-21;12;372
25;2025-12-21;13;491
25;2025-12-21;14;568
25;2025-12-21;15;662
25;2025-12-21;16;551
25;2025-12-21;17;540
25;2025-12-21;18;432
25;2025-12-21;19;298
25;2025-12-21;20;237
25;2025-12-21;21;136
25;2025-12-21;22;90
25;2025-12-21;23;34
25;2025-12-22;0;8
25;2025-12-22;1;0
25;2025-12-22;2;0
25;2025-12-22;3;0
25;2025-12-22;4;0
25;2025-12-22;5;26
25;2025-12-22;6;269
25;2025-12-22;7;539
25;2025-12-22;8;1026
25;2025-12-22;9;531
25;2025-12-22;10;343
25;2025-12-22;11;415
25;2025-12-22;12;416
25;2025-12-22;13;578
25;2025-12-22;14;497
25;2025-12-22;15;514
25;2025-12-22;16;691
25;2025-12-22;17;758
25;2025-12-22;18;727
25;2025-12-22;19;588
25;2025-12-22;20;319
25;2025-12-22;21;191
25;2025-12-22;22;81
25;2025-12-22;23;4
25;2025-12-23;0;0
25;2025-12-23;1;0
25;2025-12-23;2;0
25;2025-12-23;3;0
25;2025-12-23;4;0
25;2025-12-23;5;21
25;2025-12-23;6;280
25;2025-12-23;7;544
25;2025-12-23;8;918
25;2025-12-23;9;464
25;2025-12-23;10;384
25;2025-12-23;11;457
25;2025-12-23;12;444
25;2025-12-23;13;550
25;2025-12-23;14;492
25;2025-12-23;15;622
25;2025-12-23;16;700
25;2025-12-23;17;819
25;2025-12-23;18;793
25;2025-12-23;19;623
25;2025-12-23;20;345
25;2025-12-23;21;234
25;2025-12-23;22;90
25;2025-12-23;23;6
25;2025-12-24;0;0
25;2025-12-24;1;0
25;2025-12-24;2;0
25;2025-12-24;3;0
25;2025-12-24;4;0
25;2025-12-24;5;21
25;2025-12-24;6;280
25;2025-12-24;7;544
25;2025-12-24;8;918
25;2025-12-24;9;464
25;2025-12-24;10;384
25;2025-12-24;11;457
25;2025-12-24;12;429
25;2025-12-24;13;531
25;2025-12-24;14;492
25;2025-12-24;15;601
25;2025-12-24;16;700
25;2025-12-24;17;819
25;2025-12-24;18;766
25;2025-12-24;19;623
25;2025-12-24;20;345
25;2025-12-24;21;226
25;2025-12-24;22;86
25;2025-12-24;23;6
25;2025-12-25;0;0
25;2025-12-25;1;0
25;2025-12-25;2;0
25;2025-12-25;3;0
25;2025-12-25;4;0
25;2025-12-25;5;21
25;2025-12-25;6;270
25;2025-12-25;7;544
25;2025-12-25;8;918
25;2025-12-25;9;464
25;2025-12-25;10;384
25;2025-12-25;11;457
25;2025-12-25;12;444
25;2025-12-25;13;550
25;2025-12-25;14;492
25;2025-12-25;15;622
25;2025-12-25;16;700
25;2025-12-25;17;791
25;2025-12-25;18;766
25;2025-12-25;19;602
25;2025-12-25;20;334
25;2025-12-25;21;226
25;2025-12-25;22;84
25;2025-12-25;23;6
25;2025-12-26;0;0
25;2025-12-26;1;0
25;2025-12-26;2;0
25;2025-12-26;3;0
25;2025-12-26;4;0
25;2025-12-26;5;20
25;2025-12-26;6;281
25;2025-12-26;7;612
25;2025-12-26;8;918
25;2025-12-26;9;466
25;2025-12-26;10;413
25;2025-12-26;11;481
25;2025-12-26;12;462
25;2025-12-26;13;581
25;2025-12-26;14;497
25;2025-12-26;15;676
25;2025-12-26;16;876
25;2025-12-26;17;857
25;2025-12-26;18;740
25;2025-12-26;19;655
25;2025-12-26;20;359
25;2025-12-26;21;241
25;2025-12-26;22;113
25;2025-12-26;23;16
25;2025-12-27;0;0
25;2025-12-27;1;0
25;2025-12-27;2;0
25;2025-12-27;3;0
25;2025-12-27;4;0
25;2025-12-27;5;21
25;2025-12-27;6;141
25;2025-12-27;7;142
25;2025-12-27;8;316
25;2025-12-27;9;251
25;2025-12-27;10;296
25;2025-12-27;11;398
25;2025-12-27;12;400
25;2025-12-27;13;664
25;2025-12-27;14;674
25;2025-12-27;15;797
25;2025-12-27;16;708
25;2025-12-27;17;586
25;2025-12-27;18;522
25;2025-12-27;19;451
25;2025-12-27;20;257
25;2025-12-27;21;182
25;2025-12-27;22;115
25;2025-12-27;23;42
25;2025-12-28;0;14
25;2025-12-28;1;0
25;2025-12-28;2;0
25;2025-12-28;3;0
25;2025-12-28;4;0
25;2025-12-28;5;9
25;2025-12-28;6;97
25;2025-12-28;7;96
25;2025-12-28;8;181
25;2025-12-28;9;217
25;2025-12-28;10;206
25;2025-12-28;11;298
25;2025-12-28;12;359
25;2025-12-28;13;475
25;2025-12-28;14;549
25;2025-12-28;15;640
25;2025-12-28;16;551
25;2025-12-28;17;540
25;2025-12-28;18;432
25;2025-12-28;19;298
25;2025-12-28;20;229
25;2025-12-28;21;132
25;2025-12-28;22;90
25;2025-12-28;23;34
25;2025-12-29;0;7
25;2025-12-29;1;0
25;2025-12-29;2;0
25;2025-12-29;3;0
25;2025-12-29;4;0
25;2025-12-29;5;21
25;2025-12-29;6;229
25;2025-12-29;7;458
25;2025-12-29;8;842
25;2025-12-29;9;451
25;2025-12-29;10;292
25;2025-12-29;11;353
25;2025-12-29;12;354
25;2025-12-29;13;474
25;2025-12-29;14;408
25;2025-12-29;15;437
25;2025-12-29;16;567
25;2025-12-29;17;623
25;2025-12-29;18;618
25;2025-12-29;19;482
25;2025-12-29;20;262
25;2025-12-29;21;157
25;2025-12-29;22;69
25;2025-12-29;23;4
25;2025-12-30;0;0
25;2025-12-30;1;0
25;2025-12-30;2;0
25;2025-12-30;3;0
25;2025-12-30;4;0
25;2025-12-30;5;17
25;2025-12-30;6;230
25;2025-12-30;7;446
25;2025-12-30;8;754
25;2025-12-30;9;381
25;2025-12-30;10;315
25;2025-12-30;11;375
25;2025-12-30;12;364
25;2025-12-30;13;452
25;2025-12-30;14;404
25;2025-12-30;15;511
25;2025-12-30;16;575
25;2025-12-30;17;672
25;2025-12-30;18;651
25;2025-12-30;19;512
25;2025-12-30;20;284
25;2025-12-30;21;192
25;2025-12-30;22;74
25;2025-12-30;23;5
25;2025-12-31;0;12
25;2025-12-31;1;0
25;2025-12-31;2;0
25;2025-12-31;3;0
25;2025-12-31;4;0
25;2025-12-31;5;7
25;2025-12-31;6;83
25;2025-12-31;7;81
25;2025-12-31;8;154
25;2025-12-31;9;184
25;2025-12-31;10;175
25;2025-12-31;11;254
25;2025-12-31;12;316
25;2025-12-31;13;404
25;2025-12-31;14;467
25;2025-12-31;15;544
25;2025-12-31;16;468
25;2025-12-31;17;459
25;2025-12-31;18;355
25;2025-12-31;19;245
25;2025-12-31;20;202
25;2025-12-31;21;116
25;2025-12-31;22;77
25;2025-12-31;23;28
26;2025-11-01;0;25
26;2025-11-01;1;0
26;2025-11-01;2;0
26;2025-11-01;3;0
26;2025-11-01;4;1
26;2025-11-01;5;70
26;2025-11-01;6;403
26;2025-11-01;7;860
26;2025-11-01;8;1837
26;2025-11-01;9;1152
26;2025-11-01;10;1035
26;2025-11-01;11;911
26;2025-11-01;12;926
26;2025-11-01;13;949
26;2025-11-01;14;1124
26;2025-11-01;15;1132
26;2025-11-01;16;1363
26;2025-11-01;17;1495
26;2025-11-01;18;1086
26;2025-11-01;19;855
26;2025-11-01;20;544
26;2025-11-01;21;390
26;2025-11-01;22;166
26;2025-11-01;23;131
26;2025-11-02;0;49
26;2025-11-02;1;3
26;2025-11-02;2;0
26;2025-11-02;3;0
26;2025-11-02;4;2
26;2025-11-02;5;22
26;2025-11-02;6;157
26;2025-11-02;7;263
26;2025-11-02;8;390
26;2025-11-02;9;513
26;2025-11-02;10;585
26;2025-11-02;11;821
26;2025-11-02;12;820
26;2025-11-02;13;838
26;2025-11-02;14;866
26;2025-11-02;15;787
26;2025-11-02;16;744
26;2025-11-02;17;768
26;2025-11-02;18;699
26;2025-11-02;19;512
26;2025-11-02;20;394
26;2025-11-02;21;279
26;2025-11-02;22;163
26;2025-11-02;23;101
26;2025-11-03;0;49
26;2025-11-03;1;3
26;2025-11-03;2;0
26;2025-11-03;3;0
26;2025-11-03;4;2
26;2025-11-03;5;22
26;2025-11-03;6;157
26;2025-11-03;7;263
26;2025-11-03;8;390
26;2025-11-03;9;513
26;2025-11-03;10;585
26;2025-11-03;11;793
26;2025-11-03;12;792
26;2025-11-03;13;838
26;2025-11-03;14;836
26;2025-11-03;15;760
26;2025-11-03;16;744
26;2025-11-03;17;768
26;2025-11-03;18;699
26;2025-11-03;19;512
26;2025-11-03;20;394
26;2025-11-03;21;279
26;2025-11-03;22;163
26;2025-11-03;23;101
26;2025-11-04;0;47
26;2025-11-04;1;3
26;2025-11-04;2;0
26;2025-11-04;3;0
26;2025-11-04;4;2
26;2025-11-04;5;22
26;2025-11-04;6;157
26;2025-11-04;7;263
26;2025-11-04;8;377
26;2025-11-04;9;495
26;2025-11-04;10;565
26;2025-11-04;11;793
26;2025-11-04;12;768
26;2025-11-04;13;813
26;2025-11-04;14;866
26;2025-11-04;15;787
26;2025-11-04;16;744
26;2025-11-04;17;768
26;2025-11-04;18;699
26;2025-11-04;19;512
26;2025-11-04;20;394
26;2025-11-04;21;279
26;2025-11-04;22;163
26;2025-11-04;23;101
26;2025-11-05;0;33
26;2025-11-05;1;1
26;2025-11-05;2;0
26;2025-11-05;3;0
26;2025-11-05;4;2
26;2025-11-05;5;101
26;2025-11-05;6;471
26;2025-11-05;7;1132
26;2025-11-05;8;2323
26;2025-11-05;9;1539
26;2025-11-05;10;1239
26;2025-11-05;11;1170
26;2025-11-05;12;1200
26;2025-11-05;13;1203
26;2025-11-05;14;1424
26;2025-11-05;15;1429
26;2025-11-05;16;1555
26;2025-11-05;17;1800
26;2025-11-05;18;1934
26;2025-11-05;19;1290
26;2025-11-05;20;791
26;2025-11-05;21;509
26;2025-11-05;22;212
26;2025-11-05;23;133
26;2025-11-06;0;33
26;2025-11-06;1;1
26;2025-11-06;2;0
26;2025-11-06;3;0
26;2025-11-06;4;2
26;2025-11-06;5;101
26;2025-11-06;6;471
26;2025-11-06;7;1132
26;2025-11-06;8;2323
26;2025-11-06;9;1539
26;2025-11-06;10;1239
26;2025-11-06;11;1131
26;2025-11-06;12;1200
26;2025-11-06;13;1203
26;2025-11-06;14;1424
26;2025-11-06;15;1381
26;2025-11-06;16;1502
26;2025-11-06;17;1800
26;2025-11-06;18;1934
26;2025-11-06;19;1290
26;2025-11-06;20;741
26;2025-11-06;21;509
26;2025-11-06;22;212
26;2025-11-06;23;129
26;2025-11-07;0;30
26;2025-11-07;1;1
26;2025-11-07;2;0
26;2025-11-07;3;0
26;2025-11-07;4;1
26;2025-11-07;5;81
26;2025-11-07;6;479
26;2025-11-07;7;1022
26;2025-11-07;8;2109
26;2025-11-07;9;1322
26;2025-11-07;10;1230
26;2025-11-07;11;1082
26;2025-11-07;12;1100
26;2025-11-07;13;1128
26;2025-11-07;14;1335
26;2025-11-07;15;1345
26;2025-11-07;16;1619
26;2025-11-07;17;1776
26;2025-11-07;18;1290
26;2025-11-07;19;1015
26;2025-11-07;20;647
26;2025-11-07;21;463
26;2025-11-07;22;197
26;2025-11-07;23;156
26;2025-11-08;0;49
26;2025-11-08;1;2
26;2025-11-08;2;0
26;2025-11-08;3;0
26;2025-11-08;4;1
26;2025-11-08;5;52
26;2025-11-08;6;252
26;2025-11-08;7;380
26;2025-11-08;8;625
26;2025-11-08;9;689
26;2025-11-08;10;855
26;2025-11-08;11;1013
26;2025-11-08;12;1110
26;2025-11-08;13;1110
26;2025-11-08;14;1157
26;2025-11-08;15;1025
26;2025-11-08;16;1073
26;2025-11-08;17;990
26;2025-11-08;18;927
26;2025-11-08;19;791
26;2025-11-08;20;543
26;2025-11-08;21;348
26;2025-11-08;22;212
26;2025-11-08;23;158
26;2025-11-09;0;49
26;2025-11-09;1;3
26;2025-11-09;2;0
26;2025-11-09;3;0
26;2025-11-09;4;2
26;2025-11-09;5;22
26;2025-11-09;6;157
26;2025-11-09;7;263
26;2025-11-09;8;390
26;2025-11-09;9;513
26;2025-11-09;10;585
26;2025-11-09;11;821
26;2025-11-09;12;820
26;2025-11-09;13;868
26;2025-11-09;14;866
26;2025-11-09;15;787
26;2025-11-09;16;744
26;2025-11-09;17;768
26;2025-11-09;18;699
26;2025-11-09;19;512
26;2025-11-09;20;394
26;2025-11-09;21;279
26;2025-11-09;22;163
26;2025-11-09;23;101
26;2025-11-10;0;25
26;2025-11-10;1;2
26;2025-11-10;2;0
26;2025-11-10;3;0
26;2025-11-10;4;1
26;2025-11-10;5;97
26;2025-11-10;6;471
26;2025-11-10;7;1160
26;2025-11-10;8;2324
26;2025-11-10;9;1490
26;2025-11-10;10;1247
26;2025-11-10;11;1059
26;2025-11-10;12;1097
26;2025-11-10;13;1176
26;2025-11-10;14;1327
26;2025-11-10;15;1368
26;2025-11-10;16;1502
26;2025-11-10;17;1787
26;2025-11-10;18;1960
26;2025-11-10;19;1237
26;2025-11-10;20;758
26;2025-11-10;21;493
26;2025-11-10;22;208
26;2025-11-10;23;114
26;2025-11-11;0;33
26;2025-11-11;1;1
26;2025-11-11;2;0
26;2025-11-11;3;0
26;2025-11-11;4;2
26;2025-11-11;5;101
26;2025-11-11;6;471
26;2025-11-11;7;1132
26;2025-11-11;8;2323
26;2025-11-11;9;1539
26;2025-11-11;10;1239
26;2025-11-11;11;1170
26;2025-11-11;12;1200
26;2025-11-11;13;1203
26;2025-11-11;14;1424
26;2025-11-11;15;1429
26;2025-11-11;16;1555
26;2025-11-11;17;1800
26;2025-11-11;18;1934
26;2025-11-11;19;1290
26;2025-11-11;20;791
26;2025-11-11;21;509
26;2025-11-11;22;212
26;2025-11-11;23;133
26;2025-11-12;0;33
26;2025-11-12;1;1
26;2025-11-12;2;0
26;2025-11-12;3;0
26;2025-11-12;4;2
26;2025-11-12;5;101
26;2025-11-12;6;471
26;2025-11-12;7;1132
26;2025-11-12;8;2323
26;2025-11-12;9;1539
26;2025-11-12;10;1197
26;2025-11-12;11;1131
26;2025-11-12;12;1160
26;2025-11-12;13;1162
26;2025-11-12;14;1375
26;2025-11-12;15;1381
26;2025-11-12;16;1555
26;2025-11-12;17;1800
26;2025-11-12;18;1868
26;2025-11-12;19;1290
26;2025-11-12;20;791
26;2025-11-12;21;509
26;2025-11-12;22;212
26;2025-11-12;23;133
26;2025-11-13;0;33
26;2025-11-13;1;1
26;2025-11-13;2;0
26;2025-11-13;3;0
26;2025-11-13;4;2
26;2025-11-13;5;101
26;2025-11-13;6;455
26;2025-11-13;7;1132
26;2025-11-13;8;2323
26;2025-11-13;9;1539
26;2025-11-13;10;1239
26;2025-11-13;11;1170
26;2025-11-13;12;1200
26;2025-11-13;13;1203
26;2025-11-13;14;1424
26;2025-11-13;15;1429
26;2025-11-13;16;1555
26;2025-11-13;17;1800
26;2025-11-13;18;1934
26;2025-11-13;19;1290
26;2025-11-13;20;791
26;2025-11-13;21;509
26;2025-11-13;22;212
26;2025-11-13;23;133
26;2025-11-14;0;30
26;2025-11-14;1;1
26;2025-11-14;2;0
26;2025-11-14;3;0
26;2025-11-14;4;1
26;2025-11-14;5;84
26;2025-11-14;6;479
26;2025-11-14;7;1022
26;2025-11-14;8;2183
26;2025-11-14;9;1368
26;2025-11-14;10;1230
26;2025-11-14;11;1082
26;2025-11-14;12;1100
26;2025-11-14;13;1128
26;2025-11-14;14;1335
26;2025-11-14;15;1345
26;2025-11-14;16;1619
26;2025-11-14;17;1776
26;2025-11-14;18;1290
26;2025-11-14;19;1015
26;2025-11-14;20;625
26;2025-11-14;21;448
26;2025-11-14;22;190
26;2025-11-14;23;150
26;2025-11-15;0;46
26;2025-11-15;1;1
26;2025-11-15;2;0
26;2025-11-15;3;0
26;2025-11-15;4;1
26;2025-11-15;5;49
26;2025-11-15;6;237
26;2025-11-15;7;356
26;2025-11-15;8;586
26;2025-11-15;9;645
26;2025-11-15;10;801
26;2025-11-15;11;950
26;2025-11-15;12;1073
26;2025-11-15;13;1072
26;2025-11-15;14;1157
26;2025-11-15;15;1025
26;2025-11-15;16;1073
26;2025-11-15;17;990
26;2025-11-15;18;927
26;2025-11-15;19;791
26;2025-11-15;20;543
26;2025-11-15;21;348
26;2025-11-15;22;212
26;2025-11-15;23;158
26;2025-11-16;0;49
26;2025-11-16;1;3
26;2025-11-16;2;0
26;2025-11-16;3;0
26;2025-11-16;4;2
26;2025-11-16;5;22
26;2025-11-16;6;157
26;2025-11-16;7;263
26;2025-11-16;8;390
26;2025-11-16;9;513
26;2025-11-16;10;585
26;2025-11-16;11;821
26;2025-11-16;12;820
26;2025-11-16;13;868
26;2025-11-16;14;866
26;2025-11-16;15;787
26;2025-11-16;16;744
26;2025-11-16;17;768
26;2025-11-16;18;699
26;2025-11-16;19;512
26;2025-11-16;20;394
26;2025-11-16;21;279
26;2025-11-16;22;163
26;2025-11-16;23;101
26;2025-11-17;0;25
26;2025-11-17;1;2
26;2025-11-17;2;0
26;2025-11-17;3;0
26;2025-11-17;4;1
26;2025-11-17;5;97
26;2025-11-17;6;471
26;2025-11-17;7;1160
26;2025-11-17;8;2324
26;2025-11-17;9;1490
26;2025-11-17;10;1205
26;2025-11-17;11;1023
26;2025-11-17;12;1060
26;2025-11-17;13;1102
26;2025-11-17;14;1244
26;2025-11-17;15;1321
26;2025-11-17;16;1451
26;2025-11-17;17;1726
26;2025-11-17;18;1960
26;2025-11-17;19;1237
26;2025-11-17;20;758
26;2025-11-17;21;476
26;2025-11-17;22;208
26;2025-11-17;23;114
26;2025-11-18;0;33
26;2025-11-18;1;1
26;2025-11-18;2;0
26;2025-11-18;3;0
26;2025-11-18;4;2
26;2025-11-18;5;94
26;2025-11-18;6;455
26;2025-11-18;7;1132
26;2025-11-18;8;2244
26;2025-11-18;9;1442
26;2025-11-18;10;1161
26;2025-11-18;11;1131
26;2025-11-18;12;1160
26;2025-11-18;13;1127
26;2025-11-18;14;1334
26;2025-11-18;15;1381
26;2025-11-18;16;1555
26;2025-11-18;17;1800
26;2025-11-18;18;1868
26;2025-11-18;19;1246
26;2025-11-18;20;764
26;2025-11-18;21;509
26;2025-11-18;22;212
26;2025-11-18;23;133
26;2025-11-19;0;33
26;2025-11-19;1;1
26;2025-11-19;2;0
26;2025-11-19;3;0
26;2025-11-19;4;2
26;2025-11-19;5;101
26;2025-11-19;6;471
26;2025-11-19;7;1132
26;2025-11-19;8;2323
26;2025-11-19;9;1539
26;2025-11-19;10;1239
26;2025-11-19;11;1170
26;2025-11-19;12;1200
26;2025-11-19;13;1203
26;2025-11-19;14;1424
26;2025-11-19;15;1429
26;2025-11-19;16;1555
26;2025-11-19;17;1800
26;2025-11-19;18;1934
26;2025-11-19;19;1290
26;2025-11-19;20;791
26;2025-11-19;21;509
26;2025-11-19;22;212
26;2025-11-19;23;133
26;2025-11-20;0;33
26;2025-11-20;1;1
26;2025-11-20;2;0
26;2025-11-20;3;0
26;2025-11-20;4;2
26;2025-11-20;5;101
26;2025-11-20;6;471
26;2025-11-20;7;1132
26;2025-11-20;8;2323
26;2025-11-20;9;1539
26;2025-11-20;10;1239
26;2025-11-20;11;1170
26;2025-11-20;12;1200
26;2025-11-20;13;1203
26;2025-11-20;14;1424
26;2025-11-20;15;1429
26;2025-11-20;16;1555
26;2025-11-20;17;1800
26;2025-11-20;18;1934
26;2025-11-20;19;1290
26;2025-11-20;20;791
26;2025-11-20;21;509
26;2025-11-20;22;212
26;2025-11-20;23;133
26;2025-11-21;0;30
26;2025-11-21;1;1
26;2025-11-21;2;0
26;2025-11-21;3;0
26;2025-11-21;4;1
26;2025-11-21;5;81
26;2025-11-21;6;463
26;2025-11-21;7;987
26;2025-11-21;8;2183
26;2025-11-21;9;1368
26;2025-11-21;10;1230
26;2025-11-21;11;1082
26;2025-11-21;12;1062
26;2025-11-21;13;1128
26;2025-11-21;14;1335
26;2025-11-21;15;1345
26;2025-11-21;16;1619
26;2025-11-21;17;1776
26;2025-11-21;18;1290
26;2025-11-21;19;1015
26;2025-11-21;20;647
26;2025-11-21;21;463
26;2025-11-21;22;197
26;2025-11-21;23;156
26;2025-11-22;0;49
26;2025-11-22;1;2
26;2025-11-22;2;0
26;2025-11-22;3;0
26;2025-11-22;4;1
26;2025-11-22;5;49
26;2025-11-22;6;244
26;2025-11-22;7;367
26;2025-11-22;8;604
26;2025-11-22;9;665
26;2025-11-22;10;855
26;2025-11-22;11;1013
26;2025-11-22;12;1110
26;2025-11-22;13;1110
26;2025-11-22;14;1157
26;2025-11-22;15;1025
26;2025-11-22;16;1073
26;2025-11-22;17;990
26;2025-11-22;18;927
26;2025-11-22;19;791
26;2025-11-22;20;543
26;2025-11-22;21;337
26;2025-11-22;22;205
26;2025-11-22;23;153
26;2025-11-23;0;47
26;2025-11-23;1;3
26;2025-11-23;2;0
26;2025-11-23;3;0
26;2025-11-23;4;2
26;2025-11-23;5;22
26;2025-11-23;6;157
26;2025-11-23;7;263
26;2025-11-23;8;390
26;2025-11-23;9;513
26;2025-11-23;10;585
26;2025-11-23;11;821
26;2025-11-23;12;820
26;2025-11-23;13;868
26;2025-11-23;14;866
26;2025-11-23;15;787
26;2025-11-23;16;744
26;2025-11-23;17;768
26;2025-11-23;18;699
26;2025-11-23;19;512
26;2025-11-23;20;394
26;2025-11-23;21;279
26;2025-11-23;22;163
26;2025-11-23;23;101
26;2025-11-24;0;25
26;2025-11-24;1;2
26;2025-11-24;2;0
26;2025-11-24;3;0
26;2025-11-24;4;1
26;2025-11-24;5;91
26;2025-11-24;6;441
26;2025-11-24;7;1121
26;2025-11-24;8;2245
26;2025-11-24;9;1439
26;2025-11-24;10;1169
26;2025-11-24;11;992
26;2025-11-24;12;1060
26;2025-11-24;13;1136
26;2025-11-24;14;1282
26;2025-11-24;15;1321
26;2025-11-24;16;1502
26;2025-11-24;17;1787
26;2025-11-24;18;1960
26;2025-11-24;19;1237
26;2025-11-24;20;758
26;2025-11-24;21;493
26;2025-11-24;22;208
26;2025-11-24;23;114
26;2025-11-25;0;33
26;2025-11-25;1;1
26;2025-11-25;2;0
26;2025-11-25;3;0
26;2025-11-25;4;2
26;2025-11-25;5;101
26;2025-11-25;6;471
26;2025-11-25;7;1132
26;2025-11-25;8;2323
26;2025-11-25;9;1539
26;2025-11-25;10;1239
26;2025-11-25;11;1170
26;2025-11-25;12;1200
26;2025-11-25;13;1203
26;2025-11-25;14;1424
26;2025-11-25;15;1429
26;2025-11-25;16;1555
26;2025-11-25;17;1800
26;2025-11-25;18;1934
26;2025-11-25;19;1290
26;2025-11-25;20;791
26;2025-11-25;21;509
26;2025-11-25;22;212
26;2025-11-25;23;133
26;2025-11-26;0;31
26;2025-11-26;1;0
26;2025-11-26;2;0
26;2025-11-26;3;0
26;2025-11-26;4;2
26;2025-11-26;5;94
26;2025-11-26;6;441
26;2025-11-26;7;1093
26;2025-11-26;8;2244
26;2025-11-26;9;1487
26;2025-11-26;10;1197
26;2025-11-26;11;1131
26;2025-11-26;12;1160
26;2025-11-26;13;1162
26;2025-11-26;14;1375
26;2025-11-26;15;1381
26;2025-11-26;16;1502
26;2025-11-26;17;1739
26;2025-11-26;18;1868
26;2025-11-26;19;1246
26;2025-11-26;20;764
26;2025-11-26;21;491
26;2025-11-26;22;205
26;2025-11-26;23;129
26;2025-11-27;0;31
26;2025-11-27;1;1
26;2025-11-27;2;0
26;2025-11-27;3;0
26;2025-11-27;4;2
26;2025-11-27;5;101
26;2025-11-27;6;471
26;2025-11-27;7;1132
26;2025-11-27;8;2323
26;2025-11-27;9;1539
26;2025-11-27;10;1239
26;2025-11-27;11;1131
26;2025-11-27;12;1160
26;2025-11-27;13;1162
26;2025-11-27;14;1375
26;2025-11-27;15;1429
26;2025-11-27;16;1555
26;2025-11-27;17;1739
26;2025-11-27;18;1812
26;2025-11-27;19;1246
26;2025-11-27;20;764
26;2025-11-27;21;491
26;2025-11-27;22;199
26;2025-11-27;23;125
26;2025-11-28;0;28
26;2025-11-28;1;1
26;2025-11-28;2;0
26;2025-11-28;3;0
26;2025-11-28;4;1
26;2025-11-28;5;81
26;2025-11-28;6;479
26;2025-11-28;7;1022
26;2025-11-28;8;2183
26;2025-11-28;9;1368
26;2025-11-28;10;1230
26;2025-11-28;11;1082
26;2025-11-28;12;1100
26;2025-11-28;13;1128
26;2025-11-28;14;1335
26;2025-11-28;15;1345
26;2025-11-28;16;1619
26;2025-11-28;17;1776
26;2025-11-28;18;1290
26;2025-11-28;19;1015
26;2025-11-28;20;647
26;2025-11-28;21;463
26;2025-11-28;22;197
26;2025-11-28;23;156
26;2025-11-29;0;49
26;2025-11-29;1;2
26;2025-11-29;2;0
26;2025-11-29;3;0
26;2025-11-29;4;2
26;2025-11-29;5;52
26;2025-11-29;6;252
26;2025-11-29;7;380
26;2025-11-29;8;625
26;2025-11-29;9;689
26;2025-11-29;10;855
26;2025-11-29;11;1013
26;2025-11-29;12;1110
26;2025-11-29;13;1110
26;2025-11-29;14;1157
26;2025-11-29;15;1025
26;2025-11-29;16;1073
26;2025-11-29;17;990
26;2025-11-29;18;927
26;2025-11-29;19;791
26;2025-11-29;20;543
26;2025-11-29;21;348
26;2025-11-29;22;212
26;2025-11-29;23;158
26;2025-11-30;0;47
26;2025-11-30;1;3
26;2025-11-30;2;0
26;2025-11-30;3;0
26;2025-11-30;4;2
26;2025-11-30;5;22
26;2025-11-30;6;157
26;2025-11-30;7;263
26;2025-11-30;8;390
26;2025-11-30;9;513
26;2025-11-30;10;585
26;2025-11-30;11;821
26;2025-11-30;12;820
26;2025-11-30;13;868
26;2025-11-30;14;866
26;2025-11-30;15;787
26;2025-11-30;16;744
26;2025-11-30;17;768
26;2025-11-30;18;699
26;2025-11-30;19;512
26;2025-11-30;20;394
26;2025-11-30;21;279
26;2025-11-30;22;163
26;2025-11-30;23;101
26;2025-12-01;0;25
26;2025-12-01;1;2
26;2025-12-01;2;0
26;2025-12-01;3;0
26;2025-12-01;4;1
26;2025-12-01;5;97
26;2025-12-01;6;471
26;2025-12-01;7;1160
26;2025-12-01;8;2324
26;2025-12-01;9;1490
26;2025-12-01;10;1247
26;2025-12-01;11;1059
26;2025-12-01;12;1097
26;2025-12-01;13;1176
26;2025-12-01;14;1327
26;2025-12-01;15;1368
26;2025-12-01;16;1502
26;2025-12-01;17;1787
26;2025-12-01;18;1960
26;2025-12-01;19;1237
26;2025-12-01;20;758
26;2025-12-01;21;493
26;2025-12-01;22;208
26;2025-12-01;23;114
26;2025-12-02;0;33
26;2025-12-02;1;1
26;2025-12-02;2;0
26;2025-12-02;3;0
26;2025-12-02;4;2
26;2025-12-02;5;101
26;2025-12-02;6;471
26;2025-12-02;7;1132
26;2025-12-02;8;2323
26;2025-12-02;9;1539
26;2025-12-02;10;1239
26;2025-12-02;11;1170
26;2025-12-02;12;1200
26;2025-12-02;13;1203
26;2025-12-02;14;1424
26;2025-12-02;15;1429
26;2025-12-02;16;1555
26;2025-12-02;17;1800
26;2025-12-02;18;1934
26;2025-12-02;19;1290
26;2025-12-02;20;791
26;2025-12-02;21;509
26;2025-12-02;22;212
26;2025-12-02;23;133
26;2025-12-03;0;33
26;2025-12-03;1;1
26;2025-12-03;2;0
26;2025-12-03;3;0
26;2025-12-03;4;2
26;2025-12-03;5;101
26;2025-12-03;6;471
26;2025-12-03;7;1132
26;2025-12-03;8;2323
26;2025-12-03;9;1539
26;2025-12-03;10;1239
26;2025-12-03;11;1170
26;2025-12-03;12;1200
26;2025-12-03;13;1203
26;2025-12-03;14;1424
26;2025-12-03;15;1429
26;2025-12-03;16;1555
26;2025-12-03;17;1800
26;2025-12-03;18;1934
26;2025-12-03;19;1290
26;2025-12-03;20;791
26;2025-12-03;21;509
26;2025-12-03;22;212
26;2025-12-03;23;133
26;2025-12-04;0;33
26;2025-12-04;1;1
26;2025-12-04;2;0
26;2025-12-04;3;0
26;2025-12-04;4;2
26;2025-12-04;5;101
26;2025-12-04;6;471
26;2025-12-04;7;1132
26;2025-12-04;8;2323
26;2025-12-04;9;1539
26;2025-12-04;10;1239
26;2025-12-04;11;1170
26;2025-12-04;12;1200
26;2025-12-04;13;1203
26;2025-12-04;14;1424
26;2025-12-04;15;1429
26;2025-12-04;16;1555
26;2025-12-04;17;1800
26;2025-12-04;18;1934
26;2025-12-04;19;1290
26;2025-12-04;20;791
26;2025-12-04;21;509
26;2025-12-04;22;212
26;2025-12-04;23;133
26;2025-12-05;0;30
26;2025-12-05;1;1
26;2025-12-05;2;0
26;2025-12-05;3;0
26;2025-12-05;4;1
26;2025-12-05;5;84
26;2025-12-05;6;479
26;2025-12-05;7;1022
26;2025-12-05;8;2183
26;2025-12-05;9;1368
26;2025-12-05;10;1230
26;2025-12-05;11;1082
26;2025-12-05;12;1100
26;2025-12-05;13;1128
26;2025-12-05;14;1335
26;2025-12-05;15;1345
26;2025-12-05;16;1619
26;2025-12-05;17;1776
26;2025-12-05;18;1290
26;2025-12-05;19;1015
26;2025-12-05;20;647
26;2025-12-05;21;463
26;2025-12-05;22;197
26;2025-12-05;23;156
26;2025-12-06;0;49
26;2025-12-06;1;2
26;2025-12-06;2;0
26;2025-12-06;3;0
26;2025-12-06;4;2
26;2025-12-06;5;52
26;2025-12-06;6;252
26;2025-12-06;7;380
26;2025-12-06;8;625
26;2025-12-06;9;689
26;2025-12-06;10;855
26;2025-12-06;11;1013
26;2025-12-06;12;1110
26;2025-12-06;13;1110
26;2025-12-06;14;1157
26;2025-12-06;15;1025
26;2025-12-06;16;1073
26;2025-12-06;17;990
26;2025-12-06;18;927
26;2025-12-06;19;791
26;2025-12-06;20;543
26;2025-12-06;21;348
26;2025-12-06;22;212
26;2025-12-06;23;158
26;2025-12-07;0;49
26;2025-12-07;1;3
26;2025-12-07;2;0
26;2025-12-07;3;0
26;2025-12-07;4;2
26;2025-12-07;5;22
26;2025-12-07;6;157
26;2025-12-07;7;263
26;2025-12-07;8;390
26;2025-12-07;9;513
26;2025-12-07;10;585
26;2025-12-07;11;821
26;2025-12-07;12;820
26;2025-12-07;13;868
26;2025-12-07;14;866
26;2025-12-07;15;787
26;2025-12-07;16;744
26;2025-12-07;17;768
26;2025-12-07;18;699
26;2025-12-07;19;512
26;2025-12-07;20;394
26;2025-12-07;21;279
26;2025-12-07;22;163
26;2025-12-07;23;101
26;2025-12-08;0;25
26;2025-12-08;1;2
26;2025-12-08;2;0
26;2025-12-08;3;0
26;2025-12-08;4;1
26;2025-12-08;5;97
26;2025-12-08;6;471
26;2025-12-08;7;1160
26;2025-12-08;8;2324
26;2025-12-08;9;1490
26;2025-12-08;10;1247
26;2025-12-08;11;1059
26;2025-12-08;12;1097
26;2025-12-08;13;1176
26;2025-12-08;14;1327
26;2025-12-08;15;1368
26;2025-12-08;16;1502
26;2025-12-08;17;1787
26;2025-12-08;18;1960
26;2025-12-08;19;1237
26;2025-12-08;20;758
26;2025-12-08;21;493
26;2025-12-08;22;208
26;2025-12-08;23;114
26;2025-12-09;0;33
26;2025-12-09;1;1
26;2025-12-09;2;0
26;2025-12-09;3;0
26;2025-12-09;4;2
26;2025-12-09;5;101
26;2025-12-09;6;471
26;2025-12-09;7;1132
26;2025-12-09;8;2323
26;2025-12-09;9;1539
26;2025-12-09;10;1239
26;2025-12-09;11;1170
26;2025-12-09;12;1200
26;2025-12-09;13;1203
26;2025-12-09;14;1424
26;2025-12-09;15;1429
26;2025-12-09;16;1555
26;2025-12-09;17;1800
26;2025-12-09;18;1934
26;2025-12-09;19;1290
26;2025-12-09;20;791
26;2025-12-09;21;509
26;2025-12-09;22;205
26;2025-12-09;23;129
26;2025-12-10;0;31
26;2025-12-10;1;0
26;2025-12-10;2;0
26;2025-12-10;3;0
26;2025-12-10;4;2
26;2025-12-10;5;97
26;2025-12-10;6;455
26;2025-12-10;7;1093
26;2025-12-10;8;2244
26;2025-12-10;9;1487
26;2025-12-10;10;1197
26;2025-12-10;11;1131
26;2025-12-10;12;1200
26;2025-12-10;13;1203
26;2025-12-10;14;1424
26;2025-12-10;15;1429
26;2025-12-10;16;1555
26;2025-12-10;17;1800
26;2025-12-10;18;1934
26;2025-12-10;19;1290
26;2025-12-10;20;791
26;2025-12-10;21;509
26;2025-12-10;22;212
26;2025-12-10;23;133
26;2025-12-11;0;33
26;2025-12-11;1;1
26;2025-12-11;2;0
26;2025-12-11;3;0
26;2025-12-11;4;2
26;2025-12-11;5;101
26;2025-12-11;6;471
26;2025-12-11;7;1132
26;2025-12-11;8;2176
26;2025-12-11;9;1487
26;2025-12-11;10;1197
26;2025-12-11;11;1131
26;2025-12-11;12;1160
26;2025-12-11;13;1162
26;2025-12-11;14;1424
26;2025-12-11;15;1381
26;2025-12-11;16;1502
26;2025-12-11;17;1739
26;2025-12-11;18;1868
26;2025-12-11;19;1246
26;2025-12-11;20;764
26;2025-12-11;21;491
26;2025-12-11;22;205
26;2025-12-11;23;133
26;2025-12-12;0;30
26;2025-12-12;1;1
26;2025-12-12;2;0
26;2025-12-12;3;0
26;2025-12-12;4;1
26;2025-12-12;5;84
26;2025-12-12;6;463
26;2025-12-12;7;1022
26;2025-12-12;8;2109
26;2025-12-12;9;1368
26;2025-12-12;10;1188
26;2025-12-12;11;1082
26;2025-12-12;12;1062
26;2025-12-12;13;1057
26;2025-12-12;14;1251
26;2025-12-12;15;1261
26;2025-12-12;16;1564
26;2025-12-12;17;1716
26;2025-12-12;18;1290
26;2025-12-12;19;1015
26;2025-12-12;20;647
26;2025-12-12;21;463
26;2025-12-12;22;190
26;2025-12-12;23;150
26;2025-12-13;0;49
26;2025-12-13;1;2
26;2025-12-13;2;0
26;2025-12-13;3;0
26;2025-12-13;4;1
26;2025-12-13;5;51
26;2025-12-13;6;252
26;2025-12-13;7;367
26;2025-12-13;8;625
26;2025-12-13;9;689
26;2025-12-13;10;855
26;2025-12-13;11;1013
26;2025-12-13;12;1110
26;2025-12-13;13;1110
26;2025-12-13;14;1157
26;2025-12-13;15;1025
26;2025-12-13;16;1073
26;2025-12-13;17;990
26;2025-12-13;18;927
26;2025-12-13;19;791
26;2025-12-13;20;524
26;2025-12-13;21;337
26;2025-12-13;22;212
26;2025-12-13;23;153
26;2025-12-14;0;47
26;2025-12-14;1;3
26;2025-12-14;2;0
26;2025-12-14;3;0
26;2025-12-14;4;2
26;2025-12-14;5;22
26;2025-12-14;6;157
26;2025-12-14;7;263
26;2025-12-14;8;377
26;2025-12-14;9;513
26;2025-12-14;10;585
26;2025-12-14;11;821
26;2025-12-14;12;820
26;2025-12-14;13;868
26;2025-12-14;14;866
26;2025-12-14;15;787
26;2025-12-14;16;744
26;2025-12-14;17;768
26;2025-12-14;18;699
26;2025-12-14;19;512
26;2025-12-14;20;394
26;2025-12-14;21;279
26;2025-12-14;22;163
26;2025-12-14;23;101
26;2025-12-15;0;25
26;2025-12-15;1;2
26;2025-12-15;2;0
26;2025-12-15;3;0
26;2025-12-15;4;1
26;2025-12-15;5;97
26;2025-12-15;6;471
26;2025-12-15;7;1160
26;2025-12-15;8;2324
26;2025-12-15;9;1490
26;2025-12-15;10;1247
26;2025-12-15;11;1023
26;2025-12-15;12;1097
26;2025-12-15;13;1176
26;2025-12-15;14;1327
26;2025-12-15;15;1368
26;2025-12-15;16;1502
26;2025-12-15;17;1787
26;2025-12-15;18;1960
26;2025-12-15;19;1237
26;2025-12-15;20;758
26;2025-12-15;21;493
26;2025-12-15;22;208
26;2025-12-15;23;114
26;2025-12-16;0;33
26;2025-12-16;1;1
26;2025-12-16;2;0
26;2025-12-16;3;0
26;2025-12-16;4;2
26;2025-12-16;5;101
26;2025-12-16;6;471
26;2025-12-16;7;1132
26;2025-12-16;8;2323
26;2025-12-16;9;1539
26;2025-12-16;10;1197
26;2025-12-16;11;1131
26;2025-12-16;12;1160
26;2025-12-16;13;1127
26;2025-12-16;14;1375
26;2025-12-16;15;1429
26;2025-12-16;16;1555
26;2025-12-16;17;1800
26;2025-12-16;18;1934
26;2025-12-16;19;1290
26;2025-12-16;20;791
26;2025-12-16;21;509
26;2025-12-16;22;212
26;2025-12-16;23;133
26;2025-12-17;0;31
26;2025-12-17;1;1
26;2025-12-17;2;0
26;2025-12-17;3;0
26;2025-12-17;4;2
26;2025-12-17;5;101
26;2025-12-17;6;471
26;2025-12-17;7;1132
26;2025-12-17;8;2323
26;2025-12-17;9;1539
26;2025-12-17;10;1239
26;2025-12-17;11;1170
26;2025-12-17;12;1200
26;2025-12-17;13;1203
26;2025-12-17;14;1424
26;2025-12-17;15;1429
26;2025-12-17;16;1555
26;2025-12-17;17;1800
26;2025-12-17;18;1934
26;2025-12-17;19;1290
26;2025-12-17;20;791
26;2025-12-17;21;509
26;2025-12-17;22;212
26;2025-12-17;23;133
26;2025-12-18;0;33
26;2025-12-18;1;1
26;2025-12-18;2;0
26;2025-12-18;3;0
26;2025-12-18;4;2
26;2025-12-18;5;101
26;2025-12-18;6;471
26;2025-12-18;7;1132
26;2025-12-18;8;2323
26;2025-12-18;9;1539
26;2025-12-18;10;1239
26;2025-12-18;11;1170
26;2025-12-18;12;1200
26;2025-12-18;13;1203
26;2025-12-18;14;1424
26;2025-12-18;15;1429
26;2025-12-18;16;1555
26;2025-12-18;17;1800
26;2025-12-18;18;1934
26;2025-12-18;19;1290
26;2025-12-18;20;791
26;2025-12-18;21;509
26;2025-12-18;22;212
26;2025-12-18;23;133
26;2025-12-19;0;30
26;2025-12-19;1;1
26;2025-12-19;2;0
26;2025-12-19;3;0
26;2025-12-19;4;1
26;2025-12-19;5;84
26;2025-12-19;6;479
26;2025-12-19;7;1022
26;2025-12-19;8;2183
26;2025-12-19;9;1368
26;2025-12-19;10;1230
26;2025-12-19;11;1082
26;2025-12-19;12;1100
26;2025-12-19;13;1128
26;2025-12-19;14;1335
26;2025-12-19;15;1345
26;2025-12-19;16;1619
26;2025-12-19;17;1716
26;2025-12-19;18;1246
26;2025-12-19;19;1015
26;2025-12-19;20;647
26;2025-12-19;21;463
26;2025-12-19;22;197
26;2025-12-19;23;156
26;2025-12-20;0;49
26;2025-12-20;1;2
26;2025-12-20;2;0
26;2025-12-20;3;0
26;2025-12-20;4;2
26;2025-12-20;5;52
26;2025-12-20;6;252
26;2025-12-20;7;380
26;2025-12-20;8;625
26;2025-12-20;9;689
26;2025-12-20;10;855
26;2025-12-20;11;1013
26;2025-12-20;12;1110
26;2025-12-20;13;1110
26;2025-12-20;14;1157
26;2025-12-20;15;1025
26;2025-12-20;16;1073
26;2025-12-20;17;990
26;2025-12-20;18;927
26;2025-12-20;19;791
26;2025-12-20;20;543
26;2025-12-20;21;348
26;2025-12-20;22;212
26;2025-12-20;23;158
26;2025-12-21;0;49
26;2025-12-21;1;3
26;2025-12-21;2;0
26;2025-12-21;3;0
26;2025-12-21;4;2
26;2025-12-21;5;22
26;2025-12-21;6;152
26;2025-12-21;7;255
26;2025-12-21;8;390
26;2025-12-21;9;513
26;2025-12-21;10;585
26;2025-12-21;11;821
26;2025-12-21;12;820
26;2025-12-21;13;868
26;2025-12-21;14;866
26;2025-12-21;15;787
26;2025-12-21;16;744
26;2025-12-21;17;768
26;2025-12-21;18;699
26;2025-12-21;19;512
26;2025-12-21;20;394
26;2025-12-21;21;279
26;2025-12-21;22;158
26;2025-12-21;23;101
26;2025-12-22;0;24
26;2025-12-22;1;2
26;2025-12-22;2;0
26;2025-12-22;3;0
26;2025-12-22;4;1
26;2025-12-22;5;97
26;2025-12-22;6;471
26;2025-12-22;7;1160
26;2025-12-22;8;2324
26;2025-12-22;9;1439
26;2025-12-22;10;1205
26;2025-12-22;11;1023
26;2025-12-22;12;1060
26;2025-12-22;13;1176
26;2025-12-22;14;1327
26;2025-12-22;15;1321
26;2025-12-22;16;1502
26;2025-12-22;17;1787
26;2025-12-22;18;1893
26;2025-12-22;19;1237
26;2025-12-22;20;758
26;2025-12-22;21;493
26;2025-12-22;22;201
26;2025-12-22;23;110
26;2025-12-23;0;33
26;2025-12-23;1;1
26;2025-12-23;2;0
26;2025-12-23;3;0
26;2025-12-23;4;2
26;2025-12-23;5;101
26;2025-12-23;6;471
26;2025-12-23;7;1132
26;2025-12-23;8;2323
26;2025-12-23;9;1539
26;2025-12-23;10;1239
26;2025-12-23;11;1170
26;2025-12-23;12;1200
26;2025-12-23;13;1203
26;2025-12-23;14;1424
26;2025-12-23;15;1429
26;2025-12-23;16;1555
26;2025-12-23;17;1800
26;2025-12-23;18;1934
26;2025-12-23;19;1290
26;2025-12-23;20;791
26;2025-12-23;21;509
26;2025-12-23;22;212
26;2025-12-23;23;133
26;2025-12-24;0;33
26;2025-12-24;1;1
26;2025-12-24;2;0
26;2025-12-24;3;0
26;2025-12-24;4;2
26;2025-12-24;5;101
26;2025-12-24;6;471
26;2025-12-24;7;1132
26;2025-12-24;8;2323
26;2025-12-24;9;1539
26;2025-12-24;10;1239
26;2025-12-24;11;1170
26;2025-12-24;12;1160
26;2025-12-24;13;1162
26;2025-12-24;14;1424
26;2025-12-24;15;1381
26;2025-12-24;16;1555
26;2025-12-24;17;1800
26;2025-12-24;18;1868
26;2025-12-24;19;1290
26;2025-12-24;20;791
26;2025-12-24;21;491
26;2025-12-24;22;205
26;2025-12-24;23;129
26;2025-12-25;0;31
26;2025-12-25;1;0
26;2025-12-25;2;0
26;2025-12-25;3;0
26;2025-12-25;4;2
26;2025-12-25;5;101
26;2025-12-25;6;455
26;2025-12-25;7;1132
26;2025-12-25;8;2323
26;2025-12-25;9;1539
26;2025-12-25;10;1239
26;2025-12-25;11;1170
26;2025-12-25;12;1200
26;2025-12-25;13;1203
26;2025-12-25;14;1424
26;2025-12-25;15;1429
26;2025-12-25;16;1555
26;2025-12-25;17;1739
26;2025-12-25;18;1868
26;2025-12-25;19;1246
26;2025-12-25;20;764
26;2025-12-25;21;491
26;2025-12-25;22;199
26;2025-12-25;23;125
26;2025-12-26;0;28
26;2025-12-26;1;0
26;2025-12-26;2;0
26;2025-12-26;3;0
26;2025-12-26;4;1
26;2025-12-26;5;81
26;2025-12-26;6;449
26;2025-12-26;7;987
26;2025-12-26;8;2109
26;2025-12-26;9;1322
26;2025-12-26;10;1188
26;2025-12-26;11;1014
26;2025-12-26;12;1062
26;2025-12-26;13;1089
26;2025-12-26;14;1290
26;2025-12-26;15;1300
26;2025-12-26;16;1564
26;2025-12-26;17;1716
26;2025-12-26;18;1246
26;2025-12-26;19;981
26;2025-12-26;20;625
26;2025-12-26;21;448
26;2025-12-26;22;190
26;2025-12-26;23;156
26;2025-12-27;0;49
26;2025-12-27;1;2
26;2025-12-27;2;0
26;2025-12-27;3;0
26;2025-12-27;4;2
26;2025-12-27;5;52
26;2025-12-27;6;252
26;2025-12-27;7;380
26;2025-12-27;8;625
26;2025-12-27;9;665
26;2025-12-27;10;855
26;2025-12-27;11;1013
26;2025-12-27;12;1110
26;2025-12-27;13;1110
26;2025-12-27;14;1157
26;2025-12-27;15;1025
26;2025-12-27;16;1073
26;2025-12-27;17;990
26;2025-12-27;18;927
26;2025-12-27;19;791
26;2025-12-27;20;543
26;2025-12-27;21;337
26;2025-12-27;22;205
26;2025-12-27;23;153
26;2025-12-28;0;47
26;2025-12-28;1;3
26;2025-12-28;2;0
26;2025-12-28;3;0
26;2025-12-28;4;1
26;2025-12-28;5;21
26;2025-12-28;6;152
26;2025-12-28;7;255
26;2025-12-28;8;377
26;2025-12-28;9;495
26;2025-12-28;10;565
26;2025-12-28;11;793
26;2025-12-28;12;792
26;2025-12-28;13;838
26;2025-12-28;14;836
26;2025-12-28;15;760
26;2025-12-28;16;744
26;2025-12-28;17;768
26;2025-12-28;18;699
26;2025-12-28;19;512
26;2025-12-28;20;381
26;2025-12-28;21;270
26;2025-12-28;22;158
26;2025-12-28;23;101
26;2025-12-29;0;21
26;2025-12-29;1;2
26;2025-12-29;2;0
26;2025-12-29;3;0
26;2025-12-29;4;1
26;2025-12-29;5;79
26;2025-12-29;6;400
26;2025-12-29;7;986
26;2025-12-29;8;1908
26;2025-12-29;9;1223
26;2025-12-29;10;1024
26;2025-12-29;11;870
26;2025-12-29;12;901
26;2025-12-29;13;965
26;2025-12-29;14;1090
26;2025-12-29;15;1123
26;2025-12-29;16;1234
26;2025-12-29;17;1467
26;2025-12-29;18;1609
26;2025-12-29;19;1016
26;2025-12-29;20;622
26;2025-12-29;21;405
26;2025-12-29;22;171
26;2025-12-29;23;94
26;2025-12-30;0;27
26;2025-12-30;1;0
26;2025-12-30;2;0
26;2025-12-30;3;0
26;2025-12-30;4;2
26;2025-12-30;5;83
26;2025-12-30;6;387
26;2025-12-30;7;929
26;2025-12-30;8;1907
26;2025-12-30;9;1264
26;2025-12-30;10;1018
26;2025-12-30;11;961
26;2025-12-30;12;986
26;2025-12-30;13;988
26;2025-12-30;14;1169
26;2025-12-30;15;1174
26;2025-12-30;16;1277
26;2025-12-30;17;1478
26;2025-12-30;18;1588
26;2025-12-30;19;1059
26;2025-12-30;20;649
26;2025-12-30;21;418
26;2025-12-30;22;174
26;2025-12-30;23;110
26;2025-12-31;0;40
26;2025-12-31;1;3
26;2025-12-31;2;0
26;2025-12-31;3;0
26;2025-12-31;4;1
26;2025-12-31;5;18
26;2025-12-31;6;129
26;2025-12-31;7;216
26;2025-12-31;8;320
26;2025-12-31;9;421
26;2025-12-31;10;480
26;2025-12-31;11;674
26;2025-12-31;12;697
26;2025-12-31;13;713
26;2025-12-31;14;711
26;2025-12-31;15;646
26;2025-12-31;16;632
26;2025-12-31;17;653
26;2025-12-31;18;574
26;2025-12-31;19;421
26;2025-12-31;20;335
26;2025-12-31;21;237
26;2025-12-31;22;134
26;2025-12-31;23;83
28;2025-11-01;0;0
28;2025-11-01;1;0
28;2025-11-01;2;0
28;2025-11-01;3;0
28;2025-11-01;4;1
28;2025-11-01;5;67
28;2025-11-01;6;236
28;2025-11-01;7;719
28;2025-11-01;8;1132
28;2025-11-01;9;723
28;2025-11-01;10;512
28;2025-11-01;11;488
28;2025-11-01;12;692
28;2025-11-01;13;613
28;2025-11-01;14;591
28;2025-11-01;15;619
28;2025-11-01;16;795
28;2025-11-01;17;820
28;2025-11-01;18;733
28;2025-11-01;19;532
28;2025-11-01;20;359
28;2025-11-01;21;291
28;2025-11-01;22;95
28;2025-11-01;23;17
28;2025-11-02;0;0
28;2025-11-02;1;0
28;2025-11-02;2;0
28;2025-11-02;3;0
28;2025-11-02;4;0
28;2025-11-02;5;32
28;2025-11-02;6;77
28;2025-11-02;7;174
28;2025-11-02;8;276
28;2025-11-02;9;374
28;2025-11-02;10;418
28;2025-11-02;11;459
28;2025-11-02;12;476
28;2025-11-02;13;561
28;2025-11-02;14;566
28;2025-11-02;15;543
28;2025-11-02;16;480
28;2025-11-02;17;495
28;2025-11-02;18;461
28;2025-11-02;19;389
28;2025-11-02;20;318
28;2025-11-02;21;254
28;2025-11-02;22;112
28;2025-11-02;23;11
28;2025-11-03;0;0
28;2025-11-03;1;0
28;2025-11-03;2;0
28;2025-11-03;3;0
28;2025-11-03;4;0
28;2025-11-03;5;32
28;2025-11-03;6;77
28;2025-11-03;7;174
28;2025-11-03;8;276
28;2025-11-03;9;374
28;2025-11-03;10;418
28;2025-11-03;11;444
28;2025-11-03;12;460
28;2025-11-03;13;561
28;2025-11-03;14;546
28;2025-11-03;15;525
28;2025-11-03;16;480
28;2025-11-03;17;495
28;2025-11-03;18;461
28;2025-11-03;19;389
28;2025-11-03;20;318
28;2025-11-03;21;254
28;2025-11-03;22;112
28;2025-11-03;23;11
28;2025-11-04;0;0
28;2025-11-04;1;0
28;2025-11-04;2;0
28;2025-11-04;3;0
28;2025-11-04;4;0
28;2025-11-04;5;32
28;2025-11-04;6;77
28;2025-11-04;7;174
28;2025-11-04;8;267
28;2025-11-04;9;362
28;2025-11-04;10;404
28;2025-11-04;11;444
28;2025-11-04;12;446
28;2025-11-04;13;544
28;2025-11-04;14;566
28;2025-11-04;15;543
28;2025-11-04;16;480
28;2025-11-04;17;495
28;2025-11-04;18;461
28;2025-11-04;19;389
28;2025-11-04;20;318
28;2025-11-04;21;254
28;2025-11-04;22;112
28;2025-11-04;23;11
28;2025-11-05;0;0
28;2025-11-05;1;0
28;2025-11-05;2;0
28;2025-11-05;3;0
28;2025-11-05;4;1
28;2025-11-05;5;79
28;2025-11-05;6;257
28;2025-11-05;7;814
28;2025-11-05;8;1307
28;2025-11-05;9;871
28;2025-11-05;10;613
28;2025-11-05;11;576
28;2025-11-05;12;695
28;2025-11-05;13;701
28;2025-11-05;14;701
28;2025-11-05;15;740
28;2025-11-05;16;918
28;2025-11-05;17;1092
28;2025-11-05;18;1060
28;2025-11-05;19;830
28;2025-11-05;20;559
28;2025-11-05;21;351
28;2025-11-05;22;118
28;2025-11-05;23;10
28;2025-11-06;0;0
28;2025-11-06;1;0
28;2025-11-06;2;0
28;2025-11-06;3;0
28;2025-11-06;4;1
28;2025-11-06;5;79
28;2025-11-06;6;257
28;2025-11-06;7;814
28;2025-11-06;8;1307
28;2025-11-06;9;871
28;2025-11-06;10;613
28;2025-11-06;11;556
28;2025-11-06;12;695
28;2025-11-06;13;701
28;2025-11-06;14;701
28;2025-11-06;15;715
28;2025-11-06;16;887
28;2025-11-06;17;1092
28;2025-11-06;18;1060
28;2025-11-06;19;830
28;2025-11-06;20;524
28;2025-11-06;21;351
28;2025-11-06;22;118
28;2025-11-06;23;10
28;2025-11-07;0;0
28;2025-11-07;1;0
28;2025-11-07;2;0
28;2025-11-07;3;0
28;2025-11-07;4;2
28;2025-11-07;5;80
28;2025-11-07;6;293
28;2025-11-07;7;890
28;2025-11-07;8;1356
28;2025-11-07;9;865
28;2025-11-07;10;634
28;2025-11-07;11;605
28;2025-11-07;12;857
28;2025-11-07;13;760
28;2025-11-07;14;733
28;2025-11-07;15;767
28;2025-11-07;16;985
28;2025-11-07;17;1016
28;2025-11-07;18;908
28;2025-11-07;19;659
28;2025-11-07;20;445
28;2025-11-07;21;361
28;2025-11-07;22;117
28;2025-11-07;23;21
28;2025-11-08;0;1
28;2025-11-08;1;0
28;2025-11-08;2;0
28;2025-11-08;3;0
28;2025-11-08;4;1
28;2025-11-08;5;40
28;2025-11-08;6;113
28;2025-11-08;7;242
28;2025-11-08;8;432
28;2025-11-08;9;490
28;2025-11-08;10;523
28;2025-11-08;11;524
28;2025-11-08;12;617
28;2025-11-08;13;636
28;2025-11-08;14;588
28;2025-11-08;15;613
28;2025-11-08;16;630
28;2025-11-08;17;598
28;2025-11-08;18;529
28;2025-11-08;19;392
28;2025-11-08;20;287
28;2025-11-08;21;257
28;2025-11-08;22;110
28;2025-11-08;23;12
28;2025-11-09;0;0
28;2025-11-09;1;0
28;2025-11-09;2;0
28;2025-11-09;3;0
28;2025-11-09;4;0
28;2025-11-09;5;32
28;2025-11-09;6;77
28;2025-11-09;7;174
28;2025-11-09;8;276
28;2025-11-09;9;374
28;2025-11-09;10;418
28;2025-11-09;11;459
28;2025-11-09;12;476
28;2025-11-09;13;581
28;2025-11-09;14;566
28;2025-11-09;15;543
28;2025-11-09;16;480
28;2025-11-09;17;495
28;2025-11-09;18;461
28;2025-11-09;19;389
28;2025-11-09;20;318
28;2025-11-09;21;254
28;2025-11-09;22;112
28;2025-11-09;23;11
28;2025-11-10;0;0
28;2025-11-10;1;0
28;2025-11-10;2;0
28;2025-11-10;3;0
28;2025-11-10;4;2
28;2025-11-10;5;74
28;2025-11-10;6;281
28;2025-11-10;7;772
28;2025-11-10;8;1323
28;2025-11-10;9;856
28;2025-11-10;10;670
28;2025-11-10;11;557
28;2025-11-10;12;712
28;2025-11-10;13;707
28;2025-11-10;14;644
28;2025-11-10;15;644
28;2025-11-10;16;909
28;2025-11-10;17;1028
28;2025-11-10;18;986
28;2025-11-10;19;742
28;2025-11-10;20;476
28;2025-11-10;21;310
28;2025-11-10;22;109
28;2025-11-10;23;3
28;2025-11-11;0;0
28;2025-11-11;1;0
28;2025-11-11;2;0
28;2025-11-11;3;0
28;2025-11-11;4;1
28;2025-11-11;5;79
28;2025-11-11;6;257
28;2025-11-11;7;814
28;2025-11-11;8;1307
28;2025-11-11;9;871
28;2025-11-11;10;613
28;2025-11-11;11;576
28;2025-11-11;12;695
28;2025-11-11;13;701
28;2025-11-11;14;701
28;2025-11-11;15;740
28;2025-11-11;16;918
28;2025-11-11;17;1092
28;2025-11-11;18;1060
28;2025-11-11;19;830
28;2025-11-11;20;559
28;2025-11-11;21;351
28;2025-11-11;22;118
28;2025-11-11;23;10
28;2025-11-12;0;0
28;2025-11-12;1;0
28;2025-11-12;2;0
28;2025-11-12;3;0
28;2025-11-12;4;1
28;2025-11-12;5;79
28;2025-11-12;6;257
28;2025-11-12;7;814
28;2025-11-12;8;1307
28;2025-11-12;9;871
28;2025-11-12;10;592
28;2025-11-12;11;556
28;2025-11-12;12;672
28;2025-11-12;13;678
28;2025-11-12;14;678
28;2025-11-12;15;715
28;2025-11-12;16;918
28;2025-11-12;17;1092
28;2025-11-12;18;1024
28;2025-11-12;19;830
28;2025-11-12;20;559
28;2025-11-12;21;351
28;2025-11-12;22;118
28;2025-11-12;23;10
28;2025-11-13;0;0
28;2025-11-13;1;0
28;2025-11-13;2;0
28;2025-11-13;3;0
28;2025-11-13;4;1
28;2025-11-13;5;79
28;2025-11-13;6;248
28;2025-11-13;7;814
28;2025-11-13;8;1307
28;2025-11-13;9;871
28;2025-11-13;10;613
28;2025-11-13;11;576
28;2025-11-13;12;695
28;2025-11-13;13;701
28;2025-11-13;14;701
28;2025-11-13;15;740
28;2025-11-13;16;918
28;2025-11-13;17;1092
28;2025-11-13;18;1060
28;2025-11-13;19;830
28;2025-11-13;20;559
28;2025-11-13;21;351
28;2025-11-13;22;118
28;2025-11-13;23;10
28;2025-11-14;0;0
28;2025-11-14;1;0
28;2025-11-14;2;0
28;2025-11-14;3;0
28;2025-11-14;4;2
28;2025-11-14;5;83
28;2025-11-14;6;293
28;2025-11-14;7;890
28;2025-11-14;8;1403
28;2025-11-14;9;896
28;2025-11-14;10;634
28;2025-11-14;11;605
28;2025-11-14;12;857
28;2025-11-14;13;760
28;2025-11-14;14;733
28;2025-11-14;15;767
28;2025-11-14;16;985
28;2025-11-14;17;1016
28;2025-11-14;18;908
28;2025-11-14;19;659
28;2025-11-14;20;430
28;2025-11-14;21;348
28;2025-11-14;22;113
28;2025-11-14;23;20
28;2025-11-15;0;0
28;2025-11-15;1;0
28;2025-11-15;2;0
28;2025-11-15;3;0
28;2025-11-15;4;1
28;2025-11-15;5;37
28;2025-11-15;6;106
28;2025-11-15;7;227
28;2025-11-15;8;405
28;2025-11-15;9;459
28;2025-11-15;10;490
28;2025-11-15;11;491
28;2025-11-15;12;596
28;2025-11-15;13;614
28;2025-11-15;14;588
28;2025-11-15;15;613
28;2025-11-15;16;630
28;2025-11-15;17;598
28;2025-11-15;18;529
28;2025-11-15;19;392
28;2025-11-15;20;287
28;2025-11-15;21;257
28;2025-11-15;22;110
28;2025-11-15;23;12
28;2025-11-16;0;0
28;2025-11-16;1;0
28;2025-11-16;2;0
28;2025-11-16;3;0
28;2025-11-16;4;0
28;2025-11-16;5;32
28;2025-11-16;6;77
28;2025-11-16;7;174
28;2025-11-16;8;276
28;2025-11-16;9;374
28;2025-11-16;10;418
28;2025-11-16;11;459
28;2025-11-16;12;476
28;2025-11-16;13;581
28;2025-11-16;14;566
28;2025-11-16;15;543
28;2025-11-16;16;480
28;2025-11-16;17;495
28;2025-11-16;18;461
28;2025-11-16;19;389
28;2025-11-16;20;318
28;2025-11-16;21;254
28;2025-11-16;22;112
28;2025-11-16;23;11
28;2025-11-17;0;0
28;2025-11-17;1;0
28;2025-11-17;2;0
28;2025-11-17;3;0
28;2025-11-17;4;2
28;2025-11-17;5;74
28;2025-11-17;6;281
28;2025-11-17;7;772
28;2025-11-17;8;1323
28;2025-11-17;9;856
28;2025-11-17;10;647
28;2025-11-17;11;538
28;2025-11-17;12;688
28;2025-11-17;13;663
28;2025-11-17;14;604
28;2025-11-17;15;622
28;2025-11-17;16;878
28;2025-11-17;17;993
28;2025-11-17;18;986
28;2025-11-17;19;742
28;2025-11-17;20;476
28;2025-11-17;21;299
28;2025-11-17;22;109
28;2025-11-17;23;3
28;2025-11-18;0;0
28;2025-11-18;1;0
28;2025-11-18;2;0
28;2025-11-18;3;0
28;2025-11-18;4;1
28;2025-11-18;5;74
28;2025-11-18;6;248
28;2025-11-18;7;814
28;2025-11-18;8;1262
28;2025-11-18;9;816
28;2025-11-18;10;574
28;2025-11-18;11;556
28;2025-11-18;12;672
28;2025-11-18;13;657
28;2025-11-18;14;657
28;2025-11-18;15;715
28;2025-11-18;16;918
28;2025-11-18;17;1092
28;2025-11-18;18;1024
28;2025-11-18;19;802
28;2025-11-18;20;540
28;2025-11-18;21;351
28;2025-11-18;22;118
28;2025-11-18;23;10
28;2025-11-19;0;0
28;2025-11-19;1;0
28;2025-11-19;2;0
28;2025-11-19;3;0
28;2025-11-19;4;1
28;2025-11-19;5;79
28;2025-11-19;6;257
28;2025-11-19;7;814
28;2025-11-19;8;1307
28;2025-11-19;9;871
28;2025-11-19;10;613
28;2025-11-19;11;576
28;2025-11-19;12;695
28;2025-11-19;13;701
28;2025-11-19;14;701
28;2025-11-19;15;740
28;2025-11-19;16;918
28;2025-11-19;17;1092
28;2025-11-19;18;1060
28;2025-11-19;19;830
28;2025-11-19;20;559
28;2025-11-19;21;351
28;2025-11-19;22;118
28;2025-11-19;23;10
28;2025-11-20;0;0
28;2025-11-20;1;0
28;2025-11-20;2;0
28;2025-11-20;3;0
28;2025-11-20;4;1
28;2025-11-20;5;79
28;2025-11-20;6;257
28;2025-11-20;7;814
28;2025-11-20;8;1307
28;2025-11-20;9;871
28;2025-11-20;10;613
28;2025-11-20;11;576
28;2025-11-20;12;695
28;2025-11-20;13;701
28;2025-11-20;14;701
28;2025-11-20;15;740
28;2025-11-20;16;918
28;2025-11-20;17;1092
28;2025-11-20;18;1060
28;2025-11-20;19;830
28;2025-11-20;20;559
28;2025-11-20;21;351
28;2025-11-20;22;118
28;2025-11-20;23;10
28;2025-11-21;0;0
28;2025-11-21;1;0
28;2025-11-21;2;0
28;2025-11-21;3;0
28;2025-11-21;4;2
28;2025-11-21;5;80
28;2025-11-21;6;283
28;2025-11-21;7;860
28;2025-11-21;8;1403
28;2025-11-21;9;896
28;2025-11-21;10;634
28;2025-11-21;11;605
28;2025-11-21;12;828
28;2025-11-21;13;760
28;2025-11-21;14;733
28;2025-11-21;15;767
28;2025-11-21;16;985
28;2025-11-21;17;1016
28;2025-11-21;18;908
28;2025-11-21;19;659
28;2025-11-21;20;445
28;2025-11-21;21;361
28;2025-11-21;22;117
28;2025-11-21;23;21
28;2025-11-22;0;1
28;2025-11-22;1;0
28;2025-11-22;2;0
28;2025-11-22;3;0
28;2025-11-22;4;1
28;2025-11-22;5;37
28;2025-11-22;6;109
28;2025-11-22;7;234
28;2025-11-22;8;417
28;2025-11-22;9;473
28;2025-11-22;10;523
28;2025-11-22;11;524
28;2025-11-22;12;617
28;2025-11-22;13;636
28;2025-11-22;14;588
28;2025-11-22;15;613
28;2025-11-22;16;630
28;2025-11-22;17;598
28;2025-11-22;18;529
28;2025-11-22;19;392
28;2025-11-22;20;287
28;2025-11-22;21;248
28;2025-11-22;22;107
28;2025-11-22;23;11
28;2025-11-23;0;0
28;2025-11-23;1;0
28;2025-11-23;2;0
28;2025-11-23;3;0
28;2025-11-23;4;0
28;2025-11-23;5;32
28;2025-11-23;6;77
28;2025-11-23;7;174
28;2025-11-23;8;276
28;2025-11-23;9;374
28;2025-11-23;10;418
28;2025-11-23;11;459
28;2025-11-23;12;476
28;2025-11-23;13;581
28;2025-11-23;14;566
28;2025-11-23;15;543
28;2025-11-23;16;480
28;2025-11-23;17;495
28;2025-11-23;18;461
28;2025-11-23;19;389
28;2025-11-23;20;318
28;2025-11-23;21;254
28;2025-11-23;22;112
28;2025-11-23;23;11
28;2025-11-24;0;0
28;2025-11-24;1;0
28;2025-11-24;2;0
28;2025-11-24;3;0
28;2025-11-24;4;2
28;2025-11-24;5;70
28;2025-11-24;6;264
28;2025-11-24;7;746
28;2025-11-24;8;1278
28;2025-11-24;9;827
28;2025-11-24;10;628
28;2025-11-24;11;522
28;2025-11-24;12;688
28;2025-11-24;13;683
28;2025-11-24;14;622
28;2025-11-24;15;622
28;2025-11-24;16;909
28;2025-11-24;17;1028
28;2025-11-24;18;986
28;2025-11-24;19;742
28;2025-11-24;20;476
28;2025-11-24;21;310
28;2025-11-24;22;109
28;2025-11-24;23;3
28;2025-11-25;0;0
28;2025-11-25;1;0
28;2025-11-25;2;0
28;2025-11-25;3;0
28;2025-11-25;4;1
28;2025-11-25;5;79
28;2025-11-25;6;257
28;2025-11-25;7;814
28;2025-11-25;8;1307
28;2025-11-25;9;871
28;2025-11-25;10;613
28;2025-11-25;11;576
28;2025-11-25;12;695
28;2025-11-25;13;701
28;2025-11-25;14;701
28;2025-11-25;15;740
28;2025-11-25;16;918
28;2025-11-25;17;1092
28;2025-11-25;18;1060
28;2025-11-25;19;830
28;2025-11-25;20;559
28;2025-11-25;21;351
28;2025-11-25;22;118
28;2025-11-25;23;10
28;2025-11-26;0;0
28;2025-11-26;1;0
28;2025-11-26;2;0
28;2025-11-26;3;0
28;2025-11-26;4;1
28;2025-11-26;5;74
28;2025-11-26;6;241
28;2025-11-26;7;786
28;2025-11-26;8;1262
28;2025-11-26;9;841
28;2025-11-26;10;592
28;2025-11-26;11;556
28;2025-11-26;12;672
28;2025-11-26;13;678
28;2025-11-26;14;678
28;2025-11-26;15;715
28;2025-11-26;16;887
28;2025-11-26;17;1055
28;2025-11-26;18;1024
28;2025-11-26;19;802
28;2025-11-26;20;540
28;2025-11-26;21;339
28;2025-11-26;22;114
28;2025-11-26;23;10
28;2025-11-27;0;0
28;2025-11-27;1;0
28;2025-11-27;2;0
28;2025-11-27;3;0
28;2025-11-27;4;1
28;2025-11-27;5;79
28;2025-11-27;6;257
28;2025-11-27;7;814
28;2025-11-27;8;1307
28;2025-11-27;9;871
28;2025-11-27;10;613
28;2025-11-27;11;556
28;2025-11-27;12;672
28;2025-11-27;13;678
28;2025-11-27;14;678
28;2025-11-27;15;740
28;2025-11-27;16;918
28;2025-11-27;17;1055
28;2025-11-27;18;994
28;2025-11-27;19;802
28;2025-11-27;20;540
28;2025-11-27;21;339
28;2025-11-27;22;110
28;2025-11-27;23;10
28;2025-11-28;0;0
28;2025-11-28;1;0
28;2025-11-28;2;0
28;2025-11-28;3;0
28;2025-11-28;4;2
28;2025-11-28;5;80
28;2025-11-28;6;293
28;2025-11-28;7;890
28;2025-11-28;8;1403
28;2025-11-28;9;896
28;2025-11-28;10;634
28;2025-11-28;11;605
28;2025-11-28;12;857
28;2025-11-28;13;760
28;2025-11-28;14;733
28;2025-11-28;15;767
28;2025-11-28;16;985
28;2025-11-28;17;1016
28;2025-11-28;18;908
28;2025-11-28;19;659
28;2025-11-28;20;445
28;2025-11-28;21;361
28;2025-11-28;22;117
28;2025-11-28;23;21
28;2025-11-29;0;1
28;2025-11-29;1;0
28;2025-11-29;2;0
28;2025-11-29;3;0
28;2025-11-29;4;1
28;2025-11-29;5;40
28;2025-11-29;6;113
28;2025-11-29;7;242
28;2025-11-29;8;432
28;2025-11-29;9;490
28;2025-11-29;10;523
28;2025-11-29;11;524
28;2025-11-29;12;617
28;2025-11-29;13;636
28;2025-11-29;14;588
28;2025-11-29;15;613
28;2025-11-29;16;630
28;2025-11-29;17;598
28;2025-11-29;18;529
28;2025-11-29;19;392
28;2025-11-29;20;287
28;2025-11-29;21;257
28;2025-11-29;22;110
28;2025-11-29;23;12
28;2025-11-30;0;0
28;2025-11-30;1;0
28;2025-11-30;2;0
28;2025-11-30;3;0
28;2025-11-30;4;0
28;2025-11-30;5;32
28;2025-11-30;6;77
28;2025-11-30;7;174
28;2025-11-30;8;276
28;2025-11-30;9;374
28;2025-11-30;10;418
28;2025-11-30;11;459
28;2025-11-30;12;476
28;2025-11-30;13;581
28;2025-11-30;14;566
28;2025-11-30;15;543
28;2025-11-30;16;480
28;2025-11-30;17;495
28;2025-11-30;18;461
28;2025-11-30;19;389
28;2025-11-30;20;318
28;2025-11-30;21;254
28;2025-11-30;22;112
28;2025-11-30;23;11
28;2025-12-01;0;0
28;2025-12-01;1;0
28;2025-12-01;2;0
28;2025-12-01;3;0
28;2025-12-01;4;2
28;2025-12-01;5;74
28;2025-12-01;6;281
28;2025-12-01;7;772
28;2025-12-01;8;1323
28;2025-12-01;9;856
28;2025-12-01;10;670
28;2025-12-01;11;557
28;2025-12-01;12;712
28;2025-12-01;13;707
28;2025-12-01;14;644
28;2025-12-01;15;644
28;2025-12-01;16;909
28;2025-12-01;17;1028
28;2025-12-01;18;986
28;2025-12-01;19;742
28;2025-12-01;20;476
28;2025-12-01;21;310
28;2025-12-01;22;109
28;2025-12-01;23;3
28;2025-12-02;0;0
28;2025-12-02;1;0
28;2025-12-02;2;0
28;2025-12-02;3;0
28;2025-12-02;4;1
28;2025-12-02;5;79
28;2025-12-02;6;257
28;2025-12-02;7;814
28;2025-12-02;8;1307
28;2025-12-02;9;871
28;2025-12-02;10;613
28;2025-12-02;11;576
28;2025-12-02;12;695
28;2025-12-02;13;701
28;2025-12-02;14;701
28;2025-12-02;15;740
28;2025-12-02;16;918
28;2025-12-02;17;1092
28;2025-12-02;18;1060
28;2025-12-02;19;830
28;2025-12-02;20;559
28;2025-12-02;21;351
28;2025-12-02;22;118
28;2025-12-02;23;10
28;2025-12-03;0;0
28;2025-12-03;1;0
28;2025-12-03;2;0
28;2025-12-03;3;0
28;2025-12-03;4;1
28;2025-12-03;5;79
28;2025-12-03;6;257
28;2025-12-03;7;814
28;2025-12-03;8;1307
28;2025-12-03;9;871
28;2025-12-03;10;613
28;2025-12-03;11;576
28;2025-12-03;12;695
28;2025-12-03;13;701
28;2025-12-03;14;701
28;2025-12-03;15;740
28;2025-12-03;16;918
28;2025-12-03;17;1092
28;2025-12-03;18;1060
28;2025-12-03;19;830
28;2025-12-03;20;559
28;2025-12-03;21;351
28;2025-12-03;22;118
28;2025-12-03;23;10
28;2025-12-04;0;0
28;2025-12-04;1;0
28;2025-12-04;2;0
28;2025-12-04;3;0
28;2025-12-04;4;1
28;2025-12-04;5;79
28;2025-12-04;6;257
28;2025-12-04;7;814
28;2025-12-04;8;1307
28;2025-12-04;9;871
28;2025-12-04;10;613
28;2025-12-04;11;576
28;2025-12-04;12;695
28;2025-12-04;13;701
28;2025-12-04;14;701
28;2025-12-04;15;740
28;2025-12-04;16;918
28;2025-12-04;17;1092
28;2025-12-04;18;1060
28;2025-12-04;19;830
28;2025-12-04;20;559
28;2025-12-04;21;351
28;2025-12-04;22;118
28;2025-12-04;23;10
28;2025-12-05;0;0
28;2025-12-05;1;0
28;2025-12-05;2;0
28;2025-12-05;3;0
28;2025-12-05;4;2
28;2025-12-05;5;83
28;2025-12-05;6;293
28;2025-12-05;7;890
28;2025-12-05;8;1403
28;2025-12-05;9;896
28;2025-12-05;10;634
28;2025-12-05;11;605
28;2025-12-05;12;857
28;2025-12-05;13;760
28;2025-12-05;14;733
28;2025-12-05;15;767
28;2025-12-05;16;985
28;2025-12-05;17;1016
28;2025-12-05;18;908
28;2025-12-05;19;659
28;2025-12-05;20;445
28;2025-12-05;21;361
28;2025-12-05;22;117
28;2025-12-05;23;21
28;2025-12-06;0;1
28;2025-12-06;1;0
28;2025-12-06;2;0
28;2025-12-06;3;0
28;2025-12-06;4;1
28;2025-12-06;5;40
28;2025-12-06;6;113
28;2025-12-06;7;242
28;2025-12-06;8;432
28;2025-12-06;9;490
28;2025-12-06;10;523
28;2025-12-06;11;524
28;2025-12-06;12;617
28;2025-12-06;13;636
28;2025-12-06;14;588
28;2025-12-06;15;613
28;2025-12-06;16;630
28;2025-12-06;17;598
28;2025-12-06;18;529
28;2025-12-06;19;392
28;2025-12-06;20;287
28;2025-12-06;21;257
28;2025-12-06;22;110
28;2025-12-06;23;12
28;2025-12-07;0;0
28;2025-12-07;1;0
28;2025-12-07;2;0
28;2025-12-07;3;0
28;2025-12-07;4;0
28;2025-12-07;5;32
28;2025-12-07;6;77
28;2025-12-07;7;174
28;2025-12-07;8;276
28;2025-12-07;9;374
28;2025-12-07;10;418
28;2025-12-07;11;459
28;2025-12-07;12;476
28;2025-12-07;13;581
28;2025-12-07;14;566
28;2025-12-07;15;543
28;2025-12-07;16;480
28;2025-12-07;17;495
28;2025-12-07;18;461
28;2025-12-07;19;389
28;2025-12-07;20;318
28;2025-12-07;21;254
28;2025-12-07;22;112
28;2025-12-07;23;11
28;2025-12-08;0;0
28;2025-12-08;1;0
28;2025-12-08;2;0
28;2025-12-08;3;0
28;2025-12-08;4;2
28;2025-12-08;5;74
28;2025-12-08;6;281
28;2025-12-08;7;772
28;2025-12-08;8;1323
28;2025-12-08;9;856
28;2025-12-08;10;670
28;2025-12-08;11;557
28;2025-12-08;12;712
28;2025-12-08;13;707
28;2025-12-08;14;644
28;2025-12-08;15;644
28;2025-12-08;16;909
28;2025-12-08;17;1028
28;2025-12-08;18;986
28;2025-12-08;19;742
28;2025-12-08;20;476
28;2025-12-08;21;310
28;2025-12-08;22;109
28;2025-12-08;23;3
28;2025-12-09;0;0
28;2025-12-09;1;0
28;2025-12-09;2;0
28;2025-12-09;3;0
28;2025-12-09;4;1
28;2025-12-09;5;79
28;2025-12-09;6;257
28;2025-12-09;7;814
28;2025-12-09;8;1307
28;2025-12-09;9;871
28;2025-12-09;10;613
28;2025-12-09;11;576
28;2025-12-09;12;695
28;2025-12-09;13;701
28;2025-12-09;14;701
28;2025-12-09;15;740
28;2025-12-09;16;918
28;2025-12-09;17;1092
28;2025-12-09;18;1060
28;2025-12-09;19;830
28;2025-12-09;20;559
28;2025-12-09;21;351
28;2025-12-09;22;114
28;2025-12-09;23;10
28;2025-12-10;0;0
28;2025-12-10;1;0
28;2025-12-10;2;0
28;2025-12-10;3;0
28;2025-12-10;4;1
28;2025-12-10;5;76
28;2025-12-10;6;248
28;2025-12-10;7;786
28;2025-12-10;8;1262
28;2025-12-10;9;841
28;2025-12-10;10;592
28;2025-12-10;11;556
28;2025-12-10;12;695
28;2025-12-10;13;701
28;2025-12-10;14;701
28;2025-12-10;15;740
28;2025-12-10;16;918
28;2025-12-10;17;1092
28;2025-12-10;18;1060
28;2025-12-10;19;830
28;2025-12-10;20;559
28;2025-12-10;21;351
28;2025-12-10;22;118
28;2025-12-10;23;10
28;2025-12-11;0;0
28;2025-12-11;1;0
28;2025-12-11;2;0
28;2025-12-11;3;0
28;2025-12-11;4;1
28;2025-12-11;5;79
28;2025-12-11;6;257
28;2025-12-11;7;814
28;2025-12-11;8;1224
28;2025-12-11;9;841
28;2025-12-11;10;592
28;2025-12-11;11;556
28;2025-12-11;12;672
28;2025-12-11;13;678
28;2025-12-11;14;701
28;2025-12-11;15;715
28;2025-12-11;16;887
28;2025-12-11;17;1055
28;2025-12-11;18;1024
28;2025-12-11;19;802
28;2025-12-11;20;540
28;2025-12-11;21;339
28;2025-12-11;22;114
28;2025-12-11;23;10
28;2025-12-12;0;0
28;2025-12-12;1;0
28;2025-12-12;2;0
28;2025-12-12;3;0
28;2025-12-12;4;2
28;2025-12-12;5;83
28;2025-12-12;6;283
28;2025-12-12;7;890
28;2025-12-12;8;1356
28;2025-12-12;9;896
28;2025-12-12;10;613
28;2025-12-12;11;605
28;2025-12-12;12;828
28;2025-12-12;13;712
28;2025-12-12;14;686
28;2025-12-12;15;718
28;2025-12-12;16;952
28;2025-12-12;17;982
28;2025-12-12;18;908
28;2025-12-12;19;659
28;2025-12-12;20;445
28;2025-12-12;21;361
28;2025-12-12;22;113
28;2025-12-12;23;20
28;2025-12-13;0;1
28;2025-12-13;1;0
28;2025-12-13;2;0
28;2025-12-13;3;0
28;2025-12-13;4;1
28;2025-12-13;5;38
28;2025-12-13;6;113
28;2025-12-13;7;234
28;2025-12-13;8;432
28;2025-12-13;9;490
28;2025-12-13;10;523
28;2025-12-13;11;524
28;2025-12-13;12;617
28;2025-12-13;13;636
28;2025-12-13;14;588
28;2025-12-13;15;613
28;2025-12-13;16;630
28;2025-12-13;17;598
28;2025-12-13;18;529
28;2025-12-13;19;392
28;2025-12-13;20;277
28;2025-12-13;21;248
28;2025-12-13;22;110
28;2025-12-13;23;11
28;2025-12-14;0;0
28;2025-12-14;1;0
28;2025-12-14;2;0
28;2025-12-14;3;0
28;2025-12-14;4;0
28;2025-12-14;5;32
28;2025-12-14;6;77
28;2025-12-14;7;174
28;2025-12-14;8;267
28;2025-12-14;9;374
28;2025-12-14;10;418
28;2025-12-14;11;459
28;2025-12-14;12;476
28;2025-12-14;13;581
28;2025-12-14;14;566
28;2025-12-14;15;543
28;2025-12-14;16;480
28;2025-12-14;17;495
28;2025-12-14;18;461
28;2025-12-14;19;389
28;2025-12-14;20;318
28;2025-12-14;21;254
28;2025-12-14;22;112
28;2025-12-14;23;11
28;2025-12-15;0;0
28;2025-12-15;1;0
28;2025-12-15;2;0
28;2025-12-15;3;0
28;2025-12-15;4;2
28;2025-12-15;5;74
28;2025-12-15;6;281
28;2025-12-15;7;772
28;2025-12-15;8;1323
28;2025-12-15;9;856
28;2025-12-15;10;670
28;2025-12-15;11;538
28;2025-12-15;12;712
28;2025-12-15;13;707
28;2025-12-15;14;644
28;2025-12-15;15;644
28;2025-12-15;16;909
28;2025-12-15;17;1028
28;2025-12-15;18;986
28;2025-12-15;19;742
28;2025-12-15;20;476
28;2025-12-15;21;310
28;2025-12-15;22;109
28;2025-12-15;23;3
28;2025-12-16;0;0
28;2025-12-16;1;0
28;2025-12-16;2;0
28;2025-12-16;3;0
28;2025-12-16;4;1
28;2025-12-16;5;79
28;2025-12-16;6;257
28;2025-12-16;7;814
28;2025-12-16;8;1307
28;2025-12-16;9;871
28;2025-12-16;10;592
28;2025-12-16;11;556
28;2025-12-16;12;672
28;2025-12-16;13;657
28;2025-12-16;14;678
28;2025-12-16;15;740
28;2025-12-16;16;918
28;2025-12-16;17;1092
28;2025-12-16;18;1060
28;2025-12-16;19;830
28;2025-12-16;20;559
28;2025-12-16;21;351
28;2025-12-16;22;118
28;2025-12-16;23;10
28;2025-12-17;0;0
28;2025-12-17;1;0
28;2025-12-17;2;0
28;2025-12-17;3;0
28;2025-12-17;4;1
28;2025-12-17;5;79
28;2025-12-17;6;257
28;2025-12-17;7;814
28;2025-12-17;8;1307
28;2025-12-17;9;871
28;2025-12-17;10;613
28;2025-12-17;11;576
28;2025-12-17;12;695
28;2025-12-17;13;701
28;2025-12-17;14;701
28;2025-12-17;15;740
28;2025-12-17;16;918
28;2025-12-17;17;1092
28;2025-12-17;18;1060
28;2025-12-17;19;830
28;2025-12-17;20;559
28;2025-12-17;21;351
28;2025-12-17;22;118
28;2025-12-17;23;10
28;2025-12-18;0;0
28;2025-12-18;1;0
28;2025-12-18;2;0
28;2025-12-18;3;0
28;2025-12-18;4;1
28;2025-12-18;5;79
28;2025-12-18;6;257
28;2025-12-18;7;814
28;2025-12-18;8;1307
28;2025-12-18;9;871
28;2025-12-18;10;613
28;2025-12-18;11;576
28;2025-12-18;12;695
28;2025-12-18;13;701
28;2025-12-18;14;701
28;2025-12-18;15;740
28;2025-12-18;16;918
28;2025-12-18;17;1092
28;2025-12-18;18;1060
28;2025-12-18;19;830
28;2025-12-18;20;559
28;2025-12-18;21;351
28;2025-12-18;22;118
28;2025-12-18;23;10
28;2025-12-19;0;0
28;2025-12-19;1;0
28;2025-12-19;2;0
28;2025-12-19;3;0
28;2025-12-19;4;2
28;2025-12-19;5;83
28;2025-12-19;6;293
28;2025-12-19;7;890
28;2025-12-19;8;1403
28;2025-12-19;9;896
28;2025-12-19;10;634
28;2025-12-19;11;605
28;2025-12-19;12;857
28;2025-12-19;13;760
28;2025-12-19;14;733
28;2025-12-19;15;767
28;2025-12-19;16;985
28;2025-12-19;17;982
28;2025-12-19;18;877
28;2025-12-19;19;659
28;2025-12-19;20;445
28;2025-12-19;21;361
28;2025-12-19;22;117
28;2025-12-19;23;21
28;2025-12-20;0;1
28;2025-12-20;1;0
28;2025-12-20;2;0
28;2025-12-20;3;0
28;2025-12-20;4;1
28;2025-12-20;5;40
28;2025-12-20;6;113
28;2025-12-20;7;242
28;2025-12-20;8;432
28;2025-12-20;9;490
28;2025-12-20;10;523
28;2025-12-20;11;524
28;2025-12-20;12;617
28;2025-12-20;13;636
28;2025-12-20;14;588
28;2025-12-20;15;613
28;2025-12-20;16;630
28;2025-12-20;17;598
28;2025-12-20;18;529
28;2025-12-20;19;392
28;2025-12-20;20;287
28;2025-12-20;21;257
28;2025-12-20;22;110
28;2025-12-20;23;12
28;2025-12-21;0;0
28;2025-12-21;1;0
28;2025-12-21;2;0
28;2025-12-21;3;0
28;2025-12-21;4;0
28;2025-12-21;5;32
28;2025-12-21;6;74
28;2025-12-21;7;168
28;2025-12-21;8;276
28;2025-12-21;9;374
28;2025-12-21;10;418
28;2025-12-21;11;459
28;2025-12-21;12;476
28;2025-12-21;13;581
28;2025-12-21;14;566
28;2025-12-21;15;543
28;2025-12-21;16;480
28;2025-12-21;17;495
28;2025-12-21;18;461
28;2025-12-21;19;389
28;2025-12-21;20;318
28;2025-12-21;21;254
28;2025-12-21;22;108
28;2025-12-21;23;11
28;2025-12-22;0;0
28;2025-12-22;1;0
28;2025-12-22;2;0
28;2025-12-22;3;0
28;2025-12-22;4;2
28;2025-12-22;5;74
28;2025-12-22;6;281
28;2025-12-22;7;772
28;2025-12-22;8;1323
28;2025-12-22;9;827
28;2025-12-22;10;647
28;2025-12-22;11;538
28;2025-12-22;12;688
28;2025-12-22;13;707
28;2025-12-22;14;644
28;2025-12-22;15;622
28;2025-12-22;16;909
28;2025-12-22;17;1028
28;2025-12-22;18;953
28;2025-12-22;19;742
28;2025-12-22;20;476
28;2025-12-22;21;310
28;2025-12-22;22;105
28;2025-12-22;23;3
28;2025-12-23;0;0
28;2025-12-23;1;0
28;2025-12-23;2;0
28;2025-12-23;3;0
28;2025-12-23;4;1
28;2025-12-23;5;79
28;2025-12-23;6;257
28;2025-12-23;7;814
28;2025-12-23;8;1307
28;2025-12-23;9;871
28;2025-12-23;10;613
28;2025-12-23;11;576
28;2025-12-23;12;695
28;2025-12-23;13;701
28;2025-12-23;14;701
28;2025-12-23;15;740
28;2025-12-23;16;918
28;2025-12-23;17;1092
28;2025-12-23;18;1060
28;2025-12-23;19;830
28;2025-12-23;20;559
28;2025-12-23;21;351
28;2025-12-23;22;118
28;2025-12-23;23;10
28;2025-12-24;0;0
28;2025-12-24;1;0
28;2025-12-24;2;0
28;2025-12-24;3;0
28;2025-12-24;4;1
28;2025-12-24;5;79
28;2025-12-24;6;257
28;2025-12-24;7;814
28;2025-12-24;8;1307
28;2025-12-24;9;871
28;2025-12-24;10;613
28;2025-12-24;11;576
28;2025-12-24;12;672
28;2025-12-24;13;678
28;2025-12-24;14;701
28;2025-12-24;15;715
28;2025-12-24;16;918
28;2025-12-24;17;1092
28;2025-12-24;18;1024
28;2025-12-24;19;830
28;2025-12-24;20;559
28;2025-12-24;21;339
28;2025-12-24;22;114
28;2025-12-24;23;10
28;2025-12-25;0;0
28;2025-12-25;1;0
28;2025-12-25;2;0
28;2025-12-25;3;0
28;2025-12-25;4;1
28;2025-12-25;5;79
28;2025-12-25;6;248
28;2025-12-25;7;814
28;2025-12-25;8;1307
28;2025-12-25;9;871
28;2025-12-25;10;613
28;2025-12-25;11;576
28;2025-12-25;12;695
28;2025-12-25;13;701
28;2025-12-25;14;701
28;2025-12-25;15;740
28;2025-12-25;16;918
28;2025-12-25;17;1055
28;2025-12-25;18;1024
28;2025-12-25;19;802
28;2025-12-25;20;540
28;2025-12-25;21;339
28;2025-12-25;22;110
28;2025-12-25;23;10
28;2025-12-26;0;0
28;2025-12-26;1;0
28;2025-12-26;2;0
28;2025-12-26;3;0
28;2025-12-26;4;2
28;2025-12-26;5;80
28;2025-12-26;6;275
28;2025-12-26;7;860
28;2025-12-26;8;1356
28;2025-12-26;9;865
28;2025-12-26;10;613
28;2025-12-26;11;567
28;2025-12-26;12;828
28;2025-12-26;13;734
28;2025-12-26;14;708
28;2025-12-26;15;741
28;2025-12-26;16;952
28;2025-12-26;17;982
28;2025-12-26;18;877
28;2025-12-26;19;636
28;2025-12-26;20;430
28;2025-12-26;21;348
28;2025-12-26;22;113
28;2025-12-26;23;21
28;2025-12-27;0;1
28;2025-12-27;1;0
28;2025-12-27;2;0
28;2025-12-27;3;0
28;2025-12-27;4;1
28;2025-12-27;5;40
28;2025-12-27;6;113
28;2025-12-27;7;242
28;2025-12-27;8;432
28;2025-12-27;9;473
28;2025-12-27;10;523
28;2025-12-27;11;524
28;2025-12-27;12;617
28;2025-12-27;13;636
28;2025-12-27;14;588
28;2025-12-27;15;613
28;2025-12-27;16;630
28;2025-12-27;17;598
28;2025-12-27;18;529
28;2025-12-27;19;392
28;2025-12-27;20;287
28;2025-12-27;21;248
28;2025-12-27;22;107
28;2025-12-27;23;11
28;2025-12-28;0;0
28;2025-12-28;1;0
28;2025-12-28;2;0
28;2025-12-28;3;0
28;2025-12-28;4;0
28;2025-12-28;5;31
28;2025-12-28;6;74
28;2025-12-28;7;168
28;2025-12-28;8;267
28;2025-12-28;9;362
28;2025-12-28;10;404
28;2025-12-28;11;444
28;2025-12-28;12;460
28;2025-12-28;13;561
28;2025-12-28;14;546
28;2025-12-28;15;525
28;2025-12-28;16;480
28;2025-12-28;17;495
28;2025-12-28;18;461
28;2025-12-28;19;389
28;2025-12-28;20;307
28;2025-12-28;21;246
28;2025-12-28;22;108
28;2025-12-28;23;11
28;2025-12-29;0;0
28;2025-12-29;1;0
28;2025-12-29;2;0
28;2025-12-29;3;0
28;2025-12-29;4;2
28;2025-12-29;5;61
28;2025-12-29;6;239
28;2025-12-29;7;657
28;2025-12-29;8;1086
28;2025-12-29;9;703
28;2025-12-29;10;550
28;2025-12-29;11;457
28;2025-12-29;12;585
28;2025-12-29;13;581
28;2025-12-29;14;529
28;2025-12-29;15;528
28;2025-12-29;16;746
28;2025-12-29;17;844
28;2025-12-29;18;810
28;2025-12-29;19;609
28;2025-12-29;20;390
28;2025-12-29;21;255
28;2025-12-29;22;89
28;2025-12-29;23;3
28;2025-12-30;0;0
28;2025-12-30;1;0
28;2025-12-30;2;0
28;2025-12-30;3;0
28;2025-12-30;4;1
28;2025-12-30;5;65
28;2025-12-30;6;211
28;2025-12-30;7;668
28;2025-12-30;8;1073
28;2025-12-30;9;715
28;2025-12-30;10;503
28;2025-12-30;11;473
28;2025-12-30;12;571
28;2025-12-30;13;576
28;2025-12-30;14;576
28;2025-12-30;15;608
28;2025-12-30;16;754
28;2025-12-30;17;897
28;2025-12-30;18;871
28;2025-12-30;19;682
28;2025-12-30;20;459
28;2025-12-30;21;288
28;2025-12-30;22;97
28;2025-12-30;23;9
28;2025-12-31;0;0
28;2025-12-31;1;0
28;2025-12-31;2;0
28;2025-12-31;3;0
28;2025-12-31;4;0
28;2025-12-31;5;26
28;2025-12-31;6;63
28;2025-12-31;7;143
28;2025-12-31;8;227
28;2025-12-31;9;307
28;2025-12-31;10;343
28;2025-12-31;11;377
28;2025-12-31;12;405
28;2025-12-31;13;477
28;2025-12-31;14;464
28;2025-12-31;15;446
28;2025-12-31;16;408
28;2025-12-31;17;421
28;2025-12-31;18;379
28;2025-12-31;19;319
28;2025-12-31;20;270
28;2025-12-31;21;216
28;2025-12-31;22;92
28;2025-12-31;23;9
50;2025-11-01;0;17
50;2025-11-01;1;0
50;2025-11-01;2;0
50;2025-11-01;3;0
50;2025-11-01;4;2
50;2025-11-01;5;35
50;2025-11-01;6;267
50;2025-11-01;7;916
50;2025-11-01;8;1428
50;2025-11-01;9;1083
50;2025-11-01;10;784
50;2025-11-01;11;772
50;2025-11-01;12;723
50;2025-11-01;13;785
50;2025-11-01;14;745
50;2025-11-01;15;914
50;2025-11-01;16;1167
50;2025-11-01;17;1120
50;2025-11-01;18;831
50;2025-11-01;19;628
50;2025-11-01;20;468
50;2025-11-01;21;292
50;2025-11-01;22;136
50;2025-11-01;23;89
50;2025-11-02;0;0
50;2025-11-02;1;0
50;2025-11-02;2;0
50;2025-11-02;3;0
50;2025-11-02;4;0
50;2025-11-02;5;0
50;2025-11-02;6;0
50;2025-11-02;7;0
50;2025-11-02;8;0
50;2025-11-02;9;0
50;2025-11-02;10;71
50;2025-11-02;11;65
50;2025-11-02;12;26
50;2025-11-02;13;53
50;2025-11-02;14;179
50;2025-11-02;15;162
50;2025-11-02;16;166
50;2025-11-02;17;350
50;2025-11-02;18;190
50;2025-11-02;19;192
50;2025-11-02;20;155
50;2025-11-02;21;92
50;2025-11-02;22;114
50;2025-11-02;23;29
50;2025-11-03;0;34
50;2025-11-03;1;0
50;2025-11-03;2;0
50;2025-11-03;3;0
50;2025-11-03;4;1
50;2025-11-03;5;39
50;2025-11-03;6;174
50;2025-11-03;7;316
50;2025-11-03;8;498
50;2025-11-03;9;551
50;2025-11-03;10;598
50;2025-11-03;11;729
50;2025-11-03;12;739
50;2025-11-03;13;757
50;2025-11-03;14;807
50;2025-11-03;15;741
50;2025-11-03;16;761
50;2025-11-03;17;879
50;2025-11-03;18;842
50;2025-11-03;19;731
50;2025-11-03;20;720
50;2025-11-03;21;470
50;2025-11-03;22;292
50;2025-11-03;23;151
50;2025-11-04;0;33
50;2025-11-04;1;0
50;2025-11-04;2;0
50;2025-11-04;3;0
50;2025-11-04;4;1
50;2025-11-04;5;39
50;2025-11-04;6;174
50;2025-11-04;7;316
50;2025-11-04;8;481
50;2025-11-04;9;532
50;2025-11-04;10;578
50;2025-11-04;11;729
50;2025-11-04;12;717
50;2025-11-04;13;735
50;2025-11-04;14;836
50;2025-11-04;15;767
50;2025-11-04;16;761
50;2025-11-04;17;879
50;2025-11-04;18;842
50;2025-11-04;19;731
50;2025-11-04;20;720
50;2025-11-04;21;470
50;2025-11-04;22;292
50;2025-11-04;23;151
50;2025-11-05;0;26
50;2025-11-05;1;2
50;2025-11-05;2;0
50;2025-11-05;3;0
50;2025-11-05;4;3
50;2025-11-05;5;72
50;2025-11-05;6;566
50;2025-11-05;7;1807
50;2025-11-05;8;2995
50;2025-11-05;9;2279
50;2025-11-05;10;1826
50;2025-11-05;11;1576
50;2025-11-05;12;1553
50;2025-11-05;13;1537
50;2025-11-05;14;1455
50;2025-11-05;15;1757
50;2025-11-05;16;1777
50;2025-11-05;17;2513
50;2025-11-05;18;2559
50;2025-11-05;19;1534
50;2025-11-05;20;996
50;2025-11-05;21;685
50;2025-11-05;22;259
50;2025-11-05;23;154
50;2025-11-06;0;26
50;2025-11-06;1;2
50;2025-11-06;2;0
50;2025-11-06;3;0
50;2025-11-06;4;3
50;2025-11-06;5;72
50;2025-11-06;6;566
50;2025-11-06;7;1807
50;2025-11-06;8;2995
50;2025-11-06;9;2279
50;2025-11-06;10;1826
50;2025-11-06;11;1522
50;2025-11-06;12;1553
50;2025-11-06;13;1537
50;2025-11-06;14;1455
50;2025-11-06;15;1697
50;2025-11-06;16;1716
50;2025-11-06;17;2513
50;2025-11-06;18;2559
50;2025-11-06;19;1534
50;2025-11-06;20;934
50;2025-11-06;21;685
50;2025-11-06;22;259
50;2025-11-06;23;149
50;2025-11-07;0;33
50;2025-11-07;1;0
50;2025-11-07;2;0
50;2025-11-07;3;0
50;2025-11-07;4;4
50;2025-11-07;5;65
50;2025-11-07;6;515
50;2025-11-07;7;1765
50;2025-11-07;8;2658
50;2025-11-07;9;2016
50;2025-11-07;10;1510
50;2025-11-07;11;1488
50;2025-11-07;12;1393
50;2025-11-07;13;1512
50;2025-11-07;14;1435
50;2025-11-07;15;1761
50;2025-11-07;16;2249
50;2025-11-07;17;2158
50;2025-11-07;18;1600
50;2025-11-07;19;1209
50;2025-11-07;20;902
50;2025-11-07;21;563
50;2025-11-07;22;262
50;2025-11-07;23;171
50;2025-11-08;0;193
50;2025-11-08;1;17
50;2025-11-08;2;0
50;2025-11-08;3;0
50;2025-11-08;4;0
50;2025-11-08;5;1
50;2025-11-08;6;1
50;2025-11-08;7;6
50;2025-11-08;8;3
50;2025-11-08;9;69
50;2025-11-08;10;38
50;2025-11-08;11;53
50;2025-11-08;12;119
50;2025-11-08;13;59
50;2025-11-08;14;74
50;2025-11-08;15;138
50;2025-11-08;16;70
50;2025-11-08;17;74
50;2025-11-08;18;22
50;2025-11-08;19;0
50;2025-11-08;20;19
50;2025-11-08;21;0
50;2025-11-08;22;13
50;2025-11-08;23;0
50;2025-11-09;0;0
50;2025-11-09;1;0
50;2025-11-09;2;0
50;2025-11-09;3;0
50;2025-11-09;4;0
50;2025-11-09;5;0
50;2025-11-09;6;0
50;2025-11-09;7;0
50;2025-11-09;8;0
50;2025-11-09;9;0
50;2025-11-09;10;71
50;2025-11-09;11;65
50;2025-11-09;12;26
50;2025-11-09;13;55
50;2025-11-09;14;179
50;2025-11-09;15;162
50;2025-11-09;16;166
50;2025-11-09;17;350
50;2025-11-09;18;190
50;2025-11-09;19;192
50;2025-11-09;20;155
50;2025-11-09;21;92
50;2025-11-09;22;114
50;2025-11-09;23;29
50;2025-11-10;0;7
50;2025-11-10;1;2
50;2025-11-10;2;0
50;2025-11-10;3;0
50;2025-11-10;4;4
50;2025-11-10;5;72
50;2025-11-10;6;532
50;2025-11-10;7;1738
50;2025-11-10;8;2893
50;2025-11-10;9;2349
50;2025-11-10;10;1676
50;2025-11-10;11;1481
50;2025-11-10;12;1315
50;2025-11-10;13;1528
50;2025-11-10;14;1422
50;2025-11-10;15;1640
50;2025-11-10;16;1673
50;2025-11-10;17;2344
50;2025-11-10;18;2557
50;2025-11-10;19;1268
50;2025-11-10;20;870
50;2025-11-10;21;644
50;2025-11-10;22;211
50;2025-11-10;23;113
50;2025-11-11;0;26
50;2025-11-11;1;2
50;2025-11-11;2;0
50;2025-11-11;3;0
50;2025-11-11;4;3
50;2025-11-11;5;72
50;2025-11-11;6;566
50;2025-11-11;7;1807
50;2025-11-11;8;2995
50;2025-11-11;9;2279
50;2025-11-11;10;1826
50;2025-11-11;11;1576
50;2025-11-11;12;1553
50;2025-11-11;13;1537
50;2025-11-11;14;1455
50;2025-11-11;15;1757
50;2025-11-11;16;1777
50;2025-11-11;17;2513
50;2025-11-11;18;2559
50;2025-11-11;19;1534
50;2025-11-11;20;996
50;2025-11-11;21;685
50;2025-11-11;22;259
50;2025-11-11;23;154
50;2025-11-12;0;26
50;2025-11-12;1;2
50;2025-11-12;2;0
50;2025-11-12;3;0
50;2025-11-12;4;3
50;2025-11-12;5;72
50;2025-11-12;6;566
50;2025-11-12;7;1807
50;2025-11-12;8;2995
50;2025-11-12;9;2279
50;2025-11-12;10;1764
50;2025-11-12;11;1522
50;2025-11-12;12;1500
50;2025-11-12;13;1485
50;2025-11-12;14;1405
50;2025-11-12;15;1697
50;2025-11-12;16;1777
50;2025-11-12;17;2513
50;2025-11-12;18;2472
50;2025-11-12;19;1534
50;2025-11-12;20;996
50;2025-11-12;21;685
50;2025-11-12;22;259
50;2025-11-12;23;154
50;2025-11-13;0;26
50;2025-11-13;1;2
50;2025-11-13;2;0
50;2025-11-13;3;0
50;2025-11-13;4;3
50;2025-11-13;5;72
50;2025-11-13;6;547
50;2025-11-13;7;1807
50;2025-11-13;8;2995
50;2025-11-13;9;2279
50;2025-11-13;10;1826
50;2025-11-13;11;1576
50;2025-11-13;12;1553
50;2025-11-13;13;1537
50;2025-11-13;14;1455
50;2025-11-13;15;1757
50;2025-11-13;16;1777
50;2025-11-13;17;2513
50;2025-11-13;18;2559
50;2025-11-13;19;1534
50;2025-11-13;20;996
50;2025-11-13;21;685
50;2025-11-13;22;259
50;2025-11-13;23;154
50;2025-11-14;0;33
50;2025-11-14;1;0
50;2025-11-14;2;0
50;2025-11-14;3;0
50;2025-11-14;4;4
50;2025-11-14;5;68
50;2025-11-14;6;515
50;2025-11-14;7;1765
50;2025-11-14;8;2752
50;2025-11-14;9;2087
50;2025-11-14;10;1510
50;2025-11-14;11;1488
50;2025-11-14;12;1393
50;2025-11-14;13;1512
50;2025-11-14;14;1435
50;2025-11-14;15;1761
50;2025-11-14;16;2249
50;2025-11-14;17;2158
50;2025-11-14;18;1600
50;2025-11-14;19;1209
50;2025-11-14;20;871
50;2025-11-14;21;544
50;2025-11-14;22;253
50;2025-11-14;23;165
50;2025-11-15;0;180
50;2025-11-15;1;16
50;2025-11-15;2;0
50;2025-11-15;3;0
50;2025-11-15;4;0
50;2025-11-15;5;1
50;2025-11-15;6;1
50;2025-11-15;7;6
50;2025-11-15;8;3
50;2025-11-15;9;64
50;2025-11-15;10;36
50;2025-11-15;11;50
50;2025-11-15;12;115
50;2025-11-15;13;57
50;2025-11-15;14;74
50;2025-11-15;15;138
50;2025-11-15;16;70
50;2025-11-15;17;74
50;2025-11-15;18;22
50;2025-11-15;19;0
50;2025-11-15;20;19
50;2025-11-15;21;0
50;2025-11-15;22;13
50;2025-11-15;23;0
50;2025-11-16;0;0
50;2025-11-16;1;0
50;2025-11-16;2;0
50;2025-11-16;3;0
50;2025-11-16;4;0
50;2025-11-16;5;0
50;2025-11-16;6;0
50;2025-11-16;7;0
50;2025-11-16;8;0
50;2025-11-16;9;0
50;2025-11-16;10;71
50;2025-11-16;11;65
50;2025-11-16;12;26
50;2025-11-16;13;55
50;2025-11-16;14;179
50;2025-11-16;15;162
50;2025-11-16;16;166
50;2025-11-16;17;350
50;2025-11-16;18;190
50;2025-11-16;19;192
50;2025-11-16;20;155
50;2025-11-16;21;92
50;2025-11-16;22;114
50;2025-11-16;23;29
50;2025-11-17;0;7
50;2025-11-17;1;2
50;2025-11-17;2;0
50;2025-11-17;3;0
50;2025-11-17;4;4
50;2025-11-17;5;72
50;2025-11-17;6;532
50;2025-11-17;7;1738
50;2025-11-17;8;2893
50;2025-11-17;9;2349
50;2025-11-17;10;1619
50;2025-11-17;11;1430
50;2025-11-17;12;1271
50;2025-11-17;13;1431
50;2025-11-17;14;1332
50;2025-11-17;15;1585
50;2025-11-17;16;1616
50;2025-11-17;17;2264
50;2025-11-17;18;2557
50;2025-11-17;19;1268
50;2025-11-17;20;870
50;2025-11-17;21;622
50;2025-11-17;22;211
50;2025-11-17;23;113
50;2025-11-18;0;26
50;2025-11-18;1;2
50;2025-11-18;2;0
50;2025-11-18;3;0
50;2025-11-18;4;3
50;2025-11-18;5;68
50;2025-11-18;6;547
50;2025-11-18;7;1807
50;2025-11-18;8;2893
50;2025-11-18;9;2135
50;2025-11-18;10;1711
50;2025-11-18;11;1522
50;2025-11-18;12;1500
50;2025-11-18;13;1440
50;2025-11-18;14;1363
50;2025-11-18;15;1697
50;2025-11-18;16;1777
50;2025-11-18;17;2513
50;2025-11-18;18;2472
50;2025-11-18;19;1482
50;2025-11-18;20;962
50;2025-11-18;21;685
50;2025-11-18;22;259
50;2025-11-18;23;154
50;2025-11-19;0;26
50;2025-11-19;1;2
50;2025-11-19;2;0
50;2025-11-19;3;0
50;2025-11-19;4;3
50;2025-11-19;5;72
50;2025-11-19;6;566
50;2025-11-19;7;1807
50;2025-11-19;8;2995
50;2025-11-19;9;2279
50;2025-11-19;10;1826
50;2025-11-19;11;1576
50;2025-11-19;12;1553
50;2025-11-19;13;1537
50;2025-11-19;14;1455
50;2025-11-19;15;1757
50;2025-11-19;16;1777
50;2025-11-19;17;2513
50;2025-11-19;18;2559
50;2025-11-19;19;1534
50;2025-11-19;20;996
50;2025-11-19;21;685
50;2025-11-19;22;259
50;2025-11-19;23;154
50;2025-11-20;0;26
50;2025-11-20;1;2
50;2025-11-20;2;0
50;2025-11-20;3;0
50;2025-11-20;4;3
50;2025-11-20;5;72
50;2025-11-20;6;566
50;2025-11-20;7;1807
50;2025-11-20;8;2995
50;2025-11-20;9;2279
50;2025-11-20;10;1826
50;2025-11-20;11;1576
50;2025-11-20;12;1553
50;2025-11-20;13;1537
50;2025-11-20;14;1455
50;2025-11-20;15;1757
50;2025-11-20;16;1777
50;2025-11-20;17;2513
50;2025-11-20;18;2559
50;2025-11-20;19;1534
50;2025-11-20;20;996
50;2025-11-20;21;685
50;2025-11-20;22;259
50;2025-11-20;23;154
50;2025-11-21;0;33
50;2025-11-21;1;0
50;2025-11-21;2;0
50;2025-11-21;3;0
50;2025-11-21;4;3
50;2025-11-21;5;65
50;2025-11-21;6;498
50;2025-11-21;7;1705
50;2025-11-21;8;2752
50;2025-11-21;9;2087
50;2025-11-21;10;1510
50;2025-11-21;11;1488
50;2025-11-21;12;1346
50;2025-11-21;13;1512
50;2025-11-21;14;1435
50;2025-11-21;15;1761
50;2025-11-21;16;2249
50;2025-11-21;17;2158
50;2025-11-21;18;1600
50;2025-11-21;19;1209
50;2025-11-21;20;902
50;2025-11-21;21;563
50;2025-11-21;22;262
50;2025-11-21;23;171
50;2025-11-22;0;193
50;2025-11-22;1;17
50;2025-11-22;2;0
50;2025-11-22;3;0
50;2025-11-22;4;0
50;2025-11-22;5;1
50;2025-11-22;6;1
50;2025-11-22;7;6
50;2025-11-22;8;3
50;2025-11-22;9;66
50;2025-11-22;10;38
50;2025-11-22;11;53
50;2025-11-22;12;119
50;2025-11-22;13;59
50;2025-11-22;14;74
50;2025-11-22;15;138
50;2025-11-22;16;70
50;2025-11-22;17;74
50;2025-11-22;18;22
50;2025-11-22;19;0
50;2025-11-22;20;19
50;2025-11-22;21;0
50;2025-11-22;22;12
50;2025-11-22;23;0
50;2025-11-23;0;0
50;2025-11-23;1;0
50;2025-11-23;2;0
50;2025-11-23;3;0
50;2025-11-23;4;0
50;2025-11-23;5;0
50;2025-11-23;6;0
50;2025-11-23;7;0
50;2025-11-23;8;0
50;2025-11-23;9;0
50;2025-11-23;10;71
50;2025-11-23;11;65
50;2025-11-23;12;26
50;2025-11-23;13;55
50;2025-11-23;14;179
50;2025-11-23;15;162
50;2025-11-23;16;166
50;2025-11-23;17;350
50;2025-11-23;18;190
50;2025-11-23;19;192
50;2025-11-23;20;155
50;2025-11-23;21;92
50;2025-11-23;22;114
50;2025-11-23;23;29
50;2025-11-24;0;7
50;2025-11-24;1;2
50;2025-11-24;2;0
50;2025-11-24;3;0
50;2025-11-24;4;3
50;2025-11-24;5;67
50;2025-11-24;6;498
50;2025-11-24;7;1679
50;2025-11-24;8;2795
50;2025-11-24;9;2269
50;2025-11-24;10;1570
50;2025-11-24;11;1387
50;2025-11-24;12;1271
50;2025-11-24;13;1476
50;2025-11-24;14;1373
50;2025-11-24;15;1585
50;2025-11-24;16;1673
50;2025-11-24;17;2344
50;2025-11-24;18;2557
50;2025-11-24;19;1268
50;2025-11-24;20;870
50;2025-11-24;21;644
50;2025-11-24;22;211
50;2025-11-24;23;113
50;2025-11-25;0;26
50;2025-11-25;1;2
50;2025-11-25;2;0
50;2025-11-25;3;0
50;2025-11-25;4;3
50;2025-11-25;5;72
50;2025-11-25;6;566
50;2025-11-25;7;1807
50;2025-11-25;8;2995
50;2025-11-25;9;2279
50;2025-11-25;10;1826
50;2025-11-25;11;1576
50;2025-11-25;12;1553
50;2025-11-25;13;1537
50;2025-11-25;14;1455
50;2025-11-25;15;1757
50;2025-11-25;16;1777
50;2025-11-25;17;2513
50;2025-11-25;18;2559
50;2025-11-25;19;1534
50;2025-11-25;20;996
50;2025-11-25;21;685
50;2025-11-25;22;259
50;2025-11-25;23;154
50;2025-11-26;0;25
50;2025-11-26;1;2
50;2025-11-26;2;0
50;2025-11-26;3;0
50;2025-11-26;4;3
50;2025-11-26;5;68
50;2025-11-26;6;531
50;2025-11-26;7;1746
50;2025-11-26;8;2893
50;2025-11-26;9;2201
50;2025-11-26;10;1764
50;2025-11-26;11;1522
50;2025-11-26;12;1500
50;2025-11-26;13;1485
50;2025-11-26;14;1405
50;2025-11-26;15;1697
50;2025-11-26;16;1716
50;2025-11-26;17;2427
50;2025-11-26;18;2472
50;2025-11-26;19;1482
50;2025-11-26;20;962
50;2025-11-26;21;662
50;2025-11-26;22;250
50;2025-11-26;23;149
50;2025-11-27;0;25
50;2025-11-27;1;2
50;2025-11-27;2;0
50;2025-11-27;3;0
50;2025-11-27;4;3
50;2025-11-27;5;72
50;2025-11-27;6;566
50;2025-11-27;7;1807
50;2025-11-27;8;2995
50;2025-11-27;9;2279
50;2025-11-27;10;1826
50;2025-11-27;11;1522
50;2025-11-27;12;1500
50;2025-11-27;13;1485
50;2025-11-27;14;1405
50;2025-11-27;15;1757
50;2025-11-27;16;1777
50;2025-11-27;17;2427
50;2025-11-27;18;2398
50;2025-11-27;19;1482
50;2025-11-27;20;962
50;2025-11-27;21;662
50;2025-11-27;22;243
50;2025-11-27;23;145
50;2025-11-28;0;31
50;2025-11-28;1;0
50;2025-11-28;2;0
50;2025-11-28;3;0
50;2025-11-28;4;3
50;2025-11-28;5;65
50;2025-11-28;6;515
50;2025-11-28;7;1765
50;2025-11-28;8;2752
50;2025-11-28;9;2087
50;2025-11-28;10;1510
50;2025-11-28;11;1488
50;2025-11-28;12;1393
50;2025-11-28;13;1512
50;2025-11-28;14;1435
50;2025-11-28;15;1761
50;2025-11-28;16;2249
50;2025-11-28;17;2158
50;2025-11-28;18;1600
50;2025-11-28;19;1209
50;2025-11-28;20;902
50;2025-11-28;21;563
50;2025-11-28;22;262
50;2025-11-28;23;171
50;2025-11-29;0;193
50;2025-11-29;1;17
50;2025-11-29;2;0
50;2025-11-29;3;0
50;2025-11-29;4;0
50;2025-11-29;5;1
50;2025-11-29;6;1
50;2025-11-29;7;6
50;2025-11-29;8;3
50;2025-11-29;9;69
50;2025-11-29;10;38
50;2025-11-29;11;53
50;2025-11-29;12;119
50;2025-11-29;13;59
50;2025-11-29;14;74
50;2025-11-29;15;138
50;2025-11-29;16;70
50;2025-11-29;17;74
50;2025-11-29;18;22
50;2025-11-29;19;0
50;2025-11-29;20;19
50;2025-11-29;21;0
50;2025-11-29;22;13
50;2025-11-29;23;0
50;2025-11-30;0;0
50;2025-11-30;1;0
50;2025-11-30;2;0
50;2025-11-30;3;0
50;2025-11-30;4;0
50;2025-11-30;5;0
50;2025-11-30;6;0
50;2025-11-30;7;0
50;2025-11-30;8;0
50;2025-11-30;9;0
50;2025-11-30;10;71
50;2025-11-30;11;65
50;2025-11-30;12;26
50;2025-11-30;13;55
50;2025-11-30;14;179
50;2025-11-30;15;162
50;2025-11-30;16;166
50;2025-11-30;17;350
50;2025-11-30;18;190
50;2025-11-30;19;192
50;2025-11-30;20;155
50;2025-11-30;21;92
50;2025-11-30;22;114
50;2025-11-30;23;29
50;2025-12-01;0;7
50;2025-12-01;1;2
50;2025-12-01;2;0
50;2025-12-01;3;0
50;2025-12-01;4;4
50;2025-12-01;5;72
50;2025-12-01;6;532
50;2025-12-01;7;1738
50;2025-12-01;8;2893
50;2025-12-01;9;2349
50;2025-12-01;10;1676
50;2025-12-01;11;1481
50;2025-12-01;12;1315
50;2025-12-01;13;1528
50;2025-12-01;14;1422
50;2025-12-01;15;1640
50;2025-12-01;16;1673
50;2025-12-01;17;2344
50;2025-12-01;18;2557
50;2025-12-01;19;1268
50;2025-12-01;20;870
50;2025-12-01;21;644
50;2025-12-01;22;211
50;2025-12-01;23;113
50;2025-12-02;0;26
50;2025-12-02;1;2
50;2025-12-02;2;0
50;2025-12-02;3;0
50;2025-12-02;4;3
50;2025-12-02;5;72
50;2025-12-02;6;566
50;2025-12-02;7;1807
50;2025-12-02;8;2995
50;2025-12-02;9;2279
50;2025-12-02;10;1826
50;2025-12-02;11;1576
50;2025-12-02;12;1553
50;2025-12-02;13;1537
50;2025-12-02;14;1455
50;2025-12-02;15;1757
50;2025-12-02;16;1777
50;2025-12-02;17;2513
50;2025-12-02;18;2559
50;2025-12-02;19;1534
50;2025-12-02;20;996
50;2025-12-02;21;685
50;2025-12-02;22;259
50;2025-12-02;23;154
50;2025-12-03;0;26
50;2025-12-03;1;2
50;2025-12-03;2;0
50;2025-12-03;3;0
50;2025-12-03;4;3
50;2025-12-03;5;72
50;2025-12-03;6;566
50;2025-12-03;7;1807
50;2025-12-03;8;2995
50;2025-12-03;9;2279
50;2025-12-03;10;1826
50;2025-12-03;11;1576
50;2025-12-03;12;1553
50;2025-12-03;13;1537
50;2025-12-03;14;1455
50;2025-12-03;15;1757
50;2025-12-03;16;1777
50;2025-12-03;17;2513
50;2025-12-03;18;2559
50;2025-12-03;19;1534
50;2025-12-03;20;996
50;2025-12-03;21;685
50;2025-12-03;22;259
50;2025-12-03;23;154
50;2025-12-04;0;26
50;2025-12-04;1;2
50;2025-12-04;2;0
50;2025-12-04;3;0
50;2025-12-04;4;3
50;2025-12-04;5;72
50;2025-12-04;6;566
50;2025-12-04;7;1807
50;2025-12-04;8;2995
50;2025-12-04;9;2279
50;2025-12-04;10;1826
50;2025-12-04;11;1576
50;2025-12-04;12;1553
50;2025-12-04;13;1537
50;2025-12-04;14;1455
50;2025-12-04;15;1757
50;2025-12-04;16;1777
50;2025-12-04;17;2513
50;2025-12-04;18;2559
50;2025-12-04;19;1534
50;2025-12-04;20;996
50;2025-12-04;21;685
50;2025-12-04;22;259
50;2025-12-04;23;154
50;2025-12-05;0;33
50;2025-12-05;1;0
50;2025-12-05;2;0
50;2025-12-05;3;0
50;2025-12-05;4;4
50;2025-12-05;5;68
50;2025-12-05;6;515
50;2025-12-05;7;1765
50;2025-12-05;8;2752
50;2025-12-05;9;2087
50;2025-12-05;10;1510
50;2025-12-05;11;1488
50;2025-12-05;12;1393
50;2025-12-05;13;1512
50;2025-12-05;14;1435
50;2025-12-05;15;1761
50;2025-12-05;16;2249
50;2025-12-05;17;2158
50;2025-12-05;18;1600
50;2025-12-05;19;1209
50;2025-12-05;20;902
50;2025-12-05;21;563
50;2025-12-05;22;262
50;2025-12-05;23;171
50;2025-12-06;0;61
50;2025-12-06;1;0
50;2025-12-06;2;0
50;2025-12-06;3;0
50;2025-12-06;4;0
50;2025-12-06;5;42
50;2025-12-06;6;176
50;2025-12-06;7;455
50;2025-12-06;8;597
50;2025-12-06;9;626
50;2025-12-06;10;665
50;2025-12-06;11;776
50;2025-12-06;12;722
50;2025-12-06;13;752
50;2025-12-06;14;859
50;2025-12-06;15;733
50;2025-12-06;16;735
50;2025-12-06;17;884
50;2025-12-06;18;855
50;2025-12-06;19;782
50;2025-12-06;20;681
50;2025-12-06;21;449
50;2025-12-06;22;286
50;2025-12-06;23;170
50;2025-12-07;0;34
50;2025-12-07;1;0
50;2025-12-07;2;0
50;2025-12-07;3;0
50;2025-12-07;4;1
50;2025-12-07;5;39
50;2025-12-07;6;174
50;2025-12-07;7;316
50;2025-12-07;8;498
50;2025-12-07;9;551
50;2025-12-07;10;598
50;2025-12-07;11;754
50;2025-12-07;12;765
50;2025-12-07;13;784
50;2025-12-07;14;836
50;2025-12-07;15;767
50;2025-12-07;16;761
50;2025-12-07;17;879
50;2025-12-07;18;842
50;2025-12-07;19;731
50;2025-12-07;20;720
50;2025-12-07;21;470
50;2025-12-07;22;292
50;2025-12-07;23;151
50;2025-12-08;0;7
50;2025-12-08;1;2
50;2025-12-08;2;0
50;2025-12-08;3;0
50;2025-12-08;4;4
50;2025-12-08;5;72
50;2025-12-08;6;532
50;2025-12-08;7;1738
50;2025-12-08;8;2893
50;2025-12-08;9;2349
50;2025-12-08;10;1676
50;2025-12-08;11;1481
50;2025-12-08;12;1315
50;2025-12-08;13;1528
50;2025-12-08;14;1422
50;2025-12-08;15;1640
50;2025-12-08;16;1673
50;2025-12-08;17;2344
50;2025-12-08;18;2557
50;2025-12-08;19;1268
50;2025-12-08;20;870
50;2025-12-08;21;644
50;2025-12-08;22;211
50;2025-12-08;23;113
50;2025-12-09;0;26
50;2025-12-09;1;2
50;2025-12-09;2;0
50;2025-12-09;3;0
50;2025-12-09;4;3
50;2025-12-09;5;72
50;2025-12-09;6;566
50;2025-12-09;7;1807
50;2025-12-09;8;2995
50;2025-12-09;9;2279
50;2025-12-09;10;1826
50;2025-12-09;11;1576
50;2025-12-09;12;1553
50;2025-12-09;13;1537
50;2025-12-09;14;1455
50;2025-12-09;15;1757
50;2025-12-09;16;1777
50;2025-12-09;17;2513
50;2025-12-09;18;2559
50;2025-12-09;19;1534
50;2025-12-09;20;996
50;2025-12-09;21;685
50;2025-12-09;22;250
50;2025-12-09;23;149
50;2025-12-10;0;25
50;2025-12-10;1;2
50;2025-12-10;2;0
50;2025-12-10;3;0
50;2025-12-10;4;3
50;2025-12-10;5;70
50;2025-12-10;6;547
50;2025-12-10;7;1746
50;2025-12-10;8;2893
50;2025-12-10;9;2201
50;2025-12-10;10;1764
50;2025-12-10;11;1522
50;2025-12-10;12;1553
50;2025-12-10;13;1537
50;2025-12-10;14;1455
50;2025-12-10;15;1757
50;2025-12-10;16;1777
50;2025-12-10;17;2513
50;2025-12-10;18;2559
50;2025-12-10;19;1534
50;2025-12-10;20;996
50;2025-12-10;21;685
50;2025-12-10;22;259
50;2025-12-10;23;154
50;2025-12-11;0;26
50;2025-12-11;1;2
50;2025-12-11;2;0
50;2025-12-11;3;0
50;2025-12-11;4;3
50;2025-12-11;5;72
50;2025-12-11;6;566
50;2025-12-11;7;1807
50;2025-12-11;8;2806
50;2025-12-11;9;2201
50;2025-12-11;10;1764
50;2025-12-11;11;1522
50;2025-12-11;12;1500
50;2025-12-11;13;1485
50;2025-12-11;14;1455
50;2025-12-11;15;1697
50;2025-12-11;16;1716
50;2025-12-11;17;2427
50;2025-12-11;18;2472
50;2025-12-11;19;1482
50;2025-12-11;20;962
50;2025-12-11;21;662
50;2025-12-11;22;250
50;2025-12-11;23;154
50;2025-12-12;0;33
50;2025-12-12;1;0
50;2025-12-12;2;0
50;2025-12-12;3;0
50;2025-12-12;4;4
50;2025-12-12;5;68
50;2025-12-12;6;498
50;2025-12-12;7;1765
50;2025-12-12;8;2658
50;2025-12-12;9;2087
50;2025-12-12;10;1459
50;2025-12-12;11;1488
50;2025-12-12;12;1346
50;2025-12-12;13;1417
50;2025-12-12;14;1345
50;2025-12-12;15;1650
50;2025-12-12;16;2172
50;2025-12-12;17;2084
50;2025-12-12;18;1600
50;2025-12-12;19;1209
50;2025-12-12;20;902
50;2025-12-12;21;563
50;2025-12-12;22;253
50;2025-12-12;23;165
50;2025-12-13;0;61
50;2025-12-13;1;0
50;2025-12-13;2;0
50;2025-12-13;3;0
50;2025-12-13;4;0
50;2025-12-13;5;41
50;2025-12-13;6;176
50;2025-12-13;7;440
50;2025-12-13;8;597
50;2025-12-13;9;626
50;2025-12-13;10;665
50;2025-12-13;11;776
50;2025-12-13;12;722
50;2025-12-13;13;752
50;2025-12-13;14;859
50;2025-12-13;15;733
50;2025-12-13;16;735
50;2025-12-13;17;884
50;2025-12-13;18;855
50;2025-12-13;19;782
50;2025-12-13;20;657
50;2025-12-13;21;433
50;2025-12-13;22;286
50;2025-12-13;23;164
50;2025-12-14;0;33
50;2025-12-14;1;0
50;2025-12-14;2;0
50;2025-12-14;3;0
50;2025-12-14;4;1
50;2025-12-14;5;39
50;2025-12-14;6;174
50;2025-12-14;7;316
50;2025-12-14;8;481
50;2025-12-14;9;551
50;2025-12-14;10;598
50;2025-12-14;11;754
50;2025-12-14;12;765
50;2025-12-14;13;784
50;2025-12-14;14;836
50;2025-12-14;15;767
50;2025-12-14;16;761
50;2025-12-14;17;879
50;2025-12-14;18;842
50;2025-12-14;19;731
50;2025-12-14;20;720
50;2025-12-14;21;470
50;2025-12-14;22;292
50;2025-12-14;23;151
50;2025-12-15;0;7
50;2025-12-15;1;2
50;2025-12-15;2;0
50;2025-12-15;3;0
50;2025-12-15;4;4
50;2025-12-15;5;72
50;2025-12-15;6;532
50;2025-12-15;7;1738
50;2025-12-15;8;2893
50;2025-12-15;9;2349
50;2025-12-15;10;1676
50;2025-12-15;11;1430
50;2025-12-15;12;1315
50;2025-12-15;13;1528
50;2025-12-15;14;1422
50;2025-12-15;15;1640
50;2025-12-15;16;1673
50;2025-12-15;17;2344
50;2025-12-15;18;2557
50;2025-12-15;19;1268
50;2025-12-15;20;870
50;2025-12-15;21;644
50;2025-12-15;22;211
50;2025-12-15;23;113
50;2025-12-16;0;26
50;2025-12-16;1;2
50;2025-12-16;2;0
50;2025-12-16;3;0
50;2025-12-16;4;3
50;2025-12-16;5;72
50;2025-12-16;6;566
50;2025-12-16;7;1807
50;2025-12-16;8;2995
50;2025-12-16;9;2279
50;2025-12-16;10;1764
50;2025-12-16;11;1522
50;2025-12-16;12;1500
50;2025-12-16;13;1440
50;2025-12-16;14;1405
50;2025-12-16;15;1757
50;2025-12-16;16;1777
50;2025-12-16;17;2513
50;2025-12-16;18;2559
50;2025-12-16;19;1534
50;2025-12-16;20;996
50;2025-12-16;21;685
50;2025-12-16;22;259
50;2025-12-16;23;154
50;2025-12-17;0;25
50;2025-12-17;1;2
50;2025-12-17;2;0
50;2025-12-17;3;0
50;2025-12-17;4;3
50;2025-12-17;5;72
50;2025-12-17;6;566
50;2025-12-17;7;1807
50;2025-12-17;8;2995
50;2025-12-17;9;2279
50;2025-12-17;10;1826
50;2025-12-17;11;1576
50;2025-12-17;12;1553
50;2025-12-17;13;1537
50;2025-12-17;14;1455
50;2025-12-17;15;1757
50;2025-12-17;16;1777
50;2025-12-17;17;2513
50;2025-12-17;18;2559
50;2025-12-17;19;1534
50;2025-12-17;20;996
50;2025-12-17;21;685
50;2025-12-17;22;259
50;2025-12-17;23;154
50;2025-12-18;0;26
50;2025-12-18;1;2
50;2025-12-18;2;0
50;2025-12-18;3;0
50;2025-12-18;4;3
50;2025-12-18;5;72
50;2025-12-18;6;566
50;2025-12-18;7;1807
50;2025-12-18;8;2995
50;2025-12-18;9;2279
50;2025-12-18;10;1826
50;2025-12-18;11;1576
50;2025-12-18;12;1553
50;2025-12-18;13;1537
50;2025-12-18;14;1455
50;2025-12-18;15;1757
50;2025-12-18;16;1777
50;2025-12-18;17;2513
50;2025-12-18;18;2559
50;2025-12-18;19;1534
50;2025-12-18;20;996
50;2025-12-18;21;685
50;2025-12-18;22;259
50;2025-12-18;23;154
50;2025-12-19;0;33
50;2025-12-19;1;0
50;2025-12-19;2;0
50;2025-12-19;3;0
50;2025-12-19;4;4
50;2025-12-19;5;68
50;2025-12-19;6;515
50;2025-12-19;7;1765
50;2025-12-19;8;2752
50;2025-12-19;9;2087
50;2025-12-19;10;1510
50;2025-12-19;11;1488
50;2025-12-19;12;1393
50;2025-12-19;13;1512
50;2025-12-19;14;1435
50;2025-12-19;15;1761
50;2025-12-19;16;2249
50;2025-12-19;17;2084
50;2025-12-19;18;1546
50;2025-12-19;19;1209
50;2025-12-19;20;902
50;2025-12-19;21;563
50;2025-12-19;22;262
50;2025-12-19;23;171
50;2025-12-20;0;61
50;2025-12-20;1;0
50;2025-12-20;2;0
50;2025-12-20;3;0
50;2025-12-20;4;0
50;2025-12-20;5;42
50;2025-12-20;6;176
50;2025-12-20;7;455
50;2025-12-20;8;597
50;2025-12-20;9;626
50;2025-12-20;10;665
50;2025-12-20;11;776
50;2025-12-20;12;722
50;2025-12-20;13;752
50;2025-12-20;14;859
50;2025-12-20;15;733
50;2025-12-20;16;735
50;2025-12-20;17;884
50;2025-12-20;18;855
50;2025-12-20;19;782
50;2025-12-20;20;681
50;2025-12-20;21;449
50;2025-12-20;22;286
50;2025-12-20;23;170
50;2025-12-21;0;34
50;2025-12-21;1;0
50;2025-12-21;2;0
50;2025-12-21;3;0
50;2025-12-21;4;1
50;2025-12-21;5;39
50;2025-12-21;6;168
50;2025-12-21;7;305
50;2025-12-21;8;498
50;2025-12-21;9;551
50;2025-12-21;10;598
50;2025-12-21;11;754
50;2025-12-21;12;765
50;2025-12-21;13;784
50;2025-12-21;14;836
50;2025-12-21;15;767
50;2025-12-21;16;761
50;2025-12-21;17;879
50;2025-12-21;18;842
50;2025-12-21;19;731
50;2025-12-21;20;720
50;2025-12-21;21;470
50;2025-12-21;22;282
50;2025-12-21;23;151
50;2025-12-22;0;7
50;2025-12-22;1;2
50;2025-12-22;2;0
50;2025-12-22;3;0
50;2025-12-22;4;4
50;2025-12-22;5;72
50;2025-12-22;6;532
50;2025-12-22;7;1738
50;2025-12-22;8;2893
50;2025-12-22;9;2269
50;2025-12-22;10;1619
50;2025-12-22;11;1430
50;2025-12-22;12;1271
50;2025-12-22;13;1528
50;2025-12-22;14;1422
50;2025-12-22;15;1585
50;2025-12-22;16;1673
50;2025-12-22;17;2344
50;2025-12-22;18;2470
50;2025-12-22;19;1268
50;2025-12-22;20;870
50;2025-12-22;21;644
50;2025-12-22;22;204
50;2025-12-22;23;109
50;2025-12-23;0;26
50;2025-12-23;1;2
50;2025-12-23;2;0
50;2025-12-23;3;0
50;2025-12-23;4;3
50;2025-12-23;5;72
50;2025-12-23;6;566
50;2025-12-23;7;1807
50;2025-12-23;8;2995
50;2025-12-23;9;2279
50;2025-12-23;10;1826
50;2025-12-23;11;1576
50;2025-12-23;12;1553
50;2025-12-23;13;1537
50;2025-12-23;14;1455
50;2025-12-23;15;1757
50;2025-12-23;16;1777
50;2025-12-23;17;2513
50;2025-12-23;18;2559
50;2025-12-23;19;1534
50;2025-12-23;20;996
50;2025-12-23;21;685
50;2025-12-23;22;259
50;2025-12-23;23;154
50;2025-12-24;0;26
50;2025-12-24;1;2
50;2025-12-24;2;0
50;2025-12-24;3;0
50;2025-12-24;4;3
50;2025-12-24;5;72
50;2025-12-24;6;566
50;2025-12-24;7;1807
50;2025-12-24;8;2995
50;2025-12-24;9;2279
50;2025-12-24;10;1826
50;2025-12-24;11;1576
50;2025-12-24;12;1500
50;2025-12-24;13;1485
50;2025-12-24;14;1455
50;2025-12-24;15;1697
50;2025-12-24;16;1777
50;2025-12-24;17;2513
50;2025-12-24;18;2472
50;2025-12-24;19;1534
50;2025-12-24;20;996
50;2025-12-24;21;662
50;2025-12-24;22;250
50;2025-12-24;23;149
50;2025-12-25;0;25
50;2025-12-25;1;2
50;2025-12-25;2;0
50;2025-12-25;3;0
50;2025-12-25;4;3
50;2025-12-25;5;72
50;2025-12-25;6;547
50;2025-12-25;7;1807
50;2025-12-25;8;2995
50;2025-12-25;9;2279
50;2025-12-25;10;1826
50;2025-12-25;11;1576
50;2025-12-25;12;1553
50;2025-12-25;13;1537
50;2025-12-25;14;1455
50;2025-12-25;15;1757
50;2025-12-25;16;1777
50;2025-12-25;17;2427
50;2025-12-25;18;2472
50;2025-12-25;19;1482
50;2025-12-25;20;962
50;2025-12-25;21;662
50;2025-12-25;22;243
50;2025-12-25;23;145
50;2025-12-26;0;31
50;2025-12-26;1;0
50;2025-12-26;2;0
50;2025-12-26;3;0
50;2025-12-26;4;3
50;2025-12-26;5;65
50;2025-12-26;6;483
50;2025-12-26;7;1705
50;2025-12-26;8;2658
50;2025-12-26;9;2016
50;2025-12-26;10;1459
50;2025-12-26;11;1395
50;2025-12-26;12;1346
50;2025-12-26;13;1461
50;2025-12-26;14;1386
50;2025-12-26;15;1701
50;2025-12-26;16;2172
50;2025-12-26;17;2084
50;2025-12-26;18;1546
50;2025-12-26;19;1168
50;2025-12-26;20;871
50;2025-12-26;21;544
50;2025-12-26;22;253
50;2025-12-26;23;171
50;2025-12-27;0;61
50;2025-12-27;1;0
50;2025-12-27;2;0
50;2025-12-27;3;0
50;2025-12-27;4;0
50;2025-12-27;5;42
50;2025-12-27;6;176
50;2025-12-27;7;455
50;2025-12-27;8;597
50;2025-12-27;9;605
50;2025-12-27;10;665
50;2025-12-27;11;776
50;2025-12-27;12;722
50;2025-12-27;13;752
50;2025-12-27;14;859
50;2025-12-27;15;733
50;2025-12-27;16;735
50;2025-12-27;17;884
50;2025-12-27;18;855
50;2025-12-27;19;782
50;2025-12-27;20;681
50;2025-12-27;21;433
50;2025-12-27;22;276
50;2025-12-27;23;164
50;2025-12-28;0;33
50;2025-12-28;1;0
50;2025-12-28;2;0
50;2025-12-28;3;0
50;2025-12-28;4;1
50;2025-12-28;5;38
50;2025-12-28;6;168
50;2025-12-28;7;305
50;2025-12-28;8;481
50;2025-12-28;9;532
50;2025-12-28;10;578
50;2025-12-28;11;729
50;2025-12-28;12;739
50;2025-12-28;13;757
50;2025-12-28;14;807
50;2025-12-28;15;741
50;2025-12-28;16;761
50;2025-12-28;17;879
50;2025-12-28;18;842
50;2025-12-28;19;731
50;2025-12-28;20;695
50;2025-12-28;21;454
50;2025-12-28;22;282
50;2025-12-28;23;151
50;2025-12-29;0;6
50;2025-12-29;1;1
50;2025-12-29;2;0
50;2025-12-29;3;0
50;2025-12-29;4;3
50;2025-12-29;5;59
50;2025-12-29;6;452
50;2025-12-29;7;1478
50;2025-12-29;8;2376
50;2025-12-29;9;1929
50;2025-12-29;10;1376
50;2025-12-29;11;1216
50;2025-12-29;12;1080
50;2025-12-29;13;1254
50;2025-12-29;14;1167
50;2025-12-29;15;1347
50;2025-12-29;16;1374
50;2025-12-29;17;1924
50;2025-12-29;18;2099
50;2025-12-29;19;1041
50;2025-12-29;20;714
50;2025-12-29;21;529
50;2025-12-29;22;174
50;2025-12-29;23;92
50;2025-12-30;0;21
50;2025-12-30;1;2
50;2025-12-30;2;0
50;2025-12-30;3;0
50;2025-12-30;4;2
50;2025-12-30;5;59
50;2025-12-30;6;465
50;2025-12-30;7;1484
50;2025-12-30;8;2459
50;2025-12-30;9;1871
50;2025-12-30;10;1499
50;2025-12-30;11;1294
50;2025-12-30;12;1275
50;2025-12-30;13;1262
50;2025-12-30;14;1194
50;2025-12-30;15;1443
50;2025-12-30;16;1459
50;2025-12-30;17;2063
50;2025-12-30;18;2101
50;2025-12-30;19;1259
50;2025-12-30;20;818
50;2025-12-30;21;563
50;2025-12-30;22;213
50;2025-12-30;23;127
50;2025-12-31;0;28
50;2025-12-31;1;0
50;2025-12-31;2;0
50;2025-12-31;3;0
50;2025-12-31;4;1
50;2025-12-31;5;32
50;2025-12-31;6;143
50;2025-12-31;7;259
50;2025-12-31;8;409
50;2025-12-31;9;452
50;2025-12-31;10;491
50;2025-12-31;11;620
50;2025-12-31;12;650
50;2025-12-31;13;644
50;2025-12-31;14;686
50;2025-12-31;15;630
50;2025-12-31;16;647
50;2025-12-31;17;747
50;2025-12-31;18;691
50;2025-12-31;19;601
50;2025-12-31;20;612
50;2025-12-31;21;399
50;2025-12-31;22;239
50;2025-12-31;23;124
