{"type": "FeatureCollection", "features": [{"type": "Feature", "geometry": {"type": "MultiLineString", "coordinates": [[[37.5879502, 55.5965297], [37.5880158, 55.5968736], [37.5884766, 55.5987032]], [[37.5884766, 55.5987032], [37.5885236, 55.5989086], [37.5886627, 55.5994777], [37.588924, 55.600591], [37.5889427, 55.6006966], [37.5889657, 55.6007901]], [[37.5889657, 55.6007901], [37.5893735, 55.6024436], [37.5893976, 55.6025513], [37.589465, 55.6028123]], [[37.589465, 55.6028123], [37.5899623, 55.6048162], [37.5899824, 55.6048949], [37.5900057, 55.6049868], [37.5900347, 55.6051015], [37.5901737, 55.6057477]], [[37.5901737, 55.6057477], [37.5902164, 55.6058882], [37.5903031, 55.6062561], [37.590352, 55.6064781], [37.5908641, 55.6087219]], [[37.5908641, 55.6087219], [37.5909438, 55.6090792], [37.5909595, 55.6091619], [37.5913904, 55.6108945], [37.5916637, 55.6121067], [37.5917155, 55.6123258], [37.5918686, 55.6129452], [37.5919396, 55.6131708], [37.592022, 55.6134325], [37.5920602, 55.6135539], [37.5923648, 55.6145215]], [[37.5923648, 55.6145215], [37.5924042, 55.6146561], [37.5924466, 55.6148], [37.5924581, 55.6148389], [37.5929108, 55.6163903], [37.5929305, 55.6164583], [37.5934099, 55.6181007], [37.5934318, 55.6181756], [37.5934705, 55.6182975], [37.5935567, 55.6186034], [37.5937844, 55.61943], [37.5938116, 55.6195153], [37.5940057, 55.6201862], [37.5943009, 55.6210315], [37.594419, 55.6213176], [37.5952226, 55.6230184], [37.5953448, 55.6232698], [37.5953861, 55.6233596], [37.5954596, 55.6235208]], [[37.5954596, 55.6235208], [37.5956786, 55.6239768], [37.5959206, 55.6244807], [37.5959959, 55.6246356], [37.596222, 55.6251013], [37.5962689, 55.6252049]], [[37.5962689, 55.6252049], [37.5963175, 55.6253048], [37.5965362, 55.6257737], [37.596705, 55.6260853], [37.5968255, 55.626309], [37.5969622, 55.626521], [37.5972744, 55.6269112], [37.5982198, 55.6280512], [37.5986274, 55.6285186], [37.5986596, 55.6285627], [37.5993673, 55.6293943], [37.5996663, 55.6297474], [37.5997586, 55.6298564], [37.5998349, 55.6299466], [37.6001523, 55.6303214], [37.6005627, 55.630805], [37.6008971, 55.6311917], [37.6009626, 55.631268], [37.6017252, 55.632157], [37.6025149, 55.6330846], [37.6031231, 55.6338121], [37.6034213, 55.6341958], [37.6034977, 55.6342996], [37.6035488, 55.634381], [37.6036346, 55.6345118], [37.6038333, 55.6348666], [37.6043095, 55.6357052], [37.6047233, 55.6365636], [37.6050915, 55.6374296], [37.6051947, 55.6377496], [37.6052077, 55.6377925], [37.6052938, 55.6381244]], [[37.6052938, 55.6381244], [37.6053362, 55.6382879], [37.6054369, 55.6387271], [37.6056096, 55.6397153], [37.6056162, 55.6398243]], [[37.6056162, 55.6398243], [37.6056227, 55.6399333], [37.6056508, 55.6403651]], [[37.6056508, 55.6403651], [37.6056742, 55.6410032], [37.6056759, 55.6412377], [37.6056765, 55.6413118], [37.6056769, 55.6413683], [37.605677, 55.6413743], [37.6056773, 55.6414261], [37.6056817, 55.6420097]], [[37.6056817, 55.6420097], [37.6056822, 55.6423602], [37.6056818, 55.6424094], [37.6056747, 55.6430034], [37.6056715, 55.6431214], [37.6056739, 55.6432818], [37.6056636, 55.6435841]], [[37.6056636, 55.6435841], [37.6056441, 55.6445093], [37.6056353, 55.6448195], [37.6056323, 55.6449231], [37.6056246, 55.6451942]], [[37.6056246, 55.6451942], [37.6056193, 55.6453812], [37.6056183, 55.6454758], [37.6055981, 55.6473836], [37.6055833, 55.6481522]], [[37.6055833, 55.6481522], [37.6055697, 55.6488606], [37.6055658, 55.6490608], [37.6055584, 55.6494472], [37.6055248, 55.6506406], [37.6055129, 55.6510624], [37.6054835, 55.6529207], [37.605483, 55.6529626], [37.6054829, 55.6530761], [37.6054795, 55.6533885], [37.6054775, 55.6534701]], [[37.6054775, 55.6534701], [37.6054666, 55.6537305], [37.6054436, 55.6547952], [37.6054157, 55.6563013]], [[37.6054157, 55.6563013], [37.6054175, 55.6563571], [37.6054348, 55.6565295], [37.6054692, 55.6566175], [37.6054808, 55.6566387], [37.6055293, 55.6567272], [37.605642, 55.6568703]], [[37.605642, 55.6568703], [37.6058012, 55.657047], [37.6059031, 55.6571324]], [[37.6059031, 55.6571324], [37.6071219, 55.6581537]], [[37.6071219, 55.6581537], [37.6072003, 55.6581953], [37.6072687, 55.658218], [37.6073612, 55.6582335], [37.6074645, 55.6582341], [37.6076351, 55.6581947], [37.6078809, 55.6581244]], [[37.6078809, 55.6581244], [37.607962, 55.658117], [37.6080278, 55.65812], [37.6081026, 55.6581296], [37.6081806, 55.6581525], [37.608238, 55.6581796], [37.608551, 55.6584318]]]}, "properties": {"route": 1, "direction": 0, "name": "Трамвай 1: Чертаново Южное => Москворецкий рынок", "osm_relation": 1283310}}, {"type": "Feature", "geometry": {"type": "MultiLineString", "coordinates": [[[37.608551, 55.6584318], [37.6086413, 55.6585036], [37.6086728, 55.6585687], [37.608681, 55.6586164], [37.6086589, 55.658668], [37.608614, 55.6587196], [37.608517, 55.6587758]], [[37.608517, 55.6587758], [37.6084369, 55.6588042], [37.6083048, 55.6588352], [37.6082311, 55.6588438], [37.6081368, 55.6588451], [37.6080708, 55.6588443], [37.607958, 55.6588259], [37.6078749, 55.6587985], [37.607782, 55.6587436]], [[37.607782, 55.6587436], [37.6071351, 55.6582145]], [[37.6071351, 55.6582145], [37.6068104, 55.6579492], [37.6058525, 55.6571563]], [[37.6058525, 55.6571563], [37.6057432, 55.6570658], [37.6055734, 55.6568834]], [[37.6055734, 55.6568834], [37.6054582, 55.6567393], [37.605422, 55.6566795], [37.6054089, 55.6566435], [37.6054001, 55.6566191], [37.6053677, 55.6565313], [37.6053475, 55.6563572], [37.6053482, 55.6562984]], [[37.6053482, 55.6562984], [37.605352, 55.655994], [37.6053803, 55.6547949], [37.6054033, 55.6537362], [37.6054067, 55.6536252], [37.6054114, 55.65347]], [[37.6054114, 55.65347], [37.6054139, 55.6533883], [37.6054176, 55.6530755], [37.6054182, 55.6529622], [37.6054496, 55.6510617], [37.6054587, 55.6506401], [37.6054902, 55.6491778], [37.6054928, 55.6490604], [37.6054973, 55.648861], [37.6055026, 55.6486249], [37.605515, 55.6481483]], [[37.605515, 55.6481483], [37.6055348, 55.6473854], [37.6055469, 55.6455234], [37.6055475, 55.6454754], [37.6055486, 55.6453816], [37.6055558, 55.645195]], [[37.6055558, 55.645195], [37.6055663, 55.6449216], [37.6055702, 55.6448194], [37.6055771, 55.6446381]], [[37.6055771, 55.6446381], [37.6055973, 55.6434682], [37.6055935, 55.6433014], [37.6055938, 55.6432797], [37.6055959, 55.6431214], [37.6056042, 55.6427412], [37.6056056, 55.6424134], [37.6056058, 55.6423633], [37.6056105, 55.6420094]], [[37.6056105, 55.6420094], [37.6056181, 55.6414277], [37.6056186, 55.6413896], [37.6056191, 55.6413563], [37.6056196, 55.641315], [37.6056159, 55.6412432], [37.6056036, 55.6410024], [37.605568, 55.6401092], [37.6055605, 55.639934], [37.6055535, 55.6398245]], [[37.6055535, 55.6398245], [37.6055464, 55.6397149], [37.6053583, 55.6387306], [37.6052718, 55.6382909], [37.6052303, 55.6381303]], [[37.6052303, 55.6381303], [37.6051582, 55.6378508], [37.605144, 55.6377996], [37.6051331, 55.6377578], [37.6050229, 55.6374369], [37.6046616, 55.6365742], [37.6042489, 55.635715], [37.6035851, 55.6345087], [37.6034956, 55.6343751], [37.6034495, 55.6343026], [37.6033663, 55.6341921], [37.6031046, 55.6338519], [37.6030829, 55.6338251], [37.603012, 55.6337373], [37.6024568, 55.6331008], [37.6016594, 55.6321586], [37.6009867, 55.6313691], [37.6009088, 55.6312796], [37.6005087, 55.6308241], [37.6001085, 55.6303379], [37.5997835, 55.6299592], [37.5997067, 55.6298698], [37.5996136, 55.6297613], [37.5993219, 55.6294214], [37.5986893, 55.6286706], [37.5986053, 55.6285729], [37.5981729, 55.6280646], [37.5972348, 55.6269275], [37.5969141, 55.6265282], [37.5967786, 55.6263158], [37.5966579, 55.6260932], [37.5964896, 55.6257794], [37.5962737, 55.6253112], [37.5962244, 55.6252104]], [[37.5962244, 55.6252104], [37.5961764, 55.6251083], [37.5959515, 55.6246412], [37.5957465, 55.6242157], [37.5956363, 55.6239837], [37.5954185, 55.6235253]], [[37.5954185, 55.6235253], [37.5953446, 55.6233661], [37.5952995, 55.6232768], [37.5951731, 55.6230256], [37.5943617, 55.6213226], [37.594244, 55.6210388], [37.5939448, 55.6201916], [37.593836, 55.6197801], [37.5937598, 55.6195182], [37.5934933, 55.6186083], [37.593404, 55.6183053], [37.5933681, 55.6181815], [37.5933459, 55.6181059], [37.5928734, 55.6164951], [37.5928647, 55.6164653], [37.5923872, 55.6148469], [37.5923755, 55.6148065], [37.592334, 55.6146621], [37.5922998, 55.6145459], [37.5922377, 55.6143428], [37.5920005, 55.6135672], [37.5918806, 55.6131753], [37.5918116, 55.6129496], [37.591656, 55.6123315], [37.5915995, 55.6121115], [37.5915498, 55.6119028], [37.5914997, 55.6116699], [37.5913351, 55.6109051], [37.5909208, 55.6092164], [37.5909051, 55.6091563], [37.5908041, 55.6087264]], [[37.5908041, 55.6087264], [37.5903001, 55.6064812], [37.5902105, 55.606114], [37.5901865, 55.6060142], [37.5901664, 55.6059307], [37.5901157, 55.6057524]], [[37.5901157, 55.6057524], [37.589965, 55.6051068], [37.5899379, 55.6049921], [37.5899162, 55.6049], [37.5898976, 55.6048203], [37.5893882, 55.6028158]], [[37.5893882, 55.6028158], [37.5893497, 55.6026514], [37.5893253, 55.6025558], [37.5892986, 55.6024515], [37.5889077, 55.6007932]], [[37.5889077, 55.6007932], [37.5889036, 55.6007754], [37.5888756, 55.6006568], [37.588597, 55.5994828], [37.5884671, 55.5989309], [37.5884594, 55.5988985], [37.5884147, 55.5987027]], [[37.5884147, 55.5987027], [37.5879565, 55.5968716], [37.5878379, 55.5963145]]]}, "properties": {"route": 1, "direction": 1, "name": "Трамвай 1: Москворецкий рынок => Чертаново Южное", "osm_relation": 543080}}, {"type": "Feature", "geometry": {"type": "MultiLineString", "coordinates": [[[37.5835607, 55.7763827], [37.5833353, 55.7762251], [37.5832944, 55.776191], [37.5832676, 55.7761631], [37.5832522, 55.7761288], [37.5832475, 55.7760907], [37.5832522, 55.776045], [37.5832649, 55.7760088], [37.5832931, 55.7759756], [37.5833273, 55.7759477], [37.5833655, 55.7759251], [37.5834312, 55.7758949], [37.5835077, 55.7758704], [37.5836056, 55.7758467], [37.5836827, 55.7758323], [37.5837752, 55.7758248], [37.5838684, 55.7758255], [37.583961, 55.7758308], [37.5840039, 55.7758372], [37.5840528, 55.7758489], [37.5841097, 55.7758674], [37.5841225, 55.7758732], [37.584168, 55.7758937], [37.5847389, 55.776243], [37.5847656, 55.7762605], [37.5847931, 55.7762755], [37.5848354, 55.7762928], [37.584849, 55.776298], [37.584891, 55.7763139], [37.5849084, 55.7763193], [37.5849722, 55.7763392], [37.5850412, 55.7763584]], [[37.5850412, 55.7763584], [37.5851391, 55.7763867], [37.5852278, 55.776416], [37.5853208, 55.7764508], [37.5853886, 55.7764776], [37.5854529, 55.7765055], [37.5855676, 55.7765661], [37.5856698, 55.7766265], [37.5858023, 55.7767077]], [[37.5858023, 55.7767077], [37.5866005, 55.7772017], [37.5866646, 55.7772381], [37.5868202, 55.7773372], [37.586843, 55.7773518], [37.5869635, 55.77743], [37.5876413, 55.7778703], [37.5877364, 55.7779324], [37.5878694, 55.7780184], [37.5880451, 55.7781325], [37.5881616, 55.7782081]], [[37.5881616, 55.7782081], [37.5882344, 55.7782553], [37.5885055, 55.7784313], [37.5887565, 55.778598], [37.5891462, 55.7788557], [37.5894803, 55.7790816]], [[37.5894803, 55.7790816], [37.5897182, 55.7792403], [37.589876, 55.7793341], [37.5900283, 55.7794283], [37.5901245, 55.7794861], [37.5907134, 55.7798706], [37.5908749, 55.7799769], [37.5923727, 55.7809631], [37.5924959, 55.7810444], [37.592635, 55.7811362], [37.5927518, 55.7812168], [37.5957982, 55.7833085], [37.5965074, 55.7837955]], [[37.5965074, 55.7837955], [37.5966206, 55.7838804], [37.5967357, 55.7839689], [37.5967575, 55.7839857], [37.5968085, 55.784025], [37.5968688, 55.7840714], [37.5969865, 55.7841419], [37.5970542, 55.7841619], [37.5971029, 55.7841696], [37.5972583, 55.784195]], [[37.5972583, 55.784195], [37.5973174, 55.7842047], [37.5977026, 55.7842677], [37.5979741, 55.7843121], [37.5984192, 55.7843855], [37.5991073, 55.7844973], [37.5995015, 55.7845625], [37.599535, 55.784568], [37.5999316, 55.7846335], [37.6009587, 55.7848034]], [[37.6009587, 55.7848034], [37.6011051, 55.7848277], [37.6012219, 55.7848472], [37.6013045, 55.784865], [37.6013456, 55.7848774], [37.601379, 55.7848875], [37.6014519, 55.7849182], [37.6015049, 55.7849477]], [[37.6015049, 55.7849477], [37.6016303, 55.7850443]], [[37.6016303, 55.7850443], [37.6016657, 55.7850886], [37.601687, 55.7851279], [37.6016884, 55.7851307], [37.6016976, 55.785157], [37.6017025, 55.7851841], [37.6017035, 55.7852132]], [[37.6017035, 55.7852132], [37.6017016, 55.785261], [37.6016968, 55.7852903], [37.6016814, 55.78534], [37.601664, 55.7853927]], [[37.601664, 55.7853927], [37.6015765, 55.7856291], [37.6015668, 55.7856552], [37.6015506, 55.785699], [37.6013738, 55.7861162], [37.6011792, 55.7865752], [37.6011205, 55.786713], [37.6010545, 55.7868632], [37.6008554, 55.7873168], [37.6007055, 55.7876989], [37.6006929, 55.787731], [37.6006739, 55.7877834], [37.6006318, 55.7879035], [37.6005924, 55.7880278], [37.6005369, 55.7882121], [37.6004195, 55.788605], [37.6003994, 55.7886723], [37.6002634, 55.7891273]], [[37.6002634, 55.7891273], [37.6002519, 55.7891656], [37.6002501, 55.7891816], [37.6002452, 55.7892264], [37.6002699, 55.7892857], [37.6003239, 55.7893385], [37.6003992, 55.7893792], [37.6004993, 55.7894076], [37.600606, 55.7894182]], [[37.600606, 55.7894182], [37.600823, 55.789434], [37.601109, 55.7894549], [37.6019898, 55.7895193], [37.6025232, 55.7895582], [37.6025724, 55.7895618], [37.603079, 55.7895988], [37.6039476, 55.789665], [37.6040919, 55.7896744]], [[37.6040919, 55.7896744], [37.6042678, 55.7896879], [37.6046771, 55.7897208], [37.6048111, 55.7897304], [37.6050345, 55.7897464], [37.6056784, 55.7897924], [37.6058325, 55.7897995], [37.6060558, 55.7898194], [37.6088081, 55.7900162], [37.6090873, 55.7900362], [37.6093899, 55.7900578], [37.6095654, 55.7900704]], [[37.6095654, 55.7900704], [37.6096506, 55.7900619], [37.6097378, 55.7900383], [37.6098047, 55.7900029], [37.6098508, 55.7899583], [37.6098723, 55.7899081], [37.6098735, 55.78987]], [[37.6098735, 55.78987], [37.6098906, 55.7893398], [37.6099015, 55.7889999], [37.6099071, 55.7888267], [37.6099146, 55.7885958], [37.6099177, 55.788498]], [[37.6099177, 55.788498], [37.6099182, 55.7884933], [37.6099195, 55.7884802], [37.609921, 55.7884693], [37.6099208, 55.7884583], [37.6099189, 55.7884474], [37.6099153, 55.7884366], [37.6099101, 55.7884261], [37.6099032, 55.7884158]], [[37.6099032, 55.7884158], [37.6099031, 55.7884079], [37.609903, 55.7883999], [37.6099052, 55.7883839], [37.6099096, 55.7883682], [37.6099164, 55.7883527], [37.6099187, 55.7883488], [37.6099255, 55.7883375], [37.6099367, 55.7883229], [37.6099458, 55.7883133], [37.6099501, 55.7883088], [37.6099655, 55.7882954], [37.6099828, 55.7882827], [37.610002, 55.7882709], [37.6100228, 55.7882601], [37.6100451, 55.7882502], [37.6100689, 55.7882414], [37.610078, 55.7882386], [37.6100938, 55.7882338], [37.6101198, 55.7882273], [37.6101361, 55.7882241], [37.6101466, 55.7882221], [37.6101741, 55.7882182], [37.6102021, 55.7882155], [37.6102304, 55.7882142]], [[37.6102304, 55.7882142], [37.6108239, 55.7882363], [37.6115332, 55.7882538], [37.6116598, 55.7882594], [37.6134493, 55.7883408], [37.6136066, 55.7883474], [37.6137743, 55.7883557], [37.6145917, 55.788397], [37.6155863, 55.7884473], [37.6159725, 55.7884668], [37.616448, 55.7884909], [37.6166361, 55.7885002], [37.6169307, 55.7885124], [37.6182842, 55.7885697], [37.6190946, 55.7885986], [37.6191406, 55.7886003], [37.6197794, 55.7886232], [37.6202162, 55.7886389], [37.6203199, 55.7886426], [37.6204955, 55.7886484], [37.6218067, 55.7886959], [37.6221604, 55.7887087], [37.6223493, 55.7887158], [37.6223986, 55.7887168], [37.622462, 55.788718], [37.6224996, 55.7887187], [37.6226492, 55.7887234], [37.6232659, 55.7887394], [37.6237196, 55.7887533], [37.6242773, 55.7887691], [37.6243791, 55.7887715], [37.624553, 55.7887755], [37.6246238, 55.7887772], [37.6253544, 55.7887928], [37.625361, 55.7887929], [37.6256053, 55.7887998], [37.6264972, 55.7888229], [37.626565, 55.7888247], [37.626921, 55.788832], [37.6271341, 55.7888375], [37.6280894, 55.7888622], [37.6284341, 55.7888711], [37.628533, 55.7888737], [37.6288733, 55.7888842], [37.6289478, 55.7888881], [37.6290609, 55.7889], [37.6291884, 55.7889183], [37.6294033, 55.788962], [37.6294101, 55.7889643], [37.6300519, 55.7891543], [37.6321117, 55.789774], [37.6322501, 55.7898149], [37.6331514, 55.7900582], [37.6332136, 55.7900789], [37.6332622, 55.7900985], [37.6332734, 55.790103], [37.6333418, 55.790144], [37.6333914, 55.7901885], [37.6334296, 55.7902262], [37.6334345, 55.790234], [37.6334609, 55.7902765], [37.6334672, 55.7902866], [37.6334806, 55.7903246], [37.6334819, 55.7904068], [37.6334008, 55.790897], [37.6333808, 55.7910177], [37.6333183, 55.7913953], [37.6333143, 55.7914556], [37.6333317, 55.7915295], [37.6333582, 55.7916217], [37.6333679, 55.7916554], [37.6335128, 55.7921734], [37.6335369, 55.7922518], [37.6335812, 55.7923001], [37.6336482, 55.7923332], [37.6337649, 55.7923626], [37.6339124, 55.7923928], [37.6339754, 55.7924237], [37.6340425, 55.7924855], [37.6340586, 55.7925459], [37.6340445, 55.7927045]]]}, "properties": {"route": 5, "direction": 0, "name": "Трамвай 5: Белорусский вокзал => Метро «Рижская»", "osm_relation": 7556406}}, {"type": "Feature", "geometry": {"type": "MultiLineString", "coordinates": [[[37.6340445, 55.7927045], [37.6340224, 55.7929409], [37.6340103, 55.7929899], [37.6339795, 55.7930322], [37.6339258, 55.7930714], [37.6338494, 55.7931015], [37.6337703, 55.7931204], [37.6336911, 55.7931271], [37.6335664, 55.7931226], [37.6334873, 55.7931106], [37.6334122, 55.7930864], [37.6333532, 55.7930533], [37.6333156, 55.7930171], [37.6332888, 55.7929749], [37.6332861, 55.7929281], [37.6334095, 55.7920844], [37.6334082, 55.7920347], [37.6334028, 55.7919898], [37.633384, 55.7919125], [37.6333076, 55.7916584], [37.6332953, 55.7916182], [37.633266, 55.791522], [37.6332696, 55.7914134], [37.63333, 55.7910157], [37.6334269, 55.7903774], [37.6334171, 55.790343], [37.6334108, 55.7903209], [37.6333869, 55.790273], [37.6333813, 55.7902617], [37.633323, 55.7901991], [37.6332942, 55.7901716], [37.6332472, 55.790141], [37.6331813, 55.7901138], [37.6331066, 55.7900917], [37.6325128, 55.7899311], [37.6322505, 55.7898601], [37.6321152, 55.789822], [37.6320751, 55.7898097], [37.6311463, 55.789527], [37.6309838, 55.7894772], [37.6297698, 55.7891039], [37.6293997, 55.7889901], [37.6293885, 55.7889883], [37.62919, 55.7889465], [37.6291855, 55.7889458], [37.6290511, 55.7889262], [37.6289448, 55.7889146], [37.6288705, 55.7889107], [37.628531, 55.7889007], [37.6269191, 55.788859], [37.6265632, 55.7888517], [37.6264946, 55.7888499], [37.6256039, 55.7888268], [37.6255605, 55.7888256], [37.6253598, 55.7888199], [37.6246011, 55.7888037], [37.6242751, 55.7887961], [37.6237148, 55.7887803], [37.6230618, 55.788762], [37.6226475, 55.7887504], [37.6225001, 55.788746], [37.6224579, 55.7887451], [37.6223955, 55.7887439], [37.6223514, 55.788743], [37.6221587, 55.7887355], [37.6203243, 55.7886686], [37.6202132, 55.7886657], [37.619091, 55.7886254], [37.6182813, 55.7885965], [37.6173386, 55.7885567], [37.6169279, 55.7885393], [37.6166325, 55.788527], [37.6164463, 55.7885178], [37.6157572, 55.788483], [37.614005, 55.7883943], [37.6137707, 55.7883825], [37.6136042, 55.7883743], [37.6134461, 55.7883676], [37.6124428, 55.788322], [37.6122963, 55.7883153], [37.6116583, 55.7882863], [37.6115331, 55.7882807], [37.6108231, 55.7882633], [37.6102238, 55.7882409]], [[37.6102238, 55.7882409], [37.6101954, 55.7882446], [37.6101678, 55.7882497], [37.6101409, 55.7882561], [37.6101152, 55.7882637], [37.6100907, 55.7882725], [37.6100676, 55.7882824], [37.610046, 55.7882934], [37.6100262, 55.7883054], [37.6100083, 55.7883183], [37.6099924, 55.788332], [37.6099787, 55.7883464], [37.6099671, 55.7883615], [37.6099579, 55.788377], [37.609951, 55.7883929], [37.6099465, 55.788409]], [[37.6099465, 55.788409], [37.6099544, 55.7884201], [37.6099606, 55.7884314], [37.609965, 55.788443], [37.6099675, 55.7884548], [37.6099683, 55.7884667], [37.6099672, 55.7884785], [37.6099666, 55.7884811], [37.6099643, 55.7884903]], [[37.6099643, 55.7884903], [37.6099625, 55.7885471], [37.6099502, 55.7889435], [37.609944, 55.7891419], [37.6099216, 55.7898654]], [[37.6099216, 55.7898654], [37.6099202, 55.7899102], [37.6099134, 55.7899643], [37.6098937, 55.7899919], [37.6098774, 55.7900147], [37.6098157, 55.7900564], [37.6097343, 55.7900855], [37.6096469, 55.7900983], [37.6095446, 55.7900961]], [[37.6095446, 55.7900961], [37.6093138, 55.790079], [37.6085354, 55.7900212], [37.6081762, 55.7899957], [37.6077977, 55.7899688], [37.6076212, 55.7899557], [37.607255, 55.7899303], [37.6068433, 55.789901], [37.6062272, 55.7898573], [37.6060504, 55.7898448], [37.6046707, 55.7897474], [37.6045073, 55.7897343], [37.6042696, 55.7897152], [37.6040953, 55.7897008]], [[37.6040953, 55.7897008], [37.6039434, 55.7896918], [37.6031181, 55.7896289], [37.6029498, 55.7896166], [37.6017282, 55.7895274], [37.6011028, 55.7894817], [37.6005979, 55.7894448]], [[37.6005979, 55.7894448], [37.600476, 55.7894365], [37.6003967, 55.7894159], [37.6003836, 55.7894126], [37.6003645, 55.7894076], [37.6002742, 55.7893607], [37.600214, 55.7893006], [37.6002027, 55.7892692], [37.6001897, 55.7892329], [37.6002011, 55.7891764], [37.6002035, 55.7891643], [37.6002162, 55.7891217]], [[37.6002162, 55.7891217], [37.6003521, 55.7886681], [37.6003725, 55.7886], [37.6005454, 55.7880228], [37.6005853, 55.7878988], [37.6006171, 55.7877998], [37.600646, 55.7877259], [37.6008084, 55.7873113], [37.6008238, 55.7872762], [37.6010547, 55.7867504], [37.6010732, 55.7867082], [37.6011324, 55.7865694], [37.6016123, 55.7853872]], [[37.6016123, 55.7853872], [37.60163, 55.7853381], [37.6016443, 55.785287], [37.6016501, 55.7852582], [37.601651, 55.7852389], [37.6016513, 55.7852134], [37.601651, 55.7851869], [37.6016464, 55.7851622], [37.6016355, 55.7851353], [37.6016144, 55.7850992], [37.6015858, 55.7850633]], [[37.6015858, 55.7850633], [37.6014641, 55.7849698]], [[37.6014641, 55.7849698], [37.6014146, 55.7849412], [37.6013488, 55.7849134], [37.6012816, 55.7848926], [37.6012076, 55.7848775], [37.6009452, 55.7848337]], [[37.6009452, 55.7848337], [37.6008551, 55.7848183], [37.6003807, 55.7847403], [37.5989899, 55.7845142], [37.5984956, 55.784432], [37.5982663, 55.7843915], [37.5979527, 55.7843362], [37.5972776, 55.7842259], [37.5972397, 55.7842197]], [[37.5972397, 55.7842197], [37.5970826, 55.7841941], [37.5970347, 55.7841855], [37.5969645, 55.7841638], [37.5968503, 55.7840907], [37.5967492, 55.7840192], [37.596713, 55.7839936], [37.5967001, 55.7839837], [37.5965995, 55.7838992], [37.5964725, 55.7838131]], [[37.5964725, 55.7838131], [37.5962169, 55.7836325], [37.5957658, 55.7833236], [37.5927178, 55.7812366], [37.5926068, 55.7811601], [37.5924607, 55.7810618], [37.5921057, 55.780823], [37.5908408, 55.7799929], [37.5906789, 55.7798867], [37.5900918, 55.7795034], [37.5900049, 55.7794468], [37.5898475, 55.7793484], [37.5894227, 55.7790777]], [[37.5894227, 55.7790777], [37.5892979, 55.7789959], [37.5892705, 55.7789786], [37.588912, 55.7787443], [37.5884543, 55.7784466], [37.5881912, 55.7782756], [37.5881198, 55.7782292]], [[37.5881198, 55.7782292], [37.588004, 55.7781539], [37.5878246, 55.7780373], [37.5876946, 55.7779531], [37.5875987, 55.7778904], [37.5869245, 55.7774519], [37.5868048, 55.777374], [37.5867816, 55.7773592], [37.5866264, 55.7772598], [37.5862523, 55.7770315], [37.5857547, 55.7767231]], [[37.5857547, 55.7767231], [37.5856347, 55.7766473], [37.5855378, 55.7765816], [37.5854255, 55.7765191], [37.5853651, 55.7764931], [37.585298, 55.776467], [37.5852003, 55.7764322], [37.5851022, 55.7764018], [37.5850084, 55.776375]], [[37.5850084, 55.776375], [37.5849708, 55.7763663], [37.5849252, 55.7763573], [37.5848977, 55.7763522], [37.5848803, 55.776349], [37.5848322, 55.7763454], [37.5848002, 55.7763453], [37.5847668, 55.7763464], [37.5847241, 55.7763539], [37.5846872, 55.7763648], [37.5846517, 55.7763788], [37.5846185, 55.7763933], [37.5845853, 55.7764089], [37.5842835, 55.7765651], [37.5842372, 55.7765828], [37.5841875, 55.7765956], [37.5841647, 55.7766003], [37.584145, 55.7766043], [37.5840952, 55.7766101], [37.584047, 55.7766115], [37.5839956, 55.7766087], [37.5839436, 55.776601], [37.5838891, 55.7765869], [37.5838396, 55.7765666], [37.583798, 55.7765432], [37.5835607, 55.7763827]]]}, "properties": {"route": 5, "direction": 1, "name": "Трамвай 5: Метро «Рижская» => Белорусский вокзал", "osm_relation": 15840810}}, {"type": "Feature", "geometry": {"type": "MultiLineString", "coordinates": [[[37.5835607, 55.7763827], [37.5833353, 55.7762251], [37.5832944, 55.776191], [37.5832676, 55.7761631], [37.5832522, 55.7761288], [37.5832475, 55.7760907], [37.5832522, 55.776045], [37.5832649, 55.7760088], [37.5832931, 55.7759756], [37.5833273, 55.7759477], [37.5833655, 55.7759251], [37.5834312, 55.7758949], [37.5835077, 55.7758704], [37.5836056, 55.7758467], [37.5836827, 55.7758323], [37.5837752, 55.7758248], [37.5838684, 55.7758255], [37.583961, 55.7758308], [37.5840039, 55.7758372], [37.5840528, 55.7758489], [37.5841097, 55.7758674], [37.5841225, 55.7758732], [37.584168, 55.7758937], [37.5847389, 55.776243], [37.5847656, 55.7762605], [37.5847931, 55.7762755], [37.5848354, 55.7762928], [37.584849, 55.776298], [37.584891, 55.7763139], [37.5849084, 55.7763193], [37.5849722, 55.7763392], [37.5850412, 55.7763584]], [[37.5850412, 55.7763584], [37.5851391, 55.7763867], [37.5852278, 55.776416], [37.5853208, 55.7764508], [37.5853886, 55.7764776], [37.5854529, 55.7765055], [37.5855676, 55.7765661], [37.5856698, 55.7766265], [37.5858023, 55.7767077]], [[37.5858023, 55.7767077], [37.5866005, 55.7772017], [37.5866646, 55.7772381], [37.5868202, 55.7773372], [37.586843, 55.7773518], [37.5869635, 55.77743], [37.5876413, 55.7778703], [37.5877364, 55.7779324], [37.5878694, 55.7780184], [37.5880451, 55.7781325], [37.5881616, 55.7782081]], [[37.5881616, 55.7782081], [37.5882344, 55.7782553], [37.5885055, 55.7784313], [37.5887565, 55.778598], [37.5891462, 55.7788557], [37.5894803, 55.7790816]], [[37.5894803, 55.7790816], [37.5897182, 55.7792403], [37.589876, 55.7793341], [37.5900283, 55.7794283], [37.5901245, 55.7794861], [37.5907134, 55.7798706], [37.5908749, 55.7799769], [37.5923727, 55.7809631], [37.5924959, 55.7810444], [37.592635, 55.7811362], [37.5927518, 55.7812168], [37.5957982, 55.7833085], [37.5965074, 55.7837955]], [[37.5965074, 55.7837955], [37.5966206, 55.7838804], [37.5967357, 55.7839689], [37.5967575, 55.7839857], [37.5968085, 55.784025], [37.5968688, 55.7840714], [37.5969865, 55.7841419], [37.5970542, 55.7841619], [37.5971029, 55.7841696], [37.5972583, 55.784195]], [[37.5972583, 55.784195], [37.5973174, 55.7842047], [37.5977026, 55.7842677], [37.5979741, 55.7843121], [37.5984192, 55.7843855], [37.5991073, 55.7844973], [37.5995015, 55.7845625], [37.599535, 55.784568], [37.5999316, 55.7846335], [37.6009587, 55.7848034]], [[37.6009587, 55.7848034], [37.6011051, 55.7848277], [37.6012219, 55.7848472], [37.6013045, 55.784865], [37.6013456, 55.7848774], [37.601379, 55.7848875], [37.6014519, 55.7849182], [37.6015049, 55.7849477]], [[37.6015049, 55.7849477], [37.6016303, 55.7850443]], [[37.6016303, 55.7850443], [37.6016709, 55.7850733], [37.6017202, 55.7851026], [37.6017659, 55.7851226], [37.601808, 55.7851363], [37.6018723, 55.7851529], [37.6018952, 55.7851569], [37.6019519, 55.7851656], [37.602101, 55.7851807], [37.6022299, 55.7851898]], [[37.6022299, 55.7851898], [37.6027211, 55.7852254], [37.6028624, 55.7852357], [37.6035837, 55.785285]], [[37.6035837, 55.785285], [37.6037305, 55.7852926], [37.6039118, 55.785303]], [[37.6039118, 55.785303], [37.6041253, 55.7853125]], [[37.6041253, 55.7853125], [37.6043388, 55.7853219], [37.6044317, 55.7853219], [37.6045167, 55.7853152], [37.60458, 55.7852996], [37.604667, 55.7852796], [37.6046962, 55.7852668], [37.6047402, 55.7852474], [37.6047604, 55.7852377], [37.6048041, 55.7852167]], [[37.6048041, 55.7852167], [37.6052245, 55.7850148], [37.6055012, 55.7848825], [37.6055406, 55.7848638], [37.6056408, 55.7848161], [37.6056613, 55.784806], [37.6057047, 55.7847899]], [[37.6057047, 55.7847899], [37.6061804, 55.7845962]], [[37.6061804, 55.7845962], [37.6062423, 55.7845717], [37.6063504, 55.784535], [37.6067847, 55.7843814], [37.6069101, 55.7843377], [37.6070325, 55.784295]], [[37.6070325, 55.784295], [37.6070904, 55.7842754], [37.6072554, 55.7842173], [37.6078453, 55.7840142], [37.6080427, 55.7839467], [37.6082777, 55.7838651], [37.6087219, 55.7837108], [37.6088822, 55.7836551], [37.6093144, 55.783505], [37.6097269, 55.7833731], [37.6100621, 55.7832706], [37.6104435, 55.783144], [37.610732, 55.7830475]], [[37.610732, 55.7830475], [37.6107679, 55.7830356], [37.6108782, 55.7829986], [37.6109303, 55.7829747], [37.6109644, 55.7829476], [37.6109755, 55.7829358], [37.6109868, 55.7829096], [37.6109922, 55.782874], [37.6109596, 55.7828301], [37.6109108, 55.7827843], [37.6108797, 55.7827554]], [[37.6108797, 55.7827554], [37.6104981, 55.7824012], [37.6099769, 55.7819129], [37.609915, 55.7818503], [37.6095471, 55.7815028], [37.6091909, 55.7811663], [37.6091499, 55.7811304], [37.6090804, 55.7810694], [37.6090367, 55.781031], [37.6089595, 55.780963]], [[37.6089595, 55.780963], [37.6088102, 55.7808314], [37.6088077, 55.7808302], [37.6087936, 55.7808076], [37.6087857, 55.7807731], [37.6087885, 55.7807451], [37.6087916, 55.7807142], [37.6088252, 55.7806719], [37.6088587, 55.7806342], [37.6089023, 55.7805852]], [[37.6089023, 55.7805852], [37.6090071, 55.7805129], [37.6092681, 55.7803762], [37.6093076, 55.7803595], [37.6093551, 55.7803428], [37.6096457, 55.7802683], [37.609766, 55.7802426]], [[37.609766, 55.7802426], [37.6101461, 55.7801613], [37.6103571, 55.7801187], [37.6110506, 55.7799785], [37.6117144, 55.779853], [37.6118997, 55.779818], [37.6120382, 55.7797928]], [[37.6120382, 55.7797928], [37.6122269, 55.7797585], [37.6122971, 55.7797457], [37.6123238, 55.7797382], [37.6123604, 55.7797279], [37.6124236, 55.7797068], [37.6126727, 55.779609], [37.612735, 55.7795722]], [[37.612735, 55.7795722], [37.6128558, 55.7795009], [37.6131548, 55.7793426]], [[37.6131548, 55.7793426], [37.6132481, 55.7792932], [37.6133188, 55.7792612], [37.6134432, 55.7792048], [37.6134502, 55.7792017], [37.6135976, 55.7791573], [37.6136336, 55.7791464], [37.6140236, 55.7790573], [37.61418, 55.7790287]], [[37.61418, 55.7790287], [37.6150373, 55.7788717], [37.6162051, 55.7786579], [37.6162845, 55.7786434], [37.6162948, 55.7786415], [37.6169873, 55.778521]], [[37.6169873, 55.778521], [37.6172905, 55.7784683], [37.6173334, 55.7784613], [37.617382, 55.7784551], [37.6174276, 55.7784507], [37.6174763, 55.7784483], [37.6174853, 55.7784484], [37.6175227, 55.778449], [37.617568, 55.7784514], [37.6176146, 55.7784541], [37.617657, 55.7784584]], [[37.617657, 55.7784584], [37.6177945, 55.778473], [37.6179936, 55.7784947], [37.6180778, 55.7785038]], [[37.6180778, 55.7785038], [37.6182015, 55.7785173], [37.6182551, 55.7785246], [37.6183052, 55.7785349], [37.6183551, 55.7785475], [37.6183941, 55.7785593], [37.618438, 55.7785748], [37.6184784, 55.7785917], [37.618521, 55.778614], [37.6185514, 55.7786312], [37.6186189, 55.7786786]], [[37.6186189, 55.7786786], [37.6192666, 55.7791334], [37.6197426, 55.7794679], [37.6201266, 55.7797367]], [[37.6201266, 55.7797367], [37.6202064, 55.7797926], [37.6202437, 55.7798181], [37.6202807, 55.7798382], [37.6203131, 55.7798537], [37.6203522, 55.7798677], [37.6203602, 55.7798698], [37.620394, 55.7798789], [37.6204401, 55.7798879], [37.6204928, 55.7798952], [37.6205426, 55.7798977], [37.6205903, 55.7798959], [37.6206383, 55.7798902], [37.6206553, 55.7798868], [37.6206848, 55.7798803], [37.6207297, 55.7798668], [37.6208131, 55.7798341]], [[37.6208131, 55.7798341], [37.6212062, 55.7796802], [37.6213433, 55.7796269], [37.6214112, 55.7796003]], [[37.6214112, 55.7796003], [37.6215483, 55.7795467], [37.6216381, 55.7795146], [37.6217554, 55.7794726], [37.6218662, 55.7794369]], [[37.6218662, 55.7794369], [37.6221271, 55.7793529], [37.6223073, 55.7792967], [37.6223836, 55.7792729]], [[37.6223836, 55.7792729], [37.6224599, 55.7792491], [37.6226123, 55.7791983], [37.6226743, 55.7791777], [37.6227773, 55.7791436], [37.6232933, 55.7790401], [37.6236098, 55.7789732], [37.6237235, 55.7789511]], [[37.6237235, 55.7789511], [37.6240067, 55.7788972], [37.6243093, 55.7788375], [37.6246966, 55.7787629], [37.6255479, 55.7785971], [37.6259783, 55.7785132]], [[37.6259783, 55.7785132], [37.6261482, 55.7784799], [37.6266562, 55.7783821], [37.6269236, 55.7783486], [37.6271919, 55.7783247], [37.6274376, 55.7783078]], [[37.6274376, 55.7783078], [37.6278115, 55.7783021], [37.6280967, 55.7783037], [37.6282281, 55.7783055]], [[37.6282281, 55.7783055], [37.6287678, 55.7783097], [37.6290375, 55.7783123], [37.6291394, 55.7783149], [37.6291983, 55.7783127]], [[37.6291983, 55.7783127], [37.6295795, 55.7783127], [37.6298101, 55.7783133], [37.630198, 55.7783142]], [[37.630198, 55.7783142], [37.6303719, 55.7783146], [37.6304532, 55.778319], [37.6304983, 55.7783214], [37.6305495, 55.7783281], [37.6306069, 55.7783438], [37.6306836, 55.7783809], [37.6307147, 55.7784148], [37.6307301, 55.7784526], [37.630742, 55.7785037], [37.6307545, 55.7785727]], [[37.6307545, 55.7785727], [37.6307785, 55.7787056], [37.630905, 55.7792951]], [[37.630905, 55.7792951], [37.6309552, 55.7795239], [37.6310081, 55.7797089]], [[37.6310081, 55.7797089], [37.6310278, 55.7797779], [37.6310709, 55.7799284], [37.6311496, 55.7801777], [37.6312114, 55.7803737], [37.6312297, 55.7804316]], [[37.6312297, 55.7804316], [37.6312901, 55.7805668], [37.631305, 55.7805947], [37.6313237, 55.7806221], [37.6313571, 55.7806519], [37.6313932, 55.7806722], [37.6314262, 55.7806885], [37.631479, 55.78071], [37.6315641, 55.7807273], [37.6316687, 55.7807386], [37.6317573, 55.7807363], [37.6318176, 55.780728], [37.631855, 55.7807196], [37.6319681, 55.7806941]], [[37.6319681, 55.7806941], [37.6323751, 55.7806137], [37.6325804, 55.7805731], [37.6326634, 55.7805557], [37.6327642, 55.7805414], [37.6329058, 55.780524], [37.6329792, 55.7805212]], [[37.6329792, 55.7805212], [37.6331338, 55.7805127], [37.6333494, 55.7805044], [37.6335623, 55.7804938], [37.6338087, 55.780467]], [[37.6338087, 55.780467], [37.6340281, 55.7804441], [37.6343838, 55.7804065], [37.6345895, 55.7803842], [37.6354905, 55.7802896], [37.6360936, 55.7802257], [37.636662, 55.7801656], [37.6373059, 55.7800975], [37.6377345, 55.780053], [37.6378826, 55.7800376], [37.6386487, 55.779958], [37.6393925, 55.7798808], [37.6399804, 55.7798197], [37.640142, 55.7798034], [37.6410095, 55.779716]], [[37.6410095, 55.779716], [37.6411303, 55.7797038], [37.6412808, 55.77969], [37.6413777, 55.7796835], [37.6414773, 55.7796809], [37.6415937, 55.7796816]], [[37.6415937, 55.7796816], [37.6420429, 55.7796845], [37.6425735, 55.7796879]], [[37.6425735, 55.7796879], [37.6427682, 55.7796891], [37.6432031, 55.7796924], [37.6436736, 55.7796967]], [[37.6436736, 55.7796967], [37.6438522, 55.7797003], [37.6438806, 55.7797029], [37.6442966, 55.7797257], [37.6446469, 55.7797562], [37.6447184, 55.7797548], [37.6447868, 55.7797446], [37.6448531, 55.7797249], [37.6449746, 55.7796553], [37.6451089, 55.7795658]], [[37.6451089, 55.7795658], [37.6454248, 55.7793525], [37.6462029, 55.7788392], [37.6468192, 55.7784159], [37.6474561, 55.7780046], [37.6482815, 55.7774643]], [[37.6482815, 55.7774643], [37.6483987, 55.7773436], [37.6485342, 55.7771852]], [[37.6485342, 55.7771852], [37.6488774, 55.776783], [37.648938, 55.7767094]], [[37.648938, 55.7767094], [37.6489841, 55.7766534], [37.649116, 55.7765297], [37.6492685, 55.776428]], [[37.6492685, 55.776428], [37.6494671, 55.7763164]], [[37.6494671, 55.7763164], [37.6499433, 55.7760354], [37.6499903, 55.7760051], [37.650312, 55.7757977]], [[37.650312, 55.7757977], [37.6509312, 55.775398]], [[37.6509312, 55.775398], [37.6515504, 55.774998], [37.6515719, 55.7749836], [37.6516902, 55.774915], [37.6519487, 55.7747522]], [[37.6519487, 55.7747522], [37.6520218, 55.7747077], [37.6520825, 55.7746635], [37.6521499, 55.774626], [37.6522449, 55.7745809]], [[37.6522449, 55.7745809], [37.6523697, 55.7745402], [37.6524302, 55.7745205], [37.6524628, 55.7745117], [37.652505, 55.7745061], [37.6525601, 55.7745026], [37.6525992, 55.7745019], [37.6526396, 55.7745021], [37.6526788, 55.7745068], [37.6527059, 55.7745129], [37.6527642, 55.7745261]], [[37.6527642, 55.7745261], [37.6531564, 55.7746318], [37.6534709, 55.7747166], [37.6535406, 55.7747375], [37.6535735, 55.7747468], [37.6535972, 55.7747545], [37.6536345, 55.7747671], [37.6536742, 55.774783], [37.6537532, 55.774816], [37.65415, 55.7749717], [37.6542459, 55.7750072], [37.6543269, 55.775033], [37.6544287, 55.7750585], [37.6545323, 55.7750804]], [[37.6545323, 55.7750804], [37.6555161, 55.7752772], [37.6559629, 55.7753652], [37.6563258, 55.7754366]], [[37.6563258, 55.7754366], [37.656694, 55.7755189], [37.6568149, 55.7755489], [37.6569258, 55.7755832], [37.6570293, 55.7756166], [37.6571822, 55.7756678]], [[37.6571822, 55.7756678], [37.6580484, 55.7759528]], [[37.6580484, 55.7759528], [37.6581743, 55.7759943], [37.6582244, 55.7760122], [37.6582648, 55.7760266], [37.6585745, 55.7761348], [37.6586353, 55.7761609], [37.6588416, 55.7762494]], [[37.6588416, 55.7762494], [37.6591658, 55.7763895], [37.660574, 55.7770418], [37.6626511, 55.7779896], [37.6629725, 55.7781394]], [[37.6629725, 55.7781394], [37.663188, 55.7782398], [37.6637992, 55.7785], [37.6640543, 55.778602]], [[37.6640543, 55.778602], [37.6646604, 55.7788442], [37.665607, 55.7792274], [37.6657882, 55.7792991], [37.6658061, 55.7793074]], [[37.6658061, 55.7793074], [37.6659958, 55.7793825], [37.6661925, 55.7794633]], [[37.6661925, 55.7794633], [37.6663608, 55.7795542], [37.6664714, 55.7796038]], [[37.6664714, 55.7796038], [37.6664901, 55.7796144], [37.6688304, 55.780786]], [[37.6688304, 55.780786], [37.6694994, 55.7811209], [37.6700634, 55.7814304], [37.6702592, 55.7815362], [37.6703118, 55.7815671]], [[37.6703118, 55.7815671], [37.6705396, 55.7817007], [37.6727743, 55.7829915], [37.672857, 55.7830396], [37.6732821, 55.7832865]], [[37.6732821, 55.7832865], [37.6744918, 55.7839741], [37.674726, 55.7841135], [37.6748779, 55.7842175], [37.6750252, 55.7843375], [37.675146, 55.7844522], [37.6752478, 55.7845694], [37.6753957, 55.7848061], [37.6754833, 55.7849594], [37.6755229, 55.7850136], [37.6755871, 55.7851018], [37.6757804, 55.7853076], [37.6758022, 55.7853273], [37.6758739, 55.7853919], [37.6759072, 55.7854213], [37.6762959, 55.7857633]], [[37.6762959, 55.7857633], [37.6764283, 55.7858717], [37.6765136, 55.7859374], [37.676728, 55.7861012], [37.6790818, 55.7879097], [37.6797297, 55.7884154], [37.6798022, 55.7884673], [37.680089, 55.7886716], [37.6803663, 55.7888871], [37.6804814, 55.7889765]], [[37.6804814, 55.7889765], [37.6806552, 55.7890891], [37.6807899, 55.7891643], [37.6810069, 55.7892854], [37.6819056, 55.7896618]], [[37.6819056, 55.7896618], [37.682042, 55.7897107], [37.6820864, 55.7897266], [37.6823724, 55.7898292], [37.6824658, 55.7898628]], [[37.6824658, 55.7898628], [37.6824927, 55.7898714], [37.6866194, 55.79145], [37.687024, 55.7916046]], [[37.687024, 55.7916046], [37.6870843, 55.7916276], [37.687205, 55.7916737]], [[37.687205, 55.7916737], [37.6872835, 55.7917037], [37.6873902, 55.7917445], [37.6875066, 55.791789]], [[37.6875066, 55.791789], [37.6911894, 55.7932342], [37.6913272, 55.7932844]], [[37.6913272, 55.7932844], [37.6916196, 55.7933798], [37.6919815, 55.7934601], [37.69234, 55.7935153]], [[37.69234, 55.7935153], [37.6929188, 55.7936043], [37.6938881, 55.7937511], [37.6947533, 55.7938817], [37.6951278, 55.7939384], [37.6969802, 55.7941996], [37.6982848, 55.7943627]], [[37.6982848, 55.7943627], [37.6985437, 55.7943958], [37.6987133, 55.7944177], [37.6991905, 55.7944737], [37.6994701, 55.7945093], [37.7001405, 55.7945885], [37.701282, 55.7947112]], [[37.701282, 55.7947112], [37.7029664, 55.7948944]], [[37.7029664, 55.7948944], [37.7046281, 55.7950984]], [[37.7046281, 55.7950984], [37.7054842, 55.7952189], [37.7057513, 55.7952184], [37.7059934, 55.7952179]], [[37.7059934, 55.7952179], [37.7061269, 55.7952167], [37.7071647, 55.7952073], [37.7079632, 55.7952031], [37.7083619, 55.7951993], [37.7086828, 55.7951964], [37.708864, 55.7951948], [37.7096055, 55.7951862]], [[37.7096055, 55.7951862], [37.7099613, 55.7951809], [37.7100378, 55.7951798], [37.7103319, 55.7951855], [37.7104316, 55.7951885], [37.710586, 55.7951919], [37.7108086, 55.7952027], [37.7109625, 55.7952144], [37.7112405, 55.7952422], [37.7114043, 55.7952638], [37.7118307, 55.7953395]], [[37.7118307, 55.7953395], [37.7136706, 55.795705]], [[37.7136706, 55.795705], [37.7138904, 55.7957471], [37.7139674, 55.7957614]], [[37.7139674, 55.7957614], [37.7140511, 55.795782], [37.7141309, 55.7958027], [37.7141947, 55.7958272], [37.7142212, 55.7958415], [37.7142718, 55.7958654], [37.7143032, 55.7958893], [37.7143255, 55.7959063], [37.7143472, 55.7959299], [37.714367, 55.7959514], [37.7143766, 55.7959676], [37.7143955, 55.7959996], [37.7144102, 55.7960497], [37.7144108, 55.7961005]], [[37.7144108, 55.7961005], [37.7143968, 55.7962487], [37.7143896, 55.7963252], [37.7143804, 55.7964206], [37.7143633, 55.7966139], [37.7143572, 55.796683], [37.714359, 55.7967387], [37.7143649, 55.7967833], [37.714381, 55.7968286], [37.7144102, 55.796876], [37.71445, 55.7969219], [37.7145085, 55.7969701], [37.7147287, 55.79712], [37.7147987, 55.7971751], [37.714846, 55.797224], [37.7148863, 55.7972727], [37.7149124, 55.7973227], [37.714923, 55.7973655], [37.7149202, 55.7974121], [37.714908, 55.7974616], [37.7148837, 55.7975129], [37.7148408, 55.7975737], [37.7147171, 55.7977213]], [[37.7147171, 55.7977213], [37.7144167, 55.7980799], [37.7135242, 55.7991775], [37.7135173, 55.799186], [37.7131195, 55.7996568], [37.713023, 55.7997792], [37.7128765, 55.7999654]], [[37.7128765, 55.7999654], [37.7126904, 55.8001894], [37.7124316, 55.8005155], [37.7122415, 55.8007244], [37.7118962, 55.8009815], [37.7115876, 55.801175]], [[37.7115876, 55.801175], [37.7113527, 55.8013223], [37.7112834, 55.8013655], [37.7112582, 55.8013807], [37.7111678, 55.8014353]], [[37.7111678, 55.8014353], [37.7108543, 55.8016247], [37.7103377, 55.8019407]], [[37.7103377, 55.8019407], [37.7092431, 55.8026103], [37.7089172, 55.8028123], [37.7087687, 55.8029044], [37.7081126, 55.8033258]], [[37.7081126, 55.8033258], [37.7079663, 55.8034242], [37.707813, 55.8035415], [37.707658, 55.8037051], [37.7075917, 55.8038092], [37.7075548, 55.8039096]], [[37.7075548, 55.8039096], [37.7074677, 55.8041296], [37.7074418, 55.8041964], [37.7072979, 55.8045675], [37.7072509, 55.8046979], [37.707196, 55.8048502], [37.7071625, 55.8049534], [37.7069549, 55.8055145], [37.7064271, 55.8068477]], [[37.7064271, 55.8068477], [37.7063564, 55.8070055], [37.7062113, 55.8073305], [37.7060661, 55.8076639], [37.7060292, 55.8077722]], [[37.7060292, 55.8077722], [37.7060095, 55.8078301], [37.7058492, 55.8082983], [37.7057808, 55.808514]], [[37.7057808, 55.808514], [37.705752, 55.8086105], [37.7057339, 55.8086713], [37.7056554, 55.8087881], [37.7054082, 55.80897]], [[37.7054082, 55.80897], [37.7052706, 55.8090627], [37.7049926, 55.8092452], [37.7043721, 55.8096409], [37.7039343, 55.8099066]], [[37.7039343, 55.8099066], [37.7034895, 55.8101841], [37.7032461, 55.8103304], [37.7030661, 55.8104347], [37.7030289, 55.8104549], [37.7027042, 55.8106314], [37.7024099, 55.8107636], [37.7019933, 55.8109378], [37.7013883, 55.8111697], [37.7011364, 55.8112543]], [[37.7011364, 55.8112543], [37.7003645, 55.8115135], [37.7001218, 55.8115988], [37.6997537, 55.8117281], [37.6993583, 55.8118675], [37.698905, 55.8120273], [37.6980349, 55.8123504]], [[37.6980349, 55.8123504], [37.6978885, 55.8124048], [37.6978554, 55.8124171], [37.6975726, 55.8125354], [37.6974257, 55.8126035], [37.6972154, 55.8127202], [37.6969255, 55.8129118], [37.6968341, 55.8129871]], [[37.6968341, 55.8129871], [37.695813, 55.8138283], [37.695749, 55.813881], [37.6956847, 55.8139346]], [[37.6956847, 55.8139346], [37.6955395, 55.8140559], [37.695305, 55.8142584], [37.6952196, 55.8143321]], [[37.6952196, 55.8143321], [37.6951592, 55.8144027], [37.6951426, 55.8144625], [37.695187, 55.8145285], [37.6952619, 55.8145864], [37.6953157, 55.8146283]], [[37.6953157, 55.8146283], [37.6960486, 55.8150507], [37.696409, 55.8152647]], [[37.696409, 55.8152647], [37.6967693, 55.8154786], [37.6972783, 55.815652]], [[37.6972783, 55.815652], [37.6976851, 55.8157711], [37.6977289, 55.8157839], [37.6977463, 55.815789], [37.6984487, 55.815962]], [[37.6984487, 55.815962], [37.6987473, 55.8160356], [37.6987581, 55.8160389], [37.6990618, 55.8161326]], [[37.6990618, 55.8161326], [37.6996192, 55.8163046], [37.6997507, 55.8163452], [37.7006106, 55.8166403], [37.7008857, 55.8167416], [37.7009028, 55.8167479]], [[37.7009028, 55.8167479], [37.701004, 55.8168367]], [[37.701004, 55.8168367], [37.7011805, 55.8169915], [37.7012616, 55.8170669], [37.701275, 55.8170794], [37.7016175, 55.8173981], [37.7018564, 55.8175184], [37.7018747, 55.8175276], [37.7021489, 55.8176637], [37.7021599, 55.8176712]], [[37.7021599, 55.8176712], [37.7028749, 55.8180654], [37.7028843, 55.8180706], [37.7032436, 55.8182687]], [[37.7032436, 55.8182687], [37.7034424, 55.8183783], [37.703663, 55.8184825], [37.7038768, 55.8185835], [37.7040318, 55.8186279], [37.7046076, 55.818794], [37.7049436, 55.8188569]], [[37.7049436, 55.8188569], [37.7051456, 55.8188947], [37.7051875, 55.8189026], [37.7052939, 55.8189225], [37.7061466, 55.8190822]], [[37.7061466, 55.8190822], [37.7063783, 55.8191256], [37.7067857, 55.8191935]], [[37.7067857, 55.8191935], [37.7069303, 55.8192176], [37.7081353, 55.819411], [37.7095201, 55.8196332], [37.7098451, 55.8196854]], [[37.7098451, 55.8196854], [37.7099575, 55.8197041], [37.7101928, 55.8197433], [37.7104032, 55.8197788], [37.7104951, 55.8197916]], [[37.7104951, 55.8197916], [37.7109434, 55.8198542]], [[37.7109434, 55.8198542], [37.711067, 55.8198715], [37.7111642, 55.8198822], [37.7112732, 55.8198849], [37.7113052, 55.819883], [37.7113816, 55.8198784], [37.7114851, 55.8198605], [37.7116179, 55.8198295]], [[37.7116179, 55.8198295], [37.7126798, 55.8195817]], [[37.7126798, 55.8195817], [37.7131237, 55.8194781], [37.7131886, 55.8194584], [37.7132643, 55.8194354], [37.7133122, 55.8194199], [37.7141118, 55.819172], [37.714238, 55.8191378], [37.7145244, 55.8190127]], [[37.7145244, 55.8190127], [37.7145892, 55.8189839], [37.7154761, 55.8185931], [37.7156669, 55.8185109], [37.7156869, 55.8185021], [37.7158443, 55.8184327], [37.7159763, 55.8183753], [37.7162127, 55.818274], [37.7174349, 55.8177537], [37.7187935, 55.8171752]], [[37.7187935, 55.8171752], [37.7189419, 55.817112], [37.719005, 55.8170907], [37.7190734, 55.8170755], [37.7191453, 55.8170666], [37.7192189, 55.8170645], [37.719292, 55.8170691], [37.7193629, 55.8170803], [37.7194296, 55.8170978], [37.7194903, 55.8171212], [37.7195677, 55.8171719]], [[37.7195677, 55.8171719], [37.7207495, 55.8179463], [37.7210193, 55.8181211]], [[37.7210193, 55.8181211], [37.7211508, 55.8182123], [37.7211675, 55.8182237], [37.7212543, 55.8182522], [37.721348, 55.8182725], [37.7213626, 55.8182742], [37.7214463, 55.8182843], [37.7215467, 55.8182872], [37.7216466, 55.8182811], [37.7217435, 55.8182661], [37.7221274, 55.8181652]], [[37.7221274, 55.8181652], [37.7227949, 55.8179805], [37.7237273, 55.8177167], [37.725986, 55.8170884], [37.7262934, 55.8170045], [37.726426, 55.8169655], [37.7265406, 55.8169338], [37.7294102, 55.8161505], [37.7313164, 55.8156157], [37.7319999, 55.815424]], [[37.7319999, 55.815424], [37.7323209, 55.8153253], [37.7323424, 55.8153187]], [[37.7323424, 55.8153187], [37.7324408, 55.8152607], [37.7328484, 55.8150204]], [[37.7328484, 55.8150204], [37.7329562, 55.8149819], [37.7338229, 55.814501], [37.7342433, 55.8142659]]]}, "properties": {"route": 7, "direction": 0, "name": "Трамвай 7: Белорусский вокзал => Метро «Бульвар Рокоссовского»", "osm_relation": 556900}}, {"type": "Feature", "geometry": {"type": "MultiLineString", "coordinates": [[[37.7327079, 55.8152431], [37.7325034, 55.8153084], [37.7323584, 55.815351], [37.7320239, 55.8154494]], [[37.7320239, 55.8154494], [37.7313404, 55.8156411], [37.7294609, 55.8161683], [37.7266525, 55.816937], [37.7265807, 55.8169547], [37.7264651, 55.8169868], [37.7263277, 55.8170272], [37.726008, 55.8171144], [37.7237499, 55.8177425], [37.7228165, 55.8180065], [37.7221466, 55.8181918]], [[37.7221466, 55.8181918], [37.7217525, 55.8182949], [37.7216506, 55.8183097], [37.7215464, 55.8183157], [37.7214409, 55.8183128], [37.7213521, 55.8183027], [37.7213378, 55.818301], [37.721239, 55.8182807], [37.7211467, 55.8182523], [37.7211192, 55.8182338], [37.7209974, 55.8181517]], [[37.7209974, 55.8181517], [37.7208755, 55.8180696], [37.7207127, 55.8179663], [37.7195302, 55.8171915]], [[37.7195302, 55.8171915], [37.7194564, 55.8171431], [37.7194171, 55.8171221], [37.7193722, 55.8171051], [37.719323, 55.8170923], [37.7192709, 55.8170841], [37.719217, 55.8170808], [37.7191629, 55.8170824], [37.71911, 55.8170889], [37.7190596, 55.8171001], [37.7190131, 55.8171158], [37.7189689, 55.8171348], [37.7188289, 55.8171946]], [[37.7188289, 55.8171946], [37.7174633, 55.8177777], [37.7162437, 55.818297], [37.7160077, 55.8183987], [37.7158751, 55.8184556], [37.7157198, 55.8185241], [37.7156983, 55.8185336], [37.7152615, 55.8187217], [37.7145544, 55.8190359]], [[37.7145544, 55.8190359], [37.7142697, 55.8191603], [37.7133371, 55.819445], [37.7132891, 55.8194605], [37.7132738, 55.8194652], [37.7131459, 55.8195041], [37.712947, 55.8195512], [37.7127032, 55.819609]], [[37.7127032, 55.819609], [37.7116347, 55.819862]], [[37.7116347, 55.819862], [37.7115491, 55.8198823], [37.7114631, 55.8198983], [37.7113832, 55.8199094], [37.7113023, 55.8199159], [37.7112844, 55.8199164], [37.7112206, 55.819918], [37.7111394, 55.819913], [37.7110604, 55.819901], [37.7109308, 55.8198827]], [[37.7109308, 55.8198827], [37.7104811, 55.8198192]], [[37.7104811, 55.8198192], [37.7103881, 55.8198061], [37.7102832, 55.8197884], [37.710178, 55.8197707], [37.7098304, 55.819713]], [[37.7098304, 55.819713], [37.7082595, 55.8194609], [37.7069159, 55.8192453], [37.7067652, 55.8192201]], [[37.7067652, 55.8192201], [37.7063594, 55.8191523], [37.7061185, 55.8191078]], [[37.7061185, 55.8191078], [37.7052788, 55.8189526], [37.7051305, 55.8189243], [37.7049311, 55.8188862]], [[37.7049311, 55.8188862], [37.7045892, 55.818821], [37.704004, 55.8186521], [37.703852, 55.8186082], [37.703409, 55.8184001], [37.7032116, 55.8182913]], [[37.7032116, 55.8182913], [37.7028468, 55.8180903], [37.7021247, 55.817692], [37.7018403, 55.8175474], [37.7017914, 55.8175236], [37.7017608, 55.8175088]], [[37.7017608, 55.8175088], [37.7015742, 55.8174148], [37.7012881, 55.8171476]], [[37.7012881, 55.8171476], [37.701255, 55.8171167], [37.7011362, 55.8170058], [37.7008661, 55.8167697], [37.7008166, 55.8167516], [37.7005779, 55.8166644]], [[37.7005779, 55.8166644], [37.6999635, 55.8164534], [37.699707, 55.8163653], [37.6990409, 55.8161575]], [[37.6990409, 55.8161575], [37.6987435, 55.8160648], [37.6984358, 55.8159893]], [[37.6984358, 55.8159893], [37.6977202, 55.8158137], [37.697706, 55.8158095], [37.6976618, 55.8157966], [37.6976116, 55.8157819], [37.6972531, 55.815677]], [[37.6972531, 55.815677], [37.6967381, 55.8155016], [37.6963736, 55.8152864]], [[37.6963736, 55.8152864], [37.6961191, 55.8151362], [37.6953421, 55.8146857], [37.6952778, 55.8146495]], [[37.6952778, 55.8146495], [37.6952234, 55.8146102], [37.6951425, 55.8145504], [37.6950929, 55.8144885], [37.6950713, 55.8144381], [37.6950717, 55.8144156], [37.6950879, 55.814376], [37.6951671, 55.8143074]], [[37.6951671, 55.8143074], [37.6954983, 55.8140389], [37.6956448, 55.8139161]], [[37.6956448, 55.8139161], [37.6956631, 55.8139008], [37.6957068, 55.8138648], [37.6960607, 55.8135732], [37.6960638, 55.8135707], [37.6962798, 55.8133927], [37.6963115, 55.8133666], [37.6967992, 55.8129648]], [[37.6967992, 55.8129648], [37.6968847, 55.8128944], [37.6970153, 55.8128081], [37.6971778, 55.8127006], [37.6973913, 55.8125821], [37.6976347, 55.8124694], [37.6978374, 55.8123893], [37.6978566, 55.8123822], [37.6980073, 55.8123262]], [[37.6980073, 55.8123262], [37.6980914, 55.812295], [37.6981749, 55.812264], [37.6988763, 55.8120035], [37.6997264, 55.8117038], [37.7000951, 55.8115742], [37.7002916, 55.811505], [37.7005273, 55.8114257], [37.7009569, 55.8112811], [37.7011125, 55.8112289]], [[37.7011125, 55.8112289], [37.7013555, 55.8111475], [37.701864, 55.8109526], [37.7019635, 55.8109144], [37.7023787, 55.8107408], [37.7026708, 55.8106096], [37.7030303, 55.8104141], [37.7032096, 55.8103102], [37.7034529, 55.8101641], [37.7038971, 55.809887]], [[37.7038971, 55.809887], [37.7043349, 55.8096211], [37.704462, 55.8095401], [37.7049542, 55.8092262], [37.705232, 55.8090423], [37.7053668, 55.808953]], [[37.7053668, 55.808953], [37.7056105, 55.8087743], [37.7056853, 55.8086619], [37.7057306, 55.8085084]], [[37.7057306, 55.8085084], [37.7058102, 55.8082567], [37.7059788, 55.8077663]], [[37.7059788, 55.8077663], [37.706016, 55.807658], [37.7062274, 55.8071635], [37.7063773, 55.8068412]], [[37.7063773, 55.8068412], [37.7064975, 55.8065407], [37.706886, 55.8055568], [37.7070791, 55.8050389], [37.7071638, 55.8047883], [37.7072009, 55.8046917], [37.7072459, 55.804567], [37.7073918, 55.8041903], [37.7074031, 55.8041613], [37.7074197, 55.8041184], [37.7075077, 55.8039014]], [[37.7075077, 55.8039014], [37.7075425, 55.803803], [37.7076098, 55.8036941], [37.7076521, 55.8036497], [37.7077694, 55.8035265], [37.7079243, 55.8034078], [37.7080661, 55.8033102]], [[37.7080661, 55.8033102], [37.7082302, 55.8032018], [37.7087322, 55.8028841], [37.7088785, 55.8027935], [37.7092053, 55.8025909], [37.7103001, 55.8019213]], [[37.7103001, 55.8019213], [37.7108086, 55.8016102], [37.7108168, 55.8016052], [37.7111304, 55.8014157]], [[37.7111304, 55.8014157], [37.7112456, 55.8013461], [37.7113098, 55.8013065], [37.7115519, 55.8011545]], [[37.7115519, 55.8011545], [37.7118566, 55.8009633], [37.7121979, 55.800709], [37.7122684, 55.8006316], [37.7123854, 55.8005031], [37.7125807, 55.8002617], [37.7128303, 55.799953]], [[37.7128303, 55.799953], [37.7129761, 55.7997677], [37.7130718, 55.7996461], [37.7134678, 55.7991676], [37.7143705, 55.7980677], [37.7146709, 55.7977091]], [[37.7146709, 55.7977091], [37.7147938, 55.7975623], [37.7148351, 55.7975039], [37.7148578, 55.797456], [37.7148692, 55.7974097], [37.7148718, 55.7973671], [37.7148622, 55.7973287], [37.7148383, 55.7972829], [37.7148002, 55.797237], [37.7147553, 55.7971903], [37.7146881, 55.7971375], [37.7144675, 55.7969873], [37.7144055, 55.7969363], [37.7143595, 55.7968817], [37.7143316, 55.7968362], [37.7143141, 55.7967871], [37.7143078, 55.7967401], [37.714306, 55.7966826], [37.7143123, 55.7966125], [37.7143298, 55.7964143], [37.7143392, 55.7963172]], [[37.7143392, 55.7963172], [37.7143445, 55.7962603], [37.7143597, 55.7960987]], [[37.7143597, 55.7960987], [37.7143415, 55.796042], [37.7143079, 55.7959874], [37.7142938, 55.7959724], [37.71426, 55.7959364], [37.7142141, 55.7959016], [37.7141989, 55.7958901], [37.7141258, 55.7958496], [37.7140434, 55.7958189], [37.7139514, 55.7957902]], [[37.7139514, 55.7957902], [37.7136544, 55.7957354]], [[37.7136544, 55.7957354], [37.7118143, 55.7953667]], [[37.7118143, 55.7953667], [37.7113907, 55.7952916], [37.7112303, 55.7952704], [37.7109545, 55.7952428], [37.710803, 55.7952313], [37.7105828, 55.7952205], [37.710429, 55.7952172], [37.7103296, 55.7952143], [37.7100375, 55.7952086], [37.7099628, 55.7952097], [37.7091523, 55.7952214]], [[37.7091523, 55.7952214], [37.7088643, 55.7952236], [37.708684, 55.7952252], [37.7083627, 55.7952281], [37.7079638, 55.7952319], [37.7071653, 55.7952361], [37.7061263, 55.7952455], [37.7060041, 55.7952466]], [[37.7060041, 55.7952466], [37.7057485, 55.7952471], [37.705477, 55.7952475], [37.7046005, 55.7951242]], [[37.7046005, 55.7951242], [37.702939, 55.7949204]], [[37.702939, 55.7949204], [37.7012729, 55.7947395]], [[37.7012729, 55.7947395], [37.7001296, 55.7946165], [37.6994592, 55.7945373], [37.6991779, 55.7945014], [37.6986873, 55.7944446], [37.6985311, 55.7944243], [37.6982577, 55.7943917]], [[37.6982577, 55.7943917], [37.6979378, 55.7943536], [37.696971, 55.7942306], [37.6951046, 55.7939785], [37.6947131, 55.7939175], [37.6938718, 55.7937841], [37.6929009, 55.7936376], [37.6923275, 55.7935472]], [[37.6923275, 55.7935472], [37.6919688, 55.7934906], [37.6916081, 55.7934121], [37.6912884, 55.7933124]], [[37.6912884, 55.7933124], [37.6906143, 55.7930579], [37.6879607, 55.7919973], [37.6874782, 55.7918129], [37.6874512, 55.7918026]], [[37.6874512, 55.7918026], [37.6872546, 55.7917275], [37.687058, 55.7916524]], [[37.687058, 55.7916524], [37.6869965, 55.7916289], [37.6865268, 55.7914494], [37.6824639, 55.7898954], [37.6824374, 55.7898869]], [[37.6824374, 55.7898869], [37.6823502, 55.7898552], [37.6823331, 55.7898493], [37.6820811, 55.7897603], [37.6820159, 55.7897373], [37.6819973, 55.7897307], [37.681875, 55.7896848]], [[37.681875, 55.7896848], [37.6809737, 55.7893074], [37.6807518, 55.7891874], [37.6806168, 55.78911], [37.6804545, 55.7890053]], [[37.6804545, 55.7890053], [37.6803462, 55.7889207], [37.680044, 55.7886847], [37.6800382, 55.788679], [37.6797554, 55.7884817], [37.6796888, 55.7884341], [37.6790422, 55.7879386], [37.6766862, 55.7861178], [37.6764657, 55.78595], [37.6764174, 55.7859135], [37.6762347, 55.7857628]], [[37.6762347, 55.7857628], [37.6758576, 55.7854391], [37.6758231, 55.7854094], [37.6757283, 55.7853194], [37.6755326, 55.7851103], [37.6755108, 55.7850787], [37.6754747, 55.7850257], [37.6754577, 55.7850017], [37.6754337, 55.7849669], [37.6753525, 55.7848137], [37.6752113, 55.784581], [37.6751092, 55.7844631], [37.6749963, 55.7843501], [37.6748438, 55.7842307], [37.6746919, 55.7841294], [37.6744568, 55.7839888], [37.673248, 55.7833115]], [[37.673248, 55.7833115], [37.6728119, 55.7830619], [37.6727328, 55.7830157], [37.6702733, 55.7815948]], [[37.6702733, 55.7815948], [37.6702159, 55.7815594], [37.6700236, 55.7814502], [37.6694469, 55.7811442], [37.6687946, 55.7808143]], [[37.6687946, 55.7808143], [37.6665866, 55.7796973], [37.6664554, 55.7796356], [37.6664405, 55.7796266]], [[37.6664405, 55.7796266], [37.6661527, 55.7794865]], [[37.6661527, 55.7794865], [37.6657771, 55.7793288]], [[37.6657771, 55.7793288], [37.6657596, 55.7793208], [37.6646196, 55.7788627], [37.6640261, 55.7786297]], [[37.6640261, 55.7786297], [37.6637621, 55.7785261], [37.6631588, 55.7782672], [37.6629366, 55.7781629]], [[37.6629366, 55.7781629], [37.6626183, 55.7780135], [37.6605446, 55.777063], [37.659136, 55.7764106], [37.658813, 55.776271]], [[37.658813, 55.776271], [37.6586146, 55.7761859], [37.6585471, 55.776157], [37.658234, 55.7760475], [37.658205, 55.7760372], [37.6581497, 55.7760175], [37.6580284, 55.7759774]], [[37.6580284, 55.7759774], [37.6571614, 55.7756921]], [[37.6571614, 55.7756921], [37.6570063, 55.7756402], [37.6569002, 55.7756059], [37.6567947, 55.7755733], [37.6566763, 55.775545], [37.6563076, 55.7754616]], [[37.6563076, 55.7754616], [37.6559449, 55.7753902], [37.6554999, 55.7753026], [37.655137, 55.7752296], [37.6545317, 55.7751078]], [[37.6545317, 55.7751078], [37.6544109, 55.7750835]], [[37.6544109, 55.7750835], [37.6540364, 55.775005], [37.6536738, 55.7749164], [37.6535402, 55.7748834], [37.6533653, 55.7748401], [37.6527737, 55.7746859], [37.652603, 55.7746411], [37.652491, 55.7746139], [37.6524308, 55.7746127], [37.6523705, 55.7746188], [37.6523362, 55.7746245], [37.6523079, 55.7746319], [37.6522745, 55.7746437], [37.6522219, 55.774666], [37.6520307, 55.7747461], [37.651611, 55.7749997]], [[37.651611, 55.7749997], [37.6515883, 55.7750162], [37.6509722, 55.7754194]], [[37.6509722, 55.7754194], [37.6503482, 55.7758279]], [[37.6503482, 55.7758279], [37.650071, 55.7759977], [37.6500259, 55.7760237], [37.6496992, 55.7762135], [37.6494197, 55.7763734], [37.6493037, 55.7764462]], [[37.6493037, 55.7764462], [37.6491486, 55.7765463]], [[37.6491486, 55.7765463], [37.6490313, 55.776666], [37.6489765, 55.7767292]], [[37.6489765, 55.7767292], [37.6489216, 55.7767924], [37.6485872, 55.7771941]], [[37.6485872, 55.7771941], [37.6484514, 55.7773596], [37.6483241, 55.7774783]], [[37.6483241, 55.7774783], [37.6474848, 55.778024], [37.6468675, 55.7784386], [37.6464971, 55.7786804], [37.6462431, 55.7788576], [37.6451873, 55.7795661]], [[37.6451873, 55.7795661], [37.6450185, 55.7796808], [37.6448851, 55.7797543], [37.644833, 55.7797721], [37.6447696, 55.7797853], [37.6446587, 55.7797879], [37.6445431, 55.779783], [37.6442872, 55.7797649], [37.6438802, 55.7797425], [37.643675, 55.7797378]], [[37.643675, 55.7797378], [37.642577, 55.7797258]], [[37.642577, 55.7797258], [37.6415935, 55.779715]], [[37.6415935, 55.779715], [37.6414789, 55.7797137], [37.6413864, 55.7797163], [37.6412964, 55.779722], [37.6411425, 55.7797357], [37.6410129, 55.7797494]], [[37.6410129, 55.7797494], [37.6397583, 55.7798817], [37.6391258, 55.7799462], [37.6388384, 55.7799754], [37.6377466, 55.7800888], [37.6370718, 55.7801588], [37.6357769, 55.7802926], [37.6355005, 55.7803219], [37.6345339, 55.7804252], [37.6340822, 55.7804735], [37.6338262, 55.7804993]], [[37.6338262, 55.7804993], [37.6335701, 55.780525], [37.6335502, 55.7805265]], [[37.6335502, 55.7805265], [37.6333606, 55.780538], [37.6331473, 55.7805527], [37.6329876, 55.7805606]], [[37.6329876, 55.7805606], [37.6329206, 55.7805625], [37.632762, 55.7805802], [37.632604, 55.7806061], [37.6322647, 55.7806765], [37.631994, 55.7807326]], [[37.631994, 55.7807326], [37.6318763, 55.7807526], [37.6318424, 55.7807584], [37.6318154, 55.7807616], [37.6317599, 55.780768], [37.6316785, 55.7807695], [37.6315554, 55.7807578], [37.6314496, 55.7807344], [37.6314134, 55.7807214], [37.6313614, 55.7806986], [37.6313108, 55.7806684], [37.6312794, 55.7806408], [37.6312515, 55.7806085], [37.6312239, 55.7805714], [37.6311953, 55.7805042], [37.6311715, 55.7804338]], [[37.6311715, 55.7804338], [37.6311411, 55.7803437], [37.6311001, 55.7802258], [37.6310098, 55.7799343], [37.6309371, 55.7797081]], [[37.6309371, 55.7797081], [37.6308893, 55.7795236], [37.6308769, 55.7794707], [37.6308364, 55.779298]], [[37.6308364, 55.779298], [37.6307998, 55.7791184], [37.6307019, 55.7786385], [37.6306884, 55.7785723]], [[37.6306884, 55.7785723], [37.6306741, 55.7785024], [37.6306621, 55.7784536], [37.6306506, 55.7784317], [37.6306326, 55.778412], [37.6306038, 55.7783902], [37.6305617, 55.7783724], [37.6305005, 55.7783557], [37.6304419, 55.7783477], [37.6303672, 55.7783421], [37.6301963, 55.778342]], [[37.6301963, 55.778342], [37.6295646, 55.7783415], [37.6291971, 55.7783412], [37.6291286, 55.7783416], [37.6290279, 55.7783423], [37.6287683, 55.7783392], [37.6282129, 55.7783354]], [[37.6282129, 55.7783354], [37.6281007, 55.7783346], [37.6278134, 55.7783345], [37.6274388, 55.7783353]], [[37.6274388, 55.7783353], [37.6271975, 55.7783515], [37.626935, 55.7783747], [37.6266729, 55.7784077], [37.6262815, 55.7784752], [37.6261598, 55.7784995], [37.6255612, 55.7786188], [37.6247115, 55.7787869], [37.6243242, 55.7788625], [37.6240243, 55.7789218], [37.6236269, 55.779], [37.6231966, 55.7790904]], [[37.6231966, 55.7790904], [37.6230165, 55.7791273], [37.6228018, 55.7791726], [37.6226627, 55.779214], [37.6226352, 55.7792239], [37.6224802, 55.7792711], [37.6224156, 55.7792911]], [[37.6224156, 55.7792911], [37.6223261, 55.7793189], [37.6221491, 55.7793748], [37.6218882, 55.7794579]], [[37.6218882, 55.7794579], [37.6217769, 55.7794934], [37.6216594, 55.7795355], [37.6215729, 55.7795665], [37.6214324, 55.7796218]], [[37.6214324, 55.7796218], [37.6213716, 55.7796457], [37.6212315, 55.7797004], [37.6208372, 55.7798542]], [[37.6208372, 55.7798542], [37.6207528, 55.7798872], [37.6207029, 55.7799029], [37.6206823, 55.7799073], [37.6206515, 55.7799137], [37.6205965, 55.7799202], [37.6205427, 55.7799222], [37.6204859, 55.7799195], [37.6204278, 55.7799112], [37.6203793, 55.7799018], [37.6203305, 55.7798895], [37.6203014, 55.7798786], [37.620286, 55.7798728], [37.6202524, 55.7798565], [37.6202119, 55.779835], [37.6201736, 55.7798092], [37.6200935, 55.779753]], [[37.6200935, 55.779753], [37.6197133, 55.7794864], [37.6192337, 55.7791491], [37.6185849, 55.7786938]], [[37.6185849, 55.7786938], [37.6185199, 55.7786482], [37.6184896, 55.7786312], [37.6184498, 55.7786106], [37.6184129, 55.778595], [37.6183726, 55.7785804], [37.6183353, 55.7785694], [37.6182893, 55.7785577], [37.6182423, 55.7785477], [37.6181925, 55.7785418], [37.6180658, 55.7785279]], [[37.6180658, 55.7785279], [37.6179853, 55.778519], [37.6177856, 55.7784972], [37.6176495, 55.7784827]], [[37.6176495, 55.7784827], [37.6176082, 55.7784785], [37.6175632, 55.7784759], [37.6175216, 55.7784734], [37.6174777, 55.7784728], [37.6174336, 55.7784754], [37.6173921, 55.7784787], [37.6173478, 55.7784845], [37.6173026, 55.7784918], [37.6170031, 55.778544]], [[37.6170031, 55.778544], [37.6168427, 55.7785719], [37.6165834, 55.7786171], [37.6163098, 55.7786648], [37.6162189, 55.7786814], [37.6154761, 55.7788183], [37.614668, 55.7789656], [37.6142646, 55.7790391], [37.6141938, 55.779052]], [[37.6141938, 55.779052], [37.6140366, 55.7790807], [37.6136303, 55.779199], [37.6135463, 55.7792287], [37.613419, 55.7792746], [37.6133762, 55.7792958], [37.6133037, 55.7793298], [37.6132228, 55.779373]], [[37.6132228, 55.779373], [37.6131408, 55.7794186], [37.6130962, 55.7794441], [37.6128005, 55.7796069]], [[37.6128005, 55.7796069], [37.6127541, 55.7796324], [37.6125548, 55.7797188], [37.6125325, 55.779726], [37.6123544, 55.7797836], [37.6122553, 55.779805], [37.6120595, 55.7798454]], [[37.6120595, 55.7798454], [37.6118822, 55.779882], [37.6114354, 55.7799742], [37.6107298, 55.7801144], [37.6103947, 55.7801809], [37.6103712, 55.7801856], [37.6098025, 55.780305]], [[37.6098025, 55.780305], [37.6096812, 55.7803304], [37.6094124, 55.7803938], [37.6093355, 55.7804262], [37.6092419, 55.7804762], [37.6090907, 55.7805585], [37.6090139, 55.7806085]], [[37.6090139, 55.7806085], [37.6089754, 55.7806355], [37.6089082, 55.7807111], [37.6088962, 55.7807367], [37.6088962, 55.7807559], [37.6088962, 55.7807772], [37.608925, 55.7808191], [37.608956, 55.7808464], [37.6089802, 55.7808677], [37.609058, 55.7809416]], [[37.609058, 55.7809416], [37.6091358, 55.7810154], [37.6091675, 55.7810459], [37.6092247, 55.7811017], [37.6096153, 55.7814826], [37.6100372, 55.7818924], [37.6105554, 55.7823817], [37.6108477, 55.7826567], [37.6109387, 55.7827417]], [[37.6109387, 55.7827417], [37.6110297, 55.7828267], [37.6110503, 55.7828512], [37.6110583, 55.7828722], [37.6110634, 55.7828925], [37.6110638, 55.782916], [37.6110633, 55.782931], [37.6110535, 55.7829645], [37.6110181, 55.7829998], [37.6109684, 55.7830313], [37.6108118, 55.7830801], [37.6107632, 55.7830938]], [[37.6107632, 55.7830938], [37.6103745, 55.7832097], [37.6100906, 55.7832989], [37.609763, 55.7834089], [37.6093576, 55.78354], [37.608919, 55.7836904], [37.6087583, 55.7837455], [37.6083125, 55.7838984], [37.6080759, 55.7839795], [37.6078782, 55.7840475], [37.6072883, 55.7842497], [37.6071225, 55.7843058], [37.6070662, 55.7843249]], [[37.6070662, 55.7843249], [37.6067738, 55.784424], [37.6066517, 55.7844686], [37.6066441, 55.7844714]], [[37.6066441, 55.7844714], [37.6063897, 55.7845666], [37.6062698, 55.7846115], [37.6062517, 55.7846188]], [[37.6062517, 55.7846188], [37.6061856, 55.7846406], [37.6061287, 55.7846614], [37.6059073, 55.7847485], [37.6058273, 55.784784], [37.6057471, 55.7848237]], [[37.6057471, 55.7848237], [37.6055841, 55.7848924], [37.6052094, 55.785064], [37.6049313, 55.7851935], [37.6048375, 55.7852372]], [[37.6048375, 55.7852372], [37.6047908, 55.7852592], [37.6047266, 55.7852892], [37.6047074, 55.7852977], [37.6046569, 55.7853156], [37.6046159, 55.7853256], [37.6045187, 55.7853424], [37.6044636, 55.7853487], [37.6043818, 55.785358], [37.6042606, 55.7853519], [37.6041195, 55.7853445]], [[37.6041195, 55.7853445], [37.6039023, 55.785333]], [[37.6039023, 55.785333], [37.6037218, 55.7853233], [37.6035795, 55.7853159]], [[37.6035795, 55.7853159], [37.6027491, 55.7852588]], [[37.6027491, 55.7852588], [37.60222, 55.7852208]], [[37.60222, 55.7852208], [37.6020922, 55.7852115], [37.602015, 55.7852044], [37.6019394, 55.7851965], [37.6018868, 55.7851883], [37.601855, 55.7851804], [37.6017824, 55.7851642], [37.6017331, 55.7851483], [37.601687, 55.7851279], [37.6016856, 55.7851273], [37.6016332, 55.7850956], [37.6015858, 55.7850633]], [[37.6015858, 55.7850633], [37.6014641, 55.7849698]], [[37.6014641, 55.7849698], [37.6014146, 55.7849412], [37.6013488, 55.7849134], [37.6012816, 55.7848926], [37.6012076, 55.7848775], [37.6009452, 55.7848337]], [[37.6009452, 55.7848337], [37.6008551, 55.7848183], [37.6003807, 55.7847403], [37.5989899, 55.7845142], [37.5984956, 55.784432], [37.5982663, 55.7843915], [37.5979527, 55.7843362], [37.5972776, 55.7842259], [37.5972397, 55.7842197]], [[37.5972397, 55.7842197], [37.5970826, 55.7841941], [37.5970347, 55.7841855], [37.5969645, 55.7841638], [37.5968503, 55.7840907], [37.5967492, 55.7840192], [37.596713, 55.7839936], [37.5967001, 55.7839837], [37.5965995, 55.7838992], [37.5964725, 55.7838131]], [[37.5964725, 55.7838131], [37.5962169, 55.7836325], [37.5957658, 55.7833236], [37.5927178, 55.7812366], [37.5926068, 55.7811601], [37.5924607, 55.7810618], [37.5921057, 55.780823], [37.5908408, 55.7799929], [37.5906789, 55.7798867], [37.5900918, 55.7795034], [37.5900049, 55.7794468], [37.5898475, 55.7793484], [37.5894227, 55.7790777]], [[37.5894227, 55.7790777], [37.5892979, 55.7789959], [37.5892705, 55.7789786], [37.588912, 55.7787443], [37.5884543, 55.7784466], [37.5881912, 55.7782756], [37.5881198, 55.7782292]], [[37.5881198, 55.7782292], [37.588004, 55.7781539], [37.5878246, 55.7780373], [37.5876946, 55.7779531], [37.5875987, 55.7778904], [37.5869245, 55.7774519], [37.5868048, 55.777374], [37.5867816, 55.7773592], [37.5866264, 55.7772598], [37.5862523, 55.7770315], [37.5857547, 55.7767231]], [[37.5857547, 55.7767231], [37.5856347, 55.7766473], [37.5855378, 55.7765816], [37.5854255, 55.7765191], [37.5853651, 55.7764931], [37.585298, 55.776467], [37.5852003, 55.7764322], [37.5851022, 55.7764018], [37.5850084, 55.776375]], [[37.5850084, 55.776375], [37.5849708, 55.7763663], [37.5849252, 55.7763573], [37.5848977, 55.7763522], [37.5848803, 55.776349], [37.5848322, 55.7763454], [37.5848002, 55.7763453], [37.5847668, 55.7763464], [37.5847241, 55.7763539], [37.5846872, 55.7763648], [37.5846517, 55.7763788], [37.5846185, 55.7763933], [37.5845853, 55.7764089], [37.5842835, 55.7765651], [37.5842372, 55.7765828], [37.5841875, 55.7765956], [37.5841647, 55.7766003], [37.584145, 55.7766043], [37.5840952, 55.7766101], [37.584047, 55.7766115], [37.5839956, 55.7766087], [37.5839436, 55.776601], [37.5838891, 55.7765869], [37.5838396, 55.7765666], [37.583798, 55.7765432], [37.5835607, 55.7763827]]]}, "properties": {"route": 7, "direction": 1, "name": "Трамвай 7: Метро «Бульвар Рокоссовского» => Белорусский вокзал", "osm_relation": 3299879}}, {"type": "Feature", "geometry": {"type": "MultiLineString", "coordinates": [[[37.6157775, 55.8235904], [37.6161024, 55.8234051], [37.6161286, 55.8233705], [37.6161504, 55.8233339], [37.6161623, 55.8232943], [37.6161643, 55.823251], [37.616159, 55.8229922], [37.616161, 55.822978], [37.6161644, 55.8229633], [37.6161677, 55.8229495], [37.6161722, 55.8229361], [37.616178, 55.8229224], [37.6161839, 55.82291], [37.6161938, 55.8228957], [37.6162032, 55.8228819], [37.6162138, 55.8228689], [37.6162257, 55.8228552], [37.6162379, 55.8228436], [37.6162504, 55.8228331], [37.6162683, 55.8228207], [37.6162837, 55.8228106], [37.6163029, 55.822801], [37.6163239, 55.822792], [37.6163465, 55.8227842], [37.6163687, 55.8227774], [37.6163887, 55.822772], [37.6164093, 55.8227668], [37.6164286, 55.8227622], [37.6164478, 55.8227581], [37.6164683, 55.822754], [37.61649, 55.8227503], [37.616511, 55.8227471], [37.6165325, 55.8227448], [37.616572, 55.8227415], [37.6166112, 55.8227389], [37.6167583, 55.8227297]], [[37.6167583, 55.8227297], [37.6169106, 55.8227225], [37.6184454, 55.8226463], [37.6187994, 55.8226269]], [[37.6187994, 55.8226269], [37.6188309, 55.8226249], [37.6188598, 55.8226222], [37.6188898, 55.8226184], [37.6189187, 55.8226134], [37.6189473, 55.8226067], [37.6189744, 55.8225983], [37.6189976, 55.8225892], [37.6190178, 55.8225782], [37.6190363, 55.8225672], [37.6190529, 55.8225546], [37.6190646, 55.8225412], [37.6190733, 55.8225269], [37.6190803, 55.822512], [37.6190868, 55.8224954], [37.6190921, 55.8224794], [37.6190955, 55.8224621], [37.6190984, 55.8224429], [37.6191004, 55.8224238], [37.6191016, 55.8224054], [37.6191028, 55.8223864], [37.619111, 55.8221299], [37.6191115, 55.8221165], [37.6191124, 55.8221011], [37.6191142, 55.8220858], [37.6191171, 55.8220703], [37.6191226, 55.8220546], [37.6191293, 55.8220384], [37.6191372, 55.8220218], [37.6191484, 55.8220046], [37.6191639, 55.8219897], [37.6191815, 55.8219757], [37.6191992, 55.821963], [37.6192196, 55.8219498], [37.6192379, 55.8219385], [37.6192575, 55.8219276], [37.6192787, 55.8219172], [37.6193008, 55.8219077], [37.6193291, 55.8218981], [37.6193549, 55.8218911], [37.6193824, 55.8218841], [37.6194141, 55.8218777], [37.6194444, 55.8218733], [37.619474, 55.8218698], [37.6195035, 55.8218669], [37.6195329, 55.8218648], [37.6195617, 55.8218631], [37.6195904, 55.8218619]], [[37.6195904, 55.8218619], [37.6196411, 55.8218613], [37.6197215, 55.82186], [37.6199601, 55.8218596], [37.6213391, 55.8218598], [37.6216494, 55.8218581], [37.6225746, 55.8218533], [37.6232309, 55.8218498], [37.6248767, 55.8218382], [37.6251321, 55.8218364], [37.6257419, 55.8218361], [37.628137, 55.821823], [37.628395, 55.8218218], [37.6286167, 55.8218207], [37.6293166, 55.8218181]], [[37.6293166, 55.8218181], [37.6297555, 55.8218737]], [[37.6297555, 55.8218737], [37.6308429, 55.8220841]], [[37.6308429, 55.8220841], [37.6309151, 55.8220987], [37.6309732, 55.8221096], [37.631359, 55.8221376]], [[37.631359, 55.8221376], [37.6322135, 55.8221247], [37.6336906, 55.8220741], [37.6341742, 55.8220599], [37.634611, 55.8220488], [37.6348512, 55.82204]], [[37.6348512, 55.82204], [37.6349103, 55.8220404], [37.6349645, 55.8220408], [37.6350573, 55.8220626], [37.6350957, 55.8220752], [37.6351948, 55.8221196]], [[37.6351948, 55.8221196], [37.6352872, 55.8221685], [37.6352984, 55.8221732], [37.6354016, 55.8222273], [37.6355549, 55.8223225]], [[37.6355549, 55.8223225], [37.6358671, 55.8225022], [37.6362515, 55.8227165], [37.6365254, 55.8228662]], [[37.6365254, 55.8228662], [37.6368124, 55.8230171], [37.6376169, 55.823421], [37.6378156, 55.82353]], [[37.6378156, 55.82353], [37.6378652, 55.8235545], [37.6379857, 55.8236157], [37.6387399, 55.8240069], [37.6393533, 55.8243166], [37.6395005, 55.8243951], [37.640992, 55.825164], [37.6422676, 55.8258303], [37.6425047, 55.825945], [37.6439343, 55.8266629], [37.6449118, 55.8271784], [37.6450162, 55.8272334], [37.6451337, 55.8272974]], [[37.6451337, 55.8272974], [37.6451732, 55.8273176], [37.6452128, 55.8273351], [37.6452492, 55.8273483], [37.6452899, 55.8273583], [37.6453307, 55.8273635], [37.6453694, 55.8273656], [37.6454079, 55.8273663], [37.6454452, 55.827366], [37.6454894, 55.8273644], [37.6455328, 55.82736], [37.6455727, 55.8273548], [37.6456111, 55.8273481], [37.6456912, 55.8273294]], [[37.6456912, 55.8273294], [37.645764, 55.8273078], [37.6458887, 55.8272703], [37.6460711, 55.8272146], [37.646509, 55.8270846]], [[37.646509, 55.8270846], [37.6472152, 55.8268688]], [[37.6472152, 55.8268688], [37.6478451, 55.8266562], [37.6480821, 55.8265776], [37.6492812, 55.8261722]], [[37.6492812, 55.8261722], [37.6510557, 55.8255809]], [[37.6510557, 55.8255809], [37.6512202, 55.8255152], [37.6514647, 55.8253962], [37.6515553, 55.8253438], [37.6517109, 55.8252499], [37.6518802, 55.8251578], [37.6521574, 55.8250147], [37.6522783, 55.8249706]], [[37.6522783, 55.8249706], [37.6528908, 55.8247516], [37.6531787, 55.8246536], [37.6534982, 55.8245402], [37.6546763, 55.8241368], [37.6548667, 55.8240721], [37.655147, 55.8239769]], [[37.655147, 55.8239769], [37.6556707, 55.8237991], [37.6560497, 55.8236739], [37.6567809, 55.8234255], [37.6570766, 55.8233251], [37.6575317, 55.8231679]], [[37.6575317, 55.8231679], [37.6576805, 55.8231187], [37.6577714, 55.8230905], [37.6586016, 55.8228406], [37.6587556, 55.8227941], [37.6601344, 55.8223722], [37.6602188, 55.8223444], [37.6603717, 55.8222982], [37.6614911, 55.8219602], [37.6623595, 55.8216916], [37.6630405, 55.8214805], [37.6637317, 55.8212794], [37.66392, 55.821225], [37.664362, 55.8210971], [37.6648075, 55.8209702], [37.666235, 55.8205655], [37.6675311, 55.8201789]], [[37.6675311, 55.8201789], [37.6683193, 55.8199586]], [[37.6683193, 55.8199586], [37.6702951, 55.8193767], [37.6708512, 55.8192129], [37.6712839, 55.8190883]], [[37.6712839, 55.8190883], [37.6717701, 55.8189533], [37.6752006, 55.8179841]], [[37.6752006, 55.8179841], [37.6755571, 55.8178998], [37.6757451, 55.8178661]], [[37.6757451, 55.8178661], [37.6769931, 55.8176427], [37.6773825, 55.8175758], [37.6779271, 55.8174889], [37.6780235, 55.8174724], [37.6781503, 55.8174506], [37.678192, 55.8174458]], [[37.678192, 55.8174458], [37.678796, 55.8173411], [37.6789964, 55.8173073], [37.6790898, 55.8172943]], [[37.6790898, 55.8172943], [37.6793578, 55.8172403], [37.6795411, 55.8172012], [37.6797897, 55.8171063]], [[37.6797897, 55.8171063], [37.6801664, 55.816925], [37.6802248, 55.8168974], [37.6810031, 55.8165287], [37.6822215, 55.8159595], [37.6826825, 55.8157455]], [[37.6826825, 55.8157455], [37.6829681, 55.8156392], [37.6832201, 55.8155673], [37.6834083, 55.8155352]], [[37.6834083, 55.8155352], [37.6840045, 55.8154337], [37.6843114, 55.8153883]], [[37.6843114, 55.8153883], [37.6844202, 55.8153879], [37.6844962, 55.8153949], [37.6846285, 55.8154201], [37.684687, 55.8154371], [37.6847651, 55.8154654], [37.6848204, 55.8154961], [37.6848319, 55.8155022], [37.6848766, 55.8155335], [37.6849037, 55.8155536], [37.6849203, 55.8155769], [37.6849577, 55.8156453]], [[37.6849577, 55.8156453], [37.6850736, 55.8158606], [37.6851453, 55.815947], [37.685218, 55.8160014], [37.6853605, 55.8160694], [37.6854597, 55.8161088]], [[37.6854597, 55.8161088], [37.6861606, 55.8163874], [37.6869303, 55.8166933], [37.6873745, 55.8168644]], [[37.6873745, 55.8168644], [37.6878534, 55.8170513]], [[37.6878534, 55.8170513], [37.6879326, 55.8170786], [37.6879699, 55.8170848], [37.6879928, 55.8170855], [37.6880263, 55.8170864], [37.6880341, 55.8170864], [37.6880751, 55.8170864], [37.6881113, 55.8170835], [37.6881579, 55.8170785], [37.6882309, 55.8170647], [37.6883183, 55.8170418]], [[37.6883183, 55.8170418], [37.688762, 55.8169256], [37.6889072, 55.8168877]], [[37.6889072, 55.8168877], [37.6894557, 55.8167445], [37.6901722, 55.8165549]], [[37.6901722, 55.8165549], [37.6903515, 55.8165074], [37.6905926, 55.8164302], [37.6907919, 55.8163577], [37.6912133, 55.8161822]], [[37.6912133, 55.8161822], [37.6923642, 55.8156033]], [[37.6923642, 55.8156033], [37.6924501, 55.8155601], [37.6926237, 55.8154818], [37.6929253, 55.8153466], [37.6930468, 55.8152921]], [[37.6930468, 55.8152921], [37.6934033, 55.8151323], [37.6939724, 55.8148966], [37.6939936, 55.8148875], [37.6944293, 55.8147005], [37.6944603, 55.8146872], [37.6946105, 55.8146126]], [[37.6946105, 55.8146126], [37.6947077, 55.8145627], [37.694908, 55.8144599], [37.6951671, 55.8143074]], [[37.6951671, 55.8143074], [37.6954983, 55.8140389], [37.6956448, 55.8139161]], [[37.6956448, 55.8139161], [37.6956631, 55.8139008], [37.6957068, 55.8138648], [37.6960607, 55.8135732], [37.6960638, 55.8135707], [37.6962798, 55.8133927], [37.6963115, 55.8133666], [37.6967992, 55.8129648]], [[37.6967992, 55.8129648], [37.6968847, 55.8128944], [37.6970153, 55.8128081], [37.6971778, 55.8127006], [37.6973913, 55.8125821], [37.6976347, 55.8124694], [37.6978374, 55.8123893], [37.6978566, 55.8123822], [37.6980073, 55.8123262]], [[37.6980073, 55.8123262], [37.6980914, 55.812295], [37.6981749, 55.812264], [37.6988763, 55.8120035], [37.6997264, 55.8117038], [37.7000951, 55.8115742], [37.7002916, 55.811505], [37.7005273, 55.8114257], [37.7009569, 55.8112811], [37.7011125, 55.8112289]], [[37.7011125, 55.8112289], [37.7013555, 55.8111475], [37.701864, 55.8109526], [37.7019635, 55.8109144], [37.7023787, 55.8107408], [37.7026708, 55.8106096], [37.7030303, 55.8104141], [37.7032096, 55.8103102], [37.7034529, 55.8101641], [37.7038971, 55.809887]], [[37.7038971, 55.809887], [37.7043349, 55.8096211], [37.704462, 55.8095401], [37.7049542, 55.8092262], [37.705232, 55.8090423], [37.7053668, 55.808953]], [[37.7053668, 55.808953], [37.7056105, 55.8087743], [37.7056853, 55.8086619], [37.7057306, 55.8085084]], [[37.7057306, 55.8085084], [37.7058102, 55.8082567], [37.7059788, 55.8077663]], [[37.7059788, 55.8077663], [37.706016, 55.807658], [37.7062274, 55.8071635], [37.7063773, 55.8068412]], [[37.7063773, 55.8068412], [37.7064975, 55.8065407], [37.706886, 55.8055568], [37.7070791, 55.8050389], [37.7071638, 55.8047883], [37.7072009, 55.8046917], [37.7072459, 55.804567], [37.7073918, 55.8041903], [37.7074031, 55.8041613], [37.7074197, 55.8041184], [37.7075077, 55.8039014]], [[37.7075077, 55.8039014], [37.7075425, 55.803803], [37.7076098, 55.8036941], [37.7076521, 55.8036497], [37.7077694, 55.8035265], [37.7079243, 55.8034078], [37.7080661, 55.8033102]], [[37.7080661, 55.8033102], [37.7082302, 55.8032018], [37.7087322, 55.8028841], [37.7088785, 55.8027935], [37.7092053, 55.8025909], [37.7103001, 55.8019213]], [[37.7103001, 55.8019213], [37.7108086, 55.8016102], [37.7108168, 55.8016052], [37.7111304, 55.8014157]], [[37.7111304, 55.8014157], [37.7112456, 55.8013461], [37.7113098, 55.8013065], [37.7115519, 55.8011545]], [[37.7115519, 55.8011545], [37.7118566, 55.8009633], [37.7121979, 55.800709], [37.7122684, 55.8006316], [37.7123854, 55.8005031], [37.7125807, 55.8002617], [37.7128303, 55.799953]], [[37.7128303, 55.799953], [37.7129761, 55.7997677], [37.7130718, 55.7996461], [37.7134678, 55.7991676], [37.7143705, 55.7980677], [37.7146709, 55.7977091]], [[37.7146709, 55.7977091], [37.7147938, 55.7975623], [37.7148351, 55.7975039], [37.7148578, 55.797456], [37.7148692, 55.7974097], [37.7148718, 55.7973671], [37.7148622, 55.7973287], [37.7148383, 55.7972829], [37.7148002, 55.797237], [37.7147553, 55.7971903], [37.7146881, 55.7971375], [37.7144675, 55.7969873], [37.7144055, 55.7969363], [37.7143595, 55.7968817], [37.7143316, 55.7968362], [37.7143141, 55.7967871], [37.7143078, 55.7967401], [37.714306, 55.7966826], [37.7143123, 55.7966125], [37.7143298, 55.7964143], [37.7143392, 55.7963172]], [[37.7143392, 55.7963172], [37.7143445, 55.7962603], [37.7143597, 55.7960987]], [[37.7143597, 55.7960987], [37.7143766, 55.7959676], [37.7143803, 55.7959385], [37.7143877, 55.7958749], [37.7143912, 55.7958446], [37.7144003, 55.7957532], [37.7144282, 55.7955635]], [[37.7144282, 55.7955635], [37.7144321, 55.7955363], [37.7144523, 55.7954166]], [[37.7144523, 55.7954166], [37.7144769, 55.7950884], [37.714532, 55.7945058], [37.7145455, 55.7944321], [37.7146148, 55.7937236], [37.7146412, 55.7934671], [37.7146923, 55.7929672], [37.7147253, 55.7926172]], [[37.7147253, 55.7926172], [37.7147329, 55.7925367], [37.7147646, 55.7924343], [37.7147753, 55.7923998], [37.7148051, 55.7923367], [37.7148418, 55.7922871], [37.7148698, 55.7922547], [37.7149143, 55.7922105]], [[37.7149143, 55.7922105], [37.7150792, 55.7920955], [37.7155894, 55.7917836], [37.7156637, 55.7917314], [37.7157085, 55.791689]], [[37.7157085, 55.791689], [37.7157403, 55.7916512], [37.7157603, 55.7916189], [37.715788, 55.7915545], [37.7158059, 55.7915141], [37.7158318, 55.7914263]], [[37.7158318, 55.7914263], [37.715942, 55.7910532], [37.7160391, 55.7907248], [37.7162644, 55.7900095], [37.7163553, 55.7897146]], [[37.7163553, 55.7897146], [37.7164003, 55.7895678], [37.7164235, 55.7894904], [37.716452, 55.7894087], [37.71656, 55.78897], [37.7165748, 55.7889116], [37.7166555, 55.7886097], [37.7166785, 55.7885228], [37.7167238, 55.7883645], [37.7168255, 55.7880184]], [[37.7168255, 55.7880184], [37.7168507, 55.7879327], [37.7168831, 55.787827]], [[37.7168831, 55.787827], [37.7170015, 55.7874403], [37.7170225, 55.7873695], [37.7170778, 55.7871828]], [[37.7170778, 55.7871828], [37.717152, 55.7869327], [37.7172845, 55.7864856], [37.7173538, 55.786252]], [[37.7173538, 55.786252], [37.7174977, 55.7857697]], [[37.7174977, 55.7857697], [37.7175174, 55.7857059], [37.7175801, 55.7855021], [37.7176173, 55.7853962], [37.7176516, 55.7852699]], [[37.7176516, 55.7852699], [37.7176843, 55.785156], [37.7178032, 55.7847665], [37.7179223, 55.784415], [37.7180196, 55.7841565], [37.7181121, 55.7839093]], [[37.7181121, 55.7839093], [37.7181451, 55.7838165], [37.7181884, 55.7836952], [37.7182248, 55.7836017], [37.7182435, 55.7835538]], [[37.7182435, 55.7835538], [37.7182944, 55.7834231], [37.7183629, 55.7832474], [37.718493, 55.7829295]], [[37.718493, 55.7829295], [37.7187259, 55.7824016], [37.7187357, 55.7823754]], [[37.7187357, 55.7823754], [37.7187681, 55.782329], [37.7188037, 55.7822935], [37.7188536, 55.7822614], [37.7188579, 55.7822598], [37.7189243, 55.7822354], [37.7189353, 55.7822314], [37.719002, 55.7822154], [37.7190726, 55.7822051], [37.7191439, 55.7822013], [37.7191659, 55.782202], [37.7192153, 55.7822037], [37.7194533, 55.7822168]], [[37.7194533, 55.7822168], [37.7194572, 55.782217], [37.7203543, 55.7822559], [37.7211501, 55.7822831], [37.7213478, 55.7822899], [37.7222651, 55.7823245], [37.7225107, 55.7823361], [37.7226825, 55.7823437], [37.724985, 55.782437], [37.7252646, 55.7824483], [37.7262844, 55.7824834], [37.7278425, 55.7825443], [37.7287164, 55.7825785], [37.7297544, 55.782619], [37.7305085, 55.7826485], [37.7306162, 55.7826527], [37.7306642, 55.7826545], [37.730891, 55.7826638], [37.7336072, 55.7827739], [37.7338182, 55.7827826], [37.7356002, 55.7828566], [37.7375326, 55.7829368], [37.7384266, 55.782967], [37.7386359, 55.7829749], [37.738812, 55.7829816], [37.7389677, 55.7829872], [37.7424417, 55.7831166], [37.7426604, 55.783124]], [[37.7426604, 55.783124], [37.7451716, 55.783203]], [[37.7451716, 55.783203], [37.7453743, 55.7832153], [37.7455481, 55.7832433], [37.7456371, 55.7832688], [37.7457097, 55.7832954], [37.7457883, 55.7833398], [37.7458587, 55.7833936], [37.7459168, 55.7834505], [37.7459808, 55.7835448], [37.7460153, 55.7836534], [37.745951, 55.7839731]], [[37.745951, 55.7839731], [37.7459256, 55.784121], [37.7456991, 55.7852834]], [[37.7456991, 55.7852834], [37.7457037, 55.785405], [37.7457377, 55.7854678], [37.7458475, 55.7855826], [37.7460276, 55.7856949]], [[37.7460276, 55.7856949], [37.7472721, 55.7863728]], [[37.7472721, 55.7863728], [37.7474997, 55.7864708], [37.7476099, 55.7864838], [37.7477115, 55.7864957], [37.7479481, 55.7865006]], [[37.7479481, 55.7865006], [37.748009, 55.7865019], [37.7506449, 55.7865575], [37.7508995, 55.786562], [37.7510841, 55.7865639], [37.751298, 55.7865673], [37.7546865, 55.7865978], [37.7585064, 55.7866788], [37.7595771, 55.7867068], [37.7616821, 55.7867695]], [[37.7616821, 55.7867695], [37.7617577, 55.786772], [37.7622421, 55.7867878], [37.7623962, 55.786815], [37.7625161, 55.7868655], [37.7625255, 55.7868695], [37.7626, 55.7869461], [37.7626048, 55.7869509], [37.7626386, 55.7870389], [37.7626169, 55.7871196], [37.7625969, 55.7871987]], [[37.7625969, 55.7871987], [37.7624808, 55.7876587], [37.762473, 55.7876897], [37.7623863, 55.7880363]], [[37.7623863, 55.7880363], [37.7623521, 55.7881729], [37.7623543, 55.7881902], [37.7623623, 55.7882533], [37.7623814, 55.7882726], [37.7624197, 55.7883111], [37.7625158, 55.788356], [37.7625428, 55.7883663], [37.7626315, 55.7883968], [37.7627374, 55.7884129], [37.7629229, 55.7884304]], [[37.7629229, 55.7884304], [37.763318, 55.788463], [37.7637939, 55.7885106], [37.7643276, 55.7885726], [37.7648952, 55.7886466]], [[37.7648952, 55.7886466], [37.7655663, 55.788759], [37.766175, 55.7888693], [37.76678, 55.7889955], [37.7673672, 55.7891345], [37.7679536, 55.7892824], [37.7684823, 55.7894344]], [[37.7684823, 55.7894344], [37.7697563, 55.7898195], [37.7703351, 55.7899893], [37.770593, 55.7900674], [37.771396, 55.7903089], [37.7715075, 55.7903425], [37.7716901, 55.7904007], [37.7721869, 55.7905504], [37.7727459, 55.7907205], [37.7743531, 55.7912041], [37.7744125, 55.791222], [37.7751607, 55.7914472], [37.7753752, 55.7915108], [37.7755641, 55.791566], [37.7760682, 55.7917163]], [[37.7760682, 55.7917163], [37.776908, 55.7919599], [37.7770778, 55.7919972], [37.77726, 55.7920278], [37.7774233, 55.7920538], [37.7775467, 55.7920708]], [[37.7775467, 55.7920708], [37.778545, 55.7922097], [37.7787307, 55.7922355], [37.7797079, 55.7923714], [37.77986, 55.7923924], [37.780091, 55.7924274], [37.7809477, 55.7925472], [37.7815068, 55.792631], [37.7817573, 55.7926665], [37.7824857, 55.7927698]], [[37.7824857, 55.7927698], [37.7828368, 55.7928165], [37.7830116, 55.7928352], [37.7831576, 55.7928492], [37.7835367, 55.7928778]], [[37.7835367, 55.7928778], [37.7839766, 55.7929143], [37.7841122, 55.792926], [37.7841662, 55.7929306], [37.7848267, 55.7929809]], [[37.7848267, 55.7929809], [37.7850786, 55.7929903], [37.7857537, 55.7930035], [37.7858719, 55.7930053]], [[37.7858719, 55.7930053], [37.7871474, 55.7930263], [37.7875839, 55.793031]], [[37.7875839, 55.793031], [37.7880359, 55.7930401], [37.788251, 55.7930427], [37.7884232, 55.7930456], [37.7891373, 55.7930591], [37.7893876, 55.7930649], [37.7903057, 55.7931055], [37.7905882, 55.7931162], [37.7907883, 55.7931237], [37.7910341, 55.7931312]], [[37.7910341, 55.7931312], [37.792832, 55.7931676], [37.7935316, 55.7931818], [37.7938785, 55.7931885], [37.7940387, 55.7931923], [37.7941813, 55.7931945], [37.7948796, 55.7932051], [37.7949697, 55.7932065], [37.7950685, 55.7932086], [37.7960839, 55.7932299], [37.7965865, 55.7932414]], [[37.7965865, 55.7932414], [37.7967413, 55.7932428], [37.7968482, 55.7932446], [37.7972261, 55.7932497], [37.7975521, 55.7932468], [37.797971, 55.7932381], [37.7980261, 55.793237], [37.7987014, 55.7932271], [37.799228, 55.7932317]], [[37.799228, 55.7932317], [37.7994551, 55.793231], [37.7997513, 55.7932323], [37.800666, 55.7932507], [37.8009297, 55.793256], [37.8014233, 55.7932659], [37.8024508, 55.7932817], [37.8033616, 55.7932966], [37.8034525, 55.7932981], [37.8042984, 55.7933118], [37.8051898, 55.7933266], [37.8054222, 55.7933301], [37.8055783, 55.7933333], [37.805757, 55.7933373], [37.8065758, 55.7933523], [37.8068472, 55.7933573], [37.8078107, 55.793375], [37.8087888, 55.7933923], [37.809458, 55.7934042], [37.8101408, 55.7934175], [37.8102657, 55.7934199], [37.8104859, 55.7934254], [37.8115123, 55.7934431], [37.8122798, 55.7934563], [37.8125296, 55.7934609], [37.8126396, 55.7934629], [37.8128081, 55.7934661], [37.8130744, 55.7934709], [37.8133823, 55.7934768], [37.8137904, 55.7934846], [37.8146307, 55.7935007], [37.8147446, 55.7935024], [37.815552, 55.7935128], [37.8164996, 55.79353], [37.817226, 55.79354]], [[37.817226, 55.79354], [37.8179875, 55.7935503], [37.819038, 55.7935674], [37.8192121, 55.7935699]], [[37.8192121, 55.7935699], [37.819361, 55.7935717], [37.8202296, 55.7935885]]]}, "properties": {"route": 11, "direction": 0, "name": "Трамвай 11: Усадьба Останкино => 15-я Парковая улица", "osm_relation": 918052}}, {"type": "Feature", "geometry": {"type": "MultiLineString", "coordinates": [[[37.820891, 55.7936335], [37.8206071, 55.7936283], [37.8196049, 55.7936098], [37.8193592, 55.7936046], [37.8192113, 55.7936026]], [[37.8192113, 55.7936026], [37.819038, 55.7935995], [37.818272, 55.7935877], [37.817986, 55.7935833], [37.8172182, 55.7935715]], [[37.8172182, 55.7935715], [37.8164973, 55.7935625], [37.8155502, 55.7935482], [37.8147403, 55.7935334], [37.8146302, 55.7935318], [37.8137886, 55.7935169], [37.8130701, 55.7935041], [37.8128051, 55.7934965], [37.8126379, 55.7934946], [37.8125278, 55.7934933], [37.8118479, 55.7934805], [37.8115107, 55.7934741], [37.8104843, 55.7934547], [37.8102662, 55.7934488], [37.8101394, 55.7934466], [37.8094552, 55.7934349], [37.8093294, 55.7934328], [37.8087874, 55.7934235], [37.8078071, 55.7934066], [37.8068453, 55.7933901], [37.8060375, 55.7933762], [37.8057554, 55.7933711], [37.8055767, 55.7933683], [37.8054217, 55.7933656], [37.8051668, 55.7933609], [37.8045229, 55.7933493], [37.8042967, 55.7933452], [37.8034518, 55.7933309], [37.8033604, 55.7933293], [37.8024489, 55.7933123], [37.8022002, 55.7933075], [37.8009275, 55.7932877], [37.8001328, 55.7932754], [37.7997485, 55.7932678], [37.7994538, 55.7932649], [37.7992282, 55.7932648]], [[37.7992282, 55.7932648], [37.7986143, 55.7932618], [37.7983325, 55.7932646], [37.7980306, 55.7932676], [37.7979722, 55.7932691], [37.7975576, 55.7932794], [37.7972278, 55.7932804], [37.7968469, 55.793277], [37.7967398, 55.7932756], [37.7965857, 55.7932724]], [[37.7965857, 55.7932724], [37.7950674, 55.7932422], [37.7943911, 55.7932288], [37.7941804, 55.7932247], [37.7940377, 55.7932209], [37.7938777, 55.793218], [37.7935304, 55.7932133], [37.7930404, 55.7932036], [37.79283, 55.7931995], [37.7910303, 55.793164]], [[37.7910303, 55.793164], [37.7908151, 55.793157], [37.7905866, 55.7931483], [37.7902984, 55.7931373], [37.7893859, 55.793097], [37.7887497, 55.793079], [37.7884221, 55.7930739], [37.7882531, 55.7930724], [37.7880347, 55.7930706], [37.78758, 55.7930642]], [[37.78758, 55.7930642], [37.7873217, 55.7930605], [37.7871464, 55.793058], [37.7858708, 55.7930398]], [[37.7858708, 55.7930398], [37.7857519, 55.7930374], [37.7850746, 55.7930235], [37.7848177, 55.7930122]], [[37.7848177, 55.7930122], [37.7841034, 55.7929557], [37.783984, 55.7929462], [37.7835264, 55.7929082]], [[37.7835264, 55.7929082], [37.7831481, 55.7928799], [37.7829982, 55.7928647], [37.7828271, 55.7928453], [37.7824714, 55.792799]], [[37.7824714, 55.792799], [37.7819983, 55.7927325], [37.7817429, 55.7926966], [37.7814894, 55.792661], [37.7809332, 55.7925783], [37.7800765, 55.7924597], [37.7798458, 55.792424], [37.7796938, 55.7924033], [37.7787147, 55.7922675], [37.7775309, 55.7921034]], [[37.7775309, 55.7921034], [37.7774091, 55.7920846], [37.7772505, 55.7920584], [37.7770865, 55.79203], [37.7768975, 55.7919912], [37.776044, 55.7917426]], [[37.776044, 55.7917426], [37.7755426, 55.791596], [37.7753489, 55.7915396], [37.7746675, 55.7913317], [37.774388, 55.7912476], [37.7743278, 55.7912295], [37.7727212, 55.7907464], [37.7721481, 55.7905727], [37.7716669, 55.7904275], [37.7714786, 55.7903716], [37.771064, 55.7902485], [37.7706495, 55.7901232], [37.7705629, 55.7900968], [37.7703072, 55.7900193], [37.7697311, 55.7898452], [37.7684548, 55.7894615]], [[37.7684548, 55.7894615], [37.7679215, 55.7893087], [37.7673465, 55.7891582], [37.766758, 55.7890184], [37.7661579, 55.7888975], [37.765556, 55.7887859], [37.7648475, 55.7886733]], [[37.7648475, 55.7886733], [37.7643084, 55.7886032], [37.7637879, 55.7885428], [37.7633013, 55.7884944], [37.7629133, 55.7884618]], [[37.7629133, 55.7884618], [37.7627124, 55.7884432], [37.7625972, 55.7884256], [37.7624727, 55.7883786], [37.7624623, 55.7883741], [37.7623598, 55.7883298], [37.7623487, 55.7883164], [37.7622996, 55.7882567], [37.7622914, 55.7881912], [37.7622895, 55.7881763], [37.7623267, 55.7880297]], [[37.7623267, 55.7880297], [37.7624134, 55.7876876], [37.7624219, 55.7876544], [37.7625436, 55.787192]], [[37.7625436, 55.787192], [37.7625641, 55.787114], [37.7625776, 55.7870394], [37.7625628, 55.7870047], [37.7625466, 55.7869665], [37.7624995, 55.7869251], [37.7624746, 55.7869033], [37.7623697, 55.786857], [37.7622434, 55.7868327], [37.761749, 55.7868176], [37.7616691, 55.7868151]], [[37.7616691, 55.7868151], [37.7603431, 55.7867745], [37.7595733, 55.7867516], [37.758503, 55.7867236], [37.7546843, 55.7866428], [37.7512977, 55.7866123], [37.7511246, 55.7866072], [37.7508629, 55.7866071], [37.7508019, 55.7866045], [37.7503191, 55.7865953], [37.7480683, 55.7865482], [37.7479506, 55.7865457]], [[37.7479506, 55.7865457], [37.7477016, 55.7865405], [37.747605, 55.7865291], [37.7475312, 55.7865209], [37.7474422, 55.7865026], [37.7472235, 55.7864084]], [[37.7472235, 55.7864084], [37.7459798, 55.7857205]], [[37.7459798, 55.7857205], [37.7458371, 55.7856289], [37.7456827, 55.7854864], [37.7456465, 55.7854068], [37.7456407, 55.785278]], [[37.7456407, 55.785278], [37.745862, 55.784116], [37.7458895, 55.7839713]], [[37.7458895, 55.7839713], [37.7459533, 55.7836547], [37.7459122, 55.7835503], [37.7458519, 55.7834621], [37.7458005, 55.7834164], [37.7457535, 55.7833783], [37.7456189, 55.7833], [37.7455893, 55.7832913], [37.7455265, 55.7832728], [37.7453622, 55.7832447], [37.7451695, 55.7832311]], [[37.7451695, 55.7832311], [37.7440778, 55.783207], [37.7426639, 55.7831545]], [[37.7426639, 55.7831545], [37.742439, 55.7831464], [37.7391403, 55.7830217], [37.7389641, 55.7830154], [37.7388084, 55.7830091], [37.7386332, 55.7830036], [37.7375359, 55.7829643], [37.7355963, 55.7828842], [37.7338144, 55.7828106], [37.7336039, 55.7828019], [37.7310291, 55.7826955], [37.7308884, 55.7826901], [37.7306551, 55.7826815], [37.7305048, 55.7826757], [37.7287127, 55.7826077], [37.7252612, 55.7824725], [37.7249825, 55.7824616], [37.7227405, 55.7823687], [37.7226787, 55.7823656], [37.7225092, 55.7823578], [37.7222632, 55.7823489], [37.7220274, 55.7823404], [37.7218825, 55.7823353], [37.7213594, 55.7823168], [37.7211466, 55.7823093], [37.720349, 55.7822811], [37.7194545, 55.7822464], [37.7194481, 55.7822462]], [[37.7194481, 55.7822462], [37.7192039, 55.7822377], [37.7191423, 55.7822375], [37.7190853, 55.7822413], [37.7190209, 55.7822526], [37.7189653, 55.7822666], [37.7189162, 55.7822873], [37.7189036, 55.7822926], [37.7188539, 55.7823197], [37.7188228, 55.7823486], [37.7187937, 55.782387]], [[37.7187937, 55.782387], [37.7187794, 55.7824092], [37.7186968, 55.7826022], [37.7185522, 55.78294]], [[37.7185522, 55.78294], [37.7184208, 55.7832552], [37.7183203, 55.783506], [37.7182992, 55.7835587]], [[37.7182992, 55.7835587], [37.7182781, 55.7836113], [37.718247, 55.7837002], [37.7181691, 55.7839118]], [[37.7181691, 55.7839118], [37.7181678, 55.7839155], [37.718073, 55.7841614], [37.7179759, 55.7844208], [37.7178588, 55.7847718], [37.7177375, 55.7851604], [37.7177033, 55.7852753]], [[37.7177033, 55.7852753], [37.7176316, 55.7855061], [37.7175718, 55.7857113], [37.7175506, 55.785784]], [[37.7175506, 55.785784], [37.7174128, 55.7862575]], [[37.7174128, 55.7862575], [37.7172147, 55.7869385], [37.7171421, 55.7871881]], [[37.7171421, 55.7871881], [37.717085, 55.7873754], [37.7170634, 55.7874465], [37.7169444, 55.7878286]], [[37.7169444, 55.7878286], [37.7169169, 55.7879169], [37.7168855, 55.7880269]], [[37.7168855, 55.7880269], [37.7167877, 55.7883691], [37.7167177, 55.788615], [37.7166391, 55.7889158], [37.7166231, 55.7889747], [37.7165149, 55.7894133], [37.7164928, 55.7894968], [37.716469, 55.7895738], [37.7164233, 55.7897218]], [[37.7164233, 55.7897218], [37.7163314, 55.7900148], [37.7161179, 55.7907322], [37.7160279, 55.7910412], [37.7159056, 55.7914332]], [[37.7159056, 55.7914332], [37.7158623, 55.7915649], [37.7158353, 55.79162], [37.7158107, 55.791653], [37.7157892, 55.7916803], [37.7157628, 55.7917076]], [[37.7157628, 55.7917076], [37.7157122, 55.7917544], [37.7156361, 55.7918078], [37.7151263, 55.7921194], [37.7149655, 55.7922308]], [[37.7149655, 55.7922308], [37.7149246, 55.7922677], [37.714894, 55.7923024], [37.7148597, 55.7923488], [37.7148379, 55.7923929], [37.7148231, 55.7924355], [37.7147854, 55.7925437], [37.7147775, 55.7926207]], [[37.7147775, 55.7926207], [37.714742, 55.7929689], [37.714691, 55.7934688], [37.7146649, 55.793725], [37.7146054, 55.7944336], [37.7145955, 55.7945077], [37.7145402, 55.7950902], [37.7145088, 55.7954176]], [[37.7145088, 55.7954176], [37.7144926, 55.7955482]], [[37.7144926, 55.7955482], [37.7144681, 55.7957005], [37.7144581, 55.7957641], [37.714441, 55.7958544], [37.7144371, 55.7958848], [37.7144299, 55.7959515], [37.7144108, 55.7961005]], [[37.7144108, 55.7961005], [37.7143968, 55.7962487], [37.7143896, 55.7963252], [37.7143804, 55.7964206], [37.7143633, 55.7966139], [37.7143572, 55.796683], [37.714359, 55.7967387], [37.7143649, 55.7967833], [37.714381, 55.7968286], [37.7144102, 55.796876], [37.71445, 55.7969219], [37.7145085, 55.7969701], [37.7147287, 55.79712], [37.7147987, 55.7971751], [37.714846, 55.797224], [37.7148863, 55.7972727], [37.7149124, 55.7973227], [37.714923, 55.7973655], [37.7149202, 55.7974121], [37.714908, 55.7974616], [37.7148837, 55.7975129], [37.7148408, 55.7975737], [37.7147171, 55.7977213]], [[37.7147171, 55.7977213], [37.7144167, 55.7980799], [37.7135242, 55.7991775], [37.7135173, 55.799186], [37.7131195, 55.7996568], [37.713023, 55.7997792], [37.7128765, 55.7999654]], [[37.7128765, 55.7999654], [37.7126904, 55.8001894], [37.7124316, 55.8005155], [37.7122415, 55.8007244], [37.7118962, 55.8009815], [37.7115876, 55.801175]], [[37.7115876, 55.801175], [37.7113527, 55.8013223], [37.7112834, 55.8013655], [37.7112582, 55.8013807], [37.7111678, 55.8014353]], [[37.7111678, 55.8014353], [37.7108543, 55.8016247], [37.7103377, 55.8019407]], [[37.7103377, 55.8019407], [37.7092431, 55.8026103], [37.7089172, 55.8028123], [37.7087687, 55.8029044], [37.7081126, 55.8033258]], [[37.7081126, 55.8033258], [37.7079663, 55.8034242], [37.707813, 55.8035415], [37.707658, 55.8037051], [37.7075917, 55.8038092], [37.7075548, 55.8039096]], [[37.7075548, 55.8039096], [37.7074677, 55.8041296], [37.7074418, 55.8041964], [37.7072979, 55.8045675], [37.7072509, 55.8046979], [37.707196, 55.8048502], [37.7071625, 55.8049534], [37.7069549, 55.8055145], [37.7064271, 55.8068477]], [[37.7064271, 55.8068477], [37.7063564, 55.8070055], [37.7062113, 55.8073305], [37.7060661, 55.8076639], [37.7060292, 55.8077722]], [[37.7060292, 55.8077722], [37.7060095, 55.8078301], [37.7058492, 55.8082983], [37.7057808, 55.808514]], [[37.7057808, 55.808514], [37.705752, 55.8086105], [37.7057339, 55.8086713], [37.7056554, 55.8087881], [37.7054082, 55.80897]], [[37.7054082, 55.80897], [37.7052706, 55.8090627], [37.7049926, 55.8092452], [37.7043721, 55.8096409], [37.7039343, 55.8099066]], [[37.7039343, 55.8099066], [37.7034895, 55.8101841], [37.7032461, 55.8103304], [37.7030661, 55.8104347], [37.7030289, 55.8104549], [37.7027042, 55.8106314], [37.7024099, 55.8107636], [37.7019933, 55.8109378], [37.7013883, 55.8111697], [37.7011364, 55.8112543]], [[37.7011364, 55.8112543], [37.7003645, 55.8115135], [37.7001218, 55.8115988], [37.6997537, 55.8117281], [37.6993583, 55.8118675], [37.698905, 55.8120273], [37.6980349, 55.8123504]], [[37.6980349, 55.8123504], [37.6978885, 55.8124048], [37.6978554, 55.8124171], [37.6975726, 55.8125354], [37.6974257, 55.8126035], [37.6972154, 55.8127202], [37.6969255, 55.8129118], [37.6968341, 55.8129871]], [[37.6968341, 55.8129871], [37.695813, 55.8138283], [37.695749, 55.813881], [37.6956847, 55.8139346]], [[37.6956847, 55.8139346], [37.6955395, 55.8140559], [37.695305, 55.8142584], [37.6952196, 55.8143321]], [[37.6952196, 55.8143321], [37.6951888, 55.8143484], [37.6950717, 55.8144156], [37.694872, 55.8145237], [37.694746, 55.8145881], [37.694657, 55.8146335]], [[37.694657, 55.8146335], [37.6946143, 55.8146529], [37.6945003, 55.8147046], [37.6941724, 55.8148527], [37.6932607, 55.8152297], [37.6930753, 55.8153126]], [[37.6930753, 55.8153126], [37.6928658, 55.8154063], [37.692654, 55.815501], [37.6924848, 55.8155813], [37.6923915, 55.8156282]], [[37.6923915, 55.8156282], [37.6912227, 55.8162158]], [[37.6912227, 55.8162158], [37.6908203, 55.8163862], [37.6905622, 55.8164869], [37.6901988, 55.8165828], [37.6893623, 55.8168065], [37.6889094, 55.8169254]], [[37.6889094, 55.8169254], [37.6887896, 55.8169569], [37.6883502, 55.8170727]], [[37.6883502, 55.8170727], [37.6882512, 55.8170988], [37.6881742, 55.8171133], [37.6881219, 55.817119], [37.6881106, 55.8171199], [37.6880796, 55.8171224], [37.6880246, 55.8171224], [37.6879589, 55.8171205], [37.6879483, 55.8171187], [37.6879073, 55.8171118], [37.6878128, 55.8170817]], [[37.6878128, 55.8170817], [37.6873338, 55.8168948]], [[37.6873338, 55.8168948], [37.6868918, 55.8167191], [37.6861267, 55.8164128], [37.6854323, 55.8161347]], [[37.6854323, 55.8161347], [37.6853263, 55.8160923], [37.6851826, 55.8160228], [37.6850959, 55.8159648], [37.6850189, 55.8158643], [37.6849464, 55.815722], [37.6849095, 55.8156503]], [[37.6849095, 55.8156503], [37.6848737, 55.8155984], [37.6848341, 55.8155568], [37.6848211, 55.8155438], [37.6847865, 55.8155201], [37.6847326, 55.8154911], [37.684682, 55.8154699], [37.6846299, 55.8154513], [37.6845342, 55.815434], [37.6844704, 55.8154225], [37.684411, 55.8154195], [37.684298, 55.8154188]], [[37.684298, 55.8154188], [37.6840185, 55.8154595], [37.6834165, 55.8155622]], [[37.6834165, 55.8155622], [37.6832413, 55.8155921], [37.6829998, 55.815663], [37.6827153, 55.8157697]], [[37.6827153, 55.8157697], [37.6822498, 55.8159769], [37.6810322, 55.816548], [37.6802554, 55.8169177], [37.6801941, 55.8169469], [37.6798171, 55.8171284]], [[37.6798171, 55.8171284], [37.6795606, 55.8172245], [37.6793792, 55.8172682], [37.6791956, 55.8173048]], [[37.6791956, 55.8173048], [37.679104, 55.8173207], [37.6786682, 55.8173939], [37.6782503, 55.8174644], [37.6782061, 55.8174723]], [[37.6782061, 55.8174723], [37.6781657, 55.8174768], [37.6780508, 55.8174972], [37.6779409, 55.8175159], [37.6773914, 55.8176042], [37.677008, 55.8176686], [37.6757551, 55.817893]], [[37.6757551, 55.817893], [37.6755753, 55.8179252], [37.6752199, 55.8180099]], [[37.6752199, 55.8180099], [37.6717951, 55.8189839], [37.6713237, 55.8191196], [37.6708809, 55.8192439], [37.6703217, 55.8194063], [37.6683399, 55.819982]], [[37.6683399, 55.819982], [37.6675517, 55.8202023]], [[37.6675517, 55.8202023], [37.666971, 55.8203746]], [[37.666971, 55.8203746], [37.6662554, 55.820587], [37.6643745, 55.821121], [37.6639406, 55.8212474], [37.6638334, 55.8212787], [37.6630613, 55.821503], [37.6623831, 55.8217157], [37.6621394, 55.8217922]], [[37.6621394, 55.8217922], [37.6603941, 55.8223231], [37.6602433, 55.822369], [37.6601573, 55.8223949], [37.6587751, 55.8228134], [37.658004, 55.8230517], [37.6577049, 55.8231418], [37.6575533, 55.8231893], [37.6570983, 55.823347], [37.656802, 55.8234462], [37.656071, 55.823691], [37.6556936, 55.8238193], [37.655169, 55.8239973], [37.6548882, 55.8240926], [37.6546979, 55.8241572], [37.6535179, 55.8245585], [37.6531976, 55.8246721], [37.6529125, 55.82477], [37.6523865, 55.8249588]], [[37.6523865, 55.8249588], [37.6521787, 55.8250329], [37.651902, 55.8251761], [37.6517306, 55.8252709], [37.65158, 55.8253624], [37.6514939, 55.8254128]], [[37.6514939, 55.8254128], [37.6512415, 55.8255392], [37.6510862, 55.8256021]], [[37.6510862, 55.8256021], [37.6493028, 55.8261954], [37.6487246, 55.8263898], [37.6481059, 55.8266011], [37.6478807, 55.826674], [37.6478676, 55.8266778], [37.6472416, 55.8268958]], [[37.6472416, 55.8268958], [37.647011, 55.8269703], [37.6467201, 55.8270603], [37.6465431, 55.8271112]], [[37.6465431, 55.8271112], [37.6460967, 55.8272421], [37.645915, 55.8272976], [37.64579, 55.8273352], [37.6457148, 55.8273575]], [[37.6457148, 55.8273575], [37.6456299, 55.8273773], [37.6455873, 55.8273847], [37.645544, 55.8273904], [37.645496, 55.8273952], [37.6454474, 55.827397], [37.6454075, 55.8273974], [37.6453658, 55.8273966], [37.6453218, 55.8273942], [37.6452725, 55.8273878], [37.645223, 55.8273757], [37.6451806, 55.8273603], [37.6451594, 55.827351], [37.6451376, 55.8273413], [37.6450816, 55.8273132]], [[37.6450816, 55.8273132], [37.6449611, 55.8272486], [37.6448634, 55.827197], [37.6438898, 55.8266829], [37.6424669, 55.825969], [37.6422645, 55.8258729], [37.640954, 55.8251882], [37.6394613, 55.8244197], [37.6393153, 55.8243398], [37.6382716, 55.8238048], [37.6379487, 55.8236393], [37.6378267, 55.8235775], [37.6377757, 55.8235523]], [[37.6377757, 55.8235523], [37.6375808, 55.8234443], [37.6367828, 55.8230383], [37.6364987, 55.8228891]], [[37.6364987, 55.8228891], [37.6362269, 55.8227372], [37.6358411, 55.8225203], [37.6355305, 55.8223414]], [[37.6355305, 55.8223414], [37.6353817, 55.8222477], [37.6352778, 55.8221929], [37.6352701, 55.8221889], [37.6351747, 55.8221411]], [[37.6351747, 55.8221411], [37.6350787, 55.8220934], [37.6350392, 55.8220779], [37.6349545, 55.8220596], [37.634895, 55.8220612], [37.6348418, 55.8220626]], [[37.6348418, 55.8220626], [37.6346094, 55.8220703], [37.6341704, 55.8220839], [37.6339085, 55.822092], [37.6322627, 55.8221416], [37.6314423, 55.8221685]], [[37.6314423, 55.8221685], [37.6311844, 55.8221579], [37.630943, 55.8221282], [37.630911, 55.822122]], [[37.630911, 55.822122], [37.63084, 55.8221086], [37.6297488, 55.8218981]], [[37.6297488, 55.8218981], [37.62929, 55.8218369]], [[37.62929, 55.8218369], [37.6286054, 55.8218406], [37.6283954, 55.8218427], [37.6257074, 55.8218574], [37.6251319, 55.8218585], [37.6248787, 55.8218607], [37.6232206, 55.8218809], [37.6225747, 55.8218839], [37.6221282, 55.8218859], [37.62165, 55.821888], [37.6199602, 55.8218893], [37.6197228, 55.8218894], [37.6196422, 55.8218905], [37.6195926, 55.8218914]], [[37.6195926, 55.8218914], [37.6195652, 55.8218921], [37.6195378, 55.8218934], [37.6195101, 55.8218949], [37.6194828, 55.8218973], [37.6194539, 55.8219004], [37.6194271, 55.8219041], [37.6194009, 55.8219091], [37.6193765, 55.8219155], [37.6193526, 55.8219223], [37.61933, 55.8219306], [37.6193083, 55.8219389], [37.6192898, 55.8219471], [37.6192706, 55.8219568], [37.6192532, 55.8219668], [37.6192365, 55.8219792], [37.6192216, 55.8219917], [37.6192085, 55.8220044], [37.6191986, 55.8220169], [37.6191887, 55.822031], [37.6191814, 55.822046], [37.6191753, 55.8220605], [37.6191703, 55.8220747], [37.6191678, 55.8220889], [37.6191662, 55.8221031], [37.6191655, 55.8221174], [37.6191652, 55.8221304], [37.6191539, 55.8223868], [37.6191526, 55.8224065], [37.6191514, 55.8224252], [37.6191493, 55.8224446], [37.6191463, 55.8224656], [37.6191426, 55.822483], [37.6191362, 55.822502], [37.6191296, 55.8225195], [37.6191223, 55.8225361], [37.6191111, 55.8225529], [37.6190965, 55.8225692], [37.6190778, 55.8225848], [37.6190558, 55.8225995], [37.6190286, 55.8226123], [37.6190002, 55.8226228], [37.6189704, 55.8226324], [37.6189366, 55.8226409], [37.6189037, 55.8226466], [37.6188718, 55.8226509], [37.6188391, 55.8226543], [37.6188066, 55.8226567]], [[37.6188066, 55.8226567], [37.6184513, 55.8226763], [37.6178431, 55.8227071], [37.6172291, 55.8227374]]]}, "properties": {"route": 11, "direction": 1, "name": "Трамвай 11: Восточное Измайлово => Усадьба Останкино", "osm_relation": 920053}}, {"type": "Feature", "geometry": {"type": "MultiLineString", "coordinates": [[[37.820891, 55.7936335], [37.8206071, 55.7936283], [37.8196049, 55.7936098], [37.8193592, 55.7936046], [37.8192113, 55.7936026]], [[37.8192113, 55.7936026], [37.819038, 55.7935995], [37.818272, 55.7935877], [37.817986, 55.7935833], [37.8172182, 55.7935715]], [[37.8172182, 55.7935715], [37.8164973, 55.7935625], [37.8155502, 55.7935482], [37.8147403, 55.7935334], [37.8146302, 55.7935318], [37.8137886, 55.7935169], [37.8130701, 55.7935041], [37.8128051, 55.7934965], [37.8126379, 55.7934946], [37.8125278, 55.7934933], [37.8118479, 55.7934805], [37.8115107, 55.7934741], [37.8104843, 55.7934547], [37.8102662, 55.7934488], [37.8101394, 55.7934466], [37.8094552, 55.7934349], [37.8093294, 55.7934328], [37.8087874, 55.7934235], [37.8078071, 55.7934066], [37.8068453, 55.7933901], [37.8060375, 55.7933762], [37.8057554, 55.7933711], [37.8055767, 55.7933683], [37.8054217, 55.7933656], [37.8051668, 55.7933609], [37.8045229, 55.7933493], [37.8042967, 55.7933452], [37.8034518, 55.7933309], [37.8033604, 55.7933293], [37.8024489, 55.7933123], [37.8022002, 55.7933075], [37.8009275, 55.7932877], [37.8001328, 55.7932754], [37.7997485, 55.7932678], [37.7994538, 55.7932649], [37.7992282, 55.7932648]], [[37.7992282, 55.7932648], [37.7986143, 55.7932618], [37.7983325, 55.7932646], [37.7980306, 55.7932676], [37.7979722, 55.7932691], [37.7975576, 55.7932794], [37.7972278, 55.7932804], [37.7968469, 55.793277], [37.7967398, 55.7932756], [37.7965857, 55.7932724]], [[37.7965857, 55.7932724], [37.7950674, 55.7932422], [37.7943911, 55.7932288], [37.7941804, 55.7932247], [37.7940377, 55.7932209], [37.7938777, 55.793218], [37.7935304, 55.7932133], [37.7930404, 55.7932036], [37.79283, 55.7931995], [37.7910303, 55.793164]], [[37.7910303, 55.793164], [37.7908151, 55.793157], [37.7905866, 55.7931483], [37.7902984, 55.7931373], [37.7893859, 55.793097], [37.7887497, 55.793079], [37.7884221, 55.7930739], [37.7882531, 55.7930724], [37.7880347, 55.7930706], [37.78758, 55.7930642]], [[37.78758, 55.7930642], [37.7873217, 55.7930605], [37.7871464, 55.793058], [37.7858708, 55.7930398]], [[37.7858708, 55.7930398], [37.7857519, 55.7930374], [37.7850746, 55.7930235], [37.7848177, 55.7930122]], [[37.7848177, 55.7930122], [37.7841034, 55.7929557], [37.783984, 55.7929462], [37.7835264, 55.7929082]], [[37.7835264, 55.7929082], [37.7831481, 55.7928799], [37.7829982, 55.7928647], [37.7828271, 55.7928453], [37.7824714, 55.792799]], [[37.7824714, 55.792799], [37.7819983, 55.7927325], [37.7817429, 55.7926966], [37.7814894, 55.792661], [37.7809332, 55.7925783], [37.7800765, 55.7924597], [37.7798458, 55.792424], [37.7796938, 55.7924033], [37.7787147, 55.7922675], [37.7775309, 55.7921034]], [[37.7775309, 55.7921034], [37.7774091, 55.7920846], [37.7772505, 55.7920584], [37.7770865, 55.79203], [37.7768975, 55.7919912], [37.776044, 55.7917426]], [[37.776044, 55.7917426], [37.7755426, 55.791596], [37.7753489, 55.7915396], [37.7746675, 55.7913317], [37.774388, 55.7912476], [37.7743278, 55.7912295], [37.7727212, 55.7907464], [37.7721481, 55.7905727], [37.7716669, 55.7904275], [37.7714786, 55.7903716], [37.771064, 55.7902485], [37.7706495, 55.7901232], [37.7705629, 55.7900968], [37.7703072, 55.7900193], [37.7697311, 55.7898452], [37.7684548, 55.7894615]], [[37.7684548, 55.7894615], [37.7679215, 55.7893087], [37.7673465, 55.7891582], [37.766758, 55.7890184], [37.7661579, 55.7888975], [37.765556, 55.7887859], [37.7648475, 55.7886733]], [[37.7648475, 55.7886733], [37.7643084, 55.7886032], [37.7637879, 55.7885428], [37.7633013, 55.7884944], [37.7629133, 55.7884618]], [[37.7629133, 55.7884618], [37.7627124, 55.7884432], [37.7625972, 55.7884256], [37.7624727, 55.7883786], [37.7624623, 55.7883741], [37.7623598, 55.7883298], [37.7623487, 55.7883164], [37.7622996, 55.7882567], [37.7622914, 55.7881912], [37.7622895, 55.7881763], [37.7623267, 55.7880297]], [[37.7623267, 55.7880297], [37.7624134, 55.7876876], [37.7624219, 55.7876544], [37.7625436, 55.787192]], [[37.7625436, 55.787192], [37.7625641, 55.787114], [37.7625776, 55.7870394], [37.7625628, 55.7870047], [37.7625466, 55.7869665], [37.7624995, 55.7869251], [37.7624746, 55.7869033], [37.7623697, 55.786857], [37.7622434, 55.7868327], [37.761749, 55.7868176], [37.7616691, 55.7868151]], [[37.7616691, 55.7868151], [37.7603431, 55.7867745], [37.7595733, 55.7867516], [37.758503, 55.7867236], [37.7546843, 55.7866428], [37.7512977, 55.7866123], [37.7511246, 55.7866072], [37.7508629, 55.7866071], [37.7508019, 55.7866045], [37.7503191, 55.7865953], [37.7480683, 55.7865482], [37.7479506, 55.7865457]], [[37.7479506, 55.7865457], [37.7477016, 55.7865405], [37.747605, 55.7865291], [37.7475312, 55.7865209], [37.7474422, 55.7865026], [37.7472235, 55.7864084]], [[37.7472235, 55.7864084], [37.7459798, 55.7857205]], [[37.7459798, 55.7857205], [37.7458371, 55.7856289], [37.7456827, 55.7854864], [37.7456465, 55.7854068], [37.7456407, 55.785278]], [[37.7456407, 55.785278], [37.745862, 55.784116], [37.7458895, 55.7839713]], [[37.7458895, 55.7839713], [37.7459533, 55.7836547], [37.7459122, 55.7835503], [37.7458519, 55.7834621], [37.7458005, 55.7834164], [37.7457535, 55.7833783], [37.7456189, 55.7833], [37.7455893, 55.7832913], [37.7455265, 55.7832728], [37.7453622, 55.7832447], [37.7451695, 55.7832311]], [[37.7451695, 55.7832311], [37.7440778, 55.783207], [37.7426639, 55.7831545]], [[37.7426639, 55.7831545], [37.742439, 55.7831464], [37.7391403, 55.7830217], [37.7389641, 55.7830154], [37.7388084, 55.7830091], [37.7386332, 55.7830036], [37.7375359, 55.7829643], [37.7355963, 55.7828842], [37.7338144, 55.7828106], [37.7336039, 55.7828019], [37.7310291, 55.7826955], [37.7308884, 55.7826901], [37.7306551, 55.7826815], [37.7305048, 55.7826757], [37.7287127, 55.7826077], [37.7252612, 55.7824725], [37.7249825, 55.7824616], [37.7227405, 55.7823687], [37.7226787, 55.7823656], [37.7225092, 55.7823578], [37.7222632, 55.7823489], [37.7220274, 55.7823404], [37.7218825, 55.7823353], [37.7213594, 55.7823168], [37.7211466, 55.7823093], [37.720349, 55.7822811], [37.7194545, 55.7822464], [37.7194481, 55.7822462]], [[37.7194481, 55.7822462], [37.7193207, 55.7822326], [37.7192496, 55.7822213], [37.7191659, 55.782202], [37.7191166, 55.7821833], [37.7190424, 55.7821531], [37.7189885, 55.7821285], [37.7189707, 55.7821203], [37.7189276, 55.7820929], [37.7189042, 55.782078], [37.7188586, 55.7820446], [37.7188448, 55.7820346], [37.7187802, 55.781966], [37.7187321, 55.7818795]], [[37.7187321, 55.7818795], [37.7187026, 55.78179], [37.7186448, 55.7816286], [37.7185442, 55.7813476]], [[37.7185442, 55.7813476], [37.7182609, 55.7804991]], [[37.7182609, 55.7804991], [37.7182307, 55.7804086], [37.7182158, 55.7803463], [37.7182128, 55.7803338], [37.718211, 55.7802654], [37.7182129, 55.7802588], [37.718222, 55.7802272], [37.7182273, 55.7802086], [37.7182704, 55.7801506], [37.7182811, 55.7801426], [37.7183331, 55.780104], [37.7184199, 55.7800647], [37.7185104, 55.7800374]], [[37.7185104, 55.7800374], [37.7186183, 55.7800092], [37.718752, 55.7799803], [37.7189023, 55.7799527], [37.7190373, 55.7799325], [37.7193626, 55.779889]], [[37.7193626, 55.779889], [37.7201974, 55.7797772]], [[37.7201974, 55.7797772], [37.7203015, 55.7797633], [37.7203607, 55.7797544], [37.7204262, 55.7797386], [37.7204767, 55.7797212], [37.7205342, 55.7796925], [37.7205609, 55.7796741], [37.7205911, 55.7796416], [37.7206097, 55.7796079], [37.7206165, 55.7795806], [37.7206202, 55.779566], [37.7206234, 55.7795229], [37.7206246, 55.7795067], [37.7206241, 55.7794938]], [[37.7206241, 55.7794938], [37.7206028, 55.7789253]], [[37.7206028, 55.7789253], [37.7205983, 55.7788055], [37.7205961, 55.7787486], [37.7205944, 55.7787216], [37.7205944, 55.7787073], [37.7205904, 55.7785945], [37.7205949, 55.7785191], [37.7206046, 55.7784491], [37.720624, 55.7783908], [37.7206573, 55.7783265], [37.7207117, 55.7782459], [37.7207692, 55.7781674]], [[37.7207692, 55.7781674], [37.7208807, 55.778039], [37.7209511, 55.7779609], [37.7214071, 55.7774559], [37.7228917, 55.775829], [37.7236567, 55.7749925], [37.7248082, 55.7737288], [37.7248935, 55.7736351], [37.7258561, 55.7725732], [37.7259469, 55.7724727], [37.7260072, 55.772406], [37.7278448, 55.7703742], [37.728084, 55.7701079], [37.7283335, 55.7698304], [37.7293067, 55.7687475], [37.7301625, 55.7678082], [37.7302367, 55.7677258], [37.7306964, 55.7672205], [37.731262, 55.7666025], [37.7321434, 55.7656396], [37.7323525, 55.7654149], [37.7342825, 55.7633396], [37.734386, 55.763226], [37.734556, 55.7630308], [37.7346478, 55.7629278], [37.7362462, 55.7612124], [37.7365245, 55.7609137], [37.7366517, 55.7607772], [37.7367625, 55.7606583], [37.7399156, 55.7572104], [37.7401876, 55.7569129], [37.7402852, 55.756803], [37.7404531, 55.7566139]], [[37.7404531, 55.7566139], [37.7404557, 55.7565453], [37.7404375, 55.7564744], [37.7404042, 55.7564246], [37.7403813, 55.7563995], [37.7403156, 55.7563517], [37.7402533, 55.7563209], [37.740156, 55.756288]], [[37.740156, 55.756288], [37.7383274, 55.7558966]], [[37.7383274, 55.7558966], [37.7375763, 55.7557358], [37.7366443, 55.7555463]], [[37.7366443, 55.7555463], [37.7341097, 55.7550275]], [[37.7341097, 55.7550275], [37.7323038, 55.7546733]], [[37.7323038, 55.7546733], [37.7279837, 55.7538322], [37.7270045, 55.7536459], [37.7263431, 55.7535192], [37.7253879, 55.7533362]], [[37.7253879, 55.7533362], [37.7238732, 55.7530488]], [[37.7238732, 55.7530488], [37.7237483, 55.7530247], [37.7219921, 55.7526727], [37.7217362, 55.7526265]], [[37.7217362, 55.7526265], [37.7215119, 55.752586]], [[37.7215119, 55.752586], [37.7205977, 55.7524097], [37.7194193, 55.7521825]], [[37.7194193, 55.7521825], [37.719056, 55.7521124], [37.7177237, 55.7518332]], [[37.7177237, 55.7518332], [37.7175733, 55.7517981]], [[37.7175733, 55.7517981], [37.7173863, 55.7517663], [37.7173374, 55.7517577], [37.7172409, 55.7517422]], [[37.7172409, 55.7517422], [37.7171636, 55.7517312], [37.7171077, 55.7517246], [37.7170694, 55.75172], [37.7168283, 55.7516946], [37.7167207, 55.7516815], [37.7166255, 55.7516671], [37.7164933, 55.7516444]], [[37.7164933, 55.7516444], [37.7157334, 55.7515035]], [[37.7157334, 55.7515035], [37.7155891, 55.7514718], [37.7154763, 55.7514438], [37.7153568, 55.7514096], [37.7150434, 55.7513169], [37.7149332, 55.7512867], [37.7148314, 55.7512611], [37.7146961, 55.7512319]], [[37.7146961, 55.7512319], [37.7140134, 55.7511025], [37.7136652, 55.7510365]], [[37.7136652, 55.7510365], [37.7135414, 55.7510101], [37.7135148, 55.7510037], [37.7131023, 55.7509116], [37.7129072, 55.7508753]], [[37.7129072, 55.7508753], [37.7106888, 55.7504409], [37.7104637, 55.7503934]], [[37.7104637, 55.7503934], [37.7090873, 55.7501287], [37.7089635, 55.7501049], [37.707854, 55.7498948], [37.7060079, 55.7495317]], [[37.7060079, 55.7495317], [37.7053574, 55.749405], [37.7046315, 55.7492637], [37.7038346, 55.7491204], [37.7033996, 55.7490383], [37.7028995, 55.7489692], [37.702502, 55.7489033], [37.702175, 55.7488409], [37.7011578, 55.7486484], [37.7008564, 55.7485929], [37.7002816, 55.7484846], [37.7000978, 55.748443], [37.6999606, 55.7484067], [37.6998036, 55.7483651], [37.6996339, 55.7483202], [37.6989823, 55.7481851], [37.6982836, 55.74811], [37.696951, 55.7480053], [37.696522, 55.7479852], [37.6960355, 55.7479714], [37.6950191, 55.7479046], [37.6948769, 55.7478953], [37.6945039, 55.7478578], [37.6927627, 55.7477066], [37.6890012, 55.7474223], [37.6886253, 55.7473962], [37.6864394, 55.7472596]], [[37.6864394, 55.7472596], [37.6845817, 55.7471078], [37.6829444, 55.7469777]], [[37.6829444, 55.7469777], [37.6821926, 55.7469179], [37.6819402, 55.7468972], [37.6815721, 55.7468677], [37.6813944, 55.7468534]], [[37.6813944, 55.7468534], [37.6812517, 55.7468653], [37.6811716, 55.7468721], [37.6811191, 55.7468766], [37.6808279, 55.7469371], [37.6807046, 55.7469448], [37.6805493, 55.7469372], [37.6804699, 55.746914], [37.6803877, 55.7468789], [37.6803392, 55.7468374], [37.6803025, 55.7467929], [37.680282, 55.7467632], [37.6802055, 55.7466623], [37.6800988, 55.7465279], [37.6800415, 55.7464694], [37.6798678, 55.7462773], [37.6797745, 55.746174], [37.6795535, 55.7459182], [37.6793091, 55.745626], [37.6790701, 55.7453735], [37.6789019, 55.745225], [37.6785166, 55.7448859], [37.6784333, 55.7448126], [37.6781213, 55.7445356], [37.6778742, 55.7442858], [37.6774329, 55.7438134], [37.677043, 55.7433916], [37.6769463, 55.7432935], [37.6765805, 55.7429023], [37.6763726, 55.74268], [37.6757234, 55.7419961], [37.6753802, 55.7416165], [37.6750564, 55.7412921], [37.6743521, 55.74053], [37.6740162, 55.740187], [37.6738756, 55.7400454]], [[37.6738756, 55.7400454], [37.6737824, 55.7399311], [37.6736353, 55.7397856]], [[37.6736353, 55.7397856], [37.6732045, 55.739235], [37.6731408, 55.7391004], [37.6731302, 55.7390801], [37.6730306, 55.7388659]], [[37.6730306, 55.7388659], [37.6727458, 55.7384219]], [[37.6727458, 55.7384219], [37.6725833, 55.7381859], [37.6724428, 55.7379807], [37.6721634, 55.7375728], [37.6714269, 55.7365072], [37.6713052, 55.7363321], [37.6710512, 55.7359645]], [[37.6710512, 55.7359645], [37.6709643, 55.735839], [37.6708301, 55.7356661]], [[37.6708301, 55.7356661], [37.6705882, 55.7354342], [37.6703406, 55.7352146], [37.6700021, 55.734922]], [[37.6700021, 55.734922], [37.6689571, 55.7340187]], [[37.6689571, 55.7340187], [37.6688462, 55.7339228], [37.6687469, 55.7338217], [37.668611, 55.7337049], [37.6684737, 55.7336075]], [[37.6684737, 55.7336075], [37.6675028, 55.7330283], [37.6674192, 55.7329775]], [[37.6674192, 55.7329775], [37.6673297, 55.732925], [37.666909, 55.7326842]], [[37.666909, 55.7326842], [37.6665299, 55.7325086], [37.6663502, 55.7324022], [37.6662737, 55.7323477], [37.6659033, 55.7321278]], [[37.6659033, 55.7321278], [37.6653277, 55.7317775], [37.6650051, 55.7316408], [37.6647865, 55.7315861], [37.6641829, 55.7314685]], [[37.6641829, 55.7314685], [37.6639914, 55.7314312], [37.6635682, 55.731334], [37.6629956, 55.7312027]], [[37.6629956, 55.7312027], [37.6629488, 55.7311929]], [[37.6629488, 55.7311929], [37.6613728, 55.7308615]], [[37.6613728, 55.7308615], [37.661303, 55.7308468]], [[37.661303, 55.7308468], [37.6612543, 55.7308307], [37.6612012, 55.7308056], [37.6611607, 55.730777], [37.661084, 55.7307013], [37.661083, 55.730671], [37.6610845, 55.7306255], [37.6611022, 55.7305795], [37.6611906, 55.7304246]], [[37.6611906, 55.7304246], [37.6614748, 55.7300191]], [[37.6614748, 55.7300191], [37.6620934, 55.7290588]], [[37.6620934, 55.7290588], [37.6624883, 55.7284456]], [[37.6624883, 55.7284456], [37.6626845, 55.728133], [37.6628834, 55.7278428], [37.6630466, 55.7275485], [37.6631183, 55.7273986], [37.6631844, 55.7272472]], [[37.6631844, 55.7272472], [37.6632755, 55.7270388], [37.663341, 55.7268893], [37.6634267, 55.7266894], [37.6634929, 55.7265253]], [[37.6634929, 55.7265253], [37.6635803, 55.7263088], [37.6636434, 55.7261086], [37.6636907, 55.7259084], [37.6637614, 55.7255928]], [[37.6637614, 55.7255928], [37.6638397, 55.7252799], [37.6639366, 55.724867]], [[37.6639366, 55.724867], [37.6639868, 55.7246531], [37.6640216, 55.72433]], [[37.6640216, 55.72433], [37.6640396, 55.7239497], [37.6640443, 55.7237832], [37.6640368, 55.7231472]], [[37.6640368, 55.7231472], [37.6640457, 55.7230445], [37.6640551, 55.7229965], [37.664077, 55.7229516], [37.664133, 55.7228862], [37.6642347, 55.7228338], [37.6643489, 55.7228066], [37.6644769, 55.7227813]], [[37.6644769, 55.7227813], [37.6649693, 55.7226842], [37.6653557, 55.722608], [37.6658746, 55.7225056]], [[37.6658746, 55.7225056], [37.6685871, 55.7219704], [37.6691103, 55.7218725], [37.6718955, 55.7213164], [37.6727158, 55.7211557], [37.6728936, 55.7211209], [37.6732919, 55.7210365]], [[37.6732919, 55.7210365], [37.6738955, 55.7209155], [37.6739426, 55.7209041], [37.6739948, 55.7208915], [37.674065, 55.7208684], [37.6741586, 55.7208218], [37.6742111, 55.720784], [37.674231, 55.7207685], [37.6742614, 55.720738]], [[37.6742614, 55.720738], [37.6743794, 55.7206015]], [[37.6743794, 55.7206015], [37.6744315, 55.7205297], [37.6756899, 55.7188303]], [[37.6756899, 55.7188303], [37.6760252, 55.7183775]], [[37.6760252, 55.7183775], [37.6761397, 55.7182229], [37.6762027, 55.7181284], [37.6764715, 55.7177775]], [[37.6764715, 55.7177775], [37.6767801, 55.7173745]], [[37.6767801, 55.7173745], [37.6778498, 55.7159777], [37.6779346, 55.7158577], [37.677967, 55.7158119]], [[37.677967, 55.7158119], [37.6780122, 55.7157548], [37.6782884, 55.7154054]]]}, "properties": {"route": 12, "direction": 0, "name": "Трамвай 12: Восточное Измайлово => МЦК Дубровка", "osm_relation": 14258874}}, {"type": "Feature", "geometry": {"type": "MultiLineString", "coordinates": [[[37.6784707, 55.7152408], [37.678095, 55.7157409], [37.6780287, 55.715826]], [[37.6780287, 55.715826], [37.6779744, 55.7158958], [37.6779024, 55.7159884], [37.676839, 55.7173879]], [[37.676839, 55.7173879], [37.6765297, 55.7177949]], [[37.6765297, 55.7177949], [37.6765102, 55.7178206], [37.6760832, 55.7183938]], [[37.6760832, 55.7183938], [37.6757493, 55.7188422]], [[37.6757493, 55.7188422], [37.6745329, 55.7204753], [37.674437, 55.720607]], [[37.674437, 55.720607], [37.6743142, 55.720753]], [[37.6743142, 55.720753], [37.6742759, 55.7207857], [37.6742363, 55.7208166], [37.674199, 55.7208422], [37.6741543, 55.7208678], [37.6740955, 55.7208937], [37.6740199, 55.7209177], [37.6739169, 55.7209436]], [[37.6739169, 55.7209436], [37.6733119, 55.7210639]], [[37.6733119, 55.7210639], [37.6732538, 55.7210747], [37.672907, 55.7211467], [37.6727311, 55.7211823], [37.6719139, 55.7213476], [37.6691258, 55.7219023], [37.6682627, 55.7220677], [37.6658937, 55.7225364]], [[37.6658937, 55.7225364], [37.6653765, 55.7226387], [37.6649891, 55.7227153], [37.6645011, 55.7228118]], [[37.6645011, 55.7228118], [37.6643842, 55.7228349], [37.6642324, 55.7228745], [37.6641914, 55.7228994], [37.6641574, 55.7229357], [37.6641215, 55.7229965], [37.6641121, 55.7230464], [37.6641081, 55.7231467]], [[37.6641081, 55.7231467], [37.6641088, 55.7236276], [37.6641114, 55.7239562], [37.664075, 55.7243296]], [[37.664075, 55.7243296], [37.6640434, 55.7246545], [37.663993, 55.724874]], [[37.663993, 55.724874], [37.6638991, 55.7252824], [37.663819, 55.7256034]], [[37.663819, 55.7256034], [37.6637499, 55.7259145], [37.6636997, 55.7261147], [37.663636, 55.7263107], [37.6635536, 55.726528]], [[37.6635536, 55.726528], [37.6634858, 55.7266966], [37.6634006, 55.7269009], [37.6633349, 55.7270451], [37.6632374, 55.7272573]], [[37.6632374, 55.7272573], [37.6631673, 55.7274073], [37.6630935, 55.7275564], [37.6629281, 55.7278525], [37.6627348, 55.7281428], [37.6625413, 55.728452]], [[37.6625413, 55.728452], [37.6621477, 55.729071]], [[37.6621477, 55.729071], [37.6615391, 55.7300282]], [[37.6615391, 55.7300282], [37.661265, 55.7304372]], [[37.661265, 55.7304372], [37.6611799, 55.7305847], [37.6611596, 55.7306353], [37.6611614, 55.7306886], [37.6612019, 55.7307369], [37.661226, 55.7307599], [37.661264, 55.7307843], [37.6613527, 55.7308213]], [[37.6613527, 55.7308213], [37.6613933, 55.7308301]], [[37.6613933, 55.7308301], [37.6640683, 55.7314086]], [[37.6640683, 55.7314086], [37.6642084, 55.7314371], [37.6644303, 55.7314823], [37.6648355, 55.7315634], [37.6651714, 55.7316325], [37.6661592, 55.7317741]], [[37.6661592, 55.7317741], [37.6668014, 55.7318781], [37.6669677, 55.731928], [37.6670992, 55.7319929], [37.667351, 55.7321955], [37.6674904, 55.7323364], [37.6676135, 55.7324526], [37.6679715, 55.7327494]], [[37.6679715, 55.7327494], [37.6682332, 55.7329925], [37.668536, 55.7332843], [37.6686411, 55.7333879], [37.6687429, 55.7334868], [37.6688292, 55.7335707], [37.6689671, 55.7336956], [37.6690839, 55.7338035], [37.6695492, 55.7341974], [37.6701423, 55.7347509]], [[37.6701423, 55.7347509], [37.6704726, 55.7350304], [37.6705794, 55.7351291], [37.6707177, 55.7353185], [37.6709089, 55.7356314]], [[37.6709089, 55.7356314], [37.6710148, 55.7358237], [37.671106, 55.7359501]], [[37.671106, 55.7359501], [37.6713787, 55.7363219], [37.6714752, 55.7364619], [37.6722155, 55.7375219], [37.6722397, 55.7375563], [37.6726175, 55.7381139], [37.6726579, 55.7381707], [37.6727141, 55.7382498], [37.6728125, 55.7384058]], [[37.6728125, 55.7384058], [37.6728616, 55.7384836], [37.6728994, 55.7385435], [37.6730378, 55.738763], [37.6731279, 55.7388984]], [[37.6731279, 55.7388984], [37.6731968, 55.7390652], [37.6732142, 55.7391077], [37.6732639, 55.7392278], [37.6736999, 55.7397707]], [[37.6736999, 55.7397707], [37.6739199, 55.7400256]], [[37.6739199, 55.7400256], [37.6740681, 55.7401694], [37.6751076, 55.7412787], [37.6754294, 55.7416029], [37.6757723, 55.7419836], [37.6764184, 55.7426725], [37.6769944, 55.7432753], [37.6770641, 55.7433604], [37.6772973, 55.7436048], [37.6774958, 55.7438073], [37.6779255, 55.7442725], [37.6781702, 55.7445186], [37.6784892, 55.7448021], [37.6785681, 55.7448708], [37.6789495, 55.7452034], [37.6791278, 55.7453555], [37.6793637, 55.7456106], [37.6796059, 55.745903], [37.6798262, 55.7461609], [37.6799191, 55.7462641], [37.680092, 55.746456], [37.6801583, 55.7465272], [37.6802631, 55.7466613], [37.6803424, 55.7467625], [37.6803702, 55.7467934], [37.6803986, 55.7468229], [37.6804449, 55.7468587], [37.680506, 55.7468861], [37.6805688, 55.7469045], [37.6806977, 55.7469137]], [[37.6806977, 55.7469137], [37.6808165, 55.7468972], [37.680964, 55.7468672], [37.6811361, 55.7468345], [37.6811806, 55.7468317], [37.6812449, 55.7468276], [37.6813171, 55.7468252], [37.6813947, 55.7468249]], [[37.6813947, 55.7468249], [37.6819477, 55.746866], [37.6829385, 55.7469437]], [[37.6829385, 55.7469437], [37.6845955, 55.7470736], [37.686449, 55.7472279]], [[37.686449, 55.7472279], [37.6883945, 55.7473516], [37.6886319, 55.7473667], [37.6927756, 55.7476718], [37.6945739, 55.7478309], [37.6948852, 55.7478609], [37.6960343, 55.7479347], [37.6964399, 55.7479497], [37.6969524, 55.7479721], [37.6982924, 55.7480792], [37.6989951, 55.7481547], [37.6996547, 55.7482915], [37.6999264, 55.7483631], [37.7000474, 55.748395], [37.7001212, 55.7484145], [37.7003064, 55.748463], [37.7008757, 55.7485639], [37.701175, 55.7486185], [37.7021017, 55.7487951], [37.7025183, 55.7488744], [37.7029156, 55.7489382], [37.7034174, 55.7490098], [37.7038506, 55.7490913], [37.7046498, 55.7492343], [37.7053765, 55.7493757], [37.7060257, 55.7495022]], [[37.7060257, 55.7495022], [37.7078727, 55.7498654], [37.7088491, 55.7500504], [37.7089813, 55.7500754], [37.7104807, 55.7503647]], [[37.7104807, 55.7503647], [37.7107077, 55.7504128], [37.7129263, 55.7508503]], [[37.7129263, 55.7508503], [37.7130704, 55.7508815], [37.7132497, 55.7509187], [37.7133279, 55.7509344], [37.7135275, 55.7509822], [37.713637, 55.7510112]], [[37.713637, 55.7510112], [37.7140255, 55.7510833], [37.7147113, 55.7512088]], [[37.7147113, 55.7512088], [37.7148484, 55.7512384], [37.714955, 55.7512632], [37.7150657, 55.7512956], [37.7153664, 55.7513852], [37.7154966, 55.7514219], [37.7156068, 55.7514492], [37.7157486, 55.7514804]], [[37.7157486, 55.7514804], [37.7161454, 55.7515552], [37.7165064, 55.7516209]], [[37.7165064, 55.7516209], [37.7166372, 55.7516434], [37.7167302, 55.7516575], [37.7168358, 55.7516703], [37.7170769, 55.7516957], [37.7171221, 55.7517011], [37.7171725, 55.7517071], [37.7172519, 55.7517183], [37.71735, 55.7517341], [37.7175758, 55.7517742]], [[37.7175758, 55.7517742], [37.7177345, 55.7518105]], [[37.7177345, 55.7518105], [37.7190742, 55.7520827], [37.7194489, 55.7521559]], [[37.7194489, 55.7521559], [37.7203255, 55.7523273], [37.7215273, 55.7525622]], [[37.7215273, 55.7525622], [37.7217603, 55.752606]], [[37.7217603, 55.752606], [37.7219975, 55.7526508], [37.7237671, 55.7529882]], [[37.7237671, 55.7529882], [37.7263003, 55.7534839]], [[37.7263003, 55.7534839], [37.7270196, 55.7536213], [37.7279987, 55.7538058], [37.7323269, 55.7546488]], [[37.7323269, 55.7546488], [37.7341326, 55.7550061]], [[37.7341326, 55.7550061], [37.7365755, 55.7555034]], [[37.7365755, 55.7555034], [37.7377743, 55.7557426], [37.738357, 55.7558668]], [[37.738357, 55.7558668], [37.7401587, 55.756251]], [[37.7401587, 55.756251], [37.7402898, 55.7562908], [37.7403707, 55.7563306], [37.7404407, 55.756387], [37.740472, 55.7564249], [37.74049, 55.7564434], [37.740512, 55.7564933], [37.740529, 55.7565378], [37.740529, 55.7565617], [37.7405101, 55.7566155]], [[37.7405101, 55.7566155], [37.7403306, 55.7568187], [37.7399713, 55.7572251], [37.7399065, 55.7572985], [37.7368945, 55.7605909], [37.7368076, 55.7606868], [37.7367072, 55.7607942], [37.7363004, 55.7612293], [37.7348404, 55.7627908], [37.7346996, 55.7629418], [37.7346012, 55.7630442], [37.7344338, 55.76324], [37.7343327, 55.7633564], [37.7324078, 55.7654326], [37.732195, 55.7656552], [37.731323, 55.76662], [37.7307631, 55.7672394], [37.7303058, 55.7677447], [37.7300351, 55.7680317], [37.7281916, 55.7700618], [37.7281349, 55.7701241], [37.7278952, 55.7703892], [37.7260581, 55.7724204], [37.7259977, 55.7724873], [37.7259075, 55.7725873], [37.7250942, 55.7734858], [37.7249447, 55.7736505], [37.7237121, 55.7750088], [37.7229586, 55.7758357], [37.7214732, 55.7774701], [37.7209998, 55.777975], [37.7209308, 55.778053], [37.7208202, 55.7781803]], [[37.7208202, 55.7781803], [37.7207637, 55.7782575], [37.7207104, 55.7783365], [37.7206785, 55.7783981], [37.7206601, 55.7784532], [37.7206508, 55.7785208], [37.7206463, 55.7785947], [37.7206506, 55.7786895], [37.7206517, 55.7787393], [37.7206531, 55.7787563], [37.7206554, 55.7788387], [37.7206587, 55.7789265]], [[37.7206587, 55.7789265], [37.7206801, 55.7794957]], [[37.7206801, 55.7794957], [37.7206805, 55.779507], [37.7206785, 55.7795343], [37.720676, 55.7795689], [37.7206726, 55.7795825], [37.7206644, 55.7796148], [37.720643, 55.7796536], [37.7206143, 55.7796846], [37.7205605, 55.779722], [37.7205098, 55.7797467], [37.7204519, 55.7797666], [37.720379, 55.7797842], [37.7203151, 55.7797938], [37.720215, 55.7798072]], [[37.720215, 55.7798072], [37.7193795, 55.779919]], [[37.7193795, 55.779919], [37.719051, 55.779963], [37.7189181, 55.7799829], [37.7187707, 55.7800099], [37.7186401, 55.7800381], [37.7185354, 55.7800655]], [[37.7185354, 55.7800655], [37.7184509, 55.780091], [37.7183735, 55.780126], [37.7183229, 55.7801638], [37.7182895, 55.7802064], [37.7182814, 55.7802173], [37.718267, 55.7802677], [37.7182689, 55.7803326], [37.7182859, 55.7804037], [37.7183181, 55.7804952]], [[37.7183181, 55.7804952], [37.7186185, 55.7813479]], [[37.7186185, 55.7813479], [37.7187636, 55.7817849], [37.7187984, 55.7818735]], [[37.7187984, 55.7818735], [37.7188379, 55.7819475], [37.718895, 55.782017], [37.7189089, 55.7820266], [37.7189525, 55.7820567], [37.7190174, 55.7820947], [37.719064, 55.7821167], [37.7190772, 55.7821229], [37.7191409, 55.7821489], [37.719265, 55.7821911], [37.7193495, 55.7822051], [37.7194533, 55.7822168]], [[37.7194533, 55.7822168], [37.7194572, 55.782217], [37.7203543, 55.7822559], [37.7211501, 55.7822831], [37.7213478, 55.7822899], [37.7222651, 55.7823245], [37.7225107, 55.7823361], [37.7226825, 55.7823437], [37.724985, 55.782437], [37.7252646, 55.7824483], [37.7262844, 55.7824834], [37.7278425, 55.7825443], [37.7287164, 55.7825785], [37.7297544, 55.782619], [37.7305085, 55.7826485], [37.7306162, 55.7826527], [37.7306642, 55.7826545], [37.730891, 55.7826638], [37.7336072, 55.7827739], [37.7338182, 55.7827826], [37.7356002, 55.7828566], [37.7375326, 55.7829368], [37.7384266, 55.782967], [37.7386359, 55.7829749], [37.738812, 55.7829816], [37.7389677, 55.7829872], [37.7424417, 55.7831166], [37.7426604, 55.783124]], [[37.7426604, 55.783124], [37.7451716, 55.783203]], [[37.7451716, 55.783203], [37.7453743, 55.7832153], [37.7455481, 55.7832433], [37.7456371, 55.7832688], [37.7457097, 55.7832954], [37.7457883, 55.7833398], [37.7458587, 55.7833936], [37.7459168, 55.7834505], [37.7459808, 55.7835448], [37.7460153, 55.7836534], [37.745951, 55.7839731]], [[37.745951, 55.7839731], [37.7459256, 55.784121], [37.7456991, 55.7852834]], [[37.7456991, 55.7852834], [37.7457037, 55.785405], [37.7457377, 55.7854678], [37.7458475, 55.7855826], [37.7460276, 55.7856949]], [[37.7460276, 55.7856949], [37.7472721, 55.7863728]], [[37.7472721, 55.7863728], [37.7474997, 55.7864708], [37.7476099, 55.7864838], [37.7477115, 55.7864957], [37.7479481, 55.7865006]], [[37.7479481, 55.7865006], [37.748009, 55.7865019], [37.7506449, 55.7865575], [37.7508995, 55.786562], [37.7510841, 55.7865639], [37.751298, 55.7865673], [37.7546865, 55.7865978], [37.7585064, 55.7866788], [37.7595771, 55.7867068], [37.7616821, 55.7867695]], [[37.7616821, 55.7867695], [37.7617577, 55.786772], [37.7622421, 55.7867878], [37.7623962, 55.786815], [37.7625161, 55.7868655], [37.7625255, 55.7868695], [37.7626, 55.7869461], [37.7626048, 55.7869509], [37.7626386, 55.7870389], [37.7626169, 55.7871196], [37.7625969, 55.7871987]], [[37.7625969, 55.7871987], [37.7624808, 55.7876587], [37.762473, 55.7876897], [37.7623863, 55.7880363]], [[37.7623863, 55.7880363], [37.7623521, 55.7881729], [37.7623543, 55.7881902], [37.7623623, 55.7882533], [37.7623814, 55.7882726], [37.7624197, 55.7883111], [37.7625158, 55.788356], [37.7625428, 55.7883663], [37.7626315, 55.7883968], [37.7627374, 55.7884129], [37.7629229, 55.7884304]], [[37.7629229, 55.7884304], [37.763318, 55.788463], [37.7637939, 55.7885106], [37.7643276, 55.7885726], [37.7648952, 55.7886466]], [[37.7648952, 55.7886466], [37.7655663, 55.788759], [37.766175, 55.7888693], [37.76678, 55.7889955], [37.7673672, 55.7891345], [37.7679536, 55.7892824], [37.7684823, 55.7894344]], [[37.7684823, 55.7894344], [37.7697563, 55.7898195], [37.7703351, 55.7899893], [37.770593, 55.7900674], [37.771396, 55.7903089], [37.7715075, 55.7903425], [37.7716901, 55.7904007], [37.7721869, 55.7905504], [37.7727459, 55.7907205], [37.7743531, 55.7912041], [37.7744125, 55.791222], [37.7751607, 55.7914472], [37.7753752, 55.7915108], [37.7755641, 55.791566], [37.7760682, 55.7917163]], [[37.7760682, 55.7917163], [37.776908, 55.7919599], [37.7770778, 55.7919972], [37.77726, 55.7920278], [37.7774233, 55.7920538], [37.7775467, 55.7920708]], [[37.7775467, 55.7920708], [37.778545, 55.7922097], [37.7787307, 55.7922355], [37.7797079, 55.7923714], [37.77986, 55.7923924], [37.780091, 55.7924274], [37.7809477, 55.7925472], [37.7815068, 55.792631], [37.7817573, 55.7926665], [37.7824857, 55.7927698]], [[37.7824857, 55.7927698], [37.7828368, 55.7928165], [37.7830116, 55.7928352], [37.7831576, 55.7928492], [37.7835367, 55.7928778]], [[37.7835367, 55.7928778], [37.7839766, 55.7929143], [37.7841122, 55.792926], [37.7841662, 55.7929306], [37.7848267, 55.7929809]], [[37.7848267, 55.7929809], [37.7850786, 55.7929903], [37.7857537, 55.7930035], [37.7858719, 55.7930053]], [[37.7858719, 55.7930053], [37.7871474, 55.7930263], [37.7875839, 55.793031]], [[37.7875839, 55.793031], [37.7880359, 55.7930401], [37.788251, 55.7930427], [37.7884232, 55.7930456], [37.7891373, 55.7930591], [37.7893876, 55.7930649], [37.7903057, 55.7931055], [37.7905882, 55.7931162], [37.7907883, 55.7931237], [37.7910341, 55.7931312]], [[37.7910341, 55.7931312], [37.792832, 55.7931676], [37.7935316, 55.7931818], [37.7938785, 55.7931885], [37.7940387, 55.7931923], [37.7941813, 55.7931945], [37.7948796, 55.7932051], [37.7949697, 55.7932065], [37.7950685, 55.7932086], [37.7960839, 55.7932299], [37.7965865, 55.7932414]], [[37.7965865, 55.7932414], [37.7967413, 55.7932428], [37.7968482, 55.7932446], [37.7972261, 55.7932497], [37.7975521, 55.7932468], [37.797971, 55.7932381], [37.7980261, 55.793237], [37.7987014, 55.7932271], [37.799228, 55.7932317]], [[37.799228, 55.7932317], [37.7994551, 55.793231], [37.7997513, 55.7932323], [37.800666, 55.7932507], [37.8009297, 55.793256], [37.8014233, 55.7932659], [37.8024508, 55.7932817], [37.8033616, 55.7932966], [37.8034525, 55.7932981], [37.8042984, 55.7933118], [37.8051898, 55.7933266], [37.8054222, 55.7933301], [37.8055783, 55.7933333], [37.805757, 55.7933373], [37.8065758, 55.7933523], [37.8068472, 55.7933573], [37.8078107, 55.793375], [37.8087888, 55.7933923], [37.809458, 55.7934042], [37.8101408, 55.7934175], [37.8102657, 55.7934199], [37.8104859, 55.7934254], [37.8115123, 55.7934431], [37.8122798, 55.7934563], [37.8125296, 55.7934609], [37.8126396, 55.7934629], [37.8128081, 55.7934661], [37.8130744, 55.7934709], [37.8133823, 55.7934768], [37.8137904, 55.7934846], [37.8146307, 55.7935007], [37.8147446, 55.7935024], [37.815552, 55.7935128], [37.8164996, 55.79353], [37.817226, 55.79354]], [[37.817226, 55.79354], [37.8179875, 55.7935503], [37.819038, 55.7935674], [37.8192121, 55.7935699]], [[37.8192121, 55.7935699], [37.819361, 55.7935717], [37.8202296, 55.7935885]]]}, "properties": {"route": 12, "direction": 1, "name": "Трамвай 12: МЦК Дубровка => 15-я Парковая улица", "osm_relation": 14258875}}, {"type": "Feature", "geometry": {"type": "MultiLineString", "coordinates": [[[37.6157775, 55.8235904], [37.6161024, 55.8234051], [37.6161286, 55.8233705], [37.6161504, 55.8233339], [37.6161623, 55.8232943], [37.6161643, 55.823251], [37.616159, 55.8229922], [37.616161, 55.822978], [37.6161644, 55.8229633], [37.6161677, 55.8229495], [37.6161722, 55.8229361], [37.616178, 55.8229224], [37.6161839, 55.82291], [37.6161938, 55.8228957], [37.6162032, 55.8228819], [37.6162138, 55.8228689], [37.6162257, 55.8228552], [37.6162379, 55.8228436], [37.6162504, 55.8228331], [37.6162683, 55.8228207], [37.6162837, 55.8228106], [37.6163029, 55.822801], [37.6163239, 55.822792], [37.6163465, 55.8227842], [37.6163687, 55.8227774], [37.6163887, 55.822772], [37.6164093, 55.8227668], [37.6164286, 55.8227622], [37.6164478, 55.8227581], [37.6164683, 55.822754], [37.61649, 55.8227503], [37.616511, 55.8227471], [37.6165325, 55.8227448], [37.616572, 55.8227415], [37.6166112, 55.8227389], [37.6167583, 55.8227297]], [[37.6167583, 55.8227297], [37.6169106, 55.8227225], [37.6184454, 55.8226463], [37.6187994, 55.8226269]], [[37.6187994, 55.8226269], [37.6188309, 55.8226249], [37.6188598, 55.8226222], [37.6188898, 55.8226184], [37.6189187, 55.8226134], [37.6189473, 55.8226067], [37.6189744, 55.8225983], [37.6189976, 55.8225892], [37.6190178, 55.8225782], [37.6190363, 55.8225672], [37.6190529, 55.8225546], [37.6190646, 55.8225412], [37.6190733, 55.8225269], [37.6190803, 55.822512], [37.6190868, 55.8224954], [37.6190921, 55.8224794], [37.6190955, 55.8224621], [37.6190984, 55.8224429], [37.6191004, 55.8224238], [37.6191016, 55.8224054], [37.6191028, 55.8223864], [37.619111, 55.8221299], [37.6191115, 55.8221165], [37.6191124, 55.8221011], [37.6191142, 55.8220858], [37.6191171, 55.8220703], [37.6191226, 55.8220546], [37.6191293, 55.8220384], [37.6191372, 55.8220218], [37.6191484, 55.8220046], [37.6191639, 55.8219897], [37.6191815, 55.8219757], [37.6191992, 55.821963], [37.6192196, 55.8219498], [37.6192379, 55.8219385], [37.6192575, 55.8219276], [37.6192787, 55.8219172], [37.6193008, 55.8219077], [37.6193291, 55.8218981], [37.6193549, 55.8218911], [37.6193824, 55.8218841], [37.6194141, 55.8218777], [37.6194444, 55.8218733], [37.619474, 55.8218698], [37.6195035, 55.8218669], [37.6195329, 55.8218648], [37.6195617, 55.8218631], [37.6195904, 55.8218619]], [[37.6195904, 55.8218619], [37.6196411, 55.8218613], [37.6197215, 55.82186], [37.6199601, 55.8218596], [37.6213391, 55.8218598], [37.6216494, 55.8218581], [37.6225746, 55.8218533], [37.6232309, 55.8218498], [37.6248767, 55.8218382], [37.6251321, 55.8218364], [37.6257419, 55.8218361], [37.628137, 55.821823], [37.628395, 55.8218218], [37.6286167, 55.8218207], [37.6293166, 55.8218181]], [[37.6293166, 55.8218181], [37.6297555, 55.8218737]], [[37.6297555, 55.8218737], [37.6308429, 55.8220841]], [[37.6308429, 55.8220841], [37.6309151, 55.8220987], [37.6309732, 55.8221096], [37.631359, 55.8221376]], [[37.631359, 55.8221376], [37.6322135, 55.8221247], [37.6336906, 55.8220741], [37.6341742, 55.8220599], [37.634611, 55.8220488], [37.6348512, 55.82204]], [[37.6348512, 55.82204], [37.6349103, 55.8220404], [37.6349645, 55.8220408], [37.6350573, 55.8220626], [37.6350957, 55.8220752], [37.6351948, 55.8221196]], [[37.6351948, 55.8221196], [37.6352872, 55.8221685], [37.6352984, 55.8221732], [37.6354016, 55.8222273], [37.6355549, 55.8223225]], [[37.6355549, 55.8223225], [37.6358671, 55.8225022], [37.6362515, 55.8227165], [37.6365254, 55.8228662]], [[37.6365254, 55.8228662], [37.6368124, 55.8230171], [37.6376169, 55.823421], [37.6378156, 55.82353]], [[37.6378156, 55.82353], [37.6378652, 55.8235545], [37.6379857, 55.8236157], [37.6387399, 55.8240069], [37.6393533, 55.8243166], [37.6395005, 55.8243951], [37.640992, 55.825164], [37.6422676, 55.8258303], [37.6425047, 55.825945], [37.6439343, 55.8266629], [37.6449118, 55.8271784], [37.6450162, 55.8272334], [37.6451337, 55.8272974]], [[37.6451337, 55.8272974], [37.6451732, 55.8273176], [37.6452128, 55.8273351], [37.6452492, 55.8273483], [37.6452899, 55.8273583], [37.6453307, 55.8273635], [37.6453694, 55.8273656], [37.6454079, 55.8273663], [37.6454452, 55.827366], [37.6454894, 55.8273644], [37.6455328, 55.82736], [37.6455727, 55.8273548], [37.6456111, 55.8273481], [37.6456912, 55.8273294]], [[37.6456912, 55.8273294], [37.645764, 55.8273078], [37.6458887, 55.8272703], [37.6460711, 55.8272146], [37.646509, 55.8270846]], [[37.646509, 55.8270846], [37.6466173, 55.8270669], [37.6467201, 55.8270603], [37.6468074, 55.8270637], [37.6468805, 55.8270778], [37.6469338, 55.8270976], [37.6469488, 55.8271056], [37.6469778, 55.8271186], [37.6470189, 55.8271533]], [[37.6470189, 55.8271533], [37.6473318, 55.8274636], [37.6478176, 55.8279586], [37.6483574, 55.8285029], [37.6488419, 55.8289817], [37.6489721, 55.82912], [37.6490715, 55.8292109], [37.6492256, 55.8293659]], [[37.6492256, 55.8293659], [37.6493124, 55.8294536], [37.6494107, 55.8295432]], [[37.6494107, 55.8295432], [37.6496715, 55.8297808]], [[37.6496715, 55.8297808], [37.6510813, 55.8310939], [37.6513586, 55.8312831]], [[37.6513586, 55.8312831], [37.6515016, 55.8313613], [37.6516383, 55.8314702]], [[37.6516383, 55.8314702], [37.6519639, 55.8318212], [37.6521102, 55.8319672]], [[37.6521102, 55.8319672], [37.6521947, 55.8320515]], [[37.6521947, 55.8320515], [37.6526717, 55.832537], [37.6534088, 55.8332601]], [[37.6534088, 55.8332601], [37.6535365, 55.8333825], [37.6536044, 55.8334512], [37.6536979, 55.8335335]], [[37.6536979, 55.8335335], [37.653967, 55.8337869]], [[37.653967, 55.8337869], [37.653988, 55.8338062], [37.6543403, 55.834112]], [[37.6543403, 55.834112], [37.6548887, 55.8346357]], [[37.6548887, 55.8346357], [37.655072, 55.8348224], [37.6556561, 55.8354123]], [[37.6556561, 55.8354123], [37.6556905, 55.8354462], [37.6557293, 55.8354846]], [[37.6557293, 55.8354846], [37.6561635, 55.8359217]], [[37.6561635, 55.8359217], [37.6562219, 55.835979], [37.6563005, 55.8360574], [37.6563919, 55.8361255], [37.656509, 55.8361954], [37.6566515, 55.8362666], [37.6571226, 55.8364344], [37.6574309, 55.836539], [37.6575827, 55.8366015], [37.6577242, 55.8366681], [37.6578523, 55.8367654]], [[37.6578523, 55.8367654], [37.6582215, 55.8370466], [37.6584199, 55.8371939], [37.6587547, 55.8374442]], [[37.6587547, 55.8374442], [37.6590313, 55.8376437], [37.6591476, 55.8377314]], [[37.6591476, 55.8377314], [37.6605695, 55.8388037], [37.6616658, 55.8396259], [37.6623714, 55.8402084]], [[37.6623714, 55.8402084], [37.6626285, 55.8404175], [37.6627786, 55.8405396]], [[37.6627786, 55.8405396], [37.6635749, 55.8411622], [37.6640072, 55.8415235], [37.6642063, 55.8416836]], [[37.6642063, 55.8416836], [37.6643785, 55.8418434], [37.664507, 55.8419748], [37.6645418, 55.8420468], [37.6645508, 55.842116], [37.664562, 55.8422907], [37.6645759, 55.8423603], [37.6646009, 55.8424214], [37.6646352, 55.8424702], [37.66468, 55.8425143], [37.6648027, 55.842613]], [[37.6648027, 55.842613], [37.6652471, 55.842943], [37.6653327, 55.8430081], [37.6654477, 55.8430957], [37.6656518, 55.8432383], [37.6657776, 55.8433305]], [[37.6657776, 55.8433305], [37.6658529, 55.8433929], [37.665913, 55.8434396], [37.6659548, 55.8434678]], [[37.6659548, 55.8434678], [37.6660297, 55.8435223], [37.6660829, 55.8435606], [37.6661727, 55.8436146], [37.666463, 55.8437798], [37.6667238, 55.8439392], [37.6668423, 55.844031]], [[37.6668423, 55.844031], [37.6683789, 55.8451638]], [[37.6683789, 55.8451638], [37.6685073, 55.8452567], [37.6685445, 55.8452828], [37.6685773, 55.8453058]], [[37.6685773, 55.8453058], [37.6690302, 55.8456395], [37.6692223, 55.845779], [37.6694964, 55.8459816], [37.6696425, 55.8460883]], [[37.6696425, 55.8460883], [37.669738, 55.8461689], [37.6698059, 55.846228], [37.6698729, 55.846293], [37.6699268, 55.846355], [37.6699762, 55.8464179], [37.6700435, 55.8465106], [37.6700851, 55.8465799], [37.6701237, 55.8466461], [37.6701279, 55.8466576], [37.6701785, 55.8467648]], [[37.6701785, 55.8467648], [37.6703335, 55.847216], [37.6706273, 55.847849], [37.6707424, 55.8481591], [37.6708012, 55.8484216], [37.6708525, 55.8486606], [37.6708837, 55.849157], [37.6708403, 55.8495331], [37.6707806, 55.849874], [37.6707494, 55.8500133], [37.6706813, 55.8503485], [37.6706063, 55.8507675]], [[37.6706063, 55.8507675], [37.6705844, 55.8508303], [37.6705556, 55.8509043], [37.6704456, 55.8510549], [37.6702593, 55.8511991]], [[37.6702593, 55.8511991], [37.6698148, 55.8514912], [37.6680008, 55.8526829], [37.6669835, 55.8533339], [37.6662528, 55.8538044], [37.6652632, 55.8544358], [37.6647293, 55.8547765], [37.6646373, 55.8548309], [37.6644367, 55.8549497], [37.6642204, 55.8550844], [37.664088, 55.8551669], [37.6628227, 55.8559888], [37.662296, 55.8564121], [37.6619052, 55.8567262], [37.66184, 55.8567844], [37.6617193, 55.8568895], [37.6613808, 55.8572319], [37.6610796, 55.8576023], [37.6608091, 55.8580167], [37.660551, 55.8585019], [37.660529, 55.8585432], [37.6603118, 55.8590801], [37.6602088, 55.8594542], [37.6601795, 55.8595638], [37.6601566, 55.8596503], [37.6601191, 55.8598248]], [[37.6601191, 55.8598248], [37.6601112, 55.8598618], [37.6600696, 55.8601659], [37.6600601, 55.8604205], [37.6600774, 55.8607638], [37.6601157, 55.8610318], [37.6602824, 55.8616518], [37.6606836, 55.8625395]], [[37.6606836, 55.8625395], [37.6609334, 55.8630554]], [[37.6609334, 55.8630554], [37.6609691, 55.8631297], [37.6609942, 55.8631818], [37.6613235, 55.8638544], [37.6616972, 55.8645961], [37.6617375, 55.8646752], [37.6617428, 55.8646855], [37.6617936, 55.8647804], [37.6630165, 55.8671601], [37.663058, 55.8672438], [37.6635791, 55.8682878], [37.6636014, 55.8683389], [37.6638045, 55.8687537], [37.6638224, 55.8687887], [37.6638401, 55.8688328]], [[37.6638401, 55.8688328], [37.6638463, 55.8688805], [37.6638456, 55.8689057], [37.6638436, 55.8689708], [37.6638125, 55.8690861], [37.6637898, 55.8691195], [37.6637677, 55.8691615], [37.6637375, 55.8692105], [37.6637305, 55.8692318], [37.6636798, 55.8692856], [37.6636483, 55.8693225], [37.6635277, 55.8694371], [37.6634525, 55.8694949], [37.663372, 55.8695467], [37.6632087, 55.869637], [37.6630854, 55.8696876], [37.6629946, 55.8697192], [37.6629224, 55.8697409], [37.6628319, 55.8697658], [37.6627458, 55.8697877], [37.6626198, 55.8698163], [37.6624892, 55.8698419]], [[37.6624892, 55.8698419], [37.6623662, 55.8698645], [37.6622139, 55.8698911], [37.6596176, 55.8702948], [37.6587104, 55.8704391], [37.6571094, 55.8706938], [37.6569094, 55.8707256]], [[37.6569094, 55.8707256], [37.6556496, 55.8709247], [37.6554966, 55.8709486]], [[37.6554966, 55.8709486], [37.6540847, 55.8711661]], [[37.6540847, 55.8711661], [37.6524715, 55.8713951], [37.6523153, 55.8714122], [37.6521872, 55.8714263], [37.6517412, 55.8714753], [37.650602, 55.8715998], [37.6505223, 55.8716049], [37.6493947, 55.8716765], [37.649303, 55.8716771], [37.6488588, 55.8716798], [37.6481314, 55.8716849], [37.6477798, 55.8716874], [37.6470982, 55.8716572], [37.6469464, 55.8716463], [37.6467347, 55.8716311], [37.646464, 55.8716101], [37.646391, 55.8716045], [37.6451271, 55.871486], [37.6445527, 55.8714322], [37.6420031, 55.8711896], [37.6393373, 55.870936], [37.6389016, 55.8708917]], [[37.6389016, 55.8708917], [37.6387909, 55.8708933], [37.638631, 55.8708957], [37.6385064, 55.8709201], [37.6384059, 55.8709397], [37.6383849, 55.8709457], [37.6383067, 55.8709755], [37.6382007, 55.8710255], [37.6380772, 55.871111], [37.6380276, 55.8711946], [37.638019, 55.8712091]], [[37.638019, 55.8712091], [37.6378787, 55.8716961], [37.6378601, 55.8717588], [37.6374451, 55.8731573], [37.6370817, 55.8743664], [37.6370669, 55.8744172], [37.636673, 55.8757719], [37.6360426, 55.8779406], [37.6360129, 55.8780374], [37.6359606, 55.8782075]], [[37.6359606, 55.8782075], [37.6359575, 55.8782279], [37.6359519, 55.8783779], [37.636017, 55.8785491], [37.6360803, 55.8786376], [37.636123, 55.8786974], [37.6361565, 55.8787375]], [[37.6361565, 55.8787375], [37.636263, 55.878839], [37.6388938, 55.8815736], [37.6389947, 55.8816795], [37.6393888, 55.8820745], [37.6412091, 55.8839975], [37.6413755, 55.8841738], [37.6418655, 55.8846928], [37.642734, 55.8856073], [37.6430122, 55.8859019], [37.6430233, 55.8859136], [37.6432114, 55.8861057]], [[37.6432114, 55.8861057], [37.6433917, 55.8862975]], [[37.6433917, 55.8862975], [37.6440118, 55.8869342], [37.6441976, 55.8871441], [37.644195, 55.8872436], [37.6441068, 55.8873266], [37.6440834, 55.8873486], [37.6438796, 55.8874129], [37.6429789, 55.8875052]]]}, "properties": {"route": 17, "direction": 0, "name": "Трамвай 17: Усадьба Останкино => Медведково", "osm_relation": 540033}}, {"type": "Feature", "geometry": {"type": "MultiLineString", "coordinates": [[[37.6429552, 55.8865575], [37.6430444, 55.886462], [37.643174, 55.8863233], [37.6431981, 55.8862369], [37.6431847, 55.8861666], [37.6431735, 55.8861498]], [[37.6431735, 55.8861498], [37.6431488, 55.8861125], [37.6429652, 55.8859174], [37.6426737, 55.8856248], [37.6418096, 55.8847048], [37.6413151, 55.8841812], [37.6411592, 55.8840161], [37.6393216, 55.8820907], [37.6390216, 55.8817849], [37.6389401, 55.8816972], [37.636213, 55.8788513], [37.6361045, 55.8787438]], [[37.6361045, 55.8787438], [37.6360718, 55.8787097], [37.6360265, 55.8786442], [37.635963, 55.8785525], [37.6359013, 55.8783781], [37.6358951, 55.8782338], [37.6358985, 55.8782068]], [[37.6358985, 55.8782068], [37.6359456, 55.8780335], [37.6359714, 55.8779396], [37.6366143, 55.8757662], [37.6369974, 55.8744708], [37.637015, 55.8744122], [37.6373902, 55.8731515], [37.6377818, 55.8718418], [37.6378072, 55.8717546], [37.6379686, 55.8712012]], [[37.6379686, 55.8712012], [37.637975, 55.8711899], [37.6380249, 55.871102], [37.6381296, 55.8710181], [37.6382545, 55.8709515], [37.6383075, 55.8709304], [37.6383654, 55.8709074], [37.6383989, 55.8708995], [37.6384874, 55.8708785], [37.638624, 55.8708641], [37.6387486, 55.8708637], [37.6389099, 55.8708632]], [[37.6389099, 55.8708632], [37.639361, 55.8709148], [37.6420126, 55.8711637], [37.6445656, 55.8714033], [37.6451612, 55.8714608], [37.6462401, 55.8715629], [37.6464747, 55.8715837], [37.6467406, 55.8716072], [37.6469492, 55.871622], [37.6471018, 55.8716329], [37.6477786, 55.8716599], [37.6488568, 55.8716497], [37.6492998, 55.871646], [37.6493908, 55.8716452], [37.6505165, 55.8715733], [37.6505894, 55.8715686], [37.6515958, 55.8714629], [37.6521765, 55.8713971], [37.652462, 55.8713648], [37.654027, 55.8711387]], [[37.654027, 55.8711387], [37.6554328, 55.870922]], [[37.6554328, 55.870922], [37.6555958, 55.8708999], [37.6569015, 55.8706937]], [[37.6569015, 55.8706937], [37.6571134, 55.8706599], [37.6586348, 55.8704168], [37.6586972, 55.8704071], [37.6622002, 55.8698629], [37.6623425, 55.8698396], [37.6624608, 55.8698178]], [[37.6624608, 55.8698178], [37.6625879, 55.8697915], [37.6627078, 55.8697652], [37.662821, 55.8697357], [37.662898, 55.8697137], [37.6629227, 55.8697067], [37.6630393, 55.8696678], [37.6631771, 55.8696139], [37.6632667, 55.8695656], [37.6633457, 55.8695174], [37.6634168, 55.8694707], [37.6634809, 55.8694211], [37.6636061, 55.8693035], [37.6636561, 55.8692448], [37.6636902, 55.8691995], [37.6637241, 55.8691361], [37.663748, 55.8690959], [37.6637679, 55.8690519], [37.6637991, 55.8689359], [37.663802, 55.8688923], [37.6637986, 55.8688446]], [[37.6637986, 55.8688446], [37.6637824, 55.8687946], [37.6636701, 55.8685516], [37.6635686, 55.8683441], [37.663503, 55.8682098], [37.6634259, 55.8680484], [37.6630178, 55.8672516], [37.6629735, 55.8671651], [37.661749, 55.8647868], [37.6617, 55.8646934], [37.6616944, 55.8646829], [37.6616525, 55.8646028], [37.66147, 55.8642419], [37.6612824, 55.8638593], [37.6609607, 55.8631861], [37.6609352, 55.8631342], [37.6608987, 55.8630603]], [[37.6608987, 55.8630603], [37.6606402, 55.8625487]], [[37.6606402, 55.8625487], [37.6602336, 55.8616533], [37.6600746, 55.8610462], [37.6600277, 55.8607642], [37.6600207, 55.8604227], [37.6600247, 55.8601664], [37.6600682, 55.859861], [37.660077, 55.859821]], [[37.660077, 55.859821], [37.6601151, 55.8596489], [37.6601376, 55.8595616], [37.6601664, 55.8594504], [37.6602749, 55.8590751], [37.6604864, 55.8585397], [37.6605092, 55.8584966], [37.6607662, 55.8580094], [37.6610408, 55.8575955], [37.661334, 55.8572246], [37.6614864, 55.857058], [37.6616733, 55.856879], [37.661781, 55.8567775], [37.661861, 55.8567104], [37.6622614, 55.8563943], [37.6627971, 55.8559715], [37.6640763, 55.8551301], [37.6641826, 55.8550658], [37.664362, 55.8549574], [37.6645522, 55.8548433], [37.6646951, 55.8547576], [37.6650967, 55.8545022], [37.6652291, 55.8544171], [37.6662074, 55.8537887], [37.6668675, 55.8533618], [37.6678495, 55.8527267], [37.669762, 55.8514667], [37.6703976, 55.8510479]], [[37.6703976, 55.8510479], [37.6705098, 55.8509018], [37.6705414, 55.8508104], [37.6705541, 55.8507667]], [[37.6705541, 55.8507667], [37.670591, 55.8505492], [37.6706252, 55.8503476], [37.6706945, 55.8500133], [37.6707228, 55.8498701], [37.6707881, 55.8495259], [37.6708282, 55.8491541], [37.6707923, 55.848665], [37.6707504, 55.8484223], [37.6706822, 55.8481589], [37.6705748, 55.8478632], [37.6702817, 55.8472203], [37.670127, 55.8467721]], [[37.670127, 55.8467721], [37.6700877, 55.846686], [37.6700704, 55.8466549], [37.6700331, 55.8465896], [37.6699951, 55.8465207], [37.6699269, 55.8464308], [37.6698763, 55.8463682], [37.669822, 55.8463064], [37.6697579, 55.8462444], [37.6696908, 55.8461863], [37.6695975, 55.8461083]], [[37.6695975, 55.8461083], [37.6691771, 55.8457985], [37.6690538, 55.8457135], [37.6689878, 55.8456581], [37.6685335, 55.8453236]], [[37.6685335, 55.8453236], [37.6684649, 55.8452745], [37.6683394, 55.8451808]], [[37.6683394, 55.8451808], [37.6668008, 55.8440474]], [[37.6668008, 55.8440474], [37.6666819, 55.8439569], [37.6664228, 55.8438008], [37.6661334, 55.8436352], [37.6660408, 55.8435802], [37.665988, 55.8435423], [37.6659129, 55.8434849]], [[37.6659129, 55.8434849], [37.6658733, 55.8434552], [37.6658127, 55.8434084], [37.6657338, 55.8433474]], [[37.6657338, 55.8433474], [37.6656297, 55.8432693], [37.6652879, 55.8430273], [37.6652301, 55.8429843], [37.6647619, 55.8426302]], [[37.6647619, 55.8426302], [37.6646439, 55.8425273], [37.6645985, 55.8424812], [37.6645601, 55.8424298], [37.6645296, 55.8423666], [37.6645142, 55.8422933], [37.6645011, 55.8421169], [37.6644896, 55.8420495], [37.6644575, 55.8419841], [37.6643269, 55.8418609], [37.6641646, 55.8417021]], [[37.6641646, 55.8417021], [37.6639607, 55.8415424], [37.6635242, 55.8411769], [37.6627243, 55.8405555]], [[37.6627243, 55.8405555], [37.662578, 55.840435], [37.6623241, 55.8402257]], [[37.6623241, 55.8402257], [37.6616207, 55.8396423], [37.6605287, 55.838822], [37.6591034, 55.8377493]], [[37.6591034, 55.8377493], [37.6589881, 55.8376625], [37.6587122, 55.8374639]], [[37.6587122, 55.8374639], [37.6583777, 55.8372115], [37.657987, 55.8369197], [37.6578075, 55.8367831]], [[37.6578075, 55.8367831], [37.6576836, 55.836691], [37.6575489, 55.8366283], [37.6573995, 55.8365709], [37.6570944, 55.8364626], [37.656628, 55.8362948], [37.6564776, 55.8362215], [37.6563612, 55.8361546], [37.6562598, 55.8360724], [37.6561764, 55.8359938], [37.6561171, 55.8359356]], [[37.6561171, 55.8359356], [37.655683, 55.8355003]], [[37.655683, 55.8355003], [37.6556426, 55.8354613], [37.655607, 55.835427]], [[37.655607, 55.835427], [37.6550246, 55.8348389], [37.6548395, 55.8346533]], [[37.6548395, 55.8346533], [37.6542978, 55.8341225]], [[37.6542978, 55.8341225], [37.6539554, 55.8338328], [37.6539344, 55.8338118]], [[37.6539344, 55.8338118], [37.6536602, 55.8335622]], [[37.6536602, 55.8335622], [37.6535588, 55.8334665], [37.6534614, 55.8333723], [37.6533689, 55.8332796]], [[37.6533689, 55.8332796], [37.6528158, 55.8327291], [37.6526297, 55.8325513]], [[37.6526297, 55.8325513], [37.6525491, 55.8324654], [37.6522099, 55.8321294], [37.6520706, 55.8319832]], [[37.6520706, 55.8319832], [37.6515831, 55.8314846]], [[37.6515831, 55.8314846], [37.6514648, 55.8313791], [37.6513165, 55.8312897]], [[37.6513165, 55.8312897], [37.65104, 55.8311126], [37.6509595, 55.8310365]], [[37.6509595, 55.8310365], [37.6494839, 55.8296408], [37.6493889, 55.829554]], [[37.6493889, 55.829554], [37.6492179, 55.829402], [37.649042, 55.829221], [37.6489459, 55.8291307], [37.6489298, 55.829106]], [[37.6489298, 55.829106], [37.6483222, 55.8285126], [37.6477715, 55.8279726], [37.6472808, 55.8274808], [37.646976, 55.8271688]], [[37.646976, 55.8271688], [37.6469397, 55.827138], [37.6469053, 55.8271195], [37.6468603, 55.8271035], [37.646797, 55.827092], [37.6467111, 55.8270905], [37.646625, 55.8270961], [37.6465431, 55.8271112]], [[37.6465431, 55.8271112], [37.6460967, 55.8272421], [37.645915, 55.8272976], [37.64579, 55.8273352], [37.6457148, 55.8273575]], [[37.6457148, 55.8273575], [37.6456299, 55.8273773], [37.6455873, 55.8273847], [37.645544, 55.8273904], [37.645496, 55.8273952], [37.6454474, 55.827397], [37.6454075, 55.8273974], [37.6453658, 55.8273966], [37.6453218, 55.8273942], [37.6452725, 55.8273878], [37.645223, 55.8273757], [37.6451806, 55.8273603], [37.6451594, 55.827351], [37.6451376, 55.8273413], [37.6450816, 55.8273132]], [[37.6450816, 55.8273132], [37.6449611, 55.8272486], [37.6448634, 55.827197], [37.6438898, 55.8266829], [37.6424669, 55.825969], [37.6422645, 55.8258729], [37.640954, 55.8251882], [37.6394613, 55.8244197], [37.6393153, 55.8243398], [37.6382716, 55.8238048], [37.6379487, 55.8236393], [37.6378267, 55.8235775], [37.6377757, 55.8235523]], [[37.6377757, 55.8235523], [37.6375808, 55.8234443], [37.6367828, 55.8230383], [37.6364987, 55.8228891]], [[37.6364987, 55.8228891], [37.6362269, 55.8227372], [37.6358411, 55.8225203], [37.6355305, 55.8223414]], [[37.6355305, 55.8223414], [37.6353817, 55.8222477], [37.6352778, 55.8221929], [37.6352701, 55.8221889], [37.6351747, 55.8221411]], [[37.6351747, 55.8221411], [37.6350787, 55.8220934], [37.6350392, 55.8220779], [37.6349545, 55.8220596], [37.634895, 55.8220612], [37.6348418, 55.8220626]], [[37.6348418, 55.8220626], [37.6346094, 55.8220703], [37.6341704, 55.8220839], [37.6339085, 55.822092], [37.6322627, 55.8221416], [37.6314423, 55.8221685]], [[37.6314423, 55.8221685], [37.6311844, 55.8221579], [37.630943, 55.8221282], [37.630911, 55.822122]], [[37.630911, 55.822122], [37.63084, 55.8221086], [37.6297488, 55.8218981]], [[37.6297488, 55.8218981], [37.62929, 55.8218369]], [[37.62929, 55.8218369], [37.6286054, 55.8218406], [37.6283954, 55.8218427], [37.6257074, 55.8218574], [37.6251319, 55.8218585], [37.6248787, 55.8218607], [37.6232206, 55.8218809], [37.6225747, 55.8218839], [37.6221282, 55.8218859], [37.62165, 55.821888], [37.6199602, 55.8218893], [37.6197228, 55.8218894], [37.6196422, 55.8218905], [37.6195926, 55.8218914]], [[37.6195926, 55.8218914], [37.6195652, 55.8218921], [37.6195378, 55.8218934], [37.6195101, 55.8218949], [37.6194828, 55.8218973], [37.6194539, 55.8219004], [37.6194271, 55.8219041], [37.6194009, 55.8219091], [37.6193765, 55.8219155], [37.6193526, 55.8219223], [37.61933, 55.8219306], [37.6193083, 55.8219389], [37.6192898, 55.8219471], [37.6192706, 55.8219568], [37.6192532, 55.8219668], [37.6192365, 55.8219792], [37.6192216, 55.8219917], [37.6192085, 55.8220044], [37.6191986, 55.8220169], [37.6191887, 55.822031], [37.6191814, 55.822046], [37.6191753, 55.8220605], [37.6191703, 55.8220747], [37.6191678, 55.8220889], [37.6191662, 55.8221031], [37.6191655, 55.8221174], [37.6191652, 55.8221304], [37.6191539, 55.8223868], [37.6191526, 55.8224065], [37.6191514, 55.8224252], [37.6191493, 55.8224446], [37.6191463, 55.8224656], [37.6191426, 55.822483], [37.6191362, 55.822502], [37.6191296, 55.8225195], [37.6191223, 55.8225361], [37.6191111, 55.8225529], [37.6190965, 55.8225692], [37.6190778, 55.8225848], [37.6190558, 55.8225995], [37.6190286, 55.8226123], [37.6190002, 55.8226228], [37.6189704, 55.8226324], [37.6189366, 55.8226409], [37.6189037, 55.8226466], [37.6188718, 55.8226509], [37.6188391, 55.8226543], [37.6188066, 55.8226567]], [[37.6188066, 55.8226567], [37.6184513, 55.8226763], [37.6178431, 55.8227071], [37.6172291, 55.8227374]]]}, "properties": {"route": 17, "direction": 1, "name": "Трамвай 17: Медведково => Усадьба Останкино", "osm_relation": 540139}}, {"type": "Feature", "geometry": {"type": "MultiLineString", "coordinates": [[[37.6157775, 55.8235904], [37.6161024, 55.8234051], [37.6161286, 55.8233705], [37.6161504, 55.8233339], [37.6161623, 55.8232943], [37.6161643, 55.823251], [37.616159, 55.8229922], [37.616161, 55.822978], [37.6161644, 55.8229633], [37.6161677, 55.8229495], [37.6161722, 55.8229361], [37.616178, 55.8229224], [37.6161839, 55.82291], [37.6161938, 55.8228957], [37.6162032, 55.8228819], [37.6162138, 55.8228689], [37.6162257, 55.8228552], [37.6162379, 55.8228436], [37.6162504, 55.8228331], [37.6162683, 55.8228207], [37.6162837, 55.8228106], [37.6163029, 55.822801], [37.6163239, 55.822792], [37.6163465, 55.8227842], [37.6163687, 55.8227774], [37.6163887, 55.822772], [37.6164093, 55.8227668], [37.6164286, 55.8227622], [37.6164478, 55.8227581], [37.6164683, 55.822754], [37.61649, 55.8227503], [37.616511, 55.8227471], [37.6165325, 55.8227448], [37.616572, 55.8227415], [37.6166112, 55.8227389], [37.6167583, 55.8227297]], [[37.6167583, 55.8227297], [37.6169106, 55.8227225], [37.6184454, 55.8226463], [37.6187994, 55.8226269]], [[37.6187994, 55.8226269], [37.6188309, 55.8226249], [37.6188598, 55.8226222], [37.6188898, 55.8226184], [37.6189187, 55.8226134], [37.6189473, 55.8226067], [37.6189744, 55.8225983], [37.6189976, 55.8225892], [37.6190178, 55.8225782], [37.6190363, 55.8225672], [37.6190529, 55.8225546], [37.6190646, 55.8225412], [37.6190733, 55.8225269], [37.6190803, 55.822512], [37.6190868, 55.8224954], [37.6190921, 55.8224794], [37.6190955, 55.8224621], [37.6190984, 55.8224429], [37.6191004, 55.8224238], [37.6191016, 55.8224054], [37.6191028, 55.8223864], [37.619111, 55.8221299], [37.6191115, 55.8221165], [37.6191124, 55.8221011], [37.6191142, 55.8220858], [37.6191171, 55.8220703], [37.6191226, 55.8220546], [37.6191293, 55.8220384], [37.6191372, 55.8220218], [37.6191484, 55.8220046], [37.6191639, 55.8219897], [37.6191815, 55.8219757], [37.6191992, 55.821963], [37.6192196, 55.8219498], [37.6192379, 55.8219385], [37.6192575, 55.8219276], [37.6192787, 55.8219172], [37.6193008, 55.8219077], [37.6193291, 55.8218981], [37.6193549, 55.8218911], [37.6193824, 55.8218841], [37.6194141, 55.8218777], [37.6194444, 55.8218733], [37.619474, 55.8218698], [37.6195035, 55.8218669], [37.6195329, 55.8218648], [37.6195617, 55.8218631], [37.6195904, 55.8218619]], [[37.6195904, 55.8218619], [37.6196411, 55.8218613], [37.6197215, 55.82186], [37.6199601, 55.8218596], [37.6213391, 55.8218598], [37.6216494, 55.8218581], [37.6225746, 55.8218533], [37.6232309, 55.8218498], [37.6248767, 55.8218382], [37.6251321, 55.8218364], [37.6257419, 55.8218361], [37.628137, 55.821823], [37.628395, 55.8218218], [37.6286167, 55.8218207], [37.6293166, 55.8218181]], [[37.6293166, 55.8218181], [37.6297555, 55.8218737]], [[37.6297555, 55.8218737], [37.6308429, 55.8220841]], [[37.6308429, 55.8220841], [37.6309151, 55.8220987], [37.6309732, 55.8221096], [37.631359, 55.8221376]], [[37.631359, 55.8221376], [37.6322135, 55.8221247], [37.6336906, 55.8220741], [37.6341742, 55.8220599], [37.634611, 55.8220488], [37.6348512, 55.82204]], [[37.6348512, 55.82204], [37.6349103, 55.8220404], [37.6349645, 55.8220408], [37.6350573, 55.8220626], [37.6350957, 55.8220752], [37.6351948, 55.8221196]], [[37.6351948, 55.8221196], [37.6352872, 55.8221685], [37.6352984, 55.8221732], [37.6354016, 55.8222273], [37.6355549, 55.8223225]], [[37.6355549, 55.8223225], [37.6358671, 55.8225022], [37.6362515, 55.8227165], [37.6365254, 55.8228662]], [[37.6365254, 55.8228662], [37.6368124, 55.8230171], [37.6376169, 55.823421], [37.6378156, 55.82353]], [[37.6378156, 55.82353], [37.6378652, 55.8235545], [37.6379857, 55.8236157], [37.6387399, 55.8240069], [37.6393533, 55.8243166], [37.6395005, 55.8243951], [37.640992, 55.825164], [37.6422676, 55.8258303], [37.6425047, 55.825945], [37.6439343, 55.8266629], [37.6449118, 55.8271784], [37.6450162, 55.8272334], [37.6451337, 55.8272974]], [[37.6451337, 55.8272974], [37.6451732, 55.8273176], [37.6452128, 55.8273351], [37.6452492, 55.8273483], [37.6452899, 55.8273583], [37.6453307, 55.8273635], [37.6453694, 55.8273656], [37.6454079, 55.8273663], [37.6454452, 55.827366], [37.6454894, 55.8273644], [37.6455328, 55.82736], [37.6455727, 55.8273548], [37.6456111, 55.8273481], [37.6456912, 55.8273294]], [[37.6456912, 55.8273294], [37.645764, 55.8273078], [37.6458887, 55.8272703], [37.6460711, 55.8272146], [37.646509, 55.8270846]], [[37.646509, 55.8270846], [37.6472152, 55.8268688]], [[37.6472152, 55.8268688], [37.6478451, 55.8266562], [37.6480821, 55.8265776], [37.6492812, 55.8261722]], [[37.6492812, 55.8261722], [37.6510557, 55.8255809]], [[37.6510557, 55.8255809], [37.6512202, 55.8255152], [37.6514647, 55.8253962], [37.6515553, 55.8253438], [37.6517109, 55.8252499], [37.6518802, 55.8251578], [37.6521574, 55.8250147], [37.6522783, 55.8249706]], [[37.6522783, 55.8249706], [37.6528908, 55.8247516], [37.6531787, 55.8246536], [37.6534982, 55.8245402], [37.6546763, 55.8241368], [37.6548667, 55.8240721], [37.655147, 55.8239769]], [[37.655147, 55.8239769], [37.6556707, 55.8237991], [37.6560497, 55.8236739], [37.6567809, 55.8234255], [37.6570766, 55.8233251], [37.6575317, 55.8231679]], [[37.6575317, 55.8231679], [37.6576805, 55.8231187], [37.6577714, 55.8230905], [37.6586016, 55.8228406], [37.6587556, 55.8227941], [37.6601344, 55.8223722], [37.6602188, 55.8223444], [37.6603717, 55.8222982], [37.6614911, 55.8219602], [37.6623595, 55.8216916], [37.6630405, 55.8214805], [37.6637317, 55.8212794], [37.66392, 55.821225], [37.664362, 55.8210971], [37.6648075, 55.8209702], [37.666235, 55.8205655], [37.6675311, 55.8201789]], [[37.6675311, 55.8201789], [37.6683193, 55.8199586]], [[37.6683193, 55.8199586], [37.6702951, 55.8193767], [37.6708512, 55.8192129], [37.6712839, 55.8190883]], [[37.6712839, 55.8190883], [37.6717701, 55.8189533], [37.6752006, 55.8179841]], [[37.6752006, 55.8179841], [37.6755571, 55.8178998], [37.6757451, 55.8178661]], [[37.6757451, 55.8178661], [37.6769931, 55.8176427], [37.6773825, 55.8175758], [37.6779271, 55.8174889], [37.6780235, 55.8174724], [37.6781503, 55.8174506], [37.678192, 55.8174458]], [[37.678192, 55.8174458], [37.678796, 55.8173411], [37.6789964, 55.8173073], [37.6790898, 55.8172943]], [[37.6790898, 55.8172943], [37.6793578, 55.8172403], [37.6795411, 55.8172012], [37.6797897, 55.8171063]], [[37.6797897, 55.8171063], [37.6801664, 55.816925], [37.6802248, 55.8168974], [37.6810031, 55.8165287], [37.6822215, 55.8159595], [37.6826825, 55.8157455]], [[37.6826825, 55.8157455], [37.6829681, 55.8156392], [37.6832201, 55.8155673], [37.6834083, 55.8155352]], [[37.6834083, 55.8155352], [37.6840045, 55.8154337], [37.6843114, 55.8153883]], [[37.6843114, 55.8153883], [37.6848195, 55.8153174], [37.6850679, 55.8152612], [37.6851603, 55.8152229], [37.6852798, 55.8151599]], [[37.6852798, 55.8151599], [37.685379, 55.8150879], [37.6865173, 55.8142621]], [[37.6865173, 55.8142621], [37.6866934, 55.8141343], [37.6867424, 55.8140918], [37.6867717, 55.8140499], [37.6867932, 55.8140088], [37.6867967, 55.813998], [37.6868091, 55.8139604], [37.6868153, 55.8138942], [37.6868146, 55.8138383], [37.6868012, 55.813794], [37.6867816, 55.8137465], [37.6867508, 55.8137077]], [[37.6867508, 55.8137077], [37.6862539, 55.8130687], [37.6857255, 55.8124022]], [[37.6857255, 55.8124022], [37.6853045, 55.8118412], [37.6847987, 55.8111819]], [[37.6847987, 55.8111819], [37.6847637, 55.8111302], [37.6847488, 55.8110982], [37.6847457, 55.8110676], [37.6847511, 55.8110379], [37.6847747, 55.8109921], [37.684805, 55.8109547], [37.6848516, 55.810913]], [[37.6848516, 55.810913], [37.6853975, 55.810502], [37.6877084, 55.8087622], [37.6880014, 55.8085416], [37.6894921, 55.8074192], [37.6895273, 55.8073927], [37.6901761, 55.8069042]], [[37.6901761, 55.8069042], [37.6915524, 55.8058679]], [[37.6915524, 55.8058679], [37.6917186, 55.8057428]], [[37.6917186, 55.8057428], [37.6917319, 55.8057341], [37.6917641, 55.8056962], [37.6917728, 55.8056489], [37.6917697, 55.8056123], [37.6917545, 55.8055811], [37.6917349, 55.8055523], [37.6917088, 55.8055228], [37.691675, 55.8054894]], [[37.691675, 55.8054894], [37.6906147, 55.8045391], [37.6901435, 55.8041102], [37.6888129, 55.8028976], [37.6887273, 55.8028181], [37.6884912, 55.8026189]], [[37.6884912, 55.8026189], [37.6881889, 55.8023428], [37.6881567, 55.8023134], [37.687957, 55.8020489], [37.6878138, 55.8018314], [37.6877287, 55.8016832]], [[37.6877287, 55.8016832], [37.6874985, 55.8012824], [37.6874637, 55.8012254], [37.6869744, 55.8004238]], [[37.6869744, 55.8004238], [37.6868466, 55.8002145], [37.686617, 55.7999434], [37.6861749, 55.7995479]], [[37.6861749, 55.7995479], [37.6861283, 55.7995054], [37.6860481, 55.79944], [37.6859886, 55.7993858], [37.6859132, 55.7993104], [37.685614, 55.799026]], [[37.685614, 55.799026], [37.6852449, 55.7986752], [37.6849909, 55.7983961]], [[37.6849909, 55.7983961], [37.6832784, 55.796515]], [[37.6832784, 55.796515], [37.6831284, 55.7963502], [37.6830666, 55.7962518], [37.6830321, 55.7961937], [37.6829565, 55.7960284], [37.6828937, 55.7958677]], [[37.6828937, 55.7958677], [37.6822975, 55.7943876], [37.6817271, 55.7929809]], [[37.6817271, 55.7929809], [37.681696, 55.7929041], [37.6816786, 55.792882], [37.6816549, 55.7928618], [37.6816255, 55.7928441], [37.6816007, 55.7928332], [37.6815913, 55.7928294], [37.6815533, 55.7928182], [37.6814748, 55.7928003]], [[37.6814748, 55.7928003], [37.6807219, 55.792629], [37.680539, 55.7925858]], [[37.680539, 55.7925858], [37.6804464, 55.7925648], [37.6804058, 55.7925483], [37.6803767, 55.7925318], [37.6803414, 55.7925054], [37.6803398, 55.7925036], [37.6803192, 55.7924801], [37.6803046, 55.7924531], [37.6802989, 55.7924291], [37.6802994, 55.7923971], [37.68031, 55.7923632]], [[37.68031, 55.7923632], [37.6803444, 55.7923116], [37.6807767, 55.7916318]], [[37.6807767, 55.7916318], [37.6807832, 55.7915909], [37.6807761, 55.7915543], [37.6807582, 55.7915241], [37.6807315, 55.791496], [37.6806966, 55.7914709], [37.6806547, 55.7914494], [37.6806062, 55.7914353], [37.6805529, 55.7914236], [37.6804994, 55.7914129]], [[37.6804994, 55.7914129], [37.6804559, 55.7914048], [37.6799512, 55.7913018], [37.6799254, 55.7913011], [37.6798998, 55.7913028], [37.679875, 55.7913069], [37.6798517, 55.7913131], [37.6798306, 55.7913214], [37.6798121, 55.7913316], [37.6797968, 55.7913433], [37.6797851, 55.7913562], [37.6797774, 55.79137], [37.6796588, 55.7915534], [37.6794659, 55.7918534]]]}, "properties": {"route": 25, "direction": 0, "name": "Трамвай 25: Усадьба Останкино => Сокольническая Застава", "osm_relation": 3186264}}, {"type": "Feature", "geometry": {"type": "MultiLineString", "coordinates": [[[37.6794659, 55.7918534], [37.6793374, 55.7920464], [37.6793222, 55.7920747], [37.6793173, 55.7920899], [37.6793133, 55.7921027], [37.6793096, 55.7921283], [37.6793128, 55.7921553], [37.6793301, 55.7921994], [37.6793712, 55.7922475], [37.6794271, 55.7922903], [37.6795013, 55.7923238], [37.6800272, 55.7924362]], [[37.6800272, 55.7924362], [37.6803398, 55.7925036], [37.6803917, 55.7925153], [37.6804849, 55.7925406]], [[37.6804849, 55.7925406], [37.681146, 55.7926944], [37.6815102, 55.7927782]], [[37.6815102, 55.7927782], [37.6816094, 55.792801], [37.681647, 55.7928152], [37.681675, 55.7928292], [37.68168, 55.792832], [37.681708, 55.7928517], [37.6817301, 55.7928737], [37.6817457, 55.7928974], [37.6817761, 55.792972]], [[37.6817761, 55.792972], [37.6823465, 55.7943701], [37.6829494, 55.7958552]], [[37.6829494, 55.7958552], [37.6830086, 55.796011], [37.6830879, 55.7961872], [37.683133, 55.7962653], [37.6831827, 55.7963386], [37.683328, 55.7964981]], [[37.683328, 55.7964981], [37.6840827, 55.7973264], [37.6846586, 55.7979584]], [[37.6846586, 55.7979584], [37.6852994, 55.7986616], [37.6859668, 55.7992914]], [[37.6859668, 55.7992914], [37.6860363, 55.7993603], [37.6860439, 55.7993679], [37.6860908, 55.7994159], [37.6861686, 55.7994797], [37.6862219, 55.7995237]], [[37.6862219, 55.7995237], [37.6863974, 55.7996683], [37.6866728, 55.7999285], [37.6868972, 55.8001993], [37.6870262, 55.8004122]], [[37.6870262, 55.8004122], [37.6875359, 55.8012535], [37.6877776, 55.8016746]], [[37.6877776, 55.8016746], [37.6878622, 55.801822], [37.688011, 55.8020469], [37.6882355, 55.802325], [37.6885445, 55.8026023]], [[37.6885445, 55.8026023], [37.6887733, 55.8028037], [37.6887822, 55.8028116], [37.6888615, 55.8028831], [37.6902018, 55.8040902], [37.6906948, 55.8045366], [37.6917199, 55.8054757]], [[37.6917199, 55.8054757], [37.6917595, 55.8055186], [37.6918022, 55.8055666], [37.6918269, 55.8056155], [37.691828, 55.8056325], [37.69183, 55.8056615], [37.6918171, 55.8057025], [37.6917792, 55.8057466], [37.6917537, 55.8057694]], [[37.6917537, 55.8057694], [37.6915899, 55.8058927]], [[37.6915899, 55.8058927], [37.6902164, 55.806927]], [[37.6902164, 55.806927], [37.6895709, 55.807413], [37.6895349, 55.8074401], [37.6883116, 55.8083611], [37.6880437, 55.8085628], [37.6854418, 55.8105218], [37.6848777, 55.8109465]], [[37.6848777, 55.8109465], [37.6848424, 55.8109776], [37.6848191, 55.811004], [37.6847993, 55.8110376], [37.684796, 55.8110614], [37.6847937, 55.8110774], [37.6848159, 55.8111307], [37.6848414, 55.8111703]], [[37.6848414, 55.8111703], [37.6853423, 55.8118313], [37.6857582, 55.8123772]], [[37.6857582, 55.8123772], [37.6863009, 55.8130578], [37.6867924, 55.8136959]], [[37.6867924, 55.8136959], [37.6868242, 55.8137394], [37.6868488, 55.8137884], [37.6868597, 55.8138364], [37.6868656, 55.8138944], [37.6868588, 55.8139522], [37.6868576, 55.8139622], [37.6868415, 55.8140149], [37.6868191, 55.8140601], [37.6867854, 55.8141066], [37.6867357, 55.8141517], [37.6865593, 55.8142793]], [[37.6865593, 55.8142793], [37.6854207, 55.8151031], [37.6853182, 55.8151772]], [[37.6853182, 55.8151772], [37.6850999, 55.8152862], [37.6848258, 55.8153482], [37.6844962, 55.8153949], [37.684298, 55.8154188]], [[37.684298, 55.8154188], [37.6840185, 55.8154595], [37.6834165, 55.8155622]], [[37.6834165, 55.8155622], [37.6832413, 55.8155921], [37.6829998, 55.815663], [37.6827153, 55.8157697]], [[37.6827153, 55.8157697], [37.6822498, 55.8159769], [37.6810322, 55.816548], [37.6802554, 55.8169177], [37.6801941, 55.8169469], [37.6798171, 55.8171284]], [[37.6798171, 55.8171284], [37.6795606, 55.8172245], [37.6793792, 55.8172682], [37.6791956, 55.8173048]], [[37.6791956, 55.8173048], [37.679104, 55.8173207], [37.6786682, 55.8173939], [37.6782503, 55.8174644], [37.6782061, 55.8174723]], [[37.6782061, 55.8174723], [37.6781657, 55.8174768], [37.6780508, 55.8174972], [37.6779409, 55.8175159], [37.6773914, 55.8176042], [37.677008, 55.8176686], [37.6757551, 55.817893]], [[37.6757551, 55.817893], [37.6755753, 55.8179252], [37.6752199, 55.8180099]], [[37.6752199, 55.8180099], [37.6717951, 55.8189839], [37.6713237, 55.8191196], [37.6708809, 55.8192439], [37.6703217, 55.8194063], [37.6683399, 55.819982]], [[37.6683399, 55.819982], [37.6675517, 55.8202023]], [[37.6675517, 55.8202023], [37.666971, 55.8203746]], [[37.666971, 55.8203746], [37.6662554, 55.820587], [37.6643745, 55.821121], [37.6639406, 55.8212474], [37.6638334, 55.8212787], [37.6630613, 55.821503], [37.6623831, 55.8217157], [37.6621394, 55.8217922]], [[37.6621394, 55.8217922], [37.6603941, 55.8223231], [37.6602433, 55.822369], [37.6601573, 55.8223949], [37.6587751, 55.8228134], [37.658004, 55.8230517], [37.6577049, 55.8231418], [37.6575533, 55.8231893], [37.6570983, 55.823347], [37.656802, 55.8234462], [37.656071, 55.823691], [37.6556936, 55.8238193], [37.655169, 55.8239973], [37.6548882, 55.8240926], [37.6546979, 55.8241572], [37.6535179, 55.8245585], [37.6531976, 55.8246721], [37.6529125, 55.82477], [37.6523865, 55.8249588]], [[37.6523865, 55.8249588], [37.6521787, 55.8250329], [37.651902, 55.8251761], [37.6517306, 55.8252709], [37.65158, 55.8253624], [37.6514939, 55.8254128]], [[37.6514939, 55.8254128], [37.6512415, 55.8255392], [37.6510862, 55.8256021]], [[37.6510862, 55.8256021], [37.6493028, 55.8261954], [37.6487246, 55.8263898], [37.6481059, 55.8266011], [37.6478807, 55.826674], [37.6478676, 55.8266778], [37.6472416, 55.8268958]], [[37.6472416, 55.8268958], [37.647011, 55.8269703], [37.6467201, 55.8270603], [37.6465431, 55.8271112]], [[37.6465431, 55.8271112], [37.6460967, 55.8272421], [37.645915, 55.8272976], [37.64579, 55.8273352], [37.6457148, 55.8273575]], [[37.6457148, 55.8273575], [37.6456299, 55.8273773], [37.6455873, 55.8273847], [37.645544, 55.8273904], [37.645496, 55.8273952], [37.6454474, 55.827397], [37.6454075, 55.8273974], [37.6453658, 55.8273966], [37.6453218, 55.8273942], [37.6452725, 55.8273878], [37.645223, 55.8273757], [37.6451806, 55.8273603], [37.6451594, 55.827351], [37.6451376, 55.8273413], [37.6450816, 55.8273132]], [[37.6450816, 55.8273132], [37.6449611, 55.8272486], [37.6448634, 55.827197], [37.6438898, 55.8266829], [37.6424669, 55.825969], [37.6422645, 55.8258729], [37.640954, 55.8251882], [37.6394613, 55.8244197], [37.6393153, 55.8243398], [37.6382716, 55.8238048], [37.6379487, 55.8236393], [37.6378267, 55.8235775], [37.6377757, 55.8235523]], [[37.6377757, 55.8235523], [37.6375808, 55.8234443], [37.6367828, 55.8230383], [37.6364987, 55.8228891]], [[37.6364987, 55.8228891], [37.6362269, 55.8227372], [37.6358411, 55.8225203], [37.6355305, 55.8223414]], [[37.6355305, 55.8223414], [37.6353817, 55.8222477], [37.6352778, 55.8221929], [37.6352701, 55.8221889], [37.6351747, 55.8221411]], [[37.6351747, 55.8221411], [37.6350787, 55.8220934], [37.6350392, 55.8220779], [37.6349545, 55.8220596], [37.634895, 55.8220612], [37.6348418, 55.8220626]], [[37.6348418, 55.8220626], [37.6346094, 55.8220703], [37.6341704, 55.8220839], [37.6339085, 55.822092], [37.6322627, 55.8221416], [37.6314423, 55.8221685]], [[37.6314423, 55.8221685], [37.6311844, 55.8221579], [37.630943, 55.8221282], [37.630911, 55.822122]], [[37.630911, 55.822122], [37.63084, 55.8221086], [37.6297488, 55.8218981]], [[37.6297488, 55.8218981], [37.62929, 55.8218369]], [[37.62929, 55.8218369], [37.6286054, 55.8218406], [37.6283954, 55.8218427], [37.6257074, 55.8218574], [37.6251319, 55.8218585], [37.6248787, 55.8218607], [37.6232206, 55.8218809], [37.6225747, 55.8218839], [37.6221282, 55.8218859], [37.62165, 55.821888], [37.6199602, 55.8218893], [37.6197228, 55.8218894], [37.6196422, 55.8218905], [37.6195926, 55.8218914]], [[37.6195926, 55.8218914], [37.6195652, 55.8218921], [37.6195378, 55.8218934], [37.6195101, 55.8218949], [37.6194828, 55.8218973], [37.6194539, 55.8219004], [37.6194271, 55.8219041], [37.6194009, 55.8219091], [37.6193765, 55.8219155], [37.6193526, 55.8219223], [37.61933, 55.8219306], [37.6193083, 55.8219389], [37.6192898, 55.8219471], [37.6192706, 55.8219568], [37.6192532, 55.8219668], [37.6192365, 55.8219792], [37.6192216, 55.8219917], [37.6192085, 55.8220044], [37.6191986, 55.8220169], [37.6191887, 55.822031], [37.6191814, 55.822046], [37.6191753, 55.8220605], [37.6191703, 55.8220747], [37.6191678, 55.8220889], [37.6191662, 55.8221031], [37.6191655, 55.8221174], [37.6191652, 55.8221304], [37.6191539, 55.8223868], [37.6191526, 55.8224065], [37.6191514, 55.8224252], [37.6191493, 55.8224446], [37.6191463, 55.8224656], [37.6191426, 55.822483], [37.6191362, 55.822502], [37.6191296, 55.8225195], [37.6191223, 55.8225361], [37.6191111, 55.8225529], [37.6190965, 55.8225692], [37.6190778, 55.8225848], [37.6190558, 55.8225995], [37.6190286, 55.8226123], [37.6190002, 55.8226228], [37.6189704, 55.8226324], [37.6189366, 55.8226409], [37.6189037, 55.8226466], [37.6188718, 55.8226509], [37.6188391, 55.8226543], [37.6188066, 55.8226567]], [[37.6188066, 55.8226567], [37.6184513, 55.8226763], [37.6178431, 55.8227071], [37.6172291, 55.8227374]]]}, "properties": {"route": 25, "direction": 1, "name": "Трамвай 25: Сокольническая Застава => Усадьба Останкино", "osm_relation": 3186265}}, {"type": "Feature", "geometry": {"type": "MultiLineString", "coordinates": [[[37.6116715, 55.7268934], [37.6116582, 55.7268339], [37.6116089, 55.7266141], [37.6115953, 55.7265537], [37.6115868, 55.7265158], [37.6114826, 55.726042], [37.6114674, 55.7259726], [37.6114547, 55.7259149], [37.6114447, 55.7258695], [37.6114293, 55.7257993], [37.6114248, 55.7257788], [37.6114087, 55.7257067], [37.6113822, 55.7255853], [37.611309, 55.7252597], [37.6112939, 55.725192], [37.6112771, 55.7251129], [37.6112251, 55.7248896]], [[37.6112251, 55.7248896], [37.6111488, 55.7246066], [37.6110664, 55.7243243], [37.610987, 55.7240508]], [[37.610987, 55.7240508], [37.6109593, 55.7239553], [37.6109122, 55.723796], [37.6108834, 55.7236992]], [[37.6108834, 55.7236992], [37.6108113, 55.7234597], [37.6107255, 55.723217], [37.6106562, 55.7230249], [37.6105282, 55.7226797], [37.6104325, 55.722418], [37.6102792, 55.7220027], [37.610246, 55.7219101], [37.6100712, 55.7214294], [37.6099663, 55.7211659], [37.6098622, 55.7209001], [37.6096267, 55.7203061], [37.609364, 55.7196377], [37.6092814, 55.7194218], [37.6091206, 55.7189957], [37.6089853, 55.7186311], [37.6089536, 55.7185452], [37.6086772, 55.7178018], [37.6085589, 55.7175011], [37.6082979, 55.716831], [37.6082407, 55.7166801], [37.6081843, 55.7165312], [37.6078902, 55.7157401], [37.6078463, 55.7156232], [37.6078097, 55.7155255], [37.6074692, 55.714667], [37.6074087, 55.7145003], [37.6072739, 55.7141415], [37.6072398, 55.7140507], [37.6069786, 55.7133706], [37.6067373, 55.7127422], [37.6066247, 55.7124385], [37.6065358, 55.7121989], [37.6064804, 55.7120171], [37.6064268, 55.7118412]], [[37.6064268, 55.7118412], [37.6064038, 55.711776]], [[37.6064038, 55.711776], [37.6063995, 55.7117638], [37.6063785, 55.7117039], [37.6063645, 55.7116642]], [[37.6063645, 55.7116642], [37.6063339, 55.7115773], [37.606316, 55.7115295], [37.6063006, 55.7114884], [37.6062874, 55.7114572], [37.6062516, 55.711375]], [[37.6062516, 55.711375], [37.6061574, 55.711149], [37.6061454, 55.7111108], [37.6061328, 55.7110708], [37.6061176, 55.7109948], [37.6061103, 55.7109117], [37.6061143, 55.7108181], [37.6061337, 55.7106575]], [[37.6061337, 55.7106575], [37.6061499, 55.7105233], [37.6061879, 55.7103216], [37.6062902, 55.709778]], [[37.6062902, 55.709778], [37.6063109, 55.7096678], [37.6063691, 55.7095162], [37.6065457, 55.7091934]], [[37.6065457, 55.7091934], [37.6066762, 55.7089548], [37.6070076, 55.708412]], [[37.6070076, 55.708412], [37.6070883, 55.7082799], [37.6071226, 55.708248], [37.6071727, 55.7082237], [37.6072337, 55.7082092], [37.6072996, 55.7082059], [37.6075633, 55.7082299]], [[37.6075633, 55.7082299], [37.6079055, 55.708261], [37.6091785, 55.7083293]], [[37.6091785, 55.7083293], [37.6094009, 55.7083428], [37.6099232, 55.7084149]], [[37.6099232, 55.7084149], [37.6101205, 55.7084422], [37.6102198, 55.7084448], [37.6102942, 55.7084418], [37.6103693, 55.708432], [37.610425, 55.7084199], [37.610478, 55.7083972], [37.6105316, 55.7083587], [37.6105557, 55.7083141], [37.6105665, 55.708271], [37.6105678, 55.7082249]], [[37.6105678, 55.7082249], [37.6105619, 55.7080648], [37.6105497, 55.7078624], [37.6104675, 55.7067164]], [[37.6104675, 55.7067164], [37.6104699, 55.7065589], [37.6105073, 55.7064308], [37.6105637, 55.706305], [37.610675, 55.7061795]], [[37.610675, 55.7061795], [37.610912, 55.7059121], [37.6120453, 55.7046676], [37.6122058, 55.7044784], [37.6124566, 55.7042159], [37.6141242, 55.7025405]], [[37.6141242, 55.7025405], [37.6141991, 55.7024653], [37.61432, 55.7022986]], [[37.61432, 55.7022986], [37.614379, 55.7022173], [37.614496, 55.7017228], [37.6145389, 55.7016716], [37.6145936, 55.7016139]], [[37.6145936, 55.7016139], [37.6148034, 55.7013926], [37.6149831, 55.7012122], [37.6150393, 55.7011552], [37.6150821, 55.7010995], [37.6150983, 55.7010554], [37.6150974, 55.7010054], [37.6150857, 55.7008915], [37.6150674, 55.7008388], [37.6150394, 55.7007875], [37.6148721, 55.7006104], [37.6145911, 55.7003102]], [[37.6145911, 55.7003102], [37.6144002, 55.7001047], [37.6142423, 55.6999347], [37.6121834, 55.6977119], [37.6119828, 55.6974925]], [[37.6119828, 55.6974925], [37.6117428, 55.6972309], [37.6110045, 55.6964279], [37.6099716, 55.6952705]], [[37.6099716, 55.6952705], [37.6096693, 55.6949735], [37.6095755, 55.6948861], [37.6093721, 55.6947622], [37.6089997, 55.6945771], [37.6087355, 55.6944432], [37.6082923, 55.6942782]], [[37.6082923, 55.6942782], [37.6081579, 55.6942281], [37.6076035, 55.6940136], [37.6066745, 55.6936589], [37.6049939, 55.6930161], [37.6047286, 55.6929149], [37.6046639, 55.6928906], [37.6036444, 55.6925067], [37.6028322, 55.6922009], [37.6021874, 55.6919581], [37.6020391, 55.6919067], [37.6019532, 55.6918766], [37.6018483, 55.6918399]], [[37.6018483, 55.6918399], [37.6007406, 55.6914133]], [[37.6007406, 55.6914133], [37.6005025, 55.6913184], [37.5997716, 55.6910272], [37.5993216, 55.6908537], [37.5991722, 55.6907932]], [[37.5991722, 55.6907932], [37.598313, 55.6904453], [37.5980509, 55.6903022], [37.5978377, 55.690175], [37.5976991, 55.6900848], [37.5975937, 55.6900161], [37.5973556, 55.6898265], [37.5971407, 55.6896313], [37.5965512, 55.6890945]], [[37.5965512, 55.6890945], [37.5964, 55.6889523], [37.5962947, 55.6888521], [37.5961648, 55.6887351], [37.5960511, 55.6886457]], [[37.5960511, 55.6886457], [37.5958208, 55.688401], [37.595683, 55.6882482], [37.595544, 55.6881113], [37.5954684, 55.6880401]], [[37.5954684, 55.6880401], [37.5951857, 55.6877738], [37.5944852, 55.6871141], [37.593587, 55.6862682], [37.5934734, 55.6861606], [37.5934419, 55.6861314]], [[37.5934419, 55.6861314], [37.593349, 55.6860461], [37.5929239, 55.685656], [37.5920525, 55.6848604], [37.5912374, 55.6841166], [37.5910567, 55.6839512], [37.5910247, 55.6839219], [37.5908629, 55.6837737]], [[37.5908629, 55.6837737], [37.589751, 55.6827554], [37.5893525, 55.6823892], [37.5891632, 55.6822151], [37.5890215, 55.6820849], [37.5886609, 55.6817534], [37.5886311, 55.681726], [37.588271, 55.6813946], [37.5878636, 55.6810205], [37.5875936, 55.6807861]], [[37.5875936, 55.6807861], [37.587442, 55.6806545], [37.5872934, 55.6805541], [37.5872323, 55.6805128], [37.5870561, 55.6804068], [37.5868839, 55.6803183]], [[37.5868839, 55.6803183], [37.5867579, 55.680278], [37.5866761, 55.6802684], [37.5865134, 55.6802637], [37.5864086, 55.6802762], [37.5862397, 55.6803129], [37.5861576, 55.680339]], [[37.5861576, 55.680339], [37.5860686, 55.6803711], [37.5859597, 55.6803978], [37.5858141, 55.6804168]], [[37.5858141, 55.6804168], [37.5856858, 55.6804153], [37.5855842, 55.6803979], [37.5854801, 55.6803609], [37.585368, 55.6802985], [37.585235, 55.6801747], [37.5848962, 55.6798792], [37.5847845, 55.6797929]], [[37.5847845, 55.6797929], [37.5843324, 55.6796232], [37.5839388, 55.6794767]], [[37.5839388, 55.6794767], [37.5837947, 55.679423], [37.5837421, 55.6794029], [37.5837003, 55.6793798], [37.5836381, 55.6793365], [37.5836134, 55.6792948], [37.5836048, 55.6792531], [37.5836141, 55.6791874], [37.5836394, 55.6791217], [37.584003, 55.6787846], [37.5840347, 55.678725], [37.5840342, 55.6786655], [37.5840203, 55.6786526], [37.5839849, 55.6785913], [37.5838748, 55.6785173], [37.583617, 55.6784239]], [[37.583617, 55.6784239], [37.5830016, 55.678201], [37.5817562, 55.6777751], [37.5809341, 55.677494], [37.5805794, 55.6773728], [37.5799934, 55.6771724]], [[37.5799934, 55.6771724], [37.5796028, 55.6770445], [37.5794305, 55.6770096], [37.5792878, 55.6770116], [37.5792387, 55.6770147], [37.5791791, 55.6770188], [37.5791237, 55.6770259], [37.5787921, 55.6771153], [37.5785872, 55.6771845], [37.5784095, 55.6772475]], [[37.5784095, 55.6772475], [37.5761858, 55.6780209], [37.5746441, 55.6785509], [37.5744885, 55.6786055], [37.5739747, 55.6787811], [37.5723006, 55.6793568], [37.5720501, 55.6794429], [37.5719287, 55.6794846], [37.571312, 55.6796967], [37.5674395, 55.6810388], [37.5670578, 55.6811696], [37.5669974, 55.6811901], [37.5667496, 55.6812764], [37.5664521, 55.6813716], [37.5657318, 55.6816167], [37.5637565, 55.6822951], [37.5635177, 55.6823771], [37.560052, 55.6835674], [37.5596783, 55.6836968], [37.5593105, 55.6838241], [37.5577231, 55.6843657], [37.5568816, 55.6846431], [37.5547537, 55.685378], [37.5545124, 55.685461], [37.554465, 55.6854779]], [[37.554465, 55.6854779], [37.5543916, 55.6854997], [37.5543071, 55.6855159], [37.5542819, 55.6855171], [37.5541757, 55.685522], [37.5541319, 55.6855168], [37.554094, 55.685513], [37.5540812, 55.6855118], [37.5540302, 55.6855046], [37.5540135, 55.6855001], [37.5539548, 55.685484], [37.5538851, 55.6854594]], [[37.5538851, 55.6854594], [37.5525824, 55.6843871]], [[37.5525824, 55.6843871], [37.5525423, 55.6843534], [37.5524514, 55.6842804], [37.5524209, 55.6842556], [37.5523283, 55.6842087], [37.5522481, 55.6841838], [37.5522324, 55.6841789], [37.5521688, 55.6841646], [37.5521298, 55.6841558], [37.5520346, 55.6841426], [37.5519529, 55.6841402], [37.5518858, 55.6841394], [37.5518375, 55.6841415], [37.5517523, 55.6841505], [37.5516491, 55.6841747], [37.5515788, 55.6841981], [37.5514482, 55.6842732]], [[37.5514482, 55.6842732], [37.5509394, 55.6845658], [37.5504371, 55.6848546], [37.5501025, 55.6850473], [37.5478178, 55.6863576], [37.5477454, 55.6863991], [37.5475989, 55.6864831], [37.5472087, 55.6867068], [37.545714, 55.6876116], [37.5455497, 55.6877071], [37.5455365, 55.6877143], [37.5455049, 55.6877325], [37.5453085, 55.6878545], [37.5450615, 55.6879829], [37.5449054, 55.6880715], [37.5447565, 55.6881561], [37.5445122, 55.6882952], [37.5442843, 55.688425], [37.5438414, 55.6886766], [37.5428349, 55.6892485], [37.5426973, 55.6893269], [37.5404824, 55.690597], [37.5400883, 55.6908254], [37.5399283, 55.6909162], [37.5397652, 55.6910088], [37.539756, 55.6910141], [37.5396731, 55.6910615], [37.5394627, 55.6911818], [37.5382354, 55.6918789], [37.5377709, 55.6921427], [37.5374864, 55.6923051], [37.5373054, 55.692418], [37.5369453, 55.6926426]]]}, "properties": {"route": 26, "direction": 0, "name": "Трамвай 26: Метро «Октябрьская» => Метро «Университет»", "osm_relation": 1689064}}, {"type": "Feature", "geometry": {"type": "MultiLineString", "coordinates": [[[37.5377142, 55.6921111], [37.5381646, 55.6918553], [37.539406, 55.6911502], [37.539615, 55.6910307], [37.5396994, 55.6909825], [37.5397086, 55.6909772], [37.5400316, 55.6907939], [37.5401647, 55.6907183], [37.5404252, 55.6905657], [37.5426499, 55.6892964], [37.5427743, 55.689219], [37.5437852, 55.6886447], [37.5439459, 55.6885555], [37.5442276, 55.6883934], [37.5444508, 55.6882663], [37.5447053, 55.6881223], [37.544804, 55.6880624], [37.5450147, 55.6879521], [37.545246, 55.6878155], [37.5454468, 55.6877018], [37.5454804, 55.6876824], [37.5454962, 55.6876739], [37.545662, 55.6875773], [37.547159, 55.6866795], [37.5475515, 55.6864554], [37.5476796, 55.6863822], [37.5479437, 55.6862314], [37.5500599, 55.685023], [37.5508889, 55.6845396], [37.5513913, 55.6842467]], [[37.5513913, 55.6842467], [37.5515089, 55.6841861], [37.5515364, 55.6841745], [37.5516196, 55.6841445], [37.5517463, 55.6841124], [37.5518315, 55.6841021], [37.5518935, 55.6840995], [37.5519562, 55.6840991], [37.5520242, 55.6841002], [37.552152, 55.6841169], [37.5521811, 55.6841235], [37.5522264, 55.6841338], [37.5522633, 55.6841422], [37.5523746, 55.6841868], [37.5524645, 55.6842353], [37.5524685, 55.6842375], [37.5525808, 55.6843321], [37.5526281, 55.684371]], [[37.5526281, 55.684371], [37.5539349, 55.6854351]], [[37.5539349, 55.6854351], [37.5539886, 55.6854528], [37.554047, 55.685466], [37.5540766, 55.6854712], [37.554112, 55.6854774], [37.5541631, 55.6854822], [37.5541797, 55.6854827], [37.5542964, 55.6854774], [37.5543695, 55.6854638], [37.5544395, 55.6854479]], [[37.5544395, 55.6854479], [37.5544818, 55.6854325], [37.5555395, 55.6850675], [37.5567118, 55.6846607], [37.5577913, 55.6842972], [37.5592693, 55.6837857], [37.5596369, 55.6836584], [37.5600105, 55.683529], [37.5634774, 55.6823384], [37.5637091, 55.6822588], [37.5658475, 55.6815307], [37.5664117, 55.6813328], [37.5667094, 55.6812376], [37.5669561, 55.6811517], [37.567017, 55.681131], [37.5671463, 55.6810881], [37.5712704, 55.6796583], [37.5718893, 55.6794455], [37.5720086, 55.6794045], [37.5722603, 55.6793179], [37.5741684, 55.678665], [37.5744451, 55.6785679], [37.5746023, 55.6785127], [37.5761444, 55.6779825], [37.5783688, 55.6772089]], [[37.5783688, 55.6772089], [37.5785471, 55.6771458], [37.5787541, 55.6770759], [37.5790894, 55.6769854], [37.5791511, 55.6769768], [37.5792257, 55.6769703], [37.5792777, 55.676967], [37.5794426, 55.6769719], [37.5796303, 55.6770133], [37.5800179, 55.6771413]], [[37.5800179, 55.6771413], [37.5806091, 55.6773442], [37.5809626, 55.6774656], [37.5817871, 55.6777485], [37.5830313, 55.6781755], [37.5836541, 55.6783892]], [[37.5836541, 55.6783892], [37.5839334, 55.6784851], [37.5840522, 55.6785672], [37.5840779, 55.6785978], [37.5840989, 55.6786595], [37.584111, 55.6787011], [37.5841078, 55.6787409], [37.5840798, 55.6787986], [37.5837125, 55.6791399], [37.5836891, 55.6791835], [37.5836764, 55.6792301], [37.5836937, 55.6792761], [37.583727, 55.679322], [37.5837813, 55.6793549], [37.5838517, 55.6793894], [37.5839881, 55.6794403]], [[37.5839881, 55.6794403], [37.5843858, 55.6795889], [37.58492, 55.6797884]], [[37.58492, 55.6797884], [37.5850771, 55.6798359], [37.5852176, 55.6798567], [37.5853482, 55.6798609], [37.5855009, 55.6798469], [37.5856757, 55.6798289]], [[37.5856757, 55.6798289], [37.5857797, 55.6798114], [37.5859151, 55.6797863], [37.5860982, 55.6797855], [37.5862316, 55.6798085], [37.5863263, 55.6798529], [37.5865021, 55.6800217]], [[37.5865021, 55.6800217], [37.5866832, 55.6801723], [37.5868046, 55.6802362], [37.5869284, 55.6803012]], [[37.5869284, 55.6803012], [37.5870898, 55.6803878], [37.5872857, 55.6804994], [37.5873449, 55.6805378], [37.5874973, 55.6806369], [37.5876422, 55.6807645]], [[37.5876422, 55.6807645], [37.587915, 55.6810048], [37.5883237, 55.6813794], [37.588711, 55.6817343], [37.5890704, 55.6820637], [37.5892057, 55.6821877], [37.5893971, 55.6823632], [37.5898031, 55.6827353], [37.5899901, 55.6829072], [37.5909185, 55.6837609]], [[37.5909185, 55.6837609], [37.5910748, 55.6839046], [37.5911092, 55.6839362], [37.5912909, 55.6841032], [37.5920967, 55.6848447], [37.5929684, 55.685641], [37.593393, 55.6860304], [37.5934934, 55.6861236]], [[37.5934934, 55.6861236], [37.5935181, 55.6861465], [37.5938583, 55.6864645], [37.5945345, 55.6870966], [37.5952393, 55.6877554], [37.595521, 55.6880187]], [[37.595521, 55.6880187], [37.5955967, 55.6880894], [37.5957201, 55.6882128], [37.595879, 55.6883951], [37.595959, 55.6884843], [37.5960594, 55.6885939]], [[37.5960594, 55.6885939], [37.5962123, 55.68872], [37.5963432, 55.6888361], [37.5964486, 55.6889364], [37.5965654, 55.6890497], [37.5973958, 55.6898053], [37.5976863, 55.6900312], [37.5977341, 55.6900629], [37.5978478, 55.6901384], [37.5980866, 55.6902816], [37.5983429, 55.6904199], [37.5992, 55.690773], [37.5993477, 55.6908339], [37.5997959, 55.6910085], [37.6005346, 55.6912924], [37.6007751, 55.6913848]], [[37.6007751, 55.6913848], [37.6018828, 55.6918114]], [[37.6018828, 55.6918114], [37.6019929, 55.6918545], [37.6020735, 55.691886], [37.6026133, 55.6920783], [37.602867, 55.6921721], [37.6036842, 55.6924745], [37.60471, 55.6928539], [37.6047731, 55.6928776], [37.6050374, 55.6929786], [37.6075406, 55.6939474], [37.6076406, 55.6939859], [37.6081941, 55.6941989], [37.6083266, 55.6942476]], [[37.6083266, 55.6942476], [37.6087758, 55.6944127], [37.6090526, 55.6945443], [37.6094168, 55.6947375], [37.609616, 55.6948691], [37.6097256, 55.6949568], [37.6100193, 55.6952518]], [[37.6100193, 55.6952518], [37.6110747, 55.6964067], [37.6116657, 55.6970517], [37.6120534, 55.6974717]], [[37.6120534, 55.6974717], [37.6122541, 55.6976912], [37.6143137, 55.6999147], [37.6144721, 55.7000843], [37.6146613, 55.7002869]], [[37.6146613, 55.7002869], [37.6149283, 55.7006017], [37.6150913, 55.700776], [37.6151201, 55.7008317], [37.6151412, 55.7008867], [37.6151557, 55.7010054], [37.6151524, 55.7010594], [37.6151362, 55.7011077], [37.6150417, 55.7012257], [37.614873, 55.70141], [37.6146596, 55.7016349]], [[37.6146596, 55.7016349], [37.6146059, 55.7016914], [37.6145798, 55.701732], [37.6144568, 55.7022273], [37.6143844, 55.7023281]], [[37.6143844, 55.7023281], [37.6142743, 55.7024813], [37.6141977, 55.7025582]], [[37.6141977, 55.7025582], [37.6125254, 55.7042387], [37.6122758, 55.7045], [37.612042, 55.7047777], [37.6109832, 55.7059323], [37.6107478, 55.7061981]], [[37.6107478, 55.7061981], [37.6106423, 55.7063172], [37.610585, 55.7064416], [37.6105505, 55.7065648], [37.610554, 55.7067128]], [[37.610554, 55.7067128], [37.6106132, 55.7078634], [37.6106176, 55.7080661], [37.6106283, 55.7082249]], [[37.6106283, 55.7082249], [37.6106282, 55.7082725], [37.6106201, 55.7083217], [37.6105919, 55.7083723], [37.6105262, 55.7084222], [37.6104498, 55.708449], [37.6103807, 55.7084603], [37.6103023, 55.7084675], [37.6102211, 55.7084694], [37.6101152, 55.7084671], [37.6099059, 55.7084433]], [[37.6099059, 55.7084433], [37.6093977, 55.7083855], [37.6091583, 55.7083718]], [[37.6091583, 55.7083718], [37.6089876, 55.708362], [37.6084271, 55.708333], [37.6078933, 55.7083053], [37.6075437, 55.7082736]], [[37.6075437, 55.7082736], [37.6073396, 55.7082551], [37.6072904, 55.7082531], [37.6072422, 55.7082591], [37.6071991, 55.7082727], [37.6071648, 55.7082927], [37.6070838, 55.7084253]], [[37.6070838, 55.7084253], [37.606892, 55.7087395], [37.6067528, 55.7089674], [37.6066199, 55.7092102]], [[37.6066199, 55.7092102], [37.6064465, 55.7095272], [37.6063897, 55.7096748], [37.6063649, 55.7097847]], [[37.6063649, 55.7097847], [37.6062419, 55.7103292], [37.6061976, 55.7105251], [37.6061811, 55.7106617]], [[37.6061811, 55.7106617], [37.6061621, 55.7108194], [37.6061586, 55.7108724], [37.6061587, 55.7109677], [37.606177, 55.7110639], [37.606193, 55.7111058], [37.6062091, 55.7111478], [37.6062377, 55.7112228]], [[37.6062377, 55.7112228], [37.6063163, 55.7113985], [37.6063473, 55.7114825], [37.6063808, 55.7115719]], [[37.6063808, 55.7115719], [37.6064147, 55.7116683], [37.6064467, 55.7117592], [37.606506, 55.7119277], [37.6065366, 55.7120148], [37.6066008, 55.7121972]], [[37.6066008, 55.7121972], [37.6066833, 55.7124325], [37.6067033, 55.7124896], [37.6067952, 55.7127349], [37.607036, 55.7133643], [37.6072962, 55.7140444], [37.6074611, 55.7144939], [37.6075161, 55.7146343], [37.6078631, 55.7155191], [37.6079009, 55.7156205], [37.6079431, 55.7157339], [37.6080883, 55.7161231], [37.6082383, 55.7165255], [37.6082983, 55.7166874], [37.6083185, 55.7167417], [37.6083521, 55.7168262], [37.6086126, 55.7174949], [37.6087294, 55.717796], [37.6090075, 55.7185391], [37.6091413, 55.7189065], [37.6091744, 55.7189893], [37.6093353, 55.7194153], [37.6094173, 55.7196316], [37.6096813, 55.7202989], [37.6099155, 55.7208933], [37.6100186, 55.7211589], [37.6101202, 55.7214238], [37.6103, 55.7219039], [37.6103352, 55.7220002], [37.6104869, 55.7224112], [37.6105492, 55.7225832], [37.6106726, 55.7229183], [37.6107096, 55.7230194], [37.6107803, 55.723212], [37.6108679, 55.7234565], [37.6109395, 55.7236962]], [[37.6109395, 55.7236962], [37.6109678, 55.7237922], [37.6110131, 55.7239504], [37.6110402, 55.7240441]], [[37.6110402, 55.7240441], [37.61112, 55.7243194], [37.6112035, 55.7246021], [37.6112786, 55.7248848]], [[37.6112786, 55.7248848], [37.6113314, 55.7251086], [37.6113425, 55.7251578], [37.6113479, 55.7251815], [37.6113599, 55.7252396], [37.6113775, 55.7253155], [37.611393, 55.7253924], [37.6114199, 55.7255077], [37.6114547, 55.7256653], [37.6114646, 55.7257103], [37.6114854, 55.7258053], [37.6115036, 55.7258888], [37.6115208, 55.7259677], [37.6115382, 55.7260474], [37.6115486, 55.7260935], [37.6115997, 55.7263187], [37.6116292, 55.7264491], [37.6116597, 55.7265831]]]}, "properties": {"route": 26, "direction": 1, "name": "Трамвай 26: Метро «Университет» => Метро «Октябрьская»", "osm_relation": 1689026}}, {"type": "Feature", "geometry": {"type": "MultiLineString", "coordinates": [[[37.5086983, 55.805802], [37.5088757, 55.8057026], [37.5089563, 55.805667], [37.5089865, 55.8056601], [37.5091347, 55.8056263], [37.5092493, 55.8055872]], [[37.5092493, 55.8055872], [37.5093733, 55.8055071], [37.5094486, 55.8054772], [37.509503, 55.8054678], [37.5095322, 55.8054627], [37.5095648, 55.8054578], [37.5095981, 55.8054545], [37.5096319, 55.8054527], [37.5096656, 55.8054526], [37.5096994, 55.8054542], [37.5097327, 55.8054575], [37.5097655, 55.8054623], [37.5097973, 55.8054687], [37.509828, 55.8054766], [37.5098575, 55.8054859], [37.5098853, 55.8054967], [37.5099115, 55.8055088], [37.5099356, 55.8055221], [37.5099577, 55.8055364], [37.5099775, 55.8055519], [37.5099947, 55.8055682], [37.5100095, 55.8055853], [37.5100215, 55.8056031], [37.5100308, 55.8056214], [37.5100372, 55.8056401], [37.5100407, 55.805659], [37.5100413, 55.8056779], [37.510039, 55.805697], [37.5100338, 55.8057157], [37.5100257, 55.8057342], [37.5100148, 55.8057521], [37.5100013, 55.8057696], [37.509985, 55.8057862], [37.5099663, 55.805802], [37.5099452, 55.805817], [37.5099219, 55.8058307], [37.5098966, 55.8058433], [37.5098694, 55.8058546], [37.5098406, 55.8058646], [37.5098103, 55.8058731]], [[37.5098103, 55.8058731], [37.5097113, 55.8059023], [37.5095869, 55.8059258], [37.5095037, 55.8059391], [37.5094395, 55.8059464], [37.5093744, 55.8059506], [37.509309, 55.8059516], [37.5091032, 55.8059498]], [[37.5091032, 55.8059498], [37.5089368, 55.805946], [37.5088279, 55.805953], [37.508713, 55.8059695], [37.5083569, 55.806049]], [[37.5083569, 55.806049], [37.5078646, 55.8061687], [37.5074351, 55.8062722], [37.5063477, 55.8065328]], [[37.5063477, 55.8065328], [37.5061776, 55.8065736], [37.5061108, 55.8065892], [37.5059133, 55.8066256], [37.5052959, 55.8067505]], [[37.5052959, 55.8067505], [37.5051269, 55.8067804], [37.5039279, 55.8070167], [37.5017551, 55.807426], [37.4999085, 55.8077605], [37.4988346, 55.8079649], [37.4974546, 55.8082334], [37.4959005, 55.8085496], [37.4949346, 55.80876], [37.4939005, 55.8089822], [37.4928327, 55.8092156], [37.4926999, 55.8092456]], [[37.4926999, 55.8092456], [37.4921228, 55.8093754], [37.4919794, 55.8094077]], [[37.4919794, 55.8094077], [37.4917775, 55.8094487]], [[37.4917775, 55.8094487], [37.491394, 55.8095233], [37.4913127, 55.8095363], [37.4912285, 55.8095412], [37.4911441, 55.8095379], [37.491062, 55.8095263], [37.4909848, 55.8095069], [37.4909488, 55.8094957]], [[37.4909488, 55.8094957], [37.4895988, 55.8091449]], [[37.4895988, 55.8091449], [37.4895817, 55.80914], [37.4895218, 55.8091265], [37.4894448, 55.8091154], [37.4893685, 55.8091101], [37.4892938, 55.8091115], [37.4892128, 55.8091207], [37.4891318, 55.8091358], [37.4887758, 55.8092267]], [[37.4887758, 55.8092267], [37.4872501, 55.8096647], [37.4864206, 55.8099359], [37.485552, 55.810235], [37.4847153, 55.8105264]], [[37.4847153, 55.8105264], [37.4845024, 55.8106005], [37.4844102, 55.8106254], [37.4842946, 55.810647], [37.4841697, 55.8106602], [37.4839875, 55.8106726], [37.4838297, 55.8106759]], [[37.4838297, 55.8106759], [37.4835714, 55.8106693], [37.4825773, 55.8106388], [37.4823566, 55.810632], [37.4810723, 55.8105854], [37.4798067, 55.8105356], [37.4786412, 55.8104901], [37.4781419, 55.8104719], [37.4774425, 55.8104456], [37.4770551, 55.8104322], [37.4762634, 55.8104056], [37.4761654, 55.8104018], [37.4760127, 55.8103983], [37.475894, 55.8103968], [37.4755533, 55.8103872]], [[37.4755533, 55.8103872], [37.4754148, 55.8103829], [37.4751376, 55.8103746], [37.474903, 55.8103676], [37.4747, 55.8103624]], [[37.4747, 55.8103624], [37.4738311, 55.8103371], [37.4703945, 55.8102312]], [[37.4703945, 55.8102312], [37.4697611, 55.8102117], [37.4696231, 55.8102066], [37.4695297, 55.8102037], [37.4683802, 55.8101657]], [[37.4683802, 55.8101657], [37.4675225, 55.8101373], [37.466973, 55.81012]], [[37.466973, 55.81012], [37.4661871, 55.8100972], [37.4640526, 55.8100207]], [[37.4640526, 55.8100207], [37.4631335, 55.8099877], [37.4624836, 55.8099689]], [[37.4624836, 55.8099689], [37.4622911, 55.8099568], [37.4620973, 55.8099396], [37.4619377, 55.8099037], [37.4617938, 55.8098607], [37.4616288, 55.809779], [37.4614739, 55.8096673], [37.4614626, 55.8096566], [37.4613324, 55.8095334]], [[37.4613324, 55.8095334], [37.4612881, 55.8094798], [37.4612077, 55.8094142], [37.4611259, 55.8093505], [37.460979, 55.8092286], [37.4604016, 55.8087745], [37.4603173, 55.8087082], [37.4581526, 55.8068443]], [[37.4581526, 55.8068443], [37.4579128, 55.8066677], [37.4577391, 55.8065561]], [[37.4577391, 55.8065561], [37.4576155, 55.8064844], [37.4574432, 55.8063951], [37.4570046, 55.8062109], [37.4567431, 55.8061215], [37.4564618, 55.8060426], [37.4559881, 55.8059323], [37.4555286, 55.8058465], [37.455228, 55.8057959], [37.4547851, 55.8057499], [37.4542015, 55.8057024]], [[37.4542015, 55.8057024], [37.4535993, 55.8056539], [37.4534308, 55.80564], [37.4527356, 55.8055836], [37.4522858, 55.8055505]], [[37.4522858, 55.8055505], [37.4521525, 55.8055246], [37.4520581, 55.8054991]], [[37.4520581, 55.8054991], [37.4519621, 55.8054627], [37.4518791, 55.8054234], [37.4517367, 55.8053482], [37.4517028, 55.8053303], [37.4516691, 55.8053116], [37.4514312, 55.8051868], [37.451315, 55.8051254], [37.4512081, 55.8050689], [37.4511077, 55.8050159], [37.4509013, 55.8048839], [37.4507429, 55.8047585], [37.4506342, 55.804642], [37.4505587, 55.8045223], [37.4504927, 55.8043625], [37.4504642, 55.8042123], [37.4504603, 55.8041215]], [[37.4504603, 55.8041215], [37.4504509, 55.8039046], [37.4504319, 55.8035928], [37.4504144, 55.8033247], [37.4504118, 55.8032798], [37.4504131, 55.8032331], [37.4504008, 55.8030947], [37.4503971, 55.8030333]], [[37.4503971, 55.8030333], [37.4502931, 55.8013013], [37.4502918, 55.8012076], [37.4502931, 55.8002424], [37.4502947, 55.7990872], [37.450298, 55.7990391]], [[37.450298, 55.7990391], [37.4503126, 55.7988291], [37.4503514, 55.7986796], [37.4504158, 55.7985243], [37.4505217, 55.7983569], [37.4506529, 55.7982001], [37.4507784, 55.7980957]], [[37.4507784, 55.7980957], [37.4522079, 55.7969065]], [[37.4522079, 55.7969065], [37.453131, 55.7961385], [37.4532334, 55.7960591], [37.4535118, 55.7958276]], [[37.4535118, 55.7958276], [37.4536065, 55.7957489], [37.4537814, 55.7955871], [37.4539023, 55.7954503], [37.4539203, 55.7954299], [37.4540354, 55.7952721], [37.4541426, 55.7951182], [37.4542384, 55.7949246], [37.4543285, 55.7946678], [37.4543826, 55.7944128], [37.4543868, 55.7940982]], [[37.4543868, 55.7940982], [37.4543875, 55.7940265], [37.4543798, 55.7931992], [37.4543763, 55.7928631], [37.4543648, 55.7917974], [37.454358, 55.791718], [37.4541904, 55.7897569], [37.4541559, 55.7893539]], [[37.4541559, 55.7893539], [37.4541498, 55.7892374], [37.4541476, 55.7891125], [37.4541471, 55.7889686], [37.4541441, 55.7887993], [37.4541005, 55.787724], [37.4541166, 55.7871623], [37.4541583, 55.7868741], [37.4542412, 55.7865494], [37.4544676, 55.7859842], [37.4546725, 55.7856013], [37.4549098, 55.785234]], [[37.4549098, 55.785234], [37.4551867, 55.7848201], [37.4552221, 55.7847706], [37.4552529, 55.7847273], [37.4555049, 55.7843515], [37.4555238, 55.7843233]], [[37.4555238, 55.7843233], [37.4558373, 55.783873], [37.4559846, 55.783658]], [[37.4559846, 55.783658], [37.4560579, 55.783551], [37.4560976, 55.7834782], [37.4561251, 55.7834136], [37.456148, 55.7833029], [37.4561489, 55.7831737], [37.4560917, 55.7830006], [37.4560588, 55.78293]], [[37.4560588, 55.78293], [37.4556413, 55.7820336]], [[37.4556413, 55.7820336], [37.4555298, 55.7817943], [37.4551513, 55.7810042]], [[37.4551513, 55.7810042], [37.4550317, 55.780744], [37.4549808, 55.7806754], [37.4549271, 55.7806377], [37.4548695, 55.7806173], [37.454797, 55.7806015], [37.4547005, 55.7805931], [37.4545999, 55.7805984], [37.4544658, 55.780615]], [[37.4544658, 55.780615], [37.4543277, 55.7806181], [37.4542351, 55.7806083], [37.4541426, 55.7805902], [37.4540931, 55.7805704], [37.4540554, 55.7805479], [37.4540193, 55.7805191], [37.4539977, 55.780486], [37.4538925, 55.7802392]]]}, "properties": {"route": 28, "direction": 0, "name": "Трамвай 28: Метро «Сокол» => Проспект Маршала Жукова", "osm_relation": 3184022}}, {"type": "Feature", "geometry": {"type": "MultiLineString", "coordinates": [[[37.4549434, 55.7804252], [37.4549767, 55.7805022], [37.455079, 55.7807388]], [[37.455079, 55.7807388], [37.4552006, 55.7809988]], [[37.4552006, 55.7809988], [37.4555707, 55.781787], [37.4556881, 55.7820257]], [[37.4556881, 55.7820257], [37.4561053, 55.7829199]], [[37.4561053, 55.7829199], [37.4561409, 55.7829954], [37.4561973, 55.78317], [37.4561977, 55.7833133], [37.4561737, 55.7834194], [37.4561472, 55.7834834], [37.4561043, 55.783561], [37.4560305, 55.7836701]], [[37.4560305, 55.7836701], [37.4558862, 55.7838834], [37.4555718, 55.7843353]], [[37.4555718, 55.7843353], [37.4555528, 55.7843626], [37.4553494, 55.7846637], [37.4553, 55.7847368], [37.4552686, 55.7847817], [37.4551551, 55.7849443], [37.4549582, 55.7852411]], [[37.4549582, 55.7852411], [37.4547181, 55.7856118], [37.4545129, 55.7859934], [37.4542829, 55.786557], [37.4542073, 55.7868735], [37.4541634, 55.7871663], [37.4541454, 55.7877255], [37.4541926, 55.788883], [37.4541948, 55.788968], [37.4541955, 55.789114], [37.4542006, 55.7892373], [37.4542053, 55.7893525], [37.4542401, 55.7897555], [37.4544093, 55.7917166], [37.4544163, 55.7917972], [37.4544272, 55.7928625], [37.4544306, 55.7931992], [37.4544387, 55.7940261], [37.454438, 55.794096]], [[37.454438, 55.794096], [37.4544357, 55.794318], [37.454435, 55.7944107], [37.4543805, 55.7946724], [37.4542956, 55.7949305], [37.4541927, 55.7951257], [37.4540864, 55.7952879], [37.4539737, 55.7954402], [37.4539522, 55.7954646], [37.4538289, 55.7956045], [37.4536565, 55.7957643], [37.4535646, 55.7958404]], [[37.4535646, 55.7958404], [37.4532846, 55.7960722], [37.4532767, 55.7960788], [37.4531772, 55.7961569], [37.4522503, 55.7969243]], [[37.4522503, 55.7969243], [37.4508151, 55.7981125]], [[37.4508151, 55.7981125], [37.4506945, 55.7982123], [37.450566, 55.798369], [37.4504655, 55.7985304], [37.4504004, 55.7986847], [37.4503653, 55.7988344], [37.450352, 55.7990386]], [[37.450352, 55.7990386], [37.4503488, 55.7990869], [37.4503485, 55.8002421], [37.4503483, 55.8011484], [37.4503488, 55.8012076], [37.4503501, 55.8013561], [37.4504488, 55.8030362]], [[37.4504488, 55.8030362], [37.4504536, 55.8031184], [37.4504606, 55.8032232], [37.4504627, 55.8032815], [37.4504659, 55.8033232], [37.4504869, 55.8035927], [37.4505056, 55.8039011], [37.4505186, 55.8041229]], [[37.4505186, 55.8041229], [37.450524, 55.8042143], [37.4505532, 55.8043577], [37.4506203, 55.8045183], [37.4506872, 55.8046312], [37.4507893, 55.8047419], [37.4509428, 55.8048651], [37.4511508, 55.8049959]], [[37.4511508, 55.8049959], [37.4513594, 55.8051065], [37.451693, 55.8052833], [37.4517303, 55.8053032]], [[37.4517303, 55.8053032], [37.4518196, 55.8053506], [37.4518566, 55.8053702], [37.451969, 55.805428], [37.4520319, 55.8054551], [37.4521659, 55.8054972], [37.4522838, 55.8055189]], [[37.4522838, 55.8055189], [37.4527426, 55.8055525], [37.4532373, 55.8055914], [37.4534377, 55.805608], [37.4540308, 55.8056547], [37.4542123, 55.8056695]], [[37.4542123, 55.8056695], [37.4547985, 55.8057175], [37.4552411, 55.8057658], [37.4555476, 55.8058161], [37.4560042, 55.8059067], [37.4564877, 55.8060218], [37.4567652, 55.8060996], [37.4570323, 55.8061898], [37.457474, 55.8063721], [37.4576464, 55.8064622], [37.4577787, 55.806538], [37.457948, 55.8066488], [37.4581876, 55.8068269]], [[37.4581876, 55.8068269], [37.4603657, 55.8086892], [37.4604482, 55.8087545], [37.4610233, 55.8092124], [37.461205, 55.8093652], [37.4612465, 55.8094014], [37.4613418, 55.8094745], [37.4613823, 55.809507]], [[37.4613823, 55.809507], [37.4615121, 55.8096222], [37.461668, 55.8097385], [37.4618272, 55.8098189], [37.4619654, 55.8098642], [37.4621117, 55.8098943], [37.4622295, 55.8099037], [37.4625114, 55.8099199]], [[37.4625114, 55.8099199], [37.464067, 55.8099761]], [[37.464067, 55.8099761], [37.466192, 55.8100529], [37.4669824, 55.8100779]], [[37.4669824, 55.8100779], [37.4683869, 55.8101225]], [[37.4683869, 55.8101225], [37.4689969, 55.8101418], [37.4695372, 55.8101609], [37.4696303, 55.8101646], [37.469861, 55.8101736], [37.4703974, 55.8101899]], [[37.4703974, 55.8101899], [37.4743843, 55.8103108], [37.4747072, 55.8103231]], [[37.4747072, 55.8103231], [37.4751642, 55.8103359], [37.4755698, 55.8103472]], [[37.4755698, 55.8103472], [37.4758988, 55.8103561], [37.4760179, 55.8103572], [37.4761727, 55.810361], [37.4769147, 55.8103898], [37.4770598, 55.8103952], [37.4771921, 55.8104003], [37.4778027, 55.8104233], [37.4786495, 55.8104532], [37.4798116, 55.8104981], [37.4823617, 55.8105957], [37.4831449, 55.8106182], [37.4835757, 55.8106332], [37.4838343, 55.8106411]], [[37.4838343, 55.8106411], [37.484235, 55.8106177], [37.4843879, 55.8105925], [37.4845891, 55.8105294], [37.4846766, 55.8104992]], [[37.4846766, 55.8104992], [37.487136, 55.8096502], [37.4874065, 55.8095685]], [[37.4874065, 55.8095685], [37.4888095, 55.8091567]], [[37.4888095, 55.8091567], [37.4891126, 55.8090864], [37.4892104, 55.8090689], [37.4892972, 55.809062], [37.4893762, 55.8090608], [37.4894573, 55.8090664], [37.4895441, 55.8090783], [37.4896074, 55.8090909], [37.4896378, 55.8090999]], [[37.490975, 55.8094654], [37.4896378, 55.8090999]], [[37.490975, 55.8094654], [37.4910008, 55.8094726], [37.4910739, 55.8094909], [37.4911516, 55.8095019], [37.4912314, 55.8095051], [37.4913111, 55.8095004], [37.4913881, 55.8094881], [37.4917647, 55.8094166], [37.4919286, 55.8093829]], [[37.4919286, 55.8093829], [37.4920642, 55.8093538], [37.4921642, 55.8093325], [37.4924794, 55.8092644], [37.4926856, 55.8092199]], [[37.4926856, 55.8092199], [37.4928151, 55.8091906], [37.4942834, 55.8088711], [37.4948828, 55.8087434], [37.4958691, 55.808522], [37.4974305, 55.8081964], [37.4996145, 55.8077868], [37.4998949, 55.8077355], [37.5017408, 55.8074003], [37.5039029, 55.8069779], [37.5048796, 55.8067939], [37.5051091, 55.8067506], [37.5052766, 55.8067179]], [[37.5052766, 55.8067179], [37.5059158, 55.8065931], [37.5061191, 55.8065532], [37.5063338, 55.8065024]], [[37.5063338, 55.8065024], [37.5074167, 55.806246], [37.5078562, 55.8061428], [37.5082069, 55.8060592]], [[37.5082069, 55.8060592], [37.5083525, 55.8059969], [37.5086983, 55.805802]]]}, "properties": {"route": 28, "direction": 1, "name": "Трамвай 28: Проспект Маршала Жукова => Метро «Сокол»", "osm_relation": 3184023}}, {"type": "Feature", "geometry": {"type": "MultiLineString", "coordinates": [[[37.6044974, 55.7788865], [37.6048862, 55.7789674], [37.6049895, 55.7789926], [37.6050408, 55.7790066], [37.6050987, 55.7790245], [37.6052935, 55.779085]], [[37.6052935, 55.779085], [37.6053829, 55.7791163], [37.6054351, 55.7791373], [37.605481, 55.7791676], [37.6054988, 55.7791873], [37.6055155, 55.7792079], [37.6055305, 55.7792346], [37.6055327, 55.7792403], [37.605535, 55.7792454], [37.6055356, 55.7792509], [37.6055363, 55.7792573], [37.6055089, 55.7793377], [37.6054981, 55.7793601]], [[37.6054981, 55.7793601], [37.6054153, 55.7795326], [37.6051585, 55.7800675]], [[37.6051585, 55.7800675], [37.6050881, 55.7801828], [37.6050634, 55.7802052], [37.6050342, 55.7802224], [37.6049607, 55.7802476], [37.6048724, 55.7802571], [37.6048465, 55.7802561], [37.6047925, 55.7802512], [37.6047027, 55.7802341], [37.6045752, 55.7801933]], [[37.6045752, 55.7801933], [37.6039759, 55.7800045], [37.6038934, 55.7799785], [37.6029409, 55.7796788]], [[37.6029409, 55.7796788], [37.6027889, 55.7796293], [37.6027169, 55.7796181], [37.6026857, 55.7796133], [37.602616, 55.7796114], [37.6025427, 55.7796177], [37.6025296, 55.7796233], [37.6024825, 55.7796433], [37.602383, 55.7796995], [37.6023249, 55.7797302], [37.6022933, 55.7797629], [37.6022632, 55.7798052], [37.6022446, 55.7798442]], [[37.6022446, 55.7798442], [37.6021809, 55.7799775], [37.6021216, 55.780121], [37.6020812, 55.7802468], [37.601922, 55.7807292], [37.6018351, 55.7811588]], [[37.6018351, 55.7811588], [37.6018042, 55.7813116], [37.601782, 55.7814772], [37.6017581, 55.781687]], [[37.6017581, 55.781687], [37.6017032, 55.7821677], [37.6016908, 55.7822532], [37.6016324, 55.7827274]], [[37.6016324, 55.7827274], [37.6016222, 55.7828098], [37.6016109, 55.7829019], [37.6015638, 55.7831532], [37.6015424, 55.7832398]], [[37.6015424, 55.7832398], [37.6014973, 55.7834595], [37.6014141, 55.7837404], [37.601401, 55.7837906], [37.6013485, 55.7840197], [37.6013002, 55.7842226], [37.6012155, 55.7845914]], [[37.6012155, 55.7845914], [37.6012135, 55.7846385], [37.6012195, 55.7846777], [37.6012452, 55.7847303], [37.6012897, 55.7847807], [37.6013353, 55.7848163], [37.6015049, 55.7849477]], [[37.6015049, 55.7849477], [37.6016303, 55.7850443]], [[37.6016303, 55.7850443], [37.6016657, 55.7850886], [37.601687, 55.7851279], [37.6016884, 55.7851307], [37.6016976, 55.785157], [37.6017025, 55.7851841], [37.6017035, 55.7852132]], [[37.6017035, 55.7852132], [37.6017016, 55.785261], [37.6016968, 55.7852903], [37.6016814, 55.78534], [37.601664, 55.7853927]], [[37.601664, 55.7853927], [37.6015765, 55.7856291], [37.6015668, 55.7856552], [37.6015506, 55.785699], [37.6013738, 55.7861162], [37.6011792, 55.7865752], [37.6011205, 55.786713], [37.6010545, 55.7868632], [37.6008554, 55.7873168], [37.6007055, 55.7876989], [37.6006929, 55.787731], [37.6006739, 55.7877834], [37.6006318, 55.7879035], [37.6005924, 55.7880278], [37.6005369, 55.7882121], [37.6004195, 55.788605], [37.6003994, 55.7886723], [37.6002634, 55.7891273]], [[37.6002634, 55.7891273], [37.6002519, 55.7891656], [37.6002501, 55.7891816], [37.6002452, 55.7892264], [37.6002699, 55.7892857], [37.6003239, 55.7893385], [37.6003992, 55.7893792], [37.6004993, 55.7894076], [37.600606, 55.7894182]], [[37.600606, 55.7894182], [37.600823, 55.789434], [37.601109, 55.7894549], [37.6019898, 55.7895193], [37.6025232, 55.7895582], [37.6025724, 55.7895618], [37.603079, 55.7895988], [37.6039476, 55.789665], [37.6040919, 55.7896744]], [[37.6040919, 55.7896744], [37.6042678, 55.7896879], [37.6046771, 55.7897208], [37.6048111, 55.7897304], [37.6050345, 55.7897464], [37.6056784, 55.7897924], [37.6058325, 55.7897995], [37.6060558, 55.7898194], [37.6088081, 55.7900162], [37.6090873, 55.7900362], [37.6093899, 55.7900578], [37.6095654, 55.7900704]], [[37.6095654, 55.7900704], [37.6096506, 55.7900619], [37.6097378, 55.7900383], [37.6098047, 55.7900029], [37.6098508, 55.7899583], [37.6098723, 55.7899081], [37.6098735, 55.78987]], [[37.6098735, 55.78987], [37.6098906, 55.7893398], [37.6099015, 55.7889999], [37.6099071, 55.7888267], [37.6099146, 55.7885958], [37.6099177, 55.788498]], [[37.6099177, 55.788498], [37.6099182, 55.7884933], [37.6099195, 55.7884802], [37.609921, 55.7884693], [37.6099208, 55.7884583], [37.6099189, 55.7884474], [37.6099153, 55.7884366], [37.6099101, 55.7884261], [37.6099032, 55.7884158]], [[37.6099032, 55.7884158], [37.6098996, 55.788408], [37.6098195, 55.7882335], [37.6097751, 55.7881336]], [[37.6097751, 55.7881336], [37.609749, 55.7880723], [37.6097375, 55.7880509], [37.6097256, 55.7880335], [37.6097162, 55.7880214], [37.6097064, 55.7880099], [37.6096868, 55.7879905]], [[37.6096868, 55.7879905], [37.609252, 55.7875751], [37.6091999, 55.787525], [37.6090542, 55.7873851], [37.608968, 55.7873023], [37.6087699, 55.7871121], [37.6087193, 55.7870635], [37.6084436, 55.7867988], [37.6079661, 55.7863403], [37.6078786, 55.786255], [37.6076879, 55.786069], [37.6073554, 55.7857483], [37.6071833, 55.7855822]], [[37.6071833, 55.7855822], [37.6070452, 55.7854488], [37.6068768, 55.7853042], [37.6066209, 55.785128]], [[37.6066209, 55.785128], [37.606203, 55.7848402]], [[37.606203, 55.7848402], [37.6061776, 55.7848209], [37.6061543, 55.7848022], [37.6061386, 55.7847794], [37.6061325, 55.7847705], [37.606123, 55.7847423], [37.6061185, 55.7847153], [37.6061197, 55.7846988], [37.6061204, 55.7846881], [37.6061287, 55.7846614], [37.6061407, 55.7846396], [37.6061586, 55.7846167], [37.6061804, 55.7845962]], [[37.6061804, 55.7845962], [37.6062423, 55.7845717], [37.6063504, 55.784535], [37.6067847, 55.7843814], [37.6069101, 55.7843377], [37.6070325, 55.784295]], [[37.6070325, 55.784295], [37.6070904, 55.7842754], [37.6072554, 55.7842173], [37.6078453, 55.7840142], [37.6080427, 55.7839467], [37.6082777, 55.7838651], [37.6087219, 55.7837108], [37.6088822, 55.7836551], [37.6093144, 55.783505], [37.6097269, 55.7833731], [37.6100621, 55.7832706], [37.6104435, 55.783144], [37.610732, 55.7830475]], [[37.610732, 55.7830475], [37.6107679, 55.7830356], [37.6108782, 55.7829986], [37.6109303, 55.7829747], [37.6109644, 55.7829476], [37.6109755, 55.7829358], [37.6109868, 55.7829096], [37.6109922, 55.782874], [37.6109596, 55.7828301], [37.6109108, 55.7827843], [37.6108797, 55.7827554]], [[37.6108797, 55.7827554], [37.6104981, 55.7824012], [37.6099769, 55.7819129], [37.609915, 55.7818503], [37.6095471, 55.7815028], [37.6091909, 55.7811663], [37.6091499, 55.7811304], [37.6090804, 55.7810694], [37.6090367, 55.781031], [37.6089595, 55.780963]], [[37.6089595, 55.780963], [37.6088102, 55.7808314], [37.6088077, 55.7808302], [37.6087936, 55.7808076], [37.6087857, 55.7807731], [37.6087885, 55.7807451], [37.6087916, 55.7807142], [37.6088252, 55.7806719], [37.6088587, 55.7806342], [37.6089023, 55.7805852]], [[37.6089023, 55.7805852], [37.6090071, 55.7805129], [37.6092681, 55.7803762], [37.6093076, 55.7803595], [37.6093551, 55.7803428], [37.6096457, 55.7802683], [37.609766, 55.7802426]], [[37.609766, 55.7802426], [37.6101461, 55.7801613], [37.6103571, 55.7801187], [37.6110506, 55.7799785], [37.6117144, 55.779853], [37.6118997, 55.779818], [37.6120382, 55.7797928]], [[37.6120382, 55.7797928], [37.6122269, 55.7797585], [37.6122971, 55.7797457], [37.6123238, 55.7797382], [37.6123604, 55.7797279], [37.6124236, 55.7797068], [37.6126727, 55.779609], [37.612735, 55.7795722]], [[37.612735, 55.7795722], [37.6128558, 55.7795009], [37.6131548, 55.7793426]], [[37.6131548, 55.7793426], [37.6132481, 55.7792932], [37.6133188, 55.7792612], [37.6134432, 55.7792048], [37.6134502, 55.7792017], [37.6135976, 55.7791573], [37.6136336, 55.7791464], [37.6140236, 55.7790573], [37.61418, 55.7790287]], [[37.61418, 55.7790287], [37.6150373, 55.7788717], [37.6162051, 55.7786579], [37.6162845, 55.7786434], [37.6162948, 55.7786415], [37.6169873, 55.778521]], [[37.6169873, 55.778521], [37.6172905, 55.7784683], [37.6173334, 55.7784613], [37.617382, 55.7784551], [37.6174276, 55.7784507], [37.6174763, 55.7784483], [37.6174853, 55.7784484], [37.6175227, 55.778449], [37.617568, 55.7784514], [37.6176146, 55.7784541], [37.617657, 55.7784584]], [[37.617657, 55.7784584], [37.6177945, 55.778473], [37.6179936, 55.7784947], [37.6180778, 55.7785038]], [[37.6180778, 55.7785038], [37.6182015, 55.7785173], [37.6182551, 55.7785246], [37.6183052, 55.7785349], [37.6183551, 55.7785475], [37.6183941, 55.7785593], [37.618438, 55.7785748], [37.6184784, 55.7785917], [37.618521, 55.778614], [37.6185514, 55.7786312], [37.6186189, 55.7786786]], [[37.6186189, 55.7786786], [37.6192666, 55.7791334], [37.6197426, 55.7794679], [37.6201266, 55.7797367]], [[37.6201266, 55.7797367], [37.6202064, 55.7797926], [37.6202437, 55.7798181], [37.6202807, 55.7798382], [37.6203131, 55.7798537], [37.6203522, 55.7798677], [37.6203602, 55.7798698], [37.620394, 55.7798789], [37.6204401, 55.7798879], [37.6204928, 55.7798952], [37.6205426, 55.7798977], [37.6205903, 55.7798959], [37.6206383, 55.7798902], [37.6206553, 55.7798868], [37.6206848, 55.7798803], [37.6207297, 55.7798668], [37.6208131, 55.7798341]], [[37.6208131, 55.7798341], [37.6212062, 55.7796802], [37.6213433, 55.7796269], [37.6214112, 55.7796003]], [[37.6214112, 55.7796003], [37.6215483, 55.7795467], [37.6216381, 55.7795146], [37.6217554, 55.7794726], [37.6218662, 55.7794369]], [[37.6218662, 55.7794369], [37.6221271, 55.7793529], [37.6223073, 55.7792967], [37.6223836, 55.7792729]], [[37.6223836, 55.7792729], [37.6224599, 55.7792491], [37.6226123, 55.7791983], [37.6226743, 55.7791777], [37.6227773, 55.7791436], [37.6232933, 55.7790401], [37.6236098, 55.7789732], [37.6237235, 55.7789511]], [[37.6237235, 55.7789511], [37.6240067, 55.7788972], [37.6243093, 55.7788375], [37.6246966, 55.7787629], [37.6255479, 55.7785971], [37.6259783, 55.7785132]], [[37.6259783, 55.7785132], [37.6261482, 55.7784799], [37.6266562, 55.7783821], [37.6269236, 55.7783486], [37.6271919, 55.7783247], [37.6274376, 55.7783078]], [[37.6274376, 55.7783078], [37.6278115, 55.7783021], [37.6280967, 55.7783037], [37.6282281, 55.7783055]], [[37.6282281, 55.7783055], [37.6287678, 55.7783097], [37.6290375, 55.7783123], [37.6291394, 55.7783149], [37.6291983, 55.7783127]], [[37.6291983, 55.7783127], [37.6295795, 55.7783127], [37.6298101, 55.7783133], [37.630198, 55.7783142]], [[37.630198, 55.7783142], [37.6303719, 55.7783146], [37.6304532, 55.778319], [37.6304983, 55.7783214], [37.6305495, 55.7783281], [37.6306069, 55.7783438], [37.6306836, 55.7783809], [37.6307147, 55.7784148], [37.6307301, 55.7784526], [37.630742, 55.7785037], [37.6307545, 55.7785727]], [[37.6307545, 55.7785727], [37.6307785, 55.7787056], [37.630905, 55.7792951]], [[37.630905, 55.7792951], [37.6309552, 55.7795239], [37.6310081, 55.7797089]], [[37.6310081, 55.7797089], [37.6310278, 55.7797779], [37.6310709, 55.7799284], [37.6311496, 55.7801777], [37.6312114, 55.7803737], [37.6312297, 55.7804316]], [[37.6312297, 55.7804316], [37.6312901, 55.7805668], [37.631305, 55.7805947], [37.6313237, 55.7806221], [37.6313571, 55.7806519], [37.6313932, 55.7806722], [37.6314262, 55.7806885], [37.631479, 55.78071], [37.6315641, 55.7807273], [37.6316687, 55.7807386], [37.6317573, 55.7807363], [37.6318176, 55.780728], [37.631855, 55.7807196], [37.6319681, 55.7806941]], [[37.6319681, 55.7806941], [37.6323751, 55.7806137], [37.6325804, 55.7805731], [37.6326634, 55.7805557], [37.6327642, 55.7805414], [37.6329058, 55.780524], [37.6329792, 55.7805212]], [[37.6329792, 55.7805212], [37.6331338, 55.7805127], [37.6333494, 55.7805044], [37.6335623, 55.7804938], [37.6338087, 55.780467]], [[37.6338087, 55.780467], [37.6340281, 55.7804441], [37.6343838, 55.7804065], [37.6345895, 55.7803842], [37.6354905, 55.7802896], [37.6360936, 55.7802257], [37.636662, 55.7801656], [37.6373059, 55.7800975], [37.6377345, 55.780053], [37.6378826, 55.7800376], [37.6386487, 55.779958], [37.6393925, 55.7798808], [37.6399804, 55.7798197], [37.640142, 55.7798034], [37.6410095, 55.779716]], [[37.6410095, 55.779716], [37.6411303, 55.7797038], [37.6412808, 55.77969], [37.6413777, 55.7796835], [37.6414773, 55.7796809], [37.6415937, 55.7796816]], [[37.6415937, 55.7796816], [37.6420429, 55.7796845], [37.6425735, 55.7796879]], [[37.6425735, 55.7796879], [37.6427682, 55.7796891], [37.6432031, 55.7796924], [37.6436736, 55.7796967]], [[37.6436736, 55.7796967], [37.6438522, 55.7797003], [37.6438806, 55.7797029], [37.6442966, 55.7797257], [37.6446469, 55.7797562], [37.6447184, 55.7797548], [37.6447868, 55.7797446], [37.6448531, 55.7797249], [37.6449746, 55.7796553], [37.6451089, 55.7795658]], [[37.6451089, 55.7795658], [37.6454248, 55.7793525], [37.6462029, 55.7788392], [37.6468192, 55.7784159], [37.6474561, 55.7780046], [37.6482815, 55.7774643]], [[37.6482815, 55.7774643], [37.6483987, 55.7773436], [37.6485342, 55.7771852]], [[37.6485342, 55.7771852], [37.6488774, 55.776783], [37.648938, 55.7767094]], [[37.648938, 55.7767094], [37.6489841, 55.7766534], [37.649116, 55.7765297], [37.6492685, 55.776428]], [[37.6492685, 55.776428], [37.6494671, 55.7763164]], [[37.6494671, 55.7763164], [37.6499433, 55.7760354], [37.6499903, 55.7760051], [37.650312, 55.7757977]], [[37.650312, 55.7757977], [37.6509312, 55.775398]], [[37.6509312, 55.775398], [37.6515504, 55.774998], [37.6515719, 55.7749836], [37.6516902, 55.774915], [37.6519487, 55.7747522]], [[37.6519487, 55.7747522], [37.6520218, 55.7747077], [37.6520825, 55.7746635], [37.6521499, 55.774626], [37.6522449, 55.7745809]], [[37.6522449, 55.7745809], [37.6523697, 55.7745402], [37.6524302, 55.7745205], [37.6524628, 55.7745117], [37.652505, 55.7745061], [37.6525601, 55.7745026], [37.6525992, 55.7745019], [37.6526396, 55.7745021], [37.6526788, 55.7745068], [37.6527059, 55.7745129], [37.6527642, 55.7745261]], [[37.6527642, 55.7745261], [37.6531564, 55.7746318], [37.6534709, 55.7747166], [37.6535406, 55.7747375], [37.6535735, 55.7747468], [37.6535972, 55.7747545], [37.6536345, 55.7747671], [37.6536742, 55.774783], [37.6537532, 55.774816], [37.65415, 55.7749717], [37.6542459, 55.7750072], [37.6543269, 55.775033], [37.6544287, 55.7750585], [37.6545323, 55.7750804]], [[37.6545323, 55.7750804], [37.6555161, 55.7752772], [37.6559629, 55.7753652], [37.6563258, 55.7754366]], [[37.6563258, 55.7754366], [37.656694, 55.7755189], [37.6568149, 55.7755489], [37.6569258, 55.7755832], [37.6570293, 55.7756166], [37.6571822, 55.7756678]], [[37.6571822, 55.7756678], [37.6580484, 55.7759528]], [[37.6580484, 55.7759528], [37.6581743, 55.7759943], [37.6582244, 55.7760122], [37.6582648, 55.7760266], [37.6585745, 55.7761348], [37.6586353, 55.7761609], [37.6588416, 55.7762494]], [[37.6588416, 55.7762494], [37.6591658, 55.7763895], [37.660574, 55.7770418], [37.6626511, 55.7779896], [37.6629725, 55.7781394]], [[37.6629725, 55.7781394], [37.663188, 55.7782398], [37.6637992, 55.7785], [37.6640543, 55.778602]], [[37.6640543, 55.778602], [37.6646604, 55.7788442], [37.665607, 55.7792274], [37.6657882, 55.7792991], [37.6658061, 55.7793074]], [[37.6658061, 55.7793074], [37.6658462, 55.7793191], [37.6658879, 55.7793289], [37.6659309, 55.7793367], [37.665975, 55.7793424], [37.6660197, 55.779346], [37.6660648, 55.7793474], [37.666133, 55.7793463], [37.6661753, 55.7793423], [37.6662178, 55.7793364], [37.6662656, 55.7793278], [37.6663274, 55.7793134], [37.6663559, 55.7793072], [37.6663966, 55.7792961], [37.6664354, 55.7792831], [37.6664722, 55.7792683]], [[37.6664722, 55.7792683], [37.6669072, 55.7789857], [37.6672448, 55.7787659], [37.6674796, 55.7786204]], [[37.6674796, 55.7786204], [37.6677144, 55.7784749], [37.6678512, 55.7783847]], [[37.6678512, 55.7783847], [37.6688413, 55.777625]], [[37.6688413, 55.777625], [37.6692393, 55.7773131], [37.6693229, 55.777236], [37.6694054, 55.7771502], [37.6696542, 55.7769117], [37.6699352, 55.7766865]], [[37.6699352, 55.7766865], [37.6706318, 55.7761598]], [[37.6706318, 55.7761598], [37.6706917, 55.7761145], [37.6707524, 55.77608], [37.6708025, 55.7760608], [37.6708734, 55.7760403], [37.6709817, 55.7760291], [37.6710501, 55.7760318], [37.6711093, 55.7760394], [37.6711435, 55.7760474], [37.671197, 55.7760601], [37.6712919, 55.7761017]], [[37.6712919, 55.7761017], [37.6715657, 55.7762217], [37.6728987, 55.7768125], [37.6730739, 55.7768909]], [[37.6730739, 55.7768909], [37.6731698, 55.7769339], [37.6734315, 55.7770619], [37.6735399, 55.777121]], [[37.6735399, 55.777121], [37.6737599, 55.7772414], [37.6738401, 55.777271], [37.6739333, 55.7772839], [37.6740556, 55.7772767], [37.6740643, 55.7772744], [37.6741315, 55.777246], [37.6744308, 55.7770999]], [[37.6744308, 55.7770999], [37.6747736, 55.7769325], [37.6753724, 55.7766394], [37.6754964, 55.7765781], [37.6756834, 55.7764872], [37.6771641, 55.7757624], [37.6774834, 55.7755852]], [[37.6774834, 55.7755852], [37.6775922, 55.7755248], [37.6776624, 55.7754859], [37.6777095, 55.7754499], [37.6777409, 55.775409], [37.6777649, 55.7753504], [37.6777957, 55.7752275]], [[37.6777957, 55.7752275], [37.6778539, 55.7749951], [37.6778854, 55.7748913], [37.6778943, 55.774862], [37.6779731, 55.7745357], [37.6779947, 55.7744634], [37.6780169, 55.774389]], [[37.6780169, 55.774389], [37.6780659, 55.7742064], [37.6781464, 55.7739431], [37.6782622, 55.7735779], [37.6783642, 55.7732163], [37.6783765, 55.7731735], [37.6783946, 55.7731095], [37.6784159, 55.7730278], [37.6784561, 55.7728699], [37.6785273, 55.7725615], [37.678581, 55.7723321], [37.6786617, 55.7719874], [37.678709, 55.7717855], [37.6788179, 55.7712891], [37.6788451, 55.7711786], [37.6788668, 55.7710953], [37.6788766, 55.771057], [37.6791084, 55.7701614], [37.6791842, 55.7698686], [37.6792, 55.7698049], [37.6792026, 55.7697946], [37.6792925, 55.7694194], [37.6793595, 55.7691394], [37.6793917, 55.7689903], [37.6794478, 55.7687325], [37.679472, 55.768621], [37.6794889, 55.7685446], [37.6796164, 55.7678948], [37.6797567, 55.7671523], [37.679791, 55.766971], [37.6798656, 55.7666067], [37.6799036, 55.7664082], [37.6799084, 55.7663804], [37.6799785, 55.7659562], [37.6800231, 55.7657], [37.6800502, 55.7655448], [37.6800681, 55.7654484], [37.6802153, 55.7644427], [37.6802263, 55.7643567], [37.680257, 55.7641138]], [[37.680257, 55.7641138], [37.6802672, 55.7640329], [37.6802714, 55.7639266], [37.6802481, 55.7637535], [37.6801142, 55.7632695]], [[37.6801142, 55.7632695], [37.6801031, 55.7631974], [37.6801016, 55.7631716], [37.6801097, 55.7631455], [37.6801098, 55.7631451], [37.6801304, 55.7631051], [37.68015, 55.7630796], [37.680178, 55.7630536], [37.680219, 55.7630299], [37.6802792, 55.7630063], [37.6803695, 55.7629825], [37.6804068, 55.7629726]], [[37.6804068, 55.7629726], [37.6810666, 55.7629179], [37.6815409, 55.7628785], [37.6818751, 55.7628499], [37.6833551, 55.7627233]], [[37.6833551, 55.7627233], [37.6835465, 55.7627041], [37.6837439, 55.7626802], [37.6838057, 55.7626692], [37.6838924, 55.7626539], [37.684001, 55.7626338], [37.6841115, 55.7626057], [37.6844701, 55.7624846]], [[37.6844701, 55.7624846], [37.6862502, 55.761847]], [[37.6862502, 55.761847], [37.6866129, 55.7617172]], [[37.6866129, 55.7617172], [37.6867098, 55.7616848], [37.6868214, 55.7616474], [37.6870398, 55.7615743], [37.6871575, 55.7615349]], [[37.6871575, 55.7615349], [37.6878151, 55.7612807], [37.688202, 55.76114], [37.6884489, 55.761052], [37.690132, 55.7604521], [37.6913592, 55.7600086], [37.6927803, 55.7594995], [37.6929528, 55.7594407], [37.6938077, 55.7591494], [37.6939749, 55.7590931], [37.6942592, 55.7589967], [37.6948388, 55.7588011], [37.6949228, 55.7587729], [37.6956552, 55.7585276], [37.6957139, 55.7585081], [37.6990594, 55.757399], [37.6992471, 55.7573361], [37.699389, 55.7572884], [37.699614, 55.7572129], [37.6999584, 55.7570973], [37.7000346, 55.7570728], [37.7016701, 55.7565374], [37.7061639, 55.7550665], [37.7065661, 55.7549321]], [[37.7065661, 55.7549321], [37.7068734, 55.7548295], [37.707971, 55.7544512]], [[37.707971, 55.7544512], [37.7081652, 55.7543931], [37.7093839, 55.7539647], [37.7104201, 55.7535932], [37.7106459, 55.7535122], [37.7115871, 55.7531961], [37.7117665, 55.7531457]], [[37.7117665, 55.7531457], [37.7119113, 55.7530835], [37.7120014, 55.7530396], [37.7120486, 55.7529901], [37.7120886, 55.7529453], [37.7121207, 55.7528995], [37.7121817, 55.7527986]], [[37.7121817, 55.7527986], [37.7124031, 55.7523998], [37.7127769, 55.7517968], [37.7130022, 55.7514294], [37.7130765, 55.7513081], [37.7131463, 55.7511791]], [[37.7131463, 55.7511791], [37.7132057, 55.7511295], [37.7132179, 55.7511193], [37.7132792, 55.7510832], [37.7133449, 55.7510504], [37.7134301, 55.7510223], [37.7135121, 55.7510083], [37.7135414, 55.7510101], [37.713637, 55.7510112]], [[37.713637, 55.7510112], [37.7140255, 55.7510833], [37.7147113, 55.7512088]], [[37.7147113, 55.7512088], [37.7148484, 55.7512384], [37.714955, 55.7512632], [37.7150657, 55.7512956], [37.7153664, 55.7513852], [37.7154966, 55.7514219], [37.7156068, 55.7514492], [37.7157486, 55.7514804]], [[37.7157486, 55.7514804], [37.7161454, 55.7515552], [37.7165064, 55.7516209]], [[37.7165064, 55.7516209], [37.7166372, 55.7516434], [37.7167302, 55.7516575], [37.7168358, 55.7516703], [37.7170769, 55.7516957], [37.7171221, 55.7517011], [37.7171725, 55.7517071], [37.7172519, 55.7517183], [37.71735, 55.7517341], [37.7175758, 55.7517742]], [[37.7175758, 55.7517742], [37.7177345, 55.7518105]], [[37.7177345, 55.7518105], [37.7190742, 55.7520827], [37.7194489, 55.7521559]], [[37.7194489, 55.7521559], [37.7203255, 55.7523273], [37.7215273, 55.7525622]], [[37.7215273, 55.7525622], [37.7217603, 55.752606]], [[37.7217603, 55.752606], [37.7219975, 55.7526508], [37.7237671, 55.7529882]]]}, "properties": {"route": 50, "direction": 0, "name": "Трамвай 50: Метро «Новослободская» => Дом культуры «Компрессор»", "osm_relation": 1538170}}, {"type": "Feature", "geometry": {"type": "MultiLineString", "coordinates": [[[37.7238732, 55.7530488], [37.7237483, 55.7530247], [37.7219921, 55.7526727], [37.7217362, 55.7526265]], [[37.7217362, 55.7526265], [37.7215119, 55.752586]], [[37.7215119, 55.752586], [37.7205977, 55.7524097], [37.7194193, 55.7521825]], [[37.7194193, 55.7521825], [37.719056, 55.7521124], [37.7177237, 55.7518332]], [[37.7177237, 55.7518332], [37.7175733, 55.7517981]], [[37.7175733, 55.7517981], [37.7173863, 55.7517663], [37.7173374, 55.7517577], [37.7172409, 55.7517422]], [[37.7172409, 55.7517422], [37.7171636, 55.7517312], [37.7171077, 55.7517246], [37.7170694, 55.75172], [37.7168283, 55.7516946], [37.7167207, 55.7516815], [37.7166255, 55.7516671], [37.7164933, 55.7516444]], [[37.7164933, 55.7516444], [37.7157334, 55.7515035]], [[37.7157334, 55.7515035], [37.7155891, 55.7514718], [37.7154763, 55.7514438], [37.7153568, 55.7514096], [37.7150434, 55.7513169], [37.7149332, 55.7512867], [37.7148314, 55.7512611], [37.7146961, 55.7512319]], [[37.7146961, 55.7512319], [37.7140134, 55.7511025], [37.7136652, 55.7510365]], [[37.7136652, 55.7510365], [37.7134968, 55.7510344], [37.7134723, 55.7510405], [37.7134156, 55.7510525], [37.713321, 55.7510976], [37.7132597, 55.75114], [37.7131952, 55.751185]], [[37.7131952, 55.751185], [37.7131301, 55.7513188], [37.7128773, 55.7517277], [37.7128275, 55.7518082], [37.7124615, 55.7524107], [37.7122351, 55.7528092]], [[37.7122351, 55.7528092], [37.7121781, 55.7529079], [37.7121483, 55.7529555], [37.7121171, 55.7530055], [37.7120899, 55.75303], [37.712076, 55.7530425], [37.7120642, 55.7530531], [37.7119735, 55.7530967], [37.7118957, 55.7531281], [37.7117895, 55.7531651]], [[37.7117895, 55.7531651], [37.7116101, 55.7532168], [37.7106767, 55.7535376], [37.7104478, 55.7536196], [37.7094129, 55.7539903], [37.7087173, 55.7542282], [37.7081863, 55.7544111], [37.7079994, 55.7544741]], [[37.7079994, 55.7544741], [37.7077575, 55.7545556], [37.7068932, 55.7548569], [37.7065868, 55.7549579]], [[37.7065868, 55.7549579], [37.7061878, 55.7550894], [37.7017054, 55.7565717], [37.699418, 55.7573141], [37.6992746, 55.7573612], [37.6990846, 55.7574253], [37.6987546, 55.7575325], [37.6985788, 55.7575896], [37.6957404, 55.7585331], [37.6956828, 55.7585522], [37.6942888, 55.7590215], [37.6940028, 55.7591177], [37.6938362, 55.7591756], [37.6932552, 55.7593737], [37.6929828, 55.7594666], [37.6928067, 55.7595266], [37.692414, 55.759668], [37.6913878, 55.7600343], [37.6901592, 55.7604774], [37.6884748, 55.7610751], [37.6880219, 55.7612358], [37.6878403, 55.7613033], [37.6871832, 55.7615474]], [[37.6871832, 55.7615474], [37.6869386, 55.7616355], [37.6868317, 55.7616725], [37.6866368, 55.7617398]], [[37.6866368, 55.7617398], [37.6862778, 55.761871]], [[37.6862778, 55.761871], [37.6844984, 55.7625092]], [[37.6844984, 55.7625092], [37.6841891, 55.7626151], [37.6840483, 55.7626573], [37.6838994, 55.762689], [37.6837398, 55.7627154], [37.6836229, 55.7627316], [37.6835708, 55.7627388], [37.6834049, 55.7627581]], [[37.6834049, 55.7627581], [37.682302, 55.7628491], [37.6818854, 55.762884], [37.6810824, 55.7629534], [37.680433, 55.7630065]], [[37.680433, 55.7630065], [37.6803777, 55.7630199], [37.6803314, 55.7630354], [37.6802851, 55.763055], [37.6802395, 55.7630825], [37.6801953, 55.7631187], [37.6801738, 55.7631508], [37.6801658, 55.7631787], [37.6801631, 55.7632134], [37.6801671, 55.763262]], [[37.6801671, 55.763262], [37.6802959, 55.7637517], [37.6803202, 55.7639328], [37.6803161, 55.7640358], [37.6803057, 55.7641155]], [[37.6803057, 55.7641155], [37.6802742, 55.7643581], [37.680264, 55.7644382], [37.6801524, 55.7652335], [37.6801149, 55.7654499], [37.6800979, 55.7655478], [37.6799713, 55.7663608], [37.6798998, 55.7666955], [37.6798643, 55.7668566], [37.6798388, 55.7669724], [37.6798044, 55.7671546], [37.679664, 55.7678976], [37.6796233, 55.768105], [37.6795367, 55.7685471], [37.6795216, 55.7686239], [37.6794979, 55.7687353], [37.6794416, 55.7689995], [37.6792317, 55.7698722], [37.6792175, 55.7699294], [37.6791396, 55.770247], [37.679056, 55.7705877], [37.6789835, 55.7708834], [37.6789227, 55.7710971], [37.6788752, 55.7712639], [37.6787597, 55.7717665], [37.6786612, 55.772195], [37.6786284, 55.7723357], [37.6784641, 55.7730395], [37.6784448, 55.7731215], [37.6784255, 55.7731852], [37.6784133, 55.7732273], [37.6781171, 55.7742401], [37.6780739, 55.7743942]], [[37.6780739, 55.7743942], [37.6779903, 55.774703], [37.677941, 55.7748681], [37.6778637, 55.7751735], [37.6778466, 55.7752337]], [[37.6778466, 55.7752337], [37.6778119, 55.7753556], [37.6777867, 55.7754174], [37.6777513, 55.7754634], [37.6776989, 55.7755034], [37.6776249, 55.7755445], [37.6775152, 55.7756053]], [[37.6775152, 55.7756053], [37.6771957, 55.7757826], [37.6769872, 55.7758847], [37.6757148, 55.7765076], [37.6754038, 55.7766598], [37.6748049, 55.7769531], [37.6744653, 55.7771188]], [[37.6744653, 55.7771188], [37.674161, 55.7772673], [37.6740937, 55.777294], [37.6740872, 55.7772966], [37.6739846, 55.7773202], [37.6738943, 55.7773183], [37.6738099, 55.7773002], [37.6737402, 55.7772679], [37.6737268, 55.7772608], [37.6734965, 55.7771349]], [[37.6734965, 55.7771349], [37.6734216, 55.777094], [37.6733991, 55.7770817], [37.6731392, 55.7769547], [37.6730436, 55.7769119]], [[37.6730436, 55.7769119], [37.6715365, 55.7762431], [37.6712713, 55.7761268]], [[37.6712713, 55.7761268], [37.6711815, 55.7760874], [37.6711114, 55.7760767], [37.6710706, 55.7760704], [37.6709447, 55.7760712], [37.6708585, 55.7760873], [37.6708217, 55.7760942], [37.6707854, 55.7761039], [37.6707306, 55.7761303], [37.6706698, 55.7761764]], [[37.6706698, 55.7761764], [37.6703821, 55.7763944], [37.6699748, 55.7767017]], [[37.6699748, 55.7767017], [37.6696931, 55.776926], [37.669605, 55.7770111]], [[37.669605, 55.7770111], [37.6694462, 55.7771644], [37.6693612, 55.7772511], [37.6692778, 55.7773291], [37.6688917, 55.7776457]], [[37.6688917, 55.7776457], [37.6679015, 55.7784055]], [[37.6679015, 55.7784055], [37.6677567, 55.7784973], [37.6675204, 55.7786434]], [[37.6675204, 55.7786434], [37.6672254, 55.7788258], [37.6668325, 55.7790764], [37.6665044, 55.7792887]], [[37.6665044, 55.7792887], [37.6664734, 55.7793049], [37.6664401, 55.7793195], [37.6664012, 55.7793334], [37.6663674, 55.7793437], [37.6663049, 55.7793594], [37.6662466, 55.7793711], [37.6662024, 55.7793783], [37.6661345, 55.7793852], [37.6660924, 55.7793868], [37.6660501, 55.7793864], [37.6660081, 55.7793839], [37.6659958, 55.7793825], [37.6659259, 55.779373], [37.6658863, 55.7793647], [37.6658481, 55.7793545], [37.6658116, 55.7793425], [37.6657771, 55.7793288]], [[37.6657771, 55.7793288], [37.6657596, 55.7793208], [37.6646196, 55.7788627], [37.6640261, 55.7786297]], [[37.6640261, 55.7786297], [37.6637621, 55.7785261], [37.6631588, 55.7782672], [37.6629366, 55.7781629]], [[37.6629366, 55.7781629], [37.6626183, 55.7780135], [37.6605446, 55.777063], [37.659136, 55.7764106], [37.658813, 55.776271]], [[37.658813, 55.776271], [37.6586146, 55.7761859], [37.6585471, 55.776157], [37.658234, 55.7760475], [37.658205, 55.7760372], [37.6581497, 55.7760175], [37.6580284, 55.7759774]], [[37.6580284, 55.7759774], [37.6571614, 55.7756921]], [[37.6571614, 55.7756921], [37.6570063, 55.7756402], [37.6569002, 55.7756059], [37.6567947, 55.7755733], [37.6566763, 55.775545], [37.6563076, 55.7754616]], [[37.6563076, 55.7754616], [37.6559449, 55.7753902], [37.6554999, 55.7753026], [37.655137, 55.7752296], [37.6545317, 55.7751078]], [[37.6545317, 55.7751078], [37.6544109, 55.7750835]], [[37.6544109, 55.7750835], [37.6540364, 55.775005], [37.6536738, 55.7749164], [37.6535402, 55.7748834], [37.6533653, 55.7748401], [37.6527737, 55.7746859], [37.652603, 55.7746411], [37.652491, 55.7746139], [37.6524308, 55.7746127], [37.6523705, 55.7746188], [37.6523362, 55.7746245], [37.6523079, 55.7746319], [37.6522745, 55.7746437], [37.6522219, 55.774666], [37.6520307, 55.7747461], [37.651611, 55.7749997]], [[37.651611, 55.7749997], [37.6515883, 55.7750162], [37.6509722, 55.7754194]], [[37.6509722, 55.7754194], [37.6503482, 55.7758279]], [[37.6503482, 55.7758279], [37.650071, 55.7759977], [37.6500259, 55.7760237], [37.6496992, 55.7762135], [37.6494197, 55.7763734], [37.6493037, 55.7764462]], [[37.6493037, 55.7764462], [37.6491486, 55.7765463]], [[37.6491486, 55.7765463], [37.6490313, 55.776666], [37.6489765, 55.7767292]], [[37.6489765, 55.7767292], [37.6489216, 55.7767924], [37.6485872, 55.7771941]], [[37.6485872, 55.7771941], [37.6484514, 55.7773596], [37.6483241, 55.7774783]], [[37.6483241, 55.7774783], [37.6474848, 55.778024], [37.6468675, 55.7784386], [37.6464971, 55.7786804], [37.6462431, 55.7788576], [37.6451873, 55.7795661]], [[37.6451873, 55.7795661], [37.6450185, 55.7796808], [37.6448851, 55.7797543], [37.644833, 55.7797721], [37.6447696, 55.7797853], [37.6446587, 55.7797879], [37.6445431, 55.779783], [37.6442872, 55.7797649], [37.6438802, 55.7797425], [37.643675, 55.7797378]], [[37.643675, 55.7797378], [37.642577, 55.7797258]], [[37.642577, 55.7797258], [37.6415935, 55.779715]], [[37.6415935, 55.779715], [37.6414789, 55.7797137], [37.6413864, 55.7797163], [37.6412964, 55.779722], [37.6411425, 55.7797357], [37.6410129, 55.7797494]], [[37.6410129, 55.7797494], [37.6397583, 55.7798817], [37.6391258, 55.7799462], [37.6388384, 55.7799754], [37.6377466, 55.7800888], [37.6370718, 55.7801588], [37.6357769, 55.7802926], [37.6355005, 55.7803219], [37.6345339, 55.7804252], [37.6340822, 55.7804735], [37.6338262, 55.7804993]], [[37.6338262, 55.7804993], [37.6335701, 55.780525], [37.6335502, 55.7805265]], [[37.6335502, 55.7805265], [37.6333606, 55.780538], [37.6331473, 55.7805527], [37.6329876, 55.7805606]], [[37.6329876, 55.7805606], [37.6329206, 55.7805625], [37.632762, 55.7805802], [37.632604, 55.7806061], [37.6322647, 55.7806765], [37.631994, 55.7807326]], [[37.631994, 55.7807326], [37.6318763, 55.7807526], [37.6318424, 55.7807584], [37.6318154, 55.7807616], [37.6317599, 55.780768], [37.6316785, 55.7807695], [37.6315554, 55.7807578], [37.6314496, 55.7807344], [37.6314134, 55.7807214], [37.6313614, 55.7806986], [37.6313108, 55.7806684], [37.6312794, 55.7806408], [37.6312515, 55.7806085], [37.6312239, 55.7805714], [37.6311953, 55.7805042], [37.6311715, 55.7804338]], [[37.6311715, 55.7804338], [37.6311411, 55.7803437], [37.6311001, 55.7802258], [37.6310098, 55.7799343], [37.6309371, 55.7797081]], [[37.6309371, 55.7797081], [37.6308893, 55.7795236], [37.6308769, 55.7794707], [37.6308364, 55.779298]], [[37.6308364, 55.779298], [37.6307998, 55.7791184], [37.6307019, 55.7786385], [37.6306884, 55.7785723]], [[37.6306884, 55.7785723], [37.6306741, 55.7785024], [37.6306621, 55.7784536], [37.6306506, 55.7784317], [37.6306326, 55.778412], [37.6306038, 55.7783902], [37.6305617, 55.7783724], [37.6305005, 55.7783557], [37.6304419, 55.7783477], [37.6303672, 55.7783421], [37.6301963, 55.778342]], [[37.6301963, 55.778342], [37.6295646, 55.7783415], [37.6291971, 55.7783412], [37.6291286, 55.7783416], [37.6290279, 55.7783423], [37.6287683, 55.7783392], [37.6282129, 55.7783354]], [[37.6282129, 55.7783354], [37.6281007, 55.7783346], [37.6278134, 55.7783345], [37.6274388, 55.7783353]], [[37.6274388, 55.7783353], [37.6271975, 55.7783515], [37.626935, 55.7783747], [37.6266729, 55.7784077], [37.6262815, 55.7784752], [37.6261598, 55.7784995], [37.6255612, 55.7786188], [37.6247115, 55.7787869], [37.6243242, 55.7788625], [37.6240243, 55.7789218], [37.6236269, 55.779], [37.6231966, 55.7790904]], [[37.6231966, 55.7790904], [37.6230165, 55.7791273], [37.6228018, 55.7791726], [37.6226627, 55.779214], [37.6226352, 55.7792239], [37.6224802, 55.7792711], [37.6224156, 55.7792911]], [[37.6224156, 55.7792911], [37.6223261, 55.7793189], [37.6221491, 55.7793748], [37.6218882, 55.7794579]], [[37.6218882, 55.7794579], [37.6217769, 55.7794934], [37.6216594, 55.7795355], [37.6215729, 55.7795665], [37.6214324, 55.7796218]], [[37.6214324, 55.7796218], [37.6213716, 55.7796457], [37.6212315, 55.7797004], [37.6208372, 55.7798542]], [[37.6208372, 55.7798542], [37.6207528, 55.7798872], [37.6207029, 55.7799029], [37.6206823, 55.7799073], [37.6206515, 55.7799137], [37.6205965, 55.7799202], [37.6205427, 55.7799222], [37.6204859, 55.7799195], [37.6204278, 55.7799112], [37.6203793, 55.7799018], [37.6203305, 55.7798895], [37.6203014, 55.7798786], [37.620286, 55.7798728], [37.6202524, 55.7798565], [37.6202119, 55.779835], [37.6201736, 55.7798092], [37.6200935, 55.779753]], [[37.6200935, 55.779753], [37.6197133, 55.7794864], [37.6192337, 55.7791491], [37.6185849, 55.7786938]], [[37.6185849, 55.7786938], [37.6185199, 55.7786482], [37.6184896, 55.7786312], [37.6184498, 55.7786106], [37.6184129, 55.778595], [37.6183726, 55.7785804], [37.6183353, 55.7785694], [37.6182893, 55.7785577], [37.6182423, 55.7785477], [37.6181925, 55.7785418], [37.6180658, 55.7785279]], [[37.6180658, 55.7785279], [37.6179853, 55.778519], [37.6177856, 55.7784972], [37.6176495, 55.7784827]], [[37.6176495, 55.7784827], [37.6176082, 55.7784785], [37.6175632, 55.7784759], [37.6175216, 55.7784734], [37.6174777, 55.7784728], [37.6174336, 55.7784754], [37.6173921, 55.7784787], [37.6173478, 55.7784845], [37.6173026, 55.7784918], [37.6170031, 55.778544]], [[37.6170031, 55.778544], [37.6168427, 55.7785719], [37.6165834, 55.7786171], [37.6163098, 55.7786648], [37.6162189, 55.7786814], [37.6154761, 55.7788183], [37.614668, 55.7789656], [37.6142646, 55.7790391], [37.6141938, 55.779052]], [[37.6141938, 55.779052], [37.6140366, 55.7790807], [37.6136303, 55.779199], [37.6135463, 55.7792287], [37.613419, 55.7792746], [37.6133762, 55.7792958], [37.6133037, 55.7793298], [37.6132228, 55.779373]], [[37.6132228, 55.779373], [37.6131408, 55.7794186], [37.6130962, 55.7794441], [37.6128005, 55.7796069]], [[37.6128005, 55.7796069], [37.6127541, 55.7796324], [37.6125548, 55.7797188], [37.6125325, 55.779726], [37.6123544, 55.7797836], [37.6122553, 55.779805], [37.6120595, 55.7798454]], [[37.6120595, 55.7798454], [37.6118822, 55.779882], [37.6114354, 55.7799742], [37.6107298, 55.7801144], [37.6103947, 55.7801809], [37.6103712, 55.7801856], [37.6098025, 55.780305]], [[37.6098025, 55.780305], [37.6096812, 55.7803304], [37.6094124, 55.7803938], [37.6093355, 55.7804262], [37.6092419, 55.7804762], [37.6090907, 55.7805585], [37.6090139, 55.7806085]], [[37.6090139, 55.7806085], [37.6089754, 55.7806355], [37.6089082, 55.7807111], [37.6088962, 55.7807367], [37.6088962, 55.7807559], [37.6088962, 55.7807772], [37.608925, 55.7808191], [37.608956, 55.7808464], [37.6089802, 55.7808677], [37.609058, 55.7809416]], [[37.609058, 55.7809416], [37.6091358, 55.7810154], [37.6091675, 55.7810459], [37.6092247, 55.7811017], [37.6096153, 55.7814826], [37.6100372, 55.7818924], [37.6105554, 55.7823817], [37.6108477, 55.7826567], [37.6109387, 55.7827417]], [[37.6109387, 55.7827417], [37.6110297, 55.7828267], [37.6110503, 55.7828512], [37.6110583, 55.7828722], [37.6110634, 55.7828925], [37.6110638, 55.782916], [37.6110633, 55.782931], [37.6110535, 55.7829645], [37.6110181, 55.7829998], [37.6109684, 55.7830313], [37.6108118, 55.7830801], [37.6107632, 55.7830938]], [[37.6107632, 55.7830938], [37.6103745, 55.7832097], [37.6100906, 55.7832989], [37.609763, 55.7834089], [37.6093576, 55.78354], [37.608919, 55.7836904], [37.6087583, 55.7837455], [37.6083125, 55.7838984], [37.6080759, 55.7839795], [37.6078782, 55.7840475], [37.6072883, 55.7842497], [37.6071225, 55.7843058], [37.6070662, 55.7843249]], [[37.6070662, 55.7843249], [37.6067738, 55.784424], [37.6066517, 55.7844686], [37.6066441, 55.7844714]], [[37.6066441, 55.7844714], [37.6063897, 55.7845666], [37.6062698, 55.7846115], [37.6062517, 55.7846188]], [[37.6062517, 55.7846188], [37.6062234, 55.7846449], [37.6062039, 55.7846735], [37.606194, 55.7847036], [37.6061938, 55.7847312], [37.6061951, 55.7847442], [37.6062037, 55.7847643], [37.6062231, 55.7847929], [37.6062531, 55.7848181]], [[37.6062531, 55.7848181], [37.6066635, 55.7851071]], [[37.6066635, 55.7851071], [37.6067729, 55.7851841], [37.6069169, 55.7852855], [37.607085, 55.7854338], [37.6071613, 55.7855076], [37.6072229, 55.7855672]], [[37.6072229, 55.7855672], [37.6079197, 55.7862417], [37.6080075, 55.7863267], [37.6081683, 55.7864811], [37.6084851, 55.7867853], [37.6087215, 55.787001]], [[37.6087215, 55.787001], [37.6090097, 55.787289], [37.6090959, 55.7873718], [37.6092413, 55.7875114], [37.6092844, 55.7875528], [37.6093391, 55.7876053], [37.609547, 55.7878049], [37.6097341, 55.7879845]], [[37.6097341, 55.7879845], [37.6097524, 55.7880007], [37.6097682, 55.7880177], [37.6097817, 55.7880354], [37.6097925, 55.7880537], [37.6098008, 55.7880723], [37.6098024, 55.7880766], [37.6098214, 55.7881278]], [[37.6098214, 55.7881278], [37.6098499, 55.7881971], [37.6098602, 55.7882222], [37.6099187, 55.7883488], [37.6099431, 55.7884016], [37.6099465, 55.788409]], [[37.6099465, 55.788409], [37.6099544, 55.7884201], [37.6099606, 55.7884314], [37.609965, 55.788443], [37.6099675, 55.7884548], [37.6099683, 55.7884667], [37.6099672, 55.7884785], [37.6099666, 55.7884811], [37.6099643, 55.7884903]], [[37.6099643, 55.7884903], [37.6099625, 55.7885471], [37.6099502, 55.7889435], [37.609944, 55.7891419], [37.6099216, 55.7898654]], [[37.6099216, 55.7898654], [37.6099202, 55.7899102], [37.6099134, 55.7899643], [37.6098937, 55.7899919], [37.6098774, 55.7900147], [37.6098157, 55.7900564], [37.6097343, 55.7900855], [37.6096469, 55.7900983], [37.6095446, 55.7900961]], [[37.6095446, 55.7900961], [37.6093138, 55.790079], [37.6085354, 55.7900212], [37.6081762, 55.7899957], [37.6077977, 55.7899688], [37.6076212, 55.7899557], [37.607255, 55.7899303], [37.6068433, 55.789901], [37.6062272, 55.7898573], [37.6060504, 55.7898448], [37.6046707, 55.7897474], [37.6045073, 55.7897343], [37.6042696, 55.7897152], [37.6040953, 55.7897008]], [[37.6040953, 55.7897008], [37.6039434, 55.7896918], [37.6031181, 55.7896289], [37.6029498, 55.7896166], [37.6017282, 55.7895274], [37.6011028, 55.7894817], [37.6005979, 55.7894448]], [[37.6005979, 55.7894448], [37.600476, 55.7894365], [37.6003967, 55.7894159], [37.6003836, 55.7894126], [37.6003645, 55.7894076], [37.6002742, 55.7893607], [37.600214, 55.7893006], [37.6002027, 55.7892692], [37.6001897, 55.7892329], [37.6002011, 55.7891764], [37.6002035, 55.7891643], [37.6002162, 55.7891217]], [[37.6002162, 55.7891217], [37.6003521, 55.7886681], [37.6003725, 55.7886], [37.6005454, 55.7880228], [37.6005853, 55.7878988], [37.6006171, 55.7877998], [37.600646, 55.7877259], [37.6008084, 55.7873113], [37.6008238, 55.7872762], [37.6010547, 55.7867504], [37.6010732, 55.7867082], [37.6011324, 55.7865694], [37.6016123, 55.7853872]], [[37.6016123, 55.7853872], [37.60163, 55.7853381], [37.6016443, 55.785287], [37.6016501, 55.7852582], [37.601651, 55.7852389], [37.6016513, 55.7852134], [37.601651, 55.7851869], [37.6016464, 55.7851622], [37.6016355, 55.7851353], [37.6016144, 55.7850992], [37.6015858, 55.7850633]], [[37.6015858, 55.7850633], [37.6014641, 55.7849698]], [[37.6014641, 55.7849698], [37.6013884, 55.7849108], [37.6013456, 55.7848774], [37.6012917, 55.7848367], [37.6012408, 55.7847971], [37.6011907, 55.784742], [37.601161, 55.7846784], [37.6011587, 55.784644], [37.6011641, 55.7845798]], [[37.6011641, 55.7845798], [37.6012202, 55.7843331], [37.6012283, 55.7842973], [37.6013363, 55.7838313], [37.6013589, 55.7837363], [37.6014787, 55.7832334]], [[37.6014787, 55.7832334], [37.6014965, 55.7831588], [37.6015438, 55.7828868], [37.6015658, 55.7827264]], [[37.6015658, 55.7827264], [37.6015798, 55.7826244], [37.6016337, 55.7821942], [37.6016421, 55.7821309], [37.6016624, 55.7819789], [37.6016708, 55.781895], [37.6016939, 55.7816872]], [[37.6016939, 55.7816872], [37.6017057, 55.7815813], [37.6017497, 55.7812204], [37.6017647, 55.781151]], [[37.6017647, 55.781151], [37.6018548, 55.7807099], [37.602062, 55.7801203], [37.602188, 55.7798375]], [[37.602188, 55.7798375], [37.6022115, 55.7797846], [37.6022484, 55.779731], [37.6023117, 55.7796749], [37.6023815, 55.7796303], [37.6024559, 55.7795959], [37.602465, 55.7795917], [37.6025431, 55.779564], [37.6025625, 55.7795578], [37.6026164, 55.7795338], [37.602689, 55.7794972], [37.6027462, 55.7794712], [37.6028125, 55.7794367], [37.6028527, 55.779415], [37.6028881, 55.7793934], [37.6029359, 55.7793643]], [[37.6029359, 55.7793643], [37.6033724, 55.7790909], [37.6034669, 55.7790311], [37.6035976, 55.7789492], [37.6037118, 55.7788778]], [[37.6037118, 55.7788778], [37.6038063, 55.7788214], [37.6038623, 55.7787928], [37.6038918, 55.7787833], [37.6039112, 55.7787805], [37.6039274, 55.7787799], [37.6039327, 55.7787797], [37.6039689, 55.7787833], [37.6040056, 55.7787894], [37.6041028, 55.7788093], [37.6044974, 55.7788865]]]}, "properties": {"route": 50, "direction": 1, "name": "Трамвай 50: Дом культуры «Компрессор» => Метро «Новослободская»", "osm_relation": 1538169}}]}