month,day,hour,t,prcp,snow
1,1,0,-4.17,0.05,0.028000000000000004
1,1,1,-4.13,0.1,0.05600000000000001
1,1,2,-4.04,0.1,0.063
1,1,3,-3.8200000000000003,0.07,0.035
1,1,4,-3.55,0.12,0.021
1,1,5,-3.55,0.06,0.014000000000000002
1,1,6,-3.55,0.04,0.014000000000000002
1,1,7,-3.5,0.05,0.007000000000000001
1,1,8,-3.46,0.02,0.0
1,1,9,-3.5100000000000002,0.06,0.007000000000000001
1,1,10,-3.55,0.03,0.0
1,1,11,-3.4,0.01,0.0
1,1,12,-3.2600000000000002,0.01,0.0
1,1,13,-3.05,0.02,0.0
1,1,14,-3.04,0.07999999999999999,0.0
1,1,15,-3.3299999999999996,0.07999999999999999,0.0
1,1,16,-3.46,0.06000000000000001,0.007000000000000001
1,1,17,-3.62,0.05,0.014000000000000002
1,1,18,-3.4599999999999995,0.0,0.0
1,1,19,-3.3899999999999997,0.02,0.007000000000000001
1,1,20,-3.3299999999999996,0.02,0.007000000000000001
1,1,21,-3.44,0.06999999999999999,0.020999999999999998
1,1,22,-3.5400000000000005,0.06999999999999999,0.014000000000000002
1,1,23,-3.53,0.07999999999999999,0.007000000000000001
1,2,0,-3.6799999999999997,0.1,0.0
1,2,1,-4.05,0.12999999999999998,0.0
1,2,2,-4.3,0.11000000000000001,0.0
1,2,3,-4.21,0.06,0.0
1,2,4,-4.3,0.12,0.049
1,2,5,-4.340000000000001,0.04,0.007000000000000001
1,2,6,-4.57,0.07,0.049
1,2,7,-4.7299999999999995,0.14,0.091
1,2,8,-4.909999999999999,0.13999999999999999,0.08399999999999999
1,2,9,-5.1,0.15,0.098
1,2,10,-5.1,0.15,0.091
1,2,11,-4.88,0.07,0.049
1,2,12,-4.62,0.04,0.028000000000000004
1,2,13,-4.44,0.06000000000000001,0.042
1,2,14,-4.37,0.05,0.035
1,2,15,-4.55,0.04,0.028000000000000004
1,2,16,-4.7299999999999995,0.05,0.028000000000000004
1,2,17,-4.92,0.02,0.007000000000000001
1,2,18,-4.93,0.01,0.007000000000000001
1,2,19,-5.0,0.01,0.007000000000000001
1,2,20,-5.1899999999999995,0.07999999999999999,0.05600000000000001
1,2,21,-5.58,0.05,0.034999999999999996
1,2,22,-5.79,0.05,0.028000000000000004
1,2,23,-6.11,0.05,0.035
1,3,0,-6.45,0.03,0.014000000000000002
1,3,1,-6.4,0.02,0.0
1,3,2,-6.25,0.030000000000000006,0.014000000000000002
1,3,3,-5.9799999999999995,0.05,0.028000000000000004
1,3,4,-5.67,0.05,0.042
1,3,5,-5.68,0.05,0.034999999999999996
1,3,6,-5.76,0.05,0.035
1,3,7,-5.9,0.09,0.06299999999999999
1,3,8,-6.13,0.12,0.08399999999999999
1,3,9,-6.17,0.13,0.091
1,3,10,-6.159999999999999,0.11000000000000001,0.077
1,3,11,-5.87,0.06,0.041999999999999996
1,3,12,-5.640000000000001,0.05,0.034999999999999996
1,3,13,-5.54,0.1,0.06300000000000001
1,3,14,-5.4399999999999995,0.039999999999999994,0.007000000000000001
1,3,15,-5.409999999999999,0.039999999999999994,0.007000000000000001
1,3,16,-5.62,0.0,0.0
1,3,17,-5.75,0.02,0.014000000000000002
1,3,18,-5.840000000000001,0.1,0.041999999999999996
1,3,19,-5.94,0.12999999999999998,0.06999999999999999
1,3,20,-6.1,0.15999999999999998,0.091
1,3,21,-6.1899999999999995,0.12,0.06999999999999999
1,3,22,-6.24,0.09,0.049
1,3,23,-6.5200000000000005,0.13,0.07
1,4,0,-6.790000000000001,0.08,0.041999999999999996
1,4,1,-6.92,0.09,0.05600000000000001
1,4,2,-7.18,0.07,0.042
1,4,3,-7.24,0.11000000000000001,0.06300000000000001
1,4,4,-7.340000000000001,0.1,0.063
1,4,5,-7.58,0.08,0.049
1,4,6,-7.7299999999999995,0.08,0.049
1,4,7,-7.87,0.06000000000000001,0.042
1,4,8,-7.88,0.05,0.035
1,4,9,-8.059999999999999,0.030000000000000006,0.028000000000000004
1,4,10,-8.030000000000001,0.02,0.014000000000000002
1,4,11,-7.67,0.02,0.014000000000000002
1,4,12,-7.45,0.02,0.014000000000000002
1,4,13,-7.2299999999999995,0.04,0.021
1,4,14,-7.12,0.09999999999999999,0.06999999999999999
1,4,15,-7.030000000000001,0.11000000000000001,0.077
1,4,16,-7.140000000000001,0.08,0.063
1,4,17,-7.42,0.04,0.035
1,4,18,-7.359999999999999,0.02,0.021
1,4,19,-7.279999999999999,0.04,0.035
1,4,20,-7.359999999999999,0.06,0.049
1,4,21,-7.44,0.06999999999999999,0.049
1,4,22,-7.62,0.06999999999999999,0.049
1,4,23,-7.68,0.06,0.042
1,5,0,-7.68,0.08,0.05600000000000001
1,5,1,-7.67,0.09,0.063
1,5,2,-7.779999999999999,0.08,0.063
1,5,3,-8.379999999999999,0.04,0.028000000000000004
1,5,4,-8.5,0.06999999999999999,0.049
1,5,5,-8.59,0.04,0.028000000000000004
1,5,6,-8.49,0.04,0.028000000000000004
1,5,7,-8.47,0.02,0.021
1,5,8,-8.65,0.08,0.05600000000000001
1,5,9,-8.7,0.1,0.07
1,5,10,-8.540000000000001,0.16,0.11199999999999999
1,5,11,-8.290000000000001,0.13,0.09800000000000002
1,5,12,-8.05,0.08,0.06300000000000001
1,5,13,-7.9,0.09,0.063
1,5,14,-7.85,0.07999999999999999,0.06999999999999999
1,5,15,-8.41,0.22000000000000003,0.16799999999999998
1,5,16,-8.870000000000001,0.12,0.08399999999999999
1,5,17,-9.33,0.039999999999999994,0.028000000000000004
1,5,18,-9.66,0.0,0.007000000000000001
1,5,19,-9.99,0.01,0.007000000000000001
1,5,20,-10.36,0.0,0.0
1,5,21,-10.63,0.01,0.007000000000000001
1,5,22,-10.86,0.02,0.014000000000000002
1,5,23,-11.120000000000001,0.02,0.014000000000000002
1,6,0,-11.27,0.02,0.014000000000000002
1,6,1,-11.319999999999999,0.02,0.021
1,6,2,-11.23,0.02,0.021
1,6,3,-11.330000000000002,0.030000000000000006,0.021
1,6,4,-11.309999999999999,0.030000000000000006,0.021
1,6,5,-11.65,0.05,0.034999999999999996
1,6,6,-11.74,0.06,0.041999999999999996
1,6,7,-11.77,0.05,0.034999999999999996
1,6,8,-11.9,0.01,0.007000000000000001
1,6,9,-12.15,0.0,0.0
1,6,10,-12.110000000000001,0.02,0.014000000000000002
1,6,11,-11.709999999999999,0.039999999999999994,0.028000000000000004
1,6,12,-11.3,0.030000000000000006,0.014000000000000002
1,6,13,-11.07,0.02,0.014000000000000002
1,6,14,-10.809999999999999,0.04,0.028000000000000004
1,6,15,-10.91,0.01,0.0
1,6,16,-11.309999999999999,0.05,0.028000000000000004
1,6,17,-11.709999999999999,0.03,0.014000000000000002
1,6,18,-11.76,0.01,0.007000000000000001
1,6,19,-11.93,0.01,0.014000000000000002
1,6,20,-12.22,0.01,0.007000000000000001
1,6,21,-12.52,0.0,0.0
1,6,22,-12.819999999999999,0.030000000000000006,0.007000000000000001
1,6,23,-13.190000000000001,0.03,0.0
1,7,0,-13.370000000000001,0.030000000000000006,0.007000000000000001
1,7,1,-13.540000000000001,0.030000000000000006,0.014000000000000002
1,7,2,-13.64,0.01,0.007000000000000001
1,7,3,-13.45,0.030000000000000006,0.014000000000000002
1,7,4,-13.559999999999999,0.06,0.041999999999999996
1,7,5,-13.84,0.05,0.034999999999999996
1,7,6,-14.030000000000001,0.04,0.028000000000000004
1,7,7,-14.26,0.03,0.020999999999999998
1,7,8,-14.419999999999998,0.05,0.034999999999999996
1,7,9,-14.690000000000001,0.030000000000000006,0.021
1,7,10,-14.780000000000001,0.02,0.007000000000000001
1,7,11,-14.290000000000001,0.02,0.007000000000000001
1,7,12,-13.780000000000001,0.01,0.007000000000000001
1,7,13,-13.16,0.02,0.014000000000000002
1,7,14,-12.969999999999999,0.030000000000000006,0.014000000000000002
1,7,15,-13.14,0.01,0.007000000000000001
1,7,16,-13.25,0.030000000000000006,0.014000000000000002
1,7,17,-13.4,0.02,0.007000000000000001
1,7,18,-13.469999999999999,0.02,0.014000000000000002
1,7,19,-13.459999999999999,0.01,0.007000000000000001
1,7,20,-13.830000000000002,0.030000000000000006,0.021
1,7,21,-14.02,0.02,0.014000000000000002
1,7,22,-14.059999999999999,0.01,0.007000000000000001
1,7,23,-14.2,0.0,0.0
1,8,0,-14.38,0.0,0.0
1,8,1,-14.37,0.0,0.0
1,8,2,-14.459999999999999,0.0,0.0
1,8,3,-14.36,0.0,0.007000000000000001
1,8,4,-14.14,0.01,0.007000000000000001
1,8,5,-13.820000000000002,0.01,0.007000000000000001
1,8,6,-13.469999999999999,0.02,0.014000000000000002
1,8,7,-13.1,0.02,0.014000000000000002
1,8,8,-12.99,0.02,0.014000000000000002
1,8,9,-12.930000000000001,0.02,0.014000000000000002
1,8,10,-12.440000000000001,0.030000000000000006,0.021
1,8,11,-11.870000000000001,0.030000000000000006,0.021
1,8,12,-11.22,0.01,0.007000000000000001
1,8,13,-10.690000000000001,0.0,0.0
1,8,14,-10.559999999999999,0.01,0.007000000000000001
1,8,15,-10.53,0.02,0.014000000000000002
1,8,16,-10.58,0.030000000000000006,0.021
1,8,17,-10.790000000000001,0.04,0.028000000000000004
1,8,18,-10.97,0.06000000000000001,0.042
1,8,19,-10.84,0.06,0.042
1,8,20,-10.83,0.04,0.028000000000000004
1,8,21,-10.84,0.03,0.020999999999999998
1,8,22,-10.52,0.08,0.05600000000000001
1,8,23,-10.540000000000001,0.04,0.028000000000000004
1,9,0,-10.620000000000001,0.0,0.014000000000000002
1,9,1,-10.67,0.02,0.014000000000000002
1,9,2,-10.86,0.030000000000000006,0.021
1,9,3,-10.53,0.01,0.014000000000000002
1,9,4,-10.57,0.04,0.035
1,9,5,-10.47,0.030000000000000006,0.028000000000000004
1,9,6,-10.709999999999999,0.06999999999999999,0.05600000000000001
1,9,7,-10.86,0.09,0.07000000000000002
1,9,8,-10.83,0.04,0.042
1,9,9,-10.989999999999998,0.01,0.014000000000000002
1,9,10,-10.95,0.030000000000000006,0.028000000000000004
1,9,11,-10.58,0.06,0.049
1,9,12,-10.22,0.05,0.035
1,9,13,-9.83,0.06,0.042
1,9,14,-9.57,0.07,0.049
1,9,15,-9.809999999999999,0.09,0.063
1,9,16,-9.879999999999999,0.12,0.084
1,9,17,-10.02,0.15,0.10500000000000001
1,9,18,-9.96,0.19,0.133
1,9,19,-9.86,0.22999999999999998,0.161
1,9,20,-9.74,0.22000000000000003,0.154
1,9,21,-9.61,0.15,0.10500000000000001
1,9,22,-9.5,0.13,0.091
1,9,23,-9.33,0.12,0.08399999999999999
1,10,0,-9.2,0.06999999999999999,0.049
1,10,1,-9.15,0.04,0.035
1,10,2,-8.99,0.05,0.049
1,10,3,-8.92,0.07,0.05600000000000001
1,10,4,-8.84,0.13999999999999999,0.10500000000000001
1,10,5,-8.629999999999999,0.2,0.14700000000000002
1,10,6,-8.6,0.09,0.06999999999999999
1,10,7,-8.78,0.06000000000000001,0.049
1,10,8,-8.84,0.05,0.042
1,10,9,-8.85,0.06999999999999999,0.05600000000000001
1,10,10,-8.790000000000001,0.08,0.05600000000000001
1,10,11,-8.629999999999999,0.06999999999999999,0.05600000000000001
1,10,12,-8.3,0.05,0.042
1,10,13,-8.03,0.04,0.028000000000000004
1,10,14,-7.840000000000001,0.02,0.021
1,10,15,-7.82,0.03,0.028000000000000004
1,10,16,-7.83,0.02,0.014000000000000002
1,10,17,-8.08,0.02,0.014000000000000002
1,10,18,-8.290000000000001,0.02,0.014000000000000002
1,10,19,-8.36,0.02,0.014000000000000002
1,10,20,-8.59,0.02,0.014000000000000002
1,10,21,-8.870000000000001,0.02,0.014000000000000002
1,10,22,-8.98,0.02,0.014000000000000002
1,10,23,-9.11,0.02,0.014000000000000002
1,11,0,-9.02,0.03,0.020999999999999998
1,11,1,-8.97,0.03,0.020999999999999998
1,11,2,-8.959999999999999,0.05,0.034999999999999996
1,11,3,-8.59,0.04,0.028000000000000004
1,11,4,-8.46,0.08,0.05600000000000001
1,11,5,-8.3,0.03,0.020999999999999998
1,11,6,-8.19,0.13,0.091
1,11,7,-8.23,0.06,0.041999999999999996
1,11,8,-8.309999999999999,0.11000000000000001,0.077
1,11,9,-8.33,0.13,0.098
1,11,10,-8.19,0.18,0.11900000000000002
1,11,11,-7.960000000000001,0.27999999999999997,0.196
1,11,12,-8.040000000000001,0.24,0.16799999999999998
1,11,13,-8.16,0.12,0.084
1,11,14,-8.32,0.07999999999999999,0.063
1,11,15,-8.78,0.05,0.035
1,11,16,-9.14,0.04,0.035
1,11,17,-9.51,0.02,0.014000000000000002
1,11,18,-9.709999999999999,0.030000000000000006,0.021
1,11,19,-9.86,0.02,0.021
1,11,20,-9.85,0.04,0.034999999999999996
1,11,21,-9.940000000000001,0.04,0.028000000000000004
1,11,22,-10.280000000000001,0.02,0.014000000000000002
1,11,23,-10.209999999999999,0.01,0.007000000000000001
1,12,0,-10.1,0.01,0.007000000000000001
1,12,1,-10.08,0.01,0.007000000000000001
1,12,2,-10.14,0.01,0.007000000000000001
1,12,3,-10.290000000000001,0.01,0.007000000000000001
1,12,4,-10.129999999999999,0.030000000000000006,0.021
1,12,5,-10.129999999999999,0.030000000000000006,0.021
1,12,6,-10.0,0.01,0.007000000000000001
1,12,7,-9.9,0.02,0.014000000000000002
1,12,8,-9.77,0.01,0.007000000000000001
1,12,9,-9.69,0.02,0.014000000000000002
1,12,10,-9.72,0.04,0.028000000000000004
1,12,11,-9.42,0.04,0.028000000000000004
1,12,12,-9.23,0.02,0.021
1,12,13,-9.11,0.030000000000000006,0.028000000000000004
1,12,14,-9.01,0.05,0.035
1,12,15,-9.08,0.06999999999999999,0.049
1,12,16,-9.05,0.05,0.035
1,12,17,-9.11,0.05,0.034999999999999996
1,12,18,-9.1,0.11000000000000001,0.084
1,12,19,-9.02,0.19,0.133
1,12,20,-8.8,0.22000000000000003,0.154
1,12,21,-8.72,0.23000000000000004,0.161
1,12,22,-8.669999999999998,0.15,0.10500000000000001
1,12,23,-8.790000000000001,0.11000000000000001,0.077
1,13,0,-8.760000000000002,0.13,0.091
1,13,1,-8.959999999999999,0.15,0.098
1,13,2,-9.120000000000001,0.17,0.119
1,13,3,-9.22,0.15,0.098
1,13,4,-9.129999999999999,0.13999999999999999,0.098
1,13,5,-9.17,0.08,0.041999999999999996
1,13,6,-9.16,0.05,0.021
1,13,7,-9.040000000000001,0.01,0.014000000000000002
1,13,8,-9.01,0.03,0.028000000000000004
1,13,9,-9.05,0.03,0.028000000000000004
1,13,10,-8.709999999999999,0.06000000000000001,0.042
1,13,11,-8.17,0.06000000000000001,0.042
1,13,12,-7.74,0.06999999999999999,0.049
1,13,13,-7.4799999999999995,0.06,0.041999999999999996
1,13,14,-7.390000000000001,0.08,0.014000000000000002
1,13,15,-7.24,0.09,0.049
1,13,16,-7.05,0.04,0.028000000000000004
1,13,17,-7.290000000000001,0.01,0.007000000000000001
1,13,18,-7.279999999999999,0.0,0.0
1,13,19,-7.390000000000001,0.0,0.0
1,13,20,-7.51,0.0,0.0
1,13,21,-7.529999999999999,0.0,0.0
1,13,22,-7.45,0.01,0.007000000000000001
1,13,23,-7.480000000000001,0.01,0.007000000000000001
1,14,0,-7.38,0.03,0.020999999999999998
1,14,1,-7.459999999999999,0.06,0.041999999999999996
1,14,2,-7.4799999999999995,0.07999999999999999,0.05600000000000001
1,14,3,-6.95,0.16999999999999998,0.10500000000000001
1,14,4,-6.7,0.25999999999999995,0.189
1,14,5,-6.42,0.22000000000000003,0.133
1,14,6,-6.159999999999999,0.16,0.11200000000000002
1,14,7,-5.88,0.11000000000000001,0.08399999999999999
1,14,8,-5.74,0.1,0.063
1,14,9,-5.63,0.12000000000000002,0.06300000000000001
1,14,10,-5.279999999999999,0.11000000000000001,0.049
1,14,11,-4.9799999999999995,0.09,0.042
1,14,12,-4.61,0.06000000000000001,0.035
1,14,13,-4.32,0.04,0.028000000000000004
1,14,14,-4.1899999999999995,0.030000000000000006,0.021
1,14,15,-4.34,0.02,0.014000000000000002
1,14,16,-4.51,0.01,0.007000000000000001
1,14,17,-4.74,0.02,0.014000000000000002
1,14,18,-4.790000000000001,0.0,0.0
1,14,19,-4.92,0.0,0.007000000000000001
1,14,20,-4.95,0.01,0.014000000000000002
1,14,21,-5.040000000000001,0.05,0.034999999999999996
1,14,22,-5.08,0.030000000000000006,0.021
1,14,23,-5.17,0.030000000000000006,0.021
1,15,0,-5.21,0.05,0.035
1,15,1,-5.24,0.030000000000000006,0.021
1,15,2,-5.3,0.030000000000000006,0.021
1,15,3,-5.32,0.04,0.028000000000000004
1,15,4,-5.6899999999999995,0.030000000000000006,0.021
1,15,5,-5.78,0.03,0.020999999999999998
1,15,6,-5.7,0.09,0.05600000000000001
1,15,7,-5.65,0.12,0.084
1,15,8,-5.529999999999999,0.12,0.08399999999999999
1,15,9,-5.430000000000001,0.13,0.091
1,15,10,-5.159999999999999,0.07,0.049
1,15,11,-4.88,0.06,0.042
1,15,12,-4.51,0.030000000000000006,0.021
1,15,13,-4.25,0.030000000000000006,0.021
1,15,14,-4.1899999999999995,0.030000000000000006,0.021
1,15,15,-4.12,0.02,0.014000000000000002
1,15,16,-4.529999999999999,0.04,0.028000000000000004
1,15,17,-4.77,0.030000000000000006,0.021
1,15,18,-4.65,0.01,0.007000000000000001
1,15,19,-4.869999999999999,0.02,0.021
1,15,20,-4.92,0.02,0.021
1,15,21,-5.05,0.030000000000000006,0.028000000000000004
1,15,22,-5.23,0.04,0.021
1,15,23,-5.4,0.31,0.014000000000000002
1,16,0,-5.47,0.030000000000000006,0.014000000000000002
1,16,1,-5.61,0.030000000000000006,0.007000000000000001
1,16,2,-5.630000000000001,0.02,0.014000000000000002
1,16,3,-5.720000000000001,0.01,0.007000000000000001
1,16,4,-5.9399999999999995,0.12000000000000002,0.084
1,16,5,-6.510000000000001,0.06,0.041999999999999996
1,16,6,-6.720000000000001,0.030000000000000006,0.021
1,16,7,-6.959999999999999,0.039999999999999994,0.028000000000000004
1,16,8,-6.83,0.05,0.034999999999999996
1,16,9,-7.2299999999999995,0.06,0.041999999999999996
1,16,10,-7.13,0.06,0.041999999999999996
1,16,11,-6.69,0.06999999999999999,0.041999999999999996
1,16,12,-6.220000000000001,0.06999999999999999,0.041999999999999996
1,16,13,-5.87,0.06,0.049
1,16,14,-5.83,0.06999999999999999,0.05600000000000001
1,16,15,-5.680000000000001,0.06999999999999999,0.049
1,16,16,-5.98,0.06,0.041999999999999996
1,16,17,-6.3,0.06,0.041999999999999996
1,16,18,-6.3,0.06,0.041999999999999996
1,16,19,-6.1,0.06999999999999999,0.05600000000000001
1,16,20,-6.029999999999999,0.06,0.049
1,16,21,-6.12,0.06,0.042
1,16,22,-6.0600000000000005,0.13,0.091
1,16,23,-6.0200000000000005,0.13,0.091
1,17,0,-6.16,0.13999999999999999,0.098
1,17,1,-5.99,0.1,0.06999999999999999
1,17,2,-6.05,0.07,0.049
1,17,3,-6.14,0.06,0.042
1,17,4,-6.29,0.06000000000000001,0.042
1,17,5,-6.43,0.06000000000000001,0.042
1,17,6,-6.220000000000001,0.030000000000000006,0.021
1,17,7,-6.21,0.030000000000000006,0.021
1,17,8,-6.58,0.06999999999999999,0.049
1,17,9,-6.62,0.06999999999999999,0.049
1,17,10,-6.34,0.06,0.049
1,17,11,-5.91,0.04,0.035
1,17,12,-5.540000000000001,0.02,0.021
1,17,13,-5.25,0.04,0.035
1,17,14,-5.209999999999999,0.06000000000000001,0.049
1,17,15,-5.340000000000001,0.06999999999999999,0.049
1,17,16,-5.4799999999999995,0.04,0.028000000000000004
1,17,17,-5.84,0.04,0.028000000000000004
1,17,18,-6.35,0.05,0.035
1,17,19,-6.63,0.08,0.05600000000000001
1,17,20,-7.0200000000000005,0.06000000000000001,0.042
1,17,21,-7.140000000000001,0.04,0.028000000000000004
1,17,22,-7.07,0.05,0.035
1,17,23,-7.109999999999999,0.08,0.05600000000000001
1,18,0,-7.029999999999999,0.11000000000000001,0.077
1,18,1,-7.01,0.12,0.08399999999999999
1,18,2,-6.92,0.06,0.042
1,18,3,-7.279999999999999,0.05,0.034999999999999996
1,18,4,-7.340000000000001,0.02,0.014000000000000002
1,18,5,-7.7299999999999995,0.07,0.049
1,18,6,-7.980000000000001,0.05,0.034999999999999996
1,18,7,-8.17,0.05,0.034999999999999996
1,18,8,-8.309999999999999,0.04,0.028000000000000004
1,18,9,-8.25,0.030000000000000006,0.021
1,18,10,-7.83,0.030000000000000006,0.021
1,18,11,-7.360000000000001,0.02,0.021
1,18,12,-6.83,0.02,0.014000000000000002
1,18,13,-6.45,0.03,0.020999999999999998
1,18,14,-6.35,0.02,0.014000000000000002
1,18,15,-5.91,0.05,0.035
1,18,16,-5.9799999999999995,0.09,0.063
1,18,17,-6.09,0.15,0.10500000000000001
1,18,18,-6.04,0.16999999999999998,0.11200000000000002
1,18,19,-5.869999999999999,0.15,0.10500000000000001
1,18,20,-5.88,0.13999999999999999,0.084
1,18,21,-5.76,0.2,0.11200000000000002
1,18,22,-5.75,0.18,0.119
1,18,23,-5.71,0.15,0.10500000000000001
1,19,0,-5.61,0.11000000000000001,0.091
1,19,1,-5.5,0.11000000000000001,0.08399999999999999
1,19,2,-5.83,0.1,0.063
1,19,3,-5.6,0.26,0.11200000000000002
1,19,4,-6.3100000000000005,0.06,0.021
1,19,5,-6.539999999999999,0.1,0.014000000000000002
1,19,6,-6.55,0.15,0.07
1,19,7,-6.68,0.1,0.042
1,19,8,-6.7700000000000005,0.04,0.020999999999999998
1,19,9,-6.859999999999999,0.04,0.020999999999999998
1,19,10,-6.9,0.03,0.020999999999999998
1,19,11,-6.7,0.02,0.014000000000000002
1,19,12,-6.390000000000001,0.02,0.014000000000000002
1,19,13,-5.99,0.01,0.007000000000000001
1,19,14,-5.75,0.01,0.007000000000000001
1,19,15,-5.819999999999999,0.01,0.014000000000000002
1,19,16,-6.0600000000000005,0.0,0.0
1,19,17,-6.4,0.0,0.0
1,19,18,-6.4799999999999995,0.01,0.007000000000000001
1,19,19,-6.470000000000001,0.030000000000000006,0.0
1,19,20,-6.4799999999999995,0.04,0.0
1,19,21,-6.39,0.01,0.007000000000000001
1,19,22,-6.37,0.039999999999999994,0.007000000000000001
1,19,23,-6.590000000000001,0.11000000000000001,0.021
1,20,0,-6.65,0.02,0.007000000000000001
1,20,1,-6.529999999999999,0.030000000000000006,0.021
1,20,2,-6.44,0.04,0.021
1,20,3,-6.42,0.030000000000000006,0.014000000000000002
1,20,4,-6.029999999999999,0.18,0.028000000000000004
1,20,5,-5.64,0.02,0.021
1,20,6,-5.45,0.04,0.035
1,20,7,-5.12,0.04,0.028000000000000004
1,20,8,-5.05,0.03,0.020999999999999998
1,20,9,-5.0600000000000005,0.04,0.028000000000000004
1,20,10,-4.92,0.03,0.020999999999999998
1,20,11,-4.66,0.03,0.020999999999999998
1,20,12,-4.5200000000000005,0.03,0.020999999999999998
1,20,13,-4.290000000000001,0.04,0.020999999999999998
1,20,14,-4.29,0.030000000000000006,0.014000000000000002
1,20,15,-4.01,0.05,0.028000000000000004
1,20,16,-4.76,0.05,0.034999999999999996
1,20,17,-5.22,0.05,0.021
1,20,18,-5.59,0.030000000000000006,0.014000000000000002
1,20,19,-5.9,0.04,0.028000000000000004
1,20,20,-6.3100000000000005,0.06,0.041999999999999996
1,20,21,-6.3,0.030000000000000006,0.021
1,20,22,-6.42,0.02,0.014000000000000002
1,20,23,-6.56,0.04,0.028000000000000004
1,21,0,-7.029999999999999,0.030000000000000006,0.021
1,21,1,-7.49,0.030000000000000006,0.014000000000000002
1,21,2,-7.95,0.030000000000000006,0.021
1,21,3,-8.2,0.030000000000000006,0.021
1,21,4,-7.7,0.02,0.014000000000000002
1,21,5,-7.94,0.02,0.014000000000000002
1,21,6,-8.03,0.02,0.014000000000000002
1,21,7,-7.9799999999999995,0.030000000000000006,0.021
1,21,8,-8.129999999999999,0.04,0.028000000000000004
1,21,9,-8.18,0.06999999999999999,0.049
1,21,10,-8.18,0.05,0.028000000000000004
1,21,11,-7.9,0.030000000000000006,0.021
1,21,12,-7.55,0.05,0.034999999999999996
1,21,13,-7.32,0.06,0.042
1,21,14,-7.24,0.08,0.05600000000000001
1,21,15,-7.3,0.12,0.077
1,21,16,-7.63,0.09,0.063
1,21,17,-8.48,0.06,0.042
1,21,18,-8.78,0.05,0.014000000000000002
1,21,19,-9.25,0.12,0.014000000000000002
1,21,20,-9.72,0.13,0.020999999999999998
1,21,21,-9.77,0.09,0.028000000000000004
1,21,22,-9.48,0.01,0.007000000000000001
1,21,23,-9.620000000000001,0.02,0.0
1,22,0,-9.86,0.02,0.014000000000000002
1,22,1,-10.290000000000001,0.039999999999999994,0.028000000000000004
1,22,2,-10.540000000000001,0.02,0.014000000000000002
1,22,3,-10.559999999999999,0.02,0.014000000000000002
1,22,4,-10.51,0.04,0.028000000000000004
1,22,5,-10.569999999999999,0.06,0.042
1,22,6,-10.52,0.030000000000000006,0.028000000000000004
1,22,7,-10.51,0.030000000000000006,0.021
1,22,8,-10.38,0.02,0.014000000000000002
1,22,9,-10.3,0.02,0.014000000000000002
1,22,10,-9.790000000000001,0.04,0.028000000000000004
1,22,11,-9.01,0.05,0.034999999999999996
1,22,12,-8.11,0.04,0.028000000000000004
1,22,13,-7.57,0.02,0.014000000000000002
1,22,14,-7.35,0.04,0.021
1,22,15,-7.3,0.05,0.035
1,22,16,-7.279999999999999,0.06000000000000001,0.042
1,22,17,-7.67,0.04,0.028000000000000004
1,22,18,-7.7700000000000005,0.030000000000000006,0.021
1,22,19,-7.82,0.0,0.007000000000000001
1,22,20,-7.92,0.0,0.007000000000000001
1,22,21,-8.07,0.0,0.0
1,22,22,-8.24,0.0,0.0
1,22,23,-8.57,0.0,0.0
1,23,0,-8.74,0.0,0.0
1,23,1,-8.59,0.01,0.007000000000000001
1,23,2,-8.61,0.06000000000000001,0.042
1,23,3,-8.459999999999999,0.06,0.042
1,23,4,-8.120000000000001,0.030000000000000006,0.028000000000000004
1,23,5,-8.08,0.030000000000000006,0.028000000000000004
1,23,6,-7.95,0.06000000000000001,0.049
1,23,7,-7.85,0.02,0.021
1,23,8,-7.57,0.0,0.007000000000000001
1,23,9,-7.389999999999999,0.0,0.014000000000000002
1,23,10,-7.029999999999999,0.02,0.021
1,23,11,-6.58,0.02,0.014000000000000002
1,23,12,-6.18,0.05,0.035
1,23,13,-5.86,0.030000000000000006,0.021
1,23,14,-5.7,0.04,0.028000000000000004
1,23,15,-5.720000000000001,0.01,0.007000000000000001
1,23,16,-5.9799999999999995,0.04,0.034999999999999996
1,23,17,-6.08,0.06,0.042
1,23,18,-6.17,0.04,0.028000000000000004
1,23,19,-6.17,0.030000000000000006,0.028000000000000004
1,23,20,-6.29,0.06,0.041999999999999996
1,23,21,-6.36,0.05,0.035
1,23,22,-6.589999999999999,0.05,0.034999999999999996
1,23,23,-6.58,0.04,0.028000000000000004
1,24,0,-6.51,0.030000000000000006,0.021
1,24,1,-6.510000000000001,0.04,0.028000000000000004
1,24,2,-6.709999999999999,0.05,0.034999999999999996
1,24,3,-6.220000000000001,0.05,0.034999999999999996
1,24,4,-6.25,0.06999999999999999,0.049
1,24,5,-6.17,0.09,0.063
1,24,6,-6.2700000000000005,0.06999999999999999,0.049
1,24,7,-6.44,0.07999999999999999,0.05600000000000001
1,24,8,-6.58,0.1,0.07
1,24,9,-6.92,0.12,0.08399999999999999
1,24,10,-6.56,0.08,0.05600000000000001
1,24,11,-6.1499999999999995,0.1,0.06999999999999999
1,24,12,-5.720000000000001,0.08,0.05600000000000001
1,24,13,-5.17,0.030000000000000006,0.021
1,24,14,-4.94,0.02,0.014000000000000002
1,24,15,-4.87,0.05,0.035
1,24,16,-5.16,0.09,0.063
1,24,17,-5.54,0.13,0.084
1,24,18,-5.529999999999999,0.13999999999999999,0.098
1,24,19,-5.41,0.19,0.133
1,24,20,-5.4799999999999995,0.08,0.049
1,24,21,-5.62,0.1,0.042
1,24,22,-5.62,0.06000000000000001,0.028000000000000004
1,24,23,-5.779999999999999,0.030000000000000006,0.014000000000000002
1,25,0,-5.9799999999999995,0.06,0.014000000000000002
1,25,1,-6.11,0.09,0.041999999999999996
1,25,2,-6.24,0.05,0.021
1,25,3,-6.2,0.01,0.014000000000000002
1,25,4,-6.51,0.04,0.035
1,25,5,-6.85,0.030000000000000006,0.021
1,25,6,-7.2299999999999995,0.02,0.014000000000000002
1,25,7,-7.62,0.030000000000000006,0.021
1,25,8,-8.02,0.03,0.020999999999999998
1,25,9,-8.4,0.02,0.014000000000000002
1,25,10,-8.07,0.01,0.007000000000000001
1,25,11,-7.709999999999999,0.02,0.014000000000000002
1,25,12,-7.24,0.04,0.021
1,25,13,-6.8,0.030000000000000006,0.014000000000000002
1,25,14,-6.6,0.030000000000000006,0.014000000000000002
1,25,15,-6.459999999999999,0.06,0.042
1,25,16,-6.8,0.06000000000000001,0.042
1,25,17,-7.209999999999999,0.04,0.028000000000000004
1,25,18,-7.55,0.03,0.020999999999999998
1,25,19,-7.76,0.03,0.020999999999999998
1,25,20,-7.94,0.03,0.020999999999999998
1,25,21,-8.03,0.04,0.028000000000000004
1,25,22,-8.209999999999999,0.05,0.034999999999999996
1,25,23,-8.360000000000001,0.05,0.034999999999999996
1,26,0,-8.440000000000001,0.06999999999999999,0.049
1,26,1,-8.34,0.08,0.05600000000000001
1,26,2,-8.370000000000001,0.05,0.034999999999999996
1,26,3,-8.48,0.06,0.042
1,26,4,-8.68,0.04,0.028000000000000004
1,26,5,-8.620000000000001,0.02,0.014000000000000002
1,26,6,-8.72,0.02,0.014000000000000002
1,26,7,-8.690000000000001,0.04,0.028000000000000004
1,26,8,-8.66,0.04,0.028000000000000004
1,26,9,-8.57,0.04,0.028000000000000004
1,26,10,-8.24,0.04,0.028000000000000004
1,26,11,-7.720000000000001,0.05,0.034999999999999996
1,26,12,-7.2700000000000005,0.06,0.041999999999999996
1,26,13,-6.83,0.07999999999999999,0.05600000000000001
1,26,14,-6.609999999999999,0.1,0.06999999999999999
1,26,15,-6.24,0.12,0.077
1,26,16,-6.279999999999999,0.08,0.05600000000000001
1,26,17,-6.470000000000001,0.08,0.05600000000000001
1,26,18,-6.4799999999999995,0.09,0.06300000000000001
1,26,19,-6.44,0.1,0.06300000000000001
1,26,20,-6.4799999999999995,0.1,0.07
1,26,21,-6.409999999999999,0.14,0.098
1,26,22,-6.410000000000001,0.12,0.077
1,26,23,-6.33,0.06999999999999999,0.042
1,27,0,-6.17,0.05,0.028000000000000004
1,27,1,-6.06,0.030000000000000006,0.021
1,27,2,-6.15,0.06000000000000001,0.028000000000000004
1,27,3,-5.970000000000001,0.08,0.063
1,27,4,-5.79,0.13,0.08399999999999999
1,27,5,-5.67,0.13,0.06999999999999999
1,27,6,-5.68,0.13,0.06999999999999999
1,27,7,-5.76,0.09,0.06299999999999999
1,27,8,-5.85,0.06,0.042
1,27,9,-5.7,0.06,0.042
1,27,10,-5.33,0.09999999999999999,0.06999999999999999
1,27,11,-5.0200000000000005,0.06999999999999999,0.049
1,27,12,-4.75,0.06999999999999999,0.05600000000000001
1,27,13,-4.43,0.07999999999999999,0.063
1,27,14,-4.2299999999999995,0.06999999999999999,0.063
1,27,15,-4.04,0.06999999999999999,0.05600000000000001
1,27,16,-4.49,0.030000000000000006,0.028000000000000004
1,27,17,-5.09,0.02,0.021
1,27,18,-5.36,0.030000000000000006,0.021
1,27,19,-5.61,0.06000000000000001,0.042
1,27,20,-5.64,0.05,0.035
1,27,21,-5.4399999999999995,0.030000000000000006,0.028000000000000004
1,27,22,-5.55,0.02,0.014000000000000002
1,27,23,-5.66,0.06999999999999999,0.049
1,28,0,-5.85,0.06,0.042
1,28,1,-6.11,0.05,0.042
1,28,2,-6.2700000000000005,0.06000000000000001,0.042
1,28,3,-6.14,0.039999999999999994,0.028000000000000004
1,28,4,-6.11,0.05,0.035
1,28,5,-5.9799999999999995,0.04,0.028000000000000004
1,28,6,-6.08,0.05,0.035
1,28,7,-5.99,0.04,0.028000000000000004
1,28,8,-5.9,0.04,0.028000000000000004
1,28,9,-5.779999999999999,0.06999999999999999,0.049
1,28,10,-5.4,0.06999999999999999,0.05600000000000001
1,28,11,-4.970000000000001,0.06,0.041999999999999996
1,28,12,-4.5200000000000005,0.08,0.05600000000000001
1,28,13,-4.12,0.06999999999999999,0.049
1,28,14,-3.8600000000000003,0.08,0.05600000000000001
1,28,15,-4.0,0.06,0.042
1,28,16,-4.0600000000000005,0.06,0.042
1,28,17,-4.54,0.11000000000000001,0.049
1,28,18,-4.7,0.11000000000000001,0.042
1,28,19,-4.87,0.16999999999999998,0.049
1,28,20,-5.0,0.22000000000000003,0.035
1,28,21,-5.17,0.18,0.028000000000000004
1,28,22,-5.3,0.2,0.091
1,28,23,-5.29,0.2,0.10500000000000001
1,29,0,-5.220000000000001,0.2,0.11200000000000002
1,29,1,-5.2,0.22000000000000003,0.11199999999999999
1,29,2,-5.05,0.21000000000000002,0.133
1,29,3,-5.07,0.16,0.11200000000000002
1,29,4,-4.55,0.21000000000000002,0.147
1,29,5,-4.46,0.08,0.05600000000000001
1,29,6,-4.4,0.07,0.049
1,29,7,-4.37,0.06000000000000001,0.042
1,29,8,-4.34,0.04,0.028000000000000004
1,29,9,-4.39,0.030000000000000006,0.021
1,29,10,-4.05,0.02,0.021
1,29,11,-3.63,0.02,0.021
1,29,12,-3.2600000000000002,0.01,0.007000000000000001
1,29,13,-2.9,0.01,0.007000000000000001
1,29,14,-2.75,0.01,0.007000000000000001
1,29,15,-2.75,0.01,0.007000000000000001
1,29,16,-3.1799999999999997,0.02,0.014000000000000002
1,29,17,-3.34,0.030000000000000006,0.021
1,29,18,-3.5199999999999996,0.030000000000000006,0.021
1,29,19,-3.7,0.05,0.034999999999999996
1,29,20,-3.75,0.05,0.034999999999999996
1,29,21,-3.8800000000000003,0.02,0.021
1,29,22,-3.94,0.02,0.014000000000000002
1,29,23,-4.0,0.02,0.014000000000000002
1,30,0,-4.07,0.02,0.014000000000000002
1,30,1,-4.04,0.030000000000000006,0.021
1,30,2,-3.97,0.02,0.014000000000000002
1,30,3,-3.6,0.02,0.021
1,30,4,-3.8300000000000005,0.05,0.042
1,30,5,-3.7600000000000002,0.04,0.035
1,30,6,-3.78,0.01,0.007000000000000001
1,30,7,-3.65,0.02,0.021
1,30,8,-3.5200000000000005,0.04,0.028000000000000004
1,30,9,-3.5100000000000002,0.08,0.05600000000000001
1,30,10,-3.15,0.06000000000000001,0.042
1,30,11,-2.8400000000000003,0.04,0.028000000000000004
1,30,12,-2.5599999999999996,0.03,0.020999999999999998
1,30,13,-2.35,0.07,0.049
1,30,14,-2.21,0.08,0.05600000000000001
1,30,15,-2.2600000000000002,0.15,0.10500000000000001
1,30,16,-2.43,0.19,0.133
1,30,17,-2.4899999999999998,0.12,0.08399999999999999
1,30,18,-2.65,0.11000000000000001,0.077
1,30,19,-2.65,0.12,0.084
1,30,20,-2.73,0.09,0.063
1,30,21,-2.8,0.09,0.063
1,30,22,-2.9899999999999998,0.12,0.084
1,30,23,-3.31,0.18,0.126
1,31,0,-3.5100000000000002,0.21999999999999997,0.161
1,31,1,-3.63,0.15,0.11200000000000002
1,31,2,-3.62,0.14,0.098
1,31,3,-3.8899999999999997,0.09,0.06999999999999999
1,31,4,-3.7300000000000004,0.1,0.06999999999999999
1,31,5,-3.72,0.11000000000000001,0.077
1,31,6,-3.37,0.12000000000000002,0.077
1,31,7,-3.3299999999999996,0.31,0.126
1,31,8,-3.2700000000000005,0.16999999999999998,0.098
1,31,9,-3.15,0.16,0.091
1,31,10,-2.87,0.14,0.084
1,31,11,-2.4,0.09,0.063
1,31,12,-1.95,0.08,0.042
1,31,13,-1.6600000000000001,0.12,0.06999999999999999
1,31,14,-1.45,0.04,0.028000000000000004
1,31,15,-1.44,0.06999999999999999,0.049
1,31,16,-1.64,0.06,0.021
1,31,17,-2.0300000000000002,0.06999999999999999,0.021
1,31,18,-2.1700000000000004,0.06000000000000001,0.028000000000000004
1,31,19,-2.38,0.06000000000000001,0.028000000000000004
1,31,20,-2.5,0.08,0.05600000000000001
1,31,21,-2.52,0.08,0.034999999999999996
1,31,22,-2.58,0.08,0.034999999999999996
1,31,23,-2.71,0.08,0.034999999999999996
2,1,0,-2.84,0.09,0.049
2,1,1,-2.92,0.13999999999999999,0.084
2,1,2,-2.8,0.27,0.175
2,1,3,-2.7,0.24,0.14700000000000002
2,1,4,-3.0300000000000002,0.1,0.05600000000000001
2,1,5,-2.8899999999999997,0.05,0.028000000000000004
2,1,6,-2.7199999999999998,0.2,0.091
2,1,7,-2.66,0.09,0.014000000000000002
2,1,8,-2.62,0.04,0.0
2,1,9,-2.6100000000000003,0.01,0.0
2,1,10,-2.41,0.0,0.007000000000000001
2,1,11,-2.18,0.0,0.007000000000000001
2,1,12,-1.94,0.01,0.014000000000000002
2,1,13,-1.8699999999999999,0.01,0.014000000000000002
2,1,14,-1.9499999999999997,0.01,0.007000000000000001
2,1,15,-1.7200000000000002,0.0,0.0
2,1,16,-2.2,0.0,0.0
2,1,17,-2.88,0.01,0.007000000000000001
2,1,18,-3.0,0.0,0.0
2,1,19,-3.2,0.0,0.0
2,1,20,-3.6199999999999997,0.02,0.014000000000000002
2,1,21,-4.05,0.02,0.014000000000000002
2,1,22,-4.319999999999999,0.02,0.014000000000000002
2,1,23,-4.39,0.030000000000000006,0.021
2,2,0,-4.430000000000001,0.030000000000000006,0.014000000000000002
2,2,1,-4.39,0.01,0.007000000000000001
2,2,2,-4.49,0.0,0.0
2,2,3,-4.529999999999999,0.030000000000000006,0.021
2,2,4,-4.5600000000000005,0.02,0.014000000000000002
2,2,5,-4.7,0.030000000000000006,0.021
2,2,6,-4.71,0.01,0.007000000000000001
2,2,7,-4.79,0.02,0.021
2,2,8,-4.8100000000000005,0.08,0.05600000000000001
2,2,9,-4.65,0.08,0.05600000000000001
2,2,10,-4.3100000000000005,0.04,0.028000000000000004
2,2,11,-3.8199999999999994,0.030000000000000006,0.021
2,2,12,-3.4299999999999997,0.030000000000000006,0.021
2,2,13,-3.19,0.05,0.021
2,2,14,-3.09,0.11000000000000001,0.049
2,2,15,-3.15,0.21000000000000002,0.12600000000000003
2,2,16,-3.5,0.19,0.126
2,2,17,-3.8899999999999997,0.27,0.182
2,2,18,-4.279999999999999,0.2,0.13999999999999999
2,2,19,-4.49,0.09,0.05600000000000001
2,2,20,-4.49,0.039999999999999994,0.014000000000000002
2,2,21,-4.430000000000001,0.05,0.028000000000000004
2,2,22,-4.5600000000000005,0.05,0.028000000000000004
2,2,23,-4.7,0.03,0.020999999999999998
2,3,0,-4.78,0.01,0.007000000000000001
2,3,1,-4.87,0.01,0.007000000000000001
2,3,2,-4.87,0.01,0.007000000000000001
2,3,3,-4.86,0.01,0.0
2,3,4,-5.35,0.04,0.021
2,3,5,-5.51,0.02,0.007000000000000001
2,3,6,-5.51,0.030000000000000006,0.014000000000000002
2,3,7,-5.49,0.02,0.007000000000000001
2,3,8,-5.659999999999999,0.01,0.0
2,3,9,-5.79,0.05,0.021
2,3,10,-5.27,0.08,0.049
2,3,11,-4.75,0.12,0.077
2,3,12,-4.25,0.2,0.119
2,3,13,-3.8099999999999996,0.22999999999999998,0.154
2,3,14,-3.4200000000000004,0.21999999999999997,0.147
2,3,15,-2.96,0.25,0.161
2,3,16,-2.7199999999999998,0.19,0.126
2,3,17,-2.75,0.16,0.098
2,3,18,-2.9,0.16999999999999998,0.10500000000000001
2,3,19,-2.9,0.19,0.126
2,3,20,-2.89,0.21000000000000002,0.126
2,3,21,-3.02,0.17,0.11200000000000002
2,3,22,-3.1,0.19,0.133
2,3,23,-3.25,0.15,0.10500000000000001
2,4,0,-3.3600000000000003,0.13,0.09100000000000001
2,4,1,-3.45,0.09,0.05600000000000001
2,4,2,-3.5200000000000005,0.08,0.035
2,4,3,-3.62,0.11000000000000001,0.06999999999999999
2,4,4,-3.6100000000000003,0.2,0.119
2,4,5,-3.59,0.12,0.06999999999999999
2,4,6,-3.62,0.09,0.063
2,4,7,-3.59,0.12,0.077
2,4,8,-3.6099999999999994,0.13999999999999999,0.091
2,4,9,-3.56,0.16999999999999998,0.11199999999999999
2,4,10,-3.3600000000000003,0.17,0.119
2,4,11,-3.2,0.15,0.10499999999999998
2,4,12,-3.12,0.2,0.133
2,4,13,-3.15,0.24000000000000005,0.154
2,4,14,-3.13,0.28,0.196
2,4,15,-3.29,0.22999999999999998,0.147
2,4,16,-3.71,0.09,0.063
2,4,17,-4.29,0.06,0.042
2,4,18,-4.6,0.07,0.049
2,4,19,-4.67,0.06000000000000001,0.042
2,4,20,-4.99,0.06999999999999999,0.049
2,4,21,-5.29,0.09,0.063
2,4,22,-5.49,0.1,0.06999999999999999
2,4,23,-5.5600000000000005,0.08,0.05600000000000001
2,5,0,-5.470000000000001,0.09,0.06299999999999999
2,5,1,-5.609999999999999,0.1,0.06999999999999999
2,5,2,-5.88,0.1,0.06999999999999999
2,5,3,-6.09,0.09,0.063
2,5,4,-5.9799999999999995,0.13,0.091
2,5,5,-6.18,0.09,0.07
2,5,6,-6.39,0.06,0.042
2,5,7,-6.7,0.04,0.028000000000000004
2,5,8,-7.109999999999999,0.05,0.034999999999999996
2,5,9,-7.4799999999999995,0.04,0.028000000000000004
2,5,10,-7.4,0.02,0.014000000000000002
2,5,11,-7.0200000000000005,0.01,0.007000000000000001
2,5,12,-6.57,0.01,0.007000000000000001
2,5,13,-6.22,0.0,0.007000000000000001
2,5,14,-5.9399999999999995,0.0,0.007000000000000001
2,5,15,-5.74,0.01,0.007000000000000001
2,5,16,-6.24,0.01,0.014000000000000002
2,5,17,-7.15,0.0,0.0
2,5,18,-7.76,0.0,0.0
2,5,19,-7.909999999999999,0.01,0.007000000000000001
2,5,20,-8.3,0.01,0.007000000000000001
2,5,21,-8.74,0.0,0.0
2,5,22,-9.1,0.0,0.0
2,5,23,-9.540000000000001,0.0,0.0
2,6,0,-9.65,0.0,0.0
2,6,1,-9.57,0.0,0.0
2,6,2,-9.620000000000001,0.0,0.0
2,6,3,-9.23,0.0,0.007000000000000001
2,6,4,-9.27,0.02,0.014000000000000002
2,6,5,-9.4,0.04,0.028000000000000004
2,6,6,-9.620000000000001,0.05,0.034999999999999996
2,6,7,-9.870000000000001,0.04,0.028000000000000004
2,6,8,-9.959999999999999,0.030000000000000006,0.021
2,6,9,-9.81,0.030000000000000006,0.028000000000000004
2,6,10,-9.16,0.06000000000000001,0.049
2,6,11,-8.55,0.05,0.034999999999999996
2,6,12,-8.040000000000001,0.04,0.021
2,6,13,-7.7700000000000005,0.05,0.034999999999999996
2,6,14,-7.62,0.04,0.034999999999999996
2,6,15,-7.67,0.04,0.028000000000000004
2,6,16,-7.7700000000000005,0.05,0.035
2,6,17,-8.24,0.06000000000000001,0.042
2,6,18,-8.66,0.039999999999999994,0.028000000000000004
2,6,19,-8.989999999999998,0.030000000000000006,0.021
2,6,20,-9.51,0.02,0.014000000000000002
2,6,21,-9.8,0.02,0.014000000000000002
2,6,22,-10.15,0.01,0.007000000000000001
2,6,23,-10.91,0.01,0.007000000000000001
2,7,0,-11.330000000000002,0.030000000000000006,0.021
2,7,1,-11.629999999999999,0.01,0.007000000000000001
2,7,2,-11.690000000000001,0.01,0.007000000000000001
2,7,3,-11.47,0.01,0.007000000000000001
2,7,4,-11.370000000000001,0.01,0.007000000000000001
2,7,5,-11.4,0.01,0.007000000000000001
2,7,6,-11.67,0.0,0.007000000000000001
2,7,7,-11.690000000000001,0.01,0.014000000000000002
2,7,8,-11.690000000000001,0.01,0.007000000000000001
2,7,9,-11.26,0.0,0.0
2,7,10,-10.65,0.0,0.0
2,7,11,-9.72,0.02,0.014000000000000002
2,7,12,-8.67,0.06999999999999999,0.049
2,7,13,-7.88,0.11000000000000001,0.077
2,7,14,-7.31,0.09,0.063
2,7,15,-7.039999999999999,0.15,0.11200000000000002
2,7,16,-7.339999999999999,0.19,0.13999999999999999
2,7,17,-7.92,0.06999999999999999,0.05600000000000001
2,7,18,-8.28,0.05,0.035
2,7,19,-8.51,0.02,0.014000000000000002
2,7,20,-9.0,0.02,0.014000000000000002
2,7,21,-9.45,0.06,0.041999999999999996
2,7,22,-9.75,0.06,0.041999999999999996
2,7,23,-10.08,0.05,0.034999999999999996
2,8,0,-10.41,0.06,0.041999999999999996
2,8,1,-10.75,0.030000000000000006,0.021
2,8,2,-11.129999999999999,0.01,0.014000000000000002
2,8,3,-10.5,0.0,0.007000000000000001
2,8,4,-10.879999999999999,0.0,0.007000000000000001
2,8,5,-11.22,0.03,0.020999999999999998
2,8,6,-11.48,0.05,0.034999999999999996
2,8,7,-11.28,0.04,0.028000000000000004
2,8,8,-11.4,0.03,0.020999999999999998
2,8,9,-11.48,0.01,0.007000000000000001
2,8,10,-10.52,0.0,0.007000000000000001
2,8,11,-9.540000000000001,0.0,0.007000000000000001
2,8,12,-8.53,0.0,0.0
2,8,13,-7.74,0.0,0.007000000000000001
2,8,14,-7.13,0.0,0.0
2,8,15,-6.82,0.0,0.0
2,8,16,-6.7,0.0,0.0
2,8,17,-7.2299999999999995,0.0,0.0
2,8,18,-7.609999999999999,0.0,0.0
2,8,19,-7.76,0.0,0.0
2,8,20,-7.7700000000000005,0.0,0.0
2,8,21,-7.909999999999999,0.01,0.007000000000000001
2,8,22,-7.92,0.0,0.0
2,8,23,-8.08,0.01,0.007000000000000001
2,9,0,-8.45,0.0,0.0
2,9,1,-8.690000000000001,0.0,0.0
2,9,2,-8.95,0.0,0.0
2,9,3,-8.66,0.0,0.0
2,9,4,-8.82,0.01,0.007000000000000001
2,9,5,-8.879999999999999,0.02,0.014000000000000002
2,9,6,-8.92,0.030000000000000006,0.028000000000000004
2,9,7,-8.790000000000001,0.02,0.021
2,9,8,-8.41,0.04,0.028000000000000004
2,9,9,-8.23,0.01,0.007000000000000001
2,9,10,-7.51,0.0,0.0
2,9,11,-6.67,0.0,0.0
2,9,12,-5.9,0.0,0.0
2,9,13,-5.2299999999999995,0.01,0.007000000000000001
2,9,14,-4.85,0.01,0.007000000000000001
2,9,15,-4.87,0.01,0.014000000000000002
2,9,16,-5.0,0.02,0.014000000000000002
2,9,17,-5.279999999999999,0.03,0.020999999999999998
2,9,18,-5.56,0.03,0.020999999999999998
2,9,19,-5.54,0.04,0.028000000000000004
2,9,20,-5.65,0.05,0.035
2,9,21,-5.89,0.06,0.041999999999999996
2,9,22,-6.2700000000000005,0.03,0.028000000000000004
2,9,23,-6.65,0.05,0.034999999999999996
2,10,0,-6.959999999999999,0.06,0.041999999999999996
2,10,1,-7.2,0.05,0.034999999999999996
2,10,2,-7.45,0.039999999999999994,0.028000000000000004
2,10,3,-7.369999999999999,0.02,0.021
2,10,4,-7.25,0.01,0.007000000000000001
2,10,5,-7.540000000000001,0.01,0.007000000000000001
2,10,6,-7.779999999999999,0.01,0.007000000000000001
2,10,7,-8.09,0.0,0.0
2,10,8,-8.16,0.0,0.0
2,10,9,-8.18,0.0,0.0
2,10,10,-8.02,0.0,0.0
2,10,11,-7.57,0.03,0.020999999999999998
2,10,12,-6.92,0.04,0.028000000000000004
2,10,13,-6.37,0.01,0.007000000000000001
2,10,14,-5.970000000000001,0.02,0.014000000000000002
2,10,15,-5.290000000000001,0.0,0.0
2,10,16,-5.55,0.030000000000000006,0.014000000000000002
2,10,17,-6.01,0.01,0.007000000000000001
2,10,18,-6.65,0.030000000000000006,0.021
2,10,19,-6.87,0.01,0.007000000000000001
2,10,20,-7.12,0.02,0.014000000000000002
2,10,21,-7.05,0.0,0.0
2,10,22,-6.859999999999999,0.0,0.0
2,10,23,-6.640000000000001,0.01,0.007000000000000001
2,11,0,-6.35,0.02,0.014000000000000002
2,11,1,-6.2700000000000005,0.01,0.007000000000000001
2,11,2,-6.27,0.02,0.021
2,11,3,-6.279999999999999,0.01,0.014000000000000002
2,11,4,-6.04,0.03,0.020999999999999998
2,11,5,-6.05,0.02,0.021
2,11,6,-6.220000000000001,0.02,0.014000000000000002
2,11,7,-6.279999999999999,0.030000000000000006,0.021
2,11,8,-6.2,0.02,0.014000000000000002
2,11,9,-6.0,0.02,0.014000000000000002
2,11,10,-5.470000000000001,0.030000000000000006,0.021
2,11,11,-4.83,0.030000000000000006,0.021
2,11,12,-4.3100000000000005,0.04,0.035
2,11,13,-3.88,0.02,0.014000000000000002
2,11,14,-3.47,0.02,0.014000000000000002
2,11,15,-3.25,0.02,0.014000000000000002
2,11,16,-3.31,0.07,0.049
2,11,17,-3.66,0.06999999999999999,0.049
2,11,18,-3.9299999999999997,0.06999999999999999,0.049
2,11,19,-4.07,0.09,0.063
2,11,20,-3.97,0.11000000000000001,0.06999999999999999
2,11,21,-4.04,0.13999999999999999,0.091
2,11,22,-4.3,0.09,0.05600000000000001
2,11,23,-4.25,0.1,0.06999999999999999
2,12,0,-4.279999999999999,0.09,0.063
2,12,1,-4.38,0.09,0.063
2,12,2,-4.26,0.06999999999999999,0.049
2,12,3,-4.13,0.06999999999999999,0.049
2,12,4,-4.46,0.09,0.063
2,12,5,-4.58,0.06000000000000001,0.042
2,12,6,-4.55,0.03,0.020999999999999998
2,12,7,-4.88,0.04,0.028000000000000004
2,12,8,-5.15,0.07,0.049
2,12,9,-5.2,0.1,0.06999999999999999
2,12,10,-4.91,0.1,0.06999999999999999
2,12,11,-4.5600000000000005,0.09,0.05600000000000001
2,12,12,-4.21,0.11000000000000001,0.05600000000000001
2,12,13,-3.8600000000000003,0.13999999999999999,0.063
2,12,14,-3.7,0.16999999999999998,0.084
2,12,15,-3.62,0.16999999999999998,0.11200000000000002
2,12,16,-3.71,0.11000000000000001,0.049
2,12,17,-4.0,0.12000000000000002,0.05600000000000001
2,12,18,-4.26,0.13,0.063
2,12,19,-4.65,0.13,0.08399999999999999
2,12,20,-4.9,0.10999999999999999,0.077
2,12,21,-5.13,0.08,0.05600000000000001
2,12,22,-5.33,0.07,0.049
2,12,23,-5.59,0.06999999999999999,0.041999999999999996
2,13,0,-5.96,0.09,0.06300000000000001
2,13,1,-6.11,0.15,0.098
2,13,2,-6.1,0.13999999999999999,0.091
2,13,3,-6.0200000000000005,0.18,0.126
2,13,4,-6.0600000000000005,0.22999999999999998,0.168
2,13,5,-6.0600000000000005,0.21000000000000002,0.147
2,13,6,-5.96,0.21999999999999997,0.154
2,13,7,-5.94,0.26,0.182
2,13,8,-5.91,0.29,0.203
2,13,9,-5.95,0.24,0.168
2,13,10,-5.71,0.19,0.133
2,13,11,-5.25,0.16,0.11200000000000002
2,13,12,-4.88,0.13,0.10500000000000001
2,13,13,-4.51,0.1,0.06999999999999999
2,13,14,-4.11,0.06999999999999999,0.05600000000000001
2,13,15,-4.2,0.08,0.05600000000000001
2,13,16,-4.2700000000000005,0.05,0.034999999999999996
2,13,17,-4.8100000000000005,0.030000000000000006,0.021
2,13,18,-5.26,0.02,0.014000000000000002
2,13,19,-5.43,0.02,0.014000000000000002
2,13,20,-5.76,0.05,0.035
2,13,21,-5.82,0.07999999999999999,0.05600000000000001
2,13,22,-5.79,0.07999999999999999,0.05600000000000001
2,13,23,-5.8,0.06999999999999999,0.049
2,14,0,-5.92,0.039999999999999994,0.028000000000000004
2,14,1,-6.16,0.02,0.014000000000000002
2,14,2,-6.39,0.02,0.014000000000000002
2,14,3,-6.94,0.02,0.014000000000000002
2,14,4,-6.9,0.04,0.028000000000000004
2,14,5,-6.83,0.09,0.063
2,14,6,-6.74,0.1,0.06999999999999999
2,14,7,-6.720000000000001,0.02,0.014000000000000002
2,14,8,-6.88,0.01,0.007000000000000001
2,14,9,-6.529999999999999,0.02,0.014000000000000002
2,14,10,-5.84,0.02,0.014000000000000002
2,14,11,-5.37,0.04,0.021
2,14,12,-4.91,0.04,0.007000000000000001
2,14,13,-4.44,0.01,0.007000000000000001
2,14,14,-4.04,0.01,0.007000000000000001
2,14,15,-3.7600000000000002,0.01,0.007000000000000001
2,14,16,-3.8899999999999997,0.01,0.007000000000000001
2,14,17,-4.4399999999999995,0.02,0.021
2,14,18,-4.65,0.02,0.014000000000000002
2,14,19,-4.64,0.0,0.0
2,14,20,-4.9399999999999995,0.01,0.007000000000000001
2,14,21,-5.17,0.02,0.007000000000000001
2,14,22,-5.5200000000000005,0.05,0.007000000000000001
2,14,23,-5.6899999999999995,0.12,0.077
2,15,0,-5.9,0.1,0.06999999999999999
2,15,1,-6.290000000000001,0.04,0.028000000000000004
2,15,2,-6.359999999999999,0.01,0.007000000000000001
2,15,3,-6.409999999999999,0.01,0.007000000000000001
2,15,4,-6.459999999999999,0.04,0.028000000000000004
2,15,5,-6.6,0.1,0.05600000000000001
2,15,6,-6.8,0.13,0.077
2,15,7,-6.959999999999999,0.18,0.11200000000000002
2,15,8,-6.95,0.21000000000000002,0.13999999999999999
2,15,9,-6.57,0.18,0.126
2,15,10,-6.01,0.15,0.10500000000000001
2,15,11,-5.4399999999999995,0.06999999999999999,0.05600000000000001
2,15,12,-4.85,0.030000000000000006,0.021
2,15,13,-4.38,0.05,0.035
2,15,14,-4.24,0.02,0.014000000000000002
2,15,15,-4.0600000000000005,0.01,0.007000000000000001
2,15,16,-4.5200000000000005,0.02,0.014000000000000002
2,15,17,-5.18,0.03,0.020999999999999998
2,15,18,-5.67,0.04,0.028000000000000004
2,15,19,-5.87,0.030000000000000006,0.021
2,15,20,-6.07,0.01,0.014000000000000002
2,15,21,-6.409999999999999,0.01,0.007000000000000001
2,15,22,-6.8,0.0,0.0
2,15,23,-7.090000000000001,0.01,0.007000000000000001
2,16,0,-7.220000000000001,0.01,0.007000000000000001
2,16,1,-7.55,0.01,0.007000000000000001
2,16,2,-7.7700000000000005,0.03,0.020999999999999998
2,16,3,-7.75,0.03,0.020999999999999998
2,16,4,-8.1,0.030000000000000006,0.021
2,16,5,-8.1,0.02,0.014000000000000002
2,16,6,-8.33,0.0,0.0
2,16,7,-8.52,0.0,0.0
2,16,8,-8.4,0.0,0.0
2,16,9,-7.82,0.02,0.0
2,16,10,-7.029999999999999,0.15,0.0
2,16,11,-6.1899999999999995,0.32,0.007000000000000001
2,16,12,-5.48,0.28,0.007000000000000001
2,16,13,-4.89,0.2,0.020999999999999998
2,16,14,-4.43,0.09,0.020999999999999998
2,16,15,-4.220000000000001,0.1,0.042
2,16,16,-4.41,0.08,0.028000000000000004
2,16,17,-5.02,0.06999999999999999,0.042
2,16,18,-5.3,0.08,0.05600000000000001
2,16,19,-5.34,0.06999999999999999,0.049
2,16,20,-5.55,0.030000000000000006,0.021
2,16,21,-5.79,0.01,0.007000000000000001
2,16,22,-5.970000000000001,0.01,0.007000000000000001
2,16,23,-6.13,0.01,0.007000000000000001
2,17,0,-6.3,0.01,0.007000000000000001
2,17,1,-6.37,0.01,0.007000000000000001
2,17,2,-6.34,0.01,0.007000000000000001
2,17,3,-6.44,0.01,0.007000000000000001
2,17,4,-6.6,0.01,0.007000000000000001
2,17,5,-6.58,0.030000000000000006,0.021
2,17,6,-6.29,0.030000000000000006,0.021
2,17,7,-6.26,0.02,0.014000000000000002
2,17,8,-6.3100000000000005,0.02,0.014000000000000002
2,17,9,-5.9799999999999995,0.030000000000000006,0.021
2,17,10,-5.41,0.030000000000000006,0.028000000000000004
2,17,11,-4.7299999999999995,0.05,0.035
2,17,12,-4.04,0.06999999999999999,0.049
2,17,13,-3.5200000000000005,0.04,0.028000000000000004
2,17,14,-3.1399999999999997,0.02,0.014000000000000002
2,17,15,-2.84,0.01,0.007000000000000001
2,17,16,-3.09,0.02,0.014000000000000002
2,17,17,-3.5800000000000005,0.030000000000000006,0.014000000000000002
2,17,18,-4.08,0.030000000000000006,0.007000000000000001
2,17,19,-4.53,0.05,0.021
2,17,20,-4.5600000000000005,0.08,0.028000000000000004
2,17,21,-4.7299999999999995,0.07999999999999999,0.028000000000000004
2,17,22,-4.66,0.09,0.028000000000000004
2,17,23,-4.74,0.07999999999999999,0.021
2,18,0,-4.89,0.12000000000000002,0.042
2,18,1,-4.86,0.13,0.049
2,18,2,-4.74,0.15,0.077
2,18,3,-5.029999999999999,0.19,0.119
2,18,4,-5.220000000000001,0.12000000000000002,0.077
2,18,5,-5.34,0.13999999999999999,0.08399999999999999
2,18,6,-5.5600000000000005,0.06999999999999999,0.041999999999999996
2,18,7,-5.65,0.04,0.028000000000000004
2,18,8,-5.83,0.05,0.028000000000000004
2,18,9,-5.640000000000001,0.08,0.042
2,18,10,-5.09,0.05,0.021
2,18,11,-4.3,0.04,0.014000000000000002
2,18,12,-3.62,0.01,0.007000000000000001
2,18,13,-3.0599999999999996,0.02,0.014000000000000002
2,18,14,-2.76,0.02,0.014000000000000002
2,18,15,-2.8899999999999997,0.05,0.035
2,18,16,-3.04,0.0,0.0
2,18,17,-3.72,0.0,0.0
2,18,18,-4.4,0.0,0.0
2,18,19,-5.0200000000000005,0.02,0.014000000000000002
2,18,20,-5.49,0.02,0.014000000000000002
2,18,21,-5.7299999999999995,0.0,0.007000000000000001
2,18,22,-5.970000000000001,0.0,0.007000000000000001
2,18,23,-6.42,0.02,0.014000000000000002
2,19,0,-6.6,0.02,0.014000000000000002
2,19,1,-6.840000000000001,0.02,0.014000000000000002
2,19,2,-6.970000000000001,0.02,0.021
2,19,3,-6.7,0.030000000000000006,0.021
2,19,4,-6.409999999999999,0.030000000000000006,0.021
2,19,5,-6.7,0.02,0.007000000000000001
2,19,6,-7.05,0.04,0.007000000000000001
2,19,7,-7.220000000000001,0.02,0.007000000000000001
2,19,8,-6.859999999999999,0.030000000000000006,0.021
2,19,9,-6.33,0.05,0.034999999999999996
2,19,10,-5.720000000000001,0.039999999999999994,0.028000000000000004
2,19,11,-5.01,0.030000000000000006,0.021
2,19,12,-4.33,0.03,0.020999999999999998
2,19,13,-3.75,0.06,0.034999999999999996
2,19,14,-3.2600000000000002,0.06999999999999999,0.049
2,19,15,-2.7800000000000002,0.08,0.055999999999999994
2,19,16,-2.8899999999999997,0.06,0.042
2,19,17,-3.2299999999999995,0.06,0.042
2,19,18,-4.01,0.06,0.041999999999999996
2,19,19,-4.36,0.030000000000000006,0.014000000000000002
2,19,20,-4.7,0.04,0.021
2,19,21,-5.07,0.11000000000000001,0.06999999999999999
2,19,22,-5.32,0.04,0.028000000000000004
2,19,23,-5.46,0.030000000000000006,0.021
2,20,0,-5.43,0.01,0.007000000000000001
2,20,1,-5.359999999999999,0.02,0.014000000000000002
2,20,2,-5.59,0.03,0.020999999999999998
2,20,3,-5.41,0.02,0.021
2,20,4,-5.35,0.05,0.035
2,20,5,-5.43,0.030000000000000006,0.014000000000000002
2,20,6,-5.5200000000000005,0.039999999999999994,0.021
2,20,7,-5.53,0.05,0.028000000000000004
2,20,8,-5.67,0.06,0.035
2,20,9,-5.4,0.06,0.041999999999999996
2,20,10,-4.43,0.02,0.014000000000000002
2,20,11,-3.62,0.0,0.0
2,20,12,-3.0599999999999996,0.0,0.0
2,20,13,-2.67,0.0,0.0
2,20,14,-2.32,0.0,0.0
2,20,15,-2.16,0.01,0.007000000000000001
2,20,16,-2.19,0.01,0.007000000000000001
2,20,17,-2.56,0.0,0.007000000000000001
2,20,18,-3.15,0.0,0.0
2,20,19,-3.55,0.0,0.0
2,20,20,-4.0,0.02,0.0
2,20,21,-4.01,0.02,0.0
2,20,22,-4.5,0.02,0.0
2,20,23,-5.090000000000001,0.030000000000000006,0.0
2,21,0,-5.76,0.01,0.0
2,21,1,-5.82,0.01,0.0
2,21,2,-6.01,0.04,0.014000000000000002
2,21,3,-5.779999999999999,0.09,0.049
2,21,4,-5.9799999999999995,0.13999999999999999,0.091
2,21,5,-6.39,0.1,0.063
2,21,6,-6.609999999999999,0.09,0.05600000000000001
2,21,7,-6.859999999999999,0.06999999999999999,0.041999999999999996
2,21,8,-6.960000000000001,0.08,0.05600000000000001
2,21,9,-6.43,0.11000000000000001,0.06999999999999999
2,21,10,-5.75,0.08,0.041999999999999996
2,21,11,-4.970000000000001,0.06,0.042
2,21,12,-4.32,0.06000000000000001,0.035
2,21,13,-3.7,0.06000000000000001,0.028000000000000004
2,21,14,-3.4200000000000004,0.06999999999999999,0.028000000000000004
2,21,15,-3.15,0.06000000000000001,0.028000000000000004
2,21,16,-3.3300000000000005,0.05,0.034999999999999996
2,21,17,-3.91,0.08,0.049
2,21,18,-4.71,0.09,0.05600000000000001
2,21,19,-4.91,0.06,0.042
2,21,20,-5.17,0.05,0.028000000000000004
2,21,21,-5.3100000000000005,0.06999999999999999,0.049
2,21,22,-5.45,0.06,0.041999999999999996
2,21,23,-5.7299999999999995,0.06,0.035
2,22,0,-5.9,0.05,0.021
2,22,1,-5.97,0.039999999999999994,0.007000000000000001
2,22,2,-6.16,0.039999999999999994,0.007000000000000001
2,22,3,-6.05,0.030000000000000006,0.007000000000000001
2,22,4,-6.29,0.06999999999999999,0.041999999999999996
2,22,5,-6.340000000000001,0.13,0.077
2,22,6,-6.590000000000001,0.1,0.05600000000000001
2,22,7,-6.890000000000001,0.04,0.028000000000000004
2,22,8,-7.15,0.039999999999999994,0.014000000000000002
2,22,9,-6.85,0.11000000000000001,0.034999999999999996
2,22,10,-6.3100000000000005,0.06999999999999999,0.028000000000000004
2,22,11,-5.84,0.05,0.034999999999999996
2,22,12,-5.4399999999999995,0.05,0.034999999999999996
2,22,13,-5.09,0.04,0.028000000000000004
2,22,14,-4.85,0.030000000000000006,0.021
2,22,15,-4.5200000000000005,0.01,0.007000000000000001
2,22,16,-4.79,0.0,0.0
2,22,17,-5.52,0.02,0.014000000000000002
2,22,18,-6.1899999999999995,0.06999999999999999,0.049
2,22,19,-6.44,0.16,0.10500000000000001
2,22,20,-6.62,0.16,0.11200000000000002
2,22,21,-6.83,0.13999999999999999,0.098
2,22,22,-6.94,0.030000000000000006,0.014000000000000002
2,22,23,-7.109999999999999,0.01,0.0
2,23,0,-7.4399999999999995,0.0,0.0
2,23,1,-7.659999999999999,0.030000000000000006,0.021
2,23,2,-7.88,0.04,0.028000000000000004
2,23,3,-7.659999999999999,0.02,0.014000000000000002
2,23,4,-7.909999999999999,0.06,0.049
2,23,5,-8.01,0.17,0.11200000000000002
2,23,6,-7.87,0.1,0.06999999999999999
2,23,7,-7.94,0.12,0.084
2,23,8,-8.03,0.12,0.084
2,23,9,-7.640000000000001,0.11000000000000001,0.077
2,23,10,-6.99,0.1,0.06999999999999999
2,23,11,-6.220000000000001,0.09,0.05600000000000001
2,23,12,-5.529999999999999,0.08,0.042
2,23,13,-4.93,0.06,0.021
2,23,14,-4.61,0.030000000000000006,0.014000000000000002
2,23,15,-3.95,0.01,0.007000000000000001
2,23,16,-4.04,0.04,0.028000000000000004
2,23,17,-4.42,0.03,0.020999999999999998
2,23,18,-5.12,0.01,0.007000000000000001
2,23,19,-5.909999999999999,0.01,0.007000000000000001
2,23,20,-6.45,0.02,0.014000000000000002
2,23,21,-6.609999999999999,0.03,0.020999999999999998
2,23,22,-6.760000000000001,0.03,0.020999999999999998
2,23,23,-6.910000000000001,0.02,0.014000000000000002
2,24,0,-6.75,0.02,0.014000000000000002
2,24,1,-6.610000000000001,0.1,0.07
2,24,2,-6.5,0.030000000000000006,0.021
2,24,3,-6.279999999999999,0.0,0.0
2,24,4,-6.25,0.01,0.007000000000000001
2,24,5,-6.34,0.02,0.014000000000000002
2,24,6,-6.390000000000001,0.02,0.014000000000000002
2,24,7,-6.44,0.0,0.0
2,24,8,-6.3,0.01,0.007000000000000001
2,24,9,-5.85,0.02,0.014000000000000002
2,24,10,-4.83,0.02,0.014000000000000002
2,24,11,-3.9800000000000004,0.06999999999999999,0.049
2,24,12,-3.12,0.08,0.05600000000000001
2,24,13,-2.73,0.1,0.06300000000000001
2,24,14,-2.3,0.09,0.05600000000000001
2,24,15,-2.21,0.09,0.05600000000000001
2,24,16,-2.1799999999999997,0.06,0.035
2,24,17,-2.62,0.06,0.041999999999999996
2,24,18,-3.28,0.06,0.021
2,24,19,-3.69,0.06,0.007000000000000001
2,24,20,-3.69,0.05,0.021
2,24,21,-3.69,0.12,0.034999999999999996
2,24,22,-3.84,0.11000000000000001,0.035
2,24,23,-4.02,0.07,0.035
2,25,0,-4.08,0.04,0.028000000000000004
2,25,1,-4.16,0.06999999999999999,0.049
2,25,2,-4.36,0.09,0.06300000000000001
2,25,3,-4.32,0.1,0.06999999999999999
2,25,4,-4.49,0.17,0.126
2,25,5,-4.59,0.12,0.084
2,25,6,-4.65,0.15,0.10500000000000001
2,25,7,-4.7299999999999995,0.13,0.042
2,25,8,-4.62,0.06,0.034999999999999996
2,25,9,-3.91,0.05,0.028000000000000004
2,25,10,-3.05,0.04,0.021
2,25,11,-2.17,0.01,0.014000000000000002
2,25,12,-1.5,0.01,0.014000000000000002
2,25,13,-1.0299999999999998,0.02,0.014000000000000002
2,25,14,-0.7300000000000001,0.01,0.014000000000000002
2,25,15,-0.57,0.01,0.007000000000000001
2,25,16,-0.67,0.01,0.007000000000000001
2,25,17,-1.1800000000000002,0.0,0.0
2,25,18,-1.94,0.0,0.0
2,25,19,-2.5300000000000002,0.01,0.0
2,25,20,-2.93,0.01,0.007000000000000001
2,25,21,-3.09,0.0,0.007000000000000001
2,25,22,-3.2700000000000005,0.01,0.007000000000000001
2,25,23,-3.4900000000000007,0.01,0.014000000000000002
2,26,0,-3.72,0.030000000000000006,0.007000000000000001
2,26,1,-4.05,0.01,0.0
2,26,2,-4.07,0.01,0.0
2,26,3,-4.07,0.02,0.007000000000000001
2,26,4,-4.29,0.1,0.05600000000000001
2,26,5,-4.49,0.12,0.06999999999999999
2,26,6,-4.57,0.16999999999999998,0.098
2,26,7,-4.66,0.07,0.042
2,26,8,-4.7299999999999995,0.02,0.007000000000000001
2,26,9,-4.41,0.05,0.035
2,26,10,-3.4899999999999998,0.05,0.034999999999999996
2,26,11,-2.5800000000000005,0.04,0.028000000000000004
2,26,12,-1.8,0.030000000000000006,0.021
2,26,13,-1.27,0.01,0.007000000000000001
2,26,14,-0.93,0.039999999999999994,0.007000000000000001
2,26,15,-0.8400000000000001,0.06,0.0
2,26,16,-0.8100000000000002,0.07999999999999999,0.035
2,26,17,-1.3599999999999999,0.02,0.0
2,26,18,-2.38,0.0,0.0
2,26,19,-2.91,0.01,0.0
2,26,20,-3.3899999999999997,0.01,0.0
2,26,21,-3.7399999999999998,0.02,0.007000000000000001
2,26,22,-3.7299999999999995,0.02,0.014000000000000002
2,26,23,-3.7299999999999995,0.030000000000000006,0.014000000000000002
2,27,0,-3.75,0.04,0.028000000000000004
2,27,1,-3.91,0.04,0.028000000000000004
2,27,2,-3.9300000000000006,0.030000000000000006,0.014000000000000002
2,27,3,-3.97,0.05,0.028000000000000004
2,27,4,-4.12,0.06000000000000001,0.035
2,27,5,-4.07,0.04,0.021
2,27,6,-4.2299999999999995,0.04,0.014000000000000002
2,27,7,-4.35,0.02,0.021
2,27,8,-4.55,0.02,0.014000000000000002
2,27,9,-4.35,0.030000000000000006,0.014000000000000002
2,27,10,-3.95,0.06000000000000001,0.021
2,27,11,-3.46,0.1,0.049
2,27,12,-3.0200000000000005,0.08,0.028000000000000004
2,27,13,-2.54,0.05,0.014000000000000002
2,27,14,-2.19,0.06,0.007000000000000001
2,27,15,-1.9,0.05,0.014000000000000002
2,27,16,-1.89,0.01,0.0
2,27,17,-2.5599999999999996,0.0,0.0
2,27,18,-3.56,0.01,0.0
2,27,19,-3.9200000000000004,0.0,0.0
2,27,20,-4.220000000000001,0.0,0.0
2,27,21,-4.859999999999999,0.0,0.0
2,27,22,-5.279999999999999,0.0,0.0
2,27,23,-5.68,0.0,0.0
2,28,0,-5.9399999999999995,0.01,0.0
2,28,1,-6.25,0.05,0.007000000000000001
2,28,2,-6.4799999999999995,0.06,0.020999999999999998
2,28,3,-6.25,0.06999999999999999,0.028000000000000004
2,28,4,-6.13,0.05,0.028000000000000004
2,28,5,-6.180000000000001,0.04,0.014000000000000002
2,28,6,-6.26,0.04,0.014000000000000002
2,28,7,-6.2,0.03,0.014000000000000002
2,28,8,-6.21,0.030000000000000006,0.014000000000000002
2,28,9,-5.27,0.02,0.007000000000000001
2,28,10,-4.130000000000001,0.02,0.007000000000000001
2,28,11,-2.94,0.02,0.014000000000000002
2,28,12,-2.1599999999999997,0.02,0.014000000000000002
2,28,13,-1.52,0.01,0.007000000000000001
2,28,14,-1.05,0.0,0.0
2,28,15,-0.8300000000000001,0.0,0.0
2,28,16,-0.8,0.01,0.0
2,28,17,-1.46,0.0,0.0
2,28,18,-2.52,0.030000000000000006,0.014000000000000002
2,28,19,-3.01,0.05,0.034999999999999996
2,28,20,-3.3600000000000003,0.030000000000000006,0.021
2,28,21,-3.81,0.030000000000000006,0.021
2,28,22,-4.26,0.04,0.028000000000000004
2,28,23,-4.6,0.05,0.034999999999999996
2,29,0,-3.6,0.0,0.0
2,29,1,-3.4333333333333336,0.0,0.0
2,29,2,-3.3666666666666667,0.0,0.0
2,29,3,-3.033333333333333,0.0,0.0
2,29,4,-2.9333333333333336,0.0,0.023333333333333334
2,29,5,-2.8333333333333335,0.09999999999999999,0.06999999999999999
2,29,6,-3.0666666666666664,0.0,0.023333333333333334
2,29,7,-3.3000000000000003,0.0,0.023333333333333334
2,29,8,-3.5,0.0,0.0
2,29,9,-2.5,0.0,0.0
2,29,10,-1.5,0.0,0.0
2,29,11,-0.5666666666666667,0.0,0.0
2,29,12,0.3333333333333333,0.0,0.0
2,29,13,0.8333333333333334,0.0,0.0
2,29,14,0.7999999999999999,0.0,0.0
2,29,15,1.2333333333333334,0.03333333333333333,0.023333333333333334
2,29,16,1.3,0.03333333333333333,0.023333333333333334
2,29,17,0.7666666666666666,0.03333333333333333,0.023333333333333334
2,29,18,-0.09999999999999999,0.0,0.0
2,29,19,-0.6666666666666666,0.0,0.0
2,29,20,-0.9333333333333335,0.0,0.0
2,29,21,-1.7,0.0,0.0
2,29,22,-3.066666666666667,0.0,0.0
2,29,23,-3.9000000000000004,0.03333333333333333,0.023333333333333334
3,1,0,-5.13,0.01,0.007000000000000001
3,1,1,-5.3,0.0,0.0
3,1,2,-5.41,0.0,0.0
3,1,3,-5.3,0.0,0.0
3,1,4,-5.369999999999999,0.01,0.007000000000000001
3,1,5,-5.42,0.01,0.014000000000000002
3,1,6,-5.63,0.01,0.014000000000000002
3,1,7,-5.91,0.02,0.014000000000000002
3,1,8,-5.750000000000001,0.01,0.014000000000000002
3,1,9,-4.84,0.01,0.014000000000000002
3,1,10,-3.72,0.030000000000000006,0.021
3,1,11,-2.68,0.02,0.014000000000000002
3,1,12,-1.8699999999999999,0.030000000000000006,0.007000000000000001
3,1,13,-1.19,0.02,0.007000000000000001
3,1,14,-0.82,0.01,0.007000000000000001
3,1,15,-0.44000000000000006,0.01,0.007000000000000001
3,1,16,-0.5900000000000001,0.01,0.007000000000000001
3,1,17,-1.15,0.01,0.014000000000000002
3,1,18,-2.03,0.01,0.014000000000000002
3,1,19,-2.44,0.0,0.007000000000000001
3,1,20,-2.54,0.01,0.014000000000000002
3,1,21,-2.5100000000000002,0.02,0.014000000000000002
3,1,22,-2.8099999999999996,0.030000000000000006,0.028000000000000004
3,1,23,-2.91,0.05,0.035
3,2,0,-3.2299999999999995,0.12,0.08399999999999999
3,2,1,-3.6799999999999997,0.19,0.11900000000000002
3,2,2,-4.04,0.25,0.147
3,2,3,-4.33,0.33999999999999997,0.196
3,2,4,-4.529999999999999,0.32999999999999996,0.182
3,2,5,-4.87,0.26,0.147
3,2,6,-5.11,0.22000000000000003,0.10500000000000001
3,2,7,-5.119999999999999,0.2,0.11200000000000002
3,2,8,-4.95,0.22000000000000003,0.133
3,2,9,-4.279999999999999,0.6100000000000001,0.147
3,2,10,-3.62,0.12999999999999998,0.028000000000000004
3,2,11,-2.81,0.09,0.0
3,2,12,-2.0900000000000003,0.08,0.0
3,2,13,-1.4,0.06,0.0
3,2,14,-0.8299999999999998,0.02,0.0
3,2,15,-0.36999999999999994,0.0,0.0
3,2,16,-0.37000000000000005,0.0,0.0
3,2,17,-1.04,0.02,0.0
3,2,18,-1.7,0.04,0.0
3,2,19,-1.8400000000000003,0.06000000000000001,0.014000000000000002
3,2,20,-2.05,0.08,0.014000000000000002
3,2,21,-2.2600000000000002,0.08,0.007000000000000001
3,2,22,-2.59,0.06,0.0
3,2,23,-2.85,0.06,0.0
3,3,0,-3.15,0.04,0.007000000000000001
3,3,1,-3.5799999999999996,0.02,0.007000000000000001
3,3,2,-3.88,0.02,0.0
3,3,3,-4.0600000000000005,0.05,0.007000000000000001
3,3,4,-4.29,0.08,0.034999999999999996
3,3,5,-4.45,0.06,0.020999999999999998
3,3,6,-4.65,0.02,0.007000000000000001
3,3,7,-4.87,0.05,0.028000000000000004
3,3,8,-4.88,0.06999999999999999,0.049
3,3,9,-4.12,0.08,0.049
3,3,10,-3.29,0.05,0.020999999999999998
3,3,11,-2.38,0.030000000000000006,0.007000000000000001
3,3,12,-1.51,0.04,0.014000000000000002
3,3,13,-0.76,0.05,0.028000000000000004
3,3,14,-0.1600000000000001,0.04,0.021
3,3,15,0.4800000000000001,0.030000000000000006,0.014000000000000002
3,3,16,0.5,0.02,0.007000000000000001
3,3,17,-0.24000000000000007,0.02,0.0
3,3,18,-1.3800000000000001,0.04,0.0
3,3,19,-1.83,0.04,0.0
3,3,20,-2.1700000000000004,0.030000000000000006,0.007000000000000001
3,3,21,-2.6700000000000004,0.0,0.007000000000000001
3,3,22,-3.25,0.0,0.0
3,3,23,-3.5,0.0,0.0
3,4,0,-4.08,0.01,0.007000000000000001
3,4,1,-4.2700000000000005,0.02,0.014000000000000002
3,4,2,-4.43,0.04,0.028000000000000004
3,4,3,-3.97,0.04,0.028000000000000004
3,4,4,-3.87,0.1,0.06999999999999999
3,4,5,-4.14,0.1,0.063
3,4,6,-4.2,0.13,0.084
3,4,7,-4.41,0.16,0.10500000000000001
3,4,8,-4.24,0.18,0.119
3,4,9,-3.55,0.2,0.14
3,4,10,-2.78,0.16,0.11200000000000002
3,4,11,-1.9,0.1,0.07700000000000001
3,4,12,-1.0799999999999998,0.08,0.063
3,4,13,-0.43000000000000005,0.09,0.077
3,4,14,-0.01999999999999986,0.11000000000000001,0.077
3,4,15,-0.019999999999999928,0.1,0.07
3,4,16,-0.0799999999999999,0.13,0.091
3,4,17,-0.5199999999999999,0.11000000000000001,0.07
3,4,18,-0.8300000000000001,0.09,0.05600000000000001
3,4,19,-1.09,0.07,0.049
3,4,20,-1.3199999999999998,0.09,0.05600000000000001
3,4,21,-1.9,0.15,0.091
3,4,22,-1.7399999999999998,0.12,0.077
3,4,23,-2.21,0.09999999999999999,0.063
3,5,0,-2.59,0.09999999999999999,0.06999999999999999
3,5,1,-2.92,0.09,0.063
3,5,2,-3.17,0.09,0.063
3,5,3,-3.0100000000000002,0.12,0.08399999999999999
3,5,4,-3.04,0.19,0.119
3,5,5,-3.1900000000000004,0.2,0.13300000000000003
3,5,6,-3.41,0.16,0.11200000000000002
3,5,7,-3.28,0.12000000000000002,0.084
3,5,8,-2.96,0.06999999999999999,0.05600000000000001
3,5,9,-2.2,0.07,0.049
3,5,10,-1.5400000000000003,0.08,0.05600000000000001
3,5,11,-1.04,0.12,0.077
3,5,12,-0.6,0.12,0.084
3,5,13,-0.14999999999999997,0.08,0.041999999999999996
3,5,14,0.1599999999999998,0.13999999999999999,0.049
3,5,15,0.26,0.16999999999999998,0.034999999999999996
3,5,16,0.19,0.02,0.014000000000000002
3,5,17,-0.27,0.03,0.014000000000000002
3,5,18,-1.09,0.04,0.020999999999999998
3,5,19,-1.75,0.03,0.020999999999999998
3,5,20,-2.2299999999999995,0.04,0.014000000000000002
3,5,21,-2.47,0.030000000000000006,0.007000000000000001
3,5,22,-3.1799999999999997,0.05,0.020999999999999998
3,5,23,-3.5799999999999996,0.06,0.014000000000000002
3,6,0,-3.7399999999999998,0.12,0.028000000000000004
3,6,1,-4.0600000000000005,0.06000000000000001,0.014000000000000002
3,6,2,-4.49,0.04,0.014000000000000002
3,6,3,-5.0600000000000005,0.030000000000000006,0.007000000000000001
3,6,4,-5.58,0.06000000000000001,0.007000000000000001
3,6,5,-6.279999999999999,0.1,0.028000000000000004
3,6,6,-6.68,0.13999999999999999,0.049
3,6,7,-7.0200000000000005,0.09999999999999999,0.041999999999999996
3,6,8,-6.83,0.07,0.035
3,6,9,-6.0,0.030000000000000006,0.021
3,6,10,-4.779999999999999,0.06,0.0
3,6,11,-3.8099999999999996,0.06,0.0
3,6,12,-2.9299999999999997,0.0,0.0
3,6,13,-2.4299999999999997,0.0,0.0
3,6,14,-2.06,0.02,0.0
3,6,15,-2.0200000000000005,0.02,0.0
3,6,16,-2.16,0.03,0.007000000000000001
3,6,17,-2.68,0.02,0.0
3,6,18,-3.63,0.03,0.0
3,6,19,-4.28,0.1,0.05600000000000001
3,6,20,-4.85,0.1,0.05600000000000001
3,6,21,-5.43,0.09,0.028000000000000004
3,6,22,-5.71,0.01,0.0
3,6,23,-5.95,0.01,0.007000000000000001
3,7,0,-6.25,0.0,0.0
3,7,1,-6.57,0.0,0.0
3,7,2,-6.68,0.0,0.0
3,7,3,-6.5200000000000005,0.0,0.0
3,7,4,-6.17,0.0,0.0
3,7,5,-6.26,0.02,0.0
3,7,6,-6.2700000000000005,0.02,0.007000000000000001
3,7,7,-6.34,0.03,0.020999999999999998
3,7,8,-5.76,0.05,0.034999999999999996
3,7,9,-4.5600000000000005,0.05,0.034999999999999996
3,7,10,-3.3200000000000003,0.05,0.041999999999999996
3,7,11,-2.19,0.06999999999999999,0.049
3,7,12,-1.3900000000000001,0.06,0.041999999999999996
3,7,13,-0.39,0.05,0.034999999999999996
3,7,14,0.27,0.01,0.007000000000000001
3,7,15,0.64,0.04,0.014000000000000002
3,7,16,0.7300000000000001,0.05,0.034999999999999996
3,7,17,0.07000000000000008,0.030000000000000006,0.021
3,7,18,-1.08,0.01,0.007000000000000001
3,7,19,-1.9,0.030000000000000006,0.014000000000000002
3,7,20,-2.19,0.09,0.06300000000000001
3,7,21,-2.57,0.16999999999999998,0.119
3,7,22,-3.2299999999999995,0.04,0.028000000000000004
3,7,23,-3.91,0.030000000000000006,0.021
3,8,0,-4.05,0.039999999999999994,0.028000000000000004
3,8,1,-4.2700000000000005,0.06999999999999999,0.049
3,8,2,-4.64,0.04,0.021
3,8,3,-4.85,0.0,0.0
3,8,4,-4.87,0.04,0.028000000000000004
3,8,5,-4.7700000000000005,0.04,0.028000000000000004
3,8,6,-4.72,0.02,0.014000000000000002
3,8,7,-4.609999999999999,0.06999999999999999,0.021
3,8,8,-4.12,0.09,0.021
3,8,9,-3.37,0.06,0.014000000000000002
3,8,10,-2.65,0.030000000000000006,0.014000000000000002
3,8,11,-1.9600000000000002,0.01,0.014000000000000002
3,8,12,-1.3800000000000001,0.02,0.014000000000000002
3,8,13,-0.7100000000000001,0.03,0.014000000000000002
3,8,14,-0.36000000000000004,0.04,0.007000000000000001
3,8,15,-0.21999999999999992,0.04,0.007000000000000001
3,8,16,-0.3700000000000001,0.04,0.007000000000000001
3,8,17,-0.5900000000000001,0.030000000000000006,0.007000000000000001
3,8,18,-1.2,0.06000000000000001,0.028000000000000004
3,8,19,-1.6400000000000001,0.06000000000000001,0.035
3,8,20,-1.97,0.09999999999999999,0.063
3,8,21,-2.1999999999999997,0.06999999999999999,0.049
3,8,22,-2.69,0.02,0.014000000000000002
3,8,23,-3.29,0.0,0.0
3,9,0,-3.8899999999999997,0.0,0.0
3,9,1,-4.33,0.0,0.0
3,9,2,-4.180000000000001,0.0,0.0
3,9,3,-4.4399999999999995,0.0,0.0
3,9,4,-4.7,0.0,0.0
3,9,5,-4.98,0.0,0.0
3,9,6,-5.11,0.01,0.0
3,9,7,-5.3,0.0,0.0
3,9,8,-4.84,0.0,0.0
3,9,9,-3.88,0.0,0.0
3,9,10,-2.91,0.0,0.0
3,9,11,-2.11,0.0,0.0
3,9,12,-1.44,0.0,0.0
3,9,13,-0.7400000000000001,0.0,0.0
3,9,14,-0.3900000000000001,0.01,0.007000000000000001
3,9,15,-0.08999999999999994,0.01,0.007000000000000001
3,9,16,-0.2700000000000001,0.03,0.020999999999999998
3,9,17,-1.04,0.01,0.007000000000000001
3,9,18,-2.4699999999999998,0.0,0.0
3,9,19,-3.8200000000000003,0.0,0.0
3,9,20,-4.21,0.0,0.0
3,9,21,-4.87,0.0,0.0
3,9,22,-5.109999999999999,0.0,0.0
3,9,23,-5.529999999999999,0.0,0.0
3,10,0,-5.9799999999999995,0.0,0.0
3,10,1,-6.36,0.0,0.0
3,10,2,-6.51,0.02,0.0
3,10,3,-6.57,0.03,0.0
3,10,4,-6.459999999999999,0.09,0.0
3,10,5,-6.779999999999999,0.13,0.0
3,10,6,-7.029999999999999,0.14,0.007000000000000001
3,10,7,-7.08,0.18,0.014000000000000002
3,10,8,-6.659999999999999,0.20999999999999996,0.014000000000000002
3,10,9,-5.779999999999999,0.22000000000000003,0.014000000000000002
3,10,10,-4.840000000000001,0.24,0.049
3,10,11,-3.81,0.21000000000000002,0.041999999999999996
3,10,12,-2.87,0.13999999999999999,0.007000000000000001
3,10,13,-2.1000000000000005,0.030000000000000006,0.007000000000000001
3,10,14,-1.4100000000000001,0.01,0.007000000000000001
3,10,15,-0.8300000000000001,0.01,0.007000000000000001
3,10,16,-0.7899999999999997,0.0,0.0
3,10,17,-1.7200000000000002,0.0,0.0
3,10,18,-3.1399999999999997,0.0,0.0
3,10,19,-4.5200000000000005,0.01,0.007000000000000001
3,10,20,-5.15,0.01,0.007000000000000001
3,10,21,-5.529999999999999,0.01,0.007000000000000001
3,10,22,-5.95,0.01,0.007000000000000001
3,10,23,-6.26,0.01,0.007000000000000001
3,11,0,-6.62,0.02,0.007000000000000001
3,11,1,-6.36,0.039999999999999994,0.014000000000000002
3,11,2,-6.42,0.01,0.007000000000000001
3,11,3,-6.180000000000001,0.01,0.007000000000000001
3,11,4,-6.7,0.04,0.007000000000000001
3,11,5,-7.029999999999999,0.11000000000000001,0.021
3,11,6,-7.26,0.04,0.021
3,11,7,-7.38,0.06999999999999999,0.028000000000000004
3,11,8,-6.709999999999999,0.06999999999999999,0.028000000000000004
3,11,9,-5.29,0.03,0.020999999999999998
3,11,10,-3.6599999999999993,0.02,0.014000000000000002
3,11,11,-2.45,0.02,0.014000000000000002
3,11,12,-1.4100000000000001,0.02,0.014000000000000002
3,11,13,-0.6,0.02,0.014000000000000002
3,11,14,-5.2735593669694933e-17,0.06999999999999999,0.034999999999999996
3,11,15,0.8099999999999998,0.06,0.020999999999999998
3,11,16,0.6399999999999999,0.01,0.0
3,11,17,-0.06000000000000009,0.01,0.0
3,11,18,-1.2099999999999997,0.01,0.0
3,11,19,-1.9100000000000001,0.01,0.0
3,11,20,-2.41,0.02,0.007000000000000001
3,11,21,-3.09,0.0,0.0
3,11,22,-3.3600000000000003,0.0,0.0
3,11,23,-3.75,0.01,0.0
3,12,0,-3.85,0.09,0.0
3,12,1,-4.1,0.06999999999999999,0.0
3,12,2,-4.35,0.06999999999999999,0.0
3,12,3,-4.33,0.05,0.0
3,12,4,-4.14,0.01,0.0
3,12,5,-4.2700000000000005,0.02,0.007000000000000001
3,12,6,-4.14,0.030000000000000006,0.007000000000000001
3,12,7,-4.18,0.2,0.007000000000000001
3,12,8,-3.54,0.09,0.007000000000000001
3,12,9,-2.57,0.06999999999999999,0.028000000000000004
3,12,10,-1.46,0.13999999999999999,0.041999999999999996
3,12,11,-0.6599999999999999,0.13999999999999999,0.034999999999999996
3,12,12,0.1700000000000001,0.15,0.014000000000000002
3,12,13,0.74,0.25,0.0
3,12,14,1.2599999999999998,0.25999999999999995,0.0
3,12,15,1.2799999999999998,0.29,0.007000000000000001
3,12,16,1.13,0.1,0.049
3,12,17,0.5700000000000001,0.1,0.063
3,12,18,-0.7,0.11000000000000001,0.077
3,12,19,-1.46,0.06999999999999999,0.049
3,12,20,-1.61,0.06,0.041999999999999996
3,12,21,-2.14,0.04,0.028000000000000004
3,12,22,-2.78,0.04,0.028000000000000004
3,12,23,-3.12,0.030000000000000006,0.014000000000000002
3,13,0,-3.6700000000000004,0.06999999999999999,0.014000000000000002
3,13,1,-3.9899999999999998,0.11000000000000001,0.020999999999999998
3,13,2,-4.13,0.1,0.014000000000000002
3,13,3,-4.0200000000000005,0.02,0.014000000000000002
3,13,4,-3.9,0.030000000000000006,0.014000000000000002
3,13,5,-4.65,0.02,0.014000000000000002
3,13,6,-5.08,0.02,0.014000000000000002
3,13,7,-5.49,0.030000000000000006,0.021
3,13,8,-4.7,0.039999999999999994,0.028000000000000004
3,13,9,-3.5700000000000003,0.05,0.035
3,13,10,-2.27,0.06000000000000001,0.035
3,13,11,-1.16,0.07,0.035
3,13,12,-0.2500000000000001,0.05,0.028000000000000004
3,13,13,0.5499999999999999,0.05,0.028000000000000004
3,13,14,0.9,0.04,0.028000000000000004
3,13,15,1.1300000000000001,0.030000000000000006,0.014000000000000002
3,13,16,1.0299999999999998,0.030000000000000006,0.007000000000000001
3,13,17,0.5800000000000001,0.0,0.0
3,13,18,-0.45,0.0,0.0
3,13,19,-1.69,0.0,0.0
3,13,20,-2.18,0.0,0.0
3,13,21,-2.8600000000000003,0.01,0.007000000000000001
3,13,22,-3.15,0.01,0.007000000000000001
3,13,23,-3.35,0.0,0.0
3,14,0,-3.37,0.0,0.0
3,14,1,-4.01,0.01,0.0
3,14,2,-4.3100000000000005,0.01,0.0
3,14,3,-4.5200000000000005,0.0,0.0
3,14,4,-4.540000000000001,0.0,0.0
3,14,5,-4.66,0.01,0.007000000000000001
3,14,6,-4.66,0.05,0.034999999999999996
3,14,7,-4.709999999999999,0.02,0.014000000000000002
3,14,8,-3.7399999999999998,0.1,0.06999999999999999
3,14,9,-2.5300000000000002,0.030000000000000006,0.021
3,14,10,-1.1199999999999999,0.01,0.0
3,14,11,0.07000000000000002,0.01,0.0
3,14,12,1.06,0.0,0.0
3,14,13,1.85,0.0,0.0
3,14,14,2.2199999999999998,0.04,0.0
3,14,15,2.7,0.01,0.0
3,14,16,2.7399999999999998,0.09,0.028000000000000004
3,14,17,2.3099999999999996,0.0,0.0
3,14,18,1.29,0.02,0.007000000000000001
3,14,19,0.19000000000000006,0.07999999999999999,0.014000000000000002
3,14,20,-0.5,0.09,0.034999999999999996
3,14,21,-1.3199999999999998,0.06,0.034999999999999996
3,14,22,-2.09,0.05,0.028000000000000004
3,14,23,-2.47,0.09,0.034999999999999996
3,15,0,-2.46,0.1,0.042
3,15,1,-2.7199999999999998,0.06000000000000001,0.042
3,15,2,-3.18,0.04,0.028000000000000004
3,15,3,-3.37,0.02,0.014000000000000002
3,15,4,-3.54,0.05,0.028000000000000004
3,15,5,-3.9299999999999997,0.16,0.10499999999999998
3,15,6,-4.3100000000000005,0.11000000000000001,0.063
3,15,7,-4.67,0.1,0.05600000000000001
3,15,8,-3.6800000000000006,0.06999999999999999,0.049
3,15,9,-2.2399999999999998,0.06999999999999999,0.049
3,15,10,-0.8800000000000001,0.09,0.041999999999999996
3,15,11,0.19,0.12999999999999998,0.063
3,15,12,0.9800000000000001,0.15,0.077
3,15,13,1.56,0.07,0.042
3,15,14,1.9,0.02,0.014000000000000002
3,15,15,2.2399999999999998,0.01,0.0
3,15,16,2.17,0.01,0.007000000000000001
3,15,17,1.6,0.0,0.0
3,15,18,0.6,0.0,0.0
3,15,19,-0.5200000000000001,0.01,0.0
3,15,20,-1.2,0.02,0.0
3,15,21,-1.7599999999999998,0.04,0.0
3,15,22,-2.14,0.05,0.0
3,15,23,-2.62,0.05,0.0
3,16,0,-3.1,0.03,0.0
3,16,1,-3.6,0.03,0.0
3,16,2,-3.95,0.04,0.007000000000000001
3,16,3,-3.91,0.05,0.007000000000000001
3,16,4,-3.71,0.04,0.007000000000000001
3,16,5,-3.7600000000000002,0.04,0.007000000000000001
3,16,6,-4.09,0.01,0.0
3,16,7,-4.279999999999999,0.01,0.0
3,16,8,-3.5799999999999996,0.01,0.0
3,16,9,-2.6399999999999997,0.0,0.0
3,16,10,-1.46,0.04,0.007000000000000001
3,16,11,-0.5599999999999999,0.08,0.042
3,16,12,0.08999999999999994,0.09,0.041999999999999996
3,16,13,0.6799999999999999,0.08,0.028000000000000004
3,16,14,1.0499999999999998,0.05,0.014000000000000002
3,16,15,1.3699999999999999,0.05,0.014000000000000002
3,16,16,1.33,0.02,0.0
3,16,17,0.9000000000000001,0.01,0.0
3,16,18,0.09000000000000004,0.01,0.0
3,16,19,-0.9099999999999999,0.02,0.0
3,16,20,-1.37,0.02,0.0
3,16,21,-1.81,0.0,0.0
3,16,22,-2.36,0.0,0.0
3,16,23,-2.96,0.0,0.0
3,17,0,-3.54,0.0,0.0
3,17,1,-4.09,0.0,0.0
3,17,2,-4.5200000000000005,0.0,0.0
3,17,3,-4.67,0.0,0.0
3,17,4,-4.84,0.0,0.0
3,17,5,-5.390000000000001,0.0,0.0
3,17,6,-5.88,0.0,0.0
3,17,7,-6.15,0.0,0.0
3,17,8,-5.0200000000000005,0.0,0.0
3,17,9,-3.45,0.0,0.0
3,17,10,-1.85,0.0,0.0
3,17,11,-0.53,0.0,0.0
3,17,12,0.46999999999999975,0.0,0.0
3,17,13,1.2600000000000002,0.0,0.0
3,17,14,1.7900000000000003,0.0,0.0
3,17,15,2.1399999999999997,0.0,0.0
3,17,16,1.8900000000000001,0.0,0.0
3,17,17,1.3800000000000001,0.0,0.0
3,17,18,0.15999999999999992,0.0,0.0
3,17,19,-1.1199999999999999,0.0,0.0
3,17,20,-1.9299999999999997,0.0,0.0
3,17,21,-2.55,0.0,0.0
3,17,22,-3.04,0.0,0.0
3,17,23,-3.6100000000000003,0.0,0.0
3,18,0,-3.94,0.0,0.0
3,18,1,-4.3,0.0,0.0
3,18,2,-4.53,0.0,0.0
3,18,3,-4.7,0.0,0.0
3,18,4,-4.720000000000001,0.0,0.007000000000000001
3,18,5,-4.84,0.13,0.091
3,18,6,-4.840000000000001,0.06,0.041999999999999996
3,18,7,-4.890000000000001,0.02,0.014000000000000002
3,18,8,-3.85,0.0,0.0
3,18,9,-2.5700000000000003,0.0,0.0
3,18,10,-1.22,0.0,0.014000000000000002
3,18,11,-0.06000000000000003,0.0,0.0
3,18,12,0.9,0.0,0.0
3,18,13,1.67,0.0,0.0
3,18,14,2.16,0.01,0.007000000000000001
3,18,15,2.53,0.0,0.007000000000000001
3,18,16,2.31,0.0,0.007000000000000001
3,18,17,1.77,0.0,0.007000000000000001
3,18,18,0.4600000000000001,0.0,0.0
3,18,19,-0.75,0.0,0.0
3,18,20,-1.65,0.0,0.0
3,18,21,-2.1799999999999997,0.01,0.007000000000000001
3,18,22,-2.52,0.03,0.014000000000000002
3,18,23,-2.97,0.02,0.014000000000000002
3,19,0,-3.3200000000000003,0.01,0.007000000000000001
3,19,1,-3.6399999999999997,0.02,0.007000000000000001
3,19,2,-3.65,0.01,0.0
3,19,3,-3.5200000000000005,0.01,0.007000000000000001
3,19,4,-3.4,0.01,0.007000000000000001
3,19,5,-3.63,0.02,0.007000000000000001
3,19,6,-3.8600000000000003,0.04,0.020999999999999998
3,19,7,-3.84,0.01,0.0
3,19,8,-2.9,0.039999999999999994,0.0
3,19,9,-1.7200000000000002,0.11000000000000001,0.007000000000000001
3,19,10,-0.5700000000000002,0.1,0.007000000000000001
3,19,11,0.43999999999999995,0.08,0.007000000000000001
3,19,12,1.3,0.18,0.007000000000000001
3,19,13,1.97,0.09,0.007000000000000001
3,19,14,2.3899999999999997,0.030000000000000006,0.014000000000000002
3,19,15,2.7399999999999998,0.1,0.007000000000000001
3,19,16,2.69,0.030000000000000006,0.007000000000000001
3,19,17,2.15,0.01,0.0
3,19,18,0.64,0.03,0.0
3,19,19,-0.6699999999999999,0.02,0.0
3,19,20,-1.3499999999999999,0.0,0.0
3,19,21,-2.0599999999999996,0.0,0.0
3,19,22,-2.95,0.01,0.0
3,19,23,-3.47,0.03,0.0
3,20,0,-3.94,0.01,0.0
3,20,1,-4.4399999999999995,0.0,0.0
3,20,2,-4.7299999999999995,0.01,0.0
3,20,3,-4.76,0.02,0.014000000000000002
3,20,4,-4.9,0.01,0.007000000000000001
3,20,5,-5.279999999999999,0.02,0.007000000000000001
3,20,6,-5.53,0.02,0.014000000000000002
3,20,7,-5.6,0.04,0.020999999999999998
3,20,8,-4.45,0.04,0.021
3,20,9,-2.9899999999999998,0.030000000000000006,0.007000000000000001
3,20,10,-1.22,0.01,0.0
3,20,11,-0.05,0.0,0.0
3,20,12,0.8899999999999999,0.0,0.0
3,20,13,1.6300000000000001,0.01,0.0
3,20,14,2.18,0.030000000000000006,0.0
3,20,15,2.8400000000000003,0.03,0.0
3,20,16,2.85,0.02,0.007000000000000001
3,20,17,2.24,0.05,0.007000000000000001
3,20,18,0.89,0.02,0.007000000000000001
3,20,19,-0.5899999999999999,0.01,0.0
3,20,20,-1.1,0.0,0.0
3,20,21,-1.86,0.01,0.007000000000000001
3,20,22,-2.56,0.01,0.007000000000000001
3,20,23,-3.19,0.0,0.0
3,21,0,-3.78,0.0,0.0
3,21,1,-4.25,0.0,0.0
3,21,2,-4.5200000000000005,0.0,0.0
3,21,3,-4.07,0.0,0.0
3,21,4,-4.16,0.02,0.0
3,21,5,-4.33,0.02,0.007000000000000001
3,21,6,-4.51,0.02,0.007000000000000001
3,21,7,-4.5600000000000005,0.01,0.007000000000000001
3,21,8,-3.4899999999999998,0.0,0.0
3,21,9,-1.9300000000000002,0.01,0.0
3,21,10,-0.5700000000000001,0.02,0.0
3,21,11,0.57,0.02,0.0
3,21,12,1.5399999999999998,0.01,0.007000000000000001
3,21,13,2.2,0.01,0.0
3,21,14,2.32,0.02,0.007000000000000001
3,21,15,2.52,0.01,0.0
3,21,16,2.4899999999999998,0.01,0.0
3,21,17,2.04,0.01,0.007000000000000001
3,21,18,1.0499999999999998,0.01,0.007000000000000001
3,21,19,-0.27,0.02,0.014000000000000002
3,21,20,-1.0,0.02,0.014000000000000002
3,21,21,-1.5299999999999998,0.02,0.014000000000000002
3,21,22,-2.17,0.01,0.007000000000000001
3,21,23,-2.57,0.04,0.035
3,22,0,-2.67,0.05,0.028000000000000004
3,22,1,-3.0,0.02,0.021
3,22,2,-3.2399999999999998,0.02,0.021
3,22,3,-3.2,0.030000000000000006,0.021
3,22,4,-2.9200000000000004,0.05,0.035
3,22,5,-3.05,0.02,0.021
3,22,6,-3.2399999999999998,0.0,0.007000000000000001
3,22,7,-3.2399999999999998,0.0,0.007000000000000001
3,22,8,-2.41,0.04,0.028000000000000004
3,22,9,-1.56,0.06999999999999999,0.05600000000000001
3,22,10,-0.74,0.12,0.077
3,22,11,0.19000000000000003,0.13999999999999999,0.091
3,22,12,0.9400000000000001,0.1,0.06300000000000001
3,22,13,1.55,0.06,0.028000000000000004
3,22,14,1.94,0.030000000000000006,0.007000000000000001
3,22,15,2.45,0.01,0.007000000000000001
3,22,16,2.3600000000000003,0.030000000000000006,0.021
3,22,17,1.8799999999999997,0.01,0.014000000000000002
3,22,18,0.9299999999999999,0.0,0.007000000000000001
3,22,19,-0.7299999999999999,0.0,0.0
3,22,20,-1.33,0.01,0.007000000000000001
3,22,21,-1.95,0.01,0.0
3,22,22,-2.2,0.0,0.0
3,22,23,-2.33,0.0,0.0
3,23,0,-2.46,0.0,0.0
3,23,1,-2.62,0.030000000000000006,0.007000000000000001
3,23,2,-2.8,0.15,0.021
3,23,3,-3.0799999999999996,0.11000000000000001,0.007000000000000001
3,23,4,-3.35,0.16,0.028000000000000004
3,23,5,-3.54,0.22000000000000003,0.091
3,23,6,-3.75,0.06999999999999999,0.021
3,23,7,-3.6,0.02,0.007000000000000001
3,23,8,-2.5,0.04,0.007000000000000001
3,23,9,-1.3,0.05,0.007000000000000001
3,23,10,-0.04999999999999991,0.06999999999999999,0.014000000000000002
3,23,11,0.9400000000000001,0.05,0.007000000000000001
3,23,12,1.81,0.030000000000000006,0.007000000000000001
3,23,13,2.41,0.030000000000000006,0.007000000000000001
3,23,14,2.7800000000000002,0.02,0.007000000000000001
3,23,15,3.2399999999999998,0.02,0.0
3,23,16,2.72,0.01,0.0
3,23,17,2.7600000000000002,0.030000000000000006,0.007000000000000001
3,23,18,1.22,0.01,0.0
3,23,19,-0.49000000000000005,0.0,0.0
3,23,20,-1.4700000000000002,0.0,0.0
3,23,21,-2.12,0.0,0.0
3,23,22,-2.6399999999999997,0.0,0.0
3,23,23,-3.1399999999999997,0.0,0.0
3,24,0,-3.3,0.0,0.0
3,24,1,-3.56,0.01,0.007000000000000001
3,24,2,-3.72,0.04,0.028000000000000004
3,24,3,-3.5200000000000005,0.05,0.034999999999999996
3,24,4,-3.56,0.06,0.041999999999999996
3,24,5,-3.5700000000000003,0.04,0.020999999999999998
3,24,6,-3.63,0.030000000000000006,0.014000000000000002
3,24,7,-3.55,0.07999999999999999,0.014000000000000002
3,24,8,-2.4099999999999997,0.11000000000000001,0.020999999999999998
3,24,9,-1.0399999999999998,0.13999999999999999,0.034999999999999996
3,24,10,0.33000000000000007,0.2,0.05600000000000001
3,24,11,1.4,0.13,0.028000000000000004
3,24,12,2.19,0.07,0.014000000000000002
3,24,13,2.88,0.08,0.028000000000000004
3,24,14,3.6,0.08,0.014000000000000002
3,24,15,4.029999999999999,0.05,0.0
3,24,16,4.29,0.01,0.0
3,24,17,3.69,0.09,0.007000000000000001
3,24,18,2.07,0.09,0.0
3,24,19,0.6300000000000001,0.1,0.028000000000000004
3,24,20,-0.06999999999999992,0.1,0.049
3,24,21,-1.0,0.06000000000000001,0.028000000000000004
3,24,22,-1.75,0.02,0.007000000000000001
3,24,23,-2.19,0.0,0.0
3,25,0,-2.67,0.0,0.0
3,25,1,-2.92,0.0,0.0
3,25,2,-2.81,0.0,0.0
3,25,3,-2.83,0.0,0.0
3,25,4,-2.87,0.0,0.0
3,25,5,-3.0,0.0,0.0
3,25,6,-3.18,0.0,0.0
3,25,7,-2.81,0.0,0.0
3,25,8,-1.6800000000000002,0.0,0.0
3,25,9,-0.22000000000000006,0.01,0.007000000000000001
3,25,10,1.05,0.01,0.0
3,25,11,2.09,0.06999999999999999,0.0
3,25,12,3.21,0.02,0.0
3,25,13,4.1,0.05,0.0
3,25,14,4.54,0.05,0.0
3,25,15,5.6,0.01,0.0
3,25,16,5.4799999999999995,0.0,0.0
3,25,17,4.74,0.0,0.0
3,25,18,3.5799999999999996,0.0,0.0
3,25,19,1.86,0.0,0.0
3,25,20,0.97,0.01,0.0
3,25,21,0.41000000000000003,0.0,0.0
3,25,22,-0.08000000000000004,0.0,0.0
3,25,23,-0.7799999999999999,0.0,0.0
3,26,0,-1.4,0.0,0.0
3,26,1,-1.64,0.0,0.0
3,26,2,-1.7600000000000002,0.0,0.0
3,26,3,-1.73,0.0,0.0
3,26,4,-1.5,0.01,0.007000000000000001
3,26,5,-1.69,0.0,0.0
3,26,6,-1.81,0.01,0.0
3,26,7,-1.3699999999999999,0.01,0.007000000000000001
3,26,8,-0.39,0.01,0.007000000000000001
3,26,9,0.73,0.17,0.06300000000000001
3,26,10,1.9,0.12000000000000002,0.007000000000000001
3,26,11,2.8899999999999997,0.25999999999999995,0.007000000000000001
3,26,12,3.6,0.2,0.0
3,26,13,4.3,0.19,0.0
3,26,14,4.75,0.1,0.0
3,26,15,5.279999999999999,0.12000000000000002,0.0
3,26,16,5.33,0.0,0.0
3,26,17,4.68,0.01,0.0
3,26,18,3.7600000000000002,0.0,0.0
3,26,19,2.18,0.0,0.0
3,26,20,1.3699999999999999,0.01,0.007000000000000001
3,26,21,0.7,0.01,0.007000000000000001
3,26,22,-0.049999999999999975,0.02,0.007000000000000001
3,26,23,-0.39,0.04,0.020999999999999998
3,27,0,-0.73,0.06999999999999999,0.041999999999999996
3,27,1,-1.1700000000000002,0.1,0.063
3,27,2,-1.5699999999999998,0.12,0.08399999999999999
3,27,3,-2.13,0.11000000000000001,0.077
3,27,4,-2.33,0.1,0.06999999999999999
3,27,5,-2.6599999999999997,0.09,0.063
3,27,6,-2.7600000000000002,0.12,0.077
3,27,7,-2.27,0.06999999999999999,0.042
3,27,8,-1.3800000000000001,0.1,0.06300000000000001
3,27,9,-0.24000000000000016,0.08,0.049
3,27,10,1.19,0.06999999999999999,0.049
3,27,11,2.4,0.09,0.06300000000000001
3,27,12,3.18,0.07999999999999999,0.049
3,27,13,3.6799999999999997,0.06,0.035
3,27,14,4.09,0.030000000000000006,0.014000000000000002
3,27,15,4.02,0.05,0.014000000000000002
3,27,16,3.95,0.01,0.0
3,27,17,3.7,0.03,0.0
3,27,18,2.85,0.0,0.0
3,27,19,1.2,0.01,0.007000000000000001
3,27,20,0.19999999999999982,0.0,0.0
3,27,21,-1.1800000000000002,0.0,0.0
3,27,22,-2.19,0.0,0.0
3,27,23,-2.66,0.0,0.0
3,28,0,-2.98,0.0,0.0
3,28,1,-3.4299999999999997,0.02,0.014000000000000002
3,28,2,-3.97,0.04,0.028000000000000004
3,28,3,-3.94,0.05,0.035
3,28,4,-4.2700000000000005,0.1,0.06999999999999999
3,28,5,-4.55,0.08,0.05600000000000001
3,28,6,-4.93,0.09,0.05600000000000001
3,28,7,-4.54,0.04,0.007000000000000001
3,28,8,-2.75,0.03,0.0
3,28,9,-0.77,0.06,0.007000000000000001
3,28,10,1.0900000000000003,0.01,0.0
3,28,11,2.2600000000000002,0.04,0.021
3,28,12,3.44,0.05,0.028000000000000004
3,28,13,4.09,0.06999999999999999,0.041999999999999996
3,28,14,4.39,0.1,0.063
3,28,15,4.4399999999999995,0.13,0.077
3,28,16,4.5600000000000005,0.01,0.007000000000000001
3,28,17,4.36,0.01,0.007000000000000001
3,28,18,3.08,0.01,0.007000000000000001
3,28,19,1.46,0.039999999999999994,0.028000000000000004
3,28,20,0.7299999999999999,0.08,0.034999999999999996
3,28,21,0.15000000000000002,0.11000000000000001,0.034999999999999996
3,28,22,-0.41999999999999993,0.16999999999999998,0.05600000000000001
3,28,23,-0.6599999999999999,0.02,0.007000000000000001
3,29,0,-1.2500000000000002,0.0,0.0
3,29,1,-1.95,0.0,0.0
3,29,2,-2.19,0.0,0.0
3,29,3,-2.1,0.0,0.0
3,29,4,-2.15,0.02,0.014000000000000002
3,29,5,-2.38,0.030000000000000006,0.021
3,29,6,-2.6399999999999997,0.0,0.0
3,29,7,-2.2399999999999998,0.01,0.0
3,29,8,-1.04,0.0,0.0
3,29,9,0.23000000000000007,0.06,0.021
3,29,10,1.47,0.07,0.021
3,29,11,2.3600000000000003,0.06,0.020999999999999998
3,29,12,3.0900000000000003,0.08,0.007000000000000001
3,29,13,3.7,0.08,0.0
3,29,14,4.11,0.039999999999999994,0.0
3,29,15,4.62,0.05,0.0
3,29,16,4.49,0.01,0.0
3,29,17,4.05,0.01,0.0
3,29,18,2.95,0.0,0.0
3,29,19,1.3900000000000001,0.09,0.0
3,29,20,0.6099999999999999,0.0,0.007000000000000001
3,29,21,-0.009999999999999964,0.0,0.0
3,29,22,-0.29000000000000015,0.02,0.007000000000000001
3,29,23,-0.75,0.01,0.0
3,30,0,-1.08,0.01,0.007000000000000001
3,30,1,-1.4600000000000002,0.0,0.007000000000000001
3,30,2,-1.73,0.0,0.007000000000000001
3,30,3,-1.61,0.01,0.007000000000000001
3,30,4,-1.85,0.0,0.0
3,30,5,-2.09,0.0,0.0
3,30,6,-2.39,0.0,0.0
3,30,7,-2.1399999999999997,0.0,0.0
3,30,8,-1.1600000000000001,0.0,0.0
3,30,9,-0.010000000000000097,0.0,0.0
3,30,10,1.02,0.0,0.0
3,30,11,2.05,0.0,0.0
3,30,12,2.69,0.0,0.0
3,30,13,3.3600000000000003,0.0,0.0
3,30,14,3.4799999999999995,0.01,0.0
3,30,15,3.18,0.01,0.0
3,30,16,3.0300000000000002,0.03,0.020999999999999998
3,30,17,2.56,0.03,0.028000000000000004
3,30,18,1.6299999999999997,0.030000000000000006,0.014000000000000002
3,30,19,0.7200000000000001,0.04,0.014000000000000002
3,30,20,0.15,0.08,0.021
3,30,21,-0.7599999999999999,0.13,0.021
3,30,22,-1.0699999999999998,0.22000000000000003,0.035
3,30,23,-1.23,0.14,0.042
3,31,0,-1.42,0.16999999999999998,0.05600000000000001
3,31,1,-1.35,0.16,0.049
3,31,2,-1.52,0.16,0.05600000000000001
3,31,3,-1.9899999999999998,0.11000000000000001,0.049
3,31,4,-2.15,0.06,0.028000000000000004
3,31,5,-2.15,0.04,0.014000000000000002
3,31,6,-2.2800000000000002,0.04,0.007000000000000001
3,31,7,-1.9599999999999997,0.06000000000000001,0.007000000000000001
3,31,8,-0.7,0.06999999999999999,0.020999999999999998
3,31,9,0.78,0.06,0.028000000000000004
3,31,10,2.04,0.05,0.028000000000000004
3,31,11,3.07,0.05,0.028000000000000004
3,31,12,3.95,0.04,0.028000000000000004
3,31,13,4.68,0.05,0.035
3,31,14,5.2,0.05,0.028000000000000004
3,31,15,5.01,0.07,0.042
3,31,16,4.96,0.12,0.06999999999999999
3,31,17,4.63,0.15,0.063
3,31,18,3.9799999999999995,0.18,0.063
3,31,19,3.04,0.19,0.049
3,31,20,2.3,0.13999999999999999,0.035
3,31,21,1.97,0.05,0.021
3,31,22,1.7200000000000002,0.08,0.049
3,31,23,1.42,0.13,0.06999999999999999
4,1,0,1.3,0.11000000000000001,0.063
4,1,1,1.06,0.1,0.055999999999999994
4,1,2,0.93,0.11000000000000001,0.055999999999999994
4,1,3,0.39,0.13999999999999999,0.063
4,1,4,0.38999999999999985,0.07,0.042
4,1,5,0.06999999999999984,0.07,0.035
4,1,6,-0.11000000000000006,0.08,0.042
4,1,7,0.23999999999999994,0.11000000000000001,0.035
4,1,8,1.0699999999999998,0.14,0.028000000000000004
4,1,9,1.95,0.06999999999999999,0.020999999999999998
4,1,10,2.95,0.04,0.014000000000000002
4,1,11,4.04,0.01,0.007000000000000001
4,1,12,5.06,0.04,0.0
4,1,13,5.609999999999999,0.030000000000000006,0.0
4,1,14,5.86,0.09,0.041999999999999996
4,1,15,5.779999999999999,0.01,0.007000000000000001
4,1,16,5.76,0.01,0.0
4,1,17,5.18,0.03,0.0
4,1,18,4.39,0.06,0.0
4,1,19,3.4400000000000004,0.030000000000000006,0.007000000000000001
4,1,20,2.82,0.04,0.0
4,1,21,2.55,0.04,0.014000000000000002
4,1,22,2.2199999999999998,0.06999999999999999,0.007000000000000001
4,1,23,1.81,0.09,0.007000000000000001
4,2,0,1.5100000000000002,0.1,0.014000000000000002
4,2,1,1.27,0.17,0.08399999999999999
4,2,2,1.15,0.09,0.020999999999999998
4,2,3,1.1300000000000001,0.11000000000000001,0.049
4,2,4,1.26,0.21000000000000002,0.077
4,2,5,1.26,0.11000000000000001,0.05600000000000001
4,2,6,1.1800000000000002,0.16999999999999998,0.09100000000000001
4,2,7,1.5799999999999998,0.18,0.119
4,2,8,2.34,0.11000000000000001,0.063
4,2,9,3.3299999999999996,0.15,0.063
4,2,10,4.38,0.11000000000000001,0.028000000000000004
4,2,11,5.2299999999999995,0.02,0.007000000000000001
4,2,12,5.95,0.030000000000000006,0.007000000000000001
4,2,13,6.49,0.02,0.0
4,2,14,7.040000000000001,0.04,0.0
4,2,15,7.2,0.12,0.06999999999999999
4,2,16,7.12,0.15,0.10500000000000001
4,2,17,6.81,0.16999999999999998,0.119
4,2,18,6.26,0.03,0.020999999999999998
4,2,19,4.62,0.06999999999999999,0.014000000000000002
4,2,20,3.8899999999999997,0.13,0.041999999999999996
4,2,21,3.25,0.13,0.05600000000000001
4,2,22,2.7800000000000002,0.13,0.077
4,2,23,2.5200000000000005,0.15,0.10500000000000001
4,3,0,2.08,0.11000000000000001,0.077
4,3,1,1.5299999999999998,0.04,0.028000000000000004
4,3,2,1.2100000000000002,0.06999999999999999,0.034999999999999996
4,3,3,0.9800000000000001,0.06999999999999999,0.041999999999999996
4,3,4,1.2,0.13,0.08399999999999999
4,3,5,1.4300000000000002,0.1,0.05600000000000001
4,3,6,1.24,0.06999999999999999,0.041999999999999996
4,3,7,1.7,0.06999999999999999,0.049
4,3,8,2.57,0.1,0.06300000000000001
4,3,9,3.6400000000000006,0.11000000000000001,0.077
4,3,10,4.65,0.13999999999999999,0.06999999999999999
4,3,11,5.54,0.19,0.063
4,3,12,5.85,0.15,0.05600000000000001
4,3,13,6.0,0.12999999999999998,0.049
4,3,14,6.029999999999999,0.09,0.049
4,3,15,6.63,0.09,0.041999999999999996
4,3,16,6.44,0.14,0.034999999999999996
4,3,17,5.779999999999999,0.21000000000000002,0.028000000000000004
4,3,18,4.9399999999999995,0.14,0.020999999999999998
4,3,19,3.5200000000000005,0.12000000000000002,0.020999999999999998
4,3,20,2.48,0.06999999999999999,0.020999999999999998
4,3,21,1.75,0.08,0.028000000000000004
4,3,22,1.3299999999999998,0.09,0.028000000000000004
4,3,23,0.8300000000000001,0.05,0.028000000000000004
4,4,0,0.3599999999999999,0.05,0.020999999999999998
4,4,1,-0.12999999999999998,0.030000000000000006,0.014000000000000002
4,4,2,-0.67,0.02,0.014000000000000002
4,4,3,-0.6299999999999998,0.02,0.014000000000000002
4,4,4,-1.06,0.0,0.007000000000000001
4,4,5,-1.52,0.01,0.0
4,4,6,-1.75,0.01,0.0
4,4,7,-0.9400000000000002,0.0,0.0
4,4,8,0.53,0.0,0.0
4,4,9,1.78,0.0,0.0
4,4,10,3.2,0.01,0.007000000000000001
4,4,11,4.39,0.0,0.0
4,4,12,5.26,0.030000000000000006,0.0
4,4,13,5.79,0.02,0.0
4,4,14,6.09,0.02,0.0
4,4,15,6.0600000000000005,0.030000000000000006,0.0
4,4,16,6.1899999999999995,0.0,0.0
4,4,17,5.99,0.0,0.0
4,4,18,4.93,0.0,0.0
4,4,19,3.3899999999999997,0.0,0.0
4,4,20,2.14,0.0,0.0
4,4,21,1.25,0.0,0.0
4,4,22,0.6000000000000001,0.0,0.0
4,4,23,-0.13,0.0,0.0
4,5,0,-0.8,0.0,0.0
4,5,1,-1.31,0.0,0.0
4,5,2,-1.41,0.0,0.0
4,5,3,-1.55,0.0,0.0
4,5,4,-1.9100000000000001,0.0,0.0
4,5,5,-2.32,0.0,0.0
4,5,6,-2.4099999999999997,0.0,0.0
4,5,7,-1.28,0.0,0.0
4,5,8,0.32,0.030000000000000006,0.021
4,5,9,1.8699999999999999,0.0,0.0
4,5,10,3.2299999999999995,0.01,0.007000000000000001
4,5,11,4.4,0.01,0.007000000000000001
4,5,12,5.430000000000001,0.0,0.0
4,5,13,6.2,0.0,0.0
4,5,14,6.42,0.02,0.014000000000000002
4,5,15,6.470000000000001,0.0,0.0
4,5,16,6.44,0.0,0.0
4,5,17,5.99,0.0,0.0
4,5,18,5.21,0.0,0.0
4,5,19,3.9,0.0,0.0
4,5,20,2.86,0.0,0.0
4,5,21,2.17,0.01,0.007000000000000001
4,5,22,1.8699999999999999,0.0,0.007000000000000001
4,5,23,1.6400000000000001,0.01,0.014000000000000002
4,6,0,1.1800000000000002,0.01,0.014000000000000002
4,6,1,0.7699999999999999,0.01,0.007000000000000001
4,6,2,0.5800000000000001,0.02,0.014000000000000002
4,6,3,0.53,0.030000000000000006,0.014000000000000002
4,6,4,0.45,0.030000000000000006,0.014000000000000002
4,6,5,0.39,0.04,0.020999999999999998
4,6,6,0.22000000000000006,0.06000000000000001,0.042
4,6,7,0.78,0.06,0.041999999999999996
4,6,8,2.0,0.02,0.014000000000000002
4,6,9,3.3699999999999997,0.0,0.0
4,6,10,4.68,0.03,0.014000000000000002
4,6,11,5.99,0.01,0.0
4,6,12,6.840000000000001,0.01,0.0
4,6,13,7.45,0.01,0.0
4,6,14,7.94,0.0,0.0
4,6,15,8.74,0.030000000000000006,0.0
4,6,16,8.459999999999999,0.0,0.0
4,6,17,7.959999999999999,0.0,0.0
4,6,18,7.2,0.0,0.0
4,6,19,5.779999999999999,0.19,0.133
4,6,20,4.529999999999999,0.01,0.007000000000000001
4,6,21,3.5300000000000002,0.0,0.0
4,6,22,2.6399999999999997,0.04,0.0
4,6,23,1.7599999999999998,0.06999999999999999,0.0
4,7,0,1.27,0.08,0.0
4,7,1,0.61,0.01,0.0
4,7,2,0.13000000000000006,0.02,0.0
4,7,3,-0.18999999999999995,0.01,0.0
4,7,4,-0.33000000000000007,0.0,0.0
4,7,5,-0.38,0.0,0.0
4,7,6,-0.53,0.01,0.0
4,7,7,0.48,0.02,0.0
4,7,8,1.9899999999999998,0.030000000000000006,0.014000000000000002
4,7,9,3.66,0.07999999999999999,0.041999999999999996
4,7,10,5.07,0.06,0.034999999999999996
4,7,11,6.279999999999999,0.08,0.007000000000000001
4,7,12,7.25,0.16,0.0
4,7,13,8.0,0.14,0.0
4,7,14,8.629999999999999,0.06999999999999999,0.0
4,7,15,9.35,0.11000000000000001,0.0
4,7,16,9.28,0.0,0.0
4,7,17,8.98,0.0,0.0
4,7,18,8.15,0.01,0.0
4,7,19,6.7,0.01,0.0
4,7,20,5.37,0.030000000000000006,0.0
4,7,21,4.4,0.06,0.0
4,7,22,3.54,0.1,0.0
4,7,23,2.7199999999999998,0.16999999999999998,0.0
4,8,0,2.3099999999999996,0.07999999999999999,0.007000000000000001
4,8,1,2.0300000000000002,0.03,0.0
4,8,2,1.61,0.06000000000000001,0.0
4,8,3,1.9600000000000002,0.03,0.0
4,8,4,2.06,0.05,0.0
4,8,5,1.9100000000000001,0.04,0.0
4,8,6,1.85,0.03,0.0
4,8,7,2.81,0.19,0.0
4,8,8,4.15,0.11000000000000001,0.0
4,8,9,5.6,0.15,0.05600000000000001
4,8,10,6.92,0.17,0.091
4,8,11,8.2,0.13999999999999999,0.091
4,8,12,9.129999999999999,0.12,0.077
4,8,13,9.85,0.09,0.049
4,8,14,10.4,0.06999999999999999,0.014000000000000002
4,8,15,10.33,0.07999999999999999,0.0
4,8,16,10.45,0.04,0.0
4,8,17,10.33,0.03,0.0
4,8,18,9.49,0.06000000000000001,0.0
4,8,19,8.2,0.030000000000000006,0.007000000000000001
4,8,20,7.109999999999999,0.0,0.0
4,8,21,6.2,0.0,0.0
4,8,22,5.470000000000001,0.02,0.0
4,8,23,4.9799999999999995,0.05,0.0
4,9,0,4.35,0.06999999999999999,0.0
4,9,1,3.8200000000000003,0.13,0.0
4,9,2,3.16,0.21000000000000002,0.0
4,9,3,3.0,0.11000000000000001,0.0
4,9,4,2.46,0.05,0.0
4,9,5,1.92,0.0,0.0
4,9,6,1.67,0.0,0.0
4,9,7,2.92,0.0,0.0
4,9,8,4.63,0.04,0.0
4,9,9,6.55,0.06,0.0
4,9,10,8.4,0.02,0.0
4,9,11,10.0,0.01,0.0
4,9,12,11.3,0.030000000000000006,0.0
4,9,13,12.2,0.030000000000000006,0.0
4,9,14,12.65,0.01,0.0
4,9,15,13.209999999999999,0.05,0.0
4,9,16,13.559999999999999,0.0,0.0
4,9,17,13.319999999999999,0.0,0.0
4,9,18,12.32,0.0,0.0
4,9,19,10.43,0.0,0.0
4,9,20,8.98,0.0,0.0
4,9,21,7.709999999999999,0.0,0.0
4,9,22,6.87,0.02,0.0
4,9,23,6.510000000000001,0.02,0.0
4,10,0,6.0200000000000005,0.030000000000000006,0.0
4,10,1,5.51,0.03,0.0
4,10,2,5.07,0.03,0.0
4,10,3,5.09,0.12,0.0
4,10,4,4.85,0.07999999999999999,0.0
4,10,5,4.71,0.2,0.0
4,10,6,4.65,0.09,0.0
4,10,7,5.62,0.039999999999999994,0.0
4,10,8,7.15,0.030000000000000006,0.0
4,10,9,8.53,0.05,0.0
4,10,10,9.809999999999999,0.06999999999999999,0.0
4,10,11,10.88,0.02,0.0
4,10,12,11.55,0.05,0.0
4,10,13,12.22,0.030000000000000006,0.0
4,10,14,12.7,0.01,0.0
4,10,15,12.98,0.15,0.0
4,10,16,12.84,0.0,0.0
4,10,17,12.55,0.0,0.0
4,10,18,11.45,0.0,0.0
4,10,19,9.41,0.12,0.0
4,10,20,7.459999999999999,0.06,0.0
4,10,21,6.5,0.04,0.0
4,10,22,5.24,0.0,0.0
4,10,23,4.6,0.0,0.0
4,11,0,4.08,0.0,0.0
4,11,1,3.8600000000000003,0.0,0.0
4,11,2,3.59,0.0,0.0
4,11,3,3.7600000000000002,0.05,0.028000000000000004
4,11,4,3.6700000000000004,0.25999999999999995,0.05600000000000001
4,11,5,3.34,0.19,0.08399999999999999
4,11,6,3.2,0.04,0.014000000000000002
4,11,7,4.32,0.02,0.014000000000000002
4,11,8,5.65,0.0,0.0
4,11,9,6.92,0.13,0.049
4,11,10,8.209999999999999,0.14,0.007000000000000001
4,11,11,9.1,0.19,0.014000000000000002
4,11,12,9.76,0.13,0.028000000000000004
4,11,13,10.18,0.12000000000000002,0.007000000000000001
4,11,14,10.65,0.02,0.007000000000000001
4,11,15,11.39,0.03,0.0
4,11,16,11.52,0.0,0.0
4,11,17,11.16,0.0,0.0
4,11,18,10.309999999999999,0.0,0.0
4,11,19,8.45,0.01,0.0
4,11,20,6.4399999999999995,0.0,0.0
4,11,21,5.279999999999999,0.01,0.0
4,11,22,4.35,0.05,0.0
4,11,23,3.3899999999999997,0.13,0.0
4,12,0,2.68,0.16,0.0
4,12,1,2.1399999999999997,0.15,0.0
4,12,2,1.73,0.1,0.0
4,12,3,1.4899999999999998,0.06,0.0
4,12,4,1.17,0.039999999999999994,0.0
4,12,5,0.9899999999999999,0.01,0.0
4,12,6,1.05,0.01,0.007000000000000001
4,12,7,2.28,0.02,0.007000000000000001
4,12,8,4.46,0.01,0.007000000000000001
4,12,9,6.38,0.01,0.007000000000000001
4,12,10,8.02,0.030000000000000006,0.007000000000000001
4,12,11,9.05,0.13,0.020999999999999998
4,12,12,10.09,0.0,0.0
4,12,13,10.86,0.01,0.0
4,12,14,11.2,0.1,0.0
4,12,15,10.97,0.02,0.0
4,12,16,11.120000000000001,0.0,0.0
4,12,17,10.83,0.030000000000000006,0.0
4,12,18,9.92,0.02,0.0
4,12,19,8.82,0.0,0.0
4,12,20,7.3100000000000005,0.12,0.0
4,12,21,5.83,0.0,0.0
4,12,22,4.95,0.01,0.0
4,12,23,4.43,0.01,0.0
4,13,0,3.9299999999999997,0.02,0.0
4,13,1,3.4,0.0,0.0
4,13,2,3.05,0.030000000000000006,0.007000000000000001
4,13,3,2.7800000000000002,0.01,0.007000000000000001
4,13,4,2.41,0.02,0.014000000000000002
4,13,5,2.09,0.01,0.007000000000000001
4,13,6,2.1399999999999997,0.0,0.0
4,13,7,3.55,0.0,0.0
4,13,8,5.2700000000000005,0.05,0.014000000000000002
4,13,9,6.75,0.06,0.007000000000000001
4,13,10,8.15,0.04,0.0
4,13,11,9.389999999999999,0.02,0.0
4,13,12,10.25,0.02,0.0
4,13,13,11.09,0.03,0.0
4,13,14,11.53,0.04,0.0
4,13,15,12.05,0.04,0.0
4,13,16,11.870000000000001,0.05,0.0
4,13,17,11.33,0.04,0.0
4,13,18,10.440000000000001,0.03,0.0
4,13,19,9.05,0.02,0.0
4,13,20,8.11,0.01,0.0
4,13,21,7.220000000000001,0.0,0.0
4,13,22,6.57,0.01,0.0
4,13,23,5.79,0.01,0.0
4,14,0,5.4,0.01,0.007000000000000001
4,14,1,4.95,0.02,0.014000000000000002
4,14,2,4.3,0.02,0.014000000000000002
4,14,3,4.16,0.02,0.007000000000000001
4,14,4,3.87,0.01,0.007000000000000001
4,14,5,3.54,0.01,0.007000000000000001
4,14,6,3.45,0.02,0.007000000000000001
4,14,7,4.33,0.04,0.007000000000000001
4,14,8,5.409999999999999,0.06,0.0
4,14,9,6.36,0.05,0.0
4,14,10,7.220000000000001,0.09,0.0
4,14,11,8.08,0.1,0.007000000000000001
4,14,12,8.84,0.1,0.007000000000000001
4,14,13,9.49,0.06999999999999999,0.014000000000000002
4,14,14,10.14,0.05,0.028000000000000004
4,14,15,10.41,0.06999999999999999,0.034999999999999996
4,14,16,10.32,0.1,0.034999999999999996
4,14,17,9.78,0.12,0.049
4,14,18,8.91,0.11000000000000001,0.063
4,14,19,7.2,0.09,0.041999999999999996
4,14,20,5.65,0.13,0.028000000000000004
4,14,21,4.84,0.16,0.028000000000000004
4,14,22,4.2700000000000005,0.13999999999999999,0.063
4,14,23,4.13,0.2,0.06999999999999999
4,15,0,3.54,0.15,0.063
4,15,1,3.0,0.1,0.049
4,15,2,2.66,0.06,0.041999999999999996
4,15,3,2.7,0.03,0.020999999999999998
4,15,4,2.2199999999999998,0.0,0.0
4,15,5,1.6200000000000003,0.0,0.0
4,15,6,1.46,0.0,0.0
4,15,7,2.62,0.0,0.0
4,15,8,4.12,0.0,0.0
4,15,9,5.4,0.0,0.0
4,15,10,6.640000000000001,0.02,0.0
4,15,11,7.68,0.01,0.0
4,15,12,8.55,0.0,0.0
4,15,13,9.22,0.030000000000000006,0.0
4,15,14,9.9,0.0,0.0
4,15,15,10.03,0.02,0.0
4,15,16,9.84,0.16999999999999998,0.0
4,15,17,9.44,0.04,0.0
4,15,18,8.629999999999999,0.04,0.014000000000000002
4,15,19,6.93,0.01,0.0
4,15,20,5.47,0.03,0.0
4,15,21,4.55,0.02,0.0
4,15,22,3.6100000000000003,0.08,0.0
4,15,23,3.13,0.07999999999999999,0.0
4,16,0,2.69,0.12,0.020999999999999998
4,16,1,2.2700000000000005,0.13,0.014000000000000002
4,16,2,1.94,0.19,0.007000000000000001
4,16,3,1.8699999999999999,0.18,0.0
4,16,4,1.85,0.13,0.0
4,16,5,1.3800000000000001,0.1,0.0
4,16,6,1.3599999999999999,0.06999999999999999,0.0
4,16,7,2.4699999999999998,0.06999999999999999,0.0
4,16,8,3.7,0.12,0.0
4,16,9,5.03,0.13,0.0
4,16,10,5.9799999999999995,0.16,0.041999999999999996
4,16,11,6.95,0.24,0.05600000000000001
4,16,12,7.67,0.29,0.08399999999999999
4,16,13,8.35,0.22999999999999998,0.041999999999999996
4,16,14,8.65,0.16,0.007000000000000001
4,16,15,9.3,0.15,0.035
4,16,16,9.43,0.32,0.041999999999999996
4,16,17,8.98,0.31,0.06999999999999999
4,16,18,8.45,0.12000000000000002,0.020999999999999998
4,16,19,7.25,0.06,0.0
4,16,20,6.3100000000000005,0.05,0.0
4,16,21,5.720000000000001,0.030000000000000006,0.0
4,16,22,4.79,0.02,0.0
4,16,23,4.2299999999999995,0.06,0.020999999999999998
4,17,0,3.65,0.030000000000000006,0.0
4,17,1,3.1399999999999997,0.08,0.0
4,17,2,2.96,0.030000000000000006,0.0
4,17,3,2.8899999999999997,0.05,0.0
4,17,4,2.6,0.06999999999999999,0.0
4,17,5,1.83,0.2,0.007000000000000001
4,17,6,1.9300000000000002,0.12000000000000002,0.007000000000000001
4,17,7,2.88,0.1,0.007000000000000001
4,17,8,4.15,0.06999999999999999,0.007000000000000001
4,17,9,5.61,0.0,0.0
4,17,10,6.88,0.05,0.0
4,17,11,8.05,0.01,0.0
4,17,12,9.09,0.04,0.007000000000000001
4,17,13,9.97,0.03,0.0
4,17,14,10.39,0.04,0.0
4,17,15,10.219999999999999,0.04,0.0
4,17,16,10.459999999999999,0.04,0.0
4,17,17,10.290000000000001,0.04,0.0
4,17,18,9.57,0.08,0.0
4,17,19,8.129999999999999,0.0,0.0
4,17,20,6.590000000000001,0.0,0.0
4,17,21,5.79,0.0,0.0
4,17,22,4.87,0.0,0.0
4,17,23,3.91,0.01,0.0
4,18,0,3.2700000000000005,0.02,0.0
4,18,1,2.8,0.01,0.0
4,18,2,2.21,0.12,0.0
4,18,3,2.21,0.0,0.0
4,18,4,1.6799999999999997,0.01,0.0
4,18,5,1.39,0.02,0.0
4,18,6,1.6800000000000002,0.0,0.0
4,18,7,3.31,0.0,0.0
4,18,8,5.0200000000000005,0.05,0.0
4,18,9,6.4799999999999995,0.02,0.007000000000000001
4,18,10,7.76,0.06999999999999999,0.007000000000000001
4,18,11,8.6,0.05,0.0
4,18,12,9.15,0.09,0.0
4,18,13,9.290000000000001,0.1,0.0
4,18,14,9.43,0.12999999999999998,0.0
4,18,15,9.559999999999999,0.12,0.0
4,18,16,9.25,0.05,0.0
4,18,17,8.6,0.12,0.0
4,18,18,7.92,0.22999999999999998,0.0
4,18,19,6.85,0.12,0.0
4,18,20,5.59,0.06999999999999999,0.0
4,18,21,4.82,0.11000000000000001,0.0
4,18,22,4.2,0.11000000000000001,0.0
4,18,23,3.7,0.11000000000000001,0.0
4,19,0,3.3200000000000003,0.15,0.0
4,19,1,2.87,0.06000000000000001,0.0
4,19,2,2.43,0.05,0.0
4,19,3,2.27,0.06,0.0
4,19,4,2.05,0.08,0.0
4,19,5,1.94,0.13,0.0
4,19,6,2.34,0.01,0.0
4,19,7,3.25,0.02,0.0
4,19,8,4.55,0.02,0.0
4,19,9,6.06,0.01,0.0
4,19,10,7.459999999999999,0.01,0.0
4,19,11,8.68,0.02,0.0
4,19,12,9.65,0.02,0.0
4,19,13,10.059999999999999,0.02,0.0
4,19,14,10.22,0.05,0.0
4,19,15,10.58,0.030000000000000006,0.0
4,19,16,10.32,0.0,0.0
4,19,17,9.66,0.030000000000000006,0.0
4,19,18,8.86,0.02,0.0
4,19,19,7.470000000000001,0.0,0.0
4,19,20,5.99,0.01,0.0
4,19,21,4.7700000000000005,0.0,0.0
4,19,22,4.0,0.0,0.0
4,19,23,3.25,0.0,0.0
4,20,0,2.9899999999999998,0.0,0.0
4,20,1,2.57,0.01,0.0
4,20,2,1.77,0.01,0.0
4,20,3,1.83,0.0,0.0
4,20,4,1.6,0.0,0.007000000000000001
4,20,5,1.3800000000000001,0.0,0.0
4,20,6,1.5699999999999998,0.0,0.0
4,20,7,2.9200000000000004,0.0,0.0
4,20,8,4.57,0.02,0.007000000000000001
4,20,9,6.16,0.030000000000000006,0.014000000000000002
4,20,10,7.65,0.05,0.007000000000000001
4,20,11,8.690000000000001,0.030000000000000006,0.0
4,20,12,9.34,0.05,0.007000000000000001
4,20,13,9.809999999999999,0.030000000000000006,0.007000000000000001
4,20,14,10.07,0.06000000000000001,0.0
4,20,15,10.129999999999999,0.05,0.007000000000000001
4,20,16,9.33,0.15999999999999998,0.007000000000000001
4,20,17,9.14,0.11000000000000001,0.014000000000000002
4,20,18,8.52,0.039999999999999994,0.007000000000000001
4,20,19,7.159999999999999,0.09,0.014000000000000002
4,20,20,5.5,0.06,0.007000000000000001
4,20,21,5.05,0.03,0.007000000000000001
4,20,22,4.3,0.039999999999999994,0.007000000000000001
4,20,23,3.3899999999999997,0.11000000000000001,0.034999999999999996
4,21,0,2.67,0.05,0.007000000000000001
4,21,1,2.34,0.04,0.0
4,21,2,2.04,0.05,0.007000000000000001
4,21,3,2.2399999999999998,0.04,0.007000000000000001
4,21,4,2.18,0.1,0.020999999999999998
4,21,5,2.09,0.11000000000000001,0.041999999999999996
4,21,6,2.42,0.11000000000000001,0.05600000000000001
4,21,7,3.6700000000000004,0.14,0.063
4,21,8,4.93,0.09,0.020999999999999998
4,21,9,6.39,0.05,0.007000000000000001
4,21,10,7.779999999999999,0.11000000000000001,0.014000000000000002
4,21,11,8.83,0.12000000000000002,0.007000000000000001
4,21,12,9.92,0.21000000000000002,0.0
4,21,13,10.459999999999999,0.19,0.0
4,21,14,10.86,0.2,0.0
4,21,15,11.26,0.04,0.0
4,21,16,11.15,0.13,0.0
4,21,17,10.61,0.05,0.0
4,21,18,10.15,0.01,0.0
4,21,19,8.870000000000001,0.11000000000000001,0.0
4,21,20,7.85,0.03,0.0
4,21,21,6.959999999999999,0.05,0.0
4,21,22,5.84,0.02,0.0
4,21,23,5.220000000000001,0.01,0.0
4,22,0,4.7299999999999995,0.04,0.0
4,22,1,4.16,0.04,0.0
4,22,2,3.94,0.01,0.0
4,22,3,4.13,0.0,0.0
4,22,4,3.7,0.0,0.0
4,22,5,3.4200000000000004,0.0,0.0
4,22,6,3.59,0.0,0.0
4,22,7,4.71,0.0,0.0
4,22,8,6.05,0.0,0.0
4,22,9,7.31,0.02,0.0
4,22,10,8.51,0.01,0.0
4,22,11,9.22,0.04,0.014000000000000002
4,22,12,9.65,0.030000000000000006,0.0
4,22,13,10.129999999999999,0.01,0.0
4,22,14,10.23,0.1,0.0
4,22,15,10.85,0.12999999999999998,0.0
4,22,16,10.4,0.18,0.0
4,22,17,9.79,0.2,0.0
4,22,18,9.26,0.05,0.0
4,22,19,8.11,0.03,0.0
4,22,20,6.590000000000001,0.05,0.0
4,22,21,5.779999999999999,0.06,0.0
4,22,22,4.95,0.06,0.0
4,22,23,4.0600000000000005,0.05,0.007000000000000001
4,23,0,3.9299999999999997,0.04,0.007000000000000001
4,23,1,3.5,0.06000000000000001,0.007000000000000001
4,23,2,3.31,0.06,0.007000000000000001
4,23,3,3.45,0.06000000000000001,0.0
4,23,4,3.1100000000000003,0.05,0.0
4,23,5,2.91,0.01,0.0
4,23,6,3.31,0.0,0.0
4,23,7,4.49,0.02,0.0
4,23,8,5.82,0.02,0.0
4,23,9,7.279999999999999,0.030000000000000006,0.0
4,23,10,8.48,0.02,0.0
4,23,11,9.89,0.02,0.007000000000000001
4,23,12,10.790000000000001,0.030000000000000006,0.0
4,23,13,11.24,0.18,0.007000000000000001
4,23,14,11.55,0.0,0.0
4,23,15,11.790000000000001,0.02,0.0
4,23,16,11.77,0.04,0.0
4,23,17,11.28,0.15,0.0
4,23,18,10.540000000000001,0.16,0.0
4,23,19,9.120000000000001,0.09,0.0
4,23,20,7.25,0.15,0.0
4,23,21,5.85,0.06999999999999999,0.0
4,23,22,4.8100000000000005,0.06999999999999999,0.0
4,23,23,4.14,0.01,0.0
4,24,0,3.29,0.01,0.0
4,24,1,2.9899999999999998,0.04,0.0
4,24,2,2.31,0.04,0.0
4,24,3,2.44,0.0,0.0
4,24,4,1.6,0.04,0.0
4,24,5,1.23,0.04,0.0
4,24,6,2.06,0.06999999999999999,0.0
4,24,7,3.8299999999999996,0.09,0.0
4,24,8,5.569999999999999,0.15,0.007000000000000001
4,24,9,7.26,0.14,0.034999999999999996
4,24,10,8.57,0.11000000000000001,0.0
4,24,11,9.73,0.12,0.007000000000000001
4,24,12,10.690000000000001,0.13,0.007000000000000001
4,24,13,11.39,0.06,0.0
4,24,14,11.7,0.11000000000000001,0.0
4,24,15,11.57,0.22000000000000003,0.0
4,24,16,11.45,0.22000000000000003,0.0
4,24,17,11.44,0.16999999999999998,0.0
4,24,18,10.97,0.06999999999999999,0.0
4,24,19,9.68,0.07999999999999999,0.0
4,24,20,7.9,0.05,0.0
4,24,21,7.2,0.08,0.0
4,24,22,6.69,0.04,0.0
4,24,23,6.24,0.04,0.0
4,25,0,5.83,0.01,0.0
4,25,1,5.45,0.04,0.0
4,25,2,5.15,0.0,0.0
4,25,3,5.2,0.12,0.0
4,25,4,4.8,0.05,0.0
4,25,5,4.55,0.06,0.0
4,25,6,5.0,0.04,0.0
4,25,7,6.140000000000001,0.16999999999999998,0.0
4,25,8,7.609999999999999,0.030000000000000006,0.0
4,25,9,9.25,0.0,0.0
4,25,10,10.69,0.01,0.0
4,25,11,11.74,0.01,0.0
4,25,12,12.47,0.04,0.0
4,25,13,13.11,0.04,0.0
4,25,14,13.41,0.030000000000000006,0.0
4,25,15,13.51,0.06000000000000001,0.0
4,25,16,13.45,0.13,0.0
4,25,17,13.09,0.09,0.0
4,25,18,12.49,0.2,0.0
4,25,19,11.2,0.0,0.0
4,25,20,9.17,0.0,0.0
4,25,21,8.47,0.01,0.0
4,25,22,7.62,0.02,0.0
4,25,23,7.159999999999999,0.02,0.0
4,26,0,6.779999999999999,0.03,0.0
4,26,1,6.2700000000000005,0.07999999999999999,0.0
4,26,2,5.96,0.09,0.0
4,26,3,5.779999999999999,0.08,0.0
4,26,4,5.7299999999999995,0.02,0.0
4,26,5,5.709999999999999,0.06999999999999999,0.0
4,26,6,6.09,0.06,0.0
4,26,7,7.43,0.12000000000000002,0.0
4,26,8,8.940000000000001,0.09,0.0
4,26,9,10.28,0.09,0.0
4,26,10,11.379999999999999,0.04,0.0
4,26,11,12.290000000000001,0.11000000000000001,0.0
4,26,12,12.9,0.13,0.0
4,26,13,13.35,0.35,0.0
4,26,14,13.819999999999999,0.3,0.0
4,26,15,14.819999999999999,0.33999999999999997,0.0
4,26,16,14.559999999999999,0.12,0.0
4,26,17,14.23,0.29,0.0
4,26,18,13.709999999999999,0.11000000000000001,0.0
4,26,19,12.15,0.25,0.0
4,26,20,10.16,0.24,0.0
4,26,21,9.34,0.09,0.0
4,26,22,8.690000000000001,0.21000000000000002,0.0
4,26,23,7.92,0.22999999999999998,0.0
4,27,0,7.42,0.24000000000000005,0.0
4,27,1,6.92,0.12,0.0
4,27,2,6.529999999999999,0.09,0.0
4,27,3,6.7,0.1,0.0
4,27,4,6.220000000000001,0.08,0.0
4,27,5,5.74,0.05,0.0
4,27,6,6.2299999999999995,0.02,0.007000000000000001
4,27,7,7.470000000000001,0.03,0.014000000000000002
4,27,8,8.92,0.05,0.014000000000000002
4,27,9,10.24,0.05,0.0
4,27,10,11.36,0.17,0.0
4,27,11,11.96,0.27,0.0
4,27,12,12.48,0.85,0.0
4,27,13,12.72,0.5,0.020999999999999998
4,27,14,13.02,0.51,0.0
4,27,15,12.940000000000001,0.21000000000000002,0.0
4,27,16,13.080000000000002,0.12,0.0
4,27,17,12.620000000000001,0.4699999999999999,0.0
4,27,18,11.74,0.26,0.0
4,27,19,10.69,0.2,0.0
4,27,20,9.559999999999999,0.2,0.0
4,27,21,8.15,0.17,0.0
4,27,22,7.32,0.17,0.0
4,27,23,6.7299999999999995,0.21000000000000002,0.0
4,28,0,6.15,0.21000000000000002,0.0
4,28,1,5.590000000000001,0.11000000000000001,0.0
4,28,2,5.11,0.09,0.0
4,28,3,5.0600000000000005,0.05,0.0
4,28,4,4.87,0.01,0.0
4,28,5,4.53,0.02,0.0
4,28,6,4.9399999999999995,0.01,0.0
4,28,7,5.9,0.06,0.0
4,28,8,7.01,0.06,0.0
4,28,9,8.08,0.03,0.0
4,28,10,9.239999999999998,0.13,0.0
4,28,11,10.32,0.13,0.0
4,28,12,11.120000000000001,0.04,0.0
4,28,13,11.65,0.04,0.0
4,28,14,12.02,0.06999999999999999,0.0
4,28,15,12.370000000000001,0.06000000000000001,0.0
4,28,16,12.33,0.13,0.0
4,28,17,11.940000000000001,0.06999999999999999,0.0
4,28,18,11.33,0.06999999999999999,0.0
4,28,19,10.25,0.04,0.0
4,28,20,8.99,0.01,0.0
4,28,21,7.709999999999999,0.06999999999999999,0.0
4,28,22,7.38,0.02,0.0
4,28,23,6.83,0.05,0.0
4,29,0,6.340000000000001,0.1,0.0
4,29,1,5.63,0.17,0.0
4,29,2,4.93,0.16999999999999998,0.0
4,29,3,4.65,0.15,0.0
4,29,4,4.12,0.17,0.0
4,29,5,3.75,0.24,0.0
4,29,6,4.25,0.33999999999999997,0.0
4,29,7,5.8100000000000005,0.16999999999999998,0.0
4,29,8,7.6,0.21000000000000002,0.0
4,29,9,9.180000000000001,0.1,0.0
4,29,10,10.89,0.0,0.0
4,29,11,12.17,0.01,0.0
4,29,12,13.040000000000001,0.0,0.0
4,29,13,13.45,0.01,0.0
4,29,14,13.76,0.030000000000000006,0.0
4,29,15,14.49,0.0,0.0
4,29,16,14.569999999999999,0.0,0.0
4,29,17,14.51,0.0,0.0
4,29,18,13.75,0.0,0.0
4,29,19,12.16,0.0,0.0
4,29,20,9.93,0.03,0.0
4,29,21,8.77,0.01,0.0
4,29,22,7.540000000000001,0.0,0.0
4,29,23,6.65,0.0,0.0
4,30,0,6.21,0.0,0.0
4,30,1,5.92,0.0,0.0
4,30,2,5.49,0.0,0.0
4,30,3,5.5,0.0,0.0
4,30,4,4.86,0.0,0.0
4,30,5,4.33,0.0,0.0
4,30,6,5.15,0.0,0.0
4,30,7,6.859999999999999,0.0,0.0
4,30,8,8.620000000000001,0.0,0.0
4,30,9,10.05,0.0,0.0
4,30,10,11.24,0.01,0.0
4,30,11,12.16,0.030000000000000006,0.0
4,30,12,12.969999999999999,0.05,0.0
4,30,13,13.55,0.02,0.0
4,30,14,13.91,0.0,0.0
4,30,15,14.34,0.01,0.0
4,30,16,14.45,0.01,0.0
4,30,17,14.26,0.0,0.0
4,30,18,13.780000000000001,0.04,0.0
4,30,19,12.559999999999999,0.06999999999999999,0.0
4,30,20,11.08,0.08,0.0
4,30,21,9.83,0.16,0.0
4,30,22,8.84,0.18,0.0
4,30,23,8.17,0.09,0.0
5,1,0,7.45,0.14,0.0
5,1,1,6.95,0.04,0.0
5,1,2,6.33,0.09,0.0
5,1,3,6.16,0.12,0.0
5,1,4,5.6899999999999995,0.04,0.0
5,1,5,5.279999999999999,0.0,0.0
5,1,6,5.96,0.01,0.0
5,1,7,7.44,0.0,0.0
5,1,8,9.05,0.06999999999999999,0.0
5,1,9,10.47,0.01,0.0
5,1,10,11.73,0.05,0.0
5,1,11,12.73,0.16999999999999998,0.0
5,1,12,13.430000000000001,0.13,0.0
5,1,13,14.02,0.030000000000000006,0.0
5,1,14,14.37,0.02,0.0
5,1,15,15.110000000000003,0.02,0.0
5,1,16,15.23,0.03,0.0
5,1,17,15.1,0.14,0.0
5,1,18,14.290000000000001,0.19,0.0
5,1,19,12.940000000000001,0.1,0.0
5,1,20,10.92,0.02,0.0
5,1,21,9.629999999999999,0.06999999999999999,0.0
5,1,22,8.9,0.03,0.0
5,1,23,8.17,0.02,0.0
5,2,0,7.2700000000000005,0.0,0.0
5,2,1,6.94,0.0,0.0
5,2,2,6.56,0.01,0.0
5,2,3,6.26,0.03,0.0
5,2,4,5.91,0.04,0.0
5,2,5,5.43,0.08,0.0
5,2,6,6.33,0.09,0.0
5,2,7,7.890000000000001,0.03,0.0
5,2,8,9.8,0.01,0.0
5,2,9,11.559999999999999,0.0,0.0
5,2,10,13.02,0.01,0.0
5,2,11,14.059999999999999,0.0,0.0
5,2,12,14.77,0.01,0.0
5,2,13,15.3,0.02,0.0
5,2,14,15.959999999999999,0.02,0.0
5,2,15,16.369999999999997,0.18,0.0
5,2,16,16.15,0.02,0.0
5,2,17,15.709999999999999,0.0,0.0
5,2,18,14.969999999999999,0.0,0.0
5,2,19,13.63,0.0,0.0
5,2,20,11.889999999999999,0.0,0.0
5,2,21,10.6,0.0,0.0
5,2,22,9.629999999999999,0.02,0.0
5,2,23,9.28,0.039999999999999994,0.0
5,3,0,9.16,0.02,0.0
5,3,1,8.59,0.0,0.0
5,3,2,7.87,0.0,0.0
5,3,3,7.35,0.04,0.0
5,3,4,7.159999999999999,0.11000000000000001,0.0
5,3,5,7.109999999999999,0.24000000000000005,0.0
5,3,6,7.760000000000001,0.35,0.0
5,3,7,8.98,0.12,0.0
5,3,8,10.18,0.24,0.0
5,3,9,11.27,0.20999999999999996,0.0
5,3,10,12.43,0.17,0.0
5,3,11,13.780000000000001,0.06999999999999999,0.0
5,3,12,14.62,0.07,0.0
5,3,13,15.059999999999999,0.08,0.0
5,3,14,15.55,0.1,0.0
5,3,15,16.48,0.16,0.0
5,3,16,16.09,0.16999999999999998,0.0
5,3,17,15.719999999999999,0.19,0.0
5,3,18,15.030000000000001,0.06999999999999999,0.0
5,3,19,13.76,0.05,0.0
5,3,20,11.870000000000001,0.04,0.0
5,3,21,10.48,0.04,0.0
5,3,22,9.58,0.05,0.0
5,3,23,8.91,0.06,0.0
5,4,0,7.6,0.08,0.0
5,4,1,6.7,0.08,0.0
5,4,2,6.0,0.06,0.0
5,4,3,5.93,0.03,0.0
5,4,4,5.48,0.030000000000000006,0.0
5,4,5,5.0200000000000005,0.039999999999999994,0.0
5,4,6,5.7,0.039999999999999994,0.0
5,4,7,7.1,0.05,0.0
5,4,8,8.620000000000001,0.06999999999999999,0.0
5,4,9,9.89,0.06,0.0
5,4,10,10.940000000000001,0.06000000000000001,0.0
5,4,11,11.6,0.11000000000000001,0.0
5,4,12,12.21,0.12,0.0
5,4,13,12.54,0.13999999999999999,0.0
5,4,14,12.85,0.15999999999999998,0.028000000000000004
5,4,15,13.12,0.15,0.0
5,4,16,13.440000000000001,0.04,0.0
5,4,17,13.15,0.03,0.0
5,4,18,12.53,0.09,0.0
5,4,19,11.55,0.030000000000000006,0.0
5,4,20,10.22,0.05,0.0
5,4,21,9.01,0.01,0.0
5,4,22,8.23,0.04,0.0
5,4,23,7.459999999999999,0.02,0.0
5,5,0,6.709999999999999,0.030000000000000006,0.0
5,5,1,6.0600000000000005,0.02,0.0
5,5,2,5.609999999999999,0.08,0.0
5,5,3,5.55,0.13,0.0
5,5,4,5.279999999999999,0.06999999999999999,0.0
5,5,5,5.03,0.01,0.0
5,5,6,5.970000000000001,0.06999999999999999,0.0
5,5,7,7.590000000000001,0.030000000000000006,0.0
5,5,8,9.18,0.02,0.0
5,5,9,10.419999999999998,0.06999999999999999,0.0
5,5,10,11.379999999999999,0.08,0.0
5,5,11,12.36,0.01,0.0
5,5,12,13.09,0.04,0.0
5,5,13,13.65,0.02,0.0
5,5,14,13.930000000000001,0.01,0.0
5,5,15,14.76,0.01,0.0
5,5,16,14.680000000000001,0.03,0.0
5,5,17,14.040000000000001,0.06999999999999999,0.0
5,5,18,13.74,0.0,0.0
5,5,19,12.64,0.06999999999999999,0.0
5,5,20,10.98,0.15,0.0
5,5,21,9.97,0.02,0.0
5,5,22,9.09,0.06,0.0
5,5,23,8.51,0.09,0.0
5,6,0,8.09,0.0,0.0
5,6,1,7.45,0.0,0.0
5,6,2,7.1,0.0,0.0
5,6,3,6.83,0.0,0.0
5,6,4,6.68,0.0,0.0
5,6,5,6.63,0.0,0.0
5,6,6,7.26,0.0,0.0
5,6,7,8.790000000000001,0.0,0.0
5,6,8,10.35,0.0,0.0
5,6,9,11.85,0.01,0.0
5,6,10,13.059999999999999,0.01,0.0
5,6,11,14.02,0.06,0.0
5,6,12,14.39,0.06,0.0
5,6,13,14.37,0.4800000000000001,0.007000000000000001
5,6,14,14.719999999999999,0.12,0.007000000000000001
5,6,15,15.34,0.06,0.0
5,6,16,15.25,0.12,0.007000000000000001
5,6,17,14.770000000000001,0.0,0.0
5,6,18,14.14,0.22000000000000003,0.0
5,6,19,12.8,0.12000000000000002,0.0
5,6,20,11.53,0.08,0.0
5,6,21,10.27,0.01,0.0
5,6,22,9.45,0.0,0.0
5,6,23,8.65,0.0,0.0
5,7,0,7.65,0.0,0.0
5,7,1,6.890000000000001,0.0,0.0
5,7,2,6.369999999999999,0.0,0.0
5,7,3,5.58,0.02,0.007000000000000001
5,7,4,5.1899999999999995,0.05,0.034999999999999996
5,7,5,5.05,0.03,0.020999999999999998
5,7,6,5.84,0.01,0.007000000000000001
5,7,7,7.62,0.0,0.0
5,7,8,9.43,0.0,0.0
5,7,9,10.870000000000001,0.01,0.0
5,7,10,12.2,0.05,0.020999999999999998
5,7,11,13.069999999999999,0.06999999999999999,0.034999999999999996
5,7,12,13.63,0.06999999999999999,0.028000000000000004
5,7,13,14.1,0.07999999999999999,0.020999999999999998
5,7,14,14.440000000000001,0.11000000000000001,0.034999999999999996
5,7,15,14.91,0.12,0.028000000000000004
5,7,16,14.540000000000001,0.13999999999999999,0.014000000000000002
5,7,17,14.330000000000002,0.2,0.0
5,7,18,13.959999999999999,0.04,0.0
5,7,19,12.9,0.04,0.0
5,7,20,10.84,0.03,0.0
5,7,21,9.49,0.030000000000000006,0.0
5,7,22,8.690000000000001,0.01,0.0
5,7,23,7.9799999999999995,0.0,0.0
5,8,0,7.76,0.0,0.0
5,8,1,7.589999999999999,0.01,0.0
5,8,2,7.08,0.04,0.0
5,8,3,6.7,0.06999999999999999,0.0
5,8,4,5.869999999999999,0.09,0.0
5,8,5,5.51,0.16999999999999998,0.0
5,8,6,6.37,0.22000000000000003,0.014000000000000002
5,8,7,8.06,0.19,0.0
5,8,8,9.9,0.19,0.0
5,8,9,11.34,0.2,0.0
5,8,10,12.53,0.21000000000000002,0.0
5,8,11,13.3,0.26,0.0
5,8,12,13.45,0.27,0.0
5,8,13,13.48,0.28,0.007000000000000001
5,8,14,13.8,0.33,0.007000000000000001
5,8,15,13.75,0.48,0.091
5,8,16,13.64,0.27999999999999997,0.007000000000000001
5,8,17,13.48,0.27999999999999997,0.007000000000000001
5,8,18,12.88,0.37,0.014000000000000002
5,8,19,11.89,0.54,0.0
5,8,20,10.32,0.4800000000000001,0.0
5,8,21,9.15,0.3,0.0
5,8,22,8.34,0.14,0.0
5,8,23,7.94,0.1,0.0
5,9,0,7.7700000000000005,0.06999999999999999,0.007000000000000001
5,9,1,6.93,0.15,0.05600000000000001
5,9,2,6.37,0.16999999999999998,0.014000000000000002
5,9,3,5.99,0.09,0.0
5,9,4,5.34,0.12,0.020999999999999998
5,9,5,4.9,0.1,0.020999999999999998
5,9,6,5.51,0.13,0.007000000000000001
5,9,7,6.790000000000001,0.2,0.0
5,9,8,8.19,0.12,0.007000000000000001
5,9,9,9.4,0.07999999999999999,0.007000000000000001
5,9,10,10.540000000000001,0.11000000000000001,0.007000000000000001
5,9,11,11.370000000000001,0.1,0.007000000000000001
5,9,12,12.0,0.06999999999999999,0.0
5,9,13,12.73,0.06000000000000001,0.014000000000000002
5,9,14,13.26,0.030000000000000006,0.0
5,9,15,13.629999999999999,0.030000000000000006,0.0
5,9,16,13.41,0.24,0.0
5,9,17,13.290000000000001,0.030000000000000006,0.0
5,9,18,12.940000000000001,0.01,0.0
5,9,19,12.08,0.0,0.0
5,9,20,10.5,0.0,0.0
5,9,21,9.07,0.0,0.0
5,9,22,8.49,0.01,0.0
5,9,23,8.01,0.06,0.0
5,10,0,7.4399999999999995,0.09,0.0
5,10,1,6.81,0.1,0.0
5,10,2,6.220000000000001,0.06999999999999999,0.0
5,10,3,6.0,0.04,0.0
5,10,4,5.66,0.05,0.0
5,10,5,5.4799999999999995,0.19,0.007000000000000001
5,10,6,6.409999999999999,0.02,0.007000000000000001
5,10,7,7.92,0.04,0.007000000000000001
5,10,8,9.379999999999999,0.02,0.0
5,10,9,10.959999999999999,0.06,0.0
5,10,10,12.26,0.01,0.0
5,10,11,13.3,0.02,0.0
5,10,12,13.809999999999999,0.02,0.0
5,10,13,14.27,0.02,0.0
5,10,14,14.66,0.02,0.0
5,10,15,14.74,0.01,0.0
5,10,16,15.070000000000002,0.02,0.0
5,10,17,14.830000000000002,0.01,0.0
5,10,18,14.319999999999999,0.03,0.0
5,10,19,13.4,0.06,0.0
5,10,20,11.9,0.01,0.0
5,10,21,10.67,0.01,0.0
5,10,22,10.059999999999999,0.0,0.0
5,10,23,9.45,0.03,0.0
5,11,0,8.96,0.03,0.0
5,11,1,8.25,0.08,0.0
5,11,2,7.75,0.08,0.0
5,11,3,7.6899999999999995,0.04,0.0
5,11,4,7.07,0.0,0.0
5,11,5,6.9,0.02,0.0
5,11,6,7.909999999999999,0.0,0.0
5,11,7,9.74,0.0,0.0
5,11,8,11.5,0.0,0.0
5,11,9,13.05,0.0,0.0
5,11,10,14.16,0.01,0.0
5,11,11,14.940000000000001,0.030000000000000006,0.0
5,11,12,15.59,0.04,0.0
5,11,13,16.1,0.030000000000000006,0.0
5,11,14,16.61,0.030000000000000006,0.0
5,11,15,17.130000000000003,0.07999999999999999,0.0
5,11,16,17.0,0.08,0.0
5,11,17,16.619999999999997,0.08,0.0
5,11,18,15.940000000000001,0.06,0.0
5,11,19,14.61,0.1,0.007000000000000001
5,11,20,12.67,0.1,0.028000000000000004
5,11,21,11.39,0.16,0.08399999999999999
5,11,22,10.610000000000001,0.11000000000000001,0.05600000000000001
5,11,23,9.629999999999999,0.05,0.014000000000000002
5,12,0,8.959999999999999,0.030000000000000006,0.0
5,12,1,8.27,0.0,0.0
5,12,2,7.76,0.0,0.0
5,12,3,7.7,0.0,0.0
5,12,4,7.31,0.0,0.0
5,12,5,7.15,0.04,0.0
5,12,6,8.36,0.05,0.0
5,12,7,10.0,0.04,0.0
5,12,8,11.42,0.04,0.0
5,12,9,12.709999999999999,0.02,0.0
5,12,10,13.770000000000001,0.02,0.0
5,12,11,14.970000000000002,0.0,0.0
5,12,12,16.18,0.0,0.0
5,12,13,17.23,0.0,0.0
5,12,14,17.78,0.01,0.0
5,12,15,18.48,0.02,0.0
5,12,16,17.98,0.04,0.0
5,12,17,17.45,0.01,0.0
5,12,18,16.34,0.02,0.0
5,12,19,15.09,0.2,0.0
5,12,20,13.580000000000002,0.26,0.0
5,12,21,12.459999999999999,0.12000000000000002,0.0
5,12,22,11.629999999999999,0.12000000000000002,0.0
5,12,23,10.75,0.06,0.0
5,13,0,9.92,0.0,0.0
5,13,1,8.8,0.0,0.0
5,13,2,7.76,0.0,0.0
5,13,3,6.67,0.0,0.0
5,13,4,6.22,0.03,0.0
5,13,5,6.2299999999999995,0.01,0.0
5,13,6,7.35,0.0,0.0
5,13,7,9.05,0.01,0.0
5,13,8,10.66,0.02,0.0
5,13,9,12.1,0.01,0.0
5,13,10,13.330000000000002,0.030000000000000006,0.0
5,13,11,14.469999999999999,0.0,0.0
5,13,12,15.12,0.0,0.0
5,13,13,15.719999999999999,0.01,0.0
5,13,14,16.119999999999997,0.03,0.0
5,13,15,16.759999999999998,0.04,0.0
5,13,16,16.990000000000002,0.0,0.0
5,13,17,16.119999999999997,0.030000000000000006,0.0
5,13,18,15.530000000000001,0.0,0.0
5,13,19,14.830000000000002,0.0,0.0
5,13,20,13.15,0.0,0.0
5,13,21,11.35,0.0,0.0
5,13,22,10.4,0.0,0.0
5,13,23,9.690000000000001,0.0,0.0
5,14,0,8.99,0.0,0.0
5,14,1,8.25,0.0,0.0
5,14,2,7.76,0.0,0.0
5,14,3,7.4799999999999995,0.0,0.0
5,14,4,6.7,0.0,0.0
5,14,5,6.85,0.0,0.0
5,14,6,8.17,0.03,0.0
5,14,7,9.8,0.04,0.0
5,14,8,11.31,0.02,0.0
5,14,9,12.760000000000002,0.0,0.0
5,14,10,13.95,0.01,0.0
5,14,11,14.830000000000002,0.0,0.0
5,14,12,15.559999999999999,0.01,0.0
5,14,13,16.080000000000002,0.01,0.0
5,14,14,16.21,0.01,0.0
5,14,15,16.72,0.0,0.0
5,14,16,16.740000000000002,0.05,0.0
5,14,17,16.65,0.0,0.0
5,14,18,16.1,0.0,0.0
5,14,19,15.11,0.06,0.0
5,14,20,13.39,0.01,0.0
5,14,21,11.59,0.02,0.0
5,14,22,10.77,0.0,0.0
5,14,23,9.870000000000001,0.0,0.0
5,15,0,9.11,0.0,0.0
5,15,1,8.73,0.0,0.0
5,15,2,8.190000000000001,0.0,0.0
5,15,3,8.11,0.0,0.0
5,15,4,7.090000000000001,0.0,0.0
5,15,5,7.24,0.0,0.0
5,15,6,8.68,0.0,0.0
5,15,7,10.55,0.02,0.0
5,15,8,12.43,0.01,0.0
5,15,9,13.790000000000001,0.02,0.0
5,15,10,15.069999999999999,0.01,0.0
5,15,11,15.959999999999999,0.01,0.0
5,15,12,16.25,0.06000000000000001,0.0
5,15,13,16.43,0.18,0.0
5,15,14,16.29,0.41000000000000003,0.0
5,15,15,16.57,0.32999999999999996,0.0
5,15,16,16.53,0.37,0.0
5,15,17,16.28,0.27,0.0
5,15,18,15.65,0.15,0.0
5,15,19,14.809999999999999,0.09,0.0
5,15,20,13.38,0.04,0.0
5,15,21,11.99,0.05,0.0
5,15,22,11.0,0.1,0.0
5,15,23,10.24,0.06000000000000001,0.0
5,16,0,9.82,0.1,0.0
5,16,1,9.510000000000002,0.2,0.0
5,16,2,9.05,0.32999999999999996,0.0
5,16,3,8.8,0.3,0.0
5,16,4,8.379999999999999,0.16,0.0
5,16,5,8.4,0.09,0.0
5,16,6,9.120000000000001,0.11000000000000001,0.0
5,16,7,10.32,0.13,0.0
5,16,8,11.629999999999999,0.15,0.0
5,16,9,12.89,0.22999999999999998,0.0
5,16,10,14.01,0.26,0.0
5,16,11,14.690000000000001,0.2,0.0
5,16,12,14.920000000000002,0.27999999999999997,0.0
5,16,13,15.080000000000002,0.22999999999999998,0.0
5,16,14,14.77,0.33999999999999997,0.0
5,16,15,15.559999999999999,0.19,0.0
5,16,16,15.209999999999999,0.12,0.0
5,16,17,15.05,0.1,0.0
5,16,18,14.66,0.1,0.0
5,16,19,13.959999999999999,0.1,0.0
5,16,20,12.53,0.12000000000000002,0.0
5,16,21,11.25,0.11000000000000001,0.0
5,16,22,10.45,0.06,0.0
5,16,23,9.99,0.13999999999999999,0.0
5,17,0,9.66,0.19,0.0
5,17,1,9.27,0.12000000000000002,0.0
5,17,2,8.92,0.16,0.0
5,17,3,8.559999999999999,0.47000000000000003,0.0
5,17,4,7.909999999999999,0.06,0.0
5,17,5,8.209999999999999,0.08,0.0
5,17,6,9.3,0.11000000000000001,0.0
5,17,7,10.47,0.04,0.0
5,17,8,11.89,0.06,0.0
5,17,9,13.080000000000002,0.06999999999999999,0.0
5,17,10,14.05,0.06000000000000001,0.0
5,17,11,14.930000000000001,0.14,0.0
5,17,12,15.7,0.05,0.0
5,17,13,16.48,0.04,0.0
5,17,14,16.64,0.3,0.0
5,17,15,17.46,0.030000000000000006,0.0
5,17,16,17.43,0.02,0.0
5,17,17,17.28,0.04,0.0
5,17,18,16.669999999999998,0.08,0.0
5,17,19,15.819999999999999,0.039999999999999994,0.0
5,17,20,14.27,0.0,0.0
5,17,21,12.98,0.0,0.0
5,17,22,12.16,0.0,0.0
5,17,23,11.59,0.0,0.0
5,18,0,11.1,0.01,0.0
5,18,1,10.68,0.03,0.0
5,18,2,10.35,0.0,0.0
5,18,3,9.86,0.0,0.0
5,18,4,9.07,0.0,0.0
5,18,5,9.23,0.0,0.0
5,18,6,10.510000000000002,0.0,0.0
5,18,7,12.08,0.01,0.0
5,18,8,13.55,0.02,0.0
5,18,9,14.959999999999999,0.02,0.0
5,18,10,16.25,0.05,0.0
5,18,11,17.07,0.030000000000000006,0.0
5,18,12,17.55,0.05,0.0
5,18,13,17.619999999999997,0.26,0.0
5,18,14,17.93,0.05,0.0
5,18,15,17.91,0.15,0.0
5,18,16,17.79,0.06999999999999999,0.0
5,18,17,17.55,0.16,0.0
5,18,18,17.06,0.31,0.0
5,18,19,15.969999999999999,0.0,0.0
5,18,20,14.540000000000001,0.05,0.0
5,18,21,13.05,0.13999999999999999,0.0
5,18,22,12.39,0.22000000000000003,0.0
5,18,23,11.7,0.13999999999999999,0.0
5,19,0,11.11,0.13999999999999999,0.0
5,19,1,10.61,0.06,0.0
5,19,2,10.209999999999999,0.01,0.0
5,19,3,9.91,0.0,0.0
5,19,4,9.41,0.17,0.0
5,19,5,9.51,0.5,0.0
5,19,6,10.34,0.16999999999999998,0.0
5,19,7,11.52,0.27,0.0
5,19,8,12.52,0.51,0.0
5,19,9,13.209999999999999,0.42000000000000004,0.0
5,19,10,13.89,0.48,0.0
5,19,11,14.61,0.33999999999999997,0.0
5,19,12,15.0,0.18,0.0
5,19,13,15.540000000000001,0.09,0.0
5,19,14,16.23,0.05,0.0
5,19,15,16.61,0.37,0.0
5,19,16,16.97,0.05,0.0
5,19,17,16.79,0.02,0.0
5,19,18,15.99,0.06,0.0
5,19,19,15.309999999999999,0.05,0.0
5,19,20,13.77,0.0,0.0
5,19,21,12.6,0.01,0.0
5,19,22,11.49,0.0,0.0
5,19,23,10.690000000000001,0.01,0.0
5,20,0,9.78,0.05,0.0
5,20,1,9.01,0.02,0.0
5,20,2,8.81,0.03,0.0
5,20,3,8.73,0.06,0.0
5,20,4,8.32,0.01,0.0
5,20,5,8.540000000000001,0.06999999999999999,0.0
5,20,6,9.51,0.11000000000000001,0.0
5,20,7,10.8,0.09,0.0
5,20,8,12.09,0.24,0.0
5,20,9,13.25,0.16999999999999998,0.0
5,20,10,14.2,0.08,0.0
5,20,11,14.930000000000001,0.13999999999999999,0.0
5,20,12,15.580000000000002,0.16,0.0
5,20,13,16.2,0.15,0.0
5,20,14,16.619999999999997,0.21000000000000002,0.0
5,20,15,16.57,0.13,0.0
5,20,16,16.77,0.31,0.0
5,20,17,16.21,0.22999999999999998,0.0
5,20,18,15.580000000000002,0.08,0.0
5,20,19,14.919999999999998,0.05,0.0
5,20,20,13.790000000000001,0.03,0.0
5,20,21,12.84,0.03,0.0
5,20,22,11.97,0.03,0.0
5,20,23,11.08,0.01,0.0
5,21,0,10.440000000000001,0.0,0.0
5,21,1,9.629999999999999,0.02,0.0
5,21,2,9.190000000000001,0.01,0.0
5,21,3,8.8,0.02,0.0
5,21,4,8.290000000000001,0.15,0.0
5,21,5,8.67,0.030000000000000006,0.0
5,21,6,9.690000000000001,0.05,0.0
5,21,7,10.99,0.08,0.0
5,21,8,12.11,0.11000000000000001,0.0
5,21,9,13.190000000000001,0.11000000000000001,0.0
5,21,10,14.030000000000001,0.13999999999999999,0.0
5,21,11,15.030000000000001,0.08,0.0
5,21,12,15.91,0.05,0.0
5,21,13,15.959999999999999,0.67,0.0
5,21,14,16.72,0.02,0.0
5,21,15,17.03,0.14,0.0
5,21,16,17.22,0.4,0.0
5,21,17,16.97,0.06,0.0
5,21,18,16.490000000000002,0.03,0.0
5,21,19,15.62,0.02,0.0
5,21,20,14.040000000000001,0.030000000000000006,0.0
5,21,21,12.23,0.1,0.0
5,21,22,11.51,0.05,0.0
5,21,23,10.97,0.2,0.0
5,22,0,10.28,0.23000000000000004,0.0
5,22,1,9.55,0.14,0.0
5,22,2,9.059999999999999,0.3,0.0
5,22,3,8.9,0.14,0.0
5,22,4,8.05,0.13,0.0
5,22,5,8.290000000000001,0.08,0.0
5,22,6,9.64,0.03,0.0
5,22,7,11.260000000000002,0.03,0.0
5,22,8,12.88,0.02,0.0
5,22,9,14.13,0.04,0.0
5,22,10,15.040000000000001,0.13999999999999999,0.0
5,22,11,15.63,0.08,0.0
5,22,12,15.98,0.14,0.0
5,22,13,16.28,0.06000000000000001,0.0
5,22,14,16.53,0.06999999999999999,0.0
5,22,15,17.45,0.37,0.0
5,22,16,17.85,0.13,0.0
5,22,17,17.53,0.13,0.0
5,22,18,16.830000000000002,0.23000000000000004,0.0
5,22,19,15.84,0.05,0.0
5,22,20,14.459999999999999,0.05,0.0
5,22,21,13.35,0.02,0.0
5,22,22,12.309999999999999,0.06999999999999999,0.0
5,22,23,11.209999999999999,0.030000000000000006,0.0
5,23,0,10.45,0.01,0.0
5,23,1,9.99,0.02,0.0
5,23,2,9.65,0.04,0.0
5,23,3,9.08,0.02,0.0
5,23,4,8.4,0.04,0.0
5,23,5,8.92,0.06000000000000001,0.0
5,23,6,10.190000000000001,0.06999999999999999,0.0
5,23,7,11.790000000000001,0.06,0.0
5,23,8,13.219999999999999,0.04,0.0
5,23,9,14.459999999999999,0.030000000000000006,0.0
5,23,10,15.52,0.07,0.0
5,23,11,16.229999999999997,0.06,0.0
5,23,12,16.58,0.17,0.0
5,23,13,17.16,0.06999999999999999,0.0
5,23,14,17.51,0.11000000000000001,0.0
5,23,15,18.23,0.06,0.0
5,23,16,18.09,0.0,0.0
5,23,17,17.41,0.14,0.0
5,23,18,16.87,0.02,0.0
5,23,19,16.130000000000003,0.05,0.0
5,23,20,14.780000000000001,0.01,0.0
5,23,21,13.3,0.0,0.0
5,23,22,12.440000000000001,0.0,0.0
5,23,23,11.84,0.0,0.0
5,24,0,11.26,0.0,0.0
5,24,1,10.61,0.0,0.0
5,24,2,9.93,0.0,0.0
5,24,3,9.67,0.0,0.0
5,24,4,9.03,0.0,0.0
5,24,5,9.25,0.01,0.0
5,24,6,10.33,0.06999999999999999,0.0
5,24,7,11.879999999999999,0.0,0.0
5,24,8,13.34,0.0,0.0
5,24,9,14.51,0.04,0.0
5,24,10,15.440000000000001,0.06,0.0
5,24,11,16.32,0.0,0.0
5,24,12,16.84,0.06,0.0
5,24,13,17.169999999999998,0.07999999999999999,0.0
5,24,14,17.31,0.07999999999999999,0.0
5,24,15,17.580000000000002,0.21000000000000002,0.0
5,24,16,17.49,0.19,0.0
5,24,17,17.15,0.11000000000000001,0.0
5,24,18,16.6,0.09,0.0
5,24,19,15.940000000000001,0.01,0.0
5,24,20,14.64,0.0,0.0
5,24,21,13.41,0.01,0.0
5,24,22,12.559999999999999,0.09,0.0
5,24,23,11.85,0.05,0.0
5,25,0,11.370000000000001,0.05,0.0
5,25,1,10.74,0.02,0.0
5,25,2,10.28,0.02,0.0
5,25,3,10.14,0.03,0.0
5,25,4,9.51,0.04,0.0
5,25,5,9.64,0.0,0.0
5,25,6,10.64,0.0,0.0
5,25,7,11.99,0.01,0.0
5,25,8,13.45,0.02,0.0
5,25,9,14.84,0.09,0.0
5,25,10,15.809999999999999,0.1,0.0
5,25,11,16.580000000000002,0.02,0.0
5,25,12,17.28,0.03,0.0
5,25,13,17.880000000000003,0.19,0.0
5,25,14,17.94,0.24,0.0
5,25,15,18.46,0.13,0.0
5,25,16,18.880000000000003,0.03,0.0
5,25,17,18.84,0.0,0.0
5,25,18,18.25,0.02,0.0
5,25,19,17.580000000000002,0.02,0.0
5,25,20,16.16,0.01,0.0
5,25,21,14.680000000000001,0.0,0.0
5,25,22,13.14,0.09,0.0
5,25,23,12.129999999999999,0.01,0.0
5,26,0,11.57,0.02,0.0
5,26,1,11.040000000000001,0.06,0.0
5,26,2,10.7,0.03,0.0
5,26,3,10.25,0.06,0.0
5,26,4,9.440000000000001,0.0,0.0
5,26,5,9.84,0.0,0.0
5,26,6,11.389999999999999,0.0,0.0
5,26,7,13.430000000000001,0.0,0.0
5,26,8,15.4,0.01,0.0
5,26,9,17.19,0.01,0.0
5,26,10,18.53,0.0,0.0
5,26,11,19.39,0.0,0.0
5,26,12,19.95,0.04,0.0
5,26,13,20.59,0.0,0.0
5,26,14,21.09,0.0,0.0
5,26,15,21.21,0.1,0.0
5,26,16,21.61,0.01,0.0
5,26,17,21.41,0.02,0.0
5,26,18,20.5,0.030000000000000006,0.0
5,26,19,19.32,0.06999999999999999,0.0
5,26,20,17.96,0.1,0.0
5,26,21,16.18,0.16999999999999998,0.0
5,26,22,14.91,0.16,0.0
5,26,23,14.030000000000001,0.2,0.0
5,27,0,13.26,0.32,0.0
5,27,1,12.65,0.32999999999999996,0.0
5,27,2,12.379999999999999,0.36000000000000004,0.0
5,27,3,12.09,0.32,0.0
5,27,4,11.5,0.32,0.0
5,27,5,11.379999999999999,0.27,0.0
5,27,6,12.28,0.25,0.0
5,27,7,13.65,0.22000000000000003,0.0
5,27,8,15.02,0.09999999999999999,0.0
5,27,9,16.380000000000003,0.06,0.0
5,27,10,17.66,0.04,0.0
5,27,11,18.45,0.04,0.0
5,27,12,19.1,0.07999999999999999,0.0
5,27,13,19.52,0.09,0.0
5,27,14,19.78,0.030000000000000006,0.0
5,27,15,20.43,0.030000000000000006,0.0
5,27,16,20.330000000000002,0.12,0.0
5,27,17,20.05,0.0,0.0
5,27,18,19.65,0.01,0.0
5,27,19,18.82,0.03,0.0
5,27,20,17.35,0.0,0.0
5,27,21,15.709999999999999,0.01,0.0
5,27,22,14.66,0.03,0.0
5,27,23,13.84,0.02,0.0
5,28,0,13.419999999999998,0.01,0.0
5,28,1,12.73,0.03,0.0
5,28,2,12.15,0.0,0.0
5,28,3,11.72,0.0,0.0
5,28,4,10.76,0.03,0.0
5,28,5,11.11,0.05,0.0
5,28,6,12.47,0.05,0.0
5,28,7,13.85,0.19,0.0
5,28,8,15.169999999999998,0.27999999999999997,0.0
5,28,9,16.18,0.12999999999999998,0.0
5,28,10,17.119999999999997,0.16999999999999998,0.0
5,28,11,17.84,0.13,0.0
5,28,12,18.47,0.08,0.0
5,28,13,19.0,0.06,0.0
5,28,14,19.28,0.06999999999999999,0.0
5,28,15,19.740000000000002,0.18,0.0
5,28,16,19.830000000000002,0.38,0.0
5,28,17,19.58,0.06000000000000001,0.0
5,28,18,19.330000000000002,0.02,0.0
5,28,19,18.69,0.0,0.0
5,28,20,17.31,0.0,0.0
5,28,21,15.55,0.0,0.0
5,28,22,14.65,0.0,0.0
5,28,23,13.85,0.0,0.0
5,29,0,13.180000000000001,0.0,0.0
5,29,1,12.87,0.0,0.0
5,29,2,12.76,0.01,0.0
5,29,3,12.26,0.06999999999999999,0.0
5,29,4,11.77,0.04,0.0
5,29,5,12.190000000000001,0.02,0.0
5,29,6,13.49,0.1,0.0
5,29,7,15.180000000000001,0.09,0.0
5,29,8,16.779999999999998,0.13,0.0
5,29,9,18.279999999999998,0.1,0.0
5,29,10,19.240000000000002,0.33999999999999997,0.0
5,29,11,19.91,0.43999999999999995,0.0
5,29,12,20.380000000000003,0.42000000000000004,0.0
5,29,13,20.75,0.3,0.0
5,29,14,21.09,0.39999999999999997,0.0
5,29,15,21.11,0.3,0.0
5,29,16,20.9,0.63,0.0
5,29,17,20.53,0.6100000000000001,0.0
5,29,18,19.990000000000002,0.36,0.0
5,29,19,19.330000000000002,0.15,0.0
5,29,20,17.96,0.25,0.0
5,29,21,16.39,0.42000000000000004,0.0
5,29,22,15.75,0.22999999999999998,0.0
5,29,23,15.290000000000001,0.15,0.0
5,30,0,14.469999999999999,0.26,0.0
5,30,1,13.819999999999999,0.16999999999999998,0.0
5,30,2,13.309999999999999,0.04,0.0
5,30,3,13.190000000000001,0.0,0.0
5,30,4,12.55,0.0,0.0
5,30,5,13.01,0.0,0.0
5,30,6,14.1,0.0,0.0
5,30,7,15.52,0.0,0.0
5,30,8,17.169999999999998,0.0,0.0
5,30,9,18.68,0.01,0.0
5,30,10,19.79,0.0,0.0
5,30,11,20.56,0.0,0.0
5,30,12,20.9,0.13,0.0
5,30,13,21.38,0.15,0.0
5,30,14,21.3,0.22000000000000003,0.0
5,30,15,22.16,0.02,0.0
5,30,16,21.19,0.37,0.0
5,30,17,21.02,0.0,0.0
5,30,18,20.44,0.0,0.0
5,30,19,19.43,0.0,0.0
5,30,20,17.93,0.0,0.0
5,30,21,16.57,0.0,0.0
5,30,22,15.319999999999999,0.0,0.0
5,30,23,14.61,0.0,0.0
5,31,0,13.940000000000001,0.03,0.0
5,31,1,13.330000000000002,0.05,0.0
5,31,2,12.74,0.06,0.0
5,31,3,12.17,0.1,0.0
5,31,4,11.75,0.25,0.0
5,31,5,11.790000000000001,0.52,0.0
5,31,6,12.34,0.76,0.0
5,31,7,13.12,0.72,0.0
5,31,8,13.809999999999999,0.8099999999999999,0.0
5,31,9,14.45,0.45999999999999996,0.0
5,31,10,15.080000000000002,0.36,0.0
5,31,11,15.88,0.33999999999999997,0.0
5,31,12,16.6,0.21000000000000002,0.0
5,31,13,17.11,0.16999999999999998,0.0
5,31,14,17.29,0.19,0.0
5,31,15,17.53,0.12000000000000002,0.0
5,31,16,17.66,0.08,0.0
5,31,17,17.36,0.039999999999999994,0.0
5,31,18,16.97,0.13,0.0
5,31,19,16.34,0.1,0.0
5,31,20,15.309999999999999,0.04,0.0
5,31,21,13.91,0.03,0.0
5,31,22,13.01,0.03,0.0
5,31,23,12.790000000000001,0.02,0.0
6,1,0,12.190000000000001,0.1,0.0
6,1,1,11.66,0.13999999999999999,0.0
6,1,2,11.23,0.1,0.0
6,1,3,10.74,0.06999999999999999,0.0
6,1,4,9.91,0.04,0.0
6,1,5,10.23,0.01,0.0
6,1,6,11.27,0.01,0.0
6,1,7,12.6,0.02,0.0
6,1,8,13.91,0.039999999999999994,0.0
6,1,9,14.919999999999998,0.02,0.0
6,1,10,15.969999999999999,0.02,0.0
6,1,11,16.86,0.01,0.0
6,1,12,17.619999999999997,0.01,0.0
6,1,13,18.009999999999998,0.05,0.0
6,1,14,18.330000000000002,0.04,0.0
6,1,15,18.82,0.05,0.0
6,1,16,18.75,0.030000000000000006,0.0
6,1,17,18.55,0.030000000000000006,0.0
6,1,18,17.93,0.04,0.0
6,1,19,17.07,0.04,0.0
6,1,20,15.87,0.02,0.0
6,1,21,14.190000000000001,0.01,0.0
6,1,22,13.080000000000002,0.0,0.0
6,1,23,12.440000000000001,0.0,0.0
6,2,0,12.02,0.0,0.0
6,2,1,11.74,0.02,0.0
6,2,2,11.3,0.0,0.0
6,2,3,10.85,0.06999999999999999,0.0
6,2,4,10.03,0.04,0.0
6,2,5,10.510000000000002,0.030000000000000006,0.0
6,2,6,11.64,0.1,0.0
6,2,7,13.1,0.1,0.0
6,2,8,14.690000000000001,0.1,0.0
6,2,9,15.87,0.11000000000000001,0.0
6,2,10,17.080000000000002,0.15,0.0
6,2,11,17.869999999999997,0.19999999999999998,0.0
6,2,12,18.619999999999997,0.16999999999999998,0.0
6,2,13,18.8,0.29000000000000004,0.0
6,2,14,19.2,0.08,0.0
6,2,15,19.36,0.04,0.0
6,2,16,20.03,0.0,0.0
6,2,17,19.79,0.01,0.0
6,2,18,19.490000000000002,0.01,0.0
6,2,19,18.35,0.0,0.0
6,2,20,17.06,0.01,0.0
6,2,21,15.530000000000001,0.0,0.0
6,2,22,14.5,0.0,0.0
6,2,23,13.690000000000001,0.0,0.0
6,3,0,13.190000000000001,0.0,0.0
6,3,1,12.790000000000001,0.0,0.0
6,3,2,12.330000000000002,0.04,0.0
6,3,3,11.629999999999999,0.07,0.0
6,3,4,11.1,0.13,0.0
6,3,5,11.5,0.16,0.0
6,3,6,12.569999999999999,0.15,0.0
6,3,7,14.01,0.12000000000000002,0.0
6,3,8,14.969999999999999,0.32,0.0
6,3,9,15.959999999999999,0.19,0.0
6,3,10,16.82,0.3,0.0
6,3,11,17.5,0.25,0.0
6,3,12,17.84,0.26,0.0
6,3,13,18.36,0.17,0.0
6,3,14,18.35,0.22000000000000003,0.0
6,3,15,18.39,0.11000000000000001,0.0
6,3,16,18.580000000000002,0.13999999999999999,0.0
6,3,17,18.119999999999997,0.09,0.0
6,3,18,17.580000000000002,0.04,0.0
6,3,19,17.119999999999997,0.02,0.0
6,3,20,16.18,0.01,0.0
6,3,21,14.819999999999999,0.02,0.0
6,3,22,13.790000000000001,0.04,0.0
6,3,23,12.959999999999999,0.19,0.0
6,4,0,12.41,0.36,0.0
6,4,1,11.95,0.44000000000000006,0.0
6,4,2,11.3,0.73,0.0
6,4,3,10.82,0.6599999999999999,0.0
6,4,4,10.24,0.03,0.0
6,4,5,10.790000000000001,0.01,0.0
6,4,6,12.209999999999999,0.0,0.0
6,4,7,13.780000000000001,0.0,0.0
6,4,8,15.13,0.0,0.0
6,4,9,16.54,0.01,0.0
6,4,10,17.59,0.02,0.0
6,4,11,18.419999999999998,0.02,0.0
6,4,12,19.1,0.02,0.0
6,4,13,19.7,0.03,0.0
6,4,14,19.69,0.16999999999999998,0.0
6,4,15,20.07,0.030000000000000006,0.0
6,4,16,19.65,0.54,0.0
6,4,17,19.2,0.23000000000000004,0.0
6,4,18,18.75,0.030000000000000006,0.0
6,4,19,18.080000000000002,0.12,0.0
6,4,20,16.9,0.0,0.0
6,4,21,15.24,0.0,0.0
6,4,22,14.3,0.01,0.0
6,4,23,13.62,0.0,0.0
6,5,0,12.75,0.03,0.0
6,5,1,11.99,0.06,0.0
6,5,2,11.48,0.13999999999999999,0.0
6,5,3,10.959999999999999,0.27999999999999997,0.0
6,5,4,10.290000000000001,0.01,0.0
6,5,5,10.870000000000001,0.06999999999999999,0.0
6,5,6,12.120000000000001,0.01,0.0
6,5,7,13.35,0.11000000000000001,0.0
6,5,8,14.59,0.13,0.0
6,5,9,15.76,0.07,0.0
6,5,10,16.68,0.15,0.0
6,5,11,17.26,0.1,0.0
6,5,12,17.77,0.11000000000000001,0.0
6,5,13,18.240000000000002,0.12,0.0
6,5,14,18.45,0.36,0.0
6,5,15,18.46,0.41,0.0
6,5,16,18.490000000000002,0.25999999999999995,0.0
6,5,17,18.0,0.1,0.0
6,5,18,17.77,0.04,0.0
6,5,19,17.21,0.06000000000000001,0.0
6,5,20,16.21,0.03,0.0
6,5,21,14.7,0.030000000000000006,0.0
6,5,22,13.559999999999999,0.01,0.0
6,5,23,12.86,0.0,0.0
6,6,0,12.24,0.01,0.0
6,6,1,11.65,0.0,0.0
6,6,2,11.059999999999999,0.0,0.0
6,6,3,10.61,0.0,0.0
6,6,4,9.99,0.0,0.0
6,6,5,10.7,0.0,0.0
6,6,6,12.059999999999999,0.02,0.0
6,6,7,13.530000000000001,0.04,0.0
6,6,8,14.829999999999998,0.11000000000000001,0.0
6,6,9,15.91,0.06999999999999999,0.0
6,6,10,16.95,0.04,0.0
6,6,11,17.68,0.07999999999999999,0.0
6,6,12,18.44,0.05,0.0
6,6,13,18.79,0.1,0.0
6,6,14,19.23,0.02,0.0
6,6,15,19.28,0.030000000000000006,0.0
6,6,16,18.91,0.04,0.0
6,6,17,18.14,0.15999999999999998,0.0
6,6,18,17.830000000000002,0.06,0.0
6,6,19,17.2,0.06999999999999999,0.0
6,6,20,16.32,0.06000000000000001,0.0
6,6,21,15.059999999999999,0.06,0.0
6,6,22,14.190000000000001,0.03,0.0
6,6,23,13.09,0.03,0.0
6,7,0,12.360000000000001,0.03,0.0
6,7,1,11.780000000000001,0.08,0.0
6,7,2,11.379999999999999,0.05,0.0
6,7,3,10.790000000000001,0.06,0.0
6,7,4,10.059999999999999,0.14,0.0
6,7,5,10.809999999999999,0.05,0.0
6,7,6,12.17,0.030000000000000006,0.0
6,7,7,13.930000000000001,0.02,0.0
6,7,8,15.690000000000001,0.030000000000000006,0.0
6,7,9,17.15,0.06999999999999999,0.0
6,7,10,18.22,0.1,0.0
6,7,11,19.21,0.06000000000000001,0.0
6,7,12,19.94,0.04,0.0
6,7,13,20.44,0.06000000000000001,0.0
6,7,14,20.8,0.05,0.0
6,7,15,21.009999999999998,0.05,0.0
6,7,16,21.15,0.02,0.0
6,7,17,20.96,0.0,0.0
6,7,18,20.65,0.0,0.0
6,7,19,19.86,0.03,0.0
6,7,20,18.45,0.0,0.0
6,7,21,16.669999999999998,0.0,0.0
6,7,22,16.02,0.0,0.0
6,7,23,15.27,0.0,0.0
6,8,0,14.319999999999999,0.02,0.0
6,8,1,13.62,0.01,0.0
6,8,2,13.219999999999999,0.0,0.0
6,8,3,13.1,0.0,0.0
6,8,4,12.379999999999999,0.0,0.0
6,8,5,12.67,0.0,0.0
6,8,6,13.74,0.0,0.0
6,8,7,15.12,0.0,0.0
6,8,8,16.57,0.0,0.0
6,8,9,18.0,0.01,0.0
6,8,10,18.98,0.030000000000000006,0.0
6,8,11,19.68,0.12,0.0
6,8,12,20.29,0.09,0.0
6,8,13,20.59,0.24000000000000005,0.0
6,8,14,20.95,0.1,0.0
6,8,15,21.45,0.30999999999999994,0.0
6,8,16,21.29,0.32,0.0
6,8,17,21.11,0.03,0.0
6,8,18,20.77,0.0,0.0
6,8,19,20.009999999999998,0.0,0.0
6,8,20,18.81,0.0,0.0
6,8,21,17.0,0.0,0.0
6,8,22,15.91,0.08,0.0
6,8,23,14.84,0.02,0.0
6,9,0,14.12,0.030000000000000006,0.0
6,9,1,13.52,0.09,0.0
6,9,2,13.030000000000001,0.0,0.0
6,9,3,12.65,0.2,0.0
6,9,4,11.86,0.08,0.0
6,9,5,12.42,0.039999999999999994,0.0
6,9,6,13.74,0.01,0.0
6,9,7,15.319999999999999,0.0,0.0
6,9,8,16.93,0.0,0.0
6,9,9,18.31,0.06,0.0
6,9,10,19.4,0.04,0.0
6,9,11,20.1,0.05,0.0
6,9,12,20.69,0.20999999999999996,0.0
6,9,13,21.22,0.05,0.0
6,9,14,21.44,0.3,0.0
6,9,15,21.22,0.5599999999999999,0.0
6,9,16,20.990000000000002,0.07999999999999999,0.0
6,9,17,20.82,0.030000000000000006,0.0
6,9,18,20.580000000000002,0.02,0.0
6,9,19,19.740000000000002,0.0,0.0
6,9,20,18.58,0.0,0.0
6,9,21,17.14,0.0,0.0
6,9,22,15.91,0.0,0.0
6,9,23,14.98,0.0,0.0
6,10,0,14.180000000000001,0.0,0.0
6,10,1,13.36,0.0,0.0
6,10,2,12.559999999999999,0.0,0.0
6,10,3,11.99,0.0,0.0
6,10,4,11.55,0.0,0.0
6,10,5,12.27,0.03,0.0
6,10,6,13.690000000000001,0.02,0.0
6,10,7,15.24,0.0,0.0
6,10,8,16.65,0.0,0.0
6,10,9,17.580000000000002,0.15,0.0
6,10,10,18.4,0.1,0.0
6,10,11,19.11,0.15999999999999998,0.0
6,10,12,19.45,0.16,0.0
6,10,13,19.57,0.16,0.0
6,10,14,19.65,0.12,0.0
6,10,15,19.72,0.06999999999999999,0.0
6,10,16,19.52,0.12999999999999998,0.0
6,10,17,19.16,0.06,0.0
6,10,18,18.93,0.03,0.0
6,10,19,18.5,0.02,0.0
6,10,20,17.54,0.02,0.0
6,10,21,16.25,0.01,0.0
6,10,22,14.98,0.02,0.0
6,10,23,14.040000000000001,0.06,0.0
6,11,0,13.430000000000001,1.33,0.0
6,11,1,13.069999999999999,0.09,0.0
6,11,2,12.5,0.06,0.0
6,11,3,12.23,0.45,0.0
6,11,4,11.940000000000001,0.13,0.0
6,11,5,12.47,0.09,0.0
6,11,6,13.819999999999999,0.05,0.0
6,11,7,15.310000000000002,0.11000000000000001,0.0
6,11,8,16.580000000000002,0.12999999999999998,0.0
6,11,9,17.86,0.2,0.0
6,11,10,18.880000000000003,0.11000000000000001,0.0
6,11,11,19.89,0.07,0.0
6,11,12,20.31,0.15,0.0
6,11,13,20.41,1.05,0.0
6,11,14,20.84,0.11000000000000001,0.0
6,11,15,20.75,0.27999999999999997,0.0
6,11,16,21.380000000000003,0.06,0.0
6,11,17,21.15,0.18,0.0
6,11,18,20.73,0.1,0.0
6,11,19,19.95,0.47000000000000003,0.0
6,11,20,18.869999999999997,0.02,0.0
6,11,21,17.41,0.18,0.0
6,11,22,16.580000000000002,0.06999999999999999,0.0
6,11,23,15.819999999999999,0.02,0.0
6,12,0,15.37,0.06999999999999999,0.0
6,12,1,14.940000000000001,0.19,0.0
6,12,2,14.65,0.36,0.0
6,12,3,14.05,0.21000000000000002,0.0
6,12,4,13.15,0.02,0.0
6,12,5,13.73,0.0,0.0
6,12,6,14.809999999999999,0.0,0.0
6,12,7,16.21,0.0,0.0
6,12,8,17.490000000000002,0.0,0.0
6,12,9,18.5,0.04,0.0
6,12,10,19.330000000000002,0.8099999999999999,0.0
6,12,11,20.330000000000002,0.15,0.0
6,12,12,20.52,0.23000000000000004,0.0
6,12,13,20.48,0.07,0.0
6,12,14,20.34,0.21000000000000002,0.0
6,12,15,20.29,0.62,0.0
6,12,16,20.29,0.27,0.0
6,12,17,20.330000000000002,0.05,0.0
6,12,18,19.93,0.04,0.0
6,12,19,19.45,0.0,0.0
6,12,20,18.39,0.05,0.0
6,12,21,16.919999999999998,0.02,0.0
6,12,22,15.48,0.02,0.0
6,12,23,15.030000000000001,0.06999999999999999,0.0
6,13,0,14.39,0.13999999999999999,0.0
6,13,1,13.74,0.18000000000000002,0.0
6,13,2,13.16,0.27,0.0
6,13,3,12.72,0.3,0.0
6,13,4,12.059999999999999,0.24,0.0
6,13,5,12.45,0.13999999999999999,0.0
6,13,6,13.5,0.12000000000000002,0.0
6,13,7,14.6,0.06000000000000001,0.0
6,13,8,15.690000000000001,0.08,0.0
6,13,9,16.9,0.07999999999999999,0.0
6,13,10,17.81,0.1,0.0
6,13,11,18.44,0.13,0.0
6,13,12,19.03,0.15,0.0
6,13,13,19.330000000000002,0.41000000000000003,0.0
6,13,14,19.630000000000003,0.15,0.0
6,13,15,19.75,0.16,0.0
6,13,16,19.79,0.31,0.0
6,13,17,19.75,0.01,0.0
6,13,18,19.4,0.01,0.0
6,13,19,18.77,0.01,0.0
6,13,20,17.52,0.29,0.0
6,13,21,15.809999999999999,0.07,0.0
6,13,22,14.62,0.08,0.0
6,13,23,13.780000000000001,0.05,0.0
6,14,0,13.11,0.04,0.0
6,14,1,12.64,0.03,0.0
6,14,2,12.07,0.06000000000000001,0.0
6,14,3,11.92,0.030000000000000006,0.0
6,14,4,11.24,0.02,0.0
6,14,5,11.91,0.09,0.0
6,14,6,13.11,0.04,0.0
6,14,7,14.59,0.01,0.0
6,14,8,16.169999999999998,0.02,0.0
6,14,9,17.68,0.01,0.0
6,14,10,19.0,0.02,0.0
6,14,11,19.95,0.02,0.0
6,14,12,20.580000000000002,0.04,0.0
6,14,13,21.3,0.04,0.0
6,14,14,21.509999999999998,0.27,0.0
6,14,15,22.130000000000003,0.01,0.0
6,14,16,21.98,0.0,0.0
6,14,17,21.71,0.08,0.0
6,14,18,21.1,0.06,0.0
6,14,19,19.830000000000002,0.5,0.0
6,14,20,18.73,0.13,0.0
6,14,21,17.080000000000002,0.01,0.0
6,14,22,16.15,0.01,0.0
6,14,23,15.39,0.02,0.0
6,15,0,14.45,0.02,0.0
6,15,1,13.7,0.02,0.0
6,15,2,13.16,0.03,0.0
6,15,3,12.66,0.05,0.0
6,15,4,12.26,0.04,0.0
6,15,5,12.75,0.05,0.0
6,15,6,14.01,0.13,0.0
6,15,7,15.39,0.11000000000000001,0.0
6,15,8,16.72,0.05,0.0
6,15,9,17.91,0.05,0.0
6,15,10,18.71,0.06,0.0
6,15,11,19.45,0.06,0.0
6,15,12,20.18,0.06,0.0
6,15,13,20.79,0.05,0.0
6,15,14,21.279999999999998,0.04,0.0
6,15,15,21.36,0.05,0.0
6,15,16,21.509999999999998,0.02,0.0
6,15,17,21.22,0.01,0.0
6,15,18,20.869999999999997,0.0,0.0
6,15,19,20.21,0.23000000000000004,0.0
6,15,20,19.15,0.02,0.0
6,15,21,17.580000000000002,0.01,0.0
6,15,22,16.7,0.01,0.0
6,15,23,16.04,0.0,0.0
6,16,0,15.440000000000001,0.0,0.0
6,16,1,14.61,0.01,0.0
6,16,2,14.25,0.01,0.0
6,16,3,13.819999999999999,0.01,0.0
6,16,4,13.36,0.01,0.0
6,16,5,14.09,0.04,0.0
6,16,6,15.309999999999999,0.09,0.0
6,16,7,16.509999999999998,0.02,0.0
6,16,8,17.77,0.030000000000000006,0.0
6,16,9,18.759999999999998,0.1,0.0
6,16,10,19.46,0.19,0.0
6,16,11,20.25,0.2,0.0
6,16,12,20.84,0.16,0.0
6,16,13,21.3,0.29999999999999993,0.0
6,16,14,21.78,0.05,0.0
6,16,15,22.07,0.03,0.0
6,16,16,22.330000000000002,0.2,0.0
6,16,17,22.11,0.25,0.0
6,16,18,21.78,0.06,0.0
6,16,19,20.919999999999998,0.05,0.0
6,16,20,19.64,0.16,0.0
6,16,21,17.630000000000003,0.09,0.0
6,16,22,16.57,0.0,0.0
6,16,23,15.98,0.0,0.0
6,17,0,15.290000000000001,0.0,0.0
6,17,1,14.63,0.0,0.0
6,17,2,14.180000000000001,0.0,0.0
6,17,3,13.13,0.27999999999999997,0.0
6,17,4,12.309999999999999,0.0,0.0
6,17,5,13.190000000000001,0.0,0.0
6,17,6,14.919999999999998,0.0,0.0
6,17,7,16.8,0.0,0.0
6,17,8,18.52,0.0,0.0
6,17,9,20.11,0.0,0.0
6,17,10,21.2,0.01,0.0
6,17,11,21.55,0.45,0.0
6,17,12,21.93,0.6799999999999999,0.0
6,17,13,22.830000000000002,0.04,0.0
6,17,14,22.95,0.18,0.0
6,17,15,23.669999999999998,0.1,0.0
6,17,16,23.77,0.29,0.0
6,17,17,23.39,0.05,0.0
6,17,18,22.580000000000002,0.13,0.0
6,17,19,21.759999999999998,0.06,0.0
6,17,20,20.369999999999997,0.01,0.0
6,17,21,18.45,0.0,0.0
6,17,22,17.240000000000002,0.0,0.0
6,17,23,16.52,0.0,0.0
6,18,0,15.85,0.0,0.0
6,18,1,15.24,0.0,0.0
6,18,2,14.930000000000001,0.0,0.0
6,18,3,14.66,0.0,0.0
6,18,4,14.080000000000002,0.0,0.0
6,18,5,14.3,0.05,0.0
6,18,6,15.709999999999999,0.05,0.0
6,18,7,17.44,0.01,0.0
6,18,8,19.03,0.0,0.0
6,18,9,20.490000000000002,0.0,0.0
6,18,10,21.58,0.01,0.0
6,18,11,22.5,0.01,0.0
6,18,12,23.169999999999998,0.01,0.0
6,18,13,23.73,0.06,0.0
6,18,14,23.9,0.1,0.0
6,18,15,24.22,0.33,0.0
6,18,16,24.11,0.38,0.0
6,18,17,23.669999999999998,0.06999999999999999,0.0
6,18,18,22.85,0.04,0.0
6,18,19,22.23,0.01,0.0
6,18,20,20.96,0.0,0.0
6,18,21,19.28,0.0,0.0
6,18,22,18.27,0.08,0.0
6,18,23,17.490000000000002,0.21000000000000002,0.0
6,19,0,16.72,0.15,0.0
6,19,1,16.18,0.03,0.0
6,19,2,15.580000000000002,0.0,0.0
6,19,3,15.069999999999999,0.0,0.0
6,19,4,14.4,0.0,0.0
6,19,5,15.0,0.0,0.0
6,19,6,16.29,0.01,0.0
6,19,7,17.619999999999997,0.04,0.0
6,19,8,19.02,0.04,0.0
6,19,9,20.41,0.04,0.0
6,19,10,21.3,0.06999999999999999,0.0
6,19,11,22.259999999999998,0.02,0.0
6,19,12,22.84,0.39,0.0
6,19,13,23.28,0.2,0.0
6,19,14,23.72,0.02,0.0
6,19,15,24.15,0.01,0.0
6,19,16,24.490000000000002,0.01,0.0
6,19,17,24.56,0.0,0.0
6,19,18,24.03,0.01,0.0
6,19,19,23.22,0.05,0.0
6,19,20,21.880000000000003,0.06,0.0
6,19,21,20.09,0.01,0.0
6,19,22,19.09,0.06999999999999999,0.0
6,19,23,18.19,0.13999999999999999,0.0
6,20,0,17.86,0.0,0.0
6,20,1,17.11,0.0,0.0
6,20,2,16.66,0.0,0.0
6,20,3,16.19,0.02,0.0
6,20,4,15.2,0.07999999999999999,0.0
6,20,5,15.690000000000001,0.02,0.0
6,20,6,16.770000000000003,0.06999999999999999,0.0
6,20,7,18.189999999999998,0.03,0.0
6,20,8,19.6,0.02,0.0
6,20,9,20.7,0.0,0.0
6,20,10,21.759999999999998,0.01,0.0
6,20,11,22.479999999999997,0.05,0.0
6,20,12,23.28,0.02,0.0
6,20,13,23.45,0.7,0.0
6,20,14,23.5,0.54,0.0
6,20,15,23.28,0.52,0.0
6,20,16,23.52,0.01,0.0
6,20,17,23.21,0.09,0.0
6,20,18,22.669999999999998,0.1,0.0
6,20,19,21.8,0.17,0.0
6,20,20,20.84,0.04,0.0
6,20,21,19.380000000000003,0.030000000000000006,0.0
6,20,22,18.240000000000002,0.1,0.0
6,20,23,17.259999999999998,0.11000000000000001,0.0
6,21,0,16.55,0.03,0.0
6,21,1,15.77,0.05,0.0
6,21,2,15.27,0.01,0.0
6,21,3,14.780000000000001,0.02,0.0
6,21,4,14.219999999999999,0.08,0.0
6,21,5,14.530000000000001,0.06999999999999999,0.0
6,21,6,15.459999999999999,0.1,0.0
6,21,7,16.61,0.1,0.0
6,21,8,17.830000000000002,0.06,0.0
6,21,9,19.09,0.01,0.0
6,21,10,20.14,0.0,0.0
6,21,11,21.160000000000004,0.01,0.0
6,21,12,21.84,0.01,0.0
6,21,13,22.29,0.0,0.0
6,21,14,22.71,0.02,0.0
6,21,15,22.3,0.01,0.0
6,21,16,22.490000000000002,0.01,0.0
6,21,17,22.69,0.06,0.0
6,21,18,22.4,0.05,0.0
6,21,19,21.87,0.0,0.0
6,21,20,20.65,0.0,0.0
6,21,21,19.06,0.02,0.0
6,21,22,17.9,0.0,0.0
6,21,23,17.45,0.0,0.0
6,22,0,16.84,0.0,0.0
6,22,1,16.34,0.2,0.0
6,22,2,15.530000000000001,0.1,0.0
6,22,3,14.74,0.02,0.0
6,22,4,13.88,0.0,0.0
6,22,5,14.77,0.0,0.0
6,22,6,16.0,0.08,0.0
6,22,7,17.23,0.26,0.0
6,22,8,18.54,0.05,0.0
6,22,9,20.1,0.0,0.0
6,22,10,21.4,0.01,0.0
6,22,11,22.509999999999998,0.01,0.0
6,22,12,23.32,0.02,0.0
6,22,13,23.82,0.02,0.0
6,22,14,24.21,0.03,0.0
6,22,15,24.24,0.13999999999999999,0.0
6,22,16,24.48,0.0,0.0
6,22,17,24.0,0.02,0.0
6,22,18,23.66,0.0,0.0
6,22,19,23.09,0.0,0.0
6,22,20,21.869999999999997,0.0,0.0
6,22,21,19.64,0.0,0.0
6,22,22,18.16,0.0,0.0
6,22,23,17.62,0.0,0.0
6,23,0,16.580000000000002,0.0,0.0
6,23,1,15.95,0.0,0.0
6,23,2,15.419999999999998,0.0,0.0
6,23,3,14.91,0.0,0.0
6,23,4,14.319999999999999,0.0,0.0
6,23,5,14.690000000000001,0.0,0.0
6,23,6,15.779999999999998,0.06999999999999999,0.0
6,23,7,17.12,0.01,0.0
6,23,8,18.56,0.01,0.0
6,23,9,19.94,0.02,0.0
6,23,10,20.85,0.039999999999999994,0.0
6,23,11,21.619999999999997,0.05,0.0
6,23,12,22.2,0.05,0.0
6,23,13,22.57,0.09,0.0
6,23,14,22.94,0.04,0.0
6,23,15,23.610000000000003,0.02,0.0
6,23,16,23.75,0.01,0.0
6,23,17,23.619999999999997,0.07999999999999999,0.0
6,23,18,23.21,0.01,0.0
6,23,19,22.529999999999998,0.01,0.0
6,23,20,21.490000000000002,0.02,0.0
6,23,21,20.0,0.0,0.0
6,23,22,18.9,0.0,0.0
6,23,23,17.94,0.01,0.0
6,24,0,16.75,0.01,0.0
6,24,1,16.07,0.03,0.0
6,24,2,15.74,0.01,0.0
6,24,3,14.719999999999999,0.0,0.0
6,24,4,13.99,0.05,0.0
6,24,5,14.74,0.0,0.0
6,24,6,16.16,0.0,0.0
6,24,7,17.97,0.0,0.0
6,24,8,19.56,0.01,0.0
6,24,9,20.89,0.0,0.0
6,24,10,21.97,0.02,0.0
6,24,11,22.669999999999998,0.02,0.0
6,24,12,23.28,0.04,0.0
6,24,13,23.69,0.02,0.0
6,24,14,23.71,0.030000000000000006,0.0
6,24,15,24.18,0.030000000000000006,0.0
6,24,16,24.410000000000004,0.01,0.0
6,24,17,23.910000000000004,0.0,0.0
6,24,18,23.169999999999998,0.0,0.0
6,24,19,22.380000000000003,0.01,0.0
6,24,20,21.16,0.01,0.0
6,24,21,19.25,0.04,0.0
6,24,22,18.119999999999997,0.06999999999999999,0.0
6,24,23,17.2,0.13999999999999999,0.0
6,25,0,16.240000000000002,0.13,0.0
6,25,1,15.41,0.11000000000000001,0.0
6,25,2,14.84,0.12,0.0
6,25,3,14.290000000000001,0.1,0.0
6,25,4,13.73,0.04,0.0
6,25,5,14.379999999999999,0.0,0.0
6,25,6,15.73,0.0,0.0
6,25,7,17.490000000000002,0.04,0.0
6,25,8,19.16,0.01,0.0
6,25,9,20.509999999999998,0.03,0.0
6,25,10,21.36,0.11000000000000001,0.0
6,25,11,22.16,0.18,0.0
6,25,12,23.14,0.02,0.0
6,25,13,23.919999999999998,0.02,0.0
6,25,14,24.27,0.09,0.0
6,25,15,24.630000000000003,0.01,0.0
6,25,16,24.91,0.0,0.0
6,25,17,24.69,0.0,0.0
6,25,18,24.389999999999997,0.0,0.0
6,25,19,23.5,0.01,0.0
6,25,20,22.330000000000002,0.0,0.0
6,25,21,20.509999999999998,0.0,0.0
6,25,22,19.22,0.0,0.0
6,25,23,18.44,0.0,0.0
6,26,0,17.61,0.0,0.0
6,26,1,17.16,0.0,0.0
6,26,2,16.7,0.0,0.0
6,26,3,16.130000000000003,0.0,0.0
6,26,4,15.059999999999999,0.0,0.0
6,26,5,15.780000000000001,0.0,0.0
6,26,6,17.11,0.0,0.0
6,26,7,18.66,0.0,0.0
6,26,8,20.229999999999997,0.0,0.0
6,26,9,21.82,0.0,0.0
6,26,10,22.93,0.0,0.0
6,26,11,23.75,0.0,0.0
6,26,12,24.21,0.03,0.0
6,26,13,24.619999999999997,0.01,0.0
6,26,14,24.89,0.02,0.0
6,26,15,25.53,0.0,0.0
6,26,16,25.5,0.039999999999999994,0.0
6,26,17,25.07,0.35,0.0
6,26,18,24.65,0.15999999999999998,0.0
6,26,19,24.05,0.26,0.0
6,26,20,22.72,0.16,0.0
6,26,21,20.869999999999997,0.24,0.0
6,26,22,19.740000000000002,0.13,0.0
6,26,23,19.03,0.06999999999999999,0.0
6,27,0,18.3,0.0,0.0
6,27,1,17.75,0.0,0.0
6,27,2,17.19,0.02,0.0
6,27,3,16.48,0.01,0.0
6,27,4,15.76,0.03,0.0
6,27,5,16.41,0.06,0.0
6,27,6,17.59,0.25,0.0
6,27,7,19.1,0.33999999999999997,0.0
6,27,8,20.669999999999998,0.18,0.0
6,27,9,22.07,0.1,0.0
6,27,10,23.19,0.2,0.0
6,27,11,23.729999999999997,0.27,0.0
6,27,12,23.96,0.51,0.0
6,27,13,23.93,0.57,0.0
6,27,14,24.0,0.5700000000000001,0.0
6,27,15,24.18,0.38,0.0
6,27,16,23.52,0.3,0.0
6,27,17,23.34,0.19,0.0
6,27,18,22.84,0.19,0.0
6,27,19,22.240000000000002,0.16999999999999998,0.0
6,27,20,21.29,0.22999999999999998,0.0
6,27,21,19.94,0.29,0.0
6,27,22,18.990000000000002,0.25,0.0
6,27,23,18.23,0.27,0.0
6,28,0,17.580000000000002,0.22000000000000003,0.0
6,28,1,16.95,0.27999999999999997,0.0
6,28,2,16.4,0.38,0.0
6,28,3,15.569999999999999,0.4600000000000001,0.0
6,28,4,14.809999999999999,0.19,0.0
6,28,5,15.580000000000002,0.16,0.0
6,28,6,16.55,0.16999999999999998,0.0
6,28,7,17.61,0.18,0.0
6,28,8,18.66,0.13,0.0
6,28,9,19.64,0.06999999999999999,0.0
6,28,10,20.52,0.1,0.0
6,28,11,21.41,0.09,0.0
6,28,12,21.64,0.22999999999999998,0.0
6,28,13,21.89,0.16,0.0
6,28,14,22.169999999999998,0.27999999999999997,0.0
6,28,15,22.55,0.3,0.0
6,28,16,22.25,0.32,0.0
6,28,17,21.7,0.2,0.0
6,28,18,21.369999999999997,0.16999999999999998,0.0
6,28,19,20.65,0.16,0.0
6,28,20,19.55,0.1,0.0
6,28,21,18.009999999999998,0.18,0.0
6,28,22,16.919999999999998,0.13999999999999999,0.0
6,28,23,16.11,0.28,0.0
6,29,0,15.559999999999999,0.37,0.0
6,29,1,14.919999999999998,0.43999999999999995,0.0
6,29,2,14.48,0.22000000000000003,0.0
6,29,3,13.7,0.09,0.0
6,29,4,12.969999999999999,0.02,0.0
6,29,5,13.36,0.05,0.0
6,29,6,14.5,0.05,0.0
6,29,7,15.87,0.05,0.0
6,29,8,17.240000000000002,0.05,0.0
6,29,9,18.47,0.05,0.0
6,29,10,19.490000000000002,0.04,0.0
6,29,11,20.25,0.05,0.0
6,29,12,20.78,0.09,0.0
6,29,13,21.31,0.06999999999999999,0.0
6,29,14,21.490000000000002,0.039999999999999994,0.0
6,29,15,21.95,0.06999999999999999,0.0
6,29,16,22.119999999999997,0.04,0.0
6,29,17,21.85,0.06,0.0
6,29,18,21.46,0.05,0.0
6,29,19,20.81,0.02,0.0
6,29,20,19.72,0.0,0.0
6,29,21,18.3,0.01,0.0
6,29,22,17.25,0.0,0.0
6,29,23,16.2,0.0,0.0
6,30,0,15.709999999999999,0.0,0.0
6,30,1,15.05,0.0,0.0
6,30,2,14.680000000000001,0.0,0.0
6,30,3,13.99,0.0,0.0
6,30,4,13.35,0.0,0.0
6,30,5,13.930000000000001,0.0,0.0
6,30,6,15.27,0.0,0.0
6,30,7,16.93,0.0,0.0
6,30,8,18.44,0.01,0.0
6,30,9,19.990000000000002,0.0,0.0
6,30,10,21.169999999999998,0.0,0.0
6,30,11,22.1,0.0,0.0
6,30,12,22.54,0.29000000000000004,0.0
6,30,13,23.03,0.12999999999999998,0.0
6,30,14,23.35,0.06999999999999999,0.0
6,30,15,22.82,0.48,0.0
6,30,16,23.240000000000002,0.06,0.0
6,30,17,23.04,0.04,0.0
6,30,18,21.85,0.66,0.0
6,30,19,21.44,0.0,0.0
6,30,20,20.71,0.039999999999999994,0.0
6,30,21,19.509999999999998,0.04,0.0
6,30,22,18.52,0.02,0.0
6,30,23,17.93,0.0,0.0
7,1,0,17.23,0.06000000000000001,0.0
7,1,1,16.669999999999998,0.23000000000000004,0.0
7,1,2,16.34,0.39,0.0
7,1,3,16.09,0.43,0.0
7,1,4,15.61,0.13999999999999999,0.0
7,1,5,15.819999999999999,0.06,0.0
7,1,6,16.96,0.02,0.0
7,1,7,18.259999999999998,0.030000000000000006,0.0
7,1,8,19.580000000000002,0.11000000000000001,0.0
7,1,9,20.72,0.11000000000000001,0.0
7,1,10,21.57,0.25,0.0
7,1,11,22.09,0.65,0.0
7,1,12,22.45,0.48,0.0
7,1,13,22.64,0.05,0.0
7,1,14,23.09,0.38,0.0
7,1,15,23.93,0.04,0.0
7,1,16,24.28,0.04,0.0
7,1,17,24.18,0.02,0.0
7,1,18,23.61,0.03,0.0
7,1,19,23.07,0.02,0.0
7,1,20,22.11,0.0,0.0
7,1,21,20.880000000000003,0.0,0.0
7,1,22,19.82,0.0,0.0
7,1,23,18.869999999999997,0.0,0.0
7,2,0,18.240000000000002,0.0,0.0
7,2,1,17.58,0.0,0.0
7,2,2,17.009999999999998,0.01,0.0
7,2,3,16.47,0.04,0.0
7,2,4,15.84,0.04,0.0
7,2,5,16.080000000000002,0.14,0.0
7,2,6,16.97,0.12000000000000002,0.0
7,2,7,18.23,0.02,0.0
7,2,8,19.45,0.01,0.0
7,2,9,20.64,0.06,0.0
7,2,10,21.59,0.08,0.0
7,2,11,22.35,0.05,0.0
7,2,12,22.79,0.13,0.0
7,2,13,23.21,0.26,0.0
7,2,14,23.54,0.18,0.0
7,2,15,23.419999999999998,0.05,0.0
7,2,16,23.1,0.18,0.0
7,2,17,22.82,0.06999999999999999,0.0
7,2,18,22.6,0.09,0.0
7,2,19,22.080000000000002,0.01,0.0
7,2,20,21.119999999999997,0.03,0.0
7,2,21,19.53,0.01,0.0
7,2,22,18.28,0.0,0.0
7,2,23,17.740000000000002,0.02,0.0
7,3,0,17.259999999999998,0.13999999999999999,0.0
7,3,1,16.939999999999998,0.01,0.0
7,3,2,16.52,0.05,0.0
7,3,3,15.86,0.0,0.0
7,3,4,15.469999999999999,0.01,0.0
7,3,5,15.8,0.32999999999999996,0.0
7,3,6,16.8,0.06,0.0
7,3,7,18.05,0.06999999999999999,0.0
7,3,8,19.14,0.1,0.0
7,3,9,20.15,0.2,0.0
7,3,10,20.990000000000002,0.05,0.0
7,3,11,21.86,0.05,0.0
7,3,12,22.48,0.02,0.0
7,3,13,23.009999999999998,0.01,0.0
7,3,14,23.330000000000002,0.02,0.0
7,3,15,23.119999999999997,0.039999999999999994,0.0
7,3,16,23.71,0.0,0.0
7,3,17,23.35,0.06999999999999999,0.0
7,3,18,22.97,0.0,0.0
7,3,19,22.39,0.0,0.0
7,3,20,21.119999999999997,0.01,0.0
7,3,21,19.81,0.0,0.0
7,3,22,18.54,0.16999999999999998,0.0
7,3,23,17.79,0.06999999999999999,0.0
7,4,0,17.19,0.18,0.0
7,4,1,16.68,0.3,0.0
7,4,2,16.22,0.13,0.0
7,4,3,15.459999999999999,0.01,0.0
7,4,4,14.84,0.0,0.0
7,4,5,15.37,0.01,0.0
7,4,6,16.5,0.02,0.0
7,4,7,18.06,0.0,0.0
7,4,8,19.6,0.030000000000000006,0.0
7,4,9,20.869999999999997,0.01,0.0
7,4,10,22.1,0.05,0.0
7,4,11,22.84,0.07999999999999999,0.0
7,4,12,23.36,0.03,0.0
7,4,13,23.839999999999996,0.03,0.0
7,4,14,24.07,0.08,0.0
7,4,15,24.06,0.25,0.0
7,4,16,23.96,0.19,0.0
7,4,17,23.69,0.11000000000000001,0.0
7,4,18,23.22,0.09,0.0
7,4,19,22.39,0.18,0.0
7,4,20,21.259999999999998,0.12,0.0
7,4,21,19.6,0.08,0.0
7,4,22,18.54,0.03,0.0
7,4,23,17.6,0.039999999999999994,0.0
7,5,0,17.080000000000002,0.02,0.0
7,5,1,16.44,0.030000000000000006,0.0
7,5,2,15.959999999999999,0.01,0.0
7,5,3,15.540000000000001,0.02,0.0
7,5,4,14.66,0.05,0.0
7,5,5,15.069999999999999,0.02,0.0
7,5,6,16.04,0.0,0.0
7,5,7,17.36,0.0,0.0
7,5,8,18.95,0.0,0.0
7,5,9,20.4,0.01,0.0
7,5,10,21.47,0.030000000000000006,0.0
7,5,11,22.22,0.07,0.0
7,5,12,22.27,0.26,0.0
7,5,13,22.759999999999998,0.07,0.0
7,5,14,22.5,0.09,0.0
7,5,15,23.07,0.09,0.0
7,5,16,23.58,0.12,0.0
7,5,17,23.11,0.01,0.0
7,5,18,22.869999999999997,0.02,0.0
7,5,19,22.14,0.02,0.0
7,5,20,20.78,0.12,0.0
7,5,21,19.130000000000003,0.79,0.0
7,5,22,18.240000000000002,0.21000000000000002,0.0
7,5,23,17.509999999999998,0.06,0.0
7,6,0,16.869999999999997,0.01,0.0
7,6,1,16.31,0.01,0.0
7,6,2,15.819999999999999,0.0,0.0
7,6,3,15.430000000000001,0.030000000000000006,0.0
7,6,4,14.63,0.06,0.0
7,6,5,14.9,0.06999999999999999,0.0
7,6,6,15.819999999999999,0.06999999999999999,0.0
7,6,7,17.04,0.01,0.0
7,6,8,18.19,0.01,0.0
7,6,9,19.23,0.01,0.0
7,6,10,20.41,0.02,0.0
7,6,11,21.16,0.06000000000000001,0.0
7,6,12,21.75,0.030000000000000006,0.0
7,6,13,22.39,0.030000000000000006,0.0
7,6,14,22.82,0.0,0.0
7,6,15,23.09,0.01,0.0
7,6,16,23.14,0.0,0.0
7,6,17,22.919999999999998,0.0,0.0
7,6,18,22.53,0.0,0.0
7,6,19,21.71,0.02,0.0
7,6,20,20.52,0.01,0.0
7,6,21,18.84,0.0,0.0
7,6,22,17.69,0.0,0.0
7,6,23,16.97,0.0,0.0
7,7,0,16.41,0.0,0.0
7,7,1,15.930000000000001,0.0,0.0
7,7,2,15.55,0.0,0.0
7,7,3,15.02,0.0,0.0
7,7,4,14.5,0.01,0.0
7,7,5,15.02,0.36,0.0
7,7,6,16.0,0.72,0.0
7,7,7,17.18,0.17,0.0
7,7,8,18.43,0.1,0.0
7,7,9,19.91,0.15,0.0
7,7,10,21.19,0.11000000000000001,0.0
7,7,11,21.85,0.12,0.0
7,7,12,22.28,0.25,0.0
7,7,13,22.75,0.039999999999999994,0.0
7,7,14,22.619999999999997,0.31,0.0
7,7,15,23.29,0.13,0.0
7,7,16,23.48,0.19,0.0
7,7,17,23.39,0.01,0.0
7,7,18,22.619999999999997,0.15000000000000002,0.0
7,7,19,21.34,0.55,0.0
7,7,20,20.27,0.030000000000000006,0.0
7,7,21,19.009999999999998,0.030000000000000006,0.0
7,7,22,17.869999999999997,0.05,0.0
7,7,23,17.19,0.04,0.0
7,8,0,16.330000000000002,0.02,0.0
7,8,1,15.95,0.03,0.0
7,8,2,15.51,0.09,0.0
7,8,3,15.0,0.03,0.0
7,8,4,14.169999999999998,0.05,0.0
7,8,5,14.55,0.04,0.0
7,8,6,15.51,0.04,0.0
7,8,7,16.72,0.11000000000000001,0.0
7,8,8,18.09,0.1,0.0
7,8,9,19.18,0.04,0.0
7,8,10,19.97,0.13999999999999999,0.0
7,8,11,20.66,0.13,0.0
7,8,12,21.11,0.16999999999999998,0.0
7,8,13,21.54,0.52,0.0
7,8,14,21.95,0.09,0.0
7,8,15,21.9,0.12,0.0
7,8,16,22.02,0.09,0.0
7,8,17,22.05,0.06999999999999999,0.0
7,8,18,21.85,0.01,0.0
7,8,19,21.31,0.0,0.0
7,8,20,20.16,0.29,0.0
7,8,21,18.41,0.75,0.0
7,8,22,17.52,0.41,0.0
7,8,23,16.830000000000002,0.27,0.0
7,9,0,16.229999999999997,0.03,0.0
7,9,1,15.63,0.0,0.0
7,9,2,15.25,0.05,0.0
7,9,3,14.8,0.06999999999999999,0.0
7,9,4,13.99,0.22000000000000003,0.0
7,9,5,14.569999999999999,0.3,0.0
7,9,6,15.719999999999999,0.15999999999999998,0.0
7,9,7,17.11,0.02,0.0
7,9,8,18.509999999999998,0.01,0.0
7,9,9,19.8,0.02,0.0
7,9,10,20.759999999999998,0.02,0.0
7,9,11,21.54,0.06,0.0
7,9,12,22.23,0.04,0.0
7,9,13,22.6,0.04,0.0
7,9,14,23.02,0.02,0.0
7,9,15,23.1,0.19,0.0
7,9,16,22.86,0.27999999999999997,0.0
7,9,17,22.71,0.05,0.0
7,9,18,22.11,0.15,0.0
7,9,19,21.380000000000003,0.030000000000000006,0.0
7,9,20,20.119999999999997,0.0,0.0
7,9,21,18.64,0.0,0.0
7,9,22,17.630000000000003,0.11000000000000001,0.0
7,9,23,17.05,0.12,0.0
7,10,0,16.52,0.06999999999999999,0.0
7,10,1,15.98,0.1,0.0
7,10,2,15.580000000000002,0.08,0.0
7,10,3,15.219999999999999,0.09,0.0
7,10,4,14.77,0.07,0.0
7,10,5,15.01,0.09,0.0
7,10,6,15.930000000000001,0.09,0.0
7,10,7,16.9,0.35,0.0
7,10,8,17.990000000000002,0.22000000000000003,0.0
7,10,9,19.25,0.030000000000000006,0.0
7,10,10,20.47,0.030000000000000006,0.0
7,10,11,21.369999999999997,0.06,0.0
7,10,12,21.89,0.039999999999999994,0.0
7,10,13,22.470000000000002,0.01,0.0
7,10,14,22.830000000000002,0.12,0.0
7,10,15,23.36,0.13,0.0
7,10,16,22.84,0.1,0.0
7,10,17,22.490000000000002,0.03,0.0
7,10,18,22.05,0.1,0.0
7,10,19,21.04,0.01,0.0
7,10,20,20.05,0.0,0.0
7,10,21,18.73,0.02,0.0
7,10,22,17.7,0.06,0.0
7,10,23,17.119999999999997,0.08,0.0
7,11,0,16.65,0.06999999999999999,0.0
7,11,1,16.169999999999998,0.13,0.0
7,11,2,15.7,0.05,0.0
7,11,3,15.23,0.02,0.0
7,11,4,14.530000000000001,0.05,0.0
7,11,5,14.88,0.06999999999999999,0.0
7,11,6,16.0,0.04,0.0
7,11,7,17.31,0.06999999999999999,0.0
7,11,8,18.47,0.030000000000000006,0.0
7,11,9,19.72,0.02,0.0
7,11,10,20.64,0.15,0.0
7,11,11,21.46,0.04,0.0
7,11,12,22.06,0.29,0.0
7,11,13,22.89,0.030000000000000006,0.0
7,11,14,23.4,0.030000000000000006,0.0
7,11,15,23.72,0.24,0.0
7,11,16,23.52,0.08,0.0
7,11,17,23.240000000000002,0.030000000000000006,0.0
7,11,18,22.8,0.05,0.0
7,11,19,21.73,0.06999999999999999,0.0
7,11,20,20.759999999999998,0.06,0.0
7,11,21,19.490000000000002,0.06,0.0
7,11,22,18.669999999999998,0.04,0.0
7,11,23,17.95,0.04,0.0
7,12,0,17.35,0.11000000000000001,0.0
7,12,1,16.85,0.11000000000000001,0.0
7,12,2,16.37,0.15,0.0
7,12,3,15.709999999999999,0.16,0.0
7,12,4,15.09,0.09,0.0
7,12,5,15.319999999999999,0.09,0.0
7,12,6,16.02,0.1,0.0
7,12,7,16.93,0.12000000000000002,0.0
7,12,8,17.94,0.18,0.0
7,12,9,19.1,0.13999999999999999,0.0
7,12,10,20.25,0.27,0.0
7,12,11,20.979999999999997,0.36,0.0
7,12,12,21.66,0.13999999999999999,0.0
7,12,13,22.43,0.030000000000000006,0.0
7,12,14,22.89,0.030000000000000006,0.0
7,12,15,23.41,0.05,0.0
7,12,16,23.05,0.04,0.0
7,12,17,22.869999999999997,0.04,0.0
7,12,18,22.34,0.04,0.0
7,12,19,21.54,0.030000000000000006,0.0
7,12,20,20.36,0.04,0.0
7,12,21,18.85,0.13,0.0
7,12,22,17.73,0.06999999999999999,0.0
7,12,23,16.97,0.1,0.0
7,13,0,16.4,0.16,0.0
7,13,1,15.85,0.11000000000000001,0.0
7,13,2,15.4,0.08,0.0
7,13,3,14.959999999999999,0.01,0.0
7,13,4,14.219999999999999,0.01,0.0
7,13,5,14.64,0.03,0.0
7,13,6,15.65,0.16,0.0
7,13,7,16.869999999999997,0.27,0.0
7,13,8,18.06,0.31,0.0
7,13,9,19.16,0.15,0.0
7,13,10,20.32,0.13,0.0
7,13,11,21.34,0.03,0.0
7,13,12,21.91,0.030000000000000006,0.0
7,13,13,22.54,0.030000000000000006,0.0
7,13,14,22.95,0.09,0.0
7,13,15,22.84,0.22999999999999998,0.0
7,13,16,22.82,0.5599999999999999,0.0
7,13,17,22.48,0.31,0.0
7,13,18,22.009999999999998,0.4,0.0
7,13,19,21.58,0.3,0.0
7,13,20,20.669999999999998,0.29,0.0
7,13,21,19.25,0.11000000000000001,0.0
7,13,22,18.22,0.06,0.0
7,13,23,17.52,0.12000000000000002,0.0
7,14,0,17.15,0.05,0.0
7,14,1,16.84,0.0,0.0
7,14,2,16.6,0.0,0.0
7,14,3,15.89,0.0,0.0
7,14,4,15.580000000000002,0.0,0.0
7,14,5,15.85,0.0,0.0
7,14,6,16.5,0.0,0.0
7,14,7,17.380000000000003,0.0,0.0
7,14,8,18.41,0.02,0.0
7,14,9,19.61,0.06999999999999999,0.0
7,14,10,20.830000000000002,0.12000000000000002,0.0
7,14,11,21.85,0.1,0.0
7,14,12,22.55,0.01,0.0
7,14,13,22.84,0.25,0.0
7,14,14,22.740000000000002,0.4,0.0
7,14,15,22.39,0.76,0.0
7,14,16,22.759999999999998,0.42000000000000004,0.0
7,14,17,22.65,0.08,0.0
7,14,18,22.259999999999998,0.22999999999999998,0.0
7,14,19,21.490000000000002,0.21000000000000002,0.0
7,14,20,20.65,0.39,0.0
7,14,21,19.28,0.44000000000000006,0.0
7,14,22,18.490000000000002,0.31,0.0
7,14,23,17.81,0.53,0.0
7,15,0,17.25,0.22999999999999998,0.0
7,15,1,16.68,0.04,0.0
7,15,2,16.2,0.02,0.0
7,15,3,15.9,0.01,0.0
7,15,4,15.5,0.03,0.0
7,15,5,15.64,0.0,0.0
7,15,6,16.71,0.01,0.0
7,15,7,18.07,0.01,0.0
7,15,8,19.41,0.02,0.0
7,15,9,20.53,0.05,0.0
7,15,10,21.419999999999998,0.11000000000000001,0.0
7,15,11,22.21,0.12000000000000002,0.0
7,15,12,23.02,0.08,0.0
7,15,13,23.56,0.1,0.0
7,15,14,23.880000000000003,0.05,0.0
7,15,15,23.55,0.06,0.0
7,15,16,23.03,0.28,0.0
7,15,17,22.84,0.16,0.0
7,15,18,22.69,0.15,0.0
7,15,19,22.19,0.05,0.0
7,15,20,21.1,0.01,0.0
7,15,21,19.509999999999998,0.06999999999999999,0.0
7,15,22,18.5,0.11000000000000001,0.0
7,15,23,17.73,0.11000000000000001,0.0
7,16,0,17.25,0.04,0.0
7,16,1,16.91,0.03,0.0
7,16,2,16.580000000000002,0.03,0.0
7,16,3,16.11,0.01,0.0
7,16,4,15.580000000000002,0.039999999999999994,0.0
7,16,5,15.929999999999998,0.06,0.0
7,16,6,17.06,0.09,0.0
7,16,7,18.41,0.06999999999999999,0.0
7,16,8,19.66,0.21000000000000002,0.0
7,16,9,20.77,0.08,0.0
7,16,10,21.91,0.06000000000000001,0.0
7,16,11,22.79,0.08,0.0
7,16,12,23.45,0.06000000000000001,0.0
7,16,13,23.77,0.05,0.0
7,16,14,23.990000000000002,0.04,0.0
7,16,15,24.39,0.06000000000000001,0.0
7,16,16,24.35,0.03,0.0
7,16,17,23.96,0.02,0.0
7,16,18,23.22,0.4,0.0
7,16,19,22.419999999999998,0.32,0.0
7,16,20,21.41,0.01,0.0
7,16,21,19.93,0.0,0.0
7,16,22,18.86,0.05,0.0
7,16,23,18.19,0.01,0.0
7,17,0,17.46,0.0,0.0
7,17,1,16.78,0.06,0.0
7,17,2,16.23,0.2,0.0
7,17,3,15.690000000000001,0.02,0.0
7,17,4,15.189999999999998,0.01,0.0
7,17,5,15.319999999999999,0.06,0.0
7,17,6,16.43,0.11000000000000001,0.0
7,17,7,17.94,0.09,0.0
7,17,8,19.19,0.04,0.0
7,17,9,20.34,0.1,0.0
7,17,10,21.3,0.02,0.0
7,17,11,22.34,0.0,0.0
7,17,12,23.02,0.01,0.0
7,17,13,23.279999999999998,0.14,0.0
7,17,14,23.71,0.09,0.0
7,17,15,23.69,0.12000000000000002,0.0
7,17,16,23.65,0.04,0.0
7,17,17,23.27,0.39,0.0
7,17,18,22.91,0.09,0.0
7,17,19,22.43,0.0,0.0
7,17,20,21.43,0.01,0.0
7,17,21,20.36,0.01,0.0
7,17,22,19.21,0.0,0.0
7,17,23,18.5,0.09,0.0
7,18,0,17.630000000000003,0.01,0.0
7,18,1,17.25,0.04,0.0
7,18,2,16.919999999999998,0.06,0.0
7,18,3,16.32,0.1,0.0
7,18,4,15.87,0.03,0.0
7,18,5,16.2,0.0,0.0
7,18,6,17.14,0.0,0.0
7,18,7,18.259999999999998,0.0,0.0
7,18,8,19.419999999999998,0.0,0.0
7,18,9,20.630000000000003,0.0,0.0
7,18,10,21.5,0.1,0.0
7,18,11,22.5,0.36,0.0
7,18,12,23.09,0.06000000000000001,0.0
7,18,13,23.61,0.04,0.0
7,18,14,23.330000000000002,0.22999999999999998,0.0
7,18,15,23.119999999999997,1.1400000000000001,0.0
7,18,16,22.64,0.15,0.0
7,18,17,22.59,0.05,0.0
7,18,18,21.94,0.09,0.0
7,18,19,21.11,0.13,0.0
7,18,20,20.19,0.29,0.0
7,18,21,18.93,0.58,0.0
7,18,22,18.29,0.04,0.0
7,18,23,17.79,0.3,0.0
7,19,0,17.1,0.11000000000000001,0.0
7,19,1,16.59,0.06999999999999999,0.0
7,19,2,16.2,0.03,0.0
7,19,3,15.690000000000001,0.05,0.0
7,19,4,15.309999999999999,0.51,0.0
7,19,5,15.38,0.38,0.0
7,19,6,16.03,0.51,0.0
7,19,7,16.91,0.35,0.0
7,19,8,17.880000000000003,0.35,0.0
7,19,9,18.8,0.25,0.0
7,19,10,19.619999999999997,0.06999999999999999,0.0
7,19,11,20.330000000000002,0.06000000000000001,0.0
7,19,12,21.14,0.06000000000000001,0.0
7,19,13,21.65,0.2,0.0
7,19,14,22.23,0.06,0.0
7,19,15,22.48,0.06999999999999999,0.0
7,19,16,22.21,0.69,0.0
7,19,17,21.86,0.13999999999999999,0.0
7,19,18,21.18,0.21000000000000002,0.0
7,19,19,20.619999999999997,0.09,0.0
7,19,20,19.8,0.0,0.0
7,19,21,18.509999999999998,0.03,0.0
7,19,22,17.9,0.09,0.0
7,19,23,17.34,0.24000000000000005,0.0
7,20,0,16.82,0.31,0.0
7,20,1,16.380000000000003,0.45999999999999996,0.0
7,20,2,16.02,0.44000000000000006,0.0
7,20,3,15.48,0.22000000000000003,0.0
7,20,4,15.030000000000001,0.05,0.0
7,20,5,15.13,0.11000000000000001,0.0
7,20,6,15.98,0.06,0.0
7,20,7,17.15,0.02,0.0
7,20,8,18.16,0.33999999999999997,0.0
7,20,9,19.02,0.15,0.0
7,20,10,19.8,0.09,0.0
7,20,11,20.69,0.12,0.0
7,20,12,21.05,0.59,0.0
7,20,13,21.240000000000002,0.32999999999999996,0.0
7,20,14,21.479999999999997,0.19,0.0
7,20,15,22.03,0.35000000000000003,0.0
7,20,16,21.96,0.29000000000000004,0.0
7,20,17,21.419999999999998,0.48999999999999994,0.0
7,20,18,21.23,0.08,0.0
7,20,19,20.52,0.22999999999999998,0.0
7,20,20,19.339999999999996,0.34,0.0
7,20,21,18.04,0.1,0.0
7,20,22,17.29,0.08,0.0
7,20,23,16.79,0.01,0.0
7,21,0,16.3,0.02,0.0
7,21,1,15.809999999999999,0.06999999999999999,0.0
7,21,2,15.520000000000001,0.07,0.0
7,21,3,15.38,0.13999999999999999,0.0
7,21,4,14.8,0.06,0.0
7,21,5,14.8,0.18,0.0
7,21,6,15.459999999999999,0.96,0.0
7,21,7,16.19,1.1199999999999999,0.0
7,21,8,17.119999999999997,0.2,0.0
7,21,9,17.93,0.14,0.0
7,21,10,19.0,0.08,0.0
7,21,11,19.66,0.09,0.0
7,21,12,20.22,0.27,0.0
7,21,13,21.080000000000002,0.06000000000000001,0.0
7,21,14,21.330000000000002,0.08,0.0
7,21,15,21.39,0.51,0.0
7,21,16,21.43,0.030000000000000006,0.0
7,21,17,21.509999999999998,0.0,0.0
7,21,18,20.98,0.05,0.0
7,21,19,20.369999999999997,0.03,0.0
7,21,20,19.2,0.04,0.0
7,21,21,17.81,0.01,0.0
7,21,22,16.75,0.0,0.0
7,21,23,16.14,0.01,0.0
7,22,0,15.530000000000001,0.0,0.0
7,22,1,15.080000000000002,0.0,0.0
7,22,2,14.76,0.0,0.0
7,22,3,14.4,0.0,0.0
7,22,4,14.16,0.0,0.0
7,22,5,14.26,0.0,0.0
7,22,6,15.23,0.0,0.0
7,22,7,16.46,0.0,0.0
7,22,8,17.75,0.0,0.0
7,22,9,19.0,0.04,0.0
7,22,10,20.06,0.02,0.0
7,22,11,20.95,0.08,0.0
7,22,12,21.21,0.26,0.0
7,22,13,21.39,0.62,0.0
7,22,14,21.66,0.09,0.0
7,22,15,21.66,0.15,0.0
7,22,16,21.630000000000003,0.38,0.0
7,22,17,21.43,0.65,0.0
7,22,18,21.18,0.85,0.0
7,22,19,20.59,0.54,0.0
7,22,20,19.41,0.09,0.0
7,22,21,18.32,0.06,0.0
7,22,22,17.619999999999997,0.01,0.0
7,22,23,16.79,0.0,0.0
7,23,0,16.119999999999997,0.0,0.0
7,23,1,15.52,0.0,0.0
7,23,2,15.069999999999999,0.0,0.0
7,23,3,14.809999999999999,0.0,0.0
7,23,4,14.440000000000001,0.01,0.0
7,23,5,14.6,0.01,0.0
7,23,6,15.580000000000002,0.06999999999999999,0.0
7,23,7,16.53,0.05,0.0
7,23,8,17.56,0.06,0.0
7,23,9,18.6,0.08,0.0
7,23,10,19.53,0.05,0.0
7,23,11,20.44,0.039999999999999994,0.0
7,23,12,20.990000000000002,0.06999999999999999,0.0
7,23,13,20.84,0.52,0.0
7,23,14,21.02,0.29,0.0
7,23,15,21.23,0.22000000000000003,0.0
7,23,16,21.09,0.25,0.0
7,23,17,21.009999999999998,0.09,0.0
7,23,18,20.66,0.01,0.0
7,23,19,20.06,0.03,0.0
7,23,20,18.91,0.04,0.0
7,23,21,17.54,0.03,0.0
7,23,22,16.57,0.02,0.0
7,23,23,15.85,0.02,0.0
7,24,0,15.290000000000001,0.0,0.0
7,24,1,14.820000000000002,0.01,0.0
7,24,2,14.419999999999998,0.0,0.0
7,24,3,13.99,0.0,0.0
7,24,4,13.530000000000001,0.0,0.0
7,24,5,13.66,0.0,0.0
7,24,6,14.84,0.01,0.0
7,24,7,16.22,0.01,0.0
7,24,8,17.64,0.0,0.0
7,24,9,18.990000000000002,0.01,0.0
7,24,10,20.2,0.0,0.0
7,24,11,20.96,0.05,0.0
7,24,12,21.44,0.1,0.0
7,24,13,21.65,0.21000000000000002,0.0
7,24,14,21.86,0.06999999999999999,0.0
7,24,15,22.2,0.21999999999999997,0.0
7,24,16,22.43,0.06,0.0
7,24,17,22.04,0.21999999999999997,0.0
7,24,18,21.55,0.23000000000000004,0.0
7,24,19,20.89,0.08,0.0
7,24,20,19.53,0.01,0.0
7,24,21,18.02,0.0,0.0
7,24,22,17.32,0.0,0.0
7,24,23,16.66,0.0,0.0
7,25,0,15.8,0.01,0.0
7,25,1,15.26,0.06999999999999999,0.0
7,25,2,14.830000000000002,0.12,0.0
7,25,3,14.319999999999999,0.12,0.0
7,25,4,13.7,0.0,0.0
7,25,5,14.040000000000001,0.09,0.0
7,25,6,15.27,0.06999999999999999,0.0
7,25,7,16.830000000000002,0.35,0.0
7,25,8,18.380000000000003,0.02,0.0
7,25,9,19.94,0.01,0.0
7,25,10,21.11,0.06999999999999999,0.0
7,25,11,21.759999999999998,0.09,0.0
7,25,12,22.39,0.05,0.0
7,25,13,22.830000000000002,0.04,0.0
7,25,14,23.19,0.06000000000000001,0.0
7,25,15,22.84,0.55,0.0
7,25,16,23.529999999999998,0.01,0.0
7,25,17,23.330000000000002,0.01,0.0
7,25,18,22.96,0.030000000000000006,0.0
7,25,19,22.2,0.039999999999999994,0.0
7,25,20,20.75,0.0,0.0
7,25,21,19.15,0.0,0.0
7,25,22,18.19,0.0,0.0
7,25,23,17.52,0.0,0.0
7,26,0,17.009999999999998,0.0,0.0
7,26,1,16.59,0.01,0.0
7,26,2,16.279999999999998,0.01,0.0
7,26,3,15.66,0.0,0.0
7,26,4,15.040000000000001,0.01,0.0
7,26,5,14.99,0.0,0.0
7,26,6,16.25,0.0,0.0
7,26,7,18.119999999999997,0.0,0.0
7,26,8,19.78,0.0,0.0
7,26,9,21.39,0.0,0.0
7,26,10,22.759999999999998,0.02,0.0
7,26,11,23.9,0.02,0.0
7,26,12,24.740000000000002,0.02,0.0
7,26,13,25.3,0.08,0.0
7,26,14,25.5,0.12,0.0
7,26,15,25.41,0.16,0.0
7,26,16,25.54,0.04,0.0
7,26,17,25.509999999999998,0.01,0.0
7,26,18,24.96,0.02,0.0
7,26,19,24.11,0.02,0.0
7,26,20,22.71,0.02,0.0
7,26,21,21.27,0.0,0.0
7,26,22,20.130000000000003,0.0,0.0
7,26,23,19.2,0.0,0.0
7,27,0,18.580000000000002,0.0,0.0
7,27,1,18.29,0.0,0.0
7,27,2,17.68,0.0,0.0
7,27,3,17.57,0.01,0.0
7,27,4,16.869999999999997,0.0,0.0
7,27,5,16.61,0.0,0.0
7,27,6,17.78,0.13,0.0
7,27,7,19.27,0.22999999999999998,0.0
7,27,8,20.95,0.06,0.0
7,27,9,22.419999999999998,0.02,0.0
7,27,10,23.79,0.0,0.0
7,27,11,24.740000000000002,0.1,0.0
7,27,12,25.54,0.04,0.0
7,27,13,26.21,0.09,0.0
7,27,14,26.639999999999997,0.09,0.0
7,27,15,26.96,0.02,0.0
7,27,16,26.76,0.04,0.0
7,27,17,26.439999999999998,0.05,0.0
7,27,18,25.96,0.03,0.0
7,27,19,25.11,0.0,0.0
7,27,20,23.47,0.2,0.0
7,27,21,21.869999999999997,0.44000000000000006,0.0
7,27,22,21.16,0.71,0.0
7,27,23,20.369999999999997,1.0699999999999998,0.0
7,28,0,19.72,0.19,0.0
7,28,1,19.32,0.05,0.0
7,28,2,18.919999999999998,0.01,0.0
7,28,3,18.3,0.0,0.0
7,28,4,17.96,0.0,0.0
7,28,5,18.02,0.0,0.0
7,28,6,18.89,0.0,0.0
7,28,7,20.3,0.03,0.0
7,28,8,21.68,0.0,0.0
7,28,9,22.73,0.16999999999999998,0.0
7,28,10,23.369999999999997,0.15999999999999998,0.0
7,28,11,24.2,0.07,0.0
7,28,12,24.53,0.7,0.0
7,28,13,24.22,0.45,0.0
7,28,14,24.55,0.21000000000000002,0.0
7,28,15,24.79,0.24,0.0
7,28,16,24.779999999999998,0.15999999999999998,0.0
7,28,17,24.48,0.4,0.0
7,28,18,23.880000000000003,0.16,0.0
7,28,19,22.9,0.36,0.0
7,28,20,21.85,0.07999999999999999,0.0
7,28,21,20.55,0.06000000000000001,0.0
7,28,22,19.869999999999997,0.08,0.0
7,28,23,19.380000000000003,0.2,0.0
7,29,0,18.880000000000003,0.29,0.0
7,29,1,18.29,0.37,0.0
7,29,2,17.68,0.12999999999999998,0.0
7,29,3,17.32,0.06999999999999999,0.0
7,29,4,16.79,0.09,0.0
7,29,5,16.71,0.05,0.0
7,29,6,17.14,0.15,0.0
7,29,7,17.830000000000002,0.78,0.0
7,29,8,18.54,0.33999999999999997,0.0
7,29,9,19.31,0.19,0.0
7,29,10,20.4,0.11000000000000001,0.0
7,29,11,21.419999999999998,0.52,0.0
7,29,12,22.11,0.15,0.0
7,29,13,22.89,0.12,0.0
7,29,14,23.47,0.11000000000000001,0.0
7,29,15,23.77,0.12,0.0
7,29,16,23.69,0.0,0.0
7,29,17,23.03,0.0,0.0
7,29,18,22.61,0.01,0.0
7,29,19,21.78,0.0,0.0
7,29,20,20.57,0.0,0.0
7,29,21,19.169999999999998,0.0,0.0
7,29,22,18.4,0.0,0.0
7,29,23,17.59,0.02,0.0
7,30,0,17.13,0.03,0.0
7,30,1,16.56,0.05,0.0
7,30,2,15.89,0.15,0.0
7,30,3,15.169999999999998,0.25,0.0
7,30,4,14.419999999999998,0.09,0.0
7,30,5,14.5,0.05,0.0
7,30,6,15.5,0.0,0.0
7,30,7,16.95,0.0,0.0
7,30,8,18.240000000000002,0.05,0.0
7,30,9,19.380000000000003,0.06,0.0
7,30,10,20.520000000000003,0.030000000000000006,0.0
7,30,11,21.22,0.08,0.0
7,30,12,21.53,0.1,0.0
7,30,13,21.9,0.06,0.0
7,30,14,21.92,0.16999999999999998,0.0
7,30,15,21.9,0.4699999999999999,0.0
7,30,16,22.06,0.030000000000000006,0.0
7,30,17,21.919999999999998,0.02,0.0
7,30,18,21.31,0.48,0.0
7,30,19,20.580000000000002,0.18,0.0
7,30,20,19.4,0.06,0.0
7,30,21,18.07,0.01,0.0
7,30,22,17.18,0.03,0.0
7,30,23,16.54,0.06999999999999999,0.0
7,31,0,16.009999999999998,0.06999999999999999,0.0
7,31,1,15.690000000000001,0.01,0.0
7,31,2,15.290000000000001,0.15,0.0
7,31,3,14.74,0.02,0.0
7,31,4,14.23,0.0,0.0
7,31,5,13.88,0.03,0.0
7,31,6,14.5,0.11000000000000001,0.0
7,31,7,15.61,0.1,0.0
7,31,8,16.9,0.03,0.0
7,31,9,18.25,0.02,0.0
7,31,10,19.3,0.05,0.0
7,31,11,20.11,0.04,0.0
7,31,12,20.77,0.02,0.0
7,31,13,21.419999999999998,0.01,0.0
7,31,14,21.78,0.01,0.0
7,31,15,22.02,0.1,0.0
7,31,16,21.98,0.04,0.0
7,31,17,21.9,0.04,0.0
7,31,18,21.5,0.02,0.0
7,31,19,20.669999999999998,0.0,0.0
7,31,20,19.130000000000003,0.0,0.0
7,31,21,17.73,0.0,0.0
7,31,22,16.65,0.0,0.0
7,31,23,15.930000000000001,0.0,0.0
8,1,0,15.290000000000001,0.0,0.0
8,1,1,14.88,0.0,0.0
8,1,2,14.569999999999999,0.0,0.0
8,1,3,14.080000000000002,0.0,0.0
8,1,4,13.6,0.0,0.0
8,1,5,13.559999999999999,0.0,0.0
8,1,6,14.66,0.0,0.0
8,1,7,16.259999999999998,0.01,0.0
8,1,8,17.73,0.04,0.0
8,1,9,19.05,0.08,0.0
8,1,10,20.14,0.29000000000000004,0.0
8,1,11,21.05,0.19,0.0
8,1,12,21.61,0.1,0.0
8,1,13,22.009999999999998,0.1,0.0
8,1,14,22.09,0.58,0.0
8,1,15,22.22,0.30999999999999994,0.0
8,1,16,22.61,0.06,0.0
8,1,17,22.72,0.01,0.0
8,1,18,22.37,0.04,0.0
8,1,19,21.6,0.0,0.0
8,1,20,20.0,0.01,0.0
8,1,21,18.6,0.0,0.0
8,1,22,17.81,0.0,0.0
8,1,23,17.04,0.0,0.0
8,2,0,16.28,0.0,0.0
8,2,1,15.7,0.0,0.0
8,2,2,15.26,0.0,0.0
8,2,3,15.16,0.05,0.0
8,2,4,14.440000000000001,0.0,0.0
8,2,5,14.430000000000001,0.0,0.0
8,2,6,15.4,0.0,0.0
8,2,7,16.880000000000003,0.01,0.0
8,2,8,18.259999999999998,0.02,0.0
8,2,9,19.6,0.02,0.0
8,2,10,20.580000000000002,0.01,0.0
8,2,11,21.57,0.01,0.0
8,2,12,22.41,0.02,0.0
8,2,13,22.919999999999998,0.04,0.0
8,2,14,23.509999999999998,0.02,0.0
8,2,15,23.91,0.06,0.0
8,2,16,24.05,0.02,0.0
8,2,17,23.78,0.02,0.0
8,2,18,23.44,0.0,0.0
8,2,19,22.46,0.02,0.0
8,2,20,20.78,0.0,0.0
8,2,21,19.44,0.0,0.0
8,2,22,18.619999999999997,0.0,0.0
8,2,23,17.770000000000003,0.23000000000000004,0.0
8,3,0,17.34,0.0,0.0
8,3,1,16.85,0.0,0.0
8,3,2,16.380000000000003,0.0,0.0
8,3,3,15.820000000000002,0.0,0.0
8,3,4,15.169999999999998,0.0,0.0
8,3,5,14.959999999999999,0.0,0.0
8,3,6,15.809999999999999,0.0,0.0
8,3,7,17.130000000000003,0.0,0.0
8,3,8,18.56,0.0,0.0
8,3,9,20.03,0.0,0.0
8,3,10,21.14,0.01,0.0
8,3,11,21.990000000000002,0.030000000000000006,0.0
8,3,12,22.44,0.06999999999999999,0.0
8,3,13,22.919999999999998,0.05,0.0
8,3,14,23.240000000000002,0.030000000000000006,0.0
8,3,15,23.56,0.01,0.0
8,3,16,23.53,0.0,0.0
8,3,17,23.36,0.0,0.0
8,3,18,23.009999999999998,0.0,0.0
8,3,19,22.06,0.0,0.0
8,3,20,20.29,0.0,0.0
8,3,21,18.720000000000002,0.0,0.0
8,3,22,17.990000000000002,0.030000000000000006,0.0
8,3,23,17.36,0.04,0.0
8,4,0,16.59,0.06,0.0
8,4,1,15.959999999999999,0.03,0.0
8,4,2,15.59,0.01,0.0
8,4,3,15.1,0.0,0.0
8,4,4,14.440000000000001,0.01,0.0
8,4,5,14.1,0.0,0.0
8,4,6,15.11,0.0,0.0
8,4,7,16.580000000000002,0.0,0.0
8,4,8,18.14,0.0,0.0
8,4,9,19.71,0.01,0.0
8,4,10,20.94,0.05,0.0
8,4,11,21.57,0.13999999999999999,0.0
8,4,12,22.34,0.04,0.0
8,4,13,22.79,0.01,0.0
8,4,14,22.95,0.22000000000000003,0.0
8,4,15,23.35,0.16,0.0
8,4,16,23.68,0.0,0.0
8,4,17,23.29,0.01,0.0
8,4,18,22.9,0.0,0.0
8,4,19,21.98,0.01,0.0
8,4,20,20.29,0.0,0.0
8,4,21,18.53,0.0,0.0
8,4,22,17.57,0.01,0.0
8,4,23,16.84,0.0,0.0
8,5,0,16.54,0.0,0.0
8,5,1,16.11,0.0,0.0
8,5,2,15.540000000000001,0.0,0.0
8,5,3,14.66,0.0,0.0
8,5,4,14.02,0.0,0.0
8,5,5,13.709999999999999,0.0,0.0
8,5,6,14.680000000000001,0.0,0.0
8,5,7,16.419999999999998,0.0,0.0
8,5,8,18.14,0.0,0.0
8,5,9,19.869999999999997,0.0,0.0
8,5,10,21.36,0.0,0.0
8,5,11,22.44,0.02,0.0
8,5,12,23.11,0.030000000000000006,0.0
8,5,13,23.66,0.01,0.0
8,5,14,23.669999999999998,0.030000000000000006,0.0
8,5,15,23.94,0.16999999999999998,0.0
8,5,16,24.2,0.02,0.0
8,5,17,23.509999999999998,0.02,0.0
8,5,18,23.05,0.05,0.0
8,5,19,22.009999999999998,0.05,0.0
8,5,20,20.580000000000002,0.03,0.0
8,5,21,19.169999999999998,0.02,0.0
8,5,22,18.0,0.0,0.0
8,5,23,17.169999999999998,0.01,0.0
8,6,0,16.6,0.01,0.0
8,6,1,16.09,0.0,0.0
8,6,2,15.59,0.0,0.0
8,6,3,15.219999999999999,0.0,0.0
8,6,4,14.819999999999999,0.0,0.0
8,6,5,14.62,0.0,0.0
8,6,6,15.66,0.01,0.0
8,6,7,17.31,0.030000000000000006,0.0
8,6,8,18.82,0.03,0.0
8,6,9,20.43,0.01,0.0
8,6,10,21.91,0.01,0.0
8,6,11,23.07,0.01,0.0
8,6,12,23.71,0.01,0.0
8,6,13,24.31,0.01,0.0
8,6,14,24.41,0.1,0.0
8,6,15,24.759999999999998,0.27999999999999997,0.0
8,6,16,24.89,0.11000000000000001,0.0
8,6,17,24.59,0.06,0.0
8,6,18,24.07,0.06999999999999999,0.0
8,6,19,23.03,0.01,0.0
8,6,20,21.369999999999997,0.0,0.0
8,6,21,19.95,0.0,0.0
8,6,22,19.19,0.0,0.0
8,6,23,18.18,0.0,0.0
8,7,0,17.84,0.01,0.0
8,7,1,17.2,0.04,0.0
8,7,2,16.72,0.01,0.0
8,7,3,16.22,0.02,0.0
8,7,4,15.7,0.03,0.0
8,7,5,15.440000000000001,0.06999999999999999,0.0
8,7,6,16.23,0.19,0.0
8,7,7,17.869999999999997,0.03,0.0
8,7,8,19.509999999999998,0.16,0.0
8,7,9,21.07,0.06999999999999999,0.0
8,7,10,22.490000000000002,0.0,0.0
8,7,11,23.82,0.01,0.0
8,7,12,24.5,0.09,0.0
8,7,13,24.759999999999998,0.16999999999999998,0.0
8,7,14,25.05,0.03,0.0
8,7,15,25.22,0.030000000000000006,0.0
8,7,16,25.19,0.01,0.0
8,7,17,24.81,0.0,0.0
8,7,18,24.06,0.06999999999999999,0.0
8,7,19,22.91,0.06,0.0
8,7,20,21.53,0.04,0.0
8,7,21,20.43,0.0,0.0
8,7,22,19.71,0.0,0.0
8,7,23,19.07,0.0,0.0
8,8,0,18.45,0.01,0.0
8,8,1,17.78,0.08,0.0
8,8,2,17.169999999999998,0.16999999999999998,0.0
8,8,3,16.7,0.34,0.0
8,8,4,16.369999999999997,0.06999999999999999,0.0
8,8,5,15.959999999999999,0.01,0.0
8,8,6,16.39,0.0,0.0
8,8,7,17.369999999999997,0.01,0.0
8,8,8,18.44,0.07999999999999999,0.0
8,8,9,19.46,0.0,0.0
8,8,10,20.66,0.01,0.0
8,8,11,21.7,0.030000000000000006,0.0
8,8,12,22.21,0.06,0.0
8,8,13,22.57,0.11000000000000001,0.0
8,8,14,22.95,0.05,0.0
8,8,15,22.990000000000002,0.13999999999999999,0.0
8,8,16,23.259999999999998,0.06000000000000001,0.0
8,8,17,23.009999999999998,0.04,0.0
8,8,18,22.56,0.06999999999999999,0.0
8,8,19,21.740000000000002,0.02,0.0
8,8,20,20.33,0.05,0.0
8,8,21,18.94,0.0,0.0
8,8,22,18.080000000000002,0.030000000000000006,0.0
8,8,23,17.54,0.24,0.0
8,9,0,17.06,0.97,0.0
8,9,1,16.55,1.41,0.0
8,9,2,16.130000000000003,0.35,0.0
8,9,3,15.459999999999999,0.05,0.0
8,9,4,14.87,0.0,0.0
8,9,5,14.52,0.0,0.0
8,9,6,15.190000000000001,0.39,0.0
8,9,7,16.53,0.30999999999999994,0.0
8,9,8,17.84,0.06000000000000001,0.0
8,9,9,19.14,0.09,0.0
8,9,10,20.18,0.12000000000000002,0.0
8,9,11,21.169999999999998,0.05,0.0
8,9,12,21.990000000000002,0.030000000000000006,0.0
8,9,13,22.580000000000002,0.02,0.0
8,9,14,22.93,0.01,0.0
8,9,15,23.4,0.06999999999999999,0.0
8,9,16,23.78,0.04,0.0
8,9,17,23.73,0.01,0.0
8,9,18,23.29,0.0,0.0
8,9,19,22.16,0.01,0.0
8,9,20,20.14,0.0,0.0
8,9,21,18.830000000000002,0.0,0.0
8,9,22,17.93,0.0,0.0
8,9,23,17.03,0.0,0.0
8,10,0,16.259999999999998,0.0,0.0
8,10,1,15.690000000000001,0.0,0.0
8,10,2,15.39,0.0,0.0
8,10,3,14.89,0.0,0.0
8,10,4,14.440000000000001,0.02,0.0
8,10,5,13.99,0.02,0.0
8,10,6,14.66,0.03,0.0
8,10,7,16.22,0.06,0.0
8,10,8,18.05,0.13999999999999999,0.0
8,10,9,19.669999999999998,0.25,0.0
8,10,10,21.080000000000002,0.21000000000000002,0.0
8,10,11,22.09,0.16999999999999998,0.0
8,10,12,22.89,0.14,0.0
8,10,13,23.5,0.1,0.0
8,10,14,23.91,0.06999999999999999,0.0
8,10,15,23.91,0.18,0.0
8,10,16,24.12,0.05,0.0
8,10,17,23.95,0.01,0.0
8,10,18,23.52,0.1,0.0
8,10,19,22.41,0.06,0.0
8,10,20,20.740000000000002,0.06,0.0
8,10,21,19.48,0.5599999999999999,0.0
8,10,22,18.69,0.11000000000000001,0.0
8,10,23,18.04,0.09,0.0
8,11,0,17.3,0.04,0.0
8,11,1,16.85,0.04,0.0
8,11,2,16.36,0.13,0.0
8,11,3,15.88,0.06000000000000001,0.0
8,11,4,15.3,0.04,0.0
8,11,5,14.919999999999998,0.02,0.0
8,11,6,15.540000000000001,0.01,0.0
8,11,7,16.86,0.03,0.0
8,11,8,18.169999999999998,0.11000000000000001,0.0
8,11,9,19.35,0.2,0.0
8,11,10,20.31,0.21000000000000002,0.0
8,11,11,20.82,0.6,0.0
8,11,12,21.56,0.23000000000000004,0.0
8,11,13,22.2,0.10999999999999999,0.0
8,11,14,22.44,0.33,0.0
8,11,15,23.05,0.12,0.0
8,11,16,23.25,0.01,0.0
8,11,17,22.990000000000002,0.0,0.0
8,11,18,22.41,0.04,0.0
8,11,19,21.34,0.15,0.0
8,11,20,19.68,0.16999999999999998,0.0
8,11,21,18.369999999999997,0.21000000000000002,0.0
8,11,22,17.55,0.22000000000000003,0.0
8,11,23,16.98,0.21999999999999997,0.0
8,12,0,16.490000000000002,0.16,0.0
8,12,1,15.99,0.22999999999999998,0.0
8,12,2,15.66,0.24,0.0
8,12,3,14.91,0.12,0.0
8,12,4,14.620000000000001,0.26,0.0
8,12,5,14.23,0.12,0.0
8,12,6,14.440000000000001,0.11000000000000001,0.0
8,12,7,15.85,0.09,0.0
8,12,8,17.34,0.12,0.0
8,12,9,18.7,0.1,0.0
8,12,10,19.77,0.1,0.0
8,12,11,20.69,0.09,0.0
8,12,12,21.29,0.1,0.0
8,12,13,21.68,0.16,0.0
8,12,14,21.78,0.18,0.0
8,12,15,22.04,0.06999999999999999,0.0
8,12,16,22.09,0.26,0.0
8,12,17,21.880000000000003,0.16,0.0
8,12,18,21.330000000000002,0.18,0.0
8,12,19,20.34,0.08,0.0
8,12,20,18.990000000000002,0.05,0.0
8,12,21,17.71,0.04,0.0
8,12,22,16.86,0.25,0.0
8,12,23,16.22,0.09,0.0
8,13,0,15.579999999999998,0.02,0.0
8,13,1,15.069999999999999,0.0,0.0
8,13,2,14.690000000000001,0.0,0.0
8,13,3,14.55,0.06,0.0
8,13,4,14.040000000000001,0.06,0.0
8,13,5,13.8,0.04,0.0
8,13,6,14.120000000000001,0.030000000000000006,0.0
8,13,7,15.320000000000002,0.04,0.0
8,13,8,16.63,0.05,0.0
8,13,9,17.979999999999997,0.06999999999999999,0.0
8,13,10,18.98,0.030000000000000006,0.0
8,13,11,19.94,0.04,0.0
8,13,12,20.72,0.02,0.0
8,13,13,21.38,0.0,0.0
8,13,14,21.7,0.02,0.0
8,13,15,21.8,0.06000000000000001,0.0
8,13,16,22.009999999999998,0.06000000000000001,0.0
8,13,17,21.56,0.04,0.0
8,13,18,20.880000000000003,0.1,0.0
8,13,19,19.59,0.29000000000000004,0.0
8,13,20,18.5,0.15,0.0
8,13,21,17.919999999999998,0.3,0.0
8,13,22,17.5,0.3,0.0
8,13,23,16.89,0.22000000000000003,0.0
8,14,0,16.43,0.13999999999999999,0.0
8,14,1,16.25,0.09,0.0
8,14,2,15.77,0.1,0.0
8,14,3,15.059999999999999,0.04,0.0
8,14,4,14.38,0.0,0.0
8,14,5,13.919999999999998,0.0,0.0
8,14,6,14.3,0.0,0.0
8,14,7,15.569999999999999,0.01,0.0
8,14,8,16.91,0.11000000000000001,0.0
8,14,9,18.2,0.09,0.0
8,14,10,19.34,0.06,0.0
8,14,11,20.28,0.06,0.0
8,14,12,21.04,0.05,0.0
8,14,13,21.68,0.06999999999999999,0.0
8,14,14,21.880000000000003,0.2,0.0
8,14,15,22.32,0.4699999999999999,0.0
8,14,16,22.25,0.0,0.0
8,14,17,21.93,0.04,0.0
8,14,18,21.3,0.11000000000000001,0.0
8,14,19,20.169999999999998,0.13,0.0
8,14,20,18.45,0.06999999999999999,0.0
8,14,21,17.21,0.08,0.0
8,14,22,16.61,0.13,0.0
8,14,23,15.780000000000001,0.19,0.0
8,15,0,15.27,0.38,0.0
8,15,1,14.75,0.4,0.0
8,15,2,14.459999999999999,0.27,0.0
8,15,3,14.190000000000001,0.45999999999999996,0.0
8,15,4,13.75,0.4,0.0
8,15,5,13.59,0.5,0.0
8,15,6,14.15,0.49000000000000005,0.0
8,15,7,15.64,0.37,0.0
8,15,8,17.330000000000002,0.16999999999999998,0.0
8,15,9,18.93,0.05,0.0
8,15,10,20.080000000000002,0.33999999999999997,0.0
8,15,11,20.75,0.5,0.0
8,15,12,21.240000000000002,0.48,0.0
8,15,13,21.630000000000003,0.38,0.0
8,15,14,21.990000000000002,0.26,0.0
8,15,15,21.85,0.27999999999999997,0.0
8,15,16,21.94,0.18,0.0
8,15,17,21.66,0.15,0.0
8,15,18,21.04,0.13,0.0
8,15,19,19.990000000000002,0.13,0.0
8,15,20,18.6,0.1,0.0
8,15,21,17.47,0.06999999999999999,0.0
8,15,22,16.66,0.06999999999999999,0.0
8,15,23,16.09,0.03,0.0
8,16,0,15.55,0.039999999999999994,0.0
8,16,1,15.1,0.04,0.0
8,16,2,14.709999999999999,0.0,0.0
8,16,3,14.12,0.01,0.0
8,16,4,13.419999999999998,0.0,0.0
8,16,5,13.23,0.0,0.0
8,16,6,13.77,0.03,0.0
8,16,7,14.99,0.06,0.0
8,16,8,16.369999999999997,0.06999999999999999,0.0
8,16,9,17.77,0.08,0.0
8,16,10,18.94,0.12,0.0
8,16,11,19.9,0.13000000000000003,0.0
8,16,12,20.64,0.18,0.0
8,16,13,21.2,0.19,0.0
8,16,14,21.669999999999998,0.23000000000000004,0.0
8,16,15,22.31,0.25,0.0
8,16,16,22.41,0.02,0.0
8,16,17,22.21,0.01,0.0
8,16,18,21.740000000000002,0.0,0.0
8,16,19,20.53,0.01,0.0
8,16,20,18.830000000000002,0.05,0.0
8,16,21,17.56,0.25,0.0
8,16,22,16.919999999999998,0.03,0.0
8,16,23,16.369999999999997,0.04,0.0
8,17,0,15.86,0.04,0.0
8,17,1,15.530000000000001,0.03,0.0
8,17,2,15.16,0.02,0.0
8,17,3,14.65,0.0,0.0
8,17,4,14.4,0.0,0.0
8,17,5,14.24,0.0,0.0
8,17,6,14.569999999999999,0.01,0.0
8,17,7,15.790000000000001,0.02,0.0
8,17,8,17.05,0.04,0.0
8,17,9,18.36,0.02,0.0
8,17,10,19.630000000000003,0.01,0.0
8,17,11,20.869999999999997,0.06999999999999999,0.0
8,17,12,21.79,0.15,0.0
8,17,13,22.16,0.44000000000000006,0.0
8,17,14,22.71,0.18,0.0
8,17,15,23.15,0.3,0.0
8,17,16,23.1,0.03,0.0
8,17,17,22.86,0.01,0.0
8,17,18,22.240000000000002,0.02,0.0
8,17,19,21.119999999999997,0.01,0.0
8,17,20,19.65,0.01,0.0
8,17,21,18.330000000000002,0.01,0.0
8,17,22,17.490000000000002,0.06,0.0
8,17,23,16.79,0.37,0.0
8,18,0,16.28,0.51,0.0
8,18,1,15.77,0.36,0.0
8,18,2,15.440000000000001,0.5599999999999999,0.0
8,18,3,14.99,0.21000000000000002,0.0
8,18,4,14.469999999999999,0.06,0.0
8,18,5,14.34,0.03,0.0
8,18,6,14.819999999999999,0.05,0.0
8,18,7,16.27,0.03,0.0
8,18,8,17.73,0.02,0.0
8,18,9,19.27,0.01,0.0
8,18,10,20.64,0.030000000000000006,0.0
8,18,11,21.86,0.030000000000000006,0.0
8,18,12,22.830000000000002,0.030000000000000006,0.0
8,18,13,23.080000000000002,0.06999999999999999,0.0
8,18,14,23.4,0.12,0.0
8,18,15,24.25,0.11000000000000001,0.0
8,18,16,24.32,0.04,0.0
8,18,17,23.82,0.06999999999999999,0.0
8,18,18,22.990000000000002,0.02,0.0
8,18,19,21.64,0.0,0.0
8,18,20,19.77,0.0,0.0
8,18,21,18.59,0.0,0.0
8,18,22,17.85,0.0,0.0
8,18,23,17.369999999999997,0.0,0.0
8,19,0,16.990000000000002,0.02,0.0
8,19,1,16.490000000000002,0.06,0.0
8,19,2,16.009999999999998,0.04,0.0
8,19,3,15.3,0.04,0.0
8,19,4,14.5,0.0,0.0
8,19,5,14.37,0.0,0.0
8,19,6,14.780000000000001,0.0,0.0
8,19,7,16.080000000000002,0.0,0.0
8,19,8,17.72,0.0,0.0
8,19,9,19.36,0.0,0.0
8,19,10,20.869999999999997,0.01,0.0
8,19,11,22.04,0.01,0.0
8,19,12,22.869999999999997,0.02,0.0
8,19,13,23.509999999999998,0.02,0.0
8,19,14,23.96,0.02,0.0
8,19,15,24.080000000000002,0.030000000000000006,0.0
8,19,16,23.91,0.16,0.0
8,19,17,23.68,0.02,0.0
8,19,18,23.119999999999997,0.04,0.0
8,19,19,21.94,0.0,0.0
8,19,20,20.45,0.0,0.0
8,19,21,19.4,0.0,0.0
8,19,22,18.6,0.0,0.0
8,19,23,18.009999999999998,0.0,0.0
8,20,0,17.35,0.0,0.0
8,20,1,16.96,0.0,0.0
8,20,2,16.57,0.0,0.0
8,20,3,16.009999999999998,0.33999999999999997,0.0
8,20,4,15.330000000000002,0.0,0.0
8,20,5,15.02,0.05,0.0
8,20,6,15.52,0.16,0.0
8,20,7,16.64,0.13999999999999999,0.0
8,20,8,18.03,0.17,0.0
8,20,9,19.54,0.1,0.0
8,20,10,20.91,0.0,0.0
8,20,11,21.97,0.01,0.0
8,20,12,22.73,0.06999999999999999,0.0
8,20,13,23.22,0.07,0.0
8,20,14,23.39,0.06,0.0
8,20,15,23.759999999999998,0.49000000000000005,0.0
8,20,16,23.259999999999998,0.11000000000000001,0.0
8,20,17,22.96,0.06,0.0
8,20,18,22.29,0.02,0.0
8,20,19,21.23,0.0,0.0
8,20,20,19.78,0.0,0.0
8,20,21,19.130000000000003,0.0,0.0
8,20,22,18.15,0.01,0.0
8,20,23,17.28,0.0,0.0
8,21,0,16.86,0.0,0.0
8,21,1,16.36,0.0,0.0
8,21,2,15.76,0.0,0.0
8,21,3,14.959999999999999,0.0,0.0
8,21,4,14.35,0.13999999999999999,0.0
8,21,5,14.01,0.11000000000000001,0.0
8,21,6,14.190000000000001,0.0,0.0
8,21,7,15.55,0.0,0.0
8,21,8,17.04,0.0,0.0
8,21,9,18.6,0.0,0.0
8,21,10,19.880000000000003,0.08,0.0
8,21,11,20.880000000000003,0.06,0.0
8,21,12,21.59,0.1,0.0
8,21,13,22.240000000000002,0.09,0.0
8,21,14,22.4,0.31,0.0
8,21,15,23.1,0.23000000000000004,0.0
8,21,16,23.169999999999998,0.0,0.0
8,21,17,22.9,0.0,0.0
8,21,18,22.240000000000002,0.0,0.0
8,21,19,20.84,0.02,0.0
8,21,20,19.240000000000002,0.05,0.0
8,21,21,18.32,0.05,0.0
8,21,22,17.240000000000002,0.06,0.0
8,21,23,16.77,0.05,0.0
8,22,0,16.18,0.04,0.0
8,22,1,15.59,0.01,0.0
8,22,2,15.160000000000002,0.0,0.0
8,22,3,14.7,0.0,0.0
8,22,4,14.27,0.0,0.0
8,22,5,14.1,0.0,0.0
8,22,6,14.25,0.0,0.0
8,22,7,15.680000000000001,0.0,0.0
8,22,8,17.43,0.0,0.0
8,22,9,19.119999999999997,0.01,0.0
8,22,10,20.32,0.01,0.0
8,22,11,21.44,0.01,0.0
8,22,12,22.04,0.01,0.0
8,22,13,22.53,0.02,0.0
8,22,14,22.87,0.030000000000000006,0.0
8,22,15,23.09,0.02,0.0
8,22,16,23.14,0.01,0.0
8,22,17,22.78,0.0,0.0
8,22,18,22.2,0.03,0.0
8,22,19,20.93,0.0,0.0
8,22,20,19.36,0.0,0.0
8,22,21,18.41,0.0,0.0
8,22,22,17.69,0.0,0.0
8,22,23,16.79,0.0,0.0
8,23,0,16.14,0.0,0.0
8,23,1,15.45,0.0,0.0
8,23,2,14.98,0.0,0.0
8,23,3,14.530000000000001,0.0,0.0
8,23,4,13.73,0.0,0.0
8,23,5,13.39,0.0,0.0
8,23,6,13.5,0.0,0.0
8,23,7,14.969999999999999,0.0,0.0
8,23,8,16.8,0.0,0.0
8,23,9,18.53,0.0,0.0
8,23,10,19.68,0.19,0.0
8,23,11,20.75,0.3,0.0
8,23,12,21.78,0.02,0.0
8,23,13,22.57,0.12000000000000002,0.0
8,23,14,23.07,0.0,0.0
8,23,15,23.43,0.030000000000000006,0.0
8,23,16,23.05,0.06,0.0
8,23,17,22.5,0.19,0.0
8,23,18,21.919999999999998,0.02,0.0
8,23,19,20.32,0.05,0.0
8,23,20,18.490000000000002,1.02,0.0
8,23,21,17.59,0.32999999999999996,0.0
8,23,22,16.79,0.22000000000000003,0.0
8,23,23,16.09,0.25,0.0
8,24,0,15.540000000000001,0.42000000000000004,0.0
8,24,1,14.959999999999999,0.22000000000000003,0.0
8,24,2,14.16,0.02,0.0
8,24,3,13.6,0.0,0.0
8,24,4,12.99,0.03,0.0
8,24,5,12.629999999999999,0.0,0.0
8,24,6,12.809999999999999,0.0,0.0
8,24,7,14.16,0.04,0.0
8,24,8,15.809999999999999,0.02,0.0
8,24,9,17.419999999999998,0.01,0.0
8,24,10,18.82,0.0,0.0
8,24,11,19.89,0.030000000000000006,0.0
8,24,12,20.68,0.02,0.0
8,24,13,20.919999999999998,0.0,0.0
8,24,14,21.0,0.12000000000000002,0.0
8,24,15,21.43,0.01,0.0
8,24,16,21.52,0.04,0.0
8,24,17,21.0,0.1,0.0
8,24,18,20.32,0.03,0.0
8,24,19,19.02,0.02,0.0
8,24,20,17.68,0.08,0.0
8,24,21,16.98,0.04,0.0
8,24,22,16.35,0.05,0.0
8,24,23,15.65,0.04,0.0
8,25,0,14.830000000000002,0.02,0.0
8,25,1,14.0,0.0,0.0
8,25,2,13.319999999999999,0.0,0.0
8,25,3,12.74,0.0,0.0
8,25,4,11.879999999999999,0.0,0.0
8,25,5,11.41,0.0,0.0
8,25,6,11.49,0.05,0.0
8,25,7,13.09,0.01,0.0
8,25,8,15.069999999999999,0.0,0.0
8,25,9,16.84,0.0,0.0
8,25,10,18.44,0.0,0.0
8,25,11,19.759999999999998,0.0,0.0
8,25,12,20.57,0.0,0.0
8,25,13,21.169999999999998,0.0,0.0
8,25,14,21.52,0.0,0.0
8,25,15,21.85,0.03,0.0
8,25,16,21.94,0.0,0.0
8,25,17,21.71,0.0,0.0
8,25,18,21.22,0.0,0.0
8,25,19,19.79,0.0,0.0
8,25,20,18.439999999999998,0.0,0.0
8,25,21,16.65,0.01,0.0
8,25,22,15.52,0.0,0.0
8,25,23,15.02,0.0,0.0
8,26,0,14.459999999999999,0.0,0.0
8,26,1,14.030000000000001,0.0,0.0
8,26,2,13.76,0.02,0.0
8,26,3,13.14,0.03,0.0
8,26,4,12.32,0.11000000000000001,0.0
8,26,5,12.309999999999999,0.06,0.0
8,26,6,12.4,0.0,0.0
8,26,7,13.95,0.030000000000000006,0.0
8,26,8,15.780000000000001,0.0,0.0
8,26,9,17.6,0.030000000000000006,0.0
8,26,10,19.14,0.030000000000000006,0.0
8,26,11,20.73,0.030000000000000006,0.0
8,26,12,21.9,0.030000000000000006,0.0
8,26,13,22.18,0.11000000000000001,0.0
8,26,14,22.41,0.17,0.0
8,26,15,22.529999999999998,0.18,0.0
8,26,16,22.32,0.5599999999999999,0.0
8,26,17,22.03,0.16999999999999998,0.0
8,26,18,21.41,0.01,0.0
8,26,19,19.97,0.0,0.0
8,26,20,18.630000000000003,0.0,0.0
8,26,21,17.7,0.01,0.0
8,26,22,17.0,0.02,0.0
8,26,23,16.4,0.0,0.0
8,27,0,15.74,0.0,0.0
8,27,1,15.25,0.02,0.0
8,27,2,14.84,0.0,0.0
8,27,3,14.34,0.030000000000000006,0.0
8,27,4,13.48,0.09,0.0
8,27,5,13.13,0.06,0.0
8,27,6,13.13,0.06,0.0
8,27,7,14.530000000000001,0.05,0.0
8,27,8,16.419999999999998,0.04,0.0
8,27,9,18.28,0.01,0.0
8,27,10,19.97,0.02,0.0
8,27,11,21.28,0.0,0.0
8,27,12,22.21,0.01,0.0
8,27,13,22.830000000000002,0.01,0.0
8,27,14,23.0,0.26,0.0
8,27,15,23.31,0.04,0.0
8,27,16,23.21,0.01,0.0
8,27,17,22.919999999999998,0.03,0.0
8,27,18,22.06,0.0,0.0
8,27,19,20.45,0.0,0.0
8,27,20,19.15,0.0,0.0
8,27,21,17.880000000000003,0.03,0.0
8,27,22,17.29,0.03,0.0
8,27,23,16.619999999999997,0.02,0.0
8,28,0,15.95,0.02,0.0
8,28,1,15.5,0.01,0.0
8,28,2,15.24,0.01,0.0
8,28,3,14.530000000000001,0.03,0.0
8,28,4,14.01,0.05,0.0
8,28,5,13.530000000000001,0.06,0.0
8,28,6,13.6,0.06999999999999999,0.0
8,28,7,14.459999999999999,0.08,0.0
8,28,8,15.74,0.09,0.0
8,28,9,17.169999999999998,0.13,0.0
8,28,10,18.25,0.15999999999999998,0.0
8,28,11,19.36,0.15,0.0
8,28,12,20.32,0.39,0.0
8,28,13,20.759999999999998,0.15,0.0
8,28,14,21.11,0.05,0.0
8,28,15,21.330000000000002,0.06999999999999999,0.0
8,28,16,21.330000000000002,0.06999999999999999,0.0
8,28,17,21.14,0.01,0.0
8,28,18,20.35,0.05,0.0
8,28,19,18.8,0.09,0.0
8,28,20,17.490000000000002,0.12,0.0
8,28,21,16.85,0.06999999999999999,0.0
8,28,22,15.99,0.06,0.0
8,28,23,15.48,0.08,0.0
8,29,0,15.11,0.06999999999999999,0.0
8,29,1,14.76,0.05,0.0
8,29,2,14.580000000000002,0.05,0.0
8,29,3,13.86,0.04,0.0
8,29,4,13.35,0.05,0.0
8,29,5,12.99,0.07999999999999999,0.0
8,29,6,12.919999999999998,0.0,0.0
8,29,7,13.88,0.03,0.0
8,29,8,15.35,0.12,0.0
8,29,9,16.85,0.03,0.0
8,29,10,18.1,0.04,0.0
8,29,11,19.009999999999998,0.03,0.0
8,29,12,20.130000000000003,0.030000000000000006,0.0
8,29,13,20.81,0.05,0.0
8,29,14,21.29,0.0,0.0
8,29,15,21.53,0.01,0.0
8,29,16,21.53,0.02,0.0
8,29,17,21.14,0.0,0.0
8,29,18,20.54,0.0,0.0
8,29,19,19.12,0.0,0.0
8,29,20,17.68,0.0,0.0
8,29,21,16.9,0.01,0.0
8,29,22,16.240000000000002,0.0,0.0
8,29,23,15.89,0.0,0.0
8,30,0,15.319999999999999,0.02,0.0
8,30,1,15.09,0.05,0.0
8,30,2,14.98,0.0,0.0
8,30,3,14.459999999999999,0.01,0.0
8,30,4,13.84,0.03,0.0
8,30,5,13.580000000000002,0.02,0.0
8,30,6,13.719999999999999,0.08,0.0
8,30,7,14.74,0.12,0.0
8,30,8,15.919999999999998,0.15,0.0
8,30,9,17.330000000000002,0.12,0.0
8,30,10,18.93,0.039999999999999994,0.0
8,30,11,20.35,0.01,0.0
8,30,12,21.25,0.02,0.0
8,30,13,21.97,0.030000000000000006,0.0
8,30,14,22.14,0.1,0.0
8,30,15,22.080000000000002,0.44000000000000006,0.0
8,30,16,22.22,0.2,0.0
8,30,17,21.96,0.01,0.0
8,30,18,21.18,0.06,0.0
8,30,19,19.25,0.16,0.0
8,30,20,18.19,0.04,0.0
8,30,21,17.119999999999997,0.01,0.0
8,30,22,16.23,0.0,0.0
8,30,23,15.52,0.19,0.0
8,31,0,15.15,0.01,0.0
8,31,1,14.830000000000002,0.0,0.0
8,31,2,14.6,0.0,0.0
8,31,3,13.940000000000001,0.0,0.0
8,31,4,13.370000000000001,0.0,0.0
8,31,5,13.059999999999999,0.030000000000000006,0.0
8,31,6,13.080000000000002,0.030000000000000006,0.0
8,31,7,14.1,0.04,0.0
8,31,8,15.49,0.04,0.0
8,31,9,16.94,0.030000000000000006,0.0
8,31,10,18.259999999999998,0.01,0.0
8,31,11,19.69,0.01,0.0
8,31,12,20.73,0.02,0.0
8,31,13,21.39,0.02,0.0
8,31,14,21.869999999999997,0.05,0.0
8,31,15,22.16,0.030000000000000006,0.0
8,31,16,22.240000000000002,0.0,0.0
8,31,17,21.8,0.0,0.0
8,31,18,20.9,0.0,0.0
8,31,19,19.09,0.0,0.0
8,31,20,17.78,0.0,0.0
8,31,21,17.21,0.0,0.0
8,31,22,16.53,0.0,0.0
8,31,23,15.830000000000002,0.0,0.0
9,1,0,15.089999999999998,0.0,0.0
9,1,1,14.41,0.0,0.0
9,1,2,13.88,0.0,0.0
9,1,3,13.11,0.0,0.0
9,1,4,12.51,0.03,0.0
9,1,5,12.32,0.02,0.0
9,1,6,12.290000000000001,0.06,0.0
9,1,7,13.63,0.12,0.0
9,1,8,15.01,0.1,0.0
9,1,9,16.54,0.01,0.0
9,1,10,17.73,0.11000000000000001,0.0
9,1,11,18.830000000000002,0.03,0.0
9,1,12,19.630000000000003,0.1,0.0
9,1,13,20.19,0.27999999999999997,0.0
9,1,14,20.59,0.06999999999999999,0.0
9,1,15,20.71,0.16,0.0
9,1,16,20.72,0.15,0.0
9,1,17,20.47,0.04,0.0
9,1,18,19.68,0.06,0.0
9,1,19,17.95,0.02,0.0
9,1,20,16.509999999999998,0.01,0.0
9,1,21,15.680000000000001,0.0,0.0
9,1,22,14.98,0.01,0.0
9,1,23,14.13,0.0,0.0
9,2,0,13.559999999999999,0.0,0.0
9,2,1,13.01,0.0,0.0
9,2,2,12.629999999999999,0.0,0.0
9,2,3,11.93,0.0,0.0
9,2,4,11.46,0.0,0.0
9,2,5,11.34,0.01,0.0
9,2,6,11.32,0.02,0.0
9,2,7,12.59,0.0,0.0
9,2,8,14.14,0.01,0.0
9,2,9,15.540000000000001,0.01,0.0
9,2,10,16.880000000000003,0.0,0.0
9,2,11,17.77,0.04,0.0
9,2,12,18.77,0.030000000000000006,0.0
9,2,13,19.16,0.06999999999999999,0.0
9,2,14,19.46,0.06999999999999999,0.0
9,2,15,19.91,0.06,0.0
9,2,16,20.0,0.01,0.0
9,2,17,19.509999999999998,0.039999999999999994,0.0
9,2,18,18.65,0.15,0.0
9,2,19,17.259999999999998,0.2,0.0
9,2,20,15.969999999999999,0.09,0.0
9,2,21,15.24,0.01,0.0
9,2,22,14.540000000000001,0.0,0.0
9,2,23,14.059999999999999,0.0,0.0
9,3,0,13.580000000000002,0.0,0.0
9,3,1,13.1,0.0,0.0
9,3,2,12.51,0.01,0.0
9,3,3,11.879999999999999,0.03,0.0
9,3,4,11.24,0.0,0.0
9,3,5,11.15,0.0,0.0
9,3,6,11.09,0.0,0.0
9,3,7,12.15,0.0,0.0
9,3,8,13.6,0.0,0.0
9,3,9,15.16,0.0,0.0
9,3,10,16.8,0.0,0.0
9,3,11,17.96,0.0,0.0
9,3,12,18.830000000000002,0.03,0.0
9,3,13,19.380000000000003,0.06999999999999999,0.0
9,3,14,19.7,0.05,0.0
9,3,15,19.75,0.11000000000000001,0.0
9,3,16,19.759999999999998,0.02,0.0
9,3,17,19.5,0.20999999999999996,0.0
9,3,18,18.75,0.27,0.0
9,3,19,17.59,0.08,0.0
9,3,20,16.130000000000003,0.12000000000000002,0.0
9,3,21,15.41,0.09,0.0
9,3,22,14.64,0.06999999999999999,0.0
9,3,23,13.95,0.21000000000000002,0.0
9,4,0,13.45,0.05,0.0
9,4,1,12.919999999999998,0.09,0.0
9,4,2,12.540000000000001,0.06,0.0
9,4,3,12.16,0.13999999999999999,0.0
9,4,4,11.68,0.21000000000000002,0.0
9,4,5,11.52,0.13,0.0
9,4,6,11.48,0.16999999999999998,0.0
9,4,7,12.26,0.21000000000000002,0.0
9,4,8,13.209999999999999,0.11000000000000001,0.0
9,4,9,14.4,0.05,0.0
9,4,10,15.51,0.030000000000000006,0.0
9,4,11,16.61,0.01,0.0
9,4,12,17.43,0.05,0.0
9,4,13,18.04,0.04,0.0
9,4,14,18.44,0.02,0.0
9,4,15,18.47,0.030000000000000006,0.0
9,4,16,18.509999999999998,0.16,0.0
9,4,17,18.02,0.06999999999999999,0.0
9,4,18,17.23,0.12,0.0
9,4,19,16.04,0.09,0.0
9,4,20,14.940000000000001,0.03,0.0
9,4,21,14.219999999999999,0.02,0.0
9,4,22,13.52,0.0,0.0
9,4,23,12.95,0.0,0.0
9,5,0,12.49,0.01,0.0
9,5,1,11.97,0.01,0.0
9,5,2,11.620000000000001,0.0,0.0
9,5,3,11.21,0.08,0.0
9,5,4,10.72,0.07999999999999999,0.0
9,5,5,10.52,0.09,0.0
9,5,6,10.48,0.11000000000000001,0.0
9,5,7,11.510000000000002,0.1,0.0
9,5,8,12.6,0.15,0.0
9,5,9,13.66,0.22999999999999998,0.0
9,5,10,14.569999999999999,0.22000000000000003,0.0
9,5,11,15.45,0.2,0.0
9,5,12,16.02,0.13,0.0
9,5,13,16.59,0.13,0.0
9,5,14,17.04,0.13,0.0
9,5,15,16.85,0.2,0.0
9,5,16,16.73,0.15999999999999998,0.0
9,5,17,16.59,0.16,0.0
9,5,18,16.009999999999998,0.24000000000000005,0.0
9,5,19,14.680000000000001,0.24,0.0
9,5,20,13.84,0.11000000000000001,0.0
9,5,21,13.370000000000001,0.08,0.0
9,5,22,13.01,0.05,0.0
9,5,23,12.559999999999999,0.04,0.0
9,6,0,12.16,0.02,0.0
9,6,1,11.66,0.02,0.0
9,6,2,11.16,0.02,0.0
9,6,3,10.559999999999999,0.01,0.0
9,6,4,9.93,0.01,0.0
9,6,5,9.59,0.05,0.0
9,6,6,9.64,0.1,0.0
9,6,7,10.7,0.12,0.0
9,6,8,12.309999999999999,0.11000000000000001,0.0
9,6,9,13.75,0.12,0.0
9,6,10,15.209999999999999,0.06,0.0
9,6,11,16.31,0.030000000000000006,0.0
9,6,12,17.14,0.02,0.0
9,6,13,17.669999999999998,0.02,0.0
9,6,14,18.02,0.01,0.0
9,6,15,18.35,0.02,0.0
9,6,16,18.31,0.0,0.0
9,6,17,17.81,0.0,0.0
9,6,18,16.81,0.06999999999999999,0.0
9,6,19,15.6,0.16,0.0
9,6,20,14.59,0.18,0.0
9,6,21,13.930000000000001,0.33,0.0
9,6,22,13.419999999999998,0.32,0.0
9,6,23,12.58,0.48999999999999994,0.0
9,7,0,12.1,0.76,0.0
9,7,1,11.809999999999999,0.31999999999999995,0.0
9,7,2,11.43,0.06000000000000001,0.0
9,7,3,10.959999999999999,0.0,0.0
9,7,4,10.48,0.0,0.0
9,7,5,10.379999999999999,0.0,0.0
9,7,6,10.26,0.0,0.0
9,7,7,11.17,0.01,0.0
9,7,8,12.17,0.06,0.0
9,7,9,13.64,0.0,0.0
9,7,10,15.319999999999999,0.0,0.0
9,7,11,16.689999999999998,0.0,0.0
9,7,12,17.61,0.0,0.0
9,7,13,18.02,0.02,0.0
9,7,14,18.02,0.02,0.0
9,7,15,18.04,0.07,0.0
9,7,16,18.06,0.05,0.0
9,7,17,17.57,0.15,0.0
9,7,18,16.86,0.06000000000000001,0.0
9,7,19,15.7,0.06999999999999999,0.0
9,7,20,14.91,0.22999999999999998,0.0
9,7,21,14.16,0.1,0.0
9,7,22,13.530000000000001,0.01,0.0
9,7,23,13.09,0.01,0.0
9,8,0,12.35,0.01,0.0
9,8,1,12.190000000000001,0.0,0.0
9,8,2,12.05,0.0,0.0
9,8,3,11.75,0.0,0.0
9,8,4,11.33,0.02,0.0
9,8,5,11.02,0.02,0.0
9,8,6,10.95,0.02,0.0
9,8,7,11.620000000000001,0.01,0.0
9,8,8,12.690000000000001,0.0,0.0
9,8,9,13.87,0.02,0.0
9,8,10,14.85,0.06,0.0
9,8,11,15.74,0.08,0.0
9,8,12,16.2,0.13999999999999999,0.0
9,8,13,16.4,0.19,0.0
9,8,14,16.6,0.16,0.0
9,8,15,16.95,0.24000000000000005,0.0
9,8,16,16.84,0.13,0.0
9,8,17,16.4,0.09,0.0
9,8,18,15.66,0.1,0.0
9,8,19,14.34,0.04,0.0
9,8,20,13.77,0.03,0.0
9,8,21,13.2,0.02,0.0
9,8,22,12.5,0.01,0.0
9,8,23,11.73,0.01,0.0
9,9,0,11.25,0.02,0.0
9,9,1,10.959999999999999,0.0,0.0
9,9,2,10.72,0.0,0.0
9,9,3,10.26,0.0,0.0
9,9,4,9.940000000000001,0.02,0.0
9,9,5,9.76,0.0,0.0
9,9,6,9.78,0.03,0.0
9,9,7,10.290000000000001,0.08,0.0
9,9,8,11.68,0.06,0.0
9,9,9,13.23,0.06,0.0
9,9,10,14.669999999999998,0.02,0.0
9,9,11,15.89,0.030000000000000006,0.0
9,9,12,16.69,0.04,0.0
9,9,13,17.28,0.01,0.0
9,9,14,17.81,0.030000000000000006,0.0
9,9,15,17.830000000000002,0.13999999999999999,0.0
9,9,16,18.05,0.030000000000000006,0.0
9,9,17,17.71,0.17,0.0
9,9,18,16.85,0.02,0.0
9,9,19,15.2,0.05,0.0
9,9,20,14.11,0.02,0.0
9,9,21,13.59,0.0,0.0
9,9,22,12.7,0.0,0.0
9,9,23,12.209999999999999,0.0,0.0
9,10,0,11.620000000000001,0.0,0.0
9,10,1,11.11,0.0,0.0
9,10,2,10.809999999999999,0.0,0.0
9,10,3,10.39,0.0,0.0
9,10,4,9.89,0.0,0.0
9,10,5,9.75,0.0,0.0
9,10,6,9.620000000000001,0.0,0.0
9,10,7,10.73,0.0,0.0
9,10,8,12.38,0.0,0.0
9,10,9,14.080000000000002,0.02,0.0
9,10,10,15.569999999999999,0.01,0.0
9,10,11,16.86,0.05,0.0
9,10,12,17.56,0.15,0.0
9,10,13,18.32,0.030000000000000006,0.0
9,10,14,18.65,0.05,0.0
9,10,15,18.69,0.06,0.0
9,10,16,18.69,0.11000000000000001,0.0
9,10,17,18.23,0.15,0.0
9,10,18,17.240000000000002,0.05,0.0
9,10,19,15.49,0.0,0.0
9,10,20,14.65,0.0,0.0
9,10,21,14.080000000000002,0.0,0.0
9,10,22,13.4,0.0,0.0
9,10,23,12.919999999999998,0.0,0.0
9,11,0,12.59,0.0,0.0
9,11,1,12.24,0.0,0.0
9,11,2,11.879999999999999,0.0,0.0
9,11,3,11.290000000000001,0.0,0.0
9,11,4,10.92,0.01,0.0
9,11,5,10.76,0.02,0.0
9,11,6,10.52,0.03,0.0
9,11,7,11.3,0.03,0.0
9,11,8,12.55,0.03,0.0
9,11,9,14.030000000000001,0.03,0.0
9,11,10,15.52,0.03,0.0
9,11,11,16.84,0.030000000000000006,0.0
9,11,12,17.78,0.0,0.0
9,11,13,18.73,0.01,0.0
9,11,14,19.080000000000002,0.03,0.0
9,11,15,19.259999999999998,0.0,0.0
9,11,16,19.259999999999998,0.0,0.0
9,11,17,18.96,0.0,0.0
9,11,18,17.990000000000002,0.0,0.0
9,11,19,16.47,0.0,0.0
9,11,20,15.540000000000001,0.0,0.0
9,11,21,14.830000000000002,0.0,0.0
9,11,22,14.38,0.0,0.0
9,11,23,14.02,0.0,0.0
9,12,0,13.74,0.0,0.0
9,12,1,13.35,0.01,0.0
9,12,2,12.930000000000001,0.01,0.0
9,12,3,12.41,0.01,0.0
9,12,4,11.93,0.02,0.0
9,12,5,11.73,0.06,0.0
9,12,6,11.49,0.04,0.0
9,12,7,12.26,0.02,0.0
9,12,8,13.719999999999999,0.01,0.0
9,12,9,15.219999999999999,0.0,0.0
9,12,10,16.77,0.0,0.0
9,12,11,18.0,0.0,0.0
9,12,12,19.029999999999998,0.02,0.0
9,12,13,19.490000000000002,0.030000000000000006,0.0
9,12,14,19.8,0.0,0.0
9,12,15,20.259999999999998,0.0,0.0
9,12,16,20.3,0.0,0.0
9,12,17,19.880000000000003,0.0,0.0
9,12,18,18.69,0.0,0.0
9,12,19,17.130000000000003,0.0,0.0
9,12,20,16.380000000000003,0.0,0.0
9,12,21,15.84,0.01,0.0
9,12,22,15.309999999999999,0.0,0.0
9,12,23,14.830000000000002,0.0,0.0
9,13,0,14.36,0.0,0.0
9,13,1,14.01,0.0,0.0
9,13,2,13.709999999999999,0.0,0.0
9,13,3,13.35,0.0,0.0
9,13,4,12.61,0.0,0.0
9,13,5,12.28,0.0,0.0
9,13,6,12.09,0.0,0.0
9,13,7,12.66,0.08,0.0
9,13,8,13.99,0.02,0.0
9,13,9,15.36,0.0,0.0
9,13,10,16.57,0.0,0.0
9,13,11,17.56,0.030000000000000006,0.0
9,13,12,18.45,0.01,0.0
9,13,13,18.93,0.02,0.0
9,13,14,19.06,0.01,0.0
9,13,15,19.130000000000003,0.0,0.0
9,13,16,18.95,0.02,0.0
9,13,17,18.419999999999998,0.06,0.0
9,13,18,17.43,0.12,0.0
9,13,19,16.080000000000002,0.05,0.0
9,13,20,15.2,0.04,0.0
9,13,21,14.680000000000001,0.08,0.0
9,13,22,14.2,0.06,0.0
9,13,23,13.59,0.04,0.0
9,14,0,12.91,0.02,0.0
9,14,1,12.41,0.04,0.0
9,14,2,11.93,0.02,0.0
9,14,3,11.57,0.02,0.0
9,14,4,10.77,0.02,0.0
9,14,5,10.459999999999999,0.02,0.0
9,14,6,10.2,0.01,0.0
9,14,7,10.58,0.01,0.0
9,14,8,11.75,0.0,0.0
9,14,9,12.98,0.01,0.0
9,14,10,14.1,0.02,0.0
9,14,11,15.040000000000001,0.0,0.0
9,14,12,15.669999999999998,0.0,0.0
9,14,13,16.23,0.05,0.0
9,14,14,16.55,0.02,0.0
9,14,15,16.57,0.04,0.0
9,14,16,16.59,0.15999999999999998,0.0
9,14,17,16.080000000000002,0.27999999999999997,0.0
9,14,18,15.280000000000001,0.09,0.0
9,14,19,13.98,0.02,0.0
9,14,20,13.309999999999999,0.01,0.0
9,14,21,12.88,0.03,0.0
9,14,22,12.4,0.01,0.0
9,14,23,12.25,0.05,0.0
9,15,0,11.9,0.06,0.0
9,15,1,11.67,0.02,0.0
9,15,2,11.37,0.06999999999999999,0.0
9,15,3,11.0,0.06,0.0
9,15,4,10.52,0.06999999999999999,0.0
9,15,5,10.459999999999999,0.02,0.0
9,15,6,10.15,0.02,0.0
9,15,7,10.629999999999999,0.02,0.0
9,15,8,11.7,0.03,0.0
9,15,9,13.01,0.01,0.0
9,15,10,14.309999999999999,0.01,0.0
9,15,11,15.39,0.05,0.0
9,15,12,16.21,0.05,0.0
9,15,13,16.68,0.01,0.0
9,15,14,16.98,0.01,0.0
9,15,15,17.19,0.01,0.0
9,15,16,16.869999999999997,0.04,0.0
9,15,17,16.34,0.15,0.0
9,15,18,15.27,0.15999999999999998,0.0
9,15,19,13.66,0.04,0.0
9,15,20,12.73,0.06999999999999999,0.0
9,15,21,12.059999999999999,0.12,0.0
9,15,22,11.55,0.2,0.0
9,15,23,11.2,0.14,0.0
9,16,0,10.959999999999999,0.02,0.0
9,16,1,10.65,0.04,0.0
9,16,2,10.45,0.03,0.0
9,16,3,9.97,0.04,0.0
9,16,4,9.540000000000001,0.02,0.0
9,16,5,9.36,0.02,0.0
9,16,6,9.370000000000001,0.14,0.0
9,16,7,9.85,0.11000000000000001,0.0
9,16,8,10.98,0.11000000000000001,0.0
9,16,9,12.129999999999999,0.27999999999999997,0.0
9,16,10,13.39,0.2,0.0
9,16,11,14.419999999999998,0.16999999999999998,0.0
9,16,12,14.9,0.26,0.0
9,16,13,15.280000000000001,0.27999999999999997,0.0
9,16,14,15.569999999999999,0.3,0.0
9,16,15,15.23,0.32,0.0
9,16,16,15.309999999999999,0.22999999999999998,0.0
9,16,17,14.959999999999999,0.26,0.0
9,16,18,14.11,0.14,0.0
9,16,19,12.690000000000001,0.03,0.0
9,16,20,11.940000000000001,0.03,0.0
9,16,21,11.41,0.02,0.0
9,16,22,10.92,0.02,0.0
9,16,23,10.65,0.0,0.0
9,17,0,10.57,0.01,0.0
9,17,1,10.27,0.01,0.0
9,17,2,9.940000000000001,0.0,0.0
9,17,3,9.4,0.0,0.0
9,17,4,8.67,0.0,0.0
9,17,5,8.59,0.0,0.0
9,17,6,8.34,0.0,0.0
9,17,7,8.83,0.0,0.0
9,17,8,10.129999999999999,0.04,0.0
9,17,9,11.58,0.07999999999999999,0.0
9,17,10,13.15,0.01,0.0
9,17,11,14.469999999999999,0.13,0.0
9,17,12,15.4,0.22999999999999998,0.0
9,17,13,15.690000000000001,0.09,0.0
9,17,14,16.1,0.04,0.0
9,17,15,16.46,0.09,0.0
9,17,16,16.4,0.05,0.0
9,17,17,15.76,0.24,0.0
9,17,18,14.559999999999999,0.18,0.0
9,17,19,13.14,0.32,0.0
9,17,20,12.22,0.32,0.0
9,17,21,11.42,0.27,0.0
9,17,22,10.91,0.26,0.0
9,17,23,10.66,0.06,0.0
9,18,0,10.35,0.0,0.0
9,18,1,10.15,0.03,0.0
9,18,2,10.2,0.01,0.0
9,18,3,9.95,0.09,0.0
9,18,4,9.209999999999999,0.11000000000000001,0.0
9,18,5,8.91,0.12000000000000002,0.0
9,18,6,8.73,0.11000000000000001,0.0
9,18,7,9.209999999999999,0.03,0.0
9,18,8,10.540000000000001,0.02,0.0
9,18,9,12.15,0.01,0.0
9,18,10,13.290000000000001,0.01,0.0
9,18,11,14.330000000000002,0.02,0.0
9,18,12,15.38,0.01,0.0
9,18,13,16.05,0.030000000000000006,0.0
9,18,14,16.31,0.02,0.0
9,18,15,16.32,0.02,0.0
9,18,16,16.19,0.06000000000000001,0.0
9,18,17,15.669999999999998,0.04,0.0
9,18,18,14.9,0.02,0.0
9,18,19,13.59,0.0,0.0
9,18,20,13.0,0.039999999999999994,0.0
9,18,21,12.190000000000001,0.12000000000000002,0.0
9,18,22,11.36,0.02,0.0
9,18,23,10.690000000000001,0.01,0.0
9,19,0,10.24,0.0,0.0
9,19,1,9.92,0.02,0.0
9,19,2,9.7,0.04,0.0
9,19,3,9.58,0.01,0.0
9,19,4,9.58,0.0,0.0
9,19,5,9.6,0.0,0.0
9,19,6,9.690000000000001,0.01,0.0
9,19,7,9.95,0.03,0.0
9,19,8,10.379999999999999,0.01,0.0
9,19,9,11.18,0.01,0.0
9,19,10,12.05,0.01,0.0
9,19,11,12.99,0.02,0.0
9,19,12,13.919999999999998,0.01,0.0
9,19,13,14.62,0.06999999999999999,0.0
9,19,14,14.85,0.039999999999999994,0.0
9,19,15,14.969999999999999,0.01,0.0
9,19,16,15.040000000000001,0.01,0.0
9,19,17,14.65,0.030000000000000006,0.0
9,19,18,13.680000000000001,0.1,0.0
9,19,19,12.57,0.08,0.0
9,19,20,12.059999999999999,0.11000000000000001,0.0
9,19,21,11.61,0.16999999999999998,0.0
9,19,22,11.040000000000001,0.13999999999999999,0.0
9,19,23,10.53,0.12,0.0
9,20,0,10.25,0.13,0.0
9,20,1,10.01,0.15,0.0
9,20,2,9.67,0.16999999999999998,0.0
9,20,3,9.26,0.19,0.0
9,20,4,8.61,0.08,0.0
9,20,5,8.540000000000001,0.06999999999999999,0.0
9,20,6,8.53,0.09,0.0
9,20,7,8.82,0.05,0.0
9,20,8,10.040000000000001,0.03,0.0
9,20,9,11.379999999999999,0.03,0.0
9,20,10,12.61,0.06999999999999999,0.0
9,20,11,13.64,0.06,0.0
9,20,12,14.26,0.06000000000000001,0.0
9,20,13,14.62,0.05,0.0
9,20,14,14.88,0.08,0.0
9,20,15,15.16,0.06,0.0
9,20,16,15.14,0.06000000000000001,0.0
9,20,17,14.7,0.04,0.0
9,20,18,13.680000000000001,0.05,0.0
9,20,19,12.45,0.039999999999999994,0.0
9,20,20,11.43,0.05,0.0
9,20,21,10.709999999999999,0.04,0.0
9,20,22,10.309999999999999,0.21000000000000002,0.0
9,20,23,9.64,0.02,0.0
9,21,0,9.41,0.03,0.0
9,21,1,9.360000000000001,0.06,0.0
9,21,2,9.2,0.15,0.0
9,21,3,8.73,0.12,0.0
9,21,4,8.35,0.18,0.0
9,21,5,8.290000000000001,0.1,0.0
9,21,6,8.17,0.14,0.0
9,21,7,8.53,0.1,0.0
9,21,8,9.58,0.11000000000000001,0.0
9,21,9,10.83,0.09,0.0
9,21,10,12.209999999999999,0.05,0.0
9,21,11,13.540000000000001,0.06999999999999999,0.0
9,21,12,14.55,0.05,0.0
9,21,13,15.330000000000002,0.04,0.0
9,21,14,15.84,0.030000000000000006,0.0
9,21,15,16.04,0.030000000000000006,0.0
9,21,16,15.959999999999999,0.02,0.0
9,21,17,15.38,0.07999999999999999,0.0
9,21,18,14.219999999999999,0.11000000000000001,0.0
9,21,19,13.1,0.14,0.0
9,21,20,12.39,0.16999999999999998,0.0
9,21,21,11.99,0.15,0.0
9,21,22,11.49,0.11000000000000001,0.0
9,21,23,11.010000000000002,0.06000000000000001,0.0
9,22,0,10.56,0.05,0.0
9,22,1,10.17,0.06999999999999999,0.0
9,22,2,9.97,0.09,0.0
9,22,3,9.4,0.12,0.0
9,22,4,9.07,0.20999999999999996,0.0
9,22,5,9.0,0.17,0.0
9,22,6,8.93,0.16,0.0
9,22,7,9.14,0.1,0.0
9,22,8,10.120000000000001,0.1,0.0
9,22,9,11.3,0.09,0.0
9,22,10,12.3,0.12,0.0
9,22,11,13.05,0.1,0.0
9,22,12,13.87,0.13,0.0
9,22,13,14.559999999999999,0.08,0.0
9,22,14,15.05,0.14,0.0
9,22,15,14.9,0.18,0.0
9,22,16,14.790000000000001,0.09,0.0
9,22,17,14.280000000000001,0.06000000000000001,0.0
9,22,18,13.190000000000001,0.06,0.0
9,22,19,11.97,0.02,0.0
9,22,20,11.139999999999999,0.01,0.0
9,22,21,10.47,0.0,0.0
9,22,22,10.15,0.02,0.0
9,22,23,9.680000000000001,0.03,0.0
9,23,0,9.32,0.03,0.0
9,23,1,8.95,0.03,0.0
9,23,2,8.7,0.02,0.0
9,23,3,8.64,0.0,0.0
9,23,4,8.33,0.06,0.0
9,23,5,8.02,0.13999999999999999,0.0
9,23,6,7.56,0.12,0.0
9,23,7,7.62,0.16,0.0
9,23,8,8.74,0.22000000000000003,0.0
9,23,9,10.14,0.19,0.0
9,23,10,11.34,0.11000000000000001,0.0
9,23,11,12.43,0.14,0.0
9,23,12,13.319999999999999,0.14,0.0
9,23,13,14.01,0.1,0.0
9,23,14,14.559999999999999,0.05,0.0
9,23,15,14.66,0.02,0.0
9,23,16,14.76,0.01,0.0
9,23,17,14.290000000000001,0.04,0.0
9,23,18,12.78,0.030000000000000006,0.0
9,23,19,11.43,0.0,0.0
9,23,20,10.940000000000001,0.0,0.0
9,23,21,10.42,0.0,0.0
9,23,22,9.8,0.02,0.0
9,23,23,9.33,0.02,0.0
9,24,0,8.92,0.0,0.0
9,24,1,8.620000000000001,0.0,0.0
9,24,2,8.309999999999999,0.04,0.0
9,24,3,7.970000000000001,0.09,0.0
9,24,4,7.18,0.15999999999999998,0.0
9,24,5,6.890000000000001,0.16999999999999998,0.0
9,24,6,6.790000000000001,0.12,0.0
9,24,7,7.279999999999999,0.16,0.0
9,24,8,8.79,0.2,0.0
9,24,9,10.48,0.21000000000000002,0.0
9,24,10,11.99,0.16999999999999998,0.0
9,24,11,13.3,0.27,0.0
9,24,12,14.26,0.25,0.0
9,24,13,14.86,0.18,0.0
9,24,14,15.37,0.20999999999999996,0.0
9,24,15,15.25,0.23000000000000004,0.0
9,24,16,15.05,0.21000000000000002,0.0
9,24,17,14.49,0.22999999999999998,0.0
9,24,18,13.13,0.26999999999999996,0.0
9,24,19,11.9,0.2,0.0
9,24,20,11.18,0.15,0.0
9,24,21,10.7,0.24,0.0
9,24,22,10.260000000000002,0.14,0.0
9,24,23,9.9,0.06000000000000001,0.0
9,25,0,9.51,0.2,0.0
9,25,1,9.16,0.15,0.0
9,25,2,8.620000000000001,0.13999999999999999,0.0
9,25,3,8.32,0.15,0.0
9,25,4,7.7299999999999995,0.08,0.0
9,25,5,7.359999999999999,0.09,0.0
9,25,6,7.109999999999999,0.07999999999999999,0.0
9,25,7,7.470000000000001,0.06999999999999999,0.0
9,25,8,8.77,0.05,0.0
9,25,9,10.290000000000001,0.05,0.0
9,25,10,11.739999999999998,0.06,0.0
9,25,11,12.930000000000001,0.07999999999999999,0.0
9,25,12,13.87,0.09,0.0
9,25,13,14.419999999999998,0.1,0.0
9,25,14,14.65,0.12,0.0
9,25,15,14.469999999999999,0.11000000000000001,0.0
9,25,16,14.4,0.16,0.0
9,25,17,13.830000000000002,0.11000000000000001,0.0
9,25,18,12.59,0.1,0.0
9,25,19,11.68,0.05,0.0
9,25,20,11.1,0.03,0.0
9,25,21,10.48,0.03,0.0
9,25,22,10.08,0.08,0.0
9,25,23,9.73,0.24,0.0
9,26,0,9.41,0.13999999999999999,0.0
9,26,1,9.16,0.06,0.0
9,26,2,8.98,0.05,0.0
9,26,3,8.8,0.02,0.0
9,26,4,8.53,0.02,0.0
9,26,5,7.88,0.04,0.0
9,26,6,7.83,0.03,0.0
9,26,7,7.87,0.06,0.0
9,26,8,8.86,0.07999999999999999,0.0
9,26,9,10.03,0.11000000000000001,0.0
9,26,10,11.41,0.02,0.0
9,26,11,12.74,0.01,0.0
9,26,12,13.790000000000001,0.01,0.0
9,26,13,14.5,0.02,0.0
9,26,14,14.85,0.12000000000000002,0.0
9,26,15,14.87,0.030000000000000006,0.0
9,26,16,14.919999999999998,0.01,0.0
9,26,17,14.280000000000001,0.04,0.0
9,26,18,12.959999999999999,0.0,0.0
9,26,19,11.65,0.01,0.0
9,26,20,11.11,0.01,0.0
9,26,21,10.76,0.03,0.0
9,26,22,10.28,0.02,0.0
9,26,23,9.89,0.01,0.0
9,27,0,9.45,0.09,0.0
9,27,1,9.09,0.13999999999999999,0.0
9,27,2,8.73,0.11000000000000001,0.0
9,27,3,8.559999999999999,0.08,0.0
9,27,4,8.05,0.12,0.0
9,27,5,7.7700000000000005,0.13,0.0
9,27,6,7.56,0.27,0.0
9,27,7,7.840000000000001,0.15,0.0
9,27,8,8.85,0.08,0.0
9,27,9,10.14,0.06999999999999999,0.0
9,27,10,11.35,0.0,0.0
9,27,11,12.59,0.04,0.0
9,27,12,13.37,0.01,0.0
9,27,13,13.86,0.01,0.0
9,27,14,14.1,0.02,0.0
9,27,15,14.059999999999999,0.05,0.0
9,27,16,14.069999999999999,0.03,0.0
9,27,17,13.4,0.06000000000000001,0.0
9,27,18,12.47,0.07999999999999999,0.0
9,27,19,11.67,0.16,0.0
9,27,20,10.9,0.030000000000000006,0.0
9,27,21,10.43,0.06,0.0
9,27,22,10.120000000000001,0.02,0.0
9,27,23,9.83,0.02,0.0
9,28,0,9.6,0.01,0.0
9,28,1,9.379999999999999,0.01,0.0
9,28,2,9.15,0.02,0.0
9,28,3,8.82,0.01,0.0
9,28,4,8.35,0.08,0.0
9,28,5,8.16,0.22000000000000003,0.0
9,28,6,8.11,0.19,0.0
9,28,7,8.34,0.19,0.0
9,28,8,8.959999999999999,0.13999999999999999,0.0
9,28,9,9.85,0.12000000000000002,0.0
9,28,10,10.690000000000001,0.09,0.0
9,28,11,11.4,0.13,0.0
9,28,12,12.17,0.15,0.0
9,28,13,12.7,0.09,0.0
9,28,14,13.169999999999998,0.11000000000000001,0.0
9,28,15,13.35,0.030000000000000006,0.0
9,28,16,13.16,0.2,0.0
9,28,17,12.95,0.1,0.0
9,28,18,11.98,0.01,0.0
9,28,19,11.2,0.23000000000000004,0.0
9,28,20,10.680000000000001,0.0,0.0
9,28,21,9.870000000000001,0.0,0.0
9,28,22,9.23,0.01,0.0
9,28,23,8.870000000000001,0.0,0.0
9,29,0,8.559999999999999,0.0,0.0
9,29,1,8.27,0.04,0.0
9,29,2,7.890000000000001,0.39,0.0
9,29,3,7.76,0.04,0.0
9,29,4,7.55,0.01,0.0
9,29,5,7.37,0.0,0.0
9,29,6,7.12,0.0,0.0
9,29,7,7.3,0.0,0.0
9,29,8,8.35,0.03,0.0
9,29,9,9.629999999999999,0.02,0.0
9,29,10,10.559999999999999,0.01,0.0
9,29,11,11.59,0.01,0.0
9,29,12,12.35,0.01,0.0
9,29,13,13.0,0.02,0.0
9,29,14,13.13,0.030000000000000006,0.0
9,29,15,12.940000000000001,0.030000000000000006,0.0
9,29,16,12.45,0.02,0.0
9,29,17,11.97,0.02,0.0
9,29,18,10.84,0.04,0.0
9,29,19,10.08,0.03,0.0
9,29,20,9.709999999999999,0.02,0.0
9,29,21,9.36,0.03,0.0
9,29,22,9.08,0.03,0.0
9,29,23,8.8,0.03,0.0
9,30,0,8.57,0.03,0.0
9,30,1,8.379999999999999,0.02,0.0
9,30,2,8.190000000000001,0.0,0.0
9,30,3,7.659999999999999,0.0,0.0
9,30,4,7.17,0.0,0.0
9,30,5,7.2299999999999995,0.0,0.0
9,30,6,7.19,0.0,0.0
9,30,7,7.24,0.0,0.0
9,30,8,8.209999999999999,0.0,0.0
9,30,9,9.35,0.0,0.0
9,30,10,10.48,0.03,0.0
9,30,11,11.66,0.03,0.0
9,30,12,12.6,0.030000000000000006,0.0
9,30,13,13.13,0.030000000000000006,0.0
9,30,14,13.37,0.06999999999999999,0.0
9,30,15,13.15,0.29,0.0
9,30,16,13.13,0.11000000000000001,0.0
9,30,17,12.74,0.06000000000000001,0.0
9,30,18,12.17,0.09999999999999999,0.0
9,30,19,11.61,0.08,0.0
9,30,20,11.03,0.02,0.0
9,30,21,10.61,0.07999999999999999,0.0
9,30,22,10.24,0.09,0.0
9,30,23,9.879999999999999,0.04,0.0
10,1,0,9.690000000000001,0.01,0.0
10,1,1,9.39,0.03,0.0
10,1,2,9.03,0.03,0.0
10,1,3,8.91,0.01,0.0
10,1,4,8.690000000000001,0.11000000000000001,0.0
10,1,5,8.48,0.04,0.0
10,1,6,8.3,0.0,0.0
10,1,7,8.260000000000002,0.0,0.0
10,1,8,9.08,0.01,0.0
10,1,9,10.040000000000001,0.18,0.0
10,1,10,11.03,0.12,0.0
10,1,11,11.99,0.01,0.0
10,1,12,12.790000000000001,0.01,0.0
10,1,13,13.540000000000001,0.01,0.0
10,1,14,13.99,0.02,0.0
10,1,15,13.65,0.06999999999999999,0.0
10,1,16,13.36,0.32,0.0
10,1,17,12.66,0.13999999999999999,0.0
10,1,18,11.53,0.05,0.0
10,1,19,10.68,0.02,0.0
10,1,20,10.02,0.01,0.0
10,1,21,9.36,0.27,0.0
10,1,22,8.89,0.18,0.0
10,1,23,8.64,0.18,0.0
10,2,0,8.440000000000001,0.01,0.0
10,2,1,8.17,0.01,0.0
10,2,2,8.01,0.0,0.0
10,2,3,7.68,0.0,0.0
10,2,4,7.26,0.02,0.0
10,2,5,7.06,0.05,0.0
10,2,6,7.06,0.06999999999999999,0.0
10,2,7,7.040000000000001,0.04,0.0
10,2,8,7.99,0.03,0.0
10,2,9,9.209999999999999,0.01,0.0
10,2,10,10.469999999999999,0.0,0.0
10,2,11,11.49,0.02,0.0
10,2,12,12.41,0.0,0.0
10,2,13,13.14,0.0,0.0
10,2,14,13.52,0.06,0.0
10,2,15,13.440000000000001,0.07999999999999999,0.0
10,2,16,13.25,0.06999999999999999,0.0
10,2,17,12.63,0.03,0.0
10,2,18,11.18,0.02,0.0
10,2,19,10.53,0.0,0.0
10,2,20,10.29,0.07999999999999999,0.0
10,2,21,9.959999999999999,0.12000000000000002,0.0
10,2,22,9.66,0.2,0.0
10,2,23,9.47,0.15999999999999998,0.0
10,3,0,9.2,0.13,0.0
10,3,1,9.05,0.1,0.0
10,3,2,8.879999999999999,0.1,0.0
10,3,3,8.66,0.16,0.0
10,3,4,8.15,0.04,0.0
10,3,5,8.1,0.08,0.0
10,3,6,7.970000000000001,0.06999999999999999,0.0
10,3,7,8.02,0.05,0.0
10,3,8,9.07,0.03,0.0
10,3,9,10.48,0.03,0.0
10,3,10,11.8,0.06999999999999999,0.0
10,3,11,12.9,0.11000000000000001,0.0
10,3,12,13.709999999999999,0.13,0.0
10,3,13,14.190000000000001,0.1,0.0
10,3,14,14.55,0.01,0.0
10,3,15,14.530000000000001,0.030000000000000006,0.0
10,3,16,14.169999999999998,0.04,0.0
10,3,17,13.11,0.05,0.0
10,3,18,11.709999999999999,0.09,0.0
10,3,19,11.16,0.26,0.0
10,3,20,10.66,0.22000000000000003,0.0
10,3,21,10.24,0.06999999999999999,0.0
10,3,22,9.690000000000001,0.02,0.0
10,3,23,9.27,0.01,0.0
10,4,0,8.84,0.0,0.0
10,4,1,8.57,0.02,0.0
10,4,2,8.14,0.05,0.0
10,4,3,8.11,0.12,0.0
10,4,4,7.67,0.09,0.0
10,4,5,7.6,0.1,0.0
10,4,6,7.6,0.03,0.0
10,4,7,7.87,0.03,0.0
10,4,8,8.9,0.08,0.0
10,4,9,10.07,0.15,0.0
10,4,10,10.830000000000002,0.07,0.0
10,4,11,11.27,0.1,0.0
10,4,12,11.67,0.2,0.0
10,4,13,11.82,0.27,0.0
10,4,14,11.99,0.5,0.0
10,4,15,12.1,0.32999999999999996,0.0
10,4,16,11.67,0.3,0.0
10,4,17,10.95,0.19,0.0
10,4,18,10.059999999999999,0.15,0.0
10,4,19,9.55,0.12000000000000002,0.0
10,4,20,9.28,0.06,0.0
10,4,21,9.07,0.04,0.0
10,4,22,8.879999999999999,0.01,0.0
10,4,23,8.65,0.0,0.0
10,5,0,8.45,0.0,0.0
10,5,1,8.28,0.0,0.0
10,5,2,8.14,0.01,0.0
10,5,3,7.92,0.08,0.0
10,5,4,7.5200000000000005,0.06000000000000001,0.0
10,5,5,7.409999999999999,0.030000000000000006,0.0
10,5,6,7.209999999999999,0.030000000000000006,0.0
10,5,7,7.159999999999999,0.030000000000000006,0.0
10,5,8,7.81,0.02,0.0
10,5,9,8.82,0.02,0.0
10,5,10,9.83,0.04,0.0
10,5,11,10.67,0.19,0.0
10,5,12,11.34,0.03,0.0
10,5,13,11.809999999999999,0.06,0.0
10,5,14,12.190000000000001,0.1,0.0
10,5,15,12.08,0.06,0.0
10,5,16,11.86,0.02,0.0
10,5,17,11.129999999999999,0.04,0.0
10,5,18,9.59,0.04,0.0
10,5,19,9.02,0.06999999999999999,0.0
10,5,20,8.73,0.06,0.0
10,5,21,8.58,0.06,0.0
10,5,22,8.42,0.04,0.0
10,5,23,8.3,0.05,0.0
10,6,0,8.05,0.04,0.0
10,6,1,7.840000000000001,0.07,0.0
10,6,2,7.730000000000001,0.06,0.0
10,6,3,7.7,0.0,0.0
10,6,4,7.290000000000001,0.030000000000000006,0.0
10,6,5,6.99,0.03,0.0
10,6,6,6.7,0.05,0.0
10,6,7,6.470000000000001,0.06999999999999999,0.0
10,6,8,7.07,0.05,0.0
10,6,9,7.909999999999999,0.05,0.0
10,6,10,8.809999999999999,0.04,0.0
10,6,11,9.43,0.11000000000000001,0.0
10,6,12,10.120000000000001,0.18000000000000002,0.007000000000000001
10,6,13,10.47,0.19,0.014000000000000002
10,6,14,10.85,0.15,0.007000000000000001
10,6,15,10.620000000000001,0.25,0.007000000000000001
10,6,16,10.290000000000001,0.24,0.014000000000000002
10,6,17,9.65,0.18,0.034999999999999996
10,6,18,8.72,0.16999999999999998,0.041999999999999996
10,6,19,8.16,0.20999999999999996,0.014000000000000002
10,6,20,7.859999999999999,0.16,0.0
10,6,21,7.63,0.17,0.0
10,6,22,7.470000000000001,0.21000000000000002,0.007000000000000001
10,6,23,7.25,0.22999999999999998,0.007000000000000001
10,7,0,7.040000000000001,0.22000000000000003,0.007000000000000001
10,7,1,6.85,0.5900000000000001,0.0
10,7,2,6.57,0.2,0.0
10,7,3,6.5200000000000005,0.15,0.0
10,7,4,5.93,0.06,0.0
10,7,5,5.86,0.08,0.0
10,7,6,5.49,0.03,0.0
10,7,7,5.43,0.030000000000000006,0.0
10,7,8,6.24,0.04,0.0
10,7,9,7.2299999999999995,0.09,0.0
10,7,10,8.129999999999999,0.05,0.007000000000000001
10,7,11,8.870000000000001,0.19,0.034999999999999996
10,7,12,9.68,0.13,0.0
10,7,13,10.23,0.20999999999999996,0.0
10,7,14,10.74,0.16999999999999998,0.0
10,7,15,10.89,0.15,0.0
10,7,16,10.95,0.16,0.0
10,7,17,10.440000000000001,0.37,0.0
10,7,18,9.51,0.02,0.0
10,7,19,9.11,0.02,0.0
10,7,20,8.86,0.12000000000000002,0.0
10,7,21,8.5,0.03,0.0
10,7,22,7.859999999999999,0.0,0.0
10,7,23,7.35,0.05,0.0
10,8,0,7.13,0.0,0.0
10,8,1,6.82,0.12,0.0
10,8,2,6.57,0.09000000000000001,0.0
10,8,3,6.4799999999999995,0.24,0.0
10,8,4,6.2700000000000005,0.18,0.0
10,8,5,5.94,0.18,0.0
10,8,6,5.65,0.14,0.0
10,8,7,5.529999999999999,0.19,0.0
10,8,8,5.75,0.1,0.0
10,8,9,6.5200000000000005,0.06,0.0
10,8,10,7.42,0.030000000000000006,0.0
10,8,11,8.35,0.05,0.0
10,8,12,9.01,0.06999999999999999,0.0
10,8,13,9.33,0.08,0.0
10,8,14,9.6,0.1,0.0
10,8,15,9.620000000000001,0.06,0.0
10,8,16,9.51,0.06000000000000001,0.0
10,8,17,8.870000000000001,0.03,0.0
10,8,18,7.81,0.05,0.014000000000000002
10,8,19,7.26,0.06999999999999999,0.020999999999999998
10,8,20,6.909999999999999,0.02,0.0
10,8,21,6.640000000000001,0.01,0.0
10,8,22,6.37,0.06999999999999999,0.0
10,8,23,6.1,0.12,0.0
10,9,0,5.970000000000001,0.18,0.0
10,9,1,5.8,0.21000000000000002,0.007000000000000001
10,9,2,5.5600000000000005,0.13,0.007000000000000001
10,9,3,5.369999999999999,0.09,0.007000000000000001
10,9,4,4.9799999999999995,0.11000000000000001,0.034999999999999996
10,9,5,4.95,0.01,0.007000000000000001
10,9,6,4.76,0.05,0.007000000000000001
10,9,7,4.6,0.06,0.014000000000000002
10,9,8,5.3,0.05,0.028000000000000004
10,9,9,6.24,0.02,0.007000000000000001
10,9,10,7.0,0.1,0.0
10,9,11,7.7299999999999995,0.01,0.0
10,9,12,8.290000000000001,0.12,0.0
10,9,13,8.73,0.13999999999999999,0.0
10,9,14,8.83,0.15,0.0
10,9,15,8.91,0.2,0.028000000000000004
10,9,16,8.39,0.21000000000000002,0.007000000000000001
10,9,17,7.57,0.2,0.020999999999999998
10,9,18,6.87,0.13,0.0
10,9,19,6.63,0.2,0.0
10,9,20,6.3100000000000005,0.19,0.0
10,9,21,6.0,0.12999999999999998,0.0
10,9,22,5.87,0.11000000000000001,0.007000000000000001
10,9,23,5.7,0.10999999999999999,0.0
10,10,0,5.46,0.11000000000000001,0.0
10,10,1,5.32,0.19,0.0
10,10,2,5.08,0.17,0.0
10,10,3,5.069999999999999,0.02,0.0
10,10,4,4.75,0.01,0.0
10,10,5,4.59,0.0,0.0
10,10,6,4.3100000000000005,0.0,0.0
10,10,7,4.220000000000001,0.0,0.0
10,10,8,4.72,0.01,0.014000000000000002
10,10,9,5.62,0.030000000000000006,0.021
10,10,10,6.51,0.0,0.0
10,10,11,7.35,0.01,0.0
10,10,12,8.2,0.05,0.0
10,10,13,8.78,0.1,0.007000000000000001
10,10,14,9.2,0.06999999999999999,0.0
10,10,15,9.42,0.09,0.0
10,10,16,9.129999999999999,0.1,0.0
10,10,17,8.28,0.11000000000000001,0.0
10,10,18,7.25,0.24,0.0
10,10,19,6.779999999999999,0.16999999999999998,0.0
10,10,20,6.45,0.05,0.0
10,10,21,6.29,0.02,0.0
10,10,22,5.88,0.0,0.0
10,10,23,5.45,0.0,0.0
10,11,0,4.9799999999999995,0.0,0.0
10,11,1,4.87,0.0,0.0
10,11,2,4.5600000000000005,0.0,0.0
10,11,3,4.3,0.0,0.0
10,11,4,3.5700000000000003,0.0,0.0
10,11,5,3.4299999999999997,0.0,0.0
10,11,6,3.16,0.0,0.0
10,11,7,2.91,0.0,0.0
10,11,8,3.9200000000000004,0.0,0.0
10,11,9,5.4,0.0,0.0
10,11,10,6.69,0.01,0.007000000000000001
10,11,11,7.909999999999999,0.01,0.007000000000000001
10,11,12,8.76,0.01,0.0
10,11,13,9.43,0.02,0.0
10,11,14,9.709999999999999,0.030000000000000006,0.0
10,11,15,10.05,0.04,0.0
10,11,16,9.64,0.030000000000000006,0.0
10,11,17,8.459999999999999,0.0,0.0
10,11,18,7.109999999999999,0.0,0.0
10,11,19,6.35,0.0,0.0
10,11,20,6.0,0.0,0.0
10,11,21,5.85,0.0,0.0
10,11,22,5.68,0.0,0.0
10,11,23,5.66,0.0,0.0
10,12,0,5.33,0.02,0.0
10,12,1,5.07,0.04,0.0
10,12,2,4.62,0.01,0.0
10,12,3,4.5200000000000005,0.0,0.0
10,12,4,4.2299999999999995,0.02,0.0
10,12,5,4.33,0.030000000000000006,0.0
10,12,6,4.43,0.06999999999999999,0.0
10,12,7,4.57,0.1,0.0
10,12,8,5.39,0.11000000000000001,0.0
10,12,9,6.49,0.09,0.0
10,12,10,7.75,0.01,0.0
10,12,11,8.78,0.01,0.0
10,12,12,9.67,0.01,0.0
10,12,13,10.17,0.13,0.0
10,12,14,10.35,0.19,0.0
10,12,15,10.36,0.22999999999999998,0.0
10,12,16,10.11,0.08,0.0
10,12,17,9.61,0.0,0.0
10,12,18,8.84,0.02,0.0
10,12,19,8.22,0.04,0.0
10,12,20,7.959999999999999,0.04,0.0
10,12,21,7.63,0.030000000000000006,0.0
10,12,22,7.529999999999999,0.03,0.0
10,12,23,7.25,0.19,0.0
10,13,0,6.94,0.06999999999999999,0.0
10,13,1,6.790000000000001,0.05,0.0
10,13,2,6.63,0.0,0.0
10,13,3,6.57,0.04,0.0
10,13,4,6.32,0.03,0.0
10,13,5,6.13,0.02,0.0
10,13,6,6.0200000000000005,0.01,0.0
10,13,7,5.970000000000001,0.02,0.0
10,13,8,6.43,0.0,0.0
10,13,9,7.159999999999999,0.01,0.0
10,13,10,7.92,0.22999999999999998,0.0
10,13,11,8.68,0.25,0.0
10,13,12,9.3,0.04,0.0
10,13,13,10.040000000000001,0.0,0.0
10,13,14,10.35,0.1,0.0
10,13,15,10.39,0.02,0.0
10,13,16,10.120000000000001,0.01,0.0
10,13,17,9.27,0.01,0.0
10,13,18,8.09,0.0,0.0
10,13,19,7.659999999999999,0.0,0.0
10,13,20,7.209999999999999,0.0,0.0
10,13,21,6.83,0.01,0.0
10,13,22,6.58,0.01,0.0
10,13,23,6.380000000000001,0.04,0.0
10,14,0,6.25,0.14,0.0
10,14,1,6.1899999999999995,0.19,0.0
10,14,2,6.0,0.22000000000000003,0.0
10,14,3,5.7299999999999995,0.08,0.0
10,14,4,5.45,0.09,0.0
10,14,5,5.470000000000001,0.039999999999999994,0.0
10,14,6,5.32,0.01,0.0
10,14,7,5.17,0.02,0.0
10,14,8,5.63,0.03,0.0
10,14,9,6.590000000000001,0.08,0.014000000000000002
10,14,10,7.31,0.15,0.028000000000000004
10,14,11,7.7299999999999995,0.29,0.041999999999999996
10,14,12,8.08,0.31999999999999995,0.098
10,14,13,8.61,0.18,0.077
10,14,14,9.129999999999999,0.22000000000000003,0.091
10,14,15,9.59,0.25,0.098
10,14,16,9.459999999999999,0.27999999999999997,0.06999999999999999
10,14,17,8.97,0.19,0.06999999999999999
10,14,18,8.5,0.36,0.041999999999999996
10,14,19,8.42,0.22000000000000003,0.007000000000000001
10,14,20,8.35,0.06999999999999999,0.014000000000000002
10,14,21,8.17,0.21000000000000002,0.020999999999999998
10,14,22,8.0,0.06999999999999999,0.034999999999999996
10,14,23,7.88,0.13,0.063
10,15,0,7.5200000000000005,0.17,0.041999999999999996
10,15,1,7.32,0.28,0.014000000000000002
10,15,2,7.17,0.28,0.007000000000000001
10,15,3,7.029999999999999,0.35,0.020999999999999998
10,15,4,6.890000000000001,0.22999999999999998,0.0
10,15,5,6.840000000000001,0.25,0.0
10,15,6,6.779999999999999,0.12,0.0
10,15,7,6.529999999999999,0.15000000000000002,0.0
10,15,8,6.859999999999999,0.26,0.0
10,15,9,7.2700000000000005,0.11000000000000001,0.0
10,15,10,7.7,0.11000000000000001,0.0
10,15,11,8.03,0.15,0.0
10,15,12,8.56,0.2,0.0
10,15,13,8.91,0.15,0.0
10,15,14,9.24,0.14,0.0
10,15,15,9.3,0.13,0.0
10,15,16,9.02,0.030000000000000006,0.0
10,15,17,8.379999999999999,0.02,0.0
10,15,18,7.69,0.01,0.0
10,15,19,7.340000000000001,0.0,0.0
10,15,20,7.08,0.02,0.0
10,15,21,6.85,0.04,0.0
10,15,22,6.609999999999999,0.04,0.0
10,15,23,6.220000000000001,0.04,0.0
10,16,0,5.85,0.04,0.0
10,16,1,5.42,0.02,0.0
10,16,2,5.18,0.030000000000000006,0.0
10,16,3,5.07,0.09,0.0
10,16,4,4.64,0.06,0.0
10,16,5,4.6,0.06000000000000001,0.0
10,16,6,4.49,0.030000000000000006,0.0
10,16,7,4.29,0.02,0.0
10,16,8,4.58,0.030000000000000006,0.0
10,16,9,5.37,0.04,0.0
10,16,10,6.11,0.04,0.0
10,16,11,6.959999999999999,0.03,0.0
10,16,12,7.57,0.06,0.0
10,16,13,8.05,0.09999999999999999,0.0
10,16,14,8.24,0.06,0.0
10,16,15,8.28,0.06,0.0
10,16,16,8.129999999999999,0.06000000000000001,0.0
10,16,17,7.44,0.039999999999999994,0.0
10,16,18,6.58,0.06999999999999999,0.0
10,16,19,6.15,0.05,0.0
10,16,20,5.880000000000001,0.03,0.0
10,16,21,5.529999999999999,0.02,0.0
10,16,22,5.18,0.02,0.0
10,16,23,4.779999999999999,0.01,0.0
10,17,0,4.45,0.0,0.0
10,17,1,4.17,0.0,0.0
10,17,2,4.0,0.0,0.0
10,17,3,4.12,0.0,0.0
10,17,4,3.9899999999999998,0.0,0.0
10,17,5,3.87,0.0,0.0
10,17,6,3.78,0.0,0.0
10,17,7,3.7,0.01,0.0
10,17,8,4.29,0.01,0.0
10,17,9,5.4399999999999995,0.0,0.0
10,17,10,6.5,0.0,0.0
10,17,11,7.33,0.02,0.0
10,17,12,8.2,0.14,0.0
10,17,13,8.790000000000001,0.02,0.0
10,17,14,9.17,0.01,0.0
10,17,15,9.120000000000001,0.03,0.007000000000000001
10,17,16,8.690000000000001,0.01,0.0
10,17,17,7.95,0.06999999999999999,0.020999999999999998
10,17,18,7.160000000000001,0.0,0.0
10,17,19,6.5,0.02,0.0
10,17,20,6.3,0.0,0.0
10,17,21,5.99,0.01,0.0
10,17,22,5.5,0.03,0.007000000000000001
10,17,23,5.1899999999999995,0.01,0.0
10,18,0,5.04,0.06,0.0
10,18,1,4.85,0.24,0.0
10,18,2,4.66,0.22000000000000003,0.0
10,18,3,4.51,0.36,0.0
10,18,4,4.4,0.06999999999999999,0.0
10,18,5,4.4,0.08,0.0
10,18,6,4.24,0.01,0.0
10,18,7,4.24,0.0,0.0
10,18,8,4.89,0.0,0.0
10,18,9,6.029999999999999,0.07999999999999999,0.0
10,18,10,7.1,0.13,0.0
10,18,11,7.87,0.25,0.0
10,18,12,8.86,0.42000000000000004,0.0
10,18,13,9.35,0.1,0.0
10,18,14,9.55,0.08,0.0
10,18,15,9.7,0.05,0.0
10,18,16,9.18,0.13,0.0
10,18,17,8.14,0.1,0.0
10,18,18,7.540000000000001,0.06999999999999999,0.0
10,18,19,6.7,0.02,0.0
10,18,20,6.4,0.05,0.0
10,18,21,6.0,0.09,0.0
10,18,22,5.55,0.06999999999999999,0.0
10,18,23,5.34,0.01,0.0
10,19,0,4.95,0.01,0.0
10,19,1,4.8100000000000005,0.0,0.0
10,19,2,4.63,0.0,0.0
10,19,3,4.45,0.0,0.0
10,19,4,4.41,0.02,0.0
10,19,5,4.4,0.04,0.0
10,19,6,4.46,0.04,0.0
10,19,7,4.2299999999999995,0.030000000000000006,0.0
10,19,8,4.42,0.02,0.0
10,19,9,5.1899999999999995,0.01,0.0
10,19,10,6.26,0.02,0.0
10,19,11,7.08,0.01,0.0
10,19,12,7.6899999999999995,0.02,0.0
10,19,13,8.18,0.04,0.0
10,19,14,8.32,0.06999999999999999,0.0
10,19,15,8.36,0.05,0.0
10,19,16,8.03,0.0,0.0
10,19,17,7.0,0.0,0.0
10,19,18,6.069999999999999,0.0,0.0
10,19,19,5.9,0.01,0.0
10,19,20,5.55,0.01,0.0
10,19,21,5.45,0.0,0.0
10,19,22,5.08,0.0,0.0
10,19,23,4.68,0.0,0.0
10,20,0,4.15,0.0,0.0
10,20,1,3.95,0.01,0.0
10,20,2,3.69,0.02,0.0
10,20,3,3.16,0.03,0.0
10,20,4,3.08,0.0,0.0
10,20,5,3.06,0.0,0.0
10,20,6,3.15,0.0,0.0
10,20,7,3.12,0.0,0.0
10,20,8,3.22,0.0,0.0
10,20,9,4.08,0.0,0.0
10,20,10,4.85,0.01,0.0
10,20,11,5.46,0.02,0.0
10,20,12,5.92,0.05,0.0
10,20,13,6.23,0.04,0.0
10,20,14,6.51,0.030000000000000006,0.0
10,20,15,6.459999999999999,0.02,0.0
10,20,16,6.409999999999999,0.01,0.0
10,20,17,5.65,0.01,0.0
10,20,18,4.81,0.01,0.007000000000000001
10,20,19,4.25,0.02,0.007000000000000001
10,20,20,3.8899999999999997,0.06,0.007000000000000001
10,20,21,3.38,0.11000000000000001,0.028000000000000004
10,20,22,3.19,0.11000000000000001,0.0
10,20,23,3.29,0.05,0.0
10,21,0,3.3600000000000003,0.05,0.0
10,21,1,3.3299999999999996,0.06999999999999999,0.0
10,21,2,3.31,0.08,0.0
10,21,3,2.82,0.01,0.0
10,21,4,2.4299999999999997,0.0,0.0
10,21,5,2.31,0.0,0.0
10,21,6,2.27,0.05,0.0
10,21,7,2.33,0.05,0.0
10,21,8,2.8,0.01,0.0
10,21,9,3.7600000000000002,0.03,0.0
10,21,10,4.8100000000000005,0.0,0.0
10,21,11,5.87,0.01,0.0
10,21,12,6.65,0.01,0.0
10,21,13,7.0200000000000005,0.01,0.0
10,21,14,7.220000000000001,0.02,0.0
10,21,15,7.029999999999999,0.05,0.0
10,21,16,6.779999999999999,0.08,0.0
10,21,17,5.840000000000001,0.02,0.0
10,21,18,5.01,0.04,0.0
10,21,19,4.34,0.09,0.0
10,21,20,3.9299999999999997,0.18,0.0
10,21,21,3.81,0.06999999999999999,0.0
10,21,22,3.5200000000000005,0.04,0.0
10,21,23,3.3299999999999996,0.03,0.0
10,22,0,3.08,0.02,0.0
10,22,1,2.9699999999999998,0.02,0.0
10,22,2,2.77,0.0,0.0
10,22,3,3.1,0.0,0.0
10,22,4,3.0799999999999996,0.04,0.0
10,22,5,3.04,0.02,0.007000000000000001
10,22,6,3.06,0.01,0.0
10,22,7,3.0,0.01,0.0
10,22,8,3.22,0.03,0.020999999999999998
10,22,9,4.01,0.0,0.0
10,22,10,4.9399999999999995,0.0,0.0
10,22,11,5.66,0.0,0.0
10,22,12,6.12,0.01,0.0
10,22,13,6.63,0.0,0.0
10,22,14,6.779999999999999,0.02,0.0
10,22,15,6.49,0.01,0.0
10,22,16,6.18,0.02,0.0
10,22,17,5.38,0.05,0.0
10,22,18,4.7,0.11000000000000001,0.0
10,22,19,4.39,0.07999999999999999,0.0
10,22,20,4.08,0.06999999999999999,0.0
10,22,21,3.95,0.06,0.0
10,22,22,4.01,0.07999999999999999,0.0
10,22,23,4.15,0.05,0.0
10,23,0,4.12,0.06000000000000001,0.014000000000000002
10,23,1,4.1899999999999995,0.06,0.020999999999999998
10,23,2,4.37,0.19,0.014000000000000002
10,23,3,4.51,0.09,0.007000000000000001
10,23,4,4.49,0.12000000000000002,0.028000000000000004
10,23,5,4.529999999999999,0.14,0.028000000000000004
10,23,6,4.66,0.10999999999999999,0.007000000000000001
10,23,7,4.63,0.16,0.0
10,23,8,4.67,0.07,0.014000000000000002
10,23,9,5.2299999999999995,0.04,0.014000000000000002
10,23,10,5.9,0.16999999999999998,0.0
10,23,11,6.45,0.19,0.007000000000000001
10,23,12,7.029999999999999,0.12000000000000002,0.0
10,23,13,7.38,0.030000000000000006,0.0
10,23,14,7.590000000000001,0.02,0.0
10,23,15,7.43,0.04,0.007000000000000001
10,23,16,7.19,0.01,0.007000000000000001
10,23,17,6.33,0.07,0.007000000000000001
10,23,18,5.85,0.12,0.007000000000000001
10,23,19,5.42,0.15,0.0
10,23,20,5.26,0.11000000000000001,0.0
10,23,21,5.0600000000000005,0.11000000000000001,0.0
10,23,22,4.640000000000001,0.1,0.0
10,23,23,4.29,0.08,0.007000000000000001
10,24,0,4.05,0.09,0.014000000000000002
10,24,1,3.95,0.06999999999999999,0.014000000000000002
10,24,2,3.97,0.09,0.028000000000000004
10,24,3,3.9599999999999995,0.09,0.020999999999999998
10,24,4,3.8600000000000003,0.09,0.0
10,24,5,3.69,0.09,0.0
10,24,6,3.6100000000000003,0.030000000000000006,0.0
10,24,7,3.63,0.01,0.0
10,24,8,3.78,0.01,0.0
10,24,9,4.26,0.01,0.0
10,24,10,4.74,0.030000000000000006,0.0
10,24,11,5.1,0.07,0.0
10,24,12,5.41,0.07,0.0
10,24,13,5.57,0.06999999999999999,0.0
10,24,14,5.53,0.04,0.0
10,24,15,5.5200000000000005,0.03,0.0
10,24,16,5.1899999999999995,0.1,0.0
10,24,17,4.34,0.06,0.0
10,24,18,3.71,0.02,0.0
10,24,19,3.3600000000000003,0.05,0.0
10,24,20,2.8899999999999997,0.02,0.0
10,24,21,2.66,0.22000000000000003,0.0
10,24,22,2.39,0.06,0.0
10,24,23,2.31,0.02,0.0
10,25,0,2.1399999999999997,0.02,0.0
10,25,1,1.9899999999999998,0.01,0.0
10,25,2,1.7100000000000002,0.0,0.0
10,25,3,1.6799999999999997,0.02,0.0
10,25,4,1.45,0.01,0.0
10,25,5,1.3399999999999999,0.0,0.0
10,25,6,1.17,0.0,0.0
10,25,7,0.8300000000000001,0.0,0.0
10,25,8,1.0699999999999998,0.0,0.0
10,25,9,1.9,0.02,0.0
10,25,10,2.82,0.02,0.0
10,25,11,3.7299999999999995,0.030000000000000006,0.0
10,25,12,4.38,0.02,0.0
10,25,13,4.930000000000001,0.0,0.0
10,25,14,5.17,0.0,0.0
10,25,15,4.779999999999999,0.0,0.0
10,25,16,4.25,0.0,0.0
10,25,17,2.83,0.0,0.0
10,25,18,2.05,0.0,0.0
10,25,19,1.7100000000000002,0.0,0.0
10,25,20,1.47,0.0,0.0
10,25,21,1.4100000000000001,0.0,0.0
10,25,22,1.44,0.0,0.0
10,25,23,1.3900000000000001,0.01,0.0
10,26,0,1.19,0.02,0.0
10,26,1,0.9799999999999999,0.03,0.0
10,26,2,0.9099999999999999,0.04,0.0
10,26,3,0.9800000000000001,0.03,0.0
10,26,4,0.8100000000000002,0.030000000000000006,0.0
10,26,5,0.76,0.02,0.0
10,26,6,0.76,0.02,0.0
10,26,7,0.72,0.02,0.0
10,26,8,1.0,0.02,0.0
10,26,9,2.05,0.02,0.0
10,26,10,3.0300000000000002,0.02,0.0
10,26,11,3.78,0.02,0.0
10,26,12,4.62,0.03,0.0
10,26,13,5.16,0.02,0.0
10,26,14,5.51,0.03,0.0
10,26,15,5.4799999999999995,0.03,0.0
10,26,16,5.0200000000000005,0.02,0.007000000000000001
10,26,17,4.18,0.02,0.007000000000000001
10,26,18,3.7800000000000002,0.02,0.007000000000000001
10,26,19,3.4200000000000004,0.0,0.0
10,26,20,3.25,0.0,0.0
10,26,21,3.18,0.0,0.0
10,26,22,3.1100000000000003,0.02,0.014000000000000002
10,26,23,2.98,0.04,0.028000000000000004
10,27,0,2.8,0.06000000000000001,0.035
10,27,1,2.6700000000000004,0.1,0.021
10,27,2,2.66,0.06,0.034999999999999996
10,27,3,2.7600000000000002,0.08,0.049
10,27,4,2.5100000000000002,0.07,0.042
10,27,5,2.52,0.07,0.049
10,27,6,2.6,0.04,0.028000000000000004
10,27,7,2.55,0.05,0.035
10,27,8,2.77,0.05,0.028000000000000004
10,27,9,3.29,0.02,0.014000000000000002
10,27,10,3.81,0.04,0.014000000000000002
10,27,11,4.38,0.039999999999999994,0.014000000000000002
10,27,12,4.9399999999999995,0.02,0.014000000000000002
10,27,13,5.33,0.0,0.007000000000000001
10,27,14,5.36,0.030000000000000006,0.014000000000000002
10,27,15,5.44,0.04,0.028000000000000004
10,27,16,5.2,0.08,0.06300000000000001
10,27,17,4.27,0.1,0.06999999999999999
10,27,18,4.04,0.19,0.133
10,27,19,3.8,0.22000000000000003,0.154
10,27,20,3.72,0.11000000000000001,0.06999999999999999
10,27,21,3.55,0.06999999999999999,0.014000000000000002
10,27,22,3.2600000000000002,0.14,0.041999999999999996
10,27,23,3.0,0.22000000000000003,0.077
10,28,0,2.8600000000000003,0.2,0.049
10,28,1,3.2700000000000005,0.09,0.007000000000000001
10,28,2,3.3200000000000003,0.05,0.007000000000000001
10,28,3,3.14,0.06,0.007000000000000001
10,28,4,2.8,0.14,0.007000000000000001
10,28,5,2.49,0.06,0.020999999999999998
10,28,6,2.44,0.04,0.020999999999999998
10,28,7,2.29,0.01,0.007000000000000001
10,28,8,2.55,0.01,0.0
10,28,9,3.2,0.01,0.007000000000000001
10,28,10,4.05,0.0,0.0
10,28,11,4.66,0.02,0.007000000000000001
10,28,12,5.35,0.01,0.007000000000000001
10,28,13,5.859999999999999,0.01,0.0
10,28,14,6.1,0.0,0.0
10,28,15,6.0600000000000005,0.01,0.0
10,28,16,5.6899999999999995,0.03,0.0
10,28,17,4.9799999999999995,0.12,0.041999999999999996
10,28,18,4.49,0.19,0.098
10,28,19,4.07,0.15,0.06999999999999999
10,28,20,3.84,0.2,0.049
10,28,21,3.54,0.15,0.063
10,28,22,3.25,0.12,0.063
10,28,23,2.92,0.09,0.049
10,29,0,2.6799999999999997,0.06999999999999999,0.049
10,29,1,2.67,0.06999999999999999,0.049
10,29,2,2.6100000000000003,0.04,0.035
10,29,3,2.55,0.030000000000000006,0.021
10,29,4,2.59,0.06000000000000001,0.014000000000000002
10,29,5,2.17,0.030000000000000006,0.014000000000000002
10,29,6,1.95,0.02,0.014000000000000002
10,29,7,1.8199999999999998,0.02,0.014000000000000002
10,29,8,1.89,0.04,0.020999999999999998
10,29,9,2.45,0.05,0.020999999999999998
10,29,10,3.09,0.05,0.028000000000000004
10,29,11,3.62,0.12999999999999998,0.020999999999999998
10,29,12,4.12,0.15,0.020999999999999998
10,29,13,4.43,0.08,0.020999999999999998
10,29,14,4.62,0.09,0.028000000000000004
10,29,15,4.59,0.1,0.028000000000000004
10,29,16,4.47,0.18,0.014000000000000002
10,29,17,3.95,0.15,0.014000000000000002
10,29,18,3.79,0.04,0.014000000000000002
10,29,19,3.5799999999999996,0.05,0.014000000000000002
10,29,20,3.46,0.04,0.021
10,29,21,3.1,0.04,0.028000000000000004
10,29,22,2.95,0.04,0.028000000000000004
10,29,23,2.8,0.27,0.034999999999999996
10,30,0,2.65,0.15,0.034999999999999996
10,30,1,2.48,0.06999999999999999,0.028000000000000004
10,30,2,2.25,0.02,0.014000000000000002
10,30,3,1.9799999999999998,0.01,0.007000000000000001
10,30,4,1.5299999999999998,0.09,0.041999999999999996
10,30,5,1.24,0.1,0.06300000000000001
10,30,6,1.33,0.08,0.041999999999999996
10,30,7,1.4899999999999998,0.08,0.028000000000000004
10,30,8,1.51,0.05,0.021
10,30,9,1.9799999999999998,0.13,0.06999999999999999
10,30,10,2.55,0.15,0.10500000000000001
10,30,11,3.0700000000000003,0.24,0.14700000000000002
10,30,12,3.55,0.12,0.021
10,30,13,3.88,0.12,0.028000000000000004
10,30,14,4.01,0.1,0.028000000000000004
10,30,15,4.07,0.12,0.014000000000000002
10,30,16,3.78,0.04,0.014000000000000002
10,30,17,3.13,0.2,0.028000000000000004
10,30,18,3.04,0.24,0.014000000000000002
10,30,19,2.8600000000000003,0.18,0.007000000000000001
10,30,20,2.75,0.29,0.0
10,30,21,2.65,0.26,0.0
10,30,22,2.52,0.26,0.0
10,30,23,2.41,0.3,0.0
10,31,0,2.15,0.16,0.007000000000000001
10,31,1,2.05,0.08,0.007000000000000001
10,31,2,1.8699999999999999,0.05,0.007000000000000001
10,31,3,1.61,0.02,0.007000000000000001
10,31,4,1.25,0.06999999999999999,0.021
10,31,5,1.05,0.13,0.028000000000000004
10,31,6,0.95,0.15,0.014000000000000002
10,31,7,0.63,0.19,0.028000000000000004
10,31,8,0.6599999999999999,0.18,0.055999999999999994
10,31,9,1.23,0.14,0.055999999999999994
10,31,10,1.8,0.12000000000000002,0.049
10,31,11,2.45,0.11000000000000001,0.049
10,31,12,2.98,0.11000000000000001,0.049
10,31,13,3.2299999999999995,0.08,0.028000000000000004
10,31,14,3.4900000000000007,0.09,0.049
10,31,15,3.17,0.1,0.049
10,31,16,2.84,0.07999999999999999,0.041999999999999996
10,31,17,2.1,0.09,0.028000000000000004
10,31,18,1.95,0.04,0.021
10,31,19,1.7599999999999998,0.04,0.028000000000000004
10,31,20,1.72,0.04,0.028000000000000004
10,31,21,1.6800000000000002,0.04,0.028000000000000004
10,31,22,1.42,0.03,0.020999999999999998
10,31,23,1.23,0.03,0.020999999999999998
11,1,0,1.22,0.03,0.020999999999999998
11,1,1,1.33,0.02,0.014000000000000002
11,1,2,1.54,0.07,0.014000000000000002
11,1,3,1.61,0.08,0.007000000000000001
11,1,4,1.49,0.08,0.034999999999999996
11,1,5,1.6600000000000001,0.06999999999999999,0.021
11,1,6,1.7899999999999998,0.04,0.007000000000000001
11,1,7,1.78,0.01,0.0
11,1,8,1.7,0.01,0.0
11,1,9,2.12,0.02,0.0
11,1,10,2.73,0.06,0.007000000000000001
11,1,11,3.4799999999999995,0.08,0.0
11,1,12,4.1,0.09,0.0
11,1,13,4.34,0.11000000000000001,0.007000000000000001
11,1,14,4.61,0.15,0.020999999999999998
11,1,15,4.409999999999999,0.15999999999999998,0.014000000000000002
11,1,16,4.13,0.11000000000000001,0.0
11,1,17,3.5100000000000002,0.22000000000000003,0.0
11,1,18,3.2399999999999998,0.22000000000000003,0.0
11,1,19,3.1,0.19,0.0
11,1,20,3.09,0.06000000000000001,0.0
11,1,21,2.94,0.06,0.007000000000000001
11,1,22,2.88,0.10999999999999999,0.0
11,1,23,2.72,0.08,0.0
11,2,0,2.45,0.01,0.0
11,2,1,2.29,0.01,0.0
11,2,2,2.09,0.06,0.0
11,2,3,1.85,0.43,0.041999999999999996
11,2,4,1.7799999999999998,0.09,0.014000000000000002
11,2,5,1.72,0.13999999999999999,0.007000000000000001
11,2,6,1.49,0.21000000000000002,0.035
11,2,7,1.5100000000000002,0.16,0.035
11,2,8,1.55,0.18000000000000002,0.014000000000000002
11,2,9,1.9,0.14,0.007000000000000001
11,2,10,2.43,0.15,0.007000000000000001
11,2,11,2.79,0.13,0.007000000000000001
11,2,12,3.09,0.05,0.007000000000000001
11,2,13,3.3299999999999996,0.03,0.007000000000000001
11,2,14,3.5700000000000003,0.06,0.007000000000000001
11,2,15,3.41,0.01,0.0
11,2,16,2.91,0.0,0.0
11,2,17,1.8800000000000001,0.0,0.0
11,2,18,1.44,0.0,0.0
11,2,19,1.25,0.0,0.0
11,2,20,1.2,0.0,0.0
11,2,21,1.24,0.0,0.0
11,2,22,1.3699999999999999,0.0,0.007000000000000001
11,2,23,1.33,0.01,0.007000000000000001
11,3,0,1.35,0.05,0.007000000000000001
11,3,1,1.1400000000000001,0.06,0.020999999999999998
11,3,2,1.06,0.06999999999999999,0.020999999999999998
11,3,3,1.1199999999999999,0.06,0.034999999999999996
11,3,4,1.1199999999999999,0.07999999999999999,0.049
11,3,5,1.06,0.06,0.041999999999999996
11,3,6,1.1400000000000001,0.06,0.041999999999999996
11,3,7,1.25,0.05,0.034999999999999996
11,3,8,1.4200000000000002,0.05,0.028000000000000004
11,3,9,1.8800000000000001,0.08,0.034999999999999996
11,3,10,2.41,0.08,0.021
11,3,11,3.06,0.05,0.007000000000000001
11,3,12,3.56,0.09999999999999999,0.014000000000000002
11,3,13,3.8200000000000003,0.12,0.014000000000000002
11,3,14,4.0600000000000005,0.12,0.0
11,3,15,3.9799999999999995,0.1,0.007000000000000001
11,3,16,3.66,0.12000000000000002,0.041999999999999996
11,3,17,3.28,0.030000000000000006,0.0
11,3,18,3.0700000000000003,0.030000000000000006,0.0
11,3,19,2.85,0.02,0.007000000000000001
11,3,20,2.76,0.1,0.028000000000000004
11,3,21,2.8,0.19,0.035
11,3,22,2.86,0.20999999999999996,0.035
11,3,23,2.91,0.18,0.028000000000000004
11,4,0,2.8,0.19,0.034999999999999996
11,4,1,2.67,0.12,0.028000000000000004
11,4,2,2.61,0.18,0.034999999999999996
11,4,3,2.5100000000000002,0.19,0.05600000000000001
11,4,4,2.5,0.22000000000000003,0.06300000000000001
11,4,5,2.53,0.11000000000000001,0.06999999999999999
11,4,6,2.51,0.1,0.07
11,4,7,2.38,0.06,0.041999999999999996
11,4,8,2.29,0.04,0.035
11,4,9,2.69,0.04,0.028000000000000004
11,4,10,3.34,0.03,0.028000000000000004
11,4,11,3.9,0.04,0.028000000000000004
11,4,12,4.24,0.03,0.020999999999999998
11,4,13,4.5,0.03,0.020999999999999998
11,4,14,4.6899999999999995,0.02,0.014000000000000002
11,4,15,4.53,0.0,0.0
11,4,16,4.0,0.06,0.0
11,4,17,3.59,0.030000000000000006,0.0
11,4,18,3.4,0.03,0.0
11,4,19,3.2,0.06999999999999999,0.0
11,4,20,3.0200000000000005,0.03,0.0
11,4,21,3.05,0.0,0.0
11,4,22,3.04,0.01,0.007000000000000001
11,4,23,3.0,0.0,0.007000000000000001
11,5,0,2.9699999999999998,0.0,0.007000000000000001
11,5,1,3.0100000000000002,0.02,0.014000000000000002
11,5,2,3.05,0.030000000000000006,0.014000000000000002
11,5,3,3.3199999999999994,0.06999999999999999,0.021
11,5,4,3.2699999999999996,0.24000000000000005,0.007000000000000001
11,5,5,3.38,0.15,0.007000000000000001
11,5,6,3.55,0.09,0.007000000000000001
11,5,7,3.65,0.06999999999999999,0.007000000000000001
11,5,8,3.59,0.08,0.014000000000000002
11,5,9,3.88,0.01,0.007000000000000001
11,5,10,4.33,0.030000000000000006,0.0
11,5,11,4.680000000000001,0.16999999999999998,0.0
11,5,12,5.16,0.02,0.0
11,5,13,5.54,0.01,0.0
11,5,14,5.75,0.03,0.0
11,5,15,5.5,0.030000000000000006,0.0
11,5,16,5.18,0.19,0.0
11,5,17,4.7700000000000005,0.27,0.0
11,5,18,4.590000000000001,0.04,0.0
11,5,19,4.42,0.28,0.0
11,5,20,4.1899999999999995,0.11000000000000001,0.0
11,5,21,3.9299999999999997,0.04,0.0
11,5,22,3.7800000000000002,0.02,0.0
11,5,23,3.5200000000000005,0.01,0.0
11,6,0,3.44,0.030000000000000006,0.0
11,6,1,3.3,0.21000000000000002,0.0
11,6,2,2.98,0.06999999999999999,0.0
11,6,3,3.0599999999999996,0.02,0.0
11,6,4,2.8600000000000003,0.030000000000000006,0.0
11,6,5,2.63,0.02,0.0
11,6,6,2.32,0.0,0.0
11,6,7,1.7,0.0,0.0
11,6,8,1.23,0.01,0.0
11,6,9,1.7900000000000003,0.02,0.0
11,6,10,2.6100000000000003,0.02,0.0
11,6,11,3.5,0.11000000000000001,0.0
11,6,12,4.2,0.07999999999999999,0.007000000000000001
11,6,13,4.64,0.12999999999999998,0.020999999999999998
11,6,14,4.8,0.16,0.028000000000000004
11,6,15,4.75,0.15,0.035
11,6,16,4.17,0.16,0.034999999999999996
11,6,17,3.65,0.22000000000000003,0.042
11,6,18,3.3899999999999997,0.28,0.041999999999999996
11,6,19,3.34,0.23000000000000004,0.041999999999999996
11,6,20,3.2700000000000005,0.13,0.049
11,6,21,3.2,0.11000000000000001,0.041999999999999996
11,6,22,3.3200000000000003,0.22000000000000003,0.05600000000000001
11,6,23,3.31,0.16,0.05600000000000001
11,7,0,3.3200000000000003,0.13,0.063
11,7,1,3.3199999999999994,0.13999999999999999,0.06999999999999999
11,7,2,3.31,0.51,0.11200000000000002
11,7,3,2.46,0.36,0.098
11,7,4,2.26,0.13999999999999999,0.08399999999999999
11,7,5,2.18,0.06999999999999999,0.049
11,7,6,2.27,0.04,0.028000000000000004
11,7,7,2.4,0.03,0.020999999999999998
11,7,8,2.5300000000000002,0.02,0.014000000000000002
11,7,9,2.86,0.030000000000000006,0.014000000000000002
11,7,10,3.12,0.05,0.028000000000000004
11,7,11,3.54,0.08,0.041999999999999996
11,7,12,3.9899999999999998,0.06,0.034999999999999996
11,7,13,4.22,0.08,0.014000000000000002
11,7,14,4.470000000000001,0.01,0.007000000000000001
11,7,15,4.459999999999999,0.01,0.0
11,7,16,4.16,0.05,0.0
11,7,17,3.81,0.1,0.0
11,7,18,3.5700000000000003,0.18,0.0
11,7,19,3.5,0.18,0.0
11,7,20,3.44,0.16,0.0
11,7,21,3.41,0.24,0.0
11,7,22,3.29,0.23000000000000004,0.0
11,7,23,3.19,0.2,0.0
11,8,0,3.22,0.15,0.0
11,8,1,3.2600000000000002,0.05,0.0
11,8,2,3.2700000000000005,0.02,0.0
11,8,3,3.2700000000000005,0.02,0.0
11,8,4,3.3899999999999997,0.02,0.0
11,8,5,3.44,0.02,0.0
11,8,6,3.29,0.02,0.0
11,8,7,3.08,0.04,0.0
11,8,8,2.92,0.06,0.020999999999999998
11,8,9,3.14,0.08,0.0
11,8,10,3.65,0.11000000000000001,0.007000000000000001
11,8,11,4.0600000000000005,0.06999999999999999,0.0
11,8,12,4.4,0.06999999999999999,0.0
11,8,13,4.58,0.08,0.0
11,8,14,4.8100000000000005,0.09,0.0
11,8,15,4.45,0.13999999999999999,0.0
11,8,16,4.12,0.15,0.0
11,8,17,3.47,0.11000000000000001,0.0
11,8,18,3.08,0.030000000000000006,0.0
11,8,19,2.83,0.0,0.0
11,8,20,2.52,0.01,0.0
11,8,21,2.2199999999999998,0.0,0.0
11,8,22,2.02,0.0,0.0
11,8,23,1.8,0.0,0.0
11,9,0,1.3599999999999999,0.0,0.0
11,9,1,1.1099999999999999,0.0,0.0
11,9,2,0.8200000000000001,0.0,0.0
11,9,3,0.8,0.05,0.0
11,9,4,0.8,0.02,0.0
11,9,5,0.82,0.09,0.020999999999999998
11,9,6,0.82,0.1,0.05600000000000001
11,9,7,0.7000000000000001,0.04,0.021
11,9,8,0.65,0.02,0.014000000000000002
11,9,9,0.8800000000000001,0.01,0.0
11,9,10,1.3299999999999998,0.0,0.0
11,9,11,1.97,0.0,0.007000000000000001
11,9,12,2.7299999999999995,0.0,0.0
11,9,13,3.17,0.0,0.0
11,9,14,3.35,0.02,0.0
11,9,15,3.06,0.02,0.0
11,9,16,2.63,0.01,0.0
11,9,17,2.2,0.01,0.0
11,9,18,2.12,0.0,0.0
11,9,19,1.94,0.0,0.0
11,9,20,1.69,0.0,0.0
11,9,21,1.6,0.0,0.0
11,9,22,1.83,0.01,0.0
11,9,23,1.81,0.01,0.0
11,10,0,1.8199999999999998,0.030000000000000006,0.0
11,10,1,1.7899999999999998,0.02,0.0
11,10,2,1.7,0.02,0.007000000000000001
11,10,3,1.5,0.01,0.014000000000000002
11,10,4,1.5400000000000003,0.04,0.021
11,10,5,1.45,0.07999999999999999,0.05600000000000001
11,10,6,1.3199999999999998,0.11000000000000001,0.063
11,10,7,1.23,0.17,0.042
11,10,8,1.3,0.18,0.035
11,10,9,1.8399999999999999,0.11000000000000001,0.042
11,10,10,2.43,0.13999999999999999,0.014000000000000002
11,10,11,2.96,0.06999999999999999,0.0
11,10,12,3.4200000000000004,0.15,0.0
11,10,13,3.59,0.06,0.0
11,10,14,3.8600000000000003,0.06,0.007000000000000001
11,10,15,3.91,0.08,0.007000000000000001
11,10,16,3.5799999999999996,0.25,0.0
11,10,17,2.9899999999999998,0.11000000000000001,0.0
11,10,18,2.82,0.08,0.007000000000000001
11,10,19,2.79,0.19,0.08399999999999999
11,10,20,2.73,0.13,0.034999999999999996
11,10,21,2.7199999999999998,0.22999999999999998,0.020999999999999998
11,10,22,2.58,0.13999999999999999,0.020999999999999998
11,10,23,2.62,0.12,0.007000000000000001
11,11,0,2.58,0.15,0.020999999999999998
11,11,1,2.48,0.17,0.020999999999999998
11,11,2,2.38,0.22000000000000003,0.028000000000000004
11,11,3,2.16,0.24000000000000005,0.020999999999999998
11,11,4,2.1100000000000003,0.22000000000000003,0.0
11,11,5,2.28,0.13999999999999999,0.0
11,11,6,2.31,0.06,0.0
11,11,7,2.19,0.03,0.0
11,11,8,1.9300000000000002,0.03,0.0
11,11,9,2.1900000000000004,0.05,0.007000000000000001
11,11,10,2.41,0.11000000000000001,0.014000000000000002
11,11,11,2.82,0.08,0.007000000000000001
11,11,12,3.0,0.12,0.034999999999999996
11,11,13,3.19,0.09,0.028000000000000004
11,11,14,3.2399999999999998,0.1,0.0
11,11,15,3.0900000000000003,0.06999999999999999,0.0
11,11,16,2.6399999999999997,0.09,0.007000000000000001
11,11,17,2.2,0.09,0.020999999999999998
11,11,18,1.8800000000000001,0.12000000000000002,0.06999999999999999
11,11,19,1.5799999999999998,0.16999999999999998,0.077
11,11,20,1.29,0.18,0.077
11,11,21,1.04,0.16,0.077
11,11,22,0.9,0.2,0.049
11,11,23,0.7799999999999999,0.18,0.041999999999999996
11,12,0,0.6599999999999999,0.13999999999999999,0.035
11,12,1,0.5100000000000001,0.06999999999999999,0.020999999999999998
11,12,2,0.5400000000000003,0.030000000000000006,0.014000000000000002
11,12,3,0.2,0.03,0.020999999999999998
11,12,4,0.24999999999999992,0.05,0.014000000000000002
11,12,5,0.2800000000000003,0.06999999999999999,0.028000000000000004
11,12,6,0.3299999999999999,0.1,0.041999999999999996
11,12,7,0.41,0.17,0.098
11,12,8,0.43000000000000005,0.14,0.08399999999999999
11,12,9,0.7,0.12,0.06999999999999999
11,12,10,1.17,0.08,0.042
11,12,11,1.5699999999999998,0.24,0.05600000000000001
11,12,12,1.95,0.19,0.021
11,12,13,2.43,0.15,0.014000000000000002
11,12,14,2.66,0.06000000000000001,0.014000000000000002
11,12,15,2.33,0.07,0.014000000000000002
11,12,16,1.8799999999999997,0.04,0.014000000000000002
11,12,17,1.69,0.02,0.007000000000000001
11,12,18,1.49,0.02,0.007000000000000001
11,12,19,1.58,0.13999999999999999,0.0
11,12,20,1.6199999999999999,0.0,0.0
11,12,21,1.58,0.01,0.0
11,12,22,1.5100000000000002,0.03,0.007000000000000001
11,12,23,1.46,0.06999999999999999,0.007000000000000001
11,13,0,1.27,0.06,0.0
11,13,1,1.09,0.1,0.007000000000000001
11,13,2,0.9000000000000001,0.15,0.0
11,13,3,0.82,0.05,0.0
11,13,4,0.44999999999999984,0.03,0.0
11,13,5,0.05000000000000006,0.01,0.0
11,13,6,-0.12000000000000004,0.0,0.0
11,13,7,-0.09000000000000001,0.03,0.0
11,13,8,-0.10999999999999996,0.030000000000000006,0.0
11,13,9,0.32999999999999996,0.01,0.0
11,13,10,1.11,0.01,0.0
11,13,11,1.6400000000000001,0.06000000000000001,0.0
11,13,12,2.06,0.07999999999999999,0.007000000000000001
11,13,13,2.46,0.030000000000000006,0.0
11,13,14,2.67,0.01,0.0
11,13,15,2.5300000000000002,0.0,0.0
11,13,16,2.04,0.0,0.0
11,13,17,1.6800000000000002,0.0,0.0
11,13,18,1.3299999999999998,0.01,0.0
11,13,19,1.17,0.0,0.0
11,13,20,0.9800000000000001,0.02,0.0
11,13,21,0.8099999999999999,0.04,0.0
11,13,22,0.53,0.06,0.0
11,13,23,0.32000000000000006,0.030000000000000006,0.007000000000000001
11,14,0,0.14999999999999997,0.02,0.014000000000000002
11,14,1,0.029999999999999923,0.03,0.020999999999999998
11,14,2,-0.22000000000000006,0.06,0.034999999999999996
11,14,3,-0.37,0.12,0.063
11,14,4,-0.45,0.13,0.05600000000000001
11,14,5,-0.45,0.08,0.007000000000000001
11,14,6,-0.59,0.19,0.034999999999999996
11,14,7,-0.74,0.18,0.007000000000000001
11,14,8,-0.6699999999999999,0.15,0.020999999999999998
11,14,9,-0.36,0.11000000000000001,0.0
11,14,10,0.24,0.16,0.0
11,14,11,0.7900000000000001,0.11000000000000001,0.0
11,14,12,1.2200000000000002,0.11000000000000001,0.0
11,14,13,1.35,0.12,0.0
11,14,14,1.41,0.13,0.020999999999999998
11,14,15,1.3199999999999998,0.13,0.020999999999999998
11,14,16,0.77,0.09,0.020999999999999998
11,14,17,0.28,0.030000000000000006,0.007000000000000001
11,14,18,-0.020000000000000018,0.02,0.0
11,14,19,-0.29999999999999993,0.030000000000000006,0.0
11,14,20,-0.44000000000000006,0.030000000000000006,0.007000000000000001
11,14,21,-0.6299999999999999,0.04,0.007000000000000001
11,14,22,-0.65,0.0,0.0
11,14,23,-0.6799999999999999,0.01,0.014000000000000002
11,15,0,-0.75,0.02,0.021
11,15,1,-0.97,0.04,0.035
11,15,2,-1.18,0.05,0.041999999999999996
11,15,3,-1.08,0.05,0.035
11,15,4,-1.4,0.02,0.021
11,15,5,-1.47,0.02,0.014000000000000002
11,15,6,-1.5,0.04,0.021
11,15,7,-1.5799999999999998,0.06000000000000001,0.035
11,15,8,-1.73,0.05,0.028000000000000004
11,15,9,-1.58,0.06,0.034999999999999996
11,15,10,-0.8799999999999999,0.06,0.034999999999999996
11,15,11,-0.30999999999999994,0.030000000000000006,0.021
11,15,12,0.13000000000000006,0.030000000000000006,0.014000000000000002
11,15,13,0.43,0.01,0.007000000000000001
11,15,14,0.6399999999999999,0.02,0.014000000000000002
11,15,15,0.53,0.02,0.014000000000000002
11,15,16,0.1,0.02,0.014000000000000002
11,15,17,-0.25999999999999995,0.03,0.020999999999999998
11,15,18,-0.5,0.05,0.028000000000000004
11,15,19,-0.7699999999999999,0.09,0.063
11,15,20,-0.8899999999999999,0.09,0.063
11,15,21,-1.1300000000000001,0.11000000000000001,0.07
11,15,22,-1.41,0.06,0.041999999999999996
11,15,23,-1.61,0.04,0.028000000000000004
11,16,0,-1.77,0.03,0.020999999999999998
11,16,1,-1.8699999999999999,0.030000000000000006,0.014000000000000002
11,16,2,-2.0300000000000002,0.030000000000000006,0.014000000000000002
11,16,3,-2.12,0.030000000000000006,0.014000000000000002
11,16,4,-2.03,0.0,0.0
11,16,5,-2.1599999999999997,0.01,0.007000000000000001
11,16,6,-2.3200000000000003,0.03,0.020999999999999998
11,16,7,-2.37,0.02,0.007000000000000001
11,16,8,-2.46,0.01,0.0
11,16,9,-2.08,0.01,0.0
11,16,10,-1.4300000000000002,0.06,0.007000000000000001
11,16,11,-0.61,0.05,0.007000000000000001
11,16,12,0.07999999999999999,0.03,0.0
11,16,13,0.49000000000000005,0.1,0.034999999999999996
11,16,14,0.6700000000000002,0.04,0.0
11,16,15,0.22000000000000003,0.01,0.0
11,16,16,-0.47000000000000003,0.04,0.014000000000000002
11,16,17,-0.8799999999999999,0.01,0.0
11,16,18,-1.08,0.0,0.0
11,16,19,-1.15,0.0,0.0
11,16,20,-1.18,0.0,0.0
11,16,21,-1.2900000000000003,0.02,0.0
11,16,22,-1.35,0.01,0.0
11,16,23,-1.41,0.02,0.007000000000000001
11,17,0,-1.4899999999999998,0.02,0.0
11,17,1,-1.5099999999999998,0.0,0.0
11,17,2,-1.51,0.0,0.0
11,17,3,-1.7399999999999998,0.01,0.0
11,17,4,-1.61,0.0,0.0
11,17,5,-1.55,0.01,0.007000000000000001
11,17,6,-1.53,0.04,0.028000000000000004
11,17,7,-1.46,0.04,0.028000000000000004
11,17,8,-1.49,0.02,0.014000000000000002
11,17,9,-1.3699999999999999,0.01,0.007000000000000001
11,17,10,-0.95,0.01,0.007000000000000001
11,17,11,-0.47999999999999987,0.0,0.0
11,17,12,-0.020000000000000108,0.0,0.0
11,17,13,0.24999999999999994,0.01,0.0
11,17,14,0.3499999999999999,0.0,0.0
11,17,15,0.20000000000000004,0.0,0.0
11,17,16,-0.33999999999999986,0.01,0.0
11,17,17,-0.76,0.01,0.0
11,17,18,-0.8400000000000001,0.04,0.007000000000000001
11,17,19,-0.8399999999999999,0.02,0.0
11,17,20,-0.97,0.030000000000000006,0.014000000000000002
11,17,21,-1.0899999999999999,0.06000000000000001,0.028000000000000004
11,17,22,-1.24,0.030000000000000006,0.021
11,17,23,-1.2600000000000002,0.02,0.014000000000000002
11,18,0,-1.3699999999999999,0.030000000000000006,0.021
11,18,1,-1.3699999999999999,0.05,0.035
11,18,2,-1.36,0.05,0.028000000000000004
11,18,3,-1.4899999999999998,0.04,0.021
11,18,4,-1.55,0.030000000000000006,0.007000000000000001
11,18,5,-1.5399999999999998,0.030000000000000006,0.014000000000000002
11,18,6,-1.5400000000000003,0.02,0.014000000000000002
11,18,7,-1.4999999999999998,0.02,0.014000000000000002
11,18,8,-1.5299999999999998,0.02,0.014000000000000002
11,18,9,-1.3599999999999999,0.01,0.014000000000000002
11,18,10,-1.03,0.030000000000000006,0.014000000000000002
11,18,11,-0.7,0.05,0.021
11,18,12,-0.40999999999999986,0.06000000000000001,0.035
11,18,13,-0.040000000000000036,0.06999999999999999,0.041999999999999996
11,18,14,0.09000000000000004,0.06999999999999999,0.049
11,18,15,-0.33999999999999997,0.08,0.041999999999999996
11,18,16,-0.78,0.06999999999999999,0.049
11,18,17,-0.9800000000000001,0.06000000000000001,0.042
11,18,18,-1.1600000000000001,0.06,0.041999999999999996
11,18,19,-1.19,0.03,0.028000000000000004
11,18,20,-1.15,0.030000000000000006,0.021
11,18,21,-1.09,0.06999999999999999,0.049
11,18,22,-1.08,0.1,0.063
11,18,23,-1.0,0.09,0.063
11,19,0,-1.0699999999999998,0.06,0.041999999999999996
11,19,1,-1.14,0.03,0.020999999999999998
11,19,2,-1.2399999999999998,0.14,0.098
11,19,3,-1.08,0.1,0.05600000000000001
11,19,4,-1.3299999999999998,0.11000000000000001,0.014000000000000002
11,19,5,-1.2100000000000002,0.11000000000000001,0.028000000000000004
11,19,6,-0.9200000000000002,0.08,0.028000000000000004
11,19,7,-0.76,0.12,0.034999999999999996
11,19,8,-0.9299999999999999,0.15,0.049
11,19,9,-0.51,0.06999999999999999,0.020999999999999998
11,19,10,-0.19000000000000009,0.04,0.0
11,19,11,0.2899999999999999,0.06999999999999999,0.0
11,19,12,0.5899999999999999,0.05,0.0
11,19,13,0.6300000000000001,0.05,0.0
11,19,14,0.64,0.05,0.0
11,19,15,0.58,0.05,0.0
11,19,16,0.20999999999999988,0.06,0.0
11,19,17,0.11999999999999997,0.04,0.0
11,19,18,0.010000000000000054,0.11000000000000001,0.014000000000000002
11,19,19,-0.040000000000000015,0.1,0.028000000000000004
11,19,20,-0.13999999999999996,0.1,0.034999999999999996
11,19,21,-0.13,0.06,0.028000000000000004
11,19,22,-0.21999999999999992,0.06000000000000001,0.020999999999999998
11,19,23,-0.27,0.09,0.028000000000000004
11,20,0,-0.32,0.06000000000000001,0.014000000000000002
11,20,1,-0.3599999999999999,0.04,0.0
11,20,2,-0.3799999999999999,0.05,0.007000000000000001
11,20,3,-0.4800000000000001,0.10999999999999999,0.055999999999999994
11,20,4,-0.64,0.16999999999999998,0.10500000000000001
11,20,5,-0.7200000000000001,0.12999999999999998,0.07
11,20,6,-0.7699999999999999,0.12,0.049
11,20,7,-0.9099999999999998,0.19,0.10500000000000001
11,20,8,-1.0,0.26,0.133
11,20,9,-1.1,0.18,0.077
11,20,10,-0.9799999999999999,0.15,0.06999999999999999
11,20,11,-0.76,0.08,0.041999999999999996
11,20,12,-0.55,0.030000000000000006,0.021
11,20,13,-0.29999999999999993,0.04,0.014000000000000002
11,20,14,-0.11000000000000006,0.06000000000000001,0.028000000000000004
11,20,15,0.010000000000000009,0.05,0.028000000000000004
11,20,16,-0.26000000000000006,0.06999999999999999,0.041999999999999996
11,20,17,-0.42000000000000004,0.04,0.028000000000000004
11,20,18,-0.64,0.06999999999999999,0.049
11,20,19,-0.8699999999999999,0.06999999999999999,0.049
11,20,20,-1.1600000000000001,0.06999999999999999,0.034999999999999996
11,20,21,-1.14,0.06999999999999999,0.020999999999999998
11,20,22,-1.2399999999999998,0.05,0.020999999999999998
11,20,23,-1.34,0.1,0.05600000000000001
11,21,0,-1.4,0.05,0.035
11,21,1,-1.45,0.05,0.035
11,21,2,-1.6300000000000001,0.13,0.07000000000000002
11,21,3,-1.52,0.06000000000000001,0.021
11,21,4,-1.7100000000000002,0.11000000000000001,0.06999999999999999
11,21,5,-1.72,0.030000000000000006,0.014000000000000002
11,21,6,-1.7600000000000002,0.04,0.014000000000000002
11,21,7,-1.7700000000000002,0.030000000000000006,0.014000000000000002
11,21,8,-1.67,0.04,0.014000000000000002
11,21,9,-1.6,0.02,0.014000000000000002
11,21,10,-1.23,0.030000000000000006,0.014000000000000002
11,21,11,-0.82,0.030000000000000006,0.014000000000000002
11,21,12,-0.5299999999999999,0.06,0.007000000000000001
11,21,13,-0.31999999999999995,0.05,0.007000000000000001
11,21,14,-0.18000000000000008,0.05,0.0
11,21,15,-0.48,0.06999999999999999,0.0
11,21,16,-1.2300000000000002,0.04,0.007000000000000001
11,21,17,-1.46,0.12,0.0
11,21,18,-1.52,0.2,0.0
11,21,19,-1.67,0.21000000000000002,0.0
11,21,20,-1.8699999999999999,0.23000000000000004,0.0
11,21,21,-1.9300000000000002,0.18,0.0
11,21,22,-1.94,0.14,0.0
11,21,23,-2.38,0.21000000000000002,0.0
11,22,0,-2.87,0.06999999999999999,0.007000000000000001
11,22,1,-2.98,0.02,0.007000000000000001
11,22,2,-3.07,0.02,0.007000000000000001
11,22,3,-2.9699999999999998,0.02,0.007000000000000001
11,22,4,-3.2699999999999996,0.01,0.007000000000000001
11,22,5,-3.31,0.01,0.007000000000000001
11,22,6,-3.44,0.03,0.020999999999999998
11,22,7,-3.53,0.13,0.091
11,22,8,-3.7,0.16999999999999998,0.119
11,22,9,-3.7,0.13,0.091
11,22,10,-3.2399999999999998,0.35,0.24500000000000002
11,22,11,-2.6399999999999997,0.09,0.049
11,22,12,-2.1900000000000004,0.15,0.06999999999999999
11,22,13,-1.8800000000000001,0.02,0.0
11,22,14,-1.92,0.02,0.0
11,22,15,-2.2199999999999998,0.039999999999999994,0.007000000000000001
11,22,16,-2.7,0.06000000000000001,0.042
11,22,17,-2.92,0.06999999999999999,0.049
11,22,18,-2.9699999999999998,0.06999999999999999,0.049
11,22,19,-3.0,0.08,0.049
11,22,20,-2.96,0.12,0.063
11,22,21,-2.9699999999999998,0.15,0.091
11,22,22,-2.86,0.1,0.063
11,22,23,-3.0100000000000002,0.07999999999999999,0.049
11,23,0,-3.21,0.06,0.041999999999999996
11,23,1,-3.35,0.06999999999999999,0.049
11,23,2,-3.45,0.05,0.034999999999999996
11,23,3,-3.7600000000000002,0.05,0.034999999999999996
11,23,4,-4.0,0.06999999999999999,0.049
11,23,5,-4.21,0.11000000000000001,0.077
11,23,6,-4.4399999999999995,0.12999999999999998,0.091
11,23,7,-4.63,0.12,0.08399999999999999
11,23,8,-4.84,0.15,0.10500000000000001
11,23,9,-4.8,0.19,0.133
11,23,10,-4.21,0.18,0.126
11,23,11,-3.59,0.13,0.08399999999999999
11,23,12,-3.0300000000000002,0.09,0.063
11,23,13,-2.42,0.13999999999999999,0.091
11,23,14,-2.0900000000000003,0.1,0.06999999999999999
11,23,15,-2.2600000000000002,0.11000000000000001,0.07
11,23,16,-2.81,0.09,0.063
11,23,17,-3.1,0.12,0.08399999999999999
11,23,18,-3.35,0.11000000000000001,0.077
11,23,19,-3.4800000000000004,0.04,0.028000000000000004
11,23,20,-3.56,0.01,0.007000000000000001
11,23,21,-3.8600000000000003,0.02,0.007000000000000001
11,23,22,-3.8299999999999996,0.02,0.014000000000000002
11,23,23,-3.81,0.06000000000000001,0.042
11,24,0,-3.9,0.08,0.055999999999999994
11,24,1,-3.81,0.06999999999999999,0.049
11,24,2,-3.85,0.04,0.028000000000000004
11,24,3,-3.81,0.01,0.007000000000000001
11,24,4,-4.15,0.02,0.014000000000000002
11,24,5,-4.31,0.030000000000000006,0.014000000000000002
11,24,6,-4.4799999999999995,0.030000000000000006,0.007000000000000001
11,24,7,-4.61,0.01,0.021
11,24,8,-4.79,0.01,0.007000000000000001
11,24,9,-4.61,0.03,0.020999999999999998
11,24,10,-4.07,0.04,0.028000000000000004
11,24,11,-3.4899999999999998,0.05,0.035
11,24,12,-3.0100000000000002,0.05,0.034999999999999996
11,24,13,-2.68,0.04,0.028000000000000004
11,24,14,-2.46,0.030000000000000006,0.021
11,24,15,-2.56,0.030000000000000006,0.021
11,24,16,-3.08,0.06,0.041999999999999996
11,24,17,-3.07,0.09,0.063
11,24,18,-3.0900000000000003,0.030000000000000006,0.021
11,24,19,-3.01,0.07,0.042
11,24,20,-3.0200000000000005,0.05,0.028000000000000004
11,24,21,-3.1599999999999997,0.01,0.007000000000000001
11,24,22,-3.2700000000000005,0.01,0.007000000000000001
11,24,23,-3.25,0.0,0.0
11,25,0,-3.2600000000000002,0.0,0.0
11,25,1,-3.3299999999999996,0.0,0.0
11,25,2,-3.44,0.01,0.007000000000000001
11,25,3,-3.78,0.02,0.014000000000000002
11,25,4,-3.7600000000000002,0.02,0.014000000000000002
11,25,5,-3.79,0.01,0.007000000000000001
11,25,6,-3.84,0.01,0.007000000000000001
11,25,7,-3.87,0.02,0.007000000000000001
11,25,8,-3.8800000000000003,0.02,0.007000000000000001
11,25,9,-3.7700000000000005,0.02,0.014000000000000002
11,25,10,-3.2299999999999995,0.02,0.007000000000000001
11,25,11,-2.6900000000000004,0.02,0.014000000000000002
11,25,12,-2.3400000000000003,0.0,0.0
11,25,13,-2.07,0.0,0.0
11,25,14,-1.95,0.01,0.0
11,25,15,-2.12,0.01,0.007000000000000001
11,25,16,-2.67,0.0,0.0
11,25,17,-3.1399999999999997,0.01,0.007000000000000001
11,25,18,-3.3600000000000003,0.0,0.0
11,25,19,-3.4,0.0,0.0
11,25,20,-3.47,0.0,0.0
11,25,21,-3.5100000000000002,0.0,0.0
11,25,22,-3.5799999999999996,0.0,0.0
11,25,23,-3.5100000000000002,0.0,0.0
11,26,0,-3.45,0.0,0.007000000000000001
11,26,1,-3.44,0.0,0.0
11,26,2,-3.5100000000000002,0.0,0.0
11,26,3,-3.5800000000000005,0.0,0.0
11,26,4,-3.65,0.01,0.007000000000000001
11,26,5,-3.7600000000000002,0.01,0.007000000000000001
11,26,6,-3.85,0.0,0.0
11,26,7,-3.95,0.0,0.007000000000000001
11,26,8,-4.23,0.0,0.007000000000000001
11,26,9,-4.2700000000000005,0.0,0.007000000000000001
11,26,10,-3.72,0.0,0.007000000000000001
11,26,11,-3.13,0.0,0.0
11,26,12,-2.5,0.0,0.0
11,26,13,-2.14,0.01,0.007000000000000001
11,26,14,-1.95,0.04,0.021
11,26,15,-2.17,0.06999999999999999,0.041999999999999996
11,26,16,-2.55,0.1,0.06999999999999999
11,26,17,-2.7199999999999998,0.08,0.05600000000000001
11,26,18,-2.9,0.06,0.041999999999999996
11,26,19,-3.04,0.06999999999999999,0.049
11,26,20,-3.08,0.06,0.042
11,26,21,-3.15,0.08,0.042
11,26,22,-3.44,0.06000000000000001,0.021
11,26,23,-3.6100000000000003,0.04,0.021
11,27,0,-3.56,0.11000000000000001,0.06999999999999999
11,27,1,-3.5100000000000002,0.13999999999999999,0.098
11,27,2,-3.5100000000000002,0.25,0.175
11,27,3,-3.72,0.25,0.16799999999999998
11,27,4,-3.71,0.2,0.11200000000000002
11,27,5,-3.45,0.19,0.11200000000000002
11,27,6,-3.15,0.26999999999999996,0.182
11,27,7,-2.7700000000000005,0.16,0.028000000000000004
11,27,8,-2.5200000000000005,0.18,0.091
11,27,9,-2.17,0.19,0.11900000000000002
11,27,10,-1.7899999999999998,0.15,0.077
11,27,11,-1.4300000000000002,0.06,0.020999999999999998
11,27,12,-1.15,0.01,0.007000000000000001
11,27,13,-0.9400000000000001,0.030000000000000006,0.014000000000000002
11,27,14,-0.8799999999999999,0.030000000000000006,0.007000000000000001
11,27,15,-0.96,0.0,0.0
11,27,16,-1.4,0.030000000000000006,0.014000000000000002
11,27,17,-1.49,0.09,0.049
11,27,18,-1.56,0.07999999999999999,0.05600000000000001
11,27,19,-1.6300000000000001,0.13,0.06300000000000001
11,27,20,-1.7100000000000002,0.06999999999999999,0.034999999999999996
11,27,21,-1.8399999999999999,0.01,0.007000000000000001
11,27,22,-2.0,0.02,0.014000000000000002
11,27,23,-2.05,0.02,0.0
11,28,0,-2.15,0.02,0.0
11,28,1,-2.17,0.04,0.014000000000000002
11,28,2,-2.15,0.06,0.042
11,28,3,-2.2399999999999998,0.07,0.042
11,28,4,-2.3099999999999996,0.1,0.035
11,28,5,-2.36,0.04,0.028000000000000004
11,28,6,-2.41,0.04,0.035
11,28,7,-2.46,0.05,0.042
11,28,8,-2.5700000000000003,0.06,0.042
11,28,9,-2.69,0.06,0.042
11,28,10,-2.58,0.06000000000000001,0.035
11,28,11,-2.27,0.06999999999999999,0.049
11,28,12,-1.98,0.06999999999999999,0.049
11,28,13,-1.83,0.07,0.049
11,28,14,-1.92,0.1,0.07
11,28,15,-2.23,0.07,0.049
11,28,16,-2.86,0.05,0.035
11,28,17,-3.4299999999999997,0.02,0.014000000000000002
11,28,18,-3.8800000000000003,0.02,0.014000000000000002
11,28,19,-4.3,0.02,0.014000000000000002
11,28,20,-4.5600000000000005,0.0,0.007000000000000001
11,28,21,-4.92,0.0,0.007000000000000001
11,28,22,-5.0200000000000005,0.0,0.007000000000000001
11,28,23,-5.13,0.0,0.0
11,29,0,-5.130000000000001,0.0,0.0
11,29,1,-5.0200000000000005,0.01,0.0
11,29,2,-5.12,0.01,0.0
11,29,3,-5.11,0.01,0.007000000000000001
11,29,4,-5.46,0.06,0.014000000000000002
11,29,5,-5.470000000000001,0.09,0.041999999999999996
11,29,6,-5.65,0.06000000000000001,0.028000000000000004
11,29,7,-5.62,0.039999999999999994,0.007000000000000001
11,29,8,-5.630000000000001,0.01,0.0
11,29,9,-5.45,0.02,0.0
11,29,10,-4.8,0.02,0.0
11,29,11,-4.14,0.0,0.0
11,29,12,-3.59,0.0,0.0
11,29,13,-3.18,0.0,0.0
11,29,14,-2.92,0.01,0.0
11,29,15,-2.96,0.02,0.0
11,29,16,-3.44,0.01,0.0
11,29,17,-3.6599999999999993,0.01,0.0
11,29,18,-3.85,0.02,0.007000000000000001
11,29,19,-4.0600000000000005,0.030000000000000006,0.007000000000000001
11,29,20,-4.26,0.02,0.007000000000000001
11,29,21,-4.34,0.030000000000000006,0.007000000000000001
11,29,22,-4.13,0.08,0.020999999999999998
11,29,23,-3.94,0.11000000000000001,0.020999999999999998
11,30,0,-3.7599999999999993,0.15,0.020999999999999998
11,30,1,-3.6,0.22999999999999998,0.028000000000000004
11,30,2,-3.54,0.45999999999999996,0.028000000000000004
11,30,3,-3.46,0.23000000000000004,0.035
11,30,4,-3.8299999999999996,0.26,0.06999999999999999
11,30,5,-3.6700000000000004,0.22000000000000003,0.042
11,30,6,-3.55,0.16999999999999998,0.035
11,30,7,-3.4599999999999995,0.11000000000000001,0.041999999999999996
11,30,8,-3.4800000000000004,0.19,0.034999999999999996
11,30,9,-3.5200000000000005,0.12,0.041999999999999996
11,30,10,-3.3300000000000005,0.06,0.041999999999999996
11,30,11,-3.04,0.05,0.028000000000000004
11,30,12,-2.9,0.06000000000000001,0.028000000000000004
11,30,13,-2.8099999999999996,0.08,0.049
11,30,14,-2.8400000000000003,0.13,0.091
11,30,15,-2.88,0.16,0.11199999999999999
11,30,16,-3.2700000000000005,0.06000000000000001,0.042
11,30,17,-3.59,0.11000000000000001,0.077
11,30,18,-3.9,0.13999999999999999,0.098
11,30,19,-4.15,0.15,0.10500000000000001
11,30,20,-4.3100000000000005,0.14,0.098
11,30,21,-4.62,0.11000000000000001,0.077
11,30,22,-4.68,0.09,0.05600000000000001
11,30,23,-4.61,0.07,0.049
12,1,0,-4.42,0.06999999999999999,0.049
12,1,1,-4.5600000000000005,0.04,0.028000000000000004
12,1,2,-4.57,0.039999999999999994,0.028000000000000004
12,1,3,-5.3100000000000005,0.09,0.07
12,1,4,-5.17,0.1,0.08399999999999999
12,1,5,-5.25,0.09,0.06999999999999999
12,1,6,-5.549999999999999,0.09,0.063
12,1,7,-5.49,0.12000000000000002,0.084
12,1,8,-5.25,0.1,0.077
12,1,9,-4.93,0.09,0.063
12,1,10,-4.470000000000001,0.06000000000000001,0.042
12,1,11,-3.8699999999999997,0.06,0.042
12,1,12,-3.46,0.06000000000000001,0.042
12,1,13,-3.1100000000000003,0.039999999999999994,0.034999999999999996
12,1,14,-2.9899999999999998,0.05,0.042
12,1,15,-3.06,0.09,0.063
12,1,16,-3.3600000000000003,0.13999999999999999,0.10500000000000001
12,1,17,-3.4899999999999998,0.15,0.091
12,1,18,-3.6,0.12000000000000002,0.06999999999999999
12,1,19,-3.6099999999999994,0.11000000000000001,0.06300000000000001
12,1,20,-3.6199999999999997,0.13,0.06999999999999999
12,1,21,-3.8,0.16,0.098
12,1,22,-3.9300000000000006,0.16999999999999998,0.10500000000000001
12,1,23,-3.9299999999999997,0.12000000000000002,0.06999999999999999
12,2,0,-4.0,0.1,0.05600000000000001
12,2,1,-3.8899999999999997,0.05,0.028000000000000004
12,2,2,-3.87,0.06,0.028000000000000004
12,2,3,-4.0,0.06,0.028000000000000004
12,2,4,-4.15,0.04,0.021
12,2,5,-4.0200000000000005,0.04,0.021
12,2,6,-4.1,0.04,0.028000000000000004
12,2,7,-4.2299999999999995,0.03,0.028000000000000004
12,2,8,-4.5600000000000005,0.02,0.021
12,2,9,-4.66,0.02,0.021
12,2,10,-4.42,0.02,0.014000000000000002
12,2,11,-4.09,0.02,0.014000000000000002
12,2,12,-3.78,0.02,0.014000000000000002
12,2,13,-3.5799999999999996,0.02,0.021
12,2,14,-3.4899999999999998,0.02,0.014000000000000002
12,2,15,-3.7700000000000005,0.039999999999999994,0.034999999999999996
12,2,16,-4.08,0.05,0.042
12,2,17,-4.29,0.08,0.06300000000000001
12,2,18,-4.4,0.06999999999999999,0.05600000000000001
12,2,19,-4.35,0.02,0.021
12,2,20,-4.29,0.0,0.014000000000000002
12,2,21,-4.34,0.01,0.014000000000000002
12,2,22,-4.33,0.01,0.007000000000000001
12,2,23,-4.2700000000000005,0.01,0.007000000000000001
12,3,0,-4.1,0.030000000000000006,0.021
12,3,1,-3.9799999999999995,0.02,0.014000000000000002
12,3,2,-4.07,0.02,0.014000000000000002
12,3,3,-4.33,0.02,0.014000000000000002
12,3,4,-4.24,0.09,0.063
12,3,5,-4.42,0.02,0.014000000000000002
12,3,6,-4.51,0.02,0.014000000000000002
12,3,7,-4.59,0.01,0.007000000000000001
12,3,8,-4.52,0.02,0.007000000000000001
12,3,9,-4.45,0.02,0.014000000000000002
12,3,10,-4.09,0.01,0.007000000000000001
12,3,11,-3.63,0.02,0.014000000000000002
12,3,12,-3.25,0.09,0.06300000000000001
12,3,13,-2.91,0.1,0.07
12,3,14,-2.71,0.09,0.06300000000000001
12,3,15,-2.83,0.11000000000000001,0.077
12,3,16,-3.17,0.13999999999999999,0.098
12,3,17,-3.2299999999999995,0.13999999999999999,0.098
12,3,18,-3.44,0.15,0.10500000000000001
12,3,19,-3.8299999999999996,0.21000000000000002,0.147
12,3,20,-4.069999999999999,0.17,0.11900000000000002
12,3,21,-4.2299999999999995,0.12,0.08399999999999999
12,3,22,-4.35,0.09,0.063
12,3,23,-4.470000000000001,0.06000000000000001,0.042
12,4,0,-4.36,0.06,0.042
12,4,1,-4.33,0.05,0.034999999999999996
12,4,2,-4.43,0.02,0.014000000000000002
12,4,3,-4.43,0.0,0.0
12,4,4,-4.38,0.030000000000000006,0.021
12,4,5,-4.5,0.030000000000000006,0.021
12,4,6,-4.57,0.05,0.028000000000000004
12,4,7,-4.62,0.11000000000000001,0.077
12,4,8,-4.5200000000000005,0.07999999999999999,0.05600000000000001
12,4,9,-4.4,0.12,0.091
12,4,10,-3.8600000000000003,0.11000000000000001,0.084
12,4,11,-3.54,0.09,0.05600000000000001
12,4,12,-3.2600000000000002,0.04,0.020999999999999998
12,4,13,-2.9899999999999998,0.02,0.007000000000000001
12,4,14,-2.79,0.02,0.007000000000000001
12,4,15,-2.91,0.01,0.007000000000000001
12,4,16,-3.2600000000000002,0.05,0.028000000000000004
12,4,17,-3.4200000000000004,0.06999999999999999,0.041999999999999996
12,4,18,-3.54,0.06,0.034999999999999996
12,4,19,-3.8,0.06000000000000001,0.035
12,4,20,-4.1899999999999995,0.039999999999999994,0.028000000000000004
12,4,21,-4.41,0.04,0.028000000000000004
12,4,22,-4.59,0.05,0.035
12,4,23,-4.71,0.04,0.028000000000000004
12,5,0,-4.68,0.030000000000000006,0.021
12,5,1,-4.69,0.030000000000000006,0.014000000000000002
12,5,2,-4.54,0.06000000000000001,0.014000000000000002
12,5,3,-4.46,0.06999999999999999,0.014000000000000002
12,5,4,-4.5600000000000005,0.05,0.014000000000000002
12,5,5,-4.619999999999999,0.04,0.014000000000000002
12,5,6,-4.66,0.06000000000000001,0.014000000000000002
12,5,7,-4.66,0.04,0.014000000000000002
12,5,8,-4.63,0.01,0.007000000000000001
12,5,9,-4.54,0.01,0.007000000000000001
12,5,10,-4.36,0.030000000000000006,0.021
12,5,11,-4.08,0.04,0.028000000000000004
12,5,12,-3.84,0.08,0.05600000000000001
12,5,13,-3.3899999999999997,0.11000000000000001,0.07
12,5,14,-3.2,0.1,0.06999999999999999
12,5,15,-3.3600000000000003,0.11000000000000001,0.077
12,5,16,-3.59,0.1,0.07
12,5,17,-3.8600000000000003,0.09,0.063
12,5,18,-4.15,0.09,0.063
12,5,19,-4.24,0.06,0.041999999999999996
12,5,20,-4.470000000000001,0.02,0.014000000000000002
12,5,21,-4.76,0.04,0.014000000000000002
12,5,22,-4.61,0.02,0.007000000000000001
12,5,23,-4.46,0.030000000000000006,0.021
12,6,0,-4.43,0.06000000000000001,0.035
12,6,1,-4.4799999999999995,0.07999999999999999,0.049
12,6,2,-4.630000000000001,0.09999999999999999,0.063
12,6,3,-4.63,0.06999999999999999,0.049
12,6,4,-4.7,0.06,0.041999999999999996
12,6,5,-4.880000000000001,0.06999999999999999,0.049
12,6,6,-5.0200000000000005,0.06,0.041999999999999996
12,6,7,-5.3,0.05,0.034999999999999996
12,6,8,-5.59,0.04,0.028000000000000004
12,6,9,-5.9399999999999995,0.04,0.028000000000000004
12,6,10,-5.6899999999999995,0.05,0.020999999999999998
12,6,11,-5.2700000000000005,0.05,0.021
12,6,12,-4.869999999999999,0.05,0.028000000000000004
12,6,13,-4.64,0.05,0.034999999999999996
12,6,14,-4.529999999999999,0.04,0.028000000000000004
12,6,15,-4.8100000000000005,0.05,0.034999999999999996
12,6,16,-4.92,0.06999999999999999,0.049
12,6,17,-5.04,0.07,0.049
12,6,18,-5.16,0.07,0.049
12,6,19,-5.16,0.06000000000000001,0.042
12,6,20,-5.26,0.06000000000000001,0.042
12,6,21,-5.25,0.04,0.028000000000000004
12,6,22,-5.3100000000000005,0.03,0.020999999999999998
12,6,23,-5.41,0.02,0.014000000000000002
12,7,0,-5.5600000000000005,0.02,0.014000000000000002
12,7,1,-5.64,0.02,0.014000000000000002
12,7,2,-5.41,0.04,0.028000000000000004
12,7,3,-5.529999999999999,0.08,0.049
12,7,4,-5.3,0.13,0.077
12,7,5,-5.32,0.18,0.10499999999999998
12,7,6,-5.35,0.19,0.098
12,7,7,-5.36,0.12,0.06999999999999999
12,7,8,-5.42,0.12999999999999998,0.06999999999999999
12,7,9,-5.4799999999999995,0.15,0.07
12,7,10,-5.26,0.19,0.11200000000000002
12,7,11,-4.93,0.13000000000000003,0.084
12,7,12,-4.61,0.08,0.05600000000000001
12,7,13,-4.2700000000000005,0.02,0.014000000000000002
12,7,14,-4.14,0.030000000000000006,0.021
12,7,15,-4.319999999999999,0.08,0.05600000000000001
12,7,16,-4.74,0.06,0.041999999999999996
12,7,17,-4.74,0.06999999999999999,0.049
12,7,18,-4.76,0.06999999999999999,0.049
12,7,19,-4.82,0.06999999999999999,0.049
12,7,20,-4.99,0.09,0.06999999999999999
12,7,21,-5.05,0.13,0.091
12,7,22,-5.14,0.08,0.05600000000000001
12,7,23,-5.25,0.06999999999999999,0.041999999999999996
12,8,0,-5.62,0.09,0.055999999999999994
12,8,1,-5.720000000000001,0.1,0.06999999999999999
12,8,2,-5.79,0.11000000000000001,0.077
12,8,3,-5.8,0.06,0.042
12,8,4,-5.86,0.08,0.05600000000000001
12,8,5,-5.7299999999999995,0.06000000000000001,0.042
12,8,6,-5.779999999999999,0.030000000000000006,0.028000000000000004
12,8,7,-5.61,0.06000000000000001,0.049
12,8,8,-5.6,0.08,0.063
12,8,9,-5.54,0.12,0.084
12,8,10,-5.3,0.08,0.049
12,8,11,-4.99,0.08,0.05600000000000001
12,8,12,-4.6899999999999995,0.08,0.05600000000000001
12,8,13,-4.46,0.06,0.041999999999999996
12,8,14,-4.41,0.06,0.049
12,8,15,-4.86,0.04,0.028000000000000004
12,8,16,-5.2299999999999995,0.06,0.049
12,8,17,-5.359999999999999,0.04,0.034999999999999996
12,8,18,-5.38,0.01,0.014000000000000002
12,8,19,-5.42,0.01,0.014000000000000002
12,8,20,-5.41,0.03,0.020999999999999998
12,8,21,-5.5,0.06999999999999999,0.049
12,8,22,-5.64,0.09,0.063
12,8,23,-5.779999999999999,0.02,0.014000000000000002
12,9,0,-5.9,0.0,0.0
12,9,1,-6.03,0.02,0.014000000000000002
12,9,2,-6.13,0.030000000000000006,0.021
12,9,3,-6.34,0.02,0.014000000000000002
12,9,4,-6.609999999999999,0.04,0.028000000000000004
12,9,5,-6.63,0.04,0.014000000000000002
12,9,6,-6.44,0.05,0.021
12,9,7,-6.279999999999999,0.06999999999999999,0.041999999999999996
12,9,8,-6.16,0.04,0.021
12,9,9,-5.959999999999999,0.030000000000000006,0.021
12,9,10,-5.529999999999999,0.04,0.028000000000000004
12,9,11,-5.07,0.05,0.034999999999999996
12,9,12,-4.64,0.07999999999999999,0.05600000000000001
12,9,13,-4.32,0.06999999999999999,0.049
12,9,14,-4.1899999999999995,0.08,0.049
12,9,15,-4.34,0.1,0.06300000000000001
12,9,16,-4.65,0.1,0.042
12,9,17,-4.680000000000001,0.06,0.034999999999999996
12,9,18,-4.54,0.06000000000000001,0.042
12,9,19,-4.35,0.06,0.049
12,9,20,-4.3,0.05,0.035
12,9,21,-4.279999999999999,0.02,0.014000000000000002
12,9,22,-4.35,0.02,0.014000000000000002
12,9,23,-4.470000000000001,0.02,0.021
12,10,0,-4.26,0.030000000000000006,0.021
12,10,1,-4.24,0.04,0.028000000000000004
12,10,2,-4.07,0.04,0.028000000000000004
12,10,3,-4.13,0.04,0.028000000000000004
12,10,4,-4.41,0.02,0.014000000000000002
12,10,5,-4.43,0.030000000000000006,0.021
12,10,6,-4.39,0.030000000000000006,0.021
12,10,7,-4.41,0.05,0.034999999999999996
12,10,8,-4.42,0.04,0.028000000000000004
12,10,9,-4.5200000000000005,0.04,0.028000000000000004
12,10,10,-4.37,0.05,0.028000000000000004
12,10,11,-4.0600000000000005,0.02,0.021
12,10,12,-3.81,0.04,0.028000000000000004
12,10,13,-3.65,0.02,0.014000000000000002
12,10,14,-3.4899999999999998,0.04,0.021
12,10,15,-3.59,0.06999999999999999,0.028000000000000004
12,10,16,-3.9299999999999997,0.1,0.049
12,10,17,-4.07,0.08,0.049
12,10,18,-4.220000000000001,0.11000000000000001,0.077
12,10,19,-4.279999999999999,0.14,0.098
12,10,20,-4.35,0.17,0.11200000000000002
12,10,21,-4.42,0.23000000000000004,0.161
12,10,22,-4.4399999999999995,0.23000000000000004,0.154
12,10,23,-4.46,0.14,0.098
12,11,0,-4.529999999999999,0.08,0.041999999999999996
12,11,1,-4.53,0.06999999999999999,0.028000000000000004
12,11,2,-4.41,0.04,0.014000000000000002
12,11,3,-4.34,0.030000000000000006,0.021
12,11,4,-4.279999999999999,0.06,0.028000000000000004
12,11,5,-4.23,0.06999999999999999,0.041999999999999996
12,11,6,-4.25,0.06,0.041999999999999996
12,11,7,-4.33,0.06,0.041999999999999996
12,11,8,-4.41,0.06,0.049
12,11,9,-4.49,0.06999999999999999,0.049
12,11,10,-4.25,0.09,0.042
12,11,11,-3.9,0.04,0.021
12,11,12,-3.5799999999999996,0.02,0.007000000000000001
12,11,13,-3.3800000000000003,0.030000000000000006,0.014000000000000002
12,11,14,-3.3200000000000003,0.06000000000000001,0.028000000000000004
12,11,15,-3.37,0.09,0.049
12,11,16,-3.9,0.06,0.041999999999999996
12,11,17,-4.01,0.09,0.05600000000000001
12,11,18,-4.1,0.06999999999999999,0.049
12,11,19,-4.09,0.13,0.077
12,11,20,-4.01,0.09,0.021
12,11,21,-3.94,0.14,0.028000000000000004
12,11,22,-3.88,0.18,0.035
12,11,23,-3.88,0.32,0.041999999999999996
12,12,0,-3.9299999999999997,0.16,0.028000000000000004
12,12,1,-3.94,0.15,0.021
12,12,2,-4.029999999999999,0.22999999999999998,0.028000000000000004
12,12,3,-4.529999999999999,0.26,0.014000000000000002
12,12,4,-4.75,0.19,0.007000000000000001
12,12,5,-4.71,0.06,0.007000000000000001
12,12,6,-4.7299999999999995,0.07999999999999999,0.007000000000000001
12,12,7,-4.6,0.04,0.007000000000000001
12,12,8,-4.49,0.06000000000000001,0.014000000000000002
12,12,9,-4.5200000000000005,0.11000000000000001,0.014000000000000002
12,12,10,-4.15,0.05,0.014000000000000002
12,12,11,-3.7299999999999995,0.06,0.021
12,12,12,-3.21,0.09,0.028000000000000004
12,12,13,-2.88,0.08,0.049
12,12,14,-2.7399999999999998,0.11000000000000001,0.063
12,12,15,-3.09,0.06999999999999999,0.049
12,12,16,-3.56,0.030000000000000006,0.021
12,12,17,-3.69,0.02,0.014000000000000002
12,12,18,-3.63,0.1,0.014000000000000002
12,12,19,-3.4799999999999995,0.06999999999999999,0.020999999999999998
12,12,20,-3.35,0.06999999999999999,0.020999999999999998
12,12,21,-3.28,0.07,0.028000000000000004
12,12,22,-3.17,0.14,0.035
12,12,23,-3.14,0.13999999999999999,0.049
12,13,0,-3.08,0.12,0.06300000000000001
12,13,1,-3.0300000000000002,0.06999999999999999,0.034999999999999996
12,13,2,-3.0300000000000002,0.02,0.014000000000000002
12,13,3,-3.29,0.02,0.014000000000000002
12,13,4,-3.46,0.07,0.042
12,13,5,-3.47,0.05,0.035
12,13,6,-3.4699999999999998,0.05,0.035
12,13,7,-3.5199999999999996,0.06999999999999999,0.042
12,13,8,-3.65,0.06,0.042
12,13,9,-3.8,0.08,0.05600000000000001
12,13,10,-3.69,0.16,0.10500000000000001
12,13,11,-3.59,0.2,0.126
12,13,12,-3.4200000000000004,0.12,0.063
12,13,13,-3.35,0.06000000000000001,0.028000000000000004
12,13,14,-3.3899999999999997,0.06000000000000001,0.042
12,13,15,-3.56,0.08,0.049
12,13,16,-3.97,0.13,0.08399999999999999
12,13,17,-4.13,0.08,0.042
12,13,18,-4.33,0.08,0.028000000000000004
12,13,19,-4.42,0.04,0.035
12,13,20,-4.54,0.08,0.05600000000000001
12,13,21,-4.74,0.12,0.08399999999999999
12,13,22,-5.01,0.18,0.126
12,13,23,-5.12,0.21999999999999997,0.154
12,14,0,-5.24,0.3,0.21000000000000002
12,14,1,-5.45,0.26,0.182
12,14,2,-5.59,0.28,0.196
12,14,3,-5.42,0.2,0.13999999999999999
12,14,4,-5.37,0.21000000000000002,0.14700000000000002
12,14,5,-5.35,0.16,0.11200000000000002
12,14,6,-5.38,0.12000000000000002,0.084
12,14,7,-5.4799999999999995,0.08,0.05600000000000001
12,14,8,-5.65,0.06000000000000001,0.042
12,14,9,-5.55,0.06000000000000001,0.042
12,14,10,-5.24,0.05,0.035
12,14,11,-4.74,0.030000000000000006,0.021
12,14,12,-4.45,0.06,0.049
12,14,13,-4.16,0.1,0.07
12,14,14,-3.94,0.11000000000000001,0.077
12,14,15,-4.0600000000000005,0.08,0.05600000000000001
12,14,16,-4.37,0.05,0.035
12,14,17,-4.7,0.06999999999999999,0.049
12,14,18,-4.7,0.06999999999999999,0.049
12,14,19,-4.74,0.08,0.05600000000000001
12,14,20,-4.57,0.06000000000000001,0.042
12,14,21,-4.4799999999999995,0.08,0.05600000000000001
12,14,22,-4.720000000000001,0.13,0.098
12,14,23,-4.7700000000000005,0.18000000000000002,0.126
12,15,0,-4.55,0.21000000000000002,0.14700000000000002
12,15,1,-4.529999999999999,0.27,0.189
12,15,2,-4.57,0.38,0.273
12,15,3,-4.42,0.26999999999999996,0.189
12,15,4,-4.54,0.12,0.084
12,15,5,-4.66,0.11000000000000001,0.077
12,15,6,-4.67,0.1,0.06999999999999999
12,15,7,-4.82,0.07,0.049
12,15,8,-4.82,0.05,0.034999999999999996
12,15,9,-4.88,0.04,0.028000000000000004
12,15,10,-4.7700000000000005,0.05,0.028000000000000004
12,15,11,-4.5200000000000005,0.030000000000000006,0.021
12,15,12,-4.24,0.05,0.034999999999999996
12,15,13,-4.09,0.05,0.042
12,15,14,-3.91,0.12,0.08399999999999999
12,15,15,-3.9299999999999997,0.06999999999999999,0.049
12,15,16,-4.39,0.05,0.034999999999999996
12,15,17,-4.43,0.030000000000000006,0.021
12,15,18,-4.43,0.030000000000000006,0.021
12,15,19,-4.58,0.06,0.021
12,15,20,-4.65,0.11000000000000001,0.063
12,15,21,-4.66,0.11000000000000001,0.06299999999999999
12,15,22,-4.64,0.11000000000000001,0.06999999999999999
12,15,23,-4.53,0.12000000000000002,0.06999999999999999
12,16,0,-4.41,0.09,0.05600000000000001
12,16,1,-4.4799999999999995,0.05,0.028000000000000004
12,16,2,-4.54,0.04,0.028000000000000004
12,16,3,-4.659999999999999,0.039999999999999994,0.020999999999999998
12,16,4,-4.66,0.030000000000000006,0.021
12,16,5,-4.42,0.02,0.014000000000000002
12,16,6,-4.24,0.04,0.035
12,16,7,-4.1,0.06,0.049
12,16,8,-3.9899999999999998,0.06999999999999999,0.049
12,16,9,-4.01,0.030000000000000006,0.021
12,16,10,-3.9799999999999995,0.02,0.021
12,16,11,-3.87,0.01,0.007000000000000001
12,16,12,-3.7399999999999998,0.01,0.007000000000000001
12,16,13,-3.5699999999999994,0.01,0.007000000000000001
12,16,14,-3.41,0.030000000000000006,0.014000000000000002
12,16,15,-3.47,0.05,0.028000000000000004
12,16,16,-3.6100000000000003,0.06000000000000001,0.042
12,16,17,-3.6,0.06999999999999999,0.049
12,16,18,-3.6700000000000004,0.06000000000000001,0.042
12,16,19,-3.6799999999999997,0.11000000000000001,0.06300000000000001
12,16,20,-3.3899999999999997,0.27,0.084
12,16,21,-3.2600000000000002,0.31,0.091
12,16,22,-3.2,0.21000000000000002,0.077
12,16,23,-2.9699999999999998,0.24,0.049
12,17,0,-2.96,0.22999999999999998,0.049
12,17,1,-2.84,0.22000000000000003,0.049
12,17,2,-2.88,0.33999999999999997,0.084
12,17,3,-3.15,0.24,0.05600000000000001
12,17,4,-3.07,0.13,0.049
12,17,5,-3.22,0.35,0.217
12,17,6,-3.17,0.04,0.021
12,17,7,-3.19,0.039999999999999994,0.020999999999999998
12,17,8,-3.08,0.039999999999999994,0.020999999999999998
12,17,9,-2.87,0.11000000000000001,0.063
12,17,10,-2.77,0.15,0.091
12,17,11,-2.58,0.17,0.119
12,17,12,-2.48,0.12,0.08399999999999999
12,17,13,-2.26,0.08,0.042
12,17,14,-2.1,0.08,0.035
12,17,15,-2.12,0.05,0.021
12,17,16,-2.3600000000000003,0.09,0.049
12,17,17,-2.5,0.06,0.028000000000000004
12,17,18,-2.63,0.02,0.007000000000000001
12,17,19,-2.79,0.01,0.007000000000000001
12,17,20,-2.84,0.02,0.014000000000000002
12,17,21,-3.2299999999999995,0.01,0.007000000000000001
12,17,22,-3.56,0.02,0.014000000000000002
12,17,23,-3.8299999999999996,0.03,0.020999999999999998
12,18,0,-4.0,0.06999999999999999,0.049
12,18,1,-4.12,0.12,0.08399999999999999
12,18,2,-4.15,0.15,0.10500000000000001
12,18,3,-4.470000000000001,0.19,0.133
12,18,4,-4.25,0.25,0.182
12,18,5,-4.33,0.26,0.182
12,18,6,-4.4,0.19,0.133
12,18,7,-4.46,0.13,0.091
12,18,8,-4.39,0.13999999999999999,0.10500000000000001
12,18,9,-4.36,0.13,0.084
12,18,10,-4.13,0.06999999999999999,0.042
12,18,11,-3.84,0.01,0.014000000000000002
12,18,12,-3.53,0.02,0.007000000000000001
12,18,13,-3.28,0.06999999999999999,0.021
12,18,14,-3.1599999999999997,0.1,0.028000000000000004
12,18,15,-3.1699999999999995,0.08,0.034999999999999996
12,18,16,-3.2700000000000005,0.05,0.021
12,18,17,-3.37,0.030000000000000006,0.021
12,18,18,-3.5599999999999996,0.030000000000000006,0.021
12,18,19,-3.85,0.04,0.028000000000000004
12,18,20,-3.9799999999999995,0.04,0.028000000000000004
12,18,21,-4.0,0.05,0.020999999999999998
12,18,22,-4.12,0.11000000000000001,0.035
12,18,23,-4.130000000000001,0.04,0.035
12,19,0,-4.06,0.08,0.05600000000000001
12,19,1,-3.9799999999999995,0.15,0.10500000000000001
12,19,2,-4.0200000000000005,0.26,0.182
12,19,3,-4.09,0.32,0.217
12,19,4,-4.23,0.26,0.182
12,19,5,-4.140000000000001,0.22000000000000003,0.119
12,19,6,-4.11,0.22999999999999998,0.119
12,19,7,-3.9899999999999998,0.27,0.189
12,19,8,-3.8,0.15,0.091
12,19,9,-3.7,0.06999999999999999,0.049
12,19,10,-3.4900000000000007,0.07,0.042
12,19,11,-3.1,0.06,0.042
12,19,12,-2.73,0.04,0.028000000000000004
12,19,13,-2.37,0.01,0.007000000000000001
12,19,14,-2.0900000000000003,0.030000000000000006,0.014000000000000002
12,19,15,-2.29,0.06999999999999999,0.028000000000000004
12,19,16,-2.07,0.15,0.08399999999999999
12,19,17,-2.0300000000000002,0.11000000000000001,0.041999999999999996
12,19,18,-1.64,0.04,0.014000000000000002
12,19,19,-1.52,0.06000000000000001,0.021
12,19,20,-1.41,0.09,0.028000000000000004
12,19,21,-1.55,0.04,0.021
12,19,22,-1.58,0.02,0.014000000000000002
12,19,23,-1.5699999999999998,0.05,0.0
12,20,0,-1.56,0.02,0.007000000000000001
12,20,1,-1.5899999999999999,0.02,0.007000000000000001
12,20,2,-1.5400000000000003,0.02,0.014000000000000002
12,20,3,-1.67,0.030000000000000006,0.021
12,20,4,-1.94,0.030000000000000006,0.007000000000000001
12,20,5,-1.95,0.030000000000000006,0.014000000000000002
12,20,6,-2.17,0.02,0.007000000000000001
12,20,7,-2.5,0.05,0.014000000000000002
12,20,8,-2.7800000000000002,0.06999999999999999,0.007000000000000001
12,20,9,-3.0,0.02,0.007000000000000001
12,20,10,-3.08,0.01,0.0
12,20,11,-2.97,0.01,0.007000000000000001
12,20,12,-2.8899999999999997,0.01,0.007000000000000001
12,20,13,-2.89,0.02,0.014000000000000002
12,20,14,-3.0100000000000002,0.02,0.014000000000000002
12,20,15,-3.3699999999999997,0.02,0.014000000000000002
12,20,16,-3.7300000000000004,0.01,0.007000000000000001
12,20,17,-4.0200000000000005,0.01,0.007000000000000001
12,20,18,-4.24,0.0,0.0
12,20,19,-4.5600000000000005,0.04,0.0
12,20,20,-4.79,0.05,0.0
12,20,21,-4.8,0.15,0.0
12,20,22,-4.45,0.09,0.007000000000000001
12,20,23,-4.32,0.05,0.028000000000000004
12,21,0,-4.46,0.05,0.034999999999999996
12,21,1,-4.45,0.09,0.05600000000000001
12,21,2,-4.2,0.16,0.06999999999999999
12,21,3,-3.71,0.19,0.098
12,21,4,-3.65,0.19,0.11900000000000002
12,21,5,-3.6,0.14,0.091
12,21,6,-3.41,0.08,0.05600000000000001
12,21,7,-3.2399999999999998,0.05,0.049
12,21,8,-3.1000000000000005,0.04,0.014000000000000002
12,21,9,-3.16,0.02,0.007000000000000001
12,21,10,-3.11,0.01,0.014000000000000002
12,21,11,-2.76,0.0,0.0
12,21,12,-2.47,0.02,0.0
12,21,13,-2.31,0.01,0.007000000000000001
12,21,14,-2.27,0.01,0.007000000000000001
12,21,15,-2.18,0.02,0.014000000000000002
12,21,16,-2.3299999999999996,0.030000000000000006,0.021
12,21,17,-2.34,0.05,0.035
12,21,18,-2.37,0.05,0.035
12,21,19,-2.4400000000000004,0.05,0.028000000000000004
12,21,20,-2.7399999999999998,0.1,0.034999999999999996
12,21,21,-2.9,0.06999999999999999,0.034999999999999996
12,21,22,-2.8600000000000003,0.12,0.049
12,21,23,-2.95,0.11000000000000001,0.034999999999999996
12,22,0,-3.05,0.1,0.028000000000000004
12,22,1,-3.2399999999999998,0.11000000000000001,0.028000000000000004
12,22,2,-3.3,0.13999999999999999,0.020999999999999998
12,22,3,-3.2800000000000002,0.12000000000000002,0.014000000000000002
12,22,4,-3.3,0.09999999999999999,0.020999999999999998
12,22,5,-3.3899999999999997,0.09999999999999999,0.020999999999999998
12,22,6,-3.53,0.08,0.014000000000000002
12,22,7,-3.5700000000000003,0.09,0.014000000000000002
12,22,8,-3.66,0.07,0.007000000000000001
12,22,9,-3.8299999999999996,0.06999999999999999,0.007000000000000001
12,22,10,-3.8200000000000003,0.06,0.014000000000000002
12,22,11,-3.5699999999999994,0.04,0.007000000000000001
12,22,12,-3.2700000000000005,0.030000000000000006,0.007000000000000001
12,22,13,-3.0999999999999996,0.030000000000000006,0.007000000000000001
12,22,14,-3.1499999999999995,0.01,0.007000000000000001
12,22,15,-3.3199999999999994,0.0,0.0
12,22,16,-3.54,0.02,0.014000000000000002
12,22,17,-3.6700000000000004,0.02,0.014000000000000002
12,22,18,-3.7699999999999996,0.0,0.0
12,22,19,-3.8899999999999997,0.0,0.0
12,22,20,-3.94,0.0,0.0
12,22,21,-3.97,0.0,0.0
12,22,22,-3.75,0.0,0.0
12,22,23,-3.7299999999999995,0.0,0.0
12,23,0,-3.8400000000000007,0.0,0.0
12,23,1,-3.9,0.02,0.0
12,23,2,-3.81,0.01,0.0
12,23,3,-3.4899999999999998,0.030000000000000006,0.007000000000000001
12,23,4,-3.19,0.12999999999999998,0.034999999999999996
12,23,5,-3.02,0.06,0.021
12,23,6,-2.79,0.08,0.021
12,23,7,-2.65,0.06999999999999999,0.007000000000000001
12,23,8,-2.5599999999999996,0.02,0.007000000000000001
12,23,9,-2.44,0.01,0.007000000000000001
12,23,10,-2.2600000000000002,0.01,0.007000000000000001
12,23,11,-1.98,0.0,0.0
12,23,12,-1.78,0.0,0.0
12,23,13,-1.57,0.0,0.0
12,23,14,-1.47,0.0,0.007000000000000001
12,23,15,-1.8699999999999999,0.02,0.0
12,23,16,-2.15,0.02,0.007000000000000001
12,23,17,-2.1100000000000003,0.02,0.014000000000000002
12,23,18,-2.17,0.03,0.020999999999999998
12,23,19,-2.29,0.06999999999999999,0.020999999999999998
12,23,20,-2.4299999999999997,0.06,0.021
12,23,21,-2.4699999999999998,0.11000000000000001,0.014000000000000002
12,23,22,-2.52,0.13,0.014000000000000002
12,23,23,-2.67,0.26999999999999996,0.014000000000000002
12,24,0,-2.59,0.14,0.007000000000000001
12,24,1,-2.41,0.07,0.014000000000000002
12,24,2,-2.32,0.13,0.007000000000000001
12,24,3,-2.38,0.1,0.042
12,24,4,-2.5300000000000002,0.1,0.063
12,24,5,-2.55,0.15,0.098
12,24,6,-2.4699999999999998,0.18,0.119
12,24,7,-2.3899999999999997,0.18,0.11200000000000002
12,24,8,-2.29,0.12,0.077
12,24,9,-2.31,0.1,0.049
12,24,10,-2.16,0.08,0.042
12,24,11,-1.9600000000000002,0.06999999999999999,0.034999999999999996
12,24,12,-1.7600000000000002,0.04,0.014000000000000002
12,24,13,-1.5,0.06,0.020999999999999998
12,24,14,-1.5299999999999998,0.12000000000000002,0.06300000000000001
12,24,15,-1.97,0.08,0.042
12,24,16,-2.3499999999999996,0.06999999999999999,0.049
12,24,17,-2.5300000000000002,0.06,0.042
12,24,18,-2.7800000000000002,0.05,0.034999999999999996
12,24,19,-2.9,0.03,0.020999999999999998
12,24,20,-3.03,0.03,0.020999999999999998
12,24,21,-3.2299999999999995,0.02,0.020999999999999998
12,24,22,-3.37,0.02,0.014000000000000002
12,24,23,-3.6100000000000003,0.02,0.014000000000000002
12,25,0,-3.8899999999999997,0.030000000000000006,0.021
12,25,1,-3.95,0.04,0.028000000000000004
12,25,2,-4.0,0.09,0.063
12,25,3,-4.26,0.06000000000000001,0.042
12,25,4,-4.15,0.1,0.07
12,25,5,-4.05,0.13999999999999999,0.098
12,25,6,-3.84,0.12999999999999998,0.091
12,25,7,-3.8200000000000003,0.12000000000000002,0.084
12,25,8,-3.81,0.11000000000000001,0.077
12,25,9,-3.8600000000000003,0.15,0.10500000000000001
12,25,10,-3.91,0.11000000000000001,0.084
12,25,11,-3.7800000000000002,0.11000000000000001,0.084
12,25,12,-3.55,0.11000000000000001,0.084
12,25,13,-3.37,0.1,0.077
12,25,14,-3.38,0.06,0.049
12,25,15,-3.71,0.030000000000000006,0.021
12,25,16,-3.87,0.02,0.014000000000000002
12,25,17,-3.97,0.05,0.042
12,25,18,-3.9699999999999998,0.08,0.05600000000000001
12,25,19,-3.95,0.06000000000000001,0.042
12,25,20,-3.96,0.08,0.05600000000000001
12,25,21,-4.14,0.05,0.034999999999999996
12,25,22,-4.34,0.09,0.063
12,25,23,-4.62,0.13,0.091
12,26,0,-4.65,0.1,0.077
12,26,1,-4.6,0.09,0.05600000000000001
12,26,2,-4.61,0.04,0.021
12,26,3,-4.37,0.02,0.014000000000000002
12,26,4,-4.18,0.02,0.014000000000000002
12,26,5,-3.88,0.06999999999999999,0.028000000000000004
12,26,6,-3.66,0.09,0.028000000000000004
12,26,7,-3.5100000000000002,0.06,0.021
12,26,8,-3.4899999999999998,0.05,0.035
12,26,9,-3.3899999999999997,0.1,0.07
12,26,10,-3.0,0.1,0.06999999999999999
12,26,11,-2.46,0.06,0.041999999999999996
12,26,12,-1.9600000000000002,0.06000000000000001,0.028000000000000004
12,26,13,-1.6800000000000002,0.06999999999999999,0.014000000000000002
12,26,14,-1.58,0.04,0.007000000000000001
12,26,15,-1.7100000000000002,0.0,0.0
12,26,16,-2.17,0.02,0.007000000000000001
12,26,17,-2.37,0.11000000000000001,0.077
12,26,18,-2.55,0.02,0.014000000000000002
12,26,19,-2.75,0.02,0.007000000000000001
12,26,20,-2.96,0.030000000000000006,0.021
12,26,21,-3.1,0.09,0.05600000000000001
12,26,22,-3.1999999999999997,0.13,0.091
12,26,23,-3.35,0.07,0.049
12,27,0,-3.6799999999999997,0.06,0.042
12,27,1,-3.69,0.07,0.049
12,27,2,-3.8299999999999996,0.06999999999999999,0.042
12,27,3,-3.8899999999999997,0.05,0.042
12,27,4,-4.0600000000000005,0.09,0.049
12,27,5,-4.3,0.09,0.063
12,27,6,-4.41,0.12,0.063
12,27,7,-4.5,0.15,0.08399999999999999
12,27,8,-4.529999999999999,0.13999999999999999,0.07700000000000001
12,27,9,-4.6,0.08,0.034999999999999996
12,27,10,-4.57,0.05,0.021
12,27,11,-4.17,0.030000000000000006,0.021
12,27,12,-3.7,0.02,0.014000000000000002
12,27,13,-3.2600000000000002,0.030000000000000006,0.028000000000000004
12,27,14,-3.1,0.039999999999999994,0.028000000000000004
12,27,15,-3.31,0.03,0.020999999999999998
12,27,16,-3.94,0.02,0.014000000000000002
12,27,17,-4.09,0.04,0.028000000000000004
12,27,18,-3.7199999999999998,0.05,0.035
12,27,19,-3.6799999999999997,0.05,0.035
12,27,20,-3.95,0.05,0.028000000000000004
12,27,21,-4.2,0.03,0.020999999999999998
12,27,22,-4.369999999999999,0.03,0.020999999999999998
12,27,23,-4.24,0.03,0.020999999999999998
12,28,0,-4.5600000000000005,0.03,0.020999999999999998
12,28,1,-4.95,0.03,0.020999999999999998
12,28,2,-5.3,0.04,0.028000000000000004
12,28,3,-5.4,0.05,0.035
12,28,4,-5.67,0.03,0.020999999999999998
12,28,5,-5.91,0.02,0.014000000000000002
12,28,6,-6.15,0.02,0.014000000000000002
12,28,7,-6.14,0.030000000000000006,0.021
12,28,8,-6.0600000000000005,0.02,0.014000000000000002
12,28,9,-5.9,0.02,0.007000000000000001
12,28,10,-5.75,0.02,0.014000000000000002
12,28,11,-5.14,0.02,0.014000000000000002
12,28,12,-4.8100000000000005,0.01,0.007000000000000001
12,28,13,-4.63,0.01,0.007000000000000001
12,28,14,-4.58,0.02,0.014000000000000002
12,28,15,-4.16,0.02,0.014000000000000002
12,28,16,-4.54,0.02,0.014000000000000002
12,28,17,-4.619999999999999,0.0,0.0
12,28,18,-4.88,0.0,0.0
12,28,19,-5.0,0.0,0.0
12,28,20,-4.9799999999999995,0.0,0.0
12,28,21,-5.3,0.0,0.0
12,28,22,-5.67,0.0,0.0
12,28,23,-5.74,0.0,0.0
12,29,0,-5.64,0.01,0.007000000000000001
12,29,1,-5.39,0.01,0.007000000000000001
12,29,2,-5.18,0.0,0.0
12,29,3,-6.03,0.01,0.0
12,29,4,-5.8100000000000005,0.05,0.034999999999999996
12,29,5,-5.66,0.0,0.0
12,29,6,-5.6,0.01,0.0
12,29,7,-5.569999999999999,0.030000000000000006,0.014000000000000002
12,29,8,-5.720000000000001,0.05,0.035
12,29,9,-5.709999999999999,0.07999999999999999,0.05600000000000001
12,29,10,-5.470000000000001,0.06999999999999999,0.049
12,29,11,-5.04,0.01,0.007000000000000001
12,29,12,-4.54,0.0,0.0
12,29,13,-4.279999999999999,0.01,0.007000000000000001
12,29,14,-4.05,0.0,0.0
12,29,15,-4.08,0.02,0.014000000000000002
12,29,16,-4.29,0.01,0.0
12,29,17,-4.279999999999999,0.0,0.0
12,29,18,-4.28,0.0,0.0
12,29,19,-4.26,0.0,0.0
12,29,20,-4.29,0.01,0.007000000000000001
12,29,21,-4.1899999999999995,0.0,0.0
12,29,22,-4.01,0.01,0.007000000000000001
12,29,23,-4.21,0.06999999999999999,0.021
12,30,0,-4.18,0.1,0.049
12,30,1,-4.2299999999999995,0.06,0.007000000000000001
12,30,2,-4.25,0.13999999999999999,0.063
12,30,3,-4.27,0.13,0.05600000000000001
12,30,4,-4.24,0.16999999999999998,0.091
12,30,5,-4.08,0.12000000000000002,0.049
12,30,6,-3.9,0.12000000000000002,0.05600000000000001
12,30,7,-3.78,0.09,0.014000000000000002
12,30,8,-3.6800000000000006,0.09,0.014000000000000002
12,30,9,-3.4899999999999998,0.05,0.014000000000000002
12,30,10,-3.16,0.030000000000000006,0.021
12,30,11,-2.87,0.01,0.014000000000000002
12,30,12,-2.5300000000000002,0.02,0.014000000000000002
12,30,13,-2.25,0.030000000000000006,0.014000000000000002
12,30,14,-2.0900000000000003,0.1,0.063
12,30,15,-2.2199999999999998,0.16999999999999998,0.091
12,30,16,-2.33,0.06999999999999999,0.041999999999999996
12,30,17,-2.12,0.08,0.042
12,30,18,-1.9599999999999997,0.030000000000000006,0.021
12,30,19,-1.8,0.04,0.021
12,30,20,-1.78,0.04,0.014000000000000002
12,30,21,-1.77,0.06999999999999999,0.028000000000000004
12,30,22,-1.77,0.12,0.05600000000000001
12,30,23,-1.73,0.15999999999999998,0.098
12,31,0,-1.78,0.12,0.077
12,31,1,-1.8699999999999999,0.09,0.034999999999999996
12,31,2,-1.89,0.06000000000000001,0.007000000000000001
12,31,3,-2.33,0.039999999999999994,0.021
12,31,4,-2.23,0.16999999999999998,0.098
12,31,5,-2.2399999999999998,0.21000000000000002,0.10500000000000001
12,31,6,-2.15,0.16999999999999998,0.091
12,31,7,-2.04,0.18,0.10500000000000001
12,31,8,-1.92,0.14,0.091
12,31,9,-1.81,0.1,0.049
12,31,10,-1.6900000000000002,0.06999999999999999,0.05600000000000001
12,31,11,-1.53,0.11000000000000001,0.06999999999999999
12,31,12,-1.3299999999999998,0.24,0.16099999999999998
12,31,13,-1.2,0.18,0.11200000000000002
12,31,14,-1.21,0.13,0.084
12,31,15,-1.56,0.08,0.049
12,31,16,-2.19,0.039999999999999994,0.0
12,31,17,-2.82,0.02,0.007000000000000001
12,31,18,-2.9,0.01,0.007000000000000001
12,31,19,-3.0300000000000002,0.01,0.0
12,31,20,-3.19,0.0,0.0
12,31,21,-3.41,0.04,0.014000000000000002
12,31,22,-3.6399999999999997,0.09,0.041999999999999996
12,31,23,-3.6700000000000004,0.05,0.034999999999999996
