"global_id";"Code list of dates";"Monday";"Tuesday";"Wednesday";"Thursday";"Friday";"Saturday";"Sunday";"Start date of trip";"End date of trip";
"global_id";"Код перечня дат";"Понедельник";"Вторник";"Среда";"Четверг";"Пятница";"Суббота";"Воскресенье";"Дата начала действия рейса";"Дата окончания действия рейса";
"2700070095";"3150890";"0";"0";"0";"0";"1";"0";"0";"20240916";"20301231";
"2700070096";"3150881";"1";"1";"1";"1";"0";"0";"0";"20240916";"20301231";
"2700070099";"3150876";"1";"1";"1";"1";"0";"0";"0";"20240916";"20301231";
"2700070100";"3150877";"0";"0";"0";"0";"1";"0";"0";"20240916";"20301231";
"2801771547";"3167434";"1";"1";"1";"1";"1";"0";"0";"20250823";"20301231";
"2801771549";"3167435";"0";"0";"0";"0";"0";"1";"1";"20250823";"20301231";
"2824363311";"3170718";"1";"1";"1";"1";"0";"1";"1";"20251020";"20301231";
"2824363312";"3170719";"1";"1";"1";"1";"0";"0";"0";"20251020";"20301231";
"2824363313";"3170723";"1";"1";"1";"1";"0";"0";"0";"20251020";"20301231";
"2824363314";"3170726";"0";"0";"0";"0";"1";"0";"0";"20251020";"20301231";
"2824363315";"3170727";"0";"0";"0";"0";"1";"0";"0";"20251020";"20301231";
"2824363316";"3170728";"0";"0";"0";"0";"1";"0";"0";"20251020";"20301231";
"2824363317";"3170729";"0";"0";"0";"0";"0";"1";"1";"20251020";"20301231";
"2838552090";"3173780";"1";"1";"1";"1";"1";"0";"0";"20251225";"20301231";
"5075096093";"100016937";"0";"0";"0";"0";"0";"1";"1";"20251018";"20301231";
"5075096099";"100012688";"0";"0";"0";"0";"0";"1";"1";"20250419";"20301231";
"5075096106";"100010772";"1";"1";"1";"1";"1";"0";"0";"20241004";"20301231";
"5075096108";"100012662";"1";"1";"1";"1";"1";"0";"0";"20250419";"20301231";
"5075096110";"100012818";"0";"0";"0";"0";"0";"1";"1";"20250612";"20301231";
"5075096113";"100011516";"0";"0";"0";"0";"0";"1";"1";"20241004";"20301231";
"5075096114";"100012689";"1";"1";"1";"1";"1";"0";"0";"20250419";"20301231";
"5075096115";"100011515";"1";"1";"1";"1";"1";"0";"0";"20241004";"20301231";
"5075096116";"100011483";"1";"1";"1";"1";"1";"0";"0";"20241004";"20301231";
"5075096118";"100010685";"0";"0";"0";"0";"0";"1";"1";"20241004";"20301231";
"5075096119";"100011484";"0";"0";"0";"0";"0";"1";"1";"20241004";"20301231";
"5075096120";"100016941";"0";"0";"0";"0";"0";"1";"1";"20251018";"20301231";
"5075096124";"100012694";"1";"1";"1";"1";"1";"0";"0";"20250419";"20301231";
"5075096129";"100010773";"0";"0";"0";"0";"0";"1";"1";"20241004";"20301231";
"5075096132";"100011528";"0";"0";"0";"0";"0";"1";"1";"20241004";"20301231";
"5075096137";"100011945";"0";"0";"0";"0";"0";"1";"1";"20241119";"20301231";
"5075096138";"100012338";"0";"0";"0";"0";"0";"1";"1";"20250118";"20301231";
"5075096141";"100019733";"1";"1";"1";"1";"1";"0";"0";"20251227";"20301231";
"5075096146";"100011654";"1";"1";"1";"1";"1";"0";"0";"20241019";"20301231";
"5075096150";"100012695";"0";"0";"0";"0";"0";"1";"1";"20250419";"20301231";
"5075096151";"100012737";"1";"1";"1";"1";"1";"0";"0";"20250426";"20301231";
"5075096152";"100012738";"0";"0";"0";"0";"0";"1";"1";"20250426";"20301231";
"5075096153";"100018759";"0";"0";"0";"0";"0";"1";"1";"20251206";"20301231";
"5075096158";"100011143";"1";"1";"1";"1";"1";"0";"0";"20241004";"20301231";
"5075096160";"100012334";"0";"0";"0";"0";"0";"1";"1";"20250118";"20301231";
"5075096162";"100019730";"1";"1";"1";"1";"1";"0";"0";"20251227";"20301231";
"5075096165";"100011075";"1";"1";"1";"1";"1";"0";"0";"20241004";"20301231";
"5075096166";"100012333";"1";"1";"1";"1";"1";"0";"0";"20250118";"20301231";
"5075096169";"100017353";"1";"1";"1";"1";"1";"0";"0";"20251025";"20301231";
"5075096175";"100019744";"1";"1";"1";"1";"1";"0";"0";"20251227";"20301231";
"5075096182";"100011144";"0";"0";"0";"0";"0";"1";"1";"20241004";"20301231";
"5075096183";"100019753";"0";"0";"0";"0";"0";"1";"1";"20251227";"20301231";
"5075096199";"100012986";"0";"0";"0";"0";"0";"1";"1";"20250802";"20301231";
"5075096201";"100012817";"1";"1";"1";"1";"1";"0";"0";"20250612";"20301231";
"5075096204";"100018745";"1";"1";"1";"1";"1";"0";"0";"20251201";"20301231";
"5075096208";"100013134";"0";"0";"0";"0";"0";"1";"1";"20250830";"20301231";
"5075096209";"100012917";"0";"0";"0";"0";"0";"1";"1";"20250712";"20301231";
"5075096211";"100012399";"1";"1";"1";"1";"1";"0";"0";"20250125";"20301231";
"5075096213";"100012465";"1";"1";"1";"1";"1";"0";"0";"20250208";"20301231";
"5075096217";"100013013";"0";"0";"0";"0";"0";"1";"1";"20250809";"20301231";
"5075096222";"100019710";"0";"0";"0";"0";"0";"1";"1";"20251227";"20301231";
"5075096225";"100025928";"1";"1";"1";"1";"1";"0";"0";"20260122";"20301231";
"5075096228";"100012435";"0";"0";"0";"0";"0";"1";"1";"20250201";"20301231";
"5075096229";"100012462";"1";"1";"1";"1";"1";"0";"0";"20250208";"20301231";
"5075096230";"100017752";"0";"0";"0";"0";"0";"1";"1";"20251108";"20301231";
"5075096232";"100017979";"1";"1";"1";"1";"1";"0";"0";"20251111";"20301231";
"5075096240";"100012466";"0";"0";"0";"0";"0";"1";"1";"20250208";"20301231";
"5075096241";"100013214";"1";"1";"1";"1";"1";"0";"0";"20250924";"20301231";
"5075096243";"100019754";"1";"1";"1";"1";"1";"0";"0";"20251227";"20301231";
"5075096246";"100017754";"1";"1";"1";"1";"1";"0";"0";"20251108";"20301231";
"5075096250";"100012987";"0";"0";"0";"0";"0";"1";"1";"20250802";"20301231";
"5075096257";"100012400";"0";"0";"0";"0";"0";"1";"1";"20250125";"20301231";
"5075096259";"100012487";"0";"0";"0";"0";"0";"1";"1";"20250222";"20301231";
"5075096263";"100019330";"1";"1";"1";"1";"1";"0";"0";"20251220";"20301231";
"5075096265";"100012848";"1";"1";"1";"1";"1";"0";"0";"20250621";"20301231";
"5075096266";"100011702";"0";"0";"0";"0";"0";"1";"1";"20241026";"20301231";
"5075096272";"100012860";"1";"1";"1";"1";"1";"0";"0";"20250628";"20301231";
"5075096276";"100017588";"0";"0";"0";"0";"0";"1";"1";"20251102";"20301231";
"5075096279";"100012847";"0";"0";"0";"0";"0";"1";"1";"20250621";"20301231";
"5075096280";"100012918";"1";"1";"1";"1";"1";"0";"0";"20250712";"20301231";
"5075096283";"100012861";"0";"0";"0";"0";"0";"1";"1";"20250628";"20301231";
"5075096286";"100019405";"0";"0";"0";"0";"0";"1";"1";"20251220";"20301231";
"5075096288";"100019292";"0";"0";"0";"0";"0";"1";"1";"20251213";"20301231";
"5075096293";"100025924";"1";"1";"1";"1";"1";"0";"0";"20260122";"20301231";
"5075096295";"100012886";"0";"0";"0";"0";"0";"1";"1";"20250628";"20301231";
"5075096298";"100016870";"0";"0";"0";"0";"0";"1";"1";"20251014";"20301231";
"5075096299";"100016901";"0";"0";"0";"0";"0";"1";"1";"20251018";"20301231";
"5075096300";"100012984";"1";"1";"1";"1";"1";"0";"0";"20250802";"20301231";
"5075096303";"100019408";"1";"1";"1";"1";"1";"0";"0";"20251220";"20301231";
"5075096304";"100012977";"0";"0";"0";"0";"0";"1";"1";"20250726";"20301231";
"5075096305";"100018016";"0";"0";"0";"0";"0";"1";"1";"20251115";"20301231";
"5075096309";"100013440";"1";"1";"1";"1";"1";"0";"0";"20251001";"20301231";
"5075096312";"100012585";"0";"0";"0";"0";"0";"1";"1";"20250315";"20301231";
"5075096313";"100016741";"0";"0";"0";"0";"0";"1";"1";"20251018";"20301231";
"5075096315";"100013102";"1";"1";"1";"1";"1";"0";"0";"20250830";"20301231";
"5075096316";"100012430";"0";"0";"0";"0";"0";"1";"1";"20250201";"20301231";
"5075096318";"100019350";"0";"0";"0";"0";"0";"1";"1";"20251220";"20301231";
"5075096321";"100016737";"0";"0";"0";"0";"0";"1";"1";"20251018";"20301231";
"5075096323";"100012436";"1";"1";"1";"1";"1";"0";"0";"20250201";"20301231";
"5075096325";"100016320";"1";"1";"1";"1";"1";"0";"0";"20251004";"20301231";
"5075096330";"100012065";"0";"0";"0";"0";"0";"1";"1";"20241204";"20301231";
"5075096331";"100018218";"1";"1";"1";"1";"1";"0";"0";"20251117";"20301231";
"5075096332";"100013402";"1";"1";"1";"1";"1";"0";"0";"20251001";"20301231";
"5075096334";"100025849";"1";"1";"1";"1";"1";"0";"0";"20260122";"20301231";
"5075096336";"100012985";"1";"1";"1";"1";"1";"0";"0";"20250802";"20301231";
"5075096338";"100019729";"1";"1";"1";"1";"1";"0";"0";"20251227";"20301231";
"5075096339";"100016884";"1";"1";"1";"1";"1";"0";"0";"20251018";"20301231";
"5075096342";"100020855";"0";"0";"0";"0";"0";"1";"1";"20260119";"20301231";
"5075096343";"100012887";"1";"1";"1";"1";"1";"0";"0";"20250628";"20301231";
"5075096346";"100019291";"1";"1";"1";"1";"1";"0";"0";"20251213";"20301231";
"5075096348";"100013513";"0";"0";"0";"0";"0";"1";"1";"20251001";"20301231";
"5075096351";"100016585";"1";"1";"1";"1";"1";"0";"0";"20251011";"20301231";
"5075096354";"100016885";"0";"0";"0";"0";"0";"1";"1";"20251018";"20301231";
"5075096358";"100012488";"1";"1";"1";"1";"1";"0";"0";"20250222";"20301231";
"5075096359";"100017354";"0";"0";"0";"0";"0";"1";"1";"20251025";"20301231";
"5075096360";"100013010";"1";"1";"1";"1";"1";"0";"0";"20250809";"20301231";
"5075096363";"100013016";"1";"1";"1";"1";"1";"0";"0";"20250809";"20301231";
"5075096366";"100016899";"1";"1";"1";"1";"1";"0";"0";"20251018";"20301231";
"5075096368";"100013475";"0";"0";"0";"0";"0";"1";"1";"20251001";"20301231";
"5075096369";"100012976";"1";"1";"1";"1";"1";"0";"0";"20250726";"20301231";
"5075096370";"100012064";"1";"1";"1";"1";"1";"0";"0";"20241204";"20301231";
"5075096372";"100013409";"1";"1";"1";"1";"1";"0";"0";"20251001";"20301231";
"5075096377";"100018275";"1";"1";"1";"1";"1";"0";"0";"20251122";"20301231";
"5075096378";"100013523";"0";"0";"0";"0";"0";"1";"1";"20251001";"20301231";
"5075096379";"100012568";"0";"0";"0";"0";"0";"1";"1";"20250308";"20301231";
"5075096380";"100013048";"1";"1";"1";"1";"1";"0";"0";"20250809";"20301231";
"5075096385";"100025929";"0";"0";"0";"0";"0";"1";"1";"20260122";"20301231";
"5075096386";"100012953";"1";"1";"1";"1";"1";"0";"0";"20250719";"20301231";
"5075096387";"100012584";"1";"1";"1";"1";"1";"0";"0";"20250315";"20301231";
"5075096389";"100013122";"0";"0";"0";"0";"0";"1";"1";"20250830";"20301231";
"5075096390";"100027687";"1";"1";"1";"1";"1";"0";"0";"20260122";"20301231";
"5075096391";"100027683";"1";"1";"1";"1";"1";"0";"0";"20260122";"20301231";
"5075096392";"100018015";"1";"1";"1";"1";"1";"0";"0";"20251115";"20301231";
"5075096393";"100013520";"0";"0";"0";"0";"0";"1";"1";"20251001";"20301231";
"5075096394";"100012655";"0";"0";"0";"0";"0";"1";"1";"20250405";"20301231";
"5075096396";"100016921";"1";"1";"1";"1";"1";"0";"0";"20251018";"20301231";
"5075096397";"100013494";"0";"0";"0";"0";"0";"1";"1";"20251001";"20301231";
"5075096401";"100016205";"0";"0";"0";"0";"0";"1";"1";"20251002";"20301231";
"5075096404";"100013211";"0";"0";"0";"0";"0";"1";"1";"20250924";"20301231";
"5075096406";"100016895";"1";"1";"1";"1";"1";"0";"0";"20251018";"20301231";
"5075096409";"100016740";"1";"1";"1";"1";"1";"0";"0";"20251018";"20301231";
"5075096413";"100018276";"0";"0";"0";"0";"0";"1";"1";"20251122";"20301231";
"5075096414";"100025869";"1";"1";"1";"1";"1";"0";"0";"20260122";"20301231";
"5075096415";"100013049";"0";"0";"0";"0";"0";"1";"1";"20250809";"20301231";
"5075096419";"100019706";"1";"1";"1";"1";"1";"0";"0";"20251227";"20301231";
"5075096420";"100018908";"0";"0";"0";"0";"0";"1";"1";"20251206";"20301231";
"5075096421";"100013227";"1";"1";"1";"1";"1";"0";"0";"20250927";"20301231";
"5075096423";"100027496";"1";"1";"1";"1";"1";"0";"0";"20260122";"20301231";
"5075096425";"100019704";"1";"1";"1";"1";"1";"0";"0";"20251227";"20301231";
"5075096429";"100013445";"1";"1";"1";"1";"1";"0";"0";"20251001";"20301231";
"5075096435";"100027684";"0";"0";"0";"0";"0";"1";"1";"20260122";"20301231";
"5075096443";"100012661";"0";"0";"0";"0";"0";"1";"1";"20250419";"20301231";
"5075096444";"100017765";"0";"0";"0";"0";"0";"1";"1";"20251108";"20301231";
"5075096446";"100027840";"1";"1";"1";"1";"1";"0";"0";"20260122";"20301231";
"5075096447";"100016903";"1";"1";"1";"1";"1";"0";"0";"20251018";"20301231";
"5075096448";"100019332";"0";"0";"0";"0";"0";"1";"1";"20251220";"20301231";
"5075096451";"100027547";"1";"1";"1";"1";"1";"0";"0";"20260122";"20301231";
"5075096455";"100025850";"0";"0";"0";"0";"0";"1";"1";"20260122";"20301231";
"5075096457";"100013535";"0";"0";"0";"0";"0";"1";"1";"20251001";"20301231";
"5075096459";"100027819";"1";"1";"1";"1";"1";"0";"0";"20260122";"20301231";
"5075096460";"100026521";"1";"1";"1";"1";"1";"0";"0";"20260122";"20301231";
"5075096462";"100028082";"0";"0";"0";"0";"0";"1";"1";"20260122";"20301231";
"5075096463";"100019329";"1";"1";"1";"1";"1";"0";"0";"20251220";"20301231";
"5075096466";"100013437";"1";"1";"1";"1";"1";"0";"0";"20251001";"20301231";
"5075096473";"100027868";"1";"1";"1";"1";"1";"0";"0";"20260122";"20301231";
"5075096474";"100027269";"1";"1";"1";"1";"1";"0";"0";"20260122";"20301231";
"5075096475";"100027641";"1";"1";"1";"1";"1";"0";"0";"20260122";"20301231";
"5075096477";"100016909";"1";"1";"1";"1";"1";"0";"0";"20251018";"20301231";
"5075096478";"100013470";"1";"1";"1";"1";"1";"0";"0";"20251001";"20301231";
"5075096485";"100016896";"0";"0";"0";"0";"0";"1";"1";"20251018";"20301231";
"5075096486";"100026714";"0";"0";"0";"0";"0";"1";"1";"20260122";"20301231";
"5075096490";"100013405";"1";"1";"1";"1";"1";"0";"0";"20251001";"20301231";
"5075096495";"100028078";"0";"0";"0";"0";"0";"1";"1";"20260122";"20301231";
"5075096498";"100025841";"0";"0";"0";"0";"0";"1";"1";"20260122";"20301231";
"5075096506";"100027841";"0";"0";"0";"0";"0";"1";"1";"20260122";"20301231";
"5075096507";"100011944";"1";"1";"1";"1";"1";"0";"0";"20241119";"20301231";
"5075096508";"100026709";"1";"1";"1";"1";"1";"0";"0";"20260122";"20301231";
"5075096510";"100027276";"1";"1";"1";"1";"0";"0";"0";"20260122";"20301231";
"5075096512";"100026317";"0";"0";"0";"0";"0";"1";"1";"20260122";"20301231";
"5075096515";"100026522";"0";"0";"0";"0";"0";"1";"1";"20260122";"20301231";
"5075096520";"100016835";"1";"1";"1";"1";"1";"0";"0";"20251014";"20301231";
"5075096523";"100028257";"1";"1";"1";"1";"1";"0";"0";"20260122";"20301231";
"5075096524";"100027606";"0";"0";"0";"0";"0";"1";"1";"20260122";"20301231";
"5075096529";"100016579";"0";"0";"0";"0";"0";"1";"1";"20251011";"20301231";
"5075096530";"100028077";"1";"1";"1";"1";"1";"0";"0";"20260122";"20301231";
"5075096531";"100013492";"0";"0";"0";"0";"0";"1";"1";"20251001";"20301231";
"5075096533";"100028278";"0";"0";"0";"0";"0";"1";"1";"20260124";"20301231";
"5075096535";"100026309";"0";"0";"0";"0";"0";"1";"1";"20260122";"20301231";
"5075096538";"100027992";"1";"1";"1";"1";"1";"0";"0";"20260122";"20301231";
"5075096540";"100028049";"1";"1";"1";"1";"1";"0";"0";"20260122";"20301231";
"5075096541";"100026713";"1";"1";"1";"1";"1";"0";"0";"20260122";"20301231";
"5075096543";"100028243";"1";"1";"1";"1";"1";"0";"0";"20260122";"20301231";
"5075096546";"100019331";"0";"0";"0";"0";"0";"1";"1";"20251220";"20301231";
"5075096549";"100026428";"1";"1";"1";"1";"1";"0";"0";"20260122";"20301231";
"5075096553";"100027988";"1";"1";"1";"1";"1";"0";"0";"20260122";"20301231";
"5075096556";"100019690";"0";"0";"0";"0";"0";"1";"1";"20251227";"20301231";
"5075096557";"100013420";"1";"1";"1";"1";"1";"0";"0";"20251001";"20301231";
"5075096560";"100028418";"1";"1";"1";"1";"1";"0";"0";"20260131";"20301231";
"5075096562";"100025856";"1";"1";"1";"1";"1";"0";"0";"20260122";"20301231";
"5075096563";"100027605";"1";"1";"1";"1";"1";"0";"0";"20260122";"20301231";
"5075096565";"100028410";"1";"1";"1";"1";"1";"0";"0";"20260131";"20301231";
"5075096566";"100013005";"0";"0";"0";"0";"0";"1";"1";"20250809";"20301231";
"5075096567";"100013430";"1";"1";"1";"1";"1";"0";"0";"20251001";"20301231";
"5075096568";"100027688";"0";"0";"0";"0";"0";"1";"1";"20260122";"20301231";
"5075096572";"100026742";"0";"0";"0";"0";"0";"1";"1";"20260122";"20301231";
"5075096574";"100027725";"1";"1";"1";"1";"1";"0";"0";"20260122";"20301231";
"5075096577";"100019410";"0";"0";"0";"0";"0";"1";"1";"20251220";"20301231";
"5075096579";"100026607";"0";"0";"0";"0";"0";"1";"1";"20260122";"20301231";
"5075096580";"100026549";"1";"1";"1";"1";"1";"0";"0";"20260122";"20301231";
"5075096581";"100018907";"1";"1";"1";"1";"1";"0";"0";"20251206";"20301231";
"5075096583";"100026336";"1";"1";"1";"1";"1";"0";"0";"20260122";"20301231";
"5075096591";"100027055";"1";"1";"1";"1";"1";"0";"0";"20260122";"20301231";
"5075096596";"100026316";"1";"1";"1";"1";"1";"0";"0";"20260122";"20301231";
"5075096598";"100028396";"1";"1";"1";"1";"1";"0";"0";"20260131";"20301231";
"5075096600";"100026308";"1";"1";"1";"1";"1";"0";"0";"20260122";"20301231";
"5075096601";"100026614";"1";"1";"1";"1";"1";"0";"0";"20260122";"20301231";
"5075096602";"100027869";"0";"0";"0";"0";"0";"1";"1";"20260122";"20301231";
"5075096603";"100012936";"1";"1";"1";"1";"1";"0";"0";"20250712";"20301231";
"5075096604";"100028449";"1";"1";"1";"1";"1";"0";"0";"20260131";"20301231";
"5075096609";"100028398";"0";"0";"0";"0";"0";"1";"1";"20260131";"20301231";
"5075096615";"100026761";"1";"1";"1";"1";"1";"0";"0";"20260122";"20301231";
"5075096616";"100026710";"0";"0";"0";"0";"0";"1";"1";"20260122";"20301231";
"5075096617";"100028258";"0";"0";"0";"0";"0";"1";"1";"20260122";"20301231";
"5075096619";"100013462";"1";"1";"1";"1";"1";"0";"0";"20251001";"20301231";
"5075096621";"100026618";"1";"1";"1";"1";"1";"0";"0";"20260122";"20301231";
"5075096623";"100028409";"1";"1";"1";"1";"1";"0";"0";"20260131";"20301231";
"5075096624";"100028196";"1";"1";"1";"1";"1";"0";"0";"20260122";"20301231";
"5075096633";"100028026";"1";"1";"1";"1";"1";"0";"0";"20260122";"20301231";
"5075096634";"100027816";"1";"1";"1";"1";"1";"0";"0";"20260122";"20301231";
"5075096636";"100026615";"0";"0";"0";"0";"0";"1";"1";"20260122";"20301231";
"5075096637";"100028476";"1";"1";"1";"1";"1";"0";"0";"20260207";"20301231";
"5075096642";"100017589";"1";"1";"1";"1";"1";"0";"0";"20251102";"20301231";
"5075096644";"100027999";"1";"1";"1";"1";"1";"0";"0";"20260122";"20301231";
"5075096645";"100027621";"1";"1";"1";"1";"1";"0";"0";"20260122";"20301231";
"5075096646";"100026545";"1";"1";"1";"1";"1";"0";"0";"20260122";"20301231";
"5075096650";"100028402";"1";"1";"1";"1";"1";"0";"0";"20260131";"20301231";
"5075096651";"100027797";"1";"1";"1";"1";"1";"0";"0";"20260122";"20301231";
"5075096654";"100028364";"1";"1";"1";"1";"1";"0";"0";"20260126";"20301231";
"5075096656";"100028317";"1";"1";"1";"1";"1";"0";"0";"20260124";"20301231";
"5075096657";"100028370";"1";"1";"1";"1";"1";"0";"0";"20260126";"20301231";
"5075096658";"100026741";"1";"1";"1";"1";"1";"0";"0";"20260122";"20301231";
"5075096659";"100028404";"0";"0";"0";"0";"0";"1";"1";"20260131";"20301231";
"5075096661";"100026606";"1";"1";"1";"1";"1";"0";"0";"20260122";"20301231";
"5075096663";"100026918";"1";"1";"1";"1";"1";"0";"0";"20260122";"20301231";
"5075096673";"100027255";"1";"1";"1";"1";"1";"0";"0";"20260122";"20301231";
"5075096675";"100028491";"0";"0";"0";"0";"0";"1";"1";"20260207";"20301231";
"5075096676";"100027622";"0";"0";"0";"0";"0";"1";"1";"20260122";"20301231";
"5075096677";"100028403";"0";"0";"0";"0";"0";"1";"1";"20260131";"20301231";
"5075096679";"100026706";"0";"0";"0";"0";"0";"1";"1";"20260122";"20301231";
"5075096683";"100027319";"0";"0";"0";"0";"0";"1";"1";"20260122";"20301231";
"5075096684";"100027968";"1";"1";"1";"1";"1";"0";"0";"20260122";"20301231";
"5075096685";"100026587";"0";"0";"0";"0";"0";"1";"1";"20260122";"20301231";
"5075096688";"100028366";"1";"1";"1";"1";"1";"0";"0";"20260126";"20301231";
"5075096691";"100027655";"1";"1";"1";"1";"1";"0";"0";"20260122";"20301231";
"5075096694";"100026141";"1";"1";"1";"1";"1";"0";"0";"20260122";"20301231";
"5075096695";"100026589";"1";"1";"1";"1";"1";"0";"0";"20260122";"20301231";
"5075096696";"100027318";"1";"1";"1";"1";"1";"0";"0";"20260122";"20301231";
"5075096699";"100026586";"1";"1";"1";"1";"1";"0";"0";"20260122";"20301231";
"5075096702";"100026570";"1";"1";"1";"1";"1";"0";"0";"20260122";"20301231";
"5075096703";"100027651";"1";"1";"1";"1";"1";"0";"0";"20260122";"20301231";
"5075096704";"100026343";"0";"0";"0";"0";"0";"1";"1";"20260122";"20301231";
"5075096705";"100027898";"1";"1";"1";"1";"1";"0";"0";"20260122";"20301231";
"5075096707";"100028042";"0";"0";"0";"0";"0";"1";"1";"20260122";"20301231";
"5075096708";"100025970";"1";"1";"1";"1";"1";"0";"0";"20260122";"20301231";
"5075096711";"100026143";"1";"1";"1";"1";"1";"0";"0";"20260122";"20301231";
"5075096720";"100028041";"1";"1";"1";"1";"1";"0";"0";"20260122";"20301231";
"5075096721";"100027584";"1";"1";"1";"1";"1";"0";"0";"20260122";"20301231";
"5075096723";"100026571";"0";"0";"0";"0";"0";"1";"1";"20260122";"20301231";
"5075096724";"100027936";"1";"1";"1";"1";"1";"0";"0";"20260122";"20301231";
"5075096726";"100027798";"0";"0";"0";"0";"0";"1";"1";"20260122";"20301231";
"5075096728";"100027314";"1";"1";"1";"1";"1";"0";"0";"20260122";"20301231";
"5075096729";"100026459";"1";"1";"1";"1";"1";"0";"0";"20260122";"20301231";
"5075096731";"100027644";"1";"1";"1";"1";"1";"0";"0";"20260122";"20301231";
"5075096733";"100026379";"1";"1";"1";"1";"1";"0";"0";"20260122";"20301231";
"5075096741";"100026266";"0";"0";"0";"0";"0";"1";"1";"20260122";"20301231";
"5075096742";"100028507";"0";"0";"0";"0";"0";"1";"1";"20260207";"20301231";
"5075096747";"100027940";"1";"1";"1";"1";"1";"0";"0";"20260122";"20301231";
"5075096748";"100026666";"1";"1";"1";"1";"1";"0";"0";"20260122";"20301231";
"5075096749";"100026451";"1";"1";"1";"1";"1";"0";"0";"20260122";"20301231";
"5075096750";"100028399";"0";"0";"0";"0";"0";"1";"1";"20260131";"20301231";
"5075096751";"100028050";"0";"0";"0";"0";"0";"1";"1";"20260122";"20301231";
"5075096757";"100029390";"1";"1";"1";"1";"1";"0";"0";"20260322";"20301231";
"5075096759";"100029120";"1";"1";"1";"1";"1";"0";"0";"20260310";"20301231";
"5075096760";"100029488";"1";"1";"1";"1";"1";"0";"0";"20260323";"20301231";
"5075096763";"100030525";"0";"0";"0";"0";"0";"1";"1";"20260328";"20301231";
"5075096764";"100030110";"0";"0";"0";"0";"0";"1";"1";"20260326";"20301231";
"5075096769";"100031428";"0";"0";"0";"0";"0";"1";"1";"20260412";"20301231";
"5075096771";"100032845";"0";"0";"0";"0";"0";"1";"1";"20260425";"20301231";
"5075096772";"100031307";"0";"0";"0";"0";"0";"1";"1";"20260411";"20301231";
"5075096774";"100031504";"0";"0";"0";"0";"0";"1";"1";"20260412";"20301231";
"5075096777";"100032450";"1";"1";"1";"1";"1";"0";"0";"20260425";"20301231";
"5075096785";"100027067";"1";"1";"1";"1";"1";"0";"0";"20260122";"20301231";
"5075096786";"100028463";"0";"0";"0";"0";"0";"1";"1";"20260207";"20301231";
"5075096787";"100026495";"1";"1";"1";"1";"1";"0";"0";"20260122";"20301231";
"5075096789";"100026505";"1";"1";"1";"1";"1";"0";"0";"20260122";"20301231";
"5075096790";"100026980";"1";"1";"1";"1";"1";"0";"0";"20260122";"20301231";
"5075096791";"100026773";"1";"1";"1";"1";"1";"0";"0";"20260122";"20301231";
"5075096796";"100026506";"0";"0";"0";"0";"0";"1";"1";"20260122";"20301231";
"5075096797";"100026475";"1";"1";"1";"1";"1";"0";"0";"20260122";"20301231";
"5075096798";"100026984";"1";"1";"1";"1";"1";"0";"0";"20260122";"20301231";
"5075096799";"100026762";"0";"0";"0";"0";"0";"1";"1";"20260122";"20301231";
"5075096802";"100026476";"0";"0";"0";"0";"0";"1";"1";"20260122";"20301231";
"5075096803";"100026946";"1";"1";"1";"1";"1";"0";"0";"20260122";"20301231";
"5075096804";"100026769";"1";"1";"1";"1";"1";"0";"0";"20260122";"20301231";
"5075096808";"100026464";"0";"0";"0";"0";"0";"1";"1";"20260122";"20301231";
"5075096809";"100026403";"1";"1";"1";"1";"1";"0";"0";"20260122";"20301231";
"5075096810";"100026425";"1";"1";"1";"1";"1";"0";"0";"20260122";"20301231";
"5075096812";"100027960";"1";"1";"1";"1";"1";"0";"0";"20260122";"20301231";
"5075096818";"100026944";"1";"1";"1";"1";"1";"0";"0";"20260122";"20301231";
"5075096822";"100026169";"1";"1";"1";"1";"1";"0";"0";"20260122";"20301231";
"5075096823";"100029371";"1";"1";"1";"1";"1";"0";"0";"20260322";"20301231";
"5075096826";"100029437";"1";"1";"1";"1";"1";"0";"0";"20260322";"20301231";
"5075096831";"100030162";"0";"0";"0";"0";"0";"1";"1";"20260326";"20301231";
"5075096833";"100025953";"0";"0";"0";"0";"0";"1";"1";"20260122";"20301231";
"5075096834";"100030212";"0";"0";"0";"0";"0";"1";"1";"20260326";"20301231";
"5075096836";"100030474";"0";"0";"0";"0";"0";"1";"1";"20260326";"20301231";
"5075096838";"100026813";"1";"1";"1";"1";"1";"0";"0";"20260122";"20301231";
"5075096839";"100028962";"0";"0";"0";"0";"0";"1";"1";"20260228";"20301231";
"5075096840";"100029415";"1";"1";"1";"1";"1";"0";"0";"20260322";"20301231";
"5075096842";"100026144";"0";"0";"0";"0";"0";"1";"1";"20260122";"20301231";
"5075096843";"100026463";"1";"1";"1";"1";"1";"0";"0";"20260122";"20301231";
"5075096844";"100030385";"0";"0";"0";"0";"0";"1";"1";"20260326";"20301231";
"5075096845";"100026874";"0";"0";"0";"0";"0";"1";"1";"20260122";"20301231";
"5075096847";"100026387";"1";"1";"1";"1";"1";"0";"0";"20260122";"20301231";
"5075096848";"100030303";"0";"0";"0";"0";"0";"1";"1";"20260326";"20301231";
"5075096849";"100030453";"0";"0";"0";"0";"0";"1";"1";"20260326";"20301231";
"5075096850";"100026857";"1";"1";"1";"1";"1";"0";"0";"20260122";"20301231";
"5075096856";"100026035";"0";"0";"0";"0";"0";"1";"1";"20260122";"20301231";
"5075096857";"100026356";"0";"0";"0";"0";"0";"1";"1";"20260122";"20301231";
"5075096861";"100027035";"1";"1";"1";"1";"1";"0";"0";"20260122";"20301231";
"5075096862";"100026342";"1";"1";"1";"1";"1";"0";"0";"20260122";"20301231";
"5075096864";"100026304";"1";"1";"1";"1";"1";"0";"0";"20260122";"20301231";
"5075096866";"100026919";"0";"0";"0";"0";"0";"1";"1";"20260122";"20301231";
"5075096868";"100027015";"1";"1";"1";"1";"1";"0";"0";"20260122";"20301231";
"5075096869";"100026026";"1";"1";"1";"1";"1";"0";"0";"20260122";"20301231";
"5075096875";"100027039";"1";"1";"1";"1";"1";"0";"0";"20260122";"20301231";
"5075096877";"100026830";"0";"0";"0";"0";"0";"1";"1";"20260122";"20301231";
"5075096878";"100026253";"1";"1";"1";"1";"1";"0";"0";"20260122";"20301231";
"5075096880";"100025994";"1";"1";"1";"1";"1";"0";"0";"20260122";"20301231";
"5075096882";"100026097";"0";"0";"0";"0";"0";"1";"1";"20260122";"20301231";
"5075096883";"100026104";"1";"1";"1";"1";"1";"0";"0";"20260122";"20301231";
"5075096885";"100026096";"1";"1";"1";"1";"1";"0";"0";"20260122";"20301231";
"5075096889";"100026355";"1";"1";"1";"1";"1";"0";"0";"20260122";"20301231";
"5075096891";"100032336";"1";"1";"1";"1";"1";"0";"0";"20260422";"20301231";
"5075096894";"100026915";"0";"0";"0";"0";"0";"1";"1";"20260122";"20301231";
"5075096895";"100031365";"1";"1";"1";"1";"1";"0";"0";"20260411";"20301231";
"5075096897";"100026858";"0";"0";"0";"0";"0";"1";"1";"20260122";"20301231";
"5075096899";"100026914";"1";"1";"1";"1";"1";"0";"0";"20260122";"20301231";
"5075096900";"100027217";"1";"1";"1";"1";"1";"0";"0";"20260122";"20301231";
"5075096906";"100026865";"1";"1";"1";"1";"1";"0";"0";"20260122";"20301231";
"5075096909";"100026034";"1";"1";"1";"1";"1";"0";"0";"20260122";"20301231";
"5075096910";"100026241";"1";"1";"1";"1";"1";"0";"0";"20260122";"20301231";
"5075096911";"100026866";"0";"0";"0";"0";"0";"1";"1";"20260122";"20301231";
"5075096912";"100026197";"1";"1";"1";"1";"1";"0";"0";"20260122";"20301231";
"5075096914";"100032481";"0";"0";"0";"0";"0";"1";"1";"20260425";"20301231";
"5075096916";"100025949";"0";"0";"0";"0";"0";"1";"1";"20260122";"20301231";
"5075096919";"100025952";"1";"1";"1";"1";"1";"0";"0";"20260122";"20301231";
"5075096920";"100025941";"0";"0";"0";"0";"0";"1";"1";"20260122";"20301231";
"5075096925";"100027115";"1";"1";"1";"1";"1";"0";"0";"20260122";"20301231";
"5075096930";"100027932";"1";"1";"1";"1";"1";"0";"0";"20260122";"20301231";
"5075096932";"100032418";"0";"0";"0";"0";"0";"1";"1";"20260425";"20301231";
"5075096940";"100026116";"1";"1";"1";"1";"1";"0";"0";"20260122";"20301231";
"5075096941";"100026117";"0";"0";"0";"0";"0";"1";"1";"20260122";"20301231";
"5075096942";"100026125";"1";"1";"1";"1";"1";"0";"0";"20260122";"20301231";
"5075096943";"100025948";"1";"1";"1";"1";"1";"0";"0";"20260122";"20301231";
"5075096944";"100026265";"1";"1";"1";"1";"1";"0";"0";"20260122";"20301231";
"5075096951";"100030214";"0";"0";"0";"0";"0";"1";"1";"20260326";"20301231";
"5075096955";"100030475";"0";"0";"0";"0";"0";"1";"1";"20260326";"20301231";
"5075096957";"100032677";"0";"0";"0";"0";"0";"1";"1";"20260425";"20301231";
"5075096958";"100030462";"0";"0";"0";"0";"0";"1";"1";"20260326";"20301231";
"5075096960";"100031125";"0";"0";"0";"0";"0";"1";"1";"20260409";"20301231";
"5075096964";"100030229";"0";"0";"0";"0";"0";"1";"1";"20260326";"20301231";
"5075096967";"100030290";"0";"0";"0";"0";"0";"1";"1";"20260326";"20301231";
"5075096969";"100028678";"1";"1";"1";"1";"1";"0";"0";"20260207";"20301231";
"5075096973";"100030394";"0";"0";"0";"0";"0";"1";"1";"20260326";"20301231";
"5075096976";"100028974";"1";"1";"1";"1";"1";"0";"0";"20260228";"20301231";
"5075096978";"100029300";"1";"1";"1";"1";"1";"0";"0";"20260322";"20301231";
"5075096979";"100026173";"1";"1";"1";"1";"1";"0";"0";"20260122";"20301231";
"5075096982";"100030457";"0";"0";"0";"0";"0";"1";"1";"20260326";"20301231";
"5075096985";"100028765";"1";"1";"1";"1";"1";"0";"0";"20260214";"20301231";
"5075096986";"100030271";"0";"0";"0";"0";"0";"1";"1";"20260326";"20301231";
"5075096990";"100029274";"1";"1";"1";"1";"1";"0";"0";"20260321";"20301231";
"5075096993";"100030198";"0";"0";"0";"0";"0";"1";"1";"20260326";"20301231";
"5075096998";"100030454";"0";"0";"0";"0";"0";"1";"1";"20260326";"20301231";
"5075096999";"100028850";"1";"1";"1";"1";"1";"0";"0";"20260221";"20301231";
"5075097002";"100029102";"1";"1";"1";"1";"1";"0";"0";"20260307";"20301231";
"5075097003";"100030481";"0";"0";"0";"0";"0";"1";"1";"20260326";"20301231";
"5075097005";"100029447";"1";"1";"1";"1";"1";"0";"0";"20260322";"20301231";
"5075097008";"100029275";"0";"0";"0";"0";"0";"1";"1";"20260321";"20301231";
"5075097016";"100028475";"0";"0";"0";"0";"0";"1";"1";"20260207";"20301231";
"5075097028";"100030207";"0";"0";"0";"0";"0";"1";"1";"20260326";"20301231";
"5075097031";"100029418";"1";"1";"1";"1";"1";"0";"0";"20260322";"20301231";
"5075097033";"100028963";"1";"1";"1";"1";"1";"0";"0";"20260228";"20301231";
"5075097035";"100030237";"0";"0";"0";"0";"0";"1";"1";"20260326";"20301231";
"5075097040";"100030197";"0";"0";"0";"0";"0";"1";"1";"20260326";"20301231";
"5075097043";"100030482";"0";"0";"0";"0";"0";"1";"1";"20260326";"20301231";
"5075097044";"100030115";"0";"0";"0";"0";"0";"1";"1";"20260326";"20301231";
"5075097045";"100029165";"1";"1";"1";"1";"1";"0";"0";"20260314";"20301231";
"5075097046";"100026107";"1";"1";"1";"1";"1";"0";"0";"20260122";"20301231";
"5075097048";"100030266";"0";"0";"0";"0";"0";"1";"1";"20260326";"20301231";
"5075097052";"100029121";"1";"1";"1";"1";"1";"0";"0";"20260310";"20301231";
"5075097058";"100030285";"0";"0";"0";"0";"0";"1";"1";"20260326";"20301231";
"5075097061";"100030027";"0";"0";"0";"0";"0";"1";"1";"20260326";"20301231";
"5075097063";"100028814";"1";"1";"1";"1";"1";"0";"0";"20260221";"20301231";
"5075097067";"100029116";"0";"0";"0";"0";"0";"1";"1";"20260307";"20301231";
"5075097073";"100028960";"1";"1";"1";"1";"1";"0";"0";"20260228";"20301231";
"5075097074";"100028758";"1";"1";"1";"1";"1";"0";"0";"20260214";"20301231";
"5075097075";"100030379";"0";"0";"0";"0";"0";"1";"1";"20260326";"20301231";
"5075097080";"100030305";"0";"0";"0";"0";"0";"1";"1";"20260326";"20301231";
"5075097083";"100030001";"0";"0";"0";"0";"0";"1";"1";"20260326";"20301231";
"5075097085";"100030312";"0";"0";"0";"0";"0";"1";"1";"20260326";"20301231";
"5075097086";"100029489";"1";"1";"1";"1";"1";"0";"0";"20260323";"20301231";
"5075097090";"100029393";"1";"1";"1";"1";"1";"0";"0";"20260322";"20301231";
"5075097091";"100030106";"0";"0";"0";"0";"0";"1";"1";"20260326";"20301231";
"5075097093";"100030472";"0";"0";"0";"0";"0";"1";"1";"20260326";"20301231";
"5075097094";"100030098";"0";"0";"0";"0";"0";"1";"1";"20260326";"20301231";
"5075097095";"100029404";"1";"1";"1";"1";"1";"0";"0";"20260322";"20301231";
"5075097096";"100030399";"0";"0";"0";"0";"0";"1";"1";"20260326";"20301231";
"5075097098";"100030300";"0";"0";"0";"0";"0";"1";"1";"20260326";"20301231";
"5075097099";"100030497";"1";"1";"1";"1";"1";"0";"0";"20260327";"20301231";
"5075097100";"100030527";"1";"1";"1";"1";"1";"0";"0";"20260328";"20301231";
"5075097107";"100030465";"0";"0";"0";"0";"0";"1";"1";"20260326";"20301231";
"5075097110";"100028959";"0";"0";"0";"0";"0";"1";"1";"20260228";"20301231";
"5075097112";"100030222";"0";"0";"0";"0";"0";"1";"1";"20260326";"20301231";
"5075097114";"100029408";"1";"1";"1";"1";"1";"0";"0";"20260322";"20301231";
"5075097117";"100030156";"0";"0";"0";"0";"0";"1";"1";"20260326";"20301231";
"5075097119";"100030395";"0";"0";"0";"0";"0";"1";"1";"20260326";"20301231";
"5075097121";"100030398";"0";"0";"0";"0";"0";"1";"1";"20260326";"20301231";
"5075097122";"100030267";"0";"0";"0";"0";"0";"1";"1";"20260326";"20301231";
"5075097123";"100029051";"1";"1";"1";"1";"1";"0";"0";"20260307";"20301231";
"5075097128";"100029255";"1";"1";"1";"1";"1";"0";"0";"20260314";"20301231";
"5075097129";"100030401";"0";"0";"0";"0";"0";"1";"1";"20260326";"20301231";
"5075097130";"100030309";"0";"0";"0";"0";"0";"1";"1";"20260326";"20301231";
"5075097131";"100029246";"0";"0";"0";"0";"0";"1";"1";"20260314";"20301231";
"5075097133";"100030357";"0";"0";"0";"0";"0";"1";"1";"20260326";"20301231";
"5075097134";"100028840";"0";"0";"0";"0";"0";"1";"1";"20260221";"20301231";
"5075097136";"100029236";"1";"1";"1";"1";"1";"0";"0";"20260314";"20301231";
"5075097137";"100030014";"0";"0";"0";"0";"0";"1";"1";"20260326";"20301231";
"5075097138";"100029084";"1";"1";"1";"1";"1";"0";"0";"20260307";"20301231";
"5075097139";"100030321";"0";"0";"0";"0";"0";"1";"1";"20260326";"20301231";
"5075097144";"100030444";"0";"0";"0";"0";"0";"1";"1";"20260326";"20301231";
"5075097145";"100030383";"0";"0";"0";"0";"0";"1";"1";"20260326";"20301231";
"5075097146";"100028967";"1";"1";"1";"1";"1";"0";"0";"20260228";"20301231";
"5075097151";"100029217";"0";"0";"0";"0";"0";"1";"1";"20260314";"20301231";
"5075097155";"100028660";"1";"1";"1";"1";"1";"0";"0";"20260207";"20301231";
"5075097157";"100030327";"0";"0";"0";"0";"0";"1";"1";"20260326";"20301231";
"5075097161";"100030124";"0";"0";"0";"0";"0";"1";"1";"20260326";"20301231";
"5075097163";"100030101";"0";"0";"0";"0";"0";"1";"1";"20260326";"20301231";
"5075097164";"100030224";"0";"0";"0";"0";"0";"1";"1";"20260326";"20301231";
"5075097167";"100030200";"0";"0";"0";"0";"0";"1";"1";"20260326";"20301231";
"5075097169";"100030039";"0";"0";"0";"0";"0";"1";"1";"20260326";"20301231";
"5075097170";"100030451";"0";"0";"0";"0";"0";"1";"1";"20260326";"20301231";
"5075097172";"100029479";"1";"1";"1";"1";"1";"0";"0";"20260323";"20301231";
"5075097183";"100030062";"0";"0";"0";"0";"0";"1";"1";"20260326";"20301231";
"5075097186";"100029301";"0";"0";"0";"0";"0";"1";"1";"20260322";"20301231";
"5075097188";"100030051";"0";"0";"0";"0";"0";"1";"1";"20260326";"20301231";
"5075097194";"100030147";"0";"0";"0";"0";"0";"1";"1";"20260326";"20301231";
"5075097196";"100028803";"0";"0";"0";"0";"0";"1";"0";"20260218";"20301231";
"5075097198";"100028815";"0";"0";"0";"0";"0";"1";"1";"20260221";"20301231";
"5075097200";"100030126";"0";"0";"0";"0";"0";"1";"1";"20260326";"20301231";
"5075097201";"100030148";"0";"0";"0";"0";"0";"1";"1";"20260326";"20301231";
"5075097202";"100028648";"1";"1";"1";"1";"1";"0";"0";"20260207";"20301231";
"5075097207";"100030245";"0";"0";"0";"0";"0";"1";"1";"20260326";"20301231";
"5075097208";"100028871";"0";"0";"0";"0";"0";"1";"1";"20260221";"20301231";
"5075097210";"100030022";"0";"0";"0";"0";"0";"1";"1";"20260326";"20301231";
"5075097215";"100030004";"0";"0";"0";"0";"0";"1";"1";"20260326";"20301231";
"5075097216";"100028830";"1";"1";"1";"1";"1";"0";"0";"20260221";"20301231";
"5075097217";"100028831";"0";"0";"0";"0";"0";"1";"1";"20260221";"20301231";
"5075097219";"100030447";"0";"0";"0";"0";"0";"1";"1";"20260326";"20301231";
"5075097220";"100028633";"1";"1";"1";"1";"1";"0";"0";"20260207";"20301231";
"5075097223";"100030045";"0";"0";"0";"0";"0";"1";"1";"20260326";"20301231";
"5075097224";"100030146";"0";"0";"0";"0";"0";"1";"1";"20260326";"20301231";
"5075097229";"100028870";"1";"1";"1";"1";"1";"0";"0";"20260221";"20301231";
"5075097230";"100030259";"0";"0";"0";"0";"0";"1";"1";"20260326";"20301231";
"5075097231";"100030339";"0";"0";"0";"0";"0";"1";"1";"20260326";"20301231";
"5075097232";"100030053";"0";"0";"0";"0";"0";"1";"1";"20260326";"20301231";
"5075097234";"100028549";"1";"1";"1";"1";"1";"0";"0";"20260207";"20301231";
"5075097239";"100030129";"0";"0";"0";"0";"0";"1";"1";"20260326";"20301231";
"5075097249";"100030164";"0";"0";"0";"0";"0";"1";"1";"20260326";"20301231";
"5075097251";"100031519";"0";"0";"0";"0";"0";"1";"1";"20260412";"20301231";
"5075097254";"100030278";"0";"0";"0";"0";"0";"1";"1";"20260326";"20301231";
"5075097255";"100030355";"0";"0";"0";"0";"0";"1";"1";"20260326";"20301231";
"5075097257";"100030422";"0";"0";"0";"0";"0";"1";"1";"20260326";"20301231";
"5075097260";"100030193";"0";"0";"0";"0";"0";"1";"1";"20260326";"20301231";
"5075097266";"100030419";"0";"0";"0";"0";"0";"1";"1";"20260326";"20301231";
"5075097267";"100031360";"1";"1";"1";"1";"1";"0";"0";"20260411";"20301231";
"5075097271";"100030412";"0";"0";"0";"0";"0";"1";"1";"20260326";"20301231";
"5075097272";"100030183";"0";"0";"0";"0";"0";"1";"1";"20260326";"20301231";
"5075097273";"100028557";"1";"1";"1";"1";"1";"0";"0";"20260207";"20301231";
"5075097283";"100030163";"0";"0";"0";"0";"0";"1";"1";"20260326";"20301231";
"5075097287";"100030507";"0";"0";"0";"0";"0";"1";"1";"20260327";"20301231";
"5075097290";"100030042";"0";"0";"0";"0";"0";"1";"1";"20260326";"20301231";
"5075097291";"100030349";"0";"0";"0";"0";"0";"1";"1";"20260326";"20301231";
"5075097293";"100030132";"0";"0";"0";"0";"0";"1";"1";"20260326";"20301231";
"5075097295";"100030499";"0";"0";"0";"0";"0";"1";"1";"20260327";"20301231";
"5075097297";"100029216";"1";"1";"1";"1";"1";"0";"0";"20260314";"20301231";
"5075097303";"100030086";"0";"0";"0";"0";"0";"1";"1";"20260326";"20301231";
"5075097308";"100028597";"0";"0";"0";"0";"0";"1";"1";"20260207";"20301231";
"5075097312";"100030372";"0";"0";"0";"0";"0";"1";"1";"20260326";"20301231";
"5075097316";"100030085";"0";"0";"0";"0";"0";"1";"1";"20260326";"20301231";
"5075097317";"100030253";"0";"0";"0";"0";"0";"1";"1";"20260326";"20301231";
"5075097320";"100031139";"1";"1";"1";"1";"1";"0";"0";"20260409";"20301231";
"5075097321";"100030130";"0";"0";"0";"0";"0";"1";"1";"20260326";"20301231";
"5075097322";"100030063";"0";"0";"0";"0";"0";"1";"1";"20260326";"20301231";
"5075097324";"100032504";"0";"0";"0";"0";"0";"1";"1";"20260425";"20301231";
"5075097326";"100030176";"0";"0";"0";"0";"0";"1";"1";"20260326";"20301231";
"5075097331";"100030511";"1";"1";"1";"1";"1";"0";"0";"20260327";"20301231";
"5075097337";"100031426";"0";"0";"0";"0";"0";"1";"1";"20260412";"20301231";
"5075097340";"100032760";"0";"0";"0";"0";"0";"1";"1";"20260425";"20301231";
"5075097342";"100030505";"0";"0";"0";"0";"0";"1";"1";"20260327";"20301231";
"5075097345";"100028596";"1";"1";"1";"1";"1";"0";"0";"20260207";"20301231";
"5075097346";"100031143";"1";"1";"1";"1";"1";"0";"0";"20260409";"20301231";
"5075097347";"100030079";"0";"0";"0";"0";"0";"1";"1";"20260326";"20301231";
"5075097349";"100032798";"0";"0";"0";"0";"0";"1";"1";"20260425";"20301231";
"5075097354";"100030553";"0";"0";"0";"0";"0";"1";"1";"20260328";"20301231";
"5075097357";"100028770";"0";"0";"0";"0";"0";"1";"1";"20260214";"20301231";
"5075097360";"100032414";"0";"0";"0";"0";"0";"1";"1";"20260425";"20301231";
"5075097361";"100030131";"0";"0";"0";"0";"0";"1";"1";"20260326";"20301231";
"5075097363";"100032830";"0";"0";"0";"0";"0";"1";"1";"20260425";"20301231";
"5075097365";"100032386";"1";"1";"1";"1";"1";"0";"0";"20260425";"20301231";
"5075097369";"100032513";"0";"0";"0";"0";"0";"1";"1";"20260425";"20301231";
"5075097372";"100032863";"1";"1";"1";"1";"1";"0";"0";"20260425";"20301231";
"5075097376";"100028769";"1";"1";"1";"1";"1";"0";"0";"20260214";"20301231";
"5075097377";"100030122";"0";"0";"0";"0";"0";"1";"1";"20260326";"20301231";
"5075097379";"100031155";"1";"1";"1";"1";"1";"0";"0";"20260410";"20301231";
"5075097385";"100032644";"0";"0";"0";"0";"0";"1";"1";"20260425";"20301231";
"5075097387";"100032387";"0";"0";"0";"0";"0";"1";"1";"20260425";"20301231";
"5075097389";"100029329";"1";"1";"1";"1";"1";"0";"0";"20260322";"20301231";
"5075097391";"100029050";"0";"0";"0";"0";"0";"1";"1";"20260307";"20301231";
"5075097393";"100032663";"0";"0";"0";"0";"0";"1";"1";"20260425";"20301231";
"5075097395";"100031135";"0";"0";"0";"0";"0";"1";"1";"20260409";"20301231";
"5075097397";"100030682";"0";"0";"0";"0";"0";"1";"1";"20260404";"20301231";
"5075097400";"100028661";"0";"0";"0";"0";"0";"1";"1";"20260207";"20301231";
"5075097403";"100031460";"0";"0";"0";"0";"0";"1";"1";"20260412";"20301231";
"5075097406";"100032506";"0";"0";"0";"0";"0";"1";"1";"20260425";"20301231";
"5075097407";"100029346";"1";"1";"1";"1";"1";"0";"0";"20260322";"20301231";
"5075097408";"100028575";"1";"1";"1";"1";"1";"0";"0";"20260207";"20301231";
"5075097415";"100032512";"0";"0";"0";"0";"0";"1";"1";"20260425";"20301231";
"5075097417";"100031446";"0";"0";"0";"0";"0";"1";"1";"20260412";"20301231";
"5075097421";"100032799";"0";"0";"0";"0";"0";"1";"1";"20260425";"20301231";
"5075097436";"100031132";"1";"1";"1";"1";"1";"0";"0";"20260409";"20301231";
"5075097437";"100030709";"1";"1";"1";"1";"1";"0";"0";"20260404";"20301231";
"5075097438";"100031339";"1";"1";"1";"1";"1";"0";"0";"20260411";"20301231";
"5075097440";"100032679";"0";"0";"0";"0";"0";"1";"1";"20260425";"20301231";
"5075097444";"100028579";"1";"1";"1";"1";"1";"0";"0";"20260207";"20301231";
"5075097445";"100031707";"1";"1";"1";"1";"1";"0";"0";"20260418";"20301231";
"5075097450";"100030722";"0";"0";"0";"0";"0";"1";"1";"20260404";"20301231";
"5075097453";"100031123";"1";"1";"1";"1";"1";"0";"0";"20260409";"20301231";
"5075097468";"100029029";"1";"1";"1";"1";"1";"0";"0";"20260302";"20301231";
"5075097470";"100032938";"0";"0";"0";"0";"0";"1";"1";"20260426";"20301231";
"5075097473";"100032319";"0";"0";"0";"0";"0";"1";"1";"20260421";"20301231";
"5075097475";"100031109";"1";"1";"1";"1";"1";"0";"0";"20260409";"20301231";
"5075097476";"100032914";"1";"1";"1";"1";"1";"0";"0";"20260425";"20301231";
"5075097482";"100032641";"0";"0";"0";"0";"0";"1";"1";"20260425";"20301231";
"5075097490";"100031113";"1";"1";"1";"1";"1";"0";"0";"20260409";"20301231";
"5075097491";"100032803";"0";"0";"0";"0";"0";"1";"1";"20260425";"20301231";
"5075097492";"100030683";"1";"1";"1";"1";"1";"0";"0";"20260404";"20301231";
"5075097495";"100031708";"1";"1";"1";"1";"1";"0";"0";"20260418";"20301231";
"5075097500";"100031133";"1";"1";"1";"1";"1";"0";"0";"20260409";"20301231";
"5075097506";"100032854";"0";"0";"0";"0";"0";"1";"1";"20260425";"20301231";
"5075097507";"100030689";"0";"0";"0";"0";"0";"1";"1";"20260404";"20301231";
"5075097513";"100030091";"0";"0";"0";"0";"0";"1";"1";"20260326";"20301231";
"5075097519";"100031134";"1";"1";"1";"1";"1";"0";"0";"20260409";"20301231";
"5075097523";"100030133";"0";"0";"0";"0";"0";"1";"1";"20260326";"20301231";
"5075097527";"100031409";"0";"0";"0";"0";"0";"1";"1";"20260412";"20301231";
"5075097530";"100032899";"1";"1";"1";"1";"1";"0";"0";"20260425";"20301231";
"5075097538";"100030596";"1";"1";"1";"1";"1";"0";"0";"20260328";"20301231";
"5075097539";"100029026";"1";"1";"1";"1";"1";"0";"0";"20260302";"20301231";
"5075097547";"100031106";"0";"0";"0";"0";"0";"1";"1";"20260409";"20301231";
"5075097549";"100031416";"0";"0";"0";"0";"0";"1";"1";"20260412";"20301231";
"5075097550";"100031444";"0";"0";"0";"0";"0";"1";"1";"20260412";"20301231";
"5075097555";"100031982";"0";"0";"0";"0";"0";"1";"1";"20260418";"20301231";
"5075097558";"100032642";"0";"0";"0";"0";"0";"1";"1";"20260425";"20301231";
"5075097564";"100032477";"1";"1";"1";"1";"1";"0";"0";"20260425";"20301231";
"5075097565";"100031131";"1";"1";"1";"1";"1";"0";"0";"20260409";"20301231";
"5075097570";"100032533";"0";"0";"0";"0";"0";"1";"1";"20260425";"20301231";
"5075097577";"100032444";"0";"0";"0";"0";"0";"1";"1";"20260425";"20301231";
"5075097587";"100032904";"1";"1";"1";"1";"1";"0";"0";"20260425";"20301231";
"5075097589";"100032645";"0";"0";"0";"0";"0";"1";"1";"20260425";"20301231";
"5075097592";"100032576";"0";"0";"0";"0";"0";"1";"1";"20260425";"20301231";
"5075097594";"100028754";"1";"1";"1";"1";"1";"0";"0";"20260214";"20301231";
"5075097597";"100031706";"0";"0";"0";"0";"0";"1";"1";"20260418";"20301231";
"5075097605";"100031420";"0";"0";"0";"0";"0";"1";"1";"20260412";"20301231";
"5075097610";"100031160";"1";"1";"1";"1";"1";"0";"0";"20260411";"20301231";
"5075097611";"100032733";"0";"0";"0";"0";"0";"1";"1";"20260425";"20301231";
"5075097615";"100031154";"0";"0";"0";"0";"0";"1";"1";"20260410";"20301231";
"5075097621";"100032402";"0";"0";"0";"0";"0";"1";"1";"20260425";"20301231";
"5075097622";"100032532";"0";"0";"0";"0";"0";"1";"1";"20260425";"20301231";
"5075097623";"100033387";"1";"1";"1";"1";"1";"0";"0";"20260504";"20301231";
"5075097635";"100031662";"0";"0";"0";"0";"0";"1";"1";"20260417";"20301231";
"5075097639";"100032586";"0";"0";"0";"0";"0";"1";"1";"20260425";"20301231";
"5075097643";"100031674";"1";"1";"1";"1";"1";"0";"0";"20260417";"20301231";
"5075097646";"100031099";"0";"0";"0";"0";"0";"1";"1";"20260409";"20301231";
"5075097652";"100032652";"0";"0";"0";"0";"0";"1";"1";"20260425";"20301231";
"5075097653";"100032509";"0";"0";"0";"0";"0";"1";"1";"20260425";"20301231";
"5075097660";"100032443";"1";"1";"1";"1";"1";"0";"0";"20260425";"20301231";
"5075097665";"100031675";"0";"0";"0";"0";"0";"1";"1";"20260417";"20301231";
"5075097674";"100031418";"0";"0";"0";"0";"0";"1";"1";"20260412";"20301231";
"5075097687";"100032855";"0";"0";"0";"0";"0";"1";"1";"20260425";"20301231";
"5075097689";"100033278";"0";"0";"0";"0";"0";"1";"1";"20260501";"20301231";
"5075097693";"100031161";"0";"0";"0";"0";"0";"1";"1";"20260411";"20301231";
"5075097697";"100031407";"0";"0";"0";"0";"0";"1";"1";"20260412";"20301231";
"5075097698";"100032419";"1";"1";"1";"1";"1";"0";"0";"20260425";"20301231";
"5075097702";"100032451";"0";"0";"0";"0";"0";"1";"1";"20260425";"20301231";
"5075097706";"100032001";"1";"1";"1";"1";"1";"0";"0";"20260418";"20301231";
"5075097722";"100032705";"0";"0";"0";"0";"0";"1";"1";"20260425";"20301231";
"5075097724";"100033341";"0";"0";"0";"0";"0";"1";"1";"20260502";"20301231";
"5075097733";"100030688";"1";"1";"1";"1";"1";"0";"0";"20260404";"20301231";
"5075097749";"100031456";"0";"0";"0";"0";"0";"1";"1";"20260412";"20301231";
"5075097760";"100033336";"1";"1";"1";"1";"1";"0";"0";"20260501";"20301231";
"5075097763";"100033420";"1";"1";"1";"1";"1";"0";"0";"20260504";"20301231";
"5075097766";"100033342";"1";"1";"1";"1";"1";"0";"0";"20260502";"20301231";
"5075097770";"100033280";"0";"0";"0";"0";"0";"1";"1";"20260501";"20301231";
"5075097772";"100033251";"0";"0";"0";"0";"0";"1";"1";"20260501";"20301231";
"5075097774";"100033236";"1";"1";"1";"1";"1";"0";"0";"20260501";"20301231";
"5075097778";"100032322";"0";"0";"0";"0";"0";"1";"1";"20260421";"20301231";
"5075097783";"100033249";"0";"0";"0";"0";"0";"1";"1";"20260501";"20301231";
"5075097784";"100032519";"0";"0";"0";"0";"0";"1";"1";"20260425";"20301231";
"5075097790";"100032457";"1";"1";"1";"1";"1";"0";"0";"20260425";"20301231";
"5075097792";"100032588";"0";"0";"0";"0";"0";"1";"1";"20260425";"20301231";
"5075097804";"100033268";"0";"0";"0";"0";"0";"1";"1";"20260501";"20301231";
"5075097809";"100032693";"0";"0";"0";"0";"0";"1";"1";"20260425";"20301231";
"5075097817";"100031100";"1";"1";"1";"1";"1";"0";"0";"20260409";"20301231";
"5075097832";"100031060";"1";"1";"1";"1";"1";"0";"0";"20260407";"20301231";
"5075097833";"100030731";"0";"0";"0";"0";"0";"1";"1";"20260404";"20301231";
"5075097844";"100032893";"1";"1";"1";"1";"1";"0";"0";"20260425";"20301231";
"5075097857";"100033340";"1";"1";"1";"1";"1";"0";"0";"20260502";"20301231";
"5075097862";"100032953";"0";"0";"0";"0";"0";"1";"1";"20260429";"20301231";
"5075097869";"100032456";"0";"0";"0";"0";"0";"1";"1";"20260425";"20301231";
"5075097870";"100033345";"0";"0";"0";"0";"0";"1";"1";"20260502";"20301231";
"5075097875";"100032952";"1";"1";"1";"1";"1";"0";"0";"20260429";"20301231";
"5075097877";"100033228";"1";"1";"1";"1";"1";"0";"0";"20260501";"20301231";
"5075097881";"100033252";"0";"0";"0";"0";"0";"1";"1";"20260501";"20301231";
"5075097893";"100033312";"1";"1";"1";"1";"1";"0";"0";"20260501";"20301231";
"5075097915";"100033263";"0";"0";"0";"0";"0";"1";"1";"20260501";"20301231";
"5075097917";"100033330";"1";"1";"1";"1";"1";"0";"0";"20260501";"20301231";
"5084945514";"100033772";"0";"0";"0";"0";"0";"1";"1";"20260509";"20301231";
"5084945523";"100033721";"0";"0";"0";"0";"0";"1";"1";"20260509";"20301231";
"5084945528";"100033818";"0";"0";"0";"0";"0";"1";"1";"20260509";"20301231";
"5084945531";"100033733";"0";"0";"0";"0";"0";"1";"1";"20260509";"20301231";
"5084945541";"100033771";"1";"1";"1";"1";"1";"0";"0";"20260509";"20301231";
"5084945549";"100033768";"0";"0";"0";"0";"0";"1";"1";"20260509";"20301231";
"5084945550";"100033789";"1";"1";"1";"1";"1";"0";"0";"20260509";"20301231";
"5084945558";"100033622";"1";"1";"1";"1";"1";"0";"0";"20260509";"20301231";
"5084945561";"100033628";"1";"1";"1";"1";"1";"0";"0";"20260509";"20301231";
"5084945569";"100033626";"0";"0";"0";"0";"0";"1";"1";"20260509";"20301231";
"5084945589";"100033767";"1";"1";"1";"1";"1";"0";"0";"20260509";"20301231";
"5084945604";"100034403";"0";"0";"0";"0";"0";"1";"1";"20260517";"20301231";
"5084945609";"100033837";"1";"1";"1";"1";"1";"0";"0";"20260509";"20301231";
"5084945627";"100033567";"1";"1";"1";"1";"1";"0";"0";"20260509";"20301231";
"5084945630";"100033568";"1";"1";"1";"1";"1";"0";"0";"20260509";"20301231";
"5084945637";"100033566";"0";"0";"0";"0";"0";"1";"1";"20260509";"20301231";
"5084945640";"100033675";"0";"0";"0";"0";"0";"1";"1";"20260509";"20301231";
"5084945645";"100033673";"0";"0";"0";"0";"0";"1";"1";"20260509";"20301231";
"5084945648";"100034161";"0";"0";"0";"0";"0";"1";"1";"20260515";"20301231";
"5084945650";"100033679";"1";"1";"1";"1";"1";"0";"0";"20260509";"20301231";
"5084945653";"100033651";"0";"0";"0";"0";"0";"1";"1";"20260509";"20301231";
"5084945655";"100033678";"1";"1";"1";"1";"1";"0";"0";"20260509";"20301231";
"5084945659";"100033849";"1";"1";"1";"1";"1";"0";"0";"20260509";"20301231";
"5084945680";"100034386";"0";"0";"0";"0";"0";"1";"1";"20260517";"20301231";
"5084945702";"100034146";"1";"1";"1";"1";"1";"0";"0";"20260515";"20301231";
"5084945706";"100033550";"1";"1";"1";"1";"1";"0";"0";"20260509";"20301231";
"5084945720";"100033565";"0";"0";"0";"0";"0";"1";"1";"20260509";"20301231";
"5084945724";"100033638";"1";"1";"1";"1";"1";"0";"0";"20260509";"20301231";
"5084945734";"100033621";"0";"0";"0";"0";"0";"1";"1";"20260509";"20301231";
"5084945737";"100034387";"1";"1";"1";"1";"1";"0";"0";"20260517";"20301231";
"5084945743";"100034354";"1";"1";"1";"1";"1";"0";"0";"20260516";"20301231";
"5084945754";"100033967";"1";"1";"1";"1";"1";"0";"0";"20260513";"20301231";
"5084945757";"100034384";"0";"0";"0";"0";"0";"1";"1";"20260517";"20301231";
"5084945759";"100034541";"1";"1";"1";"1";"1";"0";"0";"20260521";"20301231";
"5084945765";"100034162";"1";"1";"1";"1";"1";"0";"0";"20260515";"20301231";
"5084945798";"100034099";"1";"1";"1";"1";"1";"0";"0";"20260501";"20301231";
"5084945807";"100034160";"0";"0";"0";"0";"0";"1";"1";"20260515";"20301231";
"5084945814";"100034595";"1";"1";"1";"1";"1";"0";"0";"20260521";"20301231";
"5084945815";"100033838";"0";"0";"0";"0";"0";"1";"1";"20260509";"20301231";
"5084945816";"100034035";"1";"1";"1";"1";"1";"0";"0";"20260513";"20301231";
"5084945823";"100033990";"1";"1";"1";"1";"1";"0";"0";"20260513";"20301231";
"5084945824";"100034579";"1";"1";"1";"1";"1";"0";"0";"20260521";"20301231";
"5084945833";"100033981";"1";"1";"1";"1";"1";"0";"0";"20260513";"20301231";
"5084945835";"100034096";"0";"0";"0";"0";"0";"1";"1";"20260501";"20301231";
"5084945838";"100034462";"1";"1";"1";"1";"1";"0";"0";"20260519";"20301231";
"5084945845";"100034344";"1";"1";"1";"1";"1";"0";"0";"20260516";"20301231";
"5084945848";"100034322";"0";"0";"0";"0";"0";"1";"1";"20260516";"20301231";
"5084945849";"100034414";"0";"0";"0";"0";"0";"1";"1";"20260517";"20301231";
"5084945858";"100034575";"1";"1";"1";"1";"1";"0";"0";"20260521";"20301231";
"5084945861";"100034166";"0";"0";"0";"0";"0";"1";"1";"20260515";"20301231";
"5084945863";"100034389";"1";"1";"1";"1";"1";"0";"0";"20260517";"20301231";
"5084945877";"100034323";"0";"0";"0";"0";"0";"1";"1";"20260516";"20301231";
"5084945882";"100034576";"0";"0";"0";"0";"0";"1";"1";"20260521";"20301231";
"5084945887";"100034584";"0";"0";"0";"0";"0";"1";"1";"20260521";"20301231";
"5084945888";"100034179";"1";"1";"1";"1";"1";"0";"0";"20260515";"20301231";
"5084945900";"100034283";"0";"0";"0";"0";"0";"1";"1";"20260516";"20301231";
"5084945903";"100034600";"0";"0";"0";"0";"0";"1";"1";"20260521";"20301231";
"5084945911";"100034279";"1";"1";"1";"1";"1";"0";"0";"20260516";"20301231";
"5084945912";"100034341";"1";"1";"1";"1";"1";"0";"0";"20260516";"20301231";
"5084945918";"100034127";"0";"0";"0";"0";"0";"1";"1";"20260515";"20301231";
"5084945920";"100034583";"1";"1";"1";"1";"1";"0";"0";"20260521";"20301231";
"5084945927";"100034408";"0";"0";"0";"0";"0";"1";"1";"20260517";"20301231";
"5084945929";"100034580";"0";"0";"0";"0";"0";"1";"1";"20260521";"20301231";
"5084945930";"100034596";"0";"0";"0";"0";"0";"1";"1";"20260521";"20301231";
"5084945938";"100034588";"0";"0";"0";"0";"0";"1";"1";"20260521";"20301231";
"5084945944";"100033794";"0";"0";"0";"0";"0";"1";"1";"20260509";"20301231";
"5084945946";"100034345";"0";"0";"0";"0";"0";"1";"1";"20260516";"20301231";
"5084945950";"100034559";"0";"0";"0";"0";"0";"1";"1";"20260521";"20301231";
"5084945952";"100034560";"1";"1";"1";"1";"1";"0";"0";"20260521";"20301231";
"5084945964";"100034531";"1";"1";"1";"1";"1";"0";"0";"20260521";"20301231";
"5084945965";"100034599";"1";"1";"1";"1";"1";"0";"0";"20260521";"20301231";
"5084945969";"100034281";"0";"0";"0";"0";"0";"1";"1";"20260516";"20301231";
"5084945972";"100034532";"0";"0";"0";"0";"0";"1";"1";"20260521";"20301231";
"5084945973";"100033817";"1";"1";"1";"1";"1";"0";"0";"20260509";"20301231";
"5084945978";"100033897";"0";"0";"0";"0";"0";"1";"1";"20260512";"20301231";
"5084945991";"100033743";"1";"1";"1";"1";"1";"0";"0";"20260509";"20301231";
"5084945995";"100034119";"0";"0";"0";"0";"0";"1";"1";"20260515";"20301231";
"5084945999";"100034118";"1";"1";"1";"1";"1";"0";"0";"20260515";"20301231";
"5084946001";"100034544";"0";"0";"0";"0";"0";"1";"1";"20260521";"20301231";
"5084946007";"100033710";"0";"0";"0";"0";"0";"1";"1";"20260509";"20301231";
"5084946046";"100034568";"1";"1";"1";"1";"1";"0";"0";"20260521";"20301231";
"5084946052";"100033790";"0";"0";"0";"0";"0";"1";"1";"20260509";"20301231";
"5084946055";"100033752";"1";"1";"1";"1";"1";"0";"0";"20260509";"20301231";
"5084946085";"100033704";"0";"0";"0";"0";"0";"1";"1";"20260509";"20301231";
"5084946086";"100033698";"1";"1";"1";"1";"1";"0";"0";"20260509";"20301231";
"5084946094";"100033545";"0";"0";"0";"0";"0";"1";"1";"20260509";"20301231";
"5084946102";"100033602";"0";"0";"0";"0";"0";"1";"1";"20260509";"20301231";
"5084946109";"100033592";"0";"0";"0";"0";"0";"1";"1";"20260509";"20301231";
"5084946112";"100033656";"1";"1";"1";"1";"1";"0";"0";"20260509";"20301231";
"5084946118";"100033701";"0";"0";"0";"0";"0";"1";"1";"20260509";"20301231";
"5084946132";"100033637";"0";"0";"0";"0";"0";"1";"1";"20260509";"20301231";
"5084946137";"100034278";"1";"1";"1";"1";"1";"0";"0";"20260516";"20301231";
"5084946142";"100034124";"1";"1";"1";"1";"1";"0";"0";"20260515";"20301231";
"5084946148";"100034325";"0";"0";"0";"0";"0";"1";"1";"20260516";"20301231";
"5084946155";"100034464";"0";"0";"0";"0";"0";"1";"1";"20260519";"20301231";
"5084946159";"100034335";"1";"1";"1";"1";"1";"0";"0";"20260516";"20301231";
"5084946176";"100034468";"1";"1";"1";"1";"1";"0";"0";"20260518";"20301231";
"5084946181";"100034001";"1";"1";"1";"1";"1";"0";"0";"20260513";"20301231";
"5084946188";"100034540";"1";"1";"1";"1";"1";"0";"0";"20260521";"20301231";
"5084946214";"100034587";"1";"1";"1";"1";"1";"0";"0";"20260521";"20301231";
"5084946218";"100034072";"1";"1";"1";"1";"1";"0";"0";"20260514";"20301231";
"5084946222";"100034292";"1";"1";"1";"1";"1";"0";"0";"20260516";"20301231";
"5084946224";"100034567";"0";"0";"0";"0";"0";"1";"1";"20260521";"20301231";
"5084946225";"100034563";"0";"0";"0";"0";"0";"1";"1";"20260521";"20301231";
"5084946226";"100034564";"1";"1";"1";"1";"1";"0";"0";"20260521";"20301231";
"5084946232";"100034170";"0";"0";"0";"0";"0";"1";"1";"20260515";"20301231";
"5084946236";"100034526";"1";"1";"1";"1";"1";"0";"0";"20260520";"20301231";
"5084946237";"100034330";"1";"1";"1";"1";"1";"0";"0";"20260516";"20301231";
"5084946239";"100034543";"0";"0";"0";"0";"0";"1";"1";"20260521";"20301231";
"5089293204";"100035010";"0";"0";"0";"0";"0";"1";"1";"20260530";"20301231";
"5089293211";"100035332";"0";"0";"0";"0";"0";"1";"1";"20260601";"20301231";
"5089293214";"100035367";"1";"1";"1";"1";"1";"0";"0";"20260602";"20301231";
"5089293218";"100035465";"1";"1";"1";"1";"1";"0";"0";"20260604";"20301231";
"5089293227";"100035550";"1";"1";"1";"1";"1";"0";"0";"20260605";"20301231";
"5089293229";"100035184";"1";"1";"1";"1";"1";"0";"0";"20260601";"20301231";
"5089293230";"100034661";"1";"1";"1";"1";"1";"0";"0";"20260523";"20301231";
"5089293234";"100035348";"0";"0";"0";"0";"0";"1";"1";"20260601";"20301231";
"5089293240";"100035533";"1";"1";"1";"1";"1";"0";"0";"20260605";"20301231";
"5089293242";"100035072";"0";"0";"0";"0";"0";"1";"1";"20260530";"20301231";
"5089293243";"100035213";"1";"1";"1";"1";"1";"0";"0";"20260601";"20301231";
"5089293244";"100035153";"0";"0";"0";"0";"0";"1";"1";"20260601";"20301231";
"5089293245";"100035179";"0";"0";"0";"0";"0";"1";"1";"20260601";"20301231";
"5089293247";"100035398";"1";"1";"1";"1";"1";"0";"0";"20260603";"20301231";
"5089293250";"100034624";"1";"1";"1";"1";"1";"0";"0";"20260523";"20301231";
"5089293251";"100034655";"1";"1";"1";"1";"1";"0";"0";"20260523";"20301231";
"5089293252";"100035540";"0";"0";"0";"0";"0";"1";"1";"20260605";"20301231";
"5089293253";"100035183";"1";"1";"1";"1";"1";"0";"0";"20260601";"20301231";
"5089293254";"100035106";"0";"0";"0";"0";"0";"1";"1";"20260530";"20301231";
"5089293256";"100035289";"1";"1";"1";"1";"1";"0";"0";"20260601";"20301231";
"5089293261";"100034769";"0";"0";"0";"0";"0";"1";"1";"20260523";"20301231";
"5089293268";"100035331";"1";"1";"1";"1";"1";"0";"0";"20260601";"20301231";
"5089293270";"100035070";"1";"1";"1";"1";"1";"0";"0";"20260530";"20301231";
"5089293272";"100035418";"1";"1";"1";"1";"1";"0";"0";"20260603";"20301231";
"5089293273";"100035519";"0";"0";"0";"0";"0";"1";"1";"20260604";"20301231";
"5089293276";"100035576";"1";"1";"1";"1";"1";"0";"0";"20260605";"20301231";
"5089293277";"100035051";"1";"1";"1";"1";"1";"0";"0";"20260530";"20301231";
"5089293278";"100034760";"0";"0";"0";"0";"0";"1";"1";"20260523";"20301231";
"5089293280";"100034809";"1";"1";"1";"1";"1";"0";"0";"20260523";"20301231";
"5089293283";"100034789";"1";"1";"1";"1";"1";"0";"0";"20260523";"20301231";
"5089293285";"100035547";"0";"0";"0";"0";"0";"1";"1";"20260605";"20301231";
"5089293287";"100035099";"1";"1";"1";"1";"1";"0";"0";"20260530";"20301231";
"5089293288";"100035059";"1";"1";"1";"1";"1";"0";"0";"20260530";"20301231";
"5089293289";"100035324";"0";"0";"0";"0";"0";"1";"1";"20260601";"20301231";
"5089293290";"100034770";"0";"0";"0";"0";"0";"1";"1";"20260523";"20301231";
"5089293291";"100035147";"0";"0";"0";"0";"0";"1";"1";"20260601";"20301231";
"5089293294";"100034838";"0";"0";"0";"0";"0";"1";"1";"20260523";"20301231";
"5089293297";"100034643";"1";"1";"1";"1";"1";"0";"0";"20260523";"20301231";
"5089293298";"100035397";"1";"1";"1";"1";"1";"0";"0";"20260603";"20301231";
"5089293299";"100034743";"0";"0";"0";"0";"0";"1";"1";"20260523";"20301231";
"5089293300";"100035279";"1";"1";"1";"1";"1";"0";"0";"20260601";"20301231";
"5089293303";"100035103";"0";"0";"0";"0";"0";"1";"1";"20260530";"20301231";
"5089293305";"100035049";"1";"1";"1";"1";"1";"0";"0";"20260530";"20301231";
"5089293307";"100034644";"0";"0";"0";"0";"0";"1";"1";"20260523";"20301231";
"5089293308";"100034919";"1";"1";"1";"1";"1";"0";"0";"20260527";"20301231";
"5089293309";"100034761";"0";"0";"0";"0";"0";"1";"1";"20260523";"20301231";
"5089293310";"100035141";"1";"1";"1";"1";"1";"0";"0";"20260531";"20301231";
"5089293312";"100034759";"0";"0";"0";"0";"0";"1";"1";"20260523";"20301231";
"5089293314";"100035539";"0";"0";"0";"0";"0";"1";"1";"20260605";"20301231";
"5089293317";"100035186";"1";"1";"1";"1";"1";"0";"0";"20260601";"20301231";
"5089293318";"100035510";"0";"0";"0";"0";"0";"1";"1";"20260604";"20301231";
"5089293322";"100035026";"0";"0";"0";"0";"0";"1";"1";"20260530";"20301231";
"5089293323";"100035181";"0";"0";"0";"0";"0";"1";"1";"20260601";"20301231";
"5089293325";"100035182";"1";"1";"1";"1";"1";"0";"0";"20260601";"20301231";
"5089293326";"100035053";"1";"1";"1";"1";"1";"0";"0";"20260530";"20301231";
"5089293329";"100035021";"1";"1";"1";"1";"1";"0";"0";"20260530";"20301231";
"5089293331";"100035270";"1";"1";"1";"1";"1";"0";"0";"20260601";"20301231";
"5089293333";"100035022";"0";"0";"0";"0";"0";"1";"1";"20260530";"20301231";
"5089293336";"100034913";"0";"0";"0";"0";"0";"1";"1";"20260527";"20301231";
"5089293340";"100035531";"1";"1";"1";"1";"1";"0";"0";"20260605";"20301231";
"5089293343";"100035376";"1";"1";"1";"1";"1";"0";"0";"20260602";"20301231";
"5089293344";"100034650";"0";"0";"0";"0";"0";"1";"1";"20260523";"20301231";
"5089293348";"100034812";"1";"1";"1";"1";"1";"0";"0";"20260523";"20301231";
"5089293353";"100035434";"1";"1";"1";"1";"1";"0";"0";"20260603";"20301231";
"5089293354";"100034764";"0";"0";"0";"0";"0";"1";"1";"20260523";"20301231";
"5089293355";"100035177";"0";"0";"0";"0";"0";"1";"1";"20260601";"20301231";
"5089293356";"100034749";"1";"1";"1";"1";"1";"0";"0";"20260523";"20301231";
"5089293357";"100035073";"0";"0";"0";"0";"0";"1";"1";"20260530";"20301231";
"5089293361";"100034834";"0";"0";"0";"0";"0";"1";"1";"20260523";"20301231";
"5089293365";"100034645";"0";"0";"0";"0";"0";"1";"1";"20260523";"20301231";
"5089293366";"100034766";"0";"0";"0";"0";"0";"1";"1";"20260523";"20301231";
"5089293374";"100035095";"1";"1";"1";"1";"1";"0";"0";"20260530";"20301231";
"5089293377";"100035347";"1";"1";"1";"1";"1";"0";"0";"20260601";"20301231";
"5089293379";"100034657";"0";"0";"0";"0";"0";"1";"1";"20260523";"20301231";
"5089293380";"100035351";"1";"1";"1";"1";"1";"0";"0";"20260601";"20301231";
"5089293383";"100035006";"1";"1";"1";"1";"1";"0";"0";"20260530";"20301231";
"5089293385";"100035447";"1";"1";"1";"1";"1";"0";"0";"20260603";"20301231";
"5089293389";"100034757";"0";"0";"0";"0";"0";"1";"1";"20260523";"20301231";
"5089293390";"100034844";"1";"1";"1";"1";"1";"0";"0";"20260523";"20301231";
"5089293391";"100035008";"0";"0";"0";"0";"0";"1";"1";"20260530";"20301231";
"5089293395";"100034649";"1";"1";"1";"1";"1";"0";"0";"20260523";"20301231";
"5089293397";"100035416";"1";"1";"1";"1";"1";"0";"0";"20260603";"20301231";
"5089293399";"100034853";"0";"0";"0";"0";"0";"1";"1";"20260524";"20301231";
"5089293401";"100035404";"1";"1";"1";"1";"1";"0";"0";"20260603";"20301231";
"5089293403";"100035307";"1";"1";"1";"1";"1";"0";"0";"20260601";"20301231";
"5089293405";"100035958";"0";"0";"0";"0";"0";"1";"1";"20260612";"20301231";
"5089293408";"100034771";"0";"0";"0";"0";"0";"1";"1";"20260523";"20301231";
"5089293410";"100034833";"1";"1";"1";"1";"1";"0";"0";"20260523";"20301231";
"5089293413";"100035423";"0";"0";"0";"0";"0";"1";"1";"20260603";"20301231";
"5089293416";"100035964";"0";"0";"0";"0";"0";"1";"1";"20260612";"20301231";
"5089293418";"100035406";"1";"1";"1";"1";"1";"0";"0";"20260603";"20301231";
"5089293422";"100035436";"1";"1";"1";"1";"1";"0";"0";"20260603";"20301231";
"5089293426";"100034837";"1";"1";"1";"1";"1";"0";"0";"20260523";"20301231";
"5089293428";"100034782";"1";"1";"1";"1";"1";"0";"0";"20260523";"20301231";
"5089293429";"100035532";"0";"0";"0";"0";"0";"1";"1";"20260605";"20301231";
"5089293434";"100035464";"0";"0";"0";"0";"0";"1";"1";"20260604";"20301231";
"5089293437";"100035100";"0";"0";"0";"0";"0";"1";"1";"20260530";"20301231";
"5089293443";"100035248";"1";"1";"1";"1";"1";"0";"0";"20260601";"20301231";
"5089293446";"100035432";"1";"1";"1";"1";"1";"0";"0";"20260603";"20301231";
"5089293447";"100035178";"0";"0";"0";"0";"0";"1";"1";"20260601";"20301231";
"5089293448";"100034768";"0";"0";"0";"0";"0";"1";"1";"20260523";"20301231";
"5089293449";"100035514";"1";"1";"1";"1";"1";"0";"0";"20260604";"20301231";
"5089293450";"100035107";"1";"1";"1";"1";"1";"0";"0";"20260530";"20301231";
"5089293456";"100035154";"1";"1";"1";"1";"1";"0";"0";"20260601";"20301231";
"5089293457";"100035102";"0";"0";"0";"0";"0";"1";"1";"20260530";"20301231";
"5089293459";"100035230";"1";"1";"1";"1";"1";"0";"0";"20260601";"20301231";
"5089293463";"100034772";"1";"1";"1";"1";"1";"0";"0";"20260523";"20301231";
"5089293464";"100035050";"0";"0";"0";"0";"0";"1";"1";"20260530";"20301231";
"5089293467";"100035041";"0";"0";"0";"0";"0";"1";"1";"20260530";"20301231";
"5089293471";"100035343";"1";"1";"1";"1";"1";"0";"0";"20260601";"20301231";
"5089293473";"100035139";"1";"1";"1";"1";"1";"0";"0";"20260531";"20301231";
"5089293476";"100035785";"1";"1";"1";"1";"1";"0";"0";"20260610";"20301231";
"5089293478";"100035067";"0";"0";"0";"0";"0";"1";"1";"20260530";"20301231";
"5089293481";"100034792";"1";"1";"1";"1";"1";"0";"0";"20260523";"20301231";
"5089293483";"100035410";"0";"0";"0";"0";"0";"1";"1";"20260603";"20301231";
"5089293485";"100036085";"1";"1";"1";"1";"1";"0";"0";"20260615";"20301231";
"5089293487";"100035036";"0";"0";"0";"0";"0";"1";"1";"20260530";"20301231";
"5089293488";"100035442";"1";"1";"1";"1";"1";"0";"0";"20260603";"20301231";
"5089293490";"100035063";"0";"0";"0";"0";"0";"1";"1";"20260530";"20301231";
"5089293491";"100035225";"1";"1";"1";"1";"1";"0";"0";"20260601";"20301231";
"5089293492";"100034851";"1";"1";"1";"1";"1";"0";"0";"20260523";"20301231";
"5089293493";"100034841";"1";"1";"1";"1";"1";"0";"0";"20260523";"20301231";
"5089293495";"100035352";"0";"0";"0";"0";"0";"1";"1";"20260601";"20301231";
"5089293496";"100035444";"1";"1";"1";"1";"1";"0";"0";"20260603";"20301231";
"5089293497";"100035941";"0";"0";"0";"0";"0";"1";"1";"20260612";"20301231";
"5089293498";"100035223";"0";"0";"0";"0";"0";"1";"1";"20260601";"20301231";
"5089293499";"100035457";"1";"1";"1";"1";"1";"0";"0";"20260603";"20301231";
"5089293500";"100035538";"0";"0";"0";"0";"0";"1";"1";"20260605";"20301231";
"5089293502";"100035327";"1";"1";"1";"1";"1";"0";"0";"20260601";"20301231";
"5089293503";"100035038";"0";"0";"0";"0";"0";"1";"1";"20260530";"20301231";
"5089293504";"100035740";"1";"1";"1";"1";"1";"0";"0";"20260608";"20301231";
"5089293505";"100035414";"0";"0";"0";"0";"0";"1";"1";"20260603";"20301231";
"5089293506";"100034801";"1";"1";"1";"1";"1";"0";"0";"20260523";"20301231";
"5089293510";"100035096";"0";"0";"0";"0";"0";"1";"1";"20260530";"20301231";
"5089293512";"100035323";"1";"1";"1";"1";"1";"0";"0";"20260601";"20301231";
"5089293513";"100034662";"0";"0";"0";"0";"0";"1";"1";"20260523";"20301231";
"5089293514";"100034795";"1";"1";"1";"1";"1";"0";"0";"20260523";"20301231";
"5089293515";"100035385";"1";"1";"1";"1";"1";"0";"0";"20260602";"20301231";
"5089293516";"100035511";"0";"0";"0";"0";"0";"1";"1";"20260604";"20301231";
"5089293522";"100034998";"1";"1";"1";"1";"1";"0";"0";"20260530";"20301231";
"5089293527";"100035564";"1";"1";"1";"1";"1";"0";"0";"20260605";"20301231";
"5089293529";"100035293";"1";"1";"1";"1";"1";"0";"0";"20260601";"20301231";
"5089293530";"100035605";"0";"0";"0";"0";"0";"1";"1";"20260606";"20301231";
"5089293531";"100035308";"0";"0";"0";"0";"0";"1";"1";"20260601";"20301231";
"5089293536";"100035959";"0";"0";"0";"0";"0";"1";"1";"20260612";"20301231";
"5089293537";"100035344";"0";"0";"0";"0";"0";"1";"1";"20260601";"20301231";
"5089293539";"100035014";"1";"1";"1";"1";"1";"0";"0";"20260530";"20301231";
"5089293541";"100034735";"0";"0";"0";"0";"0";"1";"1";"20260523";"20301231";
"5089293542";"100034902";"1";"1";"1";"1";"1";"0";"0";"20260525";"20301231";
"5089293546";"100034921";"1";"1";"1";"1";"1";"0";"0";"20260527";"20301231";
"5089293547";"100034721";"0";"0";"0";"0";"0";"1";"1";"20260523";"20301231";
"5089293548";"100034741";"0";"0";"0";"0";"0";"1";"1";"20260523";"20301231";
"5089293549";"100035079";"1";"1";"1";"1";"1";"0";"0";"20260530";"20301231";
"5089293550";"100034915";"1";"1";"1";"1";"1";"0";"0";"20260527";"20301231";
"5089293551";"100035463";"1";"1";"1";"1";"1";"0";"0";"20260603";"20301231";
"5089293554";"100034992";"0";"0";"0";"0";"0";"1";"1";"20260530";"20301231";
"5089293556";"100035548";"0";"0";"0";"0";"0";"1";"1";"20260605";"20301231";
"5089293557";"100035536";"0";"0";"0";"0";"0";"1";"1";"20260605";"20301231";
"5089293559";"100035546";"0";"0";"0";"0";"0";"1";"1";"20260605";"20301231";
"5089293563";"100035365";"0";"0";"0";"0";"0";"1";"1";"20260602";"20301231";
"5089293565";"100035633";"0";"0";"0";"0";"0";"1";"1";"20260606";"20301231";
"5089293567";"100035412";"0";"0";"0";"0";"0";"1";"1";"20260603";"20301231";
"5089293569";"100034717";"0";"0";"0";"0";"0";"1";"1";"20260523";"20301231";
"5089293572";"100035559";"1";"1";"1";"1";"1";"0";"0";"20260605";"20301231";
"5089293574";"100035604";"0";"0";"0";"0";"0";"1";"1";"20260606";"20301231";
"5089293575";"100034930";"0";"0";"0";"0";"0";"1";"1";"20260528";"20301231";
"5089293577";"100035545";"0";"0";"0";"0";"0";"1";"1";"20260605";"20301231";
"5089293578";"100035984";"0";"0";"0";"0";"0";"1";"1";"20260612";"20301231";
"5089293580";"100034899";"0";"0";"0";"0";"0";"1";"1";"20260525";"20301231";
"5089293584";"100035518";"1";"1";"1";"1";"1";"0";"0";"20260604";"20301231";
"5089293586";"100035522";"0";"0";"0";"0";"0";"1";"1";"20260605";"20301231";
"5089293589";"100035328";"0";"0";"0";"0";"0";"1";"1";"20260601";"20301231";
"5089293591";"100035569";"1";"1";"1";"1";"1";"0";"0";"20260605";"20301231";
"5089293593";"100035068";"0";"0";"0";"0";"0";"1";"1";"20260530";"20301231";
"5089293596";"100034720";"0";"0";"0";"0";"0";"1";"1";"20260523";"20301231";
"5089293597";"100035316";"0";"0";"0";"0";"0";"1";"1";"20260601";"20301231";
"5089293603";"100035555";"1";"1";"1";"1";"1";"0";"0";"20260605";"20301231";
"5089293604";"100034796";"0";"0";"0";"0";"0";"1";"1";"20260523";"20301231";
"5089293607";"100035553";"1";"1";"1";"1";"1";"0";"0";"20260605";"20301231";
"5089293610";"100035366";"0";"0";"0";"0";"0";"1";"1";"20260602";"20301231";
"5089293611";"100035549";"0";"0";"0";"0";"0";"1";"1";"20260605";"20301231";
"5089293613";"100034999";"0";"0";"0";"0";"0";"1";"1";"20260530";"20301231";
"5089293616";"100034805";"0";"0";"0";"0";"0";"1";"1";"20260523";"20301231";
"5089293620";"100035459";"1";"1";"1";"1";"1";"0";"0";"20260603";"20301231";
"5089293622";"100034752";"0";"0";"0";"0";"0";"1";"1";"20260523";"20301231";
"5089293624";"100034713";"1";"1";"1";"1";"1";"0";"0";"20260523";"20301231";
"5089293625";"100035719";"1";"1";"1";"1";"1";"0";"0";"20260608";"20301231";
"5089293631";"100035449";"1";"1";"1";"1";"1";"0";"0";"20260603";"20301231";
"5089293632";"100034671";"1";"1";"1";"1";"1";"0";"0";"20260523";"20301231";
"5089293635";"100035424";"1";"1";"1";"1";"1";"0";"0";"20260603";"20301231";
"5089293636";"100035923";"0";"0";"0";"0";"0";"1";"1";"20260612";"20301231";
"5089293637";"100035082";"1";"1";"1";"1";"1";"0";"0";"20260530";"20301231";
"5089293639";"100036092";"1";"1";"1";"1";"1";"0";"0";"20260615";"20301231";
"5089293640";"100035668";"0";"0";"0";"0";"0";"1";"1";"20260606";"20301231";
"5089293643";"100035676";"0";"0";"0";"0";"0";"1";"1";"20260606";"20301231";
"5089293644";"100036107";"1";"1";"1";"1";"1";"0";"0";"20260615";"20301231";
"5089293645";"100036071";"0";"0";"0";"0";"0";"1";"1";"20260613";"20301231";
"5089293647";"100034738";"0";"0";"0";"0";"0";"1";"1";"20260523";"20301231";
"5089293648";"100035572";"1";"1";"1";"1";"1";"0";"0";"20260605";"20301231";
"5089293651";"100035296";"1";"1";"1";"1";"1";"0";"0";"20260601";"20301231";
"5089293652";"100035315";"1";"1";"1";"1";"1";"0";"0";"20260601";"20301231";
"5089293653";"100034929";"1";"1";"1";"1";"1";"0";"0";"20260528";"20301231";
"5089293654";"100034718";"0";"0";"0";"0";"0";"1";"1";"20260523";"20301231";
"5089293655";"100034727";"1";"1";"1";"1";"1";"0";"0";"20260523";"20301231";
"5089293656";"100035776";"1";"1";"1";"1";"1";"0";"0";"20260609";"20301231";
"5089293657";"100035060";"0";"0";"0";"0";"0";"1";"1";"20260530";"20301231";
"5089293659";"100035567";"1";"1";"1";"1";"1";"0";"0";"20260605";"20301231";
"5089293663";"100034932";"0";"0";"0";"0";"0";"1";"1";"20260517";"20301231";
"5089293667";"100034898";"1";"1";"1";"1";"1";"0";"0";"20260525";"20301231";
"5089293669";"100035944";"0";"0";"0";"0";"0";"1";"1";"20260612";"20301231";
"5089293670";"100034849";"1";"1";"1";"1";"1";"0";"0";"20260523";"20301231";
"5089293671";"100034672";"0";"0";"0";"0";"0";"1";"1";"20260523";"20301231";
"5089293672";"100035455";"1";"1";"1";"1";"1";"0";"0";"20260603";"20301231";
"5089293673";"100035865";"1";"1";"1";"1";"1";"0";"0";"20260610";"20301231";
"5089293674";"100036053";"1";"1";"1";"1";"1";"0";"0";"20260613";"20301231";
"5089293677";"100035523";"1";"1";"1";"1";"1";"0";"0";"20260605";"20301231";
"5089293678";"100035509";"1";"1";"1";"1";"1";"0";"0";"20260604";"20301231";
"5089293679";"100035834";"1";"1";"1";"1";"1";"0";"0";"20260610";"20301231";
"5089293681";"100035598";"0";"0";"0";"0";"0";"1";"1";"20260606";"20301231";
"5089293687";"100034704";"0";"0";"0";"0";"0";"1";"1";"20260523";"20301231";
"5089293688";"100036112";"1";"1";"1";"1";"1";"0";"0";"20260615";"20301231";
"5089293689";"100034737";"1";"1";"1";"1";"1";"0";"0";"20260523";"20301231";
"5089293693";"100035936";"0";"0";"0";"0";"0";"1";"1";"20260612";"20301231";
"5089293695";"100034904";"1";"1";"1";"1";"1";"0";"0";"20260525";"20301231";
"5089293697";"100034891";"1";"1";"1";"1";"1";"0";"0";"20260525";"20301231";
"5089293698";"100034710";"1";"1";"1";"1";"1";"0";"0";"20260523";"20301231";
"5089293700";"100034705";"1";"1";"1";"1";"1";"0";"0";"20260523";"20301231";
"5089293702";"100035557";"1";"1";"1";"1";"1";"0";"0";"20260605";"20301231";
"5089293704";"100034885";"1";"1";"1";"1";"1";"0";"0";"20260525";"20301231";
"5089293705";"100035304";"1";"1";"1";"1";"1";"0";"0";"20260601";"20301231";
"5089293707";"100035817";"1";"1";"1";"1";"1";"0";"0";"20260610";"20301231";
"5089293708";"100035794";"1";"1";"1";"1";"1";"0";"0";"20260610";"20301231";
"5089293709";"100035698";"1";"1";"1";"1";"1";"0";"0";"20260606";"20301231";
"5089293711";"100035935";"0";"0";"0";"0";"0";"1";"1";"20260612";"20301231";
"5089293719";"100035914";"0";"0";"0";"0";"0";"1";"1";"20260612";"20301231";
"5089293726";"100035945";"0";"0";"0";"0";"0";"1";"1";"20260612";"20301231";
"5089293727";"100036078";"1";"1";"1";"1";"1";"0";"0";"20260615";"20301231";
"5089293729";"100035979";"0";"0";"0";"0";"0";"1";"1";"20260612";"20301231";
"5089293733";"100035939";"0";"0";"0";"0";"0";"1";"1";"20260612";"20301231";
"5089293736";"100035922";"0";"0";"0";"0";"0";"1";"1";"20260612";"20301231";
"5089293737";"100035642";"0";"0";"0";"0";"0";"1";"1";"20260606";"20301231";
"5089293738";"100035966";"0";"0";"0";"0";"0";"1";"1";"20260612";"20301231";
"5089293742";"100035968";"0";"0";"0";"0";"0";"1";"1";"20260612";"20301231";
"5089293745";"100035926";"0";"0";"0";"0";"0";"1";"1";"20260612";"20301231";
"5089293747";"100035963";"0";"0";"0";"0";"0";"1";"1";"20260612";"20301231";
"5089293764";"100036024";"1";"1";"1";"1";"1";"0";"0";"20260613";"20301231";
"5089293767";"100035744";"1";"1";"1";"1";"1";"0";"0";"20260609";"20301231";
"5089293768";"100035761";"1";"1";"1";"1";"1";"0";"0";"20260609";"20301231";
"5089293769";"100035644";"0";"0";"0";"0";"0";"1";"1";"20260606";"20301231";
"5089293770";"100035630";"0";"0";"0";"0";"0";"1";"1";"20260606";"20301231";
"5089293771";"100036020";"0";"0";"0";"0";"0";"1";"1";"20260613";"20301231";
"5089293780";"100035851";"1";"1";"1";"1";"1";"0";"0";"20260610";"20301231";
"5089293781";"100035685";"0";"0";"0";"0";"0";"1";"1";"20260606";"20301231";
"5089293783";"100035980";"0";"0";"0";"0";"0";"1";"1";"20260612";"20301231";
"5089293784";"100035981";"0";"0";"0";"0";"0";"1";"1";"20260612";"20301231";
"5089293786";"100035704";"1";"1";"1";"1";"1";"0";"0";"20260606";"20301231";
"5089293787";"100036103";"0";"0";"0";"0";"0";"1";"1";"20260615";"20301231";
"5089293788";"100035938";"0";"0";"0";"0";"0";"1";"1";"20260612";"20301231";
"5089293791";"100035867";"1";"1";"1";"1";"1";"0";"0";"20260610";"20301231";
"5089293797";"100035982";"0";"0";"0";"0";"0";"1";"1";"20260612";"20301231";
"5089293798";"100036051";"0";"0";"0";"0";"0";"1";"1";"20260613";"20301231";
"5089293808";"100035903";"0";"0";"0";"0";"0";"1";"1";"20260612";"20301231";
"5089293809";"100035930";"0";"0";"0";"0";"0";"1";"1";"20260612";"20301231";
"5089293811";"100035857";"1";"1";"1";"1";"1";"0";"0";"20260610";"20301231";
"5089293813";"100035967";"0";"0";"0";"0";"0";"1";"1";"20260612";"20301231";
"5089293815";"100035697";"0";"0";"0";"0";"0";"1";"1";"20260606";"20301231";
"5089293822";"100036089";"1";"1";"1";"1";"1";"0";"0";"20260615";"20301231";
"5089293825";"100036067";"0";"0";"0";"0";"0";"1";"1";"20260613";"20301231";
"5089293828";"100035735";"1";"1";"1";"1";"1";"0";"0";"20260608";"20301231";
"5089293829";"100035677";"0";"0";"0";"0";"0";"1";"1";"20260606";"20301231";
"5089293830";"100035969";"0";"0";"0";"0";"0";"1";"1";"20260612";"20301231";
"5089293846";"100035723";"1";"1";"1";"1";"1";"0";"0";"20260608";"20301231";
"5089293848";"100035747";"1";"1";"1";"1";"1";"0";"0";"20260609";"20301231";
"5089293850";"100036044";"0";"0";"0";"0";"0";"1";"1";"20260613";"20301231";
"5089293851";"100035689";"0";"0";"0";"0";"0";"1";"1";"20260606";"20301231";
"5089293854";"100035847";"1";"1";"1";"1";"1";"0";"0";"20260610";"20301231";
"5089293855";"100035791";"1";"1";"1";"1";"1";"0";"0";"20260610";"20301231";
"5089293858";"100035622";"1";"1";"1";"1";"1";"0";"0";"20260601";"20301231";
"5089293860";"100035766";"1";"1";"1";"1";"1";"0";"0";"20260609";"20301231";
"5089293868";"100036036";"1";"1";"1";"1";"1";"0";"0";"20260613";"20301231";
"5089293870";"100035621";"0";"0";"0";"0";"0";"1";"1";"20260606";"20301231";
"5089293875";"100035940";"0";"0";"0";"0";"0";"1";"1";"20260612";"20301231";
"5089293876";"100035632";"0";"0";"0";"0";"0";"1";"1";"20260606";"20301231";
"5089293879";"100035943";"0";"0";"0";"0";"0";"1";"1";"20260612";"20301231";
"5089293882";"100035976";"0";"0";"0";"0";"0";"1";"1";"20260612";"20301231";
"5089293884";"100035904";"0";"0";"0";"0";"0";"1";"1";"20260612";"20301231";
"5089293888";"100035825";"1";"1";"1";"1";"1";"0";"0";"20260610";"20301231";
"5089293891";"100035942";"0";"0";"0";"0";"0";"1";"1";"20260612";"20301231";
"5089293894";"100036061";"1";"1";"1";"1";"1";"0";"0";"20260613";"20301231";
"5089293897";"100035973";"0";"0";"0";"0";"0";"1";"1";"20260612";"20301231";
"5089293899";"100035696";"0";"0";"0";"0";"0";"1";"1";"20260606";"20301231";
"5089293904";"100035978";"0";"0";"0";"0";"0";"1";"1";"20260612";"20301231";
"5089293908";"100035770";"1";"1";"1";"1";"1";"0";"0";"20260609";"20301231";
"5089293910";"100036066";"1";"1";"1";"1";"1";"0";"0";"20260613";"20301231";
"5089293912";"100036081";"0";"0";"0";"0";"0";"1";"1";"20260615";"20301231";
"5089293913";"100035674";"0";"0";"0";"0";"0";"1";"1";"20260606";"20301231";
"5089293920";"100036040";"1";"1";"1";"1";"1";"0";"0";"20260613";"20301231";
"5089293921";"100035928";"0";"0";"0";"0";"0";"1";"1";"20260612";"20301231";
"5089293922";"100035664";"1";"1";"1";"1";"1";"0";"0";"20260606";"20301231";
"5089293923";"100035869";"1";"1";"1";"1";"1";"0";"0";"20260610";"20301231";
"5089293924";"100035764";"1";"1";"1";"1";"1";"0";"0";"20260609";"20301231";
"5089293926";"100035731";"1";"1";"1";"1";"1";"0";"0";"20260608";"20301231";
"5089293927";"100035608";"0";"0";"0";"0";"0";"1";"1";"20260606";"20301231";
"5089293930";"100036013";"0";"0";"0";"0";"0";"1";"1";"20260613";"20301231";
"5089293932";"100035915";"0";"0";"0";"0";"0";"1";"1";"20260612";"20301231";
"5089293933";"100036035";"0";"0";"0";"0";"0";"1";"1";"20260613";"20301231";
"5089293935";"100035679";"0";"0";"0";"0";"0";"1";"1";"20260606";"20301231";
"5089293937";"100036106";"1";"1";"1";"1";"1";"0";"0";"20260615";"20301231";
"5089293941";"100035863";"1";"1";"1";"1";"1";"0";"0";"20260610";"20301231";
"5089293943";"100035755";"1";"1";"1";"1";"1";"0";"0";"20260609";"20301231";
"5089293946";"100036058";"0";"0";"0";"0";"0";"1";"1";"20260613";"20301231";
"5089293952";"100035695";"0";"0";"0";"0";"0";"1";"1";"20260606";"20301231";
"5089293953";"100035921";"0";"0";"0";"0";"0";"1";"1";"20260612";"20301231";
"5089293956";"100035837";"1";"1";"1";"1";"1";"0";"0";"20260610";"20301231";
"5089293961";"100035975";"0";"0";"0";"0";"0";"1";"1";"20260612";"20301231";
"5089293962";"100036012";"1";"1";"1";"1";"1";"0";"0";"20260613";"20301231";
"5089293963";"100035908";"0";"0";"0";"0";"0";"1";"1";"20260612";"20301231";
"5089293965";"100035840";"1";"1";"1";"1";"1";"0";"0";"20260610";"20301231";
"5089293968";"100035658";"0";"0";"0";"0";"0";"1";"1";"20260606";"20301231";
"5089293973";"100035716";"1";"1";"1";"1";"1";"0";"0";"20260608";"20301231";
"5089293974";"100035768";"1";"1";"1";"1";"1";"0";"0";"20260609";"20301231";
"5089293975";"100035686";"0";"0";"0";"0";"0";"1";"1";"20260606";"20301231";
"5089293979";"100035753";"1";"1";"1";"1";"1";"0";"0";"20260609";"20301231";
"5089293982";"100035917";"0";"0";"0";"0";"0";"1";"1";"20260612";"20301231";
"5089293987";"100036043";"0";"0";"0";"0";"0";"1";"1";"20260613";"20301231";
"5089293989";"100036048";"1";"1";"1";"1";"1";"0";"0";"20260613";"20301231";
"5089293993";"100035810";"1";"1";"1";"1";"1";"0";"0";"20260610";"20301231";
"5089293995";"100035844";"1";"1";"1";"1";"1";"0";"0";"20260610";"20301231";
"5089293996";"100035842";"1";"1";"1";"1";"1";"0";"0";"20260610";"20301231";
"5089293999";"100035610";"0";"0";"0";"0";"0";"1";"1";"20260606";"20301231";
"5089294000";"100036026";"0";"0";"0";"0";"0";"1";"1";"20260613";"20301231";
"5089294001";"100035849";"1";"1";"1";"1";"1";"0";"0";"20260610";"20301231";
"5089294002";"100035646";"0";"0";"0";"0";"0";"1";"1";"20260606";"20301231";
"5089294007";"100035614";"0";"0";"0";"0";"0";"1";"1";"20260606";"20301231";
"5089294008";"100035861";"1";"1";"1";"1";"1";"0";"0";"20260610";"20301231";
"5089294014";"100035670";"0";"0";"0";"0";"0";"1";"1";"20260606";"20301231";
"5089294015";"100035824";"1";"1";"1";"1";"1";"0";"0";"20260610";"20301231";
"5089294017";"100036070";"1";"1";"1";"1";"1";"0";"0";"20260613";"20301231";
"5089294018";"100035733";"1";"1";"1";"1";"1";"0";"0";"20260608";"20301231";
"5089294021";"100035804";"1";"1";"1";"1";"1";"0";"0";"20260610";"20301231";
"5089294029";"100035693";"0";"0";"0";"0";"0";"1";"1";"20260606";"20301231";
"5089294036";"100035752";"1";"1";"1";"1";"1";"0";"0";"20260609";"20301231";
"5089294037";"100036027";"1";"1";"1";"1";"1";"0";"0";"20260613";"20301231";
"5089294040";"100035620";"1";"1";"1";"1";"1";"0";"0";"20260606";"20301231";
"5089294047";"100035831";"1";"1";"1";"1";"1";"0";"0";"20260610";"20301231";
"5089294050";"100035656";"1";"1";"1";"1";"1";"0";"0";"20260606";"20301231";
"5089294053";"100036045";"1";"1";"1";"1";"1";"0";"0";"20260613";"20301231";
"5089294064";"100035627";"1";"1";"1";"1";"1";"0";"0";"20260606";"20301231";
"5089294066";"100035859";"1";"1";"1";"1";"1";"0";"0";"20260610";"20301231";
"5089294070";"100036104";"1";"1";"1";"1";"1";"0";"0";"20260615";"20301231";
"5089294071";"100035853";"1";"1";"1";"1";"1";"0";"0";"20260610";"20301231";
"5089294072";"100035855";"1";"1";"1";"1";"1";"0";"0";"20260610";"20301231";
"5089294076";"100035694";"0";"0";"0";"0";"0";"1";"1";"20260606";"20301231";
"5089294078";"100036059";"0";"0";"0";"0";"0";"1";"1";"20260613";"20301231";
"5095666703";"3179974";"0";"0";"0";"0";"0";"1";"1";"20260627";"20301231";
"5095666741";"100034440";"1";"1";"1";"1";"1";"0";"0";"20260517";"20301231";
"5095666743";"100036154";"1";"1";"1";"1";"1";"0";"0";"20260613";"20301231";
"5095666745";"100036343";"0";"0";"0";"0";"0";"1";"1";"20260620";"20301231";
"5095666749";"100036122";"0";"0";"0";"0";"0";"1";"1";"20260616";"20301231";
"5095666750";"100036185";"1";"1";"1";"1";"1";"0";"0";"20260617";"20301231";
"5095666751";"100036243";"0";"0";"0";"0";"0";"1";"1";"20260620";"20301231";
"5095666754";"100036229";"0";"0";"0";"0";"0";"1";"1";"20260618";"20301231";
"5095666757";"100036120";"1";"1";"1";"1";"1";"0";"0";"20260615";"20301231";
"5095666759";"100036181";"1";"1";"1";"1";"1";"0";"0";"20260617";"20301231";
"5095666760";"100036338";"0";"0";"0";"0";"0";"1";"1";"20260620";"20301231";
"5095666761";"100036304";"0";"0";"0";"0";"0";"1";"1";"20260620";"20301231";
"5095666762";"100036232";"1";"1";"1";"1";"1";"0";"0";"20260619";"20301231";
"5095666763";"100036138";"0";"0";"0";"0";"0";"1";"1";"20260616";"20301231";
"5095666765";"100036220";"1";"1";"1";"1";"1";"0";"0";"20260617";"20301231";
"5095666768";"100036319";"1";"1";"1";"1";"1";"0";"0";"20260620";"20301231";
"5095666770";"100036377";"0";"0";"0";"0";"0";"1";"1";"20260620";"20301231";
"5095666771";"100036310";"1";"1";"1";"1";"1";"0";"0";"20260620";"20301231";
"5095666772";"100036330";"1";"1";"1";"1";"1";"0";"0";"20260620";"20301231";
"5095666773";"100036261";"0";"0";"0";"0";"0";"1";"1";"20260620";"20301231";
"5095666775";"100036146";"1";"1";"1";"1";"1";"0";"0";"20260616";"20301231";
"5095666782";"100036139";"1";"1";"1";"1";"1";"0";"0";"20260616";"20301231";
"5095666786";"100036137";"0";"0";"0";"0";"0";"1";"1";"20260616";"20301231";
"5095666789";"100036321";"0";"0";"0";"0";"0";"1";"1";"20260620";"20301231";
"5095666790";"100036230";"1";"1";"1";"1";"1";"0";"0";"20260618";"20301231";
"5095666791";"100036125";"1";"1";"1";"1";"1";"0";"0";"20260616";"20301231";
"5095666793";"100036159";"1";"1";"1";"1";"1";"0";"0";"20260617";"20301231";
"5095666795";"100036312";"1";"1";"1";"1";"1";"0";"0";"20260620";"20301231";
"5095666796";"100036278";"0";"0";"0";"0";"0";"1";"1";"20260620";"20301231";
"5095666797";"100036251";"0";"0";"0";"0";"0";"1";"1";"20260620";"20301231";
"5095666798";"100036430";"1";"1";"1";"1";"1";"0";"0";"20260622";"20301231";
"5095666800";"100036345";"0";"0";"0";"0";"0";"1";"1";"20260620";"20301231";
"5095666806";"100036195";"1";"1";"1";"1";"1";"0";"0";"20260617";"20301231";
"5095666807";"100036333";"0";"0";"0";"0";"0";"1";"1";"20260620";"20301231";
"5095666809";"100036262";"0";"0";"0";"0";"0";"1";"1";"20260620";"20301231";
"5095666810";"100036201";"1";"1";"1";"1";"1";"0";"0";"20260617";"20301231";
"5095666811";"100036325";"1";"1";"1";"1";"1";"0";"0";"20260620";"20301231";
"5095666818";"100036346";"1";"1";"1";"1";"1";"0";"0";"20260620";"20301231";
"5095666819";"100036241";"1";"1";"1";"1";"1";"0";"0";"20260620";"20301231";
"5095666821";"100036175";"1";"1";"1";"1";"1";"0";"0";"20260617";"20301231";
"5095666823";"100036259";"1";"1";"1";"1";"1";"0";"0";"20260620";"20301231";
"5095666824";"100036227";"1";"1";"1";"1";"1";"0";"0";"20260617";"20301231";
"5095666825";"100036323";"0";"0";"0";"0";"0";"1";"1";"20260620";"20301231";
"5095666826";"100036339";"1";"1";"1";"1";"1";"0";"0";"20260620";"20301231";
"5095666830";"100036123";"0";"0";"0";"0";"0";"1";"1";"20260616";"20301231";
"5095666832";"100036283";"1";"1";"1";"1";"1";"0";"0";"20260620";"20301231";
"5095666833";"100036385";"1";"1";"1";"1";"1";"0";"0";"20260620";"20301231";
"5095666834";"100036250";"1";"1";"1";"1";"1";"0";"0";"20260620";"20301231";
"5095666835";"100036374";"1";"1";"1";"1";"1";"0";"0";"20260620";"20301231";
"5095666837";"100036311";"0";"0";"0";"0";"0";"1";"1";"20260620";"20301231";
"5095666838";"100036153";"0";"0";"0";"0";"0";"1";"1";"20260613";"20301231";
"5095666839";"100036147";"0";"0";"0";"0";"0";"1";"1";"20260616";"20301231";
"5095666842";"100036379";"1";"1";"1";"1";"1";"0";"0";"20260620";"20301231";
"5095666843";"100036368";"0";"0";"0";"0";"0";"1";"1";"20260620";"20301231";
"5095666846";"100036303";"1";"1";"1";"1";"1";"0";"0";"20260620";"20301231";
"5095666847";"100036329";"0";"0";"0";"0";"0";"1";"1";"20260620";"20301231";
"5095666848";"100036143";"1";"1";"1";"1";"1";"0";"0";"20260616";"20301231";
"5095666849";"100036287";"1";"1";"1";"1";"1";"0";"0";"20260620";"20301231";
"5095666851";"100036276";"0";"0";"0";"0";"0";"1";"1";"20260620";"20301231";
"5095666853";"100036136";"0";"0";"0";"0";"0";"1";"1";"20260616";"20301231";
"5095666854";"100036281";"1";"1";"1";"1";"1";"0";"0";"20260620";"20301231";
"5095666855";"100036320";"0";"0";"0";"0";"0";"1";"1";"20260620";"20301231";
"5095666858";"100036242";"0";"0";"0";"0";"0";"1";"1";"20260620";"20301231";
"5095666860";"100036258";"1";"1";"1";"1";"1";"0";"0";"20260620";"20301231";
"5095666861";"100036240";"1";"1";"1";"1";"1";"0";"0";"20260620";"20301231";
"5095666863";"100036337";"1";"1";"1";"1";"1";"0";"0";"20260620";"20301231";
"5095666864";"100036366";"0";"0";"0";"0";"0";"1";"1";"20260620";"20301231";
"5095666865";"100036121";"0";"0";"0";"0";"0";"1";"1";"20260615";"20301231";
"5095666867";"100036235";"0";"0";"0";"0";"0";"1";"1";"20260619";"20301231";
"5095666869";"100036919";"1";"1";"1";"1";"1";"0";"0";"20260627";"20301231";
"5095666871";"100036812";"1";"1";"1";"1";"1";"0";"0";"20260627";"20301231";
"5095666883";"100036269";"1";"1";"1";"1";"1";"0";"0";"20260620";"20301231";
"5095666895";"100036914";"1";"1";"1";"1";"1";"0";"0";"20260627";"20301231";
"5095666902";"100036833";"0";"0";"0";"0";"0";"1";"1";"20260627";"20301231";
"5095666910";"100037016";"1";"1";"1";"1";"1";"0";"0";"20260629";"20301231";
"5095666915";"100036841";"0";"0";"0";"0";"0";"1";"1";"20260627";"20301231";
"5095666918";"100036985";"1";"1";"1";"1";"1";"0";"0";"20260629";"20301231";
"5095666923";"100036976";"1";"1";"1";"1";"1";"0";"0";"20260629";"20301231";
"5095666924";"100036984";"1";"1";"1";"1";"1";"0";"0";"20260629";"20301231";
"5095666941";"100036864";"1";"1";"1";"1";"1";"0";"0";"20260627";"20301231";
"5095666944";"100036872";"1";"1";"1";"1";"1";"0";"0";"20260627";"20301231";
"5095666956";"100036814";"0";"0";"0";"0";"0";"1";"1";"20260627";"20301231";
"5095666957";"100036887";"1";"1";"1";"1";"1";"0";"0";"20260627";"20301231";
"5095666964";"100036689";"1";"1";"1";"1";"1";"0";"0";"20260623";"20301231";
"5095666970";"100036970";"1";"1";"1";"1";"1";"0";"0";"20260629";"20301231";
"5095666997";"100036951";"0";"0";"0";"0";"0";"1";"1";"20260627";"20301231";
"5095666999";"100036939";"0";"0";"0";"0";"0";"1";"1";"20260627";"20301231";
"5095667000";"100036960";"1";"1";"1";"1";"1";"0";"0";"20260627";"20301231";
"5095667007";"100036940";"1";"1";"1";"1";"1";"0";"0";"20260627";"20301231";
"5095667008";"100036995";"1";"1";"1";"1";"1";"0";"0";"20260629";"20301231";
"5095667009";"100037011";"1";"1";"1";"1";"1";"0";"0";"20260629";"20301231";
"5095667015";"100036846";"1";"1";"1";"1";"1";"0";"0";"20260627";"20301231";
"5095667047";"100036991";"1";"1";"1";"1";"1";"0";"0";"20260629";"20301231";
"5095667051";"100036973";"1";"1";"1";"1";"1";"0";"0";"20260629";"20301231";
"5095667055";"100036972";"1";"1";"1";"1";"1";"0";"0";"20260629";"20301231";
"5095667056";"100037018";"1";"1";"1";"1";"1";"0";"0";"20260629";"20301231";
"5095667061";"100036880";"1";"1";"1";"1";"1";"0";"0";"20260627";"20301231";
"5095667069";"100036875";"1";"1";"1";"1";"1";"0";"0";"20260627";"20301231";
"5095667078";"100036847";"0";"0";"0";"0";"0";"1";"1";"20260627";"20301231";
"5095667085";"100036922";"0";"0";"0";"0";"0";"1";"1";"20260627";"20301231";
"5095667091";"100036956";"1";"1";"1";"1";"1";"0";"0";"20260627";"20301231";
"5095667100";"100036848";"1";"1";"1";"1";"1";"0";"0";"20260627";"20301231";
"5095667101";"100036964";"1";"1";"1";"1";"1";"0";"0";"20260629";"20301231";
"5095667108";"100037010";"1";"1";"1";"1";"1";"0";"0";"20260629";"20301231";
"5095667112";"100036923";"0";"0";"0";"0";"0";"1";"1";"20260627";"20301231";
"5095667125";"100036949";"0";"0";"0";"0";"0";"1";"1";"20260627";"20301231";
"5095667127";"100037005";"1";"1";"1";"1";"1";"0";"0";"20260629";"20301231";
"5095667133";"100036834";"1";"1";"1";"1";"1";"0";"0";"20260627";"20301231";
"5095667137";"100036897";"0";"0";"0";"0";"0";"1";"1";"20260627";"20301231";
"5095667141";"100036830";"1";"1";"1";"1";"1";"0";"0";"20260627";"20301231";
"5095667143";"100037013";"1";"1";"1";"1";"1";"0";"0";"20260629";"20301231";
"5095667144";"100036843";"0";"0";"0";"0";"0";"1";"1";"20260627";"20301231";
"5095667149";"100036886";"0";"0";"0";"0";"0";"1";"1";"20260627";"20301231";
"5095667150";"100037001";"1";"1";"1";"1";"1";"0";"0";"20260629";"20301231";
"5100565144";"3180628";"0";"0";"0";"0";"0";"1";"1";"20260718";"20301231";
"5100565147";"3180437";"0";"0";"0";"0";"0";"1";"1";"20260711";"20301231";
"5100565157";"100037388";"1";"1";"1";"1";"1";"0";"0";"20260707";"20301231";
"5100565159";"100037414";"1";"1";"1";"1";"1";"0";"0";"20260708";"20301231";
"5100565160";"100037071";"1";"1";"1";"1";"1";"0";"0";"20260701";"20301231";
"5100565162";"100037182";"0";"0";"0";"0";"0";"1";"1";"20260703";"20301231";
"5100565164";"100037362";"1";"1";"1";"1";"1";"0";"0";"20260706";"20301231";
"5100565165";"100037177";"1";"1";"1";"1";"1";"0";"0";"20260703";"20301231";
"5100565166";"100037299";"0";"0";"0";"0";"0";"1";"1";"20260704";"20301231";
"5100565167";"100037301";"1";"1";"1";"1";"1";"0";"0";"20260704";"20301231";
"5100565168";"100037189";"1";"1";"1";"1";"1";"0";"0";"20260703";"20301231";
"5100565169";"100037332";"0";"0";"0";"0";"0";"1";"1";"20260704";"20301231";
"5100565170";"100037180";"1";"1";"1";"1";"1";"0";"0";"20260703";"20301231";
"5100565172";"100037304";"0";"0";"0";"0";"0";"1";"1";"20260704";"20301231";
"5100565173";"100037397";"0";"0";"0";"0";"0";"1";"1";"20260708";"20301231";
"5100565174";"100037237";"0";"0";"0";"0";"0";"1";"1";"20260704";"20301231";
"5100565177";"100037461";"0";"0";"0";"0";"0";"1";"1";"20260711";"20301231";
"5100565178";"100037468";"0";"0";"0";"0";"0";"1";"1";"20260711";"20301231";
"5100565179";"100037201";"1";"1";"1";"1";"1";"0";"0";"20260703";"20301231";
"5100565180";"100037051";"1";"1";"1";"1";"1";"0";"0";"20260701";"20301231";
"5100565181";"100037474";"1";"1";"1";"1";"1";"0";"0";"20260711";"20301231";
"5100565183";"100037310";"0";"0";"0";"0";"0";"1";"1";"20260704";"20301231";
"5100565184";"100037469";"0";"0";"0";"0";"0";"1";"1";"20260711";"20301231";
"5100565186";"100037153";"1";"1";"1";"1";"1";"0";"0";"20260703";"20301231";
"5100565187";"100037163";"1";"1";"1";"1";"1";"0";"0";"20260703";"20301231";
"5100565188";"100037277";"0";"0";"0";"0";"0";"1";"1";"20260704";"20301231";
"5100565189";"100037456";"1";"1";"1";"1";"1";"0";"0";"20260710";"20301231";
"5100565190";"100037399";"1";"1";"1";"1";"1";"0";"0";"20260708";"20301231";
"5100565191";"100037459";"1";"1";"1";"1";"1";"0";"0";"20260711";"20301231";
"5100565192";"100037429";"1";"1";"1";"1";"1";"0";"0";"20260710";"20301231";
"5100565193";"100037240";"1";"1";"1";"1";"1";"0";"0";"20260704";"20301231";
"5100565196";"100037234";"0";"0";"0";"0";"0";"1";"1";"20260704";"20301231";
"5100565197";"100037551";"0";"0";"0";"0";"0";"1";"1";"20260711";"20301231";
"5100565198";"100037049";"0";"0";"0";"0";"0";"1";"1";"20260701";"20301231";
"5100565199";"100037440";"1";"1";"1";"1";"1";"0";"0";"20260710";"20301231";
"5100565200";"100037047";"1";"1";"1";"1";"1";"0";"0";"20260701";"20301231";
"5100565201";"100037305";"1";"1";"1";"1";"1";"0";"0";"20260704";"20301231";
"5100565202";"100037297";"1";"1";"1";"1";"1";"0";"0";"20260704";"20301231";
"5100565203";"100037334";"0";"0";"0";"0";"0";"1";"1";"20260704";"20301231";
"5100565204";"100038039";"0";"0";"0";"0";"0";"1";"1";"20260718";"20301231";
"5100565205";"100037395";"0";"0";"0";"0";"0";"1";"1";"20260707";"20301231";
"5100565206";"100037152";"0";"0";"0";"0";"0";"1";"1";"20260703";"20301231";
"5100565208";"100037427";"1";"1";"1";"1";"1";"0";"0";"20260710";"20301231";
"5100565209";"100037112";"1";"1";"1";"1";"1";"0";"0";"20260701";"20301231";
"5100565210";"100037394";"1";"1";"1";"1";"1";"0";"0";"20260707";"20301231";
"5100565211";"100037435";"1";"1";"1";"1";"1";"0";"0";"20260710";"20301231";
"5100565212";"100037432";"1";"1";"1";"1";"1";"0";"0";"20260710";"20301231";
"5100565213";"100037901";"0";"0";"0";"0";"0";"1";"1";"20260718";"20301231";
"5100565214";"100037403";"0";"0";"0";"0";"0";"1";"1";"20260708";"20301231";
"5100565215";"100037080";"1";"1";"1";"1";"1";"0";"0";"20260701";"20301231";
"5100565216";"100037171";"1";"1";"1";"1";"1";"0";"0";"20260703";"20301231";
"5100565217";"100037355";"1";"1";"1";"1";"1";"0";"0";"20260706";"20301231";
"5100565218";"100037195";"1";"1";"1";"1";"1";"0";"0";"20260703";"20301231";
"5100565219";"100037891";"1";"1";"1";"1";"1";"0";"0";"20260718";"20301231";
"5100565220";"100037433";"1";"1";"1";"1";"1";"0";"0";"20260710";"20301231";
"5100565221";"100037197";"1";"1";"1";"1";"1";"0";"0";"20260703";"20301231";
"5100565223";"100037173";"1";"1";"1";"1";"1";"0";"0";"20260703";"20301231";
"5100565224";"100037405";"1";"1";"1";"1";"1";"0";"0";"20260708";"20301231";
"5100565225";"100037359";"1";"1";"1";"1";"1";"0";"0";"20260706";"20301231";
"5100565226";"100037188";"1";"1";"1";"1";"1";"0";"0";"20260703";"20301231";
"5100565227";"100037295";"1";"1";"1";"1";"1";"0";"0";"20260704";"20301231";
"5100565228";"100037077";"1";"1";"1";"1";"1";"0";"0";"20260701";"20301231";
"5100565229";"100037410";"1";"1";"1";"1";"1";"0";"0";"20260708";"20301231";
"5100565230";"100037437";"1";"1";"1";"1";"1";"0";"0";"20260710";"20301231";
"5100565231";"100037366";"1";"1";"1";"1";"1";"0";"0";"20260706";"20301231";
"5100565232";"100037053";"1";"1";"1";"1";"1";"0";"0";"20260701";"20301231";
"5100565234";"100037482";"1";"1";"1";"1";"1";"0";"0";"20260711";"20301231";
"5100565235";"100037402";"0";"0";"0";"0";"0";"1";"1";"20260708";"20301231";
"5100565236";"100037340";"1";"1";"1";"1";"1";"0";"0";"20260704";"20301231";
"5100565237";"100037376";"1";"1";"1";"1";"1";"0";"0";"20260706";"20301231";
"5100565238";"100037484";"1";"1";"1";"1";"1";"0";"0";"20260711";"20301231";
"5100565239";"100037364";"1";"1";"1";"1";"1";"0";"0";"20260706";"20301231";
"5100565241";"100037879";"1";"1";"1";"1";"1";"0";"0";"20260718";"20301231";
"5100565242";"100037441";"1";"1";"1";"1";"1";"0";"0";"20260710";"20301231";
"5100565243";"100037374";"1";"1";"1";"1";"1";"0";"0";"20260706";"20301231";
"5100565244";"100037895";"0";"0";"0";"0";"0";"1";"1";"20260718";"20301231";
"5100565245";"100037169";"0";"0";"0";"0";"0";"1";"1";"20260703";"20301231";
"5100565246";"100037109";"0";"0";"0";"0";"0";"1";"1";"20260701";"20301231";
"5100565247";"100037358";"1";"1";"1";"1";"1";"0";"0";"20260706";"20301231";
"5100565250";"100037156";"1";"1";"1";"1";"1";"0";"0";"20260703";"20301231";
"5100565252";"100037889";"0";"0";"0";"0";"0";"1";"1";"20260718";"20301231";
"5100565253";"100037262";"1";"1";"1";"1";"1";"0";"0";"20260704";"20301231";
"5100565254";"100037900";"0";"0";"0";"0";"0";"1";"1";"20260718";"20301231";
"5100565255";"100037623";"0";"0";"0";"0";"0";"1";"1";"20260713";"20301231";
"5100565256";"100037493";"0";"0";"0";"0";"0";"1";"1";"20260711";"20301231";
"5100565257";"100037167";"1";"1";"1";"1";"1";"0";"0";"20260703";"20301231";
"5100565260";"100037280";"0";"0";"0";"0";"0";"1";"1";"20260704";"20301231";
"5100565261";"100037893";"1";"1";"1";"1";"1";"0";"0";"20260718";"20301231";
"5100565262";"100037151";"1";"1";"1";"1";"1";"0";"0";"20260703";"20301231";
"5100565263";"100037369";"1";"1";"1";"1";"1";"0";"0";"20260706";"20301231";
"5100565265";"100037274";"1";"1";"1";"1";"1";"0";"0";"20260704";"20301231";
"5100565266";"100038012";"1";"1";"1";"1";"1";"0";"0";"20260718";"20301231";
"5100565267";"100037613";"0";"0";"0";"0";"0";"1";"1";"20260713";"20301231";
"5100565268";"100037511";"0";"0";"0";"0";"0";"1";"1";"20260711";"20301231";
"5100565269";"100037175";"1";"1";"1";"1";"1";"0";"0";"20260703";"20301231";
"5100565270";"100037368";"1";"1";"1";"1";"1";"0";"0";"20260706";"20301231";
"5100565272";"100037083";"1";"1";"1";"1";"1";"0";"0";"20260701";"20301231";
"5100565274";"100037116";"1";"1";"1";"1";"1";"0";"0";"20260701";"20301231";
"5100565276";"100037307";"1";"1";"1";"1";"1";"0";"0";"20260704";"20301231";
"5100565277";"100037315";"1";"1";"1";"1";"1";"0";"0";"20260704";"20301231";
"5100565278";"100037876";"1";"1";"1";"1";"1";"0";"0";"20260718";"20301231";
"5100565279";"100037270";"1";"1";"1";"1";"1";"0";"0";"20260704";"20301231";
"5100565282";"100037647";"1";"1";"1";"1";"1";"0";"0";"20260713";"20301231";
"5100565283";"100037564";"1";"1";"1";"1";"1";"0";"0";"20260711";"20301231";
"5100565284";"100037619";"0";"0";"0";"0";"0";"1";"1";"20260713";"20301231";
"5100565285";"100037643";"1";"1";"1";"1";"1";"0";"0";"20260713";"20301231";
"5100565287";"100037250";"0";"0";"0";"0";"0";"1";"1";"20260704";"20301231";
"5100565289";"100037491";"1";"1";"1";"1";"1";"0";"0";"20260711";"20301231";
"5100565291";"100037490";"0";"0";"0";"0";"0";"1";"1";"20260711";"20301231";
"5100565292";"100037636";"1";"1";"1";"1";"1";"0";"0";"20260713";"20301231";
"5100565293";"100037387";"0";"0";"0";"0";"0";"1";"1";"20260707";"20301231";
"5100565294";"100037657";"1";"1";"1";"1";"1";"0";"0";"20260713";"20301231";
"5100565295";"100037261";"0";"0";"0";"0";"0";"1";"1";"20260704";"20301231";
"5100565296";"100037070";"1";"1";"1";"1";"1";"0";"0";"20260701";"20301231";
"5100565298";"100037186";"1";"1";"1";"1";"1";"0";"0";"20260703";"20301231";
"5100565300";"100037062";"1";"1";"1";"1";"1";"0";"0";"20260701";"20301231";
"5100565301";"100038014";"1";"1";"1";"1";"1";"0";"0";"20260718";"20301231";
"5100565302";"100037886";"0";"0";"0";"0";"0";"1";"1";"20260718";"20301231";
"5100565303";"100037897";"0";"0";"0";"0";"0";"1";"1";"20260718";"20301231";
"5100565304";"100037266";"1";"1";"1";"1";"1";"0";"0";"20260704";"20301231";
"5100565306";"100038056";"1";"1";"1";"1";"1";"0";"0";"20260718";"20301231";
"5100565307";"100037514";"0";"0";"0";"0";"0";"1";"1";"20260711";"20301231";
"5100565308";"100037594";"0";"0";"0";"0";"0";"1";"1";"20260711";"20301231";
"5100565309";"100037424";"0";"0";"0";"0";"0";"1";"1";"20260710";"20301231";
"5100565310";"100037635";"0";"0";"0";"0";"0";"1";"1";"20260713";"20301231";
"5100565311";"100037589";"0";"0";"0";"0";"0";"1";"1";"20260711";"20301231";
"5100565312";"100037425";"1";"1";"1";"1";"1";"0";"0";"20260710";"20301231";
"5100565313";"100037464";"1";"1";"1";"1";"1";"0";"0";"20260711";"20301231";
"5100565315";"100037612";"0";"0";"0";"0";"0";"1";"1";"20260713";"20301231";
"5100565316";"100037475";"1";"1";"1";"1";"1";"0";"0";"20260711";"20301231";
"5100565317";"100038051";"0";"0";"0";"0";"0";"1";"1";"20260718";"20301231";
"5100565319";"100037317";"1";"1";"1";"1";"1";"0";"0";"20260704";"20301231";
"5100565320";"100037252";"0";"0";"0";"0";"0";"1";"1";"20260704";"20301231";
"5100565322";"100037652";"1";"1";"1";"1";"1";"0";"0";"20260713";"20301231";
"5100565323";"100037944";"0";"0";"0";"0";"0";"1";"1";"20260718";"20301231";
"5100565324";"100037477";"0";"0";"0";"0";"0";"1";"1";"20260711";"20301231";
"5100565326";"100037529";"0";"0";"0";"0";"0";"1";"1";"20260711";"20301231";
"5100565327";"100037352";"0";"0";"0";"0";"0";"1";"1";"20260706";"20301231";
"5100565328";"100037227";"0";"0";"0";"0";"0";"1";"1";"20260704";"20301231";
"5100565329";"100037689";"1";"1";"1";"1";"1";"0";"0";"20260715";"20301231";
"5100565330";"100037064";"1";"1";"1";"1";"1";"0";"0";"20260701";"20301231";
"5100565331";"100037646";"0";"0";"0";"0";"0";"1";"1";"20260713";"20301231";
"5100565332";"100037968";"0";"0";"0";"0";"0";"1";"1";"20260718";"20301231";
"5100565333";"100037318";"0";"0";"0";"0";"0";"1";"1";"20260704";"20301231";
"5100565334";"100037987";"0";"0";"0";"0";"0";"1";"1";"20260718";"20301231";
"5100565335";"100037416";"1";"1";"1";"1";"1";"0";"0";"20260708";"20301231";
"5100565336";"100037618";"1";"1";"1";"1";"1";"0";"0";"20260713";"20301231";
"5100565337";"100037528";"0";"0";"0";"0";"0";"1";"1";"20260711";"20301231";
"5100565338";"100037516";"0";"0";"0";"0";"0";"1";"1";"20260711";"20301231";
"5100565339";"100037980";"0";"0";"0";"0";"0";"1";"1";"20260718";"20301231";
"5100565340";"100037418";"1";"1";"1";"1";"1";"0";"0";"20260708";"20301231";
"5100565341";"100037497";"1";"1";"1";"1";"1";"0";"0";"20260711";"20301231";
"5100565342";"100038016";"1";"1";"1";"1";"1";"0";"0";"20260718";"20301231";
"5100565343";"100037595";"0";"0";"0";"0";"0";"1";"1";"20260711";"20301231";
"5100565345";"100037570";"0";"0";"0";"0";"0";"1";"1";"20260711";"20301231";
"5100565346";"100037620";"1";"1";"1";"1";"1";"0";"0";"20260713";"20301231";
"5100565347";"100037449";"1";"1";"1";"1";"1";"0";"0";"20260710";"20301231";
"5100565348";"100037341";"0";"0";"0";"0";"0";"1";"1";"20260704";"20301231";
"5100565350";"100037831";"1";"1";"1";"1";"1";"0";"0";"20260718";"20301231";
"5100565352";"100038030";"1";"1";"1";"1";"1";"0";"0";"20260718";"20301231";
"5100565354";"100037489";"0";"0";"0";"0";"0";"1";"1";"20260711";"20301231";
"5100565355";"100037642";"0";"0";"0";"0";"0";"1";"1";"20260713";"20301231";
"5100565356";"100037544";"0";"0";"0";"0";"0";"1";"1";"20260711";"20301231";
"5100565357";"100037059";"0";"0";"0";"0";"0";"1";"1";"20260701";"20301231";
"5100565358";"100037290";"0";"0";"0";"0";"0";"1";"1";"20260704";"20301231";
"5100565359";"100037839";"0";"0";"0";"0";"0";"1";"1";"20260718";"20301231";
"5100565360";"100037444";"1";"1";"1";"1";"1";"0";"0";"20260710";"20301231";
"5100565361";"100037506";"0";"0";"0";"0";"0";"1";"1";"20260711";"20301231";
"5100565362";"100037507";"0";"0";"0";"0";"0";"1";"1";"20260711";"20301231";
"5100565363";"100038037";"0";"0";"0";"0";"0";"1";"1";"20260718";"20301231";
"5100565365";"100037447";"1";"1";"1";"1";"1";"0";"0";"20260710";"20301231";
"5100565366";"100037610";"1";"1";"1";"1";"1";"0";"0";"20260711";"20301231";
"5100565367";"100037345";"0";"0";"0";"0";"0";"1";"1";"20260704";"20301231";
"5100565368";"100037846";"1";"1";"1";"1";"1";"0";"0";"20260718";"20301231";
"5100565371";"100037347";"0";"0";"0";"0";"0";"1";"1";"20260704";"20301231";
"5100565372";"100037988";"0";"0";"0";"0";"0";"1";"1";"20260718";"20301231";
"5100565373";"100037869";"0";"0";"0";"0";"0";"1";"1";"20260718";"20301231";
"5100565374";"100037914";"1";"1";"1";"1";"1";"0";"0";"20260718";"20301231";
"5100565375";"100037628";"0";"0";"0";"0";"0";"1";"1";"20260713";"20301231";
"5100565377";"100037590";"1";"1";"1";"1";"1";"0";"0";"20260711";"20301231";
"5100565378";"100037536";"1";"1";"1";"1";"1";"0";"0";"20260711";"20301231";
"5100565379";"100037325";"0";"0";"0";"0";"0";"1";"1";"20260704";"20301231";
"5100565380";"100037556";"0";"0";"0";"0";"0";"1";"1";"20260711";"20301231";
"5100565381";"100038034";"0";"0";"0";"0";"0";"1";"1";"20260718";"20301231";
"5100565382";"100037845";"0";"0";"0";"0";"0";"1";"1";"20260718";"20301231";
"5100565384";"100037653";"1";"1";"1";"1";"1";"0";"0";"20260713";"20301231";
"5100565385";"100038053";"0";"0";"0";"0";"0";"1";"1";"20260718";"20301231";
"5100565386";"100037275";"1";"1";"1";"1";"1";"0";"0";"20260704";"20301231";
"5100565387";"100037056";"1";"1";"1";"1";"1";"0";"0";"20260701";"20301231";
"5100565388";"100037527";"0";"0";"0";"0";"0";"1";"1";"20260711";"20301231";
"5100565389";"100037630";"1";"1";"1";"1";"1";"0";"0";"20260713";"20301231";
"5100565390";"100037502";"0";"0";"0";"0";"0";"1";"1";"20260711";"20301231";
"5100565391";"100037218";"1";"1";"1";"1";"1";"0";"0";"20260703";"20301231";
"5100565392";"100037711";"0";"0";"0";"0";"0";"1";"1";"20260715";"20301231";
"5100565393";"100038022";"1";"1";"1";"1";"1";"0";"0";"20260718";"20301231";
"5100565394";"100037934";"0";"0";"0";"0";"0";"1";"1";"20260718";"20301231";
"5100565395";"100037867";"1";"1";"1";"1";"1";"0";"0";"20260718";"20301231";
"5100565396";"100037226";"0";"0";"0";"0";"0";"1";"1";"20260704";"20301231";
"5100565397";"100037627";"1";"1";"1";"1";"1";"0";"0";"20260713";"20301231";
"5100565398";"100037597";"1";"1";"1";"1";"1";"0";"0";"20260711";"20301231";
"5100565399";"100037626";"0";"0";"0";"0";"0";"1";"1";"20260713";"20301231";
"5100565400";"100037873";"1";"1";"1";"1";"1";"0";"0";"20260718";"20301231";
"5100565402";"100037977";"0";"0";"0";"0";"0";"1";"1";"20260718";"20301231";
"5100565403";"100037344";"1";"1";"1";"1";"1";"0";"0";"20260704";"20301231";
"5100565404";"100037655";"1";"1";"1";"1";"1";"0";"0";"20260713";"20301231";
"5100565405";"100037946";"0";"0";"0";"0";"0";"1";"1";"20260718";"20301231";
"5100565406";"100037510";"0";"0";"0";"0";"0";"1";"1";"20260711";"20301231";
"5100565407";"100037384";"1";"1";"1";"1";"1";"0";"0";"20260707";"20301231";
"5100565408";"100037498";"0";"0";"0";"0";"0";"1";"1";"20260711";"20301231";
"5100565409";"100038044";"0";"0";"0";"0";"0";"1";"1";"20260718";"20301231";
"5100565410";"100037972";"0";"0";"0";"0";"0";"1";"1";"20260718";"20301231";
"5100565411";"100037446";"1";"1";"1";"1";"1";"0";"0";"20260710";"20301231";
"5100565412";"100037578";"1";"1";"1";"1";"1";"0";"0";"20260711";"20301231";
"5100565413";"100037921";"0";"0";"0";"0";"0";"1";"1";"20260718";"20301231";
"5100565414";"100038031";"1";"1";"1";"1";"1";"0";"0";"20260718";"20301231";
"5100565415";"100037191";"1";"1";"1";"1";"1";"0";"0";"20260703";"20301231";
"5100565417";"100038024";"1";"1";"1";"1";"1";"0";"0";"20260718";"20301231";
"5100565419";"100038005";"1";"1";"1";"1";"1";"0";"0";"20260718";"20301231";
"5100565421";"100037637";"0";"0";"0";"0";"0";"1";"1";"20260713";"20301231";
"5100565422";"100037271";"0";"0";"0";"0";"0";"1";"1";"20260704";"20301231";
"5100565423";"100037713";"1";"1";"1";"1";"1";"0";"0";"20260715";"20301231";
"5100565424";"100037993";"0";"0";"0";"0";"0";"1";"1";"20260718";"20301231";
"5100565425";"100037957";"0";"0";"0";"0";"0";"1";"1";"20260718";"20301231";
"5100565426";"100037645";"1";"1";"1";"1";"1";"0";"0";"20260713";"20301231";
"5100565427";"100037824";"0";"0";"0";"0";"0";"1";"1";"20260718";"20301231";
"5100565428";"100038018";"1";"1";"1";"1";"1";"0";"0";"20260718";"20301231";
"5100565429";"100037634";"1";"1";"1";"1";"1";"0";"0";"20260713";"20301231";
"5100565430";"100037633";"0";"0";"0";"0";"0";"1";"1";"20260713";"20301231";
"5100565431";"100037162";"1";"1";"1";"1";"1";"0";"0";"20260703";"20301231";
"5100565432";"100037947";"0";"0";"0";"0";"0";"1";"0";"20260718";"20301231";
"5100565433";"100037239";"0";"0";"0";"0";"0";"1";"1";"20260704";"20301231";
"5100565434";"100037625";"1";"1";"1";"1";"1";"0";"0";"20260713";"20301231";
"5100565436";"100037230";"0";"0";"0";"0";"0";"1";"1";"20260704";"20301231";
"5100565437";"100037208";"1";"1";"1";"1";"1";"0";"0";"20260703";"20301231";
"5100565438";"100037204";"1";"1";"1";"1";"1";"0";"0";"20260703";"20301231";
"5100565439";"100037057";"1";"1";"1";"1";"1";"0";"0";"20260701";"20301231";
"5100565441";"100037236";"0";"0";"0";"0";"0";"1";"1";"20260704";"20301231";
"5100565442";"100037225";"1";"1";"1";"1";"1";"0";"0";"20260704";"20301231";
"5100565443";"100037231";"1";"1";"1";"1";"1";"0";"0";"20260704";"20301231";
"5100565444";"100037834";"1";"1";"1";"1";"1";"0";"0";"20260718";"20301231";
"5100565445";"100037778";"0";"0";"0";"0";"0";"1";"1";"20260717";"20301231";
"5100565446";"100037961";"1";"1";"1";"1";"1";"0";"0";"20260718";"20301231";
"5100565447";"100037661";"1";"1";"1";"1";"1";"0";"0";"20260713";"20301231";
"5100565448";"100037870";"0";"0";"0";"0";"0";"1";"1";"20260718";"20301231";
"5100565449";"100037998";"0";"0";"0";"0";"0";"1";"1";"20260718";"20301231";
"5100565450";"100037644";"0";"0";"0";"0";"0";"1";"1";"20260713";"20301231";
"5100565451";"100037158";"1";"1";"1";"1";"1";"0";"0";"20260703";"20301231";
"5100565454";"100037598";"0";"0";"0";"0";"0";"1";"1";"20260711";"20301231";
"5100565455";"100037997";"0";"0";"0";"0";"0";"1";"1";"20260718";"20301231";
"5100565456";"100037617";"1";"1";"1";"1";"1";"0";"0";"20260713";"20301231";
"5100565457";"100037068";"1";"1";"1";"1";"1";"0";"0";"20260701";"20301231";
"5100565458";"100037915";"0";"0";"0";"0";"0";"1";"1";"20260718";"20301231";
"5100565459";"100037724";"0";"0";"0";"0";"0";"1";"1";"20260715";"20301231";
"5100565460";"100037206";"1";"1";"1";"1";"1";"0";"0";"20260703";"20301231";
"5100565462";"100037719";"1";"1";"1";"1";"1";"0";"0";"20260715";"20301231";
"5100565464";"100037775";"1";"1";"1";"1";"1";"0";"0";"20260717";"20301231";
"5100565465";"100037576";"1";"1";"1";"1";"1";"0";"0";"20260711";"20301231";
"5100565466";"100037953";"0";"0";"0";"0";"0";"1";"1";"20260718";"20301231";
"5100565467";"100037534";"1";"1";"1";"1";"1";"0";"0";"20260711";"20301231";
"5100565468";"100037712";"0";"0";"0";"0";"0";"1";"1";"20260715";"20301231";
"5100565469";"100037700";"0";"0";"0";"0";"0";"1";"1";"20260715";"20301231";
"5100565470";"100037658";"0";"0";"0";"0";"0";"1";"1";"20260713";"20301231";
"5100565471";"100037952";"0";"0";"0";"0";"0";"1";"1";"20260718";"20301231";
"5100565472";"100037614";"0";"0";"0";"0";"0";"1";"1";"20260713";"20301231";
"5100565473";"100037714";"1";"1";"1";"1";"1";"0";"0";"20260715";"20301231";
"5100565474";"100037483";"1";"1";"1";"1";"1";"0";"0";"20260711";"20301231";
"5100565475";"100037794";"1";"1";"1";"1";"1";"0";"0";"20260717";"20301231";
"5100565476";"100037942";"0";"0";"0";"0";"0";"1";"1";"20260718";"20301231";
"5100565477";"100037557";"1";"1";"1";"1";"1";"0";"0";"20260711";"20301231";
"5100565478";"100037858";"0";"0";"0";"0";"0";"1";"1";"20260718";"20301231";
"5100565479";"100037791";"1";"1";"1";"1";"1";"0";"0";"20260717";"20301231";
"5100565480";"100037985";"0";"0";"0";"0";"0";"1";"1";"20260718";"20301231";
"5100565481";"100037857";"1";"1";"1";"1";"1";"0";"0";"20260718";"20301231";
"5100565484";"100037682";"0";"0";"0";"0";"0";"1";"1";"20260715";"20301231";
"5100565485";"100037624";"0";"0";"0";"0";"0";"1";"1";"20260713";"20301231";
"5100565486";"100037603";"1";"1";"1";"1";"1";"0";"0";"20260711";"20301231";
"5100565487";"100037844";"1";"1";"1";"1";"1";"0";"0";"20260718";"20301231";
"5100565488";"100037856";"0";"0";"0";"0";"0";"1";"1";"20260718";"20301231";
"5100565489";"100037616";"1";"1";"1";"1";"1";"0";"0";"20260713";"20301231";
"5100565490";"100037571";"1";"1";"1";"1";"1";"0";"0";"20260711";"20301231";
"5100565491";"100038019";"0";"0";"0";"0";"0";"1";"1";"20260718";"20301231";
"5100565492";"100037926";"0";"0";"0";"0";"0";"1";"1";"20260718";"20301231";
"5100565493";"100037065";"0";"0";"0";"0";"0";"1";"1";"20260701";"20301231";
"5100565494";"100037567";"0";"0";"0";"0";"0";"1";"1";"20260711";"20301231";
"5100565495";"100037955";"0";"0";"0";"0";"0";"1";"1";"20260718";"20301231";
"5100565499";"100037552";"0";"0";"0";"0";"0";"1";"1";"20260711";"20301231";
"5100565500";"100037530";"0";"0";"0";"0";"0";"1";"1";"20260711";"20301231";
"5100565501";"100037651";"1";"1";"1";"1";"1";"0";"0";"20260713";"20301231";
"5100565502";"100037282";"1";"1";"1";"1";"1";"0";"0";"20260704";"20301231";
"5100565503";"100038008";"1";"1";"1";"1";"1";"0";"0";"20260718";"20301231";
"5100565504";"100037748";"1";"1";"1";"1";"1";"0";"0";"20260716";"20301231";
"5100565505";"100037909";"1";"1";"1";"1";"1";"0";"0";"20260718";"20301231";
"5100565506";"100038000";"0";"0";"0";"0";"0";"1";"1";"20260718";"20301231";
"5100565507";"100037868";"1";"1";"1";"1";"1";"0";"0";"20260718";"20301231";
"5100565508";"100037919";"0";"0";"0";"0";"0";"1";"1";"20260718";"20301231";
"5100565510";"100037659";"1";"1";"1";"1";"1";"0";"0";"20260713";"20301231";
"5100565512";"100037688";"0";"0";"0";"0";"0";"1";"1";"20260715";"20301231";
"5100565513";"100037833";"0";"0";"0";"0";"0";"1";"1";"20260718";"20301231";
"5100565514";"100038054";"1";"1";"1";"1";"1";"0";"0";"20260718";"20301231";
"5100565515";"100038010";"0";"0";"0";"0";"0";"1";"1";"20260718";"20301231";
"5100565516";"100037677";"1";"1";"1";"1";"1";"0";"0";"20260715";"20301231";
"5100565517";"100037631";"0";"0";"0";"0";"0";"1";"1";"20260713";"20301231";
"5100565518";"100038070";"0";"0";"0";"0";"0";"1";"1";"20260718";"20301231";
"5100565519";"100037562";"0";"0";"0";"0";"0";"1";"1";"20260711";"20301231";
"5100565520";"100037936";"0";"0";"0";"0";"0";"1";"1";"20260718";"20301231";
"5100565521";"100038026";"1";"1";"1";"1";"1";"0";"0";"20260718";"20301231";
"5100565522";"100037911";"0";"0";"0";"0";"0";"1";"1";"20260718";"20301231";
"5100565523";"100037960";"1";"1";"1";"1";"1";"0";"0";"20260718";"20301231";
"5100565524";"100037579";"1";"1";"1";"1";"1";"0";"0";"20260711";"20301231";
"5100565525";"100037607";"0";"0";"0";"0";"0";"1";"1";"20260711";"20301231";
"5100565526";"100037929";"0";"0";"0";"0";"0";"1";"1";"20260718";"20301231";
"5100565527";"100037695";"1";"1";"1";"1";"1";"0";"0";"20260715";"20301231";
"5100565528";"100037159";"1";"1";"1";"1";"1";"0";"0";"20260703";"20301231";
"5100565529";"100037829";"0";"0";"0";"0";"0";"1";"1";"20260718";"20301231";
"5100565530";"100038036";"1";"1";"1";"1";"1";"0";"0";"20260718";"20301231";
"5100565532";"100038050";"0";"0";"0";"0";"0";"1";"1";"20260718";"20301231";
"5100565533";"100037697";"1";"1";"1";"1";"1";"0";"0";"20260715";"20301231";
"5100565534";"100037622";"1";"1";"1";"1";"1";"0";"0";"20260713";"20301231";
"5100565535";"100037840";"1";"1";"1";"1";"1";"0";"0";"20260718";"20301231";
"5100565536";"100037666";"1";"1";"1";"1";"1";"0";"0";"20260713";"20301231";
"5100565537";"100037907";"1";"1";"1";"1";"1";"0";"0";"20260718";"20301231";
"5100565538";"100037621";"0";"0";"0";"0";"0";"1";"1";"20260713";"20301231";
"5100565539";"100037694";"0";"0";"0";"0";"0";"1";"1";"20260715";"20301231";
"5100565540";"100037992";"0";"0";"0";"0";"0";"1";"1";"20260718";"20301231";
"5100565541";"100038045";"0";"0";"0";"0";"0";"1";"1";"20260718";"20301231";
"5100565542";"100037638";"1";"1";"1";"1";"1";"0";"0";"20260713";"20301231";
"5100565543";"100037499";"0";"0";"0";"0";"0";"1";"1";"20260711";"20301231";
"5100565545";"100037522";"0";"0";"0";"0";"0";"1";"1";"20260711";"20301231";
"5100565546";"100037702";"0";"0";"0";"0";"0";"1";"1";"20260715";"20301231";
"5100565548";"100038073";"1";"1";"1";"1";"1";"0";"0";"20260720";"20301231";
"5100565549";"100037837";"1";"1";"1";"1";"1";"0";"0";"20260718";"20301231";
"5100565550";"100037728";"1";"1";"1";"1";"1";"0";"0";"20260715";"20301231";
"5100565551";"100037540";"0";"0";"0";"0";"0";"1";"1";"20260711";"20301231";
"5100565552";"100037747";"1";"1";"1";"1";"1";"0";"0";"20260716";"20301231";
"5100565553";"100037665";"1";"1";"1";"1";"1";"0";"0";"20260713";"20301231";
"5100565554";"100037903";"0";"0";"0";"0";"0";"1";"1";"20260718";"20301231";
"5100565555";"100037668";"1";"1";"1";"1";"1";"0";"0";"20260713";"20301231";
"5100565556";"100038003";"0";"0";"0";"0";"0";"1";"1";"20260718";"20301231";
"5100565557";"100037692";"1";"1";"1";"1";"1";"0";"0";"20260715";"20301231";
"5100565559";"100037786";"0";"0";"0";"0";"0";"1";"1";"20260717";"20301231";
"5100565561";"100037641";"1";"1";"1";"1";"1";"0";"0";"20260713";"20301231";
"5100565562";"100038060";"1";"1";"1";"1";"1";"0";"0";"20260718";"20301231";
"5100565563";"100037964";"1";"1";"1";"1";"1";"0";"0";"20260718";"20301231";
"5100565564";"100037923";"0";"0";"0";"0";"0";"1";"1";"20260718";"20301231";
"5100565565";"100038047";"0";"0";"0";"0";"0";"1";"1";"20260718";"20301231";
"5100565566";"100037656";"0";"0";"0";"0";"0";"1";"1";"20260713";"20301231";
"5100565567";"100037924";"0";"0";"0";"0";"0";"1";"1";"20260718";"20301231";
"5100565568";"100037615";"0";"0";"0";"0";"0";"1";"1";"20260713";"20301231";
"5100565569";"100037606";"1";"1";"1";"1";"1";"0";"0";"20260711";"20301231";
"5100565570";"100037632";"1";"1";"1";"1";"1";"0";"0";"20260713";"20301231";
"5100565571";"100038042";"0";"0";"0";"0";"0";"1";"1";"20260718";"20301231";
"5100565572";"100037685";"1";"1";"1";"1";"1";"0";"0";"20260715";"20301231";
"5100565573";"100037950";"0";"0";"0";"0";"0";"1";"1";"20260718";"20301231";
"5100565574";"100037930";"1";"1";"1";"1";"1";"0";"0";"20260718";"20301231";
"5100565575";"100037678";"0";"0";"0";"0";"0";"1";"1";"20260715";"20301231";
"5100565576";"100037999";"0";"0";"0";"0";"0";"1";"1";"20260718";"20301231";
"5100565577";"100037672";"0";"0";"0";"0";"0";"1";"1";"20260713";"20301231";
"5100565579";"100037548";"0";"0";"0";"0";"0";"1";"1";"20260711";"20301231";
"5100565580";"100037669";"0";"0";"0";"0";"0";"1";"1";"20260713";"20301231";
"5100565581";"100037823";"1";"1";"1";"1";"1";"0";"0";"20260718";"20301231";
"5100565582";"100037853";"1";"1";"1";"1";"1";"0";"0";"20260718";"20301231";
"5100565583";"100037842";"0";"0";"0";"0";"0";"1";"1";"20260718";"20301231";
"5100565584";"100037650";"0";"0";"0";"0";"0";"1";"1";"20260713";"20301231";
"5100565586";"100037875";"0";"0";"0";"0";"0";"1";"1";"20260718";"20301231";
"5100565588";"100037703";"1";"1";"1";"1";"1";"0";"0";"20260715";"20301231";
"5100565589";"100037883";"0";"0";"0";"0";"0";"1";"1";"20260718";"20301231";
"5100565590";"100037782";"0";"0";"0";"0";"0";"1";"1";"20260717";"20301231";
"5100565591";"100037640";"0";"0";"0";"0";"0";"1";"1";"20260713";"20301231";
"5100565592";"100037994";"0";"0";"0";"0";"0";"1";"1";"20260718";"20301231";
"5100565593";"100037784";"1";"1";"1";"1";"1";"0";"0";"20260717";"20301231";
"5100565594";"100037776";"0";"0";"0";"0";"0";"1";"1";"20260717";"20301231";
"5100565596";"100037976";"0";"0";"0";"0";"0";"1";"1";"20260718";"20301231";
"5100565598";"100038061";"1";"1";"1";"1";"1";"0";"0";"20260718";"20301231";
"5100565599";"100037746";"1";"1";"1";"1";"1";"0";"0";"20260716";"20301231";
"5100565600";"100037729";"0";"0";"0";"0";"0";"1";"1";"20260715";"20301231";
"5100565602";"100037504";"0";"0";"0";"0";"0";"1";"1";"20260711";"20301231";
"5100565604";"100037629";"1";"1";"1";"1";"1";"0";"0";"20260713";"20301231";
"5100565605";"100037654";"0";"0";"0";"0";"0";"1";"1";"20260713";"20301231";
"5100565606";"100037904";"0";"0";"0";"0";"0";"1";"1";"20260718";"20301231";
"5100565607";"100038068";"1";"1";"1";"1";"1";"0";"0";"20260718";"20301231";
"5100565608";"100037684";"1";"1";"1";"1";"1";"0";"0";"20260715";"20301231";
"5100565609";"100037660";"0";"0";"0";"0";"0";"1";"1";"20260713";"20301231";
"5100565610";"100037965";"1";"1";"1";"1";"1";"0";"0";"20260718";"20301231";
"5106679187";"3181033";"0";"0";"0";"0";"0";"1";"1";"20260802";"20260807";
"5106679188";"3180858";"0";"0";"0";"0";"0";"1";"1";"20260801";"20301231";
"5106679189";"3180982";"0";"0";"0";"0";"0";"1";"1";"20260801";"20301231";
"5106679190";"3180772";"1";"1";"1";"1";"1";"0";"0";"20260731";"20301231";
"5106679192";"3180896";"1";"1";"1";"1";"1";"0";"0";"20260731";"20301231";
"5106679217";"100038102";"1";"1";"1";"1";"1";"0";"0";"20260722";"20301231";
"5106679218";"100038099";"0";"0";"0";"0";"0";"1";"1";"20260722";"20301231";
"5106679219";"100038393";"1";"1";"1";"1";"1";"0";"0";"20260801";"20301231";
"5106679220";"100038153";"0";"0";"0";"0";"0";"1";"1";"20260725";"20301231";
"5106679221";"100038299";"0";"0";"0";"0";"0";"1";"1";"20260727";"20301231";
"5106679222";"100038487";"0";"0";"0";"0";"0";"1";"1";"20260801";"20301231";
"5106679223";"100038347";"0";"0";"0";"0";"0";"1";"1";"20260801";"20301231";
"5106679224";"100038648";"0";"0";"0";"0";"0";"1";"1";"20260801";"20301231";
"5106679225";"100038420";"1";"1";"1";"1";"1";"0";"0";"20260801";"20301231";
"5106679226";"100038670";"1";"1";"1";"1";"1";"0";"0";"20260801";"20301231";
"5106679227";"100038139";"1";"1";"1";"1";"1";"0";"0";"20260725";"20301231";
"5106679228";"100038245";"1";"1";"1";"1";"1";"0";"0";"20260725";"20301231";
"5106679229";"100038154";"1";"1";"1";"1";"1";"0";"0";"20260725";"20301231";
"5106679230";"100038398";"0";"0";"0";"0";"0";"1";"1";"20260801";"20301231";
"5106679231";"100038177";"0";"0";"0";"0";"0";"1";"1";"20260725";"20301231";
"5106679232";"100038673";"1";"1";"1";"1";"1";"0";"0";"20260801";"20301231";
"5106679233";"100038349";"1";"1";"1";"1";"1";"0";"0";"20260801";"20301231";
"5106679234";"100038421";"0";"0";"0";"0";"0";"1";"1";"20260801";"20301231";
"5106679235";"100038218";"1";"1";"1";"1";"1";"0";"0";"20260725";"20301231";
"5106679236";"100038397";"1";"1";"1";"1";"1";"0";"0";"20260801";"20301231";
"5106679237";"100038722";"1";"1";"1";"1";"1";"0";"0";"20260805";"20301231";
"5106679238";"100038159";"1";"1";"1";"1";"1";"0";"0";"20260725";"20301231";
"5106679239";"100038684";"0";"0";"0";"0";"0";"1";"1";"20260802";"20301231";
"5106679240";"100038491";"0";"0";"0";"0";"0";"1";"1";"20260801";"20301231";
"5106679241";"100038215";"1";"1";"1";"1";"1";"0";"0";"20260725";"20301231";
"5106679242";"100038504";"0";"0";"0";"0";"0";"1";"1";"20260801";"20301231";
"5106679243";"100038667";"1";"1";"1";"1";"1";"0";"0";"20260801";"20301231";
"5106679244";"100038221";"0";"0";"0";"0";"0";"1";"1";"20260725";"20301231";
"5106679245";"100038223";"0";"0";"0";"0";"0";"1";"1";"20260725";"20301231";
"5106679246";"100038403";"1";"1";"1";"1";"1";"0";"0";"20260801";"20301231";
"5106679247";"100038509";"0";"0";"0";"0";"0";"1";"1";"20260801";"20301231";
"5106679248";"100038138";"1";"1";"1";"1";"1";"0";"0";"20260725";"20301231";
"5106679249";"100038652";"0";"0";"0";"0";"0";"1";"1";"20260801";"20301231";
"5106679250";"100038129";"0";"0";"0";"0";"0";"1";"1";"20260725";"20301231";
"5106679251";"100038216";"0";"0";"0";"0";"0";"1";"1";"20260725";"20301231";
"5106679252";"100038410";"1";"1";"1";"1";"1";"0";"0";"20260801";"20301231";
"5106679253";"100038508";"1";"1";"1";"1";"1";"0";"0";"20260801";"20301231";
"5106679254";"100038392";"0";"0";"0";"0";"0";"1";"1";"20260801";"20301231";
"5106679255";"100038096";"1";"1";"1";"1";"1";"0";"0";"20260722";"20301231";
"5106679257";"100038300";"0";"0";"0";"0";"0";"1";"1";"20260725";"20301231";
"5106679258";"100038203";"1";"1";"1";"1";"1";"0";"0";"20260725";"20301231";
"5106679259";"100038468";"0";"0";"0";"0";"0";"1";"1";"20260801";"20301231";
"5106679260";"100038149";"1";"1";"1";"1";"1";"0";"0";"20260725";"20301231";
"5106679261";"100038346";"0";"0";"0";"0";"0";"1";"1";"20260801";"20301231";
"5106679262";"100038511";"0";"0";"0";"0";"0";"1";"1";"20260801";"20301231";
"5106679263";"100038647";"0";"0";"0";"0";"0";"1";"1";"20260801";"20301231";
"5106679264";"100038408";"0";"0";"0";"0";"0";"1";"1";"20260801";"20301231";
"5106679265";"100038205";"0";"0";"0";"0";"0";"1";"1";"20260725";"20301231";
"5106679266";"100038653";"1";"1";"1";"1";"1";"0";"0";"20260801";"20301231";
"5106679267";"100038665";"1";"1";"1";"1";"1";"0";"0";"20260801";"20301231";
"5106679268";"100038348";"1";"1";"1";"1";"1";"0";"0";"20260801";"20301231";
"5106679269";"100038407";"0";"0";"0";"0";"0";"1";"1";"20260801";"20301231";
"5106679270";"100038496";"0";"0";"0";"0";"0";"1";"1";"20260801";"20301231";
"5106679271";"100038105";"0";"0";"0";"0";"0";"1";"1";"20260723";"20301231";
"5106679272";"100038632";"0";"0";"0";"0";"0";"1";"1";"20260801";"20301231";
"5106679273";"100038602";"1";"1";"1";"1";"1";"0";"0";"20260801";"20301231";
"5106679274";"100038192";"1";"1";"1";"1";"1";"0";"0";"20260725";"20301231";
"5106679275";"100038637";"0";"0";"0";"0";"0";"1";"1";"20260801";"20301231";
"5106679276";"100038178";"0";"0";"0";"0";"0";"1";"1";"20260725";"20301231";
"5106679277";"100038742";"0";"0";"0";"0";"0";"1";"1";"20260806";"20301231";
"5106679278";"100038723";"1";"1";"1";"1";"1";"0";"0";"20260805";"20301231";
"5106679279";"100038624";"1";"1";"1";"1";"1";"0";"0";"20260801";"20301231";
"5106679280";"100038344";"0";"0";"0";"0";"0";"1";"1";"20260801";"20301231";
"5106679281";"100038118";"1";"1";"1";"1";"1";"0";"0";"20260724";"20301231";
"5106679282";"100038506";"0";"0";"0";"0";"0";"1";"1";"20260801";"20301231";
"5106679283";"100038725";"1";"1";"1";"1";"1";"0";"0";"20260805";"20301231";
"5106679284";"100038593";"0";"0";"0";"0";"0";"1";"1";"20260801";"20301231";
"5106679285";"100038368";"0";"0";"0";"0";"0";"1";"1";"20260801";"20301231";
"5106679286";"100038141";"1";"1";"1";"1";"1";"0";"0";"20260725";"20301231";
"5106679287";"100038170";"1";"1";"1";"1";"1";"0";"0";"20260725";"20301231";
"5106679288";"100038729";"1";"1";"1";"1";"1";"0";"0";"20260805";"20301231";
"5106679289";"100038358";"0";"0";"0";"0";"0";"1";"1";"20260801";"20301231";
"5106679290";"100038363";"1";"1";"1";"1";"1";"0";"0";"20260801";"20301231";
"5106679291";"100038633";"0";"0";"0";"0";"0";"1";"1";"20260801";"20301231";
"5106679292";"100038201";"1";"1";"1";"1";"1";"0";"0";"20260725";"20301231";
"5106679293";"100038513";"0";"0";"0";"0";"0";"1";"1";"20260801";"20301231";
"5106679294";"100038644";"0";"0";"0";"0";"0";"1";"1";"20260801";"20301231";
"5106679295";"100038168";"1";"1";"1";"1";"1";"0";"0";"20260725";"20301231";
"5106679296";"100038413";"0";"0";"0";"0";"0";"1";"1";"20260801";"20301231";
"5106679297";"100038560";"0";"0";"0";"0";"0";"1";"1";"20260801";"20301231";
"5106679298";"100038182";"0";"0";"0";"0";"0";"1";"1";"20260725";"20301231";
"5106679299";"100038550";"1";"1";"1";"1";"1";"0";"0";"20260801";"20301231";
"5106679300";"100038621";"0";"0";"0";"0";"0";"1";"1";"20260801";"20301231";
"5106679301";"100038470";"1";"1";"1";"1";"1";"0";"0";"20260801";"20301231";
"5106679302";"100038573";"0";"0";"0";"0";"0";"1";"1";"20260801";"20301231";
"5106679303";"100038445";"0";"0";"0";"0";"0";"1";"1";"20260801";"20301231";
"5106679304";"100038620";"1";"1";"1";"1";"1";"0";"0";"20260801";"20301231";
"5106679305";"100038294";"1";"1";"1";"1";"1";"0";"0";"20260727";"20301231";
"5106679306";"100038730";"0";"0";"0";"0";"0";"1";"1";"20260805";"20301231";
"5106679308";"100038733";"1";"1";"1";"1";"1";"0";"0";"20260806";"20301231";
"5106679309";"100038594";"0";"0";"0";"0";"0";"1";"1";"20260801";"20301231";
"5106679311";"100038515";"0";"0";"0";"0";"0";"1";"1";"20260801";"20301231";
"5106679312";"100038373";"1";"1";"1";"1";"1";"0";"0";"20260801";"20301231";
"5106679313";"100038595";"0";"0";"0";"0";"0";"1";"1";"20260801";"20301231";
"5106679316";"100038641";"1";"1";"1";"1";"1";"0";"0";"20260801";"20301231";
"5106679317";"100038374";"0";"0";"0";"0";"0";"1";"1";"20260801";"20301231";
"5106679318";"100038434";"0";"0";"0";"0";"0";"1";"1";"20260801";"20301231";
"5106679319";"100038255";"0";"0";"0";"0";"0";"1";"1";"20260725";"20301231";
"5106679320";"100038578";"0";"0";"0";"0";"0";"1";"1";"20260801";"20301231";
"5106679321";"100038539";"1";"1";"1";"1";"1";"0";"0";"20260801";"20301231";
"5106679322";"100038708";"0";"0";"0";"0";"0";"1";"1";"20260804";"20301231";
"5106679323";"100038480";"1";"1";"1";"1";"1";"0";"0";"20260801";"20301231";
"5106679327";"100038519";"0";"0";"0";"0";"0";"1";"1";"20260801";"20301231";
"5106679328";"100038585";"0";"0";"0";"0";"0";"1";"1";"20260801";"20301231";
"5106679329";"100038357";"1";"1";"1";"1";"1";"0";"0";"20260801";"20301231";
"5106679332";"100038301";"1";"1";"1";"1";"1";"0";"0";"20260725";"20301231";
"5106679333";"100038369";"1";"1";"1";"1";"1";"0";"0";"20260801";"20301231";
"5106679335";"100038412";"1";"1";"1";"1";"1";"0";"0";"20260801";"20301231";
"5106679336";"100038559";"1";"1";"1";"1";"1";"0";"0";"20260801";"20301231";
"5106679337";"100038481";"1";"1";"1";"1";"1";"0";"0";"20260801";"20301231";
"5106679338";"100038645";"0";"0";"0";"0";"0";"1";"1";"20260801";"20301231";
"5106679339";"100038518";"1";"1";"1";"1";"1";"0";"0";"20260801";"20301231";
"5106679340";"100038250";"0";"0";"0";"0";"0";"1";"1";"20260725";"20301231";
"5106679341";"100038534";"0";"0";"0";"0";"0";"1";"1";"20260801";"20301231";
"5106679342";"100038113";"0";"0";"0";"0";"0";"1";"1";"20260723";"20301231";
"5106679343";"100038128";"1";"1";"1";"1";"1";"0";"0";"20260725";"20301231";
"5106679344";"100038570";"1";"1";"1";"1";"1";"0";"0";"20260801";"20301231";
"5106679345";"100038187";"1";"1";"1";"1";"1";"0";"0";"20260725";"20301231";
"5106679346";"100038542";"1";"1";"1";"1";"1";"0";"0";"20260801";"20301231";
"5106679347";"100038108";"0";"0";"0";"0";"0";"1";"1";"20260723";"20301231";
"5106679348";"100038112";"1";"1";"1";"1";"1";"0";"0";"20260723";"20301231";
"5106679349";"100038438";"0";"0";"0";"0";"0";"1";"1";"20260801";"20301231";
"5106679350";"100038263";"0";"0";"0";"0";"0";"1";"1";"20260725";"20301231";
"5106679351";"100038304";"1";"1";"1";"1";"1";"0";"0";"20260730";"20301231";
"5106679352";"100038429";"0";"0";"0";"0";"0";"1";"1";"20260801";"20301231";
"5106679353";"100038482";"0";"0";"0";"0";"0";"1";"1";"20260801";"20301231";
"5106679354";"100038237";"0";"0";"0";"0";"0";"1";"1";"20260725";"20301231";
"5106679355";"100038296";"1";"1";"1";"1";"1";"0";"0";"20260727";"20301231";
"5106679356";"100038144";"0";"0";"0";"0";"0";"1";"1";"20260725";"20301231";
"5106679357";"100038486";"1";"1";"1";"1";"1";"0";"0";"20260801";"20301231";
"5106679358";"100038562";"1";"1";"1";"1";"1";"0";"0";"20260801";"20301231";
"5106679359";"100038312";"1";"1";"1";"1";"1";"0";"0";"20260801";"20301231";
"5106679360";"100038646";"0";"0";"0";"0";"0";"1";"1";"20260801";"20301231";
"5106679361";"100038332";"1";"1";"1";"1";"1";"0";"0";"20260801";"20301231";
"5106679362";"100038483";"0";"0";"0";"0";"0";"1";"1";"20260801";"20301231";
"5106679363";"100038635";"1";"1";"1";"1";"1";"0";"0";"20260801";"20301231";
"5106679364";"100038375";"1";"1";"1";"1";"1";"0";"0";"20260801";"20301231";
"5106679365";"100038143";"0";"0";"0";"0";"0";"1";"1";"20260725";"20301231";
"5106679366";"100038427";"1";"1";"1";"1";"1";"0";"0";"20260801";"20301231";
"5106679367";"100038658";"1";"1";"1";"1";"1";"0";"0";"20260801";"20301231";
"5106679368";"100038236";"0";"0";"0";"0";"0";"1";"1";"20260725";"20301231";
"5106679369";"100038657";"0";"0";"0";"0";"0";"1";"1";"20260801";"20301231";
"5106679370";"100038238";"1";"1";"1";"1";"1";"0";"0";"20260725";"20301231";
"5106679371";"100038717";"0";"0";"0";"0";"0";"1";"1";"20260805";"20301231";
"5106679372";"100038435";"1";"1";"1";"1";"1";"0";"0";"20260801";"20301231";
"5106679373";"100038543";"0";"0";"0";"0";"0";"1";"1";"20260801";"20301231";
"5106679374";"100038180";"1";"1";"1";"1";"1";"0";"0";"20260725";"20301231";
"5106679375";"100038313";"0";"0";"0";"0";"0";"1";"1";"20260801";"20301231";
"5106679376";"100038233";"0";"0";"0";"0";"0";"1";"1";"20260725";"20301231";
"5106679377";"100038247";"0";"0";"0";"0";"0";"1";"1";"20260725";"20301231";
"5106679378";"100038307";"1";"1";"1";"1";"1";"0";"0";"20260731";"20301231";
"5106679379";"100038268";"1";"1";"1";"1";"1";"0";"0";"20260725";"20301231";
"5106679380";"100038662";"1";"1";"1";"1";"1";"0";"0";"20260801";"20301231";
"5106679381";"100038446";"0";"0";"0";"0";"0";"1";"1";"20260801";"20301231";
"5106679382";"100038416";"1";"1";"1";"1";"1";"0";"0";"20260801";"20301231";
"5106679383";"100038598";"1";"1";"1";"1";"1";"0";"0";"20260801";"20301231";
"5106679384";"100038324";"0";"0";"0";"0";"0";"1";"1";"20260801";"20301231";
"5106679385";"100038339";"0";"0";"0";"0";"0";"1";"1";"20260801";"20301231";
"5106679386";"100038184";"0";"0";"0";"0";"0";"1";"1";"20260725";"20301231";
"5106679387";"100038366";"1";"1";"1";"1";"1";"0";"0";"20260801";"20301231";
"5106679388";"100038362";"0";"0";"0";"0";"0";"1";"1";"20260801";"20301231";
"5106679389";"100038568";"1";"1";"1";"1";"1";"0";"0";"20260801";"20301231";
"5106679390";"100038406";"0";"0";"0";"0";"0";"1";"1";"20260801";"20301231";
"5106679391";"100038441";"1";"1";"1";"1";"1";"0";"0";"20260801";"20301231";
"5106679392";"100038359";"1";"1";"1";"1";"1";"0";"0";"20260801";"20301231";
"5106679393";"100038630";"1";"1";"1";"1";"1";"0";"0";"20260801";"20301231";
"5106679394";"100038249";"1";"1";"1";"1";"1";"0";"0";"20260725";"20301231";
"5106679395";"100038148";"1";"1";"1";"1";"1";"0";"0";"20260725";"20301231";
"5106679396";"100038525";"0";"0";"0";"0";"0";"1";"1";"20260801";"20301231";
"5106679397";"100038597";"0";"0";"0";"0";"0";"1";"1";"20260801";"20301231";
"5106679398";"100038626";"1";"1";"1";"1";"1";"0";"0";"20260801";"20301231";
"5106679399";"100038615";"0";"0";"0";"0";"0";"1";"1";"20260801";"20301231";
"5106679400";"100038629";"0";"0";"0";"0";"0";"1";"1";"20260801";"20301231";
"5106679401";"100038587";"1";"1";"1";"1";"1";"0";"0";"20260801";"20301231";
"5106679402";"100038230";"0";"0";"0";"0";"0";"1";"1";"20260725";"20301231";
"5106679403";"100038601";"1";"1";"1";"1";"1";"0";"0";"20260801";"20301231";
"5106679404";"100038654";"1";"1";"1";"1";"1";"0";"0";"20260801";"20301231";
"5106679405";"100038523";"1";"1";"1";"1";"1";"0";"0";"20260801";"20301231";
"5106679406";"100038488";"1";"1";"1";"1";"1";"0";"0";"20260801";"20301231";
"5106679407";"100038494";"1";"1";"1";"1";"1";"0";"0";"20260801";"20301231";
"5106679408";"100038502";"0";"0";"0";"0";"0";"1";"1";"20260801";"20301231";
"5106679409";"100038544";"0";"0";"0";"0";"0";"1";"1";"20260801";"20301231";
"5106679410";"100038342";"1";"1";"1";"1";"1";"0";"0";"20260801";"20301231";
"5106679411";"100038567";"1";"1";"1";"1";"1";"0";"0";"20260801";"20301231";
"5106679412";"100038530";"1";"1";"1";"1";"1";"0";"0";"20260801";"20301231";
"5106679413";"100038444";"1";"1";"1";"1";"1";"0";"0";"20260801";"20301231";
"5106679414";"100038430";"1";"1";"1";"1";"1";"0";"0";"20260801";"20301231";
"5106679415";"100038325";"1";"1";"1";"1";"1";"0";"0";"20260801";"20301231";
"5106679416";"100038457";"0";"0";"0";"0";"0";"1";"1";"20260801";"20301231";
"5106679417";"100038452";"1";"1";"1";"1";"1";"0";"0";"20260801";"20301231";
"5106679418";"100038415";"0";"0";"0";"0";"0";"1";"1";"20260801";"20301231";
"5106679419";"100038467";"0";"0";"0";"0";"0";"1";"1";"20260801";"20301231";
"5106679420";"100038212";"0";"0";"0";"0";"0";"1";"1";"20260725";"20301231";
"5106679421";"100038147";"0";"0";"0";"0";"0";"1";"1";"20260725";"20301231";
"5106679422";"100038260";"0";"0";"0";"0";"0";"1";"1";"20260725";"20301231";
"5106679423";"100038466";"1";"1";"1";"1";"1";"0";"0";"20260801";"20301231";
"5106679424";"100038580";"0";"0";"0";"0";"0";"1";"1";"20260801";"20301231";
"5106679425";"100038616";"0";"0";"0";"0";"0";"1";"1";"20260801";"20301231";
"5106679426";"100038166";"0";"0";"0";"0";"0";"1";"1";"20260725";"20301231";
"5106679427";"100038293";"0";"0";"0";"0";"0";"1";"1";"20260727";"20301231";
"5106679428";"100038456";"1";"1";"1";"1";"1";"0";"0";"20260801";"20301231";
"5106679429";"100038612";"0";"0";"0";"0";"0";"1";"1";"20260801";"20301231";
"5106679430";"100038607";"1";"1";"1";"1";"1";"0";"0";"20260801";"20301231";
"5106679431";"100038210";"1";"1";"1";"1";"1";"0";"0";"20260725";"20301231";
"5106679432";"100038117";"1";"1";"1";"1";"1";"0";"0";"20260724";"20301231";
"5106679433";"100038532";"1";"1";"1";"1";"1";"0";"0";"20260801";"20301231";
"5106679434";"100038288";"1";"1";"1";"1";"1";"0";"0";"20260727";"20301231";
"5106679435";"100038109";"1";"1";"1";"1";"1";"0";"0";"20260723";"20301231";
"5106679436";"100038704";"0";"0";"0";"0";"0";"1";"1";"20260804";"20301231";
"5106679437";"100038492";"1";"1";"1";"1";"1";"0";"0";"20260801";"20301231";
"5106679438";"100038689";"0";"0";"0";"0";"0";"1";"1";"20260802";"20301231";
"5106679439";"100038273";"1";"1";"1";"1";"1";"0";"0";"20260725";"20301231";
"5106679440";"100038584";"1";"1";"1";"1";"1";"0";"0";"20260801";"20301231";
"5106679441";"100038674";"0";"0";"0";"0";"0";"1";"1";"20260801";"20301231";
"5106679442";"100038271";"1";"1";"1";"1";"1";"0";"0";"20260725";"20301231";
"5106679443";"100038501";"1";"1";"1";"1";"1";"0";"0";"20260801";"20301231";
"5106679444";"100038098";"1";"1";"1";"1";"1";"0";"0";"20260722";"20301231";
"5106679445";"100038275";"1";"1";"1";"1";"1";"0";"0";"20260725";"20301231";
"5106679446";"100038193";"1";"1";"1";"1";"1";"0";"0";"20260725";"20301231";
"5106679447";"100038341";"1";"1";"1";"1";"1";"0";"0";"20260801";"20301231";
"5106679448";"100038610";"1";"1";"1";"1";"1";"0";"0";"20260801";"20301231";
"5106679449";"100038499";"1";"1";"1";"1";"1";"0";"0";"20260801";"20301231";
"5106679450";"100038199";"0";"0";"0";"0";"0";"1";"1";"20260725";"20301231";
"5106679451";"100038682";"0";"0";"0";"0";"0";"1";"1";"20260802";"20301231";
"5106679452";"100038604";"1";"1";"1";"1";"1";"0";"0";"20260801";"20301231";
"5106679453";"100038253";"1";"1";"1";"1";"1";"0";"0";"20260725";"20301231";
"5106679454";"100038145";"0";"0";"0";"0";"0";"1";"1";"20260725";"20301231";
"5106679455";"100038522";"0";"0";"0";"0";"0";"1";"1";"20260801";"20301231";
"5106679456";"100038380";"1";"1";"1";"1";"1";"0";"0";"20260801";"20301231";
"5106679457";"100038642";"0";"0";"0";"0";"0";"1";"1";"20260801";"20301231";
"5106679458";"100038453";"0";"0";"0";"0";"0";"1";"1";"20260801";"20301231";
"5106679459";"100038195";"0";"0";"0";"0";"0";"1";"1";"20260725";"20301231";
"5106679460";"100038463";"0";"0";"0";"0";"0";"1";"1";"20260801";"20301231";
"5106679461";"100038702";"1";"1";"1";"1";"1";"0";"0";"20260804";"20301231";
"5106679462";"100038194";"0";"0";"0";"0";"0";"1";"1";"20260725";"20301231";
"5106679463";"100038691";"0";"0";"0";"0";"0";"1";"1";"20260802";"20301231";
"5106679464";"100038538";"1";"1";"1";"1";"1";"0";"0";"20260801";"20301231";
"5106679465";"100038707";"1";"1";"1";"1";"1";"0";"0";"20260804";"20301231";
"5106679466";"100038462";"1";"1";"1";"1";"1";"0";"0";"20260801";"20301231";
"5106679467";"100038379";"0";"0";"0";"0";"0";"1";"1";"20260801";"20301231";
"5106679468";"100038557";"0";"0";"0";"0";"0";"1";"1";"20260801";"20301231";
"5106679469";"100038734";"0";"0";"0";"0";"0";"1";"1";"20260806";"20301231";
"5106679470";"100038608";"1";"1";"1";"1";"1";"0";"0";"20260801";"20301231";
"5106679471";"100038554";"1";"1";"1";"1";"1";"0";"0";"20260801";"20301231";
"5106679472";"100038577";"0";"0";"0";"0";"0";"1";"1";"20260801";"20301231";
"5106679473";"100038227";"0";"0";"0";"0";"0";"1";"1";"20260725";"20301231";
"5106679474";"100038107";"1";"1";"1";"1";"1";"0";"0";"20260723";"20301231";
"5106679475";"100038546";"0";"0";"0";"0";"0";"1";"1";"20260801";"20301231";
"5106679476";"100038405";"1";"1";"1";"1";"1";"0";"0";"20260801";"20301231";
"5106679477";"100038703";"0";"0";"0";"0";"0";"1";"1";"20260804";"20301231";
"5106679478";"100038277";"0";"0";"0";"0";"0";"1";"1";"20260726";"20301231";
"5106679479";"100038718";"1";"1";"1";"1";"1";"0";"0";"20260805";"20301231";
"5106679480";"100038225";"0";"0";"0";"0";"0";"1";"1";"20260725";"20301231";
"5106679481";"100038623";"0";"0";"0";"0";"0";"1";"1";"20260801";"20301231";
"5106679482";"100038424";"0";"0";"0";"0";"0";"1";"1";"20260801";"20301231";
"5106679483";"100038686";"0";"0";"0";"0";"0";"1";"1";"20260802";"20301231";
"5106679484";"100038548";"0";"0";"0";"0";"0";"1";"1";"20260801";"20301231";
"5106679485";"100038425";"1";"1";"1";"1";"1";"0";"0";"20260801";"20301231";
"5106679486";"100038384";"1";"1";"1";"1";"1";"0";"0";"20260801";"20301231";
"5106679487";"100038553";"1";"1";"1";"1";"1";"0";"0";"20260801";"20301231";
"5106679488";"100038575";"0";"0";"0";"0";"0";"1";"1";"20260801";"20301231";
"5106679489";"100038447";"1";"1";"1";"1";"1";"0";"0";"20260801";"20301231";
"5106679490";"100038741";"1";"1";"1";"1";"1";"0";"0";"20260806";"20301231";
"5106679491";"100038242";"0";"0";"0";"0";"0";"1";"1";"20260725";"20301231";
"5106679492";"100038114";"0";"0";"0";"0";"0";"1";"1";"20260724";"20301231";
"5106679493";"100038404";"1";"1";"1";"1";"1";"0";"0";"20260801";"20301231";
"5106679494";"100038383";"0";"0";"0";"0";"0";"1";"1";"20260801";"20301231";
"5106679495";"100038229";"0";"0";"0";"0";"0";"1";"1";"20260725";"20301231";
"5106679496";"100038565";"1";"1";"1";"1";"1";"0";"0";"20260801";"20301231";
"5106679497";"100038106";"1";"1";"1";"1";"1";"0";"0";"20260723";"20301231";
"5106679498";"100038234";"0";"0";"0";"0";"0";"1";"1";"20260725";"20301231";
"5106679499";"100038643";"0";"0";"0";"0";"0";"1";"1";"20260801";"20301231";
